[1,["40SGmYfo1NDrDAg96nh1ny","2flZPo97RMYarEr5JWY3iL","3enywssMlOMLLU9r4PQFgN","71PxHzybJIgrNzZxyURap0","82rbcw431I0pi352SplFkC","03WYot/n9PfY0AWGn6PI6q","6dJ1KSjzBJNIpFUrNIlS7k","67rYeR7HtAXY0ioncVmQMr","714OXoePVHfIhdsEeF/UYJ","f6EWcsMRxCobLqji9/jKLo","18I59KkYVIn45bh8oxS1HX","78QOah7KBKr4CF9NHD8E21","dcb5lVrItKRYcabNzrDTLt","a3GvkwD+hLlpNDMrFTdit7","a9CwxRDNJFX4pU4BLq5XZq","6fIP/GcqlNRqMehwxLh3Oq","e9EwqIEZxLsKXcFErBv2pb","11EqOy23tCMoW3jWudF/do","10vTSw7p9DB4z+BCJVYLJS","73LsghKnFGs510wJ83Lx/2","e4a4/P3hBGupZv9XJNySOg","31x5qovA1HrI7NG27S7Vzw","4a5s4HA3ZHCJTCdosNn1M+","aacCEq1TxLD7x+alMq/EE4","dbuUw37yhIf6O4tsdWQTZq","30RI80KYdCe6gqw28h15jY","d9xW+WITNG+64q2u0Q/Mkt","f31TZI/0lB6LmsFfUUrbg/","40nEW+uYBCLLqImkw23gZJ","6cYCLu/1xJA6OC0SWm8BYd","f27cZq8ENAaaQqyn4xo6+5","12rvpKFzpAgLE8hcSnUrxh","99hKhDmTVOOLblZxKUv6zR","eaMnw0Ey1HIIjHi+1oFqJ/","3bpwIaasJNKLs1YG8C3VJ4","6ejEfgyYVHHJWOgLdixxzM","07x/5irSVO6aRwBehExEP5","f4kp74eFpI0YPzISpTH2gB","9dsP3S6jlEm72rpexnCHA9","0bPcRO1hZDXJFCMHYU4gGq","f0BPZ2Y35EcJHEFpXBSVOb","d6PjI6RDlKRr74zFovNqxk","8bwmSy25BHLaQSKECiRizc","05X/7ADhlN4pK2UDHeNOr1","f4QdX+8OpCBoNsanmAUF0f","42NxK8YgBMq5U/DGQ57HQK","24V9sofWlHjYeffIv9uyzB","b4HS1TEY1Ezay+FQVqI3Ud","7d7X88WmlO+rUJ9klxNmkB","7cZKrjJDxDzYIoCGvir69c"],["_textureSetter","value"],["cc.SpriteFrame",["cc.AnimationClip",["_name","_duration","sample","wrapMode","curveData"],-1,11]],[[1,0,1,2,3,4,5]],[[[{"name":"ui_vfx_f_add_11","rect":[0,0,280,98],"offset":[0,0],"originalSize":[280,98],"capInsets":[0,0,0,0]}],[0],0,[0],[0],[0]],[[{"name":"ui_vfx_f_add_10","rect":[0,0,280,98],"offset":[0,0],"originalSize":[280,98],"capInsets":[0,0,0,0]}],[0],0,[0],[0],[1]],[[{"name":"ui_vfx_f_add_24","rect":[0,0,280,98],"offset":[0,0],"originalSize":[280,98],"capInsets":[0,0,0,0]}],[0],0,[0],[0],[2]],[[{"name":"ui_vfx_f_add_02","rect":[0,0,280,98],"offset":[0,0],"originalSize":[280,98],"capInsets":[0,0,0,0]}],[0],0,[0],[0],[3]],[[{"name":"ui_vfx_f_add_18","rect":[0,0,280,98],"offset":[0,0],"originalSize":[280,98],"capInsets":[0,0,0,0]}],[0],0,[0],[0],[4]],[[{"name":"ui_vfx_f_add_14","rect":[0,0,280,98],"offset":[0,0],"originalSize":[280,98],"capInsets":[0,0,0,0]}],[0],0,[0],[0],[5]],[[{"name":"ui_vfx_f_add_21","rect":[0,0,280,98],"offset":[0,0],"originalSize":[280,98],"capInsets":[0,0,0,0]}],[0],0,[0],[0],[6]],[[{"name":"ui_vfx_f_add_15","rect":[0,0,280,98],"offset":[0,0],"originalSize":[280,98],"capInsets":[0,0,0,0]}],[0],0,[0],[0],[7]],[[[0,"LineBkg",1.6666666666666667,15,2,[{},"comps",11,[{},"cc.Sprite",11,[{},"spriteFrame",12,[[[{"frame":0},"value",6,0],[{"frame":0.06666666666666667},"value",6,1],[{"frame":0.13333333333333333},"value",6,2],[{"frame":0.2},"value",6,3],[{"frame":0.26666666666666666},"value",6,4],[{"frame":0.3333333333333333},"value",6,5],[{"frame":0.4},"value",6,6],[{"frame":0.4666666666666667},"value",6,7],[{"frame":0.5333333333333333},"value",6,8],[{"frame":0.6},"value",6,9],[{"frame":0.6666666666666666},"value",6,10],[{"frame":0.7333333333333333},"value",6,11],[{"frame":0.8},"value",6,12],[{"frame":0.8666666666666667},"value",6,13],[{"frame":0.9333333333333333},"value",6,14],[{"frame":1},"value",6,15],[{"frame":1.0666666666666667},"value",6,16],[{"frame":1.1333333333333333},"value",6,17],[{"frame":1.2},"value",6,18],[{"frame":1.2666666666666666},"value",6,19],[{"frame":1.3333333333333333},"value",6,20],[{"frame":1.4},"value",6,21],[{"frame":1.4666666666666666},"value",6,22],[{"frame":1.5333333333333334},"value",6,23],[{"frame":1.6},"value",6,24]],11,11,11,11,11,11,11,11,11,11,11,11,11,11,11,11,11,11,11,11,11,11,11,11,11]]]]]],0,0,[0,0,0,0,0,0,0,0,0,0,0,0,0,0,0,0,0,0,0,0,0,0,0,0,0],[1,1,1,1,1,1,1,1,1,1,1,1,1,1,1,1,1,1,1,1,1,1,1,1,1],[8,9,10,11,12,13,14,15,16,17,18,19,20,21,22,23,24,25,26,27,28,29,30,31,32]],[[{"name":"ui_vfx_f_add_22","rect":[0,0,280,98],"offset":[0,0],"originalSize":[280,98],"capInsets":[0,0,0,0]}],[0],0,[0],[0],[33]],[[{"name":"ui_vfx_f_add_08","rect":[0,0,280,98],"offset":[0,0],"originalSize":[280,98],"capInsets":[0,0,0,0]}],[0],0,[0],[0],[34]],[[{"name":"ui_vfx_f_add_00","rect":[0,0,280,98],"offset":[0,0],"originalSize":[280,98],"capInsets":[0,0,0,0]}],[0],0,[0],[0],[35]],[[{"name":"ui_vfx_f_add_12","rect":[0,0,280,98],"offset":[0,0],"originalSize":[280,98],"capInsets":[0,0,0,0]}],[0],0,[0],[0],[36]],[[{"name":"ui_vfx_f_add_03","rect":[0,0,280,98],"offset":[0,0],"originalSize":[280,98],"capInsets":[0,0,0,0]}],[0],0,[0],[0],[37]],[[{"name":"ui_vfx_f_add_25","rect":[0,0,280,98],"offset":[0,0],"originalSize":[280,98],"capInsets":[0,0,0,0]}],[0],0,[0],[0],[38]],[[{"name":"ui_vfx_f_add_06","rect":[0,0,280,98],"offset":[0,0],"originalSize":[280,98],"capInsets":[0,0,0,0]}],[0],0,[0],[0],[39]],[[{"name":"ui_vfx_f_add_07","rect":[0,0,280,98],"offset":[0,0],"originalSize":[280,98],"capInsets":[0,0,0,0]}],[0],0,[0],[0],[40]],[[{"name":"ui_vfx_f_add_16","rect":[0,0,280,98],"offset":[0,0],"originalSize":[280,98],"capInsets":[0,0,0,0]}],[0],0,[0],[0],[41]],[[{"name":"ui_vfx_f_add_19","rect":[0,0,280,98],"offset":[0,0],"originalSize":[280,98],"capInsets":[0,0,0,0]}],[0],0,[0],[0],[42]],[[{"name":"ui_vfx_f_add_17","rect":[0,0,280,98],"offset":[0,0],"originalSize":[280,98],"capInsets":[0,0,0,0]}],[0],0,[0],[0],[43]],[[{"name":"ui_vfx_f_add_04","rect":[0,0,280,98],"offset":[0,0],"originalSize":[280,98],"capInsets":[0,0,0,0]}],[0],0,[0],[0],[44]],[[{"name":"ui_vfx_f_add_13","rect":[0,0,280,98],"offset":[0,0],"originalSize":[280,98],"capInsets":[0,0,0,0]}],[0],0,[0],[0],[45]],[[{"name":"ui_vfx_f_add_09","rect":[0,0,280,98],"offset":[0,0],"originalSize":[280,98],"capInsets":[0,0,0,0]}],[0],0,[0],[0],[46]],[[{"name":"ui_vfx_f_add_23","rect":[0,0,280,98],"offset":[0,0],"originalSize":[280,98],"capInsets":[0,0,0,0]}],[0],0,[0],[0],[47]],[[{"name":"ui_vfx_f_add_20","rect":[0,0,280,98],"offset":[0,0],"originalSize":[280,98],"capInsets":[0,0,0,0]}],[0],0,[0],[0],[48]],[[{"name":"ui_vfx_f_add_01","rect":[0,0,280,98],"offset":[0,0],"originalSize":[280,98],"capInsets":[0,0,0,0]}],[0],0,[0],[0],[49]]]]