[
  1,
  [
    "dfvHrq/T9Knr8sBsC4TVTt",
    "48c5eKVHVCrbguZGWLYO1z"
  ],
  [
    "_textureSetter"
  ],
  [
    "cc.SpriteFrame"
  ],
  0,
  [
    [
      [
        {
          "name": "bgPopup",
          "rect": [
            0,
            0,
            626,
            667
          ],
          "offset": [
            0,
            0
          ],
          "originalSize": [
            626,
            667
          ],
          "capInsets": [
            226,
            0,
            211,
            0
          ]
        }
      ],
      [
        0
      ],
      0,
      [
        0
      ],
      [
        0
      ],
      [
        0
      ]
    ],
    [
      [
        {
          "name": "Btn_Close_pressed",
          "rect": [
            1,
            0,
            61,
            150
          ],
          "offset": [
            0,
            0.5
          ],
          "originalSize": [
            63,
            151
          ],
          "capInsets": [
            0,
            0,
            0,
            0
          ]
        }
      ],
      [
        0
      ],
      0,
      [
        0
      ],
      [
        0
      ],
      [
        1
      ]
    ]
  ]
]