{"paths":{"0":["Spine/JackpotPopup/ef_jackpot_spine",5],"1":["Sprites/ui_atlas/x2",1],"2":["Sprites/symbols_atlas/symbol_7_blur",1],"3":["Sprites/paytable_atlas-0/paytable",1],"4":["Spine/JackpotPopup/ef_jackpot_spine2",1],"5":["Sprites/symbol_info_bg1",1],"6":["Spine/Symbol/symbol_5/symbol_5_spine",1],"7":["Sprites/menu_popup_atlas/copy_icon",1],"8":["Sprites/paytable_atlas-0/paytable2",1],"9":["Sprites/symbols_atlas/symbol_3_blur",1],"10":["Sprites/spin_panel_atlas/ui_button_bar_01",1],"11":["Spine/Spin/button_spin_spine",1],"12":["Spine/Symbol/symbol_JP/symbol_jp_spine",6],"13":["Sound/tiengChemKiem",4],"14":["Sprites/bg_maingame",1],"15":["Sound/tt_sfx_winline_no",4],"16":["Font/font_board_blue",1],"17":["Spine/JackpotPopup/ef_symbol_jp",1],"18":["Font/font_spin",1],"19":["Sprites/spin_panel_atlas/promo_ico_dark",1],"20":["Sprites/spin_panel_atlas/btn_bet_sub",1],"21":["Sprites/loading_atlas/loading_progress_mask",1],"22":["Spine/Symbol/symbol_A/symbol_a_spine",5],"23":["Spine/Symbol/symbol_6/symbol_6_spine",1],"24":["Sprites/spin_panel_atlas/button_spin_blur",1],"25":["Sound/freespin_skill_02",4],"26":["Sprites/ui_atlas/x5",1],"27":["Sprites/symbols_atlas/scatter_sword",1],"28":["Font/font_bigwin_new",1],"29":["Sprites/launch",1],"30":["Sprites/symbols_atlas/symbol_4_blur",1],"31":["Sprites/symbols_atlas/symbol_A",1],"32":["Sprites/bg_board_normal",1],"33":["Sprites/spin_panel_atlas/button_spin_grey",1],"34":["Spine/Symbol/symbol_4/symbol_4_spine",6],"35":["Sprites/symbols_atlas/symbol_2",1],"36":["Sprites/spin_panel_atlas/ui_button_bar",1],"37":["Sound/tt_spin",4],"38":["Sprites/menu_popup_atlas/btn_paytable",1],"39":["Spine/NearWin/ef_near_win_spine",1],"40":["Sound/tt_fs_transition",4],"41":["Spine/FreeGame/ef_free_game_spine",5],"42":["Sprites/symbols_atlas/symbol_K_blur",1],"43":["Sound/money_final_count",4],"44":["Sprites/menu_popup_atlas/menupopup-bet-footer",1],"45":["Spine/NearWin/ef_near_win_spine",5],"46":["Spine/Symbol/symbol_4/symbol_4_spine",1],"47":["Sprites/spin_panel_atlas/btn_bet_option",1],"48":["Sound/tt_bmg_bw3_01",4],"49":["Sprites/paytable_atlas-0/rules2",1],"50":["Sprites/ui_atlas/bg_gate",1],"51":["Sound/normal_skill_03",4],"52":["Spine/BigWin/concept_bigwinA",5],"53":["Sprites/menu_popup_atlas/btn_sound_on",1],"54":["Sprites/launch_02",1],"55":["Sprites/paytable_atlas-0/rules1",1],"56":["Sprites/spin_panel_atlas/button_spin_lock",1],"57":["Sprites/ui_atlas/content_tip_bar_01",1],"58":["Spine/PaylineWin/ef_total_win_spine",5],"59":["Sprites/spin_panel_atlas/button_spin_grey_blur",1],"60":["Spine/Splash/splash",1],"61":["Sprites/symbols_atlas/symbol_2_blur",1],"62":["Sprites/loading_atlas/loading_btn_start",1],"63":["Sprites/menu_popup_atlas/btn_detail",1],"64":["Sprites/spin_panel_atlas/button_spin_freegame_right",1],"65":["Spine/Eff/ef_character_spine",6],"66":["Spine/TotalWin/ef_total_win_fg_spine",6],"67":["Sprites/ui_atlas/content_tip_bar_04",1],"68":["Spine/Symbol/symbol_K/symbol_k_spine",6],"69":["Spine/FreeGame/ef_free_game_spine",1],"70":["Spine/Symbol/symbol_2/symbol_2_spine",5],"71":["Sprites/spin_panel_atlas/btn_bet_option_off",1],"72":["Sound/tt_sfx_scatter_appear",4],"73":["Spine/JackpotPopup/ef_jackpot_spine",1],"74":["Sprites/symbols_atlas/symbol_K",1],"75":["Sprites/menu_popup_atlas/btn_history",1],"76":["Spine/Symbol/symbol_A/symbol_a_spine",1],"77":["Sprites/board_normal_game",1],"78":["Spine/Symbol/symbol_8/symbol_8_spine",1],"79":["Spine/Symbol/symbol_A/symbol_a_spine",6],"80":["Sprites/symbols_atlas/symbol_4",1],"81":["Sprites/loading_atlas/loading_progress",1],"82":["Sprites/ui_atlas/scroll_bar",1],"83":["Sprites/symbols_atlas/symbol_7",1],"84":["Sound/jackpot_congrats",4],"85":["Sprites/spin_panel_atlas/btn_bet_add_off",1],"86":["Sprites/spin_panel_atlas/ui_button_bar_02",1],"87":["Spine/FreeGame/fly_scatter_spine",1],"88":["Sprites/menu_popup_atlas/menupopup-close",1],"89":["Sprites/spin_panel_atlas/btn_bet_icon_win",1],"90":["Font/font_num_yellow",1],"91":["Spine/Symbol/symbol_7/symbol_7_spine",5],"92":["Sprites/symbols_atlas/symbol_5",1],"93":["Sound/FREE_GAME_MUSIC",4],"94":["Sprites/ui_atlas/content_tip_bar_02",1],"95":["Sound/tt_money_final",4],"96":["Sprites/menu_popup_atlas/menupopup-btn-normal",1],"97":["Sprites/spin_panel_atlas/button_spin_freegame_left",1],"98":["Sprites/spin_panel_atlas/btn_auto_off",1],"99":["Spine/PaylineWin/ef_total_win_spine",6],"100":["Spine/JackpotPopup/ef_symbol_jp",6],"101":["Sprites/symbols_atlas/symbol_6",1],"102":["Sound/tienRoi",4],"103":["Sprites/ui_atlas/orc",1],"104":["Spine/Spin/button_spin_spine",6],"105":["Spine/Eff/ef_character_spine4",1],"106":["Spine/Symbol/symbol_K/symbol_k_spine",1],"107":["Spine/Symbol/symbol_6/symbol_6_spine",5],"108":["Spine/Eff/ef_character_spine2",1],"109":["Sprites/symbols_atlas/symbol_8_blur",1],"110":["Sprites/ui_atlas/allways",1],"111":["Sprites/symbols_atlas/symbol_3",1],"112":["Sprites/spin_panel_atlas/btn_turbo_on",1],"113":["Sprites/spin_panel_atlas/tool_tip_turbo_on",1],"114":["Spine/FreeGame/fly_scatter_spine",6],"115":["Spine/Symbol/symbol_JP/symbol_jp_spine",5],"116":["Sprites/bg_freegame",1],"117":["Sound/tt_sfx_winline",4],"118":["Sound/tt_scatterDisapear",4],"119":["Spine/Symbol/symbol_5/symbol_5_spine",6],"120":["Sprites/paytable_atlas-0/control",1],"121":["Sprites/ui_atlas/ui_button",1],"122":["Sprites/spin_panel_atlas/btn_bet_sub_off",1],"123":["Sound/jackpot_fighting",4],"124":["Sprites/spin_panel_atlas/btn_bet_add",1],"125":["Sprites/menu_popup_atlas/menupopup_loading",1],"126":["Sprites/ui_atlas/information_bar",1],"127":["Spine/Symbol/symbol_2/symbol_2_spine",6],"128":["Sprites/symbols_atlas/symbol_JP_blur",1],"129":["Spine/Symbol/symbol_K/symbol_k_spine",5],"130":["Spine/JackpotPopup/ef_jackpot_spine",6],"131":["Sprites/paytable_atlas-0/Background",1],"132":["Sprites/menu_popup_atlas/menupopup-bet-content-bg",1],"133":["Spine/Symbol/effect/ef_symbol_spine",6],"134":["Spine/Splash/splash",6],"135":["Spine/Symbol/symbol_7/symbol_7_spine",6],"136":["Sprites/spin_panel_atlas/btn_bet_icon_bet",1],"137":["Spine/TotalWin/ef_total_win_fg_spine",1],"138":["Sound/money_show_AllLine",4],"139":["Spine/Symbol/symbol_3/symbol_3_spine",5],"140":["Sprites/loading_atlas/loading_effect",1],"141":["Sprites/symbols_atlas/symbol_8",1],"142":["Sprites/ui_atlas/ef_congphap_2",1],"143":["Spine/FreeGame/fly_scatter_spine",5],"144":["Sprites/menu_popup_atlas/btn_sound_off",1],"145":["Sprites/menu_popup_atlas/btn_close",1],"146":["Sprites/menu_popup_atlas/btn_rules",1],"147":["Sprites/loading_atlas/loading_progress_end",1],"148":["Spine/Symbol/symbol_4/symbol_4_spine",5],"149":["Sound/tt_sfx_nearwin",4],"150":["Sound/tt_button_click",4],"151":["Sprites/menu_popup_atlas/btn_back",1],"152":["Sprites/ui_atlas/ef_congphap_4",1],"153":["Spine/JackpotPopup/ef_symbol_jp",5],"154":["Spine/Eff/ef_character_spine3",1],"155":["Sprites/spin_panel_atlas/btn_turbo_off",1],"156":["Sound/symbol_drop",4],"157":["Sound/tt_orb_active",4],"158":["Sprites/menu_popup_atlas/menupopup-btn-small-press",1],"159":["Spine/Symbol/symbol_5/symbol_5_spine",5],"160":["Sound/tt_bmg_bw1",4],"161":["Sprites/ui_atlas/tool_tip",1],"162":["Spine/Symbol/symbol_7/symbol_7_spine",1],"163":["Spine/Symbol/symbol_3/symbol_3_spine",6],"164":["Sprites/ui_atlas/content_tip_bar_03",1],"165":["Sprites/ui_atlas/x1",1],"166":["Sprites/ui_atlas/x6",1],"167":["Sprites/ui_atlas/x20",1],"168":["Sound/normal_skill_02",4],"169":["Sound/tt_bmg_fs_total",4],"170":["Sprites/paytable_atlas-0/rules",1],"171":["Sprites/spin_panel_atlas/promo_number_bg",1],"172":["Sprites/ui_atlas/x9",1],"173":["Sound/NORMAL_MUSIC",4],"174":["Spine/Symbol/symbol_JP/symbol_jp_spine",1],"175":["Sprites/loading_atlas/loading_background",1],"176":["Spine/Splash/splash",5],"177":["Spine/JackpotAward/banner_spine",6],"178":["Spine/FreeGame/ef_free_game_spine",6],"179":["Sprites/ui_atlas/ef_congphap_3",1],"180":["Sprites/spin_panel_atlas/btn_auto",1],"181":["Spine/Symbol/symbol_8/symbol_8_spine",5],"182":["Spine/Orbs/ef_orb_all",6],"183":["Spine/Eff/ef_character_spine",5],"184":["Sound/tt_scatterFly",4],"185":["Sprites/symbols_atlas/symbol_A_blur",1],"186":["Sound/normal_skill_01",4],"187":["Sprites/ui_atlas/x3",1],"188":["Spine/Spin/button_spin_spine",5],"189":["Sound/multiplyAppear",4],"190":["Spine/Symbol/effect/ef_symbol_spine",5],"191":["Spine/BigWin/concept_bigwinA",6],"192":["Spine/BigWin/concept_bigwinA",1],"193":["Spine/NearWin/ef_near_win_spine",6],"194":["Spine/TotalWin/ef_total_win_fg_spine",5],"195":["Spine/Symbol/symbol_6/symbol_6_spine",6],"196":["Sprites/Line/line",1],"197":["Sprites/symbols_atlas/symbol_5_blur",1],"198":["Sprites/ui_atlas/ui_popup",1],"199":["Sprites/menu_popup_atlas/menupopup-btn-highlight-long",1],"200":["Spine/Symbol/symbol_3/symbol_3_spine",1],"201":["Spine/PaylineWin/ef_total_win_spine",1],"202":["Sprites/symbols_atlas/symbol_JP",1],"203":["Spine/BigWin/concept_bigwinA2",1],"204":["Spine/Symbol/symbol_2/symbol_2_spine",1],"205":["Sprites/spin_panel_atlas/tool_tip_turbo_off",1],"206":["Sprites/menu_popup_atlas/btn_exit_on",1],"207":["Sprites/ui_atlas/ef_congphap_1",1],"208":["Spine/Symbol/symbol_8/symbol_8_spine",6],"209":["Sprites/menu_popup_atlas/menupopup-history-waiting",1],"210":["Sprites/menu_popup_atlas/menupopup-history-btn-enable",1],"211":["Sprites/spin_panel_atlas/btn_bet_icon_balance",1],"212":["Spine/JackpotAward/banner_spine",1],"213":["Spine/Symbol/effect/ef_symbol_spine",1],"214":["Sprites/symbols_atlas/symbol_6_blur",1],"215":["Spine/JackpotAward/banner_spine",5],"216":["Sprites/spin_panel_atlas/button_spin",1],"217":["Sprites/spin_panel_atlas/promo_ico_light",1],"218":["Sound/freespin_skill_01",4],"219":["Sprites/menu_popup_atlas/menupopup-btn-highlight-normal2",1],"220":["Spine/Orbs/ef_orb_all",1],"221":["Spine/Orbs/ef_orb_all",5],"222":["Sprites/paytable_atlas-0/paytable1",1],"223":["Sound/tt_sfx_jackpot_appear",4],"224":["Spine/Eff/ef_character_spine",1],"225":["Spine/FreeGame/ef_free_game_spine2",1],"226":["Sound/tt_bmg_tranfs",4],"227":["Sprites/menu_popup_atlas/btn_history",2,1],"228":["Sprites/ui_atlas/content_tip_bar_01",2,1],"229":["Sprites/menu_popup_atlas/btn_close",2,1],"230":["Sprites/symbols_atlas/symbol_A_blur",2,1],"231":["Sprites/menu_popup_atlas/menupopup-btn-highlight-normal2",2,1],"232":["Spine/PaylineWin/ef_total_win_spine",2,1],"233":["Sprites/symbols_atlas/scatter_sword",2,1],"234":["Sprites/spin_panel_atlas/btn_bet_option",2,1],"235":["Sprites/ui_atlas/content_tip_bar_04",2,1],"236":["Sprites/launch_02",2,1],"237":["Font/font_board_blue",3],"238":["Spine/JackpotPopup/ef_jackpot_spine",2,1],"239":["Sprites/spin_panel_atlas/btn_turbo_on",2,1],"240":["Sprites/ui_atlas/x3",2,1],"241":["Sprites/menu_popup_atlas/btn_detail",2,1],"242":["Sprites/symbols_atlas/symbol_K_blur",2,1],"243":["Sprites/board_normal_game",2,1],"245":["Sprites/spin_panel_atlas/btn_bet_icon_win",2,1],"246":["Sprites/spin_panel_atlas/btn_auto",2,1],"247":["Spine/JackpotAward/banner_spine",2,1],"248":["Sprites/ui_atlas/allways",2,1],"249":["Sprites/ui_atlas/x1",2,1],"250":["Sprites/ui_atlas/ef_congphap_2",2,1],"251":["Sprites/symbols_atlas/symbol_3_blur",2,1],"252":["Sprites/symbols_atlas/symbol_7",2,1],"253":["Sprites/symbols_atlas/symbol_6",2,1],"254":["Spine/Symbol/symbol_JP/symbol_jp_spine",2,1],"255":["Sprites/ui_atlas/information_bar",2,1],"256":["Sprites/loading_atlas/loading_btn_start",2,1],"257":["Sprites/paytable_atlas-0/rules2",2,1],"258":["Spine/JackpotPopup/ef_jackpot_spine2",2,1],"259":["Sprites/symbols_atlas/symbol_5_blur",2,1],"260":["Sprites/symbol_info_bg1",2,1],"261":["Sprites/spin_panel_atlas/button_spin_blur",2,1],"262":["Sprites/symbols_atlas/symbol_8_blur",2,1],"263":["Sprites/paytable_atlas-0/control",2,1],"264":["Sprites/paytable_atlas-0/Background",2,1],"265":["Sprites/ui_atlas/x2",2,1],"266":["Sprites/menu_popup_atlas/menupopup-btn-normal",2,1],"267":["Spine/JackpotPopup/ef_symbol_jp",2,1],"268":["Spine/Symbol/symbol_7/symbol_7_spine",2,1],"269":["Sprites/menu_popup_atlas/menupopup-history-btn-enable",2,1],"270":["Animation/ItemBlur",0],"271":["Sprites/loading_atlas/loading_progress_mask",2,1],"272":["Sprites/menu_popup_atlas/btn_exit_on",2,1],"273":["Spine/FreeGame/ef_free_game_spine",2,1],"274":["Sprites/spin_panel_atlas/btn_bet_sub_off",2,1],"275":["Sprites/bg_board_normal",2,1],"276":["Sprites/symbols_atlas/symbol_4_blur",2,1],"277":["Sprites/paytable_atlas-0/paytable2",2,1],"278":["Spine/Symbol/symbol_3/symbol_3_spine",2,1],"279":["Spine/Eff/ef_character_spine4",2,1],"280":["Font/font_spin",3],"281":["Sprites/ui_atlas/ui_button",2,1],"282":["Sprites/menu_popup_atlas/btn_back",2,1],"283":["Font/font_bigwin_new",2,1],"284":["Font/font_num_yellow",2,1],"285":["Sprites/ui_atlas/content_tip_bar_02",2,1],"287":["Sprites/spin_panel_atlas/promo_number_bg",2,1],"288":["Sprites/spin_panel_atlas/button_spin_lock",2,1],"289":["Sprites/loading_atlas/loading_progress_end",2,1],"290":["Spine/Splash/splash",2,1],"291":["Sprites/launch",2,1],"292":["Sprites/spin_panel_atlas/btn_bet_sub",2,1],"294":["Spine/FreeGame/fly_scatter_spine",2,1],"295":["Sprites/ui_atlas/x20",2,1],"296":["Sprites/paytable_atlas-0/rules",2,1],"297":["Sprites/ui_atlas/x5",2,1],"298":["Sprites/loading_atlas/loading_background",2,1],"299":["Sprites/menu_popup_atlas/menupopup-history-waiting",2,1],"300":["Sprites/spin_panel_atlas/button_spin_grey",2,1],"301":["Sprites/spin_panel_atlas/btn_bet_add",2,1],"302":["Spine/Symbol/symbol_4/symbol_4_spine",2,1],"303":["Sprites/ui_atlas/ui_popup",2,1],"304":["Sprites/spin_panel_atlas/tool_tip_turbo_off",2,1],"305":["Spine/Symbol/symbol_8/symbol_8_spine",2,1],"306":["Spine/FreeGame/ef_free_game_spine2",2,1],"307":["Spine/Eff/ef_character_spine3",2,1],"308":["Sprites/menu_popup_atlas/menupopup_loading",2,1],"309":["Font/font_spin",2,1],"310":["Sprites/symbols_atlas/symbol_5",2,1],"311":["Sprites/spin_panel_atlas/button_spin_freegame_left",2,1],"312":["Sprites/spin_panel_atlas/btn_turbo_off",2,1],"313":["Sprites/menu_popup_atlas/btn_rules",2,1],"314":["Sprites/spin_panel_atlas/button_spin_grey_blur",2,1],"315":["Spine/Spin/button_spin_spine",2,1],"316":["Sprites/ui_atlas/tool_tip",2,1],"317":["Sprites/paytable_atlas-0/rules1",2,1],"318":["Sprites/spin_panel_atlas/ui_button_bar_01",2,1],"319":["Spine/TotalWin/ef_total_win_fg_spine",2,1],"320":["Sprites/loading_atlas/loading_effect",2,1],"321":["Sprites/ui_atlas/x6",2,1],"322":["Sprites/spin_panel_atlas/btn_auto_off",2,1],"323":["Sprites/bg_maingame",2,1],"324":["Sprites/menu_popup_atlas/btn_sound_on",2,1],"325":["Sprites/ui_atlas/orc",2,1],"326":["Sprites/ui_atlas/x9",2,1],"327":["Sprites/spin_panel_atlas/btn_bet_icon_balance",2,1],"328":["Sprites/symbols_atlas/symbol_JP",2,1],"329":["Sprites/menu_popup_atlas/menupopup-bet-content-bg",2,1],"330":["Spine/NearWin/ef_near_win_spine",2,1],"331":["Sprites/Line/line",7],"332":["Sprites/loading_atlas/loading_progress",2,1],"333":["Sprites/menu_popup_atlas/menupopup-btn-highlight-long",2,1],"334":["Sprites/spin_panel_atlas/button_spin",2,1],"335":["Sprites/spin_panel_atlas/btn_bet_icon_bet",2,1],"336":["Sprites/ui_atlas/ef_congphap_4",2,1],"337":["Spine/Symbol/effect/ef_symbol_spine",2,1],"338":["Sprites/bg_freegame",2,1],"339":["Sprites/spin_panel_atlas/tool_tip_turbo_on",2,1],"340":["Sprites/spin_panel_atlas/btn_bet_option_off",2,1],"341":["Sprites/symbols_atlas/symbol_8",2,1],"342":["Sprites/menu_popup_atlas/menupopup-close",2,1],"343":["Sprites/ui_atlas/content_tip_bar_03",2,1],"344":["Spine/Symbol/symbol_6/symbol_6_spine",2,1],"345":["Sprites/symbols_atlas/symbol_3",2,1],"346":["Sprites/symbols_atlas/symbol_JP_blur",2,1],"347":["Spine/Orbs/ef_orb_all",2,1],"348":["Sprites/paytable_atlas-0/paytable",2,1],"349":["Spine/Eff/ef_character_spine2",2,1],"351":["Sprites/spin_panel_atlas/ui_button_bar",2,1],"353":["Spine/BigWin/concept_bigwinA",2,1],"354":["Spine/Symbol/symbol_K/symbol_k_spine",2,1],"355":["Sprites/ui_atlas/bg_gate",2,1],"356":["Sprites/menu_popup_atlas/copy_icon",2,1],"357":["Font/font_board_blue",2,1],"358":["Sprites/ui_atlas/ef_congphap_3",2,1],"359":["Sprites/menu_popup_atlas/btn_paytable",2,1],"360":["Sprites/symbols_atlas/symbol_2_blur",2,1],"361":["Sprites/ui_atlas/scroll_bar",2,1],"362":["Sprites/spin_panel_atlas/button_spin_freegame_right",2,1],"363":["Spine/Symbol/symbol_5/symbol_5_spine",2,1],"364":["Sprites/symbols_atlas/symbol_A",2,1],"365":["Sprites/ui_atlas/ef_congphap_1",2,1],"366":["Spine/Symbol/symbol_A/symbol_a_spine",2,1],"367":["Sprites/symbols_atlas/symbol_K",2,1],"368":["Font/font_num_yellow",3],"369":["Sprites/spin_panel_atlas/btn_bet_add_off",2,1],"371":["Sprites/spin_panel_atlas/promo_ico_light",2,1],"372":["Sprites/menu_popup_atlas/menupopup-bet-footer",2,1],"373":["Spine/Symbol/symbol_2/symbol_2_spine",2,1],"374":["Spine/Eff/ef_character_spine",2,1],"375":["Font/font_bigwin_new",3],"376":["Sprites/spin_panel_atlas/promo_ico_dark",2,1],"377":["Sprites/menu_popup_atlas/menupopup-btn-small-press",2,1],"378":["Sprites/spin_panel_atlas/ui_button_bar_02",2,1],"380":["Spine/BigWin/concept_bigwinA2",2,1],"381":["Sprites/symbols_atlas/symbol_6_blur",2,1],"382":["Sprites/symbols_atlas/symbol_7_blur",2,1],"383":["Sprites/symbols_atlas/symbol_2",2,1],"384":["Sprites/menu_popup_atlas/btn_sound_off",2,1],"385":["Sprites/symbols_atlas/symbol_4",2,1],"386":["Sprites/paytable_atlas-0/paytable1",2,1]},"types":["cc.AnimationClip","cc.Texture2D","cc.SpriteFrame","cc.BitmapFont","cc.AudioClip","cc.Asset","sp.SkeletonData","cc.SpriteAtlas"],"uuids":["01bCU3P5RKc67Lkm88kf8r","027cOrO3hAALTRniiWsv84","04nIKJgxtAqoH7pAGC/vWc","075/opUIlGmYXWEoiBj5pa","0atad0x+JK8Z3hQIyyIY8e","0cQHF61YJPhqqwFfbaWpVY","0dUGVK/T1GHqs4H+9zWlNN","0dbvpqsglDN6O9VIh/YuKr","0ewLjFvQ9DdYooRa0j/tQR","10FsT28O9Deadkc2nlySLh","10X7DrT3JE8bZAzTRLuqJ4","15XaJXFoJKq6jbbUYWGlzf","1aFzrpC25ML6OzZjDf0qbe","1a/9NyyXxLTrjCgOedwxam","1bOjyMMe1Ln64h6vO6T2og","1bzam0DeRB9q1w3RMRbLKv","1doe5Rcp5Gip5Vug7y4tym","21qu9z/6BAc7nmmgBFqw2r","21xGJvBttM8bM1Tu0ein+w","24Ca0NuvlJcotM5Vr/QVBu","245PYIxZ1D4a5bTHwxORHR","25AQHIlnxChKITVumOjYvA","25CyL6OFtJG6fLXJV6tU2+","25gugb9NVIMJ6ZuyQFHKc/","25naUIh/JPY6J66bWbgxLr","25q0ikDNpKjYwE1Mh7Au/W","26axmufGxObYuiaTsLzyn2","2662mrAONMkq4ybUCOqJwz","27S7jplVhLrYsz/7b0U+9g","28YpTi1pxBAq4zJMIKc0VX","28jGHP/QhO/IhRjUR0uGFP","283KwahOhPDbZBNLy6PpPL","29DpnDb4FM8ZEALF48ekIN","294qS8b4pMeoUrYuKZjFcD","2an6fmeXFGvJOsPYTkqDO9","2bmhuDiOND+ZlbPf2cCa5c","2cN1PydFNGh45yVqBrLEx2","2eAe5Yjg1Gv5WVFfDKKhjl","2eS+pF7qJNNrMqQnQJu/bO","2fzIybkG5IGrbkOj9eKYMP","2f9HSepGNBTpXA9rk4ZQrK","30HA8yc21IF4qvuAYVx+lE","30kMEcCWdFcagjRlp7LXgM","36nzQe5mhBRY52FgHvCBHn","37L0Cct6NFJKa0P++gpncH","38CFmtj/JEzLjH0YZdzFvD","38eexiz2xCBYGhyakKyYaL","39cie874hA6KlQtqYBXafT","3btlqDqYhDcKdQ7AQGn6YV","3fxUEtHwdObrpUpOzeoJro","40O0VY8TRGoKghQ7Ty3Ym/","40ivzCqypETpDYvBf97AsX","40k8fxt8RDR48pV9aYCFDt","43fKVLAatF9qqnyEmGTRZU","44OMOWBspHb7dzHqPKjcvY","44h6escVpHVar3DIf9MLdR","45arcCam1GD5H6ZmmnrVCM","45uJZWgR1Py64ADcHNRKNM","45yInR0SdGZ5MvUhRpq2zw","4aStXinCBMZ7qCWSSic0Xd","4aoma0TlxMjoZoBfk7fRu7","4blJxL/OdDVr65czf6FZHZ","4fXPQiTvRO5a1zetBjXE6G","4fpXMUndVKMaUjcPFNXCPj","50D19uIyRLZaQYGf9TcZ5X","51Z/oM0FRNK4de468Rvnyy","52ttaILjhOBal1tFfIaSba","52/agRi/5K9ojubbLKItyW","53IGqqzM9HeoERLHIgC/u6","55aeZu9phDTKDqN7CmodtN","57xncOCqFKLo+tmzSnu5Li","58q9EG9sRLBopKN3Z6RWlO","59zS2951BCSqnAQ1ScqKg4","5aAUcRpqFN74eIHcmU/pv7","5aSGWZgSlKgY0Ugf5HwYPH","5dGDVFpSxFD615eJuVk8ft","5dqWc4LgtDa4xv7dGzPn4s","60Yd7PAWRKMISupSmwJuEY","60ty6sUNFGT6Nr/4vYBuxZ","61EXaSa7JJfb0Fx0Tw/+Uc","618GLi0h9KTYuUQXAxs6Po","62RufNYMFGb6KrOt60bWZy","620j6u5lFLmqBtLhquByqN","621470p4tPhK7sw9KQxx2v","635s/HHUtGDKfyXAOZJwGS","64MKPBVzFPGKfkYMNP+8LO","65/sCR40ZD17o24fBTq3eL","66w8r5Md5KQYcNmTDWPQcj","68oN49AehIU5OZDqeB+HAh","69BfFx7P1GYJnsmOqm7x2R","69JhoDVHVNJpAoaHiCGouk","6adE2VijROwZihVwfc6Vaj","6bZQ+aUuhIZZ7Txg+fY+zu","6bzUxjg6FEVKXMPo26+nq+","6c/FR6O/lBcLhU0zVpeXfj","73Wti9dDBNnL7b9MzDo/7T","73n1SGnrZA1pyioMXT8EnO","75kdS/Jz5I6JmlyOkjG2Ci","76SKmYuyRF+IhKgZdXeiG+","7a5uvF8W1Ed5wh/spolWVG","7bVBBI2FZJwY5fGkssiFtY","7bd267AyVC+pZcPBTHDtSC","7cGP+dUadJX4maNrn1MZDo","7dgxOkqeBJjpHwWnerj8Jv","7eOmOzjapJWLeB/DdNn1lq","7eqlUcZiNBuZuAicw7o0UL","7fNuQJ/AFN46GAG1qMijWq","81MgixVkJCkbZhpOrrxcFX","81cMHohg1GWYtLgVY1OO4l","82CHThiRBPZ4Pdaqo5DgC5","82TB5r+UpDx4UiHqXt69wp","83JwoYt/xKipRkwcKTEZIR","83Xu4BoSFIfbmSIHJo+vSv","83aQoQMJZNsoZn67/MBXmX","83wV1yswVA/rEvWJQTUDr/","86o3FqcFhCZa3sKJ8nu2rK","87FkjFMlZA75TKeaJQoTfI","88axcVLiBFFZOzR742K86Q","8cFAuW8P5DXbs1vu9lAfr0","8chewfyK1LiL2ajFq/yNpT","8dOZ/9J+pEzKjsgtohU11I","8fiiyZWP9DRZFgD5/qcq5E","90amombMhPt7a7BWgiJLRv","90iFe6VwJACJUuWVtuKVF9","91W23gA8FJq6ltQW566/YY","93wfOAaEFCh7nlLNmzGknA","96ceF/NAVCTrcbRJ7X6Dpa","961Ey9IZ1HNZ2f05Mo3urw","97YK7cOh9DIrSgy+//tufz","981rmXdlRDh58RbIfabD7n","99xOME0ytOqoGmC3bTeMqM","99yxZYpMFO74ZKjERcWAQL","9aVfl5bEJLRqI1RmPAHw38","9ddTDREu9KiqOOgmTox9KT","9djK7BjRtG6IkzHkplM7HT","9eagWGzjJDzp/S8moang8L","9fEAqgZtJBbYHLbwLAc8Wm","a28J/V3p5PuKgKAySikwyV","a3p0g7ahBMRJSw5mcUorqK","a3sSLeIo1MPqfcVaLeYUod","a38yV0QNJG9rN53r1RWrtc","a6hBfXEjBMQ5oYqgJR0q68","a6p4HTVAZO5YkyabJTnfkI","a8Wl5Ukv9BD4V4VROmWfMQ","a9i/MGugJDQ5LQIR8g7qhW","aaiHcXfhRKy60+pC5L2s3O","aa+tBc/V1IoboNNkuD7eZ7","abJsDNNmdLvbzpHCh1vYIy","abvjHwfHBIgok+o/D5XswL","ach3NR1wNGrZFqzwUVKH5Y","ac1uKvhhpM1IwB5GzL2M3c","adSg6Rw+tNK4N7JkXhHmDR","adZ3hrvvFAeIS1y4OobXox","ad80/y3pNAYqNGvOA/Z0uu","afnv/oaZdE674owPmPC7sF","af4P07g3pCoovTrB3m/wSR","b0Be1U5OhHZqrhWdk59oFl","b0d7qTe3hOGqi9BLaNWiKA","b0kAElh4NMZrjw9nhzeMKo","b4n/6bwp1PCYC5Y0MAS/lG","b4+IldMfJIFJHzKo/9sY1+","b6+hYYxZxOdrUURbyFp2f7","b9KrOQ91hNoo1dLXjGU5kW","b9+NbWYXJGVqovVVyWBKJV","ba4lWG3hBLtpkWa/lTUR+x","bbyd4wkLJJDqkk5yGnUPat","bb+OMr4ApDhrmCiEMM+DYl","bcmiE9pMtHO4RPRDen5jg9","bc8Hvo7btEmLmlfd2f/I4f","beE7N/ycZCQ4Pp+TJbDPn0","beGN7b0w9FQ6+BOURavBi8","beuGD5AzBHL5zOculeODXN","bfaLz1Ut5CwY4U5H7rFQmi","c1fjR1blhHc4B8TvS4QPsg","c194zYB39BFaIAdbxTNaCY","c3AJRfrtVC6rLYm+l50xde","c52GGr2hdMhbgIOHelVquQ","c5/ZbnZIpOIoguQrEG4Nf0","c682myGP5Eb7FewmS+rkyS","c95wya8DBP35+Y85NSaitJ","caTlcnueFKz6ai3Sc0YefS","caiuApestCT6Q+XcgiAEjr","cb9e+z6vZKTYTIAyTyLMaF","cfe6gaQA9ESLURF7Ky8dec","d0Vb6a5ZdOTYDqgEw90pIX","d1Ssf6toBKCL6LQQFGHYWK","d1sCPAA2BH5Lg6bje46D9S","d2QUzaQSlIgKgdnksrNCyG","d2bVfczjlNZZheuRaxyBna","d3aKeJLhpHh6gGG72OuMhL","d3cp/q4jJG9beFnwpWzsfk","d3xAWJdA1PjYqa3Pss5VWD","d7ou65SiBGwapUpaM6tyz1","d8ED6aMWdB94u8iGbkgdiH","d83QGXRu1Kr7VegQeACbwZ","daD/OIHGtAUI8gpagNBrL4","daUU+fzI5LXa9iG31QBXzU","dbFLPAVn9MtK3KWSt5KA+j","dbeODK9DRAMKEleQMlPKKO","dcTW3VlxBNz7RleBkAq0ta","de4T5pRd5E549ujHR88m1R","dfz7Fp8uFBSJwxkSsAA7sb","e1EhMk5HZOiYRzQ8IXAtVV","e3Tsr2IrVOVaza53hTYQUG","e4TBUD1mdJdIoaZVzw45CI","e5HxMewrZK3aZrR40lE7zt","e5539j4NVFko0kKMgENXWR","e8PF8Kl9pNTao7YMlDsouG","ebLP6JmABHfr61sYk/92Go","efGDv6kbRPLaLG8ER/XDNh","efVFBW40xNXpd77XGlq3YB","efofeibiFL2Ld01bPQX2s/","f0cvWe8H9NzISjxGqqaeY9","f1hvIzcUlC+pfufuY1Ybuz","f2xRfBz+dLg5wAhcjEQCyE","f2964y/DtE8I1orZMtrgrm","f4pb+Q54lKKKciMs1sI2zN","f5TbL9H/RHYrjvKgdEiHgU","f56uLPP0dCWJypNJfwvKpc","f6X1MeTN1Dc6SeU/0xYOzj","f65Q13ddNHvLC5Zchzo/jE","f9bEi2e2xNF5ubeJ7Ue4FA","faRQYQU/FINLfmXBzCTnRz","fcE6CXP21NF4N7YDCqxXBS","fcYO7JkYtCDLIXREKx8IJo","fdhaQj+f9A2LnbNbx17Ilm","ffdEO46/dDM7IW6i5s531K","00bP5IqxJO3bixCKgETouv","03qe57Li1GdaVnr1Y/KW4S","04GJT3MeFIJboEp7sNSGod","05/2S/lbNLPpmC5lIo54wG","06CRpLecBJfIds5Ej4a0WJ","06rD/AaBNOt4tiUsRSsTDx","07SM1IScREtreSct2NSkiV","070dguDUxGIbIysVegfpqI","08LkvsySlJeIWVagunV/ZC","09Td/XwPhC34ZvIPkiM9Qr","0b92OKSlNDFa3EjpftqtV7","0dfOngz7tE/JisbQatySY4","0e61v/7L9CsqakxzrIt04j","0fjg0rIqdJlrpxnzH4ke2W","14rrhKVZhI+pFFDs+INGKC","14v4cqpVVE7IcAPOB8PxZx","17IJyhSxNLX4zyKS7lST/U","19713wWs1BGKwvr1gaq6LL","1aTZpR2vlEDb8qp+FujZWd","23swPA8S9O3bFKkZhxn1za","24ftqiJbNB4q5Z5hhQsov+","28DT0Ci5FDuLlcQBq3SvEE","28gm2MMsJLsLMQ4BAlb0eh","2bHo/ocxJBgJeaOT+Dtx0P","2bhS1KnINAAKRLXj48gcY1","30whzhLQhGa7KeDhEqp+jq","31dOXzcSJNKZ2xByZkL2M9","33CUv1G1dMyJYZa368yJtk","36zheaktlJ76eIUkbG1bzh","39dVnWyJxA46ArcBUFdwoV","39os5cHU9EsYw7Hfj2yfOF","3aCwF9Qj5KUJYopbi+jDCw","3dpDuNHGBBWaXgbtoYUx2J","3fPdzV+ApDTa4BWpFbYTe3","42oXRW0GRKTpSSBXVNTgxj","48NJmwQqFP04FnmocRFARN","48QEK4xD9CG4KsB3Ji3wnr","48Z1O+kbZEq56V+QSFP3Ac","48ua8go+JOXawNfRzNmq4s","4ay4SlJMBJ97d1HAXWtDRw","4bCN73/ctDmqurZnxwR4km","4d4JgaDY5FYprpyxtmr2t9","4eYxd8ZohCFZn7rTpELBHt","4f6QaTiC5IE4GeyNGN8xg1","51RvCEA+NI64OGNrwx7JbD","51t0llUh9Fy7psJR9ReASb","53bcAMjwFHGJXZq3+uwom6","54pk40uKZMlLFFv9Cgv0M/","59Gwbiy8tFMIfu9zZLsyEL","59Nxsdkb5NObcl70JCj64X","5aPGZgh71JxbT+9rpodVh8","5a3NLqOANNFbXFI0KCagYi","5dDK5BPcBIg4UXv6eO//38","5dt1lCy1tHGbsAHsYYgxr2","5eWWYUAqpPFaQ5RqOnsIPU","5fFVSRau9FXKL3AizfYiST","5fMOtquPpBJ6/B590rxvCT","5fQe0ksBFN+JSKD6yH/rg9","60fJoRAYdEUK2VggJtNikY","644H3vYWJBT6Z57W9p4HUX","67RcFygPVOr7wov1z7WzyI","67/yfiHapLTaAysbsPoYpH","68kc8/dqVJwoUJYY9ytag2","689CRurW5L1pzaqWiGdyFd","6b9jhqsRlFAKOH3uDZfQA9","6cJ1SzyOdAxYynOyB+tIb0","6euacSQ6JE1rfuc42hNFDt","6fEijmIv1Ospwb7NCXBwsC","6fek/Y6jtFQYNNGdpZgN33","6f54aS5PVA+KdTzVD2a6di","70scNRW/tC8r4JXMx5+iC2","71YbyBQt9Ju5oOR8UJTMDO","75g0qH9JpFHrp+8zwBACPW","7cIwy+mVZHtbsp7hCmjJVB","7dVmo7nXxF6I9GYdELfn/w","7dsrefRYhGpqRbvUL+78dm","82BqFEQgdAMoO90HDeilxg","84nQpKAS1KCLohvmUJs3Nt","86DN6EfyBMNp87PZH1Auth","86cE9eCgJER70+tLn/BReL","88Y1lqraBP6ZmWXZ4xlbXD","89XSqV4zZN/IqcmVyHSpsd","89k1qbsDpMRLtMvDUXT998","8bkAr0FdtBTZIkFN31+BF4","8bmmoL4xxB4pk4T1iE6I6T","8cPf6vScZIoYgXuxh0CTHu","8ej/qR7VZEpq28ZX1SI0oH","8eu3I7ublMJK88ST/xcTVk","91+McUwQVJQabbJdKT7qK1","97k14yeSlGGoTQVcYo+W2f","9aIebzVqtL8qhzoiGdyvqA","9acT018OZNN4g7H8uKIiUZ","9ah5iQDwZK/7vlEN95pUP5","9bkf3h/URFsoLvffIQ2/HX","9c1MU+9UlHz7yX5bCel/Zc","9d7Oly6qNEwrlqtaVILtH4","9eGwLoJJxPhpbyDiwIIxi7","9eIqB6uftAD4NcUtemn6WN","a0hdFIloRIk6uRT6dmdwkR","a6TmKRjtJAIK2EWjpIzg7g","abEZaGdB9FUbJ3eQfTGoYt","ad8C0yQtZDzb9GwnpSzctn","af+Ei9RlBEcpr9/zuz7wsV","b3ZpHOJIROCagmojxSvvv2","b6TBH7XtpPXqxxz77PgDwg","b8PiT+8jFEA6N4xgEaAhCb","b9Hg64mUxE0YPcxS7l/dNd","badcf+Vf1FGL/eI6+60KLy","bbNbwTe5JFX57yHMgrk3OG","bc7EJpoD9PlqhADK1X/n+P","bdKc6GoK9IHJeBxzQNv5LC","bdO7FpdZpLq7x6GQUfbplF","c0iQuDHu9EKrjVv9pKORiC","c1Fm1rUHhBDpZSwscz4Ftg","c5fypj1DZKzqltxyNv0OyH","c62EkctlBOKqS4IS3sR0Um","c9p2Vd+Z5FuKIMs9CztNQR","cbZY8pZG1Kjrg6snZ8Y5p9","ccZGPcNAVAMKJX62pG4mq7","d0QCLjvgZKmIdxvO1QGz/p","d1YyoKrFRFWKDYwGs/+5/I","d2OkVAlz1NuYqJGlSwseRP","d2eB+mAZVFh7QLLjQL1aFP","d2rQcqvx5FeYEs4ZxxtYPg","d2trsabglH4Kwmrr+co4dg","d5m10fzvdO3bu/y7SLoMn0","d5nxZpmjhBiZX2YX1O0qGJ","d55edF7zdHcJsmaX1LOWLP","d8cgVj0P5K4Ks38bMoa4tM","da3C44q01LWJwFHYJKDFqF","dbPOB5BwxADJN1o5tZLz1/","dcigNe4iJD54BRoXP23R06","dc7OUUclNLq7Mml6C0MfQp","ddmHYLmKBP3KpVMQ+YgTvI","deEBBNHFVLc6S67dCY1Mu/","dfR6CnisRDHoYEGVXHVwWa","e1NcRfkMpAy4ahPCZ4Ik8y","e1f/i+on9Anabwa8oryQZR","e1gFObL/dNErpgKhmo+Wvu","e3N9iiXUlL4pvUchWgWzob","e3jgRC8HNBHK1ITeQfe0rV","e4a0pZgR1Nl4L6vtx64UaP","e5XDGchqJA6q2+E8Hpfu1g","e5ZD1l5FFLhK571tppvmnL","e7B8ZovDZBLrQEgoS5pvFX","ecUenk/4NA6ryRgSe3rmTO","ed0z5KqeND2pNAYmiitAPD","eeOfMVNW5Ji6kiJWwIvNM0","eemUjrdD9EIZmBnXJtujCv","f0Rm4reQ9BQ7bCuefIFD0D","f25DYKIZBInKRkTnXYkdBQ","f38flb71lAtrwGFVQ4teK9","f4tp1B1KpM5ZJNwsb5aJqW","f4wOzjg2ZNdL5CzDUxG8Iv","f6s5KasixFI5AWfOk45+Ja","f8hUIjZJJOjpiRMUIyLGgO","f8j1HFYitBl6HdF+gmDyAh","faf/eWqGRDNLKGdyOiVBAb","fbcG31aNRBdqdaxDg/PTJq","fe/VhxcqBC+Iil3dU8Ozl0","01ou96cyhHzb/h+T5ah7GF","06k8S8lqVKWIYJjVm/lrPt","0d441X6Z9E85U/R85pvJrD","22mSZF7zJKPLalUkT5l7xh","24reWgjtxCpoSVhEmjBBW8","28cBGcQCpEZarXbWlPL2DX","29FYIk+N1GYaeWH/q1NxQO","2eeEQY+FRP76H+AB+N9/2L","30MFG5fjhFfbX8jsBC0fw7","33eYOGyqtOQI3RPAOnIYAp","3ae7efMv1CLq2ilvUY/tQi","4bn61IohxHIJbmwNIihxrh","4bqeSrGQVJL6EScx0tD61M","4db+ERIKlKO7lsDpS2Pp96","51gh0FdpZHJ5on8uWuE4Fy","51nsQlslJFBoJz9QiNEb6C","5341o7FgdLbK2ugBJvzoFb","5cO7kybDxGj4ipyMYdRYZB","5cSxjm/tlGh5s3iHhyNMcz","5fH3ZMC+1AhIECizq5LVH4","5f5dyqtRNNxaFmVzYns6FZ","646+C5zAVHOpwxLls9ERmr","69CuyzfepJzpiZImtmFGuF","6aKYhk/XNLU61IzqXbSpAd","6fzzaV4ClOoo6K3CBHhNjb","73jsUUt7pFjLhlcvz+nCkq","75DGtUIAxMxYtIDfLoIlYZ","79kdOugFtHfrwpbo+5o58e","7a/QZLET9IDreTiBfRn2PD","81f1RNINNLUrXijGiEEDyv","8axA8+dJlMIILQn2vd+5Cl","8e34W/tVdL7qypCzEQXC/U","90HpvMbRxJ+pE6mD/5DdwD","93HTItOnZDh6ESuzrbjYhv","a0S/4udXBNp7Wqkhr42OR8","a2MjXRFdtLlYQ5ouAFv/+R","a2tZuJj9tH0Lwn13cz11k1","a5z2PFEx5PDapmoE7kmh6z","a93wFFF+xBv7PfgqDXcZWi","acYkpoAktJCaaNpa9RsTJm","b7SAC66JJD3ZJeABUmC3nC","baABSOTd1G/pk4ifXYHmYN","bb8rVsC71Op5Ata3f5GjoA","bcsOyr8A9FZ4ABcnldLk1Y","c0V8WXRR1MN5R8NpaBAKB3","c0/N55XgNEep6pnTOU7XxG","c7thDMq+1HOptDeEIQ3dWd","c8P1Qe58xG+qno5Qz5gtGh","c9VupEoCxGbIrIXOJwwOth","ccZ8f4blFBnqD0+MHUUU1j","d1ZQRWonVHu4Gw4fvv1Ohv","d4MYgQuW9FDoOWBF541asT","d9rv5QLn9DZrUIkahJzoqT","dbSXEW009PIoq6ar0HuJJd","e2HJmUB05LwqDEmXvC13NJ","e3Z30uhlZIaKiQJBFV1N8B","e8fgPxRBhEF6UJXHOwnTP8","e97GVMl6JHh5Ml5qEDdSGa","ecCTW49kJJYZX+93y4H/Sv","ecpdLyjvZBwrvm+cedCcQy","ecpp01kZJM6pkFH/+A0Ash","f0BIwQ8D5Ml7nTNQbh1YlS","f506Nmqb5A9IezQX70F0CM","febb9fXMFMHYWKlyRZj6iu","ffB/7+1V9KU66hDSXdXr+J"],"scenes":{"db://assets/Bundle/TruTien50Line/TruTien.fire":286},"redirect":[393,0,397,1,404,0,407,0,415,1,422,0,435,0,444,0,445,0,446,1,448,0,449,0],"deps":["resources","internal"],"packs":{"0192ed82d":[227,228,229,230,234,235,236,239,240,241,242,243,244,245,13,246,25,248,249,250,251,37,394,40,252,253,255,48,259,51,261,262,263,264,265,266,270,272,276,72,277,282,285,84,286,288,93,291,292,295,297,95,102,301,117,310,311,118,312,313,123,317,318,321,322,323,324,325,138,326,327,149,150,328,156,160,334,335,336,168,338,169,173,341,342,343,345,346,184,186,348,351,189,438,358,359,360,362,364,365,442,367,378,218,381,382,383,384,385,386,226],"024b625e7":[280,309],"052f732e0":[237,357],"06c874cd2":[284,368],"08b238221":[387,388,389,390,391,392,395,396,398,399,400,401,402,403,405,406,408,409,410,411,412,413,414,416,417,418,419,420,421,423,424,425,426,331,427,428,429,430,431,432,433,434,436,437,439,440,441,443,447,450,451],"0b9e35b1c":[283,375],"0da8253f0":[1,2,3,4,5,6,7,8,9,10,11,14,16,17,18,19,20,21,23,24,26,27,28,29,30,31,32,33,35,36,38,39,42,44,46,47,49,50,53,54,55,56,57,59,60,61,62,63,64,67,69,71,73,74,75,76,77,78,80,81,82,83,85,86,87,88,89,90,92,94,293,96,97,98,101,103,105,106,108,109,110,111,112,113,116,120,121,122,124,125,126,128,131,132,136,137,140,141,142,144,145,146,147,151,152,154,155,158,161,162,164,165,166,167,170,171,172,174,175,179,180,185,187,350,352,192,196,197,198,199,200,201,202,203,204,205,370,206,207,209,210,211,212,213,214,216,379,217,219,220,222,224,225]},"name":"30","importBase":"import","nativeBase":"native","debug":false,"isZip":false,"encrypted":false,"versions":{"import":[0,"8218e","0192ed82d","ad132","024b625e7","66e40","052f732e0","833d8",231,"b4c8e",232,"ffecb","06c874cd2","45a71",233,"fd7ba","08b238221","375f6","0b9e35b1c","50047",238,"16d3f","0da8253f0","df10c",12,"26cb7",15,"bb0f5",247,"5a1cc",22,"397ee",34,"47ec3",41,"cde90",254,"75020",43,"688a7",45,"93d60",256,"b9637",257,"07632",258,"7b0f5",260,"e70d1",52,"2c42b",58,"c3565",267,"f9666",268,"ad69d",269,"8a064",271,"77a3a",65,"818f6",66,"44a07",68,"28e52",273,"a6069",274,"69e2f",70,"a6507",275,"aaef2",278,"7c03b",279,"c8707",281,"ddbf3",79,"2df4b",287,"0cf1f",289,"697fe",290,"f0dbd",91,"a4d17",294,"c1dfa",296,"b2fcf",298,"31178",299,"0a980",99,"03e6a",100,"1ce06",300,"a6d7d",302,"30946",104,"1129f",107,"95449",303,"80182",114,"807e7",304,"1ea1b",305,"eaa39",306,"29b88",115,"c9cbb",307,"4aa26",308,"3b2f1",119,"64dc9",314,"b9cb6",315,"0e0eb",127,"b0dda",316,"66090",129,"75ce5",130,"45728",319,"7edac",320,"91135",133,"9357d",134,"65527",135,"af420",139,"0de6f",143,"f62fb",148,"d739a",153,"f140a",329,"52293",157,"d9653",330,"3077e",159,"e6849",332,"4fb06",333,"49c12",163,"70de8",337,"3ac2c",339,"fdbe2",340,"db0d3",176,"e4d51",177,"70f20",178,"da237",181,"4a4a5",344,"cad2b",182,"e044a",183,"d4f4f",347,"47c74",188,"24500",349,"bafd5",190,"b2082",191,"de715",353,"679b1",354,"6591a",193,"66011",355,"156ae",194,"456f9",195,"287f4",356,"814f9",361,"58cb8",363,"713c1",366,"8f2c5",369,"2971f",371,"b412e",208,"7286f",372,"95475",373,"3ec1a",374,"c9ebf",376,"fed6a",377,"a5b3b",215,"ccf48",380,"844bb",221,"6cbd6",223,"24d23"],"native":[0,"79e03",1,"aa827",2,"3c77e",3,"de1bd",4,"9bde6",5,"5aed0",6,"25d00",7,"257e7",8,"ee703",9,"ff1d1",10,"01df0",11,"d018a",244,"2d620",12,"9cedd",13,"91729",14,"71724",15,"b012d",16,"b7bc5",17,"02b40",18,"50b2d",19,"47f71",20,"531ad",21,"a55df",22,"8c43f",23,"1520a",24,"07a98",25,"5cf35",26,"65f02",27,"2eccc",28,"3e1af",29,"36470",30,"f50f3",31,"3d54a",32,"05cf6",33,"2050e",34,"371c0",35,"387fb",36,"7e8e8",37,"e4dc2",38,"67744",39,"045b7",40,"53e72",41,"8205c",42,"bac05",43,"6248b",44,"39a5a",45,"fe9cf",46,"f697d",47,"f53b0",48,"38c20",49,"60ea7",50,"8a2c6",51,"b4217",52,"8d0c6",53,"31722",54,"bae44",55,"b93df",56,"42c4e",57,"ea0e4",58,"90f4d",59,"f77a8",60,"3f2e5",61,"d6fdf",62,"9bfad",63,"e8615",64,"aee35",65,"93bf2",66,"9a89f",67,"d1e90",68,"5accc",69,"3207b",70,"80d9f",71,"25555",72,"c6b4f",73,"1321c",74,"abe40",75,"3e144",76,"9115c",77,"1e759",78,"e731a",79,"b365a",80,"fe959",81,"f6453",82,"5f073",83,"6c678",84,"b08fb",85,"06ee5",86,"2d5ca",87,"1509d",88,"7475d",89,"3abd8",90,"01edf",91,"07873",92,"99348",93,"5370d",94,"eac45",293,"c4a5c",95,"db9b4",96,"5c0a2",97,"47ae7",98,"2437a",99,"d2da1",100,"64227",101,"d1106",102,"33866",103,"4f5a9",104,"ee9a7",105,"a7a19",106,"9881c",107,"5d121",108,"b091c",109,"b11b2",110,"4bc8b",111,"46b24",112,"1edfb",113,"1eac7",114,"1dee8",115,"31392",116,"2a4b8",117,"48edf",118,"26d06",119,"8869f",120,"10ae1",121,"fd02a",122,"36c6d",123,"29a17",124,"75dd1",125,"87e7a",126,"3f328",127,"bb860",128,"fcc9a",129,"0b7be",130,"9f793",131,"422a6",132,"ad88a",133,"58416",134,"8ed3c",135,"54ab6",136,"79fd9",137,"766e7",138,"8c37d",139,"2bc7a",140,"94828",141,"53ac8",142,"d8dd0",143,"49913",144,"a8eb5",145,"f3e23",146,"abf92",147,"922f6",148,"d4757",149,"40f30",150,"65d42",151,"c84cf",152,"5ce62",153,"cba14",154,"c6819",155,"b6828",156,"42e2a",157,"a4a04",158,"33162",159,"627a4",160,"34e9a",161,"ba129",162,"a558d",163,"90d37",164,"0fd10",165,"06bf1",166,"c5ce0",167,"4937c",168,"02252",169,"99d91",170,"0ad4e",171,"6a8ac",172,"c6239",173,"7bed0",174,"35b28",175,"8a309",176,"97527",177,"b2cf6",178,"f1150",179,"ecd43",180,"3b1ea",181,"00102",182,"2417c",183,"5dea8",184,"3c87c",185,"668c7",186,"90360",187,"ad28c",188,"b249f",350,"cbc16",189,"550a6",190,"185d3",191,"6dab5",352,"78035",192,"71598",193,"f6b4b",194,"bec32",195,"d1dc8",196,"4c0e2",197,"c99fa",198,"c2b09",199,"d5df4",200,"0263b",201,"e2779",202,"ac485",203,"ed8ff",204,"69d99",205,"1b8c2",370,"9f686",206,"335d2",207,"b721d",208,"00365",209,"ae8ab",210,"b2e63",211,"1ec1b",212,"11222",213,"7fddf",214,"8c6b6",215,"75372",216,"7a5b2",379,"f8e13",217,"823c2",218,"436da",219,"54f2c",220,"51e38",221,"17a16",222,"c94fc",223,"59970",224,"9e927",225,"fff58",226,"925a2"]}}