[
  1,
  [
    "16f827f42",
    "f40RbUC4dFeo4FxIZI15tV",
    "2c25TMz0dBdKlLoPYVDNqU",
    "9cxQEoi95I/4lQ9VcmNuev",
    "b1bJVfgXZKnaAYfvavN2l8",
    "7bv1lzK/VHN4CzM93Y5Vs3",
    "c7U+bR5UhGBbOtZONBdiO6"
  ],
  [
    "_textureSetter",
    "value"
  ],
  [
    "cc.SpriteFrame",
    [
      "cc.AnimationClip",
      [
        "_name",
        "_duration",
        "sample",
        "wrapMode",
        "curveData"
      ],
      -1,
      11
    ]
  ],
  [
    [
      1,
      0,
      1,
      2,
      3,
      4,
      5
    ]
  ],
  [
    [
      [
        {
          "name": "eff-ellec07",
          "rect": [
            204,
            204,
            194,
            193
          ],
          "offset": [
            -1,
            0.5
          ],
          "originalSize": [
            196,
            194
          ],
          "rotated": 1,
          "capInsets": [
            0,
            0,
            0,
            0
          ]
        }
      ],
      [
        0
      ],
      0,
      [
        0
      ],
      [
        0
      ],
      [
        0
      ]
    ],
    [
      [
        [
          0,
          "AuraSet",
          0.6,
          10,
          2,
          [
            {},
            "comps",
            11,
            [
              {},
              "cc.Sprite",
              11,
              [
                {},
                "spriteFrame",
                12,
                [
                  [
                    [
                      {
                        "frame": 0
                      },
                      "value",
                      6,
                      0
                    ],
                    [
                      {
                        "frame": 0.1
                      },
                      "value",
                      6,
                      1
                    ],
                    [
                      {
                        "frame": 0.2
                      },
                      "value",
                      6,
                      2
                    ],
                    [
                      {
                        "frame": 0.3
                      },
                      "value",
                      6,
                      3
                    ],
                    [
                      {
                        "frame": 0.4
                      },
                      "value",
                      6,
                      4
                    ],
                    [
                      {
                        "frame": 0.5
                      },
                      "value",
                      6,
                      5
                    ]
                  ],
                  11,
                  11,
                  11,
                  11,
                  11,
                  11
                ]
              ]
            ]
          ]
        ]
      ],
      0,
      0,
      [
        0,
        0,
        0,
        0,
        0,
        0
      ],
      [
        1,
        1,
        1,
        1,
        1,
        1
      ],
      [
        1,
        2,
        3,
        4,
        5,
        6
      ]
    ],
    [
      [
        {
          "name": "eff-ellec13",
          "rect": [
            204,
            404,
            192,
            190
          ],
          "offset": [
            0,
            0
          ],
          "originalSize": [
            192,
            190
          ],
          "capInsets": [
            0,
            0,
            0,
            0
          ]
        }
      ],
      [
        0
      ],
      0,
      [
        0
      ],
      [
        0
      ],
      [
        0
      ]
    ],
    [
      [
        {
          "name": "eff-ellec09",
          "rect": [
            3,
            204,
            195,
            193
          ],
          "offset": [
            0,
            0
          ],
          "originalSize": [
            195,
            193
          ],
          "capInsets": [
            0,
            0,
            0,
            0
          ]
        }
      ],
      [
        0
      ],
      0,
      [
        0
      ],
      [
        0
      ],
      [
        0
      ]
    ],
    [
      [
        {
          "name": "eff-ellec11",
          "rect": [
            3,
            403,
            195,
            193
          ],
          "offset": [
            0,
            0
          ],
          "originalSize": [
            195,
            193
          ],
          "capInsets": [
            0,
            0,
            0,
            0
          ]
        }
      ],
      [
        0
      ],
      0,
      [
        0
      ],
      [
        0
      ],
      [
        0
      ]
    ],
    [
      [
        {
          "name": "eff-ellec15",
          "rect": [
            3,
            3,
            195,
            195
          ],
          "offset": [
            0,
            0
          ],
          "originalSize": [
            195,
            195
          ],
          "capInsets": [
            0,
            0,
            0,
            0
          ]
        }
      ],
      [
        0
      ],
      0,
      [
        0
      ],
      [
        0
      ],
      [
        0
      ]
    ],
    [
      [
        {
          "name": "eff-ellec01",
          "rect": [
            204,
            3,
            192,
            195
          ],
          "offset": [
            0,
            0
          ],
          "originalSize": [
            192,
            195
          ],
          "capInsets": [
            0,
            0,
            0,
            0
          ]
        }
      ],
      [
        0
      ],
      0,
      [
        0
      ],
      [
        0
      ],
      [
        0
      ]
    ]
  ]
]