[1,["61Im2v2LBJrohDTIh1I7F0","a4Qdk++eFLJa1NHZ2M89Sm","8eeDvGSS9I9rjvTZBA2qCQ","1eX7OlFVBOFa8kLknGy55N","d6g/tXX5VJQq0NlWTV2prE","9ePimg0SNPGrtoh8etp6BW","78LCzL831Jv5LvOZgmz2u5","70QpUqbVtMSp53CxksDqSY","d8u6EZidxNPquHrW59R/sp","babXwOJjNLhpsvHixGPzO1","45OAbqyodB6pbsi6lk0C6C","2f0kFGql5GuotdsBxTSkma","bdQY8KHQhFJrPSZdb1bJ6p","73Tuszm/tKlYy7Q+lgUcVn","12l6iHSV1PvLdTfbDfQzE2","1828KnmvxMqJh5otxvi3Cu","5foYkwxXFJWowLuPUhlv7c","910OfddatLh7FwTv3ei7WG","d7twrRZhxBtJTIXd4zWADe","a1ZdI6x6tPy7cHCG6OEM6f","e35q+i9uRFG78oZxnLkyxT","3eQyDyzN1KRonJIHE07k6s","e3tDaklt9KzI3ynCEOXcFb","b9m/SbPhJKzqRlrhftYqS0","26H2aQ4FNHnaw5yWlLrAMr","ba/Un8uCpExZ05Lky/AWH+","420UAMze1MiYG+G9FmiWTp"],["value"],[["cc.AnimationClip",["_name","_duration","sample","curveData"],0,11]],[[0,0,1,2,3,4]],[[0,"reel_vfx_b_00",1.4,20,[{},"comps",11,[{},"cc.Sprite",11,[{},"spriteFrame",12,[[[{"frame":0},"value",6,0],[{"frame":0.05},"value",6,1],[{"frame":0.1},"value",6,2],[{"frame":0.15},"value",6,3],[{"frame":0.2},"value",6,4],[{"frame":0.25},"value",6,5],[{"frame":0.3},"value",6,6],[{"frame":0.35},"value",6,7],[{"frame":0.4},"value",6,8],[{"frame":0.45},"value",6,9],[{"frame":0.5},"value",6,10],[{"frame":0.55},"value",6,11],[{"frame":0.6},"value",6,12],[{"frame":0.65},"value",6,13],[{"frame":0.7},"value",6,14],[{"frame":0.75},"value",6,15],[{"frame":0.8},"value",6,16],[{"frame":0.85},"value",6,17],[{"frame":0.9},"value",6,18],[{"frame":0.95},"value",6,19],[{"frame":1},"value",6,20],[{"frame":1.05},"value",6,21],[{"frame":1.1},"value",6,22],[{"frame":1.15},"value",6,23],[{"frame":1.2},"value",6,24],[{"frame":1.25},"value",6,25],[{"frame":1.3},"value",6,26],{"frame":1.35,"value":null}],11,11,11,11,11,11,11,11,11,11,11,11,11,11,11,11,11,11,11,11,11,11,11,11,11,11,11,0]]]]]],0,0,[0,0,0,0,0,0,0,0,0,0,0,0,0,0,0,0,0,0,0,0,0,0,0,0,0,0,0],[0,0,0,0,0,0,0,0,0,0,0,0,0,0,0,0,0,0,0,0,0,0,0,0,0,0,0],[0,1,2,3,4,5,6,7,8,9,10,11,12,13,14,15,16,17,18,19,20,21,22,23,24,25,26]]