[
  1,
  [
    "ecpdLyjvZBwrvm+cedCcQy",
    "4eF4TINIZCB6qYuUBnWiTi",
    "f8ZV/VsxxJqrZmVt+l6vID",
    "ffORM/2FJLZqH393rJ1QHX",
    "a2nJ3DZO1IkqOLpuijtEVE",
    "5cQS+YkC1CR7m+ieqpV/KH",
    "f11PJGeAdC5KoKhYIQDg1p",
    "47akwU3uZBRov+M0STC7+2",
    "1eD6WYAb5Nsb1Jh+ECY0LQ",
    "90qTKHLZBJCKkAAYpdt/Qe",
    "f5x8bCIsJB7bQVu1xVJ/dl",
    "a2QSJrd4dNiJuO6W3xdw4J",
    "4ePtjnxchHHq/MRCxgp7cH",
    "f5PK4Te5dC5ZrI9D/rcQxV",
    "0d8U0E1ARD/6UCjYTEqf0L",
    "e4c0bPA4BCH4MSnpZDxJtF",
    "20ontPJUVKo7tdpG/+31bW",
    "92o/bHR2VBIoV3/mQMN1mP",
    "3cteGfbMpD+YtAhGxP3xsH",
    "09JzjnSTlApr3H9ZoqwP+x",
    "783BOu4xZObJndnGNWm/f/"
  ],
  [
    "_textureSetter",
    "node",
    "_spriteFrame",
    "root",
    "data"
  ],
  [
    "cc.SpriteFrame",
    [
      "cc.Node",
      [
        "_name",
        "_objFlags",
        "_prefab",
        "_contentSize",
        "_parent",
        "_components",
        "_children",
        "_trs"
      ],
      1,
      4,
      5,
      1,
      9,
      2,
      7
    ],
    [
      "cc.PrefabInfo",
      [
        "fileId",
        "root"
      ],
      2,
      1
    ],
    [
      "cc.Sprite",
      [
        "_sizeMode",
        "node",
        "_materials",
        "_spriteFrame"
      ],
      2,
      1,
      3,
      6
    ],
    [
      "cc.Prefab",
      [
        "_name"
      ],
      2
    ]
  ],
  [
    [
      2,
      0,
      1,
      2
    ],
    [
      3,
      1,
      2,
      3,
      1
    ],
    [
      1,
      0,
      4,
      6,
      5,
      2,
      3,
      7,
      2
    ],
    [
      1,
      0,
      4,
      5,
      2,
      3,
      2
    ],
    [
      1,
      0,
      1,
      4,
      5,
      2,
      3,
      3
    ],
    [
      4,
      0,
      2
    ],
    [
      1,
      0,
      6,
      2,
      3,
      7,
      2
    ],
    [
      1,
      0,
      1,
      4,
      6,
      5,
      2,
      3,
      7,
      3
    ],
    [
      2,
      1,
      1
    ],
    [
      3,
      0,
      1,
      2,
      3,
      2
    ]
  ],
  [
    [
      [
        {
          "name": "x4  Bright",
          "rect": [
            0,
            0,
            54,
            54
          ],
          "offset": [
            0,
            0
          ],
          "originalSize": [
            54,
            54
          ],
          "capInsets": [
            0,
            0,
            0,
            0
          ]
        }
      ],
      [
        0
      ],
      0,
      [
        0
      ],
      [
        0
      ],
      [
        1
      ]
    ],
    [
      [
        [
          5,
          "vongtron"
        ],
        [
          6,
          "vongtron",
          [
            -2,
            -3,
            -4,
            -5,
            -6,
            -7
          ],
          [
            8,
            -1
          ],
          [
            5,
            155,
            156
          ],
          [
            -216.81,
            -58.114,
            0,
            0,
            0,
            0,
            1,
            1,
            1,
            1
          ]
        ],
        [
          2,
          "x2",
          1,
          [
            -9
          ],
          [
            [
              1,
              -8,
              [
                6
              ],
              7
            ]
          ],
          [
            0,
            "c5EGoA1FVE6ILKhciuZVFb",
            1
          ],
          [
            5,
            54,
            54
          ],
          [
            0,
            73.054,
            0,
            0,
            0,
            0,
            1,
            1,
            1,
            1
          ]
        ],
        [
          2,
          "x3",
          1,
          [
            -11
          ],
          [
            [
              1,
              -10,
              [
                10
              ],
              11
            ]
          ],
          [
            0,
            "a42MoAb9RArZVcHlCbMizi",
            1
          ],
          [
            5,
            54,
            54
          ],
          [
            68.91,
            0.801,
            0,
            0,
            0,
            0,
            1,
            1,
            1,
            1
          ]
        ],
        [
          7,
          "x4",
          512,
          1,
          [
            -13
          ],
          [
            [
              1,
              -12,
              [
                14
              ],
              15
            ]
          ],
          [
            0,
            "d7qmNPLApFoL0LFo++q2t3",
            1
          ],
          [
            5,
            54,
            54
          ],
          [
            0.801,
            -68.91,
            0,
            0,
            0,
            0,
            1,
            1,
            1,
            1
          ]
        ],
        [
          2,
          "x5",
          1,
          [
            -15
          ],
          [
            [
              1,
              -14,
              [
                18
              ],
              19
            ]
          ],
          [
            0,
            "bdiHWsBiBIPYW1sdalTfFx",
            1
          ],
          [
            5,
            54,
            54
          ],
          [
            -70.513,
            0,
            0,
            0,
            0,
            0,
            1,
            1,
            1,
            1
          ]
        ],
        [
          3,
          "kim",
          1,
          [
            [
              1,
              -16,
              [
                0
              ],
              1
            ]
          ],
          [
            0,
            "71tzaDK9lEaqop6W7kQgw9",
            1
          ],
          [
            5,
            100,
            94
          ]
        ],
        [
          3,
          "vongtron",
          1,
          [
            [
              9,
              0,
              -17,
              [
                2
              ],
              3
            ]
          ],
          [
            0,
            "dfDbYzIC9PraLZ/GYpJkTu",
            1
          ],
          [
            5,
            200,
            200
          ]
        ],
        [
          4,
          "x2 Bright",
          512,
          2,
          [
            [
              1,
              -18,
              [
                4
              ],
              5
            ]
          ],
          [
            0,
            "65CuYDEgVAZYLCrdV+dF3M",
            1
          ],
          [
            5,
            54,
            54
          ]
        ],
        [
          4,
          "x3 Bright",
          512,
          3,
          [
            [
              1,
              -19,
              [
                8
              ],
              9
            ]
          ],
          [
            0,
            "3akcuv2stE+axx1G19evuv",
            1
          ],
          [
            5,
            54,
            54
          ]
        ],
        [
          4,
          "x4  Bright",
          512,
          4,
          [
            [
              1,
              -20,
              [
                12
              ],
              13
            ]
          ],
          [
            0,
            "90J+4Vef5E95NAkvc9QVHk",
            1
          ],
          [
            5,
            54,
            54
          ]
        ],
        [
          3,
          "x5  Bright",
          5,
          [
            [
              1,
              -21,
              [
                16
              ],
              17
            ]
          ],
          [
            0,
            "58ce0lMtxEtLHDBH09Eqg6",
            1
          ],
          [
            5,
            54,
            54
          ]
        ]
      ],
      0,
      [
        0,
        3,
        1,
        0,
        -1,
        6,
        0,
        -2,
        7,
        0,
        -3,
        2,
        0,
        -4,
        3,
        0,
        -5,
        4,
        0,
        -6,
        5,
        0,
        1,
        2,
        0,
        -1,
        8,
        0,
        1,
        3,
        0,
        -1,
        9,
        0,
        1,
        4,
        0,
        -1,
        10,
        0,
        1,
        5,
        0,
        -1,
        11,
        0,
        1,
        6,
        0,
        1,
        7,
        0,
        1,
        8,
        0,
        1,
        9,
        0,
        1,
        10,
        0,
        1,
        11,
        0,
        4,
        1,
        21
      ],
      [
        0,
        0,
        0,
        0,
        0,
        0,
        0,
        0,
        0,
        0,
        0,
        0,
        0,
        0,
        0,
        0,
        0,
        0,
        0,
        0
      ],
      [
        -1,
        2,
        -1,
        2,
        -1,
        2,
        -1,
        2,
        -1,
        2,
        -1,
        2,
        -1,
        2,
        -1,
        2,
        -1,
        2,
        -1,
        2
      ],
      [
        0,
        2,
        0,
        3,
        0,
        4,
        0,
        5,
        0,
        6,
        0,
        7,
        0,
        8,
        0,
        9,
        0,
        10,
        0,
        11
      ]
    ],
    [
      [
        {
          "name": "x3",
          "rect": [
            0,
            0,
            54,
            54
          ],
          "offset": [
            0,
            0
          ],
          "originalSize": [
            54,
            54
          ],
          "capInsets": [
            0,
            0,
            0,
            0
          ]
        }
      ],
      [
        0
      ],
      0,
      [
        0
      ],
      [
        0
      ],
      [
        12
      ]
    ],
    [
      [
        {
          "name": "x2",
          "rect": [
            0,
            0,
            54,
            54
          ],
          "offset": [
            0,
            0
          ],
          "originalSize": [
            54,
            54
          ],
          "capInsets": [
            0,
            0,
            0,
            0
          ]
        }
      ],
      [
        0
      ],
      0,
      [
        0
      ],
      [
        0
      ],
      [
        13
      ]
    ],
    [
      [
        {
          "name": "x4",
          "rect": [
            0,
            0,
            54,
            54
          ],
          "offset": [
            0,
            0
          ],
          "originalSize": [
            54,
            54
          ],
          "capInsets": [
            0,
            0,
            0,
            0
          ]
        }
      ],
      [
        0
      ],
      0,
      [
        0
      ],
      [
        0
      ],
      [
        14
      ]
    ],
    [
      [
        {
          "name": "x5",
          "rect": [
            0,
            0,
            54,
            54
          ],
          "offset": [
            0,
            0
          ],
          "originalSize": [
            54,
            54
          ],
          "capInsets": [
            0,
            0,
            0,
            0
          ]
        }
      ],
      [
        0
      ],
      0,
      [
        0
      ],
      [
        0
      ],
      [
        15
      ]
    ],
    [
      [
        {
          "name": "x2 Bright",
          "rect": [
            0,
            0,
            54,
            54
          ],
          "offset": [
            0,
            0
          ],
          "originalSize": [
            54,
            54
          ],
          "capInsets": [
            0,
            0,
            0,
            0
          ]
        }
      ],
      [
        0
      ],
      0,
      [
        0
      ],
      [
        0
      ],
      [
        16
      ]
    ],
    [
      [
        {
          "name": "x3 Bright",
          "rect": [
            0,
            0,
            54,
            54
          ],
          "offset": [
            0,
            0
          ],
          "originalSize": [
            54,
            54
          ],
          "capInsets": [
            0,
            0,
            0,
            0
          ]
        }
      ],
      [
        0
      ],
      0,
      [
        0
      ],
      [
        0
      ],
      [
        17
      ]
    ],
    [
      [
        {
          "name": "x5  Bright",
          "rect": [
            0,
            0,
            54,
            54
          ],
          "offset": [
            0,
            0
          ],
          "originalSize": [
            54,
            54
          ],
          "capInsets": [
            0,
            0,
            0,
            0
          ]
        }
      ],
      [
        0
      ],
      0,
      [
        0
      ],
      [
        0
      ],
      [
        18
      ]
    ],
    [
      [
        {
          "name": "kim",
          "rect": [
            0,
            0,
            100,
            94
          ],
          "offset": [
            0,
            0
          ],
          "originalSize": [
            100,
            94
          ],
          "capInsets": [
            0,
            0,
            0,
            0
          ]
        }
      ],
      [
        0
      ],
      0,
      [
        0
      ],
      [
        0
      ],
      [
        19
      ]
    ],
    [
      [
        {
          "name": "vongtron",
          "rect": [
            0,
            1,
            155,
            156
          ],
          "offset": [
            -0.5,
            0
          ],
          "originalSize": [
            156,
            158
          ],
          "capInsets": [
            0,
            0,
            0,
            0
          ]
        }
      ],
      [
        0
      ],
      0,
      [
        0
      ],
      [
        0
      ],
      [
        20
      ]
    ]
  ]
]