[
  1,
  [
    "1ac42da85",
    "27TVCVUG9MJ6vwv3VuE67B",
    "a3TXP3nWJDJIfHgUIWxBg6",
    "a2+tKGQcNGjp6hjFSF60iw",
    "d20vMULi5IoJdkr6fCyL8d",
    "f2cASg085N6YOR3lsFTwj0",
    "ebRdvsadZAQrkFxnSnHpA0",
    "83EOkKb1tF4qVWmUMSuyaI",
    "75UnUn32ZNS6AQYSBZLQUU",
    "37pVw5aaBB3YMEU9QCzVsb",
    "59XVfVtdVBYoHbPZJWwfmi"
  ],
  [
    "_textureSetter",
    "value"
  ],
  [
    "cc.SpriteFrame",
    [
      "cc.AnimationClip",
      [
        "_name",
        "_duration",
        "sample",
        "wrapMode",
        "curveData"
      ],
      -1,
      11
    ]
  ],
  [
    [
      1,
      0,
      1,
      2,
      3,
      4,
      5
    ]
  ],
  [
    [
      [
        {
          "name": "00010001",
          "rect": [
            3,
            117,
            102,
            109
          ],
          "offset": [
            -1,
            0.5
          ],
          "originalSize": [
            104,
            110
          ],
          "rotated": 1,
          "capInsets": [
            0,
            0,
            0,
            0
          ]
        }
      ],
      [
        0
      ],
      0,
      [
        0
      ],
      [
        0
      ],
      [
        0
      ]
    ],
    [
      [
        {
          "name": "00010009",
          "rect": [
            3,
            225,
            91,
            109
          ],
          "offset": [
            -0.5,
            0.5
          ],
          "originalSize": [
            92,
            110
          ],
          "rotated": 1,
          "capInsets": [
            0,
            0,
            0,
            0
          ]
        }
      ],
      [
        0
      ],
      0,
      [
        0
      ],
      [
        0
      ],
      [
        0
      ]
    ],
    [
      [
        {
          "name": "00010010",
          "rect": [
            3,
            3,
            108,
            109
          ],
          "offset": [
            -1,
            0.5
          ],
          "originalSize": [
            110,
            110
          ],
          "rotated": 1,
          "capInsets": [
            0,
            0,
            0,
            0
          ]
        }
      ],
      [
        0
      ],
      0,
      [
        0
      ],
      [
        0
      ],
      [
        0
      ]
    ],
    [
      [
        {
          "name": "00010008",
          "rect": [
            3,
            391,
            38,
            109
          ],
          "offset": [
            0,
            0
          ],
          "originalSize": [
            38,
            109
          ],
          "rotated": 1,
          "capInsets": [
            0,
            0,
            0,
            0
          ]
        }
      ],
      [
        0
      ],
      0,
      [
        0
      ],
      [
        0
      ],
      [
        0
      ]
    ],
    [
      [
        {
          "name": "00010007",
          "rect": [
            3,
            435,
            54,
            108
          ],
          "offset": [
            -1,
            0
          ],
          "originalSize": [
            56,
            110
          ],
          "rotated": 1,
          "capInsets": [
            0,
            0,
            0,
            0
          ]
        }
      ],
      [
        0
      ],
      0,
      [
        0
      ],
      [
        0
      ],
      [
        0
      ]
    ],
    [
      [
        {
          "name": "00010003",
          "rect": [
            3,
            495,
            28,
            108
          ],
          "offset": [
            0,
            0
          ],
          "originalSize": [
            28,
            108
          ],
          "rotated": 1,
          "capInsets": [
            0,
            0,
            0,
            0
          ]
        }
      ],
      [
        0
      ],
      0,
      [
        0
      ],
      [
        0
      ],
      [
        0
      ]
    ],
    [
      [
        {
          "name": "00010002",
          "rect": [
            3,
            322,
            63,
            109
          ],
          "offset": [
            0,
            0
          ],
          "originalSize": [
            63,
            109
          ],
          "rotated": 1,
          "capInsets": [
            0,
            0,
            0,
            0
          ]
        }
      ],
      [
        0
      ],
      0,
      [
        0
      ],
      [
        0
      ],
      [
        0
      ]
    ],
    [
      [
        [
          0,
          "Coin",
          0.6666666666666666,
          15,
          2,
          [
            {},
            "comps",
            11,
            [
              {},
              "cc.Sprite",
              11,
              [
                {},
                "spriteFrame",
                12,
                [
                  [
                    [
                      {
                        "frame": 0
                      },
                      "value",
                      6,
                      0
                    ],
                    [
                      {
                        "frame": 0.06666666666666667
                      },
                      "value",
                      6,
                      1
                    ],
                    [
                      {
                        "frame": 0.13333333333333333
                      },
                      "value",
                      6,
                      2
                    ],
                    [
                      {
                        "frame": 0.2
                      },
                      "value",
                      6,
                      3
                    ],
                    [
                      {
                        "frame": 0.26666666666666666
                      },
                      "value",
                      6,
                      4
                    ],
                    [
                      {
                        "frame": 0.3333333333333333
                      },
                      "value",
                      6,
                      5
                    ],
                    [
                      {
                        "frame": 0.4
                      },
                      "value",
                      6,
                      6
                    ],
                    [
                      {
                        "frame": 0.4666666666666667
                      },
                      "value",
                      6,
                      7
                    ],
                    [
                      {
                        "frame": 0.5333333333333333
                      },
                      "value",
                      6,
                      8
                    ],
                    [
                      {
                        "frame": 0.6
                      },
                      "value",
                      6,
                      9
                    ]
                  ],
                  11,
                  11,
                  11,
                  11,
                  11,
                  11,
                  11,
                  11,
                  11,
                  11
                ]
              ]
            ]
          ]
        ]
      ],
      0,
      0,
      [
        0,
        0,
        0,
        0,
        0,
        0,
        0,
        0,
        0,
        0
      ],
      [
        1,
        1,
        1,
        1,
        1,
        1,
        1,
        1,
        1,
        1
      ],
      [
        1,
        2,
        3,
        4,
        5,
        6,
        7,
        8,
        9,
        10
      ]
    ],
    [
      [
        {
          "name": "00010004",
          "rect": [
            3,
            744,
            84,
            107
          ],
          "offset": [
            0,
            0
          ],
          "originalSize": [
            84,
            107
          ],
          "rotated": 1,
          "capInsets": [
            0,
            0,
            0,
            0
          ]
        }
      ],
      [
        0
      ],
      0,
      [
        0
      ],
      [
        0
      ],
      [
        0
      ]
    ],
    [
      [
        {
          "name": "00010006",
          "rect": [
            3,
            641,
            97,
            107
          ],
          "offset": [
            -0.5,
            0.5
          ],
          "originalSize": [
            98,
            108
          ],
          "rotated": 1,
          "capInsets": [
            0,
            0,
            0,
            0
          ]
        }
      ],
      [
        0
      ],
      0,
      [
        0
      ],
      [
        0
      ],
      [
        0
      ]
    ],
    [
      [
        {
          "name": "00010005",
          "rect": [
            3,
            529,
            106,
            107
          ],
          "offset": [
            0,
            0
          ],
          "originalSize": [
            106,
            107
          ],
          "rotated": 1,
          "capInsets": [
            0,
            0,
            0,
            0
          ]
        }
      ],
      [
        0
      ],
      0,
      [
        0
      ],
      [
        0
      ],
      [
        0
      ]
    ]
  ]
]