[
  1,
  [
    "1aaf2bea5",
    "766lZfXqhEh7qKotyh6xvY",
    "1e2WKc59NEQIDpjtpjahYx",
    "1dA3cbIfVIPbx/yxM64JS6"
  ],
  [
    "_textureSetter",
    "value"
  ],
  [
    "cc.SpriteFrame",
    [
      "cc.AnimationClip",
      [
        "_name",
        "_duration",
        "sample",
        "wrapMode",
        "curveData"
      ],
      -1,
      11
    ]
  ],
  [
    [
      1,
      0,
      1,
      2,
      3,
      4,
      5
    ]
  ],
  [
    [
      [
        {
          "name": "gun999fire3",
          "rect": [
            485,
            725,
            77,
            44
          ],
          "offset": [
            0,
            0
          ],
          "originalSize": [
            77,
            44
          ],
          "rotated": 1,
          "capInsets": [
            0,
            0,
            0,
            0
          ]
        }
      ],
      [
        0
      ],
      0,
      [
        0
      ],
      [
        0
      ],
      [
        0
      ]
    ],
    [
      [
        {
          "name": "gun999fire2",
          "rect": [
            535,
            725,
            75,
            42
          ],
          "offset": [
            0,
            0
          ],
          "originalSize": [
            75,
            42
          ],
          "rotated": 1,
          "capInsets": [
            0,
            0,
            0,
            0
          ]
        }
      ],
      [
        0
      ],
      0,
      [
        0
      ],
      [
        0
      ],
      [
        0
      ]
    ],
    [
      [
        [
          0,
          "GunSet",
          0.3,
          10,
          2,
          [
            {},
            "comps",
            11,
            [
              {},
              "cc.Sprite",
              11,
              [
                {},
                "spriteFrame",
                12,
                [
                  [
                    [
                      {
                        "frame": 0
                      },
                      "value",
                      6,
                      0
                    ],
                    [
                      {
                        "frame": 0.1
                      },
                      "value",
                      6,
                      1
                    ],
                    [
                      {
                        "frame": 0.2
                      },
                      "value",
                      6,
                      2
                    ]
                  ],
                  11,
                  11,
                  11
                ]
              ]
            ]
          ]
        ]
      ],
      0,
      0,
      [
        0,
        0,
        0
      ],
      [
        1,
        1,
        1
      ],
      [
        1,
        2,
        3
      ]
    ],
    [
      [
        {
          "name": "gun999fire1",
          "rect": [
            583,
            725,
            71,
            44
          ],
          "offset": [
            0,
            0
          ],
          "originalSize": [
            71,
            44
          ],
          "rotated": 1,
          "capInsets": [
            0,
            0,
            0,
            0
          ]
        }
      ],
      [
        0
      ],
      0,
      [
        0
      ],
      [
        0
      ],
      [
        0
      ]
    ]
  ]
]