[1,["34N3uSq1lHsIaC/+vWDQ9a","e1ld5tA29C/qyMaxtHudub","13aRjW5UhLuLF7vePutzrE","4e0nr7UCNEo53pQ1kRA8xp","eaRK39fRlA7bLIYmKYDe+c","5b+4Fm4MpN4IWPK0tIr1nC","edi5zdToVGIpyRq7vhCFGS"],["_textureSetter","s_scatter_a","s_scatter_b","s_wild_a","s_scatter","s_wild_c","s_wild_b"],["cc.SpriteFrame",["cc.SpriteAtlas",["_name","_spriteFrames"],2,11]],[[1,0,1,2]],[[[{"name":"s_scatter_b","rect":[181,1,178,366],"offset":[0,0],"originalSize":[350,736],"capInsets":[0,0,0,0]}],[0],0,[0],[0],[0]],[[{"name":"s_wild_a","rect":[607,181,178,186],"offset":[0,0],"originalSize":[480,480],"capInsets":[0,0,0,0]}],[0],0,[0],[0],[0]],[[{"name":"s_wild_c","rect":[361,1,178,546],"offset":[0,0],"originalSize":[480,760],"rotated":1,"capInsets":[0,0,0,0]}],[0],0,[0],[0],[0]],[[[0,"Alats35.plist",[{},"s_scatter_a",6,0,"s_scatter_b",6,1,"s_wild_a",6,2,"s_scatter",6,3,"s_wild_c",6,4,"s_wild_b",6,5]]],0,0,[0,0,0,0,0,0],[1,2,3,4,5,6],[1,2,3,4,5,6]],[[{"name":"s_scatter","rect":[361,181,244,208],"offset":[1,0],"originalSize":[480,480],"capInsets":[0,0,0,0]}],[0],0,[0],[0],[0]],[[{"name":"s_wild_b","rect":[1,1,178,368],"offset":[0,0],"originalSize":[480,480],"capInsets":[0,0,0,0]}],[0],0,[0],[0],[0]]]]