[1,["berkdCJ6xIZLw7Z8VFGd+J"],["_textureSetter"],["cc.SpriteFrame"],0,[[[{"name":"mw_d","rect":[1,1,540,960],"offset":[0,0],"originalSize":[540,960],"capInsets":[0,0,0,0]}],[0],0,[0],[0],[0]],[[{"name":"mw_b","rect":[1012,604,288,363],"offset":[0,0],"originalSize":[288,363],"capInsets":[0,0,0,0]}],[0],0,[0],[0],[0]],[[{"name":"mw_c","rect":[543,1,540,601],"offset":[0,0],"originalSize":[540,601],"capInsets":[0,0,0,0]}],[0],0,[0],[0],[0]],[[{"name":"mw_e","rect":[1302,496,427,316],"offset":[0,0],"originalSize":[427,316],"rotated":1,"capInsets":[0,0,0,0]}],[0],0,[0],[0],[0]],[[{"name":"mw_a","rect":[543,604,467,406],"offset":[0,0],"originalSize":[467,406],"capInsets":[0,0,0,0]}],[0],0,[0],[0],[0]]]]