[1,["4eOIugbpxMPrCqjJW499j7","37iHMJebtGp45ahpCT5+Lg","0azxlJIopAGqkR1J98A/sY","4fhtlMIVtAcomB9HEqsSTw","c8h//g+MJGqrXMoNuyX6UU","51KDpqwnBCEYIzGJOrQD7m","6aLlwHSTBMpL50xaA5dOyR","beybO36FRDCqBy1evrBW/T","832A0OTq9FVpqzv+af28O3","3794dMJ1FAc7VEOdjhepar"],["_textureSetter","txt_x10_blur","txt_x7_blur","txt_x8_blur","txt_x2_blur","txt_x6_blur","txt_x3_blur","txt_x9_blur","txt_x5_blur","txt_x4_blur"],["cc.SpriteFrame",["cc.SpriteAtlas",["_name","_spriteFrames"],2,11]],[[1,0,1,2]],[[[{"name":"txt_x7_blur","rect":[383,1,91,73],"offset":[0,0],"originalSize":[175,175],"capInsets":[0,0,0,0]}],[0],0,[0],[0],[0]],[[{"name":"txt_x10_blur","rect":[1,1,101,75],"offset":[1,0],"originalSize":[175,175],"capInsets":[0,0,0,0]}],[0],0,[0],[0],[0]],[[{"name":"txt_x4_blur","rect":[104,1,91,73],"offset":[0,0],"originalSize":[175,175],"capInsets":[0,0,0,0]}],[0],0,[0],[0],[0]],[[{"name":"txt_x8_blur","rect":[476,1,91,73],"offset":[0,0],"originalSize":[175,175],"capInsets":[0,0,0,0]}],[0],0,[0],[0],[0]],[[{"name":"txt_x6_blur","rect":[290,1,91,73],"offset":[0,0],"originalSize":[175,175],"capInsets":[0,0,0,0]}],[0],0,[0],[0],[0]],[[{"name":"txt_x3_blur","rect":[753,1,89,75],"offset":[0,0],"originalSize":[175,175],"capInsets":[0,0,0,0]}],[0],0,[0],[0],[0]],[[{"name":"txt_x5_blur","rect":[197,1,91,73],"offset":[0,0],"originalSize":[175,175],"capInsets":[0,0,0,0]}],[0],0,[0],[0],[0]],[[{"name":"txt_x9_blur","rect":[569,1,91,73],"offset":[0,0],"originalSize":[175,175],"capInsets":[0,0,0,0]}],[0],0,[0],[0],[0]],[[{"name":"txt_x2_blur","rect":[662,1,89,75],"offset":[0,0],"originalSize":[175,175],"capInsets":[0,0,0,0]}],[0],0,[0],[0],[0]],[[[0,"Alats42.plist",[{},"txt_x10_blur",6,0,"txt_x7_blur",6,1,"txt_x8_blur",6,2,"txt_x2_blur",6,3,"txt_x6_blur",6,4,"txt_x3_blur",6,5,"txt_x9_blur",6,6,"txt_x5_blur",6,7,"txt_x4_blur",6,8]]],0,0,[0,0,0,0,0,0,0,0,0],[1,2,3,4,5,6,7,8,9],[1,2,3,4,5,6,7,8,9]]]]