[
  1,
  [
    "80rWvOEnBLl4+Nf95JayeH"
  ],
  [
    "_textureSetter"
  ],
  [
    "cc.SpriteFrame"
  ],
  0,
  [
    [
      [
        {
          "name": "bullet204fire0",
          "rect": [
            458,
            593,
            109,
            411
          ],
          "offset": [
            26,
            31
          ],
          "originalSize": [
            175,
            442
          ],
          "capInsets": [
            0,
            0,
            0,
            0
          ]
        }
      ],
      [
        0
      ],
      0,
      [
        0
      ],
      [
        0
      ],
      [
        0
      ]
    ],
    [
      [
        {
          "name": "bullet204explode3",
          "rect": [
            286,
            179,
            148,
            434
          ],
          "offset": [
            13,
            8
          ],
          "originalSize": [
            175,
            442
          ],
          "capInsets": [
            0,
            0,
            0,
            0
          ]
        }
      ],
      [
        0
      ],
      0,
      [
        0
      ],
      [
        0
      ],
      [
        0
      ]
    ],
    [
      [
        {
          "name": "bullet204explode4",
          "rect": [
            578,
            2,
            175,
            442
          ],
          "offset": [
            0,
            0
          ],
          "originalSize": [
            175,
            442
          ],
          "rotated": 1,
          "capInsets": [
            0,
            0,
            0,
            0
          ]
        }
      ],
      [
        0
      ],
      0,
      [
        0
      ],
      [
        0
      ],
      [
        0
      ]
    ],
    [
      [
        {
          "name": "bullet204explode5",
          "rect": [
            436,
            179,
            113,
            412
          ],
          "offset": [
            26,
            30
          ],
          "originalSize": [
            175,
            442
          ],
          "capInsets": [
            0,
            0,
            0,
            0
          ]
        }
      ],
      [
        0
      ],
      0,
      [
        0
      ],
      [
        0
      ],
      [
        0
      ]
    ],
    [
      [
        {
          "name": "bullet204Area",
          "rect": [
            767,
            179,
            253,
            256
          ],
          "offset": [
            3,
            0
          ],
          "originalSize": [
            256,
            256
          ],
          "capInsets": [
            0,
            0,
            0,
            0
          ]
        }
      ],
      [
        0
      ],
      0,
      [
        0
      ],
      [
        0
      ],
      [
        0
      ]
    ]
  ]
]