[1,["6cZf82qlNFXpXT14VQiE6Z","15PvNCKKdOfJs/h54Bd77b","66+BtLmUJEtbwUbZ5z93jo"],["_textureSetter","spriteFrame"],["cc.SpriteFrame",["cc.BitmapFont",["_name","fontSize","_fntConfig"],0]],[[1,0,1,2,4]],[[[{"name":"MyriadB_YO-export","rect":[0,0,244,250],"offset":[-1,1],"originalSize":[246,252],"capInsets":[0,0,0,0]}],[0],0,[0],[0],[0]],[[[0,"MyriadB_YO-export",32,{"commonHeight":35,"fontSize":32,"atlasName":"MyriadB_YO-export.png","fontDefDictionary":{"9":{"xOffset":0,"yOffset":0,"xAdvance":210,"rect":{"x":0,"y":0,"width":0,"height":0}},"32":{"xOffset":0,"yOffset":0,"xAdvance":7,"rect":{"x":0,"y":0,"width":0,"height":0}},"65":{"xOffset":0,"yOffset":2,"xAdvance":28,"rect":{"x":69,"y":215,"width":31,"height":33}},"66":{"xOffset":0,"yOffset":2,"xAdvance":24,"rect":{"x":198,"y":155,"width":27,"height":33}},"67":{"xOffset":0,"yOffset":2,"xAdvance":25,"rect":{"x":169,"y":0,"width":28,"height":33}},"68":{"xOffset":0,"yOffset":2,"xAdvance":27,"rect":{"x":135,"y":217,"width":30,"height":33}},"69":{"xOffset":0,"yOffset":2,"xAdvance":22,"rect":{"x":199,"y":0,"width":25,"height":33}},"71":{"xOffset":0,"yOffset":2,"xAdvance":28,"rect":{"x":70,"y":135,"width":31,"height":33}},"72":{"xOffset":0,"yOffset":2,"xAdvance":26,"rect":{"x":167,"y":167,"width":29,"height":33}},"73":{"xOffset":0,"yOffset":2,"xAdvance":11,"rect":{"x":225,"y":84,"width":14,"height":33}},"75":{"xOffset":0,"yOffset":2,"xAdvance":26,"rect":{"x":136,"y":126,"width":29,"height":33}},"76":{"xOffset":0,"yOffset":2,"xAdvance":21,"rect":{"x":199,"y":84,"width":24,"height":33}},"77":{"xOffset":0,"yOffset":2,"xAdvance":33,"rect":{"x":0,"y":0,"width":36,"height":33}},"78":{"xOffset":0,"yOffset":2,"xAdvance":26,"rect":{"x":168,"y":85,"width":29,"height":33}},"79":{"xOffset":0,"yOffset":2,"xAdvance":29,"rect":{"x":35,"y":215,"width":32,"height":33}},"82":{"xOffset":0,"yOffset":2,"xAdvance":25,"rect":{"x":169,"y":35,"width":28,"height":33}},"83":{"xOffset":0,"yOffset":2,"xAdvance":23,"rect":{"x":198,"y":190,"width":26,"height":33}},"84":{"xOffset":0,"yOffset":2,"xAdvance":25,"rect":{"x":198,"y":120,"width":28,"height":33}},"85":{"xOffset":0,"yOffset":2,"xAdvance":26,"rect":{"x":167,"y":202,"width":29,"height":33}},"86":{"xOffset":0,"yOffset":2,"xAdvance":28,"rect":{"x":102,"y":217,"width":31,"height":33}},"89":{"xOffset":0,"yOffset":2,"xAdvance":27,"rect":{"x":38,"y":0,"width":30,"height":33}},"192":{"xOffset":0,"yOffset":-4,"xAdvance":28,"rect":{"x":103,"y":85,"width":31,"height":39}},"193":{"xOffset":0,"yOffset":-4,"xAdvance":28,"rect":{"x":103,"y":126,"width":31,"height":39}},"194":{"xOffset":0,"yOffset":-4,"xAdvance":28,"rect":{"x":103,"y":0,"width":31,"height":39}},"205":{"xOffset":0,"yOffset":-4,"xAdvance":15,"rect":{"x":226,"y":0,"width":18,"height":39}},"212":{"xOffset":0,"yOffset":-4,"xAdvance":29,"rect":{"x":36,"y":81,"width":32,"height":39}},"217":{"xOffset":0,"yOffset":-4,"xAdvance":26,"rect":{"x":136,"y":161,"width":29,"height":39}},"258":{"xOffset":0,"yOffset":-4,"xAdvance":28,"rect":{"x":136,"y":44,"width":31,"height":39}},"272":{"xOffset":0,"yOffset":2,"xAdvance":30,"rect":{"x":0,"y":162,"width":33,"height":33}},"360":{"xOffset":0,"yOffset":-4,"xAdvance":26,"rect":{"x":167,"y":126,"width":29,"height":39}},"431":{"xOffset":0,"yOffset":-3,"xAdvance":30,"rect":{"x":0,"y":122,"width":33,"height":38}},"7842":{"xOffset":0,"yOffset":-7,"xAdvance":28,"rect":{"x":70,"y":44,"width":31,"height":42}},"7844":{"xOffset":0,"yOffset":-7,"xAdvance":28,"rect":{"x":70,"y":0,"width":31,"height":42}},"7846":{"xOffset":0,"yOffset":-7,"xAdvance":28,"rect":{"x":136,"y":0,"width":31,"height":42}},"7850":{"xOffset":0,"yOffset":-9,"xAdvance":29,"rect":{"x":36,"y":35,"width":32,"height":44}},"7854":{"xOffset":0,"yOffset":-7,"xAdvance":28,"rect":{"x":103,"y":41,"width":31,"height":42}},"7858":{"xOffset":0,"yOffset":-10,"xAdvance":28,"rect":{"x":70,"y":88,"width":31,"height":45}},"7862":{"xOffset":0,"yOffset":-5,"xAdvance":28,"rect":{"x":103,"y":167,"width":31,"height":48}},"7878":{"xOffset":0,"yOffset":-4,"xAdvance":22,"rect":{"x":199,"y":35,"width":25,"height":47}},"7882":{"xOffset":0,"yOffset":2,"xAdvance":11,"rect":{"x":226,"y":41,"width":14,"height":41}},"7888":{"xOffset":0,"yOffset":-7,"xAdvance":29,"rect":{"x":69,"y":171,"width":32,"height":42}},"7890":{"xOffset":0,"yOffset":-7,"xAdvance":29,"rect":{"x":35,"y":171,"width":32,"height":42}},"7898":{"xOffset":0,"yOffset":-4,"xAdvance":31,"rect":{"x":0,"y":35,"width":34,"height":39}},"7906":{"xOffset":0,"yOffset":-1,"xAdvance":31,"rect":{"x":0,"y":76,"width":34,"height":44}},"7916":{"xOffset":0,"yOffset":-7,"xAdvance":30,"rect":{"x":0,"y":197,"width":33,"height":42}},"7920":{"xOffset":0,"yOffset":-3,"xAdvance":30,"rect":{"x":35,"y":122,"width":33,"height":47}},"7928":{"xOffset":0,"yOffset":-4,"xAdvance":27,"rect":{"x":136,"y":85,"width":30,"height":39}}},"kerningDict":{}}]],0,0,[0],[1],[1]],[[{"name":"idle","rect":[0,0,106,96],"offset":[0,0],"originalSize":[106,96],"capInsets":[0,0,0,0]}],[0],0,[0],[0],[2]]]]