{"paths":{"0":["assetGet/img/5",4],"1":["assetGet/img/8",4],"2":["assetGet/img/14",4],"3":["assetGet/img/6",4],"4":["assetGet/img/18",4],"5":["assetGet/img/4",4],"6":["assetGet/img/d3004b23af",4],"7":["assetGet/img/7",4],"8":["assetGet/img/13",4],"9":["assetGet/img/17",4],"10":["assetGet/img/11",4],"11":["assetGet/img/12",4],"12":["assetGet/img/15",4],"13":["assetGet/alats/Symbol/Alats35",4],"14":["Audio/featureBuyStart",0],"15":["Audio/vox/voxRandom06",0],"16":["Audio/vox/voxRandom02",0],"17":["assetGet/alats/Symbol/Scatter/Alats46",4],"18":["assetGet/alats/Symbol/Alats64",4],"19":["Audio/heartbeatSlowdrop",0],"20":["assetGet/alats/InfoBar/Alats17",4],"21":["Audio/vox/voxPayout2tiao",0],"22":["Audio/vox/voxRandom04",0],"23":["assetGet/alats/Alats60",4],"24":["assetGet/alats/Fs/Alats4",4],"25":["assetGet/alats/InfoBar/Alats24",4],"26":["Audio/featureBuyBtn",0],"27":["assetGet/img/2",4],"28":["assetGet/alats/Symbol/Alats68",4],"29":["Audio/menu_icon_press",0],"30":["assetGet/alats/Fs/Atlast4/Alats4",4],"31":["assetGet/CachChoi/02",4],"32":["assetGet/alats/Symbol/Alats38",4],"33":["Audio/vox/voxPayout8wan",0],"34":["Audio/vox/voxPayoutBaiban",0],"35":["Audio/vox/voxRandom05",0],"36":["assetGet/alats/Alats14",4],"37":["assetGet/img/16",4],"38":["Audio/vox/voxPayoutHongzhong",0],"39":["assetGet/alats/InfoBar/Alats22",4],"40":["assetGet/alats/Fs/Alats32",4],"41":["Audio/multiCombine",0],"42":["assetGet/alats/InfoBar/Alats28",4],"43":["assetGet/alats/InfoBar/Alats16",4],"44":["Audio/prizeInfobarTotalwinMedMain",0],"45":["assetGet/alats/Symbol/Scatter/Alats47",4],"46":["assetGet/alats/MultiControl/Alats52",4],"47":["Audio/vox/reelStopSingle",0],"48":["Audio/vox/voxRandom08",0],"49":["Audio/vox/voxPayoutFacai",0],"50":["assetGet/alats/Fs/Alats43",4],"51":["Audio/vox/voxRandom07",0],"52":["Audio/uiInfo",0],"53":["Audio/fastspinStart",0],"54":["assetGet/img/3",4],"55":["Audio/vox/voxRandom09",0],"56":["assetGet/alats/Fs/Alats7",4],"57":["Audio/heartbeat",0],"58":["Audio/vox/infoBoard/infoboardTotalwinMedwinEnd",0],"59":["assetGet/alats/InfoBar/Alats26",4],"60":["Audio/vox/infoBoard/infoboardTotalwin",0],"61":["assetGet/CachChoi/06",4],"62":["Audio/uiCollect",0],"63":["assetGet/alats/InfoBar/Alats59",4],"64":["assetGet/alats/Symbol/Alats42",4],"65":["assetGet/alats/Dragon/Alats61",4],"66":["Audio/symWild",0],"67":["assetGet/CachChoi/04",4],"68":["assetGet/alats/InfoBar/Alats23",4],"69":["Audio/vox/voxMultiply4x",0],"70":["assetGet/alats/Fs/Alats10",4],"71":["assetGet/alats/Dragon/Alats63",4],"72":["Audio/vox/voxRandom11",0],"73":["assetGet/CachChoi/05",4],"74":["assetGet/alats/Icon/Alats11",4],"75":["assetGet/alats/Font/Alats15",4],"76":["Audio/spinStopQuick",0],"77":["assetGet/alats/InfoBar/Alats19",4],"78":["assetGet/alats/ButtonSpin/Alats55",4],"79":["assetGet/img/66",4],"80":["Audio/bgm_mg",0],"81":["Audio/symScatter",0],"82":["Audio/scatterWinHighligh",0],"83":["assetGet/alats/Dragon/Alats67",4],"84":["assetGet/alats/Background/Alats66",4],"85":["Audio/vox/voxPayout5tiao",0],"86":["assetGet/alats/InfoBar/Alats62",4],"87":["Audio/spinActiveLoop",0],"88":["assetGet/alats/InfoBar/Alats29",4],"89":["Audio/list_item_click",0],"90":["assetGet/alats/Fs/Alats33",4],"91":["Audio/vox/voxRandom03",0],"92":["Audio/rouletteEnd",0],"93":["assetGet/alats/InfoBar/Alats20",4],"94":["Audio/vox/voxMultiply5x",0],"95":["Audio/vox/voxMultiply6x",0],"96":["assetGet/CachChoi/03",4],"97":["assetGet/alats/Fs/Alats6",4],"98":["assetGet/img/9",4],"99":["assetGet/alats/Symbol/Scatter/Alats45",4],"100":["assetGet/alats/Dragon/Alats13",4],"101":["Audio/vox/reelQuickstop",0],"102":["Audio/fsWonRemainingIncrease",0],"103":["assetGet/alats/Win/Alats8",4],"104":["Audio/vox/voxRandom01",0],"105":["Audio/prizeInfobarTotalwin",0],"106":["assetGet/alats/Fs/Alats2",4],"107":["Audio/vox/infoBoard/infoboardTotalwinBigwin",0],"108":["assetGet/CachChoi/01",4],"109":["Audio/spinStop",0],"110":["Audio/bgmTotalwinEnd",0],"111":["Audio/fsSpin",0],"112":["Audio/prizeInfobarTotalwinMedEnd",0],"113":["Audio/vox/voxPayout5tong",0],"114":["assetGet/alats/Symbol/Alats39",4],"115":["assetGet/alats/Dragon/Alats30",4],"116":["assetGet/alats/Symbol/Scatter/Alats41",4],"117":["Audio/vox/voxRandom12",0],"118":["Audio/vox/voxMultiply10x",0],"119":["Audio/fsIntro",0],"120":["assetGet/alats/ButtonSpin/Alats54",4],"121":["assetGet/alats/MultiControl/Alats51",4],"122":["Audio/symCollapse",0],"123":["assetGet/img/19",4],"124":["Audio/prizeSmallwin",0],"125":["Audio/vox/fsDragonFly",0],"126":["assetGet/alats/MultiControl/Alats50",4],"127":["Audio/vox/maJiangHuLe",0],"128":["assetGet/alats/Fs/Alats12",4],"129":["assetGet/alats/InfoBar/Alats21",4],"130":["Audio/featureBuyHover",0],"131":["Audio/prizeSmallwinMultiplied",0],"132":["assetGet/img/10",4],"133":["assetGet/alats/Fs/Alats5",4],"134":["assetGet/alats/ButtonSpin/Alats31",4],"135":["Audio/vox/voxMultiply3x",0],"136":["assetGet/alats/MultiControl/Alats49",4],"137":["Audio/prizeInfobarUpgrade",0],"138":["assetGet/alats/InfoBar/Alats18",4],"139":["assetGet/alats/Win/Alats34",4],"140":["assetGet/img/launch",4],"141":["Audio/fsWonTitle",0],"142":["Audio/vox/voxRandom10",0],"143":["assetGet/alats/Icon/Alats1",4],"144":["Audio/rouletteStart",0],"145":["assetGet/img/1",4],"146":["assetGet/alats/InfoBar/Alats27",4],"147":["assetGet/alats/Win/Alats40",4],"148":["Audio/heartbeatNoise",0],"149":["Audio/bgmTotalwinMain",0],"150":["Audio/vox/fsMultiplyRefresh",0],"151":["Audio/slider_effect",0],"152":["Audio/symShrink",0],"153":["assetGet/alats/ButtonSpin/Alats53",4],"154":["assetGet/alats/Symbol/Alats36",4],"155":["assetGet/alats/Symbol/Alats37",4],"156":["assetGet/alats/Background/Alats65",4],"157":["Audio/vox/infoBoard/infoboardTotalwinMedwin",0],"158":["assetGet/alats/BigWin/Alats57",4],"159":["Audio/bgm_fs",0],"160":["Audio/rouletteLoop",0],"161":["Audio/uiStart",0],"162":["assetGet/alats/Alats58",4],"163":["assetGet/alats/Font/Alats9",4],"164":["assetGet/alats/Symbol/Scatter/Alats48",4],"165":["assetGet/alats/BigWin/Alats56",4],"166":["Audio/spinBtn",0],"167":["Audio/fastspinEnd",0],"168":["Audio/bgmBigwinMain",0],"169":["Audio/vox/voxPayout3tong",0],"170":["Audio/fsTrans",0],"171":["assetGet/alats/InfoBar/Alats25",4],"172":["Audio/bgmBigwinEndCoins",0],"173":["Audio/vox/multiplierUpUpUp",0],"174":["Audio/featureBuyCancel",0],"175":["assetGet/alats/Font/Alats44",4],"176":["Audio/bgmBigwinEnd",0],"177":["Audio/vox/voxPayout2tong",0],"178":["Audio/vox/voxMultiply2x",0],"179":["assetGet/alats/InfoBar/Alats20",5],"180":["assetGet/Animation/MultiCtr/upMultiFS",2],"181":["assetGet/alats/Fs/Alats7",5],"182":["assetGet/alats/Dragon/Alats61",5],"183":["assetGet/Animation/FreeSpin/ingot_shine",2],"184":["assetGet/Animation/wincoin",2],"185":["assetGet/Animation/Scatter/effectBgScatter",2],"186":["Frefabs/TakeSymbol1",1],"187":["assetGet/Animation/Scatter/effBgFs",2],"188":["assetGet/alats/Symbol/Alats38",5],"189":["assetGet/Animation/MultiCtr/bonusBgMulti",2],"190":["assetGet/Animation/MultiCtr/multiplierLoop",2],"191":["assetGet/alats/Fs/Alats6",5],"192":["assetGet/img/2",3,1],"193":["assetGet/Animation/ButtonSpin/Btn_Click",2],"194":["assetGet/alats/InfoBar/Alats16",5],"195":["assetGet/CachChoi/05",3,1],"196":["Frefabs/Coin",1],"197":["assetGet/alats/MultiControl/Alats50",5],"198":["assetGet/Animation/fast_vfx_c",2],"199":["assetGet/alats/InfoBar/Alats29",5],"200":["assetGet/alats/Symbol/Scatter/Alats48",5],"201":["assetGet/alats/InfoBar/Alats28",5],"202":["assetGet/Animation/FreeSpin/btnEndFS",2],"203":["assetGet/img/16",3,1],"204":["Frefabs/NearFreeSpin",1],"205":["assetGet/alats/InfoBar/Alats62",5],"206":["assetGet/alats/Symbol/Alats37",5],"207":["Frefabs/EffectRemoveItem",1],"208":["assetGet/Animation/FreeSpin/particleFs",2],"209":["assetGet/img/66",3,1],"210":["assetGet/Animation/fast_vfx_a",2],"211":["assetGet/alats/Icon/Alats1",5],"212":["assetGet/alats/BigWin/Alats56",5],"213":["assetGet/alats/Alats58",5],"214":["assetGet/Animation/BigWin/MegaWin1",2],"215":["assetGet/alats/InfoBar/Alats24",5],"216":["assetGet/alats/Icon/Alats11",5],"217":["assetGet/alats/Win/Alats8",5],"218":["assetGet/Animation/InfoBar/TakeMoney",2],"219":["assetGet/img/3",3,1],"220":["assetGet/alats/Fs/Alats2",5],"221":["assetGet/Animation/ingot_shine",2],"222":["assetGet/alats/InfoBar/Alats25",5],"223":["assetGet/Animation/TakeItem/remove",2],"224":["Frefabs/Bigwin",1],"225":["assetGet/Animation/BigWin/LoopBg",2],"227":["assetGet/alats/Symbol/Alats64",5],"228":["assetGet/alats/Symbol/Alats42",5],"229":["assetGet/Animation/InfoBar/TakeTotalWin",2],"230":["assetGet/Animation/TakeItem/takeSymbol1",2],"231":["assetGet/Animation/TakeItem/takeSymbol2",2],"232":["assetGet/Animation/bonus_glow",2],"233":["assetGet/alats/InfoBar/Alats23",5],"234":["assetGet/CachChoi/02",3,1],"235":["assetGet/alats/Font/Alats15",5],"236":["assetGet/alats/Fs/Alats12",5],"237":["assetGet/alats/InfoBar/Alats22",5],"238":["Frefabs/NodeAddShuff",1],"239":["assetGet/Animation/FreeSpin/Dragon/dragonAura",2],"240":["assetGet/Animation/TakeItem/takeSymbol",2],"241":["assetGet/Animation/BigWin/BgCoinLoop",2],"242":["assetGet/Animation/FreeSpin/Dragon/dragonTrail",2],"243":["assetGet/alats/InfoBar/Alats59",5],"244":["assetGet/Animation/BigWin/ParticleLoop",2],"245":["assetGet/Animation/fastSpin",2],"246":["assetGet/CachChoi/03",3,1],"247":["assetGet/alats/Dragon/Alats13",5],"248":["assetGet/Animation/FreeSpin/Dragon/dragonParticle2",2],"249":["assetGet/alats/Symbol/Scatter/Alats45",5],"250":["assetGet/Animation/FreeSpin/particleLoopFS",2],"251":["assetGet/Animation/fast_vfx_d",2],"252":["assetGet/alats/InfoBar/Alats19",5],"253":["assetGet/alats/MultiControl/Alats49",5],"254":["assetGet/CachChoi/01",3,1],"255":["assetGet/Animation/dragon",2],"257":["assetGet/alats/ButtonSpin/Alats54",5],"258":["assetGet/Animation/BigWin/LoopLight",2],"259":["assetGet/Animation/TakeItem/takeSymbolWild",2],"260":["assetGet/alats/Symbol/Scatter/Alats47",5],"261":["assetGet/alats/Fs/Alats4",5],"262":["assetGet/alats/Background/Alats65",5],"263":["assetGet/alats/Win/Alats34",5],"264":["assetGet/alats/Fs/Alats43",5],"265":["Frefabs/CachChoi",1],"266":["assetGet/img/9",3,1],"267":["assetGet/alats/InfoBar/Alats17",5],"268":["Frefabs/DragonFreeSpin",1],"269":["assetGet/alats/Symbol/Alats35",5],"270":["assetGet/alats/Symbol/Scatter/Alats46",5],"271":["assetGet/CachChoi/06",3,1],"272":["assetGet/alats/Background/Alats66",5],"273":["assetGet/alats/Dragon/Alats30",5],"274":["Frefabs/EndFreeSpin",1],"275":["assetGet/Animation/BigWin/BigWin3",2],"276":["assetGet/Animation/Scatter/effectScatter",2],"277":["assetGet/alats/InfoBar/Alats27",5],"278":["assetGet/Animation/scatter_vfx_b",2],"279":["assetGet/alats/Symbol/Scatter/Alats41",5],"280":["assetGet/alats/Fs/Alats32",5],"281":["Frefabs/ItemSymbolMatChuoc",1],"282":["assetGet/img/19",3,1],"283":["Frefabs/LichSu",1],"284":["assetGet/Animation/InfoBar/TakeMoney2",2],"285":["assetGet/Animation/BigWin/BigWin2",2],"286":["assetGet/alats/InfoBar/Alats26",5],"287":["assetGet/CachChoi/04",3,1],"288":["assetGet/img/10",3,1],"289":["assetGet/Animation/scatter_vfx_c",2],"290":["assetGet/alats/Fs/Alats10",5],"291":["Frefabs/BkgTakeSymbol",1],"292":["assetGet/alats/Symbol/Alats36",5],"293":["assetGet/Animation/InfoBar/TakeBig",2],"294":["assetGet/alats/BigWin/Alats57",5],"295":["assetGet/alats/Dragon/Alats63",5],"296":["assetGet/alats/Alats60",5],"297":["assetGet/img/launch",3,1],"298":["Frefabs/NearFS",1],"299":["assetGet/alats/ButtonSpin/Alats55",5],"300":["assetGet/alats/Font/Alats9",5],"301":["assetGet/Animation/InfoBar/laplanh",2],"302":["assetGet/Animation/MultiCtr/multiTake",2],"303":["assetGet/alats/Fs/Alats5",5],"304":["assetGet/alats/MultiControl/Alats51",5],"305":["assetGet/alats/InfoBar/Alats21",5],"306":["assetGet/img/1",3,1],"307":["assetGet/alats/MultiControl/Alats52",5],"308":["assetGet/Animation/BigWin/SuperWin1",2],"309":["assetGet/alats/ButtonSpin/Alats53",5],"310":["assetGet/alats/Symbol/Alats39",5],"311":["Frefabs/NodeAddScater",1],"312":["assetGet/Animation/win_vfx_b",2],"313":["assetGet/alats/Symbol/Alats68",5],"314":["assetGet/Animation/FreeSpin/effectLoadingFS",2],"315":["assetGet/alats/Dragon/Alats67",5],"316":["assetGet/alats/Font/Alats44",5],"317":["assetGet/Animation/FreeSpin/particleLoopBtnStart",2],"318":["assetGet/alats/ButtonSpin/Alats31",5],"319":["assetGet/alats/Fs/Atlast4/Alats4",5],"320":["assetGet/Animation/ButtonSpin/Start",2],"321":["assetGet/Animation/FreeSpin/Dragon/dragonParticle",2],"322":["Frefabs/ShowFreeSpin",1],"323":["assetGet/Animation/InfoBar/laplanh1",2],"325":["assetGet/Animation/InfoBar/Take1",2],"326":["assetGet/alats/Win/Alats40",5],"327":["assetGet/alats/Alats14",5],"328":["assetGet/Animation/fast_vfx_b",2],"329":["assetGet/Animation/BigWin/BigWin1",2],"330":["assetGet/Animation/FreeSpin/effectPopupFS",2],"331":["assetGet/alats/InfoBar/Alats18",5],"332":["assetGet/alats/Fs/Alats33",5],"333":["assetGet/img/5",3,1],"463":["assetGet/img/8",3,1],"582":["assetGet/img/14",3,1],"669":["assetGet/img/6",3,1],"781":["assetGet/img/18",3,1],"850":["assetGet/img/4",3,1],"863":["assetGet/img/d3004b23af",3,1],"882":["assetGet/img/7",3,1],"1021":["assetGet/img/13",3,1],"1059":["assetGet/img/17",3,1],"1130":["assetGet/img/11",3,1],"1133":["assetGet/img/12",3,1],"1203":["assetGet/img/15",3,1]},"types":["cc.AudioClip","cc.Prefab","cc.AnimationClip","cc.SpriteFrame","cc.Texture2D","cc.SpriteAtlas"],"uuids":["00P0TTO8ZLFK57e8HPXK6/","21F54Xm7tEa7IAL0bvIYax","3aiK9BPDxMkJcLzm6tVmcP","4d7f/bXVNG84Ym3Q2rs2+y","68uh4clB9Jkr8pSpocyqz1","776JGIWdhO8bdBV8c63L7q","7b0qKVcMlCQJWBy2uBvu0C","81H93Y62xPypqlh4rWVd5X","a2Bk2O6S5G1Ic85P7lidOc","adaq/+hZZPEbAq1gbcc2U3","c2+4D+FjpETbvn9OUVv0YI","c3GCG14a5B95NVvR78WQh8","d4xQjXPnVDZoJpZ/cGTHMc","01BBlnpdBBgro6yCHvZk/P","05HEB9P5hN/5ExWfntwPVe","05J5hwNQdIxq2voSGb5U7V","05cBWyKUZDjrOdrA9KUgtb","05cy415ZpIxr4ct4OLbrDR","058yqLhp9F1I1IAhaVrR3H","08a8A68cZI6pQjlpG66bfe","0a9Y2SF39PbqJeaQd2FVPc","0bPKGsHGJKcay0UnP6oLIr","0cARkYURRIE6qNfiMO71oH","0cxXz7hIBC9IsVavG+gs+1","0dzPomg5VPr4hHdYT0kE2v","0eAonu+QFLnbgCSDnnvNPH","0ff9/dHBhOBIumX6rlupaQ","11HSQGWoZKzoC6hs0sJ0aN","11xkG7QDpJQLnN6T+JWNg0","12VfUgO6NAXpbYVAAVPdT6","13l/CydWRJBYldJJWOcMQH","14fc7oSsxBKpPc6uE2rYhK","18TDUuReFAH56ke6AGP8q8","1a3DGObdZKC5lYyKJIfLA8","1chEyqJ0pHnbhMuyZnompM","1eCGzFcH9H56sdLvaLGXg4","1f/lLSKUtO+IbYQSsCkK61","24waSO+k1OdppXAykVk9h7","25ToaKApZEDoWqADENeCAY","26IOusf8xKXIJVm0xzb2JD","2cJ7lGLi9BMZltCrRPqun1","2choAjHGdMTI0g7sVg2jZe","2d+KHtebdHMoZgywX3pT2P","2ex3V1PPRAm7aF2douatZa","2fJtKxUfFCX6FIox7O+Xkw","31PpvlbABPuISQBe4DJKIr","31dSH+VUpLa6A4R377QaYi","35IJ2TALJMCKmOOgvvpfoG","36Ze8gyhtF36kuXtFaaUcK","38MvEPfRlDqKJoGWg6C8Bt","3bWCxdESZGzIe5oJp0P9N6","3bcRNbC/9HpqCPykrW5J/N","3dBQek5ApAX7wpfBnIb5xd","3eqFKCPlFCV7FwcwOhZT7l","3e4kaLf7lCWJHMQ4yIhsJg","4166IHJyhMB6HMZ1UugJ77","43GAHPh0ZMkbUzAIuZ4rrf","46Q0hYiHFKJa0XCwfz/+HY","48Nd2NmpBFYKiWj23el334","48mfYI5I5Cv4SYIdDgwLnB","4am4mFy61IurbaGasjecTD","4bXZ6Ym5pECrv+F7S6sOTM","4cgctI2ItB3bY6LWRpFJqo","51ARd8j8JFH64igCgL2Zqy","51ScC7mRlA7Ky8eQdP5XQ7","53oIdC3aBHqJ+mjzISzfRR","58QQ13VsBPHaWC4/nME1pd","58nsK1Rn5OIaTli+gs6yiQ","59hJoNwllKJ5pBqw3s/elp","5a207K9ARO6Yxzq26PY0DW","5a+DXtFtpLm73xKnEB6yoG","5dZ27tzZtP8rxt6aVN1dn1","60UTEE2mRNKIYWVMT73uGv","618wl2PrhAtZ/FWkLdqE77","64nbEpqK5G3IRB6AhM0BIB","66tPsmXnJG9IbA8Rf9hvYp","68xuMrDUdFxIVgkBQlWZoz","6axQrJIsFKja3I3rDwB3nw","70eCRNIhxKYpv7Fw5tatq0","730C8VntFDpade1LqL8X57","74GS4f5zBCIKY8E5q2l+n4","75zSq4Cp1GiKWsxh8iStrE","7871sIVnxLYK2ON35mbl4t","79Dr+wVYBLM4s6Y+RIfdA6","7dKUhYdo5CHLz/COj/iD16","7daIiT3SJNLJQ48to7TQ7N","7fWARLsjdDi5W1/LWDGD7P","7f/btlnYVA+JfH0jPojB9o","82Mbvw1WtD0JYxT3MUD+56","82OLZOa5BP+okxZRPUOn7L","82npaM/5hK3If5FvnRqZKp","83vw+xNLRL6aswd5KYk53E","85JIrGzMFEXoJ9+tXGV1H9","86Qq5b8r5Dt540KcloHRK+","88XsONvz9KObhU8HPo7+5L","89OAwQBylD7ZV8EGyN69Dm","89atyb7RpNW5m0uBPTuK1d","8aqyfVRhVGA5THyvZeHcrS","8cC/oJqDBDgIGzV3a/lafk","8cKvOrZstHU5HDjr4IafvF","8dZ+w8+yhGEZNipyWuScpc","8eHbltDopBxazfwz1mJ8wD","90GSTm8e5InpocfbnJeXru","90pUXRTcNP6LO4oh6F8q6u","9aR1HNJXpNrqa4qscS7Fap","9cIIOPRgxMSKqhGEIjglnp","9eDsuBiiBGIKojknIdn2OK","9fvUIP8FBJ4JxUW+thg0BE","a0RMcDQxJEs4BXSfU1OHcI","a2SqJPi+1H5r1w1bx+MRT9","a2zspaQ+5I3pAND9r654YQ","a3E85ZYblMPpXF59mAwBn8","a4cWqWf49MX5GfKwmFn2ZL","a40F+vkjVBPLJ4QwC+EHmg","a49rmyXsdAY4Z787UoLB/H","a7KZpMDyxIZ5diWkk2e8PF","a7knF1dqpFvYouB+2ux1Nz","a7x7HlHIVIZr8OULHinf1e","a9PnJm4y1DKJs5d0F1PUDb","a9tex1Kz5D0rSdVreZxi2p","aaXAgsujxCT6UO/V1JjIok","aaXw5O/BNDjaQJe81IVp2F","abYJGCuGNDuqVPC1zHgr0y","acPRV+Vr9FcqRLDTHGacV8","adEfQON7NCYqgELn/WQePM","adFn8ZYq5HeJhsZcRzPCT9","aeIycX7SJOVYepEFNm2ty1","b0khOvXLNET5rPXN4gRYJx","b4rwgaRnRClZbl/h5jIGhc","b5NZqsmolO5Ikiv40kpVF0","b5n3/84cVCiph9mArEoxD7","b8dwLkPwJCZIGaHArG7Q/i","b9bh6xGfdMfYvC9AMJweX1","bcnadjwjxFsayVbD+uFhee","bfIVUYFUJKUIzY83oN2UT7","c1JNNccvxJZLk1NlMKuJsl","c6FU6OeIFHp6IYKaLXFcRl","c6LqblPI1LxbcMcyWpqPUu","c64OMSpbtNJKYv0kWmr/F9","c7efEvdDZEkbpMULohYlB5","caVUkxHHNKnrvKqu60KYRb","cazfIWjt5AGZUGBJ6RuK5B","cd0vcpGD9PxI8FqEJdJucs","cefE3EiuhAKY4W+AwPDOgF","cezDK07WBD0KymTlZ3eW9W","d4cSH6GwdK7ruH9WFimevj","d43jIOjjJGIKxIdGXlIBoQ","d6QtjyQBFC0bn6p3iZKsr3","d82Q0GVLlDMIOgHhPaWeuk","d9y3W+GtVCMbFvyrhoMUdE","ddsIdeb/NPQLDz14eY3c7g","de1lqmP7RMCIEIUO0NpKQK","e1LRoiuxNJWpkEoA5aYbcn","e2hoFYBMpLFpSz+1EIVkzh","e2y8hRchZNtqqf3+PR9q4N","e3IpR9U0VOMrhTDWKhnBvO","e3ltifkb9Mk4um44an1TOa","e4Jqfks+tHn7ARJDtMU3u1","e5ghc723JHPbUKquF0f55b","e7nrmpGGZNWqAkUDkp4oYJ","e8uEEyCENPA4KqQqp13cxz","ea1itulaNCsqV8+SGKdprf","eckmkQrx5Ou4LYiy4d5glD","edQbGhhG1GppweLRpIiY3A","edxAY98t1AsriWtLYSUdyc","eeVidCwa1BLq8P2NVDOazS","f2q7Zsn91GSr65Gq4RpABx","f5BICIuOtMKLpiBHdnQzNh","f6MQdZJ1FE44DbtLoRVN7C","f7l3ZU/PxI17ow9kJ01vZg","f7+yxTdyVPQIU0Vpd30XZf","f8ozuv7uJG57pBoNe3P0KA","f95tMIHZBDiK4JcesYBOhX","faNvh3nbJNgZbBPJBBUDmr","fb3QaN8ZhLApBRBZuq7EnH","fcrDhO50pGWbisv1CJcFB1","feZFte7LxEbaBzQy+srFht","fero4jR1JGnJg7fvYTlpdy","ffdlmmdi5PWaZ9qJYvMA5j","00EfFaQPBHkbXKl6mTblWk","00iGt+5whA6JhfrgPKgrCN","02TStXSTFMvZym5ijE1MQp","04IwWSY5lBWpZAPViUpAo1","05HdPvgdtCg6ZdoUBrIGcE","05jcRuHqxKa7N92vCWzePZ","07Cc4wssFC15UDMiWHJp1I","07MNzl8dBOL6DI+7eCD5FQ","0abt4mIsxHpb1JbPK6a9wG","0dBIUxPZNLh4G5jHWgRCxr","0fT5p0TVVDoohKfd7ITJxm","0fmxWeoiJNwYu+ytECcxR/","10V+4vcGtMJ62EZ777qh3p","111d2406-5a86-4ace-80ba-86cd2c27468d@6c48a","14d/A879hHAa9yBIEz3G9e","18ogwGLhtAVJ57Q7Zistxx","1a7e5eba-1044-42d3-a49a-a0d080736f03@6c48a","1cNGLlbZ9Mgpp5EAdNtSdv","1e8p5c37ZEqKMbsA7HajrD","1fE9IlsFtGNb0Ie5ZZAjTw","21hgJjJipEqoJ50ZtHQvrA","21uQIiPytIMa4tcefNqIuJ","23EbE4JSZCWa6j/OHTF4LO","23hQDDF21DLINV8ZkJjmoa","24c1a48e-fa4d-4e76-9a57-03291593d87b@6c48a","266f77nFRFMpEAxpRzZdhT","27n28vtB1OMbhKKAR+BZKf","27pT83NRdIxYZADjtoFebS","28mtBidgNLpJ913WGO/AO5","295/JeALZB4rQr6rw9wvU7","2cszIWOf5ECLqFHsO7FnZI","2eGxF4rUNKHa0LTZXSTyiD","321I+l6fhPJ4euMOcQusFF","33UNh3/3JFu6i7yfp5cmnA","36ypf548ZFAIHhtPNayccP","37v4YPL3NE8JGTdNnqzC4f","384VS4HOpDjZSQZXkfp1OC","387VNkQ9xMOaaeA9B9D/c4","3a5AGSXu5HuIKg2GHa6XUf","3elPiUls5Oer8W/1OC/Xbf","3ee2468b-7fb9-4258-91cc-438c8886c260@6c48a","3flTi0xFdGmo21kBumJ4uo","4088EtM+FOq6811QtbchRi","42cOi4neJCJqnkxVLz3kwj","44OM/Sen5CmZrThPgUNt57","46WT6KmDBBeJCkDhvV3Qng","47DdP/mWpI/KxS4W2vuIH2","48FzB5HpxPi7Rjom+cygoD","48yPiOjM1A6J9teexPP9ME","4bfuiLSEdGX4+o7EQlBkjQ","4cQXn0LcVN1oX2OYfLEvMr","4dAlUPrWROBLQ6BC1yu9H2","4fhM7Q6KpBzYl9FL0su7Ig","55qQQaQYxDsYZlqYeytZAd","5616LQk/xPspqbAuSiYxDT","59168b5d-7696-47b6-a7a3-1545fe87aebb@6c48a","5byuHaprZKS7Nzy1Y5e0u0","5b+f75JllNupGCwA/WK8wR","5b/mzBvPJFULw5Iw5pkgwn","5dPxsgtbhPI5t9BCWCDVXb","5ezzsNdvtOI5oqbi7njzm0","60IY9IxX9Kt5YiemI49d/V","60ql52JmJOKJwuIjOkjiv9","61fN/m6+1Nj6sgutxEhhv4","61zE61qbhBgJ7sKCwjiM1+","65lPCSr4VFBZ+h6UBHp0r8","67zJ6eFFlGFJGgPQvtl8VX","68178bf0-5373-4fd4-8fcd-e6a1e6636063@6c48a","6bHxwsqdZPk7a9I05oJ5bn","6bObYSdYNNqZtmbv33mI1s","6eFQ0lgSpNX79elJJ3crzA","6fMBXtf69DcYdsQPiOtZU9","72B2Hilo9F/bkT31nF0JdR","779xQYAEtM9bZMAIv+wYEt","7ahaJWngdHVrvqZorxGCyV","7fb75e9a-ebbe-4aad-8a92-c745a963630f@6c48a","81gotNhsFJ4oG7ZOVuq57C","83cc3oPdJO9KWRRUs50T2z","85rJ3p2U1JtqOP4ms7vZEc","8576YJekxHc63obs7HKMQs","86ER7wEU1BnL6SbiLRdzeD","86YFZm/YxKtp4AWUoK1i9U","87GRVca7JNgrmW645f76ta","87IrTE4EBJFIOj9bo54wcW","88GpxkTqND7YsgA7e7+Ka2","88hfHqy2VH+6dj9lt3ZehB","8bjKjGEXtCmIz+jgt1qG6T","8c0bfa09-a830-4380-81b3-5776bf95a7e4@6c48a","8cdtNCnzRMwIKc8JP7ydet","8frPXcwPtGyKhKdc5qcXy2","91He+fmYJOXr4t3Xsn2E5b","93VJfFM5VFM6WGQbQ0aNy9","966274f8-ea0d-4e52-90ac-7f72ffbd43b6@6c48a","97SJp1CgtFxpJuG7Sy3SbJ","9boYvT1OVGwrZXs9pic5nW","9bzltTa8pBRpMksevBGolr","9eQwamrIlFe7Noa2fb0lEF","a0N90aeipDlZakQfP4s4e1","a1wAZrOe5HPInLorcQtB4i","a70p+5OxNI/KXhfJxqzaiq","a8ubsBaUtEAKGe13+aJ78K","a8/sl2hVhBzLcrNRnLHwS4","aaOlGHkXtJAJlAxed6g2Fb","ac3d157e-56bf-4572-a44b-0d31c669c57c@6c48a","adxG7qDXdHHZhjPeEsG7Pu","afLpWXmm1KrbBRXdWBP6yG","b2CR0nMBJOg4tmrzx7DGfO","b4v6h3JxNAl5mAxk3HPyX3","b8483c36-6782-4841-bb27-cce96c65234f@6c48a","b96e1eb1-19f7-4c7d-8bc2-f40309c1e5f5@6c48a","baNsY8ihxALZR3hMvomdnR","bcw7tIaqpIgII7zNvuUChA","c3ryepdr5DyKKASxH43VG1","c31yCkCe9Aeqlu2LsFXRUx","c4uiorWhRD25408+rNN0/p","c62JKi7PdNWJ4zZWVRyE67","c7ifQ0nw5HCb4jwX4yryVS","c7xhRlKGFJyJh+OcAjku0r","ca554931-1c73-4a9e-bbca-aaeeb429845b@6c48a","ceEjDTvuBM56ovK2VS0vi4","cej/tLDRJBPb2s5dlaan3a","cf8TgF7wFDcbbIF4/xh7Db","d057S9/0dDpY7lWw1kzHgz","d2GIzxhZ5ABKF8C291cJ/8","d2qsqSK7NBib+3Zmr3pAkd","d3Ekrd8NVLdLCS5JuYEHKg","d4L0YTiB5FBqES1P9vQSuo","d47121fa-1b07-4aee-bb87-f5616299ebe3@6c48a","d7X6Bv/65B1Lzd+0CH6kDT","dceKTxwCFBA7ACDX2IyBad","dd8PoMayNF34Mxd3UVw1Kw","de42RlNN9EKqZfmidZKZWG","e1XAOTXAdP6LdZaTVfb2Fw","e2PdB3pElJ+IC0D5Rzp8ym","e2ZnkcSHdI7YrVKrGW66pd","e3sJfizEVBwbYBtET0yMc2","e7PQy8zadJsaT7ZEHKItPl","e7vHcRDiVJY5+NrTyBvXgz","e70qYzvQ1GQZNPxBxQHSKl","e75/I/BiZPapvHOFWQQ2Wu","ed+ZiObU5PKrdHl4vpahff","eeEc18kQtDtaJvRRx06Bdt","efPUDsWE1Gq726HI35y9RU","efp6cpC9NBH5cv37pti51a","f1HcJQqGlEOYYsgtSCkLOo","f2+6cAyDFJsbT3BwIjNOWK","f3rDBw8mFEbJNeV9O2qQq/","f5Bu6ga+9IQ6TMF4X6QiiN","f5mSAXRUNAIavpXNzfudWe","f6brhgTSFNiLNYT7uPxKsQ","f7TXn1Mq1KhbiXy6t5IFep","f8XaQAtp1Mdo4zCw8fqzuy","fc2ItkxRVGH58fQsC5eVYB","fdMK5OuYBKhaHXpChZNYrs","003f44d3-3bc6-4b14-ae7b-7bc1cf5caebf@6c48a","00WqBFGilLrZmFxC65kw6e","00aJeaPNVEy7jOVmZdsgVu","00jbk7TVNBc5mYD5JuIpk/","00l1nJlONCWJXASMfIp6lS","007IybmzJPQbpGEdQKwzQQ","00/rU/hmhC2pYU7WPmB+L5","01Drjg+w1M/r6RpjGrWhGw","01a/PX2X1MVIqLU+435Zmj","01hzgzLQpFqoDDs2QWtB0w","01kwvfRlhJyYB5iMl3fQ3X","014iMMVY1KhJO5+k0cFg8+","017rXuvKJLT7Z1yZSa83cn","019lYInkNLqJODbNyeEMBA","02U1rTB5ZEibgujAgjXdw5","02aWOSPttO8YJY/vVUT7lm","02abLhkWJAG4voamwyz6Bu","02kJufQXhIyLxQPlAdK/UK","02l3MHxudEyqy8h41tlUeG","02qaMhmMxDbLWe0y3M9VM5","026u7cdPdOCaYS5blFKpJ8","027tbwK3FIlpCQBEMVh8Os","03H0iW/tBAR41h3Z9BwcZb","03aFWBdglFULWXpYeNHlnn","03yAYfb4NKpKGyPygG0qJZ","034Y3bKs9E+KYT9aLARvSC","04DljzvRhLzqRUjKvJ/UK7","04KEo07cZMlJEvs2dxNjy4","04OmJDH0JG25DoFz+IAbxU","04tbTzY55E9qzkUynDax1t","05BteMR2RGJ4cLLz+xiYr+","05IYp4beZH7KBBxZt+E9/f","05NjARiZZGmL2pwjN9tkSh","05Q1VEW3JMEJ+uB3v2d35Y","05mpPrPx9OM6RrUPZSs6bA","055K3kAuJNz45izbgZyamD","06dT/kyb9FH517vSI2gdKl","06gQWOg+1OMbYvVpwOdDVb","06qwWtIzZOU5eMP2oMzM/v","066+coXPJPLqX2+4C6kywh","07gPVUQKBFGLuLikhQA6kS","08T1EOAp9BCLr9Hnb91yQL","09IbeO7utOyJTua6dawJJs","09TGP695pHxKMlw/lyHFY5","09eLRITzZE1Jn3MIE6q045","09gUIb69NH7YoIdTXeiVHr","0aBMN+MCVEYaqQHzyoAPuV","0aCyCGwSNDCKAOUKcxy457","0aRS1VpehPDLTYWBQe4HXo","0acB2tE01Nd5nbo9+aFPJ7","0a/s2U1ZZOSqgsu2RzkR82","0bFXxcxdVKH6M9Aow+cnkE","0bH1h9ktpNFaWKeOHiATZi","0ba2fwK8xBgI49Dt68Dn8y","0b8wsY2h9Cb6KDi/KyXpp1","0b/saqo8ZDppDQ7N7cMo5I","0cA0cm4vFEyKI/Ds9/LjA/","0cpYlwMotGG5WcxJNHZNYZ","0dBSNNX1pANYTBUdnUP+4L","0dBwuVEDRBpppcOQuOj3Pc","0dmzV/Ul5EXa1B1iPMPoDe","0eO226yY1JfoUbE8bVhnuN","0eRnP1IRFNC5IqTLN9da8C","0eqpb2PCJFDokQZHRkf77W","0fFADWo+dOUYMZ03069VRl","0fa+RwY9hIob30GsnZWnFT","0fngz1tv1ICYWMZHZddtbB","10pweZunhLc5O8M4p2MHE0","10q0M38lNHH6mk6SFG51bP","12CJvV3+xCnKAXVMgmZw8M","12HGUiZXRGA4evS7kXh6SS","12HL3zINxOeq6vVM+bjz24","12SEf6hP1ACIpqqnZmwzyd","12SwzOPxBE9pPmX88YCIC/","121FC33PVJz7HFnhokGPm4","125RVKZfZKh4EuEgdXn1CL","13FORm30FNZo6UiH0Q8ewB","13Rc748jlP65yfrJ3nxZxC","13WnrKaQFPc4/v91OYdNvV","13vPWUHZlI5bzmWTFmqHu1","14YyF9MxJJzaDV/LeG37Rn","14nltPOkRFM5ZfXsINYOg9","147P9VBXpA55z2gnGKz783","15u3wCNYVMHK2mWnMWN9qz","15wrdiGfFIn5ieMAYJb9GS","15wvBlXtVN2qAPsXAusREo","156UQi64dD5LP9dfdBheRM","1595AUSoVCDJqbqEjI/Y5K","16yXTpjTFIxYv3JBooLlWo","165eYUYVhAM51aOE7pTdk5","1776uyouBIB72EaYM5zhsw","18Sl2J0nZNmIKIrK+zIm1B","18TrhbG85DcbMaVf5N/Vuv","18bItWHztATLeTVdIAvVSz","18r6ObVtxN1rXbQYSHSZJJ","18sghod0JLDpLllu8yESJE","18sm4LnnxPY5Fn9UQf2ulh","19HHF364VKCbzbRjmcGE5c","19riVJlzZGhKpTTKTot25T","1aCRz6uslA4agTNYZls611","1aGCQaF1BHbKNGCe4/HrJn","1aORRB8SZG0aABWdJpNib1","1aoH3FI6NGO7pNZwnLd96x","1bBcqXPoRKmbTPTX4JYYHW","1br9C+PvxAgY6XqXD8GWrg","1bwXw+KoBEWrWzDrrDwGsU","1b5AmUr95OxKhcCSSrJmLn","1b/QLXvvlN6oF5okRKB+0y","1cBXQVbSBJwLR05a0BDzwV","1cOWnjS2BH5IHBTbq5pPyR","1cevAFOBVCNJ9v3deyQUvF","1cu5vtWTdDeKFrM9BDf5bE","1cz8re5zpHrJ9CZppjCUE0","1c85Jt04ZKb7pEOhgC+9eq","1dPfLUzJhOZZ60lduRP9Hu","1dTPXIwrBPzYvrqVu2xjpq","1dV7lxLt5ETKrOCYeZjya6","1daBzfgL1HNYYe06to9wRZ","1doliD+0FAT7KEQ6N48hST","1dtfZujsJERqR5edlY43gs","1dwcSqo21F+YfrebcD4C9n","1ePDb6RYNOB56krbk6QNbk","1eTHhDNXBLoZGV7CQxPd8K","1eY1tiNQ1OG4DZyLGWcl6L","1egTVRJw9Pgoqfuh3SajMs","1eh+I08XtBz6SxEd3EY+98","1e7hmWaxRCna7/xEqGP8FQ","1fs5NLtSpNabNvwwevz2fy","20W/8piMhDYIjS/IGQHv2v","20gvMcRvtLCrrjbLxeLS3b","21179e17-9bbb-446b-b200-2f46ef2186b1@6c48a","21bNRV3pdLzqJ1qi7lqzxR","21gV0e+g1Jv7xSJzZphqQN","212X84U0JMQ4CpZhSfh2MP","214+1cO6RPJJY9DSLzmLBL","22JBtVFMVLGJhHWObxIafI","22ZxpVlk5AsLFhnaD3llhu","22hlvhmbBE/576PEgu9tMV","22izItC/FP25bG2DfWp+P+","22l0mKAPlCyrtvNVUhY+9z","23Nxz7xDtDeaBxi8F5uUPt","23kntoHghLF5DCCjmtiYjI","23nX332WpDJKEZxLWWL7uI","232EULMf5Fkq0fsxEVN5iY","24kxEINglBBrfKYCdQ6nHk","24xO7rGhxMmKb+iAMcHKQ6","24y9Txg39J4aCCyWqyV7Ca","243V9qmuxF8oehgVCTCrn8","24+Zn/hpBKwbYfG3jk8Rrz","25qSIAFXdF26mQf+9631lk","26B6/lgN1GVrgFs3X428Xf","26bKJlPhNNZbxqZJ6wX9dq","26c3siOvJNEpuJVk6ccyzR","26ht6jXW5NrY+BuJVZo2lc","26mO6GzQFEDYAfNPUGDmVG","26nPo0OYtJmqTJhv5ozggW","26zK/tBhxOYLELelr/P94+","26+5Gl5TFO1L8bKGGglRJy","27JVGpua9OoqeREckZHV1g","27gTKok8pNpID1NDzIThSV","27liZjxctFvrX16zGOPNvc","27pTjl1tpEOYb2ihwFVNZM","27y1hCR3pOx4RF9vf3dY+Y","28Mo2/kG1JdaItFmYa5n6D","28QtqaaJtJFKgJTBM9DS6n","28SmQIWuBL3rByHRvRF/A/","28stBETYtHH6CjOtEnKpOW","281F9Q8ytD6ppTiq7pWm3n","29ATeUIp5Pj5WzF56OcTMZ","29FYIk+N1GYaeWH/q1NxQO","29bewdEQBJAqJM3IRjripu","29yOHavghCGZd7/I0nnfgR","29+Ah4pGBCrY3pVcRJPgwd","2adyuhspdIeZS2SBFwvzW8","2ano2aIntOPK6MFqImSjDr","2auSQh6LVJMIeBdziYfUU4","2awx/7iAlC+qdgz2lHU8kR","2a3pqRK39E+ZH1tGy3r2zV","2bB00xJopDzY5y1mQFm++a","2bEsJ/RdhDZ7fonVWAc+VK","2bFwVDaKdME6HPiVUGSiCH","2bYdlDwRpP37/NIqgk6x5c","2brOFZjWtLzZrFLbyKjryL","2cECcpEYJAYY3sFUN6tkPf","2cPtIXa+pA6LrwODZDA+Vn","2cmXaV0ORGRrSt5N//cSyV","2cy6dMt95CXLjgrQwSmU/5","2dC15FTMpEpa8CABU9uYoe","2dIm1eyqRP/YoBTiW2D5yB","2desoXuotLuai+0P1bV3dr","2dlVPINWNBcrFggCCmZa3X","2d1HXpJdlDZIrMc/ZPUtN1","2d3LMcHNdGvKuTJeMnT/Qa","2eCazDDaFGgZGqhGmGun/v","2eGqr0/7RNIabSzERyTS/u","2eQCYLvtRCK6qg7tJu4tTi","2eW5/xOUZJmr4J0Vr6th/s","2e4MKQ2+RKJ6hdh2gVxPqn","2e/hIB6W1AFoFXaCtXwAoB","2fE1RpCO5MhalLyNHOZKo/","2fJ8PrYd9CeZRLjaH8xqY7","2ft3pEqZtM/It1mnXysoht","2fyELBSdpBjpq9Ffcq+DWJ","30SwElzWFMQ7C1HH5r5LTz","30dl+S0eZCO6qzC4vJFbzG","30grvu9tVEkphUKnU6dtSi","30wyPpUjJG2oBncdcK5uE6","30/6c7gT5PSYUHu5wRSTaL","31I6/U2olITYLDRj0ROcK/","31laaZumhBLKPsD6j6Za14","31r4uic1hLdIRDO2uKUF74","311rMH1IFK1LFtFwIegiZE","32IYvXeexL6YzmbZ+V14E7","32PZETgnxC8oXeoSvdZS4d","32uFxe7yRLgJcMJfsejbU3","32uugfDidIv5qBIxK1yGeQ","3240g/5jZBY4rSz6wgWUud","33TcLfmO9JG7FiympYYi6u","33/MUePr5M7YeU3ib2uiwB","34CbvhYwBEN4SuoB5gZwHj","34HLU6oClBRaKKDMa0CquG","34X+YNC+FPkaTK3jp3VwOK","34bmTgpv5KH7eaMtYaejS9","347InabqdMdLfE04aUJtFP","35ISp1jl1H3JQ9M2YlGjUz","35NaKpOORFRZicH6HOWMJP","35Qq/0l/hGyKPxJ6CTefry","35WSvXzn9I1JlKcXp93Iyi","35gh0hV/pLj5Ej/YdX3F2y","35l0QKymBJaJzOvYi4G+oK","351SIzCEJM95qKFtKTwBIq","37MXJyyGtK6LkiIWa8GUm+","37Pr7s3PFJ+4jVYzaVa1cl","37UVKbYdhCEqHAP934/+/R","37qYQQ45FPSK+4YQaKm/n2","38HwgY7S5I54R1u5X9YipO","38dcg1Sv1J1qTez3VlzsA7","38ihwR08pJyK8HVEsiXEDo","39AY3czhNHxpcM3bh3Ku44","39He73/YpIUL4cmWKcz2EZ","39jcgWV4lGha9cFPt0Gl3l","39qMZt0dpKxYrdoKyZPF0I","39yA/ZxYhBwYV8i438FFtS","392zF6USBPqIMiwC6km5sv","399aaPlgpEDK7ekq6IXndo","3aKOpfdlNDEqnUGO/gq1WO","3aSQYa8INPlJ4ghxNVKLDf","3aUlEOukdCSqusvEhqP1aY","3ae7efMv1CLq2ilvUY/tQi","3a88af41-3c3c-4c90-970b-ce6ead56670f@6c48a","3akMd7DwZIbJLCU1prRH2s","3a4+CvUABCr7YJzsPFJyw8","3a9E1pm+5IAYSt4WmHnVgA","3bn7LwE9lBd6VKnZOfKyZm","3boKjO7JhEi7BDk8vehubo","3bonu6MpBE4IL+uIsW+Xcy","3cHJ14iDNOyI+PUUD+j+5M","3cca9A4l1M2qbY18eGixZw","3cxAHwcZhJ5Y3HqjHa2oWw","3c+bxRsuFCcoietDwzfYbO","3dOv/mHslN+5sE/dD8zGen","3dTDye9vxAWqRlyjO+I6vI","3eF0poU1RAI5haLlOR8wWq","3fNKJ/vXJCybj+CAIBFtU6","3fkwXgHK1KZooP04PEyXem","3fx+i+NAxJP6Z0di6nFfZ1","40ZGu4x5xC6p0mwMxMi6+a","40Z5+7pzpO/plppGWs+Imp","40b7npzptFc6zOzY687IUO","41ApjFnCpNArRAQIYnCHIB","41RVsvwxVIR5lk+YmPih/W","41d40kAPdBYa0JfARbUZgc","41kv7rykRMorSp+UDsZmVd","411vHSMWZN5KokYXBPMeP6","416xC8BJZGmI9NstUjU40d","4184WUORBJIpGY6nd8IstJ","42DsE8CatLILRBOAT0oFX7","42HGAWWIJP0pFM3c12R+Oe","42XgDzgPhGzqMT2MqT1va6","42jnB03nFFd4J4v2EC8FQO","420upE2a9F1J74darOTJGa","423ZR0EQdPCIch9S213cfl","43Bkep2/ZJ05IpieKqjRV8","43J8oLmGxNkYFK8deZQjdl","43ZR6hnCxAiJrGVSJyA6+r","43oRpE10RBMafTa3vUReaU","43pdj7qd9NIp9hsnTfzlN1","43sKzv6jFGBrXX3nl+6z/g","43zGqK67xIZ5oOKiGkIxHf","44JAGRZl9D1Jt6+D9sajz9","44atkb8pdLALuVJt0jqqUR","44oj0shbVHOpStC58+i+Iu","44yMxzBMpJTbeEddoFxs5z","447KIkoFVInrGGeZ4Trzah","45Vj5GlANFmLdwDF641xSb","45f3IXSzlHQbnGM5FD1Bak","45zofisgtC2II0qhac1Wl8","458LFbsrFB6YI2of/+9i4y","46SvDTzChNXI4qY655bdZs","46TPYO6KdFPoDn/ETlu1l1","46WYRU37dAG77z5ir95RHG","46j5jsgrdAYrezRmj/+pA0","46l442B8xC2qQJYB/GA98U","46zFQDE7tDprVqnGl6It6h","47F74U1e5DOKld5H0bVgwM","47LOFJX7RB6ZS0Aac4ysuT","47k8vL+vNHqoBjVI2HzOHG","476q8MN55BD6ELZ0Tbu8Ie","479tcZ6vlC+px79adBqQLl","48GjUZ+bVD4Ke9AqIDEsOF","48Pl68nu9D2pGwseeo/jy+","48R1lzHvZHwZ7QlfwxLyTZ","48nssV/9pFPqdJqQSP6C5A","48+6BE4W1Ji7U36XyLR32Z","49EWObYwxK8ZRKGKaP7F8F","49ikVuqPdIa56m5MfWLNQy","49mSNnswNMHbzS6IfDcEWP","49x/TDRQVDA4+K0KY/cH2M","499bV75EVIUqqylEWs9QX/","4aVIpqc2tAEL82hIX3ti9O","4aW11pQF5OEZKJ2KQxr9DV","4a1bZ0kNNBG6xveVfI86m8","4bKUjF6dNE56blOLe/7lNG","4bOAZiz0pDL7cuylm9jMC3","4bnI4XIvZLnKYb6jduiIxN","4bnMfTvh9PLolxpd//sj6r","4cgam5mRBPxpcY6hV5Rjg1","4coaqbjNxOPLFUGACFMEbm","4cyQbZmrFKcrr0PZu/nqhN","4c1fipB+5NAYlhLu4tH/Ik","4c8LHxOU9DrowP/LaRgYbZ","4c+aeRvzZH7oi/UyunpD3Y","4dFG8a6VdIiIjTIDM1fwWn","4dh5qF93RKBL2ugFinSxpq","4dmCVlRXZDPq4ccaOnDDpz","4d0fJAqTdNk5+fPtYryyxJ","4dedffdb-5d53-46f3-8626-dd0dabb36fb2@6c48a","4eCJrgcqBBcIqMhtmzVSjH","4eFdukDYJEQYXLqgEHAchr","4eGjwjhGlK/JO7GCuqL8Nj","4ehYygutlPF5r+Ay4wyZ6o","4enld/CrVN6ps3cHBXPU59","4eq1mKnjVF6ZLeA5gyCZcc","4e4MGjA6xGSq1cRLwoolfv","4e86tigNBAoofmaXaakLC9","4e+6LYQjxJMKmVOUgIKn3w","4fICmXQ1NACpVnkvL3nFWO","4fl+73em1PCKL/sIB2Kwmb","4f11iVU4lIYJNyLWqU4oJl","50CqGyjw1E553GPb8yxDlh","50G4k41QJNkqUodpS2zVe8","50Nbs7rzJKwKJUZsZTfRGT","50WHKkLQRBzYwr9ECzZMwv","50XJUtp0xLibJRpWbmpmi4","503XkJPzRIX4TKHI2W3n3U","51CkMwiLVOWYlIqRvkYkN2","51DfxzkDpMM5SbMQ5mSnW0","51I4wSh1FJ+Kl8IGW8sSDs","51MA4Q10VJgZTyt92EgOxy","51ZpffILlC3J9xhTw5alba","51gvPL6TtJuZXo/L7DferV","51jNFYk35H5p6BwSQ8Z5hS","52AVHwK6hOBIOsMlbCp8R6","52DEWHWKdLMq2rPab/Eqay","52JPYk3jFL5KFORB66Xqs4","52SDnqWhFJa6txW0HbQPUV","52d/n/kRFCRLwaxHodY2nu","52f9eukjNP9pwezFQaMExj","52zpXGNT9KKKWg9Lk2aOqd","53JVeLaxpGwpx0Ei92t83n","53MDElI2ZE+b911Lzdpkcn","53WqFAn85J+4I8rGfHFY5h","53pP4ihm5ABJsy/40UYEov","541rxOGXVAU4NMJ+MhVCoo","544KL0nLBCfZqG19FMvjEb","55Mspd6exOy4j2c7+BPDaX","55Un70DgpLv56xxN0RZGOK","55bpZq3kxEBbgXqX7dPKe0","55iHVfStZG77mRJPsZvGFm","56HDGvVVZALqXzcG0Kv5gx","56JAF5r05P6bdv7Evof+M9","56UjHD3yxD9qtHh5ace4is","57V/y25+pOXbR9zQjKL77g","57/VCtuKlKKbzWm6hX2Qqi","58D8SAP7tIKaHBrC8I5vXe","58EJwwmlFN5IjeZFITZKOM","58RrWoW+9MW5HjceOc8syz","58W9jrZTRCopEGt/tcEAT+","58s9XVFcdE2ovNyNZEcHYk","59QYeaoZVKTbpHlypLp5b5","59U7X2JblBY7si2Ejbq3XV","59VHJKP+hOOrkr97baOHHa","592jAHgw1CEZ54G0u6A1Ds","5aFZiTyLBKgaMsXguaxWZ2","5ajCdrptlC+4N3FhzzntCD","5awaSaYaZP4KoNFrB+DypF","5bE5PtWbFC8Z8qXFociS1X","5bPLw1gaxEOYHbhst8Eu7/","5bVZkFI1dIv5ylNKPZDAT6","5bWItKc+pBlK8j0+OxFZTU","5bipHtYzVE4r/4qpBFKHNp","5cO7kybDxGj4ipyMYdRYZB","5cc1rAkxlEkLYvxg7U6QDP","5c3xvE3IlMNpphjea2ZLme","5c95ekUHdGIqxu2jF+Zmy7","5dCiwsspVOqbP/CSqWhkk2","5dI4R22sNIvaQDQlj8skPt","5ds32qKBFHhrbPwNnjbSAx","5e0KRu6X5LCq2CiUbu2AKY","5fG++kCRpNkKWSY00pPJpC","5fbfMmX5FPiKm9opcuZW15","5fnePtPpxJ3KKpbog7f304","5f5dyqtRNNxaFmVzYns6FZ","5f+GF3c7BBjrQSESNJRqDf","60qWQzV0VKkoFzDqyp8MwU","61Acv7NdFH1JZMZmkGLSUt","61QcupdN1OKaGvK6MnQuhc","61vK4f555HephvFWkGm9pf","61ykKhom1HqLNEnehataqP","611l20WGJGRpVZPukZY8GV","62CP8aYOpJYqmtMCLWquYP","62QgK8JKpMOICQ0uunqGZQ","62pv6+GRRP2bYjA/DpO6xb","628EN5mIlBHL3NJta265g2","63R1ikP/ZHZZjcJlZ12aFs","63lDjbmEJPYIVd/yLk2NUa","63r6DhW7NBvZqQvqiC79Nb","63ygc19WhMvojRxkk2M0Ts","64NLy7ysBFTILQVizjwG3A","64PX6rgHVJd6hjnhBcIyMv","64XFdkeMdKOYdEzPJuI08T","641j8tAERMBaorT90q/qZj","65Hjfp+ERCIJD5yOi9l0gY","65ewCmZcJBE5lEysrK0LGk","65fLAfdGVLmoJXOtNOJl/7","653MZHBOZPUpK7g1klfkYb","66EasQjohGkqC1JO4Shl8G","66NOTEfT1DjIPrEWx18og0","66VlDmBLRJW7/CnqzaffJD","66W1ql7EtO7r7Kgw/TOSO2","66nQzkG6JGYY2JUwc1Ch4K","66svIafzBIgqsBthNwOIMm","66ubwhNAdNmobHV4/Hcsh4","66+QzI3wNLx65/Ft2o194Q","67TKxDENxHIr3/xQdSYIXh","67004ncBZIeIp80yWGbEmT","6727ga8d9OfY53KAPujecm","68LzTOBpFNI5q81Odh0jTg","68ba1e1c-941f-4992-bf29-4a9a1ccaacf5@6c48a","68wz6Sbt9PmJW87ciolQkD","68zv+MqS1BLY0O5L3rAemc","683z9uVR5BDZhrCE2DR2Vi","69G78AOSRMEL+9yGc0AABu","69JffDtHZLDrAgYxlUYqwX","69NCTltppG7rcOIcyF9yM+","69O6wlXGBLSJMTntOrwIyt","69axMx8yBP14XxndjOPwQ3","69tPwtsqNOw4kAmJg2e3c/","693wFFw1VGmoJYQdqQ/jhV","6a6O1U9htJvqvDH8sien3R","6bHOzu1vRPd4dSGmc2xr4/","6cB0vOZWRD+ZdC7BCiMZzj","6cmz0p8thAJpQp2faY9iR1","6c9G6xZyRA6IfZb3NyJxqK","6dFJQhdUVLGY+yCe7QBqeq","6dK/CkpRRNEKECvFpzYylh","6dOmC/h+1C2b4O4+T2+IZ8","6dcuZMW5BCVbB8SYZ3MKAs","6dgNBYQzVBbYPSyMDWbgWh","6dyu06ajBMVal6zlmQj4/D","6d15BE8zlGuLvUTtFaSwzl","6d5rzUTbpDO6wVpm/60zX3","6eNKji+/VN8ooFEH73/Kqk","6e6aaspYxJQr8SBVOMmVOT","6fCJf5QNBJz4AtpwMK66So","6fDLDHmQhGzogdtpbvLitM","6fHyXNqnpPP7RiQhTFwwWB","6fYSmpzVpDKJtiwAWuxJYM","6fdajIxzdLILzCR2b/EtRh","6fib27NzJG9rnKrfZRyCR4","6fkVNJdHJEhay0I4T5SjZB","6foEh531dCT4WdjG/f/h4X","6fpjeSRMhMY7w+abPvKj+5","70S83ISfNNN4jU2wlCVUId","70hHn1QedEp5tbGS+KcUQq","70oSWx0IFLhrePZ2esC98q","70/Y7bHfRKxq6+bEyYed35","71Kpq61UlLh49v+VeJfoZI","71Z1zVewtDoqHTeQujE5vY","71cgEeywZDg5Q2dJYo4FlV","71019y85NFYJ+w6zdNSfUD","711ZXy3ptCKLpVa5Y1K7EH","72kuI7yqxB+ZZeA33ozI1u","722qngiUlGyqHvHfemWStg","73hzPl3t1KObq+9fnDYAOk","735olg7YdMh7MN7+LnSM4A","737kUenv9NqIUNThuIy43p","74OOAbgyNCQogYoJl7wUwR","74pfkM4FRGp7ZaBWqEDm6i","74qjLGxNdMaq6Nvh5d1cvM","74u77fkIJJ6amomSPjplNf","74yYxGyEBGMZxvNkPpg8A+","741uXEGqtOyZcmvY72jBdz","75GsvGwdpM1qQEzxqx4iTA","75JlvW+gxL7rY09AaDUNMx","75NymNRlxDrq1thEVCpk0S","75OVV+fZ9JjrNMxnoNm4et","75TZnpLBBP8JYZADwUjftS","75WOjv7clAOpNLfcHefwUs","75W4M7kfxDgJ2InmYXMTst","75bsblkjNA87yXMefGbgmV","75mw/8JqxOaLFKWlRLVqGg","75ruu2WIBOvo4czFu9knum","752Ba9FgpLBI49uOXQByfW","75+YkFnpBAhL3sTZTL6MCN","76twBV12ZAY44iMs2zijQO","77ddI3X0dOWrCFL8aMT8Bs","77e89188-59d8-4ef1-b741-57c73adcbeea@6c48a","78HjhL88xDrJGWRuJ9Vsnj","78SCI6e3BHkZxurgpjqFeG","789nQMGJ9F8LaUP5LZQ16S","79IYrLEQZPKZApW1mVE/JG","79LlzoTHdBK6HWsO3/Edl1","79SibBEbJMLKy01RyuUXRj","79+7uBW2hAm6if8iPBgOO0","7aN9gSoH5PH6IDU/ApJn9J","7baJNZa/lAZ4Vhnux13tiG","7baeloEeZLlIc3ITq7i26R","7bdXwAow5Pkoy/TwLZCFq9","7bkbd/evZCH49v8V3H2qTU","7bd2a295-70c9-4240-9581-cb6b81beed02@6c48a","7b7m9ujYlG7LlIpluSl9SB","7cUbKytixIHo39m7rZvKjm","7ce76pVJVJSL6IYey0o54b","7ciiiWQbhE7qVansZHM9Gx","7c/UvWv4dPVbIJB7W7bf7Q","7dU/JGMEZBYadBH11KTeYH","7fJzel/WBJA51QZvjQL7fY","7fP83hZv9PkK2WPP8cWCSt","7fT8+EPXJDCo49ZRrPqBXS","7fZa/5B1tP87+z/wlyXNEl","7fhsAiLTRJBLiKt/AEZIlh","7fl+rWBglMo4VJ0BPQ22CU","7fmbUjzN1FLqa36bu7Wvnf","7f4Q4Kj/xPTaeaa/4RmSoS","7f8deiAJlBd5n/S2jWOOEp","80ZJObzQVMVqFjf9FFG7RJ","80dLRemM1IKJimDGdcOmhz","802UDNDSdKLJWaJBAupbr3","811fddd8-eb6c-4fca-9aa5-878ad655de57@6c48a","81RXtb0nVFoLvcOyiFxIdN","81pV8X/MlGn6h4CejNDiPN","82DsdoU65KVKsP5jLeUlaD","82Er5R58lKjYfyN76aByiJ","82ZLpdZBNEXLHt4ypcX7YR","83DiqgCr5DF5L8RKkg6oLW","84LDmNQWROPo0Xt5f7F03S","84gt/cAydNO7R3y9raAkC9","84tRGxEuVG3o6ZQw/0Zduo","85HumZ7eJMeZxeq72IA9RK","85bs0E2ZZBdbEjNnsa9gcq","85lRTuJD5HIqFH3S8S4Ewr","86N/HgZ1lCY5tgSbKMfUKF","86QLNRjytLY7PCN7XuPW2d","86QTwk2fhDsKuJyXPADS0F","86fcKhQFtM05TZ2QWTICzx","86mum6ScpDm7csVkV2s4Wl","860z0j4TBIspM4mQ+vb/LV","87GABAKnhCuLieF5SNKIZB","87QI4NdrtIiJlSvE7xnrJd","87TBGo/lhK679+3VxgwrMX","872V3PJdFNpYgWSEsqSOxi","88wzLrMSlKVpKI7Q8+0cRF","88+KoO3mtCsYO0OpYskrZA","896y0IIuVJjqfG9T8sjqQV","8aAq1pyT1ChZoLHJuNdtSN","8acVsZU7FKOL/PnQtFKGSG","8awyRkL29FjqmFwQGPkxFO","8ayalehPlKdqCXTdCY3z/R","8azPsxX0JLJo8ZjEJLsbQB","8azW+E1wpDjpmusqABfjgq","8a9gJnkZ1Mm5cysH4CtEJ/","8bSBWHRxdM9IGd078Qwfzk","8bYwj+6+dKw5ZSmhvs0pmW","8cinWSsslAuIc+hjjfJKJ+","8cpMBxfLJISbdXneG6hd3u","8dGO3c59NGmpjWeH+9Soet","8dJ9i3NKJBAKnc192IDWgt","8diYKQvy9LToxApw3WDBXe","8dk/0+cmFLmL8tvCrghSvb","8d0PPs4qlGcoOaX4olfOjl","8d2b21y4BLy4d4N35gt0Mk","8eOqX90ENEqJscQJI2Xl1f","8enMTfA6dP+5XTyUoBgWWa","8eqEafzYZO/618H6KUEFGz","8fJ3PDA2FC1acfDy6FDgD5","8fSxxQBCZEFoA5aQf1Aisc","8fav5dXr1Ix7s4b8yIUVSX","8foG4La2BJUKD1h1WIGYO2","8f12vGQxxLo7O7qc3SPz6j","8f8ePQoqRHHJsVzaqFNfSo","90R+XxqCRC3o04ycjdmA4v","90TU9i6w1DCpK8s8Gy/Qgj","90pBFZfntDIZnUipsMOVJw","903ZxhbU9ETJu00Gg8eATR","91Eu4hRF1Pjo1Z/st1gAse","91JWRKTrlIOruITc+AbGZi","91LtUcwllCSpcyeR9MCxZI","91ixC0dexImICYouIGRfoy","91p3YSoUFDP680XlZd+ZNJ","918DvK0IpP0JLiKXRp6qzN","92CWXFjwBGIJVxzJ0Md9U9","92cdK9S81DIJVFn3ab80Ea","92kZmbW79DgY7jHsAgWZGH","92775+w8lOMJJ3Whxivqmp","93LHMMYihAlJz7CjWnYNfj","93ifMcVVpJ0bsUBH5Of8M0","93r+r0TvJJNLIIvOu33yzL","93zRKgYC1Myq9mKwnQULv3","935SvL5GdG45qtgfS5qIRw","9350e0V1JGh4caF/RjdITS","94B4yRTr9LZ7ghaZvZdOWz","94Ms23bL5GQISTDjcW57v+","94SXsJpcFGkYIrwQAzhF8l","94jYhhH71NE55ocOWpjyJs","94uL7oaZlBkanoINhnrYpf","94uPgwLn5BcraMBoxDAOzb","94zNppqnFAp5jn+bnhPZN1","95Cv7Ms4xNCLG6lkPN4Ep7","95TrFr1ANIGqe0DBPDzY/s","95cGMQM+FEqYLyY3k51ODc","95evKtJMJCxYCvyF6xVVET","96Rl2S3DVHj5C2d6TLSPac","96ai6GtPdLW735pLRDuOuN","96gVu1ybFNbo7JYdbA6lXI","96tH0+bgZLYavWcJZjGrhK","96u3KsSDdFWJXNcYQOHDUO","96+KT9Pj9K2JtUIUHUt44m","96/m5VNC1Nv5TWSoMBlcS0","97O1nut6NKBaRf5ZJgrF37","98hKthYR1A6YVT39hqiYCU","98qMwUuQFLpbEIxAEaWfVQ","98zWOa6btKpZyaXU9Hzuht","982bml2XlBnrkwIUWXTUad","99GIePdaFE2Z+uI2nkAyly","99MrQE0OBB1rvAIrD5dGpA","993mnX9FBEwoabF6CysQM4","9962hhjVdIMIgbTMqrX89b","9aLwZLIChM1rr5p4HH9kVN","9aoq9LUmdDdLLW3ryqKHOx","9auxc3wZJLbZbpDw96Rd/I","9a0cb+CldIGKsmNtqk/jTr","9a1JEcT7tG7Igu9ubqw8Q6","9a22/I0BRJqbOD3Fw7kJ7j","9a5RsUbwxFcLAUsBUh1/yL","9bFiGHKbRLc6QroOYYDDDZ","9bJVFS9sZFOpKVA7vY9P5d","9bKyZNpZ5EBIishAcZz34h","9bLXPtg9hHV6cmFomvXqJv","9bjNOpv39NaryQ217nZQKM","9bxx7rKqlJ7pBrB4Uzns1k","9by65N8SRLeLW9cbGDkedr","9cKp0Q0NlC5Yi4h6199h4h","9cYrgqBflILLXEyfYEC4Th","9c8Vt8n1BHrJ5swJm8XGJP","9df2huIn5FcLFg8RzwQsYD","9dgur0tNhLOJ0glPLjGNer","9dimYALrVKt5eg8x+VnK4D","9djZAc3YdE24lGwetvsC6V","9duQrsNelKzYvKnBC7ZI47","9d0Q+zCqNJyI9m4obzkv1C","9eBHCCV0FPJYcgOOYDurZz","9eDu3jv7hCNqLsrAYV+bNV","9eRVct5d1HHZ3E0ynMe/rd","9e2yfhvDlPWYVthPVR2bJf","9e875FRttDZLzjb5rv86Kg","9fMLVgaI5HJYdVXhEY5U3k","9fYjiFgEZLqbSIov+MQzLx","9f1pa+3IpPILRKZSLNZiDa","9f5EVHiE5Dr7Y/15C3Ti8u","9f+5HQsLRNWpKXWfrqDCXX","9f/8uW6oVFnrmP8m/7P3/A","a0Gx91BrFKHLnEi+4Y1wf8","a0iQBQkDBOnZrkuAjtiIxd","a1QG5LEWNHXbQvTdEJUgxH","a15EdpKfJFh70sdfKbc0tZ","a1+ri8tnRP8o1nQWb3wCvy","a1/s1ZStdFc5ZP9kC5tm75","a2064d8e-e92e-46d4-873c-e4fee589d39c@6c48a","a2MjXRFdtLlYQ5ouAFv/+R","a2aozYeWxI+6ZUgpz5pvod","a2fPfDfo5HoaQnqgumpqZP","a2gHHClatGJ53JeFHU7YvV","a3aRA5MO9He4cB2sLA7Q3V","a3h2VRvqFBoIFr2HYtVBHT","a3ii62vnJJfKxd41iX8b75","a3pmtdxPFCwZ30RfngKkd+","a308q7CjtJt5ll0VfRvVbr","a4XpGpxklAzpg5JDtVCZPg","a4auNkMPZNl7wiA7ggVImR","a4tCVI2lFExLpc1HHx96GK","a41oFTq1hMErD/BPV0uWtW","a5Hs4NqoxPFYGOvc4K/bHK","a5LYqnB7JG2K9D4uvc0ERb","a5Ukx2VwVK0qEznIvCEapl","a5XlenRGtKk6mzhRnKkzSP","a6DDX41y1MVI8BDk7dXEgp","a6hVelwPFE57OJlraQcVuz","a6laOBY/BGc4h9+4MShfsj","a7D8eZFfNFHrEd0evVMgoY","a7ETFwCkdEr4y0xTw9fhpa","a7nI9h3dFFJqCYZn6+OpF2","a7vSuwgFRPP5W6RROhFVrr","a8fv7BOrJEmI9ZqX4137Hl","a80Ee/sspG/Ke5T9F0XytF","a9NJK7eWZH+poV4x6Lg+sH","a9a6aOnLdB8KMnH2bIJqLD","aaBiecgSdPBa3e/jn5ZHuY","aaVjCalbNCrIqHIRrbX5MV","aabZaktTZAS4Sz8OpHDPey","aaeZ/NeVlCJbG/VcMa589r","aa709cD0xAE5AiR8gLu20G","abgdsTKLFEc6n0xglJ+hVC","acQrfAAS5BNqctDCKoaOtb","adGENbjMtPkZGx46sl7bJ6","adLMGRtCBLZ4fUxG5iN2tu","ad6aaffe-8596-4f11-b02a-d606dc736537@6c48a","aeNwSoLwBK5rgaTf1uFoco","aeZLf/fT9Llq7PL3uCk3V7","aefE5TfCRCCKMB1j1dbk1C","aegRnXwKpOF6gpVaisqV2U","aekOLy2NBBn6rxMy9h40+u","ae5G5hmWBM1blrZ6GcKCMk","afVX1iXipJcavc8BN9W6WW","afXgmYv9BFPZwjc/EzpIK7","afc/jTHgpLeLUyIc03ThBT","affNvH1gJAKZpaCg88U3i4","af5wPkLjNFhoUdivAO+At+","b0BRtEbARP8qsqWhxJKqlb","b0FjeQxZ5BuY2FgIuJYdxV","b0JugGT2RNuJ8VdVEOCId3","b0htKaws1M75VTENCM8U1m","b0ikVr4yBBErUCc+/5xuky","b00lJfC1RLH5TfaYMalRVD","b1DgT3/GJDLoVCaxtIV4u4","b2ECW60shKW4wyb+H2OAZL","b2bwEEaX1Na76HF5XjOkHZ","b2vMKwA85IPoml8HMmkNq+","b3dA7BihZEOrm89+Y3Hf8U","b3hol2HfVOhp2VYYT+Qh5C","b33TmMub1BFZAaDWkpnwXH","b5LCBU0apKSK2o5lVBWogp","b5yFRSLkBNiIgV/u3jczTi","b55hvqPBJFd4izT/jFNSSi","b7Gu9a3jFCuJI+if1sRnTO","b77DZQyR5OXK0X7d9PdVZ2","b8F5KcYgtN+6OtPQLv5adb","b8IYbJBzBBTLKwrj7sVD2u","b8XyZ8W11EgbCitwonEzg0","b8gGW3gWVO2Js53H4uEzJq","b8mJFk5ZFLnIqhYZceKh54","b89wzkeIlBTqPTmol9vAtB","b9N4W/qR5PI5kSRqXLPMp3","b9QeKuOLJJRIylRJD4etaL","b9UuSgd0dEh4CC02idYX//","b9byLPKW1DR7C2aEttlava","b9dmuUS/RD6K9pCtfc1Cib","b90HnCcD1OSJDifSOxbwRF","b92h9Se8xNuIkhLU4m4SSC","b98V2dTp1Oi55/ylIYjwod","b9/dXVqEtKb6/yMcPNCch9","baOoja2ERIooU1O11B28Gx","batOb9xEtAr5pF/drdjLnF","bbQsWFDApI0a3fvRyLvNW0","bb5v0oHLZE2Y1JeohFAAaa","bcgSNzw/lN8Zw0vTgWoc7h","bc5eb38sVBYYwb8at52Vcq","bc/umbHU1BB4YpD+6W5so6","bc/vdehKxLp42XjlfeelZH","bdGY0HuqBKU4yamUhEyXWZ","bdQMwjglZI8qJkT2vHCZI3","bdVuplUmFARb2Y3sj29dnJ","bdbSukA5dJiKf/QQiFW+Du","bdgAw2/bNHXIaFHlOYjUqa","beEYk6Uh5GJIYatfgMQPcR","beyS8q959Oe7oP33D4Vmdj","bfOMEMuTdH/6mtumtWMLwX","bfOSLfhUZKeZoxgfyBQ9rf","bfX6A3iQNLA5dK4eeNShV2","bfeQp2o4lPzb+VTx8z1Byo","bfh2ct1OxDCIHLejR1RErS","bf3BeBNPBOd68IaYT96Mqk","bf3hECeTNHKIWUPLIMFMOT","c0gkQyClJGW6nFA9MFhrlm","c0oaWoz9NBU7IdpDI8jVye","c1NpV6KxhLTrOXNC9Cwk9t","c2OeML22xM9pQXi03pqlcr","c2fb80fe-163a-444d-bbe7-f4e515bf4608@6c48a","c2/SwXkpRBxp5cvoRhRzbG","c3Ehse7H1E6LGm6qvmfxDu","c31821b5-e1ae-41f7-9355-bd1efc59087c@6c48a","c3GlkdsfBH+4+5YzQR8Dui","c3rF91hgZKsaLo3p7Y2myw","c37gFlpg9B2KNJDwvKSPUE","c39832StRMC5zvMRoMrbUO","c4v3MhWQxKrIgK3x1nu48c","c43Qsul5ZDe4MDVqYCzcnC","c5tRCgXqhIQLYI9ZOpIB9K","c5/ftgx5BDK4pH/J83/Eh2","c6FU7iD2ZKGIVWbA28QKXM","c6N9ca6TxJZrZGFF3pXaWr","c7JE9gc6lE9KWBjjTG/8Pq","c7QmautRNKp45k2huEN2tl","c78t5UBJZLT5oPas/y/8Br","c8CGWRak9C9qy6rUinVJpZ","c8TlhjJNdJX6UNsXwvf2nn","c8ueORW2hI7pbVH7Rak01S","c83cxwHEROXapllQ2mQ2dF","c9QeOA2GhIRYvGprRtEMeO","c9VupEoCxGbIrIXOJwwOth","c9WzVaugREs4xmW0GRGtxr","c9w0DXfg9BSJMDUNMf9bg7","c97MCkLn5A/IlSxKfVvWf0","c9/92TtqNOVL6GKh/g1DRM","caH+Ln4g9HOKR5gEHQdjRW","cbEqMev0BNDZ5TVRc6D9pf","cbW1q/afFEkbgPtSksyM09","cbaSHjKMFMh5m/w3E59rQu","cbjSDevGdIJ5XBmYjSwP7U","cb73K5kMRAgYeFUt8iNROv","ccrwNSNyxOsJkFutRhIDIG","cd6ebZZvFD2o2rFTy3NAl+","cd6ssMvFtMkp4AwU5zx8/8","ceK5sp5ndGpYBCHpUKoXq6","ceUe9LDypEK6v/drrC9JLW","cea3s43qNJ3YxDvo1Pj6j3","cenaCXoZlKgaUvz2VwOhC5","ceu0z6px1F0aJQdVmRynus","cfImDpi6dA7oZz4kLJ6smA","cfi6mQLVpAVKIw/M6P9Kw/","cf61NBGEtPZbjdwvyJMQP1","d0D8ZrxjVBQY9MDVxX2HyM","d0VAoZp2NF2Y4LaCozfmRt","d0clPH7PVDg4PZes6ofkrx","d0t5+kcaVFiaHGHmSENkiw","d0ybjKI0xEL564M/OGwvbK","d02viHCDRO9Zq0nZ6TQjDr","d03rIJs5pDcJAz7kTZuaO0","d08ED8r7dPo58tLUMc5ml2","d1I3talNJPD48G7WJeL4ng","d1Px+agrNJy4BBYlrxZhFd","d1WB9klHRLXabmsfMn8F7x","d1WHen6v1GgaDLQQ1NIF2V","d1bihw0YxKmLS/x8Fi4y7t","d1zNbViPNMAqVTNJu2dcB8","d182MU1BZEHK3HHI+DTusb","d2VVpUjEJGrYzxhWMKPj03","d2htedOTFFtKEkIRz2kGzp","d2vFsuSNFKR41BRUXOBnpD","d2yOfoXjVCOqmvFY3e5woU","d3ZbfRi59O27TApCHQ9MUu","d3ZtcbcsFHR4p2dg4PW7Ye","d3ib7pCMZB/5JaaNy5K1e/","d3t3Ga/dtLGr5astKbuGOj","d3ys7qOE1Baru5r3/Y25Yb","d38Fg4e/dB5Z+EzWxAbevn","d3+E6o96RLA7VHQS1PZGCq","d4dr8l9UZEZ4Q5cFUcejTt","d4g7laSs5Eirox4Y4RY1du","d4mbApN2JFCYsVt5gCMte4","d4c508d7-3e75-4366-8269-67f7064c731c@6c48a","d47uwzEWZDrZyVYTYMrA/d","d5OMBx695CC6Us6tXlAYUV","d5QQv0drdMy6vEA8WoSyeI","d5RjDpNUpNVJIldlXdux8o","d5Uail1SVPTaKApn5PZW5r","d5cQFc0i9G7Ie9qoM3j3D3","d6AB38felO4YlWzpkHG+hi","d6EudmCIBCb5N68Avws7qd","d6WmuM451MsoBnN3wojyJk","d6q5JzOutE5YSbYL6x+kr/","d6vq+k0JBC6ooM+Mk9YjXK","d7OH+MmJZAe40oore99B14","d7Pc48cLVB7qrUZ7okTW+B","d7eTP+WKFIz4WEkZ7QGhnO","d7s+WmIVxKrJxh0oDYJxPY","d8k6Dqq/FBZJJ6zekyPrC7","d8oMX0bBlFaoz8dozDODh2","d96soSAVBEG4wYyhYz+wa7","daKGkJHypKUZFhdwiQD5jK","danLf8QqdKlbmoeN2T7jDY","da76YwbctF+q1qbgOQdfre","dbVPjdiQNC6ayx3D04guDJ","dbWdmAqKRBNYVyByPYKtPC","dbW7Ndd5VKvLTu041yBWP4","dbzMYZp+tLcJQEgGJrZ+28","dcAmTsobpL84y1os/z1Wmt","dcEQb8QP5Fg5BkCzmcFgWb","dczj6P+51EfYVCBslDw2fn","dc5LgDUABJ9odsD/yy1cDh","ddNsiSY+pNW50DrvOvBduv","ddgz9N6ttLwpDZW3MJl1lz","ddzR9ALjdD9Zb4R9dzBHhy","dd01AwIklD/ayn4D5VeTlc","dd5/3+BPRIXJcF04zKrThG","deCwtmXKNJnYbYhWRYRSng","dee4OldaRFrLrSaDCcTMz1","deuVt26UZLDpoQYKi6AZ+w","dexHIVC45Ld7QvKumKHeqC","dflMTnF8hADK6boMnaMNKv","df6XQz5mdKUb0L5daOFkL9","e0wRAo2mpCb7h4CIDtUUSW","e0x4jH8t9GwbBg6tx9OoE2","e0/22iW8FD6aTRE0gCctWg","e1TWgBlRFOj4ypzahsUjdB","e1Ue0ZNdlC8oLB0DcLTHk6","e1wl3w6uZLErB0Nge7msPb","e2FY249b1BI4z30IQLbiWs","e2Yg6n//FLbqimvJssnYhM","e2Z06eEXZMRKUD8VdVGeci","e2hpL6rs1HiYbaEkt1KEb2","e3OjCDRvlEQp4MLgHHibtB","e300juheFBPbUHMQoKk/O7","e37LpJ45ZJ4Jmp9aBLABYI","e3/DmFYR5Ij7iXJowUAWNf","e4LjmTe0FFP4/VxKgMjLiY","e41OfP9mFMWZPmiqwUvAs3","e45cAI+gVBlKNHWe36+Sgb","e5IZ8G4/BO3JEBS5d45Hbt","e5TYtc4Q9G7Zymhg0SMSt7","e5fyuuuAZLireh5tB/badu","e6MIHCHsVDBLzWJAO9E51s","e6zNkAlSZJ1ZjCwdZpXY0f","e7CorP3lBJTLqKFjKFeL2g","e7REUaI0ZB4KQ7j+zyD2rf","e7XTr5o5RGtreldNlPlhrU","e7fB2MFABGXoc0yM9+mKXS","e7+asdt9hDtJK6fr3qDk5o","e8uvxklYFEQIyyGuUY8Gcq","e8+AFyrWBKu6U7R1636r57","e9vjPiwDFAI4fZ2VG+V+Tt","e9weCYNrlPbI/WYtsmF7HO","e97GVMl6JHh5Ml5qEDdSGa","eaku3rOtRFyIMqG2I7PGNI","eazCFLeoNPyJiknseppn5I","ea5ZbE82JH34S/RnhVi6mj","ea8UP+jglBtqTEipCfwFiQ","ebROd4HRNJdq1yuq50H9bT","ebZK6jsrlMIKiVm6UPUUB1","ecCTW49kJJYZX+93y4H/Sv","ecClTKAXRDG6y+MMuyLOO3","ecL83ZjSpDQadY2Z2CPk06","ecpdLyjvZBwrvm+cedCcQy","ecqmDUL7ZCz5JRCmZcX+dL","ecxRUrMahGOrteAdiZEF+w","ec34oNigdEQKKGOfCX1rdp","edHF9bpiFF8JYBTvVJaCBB","edKIOKf7ZKWZRkCwVgXMdC","edRzlSSVRJE7UANtmtPMTh","edVBZAOdpLi7gd6sDZgajs","edVoWuzE9HeImhALWYRGID","ed1afhR8xE3rqPh52myXOd","eeND0ZeUJM87fkknh4I5fL","eeutYc5nFGmrtMPkYBDC1R","efMhRaOy1CHqlVmDtcwqUU","efRYNEkOVBp54RC67db6ch","efV5jjI01NFoHa7pbw+Ih5","efbxQbifFAzYOj/S21Ehmn","efeBqIQOlHaIcgTLEehIz2","efeifHwHRAqqZULDwchHgf","efgou8nXFEVI5Gx0ySdatZ","efhjTVRSpAf6r/CIGloCcT","ef8WzABclBa40DBIQwTVaK","f0BIwQ8D5Ml7nTNQbh1YlS","f0LeV0QkdPdaajroJV4Kuy","f0j4rr/URFHag1ggv6HNOR","f02xneDYlBcJ9QXo8kn5cR","f1l+N6zIdG1qWXB8dr/gbY","f1yuqNFodFMagcpB/PWvcC","f11qRnxWFPE52lhev0AM1W","f1+190mi9J8YG9msKqm+rN","f2D9MWAx9A8ZNO16ytEa+w","f2XNqA0m1EkLjSQYFrCFqL","f2/+U0vFRH6qtgbUDRY58U","f3EX8+IhJFaLNds6I+zUhW","f3F3TlheBBmIz56Gz9+J2c","f3iKWKlahJebB5ePs1LJiM","f3xuoY8KlKkolZ4OzppjpN","f3zXt2Wf1AZKAhlMx5VCA1","f36ywnk55JeoFB8sBau/D2","f4Kgky5Q1I9Z6KFiw/Uqwz","f4O8AKALpIcrn7NkdvJmW+","f4P5vYH6RADoaTxgBs/LOm","f4axRBfChKKanHV1U+cbVo","f4ewO+HQJGlbs+plqYk7b9","f4mjYLrztPiLXr9A3DyX7a","f4tw4P59dBooMDtCantbeo","f5HZJu4mVLGrTDQu+mk80j","f5Ryn7qDVFZq7Y2oanpI7f","f5VxPvWjBOioRO5tjrttbZ","f5f7PpCnJFB5k3UIWLF6IS","f5ptGqIGtKPYsOarY4Am5x","f506Nmqb5A9IezQX70F0CM","f6YPncn7JJ65Y9ShuXMHrw","f6g4H2DBlHpJDR+koyPRrj","f6i/426jZJool0otV93IlD","f6n0ILr/hI9LiuoyTBZfmG","f61h85Nu5POroBDU3I4SQd","f697P+QlpBKZMyjdH7ibYV","f7GksbOxNIybX/Rut1JaCK","f7fGIgiYVJhZOZ4pDbN+99","f8y+wVCwRCfY/XFIzlSQ1P","f81h7fAZ9CQqoFAdWnl/qQ","f85zdgdddE16p7rvejPVjE","f9XgNg5ehLc4whIbTXnsB8","fabs9KmmRAtL/a+oA6mwLO","fa7MJlsiRPv5Y2E8xPDQ+f","fbO1HgzxpA7LKPByDWKSsX","fb9Qr+HNFNeb6A6drStQJ5","fcYuZQ0adMSY/h4kEjYx9u","fc6x+MvE5IfYcymD4MuKm5","fdm8SQh51HYbulSdYmUG/J","fdtWtdethLKZyPl+tIydTB","feffv9AsRKr5f7PHkHogch","ffpJClRwBDBLq4ThK/6UST","ffrzt6oztBE7aoYY8iff25","ff84UKQgpEB4o5pBqZ66BV"],"scenes":{"db://assets/Bundle/MatChuoc/MatChuoc.fire":256},"redirect":[502,0,581,1,734,0,745,0,1022,0,1152,0,1275,0,1282,0,1285,1,1306,0,1335,0],"deps":["resources","internal"],"packs":{"0129c0b23":[426,434,440,468,474,499,576,580,594,614,625,735,771,785,823,834,838,1301,1327],"01b58b6df":[202,274],"01b8d05bd":[374,381,452,498,524,542,549,716,749,782,795,825,828,877,881,884,891,899,905,916,920,943,977,988,999,1039,1049,1063,1079,1103,1116,1121,1156,1163,1195,1214,1216,1236,1249,1308],"01d9fd737":[361,443,511,517,569,666,740,985,1032,1069,1142,316,1317],"023eefb96":[391,392,435,458,540,566,589,640,228,665,682,746,779,910,1053,1084,1093,1164,1206,1226,1247,1256],"02639d1ed":[195,234,246,254,265,271,287],"0266a68f2":[934,969,327],"0267ec1e5":[360,397,406,455,457,514,578,659,700,760,776,819,261,961,980,984,1024,1034,1127,1196,1250,1258,1341,1344],"026ddfd00":[349,369,446,482,806,843,1071],"027a5f068":[214,224,225,241,258,308,329],"02b9ee1c1":[335,413,512,513,675,739,744,972,1004,1013,1148,1209,1237,1263,1292,1302],"02c76ff9e":[205,639,815,1353],"02d4b0d22":[337,590,720,1061],"02e9d8d69":[357,404,478,486,500,501,632,648,651,679,701,755,778,821,893,994,1080,1101,1117,1132,1259,1303],"02efff590":[364,384,410,418,504,551,674,712,743,786,798,901,986,1146,1179,1217,1260,1299,1304,1337,1348],"031489865":[768,811],"0351e1e81":[509,533,557,563,565,567,570,586,607,624,646,657,727,742,761,773,792,845,849,860,892,895,896,926,947,993,1005,1076,1143,1188,1190,1197,1199,1241,1245,1283,1288,1293,1305,1328],"03acd6b2a":[347,939,309],"03b25e76a":[336,388,437,480,527,591,706,709,717,769,922,924,931,964,1015,1098,1172,305,1278],"04099bc3d":[355,376,433,449,466,471,497,503,528,534,539,605,628,631,655,681,687,695,751,767,797,803,856,886,890,904,912,958,978,996,1051,1060,1085,1131,1187,1210,1234,1253,1316,1320,1323],"043651f6e":[358,365,396,414,420,427,454,518,597,608,654,699,702,737,756,766,918,997,1115,1204,1233,1284],"04592c0a7":[341,510,516,783,907],"0462dd79f":[338,345,352,382,423,211,610,670,731,762,810,842,873,876,1070,1090,1108,1155,1221,1270,1291],"048d8af60":[342,411,487,535,672,741,800,888,898,921,966,1008,1011,1038,1124,1178,1183,1211,1231,1354,1359],"04b7c232a":[197,673,805,930,1072,1174,1274],"0500a1d9b":[199,660,836,956,1219],"050c47d9e":[353,450,495,523,544,550,579,729,812,858,861,951,962,968,992,1030,1040,1052,1118,1126,1129],"0513f5469":[264,953],"051b2ed4d":[343,554,629,722,789,816,917,1099,1194,1268,1286],"052b4873e":[340,401,412,424,529,531,584,721,784,796,866,989,1019,1023,1097,1102,1150,1201,1242,1264,1287],"057c69d1e":[192,1028,282],"05a17d387":[394,456,879],"05b176ec8":[344,436,277,1138,1246,1261,1339],"0612c01a6":[379,441,574,622,683,793,829,975,1095,1202,1313,1334],"06330aa9a":[442,491,506,613,738,1037,1125,1343],"065af0a52":[339,723,837,990,1025,1192,1326],"06adce4a1":[492,817],"070db430e":[515,617,618,848,942,1029,1087,1089,1191,1289],"072f887a8":[387,422,425,438,453,585,715,730,759,945,982,983,987,1012,1046,1047,1058,1075,1144,1351],"0757266a3":[813,833,925],"07641b221":[708,1165,1312],"07aa12b7f":[203,317,322,330],"07b4245b3":[407,488,548,626,663,703,235,757,763,854,857,867,908,911,950,1160,1193,1218,1281,1294,1345],"07e759786":[733,941,286,1207,1350],"07f910e39":[196,266],"0808e0200":[227,758,991],"0822cc6c0":[368,378,485,536,546,568,724,790,822,1050,1104,1114,1140,1151,1158,1169,1255,1297,1331],"082c4d39c":[1088,304],"084fa2fcf":[390,862,1031],"08a4dd6ab":[826,1062,1091],"08ce48664":[431,593,689,237,827,1054,1159,1232,1239,1251,1257],"098172eb0":[334,14,15,16,19,21,22,26,29,33,34,35,465,38,507,41,44,47,48,49,51,52,53,55,57,58,60,62,677,66,69,72,748,76,80,81,82,85,87,89,256,91,889,94,95,101,102,104,105,1009,107,109,110,111,112,113,117,118,119,122,124,125,1057,1073,127,1078,130,1086,131,1096,288,135,137,297,141,142,144,1173,306,148,149,150,151,152,157,159,160,161,1296,1307,166,325,167,168,169,170,172,173,1349,174,176,177,178],"09933d6a0":[552,313],"09c132e8a":[473,541,619,620,649,686,688,809,973,1006,1319],"0a8844037":[522,216,588,976,1074,1153],"0ab7a8cf0":[398,408,419,430,445,538,575,577,604,609,611,623,630,650,661,684,713,753,754,799,818,824,840,871,915,928,944,963,965,971,981,1016,1020,1035,1107,1135,1139,1162,1166,1182,1186,1225,1266,1269,1295,1298,1315,1321],"0acfbcd00":[417,494,519,521,564,573,615,704,780,940,979,1065,1168,1248,1277,1300,1346],"0b0c4d28d":[451,690,933,959,1026,1137,1230,1357],"0b4f96623":[598,1145,1272],"0b595c035":[362,366,367,462,479,547,642,664,787,874,885,938,960,970,1000,1094,1106,1238,1273],"0b8ab049a":[490,307],"0c06e305f":[359,395,496,555,560,603,764,851,909,927,929,1045,1112,1128,1175],"0c5df2c54":[185,187],"0c7662433":[363,370,383,460,469,525,545,612,638,645,676,694,710,750,770,794,801,804,820,841,847,883,900,937,1010,1027,1036,1064,1105,1111,1147,1185,1213,1243,1290,1333,1347],"0c9133245":[643,839,1055,1176,1208],"0ca16f0b8":[380,399,447,461,553,583,627,658,788,791,831,878,1003,1041,1082,1171,1198,1229,1276,1309,1310,1318,1356],"0cf2d0529":[373,201,532,634,680,718,747,774,974,1092,1338],"0d0058694":[913,294],"0d0d17921":[459,562,599,606,647,653,696,765,914,1014,1066,1167,1330],"0d182beb9":[428,481,558,587,644,714,726,868,887,1083,1119,1120,1123,1134,1181,1227,1314],"0d6e7d609":[356,595,596,697,698,835,955,1122,1180,1235,1265],"0dafaf5a4":[476,508,870],"0dc3c2da3":[475,299,1325],"0dd41e98f":[470,526,707,732,772,830,902,936,954,1002,1033,1110,1157,1220,1271,1280,1329],"0df52062a":[346,371,400,415,505,814,832,880,897,995,1017,1056,1228,1262,1332,1340],"0e2002007":[393,409,467,556,692,705,719,775,844,855,859,923,946,952,1007,1018,1136,1149,1170,1215,1279,1311,1322],"0e499bbf0":[350,351,354,405,416,439,635,636,678,802,807,935,1081,1189],"0e4d6c509":[489,693,846],"0e7e6806b":[477,543,602,621,668,919,1043,1200,1223],"0e8a0cea1":[537,1109],"0f2c20c74":[472,561,662,711,736,865,894,906,1001,1048,300,1224,1336],"0f33206ea":[483,493,559,872,957,1141],"0f894dce8":[219,268],"0f8abfa65":[0,13,17,18,20,23,24,25,27,28,30,31,32,36,1,37,39,40,42,43,45,46,2,50,54,56,226,59,61,3,63,64,65,67,68,70,71,73,74,75,4,77,78,79,5,83,6,84,86,7,88,90,93,96,97,98,99,100,103,106,108,8,114,115,116,120,121,123,9,126,128,129,132,133,134,10,11,136,138,139,140,143,145,12,146,147,153,154,155,156,158,162,163,164,165,324,171,175],"0fa12a5b7":[372,375,389,421,432,484,571,592,600,601,637,641,656,685,691,728,752,777,852,853,864,869,948,949,967,1077,1100,1113,1154,1205,1212,1240,1244,1324,1342,1355,1358],"0fae75d38":[377,444],"0fb918ebd":[385,633,875,998,1042,1067,1184,1252],"0fdb48b0a":[403,932]},"name":"57","importBase":"import","nativeBase":"native","debug":false,"isZip":false,"encrypted":false,"versions":{"import":[179,"018b6",0,"102d7",180,"6eaec","0129c0b23","87286","01b58b6df","db637","01b8d05bd","0ff59","01d9fd737","b4f53","023eefb96","2cd13",181,"cc33b","02639d1ed","deefd","0266a68f2","cad58","0267ec1e5","78746",348,"27e7a","026ddfd00","82b7e","027a5f068","e7c9d","02b9ee1c1","325b9","02c76ff9e","d55ce","02d4b0d22","a16a6","02e9d8d69","bd659","02efff590","f6be2","031489865","31979","0351e1e81","85ac7","03acd6b2a","5c3eb","03b25e76a","95810","04099bc3d","5de63",182,"341bf","043651f6e","27c0d","04592c0a7","0cf11","0462dd79f","dd199","048d8af60","aa667","04b7c232a","cfe0b","0500a1d9b","882c9","050c47d9e","89062","0513f5469","7f77f","051b2ed4d","d92b5",183,"32003","052b4873e","29c47","057c69d1e","6912b",184,"2202a","05a17d387","3d73f","05b176ec8","31d23","0612c01a6","bc09a","06330aa9a","5c015","065af0a52","8f797","06adce4a1","14b32","070db430e","2f491","072f887a8","1927e",186,"5a8a4","0757266a3","f192c","07641b221","d6343","07aa12b7f","4f815","07b4245b3","cb4ba","07e759786","f4846","07f910e39","41778","0808e0200","9e040","0822cc6c0","3f412","082c4d39c","4cb6a","084fa2fcf","6ee6c","08a4dd6ab","5b6cb","08ce48664","95b45","098172eb0","340a4","09933d6a0","29220","09c132e8a","f1ca9","0a8844037","da7cc","0ab7a8cf0","df34e","0acfbcd00","e47d7","0b0c4d28d","9b839","0b4f96623","8d460","0b595c035","21827",386,"c3dde","0b8ab049a","7486e","0c06e305f","c4243","0c5df2c54","72a90","0c7662433","1d7fa","0c9133245","f6727","0ca16f0b8","2043c","0cf2d0529","da8e1","0d0058694","206a0",188,"c1ba5","0d0d17921","aa67d","0d182beb9","5019d","0d6e7d609","56408","0dafaf5a4","1076b","0dc3c2da3","94a04","0dd41e98f","cac88","0df52062a","ab783","0e2002007","f3ecc","0e499bbf0","6d8a2","0e4d6c509","c7121","0e7e6806b","74f25","0e8a0cea1","b0bf6","0f2c20c74","6202b","0f33206ea","39b39",189,"9afa4","0f894dce8","94ea3","0f8abfa65","8fe07",190,"ab15f","0fa12a5b7","f7a80","0fae75d38","33f60","0fb918ebd","07a74","0fdb48b0a","f9a93",191,"71c67",402,"4ec0a",193,"a9d37",194,"9118b",429,"8de7d",448,"8460f",198,"5db08",1,"64086",464,"8b5d6",200,"0c305",204,"92ae6",206,"02111",207,"d7de9",208,"6a774",209,"3c854",520,"03367",210,"9fe1d",530,"2afdf",212,"314d5",213,"b7c0b",215,"90a82",572,"8c63f",2,"7c906",217,"2625b",218,"87a75",220,"29332",221,"1d4b1",222,"df68e",616,"95bae",223,"5d310",652,"eaa3b",229,"fe81b",230,"bf23b",667,"390f0",3,"14080",671,"24e09",231,"443ab",232,"d7c07",233,"2e434",725,"2c336",236,"0f877",238,"9a71f",239,"4abab",240,"01a7b",242,"24882",243,"d6d21",244,"eea4c",245,"510a5",4,"7c5c5",247,"c43e1",248,"4babb",249,"0e68a",808,"36356",250,"f868e",251,"69bf5",5,"7c1de",252,"1a1b5",253,"692dd",6,"b961f",7,"90e3d",255,"be80c",92,"5d63a",257,"d09be",259,"9b042",260,"8b493",262,"f8959",903,"66071",263,"66f98",267,"e6f59",269,"8fd24",270,"5c4b3",272,"e05a3",273,"68cbe",275,"f0c56",276,"8214d",8,"1996f",1044,"cf8ce",278,"ec61e",279,"40579",280,"5ec6c",281,"efaf1",9,"18924",283,"33a9e",284,"314ee",1068,"eedd0",285,"33959",289,"02276",290,"66571",10,"55879",11,"3f2a3",291,"fb0ea",292,"3f8e4",293,"cf421",295,"3ba61",296,"95c8b",1161,"6b73c",298,"ee4b9",1177,"eec49",301,"1bdcd",302,"9e268",303,"946c2",12,"30f34",1222,"5de4d",310,"b059b",311,"2a16a",312,"869fb",1254,"feada",314,"71654",315,"8badc",1267,"2b4dc",318,"47848",319,"7935b",320,"829ed",321,"6e9ae",323,"be204",326,"dea33",328,"50a18",1352,"8764b",331,"51e35",332,"27ef6"],"native":[0,"24cd4",13,"c886d",14,"5b5dd",15,"79e13",16,"be0da",17,"28ce7",18,"9a386",19,"32f26",20,"11d04",21,"1c41d",22,"4369e",23,"a4e7d",24,"a8465",25,"ee927",26,"e92a5",27,"77833",28,"46d21",29,"c3f38",30,"a8465",31,"dd81f",32,"9af3c",33,"a5558",34,"40e31",35,"b20ca",36,"b8374",1,"cea68",37,"55593",38,"586eb",39,"07a94",40,"b4765",41,"18a56",42,"1cfe9",43,"834d5",44,"a3f41",45,"07d4b",46,"ac47e",47,"59697",48,"b26e4",49,"f615d",2,"596fe",50,"ac178",51,"6bb42",52,"bc4d9",53,"4caca",54,"57e4b",55,"57ec3",56,"75bc5",57,"3bee0",226,"4265d",58,"8f44c",59,"9d3aa",60,"0d0c3",61,"4365e",62,"8cb85",3,"07cdc",63,"99f6b",64,"a79fe",65,"86dbc",66,"eb894",67,"0c574",68,"576d6",69,"677c8",70,"a06dc",71,"cdfdc",72,"8c86f",73,"edb50",74,"a3f1c",75,"3fe50",4,"90cf4",76,"a2f7d",77,"09d07",78,"3cec8",79,"07cdc",80,"c1757",81,"b1037",5,"5a512",82,"7f6d9",83,"42b36",6,"15b16",84,"bc91a",85,"2d82c",86,"8822b",87,"780f5",7,"19cb3",88,"59537",89,"0864c",90,"8e390",91,"5acec",92,"b7426",93,"14b9d",94,"cbd86",95,"ec939",96,"0fa34",97,"8ff0f",98,"9c7e9",99,"40993",100,"9d463",101,"dbdda",102,"ea747",103,"10cc8",104,"3a779",105,"a9dc8",106,"48380",107,"3d028",108,"5abf7",8,"c06a9",109,"6440b",110,"343fa",111,"df38c",112,"26a5e",113,"229ce",114,"6428d",115,"424f3",116,"0c6cf",117,"4d9ef",118,"8e72b",119,"c8607",120,"be119",121,"56a85",122,"70d08",123,"e41c3",124,"47498",125,"104b2",9,"6f6e5",126,"17dd9",127,"ffc4e",128,"95238",129,"63abc",130,"10527",131,"4bcd8",132,"8b77c",133,"8c8a1",134,"42757",135,"86c26",10,"c3a3a",11,"0ce33",136,"16c2d",137,"001fb",138,"b7380",139,"a0fbd",140,"8302e",141,"9585c",142,"1dc1e",143,"78874",144,"0c5bc",145,"8c50d",12,"83fcc",146,"84dfb",147,"ba479",148,"605ac",149,"1563d",150,"b2738",151,"babe8",152,"c6457",153,"79f8d",154,"1b84f",155,"236b1",156,"38124",157,"b1ffd",158,"79bfd",159,"15610",160,"73729",161,"18716",162,"8a617",163,"104e4",164,"b71fc",165,"4a425",166,"71212",324,"284a9",167,"a98d1",168,"7582a",169,"ae2f1",170,"dc28b",171,"171e7",172,"d07e4",173,"f97b8",174,"758e2",175,"828f2",176,"31e1a",177,"91038",178,"0a72f"]}}