{"paths":{"0":["ArtNew/AutoAtlas/ngocrong/B1",0],"1":["ArtNew/AutoAtlas/ngocrong/B2",0],"2":["ArtNew/AutoAtlas/ngocrong/B3",0],"3":["ArtNew/AutoAtlas/ngocrong/B4",0],"4":["ArtNew/AutoAtlas/ngocrong/B5",0],"5":["ArtNew/AutoAtlas/ngocrong/B6",0],"6":["ArtNew/AutoAtlas/ngocrong/B7",0],"7":["ArtNew/AutoAtlas/ngocrong/Ball Bright",0],"8":["ArtNew/AutoAtlas/ngocrong/Ball Light",0],"9":["ArtNew/AutoAtlas/ngocrong/Ball Sparkle",0],"10":["ArtNew/AutoAtlas/ngocrong/CTRITICAL",0],"11":["ArtNew/AutoAtlas/ngocrong/dropEff1",0],"12":["ArtNew/AutoAtlas/ngocrong/dropEff2",0],"13":["ArtNew/AutoAtlas/ngocrong/eff_bengoc",0],"14":["ArtNew/AutoAtlas/ngocrong/eff_ngoc",0],"15":["ArtNew/AutoAtlas/ngocrong/eff1",0],"16":["ArtNew/AutoAtlas/ngocrong/eff2",0],"17":["ArtNew/AutoAtlas/ngocrong/eff3",0],"18":["ArtNew/AutoAtlas/ngocrong/finMiniBoss",0],"19":["ArtNew/AutoAtlas/ngocrong/Glow",0],"20":["ArtNew/AutoAtlas/ngocrong/Hit Glow",0],"21":["ArtNew/AutoAtlas/ngocrong/Hit Light",0],"22":["ArtNew/AutoAtlas/ngocrong/Image",0],"23":["ArtNew/AutoAtlas/ngocrong/ItemMiniBoss123",0],"24":["ArtNew/AutoAtlas/ngocrong/ItemMiniBoss1234",0],"25":["ArtNew/AutoAtlas/ngocrong/kim",0],"26":["ArtNew/AutoAtlas/ngocrong/MBBoom1",0],"27":["ArtNew/AutoAtlas/ngocrong/MBItem1",0],"28":["ArtNew/AutoAtlas/ngocrong/MBLightEF",0],"29":["ArtNew/AutoAtlas/ngocrong/MBLightning1",0],"30":["ArtNew/AutoAtlas/ngocrong/MBLightning2",0],"31":["ArtNew/AutoAtlas/ngocrong/MBLightning3",0],"32":["ArtNew/AutoAtlas/ngocrong/MBLightning4",0],"33":["ArtNew/AutoAtlas/ngocrong/MBLightning5",0],"34":["ArtNew/AutoAtlas/ngocrong/MBLightning6",0],"35":["ArtNew/AutoAtlas/ngocrong/MBLightning7",0],"36":["ArtNew/AutoAtlas/ngocrong/Sao7Canh",0],"37":["ArtNew/AutoAtlas/ngocrong/Slot7Bright",0],"38":["ArtNew/AutoAtlas/ngocrong/Slot7Spin",0],"39":["ArtNew/AutoAtlas/ngocrong/x2 Bright",0],"40":["ArtNew/AutoAtlas/ngocrong/x2",0],"41":["ArtNew/AutoAtlas/ngocrong/x3 Bright",0],"42":["ArtNew/AutoAtlas/ngocrong/x3",0],"43":["ArtNew/AutoAtlas/ngocrong/x4  Bright",0],"44":["ArtNew/AutoAtlas/ngocrong/x4",0],"45":["ArtNew/AutoAtlas/ngocrong/x5  Bright",0],"46":["ArtNew/AutoAtlas/ngocrong/x5",0],"47":["ArtNew/img/auto",0],"48":["ArtNew/img/name_ingame",0],"49":["ArtNew/img/song 1",0],"50":["ArtNew/img/song 2",0],"51":["ArtNew/img/Target1",0],"52":["ArtNew/SoundNew/3d1f6fef-439c-406c-88ae-bc59a2d70b9f",2],"53":["ArtNew/SoundNew/4bbdeb87-1c2c-4e53-b011-5b264595c390",2],"54":["ArtNew/SoundNew/63a6ba2e-778c-4c95-a919-229d4de3b0e1",2],"55":["ArtNew/SoundNew/7749a7ec-f4dc-4199-aa94-5b25e7e2de35",2],"56":["ArtNew/SoundNew/a0da5c18-3c85-4933-a84e-974106b439ed",2],"57":["ArtNew/SoundNew/a9f47bb9-af56-419b-b958-f36c404ae36e",2],"58":["ArtNew/SoundNew/bkgMusic",2],"59":["ArtNew/SoundNew/ChangGUnLaze",2],"60":["ArtNew/SoundNew/click",2],"61":["ArtNew/SoundNew/e0899275-0021-42cd-be89-2ed52fbf3942",2],"62":["ArtNew/SoundNew/e35e31a4-a38a-459a-b810-629469411c18",2],"63":["ArtNew/spine/BanNoMiniBoss/Fx_Explosion",3],"64":["ArtNew/spine/BanNoMiniBoss/Fx_Explosion",0],"65":["ArtNew/spine/BeNgoc/BeNgoc",3],"66":["ArtNew/spine/BeNgoc/BeNgoc",0],"67":["ArtNew/spine/ButtonQuaBong/ButtonQuaBong",3],"68":["ArtNew/spine/ButtonQuaBong/ButtonQuaBong",0],"69":["ArtNew/spine/Confetti/Confetti",3],"70":["ArtNew/spine/Confetti/Confetti",0],"71":["ArtNew/spine/Effect_gun_ice_ca1/Effect_gun_ice_ca1",3],"72":["ArtNew/spine/Effect_gun_ice_ca1/Effect_gun_ice_ca1",0],"73":["ArtNew/spine/Fx_Gemminiboss/Fx_Gemminiboss",3],"74":["ArtNew/spine/Fx_Gemminiboss/Fx_Gemminiboss",0],"75":["ArtNew/spine/FX_luoi_effect/FX_luoi_effect",3],"76":["ArtNew/spine/FX_luoi_effect/FX_luoi_effect",0],"77":["ArtNew/spine/Fx_roi_iteam/Fx_roi_iteam",3],"78":["ArtNew/spine/Fx_roi_iteam/Fx_roi_iteam",0],"79":["ArtNew/spine/fxLaser/fxLaser",3],"80":["ArtNew/spine/fxLaser/fxLaser",0],"81":["ArtNew/spine/hanbang/hanbang",3],"82":["ArtNew/spine/hanbang/hanbang",0],"83":["ArtNew/spine/NoBongBong/Fx_explosion",3],"84":["ArtNew/spine/NoBongBong/Fx_explosion",0],"85":["ArtNew/spine/nohu/nohu",3],"86":["ArtNew/spine/nohu/nohu",0],"87":["ArtNew/spine/skeleton/skeleton",3],"88":["ArtNew/spine/skeleton/skeleton",0],"89":["ArtNew/spine/WarningDragon/WarningDragon",3],"90":["ArtNew/spine/WarningDragon/WarningDragon",0],"91":["Paticle/BigCoin",5],"92":["Sound/atach=k",2],"93":["Sound/BallInSert",2],"94":["Sound/BanLaze",2],"95":["Sound/bkgFish",2],"96":["Sound/bkgMucisJackpot",2],"97":["Sound/CaTranDacBiet",2],"98":["Sound/CoinBayVe",2],"99":["Sound/CoinMusic1",2],"100":["Sound/CoinVeTui",2],"101":["Sound/CritMiniBoss",2],"102":["Sound/DoiSung",2],"103":["Sound/Electric",2],"104":["Sound/fishjackpot",2],"105":["Sound/GietCaX",2],"106":["Sound/Gun Reload - Free Sound Effect [HD] 2021",2],"107":["Sound/Gun+357+Magnum",2],"108":["Sound/GunMusic8",2],"109":["Sound/HetROngChanGun",2],"110":["Sound/ice-cracking-01",2],"111":["Sound/JackpotDead",2],"112":["Sound/KillFish",2],"113":["Sound/KillJackpot",2],"114":["Sound/LobbyMusic1",2],"115":["Sound/MiniBossRoiItem",2],"116":["Sound/miniCoin",2],"117":["Sound/Money",2],"118":["Sound/multiplyAppear",2],"119":["Sound/NextTurn",2],"120":["Sound/nhanthuong",2],"121":["Sound/NoHU",2],"122":["Sound/quayRamdonHeso",2],"123":["Sound/roiNgocRong",2],"124":["Sound/RoomBossMusic",2],"125":["Sound/startX2",2],"126":["Sound/takecoin",2],"127":["Sound/takeNgocRong",2],"128":["Sound/wave",2],"129":["Sprite/Gun/1_1",0],"130":["Sprite/Gun/2_1",0],"131":["Sprite/Gun/3_1",0],"132":["Sprite/Gun/4_1",0],"133":["Sprite/Gun/5_1",0],"134":["Sprite/Gun/6_1",0],"135":["Sprite/Gun/7_1",0],"136":["Sprite/ImgLobbyNew/back",0],"137":["Sprite/ImgLobbyNew/bg_banca",0],"138":["Sprite/ImgLobbyNew/binhdan",0],"139":["Sprite/ImgLobbyNew/bxh_banca",0],"140":["Sprite/ImgLobbyNew/coin_banca",0],"141":["Sprite/ImgLobbyNew/daigia",0],"142":["Sprite/ImgLobbyNew/sukien",0],"143":["Sprite/ImgLobbyNew/top1_bc",0],"144":["Sprite/ImgLobbyNew/top2_bc",0],"145":["Sprite/ImgLobbyNew/top3_bc",0],"146":["Sprite/InGame/ArrowSetting",0],"147":["Sprite/InGame/bg_avatar",0],"148":["Sprite/InGame/bingdong_2",0],"149":["Sprite/InGame/boss",0],"150":["Sprite/InGame/bullet-100",0],"151":["Sprite/InGame/ButtonAutoSelect",0],"152":["Sprite/InGame/ButtonBack",0],"153":["Sprite/InGame/ButtonChat",0],"154":["Sprite/InGame/ButtonHelp",0],"155":["Sprite/InGame/ButtonSetting",0],"156":["Sprite/InGame/ButtonSub",0],"157":["Sprite/InGame/CaiQuaiGiDo",0],"158":["Sprite/InGame/colorGold",0],"159":["Sprite/InGame/Eff_Boss_1",0],"160":["Sprite/InGame/Eff_Boss_2",0],"161":["Sprite/InGame/Eff_Boss_3",0],"162":["Sprite/InGame/Eff_Boss_4",0],"163":["Sprite/InGame/Eff_Boss_5",0],"164":["Sprite/InGame/Eff_Boss_6",0],"165":["Sprite/InGame/f1",0],"166":["Sprite/InGame/f100",0],"167":["Sprite/InGame/f3",0],"168":["Sprite/InGame/f4",0],"169":["Sprite/InGame/f5",0],"170":["Sprite/InGame/f6",0],"171":["Sprite/InGame/f7",0],"172":["Sprite/InGame/fish_hand",0],"173":["Sprite/InGame/free_efect'",0],"174":["Sprite/InGame/GunValue",0],"175":["Sprite/InGame/Hand",0],"176":["Sprite/InGame/HeadBoss",0],"177":["Sprite/InGame/HeadBoss2",0],"178":["Sprite/InGame/home_btn_mail_new",0],"179":["Sprite/InGame/Icon101",0],"180":["Sprite/InGame/Icon102",0],"181":["Sprite/InGame/Icon103",0],"182":["Sprite/InGame/JackpotContent",0],"183":["Sprite/InGame/Layer 41",0],"184":["Sprite/InGame/lightning_00",0],"185":["Sprite/InGame/lightning_01",0],"186":["Sprite/InGame/MarkInGame",0],"187":["Sprite/InGame/msakBlack",0],"188":["Sprite/InGame/net-1",0],"189":["Sprite/InGame/net-100",0],"190":["Sprite/InGame/net-2",0],"191":["Sprite/InGame/net-3",0],"192":["Sprite/InGame/net-4",0],"193":["Sprite/InGame/net-5",0],"194":["Sprite/InGame/net-6",0],"195":["Sprite/InGame/net-7",0],"196":["Sprite/InGame/ProgressBoss",0],"197":["Sprite/InGame/ProgressBoss2",0],"198":["Sprite/InGame/rim",0],"199":["Sprite/InGame/Setting",0],"200":["Sprite/InGame/sung-100",0],"201":["Sprite/InGame/text_jackpot",0],"202":["Sprite/InGame/UserContent_Vip",0],"203":["Sprite/InGame/UserContent",0],"204":["Sprite/InGame/warning",0],"205":["Sprite/InGame/xu",0],"206":["Sprite/InGameBg1",0],"207":["ArtNew/AutoAtlas/ngocrong/B1",1,1],"208":["ArtNew/AutoAtlas/ngocrong/B2",1,1],"209":["ArtNew/AutoAtlas/ngocrong/B3",1,1],"210":["ArtNew/AutoAtlas/ngocrong/B4",1,1],"211":["ArtNew/AutoAtlas/ngocrong/B5",1,1],"212":["ArtNew/AutoAtlas/ngocrong/B6",1,1],"213":["ArtNew/AutoAtlas/ngocrong/B7",1,1],"214":["ArtNew/AutoAtlas/ngocrong/Ball Bright",1,1],"215":["ArtNew/AutoAtlas/ngocrong/Ball Light",1,1],"216":["ArtNew/AutoAtlas/ngocrong/Ball Sparkle",1,1],"217":["ArtNew/AutoAtlas/ngocrong/CTRITICAL",1,1],"218":["ArtNew/AutoAtlas/ngocrong/dropEff1",1,1],"219":["ArtNew/AutoAtlas/ngocrong/dropEff2",1,1],"220":["ArtNew/AutoAtlas/ngocrong/eff_bengoc",1,1],"221":["ArtNew/AutoAtlas/ngocrong/eff_ngoc",1,1],"222":["ArtNew/AutoAtlas/ngocrong/eff1",1,1],"223":["ArtNew/AutoAtlas/ngocrong/eff2",1,1],"224":["ArtNew/AutoAtlas/ngocrong/eff3",1,1],"225":["ArtNew/AutoAtlas/ngocrong/finMiniBoss",1,1],"226":["ArtNew/AutoAtlas/ngocrong/Glow",1,1],"227":["ArtNew/AutoAtlas/ngocrong/Hit Glow",1,1],"228":["ArtNew/AutoAtlas/ngocrong/Hit Light",1,1],"229":["ArtNew/AutoAtlas/ngocrong/Image",1,1],"230":["ArtNew/AutoAtlas/ngocrong/ItemMiniBoss123",1,1],"231":["ArtNew/AutoAtlas/ngocrong/ItemMiniBoss1234",1,1],"232":["ArtNew/AutoAtlas/ngocrong/kim",1,1],"233":["ArtNew/AutoAtlas/ngocrong/MBBoom1",1,1],"234":["ArtNew/AutoAtlas/ngocrong/MBItem1",1,1],"235":["ArtNew/AutoAtlas/ngocrong/MBLightEF",1,1],"236":["ArtNew/AutoAtlas/ngocrong/MBLightning1",1,1],"237":["ArtNew/AutoAtlas/ngocrong/MBLightning2",1,1],"238":["ArtNew/AutoAtlas/ngocrong/MBLightning3",1,1],"239":["ArtNew/AutoAtlas/ngocrong/MBLightning4",1,1],"240":["ArtNew/AutoAtlas/ngocrong/MBLightning5",1,1],"241":["ArtNew/AutoAtlas/ngocrong/MBLightning6",1,1],"242":["ArtNew/AutoAtlas/ngocrong/MBLightning7",1,1],"243":["ArtNew/AutoAtlas/ngocrong/Sao7Canh",1,1],"244":["ArtNew/AutoAtlas/ngocrong/Slot7Bright",1,1],"245":["ArtNew/AutoAtlas/ngocrong/Slot7Spin",1,1],"246":["ArtNew/AutoAtlas/ngocrong/x2 Bright",1,1],"247":["ArtNew/AutoAtlas/ngocrong/x2",1,1],"248":["ArtNew/AutoAtlas/ngocrong/x3 Bright",1,1],"249":["ArtNew/AutoAtlas/ngocrong/x3",1,1],"250":["ArtNew/AutoAtlas/ngocrong/x4  Bright",1,1],"251":["ArtNew/AutoAtlas/ngocrong/x4",1,1],"252":["ArtNew/AutoAtlas/ngocrong/x5  Bright",1,1],"253":["ArtNew/AutoAtlas/ngocrong/x5",1,1],"254":["ArtNew/img/auto",1,1],"255":["ArtNew/img/name_ingame",1,1],"256":["ArtNew/img/song 1",1,1],"257":["ArtNew/img/song 2",1,1],"258":["ArtNew/img/Target1",1,1],"259":["ArtNew/spine/BanNoMiniBoss/Fx_Explosion",4],"260":["ArtNew/spine/BanNoMiniBoss/Fx_Explosion",1,1],"261":["ArtNew/spine/BeNgoc/BeNgoc",4],"262":["ArtNew/spine/BeNgoc/BeNgoc",1,1],"263":["ArtNew/spine/ButtonQuaBong/ButtonQuaBong",4],"264":["ArtNew/spine/ButtonQuaBong/ButtonQuaBong",1,1],"265":["ArtNew/spine/Confetti/Confetti",4],"266":["ArtNew/spine/Confetti/Confetti",1,1],"267":["ArtNew/spine/Effect_gun_ice_ca1/Effect_gun_ice_ca1",4],"268":["ArtNew/spine/Effect_gun_ice_ca1/Effect_gun_ice_ca1",1,1],"269":["ArtNew/spine/Fx_Gemminiboss/Fx_Gemminiboss",4],"270":["ArtNew/spine/Fx_Gemminiboss/Fx_Gemminiboss",1,1],"271":["ArtNew/spine/FX_luoi_effect/FX_luoi_effect",4],"272":["ArtNew/spine/FX_luoi_effect/FX_luoi_effect",1,1],"273":["ArtNew/spine/Fx_roi_iteam/Fx_roi_iteam",4],"274":["ArtNew/spine/Fx_roi_iteam/Fx_roi_iteam",1,1],"275":["ArtNew/spine/fxLaser/fxLaser",4],"276":["ArtNew/spine/fxLaser/fxLaser",1,1],"277":["ArtNew/spine/hanbang/hanbang",4],"278":["ArtNew/spine/hanbang/hanbang",1,1],"279":["ArtNew/spine/NoBongBong/Fx_explosion",4],"280":["ArtNew/spine/NoBongBong/Fx_explosion",1,1],"281":["ArtNew/spine/nohu/nohu",4],"282":["ArtNew/spine/nohu/nohu",1,1],"283":["ArtNew/spine/skeleton/skeleton",4],"284":["ArtNew/spine/skeleton/skeleton",1,1],"285":["ArtNew/spine/WarningDragon/WarningDragon",4],"286":["ArtNew/spine/WarningDragon/WarningDragon",1,1],"287":["Prefabs/vongtron",6],"288":["sprite-flag",7],"289":["sprite-flag",8],"290":["Sprite/Gun/1_1",1,1],"291":["Sprite/Gun/2_1",1,1],"292":["Sprite/Gun/3_1",1,1],"293":["Sprite/Gun/4_1",1,1],"294":["Sprite/Gun/5_1",1,1],"295":["Sprite/Gun/6_1",1,1],"296":["Sprite/Gun/7_1",1,1],"297":["Sprite/ImgLobbyNew/back",1,1],"298":["Sprite/ImgLobbyNew/bg_banca",1,1],"299":["Sprite/ImgLobbyNew/binhdan",1,1],"300":["Sprite/ImgLobbyNew/bxh_banca",1,1],"301":["Sprite/ImgLobbyNew/coin_banca",1,1],"302":["Sprite/ImgLobbyNew/daigia",1,1],"303":["Sprite/ImgLobbyNew/sukien",1,1],"304":["Sprite/ImgLobbyNew/top1_bc",1,1],"305":["Sprite/ImgLobbyNew/top2_bc",1,1],"306":["Sprite/ImgLobbyNew/top3_bc",1,1],"307":["Sprite/InGame/ArrowSetting",1,1],"308":["Sprite/InGame/bg_avatar",1,1],"309":["Sprite/InGame/bingdong_2",1,1],"310":["Sprite/InGame/boss",1,1],"311":["Sprite/InGame/bullet-100",1,1],"312":["Sprite/InGame/ButtonAutoSelect",1,1],"313":["Sprite/InGame/ButtonBack",1,1],"314":["Sprite/InGame/ButtonChat",1,1],"315":["Sprite/InGame/ButtonHelp",1,1],"316":["Sprite/InGame/ButtonSetting",1,1],"317":["Sprite/InGame/ButtonSub",1,1],"318":["Sprite/InGame/CaiQuaiGiDo",1,1],"319":["Sprite/InGame/colorGold",1,1],"320":["Sprite/InGame/Eff_Boss_1",1,1],"321":["Sprite/InGame/Eff_Boss_2",1,1],"322":["Sprite/InGame/Eff_Boss_3",1,1],"323":["Sprite/InGame/Eff_Boss_4",1,1],"324":["Sprite/InGame/Eff_Boss_5",1,1],"325":["Sprite/InGame/Eff_Boss_6",1,1],"326":["Sprite/InGame/f1",1,1],"327":["Sprite/InGame/f100",1,1],"328":["Sprite/InGame/f3",1,1],"329":["Sprite/InGame/f4",1,1],"330":["Sprite/InGame/f5",1,1],"331":["Sprite/InGame/f6",1,1],"332":["Sprite/InGame/f7",1,1],"333":["Sprite/InGame/fish_hand",1,1],"334":["Sprite/InGame/free_efect'",1,1],"335":["Sprite/InGame/GunValue",1,1],"336":["Sprite/InGame/Hand",1,1],"337":["Sprite/InGame/HeadBoss",1,1],"338":["Sprite/InGame/HeadBoss2",1,1],"339":["Sprite/InGame/home_btn_mail_new",1,1],"340":["Sprite/InGame/Icon101",1,1],"341":["Sprite/InGame/Icon102",1,1],"342":["Sprite/InGame/Icon103",1,1],"343":["Sprite/InGame/JackpotContent",1,1],"344":["Sprite/InGame/Layer 41",1,1],"345":["Sprite/InGame/lightning_00",1,1],"346":["Sprite/InGame/lightning_01",1,1],"347":["Sprite/InGame/MarkInGame",1,1],"348":["Sprite/InGame/msakBlack",1,1],"349":["Sprite/InGame/net-1",1,1],"350":["Sprite/InGame/net-100",1,1],"351":["Sprite/InGame/net-2",1,1],"352":["Sprite/InGame/net-3",1,1],"353":["Sprite/InGame/net-4",1,1],"354":["Sprite/InGame/net-5",1,1],"355":["Sprite/InGame/net-6",1,1],"356":["Sprite/InGame/net-7",1,1],"357":["Sprite/InGame/ProgressBoss",1,1],"358":["Sprite/InGame/ProgressBoss2",1,1],"359":["Sprite/InGame/rim",1,1],"360":["Sprite/InGame/Setting",1,1],"361":["Sprite/InGame/sung-100",1,1],"362":["Sprite/InGame/text_jackpot",1,1],"363":["Sprite/InGame/UserContent_Vip",1,1],"364":["Sprite/InGame/UserContent",1,1],"365":["Sprite/InGame/warning",1,1],"366":["Sprite/InGame/xu",1,1],"367":["Sprite/InGameBg1",1,1]},"types":["cc.Texture2D","cc.SpriteFrame","cc.AudioClip","cc.Asset","sp.SkeletonData","cc.ParticleAsset","cc.Prefab","cc.EffectAsset","cc.Material"],"uuids":["9c/+eji59PS7mFCQ3lyhxC","eeU7/+xFlMBpUur3IrY2vb","eb6R/i+5VFUoK+zUcrkp8S","54JZzvm8hAc47fIam0gTzC","18z8b0NkxMKYDNxk9lHzi2","afyRhx6qhEOImfLrTtke95","18zB9ph2NCoojwauyjZTg7","ceesShRtpP7b91n2HF7RDZ","31/u3BJUlDOp9RyeOb/ZX+","a6xnzVmw5ChK9pb72Lqy0C","cc3p1iXZpEPI+l9+o5N1f9","5efqCZmWhFNqym0bNp3nQl","26s3frlY5DwKtKG7cy023K","a0RLhmrmdMKIMYaxSevSvJ","8fxr2c0nVMLp6VxW0FpTer","71EpTxjo5P/Zsx4hK8GJI5","3eAAFK9AZNjbvyNExingAc","9dEVEUsztPYZPaKe5UlBNt","23t8JWAeJMW6W0Lc/vNNwT","f3ITFDZ+9HYoVKLCZibii0","80by1LK5dEwJfrNuIi1oxW","7cXFjqF4dJAbUi8UJMTwmX","3cdWsI0pVLfKHQntpaR5ho","b67c/ngUNB+po/+A13AAOh","71ziOLRh5MRpAAqBBej85S","09JzjnSTlApr3H9ZoqwP+x","e2FlOzrM1CzL87R1FoHoXM","958rS1D3FJ7IsXfocrfSgs","136IiL4cdE5oWkfxPSkhqy","03cbsmhi9Dvr7j15X4qFY4","998df4kNBHyZxUsWuxxxME","d72m3l9vxPNr0C8ISdP1Nn","92zoAsTr1MZZHiFYvdZAlz","0dcbdgaGpPEZaGT7nXA4L2","93tuDAbYJL+Lr9ckmRhr/q","6b6r9UBMNF8bb5k99b8Yll","66uS+h0cJFur6a+fJMbfyQ","74dvaBNJ5EfZHXcszdSF5j","38kiCO/epORrMFSWEuFEy+","20ontPJUVKo7tdpG/+31bW","f5PK4Te5dC5ZrI9D/rcQxV","92o/bHR2VBIoV3/mQMN1mP","4ePtjnxchHHq/MRCxgp7cH","4eF4TINIZCB6qYuUBnWiTi","0d8U0E1ARD/6UCjYTEqf0L","3cteGfbMpD+YtAhGxP3xsH","e4c0bPA4BCH4MSnpZDxJtF","2csCgUqK1HKKsz7StU2HTs","b7Cl3aSylPlZOa1YmKwqpO","6f1/4DoBpErJo1m8y2SD/I","1akdekpgdDhrQuS2Po4tH0","b3JMOrR/tA8ZXf7EIYItew","842TIhsetAnaAs/GVZsJoz","4fjActUb5C2buLhPDmR6W4","0azj00BnZISaOMbHCTsNGR","1dNlrJUyZOWpGkhkN38LJQ","daFiKUiVdEUr5PgdRG1l+v","4b+xGZ9dNOwYpyLFOJESQO","c9WDg7QyhIfILWv7fhtvQb","6f1cPqlPxENIOO+6xO5MTt","5ckOBZVUxOSLYJ1NjlrqS4","646OB2f4tMNaRK4jJ360w8","40bCQogDJALotumeGRaqnB","4dgBY/IKpMYpcKS91cmjrx","9a52oPoblMOpjfMM9vBfWl","aduGz+CcFOXKGpU1E6bfUG","f2YmAsmdZNq4MeOARlR19h","fdqdw6RoJN3Y0MX52a3NPo","90xGE/ThlHoo35MGHgI3VH","ffiorNYcdBMIB/zcb5jIzD","645I1xAF1KSI08A6+xLj6K","8cvF8DRp1C9KYyMJjjXq/F","dbl47bdCZAEJIg0VrVZgX6","e2WES/jmZGtKr7qN7PCbZX","a1wAKg9zZBKqGnYjekBA/9","c97Gvm+odEZ6w1Wyh4OIEB","ceFNzFncdPNbgP/wfHme7H","84IfV66JZL0LrmJbiViyyh","a8CQI6p+NBlKcgfr9HTHIh","1eQRwm7OBJMZsmmXgESe+F","94kJinF7ZPALavs1o5PTT8","adk6HH6M9M2r7l7a0gzvFf","98PfODKA5OZKmQoDX3M00K","ecjHKgKndBXpqzd7IUlTa5","04/PwQqmpLAIRlvYnz/kzF","f4iMXJWPdOvJVTX0dAhqaY","638f6UgNtGoKXSZipg/wAZ","931CDU0zlK6K2Ptc4voHzb","89WOihV1VL3YL7eKfEBt4K","d7HHDk7b1AlL3Srt3LFfxi","e554UdSotOYr4tllqzGP7l","c8BBhGdgNADqmOdaimlNXr","28PpYKnppBXKDeO1UsV8+S","dajuDrbY9CcZxrbGGI//O7","5dDQEY27pPJ7e+4AkVCT/n","a0C8ADU+pL+Y5MLn87M1IV","0fOQEuyPpJHYBtEzIRe03W","4aXP4CAaNAZZv80hEFuk9P","80fiO4aeBLBbTZ0yi2rZS0","51AxapqCZCQo41CR2ZkhXA","89IFHlZzRL6rWs1HShGElF","82roLG5lhERIuNZyjEL99+","aad7EDai9J0aq46q/nEVS3","b3oNpK+MhMkbz/u3Mf6+9k","f0LDy1IRxLtZFkNGEnE1lm","65c72i6itBfKOioFJF3td7","60gHy1ML1CerlXRv3kNcNc","a11MLanJtN7rBHOZ9J5vXq","e4PnlozqRIYLKnfzXLb5yN","dc5pgnyyNFirjkv9uhj0Jq","c1xbX728JLq6utIJejGFmY","fc55Sra4lEUrWJY5bqNfmC","d9Y5SZ8udPVrf5n0+4Lwdo","e2hbNz88tJFpBfB6Y24Ol/","34CQX1MjFKIrrUqEZO7mBO","650J9srY5Jw6Ur3/XMgCEw","9clEfeEWxMgrEDS4hLsUK/","36bagFYBVEOrMcvLPVuI1Y","dcvzrlYotHkY1Qxzpxr0vx","afNBJTSo9OtakuJ4yCpSwK","f5U6ypbKFAoahA054FvHOc","1291FFaN9NEabdTlRO4On3","8d+qA+QulDnp9EBIup0HzB","b6pUS5DaJFe7Z4t9hhtSlg","c5HsrEWVhIVLQHAp4qee3B","38XWMQZg5HqpNPI6YDt43C","a0ygdSL6BPiqNEgiURJyY/","b1jr4ofZ1NxLhPstaSKJrE","e3i4y4qTVCY5rzifwo8yU1","f2PnizMl9AIrm/Go1zqeNK","b14htxYbZJl5wCGuTxRS8E","6a5b4atz5BjLenYJD+UeXg","6co3OJEitB+6wEqo2rmHQd","efyDP1HFZGYapWE198+4Bw","87oaiaKVNPk7jcf9q+dgmU","87r79gHitBIKUPZU1m3Nd+","944vvQFPNDgIe+hYwDHpbQ","40IdeKyl9PWIdXsYUHCsSm","41wpDWQ/ZCUpd6+xLJmrWw","99XxzzM2dIF6dSlSLayU65","b6AA7Ir0VPf6ffAUYBe9x8","46YabJK4RNXaLAXAkxgBNT","5cHYY7m4xL34Uf0Ww1mGne","34KspK3AtLm7nU9Ni8SMdB","72vaohz01Mv7yM+STVxzzC","e0TzePyEdIRZk93WqQMbfj","6aUMomS3JMn65TNPsjMO9L","b2xaK+IVBH1oiuJoyKHVkK","5aUZ3aVVFKJ7N6l7Jf0TVu","44SkeGmbxI4bBQ/FEEDpQ+","013zqm3flExYr1A07rUZgd","0aphWDo5lKy5fQ9tl/2xBl","4eXHwRKcVGmpekmeElO9Qr","c6ahWEWspBlIaPPo2d1vcA","1beTV+KwVKE6uSN/0koXyG","587n39AdZAbbG9H7a60n28","3frbvl7L9AzqmwhnD0C7Q4","f5A/zwQMtPhpZRznDi8QBa","986yg67ahGVYCaKXjo9ngS","5d5FW3s8JG47ereDGYgtqP","0909Vtb7hDgqougldTkz1c","3btk1DUxFKSJEEikqCzScJ","bfBCiQW5xHZqm0x8tBM+d1","6c+jki0BJDQqRM1nkJVTCH","85WF6EcUZBZYmB8Cd/FMKp","ee6MSWllpIq65RpAm7N2bK","9cI2RNrfFLO5AYLp2fqnjS","2fp2GZeA5H17PmeqZVrWg7","11W9TolOpFPrTSJqs4DxOI","73BlFJyA1L9aCBRo869pJj","6axZoX6jJB/oYVFB+M+lQp","9blLVsLcpNpIUPJ+PrJou8","d0fKltEMNMtbKOs5RqdLOs","2fbyjoVQlCM4ZF7GKm6kYr","e5eEp/eUBAUaTNsA97piIh","66sCCw7jJLh7z15WsEVC2G","12fbxqwPpHnYbW0iaQnH41","2brP3ATCxJ777dNcmisC/w","5fyE5DjddJDpMdR7RKYxju","cceSbRwopBr5iG4KhrwoqM","ec8K+6Cl1AoJiYESax0VJ2","bfvv8WUPpBYqdxinGoFJN5","e6ToM84I5JxYIvDol9uLqD","fcDBx5zo5B0IRJz/Hwv3/W","dc6NNi3btFxblX1L4loxw1","a1k8cx5LZPrIy4axW5Qpt1","ac48bBabxIwZ9c+JvAnNdU","edES6VeP5JqYuvSsjNc2yD","84JfgbZ4ZL7pU7l48znD07","7aShNEezBNE7uUq9W+vjKX","39Ze+Fu91EBbn3vsqwzYWM","1bVWhYmNhFQ5PxeU5NqopS","3a8GcWZttAB5jQx1jvr8Ze","98VJNVkMFJhrEUnWTpsv+8","9fBhxEFP1DJZB9eyMXY8PM","86pXrFnFxDELlW1iex93qm","e4T1KjFUhGr6WbzEqYE/8W","817uVXVCRMGorhY4z1tOM+","b53aPRCtpDXa7RzAO0AjwM","5aiedU2BpOpYNvvt7k2S14","012KMoW9tGF5pjLHU/tolA","ac3NaSxUVENbGb5CtA2UgN","a5tJniwrJJVax765ls9vfs","3aaSXZuW1JA5MkH+HIfDZF","53OrByjdpC9ZXNmaMejA/h","e02rhqc0RFZoVHSFkzRHj4","e8okkQ4L1MMZjfV0yfwfpG","31GJUXMd1H4IuTlcgnqKTR","bbF+PVAItHz42e8C+ekPDJ","83i1ZR+WRI/5Uz/6QzIjG+","021Cxxr+ZGjJtC4McW21li","dcMkk/dyhDY6QRs6bgtDYa","12ARZ0FIJIZK8Dq6Y+/gDg","aftP/r6NJAZ6U5pkiBgyEK","b1/jhj33hC+qEd3Omh9AN6","22ef/EpzlHlY6vcaYtURgQ","feyByKnr5GNYPWH4lxbEvH","a337VreppOZIvs+S9BjcL7","33lXpM5BFANLuZ2LvL4V98","80tuMHrGZDy78Gp56uAJcE","105ly6t2ZFmrq/YOzU019j","79tuBaMIJG/4NnEauPIm8v","beEIqtOchO05WWGCEPqEU1","0bh0YDjp9F6ZxAEZ0HmTCf","eaOiY6Mj9DPLEO3MLjkhiv","36NYqUQLVBYoxxgZHKi+ug","89lcTqjIVHVbZp81LTuHFF","0aqYmu7lRAI5+K3jSwtZK0","ebEoqxaZZD5Y9zeixt5pT6","d30fVboN9PSJlr4IkJwM5z","79j3oMr75OyboDsBb2XORr","85ViCi/DdE+K0NkW66OWVi","f8ZV/VsxxJqrZmVt+l6vID","3dVJHyNzxGxKJe3HiUBvhH","3fy0BFBXBCI6C1uiIX+yN3","c4AXsC1gJEEYi38DLDetZp","55/7UalyJJG7JyzBLbOQqN","56pc8QGBhHbK2Uf53zrBSJ","a0n/+pJFtJC4YbLVSy56tJ","47pLsnqLpGdZmluENtDWU/","7cXUI46w1FEKSPOhLMgvUn","f45+PAag9Hv4gmu6O7MD8d","987nYJbpxPk5CzeXqfWW3h","424K8boyFLGLNrmyujgF9q","305maMmSxI37uuGAm1loEc","35V2i+4p1Du7cM+YiPBHWi","a2nJ3DZO1IkqOLpuijtEVE","5cQS+YkC1CR7m+ieqpV/KH","f11PJGeAdC5KoKhYIQDg1p","47akwU3uZBRov+M0STC7+2","1eD6WYAb5Nsb1Jh+ECY0LQ","90qTKHLZBJCKkAAYpdt/Qe","f5x8bCIsJB7bQVu1xVJ/dl","a2QSJrd4dNiJuO6W3xdw4J","e5dbo2B3FBY6puxXma2hj+","c2Gh1Pt7FEdpsJ6KpxLhhM","bbK1aDYZhFC4mOVcFM5OQp","76llvh+mVDBoqK78RS2NO+","a0d5WJAPtGh6We8yfVjHDS","25qBDjbwpLZY0DdZrSB+2Q","58zLLV6KhNsolmTV3rswfI","ac8TNGglJOgqLeNIqfcJSJ","19pDO7WeZEDZ443ZSWkFtE","00ZpQYTI5LqaUHE09OqfHF","4442S1XmJAHqrSr1Isc4QC","a66Nlvj4VAr7rOn0sPD9jV","e0AXDeKrpN0JzDB5R7KeUa","0ez8AGSUtPwZCvnMEJYZ95","68osFu8sVLPbHk7G/BoNmb","0a7XM8stpBFJmORpyaB5wW","1cUUN5CWlD1pcUxTC5GRms","0bsjfBJd5C3aEWQ/VVQLur","e6djcXIhBMEYgj61tj13RS","2dV3oK2fVAjI43QTT7TdYY","0drN3wIK5A4bK7ypi70Bjg","13brh3g7lJ8Y9Z3h4cGyGA","b8qg2QxUpEM7GlsYM2njWY","c6wiyatipBNr5192/H3Ulm","39FdcsBR9OOLHhmmGyorgw","5bPEmorLBFLa+ifgzMRMtz","ddveijEBhJsZZrq6gbuN1d","78gd4zQIJNpLsNGbS0lWSg","69ffzbbx9CeoeW0+DESd09","71M9CqyyJO+aasJyT0wIR/","80ZQo5HhxCLqJi1ppc7qjZ","78u/8KJVJK+4z5/VLzB72u","77aY6nvPRLgqVqK8wkEuFO","27aWmWClhE3IKbHNTu1wkQ","fbjlkabHpMIojtE3Uhtvpv","f0qj6LC0lG3JsuUr335I5x","6fyzINzIhJbLiTDYZHHNWK","bbW/M8mgFLDq9yXi/UtFUK","57q8LtvzNB17b92n2xJxiz","4ePy00WvZJHYr5ESx96mPQ","54V37X/MpHZreKZE6j2otX","575p2gT81Bw4TyCOAfUjVU","88oZ8jqZtArreQwoMxYCW7","645HP2NGNNFpJUH8BKIeG7","a2QOkSVCVIvJszSLKAaSSz","648w4bBZ5GrpeXh28PhZyN","8dkdvYtx9MoqhZQs6+mWyx","c5b/XUxM5D5Zlc4ueNwS6x","afLi5FAi5E2rejHxKFSzAR","388jATT5ZCpqW8OTv4kSo0","06SftlsoZE0qWfaKtqgpvu","a1msM+4bxOq6i2a0dac/ZP","ff1opIl2BFwKCc/V8kLXEr","adc0tr5TVFy6BuMo7Fr0p3","24uGNgO8ZLHLMFcfM88ctm","a92G0H3YNMK5BH/1DsP2Kn","22K4ZA5sFNfJEAjkiCVr3i","abLGXdgLZOOrX1TiBP/o8n","00qCw3IDlH17paGHX6ynBW","22V8d5V2tK3YBa+kWxJSzG","72JCdbCoZPmJyxs5mGKv9Y","c3wU8nEpNLMr5RJLkFwZ3b","17sEB6wrJFk6DCQCD1sW0x","51zuYsz3tGs4IyUyQv3FAY","007Yxem0BLrqos9m+aj+re","7585PJ7YFNr69R9k8dfnVS","a9UM5TgE9Njb3Dz8y+Voce","dey0VBSGFHuYutvEpWyYDk","25PyXLzV1ITazNDwfoLVvC","79WRqY5KlIbZ6T0cfAvDC+","4bCS6j6TdChph3EolXpLf3","57qtCrOWtKsbaWHrT4laMk","70e109AFlGxJEgrwA80VWO","17dTg3rxZCzpSCUBM+Kp0s","64sgyhgS1Ln5Xlcs4thNwX","00BGiWjydN8JrM5EPmVbB0","60YOF1fchIx5IEq02pdFK1","e90WRR7WxHYJQFGOd9Nray","edSPYdz4tDDqLKkXYzQar+","b226XROkxLVqI0i2pXS0hp","79zGM94zNE24zMOlRzOZSW","5bojTae/JAj5lJvu2huCIp","0eCp6+r5pEZZ1DsBocsiFB","62wELbJ5dM96b5PoqqXi0h","4boP3ZkNJO6YUM8PGgTsN6","f5I4J7aYhMjK0JzHC7Bkg4","605aA9ZBZPVa3n50fd4gCg","768SIfjAxCk5APUh6ueYx4","22k+kDAP1ElYb5ODVhoVYF","abo1SGeKRDCoDu0aluFkCV","98Y4lAJdJJd5gDZvYxE2Or","3eH5eFr7ZJDol1pO0pTIVB","229X2rqohA14plv4M7o61w","84pqWYjdZJkqprXrJcHRd3","8a/rmKZ3NFC67Skib1RMeX","b5T3tgr69OSaz2lV9Cutuh","1cc2pO2EBAAIphjfFocFH1","74lyda6WlA6LXNk4igHCSY","3f72mRCD9O74c3sHmsn5ee","12nb51YSREXZcBZsaK0b+6","5eOIme54NJbLeiSWCRnN+G","5b7eFRHPpFo4ihyekYaC/e","120dYj0pFCbql6VFz18zIr","1cSAOEAaJBSZqX1510sgDs","b08JnkoIBCUJeCyb2AktDi","7eBVMXcFtDhq0OfyPZSOW9","d3mX4ylWRO4bbIFRQPDI8v","6eQRyYZg1BEaNDfRhOCSvd","f9E+ShkgZHYatRwNlkk4/v","a1teMr6cFP0YPIGrFuyFJ4","34BiYrc8dM645KRs71zPNp","34+qqMjC9Cvb/h8XSYSBbf","7fRnzj/BxBNJwkI7xKggvV","a3e0ft7QNJKJkFHkWSySMU","783BOu4xZObJndnGNWm/f/","ecpdLyjvZBwrvm+cedCcQy","ffORM/2FJLZqH393rJ1QHX"],"scenes":{},"redirect":[369,0],"deps":["internal"],"packs":{"0eff21e35":[250,287,249,247,251,253,246,248,252,232,370],"0730083db":[289,288],"03e44f4fa":[366,91],"047b1faf0":[200,150,29,84,25,160,151,33,44,168,176,28,6,4,50,191,154,39,18,12,177,47,173,167,8,143,38,190,203,192,161,22,45,16,156,137,138,149,141,43,42,152,204,3,155,148,199,142,159,11,178,86,70,175,36,146,170,131,35,132,163,49,15,24,144,169,37,368,189,21,20,197,188,164,195,134,135,88,14,68,41,32,34,80,136,27,82,193,158,139,30,64,171,166,0,17,194,13,185,74,202,9,78,201,186,5,130,147,51,198,140,23,48,162,181,153,179,10,76,7,172,31,72,184,145,205,26,196,46,174,90,182,206,2,180,187,1,165,133,129,66,19,157,40,183]},"name":"31","importBase":"import","nativeBase":"native","debug":false,"isZip":false,"encrypted":false,"versions":{"import":[329,"4f6a3",263,"d91fa",312,"62ff8",318,"d0195",210,"5b6b3","03e44f4fa","bf9b7","047b1faf0","54a14",304,"ed62c","0730083db","8404f",227,"45bbd",54,"9e8bf",269,"28325",223,"e62f7",271,"5efef",274,"71177",336,"56e63",267,"4f95d","0eff21e35","e4855",96,"86440",220,"82253",212,"a7d24",353,"4ee7d",356,"28c35",121,"948cd",275,"da4bb",327,"ff694",316,"8231a",262,"102bf",357,"4d435",270,"7060d",350,"823e3",55,"815ea",79,"f91b2",310,"5165b",313,"f205e",215,"149a2",342,"61eb9",346,"57e96",308,"ea0e2",322,"c9b61",259,"d0f66",92,"a3a34",273,"e4128",244,"c19b4",207,"f0f92",218,"e1ee0",364,"4df91",114,"9e516",365,"8361d",245,"d52ac",225,"daf71",117,"54cd2",125,"a740a",303,"cd758",278,"b80e9",233,"0189b",345,"c35e4",234,"976a6",352,"30a2b",62,"58704",243,"31d61",264,"f181e",239,"6dca3",97,"55498",324,"43e88",338,"e2cf2",57,"daf08",63,"925c4",293,"1d810",53,"2a53a",99,"5ad59",317,"44996",294,"94371",236,"faf3f",237,"a106b",325,"c3fd7",292,"8bb56",295,"a6a0f",260,"2b0c2",279,"15766",335,"b3042",355,"0db89",60,"17e06",94,"e9d89",354,"dbc9b",330,"21cda",106,"225de",340,"87598",337,"6449c",328,"9d02e",297,"d2ea9",61,"42988",299,"6ff4b",105,"e4cb3",115,"e4b86",268,"0c218",282,"df3d8",361,"95ff4",290,"f2a57",59,"0fcf2",326,"8ad00",283,"57b31",314,"4afbe",351,"08f78",319,"d54d3",257,"b4952",341,"49532",286,"d7bc1",281,"780bc",285,"f9e99",323,"8dff7",230,"6ea58",221,"85efd",334,"e419c",240,"1af12",359,"4cfcf",284,"1224e",98,"2f91d",219,"f48ee",101,"659bb",209,"7cd77",77,"7f841",347,"3d1e7",52,"41b17",231,"632e8",296,"959ea",100,"5cc37",226,"543a2",348,"e69c6",71,"8dc93",300,"768b7",122,"41ec7",87,"08689",344,"c9468",242,"1af72",116,"719c1",95,"12d6a",258,"3206d",238,"7953d",126,"d2b56",305,"c892e",363,"a3522",107,"153b7",298,"fe86e",367,"a2318",217,"e51a3",265,"7a073",320,"137d3",309,"496e8",102,"7dc32",311,"dce5e",343,"09c60",261,"5c15b",307,"076c6",81,"a9683",65,"d3b03",302,"04e6f",119,"f09cc",213,"a2b81",358,"27c9c",127,"fff0a",214,"704c5",333,"8fc39",103,"afbac",349,"a5bbc",123,"db38c",276,"3084e",208,"fc7df",256,"3e738",291,"8f5e3",222,"adcfc",110,"a36c7",255,"c97ad",315,"889fa",235,"ceb3a",124,"ab3b5",301,"771d0",277,"8d634",58,"fc3e3",75,"a1bcd",360,"5dfca",229,"31663",89,"05001",112,"09bf8",56,"08641",93,"2f433",211,"6ceef",118,"277df",109,"6f57f",280,"b75ef",321,"6e8e5",266,"f5ce2",73,"fa2de",113,"4ad74",128,"94632",108,"06c9e",254,"0bd71",272,"cd7ea",331,"e5c1c",224,"b6a52",228,"0ba27",83,"b76c0",332,"b1e43",104,"df94e",85,"d7942",241,"a82a5",339,"cbaeb",120,"d3095",362,"8337a",111,"3741e",67,"21b8e",216,"0c159",69,"22778",306,"bfb93"],"native":[200,"e5387",150,"cb4b3",29,"c2b8e",84,"229c6",25,"c8d25",160,"e9af0",151,"6849f",54,"240d6",33,"aa39e",44,"70040",96,"03ec3",168,"98890",176,"4cad0",121,"2b042",28,"2f181",6,"0dfc9",4,"7085a",50,"84c4f",191,"ef09d",154,"9d692",55,"3af33",79,"96852",39,"68f1c",18,"ec924",12,"e66a6",92,"00443",177,"bb6ad",47,"b70de",173,"949e4",167,"f32f1",8,"36ffb",114,"e2334",143,"163e8",117,"b035f",125,"1a235",38,"9e6a1",190,"61874",203,"c6f5f",192,"43571",161,"93719",22,"d763b",45,"537f3",16,"797ca",156,"9137b",137,"577fe",62,"75b3c",138,"260b7",149,"2734a",141,"ebdd5",97,"a0277",57,"95744",63,"c1889",43,"ede71",42,"3dba8",152,"68134",53,"24e7b",99,"84868",204,"86419",3,"004de",155,"b4578",148,"a0381",199,"786a8",142,"6bbdc",60,"73264",94,"e622d",159,"e7398",11,"7efd2",178,"52d53",106,"56ac7",86,"e9e87",70,"748d7",61,"79f02",105,"58f56",115,"c9aa3",175,"22166",36,"0d3b3",146,"f7bec",170,"98890",131,"a278e",35,"529c7",132,"8a44a",163,"2e234",59,"a9b34",49,"3d75a",15,"5256d",24,"17355",144,"0fe2c",169,"f32f1",37,"298bb",368,"bcf7a",189,"bc4d0",21,"1d974",20,"94d65",98,"5fe76",197,"96ecb",101,"cd753",77,"2b3d3",188,"02a50",52,"29173",164,"ea2d2",195,"f7263",134,"965cc",135,"6ccea",100,"95744",88,"0ad0a",71,"91313",122,"cbb7d",14,"21d82",68,"1b2d7",41,"1d51d",32,"17d7c",34,"baac1",87,"6c13c",80,"63bce",136,"5db22",27,"801d4",82,"c6a49",193,"83a08",158,"95434",139,"c35d6",30,"2201b",64,"ccc34",171,"71ba1",166,"05e6b",116,"ed4a7",0,"45ae8",17,"2fb5d",194,"22033",95,"3438d",13,"74c97",126,"dd53c",185,"8f689",74,"ba3ed",107,"454e9",202,"24277",9,"fbcf0",78,"35197",102,"d0d68",201,"8956a",186,"b3690",81,"05faa",65,"d420f",119,"cd571",5,"6ab47",127,"e9195",130,"5ad2a",147,"08423",51,"b7503",103,"92d24",198,"8f3b8",140,"2f98d",123,"3bef3",23,"1f683",48,"ea475",162,"d4349",181,"881c3",110,"46d71",124,"8de30",153,"23530",91,"3edbe",58,"3438d",75,"eb7c3",179,"b6d5a",10,"04b5c",76,"22ce7",7,"fd607",172,"8e8f3",89,"0dea4",31,"a66dc",112,"49035",56,"f4175",93,"22dc1",72,"4afee",118,"550a6",109,"00b4b",184,"81ec8",145,"05323",205,"10168",26,"3b929",73,"182ab",113,"13571",128,"986ac",108,"f1238",196,"75d0c",46,"ec1aa",174,"e21ef",90,"f85b2",182,"32c95",206,"813df",2,"e0f60",83,"e0e45",180,"b338d",187,"d7396",1,"91d0e",165,"79fcb",133,"7140f",104,"355d6",129,"a12aa",66,"91478",19,"ff97b",85,"28253",157,"2de58",40,"71c80",120,"8c096",183,"48f5d",111,"d97f7",67,"becee",69,"c77c0"]}}