[1,["25EN5PHp1CYb+UZ9qwQ2ta","696Kegbz5NO6umBjaCOgZZ","e1ku2ZS+NARKpz4hddIlwL","12T27liBBAlb5nl/Rlzcxe","74pkYrmnxMH5wNO3dbfcCp","0fU5xw4vdHyKj7vTIfJNia"],["_textureSetter","bw_vfx_l_screen_04","bw_vfx_l_screen_02","bw_vfx_l_screen_03","bw_vfx_l_screen_00","bw_vfx_l_screen_01"],["cc.SpriteFrame",["cc.SpriteAtlas",["_name","_spriteFrames"],2,11]],[[1,0,1,2]],[[[{"name":"bw_vfx_l_screen_01","rect":[1,128,125,125],"offset":[0,0],"originalSize":[135,135],"capInsets":[0,0,0,0]}],[0],0,[0],[0],[0]],[[{"name":"bw_vfx_l_screen_03","rect":[1,477,119,89],"offset":[0,0],"originalSize":[135,135],"capInsets":[0,0,0,0]}],[0],0,[0],[0],[0]],[[{"name":"bw_vfx_l_screen_04","rect":[1,255,125,115],"offset":[0,-2],"originalSize":[135,135],"capInsets":[0,0,0,0]}],[0],0,[0],[0],[0]],[[{"name":"bw_vfx_l_screen_00","rect":[1,1,125,125],"offset":[0,0],"originalSize":[135,135],"capInsets":[0,0,0,0]}],[0],0,[0],[0],[0]],[[[0,"Alats36.plist",[{},"bw_vfx_l_screen_04",6,0,"bw_vfx_l_screen_02",6,1,"bw_vfx_l_screen_03",6,2,"bw_vfx_l_screen_00",6,3,"bw_vfx_l_screen_01",6,4]]],0,0,[0,0,0,0,0],[1,2,3,4,5],[1,2,3,4,5]],[[{"name":"bw_vfx_l_screen_02","rect":[1,372,123,103],"offset":[-1,2],"originalSize":[135,135],"capInsets":[0,0,0,0]}],[0],0,[0],[0],[0]]]]