[1,["a1cd/dDAlOCokW9tylRMPH"],["_textureSetter"],["cc.SpriteFrame"],0,[[[{"name":"multi_vfx_f_screen_05","rect":[275,275,272,272],"offset":[0,0],"originalSize":[272,272],"capInsets":[0,0,0,0]}],[0],0,[0],[0],[0]],[[{"name":"multi_vfx_f_screen_00","rect":[1,1097,230,230],"offset":[0,0],"originalSize":[272,272],"capInsets":[0,0,0,0]}],[0],0,[0],[0],[0]],[[{"name":"multi_vfx_f_screen_11","rect":[549,549,272,272],"offset":[0,0],"originalSize":[272,272],"capInsets":[0,0,0,0]}],[0],0,[0],[0],[0]],[[{"name":"multi_vfx_f_screen_14","rect":[233,1097,218,212],"offset":[-3,5],"originalSize":[272,272],"rotated":1,"capInsets":[0,0,0,0]}],[0],0,[0],[0],[0]],[[{"name":"multi_vfx_f_screen_03","rect":[549,1,272,272],"offset":[0,0],"originalSize":[272,272],"capInsets":[0,0,0,0]}],[0],0,[0],[0],[0]],[[{"name":"multi_vfx_f_screen_12","rect":[549,823,262,254],"offset":[0,0],"originalSize":[272,272],"rotated":1,"capInsets":[0,0,0,0]}],[0],0,[0],[0],[0]],[[{"name":"multi_vfx_f_screen_16","rect":[805,823,178,136],"offset":[1,7],"originalSize":[272,272],"rotated":1,"capInsets":[0,0,0,0]}],[0],0,[0],[0],[0]],[[{"name":"multi_vfx_f_screen_06","rect":[549,275,272,272],"offset":[0,0],"originalSize":[272,272],"capInsets":[0,0,0,0]}],[0],0,[0],[0],[0]],[[{"name":"multi_vfx_f_screen_18","rect":[823,181,180,88],"offset":[1,-17],"originalSize":[272,272],"rotated":1,"capInsets":[0,0,0,0]}],[0],0,[0],[0],[0]],[[{"name":"multi_vfx_f_screen_15","rect":[447,1097,176,172],"offset":[1,25],"originalSize":[272,272],"rotated":1,"capInsets":[0,0,0,0]}],[0],0,[0],[0],[0]],[[{"name":"multi_vfx_f_screen_02","rect":[275,1,272,272],"offset":[0,0],"originalSize":[272,272],"capInsets":[0,0,0,0]}],[0],0,[0],[0],[0]],[[{"name":"multi_vfx_f_screen_08","rect":[1,823,272,272],"offset":[0,0],"originalSize":[272,272],"capInsets":[0,0,0,0]}],[0],0,[0],[0],[0]],[[{"name":"multi_vfx_f_screen_19","rect":[913,181,24,34],"offset":[81,-45],"originalSize":[272,272],"rotated":1,"capInsets":[0,0,0,0]}],[0],0,[0],[0],[0]],[[{"name":"multi_vfx_f_screen_07","rect":[1,549,272,272],"offset":[0,0],"originalSize":[272,272],"capInsets":[0,0,0,0]}],[0],0,[0],[0],[0]],[[{"name":"multi_vfx_f_screen_13","rect":[621,1087,244,232],"offset":[-2,0],"originalSize":[272,272],"capInsets":[0,0,0,0]}],[0],0,[0],[0],[0]],[[{"name":"multi_vfx_f_screen_09","rect":[275,549,272,272],"offset":[0,0],"originalSize":[272,272],"capInsets":[0,0,0,0]}],[0],0,[0],[0],[0]],[[{"name":"multi_vfx_f_screen_17","rect":[823,1,178,134],"offset":[1,6],"originalSize":[272,272],"rotated":1,"capInsets":[0,0,0,0]}],[0],0,[0],[0],[0]],[[{"name":"multi_vfx_f_screen_04","rect":[1,275,272,272],"offset":[0,0],"originalSize":[272,272],"capInsets":[0,0,0,0]}],[0],0,[0],[0],[0]],[[{"name":"multi_vfx_f_screen_01","rect":[1,1,272,272],"offset":[0,0],"originalSize":[272,272],"capInsets":[0,0,0,0]}],[0],0,[0],[0],[0]],[[{"name":"multi_vfx_f_screen_10","rect":[275,823,272,272],"offset":[0,0],"originalSize":[272,272],"capInsets":[0,0,0,0]}],[0],0,[0],[0],[0]]]]