[1,["18IwtNB+VB8Zn3FQq7vitQ","bdgWG39nJH55lM3QKrsxlh","8cre2/ZPBEC5Pc2oyYm0Bw","fdLY5NqVJOFrpXKDVVKU0M","d1daX2iuZNO7+WCDqMsZma"],["_textureSetter","payout_window_01","payout_window_03","payout_window_02","payout_window_04"],["cc.SpriteFrame",["cc.SpriteAtlas",["_name","_spriteFrames"],2,11]],[[1,0,1,2]],[[[{"name":"payout_window_03","rect":[1,517,289,402],"offset":[0,0],"originalSize":[289,402],"capInsets":[0,0,0,0]}],[0],0,[0],[0],[0]],[[{"name":"payout_window_01","rect":[1,1206,289,166],"offset":[0,0],"originalSize":[289,166],"capInsets":[0,0,0,0]}],[0],0,[0],[0],[0]],[[{"name":"payout_window_04","rect":[1,1,289,514],"offset":[0,0],"originalSize":[289,514],"capInsets":[0,0,0,0]}],[0],0,[0],[0],[0]],[[[0,"Alats52.plist",[{},"payout_window_01",6,0,"payout_window_03",6,1,"payout_window_02",6,2,"payout_window_04",6,3]]],0,0,[0,0,0,0],[1,2,3,4],[1,2,3,4]],[[{"name":"payout_window_02","rect":[1,921,289,283],"offset":[0,0],"originalSize":[289,283],"capInsets":[0,0,0,0]}],[0],0,[0],[0],[0]]]]