[1,["76qiDQfyBN0pJn4P0BXdHE","82I7ngxzVIB4GjFwyCPg77","33PiZNsVJPkLaqshIatc+0","6bXg6f0nZI0LU2Asif1CxL","fd3M6WjnFL6pRpjl/6Geom","c0N+sRJEtJLL8q+lRsqzfd","39VosDrS9NH4PcK2Tdf7l6","1bs2lTpBJP2rAKhbL2/Nd3","6eSMtngfJBw6yoioN2cUk2","b4nJ9s/cpHIozfKOjRU9Ke","02PfOBEhhMyKrzd0uqT6HG","e0JRe9sOxMW656wKeWlo2f","f91hUikz1Fz60qedffOlmX","f9A7GIdwJEUo3WijuuDpXe","2ciAGm/s9PXY2eBmBLT2S7","65kyu6hUVEVbfV4WtYyZr2","c5cqVHorNLaaYXoKQhnrS3","5ek4fatuhLQqvAkI0HQMNq","f876S36RdFao3H9UEel6T3","1dzjU3iTZCkb0bdzV4//A0","4fjNM6zohEKYK1EVPQK6+f","40+RBjiotJhKLUQCZAMG8X","cahpAUDIlJcZdJ+HaNz9xN","d2Ncn9/I5Il75AaT+4Ano/","2aZLExnoNC8pmUn7qxS4YH","7f6eJ8VNRBpYAPtKt7j2se","227KsD5FhA1I2IyYJke5kt","c3XQnnnO1H/LJHK4n3HfeK","53DbVm0Q5Dpo2uVvKdOKSQ"],["_textureSetter","info_board_vfx_g_screen_02","info_board_vfx_g_screen_06","info_board_vfx_g_screen_09","info_board_vfx_g_screen_16","info_board_vfx_g_screen_25","info_board_vfx_g_screen_23","info_board_vfx_g_screen_18","info_board_vfx_g_screen_10","info_board_vfx_g_screen_05","info_board_vfx_g_screen_15","info_board_vfx_g_screen_26","info_board_vfx_g_screen_11","info_board_vfx_g_screen_07","info_board_vfx_g_screen_24","info_board_vfx_g_screen_14","info_board_vfx_g_screen_00","info_board_vfx_g_screen_08","info_board_vfx_g_screen_03","info_board_vfx_g_screen_21","info_board_vfx_g_screen_04","info_board_vfx_g_screen_01","info_board_vfx_g_screen_12","info_board_vfx_g_screen_19","info_board_vfx_g_screen_27","info_board_vfx_g_screen_13","info_board_vfx_g_screen_20","info_board_vfx_g_screen_17","info_board_vfx_g_screen_22"],["cc.SpriteFrame",["cc.SpriteAtlas",["_name","_spriteFrames"],2,11]],[[1,0,1,2]],[[[{"name":"info_board_vfx_g_screen_15","rect":[135,801,382,130],"offset":[-2,-2],"originalSize":[420,184],"capInsets":[0,0,0,0]}],[0],0,[0],[0],[0]],[[{"name":"info_board_vfx_g_screen_18","rect":[135,1065,370,130],"offset":[4,-2],"originalSize":[420,184],"capInsets":[0,0,0,0]}],[0],0,[0],[0],[0]],[[{"name":"info_board_vfx_g_screen_21","rect":[771,1159,350,132],"offset":[-8,-1],"originalSize":[420,184],"rotated":1,"capInsets":[0,0,0,0]}],[0],0,[0],[0],[0]],[[{"name":"info_board_vfx_g_screen_20","rect":[1,1159,350,132],"offset":[-6,-1],"originalSize":[420,184],"rotated":1,"capInsets":[0,0,0,0]}],[0],0,[0],[0],[0]],[[{"name":"info_board_vfx_g_screen_27","rect":[521,403,238,104],"offset":[44,-6],"originalSize":[420,184],"capInsets":[0,0,0,0]}],[0],0,[0],[0],[0]],[[{"name":"info_board_vfx_g_screen_24","rect":[655,857,346,114],"offset":[-8,-10],"originalSize":[420,184],"rotated":1,"capInsets":[0,0,0,0]}],[0],0,[0],[0],[0]],[[{"name":"info_board_vfx_g_screen_06","rect":[773,773,384,130],"offset":[-3,-2],"originalSize":[420,184],"rotated":1,"capInsets":[0,0,0,0]}],[0],0,[0],[0],[0]],[[{"name":"info_board_vfx_g_screen_23","rect":[655,509,346,116],"offset":[-8,-9],"originalSize":[420,184],"rotated":1,"capInsets":[0,0,0,0]}],[0],0,[0],[0],[0]],[[{"name":"info_board_vfx_g_screen_01","rect":[1,1,384,132],"offset":[-3,-1],"originalSize":[420,184],"capInsets":[0,0,0,0]}],[0],0,[0],[0],[0]],[[{"name":"info_board_vfx_g_screen_04","rect":[773,1,384,130],"offset":[-3,-2],"originalSize":[420,184],"rotated":1,"capInsets":[0,0,0,0]}],[0],0,[0],[0],[0]],[[{"name":"info_board_vfx_g_screen_22","rect":[249,1267,348,132],"offset":[-9,-1],"originalSize":[420,184],"capInsets":[0,0,0,0]}],[0],0,[0],[0],[0]],[[{"name":"info_board_vfx_g_screen_08","rect":[387,135,384,132],"offset":[-2,-1],"originalSize":[420,184],"capInsets":[0,0,0,0]}],[0],0,[0],[0],[0]],[[{"name":"info_board_vfx_g_screen_14","rect":[135,403,384,132],"offset":[-3,-1],"originalSize":[420,184],"capInsets":[0,0,0,0]}],[0],0,[0],[0],[0]],[[{"name":"info_board_vfx_g_screen_09","rect":[1,269,384,132],"offset":[-3,-1],"originalSize":[420,184],"capInsets":[0,0,0,0]}],[0],0,[0],[0],[0]],[[{"name":"info_board_vfx_g_screen_10","rect":[521,509,382,132],"offset":[-2,-1],"originalSize":[420,184],"rotated":1,"capInsets":[0,0,0,0]}],[0],0,[0],[0],[0]],[[{"name":"info_board_vfx_g_screen_13","rect":[1,773,384,132],"offset":[-3,-1],"originalSize":[420,184],"rotated":1,"capInsets":[0,0,0,0]}],[0],0,[0],[0],[0]],[[{"name":"info_board_vfx_g_screen_02","rect":[387,1,384,132],"offset":[-3,-1],"originalSize":[420,184],"capInsets":[0,0,0,0]}],[0],0,[0],[0],[0]],[[[0,"Alats62.plist",[{},"info_board_vfx_g_screen_02",6,0,"info_board_vfx_g_screen_06",6,1,"info_board_vfx_g_screen_09",6,2,"info_board_vfx_g_screen_16",6,3,"info_board_vfx_g_screen_25",6,4,"info_board_vfx_g_screen_23",6,5,"info_board_vfx_g_screen_18",6,6,"info_board_vfx_g_screen_10",6,7,"info_board_vfx_g_screen_05",6,8,"info_board_vfx_g_screen_15",6,9,"info_board_vfx_g_screen_26",6,10,"info_board_vfx_g_screen_11",6,11,"info_board_vfx_g_screen_07",6,12,"info_board_vfx_g_screen_24",6,13,"info_board_vfx_g_screen_14",6,14,"info_board_vfx_g_screen_00",6,15,"info_board_vfx_g_screen_08",6,16,"info_board_vfx_g_screen_03",6,17,"info_board_vfx_g_screen_21",6,18,"info_board_vfx_g_screen_04",6,19,"info_board_vfx_g_screen_01",6,20,"info_board_vfx_g_screen_12",6,21,"info_board_vfx_g_screen_19",6,22,"info_board_vfx_g_screen_27",6,23,"info_board_vfx_g_screen_13",6,24,"info_board_vfx_g_screen_20",6,25,"info_board_vfx_g_screen_17",6,26,"info_board_vfx_g_screen_22",6,27]]],0,0,[0,0,0,0,0,0,0,0,0,0,0,0,0,0,0,0,0,0,0,0,0,0,0,0,0,0,0,0],[1,2,3,4,5,6,7,8,9,10,11,12,13,14,15,16,17,18,19,20,21,22,23,24,25,26,27,28],[1,2,3,4,5,6,7,8,9,10,11,12,13,14,15,16,17,18,19,20,21,22,23,24,25,26,27,28]],[[{"name":"info_board_vfx_g_screen_05","rect":[773,387,384,130],"offset":[-3,-2],"originalSize":[420,184],"rotated":1,"capInsets":[0,0,0,0]}],[0],0,[0],[0],[0]],[[{"name":"info_board_vfx_g_screen_25","rect":[249,1401,344,112],"offset":[-7,-9],"originalSize":[420,184],"capInsets":[0,0,0,0]}],[0],0,[0],[0],[0]],[[{"name":"info_board_vfx_g_screen_17","rect":[519,893,372,132],"offset":[3,-1],"originalSize":[420,184],"rotated":1,"capInsets":[0,0,0,0]}],[0],0,[0],[0],[0]],[[{"name":"info_board_vfx_g_screen_00","rect":[1,1511,3,3],"offset":[-208.5,90.5],"originalSize":[420,184],"capInsets":[0,0,0,0]}],[0],0,[0],[0],[0]],[[{"name":"info_board_vfx_g_screen_12","rect":[387,269,384,132],"offset":[-3,-1],"originalSize":[420,184],"capInsets":[0,0,0,0]}],[0],0,[0],[0],[0]],[[{"name":"info_board_vfx_g_screen_19","rect":[1,403,368,132],"offset":[2,-1],"originalSize":[420,184],"rotated":1,"capInsets":[0,0,0,0]}],[0],0,[0],[0],[0]],[[{"name":"info_board_vfx_g_screen_26","rect":[135,1197,324,112],"offset":[3,-9],"originalSize":[420,184],"rotated":1,"capInsets":[0,0,0,0]}],[0],0,[0],[0],[0]],[[{"name":"info_board_vfx_g_screen_03","rect":[1,135,384,132],"offset":[-3,-1],"originalSize":[420,184],"capInsets":[0,0,0,0]}],[0],0,[0],[0],[0]],[[{"name":"info_board_vfx_g_screen_07","rect":[135,537,384,130],"offset":[-2,-2],"originalSize":[420,184],"capInsets":[0,0,0,0]}],[0],0,[0],[0],[0]],[[{"name":"info_board_vfx_g_screen_11","rect":[135,669,382,130],"offset":[-2,-2],"originalSize":[420,184],"capInsets":[0,0,0,0]}],[0],0,[0],[0],[0]],[[{"name":"info_board_vfx_g_screen_16","rect":[135,933,380,130],"offset":[0,-2],"originalSize":[420,184],"capInsets":[0,0,0,0]}],[0],0,[0],[0],[0]]]]