[
  1,
  [
    "d60XGZGPVOeYZ4F4xJIOlG",
    "64/XGTF0BHbaNevL5QEj9U",
    "17XxQBJixPAqqC9Gd8a7Hy",
    "43S/cTAIlHtLwDspgMq/Wf",
    "40QbqfXk5KR6Zlfw/+X8PJ",
    "68gL8kfz5FqajD05BWpri3",
    "14LCEXy0NHuaSEgKapMkHI",
    "a48SzIb1tHjYPYdgewyLlR",
    "57DnMQtvpALbawHkRcf2k2",
    "08hs2OnrFPUqwkIj2DDSDL",
    "5dwBsVwDRFPYAQK7xRCRRP",
    "a2Qnfv0TxCXYrrte7uTS0N",
    "83Oio62vRHvaY5RHqFrLGc",
    "c2RHe+1yRK86NY0uWk7NzB",
    "84t95hOWhJF6Mz8l4OJudd",
    "52CYSU6ndJZJZ5vQR35LCM",
    "0aPiL9FmdGpYW5/kVRhsRD",
    "e9S6n69vtOMqQBtKrSFcus"
  ],
  [
    "value"
  ],
  [
    [
      "cc.AnimationClip",
      [
        "_name",
        "_duration",
        "sample",
        "wrapMode",
        "curveData"
      ],
      -1,
      11
    ]
  ],
  [
    [
      0,
      0,
      1,
      2,
      3,
      4,
      5
    ]
  ],
  [
    [
      0,
      "FireBigWin",
      1.8,
      10,
      2,
      [
        {},
        "comps",
        11,
        [
          {},
          "cc.Sprite",
          11,
          [
            {},
            "spriteFrame",
            12,
            [
              [
                [
                  {
                    "frame": 0
                  },
                  "value",
                  6,
                  0
                ],
                [
                  {
                    "frame": 0.1
                  },
                  "value",
                  6,
                  1
                ],
                [
                  {
                    "frame": 0.2
                  },
                  "value",
                  6,
                  2
                ],
                [
                  {
                    "frame": 0.3
                  },
                  "value",
                  6,
                  3
                ],
                [
                  {
                    "frame": 0.4
                  },
                  "value",
                  6,
                  4
                ],
                [
                  {
                    "frame": 0.5
                  },
                  "value",
                  6,
                  5
                ],
                [
                  {
                    "frame": 0.6
                  },
                  "value",
                  6,
                  6
                ],
                [
                  {
                    "frame": 0.7
                  },
                  "value",
                  6,
                  7
                ],
                [
                  {
                    "frame": 0.8
                  },
                  "value",
                  6,
                  8
                ],
                [
                  {
                    "frame": 0.9
                  },
                  "value",
                  6,
                  9
                ],
                [
                  {
                    "frame": 1
                  },
                  "value",
                  6,
                  10
                ],
                [
                  {
                    "frame": 1.1
                  },
                  "value",
                  6,
                  11
                ],
                [
                  {
                    "frame": 1.2
                  },
                  "value",
                  6,
                  12
                ],
                [
                  {
                    "frame": 1.3
                  },
                  "value",
                  6,
                  13
                ],
                [
                  {
                    "frame": 1.4
                  },
                  "value",
                  6,
                  14
                ],
                [
                  {
                    "frame": 1.5
                  },
                  "value",
                  6,
                  15
                ],
                [
                  {
                    "frame": 1.6
                  },
                  "value",
                  6,
                  16
                ],
                [
                  {
                    "frame": 1.7
                  },
                  "value",
                  6,
                  17
                ]
              ],
              11,
              11,
              11,
              11,
              11,
              11,
              11,
              11,
              11,
              11,
              11,
              11,
              11,
              11,
              11,
              11,
              11,
              11
            ]
          ]
        ]
      ]
    ]
  ],
  0,
  0,
  [
    0,
    0,
    0,
    0,
    0,
    0,
    0,
    0,
    0,
    0,
    0,
    0,
    0,
    0,
    0,
    0,
    0,
    0
  ],
  [
    0,
    0,
    0,
    0,
    0,
    0,
    0,
    0,
    0,
    0,
    0,
    0,
    0,
    0,
    0,
    0,
    0,
    0
  ],
  [
    0,
    1,
    2,
    3,
    4,
    5,
    6,
    7,
    8,
    9,
    10,
    11,
    12,
    13,
    14,
    15,
    16,
    17
  ]
]