[
  1,
  [
    "fb8K+coONL/47JoFW8IJ1F",
    "f8syOAnYVCnodAcqqRkNDR",
    "acGmTHDk1CkZ5nuj5BCcn8",
    "4bqzIhBiRNY4LRjFdKDg+X",
    "98WWniVQNGqb4Z8aYu1vft",
    "93wnuma3dIMKofsTLj7Yfm",
    "ed78wcRKhOhooCQVOFPyo6",
    "19/pd7HvJD9KQlYSK8oFz7",
    "88znil1HxByp7C7SBhqgMT",
    "93SHBgq9xGXos9TZr8NAMO",
    "baxovs/flPuIoIk7YiNy/H"
  ],
  [
    "value"
  ],
  [
    [
      "cc.AnimationClip",
      [
        "_name",
        "_duration",
        "sample",
        "curveData"
      ],
      0,
      11
    ]
  ],
  [
    [
      0,
      0,
      1,
      2,
      3,
      4
    ]
  ],
  [
    [
      0,
      "LubuChem2",
      0.55,
      20,
      [
        {},
        "comps",
        11,
        [
          {},
          "cc.Sprite",
          11,
          [
            {},
            "spriteFrame",
            12,
            [
              [
                [
                  {
                    "frame": 0
                  },
                  "value",
                  6,
                  0
                ],
                [
                  {
                    "frame": 0.05
                  },
                  "value",
                  6,
                  1
                ],
                [
                  {
                    "frame": 0.1
                  },
                  "value",
                  6,
                  2
                ],
                [
                  {
                    "frame": 0.15
                  },
                  "value",
                  6,
                  3
                ],
                [
                  {
                    "frame": 0.2
                  },
                  "value",
                  6,
                  4
                ],
                [
                  {
                    "frame": 0.25
                  },
                  "value",
                  6,
                  5
                ],
                [
                  {
                    "frame": 0.3
                  },
                  "value",
                  6,
                  6
                ],
                [
                  {
                    "frame": 0.35
                  },
                  "value",
                  6,
                  7
                ],
                [
                  {
                    "frame": 0.4
                  },
                  "value",
                  6,
                  8
                ],
                [
                  {
                    "frame": 0.45
                  },
                  "value",
                  6,
                  9
                ],
                [
                  {
                    "frame": 0.5
                  },
                  "value",
                  6,
                  10
                ]
              ],
              11,
              11,
              11,
              11,
              11,
              11,
              11,
              11,
              11,
              11,
              11
            ]
          ]
        ]
      ]
    ]
  ],
  0,
  0,
  [
    0,
    0,
    0,
    0,
    0,
    0,
    0,
    0,
    0,
    0,
    0
  ],
  [
    0,
    0,
    0,
    0,
    0,
    0,
    0,
    0,
    0,
    0,
    0
  ],
  [
    0,
    1,
    2,
    3,
    4,
    5,
    6,
    7,
    8,
    9,
    10
  ]
]