[
  1,
  [
    "614q7birtKTY6cELamtGKR",
    "8dp69KE55G6bOLHrkwoPZ3",
    "6dK56Gt95DfLb0jQMrgvQZ",
    "51nx26oCxHG6Srf6CmapvI",
    "f1Os83JcpLK5k1rUFIh1bj",
    "ba73AfHEtCbpF+ovkq0KcJ",
    "54YPdyOqBJ9Ye4gxy6htqi",
    "a0cVCUt3dFaIenBDpweEAi",
    "3dBjDmuklCibDAtLbGdskg",
    "4decu9lDZFU5qTY3KgAabP",
    "3erUvx/pZEyqSrOWiaoLq1",
    "a0NyL9tIVC4blexG36ypz+",
    "d1RG3s6TdNzIIUeXafCrl7",
    "54w/9M0ilA/qks0bPsa8Uy",
    "12n5udquhJ4IrB2oDPPLlW",
    "10gF+IOAZMdo7qtihNK1XV",
    "b0Ux3eA/FPNIv4641ybL1o"
  ],
  [
    "value"
  ],
  [
    [
      "cc.AnimationClip",
      [
        "_name",
        "_duration",
        "sample",
        "curveData"
      ],
      0,
      11
    ]
  ],
  [
    [
      0,
      0,
      1,
      2,
      3,
      4
    ]
  ],
  [
    [
      0,
      "NoLuBo",
      0.5666666666666667,
      30,
      [
        {},
        "comps",
        11,
        [
          {},
          "cc.Sprite",
          11,
          [
            {},
            "spriteFrame",
            12,
            [
              [
                [
                  {
                    "frame": 0
                  },
                  "value",
                  6,
                  0
                ],
                [
                  {
                    "frame": 0.03333333333333333
                  },
                  "value",
                  6,
                  1
                ],
                [
                  {
                    "frame": 0.06666666666666667
                  },
                  "value",
                  6,
                  2
                ],
                [
                  {
                    "frame": 0.1
                  },
                  "value",
                  6,
                  3
                ],
                [
                  {
                    "frame": 0.13333333333333333
                  },
                  "value",
                  6,
                  4
                ],
                [
                  {
                    "frame": 0.16666666666666666
                  },
                  "value",
                  6,
                  5
                ],
                [
                  {
                    "frame": 0.2
                  },
                  "value",
                  6,
                  6
                ],
                [
                  {
                    "frame": 0.23333333333333334
                  },
                  "value",
                  6,
                  7
                ],
                [
                  {
                    "frame": 0.26666666666666666
                  },
                  "value",
                  6,
                  8
                ],
                [
                  {
                    "frame": 0.3
                  },
                  "value",
                  6,
                  9
                ],
                [
                  {
                    "frame": 0.3333333333333333
                  },
                  "value",
                  6,
                  10
                ],
                [
                  {
                    "frame": 0.36666666666666664
                  },
                  "value",
                  6,
                  11
                ],
                [
                  {
                    "frame": 0.4
                  },
                  "value",
                  6,
                  12
                ],
                [
                  {
                    "frame": 0.43333333333333335
                  },
                  "value",
                  6,
                  13
                ],
                [
                  {
                    "frame": 0.4666666666666667
                  },
                  "value",
                  6,
                  14
                ],
                [
                  {
                    "frame": 0.5
                  },
                  "value",
                  6,
                  15
                ],
                [
                  {
                    "frame": 0.5333333333333333
                  },
                  "value",
                  6,
                  16
                ]
              ],
              11,
              11,
              11,
              11,
              11,
              11,
              11,
              11,
              11,
              11,
              11,
              11,
              11,
              11,
              11,
              11,
              11
            ]
          ]
        ]
      ]
    ]
  ],
  0,
  0,
  [
    0,
    0,
    0,
    0,
    0,
    0,
    0,
    0,
    0,
    0,
    0,
    0,
    0,
    0,
    0,
    0,
    0
  ],
  [
    0,
    0,
    0,
    0,
    0,
    0,
    0,
    0,
    0,
    0,
    0,
    0,
    0,
    0,
    0,
    0,
    0
  ],
  [
    0,
    1,
    2,
    3,
    4,
    5,
    6,
    7,
    8,
    9,
    10,
    11,
    12,
    13,
    14,
    15,
    16
  ]
]