[1,["beCkq2vQtK7agi29pIsL5u","263ZTBedpIwKzGLKehvOA6"],["_textureSetter","spriteFrame"],["cc.SpriteFrame",["cc.BitmapFont",["_name","fontSize","_fntConfig"],0]],[[1,0,1,2,4]],[[[{"name":"font-number-win","rect":[0,0,110,255],"offset":[-9,0.5],"originalSize":[128,256],"capInsets":[0,0,0,0]}],[0],0,[0],[0],[0]],[[[0,"font-number-win",32,{"commonHeight":80,"fontSize":32,"atlasName":"font-number-win.png","fontDefDictionary":{"9":{"xOffset":0,"yOffset":0,"xAdvance":160,"rect":{"x":0,"y":0,"width":0,"height":0}},"32":{"xOffset":0,"yOffset":0,"xAdvance":20,"rect":{"x":0,"y":0,"width":0,"height":0}},"43":{"xOffset":0,"yOffset":38,"xAdvance":34,"rect":{"x":0,"y":0,"width":38,"height":41}},"44":{"xOffset":0,"yOffset":59,"xAdvance":13,"rect":{"x":39,"y":0,"width":17,"height":28}},"45":{"xOffset":0,"yOffset":51,"xAdvance":26,"rect":{"x":0,"y":235,"width":30,"height":16}},"46":{"xOffset":0,"yOffset":59,"xAdvance":13,"rect":{"x":31,"y":235,"width":17,"height":20}},"48":{"xOffset":0,"yOffset":33,"xAdvance":32,"rect":{"x":37,"y":187,"width":36,"height":47}},"49":{"xOffset":0,"yOffset":33,"xAdvance":23,"rect":{"x":74,"y":185,"width":27,"height":46}},"50":{"xOffset":0,"yOffset":33,"xAdvance":32,"rect":{"x":38,"y":91,"width":36,"height":46}},"51":{"xOffset":0,"yOffset":32,"xAdvance":33,"rect":{"x":0,"y":90,"width":37,"height":48}},"52":{"xOffset":0,"yOffset":33,"xAdvance":32,"rect":{"x":74,"y":138,"width":36,"height":46}},"53":{"xOffset":0,"yOffset":32,"xAdvance":32,"rect":{"x":38,"y":42,"width":36,"height":48}},"54":{"xOffset":0,"yOffset":33,"xAdvance":32,"rect":{"x":0,"y":139,"width":36,"height":47}},"55":{"xOffset":0,"yOffset":32,"xAdvance":33,"rect":{"x":0,"y":42,"width":37,"height":47}},"56":{"xOffset":0,"yOffset":33,"xAdvance":32,"rect":{"x":37,"y":139,"width":36,"height":47}},"57":{"xOffset":0,"yOffset":33,"xAdvance":32,"rect":{"x":0,"y":187,"width":36,"height":47}}},"kerningDict":{}}]],0,0,[0],[1],[1]]]]