[
  1,
  [
    "0f6sB0d+pN9KdSa6/4QjVu"
  ],
  [
    "_textureSetter"
  ],
  [
    "cc.SpriteFrame"
  ],
  0,
  [
    {
      "name": "4677a381-2650-4f32-a4f1-4836128ffa92",
      "rect": [
        0,
        0,
        135,
        380
      ],
      "offset": [
        0,
        0
      ],
      "originalSize": [
        135,
        380
      ],
      "capInsets": [
        0,
        0,
        0,
        0
      ]
    }
  ],
  [
    0
  ],
  0,
  [
    0
  ],
  [
    0
  ],
  [
    0
  ]
]