[1,["43pdj7qd9NIp9hsnTfzlN1","02aWOSPttO8YJY/vVUT7lm","f3iKWKlahJebB5ePs1LJiM","9eRVct5d1HHZ3E0ynMe/rd","23Nxz7xDtDeaBxi8F5uUPt","49mSNnswNMHbzS6IfDcEWP","51CkMwiLVOWYlIqRvkYkN2","98hKthYR1A6YVT39hqiYCU","43sKzv6jFGBrXX3nl+6z/g","50XJUtp0xLibJRpWbmpmi4","31I6/U2olITYLDRj0ROcK/","6fHyXNqnpPP7RiQhTFwwWB","f02xneDYlBcJ9QXo8kn5cR","34HLU6oClBRaKKDMa0CquG","0aCyCGwSNDCKAOUKcxy457","4bnMfTvh9PLolxpd//sj6r","45Vj5GlANFmLdwDF641xSb","20W/8piMhDYIjS/IGQHv2v","7f8deiAJlBd5n/S2jWOOEp","eaku3rOtRFyIMqG2I7PGNI","74pfkM4FRGp7ZaBWqEDm6i","3akMd7DwZIbJLCU1prRH2s","cfImDpi6dA7oZz4kLJ6smA","0fngz1tv1ICYWMZHZddtbB","dcAmTsobpL84y1os/z1Wmt","feffv9AsRKr5f7PHkHogch","693wFFw1VGmoJYQdqQ/jhV","f3F3TlheBBmIz56Gz9+J2c","69O6wlXGBLSJMTntOrwIyt","a6laOBY/BGc4h9+4MShfsj","f1l+N6zIdG1qWXB8dr/gbY","9d0Q+zCqNJyI9m4obzkv1C","d38Fg4e/dB5Z+EzWxAbevn","1dPfLUzJhOZZ60lduRP9Hu","b3hol2HfVOhp2VYYT+Qh5C","39He73/YpIUL4cmWKcz2EZ","8cinWSsslAuIc+hjjfJKJ+","45zofisgtC2II0qhac1Wl8","ecqmDUL7ZCz5JRCmZcX+dL","01kwvfRlhJyYB5iMl3fQ3X","70S83ISfNNN4jU2wlCVUId","34X+YNC+FPkaTK3jp3VwOK","69axMx8yBP14XxndjOPwQ3","d3ZtcbcsFHR4p2dg4PW7Ye","b9dmuUS/RD6K9pCtfc1Cib","e7XTr5o5RGtreldNlPlhrU","59QYeaoZVKTbpHlypLp5b5"],["value"],[["cc.AnimationClip",["_name","_duration","curveData"],1,11]],[[0,0,1,2,3]],[[0,"effectScatter",1.3833333333333333,[{},"paths",11,[{"effectFS":{"props":{"opacity":[{"frame":0,"value":0},{"frame":1,"value":255}]}}},"scatterEffctBg/scatter_glow_e",11,[{},"props",11,[{"opacity":[{"frame":0.25,"value":255}]},"scale",12,[[[{"frame":0},"value",8,[1,2,1,1]],[{"frame":0.6},"value",8,[1,2,2.3,1]],[{"frame":0.9333333333333333},"value",8,[1,2,0,1]]],11,11,11]]],"scatter_vfx_d_00",11,[{},"comps",11,[{},"cc.Sprite",11,[{},"spriteFrame",12,[[[{"frame":0.13333333333333333},"value",6,0],[{"frame":0.23333333333333334},"value",6,1],[{"frame":0.3333333333333333},"value",6,2],[{"frame":0.4},"value",6,3],[{"frame":0.4666666666666667},"value",6,4],[{"frame":0.5333333333333333},"value",6,5],[{"frame":0.6},"value",6,6],[{"frame":0.6666666666666666},"value",6,7],[{"frame":0.7333333333333333},"value",6,8],[{"frame":0.8},"value",6,9],[{"frame":0.8666666666666667},"value",6,10],[{"frame":0.9333333333333333},"value",6,11],[{"frame":1.0666666666666667},"value",6,12]],11,11,11,11,11,11,11,11,11,11,11,11,11]]],"props",11,[{"opacity":[{"frame":0,"value":0},{"frame":0.13333333333333333,"value":255},{"frame":0.5333333333333333,"value":255}]},"scale",12,[[[{"frame":0.13333333333333333},"value",8,[1,1.5,1.5,1]],[{"frame":0.5333333333333333},"value",8,[1,1.8,1.8,1]]],11,11]]],"iconScatter",11,[{},"props",11,[{},"scale",12,[[[{"frame":0},"value",8,[1,1,1,1]],[{"frame":0.13333333333333333},"value",8,[1,1.3,1.3,1]],[{"frame":0.26666666666666666},"value",8,[1,0.7,0.7,1]],[{"frame":0.5333333333333333},"value",8,[1,1,1,1]]],11,11,11,11]]],"scatter_vfx_b_00",11,[{"props":{"opacity":[{"frame":0,"value":0},{"frame":0.2,"value":0},{"frame":0.23333333333333334,"value":255},{"frame":1.35,"value":255},{"frame":1.3833333333333333,"value":0}]}},"comps",11,[{},"cc.Sprite",11,[{},"spriteFrame",12,[[[{"frame":0.23333333333333334},"value",6,13],[{"frame":0.2833333333333333},"value",6,14],[{"frame":0.3333333333333333},"value",6,15],[{"frame":0.38333333333333336},"value",6,16],[{"frame":0.43333333333333335},"value",6,17],[{"frame":0.48333333333333334},"value",6,18],[{"frame":0.5333333333333333},"value",6,19],[{"frame":0.5833333333333334},"value",6,20],[{"frame":0.6333333333333333},"value",6,21],[{"frame":0.6833333333333333},"value",6,22],[{"frame":0.7333333333333333},"value",6,23],[{"frame":0.7833333333333333},"value",6,24],[{"frame":0.8333333333333334},"value",6,25],[{"frame":0.8833333333333333},"value",6,26],[{"frame":0.9333333333333333},"value",6,27],[{"frame":0.9833333333333333},"value",6,28],[{"frame":1.0333333333333334},"value",6,29],[{"frame":1.0833333333333333},"value",6,30],[{"frame":1.1333333333333333},"value",6,31],[{"frame":1.1833333333333333},"value",6,32],[{"frame":1.2333333333333334},"value",6,33],[{"frame":1.2833333333333334},"value",6,34],[{"frame":1.3333333333333333},"value",6,35]],11,11,11,11,11,11,11,11,11,11,11,11,11,11,11,11,11,11,11,11,11,11,11]]]],"scatter_vfx_a_00",11,[{"props":{"opacity":[{"frame":0,"value":0},{"frame":0.6,"value":0},{"frame":0.6666666666666666,"value":255},{"frame":1.2166666666666666,"value":255},{"frame":1.25,"value":0}]}},"comps",11,[{},"cc.Sprite",11,[{},"spriteFrame",12,[[[{"frame":0.6666666666666666},"value",6,36],[{"frame":0.7166666666666667},"value",6,37],[{"frame":0.7666666666666667},"value",6,38],[{"frame":0.8166666666666667},"value",6,39],[{"frame":0.8666666666666667},"value",6,40],[{"frame":0.9166666666666666},"value",6,41],[{"frame":0.9666666666666667},"value",6,42],[{"frame":1.0166666666666666},"value",6,43],[{"frame":1.0666666666666667},"value",6,44],[{"frame":1.1166666666666667},"value",6,45],[{"frame":1.1666666666666667},"value",6,46],[{"frame":1.2166666666666666},"value",6,47]],11,11,11,11,11,11,11,11,11,11,11,11]]]]]]]],0,0,[0,0,0,0,0,0,0,0,0,0,0,0,0,0,0,0,0,0,0,0,0,0,0,0,0,0,0,0,0,0,0,0,0,0,0,0,0,0,0,0,0,0,0,0,0,0,0,0],[0,0,0,0,0,0,0,0,0,0,0,0,0,0,0,0,0,0,0,0,0,0,0,0,0,0,0,0,0,0,0,0,0,0,0,0,0,0,0,0,0,0,0,0,0,0,0,0],[1,2,3,4,5,6,7,8,9,10,11,0,0,12,13,14,15,16,17,18,19,20,21,22,23,24,25,26,27,28,29,30,31,32,33,34,35,36,37,38,39,40,41,42,43,44,45,46]]