[
  1,
  [
    "306AnTRppAWI4usNEpmbd2",
    "155+dPKntEPKvWDRKGaM4W",
    "44n6f30aZHxrLCn56UXR4L",
    "72V3GQ4qZNaJiP/QUHZMh3",
    "243iSRiMZJE7TS3isX9wKA",
    "6bCnuJMptFxr7dL2KNg/Xc"
  ],
  [
    "value"
  ],
  [
    [
      "cc.AnimationClip",
      [
        "_name",
        "_duration",
        "sample",
        "wrapMode",
        "curveData"
      ],
      -1,
      11
    ]
  ],
  [
    [
      0,
      0,
      1,
      2,
      3,
      4,
      5
    ]
  ],
  [
    [
      0,
      "EffectSpeed",
      0.6,
      10,
      2,
      [
        {},
        "comps",
        11,
        [
          {},
          "cc.Sprite",
          11,
          [
            {},
            "spriteFrame",
            12,
            [
              [
                [
                  {
                    "frame": 0
                  },
                  "value",
                  6,
                  0
                ],
                [
                  {
                    "frame": 0.1
                  },
                  "value",
                  6,
                  1
                ],
                [
                  {
                    "frame": 0.2
                  },
                  "value",
                  6,
                  2
                ],
                [
                  {
                    "frame": 0.3
                  },
                  "value",
                  6,
                  3
                ],
                [
                  {
                    "frame": 0.4
                  },
                  "value",
                  6,
                  4
                ],
                [
                  {
                    "frame": 0.5
                  },
                  "value",
                  6,
                  5
                ]
              ],
              11,
              11,
              11,
              11,
              11,
              11
            ]
          ]
        ]
      ]
    ]
  ],
  0,
  0,
  [
    0,
    0,
    0,
    0,
    0,
    0
  ],
  [
    0,
    0,
    0,
    0,
    0,
    0
  ],
  [
    0,
    1,
    2,
    3,
    4,
    5
  ]
]