[1,["56sBXILadBX6kYoHb+Ce5c"],["_textureSetter"],["cc.SpriteFrame"],0,[[[{"name":"sb_vfx_f_add_02","rect":[1445,553,432,375],"offset":[3,0],"originalSize":[756,375],"rotated":1,"capInsets":[0,0,0,0]}],[0],0,[0],[0],[0]],[[{"name":"sb_vfx_f_add_00","rect":[1070,378,262,323],"offset":[3,-7],"originalSize":[756,375],"rotated":1,"capInsets":[0,0,0,0]}],[0],0,[0],[0],[0]],[[{"name":"sb_vfx_f_add_06","rect":[1,759,756,375],"offset":[0,0],"originalSize":[756,375],"capInsets":[0,0,0,0]}],[0],0,[0],[0],[0]],[[{"name":"sb_vfx_f_add_01","rect":[1070,1,336,375],"offset":[3,0],"originalSize":[756,375],"capInsets":[0,0,0,0]}],[0],0,[0],[0],[0]],[[{"name":"sb_vfx_f_add_05","rect":[1,1,756,375],"offset":[0,0],"originalSize":[756,375],"rotated":1,"capInsets":[0,0,0,0]}],[0],0,[0],[0],[0]],[[{"name":"sb_vfx_f_add_08","rect":[755,1,756,313],"offset":[0,5],"originalSize":[756,375],"rotated":1,"capInsets":[0,0,0,0]}],[0],0,[0],[0],[0]],[[{"name":"sb_vfx_f_add_03","rect":[1445,1,550,375],"offset":[3,0],"originalSize":[756,375],"rotated":1,"capInsets":[0,0,0,0]}],[0],0,[0],[0],[0]],[[{"name":"sb_vfx_f_add_04","rect":[759,759,684,375],"offset":[3,0],"originalSize":[756,375],"capInsets":[0,0,0,0]}],[0],0,[0],[0],[0]],[[{"name":"sb_vfx_f_add_07","rect":[378,1,756,375],"offset":[0,0],"originalSize":[756,375],"rotated":1,"capInsets":[0,0,0,0]}],[0],0,[0],[0],[0]]]]