[1,["54fLT+fUFBQquGUAZ85Wow"],["_textureSetter"],["cc.SpriteFrame"],0,[[[{"name":"bw_vfx_d_screen_01","rect":[653,1054,340,340],"offset":[0,0],"originalSize":[340,340],"capInsets":[0,0,0,0]}],[0],0,[0],[0],[0]],[[{"name":"bw_vfx_c_screen_03","rect":[1606,1054,223,278],"offset":[0,0],"originalSize":[223,278],"capInsets":[0,0,0,0]}],[0],0,[0],[0],[0]],[[{"name":"bw_vfx_e_screen_01","rect":[1,1,324,702],"offset":[0,0],"originalSize":[324,702],"capInsets":[0,0,0,0]}],[0],0,[0],[0],[0]],[[{"name":"bw_vfx_f_screen","rect":[653,835,215,273],"offset":[0,0],"originalSize":[215,273],"rotated":1,"capInsets":[0,0,0,0]}],[0],0,[0],[0],[0]],[[{"name":"bw_h_02","rect":[1300,1054,324,151],"offset":[0,0],"originalSize":[324,151],"rotated":1,"capInsets":[0,0,0,0]}],[0],0,[0],[0],[0]],[[{"name":"bw_vfx_a_screen_01","rect":[1744,1,281,128],"offset":[0,0],"originalSize":[281,128],"rotated":1,"capInsets":[0,0,0,0]}],[0],0,[0],[0],[0]],[[{"name":"bw_h_03","rect":[1453,1054,324,151],"offset":[0,0],"originalSize":[324,151],"rotated":1,"capInsets":[0,0,0,0]}],[0],0,[0],[0],[0]],[[{"name":"bw_particle_a_screen_01","rect":[1744,284,234,98],"offset":[0,0],"originalSize":[234,98],"rotated":1,"capInsets":[0,0,0,0]}],[0],0,[0],[0],[0]],[[{"name":"bw_vfx_c_screen_02","rect":[928,844,150,197],"offset":[0,0],"originalSize":[150,197],"capInsets":[0,0,0,0]}],[0],0,[0],[0],[0]],[[{"name":"bw_vfx_e_screen_03","rect":[327,1,324,702],"offset":[0,0],"originalSize":[324,702],"capInsets":[0,0,0,0]}],[0],0,[0],[0],[0]],[[{"name":"bw_vfx_e_screen_04","rect":[327,705,324,702],"offset":[0,0],"originalSize":[324,702],"capInsets":[0,0,0,0]}],[0],0,[0],[0],[0]],[[{"name":"bw_vfx_c_screen_01","rect":[1717,520,156,206],"offset":[0,0],"originalSize":[156,206],"capInsets":[0,0,0,0]}],[0],0,[0],[0],[0]],[[{"name":"bw_bg_03_screen","rect":[653,1,360,667],"offset":[0,0],"originalSize":[360,667],"rotated":1,"capInsets":[0,0,0,0]}],[0],0,[0],[0],[0]],[[{"name":"bw_h_01","rect":[1717,728,324,151],"offset":[0,0],"originalSize":[324,151],"rotated":1,"capInsets":[0,0,0,0]}],[0],0,[0],[0],[0]],[[{"name":"bw_vfx_c_screen_04","rect":[928,615,227,283],"offset":[0,0],"originalSize":[227,283],"rotated":1,"capInsets":[0,0,0,0]}],[0],0,[0],[0],[0]],[[{"name":"bw_vfx_e_screen_02","rect":[1,705,324,702],"offset":[0,0],"originalSize":[324,702],"capInsets":[0,0,0,0]}],[0],0,[0],[0],[0]],[[{"name":"bw_vfx_f_add_02","rect":[1322,1,420,381],"offset":[0,0],"originalSize":[420,381],"capInsets":[0,0,0,0]}],[0],0,[0],[0],[0]],[[{"name":"bw_vfx_f_add_01","rect":[995,1054,324,303],"offset":[0,0],"originalSize":[324,303],"rotated":1,"capInsets":[0,0,0,0]}],[0],0,[0],[0],[0]],[[{"name":"bw_vfx_b_screen_01","rect":[1080,844,324,192],"offset":[0,0],"originalSize":[324,192],"capInsets":[0,0,0,0]}],[0],0,[0],[0],[0]],[[{"name":"bw_particle_a_screen_03","rect":[1215,599,234,98],"offset":[0,0],"originalSize":[234,98],"rotated":1,"capInsets":[0,0,0,0]}],[0],0,[0],[0],[0]]]]