[
  1,
  [
    "a6nBzY8DVDlYts995LVfjt"
  ],
  [
    "_textureSetter"
  ],
  [
    "cc.SpriteFrame"
  ],
  0,
  [
    {
      "name": "934516d8-11f1-4bf8-852d-a4f323409183",
      "rect": [
        0,
        0,
        309,
        179
      ],
      "offset": [
        0,
        0
      ],
      "originalSize": [
        309,
        179
      ],
      "capInsets": [
        0,
        0,
        0,
        0
      ]
    }
  ],
  [
    0
  ],
  0,
  [
    0
  ],
  [
    0
  ],
  [
    0
  ]
]