[1,["59hJoNwllKJ5pBqw3s/elp"],["_textureSetter"],["cc.SpriteFrame"],0,[[[{"name":"infoboard_vfx_e_add_loop_09","rect":[1,333,280,68],"offset":[1,-5],"originalSize":[432,200],"rotated":1,"capInsets":[0,0,0,0]}],[0],0,[0],[0],[0]],[[{"name":"infoboard_vfx_e_add_loop_05","rect":[333,283,284,92],"offset":[-12,-3],"originalSize":[432,200],"rotated":1,"capInsets":[0,0,0,0]}],[0],0,[0],[0],[0]],[[{"name":"infoboard_vfx_e_add_loop_00","rect":[1,81,292,76],"offset":[2,-4],"originalSize":[432,200],"capInsets":[0,0,0,0]}],[0],0,[0],[0],[0]],[[{"name":"infoboard_vfx_e_add_loop_10","rect":[427,283,284,70],"offset":[2,-5],"originalSize":[432,200],"rotated":1,"capInsets":[0,0,0,0]}],[0],0,[0],[0],[0]],[[{"name":"infoboard_vfx_e_add_loop_02","rect":[249,333,266,82],"offset":[-15,-3],"originalSize":[432,200],"rotated":1,"capInsets":[0,0,0,0]}],[0],0,[0],[0],[0]],[[{"name":"infoboard_vfx_e_add_loop_07","rect":[401,1,280,100],"offset":[-4,-2],"originalSize":[432,200],"rotated":1,"capInsets":[0,0,0,0]}],[0],0,[0],[0],[0]],[[{"name":"infoboard_vfx_e_add_loop_04","rect":[71,333,272,88],"offset":[-15,-3],"originalSize":[432,200],"rotated":1,"capInsets":[0,0,0,0]}],[0],0,[0],[0],[0]],[[{"name":"infoboard_vfx_e_add_loop_03","rect":[161,333,270,86],"offset":[-15,-3],"originalSize":[432,200],"rotated":1,"capInsets":[0,0,0,0]}],[0],0,[0],[0],[0]],[[{"name":"infoboard_vfx_e_add_loop_11","rect":[1,159,290,74],"offset":[2,-4],"originalSize":[432,200],"capInsets":[0,0,0,0]}],[0],0,[0],[0],[0]],[[{"name":"infoboard_vfx_e_add_loop_01","rect":[1,1,294,78],"offset":[1,-4],"originalSize":[432,200],"capInsets":[0,0,0,0]}],[0],0,[0],[0],[0]],[[{"name":"infoboard_vfx_e_add_loop_08","rect":[297,1,276,102],"offset":[1,-2],"originalSize":[432,200],"rotated":1,"capInsets":[0,0,0,0]}],[0],0,[0],[0],[0]]]]