[1,["eckmkQrx5Ou4LYiy4d5glD","22JBtVFMVLGJhHWObxIafI","71019y85NFYJ+w6zdNSfUD","3aUlEOukdCSqusvEhqP1aY","3dTDye9vxAWqRlyjO+I6vI","74yYxGyEBGMZxvNkPpg8A+","1aORRB8SZG0aABWdJpNib1","23kntoHghLF5DCCjmtiYjI","18bItWHztATLeTVdIAvVSz","efeBqIQOlHaIcgTLEehIz2","5cc1rAkxlEkLYvxg7U6QDP","392zF6USBPqIMiwC6km5sv","44yMxzBMpJTbeEddoFxs5z","423ZR0EQdPCIch9S213cfl","66VlDmBLRJW7/CnqzaffJD","28stBETYtHH6CjOtEnKpOW","69G78AOSRMEL+9yGc0AABu","1b/QLXvvlN6oF5okRKB+0y","f4ewO+HQJGlbs+plqYk7b9","75NymNRlxDrq1thEVCpk0S"],["_textureSetter","win_vfx_a_1x1_03","win_vfx_a_1x1_13","win_vfx_a_1x1_16","win_vfx_a_1x1_14","win_vfx_a_1x1_10","win_vfx_a_1x1_12","win_vfx_a_1x1_00","win_vfx_a_1x1_01","win_vfx_a_1x1_05","win_vfx_a_1x1_17","win_vfx_a_1x1_04","win_vfx_a_1x1_02","win_vfx_a_1x1_11","win_vfx_a_1x1_06","win_vfx_a_1x1_07","win_vfx_a_1x1_09","win_vfx_a_1x1_15","win_vfx_a_1x1_18","win_vfx_a_1x1_08"],["cc.SpriteFrame",["cc.SpriteAtlas",["_name","_spriteFrames"],2,11]],[[1,0,1,2]],[[[{"name":"win_vfx_a_1x1_01","rect":[375,309,48,54],"offset":[0,1],"originalSize":[150,150],"capInsets":[0,0,0,0]}],[0],0,[0],[0],[0]],[[{"name":"win_vfx_a_1x1_12","rect":[1,1,120,106],"offset":[-1,2],"originalSize":[150,150],"capInsets":[0,0,0,0]}],[0],0,[0],[0],[0]],[[{"name":"win_vfx_a_1x1_15","rect":[239,109,114,76],"offset":[-3,-10],"originalSize":[150,150],"capInsets":[0,0,0,0]}],[0],0,[0],[0],[0]],[[{"name":"win_vfx_a_1x1_03","rect":[347,227,80,82],"offset":[0,1],"originalSize":[150,150],"rotated":1,"capInsets":[0,0,0,0]}],[0],0,[0],[0],[0]],[[{"name":"win_vfx_a_1x1_00","rect":[375,365,30,34],"offset":[0,0],"originalSize":[150,150],"rotated":1,"capInsets":[0,0,0,0]}],[0],0,[0],[0],[0]],[[{"name":"win_vfx_a_1x1_07","rect":[1,321,112,104],"offset":[-1,3],"originalSize":[150,150],"capInsets":[0,0,0,0]}],[0],0,[0],[0],[0]],[[[0,"Alats58.plist",[{},"win_vfx_a_1x1_03",6,0,"win_vfx_a_1x1_13",6,1,"win_vfx_a_1x1_16",6,2,"win_vfx_a_1x1_14",6,3,"win_vfx_a_1x1_10",6,4,"win_vfx_a_1x1_12",6,5,"win_vfx_a_1x1_00",6,6,"win_vfx_a_1x1_01",6,7,"win_vfx_a_1x1_05",6,8,"win_vfx_a_1x1_17",6,9,"win_vfx_a_1x1_04",6,10,"win_vfx_a_1x1_02",6,11,"win_vfx_a_1x1_11",6,12,"win_vfx_a_1x1_06",6,13,"win_vfx_a_1x1_07",6,14,"win_vfx_a_1x1_09",6,15,"win_vfx_a_1x1_15",6,16,"win_vfx_a_1x1_18",6,17,"win_vfx_a_1x1_08",6,18]]],0,0,[0,0,0,0,0,0,0,0,0,0,0,0,0,0,0,0,0,0,0],[1,2,3,4,5,6,7,8,9,10,11,12,13,14,15,16,17,18,19],[1,2,3,4,5,6,7,8,9,10,11,12,13,14,15,16,17,18,19]],[[{"name":"win_vfx_a_1x1_04","rect":[213,325,92,90],"offset":[0,1],"originalSize":[150,150],"capInsets":[0,0,0,0]}],[0],0,[0],[0],[0]],[[{"name":"win_vfx_a_1x1_16","rect":[357,1,116,74],"offset":[-3,-9],"originalSize":[150,150],"rotated":1,"capInsets":[0,0,0,0]}],[0],0,[0],[0],[0]],[[{"name":"win_vfx_a_1x1_14","rect":[233,187,112,94],"offset":[-3,-1],"originalSize":[150,150],"capInsets":[0,0,0,0]}],[0],0,[0],[0],[0]],[[{"name":"win_vfx_a_1x1_11","rect":[239,1,116,106],"offset":[-5,2],"originalSize":[150,150],"capInsets":[0,0,0,0]}],[0],0,[0],[0],[0]],[[{"name":"win_vfx_a_1x1_02","rect":[307,325,66,70],"offset":[0,2],"originalSize":[150,150],"capInsets":[0,0,0,0]}],[0],0,[0],[0],[0]],[[{"name":"win_vfx_a_1x1_17","rect":[355,119,106,74],"offset":[-3,-9],"originalSize":[150,150],"rotated":1,"capInsets":[0,0,0,0]}],[0],0,[0],[0],[0]],[[{"name":"win_vfx_a_1x1_06","rect":[123,111,108,100],"offset":[-1,2],"originalSize":[150,150],"capInsets":[0,0,0,0]}],[0],0,[0],[0],[0]],[[{"name":"win_vfx_a_1x1_09","rect":[1,109,120,104],"offset":[-1,0],"originalSize":[150,150],"capInsets":[0,0,0,0]}],[0],0,[0],[0],[0]],[[{"name":"win_vfx_a_1x1_13","rect":[121,215,110,98],"offset":[-3,1],"originalSize":[150,150],"capInsets":[0,0,0,0]}],[0],0,[0],[0],[0]],[[{"name":"win_vfx_a_1x1_10","rect":[1,215,118,104],"offset":[-3,0],"originalSize":[150,150],"capInsets":[0,0,0,0]}],[0],0,[0],[0],[0]],[[{"name":"win_vfx_a_1x1_08","rect":[123,1,114,108],"offset":[-1,3],"originalSize":[150,150],"capInsets":[0,0,0,0]}],[0],0,[0],[0],[0]],[[{"name":"win_vfx_a_1x1_05","rect":[115,321,100,96],"offset":[0,2],"originalSize":[150,150],"rotated":1,"capInsets":[0,0,0,0]}],[0],0,[0],[0],[0]],[[{"name":"win_vfx_a_1x1_18","rect":[233,283,108,40],"offset":[-3,-8],"originalSize":[150,150],"capInsets":[0,0,0,0]}],[0],0,[0],[0],[0]]]]