[1,["aeIycX7SJOVYepEFNm2ty1","39qMZt0dpKxYrdoKyZPF0I","1cBXQVbSBJwLR05a0BDzwV","f5ptGqIGtKPYsOarY4Am5x","f1+190mi9J8YG9msKqm+rN","98zWOa6btKpZyaXU9Hzuht","44JAGRZl9D1Jt6+D9sajz9","b0FjeQxZ5BuY2FgIuJYdxV","d4mbApN2JFCYsVt5gCMte4","6eNKji+/VN8ooFEH73/Kqk","b9N4W/qR5PI5kSRqXLPMp3","0aBMN+MCVEYaqQHzyoAPuV","d0D8ZrxjVBQY9MDVxX2HyM","e9weCYNrlPbI/WYtsmF7HO","6bHOzu1vRPd4dSGmc2xr4/","737kUenv9NqIUNThuIy43p","50G4k41QJNkqUodpS2zVe8","4ehYygutlPF5r+Ay4wyZ6o","8fav5dXr1Ix7s4b8yIUVSX"],["_textureSetter","n_x1","n_x2","x1","x4","b_x6","x3","b_x5","n_x3","n_x5","b_x4","b_x2","b_x3a","b_x1","b_x10","x2","x6","x5","x10"],["cc.SpriteFrame",["cc.SpriteAtlas",["_name","_spriteFrames"],2,11]],[[1,0,1,2]],[[[{"name":"b_x2","rect":[182,1,108,73],"offset":[0,0],"originalSize":[108,73],"rotated":1,"capInsets":[0,0,0,0]}],[0],0,[0],[0],[0]],[[{"name":"n_x2","rect":[136,284,108,73],"offset":[0,0],"originalSize":[108,73],"capInsets":[0,0,0,0]}],[0],0,[0],[0],[0]],[[[0,"Alats50.plist",[{},"n_x1",6,0,"n_x2",6,1,"x1",6,2,"x4",6,3,"b_x6",6,4,"x3",6,5,"b_x5",6,6,"n_x3",6,7,"n_x5",6,8,"b_x4",6,9,"b_x2",6,10,"b_x3a",6,11,"b_x1",6,12,"b_x10",6,13,"x2",6,14,"x6",6,15,"x5",6,16,"x10",6,17]]],0,0,[0,0,0,0,0,0,0,0,0,0,0,0,0,0,0,0,0,0],[1,2,3,4,5,6,7,8,9,10,11,12,13,14,15,16,17,18],[1,2,3,4,5,6,7,8,9,10,11,12,13,14,15,16,17,18]],[[{"name":"n_x1","rect":[76,665,88,73],"offset":[0,0],"originalSize":[88,73],"rotated":1,"capInsets":[0,0,0,0]}],[0],0,[0],[0],[0]],[[{"name":"x3","rect":[1,469,130,96],"offset":[0,0],"originalSize":[130,96],"capInsets":[0,0,0,0]}],[0],0,[0],[0],[0]],[[{"name":"x5","rect":[1,370,130,97],"offset":[0,0],"originalSize":[130,97],"capInsets":[0,0,0,0]}],[0],0,[0],[0],[0]],[[{"name":"x6","rect":[1,567,130,96],"offset":[0,0],"originalSize":[130,96],"capInsets":[0,0,0,0]}],[0],0,[0],[0],[0]],[[{"name":"b_x10","rect":[1,98,146,74],"offset":[0,0],"originalSize":[146,74],"capInsets":[0,0,0,0]}],[0],0,[0],[0],[0]],[[{"name":"n_x5","rect":[133,436,105,75],"offset":[0,0],"originalSize":[105,75],"capInsets":[0,0,0,0]}],[0],0,[0],[0],[0]],[[{"name":"x2","rect":[1,273,133,95],"offset":[0,0],"originalSize":[133,95],"capInsets":[0,0,0,0]}],[0],0,[0],[0],[0]],[[{"name":"x10","rect":[1,1,179,95],"offset":[0,0],"originalSize":[179,95],"capInsets":[0,0,0,0]}],[0],0,[0],[0],[0]],[[{"name":"b_x6","rect":[151,667,104,74],"offset":[0,0],"originalSize":[104,74],"capInsets":[0,0,0,0]}],[0],0,[0],[0],[0]],[[{"name":"b_x5","rect":[136,359,105,75],"offset":[0,0],"originalSize":[105,75],"capInsets":[0,0,0,0]}],[0],0,[0],[0],[0]],[[{"name":"b_x4","rect":[149,111,106,76],"offset":[0,0],"originalSize":[106,76],"capInsets":[0,0,0,0]}],[0],0,[0],[0],[0]],[[{"name":"b_x3a","rect":[133,513,104,75],"offset":[0,0],"originalSize":[104,75],"capInsets":[0,0,0,0]}],[0],0,[0],[0],[0]],[[{"name":"n_x3","rect":[151,590,104,75],"offset":[0,0],"originalSize":[104,75],"capInsets":[0,0,0,0]}],[0],0,[0],[0],[0]],[[{"name":"b_x1","rect":[1,665,88,73],"offset":[0,0],"originalSize":[88,73],"rotated":1,"capInsets":[0,0,0,0]}],[0],0,[0],[0],[0]],[[{"name":"x4","rect":[1,174,133,97],"offset":[0,0],"originalSize":[133,97],"capInsets":[0,0,0,0]}],[0],0,[0],[0],[0]],[[{"name":"x1","rect":[136,189,114,93],"offset":[0,0],"originalSize":[114,93],"capInsets":[0,0,0,0]}],[0],0,[0],[0],[0]]]]