[1,["2ex3V1PPRAm7aF2douatZa","27pTjl1tpEOYb2ihwFVNZM","91LtUcwllCSpcyeR9MCxZI","e1Ue0ZNdlC8oLB0DcLTHk6","39jcgWV4lGha9cFPt0Gl3l","eazCFLeoNPyJiknseppn5I","43Bkep2/ZJ05IpieKqjRV8","15wrdiGfFIn5ieMAYJb9GS","2dIm1eyqRP/YoBTiW2D5yB","ae5G5hmWBM1blrZ6GcKCMk","993mnX9FBEwoabF6CysQM4","37MXJyyGtK6LkiIWa8GUm+","efbxQbifFAzYOj/S21Ehmn","68LzTOBpFNI5q81Odh0jTg","cea3s43qNJ3YxDvo1Pj6j3","f85zdgdddE16p7rvejPVjE","53WqFAn85J+4I8rGfHFY5h","2cy6dMt95CXLjgrQwSmU/5"],["_textureSetter","infoboard_vfx_f_add_15","infoboard_vfx_f_add_12","infoboard_vfx_f_add_07","infoboard_vfx_f_add_09","infoboard_vfx_f_add_08","infoboard_vfx_f_add_16","infoboard_vfx_f_add_01","infoboard_vfx_f_add_13","infoboard_vfx_f_add_05","infoboard_vfx_f_add_00","infoboard_vfx_f_add_06","infoboard_vfx_f_add_02","infoboard_vfx_f_add_10","infoboard_vfx_f_add_04","infoboard_vfx_f_add_11","infoboard_vfx_f_add_14","infoboard_vfx_f_add_03"],["cc.SpriteFrame",["cc.SpriteAtlas",["_name","_spriteFrames"],2,11]],[[1,0,1,2]],[[[{"name":"infoboard_vfx_f_add_01","rect":[300,76,210,55],"offset":[4,-1],"originalSize":[270,89],"rotated":1,"capInsets":[0,0,0,0]}],[0],0,[0],[0],[0]],[[[0,"Alats16.plist",[{},"infoboard_vfx_f_add_15",6,0,"infoboard_vfx_f_add_12",6,1,"infoboard_vfx_f_add_07",6,2,"infoboard_vfx_f_add_09",6,3,"infoboard_vfx_f_add_08",6,4,"infoboard_vfx_f_add_16",6,5,"infoboard_vfx_f_add_01",6,6,"infoboard_vfx_f_add_13",6,7,"infoboard_vfx_f_add_05",6,8,"infoboard_vfx_f_add_00",6,9,"infoboard_vfx_f_add_06",6,10,"infoboard_vfx_f_add_02",6,11,"infoboard_vfx_f_add_10",6,12,"infoboard_vfx_f_add_04",6,13,"infoboard_vfx_f_add_11",6,14,"infoboard_vfx_f_add_14",6,15,"infoboard_vfx_f_add_03",6,16]]],0,0,[0,0,0,0,0,0,0,0,0,0,0,0,0,0,0,0,0],[1,2,3,4,5,6,7,8,9,10,11,12,13,14,15,16,17],[1,2,3,4,5,6,7,8,9,10,11,12,13,14,15,16,17]],[[{"name":"infoboard_vfx_f_add_15","rect":[207,442,6,5],"offset":[-67,-34],"originalSize":[270,89],"rotated":1,"capInsets":[0,0,0,0]}],[0],0,[0],[0],[0]],[[{"name":"infoboard_vfx_f_add_03","rect":[1,373,218,67],"offset":[2,0],"originalSize":[270,89],"capInsets":[0,0,0,0]}],[0],0,[0],[0],[0]],[[{"name":"infoboard_vfx_f_add_13","rect":[300,288,128,61],"offset":[-8,-7],"originalSize":[270,89],"capInsets":[0,0,0,0]}],[0],0,[0],[0],[0]],[[{"name":"infoboard_vfx_f_add_06","rect":[1,1,222,75],"offset":[-1,-2],"originalSize":[270,89],"rotated":1,"capInsets":[0,0,0,0]}],[0],0,[0],[0],[0]],[[{"name":"infoboard_vfx_f_add_09","rect":[227,224,192,71],"offset":[-18,-2],"originalSize":[270,89],"rotated":1,"capInsets":[0,0,0,0]}],[0],0,[0],[0],[0]],[[{"name":"infoboard_vfx_f_add_16","rect":[207,450,4,3],"offset":[-67,-34],"originalSize":[270,89],"rotated":1,"capInsets":[0,0,0,0]}],[0],0,[0],[0],[0]],[[{"name":"infoboard_vfx_f_add_14","rect":[300,351,126,61],"offset":[-8,-7],"originalSize":[270,89],"capInsets":[0,0,0,0]}],[0],0,[0],[0],[0]],[[{"name":"infoboard_vfx_f_add_10","rect":[1,300,190,71],"offset":[-18,-2],"originalSize":[270,89],"capInsets":[0,0,0,0]}],[0],0,[0],[0],[0]],[[{"name":"infoboard_vfx_f_add_12","rect":[302,1,138,69],"offset":[-2,-2],"originalSize":[270,89],"capInsets":[0,0,0,0]}],[0],0,[0],[0],[0]],[[{"name":"infoboard_vfx_f_add_00","rect":[1,442,204,47],"offset":[6,-1],"originalSize":[270,89],"capInsets":[0,0,0,0]}],[0],0,[0],[0],[0]],[[{"name":"infoboard_vfx_f_add_05","rect":[78,76,220,73],"offset":[1,-2],"originalSize":[270,89],"capInsets":[0,0,0,0]}],[0],0,[0],[0],[0]],[[{"name":"infoboard_vfx_f_add_04","rect":[78,151,220,71],"offset":[1,0],"originalSize":[270,89],"capInsets":[0,0,0,0]}],[0],0,[0],[0],[0]],[[{"name":"infoboard_vfx_f_add_07","rect":[78,1,222,73],"offset":[-1,-4],"originalSize":[270,89],"capInsets":[0,0,0,0]}],[0],0,[0],[0],[0]],[[{"name":"infoboard_vfx_f_add_08","rect":[1,225,224,73],"offset":[-2,-5],"originalSize":[270,89],"capInsets":[0,0,0,0]}],[0],0,[0],[0],[0]],[[{"name":"infoboard_vfx_f_add_02","rect":[221,418,214,61],"offset":[3,-1],"originalSize":[270,89],"capInsets":[0,0,0,0]}],[0],0,[0],[0],[0]],[[{"name":"infoboard_vfx_f_add_11","rect":[357,72,142,71],"offset":[-2,-2],"originalSize":[270,89],"rotated":1,"capInsets":[0,0,0,0]}],[0],0,[0],[0],[0]]]]