[1,["5aqV10ofZOkYH1tU5OxXWM","38ihYRwLRLt4Z/nggwXQEN","443OKOToJP9bimeeQDqjdI","7fc3xA5yRLt4gbJWvvVh1d","d5jlr552NN/bH6eczjlgWK","cbY2VGiYpGzb5ybhKS4DnD","e1Ros+ogRBEIM5CKGbYfuU","3fEY7bY7VAl4aHUmDl8ihw","5erGdpDk1AvbcMmhB94+3X","eaVZRRht1I8pcXxtunNKEB","aeLbMLa25APZMs9wee7ddX","f4lVocDjtABZ0IAd83aP8L","99iZvzriVFCpvl2va4ji6g","98auMdzQ1FwLpaGm9L5sAE","d5GdoljtJI8qxgwb4X3Zll","3cpnyJnz5N36MZ5w9GcSPu","4dfiHF17ZCqoLaWN0pqWde"],["value"],[["cc.AnimationClip",["_name","_duration","sample","curveData"],0,11]],[[0,0,1,2,3,4]],[[0,"scarab_cuclon",0.85,20,[{},"comps",11,[{},"cc.Sprite",11,[{},"spriteFrame",12,[[[{"frame":0},"value",6,0],[{"frame":0.05},"value",6,1],[{"frame":0.1},"value",6,2],[{"frame":0.15},"value",6,3],[{"frame":0.2},"value",6,4],[{"frame":0.25},"value",6,5],[{"frame":0.3},"value",6,6],[{"frame":0.35},"value",6,7],[{"frame":0.4},"value",6,8],[{"frame":0.45},"value",6,9],[{"frame":0.5},"value",6,10],[{"frame":0.55},"value",6,11],[{"frame":0.6},"value",6,12],[{"frame":0.65},"value",6,13],[{"frame":0.7},"value",6,14],[{"frame":0.75},"value",6,15],[{"frame":0.8},"value",6,16]],11,11,11,11,11,11,11,11,11,11,11,11,11,11,11,11,11]]],"paths",11,[{},"title_bw",11,[{},"props",11,[{"opacity":[{"frame":0,"value":0},{"frame":0.3,"value":255}]},"scale",12,[[[{"frame":0},"value",8,[1,0.3,0.3,0.3]],[{"frame":0.3},"value",8,[1,0.4,0.4,0.3]],[{"frame":0.5},"value",8,[1,0.3,0.3,0.3]]],11,11,11]]]]]]],0,0,[0,0,0,0,0,0,0,0,0,0,0,0,0,0,0,0,0],[0,0,0,0,0,0,0,0,0,0,0,0,0,0,0,0,0],[0,1,2,3,4,5,6,7,8,9,10,11,12,13,14,15,16]]