[1,["8caNO0EAZLkbyxq3TSrr3y","01ntm1wpRAQqO4WGdIDPkg","ad6V/KqdJN4Zsg8xI1LINP","f7zNtcGotKGrKZRMOv9QsS","34fI9fu4RLPairs3/UPOmy"],["_textureSetter","fsw_vfx_a_screen","fsw_vfx_b_add","fsw_vfx_d_screen","fsw_vfx_c_add"],["cc.SpriteFrame",["cc.SpriteAtlas",["_name","_spriteFrames"],2,11]],[[1,0,1,2]],[[[{"name":"fsw_vfx_a_screen","rect":[1,1134,514,420],"offset":[0,0],"originalSize":[514,420],"capInsets":[0,0,0,0]}],[0],0,[0],[0],[0]],[[{"name":"fsw_vfx_c_add","rect":[1,1,613,614],"offset":[0,0],"originalSize":[613,614],"capInsets":[0,0,0,0]}],[0],0,[0],[0],[0]],[[{"name":"fsw_vfx_b_add","rect":[1,617,515,537],"offset":[0,0],"originalSize":[515,537],"rotated":1,"capInsets":[0,0,0,0]}],[0],0,[0],[0],[0]],[[[0,"Alats60.plist",[{},"fsw_vfx_a_screen",6,0,"fsw_vfx_b_add",6,1,"fsw_vfx_d_screen",6,2,"fsw_vfx_c_add",6,3]]],0,0,[0,0,0,0],[1,2,3,4],[1,2,3,4]],[[{"name":"fsw_vfx_d_screen","rect":[1,1556,426,428],"offset":[0,0],"originalSize":[426,428],"rotated":1,"capInsets":[0,0,0,0]}],[0],0,[0],[0],[0]]]]