[1,["7dfDkRSzhO9ZERGTVpyyBc"],["_textureSetter"],["cc.SpriteFrame"],0,[[[{"name":"mtp_vfx_f_screen_19","rect":[1,1,3,3],"offset":[-376.5,172.5],"originalSize":[756,348],"capInsets":[0,0,0,0]}],[0],0,[0],[0],[0]],[[{"name":"mtp_vfx_f_screen_09","rect":[1,1001,742,248],"offset":[5,7],"originalSize":[756,348],"capInsets":[0,0,0,0]}],[0],0,[0],[0],[0]],[[{"name":"mtp_vfx_f_screen_35","rect":[1,1,3,3],"offset":[-376.5,172.5],"originalSize":[756,348],"capInsets":[0,0,0,0]}],[0],0,[0],[0],[0]],[[{"name":"mtp_vfx_f_screen_04","rect":[1494,1,742,248],"offset":[5,7],"originalSize":[756,348],"rotated":1,"capInsets":[0,0,0,0]}],[0],0,[0],[0],[0]],[[{"name":"mtp_vfx_f_screen_29","rect":[1,1,3,3],"offset":[-376.5,172.5],"originalSize":[756,348],"capInsets":[0,0,0,0]}],[0],0,[0],[0],[0]],[[{"name":"mtp_vfx_f_screen_34","rect":[1,1,3,3],"offset":[-376.5,172.5],"originalSize":[756,348],"capInsets":[0,0,0,0]}],[0],0,[0],[0],[0]],[[{"name":"mtp_vfx_f_screen_25","rect":[1,1,3,3],"offset":[-376.5,172.5],"originalSize":[756,348],"capInsets":[0,0,0,0]}],[0],0,[0],[0],[0]],[[{"name":"mtp_vfx_f_screen_28","rect":[1,1,3,3],"offset":[-376.5,172.5],"originalSize":[756,348],"capInsets":[0,0,0,0]}],[0],0,[0],[0],[0]],[[{"name":"mtp_vfx_f_screen_07","rect":[1,751,742,248],"offset":[5,7],"originalSize":[756,348],"capInsets":[0,0,0,0]}],[0],0,[0],[0],[0]],[[{"name":"mtp_vfx_f_screen_13","rect":[745,1251,742,248],"offset":[5,7],"originalSize":[756,348],"capInsets":[0,0,0,0]}],[0],0,[0],[0],[0]],[[{"name":"mtp_vfx_f_screen_12","rect":[1,1251,742,248],"offset":[5,7],"originalSize":[756,348],"capInsets":[0,0,0,0]}],[0],0,[0],[0],[0]],[[{"name":"mtp_vfx_f_screen_31","rect":[1,1,3,3],"offset":[-376.5,172.5],"originalSize":[756,348],"capInsets":[0,0,0,0]}],[0],0,[0],[0],[0]],[[{"name":"mtp_vfx_f_screen_16","rect":[1,1,3,3],"offset":[-376.5,172.5],"originalSize":[756,348],"capInsets":[0,0,0,0]}],[0],0,[0],[0],[0]],[[{"name":"mtp_vfx_f_screen_26","rect":[1,1,3,3],"offset":[-376.5,172.5],"originalSize":[756,348],"capInsets":[0,0,0,0]}],[0],0,[0],[0],[0]],[[{"name":"mtp_vfx_f_screen_24","rect":[1,1,3,3],"offset":[-376.5,172.5],"originalSize":[756,348],"capInsets":[0,0,0,0]}],[0],0,[0],[0],[0]],[[{"name":"mtp_vfx_f_screen_10","rect":[745,1001,742,248],"offset":[5,7],"originalSize":[756,348],"capInsets":[0,0,0,0]}],[0],0,[0],[0],[0]],[[{"name":"mtp_vfx_f_screen_21","rect":[1,1,3,3],"offset":[-376.5,172.5],"originalSize":[756,348],"capInsets":[0,0,0,0]}],[0],0,[0],[0],[0]],[[{"name":"mtp_vfx_f_screen_17","rect":[1,1,3,3],"offset":[-376.5,172.5],"originalSize":[756,348],"capInsets":[0,0,0,0]}],[0],0,[0],[0],[0]],[[{"name":"mtp_vfx_f_screen_11","rect":[1489,745,742,248],"offset":[5,7],"originalSize":[756,348],"rotated":1,"capInsets":[0,0,0,0]}],[0],0,[0],[0],[0]],[[{"name":"mtp_vfx_f_screen_23","rect":[1,1,3,3],"offset":[-376.5,172.5],"originalSize":[756,348],"capInsets":[0,0,0,0]}],[0],0,[0],[0],[0]],[[{"name":"mtp_vfx_f_screen_32","rect":[1,1,3,3],"offset":[-376.5,172.5],"originalSize":[756,348],"capInsets":[0,0,0,0]}],[0],0,[0],[0],[0]],[[{"name":"mtp_vfx_f_screen_05","rect":[1,501,742,248],"offset":[5,7],"originalSize":[756,348],"capInsets":[0,0,0,0]}],[0],0,[0],[0],[0]],[[{"name":"mtp_vfx_f_screen_18","rect":[1,1,3,3],"offset":[-376.5,172.5],"originalSize":[756,348],"capInsets":[0,0,0,0]}],[0],0,[0],[0],[0]],[[{"name":"mtp_vfx_f_screen_27","rect":[1,1,3,3],"offset":[-376.5,172.5],"originalSize":[756,348],"capInsets":[0,0,0,0]}],[0],0,[0],[0],[0]],[[{"name":"mtp_vfx_f_screen_14","rect":[1,1501,742,248],"offset":[5,7],"originalSize":[756,348],"capInsets":[0,0,0,0]}],[0],0,[0],[0],[0]],[[{"name":"mtp_vfx_f_screen_01","rect":[750,1,742,248],"offset":[5,7],"originalSize":[756,348],"capInsets":[0,0,0,0]}],[0],0,[0],[0],[0]],[[{"name":"mtp_vfx_f_screen_30","rect":[1,1,3,3],"offset":[-376.5,172.5],"originalSize":[756,348],"capInsets":[0,0,0,0]}],[0],0,[0],[0],[0]],[[{"name":"mtp_vfx_f_screen_22","rect":[1,1,3,3],"offset":[-376.5,172.5],"originalSize":[756,348],"capInsets":[0,0,0,0]}],[0],0,[0],[0],[0]],[[{"name":"mtp_vfx_f_screen_06","rect":[745,501,742,248],"offset":[5,7],"originalSize":[756,348],"capInsets":[0,0,0,0]}],[0],0,[0],[0],[0]],[[{"name":"mtp_vfx_f_screen_20","rect":[1,1,3,3],"offset":[-376.5,172.5],"originalSize":[756,348],"capInsets":[0,0,0,0]}],[0],0,[0],[0],[0]],[[{"name":"mtp_vfx_f_screen_00","rect":[6,1,742,248],"offset":[5,7],"originalSize":[756,348],"capInsets":[0,0,0,0]}],[0],0,[0],[0],[0]],[[{"name":"mtp_vfx_f_screen_02","rect":[1,251,742,248],"offset":[5,7],"originalSize":[756,348],"capInsets":[0,0,0,0]}],[0],0,[0],[0],[0]],[[{"name":"mtp_vfx_f_screen_33","rect":[1,1,3,3],"offset":[-376.5,172.5],"originalSize":[756,348],"capInsets":[0,0,0,0]}],[0],0,[0],[0],[0]],[[{"name":"mtp_vfx_f_screen_03","rect":[745,251,742,248],"offset":[5,7],"originalSize":[756,348],"capInsets":[0,0,0,0]}],[0],0,[0],[0],[0]],[[{"name":"mtp_vfx_f_screen_08","rect":[745,751,742,248],"offset":[5,7],"originalSize":[756,348],"capInsets":[0,0,0,0]}],[0],0,[0],[0],[0]],[[{"name":"mtp_vfx_f_screen_15","rect":[745,1501,742,248],"offset":[5,7],"originalSize":[756,348],"capInsets":[0,0,0,0]}],[0],0,[0],[0],[0]]]]