[1,["fbpVtI1lRIa4V5wVHRyi3R","6bQqbNW7dLd7dMjX54ZwKN","b6Wi6VntRGraNFKDIPFRwT","2e2+efDBRDkaMgP4xZhwsq","1cOaaLbCZIu6uvcpAk/EbT","08q283mEZANajEqnxLmuAo","c39jsijZ5OjLLSSMNOvjUa","6dbySy8cFHK7UCqYup32TM","a5gddmns9CQ4DWRX+jXS6l","8csEKixyVC3KB+M7KRCrI0","11dHONFBtIbaufrVFi5ODw","67arb8M9tO9q7D3TrfHmc4","5fG2i83zlENauc2o4l+VgZ","7fOkQEQ1RD56HJ9SdD8h7q","a2Bk92C/tH649nqfhoo/wJ","7eLN5VJplEBKnoivGqXbpQ","36/IFNRH1CTboAZ/jAJv5r","b5Tp9IxldHt66IpBXTlkVN","e2Ka+fentC1Z7CohZaXcxC","e7tHXsc6VGWKFjL2QM4vpS","7fdn+Y/iZBU4VxURtIoPLR"],["_textureSetter","turbo_lightning_01","turbo_lightning_04","turbo_lightning_03","turbo_lightning_00","turbo_lightning_02","turbo_lightning_11","turbo_lightning_10","turbo_lightning_09","turbo_lightning_08","turbo_trans_04","turbo_lightning_07","turbo_lightning_06","turbo_lightning_05","turbo_lightning_13","turbo_lightning_14","turbo_lightning_12","turbo_trans_00","turbo_trans_01","turbo_trans_02","turbo_trans_03"],["cc.SpriteFrame",["cc.SpriteAtlas",["_name","_spriteFrames"],2,11]],[[1,0,1,2]],[[[{"name":"turbo_lightning_02","rect":[111,31,3,3],"offset":[-28.5,28.5],"originalSize":[60,60],"capInsets":[0,0,0,0]}],[0],0,[0],[0],[0]],[[{"name":"turbo_trans_04","rect":[1,81,34,44],"offset":[0,0],"originalSize":[50,50],"capInsets":[0,0,0,0]}],[0],0,[0],[0],[0]],[[{"name":"turbo_lightning_00","rect":[93,63,16,28],"offset":[12,14],"originalSize":[60,60],"capInsets":[0,0,0,0]}],[0],0,[0],[0],[0]],[[[0,"Alats1.plist",[{},"turbo_lightning_01",6,0,"turbo_lightning_04",6,1,"turbo_lightning_03",6,2,"turbo_lightning_00",6,3,"turbo_lightning_02",6,4,"turbo_lightning_11",6,5,"turbo_lightning_10",6,6,"turbo_lightning_09",6,7,"turbo_lightning_08",6,8,"turbo_trans_04",6,9,"turbo_lightning_07",6,10,"turbo_lightning_06",6,11,"turbo_lightning_05",6,12,"turbo_lightning_13",6,13,"turbo_lightning_14",6,14,"turbo_lightning_12",6,15,"turbo_trans_00",6,16,"turbo_trans_01",6,17,"turbo_trans_02",6,18,"turbo_trans_03",6,19]]],0,0,[0,0,0,0,0,0,0,0,0,0,0,0,0,0,0,0,0,0,0,0],[1,2,3,4,5,6,7,8,9,10,11,12,13,14,15,16,17,18,19,20],[1,2,3,4,5,6,7,8,9,10,11,12,13,14,15,16,17,18,19,20]],[[{"name":"turbo_lightning_03","rect":[93,1,12,20],"offset":[2,1],"originalSize":[60,60],"rotated":1,"capInsets":[0,0,0,0]}],[0],0,[0],[0],[0]],[[{"name":"turbo_lightning_12","rect":[77,93,28,30],"offset":[-7,9],"originalSize":[60,60],"capInsets":[0,0,0,0]}],[0],0,[0],[0],[0]],[[{"name":"turbo_lightning_06","rect":[53,79,10,38],"offset":[-5,-7],"originalSize":[60,60],"rotated":1,"capInsets":[0,0,0,0]}],[0],0,[0],[0],[0]],[[{"name":"turbo_lightning_07","rect":[111,31,3,3],"offset":[-28.5,28.5],"originalSize":[60,60],"capInsets":[0,0,0,0]}],[0],0,[0],[0],[0]],[[{"name":"turbo_lightning_01","rect":[93,15,14,18],"offset":[5,9],"originalSize":[60,60],"rotated":1,"capInsets":[0,0,0,0]}],[0],0,[0],[0],[0]],[[{"name":"turbo_lightning_10","rect":[111,31,3,3],"offset":[-28.5,28.5],"originalSize":[60,60],"capInsets":[0,0,0,0]}],[0],0,[0],[0],[0]],[[{"name":"turbo_lightning_14","rect":[111,31,3,3],"offset":[-28.5,28.5],"originalSize":[60,60],"capInsets":[0,0,0,0]}],[0],0,[0],[0],[0]],[[{"name":"turbo_lightning_05","rect":[37,81,14,40],"offset":[-5,-8],"originalSize":[60,60],"capInsets":[0,0,0,0]}],[0],0,[0],[0],[0]],[[{"name":"turbo_trans_03","rect":[1,43,36,44],"offset":[0,0],"originalSize":[50,50],"rotated":1,"capInsets":[0,0,0,0]}],[0],0,[0],[0],[0]],[[{"name":"turbo_lightning_08","rect":[111,31,3,3],"offset":[-28.5,28.5],"originalSize":[60,60],"capInsets":[0,0,0,0]}],[0],0,[0],[0],[0]],[[{"name":"turbo_lightning_13","rect":[53,91,22,34],"offset":[-2,9],"originalSize":[60,60],"capInsets":[0,0,0,0]}],[0],0,[0],[0],[0]],[[{"name":"turbo_lightning_09","rect":[111,31,3,3],"offset":[-28.5,28.5],"originalSize":[60,60],"capInsets":[0,0,0,0]}],[0],0,[0],[0],[0]],[[{"name":"turbo_trans_00","rect":[1,1,40,44],"offset":[-1,0],"originalSize":[50,50],"rotated":1,"capInsets":[0,0,0,0]}],[0],0,[0],[0],[0]],[[{"name":"turbo_lightning_04","rect":[93,31,16,30],"offset":[-1,-4],"originalSize":[60,60],"capInsets":[0,0,0,0]}],[0],0,[0],[0],[0]],[[{"name":"turbo_lightning_11","rect":[111,31,3,3],"offset":[-28.5,28.5],"originalSize":[60,60],"capInsets":[0,0,0,0]}],[0],0,[0],[0],[0]],[[{"name":"turbo_trans_01","rect":[47,1,38,44],"offset":[-1,0],"originalSize":[50,50],"rotated":1,"capInsets":[0,0,0,0]}],[0],0,[0],[0],[0]],[[{"name":"turbo_trans_02","rect":[47,41,36,44],"offset":[0,0],"originalSize":[50,50],"rotated":1,"capInsets":[0,0,0,0]}],[0],0,[0],[0],[0]]]]