[1,["21c104/EZC8ICsLj+K46fM"],0,[["sp.SkeletonData",["_name","_atlasText","textureNames","_skeletonJson","textures"],-1,3]],[[0,0,1,2,3,4,5]],[[0,"fish_zuantoulongxia3","\nfish_zuantoulongxia3.png\nsize: 1024,512\nformat: RGBA8888\nfilter: Linear,Linear\nrepeat: none\nnewfishes/fish_zuantoulongxia/zuantou\n  rotate: true\n  xy: 2, 287\n  size: 160, 511\n  orig: 160, 511\n  offset: 0, 0\n  index: -1\nnewfishes/fish_zuantoulongxia/zuantou01\n  rotate: true\n  xy: 515, 339\n  size: 108, 283\n  orig: 108, 283\n  offset: 0, 0\n  index: -1\nnewfishes/fish_zuantoulongxia/zuantou02\n  rotate: false\n  xy: 112, 2\n  size: 108, 283\n  orig: 108, 283\n  offset: 0, 0\n  index: -1\nnewfishes/fish_zuantoulongxia/zuantou03\n  rotate: false\n  xy: 2, 2\n  size: 108, 283\n  orig: 108, 283\n  offset: 0, 0\n  index: -1\n",["fish_zuantoulongxia3.png"],{"skeleton":{"hash":"iPg0CiE/OfVAjhaaleJziUxrl10","spine":"3.6.53","width":108,"height":283},"bones":[{"name":"root"},{"name":"body","parent":"root"},{"name":"zuantou","parent":"body"},{"name":"bone","parent":"zuantou","length":41.02,"rotation":90,"x":1.04,"y":-44.57},{"name":"bone2","parent":"bone","length":47.04,"rotation":-179.27,"x":-18.69},{"name":"bone3","parent":"bone","length":92.88,"rotation":1.12,"x":74.17}],"slots":[{"name":"zuantou","bone":"bone","attachment":"newfishes/fish_zuantoulongxia/zuantou03"}],"skins":{"default":{"zuantou":{"newfishes/fish_zuantoulongxia/zuantou":{"rotation":-90,"width":160,"height":511},"newfishes/fish_zuantoulongxia/zuantou01":{"rotation":-90,"width":108,"height":283},"newfishes/fish_zuantoulongxia/zuantou02":{"rotation":-90,"width":108,"height":283},"newfishes/fish_zuantoulongxia/zuantou03":{"rotation":-90,"width":108,"height":283}}}},"animations":{"animation1":{"slots":{"zuantou":{"attachment":[{"time":0,"name":"newfishes/fish_zuantoulongxia/zuantou01"}]}}},"animation2":{"slots":{"zuantou":{"attachment":[{"time":0,"name":"newfishes/fish_zuantoulongxia/zuantou01"},{"time":0.0333,"name":"newfishes/fish_zuantoulongxia/zuantou02"},{"time":0.0667,"name":"newfishes/fish_zuantoulongxia/zuantou03"},{"time":0.1,"name":"newfishes/fish_zuantoulongxia/zuantou01"},{"time":0.1333,"name":"newfishes/fish_zuantoulongxia/zuantou02"},{"time":0.1667,"name":"newfishes/fish_zuantoulongxia/zuantou03"},{"time":0.2,"name":"newfishes/fish_zuantoulongxia/zuantou01"}]}},"bones":{"bone2":{"scale":[{"time":0,"x":1,"y":1},{"time":0.0667,"x":0.904,"y":1},{"time":0.1333,"x":1,"y":1},{"time":0.2,"x":0.9,"y":1},{"time":0.2667,"x":1,"y":1}]},"bone":{"translate":[{"time":0,"x":0,"y":0},{"time":0.0333,"x":0,"y":-5.43},{"time":0.0667,"x":0,"y":0},{"time":0.1,"x":0,"y":-5.43},{"time":0.1333,"x":0,"y":0},{"time":0.1667,"x":0,"y":-5.43},{"time":0.2,"x":0,"y":0}]},"bone3":{"scale":[{"time":0,"x":1,"y":1},{"time":0.0667,"x":0.9,"y":1},{"time":0.1333,"x":1,"y":1},{"time":0.2,"x":0.9,"y":1},{"time":0.2667,"x":1,"y":1}]}}},"animation3":{"slots":{"zuantou":{"attachment":[{"time":0,"name":"newfishes/fish_zuantoulongxia/zuantou"}]}}}}},[0]]],0,0,[0],[-1],[0]]