[
  1,
  [
    "51AeXr8cNChJj3ELBZ2NIB",
    "f7WTyuSVBKlLoQQi/VZfXA",
    "32Rw0ydZZGPYphxsuaOqVh",
    "f1Un4iPfpLtJEwjF6w3cBr",
    "f8HVPS1ZpMHrSWPCyM5yab",
    "0c47v/NOROQJl2uAhlVG0N",
    "7ag1n+Y9JIBr5/npL8F09R",
    "e6Fi4LE8xBoJGTShRrCVFt",
    "8admm7Xd9A7JfQ43GiTVvs",
    "3av7+FlWtAFb7J5+hXncFd",
    "f07sFQv4lDvrv/KHAqu6WL",
    "faCKijOQJGvKdrBvgnljz8",
    "f3Or46o3ZBCJzEa1dmzDgo",
    "68unxpjoBAyalHpNymwGsN"
  ],
  [
    "_textureSetter",
    "mult_5",
    "mult_2",
    "mult_0",
    "mult_multiply",
    "mult_decimal",
    "mult_8",
    "mult_7",
    "mult_comma",
    "mult_6",
    "mult_3",
    "mult_1",
    "mult_4",
    "mult_9"
  ],
  [
    "cc.SpriteFrame",
    [
      "cc.SpriteAtlas",
      [
        "_name",
        "_spriteFrames"
      ],
      2,
      11
    ]
  ],
  [
    [
      1,
      0,
      1,
      2
    ]
  ],
  [
    [
      [
        {
          "name": "mult_decimal",
          "rect": [
            1387,
            64,
            49,
            51
          ],
          "offset": [
            0,
            0
          ],
          "originalSize": [
            49,
            51
          ],
          "capInsets": [
            0,
            0,
            0,
            0
          ]
        }
      ],
      [
        0
      ],
      0,
      [
        0
      ],
      [
        0
      ],
      [
        0
      ]
    ],
    [
      [
        {
          "name": "mult_2",
          "rect": [
            914,
            1,
            129,
            170
          ],
          "offset": [
            0,
            0
          ],
          "originalSize": [
            129,
            170
          ],
          "capInsets": [
            0,
            0,
            0,
            0
          ]
        }
      ],
      [
        0
      ],
      0,
      [
        0
      ],
      [
        0
      ],
      [
        0
      ]
    ],
    [
      [
        {
          "name": "mult_6",
          "rect": [
            650,
            1,
            134,
            171
          ],
          "offset": [
            0,
            0
          ],
          "originalSize": [
            134,
            171
          ],
          "capInsets": [
            0,
            0,
            0,
            0
          ]
        }
      ],
      [
        0
      ],
      0,
      [
        0
      ],
      [
        0
      ],
      [
        0
      ]
    ],
    [
      [
        {
          "name": "mult_9",
          "rect": [
            398,
            1,
            127,
            173
          ],
          "offset": [
            0,
            0
          ],
          "originalSize": [
            127,
            173
          ],
          "capInsets": [
            0,
            0,
            0,
            0
          ]
        }
      ],
      [
        0
      ],
      0,
      [
        0
      ],
      [
        0
      ],
      [
        0
      ]
    ],
    [
      [
        {
          "name": "mult_8",
          "rect": [
            138,
            1,
            127,
            174
          ],
          "offset": [
            0,
            0
          ],
          "originalSize": [
            127,
            174
          ],
          "capInsets": [
            0,
            0,
            0,
            0
          ]
        }
      ],
      [
        0
      ],
      0,
      [
        0
      ],
      [
        0
      ],
      [
        0
      ]
    ],
    [
      [
        {
          "name": "mult_comma",
          "rect": [
            1387,
            1,
            50,
            61
          ],
          "offset": [
            0,
            0
          ],
          "originalSize": [
            50,
            61
          ],
          "capInsets": [
            0,
            0,
            0,
            0
          ]
        }
      ],
      [
        0
      ],
      0,
      [
        0
      ],
      [
        0
      ],
      [
        0
      ]
    ],
    [
      [
        [
          0,
          "Alats62.plist",
          [
            {},
            "mult_5",
            6,
            0,
            "mult_2",
            6,
            1,
            "mult_0",
            6,
            2,
            "mult_multiply",
            6,
            3,
            "mult_decimal",
            6,
            4,
            "mult_8",
            6,
            5,
            "mult_7",
            6,
            6,
            "mult_comma",
            6,
            7,
            "mult_6",
            6,
            8,
            "mult_3",
            6,
            9,
            "mult_1",
            6,
            10,
            "mult_4",
            6,
            11,
            "mult_9",
            6,
            12
          ]
        ]
      ],
      0,
      0,
      [
        0,
        0,
        0,
        0,
        0,
        0,
        0,
        0,
        0,
        0,
        0,
        0,
        0
      ],
      [
        1,
        2,
        3,
        4,
        5,
        6,
        7,
        8,
        9,
        10,
        11,
        12,
        13
      ],
      [
        1,
        2,
        3,
        4,
        5,
        6,
        7,
        8,
        9,
        10,
        11,
        12,
        13
      ]
    ],
    [
      [
        {
          "name": "mult_7",
          "rect": [
            1045,
            1,
            125,
            170
          ],
          "offset": [
            0,
            0
          ],
          "originalSize": [
            125,
            170
          ],
          "capInsets": [
            0,
            0,
            0,
            0
          ]
        }
      ],
      [
        0
      ],
      0,
      [
        0
      ],
      [
        0
      ],
      [
        0
      ]
    ],
    [
      [
        {
          "name": "mult_3",
          "rect": [
            267,
            1,
            129,
            173
          ],
          "offset": [
            0,
            0
          ],
          "originalSize": [
            129,
            173
          ],
          "capInsets": [
            0,
            0,
            0,
            0
          ]
        }
      ],
      [
        0
      ],
      0,
      [
        0
      ],
      [
        0
      ],
      [
        0
      ]
    ],
    [
      [
        {
          "name": "mult_0",
          "rect": [
            1,
            1,
            135,
            174
          ],
          "offset": [
            0,
            0
          ],
          "originalSize": [
            135,
            174
          ],
          "capInsets": [
            0,
            0,
            0,
            0
          ]
        }
      ],
      [
        0
      ],
      0,
      [
        0
      ],
      [
        0
      ],
      [
        0
      ]
    ],
    [
      [
        {
          "name": "mult_4",
          "rect": [
            527,
            1,
            121,
            172
          ],
          "offset": [
            0,
            0
          ],
          "originalSize": [
            121,
            172
          ],
          "capInsets": [
            0,
            0,
            0,
            0
          ]
        }
      ],
      [
        0
      ],
      0,
      [
        0
      ],
      [
        0
      ],
      [
        0
      ]
    ],
    [
      [
        {
          "name": "mult_5",
          "rect": [
            786,
            1,
            126,
            171
          ],
          "offset": [
            0,
            0
          ],
          "originalSize": [
            126,
            171
          ],
          "capInsets": [
            0,
            0,
            0,
            0
          ]
        }
      ],
      [
        0
      ],
      0,
      [
        0
      ],
      [
        0
      ],
      [
        0
      ]
    ],
    [
      [
        {
          "name": "mult_multiply",
          "rect": [
            1264,
            1,
            121,
            137
          ],
          "offset": [
            0,
            0
          ],
          "originalSize": [
            121,
            137
          ],
          "capInsets": [
            0,
            0,
            0,
            0
          ]
        }
      ],
      [
        0
      ],
      0,
      [
        0
      ],
      [
        0
      ],
      [
        0
      ]
    ],
    [
      [
        {
          "name": "mult_1",
          "rect": [
            1172,
            1,
            90,
            170
          ],
          "offset": [
            0,
            0
          ],
          "originalSize": [
            90,
            170
          ],
          "capInsets": [
            0,
            0,
            0,
            0
          ]
        }
      ],
      [
        0
      ],
      0,
      [
        0
      ],
      [
        0
      ],
      [
        0
      ]
    ]
  ]
]