[
  1,
  [
    "20qApTGmlHM4hApzbd3EI/",
    "37FL8NOBVM/rnY0ywkdpfd",
    "e0FuCfarpJ/qwtIfIt67xl",
    "ddUHbgIT1MBJrX9Lknb7LK",
    "feWQX0SfBLVq4ePJ5NDmlz",
    "60tB3s77RKHYMadBwz7pt/"
  ],
  [
    "_textureSetter",
    "fsw_pattern_a_add",
    "fsw_pattern_b_screen",
    "fsw_pattern_c_add",
    "fsw_vfx_a_screen",
    "fsw_vfx_b_screen"
  ],
  [
    "cc.SpriteFrame",
    [
      "cc.SpriteAtlas",
      [
        "_name",
        "_spriteFrames"
      ],
      2,
      11
    ]
  ],
  [
    [
      1,
      0,
      1,
      2
    ]
  ],
  [
    [
      [
        {
          "name": "fsw_pattern_a_add",
          "rect": [
            1381,
            538,
            337,
            337
          ],
          "offset": [
            0,
            0
          ],
          "originalSize": [
            337,
            337
          ],
          "capInsets": [
            0,
            0,
            0,
            0
          ]
        }
      ],
      [
        0
      ],
      0,
      [
        0
      ],
      [
        0
      ],
      [
        0
      ]
    ],
    [
      [
        {
          "name": "fsw_vfx_b_screen",
          "rect": [
            752,
            1,
            627,
            653
          ],
          "offset": [
            0,
            0
          ],
          "originalSize": [
            627,
            653
          ],
          "capInsets": [
            0,
            0,
            0,
            0
          ]
        }
      ],
      [
        0
      ],
      0,
      [
        0
      ],
      [
        0
      ],
      [
        0
      ]
    ],
    [
      [
        [
          0,
          "Alats61.plist",
          [
            {},
            "fsw_pattern_a_add",
            6,
            0,
            "fsw_pattern_b_screen",
            6,
            1,
            "fsw_pattern_c_add",
            6,
            2,
            "fsw_vfx_a_screen",
            6,
            3,
            "fsw_vfx_b_screen",
            6,
            4
          ]
        ]
      ],
      0,
      0,
      [
        0,
        0,
        0,
        0,
        0
      ],
      [
        1,
        2,
        3,
        4,
        5
      ],
      [
        1,
        2,
        3,
        4,
        5
      ]
    ],
    [
      [
        {
          "name": "fsw_pattern_c_add",
          "rect": [
            1720,
            538,
            316,
            316
          ],
          "offset": [
            0,
            0
          ],
          "originalSize": [
            316,
            316
          ],
          "capInsets": [
            0,
            0,
            0,
            0
          ]
        }
      ],
      [
        0
      ],
      0,
      [
        0
      ],
      [
        0
      ],
      [
        0
      ]
    ],
    [
      [
        {
          "name": "fsw_pattern_b_screen",
          "rect": [
            1381,
            1,
            534,
            535
          ],
          "offset": [
            0,
            0
          ],
          "originalSize": [
            534,
            535
          ],
          "capInsets": [
            0,
            0,
            0,
            0
          ]
        }
      ],
      [
        0
      ],
      0,
      [
        0
      ],
      [
        0
      ],
      [
        0
      ]
    ],
    [
      [
        {
          "name": "fsw_vfx_a_screen",
          "rect": [
            1,
            1,
            749,
            759
          ],
          "offset": [
            0,
            0
          ],
          "originalSize": [
            749,
            759
          ],
          "capInsets": [
            0,
            0,
            0,
            0
          ]
        }
      ],
      [
        0
      ],
      0,
      [
        0
      ],
      [
        0
      ],
      [
        0
      ]
    ]
  ]
]