[
  1,
  [
    "b4zeisDqhA+4VLJKT2NNS7"
  ],
  0,
  [
    [
      "sp.SkeletonData",
      [
        "_name",
        "_atlasText",
        "textureNames",
        "_skeletonJson",
        "textures"
      ],
      -1,
      3
    ]
  ],
  [
    [
      0,
      0,
      1,
      2,
      3,
      4,
      5
    ]
  ],
  [
    [
      0,
      "finish",
      "\r\nfinish.png\r\nsize: 1024,512\r\nformat: RGBA8888\r\nfilter: Linear,Linear\r\nrepeat: none\r\nFinish\r\n  rotate: false\r\n  xy: 349, 148\r\n  size: 239, 70\r\n  orig: 239, 70\r\n  offset: 0, 0\r\n  index: -1\r\nFinish2\r\n  rotate: false\r\n  xy: 170, 51\r\n  size: 167, 114\r\n  orig: 167, 114\r\n  offset: 0, 0\r\n  index: -1\r\nLayer 1\r\n  rotate: false\r\n  xy: 676, 219\r\n  size: 293, 286\r\n  orig: 293, 286\r\n  offset: 0, 0\r\n  index: -1\r\nef\r\n  rotate: false\r\n  xy: 349, 220\r\n  size: 325, 285\r\n  orig: 325, 285\r\n  offset: 0, 0\r\n  index: -1\r\nvong tron 1\r\n  rotate: false\r\n  xy: 2, 2\r\n  size: 166, 163\r\n  orig: 166, 163\r\n  offset: 0, 0\r\n  index: -1\r\nvong tron 2\r\n  rotate: false\r\n  xy: 2, 167\r\n  size: 345, 338\r\n  orig: 345, 338\r\n  offset: 0, 0\r\n  index: -1\r\n",
      [
        "finish.png"
      ],
      {
        "skeleton": {
          "hash": "KC14+GSfp9WuIIjee5cuR/51sTM",
          "spine": "3.7.94",
          "width": 345,
          "height": 338,
          "images": "./images/",
          "audio": "E:/congty/shan/tien len/spine/finish"
        },
        "bones": [
          {
            "name": "root"
          },
          {
            "name": "bone",
            "parent": "root"
          },
          {
            "name": "vong tron 2",
            "parent": "bone",
            "length": 116.15,
            "rotation": 87.84
          },
          {
            "name": "bone2",
            "parent": "bone"
          },
          {
            "name": "ef",
            "parent": "bone2",
            "length": 164.56,
            "rotation": -0.9
          },
          {
            "name": "bone3",
            "parent": "bone2",
            "x": -0.56,
            "y": -0.89
          },
          {
            "name": "vong tron 1",
            "parent": "bone3",
            "length": 148.09,
            "rotation": -90,
            "x": 0.31,
            "y": -0.03
          },
          {
            "name": "bone4",
            "parent": "bone3"
          },
          {
            "name": "Layer 1",
            "parent": "bone4",
            "length": 147.34,
            "rotation": 177.64,
            "x": 0.31,
            "y": -0.03
          },
          {
            "name": "bone5",
            "parent": "bone",
            "x": 0.56,
            "y": 0.03
          },
          {
            "name": "Finish",
            "parent": "bone5",
            "length": 68.42,
            "rotation": 179.27,
            "x": -0.56,
            "y": -0.03
          }
        ],
        "slots": [
          {
            "name": "vong tron 1",
            "bone": "vong tron 1",
            "attachment": "vong tron 1"
          },
          {
            "name": "vong tron 2",
            "bone": "vong tron 2",
            "attachment": "vong tron 2"
          },
          {
            "name": "Layer 1",
            "bone": "Layer 1",
            "attachment": "Layer 1"
          },
          {
            "name": "ef",
            "bone": "ef",
            "attachment": "ef"
          },
          {
            "name": "Finish",
            "bone": "Finish",
            "attachment": "Finish2"
          }
        ],
        "skins": {
          "default": {
            "Finish": {
              "Finish": {
                "rotation": -179.27,
                "width": 239,
                "height": 70
              },
              "Finish2": {
                "rotation": -179.27,
                "width": 167,
                "height": 114
              }
            },
            "Layer 1": {
              "Layer 1": {
                "rotation": -177.64,
                "width": 293,
                "height": 286
              }
            },
            "ef": {
              "ef": {
                "rotation": 0.9,
                "width": 325,
                "height": 285
              }
            },
            "vong tron 1": {
              "vong tron 1": {
                "rotation": 90,
                "width": 166,
                "height": 163
              }
            },
            "vong tron 2": {
              "vong tron 2": {
                "rotation": -87.84,
                "width": 345,
                "height": 338
              }
            }
          }
        },
        "animations": {
          "cam": {
            "slots": {
              "Finish": {
                "attachment": [
                  {
                    "time": 1.3333,
                    "name": "Finish"
                  }
                ]
              },
              "Layer 1": {
                "color": [
                  {
                    "time": 0.3333,
                    "color": "ffffffdd"
                  },
                  {
                    "time": 0.4667,
                    "color": "ffffff00"
                  }
                ],
                "attachment": [
                  {
                    "time": 0,
                    "name": null
                  },
                  {
                    "time": 0.1333,
                    "name": "Layer 1"
                  }
                ]
              },
              "ef": {
                "color": [
                  {
                    "time": 0.2667,
                    "color": "ffffff00"
                  },
                  {
                    "time": 0.4,
                    "color": "ffffffff"
                  },
                  {
                    "time": 0.5667,
                    "color": "ffffff00"
                  }
                ],
                "attachment": [
                  {
                    "time": 0,
                    "name": null
                  },
                  {
                    "time": 0.2667,
                    "name": "ef"
                  }
                ]
              },
              "vong tron 1": {
                "color": [
                  {
                    "time": 0.1,
                    "color": "ffffff00"
                  },
                  {
                    "time": 0.1667,
                    "color": "ffffffff"
                  },
                  {
                    "time": 0.2667,
                    "color": "ffffffd7"
                  },
                  {
                    "time": 0.4,
                    "color": "ffffff00"
                  }
                ],
                "attachment": [
                  {
                    "time": 0,
                    "name": null
                  },
                  {
                    "time": 0.1,
                    "name": "vong tron 1"
                  }
                ]
              },
              "vong tron 2": {
                "color": [
                  {
                    "time": 0.4333,
                    "color": "fffffff2"
                  },
                  {
                    "time": 0.6,
                    "color": "ffffff00"
                  }
                ],
                "attachment": [
                  {
                    "time": 0,
                    "name": null
                  },
                  {
                    "time": 0.1667,
                    "name": "vong tron 2"
                  }
                ]
              }
            },
            "bones": {
              "vong tron 2": {
                "scale": [
                  {
                    "time": 0.1667,
                    "x": 0.279,
                    "y": 0.279
                  },
                  {
                    "time": 0.3,
                    "x": 0.638,
                    "y": 0.638
                  },
                  {
                    "time": 0.4333,
                    "x": 1.059,
                    "y": 1.059
                  },
                  {
                    "time": 0.6,
                    "x": 1.601,
                    "y": 1.601
                  }
                ]
              },
              "Finish": {
                "scale": [
                  {
                    "time": 0,
                    "x": 1.785,
                    "y": 1.785
                  },
                  {
                    "time": 0.1667,
                    "x": 1,
                    "y": 1
                  }
                ]
              },
              "ef": {
                "scale": [
                  {
                    "time": 0.2667,
                    "x": 0.362,
                    "y": 0.362
                  },
                  {
                    "time": 0.4,
                    "x": 1.102,
                    "y": 1.102
                  },
                  {
                    "time": 0.5667,
                    "x": 1.835,
                    "y": 1.835
                  }
                ]
              },
              "vong tron 1": {
                "scale": [
                  {
                    "time": 0.1,
                    "x": 0.333,
                    "y": 0.333
                  },
                  {
                    "time": 0.1667,
                    "x": 1,
                    "y": 1
                  },
                  {
                    "time": 0.2667,
                    "x": 2.046,
                    "y": 2.046
                  },
                  {
                    "time": 0.4,
                    "x": 3.345,
                    "y": 3.345
                  }
                ]
              },
              "Layer 1": {
                "scale": [
                  {
                    "time": 0.1333,
                    "x": 0.254,
                    "y": 0.254
                  },
                  {
                    "time": 0.2,
                    "x": 0.596,
                    "y": 0.596
                  },
                  {
                    "time": 0.3333,
                    "x": 1.217,
                    "y": 1.217
                  },
                  {
                    "time": 0.4667,
                    "x": 1.77,
                    "y": 1.77
                  }
                ]
              }
            }
          },
          "eng": {
            "slots": {
              "Finish": {
                "attachment": [
                  {
                    "time": 0,
                    "name": "Finish"
                  },
                  {
                    "time": 1.3333,
                    "name": "Finish"
                  }
                ]
              },
              "Layer 1": {
                "color": [
                  {
                    "time": 0.3333,
                    "color": "ffffffdd"
                  },
                  {
                    "time": 0.4667,
                    "color": "ffffff00"
                  }
                ],
                "attachment": [
                  {
                    "time": 0,
                    "name": null
                  },
                  {
                    "time": 0.1333,
                    "name": "Layer 1"
                  }
                ]
              },
              "ef": {
                "color": [
                  {
                    "time": 0.2667,
                    "color": "ffffff00"
                  },
                  {
                    "time": 0.4,
                    "color": "ffffffff"
                  },
                  {
                    "time": 0.5667,
                    "color": "ffffff00"
                  }
                ],
                "attachment": [
                  {
                    "time": 0,
                    "name": null
                  },
                  {
                    "time": 0.2667,
                    "name": "ef"
                  }
                ]
              },
              "vong tron 1": {
                "color": [
                  {
                    "time": 0.1,
                    "color": "ffffff00"
                  },
                  {
                    "time": 0.1667,
                    "color": "ffffffff"
                  },
                  {
                    "time": 0.2667,
                    "color": "ffffffd7"
                  },
                  {
                    "time": 0.4,
                    "color": "ffffff00"
                  }
                ],
                "attachment": [
                  {
                    "time": 0,
                    "name": null
                  },
                  {
                    "time": 0.1,
                    "name": "vong tron 1"
                  }
                ]
              },
              "vong tron 2": {
                "color": [
                  {
                    "time": 0.4333,
                    "color": "fffffff2"
                  },
                  {
                    "time": 0.6,
                    "color": "ffffff00"
                  }
                ],
                "attachment": [
                  {
                    "time": 0,
                    "name": null
                  },
                  {
                    "time": 0.1667,
                    "name": "vong tron 2"
                  }
                ]
              }
            },
            "bones": {
              "vong tron 2": {
                "scale": [
                  {
                    "time": 0.1667,
                    "x": 0.279,
                    "y": 0.279
                  },
                  {
                    "time": 0.3,
                    "x": 0.638,
                    "y": 0.638
                  },
                  {
                    "time": 0.4333,
                    "x": 1.059,
                    "y": 1.059
                  },
                  {
                    "time": 0.6,
                    "x": 1.601,
                    "y": 1.601
                  }
                ]
              },
              "Finish": {
                "scale": [
                  {
                    "time": 0,
                    "x": 1.785,
                    "y": 1.785
                  },
                  {
                    "time": 0.1667,
                    "x": 1,
                    "y": 1
                  }
                ]
              },
              "ef": {
                "scale": [
                  {
                    "time": 0.2667,
                    "x": 0.362,
                    "y": 0.362
                  },
                  {
                    "time": 0.4,
                    "x": 1.102,
                    "y": 1.102
                  },
                  {
                    "time": 0.5667,
                    "x": 1.835,
                    "y": 1.835
                  }
                ]
              },
              "vong tron 1": {
                "scale": [
                  {
                    "time": 0.1,
                    "x": 0.333,
                    "y": 0.333
                  },
                  {
                    "time": 0.1667,
                    "x": 1,
                    "y": 1
                  },
                  {
                    "time": 0.2667,
                    "x": 2.046,
                    "y": 2.046
                  },
                  {
                    "time": 0.4,
                    "x": 3.345,
                    "y": 3.345
                  }
                ]
              },
              "Layer 1": {
                "scale": [
                  {
                    "time": 0.1333,
                    "x": 0.254,
                    "y": 0.254
                  },
                  {
                    "time": 0.2,
                    "x": 0.596,
                    "y": 0.596
                  },
                  {
                    "time": 0.3333,
                    "x": 1.217,
                    "y": 1.217
                  },
                  {
                    "time": 0.4667,
                    "x": 1.77,
                    "y": 1.77
                  }
                ]
              }
            }
          }
        }
      },
      [
        0
      ]
    ]
  ],
  0,
  0,
  [
    0
  ],
  [
    -1
  ],
  [
    0
  ]
]