[
  1,
  [
    "baG86FZy9Ecr39CMYWfNbd",
    "a9RysB0pFDPbErkNwHmOqA",
    "ebH2PI6HZA+71SE0hrXYEW",
    "2eWlAYUfhG4KmxANxTHB20",
    "a2Z6PyufpNRIQR1KH6RPV7",
    "60W0nydcFIG7va64Whd/SG",
    "06zagBfaJOQLgWdxGGA4lT",
    "8aJFYgVPpIpLkefeNEUt0i",
    "1apRFP1e9Bi6Iheh2Ntglq",
    "79nK3MKuJAd5G+FVFINEFR",
    "a3l8LvKiNINobnGZ6Ogivn",
    "4bgC8SO9RA4LSNjiTKaMMo",
    "86gwarEPtGAowCvjDF1Xb2",
    "ad29/GR3lPUYmi6V2PedkR",
    "341HZy3WJFiZHJAfvVt32e",
    "41c9NnQxdETLJ5wTa7Ua0J",
    "6acijp6I1FcInIFKkF3cSf",
    "45LnFIZuZMXKkJa3R9jWOY",
    "5cbyRhFsRLH7Qt1sr0GNpP",
    "ee424SwcVDdrc509QHB6ZF",
    "2eU+Bz1o1BY5M/0H2hKpyr",
    "a74mtWQnVIx7fyyeNRkF07",
    "56vDi+zNlD05nGwskSso7G",
    "daV59p9Z1E7I81Es84LFj4",
    "81P7Uz8+1AS5BIs6vjjxo0",
    "04q1+pWH5CvojVok4SzTw9",
    "11xGUMsERNFKr7KEel83da",
    "68/iKH3RFI8JISQSf5u7XE",
    "99FUtDuO1PsJBkj3G9fvb9",
    "fcKuERG5xJ9qm2NEmL/aHe",
    "adEcdO5JNMSbIkvQ88I2rm",
    "16mczKMpNPrplz0y/4RkY0",
    "8cUcE0DH9FSpj37wDJ0dMK",
    "d9N9CNYHlKKbYXaelvCJTf",
    "1aM9im/HZOcK35ea23zsMz",
    "39eg23E+tBJ7O9bWrBVjG0",
    "139m0n3rNJ1Z5S8yW4gkma",
    "d6/UjV+CtNUIv3xWjhZ7VU",
    "7dqNrBDbRHM6khT2rXRw5s",
    "41pzUDtoVOoqCoHivY3+Ir",
    "29oIx+QNNOwocbCRjLwtLX",
    "d9ey+2HjZFgay4Pv0notK4",
    "f8IRD/vExHZblu6BDXSQki",
    "64w6TWQ5VO74J8/xlXWkep",
    "32MgSjmxNCWa0tU+/Vsfny",
    "8bknC+p0tJOKQ7ht1if7BD",
    "15DNNbpyhIKKJgh8ozqZp3",
    "0aUUyRQyRCFKPI2G/eAVgP",
    "d0A91Zv45DR7GT/5bJCrfs",
    "6drxrob9tDxbJEAm/CZagI",
    "63IZFY7+FKeqyHkH4j9PCy",
    "36KJ2sGTVEjqxTGcnnxqjL",
    "57tvkeR7pCsqYa0AMrkGtC",
    "2d4yXF4TZEv4BjBEqRrrfE",
    "caxYkYp1tH0LD2xzdJ0sOy",
    "f49/tzhGxFzYABhvJ7JHqZ",
    "188rkv1DhGfITXDS8Dm28d",
    "34F9hebnNJ0oBiAmA1F99C",
    "20OzwVDctPLJnX/uutuzmI",
    "5atlgKaBdKdpVEDOaVAd6/",
    "6e0lTLbP1FmaHd7Y+BbPxr",
    "eadkfcbstGVZnTNvD2sQdh"
  ],
  [
    "_textureSetter",
    "value"
  ],
  [
    "cc.SpriteFrame",
    [
      "cc.AnimationClip",
      [
        "_name",
        "_duration",
        "sample",
        "wrapMode",
        "curveData"
      ],
      -1,
      11
    ]
  ],
  [
    [
      1,
      0,
      1,
      2,
      3,
      4,
      5
    ]
  ],
  [
    [
      [
        {
          "name": "19",
          "rect": [
            29,
            12,
            67,
            107
          ],
          "offset": [
            -1.5,
            -1.5
          ],
          "originalSize": [
            128,
            128
          ],
          "capInsets": [
            0,
            0,
            0,
            0
          ]
        }
      ],
      [
        0
      ],
      0,
      [
        0
      ],
      [
        0
      ],
      [
        0
      ]
    ],
    [
      [
        {
          "name": "8",
          "rect": [
            8,
            29,
            113,
            85
          ],
          "offset": [
            0.5,
            -7.5
          ],
          "originalSize": [
            128,
            128
          ],
          "capInsets": [
            0,
            0,
            0,
            0
          ]
        }
      ],
      [
        0
      ],
      0,
      [
        0
      ],
      [
        0
      ],
      [
        1
      ]
    ],
    [
      [
        {
          "name": "18",
          "rect": [
            39,
            8,
            47,
            115
          ],
          "offset": [
            -1.5,
            -1.5
          ],
          "originalSize": [
            128,
            128
          ],
          "capInsets": [
            0,
            0,
            0,
            0
          ]
        }
      ],
      [
        0
      ],
      0,
      [
        0
      ],
      [
        0
      ],
      [
        2
      ]
    ],
    [
      [
        {
          "name": "3",
          "rect": [
            8,
            7,
            113,
            117
          ],
          "offset": [
            0.5,
            -1.5
          ],
          "originalSize": [
            128,
            128
          ],
          "capInsets": [
            0,
            0,
            0,
            0
          ]
        }
      ],
      [
        0
      ],
      0,
      [
        0
      ],
      [
        0
      ],
      [
        3
      ]
    ],
    [
      [
        {
          "name": "28",
          "rect": [
            15,
            7,
            105,
            114
          ],
          "offset": [
            3.5,
            0
          ],
          "originalSize": [
            128,
            128
          ],
          "capInsets": [
            0,
            0,
            0,
            0
          ]
        }
      ],
      [
        0
      ],
      0,
      [
        0
      ],
      [
        0
      ],
      [
        4
      ]
    ],
    [
      [
        {
          "name": "6",
          "rect": [
            15,
            14,
            104,
            110
          ],
          "offset": [
            3,
            -5
          ],
          "originalSize": [
            128,
            128
          ],
          "capInsets": [
            0,
            0,
            0,
            0
          ]
        }
      ],
      [
        0
      ],
      0,
      [
        0
      ],
      [
        0
      ],
      [
        5
      ]
    ],
    [
      [
        {
          "name": "30",
          "rect": [
            8,
            8,
            113,
            118
          ],
          "offset": [
            0.5,
            -3
          ],
          "originalSize": [
            128,
            128
          ],
          "capInsets": [
            0,
            0,
            0,
            0
          ]
        }
      ],
      [
        0
      ],
      0,
      [
        0
      ],
      [
        0
      ],
      [
        6
      ]
    ],
    [
      [
        {
          "name": "12",
          "rect": [
            11,
            28,
            102,
            79
          ],
          "offset": [
            -2,
            -3.5
          ],
          "originalSize": [
            128,
            128
          ],
          "capInsets": [
            0,
            0,
            0,
            0
          ]
        }
      ],
      [
        0
      ],
      0,
      [
        0
      ],
      [
        0
      ],
      [
        7
      ]
    ],
    [
      [
        {
          "name": "25",
          "rect": [
            7,
            19,
            114,
            84
          ],
          "offset": [
            0,
            3
          ],
          "originalSize": [
            128,
            128
          ],
          "capInsets": [
            0,
            0,
            0,
            0
          ]
        }
      ],
      [
        0
      ],
      0,
      [
        0
      ],
      [
        0
      ],
      [
        8
      ]
    ],
    [
      [
        {
          "name": "16",
          "rect": [
            51,
            7,
            25,
            118
          ],
          "offset": [
            -0.5,
            -2
          ],
          "originalSize": [
            128,
            128
          ],
          "capInsets": [
            0,
            0,
            0,
            0
          ]
        }
      ],
      [
        0
      ],
      0,
      [
        0
      ],
      [
        0
      ],
      [
        9
      ]
    ],
    [
      [
        {
          "name": "29",
          "rect": [
            13,
            7,
            108,
            118
          ],
          "offset": [
            3,
            -2
          ],
          "originalSize": [
            128,
            128
          ],
          "capInsets": [
            0,
            0,
            0,
            0
          ]
        }
      ],
      [
        0
      ],
      0,
      [
        0
      ],
      [
        0
      ],
      [
        10
      ]
    ],
    [
      [
        {
          "name": "23",
          "rect": [
            5,
            32,
            116,
            57
          ],
          "offset": [
            -1,
            3.5
          ],
          "originalSize": [
            128,
            128
          ],
          "capInsets": [
            0,
            0,
            0,
            0
          ]
        }
      ],
      [
        0
      ],
      0,
      [
        0
      ],
      [
        0
      ],
      [
        11
      ]
    ],
    [
      [
        {
          "name": "7",
          "rect": [
            11,
            21,
            109,
            100
          ],
          "offset": [
            1.5,
            -7
          ],
          "originalSize": [
            128,
            128
          ],
          "capInsets": [
            0,
            0,
            0,
            0
          ]
        }
      ],
      [
        0
      ],
      0,
      [
        0
      ],
      [
        0
      ],
      [
        12
      ]
    ],
    [
      [
        {
          "name": "11",
          "rect": [
            6,
            37,
            113,
            64
          ],
          "offset": [
            -1.5,
            -5
          ],
          "originalSize": [
            128,
            128
          ],
          "capInsets": [
            0,
            0,
            0,
            0
          ]
        }
      ],
      [
        0
      ],
      0,
      [
        0
      ],
      [
        0
      ],
      [
        13
      ]
    ],
    [
      [
        {
          "name": "24",
          "rect": [
            5,
            26,
            116,
            68
          ],
          "offset": [
            -1,
            4
          ],
          "originalSize": [
            128,
            128
          ],
          "capInsets": [
            0,
            0,
            0,
            0
          ]
        }
      ],
      [
        0
      ],
      0,
      [
        0
      ],
      [
        0
      ],
      [
        14
      ]
    ],
    [
      [
        {
          "name": "31",
          "rect": [
            5,
            8,
            116,
            118
          ],
          "offset": [
            -1,
            -3
          ],
          "originalSize": [
            128,
            128
          ],
          "capInsets": [
            0,
            0,
            0,
            0
          ]
        }
      ],
      [
        0
      ],
      0,
      [
        0
      ],
      [
        0
      ],
      [
        15
      ]
    ],
    [
      [
        {
          "name": "22",
          "rect": [
            6,
            30,
            112,
            65
          ],
          "offset": [
            -2,
            1.5
          ],
          "originalSize": [
            128,
            128
          ],
          "capInsets": [
            0,
            0,
            0,
            0
          ]
        }
      ],
      [
        0
      ],
      0,
      [
        0
      ],
      [
        0
      ],
      [
        16
      ]
    ],
    [
      [
        {
          "name": "15",
          "rect": [
            40,
            9,
            46,
            113
          ],
          "offset": [
            -1,
            -1.5
          ],
          "originalSize": [
            128,
            128
          ],
          "capInsets": [
            0,
            0,
            0,
            0
          ]
        }
      ],
      [
        0
      ],
      0,
      [
        0
      ],
      [
        0
      ],
      [
        17
      ]
    ],
    [
      [
        {
          "name": "21",
          "rect": [
            11,
            23,
            101,
            81
          ],
          "offset": [
            -2.5,
            0.5
          ],
          "originalSize": [
            128,
            128
          ],
          "capInsets": [
            0,
            0,
            0,
            0
          ]
        }
      ],
      [
        0
      ],
      0,
      [
        0
      ],
      [
        0
      ],
      [
        18
      ]
    ],
    [
      [
        {
          "name": "10",
          "rect": [
            5,
            41,
            117,
            58
          ],
          "offset": [
            -0.5,
            -6
          ],
          "originalSize": [
            128,
            128
          ],
          "capInsets": [
            0,
            0,
            0,
            0
          ]
        }
      ],
      [
        0
      ],
      0,
      [
        0
      ],
      [
        0
      ],
      [
        19
      ]
    ],
    [
      [
        {
          "name": "17",
          "rect": [
            51,
            7,
            24,
            118
          ],
          "offset": [
            -1,
            -2
          ],
          "originalSize": [
            128,
            128
          ],
          "capInsets": [
            0,
            0,
            0,
            0
          ]
        }
      ],
      [
        0
      ],
      0,
      [
        0
      ],
      [
        0
      ],
      [
        20
      ]
    ],
    [
      [
        {
          "name": "4",
          "rect": [
            13,
            8,
            108,
            117
          ],
          "offset": [
            3,
            -2.5
          ],
          "originalSize": [
            128,
            128
          ],
          "capInsets": [
            0,
            0,
            0,
            0
          ]
        }
      ],
      [
        0
      ],
      0,
      [
        0
      ],
      [
        0
      ],
      [
        21
      ]
    ],
    [
      [
        {
          "name": "2",
          "rect": [
            5,
            7,
            116,
            116
          ],
          "offset": [
            -1,
            -1
          ],
          "originalSize": [
            128,
            128
          ],
          "capInsets": [
            0,
            0,
            0,
            0
          ]
        }
      ],
      [
        0
      ],
      0,
      [
        0
      ],
      [
        0
      ],
      [
        22
      ]
    ],
    [
      [
        {
          "name": "26",
          "rect": [
            12,
            12,
            108,
            100
          ],
          "offset": [
            2,
            2
          ],
          "originalSize": [
            128,
            128
          ],
          "capInsets": [
            0,
            0,
            0,
            0
          ]
        }
      ],
      [
        0
      ],
      0,
      [
        0
      ],
      [
        0
      ],
      [
        23
      ]
    ],
    [
      [
        {
          "name": "20",
          "rect": [
            18,
            18,
            87,
            95
          ],
          "offset": [
            -2.5,
            -1.5
          ],
          "originalSize": [
            128,
            128
          ],
          "capInsets": [
            0,
            0,
            0,
            0
          ]
        }
      ],
      [
        0
      ],
      0,
      [
        0
      ],
      [
        0
      ],
      [
        24
      ]
    ],
    [
      [
        {
          "name": "9",
          "rect": [
            5,
            37,
            116,
            68
          ],
          "offset": [
            -1,
            -7
          ],
          "originalSize": [
            128,
            128
          ],
          "capInsets": [
            0,
            0,
            0,
            0
          ]
        }
      ],
      [
        0
      ],
      0,
      [
        0
      ],
      [
        0
      ],
      [
        25
      ]
    ],
    [
      [
        {
          "name": "5",
          "rect": [
            15,
            10,
            105,
            114
          ],
          "offset": [
            3.5,
            -3
          ],
          "originalSize": [
            128,
            128
          ],
          "capInsets": [
            0,
            0,
            0,
            0
          ]
        }
      ],
      [
        0
      ],
      0,
      [
        0
      ],
      [
        0
      ],
      [
        26
      ]
    ],
    [
      [
        {
          "name": "13",
          "rect": [
            18,
            20,
            87,
            94
          ],
          "offset": [
            -2.5,
            -3
          ],
          "originalSize": [
            128,
            128
          ],
          "capInsets": [
            0,
            0,
            0,
            0
          ]
        }
      ],
      [
        0
      ],
      0,
      [
        0
      ],
      [
        0
      ],
      [
        27
      ]
    ],
    [
      [
        {
          "name": "27",
          "rect": [
            15,
            8,
            104,
            109
          ],
          "offset": [
            3,
            1.5
          ],
          "originalSize": [
            128,
            128
          ],
          "capInsets": [
            0,
            0,
            0,
            0
          ]
        }
      ],
      [
        0
      ],
      0,
      [
        0
      ],
      [
        0
      ],
      [
        28
      ]
    ],
    [
      [
        [
          0,
          "chipbay",
          1.24,
          25,
          2,
          [
            {},
            "comps",
            11,
            [
              {},
              "cc.Sprite",
              11,
              [
                {},
                "spriteFrame",
                12,
                [
                  [
                    [
                      {
                        "frame": 0
                      },
                      "value",
                      6,
                      0
                    ],
                    [
                      {
                        "frame": 0.04
                      },
                      "value",
                      6,
                      1
                    ],
                    [
                      {
                        "frame": 0.08
                      },
                      "value",
                      6,
                      2
                    ],
                    [
                      {
                        "frame": 0.12
                      },
                      "value",
                      6,
                      3
                    ],
                    [
                      {
                        "frame": 0.16
                      },
                      "value",
                      6,
                      4
                    ],
                    [
                      {
                        "frame": 0.2
                      },
                      "value",
                      6,
                      5
                    ],
                    [
                      {
                        "frame": 0.24
                      },
                      "value",
                      6,
                      6
                    ],
                    [
                      {
                        "frame": 0.28
                      },
                      "value",
                      6,
                      7
                    ],
                    [
                      {
                        "frame": 0.32
                      },
                      "value",
                      6,
                      8
                    ],
                    [
                      {
                        "frame": 0.36
                      },
                      "value",
                      6,
                      9
                    ],
                    [
                      {
                        "frame": 0.4
                      },
                      "value",
                      6,
                      10
                    ],
                    [
                      {
                        "frame": 0.44
                      },
                      "value",
                      6,
                      11
                    ],
                    [
                      {
                        "frame": 0.48
                      },
                      "value",
                      6,
                      12
                    ],
                    [
                      {
                        "frame": 0.52
                      },
                      "value",
                      6,
                      13
                    ],
                    [
                      {
                        "frame": 0.56
                      },
                      "value",
                      6,
                      14
                    ],
                    [
                      {
                        "frame": 0.6
                      },
                      "value",
                      6,
                      15
                    ],
                    [
                      {
                        "frame": 0.64
                      },
                      "value",
                      6,
                      16
                    ],
                    [
                      {
                        "frame": 0.68
                      },
                      "value",
                      6,
                      17
                    ],
                    [
                      {
                        "frame": 0.72
                      },
                      "value",
                      6,
                      18
                    ],
                    [
                      {
                        "frame": 0.76
                      },
                      "value",
                      6,
                      19
                    ],
                    [
                      {
                        "frame": 0.8
                      },
                      "value",
                      6,
                      20
                    ],
                    [
                      {
                        "frame": 0.84
                      },
                      "value",
                      6,
                      21
                    ],
                    [
                      {
                        "frame": 0.88
                      },
                      "value",
                      6,
                      22
                    ],
                    [
                      {
                        "frame": 0.92
                      },
                      "value",
                      6,
                      23
                    ],
                    [
                      {
                        "frame": 0.96
                      },
                      "value",
                      6,
                      24
                    ],
                    [
                      {
                        "frame": 1
                      },
                      "value",
                      6,
                      25
                    ],
                    [
                      {
                        "frame": 1.04
                      },
                      "value",
                      6,
                      26
                    ],
                    [
                      {
                        "frame": 1.08
                      },
                      "value",
                      6,
                      27
                    ],
                    [
                      {
                        "frame": 1.12
                      },
                      "value",
                      6,
                      28
                    ],
                    [
                      {
                        "frame": 1.16
                      },
                      "value",
                      6,
                      29
                    ],
                    [
                      {
                        "frame": 1.2
                      },
                      "value",
                      6,
                      30
                    ]
                  ],
                  11,
                  11,
                  11,
                  11,
                  11,
                  11,
                  11,
                  11,
                  11,
                  11,
                  11,
                  11,
                  11,
                  11,
                  11,
                  11,
                  11,
                  11,
                  11,
                  11,
                  11,
                  11,
                  11,
                  11,
                  11,
                  11,
                  11,
                  11,
                  11,
                  11,
                  11
                ]
              ]
            ]
          ]
        ]
      ],
      0,
      0,
      [
        0,
        0,
        0,
        0,
        0,
        0,
        0,
        0,
        0,
        0,
        0,
        0,
        0,
        0,
        0,
        0,
        0,
        0,
        0,
        0,
        0,
        0,
        0,
        0,
        0,
        0,
        0,
        0,
        0,
        0,
        0
      ],
      [
        1,
        1,
        1,
        1,
        1,
        1,
        1,
        1,
        1,
        1,
        1,
        1,
        1,
        1,
        1,
        1,
        1,
        1,
        1,
        1,
        1,
        1,
        1,
        1,
        1,
        1,
        1,
        1,
        1,
        1,
        1
      ],
      [
        29,
        30,
        31,
        32,
        33,
        34,
        35,
        36,
        37,
        38,
        39,
        40,
        41,
        42,
        43,
        44,
        45,
        46,
        47,
        48,
        49,
        50,
        51,
        52,
        53,
        54,
        55,
        56,
        57,
        58,
        59
      ]
    ],
    [
      [
        {
          "name": "14",
          "rect": [
            28,
            13,
            68,
            106
          ],
          "offset": [
            -2,
            -2
          ],
          "originalSize": [
            128,
            128
          ],
          "capInsets": [
            0,
            0,
            0,
            0
          ]
        }
      ],
      [
        0
      ],
      0,
      [
        0
      ],
      [
        0
      ],
      [
        60
      ]
    ],
    [
      [
        {
          "name": "1",
          "rect": [
            4,
            8,
            117,
            115
          ],
          "offset": [
            -1.5,
            -1.5
          ],
          "originalSize": [
            128,
            128
          ],
          "capInsets": [
            0,
            0,
            0,
            0
          ]
        }
      ],
      [
        0
      ],
      0,
      [
        0
      ],
      [
        0
      ],
      [
        61
      ]
    ]
  ]
]