{"paths":{"0":["Atlats/Alats10",1],"1":["Atlats/Alats11",1],"2":["Atlats/Alats12",1],"3":["Atlats/Alats13",1],"4":["Atlats/Alats14",1],"5":["Atlats/Alats15",1],"6":["Atlats/Alats17",1],"7":["Atlats/Alats18",1],"8":["Atlats/Alats19",1],"9":["Atlats/Alats20",1],"10":["Atlats/Alats21",1],"11":["Atlats/Alats22",1],"12":["Atlats/Alats23",1],"13":["Atlats/Alats24",1],"14":["Atlats/Alats25",1],"15":["Atlats/Alats26",1],"16":["Atlats/Alats27",1],"17":["Atlats/Alats28",1],"18":["Atlats/Alats29",1],"19":["Atlats/Alats3",1],"20":["Atlats/Alats30",1],"21":["Atlats/Alats31",1],"22":["Atlats/Alats32",1],"23":["Atlats/Alats33",1],"24":["Atlats/Alats34",1],"25":["Atlats/Alats35",1],"26":["Atlats/Alats36",1],"27":["Atlats/Alats37",1],"28":["Atlats/Alats38",1],"29":["Atlats/Alats39",1],"30":["Atlats/Alats4",1],"31":["Atlats/Alats40",1],"32":["Atlats/Alats41",1],"33":["Atlats/Alats42",1],"34":["Atlats/Alats43",1],"35":["Atlats/Alats44",1],"36":["Atlats/Alats45",1],"37":["Atlats/Alats46",1],"38":["Atlats/Alats47",1],"39":["Atlats/Alats48",1],"40":["Atlats/Alats5",1],"41":["Atlats/Alats6",1],"42":["Atlats/Alats7",1],"43":["Atlats/Alats8",1],"44":["Atlats/Alats9",1],"45":["Audio/bgm_bigwin_end",3],"46":["Audio/bgm_bigwin_main",3],"47":["Audio/bgm_fs",3],"48":["Audio/bgm_mg",3],"49":["Audio/bgm_totalwin_end",3],"50":["Audio/bgm_totalwin_main",3],"51":["Audio/fastspin",3],"52":["Audio/fsTrans",3],"53":["Audio/heartbeat",3],"54":["Audio/heartbeatNoise",3],"55":["Audio/heartbeatSlowdrop",3],"56":["Audio/infobarLevelUp",3],"57":["Audio/infobarTotalwinMedEnd",3],"58":["Audio/infobarTotalwinMedMain",3],"59":["Audio/list_item_click",3],"60":["Audio/menu_icon_press",3],"61":["Audio/multiplierUp",3],"62":["Audio/prizeInfobarTotalwin",3],"63":["Audio/prizeMultiplierMedwin",3],"64":["Audio/prizeMultiplierSmallwin",3],"65":["Audio/prizeWinHighlight",3],"66":["Audio/scatterWinHighlight",3],"67":["Audio/slider_effect",3],"68":["Audio/spinActiveLoop",3],"69":["Audio/spinBtn",3],"70":["Audio/spinStop1",3],"71":["Audio/spinStop2",3],"72":["Audio/spinStop3",3],"73":["Audio/spinStop4",3],"74":["Audio/spinStop5",3],"75":["Audio/spinStop6",3],"76":["Audio/spinStopQuick",3],"77":["Audio/symCollapse1",3],"78":["Audio/symCollapse2",3],"79":["Audio/symCollapse3",3],"80":["Audio/symCollapse4",3],"81":["Audio/symCollapse5",3],"82":["Audio/symCollapse6",3],"83":["Audio/symRouletteEnd",3],"84":["Audio/symRouletteRolling",3],"85":["Audio/symRouletteStart",3],"86":["Audio/symScatter",3],"87":["Audio/symShrink",3],"88":["Audio/symWild",3],"89":["Audio/uiInfo",3],"90":["Audio/uiStart",3],"91":["Audio/wallet_counting_above",3],"92":["Audio/waysRolling",3],"93":["BitmapFont/Fon1-export",1],"94":["BitmapFont/Fon2-export",1],"95":["Img/01",1],"96":["Img/02",1],"97":["Img/02a8a7eb-ec99-42b9-af8e-5474b79e3845",1],"98":["Img/03",1],"99":["Img/04",1],"100":["Img/05",1],"101":["Img/18ae2916-3403-44a0-ad33-d36599073dfc",1],"102":["Img/49b64383-9033-4835-a730-45a746578de1",1],"103":["Img/71561142-4c83-4933-afca-cb7a17f67053",1],"104":["Img/ae047bd6-ad45-4b72-8c92-d8ec754cbbce",1],"105":["Img/b02068d1-27d7-4cea-b744-3cc83bf9d959",1],"106":["Img/b43ff3c2-02bb-4874-81f7-f2dea6970f18",1],"107":["Img/duong",1],"108":["Img/e851e89b-faa2-4484-bea6-5c01dd9f06e2",1],"109":["Img/launch",1],"110":["Img/paytable_feature_featurebuy",1],"111":["Screenshot 2022-08-17 074914",1],"112":["Spine/s_scatter_a_atlas_symbols",7],"113":["Spine/s_scatter_b_atlas_symbols",7],"114":["Spine/s_wild_a_atlas_symbols",7],"115":["Spine/s_wild_b_atlas_symbols",7],"116":["Spine/s_wild_c_atlas_symbols",7],"117":["Spine/s_wild_d_atlas_symbols",7],"118":["Spine/symbols",1],"121":["Animation/bg_spark_add",0],"122":["Animation/BigWin/BigWin",0],"123":["Animation/BigWin/BigWinLoop",0],"124":["Animation/BigWin/EndBW",0],"125":["Animation/BigWin/MegaWin",0],"126":["Animation/BigWin/SuperWin",0],"127":["Animation/efx_vfx_a_add",0],"128":["Animation/EndNearFS",0],"129":["Animation/env_glow_add",0],"130":["Animation/fs_vfx_a_add",0],"131":["Animation/fs_vfx_c_add",0],"132":["Animation/fs_vfx_d_add",0],"133":["Animation/ib_vfx_b_normal",0],"134":["Animation/ib_vfx_d_add",0],"135":["Animation/ib_vfx_j_normal",0],"136":["Animation/InfoBarTakeMoney",0],"137":["Animation/mb_vfx_a_add",0],"138":["Animation/mb_vfx_b_screen",0],"139":["Animation/mult_vfx_a_add",0],"140":["Animation/scatter_vfx_c_add",0],"141":["Animation/sd_vfx_a_add",0],"142":["Animation/shuffle_vfx_a_normal",0],"143":["Animation/shuffle_vfx_c_add_2x",0],"144":["Animation/shuffle_vfx_c_add_3x",0],"145":["Animation/smoke_screen",0],"146":["Animation/StartNearFS",0],"147":["Animation/wh_vfx_01_add_1x",0],"148":["Animation/wh_vfx_02_add_1x",0],"149":["Animation/wh_vfx_02_add_2x",0],"150":["Animation/wh_vfx_02_add_3x",0],"151":["Animation/wh_vfx_02_add_4x",0],"152":["Animation/wh_vfx_03_add_1x",0],"153":["Animation/wh_vfx_03_add_2x",0],"154":["Animation/wh_vfx_03_add_3x",0],"155":["Animation/wh_vfx_03_add_4x",0],"156":["Atlats/Alats10",2],"157":["Atlats/Alats11",2],"158":["Atlats/Alats12",2],"159":["Atlats/Alats13",2],"160":["Atlats/Alats14",2],"161":["Atlats/Alats15",2],"162":["Atlats/Alats17",2],"163":["Atlats/Alats18",2],"164":["Atlats/Alats19",2],"165":["Atlats/Alats20",2],"166":["Atlats/Alats21",2],"167":["Atlats/Alats22",2],"168":["Atlats/Alats23",2],"169":["Atlats/Alats24",2],"170":["Atlats/Alats25",2],"171":["Atlats/Alats26",2],"172":["Atlats/Alats27",2],"173":["Atlats/Alats28",2],"174":["Atlats/Alats29",2],"175":["Atlats/Alats3",2],"176":["Atlats/Alats30",2],"177":["Atlats/Alats31",2],"178":["Atlats/Alats32",2],"179":["Atlats/Alats33",2],"180":["Atlats/Alats34",2],"181":["Atlats/Alats35",2],"182":["Atlats/Alats36",2],"183":["Atlats/Alats37",2],"184":["Atlats/Alats38",2],"185":["Atlats/Alats39",2],"186":["Atlats/Alats4",2],"187":["Atlats/Alats40",2],"188":["Atlats/Alats41",2],"189":["Atlats/Alats42",2],"190":["Atlats/Alats43",2],"191":["Atlats/Alats44",2],"192":["Atlats/Alats45",2],"193":["Atlats/Alats46",2],"194":["Atlats/Alats47",2],"195":["Atlats/Alats48",2],"196":["Atlats/Alats5",2],"197":["Atlats/Alats6",2],"198":["Atlats/Alats7",2],"199":["Atlats/Alats8",2],"200":["Atlats/Alats9",2],"201":["BitmapFont/Fon1-export",4],"202":["BitmapFont/Fon1-export",5,1],"203":["BitmapFont/Fon2-export",4],"204":["BitmapFont/Fon2-export",5,1],"205":["Frefabs/CachChoi",6],"206":["Frefabs/EndFreeSpin",6],"207":["Frefabs/LichSu",6],"208":["Frefabs/ShowFreeSpin",6],"209":["Img/01",5,1],"210":["Img/02",5,1],"211":["Img/02a8a7eb-ec99-42b9-af8e-5474b79e3845",5,1],"212":["Img/03",5,1],"213":["Img/04",5,1],"214":["Img/05",5,1],"215":["Img/18ae2916-3403-44a0-ad33-d36599073dfc",5,1],"216":["Img/49b64383-9033-4835-a730-45a746578de1",5,1],"217":["Img/71561142-4c83-4933-afca-cb7a17f67053",5,1],"218":["Img/ae047bd6-ad45-4b72-8c92-d8ec754cbbce",5,1],"219":["Img/b02068d1-27d7-4cea-b744-3cc83bf9d959",5,1],"220":["Img/b43ff3c2-02bb-4874-81f7-f2dea6970f18",5,1],"221":["Img/duong",5,1],"222":["Img/e851e89b-faa2-4484-bea6-5c01dd9f06e2",5,1],"223":["Img/launch",5,1],"224":["Img/paytable_feature_featurebuy",5,1],"225":["Screenshot 2022-08-17 074914",5,1],"226":["Spine/s_scatter_a_atlas_symbols",8],"227":["Spine/s_scatter_b_atlas_symbols",8],"228":["Spine/s_wild_a_atlas_symbols",8],"229":["Spine/s_wild_b_atlas_symbols",8],"230":["Spine/s_wild_c_atlas_symbols",8],"231":["Spine/s_wild_d_atlas_symbols",8],"232":["Spine/symbols",5,1]},"types":["cc.AnimationClip","cc.Texture2D","cc.SpriteAtlas","cc.AudioClip","cc.BitmapFont","cc.SpriteFrame","cc.Prefab","cc.Asset","sp.SkeletonData"],"uuids":["f2Wrcl0B5CJ4tngpnX55yz","beoYSK8dZFroZVWQQh6IEw","8aY6L055hM06bse6BQ68ku","3a9GJJ6Y1AnK/mjDyRE+L+","1e48qiIXpF+5J3Dqp+3twY","58CLgFOitJdYc7pC+zzb/w","52/bCpGP1Ph5cT4/fJC8Jf","90tdy0kepGEJafkXgjJnUz","50aMIaqEVB8J5XGnqb5WMy","122LANPZ9LbrMUfuV90MHA","0581hV3gZFrZPcWxHS9+4c","caULL84KBK9qZIek//VUqz","59HoQy5MFDLpgVhm04XefF","c8hbhwTHtLdbX6C0GnPV3W","c5g/XnjnVFepdhhT7iFPOh","030LXtja5Eiay5blg/LFAo","b81VTSKKBIE6xm26tHahQL","ccbvWW3HFMhrdVD/8s4eVG","a4JMUZDZBAVqwRQ+U66Iay","fd/mwdk9RNDZVG3g0Mt2H9","faFC9SAiZGXoSvThHOr2wD","77ztxZCw1ChpekYwzVoMYU","edTKiP+o9BzroVbzx7KWx5","91TTIVwHpPJIs4booLwtI6","68N7KPizpHg44u9R3Mg+7u","4fNdKZskZOfqK+qqQR8V17","23WHeZRuxIg6+v7yTVQMGG","406gXl7AJCvpoJitjxOtoS","9e1KpIw1FKB7pmWzsqt2jQ","b8iH5lbylBroUx+xIXwmfd","3d65Dzb8JJxZHEhMzEtG3X","06EcQnJ5BNKJlDiVoGOz90","93l2wUGjFCiZEXVCPNIHI0","930YRTxs5Ez6onHNd6ORSa","a98RHmjw1E8phhx8NpDyTc","844PQF+O9LAYCGxP3wgA8s","c4dlObR2JNT5jbm/zG8hZa","bcep+bMxxG0a3WPS2JjvKO","90qro0A1lIzrRNmuLL8fkn","80zTW98IFO0JvmU/1RNyVx","f81GJNWSVONZ5ZMe7ySskq","dbWU/LTlhAHrZtyEhPmFuW","4dwZpTbONJn58ahsw5/vWe","19202ywJdPDI7Err7RuFzp","f1L1PfLl1LJpycnDKJb2/H","67MLLrFNlCLYNAiOQjhYpZ","31Qs9RliJGdIEJzcsv5zOF","73+JgotVtIRJZg2xqwslqR","7dBI5bJuVLNpacvVraPgAm","2bt4r54l9C0JEGVeb30sia","63WnYuUIpBJJKoc8zEwiAq","a5TsBl8LZKrYhXAGScVfG4","91tTCqZWNNL79ANeTa8Wul","46y5faNMVCWYHodSZgKALz","73NVV/bY1NfqMNP7t8z/gL","bf33A9VD5JsZOXguvZFGWw","a3QqGkqLRLWqzTFPXNHJu/","ccAL0B3vlP15j+WKk51zbc","9376r+J/1BT4V2hjTAQJ/W","dfxAlLK0lIa4cIEhW4MDdU","b22/6nnS1N25gOJLdzBY7Y","2eIdpK38ND5ax+Ern+LK5T","eaF2nqwLZAfJK4TOLkOWAI","807iHPlltEdY3u9KXdxCNI","8447uaQ85DF4sgnU4bTBPz","f2b5Akxy9IepfrHVJemhc0","ber3tUrLREL4HpvpzSj8/a","b70hCqZuJHDKHKX/JU3eW9","63QFdNIshJRLQAnNoTSZgo","b5rCdhmQ9Os7Rggavw7Y01","8fodjkdnxFw47KE4M0TBxH","6cuxpw/1NNLpar1gn8t0wX","2diPy89S1C7qU15oRpeIrG","6eABPlPCxKRrfXorMluEJT","f4I5UhwAJAZol21wGpas42","1b+gsyV4VHwJM2PhE1nIEj","2evss61ONBqp4yImsr9GRQ","efOL9FeGpPsKVqQOTK5H3z","dd7DfLapZAirnEMmmadf9g","30Bo6HY5NIxJIompom0+NO","5bXMIuoUFNwpnFEJdxJLrn","8eqTYSW4lAmpvF+IvLytIa","bbCaaNrG1B44K95WYc//Wr","4db3d5WbpHoLKRTwSttWvC","9fpMb1ZRFH2ppbqkfLdI9R","8cAJf/0EBNu5GbQQ0dOgK9","aavnrvV5JCop+o5xKH6yXa","069qaoQDRGuofptE6Z1ae2","59ZhO5Po1DxrhRhIoZQ3ju","87DCzH0xdMC77uSP9rFIaJ","7ffaaz1MlEF6h0cXuB7Ec3","81ex7PH79Fep1OuvaHtG/6","6dr8iOGKBOXoYAxmenUAod","7cMzSNdhdA6ZZH7WoRsncE","e14I+Rs05Ce67aqBH2Cw4p","0bUOyDjo9EGKdyQMqKRDhi","85O2Gs0sNMjYOQHa8OBt1a","3dw8cOm/BLKbX4npkouhiK","cdu5zsX5RBgYbc5hnp79a+","cdayT8+1pFzZZRK5txVpJg","18kgh/TRZL4otm1/ylhhQt","540wtOMdFIw6u3Oul0S23D","926JoSJF5A87suwZ+5MKFg","efPRU/bwZB6pvcu6eKEw2d","c76GTnftZMOqxFAb/CbndN","62ry1Ki1lEu7uucRpO5dop","760JoVhB9OK63mKB1pHS5P","80hhqyUCxG/4pr7gHbX8Hv","0ctam8DlhH+4FfAu36mRSy","f3/RgSzCxHQoK/ZtLktDTk","abgv/Sq2REfYm9PMvpcEzD","6bmCSrUlJOdbIOrXYadUww","f0QKPx4x5GZIygnMgftiQK","29morbHsNMYLwr/rJiPfww","09TOfl5rBJr5W3z2QFPSH6","d8eCQ4fwtCUYLRT8PnAd9/","1fYLP8E/xN8oLQ9FmSeKsL","ddyDqCviZFQblcingMvVop","4ekjFjuy9JtJPS5E/BSg6a","ffrAibEStDJLPF5INdVbKa","2dsu/xlfpBoK+mSDTB/k5A","d3LSzBoLRL5L14NHGviyie","dfue+bQ/9GzaEhVbC39O47","72GyaWjZ1HDq4ca3d87vFT","7cm9ZXY7NGaJzOW0ahxAJv","19Hy7PZFtKab6Nr+pN1a+4","6cNE7xtyVBdrVV2e1iNptR","bfECNlgKpAcL+E5minlR2q","28RRKzqGhAg46KQ6EuV4U3","b1DXxYGPFMNIDJUwii1Pss","3a2YQxtQxNO680rd8zjCWE","7ct6J5JHRL6JIvXZy6HYdy","c5lT9JN4xMA5gKZJC7xOTr","1079dxpjVIJKLFM/sncYag","905N9h46dGILRlYHa9O+Dt","bf4Ex7QQNKK51D8f4vY0BF","f6N55WgcJNvqmL7jQ6Drc2","8eRYo6vmFET7ii9KWm24SA","66R0ZmLpVLIo5FhXhPn+hu","57f6mW7IpLwo2rlE4Srza5","dbthDmre1McKKTRXG7vt7J","39gUV2yH9N8Yyx+lLaeyPx","95OzyuS3VJCJO8UikSd7xt","e6CngBfnhL9rTASeOy10/3","1f52TU3qlFYqSNdzXtGSgv","8bQAwOiJpDI73KjrfJ7bgL","e6sDneI2NOUoxmHn/MbrBA","850UBB+4tB2KqbbCe6aLHN","a3fx13q8RGOrCUsqJLrrJx","e804sIrj9MBJzVR1XbgJSk","a3Qqd1D05FHKOGuU6VYMR6","e30VcAAfNOw6ZgFffI4947","f6JjXkwCJDCLaAU2RD6AO4","f78v6R9aZLLqrITdH3XYdj","a31xq4BvhGAatMdNH1TTw1","d8kq4UTkFBKZZoUrPy11Io","77IBEMpvVMz69Q6oqZrrn6","8bTcCuG8REkZM03tb+ju9X","1a/INAF3pI0LzOWyDMxHu5","f0bmxLXe1LFIBnWmMG+eld","fc+asH0rRAALkTiZTlMPmf","b3+TSwSTxCgaZnUy6geeNz","46vr+bI05Lt5NzhE9EIHOy","b60rPPvRdM5rxrNYUgX7/O","57PMSE7upDk4aze9MKI+Gs","2bAyyK2q1BVZQEA7Pu+2OC","eeYcWD4o5Ho52X60UWofDo","00A82fZNVALIKlKIxPwXni","6aOluU0P5O4qTnhBafGKf5","f1iMvQJldGzp9gE6Pwsmjx","efBzEulqNE3Zeu5RPo2pI7","88o0pfNUdMA5IDUThd3SGN","ae+exjFEpFmLNzDez2zJbz","72wXfcVchLwKgLGCplZITe","21huxGGPFNIaeqAIfk89Xa","1fdYL/KVtE/4h3hTWIOjt7","5byHq+fWZO9JLwBdMzWX7D","c6V5coukhNwL/WP0q50kpf","d7B4vcEV1GT7qYigLFU3E0","4dyoUOKpRF0LI7ZvH4eau2","4fkgK2kvZNk4Epnu/G9Edu","113313+5dNvKRab3STcrk9","c5xfyVBRlM2I31dSoZ+KiI","24McF/fC9NYZvcrUUczp5N","4dpeVwhvhLPY8eaW10d27q","e2xDieukJIr4P3KWRK5IMm","a6s19QtY5HhoYpEs8hiLoo","44jxWXenZC35kDKr/OLi2F","5fKZpCFqBNsruNeNEght5Y","93GdsEeCNGEoAUKEQ0VIbX","23R/454slL7YcxVoaQ72RZ","deQBXfxKJMoYfMM8AiHv9z","b4mstS7NROGKHrCFI6EuPi","c5vy1zuUtCia064Lbsf2Yg","a9N3rGr6JBR4J2omEds9+2","089DMw4ypFZpSETQEUHm3g","0dpZKK4/RG75OtDlFBYFXW","afI23kMUVGoIKk8FRBcyVP","2dGmm0bFVK9LxoSEpci+7d","4eODSzMqhI+ag0SsmIrX/R","dcc+oC0vlJ7as6+MJesM04","65cNYGEgtHUruMU40Gzpu2","a3vusuvJBGLqSsnqT8ZWb+","00eU0XbNhGCqS5in6Uabci","d9J622eYRPWYTIPLykL7cP","33n/NCFDhOALpLcEQfvIN4","7aLZWCF5VETrCJ8qlU6UF+","53z2npLB9CNKgo8JUuXnJu","5eHGwNUrJN5K+N+eh/HPQY","4dr/xbaTVPGL+tJxuoBbNL","05/1fhMuZPlbvo2+XSh11B","1b0On1voxGirHASGEdJIwS","b3nbQh2khPhoAZhdbJTOPa","27qNF8yEtIqrtYgViWxb8e","17BvXLIQJBYYM36d1y7XK9","58lCsf/8JEoZlOq9w82NW5","cfqueLSK1MWLVQzQ8fmbm8","22zk28WP1Pa67GmlraPh1+","8fDhfQu3JK36+t2Bc1iM7p","d1P5Ie1SBEi4SYyEsxmHxI","28Gev4IzZKa7sp5S32Im5Z","710kfS1j5G+7scS7wgUZhL","d0l6DHghBIaK1tPU8WpdkO","6bN5bBGaZJ37lPeo7h6Kwj","2chqSR0FBEn58jM7DGsJbP","0139zoHClFjJxm2yZue3Ro","a2lqeBGBpKl6I6825U5Gxt","07+jxEWYBMSbvlIKla/sGq","b3zwpY6T9ESrpyEJ+N9BMF","72Lwvq3Q1OyqWFtrFjQ/oS","52IPrERERNVIBHFHMNiybn","e6KmNoSaBAcKqf1RSDppRu","87XEroXbRL3rAlWP9HNfTL","f2+6cAyDFJsbT3BwIjNOWK","48FzB5HpxPi7Rjom+cygoD","61cyPdEfRN047sDK9rO0W5","a43APIVFdKYJvNMjh2DEy+","d608qFRoFHwbXd0Dap056i","66yaA39jxKG6kdjLGFGBDO","94piowxvtOoL6wXyjF6S0j","262lB07wNC5rUnc/LScSEo","71wjvGjuBJSIh+oZLHbl/C","d856wgl1FJrZYujqm+GAb5","04+erZIEtJBp1cCOsT+7/0","b3FiEP6OBLJ4leJ1bhVHeK","67wQ0GLzlHGoSpDQUuExfu","81BYqLYsxP/5u3fNAQlj/s","57jwO/PGlE+on3g45/Dbvr","eePlrd5jNFLJ3eeruCWvWV","774f5K389BIpZoubY2lDhD","76nmIE4hVP+7uiKN9Uwbi5","50uZEtiZxL5oQTtWEkZIcM","4boyT0KNJPPLzpWt1aLZM8","35VTuvwxFPrbjNgfQZtNMf","80yKPXFQZBYJ1jnq5OJV9k","d7sNK4uP9ACYfeGVnF0KpM","c3I8zqC49HA4AHuUV4Z0nq","f8Uf2RM5dNfYyGXVANoXMA","7auguAFA9DyKUl9woeqsIg","dfTXG/XM5CuY+Nv3bae9qQ","427I+gFG1K/Jf5+gv7OTXN","fdQx0Mnk5LZ4fVfwsdvtb/","4a/G6CBb9O2oQci4KrjPJS","83oR9Q3+5GxbETm/E1c367","d1g7hlv2tNpIkmYVCoePyt","11B8e4eNZEzqhYfligJuNK","c3ozZ8ahtCg6PRI6qiQG8u","6bQDl0CjJDF7NqD9w6BMSx","f1xv9iGaRMM7m4V4mDD8Qh","5874j3C0NA5oG6fSuSb0Hr","c0YDy2zkVPIp7jP4yAUsmN","e6Tg+8mP5CXLCetjSSOhR/","b7ijjEuvtMlYMgqRqasxn8","7bWw6zthNAgb3+qnIe8rTu","71puBzu+pLZoJefbcFfSbD","27Fbm89eFFy7gM9Ic2hEvl","36McuNlnhGoaBPK1CigPlA","60tYSGZ3xISqm9mk3MO0dF","7ct9icdzxFSpq8ApBhr4OS","a6iAXotE5D0Kmc+KceqMPd","581c9lExhMboaGio/1bBXY","8c5ZFTHI1AWqCvDOrQT7Cd","baCknugZ9LV4adeN2fozy5","49/ilCKsJL14AauZXUImyY","58PxtOT69NTpMCYJxN9AnI","e8C9w8pJRKob3ympitA8Ve","9dEWzDeHVK8Laworf99HuG","61V4wYGw9B+a0D9nIPB0Sg","48DQ9fqAhKrozKIf8AJLJM","2fwkE3hJdBu7LCUmFgq8cM","b1ma1vXj5IyKPDgE5at0K7","e2G2+33P1A3bZj3Yl/qMN2","4a2CXXtk9K8ZSZahMtbj72","70MSxq9eFOUJ8UuB6KFubY","3bR2VODpFJyqYlHRS9kxEs","c6G4JJuydFtYAmX/Chr6Ty","ccllnbbuxM+r6AICh0QfE2","d9ufsWu8BOUJFU5wQlpNt8","735imTjOhJZJkMR2cza7G1","328yYzp5RE9IN6YuXe3wrb","752xj030FBxLSeLOENNk2E","a9VfJxaYRKEpNSndcIF8kv","a0z98KOf5Bt7sbGLGS7vng","e9wXcRqcFOk73ZFoYhJBqk","84CeMDIXtNg4mqkpags8vu","e0ZtQzQpZCeoh24zBNshnL","aex7SVLOdKV5/98l6gF6zD","99QYJmYzhALZSekk0K6wnr","e3kNnK/gxGKIEsARN7kLSH","93JgLxyH1KabY2HvClKCJZ","0dBNt2YIVOSJIkTSBkcjPO","731HFiF/BM246YjnlydtKm","38qTCwqYVC8ZHb4U654Bj+","3dCR0MXx1HBY08aSP2T1Mh","a8wzHJIoRMK4qCfbEkY0WH","2dRznQiR9A0JoKgIyIo42j","31jiJnGXFFXYBrikzPRQjS","e4wbQUVM5Ihp6aV8vPtUyQ","d70aaNoVlCArBioc3o4CQp","61/XBFXj5DJqJL+DFAF2u6","7ekHPak2dE5os0llXbV4Py","fcECCEzMFMb48fod+yOUKj","54kqdDJUFHq4gBY/tvR4LC","5dkZyjMllPC7H93gIytPgU","237iEqFKtFLKiAoc5V/hOz","1cM2tBNRRMPZI5pvezDOwQ","97HVUF/gdFHqfc5K/kyC6h","c5xxdyZUVIh4Dckt+qiRJ6","e4tMi/LFVFSoDC3+3XUB6E","a8pz2CcGlOyr7fNrWJC5qZ","52w0xJPy5EToelcFZnDO3Z","a8VAN3i+pLoqLJHmAeCw1N","b2DrtnvuRINpRDmiUdAFA/","f0wHkNd6FDua0lmilm4HB0","56hW0Mn5JOPI8RcN84YyW+","7aXFH0fuJFqLZztlNBBYQo","1fAN4RYVRHcIAvJ1kdoKVJ","ee1SG0feZCqq8JNK0fJWBp","cbe82N8sdA5IM+NpT5IWg7","fazK1BMw1IKYwVF2umcADO","f0pZhTVrNEeYSoJWERkx1f","0eEWQ4XjVOVoWwcWlUQJyp","aeTV5XIClAfLa2C7Qb9yuh","55WgZKfV5NYJjHyJPXUs+s","110CNCpbVNkY30KyYSrYu8","e3b1s+DvhF1p3542hDy1y0","2aLMD50p1LlrR9r1lE7Teo","4dHEr3/bBNPYhwBsn0N8la","86HG/PT6xCXKuiwc25V4K+","68xVLiMNpCUomuklZzGwKP","954HV4zjZI8qSH/g1RXQsT","2daKLiGF1McZOR+fRTjifK","7epHxEJqNGZr4zE0JqeRmc","726jShS71KSbcdoTPfYMj4","003SqykppPY5qQfIy+QamS","0dmZbJj7RJBrk7k/JHHReP","1bo5I/HpdMxoVvHY6y+qGY","6du0VFDGNJebi3GfOFXjh7","63m6e9wd9Af4PBlUUpHhN9","00gIGs3uZCFoVNInBfP0E5","e1PzOg0chJuYO5CNTBEVr+","dcTv7n8BxLUr/agOzbzi+/","44/RFm9hZGKqsjDJePPLry","b85JxzbW9DVpyLeYFEBLb1","97Nv0znbJNepMkk8dHdAhe","99LdISeodOHJqk6JFr/wpP","09iqDr0X9EXbzBBX+nK6Ew","26tJ/67LtC+6R5YqWFRKDq","bdpnrc3f1By6xcAjwQc5vh","9ane/GdxVHdL7lIU70Znlb","07471MvtFMn5TuVDRbARTC","6bwdLHKwdET7qwPnOYv/vy","6dLhA+7AVAuqeL3eN9Sb35","b1E1ZboypAfZVb0YWFEncP","c8xu5GQlJKGoUN2gJb7PAw","cdsMk4LgNNCps/CY6aih+T","5aqiOT0wtOnYPG9KzfcxRY","62ZLOlu9JBdKysEPu63+QN","dbF1qI5hZBr6vLngv/mbPB","adRPGRlgVC8ZSuiRqKeBmk","cbM/1ebV5EY4dtdDsd6s61","4coLmKOVROCK3DoEPgsaLC","776ajSw4JJKL6ccguqRxHQ","f87Ao56udNjovQ8Vuk1Nue","5aiTFwBjpL84RgLCFDyKxz","b3vy3gsjBPD5KNF9No7zzp","24UjBETgxMwZykdlAtTzDf","0bGNuhIWNI0oldbvbADhuA","3esyGBfupIFarsxFrFYWji","09pfxuLiVLjqpTfHI0PfAr","037JMe+QlCbKg6voJEdPV6","fcF2r651REbbkzzD4qe/Ei","35TCz5iQ5LNI+W7XCtt0Tq","8egeBybhZGn6nUczzOJNAN","fdYUBTLpZPUYKxIJ1OWoL4","4a2jkbUZNNn69xsH+pbEsh","3fk+PCCK5Pf7t+kYbYlplp","0fWYR3+XZP94ubDA6HcQ1z","02qG7jtn5NGqjB1wAByAQb","1fUY1d4hRHpZi76o/BY0Vc","423nw850xGVr8sr7+Ot/Ou","88yUDvAQBOsJfbbm6O77Y3","0duCjJfChARpTdqhYsQJHp","c6mclED29BXJ83kgq42zU9","e3/9beybRCjIjOkcmAf37I","84NqTRq7hKfZTffQwe1j9w","efNJRyCwRKy6qdzJ5ss2cx","29jctIR7FJqZbBfRxKQnlW","32/VGeZVJGt65NO9z6xufj","51doAVDCBMbr9gkz2GOnen","cdxmE+OzhPAZcYFAB41cuZ","803rcioM5NsKQDupY9Bhvu","64n2M6gDFCI6drMDVEYPu3","eeKXM1Uj9D2pUkdpk1QKMG","5dDsGikEhPKJiv2CQv8LIJ","0byJTSYvFDeaTJ3nrAwpff","5894itO/RCCIPXOTGAZ7+M","46ete7B0BIVac8w0wyWmzX","473mijOAdI+LXkKA8/dHI+","b6Ozq+q7NM2Ih+kzUAs0Hx","18l5ywBNBJ7rqFwcItBX8U","b5DMZzL4tMBKCE2zkc2cqs","1dBuD8i5dHaL6O7kb8Rbal","8aJwUUOjpNqbwHRWjFqYPt","cb0uOQud9HZIVGZEmPm1m/","2262h8tKpBXb+rL993pdRM","ddpAgKIp5K/qbWQP59JZgq","4dqsjlWc5NkJHs1NjlkxEX","2aZ+Szk0FLHpqtGAb7PEEB","ebWfvwmPBN0bXJ9P3hdZh/","2asxhCEhtIlJiTBU/DTcyR","4eYpxfotNPkJt2CitJwIz4","0fJB7xLzVNxq4y5D/8Ikg1","5bMs99I05EAbMiJhYwQWlg","d4WH98JSFKOLTNKrKrJe1D","10hAl9biFB1LDUC973RifH","casQBJABRO6aZWgLG93pfq","f61A5mnaBBBrjBz1hbE/iZ","65yNGQAPNB1KNklL3UMfP7","eaStIkSmFF6rQK98gsTePf","9b6Gvya99MmKZwxbUMShT1","e2V5Lk/iZJ56FEUr29Xr70","e9SMt719lIEIzGvkrUkKh1","b3cGnc0wRH6pqT4U0tI9zr","07TBQYyzJEI7GNqgDUuC0Q","04Py/eOjhFPbeKc/4PpBfz","47TZbrhNhLv4kSmIWxz7IH","f6wwtlcgtA2ZQvvIpRGgnv","22dANkIQpADpNaYlAlW9K3","14Np/KiHpB+b3lzW5I+iov","e7/Zb4yjNJCI+ttB1zRTwl","71lzvF9BlLYJN1UaB/nimp","c9O/hgaXpCgZKT7DcFgYk8","deyQELW1BCJJ3TQwEEopAp","3dqkGEiXFI/YtNT4OrZnh+","50NFcBiG1BB43yfn+JxH1y","36Z3xQh7JHkYVAnhGxeYBX","20RhAeFhxOUKSvogQU41cR","2flIat9VZD0o9SG7mXyTyi","7564g/Vr1Fj6/lpuyFrVMN","59vBvvj4JD8o41b3ZUYjlP","55/fq0uSBNX7vvdWb/6kRr","fe5rUr/GRMIYnh0vaXbvWV","aauRHcqVZFqbP8sxGX8LSB","d1Hoe/76tEno7haln2ZQJ/","115X8N/gxKmIwWDvLrgWoe","b8vH0TCj1PU4EeI9lY5kzy","0bVNYtZXlCq7c3tvdnssYU","63avCm1KNCuL1mbYio9sge","92bY35hj1DE76Zc1fgrueT","0bIUcMmpNBUpVtuXCM+byC","26mpP0SShHxqIxafUK6c3V","7d/EOb2BdDu7Z9ySyRcOL9","8eNrFNMohFl5viPCBRxIq0","d29EWF4/RJ44A9lfgVhguD","7flslRZhNPjImBkGCbnIiN","8e2EIfqktMorYBRFirQyJx","39kaY2VlRBcZzEiN8oXAjE","8e7nvkX5VIT4DbWuHFU3bY","908DMuxTRNmKK8rGSOlZVc","3fUR6wUAVD9Lp1SwOVh8DW","7bZw4gpT1Jv7C0skuEZnNz","4eA0jzGuVJT4nLM5tH+ge4","c4Gju4N0hMR7KJ3R7d1jt6","25nSUmWtBBdqtHLk3tQNxR","04ShAPEk1GW41n4KbOwqDJ","d79ObuX35PXLEGX3lAinJ2","dbl4AiluRGirSScZ8TwE6o","66lDSzs9FEcaAAHpAajJC2","bdCOAB8l1E3b6LkzD24Wsm","47/xEbn9VKxqYbIuNA73Al","27RVAh+c5PSpAerE7w0m8W","83JHfAyuFPCZ6lAohoR7Tr","b1CQpmIulHIrOu9q9Apecj","0cFXvc9yRKM4kNqENoOVub","48hP+OBPpBWJJRYmIe3q8a","ccNjN1vitAmrfcjlSLQRXR","d1zIEcc+VHF6HvDZTEHhwJ","b2mlvaN69IJ51Lj6WaZSaS","ecJ3bGm9VPJ6s3uaX7KILz","cbnomTg/hGTqtmiaXRit2a","39b8dFguZPvbCizmoe6NQ3","acZjErWntAeKBjPTpw5M4/","14OSRzKapPXqhVUGZ3QUaC","c9Q6ILs9hNwaar5xrn/PmA","54WFMD8NhPl4UGU2LN4zPa","adK+wEloFEjou85q+/z3lV","1dbli0DuZMUbkB/VRR7VoE","e3edo/vMtMSpXofzS1Pf4C","79x3heyFdNh4qjmrNy1K6+","535wzy2G5E+KuqmBGBXhgy","19wxGHFBdHDKGG7Y7bX0fN","23n1sPbZdF55eNs6+bytPw","3aiBjMKd9AwImuk8FKKrpy","9b062r87dPQK86TnWDOTzV","78JGK4fFhEK7D2BRI91Zp4","89LtAV/wxNLJ3vgNLAmT3E","712rInVb9NjqqMNKaRGwjj","2dKKj/MrhIwY5ueJEB10cg","6223dXUpdIMZU7ehfTJHPr","38dUWL8G9NyJPeRxVI4Zez","3cb6kJgbVDf7P2E9qq1LHu","a7nfzLiwxNcItrQWrV4PfP","e1OMu3yLZM1pqi5e3hkuqm","02N1eMkCFPl4K0AD34Bo6S","a4RbCS34BGW7H+YR/nxEnq","cbxsZSqFdEzoKezCdqUvce","a5vtgKN1pAYa6JKiSUv+D6","a1Pa43HiFGJIb5pHv6DUs1","37hygaybdB1Z4JK25IguIR","7cRloMIxlI2qIqM7Tfedqo","edPa9rYTVHNau3RwY6S1Ls","4aqtWCWnFAEplDl2iPkywk","f22N6i1pNC07C94h2+dcNj","56SBmGX3xO6K5kiP2SaNnD","89UcWkDWJGCpFG3ICJwTOM","7aqUnaaDdFYrWUBWpmUhlw","43pM9gJ5JOWYby463jfoIC","070cZVWUFA1pYg210nZzs4","a8RUXT3V5L+rx1DkkjHBjH","78TWjIgfxO2Ib/LWmWShQo","0bkU77YwxGJYScR224888w","ed1u+giFhAOryPf/ZDG77d","7245QHwd9DPaQenTGKNj7i","04gktvt4lJX59rHwm7bEpM","a1N4tEhSNNk50Z5AUQSkLf","76UATS1TVACJwi862tBWJC","88emaFZaBC7ZUHMswW0fHO","5eEPFuSR1KYYBcgKUGWghz","6b7u315btNf4Y5VOKUYrhL","44HMJAkpdCoqRcgh3WWdEV","3cYgYx6YBM/KQ5aWXSlwAh","beVS38DxhEza1wpNFBTcrH","5bG1emMVlMf4pgj735406Y","d4V9vYB/BD4ISx6qJBuSvi","6fLIb6CHFDgp4S0bjexlC7","326TR4kvtBCLdpiwXIbeyM","88JmnuENRBZ5yN9yDNFW6M","a3M+lhyeVCCYNkQRqRna0m","6dfbxqZmlP9LIoiy+cvDxi","708QHDt6RPqoOJ4y0V0QRz","5cZDFpSi1KHplIvTlDJWvn","12Q40k0lVPVLNBm9rP2uXa","4e72RtAVNI/7XjmawvJi6N","3fgda8CmZC3bahY+Ubq9YB","77Xd+2qQdHFKIR1Ldi9HqO","17b6eopYlA5b7UeakpiTqA","f5ZlvDWslE0Lf8u9LaHr1X","885/FaD6JCsbCJGv8cctVO","87dq2wv8ZGkJjjh68P8lEo","f2fHHWmLdHM73LAQQ7QmCy","ea5T7/o8xKMZb5OzVcNOhl","85RngLXWdOGrFebVXHnqNZ","d0hZnIO45HnbeqKggJTXvE","ffgF3yayhKkKTku6Qefw5w","02zPqWLUhP06B2cvAlcGgR","99CKlxG41F/r9+VREhNfzN","1faTrPUQFKlY3POq7LVAEn","daTpMFhoRCwpQhGAb88B1F","dcCNfkXiRDErznWh+e7+Qe","a0gJohrpVJN5GtjvBQhZfZ","d9FZm6c81Cuboscnw2lGPp","dfyW6GrRtHlLg5dzJ2Yf+q","ecxKpGD2pCh4VHJKYie0oo","5cJvmrCcNI15Ry9PVlkeAb","0aZBSiHaxCwZsnePHb3qf4","3bTBdx6H1BVqNRFvd+mfGM","baFcWYe1BE7YLzhA97A/oz","32Y1prrixE9pGUMm7yZVuc","58+4AeJGFBD5k+YZG3LTjt","82ZjT3lIZKQ5R9f19b0r92","b6rMk/TyxNe6TIKIPlVGqP","13k23vdAtOPask2/kmKc6q","45NLRHsLJOBYM4ZMo2uipK","0cjPuPu6ZJVIw+xtCOImo1","c0FUQhvWFBHJDY4e23o4BP","d5H1s7+HpElrnumQ7LRzKA","10QusXWg5OB4c9edFpNRdX","afSEw5k+xIc40iKZmKHFfl","98O7RssIxA+7gRfyV4HmDr","65Dy11ELlJc7fq/kw0EyIo","2e/JaFbQFMqo4YOU0YVcRL","0d+E3opXZMHrVDe0TC7vcs","70fa8+eXdCYre8vz2a4pxj","d4nPy01qFJN5pxV0BOAR4r","56ChErHVRBf5TxNU48qyvp","e51ysOnIJEsq3/qETqaYMu","2bMQzFu8lEHa63HTbcZ5C3","a5hVqyQDROyptX/Q1FtWEV","85vWpRapJNUpRvYmjP0Fbi","31/Xz+g39Nr4LMPwL9uzWx","b6/KzRpc9P/II2Cg2b+dGc","42+JKRs/NOxKrITnboJ3LS","42gEjVl8NN+6iRlBACnLcv","d1mKD2H5FNO5BGK+6oLOcv","a7YYk31EBLxL0bUCPRIT3f","86rWmr8U1MnoY+G0Zq2EkV","f9qVxhKodMo7bGdrJepeYk","662fxZWcdDL5VkKX2bKLs8","17+C6TyPlPHYZ28MUNaD05","89cY+YYDdD1qqqIi0b/umm","eacfxFtaFLbbvmdplHRZGN","8eGwUOcBtI0ah1cNFyPBwQ","6bIyLEJBhD8JXMFPhLMyE1","75YQqUKTZK65dtsNWAftxZ","c5YI782uVBB6TQVXrnhZeq","09K3wv+p5EBKb7wTLjNdpo","17A5wj6HlHTLe4SB8BPEb8","96rle9NRpKarLvhQ/BEZxc","fb2Y/Ub7RCPIWNLfyBzVsX","74YvUFk45K2ZGg9lI7daJ1","e2zI4b09FPSYQPn+9ff4pI","eaBdSW3ApJjpGBsxfbOoIa","54sIGcjENK16NFvlAZwN71","6eeP9ptJlCv4XVSi40PXcY","9bXddZnHVINoTliLisIkMB","13fNtyNy5OXbqLCz6fXZ7b","04ZdIJYMhHzpwrhYZ38TCM","c0av3f3+ZCD7YRPGM55UI3","f29Ex0oIBM+L5gUyU0MbP5","dczGSXQjZCeYU2VVL9qIwk","aai00rBGJA16J3UNqzArEc","4275cha65JtJQro1Bb3V3W","58PYn/iiZPCqt1W36MY4lv","02xifUeR1Gp5IiOL9RCmKI","91A/v6P9RFGrTa8h0FZsy2","4eDZOMPdtKD5WMdK8bRg9E","f4N/j+KmZHdpvCkjBaKWQJ","14Mn3+191Muqp8NMBHu5mX","f6F3JLynFB263wdckCixJX","79gonxSjlAo7IJTGNGfsW4","c7EHLTwMJGPK15zMrjmJsd","22QH/CDSZC3IKuSnx+wg9q","dcXzMO1bpDcpO5zGRWFW+K","f3qop8ka9Ov4mpN3ufpBcj","cbykUZ8zZJ5bGCwV/MfvKz","52LnR6FHFEqLu4WOmgBaPp","93UFGzQedLo4EAIuvHtbl+","b6K6P0SJlAUonihObX2Lus","99zYPzEM1C+KP3ix6FfH/o","f18y2I5I1EMJTPIscy0KvH","abUuNvnzdC+aovAs8o5qdf","effkaGYtJCzIGqNDdKwbR+","a3zglGlm1KJop6PWvkWJkh","23eGVZZjtF5YktH9mDs/jx","eb33yTxBxMvbrsGWxuHxSe","94QOKsQNNN7JZmHjlCeBUB","3blGvbAA1EDqQN1L7RGdgX","52CkaerPFLdq94EMFEB34/","5217nh2wRF97mNTQEclsGw","76YHKD85BCiJZ+YdO02NsB","dd8z/0TmBKVLAWZTQ/cafw","0aQGoM2pJE3Z5oq2dwn0Kk","9eHrlkTK1DV66+3FxAHby+","13jaBaKN9DepSTnUFH1ELH","7dXk3TMjlED6Q1NSG75eQi","06jZWQ6WxI96XG1m+gWnqJ","75EsUUgEpJao6Uo/2sg/+e","e8IiCM3lJGiIRZro91dZAi","2fWxw3BS5KmoWumL3VdhDj","377zewAC5N3LYxtCnlrwtt","56Ao/SMOdGRK0pTePjUNh7","fbfp/XOdpN96rhhoeNY4Vu","23iLrpedFOFZr/54wWXpkV","05iSDdN/NOZ5oBc/bE7wS0","fdEvgBQYFK0oilTtnGFOdD","c8ks+zcqVO17brCbtl4Pv1","b94tetT6VDbIREG5yM/+XQ","acfjyenjFJeLdQ/nW5ZP2B","beanETVKtJGrxaBY5BVmkL","f4rUmRwHlGAb3d2bFwfekW","b4S248YoRCYoaHoNhH72to","f7UrJwo09Mh5sKXTto6Koa","27mjzEagVPXZMzjLwU9nR5","09soroUzRJkIYUSeq1Z9AU","2dh4y6+plOHZEfYzn2QN1D","17eIK55BNMpJbYEGFmJW+Y","0bYA4ifsxGvbN1cNevtvl0","d6bmIdxbJEI7myaEOfG+rS","247I2LaRlPXIV1UwJAL0vL","5cQdnQrNJPi4r9ISJ0bbgH","84dP6LWE9E9IW2fQ4+QMCv","5a25iF4Y9PwogVx/qv1hNx","06kMn1kTtMlp4xp2qtvXir","33WlsXzR1MxpIfFL31i4TF","28nuuKS8dAK5qosNCdXQwV","b6UUNeRQ9K6Iy+xEvNbwbu","c3eqrHlHBDyrl4TnHV15cR","ff1rcD6jVA8JKkRbPo4SjZ","c9NKWbgyRJdq7AKHaYU8Dl","ceLyk1IP9L3YRhC3uzV5GN","4fZ6u3ZFRLaJ6kNIH+rH3G","943JKDElVC7ZnUdMGTR6G2","cfRh5Jf+dN06pJyvdvjbDk","88wQPnNw1LLYgzSzlq3eR+","72QUAaljBJv51y5p2BL2wB","48E2EizBBFt7NExzQ57FfV","86IgKGJjhHHY7lwb1Npb99","a4SqH95WNPDqntxeZLigcj","74A2rkkRtBIacdoVVoyCdm","ednEchewVEdKpQ5YmcslfP","e5IRn+GShG76QeCf+VzAEk","974OejP7VNSYXQE+RS8kC7","3560s9HPtGXbonsAcFJOdf","e6AVir8BlI6I4HC8nlXuhr","a2iIGjK+lC+bz60eFtL4va","faEUz2QAlKuYwwed4VRK0U","c0d/uEWIVAD7K7Fs7JuFWX","52KfRg7NJBXa4ltrhTukV5","ffbU1wkkNEar7DZ73ENqUS","015vA8k4BN+ZFAflOdD7i5","cfPwZGdqVMb5OyfjwIABUB","5db05vqhVOsKhBuhdlwnI2","e9YilAbBpP37S077j95HHn","73+hPao2pHboJT6IoHw9m+","37pGBtT7dBkYxwjHdN/xL5","afjNdKKmZAH4jsqDkt5MCN","7ddDRddddJEKX55CACT5bI","b9ZOWn4m5GWIx1tKjO+uAg","29XhsIFzJMu7Tfx5wGhTiR","0f0Qs6SwJFcr5BFrMq70Vk","e5uksYYitJCYxiZu7OoOWb","9d2MmTmAtEVqt3bPftVBbR","db6A34TJBO67aPis94EQgC","76wV4QUuVOLbZEGjxrKg0Y","0fVPJn1GpKaqtmuE9kN6yz","aevYgvjydEWYF0t/+5nkHJ","582a5Mq11IH7sXiKEo5hwZ","76cDvHdupHf5EoNkOp7DSh","a8kkPJvmBHSI3W/jwxoREA","7bqITAo5pJO4S+1Cw/pz0e","3fz85ydjpOtJnP9OkAXBLa","d7YSCT1ZBFvY9bkhDdSJ+M","f1ejEK/FVNe5yKjvkMHwwC","1bomkbfyJL65zKJC+b6msP","bdwLaU+eNPu4OSZHVcNixo","85YCncCs9JpJAqcpE14y/V","d3zLkYiWVImrnenhwHj6Ts","4cy344R6tAroVUmE8qxpeK","c1KvnBfBhH+bBOLSn0HD++","38/cSJ0sVI/KJdqe8DE6eY","35tDfyU4hI0r3MkQtE8cQo","c0PcfPdUlOuL7DEjtEmEmz","dd/k/Bf3lG8rtokyWNypie","d9Ahyu//9IsKvgJ6cN7sGT","e7UiPhCGZByrYDfH9+TKpF","74/HawuLFGYLVcm6NRTYeB","21wkh/vDZDWr8R9Mb5+4m/","c8rCuHcXhIzJjaA6iX220L","a4SANi4PNCa5YkPYwsp5/N","e889C3qbhHjKd15yEHzN1c","f2S2Iu4KtOrq5bmTyCKods","a2tRvThxJP8K3g3Hwagfv5","31lXa0jqZBLb9djs6JJt/A","a0uWv+lZRP4YuawcR08Z1C","fdnHXnLh9DDLHUwXFXSVcU","06XMPimlhK343Cjc0puD3B","d0P2BwNbBLLIcA0B5yondW","55xyobwgZHD5Jh9XTsjsUL","85+PMe3UhFe58GlAcSE0Sv","04I0Jcgw1Hc6u0fsd24tao","60rgUNsM9FlrJvs8yh6eaI","96qSJBdkdGApHMobWlgGC7","fefae9bJxHC7VQWr1XCHTo","b7pfuX2sVPe55lBfdPxbDJ","0eZ/p4z9xBEqAbQVuepjPV","23KOJWP8pKKJ8ZNSuexPoL","e1FniMBeVNrpCvOuX91J1F","1eg9SfSKBLSpny36iF8CPw","a9jZGMFxlDrKDC82s/3aPT","3buGl1eb9E5KScTduCmlPR","47vxIjSkRPbpeZHeVBOYB+","5eZKyHj9VEsY/H7PVMb00P","8eDI+PYT9K/4nn33v3YrJq","7dH5ZTJ/ZEFIYYu9Azji8B","7cywZOo49LCZvfgCos40LA","99xRKMwQBPtLHBOQDQ2MP/","25M+uGZ81MRKH3Gc8rIUyU","f2brdNuiJMyphNw5acYYoH","1ezYGgo+ZG94rMEUE6aVm3","49E9kK4PlCN7//BfheZhfr","1apLFnSyNP2KacsKYsu5P7","b6VQ+OxpBN+bOeYRk0UTPs","48AaT2nUJNKau7d+AP1gnN","55RySdF4ZMEp3Uu2f3g7Oq","b3uezh/9lIHYNFRPmybFxB","efB5tcZvlLbK/UTMalaLro","c4uHcVZXRFrKnwEU+iez3o","0fJqWcrBBIcLgCZIzl2tWM","02XP7Z8C9DPaht40r1tUtP","90IHkJ8sFLKJwedIhPmhHg","733SsalABMLJOCfop4fR5l","2beN7JgUJA3YsVo9zwszqY","5eKGnHDiNB560GtuvAdLED","22rRPW6SpGT5o0I4RIGKWv","61i/Hrb2pHhZrWUkZVVZ2d","7bQUqJ3Y9HEZUcnlYB4YCM","cct+e87mBP9rFLxLzeVQ8X","88IJzKXC9D/7Wln+YPxM/p","36fyP8QDJFcaOllVt4p+T6","5bplLMKJBFTY0IgzTUA0GX","41+9r6Cz5PRK4EuaJJA5ES","b0KHUswdhGiYQ6jdLnp++G","18NsXUo7lH4pzgEWCPl5Fe","68r9BgiRpNQ7JMA58TeT92","70rytDelFDVYKNsz7kINLN","93VMH90cpL5LlkawDHl/tf","7a4Dl4zMJM34fvCqbwSXb2","bfI8OufvxLqLc3BUttGocp","d7PXr0G0FAmryaVZqvVEO2","dfBf/VAvVEdZLqNxEMBniU","cbfGYuFrZApY6k1vELPJcg","e1bK1DVjlMsZSAI6S6Y5fh","72s0IdqutPxpcJ2LGPZUlJ","6bk1DcfFlE+LXkRqfzbMAS","6cUSDdKypKlZbGNv8Lpk5w","38VwO6gXdAIoCEhizATXP3","69rDsmfStKord2yOxajiBJ","e0unthyGlO3JM267ZAiDKR","5bKPcBNMlM1LGVD7sm4TQM","efSslkhEtCFqiW55X6AAXv","19G5PPuJZEiJvIVMJudjrm","59iyQlsUVNyqVD5qsl18ba","08WJXnmdVK4KryGbfX/d6r","53escOFDFOuZvWT2RABHgY","715hw4TRNHDYTm2te2u3qY","5cnSZ0RX1CTYRa2K1uppav","13NSqC1LxDDp1iFZb/RlKZ","d6ufgAWDdPh5MiEgOitZL0","210DbzePpOR4k26tevS6Q+","13/E3j4LFIT7kol+y1VdlQ","2e61JtArZLNoSnmQEWmpHs","40NP003oxIhK64FKNC6kTc","5dzQLhnbJO2qhop+395OM/","a0KtjojndAGJ6KAgdeilsf","b0INYVOaFKOKKj28cT9+iD","378AMUHPNDpabbgUGvNFNo","04WefoYlJFb7leFrM5Jyk+","00LWCkRchGvakDlxNQirSV","46wSe+XI1Hu7qTKnD2HFoi","9eFq8KmIBFZq202KX226zB","159MI5+nBBh4pRUWhlOLlI","918QJAOgRB9YcKL+nmb8Tc","b6UeyGoahDapZlEuNIDS50","b9KGvtRYBAV4l/J7urA6Z3","b6+Sn6WGxAF5esBJTR0aRr","18ZzMntQtPqrqiRto6cW5L","12l6XSQbdAsJnKttE4gzGe","271p87uZNACoRnd89BA2ld","6dvDs9mGZNfq8aC64juZw0","fdb4bSMpxDnraEnGtCQm7a","77u+waj3xLpqyiDhlnwp3v","6bAo5iRWBH+o0mu/Exr3oO","70GbzVY+5Lrrx+/d2s/Shf","bdDcu7a9pLGofTbyt2hujO","d9Yob9yXlDvI0M6E9Yd26A","b24muQJFxG658B1sXa4Ef7","20zhj+ir9EoZathV7UkBF8","c9+YzpPGRPjbCdHATTiMHk","cbJsk6PVNNkr3JL6NRSXfV","74JOYsLX1Mxqj0U/3HSVCl","58z1zdYvdEJYKjFoRewHcI","4bXH2tnTVBZZ5/hJXzJ/Fl","96NWIq4D9LS5wmsC8/vedb","74hNk1QSpPqZtROsoSZ4/U","0eBLbDlZBGAbmhLJ4IFPih","eaWSD7tBJOeJkIFLDIaMP0","03PNk5rRZP5bMJ9h/urUG/","a2S6nzXXNGqIwi2KwvBxTc","dcOCj3GEtAArU8H62AfmTO","b6FY7/OMdJ8IM1Tn8dEB0N","22z8iLMsNNFpROvODryrq+","48A9I8p1ZPQoUTvFQwL0FH","dfMEyFWapPqbnP5wUo53uQ","ce4e3HGXRBA6EyXhLEKAaB","d4vCpyUFhJF4Fd06oMedY6","c24YhUgOpD7o2PMV8JSpor","fekl2K8+JMBrJOjXz6CwOe","faR56TC7dJmKJHTagtIBfR","91B8lPM71P2rCN3Be/ZRnz","4bxE7IwttJcZnmw5yo24NJ","77wDmuqO1EL6JoBTpJu/0O","62xTpmMK1LLbVF7t1hiIzj","538FEs+UlAlamcspcsotlr","e09VVmqERDlrPqRhdXWkzY","9dx5piNIRKu7aVjzL248eb","6dhS6fz2VMNI+FnCz7+XSM","a8QufYerFKV4RqP9PgDIiC","50DPyXaFZMbrKfwshWWfNm","15ZBj6wNhNBbbIwAAmN0YA","4dI2Ucl6tKDZeQxdAJtakd","00o95L5XdHt5i4OIp+cZji","deaZezsVVB6K2Dr7Rn67Gt","c7NFBJqXFJXZB4/QyoHCzv","e874rf5RdNH5zMaugdzXfH","ab2L4tp5ZO74Dq0UPXnS0B","c01ARvVIxH05WhFl5WPkGR","c5uHu8abVHhIwTDtsGLO3S","b7cPQKdQlMzaZHyXez71GO","a58ASTZQNJQrMEaiZAj/QU","83B2zzTu5DX4RJaUAVM7PR","8cKiaip2JFwbTOGzqeDzIa","4cjOFnxXlLopkwGIKqMg0t","2cwVAVIp5MHLk3eRbhy7+M","8a3pzBP75JFLBfK4Ilim/x","24wRkX5FBN7KL9JxKaNmTK","daFWxEXjJNJotWGiSMFwID","78ZX9WEfdBv5zNwnfSuiH2","1ew+Rh8sZHzoO/kqBM1dVv","e47JQg9udMqa5MHba2sZM3","88lT661eNA1LFoY3ra0dxl","b6bMxdIQpM+YPmNCJrUeYV","d3C4tq74NH96DYH0DvdOJ2","52MgiTWkJGaJcmixdU546W","b8wAAtzrRIFK6ZWi3hYZ7Y","b408NuCW1Ku7Ol8+aC6Jet","33FA5V4GRMHY2XrWGLKEnI","84ePD5zAxDmpT1fQNSndP4","8fSbbAv15MDKEeDbb+kN9R","7bfrFSnjlKuL8aVI8Oa4jq","43dpGcwJ9DtIuS0V24D6nJ","0b+tki2eBEK7FWoQVM1zvF","81dTV3OlVJ9boTTrnMzWSH","d8CsLRFqJESYNwEVTPnm/k","cdu1z0d0xIGYpBIth9aj25","515TDBSEpOj4zfoCcrgwPU","9bi11KJFFEt4PWgUdQKf4R","52m6sMaH5PoJfJ7dk+YIYg","c6etZ8jRJHKotsgZiY7acr","a1JV6aMl5EHo15ZakXOS1k","552V2KmixFzKl/MxLkMhot","1aUoo9lX5DG7eqfgRVivCe","12Tg14+DZIEogxSpRxv2Au","abnFUwlohLWLvgVTKOwBEe","e7dAERbGFCQqiJYBloMLaN","9a+L1RQulJE6ttuZoQFvAI","06/MGGIKVNXrHJGH6Fhr8U","11l5PMCddMuL8VCruWpXwZ","5dhPrXqcJNs5VDm2/xG/yN","b7hhETW7BO+Z43ekKeCDRk","00ApEYVNVGVKtfwIbex/cg","6fwnRX8eJGO6cTKCtPSR91","e1JU1xBttNJIBoFSIx8xXD","c2yBTiGjJMl4Oi4BoZ9l8y","aczcdIQpdCvpMM4JCwFB8t","1fdCDoSDtObbJQzE5toFyZ","69FXDYdAVK/7xqKWSqHpoT","d5iVpEiHxEWoCR48TyDpw4","46LcPUMwJLKrTLPeH4wEdS","90H9dMz+ZGBq5OtzQqv3F1","b4SX3L4NpM2a75+R34Jkkf","f4ugL8lVpADJQnNM3ZkOFS","84yfs2WX9KPZU5K5ayIGja","bdvlizkSdPZKdSLypGnSSk","11ene6JTVGyKlfOd2vAf1G","e7XWfyvXRGDKEZZrwdMZv9","6c0L0aryJAaLcyeFtRm/rL","ab5b30WepI0JOF6MuRKhaK","8d0fh058BAN6PcM9919U9+","d7iBhoiQxBpayWlAmIxruZ","f1fDDKqo5BdJWdB2pJUstG","b0YtQXGTJDhYgwvQrJnSpu","18W3S9eWFLqpp6aOsA/toW","9aANNixwdEEYL5hR8eZD5d","4dOvBz+JlOdbiadCNSDbiK","23Hq98NRtLOoM9rjOE19N1","cadaBMUupNl4pMsW7CkZgr","18Eq3cTuxLc5tkp/qV8BV5","046lNJ2dFCkrXppTLZzPQD","85qyMMbVhI9ptgYrqglCd3","f8fmaquUlE44dL5rZrKGts","6cFij1kOtFhKalahkQgAgo","1ciLAGR1ZPIr/kF6gdGScj","44BBgszkhBCrVFC6buQY7I","87h73NQQhKM7OvpYOoGrwW","b8YG3WnpJIU4BRjr/4tXxU","0881/dihNJB6x59DN/Mo/Y","36tSNlhA9Ly7HigVFkX1VL","92Qb7Qz6dFTLTrBDvlv+Zo","70QRfbLzlAkZctopohagRm","cd04EpxjJGxIrsUxUVbW39","16CUAFudxDc60mCBFwXmEN","ec5BSVs/VJoppUPTDaIqwN","54/fUT4DlKlIuAIgwJEdzR","d0+LQAEe1IZoC9bHzcmyBH","79MQppHxFGFrKkacBnonuk","71U/PVOZZIqru5rM0iZhbt","58wWId37hDCJcwCKwlltvm","a0mJoRMB9CX74HRjHeQwrp","6crxQuEiVO/5lbgopnUJQQ","28IizleUNJeJoIyX0reSAF","17s9BvGRpPOI1sJ+FLxMnw","10jo1POK5DsqsPz/gzGmdw","3emukv9gdNcp4zinBvDQGx","cf+TCbGg1JxZai7YOv0U4M","0e+4+aERdI8pavWhBN9aMo","a1OveSQTZDuITgBCDy3f9x","b3TCXxZHlDfrLILi4rbG2W","4fzH8g7INI9bB6ys3W/6EU","feAO+lf5VJuZDR+t2DkYTb","ecolZmkmFOnqW0bLBc9X0C","34oUywjUBNqq8/JgfG7BXa","8fhukFtO5LNYuSpucE1dic","b4PwCTINBAC43VNFcPOBGR","f6Ww1wSu1ECZKoYTpU75Uv","74LbKQnbpOZbSNqETCGHDW","c6e1pnEeZC7LDH/BD7pEcW","f0KTsaEypOY7IvoUgvJe2q","b8Ic+4thBGzYtLRdvzWGs8","fclNYfs35Iu7bJZbyTbyBE","c4YfYZaldHSanvdCmDmnoT","16KqDt7aFFK7a6kDTrijR/","c6+8AhUs5JTJMRPXRfVUoz","8dYEAEQzBKbbWAcyqC0880","c3q52afDRLZrLagOvHG6zf","85MesIhoJLgr1zr3GpanbQ","b1Jh9oR2pO5ZatlQcIRBtU","2aR+TDR1lJAIMwT/2XkcLA","01ax/L4lBPW7ojHg926bgH","9aqmLHYERDbLU6YoyhUqiW","d1RZC5VB9FCrkPS00meYah","24VnGHBQtGG6P/+hKB0rX0","59THJzdtFIfJP3PU4huG5a","4b+qsZB3BCQbVKHQvx23YU","f0Niyav9FEcaO2weZcmLmj","d1EpLZGp9OkZhGhyVlXkNW","f1om61RTRCtLB9F40tSXxT","7e3WNFPPRBQaOd0fjjric9","1dI/jodGZNK4mOGLYPqszs","2cdHEqhFlJnZChE+IaGXYp","0ejsYeNoxDV4K6P02CYkaH","4eRYTYhJZN65br06JRpqlf","b4KeZSjTBGvbMqUVWsKoCy","57pnLqU/xLY5atMNOn6qBc","c7eR9JWLVAIKDKbLgLj0GS","33f6X4g/NMV7JPUJYzPGtd","39H5p0sIRP+rfgQZ8jO/rp","dcOCek7j1KE5Hf4FQmtpBT","9d7d66XQ9HVYVUvRR0DHQX","d5Xq7fu9RHzp0BhtA95YLU","33ySzUfqFDxLCV9vt7xbhT","30gat3omZFWJlwjX1Da6lk","89mhtiXwtNzpVVtjOVJNcb","82sH5l7YFBhreFKySp13wv","38ZeG7WZtKgpz1UBca7V+g","b88vlDA8ZD+4KVRH8lcZqQ","85soLCGThAx5/dcl4IN7KR","d2ji8nkWpET713gY6up7/O","a4sM5KpthOLrB2LMr7EMao","fbuk0JPu5PhJwICYicM8vJ","2fCAV0925HNYuzZ8aZR/+H","80AypYa9BLO5Ah2tgk67xY","c7pxJD63NAFau3gqQTJtVt","7cBMO8pndMUqeBbpzICOR9","71Vypd0yhN0Ym4ZupYNl53","11ipS7T5NAn4P9wgDQmr4/","76QzSiT3RGOonUEbmqjYXL","f5k6KhSz1PuZlFmHxtRtii","d8yPM+G/VOZ5YG4DqJ+aIQ","cfySOg9WBH3KRKMP1GszUM","63DRRG6YpC0Kb+0N+QbImw","8adS/u+ptAOqqheSFnOgtz","69nGOAQtxILITnO5KWESMI","8eO3OttQRMr5/yL23eE2SZ","0cc3rB0ERNPoeG2GOtJiXw","bc/aFhujtNkavzYPEruM/0","b4tc7zIsxGGKQYldgn3lb1","4bWknQJ0FOu6Zyq9WtGkP5","4cRop8nBZMPIFIMNgE2T15","b6vGR3No9Aqp0ZcmQT/3jE","a99GVHEClB1IO5QPsFDvvD","f0B0P6mjtNm6Wa39vOtkgc","c10a574ZBJ8pbGKEqqSQvR","77gVBuHpxKTb5bYUQAyqfP","76x01laFFFyLHnPO+aDDeQ","feInYV7sFBl48tgXFX6BXK","06k0ueo6ZLnJdH48zvbxWp","1bsaXcXfRL6Ls0XFxI4Zk1","a8o+nY7e1Loq0ViPzLmlIG","12S/X4a6xBT7QrFNLEfTw6","b798QYRjFIFILCwPaW85vA","5dK4DMWb5FGICkfNOvkHJQ","22HeLHxi1FQ4XPymZ3KXON","93bhwlR0tIQa+ztXFRyLLN","c71UiCYGdMY40pVFEt20UE","6dwy+iOWBDvJs1wGmyXKLP","e17CIhjZRAzYZiSI8zl0TD","5aqJ8/TGlJLZJtfEYUgQ9m","9fJgrBf9xGvIP4IWIgdiG/","49xget1uVBYbjTvRrO1eps","4dLTU27GlEvpGwQMT1D93I","0dZ5O0EntId40+rYH6Xnm2","4d9dIbsvhGxIVdvNJyV3O9","41tSbxTEpPmLMh/CXjjtsH","d0aRSi4nVDApmTGiqsZKNM","55yEBQIjBIdprWf9sT5D7x","b5SSdxTwhCmZIMJsMkGS6R","c6BVwHDflD6ptU72jUCZch","97rD1gcq1NvZHlEUfh7To6","5bn5V2oABJC5m1TC07ccEz","511t77h5dGfbEmfrANmA0I","6fsatc21BCBYmwGDZFJdQa","64hm/ml49EzrFf121cC3kU","1eL5C89phF6K+IfbKYEpia","91iG9ZxbJFJojbzc5UBbyJ","40zKGqD/RMypgTf9stSox6","1agnTWuclLDIg93srIJoC4","83rA6mepxC8oZ2bNs4Sc6K","0eshVUdTlD6bnNOVlEfU5V","34zVssidhFh7Qt2Rwej/28","73yqI8v+NAqIBuT16Adsvc","79nsJvbEtHeqdDe/4uIkp7","c3083Y4jhNAI4SaXuWmpuH","3dmbKZRAJFNb4Wgzn0dID0","95HfPUMPJEu57gQ40G0sTI","91EHZ9wtJGe5XkFRyifgUO","e15h3lNBFEgao2n7wrqtRz","c6up764lZJcbl5n4w7+Y02","79HAOHpB9BebQ67IQ6Y3qI","e9+dsV5FJPlbmLIDn7Rv2A","adaRZyVeJLELS1O9V5sEGQ","dcOBZgNxFLmpkf+hQfNwc2","33HpgtIpJDCa2pd8k0Tboh","f9wUUD/W5DDoNk1jCNWPFp","88pWL/y/hPhLXrlmp/Sv/Q","adFMxkQqlKL5K5R8lBBx+Y","ceQrD9InRCboPCFir1yMZW","e5HlWk+TFMqJLeW7ddXwSU","44SBQPnMJBnZeT8UudgsAp","84Zr2U2+5HuIe9bORutbF0","0834pM3NJKKKKKB67sJ75F","4feWTvvPVNopXPoFxF3xXn","d4uoxkvKNCeIDPQ6OyA6Bh","ecpdLyjvZBwrvm+cedCcQy","a2MjXRFdtLlYQ5ouAFv/+R","2ano2aIntOPK6MFqImSjDr","b55hvqPBJFd4izT/jFNSSi","4e86tigNBAoofmaXaakLC9","b0JugGT2RNuJ8VdVEOCId3","00WqBFGilLrZmFxC65kw6e","2brIhz6CtGaIEGxzYanqOV","b9QeKuOLJJRIylRJD4etaL","a3ii62vnJJfKxd41iX8b75","61Acv7NdFH1JZMZmkGLSUt","f0LeV0QkdPdaajroJV4Kuy","adGENbjMtPkZGx46sl7bJ6","b2ECW60shKW4wyb+H2OAZL","fa7MJlsiRPv5Y2E8xPDQ+f","f506Nmqb5A9IezQX70F0CM","cf61NBGEtPZbjdwvyJMQP1","9fMLVgaI5HJYdVXhEY5U3k","84LDmNQWROPo0Xt5f7F03S","21gV0e+g1Jv7xSJzZphqQN","2dC15FTMpEpa8CABU9uYoe","f0BIwQ8D5Ml7nTNQbh1YlS","3ae7efMv1CLq2ilvUY/tQi","e97GVMl6JHh5Ml5qEDdSGa","29FYIk+N1GYaeWH/q1NxQO","7a/QZLET9IDreTiBfRn2PD","5cO7kybDxGj4ipyMYdRYZB","5f5dyqtRNNxaFmVzYns6FZ","c9VupEoCxGbIrIXOJwwOth","ecCTW49kJJYZX+93y4H/Sv","41WmCv/uJNj4jNJzJwCwdr"],"scenes":{"db://assets/Bundle/RungRam/RungRam.fire":119,"db://assets/Bundle/RungRam/Test.fire":120},"redirect":[1153,0,1154,1,1174,1,1175,0,1176,1,1177,1,1178,0,1181,1,1182,1],"deps":["internal","resources"],"packs":{"04a00f502":[1159,225,87,75,1172,1155,1160,49,72,61,76,79,46,53,83,1157,88,80,1163,68,50,45,223,71,92,73,221,123,54,47,124,48,90,63,91,1171,64,89,85,81,70,52,58,1170,84,56,51,86,1165,1158,1166,69,1156,67,1161,82,66,55,57,1169,78,59,62,77,1164,65,74,1167,119],"01b467a15":[485,470,467,494,484,471,491,477,480,490,495,482,468,488,481,472,475,492,473,476,478,479,469,493,466,489,483,474,486,487],"060a9a359":[1021,1025,1022,1023,1028,1026,1020,1027,1024,1019],"07969967e":[1015,1012,1001,1011,1010,1013,1018,1003,1007,1009,1006,1005,1008,1016,1017,1014,1004,1002],"0f6415919":[1038,1031,1037,1035,1033,1039,1036,1034,1030,1032,1040,1029],"01fb41490":[243,240,252,251,247,238,245,241,250,249,246,239,244,242,248],"0f1c80198":[354,310,355,341,265,344,325,336,324,275,346,315,351,289,316,299,253,276,312,294,313,260,288,283,292,262,347,330,322,343,334,284,280,269,323,277,287,319,349,267,293,274,311,298,300,335,258,273,278,320,352,254,263,304,348,157,281,309,350,307,286,302,279,331,329,314,301,342,306,290,332,272,282,256,266,327,295,338,296,264,255,318,297,259,305,291,345,308,328,317,271,285,303,337,340,333,268,257,339,321,261],"0ddc4287e":[359,356,357,361],"0aa835682":[158,358,360],"08fdbb4f9":[362,364,365,363,159],"08d2d7832":[370,366,367],"0e96d8c0d":[369,368,160],"0bcd6f13d":[376,377,371,372,379,373,374,380,375,378],"0d191df1f":[381,384,382,383],"05813ee06":[398,390,389,387,415,402,432,397,420,422,399,425,407,428,408,392,388,396,417,418,395,427,409,416,433,414,412,411,405,423,393,385,421,419,163,403,424,410,434,426,404,429,413,406,391,394],"07a02004d":[445,444,435,448,446,438,440,443,436,441,442,439,447,437],"06753ec55":[457,456,454,455,461,452,453,462],"0769cc9c1":[465,463,464,166],"0427a472c":[503,511,507,501,510,505,509,502,506,498,504,500,496,497,508,499],"035641cc2":[512,518,520,513,521,519,517,515,516,514,522],"0919baeb9":[524,525,527,526],"03ff76c80":[523,170],"075fc539e":[529,530,528],"09064c5e2":[532,535,531],"02dceb5ec":[544,538,541,537,548,543,546,540,536,547,545,539,542],"07159d8d7":[551,550,553,552],"08612149b":[556,555,554],"02ce02ce5":[575,562,566,564,563,561,559,560,565,572,569,557,568,576,558,573,571,570,567,574],"0c5008112":[577,578,579],"0237ceec1":[584,581,582,583],"058efa134":[585,588,586,587],"0167f7400":[594,602,597,592,607,601,593,605,589,600,603,590,609,599,608,598,591,595,604,596,606],"09cadc016":[626,627,619,610,613,612,618,623,624,616,620,622,628,615,611,625,614,621,617,629],"019d77e91":[644,637,676,672,636,674,648,652,664,679,680,667,642,646,668,656,669,633,643,634,630,677,670,650,675,645,657,666,659,635,673,663,641,661,658,638,651,655,653,640,671,631,678,632,665,662,660,639,654,647,649],"041219e5e":[730,684,703,694,697,696,683,699,693,705,695,704,723,716,711,728,681,702,700,715,719,701,717,714,712,722,725,718,688,691,706,687,689,727,707,686,709,710,731,713,698,721,724,720,690,692,726,682,685,729,708],"049572e6e":[780,776,745,740,754,767,739,773,761,735,760,751,758,778,747,732,781,734,766,748,744,750,737,756,779,782,742,774,772,769,749,746,736,738,755,762,759,768,777,757,752,764,743,763,741,765,770,733,753,771,775],"0e672007e":[785,801,788,799,786,797,790,791,803,800,792,795,794,793,796,789,802,784,787,798,783],"0299e3aa9":[809,843,808,847,850,823,841,849,814,812,851,819,836,852,821,844,804,842,839,820,846,853,813,815,824,837,834,835,825,845,833,811,827,816,818,810,826,854,822,805,828,807,831,817,848,829,830,838,832,806,840],"0aa3c0064":[858,857,867,861,866,868,856,859,872,869,873,871,862,860,855,863,865,864,874,870],"0c03c0379":[885,877,882,881,880,884,883,876,878,879,875],"0fe490cd7":[887,891,886],"0829647da":[888,186,890,889,893],"0a403236c":[911,909,900,910,908,903,902,906,901,899,905,907,896,913,894,895,912,904,898,897],"04d565d09":[928,925,923,922,933,927,920,930,924,921,919,915,931,918,934,916,917,932,926,929,914],"02702c040":[941,936,940,939,942,937,938],"0fe299651":[960,956,957,952,951,945,947,950,958,961,955,946,949,953,959,963,948,944,943,962,954],"01b79e505":[988,974,987,982,965,985,968,984,966,976,972,978,969,983,977,964,981,970,973,986,967,979,975,980,971],"01373c85e":[996,992,997,993,991,999,989,994,998,192,995,1000,990],"0e01aac40":[1041,1043,1045,1046],"0b1c5e136":[196,1048,1044],"0cc08d2d5":[1050,1049,1061,1055,1060,1056,1051,1053,1058,1052,1054,1059,1057],"0c08f667d":[1070,1064,1074,1073,1071,1063,1066,1062,1068,1065,1072,1067,1069],"0d6364a60":[1096,1084,1075,1099,1097,1102,1087,1088,1101,1080,1082,1076,1094,1093,1081,1083,1103,1098,1090,1086,1089,1100,1085,1092,1079,1078,1091,1095],"09e67611c":[199,1077],"0637f9ca7":[1150,1111,1128,1126,1123,1142,1129,1133,1125,1113,1148,1109,1110,1112,1151,1120,1115,1107,1119,1122,1105,1121,1130,1138,1131,1127,1149,1135,1124,1134,1118,1108,1145,1140,1116,1132,1117,1137,1104,1146,1114,1152,1141,200,1136,1106,1147,1139,1143],"04e9ad14b":[201,202],"01ec809dc":[203,204],"0a9505270":[210,214,213,205,209,212],"07d2e8b33":[534,533],"051253ba5":[1042,1047],"045f8775d":[1183,1162,1168],"089a2b8e7":[353,326,270],"027c85577":[1179,1180],"047829086":[460,451,450],"0ad1f8f7d":[15,10,31,95,108,9,100,43,4,26,3,97,30,27,234,42,118,25,8,6,101,5,12,235,105,24,111,106,21,93,107,39,35,96,2,38,7,23,102,32,33,28,18,236,34,110,29,16,37,1,36,14,104,13,11,17,99,98,237,41,94,22,103,44,0,233,109,40,20,19]},"name":"42","importBase":"import","nativeBase":"native","debug":false,"isZip":false,"encrypted":false,"versions":{"import":[167,"8a776","01373c85e","8df4a","0167f7400","15036","019d77e91","84239","01b467a15","1eda9","01b79e505","c60c6","01ec809dc","a615b","01fb41490","64ebe","0237ceec1","dd7bb","02702c040","c9a91","027c85577","c370b","0299e3aa9","a9a2c","02ce02ce5","b623c","02dceb5ec","c3170","035641cc2","00839","03ff76c80","26cdb","041219e5e","5cbfc","0427a472c","78855","045f8775d","5243a","047829086","63114","049572e6e","a2d0d","04a00f502","41fb0","04d565d09","74c5c","04e9ad14b","d2ecd","051253ba5","fbc8f","05813ee06","8a752","058efa134","6eba7","060a9a359","2ee81","0637f9ca7","80e9e","06753ec55","f1dc3","07159d8d7","c63cb","075fc539e","d2d48","0769cc9c1","f5c25","07969967e","ff9bb","07a02004d","77330","07d2e8b33","86d01",227,"5b532","0829647da","913ca","08612149b","cba90","089a2b8e7","4a462","08d2d7832","53409",195,"4192d","08fdbb4f9","989e0","09064c5e2","442fe","0919baeb9","02a1e",114,"c1b2d","09cadc016","cf569","09e67611c","c93c6","0a403236c","dc6d0","0a9505270","6d70b","0aa3c0064","c2249","0aa835682","6da65","0ad1f8f7d","7f47f","0b1c5e136","8babb","0bcd6f13d","6028d","0c03c0379","f92f0","0c08f667d","f497f","0c5008112","59c76","0cc08d2d5","6b3c4","0d191df1f","849c7","0d6364a60","9b9db","0ddc4287e","b9330","0e01aac40","88798","0e672007e","482e3","0e96d8c0d","99af1","0f1c80198","91b1b","0f6415919","41735","0fe299651","f0f6b","0fe490cd7","8e06d",133,"63127",181,"8ddcb",449,"a1e62",125,"9ed0d",211,"599e6",116,"bbefc",175,"e4ea1",144,"b33db",174,"a6b20",217,"38ab6",190,"15e64",183,"c7554",386,"59c67",220,"1dc8d",128,"d3199",113,"21fdb",430,"8407b",165,"9b525",224,"6319f",1173,"03367",198,"26f9f",120,"53eea",458,"58fd3",141,"40f71",130,"1ace3",400,"0bd97",187,"869dd",162,"ae20e",892,"ab57d",184,"4db6e",179,"a3ccc",431,"5330a",180,"74c5e",230,"d473a",207,"91ebd",164,"d9c49",139,"a4044",215,"40ab5",176,"4e2db",208,"81ea1",188,"1819b",138,"13fbb",168,"a27ed",549,"4241a",126,"a8093",229,"87fa0",173,"35f1b",459,"d01c1",156,"a20d9",206,"48862",131,"c0008",147,"db553",232,"19238",171,"b2f78",1144,"4fe8a",401,"89ce9",145,"4dbea",137,"9b87f",218,"36b71",134,"ff517",189,"3385f",142,"870c3",580,"b84a1",226,"7a08b",150,"d03b3",148,"3cb34",154,"edbcb",194,"daca9",172,"78bae",197,"1eee8",129,"42d72",60,"1de82",228,"be2ca",161,"665c4",935,"67126",127,"687cd",135,"a5483",132,"a6901",193,"7d500",182,"abe6d",177,"0e303",216,"0680f",222,"915e7",219,"848bf",121,"876a1",178,"d222e",115,"5d4e9",155,"ea8ab",140,"e8b3a",117,"99e7f",191,"3deeb",122,"b9908",185,"6ec69",151,"a511d",143,"6db1f",231,"dd9aa",146,"8c9ed",149,"07d08",112,"1737e",169,"e4c9b",152,"b802d",136,"fe736",153,"3a176"],"native":[15,"d77e6",10,"b8374",31,"b3d78",87,"5b688",114,"210de",95,"6420d",108,"90cf4",9,"7a622",100,"2df2f",43,"cd71b",75,"2f958",4,"ddebc",116,"210de",26,"89954",113,"210de",49,"79352",72,"aa4b5",61,"248e5",76,"52b25",79,"484a9",46,"f7e87",3,"a22a6",97,"f3b96",30,"c955c",27,"ade2a",53,"efd49",234,"4265d",83,"b93b9",42,"9b560",118,"fdbff",25,"d0ec7",8,"117cc",6,"0f330",101,"4f9f7",5,"7a339",12,"6cd5b",88,"687b2",80,"f1ad5",235,"6d707",105,"4edee",68,"8fad1",50,"a30dd",45,"baad3",24,"4d603",111,"766c1",71,"ba782",92,"4b7dd",73,"5a42a",54,"ddb3e",47,"2abd6",106,"83fcc",21,"99532",93,"1584c",48,"39f0e",90,"012b9",107,"0fa47",39,"63e70",63,"31ecd",91,"f438a",35,"6aff9",64,"26dcd",96,"928d0",89,"9072a",2,"73e4d",85,"1eba9",81,"578d0",70,"004c9",38,"104fd",7,"c1d99",23,"f036a",52,"ee44b",102,"d23df",32,"d4e9f",33,"bacf7",58,"81bf4",28,"a8519",84,"624d8",56,"46752",18,"2210e",236,"37b53",51,"01aae",34,"0c6d4",86,"ecb16",110,"15b71",60,"c3f38",69,"35c70",67,"babe8",29,"a6613",16,"d9a37",82,"2973c",37,"a7e43",1,"3238e",66,"e06c9",55,"8ab15",36,"cf5ed",14,"4ccf3",104,"33f44",13,"e4ce7",11,"a4c19",57,"7268a",17,"280bb",99,"6134e",98,"3c8ca",237,"d55c2",115,"210de",41,"63f81",117,"210de",78,"81a65",59,"0864c",94,"4d902",62,"76a4c",22,"c6fc7",77,"bf484",103,"c06a9",112,"210de",44,"1608f",0,"e1e06",65,"61d2b",233,"284a9",109,"2987a",74,"1afd4",40,"66a25",20,"f39c8",19,"49626"]}}