[
  1,
  [
    "88TtZqGNNNeoC7Zl5GO1OP",
    "a19D+rjWpFn5JepORMbR7O"
  ],
  [
    "spriteFrame",
    "_textureSetter"
  ],
  [
    "cc.SpriteFrame",
    [
      "cc.BitmapFont",
      [
        "_name",
        "fontSize",
        "_fntConfig"
      ],
      0
    ]
  ],
  [
    [
      1,
      0,
      1,
      2,
      4
    ]
  ],
  [
    [
      [
        [
          0,
          "fontTime-export",
          32,
          {
            "commonHeight": 80,
            "fontSize": 32,
            "atlasName": "C:\\Users\\Ad\\Downloads\\fontTime-export.png",
            "fontDefDictionary": {
              "9": {
                "xOffset": 0,
                "yOffset": 0,
                "xAdvance": 160,
                "rect": {
                  "x": 0,
                  "y": 0,
                  "width": 0,
                  "height": 0
                }
              },
              "32": {
                "xOffset": 0,
                "yOffset": 0,
                "xAdvance": 20,
                "rect": {
                  "x": 0,
                  "y": 0,
                  "width": 0,
                  "height": 0
                }
              },
              "48": {
                "xOffset": 0,
                "yOffset": -34,
                "xAdvance": 97,
                "rect": {
                  "x": 0,
                  "y": 0,
                  "width": 96,
                  "height": 115
                }
              },
              "49": {
                "xOffset": 0,
                "yOffset": -35,
                "xAdvance": 47,
                "rect": {
                  "x": 186,
                  "y": 0,
                  "width": 46,
                  "height": 115
                }
              },
              "50": {
                "xOffset": 0,
                "yOffset": -36,
                "xAdvance": 80,
                "rect": {
                  "x": 345,
                  "y": 0,
                  "width": 79,
                  "height": 117
                }
              },
              "51": {
                "xOffset": 0,
                "yOffset": -35,
                "xAdvance": 80,
                "rect": {
                  "x": 265,
                  "y": 118,
                  "width": 79,
                  "height": 115
                }
              },
              "52": {
                "xOffset": 0,
                "yOffset": -36,
                "xAdvance": 97,
                "rect": {
                  "x": 0,
                  "y": 116,
                  "width": 96,
                  "height": 117
                }
              },
              "53": {
                "xOffset": 0,
                "yOffset": -35,
                "xAdvance": 80,
                "rect": {
                  "x": 345,
                  "y": 118,
                  "width": 79,
                  "height": 115
                }
              },
              "54": {
                "xOffset": 0,
                "yOffset": -35,
                "xAdvance": 84,
                "rect": {
                  "x": 97,
                  "y": 116,
                  "width": 83,
                  "height": 115
                }
              },
              "55": {
                "xOffset": 0,
                "yOffset": -35,
                "xAdvance": 84,
                "rect": {
                  "x": 181,
                  "y": 116,
                  "width": 83,
                  "height": 115
                }
              },
              "56": {
                "xOffset": 0,
                "yOffset": -35,
                "xAdvance": 89,
                "rect": {
                  "x": 97,
                  "y": 0,
                  "width": 88,
                  "height": 115
                }
              },
              "57": {
                "xOffset": 0,
                "yOffset": -37,
                "xAdvance": 80,
                "rect": {
                  "x": 265,
                  "y": 0,
                  "width": 79,
                  "height": 117
                }
              }
            },
            "kerningDict": {}
          }
        ]
      ],
      0,
      0,
      [
        0
      ],
      [
        0
      ],
      [
        0
      ]
    ],
    [
      [
        {
          "name": "fontTime-export",
          "rect": [
            0,
            0,
            424,
            233
          ],
          "offset": [
            -44,
            11.5
          ],
          "originalSize": [
            512,
            256
          ],
          "capInsets": [
            0,
            0,
            0,
            0
          ]
        }
      ],
      [
        0
      ],
      0,
      [
        0
      ],
      [
        1
      ],
      [
        1
      ]
    ]
  ]
]