[
  1,
  [
    "e84o5eVxFFWJzEOtFVAUa4",
    "99R9skJ01JUarJebSVIdCU",
    "a2LKQiKYpLEIguBZz9KXRU",
    "d1F2woBeVI0oJ4fa67OX8a",
    "c8T5nthS5CT5hY0uSVSy7D",
    "behES76stG4r1ZkBNlrewp",
    "22k+WJxCNHFKxQtdGMVQua",
    "dbR3AJcJxK65CR05ixqd4S",
    "54MXMj6lxLdqJfIQ8DVkx+",
    "be5NXE/cZBCJN2VIgkhUSH",
    "21HCqAzAxH/684LnmyRqTA",
    "ebhfvntElI1YHQmNWoOl5H",
    "33GEkbe2lF5LoLdBB1VqTI",
    "4355VCDANCmI2LwABaiA1L",
    "24Qlz7S3pAC6Gl+bSRqONg",
    "2fQlNTOZlIEolJVxPBapCi",
    "c3UzakpfRMqIKBsSO0iRDl",
    "9ctoe3AYJOCr9wAk1uoEmc",
    "3cfZ4QXq9NU5KP/mGwZct7",
    "01TjB9Sk9JCKiwaPexN9c3",
    "e9VKsAjadOc6T63IhRvNgU",
    "f9zyB13RhG8JzFRJj29zIs",
    "13XjDFlZNJoJcHbyFBbYh4",
    "18bRA+YZJOeZMlbA0APyd8"
  ],
  [
    "value"
  ],
  [
    [
      "cc.AnimationClip",
      [
        "_name",
        "_duration",
        "sample",
        "wrapMode",
        "curveData"
      ],
      -1,
      11
    ]
  ],
  [
    [
      0,
      0,
      1,
      2,
      3,
      4,
      5
    ]
  ],
  [
    [
      0,
      "ActiveIcon",
      1.6,
      15,
      2,
      [
        {},
        "comps",
        11,
        [
          {},
          "cc.Sprite",
          11,
          [
            {},
            "spriteFrame",
            12,
            [
              [
                [
                  {
                    "frame": 0
                  },
                  "value",
                  6,
                  0
                ],
                [
                  {
                    "frame": 0.06666666666666667
                  },
                  "value",
                  6,
                  1
                ],
                [
                  {
                    "frame": 0.13333333333333333
                  },
                  "value",
                  6,
                  2
                ],
                [
                  {
                    "frame": 0.2
                  },
                  "value",
                  6,
                  3
                ],
                [
                  {
                    "frame": 0.26666666666666666
                  },
                  "value",
                  6,
                  4
                ],
                [
                  {
                    "frame": 0.3333333333333333
                  },
                  "value",
                  6,
                  5
                ],
                [
                  {
                    "frame": 0.4
                  },
                  "value",
                  6,
                  6
                ],
                [
                  {
                    "frame": 0.4666666666666667
                  },
                  "value",
                  6,
                  7
                ],
                [
                  {
                    "frame": 0.5333333333333333
                  },
                  "value",
                  6,
                  8
                ],
                [
                  {
                    "frame": 0.6
                  },
                  "value",
                  6,
                  9
                ],
                [
                  {
                    "frame": 0.6666666666666666
                  },
                  "value",
                  6,
                  10
                ],
                [
                  {
                    "frame": 0.7333333333333333
                  },
                  "value",
                  6,
                  11
                ],
                [
                  {
                    "frame": 0.8
                  },
                  "value",
                  6,
                  12
                ],
                [
                  {
                    "frame": 0.8666666666666667
                  },
                  "value",
                  6,
                  13
                ],
                [
                  {
                    "frame": 0.9333333333333333
                  },
                  "value",
                  6,
                  14
                ],
                [
                  {
                    "frame": 1
                  },
                  "value",
                  6,
                  15
                ],
                [
                  {
                    "frame": 1.0666666666666667
                  },
                  "value",
                  6,
                  16
                ],
                [
                  {
                    "frame": 1.1333333333333333
                  },
                  "value",
                  6,
                  17
                ],
                [
                  {
                    "frame": 1.2
                  },
                  "value",
                  6,
                  18
                ],
                [
                  {
                    "frame": 1.2666666666666666
                  },
                  "value",
                  6,
                  19
                ],
                [
                  {
                    "frame": 1.3333333333333333
                  },
                  "value",
                  6,
                  20
                ],
                [
                  {
                    "frame": 1.4
                  },
                  "value",
                  6,
                  21
                ],
                [
                  {
                    "frame": 1.4666666666666666
                  },
                  "value",
                  6,
                  22
                ],
                [
                  {
                    "frame": 1.5333333333333334
                  },
                  "value",
                  6,
                  23
                ]
              ],
              11,
              11,
              11,
              11,
              11,
              11,
              11,
              11,
              11,
              11,
              11,
              11,
              11,
              11,
              11,
              11,
              11,
              11,
              11,
              11,
              11,
              11,
              11,
              11
            ]
          ]
        ]
      ]
    ]
  ],
  0,
  0,
  [
    0,
    0,
    0,
    0,
    0,
    0,
    0,
    0,
    0,
    0,
    0,
    0,
    0,
    0,
    0,
    0,
    0,
    0,
    0,
    0,
    0,
    0,
    0,
    0
  ],
  [
    0,
    0,
    0,
    0,
    0,
    0,
    0,
    0,
    0,
    0,
    0,
    0,
    0,
    0,
    0,
    0,
    0,
    0,
    0,
    0,
    0,
    0,
    0,
    0
  ],
  [
    0,
    1,
    2,
    3,
    4,
    5,
    6,
    7,
    8,
    9,
    10,
    11,
    12,
    13,
    14,
    15,
    16,
    17,
    18,
    19,
    20,
    21,
    22,
    23
  ]
]