{
    "paths": {
        "31GJUXMd1H4IuTlcgnqKTR": [
            "ArtNew/AutoAtlas/ngocrong/B1",
            "cc.SpriteFrame",
            1
        ],
        "9c/+eji59PS7mFCQ3lyhxC": [
            "ArtNew/AutoAtlas/ngocrong/B1",
            "cc.Texture2D"
        ],
        "bbF+PVAItHz42e8C+ekPDJ": [
            "ArtNew/AutoAtlas/ngocrong/B2",
            "cc.SpriteFrame",
            1
        ],
        "eeU7/+xFlMBpUur3IrY2vb": [
            "ArtNew/AutoAtlas/ngocrong/B2",
            "cc.Texture2D"
        ],
        "83i1ZR+WRI/5Uz/6QzIjG+": [
            "ArtNew/AutoAtlas/ngocrong/B3",
            "cc.SpriteFrame",
            1
        ],
        "eb6R/i+5VFUoK+zUcrkp8S": [
            "ArtNew/AutoAtlas/ngocrong/B3",
            "cc.Texture2D"
        ],
        "021Cxxr+ZGjJtC4McW21li": [
            "ArtNew/AutoAtlas/ngocrong/B4",
            "cc.SpriteFrame",
            1
        ],
        "54JZzvm8hAc47fIam0gTzC": [
            "ArtNew/AutoAtlas/ngocrong/B4",
            "cc.Texture2D"
        ],
        "18z8b0NkxMKYDNxk9lHzi2": [
            "ArtNew/AutoAtlas/ngocrong/B5",
            "cc.Texture2D"
        ],
        "dcMkk/dyhDY6QRs6bgtDYa": [
            "ArtNew/AutoAtlas/ngocrong/B5",
            "cc.SpriteFrame",
            1
        ],
        "12ARZ0FIJIZK8Dq6Y+/gDg": [
            "ArtNew/AutoAtlas/ngocrong/B6",
            "cc.SpriteFrame",
            1
        ],
        "afyRhx6qhEOImfLrTtke95": [
            "ArtNew/AutoAtlas/ngocrong/B6",
            "cc.Texture2D"
        ],
        "18zB9ph2NCoojwauyjZTg7": [
            "ArtNew/AutoAtlas/ngocrong/B7",
            "cc.Texture2D"
        ],
        "aftP/r6NJAZ6U5pkiBgyEK": [
            "ArtNew/AutoAtlas/ngocrong/B7",
            "cc.SpriteFrame",
            1
        ],
        "b1/jhj33hC+qEd3Omh9AN6": [
            "ArtNew/AutoAtlas/ngocrong/Ball Bright",
            "cc.SpriteFrame",
            1
        ],
        "ceesShRtpP7b91n2HF7RDZ": [
            "ArtNew/AutoAtlas/ngocrong/Ball Bright",
            "cc.Texture2D"
        ],
        "22ef/EpzlHlY6vcaYtURgQ": [
            "ArtNew/AutoAtlas/ngocrong/Ball Light",
            "cc.SpriteFrame",
            1
        ],
        "31/u3BJUlDOp9RyeOb/ZX+": [
            "ArtNew/AutoAtlas/ngocrong/Ball Light",
            "cc.Texture2D"
        ],
        "a6xnzVmw5ChK9pb72Lqy0C": [
            "ArtNew/AutoAtlas/ngocrong/Ball Sparkle",
            "cc.Texture2D"
        ],
        "feyByKnr5GNYPWH4lxbEvH": [
            "ArtNew/AutoAtlas/ngocrong/Ball Sparkle",
            "cc.SpriteFrame",
            1
        ],
        "a337VreppOZIvs+S9BjcL7": [
            "ArtNew/AutoAtlas/ngocrong/CTRITICAL",
            "cc.SpriteFrame",
            1
        ],
        "cc3p1iXZpEPI+l9+o5N1f9": [
            "ArtNew/AutoAtlas/ngocrong/CTRITICAL",
            "cc.Texture2D"
        ],
        "89lcTqjIVHVbZp81LTuHFF": [
            "ArtNew/AutoAtlas/ngocrong/Glow",
            "cc.SpriteFrame",
            1
        ],
        "f3ITFDZ+9HYoVKLCZibii0": [
            "ArtNew/AutoAtlas/ngocrong/Glow",
            "cc.Texture2D"
        ],
        "0aqYmu7lRAI5+K3jSwtZK0": [
            "ArtNew/AutoAtlas/ngocrong/Hit Glow",
            "cc.SpriteFrame",
            1
        ],
        "80by1LK5dEwJfrNuIi1oxW": [
            "ArtNew/AutoAtlas/ngocrong/Hit Glow",
            "cc.Texture2D"
        ],
        "7cXFjqF4dJAbUi8UJMTwmX": [
            "ArtNew/AutoAtlas/ngocrong/Hit Light",
            "cc.Texture2D"
        ],
        "ebEoqxaZZD5Y9zeixt5pT6": [
            "ArtNew/AutoAtlas/ngocrong/Hit Light",
            "cc.SpriteFrame",
            1
        ],
        "3cdWsI0pVLfKHQntpaR5ho": [
            "ArtNew/AutoAtlas/ngocrong/Image",
            "cc.Texture2D"
        ],
        "d30fVboN9PSJlr4IkJwM5z": [
            "ArtNew/AutoAtlas/ngocrong/Image",
            "cc.SpriteFrame",
            1
        ],
        "79j3oMr75OyboDsBb2XORr": [
            "ArtNew/AutoAtlas/ngocrong/ItemMiniBoss123",
            "cc.SpriteFrame",
            1
        ],
        "b67c/ngUNB+po/+A13AAOh": [
            "ArtNew/AutoAtlas/ngocrong/ItemMiniBoss123",
            "cc.Texture2D"
        ],
        "71ziOLRh5MRpAAqBBej85S": [
            "ArtNew/AutoAtlas/ngocrong/ItemMiniBoss1234",
            "cc.Texture2D"
        ],
        "85ViCi/DdE+K0NkW66OWVi": [
            "ArtNew/AutoAtlas/ngocrong/ItemMiniBoss1234",
            "cc.SpriteFrame",
            1
        ],
        "3dVJHyNzxGxKJe3HiUBvhH": [
            "ArtNew/AutoAtlas/ngocrong/MBBoom1",
            "cc.SpriteFrame",
            1
        ],
        "e2FlOzrM1CzL87R1FoHoXM": [
            "ArtNew/AutoAtlas/ngocrong/MBBoom1",
            "cc.Texture2D"
        ],
        "3fy0BFBXBCI6C1uiIX+yN3": [
            "ArtNew/AutoAtlas/ngocrong/MBItem1",
            "cc.SpriteFrame",
            1
        ],
        "958rS1D3FJ7IsXfocrfSgs": [
            "ArtNew/AutoAtlas/ngocrong/MBItem1",
            "cc.Texture2D"
        ],
        "136IiL4cdE5oWkfxPSkhqy": [
            "ArtNew/AutoAtlas/ngocrong/MBLightEF",
            "cc.Texture2D"
        ],
        "c4AXsC1gJEEYi38DLDetZp": [
            "ArtNew/AutoAtlas/ngocrong/MBLightEF",
            "cc.SpriteFrame",
            1
        ],
        "03cbsmhi9Dvr7j15X4qFY4": [
            "ArtNew/AutoAtlas/ngocrong/MBLightning1",
            "cc.Texture2D"
        ],
        "55/7UalyJJG7JyzBLbOQqN": [
            "ArtNew/AutoAtlas/ngocrong/MBLightning1",
            "cc.SpriteFrame",
            1
        ],
        "56pc8QGBhHbK2Uf53zrBSJ": [
            "ArtNew/AutoAtlas/ngocrong/MBLightning2",
            "cc.SpriteFrame",
            1
        ],
        "998df4kNBHyZxUsWuxxxME": [
            "ArtNew/AutoAtlas/ngocrong/MBLightning2",
            "cc.Texture2D"
        ],
        "a0n/+pJFtJC4YbLVSy56tJ": [
            "ArtNew/AutoAtlas/ngocrong/MBLightning3",
            "cc.SpriteFrame",
            1
        ],
        "d72m3l9vxPNr0C8ISdP1Nn": [
            "ArtNew/AutoAtlas/ngocrong/MBLightning3",
            "cc.Texture2D"
        ],
        "47pLsnqLpGdZmluENtDWU/": [
            "ArtNew/AutoAtlas/ngocrong/MBLightning4",
            "cc.SpriteFrame",
            1
        ],
        "92zoAsTr1MZZHiFYvdZAlz": [
            "ArtNew/AutoAtlas/ngocrong/MBLightning4",
            "cc.Texture2D"
        ],
        "0dcbdgaGpPEZaGT7nXA4L2": [
            "ArtNew/AutoAtlas/ngocrong/MBLightning5",
            "cc.Texture2D"
        ],
        "7cXUI46w1FEKSPOhLMgvUn": [
            "ArtNew/AutoAtlas/ngocrong/MBLightning5",
            "cc.SpriteFrame",
            1
        ],
        "93tuDAbYJL+Lr9ckmRhr/q": [
            "ArtNew/AutoAtlas/ngocrong/MBLightning6",
            "cc.Texture2D"
        ],
        "f45+PAag9Hv4gmu6O7MD8d": [
            "ArtNew/AutoAtlas/ngocrong/MBLightning6",
            "cc.SpriteFrame",
            1
        ],
        "6b6r9UBMNF8bb5k99b8Yll": [
            "ArtNew/AutoAtlas/ngocrong/MBLightning7",
            "cc.Texture2D"
        ],
        "987nYJbpxPk5CzeXqfWW3h": [
            "ArtNew/AutoAtlas/ngocrong/MBLightning7",
            "cc.SpriteFrame",
            1
        ],
        "424K8boyFLGLNrmyujgF9q": [
            "ArtNew/AutoAtlas/ngocrong/Sao7Canh",
            "cc.SpriteFrame",
            1
        ],
        "66uS+h0cJFur6a+fJMbfyQ": [
            "ArtNew/AutoAtlas/ngocrong/Sao7Canh",
            "cc.Texture2D"
        ],
        "305maMmSxI37uuGAm1loEc": [
            "ArtNew/AutoAtlas/ngocrong/Slot7Bright",
            "cc.SpriteFrame",
            1
        ],
        "74dvaBNJ5EfZHXcszdSF5j": [
            "ArtNew/AutoAtlas/ngocrong/Slot7Bright",
            "cc.Texture2D"
        ],
        "35V2i+4p1Du7cM+YiPBHWi": [
            "ArtNew/AutoAtlas/ngocrong/Slot7Spin",
            "cc.SpriteFrame",
            1
        ],
        "38kiCO/epORrMFSWEuFEy+": [
            "ArtNew/AutoAtlas/ngocrong/Slot7Spin",
            "cc.Texture2D"
        ],
        "33lXpM5BFANLuZ2LvL4V98": [
            "ArtNew/AutoAtlas/ngocrong/dropEff1",
            "cc.SpriteFrame",
            1
        ],
        "5efqCZmWhFNqym0bNp3nQl": [
            "ArtNew/AutoAtlas/ngocrong/dropEff1",
            "cc.Texture2D"
        ],
        "26s3frlY5DwKtKG7cy023K": [
            "ArtNew/AutoAtlas/ngocrong/dropEff2",
            "cc.Texture2D"
        ],
        "80tuMHrGZDy78Gp56uAJcE": [
            "ArtNew/AutoAtlas/ngocrong/dropEff2",
            "cc.SpriteFrame",
            1
        ],
        "71EpTxjo5P/Zsx4hK8GJI5": [
            "ArtNew/AutoAtlas/ngocrong/eff1",
            "cc.Texture2D"
        ],
        "beEIqtOchO05WWGCEPqEU1": [
            "ArtNew/AutoAtlas/ngocrong/eff1",
            "cc.SpriteFrame",
            1
        ],
        "0bh0YDjp9F6ZxAEZ0HmTCf": [
            "ArtNew/AutoAtlas/ngocrong/eff2",
            "cc.SpriteFrame",
            1
        ],
        "3eAAFK9AZNjbvyNExingAc": [
            "ArtNew/AutoAtlas/ngocrong/eff2",
            "cc.Texture2D"
        ],
        "9dEVEUsztPYZPaKe5UlBNt": [
            "ArtNew/AutoAtlas/ngocrong/eff3",
            "cc.Texture2D"
        ],
        "eaOiY6Mj9DPLEO3MLjkhiv": [
            "ArtNew/AutoAtlas/ngocrong/eff3",
            "cc.SpriteFrame",
            1
        ],
        "105ly6t2ZFmrq/YOzU019j": [
            "ArtNew/AutoAtlas/ngocrong/eff_bengoc",
            "cc.SpriteFrame",
            1
        ],
        "a0RLhmrmdMKIMYaxSevSvJ": [
            "ArtNew/AutoAtlas/ngocrong/eff_bengoc",
            "cc.Texture2D"
        ],
        "79tuBaMIJG/4NnEauPIm8v": [
            "ArtNew/AutoAtlas/ngocrong/eff_ngoc",
            "cc.SpriteFrame",
            1
        ],
        "8fxr2c0nVMLp6VxW0FpTer": [
            "ArtNew/AutoAtlas/ngocrong/eff_ngoc",
            "cc.Texture2D"
        ],
        "23t8JWAeJMW6W0Lc/vNNwT": [
            "ArtNew/AutoAtlas/ngocrong/finMiniBoss",
            "cc.Texture2D"
        ],
        "36NYqUQLVBYoxxgZHKi+ug": [
            "ArtNew/AutoAtlas/ngocrong/finMiniBoss",
            "cc.SpriteFrame",
            1
        ],
        "09JzjnSTlApr3H9ZoqwP+x": [
            "ArtNew/AutoAtlas/ngocrong/kim",
            "cc.Texture2D"
        ],
        "f8ZV/VsxxJqrZmVt+l6vID": [
            "ArtNew/AutoAtlas/ngocrong/kim",
            "cc.SpriteFrame",
            1
        ],
        "5cQS+YkC1CR7m+ieqpV/KH": [
            "ArtNew/AutoAtlas/ngocrong/x2",
            "cc.SpriteFrame",
            1
        ],
        "f5PK4Te5dC5ZrI9D/rcQxV": [
            "ArtNew/AutoAtlas/ngocrong/x2",
            "cc.Texture2D"
        ],
        "20ontPJUVKo7tdpG/+31bW": [
            "ArtNew/AutoAtlas/ngocrong/x2 Bright",
            "cc.Texture2D"
        ],
        "a2nJ3DZO1IkqOLpuijtEVE": [
            "ArtNew/AutoAtlas/ngocrong/x2 Bright",
            "cc.SpriteFrame",
            1
        ],
        "47akwU3uZBRov+M0STC7+2": [
            "ArtNew/AutoAtlas/ngocrong/x3",
            "cc.SpriteFrame",
            1
        ],
        "4ePtjnxchHHq/MRCxgp7cH": [
            "ArtNew/AutoAtlas/ngocrong/x3",
            "cc.Texture2D"
        ],
        "92o/bHR2VBIoV3/mQMN1mP": [
            "ArtNew/AutoAtlas/ngocrong/x3 Bright",
            "cc.Texture2D"
        ],
        "f11PJGeAdC5KoKhYIQDg1p": [
            "ArtNew/AutoAtlas/ngocrong/x3 Bright",
            "cc.SpriteFrame",
            1
        ],
        "0d8U0E1ARD/6UCjYTEqf0L": [
            "ArtNew/AutoAtlas/ngocrong/x4",
            "cc.Texture2D"
        ],
        "90qTKHLZBJCKkAAYpdt/Qe": [
            "ArtNew/AutoAtlas/ngocrong/x4",
            "cc.SpriteFrame",
            1
        ],
        "1eD6WYAb5Nsb1Jh+ECY0LQ": [
            "ArtNew/AutoAtlas/ngocrong/x4  Bright",
            "cc.SpriteFrame",
            1
        ],
        "4eF4TINIZCB6qYuUBnWiTi": [
            "ArtNew/AutoAtlas/ngocrong/x4  Bright",
            "cc.Texture2D"
        ],
        "a2QSJrd4dNiJuO6W3xdw4J": [
            "ArtNew/AutoAtlas/ngocrong/x5",
            "cc.SpriteFrame",
            1
        ],
        "e4c0bPA4BCH4MSnpZDxJtF": [
            "ArtNew/AutoAtlas/ngocrong/x5",
            "cc.Texture2D"
        ],
        "3cteGfbMpD+YtAhGxP3xsH": [
            "ArtNew/AutoAtlas/ngocrong/x5  Bright",
            "cc.Texture2D"
        ],
        "f5x8bCIsJB7bQVu1xVJ/dl": [
            "ArtNew/AutoAtlas/ngocrong/x5  Bright",
            "cc.SpriteFrame",
            1
        ],
        "842TIhsetAnaAs/GVZsJoz": [
            "ArtNew/SoundNew/3d1f6fef-439c-406c-88ae-bc59a2d70b9f",
            "cc.AudioClip"
        ],
        "4fjActUb5C2buLhPDmR6W4": [
            "ArtNew/SoundNew/4bbdeb87-1c2c-4e53-b011-5b264595c390",
            "cc.AudioClip"
        ],
        "0azj00BnZISaOMbHCTsNGR": [
            "ArtNew/SoundNew/63a6ba2e-778c-4c95-a919-229d4de3b0e1",
            "cc.AudioClip"
        ],
        "1dNlrJUyZOWpGkhkN38LJQ": [
            "ArtNew/SoundNew/7749a7ec-f4dc-4199-aa94-5b25e7e2de35",
            "cc.AudioClip"
        ],
        "6f1cPqlPxENIOO+6xO5MTt": [
            "ArtNew/SoundNew/ChangGUnLaze",
            "cc.AudioClip"
        ],
        "daFiKUiVdEUr5PgdRG1l+v": [
            "ArtNew/SoundNew/a0da5c18-3c85-4933-a84e-974106b439ed",
            "cc.AudioClip"
        ],
        "4b+xGZ9dNOwYpyLFOJESQO": [
            "ArtNew/SoundNew/a9f47bb9-af56-419b-b958-f36c404ae36e",
            "cc.AudioClip"
        ],
        "c9WDg7QyhIfILWv7fhtvQb": [
            "ArtNew/SoundNew/bkgMusic",
            "cc.AudioClip"
        ],
        "5ckOBZVUxOSLYJ1NjlrqS4": [
            "ArtNew/SoundNew/click",
            "cc.AudioClip"
        ],
        "646OB2f4tMNaRK4jJ360w8": [
            "ArtNew/SoundNew/e0899275-0021-42cd-be89-2ed52fbf3942",
            "cc.AudioClip"
        ],
        "40bCQogDJALotumeGRaqnB": [
            "ArtNew/SoundNew/e35e31a4-a38a-459a-b810-629469411c18",
            "cc.AudioClip"
        ],
        "a0d5WJAPtGh6We8yfVjHDS": [
            "ArtNew/img/Target1",
            "cc.SpriteFrame",
            1
        ],
        "b3JMOrR/tA8ZXf7EIYItew": [
            "ArtNew/img/Target1",
            "cc.Texture2D"
        ],
        "2csCgUqK1HKKsz7StU2HTs": [
            "ArtNew/img/auto",
            "cc.Texture2D"
        ],
        "e5dbo2B3FBY6puxXma2hj+": [
            "ArtNew/img/auto",
            "cc.SpriteFrame",
            1
        ],
        "b7Cl3aSylPlZOa1YmKwqpO": [
            "ArtNew/img/name_ingame",
            "cc.Texture2D"
        ],
        "c2Gh1Pt7FEdpsJ6KpxLhhM": [
            "ArtNew/img/name_ingame",
            "cc.SpriteFrame",
            1
        ],
        "6f1/4DoBpErJo1m8y2SD/I": [
            "ArtNew/img/song 1",
            "cc.Texture2D"
        ],
        "bbK1aDYZhFC4mOVcFM5OQp": [
            "ArtNew/img/song 1",
            "cc.SpriteFrame",
            1
        ],
        "1akdekpgdDhrQuS2Po4tH0": [
            "ArtNew/img/song 2",
            "cc.Texture2D"
        ],
        "76llvh+mVDBoqK78RS2NO+": [
            "ArtNew/img/song 2",
            "cc.SpriteFrame",
            1
        ],
        "25qBDjbwpLZY0DdZrSB+2Q": [
            "ArtNew/spine/BanNoMiniBoss/Fx_Explosion",
            "sp.SkeletonData"
        ],
        "4dgBY/IKpMYpcKS91cmjrx": [
            "ArtNew/spine/BanNoMiniBoss/Fx_Explosion",
            "cc.Asset"
        ],
        "58zLLV6KhNsolmTV3rswfI": [
            "ArtNew/spine/BanNoMiniBoss/Fx_Explosion",
            "cc.SpriteFrame",
            1
        ],
        "9a52oPoblMOpjfMM9vBfWl": [
            "ArtNew/spine/BanNoMiniBoss/Fx_Explosion",
            "cc.Texture2D"
        ],
        "19pDO7WeZEDZ443ZSWkFtE": [
            "ArtNew/spine/BeNgoc/BeNgoc",
            "cc.SpriteFrame",
            1
        ],
        "ac8TNGglJOgqLeNIqfcJSJ": [
            "ArtNew/spine/BeNgoc/BeNgoc",
            "sp.SkeletonData"
        ],
        "aduGz+CcFOXKGpU1E6bfUG": [
            "ArtNew/spine/BeNgoc/BeNgoc",
            "cc.Asset"
        ],
        "f2YmAsmdZNq4MeOARlR19h": [
            "ArtNew/spine/BeNgoc/BeNgoc",
            "cc.Texture2D"
        ],
        "00ZpQYTI5LqaUHE09OqfHF": [
            "ArtNew/spine/ButtonQuaBong/ButtonQuaBong",
            "sp.SkeletonData"
        ],
        "4442S1XmJAHqrSr1Isc4QC": [
            "ArtNew/spine/ButtonQuaBong/ButtonQuaBong",
            "cc.SpriteFrame",
            1
        ],
        "90xGE/ThlHoo35MGHgI3VH": [
            "ArtNew/spine/ButtonQuaBong/ButtonQuaBong",
            "cc.Texture2D"
        ],
        "fdqdw6RoJN3Y0MX52a3NPo": [
            "ArtNew/spine/ButtonQuaBong/ButtonQuaBong",
            "cc.Asset"
        ],
        "645I1xAF1KSI08A6+xLj6K": [
            "ArtNew/spine/Confetti/Confetti",
            "cc.Texture2D"
        ],
        "a66Nlvj4VAr7rOn0sPD9jV": [
            "ArtNew/spine/Confetti/Confetti",
            "sp.SkeletonData"
        ],
        "e0AXDeKrpN0JzDB5R7KeUa": [
            "ArtNew/spine/Confetti/Confetti",
            "cc.SpriteFrame",
            1
        ],
        "ffiorNYcdBMIB/zcb5jIzD": [
            "ArtNew/spine/Confetti/Confetti",
            "cc.Asset"
        ],
        "0ez8AGSUtPwZCvnMEJYZ95": [
            "ArtNew/spine/Effect_gun_ice_ca1/Effect_gun_ice_ca1",
            "sp.SkeletonData"
        ],
        "68osFu8sVLPbHk7G/BoNmb": [
            "ArtNew/spine/Effect_gun_ice_ca1/Effect_gun_ice_ca1",
            "cc.SpriteFrame",
            1
        ],
        "8cvF8DRp1C9KYyMJjjXq/F": [
            "ArtNew/spine/Effect_gun_ice_ca1/Effect_gun_ice_ca1",
            "cc.Asset"
        ],
        "dbl47bdCZAEJIg0VrVZgX6": [
            "ArtNew/spine/Effect_gun_ice_ca1/Effect_gun_ice_ca1",
            "cc.Texture2D"
        ],
        "0bsjfBJd5C3aEWQ/VVQLur": [
            "ArtNew/spine/FX_luoi_effect/FX_luoi_effect",
            "sp.SkeletonData"
        ],
        "c97Gvm+odEZ6w1Wyh4OIEB": [
            "ArtNew/spine/FX_luoi_effect/FX_luoi_effect",
            "cc.Asset"
        ],
        "ceFNzFncdPNbgP/wfHme7H": [
            "ArtNew/spine/FX_luoi_effect/FX_luoi_effect",
            "cc.Texture2D"
        ],
        "e6djcXIhBMEYgj61tj13RS": [
            "ArtNew/spine/FX_luoi_effect/FX_luoi_effect",
            "cc.SpriteFrame",
            1
        ],
        "0a7XM8stpBFJmORpyaB5wW": [
            "ArtNew/spine/Fx_Gemminiboss/Fx_Gemminiboss",
            "sp.SkeletonData"
        ],
        "1cUUN5CWlD1pcUxTC5GRms": [
            "ArtNew/spine/Fx_Gemminiboss/Fx_Gemminiboss",
            "cc.SpriteFrame",
            1
        ],
        "a1wAKg9zZBKqGnYjekBA/9": [
            "ArtNew/spine/Fx_Gemminiboss/Fx_Gemminiboss",
            "cc.Texture2D"
        ],
        "e2WES/jmZGtKr7qN7PCbZX": [
            "ArtNew/spine/Fx_Gemminiboss/Fx_Gemminiboss",
            "cc.Asset"
        ],
        "0drN3wIK5A4bK7ypi70Bjg": [
            "ArtNew/spine/Fx_roi_iteam/Fx_roi_iteam",
            "cc.SpriteFrame",
            1
        ],
        "2dV3oK2fVAjI43QTT7TdYY": [
            "ArtNew/spine/Fx_roi_iteam/Fx_roi_iteam",
            "sp.SkeletonData"
        ],
        "84IfV66JZL0LrmJbiViyyh": [
            "ArtNew/spine/Fx_roi_iteam/Fx_roi_iteam",
            "cc.Asset"
        ],
        "a8CQI6p+NBlKcgfr9HTHIh": [
            "ArtNew/spine/Fx_roi_iteam/Fx_roi_iteam",
            "cc.Texture2D"
        ],
        "04/PwQqmpLAIRlvYnz/kzF": [
            "ArtNew/spine/NoBongBong/Fx_explosion",
            "cc.Texture2D"
        ],
        "5bPEmorLBFLa+ifgzMRMtz": [
            "ArtNew/spine/NoBongBong/Fx_explosion",
            "sp.SkeletonData"
        ],
        "ddveijEBhJsZZrq6gbuN1d": [
            "ArtNew/spine/NoBongBong/Fx_explosion",
            "cc.SpriteFrame",
            1
        ],
        "ecjHKgKndBXpqzd7IUlTa5": [
            "ArtNew/spine/NoBongBong/Fx_explosion",
            "cc.Asset"
        ],
        "77aY6nvPRLgqVqK8wkEuFO": [
            "ArtNew/spine/WarningDragon/WarningDragon",
            "cc.SpriteFrame",
            1
        ],
        "78u/8KJVJK+4z5/VLzB72u": [
            "ArtNew/spine/WarningDragon/WarningDragon",
            "sp.SkeletonData"
        ],
        "d7HHDk7b1AlL3Srt3LFfxi": [
            "ArtNew/spine/WarningDragon/WarningDragon",
            "cc.Asset"
        ],
        "e554UdSotOYr4tllqzGP7l": [
            "ArtNew/spine/WarningDragon/WarningDragon",
            "cc.Texture2D"
        ],
        "13brh3g7lJ8Y9Z3h4cGyGA": [
            "ArtNew/spine/fxLaser/fxLaser",
            "sp.SkeletonData"
        ],
        "1eQRwm7OBJMZsmmXgESe+F": [
            "ArtNew/spine/fxLaser/fxLaser",
            "cc.Asset"
        ],
        "94kJinF7ZPALavs1o5PTT8": [
            "ArtNew/spine/fxLaser/fxLaser",
            "cc.Texture2D"
        ],
        "b8qg2QxUpEM7GlsYM2njWY": [
            "ArtNew/spine/fxLaser/fxLaser",
            "cc.SpriteFrame",
            1
        ],
        "39FdcsBR9OOLHhmmGyorgw": [
            "ArtNew/spine/hanbang/hanbang",
            "cc.SpriteFrame",
            1
        ],
        "98PfODKA5OZKmQoDX3M00K": [
            "ArtNew/spine/hanbang/hanbang",
            "cc.Texture2D"
        ],
        "adk6HH6M9M2r7l7a0gzvFf": [
            "ArtNew/spine/hanbang/hanbang",
            "cc.Asset"
        ],
        "c6wiyatipBNr5192/H3Ulm": [
            "ArtNew/spine/hanbang/hanbang",
            "sp.SkeletonData"
        ],
        "638f6UgNtGoKXSZipg/wAZ": [
            "ArtNew/spine/nohu/nohu",
            "cc.Texture2D"
        ],
        "69ffzbbx9CeoeW0+DESd09": [
            "ArtNew/spine/nohu/nohu",
            "cc.SpriteFrame",
            1
        ],
        "78gd4zQIJNpLsNGbS0lWSg": [
            "ArtNew/spine/nohu/nohu",
            "sp.SkeletonData"
        ],
        "f4iMXJWPdOvJVTX0dAhqaY": [
            "ArtNew/spine/nohu/nohu",
            "cc.Asset"
        ],
        "71M9CqyyJO+aasJyT0wIR/": [
            "ArtNew/spine/skeleton/skeleton",
            "sp.SkeletonData"
        ],
        "80ZQo5HhxCLqJi1ppc7qjZ": [
            "ArtNew/spine/skeleton/skeleton",
            "cc.SpriteFrame",
            1
        ],
        "89WOihV1VL3YL7eKfEBt4K": [
            "ArtNew/spine/skeleton/skeleton",
            "cc.Texture2D"
        ],
        "931CDU0zlK6K2Ptc4voHzb": [
            "ArtNew/spine/skeleton/skeleton",
            "cc.Asset"
        ],
        "c8BBhGdgNADqmOdaimlNXr": [
            "Paticle/BigCoin",
            "cc.ParticleAsset"
        ],
        "27aWmWClhE3IKbHNTu1wkQ": [
            "Prefabs/vongtron",
            "cc.Prefab"
        ],
        "dajuDrbY9CcZxrbGGI//O7": [
            "Sound/BallInSert",
            "cc.AudioClip"
        ],
        "5dDQEY27pPJ7e+4AkVCT/n": [
            "Sound/BanLaze",
            "cc.AudioClip"
        ],
        "4aXP4CAaNAZZv80hEFuk9P": [
            "Sound/CaTranDacBiet",
            "cc.AudioClip"
        ],
        "80fiO4aeBLBbTZ0yi2rZS0": [
            "Sound/CoinBayVe",
            "cc.AudioClip"
        ],
        "51AxapqCZCQo41CR2ZkhXA": [
            "Sound/CoinMusic1",
            "cc.AudioClip"
        ],
        "89IFHlZzRL6rWs1HShGElF": [
            "Sound/CoinVeTui",
            "cc.AudioClip"
        ],
        "82roLG5lhERIuNZyjEL99+": [
            "Sound/CritMiniBoss",
            "cc.AudioClip"
        ],
        "aad7EDai9J0aq46q/nEVS3": [
            "Sound/DoiSung",
            "cc.AudioClip"
        ],
        "b3oNpK+MhMkbz/u3Mf6+9k": [
            "Sound/Electric",
            "cc.AudioClip"
        ],
        "65c72i6itBfKOioFJF3td7": [
            "Sound/GietCaX",
            "cc.AudioClip"
        ],
        "60gHy1ML1CerlXRv3kNcNc": [
            "Sound/Gun Reload - Free Sound Effect [HD] 2021",
            "cc.AudioClip"
        ],
        "a11MLanJtN7rBHOZ9J5vXq": [
            "Sound/Gun+357+Magnum",
            "cc.AudioClip"
        ],
        "e4PnlozqRIYLKnfzXLb5yN": [
            "Sound/GunMusic8",
            "cc.AudioClip"
        ],
        "dc5pgnyyNFirjkv9uhj0Jq": [
            "Sound/HetROngChanGun",
            "cc.AudioClip"
        ],
        "fc55Sra4lEUrWJY5bqNfmC": [
            "Sound/JackpotDead",
            "cc.AudioClip"
        ],
        "d9Y5SZ8udPVrf5n0+4Lwdo": [
            "Sound/KillFish",
            "cc.AudioClip"
        ],
        "e2hbNz88tJFpBfB6Y24Ol/": [
            "Sound/KillJackpot",
            "cc.AudioClip"
        ],
        "34CQX1MjFKIrrUqEZO7mBO": [
            "Sound/LobbyMusic1",
            "cc.AudioClip"
        ],
        "650J9srY5Jw6Ur3/XMgCEw": [
            "Sound/MiniBossRoiItem",
            "cc.AudioClip"
        ],
        "36bagFYBVEOrMcvLPVuI1Y": [
            "Sound/Money",
            "cc.AudioClip"
        ],
        "afNBJTSo9OtakuJ4yCpSwK": [
            "Sound/NextTurn",
            "cc.AudioClip"
        ],
        "1291FFaN9NEabdTlRO4On3": [
            "Sound/NoHU",
            "cc.AudioClip"
        ],
        "c5HsrEWVhIVLQHAp4qee3B": [
            "Sound/RoomBossMusic",
            "cc.AudioClip"
        ],
        "28PpYKnppBXKDeO1UsV8+S": [
            "Sound/atach=k",
            "cc.AudioClip"
        ],
        "a0C8ADU+pL+Y5MLn87M1IV": [
            "Sound/bkgFish",
            "cc.AudioClip"
        ],
        "0fOQEuyPpJHYBtEzIRe03W": [
            "Sound/bkgMucisJackpot",
            "cc.AudioClip"
        ],
        "f0LDy1IRxLtZFkNGEnE1lm": [
            "Sound/fishjackpot",
            "cc.AudioClip"
        ],
        "c1xbX728JLq6utIJejGFmY": [
            "Sound/ice-cracking-01",
            "cc.AudioClip"
        ],
        "9clEfeEWxMgrEDS4hLsUK/": [
            "Sound/miniCoin",
            "cc.AudioClip"
        ],
        "dcvzrlYotHkY1Qxzpxr0vx": [
            "Sound/multiplyAppear",
            "cc.AudioClip"
        ],
        "f5U6ypbKFAoahA054FvHOc": [
            "Sound/nhanthuong",
            "cc.AudioClip"
        ],
        "8d+qA+QulDnp9EBIup0HzB": [
            "Sound/quayRamdonHeso",
            "cc.AudioClip"
        ],
        "b6pUS5DaJFe7Z4t9hhtSlg": [
            "Sound/roiNgocRong",
            "cc.AudioClip"
        ],
        "38XWMQZg5HqpNPI6YDt43C": [
            "Sound/startX2",
            "cc.AudioClip"
        ],
        "b1jr4ofZ1NxLhPstaSKJrE": [
            "Sound/takeNgocRong",
            "cc.AudioClip"
        ],
        "a0ygdSL6BPiqNEgiURJyY/": [
            "Sound/takecoin",
            "cc.AudioClip"
        ],
        "e3i4y4qTVCY5rzifwo8yU1": [
            "Sound/wave",
            "cc.AudioClip"
        ],
        "6fyzINzIhJbLiTDYZHHNWK": [
            "Sprite/Gun/1_1",
            "cc.SpriteFrame",
            1
        ],
        "f2PnizMl9AIrm/Go1zqeNK": [
            "Sprite/Gun/1_1",
            "cc.Texture2D"
        ],
        "b14htxYbZJl5wCGuTxRS8E": [
            "Sprite/Gun/2_1",
            "cc.Texture2D"
        ],
        "bbW/M8mgFLDq9yXi/UtFUK": [
            "Sprite/Gun/2_1",
            "cc.SpriteFrame",
            1
        ],
        "57q8LtvzNB17b92n2xJxiz": [
            "Sprite/Gun/3_1",
            "cc.SpriteFrame",
            1
        ],
        "6a5b4atz5BjLenYJD+UeXg": [
            "Sprite/Gun/3_1",
            "cc.Texture2D"
        ],
        "4ePy00WvZJHYr5ESx96mPQ": [
            "Sprite/Gun/4_1",
            "cc.SpriteFrame",
            1
        ],
        "6co3OJEitB+6wEqo2rmHQd": [
            "Sprite/Gun/4_1",
            "cc.Texture2D"
        ],
        "54V37X/MpHZreKZE6j2otX": [
            "Sprite/Gun/5_1",
            "cc.SpriteFrame",
            1
        ],
        "efyDP1HFZGYapWE198+4Bw": [
            "Sprite/Gun/5_1",
            "cc.Texture2D"
        ],
        "575p2gT81Bw4TyCOAfUjVU": [
            "Sprite/Gun/6_1",
            "cc.SpriteFrame",
            1
        ],
        "87oaiaKVNPk7jcf9q+dgmU": [
            "Sprite/Gun/6_1",
            "cc.Texture2D"
        ],
        "87r79gHitBIKUPZU1m3Nd+": [
            "Sprite/Gun/7_1",
            "cc.Texture2D"
        ],
        "88oZ8jqZtArreQwoMxYCW7": [
            "Sprite/Gun/7_1",
            "cc.SpriteFrame",
            1
        ],
        "645HP2NGNNFpJUH8BKIeG7": [
            "Sprite/ImgLobbyNew/back",
            "cc.SpriteFrame",
            1
        ],
        "944vvQFPNDgIe+hYwDHpbQ": [
            "Sprite/ImgLobbyNew/back",
            "cc.Texture2D"
        ],
        "40IdeKyl9PWIdXsYUHCsSm": [
            "Sprite/ImgLobbyNew/bg_banca",
            "cc.Texture2D"
        ],
        "a2QOkSVCVIvJszSLKAaSSz": [
            "Sprite/ImgLobbyNew/bg_banca",
            "cc.SpriteFrame",
            1
        ],
        "41wpDWQ/ZCUpd6+xLJmrWw": [
            "Sprite/ImgLobbyNew/binhdan",
            "cc.Texture2D"
        ],
        "648w4bBZ5GrpeXh28PhZyN": [
            "Sprite/ImgLobbyNew/binhdan",
            "cc.SpriteFrame",
            1
        ],
        "8dkdvYtx9MoqhZQs6+mWyx": [
            "Sprite/ImgLobbyNew/bxh_banca",
            "cc.SpriteFrame",
            1
        ],
        "99XxzzM2dIF6dSlSLayU65": [
            "Sprite/ImgLobbyNew/bxh_banca",
            "cc.Texture2D"
        ],
        "b6AA7Ir0VPf6ffAUYBe9x8": [
            "Sprite/ImgLobbyNew/coin_banca",
            "cc.Texture2D"
        ],
        "c5b/XUxM5D5Zlc4ueNwS6x": [
            "Sprite/ImgLobbyNew/coin_banca",
            "cc.SpriteFrame",
            1
        ],
        "46YabJK4RNXaLAXAkxgBNT": [
            "Sprite/ImgLobbyNew/daigia",
            "cc.Texture2D"
        ],
        "afLi5FAi5E2rejHxKFSzAR": [
            "Sprite/ImgLobbyNew/daigia",
            "cc.SpriteFrame",
            1
        ],
        "388jATT5ZCpqW8OTv4kSo0": [
            "Sprite/ImgLobbyNew/sukien",
            "cc.SpriteFrame",
            1
        ],
        "5cHYY7m4xL34Uf0Ww1mGne": [
            "Sprite/ImgLobbyNew/sukien",
            "cc.Texture2D"
        ],
        "06SftlsoZE0qWfaKtqgpvu": [
            "Sprite/ImgLobbyNew/top1_bc",
            "cc.SpriteFrame",
            1
        ],
        "34KspK3AtLm7nU9Ni8SMdB": [
            "Sprite/ImgLobbyNew/top1_bc",
            "cc.Texture2D"
        ],
        "72vaohz01Mv7yM+STVxzzC": [
            "Sprite/ImgLobbyNew/top2_bc",
            "cc.Texture2D"
        ],
        "a1msM+4bxOq6i2a0dac/ZP": [
            "Sprite/ImgLobbyNew/top2_bc",
            "cc.SpriteFrame",
            1
        ],
        "e0TzePyEdIRZk93WqQMbfj": [
            "Sprite/ImgLobbyNew/top3_bc",
            "cc.Texture2D"
        ],
        "ff1opIl2BFwKCc/V8kLXEr": [
            "Sprite/ImgLobbyNew/top3_bc",
            "cc.SpriteFrame",
            1
        ],
        "6aUMomS3JMn65TNPsjMO9L": [
            "Sprite/InGame/ArrowSetting",
            "cc.Texture2D"
        ],
        "adc0tr5TVFy6BuMo7Fr0p3": [
            "Sprite/InGame/ArrowSetting",
            "cc.SpriteFrame",
            1
        ],
        "00qCw3IDlH17paGHX6ynBW": [
            "Sprite/InGame/ButtonAutoSelect",
            "cc.SpriteFrame",
            1
        ],
        "0aphWDo5lKy5fQ9tl/2xBl": [
            "Sprite/InGame/ButtonAutoSelect",
            "cc.Texture2D"
        ],
        "22V8d5V2tK3YBa+kWxJSzG": [
            "Sprite/InGame/ButtonBack",
            "cc.SpriteFrame",
            1
        ],
        "4eXHwRKcVGmpekmeElO9Qr": [
            "Sprite/InGame/ButtonBack",
            "cc.Texture2D"
        ],
        "72JCdbCoZPmJyxs5mGKv9Y": [
            "Sprite/InGame/ButtonChat",
            "cc.SpriteFrame",
            1
        ],
        "c6ahWEWspBlIaPPo2d1vcA": [
            "Sprite/InGame/ButtonChat",
            "cc.Texture2D"
        ],
        "1beTV+KwVKE6uSN/0koXyG": [
            "Sprite/InGame/ButtonHelp",
            "cc.Texture2D"
        ],
        "c3wU8nEpNLMr5RJLkFwZ3b": [
            "Sprite/InGame/ButtonHelp",
            "cc.SpriteFrame",
            1
        ],
        "17sEB6wrJFk6DCQCD1sW0x": [
            "Sprite/InGame/ButtonSetting",
            "cc.SpriteFrame",
            1
        ],
        "587n39AdZAbbG9H7a60n28": [
            "Sprite/InGame/ButtonSetting",
            "cc.Texture2D"
        ],
        "3frbvl7L9AzqmwhnD0C7Q4": [
            "Sprite/InGame/ButtonSub",
            "cc.Texture2D"
        ],
        "51zuYsz3tGs4IyUyQv3FAY": [
            "Sprite/InGame/ButtonSub",
            "cc.SpriteFrame",
            1
        ],
        "007Yxem0BLrqos9m+aj+re": [
            "Sprite/InGame/CaiQuaiGiDo",
            "cc.SpriteFrame",
            1
        ],
        "f5A/zwQMtPhpZRznDi8QBa": [
            "Sprite/InGame/CaiQuaiGiDo",
            "cc.Texture2D"
        ],
        "5d5FW3s8JG47ereDGYgtqP": [
            "Sprite/InGame/Eff_Boss_1",
            "cc.Texture2D"
        ],
        "a9UM5TgE9Njb3Dz8y+Voce": [
            "Sprite/InGame/Eff_Boss_1",
            "cc.SpriteFrame",
            1
        ],
        "0909Vtb7hDgqougldTkz1c": [
            "Sprite/InGame/Eff_Boss_2",
            "cc.Texture2D"
        ],
        "dey0VBSGFHuYutvEpWyYDk": [
            "Sprite/InGame/Eff_Boss_2",
            "cc.SpriteFrame",
            1
        ],
        "25PyXLzV1ITazNDwfoLVvC": [
            "Sprite/InGame/Eff_Boss_3",
            "cc.SpriteFrame",
            1
        ],
        "3btk1DUxFKSJEEikqCzScJ": [
            "Sprite/InGame/Eff_Boss_3",
            "cc.Texture2D"
        ],
        "79WRqY5KlIbZ6T0cfAvDC+": [
            "Sprite/InGame/Eff_Boss_4",
            "cc.SpriteFrame",
            1
        ],
        "bfBCiQW5xHZqm0x8tBM+d1": [
            "Sprite/InGame/Eff_Boss_4",
            "cc.Texture2D"
        ],
        "4bCS6j6TdChph3EolXpLf3": [
            "Sprite/InGame/Eff_Boss_5",
            "cc.SpriteFrame",
            1
        ],
        "6c+jki0BJDQqRM1nkJVTCH": [
            "Sprite/InGame/Eff_Boss_5",
            "cc.Texture2D"
        ],
        "57qtCrOWtKsbaWHrT4laMk": [
            "Sprite/InGame/Eff_Boss_6",
            "cc.SpriteFrame",
            1
        ],
        "85WF6EcUZBZYmB8Cd/FMKp": [
            "Sprite/InGame/Eff_Boss_6",
            "cc.Texture2D"
        ],
        "5bojTae/JAj5lJvu2huCIp": [
            "Sprite/InGame/GunValue",
            "cc.SpriteFrame",
            1
        ],
        "e5eEp/eUBAUaTNsA97piIh": [
            "Sprite/InGame/GunValue",
            "cc.Texture2D"
        ],
        "0eCp6+r5pEZZ1DsBocsiFB": [
            "Sprite/InGame/Hand",
            "cc.SpriteFrame",
            1
        ],
        "66sCCw7jJLh7z15WsEVC2G": [
            "Sprite/InGame/Hand",
            "cc.Texture2D"
        ],
        "12fbxqwPpHnYbW0iaQnH41": [
            "Sprite/InGame/HeadBoss",
            "cc.Texture2D"
        ],
        "62wELbJ5dM96b5PoqqXi0h": [
            "Sprite/InGame/HeadBoss",
            "cc.SpriteFrame",
            1
        ],
        "2brP3ATCxJ777dNcmisC/w": [
            "Sprite/InGame/HeadBoss2",
            "cc.Texture2D"
        ],
        "4boP3ZkNJO6YUM8PGgTsN6": [
            "Sprite/InGame/HeadBoss2",
            "cc.SpriteFrame",
            1
        ],
        "605aA9ZBZPVa3n50fd4gCg": [
            "Sprite/InGame/Icon101",
            "cc.SpriteFrame",
            1
        ],
        "cceSbRwopBr5iG4KhrwoqM": [
            "Sprite/InGame/Icon101",
            "cc.Texture2D"
        ],
        "768SIfjAxCk5APUh6ueYx4": [
            "Sprite/InGame/Icon102",
            "cc.SpriteFrame",
            1
        ],
        "ec8K+6Cl1AoJiYESax0VJ2": [
            "Sprite/InGame/Icon102",
            "cc.Texture2D"
        ],
        "22k+kDAP1ElYb5ODVhoVYF": [
            "Sprite/InGame/Icon103",
            "cc.SpriteFrame",
            1
        ],
        "bfvv8WUPpBYqdxinGoFJN5": [
            "Sprite/InGame/Icon103",
            "cc.Texture2D"
        ],
        "abo1SGeKRDCoDu0aluFkCV": [
            "Sprite/InGame/JackpotContent",
            "cc.SpriteFrame",
            1
        ],
        "e6ToM84I5JxYIvDol9uLqD": [
            "Sprite/InGame/JackpotContent",
            "cc.Texture2D"
        ],
        "98Y4lAJdJJd5gDZvYxE2Or": [
            "Sprite/InGame/Layer 41",
            "cc.SpriteFrame",
            1
        ],
        "fcDBx5zo5B0IRJz/Hwv3/W": [
            "Sprite/InGame/Layer 41",
            "cc.Texture2D"
        ],
        "84pqWYjdZJkqprXrJcHRd3": [
            "Sprite/InGame/MarkInGame",
            "cc.SpriteFrame",
            1
        ],
        "ac48bBabxIwZ9c+JvAnNdU": [
            "Sprite/InGame/MarkInGame",
            "cc.Texture2D"
        ],
        "1cSAOEAaJBSZqX1510sgDs": [
            "Sprite/InGame/ProgressBoss",
            "cc.SpriteFrame",
            1
        ],
        "e4T1KjFUhGr6WbzEqYE/8W": [
            "Sprite/InGame/ProgressBoss",
            "cc.Texture2D"
        ],
        "817uVXVCRMGorhY4z1tOM+": [
            "Sprite/InGame/ProgressBoss2",
            "cc.Texture2D"
        ],
        "b08JnkoIBCUJeCyb2AktDi": [
            "Sprite/InGame/ProgressBoss2",
            "cc.SpriteFrame",
            1
        ],
        "5aiedU2BpOpYNvvt7k2S14": [
            "Sprite/InGame/Setting",
            "cc.Texture2D"
        ],
        "d3mX4ylWRO4bbIFRQPDI8v": [
            "Sprite/InGame/Setting",
            "cc.SpriteFrame",
            1
        ],
        "34BiYrc8dM645KRs71zPNp": [
            "Sprite/InGame/UserContent",
            "cc.SpriteFrame",
            1
        ],
        "3aaSXZuW1JA5MkH+HIfDZF": [
            "Sprite/InGame/UserContent",
            "cc.Texture2D"
        ],
        "a1teMr6cFP0YPIGrFuyFJ4": [
            "Sprite/InGame/UserContent_Vip",
            "cc.SpriteFrame",
            1
        ],
        "a5tJniwrJJVax765ls9vfs": [
            "Sprite/InGame/UserContent_Vip",
            "cc.Texture2D"
        ],
        "24uGNgO8ZLHLMFcfM88ctm": [
            "Sprite/InGame/bg_avatar",
            "cc.SpriteFrame",
            1
        ],
        "b2xaK+IVBH1oiuJoyKHVkK": [
            "Sprite/InGame/bg_avatar",
            "cc.Texture2D"
        ],
        "5aUZ3aVVFKJ7N6l7Jf0TVu": [
            "Sprite/InGame/bingdong_2",
            "cc.Texture2D"
        ],
        "a92G0H3YNMK5BH/1DsP2Kn": [
            "Sprite/InGame/bingdong_2",
            "cc.SpriteFrame",
            1
        ],
        "22K4ZA5sFNfJEAjkiCVr3i": [
            "Sprite/InGame/boss",
            "cc.SpriteFrame",
            1
        ],
        "44SkeGmbxI4bBQ/FEEDpQ+": [
            "Sprite/InGame/boss",
            "cc.Texture2D"
        ],
        "013zqm3flExYr1A07rUZgd": [
            "Sprite/InGame/bullet-100",
            "cc.Texture2D"
        ],
        "abLGXdgLZOOrX1TiBP/o8n": [
            "Sprite/InGame/bullet-100",
            "cc.SpriteFrame",
            1
        ],
        "7585PJ7YFNr69R9k8dfnVS": [
            "Sprite/InGame/colorGold",
            "cc.SpriteFrame",
            1
        ],
        "986yg67ahGVYCaKXjo9ngS": [
            "Sprite/InGame/colorGold",
            "cc.Texture2D"
        ],
        "70e109AFlGxJEgrwA80VWO": [
            "Sprite/InGame/f1",
            "cc.SpriteFrame",
            1
        ],
        "ee6MSWllpIq65RpAm7N2bK": [
            "Sprite/InGame/f1",
            "cc.Texture2D"
        ],
        "17dTg3rxZCzpSCUBM+Kp0s": [
            "Sprite/InGame/f100",
            "cc.SpriteFrame",
            1
        ],
        "9cI2RNrfFLO5AYLp2fqnjS": [
            "Sprite/InGame/f100",
            "cc.Texture2D"
        ],
        "2fp2GZeA5H17PmeqZVrWg7": [
            "Sprite/InGame/f3",
            "cc.Texture2D"
        ],
        "64sgyhgS1Ln5Xlcs4thNwX": [
            "Sprite/InGame/f3",
            "cc.SpriteFrame",
            1
        ],
        "00BGiWjydN8JrM5EPmVbB0": [
            "Sprite/InGame/f4",
            "cc.SpriteFrame",
            1
        ],
        "11W9TolOpFPrTSJqs4DxOI": [
            "Sprite/InGame/f4",
            "cc.Texture2D"
        ],
        "60YOF1fchIx5IEq02pdFK1": [
            "Sprite/InGame/f5",
            "cc.SpriteFrame",
            1
        ],
        "73BlFJyA1L9aCBRo869pJj": [
            "Sprite/InGame/f5",
            "cc.Texture2D"
        ],
        "6axZoX6jJB/oYVFB+M+lQp": [
            "Sprite/InGame/f6",
            "cc.Texture2D"
        ],
        "e90WRR7WxHYJQFGOd9Nray": [
            "Sprite/InGame/f6",
            "cc.SpriteFrame",
            1
        ],
        "9blLVsLcpNpIUPJ+PrJou8": [
            "Sprite/InGame/f7",
            "cc.Texture2D"
        ],
        "edSPYdz4tDDqLKkXYzQar+": [
            "Sprite/InGame/f7",
            "cc.SpriteFrame",
            1
        ],
        "b226XROkxLVqI0i2pXS0hp": [
            "Sprite/InGame/fish_hand",
            "cc.SpriteFrame",
            1
        ],
        "d0fKltEMNMtbKOs5RqdLOs": [
            "Sprite/InGame/fish_hand",
            "cc.Texture2D"
        ],
        "2fbyjoVQlCM4ZF7GKm6kYr": [
            "Sprite/InGame/free_efect'",
            "cc.Texture2D"
        ],
        "79zGM94zNE24zMOlRzOZSW": [
            "Sprite/InGame/free_efect'",
            "cc.SpriteFrame",
            1
        ],
        "5fyE5DjddJDpMdR7RKYxju": [
            "Sprite/InGame/home_btn_mail_new",
            "cc.Texture2D"
        ],
        "f5I4J7aYhMjK0JzHC7Bkg4": [
            "Sprite/InGame/home_btn_mail_new",
            "cc.SpriteFrame",
            1
        ],
        "3eH5eFr7ZJDol1pO0pTIVB": [
            "Sprite/InGame/lightning_00",
            "cc.SpriteFrame",
            1
        ],
        "dc6NNi3btFxblX1L4loxw1": [
            "Sprite/InGame/lightning_00",
            "cc.Texture2D"
        ],
        "229X2rqohA14plv4M7o61w": [
            "Sprite/InGame/lightning_01",
            "cc.SpriteFrame",
            1
        ],
        "a1k8cx5LZPrIy4axW5Qpt1": [
            "Sprite/InGame/lightning_01",
            "cc.Texture2D"
        ],
        "8a/rmKZ3NFC67Skib1RMeX": [
            "Sprite/InGame/msakBlack",
            "cc.SpriteFrame",
            1
        ],
        "edES6VeP5JqYuvSsjNc2yD": [
            "Sprite/InGame/msakBlack",
            "cc.Texture2D"
        ],
        "84JfgbZ4ZL7pU7l48znD07": [
            "Sprite/InGame/net-1",
            "cc.Texture2D"
        ],
        "b5T3tgr69OSaz2lV9Cutuh": [
            "Sprite/InGame/net-1",
            "cc.SpriteFrame",
            1
        ],
        "1cc2pO2EBAAIphjfFocFH1": [
            "Sprite/InGame/net-100",
            "cc.SpriteFrame",
            1
        ],
        "7aShNEezBNE7uUq9W+vjKX": [
            "Sprite/InGame/net-100",
            "cc.Texture2D"
        ],
        "39Ze+Fu91EBbn3vsqwzYWM": [
            "Sprite/InGame/net-2",
            "cc.Texture2D"
        ],
        "74lyda6WlA6LXNk4igHCSY": [
            "Sprite/InGame/net-2",
            "cc.SpriteFrame",
            1
        ],
        "1bVWhYmNhFQ5PxeU5NqopS": [
            "Sprite/InGame/net-3",
            "cc.Texture2D"
        ],
        "3f72mRCD9O74c3sHmsn5ee": [
            "Sprite/InGame/net-3",
            "cc.SpriteFrame",
            1
        ],
        "12nb51YSREXZcBZsaK0b+6": [
            "Sprite/InGame/net-4",
            "cc.SpriteFrame",
            1
        ],
        "3a8GcWZttAB5jQx1jvr8Ze": [
            "Sprite/InGame/net-4",
            "cc.Texture2D"
        ],
        "5eOIme54NJbLeiSWCRnN+G": [
            "Sprite/InGame/net-5",
            "cc.SpriteFrame",
            1
        ],
        "98VJNVkMFJhrEUnWTpsv+8": [
            "Sprite/InGame/net-5",
            "cc.Texture2D"
        ],
        "5b7eFRHPpFo4ihyekYaC/e": [
            "Sprite/InGame/net-6",
            "cc.SpriteFrame",
            1
        ],
        "9fBhxEFP1DJZB9eyMXY8PM": [
            "Sprite/InGame/net-6",
            "cc.Texture2D"
        ],
        "120dYj0pFCbql6VFz18zIr": [
            "Sprite/InGame/net-7",
            "cc.SpriteFrame",
            1
        ],
        "86pXrFnFxDELlW1iex93qm": [
            "Sprite/InGame/net-7",
            "cc.Texture2D"
        ],
        "7eBVMXcFtDhq0OfyPZSOW9": [
            "Sprite/InGame/rim",
            "cc.SpriteFrame",
            1
        ],
        "b53aPRCtpDXa7RzAO0AjwM": [
            "Sprite/InGame/rim",
            "cc.Texture2D"
        ],
        "012KMoW9tGF5pjLHU/tolA": [
            "Sprite/InGame/sung-100",
            "cc.Texture2D"
        ],
        "6eQRyYZg1BEaNDfRhOCSvd": [
            "Sprite/InGame/sung-100",
            "cc.SpriteFrame",
            1
        ],
        "ac3NaSxUVENbGb5CtA2UgN": [
            "Sprite/InGame/text_jackpot",
            "cc.Texture2D"
        ],
        "f9E+ShkgZHYatRwNlkk4/v": [
            "Sprite/InGame/text_jackpot",
            "cc.SpriteFrame",
            1
        ],
        "34+qqMjC9Cvb/h8XSYSBbf": [
            "Sprite/InGame/warning",
            "cc.SpriteFrame",
            1
        ],
        "53OrByjdpC9ZXNmaMejA/h": [
            "Sprite/InGame/warning",
            "cc.Texture2D"
        ],
        "7fRnzj/BxBNJwkI7xKggvV": [
            "Sprite/InGame/xu",
            "cc.SpriteFrame",
            1
        ],
        "e02rhqc0RFZoVHSFkzRHj4": [
            "Sprite/InGame/xu",
            "cc.Texture2D"
        ],
        "a3e0ft7QNJKJkFHkWSySMU": [
            "Sprite/InGameBg1",
            "cc.SpriteFrame",
            1
        ],
        "e8okkQ4L1MMZjfV0yfwfpG": [
            "Sprite/InGameBg1",
            "cc.Texture2D"
        ],
        "f0qj6LC0lG3JsuUr335I5x": [
            "sprite-flag",
            "cc.Material"
        ],
        "fbjlkabHpMIojtE3Uhtvpv": [
            "sprite-flag",
            "cc.EffectAsset"
        ]
    },
    "uuids": [
        "00BGiWjydN8JrM5EPmVbB0",
        "00ZpQYTI5LqaUHE09OqfHF",
        "00qCw3IDlH17paGHX6ynBW",
        "007Yxem0BLrqos9m+aj+re",
        "012KMoW9tGF5pjLHU/tolA",
        "013zqm3flExYr1A07rUZgd",
        "021Cxxr+ZGjJtC4McW21li",
        "03cbsmhi9Dvr7j15X4qFY4",
        "04/PwQqmpLAIRlvYnz/kzF",
        "06SftlsoZE0qWfaKtqgpvu",
        "09JzjnSTlApr3H9ZoqwP+x",
        "0909Vtb7hDgqougldTkz1c",
        "0aphWDo5lKy5fQ9tl/2xBl",
        "0aqYmu7lRAI5+K3jSwtZK0",
        "0azj00BnZISaOMbHCTsNGR",
        "0a7XM8stpBFJmORpyaB5wW",
        "0bh0YDjp9F6ZxAEZ0HmTCf",
        "0bsjfBJd5C3aEWQ/VVQLur",
        "0dcbdgaGpPEZaGT7nXA4L2",
        "0drN3wIK5A4bK7ypi70Bjg",
        "0d8U0E1ARD/6UCjYTEqf0L",
        "0eCp6+r5pEZZ1DsBocsiFB",
        "0ez8AGSUtPwZCvnMEJYZ95",
        "0fOQEuyPpJHYBtEzIRe03W",
        "105ly6t2ZFmrq/YOzU019j",
        "11W9TolOpFPrTSJqs4DxOI",
        "12ARZ0FIJIZK8Dq6Y+/gDg",
        "12fbxqwPpHnYbW0iaQnH41",
        "12nb51YSREXZcBZsaK0b+6",
        "120dYj0pFCbql6VFz18zIr",
        "1291FFaN9NEabdTlRO4On3",
        "13brh3g7lJ8Y9Z3h4cGyGA",
        "136IiL4cdE5oWkfxPSkhqy",
        "17dTg3rxZCzpSCUBM+Kp0s",
        "17sEB6wrJFk6DCQCD1sW0x",
        "18zB9ph2NCoojwauyjZTg7",
        "18z8b0NkxMKYDNxk9lHzi2",
        "19pDO7WeZEDZ443ZSWkFtE",
        "1akdekpgdDhrQuS2Po4tH0",
        "1bVWhYmNhFQ5PxeU5NqopS",
        "1beTV+KwVKE6uSN/0koXyG",
        "1cSAOEAaJBSZqX1510sgDs",
        "1cUUN5CWlD1pcUxTC5GRms",
        "1cc2pO2EBAAIphjfFocFH1",
        "1dNlrJUyZOWpGkhkN38LJQ",
        "1eD6WYAb5Nsb1Jh+ECY0LQ",
        "1eQRwm7OBJMZsmmXgESe+F",
        "20ontPJUVKo7tdpG/+31bW",
        "22K4ZA5sFNfJEAjkiCVr3i",
        "22V8d5V2tK3YBa+kWxJSzG",
        "22ef/EpzlHlY6vcaYtURgQ",
        "22k+kDAP1ElYb5ODVhoVYF",
        "229X2rqohA14plv4M7o61w",
        "23t8JWAeJMW6W0Lc/vNNwT",
        "24uGNgO8ZLHLMFcfM88ctm",
        "25PyXLzV1ITazNDwfoLVvC",
        "25qBDjbwpLZY0DdZrSB+2Q",
        "26s3frlY5DwKtKG7cy023K",
        "27aWmWClhE3IKbHNTu1wkQ",
        "28PpYKnppBXKDeO1UsV8+S",
        "2brP3ATCxJ777dNcmisC/w",
        "2csCgUqK1HKKsz7StU2HTs",
        "2dV3oK2fVAjI43QTT7TdYY",
        "2fbyjoVQlCM4ZF7GKm6kYr",
        "2fp2GZeA5H17PmeqZVrWg7",
        "305maMmSxI37uuGAm1loEc",
        "31GJUXMd1H4IuTlcgnqKTR",
        "31/u3BJUlDOp9RyeOb/ZX+",
        "33lXpM5BFANLuZ2LvL4V98",
        "34BiYrc8dM645KRs71zPNp",
        "34CQX1MjFKIrrUqEZO7mBO",
        "34KspK3AtLm7nU9Ni8SMdB",
        "34+qqMjC9Cvb/h8XSYSBbf",
        "35V2i+4p1Du7cM+YiPBHWi",
        "36NYqUQLVBYoxxgZHKi+ug",
        "36bagFYBVEOrMcvLPVuI1Y",
        "38XWMQZg5HqpNPI6YDt43C",
        "38kiCO/epORrMFSWEuFEy+",
        "388jATT5ZCpqW8OTv4kSo0",
        "39FdcsBR9OOLHhmmGyorgw",
        "39Ze+Fu91EBbn3vsqwzYWM",
        "3aaSXZuW1JA5MkH+HIfDZF",
        "3a8GcWZttAB5jQx1jvr8Ze",
        "3btk1DUxFKSJEEikqCzScJ",
        "3cdWsI0pVLfKHQntpaR5ho",
        "3cteGfbMpD+YtAhGxP3xsH",
        "3dVJHyNzxGxKJe3HiUBvhH",
        "3eAAFK9AZNjbvyNExingAc",
        "3eH5eFr7ZJDol1pO0pTIVB",
        "3frbvl7L9AzqmwhnD0C7Q4",
        "3fy0BFBXBCI6C1uiIX+yN3",
        "3f72mRCD9O74c3sHmsn5ee",
        "40IdeKyl9PWIdXsYUHCsSm",
        "40bCQogDJALotumeGRaqnB",
        "41wpDWQ/ZCUpd6+xLJmrWw",
        "424K8boyFLGLNrmyujgF9q",
        "44SkeGmbxI4bBQ/FEEDpQ+",
        "4442S1XmJAHqrSr1Isc4QC",
        "46YabJK4RNXaLAXAkxgBNT",
        "47akwU3uZBRov+M0STC7+2",
        "47pLsnqLpGdZmluENtDWU/",
        "4aXP4CAaNAZZv80hEFuk9P",
        "4bCS6j6TdChph3EolXpLf3",
        "4boP3ZkNJO6YUM8PGgTsN6",
        "4b+xGZ9dNOwYpyLFOJESQO",
        "4dgBY/IKpMYpcKS91cmjrx",
        "4eF4TINIZCB6qYuUBnWiTi",
        "4ePtjnxchHHq/MRCxgp7cH",
        "4ePy00WvZJHYr5ESx96mPQ",
        "4eXHwRKcVGmpekmeElO9Qr",
        "4fjActUb5C2buLhPDmR6W4",
        "51AxapqCZCQo41CR2ZkhXA",
        "51zuYsz3tGs4IyUyQv3FAY",
        "53OrByjdpC9ZXNmaMejA/h",
        "54JZzvm8hAc47fIam0gTzC",
        "54V37X/MpHZreKZE6j2otX",
        "55/7UalyJJG7JyzBLbOQqN",
        "56pc8QGBhHbK2Uf53zrBSJ",
        "57qtCrOWtKsbaWHrT4laMk",
        "57q8LtvzNB17b92n2xJxiz",
        "575p2gT81Bw4TyCOAfUjVU",
        "58zLLV6KhNsolmTV3rswfI",
        "587n39AdZAbbG9H7a60n28",
        "5aUZ3aVVFKJ7N6l7Jf0TVu",
        "5aiedU2BpOpYNvvt7k2S14",
        "5bPEmorLBFLa+ifgzMRMtz",
        "5bojTae/JAj5lJvu2huCIp",
        "5b7eFRHPpFo4ihyekYaC/e",
        "5cHYY7m4xL34Uf0Ww1mGne",
        "5cQS+YkC1CR7m+ieqpV/KH",
        "5ckOBZVUxOSLYJ1NjlrqS4",
        "5dDQEY27pPJ7e+4AkVCT/n",
        "5d5FW3s8JG47ereDGYgtqP",
        "5eOIme54NJbLeiSWCRnN+G",
        "5efqCZmWhFNqym0bNp3nQl",
        "5fyE5DjddJDpMdR7RKYxju",
        "60YOF1fchIx5IEq02pdFK1",
        "60gHy1ML1CerlXRv3kNcNc",
        "605aA9ZBZPVa3n50fd4gCg",
        "62wELbJ5dM96b5PoqqXi0h",
        "638f6UgNtGoKXSZipg/wAZ",
        "64sgyhgS1Ln5Xlcs4thNwX",
        "645HP2NGNNFpJUH8BKIeG7",
        "645I1xAF1KSI08A6+xLj6K",
        "646OB2f4tMNaRK4jJ360w8",
        "648w4bBZ5GrpeXh28PhZyN",
        "65c72i6itBfKOioFJF3td7",
        "650J9srY5Jw6Ur3/XMgCEw",
        "66sCCw7jJLh7z15WsEVC2G",
        "66uS+h0cJFur6a+fJMbfyQ",
        "68osFu8sVLPbHk7G/BoNmb",
        "69ffzbbx9CeoeW0+DESd09",
        "6aUMomS3JMn65TNPsjMO9L",
        "6axZoX6jJB/oYVFB+M+lQp",
        "6a5b4atz5BjLenYJD+UeXg",
        "6b6r9UBMNF8bb5k99b8Yll",
        "6co3OJEitB+6wEqo2rmHQd",
        "6c+jki0BJDQqRM1nkJVTCH",
        "6eQRyYZg1BEaNDfRhOCSvd",
        "6fyzINzIhJbLiTDYZHHNWK",
        "6f1cPqlPxENIOO+6xO5MTt",
        "6f1/4DoBpErJo1m8y2SD/I",
        "70e109AFlGxJEgrwA80VWO",
        "71EpTxjo5P/Zsx4hK8GJI5",
        "71M9CqyyJO+aasJyT0wIR/",
        "71ziOLRh5MRpAAqBBej85S",
        "72JCdbCoZPmJyxs5mGKv9Y",
        "72vaohz01Mv7yM+STVxzzC",
        "73BlFJyA1L9aCBRo869pJj",
        "74dvaBNJ5EfZHXcszdSF5j",
        "74lyda6WlA6LXNk4igHCSY",
        "7585PJ7YFNr69R9k8dfnVS",
        "76llvh+mVDBoqK78RS2NO+",
        "768SIfjAxCk5APUh6ueYx4",
        "77aY6nvPRLgqVqK8wkEuFO",
        "78gd4zQIJNpLsNGbS0lWSg",
        "78u/8KJVJK+4z5/VLzB72u",
        "783BOu4xZObJndnGNWm/f/",
        "79WRqY5KlIbZ6T0cfAvDC+",
        "79j3oMr75OyboDsBb2XORr",
        "79tuBaMIJG/4NnEauPIm8v",
        "79zGM94zNE24zMOlRzOZSW",
        "7aShNEezBNE7uUq9W+vjKX",
        "7cXFjqF4dJAbUi8UJMTwmX",
        "7cXUI46w1FEKSPOhLMgvUn",
        "7eBVMXcFtDhq0OfyPZSOW9",
        "7fRnzj/BxBNJwkI7xKggvV",
        "80ZQo5HhxCLqJi1ppc7qjZ",
        "80by1LK5dEwJfrNuIi1oxW",
        "80fiO4aeBLBbTZ0yi2rZS0",
        "80tuMHrGZDy78Gp56uAJcE",
        "817uVXVCRMGorhY4z1tOM+",
        "82roLG5lhERIuNZyjEL99+",
        "83i1ZR+WRI/5Uz/6QzIjG+",
        "84IfV66JZL0LrmJbiViyyh",
        "84JfgbZ4ZL7pU7l48znD07",
        "84pqWYjdZJkqprXrJcHRd3",
        "842TIhsetAnaAs/GVZsJoz",
        "85ViCi/DdE+K0NkW66OWVi",
        "85WF6EcUZBZYmB8Cd/FMKp",
        "86pXrFnFxDELlW1iex93qm",
        "87oaiaKVNPk7jcf9q+dgmU",
        "87r79gHitBIKUPZU1m3Nd+",
        "88oZ8jqZtArreQwoMxYCW7",
        "89IFHlZzRL6rWs1HShGElF",
        "89WOihV1VL3YL7eKfEBt4K",
        "89lcTqjIVHVbZp81LTuHFF",
        "8a/rmKZ3NFC67Skib1RMeX",
        "8cvF8DRp1C9KYyMJjjXq/F",
        "8dkdvYtx9MoqhZQs6+mWyx",
        "8d+qA+QulDnp9EBIup0HzB",
        "8fxr2c0nVMLp6VxW0FpTer",
        "90qTKHLZBJCKkAAYpdt/Qe",
        "90xGE/ThlHoo35MGHgI3VH",
        "92o/bHR2VBIoV3/mQMN1mP",
        "92zoAsTr1MZZHiFYvdZAlz",
        "93tuDAbYJL+Lr9ckmRhr/q",
        "931CDU0zlK6K2Ptc4voHzb",
        "94kJinF7ZPALavs1o5PTT8",
        "944vvQFPNDgIe+hYwDHpbQ",
        "958rS1D3FJ7IsXfocrfSgs",
        "98PfODKA5OZKmQoDX3M00K",
        "98VJNVkMFJhrEUnWTpsv+8",
        "98Y4lAJdJJd5gDZvYxE2Or",
        "986yg67ahGVYCaKXjo9ngS",
        "987nYJbpxPk5CzeXqfWW3h",
        "99XxzzM2dIF6dSlSLayU65",
        "998df4kNBHyZxUsWuxxxME",
        "9a52oPoblMOpjfMM9vBfWl",
        "9blLVsLcpNpIUPJ+PrJou8",
        "9cI2RNrfFLO5AYLp2fqnjS",
        "9clEfeEWxMgrEDS4hLsUK/",
        "9c/+eji59PS7mFCQ3lyhxC",
        "9dEVEUsztPYZPaKe5UlBNt",
        "9fBhxEFP1DJZB9eyMXY8PM",
        "a0C8ADU+pL+Y5MLn87M1IV",
        "a0RLhmrmdMKIMYaxSevSvJ",
        "a0d5WJAPtGh6We8yfVjHDS",
        "a0n/+pJFtJC4YbLVSy56tJ",
        "a0ygdSL6BPiqNEgiURJyY/",
        "a1k8cx5LZPrIy4axW5Qpt1",
        "a1msM+4bxOq6i2a0dac/ZP",
        "a1teMr6cFP0YPIGrFuyFJ4",
        "a1wAKg9zZBKqGnYjekBA/9",
        "a11MLanJtN7rBHOZ9J5vXq",
        "a2QOkSVCVIvJszSLKAaSSz",
        "a2QSJrd4dNiJuO6W3xdw4J",
        "a2nJ3DZO1IkqOLpuijtEVE",
        "a3e0ft7QNJKJkFHkWSySMU",
        "a337VreppOZIvs+S9BjcL7",
        "a5tJniwrJJVax765ls9vfs",
        "a6xnzVmw5ChK9pb72Lqy0C",
        "a66Nlvj4VAr7rOn0sPD9jV",
        "a8CQI6p+NBlKcgfr9HTHIh",
        "a9UM5TgE9Njb3Dz8y+Voce",
        "a92G0H3YNMK5BH/1DsP2Kn",
        "aad7EDai9J0aq46q/nEVS3",
        "abLGXdgLZOOrX1TiBP/o8n",
        "abo1SGeKRDCoDu0aluFkCV",
        "ac3NaSxUVENbGb5CtA2UgN",
        "ac48bBabxIwZ9c+JvAnNdU",
        "ac8TNGglJOgqLeNIqfcJSJ",
        "adc0tr5TVFy6BuMo7Fr0p3",
        "adk6HH6M9M2r7l7a0gzvFf",
        "aduGz+CcFOXKGpU1E6bfUG",
        "afLi5FAi5E2rejHxKFSzAR",
        "afNBJTSo9OtakuJ4yCpSwK",
        "aftP/r6NJAZ6U5pkiBgyEK",
        "afyRhx6qhEOImfLrTtke95",
        "b08JnkoIBCUJeCyb2AktDi",
        "b1jr4ofZ1NxLhPstaSKJrE",
        "b14htxYbZJl5wCGuTxRS8E",
        "b1/jhj33hC+qEd3Omh9AN6",
        "b2xaK+IVBH1oiuJoyKHVkK",
        "b226XROkxLVqI0i2pXS0hp",
        "b3JMOrR/tA8ZXf7EIYItew",
        "b3oNpK+MhMkbz/u3Mf6+9k",
        "b5T3tgr69OSaz2lV9Cutuh",
        "b53aPRCtpDXa7RzAO0AjwM",
        "b6AA7Ir0VPf6ffAUYBe9x8",
        "b6pUS5DaJFe7Z4t9hhtSlg",
        "b67c/ngUNB+po/+A13AAOh",
        "b7Cl3aSylPlZOa1YmKwqpO",
        "b8qg2QxUpEM7GlsYM2njWY",
        "bbF+PVAItHz42e8C+ekPDJ",
        "bbK1aDYZhFC4mOVcFM5OQp",
        "bbW/M8mgFLDq9yXi/UtFUK",
        "beEIqtOchO05WWGCEPqEU1",
        "bfBCiQW5xHZqm0x8tBM+d1",
        "bfvv8WUPpBYqdxinGoFJN5",
        "c1xbX728JLq6utIJejGFmY",
        "c2Gh1Pt7FEdpsJ6KpxLhhM",
        "c3wU8nEpNLMr5RJLkFwZ3b",
        "c4AXsC1gJEEYi38DLDetZp",
        "c5HsrEWVhIVLQHAp4qee3B",
        "c5b/XUxM5D5Zlc4ueNwS6x",
        "c6ahWEWspBlIaPPo2d1vcA",
        "c6wiyatipBNr5192/H3Ulm",
        "c8BBhGdgNADqmOdaimlNXr",
        "c9WDg7QyhIfILWv7fhtvQb",
        "c97Gvm+odEZ6w1Wyh4OIEB",
        "cceSbRwopBr5iG4KhrwoqM",
        "cc3p1iXZpEPI+l9+o5N1f9",
        "ceFNzFncdPNbgP/wfHme7H",
        "ceesShRtpP7b91n2HF7RDZ",
        "d0fKltEMNMtbKOs5RqdLOs",
        "d3mX4ylWRO4bbIFRQPDI8v",
        "d30fVboN9PSJlr4IkJwM5z",
        "d7HHDk7b1AlL3Srt3LFfxi",
        "d72m3l9vxPNr0C8ISdP1Nn",
        "d9Y5SZ8udPVrf5n0+4Lwdo",
        "daFiKUiVdEUr5PgdRG1l+v",
        "dajuDrbY9CcZxrbGGI//O7",
        "dbl47bdCZAEJIg0VrVZgX6",
        "dcMkk/dyhDY6QRs6bgtDYa",
        "dcvzrlYotHkY1Qxzpxr0vx",
        "dc5pgnyyNFirjkv9uhj0Jq",
        "dc6NNi3btFxblX1L4loxw1",
        "ddveijEBhJsZZrq6gbuN1d",
        "dey0VBSGFHuYutvEpWyYDk",
        "e0AXDeKrpN0JzDB5R7KeUa",
        "e0TzePyEdIRZk93WqQMbfj",
        "e02rhqc0RFZoVHSFkzRHj4",
        "e2FlOzrM1CzL87R1FoHoXM",
        "e2WES/jmZGtKr7qN7PCbZX",
        "e2hbNz88tJFpBfB6Y24Ol/",
        "e3i4y4qTVCY5rzifwo8yU1",
        "e4PnlozqRIYLKnfzXLb5yN",
        "e4T1KjFUhGr6WbzEqYE/8W",
        "e4c0bPA4BCH4MSnpZDxJtF",
        "e5dbo2B3FBY6puxXma2hj+",
        "e5eEp/eUBAUaTNsA97piIh",
        "e554UdSotOYr4tllqzGP7l",
        "e6ToM84I5JxYIvDol9uLqD",
        "e6djcXIhBMEYgj61tj13RS",
        "e8okkQ4L1MMZjfV0yfwfpG",
        "e90WRR7WxHYJQFGOd9Nray",
        "eaOiY6Mj9DPLEO3MLjkhiv",
        "ebEoqxaZZD5Y9zeixt5pT6",
        "eb6R/i+5VFUoK+zUcrkp8S",
        "ecjHKgKndBXpqzd7IUlTa5",
        "ecpdLyjvZBwrvm+cedCcQy",
        "ec8K+6Cl1AoJiYESax0VJ2",
        "edES6VeP5JqYuvSsjNc2yD",
        "edSPYdz4tDDqLKkXYzQar+",
        "eeU7/+xFlMBpUur3IrY2vb",
        "ee6MSWllpIq65RpAm7N2bK",
        "efyDP1HFZGYapWE198+4Bw",
        "f0LDy1IRxLtZFkNGEnE1lm",
        "f0qj6LC0lG3JsuUr335I5x",
        "f11PJGeAdC5KoKhYIQDg1p",
        "f2PnizMl9AIrm/Go1zqeNK",
        "f2YmAsmdZNq4MeOARlR19h",
        "f3ITFDZ+9HYoVKLCZibii0",
        "f4iMXJWPdOvJVTX0dAhqaY",
        "f45+PAag9Hv4gmu6O7MD8d",
        "f5A/zwQMtPhpZRznDi8QBa",
        "f5I4J7aYhMjK0JzHC7Bkg4",
        "f5PK4Te5dC5ZrI9D/rcQxV",
        "f5U6ypbKFAoahA054FvHOc",
        "f5x8bCIsJB7bQVu1xVJ/dl",
        "f8ZV/VsxxJqrZmVt+l6vID",
        "f9E+ShkgZHYatRwNlkk4/v",
        "fbjlkabHpMIojtE3Uhtvpv",
        "fcDBx5zo5B0IRJz/Hwv3/W",
        "fc55Sra4lEUrWJY5bqNfmC",
        "fdqdw6RoJN3Y0MX52a3NPo",
        "feyByKnr5GNYPWH4lxbEvH",
        "ffORM/2FJLZqH393rJ1QHX",
        "ffiorNYcdBMIB/zcb5jIzD",
        "ff1opIl2BFwKCc/V8kLXEr"
    ],
    "scenes": {},
    "redirect": [
        "ecpdLyjvZBwrvm+cedCcQy",
        0
    ],
    "deps": [
        "internal"
    ],
    "packs": {
        "03e44f4fa": [
            "7fRnzj/BxBNJwkI7xKggvV",
            "c8BBhGdgNADqmOdaimlNXr"
        ],
        "047b1faf0": [
            "012KMoW9tGF5pjLHU/tolA",
            "013zqm3flExYr1A07rUZgd",
            "03cbsmhi9Dvr7j15X4qFY4",
            "04/PwQqmpLAIRlvYnz/kzF",
            "09JzjnSTlApr3H9ZoqwP+x",
            "0909Vtb7hDgqougldTkz1c",
            "0aphWDo5lKy5fQ9tl/2xBl",
            "0dcbdgaGpPEZaGT7nXA4L2",
            "0d8U0E1ARD/6UCjYTEqf0L",
            "11W9TolOpFPrTSJqs4DxOI",
            "12fbxqwPpHnYbW0iaQnH41",
            "136IiL4cdE5oWkfxPSkhqy",
            "18zB9ph2NCoojwauyjZTg7",
            "18z8b0NkxMKYDNxk9lHzi2",
            "1akdekpgdDhrQuS2Po4tH0",
            "1bVWhYmNhFQ5PxeU5NqopS",
            "1beTV+KwVKE6uSN/0koXyG",
            "20ontPJUVKo7tdpG/+31bW",
            "23t8JWAeJMW6W0Lc/vNNwT",
            "26s3frlY5DwKtKG7cy023K",
            "2brP3ATCxJ777dNcmisC/w",
            "2csCgUqK1HKKsz7StU2HTs",
            "2fbyjoVQlCM4ZF7GKm6kYr",
            "2fp2GZeA5H17PmeqZVrWg7",
            "31/u3BJUlDOp9RyeOb/ZX+",
            "34KspK3AtLm7nU9Ni8SMdB",
            "38kiCO/epORrMFSWEuFEy+",
            "39Ze+Fu91EBbn3vsqwzYWM",
            "3aaSXZuW1JA5MkH+HIfDZF",
            "3a8GcWZttAB5jQx1jvr8Ze",
            "3btk1DUxFKSJEEikqCzScJ",
            "3cdWsI0pVLfKHQntpaR5ho",
            "3cteGfbMpD+YtAhGxP3xsH",
            "3eAAFK9AZNjbvyNExingAc",
            "3frbvl7L9AzqmwhnD0C7Q4",
            "40IdeKyl9PWIdXsYUHCsSm",
            "41wpDWQ/ZCUpd6+xLJmrWw",
            "44SkeGmbxI4bBQ/FEEDpQ+",
            "46YabJK4RNXaLAXAkxgBNT",
            "4eF4TINIZCB6qYuUBnWiTi",
            "4ePtjnxchHHq/MRCxgp7cH",
            "4eXHwRKcVGmpekmeElO9Qr",
            "53OrByjdpC9ZXNmaMejA/h",
            "54JZzvm8hAc47fIam0gTzC",
            "587n39AdZAbbG9H7a60n28",
            "5aUZ3aVVFKJ7N6l7Jf0TVu",
            "5aiedU2BpOpYNvvt7k2S14",
            "5cHYY7m4xL34Uf0Ww1mGne",
            "5d5FW3s8JG47ereDGYgtqP",
            "5efqCZmWhFNqym0bNp3nQl",
            "5fyE5DjddJDpMdR7RKYxju",
            "638f6UgNtGoKXSZipg/wAZ",
            "645I1xAF1KSI08A6+xLj6K",
            "66sCCw7jJLh7z15WsEVC2G",
            "66uS+h0cJFur6a+fJMbfyQ",
            "6aUMomS3JMn65TNPsjMO9L",
            "6axZoX6jJB/oYVFB+M+lQp",
            "6a5b4atz5BjLenYJD+UeXg",
            "6b6r9UBMNF8bb5k99b8Yll",
            "6co3OJEitB+6wEqo2rmHQd",
            "6c+jki0BJDQqRM1nkJVTCH",
            "6f1/4DoBpErJo1m8y2SD/I",
            "71EpTxjo5P/Zsx4hK8GJI5",
            "71ziOLRh5MRpAAqBBej85S",
            "72vaohz01Mv7yM+STVxzzC",
            "73BlFJyA1L9aCBRo869pJj",
            "74dvaBNJ5EfZHXcszdSF5j",
            "783BOu4xZObJndnGNWm/f/",
            "7aShNEezBNE7uUq9W+vjKX",
            "7cXFjqF4dJAbUi8UJMTwmX",
            "80by1LK5dEwJfrNuIi1oxW",
            "817uVXVCRMGorhY4z1tOM+",
            "84JfgbZ4ZL7pU7l48znD07",
            "85WF6EcUZBZYmB8Cd/FMKp",
            "86pXrFnFxDELlW1iex93qm",
            "87oaiaKVNPk7jcf9q+dgmU",
            "87r79gHitBIKUPZU1m3Nd+",
            "89WOihV1VL3YL7eKfEBt4K",
            "8fxr2c0nVMLp6VxW0FpTer",
            "90xGE/ThlHoo35MGHgI3VH",
            "92o/bHR2VBIoV3/mQMN1mP",
            "92zoAsTr1MZZHiFYvdZAlz",
            "93tuDAbYJL+Lr9ckmRhr/q",
            "94kJinF7ZPALavs1o5PTT8",
            "944vvQFPNDgIe+hYwDHpbQ",
            "958rS1D3FJ7IsXfocrfSgs",
            "98PfODKA5OZKmQoDX3M00K",
            "98VJNVkMFJhrEUnWTpsv+8",
            "986yg67ahGVYCaKXjo9ngS",
            "99XxzzM2dIF6dSlSLayU65",
            "998df4kNBHyZxUsWuxxxME",
            "9a52oPoblMOpjfMM9vBfWl",
            "9blLVsLcpNpIUPJ+PrJou8",
            "9cI2RNrfFLO5AYLp2fqnjS",
            "9c/+eji59PS7mFCQ3lyhxC",
            "9dEVEUsztPYZPaKe5UlBNt",
            "9fBhxEFP1DJZB9eyMXY8PM",
            "a0RLhmrmdMKIMYaxSevSvJ",
            "a1k8cx5LZPrIy4axW5Qpt1",
            "a1wAKg9zZBKqGnYjekBA/9",
            "a5tJniwrJJVax765ls9vfs",
            "a6xnzVmw5ChK9pb72Lqy0C",
            "a8CQI6p+NBlKcgfr9HTHIh",
            "ac3NaSxUVENbGb5CtA2UgN",
            "ac48bBabxIwZ9c+JvAnNdU",
            "afyRhx6qhEOImfLrTtke95",
            "b14htxYbZJl5wCGuTxRS8E",
            "b2xaK+IVBH1oiuJoyKHVkK",
            "b3JMOrR/tA8ZXf7EIYItew",
            "b53aPRCtpDXa7RzAO0AjwM",
            "b6AA7Ir0VPf6ffAUYBe9x8",
            "b67c/ngUNB+po/+A13AAOh",
            "b7Cl3aSylPlZOa1YmKwqpO",
            "bfBCiQW5xHZqm0x8tBM+d1",
            "bfvv8WUPpBYqdxinGoFJN5",
            "c6ahWEWspBlIaPPo2d1vcA",
            "cceSbRwopBr5iG4KhrwoqM",
            "cc3p1iXZpEPI+l9+o5N1f9",
            "ceFNzFncdPNbgP/wfHme7H",
            "ceesShRtpP7b91n2HF7RDZ",
            "d0fKltEMNMtbKOs5RqdLOs",
            "d72m3l9vxPNr0C8ISdP1Nn",
            "dbl47bdCZAEJIg0VrVZgX6",
            "dc6NNi3btFxblX1L4loxw1",
            "e0TzePyEdIRZk93WqQMbfj",
            "e02rhqc0RFZoVHSFkzRHj4",
            "e2FlOzrM1CzL87R1FoHoXM",
            "e4T1KjFUhGr6WbzEqYE/8W",
            "e4c0bPA4BCH4MSnpZDxJtF",
            "e5eEp/eUBAUaTNsA97piIh",
            "e554UdSotOYr4tllqzGP7l",
            "e6ToM84I5JxYIvDol9uLqD",
            "e8okkQ4L1MMZjfV0yfwfpG",
            "eb6R/i+5VFUoK+zUcrkp8S",
            "ec8K+6Cl1AoJiYESax0VJ2",
            "edES6VeP5JqYuvSsjNc2yD",
            "eeU7/+xFlMBpUur3IrY2vb",
            "ee6MSWllpIq65RpAm7N2bK",
            "efyDP1HFZGYapWE198+4Bw",
            "f2PnizMl9AIrm/Go1zqeNK",
            "f2YmAsmdZNq4MeOARlR19h",
            "f3ITFDZ+9HYoVKLCZibii0",
            "f5A/zwQMtPhpZRznDi8QBa",
            "f5PK4Te5dC5ZrI9D/rcQxV",
            "fcDBx5zo5B0IRJz/Hwv3/W"
        ],
        "0730083db": [
            "f0qj6LC0lG3JsuUr335I5x",
            "fbjlkabHpMIojtE3Uhtvpv"
        ],
        "0eff21e35": [
            "1eD6WYAb5Nsb1Jh+ECY0LQ",
            "27aWmWClhE3IKbHNTu1wkQ",
            "47akwU3uZBRov+M0STC7+2",
            "5cQS+YkC1CR7m+ieqpV/KH",
            "90qTKHLZBJCKkAAYpdt/Qe",
            "a2QSJrd4dNiJuO6W3xdw4J",
            "a2nJ3DZO1IkqOLpuijtEVE",
            "f11PJGeAdC5KoKhYIQDg1p",
            "f5x8bCIsJB7bQVu1xVJ/dl",
            "f8ZV/VsxxJqrZmVt+l6vID",
            "ffORM/2FJLZqH393rJ1QHX"
        ]
    },
    "name": "31",
    "importBase": "import",
    "nativeBase": "native",
    "debug": true,
    "isZip": false,
    "encrypted": false,
    "versions": {
        "import": [
            "00BGiWjydN8JrM5EPmVbB0",
            "a17cf",
            "00ZpQYTI5LqaUHE09OqfHF",
            "65234",
            "00qCw3IDlH17paGHX6ynBW",
            "4dde7",
            "007Yxem0BLrqos9m+aj+re",
            "7d91a",
            "021Cxxr+ZGjJtC4McW21li",
            "65d1f",
            "03e44f4fa",
            "def17",
            "047b1faf0",
            "5a7e7",
            "06SftlsoZE0qWfaKtqgpvu",
            "ff786",
            "0730083db",
            "1aae3",
            "0aqYmu7lRAI5+K3jSwtZK0",
            "a3947",
            "0azj00BnZISaOMbHCTsNGR",
            "ca15e",
            "0a7XM8stpBFJmORpyaB5wW",
            "3f24a",
            "0bh0YDjp9F6ZxAEZ0HmTCf",
            "24b8c",
            "0bsjfBJd5C3aEWQ/VVQLur",
            "ba24f",
            "0drN3wIK5A4bK7ypi70Bjg",
            "2bce1",
            "0eCp6+r5pEZZ1DsBocsiFB",
            "f382c",
            "0ez8AGSUtPwZCvnMEJYZ95",
            "203fc",
            "0eff21e35",
            "8ad02",
            "0fOQEuyPpJHYBtEzIRe03W",
            "9854a",
            "105ly6t2ZFmrq/YOzU019j",
            "730d8",
            "12ARZ0FIJIZK8Dq6Y+/gDg",
            "52e0e",
            "12nb51YSREXZcBZsaK0b+6",
            "31cbb",
            "120dYj0pFCbql6VFz18zIr",
            "b4333",
            "1291FFaN9NEabdTlRO4On3",
            "b1d3a",
            "13brh3g7lJ8Y9Z3h4cGyGA",
            "586ec",
            "17dTg3rxZCzpSCUBM+Kp0s",
            "602d5",
            "17sEB6wrJFk6DCQCD1sW0x",
            "16ab3",
            "19pDO7WeZEDZ443ZSWkFtE",
            "c771c",
            "1cSAOEAaJBSZqX1510sgDs",
            "bfb4c",
            "1cUUN5CWlD1pcUxTC5GRms",
            "b36c3",
            "1cc2pO2EBAAIphjfFocFH1",
            "0d578",
            "1dNlrJUyZOWpGkhkN38LJQ",
            "e2e63",
            "1eQRwm7OBJMZsmmXgESe+F",
            "63270",
            "22K4ZA5sFNfJEAjkiCVr3i",
            "97b7f",
            "22V8d5V2tK3YBa+kWxJSzG",
            "04e9f",
            "22ef/EpzlHlY6vcaYtURgQ",
            "3fbaa",
            "22k+kDAP1ElYb5ODVhoVYF",
            "0572c",
            "229X2rqohA14plv4M7o61w",
            "d7471",
            "24uGNgO8ZLHLMFcfM88ctm",
            "72279",
            "25PyXLzV1ITazNDwfoLVvC",
            "ffc95",
            "25qBDjbwpLZY0DdZrSB+2Q",
            "26376",
            "28PpYKnppBXKDeO1UsV8+S",
            "72393",
            "2dV3oK2fVAjI43QTT7TdYY",
            "30443",
            "305maMmSxI37uuGAm1loEc",
            "050f4",
            "31GJUXMd1H4IuTlcgnqKTR",
            "96941",
            "33lXpM5BFANLuZ2LvL4V98",
            "05ae2",
            "34BiYrc8dM645KRs71zPNp",
            "b73af",
            "34CQX1MjFKIrrUqEZO7mBO",
            "779f5",
            "34+qqMjC9Cvb/h8XSYSBbf",
            "763f7",
            "35V2i+4p1Du7cM+YiPBHWi",
            "fd3bf",
            "36NYqUQLVBYoxxgZHKi+ug",
            "7f447",
            "36bagFYBVEOrMcvLPVuI1Y",
            "6ade1",
            "38XWMQZg5HqpNPI6YDt43C",
            "46bd4",
            "388jATT5ZCpqW8OTv4kSo0",
            "e16fc",
            "39FdcsBR9OOLHhmmGyorgw",
            "8c0de",
            "3dVJHyNzxGxKJe3HiUBvhH",
            "02cfc",
            "3eH5eFr7ZJDol1pO0pTIVB",
            "5828a",
            "3fy0BFBXBCI6C1uiIX+yN3",
            "d3988",
            "3f72mRCD9O74c3sHmsn5ee",
            "7f993",
            "40bCQogDJALotumeGRaqnB",
            "1bf6c",
            "424K8boyFLGLNrmyujgF9q",
            "d7947",
            "4442S1XmJAHqrSr1Isc4QC",
            "2c907",
            "47pLsnqLpGdZmluENtDWU/",
            "378a3",
            "4aXP4CAaNAZZv80hEFuk9P",
            "71ac5",
            "4bCS6j6TdChph3EolXpLf3",
            "552ea",
            "4boP3ZkNJO6YUM8PGgTsN6",
            "b6819",
            "4b+xGZ9dNOwYpyLFOJESQO",
            "510df",
            "4dgBY/IKpMYpcKS91cmjrx",
            "939b2",
            "4ePy00WvZJHYr5ESx96mPQ",
            "6c454",
            "4fjActUb5C2buLhPDmR6W4",
            "0bcd4",
            "51AxapqCZCQo41CR2ZkhXA",
            "83481",
            "51zuYsz3tGs4IyUyQv3FAY",
            "f500e",
            "54V37X/MpHZreKZE6j2otX",
            "6dc36",
            "55/7UalyJJG7JyzBLbOQqN",
            "38365",
            "56pc8QGBhHbK2Uf53zrBSJ",
            "96126",
            "57qtCrOWtKsbaWHrT4laMk",
            "535cf",
            "57q8LtvzNB17b92n2xJxiz",
            "c6b65",
            "575p2gT81Bw4TyCOAfUjVU",
            "5184f",
            "58zLLV6KhNsolmTV3rswfI",
            "c6676",
            "5bPEmorLBFLa+ifgzMRMtz",
            "10b72",
            "5bojTae/JAj5lJvu2huCIp",
            "cd760",
            "5b7eFRHPpFo4ihyekYaC/e",
            "94b13",
            "5ckOBZVUxOSLYJ1NjlrqS4",
            "9d1cc",
            "5dDQEY27pPJ7e+4AkVCT/n",
            "01d70",
            "5eOIme54NJbLeiSWCRnN+G",
            "4b071",
            "60YOF1fchIx5IEq02pdFK1",
            "77f4b",
            "60gHy1ML1CerlXRv3kNcNc",
            "73c87",
            "605aA9ZBZPVa3n50fd4gCg",
            "b6f9e",
            "62wELbJ5dM96b5PoqqXi0h",
            "d6ab2",
            "64sgyhgS1Ln5Xlcs4thNwX",
            "83013",
            "645HP2NGNNFpJUH8BKIeG7",
            "9df6f",
            "646OB2f4tMNaRK4jJ360w8",
            "b6e41",
            "648w4bBZ5GrpeXh28PhZyN",
            "99b7d",
            "65c72i6itBfKOioFJF3td7",
            "51b52",
            "650J9srY5Jw6Ur3/XMgCEw",
            "2bb36",
            "68osFu8sVLPbHk7G/BoNmb",
            "1283a",
            "69ffzbbx9CeoeW0+DESd09",
            "a82ca",
            "6eQRyYZg1BEaNDfRhOCSvd",
            "a31d7",
            "6fyzINzIhJbLiTDYZHHNWK",
            "fc15d",
            "6f1cPqlPxENIOO+6xO5MTt",
            "c50bd",
            "70e109AFlGxJEgrwA80VWO",
            "54d0d",
            "71M9CqyyJO+aasJyT0wIR/",
            "bdda4",
            "72JCdbCoZPmJyxs5mGKv9Y",
            "95448",
            "74lyda6WlA6LXNk4igHCSY",
            "95182",
            "7585PJ7YFNr69R9k8dfnVS",
            "6dff2",
            "76llvh+mVDBoqK78RS2NO+",
            "edcdf",
            "768SIfjAxCk5APUh6ueYx4",
            "7bd2a",
            "77aY6nvPRLgqVqK8wkEuFO",
            "83e44",
            "78gd4zQIJNpLsNGbS0lWSg",
            "0f9f0",
            "78u/8KJVJK+4z5/VLzB72u",
            "16f98",
            "79WRqY5KlIbZ6T0cfAvDC+",
            "d69c9",
            "79j3oMr75OyboDsBb2XORr",
            "74c62",
            "79tuBaMIJG/4NnEauPIm8v",
            "1bbe5",
            "79zGM94zNE24zMOlRzOZSW",
            "5b742",
            "7cXUI46w1FEKSPOhLMgvUn",
            "d58e5",
            "7eBVMXcFtDhq0OfyPZSOW9",
            "66856",
            "80ZQo5HhxCLqJi1ppc7qjZ",
            "5b419",
            "80fiO4aeBLBbTZ0yi2rZS0",
            "38891",
            "80tuMHrGZDy78Gp56uAJcE",
            "1f65a",
            "82roLG5lhERIuNZyjEL99+",
            "df291",
            "83i1ZR+WRI/5Uz/6QzIjG+",
            "bc883",
            "84IfV66JZL0LrmJbiViyyh",
            "6847a",
            "84pqWYjdZJkqprXrJcHRd3",
            "121b8",
            "842TIhsetAnaAs/GVZsJoz",
            "941ad",
            "85ViCi/DdE+K0NkW66OWVi",
            "cd563",
            "88oZ8jqZtArreQwoMxYCW7",
            "786de",
            "89IFHlZzRL6rWs1HShGElF",
            "51772",
            "89lcTqjIVHVbZp81LTuHFF",
            "952b2",
            "8a/rmKZ3NFC67Skib1RMeX",
            "7b6d0",
            "8cvF8DRp1C9KYyMJjjXq/F",
            "3c613",
            "8dkdvYtx9MoqhZQs6+mWyx",
            "7a8bc",
            "8d+qA+QulDnp9EBIup0HzB",
            "90e67",
            "931CDU0zlK6K2Ptc4voHzb",
            "6f0ea",
            "98Y4lAJdJJd5gDZvYxE2Or",
            "1c6d6",
            "987nYJbpxPk5CzeXqfWW3h",
            "8740c",
            "9clEfeEWxMgrEDS4hLsUK/",
            "38986",
            "a0C8ADU+pL+Y5MLn87M1IV",
            "93161",
            "a0d5WJAPtGh6We8yfVjHDS",
            "baa62",
            "a0n/+pJFtJC4YbLVSy56tJ",
            "afdeb",
            "a0ygdSL6BPiqNEgiURJyY/",
            "97f17",
            "a1msM+4bxOq6i2a0dac/ZP",
            "3371b",
            "a1teMr6cFP0YPIGrFuyFJ4",
            "1d041",
            "a11MLanJtN7rBHOZ9J5vXq",
            "08cc9",
            "a2QOkSVCVIvJszSLKAaSSz",
            "23352",
            "a3e0ft7QNJKJkFHkWSySMU",
            "e5ffc",
            "a337VreppOZIvs+S9BjcL7",
            "11d0b",
            "a66Nlvj4VAr7rOn0sPD9jV",
            "64f97",
            "a9UM5TgE9Njb3Dz8y+Voce",
            "a5263",
            "a92G0H3YNMK5BH/1DsP2Kn",
            "89c9a",
            "aad7EDai9J0aq46q/nEVS3",
            "5a834",
            "abLGXdgLZOOrX1TiBP/o8n",
            "06def",
            "abo1SGeKRDCoDu0aluFkCV",
            "84531",
            "ac8TNGglJOgqLeNIqfcJSJ",
            "6994d",
            "adc0tr5TVFy6BuMo7Fr0p3",
            "134f5",
            "adk6HH6M9M2r7l7a0gzvFf",
            "5e440",
            "aduGz+CcFOXKGpU1E6bfUG",
            "91c39",
            "afLi5FAi5E2rejHxKFSzAR",
            "23382",
            "afNBJTSo9OtakuJ4yCpSwK",
            "a25c7",
            "aftP/r6NJAZ6U5pkiBgyEK",
            "9975c",
            "b08JnkoIBCUJeCyb2AktDi",
            "55c5e",
            "b1jr4ofZ1NxLhPstaSKJrE",
            "5e820",
            "b1/jhj33hC+qEd3Omh9AN6",
            "b1a47",
            "b226XROkxLVqI0i2pXS0hp",
            "00803",
            "b3oNpK+MhMkbz/u3Mf6+9k",
            "69d28",
            "b5T3tgr69OSaz2lV9Cutuh",
            "ab7e5",
            "b6pUS5DaJFe7Z4t9hhtSlg",
            "1064d",
            "b8qg2QxUpEM7GlsYM2njWY",
            "016ab",
            "bbF+PVAItHz42e8C+ekPDJ",
            "21268",
            "bbK1aDYZhFC4mOVcFM5OQp",
            "4e166",
            "bbW/M8mgFLDq9yXi/UtFUK",
            "96b2a",
            "beEIqtOchO05WWGCEPqEU1",
            "77199",
            "c1xbX728JLq6utIJejGFmY",
            "40637",
            "c2Gh1Pt7FEdpsJ6KpxLhhM",
            "d5b71",
            "c3wU8nEpNLMr5RJLkFwZ3b",
            "81589",
            "c4AXsC1gJEEYi38DLDetZp",
            "910f5",
            "c5HsrEWVhIVLQHAp4qee3B",
            "05bec",
            "c5b/XUxM5D5Zlc4ueNwS6x",
            "2c0b2",
            "c6wiyatipBNr5192/H3Ulm",
            "cbbbe",
            "c9WDg7QyhIfILWv7fhtvQb",
            "a5ed5",
            "c97Gvm+odEZ6w1Wyh4OIEB",
            "b59ef",
            "d3mX4ylWRO4bbIFRQPDI8v",
            "4fd00",
            "d30fVboN9PSJlr4IkJwM5z",
            "ad850",
            "d7HHDk7b1AlL3Srt3LFfxi",
            "a44f8",
            "d9Y5SZ8udPVrf5n0+4Lwdo",
            "a9997",
            "daFiKUiVdEUr5PgdRG1l+v",
            "610f5",
            "dajuDrbY9CcZxrbGGI//O7",
            "da475",
            "dcMkk/dyhDY6QRs6bgtDYa",
            "be6ca",
            "dcvzrlYotHkY1Qxzpxr0vx",
            "47f0f",
            "dc5pgnyyNFirjkv9uhj0Jq",
            "88c85",
            "ddveijEBhJsZZrq6gbuN1d",
            "94232",
            "dey0VBSGFHuYutvEpWyYDk",
            "87907",
            "e0AXDeKrpN0JzDB5R7KeUa",
            "2aff6",
            "e2WES/jmZGtKr7qN7PCbZX",
            "403b3",
            "e2hbNz88tJFpBfB6Y24Ol/",
            "2d204",
            "e3i4y4qTVCY5rzifwo8yU1",
            "e611b",
            "e4PnlozqRIYLKnfzXLb5yN",
            "0f8d2",
            "e5dbo2B3FBY6puxXma2hj+",
            "339c4",
            "e6djcXIhBMEYgj61tj13RS",
            "f081c",
            "e90WRR7WxHYJQFGOd9Nray",
            "6e3da",
            "eaOiY6Mj9DPLEO3MLjkhiv",
            "60714",
            "ebEoqxaZZD5Y9zeixt5pT6",
            "262b6",
            "ecjHKgKndBXpqzd7IUlTa5",
            "c723f",
            "edSPYdz4tDDqLKkXYzQar+",
            "5a14c",
            "f0LDy1IRxLtZFkNGEnE1lm",
            "b2e7b",
            "f4iMXJWPdOvJVTX0dAhqaY",
            "e6b5c",
            "f45+PAag9Hv4gmu6O7MD8d",
            "a3c3c",
            "f5I4J7aYhMjK0JzHC7Bkg4",
            "222dc",
            "f5U6ypbKFAoahA054FvHOc",
            "a2464",
            "f9E+ShkgZHYatRwNlkk4/v",
            "9fe8d",
            "fc55Sra4lEUrWJY5bqNfmC",
            "37efd",
            "fdqdw6RoJN3Y0MX52a3NPo",
            "c0be3",
            "feyByKnr5GNYPWH4lxbEvH",
            "30686",
            "ffiorNYcdBMIB/zcb5jIzD",
            "a465c",
            "ff1opIl2BFwKCc/V8kLXEr",
            "962be"
        ],
        "native": [
            "012KMoW9tGF5pjLHU/tolA",
            "e5387",
            "013zqm3flExYr1A07rUZgd",
            "cb4b3",
            "03cbsmhi9Dvr7j15X4qFY4",
            "c2b8e",
            "04/PwQqmpLAIRlvYnz/kzF",
            "229c6",
            "09JzjnSTlApr3H9ZoqwP+x",
            "c8d25",
            "0909Vtb7hDgqougldTkz1c",
            "e9af0",
            "0aphWDo5lKy5fQ9tl/2xBl",
            "6849f",
            "0azj00BnZISaOMbHCTsNGR",
            "240d6",
            "0dcbdgaGpPEZaGT7nXA4L2",
            "aa39e",
            "0d8U0E1ARD/6UCjYTEqf0L",
            "70040",
            "0fOQEuyPpJHYBtEzIRe03W",
            "03ec3",
            "11W9TolOpFPrTSJqs4DxOI",
            "98890",
            "12fbxqwPpHnYbW0iaQnH41",
            "4cad0",
            "1291FFaN9NEabdTlRO4On3",
            "2b042",
            "136IiL4cdE5oWkfxPSkhqy",
            "2f181",
            "18zB9ph2NCoojwauyjZTg7",
            "0dfc9",
            "18z8b0NkxMKYDNxk9lHzi2",
            "7085a",
            "1akdekpgdDhrQuS2Po4tH0",
            "84c4f",
            "1bVWhYmNhFQ5PxeU5NqopS",
            "ef09d",
            "1beTV+KwVKE6uSN/0koXyG",
            "9d692",
            "1dNlrJUyZOWpGkhkN38LJQ",
            "3af33",
            "1eQRwm7OBJMZsmmXgESe+F",
            "96852",
            "20ontPJUVKo7tdpG/+31bW",
            "68f1c",
            "23t8JWAeJMW6W0Lc/vNNwT",
            "ec924",
            "26s3frlY5DwKtKG7cy023K",
            "e66a6",
            "28PpYKnppBXKDeO1UsV8+S",
            "00443",
            "2brP3ATCxJ777dNcmisC/w",
            "bb6ad",
            "2csCgUqK1HKKsz7StU2HTs",
            "b70de",
            "2fbyjoVQlCM4ZF7GKm6kYr",
            "949e4",
            "2fp2GZeA5H17PmeqZVrWg7",
            "f32f1",
            "31/u3BJUlDOp9RyeOb/ZX+",
            "36ffb",
            "34CQX1MjFKIrrUqEZO7mBO",
            "e2334",
            "34KspK3AtLm7nU9Ni8SMdB",
            "163e8",
            "36bagFYBVEOrMcvLPVuI1Y",
            "b035f",
            "38XWMQZg5HqpNPI6YDt43C",
            "1a235",
            "38kiCO/epORrMFSWEuFEy+",
            "9e6a1",
            "39Ze+Fu91EBbn3vsqwzYWM",
            "61874",
            "3aaSXZuW1JA5MkH+HIfDZF",
            "c6f5f",
            "3a8GcWZttAB5jQx1jvr8Ze",
            "43571",
            "3btk1DUxFKSJEEikqCzScJ",
            "93719",
            "3cdWsI0pVLfKHQntpaR5ho",
            "d763b",
            "3cteGfbMpD+YtAhGxP3xsH",
            "537f3",
            "3eAAFK9AZNjbvyNExingAc",
            "797ca",
            "3frbvl7L9AzqmwhnD0C7Q4",
            "9137b",
            "40IdeKyl9PWIdXsYUHCsSm",
            "577fe",
            "40bCQogDJALotumeGRaqnB",
            "75b3c",
            "41wpDWQ/ZCUpd6+xLJmrWw",
            "260b7",
            "44SkeGmbxI4bBQ/FEEDpQ+",
            "2734a",
            "46YabJK4RNXaLAXAkxgBNT",
            "ebdd5",
            "4aXP4CAaNAZZv80hEFuk9P",
            "a0277",
            "4b+xGZ9dNOwYpyLFOJESQO",
            "95744",
            "4dgBY/IKpMYpcKS91cmjrx",
            "c1889",
            "4eF4TINIZCB6qYuUBnWiTi",
            "ede71",
            "4ePtjnxchHHq/MRCxgp7cH",
            "3dba8",
            "4eXHwRKcVGmpekmeElO9Qr",
            "68134",
            "4fjActUb5C2buLhPDmR6W4",
            "24e7b",
            "51AxapqCZCQo41CR2ZkhXA",
            "84868",
            "53OrByjdpC9ZXNmaMejA/h",
            "86419",
            "54JZzvm8hAc47fIam0gTzC",
            "004de",
            "587n39AdZAbbG9H7a60n28",
            "b4578",
            "5aUZ3aVVFKJ7N6l7Jf0TVu",
            "a0381",
            "5aiedU2BpOpYNvvt7k2S14",
            "786a8",
            "5cHYY7m4xL34Uf0Ww1mGne",
            "6bbdc",
            "5ckOBZVUxOSLYJ1NjlrqS4",
            "73264",
            "5dDQEY27pPJ7e+4AkVCT/n",
            "e622d",
            "5d5FW3s8JG47ereDGYgtqP",
            "e7398",
            "5efqCZmWhFNqym0bNp3nQl",
            "7efd2",
            "5fyE5DjddJDpMdR7RKYxju",
            "52d53",
            "60gHy1ML1CerlXRv3kNcNc",
            "56ac7",
            "638f6UgNtGoKXSZipg/wAZ",
            "e9e87",
            "645I1xAF1KSI08A6+xLj6K",
            "748d7",
            "646OB2f4tMNaRK4jJ360w8",
            "79f02",
            "65c72i6itBfKOioFJF3td7",
            "58f56",
            "650J9srY5Jw6Ur3/XMgCEw",
            "c9aa3",
            "66sCCw7jJLh7z15WsEVC2G",
            "22166",
            "66uS+h0cJFur6a+fJMbfyQ",
            "0d3b3",
            "6aUMomS3JMn65TNPsjMO9L",
            "f7bec",
            "6axZoX6jJB/oYVFB+M+lQp",
            "98890",
            "6a5b4atz5BjLenYJD+UeXg",
            "a278e",
            "6b6r9UBMNF8bb5k99b8Yll",
            "529c7",
            "6co3OJEitB+6wEqo2rmHQd",
            "8a44a",
            "6c+jki0BJDQqRM1nkJVTCH",
            "2e234",
            "6f1cPqlPxENIOO+6xO5MTt",
            "a9b34",
            "6f1/4DoBpErJo1m8y2SD/I",
            "3d75a",
            "71EpTxjo5P/Zsx4hK8GJI5",
            "5256d",
            "71ziOLRh5MRpAAqBBej85S",
            "17355",
            "72vaohz01Mv7yM+STVxzzC",
            "0fe2c",
            "73BlFJyA1L9aCBRo869pJj",
            "f32f1",
            "74dvaBNJ5EfZHXcszdSF5j",
            "298bb",
            "783BOu4xZObJndnGNWm/f/",
            "bcf7a",
            "7aShNEezBNE7uUq9W+vjKX",
            "bc4d0",
            "7cXFjqF4dJAbUi8UJMTwmX",
            "1d974",
            "80by1LK5dEwJfrNuIi1oxW",
            "94d65",
            "80fiO4aeBLBbTZ0yi2rZS0",
            "5fe76",
            "817uVXVCRMGorhY4z1tOM+",
            "96ecb",
            "82roLG5lhERIuNZyjEL99+",
            "cd753",
            "84IfV66JZL0LrmJbiViyyh",
            "2b3d3",
            "84JfgbZ4ZL7pU7l48znD07",
            "02a50",
            "842TIhsetAnaAs/GVZsJoz",
            "29173",
            "85WF6EcUZBZYmB8Cd/FMKp",
            "ea2d2",
            "86pXrFnFxDELlW1iex93qm",
            "f7263",
            "87oaiaKVNPk7jcf9q+dgmU",
            "965cc",
            "87r79gHitBIKUPZU1m3Nd+",
            "6ccea",
            "89IFHlZzRL6rWs1HShGElF",
            "95744",
            "89WOihV1VL3YL7eKfEBt4K",
            "0ad0a",
            "8cvF8DRp1C9KYyMJjjXq/F",
            "91313",
            "8d+qA+QulDnp9EBIup0HzB",
            "cbb7d",
            "8fxr2c0nVMLp6VxW0FpTer",
            "21d82",
            "90xGE/ThlHoo35MGHgI3VH",
            "1b2d7",
            "92o/bHR2VBIoV3/mQMN1mP",
            "1d51d",
            "92zoAsTr1MZZHiFYvdZAlz",
            "17d7c",
            "93tuDAbYJL+Lr9ckmRhr/q",
            "baac1",
            "931CDU0zlK6K2Ptc4voHzb",
            "6c13c",
            "94kJinF7ZPALavs1o5PTT8",
            "63bce",
            "944vvQFPNDgIe+hYwDHpbQ",
            "5db22",
            "958rS1D3FJ7IsXfocrfSgs",
            "801d4",
            "98PfODKA5OZKmQoDX3M00K",
            "c6a49",
            "98VJNVkMFJhrEUnWTpsv+8",
            "83a08",
            "986yg67ahGVYCaKXjo9ngS",
            "95434",
            "99XxzzM2dIF6dSlSLayU65",
            "c35d6",
            "998df4kNBHyZxUsWuxxxME",
            "2201b",
            "9a52oPoblMOpjfMM9vBfWl",
            "ccc34",
            "9blLVsLcpNpIUPJ+PrJou8",
            "71ba1",
            "9cI2RNrfFLO5AYLp2fqnjS",
            "05e6b",
            "9clEfeEWxMgrEDS4hLsUK/",
            "ed4a7",
            "9c/+eji59PS7mFCQ3lyhxC",
            "45ae8",
            "9dEVEUsztPYZPaKe5UlBNt",
            "2fb5d",
            "9fBhxEFP1DJZB9eyMXY8PM",
            "22033",
            "a0C8ADU+pL+Y5MLn87M1IV",
            "3438d",
            "a0RLhmrmdMKIMYaxSevSvJ",
            "74c97",
            "a0ygdSL6BPiqNEgiURJyY/",
            "dd53c",
            "a1k8cx5LZPrIy4axW5Qpt1",
            "8f689",
            "a1wAKg9zZBKqGnYjekBA/9",
            "ba3ed",
            "a11MLanJtN7rBHOZ9J5vXq",
            "454e9",
            "a5tJniwrJJVax765ls9vfs",
            "24277",
            "a6xnzVmw5ChK9pb72Lqy0C",
            "fbcf0",
            "a8CQI6p+NBlKcgfr9HTHIh",
            "35197",
            "aad7EDai9J0aq46q/nEVS3",
            "d0d68",
            "ac3NaSxUVENbGb5CtA2UgN",
            "8956a",
            "ac48bBabxIwZ9c+JvAnNdU",
            "b3690",
            "adk6HH6M9M2r7l7a0gzvFf",
            "05faa",
            "aduGz+CcFOXKGpU1E6bfUG",
            "d420f",
            "afNBJTSo9OtakuJ4yCpSwK",
            "cd571",
            "afyRhx6qhEOImfLrTtke95",
            "6ab47",
            "b1jr4ofZ1NxLhPstaSKJrE",
            "e9195",
            "b14htxYbZJl5wCGuTxRS8E",
            "5ad2a",
            "b2xaK+IVBH1oiuJoyKHVkK",
            "08423",
            "b3JMOrR/tA8ZXf7EIYItew",
            "b7503",
            "b3oNpK+MhMkbz/u3Mf6+9k",
            "92d24",
            "b53aPRCtpDXa7RzAO0AjwM",
            "8f3b8",
            "b6AA7Ir0VPf6ffAUYBe9x8",
            "2f98d",
            "b6pUS5DaJFe7Z4t9hhtSlg",
            "3bef3",
            "b67c/ngUNB+po/+A13AAOh",
            "1f683",
            "b7Cl3aSylPlZOa1YmKwqpO",
            "ea475",
            "bfBCiQW5xHZqm0x8tBM+d1",
            "d4349",
            "bfvv8WUPpBYqdxinGoFJN5",
            "881c3",
            "c1xbX728JLq6utIJejGFmY",
            "46d71",
            "c5HsrEWVhIVLQHAp4qee3B",
            "8de30",
            "c6ahWEWspBlIaPPo2d1vcA",
            "23530",
            "c8BBhGdgNADqmOdaimlNXr",
            "3edbe",
            "c9WDg7QyhIfILWv7fhtvQb",
            "3438d",
            "c97Gvm+odEZ6w1Wyh4OIEB",
            "eb7c3",
            "cceSbRwopBr5iG4KhrwoqM",
            "b6d5a",
            "cc3p1iXZpEPI+l9+o5N1f9",
            "04b5c",
            "ceFNzFncdPNbgP/wfHme7H",
            "22ce7",
            "ceesShRtpP7b91n2HF7RDZ",
            "fd607",
            "d0fKltEMNMtbKOs5RqdLOs",
            "8e8f3",
            "d7HHDk7b1AlL3Srt3LFfxi",
            "0dea4",
            "d72m3l9vxPNr0C8ISdP1Nn",
            "a66dc",
            "d9Y5SZ8udPVrf5n0+4Lwdo",
            "49035",
            "daFiKUiVdEUr5PgdRG1l+v",
            "f4175",
            "dajuDrbY9CcZxrbGGI//O7",
            "22dc1",
            "dbl47bdCZAEJIg0VrVZgX6",
            "4afee",
            "dcvzrlYotHkY1Qxzpxr0vx",
            "550a6",
            "dc5pgnyyNFirjkv9uhj0Jq",
            "00b4b",
            "dc6NNi3btFxblX1L4loxw1",
            "81ec8",
            "e0TzePyEdIRZk93WqQMbfj",
            "05323",
            "e02rhqc0RFZoVHSFkzRHj4",
            "10168",
            "e2FlOzrM1CzL87R1FoHoXM",
            "3b929",
            "e2WES/jmZGtKr7qN7PCbZX",
            "182ab",
            "e2hbNz88tJFpBfB6Y24Ol/",
            "13571",
            "e3i4y4qTVCY5rzifwo8yU1",
            "986ac",
            "e4PnlozqRIYLKnfzXLb5yN",
            "f1238",
            "e4T1KjFUhGr6WbzEqYE/8W",
            "75d0c",
            "e4c0bPA4BCH4MSnpZDxJtF",
            "ec1aa",
            "e5eEp/eUBAUaTNsA97piIh",
            "e21ef",
            "e554UdSotOYr4tllqzGP7l",
            "f85b2",
            "e6ToM84I5JxYIvDol9uLqD",
            "32c95",
            "e8okkQ4L1MMZjfV0yfwfpG",
            "813df",
            "eb6R/i+5VFUoK+zUcrkp8S",
            "e0f60",
            "ecjHKgKndBXpqzd7IUlTa5",
            "e0e45",
            "ec8K+6Cl1AoJiYESax0VJ2",
            "b338d",
            "edES6VeP5JqYuvSsjNc2yD",
            "d7396",
            "eeU7/+xFlMBpUur3IrY2vb",
            "91d0e",
            "ee6MSWllpIq65RpAm7N2bK",
            "79fcb",
            "efyDP1HFZGYapWE198+4Bw",
            "7140f",
            "f0LDy1IRxLtZFkNGEnE1lm",
            "355d6",
            "f2PnizMl9AIrm/Go1zqeNK",
            "a12aa",
            "f2YmAsmdZNq4MeOARlR19h",
            "91478",
            "f3ITFDZ+9HYoVKLCZibii0",
            "ff97b",
            "f4iMXJWPdOvJVTX0dAhqaY",
            "28253",
            "f5A/zwQMtPhpZRznDi8QBa",
            "2de58",
            "f5PK4Te5dC5ZrI9D/rcQxV",
            "71c80",
            "f5U6ypbKFAoahA054FvHOc",
            "8c096",
            "fcDBx5zo5B0IRJz/Hwv3/W",
            "48f5d",
            "fc55Sra4lEUrWJY5bqNfmC",
            "d97f7",
            "fdqdw6RoJN3Y0MX52a3NPo",
            "becee",
            "ffiorNYcdBMIB/zcb5jIzD",
            "c77c0"
        ]
    }
}