[
  1,
  [
    "83MOrCyXNHpJHKKRkBpzGj"
  ],
  [
    "_texture"
  ],
  [
    [
      "dragonBones.DragonBonesAtlasAsset",
      [
        "_name",
        "_atlasJson"
      ],
      1
    ]
  ],
  [
    [
      0,
      0,
      1,
      3
    ]
  ],
  [
    [
      0,
      "Symbol_3_tex",
      "{\"name\":\"Symbol_3\",\"imagePath\":\"Symbol_3_tex.png\",\"SubTexture\":[{\"name\":\"Symbol_3/Board\",\"x\":1,\"height\":204,\"y\":207,\"width\":165},{\"name\":\"Symbol_3/BOARD2\",\"x\":168,\"height\":199,\"frameWidth\":163,\"y\":1,\"frameY\":-1,\"frameHeight\":200,\"frameX\":0,\"width\":163},{\"name\":\"Symbol_3/LOW\",\"x\":168,\"height\":49,\"frameWidth\":94,\"y\":318,\"frameY\":-1,\"frameHeight\":51,\"frameX\":0,\"width\":94},{\"name\":\"Symbol_3/HAIR_4\",\"x\":264,\"height\":72,\"frameWidth\":64,\"y\":357,\"frameY\":0,\"frameHeight\":72,\"frameX\":0,\"width\":63},{\"name\":\"Symbol_3/HAIR_L\",\"x\":168,\"height\":114,\"y\":202,\"width\":140},{\"name\":\"Symbol_3/HAIR_3\",\"x\":329,\"height\":24,\"frameWidth\":50,\"y\":357,\"frameY\":0,\"frameHeight\":25,\"frameX\":-2,\"width\":47},{\"name\":\"Symbol_3/PAPER\",\"x\":168,\"height\":76,\"y\":369,\"width\":47},{\"name\":\"Symbol_3/BODY\",\"x\":333,\"height\":119,\"y\":1,\"width\":153},{\"name\":\"Symbol_3/BELT_\",\"x\":488,\"height\":64,\"frameWidth\":25,\"y\":1,\"frameY\":0,\"frameHeight\":64,\"frameX\":0,\"width\":22},{\"name\":\"Symbol_3/HAD\",\"x\":310,\"height\":122,\"y\":233,\"width\":111},{\"name\":\"Symbol_3/EYE_HL\",\"x\":264,\"height\":14,\"y\":318,\"width\":44},{\"name\":\"Symbol_3/HAT\",\"x\":333,\"height\":109,\"y\":122,\"width\":162},{\"name\":\"Symbol_3/HAIR_R\",\"x\":423,\"height\":110,\"y\":318,\"width\":56},{\"name\":\"Symbol_3/HAIR_2\",\"x\":481,\"height\":77,\"y\":318,\"width\":28},{\"name\":\"Symbol_3/HAIR_1\",\"x\":423,\"height\":83,\"y\":233,\"width\":80},{\"name\":\"Symbol_3/EAR\",\"x\":297,\"height\":15,\"y\":334,\"width\":6},{\"name\":\"Symbol_3/EYELID_L\",\"x\":217,\"height\":16,\"y\":369,\"width\":33},{\"name\":\"Symbol_3/EYELID_R\",\"x\":264,\"height\":19,\"y\":334,\"width\":31},{\"name\":\"Symbol_3/ALL\",\"x\":1,\"height\":204,\"frameWidth\":204,\"y\":1,\"frameY\":-59,\"frameHeight\":270,\"frameX\":-20,\"width\":165}],\"height\":512,\"width\":512}"
    ]
  ],
  0,
  0,
  [
    0
  ],
  [
    0
  ],
  [
    0
  ]
]