[1,["ecpdLyjvZBwrvm+cedCcQy","f506Nmqb5A9IezQX70F0CM","a2MjXRFdtLlYQ5ouAFv/+R","c9VupEoCxGbIrIXOJwwOth","ecCTW49kJJYZX+93y4H/Sv","20nWkGgYNNrZnyDonkvhx6","46kOdiHoVAo5n+JUMM2VUT","01mnWNveZI/rYfSF0Js4WJ","a3ii62vnJJfKxd41iX8b75","2dC15FTMpEpa8CABU9uYoe","7ffUtFPU5C1bMs7SIiJgfd","b7HHMbk9NFUpGgdlk01XPF","e1ld5tA29C/qyMaxtHudub","b2Y7ZlnPJJaZ7SaE7z1cza","65XqrPSZZNJJ1QTRr9eiRR","945ZbbALFLmrtlYAxvAmHk","027/1C8fhP66Fx2HJuru0Q","c98LeietZBH4YDSLppyn+f","d29u/cV0JBZ5whN8L1r3Jt","96rsxrsQZL0LEL50S3Hx+4","bdsJ8v1LNOM4SOismZC56t","99uGdYn6FPKIsBNG5r20JV","299U/s/6FAq4XlTESykzPw","e65PBoZyhFXaCXXEyiLhl3","98wwrhxNtMzZfdgSK6Oc7i","47veugSe5EzYvBxyz4WO06","faFIs4VZpIkJFmu7tvQ+oC","7a/QZLET9IDreTiBfRn2PD","b4BrpVPBNPMb98B/vN0j/o","f6UUtkPnJCwKV+JuHNQCQ0","f23wtdvsRKjrcRaFXenIem","78KM7eIptB6I9SuWBwgkPc","eccFby15dLiZHd0lYbciVq","5f5dyqtRNNxaFmVzYns6FZ","5cO7kybDxGj4ipyMYdRYZB","b0wNJo6/hLAZlDDtn7EqR0","67WIn1Iq9JlrKzCg5gNutk","bf5KfPuV9By7EyY7iA6Uw1","a83hKvas5Fi5k6J3NNAkrJ","3fzxzBgJhJto5xWV/R19dT"],["node","_spriteFrame","_N$file","_parent","nodeChecked","lbIndex","_textureSetter","root","_defaultClip","skeletonItem","bgEffectMulti","bgScatter","spriteBkg","spriteItem","_N$target","detail","pageDate","parentTotalWin","parentItemWin","parentItemResult","lbTitleToHopWin","lbWin","lbBet","lbTime","data","_scrollView"],[["cc.Node",["_name","_opacity","_active","_objFlags","_prefab","_contentSize","_components","_parent","_trs","_children","_anchorPoint","_color","_eulerAngles"],-1,4,5,9,1,7,2,5,5,5],["cc.Label",["_string","_fontSize","_N$horizontalAlign","_N$verticalAlign","_isSystemFontUsed","_lineHeight","_N$overflow","node","_materials","_N$file"],-4,1,3,6],["cc.Sprite",["_sizeMode","_isTrimmedMode","_type","_dstBlendFactor","node","_materials","_spriteFrame"],-1,1,3,6],["cc.Node",["_name","_active","_objFlags","_parent","_components","_prefab","_contentSize","_trs","_children","_color","_anchorPoint"],0,1,2,4,5,7,2,5,5],["cc.Layout",["_resize","_N$layoutType","_N$spacingY","_N$spacingX","_N$paddingTop","node","_layoutSize"],-2,1,5],"cc.SpriteFrame",["cc.PrefabInfo",["fileId","root","asset"],2,1,1],["cc.Animation",["playOnLoad","node","_clips","_defaultClip"],2,1,3,6],["cc.Node",["_name","_active","_components","_prefab","_contentSize","_children","_anchorPoint","_trs","_parent"],1,12,4,5,2,5,7,1],["c45c4j6CjBL84vq6MKyl40M",["node","spriteItem","spriteBkg","bgScatter","bgEffectMulti","skeletonItem","khungWin"],3,1,1,1,1,1,1,2],["cc.Mask",["_enabled","_N$alphaThreshold","node","_materials"],1,1,3],["cc.Button",["_N$transition","node","clickEvents","_N$normalColor","_N$pressedColor","_N$disabledColor","_N$target"],2,1,9,5,5,5,1],["cc.Prefab",["_name"],2],["cc.Node",["_name","_parent","_children","_components","_prefab","_contentSize","_anchorPoint","_trs"],2,1,12,9,4,5,5,7],["9fbf4oWAu1IgJnLYdZq0VzR",["node","pageDate","detail"],3,1,1,1],["10051C53F9APIQ5+1ZhsU2u",["node","lbTitleToHopWin","parentItemResult","parentItemWin","parentTotalWin","colorOf"],3,1,1,1,1,1,8],["1c846RoJrhKKIcASe41JsBn",["node","lbTime","lbBet","lbWin"],3,1,1,1,1],["c2b56lCaGRJKI16E9ydJssj",["node","lbIndex","nodeChecked"],3,1,1,1],["cc.Widget",["alignMode","_alignFlags","_left","_originalHeight","node"],-1,1],["cc.ClickEvent",["_componentId","handler","target"],1,1],["16284Skah1EUosRvh+w/au6",["node"],3,1],["26495mkYd9K87r1dH28RUj3",["isLoop","sample","node","listFrame"],1,1,3],["23251wgkaFKa7D+TbypjVkG",["node","parentIndicator","content","clickEvents"],3,1,1,1,9],["cc.Scrollbar",["_N$direction","node","_N$handle"],2,1,1],["cc.ScrollView",["horizontal","brake","bounceDuration","_N$horizontalScrollBar","node","_N$content","_N$verticalScrollBar"],-1,1,1,1],["sp.Skeleton",["defaultSkin","defaultAnimation","_preCacheMode","_animationName","node","_materials"],-1,1,3],["8459eXcsAdDTZE7Kja5nk1a",["node","parentItem","itemTemplate","lbTitle","lbTime","lbBet","lbWin","lbMNUser","lbCuocCoSo"],3,1,1,1,1,1,1,1,1,1]],[[6,0,1,2,2],[6,0,1,2],[2,0,4,5,6,2],[0,0,7,9,6,4,5,8,2],[3,0,3,4,5,6,7,2],[0,0,7,6,4,5,8,2],[0,0,7,6,4,5,2],[0,0,7,6,4,11,5,8,2],[2,3,0,4,5,6,3],[0,0,2,7,6,4,5,8,3],[17,0,1,2,1],[1,0,1,2,3,6,7,8,6],[0,0,9,6,4,5,8,2],[0,0,1,7,6,4,11,5,8,3],[0,0,1,7,6,4,5,10,8,3],[19,0,1,2,3],[20,0,1],[3,0,3,4,5,6,2],[1,0,1,4,2,3,7,8,6],[3,0,3,4,5,9,6,7,2],[2,0,1,4,5,3],[1,0,1,4,7,8,9,4],[1,0,1,4,2,3,7,8,9,6],[1,0,5,2,3,7,8,5],[0,0,7,9,6,4,5,10,8,2],[0,0,7,9,6,4,5,2],[0,0,7,6,4,11,5,2],[3,0,1,3,4,5,6,7,3],[4,0,1,3,5,6,4],[2,4,5,6,1],[2,0,4,5,2],[11,1,2,1],[1,0,1,5,4,2,7,8,6],[0,0,2,7,9,6,4,5,3],[0,0,3,7,6,4,5,8,3],[0,0,7,6,4,5,8,12,2],[0,0,7,6,4,5,10,2],[3,0,3,8,4,5,6,7,2],[4,0,1,5,6,3],[7,0,1,2,3,2],[7,1,2,1],[2,0,1,4,5,6,3],[2,2,4,5,6,2],[2,3,0,1,4,5,6,4],[2,3,0,1,4,5,4],[11,0,1,2,3,4,5,6,2],[21,0,1,2,3,3],[25,0,1,2,3,4,5,5],[12,0,2],[0,0,9,6,4,2],[0,0,7,4,5,8,2],[0,0,7,9,4,5,8,2],[0,0,7,9,4,8,2],[0,0,9,4,5,8,2],[0,0,6,4,5,10,8,2],[0,0,3,7,6,4,5,3],[0,0,1,7,6,4,5,8,3],[3,0,1,3,8,4,5,3],[3,0,2,3,4,5,6,10,7,3],[13,0,1,2,3,4,5,6,7,2],[8,0,5,2,3,4,6,7,2],[8,0,1,8,2,3,4,3],[14,0,1,2,1],[6,1,2,1],[9,0,1,2,3,4,5,6,1],[9,0,1,2,3,4,5,1],[4,0,1,4,2,5,6,5],[4,0,1,2,5,6,4],[15,0,1,2,3,4,5,1],[10,0,2,3,2],[10,1,2,3,2],[16,0,1,2,3,1],[7,1,2,3,1],[18,0,1,2,3,4,5],[2,2,0,4,5,6,3],[2,2,0,4,5,3],[1,0,4,7,8,9,3],[1,0,4,7,8,3],[1,0,1,5,2,3,7,8,6],[1,0,2,3,7,8,4],[1,0,1,2,3,7,8,5],[1,0,1,7,8,3],[1,0,1,2,7,8,4],[22,0,1,2,3,1],[23,0,1,2,2],[24,0,1,2,3,4,5,6,5],[26,0,1,2,3,4,5,6,7,8,1]],[[[{"name":"4ae309c52a_26","rect":[0,0,128,128],"offset":[0,0],"originalSize":[128,128],"capInsets":[0,0,0,0]}],[5],0,[0],[6],[30]],[[{"name":"4ae309c52a_01","rect":[0,0,140,337],"offset":[0,0],"originalSize":[140,337],"capInsets":[0,0,0,0]}],[5],0,[0],[6],[31]],[[{"name":"4ae309c52a_12","rect":[0,0,137,226],"offset":[0,0],"originalSize":[137,226],"capInsets":[0,0,0,0]}],[5],0,[0],[6],[32]],[[[48,"LichSu"],[49,"LichSu",[-5,-6,-7,-8,-9,-10,-11,-12],[[62,-4,-3,-2]],[63,-1,0]],[12,"ItemSymbol",[-23,-24,-25,-26,-27,-28,-29,-30],[[64,-22,-21,-20,-19,-18,-17,[-14,-15,-16]]],[1,"e8c2o2Cd9JcIObCUvj9WpZ",-13],[5,176,183],[0,0,0,0,0,0,1,0.6666667,0.6666667,1]],[12,"ItemSymbol",[-38,-39,-40,-41,-42],[[65,-37,-36,-35,-34,-33,-32]],[1,"1auGewvqhHAaO6oMbbm6Op",-31],[5,176,183],[0,0,0,0,0,0,1,0.6666667,0.6666667,1]],[57,"Detial",false,1,[-44,-45,-46,-47,-48,-49,-50,-51,-52,-53,-54,-55,-56,-57,-58,-59],[-43],[0,"107riJVr5DmbilGRKaXD/6",1,0]],[12,"Indicator",[-61,-62,-63,-64,-65,-66,-67],[[28,1,1,15,-60,[5,370,50.4]]],[0,"ecEmC0pPRN4Llp4d3U+25Z",1,0],[5,370,50.4],[0,-504.193,0,0,0,0,1,1,1,1]],[59,"Item",4,[[[50,"Node",-74,[0,"73rhlNLQREo5lOKGkrEUxn",1,0],[5,100,0],[0,290.1,0,0,0,0,1,1,1,1]],-75,-76,-77,-78,-79],4,1,1,1,1,1],[[66,1,2,30,10,-68,[5,595,1280.4]],[68,-73,-72,-71,-70,-69,[4,4288059030]]],[0,"9bYyxFQ6ZDbLlWM84AppHD",1,0],[5,595,1280.4],[0,0.5,0.75],[0,296.884,0,0,0,0,1,1,1,1]],[3,"ParentItem",6,[-82,-83,-84,-85,-86,-87],[[69,false,-80,[131]],[28,1,1,-58,-81,[5,761,710]]],[0,"3aNW+EcY1ID6mmzyL40CDV",1,0],[5,761,710],[-20.857,-144.89999999999998,0,0,0,0,1,0.9,0.9,1]],[37,"PageData",1,[-89,5,-90,-91],[-88],[0,"3cC1BMTrlIjpnEJewNdCk3",1,0],[5,1000,500],[0,-19.251,0,0,0,0,1,1,1,1]],[12,"ItemLichSu",[-96,-97,-98,-99,-100],[[71,-95,-94,-93,-92]],[0,"1757gocCxBcZygFC5Fd3OK",1,0],[5,720,90],[0,-45,0,0,0,0,1,1,1,1]],[12,"BgScatter",[-102,-103,-104,-105],[[39,true,-101,[104],103]],[1,"83Lom1ILVLUpNAArd78RGA",2],[5,100,100],[0,0,0,0,0,0,1,1.1,1.1,1]],[12,"BgScatter",[-107,-108,-109,-110],[[39,true,-106,[142],141]],[1,"83Lom1ILVLUpNAArd78RGA",3],[5,100,100],[0,0,0,0,0,0,1,1.1,1.1,1]],[51,"ParentTotalWin",6,[-111,-112,-113,-114],[0,"85vQGCjpREcYtLqum3QdUl",1,0],[5,262.77,150],[0,-885.3000000000001,0,0,0,0,1,1,1,1]],[52,"header",1,[-115,-116,-117,-118],[0,"e3/aMeesNJMrRC684ToiAY",1,0],[0,8.565,0,0,0,0,1,1,1,1]],[3,"ItemIndicator",5,[-122,-123,-124],[[10,-121,-120,-119]],[0,"eeY8yQyfRKFoKLhf57cjzd",1,0],[5,40,40],[-165,-70.707,0,0,0,0,1,1,1,1]],[3,"ItemIndicator copy",5,[-128,-129,-130],[[10,-127,-126,-125]],[0,"73AgNh51RKiYx5+6w5Qafo",1,0],[5,40,40],[-110,-70.707,0,0,0,0,1,1,1,1]],[3,"ItemIndicator copy",5,[-134,-135,-136],[[10,-133,-132,-131]],[0,"44P2urDmxIMpHN7FjEyZ/K",1,0],[5,40,40],[-55,-70.707,0,0,0,0,1,1,1,1]],[3,"ItemIndicator copy",5,[-140,-141,-142],[[10,-139,-138,-137]],[0,"3d/HCYwv1JFoFOyugjuypR",1,0],[5,40,40],[0,-70.707,0,0,0,0,1,1,1,1]],[3,"ItemIndicator copy",5,[-146,-147,-148],[[10,-145,-144,-143]],[0,"262/W32ylGsrFUCNh8Nx9Z",1,0],[5,40,40],[55,-70.707,0,0,0,0,1,1,1,1]],[3,"ItemIndicator copy",5,[-152,-153,-154],[[10,-151,-150,-149]],[0,"ffQcUEA9NDLo9K82cnPKOC",1,0],[5,40,40],[110,-70.707,0,0,0,0,1,1,1,1]],[3,"ItemIndicator copy",5,[-158,-159,-160],[[10,-157,-156,-155]],[0,"572IW2YbtMlKGO/SmlRLiY",1,0],[5,40,40],[165,-70.707,0,0,0,0,1,1,1,1]],[60,"scrollBar",[-164],[[-161,[73,0,37,350.07654921020657,237,-162],[74,1,0,-163,[88],89]],1,4,4],[0,"19CvWuV/JP0bcj8y962JGA",1,0],[5,12,1000],[0,1,0.5],[360,0,0,0,0,0,1,1,1,1]],[24,"nodeTraThuong",6,[-166,-167,-168],[[28,1,1,10,-165,[5,660.34,60]]],[0,"3aE4ebD7ZE34GXw9Nbwx9e",1,0],[5,660.34,60],[0,0.46,0.5],[-28.399,250.10000000000002,0,0,0,0,1,1,1,1]],[25,"EffectBgMulti",2,[-170,-171],[[40,-169,[123,124,125]]],[1,"2365oicThCfrSd3NWz7iz0",2],[5,100,100]],[53,"ItemLineAn",[3,-172,-173,-174],[0,"a0+Ujz8tdMV7xkmV8nFS1Q",1,0],[5,156.997047,120],[41.719,-60,0,0,0,0,1,1,1,1]],[25,"EffectBgMulti",3,[-176,-177],[[40,-175,[161,162,163]]],[1,"2365oicThCfrSd3NWz7iz0",3],[5,100,100]],[24,"Content",8,[9],[[38,1,2,-178,[5,1000,90]]],[0,"d0W2OipeNDX6xlaCyJm/+5",1,0],[5,1000,90],[0,0.5,1],[0,479.882,0,0,0,0,1,1,1,1]],[37,"scrollview",4,[21,-180],[-179],[0,"12dLpcWrdIPIBer+DnZul3",1,0],[5,720,1000],[0,-138.462,0,0,0,0,1,1,1,1]],[54,"content",[[38,1,2,-181,[5,720,530]]],[0,"5aj/yFfOpDppo1WwbFGzms",1,0],[5,720,530],[0,0.5,1],[0,500,0,0,0,0,1,1,1,1]],[33,"s_scatter_b",false,2,[10],[[41,2,false,-182,[105],106]],[1,"52m+tyZFpPsItGtFn2A8fu",2],[5,350,350]],[24,"ParentAn",6,[24],[[67,1,2,50,-183,[5,680,120]]],[0,"e9ybHlQnFKzbfIcP76bA9m",1,0],[5,680,120],[0,0,1],[-339.113,-680.3000000000001,0,0,0,0,1,1,1,1]],[33,"s_scatter_b",false,3,[11],[[41,2,false,-184,[143],144]],[1,"52m+tyZFpPsItGtFn2A8fu",3],[5,350,350]],[3,"btn_detail",9,[-186],[[31,-185,[[15,"1c846RoJrhKKIcASe41JsBn","onClick",9]]]],[0,"b39pcRHi9G3JXHftkS2VCu",1,0],[5,90,90],[314.626,0,0,0,0,0,1,1,1,1]],[9,"active",false,14,[[2,0,-187,[25],26]],[0,"10d1ONC3JEAaZFxB28mOZd",1,0],[5,40,40],[0.327,0,0,0,0,0,1,1,1,1]],[9,"active",false,15,[[2,0,-188,[30],31]],[0,"87ArDYrcFBvJpov9lZReCo",1,0],[5,40,40],[0.327,0,0,0,0,0,1,1,1,1]],[9,"active",false,16,[[2,0,-189,[35],36]],[0,"f2l08Bq9VAf5GUtGt9ouxB",1,0],[5,40,40],[0.327,0,0,0,0,0,1,1,1,1]],[9,"active",false,17,[[2,0,-190,[40],41]],[0,"50BYk7NeRO34tGK6L5GYy+",1,0],[5,40,40],[0.327,0,0,0,0,0,1,1,1,1]],[9,"active",false,18,[[2,0,-191,[45],46]],[0,"dfYV+lpF5K9LcCppSoHXD3",1,0],[5,40,40],[0.327,0,0,0,0,0,1,1,1,1]],[9,"active",false,19,[[2,0,-192,[50],51]],[0,"c0rHjXpstNoahsrFbnWa3f",1,0],[5,40,40],[0.327,0,0,0,0,0,1,1,1,1]],[9,"active",false,20,[[2,0,-193,[55],56]],[0,"76QMbigyVOWL7UcXQzJqeN",1,0],[5,40,40],[0.327,0,0,0,0,0,1,1,1,1]],[3,"buttonPre",8,[-196],[[45,3,-195,[[15,"23251wgkaFKa7D+TbypjVkG","onClickPre",8]],[4,4293322470],[4,4291348680],[4,3363338360],-194]],[0,"3cquuFRV9EM5WiZe6txu+x",1,0],[5,80,80],[-267.759,-575.847,0,0,0,0,1,1,1,1]],[34,"Background",512,40,[[42,1,-197,[58],59]],[0,"33P0Hid0RFf5BmoDRP9Ep2",1,0],[5,90,90],[0,0,0,0,0,0,1,-1,1,0]],[3,"buttonPre copy",8,[-200],[[45,3,-199,[[15,"23251wgkaFKa7D+TbypjVkG","onClickNext",8]],[4,4293322470],[4,4291348680],[4,3363338360],-198]],[0,"e4TjqLJhRHBqtBAwlH5Qnm",1,0],[5,80,80],[265.302,-575.847,0,0,0,0,1,1,1,1]],[34,"Background",512,42,[[42,1,-201,[60],61]],[0,"62o8M9wcZDH6zUMlFFIInU",1,0],[5,90,90],[0,0,0,0,0,0,1,1,1,0]],[3,"menupopup-close",1,[-203],[[31,-202,[[15,"9fbf4oWAu1IgJnLYdZq0VzR","onClickClose",1]]]],[0,"b5kf97oWxHqI/bXFT/mtme",1,0],[5,100,100],[303.404,582.934,0,0,0,0,1,1,1,1]],[3,"btn_back",4,[-205],[[31,-204,[[15,"8459eXcsAdDTZE7Kja5nk1a","onClickClose",4]]]],[0,"06hpC7xWFPIYupE7AegloE",1,0],[5,80,80],[-290.479,571.093,0,0,0,0,1,1,1,1]],[25,"view",27,[28],[[70,0,-206,[87]]],[0,"8dqQ1095BK+puJy+O6VXaa",1,0],[5,720,1000]],[3,"ItemDuaXe",7,[2],[[16,-207]],[0,"302XVKcHxHzrXZczeww/vq",1,0],[5,176,610.469985],[-292.5,-100,0,0,0,0,1,1,1,1]],[6,"mtp_vfx_g_add_00",23,[[43,1,0,false,-208,[109],110],[46,false,20,-209,[111,112,113,114,115,116,117,118,119,120,121,122]]],[1,"f4oPTvo9pIzYdBAIDwCkbV",2],[5,298,288]],[6,"mtp_vfx_g_add_00",25,[[43,1,0,false,-210,[147],148],[46,false,20,-211,[149,150,151,152,153,154,155,156,157,158,159,160]]],[1,"f4oPTvo9pIzYdBAIDwCkbV",3],[5,298,288]],[61,"icon",false,3,[[-212,[72,-213,[166],165]],1,4],[1,"87RkNMMGpG8KHoDktvZlUe",3],[5,350,350]],[26,"sprite_splash",1,[[2,0,-214,[0],1]],[0,"62MeXo9DpHOJxxwJHiEkFO",1,0],[4,4281871919],[5,720,1280]],[7,"sans_bold-export",1,[[76,"Lịch Sử",false,-215,[2],3]],[0,"e1MPgEq1pEZZj/rVnnDwal",1,0],[4,4278239999],[5,131.25,40],[0,593.263,0,0,0,0,1,1,1,1]],[13,"sprite_splash",150,1,[[2,0,-216,[4],5]],[0,"2fPm1iIitN8LJNOA8SoLuM",1,0],[4,4286479998],[5,720,5],[0,518.078,0,0,0,0,1,1,1,1]],[13,"sprite_splash copy",150,1,[[2,0,-217,[6],7]],[0,"7bGcjI3NlMwo34arKuBwtw",1,0],[4,4286479998],[5,720,5],[0,-488.358,0,0,0,0,1,1,1,1]],[7,"sans_bold-export",13,[[21,"Time",25,false,-218,[8],9]],[0,"4f7VZ0kwtCZrv7++mDWmGM",1,0],[4,4287730065],[5,52.34,40],[-262.402,475.964,0,0,0,0,1,1,1,1]],[7,"sans_bold-export copy",13,[[21,"Bet",25,false,-219,[10],11]],[0,"f3Hzqh1apGbb7WLWlhgBli",1,0],[4,4287730065],[5,36.72,40],[-34.148,475.964,0,0,0,0,1,1,1,1]],[7,"sans_bold-export copy",13,[[21,"Win",25,false,-220,[12],13]],[0,"3dz9nmKhRPW4nJ4PJ/WIwk",1,0],[4,4287730065],[5,40.63,40],[177.981,475.964,0,0,0,0,1,1,1,1]],[7,"sans_bold-export copy",13,[[21,"Info",25,false,-221,[14],15]],[0,"a6G8kjs7FBYJ5e/D8iWoi6",1,0],[4,4287730065],[5,41.41,40],[309.599,475.964,0,0,0,0,1,1,1,1]],[26,"sprite_splash",9,[[2,0,-222,[16],17]],[0,"afIqVIKhdF2JOsP4BOKHkQ",1,0],[4,4283119160],[5,720,90]],[4,"time",9,[-223],[0,"e0304COddHVJlgkK7QumXA",1,0],[5,7.81,25],[-265.591,0,0,0,0,0,1,1,1,1]],[32,"-",25,25,false,1,60,[18]],[19,"money",9,[-224],[0,"b6fG/qJnNG2a9kg8xE4IpW",1,0],[4,4278247679],[5,13.28,25],[-30.816,0,0,0,0,0,1,1,1,1]],[32,"0",25,25,false,1,62,[19]],[19,"win",9,[-225],[0,"ffEv7L8vtGgqoi3x1awJmi",1,0],[4,4278247679],[5,13.28,25],[179.374,0,0,0,0,0,1,1,1,1]],[32,"0",25,25,false,1,64,[20]],[6,"btn_detail copy",32,[[29,-226,[21],22]],[0,"942Gghx+tCipDAy2A3AvMe",1,0],[5,90,90]],[6,"bkg",14,[[2,0,-227,[23],24]],[0,"19WFxRlZtOSaMbNdiX1w+Y",1,0],[5,40,40]],[4,"num",14,[-228],[0,"a2+LL0TFJF/bNvlu5qHulP",1,0],[5,33.37,50.4],[-0.885,32.206,0,0,0,0,1,1,1,1]],[11,"10",20,1,1,2,68,[27]],[6,"bkg",15,[[2,0,-229,[28],29]],[0,"9c8154PWVN/bSJqE/c71l/",1,0],[5,40,40]],[4,"num",15,[-230],[0,"5bpJvQZe9PDKSCHQfuleHO",1,0],[5,33.37,50.4],[-0.885,32.206,0,0,0,0,1,1,1,1]],[11,"10",20,1,1,2,71,[32]],[6,"bkg",16,[[2,0,-231,[33],34]],[0,"daoiwE101NK5/162eORgFZ",1,0],[5,40,40]],[4,"num",16,[-232],[0,"05Zrjw8EhLMZL0rMVEin/d",1,0],[5,33.37,50.4],[-0.885,32.206,0,0,0,0,1,1,1,1]],[11,"10",20,1,1,2,74,[37]],[6,"bkg",17,[[2,0,-233,[38],39]],[0,"80zEvJB6hFgYkHcnTd7yX8",1,0],[5,40,40]],[4,"num",17,[-234],[0,"58MPIayHNFypm0y/rPhxAY",1,0],[5,33.37,50.4],[-0.885,32.206,0,0,0,0,1,1,1,1]],[11,"10",20,1,1,2,77,[42]],[6,"bkg",18,[[2,0,-235,[43],44]],[0,"10iMg8NeFNwKZtnrbKkuhO",1,0],[5,40,40]],[4,"num",18,[-236],[0,"4aFu2XsJ1KppE2qOYl4Des",1,0],[5,33.37,50.4],[-0.885,32.206,0,0,0,0,1,1,1,1]],[11,"10",20,1,1,2,80,[47]],[6,"bkg",19,[[2,0,-237,[48],49]],[0,"47CP/wluxB45z1BNur+9+1",1,0],[5,40,40]],[4,"num",19,[-238],[0,"c66qD85jFOPLPZVP6PgUfe",1,0],[5,33.37,50.4],[-0.885,32.206,0,0,0,0,1,1,1,1]],[11,"10",20,1,1,2,83,[52]],[6,"bkg",20,[[2,0,-239,[53],54]],[0,"bctTHWmXZOXalwgDcbb9CH",1,0],[5,40,40]],[4,"num",20,[-240],[0,"85Oa83ECNCda2fMSFZcmUx",1,0],[5,33.37,50.4],[-0.885,32.206,0,0,0,0,1,1,1,1]],[11,"10",20,1,1,2,86,[57]],[83,8,5,26,[[15,"9fbf4oWAu1IgJnLYdZq0VzR","onChangePage",1]]],[6,"menupopup-close copy",44,[[29,-241,[62],63]],[0,"84Cfc0M6tKB5bXIC6tikHD",1,0],[5,108,108]],[26,"sprite_splash",4,[[2,0,-242,[64],65]],[0,"f03PNIdgpEjb8uxP6fz69g",1,0],[4,4281871919],[5,720,1280]],[55,"btn_back copy",512,45,[[29,-243,[66],67]],[0,"6f6BRaSjNNhq2+OaKHxSWN",1,0],[5,108,108]],[19,"header",4,[-244],[0,"90RIA20SZNCqzjjV+hcvoj",1,0],[4,4278234623],[5,207.5,40],[12.847,582.413,0,0,0,0,1,1,1,1]],[77,"Spin normal",false,92,[68]],[7,"title",4,[[22,"Total bet",25,false,1,1,-245,[69],70]],[0,"dbwOwez8tIdpRzLE1CNMtj",1,0],[4,4278234623],[5,100,40],[-253.255,447.193,0,0,0,0,1,1,1,1]],[7,"title copy",4,[[22,"Base bet",25,false,1,1,-246,[71],72]],[0,"adqBL5LhtHHJtX1NDZF2Mm",1,0],[4,4278234623],[5,96.88,40],[-90.006,447.193,0,0,0,0,1,1,1,1]],[7,"title",4,[[22,"Win",25,false,1,1,-247,[73],74]],[0,"14bkCjrTxBrIfjHJNgtwXb",1,0],[4,4278234623],[5,40.63,40],[56.419,447.193,0,0,0,0,1,1,1,1]],[7,"title",4,[[22,"Balance",25,false,1,1,-248,[75],76]],[0,"22aAm0Q9dLz4woiRtT46MH",1,0],[4,4278234623],[5,85.16,40],[249.241,447.193,0,0,0,0,1,1,1,1]],[19,"time",4,[-249],[0,"a3a/YLig1ORrPrXbY2qyae",1,0],[4,4288059030],[5,161.72,40],[12.847,537.124,0,0,0,0,1,1,1,1]],[18,"17/18 20:20:00",25,false,1,1,98,[77]],[13,"sprite_splash copy",150,4,[[2,0,-250,[78],79]],[0,"33HUu+sMtPlYI2zwUpE1xr",1,0],[4,4286479998],[5,720,5],[0,497.173,0,0,0,0,1,1,1,1]],[13,"sprite_splash copy",150,4,[[2,0,-251,[80],81]],[0,"b0MzhaKXhHPp7vyOFr8Hdv",1,0],[4,4286479998],[5,720,5],[0,365.921,0,0,0,0,1,1,1,1]],[4,"lbBet",4,[-252],[0,"42XyjDVBhETIRMI/fyqDXS",1,0],[5,7.81,40],[-259.679,401.265,0,0,0,0,1,1,1,1]],[18,"-",25,false,1,1,102,[82]],[4,"lbBet copy",4,[-253],[0,"9e4fnRAdVIM4wncmkvD8b8",1,0],[5,7.81,40],[-96.43,401.265,0,0,0,0,1,1,1,1]],[18,"-",25,false,1,1,104,[83]],[4,"lbWin",4,[-254],[0,"dcDDf4+mhK6LlK8nvyQo8z",1,0],[5,7.81,40],[58.8,401.265,0,0,0,0,1,1,1,1]],[18,"-",25,false,1,1,106,[84]],[4,"lbMnUser",4,[-255],[0,"8fAe4aG81NvbzG/GjOvDlr",1,0],[5,7.81,40],[251.622,401.265,0,0,0,0,1,1,1,1]],[18,"-",25,false,1,1,108,[85]],[58,"bar",512,21,[-256],[0,"650ohVf8ZOtZcFwDAG0Xo+",1,0],[5,10,30],[0,1,0],[-1,0,0,0,0,0,1,1,1,1]],[75,1,0,110,[86]],[84,1,21,111],[85,false,0.75,0.23,null,27,28,112],[13,"line",90,22,[[2,0,-257,[90],91]],[0,"3bfbiA+aBER4f7E5o2NvKt",1,0],[4,4278190080],[5,250,4],[-178.75640000000004,8.344,0,0,0,0,1,1,1,1]],[5,"lb",22,[[78,"Trả thưởng",28,70,1,1,-258,[92]]],[0,"c78mcWXuNAgKiRl85dRJrN",1,0],[5,140.34,88.2],[26.41359999999996,10.021,0,0,0,0,1,0.825,0.825,1]],[13,"line copy",90,22,[[2,0,-259,[93],94]],[0,"4dnzBh7MxMiqjl41hz2xfN",1,0],[4,4278190080],[5,250,4],[231.58359999999996,8.344,0,0,0,0,1,1,1,1]],[35,"scat_vfx_a_screen",10,[[8,1,0,-260,[95],96]],[1,"843pELiF5MhJEYITXEJw9P",2],[5,357.5,358.6],[-4.655,-5.43,0,0,0,0.7071067811865475,0.7071067811865476,1,1,1],[1,0,0,90]],[5,"scat_vfx_a_screen-001",10,[[8,1,0,-261,[97],98]],[1,"50MXM1iIZHSZN8bof6QOBY",2],[5,357.5,358.6],[-4.655,-5.43,0,0,0,0,1,1,1,1]],[5,"scat_vfx_b_screen",10,[[8,1,0,-262,[99],100]],[1,"54Z4tWaz1OlIRIlccOvV16",2],[5,368.851,339.654],[1.2645,-5.2915,0,0,0,0,1,1,1,1]],[36,"scat_vfx_c_add",10,[[8,1,0,-263,[101],102]],[1,"1ftNDRwX9EDaBuNgxGZfp4",2],[5,326.585,327.718],[0,0.5,0.4]],[17,"l_frame_b",2,[-264],[1,"fa1P3NR0RJupTw17DbrRMl",2],[5,350,736]],[20,2,false,121,[107]],[5,"mtp_sym_bg_a_screen_00",23,[[44,1,2,false,-265,[108]]],[1,"d69Z93E+1Dd6+hJq8RJAaH",2],[5,40,40],[0,0,0,0,0,0,1,1.45,1.45,1]],[17,"icon",2,[-266],[1,"87RkNMMGpG8KHoDktvZlUe",2],[5,350,350]],[20,2,false,124,[126]],[17,"spine",2,[-267],[1,"db5p+2UiNKmbaYO1YcQl44",2],[5,177,175]],[47,"default","spawn",0,"spawn",126,[127]],[27,"khungWin1",false,2,[-268],[1,"957+VAp+5CMaQBFzmoUZGC",2],[5,227.20495,227.706617],[-0.604166,0.715,0,0,0,0,1,1,1,1]],[30,0,128,[128]],[27,"khungWin2",false,2,[-269],[1,"46Tzlm4RJGzZn/AbykN1HK",2],[5,242.119947,397.316581],[-8.061663,-2.474165,0,0,0,0,1,1,1,1]],[30,0,130,[129]],[27,"khungWin3",false,2,[-270],[1,"e36/0cBotH9rQrR3hZmmN7",2],[5,257.44994,589.214818],[-0.396666,0.448333,0,0,0,0,1,1,1,1]],[30,0,132,[130]],[5,"ItemQuyBa copy",7,[[16,-271]],[0,"d7j6zClb5OAo94VHrfsUq2",1,0],[5,175,550.093],[-175,-100,0,0,0,0,1,1,1,1]],[5,"ItemQuyBa copy",7,[[16,-272]],[0,"2cViSnyjROM6qx3H6y0DyX",1,0],[5,175,550.093],[-58,-100,0,0,0,0,1,1,1,1]],[5,"ItemQuyBa copy",7,[[16,-273]],[0,"1b5sX7Uk1LVpEJAunmbZji",1,0],[5,175,550.093],[59,-100,0,0,0,0,1,1,1,1]],[5,"ItemQuyBa copy",7,[[16,-274]],[0,"18F4dkRstL9pahLosFiUzv",1,0],[5,175,550.093],[176,-100,0,0,0,0,1,1,1,1]],[5,"ItemQuyBa copy",7,[[16,-275]],[0,"7dzZdXUAVGE4VFU6uMbrRu",1,0],[5,175,550.093],[293,-100,0,0,0,0,1,1,1,1]],[4,"lbKhongCogi",6,[-276],[0,"beu7n9AxNEcop6OBb05x8q",1,0],[5,533.28,50.4],[1.724,-645.1,0,0,0,0,1,0.825,0.825,1]],[79,"Không có kết hợp chiến thắng",1,1,139,[132]],[35,"scat_vfx_a_screen",11,[[8,1,0,-277,[133],134]],[1,"843pELiF5MhJEYITXEJw9P",3],[5,357.5,358.6],[-4.655,-5.43,0,0,0,0.7071067811865475,0.7071067811865476,1,1,1],[1,0,0,90]],[5,"scat_vfx_a_screen-001",11,[[8,1,0,-278,[135],136]],[1,"50MXM1iIZHSZN8bof6QOBY",3],[5,357.5,358.6],[-4.655,-5.43,0,0,0,0,1,1,1,1]],[5,"scat_vfx_b_screen",11,[[8,1,0,-279,[137],138]],[1,"54Z4tWaz1OlIRIlccOvV16",3],[5,368.851,339.654],[1.2645,-5.2915,0,0,0,0,1,1,1,1]],[36,"scat_vfx_c_add",11,[[8,1,0,-280,[139],140]],[1,"1ftNDRwX9EDaBuNgxGZfp4",3],[5,326.585,327.718],[0,0.5,0.4]],[17,"l_frame_b",3,[-281],[1,"fa1P3NR0RJupTw17DbrRMl",3],[5,350,350]],[20,2,false,145,[145]],[5,"mtp_sym_bg_a_screen_00",25,[[44,1,2,false,-282,[146]]],[1,"d69Z93E+1Dd6+hJq8RJAaH",3],[5,40,40],[0,0,0,0,0,0,1,1.45,1.45,1]],[20,2,false,50,[164]],[17,"spine",3,[-283],[1,"db5p+2UiNKmbaYO1YcQl44",3],[5,177,175]],[47,"default","spawn",0,"spawn",149,[167]],[14,"lbConsecutive",155,24,[[80,"Bộ ba",35,1,1,-284,[168]]],[0,"0fELoL829K8KooRrKaIJEV",1,0],[5,91.46,50.4],[0,0,0.5],[78,26.517,0,0,0,0,1,1,1,1]],[14,"lbDuong",155,24,[[81,"Bộ ba",25,-285,[169]]],[0,"f6wjYzzeJG5rkNmGP2IRAN",1,0],[5,65.33,50.4],[0,0,0.5],[78,-30.792,0,0,0,0,1,1,1,1]],[14,"lbTotalGold",155,24,[[82,"Bộ ba",25,1,-286,[170]]],[0,"dbRQ/TUCFNraKS3dql+FB+",1,0],[5,65.33,50.4],[0,1,0.5],[614.007,2.939,0,0,0,0,1,1,1,1]],[56,"totaBonus",155,12,[[23,"Hệ số nhân:",50,1,1,-287,[171]]],[0,"86/kRfBMlOkLN14JBKivIW",1,0],[5,215.7,63],[-240.401,59.521,0,0,0,0,1,0.825,0.825,1]],[14,"lbBonus",155,12,[[23,"x3",50,1,1,-288,[172]]],[0,"e3kojiA/1MDYeVHfSCSHyG",1,0],[5,42.25,63],[0,0,0.5],[-140.955,59.521,0,0,0,0,1,0.825,0.825,1]],[14,"totalWin",155,12,[[23,"Tổng thắng hệ số:",50,1,1,-289,[173]]],[0,"damKAFJuJN3oGn5UP4D7C/",1,0],[5,322.46,63],[0,0,0.5],[-327.741,21.472,0,0,0,0,1,0.825,0.825,1]],[14,"lbTotalWin",155,12,[[23,"3x10=3000",50,1,1,-290,[174]]],[0,"510RitLbtFHbPdLFFwoR+B",1,0],[5,199.08,63],[0,0,0.5],[-49.291,21.472,0,0,0,0,1,0.825,0.825,1]],[86,4,28,6,93,99,103,107,109,105]],0,[0,7,1,0,15,158,0,16,88,0,0,1,0,-1,51,0,-2,52,0,-3,53,0,-4,54,0,-5,13,0,-6,8,0,-7,44,0,-8,4,0,7,2,0,-1,129,0,-2,131,0,-3,133,0,9,127,0,10,23,0,11,29,0,12,122,0,13,125,0,0,2,0,-1,29,0,-2,121,0,-3,23,0,-4,124,0,-5,126,0,-6,128,0,-7,130,0,-8,132,0,7,3,0,9,150,0,10,25,0,11,31,0,12,146,0,13,148,0,0,3,0,-1,31,0,-2,145,0,-3,25,0,-4,50,0,-5,149,0,-1,158,0,-1,90,0,-2,45,0,-3,92,0,-4,94,0,-5,95,0,-6,96,0,-7,97,0,-8,98,0,-9,100,0,-10,101,0,-11,102,0,-12,104,0,-13,106,0,-14,108,0,-15,27,0,-16,6,0,0,5,0,-1,14,0,-2,15,0,-3,16,0,-4,17,0,-5,18,0,-6,19,0,-7,20,0,0,6,0,17,12,0,18,30,0,19,7,0,20,140,0,0,6,0,3,6,0,-2,22,0,-3,7,0,-4,139,0,-5,30,0,-6,12,0,0,7,0,0,7,0,-1,47,0,-2,134,0,-3,135,0,-4,136,0,-5,137,0,-6,138,0,-1,88,0,-1,26,0,-3,40,0,-4,42,0,21,65,0,22,63,0,23,61,0,0,9,0,-1,59,0,-2,60,0,-3,62,0,-4,64,0,-5,32,0,0,10,0,-1,117,0,-2,118,0,-3,119,0,-4,120,0,0,11,0,-1,141,0,-2,142,0,-3,143,0,-4,144,0,-1,154,0,-2,155,0,-3,156,0,-4,157,0,-1,55,0,-2,56,0,-3,57,0,-4,58,0,4,33,0,5,69,0,0,14,0,-1,67,0,-2,33,0,-3,68,0,4,34,0,5,72,0,0,15,0,-1,70,0,-2,34,0,-3,71,0,4,35,0,5,75,0,0,16,0,-1,73,0,-2,35,0,-3,74,0,4,36,0,5,78,0,0,17,0,-1,76,0,-2,36,0,-3,77,0,4,37,0,5,81,0,0,18,0,-1,79,0,-2,37,0,-3,80,0,4,38,0,5,84,0,0,19,0,-1,82,0,-2,38,0,-3,83,0,4,39,0,5,87,0,0,20,0,-1,85,0,-2,39,0,-3,86,0,-1,112,0,0,21,0,0,21,0,-1,110,0,0,22,0,-1,114,0,-2,115,0,-3,116,0,0,23,0,-1,123,0,-2,48,0,-2,151,0,-3,152,0,-4,153,0,0,25,0,-1,147,0,-2,49,0,0,26,0,-1,113,0,-2,46,0,0,28,0,0,29,0,0,30,0,0,31,0,0,32,0,-1,66,0,0,33,0,0,34,0,0,35,0,0,36,0,0,37,0,0,38,0,0,39,0,14,41,0,0,40,0,-1,41,0,0,41,0,14,43,0,0,42,0,-1,43,0,0,43,0,0,44,0,-1,89,0,0,45,0,-1,91,0,0,46,0,0,47,0,0,48,0,0,48,0,0,49,0,0,49,0,-1,148,0,0,50,0,0,51,0,0,52,0,0,53,0,0,54,0,0,55,0,0,56,0,0,57,0,0,58,0,0,59,0,-1,61,0,-1,63,0,-1,65,0,0,66,0,0,67,0,-1,69,0,0,70,0,-1,72,0,0,73,0,-1,75,0,0,76,0,-1,78,0,0,79,0,-1,81,0,0,82,0,-1,84,0,0,85,0,-1,87,0,0,89,0,0,90,0,0,91,0,-1,93,0,0,94,0,0,95,0,0,96,0,0,97,0,-1,99,0,0,100,0,0,101,0,-1,103,0,-1,105,0,-1,107,0,-1,109,0,-1,111,0,0,114,0,0,115,0,0,116,0,0,117,0,0,118,0,0,119,0,0,120,0,-1,122,0,0,123,0,-1,125,0,-1,127,0,-1,129,0,-1,131,0,-1,133,0,0,134,0,0,135,0,0,136,0,0,137,0,0,138,0,-1,140,0,0,141,0,0,142,0,0,143,0,0,144,0,-1,146,0,0,147,0,-1,150,0,0,151,0,0,152,0,0,153,0,0,154,0,0,155,0,0,156,0,0,157,0,24,1,2,3,47,3,3,24,5,3,8,9,3,26,10,3,29,11,3,31,21,3,27,24,3,30,28,3,46,112,25,113,290],[0,0,0,0,0,0,0,0,0,0,0,0,0,0,0,0,0,0,0,0,0,0,0,0,0,0,0,0,0,0,0,0,0,0,0,0,0,0,0,0,0,0,0,0,0,0,0,0,0,0,0,0,0,0,0,0,0,0,0,0,0,0,0,0,0,0,0,0,0,0,0,0,0,0,0,0,0,0,0,0,0,0,0,0,0,0,0,0,0,0,0,0,0,0,0,0,0,0,0,0,0,0,0,0,0,0,0,0,0,0,0,0,0,0,0,0,0,0,0,0,0,0,0,0,0,0,0,0,0,0,0,0,0,0,0,0,0,0,0,0,0,0,0,0,0,0,0,0,0,0,0,0,0,0,0,0,0,0,0,0,0,0,0,0,0,0,0,0,0,0,0,0,0,0,0,61,63,65,93,99,103,105,107,109,111,122,125,129,131,133,146,148],[-1,1,-1,2,-1,1,-1,1,-1,2,-1,2,-1,2,-1,2,-1,1,-1,-1,-1,-1,1,-1,1,-1,1,-1,-1,1,-1,1,-1,-1,1,-1,1,-1,-1,1,-1,1,-1,-1,1,-1,1,-1,-1,1,-1,1,-1,-1,1,-1,1,-1,-1,1,-1,1,-1,1,-1,1,-1,1,-1,-1,2,-1,2,-1,2,-1,2,-1,-1,1,-1,1,-1,-1,-1,-1,-1,-1,-1,1,-1,1,-1,-1,1,-1,1,-1,1,-1,1,-1,1,8,-1,-1,1,-1,-1,-1,1,-1,-2,-3,-4,-5,-6,-7,-8,-9,-10,-11,-12,-1,-2,-3,-1,-1,-1,-1,-1,-1,-1,-1,1,-1,1,-1,1,-1,1,8,-1,-1,1,-1,-1,-1,1,-1,-2,-3,-4,-5,-6,-7,-8,-9,-10,-11,-12,-1,-2,-3,-1,8,-1,-1,-1,-1,-1,-1,-1,-1,-1,2,2,2,2,2,2,2,2,2,1,1,1,1,1,1,1,1],[0,2,0,1,0,2,0,2,0,1,0,1,0,1,0,1,0,2,0,0,0,0,8,0,3,0,4,0,0,3,0,4,0,0,3,0,4,0,0,3,0,4,0,0,3,0,4,0,0,3,0,4,0,0,3,0,4,0,0,8,0,8,0,9,0,2,0,9,0,0,1,0,1,0,1,0,1,0,0,2,0,2,0,0,0,0,0,0,0,33,0,2,0,0,2,0,5,0,5,0,10,0,11,6,6,0,12,0,0,0,7,7,13,14,15,16,17,18,19,20,21,22,23,24,25,26,0,27,0,0,0,0,0,0,5,0,5,0,10,0,11,6,6,0,12,0,0,0,7,7,13,14,15,16,17,18,19,20,21,22,23,24,25,26,0,28,28,27,0,0,0,0,0,0,0,1,1,1,1,1,1,1,1,1,34,35,29,36,37,38,39,29]]]]