[1,["5bJt45m89H+Zh8YgEuXkn3","89ZzXdNEFEzZG8XlLXRelp"],["_textureSetter","spriteFrame"],["cc.SpriteFrame",["cc.BitmapFont",["_name","fontSize","_fntConfig"],0]],[[1,0,1,2,4]],[[[{"name":"font_dragonpeal","rect":[0,0,283,245],"offset":[-114.5,5.5],"originalSize":[512,256],"capInsets":[0,0,0,0]}],[0],0,[0],[0],[0]],[[[0,"font_dragonpeal",32,{"commonHeight":80,"fontSize":32,"atlasName":"font_dragonpeal.png","fontDefDictionary":{"9":{"xOffset":0,"yOffset":0,"xAdvance":160,"rect":{"x":0,"y":0,"width":0,"height":0}},"32":{"xOffset":0,"yOffset":0,"xAdvance":20,"rect":{"x":0,"y":0,"width":0,"height":0}},"44":{"xOffset":0,"yOffset":46,"xAdvance":30,"rect":{"x":239,"y":0,"width":29,"height":37}},"46":{"xOffset":0,"yOffset":48,"xAdvance":23,"rect":{"x":239,"y":38,"width":22,"height":28}},"48":{"xOffset":0,"yOffset":2,"xAdvance":56,"rect":{"x":128,"y":0,"width":55,"height":78}},"49":{"xOffset":0,"yOffset":2,"xAdvance":35,"rect":{"x":231,"y":79,"width":34,"height":78}},"50":{"xOffset":0,"yOffset":2,"xAdvance":54,"rect":{"x":230,"y":158,"width":53,"height":78}},"51":{"xOffset":0,"yOffset":2,"xAdvance":56,"rect":{"x":64,"y":84,"width":55,"height":78}},"52":{"xOffset":0,"yOffset":2,"xAdvance":58,"rect":{"x":60,"y":165,"width":57,"height":78}},"53":{"xOffset":0,"yOffset":2,"xAdvance":56,"rect":{"x":72,"y":0,"width":55,"height":78}},"54":{"xOffset":0,"yOffset":2,"xAdvance":56,"rect":{"x":174,"y":158,"width":55,"height":78}},"55":{"xOffset":0,"yOffset":2,"xAdvance":55,"rect":{"x":176,"y":79,"width":54,"height":78}},"56":{"xOffset":0,"yOffset":2,"xAdvance":55,"rect":{"x":184,"y":0,"width":54,"height":78}},"57":{"xOffset":0,"yOffset":2,"xAdvance":56,"rect":{"x":118,"y":163,"width":55,"height":78}},"66":{"xOffset":0,"yOffset":2,"xAdvance":60,"rect":{"x":0,"y":165,"width":59,"height":80}},"75":{"xOffset":0,"yOffset":1,"xAdvance":64,"rect":{"x":0,"y":84,"width":63,"height":80}},"76":{"xOffset":0,"yOffset":2,"xAdvance":56,"rect":{"x":120,"y":79,"width":55,"height":78}},"77":{"xOffset":0,"yOffset":-2,"xAdvance":72,"rect":{"x":0,"y":0,"width":71,"height":83}}},"kerningDict":{}}]],0,0,[0],[1],[1]]]]