[1,["ecpdLyjvZBwrvm+cedCcQy","d2P3W6/npN+JGfFc9MSf4W","e7fm5fzMdGfoIe0WtHr646","49AjOgSkFMcaQpqY0dtwQ8","dcOjYfNQJAIIKt4tKRFMmW","82xH47sP1Om4yrrndgmyux","76Oo+hdZBIC58PkmtS6Hpa","9e3Fvw0X5HqaXTQl77xt1/","67LZNG5thI/JRnw68IkA3Z","33Ht7OjkpOebm5R08aEXRm","ffac7IdQFKi5FFOMYJVSm+","86H/vPCQZJFIk5TjVgveLO","f0BIwQ8D5Ml7nTNQbh1YlS","36KjnXHDhBfZJEVz8rXGAC","91BYU5ztFIo47c67QCIKh0","6c1VctL89GoJpW6rdCOm3F","d0loqnLjtKXJ9W+JEbdnUG","b9REo8bktMGpL2BJUxs4Tp","7a/QZLET9IDreTiBfRn2PD","feeVLzMQZGarMn+eVCg2w6","79DC3lfM1BaZqBi+DPhAMS","9fguWsBS1CcoDWOhbRxVRi","c9HtrEpcJBJIHWZDhUaaiZ","1a5o5/J4ZCFpHQccR14UUg","e1hE0RVpRJL7GyM006dDqL","e5R/qoto1CmrW35mZ8CvBL","0eIx+J3pVHUqtWnBycVZ12","dewUmWuPVOKo6J87WqoDa9","4eyF8blldMnrNNKJjFcE7T","b3LfE7eSdN8rO2XiS5kv33","00p5dP1t5AwL3Kr4s3ZB2i","564WvbVX9OUqKWNR7qKfGv","2ceoupneFIToUvdmBweanV","79cnytxdJDVrFojK9M5lUP","4fWWpstNdCMJAppEuj7bgM","33aaMB2v5DP7qrOR60I2iQ","30HYcu/iNGULu67d54zrHB","76OpLVLIhMor1llr7x/NMW","11sMkUp+tPUqq3ghEoQ4Bk","8aEjqqP3tIHYCRwMfmtQWZ","e97GVMl6JHh5Ml5qEDdSGa","29FYIk+N1GYaeWH/q1NxQO","8a2ofxjTdJaaXTsROOcquy","e3Rca7kdhGcZTH0gfJVl4S","49KQZESM9HcrhoP4jcLYV2","f1m+BshGRJTZMRkMjBNSX6","f7p1pSdDJGcrO2LBqTmapG","51l2vvyRtA6aDC0FHh/Zfh","beYEUnYXFCoIqmy6kMGPWU","2ewRh3LxlG7reHQBcfREa2","fdWkBtXABNT61TvAFN1HAI","69b7pTfw9ItrcA5A++IA4L","b9asBfFcpFk4zvdKoVkvy3","d4AqKtfgBNtIT7KNQFbWuS","1aEsOLqthKD6ZS6l0KIRUb","daZvWMfoRGzLFP4IxmK5sW","204LQuIF5P8pq9uoRq9MmH","c8GCtyhHxHyoqfEorpdZBV","e0FJGiwO9NzaSYeb0ICrkS","32baNp/vVLqq+SsTHnUaZ6","8dDRgRVEhPsaUVVthbQQ84"],["node","_spriteFrame","_textureSetter","_defaultClip","_N$file","_N$target","_normalMaterial","_parent","root","lbJackpotWin","lbJp","btnAuto","animMessage","btnSieuToc","btnSpin","skeCanGat","nodeEffectJP","listCardSpin","checkMark","data","cardAtlas","helpView","_N$skeletonData","_N$normalSprite","_N$pressedSprite","_N$hoverSprite","_N$disabledSprite"],["cc.SpriteFrame",["cc.Node",["_name","_active","_objFlags","_prefab","_parent","_components","_contentSize","_trs","_children","_color"],0,4,1,9,5,7,2,5],["cc.Node",["_name","_active","_objFlags","_components","_prefab","_parent","_contentSize","_trs","_children","_color"],0,2,4,1,5,7,2,5],["cc.Sprite",["_sizeMode","_type","_isTrimmedMode","node","_materials","_spriteFrame"],0,1,3,6],["cc.Toggle",["_N$isChecked","_N$transition","node","checkEvents","checkMark","_N$target","_N$normalColor"],1,1,9,1,1,5],["cc.Label",["_string","_isSystemFontUsed","_fontSize","_N$horizontalAlign","_N$verticalAlign","_lineHeight","_N$overflow","node","_materials","_N$file"],-4,1,3,6],["cc.Button",["_N$transition","node","clickEvents","_N$target","_normalMaterial","_N$normalColor","_N$pressedColor","_N$disabledColor"],2,1,9,1,6,5,5,5],["cc.AnimationClip",["_name","_duration","curveData","sample","wrapMode"],-2],["cc.Node",["_name","_components","_prefab","_contentSize","_trs","_parent","_children"],2,12,4,5,7,1,2],["cc.PrefabInfo",["fileId","root","asset"],2,1,1],["cc.ClickEvent",["_componentId","handler","customEventData","target"],0,1],["cc.Animation",["node","_clips","_defaultClip"],3,1,3,6],["cc.Prefab",["_name"],2],["8d5cfgFfglIX61Uhpf9n7jL",["node"],3,1],["8f59eZ5kgdHH6zhC5wIECip",["node","listCardSpin","listSpriteResult","nodeEffectJP","skeCanGat","btnSpin","btnSieuToc","groupToggle","animMessage","btnAuto","lbJp","lbJackpotWin","cardAtlas","helpView"],3,1,1,3,1,1,1,1,2,1,1,1,1,6,6],["cc.Mask",["node","_materials"],3,1,3],["cc.ToggleContainer",["node"],3,1],["51285Z3WLtLkq3nj7qtpTPH",["node"],3,1],["sp.Skeleton",["defaultSkin","defaultAnimation","_preCacheMode","_cacheMode","loop","_animationName","_playTimes","node","_materials"],-4,1,3],["76f98/pdhtBoIYTvZ647UC2",["node","imgSpin","imgCard"],3,1,1,1],["56252TDcY5HiZU2cm/CgDOl",["node","textBalance","listCard","animation","imgTextBalance","spriteResult"],3,1,1,2,1,1,1],["1d4ce28IO5Kw4d5hMM57gdA",["index","gameType","node"],1,1],["cc.ParticleSystem",["_dstBlendFactor","_custom","totalParticles","duration","emissionRate","lifeVar","angle","angleVar","startSize","startSizeVar","endSize","speed","speedVar","tangentialAccel","radialAccel","node","_materials","_startColor","_startColorVar","_endColor","_endColorVar"],-12,1,3,8,8,8,8]],[[9,0,1,2,2],[3,3,4,5,1],[1,0,4,5,3,6,7,2],[10,0,1,3,3],[2,0,5,3,4,6,7,2],[3,3,4,1],[1,0,1,4,5,3,6,7,3],[1,0,4,8,5,3,6,7,2],[8,0,5,6,1,2,3,4,2],[15,0,1,1],[3,0,3,4,5,2],[3,0,3,4,2],[11,0,1,2,1],[19,0,1,2,1],[2,0,1,5,3,4,6,3],[6,0,1,2,3,4,2],[1,0,2,4,5,3,6,3],[2,0,5,8,3,4,6,7,2],[10,0,1,2,3,4],[5,0,2,1,3,4,6,7,8,7],[1,0,1,4,8,3,7,3],[1,0,4,5,3,6,2],[1,0,4,5,3,9,6,7,2],[2,0,5,8,3,4,7,2],[2,0,8,3,4,6,7,2],[3,1,0,3,4,5,3],[3,1,3,4,5,2],[4,1,0,2,6,5,4,3,3],[4,0,2,6,5,4,3,2],[11,0,1,1],[5,0,1,7,8,9,3],[5,0,2,1,7,8,9,4],[7,0,1,3,2,5],[12,0,2],[1,0,8,5,3,6,7,2],[1,0,4,8,3,6,7,2],[1,0,4,8,3,7,2],[1,0,1,4,8,5,3,6,7,3],[1,0,4,5,3,2],[2,0,1,5,8,3,4,6,7,3],[2,0,5,3,4,9,6,7,2],[2,0,5,3,4,6,2],[2,0,2,1,5,3,4,6,4],[8,0,1,2,3,4,2],[13,0,1],[14,0,1,2,3,4,5,6,7,8,9,10,11,12,13,1],[9,1,2,1],[16,0,1],[3,0,2,3,4,3],[6,1,2,1],[6,1,2,5,6,7,3,1],[4,0,2,4,3,2],[4,1,0,2,5,3,3],[4,1,2,6,5,4,3,2],[5,0,2,5,1,3,4,7,8,9,7],[17,0,1],[18,0,1,2,3,4,5,6,7,8,8],[20,0,1,2,3,4,5,1],[21,0,1,2,3],[22,0,1,2,3,4,5,6,7,8,9,10,11,12,13,14,15,16,17,18,19,20,16],[7,0,1,3,4,2,6],[7,0,1,2,4]],[[[{"name":"tex1","rect":[0,0,286,95],"offset":[0,0],"originalSize":[286,95],"capInsets":[0,0,0,0]}],[0],0,[0],[2],[14]],[[{"name":"thanglon","rect":[0,0,366,158],"offset":[0,0],"originalSize":[366,158],"capInsets":[0,0,0,0]}],[0],0,[0],[2],[15]],[[{"name":"lsgd-icon","rect":[0,0,59,59],"offset":[0,0],"originalSize":[59,59],"capInsets":[0,0,0,0]}],[0],0,[0],[2],[16]],[[{"name":"tex3","rect":[0,0,136,91],"offset":[0,0],"originalSize":[136,91],"capInsets":[0,0,0,0]}],[0],0,[0],[2],[17]],[[[33,"MiniPoker"],[34,"MiniPoker",[-16],[[44,-2],[45,-15,-14,[94,95,96,97,98,99,100,101,102],-13,-12,-11,-10,[-7,-8,-9],-6,-5,-4,-3,93,103]],[46,-1,0],[5,700,450],[17.346,0,0,0,0,0,1,1,1,1]],[35,"MainGame",1,[-17,-18,-19,-20,-21,-22,-23,-24,-25,-26],[0,"aeyVLkq/ZIIpYOYZQ04SsL",1,0],[5,723,430],[0,-33.422,0,0,0,0,1,0.9,0.9,1]],[23,"Cards",2,[-29,-30,-31,-32,-33,-34],[-27,-28],[0,"d0c47rcIxMbqEHovrhCfkz",1,0],[14.805,-36.572,0,0,0,0,1,1.5,1.5,1]],[36,"Btn",2,[-35,-36,-37,-38,-39,-40],[0,"5f1wnVWWpGbKhg+5c8Zk/x",1,0],[58.657,-31.054,0,0,0,0,1,1,1,1]],[24,"Room2",[-42,-43,-44],[-41],[0,"19bssYKfNB6pnd63y+FGGP",1,0],[5,100,100],[0,0,0,0,0,0,1,1,1,0]],[24,"Room3",[-46,-47,-48],[-45],[0,"b2SOqiyONKH6a0YHFrnuJP",1,0],[5,100,100],[102.263,0,0,0,0,0,1,1,1,0]],[17,"toggleSieuToc",2,[-50,-51,-52],[-49],[0,"17ifGKjWhAsIPAx6mdevV7",1,0],[5,154,72],[205.321,-141.186,0,0,0,0,1,0.9,0.9,0]],[17,"Auto",2,[-54,-55,-56],[-53],[0,"f4olonfDBEEJW4obszNzlj",1,0],[5,153,72],[25.136,-141.186,0,0,0,0,1,0.9,0.9,0]],[8,"Card1",3,[-59,-60],[[[9,-57,[25]],-58],4,1],[0,"b5EnusgctBfagmOOKcxsX2",1,0],[5,87.4,112.5],[-175.656,25,0,0,0,0,1,1,1,1]],[8,"Card2",3,[-63,-64],[[[9,-61,[31]],-62],4,1],[0,"3bcG9jyhtELbjGOwuGYAdp",1,0],[5,87.4,112.5],[-91.533,25,0,0,0,0,1,1,1,1]],[8,"Card3",3,[-67,-68],[[[9,-65,[37]],-66],4,1],[0,"80t4uUQV9PgZXas0UwN9Tr",1,0],[5,87.4,112.5],[-7.438,25,0,0,0,0,1,1,1,1]],[8,"Card4",3,[-71,-72],[[[9,-69,[43]],-70],4,1],[0,"d1J/el52ZK36xGhum2pkcG",1,0],[5,87.4,112.5],[77.621,25,0,0,0,0,1,1,1,1]],[8,"Card5",3,[-75,-76],[[[9,-73,[49]],-74],4,1],[0,"fbX13J2yZNR6qUQy0AVdH3",1,0],[5,87.4,112.5],[163.732,25,0,0,0,0,1,1,1,1]],[7,"RoomType",2,[-78,5,6],[[47,-77]],[0,"51Ss1rNmJH+K6A8KpNNQum",1,0],[5,287,58],[-214.817,-140.206,0,0,0,0,1,1,1,1]],[39,"Room1",false,14,[-80,-81],[-79],[0,"0civ7PQwNBc7MytfK35nN9",1,0],[5,100,100],[-70.014,0,0,0,0,0,1,1,1,0]],[20,"NodeEffect",false,2,[-82,-83,-84],[0,"f2Hzj6inlLHYWRSPvLg9uT",1,0],[13.299,-9.023,0,0,0,0,1,1.3,1.3,1]],[17,"SpinButton",2,[-86],[-85],[0,"eb+cPOeVpACKIj+iiC6/ss",1,0],[5,115,233],[400.322,42.011,0,0,0,0,1,1,1,1]],[2,"poker_btn_close",4,[[1,-87,[5],6],[15,1,-89,[[3,"8f59eZ5kgdHH6zhC5wIECip","onClickClose",1]],-88,7]],[0,"1cImTar29Ce4gvHwTxJY0R",1,0],[5,59,59],[285.389,208.824,0,0,0,0,1,1,1,1]],[2,"IconHelp",4,[[1,-90,[8],9],[15,1,-92,[[3,"8f59eZ5kgdHH6zhC5wIECip","ClickButtonHelp",1]],-91,10]],[0,"f9BxtKaJlDP69FqiXEX2HF",1,0],[5,59,59],[196.658,237.765,0,0,0,0,1,1,1,1]],[2,"IconHistory",4,[[1,-93,[11],12],[15,1,-95,[[3,"8f59eZ5kgdHH6zhC5wIECip","ClickButtonHistory",1]],-94,13]],[0,"b22pZ/suVAerQjN/YWqLyI",1,0],[5,59,59],[-316.798,237.922,0,0,0,0,1,1,1,1]],[2,"IconRank",4,[[5,-96,[14]],[15,1,-98,[[3,"8026aqUS19DIoSLEOrkmAfO","ClickButtonRank",1]],-97,15]],[0,"6b6rgqxnZCTrDwyBKXAZya",1,0],[5,82,82],[88.305,317.626,0,0,0,0,1,1,1,1]],[7,"benMiniSize",4,[-102],[[5,-99,[17]],[51,false,-101,-100,[[3,"8026aqUS19DIoSLEOrkmAfO","onToggleChangeSize",1]]]],[0,"4cPOnsn9hEnpM9VUUgAvOA",1,0],[5,82,82],[466.406,-112.666,0,0,0,0,1,1,1,1]],[6,"btnX5",false,4,[[1,-103,[18],19],[52,3,false,-105,-104,[[3,"8026aqUS19DIoSLEOrkmAfO","ClickX5",1]]]],[0,"9c3rs+P3VCyLTIKw4HL3o8",1,0],[5,111,59],[-349.024,197.162,0,0,0,0,1,1,1,0]],[6,"ImgSpin",false,9,[[10,0,-106,[21],22],[12,-107,[24],23]],[0,"1640nO9ehJh6/622/9DrEP",1,0],[5,90,1017],[0.938,454.209,0,0,0,0,1,1,1,1]],[6,"ImgSpin",false,10,[[10,0,-108,[27],28],[12,-109,[30],29]],[0,"aeDEI1+xxFVbIdO92qjNSA",1,0],[5,90,1017],[1.345,454.209,0,0,0,0,1,1,1,1]],[6,"ImgSpin",false,11,[[10,0,-110,[33],34],[12,-111,[36],35]],[0,"74Zq7IKvVLhqXZC1JrvWZF",1,0],[5,90,1017],[1.682,454.209,0,0,0,0,1,1,1,1]],[6,"ImgSpin",false,12,[[10,0,-112,[39],40],[12,-113,[42],41]],[0,"bb3D1XS55J77PymnW2V/g3",1,0],[5,90,1017],[0.673,454.209,0,0,0,0,1,1,1,1]],[6,"ImgSpin",false,13,[[10,0,-114,[45],46],[12,-115,[48],47]],[0,"be5VnF4b1MdbBiKnUPcOJx",1,0],[5,90,1017],[0.673,454.209,0,0,0,0,1,1,1,1]],[20,"TextContent",false,3,[-116,-117,-118],[0,"94AZhLJmlOPapCp51JtVgS",1,0],[-7.849,-4.708,0,0,0,0,1,0.83333,0.83333,0.83333]],[43,"Balance",[[[54,"0",35,45,false,1,1,-119,[69],70],[55,-120],-121],4,4,1],[0,"26fpid5A1CdqXaSzamUccB",1,0],[5,20.78,45],[7.281,2.726,0,0,0,0,1,1,1,1]],[7,"JackPot",16,[-123,-124],[[1,-122,[86],87]],[0,"ec9YcZsSVEjY83DLg5/ZZ0",1,0],[5,437,370],[0,50.554,0,0,0,0,1,1,1,1]],[7,"bggame",2,[-126],[[1,-125,[3],4]],[0,"bcKL4VZzdBl7wbPX7dIzgm",1,0],[5,728,394],[6.036,14.699,0,0,0,0,1,1,1,1]],[2,"Img",29,[[25,1,0,-127,[50],51]],[0,"efsrT7+bpFT4SWHMG2E5j6",1,0],[5,250,69],[0,10,0,0,0,0,1,1,1,1]],[7,"Jackpot",2,[30],[[49,-128,[[3,"8f59eZ5kgdHH6zhC5wIECip","showJackpotMini",1]]]],[0,"665UmbLI1GAae0eUSksGgv",1,0],[5,233,69],[5.26,141.032,0,0,0,0,1,1,1,1]],[23,"MessageContent",2,[-130],[-129],[0,"02XKmfnFJGboZbnIF8jZxD",1,0],[13.299,-9.023,0,0,0,0,1,1.3,1.3,1]],[37,"FlashMessage",false,35,[-132],[[26,1,-131,[90],91]],[0,"b32Eak1R9JR5GAQfBatazh",1,0],[5,587,50],[1.928,4.954,0,0,0,0,1,1,1,1]],[4,"skeleton",17,[-133],[0,"0e6FMox8dEg7lShrGF4X5f",1,0],[5,130,225],[-8,-37,0,0,0,0,1,1,1,1]],[56,"default","animation",1,1,false,"animation",1,37,[0]],[50,17,[[3,"8f59eZ5kgdHH6zhC5wIECip","ClickSpin",1]],[4,4293322470],[4,4291348680],[4,3363338360],17],[2,"title_minipoker",32,[[1,-134,[1],2]],[0,"c7LKPUlIlJubRKoTlMvPuq",1,0],[5,434,193],[-6.87,240.747,0,0,0,0,1,1,1,1]],[14,"phong to",false,22,[-135],[0,"c6iT4EILZI+LVP8OiyFa6M",1,0],[5,82,82]],[5,41,[16]],[4,"ImgCard",9,[-136],[0,"18ZiYGEkxG7aheZz4PK+Ey",1,0],[5,80,111],[0,-0.778,0,0,0,0,1,1,1,1]],[11,0,43,[20]],[13,9,24,44],[4,"ImgCard",10,[-137],[0,"a5Qzkkt/hCariQ6eP1p1Qk",1,0],[5,80,111],[0,-0.778,0,0,0,0,1,1,1,1]],[11,0,46,[26]],[13,10,25,47],[4,"ImgCard",11,[-138],[0,"d0eHBZDSxNWZ6gSPgieeYT",1,0],[5,80,111],[0,-0.778,0,0,0,0,1,1,1,1]],[11,0,49,[32]],[13,11,26,50],[4,"ImgCard",12,[-139],[0,"bdQLg5sPFC2qb6P4OQEnlT",1,0],[5,80,111],[0,-0.778,0,0,0,0,1,1,1,1]],[11,0,52,[38]],[13,12,27,53],[4,"ImgCard",13,[-140],[0,"caeAbTZF9F96qa3qTpiC7a",1,0],[5,80,111],[0,-0.778,0,0,0,0,1,1,1,1]],[11,0,55,[44]],[13,13,28,56],[40,"TextBalance",29,[-141],[0,"d5cDhItL1GVqvdPnpWi8OB",1,0],[4,4278247679],[5,209,52],[0,9.822,0,0,0,0,1,1,1,1]],[19,"600.000.000",35,false,1,1,2,58,[52]],[4,"SpriteResult",29,[-142],[0,"20qkf02vlEMakTkES9kI6R",1,0],[5,286,95],[0,64.518,0,0,0,0,1,1,1,1]],[5,60,[53]],[29,3,[54,55]],[57,3,59,[45,48,51,54,57],62,33,61],[21,"Background",15,[[1,-143,[56],57]],[0,"8eqCAhc1pGT5ADrET67F4b",1,0],[5,76,56]],[14,"checkmark",false,15,[-144],[0,"4fB4E3U/VGFockmrjRhxgL",1,0],[5,75,56]],[5,65,[58]],[27,3,false,15,[4,4292269782],15,66,[[18,"8f59eZ5kgdHH6zhC5wIECip","onClickChangBet","0",1]]],[16,"Background",512,5,[[1,-145,[59],60]],[0,"e7iaq9JsRP2r6Q9CQXNd2X",1,0],[5,76,56]],[41,"checkmark",5,[-146],[0,"41jrdgM6BGQqIj7lbImWI+",1,0],[5,75,56]],[5,69,[61]],[2,"font-export",5,[[30,"1K",false,-147,[62],63]],[0,"e33lTlv6tA5JmqcZM5TaVZ",1,0],[5,32.5,40],[0,-5.958,0,0,0,0,1,1,1,1]],[53,3,5,[4,4292269782],5,70,[[18,"8f59eZ5kgdHH6zhC5wIECip","onClickChangBet","0",1]]],[16,"Background",512,6,[[1,-148,[64],65]],[0,"b0lPxfCL5IS6oX7iEoPgv0",1,0],[5,76,56]],[42,"checkmark",512,false,6,[-149],[0,"3aNiNmNLhIj7UIMWjX0hHf",1,0],[5,75,56]],[5,74,[66]],[2,"font-export",6,[[30,"10K",false,-150,[67],68]],[0,"71EzGa+HZEVrPoCPMpTjJ9",1,0],[5,50,40],[0,-5.958,0,0,0,0,1,1,1,1]],[27,3,false,6,[4,4292269782],6,75,[[18,"8f59eZ5kgdHH6zhC5wIECip","onClickChangBet","1",1]]],[58,1000,43,30],[21,"Background",7,[[1,-151,[71],72]],[0,"e9xV/4/Y5J57c+NZUSpwYq",1,0],[5,186,75]],[14,"checkmark",false,7,[-152],[0,"14X2T0zBdImYPx+/9m0Tf6",1,0],[5,186,75]],[48,2,false,80,[73]],[22,"font_title",7,[[31,"Siêu Tốc",27,false,-153,[74],75]],[0,"93V2FSOdFMcaT6H2JR83P2",1,0],[4,4291164927],[5,113.91,40],[-7.818,0,0,0,0,0,1,1,1,1]],[28,false,7,[4,4292269782],7,81,[[3,"8f59eZ5kgdHH6zhC5wIECip","onToggleSieuToc",1]]],[16,"Background",512,8,[[1,-154,[76],77]],[0,"55VzZx0FJD8JFoG90R6UAM",1,0],[5,186,75]],[14,"checkmark",false,8,[-155],[0,"ffwqcXeQpJ+Ljs65BVt1UN",1,0],[5,186,75]],[5,85,[78]],[22,"font_title",8,[[31,"Tự Quay",27,false,-156,[79],80]],[0,"9c6oNZmeNDXrSTE19H+S5S",1,0],[4,4291164927],[5,116.44,40],[-7.818,0.561,0,0,0,0,1,1,1,1]],[28,false,8,[4,4292269782],8,86,[[3,"8f59eZ5kgdHH6zhC5wIECip","OnClickAuto",1]]],[6,"Bigwin",false,16,[[26,3,-157,[81],82]],[0,"7c7mvZdPNByZ6ppYMZHloF",1,0],[5,366,158],[0,12.066,0,0,0,0,1,1,1,1]],[2,"Img",31,[[25,1,0,-158,[83],84]],[0,"9eX7B3cslPTahoXiN8TiBm",1,0],[5,250,69],[0,-115.607,0,0,0,0,1,1,1,1]],[4,"TextBalance",31,[-159],[0,"54uqXuUddFfqkbq7sHSDQH",1,0],[5,209,52],[0,-122.102,0,0,0,0,1,1,1,1]],[19,"600.000.000",43,false,1,1,2,91,[85]],[38,"EffectBoomBig",16,[[59,1,true,756,2,200,1,96,180,30,30,-1,561,0,0,18,-160,[88],[4,4294967295],[4,2751463424],[4,4294967295],[4,0]]],[0,"2cU55UDExPAI8a/qyadmVE",1,0]],[2,"Message",36,[[19,"Bạn không đủ tiền để chơi tiếp",25,false,1,1,2,-161,[89]]],[0,"636pm6TXhLHJUnucIm0VDU",1,0],[5,417.9,50.4],[0.9,0,0,0,0,0,1,1,1,1]],[29,35,[92]]],0,[0,8,1,0,0,1,0,9,92,0,10,78,0,11,88,0,12,95,0,-1,67,0,-2,72,0,-3,77,0,13,83,0,14,39,0,15,38,0,16,16,0,17,63,0,0,1,0,-1,2,0,-1,17,0,-2,32,0,-3,4,0,-4,3,0,-5,14,0,-6,34,0,-7,7,0,-8,8,0,-9,16,0,-10,35,0,-1,62,0,-2,63,0,-1,9,0,-2,10,0,-3,11,0,-4,12,0,-5,13,0,-6,29,0,-1,18,0,-2,19,0,-3,20,0,-4,21,0,-5,22,0,-6,23,0,-1,72,0,-1,68,0,-2,69,0,-3,71,0,-1,77,0,-1,73,0,-2,74,0,-3,76,0,-1,83,0,-1,79,0,-2,80,0,-3,82,0,-1,88,0,-1,84,0,-2,85,0,-3,87,0,0,9,0,-2,45,0,-1,43,0,-2,24,0,0,10,0,-2,48,0,-1,46,0,-2,25,0,0,11,0,-2,51,0,-1,49,0,-2,26,0,0,12,0,-2,54,0,-1,52,0,-2,27,0,0,13,0,-2,57,0,-1,55,0,-2,28,0,0,14,0,-1,15,0,-1,67,0,-1,64,0,-2,65,0,-1,89,0,-2,31,0,-3,93,0,-1,39,0,-1,37,0,0,18,0,5,18,0,0,18,0,0,19,0,5,19,0,0,19,0,0,20,0,5,20,0,0,20,0,0,21,0,5,21,0,0,21,0,0,22,0,18,42,0,0,22,0,-1,41,0,0,23,0,5,23,0,0,23,0,0,24,0,0,24,0,0,25,0,0,25,0,0,26,0,0,26,0,0,27,0,0,27,0,0,28,0,0,28,0,-1,33,0,-2,58,0,-3,60,0,0,30,0,0,30,0,-3,78,0,0,31,0,-1,90,0,-2,91,0,0,32,0,-1,40,0,0,33,0,0,34,0,-1,95,0,-1,36,0,0,36,0,-1,94,0,-1,38,0,0,40,0,-1,42,0,-1,44,0,-1,47,0,-1,50,0,-1,53,0,-1,56,0,-1,59,0,-1,61,0,0,64,0,-1,66,0,0,68,0,-1,70,0,0,71,0,0,73,0,-1,75,0,0,76,0,0,79,0,-1,81,0,0,82,0,0,84,0,-1,86,0,0,87,0,0,89,0,0,90,0,-1,92,0,0,93,0,0,94,0,19,1,5,7,14,6,7,14,30,7,34,161],[0,0,0,0,0,0,0,0,0,0,0,0,0,0,0,0,0,0,0,0,0,0,0,0,0,0,0,0,0,0,0,0,0,0,0,0,0,0,0,0,0,0,0,0,0,0,0,0,0,0,0,0,0,0,0,0,0,0,0,0,0,0,0,0,0,0,0,0,0,0,0,0,0,0,0,0,0,0,0,0,0,0,0,0,0,0,0,0,0,0,0,0,0,0,0,0,0,0,0,0,0,0,0,0,38,39,39,39,39,44,47,50,53,56,62,66,70,75,81,86,92],[-1,-1,1,-1,1,-1,1,6,-1,1,6,-1,1,6,-1,6,-1,-1,-1,1,-1,-1,1,3,-1,-1,-1,-1,1,3,-1,-1,-1,-1,1,3,-1,-1,-1,-1,1,3,-1,-1,-1,-1,1,3,-1,-1,-1,1,-1,-1,-1,-2,-1,1,-1,-1,1,-1,-1,4,-1,1,-1,-1,4,-1,4,-1,1,-1,-1,4,-1,1,-1,-1,4,-1,1,-1,1,-1,-1,1,-1,-1,-1,1,-1,20,-1,-2,-3,-4,-5,-6,-7,-8,-9,21,22,23,24,25,26,1,1,1,1,1,3,1,1,1,1,1,4],[18,0,19,0,20,0,21,0,0,22,0,0,23,0,0,0,0,0,0,24,0,0,2,1,1,0,0,0,2,1,1,0,0,0,2,1,1,0,0,0,2,1,1,0,0,0,2,1,1,0,0,8,0,0,9,25,0,4,0,0,4,0,0,5,0,4,0,0,5,0,6,0,10,0,0,6,0,10,0,0,6,0,26,0,8,0,0,11,0,0,0,27,28,29,30,31,32,33,34,35,36,37,11,38,39,12,40,12,41,3,3,3,3,3,9,7,7,7,13,13,5]],[[{"name":"tex7","rect":[0,0,180,102],"offset":[0,0],"originalSize":[180,102],"capInsets":[0,0,0,0]}],[0],0,[0],[2],[42]],[[[32,"SpinCard",0.2,10,{"paths":{"Card1/ImgSpin":{"props":{"active":[{"frame":0,"value":false},{"frame":0.2,"value":true}]}},"Card2/ImgSpin":{"props":{"active":[{"frame":0,"value":false},{"frame":0.2,"value":true}]}},"Card3/ImgSpin":{"props":{"active":[{"frame":0,"value":false},{"frame":0.2,"value":true}]}},"Card4/ImgSpin":{"props":{"active":[{"frame":0,"value":false},{"frame":0.2,"value":true}]}},"Card5/ImgSpin":{"props":{"active":[{"frame":0,"value":false},{"frame":0.2,"value":true}]}}}}]],0,0,[],[],[]],[[{"name":"tex6","rect":[0,0,145,91],"offset":[0,0],"originalSize":[145,91],"capInsets":[0,0,0,0]}],[0],0,[0],[2],[43]],[[{"name":"btn_tudong_on","rect":[0,0,186,75],"offset":[0,0],"originalSize":[186,75],"capInsets":[0,0,0,0]}],[0],0,[0],[2],[44]],[[[32,"Message",2,10,{"paths":{"FlashMessage":{"props":{"active":[{"frame":0,"value":true},{"frame":2,"value":false}]}}}}]],0,0,[],[],[]],[[{"name":"tex5","rect":[0,0,173,103],"offset":[0,0],"originalSize":[173,103],"capInsets":[0,0,0,0]}],[0],0,[0],[2],[45]],[[{"name":"tex2","rect":[0,0,190,89],"offset":[0,0],"originalSize":[190,89],"capInsets":[0,0,0,0]}],[0],0,[0],[2],[46]],[[{"name":"bghu","rect":[1,1,192,45],"offset":[0,0],"originalSize":[194,47],"capInsets":[37,28,33,17]}],[0],0,[0],[2],[47]],[[{"name":"tex8","rect":[0,0,376,103],"offset":[0,0],"originalSize":[376,103],"capInsets":[0,0,0,0]}],[0],0,[0],[2],[48]],[[{"name":"bg","rect":[0,0,728,394],"offset":[0,0],"originalSize":[728,394],"capInsets":[0,0,0,0]}],[0],0,[0],[2],[49]],[[{"name":"tex4","rect":[0,0,149,91],"offset":[0,0],"originalSize":[149,91],"capInsets":[0,0,0,0]}],[0],0,[0],[2],[50]],[[{"name":"nohu","rect":[0,0,437,370],"offset":[0,0],"originalSize":[437,370],"capInsets":[0,0,0,0]}],[0],0,[0],[2],[51]],[[{"name":"mnpk_btnmoney_active","rect":[0,0,75,56],"offset":[0,0],"originalSize":[75,56],"capInsets":[0,0,0,0]}],[0],0,[0],[2],[52]],[[{"name":"close-btn","rect":[0,0,59,59],"offset":[0,0],"originalSize":[59,59],"capInsets":[0,0,0,0]}],[0],0,[0],[2],[53]],[[{"name":"help-icon","rect":[0,0,59,59],"offset":[0,0],"originalSize":[59,59],"capInsets":[0,0,0,0]}],[0],0,[0],[2],[54]],[[[60,"SpinRun",0.5,10,2,{"props":{"position":[{"frame":0,"value":[2,454.209,0]},{"frame":0.5,"value":[2,-455.45,0]}]}}]],0,0,[],[],[]],[[{"name":"mnpk_btnmoney_inactive","rect":[0,0,76,56],"offset":[0,0],"originalSize":[76,56],"capInsets":[0,0,0,0]}],[0],0,[0],[2],[55]],[[{"name":"Bg_4","rect":[1,0,587,50],"offset":[0.5,0],"originalSize":[588,50],"capInsets":[0,0,0,0]}],[0],0,[0],[2],[56]],[[{"name":"btn_x5","rect":[0,0,111,59],"offset":[0,0],"originalSize":[111,59],"capInsets":[0,0,0,0]}],[0],0,[0],[2],[57]],[[[61,"StopCard",0.2833333333333333,{"paths":{"Card1/ImgSpin":{"props":{"active":[{"frame":0,"value":true},{"frame":0.016666666666666666,"value":false}]}},"Card1/Blur":{"props":{"active":[{"frame":0,"value":true},{"frame":0.016666666666666666,"value":false}]}},"Card2/ImgSpin":{"props":{"active":[{"frame":0,"value":true},{"frame":0.08333333333333333,"value":false}]}},"Card2/Blur":{"props":{"active":[{"frame":0,"value":true},{"frame":0.08333333333333333,"value":false}]}},"Card3/ImgSpin":{"props":{"active":[{"frame":0,"value":true},{"frame":0.15,"value":false}]}},"Card3/Blur":{"props":{"active":[{"frame":0,"value":true},{"frame":0.15,"value":false}]}},"Card4/ImgSpin":{"props":{"active":[{"frame":0,"value":true},{"frame":0.21666666666666667,"value":false}]}},"Card4/Blur":{"props":{"active":[{"frame":0,"value":true},{"frame":0.21666666666666667,"value":false}]}},"Card5/ImgSpin":{"props":{"active":[{"frame":0,"value":true},{"frame":0.2833333333333333,"value":false}]}},"Card5/Blur":{"props":{"active":[{"frame":0,"value":true},{"frame":0.2833333333333333,"value":false}]}}}}]],0,0,[],[],[]],[[{"name":"Card","rect":[0,0,70,1017],"offset":[0,0],"originalSize":[70,1017],"capInsets":[0,0,0,0]}],[0],0,[0],[2],[58]],[[{"name":"title_minipoker","rect":[0,0,434,193],"offset":[0,0],"originalSize":[434,193],"capInsets":[0,0,0,0]}],[0],0,[0],[2],[59]],[[{"name":"btn_tudong","rect":[0,0,186,75],"offset":[0,0],"originalSize":[186,75],"capInsets":[0,0,0,0]}],[0],0,[0],[2],[60]]]]