{"paths":{"0":["Atlat/Alats1",2],"1":["Atlat/Alats24",2],"2":["Atlat/Alats3",2],"3":["Atlat/Alats4",2],"4":["Atlat/Alats5",2],"5":["Atlat/bl_vfx_a_screen",2],"6":["Atlat/bl_vfx_b_screen",2],"7":["Atlat/BtnSpin/sb_vfx_a_add_00-0",2],"8":["Atlat/BtnSpin/sb_vfx_a_add_00-1",2],"9":["Atlat/bw_vfx_a_normal",2],"10":["Atlat/BwVFX/bw_vfx_j_add-0",2],"11":["Atlat/BwVFX/bw_vfx_j_add-1",2],"12":["Atlat/BwVFX/bw_vfx_j_add-2",2],"13":["Atlat/BwVFX/bw_vfx_j_add-3",2],"14":["Atlat/BwVFX/bw_vfx_j_add-4",2],"15":["Atlat/BwVFX/bw_vfx_j_add-5",2],"16":["Atlat/BwVFX/bw_vfx_j_add-6",2],"17":["Atlat/BwVFX/bw_vfx_j_add-7",2],"18":["Atlat/coin",2],"19":["Atlat/fb_buttonAtlat",2],"20":["Atlat/FreeSpin/fs_vfx_a_add",2],"21":["Atlat/FreeSpin/fs_vfx_b_screen",2],"22":["Atlat/IbMoney/BwVfx2/bw_vfx_i_add-0",2],"23":["Atlat/IbMoney/BwVfx2/bw_vfx_i_add-1",2],"24":["Atlat/IbMoney/BwVfx2/bw_vfx_i_add-2",2],"25":["Atlat/IbMoney/ib_vfx_b_add_loop",2],"26":["Atlat/IbMoney/ib_vfx_b_add",2],"27":["Atlat/Scater/s_scatter",2],"28":["Atlat/Scater/scatter_vfx_b_add_loop",2],"29":["Atlat/Scater/scatter_vfx_b_add",2],"30":["Atlat/sd_vfx_b_normal",2],"31":["Atlat/sd_vfx",2],"32":["Atlat/Shuff/shuffle_vfx_a_normal_1x2",2],"33":["Atlat/Shuff/shuffle_vfx_a_normal_1x3",2],"34":["Atlat/Shuff/shuffle_vfx_a_normal_1x4",2],"35":["Atlat/Shuff/shuffle_vfx_b_normal_1x2",2],"36":["Atlat/Shuff/shuffle_vfx_b_normal_1x3",2],"37":["Atlat/Shuff/shuffle_vfx_b_normal_1x4",2],"38":["Atlat/TakeItem1/wh_vfx_b_screen",2],"39":["Atlat/TakeItem1/wh_vfx_e_add",2],"40":["Atlat/TakeItem1/wh_vfx_f_normal2",2],"41":["Atlat/TakeItem2/wh_vfx_b_screen_1x2",2],"42":["Atlat/TakeItem2/wh_vfx_e_add_02-0",2],"43":["Atlat/TakeItem2/wh_vfx_f_normal",2],"44":["Atlat/TakeItem3/wh_vfx_b_screen_1x3",2],"45":["Atlat/TakeItem4/wh_vfx_b_screen_1x4",2],"46":["Atlat/tw_vfx_d_add",2],"47":["Atlat/wh_vfx_e_add_02-1",2],"48":["Atlat/wh_vfx_i_normal_1x2",2],"49":["Atlat/wh_vfx_i_normal_1x4",2],"50":["Audio/bgm_bigwin_end_coin",4],"51":["Audio/bgm_bigwin_end",4],"52":["Audio/bgm_bigwin_main",4],"53":["Audio/bgm_fs",4],"54":["Audio/bgm_mg",4],"55":["Audio/bgm_totalwin_end",4],"56":["Audio/bgm_totalwin_main",4],"57":["Audio/fastspinEnd",4],"58":["Audio/fastspinStart",4],"59":["Audio/featureBuyBtn",4],"60":["Audio/featureBuyCancel",4],"61":["Audio/featureBuyHover",4],"62":["Audio/featureBuyStart",4],"63":["Audio/fsIntro",4],"64":["Audio/fsSpin",4],"65":["Audio/fsWonRemainingIncrease",4],"66":["Audio/fsWonTitle",4],"67":["Audio/heartbeat",4],"68":["Audio/heartbeatNoise",4],"69":["Audio/heartbeatSlowdrop",4],"70":["Audio/list_item_click",4],"71":["Audio/menu_icon_press",4],"72":["Audio/prizeInfobarTotalwin",4],"73":["Audio/prizeInfobarTotalwinMedEnd",4],"74":["Audio/prizeInfobarTotalwinMedMain",4],"75":["Audio/prizePayoutHighlight",4],"76":["Audio/prizePayoutHighlightStart",4],"77":["Audio/prizeSmallwin",4],"78":["Audio/prizeWinMultiplied",4],"79":["Audio/scatterWinHighlight",4],"80":["Audio/slider_effect",4],"81":["Audio/spinActiveLoop",4],"82":["Audio/spinBtn",4],"83":["Audio/spinStop",4],"84":["Audio/symCollapse",4],"85":["Audio/symMultiFly",4],"86":["Audio/symMultiFlyB",4],"87":["Audio/symMultiReach",4],"88":["Audio/symMultiReachB",4],"89":["Audio/symMultiSpawn",4],"90":["Audio/symRouletteEnd",4],"91":["Audio/symRouletteRolling",4],"92":["Audio/symRouletteStart",4],"93":["Audio/symScatter",4],"94":["Audio/symShrink",4],"95":["Audio/symWild",4],"96":["Audio/takeSymTop",4],"97":["Audio/uiCollect",4],"98":["Audio/uiInfo",4],"99":["Audio/uiStart",4],"100":["Audio/wallet_counting_above",4],"101":["BitMapFont/font1",2],"102":["BitMapFont/font2",2],"103":["BitMapFont/font3",2],"104":["BitMapFont/font4",2],"105":["BitMapFont/font5",2],"106":["Img/01",2],"107":["Img/01eb75fa-8e3b-40ff-aae1-026118f43ceb",2],"108":["Img/02",2],"109":["Img/033",2],"110":["Img/044",2],"111":["Img/055",2],"112":["Img/60795da1-cc31-4d07-a7ea-f5bff0590361",2],"113":["Img/click_a",2],"114":["Img/click_b",2],"115":["Img/click_c",2],"116":["Img/launch",2],"117":["Spine/h_drum_a_atlas_symbols",7],"118":["Spine/h_drum_b_atlas_symbols",7],"119":["Spine/h_f_sushi_a_atlas_symbols",7],"120":["Spine/h_f_sushi_b_atlas_symbols",7],"121":["Spine/h_fan_a_atlas_symbols",7],"122":["Spine/h_fan_b_atlas_symbols",7],"123":["Spine/h_lantern_a_atlas_symbols",7],"124":["Spine/h_lantern_b_atlas_symbols",7],"125":["Spine/h_neko_a_atlas_symbols",7],"126":["Spine/h_neko_b_atlas_symbols",7],"127":["Spine/h_neko_cd_atlas_symbols",7],"128":["Spine/h_sushi_a_atlas_symbols",7],"129":["Spine/h_sushi_b_atlas_symbols",7],"130":["Spine/l_10_a_atlas_symbols",7],"131":["Spine/l_10_b_atlas_symbols",7],"132":["Spine/l_a_a_atlas_symbols",7],"133":["Spine/l_a_b_atlas_symbols",7],"134":["Spine/l_j_a_atlas_symbols",7],"135":["Spine/l_j_b_atlas_symbols",7],"136":["Spine/l_k_a_atlas_symbols",7],"137":["Spine/l_k_b_atlas_symbols",7],"138":["Spine/l_q_a_atlas_symbols",7],"139":["Spine/l_q_b_atlas_symbols",7],"140":["Spine/s_scatter_a_atlas_symbols",7],"141":["Spine/s_scatter_b_atlas_symbols",7],"142":["Spine/s_wild_a_atlas_symbols",7],"143":["Spine/s_wild_b_atlas_symbols",7],"144":["Spine/s_wild_c_atlas_symbols",7],"145":["Spine/s_wild_d_atlas_symbols",7],"146":["Spine/specials",2],"147":["Spine/SpineNew/btnTurbo/skeleton",7],"148":["Spine/SpineNew/btnTurbo/skeleton",2],"149":["Spine/SpineNew/ChangeView/change",7],"150":["Spine/SpineNew/ChangeView/change",2],"151":["Spine/symbols",2],"153":["Animation/AddScater",0],"154":["Animation/AddScaterLoop",0],"155":["Animation/BkgTakeMutil",0],"156":["Animation/BtnSpin",0],"157":["Animation/CoinIBMutil",0],"158":["Animation/EndNearFS",0],"159":["Animation/EndTakeItem1",0],"160":["Animation/EndTakeItem2",0],"161":["Animation/EndTakeItem3",0],"162":["Animation/EndTakeItem4",0],"163":["Animation/LapLanh",0],"164":["Animation/LapLanhBkgTakeFS",0],"165":["Animation/LapLanhIB",0],"166":["Animation/LoopLapLanh",0],"167":["Animation/LoopLapLanhIB",0],"168":["Animation/NearWinNoSap",0],"169":["Animation/ShowBig",0],"170":["Animation/ShowMega",0],"171":["Animation/ShowSuper",0],"172":["Animation/ShowTakeFs1",0],"173":["Animation/Shuff2",0],"174":["Animation/Shuff3",0],"175":["Animation/Shuff4",0],"176":["Animation/ShuffToWild2",0],"177":["Animation/ShuffToWild4",0],"178":["Animation/StartLapLanhIb",0],"179":["Animation/StartLapLanhIbMutil",0],"180":["Animation/StartNearFS",0],"181":["Animation/StartTakeMoneyIb",0],"182":["Animation/TakeItem1",0],"183":["Animation/TakeItem2",0],"184":["Animation/TakeItem3",0],"185":["Animation/TakeItem4",0],"186":["Animation/TakeMutilIB",0],"187":["Animation/Xu",0],"188":["Atlat/Alats1",1],"189":["Atlat/Bkg",1],"190":["Atlat/Bkg2",1],"191":["Atlat/bl_vfx_a_screen",1],"192":["Atlat/bl_vfx_b_screen",1],"193":["Atlat/BtnSpin/sb_vfx_a_add_00-0",1],"194":["Atlat/BtnSpin/sb_vfx_a_add_00-1",1],"195":["Atlat/bw_vfx_a_normal",1],"196":["Atlat/BwVFX/bw_vfx_j_add-0",1],"197":["Atlat/BwVFX/bw_vfx_j_add-1",1],"198":["Atlat/BwVFX/bw_vfx_j_add-2",1],"199":["Atlat/BwVFX/bw_vfx_j_add-3",1],"200":["Atlat/BwVFX/bw_vfx_j_add-4",1],"201":["Atlat/BwVFX/bw_vfx_j_add-5",1],"202":["Atlat/BwVFX/bw_vfx_j_add-6",1],"203":["Atlat/BwVFX/bw_vfx_j_add-7",1],"204":["Atlat/coin",1],"205":["Atlat/fb_buttonAtlat",1],"206":["Atlat/FreeSpin/fs_vfx_a_add",1],"207":["Atlat/FreeSpin/fs_vfx_b_screen",1],"208":["Atlat/IbMoney/BwVfx2/bw_vfx_i_add-0",1],"209":["Atlat/IbMoney/BwVfx2/bw_vfx_i_add-1",1],"210":["Atlat/IbMoney/BwVfx2/bw_vfx_i_add-2",1],"211":["Atlat/IbMoney/ib_vfx_b_add_loop",1],"212":["Atlat/IbMoney/ib_vfx_b_add",1],"213":["Atlat/NewUISakura/arrow",3,1],"214":["Atlat/NewUISakura/bgiwin_gate",3,1],"215":["Atlat/NewUISakura/board_bg",3,1],"216":["Atlat/NewUISakura/border_board",3,1],"217":["Atlat/NewUISakura/EndFreeSpinBg",3,1],"218":["Atlat/NewUISakura/freespinbg",3,1],"219":["Atlat/NewUISakura/infobar",3,1],"220":["Atlat/NewUISakura/mainbg",3,1],"221":["Atlat/NewUISakura/NewUI",1],"222":["Atlat/NewUISakura/spinbutton",3,1],"223":["Atlat/NewUISakura/totalbg",3,1],"224":["Atlat/Scater/s_scatter",1],"225":["Atlat/Scater/scatter_vfx_b_add_loop",1],"226":["Atlat/Scater/scatter_vfx_b_add",1],"227":["Atlat/sd_vfx_b_normal",1],"228":["Atlat/sd_vfx",1],"229":["Atlat/Shuff/shuffle_vfx_a_normal_1x2",1],"230":["Atlat/Shuff/shuffle_vfx_a_normal_1x3",1],"231":["Atlat/Shuff/shuffle_vfx_a_normal_1x4",1],"232":["Atlat/Shuff/shuffle_vfx_b_normal_1x2",1],"233":["Atlat/Shuff/shuffle_vfx_b_normal_1x3",1],"234":["Atlat/Shuff/shuffle_vfx_b_normal_1x4",1],"235":["Atlat/Symbol",1],"236":["Atlat/TakeItem1/wh_vfx_b_screen",1],"237":["Atlat/TakeItem1/wh_vfx_e_add",1],"238":["Atlat/TakeItem1/wh_vfx_f_normal2",1],"239":["Atlat/TakeItem2/wh_vfx_b_screen_1x2",1],"240":["Atlat/TakeItem2/wh_vfx_e_add_02-0",1],"241":["Atlat/TakeItem2/wh_vfx_f_normal",1],"242":["Atlat/TakeItem3/wh_vfx_b_screen_1x3",1],"243":["Atlat/TakeItem4/wh_vfx_b_screen_1x4",1],"244":["Atlat/Text",1],"245":["Atlat/tw_vfx_d_add",1],"246":["Atlat/wh_vfx_e_add_02-1",1],"247":["Atlat/wh_vfx_i_normal_1x2",1],"248":["Atlat/wh_vfx_i_normal_1x4",1],"249":["BitMapFont/font1",5],"250":["BitMapFont/font1",3,1],"251":["BitMapFont/font2",5],"252":["BitMapFont/font2",3,1],"253":["BitMapFont/font3",5],"254":["BitMapFont/font3",3,1],"255":["BitMapFont/font4",5],"256":["BitMapFont/font4",3,1],"257":["BitMapFont/font5",5],"258":["BitMapFont/font5",3,1],"259":["Frefabs/EndFreeSpin",6],"260":["Frefabs/ShowFreeSpin",6],"261":["Img/01",3,1],"262":["Img/01eb75fa-8e3b-40ff-aae1-026118f43ceb",3,1],"263":["Img/02",3,1],"264":["Img/033",3,1],"265":["Img/044",3,1],"266":["Img/055",3,1],"267":["Img/60795da1-cc31-4d07-a7ea-f5bff0590361",3,1],"268":["Img/click_a",3,1],"269":["Img/click_b",3,1],"270":["Img/click_c",3,1],"271":["Img/launch",3,1],"272":["Spine/h_drum_a_atlas_symbols",8],"273":["Spine/h_drum_b_atlas_symbols",8],"274":["Spine/h_f_sushi_a_atlas_symbols",8],"275":["Spine/h_f_sushi_b_atlas_symbols",8],"276":["Spine/h_fan_a_atlas_symbols",8],"277":["Spine/h_fan_b_atlas_symbols",8],"278":["Spine/h_lantern_a_atlas_symbols",8],"279":["Spine/h_lantern_b_atlas_symbols",8],"280":["Spine/h_neko_a_atlas_symbols",8],"281":["Spine/h_neko_b_atlas_symbols",8],"282":["Spine/h_neko_cd_atlas_symbols",8],"283":["Spine/h_sushi_a_atlas_symbols",8],"284":["Spine/h_sushi_b_atlas_symbols",8],"285":["Spine/l_10_a_atlas_symbols",8],"286":["Spine/l_10_b_atlas_symbols",8],"287":["Spine/l_a_a_atlas_symbols",8],"288":["Spine/l_a_b_atlas_symbols",8],"289":["Spine/l_j_a_atlas_symbols",8],"290":["Spine/l_j_b_atlas_symbols",8],"291":["Spine/l_k_a_atlas_symbols",8],"292":["Spine/l_k_b_atlas_symbols",8],"293":["Spine/l_q_a_atlas_symbols",8],"294":["Spine/l_q_b_atlas_symbols",8],"295":["Spine/s_scatter_a_atlas_symbols",8],"296":["Spine/s_scatter_b_atlas_symbols",8],"297":["Spine/s_wild_a_atlas_symbols",8],"298":["Spine/s_wild_b_atlas_symbols",8],"299":["Spine/s_wild_c_atlas_symbols",8],"300":["Spine/s_wild_d_atlas_symbols",8],"301":["Spine/specials",3,1],"302":["Spine/SpineNew/btnTurbo/skeleton",8],"303":["Spine/SpineNew/btnTurbo/skeleton",3,1],"304":["Spine/SpineNew/ChangeView/change",8],"305":["Spine/SpineNew/ChangeView/change",3,1],"306":["Spine/symbols",3,1]},"types":["cc.AnimationClip","cc.SpriteAtlas","cc.Texture2D","cc.SpriteFrame","cc.AudioClip","cc.BitmapFont","cc.Prefab","cc.Asset","sp.SkeletonData"],"uuids":["7a3UIhAeJKO4eWZYj/fE8g","f6ANrGARJLho0S5J4XWY8M","edBX8IKuNHeJjmLULTsDer","c1+1Aql/dE8rJqNPciOvhO","76pAZrqhxHVZwCdWHUK0LT","cf9AhKVnNOEIqJvDpf4z+M","3a4uKB/C1IvqOUCcy+n9zX","c6Z4jO+p1K8J0a5sx0/fPU","389fDURfRHnbSFghpJ6RXg","7cXOty98ZBgZK0VkrXgPRI","dbkrUF5tFIxIfp9lLuAmWK","9a/UiVWtZJBb7Ko1hSimMI","56NVaC2KRM67iS1dqNvl20","fbsh8o6zJDNLsp8azuqBMs","550+GO/KpHuah2GqD3RY9N","49JzU0iZ5B5ISYqOm5ACf0","0c12FB7DtMGYhKzkno12js","99RwJTG4dG9atPJY6ij2xa","093hJwDjxF3JjMBN2wFX8U","7e3pp44VdHw5M9IGv1768X","8cglebuAFGVZoZbbQm/wJv","d1E8N7ZohEgZ+lbZLiNjNh","a8aqepzE1CnqDcGEhunped","d9odO4XSREybCrj5Jm8jju","b16tPQk81BkrWm+AkmPuo4","07uThLDO5GWr6R5R4yuCoi","67nF+7T+VIpKsyv326NShk","f19YZjN25FGIh6v5g4ZJIn","5a/Szl/F5K36KBZ/BHY9ah","1545XO3m9Ah54CTUINbrj7","20AbjiUXhB77IJfodOL4JK","5enpYaPchMS6RIKU8Kzdsa","89jEVuwqxE2rnkEkG41N1t","120C26Hz1CJZ9BLGmaR9jV","fcLkxq6dNP6KQQLDBMpMrN","e7vz3P4txERYls8gJ6+6fj","48GoBKUUhPqJ56g5TFabgy","5fnUSHdtlGgb8ChVjzU/Zk","7bdcNt9ENL/pWfWh7667W5","1d6nXQ1/hFoouz7g3FJVii","73C0zzI01GCKs3CpbvK3nA","ceCixQ1iVJgI0vq0RNv3BY","1bHXVYXoJCBoNx6MlrDFsB","40eZTw95pOl5YNh+pItueV","74ZNyqGY5JhKyAoOwYiPz+","2eLbjHizZMMpSnMqVBaWrg","4fx8mS8llJEoEqPyZ+tLD9","72SSaG5+pLY5Yrea2+5ktw","07LhzhakFCyKzf0sojqnlM","0cG62QCd9F/YxExnX9IbAV","e4BmcpC8ZCSrOmyO+0Lcwn","42CfCjNZBFUbAahSSnzQiG","40WvE8azBERYjJrfBY0hJX","71kjYETuxCBbjKOz9sEHVC","c8/dGJr5lHqJt3D1radzGq","f9bmzqCxJHb76NCYj1MAgO","2bQczlCIFB3qek3NOSOfH5","c2TJvzJblJeYbhwAQn/dgt","c0VpzEvZdOhZ/nX/04/tqp","059ntkGh9BOJ9nYuVM/V1Q","762gPglhlIb6mhnVMxGH36","09G7R71f9MX7Klv2SRQx0K","21B5aymSZG57Ii11g+4CQt","beRWJB0dhE24fcM3y0w750","1a9SlbQehD5565Vh+5ltaJ","2889v81QNARLXJjMpQahsa","03/Iws3jRHSIg2KHXBP7Hx","69BmTmMdFFEruqqbAQdAcI","cb3qGWGktDP51fQPk5lJb5","c00EazhQBGWoHeBGerIYkW","35CcVeIatFnb8pVfMQSSou","1aI3RIrclApYgKLX3y9g1B","3aTw0xLIdHvqucIHq41hqj","c0u3uNaf1Cu4UynDf9P6hB","949OfQXttB/LkEE/vA57sD","5fC4XG8UFM+Jmr/gTdnSti","70MeRtWjhFxZVRFl7IQO8f","f3B7rmal1FTrZa5qMoVNNM","d6bSLnBghDToD3LFrcUrwI","4es0jFa4lBV64xeuMbnrIq","83uA2clPxHy7w0mjeqmpAH","a66+5lM4lJtY2rgR3uAM7c","27eTpGdCxFy5XcU7/PrtIu","0cmcq27o9FrrObUVKdyfnQ","37PGsXNXNJLLQJiFEDor2z","a9yZON0ItO97Yvdn42y970","be9fVXT6JKwoO6OvwOHplb","634uv2QWxGTrvQq0oBQTA4","04M8A83WVK4L0Jd+K+4c1t","5flafyj49J7qTLxp40gVgj","edT9lDlYpETLP6e3HJzsLd","c0UgVwEV5ES64erbGHoTWH","35OUB7C0pF97EZAvikx6MN","d3oAzUnNRICZFFNlnCYotX","28oAozowhJEJxnnDavmU/7","d2oLOlOY1CyrTO3YZoki9Z","abZ5r44o1Pk6Fhh135o4PL","69ElNjq51ExbvtpkOyy5wx","e0ofqNLVlOPZqzAAMntPor","044h+CplFAOppKbYpo5uIM","43KjlFTj5GlZJvChzaLpzj","c5q/5qERhI0JEDBvN29M26","44+rz6W8pMQb4aFbz2VzqU","cdtbyYx7dFArCxB6cFJJkH","4cwMH93/NMwr5wnAqcVd+P","82vL/DI3JNmoItn/6IthY1","2a+GsayRdJLJ51NxKNEmXg","63et5bsnFEQ6quLcLU6xpm","f9KJUKEEBBuJtI3oBmLx0L","90UYrWwsZPoJR7eOs61nv9","9fi5s/63RJBar9vLluipnE","9eH6ox+7tA+rfb+mPE8pav","14rMzbm1ZNvZ+vepoiUaLL","a6wz3IKzhD2patSFBr7Hv4","01IiJPtxpGj6h15pYirtXP","167QAGry1AWJpKzwo2JIkC","daNnU+CL5HJLJ0LVLyrqc/","3fYFi7+slP1YvTON1idVRl","41Pe8RqDFF9bJmab28BX1p","f15kZFti9N5rVGggx325Wr","42Q9T16mNHK48bq3YJc0jS","b40o6YFxZJpbMJCpxxWK8O","75ls3toGtETYYkp5usidSu","85b93kDGZJaoDpva2mLdtO","5fwzDxJPlC+oWTGBvxvugr","77eig1UFFAv4FHTwx3+jmR","a5Mea3lzRBD7zzI6kaJwQk","18OlYu+nxJB4sOXCEc/58p","e60qQCL+9DqZOIaZvgvcj5","f5f1tP229GgZr8kqRDejyY","991aNGfORN6I2gZF4fjtDI","7bazuCNwhJh6hLTKl3QMmr","fcfEc1UDtBqZ+lAjYRCEA2","99bKtkLJpFiZEaBIoQBa88","ec6tadnchNg7H4XjF+3bJm","cdyudSBmlJapjk59sFQs55","2dycy9lKVLwLhMvh58IU+b","b9e4smB01JVbtVTG9O+kgO","0bgx1dcw5FGLJo1YT1kyI1","ediW9n4oRFOo00FDhFTT9P","e5Whod/BtGUrY2/jmgHHtH","d8+3yqC6JGTLYgdkSpauvr","bf9ZflyPNB7pHsRunO2sGz","89veIMweBBVJN8sN/O+vKE","bewu7iRHxKlohWymWopxLe","cdqOt+Oj1Po4QYqYcZ0Gru","617QRcXg1DG4RNB1J9+5i6","33rjZ8bLdPRLYwSqkcJvgp","7cA5rFntNDQoDBubrdm6nS","d7x9Z/BlJKP4pl7jkKQVLw","d5KWzSj3RJUaS6zlOxsb5t","dd9jW8QSRGrp/2Vv9wIb52","53TajdqhxGVpk2SXYWNVwn","20fZB2k9xNpZJtIfsg6RCO","f872nxyM5MO7/VZM21/r0C","a6HlWopwVKhYuUPDVE4kO6","2aoL5hQRhE6LFWvu0nlt54","4ccNYR4TFB/7SOW7B29szG","1dYAhW/2dEP4q6gPMK9JB2","3bzLMEDRZCppbW085D+Pa+","62MTCbgYxKVKxvQZu1wEBP","5cSZK9SVxBE4jFv5vPNwB+","f6H3DW6fFDCYKsTL+cHnRu","dcX53vG/9FMaHkGXpTcjN8","eaiMzismRLcpRDESIIE2QG","99UCiA/FJM8rcaxbb1lt5z","1cxWnthJ1DKIQXPMOumR+m","1994qqsAZNfo3j+MEyMbcj","e8f/w46bVMB4MUg1KSDDhR","6ef9+MeaRJLISdO0rFy6+4","07wVskLb1D6oSsCiGQ2yZh","a2CftuCWlEO4QTgNsBnS6H","5aoYNMAiJLHLU5LWMK7tQr","35cLPeQ3JMtq43Z4BusOLm","52OjyS+8ZF2oTkbLKZa7uj","7fuDCONl5Lk5Ecd0WhbP+E","a5xxC2OKNNgJQyCOOXqWCC","b08c3TgwpI/p6wmXt7Zr2k","a2cdPr9p1IvYyjiZMBDN5v","06egAAW0hN7rlL0sC8pQbN","3a76nDilhOPaZ91SFf5Vs0","ccW4AvnRVFGLczUYeoCHFY","eci0v83uFJjKonBA9/jpOo","15UKtAQ7xMFIFOncZqnRiK","c87d0L6jJBf5IJzpiEd3G3","efl9XVg/hP0oX24JatorL8","c3OokjhE1HkpG1v3aJcgRT","29UzO2QVZAFI3EiuldmZdh","b6PJ6Jp+pGRZwwwdsMAAzA","62SmNfw2tD3b9+V39B7rXq","eent2LVbdK4KcgfIK8aq/Y","0dVtFapPlCi4/QOuOtyUkw","7eeKNGpmhPqa46F+kNInML","75hNuRMcxGn6jhc9NtkQdg","3aZRTeDxZB5IoGB5O4I8sT","b67yKNnW1OlYbo7NBwx74U","fbvq29SOxOFLFcKfltUO13","c9RnLdeqtBjLV4bzVnKWfU","7aSrgilWhMT7MEQw9G2hAg","edJYiXvJhBaYRZHVKXY82C","adgwQsZw1DR6uEEGqZHzrv","71SQPvXL5Aaq5/0KuLM+u8","b6a5gG5GpI7aoywJsymdeG","ccYd37MUVJi5SvxPLDJraz","ecXXZkpClJ55vV45/U2k11","f0U2ehGIxIg4UoNSmWIwiI","eb42i9fbpE7YP2SLUpuahV","c5p3hVpYxBordOKrptHH0G","64p3lzd+pFJJkm0pG5/8jv","ca6g8jmYlEor4oCmzC8/3G","f0QWoRrSlLQ5LHS5sJuAij","e6PYyK8Q1ApaUC3Vgnemz2","a36URb7WxAr4ynkkJ/U0f1","20vGGkSVhO+ICO1lmIoali","12ehTA+j1IRYFtbEgjyRw9","57INfv/o5FtLa639+0TUHu","dflPo+cclJEon5DemXnYEu","464fnu/2tCQZW1NdxRvrHK","c2O9gd5YxP4IRxOnK0jmEC","bcF6R/x8RKa6u4Ajb5lNKa","240/UisDtIJJ403ab4eMwH","91dkeoksdCBrpjHTPidTdE","c54K4m6g9Kc68g5YadQa1m","detMhYoktBxJrRzK0mFU0b","0dN4uYfAdBWZqrezhNlDKI","08pps9otNIA6N9LSzXsthx","c2Ka82l/BNmZtFA0HkUToF","e2J1Q6oKNNE6i8d4f+9EWX","36skK5cbhOna1rc3R6AvB7","87cNMVa8JALKbUoqc7xeJ3","1a3J1poCRJz4b7LNgaGdgD","37OOvpVexCa77t6G+8Zmk6","e9F7KI4bZOPKntMxyGDZNh","13z3Kd1l9NHICht/BFvXrJ","61rDasw2VFZpzvMrecY+1E","c5NTfm2v9ITq1YblaSLZo/","13HurirAtHmp6SInnGY/UJ","49zsR+XFlNoZgwg0+Yy4WI","1aJpYfX8xLtK1/Jo0Cc7+k","fcwrU3a05AXqMuL5/hJBAb","b1C4PYt8tEwrEg7unV5nHQ","39pXXH9KdPp4XdJ1sN+8oA","b3JBIDkS1Fb6ZsZRvKPL8N","3agLxPwDxLWqJq9u+qp3Ft","0eEyRYqNlK37+JtaCplMmS","55p80EYiRHY4lo/YI2mAVy","05AJXpVpJK3Yb0BBUbscPC","0dIUlwNfpN1o0f+EVVkqVi","80iEyrmj5ErIrMYZAakc4D","94kDCIYq9Fz7pmgUesa0B/","92anB6/pFGiIhIyvIK8ipw","d6t2lJOL1LeKka6VGfmyfk","46TMKL0y9N0oA2/5XBTTgk","58/FxDHeZAlY4vP+5qhQXd","66Hm3UnDhHo4O0Jq2B0tZv","01u+ravy5Cl4SuJnHnMZY8","60OaAS3iZPzKWlljSiK6Gz","8blJB4HBFPt7RZuqslAMRz","e7d1ACZJJGore2+sxdqK+/","b5lR1G7slL3JwUArxuxoXu","baFWU4NjlCbpM8RDmgOP1F","bdBeP4fMBKYorXWk0BQXTn","e81gwfBzhETICARgiqm8Ji","a3hGn5aHtJt7E4PmtuZL3h","01mPd1cthLJJEiUTCBXKuW","1dlSqGQOBIKIlDrkgZJhuU","3a/8l3+TBLEbk/YrhYLNDc","40JN08z95OI7KQ3ogJmkxv","d7ZeU5/7xNsKlnfwcS0ddx","6cWpyCaQhM5Ln+W8591gbv","b2EsFmNvROu45r8jtIapQu","0d26oXD7FMJb+Xc0aBU/Yf","3cuSie1rtLyJQH1k0v9tXf","5bJIyJnQZNx7uwjR6xQ9ZV","0eoXtrMF9OWaxvs7J3Ysir","2eoR4mSF9Blrq7oKhie11f","ebuBO4CLdL6bUGEcvJ6VTD","dcWm2VluxBCJglqPWLFsFE","50C4Eu3r9LYbrh1zc3xygW","273ExxDM5I6Iuj+AffZ0x5","26TJ3grLJKqIwVKuyUy+Mx","46eHuRamdLJ4Ln4d62QLXd","a8DsxZbi1IBa3owspbygzK","ceZ6l7Si5NxJTFSXKJ9H5O","5234i2URNGzKS+MWsbz3d3","4bSG0I7ftMeLVvrxcz/m4p","ccIy9jyPBC9qPjDwFUPQ8J","05YUfNlQxKlayxnm+f+SuW","c5SS4oWJ9G04E+4FFAcmwK","a5JOBl6SFMJqf9ClEd4Vdk","c5ec8Eu+JMlZGHU3/3iIQw","99lI1pAldNnZyTr8OIkuUT","61MQJMhRlIw6GAapi7eQPc","49thuq2LlOooa9tuSNhM+t","25ns/1u2pLdKkq1BvCVP5V","70mNbrS/lOFJRrcWylCAQE","15dp1dcyRCZqWCZAOdRISg","74VElfwUZPX643bdhaV7Z/","a1PPjoheROp6JWOFUQO6Uk","3e2VflOKNFjIuDsWFbmneu","4cXfGoTKJI/KSBQyj8dKBm","10ZRORUxJDN6HMIAJBJLd2","dfz92KJ8NI27KoNqsZYXLr","6elJPxJ7BLnr784zSbVhge","37OWWnJpVLAaiq7bSZ5oMg","5fd+X0D7tKDLVUKGinVmMc","2fN//4tMpNEKZqUO+NxDuB","f2+6cAyDFJsbT3BwIjNOWK","48FzB5HpxPi7Rjom+cygoD","9afD6OXq1DXqLp91Pky7X6","befp1ysr5G1aORtqm6aHzO","d608qFRoFHwbXd0Dap056i","61cyPdEfRN047sDK9rO0W5","132e861fc","1e71db515","11e07deca","1dee2cdd6","19d65859e","13199cf1e","b8Hu1cr2hOFaFf9raPUBYQ","d4gTOLyRhOJLyR3iVr9NYT","bb3OujRvRKhpHAUtxyrhy8","5abxnQOUFHpa9iGuGvrB+7","43ldunHv9O56YkTtZ87Flz","f1f2lZvFBNQoHECn04IpGw","5dJowR2ZZLNZwfFD7AWq7i","b425NupgRDjaT1fji5WGN5","b7fWHo0DVIJ6aKW5xMps/L","88+x7y0WpFCptoX2PGyP6B","fcwMg4FJ9Ka7egnAhXBI84","aeul59uStJZYhBpXiggqhG","a9bUKy8JNGvbvUyqUq0bZd","4fg31Y1qxP563z6mVHNgLL","03L9ElC6FOEoBJ61Ho65/5","b3f6AUCYhI0oTjxYWhrTSl","aa53LrHt1Jt6TWHufu4fp3","1acLg3zopK6pVHg5pB2jmC","14TI3S77lNVqC0Coyqknl4","cdPlzYQ81FZ7bQnWq8+iSs","31YdIiN8NDP6E4qWoUZRe6","f4upcbbntOlYa5RMJU6L61","5d8MeEYkNJJ4lwpSKSIzei","580gpXAohOmoUPaX1b40jv","b0fn7OtZZPQICPlMz9kuvs","7emS9wztdKRZttAYfT67Yb","f4KQ+3DKpDmoGa8n9OqT1P","41ZvOfnWxHJpDE8rs/CnIS","5fCormpF5FfKjYGq9z7tY7","f8VKFGI+pESZFf4Gg6Xzyw","189iwEVPJNyYCMLwFzkWCd","f3VxD7ZKxD66H5eRkFPrQB","3bxsIjBGlG8Kce4CiZzu5o","04Zh7Yx+lPVbMf7IROq90P","449tZDRl9Ju4wRMA6sXgHf","a1dQmwRDJAZZhDLcEdcNXu","11bZWHymBJS7LvJXI6qxMW","89HYPY775LfKwtZYNeIHQO","6d+GdfdQ5FmKejh19XQRoL","3bMVMC6QZNBIZqYK8dJa0/","4aaPUmxc9LfaEBdCkrs3ur","33BTr0Fv9FEJ0ec7rje26j","4fxr27O61MNraSsBuZxmsK","1bbQ0RN6RDAJrHa3AUrABC","e5B0SeHRpIQK94Wz6I1loJ","68YOjZ0tNLwpE4iJDATvcA","3dGeZuqRVEm6pfUoun82uj","8fMqj/Kv5KCZe23EN1W9uj","b1LJNf9QhGqKPHSXiBsm3P","504xWC8sVKZ6qR/a//mEcv","a130CmA4JFy7TUoeZtlnnB","b4sc221AhJwrp8uhT8I8y4","54aXk0S3VOoIsDQtcdHwdM","11qceASbdL0rY5Uzrdyj+j","c9SWaZSJtLqaqs0lYxZvIc","c9rDyjTjpPqpjswvsi6z45","ddmRE3I0VETIGkqLLeGoI0","20BPAMgJ5NbL355Nda6AuN","dfqsqA6QpIIqDgm1+YxupQ","9aWyuSGVdKNpCfmAFiEekA","47RritDlhPdaRtSVG+ORdd","69bvxWoWBB5p86sSWpjadz","36hhZo2g1A8bQBt17s7QR4","a49QKRd3NHYrR4EUjkDCDl","c4Nv4BoqdBaLl1YmXBUluE","b5nSpDyuVKl7JayMLP4K5I","e2t6/icc1Az6E4KgsMdpJz","2fzGovVF1FNKRfLgfs/rCc","aft66PkIVLhZcbAdOr6H5V","16nCRiVcFCCbbDhIT6AGO3","55PDzZCIhDF5qirjcvGmpl","3di0uKbt1BE7ot99d3If52","bcdnPNCpJCYqpc3n2Upq+X","d7cL4GtBtBNKd7xZvoPtiC","1fWOS6uv5L0ryDOCBdLjWn","a6t3ZUFmFKjKa+/DT6uzdk","1c07wMmpZJrLHR+Uz6Aq9e","8fT6bEwElO+JaBq0LSUSRI","c5AsGwm8JKHJ5xOj2cPHMI","f4yoB2vexIAILbahipRJ7D","c5U8vC1spEOpaMD4mXugy0","31W74RHj9HibdX+2HotemV","66GAAhrTVBjrwiuTlRT9vD","a4flz+lttB9oT3lHGPDdks","f2ppG4/yVEuJxvrrFZeyKU","5cDFWKXElIC5u0NqS16LMT","74CS/ZS0xBEZM6Kvsyztgp","3btOevTGBGJ6EGEfZ6yC3g","5bjDatZblBrJNRXYplH8Nu","8847WqvqJFtpPu3Tob2ikI","deZjy6BbFKfqygprkDc+vT","d5Qg/d5IRC/pfBjE36lRD9","ad4jrUXNtDRKa3y+1/Bmwe","b26oVDw8BJ7L0nBYlQEZqI","0fkagH3IZGgIzNh7DUp65r","2ez+jmqvhDe57SPs/3HryR","d31LlKmr5JEa0U+VSaBXQ2","50RlMkCS1NVr1RFK4oa1no","4aZ5yZn8JIG4FzUKp06Dwx","ddEnhxHodAbpsHxElI6jIZ","61tDEw1TxHn6H18nFWDobm","bbKgaldixKGqsjT5SDyQvU","7aXf5FL1dFg6rRPSIDcajz","73gDK1G45HMq8yGikjx8Jr","38AASf/uFJPYMwPEdWI8Xv","17UkueWUNOQ6/c0/mNlyYx","8ckgqrl/NFPpu1n3mTAnEm","a7BN7eVkhMj4j08yhy6U6d","85BoO0i15D1LNfY9+bke7r","ccWyjFYbVDT4hMdosxTCbd","07Wqvicm9ParFf/lUBFpEC","b1LUsM2qxMzoj2gFVFj1FG","51wt5HOF5J3bU7GI1gh5UN","5dgT5nUrVJvpMkHCvVD1tu","a5K9vwePdNJIk5+wBiBlHN","04mrVQdDNMorTKBo6A0gP1","22PuDIMQZGBJCVricGt2QH","ebCrXkMBdMv7gUR1aHX7Qg","70iMb8Ks9HrLR5wzSkAxV4","d9icwQ09BLp6pB2oLoRssJ","c9hmENmp5EwbqCCWHhubjv","f2vBlld/lGa52whEgQnzAC","4bluA/EuNHiZlOeL5etnYU","8a3Bdbu3FIo7jo+wLKSAUQ","d46CESUD9DUYDLPSNPuOpB","adwiyOwEhNN7Iplxe0p406","81KGQcbidC1oUdlNDsE7Li","752nctHh1LYr/mcnyQjc1y","b8fGf9cadA9ZSWgQMrkBhB","4frTULACdA+6Bx4xGxVCOn","5fcE5+EThLJI31W/eST9/h","1dwZyWQshA+6oor+YuAELH","32RH6gNdBDmJlv8Bs1g2iH","aaaku3DHJM2JZVjmqFwLFo","4abtgwQpBMdLfB7WBpMvNT","45f7GpIidJxr50jNhgeDKz","f3AWCgxk1Kca/6faEZGYGM","8cQmWi7XJEZZacKKaoMg7C","e7R0LTElpFz5LqRLY1wkGi","1fajFpgr5G8r0W4KGG4qr/","514IKdzulKWbnuoQRrSTSd","d82YqtPc5ByJyHdxixaigS","63km9aYVdCUKf4tp5ArecS","7dsUKIC+BK8IyC2lQ/nXbd","86rmYhkPJM+6nQ86sl1OXg","5eoH5Txf5EBIix7oaY/wzU","11str92BdHDbKaycDFlh74","ec93t311FPlZClYYBeMEWi","2f7bRlwbBNU4jdDu5V7jjX","ffg08QralAipAkwZiCkvtm","d3eqBKf9VHv6V79MQR/i75","39VJpxVkROkZLbCk1mhx4+","67yD/94gdDsIh8RiQ5AgSu","17VGxW7UhNdK5bW8Vq1dAk","86s+ivHKFK/odRhDRIWMS5","01eakypJpF26bzyo0C1pkL","1cOvAIq0dK9YjJzW6N4FKo","degV4Po+ZNv5iTD9GvJ1oz","a3cEDcGmFHJqYuy7dz62OV","80EVI2w+RPY6LPqknlhJOY","35sRV8lgVH6pwOjyqGYK26","81AyUGLIlG8qHNLcNhi1aO","e1az6jB61A2Z6Es8e50DLV","02ykc+ybRClZ66F6+CNfNb","87HJ1quSBFSqLiMj3G68a3","9dFTufLrtGvYo7kRUNU6gm","711EAkGx5JXKR7zLQ5exC5","a7LSrPXUpG+4n518XxxlIs","baM8PIWI9Ah7ugxvVVl4gK","b36akie4BAxoHRyDBBljv+","f0kir4FWJOZrGEKzjBVmvd","93tOtMoklMC5+U9wduziQL","99gAbD6sFCcKETaOmj+s1E","81YvrJNHhJJp6eL0RBHI7G","e67C2X1fJLW6Val/mHPIyl","a978SF4QBJK4EV28tMosQd","1fERllU+5O7riReq2ECT3t","92iXKZwSdAQ4rT/tgNi+SS","201JXuN5tJX42X4sVYU01u","5d8zW5dnxBtJIHkf+I/pRD","5ej6XA/OJBuZJf201rcf3B","a1qVStJZFFGavcNO9hquqj","31Z/hQQhNOMb2Y0JKjP+7f","f3gJXBFH5PE6lDgAsQq+cV","6aOTJt2qBJxYnBxA+oddtL","7d9YbuTTROmLcytNuKrtvy","846RYngKNDjLRg+nIsn9Fl","ad8AOq4bVCHIrRFQFlwiBe","128JUj13VOTrfQ1ZNUdPtF","56hxqEn/9F2oY+KAD1iprd","d3vPewD/BP3qyM2WfUjiUR","e2+a0Y/CZO0b4/9qaD7GzM","b98Qd2M2pP65GpgmK9qtAf","b4GYDOOfFPQodeJkD0osFN","2es/SIJ9tLeJMXCfeE1uRi","54tA0xMSJKIb6QLDCrCzvZ","700EeB0PRMBZHcoTmUi3r3","c5jfhp6sJBha8+M440Q0t9","67w0apz/JG6qdWkO6grzP6","936yGjzLNPs7dq67kk1zbF","74+Xs6q01OGZlIeN+Mzcqr","c9DbVBypFNT5w18Z7/VE9V","1dbAw9HmFL9JMXhZHzRwWG","74t9V/rsxI861DgeE8R+wr","71rHLJDLRAfq2wCjebxhUl","d0Fj3frn5FFr4QXPqp0Yo4","7f2N2P5B9Hqamif4JRxVHD","d0Tedm7QxIVZpkfGimCMP8","592rStXnZDtbZo5Uo1QufW","1fWRpIxx5FO5oOfKQYDsuU","ee66XX9mdI07EuTB6es2op","0d034pmilD45RXUmS7R37J","b7TkRW68VO4LHmb6AmbRMO","17Cw8HuUNPrZFM6Mb6K+hC","2e+wX37BpMV7meYg19tgf3","56+Ta6tY1JcoQnszJRFdzQ","23im+wpuZNj4xOiXC4uu09","c6t0qywZJIRIAXrOtorSUk","14xSNe4m5FQL3ol5DNVmTI","76joJZ6/5HMr7cNe1sNyyY","56nrenjV9BLqORp0U7VFa1","e9DaZHe3RJ9rf/ao4LJxfl","afXxSt1ENDe5edVX9Rt/ou","28SsMExmRGiYuHd58KZ9D6","b9pgZA08hGd5jHNes0eZNO","2bv7CQBSxD2ohs7XhuhMPs","0bTtZJONhOZajzdV2fJtry","c9y5NBgkdFgaCYuVAhQh8B","63YF277kVHHZoWH83u8L0s","75ug7peCBAlKFPou0l3rot","2deteNCB1DmaeIQSyLpVBm","4dz5zOQrpNw4C62ckjiAnB","e5I3haEsJOLo4DXC5sJXl5","387W6v6gFFwLGDueYAsboC","5c9y6TLKpEFLvNXlVKt8e3","49HSQnDFdEy6rJ0vQNbTP4","f8UXQrMkJEt5SbXI14YY+j","fajHC6IdBJhYbkhFZ48ldX","2dtNALAXRI5bt7bYxXu/i7","0c5iRLWPhEmYFsqkImM1AH","f5BYDy8tBGR4PBHJmw+YhE","cammNIxwRNeL4QtAeT04Pt","1cyeHmNJ5D36+uwzZgxkSG","d0td7nZvtK9Z3eCGT2ziEm","80oSJh0OpCtLsLMgd8Gv8Z","27my6rq6hI8KTs4javGf4K","90PXXTxrNOLa4o7yTD2WWf","dfVCscp5JE8JmQEoUr5l7N","4dnLMj3/dFPbsKEpVzMM62","8fj7P8fO9PcKPD0z5vCPyH","b5H6WafXJGy7SLDBI0569a","4b0ao05c9NrYP2ohS4AjwF","b5ASKmnpVPZblkPIlXV0Ps","5eJSXvjvZNXb9EQYnN27jF","f4v5HflpVN6L1CZkSGp4az","9eKLexZNxLfocUE70obAdf","89byL97JpA5KGEGgBGB8Jx","5ct/ier/tIJ7ZfYcBduOyG","e40V2md4dBaazECELz8Wdw","d5Xids+NdHJqMq+YTjWAxt","f3yy8J67pNn6q8/ANl8Tq8","f1w8uuXxxJWal6E7At6hn/","9ezgjcYkZC1bd6tCL9w2/l","ee+ht3fxFMOr4bCOqJA0ua","9dOvVKBhxOh57VyZ/UzWuR","ae0NaZoepDSJRBgB0aSNbc","11S8RvNMpNOK3B5KIapqLx","4fARmcKWpGFLG/4qjgbM4R","81ToWpw3BGp6a8vhgFG4Kb","a3W5KbOtxGD6leMX2Bl6np","2ajMv3yhZHKLPvmG5MFzNf","a6gB63VI9MNYdaeJVjWGbT","850iCSTw1EYIjWlP6cAfov","95oamJ9SNKUo+J7jUhBr8i","c80KMnxaBEM7NEFJvN+jST","5aNWDjHoxDPY0YDEBqsKqB","35BVPshKlPZYhxWy9NfuT1","98EGenOSlE0qbqJRRJ24Pl","e4sPGIXjBG1r8n0eS1vbbG","1dfY/sbkVMwogJWBJd/U7U","91Vmbw1J9JppmKYI9eqP11","f87N56VC1LkqLjEAci9kX+","16yCQOn71E6oORpdToOdnZ","83RT+1bv1ESrhaMmkLNUrV","dcmqJxh/RAw4puffXEJha5","9bDCmxL2pOh62iDmhy5ktt","64oqk8AapBa53VT/ngBfkj","0alzUnzKpHZZ7eZdW73vJ+","3cShfsIEJPaap0RUIxqhAx","e6YQ6zOshCNoVbGwA5J10f","dcRdb0tItEArLog6bBStmp","54Hd0DNPZLWIb8ZseK4ab7","2ccT3bb0NFwL7jEaj5wZr7","1ecU+IjghGHK88tbNqZKIB","67qIXwZzRLrKzZPzqfQakp","81iwavBh5HgK7uHprTXLEu","afYgQoMxRL37dIyTOty847","99p91G9A1DYYbNy+hbZQiv","7aj4yHAcRPNbLKCW0sdply","26Oxpw0whJiaCjx+S/I1/T","772sHRBR1N2J24UK8+EiS/","d3ifrCgH5HxpO8g3mGLJin","93qEuYYvlI5KWokTLwYjXq","29B2hGS2dD2a9UtxGmnPQj","88wPPAgyBEs7rxv0LuL6V1","b04d58iDVL07Doakf44mhV","93T2ZkDsFMD5TPkNZF9hZ0","3e99PxTrlHn4N/Xo7yKl1h","15Pdac3ARLqr2QwmJdhK7P","e2DhpgHk9OEqPIX0FrHJom","759FHSvNBOGJgIJHOxHhzT","a5wuWMVLBF7LPOk4YyYR45","3f7fnnGjJJPqdW82u9W4Dc","7acBKDZD9A0Ljj2zVXuGZE","b46kQTAxZIh4w64RszD3Ze","2bJewTUfZBu7DctCDvSFyE","6cfPtChUNB6KDL3gAzz4N7","61j4ATMrtPtrcO03Ve70M6","0cM+0g1eNGO5SLki4522wH","0bgoLZxntOqY1yj956e+iB","5e1uXhBRlG3IjfupmJwjRE","1foPHrHDpG85q4SogI8TsF","b5vaYzA4xDi7OnPaJky74b","f4mzXdMVNIhLoEbcPEYKBm","bfA/6FIpZH7LOhCtkAa+JH","64zlsziSBDQ6mLdLWru3co","9e45eohqdG3K6LWF7b8+hL","0apE/PFdlFR5u5yIvBpsUD","d2mOGOA8VDKIU3MtjdV0Mb","9a/zaCj4REwosMtivGwDJT","91wz25BTtFSK37D57nIKSl","10c0iR6pVGDJ3k6I1utiJ4","babrdPE2dJeaaAIonlroIq","39cJnUn9pAwohKDUx0geHG","35arizmEpBDpv+Gr0fLBC+","a9WJRlA/1LL5C0EEDHCvFA","90uuloBMhB0bgiMQwBYaIO","33Mn/AerxGVpTwqaq6T/jG","24GypU+nBF9K8GxzrtgVMc","e8FdZNeEpOEbVfG+LM0nxH","3cL35ifFBEOoiyTUOBLveq","9alA3Ih15KzpJ/2069I2Nj","c1Ny37JmhFzbMGt0vOuZbv","6c7XV5v+RN14+hmQkZsczQ","e7YBNWdKRF9raeWTaqbLfT","6f0QV+gBdIyLVLbtgDV+zx","db7t/5f8VFBIXbGwlvWK3w","baSdFSFMVMB7YMCfcWPSzr","82cihIKVpLi4odcwFGDzbs","794YojMc1MdamwF3QF1HxD","808h6FOeRETZjhKxincghq","8eooObpcRHHbM8malNXQj3","dfejjNSidHwJB8p0Tq9+H7","1bj/JvlhFNVo9Uyg/LzpUf","0fJwqB7dtCF5/OPt8cU/Co","66KGgTaHNFLKP49gV3Xyfw","775Dc6XIBN+ZYmg5OMfXxA","c4IcaAptxPBItNAaO9jeov","e2cjtsPQlPnoCLihSUuhTr","6fQ+FnSatF0qnffedavWX5","0b5AJS/RJHsarQ2Kb42YDi","a6zO1CtbhHjrjRIqGvRLKD","d6YYc5s6pNg5QRLrpz8rnd","64kfLBbxBF34y2gqw7FBPK","75jQT9oTZGApbfWVFIeeA3","danNVp6BxI4bHp5NrH7d+i","8e4zmYVcJJIpMdBGRigIct","e9VLoroR1LPbX8gHqRzRK3","52I5/yOZ5AmoJzTX1KzcXZ","balTOBgfNGuKpXHe01lFfi","45kRh8p2lKIrGrqrmeQ5ya","20kU+GuRRP5KBBMFW2RJDh","75EgQAWZdJypZcqFYuLXU3","160254WWJI1LPAFcvMj+xI","06gR8zqP5KILEQ8JyIdNDh","6cS9UfgYJMLpkQyHAvjLeh","baC/0qS0pMD4qn0VDkOObK","bdgv5yhzZBnp+nd4fgRM5c","122iVM6jhDVLxeyFNfhfUb","7dws9xBjNM4r/zM/5rXGUT","64emCo449ILZAjoxf6nY/k","92/fI8JhhGB44gNsD6s6Tm","cejTkY5LdOdrV7giNajaIS","f8cjGT4BpKyqTvSWG6XVMJ","55cvhs8ydMdK4ml2clbAVL","f0foKQFDJDWYIADA8E9JyF","188c6S1RxPDZDu82FtWUKl","b0C7qHWYRAxK+v0Q33Q2RB","10A72OuMdIRYMIfA5Mhn+p","a6idaKDH5Ctrx0yRb5ejBS","034YmTGp9LNZApeUJkC5dU","0d2ZuFUUpP7rtMP1+Jgyfg","d0kmoKPBhCEqCkh1TlFM+w","d1SeUHEbNDxK+tkpS5NuWv","ebCs1Ep89HQJNPeEV9uOVj","adzG5UjLJBWpk4Cw7lLVo2","04q/JzFldG3bwwBKruYG3w","39jk1WRIZB0oJdbkgJSSY1","21ut6ln+1DSowQpf2bJUjZ","bcER+vZJZJWLM2nbzKXY/F","ccJJ7+5WtKpaQTbFgpcj1J","ad2gx5kqhEsram6vCDTjPl","6eDBd4TMtHUo0iY84B7INY","e6Q1qdjaNFGbIXVv5ILBal","28jPdp8JBH/4WilhBuTJi9","8cZWMvK35GAoVNXo2YjZan","8f9MMLS7lLsbU+xJAC3Ns9","1cms36L9xPboPnzSTKptd9","adf16IfEtIn7OIuXfzARXK","31uyBoQwhBX4r83GKyIxBF","5e10y1kgtAp4F0FeZkzcos","adz1+hEbRKnrZAU8Mty3Ua","efiMbu7OFEFrxNrS8tDOZB","c6HzYK0a1IGKt4LKJMsIUe","b6ObLym6tJUJkh7WZwRuZ1","68DMTk4dhKfKZeJ6+vbVmU","ed6u1GqPxHcJ5rPNFJ/iLU","a9dI4CdwVI3Y1hE16cTcTm","9awHEvDexNDJIhyDilLCai","79ovG8Fq1Nj5OnRs3/DTaj","91iiKW5e1Kk68KaiwxF45x","7ai3HMw9hGnoSEM4jZq6PE","82PzvglAVLfqPKIXuOh1sc","03JL9usJpIP49KeBMJRZF3","c1+Vy8exVKQJy0kpcxV2Sw","1awYSR71JABJ7/NSwErGrV","6fZ5C/QxFPaJmcRph/uAbD","a6jNHFlHJJoIuPS5deRKtF","968XYF8YVPxJifDsGyJLln","185HwCbRdP0K9m+7OnG85Q","60MqYYaDBImaqmdrtK7uBr","e98pirMs5Mwpn1BcMXFjKT","87W4a4TRFG3onKQcCJVDZa","a850XliVNPYqknNe/D2iY8","a0QhWy4bBOcZo2jdbFiHBd","d1v+99SGRPSJlEfAP0AIqw","5b0nJ9fZBN+YOWlhLK8HZa","6dKYfLz0VAro1j43Wko0no","c9aWULRIBEf6BtsjL9+QW5","25Fh/+Mj1Lf4a1/eoIWt+U","c4qiZVdEFMr4uoYh/i0y6M","4e0XyCuR9FW5CvE/UWqNmI","69n2LCzO5J7LOPuaukdD9B","dbmoRGjYFOF5VqiL3JREG4","06Jn4VExhElZqevOHDklDB","a1TS8Zg9pOEocCvi6lfcdW","47+eqtgetLtLm80c/Sw4Jn","a1nN586kZG67REbIo4DMkS","b1Y1tg3p1HzIaoW+XcMgH4","f0f39XCClKlL3JZTvVY3O9","73Ahc1fHVFBr1RmA6Qyf3x","edWFiH9oZDzp+ptmGjVeNT","87uwrZYBtO4L7nWXm+OrCG","dcP1wmmK9GV5XRoowDDdVY","2fBUYa6tJKoIPbbxKsM1VY","fbSxtCirdFWa60SCgVBGTJ","21Wuy+WqBAB7HaYdwz3KXF","dbSw/o26ZAcqMgCgbHeTzE","f7X7jaVpdKpqkUNXh9ltl6","14NBcSERJBN57hg/ipGT9z","53dnD3GohLHYC80pkzDgeU","6byaeGVjZKT47N4E8EmFQZ","86maDBjUNEtKcVamhA1Ncv","2fGazQkFhD1aVc1MwRlq7o","41CaslMXZMUZ8BZOKeTrGP","77zxu/mRpJ77xkH+U9GT9A","9fv/5HdnxLS7TAnBytOTz6","f1pAbjeRdNjpqb3nCLqNK1","07Qy8C/MFNOZMcMqOEwclq","4cwP7/pZpFdbW/oDIgbDZW","c8165oFWlBcY5Mxmo9eX0H","645Y1sVw9B/IkY0K5R6zXY","21SrcYZkJD6Lf2hiAiCM33","556HSTel5LwptcbVRhsEFb","b3xk3+JxNGOrPJUh7N9AJ+","50O3dqPq1O1L5DbnFuJWAu","ebFQeCFpxPPKtjhxwbA4RB","9f6DdcoOxMXryXRetzv8aw","8ft7hvUM5FvoKQfcABs+Vl","af61DMjyNKDrTGFc6o8xvA","1f7c6XXTRIn5/EhlxFqwNo","c1qEYwmc9GF5j9MBc0WPZ9","8fctIVD+BMH5ApJlkmWuTc","00ksO10b1FR4BEwYDHr+qs","debuO3dqZEAYaimuX2R2Kb","2ddi4kUK9KFIjvKKR5IFGj","fdjJa0CuxIkLyn8oUbQGwx","5dmvsO80VMEZRvpRpa4zjK","0df8fDtlZFCaHLznpQNueL","88ZFSccPpFO5abXEyk0xCd","08miMI6YdPcbX3/3na76bX","79b9MY89FDuIpNTcLAvXLN","1e+LEtkkpFbZq0C6lK1F2E","e2rjaH6iZB/KeHt8ELM5uB","44e5d3X/BIlJjouVZOr1GT","52AeixSARBSoXNn1rBeCqu","89jESd9nFPVqLHb9xaRGsS","dfU4PrfcVIO5seYDKU2fq1","07ob6R7WNNwaFyHuG/JK22","1d36pPsN9LAajzYY+Ph3G3","d3VmA1kQZCXYM95OHWfzUA","4dElEWwyBHqYpxk5larqPg","88I9tVu5NHAY4DlqmnTgV8","5cC9v3lxdAFK3/ohAO7jVH","63J8ol3ntJXJkMhy2wpSe8","5aI+ZVY9BNa7/7n3ex0t8Q","cd88zVTo1ICotRymkrfimJ","27KuuDZ9JJgYAj4LzTJwZh","9fMkAXiC1KYLvNiBjCEi5p","68xcZZel9PAK0hjVLaI2Tf","4edpO4E1lGDrTbZu6mzxiw","817ZkJ+kBEmKjv7Alprpfy","84TG2Ry7xN47ryfiDdt653","a8uQ9fLx1MjYQXON5M4gyx","56gPoBgkJJQ4bp865sXpRA","e9q04uqy1Fpav7nTKWh+FH","42bWnS2NhISLoym6p2VdJ5","c0AufmXvRP6oVpTKRLSfcF","cfFtcQrH5Dn4ndaq3MapHU","b5Lbuq/rVIh66zdM0FqAFH","66QKt0MOlD8LeZOeauKqgX","0aFqoWmaBEA7RbEKLnNl00","36Er+uV5pArYI9atwbiPNg","291HuFYTNMrJfjrUuSsPeU","5cxVVNmcRLapJrT/Z9mi1f","1bwGGhtsJM/o1R+AztAare","e9C6x2dMdAO7VZHd+00+eb","fbAizygRRPuaMcRNYo4Ggd","55cbidzC9G048GM8t9z/q0","56ypRPTQBD746lmro7AObq","e2QPbijW5DiYJ56iENR++W","f2L9iFezdBuL3W76SkwmvK","5cZthFPrVNBr0vx4sxFa/6","ecR+PNoydISrYxJg6ivDZN","a5xS5F6MBATaCwaW0E+S4G","90n1HtFxlAiK7P19f/xNOn","a79Uxhs7hJ47B0DpEPo0bY","c4PvsCaYhBq75Qt1TKjj7P","62qA0B+rRPnYsT8YnD6ifc","8cYDqH7TdDMI7hGNgWgswZ","2e9W7D/NNN1a7gRsI6UNL+","2bayyWrJRLT7yHOl7tJE1T","77KuY5qd5EMbX9GoqbjPTf","e4MzwT3+hASqJ+hVYf6NRx","dcji6hudtGqL+CJa3xqUsA","d9MSJey09MK5wvFQZ0hsAR","f1KuQNQoNEDbxwzaLPpVTT","c6fF8Qm1BIlbJYu8fIbhDh","5dRO1hS/NK57bzSstvyWc5","c2/Yi5yt5LD6Pxb0+eriwG","214JgacO9M1KwzPGxjp0Qs","a1VtdwoDxHdIWbsnl64Yay","34lqlMKzBOfpb/5qPFQJi7","f54ANan5tOkrytox/BZqNM","24VPiKE89De7AyxrgKTLq2","69skvKi5lGY5SgHYHUCi6h","b74DWfx59BFrBNZy6mPy5S","65bVsbswhKA6FD+ASlNBG0","e5AePrb1tKoJs1QIsZfh2T","9d7q4T1nNDaatIw60bWLLD","a9xRd+9kpE4o3BU+DGnVIr","56g9AkvEJFLL2zV7xyi/xE","3aqiFeTNFPRLJLDFZ/SOE1","5dnuLxyelKfpV/O48oVHPG","28ejgsifpLsaMHDfE5pADs","358mFSRQJMXqeeB27bx5z3","b9PKNh57hFrZMtWVzNDrVD","58dkfD4CNEipLhIDtlI3QO","45oXH2wthL7pcjJMKUtKkk","fbzhjQm/VBn6IVQ+pkNyps","ecP/ekUH9K9YQWQmDjNMYP","4bLJYftLJFEZ3/jW2R6ijI","75LPMUp0dP4qRkUx8vR7v2","4efeHOsXlDfKICEbqjzk8N","886K9apnFGlryg6ZrRumDT","9di5Oza/5Ji4k11l4TCSri","21vVOD7jxNyLkoo89T6qTS","ea8uXUTYhN7766fN+ZW1bB","9chx18UopCG7gkWZsYIriW","e3s5ItFUBLfbjIUAKxMfFo","052VW3qdVB76V60cfbgnPu","f4np+ViO1EULdPm8pQvKbo","a4bjSFs8tEgbke85f8j5Gz","d2iP6YbzJGpZshGrmRkLay","66Q/oodWZLPKKXb00wanTG","18+xRIG1lLD69Iir+Uwfc8","d7m1wUziVGdY7zVh1+5Ddp","20TW8qZhxJyZC0SKv+5uJv","9apB3TwetJoprC3CkxpkE0","60+dqmJX1E1qf9VUaHBRn7","59YyqAN3NFtYnNOZM7LeB9","4dFNFUcZZK85BwtQ49dCzB","09lgeUn3xAGaA4hSTLlQCB","9bjLNqmgJFjoyasDazh6lD","b8DSR0zSJCbYY5DJwnxZTc","bcG0NE7b9A0pmbckNEUK+k","47yvrIP0NDy74cS13oM1sE","18cDtzz1dDV6bG3XEWrDzf","c5smBpLJZL5rJG4AZsHdCy","d48N62ecVBaJ+DTz8MFhV1","48ZdB24EJM9JX8vmxxAuZb","bdPoHRgTxDorWtMtsGnFWv","e4uHFQW/VJ+YHAC4U/mVQJ","beMCqcga9M6b3qmCEa4w2h","7exE7MRkdCNL5xK7xjcZEj","54+6Zkj8RHf4FduuTTEUQB","03aIswnBFHVLZHk4FdXQpv","bcIUeSjMdHaom6rDkYZTp/","1fA+HcP+RK2L11ZsdKZY3i","ed62VKm8BHhIaj6t9Qc/dt","abLAFp1G9EeJ6zZbdVyvKn","b1I/BRpnRLiImK5fiazaeq","bdyP+yq8JPsaqW4Dd7dCX/","6dMLGNwdtPDLJijPlVnItg","173LGvkbpNV7gFDlB/cB5l","87wjdUI21HlaYhpGt0S0l2","2aT+tl5XZNmJ1n7CC3hGau","ff0aKgXftBS5QP7ofyhx7+","14jMEz0eROrrC/sdgRXqjx","5amELMsplLyYnc844Nu76e","a6M4m+nltNL5xw9yO4UY8n","dbbQa6PcFGcZJ0i1rflVIV","a0R9Mnzd5LEaEvWmqG0U/X","e6XkxX/G9JxLOuBREFUuag","2fEFez+VpLYJZXBmrL+3JA","bf1x56QoVDyJLoQ7EfPrwY","626AWtir5P+Y2A3YIvdtFY","81l4qY9GVBJ7fiYfHwso8w","0eU29QwfpLEpV7RYGVqWa/","59uC4NY2JFY64a1upl0xXP","ee1XBTWQFOOqleACK4RT2h","25yIWVQ6dOuJxlHiTwhH3Q","eaQIAM4hlEP6WKYr/38O4S","6bzgWvjqhF05RenFTJFnpT","93JkOWOa1LK4YkahuetxP/","0eJNoSV7pJ/4FePx/JEOsv","07UsSxGsFOfoOMmVJXV7Je","83ZnQahEhB96MTclwpo0nw","98nBVEW71OEZa/pynaJ5Mh","ff1RmW1ipNSbhUQ1uWJ/zg","1fiY12y1tEtYU244Tvuimb","fbpjpwJcJBxI7mt84kehfx","0eEh/XIUJH95daAs++HQHi","8cm/5hmkpGxKPFbJ3kxoBc","4e7PMnAchFtYaEBza5IncY","e6ECfPbqhG9LC+FRrUmiwp","7b2GDfWwhKqo9xIKoiGakU","30Qzhv7jdBZZVPd/jD3mgl","e0iMDs4p1OSKxxBcF04nrg","b8XfjZx6lOH5ZmdHiNSEJI","8f2Dz+CjpCUbOaaewgE50r","17uapUmupLn7AYfjnJhrVU","3b0gV6quZLWLJmftZB7oJl","ef9DR9MzhHdKXdZaU3rKEF","fbkldAd9xM3JZrNM2lvEVZ","ef8FXIVGZJU6qywL/0UCjR","e4JbUINlVHS6bLkt5cHoVH","51EZ+oKmBBg5qLhLMzp0BW","becG87IxlDqJe/Jhttdx2z","6a5OtVpfVAe5/PYzg1bIoS","0aMYe2KTNJWrwrJOFvTJO2","e076EgxcNNkYurW3JLwt3Z","a0NtXmsb5OL4RI453boh5P","04tLPaHShHMbXPPXagVn0S","18A8UQxBdBD72Ad+/cNzRI","c7jqlMjDJDBLpYcG1wgl1/","93Y/CyPrNB1qpepaviSddx","fdTHdNL05K5qWQPJQDtUgp","736eyHOGtFPIzbtIGMdGhH","22BlVcIWJPoLuAN3Uqvdrj","9aWnjbKDdI1r6f7Z5X6ysZ","53Hb+JnIlEor4qx0kFLiZz","3b8eMwLGRDjZXn7k0sjgXo","8dpHQUjM1Eg7l0Wmd4OleF","ebDAzQKNlJNoVTvmGV7NWF","c4AHz8zElEfq7OKlLBDXF5","2be9aVoMZLh5rhyvw4Os3d","16pHoRwxxNMazKrAjf0zIh","51fp/Js19EqJvMhR/6nbxE","26o1qVEVhI1avfTPDwQAnr","50T3MjODRJer+JxDM6PwXq","bcP8gkTb1BM5rKfQo16HRt","c0ICEU7BZNqrb0REHQbJO0","feMrAwvfhNCrgKjtKKaJvf","f0IF8SitVC/I3iGLjbgjci","b9Bv8PZyJHCbp/9261+TNq","7cjmzPJ4lNwLKl20+LXTw6","4333mVW+FBeZaDv2G95ZwD","29Uji11DxPsJlTItfNsyVu","e8PsNUiQZFvYNl3wMlG0VH","8boNfHZrpLSJE5QivScZsm","65e+vy0QpG4ogf+bBXsK7M","64QRQhmFhIao1YwFq2nanc","79nGO3V7VKB4vc1zfqyZUC","c0dcsxHMBBKJEODcsLnt/g","8dm/y/gixJhZM04uvg39K4","c77RFV+fBCdIRhATewdvJm","2eYyF5/4VDBK86hbufchYs","0fAuHrQFJAGoS8tmSScUeo","ffJPipnSFFvpouyLHdH/w9","70yVIRlLJJp6Q4aay2Hcfq","79+shDGyNNrbfvv1ziwVK9","093hOHWYhMSoi14s2wjGMD","1383z9uKhL86qb9ZvIg5mz","7aNXVN8CZLWZIV8QjVrEvg","c8QwpLgGNNerKXcY+mn//0","65CRo/2NlJg7TJkWeCshQI","3aS/4yPnxAea8UrRH9n8xR","91+zf1N0pBDrR8poV/pvdr","e2E3+MhzdKa5ddwV3Y5wZQ","afPCs/tdJBKZCdklVM9ozS","9bRBjLGEJPtKVlia8vPbFe","949isWyZBKZr9UKWcN9ftF","e8ZlVSi15H7b9BbuvNHU4M","fdckwk5tpIaZKNDK4tJ2kP","68+zq4AFlI+oLcRezqfBkJ","19z1PDsp9G16sdwgaA2/2r","bfWihGaaFCXIgo0SRqcKaA","8cAmmNHhlG+J6yRXmIYgUs","deethRRIdEhY+se0R3/17s","c4YYB/JkpDp7KMbFVwA/UX","80D9dm2Q9KH7ocwyQ1zMqz","3dfcFDdcNKdaYCoAKU5lVu","4fV3c2mmJLm6VqwXfpT8sS","d6EqHaJm5FfYrvpquRyPtX","aahIolCOpHqYCSZRK+gcXo","44BahSWqFEy5HXjbAp2I6d","83Eyaw7ktFJZgA0nEoj1t6","0bbWKZi01IsLOwCaM1a5AX","98p1iOiqlC0q7Kysa21ra3","053mYJwPFEQYhPpTC1jbPb","13zhZVdLtB7arhn+kcbx+I","79yG4ajnBO74t7kd+OpP4t","c33nPUXwpOVboqpgzW9tYj","80TtHTP4NFNZ6+jtMcl1uh","3auOa14v1AnpaGfBpKRGKe","47Q68dqSlOx7Sedv4EnwgK","d3P/qPP+ZNUrM8d1iGdbTJ","9byUuSFnpADpF1wm0K8nCY","778VXa9w9BiK8zp5ffypVI","f0MHNKtF1HFLW/MT0Ebceu","aft5BYngFB+IzItp3aW4OX","fcND0SLz9P0qfS3vCVqBic","9arETDXURMpr/bUXEWLJnu","aajKG6+nNJh4/vem3iTyHN","5256AelfpDY5y3PjhgBLFD","2d5P53d1VEILnAjSqV240a","43XYjfkdFHAI6LD+sZlvSy","1aq5jAv6JCYLURKdWdVT2B","ce8hf2pnFG+IOyOWx3sBcS","5dpk8kimlLM5KNZhIEfL2T","1dZu8DbEhJ0a5EHaYmRpbV","aaWJj7hJpDha88mniUJQhn","2fuUFuqu9ECZmoHX3HQ/Ry","93GqHtAjtHGKplrncTvqcD","c2UTa4JNZO7qLENo1wxVSs","d2HAOrFpNA5qdtOa7nIvty","07XsxlTUFOYY3L8qDClhZl","5fUoVv4nNNzJRJwugrdRJ1","4csBB81l1NcZByE18k8O/N","63AuNBpw1ES593IpjGcYx7","d7LrWsYd9MCqghG6Vw8qA/","c6MhgmzVZFHZ9wYp2mXewd","9dhp+oSWFCk4AbPgGbR1Gy","a0pHuRxidFMqsljud2dVzX","1dBrwtnTxC+bvrpnsPBdgu","3flWfBF71Iv7dPs5gL6W+0","15sebeBZpKjrkKRxMZ1PjF","0dY/40VKFGzqxXaYGBBePv","ed+QTK7LxFGK5c7N1xhkpP","79cKBQWmBB67MrE0s+bL9u","a9rE8cQMpO65IHsR/PbxO3","81tdxQK8RFULqABt4ln3nV","77X5HAEhJHO7ZI96jd8iH4","dfb3JMgfNIcL1v+ci6fVOW","afuHC7cbBLJqHMF8gu+mWV","96JDwD6blG5b9EtDG8Tq+U","a2nAI4wtNGuolyj2QcEBFy","88htn5L7NFb7GqnPTW/cNS","f6K7Jc8bVOMLEqiGU+faLn","e0dWHfksJHNJTZEC1TwjGk","50aN3xE+BLmI6X8YUvoCJv","68UMVcGhRIv55YLghK8K5U","32cRKJpCRKQbHmQcXjC+ge","94SVmSv8xL7r6DvmMmQPwK","3aQr1CoRdPBq/pRvmYY5H8","a6VknuXQxC2aP1SZGsGC3O","58X8d4rKtNrIwcopd+d6mT","2eTk/L1/NF+KmY3Wjaz9vu","0eT498XNxPf7qEBmP9UB3g","dcN1zoJRhOiqMnVKRkP7Bo","b5CW7iEWdBPKQv00uYbWK8","50wiGseJlEhK3iJlYlwBuQ","b1tH46Je9G+4ICfybj4uUd","77OuNBdutHSp87/wcjnNFv","49IieiT1hCJ7uAnHIKShBy","80KtwFBhlChIjeJ/hmTMZD","aaTqM7zxpG4LwcvHXGt9SY","39ZtoKMLJLCoiyI5+t/Zhq","5brH3F9SJHEJ+bZktFsvrp","9ev5ZXdGhO8JtnNF3FPN/s","d2UegCHT1KvoKajHLrR3Ho","13rrY+quRG+IE7Y6Qmfap8","79BCCRg5hAFLcoWKBn4HSH","9e87mTE3BLf7OHDV/WKLe6","d1jF5Q5iRNVbVjeoEuSp1k","7cG9jtIC1Mh4W/IVw/26PJ","afGsE2sidDnb0IX/xHWIrQ","34XUaZM51A+byG0N4PjIC5","f4wQ3m32ROfpzj5jVIiBxB","71mp+dY2dEIru13LsKy0zF","952W6H0jtPw7mP/ciXZo6B","4ekg8we4pKU6c/vAv7GBY1","17iKLe+WtCYYYSBdWehDNX","95ZZf+o4hBgKXC2nBVTkw/","2fsVQiidxC25jpa7FRodO8","d7GZHSnitGC4CrPzPilTtk","17zwFq94RKcYJNrHVVB7zW","25y5WsLIVJBp6iF7SfhwzZ","163JZG8+1FCY0OZadtUfQn","69AmDw+tRG2Z9Fqs2cW1et","41LB/yjtxIQ5wbhqXnMs6d","f8tKmJ1VlFKIjckZz8R1Fp","cfKWXfB2JBeIumoX67hIFr","3cHAr54yxO8I6NtpB8KMQS","cfVXHyXcpA+YKiFJS+ku+i","c2Sk34Sk9F/a97PM4OyHWk","2a6Xh+qShEKKuv22WUn3B5","2daNGOcGhJ05MNw4sD9FtF","90fiIfJftMY6tYW8AuMFph","e1uDrZN2pMj4p5uKs1SGZj","d5qRrPYd9LW5RDlvt4c4fN","51Ekd+gElG3bo6AhvPcSFm","df+b5tkspDjp6dfIB1Z6wk","fchZdxoCRK3q8T5V2TpLiA","42XOIeUYxF5qv6uomir+pb","57EVPk4b1ANY5MXv5LA9Mv","89MgVe4AdNkYDsaUj4Cn7a","bfbzNp9jFFzpGI8VsKa3fe","75mlrFLaJLe7vm+bk+irj5","ebA/jLaFFHrqQQR8IKZ/OR","b19m3JCRFH4Z45LJCEGX0p","acxEl9PVxJSrY+1tJDwxjP","f0JmxsCOBEP6E5d1aDVA+h","a61r8/rqZPwp43HifrQo1W","017lxe3phKvJggiSga55es","ffTFTG30xM94e11tsZZLxn","b6i0Ib9lxCM551kW+JkOj4","d9pGxIIGpI7q5h24MBmmna","66tUU4t2ZCJoAtKa/mNK5R","0dkb+m5YVAx6bym8Q+z1tf","3fbEJaAkpOEqshXw98+XlP","8b886ysB5B9LOhTQp9rb7C","14xHA5IHtNZbfV1tbWlhZp","87sKziFzlK+IMCBQmXGZgU","cei+ojOD1A15ahZptr5Sun","f7+LdgjllCp6+3RjV623lu","93wBs3g/ZKjaJGTNFiSmIr","ddxfyUaKlE8ZpaatWK3FfC","267McrssFLxL4IWoA6Wg60","c61Dvf2nNB0b36GRjucLoM","87hiT3HZ5MKKGSl9b47UUw","61p4+YHNFLh4/e/wO0WR/2","714exrzeJKmLQVvl2iYOwO","48mXEYw+JAd69xyo524a/g","60VUt7bGtO7qkB83GA7tuC","dbuinccTNM5Y4AlCP7/cc3","d7NyqdkhJEHZ8myHfk68z8","daRYiUlaJEkJM04nPXwU/Y","60OVbbErVKMKFsP6KlGnow","30U5xOUfxFT5M+I0AK9sLm","03hjbqR4xAMIbbeo9zM93p","f6bUblpcRAJKJ7WD58MHZl","d8biV2ryxBx7kQyIbQSSe5","92VLxS9B9CYbDotmU3OglR","b9rmAfBglMFo0qLZgDRFXe","d0AgH90MZO2o/yFa8Eih7t","3fCKdD9IdCBoSfrd1m9H6N","6cwuo1bKlGPq8o/SXZnKjw","3asXyuf+ZMF4dul2x/6Snj","c1nPM4sSRAkL2dNAzwAbvp","a7u6r/2uVJnKpNOGSlfSnm","f9WAJJQKtJFIswYRFLIXLq","abDJdSmdtFkpTuXbbAxRKd","994n9ji+lKVaJ1w31nH+8F","01Fw6Ej7VImYpLghB4rUcC","ecpdLyjvZBwrvm+cedCcQy","a2MjXRFdtLlYQ5ouAFv/+R","2ano2aIntOPK6MFqImSjDr","b55hvqPBJFd4izT/jFNSSi","4e86tigNBAoofmaXaakLC9","7a/QZLET9IDreTiBfRn2PD","b9QeKuOLJJRIylRJD4etaL","61Acv7NdFH1JZMZmkGLSUt","f0LeV0QkdPdaajroJV4Kuy","adGENbjMtPkZGx46sl7bJ6","b2ECW60shKW4wyb+H2OAZL","fa7MJlsiRPv5Y2E8xPDQ+f","7atnkm+vtBk6Mvv8DBz46m","cf61NBGEtPZbjdwvyJMQP1","9fMLVgaI5HJYdVXhEY5U3k","84LDmNQWROPo0Xt5f7F03S","21gV0e+g1Jv7xSJzZphqQN","2dC15FTMpEpa8CABU9uYoe","f0BIwQ8D5Ml7nTNQbh1YlS","3ae7efMv1CLq2ilvUY/tQi","e97GVMl6JHh5Ml5qEDdSGa","29FYIk+N1GYaeWH/q1NxQO","87XnULTL1OAKHClQUhWwxE","a3ii62vnJJfKxd41iX8b75","c9VupEoCxGbIrIXOJwwOth","ecCTW49kJJYZX+93y4H/Sv","benIs1sz9JKp82JMk9VPmh","5cO7kybDxGj4ipyMYdRYZB","5f5dyqtRNNxaFmVzYns6FZ","664gPxTZlNlasiyKTgsVw3"],"scenes":{"db://assets/Bundle/MeoThantai/Neko.fire":152},"redirect":[1205,0,1206,1,1210,0,1217,1,1223,1,1224,0,1225,1,1226,1,1229,1,1230,1,1234,1],"deps":["internal","resources"],"packs":{"050c0b2a6":[802,1204,114,474,264,255,1164,482,742,333,925,1190,709,66,88,352,434,715,982,99,246,287,899,1049,59,763,179,693,48,787,955,429,1076,817,25,170,809,225,61,911,18,1021,840,979,606,646,545,1047,638,138,679,49,637,83,16,558,247,224,191,1087,807,1169,530,710,271,961,244,954,1108,947,274,1017,673,413,707,301,650,585,355,372,465,315,214,33,697,507,318,236,313,1121,1050,233,1022,778,337,937,112,1172,537,627,183,296,1086,29,388,996,601,692,1138,115,532,424,472,1132,970,1136,933,983,127,916,748,705,349,904,1035,317,167,71,238,336,1067,744,230,64,42,362,672,844,475,726,166,561,395,1084,158,1070,521,598,265,450,818,39,316,612,314,811,927,495,393,528,458,959,640,799,30,376,906,153,690,213,497,62,791,775,1221,717,895,869,988,435,535,657,873,220,758,294,950,1137,618,280,998,1178,826,82,564,279,542,883,723,94,65,622,1007,187,842,935,589,1207,156,1146,106,634,56,860,995,544,611,1222,1147,804,549,557,136,1065,45,1107,1016,275,513,414,859,533,773,943,782,306,1134,1072,386,467,966,1189,400,339,501,728,451,1102,360,656,147,1127,871,595,70,92,653,173,479,884,841,381,228,231,304,84,423,552,8,470,1117,652,716,241,1104,1026,72,194,243,881,1198,1054,6,180,266,358,406,351,159,971,991,1143,659,607,272,365,1041,390,299,626,1196,117,1170,1085,631,267,52,43,783,1140,118,346,51,120,1154,835,100,1066,323,1006,1045,813,353,102,454,689,887,252,281,217,1055,379,915,765,308,36,919,1183,554,1114,15,293,237,417,359,453,890,285,441,570,300,157,1078,104,788,820,910,567,550,829,892,1131,79,760,963,1209,586,1042,332,448,361,46,278,794,416,999,1100,1111,368,976,1151,997,431,459,814,687,174,284,1064,990,152,779,610,371,514,924,389,847,703,245,14,792,12,833,880,508,539,848,534,1155,215,1106,886,342,253,909,948,527,824,594,322,938,172,28,273,407,1118,755,822,404,1232,161,851,576,843,553,325,867,432,806,882,1069,341,498,572,499,31,464,639,729,347,75,1077,449,305,89,37,124,1233,749,1188,256,1184,908,1212,292,312,636,1181,234,419,146,160,189,857,945,1079,823,547,107,461,87,1011,699,682,605,208,644,790,1025,876,1010,401,254,674,839,903,1168,26,613,517,471,734,1101,364,828,1034,1139,67,97,380,761,874,503,978,780,952,694,269,635,1197,662,756,932,357,721,169,303,678,745,664,76,437,295,1019,515,201,53,1129,523,485,1182,47,769,40,422,987,405,297,44,522,519,691,891,193,683,122,1158,548,446,629,538,4,60,861,1113,1092,125,784,619,675,1058,1122,810,1089,1012,738,1051,668,1020,1023,198,421,632,740,617,0,131,38,965,148,1125,9,1005,462,698,504,192,344,923,19,175,525,1040,478,1115,1053,248,563,669,480,445,587,492,614,946,1091,830,741,667,105,1046,602,956,80,1220,831,505,427,123,591,781,463,473,483,751,1227,229,1180,1173,771,934,821,808,1097,623,408,893,328,356,1156,575,815,32,143,442,257,1009,1171,1037,456,858,724,20,425,962,1014,992,670,685,366,396,801,568,797,969,725,565,109,1148,854,655,599,221,739,649,1027,1193,250,496,700,1073,953,625,985,621,490,1176,518,1103,249,74,1031,1133,592,1130,1095,747,596,957,1048,17,165,133,491,291,616,130,1203,989,378,309,660,907,1062,737,11,648,604,1030,912,1057,897,484,583,1082,894,878,111,574,1119,581,645,1123,1219,827,110,785,796,981,753,941,1083,298,764,870,354,766,500,369,171,178,1096,588,477,263,1228,212,901,402,382,289,433,126,630,853,176,155,939,1105,590,708,746,394,113,680,1163,81,426,486,1200,855,282,22,832,752,654,331,736,1090,879,85,494,1116,1071,452,1044,1063,335,1202,929,96,1161,1214,727,200,444,714,730,720,411,506,330,584,1126,1029,541,615,1060,387,1094,798,706,343,624,177,240,930,367,430,767,1112,24,1160,1215,270,412,242,334,793,488,512,370,121,326,633,571,1110,569,838,259,384,641,1208,733,188,202,1166,195,531,327,875,913,319,968,447,1004,885,1211,137,543,1194,511,695,260,487,666,651,688,420,321,718,219,914,926,1000,391,261,920,696,931,922,63,977,310,1231,144,86,643,1036,1157,944,142,836,1001,91,58,1013,73,69,661,1199,800,743,3,226,218,1145,57,1074,868,186,1052,994,676,383,856,1039,759,397,235,288,399,290,516,207,101,917,222,732,1081,7,866,536,1179,984,1015,1024,593,789,184,54,520,197,373,757,439,374,546,560,209,68,286,719,428,181,203,338,145,103,135,825,41,283,1174,701,1068,837,1142,1144,1218,5,1195,524,526,711,562,21,712,1124,754,1075,1120,902,647,95,1056,819,469,620,93,509,415,320,443,918,150,410,578,1150,1043,681,78,251,311,1135,1080,1186,268,392,905,149,1192,460,141,864,438,23,1167,116,1187,684,776,940,10,762,1185,665,1109,772,609,277,163,863,603,418,375,1177,151,409,803,1038,476,223,816,566,1093,671,216,377,302,1152,1099,967,98,980,481,1149,628,1028,227,849,677,812,385,510,898,50,975,862,597,921,577,877,363,551,140,964,211,722,942,608,128,493,457,663,258,35,658,1008,1032,168,262,845,540,232,686,834,750,951,164,896,1159,436,713,993,795,276,206,889,852,204,182,134,466,2,199,90,770,139,735,928,1088,190,949,529,582,731,185,974,972,1003,1162,1213,1059,210,205,704,768,489,865,324,786,580,119,27,850,403,440,307,455,77,350,502,579,345,642,900,340,573,1128,398,559,129,872,1,162,1098,1191,777,1175,555,348,702,1141,600,154,108,1201,55,556,1216,846,774,973,960,13,196,888,34,1061,132,1153,329,239,986,1033,805,1002,1018,1165,468,936,958]},"name":"37","importBase":"import","nativeBase":"native","debug":false,"isZip":false,"encrypted":false,"versions":{"import":["050c0b2a6","f03c9"],"native":[114,"0fb85",66,"0b87e",88,"e85b8",99,"d37fa",59,"64f95",48,"33424",25,"8628b",61,"1c98f",18,"a6cea",138,"57fa2",49,"fccff",83,"0b39a",16,"0325d",315,"f7f94",33,"47408",318,"4156e",313,"32309",112,"bbac1",29,"8de56",115,"79a7c",127,"57fa2",317,"a5473",71,"c3f38",64,"ee4ab",42,"6a42b",39,"60dad",316,"7c262",314,"ef584",30,"c279b",62,"ad8c5",82,"c6ac0",94,"e698a",65,"1779f",106,"725ee",56,"2303b",136,"57fa2",45,"8bc4e",147,"29c88",70,"0864c",92,"6ec1f",84,"207a7",8,"b9015",72,"706e6",6,"b71be",117,"57fa2",52,"e484e",43,"dab3e",118,"57fa2",51,"1b1d1",120,"57fa2",100,"768bc",102,"4ca49",308,"4265d",36,"834b6",15,"375cc",104,"39ab5",79,"c95f8",46,"da7b3",14,"f1527",12,"95537",28,"9dbce",31,"fb4ee",75,"a9cbe",89,"60c3a",37,"c9774",124,"57fa2",312,"6d707",146,"3cd56",107,"7175e",87,"9d7a0",26,"788cf",67,"d2850",97,"7f68c",76,"da142",53,"5114a",47,"3cfed",40,"e81a7",44,"7e6c0",122,"57fa2",4,"3687b",60,"b7b4a",125,"57fa2",0,"78874",131,"57fa2",38,"e50a0",148,"181b0",9,"ad26a",19,"ea2ef",105,"f9bf6",80,"babe8",123,"57fa2",32,"1631d",143,"25d8a",20,"c7988",109,"fea95",74,"e4dec",17,"29f40",133,"57fa2",130,"57fa2",309,"4bdbb",11,"0e2be",111,"165f7",110,"89137",126,"57fa2",113,"2e338",81,"c091d",22,"d27e5",85,"a70c1",96,"05754",24,"a473f",121,"57fa2",137,"57fa2",63,"698ae",310,"c84cf",144,"25d8a",86,"f1010",142,"25d8a",91,"db706",58,"87ff6",73,"27c17",69,"55221",3,"a8fcf",57,"6ff43",101,"9aa56",7,"93595",54,"fbea4",68,"953f2",145,"25d8a",103,"459af",135,"57fa2",41,"9bcf3",5,"94524",21,"51d87",95,"d62ef",93,"1ca76",150,"8ecf2",78,"3e290",311,"d55c2",149,"330c0",141,"25d8a",23,"8978c",116,"64612",10,"21fa3",151,"d40ce",98,"ba8b7",50,"3b7ed",140,"25d8a",128,"57fa2",35,"b6aae",134,"57fa2",2,"79a3a",90,"c7072",139,"57fa2",119,"57fa2",27,"2e1a7",307,"284a9",77,"25657",129,"57fa2",1,"0a604",108,"5e56d",55,"e6227",13,"4c24d",34,"60ec6",132,"57fa2"]}}