[
  1,
  [
    "5dhywYc7BItKHndv+FQEn0"
  ],
  0,
  [
    [
      "sp.SkeletonData",
      [
        "_name",
        "_atlasText",
        "textureNames",
        "_skeletonJson",
        "textures"
      ],
      -1,
      3
    ]
  ],
  [
    [
      0,
      0,
      1,
      2,
      3,
      4,
      5
    ]
  ],
  [
    [
      0,
      "hanbang",
      "\r\nhanbang.png\r\nsize: 343,304\r\nformat: RGBA8888\r\nfilter: Linear,Linear\r\nrepeat: none\r\nsnow\r\n  rotate: false\r\n  xy: 293, 59\r\n  size: 48, 52\r\n  orig: 48, 52\r\n  offset: 0, 0\r\n  index: -1\r\nsnow_hanbang\r\n  rotate: false\r\n  xy: 2, 113\r\n  size: 333, 189\r\n  orig: 333, 189\r\n  offset: 0, 0\r\n  index: -1\r\ntext_hanbang\r\n  rotate: false\r\n  xy: 2, 2\r\n  size: 289, 109\r\n  orig: 289, 109\r\n  offset: 0, 0\r\n  index: -1\r\n",
      [
        "hanbang.png"
      ],
      {
        "skeleton": {
          "hash": "PUcrLk6Cp2RpD4lPRx3maaknlCY",
          "spine": "3.7.94",
          "width": 299.69,
          "height": 170.05,
          "images": "./image/",
          "audio": "/Volumes/Mac/Cá/CA_NEW/animation/demo_hanbang/hanbang"
        },
        "bones": [
          {
            "name": "root",
            "scaleX": 0.67,
            "scaleY": 0.67
          },
          {
            "name": "hanbang",
            "parent": "root",
            "scaleX": 0.9,
            "scaleY": 0.9
          },
          {
            "name": "hanbang2",
            "parent": "hanbang",
            "x": 1.2,
            "y": -22.6
          },
          {
            "name": "snow",
            "parent": "hanbang2",
            "x": 0.15,
            "y": 47.9
          },
          {
            "name": "snow2",
            "parent": "hanbang2",
            "rotation": 142.21,
            "x": 0.15,
            "y": 47.9
          },
          {
            "name": "snow3",
            "parent": "hanbang2",
            "x": 136.87,
            "y": 15.61
          },
          {
            "name": "snow4",
            "parent": "hanbang2",
            "x": -96.03,
            "y": 5.99
          },
          {
            "name": "snow5",
            "parent": "hanbang2",
            "x": 91.52,
            "y": -2.94,
            "scaleX": 0.711,
            "scaleY": 0.711
          },
          {
            "name": "snow6",
            "parent": "hanbang2",
            "x": -142.09,
            "y": 13.99
          },
          {
            "name": "snow_hanbang",
            "parent": "hanbang",
            "x": -0.22,
            "y": -40.68
          },
          {
            "name": "text_hanbang",
            "parent": "hanbang",
            "x": -0.22,
            "y": 48.64
          }
        ],
        "slots": [
          {
            "name": "snow",
            "bone": "snow",
            "attachment": "snow"
          },
          {
            "name": "snow6",
            "bone": "snow6",
            "attachment": "snow"
          },
          {
            "name": "snow5",
            "bone": "snow5",
            "attachment": "snow"
          },
          {
            "name": "snow4",
            "bone": "snow4",
            "attachment": "snow"
          },
          {
            "name": "snow3",
            "bone": "snow3",
            "attachment": "snow"
          },
          {
            "name": "snow2",
            "bone": "snow2",
            "attachment": "snow"
          },
          {
            "name": "snow_hanbang",
            "bone": "snow_hanbang",
            "attachment": "snow_hanbang"
          },
          {
            "name": "text_hanbang",
            "bone": "text_hanbang",
            "attachment": "text_hanbang"
          }
        ],
        "skins": {
          "default": {
            "snow": {
              "snow": {
                "x": 0.6,
                "y": 1.2,
                "width": 72,
                "height": 77
              }
            },
            "snow2": {
              "snow": {
                "x": 0.6,
                "y": 1.2,
                "width": 72,
                "height": 77
              }
            },
            "snow3": {
              "snow": {
                "x": 0.6,
                "y": 1.2,
                "width": 72,
                "height": 77
              }
            },
            "snow4": {
              "snow": {
                "x": 0.6,
                "y": 1.2,
                "width": 72,
                "height": 77
              }
            },
            "snow5": {
              "snow": {
                "x": 0.6,
                "y": 1.2,
                "width": 72,
                "height": 77
              }
            },
            "snow6": {
              "snow": {
                "x": 0.6,
                "y": 1.2,
                "width": 72,
                "height": 77
              }
            },
            "snow_hanbang": {
              "snow_hanbang": {
                "x": -0.89,
                "y": 39.21,
                "width": 497,
                "height": 282
              }
            },
            "text_hanbang": {
              "text_hanbang": {
                "x": -0.28,
                "y": -46.08,
                "width": 431,
                "height": 163
              }
            }
          }
        },
        "animations": {
          "animation": {
            "slots": {
              "snow": {
                "color": [
                  {
                    "time": 0,
                    "color": "ffffff00",
                    "curve": [
                      0.25,
                      0,
                      0.75,
                      1
                    ]
                  },
                  {
                    "time": 0.0667,
                    "color": "ffffffff",
                    "curve": "stepped"
                  },
                  {
                    "time": 0.2333,
                    "color": "ffffffff",
                    "curve": [
                      0.25,
                      0,
                      0.75,
                      1
                    ]
                  },
                  {
                    "time": 0.3,
                    "color": "ffffff00"
                  }
                ]
              },
              "snow2": {
                "color": [
                  {
                    "time": 0,
                    "color": "ffffff00",
                    "curve": "stepped"
                  },
                  {
                    "time": 0.0667,
                    "color": "ffffff00",
                    "curve": [
                      0.25,
                      0,
                      0.75,
                      1
                    ]
                  },
                  {
                    "time": 0.1333,
                    "color": "ffffffff",
                    "curve": "stepped"
                  },
                  {
                    "time": 0.3,
                    "color": "ffffffff",
                    "curve": [
                      0.25,
                      0,
                      0.625,
                      0.5
                    ]
                  },
                  {
                    "time": 0.3333,
                    "color": "ffffff00"
                  }
                ]
              },
              "snow3": {
                "color": [
                  {
                    "time": 0,
                    "color": "ffffff00",
                    "curve": "stepped"
                  },
                  {
                    "time": 0.0667,
                    "color": "ffffff00",
                    "curve": [
                      0.25,
                      0,
                      0.75,
                      1
                    ]
                  },
                  {
                    "time": 0.1333,
                    "color": "ffffffff",
                    "curve": "stepped"
                  },
                  {
                    "time": 0.3,
                    "color": "ffffffff",
                    "curve": [
                      0.25,
                      0,
                      0.625,
                      0.5
                    ]
                  },
                  {
                    "time": 0.3333,
                    "color": "ffffff00"
                  }
                ]
              },
              "snow4": {
                "color": [
                  {
                    "time": 0,
                    "color": "ffffff00",
                    "curve": [
                      0.375,
                      0.62,
                      0.716,
                      1
                    ]
                  },
                  {
                    "time": 0.0333,
                    "color": "ffffffff",
                    "curve": [
                      0.25,
                      0,
                      0.75,
                      1
                    ]
                  },
                  {
                    "time": 0.1,
                    "color": "ffffff00",
                    "curve": "stepped"
                  },
                  {
                    "time": 0.1333,
                    "color": "ffffff00",
                    "curve": [
                      0.25,
                      0,
                      0.75,
                      1
                    ]
                  },
                  {
                    "time": 0.2,
                    "color": "ffffffff",
                    "curve": [
                      0.243,
                      0,
                      0.68,
                      0.71
                    ]
                  },
                  {
                    "time": 0.3333,
                    "color": "ffffff00"
                  }
                ]
              },
              "snow5": {
                "color": [
                  {
                    "time": 0,
                    "color": "ffffff00",
                    "curve": [
                      0.375,
                      0.5,
                      0.75,
                      1
                    ]
                  },
                  {
                    "time": 0.0333,
                    "color": "ffffffff",
                    "curve": "stepped"
                  },
                  {
                    "time": 0.2,
                    "color": "ffffffff",
                    "curve": [
                      0.25,
                      0,
                      0.75,
                      1
                    ]
                  },
                  {
                    "time": 0.2667,
                    "color": "ffffff00"
                  }
                ]
              },
              "snow6": {
                "color": [
                  {
                    "time": 0,
                    "color": "ffffff00",
                    "curve": "stepped"
                  },
                  {
                    "time": 0.1,
                    "color": "ffffff00",
                    "curve": [
                      0.25,
                      0,
                      0.75,
                      1
                    ]
                  },
                  {
                    "time": 0.1667,
                    "color": "ffffffff",
                    "curve": [
                      0.25,
                      0,
                      0.75,
                      1
                    ]
                  },
                  {
                    "time": 0.3333,
                    "color": "ffffff00"
                  }
                ]
              },
              "snow_hanbang": {
                "color": [
                  {
                    "time": 0,
                    "color": "ffffff00",
                    "curve": [
                      0.25,
                      0,
                      0.75,
                      1
                    ]
                  },
                  {
                    "time": 0.1333,
                    "color": "ffffffff",
                    "curve": [
                      0.25,
                      0,
                      0.75,
                      1
                    ]
                  },
                  {
                    "time": 1.3333,
                    "color": "ffffff00"
                  }
                ]
              },
              "text_hanbang": {
                "color": [
                  {
                    "time": 0,
                    "color": "ffffff00"
                  },
                  {
                    "time": 0.0667,
                    "color": "ffffffff",
                    "curve": "stepped"
                  },
                  {
                    "time": 0.6667,
                    "color": "ffffffff",
                    "curve": [
                      0.25,
                      0,
                      0.75,
                      1
                    ]
                  },
                  {
                    "time": 1.3333,
                    "color": "ffffff00"
                  }
                ]
              }
            },
            "bones": {
              "snow": {
                "translate": [
                  {
                    "time": 0,
                    "x": 0,
                    "y": 0,
                    "curve": [
                      0.25,
                      0,
                      0.75,
                      1
                    ]
                  },
                  {
                    "time": 0.3,
                    "x": 103.27,
                    "y": 99.88,
                    "curve": [
                      0.25,
                      0,
                      0.75,
                      1
                    ]
                  },
                  {
                    "time": 0.3333,
                    "x": 0,
                    "y": 0
                  }
                ],
                "scale": [
                  {
                    "time": 0,
                    "x": 0,
                    "y": 0,
                    "curve": [
                      0.25,
                      0,
                      0.75,
                      1
                    ]
                  },
                  {
                    "time": 0.3,
                    "x": 1,
                    "y": 1,
                    "curve": [
                      0.25,
                      0,
                      0.75,
                      1
                    ]
                  },
                  {
                    "time": 0.3333,
                    "x": 0,
                    "y": 0
                  }
                ]
              },
              "snow2": {
                "translate": [
                  {
                    "time": 0,
                    "x": -95.57,
                    "y": 55.64,
                    "curve": [
                      0.362,
                      0.64,
                      0.698,
                      1
                    ]
                  },
                  {
                    "time": 0.0333,
                    "x": -100.76,
                    "y": 58.66,
                    "curve": [
                      0.25,
                      0,
                      0.75,
                      1
                    ]
                  },
                  {
                    "time": 0.0667,
                    "x": 0,
                    "y": 0,
                    "curve": [
                      0.245,
                      0,
                      0.707,
                      0.82
                    ]
                  },
                  {
                    "time": 0.3333,
                    "x": -95.57,
                    "y": 55.64
                  }
                ],
                "scale": [
                  {
                    "time": 0,
                    "x": 0.948,
                    "y": 0.948,
                    "curve": [
                      0.362,
                      0.64,
                      0.698,
                      1
                    ]
                  },
                  {
                    "time": 0.0333,
                    "x": 1,
                    "y": 1,
                    "curve": [
                      0.25,
                      0,
                      0.75,
                      1
                    ]
                  },
                  {
                    "time": 0.0667,
                    "x": 0,
                    "y": 0,
                    "curve": [
                      0.245,
                      0,
                      0.707,
                      0.82
                    ]
                  },
                  {
                    "time": 0.3333,
                    "x": 0.948,
                    "y": 0.948
                  }
                ]
              },
              "snow3": {
                "translate": [
                  {
                    "time": 0,
                    "x": 96.65,
                    "y": -11.48,
                    "curve": [
                      0.362,
                      0.64,
                      0.698,
                      1
                    ]
                  },
                  {
                    "time": 0.0333,
                    "x": 101.9,
                    "y": -12.1,
                    "curve": [
                      0.25,
                      0,
                      0.75,
                      1
                    ]
                  },
                  {
                    "time": 0.0667,
                    "x": 0,
                    "y": 0,
                    "curve": [
                      0.245,
                      0,
                      0.707,
                      0.82
                    ]
                  },
                  {
                    "time": 0.3333,
                    "x": 96.65,
                    "y": -11.48
                  }
                ],
                "scale": [
                  {
                    "time": 0,
                    "x": 0.948,
                    "y": 0.948,
                    "curve": [
                      0.362,
                      0.64,
                      0.698,
                      1
                    ]
                  },
                  {
                    "time": 0.0333,
                    "x": 1,
                    "y": 1,
                    "curve": [
                      0.25,
                      0,
                      0.75,
                      1
                    ]
                  },
                  {
                    "time": 0.0667,
                    "x": 0,
                    "y": 0,
                    "curve": [
                      0.245,
                      0,
                      0.707,
                      0.82
                    ]
                  },
                  {
                    "time": 0.3333,
                    "x": 0.948,
                    "y": 0.948
                  }
                ]
              },
              "snow4": {
                "translate": [
                  {
                    "time": 0,
                    "x": -10.66,
                    "y": -75.09,
                    "curve": [
                      0.382,
                      0.57,
                      0.735,
                      1
                    ]
                  },
                  {
                    "time": 0.1,
                    "x": -14.89,
                    "y": -104.85,
                    "curve": [
                      0.25,
                      0,
                      0.75,
                      1
                    ]
                  },
                  {
                    "time": 0.1333,
                    "x": 0,
                    "y": 0,
                    "curve": [
                      0.243,
                      0,
                      0.649,
                      0.6
                    ]
                  },
                  {
                    "time": 0.3333,
                    "x": -10.66,
                    "y": -75.09
                  }
                ],
                "scale": [
                  {
                    "time": 0,
                    "x": 0.716,
                    "y": 0.716,
                    "curve": [
                      0.382,
                      0.57,
                      0.735,
                      1
                    ]
                  },
                  {
                    "time": 0.1,
                    "x": 1,
                    "y": 1,
                    "curve": [
                      0.25,
                      0,
                      0.75,
                      1
                    ]
                  },
                  {
                    "time": 0.1333,
                    "x": 0,
                    "y": 0,
                    "curve": [
                      0.243,
                      0,
                      0.649,
                      0.6
                    ]
                  },
                  {
                    "time": 0.3333,
                    "x": 0.716,
                    "y": 0.716
                  }
                ]
              },
              "snow5": {
                "translate": [
                  {
                    "time": 0,
                    "x": 4.01,
                    "y": 3.94,
                    "curve": [
                      0.293,
                      0.18,
                      0.755,
                      1
                    ]
                  },
                  {
                    "time": 0.2667,
                    "x": 77.86,
                    "y": 76.52,
                    "curve": [
                      0.25,
                      0,
                      0.75,
                      1
                    ]
                  },
                  {
                    "time": 0.3,
                    "x": 0,
                    "y": 0,
                    "curve": [
                      0.302,
                      0,
                      0.638,
                      0.36
                    ]
                  },
                  {
                    "time": 0.3333,
                    "x": 4.01,
                    "y": 3.94
                  }
                ],
                "scale": [
                  {
                    "time": 0,
                    "x": 0.052,
                    "y": 0.052,
                    "curve": [
                      0.293,
                      0.18,
                      0.755,
                      1
                    ]
                  },
                  {
                    "time": 0.2667,
                    "x": 1,
                    "y": 1,
                    "curve": [
                      0.25,
                      0,
                      0.75,
                      1
                    ]
                  },
                  {
                    "time": 0.3,
                    "x": 0,
                    "y": 0,
                    "curve": [
                      0.302,
                      0,
                      0.638,
                      0.36
                    ]
                  },
                  {
                    "time": 0.3333,
                    "x": 0.052,
                    "y": 0.052
                  }
                ]
              },
              "snow6": {
                "translate": [
                  {
                    "time": 0,
                    "x": -105.88,
                    "y": -2.17,
                    "curve": [
                      0.377,
                      0.61,
                      0.72,
                      1
                    ]
                  },
                  {
                    "time": 0.0667,
                    "x": -125.2,
                    "y": -2.56,
                    "curve": [
                      0.25,
                      0,
                      0.75,
                      1
                    ]
                  },
                  {
                    "time": 0.1,
                    "x": 0,
                    "y": 0,
                    "curve": [
                      0.243,
                      0,
                      0.674,
                      0.69
                    ]
                  },
                  {
                    "time": 0.3333,
                    "x": -105.88,
                    "y": -2.17
                  }
                ],
                "scale": [
                  {
                    "time": 0,
                    "x": 0.846,
                    "y": 0.846,
                    "curve": [
                      0.377,
                      0.61,
                      0.72,
                      1
                    ]
                  },
                  {
                    "time": 0.0667,
                    "x": 1,
                    "y": 1,
                    "curve": [
                      0.25,
                      0,
                      0.75,
                      1
                    ]
                  },
                  {
                    "time": 0.1,
                    "x": 0,
                    "y": 0,
                    "curve": [
                      0.243,
                      0,
                      0.674,
                      0.69
                    ]
                  },
                  {
                    "time": 0.3333,
                    "x": 0.846,
                    "y": 0.846
                  }
                ]
              },
              "text_hanbang": {
                "translate": [
                  {
                    "time": 0,
                    "x": 0,
                    "y": -109.05,
                    "curve": [
                      0.25,
                      0,
                      0.75,
                      1
                    ]
                  },
                  {
                    "time": 0.1667,
                    "x": 0,
                    "y": 0
                  }
                ],
                "scale": [
                  {
                    "time": 0,
                    "x": 1.5,
                    "y": 1.5,
                    "curve": "stepped"
                  },
                  {
                    "time": 0.0667,
                    "x": 1.5,
                    "y": 1.5,
                    "curve": [
                      0.363,
                      0.44,
                      0.755,
                      1
                    ]
                  },
                  {
                    "time": 0.1667,
                    "x": 0.8,
                    "y": 0.8,
                    "curve": [
                      0.25,
                      0,
                      0.75,
                      1
                    ]
                  },
                  {
                    "time": 0.3,
                    "x": 1,
                    "y": 1
                  }
                ]
              },
              "snow_hanbang": {
                "translate": [
                  {
                    "time": 0,
                    "x": 0,
                    "y": 23.41,
                    "curve": [
                      0.25,
                      0,
                      0.75,
                      1
                    ]
                  },
                  {
                    "time": 0.1333,
                    "x": 0,
                    "y": 0
                  }
                ],
                "scale": [
                  {
                    "time": 0,
                    "x": 0.5,
                    "y": 0.5,
                    "curve": "stepped"
                  },
                  {
                    "time": 0.1333,
                    "x": 0.5,
                    "y": 0.5,
                    "curve": [
                      0.26,
                      0,
                      0.618,
                      0.44
                    ]
                  },
                  {
                    "time": 0.2333,
                    "x": 1.1,
                    "y": 1.1,
                    "curve": [
                      0.359,
                      0.43,
                      0.756,
                      1
                    ]
                  },
                  {
                    "time": 1.3333,
                    "x": 1,
                    "y": 1
                  }
                ]
              }
            }
          }
        }
      },
      [
        0
      ]
    ]
  ],
  0,
  0,
  [
    0
  ],
  [
    -1
  ],
  [
    0
  ]
]