{"paths":{"0":["Atlas/SoiCau",0],"1":["Spine/XiNgau/xingauA2",0],"2":["Sound/sfx_normal_btn.mp3",6],"3":["Atlas/4677a381-2650-4f32-a4f1-4836128ffa92.66d2b_17",0],"4":["Atlas/btn_dan",0],"5":["Spine/TxMini/Tai_Effect_Mini_Lobby",8],"6":["Font/Timer/BigWin-export",0],"7":["Atlas/Btn_Close_pressed",0],"8":["Atlas/icNext",0],"9":["Atlas/4677a381-2650-4f32-a4f1-4836128ffa92.66d2b_31",0],"10":["Atlas/HuongDan",0],"11":["Atlas/Alats1",0],"12":["Font/FontBetTaiXiu-export",0],"13":["Spine/TaiXiu/TXspine2",0],"14":["Font/font_goldPick",0],"15":["Atlas/Alats7_65",0],"16":["Font/FontNumber-export",0],"17":["Spine/Rank/Rank1_Mini",0],"18":["Atlas/Lớp 1 (4)",0],"19":["Atlas/Alats7_41",0],"20":["Spine/Effect/effect",8],"21":["Atlas/Lớp 1 (5)",0],"22":["Sound/ketqua.mp3",6],"23":["Atlas/Rank3",0],"24":["Atlas/Frame_MiniGold",0],"25":["Atlas/btContent",0],"26":["Spine/TaiXiu/TXspine2",8],"27":["Spine/Effect/effect",0],"28":["Font/fontTienCuoc-export",0],"29":["Sound/lacxiNgau.mp3",6],"30":["Spine/XiNgau/xingauA2",8],"31":["Atlas/4677a381-2650-4f32-a4f1-4836128ffa92.66d2b_34",0],"32":["Atlas/bgSoiCau",0],"33":["Atlas/bgPopup",0],"34":["Atlas/Alats5",0],"35":["Spine/Rank/Rank1_Mini",8],"36":["Atlas/Alats7_40",0],"37":["Spine/Title/title_tx",0],"38":["Font/Font-export",0],"39":["Atlas/bgPopup",1,1],"40":["Font/FontNumber-export",4],"41":["Spine/Title/title_tx",1,1],"42":["Atlas/4677a381-2650-4f32-a4f1-4836128ffa92.66d2b_34",1,1],"43":["Spine/Title/title_tx",7],"44":["Spine/TxMini/Tai_Effect_Mini_Lobby",7],"45":["Prefabs/SoiCau",5],"46":["Spine/Title/title_tx.atlas",9],"47":["Font/font_goldPick",1,1],"48":["Atlas/Alats7_41",1,1],"49":["Atlas/btContent",1,1],"50":["Spine/Effect/effect",7],"51":["Font/FontNumber-export",1,1],"52":["Atlas/SoiCau",1,1],"53":["Font/fontTienCuoc-export",1,1],"54":["Atlas/Btn_Close_pressed",1,1],"55":["TaiXiu",5],"56":["Font/FontBetTaiXiu-export",1,1],"57":["Prefabs/LichSuCuoc",5],"58":["Spine/Effect/effect",1,1],"59":["Atlas/4677a381-2650-4f32-a4f1-4836128ffa92.66d2b_17",1,1],"60":["Atlas/Lớp 1 (5)",1,1],"61":["Atlas/Alats1",2],"62":["Spine/XiNgau/xingauA2",1,1],"63":["Atlas/Alats7_40",1,1],"65":["Spine/TaiXiu/TXspine2",7],"66":["Spine/Rank/Rank1_Mini",1,1],"67":["Font/Timer/BigWin-export",1,1],"68":["Font/FontBetTaiXiu-export",4],"69":["Atlas/4677a381-2650-4f32-a4f1-4836128ffa92.66d2b_31",1,1],"70":["Font/Timer/BigWin-export",4],"71":["Font/font_goldPick",4],"72":["Spine/XiNgau/xingauA2",7],"73":["Atlas/Alats7_65",1,1],"74":["Font/fontTienCuoc-export",4],"75":["Atlas/Lớp 1 (4)",1,1],"76":["Prefabs/ChiTietPhien",5],"77":["Atlas/Frame_MiniGold",1,1],"78":["EffectDongBat",3],"79":["Spine/TxMini/Tai_Effect_Mini_Lobby",1,1],"80":["Atlas/btn_dan",1,1],"81":["Font/Font-export",4],"82":["Atlas/icNext",1,1],"83":["Atlas/Rank3",1,1],"84":["Spine/TxMini/Tai_Effect_Mini_Lobby",0],"85":["Atlas/HuongDan",1,1],"86":["Atlas/Alats5",2],"87":["Prefabs/TopTaiXiu",5],"88":["Spine/Rank/Rank1_Mini",7],"89":["Atlas/bgSoiCau",1,1],"90":["Prefabs/HuongDan",5],"91":["Font/Font-export",1,1],"92":["Spine/TaiXiu/TXspine2",1,1]},"types":["cc.Texture2D","cc.SpriteFrame","cc.SpriteAtlas","cc.AnimationClip","cc.BitmapFont","cc.Prefab","cc.AudioClip","sp.SkeletonData","cc.Asset","cc.TextAsset"],"uuids":["01JTiKFKZDqZ6uyuV5y1G6","05IdnaMyVOjJdeaLo8ELmt","08dhtGPZ9C4ayR6XmhlHNm","0f6sB0d+pN9KdSa6/4QjVu","3cMClR0TNBMLMC8NCkTsFU","43/tBORA9JQJFFZ+5UM1iW","46zSxy5UZAM5vYUZxaAvAm","48c5eKVHVCrbguZGWLYO1z","4bOkfifsNGdKUN6wynVu3m","4d+I0u+oFG3oK5Cp/Tx3z3","51O4HMVB1ED5U7fsJ6aSpG","523NtPsN5GlrCgr5boOBfS","56nVJSR9hMbIwWuI3QwLXn","5aguzMiGtMQK94yHX9r55i","63GraTsPBMkpOrBSZGtUTs","70pNrG7AxIgaZOiK/tFHhp","7ejhLKuM5HIqDYyNWE+mcR","81hGbVhDVKcoohLP7cheaz","82R9UMcXJIxLnWKBF6Kd1V","8c8BqAtBBDsb5OmxbCgG08","8dZVuyerJK8Izy+POBt+sm","8fcV/YOhhGgZTc7GYpSgCD","95zJzi7N1MB45/6Zk8gFh6","99FpKKSDRNlIeYv8nZIC20","9bjBwExXhF6pNtng5rLkrz","9f93sUMsRJ4Krr2qGeJ5Ok","ad7pTesDFNmKp5gBuvOxo4","b1osAajiVO9bHb7+kXwYvE","b34bGfouJFjqRazfemBdyn","b4DlF11x1NP5ne9IJwCHTc","c8Yo46KIVBU7zw5I55WNaa","ceKNBEzqpH7KEWFbkZIy4B","d9J3Mea0FMHoE6mtozpgv5","dfvHrq/T9Knr8sBsC4TVTt","e6mWAY101MfJqqX0TU05vb","f4tD3cvVRKxoiPWcPvsBE3","f67LgBpYJAWLh9h6e58aKV","fb1DlNh0lG0rGk/1NL+ag4","ff8X+5reZMSKdyGjT+oCsR","02cJcxcaVMbIKO0vvc5Eou","04rzlpPP9CJ6UOkOxo+JG/","05afkmXIpBepawKTkK2Af/","06hk0NpEBDUL/eih0Mr1C2","08HCTVpflBfJXPQN80FVZm","0duMWvXDNJSrJzPnTTp57W","0eISb9O9BCnLuBYBHYJCNR","11T1ARc3hA9ZFwGa+K5SMx","1a5zqDECRHHL5KjDsLl6Tp","25v52UqmVLJpUg8DRucWg2","28rNIufhJMaanTCESkzdIh","3dI4msIp5FJoLBNK+c4+d/","3elwKNqy5EQ42cse7GoWrD","42ff1SYDVFY5IGqr+IBTd7","4eLLqq5ZNDpLj/ZbAzd6c9","4eyPNrnRxA2KSxbuAXGfV2","5071g5d71IhaLHTfuH4F0D","54oojH8mVIxJrSXd03Wa40","563Ujc/AhJsLnfiWYRvILU","57VQDdBVhHXaZe9481E7OY","5cnjIF9MhBEbeemf8Bx5lj","5ctaYgI2ZJf6IIDMyMrY4a","62SZwiLsVAeLcTkgHLO8m5","62rGr5n1ZCR7ksx05bO6s7","6eDvSNdLtN/bsCBMZuCtfv","7b4JiIc8lO/ptvTrz9PgmH","7e9GpXYjpNzpy5LLEf0dkH","7fnUPX3aRGBLlN4nJ8d6+n","80ZH6H9UtOLrHqh6p/q7Lj","84YIcqgYFO8oiYPR/TQGuh","8bZLl1cvRDKJ2aDNVNKT3/","8fyMm+hH9D15CIhtb8bd+H","9eJNRIYQlHAZhNX2+jiEWl","a1wZyOpH5DpLVZq6VB6dez","a69uPVtx5EfKdfpeW/IUao","ad7Od+rjdME61MF9+t1Y9t","afRU8EYHtKZav7RBNrUKr7","b13YLneDtGEIxSZ/sOasO2","b9UGkmRvtOK5lPw7H0sND/","bcJ3HohjVOsY8a/KFJKQAw","c1W9daFhdH7IGb8Nb29HvL","c2MOPkpeFMArsYcupyxYDK","c4t67ihSlPXpkMJEXEXlF+","c6K2tvL59JA4+8Y8//B7Sx","d7FJaLcBJN0LS8pUgyhcaS","ddOC7nWZdH5KOg6AeHq0Yt","e2lZc9hWpM+ZqkVh8nkzIY","e78DXIwsBM6IhCVM0iqJL6","e9/u8wdmlK76VGPtUEX256","eaj8VpXT5MJ5Vp/uANoEgG","eau8jE6FZG6JTy3+Xpx6Il","f7D5PAETpNELw4nUXBLgvI","fdP2deElZLTaoTaB/Gpicf","fdP9iwQARCGKvDjjlRAndK","005QLF15RD5pcl88Pu8Xla","0188ohO95BNKPYgOVi5j4m","02p71hjyZOj5dHWFcqd6ON","03NKcPm2tEhaYDN58zej/t","03Q3tNgfhACKLEG0H4XIGv","03bXhy67JNLKYkiZO9yxVH","0dbPS8E+JME6yTOij9Xuok","10F0X5l3RDQ4j0T+af8UFb","12Nwa4HwZJ6L891qzJ9Ym4","15B0ZYbpBIBrrgCUrRq8Ie","16ywTzbyBGfooKz+MOwW88","1aeiHroHhGtoa/vb4FxjvM","1dp5Q2+ZhChI0uvOk8FgOy","1eBkxcx91MQrwC3R8hExVJ","1eozcuIhRIZKowBqn0LMvF","1fEWzak7hIzbvyQocMDIJL","1f/nwMG3dISrGGAO+LS4db","201tliTnRONZdOtvbUZKU7","21TbluqPtMO6KsStYnMOgL","2295hbdW1A77Sc8eSsHBWl","24rpmptttB4pVq7aMq9w28","28bzmSRihJh5KcWx3huFpr","29FYIk+N1GYaeWH/q1NxQO","2bcDhnVHpFH5RhLSNrxUIy","2bm8tm6VlJRolvbqaFuWqZ","2ctDGLFuBBh61aIPa7skWj","2fTSi7pI1LQJXXeSBK/55f","31SCon0TlEPpiAVQjGjAmN","31dcCKpX9LT5Cl2CFT7yXg","33IscwLB9N1Zs+pSPybwCn","35RziGCCRMXb5WMhej0zSN","35pVbHcBNOD7s69KP+25NB","36J1x9ENRNtrlHcPunuSDy","37mJ8QGU1ErIvG5/tldsvl","38FuldS2JJdbGE9dZzdlKB","39/s5LdFxLg4RAnkrPXCcG","3fheTGljRNyaThMQvL+TRb","3fiiCYXm9DJqP7tiOUQOWT","40cu+dG6VI7Yk71Padiqx+","42GdTzOJFAUKjf08sI4SI8","43W2ouU2lDzKFZuCguBHDh","4aIoppd19HwadZBalqLHXF","4aoeWaCJNL7rz9QDPWmfkZ","4cxxTFEn1Le6X6Cea+6ZJC","4enT3cV4RKQ5t3foVKaWIe","4fA8jYETdMTIstKPx2K8iq","502DE1wABPiY0qFvkR8r6B","56dFoLn8lLuaoMP3W/av4F","5bKD3eM1xMP7vjNj81i51U","5c5ejMja5CYrTIRoWF9hPY","5fxunlgP1LDqB1kMtpkNpA","5f9Gpe5B5N1I7IMVWHyv0u","61LuK9IFhFkJ7YgdyRkq5T","62oihGGvhFTbLpN2+4Pnzl","65ghTteqpOnJhufja79vHQ","67r+9CoaJJuKXSvlTpBUGE","68SqySrFxAKI3N4ED24tPe","69DUoOCRtP2rzPU0KUdlqk","6bmScTYOtKUZwcyBrDrCJc","6cfBOKrqpJubYJO+ZcqCT/","6dSOY144pFyKBZWBgvp2QC","6d0p7X8ZtLhJWXQQP64Nxx","6e9BNhT3JPt7Di2QrvA70M","75rjmPUeNDvK+F+W5PHQ5z","76Oo+hdZBIC58PkmtS6Hpa","76rygIn3lLkq4+jWqLaeYd","77TBUMf5xB+ZHrvQozQeNC","7atnkm+vtBk6Mvv8DBz46m","7a/QZLET9IDreTiBfRn2PD","7cD7KorhxCtKIwdkn+IcyH","7dNGBoCglJhJGo3HvpHAM/","8226M2txVK2q8fGtLbQbGh","85IuKwE9VCRIeq6Ch7MbHg","85lphmE95Etb0Sr0M95/XV","8c8H45RQFPLKV96GSGULVR","8dYATFJDtKgY3SIFAuBC9e","8ezVMkv1hC169YSn96CO8d","8fk0Q9kopNr6gT11r4cl5e","90e2zjPjNE+I8+hXUVBcL7","94WFO0GS9AlZ2Zh9oWTFsZ","9bLY+KWoRMA6c5KRE8iIiT","9cTX5+wG5FN4w8O7ShPkma","9ccBeucbhC8Z9WTIJQDsi1","9dc9LsAfFKMbVUoo8A2SKb","9fHJR8erdNJoTKsiJFm2AX","9fwRvcI6dEVpnVXpLY2IDX","a1U5RdJRFMFL57BdJC9H1X","a2MjXRFdtLlYQ5ouAFv/+R","a2QSUR2C1AJ5wxbw+JB69r","a9AZoD5t5EOZiGZWu5LR0k","abGEQ+vwVF6aHcMyTYrps3","abJz3TwGRFm7fxAspq17St","aeq4T1YX5K2a+lPSTNjGZD","b2cEAboalBnrVk0Q9OIMgy","b4WrOnVstE97Z1NgnJrzRu","b4rHlT2oRCkZ7toe2QXkaC","b9eIn/w59GXq7d+YomQVCa","baT6iBf3FFV6te8eyr9gyS","bac75Y1AdKqrDQjFUUC4Q6","c0SMPrZ0tHRYfLuC2OKKU3","c0vAuZaIZM8YNqbhX6kFOd","c2ANzz6v5DWoGlY4s8I49Q","c5+/Mb/G5Fs4ImEx4QOc6r","c9VupEoCxGbIrIXOJwwOth","c9bfir8TZBqoRTrOX1Sln1","d1YsKrurxJGofTe/LN/roL","d4PXJesfBL77oi+DVdvLiO","d5qOSBd0RDT5y2bedxl2WJ","d7Df1GTbxNU5HJ0PttD+cI","d7R0puk49A/ZlpR6yyaq4E","dd/x8Wk5pFdI29Rqx0Seh1","dfGR6vJaVIS5jOBKv/7bIG","dfb738Wj9HO7xb/eaNiVUP","e1M4dVdwNOCqD69gLCBDJ5","e2BA4BjChCBrTfrVqcVf51","e6s0SGNWhMM799vyVy1AUc","e7K9v66/xEOZvanD9KdzQ5","e7m9kgGwdFAJmBakztHsYT","e97GVMl6JHh5Ml5qEDdSGa","eakobOO3NFR5AVZzznKcJl","ecCTW49kJJYZX+93y4H/Sv","ecpdLyjvZBwrvm+cedCcQy","eezTelHGhArY6y7eukmF5+","ef0ceXsOdAYJRDxGqKjT3r","f0BIwQ8D5Ml7nTNQbh1YlS","f1FH1t+oFJn4adhITXYG4L","f1G680BXNMDoOlXJXZVWom","f10Qptu/NJsZZBtHIG2cKD","f161Wz/O9BkK0D+jG/3FQa","f5Z0lGf6BDPZqQXgKXWe8B","fdQHGJqVhD7LgHY8U7K4UV","feY6KKOvRJC7q+pdByVUhS","ffnyd/o/VOE4MWA+Ub/XIC"],"scenes":{},"redirect":[44,0,115,1,122,1,139,1,157,1,158,1,160,1,161,2,179,2,180,1,184,1,192,1,196,1,199,1,84,0,206,1,211,1,213,1,214,2,217,1],"deps":["main","resources","internal"],"packs":{"0160e8c95":[146,147,172,185,193,198,200,86,218,222],"018b37100":[81,91],"02f474839":[99,126],"039042250":[45,89],"040885cb7":[101,102,113,116,119,121,127,128,129,131,132,134,141,142,152,168,170,174,176,183,197,204,215,216,219,225],"05ca653ea":[53,74],"073e4cd38":[135,162,186],"09d482454":[67,70],"09e340349":[2,112,55,22,73,29,78,205],"0aee328e1":[39,54],"0bab06ee2":[56,68],"0c00c69c1":[47,71],"0d22a6b24":[93,94,97,98,100,104,105,107,109,118,120,123,124,125,133,136,138,140,143,144,145,61,148,150,153,155,163,164,165,167,173,175,178,194,195,201,203,208,212,221,223],"0e17a04c1":[95,96,103,106,108,110,111,114,117,130,137,149,154,156,159,166,169,171,177,181,182,187,188,189,190,191,202,207,209,210,220,224],"0eb69b400":[40,51],"0f4389b9e":[0,1,3,4,6,7,8,9,10,11,12,13,14,15,64,16,17,18,19,21,23,24,25,27,28,31,32,33,34,36,37,38],"0f5432881":[83,87],"0f56266dd":[85,90],"0fbb5c8e9":[42,60,76,77]},"name":"36","importBase":"import","nativeBase":"native","debug":false,"isZip":false,"encrypted":false,"versions":{"import":["0160e8c95","149c3","018b37100","c1050","02f474839","adf5c","039042250","3ca31","040885cb7","f21d9",41,"31c75","05ca653ea","dea11","073e4cd38","d8da8",43,"3bd07","09d482454","189ef","09e340349","0f5af","0aee328e1","56be7","0bab06ee2","4cd0a","0c00c69c1","ad06c","0d22a6b24","eced2","0e17a04c1","34476","0eb69b400","b88ea","0f4389b9e","bd7a4","0f5432881","98185","0f56266dd","b3292","0fbb5c8e9","107b5",46,"fdeeb",48,"016ba",49,"4c0c8",50,"bb2e9",52,"ce9f9",5,"279bd",57,"e28ba",58,"c7a93",59,"a8f0e",62,"ec195",151,"b8ab7",63,"30519",65,"ee961",66,"3997c",69,"69185",20,"8d6d7",72,"0848e",26,"daa2f",75,"082b2",79,"f17b5",80,"10d1c",82,"8c242",30,"81bb8",88,"f859d",35,"4d6c2",92,"eb3df"],"native":[0,"86afd",1,"ead9b",2,"94f70",3,"05b72",4,"bca8a",5,"f965d",6,"5bb49",7,"d8580",8,"48b1f",9,"13795",10,"486e0",11,"dace9",12,"bb2ee",13,"da17d",14,"b1424",15,"f1edb",64,"ead9d",16,"1288e",17,"3e491",18,"6f0e9",19,"0fd0d",20,"fb694",21,"faaca",22,"b1b77",23,"b62ed",24,"aca74",25,"913b9",26,"0ae44",27,"90faf",28,"4852e",29,"1c162",30,"f56fe",31,"7edcc",32,"efd2c",33,"ce2c0",34,"37583",35,"ef31b",36,"36aed",37,"80709",38,"257c4"]}}