{"paths":{"0":["Atlas/4677a381-2650-4f32-a4f1-4836128ffa92.66d2b_17",0],"1":["Atlas/4677a381-2650-4f32-a4f1-4836128ffa92.66d2b_31",0],"2":["Atlas/4677a381-2650-4f32-a4f1-4836128ffa92.66d2b_34",0],"3":["Atlas/Alats1",0],"4":["Atlas/Alats5",0],"5":["Atlas/Alats7_40",0],"6":["Atlas/Alats7_41",0],"7":["Atlas/Alats7_65",0],"8":["Atlas/bgPopup",0],"9":["Atlas/bgSoiCau",0],"10":["Atlas/btContent",0],"11":["Atlas/Btn_Close_pressed",0],"12":["Atlas/btn_dan",0],"13":["Atlas/Frame_MiniGold",0],"14":["Atlas/HuongDan",0],"15":["Atlas/icNext",0],"16":["Atlas/Lớp 1 (4)",0],"17":["Atlas/Lớp 1 (5)",0],"18":["Atlas/Rank3",0],"19":["Atlas/SoiCau",0],"20":["Font/font_goldPick",0],"21":["Font/Font-export",0],"22":["Font/FontBetTaiXiu-export",0],"23":["Font/FontNumber-export",0],"24":["Font/fontTienCuoc-export",0],"25":["Font/Timer/BigWin-export",0],"26":["Sound/ketqua.mp3",6],"27":["Sound/lacxiNgau.mp3",6],"28":["Sound/sfx_normal_btn.mp3",6],"29":["Spine/Effect/effect",7],"30":["Spine/Effect/effect",0],"31":["Spine/Rank/Rank1_Mini",7],"32":["Spine/Rank/Rank1_Mini",0],"33":["Spine/TaiXiu/TXspine2",7],"34":["Spine/TaiXiu/TXspine2",0],"35":["Spine/Title/title_tx",0],"36":["Spine/TxMini/Tai_Effect_Mini_Lobby",7],"37":["Spine/XiNgau/xingauA2",7],"38":["Spine/XiNgau/xingauA2",0],"39":["Atlas/4677a381-2650-4f32-a4f1-4836128ffa92.66d2b_17",1,1],"40":["Atlas/4677a381-2650-4f32-a4f1-4836128ffa92.66d2b_31",1,1],"41":["Atlas/4677a381-2650-4f32-a4f1-4836128ffa92.66d2b_34",1,1],"42":["Atlas/Alats1",2],"43":["Atlas/Alats5",2],"44":["Atlas/Alats7_40",1,1],"45":["Atlas/Alats7_41",1,1],"46":["Atlas/Alats7_65",1,1],"47":["Atlas/bgPopup",1,1],"48":["Atlas/bgSoiCau",1,1],"49":["Atlas/btContent",1,1],"50":["Atlas/Btn_Close_pressed",1,1],"51":["Atlas/btn_dan",1,1],"52":["Atlas/Frame_MiniGold",1,1],"53":["Atlas/HuongDan",1,1],"54":["Atlas/icNext",1,1],"55":["Atlas/Lớp 1 (4)",1,1],"56":["Atlas/Lớp 1 (5)",1,1],"57":["Atlas/Rank3",1,1],"58":["Atlas/SoiCau",1,1],"59":["EffectDongBat",3],"60":["Font/font_goldPick",4],"61":["Font/font_goldPick",1,1],"62":["Font/Font-export",4],"63":["Font/Font-export",1,1],"64":["Font/FontBetTaiXiu-export",4],"65":["Font/FontBetTaiXiu-export",1,1],"66":["Font/FontNumber-export",4],"67":["Font/FontNumber-export",1,1],"68":["Font/fontTienCuoc-export",4],"69":["Font/fontTienCuoc-export",1,1],"70":["Font/Timer/BigWin-export",4],"71":["Font/Timer/BigWin-export",1,1],"72":["Prefabs/ChiTietPhien",5],"73":["Prefabs/HuongDan",5],"74":["Prefabs/LichSuCuoc",5],"75":["Prefabs/SoiCau",5],"76":["Prefabs/TopTaiXiu",5],"77":["Spine/Effect/effect",8],"78":["Spine/Effect/effect",1,1],"79":["Spine/Rank/Rank1_Mini",8],"80":["Spine/Rank/Rank1_Mini",1,1],"81":["Spine/TaiXiu/TXspine2",8],"82":["Spine/TaiXiu/TXspine2",1,1],"83":["Spine/Title/title_tx.atlas",9],"84":["Spine/Title/title_tx",8],"85":["Spine/Title/title_tx",1,1],"86":["Spine/TxMini/Tai_Effect_Mini_Lobby",8],"87":["Spine/TxMini/Tai_Effect_Mini_Lobby",0],"88":["Spine/TxMini/Tai_Effect_Mini_Lobby",1,1],"89":["Spine/XiNgau/xingauA2",8],"90":["Spine/XiNgau/xingauA2",1,1],"91":["TaiXiu",5]},"types":["cc.Texture2D","cc.SpriteFrame","cc.SpriteAtlas","cc.AnimationClip","cc.BitmapFont","cc.Prefab","cc.AudioClip","cc.Asset","sp.SkeletonData","cc.TextAsset"],"uuids":["0f6sB0d+pN9KdSa6/4QjVu","4d+I0u+oFG3oK5Cp/Tx3z3","ceKNBEzqpH7KEWFbkZIy4B","523NtPsN5GlrCgr5boOBfS","e6mWAY101MfJqqX0TU05vb","f67LgBpYJAWLh9h6e58aKV","8c8BqAtBBDsb5OmxbCgG08","70pNrG7AxIgaZOiK/tFHhp","dfvHrq/T9Knr8sBsC4TVTt","d9J3Mea0FMHoE6mtozpgv5","9f93sUMsRJ4Krr2qGeJ5Ok","48c5eKVHVCrbguZGWLYO1z","3cMClR0TNBMLMC8NCkTsFU","9bjBwExXhF6pNtng5rLkrz","51O4HMVB1ED5U7fsJ6aSpG","4bOkfifsNGdKUN6wynVu3m","82R9UMcXJIxLnWKBF6Kd1V","8fcV/YOhhGgZTc7GYpSgCD","99FpKKSDRNlIeYv8nZIC20","01JTiKFKZDqZ6uyuV5y1G6","63GraTsPBMkpOrBSZGtUTs","ff8X+5reZMSKdyGjT+oCsR","56nVJSR9hMbIwWuI3QwLXn","7ejhLKuM5HIqDYyNWE+mcR","b34bGfouJFjqRazfemBdyn","46zSxy5UZAM5vYUZxaAvAm","95zJzi7N1MB45/6Zk8gFh6","b4DlF11x1NP5ne9IJwCHTc","08dhtGPZ9C4ayR6XmhlHNm","8dZVuyerJK8Izy+POBt+sm","b1osAajiVO9bHb7+kXwYvE","f4tD3cvVRKxoiPWcPvsBE3","81hGbVhDVKcoohLP7cheaz","ad7pTesDFNmKp5gBuvOxo4","5aguzMiGtMQK94yHX9r55i","fb1DlNh0lG0rGk/1NL+ag4","43/tBORA9JQJFFZ+5UM1iW","c8Yo46KIVBU7zw5I55WNaa","05IdnaMyVOjJdeaLo8ELmt","5cnjIF9MhBEbeemf8Bx5lj","8bZLl1cvRDKJ2aDNVNKT3/","06hk0NpEBDUL/eih0Mr1C2","62SZwiLsVAeLcTkgHLO8m5","e78DXIwsBM6IhCVM0iqJL6","6eDvSNdLtN/bsCBMZuCtfv","25v52UqmVLJpUg8DRucWg2","a69uPVtx5EfKdfpeW/IUao","02cJcxcaVMbIKO0vvc5Eou","eau8jE6FZG6JTy3+Xpx6Il","28rNIufhJMaanTCESkzdIh","4eyPNrnRxA2KSxbuAXGfV2","c2MOPkpeFMArsYcupyxYDK","b9UGkmRvtOK5lPw7H0sND/","e2lZc9hWpM+ZqkVh8nkzIY","c6K2tvL59JA4+8Y8//B7Sx","afRU8EYHtKZav7RBNrUKr7","5ctaYgI2ZJf6IIDMyMrY4a","d7FJaLcBJN0LS8pUgyhcaS","42ff1SYDVFY5IGqr+IBTd7","bcJ3HohjVOsY8a/KFJKQAw","9eJNRIYQlHAZhNX2+jiEWl","1a5zqDECRHHL5KjDsLl6Tp","c4t67ihSlPXpkMJEXEXlF+","fdP2deElZLTaoTaB/Gpicf","84YIcqgYFO8oiYPR/TQGuh","54oojH8mVIxJrSXd03Wa40","04rzlpPP9CJ6UOkOxo+JG/","3elwKNqy5EQ42cse7GoWrD","ad7Od+rjdME61MF9+t1Y9t","4eLLqq5ZNDpLj/ZbAzd6c9","8fyMm+hH9D15CIhtb8bd+H","80ZH6H9UtOLrHqh6p/q7Lj","b13YLneDtGEIxSZ/sOasO2","f7D5PAETpNELw4nUXBLgvI","563Ujc/AhJsLnfiWYRvILU","0eISb9O9BCnLuBYBHYJCNR","e9/u8wdmlK76VGPtUEX256","3dI4msIp5FJoLBNK+c4+d/","57VQDdBVhHXaZe9481E7OY","eaj8VpXT5MJ5Vp/uANoEgG","7fnUPX3aRGBLlN4nJ8d6+n","7e9GpXYjpNzpy5LLEf0dkH","fdP9iwQARCGKvDjjlRAndK","11T1ARc3hA9ZFwGa+K5SMx","08HCTVpflBfJXPQN80FVZm","05afkmXIpBepawKTkK2Af/","0duMWvXDNJSrJzPnTTp57W","ddOC7nWZdH5KOg6AeHq0Yt","c1W9daFhdH7IGb8Nb29HvL","a1wZyOpH5DpLVZq6VB6dez","62rGr5n1ZCR7ksx05bO6s7","5071g5d71IhaLHTfuH4F0D","7b4JiIc8lO/ptvTrz9PgmH","9fHJR8erdNJoTKsiJFm2AX","68SqySrFxAKI3N4ED24tPe","03Q3tNgfhACKLEG0H4XIGv","b9eIn/w59GXq7d+YomQVCa","1fEWzak7hIzbvyQocMDIJL","bac75Y1AdKqrDQjFUUC4Q6","16ywTzbyBGfooKz+MOwW88","03NKcPm2tEhaYDN58zej/t","75rjmPUeNDvK+F+W5PHQ5z","28bzmSRihJh5KcWx3huFpr","1eBkxcx91MQrwC3R8hExVJ","9bLY+KWoRMA6c5KRE8iIiT","2bm8tm6VlJRolvbqaFuWqZ","61LuK9IFhFkJ7YgdyRkq5T","9fwRvcI6dEVpnVXpLY2IDX","fdQHGJqVhD7LgHY8U7K4UV","7dNGBoCglJhJGo3HvpHAM/","e2BA4BjChCBrTfrVqcVf51","03bXhy67JNLKYkiZO9yxVH","6dSOY144pFyKBZWBgvp2QC","6e9BNhT3JPt7Di2QrvA70M","35pVbHcBNOD7s69KP+25NB","005QLF15RD5pcl88Pu8Xla","5fxunlgP1LDqB1kMtpkNpA","a2QSUR2C1AJ5wxbw+JB69r","f10Qptu/NJsZZBtHIG2cKD","b4rHlT2oRCkZ7toe2QXkaC","f161Wz/O9BkK0D+jG/3FQa","9ccBeucbhC8Z9WTIJQDsi1","35RziGCCRMXb5WMhej0zSN","8226M2txVK2q8fGtLbQbGh","3fiiCYXm9DJqP7tiOUQOWT","d7Df1GTbxNU5HJ0PttD+cI","e6s0SGNWhMM799vyVy1AUc","a9AZoD5t5EOZiGZWu5LR0k","4fA8jYETdMTIstKPx2K8iq","8ezVMkv1hC169YSn96CO8d","0188ohO95BNKPYgOVi5j4m","b4WrOnVstE97Z1NgnJrzRu","67r+9CoaJJuKXSvlTpBUGE","43W2ouU2lDzKFZuCguBHDh","1f/nwMG3dISrGGAO+LS4db","6bmScTYOtKUZwcyBrDrCJc","7cD7KorhxCtKIwdkn+IcyH","4aoeWaCJNL7rz9QDPWmfkZ","b2cEAboalBnrVk0Q9OIMgy","56dFoLn8lLuaoMP3W/av4F","e7K9v66/xEOZvanD9KdzQ5","8c8H45RQFPLKV96GSGULVR","1aeiHroHhGtoa/vb4FxjvM","eakobOO3NFR5AVZzznKcJl","31SCon0TlEPpiAVQjGjAmN","77TBUMf5xB+ZHrvQozQeNC","69DUoOCRtP2rzPU0KUdlqk","c2ANzz6v5DWoGlY4s8I49Q","1dp5Q2+ZhChI0uvOk8FgOy","85lphmE95Etb0Sr0M95/XV","feY6KKOvRJC7q+pdByVUhS","10F0X5l3RDQ4j0T+af8UFb","baT6iBf3FFV6te8eyr9gyS","02p71hjyZOj5dHWFcqd6ON","4cxxTFEn1Le6X6Cea+6ZJC","6d0p7X8ZtLhJWXQQP64Nxx","0dbPS8E+JME6yTOij9Xuok","21TbluqPtMO6KsStYnMOgL","90e2zjPjNE+I8+hXUVBcL7","e7m9kgGwdFAJmBakztHsYT","5f9Gpe5B5N1I7IMVWHyv0u","201tliTnRONZdOtvbUZKU7","4enT3cV4RKQ5t3foVKaWIe","c5+/Mb/G5Fs4ImEx4QOc6r","2ctDGLFuBBh61aIPa7skWj","dd/x8Wk5pFdI29Rqx0Seh1","85IuKwE9VCRIeq6Ch7MbHg","1eozcuIhRIZKowBqn0LMvF","36J1x9ENRNtrlHcPunuSDy","37mJ8QGU1ErIvG5/tldsvl","d7R0puk49A/ZlpR6yyaq4E","c9bfir8TZBqoRTrOX1Sln1","ffnyd/o/VOE4MWA+Ub/XIC","6cfBOKrqpJubYJO+ZcqCT/","5bKD3eM1xMP7vjNj81i51U","12Nwa4HwZJ6L891qzJ9Ym4","38FuldS2JJdbGE9dZzdlKB","5c5ejMja5CYrTIRoWF9hPY","24rpmptttB4pVq7aMq9w28","dfGR6vJaVIS5jOBKv/7bIG","62oihGGvhFTbLpN2+4Pnzl","4aIoppd19HwadZBalqLHXF","d5qOSBd0RDT5y2bedxl2WJ","31dcCKpX9LT5Cl2CFT7yXg","abGEQ+vwVF6aHcMyTYrps3","2bcDhnVHpFH5RhLSNrxUIy","f1G680BXNMDoOlXJXZVWom","8fk0Q9kopNr6gT11r4cl5e","eezTelHGhArY6y7eukmF5+","65ghTteqpOnJhufja79vHQ","c0vAuZaIZM8YNqbhX6kFOd","d1YsKrurxJGofTe/LN/roL","2fTSi7pI1LQJXXeSBK/55f","8dYATFJDtKgY3SIFAuBC9e","42GdTzOJFAUKjf08sI4SI8","3fheTGljRNyaThMQvL+TRb","40cu+dG6VI7Yk71Padiqx+","9cTX5+wG5FN4w8O7ShPkma","9dc9LsAfFKMbVUoo8A2SKb","ef0ceXsOdAYJRDxGqKjT3r","f1FH1t+oFJn4adhITXYG4L","aeq4T1YX5K2a+lPSTNjGZD","94WFO0GS9AlZ2Zh9oWTFsZ","39/s5LdFxLg4RAnkrPXCcG","f5Z0lGf6BDPZqQXgKXWe8B","15B0ZYbpBIBrrgCUrRq8Ie","ecpdLyjvZBwrvm+cedCcQy","a2MjXRFdtLlYQ5ouAFv/+R","d4PXJesfBL77oi+DVdvLiO","33IscwLB9N1Zs+pSPybwCn","7a/QZLET9IDreTiBfRn2PD","7atnkm+vtBk6Mvv8DBz46m","abJz3TwGRFm7fxAspq17St","c9VupEoCxGbIrIXOJwwOth","ecCTW49kJJYZX+93y4H/Sv","e97GVMl6JHh5Ml5qEDdSGa","f0BIwQ8D5Ml7nTNQbh1YlS","29FYIk+N1GYaeWH/q1NxQO","e1M4dVdwNOCqD69gLCBDJ5","502DE1wABPiY0qFvkR8r6B","76Oo+hdZBIC58PkmtS6Hpa","a1U5RdJRFMFL57BdJC9H1X","76rygIn3lLkq4+jWqLaeYd","c0SMPrZ0tHRYfLuC2OKKU3","2295hbdW1A77Sc8eSsHBWl","dfb738Wj9HO7xb/eaNiVUP"],"scenes":{},"redirect":[86,0,87,0,206,1,207,2,208,2,209,2,210,1,211,2,212,2,213,2,214,2,215,2,216,2,217,2,218,2,219,2,220,2,221,1,222,2,223,2],"deps":["main","internal","resources"],"packs":{"0d22a6b24":[115,130,95,111,151,142,148,167,134,164,144,122,114,168,133,154,128,139,116,160,106,42,132,146,112,113,109,123,166,141,104,121,107,147,163,125,165,126,143,120,108],"0160e8c95":[180,189,202,201,190,191,182,43,200,204],"0c00c69c1":[61,60],"018b37100":[62,63],"0bab06ee2":[65,64],"0eb69b400":[66,67],"05ca653ea":[69,68],"09d482454":[71,70],"02f474839":[156,169],"0fbb5c8e9":[41,56,72,52],"09e340349":[28,224,91,26,46,27,59,225],"0f56266dd":[53,73],"073e4cd38":[137,136,138],"040885cb7":[175,205,178,185,192,183,176,203,195,196,194,181,174,177,173,193,187,197,198,184,171,179,188,199,186,172],"039042250":[75,48],"0aee328e1":[47,50],"0f5432881":[57,76],"0e17a04c1":[153,100,99,103,97,161,157,102,105,124,162,94,155,101,145,149,129,158,93,117,127,131,119,96,152,98,170,110,140,159,118,150],"0f4389b9e":[19,38,0,12,25,11,15,1,14,3,22,34,20,7,92,23,32,16,6,17,18,13,10,30,24,2,9,8,4,5,35,21]},"name":"36","importBase":"import","nativeBase":"native","debug":false,"isZip":false,"encrypted":false,"versions":{"import":["0160e8c95","149c3","018b37100","c1050","02f474839","adf5c","039042250","3ca31","040885cb7","f21d9",85,"31c75","05ca653ea","dea11","073e4cd38","d8da8",84,"3bd07","09d482454","189ef","09e340349","0f5af","0aee328e1","56be7","0bab06ee2","4cd0a","0c00c69c1","ad06c","0d22a6b24","eced2","0e17a04c1","34476","0eb69b400","b88ea","0f4389b9e","bd7a4","0f5432881","98185","0f56266dd","b3292","0fbb5c8e9","107b5",83,"fdeeb",45,"016ba",49,"4c0c8",77,"bb2e9",58,"ce9f9",36,"279bd",74,"e28ba",78,"c7a93",39,"a8f0e",90,"ec195",135,"b8ab7",44,"30519",81,"ee961",80,"3997c",40,"69185",29,"8d6d7",89,"0848e",33,"daa2f",55,"082b2",88,"f17b5",51,"10d1c",54,"8c242",37,"81bb8",79,"f859d",31,"4d6c2",82,"eb3df"],"native":[19,"86afd",38,"ead9b",28,"94f70",0,"05b72",12,"bca8a",36,"f965d",25,"5bb49",11,"d8580",15,"48b1f",1,"13795",14,"486e0",3,"dace9",22,"bb2ee",34,"da17d",20,"b1424",7,"f1edb",92,"ead9d",23,"1288e",32,"3e491",16,"6f0e9",6,"0fd0d",29,"fb694",17,"faaca",26,"b1b77",18,"b62ed",13,"aca74",10,"913b9",33,"0ae44",30,"90faf",24,"4852e",27,"1c162",37,"f56fe",2,"7edcc",9,"efd2c",8,"ce2c0",4,"37583",31,"ef31b",5,"36aed",35,"80709",21,"257c4"]}}