[
  1,
  [
    "4cwalAWcZE3KSwDTLjZjGf"
  ],
  [
    "_textureSetter"
  ],
  [
    "cc.SpriteFrame"
  ],
  0,
  [
    {
      "name": "bc2c66f6-749d-4f8d-935b-a7e59bcdda68",
      "rect": [
        0,
        0,
        111,
        330
      ],
      "offset": [
        0,
        0
      ],
      "originalSize": [
        111,
        330
      ],
      "capInsets": [
        0,
        0,
        0,
        0
      ]
    }
  ],
  [
    0
  ],
  0,
  [
    0
  ],
  [
    0
  ],
  [
    0
  ]
]