[1,["ab4COboalIUYvR8ZOXJ2N9","50cOAAtX1JKq7KdQbROy+D","71TfquIVFC0qgHx5w13K6U","8d3W91FH1LzpZB4z9AaRjO","deUeooAEpEhbAcLIMedpDl","60tiE0VlJITo85wRNlPdUM","dffCnPbZlH8YHqeKkMYmka","143vJC8u5KGa75Wl7lSyLr","5fo/xEykxBA4Y+OE+oqZkv","92xJEjEjpDDJ06y216M1pu","1coo0ZoZVMMJiwdqQTNPFR","80ayanhC1Afr7mVACUgbTp"],["value"],[["cc.AnimationClip",["_name","_duration","sample","curveData"],0,11]],[[0,0,1,2,3,4]],[[0,"SpinFreeSpinStart",0.5416666666666666,24,[{},"paths",11,[{"Container":{"props":{"active":[{"frame":0,"value":true}],"opacity":[{"frame":0,"value":0},{"frame":0.2916666666666667,"value":0},{"frame":0.5416666666666666,"value":255}]}}},"EffectStart/g_ui_glow",11,[{"props":{"opacity":[{"frame":0.2916666666666667,"value":255},{"frame":0.5416666666666666,"value":0}]}},"comps",11,[{},"cc.Sprite",11,[{},"spriteFrame",12,[[[{"frame":0},"value",6,0],[{"frame":0.041666666666666664},"value",6,1],[{"frame":0.08333333333333333},"value",6,2],[{"frame":0.125},"value",6,3],[{"frame":0.16666666666666666},"value",6,4],[{"frame":0.20833333333333334},"value",6,5],[{"frame":0.25},"value",6,6],[{"frame":0.2916666666666667},"value",6,7],[{"frame":0.3333333333333333},"value",6,8],[{"frame":0.375},"value",6,9],[{"frame":0.4166666666666667},"value",6,10],[{"frame":0.4583333333333333},"value",6,11]],11,11,11,11,11,11,11,11,11,11,11,11]]]],"EffectStart/g_ui_shine",11,[{"comps":{}},"props",11,[{"opacity":[{"frame":0,"value":0},{"frame":0.125,"value":255},{"frame":0.5416666666666666,"value":0}]},"scale",12,[[[{"frame":0},"value",8,[1,1,1,1]],[{"frame":0.2916666666666667},"value",8,[1,2,3,1]]],11,11]]]]]]],0,0,[0,0,0,0,0,0,0,0,0,0,0,0],[0,0,0,0,0,0,0,0,0,0,0,0],[0,1,2,3,4,5,6,7,8,9,10,11]]