[1,["e0Vv7Xj29ECah044O2iLjk","68Ju+Lh0dFoJgN9Z4R0pq3","36VeWyJuZK6J9S8JNXKh2a","6cviM4HgZOx65+lUvgzedV","71Smbp0jtFw7trL0AeyjF1","cfH/B5ErpNorWvT6aQgONd","93lvpaf3xLF5FZd0iqnbG1","7bRL+bJZtD0LIksP9xDmMd","aeMSLyLixAHJo6mMPe3rIg","d2I8oPwcFL07W7VV9n992M","53/zJRkc5N+LIjw7ZpAl4V","ccxvc4oc5K8YJHGYV1NaBB","d8Cyt7eeRKCY11zOBmxWKA","9d0r72TTNLoZVxNrWT3g44","93lxrPqWZNdYJK50KkvrfV","97AnrvTMFJTIkVzNQgA71x","484elHiMlI7LKxkvHQO/fD","79nYee0GtINZYpTPyjhz9u","1fc5hUUJlFUaAKdMdeCYf8","b7lF/5OnRHRYKeLGodCexU","earFSKRwhJ/I/1mdOBoq+I","57KvCTr9xKv5iQfmHGf73A"],["_textureSetter","bw_vfx_e_03_19","bw_vfx_e_03_13","bw_vfx_e_03_09","bw_vfx_e_03_02","bw_vfx_e_03_18","bw_vfx_e_03_08","bw_vfx_e_03_01","bw_vfx_e_03_17","bw_vfx_e_03_10","bw_vfx_e_03_11","bw_vfx_e_03_07","bw_vfx_e_03_20","bw_vfx_e_03_14","bw_vfx_e_03_15","bw_vfx_e_03_03","bw_vfx_e_03_16","bw_vfx_e_03_06","bw_vfx_e_03_05","bw_vfx_e_03_04","bw_vfx_e_03_00","bw_vfx_e_03_12"],["cc.SpriteFrame",["cc.SpriteAtlas",["_name","_spriteFrames"],2,11]],[[1,0,1,2]],[[[{"name":"bw_vfx_e_03_05","rect":[213,152,213,152],"offset":[0,0],"originalSize":[213,152],"capInsets":[0,0,0,0]}],[0],0,[0],[0],[0]],[[{"name":"bw_vfx_e_03_13","rect":[213,456,213,152],"offset":[0,0],"originalSize":[213,152],"capInsets":[0,0,0,0]}],[0],0,[0],[0],[0]],[[{"name":"bw_vfx_e_03_16","rect":[0,608,213,152],"offset":[0,0],"originalSize":[213,152],"capInsets":[0,0,0,0]}],[0],0,[0],[0],[0]],[[{"name":"bw_vfx_e_03_11","rect":[639,304,213,152],"offset":[0,0],"originalSize":[213,152],"capInsets":[0,0,0,0]}],[0],0,[0],[0],[0]],[[{"name":"bw_vfx_e_03_12","rect":[0,456,213,152],"offset":[0,0],"originalSize":[213,152],"capInsets":[0,0,0,0]}],[0],0,[0],[0],[0]],[[{"name":"bw_vfx_e_03_19","rect":[639,608,213,152],"offset":[0,0],"originalSize":[213,152],"capInsets":[0,0,0,0]}],[0],0,[0],[0],[0]],[[{"name":"bw_vfx_e_03_09","rect":[213,304,213,152],"offset":[0,0],"originalSize":[213,152],"capInsets":[0,0,0,0]}],[0],0,[0],[0],[0]],[[{"name":"bw_vfx_e_03_02","rect":[426,0,213,152],"offset":[0,0],"originalSize":[213,152],"capInsets":[0,0,0,0]}],[0],0,[0],[0],[0]],[[{"name":"bw_vfx_e_03_06","rect":[426,152,213,152],"offset":[0,0],"originalSize":[213,152],"capInsets":[0,0,0,0]}],[0],0,[0],[0],[0]],[[{"name":"bw_vfx_e_03_01","rect":[213,0,213,152],"offset":[0,0],"originalSize":[213,152],"capInsets":[0,0,0,0]}],[0],0,[0],[0],[0]],[[{"name":"bw_vfx_e_03_08","rect":[0,304,213,152],"offset":[0,0],"originalSize":[213,152],"capInsets":[0,0,0,0]}],[0],0,[0],[0],[0]],[[{"name":"bw_vfx_e_03_15","rect":[639,456,213,152],"offset":[0,0],"originalSize":[213,152],"capInsets":[0,0,0,0]}],[0],0,[0],[0],[0]],[[{"name":"bw_vfx_e_03_03","rect":[639,0,213,152],"offset":[0,0],"originalSize":[213,152],"capInsets":[0,0,0,0]}],[0],0,[0],[0],[0]],[[{"name":"bw_vfx_e_03_14","rect":[426,456,213,152],"offset":[0,0],"originalSize":[213,152],"capInsets":[0,0,0,0]}],[0],0,[0],[0],[0]],[[{"name":"bw_vfx_e_03_17","rect":[213,608,213,152],"offset":[0,0],"originalSize":[213,152],"capInsets":[0,0,0,0]}],[0],0,[0],[0],[0]],[[{"name":"bw_vfx_e_03_04","rect":[0,152,213,152],"offset":[0,0],"originalSize":[213,152],"capInsets":[0,0,0,0]}],[0],0,[0],[0],[0]],[[[0,"Alats44.plist",[{},"bw_vfx_e_03_19",6,0,"bw_vfx_e_03_13",6,1,"bw_vfx_e_03_09",6,2,"bw_vfx_e_03_02",6,3,"bw_vfx_e_03_18",6,4,"bw_vfx_e_03_08",6,5,"bw_vfx_e_03_01",6,6,"bw_vfx_e_03_17",6,7,"bw_vfx_e_03_10",6,8,"bw_vfx_e_03_11",6,9,"bw_vfx_e_03_07",6,10,"bw_vfx_e_03_20",6,11,"bw_vfx_e_03_14",6,12,"bw_vfx_e_03_15",6,13,"bw_vfx_e_03_03",6,14,"bw_vfx_e_03_16",6,15,"bw_vfx_e_03_06",6,16,"bw_vfx_e_03_05",6,17,"bw_vfx_e_03_04",6,18,"bw_vfx_e_03_00",6,19,"bw_vfx_e_03_12",6,20]]],0,0,[0,0,0,0,0,0,0,0,0,0,0,0,0,0,0,0,0,0,0,0,0],[1,2,3,4,5,6,7,8,9,10,11,12,13,14,15,16,17,18,19,20,21],[1,2,3,4,5,6,7,8,9,10,11,12,13,14,15,16,17,18,19,20,21]],[[{"name":"bw_vfx_e_03_07","rect":[639,152,213,152],"offset":[0,0],"originalSize":[213,152],"capInsets":[0,0,0,0]}],[0],0,[0],[0],[0]],[[{"name":"bw_vfx_e_03_18","rect":[426,608,213,152],"offset":[0,0],"originalSize":[213,152],"capInsets":[0,0,0,0]}],[0],0,[0],[0],[0]],[[{"name":"bw_vfx_e_03_10","rect":[426,304,213,152],"offset":[0,0],"originalSize":[213,152],"capInsets":[0,0,0,0]}],[0],0,[0],[0],[0]],[[{"name":"bw_vfx_e_03_20","rect":[0,760,213,152],"offset":[0,0],"originalSize":[213,152],"capInsets":[0,0,0,0]}],[0],0,[0],[0],[0]]]]