[1,["acXg0Y7NFAjYn+E6Y7PwBr","87/zs6lSFP3a8kl6zzH4KW","a43APIVFdKYJvNMjh2DEy+","f2+6cAyDFJsbT3BwIjNOWK","41WmCv/uJNj4jNJzJwCwdr"],["_textureSetter","spriteFrame"],["cc.SpriteFrame",["cc.BitmapFont",["_name","fontSize","_fntConfig"],0]],[[1,0,1,2,4]],[[[{"name":"0b5ab3b3-7bac-437d-b141-68007f8ec546","rect":[0,0,87,696],"offset":[0,0],"originalSize":[87,696],"capInsets":[0,0,0,0]}],[0],0,[0],[0],[1]],[[{"name":"sans_bold-export","rect":[0,0,479,254],"offset":[-16.5,1],"originalSize":[512,256],"capInsets":[0,0,0,0]}],[0],0,[0],[0],[2]],[[{"name":"icon_paytable","rect":[83,511,80,80],"offset":[0,0],"originalSize":[108,108],"capInsets":[0,0,0,0]}],[0],0,[0],[0],[0]],[[{"name":"Button-center_autoplay","rect":[0,1025,90,90],"offset":[0,0],"originalSize":[90,90],"capInsets":[0,0,0,0]}],[0],0,[0],[0],[3]],[[{"name":"ic_nav_return","rect":[128,227,56,44],"offset":[0,3],"originalSize":[108,108],"capInsets":[0,0,0,0]}],[0],0,[0],[0],[0]],[[[0,"sans_bold-export",32,{"commonHeight":32,"fontSize":32,"atlasName":"sans_bold-export.png","fontDefDictionary":{"9":{"xOffset":0,"yOffset":0,"xAdvance":160,"rect":{"x":0,"y":0,"width":0,"height":0}},"32":{"xOffset":0,"yOffset":0,"xAdvance":8,"rect":{"x":0,"y":0,"width":0,"height":0}},"33":{"xOffset":0,"yOffset":8,"xAdvance":8,"rect":{"x":473,"y":0,"width":6,"height":24}},"34":{"xOffset":0,"yOffset":8,"xAdvance":15,"rect":{"x":385,"y":243,"width":13,"height":11}},"35":{"xOffset":0,"yOffset":8,"xAdvance":21,"rect":{"x":158,"y":226,"width":19,"height":24}},"36":{"xOffset":0,"yOffset":6,"xAdvance":20,"rect":{"x":240,"y":96,"width":18,"height":28}},"37":{"xOffset":0,"yOffset":8,"xAdvance":24,"rect":{"x":25,"y":160,"width":22,"height":24}},"38":{"xOffset":0,"yOffset":8,"xAdvance":23,"rect":{"x":25,"y":218,"width":21,"height":24}},"39":{"xOffset":0,"yOffset":8,"xAdvance":7,"rect":{"x":72,"y":171,"width":5,"height":11}},"40":{"xOffset":0,"yOffset":8,"xAdvance":11,"rect":{"x":462,"y":89,"width":9,"height":28}},"41":{"xOffset":0,"yOffset":8,"xAdvance":11,"rect":{"x":462,"y":119,"width":9,"height":28}},"42":{"xOffset":0,"yOffset":9,"xAdvance":12,"rect":{"x":94,"y":154,"width":10,"height":12}},"43":{"xOffset":0,"yOffset":13,"xAdvance":18,"rect":{"x":333,"y":83,"width":16,"height":19}},"44":{"xOffset":0,"yOffset":25,"xAdvance":8,"rect":{"x":463,"y":234,"width":6,"height":11}},"45":{"xOffset":0,"yOffset":19,"xAdvance":12,"rect":{"x":415,"y":248,"width":10,"height":6}},"46":{"xOffset":0,"yOffset":25,"xAdvance":8,"rect":{"x":451,"y":247,"width":6,"height":7}},"47":{"xOffset":0,"yOffset":8,"xAdvance":13,"rect":{"x":449,"y":31,"width":11,"height":29}},"48":{"xOffset":0,"yOffset":8,"xAdvance":19,"rect":{"x":240,"y":190,"width":17,"height":25}},"49":{"xOffset":0,"yOffset":8,"xAdvance":12,"rect":{"x":451,"y":213,"width":10,"height":24}},"50":{"xOffset":0,"yOffset":8,"xAdvance":18,"rect":{"x":333,"y":29,"width":16,"height":24}},"51":{"xOffset":0,"yOffset":8,"xAdvance":19,"rect":{"x":259,"y":183,"width":17,"height":25}},"52":{"xOffset":0,"yOffset":8,"xAdvance":19,"rect":{"x":260,"y":61,"width":17,"height":24}},"53":{"xOffset":0,"yOffset":8,"xAdvance":19,"rect":{"x":259,"y":210,"width":17,"height":25}},"54":{"xOffset":0,"yOffset":8,"xAdvance":19,"rect":{"x":260,"y":117,"width":17,"height":25}},"55":{"xOffset":0,"yOffset":8,"xAdvance":17,"rect":{"x":351,"y":112,"width":15,"height":24}},"56":{"xOffset":0,"yOffset":8,"xAdvance":19,"rect":{"x":278,"y":144,"width":17,"height":25}},"57":{"xOffset":0,"yOffset":8,"xAdvance":19,"rect":{"x":278,"y":200,"width":17,"height":24}},"58":{"xOffset":0,"yOffset":15,"xAdvance":8,"rect":{"x":471,"y":237,"width":6,"height":17}},"59":{"xOffset":0,"yOffset":15,"xAdvance":9,"rect":{"x":463,"y":181,"width":7,"height":22}},"60":{"xOffset":0,"yOffset":12,"xAdvance":17,"rect":{"x":351,"y":159,"width":15,"height":21}},"61":{"xOffset":0,"yOffset":16,"xAdvance":17,"rect":{"x":368,"y":235,"width":15,"height":13}},"62":{"xOffset":0,"yOffset":12,"xAdvance":17,"rect":{"x":402,"y":27,"width":15,"height":21}},"63":{"xOffset":0,"yOffset":8,"xAdvance":17,"rect":{"x":402,"y":160,"width":15,"height":24}},"64":{"xOffset":0,"yOffset":9,"xAdvance":27,"rect":{"x":0,"y":26,"width":25,"height":27}},"65":{"xOffset":0,"yOffset":8,"xAdvance":22,"rect":{"x":116,"y":70,"width":20,"height":24}},"66":{"xOffset":0,"yOffset":8,"xAdvance":19,"rect":{"x":279,"y":0,"width":17,"height":24}},"67":{"xOffset":0,"yOffset":8,"xAdvance":20,"rect":{"x":159,"y":67,"width":18,"height":25}},"68":{"xOffset":0,"yOffset":8,"xAdvance":20,"rect":{"x":180,"y":0,"width":18,"height":24}},"69":{"xOffset":0,"yOffset":8,"xAdvance":16,"rect":{"x":403,"y":0,"width":14,"height":24}},"70":{"xOffset":0,"yOffset":8,"xAdvance":17,"rect":{"x":419,"y":86,"width":15,"height":24}},"71":{"xOffset":0,"yOffset":8,"xAdvance":20,"rect":{"x":200,"y":0,"width":18,"height":25}},"72":{"xOffset":0,"yOffset":8,"xAdvance":20,"rect":{"x":200,"y":27,"width":18,"height":24}},"73":{"xOffset":0,"yOffset":8,"xAdvance":7,"rect":{"x":473,"y":26,"width":5,"height":24}},"74":{"xOffset":0,"yOffset":8,"xAdvance":17,"rect":{"x":402,"y":50,"width":15,"height":24}},"75":{"xOffset":0,"yOffset":8,"xAdvance":21,"rect":{"x":137,"y":213,"width":19,"height":24}},"76":{"xOffset":0,"yOffset":8,"xAdvance":16,"rect":{"x":435,"y":201,"width":14,"height":24}},"77":{"xOffset":0,"yOffset":8,"xAdvance":23,"rect":{"x":49,"y":158,"width":21,"height":24}},"78":{"xOffset":0,"yOffset":8,"xAdvance":20,"rect":{"x":200,"y":230,"width":18,"height":24}},"79":{"xOffset":0,"yOffset":8,"xAdvance":21,"rect":{"x":137,"y":96,"width":19,"height":25}},"80":{"xOffset":0,"yOffset":8,"xAdvance":18,"rect":{"x":315,"y":87,"width":16,"height":24}},"81":{"xOffset":0,"yOffset":8,"xAdvance":21,"rect":{"x":116,"y":96,"width":19,"height":26}},"82":{"xOffset":0,"yOffset":8,"xAdvance":20,"rect":{"x":180,"y":26,"width":18,"height":24}},"83":{"xOffset":0,"yOffset":8,"xAdvance":20,"rect":{"x":200,"y":148,"width":18,"height":25}},"84":{"xOffset":0,"yOffset":8,"xAdvance":19,"rect":{"x":53,"y":0,"width":17,"height":24}},"85":{"xOffset":0,"yOffset":8,"xAdvance":20,"rect":{"x":220,"y":205,"width":18,"height":24}},"86":{"xOffset":0,"yOffset":8,"xAdvance":22,"rect":{"x":115,"y":185,"width":20,"height":24}},"87":{"xOffset":0,"yOffset":8,"xAdvance":30,"rect":{"x":0,"y":0,"width":28,"height":24}},"88":{"xOffset":0,"yOffset":8,"xAdvance":21,"rect":{"x":137,"y":123,"width":19,"height":24}},"89":{"xOffset":0,"yOffset":8,"xAdvance":21,"rect":{"x":116,"y":124,"width":19,"height":24}},"90":{"xOffset":0,"yOffset":8,"xAdvance":19,"rect":{"x":259,"y":157,"width":17,"height":24}},"91":{"xOffset":0,"yOffset":8,"xAdvance":12,"rect":{"x":451,"y":152,"width":10,"height":28}},"92":{"xOffset":0,"yOffset":8,"xAdvance":13,"rect":{"x":449,"y":121,"width":11,"height":29}},"93":{"xOffset":0,"yOffset":8,"xAdvance":11,"rect":{"x":462,"y":31,"width":9,"height":28}},"94":{"xOffset":0,"yOffset":8,"xAdvance":15,"rect":{"x":400,"y":243,"width":13,"height":11}},"95":{"xOffset":0,"yOffset":31,"xAdvance":17,"rect":{"x":333,"y":248,"width":15,"height":6}},"96":{"xOffset":0,"yOffset":6,"xAdvance":10,"rect":{"x":25,"y":244,"width":8,"height":7}},"97":{"xOffset":0,"yOffset":13,"xAdvance":17,"rect":{"x":351,"y":182,"width":15,"height":19}},"98":{"xOffset":0,"yOffset":7,"xAdvance":18,"rect":{"x":297,"y":47,"width":16,"height":25}},"99":{"xOffset":0,"yOffset":13,"xAdvance":17,"rect":{"x":351,"y":138,"width":15,"height":19}},"100":{"xOffset":0,"yOffset":7,"xAdvance":18,"rect":{"x":279,"y":76,"width":16,"height":25}},"101":{"xOffset":0,"yOffset":13,"xAdvance":17,"rect":{"x":316,"y":0,"width":15,"height":19}},"102":{"xOffset":0,"yOffset":7,"xAdvance":13,"rect":{"x":449,"y":94,"width":11,"height":25}},"103":{"xOffset":0,"yOffset":13,"xAdvance":18,"rect":{"x":298,"y":0,"width":16,"height":24}},"104":{"xOffset":0,"yOffset":7,"xAdvance":17,"rect":{"x":351,"y":85,"width":15,"height":25}},"105":{"xOffset":0,"yOffset":7,"xAdvance":7,"rect":{"x":473,"y":84,"width":5,"height":25}},"106":{"xOffset":0,"yOffset":7,"xAdvance":10,"rect":{"x":463,"y":149,"width":8,"height":30}},"107":{"xOffset":0,"yOffset":7,"xAdvance":18,"rect":{"x":315,"y":113,"width":16,"height":25}},"108":{"xOffset":0,"yOffset":7,"xAdvance":7,"rect":{"x":473,"y":142,"width":5,"height":25}},"109":{"xOffset":0,"yOffset":13,"xAdvance":26,"rect":{"x":0,"y":76,"width":24,"height":19}},"110":{"xOffset":0,"yOffset":13,"xAdvance":17,"rect":{"x":351,"y":64,"width":15,"height":19}},"111":{"xOffset":0,"yOffset":13,"xAdvance":18,"rect":{"x":297,"y":74,"width":16,"height":19}},"112":{"xOffset":0,"yOffset":13,"xAdvance":18,"rect":{"x":315,"y":197,"width":16,"height":24}},"113":{"xOffset":0,"yOffset":13,"xAdvance":18,"rect":{"x":315,"y":223,"width":16,"height":24}},"114":{"xOffset":0,"yOffset":13,"xAdvance":13,"rect":{"x":436,"y":119,"width":11,"height":19}},"115":{"xOffset":0,"yOffset":13,"xAdvance":17,"rect":{"x":298,"y":26,"width":15,"height":19}},"116":{"xOffset":0,"yOffset":9,"xAdvance":13,"rect":{"x":436,"y":31,"width":11,"height":23}},"117":{"xOffset":0,"yOffset":13,"xAdvance":17,"rect":{"x":368,"y":59,"width":15,"height":19}},"118":{"xOffset":0,"yOffset":13,"xAdvance":19,"rect":{"x":279,"y":26,"width":17,"height":19}},"119":{"xOffset":0,"yOffset":13,"xAdvance":27,"rect":{"x":0,"y":55,"width":25,"height":19}},"120":{"xOffset":0,"yOffset":13,"xAdvance":19,"rect":{"x":220,"y":231,"width":17,"height":19}},"121":{"xOffset":0,"yOffset":12,"xAdvance":19,"rect":{"x":278,"y":226,"width":17,"height":25}},"122":{"xOffset":0,"yOffset":13,"xAdvance":16,"rect":{"x":435,"y":227,"width":14,"height":19}},"123":{"xOffset":0,"yOffset":7,"xAdvance":13,"rect":{"x":436,"y":87,"width":11,"height":30}},"124":{"xOffset":0,"yOffset":7,"xAdvance":6,"rect":{"x":473,"y":169,"width":4,"height":30}},"125":{"xOffset":0,"yOffset":7,"xAdvance":13,"rect":{"x":449,"y":62,"width":11,"height":30}},"126":{"xOffset":0,"yOffset":16,"xAdvance":18,"rect":{"x":115,"y":245,"width":16,"height":9}},"192":{"xOffset":0,"yOffset":3,"xAdvance":22,"rect":{"x":94,"y":94,"width":20,"height":29}},"193":{"xOffset":0,"yOffset":3,"xAdvance":22,"rect":{"x":49,"y":184,"width":20,"height":29}},"194":{"xOffset":0,"yOffset":3,"xAdvance":22,"rect":{"x":115,"y":154,"width":20,"height":29}},"195":{"xOffset":0,"yOffset":3,"xAdvance":22,"rect":{"x":94,"y":63,"width":20,"height":29}},"200":{"xOffset":0,"yOffset":3,"xAdvance":16,"rect":{"x":435,"y":170,"width":14,"height":29}},"201":{"xOffset":0,"yOffset":3,"xAdvance":17,"rect":{"x":402,"y":186,"width":15,"height":29}},"202":{"xOffset":0,"yOffset":3,"xAdvance":16,"rect":{"x":419,"y":205,"width":14,"height":29}},"204":{"xOffset":0,"yOffset":3,"xAdvance":11,"rect":{"x":452,"y":0,"width":9,"height":29}},"205":{"xOffset":0,"yOffset":3,"xAdvance":12,"rect":{"x":451,"y":182,"width":10,"height":29}},"210":{"xOffset":0,"yOffset":3,"xAdvance":21,"rect":{"x":138,"y":0,"width":19,"height":30}},"211":{"xOffset":0,"yOffset":3,"xAdvance":21,"rect":{"x":137,"y":181,"width":19,"height":30}},"212":{"xOffset":0,"yOffset":3,"xAdvance":21,"rect":{"x":137,"y":149,"width":19,"height":30}},"213":{"xOffset":0,"yOffset":3,"xAdvance":21,"rect":{"x":138,"y":32,"width":19,"height":30}},"217":{"xOffset":0,"yOffset":3,"xAdvance":20,"rect":{"x":240,"y":126,"width":18,"height":29}},"218":{"xOffset":0,"yOffset":3,"xAdvance":20,"rect":{"x":200,"y":117,"width":18,"height":29}},"221":{"xOffset":0,"yOffset":3,"xAdvance":21,"rect":{"x":138,"y":64,"width":19,"height":29}},"224":{"xOffset":0,"yOffset":6,"xAdvance":17,"rect":{"x":369,"y":0,"width":15,"height":26}},"225":{"xOffset":0,"yOffset":6,"xAdvance":17,"rect":{"x":368,"y":80,"width":15,"height":26}},"226":{"xOffset":0,"yOffset":6,"xAdvance":17,"rect":{"x":385,"y":55,"width":15,"height":26}},"227":{"xOffset":0,"yOffset":7,"xAdvance":17,"rect":{"x":385,"y":28,"width":15,"height":25}},"232":{"xOffset":0,"yOffset":6,"xAdvance":18,"rect":{"x":351,"y":0,"width":16,"height":26}},"233":{"xOffset":0,"yOffset":6,"xAdvance":18,"rect":{"x":333,"y":104,"width":16,"height":26}},"234":{"xOffset":0,"yOffset":6,"xAdvance":18,"rect":{"x":297,"y":95,"width":16,"height":26}},"236":{"xOffset":0,"yOffset":6,"xAdvance":10,"rect":{"x":463,"y":0,"width":8,"height":26}},"237":{"xOffset":0,"yOffset":6,"xAdvance":11,"rect":{"x":462,"y":61,"width":9,"height":26}},"242":{"xOffset":0,"yOffset":6,"xAdvance":18,"rect":{"x":333,"y":165,"width":16,"height":26}},"243":{"xOffset":0,"yOffset":6,"xAdvance":18,"rect":{"x":333,"y":193,"width":16,"height":26}},"244":{"xOffset":0,"yOffset":6,"xAdvance":18,"rect":{"x":333,"y":55,"width":16,"height":26}},"245":{"xOffset":0,"yOffset":7,"xAdvance":18,"rect":{"x":315,"y":140,"width":16,"height":25}},"249":{"xOffset":0,"yOffset":6,"xAdvance":17,"rect":{"x":419,"y":0,"width":15,"height":26}},"250":{"xOffset":0,"yOffset":6,"xAdvance":18,"rect":{"x":297,"y":157,"width":16,"height":26}},"253":{"xOffset":0,"yOffset":6,"xAdvance":19,"rect":{"x":240,"y":157,"width":17,"height":31}},"258":{"xOffset":0,"yOffset":2,"xAdvance":22,"rect":{"x":71,"y":219,"width":20,"height":30}},"259":{"xOffset":0,"yOffset":7,"xAdvance":17,"rect":{"x":386,"y":0,"width":15,"height":25}},"272":{"xOffset":0,"yOffset":8,"xAdvance":23,"rect":{"x":30,"y":0,"width":21,"height":24}},"273":{"xOffset":0,"yOffset":7,"xAdvance":19,"rect":{"x":240,"y":217,"width":17,"height":25}},"296":{"xOffset":0,"yOffset":3,"xAdvance":13,"rect":{"x":436,"y":56,"width":11,"height":29}},"297":{"xOffset":0,"yOffset":7,"xAdvance":13,"rect":{"x":436,"y":140,"width":11,"height":25}},"360":{"xOffset":0,"yOffset":3,"xAdvance":20,"rect":{"x":240,"y":65,"width":18,"height":29}},"361":{"xOffset":0,"yOffset":7,"xAdvance":17,"rect":{"x":419,"y":28,"width":15,"height":25}},"416":{"xOffset":0,"yOffset":5,"xAdvance":23,"rect":{"x":49,"y":128,"width":21,"height":28}},"417":{"xOffset":0,"yOffset":9,"xAdvance":20,"rect":{"x":200,"y":205,"width":18,"height":23}},"431":{"xOffset":0,"yOffset":4,"xAdvance":25,"rect":{"x":0,"y":226,"width":23,"height":28}},"432":{"xOffset":0,"yOffset":8,"xAdvance":22,"rect":{"x":93,"y":227,"width":20,"height":24}},"7840":{"xOffset":0,"yOffset":8,"xAdvance":22,"rect":{"x":94,"y":0,"width":20,"height":29}},"7841":{"xOffset":0,"yOffset":13,"xAdvance":17,"rect":{"x":402,"y":105,"width":15,"height":24}},"7842":{"xOffset":0,"yOffset":2,"xAdvance":22,"rect":{"x":94,"y":31,"width":20,"height":30}},"7843":{"xOffset":0,"yOffset":5,"xAdvance":17,"rect":{"x":402,"y":76,"width":15,"height":27}},"7844":{"xOffset":0,"yOffset":0,"xAdvance":22,"rect":{"x":115,"y":211,"width":20,"height":32}},"7845":{"xOffset":0,"yOffset":4,"xAdvance":20,"rect":{"x":220,"y":144,"width":18,"height":28}},"7846":{"xOffset":0,"yOffset":0,"xAdvance":22,"rect":{"x":116,"y":0,"width":20,"height":32}},"7847":{"xOffset":0,"yOffset":5,"xAdvance":18,"rect":{"x":333,"y":0,"width":16,"height":27}},"7848":{"xOffset":0,"yOffset":-1,"xAdvance":22,"rect":{"x":71,"y":184,"width":20,"height":33}},"7849":{"xOffset":0,"yOffset":4,"xAdvance":17,"rect":{"x":368,"y":174,"width":15,"height":28}},"7850":{"xOffset":0,"yOffset":-1,"xAdvance":22,"rect":{"x":72,"y":136,"width":20,"height":33}},"7851":{"xOffset":0,"yOffset":3,"xAdvance":17,"rect":{"x":368,"y":204,"width":15,"height":29}},"7852":{"xOffset":0,"yOffset":3,"xAdvance":22,"rect":{"x":116,"y":34,"width":20,"height":34}},"7853":{"xOffset":0,"yOffset":6,"xAdvance":17,"rect":{"x":368,"y":141,"width":15,"height":31}},"7854":{"xOffset":0,"yOffset":-1,"xAdvance":22,"rect":{"x":72,"y":35,"width":20,"height":33}},"7855":{"xOffset":0,"yOffset":4,"xAdvance":17,"rect":{"x":385,"y":207,"width":15,"height":28}},"7856":{"xOffset":0,"yOffset":-1,"xAdvance":22,"rect":{"x":72,"y":0,"width":20,"height":33}},"7857":{"xOffset":0,"yOffset":4,"xAdvance":17,"rect":{"x":385,"y":177,"width":15,"height":28}},"7858":{"xOffset":0,"yOffset":-1,"xAdvance":22,"rect":{"x":50,"y":63,"width":20,"height":33}},"7859":{"xOffset":0,"yOffset":3,"xAdvance":17,"rect":{"x":385,"y":115,"width":15,"height":29}},"7860":{"xOffset":0,"yOffset":-1,"xAdvance":22,"rect":{"x":72,"y":70,"width":20,"height":33}},"7861":{"xOffset":0,"yOffset":3,"xAdvance":17,"rect":{"x":385,"y":146,"width":15,"height":29}},"7862":{"xOffset":0,"yOffset":2,"xAdvance":22,"rect":{"x":50,"y":26,"width":20,"height":35}},"7863":{"xOffset":0,"yOffset":7,"xAdvance":17,"rect":{"x":385,"y":83,"width":15,"height":30}},"7864":{"xOffset":0,"yOffset":8,"xAdvance":17,"rect":{"x":419,"y":55,"width":15,"height":29}},"7865":{"xOffset":0,"yOffset":13,"xAdvance":17,"rect":{"x":402,"y":217,"width":15,"height":24}},"7866":{"xOffset":0,"yOffset":2,"xAdvance":17,"rect":{"x":419,"y":112,"width":15,"height":30}},"7867":{"xOffset":0,"yOffset":5,"xAdvance":17,"rect":{"x":402,"y":131,"width":15,"height":27}},"7868":{"xOffset":0,"yOffset":3,"xAdvance":16,"rect":{"x":436,"y":0,"width":14,"height":29}},"7869":{"xOffset":0,"yOffset":7,"xAdvance":18,"rect":{"x":333,"y":221,"width":16,"height":25}},"7870":{"xOffset":0,"yOffset":0,"xAdvance":20,"rect":{"x":200,"y":83,"width":18,"height":32}},"7871":{"xOffset":0,"yOffset":4,"xAdvance":19,"rect":{"x":260,"y":87,"width":17,"height":28}},"7872":{"xOffset":0,"yOffset":0,"xAdvance":18,"rect":{"x":297,"y":123,"width":16,"height":32}},"7873":{"xOffset":0,"yOffset":5,"xAdvance":18,"rect":{"x":279,"y":103,"width":16,"height":27}},"7874":{"xOffset":0,"yOffset":-1,"xAdvance":17,"rect":{"x":351,"y":203,"width":15,"height":33}},"7875":{"xOffset":0,"yOffset":4,"xAdvance":18,"rect":{"x":315,"y":26,"width":16,"height":28}},"7876":{"xOffset":0,"yOffset":-1,"xAdvance":16,"rect":{"x":419,"y":170,"width":14,"height":33}},"7877":{"xOffset":0,"yOffset":3,"xAdvance":17,"rect":{"x":368,"y":28,"width":15,"height":29}},"7878":{"xOffset":0,"yOffset":3,"xAdvance":17,"rect":{"x":351,"y":28,"width":15,"height":34}},"7879":{"xOffset":0,"yOffset":6,"xAdvance":17,"rect":{"x":368,"y":108,"width":15,"height":31}},"7880":{"xOffset":0,"yOffset":2,"xAdvance":8,"rect":{"x":471,"y":205,"width":6,"height":30}},"7881":{"xOffset":0,"yOffset":5,"xAdvance":8,"rect":{"x":463,"y":205,"width":6,"height":27}},"7882":{"xOffset":0,"yOffset":8,"xAdvance":7,"rect":{"x":473,"y":111,"width":5,"height":29}},"7883":{"xOffset":0,"yOffset":7,"xAdvance":7,"rect":{"x":473,"y":52,"width":5,"height":30}},"7884":{"xOffset":0,"yOffset":8,"xAdvance":21,"rect":{"x":158,"y":159,"width":19,"height":29}},"7885":{"xOffset":0,"yOffset":13,"xAdvance":18,"rect":{"x":297,"y":185,"width":16,"height":24}},"7886":{"xOffset":0,"yOffset":2,"xAdvance":21,"rect":{"x":158,"y":126,"width":19,"height":31}},"7887":{"xOffset":0,"yOffset":5,"xAdvance":18,"rect":{"x":297,"y":211,"width":16,"height":27}},"7888":{"xOffset":0,"yOffset":0,"xAdvance":21,"rect":{"x":179,"y":135,"width":19,"height":33}},"7889":{"xOffset":0,"yOffset":4,"xAdvance":20,"rect":{"x":200,"y":175,"width":18,"height":28}},"7890":{"xOffset":0,"yOffset":0,"xAdvance":21,"rect":{"x":179,"y":201,"width":19,"height":33}},"7891":{"xOffset":0,"yOffset":5,"xAdvance":19,"rect":{"x":278,"y":171,"width":17,"height":27}},"7892":{"xOffset":0,"yOffset":-1,"xAdvance":21,"rect":{"x":158,"y":190,"width":19,"height":34}},"7893":{"xOffset":0,"yOffset":4,"xAdvance":18,"rect":{"x":315,"y":167,"width":16,"height":28}},"7894":{"xOffset":0,"yOffset":-1,"xAdvance":21,"rect":{"x":179,"y":67,"width":19,"height":34}},"7895":{"xOffset":0,"yOffset":3,"xAdvance":18,"rect":{"x":315,"y":56,"width":16,"height":29}},"7896":{"xOffset":0,"yOffset":3,"xAdvance":21,"rect":{"x":159,"y":0,"width":19,"height":34}},"7897":{"xOffset":0,"yOffset":6,"xAdvance":18,"rect":{"x":333,"y":132,"width":16,"height":31}},"7898":{"xOffset":0,"yOffset":3,"xAdvance":24,"rect":{"x":25,"y":128,"width":22,"height":30}},"7899":{"xOffset":0,"yOffset":6,"xAdvance":20,"rect":{"x":220,"y":32,"width":18,"height":26}},"7900":{"xOffset":0,"yOffset":3,"xAdvance":24,"rect":{"x":25,"y":186,"width":22,"height":30}},"7901":{"xOffset":0,"yOffset":6,"xAdvance":20,"rect":{"x":220,"y":60,"width":18,"height":26}},"7902":{"xOffset":0,"yOffset":2,"xAdvance":23,"rect":{"x":27,"y":26,"width":21,"height":31}},"7903":{"xOffset":0,"yOffset":5,"xAdvance":20,"rect":{"x":220,"y":115,"width":18,"height":27}},"7904":{"xOffset":0,"yOffset":3,"xAdvance":23,"rect":{"x":27,"y":59,"width":21,"height":30}},"7905":{"xOffset":0,"yOffset":7,"xAdvance":20,"rect":{"x":220,"y":88,"width":18,"height":25}},"7906":{"xOffset":0,"yOffset":5,"xAdvance":23,"rect":{"x":48,"y":218,"width":21,"height":32}},"7907":{"xOffset":0,"yOffset":9,"xAdvance":20,"rect":{"x":200,"y":53,"width":18,"height":28}},"7908":{"xOffset":0,"yOffset":8,"xAdvance":20,"rect":{"x":220,"y":174,"width":18,"height":29}},"7909":{"xOffset":0,"yOffset":13,"xAdvance":17,"rect":{"x":419,"y":144,"width":15,"height":24}},"7910":{"xOffset":0,"yOffset":2,"xAdvance":20,"rect":{"x":220,"y":0,"width":18,"height":30}},"7911":{"xOffset":0,"yOffset":5,"xAdvance":18,"rect":{"x":279,"y":47,"width":16,"height":27}},"7912":{"xOffset":0,"yOffset":3,"xAdvance":25,"rect":{"x":25,"y":97,"width":23,"height":29}},"7913":{"xOffset":0,"yOffset":6,"xAdvance":22,"rect":{"x":93,"y":199,"width":20,"height":26}},"7914":{"xOffset":0,"yOffset":3,"xAdvance":25,"rect":{"x":0,"y":132,"width":23,"height":29}},"7915":{"xOffset":0,"yOffset":6,"xAdvance":22,"rect":{"x":93,"y":171,"width":20,"height":26}},"7916":{"xOffset":0,"yOffset":2,"xAdvance":25,"rect":{"x":0,"y":163,"width":23,"height":30}},"7917":{"xOffset":0,"yOffset":5,"xAdvance":22,"rect":{"x":94,"y":125,"width":20,"height":27}},"7918":{"xOffset":0,"yOffset":3,"xAdvance":25,"rect":{"x":0,"y":195,"width":23,"height":29}},"7919":{"xOffset":0,"yOffset":7,"xAdvance":22,"rect":{"x":50,"y":98,"width":20,"height":25}},"7920":{"xOffset":0,"yOffset":4,"xAdvance":25,"rect":{"x":0,"y":97,"width":23,"height":33}},"7921":{"xOffset":0,"yOffset":8,"xAdvance":22,"rect":{"x":72,"y":105,"width":20,"height":29}},"7922":{"xOffset":0,"yOffset":3,"xAdvance":21,"rect":{"x":159,"y":36,"width":19,"height":29}},"7923":{"xOffset":0,"yOffset":6,"xAdvance":20,"rect":{"x":240,"y":32,"width":18,"height":31}},"7924":{"xOffset":0,"yOffset":8,"xAdvance":21,"rect":{"x":179,"y":170,"width":19,"height":29}},"7925":{"xOffset":0,"yOffset":12,"xAdvance":19,"rect":{"x":260,"y":34,"width":17,"height":25}},"7926":{"xOffset":0,"yOffset":2,"xAdvance":21,"rect":{"x":179,"y":103,"width":19,"height":30}},"7927":{"xOffset":0,"yOffset":5,"xAdvance":19,"rect":{"x":260,"y":0,"width":17,"height":32}},"7928":{"xOffset":0,"yOffset":3,"xAdvance":21,"rect":{"x":158,"y":95,"width":19,"height":29}},"7929":{"xOffset":0,"yOffset":7,"xAdvance":20,"rect":{"x":240,"y":0,"width":18,"height":30}}},"kerningDict":{}}]],0,0,[0],[1],[4]]]]