[
  1,
  [
    "b8u7Z5X8VBrKYBEyF6f8c9",
    "2czt5GHE9IMamIJxS36HLO",
    "09PZau/RpF0J2BgtGeUSr+",
    "d6XAWFbDRObpMj907con16",
    "f5tKIqeGVPoqEDY0ImW8py",
    "cfgFbsHXJE2rQN0L8M/JOL",
    "a2TbLUFcRJZ7yhjskqc9Vy",
    "22gPAlzUlGHLOzvWqyepMM",
    "159i3d/ZVLxbj9oJF1Z2M4",
    "25hFKA+iBF9qcSzij00jQn",
    "e2rEGjW4hBA48Y2fH4JA1e",
    "46Ke8RZe9MhrIL/CfZ1oWL"
  ],
  [
    "value",
    "_textureSetter"
  ],
  [
    "cc.SpriteFrame",
    [
      "cc.AnimationClip",
      [
        "_name",
        "_duration",
        "sample",
        "wrapMode",
        "curveData"
      ],
      -1,
      11
    ]
  ],
  [
    [
      1,
      0,
      1,
      2,
      3,
      4,
      5
    ]
  ],
  [
    [
      [
        {
          "name": "MBLightning2",
          "rect": [
            0,
            1,
            409,
            111
          ],
          "offset": [
            -0.5,
            0.5
          ],
          "originalSize": [
            410,
            114
          ],
          "capInsets": [
            0,
            0,
            0,
            0
          ]
        }
      ],
      [
        0
      ],
      0,
      [
        0
      ],
      [
        1
      ],
      [
        1
      ]
    ],
    [
      [
        [
          0,
          "BiGiatSet",
          0.7,
          10,
          2,
          [
            {},
            "comps",
            11,
            [
              {},
              "cc.Sprite",
              11,
              [
                {},
                "spriteFrame",
                12,
                [
                  [
                    [
                      {
                        "frame": 0
                      },
                      "value",
                      6,
                      0
                    ],
                    [
                      {
                        "frame": 0.1
                      },
                      "value",
                      6,
                      1
                    ],
                    [
                      {
                        "frame": 0.2
                      },
                      "value",
                      6,
                      2
                    ],
                    [
                      {
                        "frame": 0.3
                      },
                      "value",
                      6,
                      3
                    ],
                    [
                      {
                        "frame": 0.4
                      },
                      "value",
                      6,
                      4
                    ],
                    [
                      {
                        "frame": 0.5
                      },
                      "value",
                      6,
                      5
                    ],
                    [
                      {
                        "frame": 0.6
                      },
                      "value",
                      6,
                      6
                    ]
                  ],
                  11,
                  11,
                  11,
                  11,
                  11,
                  11,
                  11
                ]
              ]
            ]
          ]
        ]
      ],
      0,
      0,
      [
        0,
        0,
        0,
        0,
        0,
        0,
        0
      ],
      [
        0,
        0,
        0,
        0,
        0,
        0,
        0
      ],
      [
        0,
        2,
        0,
        3,
        4,
        5,
        6
      ]
    ],
    [
      [
        {
          "name": "MBLightning7",
          "rect": [
            0,
            0,
            412,
            87
          ],
          "offset": [
            0,
            0
          ],
          "originalSize": [
            412,
            87
          ],
          "capInsets": [
            0,
            0,
            0,
            0
          ]
        }
      ],
      [
        0
      ],
      0,
      [
        0
      ],
      [
        1
      ],
      [
        7
      ]
    ],
    [
      [
        {
          "name": "MBLightning3",
          "rect": [
            0,
            1,
            408,
            107
          ],
          "offset": [
            -1,
            0.5
          ],
          "originalSize": [
            410,
            110
          ],
          "capInsets": [
            0,
            0,
            0,
            0
          ]
        }
      ],
      [
        0
      ],
      0,
      [
        0
      ],
      [
        1
      ],
      [
        8
      ]
    ],
    [
      [
        {
          "name": "MBLightning6",
          "rect": [
            0,
            0,
            412,
            86
          ],
          "offset": [
            0,
            0
          ],
          "originalSize": [
            412,
            86
          ],
          "capInsets": [
            0,
            0,
            0,
            0
          ]
        }
      ],
      [
        0
      ],
      0,
      [
        0
      ],
      [
        1
      ],
      [
        9
      ]
    ],
    [
      [
        {
          "name": "MBLightning4",
          "rect": [
            0,
            0,
            441,
            97
          ],
          "offset": [
            0,
            0
          ],
          "originalSize": [
            441,
            97
          ],
          "capInsets": [
            0,
            0,
            0,
            0
          ]
        }
      ],
      [
        0
      ],
      0,
      [
        0
      ],
      [
        1
      ],
      [
        10
      ]
    ],
    [
      [
        {
          "name": "MBLightning5",
          "rect": [
            0,
            0,
            412,
            115
          ],
          "offset": [
            0,
            0
          ],
          "originalSize": [
            412,
            115
          ],
          "capInsets": [
            0,
            0,
            0,
            0
          ]
        }
      ],
      [
        0
      ],
      0,
      [
        0
      ],
      [
        1
      ],
      [
        11
      ]
    ]
  ]
]