[
  1,
  [
    "b9uid8WYZEsLtEyxyyTGTI"
  ],
  [
    "_textureSetter"
  ],
  [
    "cc.SpriteFrame"
  ],
  0,
  [
    [
      [
        {
          "name": "fish_net_1",
          "rect": [
            2,
            2,
            126,
            126
          ],
          "offset": [
            0,
            0
          ],
          "originalSize": [
            126,
            126
          ],
          "capInsets": [
            0,
            0,
            0,
            0
          ]
        }
      ],
      [
        0
      ],
      0,
      [
        0
      ],
      [
        0
      ],
      [
        0
      ]
    ],
    [
      [
        {
          "name": "fish_bullet_1",
          "rect": [
            130,
            2,
            26,
            99
          ],
          "offset": [
            0,
            0
          ],
          "originalSize": [
            26,
            99
          ],
          "capInsets": [
            0,
            0,
            0,
            0
          ]
        }
      ],
      [
        0
      ],
      0,
      [
        0
      ],
      [
        0
      ],
      [
        0
      ]
    ]
  ]
]