[
  1,
  [
    "ecpdLyjvZBwrvm+cedCcQy",
    "9cNNqKqV5CV78STBbufNjW",
    "97szl0jRlN44v75hkZZl1Z",
    "9bgiqLXepCLY4Xe/0SRXle",
    "efqnnz+JdFgZEDDXFSqAwm",
    "5beeKg9FdG56BfEeidy+8v",
    "748njUhAJGV5AG40jUYRjx",
    "255sSpaHZHOIrvzp2VmDZ2",
    "6f1qQ7A/lN5YE7tjUUH3u2",
    "9bgAzyC39Bb7RMuDFODn+Q",
    "7d0oLRLS5HOr3t6D/EpIsu",
    "56nZ5JHjlFNLBmzaToHp+f",
    "88tCik0ERPsIqGi9K4TvNT",
    "fdRFLIK01H24aWymfAUKhg",
    "a1oYQ77VZKD6CSyep+Sz4l"
  ],
  [
    "node",
    "_spriteFrame",
    "_textureSetter",
    "root",
    "lb",
    "spImgFish",
    "data",
    "_N$file"
  ],
  [
    "cc.SpriteFrame",
    [
      "cc.Sprite",
      [
        "_sizeMode",
        "_type",
        "node",
        "_materials",
        "_spriteFrame"
      ],
      1,
      1,
      3,
      6
    ],
    [
      "cc.Node",
      [
        "_name",
        "_components",
        "_prefab",
        "_trs",
        "_children",
        "_parent",
        "_contentSize"
      ],
      2,
      9,
      4,
      7,
      2,
      1,
      5
    ],
    [
      "cc.PrefabInfo",
      [
        "fileId",
        "root",
        "asset"
      ],
      2,
      1,
      1
    ],
    [
      "cc.Prefab",
      [
        "_name"
      ],
      2
    ],
    [
      "cc.Node",
      [
        "_name",
        "_parent",
        "_components",
        "_prefab",
        "_contentSize",
        "_trs"
      ],
      2,
      1,
      12,
      4,
      5,
      7
    ],
    [
      "cc.Node",
      [
        "_name",
        "_parent",
        "_components",
        "_prefab",
        "_contentSize",
        "_trs"
      ],
      2,
      1,
      2,
      4,
      5,
      7
    ],
    [
      "cc.Animation",
      [
        "node",
        "_clips"
      ],
      3,
      1,
      3
    ],
    [
      "c3f78lBriRGGJtMP7eoeqrr",
      [
        "node",
        "listSf",
        "spImgFish",
        "lb"
      ],
      3,
      1,
      3,
      1,
      1
    ],
    [
      "cc.Label",
      [
        "_string",
        "_isSystemFontUsed",
        "node",
        "_materials",
        "_N$file"
      ],
      1,
      1,
      3,
      6
    ],
    [
      "51285Z3WLtLkq3nj7qtpTPH",
      [
        "time",
        "node"
      ],
      2,
      1
    ],
    [
      "cc.AnimationClip",
      [
        "_name",
        "_duration",
        "events",
        "curveData"
      ],
      0,
      11
    ]
  ],
  [
    [
      3,
      0,
      1,
      2,
      2
    ],
    [
      2,
      0,
      5,
      1,
      2,
      6,
      3,
      2
    ],
    [
      1,
      2,
      3,
      4,
      1
    ],
    [
      4,
      0,
      2
    ],
    [
      2,
      0,
      4,
      1,
      2,
      3,
      2
    ],
    [
      2,
      0,
      5,
      4,
      1,
      2,
      6,
      3,
      2
    ],
    [
      5,
      0,
      1,
      2,
      3,
      4,
      5,
      2
    ],
    [
      6,
      0,
      1,
      2,
      3,
      4,
      5,
      2
    ],
    [
      7,
      0,
      1,
      1
    ],
    [
      8,
      0,
      1,
      2,
      3,
      1
    ],
    [
      3,
      1,
      2,
      1
    ],
    [
      1,
      1,
      0,
      2,
      3,
      4,
      3
    ],
    [
      1,
      0,
      2,
      3,
      4,
      2
    ],
    [
      1,
      2,
      3,
      1
    ],
    [
      9,
      0,
      1,
      2,
      3,
      4,
      3
    ],
    [
      10,
      0,
      1,
      2
    ],
    [
      11,
      0,
      1,
      2,
      3,
      4
    ]
  ],
  [
    [
      [
        {
          "name": "Background (6)",
          "rect": [
            0,
            0,
            228,
            80
          ],
          "offset": [
            0,
            0
          ],
          "originalSize": [
            228,
            80
          ],
          "capInsets": [
            87,
            0,
            83,
            0
          ]
        }
      ],
      [
        0
      ],
      0,
      [
        0
      ],
      [
        2
      ],
      [
        2
      ]
    ],
    [
      [
        [
          3,
          "ThangLon"
        ],
        [
          4,
          "ThangLon",
          [
            -6,
            -7,
            -8,
            -9,
            -10
          ],
          [
            [
              8,
              -2,
              [
                11
              ]
            ],
            [
              9,
              -5,
              [
                12,
                13,
                14,
                15
              ],
              -4,
              -3
            ]
          ],
          [
            10,
            -1,
            0
          ],
          [
            375,
            48,
            0,
            0,
            0,
            0,
            1,
            1,
            1,
            1
          ]
        ],
        [
          5,
          "Background (6)",
          1,
          [
            -12
          ],
          [
            [
              11,
              1,
              0,
              -11,
              [
                8
              ],
              9
            ]
          ],
          [
            0,
            "f9C7B+w3hLSIh1jlRKeG2T",
            1,
            0
          ],
          [
            5,
            250,
            80
          ],
          [
            0,
            38.611,
            0,
            0,
            0,
            0,
            1,
            1,
            1,
            1
          ]
        ],
        [
          6,
          "fontNumberGold-export",
          2,
          [
            [
              [
                14,
                "1.000.000",
                false,
                -13,
                [
                  6
                ],
                7
              ],
              -14
            ],
            4,
            1
          ],
          [
            0,
            "eeiTmIIJdPR6BzUd91YQYK",
            1,
            0
          ],
          [
            5,
            184,
            40
          ],
          [
            0,
            14.772,
            0,
            0,
            0,
            0,
            1,
            1,
            1,
            1
          ]
        ],
        [
          1,
          "Light Circle",
          1,
          [
            [
              2,
              -15,
              [
                0
              ],
              1
            ]
          ],
          [
            0,
            "95dIfnLE9E3YgZ1Bzyare3",
            1,
            0
          ],
          [
            5,
            160,
            161
          ],
          [
            0,
            144.909,
            0,
            0,
            0,
            0,
            1,
            1.6,
            1.6,
            1
          ]
        ],
        [
          1,
          "Lớp 1 (1)",
          1,
          [
            [
              2,
              -16,
              [
                2
              ],
              3
            ]
          ],
          [
            0,
            "101fHThWBCv54eeo/XxiJW",
            1,
            0
          ],
          [
            5,
            198,
            197
          ],
          [
            0,
            144.909,
            0,
            0,
            0,
            0,
            1,
            1,
            1,
            1
          ]
        ],
        [
          1,
          "Spinner",
          1,
          [
            [
              12,
              0,
              -17,
              [
                4
              ],
              5
            ]
          ],
          [
            0,
            "d7sywXuOhDVIrZk0aP7yrb",
            1,
            0
          ],
          [
            5,
            150,
            150
          ],
          [
            0,
            144.909,
            0,
            0,
            0,
            0,
            1,
            1,
            1,
            1
          ]
        ],
        [
          15,
          2,
          3
        ],
        [
          7,
          "fish_1305_01",
          1,
          [
            -18
          ],
          [
            0,
            "d1i6ik4J9IPJ7wOYY6IDi3",
            1,
            0
          ],
          [
            5,
            616,
            706
          ],
          [
            29.598,
            157.431,
            0,
            0,
            0,
            0,
            1,
            0.7,
            0.7,
            1
          ]
        ],
        [
          13,
          8,
          [
            10
          ]
        ]
      ],
      0,
      [
        0,
        3,
        1,
        0,
        0,
        1,
        0,
        4,
        7,
        0,
        5,
        9,
        0,
        0,
        1,
        0,
        -1,
        4,
        0,
        -2,
        5,
        0,
        -3,
        6,
        0,
        -4,
        2,
        0,
        -5,
        8,
        0,
        0,
        2,
        0,
        -1,
        3,
        0,
        0,
        3,
        0,
        -2,
        7,
        0,
        0,
        4,
        0,
        0,
        5,
        0,
        0,
        6,
        0,
        -1,
        9,
        0,
        6,
        1,
        18
      ],
      [
        0,
        0,
        0,
        0,
        0,
        0,
        0,
        0,
        0,
        0,
        0,
        0,
        0,
        0,
        0,
        0,
        9
      ],
      [
        -1,
        1,
        -1,
        1,
        -1,
        1,
        -1,
        7,
        -1,
        1,
        -1,
        -1,
        -1,
        -2,
        -3,
        -4,
        1
      ],
      [
        0,
        3,
        0,
        4,
        0,
        5,
        0,
        6,
        0,
        7,
        0,
        8,
        9,
        1,
        10,
        11,
        1
      ]
    ],
    [
      [
        {
          "name": "Spinner",
          "rect": [
            0,
            0,
            87,
            87
          ],
          "offset": [
            0,
            0
          ],
          "originalSize": [
            87,
            87
          ],
          "capInsets": [
            0,
            0,
            0,
            0
          ]
        }
      ],
      [
        0
      ],
      0,
      [
        0
      ],
      [
        2
      ],
      [
        12
      ]
    ],
    [
      [
        [
          16,
          "ThangLon",
          3.783333333333333,
          [
            {
              "frame": 3.5,
              "func": "aniFinish",
              "params": []
            }
          ],
          [
            {},
            "props",
            11,
            [
              {},
              "scale",
              12,
              [
                [
                  [
                    {
                      "frame": 0,
                      "curve": [
                        0.18,
                        0.89,
                        0.4997773279352227,
                        1.5473819163292846
                      ]
                    },
                    "value",
                    8,
                    [
                      0,
                      0,
                      0
                    ]
                  ],
                  [
                    {
                      "frame": 0.43333333333333335
                    },
                    "value",
                    8,
                    [
                      0,
                      1,
                      1
                    ]
                  ],
                  [
                    {
                      "frame": 3,
                      "curve": [
                        0.6,
                        -0.27,
                        0.73,
                        0.04
                      ]
                    },
                    "value",
                    8,
                    [
                      0,
                      1,
                      1
                    ]
                  ],
                  [
                    {
                      "frame": 3.5
                    },
                    "value",
                    8,
                    [
                      0,
                      0,
                      0
                    ]
                  ]
                ],
                11,
                11,
                11,
                11
              ]
            ],
            "paths",
            11,
            [
              {
                "Light Circle": {
                  "props": {
                    "opacity": [
                      {
                        "frame": 0,
                        "value": 255
                      },
                      {
                        "frame": 0.43333333333333335,
                        "value": 50
                      },
                      {
                        "frame": 0.6666666666666666,
                        "value": 255
                      },
                      {
                        "frame": 1.0666666666666667,
                        "value": 50
                      },
                      {
                        "frame": 1.3,
                        "value": 255
                      },
                      {
                        "frame": 1.6666666666666667,
                        "value": 50
                      },
                      {
                        "frame": 1.9,
                        "value": 255
                      },
                      {
                        "frame": 2.316666666666667,
                        "value": 50
                      },
                      {
                        "frame": 2.55,
                        "value": 255
                      },
                      {
                        "frame": 2.95,
                        "value": 50
                      },
                      {
                        "frame": 3.183333333333333,
                        "value": 255
                      },
                      {
                        "frame": 3.55,
                        "value": 50
                      },
                      {
                        "frame": 3.783333333333333,
                        "value": 255
                      }
                    ]
                  }
                },
                "Lớp 1 (1)": {
                  "props": {
                    "angle": [
                      {
                        "frame": 0,
                        "value": 0
                      },
                      {
                        "frame": 3.783333333333333,
                        "value": 1600
                      }
                    ]
                  }
                }
              },
              "Background (6)",
              11,
              [
                {},
                "props",
                11,
                [
                  {},
                  "scale",
                  12,
                  [
                    [
                      [
                        {
                          "frame": 0
                        },
                        "value",
                        8,
                        [
                          0,
                          0,
                          0
                        ]
                      ],
                      [
                        {
                          "frame": 0.35,
                          "curve": [
                            0.18,
                            0.89,
                            0.31,
                            1.21
                          ]
                        },
                        "value",
                        8,
                        [
                          0,
                          0,
                          0
                        ]
                      ],
                      [
                        {
                          "frame": 0.8166666666666667
                        },
                        "value",
                        8,
                        [
                          0,
                          1,
                          1
                        ]
                      ]
                    ],
                    11,
                    11,
                    11
                  ]
                ]
              ],
              "fish_1305_01",
              11,
              [
                {},
                "props",
                11,
                [
                  {},
                  "scale",
                  12,
                  [
                    [
                      [
                        {
                          "frame": 0
                        },
                        "value",
                        8,
                        [
                          0,
                          0.7,
                          0.7
                        ]
                      ],
                      [
                        {
                          "frame": 0.25
                        },
                        "value",
                        8,
                        [
                          0,
                          0.8,
                          0.8
                        ]
                      ],
                      [
                        {
                          "frame": 0.48333333333333334
                        },
                        "value",
                        8,
                        [
                          0,
                          0.7,
                          0.7
                        ]
                      ],
                      [
                        {
                          "frame": 0.7333333333333333
                        },
                        "value",
                        8,
                        [
                          0,
                          0.8,
                          0.8
                        ]
                      ],
                      [
                        {
                          "frame": 0.9666666666666667
                        },
                        "value",
                        8,
                        [
                          0,
                          0.7,
                          0.7
                        ]
                      ],
                      [
                        {
                          "frame": 1.2166666666666666
                        },
                        "value",
                        8,
                        [
                          0,
                          0.8,
                          0.8
                        ]
                      ],
                      [
                        {
                          "frame": 1.4666666666666666
                        },
                        "value",
                        8,
                        [
                          0,
                          0.7,
                          0.7
                        ]
                      ],
                      [
                        {
                          "frame": 1.7166666666666666
                        },
                        "value",
                        8,
                        [
                          0,
                          0.8,
                          0.8
                        ]
                      ],
                      [
                        {
                          "frame": 1.9666666666666666
                        },
                        "value",
                        8,
                        [
                          0,
                          0.7,
                          0.7
                        ]
                      ],
                      [
                        {
                          "frame": 2.216666666666667
                        },
                        "value",
                        8,
                        [
                          0,
                          0.8,
                          0.8
                        ]
                      ],
                      [
                        {
                          "frame": 2.4
                        },
                        "value",
                        8,
                        [
                          0,
                          0.7,
                          0.7
                        ]
                      ],
                      [
                        {
                          "frame": 2.65
                        },
                        "value",
                        8,
                        [
                          0,
                          0.8,
                          0.8
                        ]
                      ],
                      [
                        {
                          "frame": 2.8833333333333333
                        },
                        "value",
                        8,
                        [
                          0,
                          0.7,
                          0.7
                        ]
                      ],
                      [
                        {
                          "frame": 3.1333333333333333
                        },
                        "value",
                        8,
                        [
                          0,
                          0.8,
                          0.8
                        ]
                      ],
                      [
                        {
                          "frame": 3.3666666666666667
                        },
                        "value",
                        8,
                        [
                          0,
                          0.7,
                          0.7
                        ]
                      ],
                      [
                        {
                          "frame": 3.6166666666666667
                        },
                        "value",
                        8,
                        [
                          0,
                          0.8,
                          0.8
                        ]
                      ]
                    ],
                    11,
                    11,
                    11,
                    11,
                    11,
                    11,
                    11,
                    11,
                    11,
                    11,
                    11,
                    11,
                    11,
                    11,
                    11,
                    11
                  ]
                ]
              ]
            ]
          ]
        ]
      ],
      0,
      0,
      [],
      [],
      []
    ],
    [
      [
        {
          "name": "Light Circle",
          "rect": [
            2,
            1,
            160,
            161
          ],
          "offset": [
            0,
            0.5
          ],
          "originalSize": [
            164,
            164
          ],
          "capInsets": [
            0,
            0,
            0,
            0
          ]
        }
      ],
      [
        0
      ],
      0,
      [
        0
      ],
      [
        2
      ],
      [
        13
      ]
    ],
    [
      [
        {
          "name": "Frame Thang Lon",
          "rect": [
            0,
            0,
            198,
            197
          ],
          "offset": [
            -1,
            0.5
          ],
          "originalSize": [
            200,
            198
          ],
          "capInsets": [
            0,
            0,
            0,
            0
          ]
        }
      ],
      [
        0
      ],
      0,
      [
        0
      ],
      [
        2
      ],
      [
        14
      ]
    ]
  ]
]