[
  1,
  [
    "fbjlkabHpMIojtE3Uhtvpv"
  ],
  [
    "_effectAsset"
  ],
  [
    [
      "cc.Material",
      [
        "_name",
        "_techniqueData"
      ],
      1
    ],
    [
      "cc.EffectAsset",
      [
        "_name",
        "shaders",
        "techniques"
      ],
      0
    ]
  ],
  [
    [
      0,
      0,
      1,
      3
    ],
    [
      1,
      0,
      1,
      2,
      4
    ]
  ],
  [
    [
      [
        [
          0,
          "sprite-flag",
          {
            "0": {
              "defines": {
                "USE_TEXTURE": true
              }
            }
          }
        ]
      ],
      0,
      0,
      [
        0
      ],
      [
        0
      ],
      [
        0
      ]
    ],
    [
      [
        [
          1,
          "sprite-flag",
          [
            {
              "hash": 54660402,
              "record": null,
              "name": "sprite-flag|vs|fs",
              "glsl3": {
                "vert": "\nprecision highp float;\nuniform CCLocal {\n  mat4 cc_matWorld;\n  mat4 cc_matWorldIT;\n};\nuniform CCGlobal {\n  mat4 cc_matView;\n  mat4 cc_matViewInv;\n  mat4 cc_matProj;\n  mat4 cc_matProjInv;\n  mat4 cc_matViewProj;\n  mat4 cc_matViewProjInv;\n  vec4 cc_cameraPos;\n  vec4 cc_time;\n  mediump vec4 cc_screenSize;\n  mediump vec4 cc_screenScale;\n};\nin vec3 a_position;\nuniform LAMYOUMG_COM {\n  float textureWidth;\n  float speed;\n  float amplitude;\n  float wave;\n  vec2 startPos;\n};\n#if USE_TEXTURE\n  in mediump vec2 a_uv0;\n  out mediump vec2 v_uv0;\n#endif\nvoid main () {\n  float angleSpanH = wave * 3.14159265;\n  float pz = amplitude * sin(cc_time.x * speed - (a_position.x - startPos.x + a_position.y - startPos.y) / textureWidth * angleSpanH);\n  vec4 position = vec4(a_position.x, a_position.y + pz, a_position.z, 1);\n  #if USE_TEXTURE\n    v_uv0 = a_uv0;\n  #endif\n  gl_Position = cc_matViewProj * cc_matWorld * position;\n}",
                "frag": "uniform CCGlobal {\n  mat4 cc_matView;\n  mat4 cc_matViewInv;\n  mat4 cc_matProj;\n  mat4 cc_matProjInv;\n  mat4 cc_matViewProj;\n  mat4 cc_matViewProjInv;\n  vec4 cc_cameraPos;\n  vec4 cc_time;\n  mediump vec4 cc_screenSize;\n  mediump vec4 cc_screenScale;\n};\nprecision highp float;\n#if USE_TEXTURE\n  in vec2 v_uv0;\n  uniform sampler2D texture;\n#endif\nvoid main () {\n  vec4 o = vec4(1, 1, 1, 1);\n  #if USE_TEXTURE\n    o *= texture(texture, v_uv0);\n  #endif\n  gl_FragColor = o;\n}"
              },
              "glsl1": {
                "vert": "\nprecision highp float;\nuniform mat4 cc_matWorld;\nuniform mat4 cc_matViewProj;\nuniform vec4 cc_time;\nattribute vec3 a_position;\nuniform float textureWidth;\nuniform float speed;\nuniform float amplitude;\nuniform float wave;\nuniform vec2 startPos;\n#if USE_TEXTURE\n  attribute mediump vec2 a_uv0;\n  varying mediump vec2 v_uv0;\n#endif\nvoid main () {\n  float angleSpanH = wave * 3.14159265;\n  float pz = amplitude * sin(cc_time.x * speed - (a_position.x - startPos.x + a_position.y - startPos.y) / textureWidth * angleSpanH);\n  vec4 position = vec4(a_position.x, a_position.y + pz, a_position.z, 1);\n  #if USE_TEXTURE\n    v_uv0 = a_uv0;\n  #endif\n  gl_Position = cc_matViewProj * cc_matWorld * position;\n}",
                "frag": "\nprecision highp float;\n#if USE_TEXTURE\n  varying vec2 v_uv0;\n  uniform sampler2D texture;\n#endif\nvoid main () {\n  vec4 o = vec4(1, 1, 1, 1);\n  #if USE_TEXTURE\n    o *= texture2D(texture, v_uv0);\n  #endif\n  gl_FragColor = o;\n}"
              },
              "builtins": {
                "globals": {
                  "blocks": [
                    {
                      "name": "CCGlobal",
                      "defines": []
                    }
                  ],
                  "samplers": []
                },
                "locals": {
                  "blocks": [
                    {
                      "name": "CCLocal",
                      "defines": []
                    }
                  ],
                  "samplers": []
                }
              },
              "defines": [
                {
                  "name": "USE_TEXTURE",
                  "type": "boolean",
                  "defines": []
                }
              ],
              "blocks": [
                {
                  "name": "LAMYOUMG_COM",
                  "binding": 0,
                  "members": [
                    {
                      "name": "textureWidth",
                      "type": 13,
                      "count": 1
                    },
                    {
                      "name": "speed",
                      "type": 13,
                      "count": 1
                    },
                    {
                      "name": "amplitude",
                      "type": 13,
                      "count": 1
                    },
                    {
                      "name": "wave",
                      "type": 13,
                      "count": 1
                    },
                    {
                      "name": "startPos",
                      "type": 14,
                      "count": 1
                    }
                  ],
                  "defines": []
                }
              ],
              "samplers": [
                {
                  "name": "texture",
                  "type": 29,
                  "count": 1,
                  "binding": 30,
                  "defines": [
                    "USE_TEXTURE"
                  ]
                }
              ]
            }
          ],
          [
            {
              "passes": [
                {
                  "program": "sprite-flag|vs|fs",
                  "blendState": {
                    "targets": [
                      {
                        "blend": true
                      }
                    ]
                  },
                  "rasterizerState": {
                    "cullMode": 0
                  },
                  "properties": {
                    "texture": {
                      "value": "white",
                      "type": 29
                    },
                    "textureWidth": {
                      "type": 13,
                      "value": [
                        600
                      ]
                    },
                    "speed": {
                      "type": 13,
                      "value": [
                        10
                      ]
                    },
                    "amplitude": {
                      "type": 13,
                      "value": [
                        5
                      ]
                    },
                    "wave": {
                      "type": 13,
                      "value": [
                        5
                      ]
                    },
                    "startPos": {
                      "type": 14,
                      "value": [
                        0,
                        0
                      ]
                    }
                  }
                }
              ]
            }
          ]
        ]
      ],
      0,
      0,
      [],
      [],
      []
    ]
  ]
]