[
  1,
  [
    "acARtxAKdPvaYCMCGjFlz3",
    "7cjU5IaS1KF5hNStG4wEd6",
    "30L1WVI7RHBpg3iJ8XtSyk",
    "f0h6fijSpL04cbIMvavOO1",
    "5epiSdwOJL/6U+xeATMXz9",
    "10NbZdwUtL2p6fddpFSVoS",
    "20RfNfrGFLVb4o4EO4h3cK",
    "54eV9wnnBB+YcE20vhZT0V",
    "11GSr8xH1HPY8PJwSBEcvl",
    "2fl3bIFBFD+IiGxIvkMqn/",
    "faqOuy1OBIzp/1zRZNXS1t"
  ],
  [
    "_textureSetter",
    "0",
    "1",
    "2",
    "3",
    "4",
    "5",
    "6",
    "7",
    "8",
    "9"
  ],
  [
    "cc.SpriteFrame",
    [
      "cc.SpriteAtlas",
      [
        "_name",
        "_spriteFrames"
      ],
      2,
      11
    ]
  ],
  [
    [
      1,
      0,
      1,
      2
    ]
  ],
  [
    [
      [
        {
          "name": "4",
          "rect": [
            130,
            89,
            64,
            88
          ],
          "offset": [
            0,
            0
          ],
          "originalSize": [
            64,
            88
          ],
          "capInsets": [
            0,
            0,
            0,
            0
          ]
        }
      ],
      [
        0
      ],
      0,
      [
        0
      ],
      [
        0
      ],
      [
        0
      ]
    ],
    [
      [
        {
          "name": "7",
          "rect": [
            65,
            0,
            64,
            88
          ],
          "offset": [
            0,
            0
          ],
          "originalSize": [
            64,
            88
          ],
          "capInsets": [
            0,
            0,
            0,
            0
          ]
        }
      ],
      [
        0
      ],
      0,
      [
        0
      ],
      [
        0
      ],
      [
        0
      ]
    ],
    [
      [
        {
          "name": "5",
          "rect": [
            260,
            89,
            64,
            88
          ],
          "offset": [
            0,
            0
          ],
          "originalSize": [
            64,
            88
          ],
          "capInsets": [
            0,
            0,
            0,
            0
          ]
        }
      ],
      [
        0
      ],
      0,
      [
        0
      ],
      [
        0
      ],
      [
        0
      ]
    ],
    [
      [
        {
          "name": "8",
          "rect": [
            0,
            89,
            64,
            88
          ],
          "offset": [
            0,
            0
          ],
          "originalSize": [
            64,
            88
          ],
          "capInsets": [
            0,
            0,
            0,
            0
          ]
        }
      ],
      [
        0
      ],
      0,
      [
        0
      ],
      [
        0
      ],
      [
        0
      ]
    ],
    [
      [
        {
          "name": "1",
          "rect": [
            260,
            0,
            64,
            88
          ],
          "offset": [
            0,
            0
          ],
          "originalSize": [
            64,
            88
          ],
          "capInsets": [
            0,
            0,
            0,
            0
          ]
        }
      ],
      [
        0
      ],
      0,
      [
        0
      ],
      [
        0
      ],
      [
        0
      ]
    ],
    [
      [
        {
          "name": "6",
          "rect": [
            65,
            89,
            64,
            88
          ],
          "offset": [
            0,
            0
          ],
          "originalSize": [
            64,
            88
          ],
          "capInsets": [
            0,
            0,
            0,
            0
          ]
        }
      ],
      [
        0
      ],
      0,
      [
        0
      ],
      [
        0
      ],
      [
        0
      ]
    ],
    [
      [
        {
          "name": "3",
          "rect": [
            195,
            0,
            64,
            88
          ],
          "offset": [
            0,
            0
          ],
          "originalSize": [
            64,
            88
          ],
          "capInsets": [
            0,
            0,
            0,
            0
          ]
        }
      ],
      [
        0
      ],
      0,
      [
        0
      ],
      [
        0
      ],
      [
        0
      ]
    ],
    [
      [
        {
          "name": "0",
          "rect": [
            130,
            0,
            64,
            88
          ],
          "offset": [
            0,
            0
          ],
          "originalSize": [
            64,
            88
          ],
          "capInsets": [
            0,
            0,
            0,
            0
          ]
        }
      ],
      [
        0
      ],
      0,
      [
        0
      ],
      [
        0
      ],
      [
        0
      ]
    ],
    [
      [
        [
          0,
          "Free_MSG_FNT.plist",
          [
            {},
            "0",
            6,
            0,
            "1",
            6,
            1,
            "2",
            6,
            2,
            "3",
            6,
            3,
            "4",
            6,
            4,
            "5",
            6,
            5,
            "6",
            6,
            6,
            "7",
            6,
            7,
            "8",
            6,
            8,
            "9",
            6,
            9
          ]
        ]
      ],
      0,
      0,
      [
        0,
        0,
        0,
        0,
        0,
        0,
        0,
        0,
        0,
        0
      ],
      [
        1,
        2,
        3,
        4,
        5,
        6,
        7,
        8,
        9,
        10
      ],
      [
        1,
        2,
        3,
        4,
        5,
        6,
        7,
        8,
        9,
        10
      ]
    ],
    [
      [
        {
          "name": "2",
          "rect": [
            195,
            89,
            64,
            88
          ],
          "offset": [
            0,
            0
          ],
          "originalSize": [
            64,
            88
          ],
          "capInsets": [
            0,
            0,
            0,
            0
          ]
        }
      ],
      [
        0
      ],
      0,
      [
        0
      ],
      [
        0
      ],
      [
        0
      ]
    ],
    [
      [
        {
          "name": "9",
          "rect": [
            0,
            0,
            64,
            88
          ],
          "offset": [
            0,
            0
          ],
          "originalSize": [
            64,
            88
          ],
          "capInsets": [
            0,
            0,
            0,
            0
          ]
        }
      ],
      [
        0
      ],
      0,
      [
        0
      ],
      [
        0
      ],
      [
        0
      ]
    ]
  ]
]