[1,["ecpdLyjvZBwrvm+cedCcQy","7atnkm+vtBk6Mvv8DBz46m","abJz3TwGRFm7fxAspq17St","76rygIn3lLkq4+jWqLaeYd","a2MjXRFdtLlYQ5ouAFv/+R","76Oo+hdZBIC58PkmtS6Hpa","02cJcxcaVMbIKO0vvc5Eou","7a/QZLET9IDreTiBfRn2PD","eaj8VpXT5MJ5Vp/uANoEgG","99FpKKSDRNlIeYv8nZIC20","28rNIufhJMaanTCESkzdIh","33IscwLB9N1Zs+pSPybwCn","d7FJaLcBJN0LS8pUgyhcaS","c0SMPrZ0tHRYfLuC2OKKU3","4eyPNrnRxA2KSxbuAXGfV2"],["node","_N$file","_spriteFrame","root","_parent","_N$skeletonData","_textureSetter","_N$content","parentItem","data"],[["cc.Node",["_name","_opacity","_active","_prefab","_contentSize","_components","_parent","_trs","_children","_anchorPoint","_color"],0,4,5,9,1,7,2,5,5],["cc.Sprite",["_sizeMode","_type","node","_materials","_spriteFrame"],1,1,3,6],["cc.Label",["_string","_isSystemFontUsed","_fontSize","_N$verticalAlign","_lineHeight","_N$horizontalAlign","node","_materials","_N$file"],-3,1,3,6],["cc.PrefabInfo",["fileId","root","asset"],2,1,1],"cc.SpriteFrame",["cc.Prefab",["_name"],2],["cc.ScrollView",["horizontal","brake","bounceDuration","_N$horizontalScrollBar","_N$verticalScrollBar","node","_N$content"],-2,1,1],["c06aeGh69JJKYu1D8xtM1Fn",["node"],3,1],["cc.BlockInputEvents",["node"],3,1],["c1c17E3ypRP6bi2UeaRmXpr",["node","parentItem"],3,1,1],["cc.Layout",["_resize","_N$layoutType","node","_layoutSize"],1,1,5],["b276c7Z0cpB2resRj2n2r/Y",["node"],3,1],["cc.Mask",["_N$alphaThreshold","node","_materials"],2,1,3],["cc.Widget",["_alignFlags","_top","_originalWidth","node"],0,1],["cc.Button",["node","clickEvents"],3,1,9],["cc.ClickEvent",["_componentId","handler","target"],1,1],["sp.Skeleton",["defaultSkin","defaultAnimation","_preCacheMode","_cacheMode","_animationName","node","_materials","_N$skeletonData"],-2,1,3,6]],[[3,0,1,2],[0,0,6,5,3,4,7,2],[2,0,2,4,1,5,3,6,7,8,7],[1,0,2,3,4,2],[3,0,1,2,2],[11,0,1],[2,0,2,1,3,6,7,8,5],[0,0,2,6,8,5,3,4,7,3],[1,0,2,3,2],[0,0,6,5,3,4,9,7,2],[1,2,3,4,1],[0,0,6,8,5,3,4,7,2],[0,0,1,6,5,3,10,4,9,7,3],[0,0,6,5,3,10,4,9,7,2],[2,0,2,1,6,7,8,4],[0,0,6,5,3,10,4,7,2],[7,0,1],[16,0,1,2,3,4,5,6,7,6],[5,0,2],[0,0,8,5,3,4,7,2],[0,0,8,5,3,4,2],[0,0,8,5,3,4,9,7,2],[0,0,6,8,3,7,2],[0,0,1,6,5,3,10,4,3],[0,0,6,8,3,4,2],[0,0,6,5,3,4,2],[6,0,1,2,3,4,5,6,6],[3,1,2,1],[8,0,1],[9,0,1,1],[10,0,1,2,3,3],[12,0,1,2,2],[13,0,1,2,3,4],[1,1,0,2,3,4,3],[14,0,1,1],[15,0,1,2,3],[2,0,1,6,7,8,3]],[[[{"name":"Rank3","rect":[0,0,36,38],"offset":[0,0],"originalSize":[36,38],"capInsets":[0,0,0,0]}],[4],0,[0],[6],[9]],[[[18,"TopTaiXiu"],[19,"scrollview",[-4],[[26,false,0.75,0.23,null,null,-3,-2]],[0,"54ujsiUdNF2KMagJvbhFDG",-1],[5,900,404],[0,-61.1,0,0,0,0,1,1,1,1]],[20,"TopTaiXiu",[-10,-11,-12,-13,-14,-15,1,-16,-17],[[16,-6],[28,-7],[29,-9,-8]],[27,-5,0],[5,1280,720]],[21,"ParentItem",[-19,-20,-21,-22,-23,-24,-25,-26,-27,-28],[[30,1,2,-18,[5,900,70]]],[0,"2etpO2dLtLyIZjxvKa9Ajj",1],[5,900,70],[0,0.5,1],[0,205.54,0,0,0,0,1,1,1,1]],[11,"ItemRank",3,[-30,-31,-32,-33,-34,-35],[[5,-29]],[0,"ddzmNvVtBIv5cB5thMv5k5",1],[5,900,70],[0,-35,0,0,0,0,1,1,1,1]],[7,"ItemRank copy",false,3,[-37,-38,-39,-40,-41,-42],[[5,-36]],[0,"4dhiAqAxtP571o+qVSB+fo",1],[5,900,70],[0,-105,0,0,0,0,1,1,1,1]],[7,"ItemRank copy",false,3,[-44,-45,-46,-47,-48,-49],[[5,-43]],[0,"0bcdkNcDJBC7KeuxQ8jraC",1],[5,900,70],[0,-175,0,0,0,0,1,1,1,1]],[7,"ItemRank copy",false,3,[-51,-52,-53,-54,-55],[[5,-50]],[0,"252/1Kk7NAQY9j/d9kEZVR",1],[5,900,60],[0,-100,0,0,0,0,1,1,1,1]],[7,"ItemRank copy",false,3,[-57,-58,-59,-60,-61],[[5,-56]],[0,"ebz9kLOnxDZ61rRRRMLfnL",1],[5,900,60],[0,-330,0,0,0,0,1,1,1,1]],[7,"ItemRank copy",false,3,[-63,-64,-65,-66,-67],[[5,-62]],[0,"e22w981bxKLJQzVq90qWDW",1],[5,900,60],[0,-390,0,0,0,0,1,1,1,1]],[7,"ItemRank copy",false,3,[-69,-70,-71,-72,-73],[[5,-68]],[0,"c14W0ec8pKoZzQ9VicJ8nF",1],[5,900,60],[0,-450,0,0,0,0,1,1,1,1]],[7,"ItemRank copy",false,3,[-75,-76,-77,-78,-79],[[5,-74]],[0,"f9b7yKEBNFw7BZ8vRczrKN",1],[5,900,60],[0,-510,0,0,0,0,1,1,1,1]],[7,"ItemRank copy",false,3,[-81,-82,-83,-84,-85],[[5,-80]],[0,"c4dxfiFLZMzKjB6XUKe+8E",1],[5,900,60],[0,-570,0,0,0,0,1,1,1,1]],[7,"ItemRank copy",false,3,[-87,-88,-89,-90,-91],[[5,-86]],[0,"c1Gunn+hJK4LyWwVgT/lPl",1],[5,900,60],[0,-630,0,0,0,0,1,1,1,1]],[11,"view",1,[3],[[31,0,-92,[111]],[32,41,1.1379786002407855e-14,900,-93]],[0,"c1dc9Kk/CRJqaNnBOP4YGDS",1],[5,900,403.4],[0,0.30000000000001137,0,0,0,0,1,1,1,1]],[22,"ParentHeader",2,[-94,-95,-96],[4,"f8unK01lxAVbB0TZvBIVvP",2,0],[0,-9.566,0,0,0,0,1,1,1,1]],[23,"sprite_splash",150,2,[[3,0,-97,[0],1],[16,-98]],[4,"38JW6WsklH2aHQGARbtgde",2,0],[4,4278190080],[5,1280,720]],[24,"Alats7_33",2,[-99,-100],[4,"aefgTgxy9BYZRNcG15OTek",2,0],[5,940.8,599.2]],[15,"sprite_splash",2,[[3,0,-102,[10],11]],[0,"33ks6wsmBJK4CMDSu5T4Kx",-101],[4,4289917183],[5,1,400],[-247.6,-59.523,0,0,0,0,1,1,1,1]],[15,"sprite_splash copy",2,[[3,0,-104,[12],13]],[0,"15UdG0iChHd7jqtR4P9QDK",-103],[4,4289917183],[5,1,400],[139.829,-59.49,0,0,0,0,1,1,1,1]],[11,"BtnClose",2,[-106],[[34,-105,[[35,"c1c17E3ypRP6bi2UeaRmXpr","onClickClose",2]]]],[4,"f7dPVTYqZFLZm6m5QiiS96",2,0],[5,96,50],[552.721,179.655,0,0,0,0,1,1,1,1]],[1,"bgPopup",17,[[10,-107,[2],3]],[4,"9a7u7RChZEx5irfsJ0J0T/",2,0],[5,626,667],[313,0,0,0,0,0,1,-1,1,1]],[1,"bgPopup copy",17,[[10,-108,[4],5]],[4,"30maTldltDRYtT6f+iHx88",2,0],[5,626,667],[-313,0,0,0,0,0,1,1,1,1]],[1,"boderNhoCopy",2,[[33,1,0,-109,[6],7]],[4,"d6XPAVPdVP/ptA0WZYp26B",2,0],[5,910,470],[0,-30.584,0,0,0,0,1,1,1,1]],[1,"Title",2,[[36,"XẾP HẠNG TÀI XỈU",false,-110,[8],9]],[4,"87gyPAIThNE6qeorF3bGxI",2,0],[5,401.25,40],[0,317.073,0,0,0,0,1,1,1,1]],[12,"rank",0,4,[[2,"-",30,20,false,1,1,-111,[14],15]],[0,"1euWXClSxJRZbGg4N8+e3A",1],[4,4278190335],[5,9.45,25.2],[0,0,0.5],[-351.666,2.429,0,0,0,0,1,1,1,1]],[13,"nickName",4,[[2,"-",30,35,false,1,1,-112,[16],17]],[0,"35EiBrij5EyKO7v9AAxrEx",1],[4,4278190335],[5,9.45,44.1],[0,0,0.5],[-120,2.429,0,0,0,0,1,1,1,1]],[1,"tongCuoc",4,[[6,"123",11,false,1,-113,[18],19]],[0,"55FLl7FAZGuarAp/xP76Rb",1],[5,49.5,40],[307,7.269,0,0,0,0,1,1,1,1]],[1,"Rank1_Mini",4,[[17,"default","Rank1",1,1,"Rank1",-114,[20],21]],[0,"ebGt3QoH5NJ64Cw5bb4swn",1],[5,122.39,130.51],[-349.995,0,0,0,0,0,1,0.6,0.6,1]],[1,"ava",4,[[8,0,-115,[22]]],[0,"79zPeIKXtGNJa2jlx7/PU1",1],[5,117,120],[-173.293,0.106,0,0,0,0,1,0.4,0.4,1]],[1,"KhungAvatar",4,[[3,0,-116,[23],24]],[0,"9d8xAduutLUI23f9eysP/u",1],[5,60,60],[-173.61,0,0,0,0,0,1,1,1,1]],[12,"rank",0,5,[[2,"-",30,20,false,1,1,-117,[25],26]],[0,"84m9foGCZKN7/do2bkggls",1],[4,4278190335],[5,9.38,20],[0,0,0.5],[-351.666,2.429,0,0,0,0,1,1,1,1]],[13,"nickName",5,[[2,"-",30,35,false,1,1,-118,[27],28]],[0,"807ZLz+mdMSbxf1qO/q51s",1],[4,4278255615],[5,9.38,20],[0,0,0.5],[-120,2.429,0,0,0,0,1,1,1,1]],[1,"tongCuoc",5,[[6,"123",11,false,1,-119,[29],30]],[0,"28BidDykxBN6Ilq7eSpSSb",1],[5,0,40],[307,7.269,0,0,0,0,1,1,1,1]],[1,"Rank1_Mini",5,[[17,"default","Rank2",1,1,"Rank2",-120,[31],32]],[0,"d2cVS46bpAOalbHPbgqnv9",1],[5,122.39,130.51],[-349.995,0,0,0,0,0,1,0.6,0.6,1]],[1,"ava",5,[[8,0,-121,[33]]],[0,"40JGDiTWVGq7RoDDOCUGvT",1],[5,117,120],[-173.293,0.106,0,0,0,0,1,0.4,0.4,1]],[1,"KhungAvatar",5,[[3,0,-122,[34],35]],[0,"e6+kwDUGJFHKoYMtZ/9Tms",1],[5,60,60],[-173.61,0,0,0,0,0,1,1,1,1]],[12,"rank",0,6,[[2,"-",30,20,false,1,1,-123,[36],37]],[0,"cbbflRt6FAIJOFbGlv4Y/8",1],[4,4278190335],[5,9.38,20],[0,0,0.5],[-351.666,2.429,0,0,0,0,1,1,1,1]],[13,"nickName",6,[[2,"-",30,35,false,1,1,-124,[38],39]],[0,"46q0L3GRVHYYczHVUoSXpY",1],[4,4278255421],[5,9.38,20],[0,0,0.5],[-120,2.429,0,0,0,0,1,1,1,1]],[1,"tongCuoc",6,[[6,"123",11,false,1,-125,[40],41]],[0,"2f3B1OurVCV72HNCuAxRxt",1],[5,0,40],[307,7.269,0,0,0,0,1,1,1,1]],[1,"Rank3",6,[[10,-126,[42],43]],[0,"ddRnqYdRdIcI4XJe3rZUX2",1],[5,36,38],[-349.53,0,0,0,0,0,1,1.2,1.2,1]],[1,"ava",6,[[8,0,-127,[44]]],[0,"2e4V8lIFVMG5rFjhi61nm7",1],[5,117,120],[-173.293,0.106,0,0,0,0,1,0.4,0.4,1]],[1,"KhungAvatar",6,[[3,0,-128,[45],46]],[0,"11/JPbXB9FxbPE1m+ov3hL",1],[5,60,60],[-173.61,0,0,0,0,0,1,1,1,1]],[1,"rank",7,[[2,"4",30,20,false,1,1,-129,[47],48]],[0,"22nvmHjGFD9bU/OcIjXJRM",1],[5,15.94,20],[-348.943,2.429,0,0,0,0,1,1,1,1]],[9,"nickName",7,[[2,"-",30,35,false,1,1,-130,[49],50]],[0,"1f/I19usRFhqGzdZNp+p+F",1],[5,9.38,20],[0,0,0.5],[-120,2.429,0,0,0,0,1,1,1,1]],[1,"tongCuoc",7,[[6,"123",11,false,1,-131,[51],52]],[0,"6cYncZ+7pBa4kCD9bEaCBu",1],[5,0,40],[307,7.269,0,0,0,0,1,1,1,1]],[1,"ava",7,[[3,0,-132,[53],54]],[0,"c1aRSf3h5PHYXnvIakVcYG",1],[5,117,120],[-173.293,0.106,0,0,0,0,1,0.3,0.3,1]],[1,"KhungAvatar",7,[[3,0,-133,[55],56]],[0,"75dmVXSoFDYYrXxSlnOZCr",1],[5,43,43],[-173.61,0,0,0,0,0,1,1,1,1]],[1,"rank",8,[[2,"5",30,20,false,1,1,-134,[57],58]],[0,"53Qyv8WiZMcKcK3nNp08ZP",1],[5,15.94,20],[-348.943,2.429,0,0,0,0,1,1,1,1]],[9,"nickName",8,[[2,"-",30,35,false,1,1,-135,[59],60]],[0,"c1o4c4yg9EpKmiGghYTVM3",1],[5,9.38,20],[0,0,0.5],[-120,2.429,0,0,0,0,1,1,1,1]],[1,"tongCuoc",8,[[6,"123",11,false,1,-136,[61],62]],[0,"65gAY37bZK26NIEZAg4kmj",1],[5,0,40],[307,7.269,0,0,0,0,1,1,1,1]],[1,"ava",8,[[8,0,-137,[63]]],[0,"a61EgCbmdDUrwi4yL8QWvL",1],[5,117,120],[-173.293,0.106,0,0,0,0,1,0.3,0.3,1]],[1,"KhungAvatar",8,[[3,0,-138,[64],65]],[0,"c1Aty1qVlMqqvttiQqdv+6",1],[5,43,43],[-173.61,0,0,0,0,0,1,1,1,1]],[1,"rank",9,[[2,"6",30,20,false,1,1,-139,[66],67]],[0,"12S9pcXplGv5jG2/X63C7Z",1],[5,15.94,20],[-348.943,2.429,0,0,0,0,1,1,1,1]],[9,"nickName",9,[[2,"-",30,35,false,1,1,-140,[68],69]],[0,"afm5AN9pFPoKPqvLDVxc6T",1],[5,9.38,20],[0,0,0.5],[-120,2.429,0,0,0,0,1,1,1,1]],[1,"tongCuoc",9,[[6,"123",11,false,1,-141,[70],71]],[0,"1ft9/PVndJBLKV0Q5jQQWk",1],[5,0,40],[307,7.269,0,0,0,0,1,1,1,1]],[1,"ava",9,[[8,0,-142,[72]]],[0,"b4Xk+s7RpKNLGodMnxA2Gm",1],[5,117,120],[-173.293,0.106,0,0,0,0,1,0.3,0.3,1]],[1,"KhungAvatar",9,[[3,0,-143,[73],74]],[0,"dfHUDZqORDTomc4G5u1cmy",1],[5,43,43],[-173.61,0,0,0,0,0,1,1,1,1]],[1,"rank",10,[[2,"7",30,20,false,1,1,-144,[75],76]],[0,"bfGmvifF1IwbCyLvGIkTgs",1],[5,14.06,20],[-348.943,2.429,0,0,0,0,1,1,1,1]],[9,"nickName",10,[[2,"-",30,35,false,1,1,-145,[77],78]],[0,"acStPHE9JBnax+Ma+5U8sS",1],[5,9.38,20],[0,0,0.5],[-120,2.429,0,0,0,0,1,1,1,1]],[1,"tongCuoc",10,[[6,"123",11,false,1,-146,[79],80]],[0,"95wjHCU4dEA7TKhenUZG70",1],[5,0,40],[307,7.269,0,0,0,0,1,1,1,1]],[1,"ava",10,[[8,0,-147,[81]]],[0,"84IMmTr0dJbrXU5ewBlaj3",1],[5,117,120],[-173.293,0.106,0,0,0,0,1,0.3,0.3,1]],[1,"KhungAvatar",10,[[3,0,-148,[82],83]],[0,"52TWKt1xtMuasQgtqy22S9",1],[5,43,43],[-173.61,0,0,0,0,0,1,1,1,1]],[1,"rank",11,[[2,"8",30,20,false,1,1,-149,[84],85]],[0,"02lKbPCqBI5oejOGesujoc",1],[5,15.94,20],[-348.943,2.429,0,0,0,0,1,1,1,1]],[9,"nickName",11,[[2,"-",30,35,false,1,1,-150,[86],87]],[0,"46HuYI+7xPk7Bj23cS3mYc",1],[5,9.38,20],[0,0,0.5],[-120,2.429,0,0,0,0,1,1,1,1]],[1,"tongCuoc",11,[[6,"123",11,false,1,-151,[88],89]],[0,"7fh3LXZ1xMpJ9LQNPd4GD1",1],[5,0,40],[307,7.269,0,0,0,0,1,1,1,1]],[1,"ava",11,[[8,0,-152,[90]]],[0,"4fbLuQMU5HIo+sPfDC3o3z",1],[5,117,120],[-173.293,0.106,0,0,0,0,1,0.3,0.3,1]],[1,"KhungAvatar",11,[[3,0,-153,[91],92]],[0,"ccKzLJVeFLz5kQ4k28d3ZJ",1],[5,43,43],[-173.61,0,0,0,0,0,1,1,1,1]],[1,"rank",12,[[2,"9",30,20,false,1,1,-154,[93],94]],[0,"a9LJad67dB0q5YV/sXsGFd",1],[5,15.94,20],[-348.943,2.429,0,0,0,0,1,1,1,1]],[9,"nickName",12,[[2,"-",30,35,false,1,1,-155,[95],96]],[0,"ca8XWKUH5AyaLjvq99Cr2v",1],[5,9.38,20],[0,0,0.5],[-120,2.429,0,0,0,0,1,1,1,1]],[1,"tongCuoc",12,[[6,"123",11,false,1,-156,[97],98]],[0,"e3dyemVntA4JFedQ06eLOM",1],[5,0,40],[307,7.269,0,0,0,0,1,1,1,1]],[1,"ava",12,[[8,0,-157,[99]]],[0,"5fIl5ClhtG3paQ6jgt3Dg7",1],[5,117,120],[-173.293,0.106,0,0,0,0,1,0.3,0.3,1]],[1,"KhungAvatar",12,[[3,0,-158,[100],101]],[0,"34HP4RuWVH6L6q3sDa3xU7",1],[5,43,43],[-173.61,0,0,0,0,0,1,1,1,1]],[1,"rank",13,[[2,"10",30,20,false,1,1,-159,[102],103]],[0,"29WCdHE6NK7YX90pvCqw4V",1],[5,27.19,20],[-348.943,2.429,0,0,0,0,1,1,1,1]],[9,"nickName",13,[[2,"-",30,35,false,1,1,-160,[104],105]],[0,"bfR1C5uoBGmZoobLNg0rhy",1],[5,9.38,20],[0,0,0.5],[-120,2.429,0,0,0,0,1,1,1,1]],[1,"tongCuoc",13,[[6,"123",11,false,1,-161,[106],107]],[0,"6b09/pw5hIwqBt+eOg041g",1],[5,0,40],[307,7.269,0,0,0,0,1,1,1,1]],[1,"ava",13,[[8,0,-162,[108]]],[0,"51elKmebJPp5BmnZW+oXB5",1],[5,117,120],[-173.293,0.106,0,0,0,0,1,0.3,0.3,1]],[1,"KhungAvatar",13,[[3,0,-163,[109],110]],[0,"80ESmrD2NDvJNOt6CyTERl",1],[5,43,43],[-173.61,0,0,0,0,0,1,1,1,1]],[1,"Font-export",15,[[14,"Hạng",30,false,-164,[112],113]],[4,"c4KsLH/MpJPKCVT0nqQM+7",2,0],[5,75,40],[-342.771,181.248,0,0,0,0,1,1,1,1]],[1,"Font-export copy",15,[[14,"Tên Hiển Thị",30,false,-165,[114],115]],[4,"6cLVsEor5EMaY8+u9oINIz",2,0],[5,183.75,40],[-47.055,181.248,0,0,0,0,1,1,1,1]],[1,"Font-export copy",15,[[14,"Tổng Thắng",30,false,-166,[116],117]],[4,"ab0CyQkUtO7bFwVwceZ5w6",2,0],[5,177.19,40],[309.609,179.265,0,0,0,0,1,1,1,1]],[25,"icTopexit",20,[[10,-167,[118],119]],[4,"d8ZGtKWLtISYBzVmr7Tqq9",2,0],[5,61,150]]],0,[0,3,1,0,7,3,0,0,1,0,-1,14,0,3,2,0,0,2,0,0,2,0,8,3,0,0,2,0,-1,16,0,-2,17,0,-3,23,0,-4,24,0,-5,18,0,-6,19,0,-8,15,0,-9,20,0,0,3,0,-1,4,0,-2,5,0,-3,6,0,-4,7,0,-5,8,0,-6,9,0,-7,10,0,-8,11,0,-9,12,0,-10,13,0,0,4,0,-1,25,0,-2,26,0,-3,27,0,-4,28,0,-5,29,0,-6,30,0,0,5,0,-1,31,0,-2,32,0,-3,33,0,-4,34,0,-5,35,0,-6,36,0,0,6,0,-1,37,0,-2,38,0,-3,39,0,-4,40,0,-5,41,0,-6,42,0,0,7,0,-1,43,0,-2,44,0,-3,45,0,-4,46,0,-5,47,0,0,8,0,-1,48,0,-2,49,0,-3,50,0,-4,51,0,-5,52,0,0,9,0,-1,53,0,-2,54,0,-3,55,0,-4,56,0,-5,57,0,0,10,0,-1,58,0,-2,59,0,-3,60,0,-4,61,0,-5,62,0,0,11,0,-1,63,0,-2,64,0,-3,65,0,-4,66,0,-5,67,0,0,12,0,-1,68,0,-2,69,0,-3,70,0,-4,71,0,-5,72,0,0,13,0,-1,73,0,-2,74,0,-3,75,0,-4,76,0,-5,77,0,0,14,0,0,14,0,-1,78,0,-2,79,0,-3,80,0,0,16,0,0,16,0,-1,21,0,-2,22,0,3,18,0,0,18,0,3,19,0,0,19,0,0,20,0,-1,81,0,0,21,0,0,22,0,0,23,0,0,24,0,0,25,0,0,26,0,0,27,0,0,28,0,0,29,0,0,30,0,0,31,0,0,32,0,0,33,0,0,34,0,0,35,0,0,36,0,0,37,0,0,38,0,0,39,0,0,40,0,0,41,0,0,42,0,0,43,0,0,44,0,0,45,0,0,46,0,0,47,0,0,48,0,0,49,0,0,50,0,0,51,0,0,52,0,0,53,0,0,54,0,0,55,0,0,56,0,0,57,0,0,58,0,0,59,0,0,60,0,0,61,0,0,62,0,0,63,0,0,64,0,0,65,0,0,66,0,0,67,0,0,68,0,0,69,0,0,70,0,0,71,0,0,72,0,0,73,0,0,74,0,0,75,0,0,76,0,0,77,0,0,78,0,0,79,0,0,80,0,0,81,0,9,2,1,4,2,3,4,14,167],[0,0,0,0,0,0,0,0,0,0,0,0,0,0,0,0,0,0,0,0,0,0,0,0,0,0,0,0,0,0,0,0,0,0,0,0,0,0,0,0,0,0,0,0,0,0,0,0,0,0,0,0,0,0,0,0,0,0,0,0,0,0,0,0,0,0,0,0,0,0,0,0,0,0,0,0,0,0,0,0,0,0,0,0,0,0,0,0,0,0,0,0,0,0,0,0,0,0,0,0,0,0,0,0,0,0,0,0,0,0,0,0,0,0,0,0,0,0,0,0],[-1,2,-1,2,-1,2,-1,2,-1,1,-1,2,-1,2,-1,1,-1,1,-1,1,-1,5,-1,-1,2,-1,1,-1,1,-1,1,-1,5,-1,-1,2,-1,1,-1,1,-1,1,-1,2,-1,-1,2,-1,1,-1,1,-1,1,-1,2,-1,2,-1,1,-1,1,-1,1,-1,-1,2,-1,1,-1,1,-1,1,-1,-1,2,-1,1,-1,1,-1,1,-1,-1,2,-1,1,-1,1,-1,1,-1,-1,2,-1,1,-1,1,-1,1,-1,-1,2,-1,1,-1,1,-1,1,-1,-1,2,-1,-1,1,-1,1,-1,1,-1,2],[0,4,0,6,0,6,0,10,0,11,0,4,0,4,0,1,0,1,0,2,7,8,0,0,3,0,1,0,1,0,2,7,8,0,0,3,0,1,0,1,0,2,0,12,0,0,3,0,1,0,1,0,2,0,13,0,3,0,1,0,1,0,2,0,0,3,0,1,0,1,0,2,0,0,3,0,1,0,1,0,2,0,0,3,0,1,0,1,0,2,0,0,3,0,1,0,1,0,2,0,0,3,0,1,0,1,0,2,0,0,3,0,0,5,0,5,0,5,0,14]]]]