{"paths":{"0":["Menu/btn_caidat2",0],"1":["Sounds/chip",4],"2":["Menu/btn_chat",0],"3":["Spines/Dealer/dealer_do",0],"4":["Sounds/Click",4],"5":["Sounds/chipMoveToPlayer_turn2",4],"6":["Sounds/clockTick",4],"7":["Fonts/MyriadPB_Title_Gold-export",0],"8":["Sprites/table_xd",0],"9":["Menu/user",0],"10":["Sounds/manyChip",4],"11":["Sounds/newRound",4],"12":["Sounds/getChip",4],"13":["Sounds/shake",4],"14":["Popups/TEXT_hd",0],"15":["Spines/Dealer/dealer",5],"16":["Menu/btn_huongdan",0],"17":["Menu/btn_close_chat",0],"18":["Menu/btn_menu",0],"19":["Menu/frame",0],"20":["Sounds/openBowl",4],"21":["Sounds/select-chip",4],"22":["Menu/btn_amthanh_ff",0],"23":["Spines/Dealer/dealer_do",5],"24":["Menu/btn_hieuung",0],"25":["Sounds/openDice",4],"26":["Sounds/youwin",4],"27":["Menu/btn_lichsu",0],"28":["Sounds/throwChip",4],"29":["Fonts/fontTime-export",0],"30":["Sprites/TEXT_hd",0],"31":["Sounds/dungcuoc",4],"32":["Sounds/moicuoc",4],"33":["Sounds/chipPayMoveToPlayer_turn1",4],"34":["Menu/btn_amthanh",0],"35":["Fonts/white",0],"36":["Spines/Dealer/dealer",0],"37":["Menu/btn_vinhdanh",0],"38":["Sounds/selectChip",4],"39":["Sounds/resultWin",4],"40":["Menu/btn_hieuung_off",0],"41":["Fonts/font_countdown-export",0],"42":["Sprites/bg",0],"43":["Sounds/mucis-bg",4],"44":["Menu/btn_roiban",0],"45":["Sprites/bg_soiCau",1,1],"46":["Sprites/btn_rank",1,1],"47":["Sprites/TEXT_hd",1,1],"48":["Spines/Dealer/dealer",1,1],"49":["Sprites/btn_sound_on",1,1],"50":["Sprites/ig_ava_win_light",1,1],"51":["Fonts/font_countdown-export",2],"52":["Menu/btn_amthanh",1,1],"53":["Menu/btn_hieuung_off",1,1],"55":["Sprites/500K_OFF",1,1],"56":["Sprites/roll",1,1],"57":["Sprites/bgRoomInfo",1,1],"58":["Sprites/bg_room",1,1],"61":["Sprites/o_chan1_nor",1,1],"62":["Sprites/Menu/btn_hieuung_off",1,1],"63":["Sprites/Menu/btn_roiban",1,1],"64":["Sprites/btn_HD",1,1],"65":["Menu/btn_roiban",1,1],"66":["Sprites/o_chan2_nor",1,1],"70":["Sprites/frame_chip",1,1],"71":["Sprites/ava_player",1,1],"74":["Sprites/chip_press",1,1],"75":["Sprites/Thua",1,1],"76":["Sprites/btnGroupPlayer",1,1],"77":["Sprites/ig_soicau_xocdia",1,1],"78":["Fonts/fontTime-export",2],"79":["Sprites/4trang_win",1,1],"80":["Sprites/dia",1,1],"81":["Sprites/bgBet",1,1],"82":["Fonts/white",2],"83":["Sprites/frame_name_user",1,1],"84":["Sprites/o_le2_nor",1,1],"85":["Sprites/btn_history",1,1],"86":["Sprites/ig_countdown_text_bet",1,1],"87":["Sprites/btn_back",1,1],"88":["Sprites/bat3",1,1],"89":["Sprites/bet_le_win",1,1],"90":["Menu/frame",1,1],"91":["Sprites/time_bg",1,1],"93":["Sprites/chip_big_10m",1,1],"94":["Sprites/Menu/btn_huongdan",1,1],"95":["Sprites/ava_sheld_demo",1,1],"96":["Sprites/c1",1,1],"97":["Sprites/line_title_doc",1,1],"98":["Sprites/white",1,1],"99":["Sprites/c2",1,1],"100":["Sprites/bgPlayer",1,1],"101":["Fonts/MyriadPB_Title_Gold-export",1,1],"102":["Sprites/Chips/chipBigAtlas",7],"103":["Sprites/bet_small_win",1,1],"104":["Sprites/ava_default",1,1],"105":["Sprites/btn_close-001",1,1],"106":["Spines/Dealer/dealer_do",6],"107":["Prefab/PopupHistory",3],"108":["Sprites/ava_money",1,1],"109":["Sprites/XocDiaAtlas",7],"110":["Sprites/icon$",1,1],"111":["Sprites/bet_chan_win",1,1],"112":["Sprites/frame_id",1,1],"113":["Prefab/PopupRule",3],"114":["Sprites/btn_x2",1,1],"115":["Sprites/3trang_win",1,1],"116":["Spines/Dealer/dealer_do",1,1],"117":["Sprites/fg_time",1,1],"118":["Fonts/MyriadPB_Title_Gold-export",2],"119":["Spines/Dealer/dealer",6],"120":["Sprites/panel_general_big",1,1],"121":["Menu/user",1,1],"122":["Sprites/5M_OFF",1,1],"124":["Sprites/Chips/chipSmallAtlas",7],"125":["Sprites/frame_font",1,1],"126":["Menu/btn_chat",1,1],"127":["Sprites/btnNextPage",1,1],"128":["Menu/btn_huongdan",1,1],"129":["Sprites/ghe",1,1],"131":["Sprites/btn_hand_off",1,1],"132":["Sprites/5K_OFF",1,1],"133":["Sprites/bgPageIndex",1,1],"134":["Sprites/btTImer",1,1],"135":["Menu/btn_close_chat",1,1],"136":["Sprites/Menu/btn_vinhdanh",1,1],"137":["Sprites/line_2",1,1],"139":["Sprites/100K_OFF",1,1],"140":["Sprites/bg_acc",1,1],"141":["Sprites/time_progress",1,1],"142":["Menu/btn_hieuung",1,1],"143":["Sprites/4do_win",1,1],"144":["Menu/btn_menu",1,1],"145":["Sprites/o_le1_nor",1,1],"146":["Fonts/font_countdown-export",1,1],"147":["Sprites/chip_big_1m",1,1],"148":["Sprites/bkg_time",1,1],"149":["Sprites/Menu/btn_lichsu",1,1],"150":["Sprites/table_xd",1,1],"151":["Sprites/btn_DatLai",1,1],"152":["Popups/TEXT_hd",1,1],"153":["Menu/btn_amthanh_ff",1,1],"154":["Fonts/fontTime-export",1,1],"155":["Sprites/3do_win",1,1],"156":["Sprites/btnX2",1,1],"157":["Sprites/Menu/frame",1,1],"158":["Sprites/btn_sound_off",1,1],"159":["Sprites/Menu/btn_menu",1,1],"160":["Menu/btn_caidat2",1,1],"161":["Sprites/sangphai",1,1],"162":["Sprites/Menu/btn_amthanh",1,1],"163":["Menu/btn_lichsu",1,1],"164":["Sprites/bgAvatarOther",1,1],"165":["Sprites/btn_support",1,1],"166":["Sprites/btn_upDown",1,1],"167":["Sprites/btn_hand",1,1],"168":["Sprites/frame_name",1,1],"169":["Sprites/c0",1,1],"170":["Sprites/bgAvatarMe",1,1],"171":["Fonts/white",1,1],"172":["Sprites/Menu/btn_hieuung",1,1],"173":["Sprites/o_le_nor",1,1],"174":["Sprites/btnRebet",1,1],"175":["Sprites/Menu/btn_amthanh_ff",1,1],"176":["Sprites/c3",1,1],"177":["Sprites/noImg1",1,1],"178":["Sprites/o_chan_nor",1,1],"179":["Sprites/ig_dealer",1,1],"180":["Sprites/bgName",1,1],"181":["Sprites/red",1,1],"182":["Sprites/1M",1,1],"183":["Sprites/1K_OFF",1,1],"185":["Sprites/10K_OFF",1,1],"186":["Sprites/c4",1,1],"187":["Sprites/bg",1,1],"188":["Menu/btn_vinhdanh",1,1]},"types":["cc.Texture2D","cc.SpriteFrame","cc.BitmapFont","cc.Prefab","cc.AudioClip","cc.Asset","sp.SkeletonData","cc.SpriteAtlas"],"uuids":["06d6sN7BZHiq8WiXzmyr0/","07vsqp04JOybRY0lfwNiCU","0evXetI7FIdZjZgmjDSQSq","15CyqTWWxPKYnZIg2wfutI","1ce7ESkcxAE7uQv6n0PVO8","22qePPVVROv4dr6WQFtwIF","25n3RN3ixD0Y+UBI2o2EO2","2aaaPRoTxFK4gw+mZ+j4ai","31prPBZhpCvrnt1TtXuxZ7","37LvbCvctNs6DN019/BiQv","42mgNd6npDjYvkuTmRIH4k","45kXtsGCVFua+zPX93Eve5","4aB46o1S9I/qzFIAVFKR+P","4cRBdbJ/xLYZkj29Udo6Z8","4c8LOAX4lJ1ZOzv97pGvFE","4dOzQoe7NJXaYLv6TPwlWb","51JkcjWthN2qKMuORfPvm+","55OJRQB2RBfrniB7yH/T2/","5aUPCAchhA2IyIfl9Qye+a","5ff1QaL5VA8bCX/NR6K12G","61wP4iszVNfpaudDiGXIf4","67SH5gw3ZAJLhDrhVxVZoL","70XTlnZetIkLJzAyBMleJH","81Q/a+1xtIroDLSLfgTONo","89tAs/nSVK8af4QviXBhno","8dHx5yAlpG5oeSFgmH+5YQ","95i3MJsY1CxLIInDedgbJx","95tPPMJC5LRqvLPOSQpdct","95wIbwtUhJGaMt/Co9CnDx","9cFl0sK7RJZLE1GdgAfr/8","a5kCOzCSBJIaYDoG9dpN75","adf+JWkJ5F+acyS6J2OLHH","beRSeyC7BEs6PUnbjaAwmm","c0vZpavyhFe6GNvlevswz7","c3hWUb4NhGCazGaXDfaEXL","c5UMW/XZFA17J4N9NzzSbP","c7ZOKhWQ1BqpSxBjP2wObG","cbKQ8iR3pH+aFuhppKCRxb","d5Fcq+//pLwb/QszBPO4mn","d8Bb9mKABLA5RgCz+GNotq","d8o+vdjHhBT6Rh2UbGzW9J","dcz9lgqlJLD7fSuNaU9TrP","ddm8px3DhGGLTjNTFryGp8","e0zsqLqIJB+IkApEpPf4ot","f8ggLcrQ5Lz66m2eKDq4Xe","02GLrKPhRHm4v6lJGTBGit","06xGa1eKBB2r5QSwaoLCQ8","09A0DN8uxJl44mOvzSR+O6","0a/L+dDxdK96lpXp7BJQtf","0bFTLAzNxKB5+LffsyoxRF","0dqthJeBpBs6kd54XJvD9B","0elMHH5AZHuqB3cU6lbn8f","0fcvGuwPtIk4pozRIZtWR4","0f7GbdfypPWqD79tgDi+QS","113ede34e","12BTBuXbpDDLmh64fvSzUs","12IgzX/8JGs5DXlZoCK2KI","12Rk8qc7lKsKbTs9/X3XjI","12aQfDZPlJUZN21hjgbyXZ","15e63e393","168d8802e","163M3vs81NeYXKY+9R3e11","17YZkwTyNFeK/ZMs988Rvu","1724VhVaRFxK29erzDKkUX","18YSpv/klLPbmQcLI6L2nY","18mUKzmMhHG7v6si26EKzj","19jmk4mZND0IbcQcrVN7//","19a39b580","19c77c0d7","1aerfhdeBL7IuogOsep1k0","1cNIS6f41N6KkknhZ3SYuK","1euRw/ZR9NyZKaJioI0mDv","1f5b0c8c2","21Pz26SdFOIZGCbhGqPmwN","21hhmseExJqZvzwt4xImrw","22FjpsSjpA8aokZYd3YyZD","271w+9lolIbLGa8h/2lXUx","28jFnvfdREA7L4kqF/J/xq","2aKxRJsY1ObLM4kVAYClrE","2do69I4TNPbpP0OZ67JJHU","2etil2GDNJoJoL7yRVpJuO","2fRZEy0JBIDYfGYwvYfNfb","30OpTLX3dN65Z1QyXp6fLm","33kqSUahBHiKzZ95Z5BLoV","3aklibIBZKV4uma8HKGZN/","407zNEA6hFdJwpBoDbdpLz","48cu+Ad4tOd7o10eMeebqa","48zmVl9c1Exo/yXiwAq488","4br1zHzuJHT6QpNZfdtxMa","4bwdYV1sdG1qwOXpoOYZb4","4dezCNouNAgL0C2fnyfgYR","4edAOzbDpHe47wP8S6XYTZ","4e0kncp5NK27B7FQq+ZSD7","4fxWZ6QYpBM7RbRYn8dPGd","50pVrEVCBOIIYvoUDVcrGB","51TWSlGAFBj4bCcpHCt0mu","54HhUmE1xPZ6VFaxc/Chy1","54NdP4FVBAo4w7P/dSohSt","546FUV3VJMQJZre3TMz9Aq","549hRrfndKvIV/IgLju7V3","553XKRLKhJcIndZm5FlJiL","57n7zWAY5GP5YV9yHK7Ju1","578fNvpkJA3btXWJs4kEQz","59kvK8mzhFV5J86j5r6PZv","5b3dnArGlKooo6c9/3/rvh","5cvjr4r6RMx63AaBT1NvUl","5c6NrVE7ZC24dL4PSpfiB+","62AT6hwN5GF4XI/SwogGIH","63CEtGmdJCt56cqRdIP4ZG","66gYqLIYNP7pIgfl/PDxKG","67jUSeX6hPNqvmScgcimwD","68p9qZFrRPPIlNYtCswH+E","6d6poK8/tLo7P2Y9kRPkCH","6e54N1lCxPQ5SVkb3Lint+","76aNXbj+1Oia4jbOZTT7mK","77s9PpZfBJyKGMbE6EZU6R","7aI4zJt+9Fur3EGz/2Q3OS","7aUixTBItIFrDkeal8eGGQ","7b4nbv3VlINJmYUy1w49QT","7clntNtPxFzJ6OSH1HiJVT","7f9NnFT7RPurk/5/cROe8/","81NUOP7axAmae9m8Chjhvz","81SPv1QvFCRbL7m1uW+AGP","81e2Qjl6dA3II0nePdGPMz","85D7lqKpJE7KurqvdiMNM5","86MaKVBF9Mo4yM+aroGcgF","89OaMNYPNEa7Bnk0qFGGWQ","8cZ3JofZVPjor97RGYwcKw","90GgCOJnxO2Kb01U5A7Q1k","91uyZHF8xK4bbQyvc/7ImB","92fEDHi+lLsJAD7qFWEiAS","93XHcPo8ZE9pMvisJ7oBWe","93dijgqD1FVb+wMYX1Zqxh","95hZpwuo5AyKdO158ct8Fa","98bboD6jVMbIeskX2TPk7L","99lL2NHftKeYGy1NyyNqlG","9bW29fDb9ICLH+BfXSMODo","9c5/8IUG9H177hNdPGz/Hs","9dOJhfRmhAWYX+4Uwo+nos","9dtAms9ulHSYdATnWW1bDw","9f7KT1BXJBfLiQs40FKh9N","a0f3Oq87FK4oUvnn+o3q9o","a1M9efVdpO4KDCysNM4m9O","a3LIchE2lEZKr2Zj/AzEpe","a6k3D0Fe1PCa23O0VJtb5O","a6+J5r50ZOxbOs2TyJh5fS","aa194FnA9DC5cXDvihopfh","abeKIFTKJP349XmqOuQYJP","aeg/4RzRRJe6SiEqHMLSbk","aeiM902u1KZ6ckkcn4rxHa","b3DN1KBNNK1oBSH3b/oCe/","b7R426Oy5KaZj4kjarYcL1","bcS9K0ZXNB+5L9iVqzk+SO","bcZ+vbbJJBya3e8r0NLHNd","bceLM3r8ZFqL4Ww+jJWhYS","bdsIL+OCxFTaHCEA2q+mUK","bfIdEP9E9AcKUYRQtS0Ngf","c0DvVWUw1Pe5tnmBu/yCYw","c0RfGlqFhGs6GL9aMV6Jlr","c0Xp3ghDdBBo9VOP6HowHI","c6fRQPllNBpJdy6bwOHNVX","c7LuOMfRNNp4g7YYmlRExc","ccFKUDTmZKDZe6WRvDkVeb","ccv7YmBuVGe5NUdrLjGj3b","cdVlDHg1ZOQrjqSfsPLR78","d0uRFvd/RCOqI7Ai1Wvvp6","d7DR3ZGDFOxqN66s7mkIKO","d7lezPspNI56LYKVxT1Y1R","d8UnzCqbFJJJs43aXVZuIC","d83rj6hUVE1LUftdZ3fcfo","d8+QvLd+FF0bz5qcObFn0O","d9QBPy3WdI7Kek3UM7ZcDf","d9XeZY2J5NTK1LsdIPjMKk","ddZzeSBOtNaq3czcMc2EkB","dd0vpS9oxPuoN+vrOghvZU","deoCC9wPpP7qoN/yryqpFw","e2DsPcXhpMIqgzLDJZU/l3","e3NpDZFmFFw6Jwa1UJOoUV","e5AHDZ5ihNeKVx3hwI/RAl","e58JyYoTxEV46GH8EBrmo2","e651LydOZH+I/IveiOMDwH","e92gYn71VDta/VkUMVfSXT","ecLAtcVl5ONLAvEEfttXn4","eex6YuGGlFWq0t2LUdc4Mk","f3EKey0H5NW4ChW1USpnVV","f5RDo2roVBDLcuFPqO7XE7","f84/rCYVhHy6fKxomZ0WTH","f9GQIGs1tHSZfqkvJlkCqH","fdWwwo/TtCC5bxBYqeI/Zf","011uwZGO9OnrEYQkVvwKsg","12XibjpZxBP5OURjF+GtHT","195I5lnW1GcZBrEvTa7D47","1b0feRSlVBZpPkBl5GMAqy","1fOun+gflIIZ0dRv33sIm6","1fhI+QkyFFvrYzUIWZD2R9","22j9EoyLNMDIus1c2+zRQU","2295hbdW1A77Sc8eSsHBWl","23AEcwWbxFzrMKygtugqCc","2aRlM08kBNIZQH786OXoMN","2akOhP81dKoadftJXcNrwN","2fgQ+G+5pAwowLLEtpRijj","327WbVwQtOHrBpRTiHR4Hl","36vv+3C75Cg6N5LFjq3PZZ","38l6w+GURMOp45A5A47BmJ","3ae7efMv1CLq2ilvUY/tQi","3axuIYoSNFGalm5tgN2kOs","3b2Yl+hpxJ3LdoRwru0Noz","45ZO8QwtVEvb7BSwejvlmT","518MaGR1hA04ZKuf8yGfTb","53m2PrsAxDz75ji0UIFXmU","56h+X+NF9H1oXCKQipvT9+","60DarvULRGh6VcvFgu1K1y","64H/RZ1stDY7wlpa+G/jxx","656GYUckNDSJn4tzzpK8pv","74RifftCJCvoKvF41ZHL/m","75Hprg1o1LCqGsdq7Yg9M2","75z9EZKZ9ELZHPZe1xIp3Q","76Oo+hdZBIC58PkmtS6Hpa","77k2IyXMRHso+xSbEG0usV","78tCxmCGdJHL4G/vIjGmKU","7a/QZLET9IDreTiBfRn2PD","809kmqMTBJK40cp0vw9t3+","82+OWMHClKELDfAFLTntKa","84PfvKd69HCKvQlgysI3I6","87sTwIw65CaYiI4dM+z7tI","8bo7sM+VNN06tOQ710K4yt","90RSsaeNBCdakgsobLnXmr","91crc975lHB7HqMuJoRjkv","93PNPrNbRBNKCm4K2coYxT","a1HaeYKGdJa7+cHrIMR22I","a2MjXRFdtLlYQ5ouAFv/+R","a3Qy2QDYBGN4v+XFJnNRjD","a4nhnwmVRJN59+dyUCgNLn","a5HqEKRgFCdpH8ywYYbXLJ","a9jt0is0BFeJObUa5XJ4G/","adCFA3GGdJQqAbTaB43Jfd","afpoEjO5tKkqEyzkvjnd1F","b224EK5FNLaZLyzBf5HuA2","b4NUv4kjlLkJZiiWqRD0bo","b7akvhnLtAIK6W30/6TKPc","b7hCjpGF5HrZlHL2T9woqs","c0y0OAlztCO5C7xYelUwa6","c41LvrIiZCu5WD3OsTVfFP","d05l6HgMlOjr4RhY02QZQf","d94lsx4YJGPoxctLIxAapN","daOMXA2qREu5tffI1Z0siD","dbFqeyiVdG+ryc/+L0ejlt","desyt0vpRMLrwMLn5KEphQ","eanNYplXhI2I5thqO69zZ/","ecpdLyjvZBwrvm+cedCcQy","edhlVgjQ9BbrJlV78ohN47","f2VbLmVFdC6oNxicdo4ANI","f23OKEN25OMoRoYLgGBBIX","f506Nmqb5A9IezQX70F0CM","f8FtvlUB1Bha2OtlkPut2r"],"scenes":{"db://assets/Bundle/XocDia/XocDia.fire":184},"redirect":[196,0,201,1,204,2,217,1,220,2,230,1,231,1,249,2,253,1],"deps":["main","resources","internal"],"packs":{"0218d255e":[191,197,203,211,215,219,221,224,228,234,237,247,251,254],"02bc6bc9c":[101,118],"02c07712e":[82,171],"044e2e662":[105,120],"04a84e6e5":[0,2,54,3,59,60,67,68,69,72,73,7,8,9,14,92,16,17,18,19,22,123,24,130,27,29,30,34,35,36,37,40,41,42,44],"07c96fc40":[192,193,198,199,206,208,210,213,225,233,235,236,238,248,252],"089bbff00":[78,154],"08d3efb4d":[51,146],"0acfcdbcd":[189,205,107,127,133,239,240,241,250],"0bcd817e2":[190,202,102,227,243],"0dea9b5d2":[45,57,61,62,63,66,4,194,195,5,76,79,81,200,84,207,87,12,89,13,94,209,98,100,212,110,111,214,216,114,218,115,117,222,223,226,26,28,134,136,138,229,143,232,145,31,148,149,150,151,155,32,157,159,33,242,162,164,38,39,170,172,244,245,246,173,175,43,177,178,181,184,187],"0f56e9c66":[113,152]},"name":"52","importBase":"import","nativeBase":"native","debug":false,"isZip":false,"encrypted":false,"versions":{"import":["0218d255e","25999","02bc6bc9c","0db7f","02c07712e","24543","044e2e662","48102","04a84e6e5","1dfaa",46,"f02b0",1,"7899b","07c96fc40","8f97c","089bbff00","49f7f","08d3efb4d","a0f8b",47,"3f178","0acfcdbcd","87093",48,"30ec7",49,"4e5a9","0bcd817e2","8f900",50,"6be43","0dea9b5d2","fa874","0f56e9c66","38ee8",52,"46809",53,"7e974",55,"0b4cf",56,"4c156",58,"e06cc",64,"cb299",65,"e3e26",70,"04227",71,"55ae7",74,"5dfc1",75,"570f0",6,"37884",77,"5b5e6",80,"7618c",83,"9a664",85,"59ba4",10,"eb906",11,"791e3",86,"2f8ae",88,"070c8",15,"01826",90,"ec84a",91,"432f3",93,"15d52",95,"b17ab",96,"8e6e4",97,"d154c",99,"8a94c",103,"50622",104,"7e8d6",106,"b15a7",20,"bad6b",108,"77985",109,"afbd6",21,"991b3",112,"1ffb8",116,"1b10d",119,"a3d28",121,"71d1e",23,"e647d",122,"a4d7d",124,"1d308",125,"d08ed",126,"9a319",25,"5e66e",128,"c1c2b",129,"2864e",131,"45525",132,"d0f60",135,"3b8a2",137,"e5c4f",139,"adc54",140,"03980",141,"33fb0",142,"c7327",144,"d38f8",147,"e7c9f",153,"23f22",156,"73ab6",158,"9a854",160,"ba68b",161,"b6b62",163,"79348",165,"7d13a",166,"a19af",167,"580ba",168,"4e397",169,"98042",174,"644a3",176,"44c64",179,"9830e",180,"53273",182,"b8550",183,"65ca9",185,"e64cb",186,"c5523",188,"90077"],"native":[0,"138d3",1,"a2d65",2,"ee63e",54,"1f871",3,"42a6c",59,"2e02b",60,"678cf",67,"3e694",68,"70734",69,"d3aca",4,"7fbc2",72,"16816",73,"0b1be",5,"1625c",6,"ab7f2",7,"e3665",8,"09694",9,"59fbb",10,"1027d",11,"cb393",12,"94db6",13,"1d1dd",14,"20bde",15,"922a6",92,"371a4",16,"6817b",17,"4bfce",18,"a83de",19,"15c49",20,"b801a",21,"f3b4b",22,"0c9a9",23,"63dad",123,"6d720",24,"ba75a",25,"b801a",130,"70b93",26,"a16b9",27,"34067",28,"c11bd",29,"70d29",138,"dc12d",30,"20bde",31,"79963",32,"aa954",33,"c0bb4",34,"1f92a",35,"1f977",36,"a17f7",37,"2b3fd",38,"5e663",39,"a4a1c",40,"833a0",41,"42c7f",42,"53a46",43,"e76b9",44,"f3999"]}}