[1,["aadr782IBMg5rEWoeiX1qO","6bX1HxloRGbJ1Mdk+Tl+HA","08x3EgY2dFAaeWqsyFOvOg","52j4fFkUtKD5TiJU0APuEZ","88BS/CP6ZM1KpvLDZrCle5","2d9r7BCkxBn6Kr/at2mfbJ","cbYkxwhg9DH5vB6GTELKLZ","86YFtUyCxF9JDiEsiUyTPk","75NkAWnI9Krquh7+Nw9IGz","f7fNb0zv1NO6/gVDizWwZc","d6CT3dVFtJXJbdgi72TToV","010fG9TaFPE6LNoJxoEbLP","e0TcMTnAdAd4cFqEEIxmdy","e1LhvEaSZHLYHoCUMfub75","0eoRRFzWBJG5fqSQ+a7rNY","88knkgbhdFpYE1nMbp6lQM","f5tNhOJltLjLtQNTlILkUL","3bjUH/MUtDDYbg9Mh9v4wM","3azoJVPrFHa5+/qAstz4va","73B7ImvE5Pt7nsIKCKmrXC","6ePXfee8BAP7TxBYIw6+1c","4fBXN2DM1IAqSklfQPEOU6","42higKnVlC/7unQGKareTB","22hW8m6vNKCoqqb9vkhzWY","1eqQKPEQlBFZRkH4jrinVx","ee3ssLgLNAIJS/a39WL0Eh"],["value"],[["cc.AnimationClip",["_name","_duration","sample","wrapMode","curveData"],-1,11]],[[0,0,1,2,3,4,5]],[[0,"showWinItem",1.3,20,2,[{"paths":{}},"comps",11,[{},"cc.Sprite",11,[{},"spriteFrame",12,[[[{"frame":0},"value",6,0],[{"frame":0.05},"value",6,1],[{"frame":0.1},"value",6,2],[{"frame":0.15},"value",6,3],[{"frame":0.2},"value",6,4],[{"frame":0.25},"value",6,5],[{"frame":0.3},"value",6,6],[{"frame":0.35},"value",6,7],[{"frame":0.4},"value",6,8],[{"frame":0.45},"value",6,9],[{"frame":0.5},"value",6,10],[{"frame":0.55},"value",6,11],[{"frame":0.6},"value",6,12],[{"frame":0.65},"value",6,13],[{"frame":0.7},"value",6,14],[{"frame":0.75},"value",6,15],[{"frame":0.8},"value",6,16],[{"frame":0.85},"value",6,17],[{"frame":0.9},"value",6,18],[{"frame":0.95},"value",6,19],[{"frame":1},"value",6,20],[{"frame":1.05},"value",6,21],[{"frame":1.1},"value",6,22],[{"frame":1.15},"value",6,23],[{"frame":1.2},"value",6,24],[{"frame":1.25},"value",6,25]],11,11,11,11,11,11,11,11,11,11,11,11,11,11,11,11,11,11,11,11,11,11,11,11,11,11]]]]]],0,0,[0,0,0,0,0,0,0,0,0,0,0,0,0,0,0,0,0,0,0,0,0,0,0,0,0,0],[0,0,0,0,0,0,0,0,0,0,0,0,0,0,0,0,0,0,0,0,0,0,0,0,0,0],[0,1,2,3,4,5,6,7,8,9,10,11,12,13,14,15,16,17,18,19,20,21,22,23,24,25]]