[1,["dcEQb8QP5Fg5BkCzmcFgWb","51I4wSh1FJ+Kl8IGW8sSDs","1doliD+0FAT7KEQ6N48hST","94uPgwLn5BcraMBoxDAOzb","8f8ePQoqRHHJsVzaqFNfSo","a3aRA5MO9He4cB2sLA7Q3V","ffpJClRwBDBLq4ThK/6UST","c39832StRMC5zvMRoMrbUO"],["value"],[["cc.AnimationClip",["_name","_duration","curveData"],1,11]],[[0,0,1,2,3]],[[0,"takeSymbol1",0.6666666666666666,[{},"paths",11,[{"win_glow_c":{"props":{"opacity":[{"frame":0,"value":0}]}},"win_flare_a":{"props":{"opacity":[{"frame":0,"value":255},{"frame":0.4,"value":0},{"frame":0.6666666666666666,"value":1}]}},"win_vfx_a_1x1_00":{"props":{"opacity":[{"frame":0,"value":0}]}}},"bkg",11,[{"props":{"position":[{"frame":0,"value":[0,-15,0]}],"opacity":[{"frame":0,"value":255},{"frame":0.36666666666666664,"value":255},{"frame":0.4166666666666667,"value":0}]}},"comps",11,[{},"cc.Sprite",11,[{},"spriteFrame",12,[[[{"frame":0},"value",6,0],[{"frame":0.06666666666666667},"value",6,1],[{"frame":0.11666666666666667},"value",6,2],[{"frame":0.16666666666666666},"value",6,3],[{"frame":0.21666666666666667},"value",6,4],[{"frame":0.26666666666666666},"value",6,5],[{"frame":0.31666666666666665},"value",6,6],[{"frame":0.36666666666666664},"value",6,7]],11,11,11,11,11,11,11,11]]]],"win_glow_b",11,[{},"props",11,[{"opacity":[{"frame":0,"value":0},{"frame":0.4166666666666667,"value":0}]},"scale",12,[[[{"frame":0},"value",8,[1,3,3,1]],[{"frame":0.4166666666666667},"value",8,[1,3.5,4,1]]],11,11]]],"win_flare_b",11,[{},"props",11,[{"opacity":[{"frame":0,"value":0},{"frame":0.36666666666666664,"value":255},{"frame":0.6666666666666666,"value":0}]},"scale",12,[[[{"frame":0},"value",8,[1,1.666667,1.666667,1]]],11]]],"item",11,[{},"props",11,[{},"scale",12,[[[{"frame":0.05},"value",8,[1,1,1,1]],[{"frame":0.3333333333333333},"value",8,[1,0,1,1]]],11,11]]],"takeSymbol",11,[{},"props",11,[{"opacity":[{"frame":0,"value":255},{"frame":0.05,"value":255},{"frame":0.36666666666666664,"value":0}]},"scale",12,[[[{"frame":0},"value",8,[1,1.666667,1.666667,1]],[{"frame":0.36666666666666664},"value",8,[1,2.4,2.4,1]]],11,11]]]]]]],0,0,[0,0,0,0,0,0,0,0],[0,0,0,0,0,0,0,0],[0,1,2,3,4,5,6,7]]