{"paths":{"0":["animations/BoDacBiet/skeleton",4],"1":["animations/BoDacBiet/skeleton",2],"2":["animations/chaybai/skeleton",4],"3":["animations/chaybai/skeleton",2],"4":["animations/chaybai/skeleton2",2],"5":["animations/finish/finish",4],"6":["animations/finish/finish",2],"7":["animations/lose/lose",4],"8":["animations/lose/lose",2],"9":["animations/lose/lose2",2],"10":["animations/lose/lose3",2],"11":["animations/lose/lose4",2],"12":["animations/lose/lose5",2],"13":["animations/lose/lose6",2],"14":["animations/lose/lose7",2],"15":["animations/lose/skeleton",4],"16":["animations/lose/skeleton",2],"17":["animations/special-card/skeleton",4],"18":["animations/special-card/skeleton",2],"19":["animations/spine_chanbai/bomb",4],"20":["animations/spine_chanbai/bomb",2],"21":["animations/spine_den/skeleton",4],"22":["animations/spine_den/skeleton",2],"23":["animations/startFinishGame/skeleton",4],"24":["animations/startFinishGame/skeleton",2],"25":["animations/WinLose/anim_frame_win",4],"26":["animations/WinLose/anim_frame_win",2],"27":["animations/winner/skeleton",4],"28":["animations/winner/skeleton",2],"29":["animations/winner/skeleton2",2],"30":["animations/winner/skeleton3",2],"31":["Audio/alert",0],"32":["Audio/AnBai",0],"33":["Audio/beer",0],"34":["Audio/bom",0],"35":["Audio/chiaBaiLoop",0],"36":["Audio/Click",0],"37":["Audio/DanhBaiVaBocBai",0],"38":["Audio/DenTurn",0],"39":["Audio/DiChuyenLaBai",0],"40":["Audio/Fold",0],"41":["Audio/kiss",0],"42":["Audio/Lose",0],"43":["Audio/nemxu",0],"44":["Audio/rose",0],"45":["Audio/start_game",0],"46":["Audio/water",0],"47":["Audio/Win",0],"48":["Card/cardAtlas",2],"49":["font/CountDown/font_countdown-export",2],"50":["font/font_point-export",2],"51":["font/fontTIen/font_tien-export",2],"52":["font/lose_ex",2],"53":["font/MyriadPB_Title_Gold-export",2],"54":["font/RobotoB_bevel-export",2],"55":["font/win_ex",2],"56":["sprites/bg",2],"57":["sprites/bgVip",2],"58":["sprites/bkg_black",2],"59":["sprites/borderAvt",2],"60":["sprites/bt_chat",2],"61":["sprites/bt_menu",2],"62":["sprites/bt_red",2],"63":["sprites/bt_reload",2],"64":["sprites/bt_yellow",2],"65":["sprites/btn history",2],"66":["sprites/btn_blue",2],"67":["sprites/btn_close",2],"68":["sprites/btn_emoji",2],"69":["sprites/btn_Red",2],"70":["sprites/btn_sort",2],"71":["sprites/btn_yellow",2],"72":["sprites/ic_menu",2],"73":["sprites/icon_chips",2],"74":["sprites/pass",2],"75":["sprites/point",2],"76":["sprites/SpecialWinText/txt3DoiThong",2],"77":["sprites/SpecialWinText/txt4DoiThong",2],"78":["sprites/SpecialWinText/txt4Xam",2],"79":["sprites/SpecialWinText/txt5DoiThong",2],"80":["sprites/SpecialWinText/txt6Doi",2],"81":["sprites/SpecialWinText/txtSanhRong",2],"82":["sprites/SpecialWinText/txtTu3",2],"83":["sprites/SpecialWinText/txtTuHeo",2],"84":["sprites/table",2],"85":["sprites/texttable",2],"86":["sprites/time_bg",2],"88":["animations/BoDacBiet/skeleton",5],"89":["animations/BoDacBiet/skeleton",6,1],"90":["animations/chaybai/skeleton",5],"91":["animations/chaybai/skeleton",6,1],"92":["animations/chaybai/skeleton2",6,1],"93":["animations/finish/finish",5],"94":["animations/finish/finish",6,1],"95":["animations/lose/lose",5],"96":["animations/lose/lose",6,1],"97":["animations/lose/lose2",6,1],"98":["animations/lose/lose3",6,1],"99":["animations/lose/lose4",6,1],"100":["animations/lose/lose5",6,1],"101":["animations/lose/lose6",6,1],"102":["animations/lose/lose7",6,1],"103":["animations/lose/skeleton",5],"104":["animations/lose/skeleton",6,1],"105":["animations/special-card/skeleton",5],"106":["animations/special-card/skeleton",6,1],"107":["animations/spine_chanbai/bomb",5],"108":["animations/spine_chanbai/bomb",6,1],"109":["animations/spine_den/skeleton",5],"110":["animations/spine_den/skeleton",6,1],"111":["animations/startFinishGame/skeleton",5],"112":["animations/startFinishGame/skeleton",6,1],"113":["animations/WinLose/anim_frame_win",5],"114":["animations/WinLose/anim_frame_win",6,1],"115":["animations/winner/skeleton",5],"116":["animations/winner/skeleton",6,1],"117":["animations/winner/skeleton2",6,1],"118":["animations/winner/skeleton3",6,1],"119":["Card/cardAtlas",1],"120":["font/CountDown/font_countdown-export",7],"121":["font/CountDown/font_countdown-export",6,1],"122":["font/font_point-export",7],"123":["font/font_point-export",6,1],"124":["font/fontTIen/font_tien-export",7],"125":["font/fontTIen/font_tien-export",6,1],"126":["font/lose_ex",7],"127":["font/lose_ex",6,1],"128":["font/MyriadPB_Title_Gold-export",7],"129":["font/MyriadPB_Title_Gold-export",6,1],"130":["font/RobotoB_bevel-export",7],"131":["font/RobotoB_bevel-export",6,1],"132":["font/win_ex",7],"133":["font/win_ex",6,1],"134":["Prefabs/CardTL",3],"135":["Prefabs/PlayerViewTL",3],"136":["sprites/bg",6,1],"137":["sprites/bgVip",6,1],"138":["sprites/bkg_black",6,1],"139":["sprites/borderAvt",1],"140":["sprites/bt_chat",6,1],"141":["sprites/bt_menu",6,1],"142":["sprites/bt_red",6,1],"143":["sprites/bt_reload",6,1],"144":["sprites/bt_yellow",6,1],"145":["sprites/btn history",6,1],"146":["sprites/btn_blue",6,1],"147":["sprites/btn_close",6,1],"148":["sprites/btn_emoji",6,1],"149":["sprites/btn_Red",6,1],"150":["sprites/btn_sort",6,1],"151":["sprites/btn_yellow",6,1],"152":["sprites/ic_menu",6,1],"153":["sprites/icon_chips",6,1],"154":["sprites/pass",6,1],"155":["sprites/point",6,1],"156":["sprites/SpecialWinText/txt3DoiThong",6,1],"157":["sprites/SpecialWinText/txt4DoiThong",6,1],"158":["sprites/SpecialWinText/txt4Xam",6,1],"159":["sprites/SpecialWinText/txt5DoiThong",6,1],"160":["sprites/SpecialWinText/txt6Doi",6,1],"161":["sprites/SpecialWinText/txtSanhRong",6,1],"162":["sprites/SpecialWinText/txtTu3",6,1],"163":["sprites/SpecialWinText/txtTuHeo",6,1],"164":["sprites/table",6,1],"165":["sprites/texttable",6,1],"166":["sprites/time_bg",6,1]},"types":["cc.AudioClip","cc.SpriteAtlas","cc.Texture2D","cc.Prefab","cc.Asset","sp.SkeletonData","cc.SpriteFrame","cc.BitmapFont"],"uuids":["00N+/rOpJIWa44eUvdLLul","a0ILLwUS5JCJdfvHbQze+b","37gYlINSlJDZdd+AExdtX5","d25r4hmpxB4Ief0WF7BmiR","97SD09icVHN5WKEqSRpHsQ","8b5ynux6RFK6UyYv8jIwOX","b4zeisDqhA+4VLJKT2NNS7","b1dEyzuwlE44h1okgKioLB","2a5oTmMIVHgboe4lIrWg58","aaG4fXg5VHzoaAt+zMCMX5","908c5KGvpBwZj43r89qD35","51h13tFFpE6ZoDbDOm5qXl","97hnLmaHdPUJ6iKTzC0Qhz","d9k94k8y1Ctr5OOl+6K3TN","efzhaS0z5J8KIUVZRQujL1","a6izRiwddAMo4SYIlLdRGN","b0cUP2LwZH9o5MFBj9cU/I","e5mxtlkxhMlbib3bT/xO7V","bbRrkDCBpCKYd2UPU6qRkl","79TYYhJzBC65jXJp/gNlNE","fbXBtpnetCTKOZfM8VkICu","13KRS1h2NGLKKg1x7u7xXq","a80n0/qRxNlYA7ecBIaWvE","242HTsi+ZKM7q+Wpr9e7kz","e46nsRQwpO9KkUfqhz/4EH","34Qo2MDSRONaQzBGlyZCgU","69QDTAYUdAJ4JUbDUc/5QO","70NpjJ8WhLNZg0LX2P1ixY","7bf+3SpXtHN6Vl48xm7avC","faBIzfmGdC16KoLuVtosiG","cafo6EwxRGKId9dqXWYg49","feCjh+hulJRpSX9kTgQtFQ","d7wuXCiU9AmZSbxE0/GD4x","04jDRzN1JHDbq2AS0MZcTp","202KjaHcpEVKAp/MnuJmy3","ef3dRX9n5NVqZGFoTNjL33","88lCFBxwBBsZDbNl0UOJWG","76bpTu7oNMI5lk3WHyeWF5","88Og4c6wRNNoaIMzK5JRUM","c4gObBo/9P6KrBhslOz8ml","bfQ8PbcW5DA79hBKl1P8Mz","41vULMXv1B3bjB62vVJ/Fw","b2vqr1pB9KXqTtS1WiiTIg","a7A2U35rZCuavXKjDLE3nV","1aub87N4hLoLezJRte42DX","37RJ2sTnNHhphZXSZ2Y5nt","dexPy0qbJE9qiuM2PkleAK","80e4+IEFdMuKHEzsWj9zOP","71NZQlDd5EgK0I3vy4VbIZ","f1jDymYQlF+L2fIVDTbkkT","feDJ7SBsBM2YO83krrtLPh","f1xJG2qbxMCa21OVLGuhyb","f4VBTQqRZM56IcXLUIwQz0","ffVFMg0YNO35P5jggfUa94","e5kI7l+C1HKoUSiu9u8KNs","cbJT7btrNEPKdSlmBh54Ex","6eCnHE3fVMPpXgrPPeDEnn","e6rLFhz0dLvovYK1POmFgQ","b3f2xaGw9OiroayD84hVgS","351xh7YXtEmrUxbzG7tqWj","c5yQpXdEhKpL2hYBaKnloW","c6halMMbNFTYBZS51Jwd26","f7/jS0jNtBG77VQvBHVB4x","6dh9pblo5EcoBTPZv0Ncmo","293pfxaphA5bJ2JY00McE+","58u6/sJ8JJG56X+C9gr4pF","35YP3+EQhCrIdzQNVtEKuq","05RNJR34pHl4LNT+RnAQr3","f3ihVVMb5N3owYks9BIJk6","eadVE3ubBOsbiDBe5awNED","94Ur5FNydEdo7DPbDzeheR","65ldBcO9lJLZt6JhpVsAsn","85thwpmsxHh7Bt/lpsAv5m","59seK8AuhAmaV0Qjil8Mfr","adGrgehchIUK/JnZXJK0tL","a8S9BelnRMhIUSbFd8kCdT","cdsbfCrspJq43xtoREC2dX","33dWhJ4/dBqZiOSQnJD4AT","3aU8RgVulBY6ijoueQ7RrT","27RJVH6OBHeKWxySH3qbuK","660ekFMIVI/JTPUM7U1cWW","7cRxZ1c51JerTNF5V0Qta4","edVFvmyj5OXr9iHoLzN93A","6d0m3CFlVEDZeAK7YsOFOi","b8f0XpCrFKJaIFZymyEeAK","eeH2C7cSRM452sFxWNESY6","cfyJRHTuNN/6jbOdLI7521","37qsyYZLFLwpvskCQiCJ5k","43CHI1hUFCMYQcABg5/1cX","0bfFE2S3ZJj5tqj9MZU31p","e58scrzddMLIdDU6s4K4M7","11QJqhbw1Pd5GJ7lkXy0Wl","1dFAFYB9hIsJBHjfjQzNky","bb7ghUbNxGUIQnXwPoZndS","45evMG8GFNhqe0Lhi2dFdv","a2a4bvz6ZDjJeWOegBrj7H","f5C5/fjC9BUKnzu+kDF88Q","02uWqZ/zFANZ5A6gSrTz/l","55mgVYe0FJ7p2rOb1pQ8+B","a1KkW9f9FHbZIk/iiN2JI2","f3LYRtQcxO5Is4upGo135G","2bt63qUfdJraDLsvzttBau","72R0XemV5LjrFnDkcycANd","4aUiI7ibdAGKFBl6WiuaxO","aeOsiAiYpEjL3Qre6lknGY","fekK0D/KVGnoqE4WPguR6b","72wTWckSZC3Zz0nl17bMA2","fdzUp4k5RMXIjIAg2QYA/V","3blw7DmUhHppkFYcDuLma/","57QF+ytrFFGbUoFM9OggSH","66VqU+2ExKO6k3U6pHetwT","fdHCrsfhdNaYCmi0FhzjuM","c6YX4ZeUpBuIlVil9HbB86","eaDGX2flxMDq4I/7nYx6kn","f8W5BNWAlKbam4O7f5740e","dbsVeJHyZLNrfNYFfZBQAA","24k7qwocJCwb1X4pafqj6J","eagQEn1phJ55C92c7RRfkX","c7Ag1w2wtEAalH+xvKYM+y","c4JBfRa9RNnae8Nqkq0dwX","e2iJapMi9D3p+1CVxlUipp","abYyPB4O9I9Y9npSargX9X","a4FNwg5+1B6YFgwigfsLdc","1byhmTvetKkqByS84CAmM5","44DAppFN5LnaeREJ3A2fE7","0bvFz9I3JBJ7oIrVNegvvq","b4+E7WERdD3qSBnbWP5PAW","52pBcgEZ9F6KYyJn75b94Q","d16yuyzI9HKIfQhpeyPaUj","8fOAzpn6NMvJIs4nTLUp88","bcD19xJqxJAYucQU+lqOHm","2fu48zQChOc7NjREEwQDcW","a5AchbGDRAwq9XnS2f1d8M","cdQlghq3NHe66S2j9ccr1J","2fi2HP/ihBf56/yAWLIUDA","2917cw63RLqpMgpzv0aYp6","dcLiiFRKZCtaRHn6aBOB5e","04megsLklEwKS0AKZ24SbH","09e/0w8RNFA6+F+JN2M0SQ","3bnpRm3AhBgoALbVJZOsRC","f85tCAtZ9AuZiAHNrOxC6e","22R8y2SttEtrJ7afbmxtRh","d4LH0uQzBEq7gPnULvadXY","ddWGeu7lNBpq3TwKmybVIj","30jVWqauBCi56fyMxHy9pS","47iFyIt5dGsqojxm4Fh0OB","e6y6Ij1fxPoo24snhaQjJh","e0QCnvTRdFYYIXMnC2fp6s","d4Q4F5j1RM9oQ6Om5wW6ww","cb48bgofhH1bfVxSomXiOF","cbnVipEc5BOKB9jTJSUeSF","43+iUNc2FOs7Lc8B3tw0Fq","ccIRyPkVZBoLw+LPv7izjb","0eqeXngDZM7aFLD5DPczPr","16aD4I/DpERZPJf9eRl4MZ","8c4wPqhLhJhKnhzVhNSn+x","11/P0qZOZCPKkKT+HG3q30","3bHBOxjcVMW7MvJebjV4Qh","bdlypcT35DN4E/29ygGbKu","e54INWkKxKeaGEwaEjoOtq","3eT2oGeTZAG42qx75lrZk6","ecm7XMoKtHio4KGT8a2jMe","7fAgTfX8pAqrkULgOKcuMp","fdKGyFkY5BPINpApolBRDD","76Fmn5AFdEU5dqGNMx1Vsr","fa6YBBEYJOpatGIN/OhfzF","966X1zg+JNCYhz6ZqUdXSM","2875ZbVDtH7LzGCwW3SUQv","2axrYyyBpHbLkbRipNjleW","b4euyNUyZDMofHKBd1mO+y","f1zyd4z6lEDrOx8sTe/yRX","e8JWyt3r5DBZMbnZ/jxHvF","0dbh+e4hlAp6tPkDaL2GPL","01pxfFPy1HfaPKJC0l/j+3","12nEJuj/ZPbaeAxlEoxh36","38KNzWWP9PoL1lsmbHR+62","34hVVmmdZH0aJLSG2dXJRG","07rEjz4HpJ5ppK1MSjBZoZ","4e0kncp5NK27B7FQq+ZSD7","a2qzemr4VLwa/yOnqHj6G2","33GUrmc0pOQqEm6HvO4CNI","fftxStpOtMF7+i2EdXMic7","61iTCdRjFLK5wVMT71JptL","48UvIdtFdHuq3E+JELddpP","5bTqVKondMN5I9YQ/WB/Yj","45gRA1BtFDG6XluJw2HopU","7cqJWDVlhNv7+cbKCTS0q8","2bYQ21zDpAipdtPkKcIz1Q","d3prK4tpZGw5tPavxHK50I","1diPYTXPxPSa7jBhgY7vQk","f0V9JBWg5A+Kv//U+fx+vh","27QfTceRxP/aRy4VAWM0bZ","39srL0txVPrLis9HQB+tTT","b1c7mTfLJLa5n21JJAD4VX","fbd02Tib9PIKrZb4rPE1T9","2b2r8ioMNHYLl3Y9ShWdyX","d50keuuCNAQZP4W8DWD995","87dOd3HSdNbroXCGJfzSwi","774hZgQ6lJWJkeb4Uui0S+","74PsA/tKJDwYqzilh0olfz","6a54SuQCpBGYv9z+V8gF2J","1eNI9HAa9N5ori50pjUJRV","68DHIoafxFN6/mngLby7mn","694godzvNLHbf5JVMji9S8","5fIuZDC8dKuaudPsb75Ch1","b80rVlPGhEYLPJtTgwSb/U","57aBbMPSJLmrnO0efiUAqS","c6Xv6I+oNO4ZEWhiO8a3hr","fdV/kuMR1HqI7Ega92ki1O","e5FpGEyO1GrqRgMfeSJTWR","aftCjcnaRMXobeiQiSPku7","40kqY3XshHr6rAUAiYTTmd","f5rTSTBE9JT5hkCHjBt9ES","04enuya0lFEIEMvXp+VHII","97peFZzL1NrpnKWCjN52p9","6bHPejRvpN+KqN4bqcJVaF","a4hzqV/apDSoOCF1CnOl1m","1a1N0usz5KMIYdwtR6FCjf","98+xNu0PpHIo1Ckegl7Gbm","2cwUc/jGBAXIyhVNbEq6Y4","9bwcX+GntI1ZChEeag4yHn","6eEisJVzJJCbc09LMnW9t+","79WEOSV8xOsIBUWtt16O0e","8dj7eNkvRBzITNQeQZa8jz","ddpWibh1BHLpUbaXLyqQar","6ch72M965LALtXu8tmA+57","cdqz1wf09HCL6EOLiyQb7B","9eSiFe0I1E/JyYxzdcFqwf","f0YzvQVBNNhoeiHJMhpRrt","a4rhy6s2lMY5VBcTQQf4Jz","99Q59mokNJdqB7qpaNnFDi","a0Mhp4BNBPR5WEUMcu2B/i","5dsCAusGdJE7BCJMro9uGq","29EFYjtKVD3orVrNTRCw2v","a405Bi3d1LFKbbGCGEnIDX","2fwi2j+3pCLZPnulFUoE4x","b78K85QFFNwbYeMP0ttfpp","5ewttlIMNJ9YI6ZVglJntL","29WFatR+ZLRqytmh0npRZe","0bOuheqzVAGICynv44o1Kl","e9/rQs28RFt7p0qvceIOxO","a7vcmM0M9KsZE+o5fi2G4h","baEoOWDAZO1bZDD82pZJgr","deuYXG5x1PT6dYYAhpWjDh","68foSbLaZLvpaH/xN9j+Rd","38pPAnHc1CvIEtUyxpy/Vw","55XMogBpJO7rzSeuGeMKWs","e6FqfuL/JLFLZTnLhKhD7J","f0BIwQ8D5Ml7nTNQbh1YlS","e97GVMl6JHh5Ml5qEDdSGa","29FYIk+N1GYaeWH/q1NxQO","ecpdLyjvZBwrvm+cedCcQy","d8UEmmuC1JBIvf3QFEqEQA","7atnkm+vtBk6Mvv8DBz46m","7a/QZLET9IDreTiBfRn2PD","52a2y+bGNIfblIg7VFFre3","0631MGZEdIHJWogOA55BCh","b4haK4zQtMkpNdFU2TdbzW","86vSdFD6dFsr5S9jQbUk9+","a9zCCIU+pA8J1RisEIXQnX","1aPRHFiIxC/IK11o2GBB4/","0eg8dajqFOgZGq9sqbEcMy","2c3q3yqtVDc6lwZc10qUgB","536PD8wURMWLHjoXgYER6F","4eph40k7dNLYahKOUTLmzl","f5iGeUeMBBp5CnTt0zRNRi","505s0m53pDQIOyQRrEw7tf","73+s/pCI9BValXpnjX+gms","a2lHi9n0FMg7PE0RwRVi/u","64H/RZ1stDY7wlpa+G/jxx","42XT95bJhC26V1eUt6xcrL","dby0+M+LpFFaTA1MW5KKFs","e6htXS7MlNgZPLAeDGtWBT","a6wlR0sGdDJIBo0OBjcGic","2dFtPzCKpAtq+LlNrXRJLt","d9Pln8NL9AIKaEgbYtCmS1","88pqOoGuZNzrSWQ2vSOJ04","7cN4+DB35B75yrPV+2sWYk","a0OePw9SBPYKZNSwgR+ydy","c3QkWBuZdOCr11iduo8JPK","afBLJFLGNMy6HjX+wmmJvr","82Hv3S8ZpFE7M/Owzi9CqJ","fdFOEKs1hBAJwT5zYjszRg","80oxq95MJOirjNKUMJKoGK","58dL8voQRIjIehpWWl5mGL","06JjI0oMpFrYC9dT2nssbK","a4xRHz8f9BaKpdNcjVjJfF","82h7j05w5Eu42vLgIhErc8","90AMUWjA5MnoYXgIrKjxUU","5bCNhFpDZByq02I1WWc7Pm","ebpTu1IkVN8aIB2vAmbwCP","d41Uv6575E3YgJpPUDl9x3","72+inff/JJmZ62XEULFMO2","df6OC9eRFIYYSs9FVaqFny","5d3zSbyR9EAbq1xogkCrAR","71ZbdOBV9LBZZyRUgcxtaN","445HBUyNVIqbOVYXJN5PmJ","1bxo67kQNNs5ieL1MdT2Lu","abLv7MJTxPOrEeY+h6nI0j","5ekXqOtjlBSr7gnxzE9vwT","3cSH/P+7xNwqBG4zPkEyet","8cF4Mh4dNOS7ewzrYOAKmK","85Xkf2t21InJ8nZbdVzx5s","02XvP7t95MbZifdAD4JrJw","c3fpn38udPjYOl4PgNLkbc","78NgkwMiRDEKOm1Vm6kiTw","3fSFQJw1xL3K5Z2jBVFOwi","bb8T31WuxCUawkdHVrkV6E","dd7Q3M/OZHbYJZYiUQWW1J","521hq6BMlPYqiSWV63+wej","56qFIQMNhIq6ZTt4zIuN0P","e8GkFw/QBCkYi0HOp6Qb1K","05TIw6pSpGZJdUtUrxaAg0","90l92CT1tIBo1KgC7jq/u6","01tRdddGxANo4K91GFK497"],"scenes":{"db://assets/Bundle/TienLen/TienLen.fire":87},"redirect":[248,0,249,0,250,0,251,1,252,0,253,0,254,1],"deps":["resources","internal"],"packs":{"026121112":[33,138,154,44,167,45,87,160,41,164,37,162,47,38,36,155,166,43,42,158,40,39,149,148,32,136,143,46,159,146,161,35,163,31],"06f39c812":[213,239,217,189,201,191,233,238,195,219,235,192,211,206,232,237,204,202,203,200,215,225,221,199,198,222,197,223,214,218,230,220,227,231,216,229,234,241,210,193,236,205,242,119,207,226,188,196,224,209,240,190,228,212,194,208],"03884cd51":[121,120],"03407eb64":[123,122],"02c7171f5":[125,124],"0f2fec1d4":[127,126],"07514b093":[131,130],"070a1ffca":[129,128],"08cbf1568":[132,133],"05d253996":[314,303,312,285,256,261,260,297,262,134,300,306,296,255,309,310,284,289,294,299,295,292,305,283,281,287,302,258,301,288,313,286,259,298,280,257,307,304,291,308,293,311,290,282],"0ab3066a8":[153,135,274,270,264,266,263,269,267,277,276,278,268,273,279,275,271,272,265],"01dbab746":[245,139,246,244,243,247],"0ad0bc356":[173,67,177,172,174,79,64,168,8,187,180,77,176,66,59,175,78,185,183,178,11,65,73,184,182,71,80,26,63,83,56,48,28,81,186,72,10,70,4,12,1,179,75,22,9,74,16,58,169,6,84,18,60,61,30,55,76,86,3,13,24,54,57,171,69,82,85,14,49,51,170,68,52,62,29,20,50,53,181]},"name":"50","importBase":"import","nativeBase":"native","debug":false,"isZip":false,"encrypted":false,"versions":{"import":[0,"08689","01dbab746","93ec8","026121112","b0eac",97,"35201","02c7171f5","2ca33","03407eb64","d4b1a","03884cd51","cdb5e",137,"39226","05d253996","2fd51","06f39c812","12fda","070a1ffca","4cf4d","07514b093","074d8","08cbf1568","3e7f8","0ab3066a8","181ef","0ad0bc356","35ab9",89,"e20b5","0f2fec1d4","39fb7",91,"b440e",156,"de419",21,"08689",92,"0169c",34,"b0b39",141,"1ba27",116,"9e43b",23,"08689",101,"985e9",144,"f2e38",25,"fb4a8",2,"08689",157,"509d4",108,"756bc",88,"28137",151,"4b45f",94,"ff1ed",145,"26679",103,"10b89",98,"05e6f",109,"07cfb",110,"46624",27,"08689",102,"4c747",106,"caceb",19,"e154b",5,"781e0",99,"f7dec",95,"d0056",15,"08689",104,"13fe8",7,"98be5",93,"b331b",112,"d74ac",118,"af505",150,"75d9b",152,"82901",142,"2c37a",115,"6f0dd",147,"98960",17,"08689",90,"d3d99",113,"56323",117,"086c6",100,"58e3c",96,"4a319",114,"99238",140,"7f159",165,"78bb8",111,"83943",107,"a430a",105,"0d3ab"],"native":[0,"dc1a9",173,"d4aa1",33,"9eb37",67,"663e0",177,"4c6d1",172,"39a0c",174,"8eee1",21,"ef755",44,"4d5f7",34,"4489f",23,"8aed7",79,"b8882",167,"65e1a",64,"5b9e3",168,"6f964",8,"a4a8b",187,"4f8fe",180,"1c42d",77,"62767",25,"def16",176,"1e6b9",66,"63f03",59,"fefe6",45,"690dd",2,"5582c",175,"52552",78,"571dd",41,"5391c",185,"5348f",183,"47118",178,"371a4",11,"58c8e",65,"9581e",73,"5b648",184,"49c4e",182,"b4667",71,"1b5dd",80,"57ccf",26,"d10bc",63,"190a8",83,"a91ee",56,"0cd10",27,"ab106",48,"3aa57",37,"5e30f",19,"bb9be",28,"771ac",81,"e51c3",186,"bc2c7",47,"37f31",72,"86279",38,"c5ee4",36,"79de3",5,"8f970",10,"c5f5b",70,"ce458",4,"c07d4",12,"3804b",1,"15f3c",179,"7b735",15,"c991d",43,"94db6",75,"ce101",22,"e4024",9,"31b5a",74,"0bf3e",16,"631dc",7,"07151",42,"0fce6",58,"cdd09",169,"5cb85",6,"a1db4",84,"b8edd",18,"ed4cc",40,"d08f1",39,"0864c",60,"aaf59",61,"a8754",30,"2ee14",55,"b1f8c",76,"f15bd",86,"41e92",3,"a7845",32,"9d21f",13,"4f54f",46,"6a65a",24,"67025",54,"23918",17,"c4a94",57,"f0a9a",171,"904d7",69,"32c08",82,"0cc01",85,"21d0b",14,"433da",35,"de758",49,"42c7f",51,"0107f",170,"7d5b6",68,"cad01",52,"4f9ac",62,"e7a12",29,"c7d94",20,"90aed",31,"1670f",50,"c556b",53,"e3665",181,"429c3"]}}