[1,["a9JrO98QhA4KkVbvAXh95x","d8BKjfxwRCp4mNztohaQq+","06znO/5YVDrJa4kei+swyT","9dV3WiaFdLrYGSC2MI9DP6","4aSunagEVIgJs4SsTn6eMX","9eMHfZ1nZFaoxMHteLiK/l","97fIEmakhLx4RH7HAIl4EP","0alIIOQzRFP5eCW5UO+xfq","de8dSiEgtLe45t/Uqkt6m8","452DsSmrZEL7LVhquJg+5k","f93ua1P0xDzLHwz2VKd4pj","44mGSHSpJBS6g+2cdqh7QG","b9e5UYDXtPnImQzEihhc27","00YCCRezdFsYwVviId7nhP"],["value"],[["cc.AnimationClip",["_name","_duration","sample","curveData"],0,11]],[[0,0,1,2,3,4]],[[0,"mh_spin",0.5833333333333334,24,[{},"comps",11,[{},"cc.Sprite",11,[{},"spriteFrame",12,[[[{"frame":0},"value",6,0],[{"frame":0.041666666666666664},"value",6,1],[{"frame":0.08333333333333333},"value",6,2],[{"frame":0.125},"value",6,3],[{"frame":0.16666666666666666},"value",6,4],[{"frame":0.20833333333333334},"value",6,5],[{"frame":0.25},"value",6,6],[{"frame":0.2916666666666667},"value",6,7],[{"frame":0.3333333333333333},"value",6,8],[{"frame":0.375},"value",6,9],[{"frame":0.4166666666666667},"value",6,10],[{"frame":0.4583333333333333},"value",6,11],[{"frame":0.5},"value",6,12],[{"frame":0.5416666666666666},"value",6,13]],11,11,11,11,11,11,11,11,11,11,11,11,11,11]]]]]],0,0,[0,0,0,0,0,0,0,0,0,0,0,0,0,0],[0,0,0,0,0,0,0,0,0,0,0,0,0,0],[0,1,2,3,4,5,6,7,8,9,10,11,12,13]]