[1,["69CvX8ylxK0qMKxtgUGjOt"],["_textureSetter"],["cc.SpriteFrame"],0,[[[{"name":"reel_vfx_b_14","rect":[1,846,99,358],"offset":[-1,36],"originalSize":[165,856],"rotated":1,"capInsets":[0,0,0,0]}],[0],0,[0],[0],[0]],[[{"name":"reel_vfx_b_15","rect":[553,1,87,358],"offset":[-2,36],"originalSize":[165,856],"capInsets":[0,0,0,0]}],[0],0,[0],[0],[0]],[[{"name":"reel_vfx_b_03","rect":[628,361,57,358],"offset":[-4,36],"originalSize":[165,856],"capInsets":[0,0,0,0]}],[0],0,[0],[0],[0]],[[{"name":"reel_vfx_b_24","rect":[361,721,57,358],"offset":[-5,36],"originalSize":[165,856],"rotated":1,"capInsets":[0,0,0,0]}],[0],0,[0],[0],[0]],[[{"name":"reel_vfx_b_11","rect":[295,361,133,358],"offset":[-1,36],"originalSize":[165,856],"capInsets":[0,0,0,0]}],[0],0,[0],[0],[0]],[[{"name":"reel_vfx_b_21","rect":[361,894,55,358],"offset":[-4,36],"originalSize":[165,856],"rotated":1,"capInsets":[0,0,0,0]}],[0],0,[0],[0],[0]],[[{"name":"reel_vfx_b_26","rect":[819,1,43,358],"offset":[-4,36],"originalSize":[165,856],"capInsets":[0,0,0,0]}],[0],0,[0],[0],[0]],[[{"name":"reel_vfx_b_10","rect":[152,361,141,358],"offset":[-1,36],"originalSize":[165,856],"capInsets":[0,0,0,0]}],[0],0,[0],[0],[0]],[[{"name":"reel_vfx_b_16","rect":[1,947,73,358],"offset":[-2,36],"originalSize":[165,856],"rotated":1,"capInsets":[0,0,0,0]}],[0],0,[0],[0],[0]],[[{"name":"reel_vfx_b_00","rect":[721,721,3,3],"offset":[-81,426.5],"originalSize":[165,856],"capInsets":[0,0,0,0]}],[0],0,[0],[0],[0]],[[{"name":"reel_vfx_b_07","rect":[1,361,149,358],"offset":[-1,36],"originalSize":[165,856],"capInsets":[0,0,0,0]}],[0],0,[0],[0],[0]],[[{"name":"reel_vfx_b_13","rect":[430,361,111,358],"offset":[-1,36],"originalSize":[165,856],"capInsets":[0,0,0,0]}],[0],0,[0],[0],[0]],[[{"name":"reel_vfx_b_06","rect":[303,1,135,358],"offset":[-1,36],"originalSize":[165,856],"capInsets":[0,0,0,0]}],[0],0,[0],[0],[0]],[[{"name":"reel_vfx_b_02","rect":[762,1,55,358],"offset":[-5,36],"originalSize":[165,856],"capInsets":[0,0,0,0]}],[0],0,[0],[0],[0]],[[{"name":"reel_vfx_b_17","rect":[642,1,59,358],"offset":[-2,36],"originalSize":[165,856],"capInsets":[0,0,0,0]}],[0],0,[0],[0],[0]],[[{"name":"reel_vfx_b_05","rect":[440,1,111,358],"offset":[-1,36],"originalSize":[165,856],"capInsets":[0,0,0,0]}],[0],0,[0],[0],[0]],[[{"name":"reel_vfx_b_19","rect":[361,780,55,358],"offset":[-4,36],"originalSize":[165,856],"rotated":1,"capInsets":[0,0,0,0]}],[0],0,[0],[0],[0]],[[{"name":"reel_vfx_b_01","rect":[803,361,49,358],"offset":[-7,36],"originalSize":[165,856],"capInsets":[0,0,0,0]}],[0],0,[0],[0],[0]],[[{"name":"reel_vfx_b_23","rect":[687,361,57,358],"offset":[-5,36],"originalSize":[165,856],"capInsets":[0,0,0,0]}],[0],0,[0],[0],[0]],[[{"name":"reel_vfx_b_09","rect":[154,1,147,358],"offset":[-1,36],"originalSize":[165,856],"capInsets":[0,0,0,0]}],[0],0,[0],[0],[0]],[[{"name":"reel_vfx_b_25","rect":[361,951,55,358],"offset":[-5,36],"originalSize":[165,856],"rotated":1,"capInsets":[0,0,0,0]}],[0],0,[0],[0],[0]],[[{"name":"reel_vfx_b_12","rect":[1,721,123,358],"offset":[-1,36],"originalSize":[165,856],"rotated":1,"capInsets":[0,0,0,0]}],[0],0,[0],[0],[0]],[[{"name":"reel_vfx_b_04","rect":[543,361,83,358],"offset":[-2,36],"originalSize":[165,856],"capInsets":[0,0,0,0]}],[0],0,[0],[0],[0]],[[{"name":"reel_vfx_b_18","rect":[746,361,55,358],"offset":[-4,36],"originalSize":[165,856],"capInsets":[0,0,0,0]}],[0],0,[0],[0],[0]],[[{"name":"reel_vfx_b_08","rect":[1,1,151,358],"offset":[-1,36],"originalSize":[165,856],"capInsets":[0,0,0,0]}],[0],0,[0],[0],[0]],[[{"name":"reel_vfx_b_22","rect":[703,1,57,358],"offset":[-5,36],"originalSize":[165,856],"capInsets":[0,0,0,0]}],[0],0,[0],[0],[0]],[[{"name":"reel_vfx_b_20","rect":[361,837,55,358],"offset":[-4,36],"originalSize":[165,856],"rotated":1,"capInsets":[0,0,0,0]}],[0],0,[0],[0],[0]]]]