[1,["a6a04y4BRK4osH8Lp0VaTq"],["_textureSetter"],["cc.SpriteFrame"],0,[[[{"name":"fs_vfx_g_17","rect":[331,826,163,163],"offset":[0,0],"originalSize":[195,195],"capInsets":[0,0,0,0]}],[0],0,[0],[0],[0]],[[{"name":"fs_vfx_g_25","rect":[661,166,163,163],"offset":[0,0],"originalSize":[195,195],"capInsets":[0,0,0,0]}],[0],0,[0],[0],[0]],[[{"name":"fs_vfx_g_08","rect":[166,331,163,163],"offset":[0,0],"originalSize":[195,195],"capInsets":[0,0,0,0]}],[0],0,[0],[0],[0]],[[{"name":"fs_vfx_g_07","rect":[166,166,163,163],"offset":[0,0],"originalSize":[195,195],"capInsets":[0,0,0,0]}],[0],0,[0],[0],[0]],[[{"name":"fs_vfx_g_24","rect":[661,1,163,163],"offset":[0,0],"originalSize":[195,195],"capInsets":[0,0,0,0]}],[0],0,[0],[0],[0]],[[{"name":"fs_vfx_g_11","rect":[166,826,163,163],"offset":[0,0],"originalSize":[195,195],"capInsets":[0,0,0,0]}],[0],0,[0],[0],[0]],[[{"name":"fs_vfx_g_13","rect":[331,166,163,163],"offset":[0,0],"originalSize":[195,195],"capInsets":[0,0,0,0]}],[0],0,[0],[0],[0]],[[{"name":"fs_vfx_g_05","rect":[1,826,163,163],"offset":[0,0],"originalSize":[195,195],"capInsets":[0,0,0,0]}],[0],0,[0],[0],[0]],[[{"name":"fs_vfx_g_14","rect":[331,331,163,163],"offset":[0,0],"originalSize":[195,195],"capInsets":[0,0,0,0]}],[0],0,[0],[0],[0]],[[{"name":"fs_vfx_g_21","rect":[496,496,163,163],"offset":[0,0],"originalSize":[195,195],"capInsets":[0,0,0,0]}],[0],0,[0],[0],[0]],[[{"name":"fs_vfx_g_06","rect":[166,1,163,163],"offset":[0,0],"originalSize":[195,195],"capInsets":[0,0,0,0]}],[0],0,[0],[0],[0]],[[{"name":"fs_vfx_g_20","rect":[496,331,163,163],"offset":[0,0],"originalSize":[195,195],"capInsets":[0,0,0,0]}],[0],0,[0],[0],[0]],[[{"name":"fs_vfx_g_12","rect":[331,1,163,163],"offset":[0,0],"originalSize":[195,195],"capInsets":[0,0,0,0]}],[0],0,[0],[0],[0]],[[{"name":"fs_vfx_g_22","rect":[496,661,163,163],"offset":[0,0],"originalSize":[195,195],"capInsets":[0,0,0,0]}],[0],0,[0],[0],[0]],[[{"name":"fs_vfx_g_10","rect":[166,661,163,163],"offset":[0,0],"originalSize":[195,195],"capInsets":[0,0,0,0]}],[0],0,[0],[0],[0]],[[{"name":"fs_vfx_g_16","rect":[331,661,163,163],"offset":[0,0],"originalSize":[195,195],"capInsets":[0,0,0,0]}],[0],0,[0],[0],[0]],[[{"name":"fs_vfx_g_01","rect":[1,166,163,163],"offset":[0,0],"originalSize":[195,195],"capInsets":[0,0,0,0]}],[0],0,[0],[0],[0]],[[{"name":"fs_vfx_g_09","rect":[166,496,163,163],"offset":[0,0],"originalSize":[195,195],"capInsets":[0,0,0,0]}],[0],0,[0],[0],[0]],[[{"name":"fs_vfx_g_15","rect":[331,496,163,163],"offset":[0,0],"originalSize":[195,195],"capInsets":[0,0,0,0]}],[0],0,[0],[0],[0]],[[{"name":"fs_vfx_g_04","rect":[1,661,163,163],"offset":[0,0],"originalSize":[195,195],"capInsets":[0,0,0,0]}],[0],0,[0],[0],[0]],[[{"name":"fs_vfx_g_02","rect":[1,331,163,163],"offset":[0,0],"originalSize":[195,195],"capInsets":[0,0,0,0]}],[0],0,[0],[0],[0]],[[{"name":"fs_vfx_g_18","rect":[496,1,163,163],"offset":[0,0],"originalSize":[195,195],"capInsets":[0,0,0,0]}],[0],0,[0],[0],[0]],[[{"name":"fs_vfx_g_03","rect":[1,496,163,163],"offset":[0,0],"originalSize":[195,195],"capInsets":[0,0,0,0]}],[0],0,[0],[0],[0]],[[{"name":"fs_vfx_g_00","rect":[1,1,163,163],"offset":[0,0],"originalSize":[195,195],"capInsets":[0,0,0,0]}],[0],0,[0],[0],[0]],[[{"name":"fs_vfx_g_19","rect":[496,166,163,163],"offset":[0,0],"originalSize":[195,195],"capInsets":[0,0,0,0]}],[0],0,[0],[0],[0]]]]