[1,["10QVh9QOBEMY3ml4sBiCxs","878T6z56VLxp2yAJAdNdBx","cfs8YQJ5lHFZKdpyRPTdHX","8dN7eDZQBPOoFwCFfxA0kr"],["_textureSetter"],["cc.SpriteFrame"],0,[[[{"name":"8c937d3e-9f3c-46ee-8bda-a310a8cd2364","rect":[0,0,216,468],"offset":[0,0],"originalSize":[216,468],"capInsets":[0,0,0,0]}],[0],0,[0],[0],[0]],[[{"name":"166c454e-d50d-48e5-856a-70f5459b9311","rect":[0,0,401,588],"offset":[0,0],"originalSize":[401,588],"capInsets":[0,0,0,0]}],[0],0,[0],[0],[1]],[[{"name":"38f57c43-4ba9-4e30-9b0d-2c8102f174a6","rect":[0,0,432,936],"offset":[0,0],"originalSize":[432,936],"capInsets":[0,0,0,0]}],[0],0,[0],[0],[2]],[[{"name":"a3937d4e-a3bb-419a-8aa9-9913cf72ab2f","rect":[1,1,626,959],"offset":[0.5,-0.5],"originalSize":[627,960],"capInsets":[0,0,0,0]}],[0],0,[0],[0],[3]]]]