[
  1,
  [
    "51IJ9RGeRBFr5bjR2bXuj7",
    "c2HO77Xl1IeKzmfStPKOq+",
    "611zuN8SNJ4Zx5HEUuOp6N",
    "0bD4c/wEZIf74hZyxnof6Z",
    "c7XPBpeidB6YCvtmSDqWLZ",
    "073EgVtAdI35MTXEySUnvB",
    "bf1U4f++ZGq4gHKur/GWSH",
    "f7Rdd5Oi9JMZBxW6vPFHKk",
    "72my0WIHBBiad2S37a02jm",
    "d8CFhjEHJJSJ9vhe3F34nN",
    "e8owjwmBlN3ItH/Y0C99BO",
    "a2c35qdv5PSKNqRXNRK0kx",
    "8b5MO/xepC/qptZbmkCu/L",
    "03NCFE7fJIVYB308YGlC1N",
    "29+bROkGZEqZneZ7ZRFizx",
    "6dmwSe6T1PF6rulRAhQmuX",
    "c9/qXf1eBK9oZDmyIeWIZN",
    "92E+ojsolMrIZ3iiKaNgdH",
    "8bYawtiFdOw7iVLtFmK2Ce"
  ],
  [
    "value"
  ],
  [
    [
      "cc.AnimationClip",
      [
        "_name",
        "_duration",
        "sample",
        "curveData"
      ],
      0,
      11
    ]
  ],
  [
    [
      0,
      0,
      1,
      2,
      3,
      4
    ]
  ],
  [
    [
      0,
      "Alats16-ib_sw_vfx_a_add",
      1.2666666666666666,
      15,
      [
        {},
        "comps",
        11,
        [
          {},
          "cc.Sprite",
          11,
          [
            {},
            "spriteFrame",
            12,
            [
              [
                [
                  {
                    "frame": 0
                  },
                  "value",
                  6,
                  0
                ],
                [
                  {
                    "frame": 0.06666666666666667
                  },
                  "value",
                  6,
                  1
                ],
                [
                  {
                    "frame": 0.13333333333333333
                  },
                  "value",
                  6,
                  2
                ],
                [
                  {
                    "frame": 0.2
                  },
                  "value",
                  6,
                  3
                ],
                [
                  {
                    "frame": 0.26666666666666666
                  },
                  "value",
                  6,
                  4
                ],
                [
                  {
                    "frame": 0.3333333333333333
                  },
                  "value",
                  6,
                  5
                ],
                [
                  {
                    "frame": 0.4
                  },
                  "value",
                  6,
                  6
                ],
                [
                  {
                    "frame": 0.4666666666666667
                  },
                  "value",
                  6,
                  7
                ],
                [
                  {
                    "frame": 0.5333333333333333
                  },
                  "value",
                  6,
                  8
                ],
                [
                  {
                    "frame": 0.6
                  },
                  "value",
                  6,
                  9
                ],
                [
                  {
                    "frame": 0.6666666666666666
                  },
                  "value",
                  6,
                  10
                ],
                [
                  {
                    "frame": 0.7333333333333333
                  },
                  "value",
                  6,
                  11
                ],
                [
                  {
                    "frame": 0.8
                  },
                  "value",
                  6,
                  12
                ],
                [
                  {
                    "frame": 0.8666666666666667
                  },
                  "value",
                  6,
                  13
                ],
                [
                  {
                    "frame": 0.9333333333333333
                  },
                  "value",
                  6,
                  14
                ],
                [
                  {
                    "frame": 1
                  },
                  "value",
                  6,
                  15
                ],
                [
                  {
                    "frame": 1.0666666666666667
                  },
                  "value",
                  6,
                  16
                ],
                [
                  {
                    "frame": 1.1333333333333333
                  },
                  "value",
                  6,
                  17
                ],
                [
                  {
                    "frame": 1.2
                  },
                  "value",
                  6,
                  18
                ]
              ],
              11,
              11,
              11,
              11,
              11,
              11,
              11,
              11,
              11,
              11,
              11,
              11,
              11,
              11,
              11,
              11,
              11,
              11,
              11
            ]
          ]
        ]
      ]
    ]
  ],
  0,
  0,
  [
    0,
    0,
    0,
    0,
    0,
    0,
    0,
    0,
    0,
    0,
    0,
    0,
    0,
    0,
    0,
    0,
    0,
    0,
    0
  ],
  [
    0,
    0,
    0,
    0,
    0,
    0,
    0,
    0,
    0,
    0,
    0,
    0,
    0,
    0,
    0,
    0,
    0,
    0,
    0
  ],
  [
    0,
    1,
    2,
    3,
    4,
    5,
    6,
    7,
    8,
    9,
    10,
    11,
    12,
    13,
    14,
    15,
    16,
    17,
    18
  ]
]