[
  1,
  [
    "95ZXU1A51OAYtn6lRYpfKt",
    "583llDo8ZOGa8C28d7vpAv",
    "c5gnaAt8ZIW5QXX+5NtqwV",
    "70tuxh/btPjogyZw4AZKln",
    "c7yLjfNylNcYx1SKLie8KC",
    "e2kIgUUhpCwreuNidG80tG",
    "da8E+UpF1M7rvaU2t50jd2",
    "deI5yAMkNC94BErsQeZ3ID",
    "937T42kNNExYWphCOixAvX",
    "00JgBHNZVFkr7r1ADKDfA6",
    "5aGJub76pH45IV5wYZ/1a7",
    "a1wqXsiYpIqI5vizaaY+lX",
    "c3T7EGdu1M5KnijPSvQcZl",
    "d65GGC+v1DS4wCVyq4pUML",
    "69itSbOWROYZOI3zvBot/v",
    "21c6IBvTtFgKQVduajvOpT",
    "99m9FY0h9JGrYcLGgRD80Y",
    "148WRrNS1BzbB7fH8Ep0qk",
    "dfPMVJJ5lDFr2bXyXKok8d",
    "d6igJYbTJGRYRyIg235bQh",
    "adjlMW9XNFlrFwGesSVDIP"
  ],
  [
    "value"
  ],
  [
    [
      "cc.AnimationClip",
      [
        "_name",
        "_duration",
        "sample",
        "curveData"
      ],
      0,
      11
    ]
  ],
  [
    [
      0,
      0,
      1,
      2,
      3,
      4
    ]
  ],
  [
    [
      0,
      "TakeItem1End",
      1.05,
      20,
      [
        {},
        "paths",
        11,
        [
          {
            "ps_particle_b_add_00": {
              "comps": {
                "cc.Sprite": {
                  "spriteFrame": [
                    {
                      "frame": 0,
                      "value": null
                    }
                  ]
                }
              }
            }
          },
          "ps_break_screen_00",
          11,
          [
            {},
            "comps",
            11,
            [
              {},
              "cc.Sprite",
              11,
              [
                {},
                "spriteFrame",
                12,
                [
                  [
                    [
                      {
                        "frame": 0
                      },
                      "value",
                      6,
                      0
                    ],
                    [
                      {
                        "frame": 0.05
                      },
                      "value",
                      6,
                      1
                    ],
                    [
                      {
                        "frame": 0.1
                      },
                      "value",
                      6,
                      2
                    ],
                    [
                      {
                        "frame": 0.15
                      },
                      "value",
                      6,
                      3
                    ],
                    [
                      {
                        "frame": 0.2
                      },
                      "value",
                      6,
                      4
                    ],
                    [
                      {
                        "frame": 0.25
                      },
                      "value",
                      6,
                      5
                    ],
                    [
                      {
                        "frame": 0.3
                      },
                      "value",
                      6,
                      6
                    ],
                    [
                      {
                        "frame": 0.35
                      },
                      "value",
                      6,
                      7
                    ],
                    [
                      {
                        "frame": 0.4
                      },
                      "value",
                      6,
                      8
                    ],
                    [
                      {
                        "frame": 0.45
                      },
                      "value",
                      6,
                      9
                    ],
                    [
                      {
                        "frame": 0.5
                      },
                      "value",
                      6,
                      10
                    ],
                    [
                      {
                        "frame": 0.55
                      },
                      "value",
                      6,
                      11
                    ],
                    [
                      {
                        "frame": 0.6
                      },
                      "value",
                      6,
                      12
                    ],
                    [
                      {
                        "frame": 0.65
                      },
                      "value",
                      6,
                      13
                    ],
                    [
                      {
                        "frame": 0.7
                      },
                      "value",
                      6,
                      14
                    ],
                    [
                      {
                        "frame": 0.75
                      },
                      "value",
                      6,
                      15
                    ],
                    [
                      {
                        "frame": 0.8
                      },
                      "value",
                      6,
                      16
                    ],
                    [
                      {
                        "frame": 0.85
                      },
                      "value",
                      6,
                      17
                    ],
                    [
                      {
                        "frame": 0.9
                      },
                      "value",
                      6,
                      18
                    ],
                    [
                      {
                        "frame": 0.95
                      },
                      "value",
                      6,
                      19
                    ],
                    [
                      {
                        "frame": 1
                      },
                      "value",
                      6,
                      20
                    ]
                  ],
                  11,
                  11,
                  11,
                  11,
                  11,
                  11,
                  11,
                  11,
                  11,
                  11,
                  11,
                  11,
                  11,
                  11,
                  11,
                  11,
                  11,
                  11,
                  11,
                  11,
                  11
                ]
              ]
            ]
          ],
          "bgSquare",
          11,
          [
            {},
            "props",
            11,
            [
              {},
              "scale",
              12,
              [
                [
                  [
                    {
                      "frame": 0
                    },
                    "value",
                    8,
                    [
                      1,
                      1,
                      1,
                      1
                    ]
                  ],
                  [
                    {
                      "frame": 0.25
                    },
                    "value",
                    8,
                    [
                      1,
                      0,
                      0,
                      1
                    ]
                  ]
                ],
                11,
                11
              ]
            ]
          ],
          "ps_bg_a_normal_00",
          11,
          [
            {},
            "props",
            11,
            [
              {},
              "scale",
              12,
              [
                [
                  [
                    {
                      "frame": 0
                    },
                    "value",
                    8,
                    [
                      1,
                      1,
                      1,
                      1
                    ]
                  ],
                  [
                    {
                      "frame": 0.25
                    },
                    "value",
                    8,
                    [
                      1,
                      0,
                      0,
                      1
                    ]
                  ]
                ],
                11,
                11
              ]
            ]
          ],
          "ps_aura_b_screen_00",
          11,
          [
            {},
            "props",
            11,
            [
              {},
              "scale",
              12,
              [
                [
                  [
                    {
                      "frame": 0
                    },
                    "value",
                    8,
                    [
                      1,
                      1,
                      1,
                      1
                    ]
                  ],
                  [
                    {
                      "frame": 0.25
                    },
                    "value",
                    8,
                    [
                      1,
                      0,
                      0,
                      1
                    ]
                  ]
                ],
                11,
                11
              ]
            ]
          ]
        ]
      ]
    ]
  ],
  0,
  0,
  [
    0,
    0,
    0,
    0,
    0,
    0,
    0,
    0,
    0,
    0,
    0,
    0,
    0,
    0,
    0,
    0,
    0,
    0,
    0,
    0,
    0
  ],
  [
    0,
    0,
    0,
    0,
    0,
    0,
    0,
    0,
    0,
    0,
    0,
    0,
    0,
    0,
    0,
    0,
    0,
    0,
    0,
    0,
    0
  ],
  [
    0,
    1,
    2,
    3,
    4,
    5,
    6,
    7,
    8,
    9,
    10,
    11,
    12,
    13,
    14,
    15,
    16,
    17,
    18,
    19,
    20
  ]
]