[
  1,
  [
    "f2bUempchOqZfhdTz01e3r"
  ],
  0,
  [
    [
      "sp.SkeletonData",
      [
        "_name",
        "_atlasText",
        "textureNames",
        "_skeletonJson",
        "textures"
      ],
      -1,
      3
    ]
  ],
  [
    [
      0,
      0,
      1,
      2,
      3,
      4,
      5
    ]
  ],
  [
    [
      0,
      "Fish_2",
      "\r\n1999_Fish.png\r\nsize: 1825,1286\r\nformat: RGBA8888\r\nfilter: Linear,Linear\r\nrepeat: none\r\n2_x4/cavang\r\n  rotate: false\r\n  xy: 864, 2\r\n  size: 62, 117\r\n  orig: 62, 118\r\n  offset: 0, 1\r\n  index: -1\r\n2_x4/cavang Shadow\r\n  rotate: false\r\n  xy: 2, 53\r\n  size: 207, 392\r\n  orig: 208, 392\r\n  offset: 0, 0\r\n  index: -1\r\n",
      [
        "1999_Fish.png"
      ],
      {
        "skeleton": {
          "hash": "EAT6ATl+KCShomWun9hRZGNgqcA",
          "spine": "3.7.94",
          "width": 70.44,
          "height": 39.97
        },
        "bones": [
          {
            "name": "root"
          },
          {
            "name": "Scale",
            "parent": "root",
            "rotation": -90,
            "scaleX": 0.127,
            "scaleY": 0.127
          },
          {
            "name": "bone3",
            "parent": "Scale",
            "length": 81.18,
            "rotation": -92.66,
            "x": -3.05,
            "y": 101.13
          },
          {
            "name": "bone2",
            "parent": "Scale",
            "length": 133.68,
            "rotation": 89.95,
            "x": -1.25,
            "y": 140.01
          },
          {
            "name": "bone4",
            "parent": "bone3",
            "length": 79.99,
            "rotation": 0.16,
            "x": 80.51,
            "y": 0.24
          },
          {
            "name": "bone5",
            "parent": "bone3",
            "length": 92.17,
            "rotation": -0.08,
            "x": 162.31,
            "y": 0.35
          },
          {
            "name": "bone6",
            "parent": "bone3",
            "length": 81.18,
            "rotation": -2.34,
            "x": 270.13,
            "y": 1.61
          },
          {
            "name": "bone7",
            "parent": "Scale",
            "length": 76.08,
            "rotation": -126.38,
            "x": -92.3,
            "y": 29.93
          },
          {
            "name": "bone8",
            "parent": "Scale",
            "length": 98.48,
            "rotation": -62.06,
            "x": 82.03,
            "y": 29.06
          },
          {
            "name": "Shadow",
            "parent": "Scale",
            "x": 0.73,
            "y": -0.09
          }
        ],
        "slots": [
          {
            "name": "cavang Shadow",
            "bone": "Shadow",
            "attachment": "2_x4/cavang Shadow"
          },
          {
            "name": "cavang",
            "bone": "Scale",
            "attachment": "2_x4/cavang"
          }
        ],
        "skins": {
          "default": {
            "cavang": {
              "2_x4/cavang": {
                "type": "mesh",
                "hull": 60,
                "uvs": [
                  0.43884,
                  0,
                  0.36763,
                  0.02198,
                  0.37001,
                  0.05968,
                  0.41748,
                  0.11874,
                  0.42698,
                  0.18409,
                  0.40086,
                  0.24818,
                  0.27743,
                  0.27331,
                  0.22521,
                  0.32232,
                  0.18248,
                  0.38893,
                  0.154,
                  0.42537,
                  0.08041,
                  0.45302,
                  0.00208,
                  0.50705,
                  0,
                  0.5523,
                  0,
                  0.69053,
                  0.06617,
                  0.67922,
                  0.08991,
                  0.6277,
                  0.12076,
                  0.56486,
                  0.18011,
                  0.57366,
                  0.20622,
                  0.61387,
                  0.23708,
                  0.66163,
                  0.27743,
                  0.70785,
                  0.32253,
                  0.74429,
                  0.37001,
                  0.77948,
                  0.41748,
                  0.80964,
                  0.44359,
                  0.84231,
                  0.41036,
                  0.87624,
                  0.36526,
                  0.9064,
                  0.32965,
                  0.924,
                  0.38425,
                  0.96798,
                  0.44597,
                  1,
                  0.5599,
                  1,
                  0.61925,
                  0.97552,
                  0.65248,
                  0.94159,
                  0.65485,
                  0.91394,
                  0.61213,
                  0.8863,
                  0.57415,
                  0.85362,
                  0.5694,
                  0.82849,
                  0.60501,
                  0.79707,
                  0.65011,
                  0.76817,
                  0.70945,
                  0.7179,
                  0.74743,
                  0.67769,
                  0.78541,
                  0.61862,
                  0.80203,
                  0.58344,
                  0.859,
                  0.5671,
                  0.8946,
                  0.58721,
                  0.91122,
                  0.6425,
                  1,
                  0.70282,
                  1,
                  0.57464,
                  0.97293,
                  0.51557,
                  0.92546,
                  0.4741,
                  0.8495,
                  0.42761,
                  0.79016,
                  0.40624,
                  0.75692,
                  0.3208,
                  0.72132,
                  0.27933,
                  0.65248,
                  0.25169,
                  0.58364,
                  0.23535,
                  0.57652,
                  0.18508,
                  0.59314,
                  0.11957,
                  0.64773,
                  0.05296,
                  0.61687,
                  0,
                  0.46237,
                  0.28711,
                  0.33456,
                  0.39225,
                  0.32141,
                  0.53477,
                  0.37612,
                  0.65575,
                  0.44621,
                  0.75745,
                  0.57747,
                  0.29519,
                  0.66286,
                  0.38065,
                  0.67567,
                  0.51214,
                  0.63541,
                  0.64621,
                  0.5455,
                  0.75317,
                  0.51845,
                  0.3273,
                  0.50151,
                  0.5008,
                  0.50066,
                  0.71408
                ],
                "triangles": [
                  67,
                  66,
                  51,
                  45,
                  47,
                  46,
                  45,
                  44,
                  47,
                  41,
                  67,
                  42,
                  44,
                  48,
                  47,
                  48,
                  44,
                  49,
                  67,
                  51,
                  42,
                  42,
                  50,
                  43,
                  42,
                  51,
                  50,
                  44,
                  43,
                  49,
                  43,
                  50,
                  49,
                  35,
                  24,
                  36,
                  69,
                  36,
                  24,
                  30,
                  34,
                  31,
                  30,
                  35,
                  34,
                  29,
                  24,
                  35,
                  28,
                  25,
                  29,
                  25,
                  24,
                  29,
                  29,
                  35,
                  30,
                  31,
                  34,
                  32,
                  27,
                  26,
                  28,
                  28,
                  26,
                  25,
                  32,
                  34,
                  33,
                  21,
                  20,
                  63,
                  20,
                  19,
                  63,
                  63,
                  19,
                  62,
                  19,
                  18,
                  62,
                  72,
                  63,
                  71,
                  24,
                  64,
                  69,
                  64,
                  72,
                  69,
                  24,
                  23,
                  64,
                  36,
                  69,
                  37,
                  23,
                  22,
                  64,
                  37,
                  69,
                  38,
                  64,
                  22,
                  63,
                  39,
                  38,
                  68,
                  22,
                  21,
                  63,
                  64,
                  63,
                  72,
                  38,
                  69,
                  68,
                  69,
                  72,
                  68,
                  39,
                  68,
                  40,
                  67,
                  71,
                  66,
                  62,
                  61,
                  71,
                  40,
                  68,
                  41,
                  63,
                  62,
                  71,
                  68,
                  72,
                  71,
                  68,
                  67,
                  41,
                  67,
                  68,
                  71,
                  61,
                  6,
                  5,
                  65,
                  54,
                  66,
                  70,
                  60,
                  65,
                  71,
                  70,
                  66,
                  70,
                  65,
                  66,
                  71,
                  61,
                  70,
                  70,
                  61,
                  60,
                  66,
                  52,
                  51,
                  7,
                  6,
                  61,
                  66,
                  53,
                  52,
                  66,
                  54,
                  53,
                  61,
                  8,
                  7,
                  14,
                  13,
                  15,
                  15,
                  13,
                  12,
                  15,
                  12,
                  16,
                  62,
                  17,
                  9,
                  12,
                  11,
                  16,
                  11,
                  10,
                  16,
                  17,
                  16,
                  9,
                  16,
                  10,
                  9,
                  9,
                  8,
                  62,
                  62,
                  8,
                  61,
                  18,
                  17,
                  62,
                  61,
                  5,
                  60,
                  65,
                  55,
                  54,
                  65,
                  60,
                  55,
                  5,
                  4,
                  60,
                  60,
                  56,
                  55,
                  60,
                  4,
                  56,
                  57,
                  56,
                  3,
                  56,
                  4,
                  3,
                  3,
                  0,
                  57,
                  57,
                  59,
                  58,
                  57,
                  0,
                  59,
                  3,
                  2,
                  0,
                  2,
                  1,
                  0
                ],
                "vertices": [
                  1,
                  3,
                  144.18,
                  20.98,
                  1,
                  1,
                  3,
                  131.4,
                  41.39,
                  1,
                  1,
                  3,
                  110.63,
                  40.03,
                  1,
                  1,
                  3,
                  78.49,
                  25.13,
                  1,
                  2,
                  3,
                  42.54,
                  21.21,
                  0.99994,
                  7,
                  -164.33,
                  -34.27,
                  0.00006,
                  3,
                  3,
                  7.33,
                  27.74,
                  0.79506,
                  7,
                  -132.1,
                  -18.67,
                  0.03003,
                  2,
                  -44.98,
                  -28.05,
                  0.17492,
                  3,
                  3,
                  -5.41,
                  63.96,
                  0.30372,
                  7,
                  -100.37,
                  -40.3,
                  0.16562,
                  2,
                  -30.59,
                  -63.65,
                  0.53066,
                  3,
                  3,
                  -31.32,
                  79.98,
                  0.13376,
                  7,
                  -70.01,
                  -37.85,
                  0.30876,
                  2,
                  -3.98,
                  -78.47,
                  0.55747,
                  3,
                  3,
                  -66.72,
                  94.15,
                  0.02362,
                  7,
                  -33.1,
                  -28.3,
                  0.64935,
                  2,
                  32.02,
                  -91.01,
                  0.32703,
                  3,
                  3,
                  -86.18,
                  103.48,
                  0.00375,
                  7,
                  -11.9,
                  -24.29,
                  0.89968,
                  2,
                  51.89,
                  -99.44,
                  0.09657,
                  2,
                  7,
                  12.77,
                  -33.68,
                  0.99977,
                  2,
                  67.19,
                  -120.95,
                  0.00023,
                  1,
                  7,
                  50.29,
                  -35.88,
                  1,
                  1,
                  7,
                  71.29,
                  -22.36,
                  1,
                  1,
                  7,
                  134.4,
                  20.48,
                  1,
                  1,
                  7,
                  118.38,
                  32.97,
                  1,
                  1,
                  7,
                  90.96,
                  22.74,
                  1,
                  3,
                  7,
                  57.21,
                  10.72,
                  0.96731,
                  4,
                  47.98,
                  -109.06,
                  0.01434,
                  5,
                  -33.34,
                  -109.08,
                  0.01835,
                  3,
                  7,
                  51.49,
                  27.79,
                  0.7262,
                  4,
                  52.75,
                  -91.7,
                  0.11427,
                  5,
                  -28.65,
                  -91.69,
                  0.15953,
                  3,
                  7,
                  65.57,
                  46.57,
                  0.40361,
                  4,
                  74.9,
                  -83.96,
                  0.15687,
                  5,
                  -6.53,
                  -83.86,
                  0.43952,
                  3,
                  7,
                  82.3,
                  68.83,
                  0.19312,
                  4,
                  101.21,
                  -74.81,
                  0.07304,
                  5,
                  19.73,
                  -74.59,
                  0.73383,
                  3,
                  7,
                  96.78,
                  92.91,
                  0.07735,
                  4,
                  126.65,
                  -62.89,
                  0.00737,
                  5,
                  45.13,
                  -62.56,
                  0.91528,
                  2,
                  7,
                  106.02,
                  115.1,
                  0.02632,
                  5,
                  65.11,
                  -49.2,
                  0.97368,
                  3,
                  7,
                  114.3,
                  137.48,
                  0.00465,
                  5,
                  84.4,
                  -35.15,
                  0.98023,
                  6,
                  -21.97,
                  -37.45,
                  0.01512,
                  3,
                  7,
                  120.28,
                  158.31,
                  0.00013,
                  5,
                  100.91,
                  -21.12,
                  0.66503,
                  6,
                  -6.02,
                  -22.79,
                  0.33484,
                  2,
                  5,
                  118.86,
                  -13.32,
                  0.06108,
                  6,
                  11.61,
                  -14.29,
                  0.93892,
                  1,
                  6,
                  30.79,
                  -23.07,
                  1,
                  1,
                  6,
                  48.05,
                  -35.42,
                  1,
                  1,
                  6,
                  58.26,
                  -45.34,
                  1,
                  1,
                  6,
                  81.72,
                  -28.22,
                  1,
                  1,
                  6,
                  98.49,
                  -9.35,
                  1,
                  1,
                  6,
                  96.86,
                  23.89,
                  1,
                  1,
                  6,
                  82.52,
                  40.55,
                  1,
                  1,
                  6,
                  63.35,
                  49.33,
                  1,
                  1,
                  6,
                  48.08,
                  49.28,
                  1,
                  1,
                  6,
                  33.45,
                  36.07,
                  1,
                  2,
                  5,
                  124.74,
                  24.87,
                  0.00874,
                  6,
                  15.98,
                  24.11,
                  0.99126,
                  4,
                  4,
                  192.78,
                  22.75,
                  0.00083,
                  5,
                  110.89,
                  23.35,
                  0.21012,
                  6,
                  2.2,
                  22.05,
                  0.78902,
                  8,
                  143.62,
                  -160.24,
                  0.00003,
                  4,
                  4,
                  175.39,
                  33.06,
                  0.01435,
                  5,
                  93.46,
                  33.59,
                  0.74652,
                  6,
                  -15.62,
                  31.59,
                  0.23676,
                  8,
                  133.85,
                  -142.54,
                  0.00237,
                  4,
                  4,
                  159.38,
                  46.15,
                  0.06241,
                  5,
                  77.38,
                  46.62,
                  0.88936,
                  6,
                  -32.2,
                  43.97,
                  0.03478,
                  8,
                  126.67,
                  -123.14,
                  0.01345,
                  3,
                  4,
                  131.55,
                  63.35,
                  0.22548,
                  5,
                  49.48,
                  63.69,
                  0.70936,
                  8,
                  111.4,
                  -94.21,
                  0.06515,
                  3,
                  4,
                  109.3,
                  74.33,
                  0.37827,
                  5,
                  27.19,
                  74.57,
                  0.47353,
                  8,
                  97.78,
                  -73.47,
                  0.1482,
                  3,
                  4,
                  76.66,
                  85.26,
                  0.44931,
                  5,
                  -5.51,
                  85.36,
                  0.1757,
                  8,
                  75.17,
                  -47.51,
                  0.375,
                  3,
                  4,
                  57.21,
                  90.01,
                  0.30937,
                  5,
                  -24.97,
                  90.03,
                  0.05768,
                  8,
                  60.82,
                  -33.56,
                  0.63296,
                  3,
                  4,
                  48.11,
                  106.61,
                  0.06296,
                  5,
                  -34.14,
                  106.59,
                  0.00758,
                  8,
                  61.38,
                  -14.64,
                  0.92947,
                  3,
                  4,
                  59.16,
                  117.07,
                  0.00179,
                  5,
                  -23.14,
                  117.1,
                  0.00018,
                  8,
                  76.2,
                  -11.22,
                  0.99803,
                  1,
                  8,
                  105.02,
                  -22.35,
                  1,
                  1,
                  8,
                  146.83,
                  -16.64,
                  1,
                  1,
                  8,
                  85.66,
                  18.89,
                  1,
                  1,
                  8,
                  53.51,
                  28.42,
                  1,
                  1,
                  8,
                  26.76,
                  27.92,
                  1,
                  3,
                  3,
                  -94.93,
                  -99.37,
                  0.00204,
                  2,
                  51.37,
                  103.6,
                  0.02231,
                  8,
                  -6.58,
                  21.62,
                  0.97565,
                  3,
                  3,
                  -82.46,
                  -82.53,
                  0.02314,
                  2,
                  39.69,
                  86.2,
                  0.22623,
                  8,
                  -25.49,
                  12.59,
                  0.75063,
                  3,
                  3,
                  -34.29,
                  -74.98,
                  0.23322,
                  2,
                  -8.08,
                  76.46,
                  0.51115,
                  8,
                  -71.57,
                  28.53,
                  0.25563,
                  3,
                  3,
                  -10.45,
                  -65.43,
                  0.41722,
                  2,
                  -31.46,
                  65.84,
                  0.43561,
                  8,
                  -97.1,
                  31.29,
                  0.14717,
                  3,
                  3,
                  5.86,
                  -45.67,
                  0.65266,
                  2,
                  -46.85,
                  45.36,
                  0.27691,
                  8,
                  -120.77,
                  21.49,
                  0.07043,
                  3,
                  3,
                  15.47,
                  -25.48,
                  0.92299,
                  2,
                  -55.54,
                  24.75,
                  0.06025,
                  8,
                  -138.74,
                  8.17,
                  0.01676,
                  2,
                  3,
                  43.38,
                  -22.47,
                  0.99981,
                  8,
                  -164.8,
                  18.61,
                  0.00019,
                  1,
                  3,
                  79.67,
                  -26.17,
                  1,
                  1,
                  3,
                  116.91,
                  -40.94,
                  1,
                  1,
                  3,
                  145.83,
                  -31,
                  1,
                  4,
                  3,
                  -13.65,
                  9.73,
                  0.63209,
                  7,
                  -125.87,
                  8.27,
                  0.01396,
                  2,
                  -24.84,
                  -9.1,
                  0.35387,
                  8,
                  -129.55,
                  -36.58,
                  0.00007,
                  4,
                  3,
                  -70.01,
                  49.81,
                  0.0206,
                  7,
                  -56.72,
                  9.37,
                  0.3298,
                  2,
                  33.29,
                  -46.56,
                  0.64393,
                  4,
                  -47.36,
                  -46.67,
                  0.00567,
                  4,
                  7,
                  10.55,
                  49.89,
                  0.44229,
                  2,
                  111.74,
                  -50.19,
                  0.02867,
                  4,
                  31.08,
                  -50.53,
                  0.43126,
                  5,
                  -50.5,
                  -50.62,
                  0.09777,
                  3,
                  7,
                  56.81,
                  100.61,
                  0.07821,
                  4,
                  97.75,
                  -34.2,
                  0.04318,
                  5,
                  16.11,
                  -34.01,
                  0.87861,
                  2,
                  7,
                  91.74,
                  149.07,
                  0.00155,
                  5,
                  72.03,
                  -13,
                  0.99845,
                  3,
                  3,
                  -18.62,
                  -23.28,
                  0.50845,
                  2,
                  -21.38,
                  24.1,
                  0.4426,
                  8,
                  -109.67,
                  -9.77,
                  0.04896,
                  4,
                  3,
                  -66.81,
                  -46.19,
                  0.057,
                  2,
                  25.71,
                  49.19,
                  0.62399,
                  4,
                  -54.66,
                  49.11,
                  0.00034,
                  8,
                  -56.36,
                  -12.15,
                  0.31868,
                  4,
                  2,
                  98.31,
                  53.39,
                  0.11051,
                  4,
                  17.95,
                  53.09,
                  0.39493,
                  5,
                  -64.08,
                  52.95,
                  0.00106,
                  8,
                  8.26,
                  -45.5,
                  0.4935,
                  3,
                  4,
                  92.05,
                  41.61,
                  0.46839,
                  5,
                  10.07,
                  41.78,
                  0.41521,
                  8,
                  66.32,
                  -92.94,
                  0.1164,
                  4,
                  4,
                  151.25,
                  15.57,
                  0.01674,
                  5,
                  69.38,
                  16,
                  0.97263,
                  6,
                  -38.98,
                  13.06,
                  0.00753,
                  8,
                  104.17,
                  -145.39,
                  0.0031,
                  3,
                  3,
                  -35.8,
                  -5.32,
                  0.09505,
                  2,
                  -3.41,
                  6.95,
                  0.89285,
                  8,
                  -102.93,
                  -33.69,
                  0.0121,
                  2,
                  4,
                  11.99,
                  2.13,
                  0.99437,
                  8,
                  -22.7,
                  -86.42,
                  0.00563,
                  3,
                  4,
                  129.74,
                  2.36,
                  0.00432,
                  5,
                  47.94,
                  2.7,
                  0.99492,
                  8,
                  78.94,
                  -145.88,
                  0.00076
                ]
              }
            },
            "cavang Shadow": {
              "2_x4/cavang Shadow": {
                "type": "mesh",
                "color": "ffffffb4",
                "hull": 27,
                "uvs": [
                  0.37948,
                  0,
                  0.37023,
                  0.04838,
                  0.38874,
                  0.12354,
                  0.38257,
                  0.21832,
                  0.20673,
                  0.29021,
                  0.14195,
                  0.38662,
                  0.071,
                  0.45688,
                  0,
                  0.55983,
                  0,
                  0.69545,
                  0.16046,
                  0.62846,
                  0.23758,
                  0.71179,
                  0.37023,
                  0.79349,
                  0.30236,
                  0.90461,
                  0.41033,
                  1,
                  0.60468,
                  1,
                  0.70339,
                  0.92912,
                  0.6201,
                  0.84415,
                  0.75275,
                  0.70199,
                  0.82062,
                  0.63336,
                  0.99645,
                  0.70689,
                  1,
                  0.53205,
                  0.89157,
                  0.38826,
                  0.75892,
                  0.28858,
                  0.62627,
                  0.22322,
                  0.62627,
                  0.12354,
                  0.67563,
                  0.05001,
                  0.6417,
                  0
                ],
                "triangles": [
                  18,
                  22,
                  21,
                  18,
                  21,
                  20,
                  17,
                  23,
                  22,
                  17,
                  22,
                  18,
                  19,
                  18,
                  20,
                  6,
                  5,
                  9,
                  7,
                  6,
                  9,
                  8,
                  7,
                  9,
                  10,
                  9,
                  3,
                  11,
                  10,
                  3,
                  11,
                  23,
                  17,
                  16,
                  11,
                  17,
                  13,
                  11,
                  16,
                  12,
                  11,
                  13,
                  14,
                  13,
                  16,
                  14,
                  16,
                  15,
                  0,
                  24,
                  1,
                  24,
                  2,
                  1,
                  0,
                  26,
                  24,
                  24,
                  26,
                  25,
                  2,
                  24,
                  23,
                  3,
                  2,
                  23,
                  3,
                  9,
                  5,
                  4,
                  3,
                  5,
                  11,
                  3,
                  23
                ],
                "vertices": [
                  2,
                  2,
                  -76.77,
                  11.44,
                  0.65585,
                  8,
                  -163.78,
                  7.53,
                  0.34415,
                  2,
                  2,
                  -55.49,
                  10.51,
                  0.65299,
                  8,
                  -145.94,
                  -4.11,
                  0.34701,
                  2,
                  2,
                  -22.86,
                  16.67,
                  0.6389,
                  8,
                  -114.72,
                  -15.42,
                  0.3611,
                  2,
                  2,
                  18.67,
                  17.61,
                  0.70529,
                  8,
                  -78.5,
                  -35.76,
                  0.29471,
                  1,
                  2,
                  52.44,
                  -21.34,
                  1,
                  2,
                  2,
                  95.46,
                  -33.94,
                  0.81881,
                  5,
                  -66.8,
                  -34.39,
                  0.18119,
                  2,
                  2,
                  127.13,
                  -48.62,
                  0.37478,
                  5,
                  -35.11,
                  -49.02,
                  0.62522,
                  2,
                  2,
                  173.09,
                  -62.5,
                  0.03834,
                  5,
                  10.87,
                  -62.83,
                  0.96166,
                  2,
                  2,
                  232.41,
                  -59.12,
                  0,
                  5,
                  70.18,
                  -59.36,
                  1,
                  1,
                  5,
                  38.71,
                  -23.91,
                  1,
                  2,
                  5,
                  74.11,
                  -3.91,
                  0.99692,
                  8,
                  98.08,
                  -164.92,
                  0.00308,
                  2,
                  5,
                  108.04,
                  28.91,
                  0.94374,
                  8,
                  144.01,
                  -154.02,
                  0.05626,
                  2,
                  5,
                  157.55,
                  16.03,
                  0.99086,
                  8,
                  180.01,
                  -190.36,
                  0.00914,
                  1,
                  5,
                  197.8,
                  43.48,
                  1,
                  2,
                  5,
                  195.17,
                  88.5,
                  0.99903,
                  8,
                  249.35,
                  -147.24,
                  0.00097,
                  2,
                  5,
                  162.83,
                  109.56,
                  0.98902,
                  8,
                  232.29,
                  -112.63,
                  0.01098,
                  2,
                  5,
                  126.8,
                  88.09,
                  0.92341,
                  8,
                  190.35,
                  -112.71,
                  0.07659,
                  2,
                  5,
                  62.83,
                  115.18,
                  0.50545,
                  8,
                  149.16,
                  -56.76,
                  0.49455,
                  2,
                  5,
                  31.9,
                  129.14,
                  0.14089,
                  8,
                  129.69,
                  -28.97,
                  0.85911,
                  1,
                  8,
                  177.04,
                  -7.52,
                  1,
                  1,
                  8,
                  109.38,
                  28.39,
                  1,
                  1,
                  8,
                  41.87,
                  34.97,
                  1,
                  2,
                  2,
                  44.43,
                  106.55,
                  0.02456,
                  8,
                  -11.05,
                  27.68,
                  0.97544,
                  2,
                  2,
                  17.59,
                  74.19,
                  0.38076,
                  8,
                  -50.62,
                  13.49,
                  0.61924,
                  2,
                  2,
                  -26,
                  71.7,
                  0.60874,
                  8,
                  -89.41,
                  33.54,
                  0.39126,
                  2,
                  2,
                  -58.81,
                  81.3,
                  0.64497,
                  8,
                  -112.76,
                  58.51,
                  0.35503,
                  2,
                  2,
                  -80.24,
                  72.19,
                  0.65031,
                  8,
                  -135.84,
                  61.58,
                  0.34969
                ]
              }
            }
          }
        },
        "animations": {
          "animation": {
            "bones": {
              "bone2": {
                "rotate": [
                  {
                    "time": 0,
                    "angle": 2.32
                  },
                  {
                    "time": 0.4333,
                    "angle": -7.18
                  },
                  {
                    "time": 0.8333,
                    "angle": 2.32
                  }
                ]
              },
              "bone3": {
                "rotate": [
                  {
                    "time": 0,
                    "angle": 0
                  },
                  {
                    "time": 0.4333,
                    "angle": 3.78
                  },
                  {
                    "time": 0.8333,
                    "angle": 0
                  }
                ]
              },
              "bone4": {
                "rotate": [
                  {
                    "time": 0,
                    "angle": 0
                  },
                  {
                    "time": 0.4333,
                    "angle": 3.78
                  },
                  {
                    "time": 0.8333,
                    "angle": 0
                  }
                ]
              },
              "bone5": {
                "rotate": [
                  {
                    "time": 0,
                    "angle": 0
                  },
                  {
                    "time": 0.1,
                    "angle": -1.61
                  },
                  {
                    "time": 0.4333,
                    "angle": 6.67
                  },
                  {
                    "time": 0.5333,
                    "angle": 8.63
                  },
                  {
                    "time": 0.8333,
                    "angle": 0
                  }
                ]
              },
              "bone6": {
                "rotate": [
                  {
                    "time": 0,
                    "angle": 0
                  },
                  {
                    "time": 0.1,
                    "angle": -7.5
                  },
                  {
                    "time": 0.4333,
                    "angle": 5.49
                  },
                  {
                    "time": 0.5333,
                    "angle": 13.95
                  },
                  {
                    "time": 0.8333,
                    "angle": 0
                  }
                ]
              },
              "bone7": {
                "rotate": [
                  {
                    "time": 0,
                    "angle": 0
                  },
                  {
                    "time": 0.4333,
                    "angle": 3.97
                  },
                  {
                    "time": 0.8333,
                    "angle": 0
                  }
                ],
                "translate": [
                  {
                    "time": 0,
                    "x": 0,
                    "y": 0
                  },
                  {
                    "time": 0.4333,
                    "x": 0.99,
                    "y": -2.33
                  },
                  {
                    "time": 0.8333,
                    "x": 0,
                    "y": 0
                  }
                ]
              },
              "bone8": {
                "rotate": [
                  {
                    "time": 0,
                    "angle": 0
                  },
                  {
                    "time": 0.4333,
                    "angle": 3.84
                  },
                  {
                    "time": 0.8333,
                    "angle": 0
                  }
                ],
                "translate": [
                  {
                    "time": 0,
                    "x": 0,
                    "y": 0
                  },
                  {
                    "time": 0.4333,
                    "x": -3.52,
                    "y": 0.68
                  },
                  {
                    "time": 0.8333,
                    "x": 0,
                    "y": 0
                  }
                ]
              }
            },
            "deform": {
              "default": {
                "cavang": {
                  "2_x4/cavang": [
                    {
                      "time": 0,
                      "offset": 246,
                      "vertices": [
                        -0.30508,
                        5.97699,
                        3.97122,
                        -4.47741,
                        0.81821,
                        -5.92859,
                        -2.31409,
                        -5.51926,
                        -0.30508,
                        5.97699,
                        3.97122,
                        -4.47741,
                        0.81821,
                        -5.92859,
                        0.80124,
                        -5.9309,
                        3.97122,
                        -4.47741,
                        0.81821,
                        -5.92859,
                        0.80124,
                        -5.9309,
                        0.82691,
                        -5.92738,
                        3.97122,
                        -4.47741,
                        0.80124,
                        -5.9309,
                        0.82691,
                        -5.92738,
                        3.97122,
                        -4.47741,
                        0.82691,
                        -5.92738,
                        0,
                        0,
                        -0.00001,
                        0,
                        0,
                        0,
                        -0.34807,
                        4.89418,
                        0.76784,
                        -4.8461,
                        0.75397,
                        -4.84828,
                        -1.80634,
                        -4.56196,
                        0.76784,
                        -4.8461,
                        0.75397,
                        -4.84828,
                        0.77495,
                        -4.84497,
                        -1.80634,
                        -4.56196,
                        0.75397,
                        -4.84828,
                        0.77495,
                        -4.84497,
                        -1.80634,
                        -4.56196,
                        0.75397,
                        -4.84828,
                        0.77495,
                        -4.84497,
                        0.96521,
                        -4.8107,
                        -1.80634,
                        -4.56196,
                        0,
                        0,
                        -0.00001,
                        0,
                        0,
                        0,
                        0.79913,
                        6.54312,
                        4.00407,
                        5.23625
                      ]
                    },
                    {
                      "time": 0.4333,
                      "offset": 254,
                      "vertices": [
                        0.18973,
                        -1.56006,
                        -0.5219,
                        1.48654,
                        0.38018,
                        1.52762,
                        0.60308,
                        1.48992,
                        -0.5219,
                        1.48654,
                        0.38018,
                        1.52762,
                        0.60308,
                        1.48992,
                        0.76172,
                        1.45562,
                        -0.5219,
                        1.48654,
                        0.60308,
                        1.48992,
                        0.76172,
                        1.45562,
                        -0.5219,
                        1.48654,
                        0.76172,
                        1.45562,
                        0.64485,
                        -3.05646,
                        -0.0069,
                        3.08308,
                        1.56709,
                        2.65502,
                        0.64485,
                        -3.05646,
                        -0.0069,
                        3.08308,
                        0.27067,
                        3.0682,
                        1.56709,
                        2.65502,
                        -0.0069,
                        3.08308,
                        0.27067,
                        3.0682,
                        0.46167,
                        3.04694,
                        1.56709,
                        2.65502,
                        0.27067,
                        3.0682,
                        0.46167,
                        3.04694,
                        1.56709,
                        2.65502,
                        0.27067,
                        3.0682,
                        0.46167,
                        3.04694,
                        0.2581,
                        3.06983,
                        1.56709,
                        2.65502,
                        -0.94382,
                        1.96223,
                        0.94823,
                        -2.03625,
                        -0.22124,
                        -2.23565,
                        1.58952,
                        -2.3763,
                        0.19632,
                        -2.74158,
                        0.74681,
                        -4.36466,
                        0.64022,
                        -4.40494,
                        -1.39805,
                        -4.16594
                      ]
                    },
                    {
                      "time": 0.8333,
                      "offset": 246,
                      "vertices": [
                        -0.30508,
                        5.97699,
                        3.97122,
                        -4.47741,
                        0.81821,
                        -5.92859,
                        -2.31409,
                        -5.51926,
                        -0.30508,
                        5.97699,
                        3.97122,
                        -4.47741,
                        0.81821,
                        -5.92859,
                        0.80124,
                        -5.9309,
                        3.97122,
                        -4.47741,
                        0.81821,
                        -5.92859,
                        0.80124,
                        -5.9309,
                        0.82691,
                        -5.92738,
                        3.97122,
                        -4.47741,
                        0.80124,
                        -5.9309,
                        0.82691,
                        -5.92738,
                        3.97122,
                        -4.47741,
                        0.82691,
                        -5.92738,
                        0,
                        0,
                        -0.00001,
                        0,
                        0,
                        0,
                        -0.34807,
                        4.89418,
                        0.76784,
                        -4.8461,
                        0.75397,
                        -4.84828,
                        -1.80634,
                        -4.56196,
                        0.76784,
                        -4.8461,
                        0.75397,
                        -4.84828,
                        0.77495,
                        -4.84497,
                        -1.80634,
                        -4.56196,
                        0.75397,
                        -4.84828,
                        0.77495,
                        -4.84497,
                        -1.80634,
                        -4.56196,
                        0.75397,
                        -4.84828,
                        0.77495,
                        -4.84497,
                        0.96521,
                        -4.8107,
                        -1.80634,
                        -4.56196,
                        0,
                        0,
                        -0.00001,
                        0,
                        0,
                        0,
                        0.79913,
                        6.54312,
                        4.00407,
                        5.23625
                      ]
                    }
                  ]
                }
              }
            }
          }
        }
      },
      [
        0
      ]
    ]
  ],
  0,
  0,
  [
    0
  ],
  [
    -1
  ],
  [
    0
  ]
]