[
  1,
  [
    "3elwKNqy5EQ42cse7GoWrD",
    "7ejhLKuM5HIqDYyNWE+mcR"
  ],
  [
    "spriteFrame",
    "_textureSetter"
  ],
  [
    "cc.SpriteFrame",
    [
      "cc.BitmapFont",
      [
        "_name",
        "fontSize",
        "_fntConfig"
      ],
      0
    ]
  ],
  [
    [
      1,
      0,
      1,
      2,
      4
    ]
  ],
  [
    [
      [
        [
          0,
          "FontNumber-export",
          32,
          {
            "commonHeight": 58,
            "fontSize": 32,
            "atlasName": "FontNumber-export.png",
            "fontDefDictionary": {
              "9": {
                "xOffset": 0,
                "yOffset": 0,
                "xAdvance": 592,
                "rect": {
                  "x": 0,
                  "y": 0,
                  "width": 0,
                  "height": 0
                }
              },
              "32": {
                "xOffset": 0,
                "yOffset": 0,
                "xAdvance": 74,
                "rect": {
                  "x": 0,
                  "y": 0,
                  "width": 0,
                  "height": 0
                }
              },
              "37": {
                "xOffset": 0,
                "yOffset": 8,
                "xAdvance": 66,
                "rect": {
                  "x": 0,
                  "y": 0,
                  "width": 55,
                  "height": 51
                }
              },
              "44": {
                "xOffset": 0,
                "yOffset": 33,
                "xAdvance": 36,
                "rect": {
                  "x": 84,
                  "y": 78,
                  "width": 25,
                  "height": 31
                }
              },
              "46": {
                "xOffset": 0,
                "yOffset": 33,
                "xAdvance": 36,
                "rect": {
                  "x": 84,
                  "y": 52,
                  "width": 25,
                  "height": 25
                }
              },
              "48": {
                "xOffset": 0,
                "yOffset": 8,
                "xAdvance": 52,
                "rect": {
                  "x": 42,
                  "y": 104,
                  "width": 41,
                  "height": 50
                }
              },
              "49": {
                "xOffset": 0,
                "yOffset": 8,
                "xAdvance": 43,
                "rect": {
                  "x": 82,
                  "y": 205,
                  "width": 32,
                  "height": 50
                }
              },
              "50": {
                "xOffset": 0,
                "yOffset": 8,
                "xAdvance": 52,
                "rect": {
                  "x": 0,
                  "y": 52,
                  "width": 41,
                  "height": 50
                }
              },
              "51": {
                "xOffset": 0,
                "yOffset": 8,
                "xAdvance": 52,
                "rect": {
                  "x": 0,
                  "y": 103,
                  "width": 41,
                  "height": 50
                }
              },
              "52": {
                "xOffset": 0,
                "yOffset": 8,
                "xAdvance": 52,
                "rect": {
                  "x": 0,
                  "y": 154,
                  "width": 41,
                  "height": 50
                }
              },
              "53": {
                "xOffset": 0,
                "yOffset": 9,
                "xAdvance": 52,
                "rect": {
                  "x": 42,
                  "y": 155,
                  "width": 41,
                  "height": 49
                }
              },
              "54": {
                "xOffset": 0,
                "yOffset": 8,
                "xAdvance": 52,
                "rect": {
                  "x": 0,
                  "y": 205,
                  "width": 41,
                  "height": 50
                }
              },
              "55": {
                "xOffset": 0,
                "yOffset": 8,
                "xAdvance": 50,
                "rect": {
                  "x": 42,
                  "y": 205,
                  "width": 39,
                  "height": 50
                }
              },
              "56": {
                "xOffset": 0,
                "yOffset": 8,
                "xAdvance": 52,
                "rect": {
                  "x": 56,
                  "y": 0,
                  "width": 41,
                  "height": 51
                }
              },
              "57": {
                "xOffset": 0,
                "yOffset": 8,
                "xAdvance": 52,
                "rect": {
                  "x": 42,
                  "y": 52,
                  "width": 41,
                  "height": 51
                }
              },
              "58": {
                "xOffset": 0,
                "yOffset": 17,
                "xAdvance": 36,
                "rect": {
                  "x": 84,
                  "y": 110,
                  "width": 25,
                  "height": 41
                }
              },
              "59": {
                "xOffset": 0,
                "yOffset": 17,
                "xAdvance": 36,
                "rect": {
                  "x": 84,
                  "y": 152,
                  "width": 25,
                  "height": 47
                }
              }
            },
            "kerningDict": {}
          }
        ]
      ],
      0,
      0,
      [
        0
      ],
      [
        0
      ],
      [
        0
      ]
    ],
    [
      [
        {
          "name": "FontNumber-export",
          "rect": [
            0,
            0,
            114,
            255
          ],
          "offset": [
            -7,
            0.5
          ],
          "originalSize": [
            128,
            256
          ],
          "capInsets": [
            0,
            0,
            0,
            0
          ]
        }
      ],
      [
        0
      ],
      0,
      [
        0
      ],
      [
        1
      ],
      [
        1
      ]
    ]
  ]
]