[
  1,
  [
    "44xj+WrNFIJaXnQiy9d89d"
  ],
  0,
  [
    [
      "sp.SkeletonData",
      [
        "_name",
        "_atlasText",
        "textureNames",
        "_skeletonJson",
        "textures"
      ],
      -1,
      3
    ]
  ],
  [
    [
      0,
      0,
      1,
      2,
      3,
      4,
      5
    ]
  ],
  [
    [
      0,
      "EFFECT_ELECTRI",
      "\r\nEFFECT_ELECTRI.png\r\nsize: 262,106\r\nformat: RGBA8888\r\nfilter: Linear,Linear\r\nrepeat: none\r\nIMAGE/1\r\n  rotate: false\r\n  xy: 2, 54\r\n  size: 50, 50\r\n  orig: 50, 50\r\n  offset: 0, 0\r\n  index: -1\r\nIMAGE/2\r\n  rotate: false\r\n  xy: 2, 2\r\n  size: 50, 50\r\n  orig: 50, 50\r\n  offset: 0, 0\r\n  index: -1\r\nIMAGE/3\r\n  rotate: false\r\n  xy: 54, 54\r\n  size: 50, 50\r\n  orig: 50, 50\r\n  offset: 0, 0\r\n  index: -1\r\nIMAGE/4\r\n  rotate: false\r\n  xy: 54, 2\r\n  size: 50, 50\r\n  orig: 50, 50\r\n  offset: 0, 0\r\n  index: -1\r\nIMAGE/55\r\n  rotate: false\r\n  xy: 158, 2\r\n  size: 50, 50\r\n  orig: 50, 50\r\n  offset: 0, 0\r\n  index: -1\r\nIMAGE/6\r\n  rotate: false\r\n  xy: 106, 54\r\n  size: 50, 50\r\n  orig: 50, 50\r\n  offset: 0, 0\r\n  index: -1\r\nIMAGE/7\r\n  rotate: false\r\n  xy: 106, 2\r\n  size: 50, 50\r\n  orig: 50, 50\r\n  offset: 0, 0\r\n  index: -1\r\nIMAGE/8\r\n  rotate: false\r\n  xy: 158, 54\r\n  size: 50, 50\r\n  orig: 50, 50\r\n  offset: 0, 0\r\n  index: -1\r\nIMAGE/9\r\n  rotate: false\r\n  xy: 210, 54\r\n  size: 50, 50\r\n  orig: 50, 50\r\n  offset: 0, 0\r\n  index: -1\r\n",
      [
        "EFFECT_ELECTRI.png"
      ],
      {
        "skeleton": {
          "hash": "76Zwg4jIx8fTy0Io/P02xEVpUjc",
          "spine": "3.7.94",
          "width": 134,
          "height": 140,
          "images": "",
          "audio": ""
        },
        "bones": [
          {
            "name": "root"
          }
        ],
        "slots": [
          {
            "name": "IMAGE/1",
            "bone": "root",
            "attachment": "IMAGE/55"
          }
        ],
        "skins": {
          "default": {
            "IMAGE/1": {
              "IMAGE/1": {
                "width": 100,
                "height": 100
              },
              "IMAGE/2": {
                "width": 100,
                "height": 100
              },
              "IMAGE/3": {
                "width": 100,
                "height": 100
              },
              "IMAGE/4": {
                "width": 100,
                "height": 100
              },
              "IMAGE/6": {
                "width": 100,
                "height": 100
              },
              "IMAGE/7": {
                "width": 100,
                "height": 100
              },
              "IMAGE/8": {
                "width": 100,
                "height": 100
              },
              "IMAGE/9": {
                "width": 100,
                "height": 100
              },
              "IMAGE/55": {
                "width": 100,
                "height": 100
              }
            }
          }
        },
        "animations": {
          "animation": {
            "slots": {
              "IMAGE/1": {
                "attachment": [
                  {
                    "time": 0,
                    "name": "IMAGE/1"
                  },
                  {
                    "time": 0.0425,
                    "name": "IMAGE/2"
                  },
                  {
                    "time": 0.085,
                    "name": "IMAGE/3"
                  },
                  {
                    "time": 0.1275,
                    "name": "IMAGE/4"
                  },
                  {
                    "time": 0.17,
                    "name": "IMAGE/55"
                  },
                  {
                    "time": 0.2125,
                    "name": "IMAGE/6"
                  },
                  {
                    "time": 0.255,
                    "name": "IMAGE/8"
                  },
                  {
                    "time": 0.2975,
                    "name": "IMAGE/9"
                  }
                ]
              }
            }
          }
        }
      },
      [
        0
      ]
    ]
  ],
  0,
  0,
  [
    0
  ],
  [
    -1
  ],
  [
    0
  ]
]