[
  1,
  [
    "4bX51/uvZIabB4zoVc9k+C"
  ],
  [
    "_textureSetter"
  ],
  [
    "cc.SpriteFrame"
  ],
  0,
  [
    [
      [
        {
          "name": "sb_vfx_b_screen",
          "rect": [
            648,
            1,
            309,
            300
          ],
          "offset": [
            0,
            0
          ],
          "originalSize": [
            309,
            300
          ],
          "capInsets": [
            0,
            0,
            0,
            0
          ]
        }
      ],
      [
        0
      ],
      0,
      [
        0
      ],
      [
        0
      ],
      [
        0
      ]
    ],
    [
      [
        {
          "name": "sb_vfx_e_add",
          "rect": [
            373,
            1,
            273,
            272
          ],
          "offset": [
            0,
            0
          ],
          "originalSize": [
            273,
            272
          ],
          "capInsets": [
            0,
            0,
            0,
            0
          ]
        }
      ],
      [
        0
      ],
      0,
      [
        0
      ],
      [
        0
      ],
      [
        0
      ]
    ]
  ]
]