[
  1,
  [
    "68+hmm5MZIBJOafYF4S9RT"
  ],
  [
    "_textureSetter"
  ],
  [
    "cc.SpriteFrame"
  ],
  0,
  [
    [
      [
        {
          "name": "ib_mw_vfx_a_add_03",
          "rect": [
            858,
            654,
            274,
            189
          ],
          "offset": [
            0,
            -15
          ],
          "originalSize": [
            438,
            279
          ],
          "capInsets": [
            0,
            0,
            0,
            0
          ]
        }
      ],
      [
        0
      ],
      0,
      [
        0
      ],
      [
        0
      ],
      [
        0
      ]
    ],
    [
      [
        {
          "name": "ib_mw_vfx_a_add_02",
          "rect": [
            1147,
            654,
            264,
            181
          ],
          "offset": [
            0,
            -13
          ],
          "originalSize": [
            438,
            279
          ],
          "rotated": 1,
          "capInsets": [
            0,
            0,
            0,
            0
          ]
        }
      ],
      [
        0
      ],
      0,
      [
        0
      ],
      [
        0
      ],
      [
        0
      ]
    ],
    [
      [
        {
          "name": "ib_mw_vfx_a_add_09",
          "rect": [
            793,
            850,
            352,
            217
          ],
          "offset": [
            5,
            -9
          ],
          "originalSize": [
            438,
            279
          ],
          "capInsets": [
            0,
            0,
            0,
            0
          ]
        }
      ],
      [
        0
      ],
      0,
      [
        0
      ],
      [
        0
      ],
      [
        0
      ]
    ],
    [
      [
        {
          "name": "ib_mw_vfx_a_add_14",
          "rect": [
            417,
            447,
            404,
            215
          ],
          "offset": [
            -11,
            -9
          ],
          "originalSize": [
            438,
            279
          ],
          "rotated": 1,
          "capInsets": [
            0,
            0,
            0,
            0
          ]
        }
      ],
      [
        0
      ],
      0,
      [
        0
      ],
      [
        0
      ],
      [
        0
      ]
    ],
    [
      [
        {
          "name": "ib_mw_vfx_a_add_11",
          "rect": [
            405,
            853,
            386,
            225
          ],
          "offset": [
            -6,
            -5
          ],
          "originalSize": [
            438,
            279
          ],
          "capInsets": [
            0,
            0,
            0,
            0
          ]
        }
      ],
      [
        0
      ],
      0,
      [
        0
      ],
      [
        0
      ],
      [
        0
      ]
    ],
    [
      [
        {
          "name": "ib_mw_vfx_a_add_05",
          "rect": [
            206,
            832,
            286,
            197
          ],
          "offset": [
            1,
            -16
          ],
          "originalSize": [
            438,
            279
          ],
          "rotated": 1,
          "capInsets": [
            0,
            0,
            0,
            0
          ]
        }
      ],
      [
        0
      ],
      0,
      [
        0
      ],
      [
        0
      ],
      [
        0
      ]
    ],
    [
      [
        {
          "name": "ib_mw_vfx_a_add_06",
          "rect": [
            216,
            534,
            296,
            199
          ],
          "offset": [
            4,
            -17
          ],
          "originalSize": [
            438,
            279
          ],
          "rotated": 1,
          "capInsets": [
            0,
            0,
            0,
            0
          ]
        }
      ],
      [
        0
      ],
      0,
      [
        0
      ],
      [
        0
      ],
      [
        0
      ]
    ],
    [
      [
        {
          "name": "ib_mw_vfx_a_add_13",
          "rect": [
            196,
            1120,
            398,
            215
          ],
          "offset": [
            -10,
            -11
          ],
          "originalSize": [
            438,
            279
          ],
          "capInsets": [
            0,
            0,
            0,
            0
          ]
        }
      ],
      [
        0
      ],
      0,
      [
        0
      ],
      [
        0
      ],
      [
        0
      ]
    ],
    [
      [
        {
          "name": "ib_mw_vfx_a_add_12",
          "rect": [
            417,
            220,
            394,
            225
          ],
          "offset": [
            -9,
            -5
          ],
          "originalSize": [
            438,
            279
          ],
          "capInsets": [
            0,
            0,
            0,
            0
          ]
        }
      ],
      [
        0
      ],
      0,
      [
        0
      ],
      [
        0
      ],
      [
        0
      ]
    ],
    [
      [
        {
          "name": "ib_mw_vfx_a_add_10",
          "rect": [
            596,
            1080,
            372,
            223
          ],
          "offset": [
            -2,
            -6
          ],
          "originalSize": [
            438,
            279
          ],
          "capInsets": [
            0,
            0,
            0,
            0
          ]
        }
      ],
      [
        0
      ],
      0,
      [
        0
      ],
      [
        0
      ],
      [
        0
      ]
    ],
    [
      [
        {
          "name": "ib_mw_vfx_a_add_04",
          "rect": [
            1,
            1052,
            282,
            193
          ],
          "offset": [
            0,
            -16
          ],
          "originalSize": [
            438,
            279
          ],
          "rotated": 1,
          "capInsets": [
            0,
            0,
            0,
            0
          ]
        }
      ],
      [
        0
      ],
      0,
      [
        0
      ],
      [
        0
      ],
      [
        0
      ]
    ],
    [
      [
        {
          "name": "ib_mw_vfx_a_add_01",
          "rect": [
            634,
            447,
            248,
            169
          ],
          "offset": [
            -2,
            -10
          ],
          "originalSize": [
            438,
            279
          ],
          "rotated": 1,
          "capInsets": [
            0,
            0,
            0,
            0
          ]
        }
      ],
      [
        0
      ],
      0,
      [
        0
      ],
      [
        0
      ],
      [
        0
      ]
    ],
    [
      [
        {
          "name": "ib_mw_vfx_a_add_08",
          "rect": [
            970,
            1069,
            326,
            211
          ],
          "offset": [
            13,
            -12
          ],
          "originalSize": [
            438,
            279
          ],
          "capInsets": [
            0,
            0,
            0,
            0
          ]
        }
      ],
      [
        0
      ],
      0,
      [
        0
      ],
      [
        0
      ],
      [
        0
      ]
    ],
    [
      [
        {
          "name": "ib_mw_vfx_a_add_00",
          "rect": [
            634,
            697,
            222,
            151
          ],
          "offset": [
            -4,
            -7
          ],
          "originalSize": [
            438,
            279
          ],
          "capInsets": [
            0,
            0,
            0,
            0
          ]
        }
      ],
      [
        0
      ],
      0,
      [
        0
      ],
      [
        0
      ],
      [
        0
      ]
    ],
    [
      [
        {
          "name": "ib_mw_vfx_a_add_07",
          "rect": [
            216,
            222,
            310,
            199
          ],
          "offset": [
            11,
            -17
          ],
          "originalSize": [
            438,
            279
          ],
          "rotated": 1,
          "capInsets": [
            0,
            0,
            0,
            0
          ]
        }
      ],
      [
        0
      ],
      0,
      [
        0
      ],
      [
        0
      ],
      [
        0
      ]
    ]
  ]
]