[
  1,
  [
    "ecpdLyjvZBwrvm+cedCcQy",
    "61OGibVIpNfbCeOGZulzD6",
    "d1CyYMlqJE7YQ3YNetVX0T",
    "17OLAHEvpBUZSCyNHrGvWB",
    "1dT1ezA8tBBYLpguGw5SRM",
    "6aWoea7dhLXrquRzhHjUXQ",
    "5eXKdcoQRM35h/mBe09nRJ",
    "4cof9MNhNIZYNRUvuQsxiQ",
    "63wQE1FaJCCqoestDwWD/H",
    "afMYAMNplF3rS5VNZ+/4Ds",
    "02O7jQYo1E7LcXPxLW3Nk6",
    "b8w4iyP7FOCZrPRtJNq2M9",
    "94E95pr19KJ7VEgIcr9jd4",
    "b5Xkd6M1ZLsa3hWQcoRFgt",
    "99Hcqqm+dHU6WWLjcm9Ibl",
    "c4Y0UrnFlIQqKvsSJo63xQ",
    "46oPjzaaJArbKHgxggjxqv",
    "d0sTXYN49Ilay+smrEy/SH",
    "e11ev1IshAwIuNgnGZYya+",
    "05y70LufBJz5hK3AaYgVpB",
    "0cYVsKt1pBTalZ0h61o783",
    "14hdBHKvxDyp/wMoB3X75g",
    "9bx11XoaNGvZkkfyohYL8M",
    "35K/1kOypAk4pK1GM/R9nf",
    "45CbX9QulBFqQTxnxbejKa",
    "4fiBnhBbVIArl8g6bedjw5",
    "3cbC3hEbpAvb/Pm60f9V2x",
    "a8bNNJ4b9EXZF7YzUzmbDl",
    "a9RgwUwYBFRoc5Li0/6nZB",
    "cdAa4W3VNDC7qWCRRsRCDi"
  ],
  [
    "node",
    "_spriteFrame",
    "_defaultClip",
    "atlas",
    "root",
    "data"
  ],
  [
    [
      "cc.Node",
      [
        "_name",
        "_active",
        "_opacity",
        "_prefab",
        "_parent",
        "_components",
        "_contentSize",
        "_children",
        "_trs",
        "_anchorPoint"
      ],
      0,
      4,
      1,
      9,
      5,
      2,
      7,
      5
    ],
    [
      "cc.Sprite",
      [
        "_dstBlendFactor",
        "_sizeMode",
        "_isTrimmedMode",
        "_srcBlendFactor",
        "node",
        "_materials",
        "_spriteFrame"
      ],
      -1,
      1,
      3,
      6
    ],
    [
      "cc.PrefabInfo",
      [
        "fileId",
        "root",
        "asset"
      ],
      2,
      1,
      1
    ],
    [
      "ef6cdgak0JA7Klp9LwbTgyF",
      [
        "tempReplaceAtlas",
        "_string",
        "listFS",
        "isPrefix",
        "_maxWidth",
        "node",
        "atlas"
      ],
      -2,
      1,
      6
    ],
    [
      "cc.AnimationClip",
      [
        "_name",
        "_duration",
        "sample",
        "wrapMode",
        "curveData"
      ],
      -2
    ],
    [
      "cc.AnimationClip",
      [
        "_name",
        "_duration",
        "sample",
        "curveData"
      ],
      0,
      11
    ],
    [
      "cc.Prefab",
      [
        "_name"
      ],
      2
    ],
    [
      "cc.Animation",
      [
        "playOnLoad",
        "node",
        "_clips",
        "_defaultClip"
      ],
      2,
      1,
      3,
      6
    ],
    [
      "cc.Button",
      [
        "node",
        "clickEvents"
      ],
      3,
      1,
      9
    ],
    [
      "cc.ClickEvent",
      [],
      3
    ]
  ],
  [
    [
      2,
      0,
      1,
      2,
      2
    ],
    [
      0,
      0,
      4,
      5,
      3,
      6,
      8,
      2
    ],
    [
      1,
      4,
      5,
      6,
      1
    ],
    [
      1,
      0,
      1,
      2,
      4,
      5,
      6,
      4
    ],
    [
      7,
      0,
      1,
      2,
      3,
      2
    ],
    [
      0,
      0,
      4,
      7,
      5,
      3,
      6,
      8,
      2
    ],
    [
      0,
      0,
      4,
      7,
      3,
      6,
      9,
      8,
      2
    ],
    [
      0,
      0,
      4,
      5,
      3,
      6,
      9,
      2
    ],
    [
      4,
      0,
      1,
      2,
      3,
      4,
      6
    ],
    [
      5,
      0,
      1,
      2,
      3,
      4
    ],
    [
      0,
      0,
      4,
      7,
      5,
      3,
      6,
      2
    ],
    [
      0,
      0,
      2,
      4,
      5,
      3,
      6,
      8,
      3
    ],
    [
      0,
      0,
      4,
      5,
      3,
      6,
      2
    ],
    [
      3,
      0,
      1,
      4,
      2,
      5,
      6,
      5
    ],
    [
      6,
      0,
      2
    ],
    [
      0,
      0,
      7,
      3,
      2
    ],
    [
      0,
      0,
      1,
      4,
      7,
      5,
      3,
      3
    ],
    [
      0,
      0,
      1,
      4,
      5,
      3,
      6,
      8,
      3
    ],
    [
      2,
      1,
      2,
      1
    ],
    [
      3,
      0,
      3,
      1,
      2,
      5,
      6,
      5
    ],
    [
      8,
      0,
      1,
      1
    ],
    [
      9,
      1
    ],
    [
      1,
      0,
      4,
      5,
      6,
      2
    ],
    [
      1,
      3,
      0,
      1,
      2,
      4,
      5,
      6,
      5
    ],
    [
      1,
      1,
      4,
      5,
      6,
      2
    ],
    [
      1,
      0,
      1,
      4,
      5,
      6,
      3
    ],
    [
      1,
      0,
      2,
      4,
      5,
      6,
      3
    ]
  ],
  [
    [
      [
        [
          8,
          "bl_pattern_b_screen",
          26,
          15,
          2,
          {
            "props": {
              "angle": [
                {
                  "frame": 0,
                  "value": 0
                },
                {
                  "frame": 26,
                  "value": -360
                }
              ]
            }
          }
        ]
      ],
      0,
      0,
      [],
      [],
      []
    ],
    [
      [
        [
          9,
          "Effect_Get_FreeSpin",
          3,
          15,
          [
            {},
            "paths",
            11,
            [
              {
                "bl_load_add": {
                  "props": {
                    "opacity": [
                      {
                        "frame": 0,
                        "value": 0
                      },
                      {
                        "frame": 0.26666666666666666,
                        "value": 173
                      }
                    ],
                    "angle": [
                      {
                        "frame": 0,
                        "value": 0
                      },
                      {
                        "frame": 0.13333333333333333,
                        "value": 1
                      },
                      {
                        "frame": 3,
                        "value": -720
                      }
                    ]
                  }
                },
                "lbFreeSpinNum": {
                  "props": {
                    "opacity": [
                      {
                        "frame": 0,
                        "value": 0
                      },
                      {
                        "frame": 0.13333333333333333,
                        "value": 1
                      },
                      {
                        "frame": 0.26666666666666666,
                        "value": 255
                      }
                    ]
                  }
                }
              },
              "bl_pattern_a_screen",
              11,
              [
                {},
                "props",
                11,
                [
                  {},
                  "scale",
                  12,
                  [
                    [
                      [
                        {
                          "frame": 0
                        },
                        "value",
                        8,
                        [
                          1,
                          0,
                          0,
                          1
                        ]
                      ],
                      [
                        {
                          "frame": 0.3333333333333333
                        },
                        "value",
                        8,
                        [
                          1,
                          1,
                          1,
                          1
                        ]
                      ]
                    ],
                    11,
                    11
                  ]
                ]
              ],
              "bl_pattern_b_screen",
              11,
              [
                {},
                "props",
                11,
                [
                  {},
                  "scale",
                  12,
                  [
                    [
                      [
                        {
                          "frame": 0
                        },
                        "value",
                        8,
                        [
                          1,
                          0,
                          0,
                          1
                        ]
                      ],
                      [
                        {
                          "frame": 0.3333333333333333
                        },
                        "value",
                        8,
                        [
                          1,
                          1,
                          1,
                          1
                        ]
                      ]
                    ],
                    11,
                    11
                  ]
                ]
              ],
              "bl_moon",
              11,
              [
                {},
                "props",
                11,
                [
                  {},
                  "scale",
                  12,
                  [
                    [
                      [
                        {
                          "frame": 0
                        },
                        "value",
                        8,
                        [
                          1,
                          0,
                          0,
                          1
                        ]
                      ],
                      [
                        {
                          "frame": 0.3333333333333333
                        },
                        "value",
                        8,
                        [
                          1,
                          0.01,
                          0.01,
                          1
                        ]
                      ],
                      [
                        {
                          "frame": 0.6666666666666666
                        },
                        "value",
                        8,
                        [
                          1,
                          1,
                          1,
                          1
                        ]
                      ]
                    ],
                    11,
                    11,
                    11
                  ]
                ]
              ],
              "bl_sun",
              11,
              [
                {},
                "props",
                11,
                [
                  {},
                  "scale",
                  12,
                  [
                    [
                      [
                        {
                          "frame": 0
                        },
                        "value",
                        8,
                        [
                          1,
                          0,
                          0,
                          1
                        ]
                      ],
                      [
                        {
                          "frame": 0.3333333333333333
                        },
                        "value",
                        8,
                        [
                          1,
                          0.01,
                          0.01,
                          1
                        ]
                      ],
                      [
                        {
                          "frame": 0.6666666666666666
                        },
                        "value",
                        8,
                        [
                          1,
                          1,
                          1,
                          1
                        ]
                      ]
                    ],
                    11,
                    11,
                    11
                  ]
                ]
              ],
              "bns_desc",
              11,
              [
                {},
                "props",
                11,
                [
                  {},
                  "scale",
                  12,
                  [
                    [
                      [
                        {
                          "frame": 0
                        },
                        "value",
                        8,
                        [
                          1,
                          0,
                          0,
                          1
                        ]
                      ],
                      [
                        {
                          "frame": 0.4,
                          "curve": [
                            0.18,
                            0.89,
                            0.31,
                            1.21
                          ]
                        },
                        "value",
                        8,
                        [
                          1,
                          0.01,
                          0.01,
                          1
                        ]
                      ],
                      [
                        {
                          "frame": 0.5333333333333333
                        },
                        "value",
                        8,
                        [
                          1,
                          1.2,
                          1.2,
                          1
                        ]
                      ]
                    ],
                    11,
                    11,
                    11
                  ]
                ]
              ],
              "fs",
              11,
              [
                {},
                "props",
                11,
                [
                  {},
                  "scale",
                  12,
                  [
                    [
                      [
                        {
                          "frame": 0
                        },
                        "value",
                        8,
                        [
                          1,
                          0,
                          0,
                          1
                        ]
                      ],
                      [
                        {
                          "frame": 0.06666666666666667,
                          "curve": [
                            0.18,
                            0.89,
                            0.31,
                            1.21
                          ]
                        },
                        "value",
                        8,
                        [
                          1,
                          0.01,
                          0.01,
                          1
                        ]
                      ],
                      [
                        {
                          "frame": 0.26666666666666666
                        },
                        "value",
                        8,
                        [
                          1,
                          1,
                          1,
                          1
                        ]
                      ]
                    ],
                    11,
                    11,
                    11
                  ]
                ]
              ],
              "bl_vfx_d_screen",
              11,
              [
                {},
                "props",
                11,
                [
                  {},
                  "scale",
                  12,
                  [
                    [
                      [
                        {
                          "frame": 0
                        },
                        "value",
                        8,
                        [
                          1,
                          1,
                          1,
                          1
                        ]
                      ],
                      [
                        {
                          "frame": 0.26666666666666666
                        },
                        "value",
                        8,
                        [
                          1,
                          8,
                          8,
                          1
                        ]
                      ]
                    ],
                    11,
                    11
                  ]
                ]
              ],
              "btnStart",
              11,
              [
                {},
                "props",
                11,
                [
                  {
                    "opacity": [
                      {
                        "frame": 0.6666666666666666,
                        "value": 1
                      },
                      {
                        "frame": 1,
                        "value": 255
                      }
                    ]
                  },
                  "scale",
                  12,
                  [
                    [
                      [
                        {
                          "frame": 0
                        },
                        "value",
                        8,
                        [
                          1,
                          0,
                          0,
                          1
                        ]
                      ],
                      [
                        {
                          "frame": 0.06666666666666667
                        },
                        "value",
                        8,
                        [
                          1,
                          0.01,
                          0.01,
                          1
                        ]
                      ],
                      [
                        {
                          "frame": 0.6666666666666666,
                          "curve": [
                            0.18,
                            0.89,
                            0.31,
                            1.21
                          ]
                        },
                        "value",
                        8,
                        [
                          1,
                          0.01,
                          0.01,
                          1
                        ]
                      ],
                      [
                        {
                          "frame": 1
                        },
                        "value",
                        8,
                        [
                          1,
                          1,
                          1,
                          1
                        ]
                      ]
                    ],
                    11,
                    11,
                    11,
                    11
                  ]
                ]
              ]
            ]
          ]
        ]
      ],
      0,
      0,
      [],
      [],
      []
    ],
    [
      [
        [
          9,
          "Effect_Get_FreeInFree",
          10,
          15,
          [
            {},
            "paths",
            11,
            [
              {},
              "lbFreeSpinNum",
              11,
              [
                {},
                "props",
                11,
                [
                  {},
                  "scale",
                  12,
                  [
                    [
                      [
                        {
                          "frame": 0,
                          "curve": "sineOut"
                        },
                        "value",
                        8,
                        [
                          1,
                          0,
                          0,
                          1
                        ]
                      ],
                      [
                        {
                          "frame": 0.3333333333333333,
                          "curve": "sineOut"
                        },
                        "value",
                        8,
                        [
                          1,
                          1.3,
                          1.3,
                          1
                        ]
                      ],
                      [
                        {
                          "frame": 0.7333333333333333
                        },
                        "value",
                        8,
                        [
                          1,
                          1.15,
                          1.15,
                          1
                        ]
                      ],
                      [
                        {
                          "frame": 1.3333333333333333
                        },
                        "value",
                        8,
                        [
                          1,
                          1.2,
                          1.2,
                          1
                        ]
                      ]
                    ],
                    11,
                    11,
                    11,
                    11
                  ]
                ]
              ],
              "bw_vfx_d_add",
              11,
              [
                {},
                "props",
                11,
                [
                  {},
                  "scale",
                  12,
                  [
                    [
                      [
                        {
                          "frame": 0,
                          "curve": "cubicOut"
                        },
                        "value",
                        8,
                        [
                          1,
                          0,
                          0,
                          1
                        ]
                      ],
                      [
                        {
                          "frame": 0.3333333333333333
                        },
                        "value",
                        8,
                        [
                          1,
                          1.2,
                          1.2,
                          1
                        ]
                      ]
                    ],
                    11,
                    11
                  ]
                ]
              ],
              "bw_pattern_b_screen",
              11,
              [
                {},
                "props",
                11,
                [
                  {
                    "angle": [
                      {
                        "frame": 0.6666666666666666,
                        "value": 0
                      },
                      {
                        "frame": 10,
                        "value": -360
                      }
                    ]
                  },
                  "scale",
                  12,
                  [
                    [
                      [
                        {
                          "frame": 0,
                          "curve": "sineOut"
                        },
                        "value",
                        8,
                        [
                          1,
                          0,
                          0,
                          1
                        ]
                      ],
                      [
                        {
                          "frame": 0.3333333333333333
                        },
                        "value",
                        8,
                        [
                          1,
                          1,
                          1,
                          1
                        ]
                      ],
                      [
                        {
                          "frame": 0.7333333333333333
                        },
                        "value",
                        8,
                        [
                          1,
                          1,
                          1,
                          1
                        ]
                      ]
                    ],
                    11,
                    11,
                    11
                  ]
                ]
              ],
              "bw_pattern_c_add",
              11,
              [
                {},
                "props",
                11,
                [
                  {
                    "opacity": [
                      {
                        "frame": 0.2,
                        "value": 0,
                        "curve": "sineOut"
                      },
                      {
                        "frame": 0.4,
                        "value": 255
                      }
                    ],
                    "angle": [
                      {
                        "frame": 0.6666666666666666,
                        "value": 0
                      },
                      {
                        "frame": 9.933333333333334,
                        "value": -360
                      }
                    ]
                  },
                  "scale",
                  12,
                  [
                    [
                      [
                        {
                          "frame": 0.2,
                          "curve": "sineOut"
                        },
                        "value",
                        8,
                        [
                          1,
                          0,
                          0,
                          1
                        ]
                      ],
                      [
                        {
                          "frame": 0.26666666666666666,
                          "curve": "sineOut"
                        },
                        "value",
                        8,
                        [
                          1,
                          0.1,
                          0.1,
                          1
                        ]
                      ],
                      [
                        {
                          "frame": 0.7333333333333333
                        },
                        "value",
                        8,
                        [
                          1,
                          1.4,
                          1.4,
                          1
                        ]
                      ]
                    ],
                    11,
                    11,
                    11
                  ]
                ]
              ],
              "bw_pattern_d_add",
              11,
              [
                {},
                "props",
                11,
                [
                  {
                    "angle": [
                      {
                        "frame": 0.4,
                        "value": 0
                      },
                      {
                        "frame": 10,
                        "value": 360
                      }
                    ]
                  },
                  "scale",
                  12,
                  [
                    [
                      [
                        {
                          "frame": 0.06666666666666667,
                          "curve": "sineOut"
                        },
                        "value",
                        8,
                        [
                          1,
                          0,
                          0,
                          1
                        ]
                      ],
                      [
                        {
                          "frame": 0.4666666666666667
                        },
                        "value",
                        8,
                        [
                          1,
                          1.2,
                          1.2,
                          1
                        ]
                      ]
                    ],
                    11,
                    11
                  ]
                ]
              ],
              "bw_vfx_a_screen",
              11,
              [
                {},
                "props",
                11,
                [
                  {
                    "opacity": [
                      {
                        "frame": 0,
                        "value": 255
                      },
                      {
                        "frame": 0.8666666666666667,
                        "value": 0
                      }
                    ]
                  },
                  "scale",
                  12,
                  [
                    [
                      [
                        {
                          "frame": 0,
                          "curve": "sineOut"
                        },
                        "value",
                        8,
                        [
                          1,
                          0,
                          0,
                          1
                        ]
                      ],
                      [
                        {
                          "frame": 0.8666666666666667
                        },
                        "value",
                        8,
                        [
                          1,
                          2,
                          2,
                          1
                        ]
                      ]
                    ],
                    11,
                    11
                  ]
                ]
              ]
            ]
          ]
        ]
      ],
      0,
      0,
      [],
      [],
      []
    ],
    [
      [
        [
          8,
          "bl_pattern_a_screen",
          10,
          15,
          2,
          {
            "props": {
              "angle": [
                {
                  "frame": 0,
                  "value": 0
                },
                {
                  "frame": 10,
                  "value": 30
                }
              ]
            }
          }
        ]
      ],
      0,
      0,
      [],
      [],
      []
    ],
    [
      [
        [
          14,
          "ShowFreeSpin"
        ],
        [
          15,
          "ShowFreeSpin",
          [
            -2,
            -3
          ],
          [
            18,
            -1,
            0
          ]
        ],
        [
          10,
          "GetFreeSpin",
          1,
          [
            -5,
            -6,
            -7,
            -8,
            -9,
            -10,
            -11,
            -12,
            -13,
            -14,
            -15,
            -16,
            -17
          ],
          [
            [
              4,
              true,
              -4,
              [
                43
              ],
              42
            ]
          ],
          [
            0,
            "fcqZhW1PRM3KNakgL2IN1U",
            1,
            0
          ],
          [
            5,
            720,
            1280
          ]
        ],
        [
          16,
          "GetFreeInFree",
          false,
          1,
          [
            -19,
            -20,
            -21,
            -22,
            -23,
            -24
          ],
          [
            [
              4,
              true,
              -18,
              [
                58
              ],
              57
            ]
          ],
          [
            0,
            "14tURn1qpNkJgrpr/DHKeD",
            1,
            0
          ]
        ],
        [
          5,
          "lbFreeSpinTimeLeft",
          2,
          [
            -26,
            -27
          ],
          [
            [
              19,
              "info_",
              true,
              "12",
              [
                null,
                null,
                null,
                null,
                null,
                null,
                null,
                null,
                null,
                null,
                null,
                null
              ],
              -25,
              30
            ]
          ],
          [
            0,
            "0ebeH6ZDVHFYhfa7pn9jY7",
            1,
            0
          ],
          [
            5,
            40,
            50.4
          ],
          [
            5.113,
            -553.31,
            0,
            0,
            0,
            0,
            1,
            2,
            2,
            2
          ]
        ],
        [
          5,
          "btnStart",
          2,
          [
            -29,
            -30
          ],
          [
            [
              20,
              -28,
              [
                [
                  21
                ]
              ]
            ]
          ],
          [
            0,
            "a38VrzAUBL0J4MS+xObS/G",
            1,
            0
          ],
          [
            5,
            413,
            259
          ],
          [
            0,
            -493.384,
            0,
            0,
            0,
            0,
            1,
            1,
            1,
            1
          ]
        ],
        [
          11,
          "bl_vfx_a_screen_00",
          80,
          2,
          [
            [
              22,
              1,
              -31,
              [
                2
              ],
              3
            ],
            [
              4,
              true,
              -32,
              [
                5
              ],
              4
            ]
          ],
          [
            0,
            "19KzumZLhBaZKVd5IXw6Jy",
            1,
            0
          ],
          [
            5,
            506,
            555
          ],
          [
            0,
            236.688,
            0,
            0,
            0,
            0,
            1,
            3,
            3,
            1
          ]
        ],
        [
          1,
          "bl_pattern_a_screen",
          2,
          [
            [
              23,
              1,
              1,
              2,
              false,
              -33,
              [
                6
              ],
              7
            ],
            [
              4,
              true,
              -34,
              [
                9
              ],
              8
            ]
          ],
          [
            0,
            "aeHbM5yfhKDplTsOwlTz5p",
            1,
            0
          ],
          [
            5,
            749,
            748
          ],
          [
            0,
            207.751,
            0,
            0,
            0,
            0,
            1,
            1,
            1,
            1
          ]
        ],
        [
          1,
          "bl_pattern_b_screen",
          2,
          [
            [
              3,
              1,
              2,
              false,
              -35,
              [
                10
              ],
              11
            ],
            [
              4,
              true,
              -36,
              [
                13
              ],
              12
            ]
          ],
          [
            0,
            "83e///9idNoIOeT4FhGxbT",
            1,
            0
          ],
          [
            5,
            412,
            411
          ],
          [
            -0.496,
            206.845,
            0,
            0,
            0,
            0,
            1,
            1,
            1,
            1
          ]
        ],
        [
          5,
          "lbFreeSpinNum",
          2,
          [
            -38
          ],
          [
            [
              13,
              "",
              "0",
              90,
              [
                null,
                null,
                null,
                null,
                null,
                null,
                null,
                null,
                null,
                null,
                null,
                null
              ],
              -37,
              33
            ]
          ],
          [
            0,
            "81Wej4hvpB4LFLuVmpJpMN",
            1,
            0
          ],
          [
            5,
            90,
            50.4
          ],
          [
            -16.321,
            219.34,
            0,
            0,
            0,
            0,
            1,
            1.2,
            1.2,
            1
          ]
        ],
        [
          10,
          "bl_btn",
          5,
          [
            -40
          ],
          [
            [
              2,
              -39,
              [
                36
              ],
              37
            ]
          ],
          [
            0,
            "88FchGvUlEp6LkMYD9LAVH",
            1,
            0
          ],
          [
            5,
            413,
            259
          ]
        ],
        [
          12,
          "bl_vfx_b_add",
          5,
          [
            [
              3,
              1,
              2,
              false,
              -41,
              [
                38
              ],
              39
            ],
            [
              4,
              true,
              -42,
              [
                41
              ],
              40
            ]
          ],
          [
            0,
            "7bPU4tn1FD86XwDjBHDSE4",
            1,
            0
          ],
          [
            5,
            447,
            280
          ]
        ],
        [
          5,
          "lbFreeSpinNum",
          3,
          [
            -44
          ],
          [
            [
              13,
              "",
              "0",
              90,
              [
                null,
                null,
                null,
                null,
                null,
                null,
                null,
                null,
                null,
                null,
                null,
                null
              ],
              -43,
              56
            ]
          ],
          [
            0,
            "cfO5mFLLJE66agkF8Wte41",
            1,
            0
          ],
          [
            5,
            90,
            50.4
          ],
          [
            -16.321,
            310.382,
            0,
            0,
            0,
            0,
            1,
            1.2,
            1.2,
            1
          ]
        ],
        [
          12,
          "bl_bg",
          2,
          [
            [
              24,
              0,
              -45,
              [
                0
              ],
              1
            ]
          ],
          [
            0,
            "caDZXGx49AZ57WKw1Nwm8R",
            1,
            0
          ],
          [
            5,
            720,
            1559.047619
          ]
        ],
        [
          11,
          "bl_vfx_d_screen",
          100,
          2,
          [
            [
              3,
              1,
              2,
              false,
              -46,
              [
                14
              ],
              15
            ]
          ],
          [
            0,
            "61DLd7KnNDzphQM9FOY/aj",
            1,
            0
          ],
          [
            5,
            246,
            246
          ],
          [
            0,
            205.329,
            0,
            0,
            0,
            0,
            1,
            8,
            8,
            1
          ]
        ],
        [
          1,
          "fs",
          2,
          [
            [
              2,
              -47,
              [
                16
              ],
              17
            ]
          ],
          [
            0,
            "dcpXSZDPpNgbqkL6F4D0lE",
            1,
            0
          ],
          [
            5,
            439,
            231
          ],
          [
            0,
            50.835,
            0,
            0,
            0,
            0,
            1,
            1,
            1,
            1
          ]
        ],
        [
          1,
          "bns_desc",
          2,
          [
            [
              2,
              -48,
              [
                18
              ],
              19
            ]
          ],
          [
            0,
            "1a5D7BsxFABIW5nViLgErt",
            1,
            0
          ],
          [
            5,
            605,
            186
          ],
          [
            0,
            -265.216,
            0,
            0,
            0,
            0,
            1,
            1,
            1,
            1
          ]
        ],
        [
          1,
          "bl_moon",
          2,
          [
            [
              2,
              -49,
              [
                20
              ],
              21
            ]
          ],
          [
            0,
            "f9S43OyspNbKzltEpGOa9F",
            1,
            0
          ],
          [
            5,
            216,
            216
          ],
          [
            242.108,
            283.029,
            0,
            0,
            0,
            0,
            1,
            1,
            1,
            1
          ]
        ],
        [
          1,
          "bl_sun",
          2,
          [
            [
              2,
              -50,
              [
                22
              ],
              23
            ]
          ],
          [
            0,
            "4bf/lC0J1Ny7lgoXZZO0x5",
            1,
            0
          ],
          [
            5,
            216,
            216
          ],
          [
            -245.844,
            285.004,
            0,
            0,
            0,
            0,
            1,
            1,
            1,
            1
          ]
        ],
        [
          17,
          "bl_load_add",
          false,
          2,
          [
            [
              3,
              1,
              2,
              false,
              -51,
              [
                24
              ],
              25
            ]
          ],
          [
            0,
            "87+qeV0GJJvYzjqveChXLm",
            1,
            0
          ],
          [
            5,
            234,
            234
          ],
          [
            0,
            -509.847,
            0,
            0,
            0,
            0,
            1,
            1,
            1,
            1
          ]
        ],
        [
          6,
          "1",
          4,
          [
            -52
          ],
          [
            0,
            "dalU95i91ENp32CoeqgrcG",
            1,
            0
          ],
          [
            5,
            20,
            0
          ],
          [
            0,
            0.5,
            0
          ],
          [
            -10,
            -10,
            0,
            0,
            0,
            0,
            1,
            1,
            1,
            1
          ]
        ],
        [
          7,
          "New Node",
          20,
          [
            [
              2,
              -53,
              [
                26
              ],
              27
            ]
          ],
          [
            0,
            "3eJ0lyhoBCW5Qv46T55v63",
            1,
            0
          ],
          [
            5,
            23,
            43
          ],
          [
            0,
            0.5,
            0
          ]
        ],
        [
          6,
          "2",
          4,
          [
            -54
          ],
          [
            0,
            "eb/OBnDYVJV50MY2zQ7d6W",
            1,
            0
          ],
          [
            5,
            20,
            0
          ],
          [
            0,
            0.5,
            0
          ],
          [
            10,
            -10,
            0,
            0,
            0,
            0,
            1,
            1,
            1,
            1
          ]
        ],
        [
          7,
          "New Node",
          22,
          [
            [
              2,
              -55,
              [
                28
              ],
              29
            ]
          ],
          [
            0,
            "a4N6Gi8tJKg5oPueBlEdb/",
            1,
            0
          ],
          [
            5,
            33,
            44
          ],
          [
            0,
            0.5,
            0
          ]
        ],
        [
          6,
          "0",
          9,
          [
            -56
          ],
          [
            0,
            "2e47Q00x9F36prduYAkerR",
            1,
            0
          ],
          [
            5,
            90,
            0
          ],
          [
            0,
            0.5,
            0
          ],
          [
            0,
            -10,
            0,
            0,
            0,
            0,
            1,
            1,
            1,
            1
          ]
        ],
        [
          7,
          "New Node",
          24,
          [
            [
              2,
              -57,
              [
                31
              ],
              32
            ]
          ],
          [
            0,
            "688vjRWbdEHLeY9MkK1e6f",
            1,
            0
          ],
          [
            5,
            130,
            169
          ],
          [
            0,
            0.5,
            0
          ]
        ],
        [
          1,
          "btn_start",
          10,
          [
            [
              2,
              -58,
              [
                34
              ],
              35
            ]
          ],
          [
            0,
            "cdIk/FJ+hFDqBXxDOBDNc6",
            1,
            0
          ],
          [
            5,
            184,
            63
          ],
          [
            0,
            -12.481,
            0,
            0,
            0,
            0,
            1,
            1,
            1,
            1
          ]
        ],
        [
          1,
          "bw_vfx_d_add",
          3,
          [
            [
              3,
              1,
              2,
              false,
              -59,
              [
                44
              ],
              45
            ]
          ],
          [
            0,
            "c8VUKBDy9C17tH/eyTI1+j",
            1,
            0
          ],
          [
            5,
            540,
            566
          ],
          [
            0,
            313.328,
            0,
            0,
            0,
            0,
            1,
            1.2,
            1.2,
            1
          ]
        ],
        [
          1,
          "bw_pattern_b_screen",
          3,
          [
            [
              3,
              1,
              2,
              false,
              -60,
              [
                46
              ],
              47
            ]
          ],
          [
            0,
            "9f6B51IGpPXplFSgtEqvw1",
            1,
            0
          ],
          [
            5,
            703,
            703
          ],
          [
            0,
            306.355,
            0,
            0,
            0,
            0,
            1,
            1,
            1,
            1
          ]
        ],
        [
          1,
          "bw_pattern_d_add",
          3,
          [
            [
              3,
              1,
              2,
              false,
              -61,
              [
                48
              ],
              49
            ]
          ],
          [
            0,
            "44KE7AwB9H8YIlhvnRRvC9",
            1,
            0
          ],
          [
            5,
            517,
            517
          ],
          [
            0,
            306,
            0,
            0,
            0,
            0,
            1,
            1.2,
            1.2,
            1
          ]
        ],
        [
          1,
          "bw_pattern_c_add",
          3,
          [
            [
              25,
              1,
              2,
              -62,
              [
                50
              ],
              51
            ]
          ],
          [
            0,
            "42UPKeRxhLOopx+Tao6tyx",
            1,
            0
          ],
          [
            5,
            703,
            703
          ],
          [
            -12.4,
            315,
            0,
            0,
            0,
            0,
            1,
            1.4,
            1.4,
            1
          ]
        ],
        [
          1,
          "bw_vfx_a_screen",
          3,
          [
            [
              26,
              1,
              false,
              -63,
              [
                52
              ],
              53
            ]
          ],
          [
            0,
            "4b2kT8rKVK9pybVMfmJ0zI",
            1,
            0
          ],
          [
            5,
            540,
            567
          ],
          [
            0,
            306,
            0,
            0,
            0,
            0,
            1,
            1,
            1,
            1
          ]
        ],
        [
          6,
          "0",
          12,
          [
            -64
          ],
          [
            0,
            "58Rg8X1eZKr6SVKJ9F4hIL",
            1,
            0
          ],
          [
            5,
            90,
            0
          ],
          [
            0,
            0.5,
            0
          ],
          [
            0,
            -10,
            0,
            0,
            0,
            0,
            1,
            1,
            1,
            1
          ]
        ],
        [
          7,
          "New Node",
          32,
          [
            [
              2,
              -65,
              [
                54
              ],
              55
            ]
          ],
          [
            0,
            "94LHqTE/tIcJBcOoQ6a5iN",
            1,
            0
          ],
          [
            5,
            130,
            169
          ],
          [
            0,
            0.5,
            0
          ]
        ]
      ],
      0,
      [
        0,
        4,
        1,
        0,
        -1,
        2,
        0,
        -2,
        3,
        0,
        0,
        2,
        0,
        -1,
        13,
        0,
        -2,
        6,
        0,
        -3,
        7,
        0,
        -4,
        8,
        0,
        -5,
        14,
        0,
        -6,
        15,
        0,
        -7,
        16,
        0,
        -8,
        17,
        0,
        -9,
        18,
        0,
        -10,
        19,
        0,
        -11,
        4,
        0,
        -12,
        9,
        0,
        -13,
        5,
        0,
        0,
        3,
        0,
        -1,
        27,
        0,
        -2,
        28,
        0,
        -3,
        29,
        0,
        -4,
        30,
        0,
        -5,
        31,
        0,
        -6,
        12,
        0,
        0,
        4,
        0,
        -1,
        20,
        0,
        -2,
        22,
        0,
        0,
        5,
        0,
        -1,
        10,
        0,
        -2,
        11,
        0,
        0,
        6,
        0,
        0,
        6,
        0,
        0,
        7,
        0,
        0,
        7,
        0,
        0,
        8,
        0,
        0,
        8,
        0,
        0,
        9,
        0,
        -1,
        24,
        0,
        0,
        10,
        0,
        -1,
        26,
        0,
        0,
        11,
        0,
        0,
        11,
        0,
        0,
        12,
        0,
        -1,
        32,
        0,
        0,
        13,
        0,
        0,
        14,
        0,
        0,
        15,
        0,
        0,
        16,
        0,
        0,
        17,
        0,
        0,
        18,
        0,
        0,
        19,
        0,
        -1,
        21,
        0,
        0,
        21,
        0,
        -1,
        23,
        0,
        0,
        23,
        0,
        -1,
        25,
        0,
        0,
        25,
        0,
        0,
        26,
        0,
        0,
        27,
        0,
        0,
        28,
        0,
        0,
        29,
        0,
        0,
        30,
        0,
        0,
        31,
        0,
        -1,
        33,
        0,
        0,
        33,
        0,
        5,
        1,
        65
      ],
      [
        0,
        0,
        0,
        0,
        0,
        0,
        0,
        0,
        0,
        0,
        0,
        0,
        0,
        0,
        0,
        0,
        0,
        0,
        0,
        0,
        0,
        0,
        0,
        0,
        0,
        0,
        0,
        0,
        0,
        0,
        0,
        0,
        0,
        0,
        0,
        0,
        0,
        0,
        0,
        0,
        0,
        0,
        0,
        0,
        0,
        0,
        0,
        0,
        0,
        0,
        0,
        0,
        0,
        0,
        0,
        0,
        0,
        0,
        0
      ],
      [
        -1,
        1,
        -1,
        1,
        2,
        -1,
        -1,
        1,
        2,
        -1,
        -1,
        1,
        2,
        -1,
        -1,
        1,
        -1,
        1,
        -1,
        1,
        -1,
        1,
        -1,
        1,
        -1,
        1,
        -1,
        1,
        -1,
        1,
        3,
        -1,
        1,
        3,
        -1,
        1,
        -1,
        1,
        -1,
        1,
        2,
        -1,
        2,
        -1,
        -1,
        1,
        -1,
        1,
        -1,
        1,
        -1,
        1,
        -1,
        1,
        -1,
        1,
        3,
        2,
        -1
      ],
      [
        0,
        9,
        0,
        10,
        1,
        1,
        0,
        11,
        2,
        2,
        0,
        12,
        3,
        3,
        0,
        13,
        0,
        14,
        0,
        15,
        0,
        16,
        0,
        17,
        0,
        18,
        0,
        19,
        0,
        20,
        21,
        0,
        4,
        5,
        0,
        22,
        0,
        23,
        0,
        24,
        6,
        6,
        7,
        7,
        0,
        25,
        0,
        26,
        0,
        27,
        0,
        28,
        0,
        29,
        0,
        4,
        5,
        8,
        8
      ]
    ]
  ]
]