[
  1,
  [
    "27S7jplVhLrYsz/7b0U+9g",
    "5fMOtquPpBJ6/B590rxvCT"
  ],
  [
    "_textureSetter",
    "spriteFrame"
  ],
  [
    "cc.SpriteFrame",
    [
      "cc.BitmapFont",
      [
        "_name",
        "fontSize",
        "_fntConfig"
      ],
      0
    ]
  ],
  [
    [
      1,
      0,
      1,
      2,
      4
    ]
  ],
  [
    [
      [
        {
          "name": "font_bigwin_new",
          "rect": [
            0,
            0,
            210,
            255
          ],
          "offset": [
            -23,
            0.5
          ],
          "originalSize": [
            256,
            256
          ],
          "capInsets": [
            0,
            0,
            0,
            0
          ]
        }
      ],
      [
        0
      ],
      0,
      [
        0
      ],
      [
        0
      ],
      [
        0
      ]
    ],
    [
      [
        [
          0,
          "font_bigwin_new",
          32,
          {
            "commonHeight": 80,
            "fontSize": 32,
            "atlasName": "font_bigwin_new.png",
            "fontDefDictionary": {
              "9": {
                "xOffset": 0,
                "yOffset": 0,
                "xAdvance": 160,
                "rect": {
                  "x": 0,
                  "y": 0,
                  "width": 0,
                  "height": 0
                }
              },
              "32": {
                "xOffset": 0,
                "yOffset": 0,
                "xAdvance": 20,
                "rect": {
                  "x": 0,
                  "y": 0,
                  "width": 0,
                  "height": 0
                }
              },
              "44": {
                "xOffset": 16,
                "yOffset": 48,
                "xAdvance": 28,
                "rect": {
                  "x": 0,
                  "y": 223,
                  "width": 27,
                  "height": 32
                }
              },
              "46": {
                "xOffset": 1,
                "yOffset": 56,
                "xAdvance": 27,
                "rect": {
                  "x": 28,
                  "y": 223,
                  "width": 22,
                  "height": 24
                }
              },
              "48": {
                "xOffset": 0,
                "yOffset": 8,
                "xAdvance": 55,
                "rect": {
                  "x": 0,
                  "y": 73,
                  "width": 58,
                  "height": 72
                }
              },
              "49": {
                "xOffset": 11,
                "yOffset": 9,
                "xAdvance": 55,
                "rect": {
                  "x": 173,
                  "y": 148,
                  "width": 37,
                  "height": 71
                }
              },
              "50": {
                "xOffset": 0,
                "yOffset": 8,
                "xAdvance": 55,
                "rect": {
                  "x": 0,
                  "y": 0,
                  "width": 59,
                  "height": 72
                }
              },
              "51": {
                "xOffset": 1,
                "yOffset": 7,
                "xAdvance": 55,
                "rect": {
                  "x": 59,
                  "y": 148,
                  "width": 57,
                  "height": 73
                }
              },
              "52": {
                "xOffset": 0,
                "yOffset": 6,
                "xAdvance": 55,
                "rect": {
                  "x": 0,
                  "y": 146,
                  "width": 58,
                  "height": 74
                }
              },
              "53": {
                "xOffset": 1,
                "yOffset": 6,
                "xAdvance": 55,
                "rect": {
                  "x": 59,
                  "y": 73,
                  "width": 57,
                  "height": 74
                }
              },
              "54": {
                "xOffset": 2,
                "yOffset": 6,
                "xAdvance": 55,
                "rect": {
                  "x": 117,
                  "y": 148,
                  "width": 55,
                  "height": 74
                }
              },
              "55": {
                "xOffset": 4,
                "yOffset": 10,
                "xAdvance": 55,
                "rect": {
                  "x": 60,
                  "y": 0,
                  "width": 51,
                  "height": 70
                }
              },
              "56": {
                "xOffset": 1,
                "yOffset": 7,
                "xAdvance": 55,
                "rect": {
                  "x": 117,
                  "y": 0,
                  "width": 57,
                  "height": 73
                }
              },
              "57": {
                "xOffset": 1,
                "yOffset": 7,
                "xAdvance": 55,
                "rect": {
                  "x": 117,
                  "y": 74,
                  "width": 56,
                  "height": 73
                }
              }
            },
            "kerningDict": {}
          }
        ]
      ],
      0,
      0,
      [
        0
      ],
      [
        1
      ],
      [
        1
      ]
    ]
  ]
]