{"paths":{"0":["Audios/prizeSmallwin",3],"1":["Audios/fsGetMultiSpawn",3],"2":["Atlats/Alats37",2],"3":["Atlats/Alats66",2],"4":["Atlats/Alats4",2],"5":["Audios/list_item_click",3],"6":["Atlats/Alats7",2],"7":["Audios/fsGetFreespinReach",3],"8":["Audios/fsSpin",3],"9":["Atlats/Alats57",2],"10":["Images/8c937d3e-9f3c-46ee-8bda-a310a8cd2364",2],"11":["Atlats/Alats17",2],"12":["Atlats/Alats27",2],"13":["Spines/s_fspins_atlas_specials",7],"14":["Atlats/Alats21",2],"15":["Spines/l_a_atlas_symbols",7],"16":["Audios/uiStart",3],"17":["Audios/spinBtn",3],"18":["Images/rule/03",2],"19":["Audios/reelExpand2",3],"20":["Audios/bgmBigwinEnd",3],"21":["Atlats/Alats67",2],"22":["Atlats/Alats68",2],"23":["Images/5c241efd-7009-43c8-a55c-00a2481ba3a7",2],"24":["Audios/reelExpand1",3],"25":["Audios/bgmTotalwinEnd",3],"26":["Atlats/Alats30",2],"27":["Images/383d0515-610e-470d-bbee-b075674adabf",2],"28":["Atlats/Alats43",2],"29":["Atlats/Alats13",2],"30":["Atlats/Alats11",2],"31":["Atlats/Alats15",2],"32":["Audios/spinStopQuick",3],"33":["Audios/fastspin",3],"34":["Atlats/Alats36",2],"35":["Spines/s_wild_b_atlas_specials",7],"36":["Atlats/Alats22",2],"37":["Spines/h_jack_atlas_symbols",7],"38":["Atlats/Alats53",2],"39":["Audios/spinStop1",3],"40":["Atlats/Alats33",2],"41":["Audios/symScatter",3],"42":["Atlats/Alats41",2],"43":["Atlats/Alats29",2],"44":["Audios/spinActiveLoop",3],"45":["Audios/fsWonRemainingIncrease",3],"46":["Atlats/Alats42",2],"47":["Audios/prizeMedwinMain",3],"48":["Atlats/Alats28",2],"49":["Spines/l_10_atlas_symbols",7],"50":["Spines/l_k_atlas_symbols",7],"51":["Images/44629407-397c-46e5-a461-c282d210c820",2],"52":["Audios/reelStop",3],"53":["Audios/multiplierFly",3],"54":["Atlats/Alats32",2],"55":["Images/5b80401d-b39b-4923-bd7b-f53951ad603d",2],"56":["Audios/uiInfo",3],"57":["Audios/featureBuyStart",3],"58":["Spines/specials",2],"59":["Atlats/Alats34",2],"60":["Audios/scatterWinHighlight",3],"61":["Images/rule/04",2],"62":["Audios/prizeInfobarTotalwin",3],"63":["Audios/reelSlower",3],"64":["Atlats/Alats26",2],"65":["Audios/slider_effect",3],"66":["Atlats/Alats16",2],"67":["Audios/reelReset",3],"68":["Atlats/Alats20",2],"69":["Atlats/Alats60",2],"70":["Images/166c454e-d50d-48e5-856a-70f5459b9311",2],"71":["Images/0b5ab3b3-7bac-437d-b141-68007f8ec546",2],"72":["Atlats/Alats72",2],"73":["Audios/spinStop3",3],"74":["Atlats/Alats3",2],"75":["Atlats/Alats14",2],"76":["Images/a3937d4e-a3bb-419a-8aa9-9913cf72ab2f",2],"77":["Atlats/Alats45",2],"78":["Atlats/Alats61",2],"79":["Images/c32040b6-852d-47ad-8de8-c65decbe5328",2],"80":["Atlats/Alats24",2],"81":["Atlats/Alats51",2],"82":["Audios/spinStop2",3],"83":["Audios/fsGetFreespinSpawn",3],"84":["Atlats/Alats65",2],"85":["Atlats/Alats12",2],"86":["Atlats/Alats64",2],"87":["Audios/fsWonTitle",3],"88":["Audios/prizeWinHighlight",3],"89":["Images/9bc4bcf2-7ce5-4924-b861-008d3f1870a5",2],"90":["Atlats/Alats52",2],"91":["Atlats/Alats56",2],"92":["Audios/bgm_mg",3],"93":["Atlats/Alats55",2],"94":["Atlats/Alats63",2],"95":["Spines/l_9_atlas_symbols",7],"96":["Atlats/Alats5",2],"97":["Images/BkgFS",2],"98":["Atlats/Alats6",2],"99":["Audios/fsTrans",3],"100":["Spines/s_wild_a_atlas_specials",7],"101":["Spines/symbols",2],"102":["Images/d1015fea-75a3-4c3c-a646-62ed46499e86",2],"103":["Atlats/Alats10",2],"104":["Audios/featureBuyCancel",3],"105":["Spines/h_sball_atlas_symbols",7],"106":["Spines/l_j_atlas_symbols",7],"107":["Audios/featureBuyBtn",3],"108":["Atlats/Alats69",2],"109":["Atlats/Alats39",2],"110":["Audios/multiplierUp",3],"111":["Images/cd9a5343-d26d-47a0-9c8e-ce1e61736498",2],"112":["Images/launch",2],"113":["Audios/bgmTotalwinMain",3],"114":["Images/43984316-7b8f-45e5-9fe4-a5f28790108a",2],"115":["Atlats/Alats47",2],"116":["Atlats/Alats62",2],"117":["Audios/fsGetMultiFly",3],"118":["Audios/bgmBigwinMain",3],"119":["Images/38f57c43-4ba9-4e30-9b0d-2c8102f174a6",2],"120":["Spines/symbols2",2],"121":["Audios/featureBuyHover",3],"122":["Atlats/Alats9",2],"123":["Audios/fsGetMultiReach",3],"124":["Audios/multiplierUpCombo",3],"125":["Atlats/Alats46",2],"126":["Spines/l_q_atlas_symbols",7],"127":["Images/rule/01",2],"128":["Audios/fsGetFreespinFly",3],"129":["Atlats/Alats44",2],"130":["Audios/wallet_counting_above",3],"131":["Spines/h_owl_atlas_symbols",7],"132":["Images/rule/02",2],"133":["Atlats/Alats48",2],"134":["Audios/menu_icon_press",3],"135":["Atlats/Alats35",2],"136":["Atlats/Alats54",2],"137":["Audios/uiCollect",3],"138":["Atlats/Alats18",2],"139":["Audios/prizeMedwinEnd",3],"140":["Audios/bgm_fs",3],"141":["Audios/symWild",3],"142":["Spines/h_staff_atlas_symbols",7],"143":["Images/4e3901e1-9eee-49d2-a0ad-3f8139ddaffa",2],"144":["Spines/h_sball_atlas_symbols",6],"145":["Atlats/Alats54",1],"146":["Animations/bw_vfx_f_00",0],"147":["Atlats/Alats30",1],"148":["Spines/symbols",5,1],"149":["Atlats/Alats4",1],"150":["Spines/h_jack_atlas_symbols",6],"151":["Animations/fs_vfx_f",0],"152":["Animations/bw_vfx_d",0],"153":["Spines/s_wild_a_atlas_specials",6],"154":["Atlats/Alats64",1],"155":["Atlats/Alats68",1],"156":["Spines/specials",5,1],"157":["Animations/wh_vfx_d_02",0],"158":["Images/cd9a5343-d26d-47a0-9c8e-ce1e61736498",5,1],"159":["Spines/h_owl_atlas_symbols",6],"160":["Atlats/Alats36",1],"161":["Atlats/Alats46",1],"162":["Atlats/Alats66",1],"163":["Images/0b5ab3b3-7bac-437d-b141-68007f8ec546",5,1],"164":["Images/43984316-7b8f-45e5-9fe4-a5f28790108a",5,1],"165":["Images/8c937d3e-9f3c-46ee-8bda-a310a8cd2364",5,1],"166":["Images/rule/02",5,1],"167":["Atlats/Alats12",1],"168":["Animations/reel_vfx_c_00",0],"169":["Images/c32040b6-852d-47ad-8de8-c65decbe5328",5,1],"170":["Atlats/Alats7",1],"171":["Animations/ibShowMoney",0],"172":["Animations/tw",0],"173":["Images/rule/03",5,1],"174":["Atlats/Alats39",1],"175":["Animations/SuperWin",0],"176":["Frefabs/LichSu",4],"177":["Atlats/Alats26",1],"178":["Spines/s_wild_b_atlas_specials",6],"179":["Animations/showBoderSmallItem",0],"180":["Images/d1015fea-75a3-4c3c-a646-62ed46499e86",5,1],"181":["Atlats/Alats45",1],"182":["Animations/reel_vfx_b_00",0],"183":["Atlats/Alats17",1],"184":["Atlats/Alats57",1],"185":["Images/166c454e-d50d-48e5-856a-70f5459b9311",5,1],"186":["Spines/l_k_atlas_symbols",6],"187":["Images/5c241efd-7009-43c8-a55c-00a2481ba3a7",5,1],"188":["Atlats/Alats34",1],"189":["Images/BkgFS",5,1],"190":["Spines/l_a_atlas_symbols",6],"191":["Images/launch",5,1],"192":["Spines/l_q_atlas_symbols",6],"193":["Atlats/Alats60",1],"194":["Animations/ib_vfx_g",0],"195":["Atlats/Alats63",1],"197":["Atlats/Alats42",1],"198":["Atlats/Alats24",1],"199":["Animations/BigWin",0],"200":["Animations/wh_vfx_b",0],"201":["Images/38f57c43-4ba9-4e30-9b0d-2c8102f174a6",5,1],"202":["Atlats/Alats28",1],"203":["Frefabs/EndFreeSpin",4],"204":["Atlats/Alats29",1],"205":["Atlats/Alats20",1],"206":["Atlats/Alats5",1],"207":["Animations/winItemBang",0],"208":["Atlats/Alats3",1],"209":["Animations/showBigWild",0],"210":["Atlats/Alats55",1],"211":["Atlats/Alats18",1],"212":["Atlats/Alats51",1],"213":["Atlats/Alats14",1],"214":["Animations/sb_vfx_b_00",0],"215":["Atlats/Alats65",1],"216":["Atlats/Alats11",1],"217":["Atlats/Alats9",1],"218":["Animations/lightWinMulti",0],"219":["Atlats/Alats22",1],"220":["Images/rule/01",5,1],"221":["Animations/wh_vfx_e",0],"222":["Atlats/Alats6",1],"223":["Atlats/Alats61",1],"224":["Atlats/Alats41",1],"225":["Atlats/Alats62",1],"226":["Atlats/Alats10",1],"227":["Images/5b80401d-b39b-4923-bd7b-f53951ad603d",5,1],"228":["Spines/l_j_atlas_symbols",6],"229":["Atlats/Alats52",1],"231":["Animations/ib_vfx_b_loop_00",0],"232":["Atlats/Alats16",1],"233":["Animations/tuyetroi",0],"234":["Frefabs/CachChoi",4],"236":["Atlats/Alats13",1],"237":["Animations/fs_vfx_g_00",0],"238":["Atlats/bl_vfx_a",0],"240":["Spines/l_10_atlas_symbols",6],"241":["Atlats/Alats15",1],"242":["Atlats/Alats33",1],"243":["Atlats/Alats48",1],"244":["Images/383d0515-610e-470d-bbee-b075674adabf",5,1],"245":["Animations/MegaWin",0],"246":["Atlats/Alats56",1],"247":["Images/rule/04",5,1],"248":["Images/9bc4bcf2-7ce5-4924-b861-008d3f1870a5",5,1],"249":["Images/44629407-397c-46e5-a461-c282d210c820",5,1],"250":["Images/a3937d4e-a3bb-419a-8aa9-9913cf72ab2f",5,1],"251":["Animations/ib_vfx_d_00",0],"252":["Atlats/Alats44",1],"253":["Atlats/Alats43",1],"254":["Animations/wh_vfx_c",0],"255":["Animations/showFreeSpinbg",0],"256":["Atlats/Alats72",1],"257":["Atlats/Alats53",1],"258":["Spines/l_9_atlas_symbols",6],"259":["Spines/symbols2",5,1],"260":["Atlats/Alats67",1],"261":["Spines/s_fspins_atlas_specials",6],"262":["Spines/h_staff_atlas_symbols",6],"263":["Atlats/Alats47",1],"264":["Frefabs/StartFreeSpin",4],"265":["Animations/scater_vfx_b",0],"267":["Animations/fs_vfx_b",0],"268":["Animations/showWinItem",0],"269":["Atlats/Alats21",1],"270":["Atlats/Alats35",1],"271":["Atlats/Alats37",1],"272":["Animations/fs_vfx_a_00",0],"273":["Atlats/Alats32",1],"274":["Animations/logo",0],"275":["Atlats/Alats69",1],"276":["Animations/fs_vfx_c",0],"278":["Images/4e3901e1-9eee-49d2-a0ad-3f8139ddaffa",5,1],"279":["Animations/freespinActive",0],"280":["Animations/scater_vfx_a",0],"281":["Atlats/Alats27",1]},"types":["cc.AnimationClip","cc.SpriteAtlas","cc.Texture2D","cc.AudioClip","cc.Prefab","cc.SpriteFrame","sp.SkeletonData","cc.Asset"],"uuids":["03/PxAm8NLFKIlkFO5wiHt","04ux+wEHNJFZabgb4OacWI","04y5QB7hlF7p+KIPbSDtvK","05IVsaaYRL1qdMznFUDC9t","05RO03qQFK0ruTJnEWkdc+","06qKLYiBFHlLzvxjTPQvtB","0aDkkFPNNGvrA6OG7fywMH","0aLhfbvr9LepAsNla/H8EM","0eEzDxPfpELrMrzJBJEjcv","0fW62WwM9Dk54uTw2CRZco","10QVh9QOBEMY3ml4sBiCxs","13LdGa+nhE7qmqukWwzYoe","1b8vvp/5lDd6lHTqAKtJoM","1cgnh3NvhAhIreRlVxOflf","24CIpnQ7NJI5GvdrUZxoro","25GtHHjblBk78CLSehy7N2","29YzYoTgxF47GWXyzgmIQ2","2bPeNDRIBFXIxR66ChgbBf","2dhuANYNBOb60BRJsXGSND","2ealUYXHFI/L3AjYxi4Q+w","31FM0grMpNDawwvBmGeSj7","31cYu29Q1Gf7D9xvm7pndD","34Kgp1sFJHfKDyo6sgQFB5","35rauJ+bZOUJFF/lfRkcQF","36dqaAW1ZIDYK9Tth3S91o","36j4El3qNPfa5JmXNd5yRZ","38JxMpGgtBZI2lQ0Wj3GSS","3eLxULbWZCCa8yGGMp3Pae","40YYMaaNVBcp/HBMzDEOqL","41nOW4zdxLDIyhGo8Yg/e/","422et9zpNPcKSyC4J+Dd7K","437FjlMolK9KGuPLeqjRu4","437wIimfpJdLv3B/TyhRs0","457zTxYC5AoZP9cBxTvdHO","47XQJZuadAEJfhw9rjUYnu","4bB85fqhVMS4/zSykEOkZ8","4begKdNV5FFZtTZvZ9f+Gw","4cpBFfR0ZMEIDKPkKi63e5","4da5/YHOBM84kthAjtEgDf","53Zv9NC+pOsYP8Sgclqtwq","55INRkG3lO6ou7jmb40VdB","56UmMzsUhPj6oR53gnsI69","58fHtg8EZLF4PFDDMs7KMD","594T6YXD9LDLysK/QDV8Ud","5chFgyl2NNybyVZJ3m3E5p","5ci6IL5+dAPrjky8lsFfhv","5dqB+yj2dOh6TyH5Z9Ld3p","5efLkvq6FI06f3S0Vk/hx1","61fwn1E2FHVKso6voEGnX5","62bvLBsPRHIIu6IvWQBZ44","65ncQXXMZHeIAgY8sJy4T5","66iYUhlupBEaGsr2mUNDBU","66y3wyW2lC5LTnZWITA2Fk","67akZY9m9NXadgH1QnplQW","69CvX8ylxK0qMKxtgUGjOt","69kLdamYJCdplbSDm0m32P","69kL4bDl9C1pzfPY6wh7l2","6b+7/wco5BqLEH3zGDJN/+","71E+qbGuNFq4EYzmYWY06t","71FFvjRIZNY5ZAKTorzFEk","73lxNYm81E/4152PIAQ6yR","74v4ttRD5ATZ9bVIqrZhYS","77fqnNHbZH8405gFwAb3i0","79nRLsfXhEfK5AWjCkCQsv","7bXFG1uzFCZIFraxkEAJki","7b0S6cME5PY7uFTZQ3N6Ng","7ct+6nWqFPeIGdG8bHvt2N","83AwIKDjVKsIOJf/hBG/yW","85nPogfdBLxplONAp3qeie","87rrIvQcNP9IUfRq+hqmSC","878T6z56VLxp2yAJAdNdBx","87/zs6lSFP3a8kl6zzH4KW","8apjquZcZO77/abt9VLBSx","8bFGuDoGhHi5jO4rQPiedx","8cRXge6UJMXLRr2f3PlrZm","8dIYZLL7VDMrCbAYSramk0","8dN7eDZQBPOoFwCFfxA0kr","8evy3lROhGObKEKcpTYzTK","90g0sDeJhBE7fB1ASLD2x4","94oOUvX3hOzJab5jRz9CAY","95mTwKV6BGxp3xaa9Rj4di","9aGJHmoyJMDa5uIcJq+v5/","9aXDecHRdMNrFNlqy27YvD","9by7sVntFMyYJb2KUgFEN1","9ehhhiatVG+Z2fMNuYmamr","9fP1G08hNApplQeRzCD2Tl","a0ass3yzNKxb6OHDXs0buh","a1zTR51e1Fxqz1hJ3zlLeu","a5J0Mxd45E2KpiBpsIRfso","a5T7I/50dG0JJJN2pB9zif","a5xBtETihCl7sd4kIuPmqL","a6a04y4BRK4osH8Lp0VaTq","a6xzpyCZ1Egrik3HsPuBR4","a8ECDWrJRNKYiytYJObdfl","abYV4E6lFFqr/oE9/mTlvX","afYdVCCwFAi7WovY4wisB4","aflM8zi7ZE64neHo0BcceX","b01bWEsLNGKK5GPqIOkxWz","b5uEJ3JLpBzb8BXqQgELsg","b8TRpGVqNL9pdXrpc9VgGe","b98NitVTdLgIGSmes2wbg4","bcqlVNay9PXKtUHfOzv2rA","beXB6tR+dNtoUaOuDC5YTz","beXNlj9yBFHL1okRGJXZvB","bfMmSk/pVJh7VJw+EVec9N","bfP3iBiRVFY6jAppuY8/2U","c0ArEJYQdDWpMTN4uaq13Y","c0p+6fLhJDsIQBolwBwX2n","c0+ErzmqdE3KtMC9wzcyU7","c13xqq+q1JYrhQgMF/naxo","c3PDSQhxxHF5HLhLtUoTEJ","c3y6fF5QxKp4fp2AAfRRws","c59F68CLlOuIXeNLTjmFrw","c9Djdp5M1OLLRdOFX5X0Zc","cbeR/RKQtALoIFvi4TI8Gr","ccBBeL7n5CHosCqcESYnQ3","cdDr72FGdAZqHS3jF0E+ur","cevY754mZPKrcsRJiyQ7FD","cfWZDbc5ZIg6htNZrD8jVJ","cfs8YQJ5lHFZKdpyRPTdHX","cful6L9QpP54batsPiiej8","d4rpzF3M9AbJJCLonnid/u","d7Gnht/r9MFZU1796n7Mf9","d8Rl8kZmxPwKEDu2yizRGk","d8XigbRnRCRZqWlcURQs+1","daondtUPxLJZdaEfDBW2oi","ddLDgIkmxDdJnbhDHYrYOF","denZBKL4VBer1zQao2WQdU","dfkWBoy0lCvIwzC1VeO4xK","e0Vv7Xj29ECah044O2iLjk","e4kR5dXINJCZMAt7TzqAwF","e4kp/SSUdB+5XbfH8Tsvwo","e8r2FX4olG+pomDaCjERuC","e9YF3hAjBDna1wnO5qIoJ3","e9po0w9KZOm7o7va+WUmUn","eabr5IVlFEtI/TsvsZygRf","edPUK7KlRKsoO7eko4wGFQ","f2u1TO0b1PfL6kJ6fPiS+Q","f7xL6TPTNHdrHpnDr0ESva","f9AxQRlD1BX7OFldaaHuWG","fboKMM1KBMyZrJDJKJocqB","fcUe41lmxBs6lztdxCz1W6","fcXpB+CJRMoqcfHu5fE90e","fe4Cw4js5IZqOgqlnTMyve","01yG26BYNGWbHly3tG+mlM","016TrbEbhH1ZQ3sZHFrbIG","05Q+T7EjZPd4QScAf2RAF2","05qmBylFxNzroVSigeImg5","05rRHC62lJdbnoMYCktlzB","07EQqHgntGzZjhaWx0Wc8P","0af3VX1ydEpJtPDZsWPhvY","0ctCPBGB1D85goib8ry+dX","11UCwHoHND05PLejya2MEW","15E2c2pVxHxo1BppB1xG33","16IpxwSxdLQrNuG89FzuQ/","17z90wXGJNsb5jyVDoQdo4","18fnfaTEtJ/aYfl7hG6E6q","18quqT/PpEc7Xgh+xL+i0Q","1aRv084GJFJ6AEYM2VEu/C","1bYvr7R2NMtprZ749SqstT","1dIIQLYblEfLoEVU6/j8MY","1et4E5UptGvImvGlWzHDe1","1fG8Dp+MNMDJ46HPOzG5Iz","20leOy8eZNi6ZLXDgyA8Mg","243oeTgB9Obr2sw0SWV8Gm","26mD0+igtC1LXHgvJVa8xI","29iXSMJ5NNCKPlDLI3KSuU","2axpHPnrRAEqFAenI4JRrk","2cdlaDLptLL6TZYSf4WARD","31GmB9WXRIjL0hkhKf5Gsg","32CtV636RNt6qNwhIOBZhP","34arDQwdtL56xksyp6WD65","35F2O+qxpLSr0XSnKdSN8z","35pEkQDUlD2bR/O4fGVttE","3amKsqHDxEKYp6yiEEoHb2","3bvYXVcrBGN71VcVH4OvH8","3cayQH4SxPcL5XXWcOGgOB","3cj/fE6n9P4Y12N00spAnU","3ckVHutThIB53xONYW77l4","3dE3Tb+blIHpnv6lpMxZzL","3evY9RPo1Fx5oXmxk50PdW","41BdomeeNFD7mJYq2SI6Bl","425Ggnk29O6JGloomlFUas","43GfBMCJRGCpooiMLuPASr","45YK8+qP9Ee6Y1AzNZZyDp","47jrmzj9tPFacfWbXNN2LV","480LRE9CtCeLapgmMstdTz","4bbxlD2CND57XmoJ3yv6eF","4fTjBZ+WxNo5N8q82Eo+5W","4fVlikFVFGvoV2cATdGR2A","53fYGcahxK0oh7nxeCkeu2","562qKTyIpES5HUlMkLCrcu","57Lj6ZtBZEXIEttIjLTHEI","58CyGr3hJDjrubvZQxnWWC","5cPOChqL9NIK//I2aqvF5q","5eWVevxglKzq2KySYgjlmq","61cyPdEfRN047sDK9rO0W5","612GqQy+lBaqh6vYIMfwBc","64CtPP3ehAMZwcb7BNWYxZ","68V9J4G8NGHI8AZmFrdLtC","6bd7o+EklEVoMrm4gwLYvC","6cPCKG/t1BNrMoaH0cuKHm","6ddrS9eudCn4gYOnYQFTwl","6eovNEx6tHLKA0eDkXs9qi","71O8Xth5FGyYfOzjurDVih","73fb2NVN9Ou6y4jTPZLXks","74HV2RtJdHi7J/7oRntj++","74R3o8mZJGIJTEexTs30qT","74i0llajRD6JFcKz9TQuAt","75zVXrZu5FFJX/Nnd+0KXb","79DEAJBHVGEpsClL4UGnFv","7betvSWkpMtq7V5/vBeFIq","7bvALw0whLJ6YGLK2hFji2","7b7OSjeg5L6JNsmHfJ9hrS","81Yo1aYIlPPaoR0jbMJ1t4","818rl7ALlHv5On2iFhAUs7","83JbC/W41Ovqa26M2w6LW3","88yrIFo7lEY5qAKQrywRtZ","89bxn6j99K1YWvPHTxc3PD","8fUSK1Er9KxLu7ngCidPcX","8fo2EbOA5E0aNozhWtyL7X","91fIFx8olOcb0DTx9uEBxV","93ApAH+H9GJKJJRegbViQk","95Dpu34C9IkbOOE4bgHeko","95uL0gT05OUJLZG0Fq9ttn","96hRkuI0dDFoSFN8ujDTIS","979ahfPNhE0JfW+5ev+JJW","9cHumIutFP1ar5bESClbMC","9dE9Qtpl5CXK+W/DRzYU7K","9dTX3ocwtI5KFvd7ECXFEd","9eHywo8WBKAa8AkUpOLlYu","9fJA88X+NOMJAjcjnEld2n","a1KE9XyLRO0otdLlNS6agS","a2X7J5QQxDX7X50KMZM++I","a4u3W+KLhIR5uveRm4ZB3E","a43APIVFdKYJvNMjh2DEy+","a5Eky6nrVGLL7emZHcAXr+","a9X4Q/y9RCvKZ++eI6HN7j","abgWhRjY5NIb+ya0DFDlhD","acXg0Y7NFAjYn+E6Y7PwBr","aduJT6JthLm4lwE5WyJX2Q","afoWRz2LtDoZtuVfPmGj1W","b02bZyP8NAFbGWh40RpUB5","b2p/TiS+lJMIQaTH8sh1Zn","b4wTM5OGdGVJImUbFkClYu","b5e9qs0lRBEqurqliKRkxe","b5/3fTfwJIU51Nlr+8lBZR","b6yegqoghBB4Odi2KgiTN3","bce3c4WDZDvrvIlpLip9th","bdBlLIymxJXYUMho62mNPh","bdLvmG61VKSojKRar10za9","bdy33ZMiNK47aZbpCJuT9o","be1DXiaGlMaLl1MIv2iL0z","c0ea7QHwxBHry7k6XY8v7D","c2cKWTrYZI+rhoatvuf1wX","c4LcQdpuBFHbLNI1k7THY/","c4T7NkOodFWoaleveNCy+T","c7sJJp5UhK6JgnMjGRWJbW","c86yFsbtVOBpB3/aVrh8Qz","caYcljQ+BO2YYsHjt60gpm","caazgVhXdK7rwwoej3f7/Q","cbacEy1jFPtZtTbGNdOsYf","ce/0JlQ5BKPZiSZaH/VxCC","cfWD6OyZJAX55ecaQGxoGB","d3emIqqt1OSZQKURTZXUql","d5gqiCg2FAWYmJlBw/CB3f","d608qFRoFHwbXd0Dap056i","d7u1/B5AhOw7iZ46eJal/y","d8Y9aYZ11DsrrqMK+jymYU","d8kKenBNBM0Ld6egz5nYlQ","dbBIEeyr5L4ZSzYFczlaZN","decqnZlCVIfIf7DU/TilZU","e5wCHJ9fFFNJrpt0JIx8KV","e6AgUcU4FA+LkU/aPut4BV","e8J8KfM+5BXpSVH/q45Grm","eaYQ0LopJKzLoFLbFjGeFD","ed80W3L3pL24DRRiIz3l2q","f2+6cAyDFJsbT3BwIjNOWK","f4RIKY9qtGBJqi21bCXDjs","f9gpXQ/sFHfIJSHrAnl3/h","fddpzmuFpNC5oumeSISbuO","fe+5kEt5pBxaWmw93BjAi3","004fwNxTZO6a7EZTqU4yzD","009gz8RJFA7bqpLYnPn/wl","01Qq03/fpGJLFW/Q1yk7Xz","01xb2Wf/9AG4deildCfkBi","010fG9TaFPE6LNoJxoEbLP","017HDk91lIl6GJDPbvjySy","02U65fU2VOp6kpHljfOyKg","02cLS/6HBINLZnreQ0zC4M","02uZB72QFCKrJhWsxZRszT","03T+yvzYlJEppcFHdtjfsY","03fejB+/JJhp2GJ3ZzKiX9","03ippzKwZBzrj/4mbhDcR7","03pZOLaCVCRbaJ7ikeJgZx","0381jhPSxFm41srnzzueW8","05BiqpcxVPd5AWGJPxFsmO","05ypcIE1hPwLRlIawHN+aV","06FT+NWK9IKpUR3Pa6dIY2","06XbgYdLlC/LKYaMz6ui3s","066yoD3S5E77OcvHSxAkWt","06+tlcQj5PaIZ2L9aHytnf","07PjxZl6ZJv4dpD3Gesu7I","08QI2CLfNEB5LOBfwUK/cf","08q1xZ20pPGaNzmsx9kJB4","08sYyrbipGfrAucWxALtRv","08wQXJ/PFIAYzIvwthK7eQ","08xHjtLZNI3a+DLORZSOJy","08x3EgY2dFAaeWqsyFOvOg","086xeccdRII7v7oJNjZylA","09HIJocVxGl6MGQuwqpt3M","09HQ1L/CJPbZZQWpNiSzsM","0aMvHc1ttONpjD9Xvu+BCG","0aNEZa1nZJxagaMuiE1o4x","0aRRZjDY1ElKIVo2VvwSoi","0aTNpwLHVMeZ/n7bTWG4Go","0ahnjf9KVIpqPCDGf7i3RC","0au5n8Mc9IQZBcl64tGAtv","0azZ/tZZVETqOvAmZEI48D","0a/BhIAulDe59Vwi1fIYib","0bEx/2JU5BhJv7kbbfjLbu","0bJjdvk1ZOgobKEp4Bt964","0biFWcbZ1C/Krm5naqP0+8","0bkW4HCNREA6wqSCHAAK2H","0cU4n+3edFYJs3bjmoUR0A","0cq45+v4RLtbdEG2Gb6iUV","0dLwExIIFK6qxGGWCqDy2Y","0dRNBaHIJErp3fUyVZGkBx","0dpqRK7zFNTJ6kl49Z0uOB","0eoRRFzWBJG5fqSQ+a7rNY","0fBDylCQ1IUp1EDMq/ilgD","0fBvlCZ5RKXqxfTB3tXTZS","0fE/tVD3hD3ptIQdz/Qpnr","0ftr1GBpRLRa1ko7z/FGH+","10Pnz+76hLPJPoY3dy+MK/","10b9+BXDRPC6Ore3vzePLi","11WaoOxzhI4pz8lNIc8Gzl","11Y7wCAJxCR5GxUlu++McB","11eN16YdVCkbjSHaWGaxku","11e/Qx5Y5GUZRLsjXECpkp","11osyJxR5EFK0yXww6mpdZ","1131sFp05DnYjaRUj+Kt2O","119rpxmkRAJYGThz7fIEBY","12l6iHSV1PvLdTfbDfQzE2","12q/eOJeVFGIe8s/mbbThB","126rQbj9xKNor4C9TEMc4p","13U8ZHV8hAJKJE55si9EVO","13gK/2UGtL2r6sStjdi/sB","14QTlkt+1MWYHZ/JPZsJ3o","14TQCJqIdD8oU9ilO+N6XA","148Re4DmhLlpyVtUuvQ9dP","15H8ukJQtN5LHynxec5D19","15JKPzXQ9Dw5XmIel0/MMn","15SYJwSxhEO60PchC5kAh+","15iImEzpFMmKxkQ7ZX+zky","150gSg2JZIyabAOeOKC4IJ","16z83IztBB5ZblWJOn6dqf","17XVf0Q1JPQZVFn5mqpgv4","17cr8zTLdME46GNAPdX2LS","17kUbv6y9C75O8gykUFGsY","17sIQ2pc5KpYb43huOZv7a","177+EInM9MQK7b76X9aWfH","18GNU+mz9M0IEG5X15VBZq","18NL6ZtTxJcJHPXnRbSZS8","1828KnmvxMqJh5otxvi3Cu","188nNsAsBJIrKJBlmDh4s6","19XoZa5u5A5q6zUSWDCF3Q","19X26mHBlG8J9lwmw5zwVO","1aKy04BGVALoxBhr6SGGGH","1aRUfQpYxMCKuGMm1zaj/s","1aU6UbhVRMDYsiOgn4OUoV","1acsgl0VVG1asBeS63dMx/","1ajRZg1FdOjJb+Et3NhSe+","1bE3GwnB9IvJL1r3hZ91a1","1bWpoeIShEK62mQ2RIqUIH","1bfrBIl65PfbX08N3N1FM+","1bjS+78UdFEb4qe7/y2jPp","1b895+0ZNJIrSB2hvnCGp7","1cbCAw4q1BM4wdH5tY5rdn","1c2I6b/p1LorjzJH+uH2dc","1dG3FLkHVLTYkc4dySEzT4","1dILUKs9FGkZx8K+qiPsGi","1dK7WtPXNBw6vm8M3SVuBK","1dR2y+B/pP8YjzPiC52XDm","1dsM/suSJJUq1VYPEy1dj9","1d0WhKtV1JhZ1/lxM6mFC+","1d25qm5sdDwK5PDOJ005Ec","1eDofLIXxJWazqIHpEg8g4","1eMKBQUbdFkro5zQg6e2f1","1eX7OlFVBOFa8kLknGy55N","1eloXzEs1GR6iBrDthIKnO","1emqGlYv9CtIOJ4UqSklBb","1eqQKPEQlBFZRkH4jrinVx","1fACq3EtJK7YUMdcIlpA8V","1fEwiLoaVJxbvK79cq8eet","1fKJKgmEBNtrvOhqiOqaFZ","1fPqkRm+pMtpo3D5XDKwu5","1fc5hUUJlFUaAKdMdeCYf8","1f9QZD/E1FALPyBw2FiQAg","20EyAjjhdEGZ3q8UhNLnb1","20ep+isItA+oKnpzUtrRp+","20y7kNIxdGTa6t1NYX3yNq","21DhBvzQJBK4gDJMngBuZB","211Hk+NHFAVK5BkkXLQeJ2","22FOaelstCsop4cyQfiZjY","22Xqm6e2VDLqgRj8mgzK0L","22hW8m6vNKCoqqb9vkhzWY","24DcUBQ5lDPLkGiM6PgVJa","24m28kNuNIX4ufTe/kf8UX","24pACCKYxJ/7fhq/+HxQlO","24xODGnDlCB5AET5N+qjot","25XQsB/SpOYJpVYqZ8jGVG","26H2aQ4FNHnaw5yWlLrAMr","26NlPKrvJIaJq0nqw+QxcO","26eM4lkClPUKfsuzko2jKK","26i5QZR4FMKpz4xrf+/BLR","27plMxtAFOFKg+8T39Kzbs","28IUlJncFNUJVcbdp3u5j4","28I00oQUlIUKjPdvu/Hj9R","28PiluI/FG/JtWqoDDtW6Y","28cgDJrr9DDq9RfYzzF/gf","28iywTwfhNQLpPw8es/WyZ","28xhNFdFNLRJJbZEfyuGBq","28/3j1RehBnJ64bmPpW60f","29FYIk+N1GYaeWH/q1NxQO","2aUrbkkH9N64XgtDBwkOLo","2a1CKP4IVMt6rf8e+139Vn","2bMVKwiNpFMKqyXRcew+wY","2bNofGIbdJh6KYClgAvKKq","2bUiE5TYxGcZdgdQJ83T6F","2bVjSik91Nt6UA4o8fWm0E","2b13mfXnFL7Z6t9Z4ionAX","2b5CByadtGB4aNq8LFr+Ow","2b+Lx6VFpB3rG5ToLVcGbq","2ca72Xew1Ic5qe9GM6eWyr","2cbMzBXkZBDqrt4QHUB+qE","2cv5b7UXxM86tWa/xbiRFt","2c0QDNyotJIK1uicocC4NJ","2dC15FTMpEpa8CABU9uYoe","2d9r7BCkxBn6Kr/at2mfbJ","2e06feNYdBVrzF6tz/5jAI","2e24OddYJFC6jGvJyiCFqc","2e4O5nOlNCMYZ5hHBE2LHn","2e8Egkg4dAO76/aypG3u2K","2fN5kYcnlCFZYQTy4/VfNh","2feDyu0UNNg5DdPCGjjmIi","2fxlNFvrFGUZxbjloz/dxl","2f0kFGql5GuotdsBxTSkma","2f3U0HpnlJ2L69uXM+MDJC","30crQNzCdLq7f8dUGXr569","30ytP+Yt1FjbOMcAoR0Nx+","31zTImyqxOI4nxnT68FaP0","32P1nE2QtAiJRXcn/gGOjg","32eFOhm3FFibjt8jBQn9Rp","32lVQYVIZAi5ZhkhVVOCgd","32lxkstyBCqpOLdbDtBWoN","3202qyxpJENb600cd/y/nQ","33Rn7jgGNNg54F4nWEEu/V","33dD1KP5ZOpZ6lmQG4B+F4","3385znOCxBbIQAzAzLq5CT","34BqxSEXhFnI1nh4kpdbzQ","34JJw77fFHho453ETD5IQz","34QWumYqZJBonOIyPyJCYT","35D0/80qlPl50MoRryL+C9","35LWiqylJD8rs3JOo/1ukv","35RuefLS5H8bK+yYCT5kr2","36B3bvy0NE0KCXCvJsAoIJ","36VeWyJuZK6J9S8JNXKh2a","36cS8bYDRL8IhJBtLRgtlO","36srKe9uxOzozgsKxk4EUA","37BYM8maFDR5+TTbfrxM9m","37HGw4fLxEgKCitGyK0D82","37rcS4IuZDhYTWrq/HzhKC","37riShmeFHBqihGsdHIkZS","38F8c/93dF3pMuk+nf+IER","38J1zO0RhLUa7oVuruyE1v","38ObTrBuZGvawLpEIzVrqb","38uLg3dMtKMYqPshIYWLQ0","3894TbfQtOMrJoQf3z9FaC","39f85ac1NAkK0QSkBmSdB4","39zEkdk9lN5ayfGCcazB4a","3ae7efMv1CLq2ilvUY/tQi","3azoJVPrFHa5+/qAstz4va","3bUaaEYdlAgZMq/6KPVUba","3bVNUYOYJK+5+JScAWJnin","3bjUH/MUtDDYbg9Mh9v4wM","3brzbUJi5LQoR3lNGYZOtn","3b7d3gtbNJ75gOCPXWdbOd","3b9liG4f9Bnb7hyYfqdA8k","3cLnezueFC4ZFBfLlzkLQb","3ccqIJTFBEFadHqO9oBzyB","3ciBn41t1EvYwWz4+jdPrk","3cj0Bsv81MU6wiDPKqsqdc","3dEj5hgJBOi7G1MqUNfAUw","3dgmKzCVhPzKlyY8OTVgGU","3dlgKKxhlFXIwQPe+UVYAh","3drUszfMZJnqlgCVmmT5rS","3d4S6N79JKm4BknRfo97zS","3d7tNLKmBIxpfk8rc22kKq","3eQyDyzN1KRonJIHE07k6s","3eggr+y1xGArwd9qeXIRIS","3fDV3C8ZFHHYHv2U0gG++C","3fEyDyndlE8qA35r4r/ZOC","3fUI+CjA1M64dPwZKq6I31","3fa+lUDy5LHaaTVpcgo2M9","3flmWusx9M2ISLwwPK7vmQ","3fuFWwIXRMEasvs7b32V2S","3fuoHEoHxMc5SP2u/h/bx4","40X5Fgmz9Ku4Rks37WzPvX","40c0Gc78FEzp66FPGXpFbK","40oZkzZEpOHquYto6kEBon","41WmCv/uJNj4jNJzJwCwdr","41XDLhrYpFFLgX1mTvYbuT","42P9fQy5VNoa28K07qgAhX","42U201e3dDmKBQUT5p7xLW","42higKnVlC/7unQGKareTB","420UAMze1MiYG+G9FmiWTp","43LyjZ09dAEr4WQ8bc1dwg","44h10NoDNKKpiP2dgWUN1o","44mjAZ5yZDjpLtIZZ+mcSm","445x/UrdVL3r98v9xlPGYF","45OAbqyodB6pbsi6lk0C6C","45QAUxczRAB5bBHkQNGzQj","45TEc7GXRB6aLIGK1RWISj","45a/CR1/pHM7TpesDIkhbM","45cLrbZQpKtLYfV78WWF+T","45fiOVT51GS5Alvay0/6xl","459Fm1wKNP1KUy0b4ehXQs","46A2q0JpZLk7SoHv6pTJPb","46XK1oIpFH7Z0QATz69zFD","46YEzve9tMMpUl67Lf0gnV","46YGyHTzZEvqbQX61jtMON","46eE4EWoZKu4F7FhzewPRJ","46gSa14kpOaoUDMFMHcy60","46gw8qbMBMiZ+ik2QVdLa3","46u4u/JSVDarLtHAxovowE","46xO9wNyJEsJjLJiV1qtAg","47OryAsZ9JFaDli+ZjZAXi","47a9Iz4fhAQ4bk/tA/glI6","47i7/BvTpEha2X7sF+HS8e","47yV5Br9tDMaMyWLzIxou+","475tIN1ZJOTaMzGY2OuU1t","48Gjos9chKA6SuBxjIXqdu","48O4tztUdFQoZcjF6p4uzm","48XapsZwtPAqtN75lyDBHZ","48v+Sd4ldCYLH0z0Pvaqk8","484elHiMlI7LKxkvHQO/fD","48+btFxgdHCIrfBTfmHJ4S","49VD06AehD6KPEtgxo5nYi","494xX7CkVMfbptQAqZmsGY","4aDJ8oQZFNj70jujlUpi97","4aq9KII3lPxrsc+scjzEkP","4bsQjF5uVNFpc5MxpN8oOx","4bxqe8yf9EZ4/lKqtLp5RC","4cotHZS8BD8pq0r+lkHM5d","4czL72GLtM9rrs3RPUY1JG","4dOg5osuNKkJb7Ucxna1Bq","4dZfuL5JpFHId/tfeRsVhj","4d56bvpCdPZJodERLpE5ZJ","4eLZ0DnzJM6JWIitUh+/gV","4euTTJHX9PNJdDurBQuMln","4fBXN2DM1IAqSklfQPEOU6","4fJs2NvnpIEYIcJ2lnirLf","4fMfhuPzBKEYT5t3Fd+hNP","4fNuAdyLFPJZaN1L4gWyXP","50D17VFaBNLIaJlOz1KT4o","50Zqz8i1BD0oXHA3JE9y8b","50oUBeXzhEyI30nx6nrKBg","500I5H189PU5tjpYNNFLm2","51DNxh4O1MXZbtCawKOPQR","51c86B5s1IWI+J4zT9yTBp","51k4HavgNFJKqtI2aJrkAY","51m1N1cMtN0Z4IOFkQqChK","51pLw0WN5MUJwHKBjr4xxj","51qV74ixJDt6294KiakCFx","52jsKwGX5BuKhMFwULejR5","52j4fFkUtKD5TiJU0APuEZ","52mRdfKG9CfrdoWLqX6xJu","529ZEm3ndIOrJa2qLS1k+u","53Dvp3d0FJTYhSDWjqoTe1","53S+mhdyROYKt17cTkpfoc","53vZPNMCRJHbXcfejr+gum","53x2II5hVEvpm+76zZM4LL","53/zJRkc5N+LIjw7ZpAl4V","54cMPIJq1NJra8yCs5Xzw/","549dyB/npMWZ3Zt5epy2cM","55bgepalNGo7LKXH3n5cYc","55mwsSN8JM1qPa8c18F+ZV","56gmiQQiBET5gS/fj+T8s3","57KvCTr9xKv5iQfmHGf73A","57uMH28hREH5iYwW2JmRQN","579cbPardEGIXPMeFEJSeS","58OPo7ZHhHtaQ0VKHt5j5X","58Thkhio9J2oODFRsZ8p7u","58ZaPqSmZNh421O/1+nBb7","58kRzTGchMmZOxKBScRmTY","58qWSnt0tBt5NMIQ1z0qzX","59VE1UpDBNxb4jEpSzXrkt","5942sH6vlExZs9qKdNmXF8","5aEMkjcVhM0IigwM2b32/+","5aKVQma8lHopchC072crrX","5aiUHvroFLEKosmd9PqSeK","5aidrOBJBMDoG2bKpO4I7/","5apilIEdBLtqN/oR8yvjmx","5a3mDwx/BJFYBziOwZtmk/","5bVj0SI7RGy74YgQM/jvmt","5byAgo44tGOIVjPPJ21unj","5cOm8NrkxNRZ+76j2WDAzb","5cO7kybDxGj4ipyMYdRYZB","5c659AVmBHfIV9I4zEvYoi","5eHGhcZDdFAK+3j38bryPY","5eIhB9sShDhK6cSITqFDoz","5eiWekrkJCUZ0rLOoFFRYS","5emzpfQUlGPLVpAMyExxFA","5esSGw3ZdDqJJp6HnSvgzE","5e+vc4aZRDEoI1FvzFUDd+","5fAj545bxNAYv8VgahZjF/","5fGfUBFQlIxb6Ag4HvFCVo","5fRPmteqRB7pkTrvm7jxNT","5fUy7Fg8BDfJLxmo6HrHNI","5foYkwxXFJWowLuPUhlv7c","5f5dyqtRNNxaFmVzYns6FZ","60V3MiJ+tJ2ZD5C15Na26E","60gHhavGtOHJ3hdfwubAAr","60sVmptPVDwLHmsNCOooF7","61AObwUSFHzLT8EQ9hXzmB","61Im2v2LBJrohDTIh1I7F0","61xw3y+ZJL5aXHVCIf2S28","61ysKqqhZIgJBD2DaPqK5P","61+B57EMZJ+bATAFBcrSpt","63A7FKWMBKOJHhMlK9qa4G","63QKIFLD5BqpACrhww9NkR","64EG8hu2VOwIW7a7FoWtbe","64HAj+aAJM44o5H//4xlG7","64VErJAlpHRZeCF1rj5eFV","642iYqGRhHeZ+dGg3xdQ/n","65BN1S3+1HWbrsc6oNxqVZ","65FW1zeR5PvbcISF7rg3NA","65j7OKV5pKiIj+MKohG+sd","653I6ZKB5FWpnRC1oegoWV","671FSxGhJEaJ+AtI9T0Z9p","678SUv2aBFjoGJQqBf5Wb1","67/ZcqbldNA7iT28GIz/rE","68JRxaZt5MD5T2WOVhl874","68Ju+Lh0dFoJgN9Z4R0pq3","68QsN5L7lFyrjIZC7hpJYh","687M9ymshJ/rTCi1KvlD2D","69ACBjBFJLZIjPH7Nc+Thm","69ZnSFXxlBVYkPxpFvmKJW","6aF3bEQSBMo6GoXGt7fxHh","6aNz/j7D1MTo9DQl7CVFBP","6aZb0TDTNBZp/mwsC3Z5SX","6ah6wgTY9GTppdWtSvOo6j","6a11dZ2G5AVppr7wQwAVly","6bFTIeIHpGB7ntl0PJAKqH","6bI7RAMdFH/4+39LaAlfOn","6bLHoU++pFb7gu+JxVS1Qh","6bX1HxloRGbJ1Mdk+Tl+HA","6bmYzkmZlA2oh3NvGnvEHm","6b/4zclxNHaLV/8QLBG1i7","6cYdQBsohKoY4EdqfcKmwA","6cviM4HgZOx65+lUvgzedV","6c/mZ1ARNDhadeGDiDOm8m","6dNasBdoxJQImhJ6Qhrpht","6dWz+EmZpFBJ/5PYfMapob","6djjBJNblCiIuTOzzYvrFG","6d0/+o3HdIZb6kl+cbIlPb","6d6m8b0E9KqKCZTYDbCggV","6d+YE6WwpHIIUK/G2B3HZC","6eNArCNolI654JG3B7wb0J","6ePXfee8BAP7TxBYIw6+1c","6egXE9rxNPt55Izbm4H1bg","6eqRy1M8pGCL13dyzozssn","6es9gAMJpCoYsf0Gnuat4U","6fDqZuEzNOqp0r1dfDrXBD","6fG55sj01M5rVnYgtku/xz","6fUrmCmfdOcan1y5pIpdhZ","6fYYsCMdxHOo32O9QPNxaO","6fca+j2e5GU5AZeOoSLn+d","6ftWhhx41FK6wje/fb5dYG","6fti3yQMVH/qZ3CxwSBCL1","6fx77n8xRPnqcLDwZgRocN","70QpUqbVtMSp53CxksDqSY","70VcMJhLJCUoDLCPr3AzvU","70WXSZdmtD2rRz8Nufmzmq","70gTss8vpIGI2m1QksBklu","71ISn7hCVEcYRT3VclO92v","71KO62XIFNp79wq6ANApc9","71LAne9GBPS7r02ACk7Wch","71NGXZ6ERCMq61+OiXNB7X","71POurmjtCt522CNl6srgx","71Smbp0jtFw7trL0AeyjF1","71fTJK6E5PRpi0KPJlRwD9","71tkw7k1pKipL19BIjrFFn","71y+d+jeBOl6ZP5PQ4c1CP","72TTF+ZZBO9ZiqVxR3lROo","72UnvBVJdBr5n0JVwtBq9+","72rSHlJiRGAL0IEd0lV694","73A35ylodIybOzvwdkorlX","73B7ImvE5Pt7nsIKCKmrXC","73C1dM/ZNOOq3BztP8w8//","73SFSrv9RJ6rpotsVIhECo","73Tuszm/tKlYy7Q+lgUcVn","74CJ+d/kNCOojQNAWBYnKU","74Dx7NbjJBmJxs9LYefN0j","74OUtMrlFF/oegI9Wk9tsz","74SldsZf5E/ppdVThgRkGP","75NkAWnI9Krquh7+Nw9IGz","75QKgFQNlCl459VvVumjr6","75QoEHmiRFIaYDwLOTzLBB","75xcYUdR1JbLqSpDo5WQFk","76TZoOQT5CvY5StrkwzEbX","76WM9im+NLl4kAhu6MFrq7","763dBPkvBBgqPR7JVfdzHb","77J3/SFmNAIp0v5cY14F23","77g72UApFJK7y6Rsxmkpao","78LCzL831Jv5LvOZgmz2u5","78LKsdxC1GM6SOjSGmzwkI","78TtI4kQNAi5PsZMXjh/Hs","78ypAKGotM1KPM9v99n4vb","79GUk0+tpDWq07yZncogeu","79eblEQ2lFap7Pd/OqFTS9","79nYee0GtINZYpTPyjhz9u","79xw6d5KpDZoDuzRJ/c3aN","795vLmUwdPKr39CTLgIbtE","7aek6qgeFJrrpRGRB7RbE0","7a8aGAj5tERbFVNQV6+DMy","7a/QZLET9IDreTiBfRn2PD","7bDu6okUdOCq37kwk2Hh0W","7bQbGeLetBL5Nl9MwVwilP","7bRL+bJZtD0LIksP9xDmMd","7bTGyP9zNNzKNeRdrTAmcU","7b32N+9CBLgZE04+ALNjht","7b4HJvSNBGNIbgGfyib4fN","7cCXHyf01BKaEM2MnnrOtn","7cL4EIgqBMIatmy3qf9iJu","7cntvwza9IOaw9rA20sL+5","7eGCPhYz5Eu4tMpwHBzbka","7eeSoCx/tOdraQtHTe4KPC","7fK/vAmKhJi5rY+7qG6Dlu","7fVsn/7OdLUaF7zSA/AgmA","7fV+3kkBdHrYyJQdToVQXZ","7foIsFVYBF6JoeBGAVh3Rn","7fpI5IJtBM74zGd6A1wAZb","7f6nw8ZRtOh6CUh8s49jyN","7f6pvSOVZK37fbz/Uptsa5","80A97TCplP262NcdvHjG6A","80WOUljFZKxoe1ionlynD6","80lE9EXF1NLZesg5V0g+V/","81TCR8SXdNNIrDq07IVzh0","81axLHnKdEuq4ilnSPKcvS","81ceU6OztJ6ZKKASu7MsSW","81eNIHsFRNSrgQoRuAiRJn","81hPTNeiVB5L5Gzc5pQv+/","8113i5RIBCZqphkTLLjhiK","82BTfSfspILpPDmNDaya1H","82fl8Q2Q1D2qtZEUASozSt","82snO3xyJHGKQxNrDH1R6c","82v6FpfahE8o78K5di9Kfc","83HMdZKeJLbpsp7gO+Cjpk","83gOq2TZhBFqFPXk35nK8m","832W/mkQVFaLiKwzlSmyox","84AgCVFXhCNpkcPdMWDy8Z","84Dpqqp5lIlp0PwXWrJwVz","85UMHtU7tNqbKLLWNXpCPK","85hS+2ctBJlbFyMgJGvaTZ","86M9Dc7FZFFZbG4/gHi8LJ","86YFtUyCxF9JDiEsiUyTPk","86mqJBKutAZrjs3HxrDglC","87D4fyrFFDhbDSfRT+egfl","87n+Jv0TFNpYDbOj51BKy7","88BS/CP6ZM1KpvLDZrCle5","88Pcn8JbJHPaugr0m4rasH","88knkgbhdFpYE1nMbp6lQM","88r0McYIBHRIKSKq119URz","8822M6Z31EW7O11R8yia7g","886uddcGRJqaZdFIusDUmp","89xYHlJuVAoICmGZ11YjB9","890n9fR7hG8oy0sZuCjMi/","8amwi82sJI55ivVqIO0rKG","8am8sVbiJIlo/QXcH+Svrf","8bMUaSr5tNnYysB4NCVy8l","8bVSno0oZJhogSxZPsuXWG","8bZUvCUjRLv6xPmJ0aPdJt","8b0Llu1GVMSK5sdqwYCl8/","8cQ8R42WNOz63H21j5o7n9","8cbB77Y3hDvrgrI9Da0mnK","8cm/FZIutAy5KnEqnhsNAU","8ctXt8XGtB660F4RMrEXts","8ddvFCf6dH5rce51lQh0+K","8ebS317mdNF76M37guVhua","8eeDvGSS9I9rjvTZBA2qCQ","8e7SuHpH9HQKhhfL7LogQ4","8fhbEZ8QtDzqhpXh680Cyb","8fw1dtqEFJYKe2F/F2byjK","90UDYv3AdJP7u6NsV1tCCs","90VeXYk31JJbVHiD2QwezN","90hx1NwbNKZ6AUMyAOxYqJ","90o2tYmGRDYpOCrctmtOJr","90qsOrd1tEt4rDLYBpm7y5","90ubgY1MVM4IUQlsae/nzL","901XhOo8BNz45zUQi9bzlm","91g0KQgXhHrphHQPfyTQVD","91yI1vOplI7J6ytIuIpyhL","910OfddatLh7FwTv3ei7WG","9197AE2H9AAbQB8bkBq2Yk","92G0Wz1LNA8bzXoblkPCTr","92ZgVCRVJNB6nyLGqHkFT2","927mvyJQ1GZpbKYeVNd1pp","93QkfXaqtM8LvLmuZwF14/","93lvpaf3xLF5FZd0iqnbG1","93lxrPqWZNdYJK50KkvrfV","93ydpxkVFNI77g3+BbpTh0","93znpSqR1Nw6PGqLtq8gzC","933KIM5opMhILHExsxkJOk","94NC3MU1FMPr5Tz1eyzbAh","94Sfuc1ONEApKmKJJyN/u9","94kK6WwcZCZKeP6B2vJRZw","95VHtFafxBZLvlL9ZjhrTx","95z6MhFBxFRpXcimHouJi9","950AX/JJJJporjRJ4WUT8S","96fhQxbslFoJDpq07T2TNL","96fsQb8NpHj725XoRSJ+R9","967DYOR/xJI4Pp4rVCD7hh","97AnrvTMFJTIkVzNQgA71x","97OXr2t7dMcZ4M39Mru+Jq","97OtAcJSxIbqYDuPTlC1cz","97ThH3B2FGqa3psmhDPF7H","97hmPJUOxDTKViuPXR0XeJ","98eN7/cR1GVJW6b0xUUfnx","99C3DqRyRJ+ql83LDg8/V8","99VG3+17BJ9Z/4hTZ0NmLM","99wLt+JAJIu7dVV5NE8/O9","99wgEk+U5OI4H3c7pnmNtx","99zD6xyjxN9oQHR8dj5VJf","9aMN/FlmJHUJCt2HDnebZW","9agjm2FxZKr6tYcnChAvmS","9a0NSeGmZLSY3FIlWTNSyY","9bnteM/rhGw40bV+tErpTE","9bs9qjRdlDs5lS3DxWP447","9b8mnX8uJFioFqRi4xPQNZ","9cC5wUPctGv64feO4i2uDg","9cQO+0D7dLlbNrbCUW98Qp","9cv0huobdJkb0ZEwBxf5iy","9dAuxKhi1LjrN0HuwFn6U1","9dM6a9J+xLMLHGgVrx5aEB","9dlP7Z2tZEqorH8W0nK5Nq","9duf9XOU9Eoq2YGmxeuQao","9d0r72TTNLoZVxNrWT3g44","9ePimg0SNPGrtoh8etp6BW","9eY8SDY85KvLTuznMWbYME","9es59F7PJImbwpz+0gsV2n","9fj7evLxFODLvQG7+bB8+1","9f5WR1/NZDUYjRB4rymLiQ","a0D4NQCJlLHK1xKJs98IgN","a0iWxiZINEwL9qBLPlphWY","a0xXQkVglGOonOc/NVUorw","a1AuERSq1BL6pSJY87nSik","a1HSPPoAZBIKtIhVQI3bv0","a1LuGSdUxLH7wCUGHbNPsB","a1UgjkR5RMp48zUckxzwW8","a1ZdI6x6tPy7cHCG6OEM6f","a1cVVLzsxBYaFpgODzm1i5","a1q8lnYzFKzqO+0AfrfG4g","a2MjXRFdtLlYQ5ouAFv/+R","a2PwSdLEBIsYTL2BjqpfAF","a2ejR0b7xFvpiwiB53OPl2","a2qEsc1SdK1Jwn4H3s1Kvs","a294KcW/ZPIYmP9siXTj/i","a2+qmuIx1GIbkZovRJ8fOr","a3CphsfclFboFhP/sAP9TG","a3EThHlfdFWr+5xmApe7vF","a3NFhCRTBBiqxKhoTRR1Tt","a3ii62vnJJfKxd41iX8b75","a3nFB037dNlLDWIEybyvaH","a3r25VHIBHuYFTJVuzSjje","a4Qdk++eFLJa1NHZ2M89Sm","a4zCAmDAFNF6WuQt0met5N","a5clt+7OxI4IkCC9c5SG8e","a54jvPvkJJgZDl+qAfqyuI","a6SFjyD6ZNkKAyCA3Sxwnz","a64nuvKR5MR7eEtADDWP9A","a7NtCID5JL8qVpJNMZZXnU","a7Pk7KWrVEm7S7geNMuyZy","a7bTeugc1EY6mn41E/w4n9","a7iTpU2HBGUI4gM7GNjweS","a7oiY+VmhBc57ZTiheU7No","a8O+yDmdND74Zm+p4WZNwj","a81R9LuYhAT7b68gPwGI1r","a81xCm+gNInomlR0hYNvXi","a82MuUmfVMWo3sWPx1Krv/","a9Lom0W7VM9ICn7yoFSTSG","a9jACRZjRHc5JoXyOjOer/","aaCMC8feJEPIhWPnmU+ZZZ","aaXADxKepAsbfLgspXv5xx","aadr782IBMg5rEWoeiX1qO","aawIS7gplKpqUcXADGotb0","aawaHd+MlPioA5SiUn5TQu","aa5BHImbVIxoJVNRz3JTtg","abDaxVyflPN6+Y1xpBPRjb","abJKL4JgxOZZ7LNyhyY3XK","acwIDlfrhHxrGWFlGqaros","ac4w7wAQlF/7cvBcYYqy03","adN4EkCDRIYpt4PgkphS2a","adQ1zsBVdGS406YA6NErDb","adYFCmeY9AC6RMqvUSQvDE","adYRcUY+BBtLfLrrT8+8u8","adfyrTXmdAY7zAwmCJUKQW","aeMSLyLixAHJo6mMPe3rIg","aeRwmUrXZFsZ2nK0OeYU6a","aeUaNWFrhKgqYb/B1JVs3B","aekF4kA4dICYl0vaZZWlRc","afA5iTCrRPQKjSBNn+rSex","afVCWQI2hMaqhA+m5tv2mc","af9/ec8kVCGoqovemau8e3","b0CNK5wplMrpXBdFKcJME4","b0SDJuhWVN1YPjWX3y1XxP","b0lmsxG3xL+Z8vBKvbKp7q","b1FWPjsqJFQb1mF8DuI/mG","b1jH9Lb7JCZKtlLmKs5VQI","b2V10YPZhBMo5B2tANiTYB","b2g/OJwhtG8aOKW+6dGuMn","b2syHkOK9L9qWmRpwg2azF","b3oOwbr0JJn4eLFkQbL2JY","b3vAhS9iFF7pxE9/F3QxLB","b3wVbvS+lNOq1pXUiGHk7e","b4E7xoFGFCOK5ZjJdgvwdB","b4Sf1oD05DA4Jl7mbeBE8D","b4b2kWK2pFpJ0srWP5zQJs","b4dV977cJB06QkWbvzUrrK","b4lEYzubtP9Km2uu8/kYRK","b4nS4WhspCeJiWXC6qDI3I","b5L9cKHTtA2qO5hO/tP3me","b5QAjzHYZLOYcJ4m70VZbZ","b5hA7QWT1FTb9GwBEcswXv","b5v522wlZJ/r2omRry/huz","b59CDSXOdLAr9suGQWnaq6","b6el0KpHFHv6N8pg6coogt","b6lgoGLSZJCK35XdHotZc6","b7FyBajUdJvp1UK7lWQ+c5","b7lF/5OnRHRYKeLGodCexU","b7419MhdxNYY1CV9ibRprY","b7+aWQ+69GWas1d/YoWAkL","b8TpWfrIVCWLLiUosrsIiC","b9An99/zdHgZaMgSEBrbhP","b9QeKuOLJJRIylRJD4etaL","b9YoWCj59AFIa0u2nW4nRu","b9m/SbPhJKzqRlrhftYqS0","baBP19csNL8YrC5k9fV9RH","baI2U2IP5KopTWCoXCprIf","babXwOJjNLhpsvHixGPzO1","ba/Un8uCpExZ05Lky/AWH+","bbmxWdLk1Hko3sbU6O9wmx","bbmx3p9chCh7G2+YgMe9o3","bcRpE8oV1LK7E1LTXTYTb4","bcaeorrKpKMrd9kjuqzGjF","bcwmsxvOJCC42B6H0NN4O4","bc2O4Zs2pCbblzuxm/B7wY","bc6kbqnehOSLLx5PLhgBw7","bdAqN0IQVP3ZGOTVDJSDmi","bdPlVboA5FVpLW2+HzvzJh","bdQY8KHQhFJrPSZdb1bJ6p","beEI5MO/hD5J1jxbJ6H5eC","beub8BbS9C769FuB0gbJP9","bfhrJ9IsJJBre39ihYk8jZ","bfjxn4l/9NAKl8Qd6Uc6uH","bfn1tprENEB4Rw98fCItla","bfx7R+c55IVJJQfoxrxwjw","c0FltmauBDDZeChhrhVCsP","c0HERWzY5KF5+pM+gBUwFO","c1B7PLIPBAUbM8YxL08GBI","c1cratdiZL0b7YO120lpPF","c2qbxoV+1OeoCw5kv7fZeY","c2uzh7cjZMGKP9sH/lqcJW","c25K8oRhdLA70g8nd84qjh","c3VoEgTltO3J2HF0OQL23X","c3cjmq8apFuIkUVBk0jujh","c3qOBapctB+5hkejIn7PCz","c4CFip+GZOFq64B+Cltl7N","c4NafCj4hHz4mGaHWplhAe","c4UH4QK9hGspu+OUVXE7Uw","c4aJqg89pFR71mXJp89JlI","c4assz4LNB978vfsst4Nyj","c4eV+b9R1GHIzutJTsRwFo","c4kNOUFmBONJpSRFESaCo9","c4kbqpHaxAwYMHv9JLtRjM","c4qmWKn6ZL9L6vA0qrJpgy","c5MOBgt65Evr0+OhwgRqYs","c5WkUV6RlDi6n7mTYeG/Bh","c5bdZf9zlJY4aQBW5zCum8","c5h0iaQF1NkbGqv6Xpwe3J","c5yxd6sTBPhIL4OwZ6SrEd","c5zjnjPi9HgZNr4i9ZDTO2","c59i9XBBtHQ7srW5Bij1z6","c6DAjEuXpMgrICDXff0s0F","c6n12MyAFFO6aR0ATCZ8er","c6rWnxCbxDEq6f03E/qdz4","c6xy0rK05Bc7+Bf8++Nnf1","c7PERnJnhC94MXvORuPE3C","c8UmDKyJBMN6LaUzmanjiJ","c83TahqGdC64nYek3R8cg7","c9VupEoCxGbIrIXOJwwOth","c9/vJVB2dPz4ikUjCEfXk8","caBEhB31ZCdqWHuqJv3jf/","caDIwh/+9OUpTKFevVW78Q","caDl7c4ndGk58ObIOJXtnU","cagdTiXnlGOo5pDFfTMJxZ","cawdk5r7RHQbhuymDwP1EA","ca3yC0msNPNbnmbRnYYJ/2","cbXBzMIx5CHLKk4XpJlqsD","cbYkxwhg9DH5vB6GTELKLZ","cbkbK/kb1DEY7TK5J/eZyW","ccSkMB8qVGT7xUWnKm+4V+","ccmgqXj/NJgpMxsYgBazpw","ccxvc4oc5K8YJHGYV1NaBB","cc89P2VCZDD70/olpNkVZj","cdLIIy7ndAZZUIWHJD3NEb","cdPb4qdz9EaZjCznH7zpFS","cdb8rkf+RM769jjACpRror","cdcnCHZPVObJMXMBL59a2z","cdfsnEZr5LBp+jQWs3Qc1h","cdjFaxSAtKaqGhNFqi+JnP","cd092PksRCn4w5DoTF/Ked","ceSKBRnSdDCJQEwon/fcod","ceoCpM7idEG4P28u9oEF4S","ce6Ro7SqlPkrOaS95o0GoV","cfH/B5ErpNorWvT6aQgONd","cfMrZ324dOZK9jt4vsy3uk","cf8mJTl4tHKJNi5XzMH/nq","d0Wph/AJ1IQobbDHYnc7yt","d0WxcQYZ1JgLlYGeJUupbZ","d0hVNvYCBHZ6Y4AGj7ptJ6","d0h2cCmU1GrZxfXygzj88p","d0svnHkJpMDr45qzgHxXUh","d02hS3fJpIsJVBgsux2ShE","d1b+2Os0NBa6aiSsPguijQ","d10swRjNNGOJhtzsd1RahM","d2I8oPwcFL07W7VV9n992M","d2JWS1IPBOGK+bC7woPHjs","d2PQIXykFGYqu83yfOXi/V","d2TEzEIZNHt4K9VNq99dOR","d2sj8aPApMPrsl4BprmNhx","d3I3Nm9BpLbKGV6SeTc6kl","d35x/ICJdMOZWwDCZVqHo/","d4N7QdJOtLqbAY1A4gANo3","d4c1u3rj5NUL1SxNZUT6TH","d4oGBGCKBECaFeDelopziJ","d4oVaaf+NEyr8uIG7bZbUy","d4tTDS/TRMt7uXR9eJ67mE","d4xyUoB9RIdLzVWZnz1por","d47bfyTcRDCK3c8taIGy+1","d49vYhO69NVpmMqoRa3A0K","d5M0zN6DNJmZ72KrC+WUZ2","d53UB+QwRALo3s/PqYBKN/","d6CT3dVFtJXJbdgi72TToV","d6gOCAPgpGBozxjW+DJ7eH","d6g/tXX5VJQq0NlWTV2prE","d6jimv99FJXbsS9BEvg4Cl","d6w2sjD3tHi6P7bPTZbkPx","d7BX7YYU9AS61nhoEegvJG","d7FZacSvJG4pqLzanvejsI","d7HAeHIVVOB6EcrEo04st5","d7HcXh8/NIzpDV8zcrEtOJ","d7WiW+pDRIVIPNA8UprYo9","d7twrRZhxBtJTIXd4zWADe","d7vQmSUAJNtKpG/JIwdkmU","d7yEuopcRLMoaJFkjJDeni","d8Cyt7eeRKCY11zOBmxWKA","d8jAI8CaFNAKB10LHgbsSP","d8n4nLei1LSaZ9y7WV0T7w","d8u6EZidxNPquHrW59R/sp","d84ZPZFRpCVp/S2pQpNClo","d9HcDCRC5HW7z3wAInuPTS","d9PZRFoGFGlp4YBd5q2sPK","daTSEk729D44xYmjdTGUjD","daUYKMgtZCWoOXuA9tdQ4G","dacyDXV6RDlKpZvcA0YQfq","dbD/Ic58xHfolg4bN2RX7r","dbhjlUHFBDx7C7G+hMgDgQ","dcqWlpt9JFXZkRmVvCvhbg","ddT0ozd65Jq79iqh61Qxio","ddrkJ5MKVMbL5A+Bk8BBQ8","ddyCPN32tBGqse5tHzu5Gd","ddyoiwHPpAyY9nSu3h+4mJ","deex6mbaFGyqwZx54Vtdk5","deggG2BtBLq4wriuhh6pdK","dezC6Aty1I/6o0vx7oNnlA","dfGYmzHkNPhohaEQv2j4WO","dfTRw7ZTxGPqd6TuC/Cwf4","e0A3GhixlJBLT/pcLw/RfR","e0TcMTnAdAd4cFqEEIxmdy","e0WA+Tx8BBVqSHWSG1PPuv","e0lVaQf1NMVpDuenZqyzD2","e0ly8nhX1IZ4uUogfJQ5vd","e0u0NPV25I9bwZVUYQkOvf","e06BUUJZRJU7q1tfi4hAx9","e0+8lc2xBGo4/1/tlQ3Ssb","e1DgYTIEBLAbXwGzC+NEQt","e1LhvEaSZHLYHoCUMfub75","e1y+bmzgtJqId9E3d09vGq","e2Iuvv0UZEnZz+TKSlZxIV","e22sOoWg5PVLkK/BsUuR6L","e3Djze2wVNwIWOaHpyl9O8","e3Ut/N1GJFF5z1d/h48T3v","e3djMtgnxOUrpi4cN4K2if","e3tDaklt9KzI3ynCEOXcFb","e3viMhLexAtYVog51KHk6J","e35q+i9uRFG78oZxnLkyxT","e4FscLz6FKtac+9KGZZvyT","e4OtVLLHpMM4UgmdbvYjfw","e4Vptmm21JDI1VzRIeAcUe","e41WtyLSdCi55EgmANq74R","e43SnHentNuIxMQbK8F59o","e5QanB1OZPaK8zVIougfre","e5kQw7UVRDUaEJVUrUz7RN","e559Y5gEpMnrKHQPV2XaQ+","e6In1EFlVPD7O3bDvCr++S","e6arFaHW1EC4Af21XuKmI8","e6vHptIlZDA4KeHz9nJx6K","e7K38GHoNEfr4mqWbO0hMh","e7Q89tOBtHpLyOkgdGZblV","e7R0E1MCVHYa0g3lsFifZZ","e7jCX9pehJdqcAeLHJhtqA","e8N6RLHB1OO66TL6T+k+uW","e8YjmOI6hAz6eUXJoYpgLs","e8aQHwUlRJbojhxPjvip7h","e8iOU8nrpALZtwkRfiuEuf","e8v8SuvAJDb5XkmTwP1OVo","e8/bzPnj1E1YQ46PYrRcUP","e9NgCWSPVJgZa/caqL/Fz1","e9cMh7iztDLau0EsPjOMG5","e93HLr6sJPrLDpL5jZI+eP","e97GVMl6JHh5Ml5qEDdSGa","e98PUNwHpAKI4dSSdUjMqb","eaWuVaJvRCe6vOncUxT0y2","earFSKRwhJ/I/1mdOBoq+I","earuVL66FDjYm+MhA0BkQG","ea0fDhCl5J94hEAB7EsGkt","ea4o0+2sFER508f422H+fH","ebFm48Q2hF7bYMYRH8RS9r","ebXz5xBNNFuI8E5RCUZZSI","ebdSSpLFBJY6WwnEqHiTds","eblDBL/eBJQbIdqaqBjylT","ebpxhfSrRNe4ngaarhCvzh","eb5bi0J7pCn4nxP9YCxkKD","eb5qi0aOtJtJY4GKRndIXd","ecCTW49kJJYZX+93y4H/Sv","ecPXVuNWxHH6Neg/fb/BZ6","ecT25qV+NLDpF3UVHoUzb0","ecXoj2uftIJ4xJU72tF6bj","ecfi4nzPdJS4SDkgp8s8qB","ecfykq6uZJSYLJfts4t5tU","ecpdLyjvZBwrvm+cedCcQy","ecxscg65lN/7XAeAEtc2Ga","ec7I9y0/hD55846z4w/l50","edI7Epk4ZC6ZrIChnatAX9","edK18B8SZLn7nSATSA9Jv2","edS/0+OEpMJ4P0xmcKeEvP","edWXPJpKJHOKmK6Y2ODbXV","edXLdltrNF4qiwG3U+5OHg","edyaUPqxNLTrejsPf/lK+u","eePDJq2mFJ/K2rF7rKSIrh","eeYQE9rspAfIeozvyo93IM","eepYSUoRpJ3JhR9ODl9xyS","ee3ssLgLNAIJS/a39WL0Eh","ee7cLOR2BEearsDRisSA08","f0BIwQ8D5Ml7nTNQbh1YlS","f0sXxsBo1OPo8wG+QQdoSo","f1MCh4oDtKf7gmtvTxTLoL","f1ktKaeZZJjZg+QA0Xs6Fc","f2DHBJ3WNCJq7h0O9WV1LI","f2MnvVqz1Id6rCnfE1nkol","f2ovnW6CVMSLyfgMWpqKOB","f3GKMnu7VODrAhuFqq6MLi","f4hfDIO3xElp9T2M48LSn+","f4psvfiV9PEbGVbUNt6piP","f4uQe08rxIQa0vQJmQS+x8","f5PeDt4gZMrqJNQGcfIZ1O","f5k/yKyCtG6a2FB+k+7K9m","f5tNhOJltLjLtQNTlILkUL","f506Nmqb5A9IezQX70F0CM","f5/GdGesBDAoZP3pqZtkSC","f6MwhsD+lFiLvQL334zn+D","f660G+Az9Gwq4CpeI7LL+O","f667gq2jhPK401fClUgGRQ","f7QQSpKudEY5+0kmd1OchV","f7URHT8PhF6ZoR3/WwoKwn","f7fNb0zv1NO6/gVDizWwZc","f7uP5L/LxNT7VOnNTuMo4L","f8GhX1wV9JxpVZzwI/n5L+","f8aD25LDpIBbmhYoTPHzOt","f8m9CvWbBH3YEHzVnh1p+Y","f8sjiTaURIxqc8drUTqAjF","f8y1RDrPRMca7ynzR7jvLX","f9S81unb1PdKYY9IZazTcG","f9ena64JZCOIYFr65J2GRT","f9ryVEKMlE7bSk6C8ADViS","f9+XbGyWFHCpuQclyKVNXL","faKh+adMpG/5NpE1fG58Hz","faLuWQ8XBBRalM+Ctzonio","faQyCNG29INaOPIemsU0Mh","faTLRk4ZBKK6SZSvFwP9un","faiD92121BMoQ4Kwn16jA/","fbNuAKo55CO4dm4TPAqWAQ","fbsjNdZ79E+IwVSFPjPOWl","fcGRTj+dVPD6smSHyOTMAZ","fcQBTguRFNwLsu503c3l//","fcWpxp/ldOVpXBJbRD76Gz","fcYBTew7tBqaUym9W9hwZr","fcb2AYNgBJL4I3GC3bFGGG","fcfzLo5ENBWqzLaB5HmrfV","fc1nxXchJGK7B2osbpaKn6","fc6skxAcJMMp/l5UZ51cNe","fdfZm5FYRJu62IRrTYVLIL","feFfz0stFP9Ik+YT0O+7Cr","feeZaLndZEVZIOFNOT81Dn","feg1rbFmpM57o3I57Ap9ps","fez8z/yNlIdJfwqlGt1G2i","ffSa/FHGtMzZmRUBHh9Iaw"],"scenes":{"db://assets/Bundle/MuaDongVoTan/MuaDongVoTan.fire":230},"redirect":[424,0,481,1,727,1,864,0,1001,0,1132,0,1146,0,1152,1,1166,0],"deps":["resources","internal"],"packs":{"01303994d":[628,1195],"0177c0d26":[285,295,315,398,458,465,469,492,520,599,660,669,711,721,806,932,993,1009,1033,1119,1212],"017d51b3c":[665,845,1148],"0197deb96":[647,205,991,1192],"01e723351":[286,308,329,392,406,439,482,485,515,561,576,657,670,699,707,767,771,773,895,1010,1054,1090,1098,1164,1179,1187],"01f676702":[656,1204],"0261b2bbd":[206,764,1050],"0277c61e7":[202,672,732,821,893,1138],"0287c5d2c":[823,905,1170],"02d95afc5":[305,333,338,383,423,479,510,513,593,629,633,662,696,746,896,901,917,926,1036,1188],"034c659ce":[503,556,562,574,591,605,619,625,742,759,783,891,916,938,1100,1139,1157,1162,1163,1199,1208],"034f99822":[321,349,388,391,161,519,549,553,555,658,700,703,714,889,987,1002,1005,1024,1045,1111,1172],"038296757":[208,774],"0385222d3":[571,653,751,776,879,981,999,1004,1023,1106,1117,1121,1150,1159,1211,1217],"040092152":[608,621,972],"0417ab6a2":[282,310,331,400,403,486,507,614,639,677,678,687,877,911,912,919,980,996,998,1006,1051,1091,1109,1127,1185,1201],"041879606":[324,327,405,420,454,544,655,839,902,969,1044,275],"0443c4140":[393,436,528,534,611,631,632,825,1052,1137,1160],"047dd0740":[284,298,332,346,352,355,358,362,368,384,387,478,536,541,585,638,650,717,737,782,844,898,982,984,1000,1068,1076,1175],"0498a047b":[300,306,314,450,487,497,504,550,569,577,604,762,798,924,974,256,1053,1126],"049e9d9a8":[323,350,357,363,385,408,410,483,505,564,634,740,815,857,872,946,952,990,1125,1145,1183],"04a0ce6d1":[367,729,840,868],"04a3b55ad":[351,493,559,780,797,822,847,900,920,968,1073,1095,1203],"04be6ece0":[688,719,734,817,903,937,1063,1093],"04c541858":[301,342,360,365,366,452,455,468,476,512,525,543,557,646,679,786,803,826,867,949,958,1035,1085,1097,1099,1115,1118,1120,1153,1155],"04e1c14d3":[328,337,419,445,470,565,579,637,692,697,723,724,747,752,812,820,880,884,992,1082,1087,1158,1202],"04f10a4d5":[339,345,378,527,612,617,680,744,229,858,930,943,1030,1086,1101,1104,1122],"054c48e8b":[169,189,227,255],"057866b9c":[635,726,1008],"05cccbd5d":[373,651],"05db147a9":[518,584,618],"060ab5a6b":[311,316,326,340,347,354,376,443,460,484,554,570,681,770,994,1007,263,1103,1129,1178,1197],"064b469b0":[307,319,453,456,480,540,602,698,745,756,787,805,814,828,837,976,1047,1168,1191,1216],"065f2d4c1":[296,299,402,413,418,444,448,462,526,547,567,594,640,733,735,792,842,843,853,871,885,894,927,942,965,978,1055,1072,1169,1176,1186,1207],"06e328be3":[833,1174],"070edfa96":[166,173,220,247],"0739afdf0":[290,320,348,379,433,474,502,517,587,708,753,754,808,831,899,909,1003,1058,1147,1173,1213],"075090731":[674,1032,1060],"07738eb47":[477,1182],"07f276933":[174,712,881],"080dae7a3":[506,641,212,789,922,1069],"08492d21f":[401,425,441,498,622,671,720,799,818,869,929,956,1034],"08773eb10":[344,375,431,434,529,532,568,598,615,685,731,736,859,931,269,1184],"0887f0f5c":[147,1013],"090dddc66":[343,364,389,412,447,499,516,521,620,626,682,702,716,791,804,849,861,876,947,950,951,961,1056,1064,1070,1105,1107],"093bde140":[0,1,5,7,8,158,16,17,438,19,20,24,25,175,180,32,33,187,39,41,191,44,45,47,52,53,199,56,57,60,62,63,65,67,73,830,82,83,230,87,88,92,244,245,99,945,954,249,104,107,110,113,117,118,121,123,124,128,130,134,137,278,139,140,141],"0955d0d70":[291,313,356,359,429,524,560,597,643,675,689,713,718,781,829,883,913,944,962,1081],"0965bd45c":[303,312,353,415,535,537,575,607,630,652,667,695,854,878,918,955,983,985,1074,1133,1144,1189,1200,1206,1218],"0993e62c0":[289,318,377,382,500,509,514,592,596,600,610,642,649,676,684,757,766,802,816,846,890,935,1083,1194,1215],"09c0c6261":[165,185,201,250],"0a0267980":[741,1136],"0a24b2a0b":[548,1025],"0a8f6a4b8":[580,588,623,645,260,1141],"0ab2729ea":[421,432,440,489,491,522,659,668,701,761,856,910,1140,1196],"0ae9b0c6c":[288,302,371,386,404,422,428,442,488,494,508,760,874,882,915,989,1016,1019,1096,1110],"0bf540b9a":[292,294,304,317,322,335,361,380,390,558,581,624,743,775,800,832,860,870,887,941,959,973,1042,1059,1088,1123,1151,1156,1198,1210],"0c30fec97":[430,473,496,552,582,673,709,728,836,852,928,933,948,971,979,988,1038,1039,1040,1057,1102,1134,1149],"0c37799ef":[309,411,616,715,841,850,865,888,904,906,936,975,1011,1017,1020,1078,1092,1128,1177,1193,1209],"0c40bbae0":[426,531,613,763,788,819,923,966,995,1065,1071,1084,1112,1116,1214],"0cbcc04c0":[551,226],"0d1956057":[750,1113],"0d4e21774":[325,334,369,374,395,407,435,437,461,463,586,627,648,654,725,777,795,801,863,897,907,1031,1049,1066,1079,1124,1142],"0d5802016":[2,3,4,6,9,10,11,12,14,18,21,22,23,26,27,28,29,30,31,34,36,38,40,42,43,46,196,48,51,54,55,58,59,61,64,66,68,69,70,71,72,74,75,76,77,78,79,80,81,84,85,86,235,89,90,91,93,94,239,96,97,98,101,102,103,108,109,111,112,114,115,116,119,120,266,122,125,127,129,132,133,135,136,277,138,143],"0da625b8f":[283,330,417,501,538,572,606,609,664,666,683,693,704,706,738,739,765,769,779,939,964,977,1022,1027,1029,1041,1043,1046,1061,1108,1205],"0dbc4a4d4":[539,578,603],"0e0d720bd":[336,381,427,446,457,495,807,967,986,1021,1094,1171],"0e2033d9a":[636,663,225],"0e4b9315d":[164,248],"0ec5c59c7":[397,467,546,583,589,644,661,691,722,730,810,811,824,848,908,940,252,1014,1026,1037,1067],"0ecfb7835":[396,399,409,414,449,464,466,490,530,601,690,755,758,794,851,855,862,886,892,960,970,1114,1143,1167,1181,1190],"0ed3fefff":[471,193],"0ee1da0e8":[163,511,768,873,921,1180],"0fa751a95":[472,533,566,573,686,705,835,997,1062,1075,1154,1165],"0fc1aaa64":[297,341,372,416,451,459,475,523,542,545,563,590,694,748,749,772,785,790,809,813,827,866,875,963,1015,1028,1048,1077,1080,1130],"0fd736f38":[287,370,394,595,710,784,793,796,834,838,914,934,953,957,1012,1089]},"name":"54","importBase":"import","nativeBase":"native","debug":false,"isZip":false,"encrypted":false,"versions":{"import":["01303994d","78e9a","0177c0d26","2ca32","017d51b3c","38189","0197deb96","f1137",144,"ca96f","01e723351","e3bbb",145,"78c65","01f676702","f9855","0261b2bbd","4c71b","0277c61e7","d883c","0287c5d2c","662a5","02d95afc5","bdedd","034c659ce","02e7d","034f99822","1d541","038296757","82bd7","0385222d3","5fa2a",293,"6d977","040092152","ce074","0417ab6a2","f94be","041879606","92d22","0443c4140","0a6f8","047dd0740","8f02e","0498a047b","87d09","049e9d9a8","94f38","04a0ce6d1","23f3b","04a3b55ad","76785","04be6ece0","470ca","04c541858","6480d","04e1c14d3","ff52f","04f10a4d5","957e4",146,"5dd6b","054c48e8b","49718","057866b9c","75239",148,"cc038","05cccbd5d","933e0","05db147a9","e1395","060ab5a6b","2172d","064b469b0","85d0e","065f2d4c1","494e1","06e328be3","9bd11","070edfa96","b61a5",149,"fd1a4","0739afdf0","85c85","075090731","03d81","07738eb47","7b0a6","07f276933","a1096","080dae7a3","06b09","08492d21f","493c6","08773eb10","b8648","0887f0f5c","f3479","090dddc66","6d953","093bde140","d859d","0955d0d70","aadef","0965bd45c","69bb8","0993e62c0","24c00","09c0c6261","07a5d","0a0267980","efe13","0a24b2a0b","69052",150,"4302d","0a8f6a4b8","11a87","0ab2729ea","f0259","0ae9b0c6c","755ab","0bf540b9a","31970","0c30fec97","93ff9","0c37799ef","8d816","0c40bbae0","f0dc7",151,"38fa9","0cbcc04c0","0072e","0d1956057","6dc4f","0d4e21774","89f7f","0d5802016","04c3b","0da625b8f","c1f08","0dbc4a4d4","deb5d","0e0d720bd","39a90","0e2033d9a","a700b","0e4b9315d","47eeb","0ec5c59c7","3d8ae","0ecfb7835","382e6","0ed3fefff","e02bb","0ee1da0e8","41d03","0fa751a95","34364","0fc1aaa64","8a521","0fd736f38","cbfc1",152,"7d134",153,"442e4",154,"2f2d2",155,"c15e5",156,"9447f",157,"90e3e",159,"5a63d",13,"519cb",160,"51297",162,"4771b",15,"8e470",167,"c5131",168,"4962d",170,"a4e76",171,"92c5c",172,"893a5",176,"0aeaa",177,"3854a",178,"99310",179,"37462",181,"af69b",182,"58444",183,"18aae",184,"5b583",186,"b3684",35,"9931a",37,"6da7b",188,"3ec2d",190,"4c65e",192,"e994b",194,"046e8",195,"7933e",197,"0d6bd",49,"96565",198,"c5f32",50,"278d8",200,"e6ded",203,"a13e6",204,"09769",207,"0ba00",209,"947db",210,"e77e7",211,"074ae",213,"0a547",214,"75144",215,"3509b",216,"e0ec3",217,"1c634",218,"f7901",778,"40275",219,"7e644",221,"64b11",222,"7095e",223,"62617",224,"19dcd",228,"7cee4",231,"c64c6",232,"fd7fe",233,"37a13",234,"55e33",236,"c0710",237,"f4f86",238,"df30f",240,"fa2ab",95,"8261b",241,"a61a9",242,"9a4d5",243,"e8a4f",925,"c6bf6",246,"e1f6a",100,"5b13d",251,"276f7",105,"fd577",106,"89818",253,"ce5e0",254,"8842c",257,"16284",258,"8bc2e",259,"42dc7",261,"666df",1018,"8e2b1",262,"e1743",264,"7e438",265,"b1360",267,"b7969",268,"b16a2",270,"f40a9",126,"73f73",271,"6125a",131,"182ce",272,"adacd",273,"ebb44",274,"2fe6f",1131,"f84b9",1135,"35514",276,"b66ab",1161,"d418a",279,"64883",142,"3a13f",280,"588a3",281,"4710e"],"native":[0,"ac176",1,"d27a1",2,"7b59d",3,"c3bdd",4,"0c4ff",5,"0864c",6,"3e284",7,"0e0aa",8,"043fb",9,"5ec3f",10,"e4621",11,"cef89",12,"b87c7",13,"99aff",14,"679db",15,"33f81",16,"500dc",17,"8e6c4",18,"608ea",19,"7f9a1",20,"1e645",21,"c9f1d",22,"79c86",23,"1d351",24,"d5e92",25,"91c08",26,"e7b47",27,"f4c9d",28,"4345d",29,"b3585",30,"d4f56",31,"ce996",32,"e4390",33,"34d27",34,"20d01",35,"99aff",36,"16b20",37,"33f81",38,"abcb7",39,"55f44",40,"b59fd",41,"52a27",42,"c651f",43,"17f00",44,"dfb8b",45,"ee44d",46,"a7521",47,"11d71",196,"6d707",48,"a00ad",49,"33f81",50,"33f81",51,"38732",52,"37985",53,"c8198",54,"32312",55,"610bd",56,"e4959",57,"4be92",58,"6cadd",59,"a484f",60,"6b21b",61,"af07f",62,"b287b",63,"0e0d8",64,"b61b0",65,"babe8",66,"b3a63",67,"277df",68,"a3f1c",69,"3c2d4",70,"159d5",71,"ab2d2",72,"0211e",73,"a9d1c",74,"db4bc",75,"50055",76,"cd0c9",77,"61841",78,"7de88",79,"cc8d6",80,"ce083",81,"70db7",82,"fe2ea",83,"8cb2d",84,"0e8be",85,"a86ae",86,"b358a",87,"d390f",235,"37b53",88,"abf59",89,"a08bd",90,"1fb18",91,"350e9",92,"8a56e",93,"b5c76",94,"84b31",239,"4bdbb",95,"33f81",96,"2ed41",97,"2bf5b",98,"62618",99,"bf3c7",100,"99aff",101,"82336",102,"6d544",103,"162f6",104,"8aeac",105,"33f81",106,"33f81",107,"2be8c",108,"ffb90",109,"beb53",110,"48b2b",111,"9b492",112,"c53ab",113,"9ee27",114,"3adc9",115,"05820",116,"9fc41",117,"3e45d",118,"f3dfc",119,"6b1a5",120,"337cf",121,"79c0c",266,"d55c2",122,"46d4f",123,"9a843",124,"1b84b",125,"1d55a",126,"33f81",127,"40091",128,"302d7",129,"f090a",130,"f438a",131,"33f81",132,"5030c",133,"dde71",134,"c3f38",135,"a9c7c",136,"1c884",137,"76159",277,"284a9",138,"48c9d",139,"d25c7",140,"b805e",141,"1c379",142,"33f81",143,"74052"]}}