[
  1,
  [
    "8eOmlgK/RLXJo/e7reu6JV"
  ],
  0,
  [
    [
      "sp.SkeletonData",
      [
        "_name",
        "_atlasText",
        "textureNames",
        "_skeletonJson",
        "textures"
      ],
      -1,
      3
    ]
  ],
  [
    [
      0,
      0,
      1,
      2,
      3,
      4,
      5
    ]
  ],
  [
    [
      0,
      "h_telescope_atlas_symbols",
      "\nsymbols.png\nsize: 882,772\nformat: RGBA8888\nfilter: Linear,Linear\nrepeat: none\nh_globe_ball\n  rotate: false\n  xy: 771, 51\n  size: 99, 99\n  orig: 101, 103\n  offset: 1, 2\n  index: -1\nh_globe_ball_glow\n  rotate: false\n  xy: 616, 137\n  size: 135, 135\n  orig: 141, 141\n  offset: 3, 3\n  index: -1\nh_globe_ring_glow\n  rotate: false\n  xy: 2, 569\n  size: 192, 201\n  orig: 196, 205\n  offset: 2, 2\n  index: -1\nh_globe_ring_inner\n  rotate: true\n  xy: 472, 23\n  size: 113, 128\n  orig: 115, 130\n  offset: 1, 1\n  index: -1\nh_globe_ring_inner2\n  rotate: false\n  xy: 568, 421\n  size: 171, 78\n  orig: 173, 80\n  offset: 1, 1\n  index: -1\nh_globe_ring_inner2_back\n  rotate: false\n  xy: 586, 501\n  size: 175, 82\n  orig: 178, 85\n  offset: 1, 2\n  index: -1\nh_globe_ring_inner_back\n  rotate: false\n  xy: 753, 152\n  size: 105, 120\n  orig: 107, 122\n  offset: 1, 1\n  index: -1\nh_globe_ring_outer\n  rotate: true\n  xy: 195, 285\n  size: 159, 163\n  orig: 161, 165\n  offset: 1, 1\n  index: -1\nh_globe_ring_outer2\n  rotate: false\n  xy: 185, 9\n  size: 130, 176\n  orig: 132, 179\n  offset: 1, 1\n  index: -1\nh_globe_ring_outer2_back\n  rotate: true\n  xy: 394, 453\n  size: 124, 172\n  orig: 128, 174\n  offset: 2, 1\n  index: -1\nh_globe_ring_outer_back\n  rotate: false\n  xy: 317, 25\n  size: 153, 161\n  orig: 156, 163\n  offset: 2, 1\n  index: -1\nh_globe_ring_outer_darken\n  rotate: true\n  xy: 780, 274\n  size: 18, 36\n  orig: 25, 43\n  offset: 2, 2\n  index: -1\nh_globe_star\n  rotate: false\n  xy: 741, 425\n  size: 64, 67\n  orig: 66, 69\n  offset: 1, 1\n  index: -1\nh_moon\n  rotate: false\n  xy: 602, 10\n  size: 125, 125\n  orig: 127, 127\n  offset: 1, 1\n  index: -1\nh_moon_glow\n  rotate: false\n  xy: 196, 574\n  size: 196, 196\n  orig: 200, 200\n  offset: 2, 2\n  index: -1\nh_moon_glow_inner\n  rotate: false\n  xy: 2, 376\n  size: 191, 191\n  orig: 195, 195\n  offset: 2, 2\n  index: -1\nh_moon_rays\n  rotate: false\n  xy: 2, 187\n  size: 187, 187\n  orig: 190, 190\n  offset: 1, 2\n  index: -1\nh_sextant\n  rotate: true\n  xy: 196, 446\n  size: 126, 164\n  orig: 126, 169\n  offset: 0, 0\n  index: -1\nh_sextant_bar\n  rotate: false\n  xy: 780, 374\n  size: 38, 49\n  orig: 39, 50\n  offset: 0, 1\n  index: -1\nh_sextant_bottom\n  rotate: false\n  xy: 860, 497\n  size: 17, 17\n  orig: 17, 17\n  offset: 0, 0\n  index: -1\nh_sextant_pin\n  rotate: false\n  xy: 836, 516\n  size: 44, 29\n  orig: 44, 31\n  offset: 0, 1\n  index: -1\nh_sextant_pin_back\n  rotate: false\n  xy: 771, 2\n  size: 61, 47\n  orig: 63, 48\n  offset: 0, 0\n  index: -1\nh_sextant_rim\n  rotate: false\n  xy: 780, 294\n  size: 25, 35\n  orig: 27, 37\n  offset: 1, 1\n  index: -1\nh_sextant_slot_L\n  rotate: false\n  xy: 820, 396\n  size: 23, 33\n  orig: 24, 35\n  offset: 0, 1\n  index: -1\nh_sextant_slot_R\n  rotate: false\n  xy: 362, 457\n  size: 26, 39\n  orig: 26, 39\n  offset: 0, 0\n  index: -1\nh_sextant_viewer\n  rotate: true\n  xy: 729, 15\n  size: 120, 40\n  orig: 120, 42\n  offset: 0, 1\n  index: -1\nh_sun\n  rotate: true\n  xy: 772, 547\n  size: 109, 108\n  orig: 111, 110\n  offset: 1, 1\n  index: -1\nh_sun_glow\n  rotate: false\n  xy: 394, 579\n  size: 190, 191\n  orig: 194, 195\n  offset: 2, 2\n  index: -1\nh_sun_glow_inner\n  rotate: false\n  xy: 586, 585\n  size: 184, 185\n  orig: 188, 189\n  offset: 2, 2\n  index: -1\nh_sun_rays\n  rotate: false\n  xy: 2, 3\n  size: 181, 182\n  orig: 183, 184\n  offset: 1, 1\n  index: -1\nh_sundial_angle\n  rotate: false\n  xy: 807, 431\n  size: 39, 61\n  orig: 40, 63\n  offset: 0, 1\n  index: -1\nh_sundial_angle_rim\n  rotate: false\n  xy: 836, 494\n  size: 22, 20\n  orig: 24, 21\n  offset: 1, 1\n  index: -1\nh_sundial_base\n  rotate: true\n  xy: 772, 658\n  size: 112, 108\n  orig: 113, 108\n  offset: 0, 0\n  index: -1\nh_sundial_indicator\n  rotate: false\n  xy: 568, 563\n  size: 16, 14\n  orig: 17, 16\n  offset: 0, 1\n  index: -1\nh_telescope\n  rotate: true\n  xy: 360, 283\n  size: 161, 116\n  orig: 161, 116\n  offset: 0, 0\n  index: -1\nh_telescope_holder\n  rotate: false\n  xy: 834, 2\n  size: 46, 47\n  orig: 46, 47\n  offset: 0, 0\n  index: -1\nh_telescope_holder_back\n  rotate: false\n  xy: 362, 498\n  size: 26, 46\n  orig: 27, 47\n  offset: 0, 1\n  index: -1\nh_telescope_stand\n  rotate: false\n  xy: 336, 201\n  size: 123, 80\n  orig: 125, 83\n  offset: 1, 1\n  index: -1\nh_telescope_wheel\n  rotate: false\n  xy: 763, 494\n  size: 71, 51\n  orig: 73, 53\n  offset: 1, 1\n  index: -1\nh_telescope_wheel_1\n  rotate: false\n  xy: 780, 331\n  size: 29, 41\n  orig: 29, 41\n  offset: 0, 0\n  index: -1\nh_telescope_wheel_2\n  rotate: true\n  xy: 336, 188\n  size: 11, 37\n  orig: 13, 41\n  offset: 1, 2\n  index: -1\nh_telescope_wheel_3\n  rotate: false\n  xy: 362, 546\n  size: 30, 26\n  orig: 31, 27\n  offset: 0, 0\n  index: -1\nl_a\n  rotate: false\n  xy: 472, 138\n  size: 142, 137\n  orig: 148, 142\n  offset: 3, 2\n  index: -1\nl_j\n  rotate: true\n  xy: 191, 188\n  size: 95, 143\n  orig: 101, 148\n  offset: 3, 2\n  index: -1\nl_k\n  rotate: false\n  xy: 478, 277\n  size: 152, 142\n  orig: 157, 148\n  offset: 2, 3\n  index: -1\nl_q\n  rotate: false\n  xy: 632, 274\n  size: 146, 145\n  orig: 151, 150\n  offset: 2, 3\n  index: -1\n",
      [
        "symbols.png"
      ],
      {
        "skeleton": {
          "hash": "IZ5Wxq2KIpqJpMqku50zfg1Gdvc",
          "spine": "3.8.99",
          "x": -79.57,
          "y": -99.5,
          "width": 159.55,
          "height": 197
        },
        "bones": [
          {
            "name": "root"
          },
          {
            "name": "h_telescope",
            "parent": "root",
            "scaleX": 0.5,
            "scaleY": 0.5
          },
          {
            "name": "telecope_base",
            "parent": "h_telescope"
          },
          {
            "name": "holder",
            "parent": "telecope_base",
            "x": 11.39,
            "y": -47.33
          },
          {
            "name": "telescope",
            "parent": "holder",
            "x": -4.88,
            "y": 66.78
          },
          {
            "name": "telescope_ctrl",
            "parent": "holder",
            "x": 112.06,
            "y": 74.86
          },
          {
            "name": "telescope_opp",
            "parent": "holder",
            "rotation": 0.08,
            "x": -90.4,
            "y": 70.8
          },
          {
            "name": "wheel",
            "parent": "holder",
            "rotation": 0.09,
            "x": 34.35,
            "y": 76.54
          }
        ],
        "slots": [
          {
            "name": "h_telescope_wheel_3",
            "bone": "wheel",
            "attachment": "h_telescope_wheel_3"
          },
          {
            "name": "h_telescope_wheel_2",
            "bone": "wheel",
            "attachment": "h_telescope_wheel_2"
          },
          {
            "name": "h_telescope_wheel_1",
            "bone": "wheel",
            "attachment": "h_telescope_wheel_1"
          },
          {
            "name": "h_telescope_wheel",
            "bone": "wheel",
            "attachment": "h_telescope_wheel"
          },
          {
            "name": "h_telescope_stand",
            "bone": "telecope_base",
            "attachment": "h_telescope_stand"
          },
          {
            "name": "h_telescope_holder_back",
            "bone": "holder",
            "attachment": "h_telescope_holder_back"
          },
          {
            "name": "h_telescope",
            "bone": "telescope",
            "attachment": "h_telescope"
          },
          {
            "name": "h_telescope_holder",
            "bone": "holder",
            "attachment": "h_telescope_holder"
          }
        ],
        "transform": [
          {
            "name": "telescope_ctrl",
            "target": "telescope_ctrl",
            "x": -202.46,
            "y": -4.06,
            "rotateMix": 0,
            "translateMix": -1,
            "scaleMix": 0,
            "shearMix": 0,
            "bones": [
              "telescope_opp"
            ]
          },
          {
            "name": "telescope_opp",
            "order": 1,
            "target": "telescope_opp",
            "x": 124.76,
            "y": 5.69,
            "rotateMix": 0,
            "translateMix": 0.15,
            "scaleMix": 0,
            "shearMix": 0,
            "bones": [
              "wheel"
            ]
          }
        ],
        "skins": [
          {
            "name": "default",
            "attachments": {
              "h_telescope": {
                "h_telescope": {
                  "type": "mesh",
                  "hull": 39,
                  "uvs": [
                    0.99678,
                    0.46742,
                    0.99099,
                    0.63561,
                    0.91782,
                    0.67294,
                    0.8826,
                    0.64899,
                    0.76733,
                    0.71787,
                    0.6515,
                    0.79025,
                    0.55881,
                    0.85791,
                    0.49218,
                    0.9009,
                    0.46295,
                    0.8793,
                    0.39562,
                    0.92755,
                    0.30734,
                    0.99999,
                    0.22539,
                    0.95169,
                    0.14826,
                    1,
                    0.09339,
                    0.97264,
                    0.05006,
                    0.99107,
                    0.00577,
                    0.94308,
                    0.0107,
                    0.85082,
                    0.03878,
                    0.8309,
                    0.05206,
                    0.75571,
                    0.12756,
                    0.6953,
                    0.13917,
                    0.58669,
                    0.18701,
                    0.54098,
                    0.16752,
                    0.50994,
                    0.15622,
                    0.44812,
                    0.18609,
                    0.42198,
                    0.19087,
                    0.37257,
                    0.27816,
                    0.26752,
                    0.31197,
                    0.22261,
                    0.36809,
                    0.15311,
                    0.41824,
                    0.17202,
                    0.45993,
                    0.2437,
                    0.46874,
                    0.2858,
                    0.56713,
                    0.20308,
                    0.68484,
                    0.10411,
                    0.6916,
                    0.06106,
                    0.76657,
                    0.00001,
                    0.85522,
                    0.05942,
                    0.94048,
                    0.23579,
                    0.96863,
                    0.33815,
                    0.95852,
                    0.47401,
                    0.94381,
                    0.35802,
                    0.79019,
                    0.18597,
                    0.91149,
                    0.25917,
                    0.93108,
                    0.6103,
                    0.94563,
                    0.54528,
                    0.87956,
                    0.46232,
                    0.82298,
                    0.31671,
                    0.78798,
                    0.08552,
                    0.86484,
                    0.15618,
                    0.37012,
                    0.23587,
                    0.40425,
                    0.309,
                    0.45492,
                    0.33234,
                    0.75394,
                    0.20004,
                    0.79144,
                    0.3364,
                    0.84805,
                    0.49045,
                    0.06368,
                    0.90555,
                    0.16013,
                    0.82582,
                    0.18357,
                    0.6609,
                    0.20928,
                    0.79711,
                    0.27271,
                    0.90145,
                    0.33553,
                    0.933,
                    0.20045,
                    0.57294,
                    0.35306,
                    0.6929,
                    0.31902,
                    0.5547,
                    0.327,
                    0.4231,
                    0.40577,
                    0.79969,
                    0.45103,
                    0.76418,
                    0.40044,
                    0.66147,
                    0.36539,
                    0.52697,
                    0.39324,
                    0.37221,
                    0.3118,
                    0.29931,
                    0.34399,
                    0.35962,
                    0.233,
                    0.51237,
                    0.20517,
                    0.47904,
                    0.55016,
                    0.71407,
                    0.47676,
                    0.60796,
                    0.44596,
                    0.4634,
                    0.14282,
                    0.76455,
                    0.20084,
                    0.90388,
                    0.57401,
                    0.36022,
                    0.61656,
                    0.48967,
                    0.68899,
                    0.61399,
                    0.29456,
                    0.36418
                  ],
                  "triangles": [
                    12,
                    78,
                    11,
                    12,
                    13,
                    78,
                    10,
                    60,
                    9,
                    11,
                    59,
                    10,
                    10,
                    59,
                    60,
                    14,
                    55,
                    13,
                    14,
                    15,
                    55,
                    13,
                    56,
                    78,
                    13,
                    55,
                    56,
                    11,
                    78,
                    59,
                    15,
                    16,
                    55,
                    9,
                    60,
                    65,
                    9,
                    65,
                    8,
                    65,
                    60,
                    59,
                    16,
                    17,
                    55,
                    56,
                    55,
                    17,
                    56,
                    17,
                    77,
                    77,
                    17,
                    18,
                    78,
                    58,
                    59,
                    78,
                    56,
                    58,
                    59,
                    62,
                    65,
                    59,
                    58,
                    62,
                    7,
                    8,
                    6,
                    65,
                    66,
                    8,
                    8,
                    66,
                    6,
                    66,
                    74,
                    6,
                    6,
                    74,
                    5,
                    56,
                    77,
                    58,
                    62,
                    67,
                    65,
                    65,
                    67,
                    66,
                    77,
                    57,
                    58,
                    58,
                    57,
                    62,
                    63,
                    57,
                    61,
                    63,
                    61,
                    72,
                    62,
                    57,
                    63,
                    5,
                    81,
                    4,
                    5,
                    74,
                    81,
                    18,
                    19,
                    77,
                    77,
                    19,
                    57,
                    66,
                    75,
                    74,
                    66,
                    67,
                    75,
                    3,
                    4,
                    54,
                    74,
                    80,
                    81,
                    74,
                    75,
                    80,
                    19,
                    20,
                    57,
                    62,
                    63,
                    67,
                    2,
                    43,
                    1,
                    2,
                    3,
                    43,
                    63,
                    68,
                    67,
                    67,
                    68,
                    75,
                    57,
                    20,
                    61,
                    4,
                    81,
                    54,
                    3,
                    54,
                    43,
                    43,
                    44,
                    1,
                    1,
                    44,
                    0,
                    0,
                    44,
                    39,
                    54,
                    81,
                    53,
                    43,
                    54,
                    44,
                    44,
                    54,
                    45,
                    68,
                    76,
                    75,
                    75,
                    76,
                    80,
                    20,
                    21,
                    61,
                    61,
                    21,
                    72,
                    68,
                    63,
                    64,
                    44,
                    45,
                    39,
                    21,
                    73,
                    72,
                    21,
                    22,
                    73,
                    63,
                    72,
                    64,
                    68,
                    64,
                    69,
                    68,
                    69,
                    76,
                    69,
                    64,
                    71,
                    64,
                    72,
                    82,
                    22,
                    23,
                    73,
                    81,
                    80,
                    53,
                    54,
                    53,
                    45,
                    45,
                    53,
                    46,
                    76,
                    79,
                    80,
                    80,
                    79,
                    53,
                    23,
                    24,
                    73,
                    73,
                    24,
                    82,
                    72,
                    73,
                    82,
                    82,
                    24,
                    25,
                    0,
                    39,
                    40,
                    39,
                    45,
                    40,
                    40,
                    38,
                    0,
                    76,
                    51,
                    79,
                    76,
                    69,
                    51,
                    45,
                    46,
                    40,
                    64,
                    82,
                    71,
                    25,
                    26,
                    82,
                    69,
                    50,
                    51,
                    69,
                    71,
                    50,
                    82,
                    70,
                    71,
                    82,
                    26,
                    70,
                    51,
                    31,
                    79,
                    31,
                    32,
                    79,
                    79,
                    52,
                    53,
                    52,
                    32,
                    33,
                    52,
                    79,
                    32,
                    50,
                    71,
                    49,
                    46,
                    42,
                    40,
                    40,
                    42,
                    38,
                    42,
                    37,
                    38,
                    52,
                    41,
                    53,
                    53,
                    41,
                    46,
                    51,
                    50,
                    31,
                    46,
                    48,
                    42,
                    46,
                    41,
                    48,
                    71,
                    70,
                    49,
                    50,
                    30,
                    31,
                    50,
                    49,
                    30,
                    70,
                    27,
                    49,
                    70,
                    26,
                    27,
                    42,
                    48,
                    37,
                    49,
                    29,
                    30,
                    27,
                    28,
                    49,
                    49,
                    28,
                    29,
                    52,
                    33,
                    47,
                    52,
                    47,
                    41,
                    47,
                    33,
                    34,
                    41,
                    47,
                    48,
                    47,
                    36,
                    48,
                    37,
                    48,
                    36,
                    34,
                    35,
                    47,
                    47,
                    35,
                    36
                  ],
                  "vertices": [
                    2,
                    4,
                    153.45,
                    67.57,
                    0.91,
                    6,
                    238.98,
                    63.55,
                    0.09,
                    1,
                    4,
                    151.58,
                    28.72,
                    1,
                    1,
                    4,
                    128.02,
                    20.1,
                    1,
                    2,
                    5,
                    -0.25,
                    17.55,
                    0.09,
                    4,
                    116.68,
                    25.63,
                    0.91,
                    2,
                    5,
                    -37.37,
                    1.64,
                    0.09,
                    4,
                    79.57,
                    9.72,
                    0.91,
                    1,
                    4,
                    42.27,
                    -7,
                    1,
                    1,
                    4,
                    12.42,
                    -22.63,
                    1,
                    1,
                    4,
                    -9.03,
                    -32.56,
                    1,
                    2,
                    5,
                    -135.38,
                    -35.65,
                    0.11,
                    4,
                    -18.44,
                    -27.57,
                    0.89,
                    1,
                    4,
                    -40.12,
                    -38.72,
                    1,
                    1,
                    4,
                    -68.55,
                    -55.45,
                    1,
                    2,
                    5,
                    -211.87,
                    -52.37,
                    0.12,
                    4,
                    -94.94,
                    -44.29,
                    0.88,
                    1,
                    4,
                    -119.77,
                    -55.45,
                    1,
                    2,
                    5,
                    -254.38,
                    -57.21,
                    0.09,
                    4,
                    -137.44,
                    -49.13,
                    0.91,
                    1,
                    4,
                    -151.39,
                    -53.39,
                    1,
                    1,
                    4,
                    -165.65,
                    -42.3,
                    1,
                    1,
                    4,
                    -164.07,
                    -20.99,
                    1,
                    2,
                    5,
                    -271.96,
                    -24.47,
                    0.06,
                    4,
                    -155.03,
                    -16.39,
                    0.94,
                    1,
                    4,
                    -150.75,
                    0.98,
                    1,
                    2,
                    5,
                    -243.37,
                    6.85,
                    0.14,
                    4,
                    -126.44,
                    14.93,
                    0.86,
                    1,
                    4,
                    -122.7,
                    40.02,
                    1,
                    2,
                    5,
                    -224.23,
                    42.5,
                    0.09,
                    4,
                    -107.3,
                    50.58,
                    0.91,
                    2,
                    5,
                    -230.51,
                    49.67,
                    0.09,
                    4,
                    -113.57,
                    57.75,
                    0.91,
                    2,
                    5,
                    -234.15,
                    63.95,
                    0.04,
                    4,
                    -117.21,
                    72.03,
                    0.96,
                    2,
                    5,
                    -224.53,
                    69.99,
                    0.05,
                    4,
                    -107.59,
                    78.07,
                    0.95,
                    1,
                    4,
                    -106.05,
                    89.49,
                    1,
                    1,
                    4,
                    -77.95,
                    113.75,
                    1,
                    1,
                    4,
                    -67.06,
                    124.12,
                    1,
                    1,
                    4,
                    -48.99,
                    140.18,
                    1,
                    2,
                    4,
                    -32.84,
                    135.81,
                    0.94,
                    6,
                    52.68,
                    131.79,
                    0.06,
                    2,
                    4,
                    -19.42,
                    119.25,
                    0.94,
                    6,
                    66.11,
                    115.24,
                    0.06,
                    1,
                    4,
                    -16.58,
                    109.53,
                    1,
                    2,
                    5,
                    -101.83,
                    120.56,
                    0.08,
                    4,
                    15.1,
                    128.64,
                    0.92,
                    2,
                    5,
                    -63.93,
                    143.42,
                    0.08,
                    4,
                    53.01,
                    151.5,
                    0.92,
                    1,
                    4,
                    55.18,
                    161.44,
                    1,
                    1,
                    4,
                    79.32,
                    175.55,
                    1,
                    2,
                    4,
                    107.87,
                    161.82,
                    0.91,
                    6,
                    193.39,
                    157.8,
                    0.09,
                    2,
                    4,
                    135.32,
                    121.08,
                    0.81,
                    6,
                    220.85,
                    117.06,
                    0.19,
                    2,
                    4,
                    144.39,
                    97.44,
                    0.81,
                    6,
                    229.91,
                    93.42,
                    0.19,
                    2,
                    4,
                    141.13,
                    66.05,
                    0.94,
                    6,
                    226.65,
                    62.03,
                    0.06,
                    2,
                    4,
                    136.39,
                    92.85,
                    0.89,
                    6,
                    221.92,
                    88.83,
                    0.11,
                    2,
                    5,
                    -30.01,
                    124.51,
                    0.19,
                    4,
                    86.93,
                    132.59,
                    0.81,
                    2,
                    4,
                    125.99,
                    115.68,
                    0.89,
                    6,
                    211.51,
                    111.66,
                    0.11,
                    1,
                    4,
                    132.29,
                    34.57,
                    1,
                    1,
                    4,
                    136.98,
                    49.59,
                    1,
                    2,
                    5,
                    -1.23,
                    60.67,
                    0.19,
                    4,
                    115.71,
                    68.75,
                    0.81,
                    2,
                    5,
                    -19.45,
                    94.31,
                    0.25,
                    4,
                    97.49,
                    102.39,
                    0.75,
                    2,
                    5,
                    -30.72,
                    147.71,
                    0.08,
                    4,
                    86.22,
                    155.79,
                    0.92,
                    2,
                    4,
                    110.97,
                    139.47,
                    0.94,
                    6,
                    196.49,
                    135.45,
                    0.06,
                    2,
                    5,
                    -165.27,
                    112.98,
                    0.11,
                    4,
                    -48.33,
                    121.06,
                    0.89,
                    2,
                    5,
                    -154.28,
                    96.09,
                    0.16,
                    4,
                    -37.35,
                    104.17,
                    0.84,
                    2,
                    5,
                    -137.96,
                    90.7,
                    0.09,
                    4,
                    -21.03,
                    98.78,
                    0.91,
                    2,
                    5,
                    -41.68,
                    121.26,
                    0.19,
                    4,
                    75.26,
                    129.34,
                    0.81,
                    2,
                    5,
                    -29.6,
                    89.76,
                    0.25,
                    4,
                    87.33,
                    97.84,
                    0.75,
                    2,
                    5,
                    -11.37,
                    54.18,
                    0.19,
                    4,
                    105.56,
                    62.25,
                    0.81,
                    2,
                    5,
                    -263.94,
                    -41.71,
                    0.09,
                    4,
                    -147.01,
                    -33.63,
                    0.91,
                    2,
                    5,
                    -232.89,
                    -23.29,
                    0.21,
                    4,
                    -115.95,
                    -15.22,
                    0.79,
                    2,
                    5,
                    -225.34,
                    14.8,
                    0.14,
                    4,
                    -108.4,
                    22.88,
                    0.86,
                    2,
                    5,
                    -217.06,
                    -16.66,
                    0.21,
                    4,
                    -100.12,
                    -8.58,
                    0.79,
                    2,
                    5,
                    -196.63,
                    -40.77,
                    0.19,
                    4,
                    -79.7,
                    -32.69,
                    0.81,
                    2,
                    5,
                    -176.41,
                    -48.05,
                    0.19,
                    4,
                    -59.47,
                    -39.97,
                    0.81,
                    2,
                    5,
                    -219.9,
                    35.12,
                    0.07,
                    4,
                    -102.97,
                    43.2,
                    0.93,
                    2,
                    5,
                    -170.76,
                    7.41,
                    0.24,
                    4,
                    -53.83,
                    15.49,
                    0.76,
                    2,
                    5,
                    -181.72,
                    39.33,
                    0.19,
                    4,
                    -64.79,
                    47.41,
                    0.81,
                    2,
                    5,
                    -179.15,
                    69.73,
                    0.07,
                    4,
                    -62.22,
                    77.81,
                    0.93,
                    2,
                    5,
                    -153.79,
                    -17.26,
                    0.19,
                    4,
                    -36.85,
                    -9.18,
                    0.81,
                    2,
                    5,
                    -139.22,
                    -9.06,
                    0.24,
                    4,
                    -22.28,
                    -0.98,
                    0.76,
                    2,
                    5,
                    -155.51,
                    14.67,
                    0.24,
                    4,
                    -38.57,
                    22.75,
                    0.76,
                    2,
                    5,
                    -166.79,
                    45.74,
                    0.19,
                    4,
                    -49.86,
                    53.82,
                    0.81,
                    2,
                    5,
                    -157.82,
                    81.49,
                    0.07,
                    4,
                    -40.89,
                    89.57,
                    0.93,
                    2,
                    5,
                    -184.05,
                    98.33,
                    0.08,
                    4,
                    -67.11,
                    106.41,
                    0.92,
                    2,
                    5,
                    -173.68,
                    84.4,
                    0.08,
                    4,
                    -56.75,
                    92.48,
                    0.92,
                    2,
                    5,
                    -209.42,
                    49.11,
                    0.09,
                    4,
                    -92.49,
                    57.19,
                    0.91,
                    2,
                    5,
                    -218.38,
                    56.81,
                    0.09,
                    4,
                    -101.45,
                    64.89,
                    0.91,
                    2,
                    5,
                    -107.3,
                    2.52,
                    0.23,
                    4,
                    9.64,
                    10.6,
                    0.77,
                    2,
                    5,
                    -130.93,
                    27.03,
                    0.29,
                    4,
                    -14,
                    35.11,
                    0.71,
                    2,
                    5,
                    -140.85,
                    60.42,
                    0.19,
                    4,
                    -23.92,
                    68.5,
                    0.81,
                    2,
                    5,
                    -238.46,
                    -9.14,
                    0.19,
                    4,
                    -121.53,
                    -1.06,
                    0.81,
                    2,
                    5,
                    -219.78,
                    -41.33,
                    0.19,
                    4,
                    -102.84,
                    -33.25,
                    0.81,
                    2,
                    5,
                    -99.62,
                    84.26,
                    0.19,
                    4,
                    17.32,
                    92.34,
                    0.81,
                    2,
                    5,
                    -85.92,
                    54.36,
                    0.29,
                    4,
                    31.02,
                    62.44,
                    0.71,
                    2,
                    5,
                    -62.59,
                    25.64,
                    0.19,
                    4,
                    54.34,
                    33.72,
                    0.81,
                    2,
                    5,
                    -189.6,
                    83.34,
                    0.12,
                    4,
                    -72.66,
                    91.42,
                    0.88
                  ]
                }
              },
              "h_telescope_holder": {
                "h_telescope_holder": {
                  "type": "mesh",
                  "hull": 15,
                  "uvs": [
                    1,
                    0.92966,
                    0.73557,
                    0.99394,
                    0.40098,
                    0.9806,
                    0.26433,
                    0.81687,
                    0.2067,
                    0.61174,
                    0.03758,
                    0.48181,
                    0.01629,
                    0.24515,
                    0.10273,
                    0.0473,
                    0.33333,
                    0,
                    0.51508,
                    0.1334,
                    0.53405,
                    0.31282,
                    0.54664,
                    0.45929,
                    0.60779,
                    0.73437,
                    0.70059,
                    0.82866,
                    0.88349,
                    0.8167,
                    0.52761,
                    0.92828,
                    0.40098,
                    0.79123,
                    0.18812,
                    0.51334,
                    0.32107,
                    0.5,
                    0.4026,
                    0.31476,
                    0.30379,
                    0.12955,
                    0.35295,
                    0.59116,
                    0.14958,
                    0.13012,
                    0.07191,
                    0.26467,
                    0.10665,
                    0.44572,
                    0.21907,
                    0.33491
                  ],
                  "triangles": [
                    8,
                    22,
                    7,
                    20,
                    22,
                    8,
                    20,
                    8,
                    9,
                    6,
                    7,
                    22,
                    23,
                    6,
                    22,
                    19,
                    20,
                    9,
                    19,
                    9,
                    10,
                    25,
                    22,
                    20,
                    25,
                    20,
                    19,
                    23,
                    22,
                    25,
                    24,
                    23,
                    25,
                    5,
                    6,
                    23,
                    5,
                    23,
                    24,
                    18,
                    25,
                    19,
                    17,
                    24,
                    25,
                    18,
                    17,
                    25,
                    11,
                    21,
                    18,
                    4,
                    17,
                    18,
                    4,
                    18,
                    21,
                    5,
                    24,
                    17,
                    4,
                    5,
                    17,
                    21,
                    12,
                    16,
                    19,
                    10,
                    11,
                    19,
                    11,
                    18,
                    12,
                    21,
                    11,
                    3,
                    4,
                    21,
                    3,
                    21,
                    16,
                    15,
                    16,
                    12,
                    15,
                    12,
                    13,
                    2,
                    16,
                    15,
                    3,
                    16,
                    2,
                    1,
                    13,
                    14,
                    1,
                    14,
                    0,
                    15,
                    13,
                    1,
                    2,
                    15,
                    1
                  ],
                  "vertices": [
                    1,
                    3,
                    25.61,
                    -5.06,
                    1,
                    1,
                    3,
                    1.55,
                    -11.1,
                    1,
                    2,
                    3,
                    -28.9,
                    -9.85,
                    0.91,
                    5,
                    -140.96,
                    -84.71,
                    0.09,
                    2,
                    3,
                    -41.33,
                    5.54,
                    0.85,
                    5,
                    -153.39,
                    -69.32,
                    0.15,
                    2,
                    3,
                    -46.58,
                    24.82,
                    0.81,
                    5,
                    -158.64,
                    -50.03,
                    0.19,
                    2,
                    3,
                    -61.97,
                    37.04,
                    0.81,
                    5,
                    -174.03,
                    -37.82,
                    0.19,
                    2,
                    3,
                    -63.91,
                    59.28,
                    0.81,
                    5,
                    -175.97,
                    -15.57,
                    0.19,
                    2,
                    3,
                    -56.04,
                    77.88,
                    0.81,
                    5,
                    -168.1,
                    3.02,
                    0.19,
                    2,
                    3,
                    -35.06,
                    82.33,
                    0.81,
                    5,
                    -147.11,
                    7.47,
                    0.19,
                    2,
                    3,
                    -18.52,
                    69.79,
                    0.81,
                    5,
                    -130.57,
                    -5.07,
                    0.19,
                    2,
                    3,
                    -16.79,
                    52.92,
                    0.81,
                    5,
                    -128.85,
                    -21.94,
                    0.19,
                    2,
                    3,
                    -15.64,
                    39.15,
                    0.81,
                    5,
                    -127.7,
                    -35.7,
                    0.19,
                    2,
                    3,
                    -10.08,
                    13.3,
                    0.85,
                    5,
                    -122.14,
                    -61.56,
                    0.15,
                    2,
                    3,
                    -1.63,
                    4.43,
                    0.91,
                    5,
                    -113.69,
                    -70.42,
                    0.09,
                    1,
                    3,
                    15.01,
                    5.56,
                    1,
                    2,
                    3,
                    -17.38,
                    -4.93,
                    0.91,
                    5,
                    -129.43,
                    -79.79,
                    0.09,
                    2,
                    3,
                    -28.9,
                    7.95,
                    0.85,
                    5,
                    -140.96,
                    -66.91,
                    0.15,
                    2,
                    3,
                    -48.27,
                    34.07,
                    0.81,
                    5,
                    -160.33,
                    -40.78,
                    0.19,
                    2,
                    3,
                    -36.17,
                    35.33,
                    0.79,
                    5,
                    -148.23,
                    -39.53,
                    0.21,
                    2,
                    3,
                    -28.75,
                    52.74,
                    0.76,
                    5,
                    -140.81,
                    -22.12,
                    0.24,
                    2,
                    3,
                    -37.74,
                    70.15,
                    0.76,
                    5,
                    -149.8,
                    -4.71,
                    0.24,
                    2,
                    3,
                    -33.27,
                    26.76,
                    0.81,
                    5,
                    -145.33,
                    -48.1,
                    0.19,
                    2,
                    3,
                    -51.78,
                    70.1,
                    0.79,
                    5,
                    -163.84,
                    -4.76,
                    0.21,
                    2,
                    3,
                    -58.84,
                    57.45,
                    0.81,
                    5,
                    -170.9,
                    -17.41,
                    0.19,
                    2,
                    3,
                    -55.68,
                    40.43,
                    0.81,
                    5,
                    -167.74,
                    -34.43,
                    0.19,
                    2,
                    3,
                    -45.45,
                    50.85,
                    0.81,
                    5,
                    -157.51,
                    -24.01,
                    0.19
                  ]
                }
              },
              "h_telescope_holder_back": {
                "h_telescope_holder_back": {
                  "type": "mesh",
                  "hull": 16,
                  "uvs": [
                    0.78448,
                    0.51438,
                    0.80884,
                    0.67417,
                    0.77511,
                    0.85677,
                    0.55867,
                    0.97847,
                    0.01793,
                    0.91387,
                    0.23304,
                    0.80804,
                    0.26485,
                    0.65034,
                    0.2363,
                    0.47753,
                    0.19113,
                    0.34268,
                    0.15318,
                    0.2294,
                    0.11407,
                    0.11421,
                    0.60593,
                    0.01966,
                    0.6757,
                    0.12826,
                    0.83867,
                    0.13953,
                    0.96252,
                    0.22102,
                    0.95763,
                    0.39987,
                    0.74281,
                    0.42136,
                    0.71511,
                    0.26591
                  ],
                  "triangles": [
                    4,
                    5,
                    3,
                    3,
                    5,
                    2,
                    2,
                    5,
                    1,
                    1,
                    5,
                    6,
                    6,
                    0,
                    1,
                    0,
                    7,
                    16,
                    0,
                    6,
                    7,
                    0,
                    16,
                    15,
                    7,
                    8,
                    16,
                    8,
                    17,
                    16,
                    16,
                    17,
                    15,
                    15,
                    17,
                    14,
                    8,
                    9,
                    17,
                    9,
                    12,
                    17,
                    17,
                    13,
                    14,
                    17,
                    12,
                    13,
                    12,
                    10,
                    11,
                    12,
                    9,
                    10
                  ],
                  "vertices": [
                    2,
                    3,
                    34.97,
                    38.98,
                    0.86,
                    6,
                    125.37,
                    -31.82,
                    0.14,
                    2,
                    3,
                    36.29,
                    23.96,
                    0.89,
                    6,
                    126.69,
                    -46.84,
                    0.11,
                    2,
                    3,
                    34.47,
                    6.79,
                    0.91,
                    6,
                    124.87,
                    -64.01,
                    0.09,
                    1,
                    3,
                    20.01,
                    -6.23,
                    1,
                    1,
                    3,
                    -7.81,
                    1.03,
                    1,
                    2,
                    3,
                    5.2,
                    11.37,
                    0.91,
                    6,
                    95.6,
                    -59.43,
                    0.09,
                    2,
                    3,
                    6.91,
                    26.2,
                    0.89,
                    6,
                    97.31,
                    -44.6,
                    0.11,
                    2,
                    3,
                    5.37,
                    42.44,
                    0.86,
                    6,
                    95.77,
                    -28.36,
                    0.14,
                    2,
                    3,
                    2.93,
                    55.12,
                    0.86,
                    6,
                    93.33,
                    -15.68,
                    0.14,
                    2,
                    3,
                    0.88,
                    65.76,
                    0.86,
                    6,
                    91.28,
                    -5.03,
                    0.14,
                    2,
                    3,
                    -1.23,
                    76.59,
                    0.86,
                    6,
                    89.17,
                    5.79,
                    0.14,
                    2,
                    3,
                    25.33,
                    85.48,
                    0.86,
                    6,
                    115.73,
                    14.68,
                    0.14,
                    2,
                    3,
                    29.1,
                    75.27,
                    0.86,
                    6,
                    119.5,
                    4.47,
                    0.14,
                    2,
                    3,
                    37.9,
                    74.21,
                    0.86,
                    6,
                    128.3,
                    3.41,
                    0.14,
                    2,
                    3,
                    44.59,
                    66.55,
                    0.86,
                    6,
                    134.99,
                    -4.25,
                    0.14,
                    2,
                    3,
                    44.32,
                    49.74,
                    0.86,
                    6,
                    134.72,
                    -21.06,
                    0.14,
                    2,
                    3,
                    32.72,
                    47.72,
                    0.86,
                    6,
                    123.12,
                    -23.08,
                    0.14,
                    2,
                    3,
                    31.23,
                    62.33,
                    0.86,
                    6,
                    121.63,
                    -8.47,
                    0.14
                  ]
                }
              },
              "h_telescope_stand": {
                "h_telescope_stand": {
                  "x": 10.5,
                  "y": -116.5,
                  "width": 249,
                  "height": 165
                }
              },
              "h_telescope_wheel": {
                "h_telescope_wheel": {
                  "type": "mesh",
                  "hull": 16,
                  "uvs": [
                    0.85437,
                    0.71508,
                    0.72528,
                    0.8777,
                    0.52057,
                    0.98091,
                    0.26839,
                    0.95567,
                    0.10072,
                    0.86222,
                    0.02206,
                    0.69103,
                    0.02051,
                    0.54742,
                    0.14505,
                    0.37627,
                    0.28987,
                    0.20307,
                    0.40938,
                    0.05509,
                    0.5228,
                    0.05111,
                    0.68354,
                    0.04545,
                    0.91315,
                    0.03374,
                    0.98476,
                    0.06411,
                    0.98309,
                    0.30995,
                    0.94382,
                    0.5098,
                    0.72625,
                    0.57964,
                    0.5967,
                    0.75369,
                    0.48882,
                    0.82125,
                    0.79823,
                    0.32825,
                    0.53656,
                    0.29454,
                    0.12315,
                    0.71242,
                    0.37169,
                    0.2854,
                    0.31858,
                    0.5711,
                    0.50826,
                    0.57434,
                    0.24954,
                    0.48847,
                    0.2453,
                    0.82033,
                    0.91324,
                    0.30891,
                    0.86458,
                    0.548,
                    0.81592,
                    0.6757,
                    0.70072,
                    0.8523
                  ],
                  "triangles": [
                    2,
                    30,
                    1,
                    3,
                    18,
                    2,
                    2,
                    17,
                    30,
                    2,
                    18,
                    17,
                    4,
                    26,
                    3,
                    3,
                    26,
                    18,
                    1,
                    29,
                    0,
                    1,
                    30,
                    29,
                    4,
                    21,
                    26,
                    4,
                    5,
                    21,
                    30,
                    16,
                    29,
                    30,
                    17,
                    16,
                    26,
                    23,
                    18,
                    18,
                    24,
                    17,
                    18,
                    23,
                    24,
                    26,
                    21,
                    23,
                    17,
                    24,
                    16,
                    0,
                    28,
                    15,
                    0,
                    29,
                    28,
                    21,
                    25,
                    23,
                    25,
                    21,
                    6,
                    25,
                    6,
                    7,
                    6,
                    21,
                    5,
                    29,
                    16,
                    28,
                    24,
                    20,
                    16,
                    16,
                    19,
                    28,
                    16,
                    20,
                    19,
                    23,
                    22,
                    24,
                    24,
                    22,
                    20,
                    20,
                    9,
                    10,
                    9,
                    20,
                    22,
                    23,
                    25,
                    22,
                    28,
                    27,
                    15,
                    28,
                    19,
                    27,
                    15,
                    27,
                    14,
                    25,
                    8,
                    22,
                    25,
                    7,
                    8,
                    12,
                    27,
                    19,
                    14,
                    27,
                    13,
                    19,
                    20,
                    11,
                    19,
                    11,
                    12,
                    27,
                    12,
                    13,
                    20,
                    10,
                    11,
                    22,
                    8,
                    9
                  ],
                  "vertices": [
                    2,
                    7,
                    65.23,
                    -53.31,
                    0.92,
                    6,
                    233.73,
                    -30.92,
                    0.08,
                    1,
                    7,
                    47.02,
                    -70.35,
                    1,
                    1,
                    7,
                    17.74,
                    -81.14,
                    1,
                    1,
                    7,
                    -18.83,
                    -78.46,
                    1,
                    1,
                    7,
                    -43.14,
                    -68.56,
                    1,
                    1,
                    7,
                    -54.55,
                    -50.41,
                    1,
                    1,
                    7,
                    -54.77,
                    -35.19,
                    1,
                    1,
                    7,
                    -36.71,
                    -17.05,
                    1,
                    1,
                    7,
                    -15.71,
                    1.31,
                    1,
                    1,
                    7,
                    1.62,
                    17,
                    1,
                    1,
                    7,
                    18.06,
                    19.8,
                    1,
                    1,
                    7,
                    41.37,
                    23.76,
                    1,
                    1,
                    7,
                    74.66,
                    29.31,
                    1,
                    2,
                    7,
                    85.05,
                    27.89,
                    0.89,
                    6,
                    253.59,
                    50.27,
                    0.11,
                    2,
                    7,
                    84.43,
                    -10.12,
                    0.89,
                    6,
                    252.95,
                    12.26,
                    0.11,
                    2,
                    7,
                    78.17,
                    -31.56,
                    0.89,
                    6,
                    246.68,
                    -9.18,
                    0.11,
                    1,
                    7,
                    47.56,
                    -38.6,
                    1,
                    1,
                    7,
                    28.78,
                    -57.05,
                    1,
                    1,
                    7,
                    13.13,
                    -64.21,
                    1,
                    1,
                    7,
                    58,
                    -12.39,
                    1,
                    1,
                    7,
                    20.06,
                    -8.61,
                    1,
                    1,
                    7,
                    -39.89,
                    -52.68,
                    1,
                    1,
                    7,
                    -3.85,
                    -7.41,
                    1,
                    1,
                    7,
                    -11.55,
                    -37.7,
                    1,
                    1,
                    7,
                    15.95,
                    -38.04,
                    1,
                    1,
                    7,
                    -21.56,
                    -28.94,
                    1,
                    1,
                    7,
                    -22.18,
                    -64.12,
                    1,
                    1,
                    7,
                    74.68,
                    -9.91,
                    1,
                    1,
                    7,
                    67.62,
                    -35.25,
                    1,
                    1,
                    7,
                    60.56,
                    -48.79,
                    1,
                    1,
                    7,
                    43.86,
                    -67.51,
                    1
                  ]
                }
              },
              "h_telescope_wheel_1": {
                "h_telescope_wheel_1": {
                  "type": "mesh",
                  "hull": 8,
                  "uvs": [
                    0.6094,
                    0.82143,
                    0.99999,
                    0.89954,
                    0.91634,
                    0.99237,
                    0.46565,
                    0.89365,
                    0.01598,
                    0.73906,
                    0.80269,
                    0.0089,
                    0.85793,
                    0.17294,
                    0.34471,
                    0.72507
                  ],
                  "triangles": [
                    3,
                    0,
                    2,
                    2,
                    0,
                    1,
                    4,
                    7,
                    3,
                    3,
                    7,
                    0,
                    6,
                    7,
                    4,
                    6,
                    4,
                    5
                  ],
                  "vertices": [
                    2,
                    6,
                    116.28,
                    -55.16,
                    0.08,
                    7,
                    -8.4,
                    -60.71,
                    0.92,
                    2,
                    6,
                    138.92,
                    -61.52,
                    0.09,
                    7,
                    14.26,
                    -67.04,
                    0.91,
                    1,
                    7,
                    9.4,
                    -74.55,
                    1,
                    1,
                    7,
                    -16.74,
                    -66.56,
                    1,
                    1,
                    7,
                    -42.82,
                    -54.04,
                    1,
                    1,
                    7,
                    2.81,
                    5.11,
                    1,
                    2,
                    6,
                    130.77,
                    -2.65,
                    0.08,
                    7,
                    6.02,
                    -8.18,
                    0.92,
                    2,
                    6,
                    100.94,
                    -47.33,
                    0.08,
                    7,
                    -23.75,
                    -52.9,
                    0.92
                  ]
                }
              },
              "h_telescope_wheel_2": {
                "h_telescope_wheel_2": {
                  "type": "mesh",
                  "hull": 4,
                  "uvs": [
                    0.87769,
                    0.89531,
                    0.318,
                    0.94111,
                    0.11008,
                    0.04711,
                    0.65754,
                    0.04449
                  ],
                  "triangles": [
                    0,
                    1,
                    2,
                    0,
                    2,
                    3
                  ],
                  "vertices": [
                    2,
                    7,
                    20.08,
                    -73.69,
                    0.93,
                    6,
                    144.73,
                    -68.19,
                    0.07,
                    1,
                    7,
                    5.52,
                    -77.4,
                    1,
                    1,
                    7,
                    0.12,
                    -4.99,
                    1,
                    2,
                    7,
                    14.35,
                    -4.78,
                    0.93,
                    6,
                    139.11,
                    0.74,
                    0.07
                  ]
                }
              },
              "h_telescope_wheel_3": {
                "h_telescope_wheel_3": {
                  "type": "mesh",
                  "hull": 4,
                  "uvs": [
                    0.9722,
                    0.77819,
                    0.85321,
                    0.96859,
                    0.01043,
                    0.06281,
                    0.28928,
                    0.05104
                  ],
                  "triangles": [
                    1,
                    3,
                    0,
                    2,
                    3,
                    1
                  ],
                  "vertices": [
                    2,
                    7,
                    61.56,
                    -38.19,
                    0.9,
                    6,
                    186.3,
                    -32.6,
                    0.1,
                    1,
                    7,
                    54.3,
                    -48.48,
                    1,
                    1,
                    7,
                    2.89,
                    0.44,
                    1,
                    2,
                    7,
                    19.9,
                    1.07,
                    0.9,
                    6,
                    144.66,
                    6.69,
                    0.1
                  ]
                }
              }
            }
          }
        ],
        "animations": {
          "idle": {
            "bones": {
              "telescope": {
                "rotate": [
                  {
                    "curve": 0.25,
                    "c3": 0.75
                  },
                  {
                    "time": 0.2667,
                    "angle": -1,
                    "curve": 0.25,
                    "c3": 0.75
                  },
                  {
                    "time": 0.5
                  }
                ]
              },
              "wheel": {
                "rotate": [
                  {
                    "curve": 0.25,
                    "c3": 0.75
                  },
                  {
                    "time": 0.2667,
                    "angle": -1.09,
                    "curve": 0.25,
                    "c3": 0.75
                  },
                  {
                    "time": 0.5
                  }
                ]
              }
            }
          },
          "spawn": {
            "bones": {
              "telecope_base": {
                "translate": [
                  {
                    "curve": 0.25,
                    "c3": 0.75
                  },
                  {
                    "time": 0.0667,
                    "y": -2,
                    "curve": 0.25,
                    "c3": 0.75
                  },
                  {
                    "time": 0.2667,
                    "y": 5,
                    "curve": 0.25,
                    "c3": 0.75
                  },
                  {
                    "time": 0.5
                  }
                ]
              },
              "telescope": {
                "rotate": [
                  {
                    "curve": 0.25,
                    "c3": 0.75
                  },
                  {
                    "time": 0.0667,
                    "angle": -2,
                    "curve": 0.25,
                    "c3": 0.75
                  },
                  {
                    "time": 0.2667,
                    "angle": 2,
                    "curve": 0.25,
                    "c3": 0.75
                  },
                  {
                    "time": 0.5
                  }
                ]
              },
              "wheel": {
                "rotate": [
                  {
                    "curve": 0.25,
                    "c3": 0.75
                  },
                  {
                    "time": 0.0667,
                    "angle": -2.09,
                    "curve": 0.25,
                    "c3": 0.75
                  },
                  {
                    "time": 0.2667,
                    "angle": 1.91,
                    "curve": 0.25,
                    "c3": 0.75
                  },
                  {
                    "time": 0.5
                  }
                ]
              }
            }
          },
          "win": {
            "bones": {
              "telescope_ctrl": {
                "translate": [
                  {
                    "curve": 0.25,
                    "c3": 0.75
                  },
                  {
                    "time": 0.0667,
                    "x": 5.25,
                    "y": 4.77,
                    "curve": 0.25,
                    "c3": 0.75
                  },
                  {
                    "time": 0.2667,
                    "x": -6.68,
                    "y": -6.68,
                    "curve": 0.25,
                    "c3": 0.75
                  },
                  {
                    "time": 0.5
                  }
                ]
              },
              "telescope": {
                "rotate": [
                  {
                    "curve": 0.25,
                    "c3": 0.75
                  },
                  {
                    "time": 0.0667,
                    "angle": -2,
                    "curve": 0.25,
                    "c3": 0.75
                  },
                  {
                    "time": 0.2667,
                    "angle": 2,
                    "curve": 0.25,
                    "c3": 0.75
                  },
                  {
                    "time": 0.5
                  }
                ]
              },
              "wheel": {
                "rotate": [
                  {
                    "curve": 0.25,
                    "c3": 0.75
                  },
                  {
                    "time": 0.0667,
                    "angle": -2.09,
                    "curve": 0.25,
                    "c3": 0.75
                  },
                  {
                    "time": 0.2667,
                    "angle": 3.91,
                    "curve": 0.25,
                    "c3": 0.75
                  },
                  {
                    "time": 0.5
                  }
                ]
              },
              "telecope_base": {
                "scale": [
                  {
                    "curve": 0.25,
                    "c3": 0.75
                  },
                  {
                    "time": 0.0667,
                    "x": 0.98,
                    "y": 0.98,
                    "curve": 0.25,
                    "c3": 0.75
                  },
                  {
                    "time": 0.2667,
                    "x": 1.05,
                    "y": 1.05
                  }
                ]
              }
            }
          }
        }
      },
      [
        0
      ]
    ]
  ],
  0,
  0,
  [
    0
  ],
  [
    -1
  ],
  [
    0
  ]
]