[
  1,
  [
    "173465f3a",
    "1632ecc10",
    "153c55007",
    "f01Z9p2XVN5J4NEjj20edP",
    "b4hE0OqOBE1YYQpLrcg/vf",
    "10Dn36suNHMbaxqpW5th9s",
    "13ZOTf6DdLqYyl07/2fklb"
  ],
  [
    "_textureSetter",
    "value"
  ],
  [
    "cc.SpriteFrame",
    [
      "cc.AnimationClip",
      [
        "_name",
        "_duration",
        "curveData"
      ],
      1,
      11
    ]
  ],
  [
    [
      1,
      0,
      1,
      2,
      3
    ]
  ],
  [
    [
      [
        {
          "name": "bw_vfx_g_09_normal",
          "rect": [
            1,
            1,
            826,
            634
          ],
          "offset": [
            -1.5,
            2
          ],
          "originalSize": [
            829,
            638
          ],
          "capInsets": [
            0,
            0,
            0,
            0
          ]
        }
      ],
      [
        0
      ],
      0,
      [
        0
      ],
      [
        0
      ],
      [
        1
      ]
    ],
    [
      [
        {
          "name": "smw",
          "rect": [
            1,
            1,
            668,
            280
          ],
          "offset": [
            0,
            -0.5
          ],
          "originalSize": [
            670,
            281
          ],
          "capInsets": [
            0,
            0,
            0,
            0
          ]
        }
      ],
      [
        0
      ],
      0,
      [
        0
      ],
      [
        0
      ],
      [
        2
      ]
    ],
    [
      [
        {
          "name": "bw_vfx_g_08_normal",
          "rect": [
            413,
            433,
            424,
            442
          ],
          "offset": [
            0,
            0
          ],
          "originalSize": [
            424,
            442
          ],
          "rotated": 1,
          "capInsets": [
            0,
            0,
            0,
            0
          ]
        }
      ],
      [
        0
      ],
      0,
      [
        0
      ],
      [
        0
      ],
      [
        0
      ]
    ],
    [
      [
        [
          0,
          "ShowSuper",
          0.38333333333333336,
          [
            {},
            "paths",
            11,
            [
              {},
              "ParentRong",
              11,
              [
                {},
                "props",
                11,
                [
                  {},
                  "scale",
                  12,
                  [
                    [
                      [
                        {
                          "frame": 0,
                          "curve": [
                            0.18,
                            0.89,
                            0.31,
                            1.21
                          ]
                        },
                        "value",
                        8,
                        [
                          0,
                          0,
                          0
                        ]
                      ],
                      [
                        {
                          "frame": 0.38333333333333336
                        },
                        "value",
                        8,
                        [
                          0,
                          1.1,
                          1.1
                        ]
                      ]
                    ],
                    11,
                    11
                  ]
                ]
              ],
              "ParentRong/duoi",
              11,
              [
                {},
                "comps",
                11,
                [
                  {},
                  "cc.Sprite",
                  11,
                  [
                    {},
                    "spriteFrame",
                    12,
                    [
                      [
                        [
                          {
                            "frame": 0
                          },
                          "value",
                          6,
                          0
                        ]
                      ],
                      11
                    ]
                  ]
                ]
              ],
              "ParentRong/than",
              11,
              [
                {},
                "comps",
                11,
                [
                  {},
                  "cc.Sprite",
                  11,
                  [
                    {},
                    "spriteFrame",
                    12,
                    [
                      [
                        [
                          {
                            "frame": 0.016666666666666666
                          },
                          "value",
                          6,
                          1
                        ]
                      ],
                      11
                    ]
                  ]
                ]
              ],
              "ParentRong/Dau",
              11,
              [
                {},
                "comps",
                11,
                [
                  {},
                  "cc.Sprite",
                  11,
                  [
                    {},
                    "spriteFrame",
                    12,
                    [
                      [
                        [
                          {
                            "frame": 0
                          },
                          "value",
                          6,
                          2
                        ]
                      ],
                      11
                    ]
                  ]
                ]
              ],
              "ParentMoney",
              11,
              [
                {},
                "props",
                11,
                [
                  {},
                  "scale",
                  12,
                  [
                    [
                      [
                        {
                          "frame": 0
                        },
                        "value",
                        8,
                        [
                          0,
                          1,
                          1
                        ]
                      ],
                      [
                        {
                          "frame": 0.18333333333333332
                        },
                        "value",
                        8,
                        [
                          0,
                          1.2,
                          1.2
                        ]
                      ],
                      [
                        {
                          "frame": 0.35
                        },
                        "value",
                        8,
                        [
                          0,
                          1,
                          1
                        ]
                      ]
                    ],
                    11,
                    11,
                    11
                  ]
                ]
              ],
              "ParentMoney/bw",
              11,
              [
                {},
                "comps",
                11,
                [
                  {},
                  "cc.Sprite",
                  11,
                  [
                    {},
                    "spriteFrame",
                    12,
                    [
                      [
                        [
                          {
                            "frame": 0
                          },
                          "value",
                          6,
                          3
                        ]
                      ],
                      11
                    ]
                  ]
                ]
              ]
            ]
          ]
        ]
      ],
      0,
      0,
      [
        0,
        0,
        0,
        0
      ],
      [
        1,
        1,
        1,
        1
      ],
      [
        3,
        4,
        5,
        6
      ]
    ],
    [
      [
        {
          "name": "bw_vfx_g_07_normal",
          "rect": [
            1,
            1,
            330,
            217
          ],
          "offset": [
            0,
            0
          ],
          "originalSize": [
            330,
            217
          ],
          "capInsets": [
            0,
            0,
            0,
            0
          ]
        }
      ],
      [
        0
      ],
      0,
      [
        0
      ],
      [
        0
      ],
      [
        0
      ]
    ]
  ]
]