[1,["5dHU9jlLRBcKyGBVWnp5MY"],["_textureSetter"],["cc.SpriteFrame"],0,[[[{"name":"info_particle_a_05","rect":[1,417,156,82],"offset":[-2,53],"originalSize":[540,1170],"capInsets":[0,0,0,0]}],[0],0,[0],[0],[0]],[[{"name":"info_particle_a_09","rect":[851,1,168,110],"offset":[-3,42],"originalSize":[540,1170],"capInsets":[0,0,0,0]}],[0],0,[0],[0],[0]],[[{"name":"info_particle_a_12","rect":[709,1,174,140],"offset":[-3,31],"originalSize":[540,1170],"rotated":1,"capInsets":[0,0,0,0]}],[0],0,[0],[0],[0]],[[{"name":"info_particle_a_21","rect":[179,1,178,202],"offset":[-4,-1],"originalSize":[540,1170],"capInsets":[0,0,0,0]}],[0],0,[0],[0],[0]],[[{"name":"info_particle_a_11","rect":[763,357,172,128],"offset":[-3,35],"originalSize":[540,1170],"capInsets":[0,0,0,0]}],[0],0,[0],[0],[0]],[[{"name":"info_particle_a_02","rect":[649,359,142,60],"offset":[-1,57],"originalSize":[540,1170],"rotated":1,"capInsets":[0,0,0,0]}],[0],0,[0],[0],[0]],[[{"name":"info_particle_a_20","rect":[179,205,178,198],"offset":[-4,0],"originalSize":[540,1170],"capInsets":[0,0,0,0]}],[0],0,[0],[0],[0]],[[{"name":"info_particle_a_10","rect":[477,379,170,120],"offset":[-3,39],"originalSize":[540,1170],"capInsets":[0,0,0,0]}],[0],0,[0],[0],[0]],[[{"name":"info_particle_a_14","rect":[539,181,176,160],"offset":[-3,21],"originalSize":[540,1170],"rotated":1,"capInsets":[0,0,0,0]}],[0],0,[0],[0],[0]],[[{"name":"info_particle_a_19","rect":[1,209,176,206],"offset":[-3,-4],"originalSize":[540,1170],"capInsets":[0,0,0,0]}],[0],0,[0],[0],[0]],[[{"name":"info_particle_a_00","rect":[851,309,126,36],"offset":[1,57],"originalSize":[540,1170],"capInsets":[0,0,0,0]}],[0],0,[0],[0],[0]],[[{"name":"info_particle_a_08","rect":[851,113,166,102],"offset":[-3,45],"originalSize":[540,1170],"capInsets":[0,0,0,0]}],[0],0,[0],[0],[0]],[[{"name":"info_particle_a_01","rect":[711,357,134,50],"offset":[1,57],"originalSize":[540,1170],"rotated":1,"capInsets":[0,0,0,0]}],[0],0,[0],[0],[0]],[[{"name":"info_particle_a_17","rect":[359,1,176,192],"offset":[-4,3],"originalSize":[540,1170],"capInsets":[0,0,0,0]}],[0],0,[0],[0],[0]],[[{"name":"info_particle_a_04","rect":[159,417,152,76],"offset":[-1,55],"originalSize":[540,1170],"capInsets":[0,0,0,0]}],[0],0,[0],[0],[0]],[[{"name":"info_particle_a_03","rect":[937,347,146,70],"offset":[-1,57],"originalSize":[540,1170],"rotated":1,"capInsets":[0,0,0,0]}],[0],0,[0],[0],[0]],[[{"name":"info_particle_a_07","rect":[313,405,162,96],"offset":[-2,48],"originalSize":[540,1170],"capInsets":[0,0,0,0]}],[0],0,[0],[0],[0]],[[{"name":"info_particle_a_15","rect":[537,1,178,170],"offset":[-4,15],"originalSize":[540,1170],"rotated":1,"capInsets":[0,0,0,0]}],[0],0,[0],[0],[0]],[[{"name":"info_particle_a_18","rect":[1,1,176,206],"offset":[-4,-3],"originalSize":[540,1170],"capInsets":[0,0,0,0]}],[0],0,[0],[0],[0]],[[{"name":"info_particle_a_06","rect":[851,217,160,90],"offset":[-2,51],"originalSize":[540,1170],"capInsets":[0,0,0,0]}],[0],0,[0],[0],[0]],[[{"name":"info_particle_a_13","rect":[701,181,174,148],"offset":[-3,26],"originalSize":[540,1170],"rotated":1,"capInsets":[0,0,0,0]}],[0],0,[0],[0],[0]],[[{"name":"info_particle_a_16","rect":[359,195,178,182],"offset":[-4,10],"originalSize":[540,1170],"capInsets":[0,0,0,0]}],[0],0,[0],[0],[0]]]]