[1,["b8vk9AwklJ6aFf58ZzUdZs","ffzRUXL4pDXKrrI2U/zjB3","080d0CaV9E/JlKGtfA+0C4","37pWAW41RKHI8O5Sc6f+K3","8co+hM7kxKrb7ebuMX4uPV","fcUTEkAaVPn5PbPkggOFOb","75xyWUEX1BGZiKwzW6wudP","eaBGPOSmxHP4oaj2egOlBR","569VBFCy1DRJKkWuuWLcfg","c1h6n48gRHI7L9puWDGezB","1fAAkkO4tEd7WuxKRiJdeg","c7eb+JNctNLqLNc8kVBjgi","66xeUcjhNJwqiaJ4Kzme6E","bbdN0WoO5FLbJLFBZpx9Cs","2aq0dREixBq4PD790qG+Ld","1c48HOY5JMF4NTiEbKh8sK"],["_textureSetter","0","1","2","3","4","5","6","7","8","9","infobar_multiplier","infobar_b","comma","decimal","infobar_a"],["cc.SpriteFrame",["cc.SpriteAtlas",["_name","_spriteFrames"],2,11]],[[1,0,1,2]],[[[{"name":"1","rect":[634,240,14,42],"offset":[0,0],"originalSize":[14,42],"capInsets":[0,0,0,0]}],[0],0,[0],[0],[0]],[[{"name":"9","rect":[681,282,26,40],"offset":[0,0],"originalSize":[26,40],"capInsets":[0,0,0,0]}],[0],0,[0],[0],[0]],[[{"name":"decimal","rect":[653,312,8,8],"offset":[0,0],"originalSize":[8,8],"capInsets":[0,0,0,0]}],[0],0,[0],[0],[0]],[[{"name":"2","rect":[584,240,24,43],"offset":[0,0],"originalSize":[24,43],"capInsets":[0,0,0,0]}],[0],0,[0],[0],[0]],[[{"name":"7","rect":[596,285,29,40],"offset":[0,0],"originalSize":[29,40],"rotated":1,"capInsets":[0,0,0,0]}],[0],0,[0],[0],[0]],[[{"name":"infobar_b","rect":[1,1,756,131],"offset":[0,0],"originalSize":[756,131],"capInsets":[0,0,0,0]}],[0],0,[0],[0],[0]],[[{"name":"5","rect":[610,240,22,43],"offset":[0,0],"originalSize":[22,43],"capInsets":[0,0,0,0]}],[0],0,[0],[0],[0]],[[[0,"Alats2.plist",[{},"0",6,0,"1",6,1,"2",6,2,"3",6,3,"4",6,4,"5",6,5,"6",6,6,"7",6,7,"8",6,8,"9",6,9,"infobar_multiplier",6,10,"infobar_b",6,11,"comma",6,12,"decimal",6,13,"infobar_a",6,14]]],0,0,[0,0,0,0,0,0,0,0,0,0,0,0,0,0,0],[1,2,3,4,5,6,7,8,9,10,11,12,13,14,15],[1,2,3,4,5,6,7,8,9,10,11,12,13,14,15]],[[{"name":"3","rect":[650,240,23,41],"offset":[0,0],"originalSize":[23,41],"capInsets":[0,0,0,0]}],[0],0,[0],[0],[0]],[[{"name":"comma","rect":[638,312,10,13],"offset":[0,0],"originalSize":[10,13],"rotated":1,"capInsets":[0,0,0,0]}],[0],0,[0],[0],[0]],[[{"name":"8","rect":[553,240,29,43],"offset":[0,0],"originalSize":[29,43],"capInsets":[0,0,0,0]}],[0],0,[0],[0],[0]],[[{"name":"6","rect":[675,240,26,40],"offset":[0,0],"originalSize":[26,40],"capInsets":[0,0,0,0]}],[0],0,[0],[0],[0]],[[{"name":"4","rect":[638,284,26,41],"offset":[0,0],"originalSize":[26,41],"rotated":1,"capInsets":[0,0,0,0]}],[0],0,[0],[0],[0]],[[{"name":"0","rect":[553,285,34,41],"offset":[0,0],"originalSize":[34,41],"rotated":1,"capInsets":[0,0,0,0]}],[0],0,[0],[0],[0]]]]