[1,["ecpdLyjvZBwrvm+cedCcQy","a3YoO89lhAarPV2R70zcjb","05FsQBhhFNw6+R7XO7UarJ","01H+S99DpKaZrAzXAKWHw3","99bO2NbKJFVrzSBerpf/z0","cdNuFtTaBJQoqkHdcIffEV","a421uP0ghK344gnqY5j1Gu","23DffmhupKiIop+gL8hnm5","6f+HdrwhpIBa/97jJrYyLf","0611p69ClPRab41M+c71Hw","52U6tTUNtL74RzTsAIL4BZ","04fC9M7fdPzZEsOzLRNqSg","98Dx/PdcxFZLvLaaejPMWG","11xygNiQZCXI68/h44Hlhd","156BhRpSVBz7mAtsUAhNEp","55bMBWPJNAkJO/jZLX90V6","a9KW+U3SZBW7sNWPt846t/","9aESxLVPFIT6VRtMmF1cuV"],["node","_spriteFrame","_defaultClip","_textureSetter","root","btnBatDau","data","_parent","atlas"],[["cc.Node",["_name","_prefab","_contentSize","_components","_parent","_children","_trs","_anchorPoint"],2,4,5,9,1,2,7,5],["cc.Sprite",["_dstBlendFactor","_sizeMode","_isTrimmedMode","node","_materials","_spriteFrame"],0,1,3,6],"cc.SpriteFrame",["cc.PrefabInfo",["fileId","root","asset"],2,1,1],["cc.AnimationClip",["_name","_duration","sample","curveData"],0,11],["cc.Prefab",["_name"],2],["cc.Node",["_name","_parent","_children","_components","_prefab","_contentSize","_trs"],2,1,2,2,4,5,7],["2ed2b/LVTtMvaxApWyarzqB",["node","btnBatDau"],3,1,1],["cc.Animation",["playOnLoad","node","_clips","_defaultClip"],2,1,3,6],["ef6cdgak0JA7Klp9LwbTgyF",["tempReplaceAtlas","isPrefix","_string","_maxWidth","listFS","node","atlas"],-2,1,6],["cc.Button",["node"],3,1]],[[3,0,1,2,2],[0,0,4,3,1,2,6,2],[1,3,4,5,1],[8,0,1,2,3,2],[1,0,3,4,5,2],[0,0,4,5,1,2,7,6,2],[0,0,4,3,1,2,7,2],[0,0,4,3,1,2,2],[1,0,1,2,3,4,5,4],[4,0,1,2,3,4],[5,0,2],[0,0,5,3,1,2,2],[0,0,5,3,1,2,6,2],[0,0,4,5,1,6,2],[6,0,1,2,3,4,5,6,2],[7,0,1,1],[3,1,2,1],[9,0,1,2,3,4,5,6,6],[1,1,2,3,4,5,3],[10,0,1]],[[[{"name":"11","rect":[0,0,540,1170],"offset":[0,0],"originalSize":[540,1170],"capInsets":[0,0,0,0]}],[2],0,[0],[3],[5]],[[{"name":"48","rect":[0,0,353,424],"offset":[0,0],"originalSize":[353,424],"capInsets":[0,0,0,0]}],[2],0,[0],[3],[6]],[[[9,"ShowFS3",1.1333333333333333,30,[{},"paths",11,[{"bl_desc":{"props":{"opacity":[{"frame":0,"value":0},{"frame":0.4666666666666667,"value":0},{"frame":0.6333333333333333,"value":255}]}}},"21",11,[{},"props",11,[{},"scale",12,[[[{"frame":0},"value",8,[0,2.329,2.329]],[{"frame":0.2},"value",8,[0,6.545,6.545]],[{"frame":0.5333333333333333},"value",8,[0,2.103,2.103]]],11,11,11]]],"ParentInfo",11,[{},"props",11,[{},"scale",12,[[[{"frame":0,"curve":[0.18,0.89,0.31,1.21]},"value",8,[0,0,0]],[{"frame":0.5333333333333333},"value",8,[0,1,1]]],11,11]]],"BtnStart",11,[{},"props",11,[{},"scale",12,[[[{"frame":0},"value",8,[0,0,0]],[{"frame":0.8,"curve":[0.18,0.89,0.31,1.21]},"value",8,[0,0,0]],[{"frame":1.1333333333333333},"value",8,[0,1,1]]],11,11,11]]]]]]],0,0,[],[],[]],[[[10,"ShowFreeSpin"],[11,"ShowFreeSpin",[-5,-6,-7,-8,-9,-10,-11,-12],[[15,-3,-2],[3,true,-4,[30],29]],[16,-1,0],[5,720,1280]],[14,"BtnStart",1,[-14,-15,-16],[-13],[0,"42sRgJVuNNc7e9Nzlplbt5",1,0],[5,300,150],[0,-310.615,0,0,0,0,1,1,1,1]],[12,"LbMono",[-18,-19],[[17,"big_",true,"12",100,[null,null,null,null,null,null,null,null,null,null,null,null],-17,18]],[0,"53HWfDUYZHoaCvd7QunYN4",1,0],[5,200,0],[0,78.315,0,0,0,0,1,1,1,1]],[1,"bl_vfx_d_add_00",1,[[8,1,2,false,-20,[8],9],[3,true,-21,[11],10]],[0,"baS3ijZJdGJp7jUQe+J+Z9",1,0],[5,324,702],[0,-204.671,0,0,0,0,1,2.944,2.944,2.944]],[13,"ParentInfo",1,[-22,3],[0,"b8xA11s7dFQ7BR7dMyyG8L",1,0],[0,246.417,0,0,0,0,1,1,1,1]],[1,"btn_vfx_b_add_00",2,[[8,1,2,false,-23,[25],26],[3,true,-24,[28],27]],[0,"54zMk9+lVPIKcOvz3KObcG",1,0],[5,456,198],[0,0,0,0,0,0,1,1.369,1.369,1.369]],[1,"11",1,[[2,-25,[0],1]],[0,"1eapeJPfRCfZDRZZJu0Hig",1,0],[5,540,1170],[0,0,0,0,0,0,1,1.341,1.341,1.341]],[1,"96",1,[[4,1,-26,[2],3]],[0,"f7a6nFrbFE6qPK84NXs8Fn",1,0],[5,353,424],[0,628.403,0,0,0,0,1,2.779,2.779,2.779]],[1,"loopHaoQuang",1,[[4,1,-27,[4],5]],[0,"b0FR5cboZKfpIa+vcZwr4i",1,0],[5,372,305],[0,360.634,0,0,0,0,1,2.684,2.684,2.684]],[1,"21",1,[[4,1,-28,[6],7]],[0,"651U+QagdCDot5oD+1UMxl",1,0],[5,372,305],[0,318.856,0,0,0,0,1,3.196,3.196,3.196]],[1,"fs",5,[[2,-29,[12],13]],[0,"476MN60lhMNrheVvOZV3GX",1,0],[5,631,279],[0,-72.748,0,0,0,0,1,1,1,1]],[5,"1",3,[-30],[0,"e3ct141F1NnJ6x+UQKw1bC",1,0],[5,100,0],[0,0.5,0],[-50,-10,0,0,0,0,1,1,1,1]],[6,"New Node",12,[[2,-31,[14],15]],[0,"acziCeN0BKI4BClBRv4sBt",1,0],[5,90,186],[0,0.5,0]],[5,"2",3,[-32],[0,"d4gEu76XtFG5Llt9H/Zo+0",1,0],[5,100,0],[0,0.5,0],[50,-10,0,0,0,0,1,1,1,1]],[6,"New Node",14,[[2,-33,[16],17]],[0,"e0up081uxHqLhiiys1vQhu",1,0],[5,130,180],[0,0.5,0]],[1,"bl_desc",1,[[2,-34,[19],20]],[0,"3bc8Y0qR1F9Kj2Vbiq0rjv",1,0],[5,636,221],[0,-52.183,0,0,0,0,1,1,1,1]],[7,"55",2,[[2,-35,[21],22]],[0,"9eBHfsQmdMupvnODPfV+Qv",1,0],[5,368,160]],[7,"start",2,[[18,2,false,-36,[23],24]],[0,"baC5BBW8xOGLgwOShKSlx7",1,0],[5,257,102]],[19,2]],0,[0,4,1,0,5,19,0,0,1,0,0,1,0,-1,7,0,-2,8,0,-3,9,0,-4,10,0,-5,4,0,-6,5,0,-7,16,0,-8,2,0,-1,19,0,-1,17,0,-2,18,0,-3,6,0,0,3,0,-1,12,0,-2,14,0,0,4,0,0,4,0,-1,11,0,0,6,0,0,6,0,0,7,0,0,8,0,0,9,0,0,10,0,0,11,0,-1,13,0,0,13,0,-1,15,0,0,15,0,0,16,0,0,17,0,0,18,0,6,1,3,7,5,36],[0,0,0,0,0,0,0,0,0,0,0,0,0,0,0,0,0,0,0,0,0,0,0,0,0,0,0,0,0,0,0],[-1,1,-1,1,-1,1,-1,1,-1,1,2,-1,-1,1,-1,1,-1,1,8,-1,1,-1,1,-1,1,-1,1,2,-1,2,-1],[0,7,0,8,0,1,0,1,0,9,2,2,0,10,0,11,0,12,13,0,14,0,15,0,16,0,17,3,3,4,4]]]]