[1,["7e0H5lSZ1OZ7Nv0nv/Q3Uf"],["_textureSetter"],["cc.SpriteFrame"],0,[[[{"name":"ps_line_d_06","rect":[1,625,206,618],"offset":[0,0],"originalSize":[206,618],"rotated":1,"capInsets":[0,0,0,0]}],[0],0,[0],[0],[0]],[[{"name":"ps_line_d_09","rect":[621,833,206,618],"offset":[0,0],"originalSize":[206,618],"rotated":1,"capInsets":[0,0,0,0]}],[0],0,[0],[0],[0]],[[{"name":"ps_line_d_14","rect":[1,1457,206,618],"offset":[0,0],"originalSize":[206,618],"rotated":1,"capInsets":[0,0,0,0]}],[0],0,[0],[0],[0]],[[{"name":"ps_line_d_15","rect":[621,1457,206,618],"offset":[0,0],"originalSize":[206,618],"rotated":1,"capInsets":[0,0,0,0]}],[0],0,[0],[0],[0]],[[{"name":"ps_line_d_00","rect":[1,1,206,618],"offset":[0,0],"originalSize":[206,618],"rotated":1,"capInsets":[0,0,0,0]}],[0],0,[0],[0],[0]],[[{"name":"ps_line_d_05","rect":[621,417,206,618],"offset":[0,0],"originalSize":[206,618],"rotated":1,"capInsets":[0,0,0,0]}],[0],0,[0],[0],[0]],[[{"name":"ps_line_d_07","rect":[621,625,206,618],"offset":[0,0],"originalSize":[206,618],"rotated":1,"capInsets":[0,0,0,0]}],[0],0,[0],[0],[0]],[[{"name":"ps_line_d_01","rect":[621,1,206,618],"offset":[0,0],"originalSize":[206,618],"rotated":1,"capInsets":[0,0,0,0]}],[0],0,[0],[0],[0]],[[{"name":"ps_line_d_12","rect":[1,1249,206,618],"offset":[0,0],"originalSize":[206,618],"rotated":1,"capInsets":[0,0,0,0]}],[0],0,[0],[0],[0]],[[{"name":"ps_line_d_11","rect":[621,1041,206,618],"offset":[0,0],"originalSize":[206,618],"rotated":1,"capInsets":[0,0,0,0]}],[0],0,[0],[0],[0]],[[{"name":"ps_line_d_03","rect":[621,209,206,618],"offset":[0,0],"originalSize":[206,618],"rotated":1,"capInsets":[0,0,0,0]}],[0],0,[0],[0],[0]],[[{"name":"ps_line_d_08","rect":[1,833,206,618],"offset":[0,0],"originalSize":[206,618],"rotated":1,"capInsets":[0,0,0,0]}],[0],0,[0],[0],[0]],[[{"name":"ps_line_d_04","rect":[1,417,206,618],"offset":[0,0],"originalSize":[206,618],"rotated":1,"capInsets":[0,0,0,0]}],[0],0,[0],[0],[0]],[[{"name":"ps_line_d_02","rect":[1,209,206,618],"offset":[0,0],"originalSize":[206,618],"rotated":1,"capInsets":[0,0,0,0]}],[0],0,[0],[0],[0]],[[{"name":"ps_line_d_10","rect":[1,1041,206,618],"offset":[0,0],"originalSize":[206,618],"rotated":1,"capInsets":[0,0,0,0]}],[0],0,[0],[0],[0]],[[{"name":"ps_line_d_13","rect":[621,1249,206,618],"offset":[0,0],"originalSize":[206,618],"rotated":1,"capInsets":[0,0,0,0]}],[0],0,[0],[0],[0]]]]