[1,["aaZGCdX31PXYUglbW+AtcS"],["_textureSetter"],["cc.SpriteFrame"],0,[[[{"name":"firework_b_10","rect":[372,1,376,369],"offset":[0,0],"originalSize":[376,369],"rotated":1,"capInsets":[0,0,0,0]}],[0],0,[0],[0],[0]],[[{"name":"firework_b_05","rect":[1479,375,368,363],"offset":[0,0],"originalSize":[368,363],"capInsets":[0,0,0,0]}],[0],0,[0],[0],[0]],[[{"name":"firework_b_09","rect":[1,379,376,369],"offset":[0,0],"originalSize":[376,369],"rotated":1,"capInsets":[0,0,0,0]}],[0],0,[0],[0],[0]],[[{"name":"firework_b_06","rect":[1479,1,372,367],"offset":[0,0],"originalSize":[372,367],"rotated":1,"capInsets":[0,0,0,0]}],[0],0,[0],[0],[0]],[[{"name":"firework_b_04","rect":[1479,740,360,353],"offset":[0,0],"originalSize":[360,353],"capInsets":[0,0,0,0]}],[0],0,[0],[0],[0]],[[{"name":"firework_b_01","rect":[318,757,268,279],"offset":[0,0],"originalSize":[268,279],"capInsets":[0,0,0,0]}],[0],0,[0],[0],[0]],[[{"name":"firework_b_11","rect":[741,379,376,367],"offset":[0,0],"originalSize":[376,367],"rotated":1,"capInsets":[0,0,0,0]}],[0],0,[0],[0],[0]],[[{"name":"firework_b_14","rect":[1110,379,374,367],"offset":[0,0],"originalSize":[374,367],"rotated":1,"capInsets":[0,0,0,0]}],[0],0,[0],[0],[0]],[[{"name":"firework_b_02","rect":[1,757,316,315],"offset":[0,0],"originalSize":[316,315],"rotated":1,"capInsets":[0,0,0,0]}],[0],0,[0],[0],[0]],[[{"name":"firework_b_13","rect":[1112,1,376,365],"offset":[0,0],"originalSize":[376,365],"rotated":1,"capInsets":[0,0,0,0]}],[0],0,[0],[0],[0]],[[{"name":"firework_b_03","rect":[1110,755,344,337],"offset":[0,0],"originalSize":[344,337],"capInsets":[0,0,0,0]}],[0],0,[0],[0],[0]],[[{"name":"firework_b_07","rect":[372,379,376,367],"offset":[0,0],"originalSize":[376,367],"rotated":1,"capInsets":[0,0,0,0]}],[0],0,[0],[0],[0]],[[{"name":"firework_b_12","rect":[743,1,376,367],"offset":[0,0],"originalSize":[376,367],"rotated":1,"capInsets":[0,0,0,0]}],[0],0,[0],[0],[0]],[[{"name":"firework_b_08","rect":[1,1,376,369],"offset":[0,0],"originalSize":[376,369],"rotated":1,"capInsets":[0,0,0,0]}],[0],0,[0],[0],[0]]]]