[
  1,
  [
    "d2KcQccGxOO7VccLnAhE/0"
  ],
  [
    "_texture"
  ],
  [
    [
      "dragonBones.DragonBonesAtlasAsset",
      [
        "_name",
        "_atlasJson"
      ],
      1
    ]
  ],
  [
    [
      0,
      0,
      1,
      3
    ]
  ],
  [
    [
      0,
      "Volcano_tex_1",
      "{\"SubTexture\":[{\"width\":204,\"y\":2,\"height\":165,\"name\":\"BG/light_b\",\"x\":1221},{\"width\":250,\"y\":269,\"height\":240,\"name\":\"BG/SMOK_4\",\"x\":958},{\"width\":330,\"y\":828,\"height\":285,\"name\":\"BG/FIRE_4\",\"x\":921},{\"frameX\":-19,\"frameHeight\":237,\"y\":1081,\"frameY\":0,\"frameWidth\":551,\"width\":531,\"height\":236,\"name\":\"BG/light_a\",\"x\":388},{\"width\":388,\"y\":1525,\"height\":272,\"name\":\"BG/SMOK\",\"x\":921},{\"width\":757,\"y\":1449,\"height\":227,\"name\":\"BG/fog\",\"x\":2},{\"frameX\":-76,\"frameHeight\":687,\"y\":2,\"frameY\":0,\"frameWidth\":477,\"width\":384,\"height\":508,\"name\":\"BG/L_TREE\",\"x\":572},{\"width\":74,\"y\":856,\"height\":133,\"name\":\"BG/L_grass_2\",\"x\":1253},{\"width\":159,\"y\":443,\"height\":132,\"name\":\"BG/L_grass_1\",\"x\":1355},{\"frameX\":0,\"frameHeight\":742,\"y\":2,\"frameY\":0,\"frameWidth\":578,\"width\":568,\"height\":602,\"name\":\"BG/R_TREE\",\"x\":2},{\"frameX\":-76,\"frameHeight\":249,\"y\":1304,\"frameY\":-18,\"frameWidth\":405,\"width\":315,\"height\":153,\"name\":\"BG/R_TREE_2\",\"x\":1333},{\"frameX\":-89,\"frameHeight\":638,\"y\":511,\"frameY\":-283,\"frameWidth\":551,\"width\":225,\"height\":201,\"name\":\"BG/R_TREE_1\",\"x\":1128},{\"width\":303,\"y\":512,\"height\":314,\"name\":\"BG/R_grass\",\"x\":823},{\"width\":186,\"y\":512,\"height\":79,\"name\":\"BG/R_grass_1\",\"x\":572},{\"frameX\":-27,\"frameHeight\":198,\"y\":577,\"frameY\":0,\"frameWidth\":128,\"width\":101,\"height\":135,\"name\":\"BG/R_grass_2\",\"x\":1355},{\"width\":261,\"y\":2,\"height\":265,\"name\":\"BG/light_c\",\"x\":958},{\"width\":570,\"y\":1319,\"height\":204,\"name\":\"BG/SMOK_1\",\"x\":761},{\"frameX\":-34,\"frameHeight\":190,\"y\":1115,\"frameY\":-1,\"frameWidth\":492,\"width\":416,\"height\":187,\"name\":\"BG/SMOK_2\",\"x\":921},{\"frameX\":-3,\"frameHeight\":129,\"y\":286,\"frameY\":-3,\"frameWidth\":164,\"width\":158,\"height\":123,\"name\":\"BG/FIRE_1\",\"x\":1459},{\"frameX\":-3,\"frameHeight\":129,\"y\":1319,\"frameY\":-3,\"frameWidth\":164,\"width\":158,\"height\":123,\"name\":\"BG/FIRE_2\",\"x\":577},{\"frameX\":-4,\"frameHeight\":200,\"y\":1525,\"frameY\":-3,\"frameWidth\":149,\"width\":142,\"height\":194,\"name\":\"BG/FIRE_3\",\"x\":761},{\"frameX\":0,\"frameHeight\":643,\"y\":606,\"frameY\":-170,\"frameWidth\":500,\"width\":433,\"height\":473,\"name\":\"BG/final_coin_LIGHT\",\"x\":388},{\"width\":94,\"y\":970,\"height\":99,\"name\":\"BG/final_coin_LIGHT_1\",\"x\":823},{\"frameX\":-189,\"frameHeight\":918,\"y\":606,\"frameY\":-31,\"frameWidth\":573,\"width\":384,\"height\":841,\"name\":\"BG/FG_END_TREE_1\",\"x\":2},{\"frameX\":0,\"frameHeight\":310,\"y\":1319,\"frameY\":0,\"frameWidth\":187,\"width\":187,\"height\":108,\"name\":\"BG/FG_END_TREE_L2\",\"x\":388},{\"width\":247,\"y\":269,\"height\":172,\"name\":\"BG/FG_END_TREE_L3\",\"x\":1210},{\"width\":341,\"y\":1525,\"height\":234,\"name\":\"BG/FG_END_TREE_R1\",\"x\":1311},{\"frameX\":-29,\"frameHeight\":140,\"y\":2,\"frameY\":-2,\"frameWidth\":150,\"width\":85,\"height\":136,\"name\":\"BG/coin_s/coin_0005_money_00005.png\",\"x\":1943},{\"width\":150,\"y\":714,\"height\":140,\"name\":\"BG/coin_s/coin_0001_money_00001.png\",\"x\":1253},{\"frameX\":-5,\"frameHeight\":140,\"y\":144,\"frameY\":0,\"frameWidth\":150,\"width\":142,\"height\":140,\"name\":\"BG/coin_s/coin_0013_money_00013.png\",\"x\":1459},{\"frameX\":-3,\"frameHeight\":140,\"y\":2,\"frameY\":0,\"frameWidth\":150,\"width\":141,\"height\":140,\"name\":\"BG/coin_s/coin_0002_money_00002.png\",\"x\":1579},{\"frameX\":-9,\"frameHeight\":140,\"y\":144,\"frameY\":0,\"frameWidth\":150,\"width\":125,\"height\":140,\"name\":\"BG/coin_s/coin_0003_money_00003.png\",\"x\":1734},{\"width\":150,\"y\":2,\"height\":140,\"name\":\"BG/coin_s/coin_0014_money_00014.png\",\"x\":1427},{\"frameX\":-23,\"frameHeight\":140,\"y\":2,\"frameY\":0,\"frameWidth\":150,\"width\":109,\"height\":140,\"name\":\"BG/coin_s/coin_0011_money_00011.png\",\"x\":1722},{\"frameX\":-12,\"frameHeight\":140,\"y\":144,\"frameY\":0,\"frameWidth\":150,\"width\":129,\"height\":140,\"name\":\"BG/coin_s/coin_0012_money_00012.png\",\"x\":1603},{\"frameX\":-36,\"frameHeight\":140,\"y\":828,\"frameY\":0,\"frameWidth\":150,\"width\":87,\"height\":140,\"name\":\"BG/coin_s/coin_0010_money_00010.png\",\"x\":823},{\"frameX\":-17,\"frameHeight\":140,\"y\":2,\"frameY\":-2,\"frameWidth\":150,\"width\":108,\"height\":136,\"name\":\"BG/coin_s/coin_0004_money_00004.png\",\"x\":1833}],\"width\":2048,\"height\":1800,\"name\":\"Volcano\",\"imagePath\":\"Volcano_tex_1.png\"}"
    ]
  ],
  0,
  0,
  [
    0
  ],
  [
    0
  ],
  [
    0
  ]
]