[1,["6bo1s9YyZLyIYP/c8XZlM0"],["_textureSetter"],["cc.SpriteFrame"],0,[[[{"name":"info_board_vfx_a_screen_10","rect":[377,769,700,190],"offset":[1,0],"originalSize":[756,196],"rotated":1,"capInsets":[0,0,0,0]}],[0],0,[0],[0],[0]],[[{"name":"info_board_vfx_a_screen_00","rect":[777,1819,166,188],"offset":[0,0],"originalSize":[756,196],"rotated":1,"capInsets":[0,0,0,0]}],[0],0,[0],[0],[0]],[[{"name":"info_board_vfx_a_screen_08","rect":[763,611,640,192],"offset":[0,0],"originalSize":[756,196],"rotated":1,"capInsets":[0,0,0,0]}],[0],0,[0],[0],[0]],[[{"name":"info_board_vfx_a_screen_02","rect":[583,1449,310,192],"offset":[-1,0],"originalSize":[756,196],"rotated":1,"capInsets":[0,0,0,0]}],[0],0,[0],[0],[0]],[[{"name":"info_board_vfx_a_screen_06","rect":[777,1253,564,192],"offset":[0,0],"originalSize":[756,196],"rotated":1,"capInsets":[0,0,0,0]}],[0],0,[0],[0],[0]],[[{"name":"info_board_vfx_a_screen_13","rect":[1,1,756,190],"offset":[0,0],"originalSize":[756,196],"capInsets":[0,0,0,0]}],[0],0,[0],[0],[0]],[[{"name":"info_board_vfx_a_screen_15","rect":[1,385,756,190],"offset":[0,0],"originalSize":[756,196],"capInsets":[0,0,0,0]}],[0],0,[0],[0],[0]],[[{"name":"info_board_vfx_a_screen_11","rect":[185,769,728,190],"offset":[0,0],"originalSize":[756,196],"rotated":1,"capInsets":[0,0,0,0]}],[0],0,[0],[0],[0]],[[{"name":"info_board_vfx_a_screen_05","rect":[389,1471,506,192],"offset":[0,0],"originalSize":[756,196],"rotated":1,"capInsets":[0,0,0,0]}],[0],0,[0],[0],[0]],[[{"name":"info_board_vfx_a_screen_12","rect":[1,577,754,190],"offset":[-1,0],"originalSize":[756,196],"capInsets":[0,0,0,0]}],[0],0,[0],[0],[0]],[[{"name":"info_board_vfx_a_screen_04","rect":[1,1527,440,192],"offset":[0,0],"originalSize":[756,196],"rotated":1,"capInsets":[0,0,0,0]}],[0],0,[0],[0],[0]],[[{"name":"info_board_vfx_a_screen_03","rect":[195,1499,372,192],"offset":[0,0],"originalSize":[756,196],"rotated":1,"capInsets":[0,0,0,0]}],[0],0,[0],[0],[0]],[[{"name":"info_board_vfx_a_screen_09","rect":[569,769,678,192],"offset":[0,0],"originalSize":[756,196],"rotated":1,"capInsets":[0,0,0,0]}],[0],0,[0],[0],[0]],[[{"name":"info_board_vfx_a_screen_16","rect":[1,769,756,182],"offset":[0,0],"originalSize":[756,196],"rotated":1,"capInsets":[0,0,0,0]}],[0],0,[0],[0],[0]],[[{"name":"info_board_vfx_a_screen_14","rect":[1,193,756,190],"offset":[0,0],"originalSize":[756,196],"capInsets":[0,0,0,0]}],[0],0,[0],[0],[0]],[[{"name":"info_board_vfx_a_screen_07","rect":[759,1,608,192],"offset":[-1,0],"originalSize":[756,196],"rotated":1,"capInsets":[0,0,0,0]}],[0],0,[0],[0],[0]],[[{"name":"info_board_vfx_a_screen_01","rect":[583,1761,238,192],"offset":[0,0],"originalSize":[756,196],"rotated":1,"capInsets":[0,0,0,0]}],[0],0,[0],[0],[0]]]]