[1,["83NprbnzFPCoIS3imjPU5t"],["_textureSetter"],["cc.SpriteFrame"],0,[[[{"name":"bw_vfx_h_screen_03","rect":[1242,822,350,350],"offset":[0,0],"originalSize":[350,350],"capInsets":[0,0,0,0]}],[0],0,[0],[0],[0]],[[{"name":"water_splash_screen","rect":[1431,1174,171,145],"offset":[0,0],"originalSize":[171,145],"capInsets":[0,0,0,0]}],[0],0,[0],[0],[0]],[[{"name":"smw_e_screen","rect":[1,1,547,783],"offset":[0,0],"originalSize":[547,783],"capInsets":[0,0,0,0]}],[0],0,[0],[0],[0]],[[{"name":"smw_b","rect":[1,786,547,680],"offset":[0,0],"originalSize":[547,680],"capInsets":[0,0,0,0]}],[0],0,[0],[0],[0]],[[{"name":"smw_a","rect":[550,1,459,792],"offset":[0,0],"originalSize":[459,792],"capInsets":[0,0,0,0]}],[0],0,[0],[0],[0]],[[{"name":"smw_b_02","rect":[550,795,690,426],"offset":[0,0],"originalSize":[690,426],"capInsets":[0,0,0,0]}],[0],0,[0],[0],[0]],[[{"name":"bw_vfx_b_screen_03","rect":[1148,1223,281,317],"offset":[0,0],"originalSize":[281,317],"capInsets":[0,0,0,0]}],[0],0,[0],[0],[0]]]]