[1,["ecpdLyjvZBwrvm+cedCcQy","edaczjumlN+5Sul0ZVodOx","55po4zpfNNgbOH/wQnBKDF","c5ZksOZwtFkoVnFLCoj64A","1ccl773FJDJqQ+qGnyzXit","4dKvdU4J1FUqWL3g3Wa7e3","cecYmh2jtAQo495aWpS5Ru","9dwuXXePVMgY8KyytDeW2J","7e/nJIHddCl5b2w9iJeh97","e0f2Ftg0lB6r1MK3ky8NJF","3bkqudf1xM7LfdGff6b3uC","97O1WYcS5MY5HlhA31ucpR","f9LfE7fgNMJqOZMjD16Ku8","a9//s8SMtL6pyobAm/a2F8","ee/zV9StVF/Y1qsEw6yYNg","edG+jzyYdEOYzFFB1PWl9f","74InUJlF1HdqT9nbPWZWov","0b4ueFt4BEqLEHbS0DTqR8"],["node","_spriteFrame","_parent","atlas","root","animation","lbMultiNormal","lbMultiEffect","data","_defaultClip"],[["cc.Node",["_name","_active","_children","_prefab","_trs","_contentSize","_parent","_components","_anchorPoint"],1,2,4,7,5,1,12,5],["cc.Node",["_name","_active","_components","_prefab","_contentSize","_trs","_parent","_anchorPoint","_children"],1,9,4,5,7,1,5,2],["cc.Sprite",["_sizeMode","_isTrimmedMode","_dstBlendFactor","node","_materials","_spriteFrame"],0,1,3,6],["cc.Node",["_name","_active","_parent","_children","_components","_prefab","_contentSize","_trs"],1,1,2,2,4,5,7],["cc.PrefabInfo",["fileId","root","asset"],2,1,1],["cc.Prefab",["_name"],2],["70d92OYmJJLgLDLyPcJY/Fx",["node","lbMultiEffect","lbMultiNormal","animation"],3,1,1,1,1],["e6062Bu8sRJW6+O5BYpzQ0p",["node"],3,1],["ef6cdgak0JA7Klp9LwbTgyF",["tempReplaceAtlas","isPrefix","_string","_maxWidth","_maxWidthSpecialChar","_offYSpeciChar","_offYChar","_scale","listFS","node"],-6,1],["cc.Animation",["playOnLoad","node","_clips"],2,1,3],["cc.AnimationClip",["_name","curveData"],1]],[[4,0,1,2,2],[2,3,4,5,1],[0,0,6,2,3,5,8,4,2],[1,0,6,2,3,4,5,2],[1,0,6,2,3,4,7,2],[2,2,0,1,3,4,5,4],[1,0,1,6,2,3,4,5,3],[2,2,0,1,3,4,4],[1,0,8,2,3,4,7,5,2],[8,0,1,2,3,4,5,6,7,8,9,10],[5,0,2],[0,0,2,7,3,5,4,2],[0,0,6,2,3,4,2],[0,0,1,6,2,3,5,4,3],[3,0,2,3,4,5,6,7,2],[3,0,1,2,3,4,5,6,7,3],[6,0,1,2,3,1],[7,0,1],[4,1,2,1],[2,0,1,3,4,5,3],[9,0,1,2,2],[10,0,1,3]],[[[[10,"MultiBottle"],[11,"MultiBottle",[-8,-9,-10,-11,-12,-13,-14,-15,-16],[[-2,[16,-6,-5,-4,-3],[17,-7]],1,4,4],[18,-1,0],[5,94,94],[0,0,0,0,0,0,1,0.9,0.9,1]],[14,"lbMultiNormal",1,[-18,-19],[-17],[0,"15uAOuMAxAIKrTc4K5nFJX",1,0],[5,30,0],[0,70.619,0,0,0,0,1,1.7,1.7,1]],[15,"lbMulti",false,1,[-21,-22],[-20],[0,"77dCPAFEdD5YyFOGcvxlt/",1,0],[5,38,0],[0,68.163,0,0,0,0,1,1.3,1.3,1]],[8,"multi_bottle",[-24],[[1,-23,[3],4]],[0,"30dx/oAJNLvrvPyvi1MIJ3",1,0],[5,94,94],[0,0.5,0],[0,-47,0,0,0,0,1,1,1,1]],[8,"multi_bottle_gold",[-26],[[19,2,false,-25,[12],13]],[0,"c8CElUtNFAobhqKE0iTdyF",1,0],[5,94,94],[0,0.5,0],[0,-47,0,0,0,0,1,1,1,1]],[6,"multi_vfx_c_screen",false,1,[[5,1,2,false,-27,[0],1]],[0,"ffGTEjwa1LJrmPQpb2ZQns",1,0],[5,420,420],[0,183.664,0,0,0,0,1,0.9,0.9,1]],[12,"ReadyState",1,[4],[0,"a2v894ufBIWa/J0ZnFux+B",1,0],[0,44.58,0,0,0,0,1,1,1,1]],[3,"wild_vfx_g_screen_00",4,[[7,1,2,false,-28,[2]]],[0,"86rXLULcxId7wCt4C0btRQ",1,0],[5,40,40],[0.166,116.433,0,0,0,0,1,1,1,1]],[3,"multi_vfx_d_screen_00",1,[[7,1,2,false,-29,[5]]],[0,"e32VmuMalOPauaMqR6y4Hw",1,0],[5,40,36],[-1.146,73.281,0,0,0,0,1,0.9,0.9,1]],[6,"multi_vfx_f_screen_00",false,1,[[5,1,2,false,-30,[6],7]],[0,"f1eWlsEZ5H+bh4tOP3X7OD",1,0],[5,272,272],[-1.146,134.451,0,0,0,0,1,1.3,1.3,1]],[6,"multi_vfx_a_screen_00",false,1,[[5,1,2,false,-31,[8],9]],[0,"e7fbU2IGlLMq5RuTC2M5fb",1,0],[5,240,240],[-1.146,134.451,0,0,0,0,1,1.3,1.3,1]],[13,"PrepareState",false,1,[5],[0,"2d3WVdQQhHA5Yf1k2fjxZz",1,0],[5,100,100],[0,44.58,0,0,0,0,1,1,1,1]],[3,"wild_vfx_g_screen_00",5,[[5,1,2,false,-32,[10],11]],[0,"52/CbabE5Oa5SptV4sQqmT",1,0],[5,168,126],[0,116.433,0,0,0,0,1,1,1,1]],[2,"x",2,[-33],[0,"d7LU1PXJBADJa5ajlNT5Yr",1,0],[5,15,0],[0,0.5,0],[-7.5,-15,0,0,0,0,1,0.5,0.5,0.5]],[4,"New Node",14,[[1,-34,[14],15]],[0,"b2kvh1t3lJ0oxxXzpBjGV+",1,0],[5,38,39],[0,0.5,0]],[2,"2",2,[-35],[0,"49aPQPg/NMLrDBeSTLHe2g",1,0],[5,15,0],[0,0.5,0],[7.5,-15,0,0,0,0,1,0.5,0.5,0.5]],[4,"New Node",16,[[1,-36,[16],17]],[0,"6fLeZUvP9HXryN2/ud4onM",1,0],[5,42,53],[0,0.5,0]],[9,"grey_",true,"x2",15,-20,-20,-15,0.5,[null,null,null,null,null,null,null,null,null,null,null,null],2],[2,"x",3,[-37],[0,"65mXinYp9Me4DhdQ2N7Epn",1,0],[5,19,0],[0,0.5,0],[-9.5,-20,0,0,0,0,1,0.5,0.5,0.5]],[4,"New Node",19,[[1,-38,[18],19]],[0,"9dp1A+7E9MipzLj/YWTp/j",1,0],[5,60,61],[0,0.5,0]],[2,"2",3,[-39],[0,"941840uQdJAKN4yyqZ6DsQ",1,0],[5,19,0],[0,0.5,0],[9.5,-20,0,0,0,0,1,0.5,0.5,0.5]],[4,"New Node",21,[[1,-40,[20],21]],[0,"48WmvSv9NJ57eS1C75TfIQ",1,0],[5,66,80],[0,0.5,0]],[9,"mul_",true,"x2",19,10,-20,-20,0.5,[null,null,null,null,null,null,null,null,null,null,null,null],3],[3,"multi_vfx_g_screen_00",1,[[7,1,2,false,-41,[22]]],[0,"a8Ms1cB61FoqpUl9J6tvEV",1,0],[5,120,120],[0,77.162,0,0,0,0,1,2.5,2.5,1]],[20,true,1,[23,24,25,26,27]]],0,[0,4,1,0,-1,25,0,5,25,0,6,18,0,7,23,0,0,1,0,0,1,0,-1,6,0,-2,7,0,-3,9,0,-4,10,0,-5,11,0,-6,12,0,-7,2,0,-8,3,0,-9,24,0,-1,18,0,-1,14,0,-2,16,0,-1,23,0,-1,19,0,-2,21,0,0,4,0,-1,8,0,0,5,0,-1,13,0,0,6,0,0,8,0,0,9,0,0,10,0,0,11,0,0,13,0,-1,15,0,0,15,0,-1,17,0,0,17,0,-1,20,0,0,20,0,-1,22,0,0,22,0,0,24,0,8,1,4,2,7,5,2,12,41],[0,0,0,0,0,0,0,0,0,0,0,0,0,0,0,0,0,0,0,0,0,0,0,0,0,0,0,0,18,23,25],[-1,1,-1,-1,1,-1,-1,1,-1,1,-1,1,-1,1,-1,1,-1,1,-1,1,-1,1,-1,-1,-2,-3,-4,-5,3,3,9],[0,2,0,0,3,0,0,4,0,5,0,6,0,7,0,8,0,9,0,10,0,11,0,12,1,13,14,15,16,17,1]],[[[21,"BotleNormalGold",{"paths":{"multi_vfx_c_screen":{"props":{"active":[{"frame":0,"value":false}]}},"ReadyState":{"props":{"active":[{"frame":0,"value":false}]}},"multi_vfx_d_screen_00":{"props":{"active":[{"frame":0,"value":false}]}},"multi_vfx_f_screen_00":{"props":{"active":[{"frame":0,"value":false}]}},"multi_vfx_a_screen_00":{"props":{"active":[{"frame":0,"value":false}]}},"PrepareState":{"props":{"active":[{"frame":0,"value":true}]}}}}]],0,0,[],[],[]]]]