[1,["563Wpw4y9DAo5HB9VVt7nG","65nnOgiulHOo+/eLb35FND","53PlVtG7ZPVLcj9SMzSen5","4dhiEre6lF4qj7xXDHFfOo","1fVyquYR5NjKPOZyNz1Ur4","7bUcNXiRNPRJPMrmRoC4pc","06/E1S5l1KTZqSdij0QGjh","ed9cwWtDFEnLYcia2P549T","fbVjfJhE1OCJ6P6sFuAYH9","cfUF0KrktL+IpClMQSCkcb","b6TUM9OlxP0r2Oi7n65l7b"],["_textureSetter","bw_vfx_k_screen_02","bw_vfx_e_screen_b","bw_vfx_k_screen_03","bw_vfx_g_screen","bw_vfx_c_screen_02","bw_vfx_k_screen_01","bw_vfx_c_screen_01","bw_vfx_e_screen_a","bw_vfx_m_screen","bw_vfx_j_screen"],["cc.SpriteFrame",["cc.SpriteAtlas",["_name","_spriteFrames"],2,11]],[[1,0,1,2]],[[[{"name":"bw_vfx_k_screen_01","rect":[808,945,102,118],"offset":[0,0],"originalSize":[102,118],"capInsets":[0,0,0,0]}],[0],0,[0],[0],[0]],[[{"name":"bw_vfx_g_screen","rect":[543,945,263,327],"offset":[0,0],"originalSize":[263,327],"capInsets":[0,0,0,0]}],[0],0,[0],[0],[0]],[[{"name":"bw_vfx_k_screen_03","rect":[808,1065,110,108],"offset":[0,0],"originalSize":[110,108],"capInsets":[0,0,0,0]}],[0],0,[0],[0],[0]],[[{"name":"bw_vfx_e_screen_b","rect":[543,356,378,353],"offset":[0,0],"originalSize":[378,353],"capInsets":[0,0,0,0]}],[0],0,[0],[0],[0]],[[{"name":"bw_vfx_k_screen_02","rect":[339,1173,123,115],"offset":[0,0],"originalSize":[123,115],"capInsets":[0,0,0,0]}],[0],0,[0],[0],[0]],[[{"name":"bw_vfx_c_screen_02","rect":[1,1173,336,168],"offset":[0,0],"originalSize":[336,168],"capInsets":[0,0,0,0]}],[0],0,[0],[0],[0]],[[[0,"Alats33.plist",[{},"bw_vfx_k_screen_02",6,0,"bw_vfx_e_screen_b",6,1,"bw_vfx_k_screen_03",6,2,"bw_vfx_g_screen",6,3,"bw_vfx_c_screen_02",6,4,"bw_vfx_k_screen_01",6,5,"bw_vfx_c_screen_01",6,6,"bw_vfx_e_screen_a",6,7,"bw_vfx_m_screen",6,8,"bw_vfx_j_screen",6,9]]],0,0,[0,0,0,0,0,0,0,0,0,0],[1,2,3,4,5,6,7,8,9,10],[1,2,3,4,5,6,7,8,9,10]],[[{"name":"bw_vfx_j_screen","rect":[543,711,378,232],"offset":[0,0],"originalSize":[378,232],"capInsets":[0,0,0,0]}],[0],0,[0],[0],[0]],[[{"name":"bw_vfx_m_screen","rect":[1,1,540,1170],"offset":[0,0],"originalSize":[540,1170],"capInsets":[0,0,0,0]}],[0],0,[0],[0],[0]],[[{"name":"bw_vfx_c_screen_01","rect":[464,1274,252,84],"offset":[0,0],"originalSize":[252,84],"capInsets":[0,0,0,0]}],[0],0,[0],[0],[0]],[[{"name":"bw_vfx_e_screen_a","rect":[543,1,378,353],"offset":[0,0],"originalSize":[378,353],"capInsets":[0,0,0,0]}],[0],0,[0],[0],[0]]]]