[1,["61gAn4W8FLmohCX7usibjt"],["_textureSetter"],["cc.SpriteFrame"],0,[[[{"name":"multi_vfx_d_screen_18","rect":[354,355,226,175],"offset":[2,0],"originalSize":[230,175],"capInsets":[0,0,0,0]}],[0],0,[0],[0],[0]],[[{"name":"multi_vfx_d_screen_10","rect":[1,583,226,175],"offset":[1,0],"originalSize":[230,175],"rotated":1,"capInsets":[0,0,0,0]}],[0],0,[0],[0],[0]],[[{"name":"multi_vfx_d_screen_17","rect":[126,1039,226,175],"offset":[2,0],"originalSize":[230,175],"capInsets":[0,0,0,0]}],[0],0,[0],[0],[0]],[[{"name":"multi_vfx_d_screen_20","rect":[231,178,228,175],"offset":[1,0],"originalSize":[230,175],"capInsets":[0,0,0,0]}],[0],0,[0],[0],[0]],[[{"name":"multi_vfx_d_screen_23","rect":[354,1035,224,175],"offset":[3,0],"originalSize":[230,175],"capInsets":[0,0,0,0]}],[0],0,[0],[0],[0]],[[{"name":"multi_vfx_d_screen_08","rect":[689,178,226,175],"offset":[1,0],"originalSize":[230,175],"capInsets":[0,0,0,0]}],[0],0,[0],[0],[0]],[[{"name":"multi_vfx_d_screen_19","rect":[582,355,226,175],"offset":[2,0],"originalSize":[230,175],"capInsets":[0,0,0,0]}],[0],0,[0],[0],[0]],[[{"name":"multi_vfx_d_screen_12","rect":[231,1,228,175],"offset":[1,0],"originalSize":[230,175],"capInsets":[0,0,0,0]}],[0],0,[0],[0],[0]],[[{"name":"multi_vfx_d_screen_03","rect":[355,709,214,175],"offset":[-3,0],"originalSize":[230,175],"capInsets":[0,0,0,0]}],[0],0,[0],[0],[0]],[[{"name":"multi_vfx_d_screen_26","rect":[178,355,212,173],"offset":[-1,-1],"originalSize":[230,175],"rotated":1,"capInsets":[0,0,0,0]}],[0],0,[0],[0],[0]],[[{"name":"multi_vfx_d_screen_02","rect":[739,1023,208,175],"offset":[-3,0],"originalSize":[230,175],"capInsets":[0,0,0,0]}],[0],0,[0],[0],[0]],[[{"name":"multi_vfx_d_screen_29","rect":[559,886,196,131],"offset":[-1,-22],"originalSize":[230,175],"capInsets":[0,0,0,0]}],[0],0,[0],[0],[0]],[[{"name":"multi_vfx_d_screen_11","rect":[1,1,228,175],"offset":[1,0],"originalSize":[230,175],"capInsets":[0,0,0,0]}],[0],0,[0],[0],[0]],[[{"name":"multi_vfx_d_screen_15","rect":[1,178,228,175],"offset":[1,0],"originalSize":[230,175],"capInsets":[0,0,0,0]}],[0],0,[0],[0],[0]],[[{"name":"multi_vfx_d_screen_24","rect":[580,709,224,175],"offset":[3,0],"originalSize":[230,175],"capInsets":[0,0,0,0]}],[0],0,[0],[0],[0]],[[{"name":"multi_vfx_d_screen_06","rect":[806,583,224,175],"offset":[0,0],"originalSize":[230,175],"rotated":1,"capInsets":[0,0,0,0]}],[0],0,[0],[0],[0]],[[{"name":"multi_vfx_d_screen_00","rect":[921,1,3,3],"offset":[-113.5,86],"originalSize":[230,175],"capInsets":[0,0,0,0]}],[0],0,[0],[0],[0]],[[{"name":"multi_vfx_d_screen_14","rect":[691,1,228,175],"offset":[1,0],"originalSize":[230,175],"capInsets":[0,0,0,0]}],[0],0,[0],[0],[0]],[[{"name":"multi_vfx_d_screen_04","rect":[354,532,224,175],"offset":[0,0],"originalSize":[230,175],"capInsets":[0,0,0,0]}],[0],0,[0],[0],[0]],[[{"name":"multi_vfx_d_screen_21","rect":[810,355,226,175],"offset":[2,0],"originalSize":[230,175],"rotated":1,"capInsets":[0,0,0,0]}],[0],0,[0],[0],[0]],[[{"name":"multi_vfx_d_screen_13","rect":[461,1,228,175],"offset":[1,0],"originalSize":[230,175],"capInsets":[0,0,0,0]}],[0],0,[0],[0],[0]],[[{"name":"multi_vfx_d_screen_05","rect":[580,532,224,175],"offset":[0,0],"originalSize":[230,175],"capInsets":[0,0,0,0]}],[0],0,[0],[0],[0]],[[{"name":"multi_vfx_d_screen_01","rect":[580,1023,200,157],"offset":[-2,-9],"originalSize":[230,175],"rotated":1,"capInsets":[0,0,0,0]}],[0],0,[0],[0],[0]],[[{"name":"multi_vfx_d_screen_09","rect":[1,355,226,175],"offset":[1,0],"originalSize":[230,175],"rotated":1,"capInsets":[0,0,0,0]}],[0],0,[0],[0],[0]],[[{"name":"multi_vfx_d_screen_16","rect":[1,811,226,175],"offset":[2,0],"originalSize":[230,175],"rotated":1,"capInsets":[0,0,0,0]}],[0],0,[0],[0],[0]],[[{"name":"multi_vfx_d_screen_31","rect":[921,1,3,3],"offset":[-113.5,86],"originalSize":[230,175],"capInsets":[0,0,0,0]}],[0],0,[0],[0],[0]],[[{"name":"multi_vfx_d_screen_22","rect":[178,809,224,175],"offset":[3,0],"originalSize":[230,175],"rotated":1,"capInsets":[0,0,0,0]}],[0],0,[0],[0],[0]],[[{"name":"multi_vfx_d_screen_30","rect":[1,1039,182,123],"offset":[-3,-26],"originalSize":[230,175],"rotated":1,"capInsets":[0,0,0,0]}],[0],0,[0],[0],[0]],[[{"name":"multi_vfx_d_screen_27","rect":[178,569,208,167],"offset":[-2,-4],"originalSize":[230,175],"rotated":1,"capInsets":[0,0,0,0]}],[0],0,[0],[0],[0]],[[{"name":"multi_vfx_d_screen_28","rect":[355,886,202,135],"offset":[-2,-20],"originalSize":[230,175],"capInsets":[0,0,0,0]}],[0],0,[0],[0],[0]],[[{"name":"multi_vfx_d_screen_25","rect":[806,809,212,175],"offset":[0,0],"originalSize":[230,175],"rotated":1,"capInsets":[0,0,0,0]}],[0],0,[0],[0],[0]],[[{"name":"multi_vfx_d_screen_07","rect":[461,178,226,175],"offset":[1,0],"originalSize":[230,175],"capInsets":[0,0,0,0]}],[0],0,[0],[0],[0]]]]