[1,["f6OvC6c45L2q6rkBSu22S7","edUAYaGQhHUplvDMt8ft7E","dfdCHso5JMToXuvxXhS2dU","88JyNNHANNOoLJeCMEABCF","4fKUlmywJIF7zhDyPFFGQr","e7Ln6PRs5ABYj5srK/EHhD","b5m8R0KAJFBKgSuvBxexry","847Xf9Jo9Pq4yNBf1tb4va","7fh7SvD5tMP6Gl0YEZVc/t","1686xnvplLc7/aIfQtKLQV","ffgrWO6bRAl7jtT5KbXWN+","eaMPy685ROhZIBXz6HHgru","26HPk0IxlFG5T97uM+NOEU","ac+SAFAxRG1ZYIzJmH7Hq9","40Rjt48WRIXLQjPXH5048C","fd2cqX5QFEhqCEJ8fPUdXZ","eaejyrsVZLpa4XMSqvuTY1"],["_textureSetter","info_board_vfx_j_screen","info_board_b_b_screen","info_board_ambient_vfx_a_screen_02","info_board_vfx_i_screen","info_board_c_a_screem","info_board_ambient_vfx_a_screen_01","info_board_vfx_f_screen","info_board_b_a_screen","info_board_c_b_screem","info_board_vfx_e_add","info_board_c_c_screem","info_board_vfx_c_screen","info_board_vfx_b_screen","info_board_vfx_h_screen","info_board_vfx_d_screen","info_board_ambient_vfx_a_screen_03"],["cc.SpriteFrame",["cc.SpriteAtlas",["_name","_spriteFrames"],2,11]],[[1,0,1,2]],[[[{"name":"info_board_c_b_screem","rect":[756,1278,121,132],"offset":[0,0],"originalSize":[121,132],"capInsets":[0,0,0,0]}],[0],0,[0],[0],[0]],[[{"name":"info_board_vfx_c_screen","rect":[803,437,162,176],"offset":[0,0],"originalSize":[162,176],"capInsets":[0,0,0,0]}],[0],0,[0],[0],[0]],[[[0,"Alats61.plist",[{},"info_board_vfx_j_screen",6,0,"info_board_b_b_screen",6,1,"info_board_ambient_vfx_a_screen_02",6,2,"info_board_vfx_i_screen",6,3,"info_board_c_a_screem",6,4,"info_board_ambient_vfx_a_screen_01",6,5,"info_board_vfx_f_screen",6,6,"info_board_b_a_screen",6,7,"info_board_c_b_screem",6,8,"info_board_vfx_e_add",6,9,"info_board_c_c_screem",6,10,"info_board_vfx_c_screen",6,11,"info_board_vfx_b_screen",6,12,"info_board_vfx_h_screen",6,13,"info_board_vfx_d_screen",6,14,"info_board_ambient_vfx_a_screen_03",6,15]]],0,0,[0,0,0,0,0,0,0,0,0,0,0,0,0,0,0,0],[1,2,3,4,5,6,7,8,9,10,11,12,13,14,15,16],[1,2,3,4,5,6,7,8,9,10,11,12,13,14,15,16]],[[{"name":"info_board_b_a_screen","rect":[759,1121,151,155],"offset":[0,0],"originalSize":[151,155],"capInsets":[0,0,0,0]}],[0],0,[0],[0],[0]],[[{"name":"info_board_b_b_screen","rect":[603,1271,151,155],"offset":[0,0],"originalSize":[151,155],"capInsets":[0,0,0,0]}],[0],0,[0],[0],[0]],[[{"name":"info_board_c_a_screem","rect":[353,1473,125,127],"offset":[0,0],"originalSize":[125,127],"capInsets":[0,0,0,0]}],[0],0,[0],[0],[0]],[[{"name":"info_board_c_c_screem","rect":[759,819,205,133],"offset":[0,0],"originalSize":[205,133],"capInsets":[0,0,0,0]}],[0],0,[0],[0],[0]]]]