[1,["edfG/lY+tDobpc8uIm50XN","0eFb+lhCNAlJp8TOUtuJ4q","05o7O3YopHfZjmWFzlWG6f","5bzl+NEYZE3qnfiVaRoE8T","5cqKkiF2VH+5noaUrkwvXd","8dQZ17ctNND5UTglqD+8Eu","e4AiE0GKxKnqn9iQzCbojo","0blaJ+TXRCW67XXHxMQttl","51jJ9kq5JBKo4wbiPNEYor","e0qsYEA+1ADJ9aZs5wkI/9","31zW5UdIFGn6eIa7SWPs0Z","6fj5jZ2xdMboyo/xYYV3Dr","94MwYBpoJOo4nmjVM9tAHv","2avYe6FpNDJZhhaToAg4mw"],["_textureSetter","red_0","red_comma","red_4","red_7","red_plus","red_decimal","red_5","red_9","red_1","red_3","red_8","red_6","red_2"],["cc.SpriteFrame",["cc.SpriteAtlas",["_name","_spriteFrames"],2,11]],[[1,0,1,2]],[[[{"name":"red_comma","rect":[1521,1,70,82],"offset":[0,0],"originalSize":[70,82],"capInsets":[0,0,0,0]}],[0],0,[0],[0],[0]],[[[0,"Alats29.plist",[{},"red_0",6,0,"red_comma",6,1,"red_4",6,2,"red_7",6,3,"red_plus",6,4,"red_decimal",6,5,"red_5",6,6,"red_9",6,7,"red_1",6,8,"red_3",6,9,"red_8",6,10,"red_6",6,11,"red_2",6,12]]],0,0,[0,0,0,0,0,0,0,0,0,0,0,0,0],[1,2,3,4,5,6,7,8,9,10,11,12,13],[1,2,3,4,5,6,7,8,9,10,11,12,13]],[[{"name":"red_5","rect":[709,1,148,176],"offset":[0,0],"originalSize":[148,176],"capInsets":[0,0,0,0]}],[0],0,[0],[0],[0]],[[{"name":"red_0","rect":[437,1,135,179],"offset":[0,0],"originalSize":[137,179],"capInsets":[0,0,0,0]}],[0],0,[0],[0],[0]],[[{"name":"red_2","rect":[859,1,144,176],"offset":[0,0],"originalSize":[144,176],"capInsets":[0,0,0,0]}],[0],0,[0],[0],[0]],[[{"name":"red_3","rect":[574,1,133,177],"offset":[0,0],"originalSize":[133,177],"capInsets":[0,0,0,0]}],[0],0,[0],[0],[0]],[[{"name":"red_9","rect":[1,1,146,179],"offset":[0,0],"originalSize":[146,179],"capInsets":[0,0,0,0]}],[0],0,[0],[0],[0]],[[{"name":"red_4","rect":[1005,1,141,176],"offset":[0,0],"originalSize":[141,176],"capInsets":[0,0,0,0]}],[0],0,[0],[0],[0]],[[{"name":"red_7","rect":[1148,1,141,176],"offset":[0,0],"originalSize":[141,176],"capInsets":[0,0,0,0]}],[0],0,[0],[0],[0]],[[{"name":"red_8","rect":[296,1,139,179],"offset":[0,0],"originalSize":[141,179],"capInsets":[0,0,0,0]}],[0],0,[0],[0],[0]],[[{"name":"red_plus","rect":[1410,1,109,117],"offset":[0,0],"originalSize":[109,117],"capInsets":[0,0,0,0]}],[0],0,[0],[0],[0]],[[{"name":"red_6","rect":[149,1,145,179],"offset":[0,0],"originalSize":[145,179],"capInsets":[0,0,0,0]}],[0],0,[0],[0],[0]],[[{"name":"red_1","rect":[1291,1,117,176],"offset":[0,0],"originalSize":[117,176],"capInsets":[0,0,0,0]}],[0],0,[0],[0],[0]],[[{"name":"red_decimal","rect":[1521,85,70,74],"offset":[0,0],"originalSize":[70,74],"capInsets":[0,0,0,0]}],[0],0,[0],[0],[0]]]]