[
  1,
  [
    "13qY6UkrpDvr1areL1Ea0F"
  ],
  0,
  [
    [
      "sp.SkeletonData",
      [
        "_name",
        "_atlasText",
        "textureNames",
        "_skeletonJson",
        "textures"
      ],
      -1,
      3
    ]
  ],
  [
    [
      0,
      0,
      1,
      2,
      3,
      4,
      5
    ]
  ],
  [
    [
      0,
      "anim_dealcard",
      "\r\nanim_dealcard.png\r\nsize: 147,149\r\nformat: RGBA8888\r\nfilter: Linear,Linear\r\nrepeat: none\r\ncardback\r\n  rotate: false\r\n  xy: 2, 2\r\n  size: 110, 145\r\n  orig: 110, 145\r\n  offset: 0, 0\r\n  index: -1\r\nshadow\r\n  rotate: true\r\n  xy: 114, 106\r\n  size: 41, 31\r\n  orig: 41, 31\r\n  offset: 0, 0\r\n  index: -1\r\n",
      [
        "anim_dealcard.png"
      ],
      {
        "skeleton": {
          "hash": "AKD7tCcC+RZI157a5U6jgwYDkuM",
          "spine": "3.7.94",
          "width": 2024,
          "height": 960,
          "images": "./image/",
          "audio": "D:/DAT/card/spine/card(lat)/card4"
        },
        "bones": [
          {
            "name": "root"
          },
          {
            "name": "xuong_lon",
            "parent": "root"
          },
          {
            "name": "xuong_tong",
            "parent": "xuong_lon"
          },
          {
            "name": "heart_q",
            "parent": "xuong_tong",
            "color": "bbff6fff"
          },
          {
            "name": "flip",
            "parent": "xuong_tong",
            "x": -50,
            "color": "bbff6fff"
          }
        ],
        "slots": [
          {
            "name": "bg",
            "bone": "root"
          },
          {
            "name": "demo_chonjp",
            "bone": "root"
          },
          {
            "name": "shadow",
            "bone": "heart_q",
            "color": "ffffff45"
          },
          {
            "name": "cardback",
            "bone": "heart_q"
          },
          {
            "name": "fly_card",
            "bone": "root",
            "attachment": "fly_card"
          }
        ],
        "path": [
          {
            "name": "fly_card",
            "order": 0,
            "target": "fly_card",
            "rotateMix": 0,
            "bones": [
              "xuong_lon"
            ]
          }
        ],
        "skins": {
          "default": {
            "cardback": {
              "cardback": {
                "type": "mesh",
                "hull": 36,
                "width": 110,
                "height": 145,
                "uvs": [
                  1,
                  1,
                  0.94118,
                  1,
                  0.88235,
                  1,
                  0.82353,
                  1,
                  0.76471,
                  1,
                  0.70588,
                  1,
                  0.64706,
                  1,
                  0.58824,
                  1,
                  0.52941,
                  1,
                  0.47059,
                  1,
                  0.41176,
                  1,
                  0.35294,
                  1,
                  0.29412,
                  1,
                  0.23529,
                  1,
                  0.17647,
                  1,
                  0.11765,
                  1,
                  0.05882,
                  1,
                  0,
                  1,
                  0,
                  0,
                  0.05882,
                  0,
                  0.11765,
                  0,
                  0.17647,
                  0,
                  0.23529,
                  0,
                  0.29412,
                  0,
                  0.35294,
                  0,
                  0.41176,
                  0,
                  0.47059,
                  0,
                  0.52941,
                  0,
                  0.58824,
                  0,
                  0.64706,
                  0,
                  0.70588,
                  0,
                  0.76471,
                  0,
                  0.82353,
                  0,
                  0.88235,
                  0,
                  0.94118,
                  0,
                  1,
                  0
                ],
                "triangles": [
                  12,
                  23,
                  24,
                  13,
                  23,
                  12,
                  11,
                  24,
                  25,
                  12,
                  24,
                  11,
                  10,
                  25,
                  26,
                  11,
                  25,
                  10,
                  9,
                  26,
                  27,
                  10,
                  26,
                  9,
                  7,
                  8,
                  27,
                  9,
                  27,
                  8,
                  6,
                  7,
                  28,
                  7,
                  27,
                  28,
                  5,
                  6,
                  29,
                  6,
                  28,
                  29,
                  4,
                  5,
                  30,
                  5,
                  29,
                  30,
                  3,
                  4,
                  31,
                  4,
                  30,
                  31,
                  2,
                  3,
                  32,
                  3,
                  31,
                  32,
                  1,
                  2,
                  33,
                  2,
                  32,
                  33,
                  0,
                  1,
                  34,
                  1,
                  33,
                  34,
                  35,
                  0,
                  34,
                  13,
                  22,
                  23,
                  17,
                  18,
                  19,
                  16,
                  19,
                  20,
                  17,
                  19,
                  16,
                  15,
                  20,
                  21,
                  16,
                  20,
                  15,
                  14,
                  21,
                  22,
                  15,
                  21,
                  14,
                  14,
                  22,
                  13
                ],
                "vertices": [
                  2,
                  4,
                  107,
                  -74.5,
                  0.01468,
                  3,
                  57,
                  -74.5,
                  0.98532,
                  2,
                  4,
                  100.29,
                  -74.5,
                  0.01786,
                  3,
                  50.29,
                  -74.5,
                  0.98214,
                  2,
                  4,
                  93.59,
                  -74.5,
                  0.02722,
                  3,
                  43.59,
                  -74.5,
                  0.97278,
                  2,
                  4,
                  86.88,
                  -74.5,
                  0.04284,
                  3,
                  36.88,
                  -74.5,
                  0.95716,
                  2,
                  4,
                  80.18,
                  -74.5,
                  0.06513,
                  3,
                  30.18,
                  -74.5,
                  0.93487,
                  2,
                  4,
                  73.47,
                  -74.5,
                  0.09485,
                  3,
                  23.47,
                  -74.5,
                  0.90515,
                  2,
                  4,
                  66.76,
                  -74.5,
                  0.13225,
                  3,
                  16.76,
                  -74.5,
                  0.86775,
                  2,
                  4,
                  60.06,
                  -74.5,
                  0.17714,
                  3,
                  10.06,
                  -74.5,
                  0.82286,
                  2,
                  4,
                  53.35,
                  -74.5,
                  0.22911,
                  3,
                  3.35,
                  -74.5,
                  0.77089,
                  2,
                  4,
                  46.65,
                  -74.5,
                  0.28735,
                  3,
                  -3.35,
                  -74.5,
                  0.71265,
                  2,
                  4,
                  39.94,
                  -74.5,
                  0.3499,
                  3,
                  -10.06,
                  -74.5,
                  0.6501,
                  2,
                  4,
                  33.24,
                  -74.5,
                  0.41422,
                  3,
                  -16.76,
                  -74.5,
                  0.58578,
                  2,
                  4,
                  26.53,
                  -74.5,
                  0.47731,
                  3,
                  -23.47,
                  -74.5,
                  0.52269,
                  2,
                  4,
                  19.82,
                  -74.5,
                  0.53554,
                  3,
                  -30.18,
                  -74.5,
                  0.46446,
                  2,
                  4,
                  13.12,
                  -74.5,
                  0.61756,
                  3,
                  -36.88,
                  -74.5,
                  0.38244,
                  2,
                  4,
                  6.41,
                  -74.5,
                  0.68821,
                  3,
                  -43.59,
                  -74.5,
                  0.31179,
                  2,
                  4,
                  -0.29,
                  -74.5,
                  0.76025,
                  3,
                  -50.29,
                  -74.5,
                  0.23975,
                  2,
                  4,
                  -7,
                  -74.5,
                  0.85,
                  3,
                  -57,
                  -74.5,
                  0.15,
                  2,
                  4,
                  -7,
                  74.5,
                  0.914,
                  3,
                  -57,
                  74.5,
                  0.086,
                  2,
                  4,
                  -0.29,
                  74.5,
                  0.80883,
                  3,
                  -50.29,
                  74.5,
                  0.19117,
                  2,
                  4,
                  6.41,
                  74.5,
                  0.70454,
                  3,
                  -43.59,
                  74.5,
                  0.29546,
                  2,
                  4,
                  13.12,
                  74.5,
                  0.61845,
                  3,
                  -36.88,
                  74.5,
                  0.38155,
                  2,
                  4,
                  19.82,
                  74.5,
                  0.53692,
                  3,
                  -30.18,
                  74.5,
                  0.46308,
                  2,
                  4,
                  26.53,
                  74.5,
                  0.47131,
                  3,
                  -23.47,
                  74.5,
                  0.52869,
                  2,
                  4,
                  33.24,
                  74.5,
                  0.40106,
                  3,
                  -16.76,
                  74.5,
                  0.59894,
                  2,
                  4,
                  39.94,
                  74.5,
                  0.33765,
                  3,
                  -10.06,
                  74.5,
                  0.66235,
                  2,
                  4,
                  46.65,
                  74.5,
                  0.27599,
                  3,
                  -3.35,
                  74.5,
                  0.72401,
                  2,
                  4,
                  53.35,
                  74.5,
                  0.21869,
                  3,
                  3.35,
                  74.5,
                  0.78131,
                  2,
                  4,
                  60.06,
                  74.5,
                  0.16767,
                  3,
                  10.06,
                  74.5,
                  0.83233,
                  2,
                  4,
                  66.76,
                  74.5,
                  0.12395,
                  3,
                  16.76,
                  74.5,
                  0.87605,
                  2,
                  4,
                  73.47,
                  74.5,
                  0.08783,
                  3,
                  23.47,
                  74.5,
                  0.91217,
                  2,
                  4,
                  80.18,
                  74.5,
                  0.05918,
                  3,
                  30.18,
                  74.5,
                  0.94082,
                  2,
                  4,
                  86.88,
                  74.5,
                  0.02975,
                  3,
                  36.88,
                  74.5,
                  0.97025,
                  2,
                  4,
                  93.59,
                  74.5,
                  0.02286,
                  3,
                  43.59,
                  74.5,
                  0.97714,
                  2,
                  4,
                  100.29,
                  74.5,
                  0.01411,
                  3,
                  50.29,
                  74.5,
                  0.98589,
                  2,
                  4,
                  107,
                  74.5,
                  0.01121,
                  3,
                  57,
                  74.5,
                  0.98879
                ],
                "edges": [
                  0,
                  2,
                  2,
                  4,
                  4,
                  6,
                  6,
                  8,
                  8,
                  10,
                  10,
                  12,
                  12,
                  14,
                  14,
                  16,
                  16,
                  18,
                  18,
                  20,
                  20,
                  22,
                  22,
                  24,
                  24,
                  26,
                  26,
                  28,
                  28,
                  30,
                  30,
                  32,
                  32,
                  34,
                  36,
                  38,
                  38,
                  40,
                  40,
                  42,
                  42,
                  44,
                  44,
                  46,
                  46,
                  48,
                  48,
                  50,
                  50,
                  52,
                  52,
                  54,
                  54,
                  56,
                  56,
                  58,
                  58,
                  60,
                  60,
                  62,
                  62,
                  64,
                  64,
                  66,
                  66,
                  68,
                  68,
                  70,
                  34,
                  36,
                  70,
                  0,
                  38,
                  32,
                  40,
                  30,
                  42,
                  28,
                  44,
                  26,
                  46,
                  24,
                  48,
                  22,
                  50,
                  20,
                  52,
                  18,
                  54,
                  16,
                  56,
                  14,
                  58,
                  12,
                  60,
                  10,
                  62,
                  8,
                  64,
                  6,
                  66,
                  4,
                  68,
                  2
                ]
              }
            },
            "fly_card": {
              "fly_card": {
                "type": "path",
                "vertexCount": 6,
                "lengths": [
                  178.72,
                  409.33
                ],
                "vertices": [
                  48.45,
                  17.86,
                  0.43,
                  -0.83,
                  -43.42,
                  -17.9,
                  -100.56,
                  -48.06,
                  -167.13,
                  -62.21,
                  -225.63,
                  -74.64
                ]
              }
            },
            "shadow": {
              "shadow": {
                "type": "mesh",
                "hull": 20,
                "width": 41,
                "height": 31,
                "uvs": [
                  1,
                  1,
                  0.88889,
                  1,
                  0.77778,
                  1,
                  0.66667,
                  1,
                  0.55556,
                  1,
                  0.44444,
                  1,
                  0.33333,
                  1,
                  0.22222,
                  1,
                  0.11111,
                  1,
                  0,
                  1,
                  0,
                  0,
                  0.11111,
                  0,
                  0.22222,
                  0,
                  0.33333,
                  0,
                  0.44444,
                  0,
                  0.55556,
                  0,
                  0.66667,
                  0,
                  0.77778,
                  0,
                  0.88889,
                  0,
                  1,
                  0
                ],
                "triangles": [
                  6,
                  13,
                  14,
                  5,
                  14,
                  15,
                  6,
                  14,
                  5,
                  4,
                  15,
                  16,
                  5,
                  15,
                  4,
                  3,
                  16,
                  17,
                  4,
                  16,
                  3,
                  2,
                  17,
                  18,
                  3,
                  17,
                  2,
                  1,
                  18,
                  19,
                  2,
                  18,
                  1,
                  0,
                  1,
                  19,
                  9,
                  10,
                  11,
                  8,
                  11,
                  12,
                  9,
                  11,
                  8,
                  7,
                  12,
                  13,
                  8,
                  12,
                  7,
                  7,
                  13,
                  6
                ],
                "vertices": [
                  2,
                  4,
                  116.8,
                  -87.59,
                  0.01516,
                  3,
                  66.8,
                  -87.59,
                  0.98484,
                  2,
                  4,
                  101.96,
                  -87.59,
                  0.02736,
                  3,
                  51.96,
                  -87.59,
                  0.97264,
                  2,
                  4,
                  87.11,
                  -87.59,
                  0.0638,
                  3,
                  37.11,
                  -87.59,
                  0.9362,
                  2,
                  4,
                  72.27,
                  -87.59,
                  0.12758,
                  3,
                  22.27,
                  -87.59,
                  0.87242,
                  2,
                  4,
                  57.42,
                  -87.59,
                  0.21937,
                  3,
                  7.42,
                  -87.59,
                  0.78063,
                  2,
                  4,
                  42.58,
                  -87.59,
                  0.33533,
                  3,
                  -7.42,
                  -87.59,
                  0.66467,
                  2,
                  4,
                  27.73,
                  -87.59,
                  0.46097,
                  3,
                  -22.27,
                  -87.59,
                  0.53903,
                  2,
                  4,
                  12.89,
                  -87.59,
                  0.57606,
                  3,
                  -37.11,
                  -87.59,
                  0.42394,
                  2,
                  4,
                  -1.96,
                  -87.59,
                  0.65799,
                  3,
                  -51.96,
                  -87.59,
                  0.34201,
                  2,
                  4,
                  -16.8,
                  -87.59,
                  0.68797,
                  3,
                  -66.8,
                  -87.59,
                  0.31203,
                  2,
                  4,
                  -16.8,
                  87.59,
                  0.60145,
                  3,
                  -66.8,
                  87.59,
                  0.39855,
                  2,
                  4,
                  -1.96,
                  87.59,
                  0.57321,
                  3,
                  -51.96,
                  87.59,
                  0.42679,
                  2,
                  4,
                  12.89,
                  87.59,
                  0.54423,
                  3,
                  -37.11,
                  87.59,
                  0.45577,
                  2,
                  4,
                  27.73,
                  87.59,
                  0.54652,
                  3,
                  -22.27,
                  87.59,
                  0.45348,
                  2,
                  4,
                  42.58,
                  87.59,
                  0.422,
                  3,
                  -7.42,
                  87.59,
                  0.578,
                  2,
                  4,
                  57.42,
                  87.59,
                  0.30152,
                  3,
                  7.42,
                  87.59,
                  0.69849,
                  2,
                  4,
                  72.27,
                  87.59,
                  0.18246,
                  3,
                  22.27,
                  87.59,
                  0.81754,
                  2,
                  4,
                  87.11,
                  87.59,
                  0.06505,
                  3,
                  37.11,
                  87.59,
                  0.93495,
                  2,
                  4,
                  101.96,
                  87.59,
                  0.02819,
                  3,
                  51.96,
                  87.59,
                  0.97181,
                  2,
                  4,
                  116.8,
                  87.59,
                  0.01611,
                  3,
                  66.8,
                  87.59,
                  0.98389
                ],
                "edges": [
                  0,
                  2,
                  2,
                  4,
                  4,
                  6,
                  6,
                  8,
                  8,
                  10,
                  10,
                  12,
                  12,
                  14,
                  14,
                  16,
                  16,
                  18,
                  20,
                  22,
                  22,
                  24,
                  24,
                  26,
                  26,
                  28,
                  28,
                  30,
                  30,
                  32,
                  32,
                  34,
                  34,
                  36,
                  36,
                  38,
                  18,
                  20,
                  38,
                  0
                ]
              }
            }
          }
        },
        "animations": {
          "anim_flycard_horizontal_left": {
            "slots": {
              "cardback": {
                "attachment": [
                  {
                    "time": 0,
                    "name": "cardback"
                  }
                ]
              },
              "shadow": {
                "attachment": [
                  {
                    "time": 0,
                    "name": "shadow"
                  }
                ]
              }
            },
            "bones": {
              "heart_q": {
                "scale": [
                  {
                    "time": 0,
                    "x": 1.005,
                    "y": 1.005
                  }
                ]
              },
              "xuong_lon": {
                "rotate": [
                  {
                    "time": 0,
                    "angle": 161.8
                  },
                  {
                    "time": 0.3333,
                    "angle": 90
                  }
                ],
                "scale": [
                  {
                    "time": 0,
                    "x": 0.147,
                    "y": 0.172
                  },
                  {
                    "time": 0.3333,
                    "x": 0.554,
                    "y": 0.62
                  }
                ],
                "shear": [
                  {
                    "time": 0,
                    "x": 0,
                    "y": -11.25
                  },
                  {
                    "time": 0.3333,
                    "x": -19.25,
                    "y": 0
                  }
                ]
              },
              "xuong_tong": {
                "scale": [
                  {
                    "time": 0,
                    "x": 1,
                    "y": 1.016
                  }
                ]
              }
            },
            "paths": {
              "fly_card": {
                "position": [
                  {
                    "time": 0,
                    "curve": [
                      0.37,
                      0.03,
                      0.693,
                      1
                    ]
                  },
                  {
                    "time": 0.3333,
                    "position": 1.0068
                  }
                ]
              }
            },
            "deform": {
              "default": {
                "cardback": {
                  "cardback": [
                    {
                      "time": 0,
                      "vertices": [
                        -1.17177,
                        4.4906,
                        -1.16505,
                        4.45636,
                        -1.19456,
                        1.21771,
                        -1.18797,
                        1.20258,
                        -2.68667,
                        0.07422,
                        -2.67307,
                        0.06598,
                        -0.00028,
                        0.00104,
                        0,
                        -0.00244,
                        -0.00028,
                        0.00104,
                        0,
                        -0.00244,
                        -0.00028,
                        0.00104,
                        0,
                        -0.00244,
                        -0.00028,
                        0.00104,
                        0,
                        -0.00244,
                        -0.00028,
                        0.00104,
                        0,
                        -0.00244,
                        -0.00028,
                        0.00104,
                        0,
                        -0.00244,
                        -0.00028,
                        0.00104,
                        0,
                        -0.00244,
                        -0.00028,
                        0.00104,
                        0,
                        -0.00244,
                        -0.00028,
                        0.00104,
                        0,
                        -0.00244,
                        -0.00028,
                        0.00104,
                        0,
                        -0.00244,
                        -0.00028,
                        0.00104,
                        0,
                        -0.00244,
                        -0.00028,
                        0.00104,
                        0,
                        -0.00244,
                        -0.00019,
                        -0.2182,
                        0,
                        -0.21948,
                        0,
                        0,
                        0,
                        0,
                        0,
                        0,
                        0,
                        0,
                        -0.00011,
                        0.99957,
                        0,
                        0.99347,
                        -0.00011,
                        0.77747,
                        0,
                        0.7724,
                        -0.00008,
                        0.49976,
                        0,
                        0.49646,
                        0,
                        0,
                        0,
                        0,
                        -0.00032,
                        -0.44446,
                        0,
                        -0.44629,
                        -0.00025,
                        -0.9444,
                        0,
                        -0.94238,
                        -0.00033,
                        -1.61108,
                        0,
                        -1.60718,
                        -0.00031,
                        -1.99994,
                        0,
                        -1.99414,
                        -0.00037,
                        -2.44421,
                        0,
                        -2.43707,
                        -0.00032,
                        -2.99969,
                        0,
                        -2.9892,
                        -0.0006,
                        -3.44354,
                        0,
                        -3.43396,
                        -0.00048,
                        -3.75793,
                        0,
                        -3.74597,
                        -0.00051,
                        -4.05249,
                        0,
                        -4.03973,
                        -0.00054,
                        -4.40381,
                        0,
                        -4.38977,
                        -0.0004,
                        -4.78467,
                        0,
                        -4.76648,
                        -0.00061,
                        -5.52905,
                        0,
                        -5.50903,
                        -0.0004,
                        -5.8476,
                        0,
                        -5.82434,
                        -0.00087,
                        -7.8681,
                        0,
                        -7.84149
                      ]
                    }
                  ]
                },
                "fly_card": {
                  "fly_card": [
                    {
                      "time": 0,
                      "vertices": [
                        -99.9608,
                        -1.4541,
                        -94.16876,
                        -12.29299,
                        -74.58775,
                        -12.196,
                        -214.77194,
                        -7.91298,
                        -184.53192,
                        1.862,
                        -185.40997,
                        7.14879
                      ]
                    },
                    {
                      "time": 0.3333,
                      "vertices": [
                        -140.41681,
                        10.2159,
                        -134.62477,
                        -0.62299,
                        -115.04375,
                        -0.526,
                        -214.77194,
                        -7.91298,
                        -184.53192,
                        1.862,
                        -185.40997,
                        7.14879
                      ]
                    }
                  ]
                },
                "shadow": {
                  "shadow": [
                    {
                      "time": 0
                    },
                    {
                      "time": 0.3333,
                      "offset": 40,
                      "vertices": [
                        3.52051,
                        -0.00031,
                        3.50323,
                        0,
                        3.52051,
                        -0.00031,
                        3.50323,
                        0,
                        3.52051,
                        -0.00031,
                        3.50323,
                        0,
                        3.52051,
                        -0.00031,
                        3.50323,
                        0,
                        3.52051,
                        -0.00031,
                        3.50323,
                        0,
                        3.52051,
                        -0.00031,
                        3.50323,
                        0,
                        3.52051,
                        -0.00031,
                        3.50323,
                        0,
                        3.52051,
                        -0.00031,
                        3.50323
                      ]
                    }
                  ]
                }
              }
            }
          },
          "anim_flycard_horizontal_right": {
            "slots": {
              "cardback": {
                "attachment": [
                  {
                    "time": 0,
                    "name": "cardback"
                  }
                ]
              },
              "shadow": {
                "attachment": [
                  {
                    "time": 0,
                    "name": "shadow"
                  }
                ]
              }
            },
            "bones": {
              "heart_q": {
                "scale": [
                  {
                    "time": 0,
                    "x": 1.005,
                    "y": 1.005
                  }
                ]
              },
              "xuong_lon": {
                "rotate": [
                  {
                    "time": 0,
                    "angle": 62.86
                  },
                  {
                    "time": 0.3333,
                    "angle": 90
                  }
                ],
                "scale": [
                  {
                    "time": 0,
                    "x": 0.147,
                    "y": 0.123
                  },
                  {
                    "time": 0.3333,
                    "x": 0.554,
                    "y": 0.62
                  }
                ],
                "shear": [
                  {
                    "time": 0,
                    "x": -39.79,
                    "y": -11.25
                  },
                  {
                    "time": 0.3333,
                    "x": 21.75,
                    "y": 0
                  }
                ]
              },
              "xuong_tong": {
                "scale": [
                  {
                    "time": 0,
                    "x": 1,
                    "y": 1.016
                  }
                ]
              }
            },
            "paths": {
              "fly_card": {
                "position": [
                  {
                    "time": 0,
                    "curve": [
                      0.37,
                      0.03,
                      0.693,
                      1
                    ]
                  },
                  {
                    "time": 0.3333,
                    "position": 1.0068
                  }
                ]
              }
            },
            "deform": {
              "default": {
                "cardback": {
                  "cardback": [
                    {
                      "time": 0,
                      "vertices": [
                        -0.35513,
                        3.84088,
                        -0.35228,
                        3.79926,
                        -1.19456,
                        1.25098,
                        -1.18797,
                        1.23047,
                        -2.68667,
                        0.6463,
                        -2.67307,
                        0.63312,
                        -0.00028,
                        0.31921,
                        0,
                        0.31122,
                        -0.00028,
                        0.44666,
                        0,
                        0.43707,
                        -0.00028,
                        0.38275,
                        0,
                        0.37543,
                        -0.00028,
                        0.38275,
                        0,
                        0.37439,
                        -0.19473,
                        0.31927,
                        -0.19353,
                        0.31104,
                        -0.15583,
                        -0.01074,
                        -0.15482,
                        -0.01807,
                        -0.2336,
                        -0.04987,
                        -0.23222,
                        -0.0553,
                        -0.00028,
                        -0.02985,
                        0,
                        -0.03802,
                        -0.38918,
                        -0.44324,
                        -0.38705,
                        -0.45129,
                        -0.00028,
                        -0.69635,
                        0,
                        -0.70056,
                        -0.00028,
                        -1.04541,
                        0,
                        -1.04907,
                        -0.00028,
                        -1.33221,
                        0,
                        -1.33228,
                        -0.00019,
                        -1.29687,
                        0,
                        -1.29657,
                        0,
                        -0.95062,
                        0,
                        -0.95154,
                        -1.2365,
                        0.40137,
                        -1.23041,
                        0.39783,
                        -1.23662,
                        1.40094,
                        -1.23041,
                        1.3913,
                        -0.00011,
                        1.44464,
                        0,
                        1.43518,
                        -0.00008,
                        1.00836,
                        0,
                        1.00122,
                        0,
                        0.60376,
                        0,
                        0.59869,
                        -0.00032,
                        0.03235,
                        0,
                        0.02692,
                        -0.00025,
                        -0.43585,
                        0,
                        -0.43738,
                        -0.38922,
                        -0.8175,
                        -0.38705,
                        -0.82068,
                        -0.00031,
                        -1.26898,
                        0,
                        -1.26929,
                        -0.23369,
                        -1.60608,
                        -0.23222,
                        -1.60443,
                        -0.15587,
                        -2.18628,
                        -0.15482,
                        -2.18451,
                        -0.19505,
                        -2.77698,
                        -0.19353,
                        -2.77142,
                        -0.00048,
                        -3.0271,
                        0,
                        -3.02026,
                        -0.00051,
                        -3.22626,
                        0,
                        -3.21912,
                        -0.00054,
                        -3.60901,
                        0,
                        -3.60083,
                        -2.33379,
                        -4.02502,
                        -2.32227,
                        -4.01715,
                        -0.7395,
                        -4.68414,
                        -0.7354,
                        -4.67389,
                        -0.85599,
                        -5.15564,
                        -0.85152,
                        -5.14197,
                        -0.15643,
                        -6.39404,
                        -0.15482,
                        -6.38397
                      ]
                    }
                  ]
                },
                "fly_card": {
                  "fly_card": [
                    {
                      "time": 0,
                      "vertices": [
                        -111.16551,
                        -9.08526,
                        -12.96583,
                        -2.07101,
                        100.94899,
                        -1.30498,
                        355.37897,
                        0.267,
                        517.39307,
                        0.924,
                        635.1199,
                        4.98628
                      ]
                    },
                    {
                      "time": 0.3333,
                      "vertices": [
                        -111.16551,
                        -9.08526,
                        -12.96583,
                        -2.07101,
                        100.94899,
                        -1.30498,
                        355.05896,
                        0.267,
                        517.07306,
                        0.924,
                        634.79987,
                        4.98628
                      ]
                    }
                  ]
                },
                "shadow": {
                  "shadow": [
                    {
                      "time": 0
                    },
                    {
                      "time": 0.3333,
                      "offset": 40,
                      "vertices": [
                        3.52051,
                        -0.00031,
                        3.50323,
                        0,
                        3.52051,
                        -0.00031,
                        3.50323,
                        0,
                        3.52051,
                        -0.00031,
                        3.50323,
                        0,
                        3.52051,
                        -0.00031,
                        3.50323,
                        0,
                        3.52051,
                        -0.00031,
                        3.50323,
                        0,
                        3.52051,
                        -0.00031,
                        3.50323,
                        0,
                        3.52051,
                        -0.00031,
                        3.50323,
                        0,
                        3.52051,
                        -0.00031,
                        3.50323
                      ]
                    }
                  ]
                }
              }
            }
          },
          "anim_flycard_vertical_left1": {
            "slots": {
              "cardback": {
                "attachment": [
                  {
                    "time": 0,
                    "name": "cardback"
                  }
                ]
              },
              "shadow": {
                "attachment": [
                  {
                    "time": 0,
                    "name": "shadow"
                  }
                ]
              }
            },
            "bones": {
              "heart_q": {
                "scale": [
                  {
                    "time": 0,
                    "x": 1.005,
                    "y": 1.005
                  }
                ]
              },
              "xuong_lon": {
                "rotate": [
                  {
                    "time": 0,
                    "angle": -39.74,
                    "curve": [
                      0.25,
                      0,
                      0.75,
                      1
                    ]
                  },
                  {
                    "time": 0.2,
                    "angle": 0
                  }
                ],
                "scale": [
                  {
                    "time": 0,
                    "x": 0.147,
                    "y": 0.123
                  },
                  {
                    "time": 0.2,
                    "x": 0.628,
                    "y": 0.511
                  }
                ],
                "shear": [
                  {
                    "time": 0,
                    "x": 0,
                    "y": -11.25
                  },
                  {
                    "time": 0.2,
                    "x": 0,
                    "y": -10.48
                  }
                ]
              }
            },
            "paths": {
              "fly_card": {
                "position": [
                  {
                    "time": 0,
                    "curve": [
                      0.404,
                      0.01,
                      0.636,
                      1
                    ]
                  },
                  {
                    "time": 0.2,
                    "position": 1.0068
                  }
                ]
              }
            },
            "deform": {
              "default": {
                "cardback": {
                  "cardback": [
                    {
                      "time": 0,
                      "vertices": [
                        -0.48022,
                        0.002,
                        -0.47705,
                        -0.00006,
                        -0.47861,
                        0.002,
                        -0.47495,
                        -0.00006,
                        -0.47629,
                        0.00198,
                        -0.4729,
                        -0.00008,
                        -0.0105,
                        0.00194,
                        -0.00946,
                        -0.00012,
                        -0.00781,
                        0.00189,
                        -0.00742,
                        -0.00017,
                        -0.00644,
                        0.00185,
                        -0.00531,
                        -0.00021,
                        -0.00461,
                        0.00175,
                        -0.00314,
                        -0.00031,
                        -0.00235,
                        0.00165,
                        -0.00092,
                        -0.00041,
                        0,
                        0.00156,
                        0.00134,
                        -0.0005,
                        0.00177,
                        0.00145,
                        0.00351,
                        -0.00061,
                        0.00375,
                        0.00134,
                        0.00577,
                        -0.00072,
                        0.00616,
                        0.00121,
                        0.0079,
                        -0.00085,
                        0,
                        0,
                        0,
                        0,
                        0.01038,
                        0.00095,
                        0.0123,
                        -0.00111,
                        0.01251,
                        0.00078,
                        0.0148,
                        -0.00128,
                        -0.17972,
                        0.00043,
                        -0.17599,
                        -0.00218,
                        -0.3143,
                        0.00021,
                        -0.3093,
                        -0.00243,
                        -1.28857,
                        -0.0007,
                        -1.27652,
                        -0.00404,
                        2.6304,
                        -0.00186,
                        2.62546,
                        -0.00642,
                        2.83148,
                        -0.00027,
                        2.82294,
                        -0.00348,
                        3.44684,
                        0.0007,
                        3.4332,
                        -0.0018,
                        2.24432,
                        0.00092,
                        2.23697,
                        -0.00159,
                        1.84088,
                        0.00113,
                        1.83395,
                        -0.00137,
                        1.43713,
                        0.00131,
                        1.43073,
                        -0.00119,
                        1.03168,
                        0.00146,
                        1.02866,
                        -0.00104,
                        0.62653,
                        0.00162,
                        0.62576,
                        -0.00089,
                        0.2222,
                        0.00177,
                        0.22208,
                        -0.00073,
                        -0.18399,
                        0.00192,
                        -0.18112,
                        -0.00058,
                        -0.58859,
                        0.00203,
                        -0.58517,
                        -0.00047,
                        -0.99438,
                        0.00217,
                        -0.98889,
                        -0.00034,
                        -1.40027,
                        0.00224,
                        -1.39282,
                        -0.00026,
                        -1.80676,
                        0.0023,
                        -1.79678,
                        -0.0002,
                        -3.83533,
                        0.0024,
                        -3.81537,
                        -0.00011,
                        -4.60574,
                        0.00188,
                        -4.57999,
                        -0.00119,
                        -4.64752,
                        0.00244,
                        -4.62332,
                        -0.00006,
                        -5.05191,
                        0.00244,
                        -5.02719
                      ]
                    }
                  ]
                },
                "fly_card": {
                  "fly_card": [
                    {
                      "time": 0,
                      "vertices": [
                        -153.4019,
                        29.22721,
                        -132.7488,
                        4.25901,
                        -104.41682,
                        -3.42999,
                        -56.068,
                        15.77801,
                        -0.29401,
                        9.354,
                        30.41403,
                        -31.17269
                      ]
                    }
                  ]
                },
                "shadow": {
                  "shadow": [
                    {
                      "time": 0
                    },
                    {
                      "time": 0.2,
                      "offset": 40,
                      "vertices": [
                        5.13829,
                        0,
                        5.11372,
                        0,
                        4.0501,
                        0,
                        4.03075,
                        0,
                        0,
                        0,
                        0,
                        0,
                        0,
                        0,
                        0,
                        0,
                        0,
                        0,
                        0,
                        0,
                        0,
                        0,
                        0,
                        0,
                        0,
                        0,
                        0,
                        0,
                        0,
                        0,
                        0,
                        0,
                        -3.58175,
                        0,
                        -3.56468,
                        0,
                        -4.6737,
                        0,
                        -4.65142
                      ]
                    }
                  ]
                }
              }
            }
          },
          "anim_flycard_vertical_left2": {
            "slots": {
              "cardback": {
                "attachment": [
                  {
                    "time": 0,
                    "name": "cardback"
                  }
                ]
              },
              "shadow": {
                "attachment": [
                  {
                    "time": 0,
                    "name": "shadow"
                  }
                ]
              }
            },
            "bones": {
              "heart_q": {
                "scale": [
                  {
                    "time": 0,
                    "x": 1.005,
                    "y": 1.005
                  }
                ]
              },
              "xuong_lon": {
                "rotate": [
                  {
                    "time": 0,
                    "angle": 4.93,
                    "curve": [
                      0.25,
                      0,
                      0.75,
                      1
                    ]
                  },
                  {
                    "time": 0.1667,
                    "angle": -30.39,
                    "curve": [
                      0.25,
                      0,
                      0.75,
                      1
                    ]
                  },
                  {
                    "time": 0.3333,
                    "angle": 0
                  }
                ],
                "scale": [
                  {
                    "time": 0,
                    "x": 0.147,
                    "y": 0.123
                  },
                  {
                    "time": 0.3333,
                    "x": 0.646,
                    "y": 0.523
                  }
                ],
                "shear": [
                  {
                    "time": 0,
                    "x": -19.22,
                    "y": -25.32
                  },
                  {
                    "time": 0.3333,
                    "x": 0,
                    "y": -15.76
                  }
                ]
              },
              "xuong_tong": {
                "shear": [
                  {
                    "time": 0,
                    "x": 0,
                    "y": -10.41
                  },
                  {
                    "time": 0.3333,
                    "x": 0,
                    "y": 0
                  }
                ]
              }
            },
            "paths": {
              "fly_card": {
                "position": [
                  {
                    "time": 0,
                    "curve": [
                      0.487,
                      0.02,
                      0.53,
                      1
                    ]
                  },
                  {
                    "time": 0.3333,
                    "position": 1.0068
                  }
                ]
              }
            },
            "deform": {
              "default": {
                "cardback": {
                  "cardback": [
                    {
                      "time": 0,
                      "vertices": [
                        -0.13269,
                        0.0016,
                        -0.1315,
                        -0.00046,
                        -0.47861,
                        0.002,
                        -0.47495,
                        -0.00006,
                        -0.47629,
                        0.00198,
                        -0.4729,
                        -0.00008,
                        -0.0105,
                        0.00194,
                        -0.00946,
                        -0.00012,
                        -0.00781,
                        0.00189,
                        -0.00742,
                        -0.00017,
                        -0.00644,
                        0.00185,
                        -0.00531,
                        -0.00021,
                        -0.00461,
                        0.00175,
                        -0.00314,
                        -0.00031,
                        -0.00235,
                        0.00165,
                        -0.00092,
                        -0.00041,
                        0,
                        0.00156,
                        0.00134,
                        -0.0005,
                        0.00177,
                        0.00145,
                        0.00351,
                        -0.00061,
                        0.00375,
                        0.00134,
                        0.00577,
                        -0.00072,
                        0.00616,
                        0.00121,
                        0.0079,
                        -0.00085,
                        0,
                        0,
                        0,
                        0,
                        0.01038,
                        0.00095,
                        0.0123,
                        -0.00111,
                        0.01251,
                        0.00078,
                        0.0148,
                        -0.00128,
                        -0.17972,
                        0.00043,
                        -0.17599,
                        -0.00218,
                        -0.3143,
                        0.00021,
                        -0.3093,
                        -0.00243,
                        -0.58838,
                        -0.00269,
                        -0.5806,
                        -0.00603,
                        3.14676,
                        -0.00473,
                        3.13968,
                        -0.00929,
                        2.83148,
                        -0.00027,
                        2.82294,
                        -0.00348,
                        3.44684,
                        0.0007,
                        3.4332,
                        -0.0018,
                        2.24432,
                        0.00092,
                        2.23697,
                        -0.00159,
                        1.84088,
                        0.00113,
                        1.83395,
                        -0.00137,
                        1.43713,
                        0.00131,
                        1.43073,
                        -0.00119,
                        1.03168,
                        0.00146,
                        1.02866,
                        -0.00104,
                        0.62653,
                        0.00162,
                        0.62576,
                        -0.00089,
                        0.2222,
                        0.00177,
                        0.22208,
                        -0.00073,
                        -0.18399,
                        0.00192,
                        -0.18112,
                        -0.00058,
                        -0.58859,
                        0.00203,
                        -0.58517,
                        -0.00047,
                        -0.99438,
                        0.00217,
                        -0.98889,
                        -0.00034,
                        -1.40027,
                        0.00224,
                        -1.39282,
                        -0.00026,
                        -1.80676,
                        0.0023,
                        -1.79678,
                        -0.0002,
                        -3.83533,
                        0.0024,
                        -3.81537,
                        -0.00011,
                        -4.60574,
                        0.00188,
                        -4.57999,
                        -0.00119,
                        -4.64752,
                        0.00244,
                        -4.62332,
                        -0.00006,
                        -4.97037,
                        0.00137,
                        -4.94672
                      ]
                    }
                  ]
                },
                "fly_card": {
                  "fly_card": [
                    {
                      "time": 0,
                      "vertices": [
                        -116.13795,
                        4.31616,
                        -112.61581,
                        -2.977,
                        -95.79979,
                        -1.69502,
                        -115.44791,
                        -0.60099,
                        -85.20789,
                        9.17399,
                        -86.08593,
                        14.46078
                      ]
                    }
                  ]
                },
                "shadow": {
                  "shadow": [
                    {
                      "time": 0
                    },
                    {
                      "time": 0.3333,
                      "offset": 36,
                      "vertices": [
                        -3.26941,
                        -0.0004,
                        -3.25403,
                        -0.0004,
                        0,
                        0,
                        0,
                        0,
                        0,
                        0,
                        0,
                        0,
                        0,
                        0,
                        0,
                        0,
                        0,
                        0,
                        0,
                        0,
                        0,
                        0,
                        0,
                        0,
                        0,
                        0,
                        0,
                        0,
                        0,
                        0,
                        0,
                        0,
                        0,
                        0,
                        0,
                        0,
                        -1.22394,
                        -0.00061,
                        -1.21857,
                        -0.00061,
                        -6.42816,
                        -0.00058,
                        -6.39795
                      ]
                    }
                  ]
                }
              }
            }
          },
          "anim_flycard_vertical_right1": {
            "slots": {
              "cardback": {
                "attachment": [
                  {
                    "time": 0,
                    "name": "cardback"
                  }
                ]
              },
              "shadow": {
                "attachment": [
                  {
                    "time": 0,
                    "name": "shadow"
                  }
                ]
              }
            },
            "bones": {
              "heart_q": {
                "scale": [
                  {
                    "time": 0,
                    "x": 1.005,
                    "y": 1.005
                  }
                ]
              },
              "xuong_lon": {
                "rotate": [
                  {
                    "time": 0,
                    "angle": 81.46
                  },
                  {
                    "time": 0.2,
                    "angle": 0
                  }
                ],
                "scale": [
                  {
                    "time": 0,
                    "x": 0.147,
                    "y": 0.123
                  },
                  {
                    "time": 0.2,
                    "x": 0.628,
                    "y": 0.519
                  }
                ],
                "shear": [
                  {
                    "time": 0,
                    "x": 0,
                    "y": -11.25
                  },
                  {
                    "time": 0.2,
                    "x": 0,
                    "y": 8.67
                  }
                ]
              },
              "xuong_tong": {
                "shear": [
                  {
                    "time": 0,
                    "x": -22.04,
                    "y": 10
                  },
                  {
                    "time": 0.2,
                    "x": 0,
                    "y": 0
                  }
                ]
              }
            },
            "paths": {
              "fly_card": {
                "position": [
                  {
                    "time": 0,
                    "curve": [
                      0.404,
                      0.01,
                      0.636,
                      1
                    ]
                  },
                  {
                    "time": 0.2,
                    "position": 1.0068
                  }
                ]
              }
            },
            "deform": {
              "default": {
                "cardback": {
                  "cardback": [
                    {
                      "time": 0,
                      "vertices": [
                        0.42628,
                        -0.39594,
                        0.42514,
                        -0.39621,
                        -0.5858,
                        -0.9362,
                        -0.58344,
                        -0.93419,
                        -0.58348,
                        -0.93622,
                        -0.58139,
                        -0.9342,
                        -0.11769,
                        -0.93626,
                        -0.11795,
                        -0.93425,
                        -0.11501,
                        -0.93631,
                        -0.11591,
                        -0.9343,
                        -0.11363,
                        -0.93636,
                        -0.1138,
                        -0.93434,
                        -0.1118,
                        -0.93645,
                        -0.11163,
                        -0.93443,
                        -0.10954,
                        -0.93655,
                        -0.10941,
                        -0.93454,
                        -0.10719,
                        -0.93665,
                        -0.10715,
                        -0.93463,
                        -0.10542,
                        -0.93675,
                        -0.10498,
                        -0.93474,
                        -0.10344,
                        -0.93686,
                        -0.10272,
                        -0.93484,
                        -0.10103,
                        -0.937,
                        -0.10059,
                        -0.93498,
                        -0.10719,
                        -0.9382,
                        -0.10849,
                        -0.93413,
                        -0.09682,
                        -0.93726,
                        -0.09619,
                        -0.93524,
                        -0.09468,
                        -0.93742,
                        -0.09369,
                        -0.93541,
                        -0.28691,
                        -0.93777,
                        -0.28448,
                        -0.93631,
                        -0.42149,
                        -0.93799,
                        -0.41779,
                        -0.93655,
                        -1.61575,
                        -0.9389,
                        -1.60385,
                        -0.93817,
                        1.62361,
                        -1.98897,
                        1.62326,
                        -1.98436,
                        2.04468,
                        -1.98738,
                        2.03958,
                        -1.98141,
                        3.20105,
                        -1.9864,
                        3.18826,
                        -1.97974,
                        1.99854,
                        -1.98619,
                        1.99203,
                        -1.97952,
                        1.59509,
                        -1.98598,
                        1.58902,
                        -1.97931,
                        1.19135,
                        -1.98579,
                        1.18579,
                        -1.97913,
                        0.78589,
                        -1.98564,
                        0.78372,
                        -1.97897,
                        0.38074,
                        -1.98549,
                        0.38083,
                        -1.97882,
                        -0.02359,
                        -1.98534,
                        -0.02286,
                        -1.97867,
                        -0.42978,
                        -1.98518,
                        -0.42606,
                        -1.97852,
                        -0.83438,
                        -1.98508,
                        -0.83011,
                        -1.97841,
                        -1.24017,
                        -1.98494,
                        -1.23383,
                        -1.97827,
                        -1.64606,
                        -1.98486,
                        -1.63776,
                        -1.9782,
                        -2.05255,
                        -1.9848,
                        -2.04172,
                        -1.97813,
                        -4.08112,
                        -1.98471,
                        -4.0603,
                        -1.97804,
                        -4.85153,
                        -1.98523,
                        -4.82492,
                        -1.97913,
                        -4.89331,
                        -1.98466,
                        -4.86826,
                        -1.978,
                        -6.07481,
                        -2.95024,
                        -6.04532,
                        -2.93893
                      ]
                    }
                  ]
                },
                "fly_card": {
                  "fly_card": [
                    {
                      "time": 0,
                      "vertices": [
                        -64.30396,
                        26.27757,
                        29.54991,
                        21.43896,
                        101.00883,
                        24.33496,
                        237.28348,
                        8.29008,
                        333.93646,
                        9.14401,
                        447.14862,
                        -2.59814
                      ]
                    }
                  ]
                },
                "shadow": {
                  "shadow": [
                    {
                      "time": 0
                    },
                    {
                      "time": 0.2,
                      "offset": 40,
                      "vertices": [
                        5.13829,
                        0,
                        5.11372,
                        0,
                        4.0501,
                        0,
                        4.03075,
                        0,
                        0,
                        0,
                        0,
                        0,
                        0,
                        0,
                        0,
                        0,
                        0,
                        0,
                        0,
                        0,
                        0,
                        0,
                        0,
                        0,
                        0,
                        0,
                        0,
                        0,
                        0,
                        0,
                        0,
                        0,
                        -3.58175,
                        0,
                        -3.56468,
                        0,
                        -4.6737,
                        0,
                        -4.65142
                      ]
                    }
                  ]
                }
              }
            }
          },
          "anim_flycard_vertical_right2": {
            "slots": {
              "cardback": {
                "attachment": [
                  {
                    "time": 0,
                    "name": "cardback"
                  }
                ]
              },
              "shadow": {
                "attachment": [
                  {
                    "time": 0,
                    "name": "shadow"
                  }
                ]
              }
            },
            "bones": {
              "heart_q": {
                "scale": [
                  {
                    "time": 0,
                    "x": 1.005,
                    "y": 1.005
                  }
                ]
              },
              "xuong_lon": {
                "rotate": [
                  {
                    "time": 0,
                    "angle": 75.94
                  },
                  {
                    "time": 0.1667,
                    "angle": 63.49
                  },
                  {
                    "time": 0.3333,
                    "angle": 0
                  }
                ],
                "scale": [
                  {
                    "time": 0,
                    "x": 0.147,
                    "y": 0.123
                  },
                  {
                    "time": 0.3333,
                    "x": 0.643,
                    "y": 0.523
                  }
                ],
                "shear": [
                  {
                    "time": 0,
                    "x": 0,
                    "y": -17.26
                  },
                  {
                    "time": 0.3333,
                    "x": 0,
                    "y": 14.66
                  }
                ]
              },
              "xuong_tong": {
                "shear": [
                  {
                    "time": 0,
                    "x": -25.65,
                    "y": 0
                  },
                  {
                    "time": 0.3333,
                    "x": 0,
                    "y": 0
                  }
                ]
              }
            },
            "paths": {
              "fly_card": {
                "position": [
                  {
                    "time": 0,
                    "curve": [
                      0.487,
                      0.02,
                      0.53,
                      1
                    ]
                  },
                  {
                    "time": 0.3333,
                    "position": 1.0068
                  }
                ]
              }
            },
            "deform": {
              "default": {
                "cardback": {
                  "cardback": [
                    {
                      "time": 0,
                      "vertices": [
                        -0.13269,
                        0.0016,
                        -0.1315,
                        -0.00046,
                        -0.47861,
                        0.002,
                        -0.47495,
                        -0.00006,
                        -0.47629,
                        0.00198,
                        -0.4729,
                        -0.00008,
                        -0.0105,
                        0.00194,
                        -0.00946,
                        -0.00012,
                        -0.00781,
                        0.00189,
                        -0.00742,
                        -0.00017,
                        -0.00644,
                        0.00185,
                        -0.00531,
                        -0.00021,
                        -0.00461,
                        0.00175,
                        -0.00314,
                        -0.00031,
                        -0.00235,
                        0.00165,
                        -0.00092,
                        -0.00041,
                        0,
                        0.00156,
                        0.00134,
                        -0.0005,
                        0.00177,
                        0.00145,
                        0.00351,
                        -0.00061,
                        0.00375,
                        0.00134,
                        0.00577,
                        -0.00072,
                        0.00616,
                        0.00121,
                        0.0079,
                        -0.00085,
                        0,
                        0,
                        0,
                        0,
                        0.01038,
                        0.00095,
                        0.0123,
                        -0.00111,
                        0.01251,
                        0.00078,
                        0.0148,
                        -0.00128,
                        -0.17972,
                        0.00043,
                        -0.17599,
                        -0.00218,
                        -0.3143,
                        0.00021,
                        -0.3093,
                        -0.00243,
                        -0.58838,
                        -0.00269,
                        -0.5806,
                        -0.00603,
                        3.14676,
                        -0.00473,
                        3.13968,
                        -0.00929,
                        2.83148,
                        -0.00027,
                        2.82294,
                        -0.00348,
                        3.44684,
                        0.0007,
                        3.4332,
                        -0.0018,
                        2.24432,
                        0.00092,
                        2.23697,
                        -0.00159,
                        1.84088,
                        0.00113,
                        1.83395,
                        -0.00137,
                        1.43713,
                        0.00131,
                        1.43073,
                        -0.00119,
                        1.03168,
                        0.00146,
                        1.02866,
                        -0.00104,
                        0.62653,
                        0.00162,
                        0.62576,
                        -0.00089,
                        0.2222,
                        0.00177,
                        0.22208,
                        -0.00073,
                        -0.18399,
                        0.00192,
                        -0.18112,
                        -0.00058,
                        -0.58859,
                        0.00203,
                        -0.58517,
                        -0.00047,
                        -0.99438,
                        0.00217,
                        -0.98889,
                        -0.00034,
                        -1.40027,
                        0.00224,
                        -1.39282,
                        -0.00026,
                        -1.80676,
                        0.0023,
                        -1.79678,
                        -0.0002,
                        -3.83533,
                        0.0024,
                        -3.81537,
                        -0.00011,
                        -4.60574,
                        0.00188,
                        -4.57999,
                        -0.00119,
                        -4.64752,
                        0.00244,
                        -4.62332,
                        -0.00006,
                        -4.97037,
                        0.00137,
                        -4.94672
                      ]
                    }
                  ]
                },
                "fly_card": {
                  "fly_card": [
                    {
                      "time": 0,
                      "vertices": [
                        -79.81586,
                        5.81101,
                        16.32922,
                        6.10798,
                        104.75119,
                        6.14194,
                        279.50418,
                        3.25702,
                        419.88602,
                        8.856,
                        537.8043,
                        14.4081
                      ]
                    }
                  ]
                },
                "shadow": {
                  "shadow": [
                    {
                      "time": 0
                    },
                    {
                      "time": 0.3333,
                      "offset": 36,
                      "vertices": [
                        -3.26941,
                        -0.0004,
                        -3.25403,
                        -0.0004,
                        0,
                        0,
                        0,
                        0,
                        0,
                        0,
                        0,
                        0,
                        0,
                        0,
                        0,
                        0,
                        0,
                        0,
                        0,
                        0,
                        0,
                        0,
                        0,
                        0,
                        0,
                        0,
                        0,
                        0,
                        0,
                        0,
                        0,
                        0,
                        0,
                        0,
                        0,
                        0,
                        -1.22394,
                        -0.00061,
                        -1.21857,
                        -0.00061,
                        -6.42816,
                        -0.00058,
                        -6.39795
                      ]
                    }
                  ]
                }
              }
            }
          }
        }
      },
      [
        0
      ]
    ]
  ],
  0,
  0,
  [
    0
  ],
  [
    -1
  ],
  [
    0
  ]
]