[
  1,
  [
    "00FcRpj7dPCIvNuQX5LqZ8",
    "7a/QZLET9IDreTiBfRn2PD",
    "71b5aiTlRPtLABkuiBLox1",
    "ecpdLyjvZBwrvm+cedCcQy",
    "b97OMrXcZPcZSg8ZL0tZxl"
  ],
  [
    "_parent",
    "node",
    "_textureSetter",
    "root",
    "nodeTruy",
    "nodeMask",
    "data",
    "_N$skeletonData",
    "_spriteFrame"
  ],
  [
    [
      "cc.Node",
      [
        "_name",
        "_opacity",
        "_groupIndex",
        "_prefab",
        "_parent",
        "_components",
        "_trs",
        "_children",
        "_contentSize",
        "_eulerAngles",
        "_color"
      ],
      0,
      4,
      1,
      9,
      7,
      2,
      5,
      5,
      5
    ],
    [
      "cc.Node",
      [
        "_name",
        "_children",
        "_prefab",
        "_parent"
      ],
      2,
      9,
      4,
      1
    ],
    [
      "cc.PrefabInfo",
      [
        "fileId",
        "root",
        "asset"
      ],
      2,
      1,
      1
    ],
    "cc.SpriteFrame",
    [
      "cc.Prefab",
      [
        "_name"
      ],
      2
    ],
    [
      "cc.Node",
      [
        "_name",
        "_children",
        "_prefab"
      ],
      2,
      12,
      4
    ],
    [
      "14e80jgnYRJz49+hFqG6KVQ",
      [
        "node",
        "nodeMask",
        "nodeTruy"
      ],
      3,
      1,
      1,
      1
    ],
    [
      "sp.Skeleton",
      [
        "defaultSkin",
        "defaultAnimation",
        "_preCacheMode",
        "_cacheMode",
        "loop",
        "premultipliedAlpha",
        "_animationName",
        "_playTimes",
        "node",
        "_materials",
        "_N$skeletonData"
      ],
      -5,
      1,
      3,
      6
    ],
    [
      "cc.Sprite",
      [
        "node",
        "_materials",
        "_spriteFrame"
      ],
      3,
      1,
      3,
      6
    ],
    [
      "cc.BoxCollider",
      [
        "node",
        "_size"
      ],
      3,
      1,
      5
    ]
  ],
  [
    [
      2,
      0,
      1,
      2,
      2
    ],
    [
      0,
      0,
      4,
      3,
      2
    ],
    [
      0,
      0,
      4,
      7,
      3,
      2
    ],
    [
      5,
      0,
      1,
      2,
      2
    ],
    [
      1,
      0,
      3,
      1,
      2,
      2
    ],
    [
      0,
      0,
      2,
      4,
      5,
      3,
      6,
      3
    ],
    [
      9,
      0,
      1,
      1
    ],
    [
      4,
      0,
      2
    ],
    [
      0,
      0,
      7,
      5,
      3,
      8,
      6,
      2
    ],
    [
      0,
      0,
      4,
      7,
      5,
      3,
      8,
      6,
      9,
      2
    ],
    [
      0,
      0,
      1,
      4,
      5,
      3,
      10,
      8,
      6,
      3
    ],
    [
      1,
      0,
      1,
      2,
      2
    ],
    [
      6,
      0,
      1,
      2,
      1
    ],
    [
      2,
      1,
      2,
      1
    ],
    [
      7,
      0,
      1,
      2,
      3,
      4,
      5,
      6,
      7,
      8,
      9,
      10,
      9
    ],
    [
      8,
      0,
      1,
      2,
      1
    ]
  ],
  [
    [
      [
        {
          "name": "mask",
          "rect": [
            0,
            0,
            375,
            109
          ],
          "offset": [
            0,
            0
          ],
          "originalSize": [
            375,
            109
          ],
          "capInsets": [
            0,
            0,
            0,
            0
          ]
        }
      ],
      [
        3
      ],
      0,
      [
        0
      ],
      [
        2
      ],
      [
        0
      ]
    ],
    [
      [
        [
          7,
          "Fish102"
        ],
        [
          8,
          "Fish102",
          [
            -5,
            -6,
            -7,
            -8,
            -9
          ],
          [
            [
              12,
              -4,
              -3,
              -2
            ]
          ],
          [
            13,
            -1,
            0
          ],
          [
            5,
            250,
            400
          ],
          [
            1481.458,
            455.633,
            0,
            0,
            0,
            0,
            1,
            1,
            1,
            1
          ]
        ],
        [
          3,
          "ATTACHED_NODE:center",
          [
            [
              [
                1,
                "ATTACHED_NODE:a",
                -10,
                [
                  0,
                  "42soXnCUxEfbHyn2cW6FFe",
                  1,
                  0
                ]
              ],
              [
                1,
                "ATTACHED_NODE:b",
                -11,
                [
                  0,
                  "79J/VCXbRLBpw+Zvtv1L1I",
                  1,
                  0
                ]
              ],
              -12,
              [
                1,
                "ATTACHED_NODE:c",
                -13,
                [
                  0,
                  "f6li/MiNpHWI5d3qvaYx2A",
                  1,
                  0
                ]
              ],
              [
                1,
                "ATTACHED_NODE:d",
                -14,
                [
                  0,
                  "95faniOMdGgYHVyglYuvmY",
                  1,
                  0
                ]
              ],
              [
                1,
                "ATTACHED_NODE:e",
                -15,
                [
                  0,
                  "4emSHzWm1LJ4UH1VXcztsI",
                  1,
                  0
                ]
              ],
              [
                1,
                "ATTACHED_NODE:f",
                -16,
                [
                  0,
                  "99twema+tO2LUFnXhxPt2G",
                  1,
                  0
                ]
              ]
            ],
            4,
            4,
            1,
            4,
            4,
            4,
            4
          ],
          [
            0,
            "c18BrHxsZFN4LC+E9Uj4wa",
            1,
            0
          ]
        ],
        [
          3,
          "ATTACHED_NODE:bone",
          [
            [
              [
                1,
                "ATTACHED_NODE:b_chin",
                -17,
                [
                  0,
                  "fc/YMrCPhPBYnGEmDnlQSU",
                  1,
                  0
                ]
              ],
              -18,
              [
                1,
                "ATTACHED_NODE:bone8",
                -19,
                [
                  0,
                  "e3aNbMQT9BZL2mAQ0XF/oV",
                  1,
                  0
                ]
              ],
              [
                1,
                "ATTACHED_NODE:bone9",
                -20,
                [
                  0,
                  "fc+HL4Lp9Fto6Y/4/dzGFS",
                  1,
                  0
                ]
              ],
              -21,
              -22,
              [
                1,
                "ATTACHED_NODE:hit_body",
                -23,
                [
                  0,
                  "10mdLRt1lAnbt/fpIWVBzy",
                  1,
                  0
                ]
              ]
            ],
            4,
            1,
            4,
            4,
            1,
            1,
            4
          ],
          [
            0,
            "46cYcHjXlBj52Pj7Xzksg2",
            1,
            0
          ]
        ],
        [
          3,
          "ATTACHED_NODE:bone24",
          [
            [
              [
                1,
                "ATTACHED_NODE:bone25",
                -24,
                [
                  0,
                  "2cUS+3esFC440LE+0XKU7i",
                  1,
                  0
                ]
              ],
              [
                1,
                "ATTACHED_NODE:bone26",
                -25,
                [
                  0,
                  "a4YAyXpgRAeY6ztkZJBX7V",
                  1,
                  0
                ]
              ],
              [
                1,
                "ATTACHED_NODE:bone27",
                -26,
                [
                  0,
                  "8fhMaVqBpEabqbpsxV4kRD",
                  1,
                  0
                ]
              ],
              [
                1,
                "ATTACHED_NODE:bone29",
                -27,
                [
                  0,
                  "b8wI+QBs1Kj5AMYwDDvOUR",
                  1,
                  0
                ]
              ],
              -28
            ],
            4,
            4,
            4,
            4,
            1
          ],
          [
            0,
            "63wYeIXQdBgq3pOyh56K5j",
            1,
            0
          ]
        ],
        [
          2,
          "ATTACHED_NODE:bone2",
          3,
          [
            -29,
            -30,
            -31,
            -32
          ],
          [
            0,
            "27ybyKxSFO6bxcSOV7A+FK",
            1,
            0
          ]
        ],
        [
          11,
          "ATTACHED_NODE:bone5",
          [
            [
              1,
              "ATTACHED_NODE:bone6",
              -33,
              [
                0,
                "e2FRFBrWdIF5J2R2fZ7eCm",
                1,
                0
              ]
            ],
            [
              1,
              "ATTACHED_NODE:bone19",
              -34,
              [
                0,
                "0eHAq3gbhJ+YVKzHtwfSc3",
                1,
                0
              ]
            ],
            [
              1,
              "ATTACHED_NODE:hit_tail",
              -35,
              [
                0,
                "6cvCI6J2lKBZ6QupFsZY2f",
                1,
                0
              ]
            ]
          ],
          [
            0,
            "25kqgt71pOPImgSkQ2ScbJ",
            1,
            0
          ]
        ],
        [
          9,
          "main",
          1,
          [
            -37
          ],
          [
            [
              14,
              "default",
              "SWIM",
              1,
              1,
              false,
              false,
              "SWIM",
              1,
              -36,
              [
                0
              ],
              1
            ]
          ],
          [
            0,
            "b6glFcpmBKZ63q7fwbouR4",
            1,
            0
          ],
          [
            5,
            697.64,
            646.55
          ],
          [
            0,
            -61.595,
            0,
            0,
            0,
            -0.7071067811865475,
            0.7071067811865476,
            1,
            1,
            1
          ],
          [
            1,
            0,
            0,
            -90
          ]
        ],
        [
          3,
          "ATTACHED_NODE:root",
          [
            [
              2,
              [
                1,
                "ATTACHED_NODE:bone28",
                -38,
                [
                  0,
                  "52rZdiEANGooqOq1wNFo5M",
                  1,
                  0
                ]
              ]
            ],
            1,
            4
          ],
          [
            0,
            "3cw3tSI/hPI7H0ffJYzhpD",
            1,
            0
          ]
        ],
        [
          10,
          "OverlayMask",
          150,
          1,
          [
            [
              15,
              -39,
              [
                2
              ],
              3
            ]
          ],
          [
            0,
            "40JfbTsvtA66nE1RI05ebZ",
            1,
            0
          ],
          [
            4,
            4278190080
          ],
          [
            5,
            375,
            109
          ],
          [
            0,
            -61.595,
            0,
            0,
            0,
            0,
            1,
            13,
            13,
            16
          ]
        ],
        [
          2,
          "ATTACHED_NODE_TREE",
          7,
          [
            8
          ],
          [
            0,
            "b4OH5ZwLpNwbBnpZ9whXMp",
            1,
            0
          ]
        ],
        [
          2,
          "ATTACHED_NODE:bone7",
          2,
          [
            3
          ],
          [
            0,
            "14Y1Q6s5FFk4zl9shlE9Ek",
            1,
            0
          ]
        ],
        [
          2,
          "ATTACHED_NODE:bone3",
          5,
          [
            -40
          ],
          [
            0,
            "222CQslphHYp51OJtxiAxz",
            1,
            0
          ]
        ],
        [
          2,
          "ATTACHED_NODE:bone4",
          12,
          [
            6
          ],
          [
            0,
            "50ewtmej5Ks4gbOqCkd93Y",
            1,
            0
          ]
        ],
        [
          2,
          "ATTACHED_NODE:bone14",
          5,
          [
            -41
          ],
          [
            0,
            "d9ROBuaH9PCrSGMvJ/4Yul",
            1,
            0
          ]
        ],
        [
          4,
          "ATTACHED_NODE:bone15",
          14,
          [
            [
              1,
              "ATTACHED_NODE:bone16",
              -42,
              [
                0,
                "83YeThsshH3IVc2IMDkF52",
                1,
                0
              ]
            ]
          ],
          [
            0,
            "4eKWbg6qNK8p1JdPQgFVZj",
            1,
            0
          ]
        ],
        [
          4,
          "ATTACHED_NODE:bone17",
          5,
          [
            [
              1,
              "ATTACHED_NODE:bone18",
              -43,
              [
                0,
                "4a34PwE2xIDbhqn7ctqp1m",
                1,
                0
              ]
            ]
          ],
          [
            0,
            "e76v7E/ENNsItsREVpx/Kb",
            1,
            0
          ]
        ],
        [
          2,
          "ATTACHED_NODE:bone20",
          5,
          [
            -44
          ],
          [
            0,
            "acK7kGC5ZMg5012fzHuqOV",
            1,
            0
          ]
        ],
        [
          2,
          "ATTACHED_NODE:bone21",
          17,
          [
            -45
          ],
          [
            0,
            "02Qn3TcxpPCIVJovCcJfw4",
            1,
            0
          ]
        ],
        [
          2,
          "ATTACHED_NODE:bone22",
          18,
          [
            -46
          ],
          [
            0,
            "43eDBO6zZK0YIia1g8+m2R",
            1,
            0
          ]
        ],
        [
          2,
          "ATTACHED_NODE:bone23",
          19,
          [
            4
          ],
          [
            0,
            "39Iayfht1CLK+RtMIcLV63",
            1,
            0
          ]
        ],
        [
          1,
          "ATTACHED_NODE:hit_ball",
          4,
          [
            0,
            "056L5RbJlC4aOSth7/UzU6",
            1,
            0
          ]
        ],
        [
          4,
          "ATTACHED_NODE:bone10",
          3,
          [
            [
              1,
              "ATTACHED_NODE:bone11",
              -47,
              [
                0,
                "35tWk79YJFEYttMOeMMy6Q",
                1,
                0
              ]
            ]
          ],
          [
            0,
            "0ecWr2C1hHVJl25rmst2BW",
            1,
            0
          ]
        ],
        [
          4,
          "ATTACHED_NODE:bone12",
          3,
          [
            [
              1,
              "ATTACHED_NODE:bone13",
              -48,
              [
                0,
                "e9+PJaYKRMqbp9n54zXYNY",
                1,
                0
              ]
            ]
          ],
          [
            0,
            "e1zBNOINRIs7b0OW5F/Xms",
            1,
            0
          ]
        ],
        [
          5,
          "colider1 copy",
          2,
          1,
          [
            [
              6,
              -49,
              [
                5,
                100,
                120
              ]
            ]
          ],
          [
            0,
            "900XabeAJAZIoHrc2Y22gE",
            1,
            0
          ],
          [
            1.904,
            60.789,
            0,
            0,
            0,
            0,
            1,
            1,
            1,
            1
          ]
        ],
        [
          5,
          "colider1 copy",
          2,
          1,
          [
            [
              6,
              -50,
              [
                5,
                150,
                100
              ]
            ]
          ],
          [
            0,
            "32qUaCgIVJMYSaPrG1DnYZ",
            1,
            0
          ],
          [
            1.904,
            -29.526,
            0,
            0,
            0,
            0,
            1,
            1,
            1,
            1
          ]
        ],
        [
          5,
          "colider1 copy",
          2,
          1,
          [
            [
              6,
              -51,
              [
                5,
                100,
                150
              ]
            ]
          ],
          [
            0,
            "96Fm1SyDdEJYjDOCV/IPaU",
            1,
            0
          ],
          [
            1.904,
            -144.374,
            0,
            0,
            0,
            0,
            1,
            1,
            1,
            1
          ]
        ]
      ],
      0,
      [
        0,
        3,
        1,
        0,
        4,
        21,
        0,
        5,
        9,
        0,
        1,
        1,
        0,
        -1,
        7,
        0,
        -2,
        24,
        0,
        -3,
        25,
        0,
        -4,
        26,
        0,
        -5,
        9,
        0,
        0,
        2,
        0,
        0,
        2,
        0,
        -3,
        11,
        0,
        0,
        2,
        0,
        0,
        2,
        0,
        0,
        2,
        0,
        0,
        2,
        0,
        0,
        3,
        0,
        -2,
        5,
        0,
        0,
        3,
        0,
        0,
        3,
        0,
        -5,
        22,
        0,
        -6,
        23,
        0,
        0,
        3,
        0,
        0,
        4,
        0,
        0,
        4,
        0,
        0,
        4,
        0,
        0,
        4,
        0,
        -5,
        21,
        0,
        -1,
        12,
        0,
        -2,
        14,
        0,
        -3,
        16,
        0,
        -4,
        17,
        0,
        0,
        6,
        0,
        0,
        6,
        0,
        0,
        6,
        0,
        1,
        7,
        0,
        -1,
        10,
        0,
        0,
        8,
        0,
        1,
        9,
        0,
        -1,
        13,
        0,
        -1,
        15,
        0,
        0,
        15,
        0,
        0,
        16,
        0,
        -1,
        18,
        0,
        -1,
        19,
        0,
        -1,
        20,
        0,
        0,
        22,
        0,
        0,
        23,
        0,
        1,
        24,
        0,
        1,
        25,
        0,
        1,
        26,
        0,
        6,
        1,
        2,
        0,
        8,
        3,
        0,
        11,
        4,
        0,
        20,
        6,
        0,
        13,
        8,
        0,
        10,
        51
      ],
      [
        0,
        0,
        0,
        0
      ],
      [
        -1,
        7,
        -1,
        8
      ],
      [
        1,
        2,
        3,
        4
      ]
    ]
  ]
]