[
  1,
  [
    "1aaf2bea5",
    "65/wsRspxCnaD4pEx604QY",
    "ffw6ZwFRhKAK2qRlwGp0KV",
    "fbrGudo0NBp4NDPBFkxUwK",
    "07XXD/Q4pPOIqm7wDJHqby",
    "4f0nvzNVRMDpmEGDcnTRk/",
    "a9bWYZl99AzbdYqsdbiJec",
    "bd7AJOJ+xCmpbyf4BJed4G",
    "2d953KKlVMZrR3qA3P2tEw",
    "8boUZHqFxPDJ6/2dvZJXBY",
    "3dD16FK/tHFYig7vFSZn4D",
    "210TEzuutBr4/vCbwiExQi",
    "1ct6qgHIFFLoQg+LId/q/E",
    "71lm288N5Ifrg7sRcoLzC3",
    "6bwBYWPtNLzrMaDcN8hitK",
    "619YXlILdFuKebm5HouSUS",
    "b3U2gSjEdPpbib1PVDE3wn",
    "95LgLePf9ARppSar/lML/9",
    "9eZroquYxLuqaXVQO7JWEk",
    "eeBkA/EXJLiLVn7RqGUnM5",
    "31lturxRdNsZUysENIdhSg",
    "2asbHXKHNDDbxp7/OYUNOQ",
    "cd5YpNLFlMqKjXC7jRZOUD",
    "99ij1KlFBC/6Oaf6PAGfiZ",
    "90lM92UBdAso4MCcM6PHhc",
    "c7deDS6aFB6J7rPDYmO+ul",
    "e8qsr8MBFG5psMVxWcBa4q"
  ],
  [
    "_textureSetter",
    "value"
  ],
  [
    "cc.SpriteFrame",
    [
      "cc.AnimationClip",
      [
        "_name",
        "_duration",
        "sample",
        "wrapMode",
        "curveData"
      ],
      -1,
      11
    ]
  ],
  [
    [
      1,
      0,
      1,
      2,
      3,
      4,
      5
    ]
  ],
  [
    [
      [
        {
          "name": "bullet999fire6",
          "rect": [
            444,
            3,
            56,
            474
          ],
          "offset": [
            -1,
            1
          ],
          "originalSize": [
            58,
            476
          ],
          "capInsets": [
            0,
            0,
            0,
            0
          ]
        }
      ],
      [
        0
      ],
      0,
      [
        0
      ],
      [
        0
      ],
      [
        0
      ]
    ],
    [
      [
        [
          0,
          "BulletSet",
          1.3,
          10,
          2,
          [
            {},
            "comps",
            11,
            [
              {},
              "cc.Sprite",
              11,
              [
                {},
                "spriteFrame",
                12,
                [
                  [
                    [
                      {
                        "frame": 0
                      },
                      "value",
                      6,
                      0
                    ],
                    [
                      {
                        "frame": 0.1
                      },
                      "value",
                      6,
                      1
                    ],
                    [
                      {
                        "frame": 0.2
                      },
                      "value",
                      6,
                      2
                    ],
                    [
                      {
                        "frame": 0.3
                      },
                      "value",
                      6,
                      3
                    ],
                    [
                      {
                        "frame": 0.4
                      },
                      "value",
                      6,
                      4
                    ],
                    [
                      {
                        "frame": 0.5
                      },
                      "value",
                      6,
                      5
                    ],
                    [
                      {
                        "frame": 0.6
                      },
                      "value",
                      6,
                      6
                    ],
                    [
                      {
                        "frame": 0.7
                      },
                      "value",
                      6,
                      7
                    ],
                    [
                      {
                        "frame": 0.8
                      },
                      "value",
                      6,
                      8
                    ],
                    [
                      {
                        "frame": 0.9
                      },
                      "value",
                      6,
                      9
                    ],
                    [
                      {
                        "frame": 1
                      },
                      "value",
                      6,
                      10
                    ],
                    [
                      {
                        "frame": 1.1
                      },
                      "value",
                      6,
                      11
                    ],
                    [
                      {
                        "frame": 1.2
                      },
                      "value",
                      6,
                      12
                    ]
                  ],
                  11,
                  11,
                  11,
                  11,
                  11,
                  11,
                  11,
                  11,
                  11,
                  11,
                  11,
                  11,
                  11
                ]
              ]
            ],
            "paths",
            11,
            [
              {},
              "bullet999explode0",
              11,
              [
                {},
                "comps",
                11,
                [
                  {},
                  "cc.Sprite",
                  11,
                  [
                    {},
                    "spriteFrame",
                    12,
                    [
                      [
                        [
                          {
                            "frame": 0
                          },
                          "value",
                          6,
                          13
                        ],
                        [
                          {
                            "frame": 0.1
                          },
                          "value",
                          6,
                          14
                        ],
                        [
                          {
                            "frame": 0.2
                          },
                          "value",
                          6,
                          15
                        ],
                        [
                          {
                            "frame": 0.3
                          },
                          "value",
                          6,
                          16
                        ],
                        [
                          {
                            "frame": 0.4
                          },
                          "value",
                          6,
                          17
                        ],
                        [
                          {
                            "frame": 0.5
                          },
                          "value",
                          6,
                          18
                        ],
                        [
                          {
                            "frame": 0.6
                          },
                          "value",
                          6,
                          19
                        ],
                        [
                          {
                            "frame": 0.7
                          },
                          "value",
                          6,
                          20
                        ],
                        [
                          {
                            "frame": 0.8
                          },
                          "value",
                          6,
                          21
                        ],
                        [
                          {
                            "frame": 0.9
                          },
                          "value",
                          6,
                          22
                        ],
                        [
                          {
                            "frame": 1
                          },
                          "value",
                          6,
                          23
                        ],
                        [
                          {
                            "frame": 1.1
                          },
                          "value",
                          6,
                          24
                        ],
                        [
                          {
                            "frame": 1.2
                          },
                          "value",
                          6,
                          25
                        ]
                      ],
                      11,
                      11,
                      11,
                      11,
                      11,
                      11,
                      11,
                      11,
                      11,
                      11,
                      11,
                      11,
                      11
                    ]
                  ]
                ]
              ]
            ]
          ]
        ]
      ],
      0,
      0,
      [
        0,
        0,
        0,
        0,
        0,
        0,
        0,
        0,
        0,
        0,
        0,
        0,
        0,
        0,
        0,
        0,
        0,
        0,
        0,
        0,
        0,
        0,
        0,
        0,
        0,
        0
      ],
      [
        1,
        1,
        1,
        1,
        1,
        1,
        1,
        1,
        1,
        1,
        1,
        1,
        1,
        1,
        1,
        1,
        1,
        1,
        1,
        1,
        1,
        1,
        1,
        1,
        1,
        1
      ],
      [
        1,
        2,
        3,
        4,
        5,
        6,
        7,
        8,
        9,
        10,
        11,
        12,
        13,
        14,
        15,
        16,
        17,
        18,
        19,
        20,
        21,
        22,
        23,
        24,
        25,
        26
      ]
    ],
    [
      [
        {
          "name": "bullet999fire22",
          "rect": [
            506,
            3,
            60,
            473
          ],
          "offset": [
            -1,
            -0.5
          ],
          "originalSize": [
            62,
            476
          ],
          "capInsets": [
            0,
            0,
            0,
            0
          ]
        }
      ],
      [
        0
      ],
      0,
      [
        0
      ],
      [
        0
      ],
      [
        0
      ]
    ],
    [
      [
        {
          "name": "bullet999fire20",
          "rect": [
            149,
            3,
            55,
            476
          ],
          "offset": [
            -0.5,
            0
          ],
          "originalSize": [
            56,
            476
          ],
          "capInsets": [
            0,
            0,
            0,
            0
          ]
        }
      ],
      [
        0
      ],
      0,
      [
        0
      ],
      [
        0
      ],
      [
        0
      ]
    ],
    [
      [
        {
          "name": "bullet999explode8",
          "rect": [
            125,
            485,
            117,
            115
          ],
          "offset": [
            1.5,
            1
          ],
          "originalSize": [
            120,
            117
          ],
          "rotated": 1,
          "capInsets": [
            0,
            0,
            0,
            0
          ]
        }
      ],
      [
        0
      ],
      0,
      [
        0
      ],
      [
        0
      ],
      [
        0
      ]
    ],
    [
      [
        {
          "name": "bullet999fire14",
          "rect": [
            210,
            3,
            51,
            476
          ],
          "offset": [
            -2.5,
            0
          ],
          "originalSize": [
            56,
            476
          ],
          "capInsets": [
            0,
            0,
            0,
            0
          ]
        }
      ],
      [
        0
      ],
      0,
      [
        0
      ],
      [
        0
      ],
      [
        0
      ]
    ],
    [
      [
        {
          "name": "bullet999explode7",
          "rect": [
            3,
            485,
            120,
            116
          ],
          "offset": [
            0,
            -2
          ],
          "originalSize": [
            120,
            120
          ],
          "rotated": 1,
          "capInsets": [
            0,
            0,
            0,
            0
          ]
        }
      ],
      [
        0
      ],
      0,
      [
        0
      ],
      [
        0
      ],
      [
        0
      ]
    ],
    [
      [
        {
          "name": "bullet999fire18",
          "rect": [
            638,
            3,
            53,
            473
          ],
          "offset": [
            -0.5,
            -1.5
          ],
          "originalSize": [
            54,
            476
          ],
          "capInsets": [
            0,
            0,
            0,
            0
          ]
        }
      ],
      [
        0
      ],
      0,
      [
        0
      ],
      [
        0
      ],
      [
        0
      ]
    ],
    [
      [
        {
          "name": "bullet999fire8",
          "rect": [
            3,
            3,
            72,
            476
          ],
          "offset": [
            0,
            0
          ],
          "originalSize": [
            72,
            476
          ],
          "capInsets": [
            0,
            0,
            0,
            0
          ]
        }
      ],
      [
        0
      ],
      0,
      [
        0
      ],
      [
        0
      ],
      [
        0
      ]
    ],
    [
      [
        {
          "name": "bullet999explode1",
          "rect": [
            482,
            483,
            110,
            111
          ],
          "offset": [
            0,
            0.5
          ],
          "originalSize": [
            116,
            116
          ],
          "capInsets": [
            0,
            0,
            0,
            0
          ]
        }
      ],
      [
        0
      ],
      0,
      [
        0
      ],
      [
        0
      ],
      [
        0
      ]
    ],
    [
      [
        {
          "name": "bullet999fire0",
          "rect": [
            378,
            3,
            60,
            474
          ],
          "offset": [
            0,
            0.5
          ],
          "originalSize": [
            60,
            475
          ],
          "capInsets": [
            0,
            0,
            0,
            0
          ]
        }
      ],
      [
        0
      ],
      0,
      [
        0
      ],
      [
        0
      ],
      [
        0
      ]
    ],
    [
      [
        {
          "name": "bullet999explode0",
          "rect": [
            3,
            611,
            120,
            114
          ],
          "offset": [
            0,
            0
          ],
          "originalSize": [
            120,
            116
          ],
          "rotated": 1,
          "capInsets": [
            0,
            0,
            0,
            0
          ]
        }
      ],
      [
        0
      ],
      0,
      [
        0
      ],
      [
        0
      ],
      [
        0
      ]
    ],
    [
      [
        {
          "name": "bullet999fire24",
          "rect": [
            572,
            3,
            60,
            473
          ],
          "offset": [
            -3,
            -0.5
          ],
          "originalSize": [
            66,
            476
          ],
          "capInsets": [
            0,
            0,
            0,
            0
          ]
        }
      ],
      [
        0
      ],
      0,
      [
        0
      ],
      [
        0
      ],
      [
        0
      ]
    ],
    [
      [
        {
          "name": "bullet999fire16",
          "rect": [
            710,
            117,
            48,
            471
          ],
          "offset": [
            -3,
            -0.5
          ],
          "originalSize": [
            54,
            474
          ],
          "capInsets": [
            0,
            0,
            0,
            0
          ]
        }
      ],
      [
        0
      ],
      0,
      [
        0
      ],
      [
        0
      ],
      [
        0
      ]
    ],
    [
      [
        {
          "name": "bullet999explode11",
          "rect": [
            598,
            482,
            109,
            106
          ],
          "offset": [
            0.5,
            1
          ],
          "originalSize": [
            116,
            112
          ],
          "rotated": 1,
          "capInsets": [
            0,
            0,
            0,
            0
          ]
        }
      ],
      [
        0
      ],
      0,
      [
        0
      ],
      [
        0
      ],
      [
        0
      ]
    ],
    [
      [
        {
          "name": "bullet999explode4",
          "rect": [
            362,
            485,
            116,
            114
          ],
          "offset": [
            -1,
            -1
          ],
          "originalSize": [
            120,
            116
          ],
          "rotated": 1,
          "capInsets": [
            0,
            0,
            0,
            0
          ]
        }
      ],
      [
        0
      ],
      0,
      [
        0
      ],
      [
        0
      ],
      [
        0
      ]
    ],
    [
      [
        {
          "name": "bullet999explode10",
          "rect": [
            246,
            485,
            117,
            110
          ],
          "offset": [
            1.5,
            0
          ],
          "originalSize": [
            120,
            120
          ],
          "rotated": 1,
          "capInsets": [
            0,
            0,
            0,
            0
          ]
        }
      ],
      [
        0
      ],
      0,
      [
        0
      ],
      [
        0
      ],
      [
        0
      ]
    ],
    [
      [
        {
          "name": "bullet999explode5",
          "rect": [
            244,
            608,
            117,
            113
          ],
          "offset": [
            0.5,
            1.5
          ],
          "originalSize": [
            120,
            120
          ],
          "rotated": 1,
          "capInsets": [
            0,
            0,
            0,
            0
          ]
        }
      ],
      [
        0
      ],
      0,
      [
        0
      ],
      [
        0
      ],
      [
        0
      ]
    ],
    [
      [
        {
          "name": "bullet999fire10",
          "rect": [
            81,
            3,
            62,
            476
          ],
          "offset": [
            -1,
            0
          ],
          "originalSize": [
            64,
            476
          ],
          "capInsets": [
            0,
            0,
            0,
            0
          ]
        }
      ],
      [
        0
      ],
      0,
      [
        0
      ],
      [
        0
      ],
      [
        0
      ]
    ],
    [
      [
        {
          "name": "bullet999explode3",
          "rect": [
            479,
            607,
            112,
            111
          ],
          "offset": [
            -1,
            0
          ],
          "originalSize": [
            120,
            117
          ],
          "rotated": 1,
          "capInsets": [
            0,
            0,
            0,
            0
          ]
        }
      ],
      [
        0
      ],
      0,
      [
        0
      ],
      [
        0
      ],
      [
        0
      ]
    ],
    [
      [
        {
          "name": "bullet999fire12",
          "rect": [
            267,
            3,
            51,
            476
          ],
          "offset": [
            -2.5,
            0
          ],
          "originalSize": [
            56,
            476
          ],
          "capInsets": [
            0,
            0,
            0,
            0
          ]
        }
      ],
      [
        0
      ],
      0,
      [
        0
      ],
      [
        0
      ],
      [
        0
      ]
    ],
    [
      [
        {
          "name": "bullet999explode12",
          "rect": [
            363,
            607,
            116,
            110
          ],
          "offset": [
            1,
            1
          ],
          "originalSize": [
            120,
            120
          ],
          "rotated": 1,
          "capInsets": [
            0,
            0,
            0,
            0
          ]
        }
      ],
      [
        0
      ],
      0,
      [
        0
      ],
      [
        0
      ],
      [
        0
      ]
    ],
    [
      [
        {
          "name": "bullet999explode9",
          "rect": [
            123,
            611,
            119,
            115
          ],
          "offset": [
            -0.5,
            1.5
          ],
          "originalSize": [
            120,
            120
          ],
          "rotated": 1,
          "capInsets": [
            0,
            0,
            0,
            0
          ]
        }
      ],
      [
        0
      ],
      0,
      [
        0
      ],
      [
        0
      ],
      [
        0
      ]
    ],
    [
      [
        {
          "name": "bullet999explode13",
          "rect": [
            596,
            600,
            111,
            110
          ],
          "offset": [
            -0.5,
            1
          ],
          "originalSize": [
            120,
            116
          ],
          "rotated": 1,
          "capInsets": [
            0,
            0,
            0,
            0
          ]
        }
      ],
      [
        0
      ],
      0,
      [
        0
      ],
      [
        0
      ],
      [
        0
      ]
    ],
    [
      [
        {
          "name": "bullet999explode6",
          "rect": [
            697,
            3,
            108,
            106
          ],
          "offset": [
            -2,
            1
          ],
          "originalSize": [
            112,
            112
          ],
          "rotated": 1,
          "capInsets": [
            0,
            0,
            0,
            0
          ]
        }
      ],
      [
        0
      ],
      0,
      [
        0
      ],
      [
        0
      ],
      [
        0
      ]
    ],
    [
      [
        {
          "name": "bullet999fire4",
          "rect": [
            324,
            3,
            48,
            476
          ],
          "offset": [
            -1,
            0
          ],
          "originalSize": [
            50,
            478
          ],
          "capInsets": [
            0,
            0,
            0,
            0
          ]
        }
      ],
      [
        0
      ],
      0,
      [
        0
      ],
      [
        0
      ],
      [
        0
      ]
    ],
    [
      [
        {
          "name": "bullet999fire2",
          "rect": [
            3,
            737,
            60,
            476
          ],
          "offset": [
            0,
            0
          ],
          "originalSize": [
            60,
            476
          ],
          "rotated": 1,
          "capInsets": [
            0,
            0,
            0,
            0
          ]
        }
      ],
      [
        0
      ],
      0,
      [
        0
      ],
      [
        0
      ],
      [
        0
      ]
    ]
  ]
]