[
  1,
  [
    "d16TfmFQ9DKase20sZqbQN"
  ],
  [
    "_textureSetter"
  ],
  [
    "cc.SpriteFrame"
  ],
  0,
  [
    {
      "name": "b2beae8f-a80e-491d-a36d-2b23ac283734",
      "rect": [
        2,
        0,
        765,
        510
      ],
      "offset": [
        -2,
        0.5
      ],
      "originalSize": [
        773,
        511
      ],
      "capInsets": [
        0,
        0,
        0,
        0
      ]
    }
  ],
  [
    0
  ],
  0,
  [
    0
  ],
  [
    0
  ],
  [
    0
  ]
]