[
  1,
  [
    "9a52oPoblMOpjfMM9vBfWl"
  ],
  0,
  [
    [
      "sp.SkeletonData",
      [
        "_name",
        "_atlasText",
        "textureNames",
        "_skeletonJson",
        "textures"
      ],
      -1,
      3
    ]
  ],
  [
    [
      0,
      0,
      1,
      2,
      3,
      4,
      5
    ]
  ],
  [
    [
      0,
      "Fx_Explosion",
      "\r\nFx_Explosion.png\r\nsize: 555,400\r\nformat: RGBA8888\r\nfilter: Linear,Linear\r\nrepeat: none\r\nSpark Explosion/Spark Explosion 01\r\n  rotate: false\r\n  xy: 2, 83\r\n  size: 315, 315\r\n  orig: 315, 315\r\n  offset: 0, 0\r\n  index: -1\r\nSpark Explosion/Spark Explosion 02\r\n  rotate: true\r\n  xy: 372, 245\r\n  size: 153, 162\r\n  orig: 221, 221\r\n  offset: 35, 34\r\n  index: -1\r\nSpark Explosion/Spark Explosion 03\r\n  rotate: false\r\n  xy: 319, 96\r\n  size: 163, 147\r\n  orig: 221, 221\r\n  offset: 44, 39\r\n  index: -1\r\nSpark Explosion/Spark Explosion 04\r\n  rotate: false\r\n  xy: 484, 109\r\n  size: 69, 65\r\n  orig: 315, 315\r\n  offset: 126, 107\r\n  index: -1\r\nSpark Explosion/Spark Explosion 05\r\n  rotate: false\r\n  xy: 484, 176\r\n  size: 68, 67\r\n  orig: 315, 315\r\n  offset: 127, 106\r\n  index: -1\r\nSpark Explosion/Spark Explosion 06\r\n  rotate: true\r\n  xy: 203, 3\r\n  size: 78, 73\r\n  orig: 315, 315\r\n  offset: 122, 98\r\n  index: -1\r\nSpark Explosion/Spark Explosion 07\r\n  rotate: false\r\n  xy: 113, 3\r\n  size: 88, 78\r\n  orig: 315, 315\r\n  offset: 117, 91\r\n  index: -1\r\nSpark Explosion/Spark Explosion 08\r\n  rotate: false\r\n  xy: 372, 2\r\n  size: 101, 92\r\n  orig: 315, 315\r\n  offset: 110, 77\r\n  index: -1\r\nSpark Explosion/Spark Explosion 09\r\n  rotate: false\r\n  xy: 2, 15\r\n  size: 109, 66\r\n  orig: 315, 315\r\n  offset: 108, 99\r\n  index: -1\r\nSpark Explosion/Spark Explosion 10\r\n  rotate: false\r\n  xy: 278, 23\r\n  size: 92, 58\r\n  orig: 315, 315\r\n  offset: 128, 92\r\n  index: -1\r\nSpark Explosion/Spark Explosion 11\r\n  rotate: true\r\n  xy: 475, 2\r\n  size: 92, 56\r\n  orig: 315, 315\r\n  offset: 128, 92\r\n  index: -1\r\nSpark Explosion/Spark Explosion 12\r\n  rotate: true\r\n  xy: 319, 366\r\n  size: 32, 39\r\n  orig: 315, 315\r\n  offset: 139, 85\r\n  index: -1\r\nSpark Explosion/Spark Explosion 13\r\n  rotate: true\r\n  xy: 319, 340\r\n  size: 24, 29\r\n  orig: 315, 315\r\n  offset: 137, 92\r\n  index: -1\r\n",
      [
        "Fx_Explosion.png"
      ],
      {
        "skeleton": {
          "hash": "/HQYEBv9TeAPBIcRiMSUD7c33nA",
          "spine": "3.7.94",
          "width": 315,
          "height": 315,
          "images": "",
          "audio": "D:/Work/06_2020/Fish/Mini Boss/FX_Miniboss"
        },
        "bones": [
          {
            "name": "root"
          },
          {
            "name": "All",
            "parent": "root"
          },
          {
            "name": "MetalHit",
            "parent": "All"
          }
        ],
        "slots": [
          {
            "name": "dasdas",
            "bone": "root"
          },
          {
            "name": "export Metal Hit/Spark Explosion/Spark Explosion 01",
            "bone": "MetalHit",
            "attachment": "Spark Explosion/Spark Explosion 01"
          }
        ],
        "skins": {
          "default": {
            "export Metal Hit/Spark Explosion/Spark Explosion 01": {
              "Spark Explosion/Spark Explosion 01": {
                "width": 315,
                "height": 315
              },
              "Spark Explosion/Spark Explosion 02": {
                "width": 221,
                "height": 221
              },
              "Spark Explosion/Spark Explosion 03": {
                "width": 221,
                "height": 221
              },
              "Spark Explosion/Spark Explosion 04": {
                "width": 315,
                "height": 315
              },
              "Spark Explosion/Spark Explosion 05": {
                "width": 315,
                "height": 315
              },
              "Spark Explosion/Spark Explosion 06": {
                "width": 315,
                "height": 315
              },
              "Spark Explosion/Spark Explosion 07": {
                "width": 315,
                "height": 315
              },
              "Spark Explosion/Spark Explosion 08": {
                "width": 315,
                "height": 315
              },
              "Spark Explosion/Spark Explosion 09": {
                "width": 315,
                "height": 315
              },
              "Spark Explosion/Spark Explosion 10": {
                "width": 315,
                "height": 315
              },
              "Spark Explosion/Spark Explosion 11": {
                "width": 315,
                "height": 315
              },
              "Spark Explosion/Spark Explosion 12": {
                "width": 315,
                "height": 315
              },
              "Spark Explosion/Spark Explosion 13": {
                "width": 315,
                "height": 315
              }
            }
          }
        },
        "animations": {
          "animation": {
            "slots": {
              "export Metal Hit/Spark Explosion/Spark Explosion 01": {
                "attachment": [
                  {
                    "time": 0.0333,
                    "name": "Spark Explosion/Spark Explosion 02"
                  },
                  {
                    "time": 0.0667,
                    "name": "Spark Explosion/Spark Explosion 03"
                  },
                  {
                    "time": 0.1,
                    "name": "Spark Explosion/Spark Explosion 04"
                  },
                  {
                    "time": 0.1333,
                    "name": "Spark Explosion/Spark Explosion 05"
                  },
                  {
                    "time": 0.1667,
                    "name": "Spark Explosion/Spark Explosion 06"
                  },
                  {
                    "time": 0.2,
                    "name": "Spark Explosion/Spark Explosion 07"
                  },
                  {
                    "time": 0.2333,
                    "name": "Spark Explosion/Spark Explosion 08"
                  },
                  {
                    "time": 0.2667,
                    "name": "Spark Explosion/Spark Explosion 09"
                  },
                  {
                    "time": 0.3,
                    "name": "Spark Explosion/Spark Explosion 10"
                  },
                  {
                    "time": 0.3333,
                    "name": "Spark Explosion/Spark Explosion 11"
                  },
                  {
                    "time": 0.3667,
                    "name": "Spark Explosion/Spark Explosion 12"
                  },
                  {
                    "time": 0.4,
                    "name": "Spark Explosion/Spark Explosion 13"
                  },
                  {
                    "time": 0.4333,
                    "name": "Spark Explosion/Spark Explosion 01"
                  }
                ]
              }
            }
          }
        }
      },
      [
        0
      ]
    ]
  ],
  0,
  0,
  [
    0
  ],
  [
    -1
  ],
  [
    0
  ]
]