[1,["c64OMSpbtNJKYv0kWmr/F9"],["_textureSetter"],["cc.SpriteFrame"],0,[[[{"name":"info_vfx_a_02","rect":[1679,1633,344,284],"offset":[10,0],"originalSize":[560,560],"rotated":1,"capInsets":[0,0,0,0]}],[0],0,[0],[0],[0]],[[{"name":"info_vfx_a_13","rect":[933,439,448,448],"offset":[-1,7],"originalSize":[560,560],"capInsets":[0,0,0,0]}],[0],0,[0],[0],[0]],[[{"name":"info_vfx_a_10","rect":[971,1,464,436],"offset":[-16,7],"originalSize":[560,560],"capInsets":[0,0,0,0]}],[0],0,[0],[0],[0]],[[{"name":"info_vfx_a_14","rect":[1,853,450,452],"offset":[-1,7],"originalSize":[560,560],"rotated":1,"capInsets":[0,0,0,0]}],[0],0,[0],[0],[0]],[[{"name":"info_vfx_a_01","rect":[1,1719,294,240],"offset":[11,-1],"originalSize":[560,560],"capInsets":[0,0,0,0]}],[0],0,[0],[0],[0]],[[{"name":"info_vfx_a_16","rect":[1437,405,428,454],"offset":[11,7],"originalSize":[560,560],"rotated":1,"capInsets":[0,0,0,0]}],[0],0,[0],[0],[0]],[[{"name":"info_vfx_a_06","rect":[1437,1,464,402],"offset":[2,7],"originalSize":[560,560],"capInsets":[0,0,0,0]}],[0],0,[0],[0],[0]],[[{"name":"info_vfx_a_11","rect":[455,893,440,440],"offset":[-2,6],"originalSize":[560,560],"capInsets":[0,0,0,0]}],[0],0,[0],[0],[0]],[[{"name":"info_vfx_a_09","rect":[487,1,482,436],"offset":[-5,10],"originalSize":[560,560],"capInsets":[0,0,0,0]}],[0],0,[0],[0],[0]],[[{"name":"info_vfx_a_04","rect":[1327,1281,420,350],"offset":[6,6],"originalSize":[560,560],"capInsets":[0,0,0,0]}],[0],0,[0],[0],[0]],[[{"name":"info_vfx_a_17","rect":[1,1305,412,428],"offset":[3,21],"originalSize":[560,560],"rotated":1,"capInsets":[0,0,0,0]}],[0],0,[0],[0],[0]],[[{"name":"info_vfx_a_08","rect":[1,1,484,430],"offset":[-1,8],"originalSize":[560,560],"capInsets":[0,0,0,0]}],[0],0,[0],[0],[0]],[[{"name":"info_vfx_a_03","rect":[861,1653,386,316],"offset":[8,5],"originalSize":[560,560],"capInsets":[0,0,0,0]}],[0],0,[0],[0],[0]],[[{"name":"info_vfx_a_19","rect":[897,1269,382,428],"offset":[18,21],"originalSize":[560,560],"rotated":1,"capInsets":[0,0,0,0]}],[0],0,[0],[0],[0]],[[{"name":"info_vfx_a_15","rect":[479,439,452,452],"offset":[-1,7],"originalSize":[560,560],"capInsets":[0,0,0,0]}],[0],0,[0],[0],[0]],[[{"name":"info_vfx_a_20","rect":[1249,1653,284,428],"offset":[-31,22],"originalSize":[560,560],"rotated":1,"capInsets":[0,0,0,0]}],[0],0,[0],[0],[0]],[[{"name":"info_vfx_a_07","rect":[1,433,476,418],"offset":[1,8],"originalSize":[560,560],"capInsets":[0,0,0,0]}],[0],0,[0],[0],[0]],[[{"name":"info_vfx_a_00","rect":[297,1719,234,182],"offset":[13,-5],"originalSize":[560,560],"rotated":1,"capInsets":[0,0,0,0]}],[0],0,[0],[0],[0]],[[{"name":"info_vfx_a_05","rect":[933,889,444,378],"offset":[4,6],"originalSize":[560,560],"capInsets":[0,0,0,0]}],[0],0,[0],[0],[0]],[[{"name":"info_vfx_a_12","rect":[1383,835,444,446],"offset":[-1,7],"originalSize":[560,560],"rotated":1,"capInsets":[0,0,0,0]}],[0],0,[0],[0],[0]],[[{"name":"info_vfx_a_18","rect":[431,1335,382,428],"offset":[18,21],"originalSize":[560,560],"rotated":1,"capInsets":[0,0,0,0]}],[0],0,[0],[0],[0]]]]