[1,["86Qq5b8r5Dt540KcloHRK+","38HwgY7S5I54R1u5X9YipO","aaBiecgSdPBa3e/jn5ZHuY","59VHJKP+hOOrkr97baOHHa","69tPwtsqNOw4kAmJg2e3c/","baOoja2ERIooU1O11B28Gx","30SwElzWFMQ7C1HH5r5LTz","e300juheFBPbUHMQoKk/O7","f5Ryn7qDVFZq7Y2oanpI7f","bdVuplUmFARb2Y3sj29dnJ","09gUIb69NH7YoIdTXeiVHr","c9QeOA2GhIRYvGprRtEMeO","71cgEeywZDg5Q2dJYo4FlV","efMhRaOy1CHqlVmDtcwqUU","c5tRCgXqhIQLYI9ZOpIB9K","32PZETgnxC8oXeoSvdZS4d","26c3siOvJNEpuJVk6ccyzR","cenaCXoZlKgaUvz2VwOhC5","055K3kAuJNz45izbgZyamD","cbEqMev0BNDZ5TVRc6D9pf"],["_textureSetter","infoboard_lv02_vfx_g_add_03","infoboard_lv02_vfx_g_add_10","infoboard_lv02_vfx_g_add_08","infoboard_lv02_vfx_g_add_14","infoboard_lv02_vfx_g_add_12","infoboard_lv02_vfx_g_add_09","infoboard_lv02_vfx_g_add_18","infoboard_lv02_vfx_g_add_01","infoboard_lv02_vfx_g_add_02","infoboard_lv02_vfx_g_add_04","infoboard_lv02_vfx_g_add_17","infoboard_lv02_vfx_g_add_15","infoboard_lv02_vfx_g_add_13","infoboard_lv02_vfx_g_add_11","infoboard_lv02_vfx_g_add_00","infoboard_lv02_vfx_g_add_16","infoboard_lv02_vfx_g_add_05","infoboard_lv02_vfx_g_add_06","infoboard_lv02_vfx_g_add_07"],["cc.SpriteFrame",["cc.SpriteAtlas",["_name","_spriteFrames"],2,11]],[[1,0,1,2]],[[[[0,"Alats20.plist",[{},"infoboard_lv02_vfx_g_add_03",6,0,"infoboard_lv02_vfx_g_add_10",6,1,"infoboard_lv02_vfx_g_add_08",6,2,"infoboard_lv02_vfx_g_add_14",6,3,"infoboard_lv02_vfx_g_add_12",6,4,"infoboard_lv02_vfx_g_add_09",6,5,"infoboard_lv02_vfx_g_add_18",6,6,"infoboard_lv02_vfx_g_add_01",6,7,"infoboard_lv02_vfx_g_add_02",6,8,"infoboard_lv02_vfx_g_add_04",6,9,"infoboard_lv02_vfx_g_add_17",6,10,"infoboard_lv02_vfx_g_add_15",6,11,"infoboard_lv02_vfx_g_add_13",6,12,"infoboard_lv02_vfx_g_add_11",6,13,"infoboard_lv02_vfx_g_add_00",6,14,"infoboard_lv02_vfx_g_add_16",6,15,"infoboard_lv02_vfx_g_add_05",6,16,"infoboard_lv02_vfx_g_add_06",6,17,"infoboard_lv02_vfx_g_add_07",6,18]]],0,0,[0,0,0,0,0,0,0,0,0,0,0,0,0,0,0,0,0,0,0],[1,2,3,4,5,6,7,8,9,10,11,12,13,14,15,16,17,18,19],[1,2,3,4,5,6,7,8,9,10,11,12,13,14,15,16,17,18,19]],[[{"name":"infoboard_lv02_vfx_g_add_06","rect":[621,389,200,188],"offset":[1,2],"originalSize":[378,192],"rotated":1,"capInsets":[0,0,0,0]}],[0],0,[0],[0],[0]],[[{"name":"infoboard_lv02_vfx_g_add_04","rect":[811,383,184,186],"offset":[2,-3],"originalSize":[378,192],"capInsets":[0,0,0,0]}],[0],0,[0],[0],[0]],[[{"name":"infoboard_lv02_vfx_g_add_16","rect":[437,195,200,192],"offset":[2,0],"originalSize":[378,192],"capInsets":[0,0,0,0]}],[0],0,[0],[0],[0]],[[{"name":"infoboard_lv02_vfx_g_add_09","rect":[439,1,212,190],"offset":[1,-1],"originalSize":[378,192],"capInsets":[0,0,0,0]}],[0],0,[0],[0],[0]],[[{"name":"infoboard_lv02_vfx_g_add_00","rect":[865,137,110,108],"offset":[2,-3],"originalSize":[378,192],"capInsets":[0,0,0,0]}],[0],0,[0],[0],[0]],[[{"name":"infoboard_lv02_vfx_g_add_03","rect":[811,571,172,174],"offset":[2,-4],"originalSize":[378,192],"rotated":1,"capInsets":[0,0,0,0]}],[0],0,[0],[0],[0]],[[{"name":"infoboard_lv02_vfx_g_add_08","rect":[653,1,210,188],"offset":[1,-2],"originalSize":[378,192],"capInsets":[0,0,0,0]}],[0],0,[0],[0],[0]],[[{"name":"infoboard_lv02_vfx_g_add_14","rect":[1,195,218,192],"offset":[1,0],"originalSize":[378,192],"capInsets":[0,0,0,0]}],[0],0,[0],[0],[0]],[[{"name":"infoboard_lv02_vfx_g_add_15","rect":[217,389,208,192],"offset":[6,0],"originalSize":[378,192],"capInsets":[0,0,0,0]}],[0],0,[0],[0],[0]],[[{"name":"infoboard_lv02_vfx_g_add_10","rect":[1,389,214,192],"offset":[1,0],"originalSize":[378,192],"capInsets":[0,0,0,0]}],[0],0,[0],[0],[0]],[[{"name":"infoboard_lv02_vfx_g_add_12","rect":[221,1,216,192],"offset":[0,0],"originalSize":[378,192],"capInsets":[0,0,0,0]}],[0],0,[0],[0],[0]],[[{"name":"infoboard_lv02_vfx_g_add_02","rect":[377,583,156,158],"offset":[2,-3],"originalSize":[378,192],"capInsets":[0,0,0,0]}],[0],0,[0],[0],[0]],[[{"name":"infoboard_lv02_vfx_g_add_11","rect":[221,195,214,192],"offset":[0,0],"originalSize":[378,192],"capInsets":[0,0,0,0]}],[0],0,[0],[0],[0]],[[{"name":"infoboard_lv02_vfx_g_add_17","rect":[1,583,186,168],"offset":[9,-12],"originalSize":[378,192],"capInsets":[0,0,0,0]}],[0],0,[0],[0],[0]],[[{"name":"infoboard_lv02_vfx_g_add_07","rect":[653,191,206,190],"offset":[1,1],"originalSize":[378,192],"capInsets":[0,0,0,0]}],[0],0,[0],[0],[0]],[[{"name":"infoboard_lv02_vfx_g_add_05","rect":[427,389,192,192],"offset":[2,0],"originalSize":[378,192],"capInsets":[0,0,0,0]}],[0],0,[0],[0],[0]],[[{"name":"infoboard_lv02_vfx_g_add_18","rect":[189,583,186,164],"offset":[9,-11],"originalSize":[378,192],"capInsets":[0,0,0,0]}],[0],0,[0],[0],[0]],[[{"name":"infoboard_lv02_vfx_g_add_13","rect":[1,1,218,192],"offset":[0,0],"originalSize":[378,192],"capInsets":[0,0,0,0]}],[0],0,[0],[0],[0]],[[{"name":"infoboard_lv02_vfx_g_add_01","rect":[865,1,134,134],"offset":[3,-3],"originalSize":[378,192],"capInsets":[0,0,0,0]}],[0],0,[0],[0],[0]]]]