[1,["aaXAgsujxCT6UO/V1JjIok","4d0fJAqTdNk5+fPtYryyxJ","43zGqK67xIZ5oOKiGkIxHf","24kxEINglBBrfKYCdQ6nHk","31r4uic1hLdIRDO2uKUF74","41ApjFnCpNArRAQIYnCHIB","d4dr8l9UZEZ4Q5cFUcejTt","a7ETFwCkdEr4y0xTw9fhpa","8dGO3c59NGmpjWeH+9Soet","danLf8QqdKlbmoeN2T7jDY"],["_textureSetter","spin_vfx_b_06","spin_vfx_b_05","spin_vfx_b_01","spin_vfx_b_08","spin_vfx_b_03","spin_vfx_b_00","spin_vfx_b_04","spin_vfx_b_07","spin_vfx_b_02"],["cc.SpriteFrame",["cc.SpriteAtlas",["_name","_spriteFrames"],2,11]],[[1,0,1,2]],[[[{"name":"spin_vfx_b_01","rect":[169,55,8,18],"offset":[-56,-13],"originalSize":[222,222],"capInsets":[0,0,0,0]}],[0],0,[0],[0],[0]],[[{"name":"spin_vfx_b_08","rect":[179,1,26,70],"offset":[45,12],"originalSize":[222,222],"capInsets":[0,0,0,0]}],[0],0,[0],[0],[0]],[[{"name":"spin_vfx_b_03","rect":[59,55,52,108],"offset":[-27,-4],"originalSize":[222,222],"rotated":1,"capInsets":[0,0,0,0]}],[0],0,[0],[0],[0]],[[{"name":"spin_vfx_b_05","rect":[1,119,56,116],"offset":[8,1],"originalSize":[222,222],"rotated":1,"capInsets":[0,0,0,0]}],[0],0,[0],[0],[0]],[[{"name":"spin_vfx_b_06","rect":[59,1,52,110],"offset":[24,5],"originalSize":[222,222],"rotated":1,"capInsets":[0,0,0,0]}],[0],0,[0],[0],[0]],[[[0,"Alats54.plist",[{},"spin_vfx_b_06",6,0,"spin_vfx_b_05",6,1,"spin_vfx_b_01",6,2,"spin_vfx_b_08",6,3,"spin_vfx_b_03",6,4,"spin_vfx_b_00",6,5,"spin_vfx_b_04",6,6,"spin_vfx_b_07",6,7,"spin_vfx_b_02",6,8]]],0,0,[0,0,0,0,0,0,0,0,0],[1,2,3,4,5,6,7,8,9],[1,2,3,4,5,6,7,8,9]],[[{"name":"spin_vfx_b_07","rect":[119,109,44,96],"offset":[36,8],"originalSize":[222,222],"capInsets":[0,0,0,0]}],[0],0,[0],[0],[0]],[[{"name":"spin_vfx_b_04","rect":[1,1,56,116],"offset":[-9,0],"originalSize":[222,222],"capInsets":[0,0,0,0]}],[0],0,[0],[0],[0]],[[{"name":"spin_vfx_b_00","rect":[169,75,3,3],"offset":[-109.5,109.5],"originalSize":[222,222],"capInsets":[0,0,0,0]}],[0],0,[0],[0],[0]],[[{"name":"spin_vfx_b_02","rect":[165,109,36,88],"offset":[-42,-8],"originalSize":[222,222],"capInsets":[0,0,0,0]}],[0],0,[0],[0],[0]]]]