[1,["f8ozuv7uJG57pBoNe3P0KA","35l0QKymBJaJzOvYi4G+oK","4aW11pQF5OEZKJ2KQxr9DV","f5HZJu4mVLGrTDQu+mk80j","65Hjfp+ERCIJD5yOi9l0gY","52DEWHWKdLMq2rPab/Eqay","87TBGo/lhK679+3VxgwrMX","ceUe9LDypEK6v/drrC9JLW","49EWObYwxK8ZRKGKaP7F8F","8a9gJnkZ1Mm5cysH4CtEJ/","411vHSMWZN5KokYXBPMeP6","9f/8uW6oVFnrmP8m/7P3/A","1e7hmWaxRCna7/xEqGP8FQ","afVX1iXipJcavc8BN9W6WW","40ZGu4x5xC6p0mwMxMi6+a"],["_textureSetter","infoboard_lv02_vfx_c_screen_12","infoboard_lv02_vfx_c_screen_09","infoboard_lv02_vfx_c_screen_01","infoboard_lv02_vfx_c_screen_04","infoboard_lv02_vfx_c_screen_02","infoboard_lv02_vfx_c_screen_13","infoboard_lv02_vfx_c_screen_10","infoboard_lv02_vfx_c_screen_08","infoboard_lv02_vfx_c_screen_06","infoboard_lv02_vfx_c_screen_11","infoboard_lv02_vfx_c_screen_03","infoboard_lv02_vfx_c_screen_07","infoboard_lv02_vfx_c_screen_00","infoboard_lv02_vfx_c_screen_05"],["cc.SpriteFrame",["cc.SpriteAtlas",["_name","_spriteFrames"],2,11]],[[1,0,1,2]],[[[{"name":"infoboard_lv02_vfx_c_screen_07","rect":[1,238,302,77],"offset":[114,-1],"originalSize":[594,301],"capInsets":[0,0,0,0]}],[0],0,[0],[0],[0]],[[{"name":"infoboard_lv02_vfx_c_screen_12","rect":[214,394,70,65],"offset":[262,-5],"originalSize":[594,301],"rotated":1,"capInsets":[0,0,0,0]}],[0],0,[0],[0],[0]],[[{"name":"infoboard_lv02_vfx_c_screen_05","rect":[1,80,302,77],"offset":[-20,-1],"originalSize":[594,301],"capInsets":[0,0,0,0]}],[0],0,[0],[0],[0]],[[{"name":"infoboard_lv02_vfx_c_screen_11","rect":[161,317,112,75],"offset":[241,-2],"originalSize":[594,301],"capInsets":[0,0,0,0]}],[0],0,[0],[0],[0]],[[[0,"Alats25.plist",[{},"infoboard_lv02_vfx_c_screen_12",6,0,"infoboard_lv02_vfx_c_screen_09",6,1,"infoboard_lv02_vfx_c_screen_01",6,2,"infoboard_lv02_vfx_c_screen_04",6,3,"infoboard_lv02_vfx_c_screen_02",6,4,"infoboard_lv02_vfx_c_screen_13",6,5,"infoboard_lv02_vfx_c_screen_10",6,6,"infoboard_lv02_vfx_c_screen_08",6,7,"infoboard_lv02_vfx_c_screen_06",6,8,"infoboard_lv02_vfx_c_screen_11",6,9,"infoboard_lv02_vfx_c_screen_03",6,10,"infoboard_lv02_vfx_c_screen_07",6,11,"infoboard_lv02_vfx_c_screen_00",6,12,"infoboard_lv02_vfx_c_screen_05",6,13]]],0,0,[0,0,0,0,0,0,0,0,0,0,0,0,0,0],[1,2,3,4,5,6,7,8,9,10,11,12,13,14],[1,2,3,4,5,6,7,8,9,10,11,12,13,14]],[[{"name":"infoboard_lv02_vfx_c_screen_08","rect":[384,1,272,77],"offset":[161,-1],"originalSize":[594,301],"rotated":1,"capInsets":[0,0,0,0]}],[0],0,[0],[0],[0]],[[{"name":"infoboard_lv02_vfx_c_screen_09","rect":[384,275,214,77],"offset":[190,-1],"originalSize":[594,301],"rotated":1,"capInsets":[0,0,0,0]}],[0],0,[0],[0],[0]],[[{"name":"infoboard_lv02_vfx_c_screen_02","rect":[305,285,212,77],"offset":[-191,-1],"originalSize":[594,301],"rotated":1,"capInsets":[0,0,0,0]}],[0],0,[0],[0],[0]],[[{"name":"infoboard_lv02_vfx_c_screen_04","rect":[1,1,302,77],"offset":[-91,-1],"originalSize":[594,301],"capInsets":[0,0,0,0]}],[0],0,[0],[0],[0]],[[{"name":"infoboard_lv02_vfx_c_screen_13","rect":[275,317,28,35],"offset":[283,-12],"originalSize":[594,301],"capInsets":[0,0,0,0]}],[0],0,[0],[0],[0]],[[{"name":"infoboard_lv02_vfx_c_screen_06","rect":[1,159,302,77],"offset":[49,-1],"originalSize":[594,301],"capInsets":[0,0,0,0]}],[0],0,[0],[0],[0]],[[{"name":"infoboard_lv02_vfx_c_screen_03","rect":[305,1,282,77],"offset":[-154,-1],"originalSize":[594,301],"rotated":1,"capInsets":[0,0,0,0]}],[0],0,[0],[0],[0]],[[{"name":"infoboard_lv02_vfx_c_screen_00","rect":[143,396,76,69],"offset":[-259,1],"originalSize":[594,301],"rotated":1,"capInsets":[0,0,0,0]}],[0],0,[0],[0],[0]],[[{"name":"infoboard_lv02_vfx_c_screen_10","rect":[1,317,158,77],"offset":[218,-1],"originalSize":[594,301],"capInsets":[0,0,0,0]}],[0],0,[0],[0],[0]],[[{"name":"infoboard_lv02_vfx_c_screen_01","rect":[1,396,140,77],"offset":[-227,-1],"originalSize":[594,301],"capInsets":[0,0,0,0]}],[0],0,[0],[0],[0]]]]