[1,["90pUXRTcNP6LO4oh6F8q6u","05IYp4beZH7KBBxZt+E9/f","efhjTVRSpAf6r/CIGloCcT","4enld/CrVN6ps3cHBXPU59","29yOHavghCGZd7/I0nnfgR","d7eTP+WKFIz4WEkZ7QGhnO","9a22/I0BRJqbOD3Fw7kJ7j","e45cAI+gVBlKNHWe36+Sgb","6dK/CkpRRNEKECvFpzYylh","f6g4H2DBlHpJDR+koyPRrj","efV5jjI01NFoHa7pbw+Ih5","56HDGvVVZALqXzcG0Kv5gx","13Rc748jlP65yfrJ3nxZxC","5fbfMmX5FPiKm9opcuZW15","69JffDtHZLDrAgYxlUYqwX","fabs9KmmRAtL/a+oA6mwLO","d02viHCDRO9Zq0nZ6TQjDr","c78t5UBJZLT5oPas/y/8Br","15wvBlXtVN2qAPsXAusREo","0bFXxcxdVKH6M9Aow+cnkE","87GABAKnhCuLieF5SNKIZB","33/MUePr5M7YeU3ib2uiwB"],["_textureSetter","bw_vfx_f_11","bw_vfx_f_14","bw_vfx_f_10","bw_vfx_f_12","bw_vfx_f_09","bw_vfx_f_15","bw_vfx_f_21","bw_vfx_f_03","bw_vfx_f_20","bw_vfx_f_08","bw_vfx_f_13","bw_vfx_f_16","bw_vfx_f_04","bw_vfx_f_06","bw_vfx_f_07","bw_vfx_f_02","bw_vfx_f_01","bw_vfx_f_05","bw_vfx_f_19","bw_vfx_f_18","bw_vfx_f_17"],["cc.SpriteFrame",["cc.SpriteAtlas",["_name","_spriteFrames"],2,11]],[[1,0,1,2]],[[[{"name":"bw_vfx_f_11","rect":[991,343,306,515],"offset":[-20,-14],"originalSize":[346,749],"rotated":1,"capInsets":[0,0,0,0]}],[0],0,[0],[0],[0]],[[{"name":"bw_vfx_f_19","rect":[1289,999,272,459],"offset":[16,-5],"originalSize":[346,749],"rotated":1,"capInsets":[0,0,0,0]}],[0],0,[0],[0],[0]],[[{"name":"bw_vfx_f_16","rect":[1,740,346,691],"offset":[0,-16],"originalSize":[346,749],"capInsets":[0,0,0,0]}],[0],0,[0],[0],[0]],[[{"name":"bw_vfx_f_05","rect":[1,1433,196,225],"offset":[5,2],"originalSize":[346,749],"rotated":1,"capInsets":[0,0,0,0]}],[0],0,[0],[0],[0]],[[{"name":"bw_vfx_f_12","rect":[697,661,316,545],"offset":[-15,-28],"originalSize":[346,749],"capInsets":[0,0,0,0]}],[0],0,[0],[0],[0]],[[{"name":"bw_vfx_f_17","rect":[1,1,346,737],"offset":[0,-6],"originalSize":[346,749],"capInsets":[0,0,0,0]}],[0],0,[0],[0],[0]],[[[0,"Alats8.plist",[{},"bw_vfx_f_11",6,0,"bw_vfx_f_14",6,1,"bw_vfx_f_10",6,2,"bw_vfx_f_12",6,3,"bw_vfx_f_09",6,4,"bw_vfx_f_15",6,5,"bw_vfx_f_21",6,6,"bw_vfx_f_03",6,7,"bw_vfx_f_20",6,8,"bw_vfx_f_08",6,9,"bw_vfx_f_13",6,10,"bw_vfx_f_16",6,11,"bw_vfx_f_04",6,12,"bw_vfx_f_06",6,13,"bw_vfx_f_07",6,14,"bw_vfx_f_02",6,15,"bw_vfx_f_01",6,16,"bw_vfx_f_05",6,17,"bw_vfx_f_19",6,18,"bw_vfx_f_18",6,19,"bw_vfx_f_17",6,20]]],0,0,[0,0,0,0,0,0,0,0,0,0,0,0,0,0,0,0,0,0,0,0,0],[1,2,3,4,5,6,7,8,9,10,11,12,13,14,15,16,17,18,19,20,21],[1,2,3,4,5,6,7,8,9,10,11,12,13,14,15,16,17,18,19,20,21]],[[{"name":"bw_vfx_f_10","rect":[1289,651,346,467],"offset":[0,-10],"originalSize":[346,749],"rotated":1,"capInsets":[0,0,0,0]}],[0],0,[0],[0],[0]],[[{"name":"bw_vfx_f_13","rect":[388,335,324,601],"offset":[-11,-31],"originalSize":[346,749],"rotated":1,"capInsets":[0,0,0,0]}],[0],0,[0],[0],[0]],[[{"name":"bw_vfx_f_04","rect":[228,1433,158,181],"offset":[2,2],"originalSize":[346,749],"capInsets":[0,0,0,0]}],[0],0,[0],[0],[0]],[[{"name":"bw_vfx_f_06","rect":[1508,343,232,273],"offset":[9,1],"originalSize":[346,749],"capInsets":[0,0,0,0]}],[0],0,[0],[0],[0]],[[{"name":"bw_vfx_f_03","rect":[1034,1128,122,137],"offset":[0,0],"originalSize":[346,749],"capInsets":[0,0,0,0]}],[0],0,[0],[0],[0]],[[{"name":"bw_vfx_f_18","rect":[349,661,346,597],"offset":[0,76],"originalSize":[346,749],"capInsets":[0,0,0,0]}],[0],0,[0],[0],[0]],[[{"name":"bw_vfx_f_15","rect":[1047,1,340,643],"offset":[-3,-14],"originalSize":[346,749],"rotated":1,"capInsets":[0,0,0,0]}],[0],0,[0],[0],[0]],[[{"name":"bw_vfx_f_01","rect":[1692,1,56,59],"offset":[0,0],"originalSize":[346,749],"rotated":1,"capInsets":[0,0,0,0]}],[0],0,[0],[0],[0]],[[{"name":"bw_vfx_f_02","rect":[1158,1128,86,99],"offset":[-1,0],"originalSize":[346,749],"rotated":1,"capInsets":[0,0,0,0]}],[0],0,[0],[0],[0]],[[{"name":"bw_vfx_f_09","rect":[700,1208,332,417],"offset":[7,-7],"originalSize":[346,749],"capInsets":[0,0,0,0]}],[0],0,[0],[0],[0]],[[{"name":"bw_vfx_f_21","rect":[1306,1273,276,363],"offset":[20,-67],"originalSize":[346,749],"rotated":1,"capInsets":[0,0,0,0]}],[0],0,[0],[0],[0]],[[{"name":"bw_vfx_f_08","rect":[388,1260,310,367],"offset":[14,-4],"originalSize":[346,749],"capInsets":[0,0,0,0]}],[0],0,[0],[0],[0]],[[{"name":"bw_vfx_f_14","rect":[388,1,332,657],"offset":[-7,-36],"originalSize":[346,749],"rotated":1,"capInsets":[0,0,0,0]}],[0],0,[0],[0],[0]],[[{"name":"bw_vfx_f_20","rect":[1015,651,272,475],"offset":[19,-5],"originalSize":[346,749],"capInsets":[0,0,0,0]}],[0],0,[0],[0],[0]],[[{"name":"bw_vfx_f_07","rect":[1034,1273,270,321],"offset":[12,-1],"originalSize":[346,749],"capInsets":[0,0,0,0]}],[0],0,[0],[0],[0]]]]