[
  1,
  [
    "b8o7HL8zRG2rwZ5Au29GsL",
    "d3O5UqhDRC7Ycr7jZv2cBz",
    "dcSXxwVbxEO6GsiR0lrjlm",
    "1fmqt3O1ZB67O29itb6Pi6",
    "1d7yXn7PdHOrpZGOLl6GH7",
    "b58MUsNHNIja+E28mHY3JM",
    "8cP2erQtBLJLQETING77oM",
    "4eoDNk8CRK+rZDHhD+mk5R",
    "14hYNp9S1LYaDoOIY7kS2g",
    "07P1FkzBRN950QjceRfnrl",
    "55XaEtdPpFuL+9Od0kGqN0",
    "8b9qkKLp5HT659azvE9js7",
    "b9TphasaFECbFTawaq07gL",
    "87+9+0PW9MzJU660NkkclB",
    "e195hHVN9Iq5namRaupSIa",
    "ccmmczzDZKuKN5zVcqStBc",
    "95d88+pslE97nX4dL4H0SR",
    "7e/WBTZUJLv5T81k4mLM5T",
    "31dQ+hwa1HFLrmxJmDuyc+",
    "f2CnmG4ClFCbTh8uU7OBwF",
    "28rRBanhxNzJXzseCLf4UU",
    "19Pkc8ThZFL5MxAWEBwUQq",
    "b9r8LUW1tA2ZH5FvRfhFwE",
    "b8wRhGZMZMp5/H6KHlkdjt",
    "78tMuoMppB9bQo4gHLA7T1",
    "18gmPDpelEopnumD9n2zBC",
    "808fkKQGpNXJ9MzQyW1yMr",
    "5ck1GSlspDa6YNs+P+qkTU",
    "382+b0+C9AJJ33HCSlpRJZ",
    "a1IshFHu1AvabWNYbe8zhw"
  ],
  [
    "_textureSetter",
    "value"
  ],
  [
    "cc.SpriteFrame",
    [
      "cc.AnimationClip",
      [
        "_name",
        "_duration",
        "sample",
        "curveData"
      ],
      0,
      11
    ]
  ],
  [
    [
      1,
      0,
      1,
      2,
      3,
      4
    ]
  ],
  [
    [
      [
        {
          "name": "13",
          "rect": [
            1,
            3,
            538,
            372
          ],
          "offset": [
            0,
            3
          ],
          "originalSize": [
            540,
            384
          ],
          "capInsets": [
            0,
            0,
            0,
            0
          ]
        }
      ],
      [
        0
      ],
      0,
      [
        0
      ],
      [
        0
      ],
      [
        0
      ]
    ],
    [
      [
        {
          "name": "9",
          "rect": [
            3,
            1,
            533,
            371
          ],
          "offset": [
            0.5,
            4
          ],
          "originalSize": [
            538,
            381
          ],
          "capInsets": [
            0,
            0,
            0,
            0
          ]
        }
      ],
      [
        0
      ],
      0,
      [
        0
      ],
      [
        0
      ],
      [
        1
      ]
    ],
    [
      [
        {
          "name": "8",
          "rect": [
            17,
            3,
            504,
            374
          ],
          "offset": [
            0,
            3
          ],
          "originalSize": [
            538,
            386
          ],
          "capInsets": [
            0,
            0,
            0,
            0
          ]
        }
      ],
      [
        0
      ],
      0,
      [
        0
      ],
      [
        0
      ],
      [
        2
      ]
    ],
    [
      [
        {
          "name": "6",
          "rect": [
            9,
            6,
            438,
            371
          ],
          "offset": [
            0,
            1.5
          ],
          "originalSize": [
            456,
            386
          ],
          "capInsets": [
            0,
            0,
            0,
            0
          ]
        }
      ],
      [
        0
      ],
      0,
      [
        0
      ],
      [
        0
      ],
      [
        3
      ]
    ],
    [
      [
        {
          "name": "15",
          "rect": [
            1,
            0,
            538,
            371
          ],
          "offset": [
            0,
            4.5
          ],
          "originalSize": [
            540,
            380
          ],
          "capInsets": [
            0,
            0,
            0,
            0
          ]
        }
      ],
      [
        0
      ],
      0,
      [
        0
      ],
      [
        0
      ],
      [
        4
      ]
    ],
    [
      [
        {
          "name": "12",
          "rect": [
            1,
            3,
            538,
            372
          ],
          "offset": [
            0,
            3
          ],
          "originalSize": [
            540,
            384
          ],
          "capInsets": [
            0,
            0,
            0,
            0
          ]
        }
      ],
      [
        0
      ],
      0,
      [
        0
      ],
      [
        0
      ],
      [
        5
      ]
    ],
    [
      [
        {
          "name": "5",
          "rect": [
            9,
            0,
            438,
            371
          ],
          "offset": [
            0,
            4.5
          ],
          "originalSize": [
            456,
            380
          ],
          "capInsets": [
            0,
            0,
            0,
            0
          ]
        }
      ],
      [
        0
      ],
      0,
      [
        0
      ],
      [
        0
      ],
      [
        6
      ]
    ],
    [
      [
        {
          "name": "14",
          "rect": [
            1,
            5,
            538,
            371
          ],
          "offset": [
            0,
            2
          ],
          "originalSize": [
            540,
            385
          ],
          "capInsets": [
            0,
            0,
            0,
            0
          ]
        }
      ],
      [
        0
      ],
      0,
      [
        0
      ],
      [
        0
      ],
      [
        7
      ]
    ],
    [
      [
        {
          "name": "1",
          "rect": [
            23,
            0,
            410,
            347
          ],
          "offset": [
            0,
            4.5
          ],
          "originalSize": [
            456,
            356
          ],
          "capInsets": [
            0,
            0,
            0,
            0
          ]
        }
      ],
      [
        0
      ],
      0,
      [
        0
      ],
      [
        0
      ],
      [
        8
      ]
    ],
    [
      [
        {
          "name": "4",
          "rect": [
            19,
            0,
            418,
            372
          ],
          "offset": [
            0,
            4.5
          ],
          "originalSize": [
            456,
            381
          ],
          "capInsets": [
            0,
            0,
            0,
            0
          ]
        }
      ],
      [
        0
      ],
      0,
      [
        0
      ],
      [
        0
      ],
      [
        9
      ]
    ],
    [
      [
        {
          "name": "11",
          "rect": [
            1,
            5,
            538,
            371
          ],
          "offset": [
            0,
            2
          ],
          "originalSize": [
            540,
            385
          ],
          "capInsets": [
            0,
            0,
            0,
            0
          ]
        }
      ],
      [
        0
      ],
      0,
      [
        0
      ],
      [
        0
      ],
      [
        10
      ]
    ],
    [
      [
        {
          "name": "10",
          "rect": [
            2,
            3,
            537,
            372
          ],
          "offset": [
            0.5,
            3
          ],
          "originalSize": [
            540,
            384
          ],
          "capInsets": [
            0,
            0,
            0,
            0
          ]
        }
      ],
      [
        0
      ],
      0,
      [
        0
      ],
      [
        0
      ],
      [
        11
      ]
    ],
    [
      [
        {
          "name": "3",
          "rect": [
            23,
            1,
            410,
            351
          ],
          "offset": [
            0,
            4
          ],
          "originalSize": [
            456,
            361
          ],
          "capInsets": [
            0,
            0,
            0,
            0
          ]
        }
      ],
      [
        0
      ],
      0,
      [
        0
      ],
      [
        0
      ],
      [
        12
      ]
    ],
    [
      [
        [
          0,
          "JP_CSS",
          0.5,
          30,
          [
            {},
            "comps",
            11,
            [
              {},
              "cc.Sprite",
              11,
              [
                {},
                "spriteFrame",
                12,
                [
                  [
                    [
                      {
                        "frame": 0
                      },
                      "value",
                      6,
                      0
                    ],
                    [
                      {
                        "frame": 0.03333333333333333
                      },
                      "value",
                      6,
                      1
                    ],
                    [
                      {
                        "frame": 0.06666666666666667
                      },
                      "value",
                      6,
                      2
                    ],
                    [
                      {
                        "frame": 0.1
                      },
                      "value",
                      6,
                      3
                    ],
                    [
                      {
                        "frame": 0.13333333333333333
                      },
                      "value",
                      6,
                      4
                    ],
                    [
                      {
                        "frame": 0.16666666666666666
                      },
                      "value",
                      6,
                      5
                    ],
                    [
                      {
                        "frame": 0.2
                      },
                      "value",
                      6,
                      6
                    ],
                    [
                      {
                        "frame": 0.23333333333333334
                      },
                      "value",
                      6,
                      7
                    ],
                    [
                      {
                        "frame": 0.26666666666666666
                      },
                      "value",
                      6,
                      8
                    ],
                    [
                      {
                        "frame": 0.3
                      },
                      "value",
                      6,
                      9
                    ],
                    [
                      {
                        "frame": 0.3333333333333333
                      },
                      "value",
                      6,
                      10
                    ],
                    [
                      {
                        "frame": 0.36666666666666664
                      },
                      "value",
                      6,
                      11
                    ],
                    [
                      {
                        "frame": 0.4
                      },
                      "value",
                      6,
                      12
                    ],
                    [
                      {
                        "frame": 0.43333333333333335
                      },
                      "value",
                      6,
                      13
                    ],
                    [
                      {
                        "frame": 0.4666666666666667
                      },
                      "value",
                      6,
                      14
                    ]
                  ],
                  11,
                  11,
                  11,
                  11,
                  11,
                  11,
                  11,
                  11,
                  11,
                  11,
                  11,
                  11,
                  11,
                  11,
                  11
                ]
              ]
            ]
          ]
        ]
      ],
      0,
      0,
      [
        0,
        0,
        0,
        0,
        0,
        0,
        0,
        0,
        0,
        0,
        0,
        0,
        0,
        0,
        0
      ],
      [
        1,
        1,
        1,
        1,
        1,
        1,
        1,
        1,
        1,
        1,
        1,
        1,
        1,
        1,
        1
      ],
      [
        13,
        14,
        15,
        16,
        17,
        18,
        19,
        20,
        21,
        22,
        23,
        24,
        25,
        26,
        27
      ]
    ],
    [
      [
        {
          "name": "2",
          "rect": [
            23,
            1,
            410,
            351
          ],
          "offset": [
            0,
            4
          ],
          "originalSize": [
            456,
            361
          ],
          "capInsets": [
            0,
            0,
            0,
            0
          ]
        }
      ],
      [
        0
      ],
      0,
      [
        0
      ],
      [
        0
      ],
      [
        28
      ]
    ],
    [
      [
        {
          "name": "7",
          "rect": [
            15,
            4,
            468,
            371
          ],
          "offset": [
            0,
            2.5
          ],
          "originalSize": [
            498,
            384
          ],
          "capInsets": [
            0,
            0,
            0,
            0
          ]
        }
      ],
      [
        0
      ],
      0,
      [
        0
      ],
      [
        0
      ],
      [
        29
      ]
    ]
  ]
]