[
  1,
  [
    "aeDgEtHzhImqHD9ohauwFd",
    "feyi+BgclI+b6xEz5b3VpF",
    "4fphHQDBZMRovCl8+/Kc91",
    "019ciEeEtGx4bSSh8s7fSU",
    "60cPUZ2WxA1IuUk8kbH2pW",
    "3d7wQgJ+JD/422Ac7kzycJ",
    "c0opDzQP9O+IQ6zmjmI+dT",
    "7aNq+HWOlLxZIma/MsdDok",
    "9517FyCR5Pu5Gi7iLg4ZJK",
    "30eCm9yklHL6jwhb5ab1fy",
    "12+zWKs29NOqCjwqtbR1Gv",
    "f0Q85Ag6pKVbmkA5FVT2gL",
    "52oydDUq9KAZPlQWo9I4f9",
    "5a27R9Fm1JlI7deWDfj337",
    "fb1PyW5BdFiLDyFe2ZiVTj",
    "b3jA/J4UhNj7k7hGGq+iMo",
    "d4qD+DrztC6p4jb2SaJSbp",
    "e7roxMrnlC/pymnmoqf90A",
    "76XLFupFdFTIB14kylRetk",
    "9bh2XLaZlIZa5gBNlNumaB",
    "b2EKcrCUdJSpeKsGkAPfIZ",
    "a8O95GSqlGF5j72t7vPvQl",
    "33t3QQeAtGqZjODNInzztW",
    "90xL91C6pHwo7tco6Vlikh"
  ],
  [
    "_textureSetter",
    "value"
  ],
  [
    "cc.SpriteFrame",
    [
      "cc.AnimationClip",
      [
        "_name",
        "_duration",
        "sample",
        "wrapMode",
        "curveData"
      ],
      -1,
      11
    ]
  ],
  [
    [
      1,
      0,
      1,
      2,
      3,
      4,
      5
    ]
  ],
  [
    [
      [
        {
          "name": "6",
          "rect": [
            0,
            0,
            283,
            709
          ],
          "offset": [
            -0.5,
            0
          ],
          "originalSize": [
            284,
            709
          ],
          "capInsets": [
            0,
            0,
            0,
            0
          ]
        }
      ],
      [
        0
      ],
      0,
      [
        0
      ],
      [
        0
      ],
      [
        0
      ]
    ],
    [
      [
        {
          "name": "5",
          "rect": [
            0,
            0,
            283,
            709
          ],
          "offset": [
            -0.5,
            0
          ],
          "originalSize": [
            284,
            709
          ],
          "capInsets": [
            0,
            0,
            0,
            0
          ]
        }
      ],
      [
        0
      ],
      0,
      [
        0
      ],
      [
        0
      ],
      [
        1
      ]
    ],
    [
      [
        {
          "name": "1",
          "rect": [
            0,
            0,
            279,
            710
          ],
          "offset": [
            0,
            0
          ],
          "originalSize": [
            279,
            710
          ],
          "capInsets": [
            0,
            0,
            0,
            0
          ]
        }
      ],
      [
        0
      ],
      0,
      [
        0
      ],
      [
        0
      ],
      [
        2
      ]
    ],
    [
      [
        {
          "name": "8",
          "rect": [
            0,
            0,
            283,
            709
          ],
          "offset": [
            -0.5,
            0
          ],
          "originalSize": [
            284,
            709
          ],
          "capInsets": [
            0,
            0,
            0,
            0
          ]
        }
      ],
      [
        0
      ],
      0,
      [
        0
      ],
      [
        0
      ],
      [
        3
      ]
    ],
    [
      [
        {
          "name": "9",
          "rect": [
            0,
            0,
            282,
            709
          ],
          "offset": [
            -0.5,
            0
          ],
          "originalSize": [
            283,
            709
          ],
          "capInsets": [
            0,
            0,
            0,
            0
          ]
        }
      ],
      [
        0
      ],
      0,
      [
        0
      ],
      [
        0
      ],
      [
        4
      ]
    ],
    [
      [
        [
          0,
          "NearFreeSpin",
          0.5,
          24,
          2,
          [
            {},
            "paths",
            11,
            [
              {},
              "1",
              11,
              [
                {},
                "comps",
                11,
                [
                  {},
                  "cc.Sprite",
                  11,
                  [
                    {},
                    "spriteFrame",
                    12,
                    [
                      [
                        [
                          {
                            "frame": 0
                          },
                          "value",
                          6,
                          0
                        ],
                        [
                          {
                            "frame": 0.041666666666666664
                          },
                          "value",
                          6,
                          1
                        ],
                        [
                          {
                            "frame": 0.08333333333333333
                          },
                          "value",
                          6,
                          2
                        ],
                        [
                          {
                            "frame": 0.125
                          },
                          "value",
                          6,
                          3
                        ],
                        [
                          {
                            "frame": 0.16666666666666666
                          },
                          "value",
                          6,
                          4
                        ],
                        [
                          {
                            "frame": 0.20833333333333334
                          },
                          "value",
                          6,
                          5
                        ],
                        [
                          {
                            "frame": 0.25
                          },
                          "value",
                          6,
                          6
                        ],
                        [
                          {
                            "frame": 0.2916666666666667
                          },
                          "value",
                          6,
                          7
                        ],
                        [
                          {
                            "frame": 0.3333333333333333
                          },
                          "value",
                          6,
                          8
                        ],
                        [
                          {
                            "frame": 0.375
                          },
                          "value",
                          6,
                          9
                        ],
                        [
                          {
                            "frame": 0.4166666666666667
                          },
                          "value",
                          6,
                          10
                        ],
                        [
                          {
                            "frame": 0.4583333333333333
                          },
                          "value",
                          6,
                          11
                        ]
                      ],
                      11,
                      11,
                      11,
                      11,
                      11,
                      11,
                      11,
                      11,
                      11,
                      11,
                      11,
                      11
                    ]
                  ]
                ]
              ]
            ]
          ]
        ]
      ],
      0,
      0,
      [
        0,
        0,
        0,
        0,
        0,
        0,
        0,
        0,
        0,
        0,
        0,
        0
      ],
      [
        1,
        1,
        1,
        1,
        1,
        1,
        1,
        1,
        1,
        1,
        1,
        1
      ],
      [
        5,
        6,
        7,
        8,
        9,
        10,
        11,
        12,
        13,
        14,
        15,
        16
      ]
    ],
    [
      [
        {
          "name": "3",
          "rect": [
            0,
            0,
            279,
            710
          ],
          "offset": [
            0,
            0
          ],
          "originalSize": [
            279,
            710
          ],
          "capInsets": [
            0,
            0,
            0,
            0
          ]
        }
      ],
      [
        0
      ],
      0,
      [
        0
      ],
      [
        0
      ],
      [
        17
      ]
    ],
    [
      [
        {
          "name": "4",
          "rect": [
            0,
            0,
            283,
            710
          ],
          "offset": [
            -0.5,
            0
          ],
          "originalSize": [
            284,
            710
          ],
          "capInsets": [
            0,
            0,
            0,
            0
          ]
        }
      ],
      [
        0
      ],
      0,
      [
        0
      ],
      [
        0
      ],
      [
        18
      ]
    ],
    [
      [
        {
          "name": "11",
          "rect": [
            0,
            0,
            282,
            709
          ],
          "offset": [
            -0.5,
            0
          ],
          "originalSize": [
            283,
            709
          ],
          "capInsets": [
            0,
            0,
            0,
            0
          ]
        }
      ],
      [
        0
      ],
      0,
      [
        0
      ],
      [
        0
      ],
      [
        19
      ]
    ],
    [
      [
        {
          "name": "2",
          "rect": [
            0,
            0,
            279,
            710
          ],
          "offset": [
            0,
            0
          ],
          "originalSize": [
            279,
            710
          ],
          "capInsets": [
            0,
            0,
            0,
            0
          ]
        }
      ],
      [
        0
      ],
      0,
      [
        0
      ],
      [
        0
      ],
      [
        20
      ]
    ],
    [
      [
        {
          "name": "12",
          "rect": [
            1,
            0,
            282,
            714
          ],
          "offset": [
            0,
            0
          ],
          "originalSize": [
            284,
            714
          ],
          "capInsets": [
            0,
            0,
            0,
            0
          ]
        }
      ],
      [
        0
      ],
      0,
      [
        0
      ],
      [
        0
      ],
      [
        21
      ]
    ],
    [
      [
        {
          "name": "7",
          "rect": [
            0,
            0,
            283,
            709
          ],
          "offset": [
            -0.5,
            0
          ],
          "originalSize": [
            284,
            709
          ],
          "capInsets": [
            0,
            0,
            0,
            0
          ]
        }
      ],
      [
        0
      ],
      0,
      [
        0
      ],
      [
        0
      ],
      [
        22
      ]
    ],
    [
      [
        {
          "name": "10",
          "rect": [
            0,
            0,
            282,
            709
          ],
          "offset": [
            -0.5,
            0
          ],
          "originalSize": [
            283,
            709
          ],
          "capInsets": [
            0,
            0,
            0,
            0
          ]
        }
      ],
      [
        0
      ],
      0,
      [
        0
      ],
      [
        0
      ],
      [
        23
      ]
    ]
  ]
]