[
  1,
  [
    "caby+vrttIa6zvcSS3IGIq",
    "bbfev3XmtMEpN4fvciVWfk",
    "08m2/jtcZGc5A6J/3Mr0Q/",
    "07QCiyAJ5GfJm/q1dtajeG",
    "acvZQ9ZEtPr4EHLfmTaf5X",
    "4ciFVCVaxI77Xo1RILgq91",
    "56rcHS/ZpG9KC9H1Yxdo2P",
    "f1vh0Jo+FELo4RE/iZadYe",
    "beV2HTKqxJGrDnzcaUylCY",
    "0epNk7autJlLriRVwRBDXM",
    "a4S5Ce7+xABYKmPOwaHuec",
    "47luzvNzRJmbeOxLXTG944",
    "93j/qY9YlBIJ4oEklTzoL1",
    "8aZAxl3YpNarqo4xXu6aKM",
    "432xeqhJpFI503m3JzIV0v"
  ],
  [
    "value"
  ],
  [
    [
      "cc.AnimationClip",
      [
        "_name",
        "_duration",
        "sample",
        "curveData"
      ],
      0,
      11
    ]
  ],
  [
    [
      0,
      0,
      1,
      2,
      3,
      4
    ]
  ],
  [
    [
      0,
      "Effect_MegaWin",
      1.0666666666666667,
      15,
      [
        {},
        "paths",
        11,
        [
          {
            "NodeMegaWin": {
              "props": {
                "opacity": [
                  {
                    "frame": 0,
                    "value": 255
                  }
                ]
              }
            }
          },
          "NodeMegaWin/mw_pattern_c_screen",
          11,
          [
            {},
            "props",
            11,
            [
              {
                "opacity": [
                  {
                    "frame": 0.2,
                    "value": 0,
                    "curve": "sineOut"
                  },
                  {
                    "frame": 0.5333333333333333,
                    "value": 255
                  }
                ],
                "angle": [
                  {
                    "frame": 0,
                    "value": 0
                  }
                ]
              },
              "scale",
              12,
              [
                [
                  [
                    {
                      "frame": 0.2,
                      "curve": "sineOut"
                    },
                    "value",
                    8,
                    [
                      1,
                      0,
                      0,
                      1
                    ]
                  ],
                  [
                    {
                      "frame": 0.8
                    },
                    "value",
                    8,
                    [
                      1,
                      2,
                      2,
                      1
                    ]
                  ]
                ],
                11,
                11
              ]
            ]
          ],
          "NodeMegaWin/mw_pattern_a_normal",
          11,
          [
            {},
            "props",
            11,
            [
              {
                "angle": [
                  {
                    "frame": 0,
                    "value": 0
                  }
                ]
              },
              "scale",
              12,
              [
                [
                  [
                    {
                      "frame": 0
                    },
                    "value",
                    8,
                    [
                      1,
                      0,
                      0,
                      1
                    ]
                  ],
                  [
                    {
                      "frame": 0.4666666666666667,
                      "curve": "sineOut"
                    },
                    "value",
                    8,
                    [
                      1,
                      0.9,
                      0.9,
                      1
                    ]
                  ],
                  [
                    {
                      "frame": 0.6
                    },
                    "value",
                    8,
                    [
                      1,
                      1,
                      1,
                      1
                    ]
                  ]
                ],
                11,
                11,
                11
              ]
            ]
          ],
          "NodeMegaWin/mw_pattern_b_screen",
          11,
          [
            {},
            "props",
            11,
            [
              {
                "opacity": [
                  {
                    "frame": 0,
                    "value": 150
                  },
                  {
                    "frame": 0.8,
                    "value": 255
                  }
                ],
                "angle": [
                  {
                    "frame": 0,
                    "value": 0
                  }
                ]
              },
              "scale",
              12,
              [
                [
                  [
                    {
                      "frame": 0,
                      "curve": "sineOut"
                    },
                    "value",
                    8,
                    [
                      1,
                      0,
                      0,
                      1
                    ]
                  ],
                  [
                    {
                      "frame": 0.4666666666666667
                    },
                    "value",
                    8,
                    [
                      1,
                      1.2,
                      1.2,
                      1
                    ]
                  ],
                  [
                    {
                      "frame": 0.8
                    },
                    "value",
                    8,
                    [
                      1,
                      1.3,
                      1.3,
                      1
                    ]
                  ]
                ],
                11,
                11,
                11
              ]
            ]
          ],
          "NodeMegaWin/mw",
          11,
          [
            {},
            "props",
            11,
            [
              {
                "y": [
                  {
                    "frame": 0,
                    "value": 147
                  },
                  {
                    "frame": 0.06666666666666667,
                    "value": 308.342,
                    "curve": "sineOut"
                  },
                  {
                    "frame": 0.3333333333333333,
                    "value": 107,
                    "curve": "sineOut"
                  },
                  {
                    "frame": 0.8,
                    "value": 147
                  }
                ]
              },
              "scale",
              12,
              [
                [
                  [
                    {
                      "frame": 0,
                      "curve": "sineOut"
                    },
                    "value",
                    8,
                    [
                      1,
                      1,
                      1,
                      1
                    ]
                  ],
                  [
                    {
                      "frame": 0.06666666666666667,
                      "curve": "sineOut"
                    },
                    "value",
                    8,
                    [
                      1,
                      2,
                      2,
                      1
                    ]
                  ],
                  [
                    {
                      "frame": 0.3333333333333333,
                      "curve": "sineOut"
                    },
                    "value",
                    8,
                    [
                      1,
                      0.8,
                      0.8,
                      1
                    ]
                  ],
                  [
                    {
                      "frame": 0.8
                    },
                    "value",
                    8,
                    [
                      1,
                      1,
                      1,
                      1
                    ]
                  ]
                ],
                11,
                11,
                11,
                11
              ]
            ]
          ],
          "NodeMegaWin/mw_vfx_d_add",
          11,
          [
            {},
            "props",
            11,
            [
              {
                "opacity": [
                  {
                    "frame": 0,
                    "value": 0
                  },
                  {
                    "frame": 0.2,
                    "value": 150
                  },
                  {
                    "frame": 0.8,
                    "value": 255
                  }
                ]
              },
              "scale",
              12,
              [
                [
                  [
                    {
                      "frame": 0,
                      "curve": "sineOut"
                    },
                    "value",
                    8,
                    [
                      1,
                      2,
                      2,
                      1
                    ]
                  ],
                  [
                    {
                      "frame": 0.8
                    },
                    "value",
                    8,
                    [
                      1,
                      2.5,
                      2.5,
                      1
                    ]
                  ]
                ],
                11,
                11
              ]
            ]
          ],
          "NodeMegaWin/mw_pattern_d_add",
          11,
          [
            {},
            "props",
            11,
            [
              {
                "angle": [
                  {
                    "frame": 0,
                    "value": 0
                  }
                ]
              },
              "scale",
              12,
              [
                [
                  [
                    {
                      "frame": 0
                    },
                    "value",
                    8,
                    [
                      1,
                      0,
                      0,
                      1
                    ]
                  ],
                  [
                    {
                      "frame": 0.3333333333333333,
                      "curve": "sineOut"
                    },
                    "value",
                    8,
                    [
                      1,
                      0.1,
                      0.1,
                      1
                    ]
                  ],
                  [
                    {
                      "frame": 0.6666666666666666
                    },
                    "value",
                    8,
                    [
                      1,
                      1.5,
                      1.5,
                      1
                    ]
                  ]
                ],
                11,
                11,
                11
              ]
            ]
          ],
          "NodeMegaWin/mw_vfx_a_screen",
          11,
          [
            {},
            "props",
            11,
            [
              {
                "opacity": [
                  {
                    "frame": 0.6666666666666666,
                    "value": 255
                  },
                  {
                    "frame": 0.8666666666666667,
                    "value": 0
                  }
                ],
                "angle": [
                  {
                    "frame": 0,
                    "value": 0
                  }
                ]
              },
              "scale",
              12,
              [
                [
                  [
                    {
                      "frame": 0
                    },
                    "value",
                    8,
                    [
                      1,
                      0,
                      0,
                      1
                    ]
                  ],
                  [
                    {
                      "frame": 0.5333333333333333,
                      "curve": "sineOut"
                    },
                    "value",
                    8,
                    [
                      1,
                      0.1,
                      0.1,
                      1
                    ]
                  ],
                  [
                    {
                      "frame": 0.8666666666666667
                    },
                    "value",
                    8,
                    [
                      1,
                      3,
                      3,
                      1
                    ]
                  ]
                ],
                11,
                11,
                11
              ]
            ]
          ],
          "NodeMegaWin/ib_mw_vfx_a_add_00",
          11,
          [
            {},
            "comps",
            11,
            [
              {},
              "cc.Sprite",
              11,
              [
                {},
                "spriteFrame",
                12,
                [
                  [
                    [
                      {
                        "frame": 0
                      },
                      "value",
                      6,
                      0
                    ],
                    [
                      {
                        "frame": 0.06666666666666667
                      },
                      "value",
                      6,
                      1
                    ],
                    [
                      {
                        "frame": 0.13333333333333333
                      },
                      "value",
                      6,
                      2
                    ],
                    [
                      {
                        "frame": 0.2
                      },
                      "value",
                      6,
                      3
                    ],
                    [
                      {
                        "frame": 0.26666666666666666
                      },
                      "value",
                      6,
                      4
                    ],
                    [
                      {
                        "frame": 0.3333333333333333
                      },
                      "value",
                      6,
                      5
                    ],
                    [
                      {
                        "frame": 0.4
                      },
                      "value",
                      6,
                      6
                    ],
                    [
                      {
                        "frame": 0.4666666666666667
                      },
                      "value",
                      6,
                      7
                    ],
                    [
                      {
                        "frame": 0.5333333333333333
                      },
                      "value",
                      6,
                      8
                    ],
                    [
                      {
                        "frame": 0.6
                      },
                      "value",
                      6,
                      9
                    ],
                    [
                      {
                        "frame": 0.6666666666666666
                      },
                      "value",
                      6,
                      10
                    ],
                    [
                      {
                        "frame": 0.7333333333333333
                      },
                      "value",
                      6,
                      11
                    ],
                    [
                      {
                        "frame": 0.8
                      },
                      "value",
                      6,
                      12
                    ],
                    [
                      {
                        "frame": 0.8666666666666667
                      },
                      "value",
                      6,
                      13
                    ],
                    [
                      {
                        "frame": 0.9333333333333333
                      },
                      "value",
                      6,
                      14
                    ],
                    {
                      "frame": 1,
                      "value": null
                    }
                  ],
                  11,
                  11,
                  11,
                  11,
                  11,
                  11,
                  11,
                  11,
                  11,
                  11,
                  11,
                  11,
                  11,
                  11,
                  11,
                  0
                ]
              ]
            ]
          ]
        ]
      ]
    ]
  ],
  0,
  0,
  [
    0,
    0,
    0,
    0,
    0,
    0,
    0,
    0,
    0,
    0,
    0,
    0,
    0,
    0,
    0
  ],
  [
    0,
    0,
    0,
    0,
    0,
    0,
    0,
    0,
    0,
    0,
    0,
    0,
    0,
    0,
    0
  ],
  [
    0,
    1,
    2,
    3,
    4,
    5,
    6,
    7,
    8,
    9,
    10,
    11,
    12,
    13,
    14
  ]
]