[1,["c33nKjywdG4J4DzVvP1pRB","154cVFMeBG+olSXV6hgduV","5ezTG0JSdK+4Kn85JPuYZE","6dTbGAEhVJMpzR4uVDDNL9","19jYwlQFxMy75vaPV9dqzv","174llZHoRFg7PS3FaJRIxq","b0ol0NbYZDho4CJz9AMHoq","4fMnInTnVBqpH4dTeR3C9/","9euR0QZtdNapuWGApW7LNN","b57MfRdIBAeqivwMCykzun","62bnSxMXNL8pDCy9UFY3X4","f5HAFU5UBMobwKt10QIG+i","3aciHnP6dEdK+V7rEMn9lV","21hpKKzBJM76rlCkR5YDI0","edniUK0nJHzrASYm+m+ns8","dcYCgu779B9bmu7veOoOiq","87H9ULHRpPX4PjQjkgp49T","78S9AnkGhKbazlKqsGM9D4","19AlIX20pJq5cfZZTxiG94","837GD/vLRJQpf6pN+bkoTi"],["value"],[["cc.AnimationClip",["_name","_duration","sample","wrapMode","curveData"],-1,11]],[[0,0,1,2,3,4,5]],[[0,"NearFS",1.0666666666666667,15,2,[{},"paths",11,[{},"MaskLeft/fspin_vfx_b_add_01",11,[{},"comps",11,[{},"cc.Sprite",11,[{},"spriteFrame",12,[[[{"frame":0},"value",6,0],[{"frame":0.06666666666666667},"value",6,1],[{"frame":0.13333333333333333},"value",6,2],[{"frame":0.2},"value",6,3],[{"frame":0.26666666666666666},"value",6,4],[{"frame":0.3333333333333333},"value",6,5],[{"frame":0.4},"value",6,6],[{"frame":0.4666666666666667},"value",6,7],[{"frame":0.5333333333333333},"value",6,8],[{"frame":0.6},"value",6,9],[{"frame":0.6666666666666666},"value",6,10],[{"frame":0.7333333333333333},"value",6,11],[{"frame":0.8},"value",6,12],[{"frame":0.8666666666666667},"value",6,13],[{"frame":0.9333333333333333},"value",6,14],[{"frame":1},"value",6,15]],11,11,11,11,11,11,11,11,11,11,11,11,11,11,11,11]]]],"MaskLeft/tw_vfx_e_screen_00",11,[{},"comps",11,[{},"cc.Sprite",11,[{},"spriteFrame",12,[[[{"frame":0},"value",6,16],[{"frame":0.06666666666666667},"value",6,17],[{"frame":0.13333333333333333},"value",6,18],[{"frame":0.2},"value",6,19],[{"frame":0.26666666666666666},"value",6,20],[{"frame":0.3333333333333333},"value",6,21],[{"frame":0.4},"value",6,22],[{"frame":0.4666666666666667},"value",6,23],[{"frame":0.5333333333333333},"value",6,24],[{"frame":0.6},"value",6,25],[{"frame":0.6666666666666666},"value",6,26],[{"frame":0.7333333333333333},"value",6,27],[{"frame":0.8},"value",6,28],[{"frame":0.8666666666666667},"value",6,29],[{"frame":0.9333333333333333},"value",6,30],[{"frame":1},"value",6,31]],11,11,11,11,11,11,11,11,11,11,11,11,11,11,11,11]]]],"MaskRight/fspin_vfx_b_add_01",11,[{},"comps",11,[{},"cc.Sprite",11,[{},"spriteFrame",12,[[[{"frame":0},"value",6,32],[{"frame":0.06666666666666667},"value",6,33],[{"frame":0.13333333333333333},"value",6,34],[{"frame":0.2},"value",6,35],[{"frame":0.26666666666666666},"value",6,36],[{"frame":0.3333333333333333},"value",6,37],[{"frame":0.4},"value",6,38],[{"frame":0.4666666666666667},"value",6,39],[{"frame":0.5333333333333333},"value",6,40],[{"frame":0.6},"value",6,41],[{"frame":0.6666666666666666},"value",6,42],[{"frame":0.7333333333333333},"value",6,43],[{"frame":0.8},"value",6,44],[{"frame":0.8666666666666667},"value",6,45],[{"frame":0.9333333333333333},"value",6,46],[{"frame":1},"value",6,47]],11,11,11,11,11,11,11,11,11,11,11,11,11,11,11,11]]]],"MaskRight/tw_vfx_e_screen_00",11,[{},"comps",11,[{},"cc.Sprite",11,[{},"spriteFrame",12,[[[{"frame":0},"value",6,48],[{"frame":0.06666666666666667},"value",6,49],[{"frame":0.13333333333333333},"value",6,50],[{"frame":0.2},"value",6,51],[{"frame":0.26666666666666666},"value",6,52],[{"frame":0.3333333333333333},"value",6,53],[{"frame":0.4},"value",6,54],[{"frame":0.4666666666666667},"value",6,55],[{"frame":0.5333333333333333},"value",6,56],[{"frame":0.6},"value",6,57],[{"frame":0.6666666666666666},"value",6,58],[{"frame":0.7333333333333333},"value",6,59],[{"frame":0.8},"value",6,60],[{"frame":0.8666666666666667},"value",6,61],[{"frame":0.9333333333333333},"value",6,62],[{"frame":1},"value",6,63]],11,11,11,11,11,11,11,11,11,11,11,11,11,11,11,11]]]]]]]],0,0,[0,0,0,0,0,0,0,0,0,0,0,0,0,0,0,0,0,0,0,0,0,0,0,0,0,0,0,0,0,0,0,0,0,0,0,0,0,0,0,0,0,0,0,0,0,0,0,0,0,0,0,0,0,0,0,0,0,0,0,0,0,0,0,0],[0,0,0,0,0,0,0,0,0,0,0,0,0,0,0,0,0,0,0,0,0,0,0,0,0,0,0,0,0,0,0,0,0,0,0,0,0,0,0,0,0,0,0,0,0,0,0,0,0,0,0,0,0,0,0,0,0,0,0,0,0,0,0,0],[4,5,6,7,8,9,10,11,12,13,14,15,16,17,18,19,0,1,2,3,0,1,2,3,0,1,2,3,0,1,2,3,4,5,6,7,8,9,10,11,12,13,14,15,16,17,18,19,0,1,2,3,0,1,2,3,0,1,2,3,0,1,2,3]]