[
  1,
  [
    "47zlA4GzFCOoMEvvLnt3az",
    "716FJnneJCs4VPgGN2Fd5y",
    "70o3/UJTREuZnlRD5o+0Pf",
    "e29QN6dl5JEZMHx0QmmVHJ",
    "9dTDuXPCxIR6/hJC8jOw6B",
    "24CxIvLLlKl6LaqjLpbUZY",
    "88WGuEW7hJmbps8TnYZqSb",
    "7cUgPwEs5Ao63/yJx2vrOf",
    "b0iAd2+MlPZal5pwVjvIEn",
    "4a/TYa9UtK6qVL938T2tyK",
    "89zr3vBA9JgYXeiklEIlks",
    "bcRiiNemtKHI0Nir+he5Zz",
    "d1pcuADfBJsJP9Od0jBHAf",
    "c1gVKzdgJHdoiKASd8Y0TA",
    "e5XOWA8UNGpbi96cTJN24r",
    "71mJHyJwhMMaEsH0eg9hF7",
    "84i7Ma84hAR5QSikUz7iVv",
    "acF+SoDZJCYpX3pqFEZTrm",
    "ec1wV8VQ9HcJMTBcnoO1cL",
    "52N8I749ZDNJU3yBA+uG2t",
    "23cb2WS3hHkKQnjJ2iZbk+",
    "12+2GvhmxIVImn6ocJLw1A",
    "459XOihJtMMIxjlaZ9OAGo",
    "8anx1fY3lKELQY14N9w/Nw"
  ],
  [
    "value"
  ],
  [
    [
      "cc.AnimationClip",
      [
        "_name",
        "_duration",
        "sample",
        "wrapMode",
        "curveData"
      ],
      -1,
      11
    ]
  ],
  [
    [
      0,
      0,
      1,
      2,
      3,
      4,
      5
    ]
  ],
  [
    [
      0,
      "ScaterIdle",
      1.6,
      15,
      2,
      [
        {},
        "comps",
        11,
        [
          {},
          "cc.Sprite",
          11,
          [
            {},
            "spriteFrame",
            12,
            [
              [
                [
                  {
                    "frame": 0
                  },
                  "value",
                  6,
                  0
                ],
                [
                  {
                    "frame": 0.06666666666666667
                  },
                  "value",
                  6,
                  1
                ],
                [
                  {
                    "frame": 0.13333333333333333
                  },
                  "value",
                  6,
                  2
                ],
                [
                  {
                    "frame": 0.2
                  },
                  "value",
                  6,
                  3
                ],
                [
                  {
                    "frame": 0.26666666666666666
                  },
                  "value",
                  6,
                  4
                ],
                [
                  {
                    "frame": 0.3333333333333333
                  },
                  "value",
                  6,
                  5
                ],
                [
                  {
                    "frame": 0.4
                  },
                  "value",
                  6,
                  6
                ],
                [
                  {
                    "frame": 0.4666666666666667
                  },
                  "value",
                  6,
                  7
                ],
                [
                  {
                    "frame": 0.5333333333333333
                  },
                  "value",
                  6,
                  8
                ],
                [
                  {
                    "frame": 0.6
                  },
                  "value",
                  6,
                  9
                ],
                [
                  {
                    "frame": 0.6666666666666666
                  },
                  "value",
                  6,
                  10
                ],
                [
                  {
                    "frame": 0.7333333333333333
                  },
                  "value",
                  6,
                  11
                ],
                [
                  {
                    "frame": 0.8
                  },
                  "value",
                  6,
                  12
                ],
                [
                  {
                    "frame": 0.8666666666666667
                  },
                  "value",
                  6,
                  13
                ],
                [
                  {
                    "frame": 0.9333333333333333
                  },
                  "value",
                  6,
                  14
                ],
                [
                  {
                    "frame": 1
                  },
                  "value",
                  6,
                  15
                ],
                [
                  {
                    "frame": 1.0666666666666667
                  },
                  "value",
                  6,
                  16
                ],
                [
                  {
                    "frame": 1.1333333333333333
                  },
                  "value",
                  6,
                  17
                ],
                [
                  {
                    "frame": 1.2
                  },
                  "value",
                  6,
                  18
                ],
                [
                  {
                    "frame": 1.2666666666666666
                  },
                  "value",
                  6,
                  19
                ],
                [
                  {
                    "frame": 1.3333333333333333
                  },
                  "value",
                  6,
                  20
                ],
                [
                  {
                    "frame": 1.4
                  },
                  "value",
                  6,
                  21
                ],
                [
                  {
                    "frame": 1.4666666666666666
                  },
                  "value",
                  6,
                  22
                ],
                [
                  {
                    "frame": 1.5333333333333334
                  },
                  "value",
                  6,
                  23
                ]
              ],
              11,
              11,
              11,
              11,
              11,
              11,
              11,
              11,
              11,
              11,
              11,
              11,
              11,
              11,
              11,
              11,
              11,
              11,
              11,
              11,
              11,
              11,
              11,
              11
            ]
          ]
        ]
      ]
    ]
  ],
  0,
  0,
  [
    0,
    0,
    0,
    0,
    0,
    0,
    0,
    0,
    0,
    0,
    0,
    0,
    0,
    0,
    0,
    0,
    0,
    0,
    0,
    0,
    0,
    0,
    0,
    0
  ],
  [
    0,
    0,
    0,
    0,
    0,
    0,
    0,
    0,
    0,
    0,
    0,
    0,
    0,
    0,
    0,
    0,
    0,
    0,
    0,
    0,
    0,
    0,
    0,
    0
  ],
  [
    0,
    1,
    2,
    3,
    4,
    5,
    6,
    7,
    8,
    9,
    10,
    11,
    12,
    13,
    14,
    15,
    16,
    17,
    18,
    19,
    20,
    21,
    22,
    23
  ]
]