[
  1,
  [
    "e02rhqc0RFZoVHSFkzRHj4",
    "7fRnzj/BxBNJwkI7xKggvV"
  ],
  [
    "_textureSetter",
    "spriteFrame"
  ],
  [
    "cc.SpriteFrame",
    [
      "cc.ParticleAsset",
      [
        "_name",
        "_native"
      ],
      1
    ]
  ],
  [
    [
      1,
      0,
      1,
      3
    ]
  ],
  [
    [
      [
        {
          "name": "xu",
          "rect": [
            0,
            0,
            41,
            40
          ],
          "offset": [
            0,
            0
          ],
          "originalSize": [
            41,
            40
          ],
          "capInsets": [
            0,
            0,
            0,
            0
          ]
        }
      ],
      [
        0
      ],
      0,
      [
        0
      ],
      [
        0
      ],
      [
        0
      ]
    ],
    [
      [
        [
          0,
          "BigCoin",
          ".plist"
        ],
        -1
      ],
      0,
      0,
      [
        0
      ],
      [
        1
      ],
      [
        1
      ]
    ]
  ]
]