[
  1,
  [
    "58HNm4EbFGaZTw1+S0HH4k"
  ],
  0,
  [
    [
      "sp.SkeletonData",
      [
        "_name",
        "_atlasText",
        "textureNames",
        "_skeletonJson",
        "textures"
      ],
      -1,
      3
    ]
  ],
  [
    [
      0,
      0,
      1,
      2,
      3,
      4,
      5
    ]
  ],
  [
    [
      0,
      "FX_luoi_effect",
      "\r\nFX_luoi_effect.png\r\nsize: 215,174\r\nformat: RGBA8888\r\nfilter: Linear,Linear\r\nrepeat: none\r\nPolygon 1\r\n  rotate: false\r\n  xy: 174, 134\r\n  size: 39, 38\r\n  orig: 39, 38\r\n  offset: 0, 0\r\n  index: -1\r\nluoi2\r\n  rotate: false\r\n  xy: 2, 2\r\n  size: 170, 170\r\n  orig: 170, 170\r\n  offset: 0, 0\r\n  index: -1\r\nround\r\n  rotate: false\r\n  xy: 174, 98\r\n  size: 34, 34\r\n  orig: 34, 34\r\n  offset: 0, 0\r\n  index: -1\r\n",
      [
        "FX_luoi_effect.png"
      ],
      {
        "skeleton": {
          "hash": "y/lbmYDcD8nXJDNvlnhLnxOo6zw",
          "spine": "3.7.94",
          "width": 89.16,
          "height": 89.16,
          "images": "./image/",
          "audio": "F:/DIEM/camu/CA_SUNWIN/TONGHOP/asset_720/animLuoi/luoi/luoi"
        },
        "bones": [
          {
            "name": "root",
            "scaleX": 0.67,
            "scaleY": 0.67
          },
          {
            "name": "bone",
            "parent": "root",
            "rotation": -27.7,
            "x": -2.48,
            "y": 10,
            "scaleX": 0.737,
            "scaleY": 0.737
          },
          {
            "name": "bone2",
            "parent": "root",
            "rotation": 24.63,
            "x": -12.67,
            "y": 2.58,
            "scaleX": 0.728,
            "scaleY": 0.728
          },
          {
            "name": "bone3",
            "parent": "root",
            "rotation": 80.27,
            "x": -12.05,
            "y": -20.28,
            "scaleX": 0.839,
            "scaleY": 0.839
          },
          {
            "name": "bone4",
            "parent": "root",
            "x": 5.87,
            "y": -14.1,
            "scaleX": 0.492,
            "scaleY": 0.492
          },
          {
            "name": "bone5",
            "parent": "root",
            "rotation": 15.15,
            "x": 16.37,
            "y": -3.29,
            "scaleX": 0.787,
            "scaleY": 0.787
          },
          {
            "name": "bone6",
            "parent": "root",
            "rotation": -20.49,
            "x": 20.39,
            "y": 9.69,
            "scaleX": 0.728,
            "scaleY": 0.728
          },
          {
            "name": "bone7",
            "parent": "root",
            "x": 0.11,
            "y": -0.11
          },
          {
            "name": "bone8",
            "parent": "root",
            "rotation": 24.63,
            "x": -1.33,
            "y": 26.52,
            "scaleX": 0.386,
            "scaleY": 0.386
          },
          {
            "name": "bone9",
            "parent": "root",
            "rotation": 24.63,
            "x": 33.95,
            "y": -2.46,
            "scaleX": 0.386,
            "scaleY": 0.386
          },
          {
            "name": "bone10",
            "parent": "root",
            "rotation": 24.63,
            "x": 11.58,
            "y": -23.56,
            "scaleX": 0.386,
            "scaleY": 0.386
          },
          {
            "name": "bone11",
            "parent": "root",
            "rotation": 24.63,
            "x": -24.96,
            "y": -12.22,
            "scaleX": 0.386,
            "scaleY": 0.386
          },
          {
            "name": "bone12",
            "parent": "root"
          }
        ],
        "slots": [
          {
            "name": "Polygon 1",
            "bone": "bone",
            "color": "ffffff00",
            "attachment": "Polygon 1"
          },
          {
            "name": "Polygon 2",
            "bone": "bone2",
            "color": "ffffff00",
            "attachment": "Polygon 1"
          },
          {
            "name": "Polygon 7",
            "bone": "bone8",
            "color": "ffffff00",
            "attachment": "Polygon 1"
          },
          {
            "name": "Polygon 8",
            "bone": "bone9",
            "color": "ffffff00",
            "attachment": "Polygon 1"
          },
          {
            "name": "Polygon 9",
            "bone": "bone10",
            "color": "ffffff00",
            "attachment": "Polygon 1"
          },
          {
            "name": "Polygon 10",
            "bone": "bone11",
            "color": "ffffff00",
            "attachment": "Polygon 1"
          },
          {
            "name": "Polygon 3",
            "bone": "bone3",
            "color": "ffffff00",
            "attachment": "Polygon 1"
          },
          {
            "name": "Polygon 4",
            "bone": "bone4",
            "color": "ffffff00",
            "attachment": "Polygon 1"
          },
          {
            "name": "Polygon 5",
            "bone": "bone5",
            "color": "ffffff00",
            "attachment": "Polygon 1"
          },
          {
            "name": "Polygon 6",
            "bone": "bone6",
            "color": "ffffff00",
            "attachment": "Polygon 1"
          },
          {
            "name": "round",
            "bone": "bone7",
            "color": "ffffff00",
            "attachment": "round",
            "blend": "additive"
          },
          {
            "name": "luoi2",
            "bone": "bone12",
            "color": "ffffff00",
            "attachment": "luoi2"
          }
        ],
        "skins": {
          "default": {
            "Polygon 1": {
              "Polygon 1": {
                "x": 0.07,
                "y": 1.2,
                "width": 58,
                "height": 56
              }
            },
            "Polygon 10": {
              "Polygon 1": {
                "x": 0.07,
                "y": 1.2,
                "width": 58,
                "height": 56
              }
            },
            "Polygon 2": {
              "Polygon 1": {
                "x": 0.07,
                "y": 1.2,
                "width": 58,
                "height": 56
              }
            },
            "Polygon 3": {
              "Polygon 1": {
                "x": 0.07,
                "y": 1.2,
                "width": 58,
                "height": 56
              }
            },
            "Polygon 4": {
              "Polygon 1": {
                "x": 0.07,
                "y": 1.2,
                "scaleX": 0.884,
                "scaleY": 0.884,
                "width": 58,
                "height": 56
              }
            },
            "Polygon 5": {
              "Polygon 1": {
                "x": 0.07,
                "y": 1.2,
                "width": 58,
                "height": 56
              }
            },
            "Polygon 6": {
              "Polygon 1": {
                "x": 0.07,
                "y": 1.2,
                "width": 58,
                "height": 56
              }
            },
            "Polygon 7": {
              "Polygon 1": {
                "x": 0.07,
                "y": 1.2,
                "width": 58,
                "height": 56
              }
            },
            "Polygon 8": {
              "Polygon 1": {
                "x": 0.07,
                "y": 1.2,
                "width": 58,
                "height": 56
              }
            },
            "Polygon 9": {
              "Polygon 1": {
                "x": 0.07,
                "y": 1.2,
                "width": 58,
                "height": 56
              }
            },
            "luoi2": {
              "luoi2": {
                "scaleX": 0.526,
                "scaleY": 0.526,
                "width": 253,
                "height": 253
              }
            },
            "round": {
              "round": {
                "x": 0.29,
                "y": 0.11,
                "scaleX": 0.539,
                "scaleY": 0.539,
                "width": 50,
                "height": 50
              }
            }
          }
        },
        "animations": {
          "player": {
            "slots": {
              "Polygon 1": {
                "color": [
                  {
                    "time": 0,
                    "color": "ffffff00"
                  },
                  {
                    "time": 0.0667,
                    "color": "ffffffff",
                    "curve": "stepped"
                  },
                  {
                    "time": 0.2,
                    "color": "ffffffff"
                  },
                  {
                    "time": 0.2667,
                    "color": "ffffff00"
                  }
                ]
              },
              "Polygon 2": {
                "color": [
                  {
                    "time": 0,
                    "color": "ffffff00"
                  },
                  {
                    "time": 0.0667,
                    "color": "ffffffff",
                    "curve": "stepped"
                  },
                  {
                    "time": 0.2,
                    "color": "ffffffff"
                  },
                  {
                    "time": 0.2667,
                    "color": "ffffff00"
                  }
                ]
              },
              "Polygon 3": {
                "color": [
                  {
                    "time": 0,
                    "color": "ffffff00"
                  },
                  {
                    "time": 0.0667,
                    "color": "ffffffff",
                    "curve": "stepped"
                  },
                  {
                    "time": 0.2,
                    "color": "ffffffff"
                  },
                  {
                    "time": 0.2667,
                    "color": "ffffff00"
                  }
                ]
              },
              "Polygon 4": {
                "color": [
                  {
                    "time": 0,
                    "color": "ffffff00"
                  },
                  {
                    "time": 0.0667,
                    "color": "ffffffff",
                    "curve": "stepped"
                  },
                  {
                    "time": 0.2,
                    "color": "ffffffff"
                  },
                  {
                    "time": 0.2667,
                    "color": "ffffff00"
                  }
                ]
              },
              "Polygon 5": {
                "color": [
                  {
                    "time": 0,
                    "color": "ffffff00"
                  },
                  {
                    "time": 0.0667,
                    "color": "ffffffff",
                    "curve": "stepped"
                  },
                  {
                    "time": 0.2,
                    "color": "ffffffff"
                  },
                  {
                    "time": 0.2667,
                    "color": "ffffff00"
                  }
                ]
              },
              "Polygon 6": {
                "color": [
                  {
                    "time": 0,
                    "color": "ffffff00"
                  },
                  {
                    "time": 0.0667,
                    "color": "ffffffff",
                    "curve": "stepped"
                  },
                  {
                    "time": 0.2,
                    "color": "ffffffff"
                  },
                  {
                    "time": 0.2667,
                    "color": "ffffff00"
                  }
                ]
              },
              "Polygon 7": {
                "color": [
                  {
                    "time": 0,
                    "color": "ffffff00"
                  },
                  {
                    "time": 0.0667,
                    "color": "ffffffff",
                    "curve": "stepped"
                  },
                  {
                    "time": 0.2,
                    "color": "ffffffff"
                  },
                  {
                    "time": 0.2667,
                    "color": "ffffff00"
                  }
                ]
              },
              "Polygon 8": {
                "color": [
                  {
                    "time": 0,
                    "color": "ffffff00"
                  },
                  {
                    "time": 0.0667,
                    "color": "ffffffff",
                    "curve": "stepped"
                  },
                  {
                    "time": 0.2,
                    "color": "ffffffff"
                  },
                  {
                    "time": 0.2667,
                    "color": "ffffff00"
                  }
                ]
              },
              "Polygon 9": {
                "color": [
                  {
                    "time": 0,
                    "color": "ffffff00"
                  },
                  {
                    "time": 0.0667,
                    "color": "ffffffff",
                    "curve": "stepped"
                  },
                  {
                    "time": 0.2,
                    "color": "ffffffff"
                  },
                  {
                    "time": 0.2667,
                    "color": "ffffff00"
                  }
                ]
              },
              "Polygon 10": {
                "color": [
                  {
                    "time": 0,
                    "color": "ffffff00"
                  },
                  {
                    "time": 0.0667,
                    "color": "ffffffff",
                    "curve": "stepped"
                  },
                  {
                    "time": 0.2,
                    "color": "ffffffff"
                  },
                  {
                    "time": 0.2667,
                    "color": "ffffff00"
                  }
                ]
              },
              "luoi2": {
                "color": [
                  {
                    "time": 0,
                    "color": "ffffff00"
                  },
                  {
                    "time": 0.0667,
                    "color": "ffffffff",
                    "curve": "stepped"
                  },
                  {
                    "time": 0.2333,
                    "color": "ffffffff"
                  },
                  {
                    "time": 0.2667,
                    "color": "ffffff00"
                  }
                ]
              },
              "round": {
                "color": [
                  {
                    "time": 0,
                    "color": "ffffff00"
                  },
                  {
                    "time": 0.1,
                    "color": "ffffffff"
                  },
                  {
                    "time": 0.2667,
                    "color": "ffffff00"
                  }
                ]
              }
            },
            "bones": {
              "bone": {
                "translate": [
                  {
                    "time": 0,
                    "x": 0,
                    "y": -7.22
                  },
                  {
                    "time": 0.2667,
                    "x": 2.08,
                    "y": 51.46
                  }
                ],
                "scale": [
                  {
                    "time": 0,
                    "x": 0.59,
                    "y": 0.59
                  }
                ]
              },
              "bone2": {
                "translate": [
                  {
                    "time": 0,
                    "x": 9.55,
                    "y": -2.84
                  },
                  {
                    "time": 0.2667,
                    "x": -51.87,
                    "y": 29.47
                  }
                ],
                "scale": [
                  {
                    "time": 0,
                    "x": 0.6,
                    "y": 0.6
                  }
                ]
              },
              "bone3": {
                "translate": [
                  {
                    "time": 0,
                    "x": 9.03,
                    "y": 15.22
                  },
                  {
                    "time": 0.2667,
                    "x": -42.31,
                    "y": 2.01
                  }
                ],
                "scale": [
                  {
                    "time": 0,
                    "x": 0.563,
                    "y": 0.563
                  }
                ]
              },
              "bone4": {
                "translate": [
                  {
                    "time": 0,
                    "x": -9.29,
                    "y": 11.61
                  },
                  {
                    "time": 0.2667,
                    "x": -1.66,
                    "y": -44.82
                  }
                ],
                "scale": [
                  {
                    "time": 0,
                    "x": 0.663,
                    "y": 0.663
                  }
                ]
              },
              "bone5": {
                "translate": [
                  {
                    "time": 0,
                    "x": -13.42,
                    "y": 2.84
                  },
                  {
                    "time": 0.2667,
                    "x": 41.5,
                    "y": -31.54
                  }
                ],
                "scale": [
                  {
                    "time": 0,
                    "x": 0.621,
                    "y": 0.621
                  }
                ]
              },
              "bone6": {
                "translate": [
                  {
                    "time": 0,
                    "x": -18.58,
                    "y": -6.97
                  },
                  {
                    "time": 0.2667,
                    "x": 30.3,
                    "y": 32.78
                  }
                ],
                "scale": [
                  {
                    "time": 0,
                    "x": 0.631,
                    "y": 0.631
                  }
                ]
              },
              "bone8": {
                "translate": [
                  {
                    "time": 0,
                    "x": -4.48,
                    "y": -13.86
                  },
                  {
                    "time": 0.2667,
                    "x": -28.27,
                    "y": 15.94
                  }
                ],
                "scale": [
                  {
                    "time": 0,
                    "x": 0.6,
                    "y": 0.6
                  }
                ]
              },
              "bone9": {
                "translate": [
                  {
                    "time": 0,
                    "x": -23.51,
                    "y": 2.83
                  },
                  {
                    "time": 0.2667,
                    "x": 14.81,
                    "y": 5.01
                  }
                ],
                "scale": [
                  {
                    "time": 0,
                    "x": 0.6,
                    "y": 0.6
                  }
                ]
              },
              "bone10": {
                "translate": [
                  {
                    "time": 0,
                    "x": -8.18,
                    "y": 19.54
                  },
                  {
                    "time": 0.2667,
                    "x": 14.71,
                    "y": -14.27
                  }
                ],
                "scale": [
                  {
                    "time": 0,
                    "x": 0.6,
                    "y": 0.6
                  }
                ]
              },
              "bone11": {
                "translate": [
                  {
                    "time": 0,
                    "x": 20.08,
                    "y": 8
                  },
                  {
                    "time": 0.2667,
                    "x": -7.05,
                    "y": -39.89
                  }
                ],
                "scale": [
                  {
                    "time": 0,
                    "x": 0.6,
                    "y": 0.6
                  }
                ]
              },
              "bone12": {
                "scale": [
                  {
                    "time": 0,
                    "x": 0.846,
                    "y": 0.846,
                    "curve": [
                      0.351,
                      0,
                      0.585,
                      1
                    ]
                  },
                  {
                    "time": 0.1667,
                    "x": 1.118,
                    "y": 1.118,
                    "curve": [
                      0.351,
                      0,
                      0.585,
                      1
                    ]
                  },
                  {
                    "time": 0.2667,
                    "x": 1.054,
                    "y": 1.054
                  }
                ]
              },
              "bone7": {
                "scale": [
                  {
                    "time": 0,
                    "x": 1,
                    "y": 1
                  },
                  {
                    "time": 0.2667,
                    "x": 3.806,
                    "y": 3.806
                  }
                ]
              },
              "root": {
                "scale": [
                  {
                    "time": 0,
                    "x": 1.052,
                    "y": 1.052
                  }
                ]
              }
            }
          },
          "user": {
            "slots": {
              "luoi2": {
                "color": [
                  {
                    "time": 0,
                    "color": "ffffff00"
                  },
                  {
                    "time": 0.0667,
                    "color": "ffffffff"
                  },
                  {
                    "time": 0.2333,
                    "color": "ffffffe5"
                  },
                  {
                    "time": 0.2667,
                    "color": "ffffff00"
                  }
                ]
              }
            },
            "bones": {
              "bone12": {
                "rotate": [
                  {
                    "time": 0,
                    "angle": 4.3
                  },
                  {
                    "time": 0.2667,
                    "angle": 0
                  }
                ],
                "scale": [
                  {
                    "time": 0,
                    "x": 0.846,
                    "y": 0.846,
                    "curve": [
                      0.351,
                      0,
                      0.585,
                      1
                    ]
                  },
                  {
                    "time": 0.1667,
                    "x": 1.118,
                    "y": 1.118,
                    "curve": [
                      0.351,
                      0,
                      0.585,
                      1
                    ]
                  },
                  {
                    "time": 0.2667,
                    "x": 1.054,
                    "y": 1.054
                  }
                ]
              },
              "root": {
                "scale": [
                  {
                    "time": 0,
                    "x": 1.052,
                    "y": 1.052
                  }
                ]
              }
            }
          }
        }
      },
      [
        0
      ]
    ]
  ],
  0,
  0,
  [
    0
  ],
  [
    -1
  ],
  [
    0
  ]
]