[
  1,
  [
    "59P+hFnqZBXrQyA1J6XQtw"
  ],
  [
    "_textureSetter"
  ],
  [
    "cc.SpriteFrame"
  ],
  0,
  [
    [
      [
        {
          "name": "bw_pattern_b_screen",
          "rect": [
            1,
            543,
            703,
            703
          ],
          "offset": [
            0,
            0
          ],
          "originalSize": [
            703,
            703
          ],
          "capInsets": [
            0,
            0,
            0,
            0
          ]
        }
      ],
      [
        0
      ],
      0,
      [
        0
      ],
      [
        0
      ],
      [
        0
      ]
    ],
    [
      [
        {
          "name": "bw_vfx_d_add",
          "rect": [
            1089,
            1,
            540,
            566
          ],
          "offset": [
            0,
            0
          ],
          "originalSize": [
            540,
            566
          ],
          "rotated": 1,
          "capInsets": [
            0,
            0,
            0,
            0
          ]
        }
      ],
      [
        0
      ],
      0,
      [
        0
      ],
      [
        0
      ],
      [
        0
      ]
    ],
    [
      [
        {
          "name": "bw_pattern_d_add",
          "rect": [
            1,
            1,
            517,
            517
          ],
          "offset": [
            0,
            0
          ],
          "originalSize": [
            517,
            517
          ],
          "capInsets": [
            0,
            0,
            0,
            0
          ]
        }
      ],
      [
        0
      ],
      0,
      [
        0
      ],
      [
        0
      ],
      [
        0
      ]
    ],
    [
      [
        {
          "name": "bw_pattern_c_add",
          "rect": [
            706,
            543,
            703,
            703
          ],
          "offset": [
            0,
            0
          ],
          "originalSize": [
            703,
            703
          ],
          "capInsets": [
            0,
            0,
            0,
            0
          ]
        }
      ],
      [
        0
      ],
      0,
      [
        0
      ],
      [
        0
      ],
      [
        0
      ]
    ]
  ]
]