[
  1,
  [
    "14gT+MW/hMWrH7OBdWSd6/",
    "daEeDhMP9BJIlLTjHsEkwZ",
    "48JYaH4KtHVbKVAwOkUZbh",
    "62okm+ryFGlKT9p2zsLJ1x",
    "38oYaoIYxGsZSt1hAcUzDX",
    "a0kvJUqQJGHqtXhZlX/f2r",
    "16VeOrwsJNLZc+qX+0aavu",
    "91hGe4GC1IFr+rdZ76/URk",
    "f2O8PlB+dGtKCvCQkgoGqT",
    "8d95PEqjRCDpEy6rOqD0cc",
    "cfHbRv9jlPAL1dLUL/Vvop",
    "1bEeZisXVPX4Y1bxAbkacr",
    "3426DU5yBInpXjSyQKbxsE"
  ],
  [
    "_textureSetter",
    "info_main2",
    "info_win",
    "info_main5",
    "info_main4",
    "info_tw",
    "info_scatter",
    "info_bns2",
    "info_main1",
    "info_ways",
    "info_main3",
    "info_bns1",
    "info_main6"
  ],
  [
    "cc.SpriteFrame",
    [
      "cc.SpriteAtlas",
      [
        "_name",
        "_spriteFrames"
      ],
      2,
      11
    ]
  ],
  [
    [
      1,
      0,
      1,
      2
    ]
  ],
  [
    [
      [
        {
          "name": "info_bns1",
          "rect": [
            114,
            0,
            419,
            60
          ],
          "offset": [
            2,
            0
          ],
          "originalSize": [
            427,
            70
          ],
          "rotated": 1,
          "capInsets": [
            0,
            0,
            0,
            0
          ]
        }
      ],
      [
        0
      ],
      0,
      [
        0
      ],
      [
        0
      ],
      [
        0
      ]
    ],
    [
      [
        {
          "name": "info_bns2",
          "rect": [
            0,
            713,
            419,
            62
          ],
          "offset": [
            2,
            0
          ],
          "originalSize": [
            427,
            70
          ],
          "rotated": 1,
          "capInsets": [
            0,
            0,
            0,
            0
          ]
        }
      ],
      [
        0
      ],
      0,
      [
        0
      ],
      [
        0
      ],
      [
        0
      ]
    ],
    [
      [
        [
          0,
          "Alats29.plist",
          [
            {},
            "info_main2",
            6,
            0,
            "info_win",
            6,
            1,
            "info_main5",
            6,
            2,
            "info_main4",
            6,
            3,
            "info_tw",
            6,
            4,
            "info_scatter",
            6,
            5,
            "info_bns2",
            6,
            6,
            "info_main1",
            6,
            7,
            "info_ways",
            6,
            8,
            "info_main3",
            6,
            9,
            "info_bns1",
            6,
            10,
            "info_main6",
            6,
            11
          ]
        ]
      ],
      0,
      0,
      [
        0,
        0,
        0,
        0,
        0,
        0,
        0,
        0,
        0,
        0,
        0,
        0
      ],
      [
        1,
        2,
        3,
        4,
        5,
        6,
        7,
        8,
        9,
        10,
        11,
        12
      ],
      [
        1,
        2,
        3,
        4,
        5,
        6,
        7,
        8,
        9,
        10,
        11,
        12
      ]
    ]
  ]
]