[1,["5a+DXtFtpLm73xKnEB6yoG","ddgz9N6ttLwpDZW3MJl1lz","4f11iVU4lIYJNyLWqU4oJl","79SibBEbJMLKy01RyuUXRj","82Er5R58lKjYfyN76aByiJ","03H0iW/tBAR41h3Z9BwcZb","09TGP695pHxKMlw/lyHFY5","41kv7rykRMorSp+UDsZmVd","94uL7oaZlBkanoINhnrYpf","d1zNbViPNMAqVTNJu2dcB8","b5yFRSLkBNiIgV/u3jczTi","d6AB38felO4YlWzpkHG+hi","503XkJPzRIX4TKHI2W3n3U","84gt/cAydNO7R3y9raAkC9","f4Kgky5Q1I9Z6KFiw/Uqwz","61ykKhom1HqLNEnehataqP","65fLAfdGVLmoJXOtNOJl/7","1dV7lxLt5ETKrOCYeZjya6","46SvDTzChNXI4qY655bdZs","aeNwSoLwBK5rgaTf1uFoco","30wyPpUjJG2oBncdcK5uE6","6dFJQhdUVLGY+yCe7QBqeq","212X84U0JMQ4CpZhSfh2MP","872V3PJdFNpYgWSEsqSOxi","f2/+U0vFRH6qtgbUDRY58U","4bKUjF6dNE56blOLe/7lNG","8azPsxX0JLJo8ZjEJLsbQB","2eQCYLvtRCK6qg7tJu4tTi","6d15BE8zlGuLvUTtFaSwzl","aaVjCalbNCrIqHIRrbX5MV","45f3IXSzlHQbnGM5FD1Bak","1aGCQaF1BHbKNGCe4/HrJn","2ft3pEqZtM/It1mnXysoht","52AVHwK6hOBIOsMlbCp8R6","29bewdEQBJAqJM3IRjripu","9cYrgqBflILLXEyfYEC4Th","e2hpL6rs1HiYbaEkt1KEb2","22izItC/FP25bG2DfWp+P+","99MrQE0OBB1rvAIrD5dGpA","28QtqaaJtJFKgJTBM9DS6n","f3xuoY8KlKkolZ4OzppjpN","c2/SwXkpRBxp5cvoRhRzbG"],["_textureSetter","fast_vfx_c_19","fast_vfx_c_12","fast_vfx_c_00","fast_vfx_c_21","fast_vfx_c_18","fast_vfx_c_24","fast_vfx_c_30","fast_vfx_c_20","fast_vfx_c_36","fast_vfx_c_13","fast_vfx_c_39","fast_vfx_c_27","fast_vfx_c_34","fast_vfx_c_32","fast_vfx_c_14","fast_vfx_c_23","fast_vfx_c_11","fast_vfx_c_01","fast_vfx_c_09","fast_vfx_c_25","fast_vfx_c_17","fast_vfx_c_38","fast_vfx_c_06","fast_vfx_c_29","fast_vfx_c_04","fast_vfx_c_02","fast_vfx_c_16","fast_vfx_c_22","fast_vfx_c_15","fast_vfx_c_35","fast_vfx_c_37","fast_vfx_c_03","fast_vfx_c_08","fast_vfx_c_33","fast_vfx_c_10","fast_vfx_c_31","fast_vfx_c_28","fast_vfx_c_07","fast_vfx_c_05","fast_vfx_c_26","fast_vfx_c_40"],["cc.SpriteFrame",["cc.SpriteAtlas",["_name","_spriteFrames"],2,11]],[[1,0,1,2]],[[[{"name":"fast_vfx_c_18","rect":[1431,1,91,572],"offset":[15,3],"originalSize":[161,592],"capInsets":[0,0,0,0]}],[0],0,[0],[0],[0]],[[{"name":"fast_vfx_c_24","rect":[332,1,105,572],"offset":[8,3],"originalSize":[161,592],"capInsets":[0,0,0,0]}],[0],0,[0],[0],[0]],[[{"name":"fast_vfx_c_37","rect":[1423,575,91,572],"offset":[16,3],"originalSize":[161,592],"capInsets":[0,0,0,0]}],[0],0,[0],[0],[0]],[[{"name":"fast_vfx_c_11","rect":[435,575,103,572],"offset":[9,3],"originalSize":[161,592],"capInsets":[0,0,0,0]}],[0],0,[0],[0],[0]],[[{"name":"fast_vfx_c_38","rect":[1243,1,93,572],"offset":[14,3],"originalSize":[161,592],"capInsets":[0,0,0,0]}],[0],0,[0],[0],[0]],[[{"name":"fast_vfx_c_28","rect":[752,1,99,572],"offset":[11,3],"originalSize":[161,592],"capInsets":[0,0,0,0]}],[0],0,[0],[0],[0]],[[{"name":"fast_vfx_c_05","rect":[1235,575,93,570],"offset":[19,2],"originalSize":[161,592],"capInsets":[0,0,0,0]}],[0],0,[0],[0],[0]],[[{"name":"fast_vfx_c_33","rect":[328,575,105,572],"offset":[12,3],"originalSize":[161,592],"capInsets":[0,0,0,0]}],[0],0,[0],[0],[0]],[[{"name":"fast_vfx_c_16","rect":[1140,575,93,572],"offset":[17,3],"originalSize":[161,592],"capInsets":[0,0,0,0]}],[0],0,[0],[0],[0]],[[{"name":"fast_vfx_c_03","rect":[1,1149,101,572],"offset":[16,3],"originalSize":[161,592],"rotated":1,"capInsets":[0,0,0,0]}],[0],0,[0],[0],[0]],[[{"name":"fast_vfx_c_25","rect":[1,1357,103,558],"offset":[9,-4],"originalSize":[161,592],"rotated":1,"capInsets":[0,0,0,0]}],[0],0,[0],[0],[0]],[[{"name":"fast_vfx_c_30","rect":[575,1149,93,572],"offset":[16,3],"originalSize":[161,592],"rotated":1,"capInsets":[0,0,0,0]}],[0],0,[0],[0],[0]],[[{"name":"fast_vfx_c_35","rect":[1,1,113,572],"offset":[7,3],"originalSize":[161,592],"capInsets":[0,0,0,0]}],[0],0,[0],[0],[0]],[[{"name":"fast_vfx_c_01","rect":[540,575,101,572],"offset":[14,3],"originalSize":[161,592],"capInsets":[0,0,0,0]}],[0],0,[0],[0],[0]],[[{"name":"fast_vfx_c_04","rect":[439,1,103,572],"offset":[15,3],"originalSize":[161,592],"capInsets":[0,0,0,0]}],[0],0,[0],[0],[0]],[[{"name":"fast_vfx_c_12","rect":[1148,1,93,572],"offset":[14,3],"originalSize":[161,592],"capInsets":[0,0,0,0]}],[0],0,[0],[0],[0]],[[{"name":"fast_vfx_c_27","rect":[571,1331,87,572],"offset":[18,3],"originalSize":[161,592],"rotated":1,"capInsets":[0,0,0,0]}],[0],0,[0],[0],[0]],[[{"name":"fast_vfx_c_08","rect":[853,1,97,572],"offset":[13,3],"originalSize":[161,592],"capInsets":[0,0,0,0]}],[0],0,[0],[0],[0]],[[{"name":"fast_vfx_c_14","rect":[575,1244,85,572],"offset":[21,3],"originalSize":[161,592],"rotated":1,"capInsets":[0,0,0,0]}],[0],0,[0],[0],[0]],[[{"name":"fast_vfx_c_23","rect":[112,575,107,572],"offset":[6,3],"originalSize":[161,592],"capInsets":[0,0,0,0]}],[0],0,[0],[0],[0]],[[{"name":"fast_vfx_c_17","rect":[1338,1,91,572],"offset":[14,3],"originalSize":[161,592],"capInsets":[0,0,0,0]}],[0],0,[0],[0],[0]],[[{"name":"fast_vfx_c_22","rect":[221,575,105,572],"offset":[7,3],"originalSize":[161,592],"capInsets":[0,0,0,0]}],[0],0,[0],[0],[0]],[[{"name":"fast_vfx_c_00","rect":[116,1,107,572],"offset":[11,3],"originalSize":[161,592],"capInsets":[0,0,0,0]}],[0],0,[0],[0],[0]],[[{"name":"fast_vfx_c_21","rect":[1,1252,103,568],"offset":[10,1],"originalSize":[161,592],"rotated":1,"capInsets":[0,0,0,0]}],[0],0,[0],[0],[0]],[[{"name":"fast_vfx_c_34","rect":[1,575,109,572],"offset":[9,3],"originalSize":[161,592],"capInsets":[0,0,0,0]}],[0],0,[0],[0],[0]],[[{"name":"fast_vfx_c_06","rect":[1330,575,91,570],"offset":[19,2],"originalSize":[161,592],"capInsets":[0,0,0,0]}],[0],0,[0],[0],[0]],[[{"name":"fast_vfx_c_02","rect":[225,1,105,572],"offset":[13,3],"originalSize":[161,592],"capInsets":[0,0,0,0]}],[0],0,[0],[0],[0]],[[{"name":"fast_vfx_c_20","rect":[845,575,97,572],"offset":[11,3],"originalSize":[161,592],"capInsets":[0,0,0,0]}],[0],0,[0],[0],[0]],[[{"name":"fast_vfx_c_07","rect":[1,1462,91,568],"offset":[17,4],"originalSize":[161,592],"rotated":1,"capInsets":[0,0,0,0]}],[0],0,[0],[0],[0]],[[{"name":"fast_vfx_c_10","rect":[643,575,99,572],"offset":[11,3],"originalSize":[161,592],"capInsets":[0,0,0,0]}],[0],0,[0],[0],[0]],[[{"name":"fast_vfx_c_15","rect":[1516,575,89,572],"offset":[19,3],"originalSize":[161,592],"capInsets":[0,0,0,0]}],[0],0,[0],[0],[0]],[[{"name":"fast_vfx_c_09","rect":[1051,1,95,572],"offset":[13,3],"originalSize":[161,592],"capInsets":[0,0,0,0]}],[0],0,[0],[0],[0]],[[{"name":"fast_vfx_c_13","rect":[1524,1,81,572],"offset":[22,3],"originalSize":[161,592],"capInsets":[0,0,0,0]}],[0],0,[0],[0],[0]],[[[0,"Alats10.plist",[{},"fast_vfx_c_19",6,0,"fast_vfx_c_12",6,1,"fast_vfx_c_00",6,2,"fast_vfx_c_21",6,3,"fast_vfx_c_18",6,4,"fast_vfx_c_24",6,5,"fast_vfx_c_30",6,6,"fast_vfx_c_20",6,7,"fast_vfx_c_36",6,8,"fast_vfx_c_13",6,9,"fast_vfx_c_39",6,10,"fast_vfx_c_27",6,11,"fast_vfx_c_34",6,12,"fast_vfx_c_32",6,13,"fast_vfx_c_14",6,14,"fast_vfx_c_23",6,15,"fast_vfx_c_11",6,16,"fast_vfx_c_01",6,17,"fast_vfx_c_09",6,18,"fast_vfx_c_25",6,19,"fast_vfx_c_17",6,20,"fast_vfx_c_38",6,21,"fast_vfx_c_06",6,22,"fast_vfx_c_29",6,23,"fast_vfx_c_04",6,24,"fast_vfx_c_02",6,25,"fast_vfx_c_16",6,26,"fast_vfx_c_22",6,27,"fast_vfx_c_15",6,28,"fast_vfx_c_35",6,29,"fast_vfx_c_37",6,30,"fast_vfx_c_03",6,31,"fast_vfx_c_08",6,32,"fast_vfx_c_33",6,33,"fast_vfx_c_10",6,34,"fast_vfx_c_31",6,35,"fast_vfx_c_28",6,36,"fast_vfx_c_07",6,37,"fast_vfx_c_05",6,38,"fast_vfx_c_26",6,39,"fast_vfx_c_40",6,40]]],0,0,[0,0,0,0,0,0,0,0,0,0,0,0,0,0,0,0,0,0,0,0,0,0,0,0,0,0,0,0,0,0,0,0,0,0,0,0,0,0,0,0,0],[1,2,3,4,5,6,7,8,9,10,11,12,13,14,15,16,17,18,19,20,21,22,23,24,25,26,27,28,29,30,31,32,33,34,35,36,37,38,39,40,41],[1,2,3,4,5,6,7,8,9,10,11,12,13,14,15,16,17,18,19,20,21,22,23,24,25,26,27,28,29,30,31,32,33,34,35,36,37,38,39,40,41]],[[{"name":"fast_vfx_c_40","rect":[744,575,99,572],"offset":[13,3],"originalSize":[161,592],"capInsets":[0,0,0,0]}],[0],0,[0],[0],[0]],[[{"name":"fast_vfx_c_36","rect":[544,1,103,572],"offset":[11,3],"originalSize":[161,592],"capInsets":[0,0,0,0]}],[0],0,[0],[0],[0]],[[{"name":"fast_vfx_c_39","rect":[944,575,97,572],"offset":[12,3],"originalSize":[161,592],"capInsets":[0,0,0,0]}],[0],0,[0],[0],[0]],[[{"name":"fast_vfx_c_19","rect":[1043,575,95,572],"offset":[13,3],"originalSize":[161,592],"capInsets":[0,0,0,0]}],[0],0,[0],[0],[0]],[[{"name":"fast_vfx_c_31","rect":[952,1,97,572],"offset":[15,3],"originalSize":[161,592],"capInsets":[0,0,0,0]}],[0],0,[0],[0],[0]],[[{"name":"fast_vfx_c_29","rect":[571,1420,89,572],"offset":[17,3],"originalSize":[161,592],"rotated":1,"capInsets":[0,0,0,0]}],[0],0,[0],[0],[0]],[[{"name":"fast_vfx_c_26","rect":[571,1511,85,566],"offset":[17,0],"originalSize":[161,592],"rotated":1,"capInsets":[0,0,0,0]}],[0],0,[0],[0],[0]],[[{"name":"fast_vfx_c_32","rect":[649,1,101,572],"offset":[13,3],"originalSize":[161,592],"capInsets":[0,0,0,0]}],[0],0,[0],[0],[0]]]]