[1,["a49rmyXsdAY4Z787UoLB/H","420upE2a9F1J74darOTJGa","1cOWnjS2BH5IHBTbq5pPyR","27JVGpua9OoqeREckZHV1g","bf3hECeTNHKIWUPLIMFMOT","5dCiwsspVOqbP/CSqWhkk2","a5Ukx2VwVK0qEznIvCEapl","2adyuhspdIeZS2SBFwvzW8","f7fGIgiYVJhZOZ4pDbN+99"],["_textureSetter","base_ingot_rotate_07","base_ingot_rotate_05","base_ingot_rotate_06","base_ingot_rotate_02","base_ingot_rotate_01","base_ingot_rotate_04","base_ingot_rotate_03","base_ingot_rotate_00"],["cc.SpriteFrame",["cc.SpriteAtlas",["_name","_spriteFrames"],2,11]],[[1,0,1,2]],[[[{"name":"base_ingot_rotate_05","rect":[106,225,101,87],"offset":[8,-24],"originalSize":[717,717],"rotated":1,"capInsets":[0,0,0,0]}],[0],0,[0],[0],[0]],[[{"name":"base_ingot_rotate_06","rect":[195,88,129,85],"offset":[7,-25],"originalSize":[717,717],"capInsets":[0,0,0,0]}],[0],0,[0],[0],[0]],[[{"name":"base_ingot_rotate_03","rect":[195,175,127,85],"offset":[4,-25],"originalSize":[717,717],"capInsets":[0,0,0,0]}],[0],0,[0],[0],[0]],[[{"name":"base_ingot_rotate_07","rect":[88,88,135,85],"offset":[-1,-24],"originalSize":[717,717],"rotated":1,"capInsets":[0,0,0,0]}],[0],0,[0],[0],[0]],[[{"name":"base_ingot_rotate_01","rect":[142,1,139,85],"offset":[1,-25],"originalSize":[717,717],"capInsets":[0,0,0,0]}],[0],0,[0],[0],[0]],[[{"name":"base_ingot_rotate_04","rect":[1,227,103,87],"offset":[5,-24],"originalSize":[717,717],"capInsets":[0,0,0,0]}],[0],0,[0],[0],[0]],[[{"name":"base_ingot_rotate_02","rect":[1,88,137,85],"offset":[2,-25],"originalSize":[717,717],"rotated":1,"capInsets":[0,0,0,0]}],[0],0,[0],[0],[0]],[[[0,"Alats39.plist",[{},"base_ingot_rotate_07",6,0,"base_ingot_rotate_05",6,1,"base_ingot_rotate_06",6,2,"base_ingot_rotate_02",6,3,"base_ingot_rotate_01",6,4,"base_ingot_rotate_04",6,5,"base_ingot_rotate_03",6,6,"base_ingot_rotate_00",6,7]]],0,0,[0,0,0,0,0,0,0,0],[1,2,3,4,5,6,7,8],[1,2,3,4,5,6,7,8]],[[{"name":"base_ingot_rotate_00","rect":[1,1,139,85],"offset":[1,-25],"originalSize":[717,717],"capInsets":[0,0,0,0]}],[0],0,[0],[0],[0]]]]