[1,["c7efEvdDZEkbpMULohYlB5","acQrfAAS5BNqctDCKoaOtb","74qjLGxNdMaq6Nvh5d1cvM","e5TYtc4Q9G7Zymhg0SMSt7","f5VxPvWjBOioRO5tjrttbZ","9cKp0Q0NlC5Yi4h6199h4h","06qwWtIzZOU5eMP2oMzM/v","a1QG5LEWNHXbQvTdEJUgxH","29+Ah4pGBCrY3pVcRJPgwd","147P9VBXpA55z2gnGKz783","10pweZunhLc5O8M4p2MHE0","6foEh531dCT4WdjG/f/h4X","dbzMYZp+tLcJQEgGJrZ+28","f61h85Nu5POroBDU3I4SQd","86QTwk2fhDsKuJyXPADS0F","80dLRemM1IKJimDGdcOmhz","019lYInkNLqJODbNyeEMBA"],["_textureSetter","win_vfx_b_03","win_vfx_b_12","win_vfx_b_09","win_vfx_b_04","win_vfx_b_06","win_vfx_b_10","win_vfx_b_13","win_vfx_b_05","win_vfx_b_02","win_vfx_b_01","win_vfx_b_15","win_vfx_b_14","win_vfx_b_08","win_vfx_b_11","win_vfx_b_07","win_vfx_b_00"],["cc.SpriteFrame",["cc.SpriteAtlas",["_name","_spriteFrames"],2,11]],[[1,0,1,2]],[[[{"name":"win_vfx_b_00","rect":[1,599,44,112],"offset":[-2,2],"originalSize":[200,250],"rotated":1,"capInsets":[0,0,0,0]}],[0],0,[0],[0],[0]],[[{"name":"win_vfx_b_10","rect":[177,1,160,188],"offset":[3,-3],"originalSize":[200,250],"capInsets":[0,0,0,0]}],[0],0,[0],[0],[0]],[[{"name":"win_vfx_b_01","rect":[487,543,70,130],"offset":[-2,1],"originalSize":[200,250],"rotated":1,"capInsets":[0,0,0,0]}],[0],0,[0],[0],[0]],[[{"name":"win_vfx_b_02","rect":[335,285,88,136],"offset":[1,0],"originalSize":[200,250],"rotated":1,"capInsets":[0,0,0,0]}],[0],0,[0],[0],[0]],[[{"name":"win_vfx_b_05","rect":[487,1,120,160],"offset":[6,-2],"originalSize":[200,250],"rotated":1,"capInsets":[0,0,0,0]}],[0],0,[0],[0],[0]],[[{"name":"win_vfx_b_15","rect":[1,1,174,198],"offset":[-1,-3],"originalSize":[200,250],"capInsets":[0,0,0,0]}],[0],0,[0],[0],[0]],[[{"name":"win_vfx_b_12","rect":[169,401,162,194],"offset":[0,-3],"originalSize":[200,250],"capInsets":[0,0,0,0]}],[0],0,[0],[0],[0]],[[{"name":"win_vfx_b_07","rect":[487,369,138,172],"offset":[5,-3],"originalSize":[200,250],"capInsets":[0,0,0,0]}],[0],0,[0],[0],[0]],[[{"name":"win_vfx_b_11","rect":[173,201,160,190],"offset":[0,-4],"originalSize":[200,250],"capInsets":[0,0,0,0]}],[0],0,[0],[0],[0]],[[[0,"Alats34.plist",[{},"win_vfx_b_03",6,0,"win_vfx_b_12",6,1,"win_vfx_b_09",6,2,"win_vfx_b_04",6,3,"win_vfx_b_06",6,4,"win_vfx_b_10",6,5,"win_vfx_b_13",6,6,"win_vfx_b_05",6,7,"win_vfx_b_02",6,8,"win_vfx_b_01",6,9,"win_vfx_b_15",6,10,"win_vfx_b_14",6,11,"win_vfx_b_08",6,12,"win_vfx_b_11",6,13,"win_vfx_b_07",6,14,"win_vfx_b_00",6,15]]],0,0,[0,0,0,0,0,0,0,0,0,0,0,0,0,0,0,0],[1,2,3,4,5,6,7,8,9,10,11,12,13,14,15,16],[1,2,3,4,5,6,7,8,9,10,11,12,13,14,15,16]],[[{"name":"win_vfx_b_06","rect":[483,237,130,166],"offset":[6,-2],"originalSize":[200,250],"rotated":1,"capInsets":[0,0,0,0]}],[0],0,[0],[0],[0]],[[{"name":"win_vfx_b_13","rect":[1,401,166,196],"offset":[-1,-3],"originalSize":[200,250],"capInsets":[0,0,0,0]}],[0],0,[0],[0],[0]],[[{"name":"win_vfx_b_03","rect":[339,183,100,142],"offset":[4,-2],"originalSize":[200,250],"rotated":1,"capInsets":[0,0,0,0]}],[0],0,[0],[0],[0]],[[{"name":"win_vfx_b_14","rect":[1,201,170,198],"offset":[-1,-3],"originalSize":[200,250],"capInsets":[0,0,0,0]}],[0],0,[0],[0],[0]],[[{"name":"win_vfx_b_09","rect":[333,393,152,186],"offset":[4,-2],"originalSize":[200,250],"capInsets":[0,0,0,0]}],[0],0,[0],[0],[0]],[[{"name":"win_vfx_b_04","rect":[487,123,112,152],"offset":[5,-2],"originalSize":[200,250],"rotated":1,"capInsets":[0,0,0,0]}],[0],0,[0],[0],[0]],[[{"name":"win_vfx_b_08","rect":[339,1,146,180],"offset":[5,-2],"originalSize":[200,250],"capInsets":[0,0,0,0]}],[0],0,[0],[0],[0]]]]