[1,["6axQrJIsFKja3I3rDwB3nw"],["_textureSetter"],["cc.SpriteFrame"],0,[[[{"name":"info_vfx_d_22","rect":[573,661,522,112],"offset":[9,6],"originalSize":[540,200],"rotated":1,"capInsets":[0,0,0,0]}],[0],0,[0],[0],[0]],[[{"name":"info_vfx_d_26","rect":[687,661,526,110],"offset":[-5,2],"originalSize":[540,200],"rotated":1,"capInsets":[0,0,0,0]}],[0],0,[0],[0],[0]],[[{"name":"info_vfx_d_07","rect":[249,1201,472,100],"offset":[-8,7],"originalSize":[540,200],"rotated":1,"capInsets":[0,0,0,0]}],[0],0,[0],[0],[0]],[[{"name":"info_vfx_d_11","rect":[361,127,528,118],"offset":[6,0],"originalSize":[540,200],"rotated":1,"capInsets":[0,0,0,0]}],[0],0,[0],[0],[0]],[[{"name":"info_vfx_d_17","rect":[1149,801,518,110],"offset":[11,3],"originalSize":[540,200],"capInsets":[0,0,0,0]}],[0],0,[0],[0],[0]],[[{"name":"info_vfx_d_27","rect":[1149,693,526,106],"offset":[-5,1],"originalSize":[540,200],"capInsets":[0,0,0,0]}],[0],0,[0],[0],[0]],[[{"name":"info_vfx_d_16","rect":[1149,913,518,108],"offset":[11,2],"originalSize":[540,200],"capInsets":[0,0,0,0]}],[0],0,[0],[0],[0]],[[{"name":"info_vfx_d_39","rect":[1083,1,538,116],"offset":[-1,2],"originalSize":[540,200],"capInsets":[0,0,0,0]}],[0],0,[0],[0],[0]],[[{"name":"info_vfx_d_29","rect":[237,669,530,106],"offset":[-4,4],"originalSize":[540,200],"rotated":1,"capInsets":[0,0,0,0]}],[0],0,[0],[0],[0]],[[{"name":"info_vfx_d_41","rect":[703,121,532,116],"offset":[0,5],"originalSize":[540,200],"rotated":1,"capInsets":[0,0,0,0]}],[0],0,[0],[0],[0]],[[{"name":"info_vfx_d_28","rect":[481,127,530,106],"offset":[-4,2],"originalSize":[540,200],"rotated":1,"capInsets":[0,0,0,0]}],[0],0,[0],[0],[0]],[[{"name":"info_vfx_d_37","rect":[1,669,540,116],"offset":[0,2],"originalSize":[540,200],"rotated":1,"capInsets":[0,0,0,0]}],[0],0,[0],[0],[0]],[[{"name":"info_vfx_d_31","rect":[821,121,536,110],"offset":[-2,6],"originalSize":[540,200],"rotated":1,"capInsets":[0,0,0,0]}],[0],0,[0],[0],[0]],[[{"name":"info_vfx_d_43","rect":[1031,659,498,116],"offset":[14,6],"originalSize":[540,200],"rotated":1,"capInsets":[0,0,0,0]}],[0],0,[0],[0],[0]],[[{"name":"info_vfx_d_25","rect":[345,659,526,112],"offset":[-5,3],"originalSize":[540,200],"rotated":1,"capInsets":[0,0,0,0]}],[0],0,[0],[0],[0]],[[{"name":"info_vfx_d_18","rect":[1075,1225,510,110],"offset":[-1,3],"originalSize":[540,200],"capInsets":[0,0,0,0]}],[0],0,[0],[0],[0]],[[{"name":"info_vfx_d_45","rect":[1075,1453,500,114],"offset":[10,6],"originalSize":[540,200],"capInsets":[0,0,0,0]}],[0],0,[0],[0],[0]],[[{"name":"info_vfx_d_02","rect":[79,1211,442,68],"offset":[-1,-11],"originalSize":[540,200],"rotated":1,"capInsets":[0,0,0,0]}],[0],0,[0],[0],[0]],[[{"name":"info_vfx_d_10","rect":[239,127,530,120],"offset":[5,0],"originalSize":[540,200],"rotated":1,"capInsets":[0,0,0,0]}],[0],0,[0],[0],[0]],[[{"name":"info_vfx_d_32","rect":[933,121,536,106],"offset":[-2,1],"originalSize":[540,200],"rotated":1,"capInsets":[0,0,0,0]}],[0],0,[0],[0],[0]],[[{"name":"info_vfx_d_23","rect":[1149,231,522,116],"offset":[9,4],"originalSize":[540,200],"capInsets":[0,0,0,0]}],[0],0,[0],[0],[0]],[[{"name":"info_vfx_d_13","rect":[1149,1131,518,92],"offset":[11,0],"originalSize":[540,200],"capInsets":[0,0,0,0]}],[0],0,[0],[0],[0]],[[{"name":"info_vfx_d_46","rect":[469,1185,478,112],"offset":[-1,6],"originalSize":[540,200],"rotated":1,"capInsets":[0,0,0,0]}],[0],0,[0],[0],[0]],[[{"name":"info_vfx_d_21","rect":[459,659,524,112],"offset":[8,6],"originalSize":[540,200],"rotated":1,"capInsets":[0,0,0,0]}],[0],0,[0],[0],[0]],[[{"name":"info_vfx_d_40","rect":[119,669,536,116],"offset":[-1,4],"originalSize":[540,200],"rotated":1,"capInsets":[0,0,0,0]}],[0],0,[0],[0],[0]],[[{"name":"info_vfx_d_42","rect":[1075,1337,502,114],"offset":[14,5],"originalSize":[540,200],"capInsets":[0,0,0,0]}],[0],0,[0],[0],[0]],[[{"name":"info_vfx_d_36","rect":[541,1,540,118],"offset":[0,0],"originalSize":[540,200],"capInsets":[0,0,0,0]}],[0],0,[0],[0],[0]],[[{"name":"info_vfx_d_06","rect":[149,1207,470,98],"offset":[-8,6],"originalSize":[540,200],"rotated":1,"capInsets":[0,0,0,0]}],[0],0,[0],[0],[0]],[[{"name":"info_vfx_d_19","rect":[1149,465,524,112],"offset":[8,4],"originalSize":[540,200],"capInsets":[0,0,0,0]}],[0],0,[0],[0],[0]],[[{"name":"info_vfx_d_04","rect":[963,1179,496,110],"offset":[7,6],"originalSize":[540,200],"rotated":1,"capInsets":[0,0,0,0]}],[0],0,[0],[0],[0]],[[{"name":"info_vfx_d_33","rect":[589,121,538,112],"offset":[-1,0],"originalSize":[540,200],"rotated":1,"capInsets":[0,0,0,0]}],[0],0,[0],[0],[0]],[[{"name":"info_vfx_d_38","rect":[121,127,540,116],"offset":[0,2],"originalSize":[540,200],"rotated":1,"capInsets":[0,0,0,0]}],[0],0,[0],[0],[0]],[[{"name":"info_vfx_d_14","rect":[1149,1023,518,106],"offset":[11,-6],"originalSize":[540,200],"capInsets":[0,0,0,0]}],[0],0,[0],[0],[0]],[[{"name":"info_vfx_d_05","rect":[583,1185,468,96],"offset":[-8,4],"originalSize":[540,200],"rotated":1,"capInsets":[0,0,0,0]}],[0],0,[0],[0],[0]],[[{"name":"info_vfx_d_44","rect":[847,1179,498,114],"offset":[13,5],"originalSize":[540,200],"rotated":1,"capInsets":[0,0,0,0]}],[0],0,[0],[0],[0]],[[{"name":"info_vfx_d_00","rect":[541,121,3,3],"offset":[-268.5,98.5],"originalSize":[540,200],"capInsets":[0,0,0,0]}],[0],0,[0],[0],[0]],[[{"name":"info_vfx_d_30","rect":[1041,121,532,106],"offset":[-4,6],"originalSize":[540,200],"rotated":1,"capInsets":[0,0,0,0]}],[0],0,[0],[0],[0]],[[{"name":"info_vfx_d_35","rect":[1,127,540,118],"offset":[0,-1],"originalSize":[540,200],"rotated":1,"capInsets":[0,0,0,0]}],[0],0,[0],[0],[0]],[[{"name":"info_vfx_d_15","rect":[917,659,518,112],"offset":[11,-3],"originalSize":[540,200],"rotated":1,"capInsets":[0,0,0,0]}],[0],0,[0],[0],[0]],[[{"name":"info_vfx_d_08","rect":[681,1189,472,106],"offset":[-7,5],"originalSize":[540,200],"rotated":1,"capInsets":[0,0,0,0]}],[0],0,[0],[0],[0]],[[{"name":"info_vfx_d_12","rect":[799,659,516,116],"offset":[12,3],"originalSize":[540,200],"rotated":1,"capInsets":[0,0,0,0]}],[0],0,[0],[0],[0]],[[{"name":"info_vfx_d_01","rect":[789,1189,382,56],"offset":[30,-15],"originalSize":[540,200],"rotated":1,"capInsets":[0,0,0,0]}],[0],0,[0],[0],[0]],[[{"name":"info_vfx_d_20","rect":[1149,579,524,112],"offset":[8,5],"originalSize":[540,200],"capInsets":[0,0,0,0]}],[0],0,[0],[0],[0]],[[{"name":"info_vfx_d_34","rect":[1,1,538,124],"offset":[-1,6],"originalSize":[540,200],"capInsets":[0,0,0,0]}],[0],0,[0],[0],[0]],[[{"name":"info_vfx_d_03","rect":[1,1211,440,76],"offset":[-21,-8],"originalSize":[540,200],"rotated":1,"capInsets":[0,0,0,0]}],[0],0,[0],[0],[0]],[[{"name":"info_vfx_d_24","rect":[1149,349,524,114],"offset":[-4,3],"originalSize":[540,200],"capInsets":[0,0,0,0]}],[0],0,[0],[0],[0]],[[{"name":"info_vfx_d_09","rect":[351,1189,488,116],"offset":[-14,0],"originalSize":[540,200],"rotated":1,"capInsets":[0,0,0,0]}],[0],0,[0],[0],[0]],[[{"name":"info_vfx_d_47","rect":[1149,119,528,110],"offset":[0,7],"originalSize":[540,200],"capInsets":[0,0,0,0]}],[0],0,[0],[0],[0]]]]