[
  1,
  [
    "02PV0cYy5HgI0NlYWjwdA6",
    "9eTDJBwJtJmYQKhvqr9nJA",
    "d2/Wrk45hAC5WIedwtD+4S",
    "562o8LYTZD46+q19BPkVcY",
    "26XfnE23xFMIA+0ash/kcP",
    "93pDwra0NBYJgpInHG0o1K",
    "1aypmf1TJDL607SK8NkAPB",
    "03wBhPZCRIeLJpNOAIOHSf",
    "e7Njp3uG1KY716HO53Lny/",
    "42ndr3h69OhJnRZj9yWxf8"
  ],
  [
    "value"
  ],
  [
    [
      "cc.AnimationClip",
      [
        "_name",
        "_duration",
        "sample",
        "wrapMode",
        "curveData"
      ],
      -1,
      11
    ]
  ],
  [
    [
      0,
      0,
      1,
      2,
      3,
      4,
      5
    ]
  ],
  [
    [
      0,
      "GunMuiKhoan",
      1,
      10,
      2,
      [
        {},
        "comps",
        11,
        [
          {},
          "cc.Sprite",
          11,
          [
            {},
            "spriteFrame",
            12,
            [
              [
                [
                  {
                    "frame": 0
                  },
                  "value",
                  6,
                  0
                ],
                [
                  {
                    "frame": 0.1
                  },
                  "value",
                  6,
                  1
                ],
                [
                  {
                    "frame": 0.2
                  },
                  "value",
                  6,
                  2
                ],
                [
                  {
                    "frame": 0.3
                  },
                  "value",
                  6,
                  3
                ],
                [
                  {
                    "frame": 0.4
                  },
                  "value",
                  6,
                  4
                ],
                [
                  {
                    "frame": 0.5
                  },
                  "value",
                  6,
                  5
                ],
                [
                  {
                    "frame": 0.6
                  },
                  "value",
                  6,
                  6
                ],
                [
                  {
                    "frame": 0.7
                  },
                  "value",
                  6,
                  7
                ],
                [
                  {
                    "frame": 0.8
                  },
                  "value",
                  6,
                  8
                ],
                [
                  {
                    "frame": 0.9
                  },
                  "value",
                  6,
                  9
                ]
              ],
              11,
              11,
              11,
              11,
              11,
              11,
              11,
              11,
              11,
              11
            ]
          ]
        ]
      ]
    ]
  ],
  0,
  0,
  [
    0,
    0,
    0,
    0,
    0,
    0,
    0,
    0,
    0,
    0
  ],
  [
    0,
    0,
    0,
    0,
    0,
    0,
    0,
    0,
    0,
    0
  ],
  [
    0,
    1,
    2,
    3,
    4,
    5,
    6,
    7,
    8,
    9
  ]
]