[1,["e02UDXi3BEepF31kQHyBK/","a7YmeJ3mBBkJgwQQXey+nD","0fYt/bFjVFerBj+eutxLP2","65xgoZhX1IE6lvOb6eTj0V","4aeQr13H9ER4cIjuM7Oelr","bduEOohApMPbDhwmBRvz2A","0ddyXRtK5M2qDDG2XY+8r0"],["_textureSetter","ps_sweep_c_00","ps_sweep_c_01","ps_sweep_c_02","ps_sweep_c_03","ps_sweep_c_04","ps_sweep_c_05"],["cc.SpriteFrame",["cc.SpriteAtlas",["_name","_spriteFrames"],2,11]],[[1,0,1,2]],[[[{"name":"ps_sweep_c_05","rect":[1,1181,98,234],"offset":[0,0],"originalSize":[98,234],"capInsets":[0,0,0,0]}],[0],0,[0],[0],[0]],[[{"name":"ps_sweep_c_01","rect":[1,237,98,234],"offset":[0,0],"originalSize":[98,234],"capInsets":[0,0,0,0]}],[0],0,[0],[0],[0]],[[{"name":"ps_sweep_c_03","rect":[1,709,98,234],"offset":[0,0],"originalSize":[98,234],"capInsets":[0,0,0,0]}],[0],0,[0],[0],[0]],[[{"name":"ps_sweep_c_02","rect":[1,473,98,234],"offset":[0,0],"originalSize":[98,234],"capInsets":[0,0,0,0]}],[0],0,[0],[0],[0]],[[[0,"ps_sweep_c.plist",[{},"ps_sweep_c_00",6,0,"ps_sweep_c_01",6,1,"ps_sweep_c_02",6,2,"ps_sweep_c_03",6,3,"ps_sweep_c_04",6,4,"ps_sweep_c_05",6,5]]],0,0,[0,0,0,0,0,0],[1,2,3,4,5,6],[1,2,3,4,5,6]],[[{"name":"ps_sweep_c_00","rect":[1,1,98,234],"offset":[0,0],"originalSize":[98,234],"capInsets":[0,0,0,0]}],[0],0,[0],[0],[0]],[[{"name":"ps_sweep_c_04","rect":[1,945,98,234],"offset":[0,0],"originalSize":[98,234],"capInsets":[0,0,0,0]}],[0],0,[0],[0],[0]]]]