[1,["38w6cf5XREiq0bgscCNn3v"],["_textureSetter"],["cc.SpriteFrame"],0,[[[{"name":"infoboard_vfx_b_18","rect":[1200,390,395,617],"offset":[0,0],"originalSize":[395,617],"rotated":1,"capInsets":[0,0,0,0]}],[0],0,[0],[0],[0]],[[{"name":"infoboard_vfx_b_13","rect":[1200,1,387,621],"offset":[0,0],"originalSize":[387,621],"rotated":1,"capInsets":[0,0,0,0]}],[0],0,[0],[0],[0]],[[{"name":"infoboard_vfx_b_23","rect":[1,1,389,671],"offset":[0,0],"originalSize":[389,671],"capInsets":[0,0,0,0]}],[0],0,[0],[0],[0]],[[{"name":"infoboard_vfx_b_20","rect":[392,1,393,657],"offset":[0,0],"originalSize":[393,657],"capInsets":[0,0,0,0]}],[0],0,[0],[0],[0]],[[{"name":"infoboard_vfx_b_22","rect":[787,1,411,635],"offset":[0,0],"originalSize":[411,635],"capInsets":[0,0,0,0]}],[0],0,[0],[0],[0]],[[{"name":"infoboard_vfx_b_21","rect":[1190,1186,391,629],"offset":[0,0],"originalSize":[391,629],"rotated":1,"capInsets":[0,0,0,0]}],[0],0,[0],[0],[0]],[[{"name":"infoboard_vfx_b_16","rect":[793,638,395,635],"offset":[0,0],"originalSize":[395,635],"capInsets":[0,0,0,0]}],[0],0,[0],[0],[0]],[[{"name":"infoboard_vfx_b_17","rect":[396,660,395,641],"offset":[0,0],"originalSize":[395,641],"capInsets":[0,0,0,0]}],[0],0,[0],[0],[0]],[[{"name":"infoboard_vfx_b_19","rect":[1,674,393,643],"offset":[0,0],"originalSize":[393,643],"capInsets":[0,0,0,0]}],[0],0,[0],[0],[0]],[[{"name":"infoboard_vfx_b_11","rect":[793,1275,387,613],"offset":[0,0],"originalSize":[387,613],"capInsets":[0,0,0,0]}],[0],0,[0],[0],[0]],[[{"name":"infoboard_vfx_b_15","rect":[1190,787,397,627],"offset":[0,0],"originalSize":[397,627],"rotated":1,"capInsets":[0,0,0,0]}],[0],0,[0],[0],[0]],[[{"name":"infoboard_vfx_b_12","rect":[1,1319,387,609],"offset":[0,0],"originalSize":[387,609],"capInsets":[0,0,0,0]}],[0],0,[0],[0],[0]],[[{"name":"infoboard_vfx_b_14","rect":[396,1303,387,623],"offset":[0,0],"originalSize":[387,623],"capInsets":[0,0,0,0]}],[0],0,[0],[0],[0]]]]