[1,["92H6G/WIxEgoxIaAhchYzw","3cHQ9g9UZHmJupu6H4JC1w","434TBAfp5DgYtBEMCg8xMq","17U+qQnrhMM6PvQRA/AkI5","a5ZigaSf5JGrtffq04DRku","ad+kRaDNFEJakW7KNfZbta","a3SEckyJ5G9IK/qKUs2o6o","72jr1N+yhFrZ6sVDiXkAN8","2evBrwWfNB+KNR/13d9+mP","7ehs666xhN9a8+dAaYNns/","77Ue7owXtAVIV9l6MdrXC6","48fP+ASSRCc6sLT6DNhsBt","9cu0ZCMWxHSo1x8zLMXJoB"],["_textureSetter","0_yellow","1_yellow","2_yellow","3_yellow","4_yellow","5_yellow","6_yellow","7_yellow","8_yellow","9_yellow","comma_yellow","decimal_yellow"],["cc.SpriteFrame",["cc.SpriteAtlas",["_name","_spriteFrames"],2,11]],[[1,0,1,2]],[[[{"name":"2_yellow","rect":[1,83,29,39],"offset":[0,0],"originalSize":[29,39],"capInsets":[0,0,0,0]}],[0],0,[0],[0],[0]],[[{"name":"7_yellow","rect":[62,59,25,39],"offset":[0,0],"originalSize":[25,39],"capInsets":[0,0,0,0]}],[0],0,[0],[0],[0]],[[{"name":"0_yellow","rect":[1,1,31,39],"offset":[0,0],"originalSize":[31,39],"capInsets":[0,0,0,0]}],[0],0,[0],[0],[0]],[[{"name":"1_yellow","rect":[62,100,18,39],"offset":[0,0],"originalSize":[18,39],"rotated":1,"capInsets":[0,0,0,0]}],[0],0,[0],[0],[0]],[[{"name":"comma_yellow","rect":[89,73,12,18],"offset":[0,0],"originalSize":[12,18],"capInsets":[0,0,0,0]}],[0],0,[0],[0],[0]],[[{"name":"6_yellow","rect":[32,83,28,39],"offset":[0,0],"originalSize":[28,39],"capInsets":[0,0,0,0]}],[0],0,[0],[0],[0]],[[{"name":"9_yellow","rect":[64,1,28,39],"offset":[0,0],"originalSize":[28,39],"rotated":1,"capInsets":[0,0,0,0]}],[0],0,[0],[0],[0]],[[{"name":"8_yellow","rect":[34,1,28,39],"offset":[0,0],"originalSize":[28,39],"capInsets":[0,0,0,0]}],[0],0,[0],[0],[0]],[[[0,"Bmf_yellow_small.plist",[{},"0_yellow",6,0,"1_yellow",6,1,"2_yellow",6,2,"3_yellow",6,3,"4_yellow",6,4,"5_yellow",6,5,"6_yellow",6,6,"7_yellow",6,7,"8_yellow",6,8,"9_yellow",6,9,"comma_yellow",6,10,"decimal_yellow",6,11]]],0,0,[0,0,0,0,0,0,0,0,0,0,0,0],[1,2,3,4,5,6,7,8,9,10,11,12],[1,2,3,4,5,6,7,8,9,10,11,12]],[[{"name":"decimal_yellow","rect":[89,59,12,14],"offset":[0,0],"originalSize":[12,14],"rotated":1,"capInsets":[0,0,0,0]}],[0],0,[0],[0],[0]],[[{"name":"5_yellow","rect":[64,31,26,39],"offset":[0,0],"originalSize":[26,39],"rotated":1,"capInsets":[0,0,0,0]}],[0],0,[0],[0],[0]],[[{"name":"3_yellow","rect":[33,42,27,39],"offset":[0,0],"originalSize":[27,39],"capInsets":[0,0,0,0]}],[0],0,[0],[0],[0]],[[{"name":"4_yellow","rect":[1,42,30,39],"offset":[0,0],"originalSize":[30,39],"capInsets":[0,0,0,0]}],[0],0,[0],[0],[0]]]]