[1,["2bdAjCR5NL5peaszmvh6dP"],["_textureSetter"],["cc.SpriteFrame"],0,[[[{"name":"centerCirle","rect":[173,857,105,106],"offset":[0,0],"originalSize":[105,106],"capInsets":[0,0,0,0]}],[0],0,[0],[0],[0]],[[{"name":"g_marker","rect":[851,809,155,210],"offset":[0,0],"originalSize":[307,416],"capInsets":[0,0,0,0]}],[0],0,[0],[0],[0]],[[{"name":"desc_gamble","rect":[1,1,962,44],"offset":[-68,1],"originalSize":[1108,88],"rotated":1,"capInsets":[0,0,0,0]}],[0],0,[0],[0],[0]],[[{"name":"g_wheel_mtp_text","rect":[620,809,229,214],"offset":[-1,0],"originalSize":[455,424],"capInsets":[0,0,0,0]}],[0],0,[0],[0],[0]],[[{"name":"g_wheel_red","rect":[390,529,225,321],"offset":[0,0],"originalSize":[447,639],"capInsets":[0,0,0,0]}],[0],0,[0],[0],[0]],[[{"name":"btn_gamble","rect":[1008,949,177,69],"offset":[0,0],"originalSize":[351,135],"capInsets":[0,0,0,0]}],[0],0,[0],[0],[0]],[[{"name":"g_info","rect":[1,965,617,57],"offset":[-2,0],"originalSize":[1237,111],"capInsets":[0,0,0,0]}],[0],0,[0],[0],[0]],[[{"name":"multi_spin_bg","rect":[620,1,754,806],"offset":[0,0],"originalSize":[754,806],"capInsets":[0,0,0,0]}],[0],0,[0],[0],[0]],[[{"name":"g_wheel_green_17","rect":[47,1,556,526],"offset":[0,0],"originalSize":[556,526],"capInsets":[0,0,0,0]}],[0],0,[0],[0],[0]],[[{"name":"multiplier_gamble","rect":[280,857,93,108],"offset":[0,0],"originalSize":[183,212],"rotated":1,"capInsets":[0,0,0,0]}],[0],0,[0],[0],[0]]]]