[
  1,
  0,
  0,
  [
    [
      "cc.AnimationClip",
      [
        "_name",
        "_duration",
        "sample",
        "wrapMode",
        "curveData"
      ],
      -2
    ]
  ],
  [
    [
      0,
      0,
      1,
      2,
      3,
      4,
      6
    ]
  ],
  [
    [
      0,
      "BoomDrop",
      0.3,
      10,
      2,
      {
        "comps": {
          "cc.Sprite": {
            "spriteFrame": [
              {
                "frame": 0,
                "value": null
              },
              {
                "frame": 0.1,
                "value": null
              },
              {
                "frame": 0.2,
                "value": null
              }
            ]
          }
        }
      }
    ]
  ],
  0,
  0,
  [],
  [],
  []
]