[1,["71C8ROxxRDcLs0m8Zf4pmC"],["_textureSetter"],["cc.SpriteFrame"],0,[[[{"name":"mh_auto_08","rect":[325,163,160,160],"offset":[0,0],"originalSize":[160,160],"capInsets":[0,0,0,0]}],[0],0,[0],[0],[0]],[[{"name":"mh_auto_05","rect":[163,163,160,160],"offset":[0,0],"originalSize":[160,160],"capInsets":[0,0,0,0]}],[0],0,[0],[0],[0]],[[{"name":"mh_auto_10","rect":[325,325,160,160],"offset":[0,0],"originalSize":[160,160],"capInsets":[0,0,0,0]}],[0],0,[0],[0],[0]],[[{"name":"mh_auto_03","rect":[163,1,160,160],"offset":[0,0],"originalSize":[160,160],"capInsets":[0,0,0,0]}],[0],0,[0],[0],[0]],[[{"name":"mh_auto_01","rect":[1,1,160,160],"offset":[0,0],"originalSize":[160,160],"capInsets":[0,0,0,0]}],[0],0,[0],[0],[0]],[[{"name":"mh_auto_11","rect":[487,163,160,160],"offset":[0,0],"originalSize":[160,160],"capInsets":[0,0,0,0]}],[0],0,[0],[0],[0]],[[{"name":"mh_auto_04","rect":[1,325,160,160],"offset":[0,0],"originalSize":[160,160],"capInsets":[0,0,0,0]}],[0],0,[0],[0],[0]],[[{"name":"mh_auto_09","rect":[487,1,160,160],"offset":[0,0],"originalSize":[160,160],"capInsets":[0,0,0,0]}],[0],0,[0],[0],[0]],[[{"name":"mh_auto_00","rect":[649,163,158,156],"offset":[0,0],"originalSize":[158,156],"capInsets":[0,0,0,0]}],[0],0,[0],[0],[0]],[[{"name":"mh_auto_07","rect":[163,325,160,160],"offset":[0,0],"originalSize":[160,160],"capInsets":[0,0,0,0]}],[0],0,[0],[0],[0]],[[{"name":"mh_auto_13","rect":[487,325,160,160],"offset":[0,0],"originalSize":[160,160],"capInsets":[0,0,0,0]}],[0],0,[0],[0],[0]],[[{"name":"mh_auto_12","rect":[649,1,160,160],"offset":[0,0],"originalSize":[160,160],"capInsets":[0,0,0,0]}],[0],0,[0],[0],[0]],[[{"name":"mh_auto_02","rect":[1,163,160,160],"offset":[0,0],"originalSize":[160,160],"capInsets":[0,0,0,0]}],[0],0,[0],[0],[0]],[[{"name":"mh_auto_06","rect":[325,1,160,160],"offset":[0,0],"originalSize":[160,160],"capInsets":[0,0,0,0]}],[0],0,[0],[0],[0]]]]