[1,["6dR5wQVzBD9Yy6c+r7WzYY","cdfNwovYZIGIf7R+VNqxO1","97pRkmnGdCrY23/2SVvJz1","a0uDE5ml9Lw6F//0DSmv9j","8asyyvpNpJ2KlT5HaVgfAM","97gzXZcrdOIIiIhg98BIY5","ca8u0BMjNKy4kqhl9xul8H"],["_textureSetter","coin_particle_00","coin_particle_01","coin_particle_02","coin_particle_03","coin_particle_04","coin_particle_05"],["cc.SpriteFrame",["cc.SpriteAtlas",["_name","_spriteFrames"],2,11]],[[1,0,1,2]],[[[{"name":"coin_particle_03","rect":[759,1,128,154],"offset":[0,0],"originalSize":[128,154],"capInsets":[0,0,0,0]}],[0],0,[0],[0],[0]],[[{"name":"coin_particle_04","rect":[473,1,146,156],"offset":[0,0],"originalSize":[146,156],"capInsets":[0,0,0,0]}],[0],0,[0],[0],[0]],[[{"name":"coin_particle_01","rect":[317,1,154,158],"offset":[0,0],"originalSize":[154,158],"capInsets":[0,0,0,0]}],[0],0,[0],[0],[0]],[[{"name":"coin_particle_02","rect":[621,1,136,154],"offset":[0,0],"originalSize":[136,154],"capInsets":[0,0,0,0]}],[0],0,[0],[0],[0]],[[[0,"coin_particle.plist",[{},"coin_particle_00",6,0,"coin_particle_01",6,1,"coin_particle_02",6,2,"coin_particle_03",6,3,"coin_particle_04",6,4,"coin_particle_05",6,5]]],0,0,[0,0,0,0,0,0],[1,2,3,4,5,6],[1,2,3,4,5,6]],[[{"name":"coin_particle_05","rect":[159,1,156,158],"offset":[0,0],"originalSize":[156,158],"capInsets":[0,0,0,0]}],[0],0,[0],[0],[0]],[[{"name":"coin_particle_00","rect":[1,1,156,158],"offset":[0,0],"originalSize":[156,158],"capInsets":[0,0,0,0]}],[0],0,[0],[0],[0]]]]