[1,["028XEoNIFCb5f2e8SLP9Gd","48G8pG1PVKbYDydCj/owIk","2e6zAUQl1GE6/c1pTb3JuV","b9qileI7hMv6YW97dkU4OE","97gi+ngwhGHI43dttVuDEL","80A2F4fnlOvKG2yU42zLRn","fcx4a+mtJA4oRFu7YMP4lO","8cKpMY7IBAwIlAIYZCCYxf","05xk4cZ+1Gh6jLIzXuGevN","54QO6m/oxOybfl6iK11hTD","6ale0VQfpLS7Q6UWh6kyuz","edOGKwE4lEu4amm4qqaQjg","e6wZjjqw1L/rTSN8oPc4X2"],["_textureSetter","g_ui_glow_00","g_ui_glow_01","g_ui_glow_02","g_ui_glow_03","g_ui_glow_04","g_ui_glow_05","g_ui_glow_06","g_ui_glow_07","g_ui_glow_08","g_ui_glow_09","g_ui_glow_10","g_ui_glow_11"],["cc.SpriteFrame",["cc.SpriteAtlas",["_name","_spriteFrames"],2,11]],[[1,0,1,2]],[[[{"name":"g_ui_glow_07","rect":[251,857,248,396],"offset":[0,0],"originalSize":[248,396],"capInsets":[0,0,0,0]}],[0],0,[0],[0],[0]],[[{"name":"g_ui_glow_01","rect":[1,1755,248,118],"offset":[0,0],"originalSize":[248,120],"capInsets":[0,0,0,0]}],[0],0,[0],[0],[0]],[[{"name":"g_ui_glow_00","rect":[251,1787,244,54],"offset":[0,0],"originalSize":[246,54],"capInsets":[0,0,0,0]}],[0],0,[0],[0],[0]],[[{"name":"g_ui_glow_08","rect":[251,439,248,416],"offset":[0,0],"originalSize":[248,416],"capInsets":[0,0,0,0]}],[0],0,[0],[0],[0]],[[{"name":"g_ui_glow_09","rect":[1,439,248,428],"offset":[0,0],"originalSize":[248,428],"capInsets":[0,0,0,0]}],[0],0,[0],[0],[0]],[[[0,"g_ui_glow.plist",[{},"g_ui_glow_00",6,0,"g_ui_glow_01",6,1,"g_ui_glow_02",6,2,"g_ui_glow_03",6,3,"g_ui_glow_04",6,4,"g_ui_glow_05",6,5,"g_ui_glow_06",6,6,"g_ui_glow_07",6,7,"g_ui_glow_08",6,8,"g_ui_glow_09",6,9,"g_ui_glow_10",6,10,"g_ui_glow_11",6,11]]],0,0,[0,0,0,0,0,0,0,0,0,0,0,0],[1,2,3,4,5,6,7,8,9,10,11,12],[1,2,3,4,5,6,7,8,9,10,11,12]],[[{"name":"g_ui_glow_04","rect":[251,1255,248,290],"offset":[0,0],"originalSize":[248,292],"capInsets":[0,0,0,0]}],[0],0,[0],[0],[0]],[[{"name":"g_ui_glow_06","rect":[1,869,248,368],"offset":[0,-1],"originalSize":[248,370],"capInsets":[0,0,0,0]}],[0],0,[0],[0],[0]],[[{"name":"g_ui_glow_03","rect":[251,1547,248,238],"offset":[0,0],"originalSize":[248,240],"capInsets":[0,0,0,0]}],[0],0,[0],[0],[0]],[[{"name":"g_ui_glow_02","rect":[1,1575,248,178],"offset":[0,-1],"originalSize":[248,182],"capInsets":[0,0,0,0]}],[0],0,[0],[0],[0]],[[{"name":"g_ui_glow_11","rect":[251,1,248,436],"offset":[0,0],"originalSize":[248,436],"capInsets":[0,0,0,0]}],[0],0,[0],[0],[0]],[[{"name":"g_ui_glow_10","rect":[1,1,248,436],"offset":[0,0],"originalSize":[248,436],"capInsets":[0,0,0,0]}],[0],0,[0],[0],[0]],[[{"name":"g_ui_glow_05","rect":[1,1239,248,334],"offset":[0,-1],"originalSize":[248,336],"capInsets":[0,0,0,0]}],[0],0,[0],[0],[0]]]]