[1,["c2A9dUHyZHJI7MQULtYmyP","e90je1u91Gwra6gfi+2PJw","07joA1rWtAhqaDHL7eGahG","6cOq5Mk85P14mKdgFZmwkH","c7b0JsNqtMHLtydfzerUgY","b5ABNcOYZN9L8jw3Lw+dtc","20qmtx1TZFxI2YMBIuWYcl"],["_textureSetter","tw_coin_00","tw_coin_01","tw_coin_02","tw_coin_03","tw_coin_04","tw_coin_05"],["cc.SpriteFrame",["cc.SpriteAtlas",["_name","_spriteFrames"],2,11]],[[1,0,1,2]],[[[{"name":"tw_coin_01","rect":[1,63,56,58],"offset":[-1,0],"originalSize":[114,116],"rotated":1,"capInsets":[0,0,0,0]}],[0],0,[0],[0],[0]],[[{"name":"tw_coin_05","rect":[1,1,60,58],"offset":[-1,1],"originalSize":[120,118],"rotated":1,"capInsets":[0,0,0,0]}],[0],0,[0],[0],[0]],[[{"name":"tw_coin_02","rect":[61,61,46,58],"offset":[-1,1],"originalSize":[94,118],"capInsets":[0,0,0,0]}],[0],0,[0],[0],[0]],[[[0,"tw_coin.plist",[{},"tw_coin_00",6,0,"tw_coin_01",6,1,"tw_coin_02",6,2,"tw_coin_03",6,3,"tw_coin_04",6,4,"tw_coin_05",6,5]]],0,0,[0,0,0,0,0,0],[1,2,3,4,5,6],[1,2,3,4,5,6]],[[{"name":"tw_coin_04","rect":[109,61,52,56],"offset":[0,0],"originalSize":[104,112],"capInsets":[0,0,0,0]}],[0],0,[0],[0],[0]],[[{"name":"tw_coin_03","rect":[121,1,40,56],"offset":[0,0],"originalSize":[80,112],"capInsets":[0,0,0,0]}],[0],0,[0],[0],[0]],[[{"name":"tw_coin_00","rect":[61,1,58,58],"offset":[0,0],"originalSize":[116,116],"capInsets":[0,0,0,0]}],[0],0,[0],[0],[0]]]]