[
  1,
  [
    "523NtPsN5GlrCgr5boOBfS"
  ],
  [
    "_textureSetter"
  ],
  [
    "cc.SpriteFrame"
  ],
  0,
  [
    [
      [
        {
          "name": "tai",
          "rect": [
            664,
            1939,
            132,
            89
          ],
          "offset": [
            0,
            0
          ],
          "originalSize": [
            132,
            89
          ],
          "capInsets": [
            0,
            0,
            0,
            0
          ]
        }
      ],
      [
        0
      ],
      0,
      [
        0
      ],
      [
        0
      ],
      [
        0
      ]
    ],
    [
      [
        {
          "name": "xiu",
          "rect": [
            416,
            1400,
            156,
            97
          ],
          "offset": [
            0,
            0
          ],
          "originalSize": [
            156,
            97
          ],
          "capInsets": [
            0,
            0,
            0,
            0
          ]
        }
      ],
      [
        0
      ],
      0,
      [
        0
      ],
      [
        0
      ],
      [
        0
      ]
    ]
  ]
]