[1,["c4phXIVq5DaJL5/nmaRMRx","55N2sew01A0KrJe65neMfZ","37/cFiNqZJ/LolqL0pUhgx","7eeCqSd/NE7a4XqTBXf0aY","71nEJVUlZOTauBS0y7dOZ3","87Q29fnyhFgIqHigWFte8k","703TvubspG8oHCbJkmTqhC","32RQlyortEX7RgIoX6sK0m","28L4224xtFWpuBBbD0DOwt","00zpT8UjtK+KkM2xsYqVXY","58fU17CchCBaWX9lYfkczD","2fX89QmGBBgKDe3TTrSNLC","59nF6G2fRESJlm+ePNvQUm","de2EDRPfFHFpaXyhVsLlfw","c1HtMhZwNBWomH9bzraN+R","a3uS60k0dI35tOq4b0/UwZ","c6VX9se2NAgZ+7FiJ0Ne/k","b6LgqUEvRH4LQTKfNffe6L","2b6iQ8Bb1IcpGzIjPHvFaK","ddTkF1y81Pz7XKVKjNYNCQ","c4AK4i6YVNcoEvfAKxswSy","8fTA/jR39HM475nI3A/RT3","4ae5IuAfJP/a1VmzSIyoNO","85nMBYB8pNJLuckaQRELdi","19Db8zqMZFsou0NlX86U7z","0cNDzF13VKQIg681x97PCv","bfg2yGPr1Labl+0uwYw1LC","3b+zJMhnxFvJkfWCocajWv","cdoTbTmW5Ks4lhdA6IUwo1","86dndgbGxMD5OWvfzWgok3","6emMpRPlhLdobJo+XG5hmQ","70DE98JZ5MY4RyWajnmVhc"],["_textureSetter","center_autoplay","auto_arrow","auto_shadow","ic_soundoff","ic_soundon","ic_chip","ic_wallet_new","ic_coupon","ic_wallet_open","ic_spin","setting_info_footer_bg","ic_rollover","ic_free_game","center_turbo_off","center_turbo_on","turbo_shadow","ic_toast_turbo_off","ic_soundoff_off","btn_turbo_bg","ic_toast_turbo_on","bg_tooltip_arrow","bg_tooltip_box","bg_round_border","ic_close","btn_menu","bg_round_solid","ic_exit","ic_paytable","btn_minus","ic_rule","btn_add"],["cc.SpriteFrame",["cc.SpriteAtlas",["_name","_spriteFrames"],2,11]],[[1,0,1,2]],[[[[0,"Alats9.plist",[{},"center_autoplay",6,0,"auto_arrow",6,1,"auto_shadow",6,2,"ic_soundoff",6,3,"ic_soundon",6,4,"ic_chip",6,5,"ic_wallet_new",6,6,"ic_coupon",6,7,"ic_wallet_open",6,8,"ic_spin",6,9,"setting_info_footer_bg",6,10,"ic_rollover",6,11,"ic_free_game",6,12,"center_turbo_off",6,13,"center_turbo_on",6,14,"turbo_shadow",6,15,"ic_toast_turbo_off",6,16,"ic_soundoff_off",6,17,"btn_turbo_bg",6,18,"ic_toast_turbo_on",6,19,"bg_tooltip_arrow",6,20,"bg_tooltip_box",6,21,"bg_round_border",6,22,"ic_close",6,23,"btn_menu",6,24,"bg_round_solid",6,25,"ic_exit",6,26,"ic_paytable",6,27,"btn_minus",6,28,"ic_rule",6,29,"btn_add",6,30]]],0,0,[0,0,0,0,0,0,0,0,0,0,0,0,0,0,0,0,0,0,0,0,0,0,0,0,0,0,0,0,0,0,0],[1,2,3,4,5,6,7,8,9,10,11,12,13,14,15,16,17,18,19,20,21,22,23,24,25,26,27,28,29,30,31],[1,2,3,4,5,6,7,8,9,10,11,12,13,14,15,16,17,18,19,20,21,22,23,24,25,26,27,28,29,30,31]],[[{"name":"ic_soundoff_off","rect":[93,493,24,24],"offset":[0,0],"originalSize":[24,24],"capInsets":[0,0,0,0]}],[0],0,[0],[0],[0]],[[{"name":"setting_info_footer_bg","rect":[111,123,3,305],"offset":[0,0],"originalSize":[3,305],"capInsets":[0,0,0,0]}],[0],0,[0],[0],[0]],[[{"name":"ic_wallet_new","rect":[93,468,28,23],"offset":[0,0],"originalSize":[28,23],"capInsets":[0,0,0,0]}],[0],0,[0],[0],[0]],[[{"name":"auto_arrow","rect":[1,1219,66,63],"offset":[0,0],"originalSize":[66,63],"capInsets":[0,0,0,0]}],[0],0,[0],[0],[0]],[[{"name":"center_autoplay","rect":[93,430,30,36],"offset":[2,0],"originalSize":[90,90],"capInsets":[0,0,0,0]}],[0],0,[0],[0],[0]],[[{"name":"ic_rollover","rect":[1,1484,48,48],"offset":[0,0],"originalSize":[60,60],"capInsets":[0,0,0,0]}],[0],0,[0],[0],[0]],[[{"name":"bg_round_border","rect":[1,1346,60,60],"offset":[0,0],"originalSize":[60,60],"capInsets":[0,0,0,0]}],[0],0,[0],[0],[0]],[[{"name":"bg_tooltip_arrow","rect":[1,1458,50,24],"offset":[0,0],"originalSize":[120,24],"capInsets":[0,0,0,0]}],[0],0,[0],[0],[0]],[[{"name":"bg_round_solid","rect":[63,1377,60,60],"offset":[0,0],"originalSize":[60,60],"capInsets":[0,0,0,0]}],[0],0,[0],[0],[0]],[[{"name":"center_turbo_off","rect":[83,799,40,44],"offset":[-1,0],"originalSize":[90,90],"capInsets":[0,0,0,0]}],[0],0,[0],[0],[0]],[[{"name":"turbo_shadow","rect":[77,1093,48,66],"offset":[0,0],"originalSize":[70,70],"capInsets":[0,0,0,0]}],[0],0,[0],[0],[0]],[[{"name":"ic_paytable","rect":[1,839,80,80],"offset":[0,0],"originalSize":[108,108],"capInsets":[0,0,0,0]}],[0],0,[0],[0],[0]],[[{"name":"btn_turbo_bg","rect":[1,343,90,90],"offset":[0,0],"originalSize":[90,90],"capInsets":[0,0,0,0]}],[0],0,[0],[0],[0]],[[{"name":"ic_free_game","rect":[81,1049,44,42],"offset":[0,2],"originalSize":[60,60],"capInsets":[0,0,0,0]}],[0],0,[0],[0],[0]]]]