[1,["ecpdLyjvZBwrvm+cedCcQy","6eVSpV1xNGvLqLRHS9Ku9T","f8u//kYTxMzJxFF/IZ8ZDN","76Dhp0OVtMCJ0cW0riAX4p","a2MjXRFdtLlYQ5ouAFv/+R","27TVCVUG9MJ6vwv3VuE67B","bcTtq5eyFCkbQodTyqAxb2","d7yoUF+6VJxY5lWCrfszjr","499HhBE+5N04PAzJFdabS2","c0LpDbXOpFCY5EmX39Y+up"],["node","_spriteFrame","_textureSetter","root","parentCoint","coinItem","data","_N$file","_defaultClip"],[["cc.Node",["_name","_active","_opacity","_prefab","_components","_parent","_contentSize","_trs","_children","_color"],0,4,9,1,5,7,2,5],"cc.SpriteFrame",["cc.Animation",["playOnLoad","node","_clips","_defaultClip"],2,1,3,6],["cc.PrefabInfo",["fileId","root"],2,1],["cc.Sprite",["_sizeMode","node","_materials","_spriteFrame"],2,1,3,6],["cc.AnimationClip",["_name","_duration","curveData"],1,11],["cc.Prefab",["_name"],2],["260dctt6kNNOLKdFludBypg",["node","coinItem","parentCoint"],3,1,1,1],["cc.Label",["_string","_fontSize","_isSystemFontUsed","_N$horizontalAlign","node","_materials","_N$file"],-1,1,3,6],["51285Z3WLtLkq3nj7qtpTPH",["time","node"],2,1]],[[3,0,1,2],[0,0,5,4,3,6,7,2],[4,1,2,3,1],[4,0,1,2,3,2],[5,0,1,2,3],[6,0,2],[0,0,8,4,3,2],[0,0,1,5,4,3,6,7,3],[0,0,5,8,4,3,6,7,2],[0,0,2,5,4,3,9,6,3],[0,0,5,3,2],[7,0,1,2,1],[2,0,1,2,3,2],[2,1,2,1],[3,1,1],[8,0,1,2,3,4,5,6,5],[9,0,1,2]],[[[{"name":"Untitled-1","rect":[0,0,381,201],"offset":[0,0],"originalSize":[381,201],"capInsets":[0,0,0,0]}],[1],0,[0],[2],[2]],[[[4,"NoHu",5.883333333333334,[{},"paths",11,[{},"Layer 2",11,[{},"props",11,[{},"scale",12,[[[{"frame":0},"value",8,[0,0,0]],[{"frame":0.4},"value",8,[0,1.7,1.7]],[{"frame":0.5166666666666667},"value",8,[0,1.4,1.4]],[{"frame":0.6166666666666667},"value",8,[0,1.5,1.5]]],11,11,11,11]]],"Layer 2/lbMoney",11,[{},"props",11,[{},"scale",12,[[[{"frame":0},"value",8,[0,0.66667,0.66667]],[{"frame":5.016666666666667},"value",8,[0,0.66667,0.66667]],[{"frame":5.45},"value",8,[0,0.95,0.95]],[{"frame":5.883333333333334},"value",8,[0,0.66667,0.66667]]],11,11,11,11]]]]]]],0,0,[],[],[]],[[{"name":"Layer 2","rect":[0,0,261,89],"offset":[0,0],"originalSize":[261,89],"capInsets":[0,0,0,0]}],[1],0,[0],[2],[3]],[[[5,"TakeJp"],[6,"TakeJp",[-6,-7,-8,-9],[[11,-4,-3,-2],[12,true,-5,[12],11]],[14,-1]],[7,"Coin",false,1,[[2,-10,[2],3],[13,-11,[4]]],[0,"95lQyRti5KkaOXDnUMg412",1],[5,102,109],[-498.343,236.327,0,0,0,0,1,0.5,0.5,1]],[8,"Layer 2",1,[-13,-14],[[3,0,-12,[9],10]],[0,"31JZDzNFNO25H+gflvc8pa",1],[5,339.3,89],[0,-67.059,0,0,0,0,1,1.5,1.5,1.3]],[1,"lbMoney",3,[[15,"200.000.000",30,false,1,-15,[5],6],[16,5,-16]],[0,"eeUSz0IwNLr4f+dJXKhBaw",1],[5,295.31,40],[0,-4.68467,0,0,0,0,1,0.66667,0.66667,0.66667]],[9,"sprite_splash",200,1,[[3,0,-17,[0],1]],[0,"68QEp5liVAy5j9ojGck1IO",1],[4,4278190080],[5,5000,5000]],[10,"ParentCoin",1,[0,"3e0aXZwsVMIqD8JmcCqizq",1]],[1,"Untitled-1",3,[[2,-18,[7],8]],[0,"f14v1/dV9MlJBbuevONzpB",1],[5,381,201],[0,114.94733,0,0,0,0,1,0.66667,0.66667,0.66667]]],0,[0,3,1,0,4,6,0,5,2,0,0,1,0,0,1,0,-1,5,0,-2,2,0,-3,6,0,-4,3,0,0,2,0,0,2,0,0,3,0,-1,4,0,-2,7,0,0,4,0,0,4,0,0,5,0,0,7,0,6,1,18],[0,0,0,0,0,0,0,0,0,0,0,0,0],[-1,1,-1,1,-1,-1,7,-1,1,-1,1,8,-1],[0,4,0,5,6,0,7,0,8,0,9,1,1]]]]