[1,["0a9Y2SF39PbqJeaQd2FVPc"],["_textureSetter"],["cc.SpriteFrame"],0,[[[{"name":"infoboard_lv02_vfx_f_add_03","rect":[1,237,484,78],"offset":[0,-4],"originalSize":[506,86],"capInsets":[0,0,0,0]}],[0],0,[0],[0],[0]],[[{"name":"infoboard_lv02_vfx_f_add_00","rect":[1,77,168,78],"offset":[0,-4],"originalSize":[506,86],"capInsets":[0,0,0,0]}],[0],0,[0],[0],[0]],[[{"name":"infoboard_lv02_vfx_f_add_02","rect":[1,157,374,78],"offset":[0,-4],"originalSize":[506,86],"capInsets":[0,0,0,0]}],[0],0,[0],[0],[0]],[[{"name":"infoboard_lv02_vfx_f_add_01","rect":[171,77,264,78],"offset":[0,-4],"originalSize":[506,86],"capInsets":[0,0,0,0]}],[0],0,[0],[0],[0]],[[{"name":"infoboard_lv02_vfx_f_add_04","rect":[1,317,506,78],"offset":[0,-4],"originalSize":[506,86],"capInsets":[0,0,0,0]}],[0],0,[0],[0],[0]],[[{"name":"infoboard_lv02_vfx_f_add_06","rect":[1,1,506,74],"offset":[0,-6],"originalSize":[506,86],"capInsets":[0,0,0,0]}],[0],0,[0],[0],[0]],[[{"name":"infoboard_lv02_vfx_f_add_05","rect":[1,397,506,78],"offset":[0,-4],"originalSize":[506,86],"capInsets":[0,0,0,0]}],[0],0,[0],[0],[0]]]]