[1,["e2y8hRchZNtqqf3+PR9q4N","e8+AFyrWBKu6U7R1636r57","1dTPXIwrBPzYvrqVu2xjpq","3fx+i+NAxJP6Z0di6nFfZ1","c7QmautRNKp45k2huEN2tl"],["_textureSetter","win_glow_b","win_glow_c","win_flare_a","win_flare_b"],["cc.SpriteFrame",["cc.SpriteAtlas",["_name","_spriteFrames"],2,11]],[[1,0,1,2]],[[[{"name":"win_glow_c","rect":[1,153,64,238],"offset":[0,0],"originalSize":[64,238],"rotated":1,"capInsets":[0,0,0,0]}],[0],0,[0],[0],[0]],[[{"name":"win_flare_a","rect":[241,108,99,99],"offset":[0,0],"originalSize":[99,99],"capInsets":[0,0,0,0]}],[0],0,[0],[0],[0]],[[[0,"Alats36.plist",[{},"win_glow_b",6,0,"win_glow_c",6,1,"win_flare_a",6,2,"win_flare_b",6,3]]],0,0,[0,0,0,0],[1,2,3,4],[1,2,3,4]],[[{"name":"win_flare_b","rect":[1,1,150,150],"offset":[0,0],"originalSize":[150,150],"capInsets":[0,0,0,0]}],[0],0,[0],[0],[0]],[[{"name":"win_glow_b","rect":[153,1,103,105],"offset":[0,0],"originalSize":[103,105],"capInsets":[0,0,0,0]}],[0],0,[0],[0],[0]]]]