[1,["7fWARLsjdDi5W1/LWDGD7P","6fpjeSRMhMY7w+abPvKj+5","fc6x+MvE5IfYcymD4MuKm5","47k8vL+vNHqoBjVI2HzOHG"],["_textureSetter","collect_pressed","total_win","collect"],["cc.SpriteFrame",["cc.SpriteAtlas",["_name","_spriteFrames"],2,11]],[[1,0,1,2]],[[[[0,"Alats62.plist",[{},"collect_pressed",6,0,"total_win",6,1,"collect",6,2]]],0,0,[0,0,0],[1,2,3],[1,2,3]],[[{"name":"collect","rect":[689,1,266,70],"offset":[0,0],"originalSize":[266,70],"capInsets":[0,0,0,0]}],[0],0,[0],[0],[0]],[[{"name":"collect_pressed","rect":[689,73,259,65],"offset":[0,0],"originalSize":[259,65],"capInsets":[0,0,0,0]}],[0],0,[0],[0],[0]],[[{"name":"total_win","rect":[1,1,686,205],"offset":[0,0],"originalSize":[686,205],"capInsets":[0,0,0,0]}],[0],0,[0],[0],[0]]]]