[1,["5dZ27tzZtP8rxt6aVN1dn1"],["_textureSetter"],["cc.SpriteFrame"],0,[[[{"name":"dragon_normal_mode_13","rect":[147,1,138,327],"offset":[-5,42],"originalSize":[270,585],"capInsets":[0,0,0,0]}],[0],0,[0],[0],[0]],[[{"name":"dragon_normal_mode_17","rect":[537,1,118,327],"offset":[-11,43],"originalSize":[270,585],"capInsets":[0,0,0,0]}],[0],0,[0],[0],[0]],[[{"name":"dragon_normal_mode_22","rect":[229,330,68,265],"offset":[1,73],"originalSize":[270,585],"capInsets":[0,0,0,0]}],[0],0,[0],[0],[0]],[[{"name":"dragon_normal_mode_25","rect":[229,597,28,55],"offset":[10,178],"originalSize":[270,585],"capInsets":[0,0,0,0]}],[0],0,[0],[0],[0]],[[{"name":"dragon_normal_mode_20","rect":[865,1,82,327],"offset":[-3,43],"originalSize":[270,585],"capInsets":[0,0,0,0]}],[0],0,[0],[0],[0]],[[{"name":"dragon_normal_mode_14","rect":[629,330,112,327],"offset":[9,43],"originalSize":[270,585],"rotated":1,"capInsets":[0,0,0,0]}],[0],0,[0],[0],[0]],[[{"name":"dragon_normal_mode_07","rect":[495,330,132,203],"offset":[-2,-19],"originalSize":[270,585],"capInsets":[0,0,0,0]}],[0],0,[0],[0],[0]],[[{"name":"dragon_normal_mode_12","rect":[417,1,118,327],"offset":[0,43],"originalSize":[270,585],"capInsets":[0,0,0,0]}],[0],0,[0],[0],[0]],[[{"name":"dragon_normal_mode_11","rect":[287,1,128,327],"offset":[4,43],"originalSize":[270,585],"capInsets":[0,0,0,0]}],[0],0,[0],[0],[0]],[[{"name":"dragon_normal_mode_15","rect":[467,553,100,327],"offset":[7,43],"originalSize":[270,585],"rotated":1,"capInsets":[0,0,0,0]}],[0],0,[0],[0],[0]],[[{"name":"dragon_normal_mode_06","rect":[796,518,96,93],"offset":[-21,-74],"originalSize":[270,585],"rotated":1,"capInsets":[0,0,0,0]}],[0],0,[0],[0],[0]],[[{"name":"dragon_normal_mode_24","rect":[300,589,64,165],"offset":[-8,123],"originalSize":[270,585],"rotated":1,"capInsets":[0,0,0,0]}],[0],0,[0],[0],[0]],[[{"name":"dragon_normal_mode_19","rect":[629,444,72,327],"offset":[-5,43],"originalSize":[270,585],"rotated":1,"capInsets":[0,0,0,0]}],[0],0,[0],[0],[0]],[[{"name":"dragon_normal_mode_05","rect":[891,518,78,59],"offset":[-21,-91],"originalSize":[270,585],"rotated":1,"capInsets":[0,0,0,0]}],[0],0,[0],[0],[0]],[[{"name":"dragon_normal_mode_10","rect":[1,1,144,327],"offset":[-1,43],"originalSize":[270,585],"capInsets":[0,0,0,0]}],[0],0,[0],[0],[0]],[[{"name":"dragon_normal_mode_23","rect":[431,330,62,221],"offset":[-11,95],"originalSize":[270,585],"capInsets":[0,0,0,0]}],[0],0,[0],[0],[0]],[[{"name":"dragon_normal_mode_21","rect":[1,330,86,323],"offset":[1,45],"originalSize":[270,585],"capInsets":[0,0,0,0]}],[0],0,[0],[0],[0]],[[{"name":"dragon_normal_mode_16","rect":[657,1,106,327],"offset":[1,43],"originalSize":[270,585],"capInsets":[0,0,0,0]}],[0],0,[0],[0],[0]],[[{"name":"dragon_normal_mode_08","rect":[299,330,130,257],"offset":[9,8],"originalSize":[270,585],"capInsets":[0,0,0,0]}],[0],0,[0],[0],[0]],[[{"name":"dragon_normal_mode_18","rect":[765,1,98,327],"offset":[-10,43],"originalSize":[270,585],"capInsets":[0,0,0,0]}],[0],0,[0],[0],[0]],[[{"name":"dragon_normal_mode_09","rect":[89,330,138,311],"offset":[5,35],"originalSize":[270,585],"capInsets":[0,0,0,0]}],[0],0,[0],[0],[0]],[[{"name":"dragon_normal_mode_04","rect":[259,597,54,39],"offset":[-22,-101],"originalSize":[270,585],"rotated":1,"capInsets":[0,0,0,0]}],[0],0,[0],[0],[0]]]]