[1,["d03Cw/5fpP2Z3g2NcUvccF"],["_textureSetter"],["cc.SpriteFrame"],0,[[[{"name":"ps_coin_01","rect":[196,389,57,50],"offset":[9,10],"originalSize":[133,120],"capInsets":[0,0,0,0]}],[0],0,[0],[0],[0]],[[{"name":"ps_coin_00","rect":[196,441,33,32],"offset":[10,9],"originalSize":[87,82],"rotated":1,"capInsets":[0,0,0,0]}],[0],0,[0],[0],[0]],[[{"name":"ps_coin_06","rect":[1,263,125,122],"offset":[5,1],"originalSize":[261,246],"capInsets":[0,0,0,0]}],[0],0,[0],[0],[0]],[[{"name":"ps_coin_03","rect":[108,389,91,86],"offset":[9,7],"originalSize":[201,186],"rotated":1,"capInsets":[0,0,0,0]}],[0],0,[0],[0],[0]],[[{"name":"ps_coin_08","rect":[1,1,131,136],"offset":[1,-3],"originalSize":[265,278],"rotated":1,"capInsets":[0,0,0,0]}],[0],0,[0],[0],[0]],[[{"name":"ps_coin_07","rect":[1,134,127,130],"offset":[3,-1],"originalSize":[261,262],"rotated":1,"capInsets":[0,0,0,0]}],[0],0,[0],[0],[0]],[[{"name":"ps_coin_12","rect":[1,535,133,28],"offset":[3,21],"originalSize":[273,98],"capInsets":[0,0,0,0]}],[0],0,[0],[0],[0]],[[{"name":"ps_coin_13","rect":[133,134,3,3],"offset":[-76,76.5],"originalSize":[155,156],"capInsets":[0,0,0,0]}],[0],0,[0],[0],[0]],[[{"name":"ps_coin_05","rect":[128,275,117,112],"offset":[6,3],"originalSize":[247,230],"capInsets":[0,0,0,0]}],[0],0,[0],[0],[0]],[[{"name":"ps_coin_10","rect":[139,1,137,116],"offset":[1,2],"originalSize":[277,236],"rotated":1,"capInsets":[0,0,0,0]}],[0],0,[0],[0],[0]],[[{"name":"ps_coin_11","rect":[1,489,137,44],"offset":[1,15],"originalSize":[277,118],"capInsets":[0,0,0,0]}],[0],0,[0],[0],[0]],[[{"name":"ps_coin_09","rect":[133,140,133,118],"offset":[2,6],"originalSize":[271,248],"rotated":1,"capInsets":[0,0,0,0]}],[0],0,[0],[0],[0]],[[{"name":"ps_coin_02","rect":[140,482,77,68],"offset":[8,9],"originalSize":[171,154],"rotated":1,"capInsets":[0,0,0,0]}],[0],0,[0],[0],[0]],[[{"name":"ps_coin_04","rect":[1,387,105,100],"offset":[7,5],"originalSize":[225,210],"capInsets":[0,0,0,0]}],[0],0,[0],[0],[0]]]]