[1,["011EIbmlhPvoPB8Ee9y/pV","c1JZFI7LBBu7EE03ePCsjR","1fnRojVFBO9IjRC1x2BAz9","ecJ3yqVx9MAJZUA0mD/wD8","b3Q8bWTQlJWKtkgxNGdvyT","7chetDVSlCNa1L17AdjnHn","2duV839h9MKKcRtliUTkQ6","b2PCQmFEdKHaYA+nLFmKuL","7fKfI9k9lGDpkcUoT29hwD","85s1BXO1tHm537jgIycJFM","f7yYJC+iJFFoPPfgeH5BNk","aadgFNQiVLsZnF5Gawn+tD","cfLognha5LkrZUdA0B89nm","130kWS6oNHaoE8deyioc/x","986pFc+51I3I2eCyclyQZw","37I2F4dmtIbLow1GSxAv7c"],["_textureSetter","infoboard_vfx_d_spawn_00","infoboard_vfx_d_spawn_01","infoboard_vfx_d_spawn_02","infoboard_vfx_d_spawn_03","infoboard_vfx_d_spawn_04","infoboard_vfx_d_spawn_05","infoboard_vfx_d_spawn_06","infoboard_vfx_d_spawn_07","infoboard_vfx_d_spawn_08","infoboard_vfx_d_spawn_09","infoboard_vfx_d_spawn_10","infoboard_vfx_d_spawn_11","infoboard_vfx_d_spawn_12","infoboard_vfx_d_spawn_13","infoboard_vfx_d_spawn_14"],["cc.SpriteFrame",["cc.SpriteAtlas",["_name","_spriteFrames"],2,11]],[[1,0,1,2]],[[[{"name":"infoboard_vfx_d_spawn_12","rect":[649,1163,812,328],"offset":[0,0],"originalSize":[812,328],"rotated":1,"capInsets":[0,0,0,0]}],[0],0,[0],[0],[0]],[[{"name":"infoboard_vfx_d_spawn_01","rect":[1,305,832,214],"offset":[0,0],"originalSize":[832,214],"capInsets":[0,0,0,0]}],[0],0,[0],[0],[0]],[[{"name":"infoboard_vfx_d_spawn_05","rect":[1671,1,828,310],"offset":[0,0],"originalSize":[828,310],"rotated":1,"capInsets":[0,0,0,0]}],[0],0,[0],[0],[0]],[[{"name":"infoboard_vfx_d_spawn_14","rect":[1633,869,788,328],"offset":[0,0],"originalSize":[788,328],"rotated":1,"capInsets":[0,0,0,0]}],[0],0,[0],[0],[0]],[[{"name":"infoboard_vfx_d_spawn_04","rect":[1,1,834,302],"offset":[0,0],"originalSize":[834,302],"capInsets":[0,0,0,0]}],[0],0,[0],[0],[0]],[[{"name":"infoboard_vfx_d_spawn_07","rect":[1,1163,824,314],"offset":[0,0],"originalSize":[824,314],"rotated":1,"capInsets":[0,0,0,0]}],[0],0,[0],[0],[0]],[[{"name":"infoboard_vfx_d_spawn_08","rect":[831,549,828,318],"offset":[0,0],"originalSize":[828,318],"capInsets":[0,0,0,0]}],[0],0,[0],[0],[0]],[[{"name":"infoboard_vfx_d_spawn_13","rect":[979,1075,812,328],"offset":[0,0],"originalSize":[812,328],"rotated":1,"capInsets":[0,0,0,0]}],[0],0,[0],[0],[0]],[[{"name":"infoboard_vfx_d_spawn_10","rect":[1309,1075,808,322],"offset":[0,0],"originalSize":[808,322],"rotated":1,"capInsets":[0,0,0,0]}],[0],0,[0],[0],[0]],[[{"name":"infoboard_vfx_d_spawn_06","rect":[1,845,828,316],"offset":[0,0],"originalSize":[828,316],"capInsets":[0,0,0,0]}],[0],0,[0],[0],[0]],[[{"name":"infoboard_vfx_d_spawn_03","rect":[837,1,832,286],"offset":[0,0],"originalSize":[832,286],"capInsets":[0,0,0,0]}],[0],0,[0],[0],[0]],[[{"name":"infoboard_vfx_d_spawn_00","rect":[831,869,544,204],"offset":[0,0],"originalSize":[544,204],"capInsets":[0,0,0,0]}],[0],0,[0],[0],[0]],[[{"name":"infoboard_vfx_d_spawn_11","rect":[317,1163,820,330],"offset":[0,0],"originalSize":[820,330],"rotated":1,"capInsets":[0,0,0,0]}],[0],0,[0],[0],[0]],[[[0,"infoboard_vfx_d_spawn_1.plist",[{},"infoboard_vfx_d_spawn_00",6,0,"infoboard_vfx_d_spawn_01",6,1,"infoboard_vfx_d_spawn_02",6,2,"infoboard_vfx_d_spawn_03",6,3,"infoboard_vfx_d_spawn_04",6,4,"infoboard_vfx_d_spawn_05",6,5,"infoboard_vfx_d_spawn_06",6,6,"infoboard_vfx_d_spawn_07",6,7,"infoboard_vfx_d_spawn_08",6,8,"infoboard_vfx_d_spawn_09",6,9,"infoboard_vfx_d_spawn_10",6,10,"infoboard_vfx_d_spawn_11",6,11,"infoboard_vfx_d_spawn_12",6,12,"infoboard_vfx_d_spawn_13",6,13,"infoboard_vfx_d_spawn_14",6,14]]],0,0,[0,0,0,0,0,0,0,0,0,0,0,0,0,0,0],[1,2,3,4,5,6,7,8,9,10,11,12,13,14,15],[1,2,3,4,5,6,7,8,9,10,11,12,13,14,15]],[[{"name":"infoboard_vfx_d_spawn_02","rect":[837,289,832,258],"offset":[0,0],"originalSize":[832,258],"capInsets":[0,0,0,0]}],[0],0,[0],[0],[0]],[[{"name":"infoboard_vfx_d_spawn_09","rect":[1,521,828,322],"offset":[0,0],"originalSize":[828,322],"capInsets":[0,0,0,0]}],[0],0,[0],[0],[0]]]]