[1,["35Eqm4p0FH65rM6dBYXKhH"],["_textureSetter"],["cc.SpriteFrame"],0,[[[{"name":"info4","rect":[934,63,556,60],"offset":[0,0],"originalSize":[556,60],"capInsets":[0,0,0,0]}],[0],0,[0],[0],[0]],[[{"name":"totalwin_info","rect":[769,135,159,69],"offset":[0,0],"originalSize":[159,69],"capInsets":[0,0,0,0]}],[0],0,[0],[0],[0]],[[{"name":"info5","rect":[1046,1,787,60],"offset":[0,0],"originalSize":[787,60],"capInsets":[0,0,0,0]}],[0],0,[0],[0],[0]],[[{"name":"info8","rect":[1492,63,252,70],"offset":[0,0],"originalSize":[252,70],"capInsets":[0,0,0,0]}],[0],0,[0],[0],[0]],[[{"name":"remaining","rect":[934,125,487,171],"offset":[0,0],"originalSize":[487,171],"capInsets":[0,0,0,0]}],[0],0,[0],[0],[0]],[[{"name":"win_info","rect":[1746,63,127,52],"offset":[0,0],"originalSize":[127,52],"capInsets":[0,0,0,0]}],[0],0,[0],[0],[0]],[[{"name":"info2","rect":[1,1,1043,60],"offset":[0,0],"originalSize":[1043,60],"capInsets":[0,0,0,0]}],[0],0,[0],[0],[0]],[[{"name":"info6","rect":[1,135,766,70],"offset":[0,0],"originalSize":[766,70],"capInsets":[0,0,0,0]}],[0],0,[0],[0],[0]],[[{"name":"info3","rect":[1,207,404,52],"offset":[0,0],"originalSize":[404,52],"capInsets":[0,0,0,0]}],[0],0,[0],[0],[0]],[[{"name":"last","rect":[1423,135,482,162],"offset":[0,0],"originalSize":[482,162],"capInsets":[0,0,0,0]}],[0],0,[0],[0],[0]],[[{"name":"info7","rect":[407,207,353,50],"offset":[0,0],"originalSize":[353,50],"capInsets":[0,0,0,0]}],[0],0,[0],[0],[0]],[[{"name":"info1","rect":[1,63,931,70],"offset":[0,0],"originalSize":[931,70],"capInsets":[0,0,0,0]}],[0],0,[0],[0],[0]]]]