[
  1,
  [
    "189bd97f0",
    "1441f1835",
    "e0579g8xZPUqIoHEO3Axg6",
    "bbqxzgdndA5IifbT1CH830",
    "4ev27sKBJBI6s6l7bBZZQK",
    "c2XR9tlRZKRb6nw8ynvBhS",
    "0fn/XL2Z9JEbA7AqOJnbRH",
    "ed4heUiZ9CM46KP9T7HWWq",
    "f8TXrATNtLIJWakngOUxHw",
    "bfFe6GLU1JgoH9O7REkdHV",
    "e8OwKkY9dH7oUKV1DWNzKO",
    "80MZz52o1EooqT4WoXm+Mr",
    "49uza/jglLULD8wr8TynLS",
    "4bxoZCLelLfb3e+tz+OnyF",
    "8fb/kLKBxEtqRDgmCrejXx",
    "f3TX5H9zZFwIIUq/eksfxb",
    "9bYdvZb1dMYpVp6I5rfzEe",
    "8dBtiA86hPU4sf5OYIaB/o",
    "c2O53J6HJHr6VD74LbbVx6",
    "6fIFang2BJF6qfFBr8iuVo",
    "41htptyjRD8LcEvZCkETA7",
    "63GOSJeVJGf7paGklR6rpw",
    "97Tug/T9VGZo4bi4IwgBdi",
    "09FLDkwLVORpa54Ejq1mkf",
    "28B58u8jNG4Y78hrjjtWMC",
    "24h4eyZrFJAo85tkBceMNz"
  ],
  [
    "_textureSetter",
    "value"
  ],
  [
    "cc.SpriteFrame",
    [
      "cc.AnimationClip",
      [
        "_name",
        "_duration",
        "sample",
        "curveData"
      ],
      0,
      11
    ]
  ],
  [
    [
      1,
      0,
      1,
      2,
      3,
      4
    ]
  ],
  [
    [
      [
        {
          "name": "wh_vfx_c_add_21",
          "rect": [
            1,
            1,
            250,
            250
          ],
          "offset": [
            0,
            0
          ],
          "originalSize": [
            250,
            250
          ],
          "capInsets": [
            0,
            0,
            0,
            0
          ]
        }
      ],
      [
        0
      ],
      0,
      [
        0
      ],
      [
        0
      ],
      [
        0
      ]
    ],
    [
      [
        {
          "name": "wh_vfx_c_add_04",
          "rect": [
            1,
            253,
            250,
            250
          ],
          "offset": [
            0,
            0
          ],
          "originalSize": [
            250,
            250
          ],
          "capInsets": [
            0,
            0,
            0,
            0
          ]
        }
      ],
      [
        0
      ],
      0,
      [
        0
      ],
      [
        0
      ],
      [
        0
      ]
    ],
    [
      [
        [
          0,
          "BtnSpin",
          0.8,
          30,
          [
            {},
            "paths",
            11,
            [
              {},
              "sb_vfx_b_screen",
              11,
              [
                {},
                "props",
                11,
                [
                  {
                    "opacity": [
                      {
                        "frame": 0,
                        "value": 255
                      },
                      {
                        "frame": 0.13333333333333333,
                        "value": 255
                      },
                      {
                        "frame": 0.5,
                        "value": 0
                      }
                    ]
                  },
                  "scale",
                  12,
                  [
                    [
                      [
                        {
                          "frame": 0
                        },
                        "value",
                        8,
                        [
                          0,
                          0.5,
                          0.5
                        ]
                      ],
                      [
                        {
                          "frame": 0.5
                        },
                        "value",
                        8,
                        [
                          0,
                          3,
                          3
                        ]
                      ]
                    ],
                    11,
                    11
                  ]
                ]
              ],
              "wh_vfx_c_add_00",
              11,
              [
                {},
                "comps",
                11,
                [
                  {},
                  "cc.Sprite",
                  11,
                  [
                    {},
                    "spriteFrame",
                    12,
                    [
                      [
                        [
                          {
                            "frame": 0
                          },
                          "value",
                          6,
                          0
                        ],
                        [
                          {
                            "frame": 0.03333333333333333
                          },
                          "value",
                          6,
                          1
                        ],
                        [
                          {
                            "frame": 0.06666666666666667
                          },
                          "value",
                          6,
                          2
                        ],
                        [
                          {
                            "frame": 0.1
                          },
                          "value",
                          6,
                          3
                        ],
                        [
                          {
                            "frame": 0.13333333333333333
                          },
                          "value",
                          6,
                          4
                        ],
                        [
                          {
                            "frame": 0.16666666666666666
                          },
                          "value",
                          6,
                          5
                        ],
                        [
                          {
                            "frame": 0.2
                          },
                          "value",
                          6,
                          6
                        ],
                        [
                          {
                            "frame": 0.23333333333333334
                          },
                          "value",
                          6,
                          7
                        ],
                        [
                          {
                            "frame": 0.26666666666666666
                          },
                          "value",
                          6,
                          8
                        ],
                        [
                          {
                            "frame": 0.3
                          },
                          "value",
                          6,
                          9
                        ],
                        [
                          {
                            "frame": 0.3333333333333333
                          },
                          "value",
                          6,
                          10
                        ],
                        [
                          {
                            "frame": 0.36666666666666664
                          },
                          "value",
                          6,
                          11
                        ],
                        [
                          {
                            "frame": 0.4
                          },
                          "value",
                          6,
                          12
                        ],
                        [
                          {
                            "frame": 0.43333333333333335
                          },
                          "value",
                          6,
                          13
                        ],
                        [
                          {
                            "frame": 0.4666666666666667
                          },
                          "value",
                          6,
                          14
                        ],
                        [
                          {
                            "frame": 0.5
                          },
                          "value",
                          6,
                          15
                        ],
                        [
                          {
                            "frame": 0.5333333333333333
                          },
                          "value",
                          6,
                          16
                        ],
                        [
                          {
                            "frame": 0.5666666666666667
                          },
                          "value",
                          6,
                          17
                        ],
                        [
                          {
                            "frame": 0.6
                          },
                          "value",
                          6,
                          18
                        ],
                        [
                          {
                            "frame": 0.6333333333333333
                          },
                          "value",
                          6,
                          19
                        ],
                        [
                          {
                            "frame": 0.6666666666666666
                          },
                          "value",
                          6,
                          20
                        ],
                        [
                          {
                            "frame": 0.7
                          },
                          "value",
                          6,
                          21
                        ],
                        [
                          {
                            "frame": 0.7333333333333333
                          },
                          "value",
                          6,
                          22
                        ],
                        [
                          {
                            "frame": 0.7666666666666667
                          },
                          "value",
                          6,
                          23
                        ]
                      ],
                      11,
                      11,
                      11,
                      11,
                      11,
                      11,
                      11,
                      11,
                      11,
                      11,
                      11,
                      11,
                      11,
                      11,
                      11,
                      11,
                      11,
                      11,
                      11,
                      11,
                      11,
                      11,
                      11,
                      11
                    ]
                  ]
                ]
              ]
            ]
          ]
        ]
      ],
      0,
      0,
      [
        0,
        0,
        0,
        0,
        0,
        0,
        0,
        0,
        0,
        0,
        0,
        0,
        0,
        0,
        0,
        0,
        0,
        0,
        0,
        0,
        0,
        0,
        0,
        0
      ],
      [
        1,
        1,
        1,
        1,
        1,
        1,
        1,
        1,
        1,
        1,
        1,
        1,
        1,
        1,
        1,
        1,
        1,
        1,
        1,
        1,
        1,
        1,
        1,
        1
      ],
      [
        2,
        3,
        4,
        5,
        6,
        7,
        8,
        9,
        10,
        11,
        12,
        13,
        14,
        15,
        16,
        17,
        18,
        19,
        20,
        21,
        22,
        23,
        24,
        25
      ]
    ],
    [
      [
        {
          "name": "wh_vfx_c_add_23",
          "rect": [
            1,
            505,
            250,
            250
          ],
          "offset": [
            0,
            0
          ],
          "originalSize": [
            250,
            250
          ],
          "capInsets": [
            0,
            0,
            0,
            0
          ]
        }
      ],
      [
        0
      ],
      0,
      [
        0
      ],
      [
        0
      ],
      [
        0
      ]
    ],
    [
      [
        {
          "name": "wh_vfx_c_add_22",
          "rect": [
            1,
            757,
            250,
            250
          ],
          "offset": [
            0,
            0
          ],
          "originalSize": [
            250,
            250
          ],
          "capInsets": [
            0,
            0,
            0,
            0
          ]
        }
      ],
      [
        0
      ],
      0,
      [
        0
      ],
      [
        0
      ],
      [
        0
      ]
    ],
    [
      [
        {
          "name": "wh_vfx_c_add_18",
          "rect": [
            253,
            1,
            250,
            250
          ],
          "offset": [
            0,
            0
          ],
          "originalSize": [
            250,
            250
          ],
          "capInsets": [
            0,
            0,
            0,
            0
          ]
        }
      ],
      [
        0
      ],
      0,
      [
        0
      ],
      [
        0
      ],
      [
        0
      ]
    ],
    [
      [
        {
          "name": "wh_vfx_c_add_10",
          "rect": [
            505,
            1,
            250,
            250
          ],
          "offset": [
            0,
            0
          ],
          "originalSize": [
            250,
            250
          ],
          "capInsets": [
            0,
            0,
            0,
            0
          ]
        }
      ],
      [
        0
      ],
      0,
      [
        0
      ],
      [
        0
      ],
      [
        0
      ]
    ],
    [
      [
        {
          "name": "wh_vfx_c_add_11",
          "rect": [
            757,
            1,
            250,
            250
          ],
          "offset": [
            0,
            0
          ],
          "originalSize": [
            250,
            250
          ],
          "capInsets": [
            0,
            0,
            0,
            0
          ]
        }
      ],
      [
        0
      ],
      0,
      [
        0
      ],
      [
        0
      ],
      [
        0
      ]
    ],
    [
      [
        {
          "name": "wh_vfx_c_add_02",
          "rect": [
            253,
            253,
            250,
            250
          ],
          "offset": [
            0,
            0
          ],
          "originalSize": [
            250,
            250
          ],
          "capInsets": [
            0,
            0,
            0,
            0
          ]
        }
      ],
      [
        0
      ],
      0,
      [
        0
      ],
      [
        0
      ],
      [
        0
      ]
    ],
    [
      [
        {
          "name": "wh_vfx_c_add_19",
          "rect": [
            253,
            505,
            250,
            250
          ],
          "offset": [
            0,
            0
          ],
          "originalSize": [
            250,
            250
          ],
          "capInsets": [
            0,
            0,
            0,
            0
          ]
        }
      ],
      [
        0
      ],
      0,
      [
        0
      ],
      [
        0
      ],
      [
        0
      ]
    ],
    [
      [
        {
          "name": "wh_vfx_c_add_17",
          "rect": [
            253,
            757,
            250,
            250
          ],
          "offset": [
            0,
            0
          ],
          "originalSize": [
            250,
            250
          ],
          "capInsets": [
            0,
            0,
            0,
            0
          ]
        }
      ],
      [
        0
      ],
      0,
      [
        0
      ],
      [
        0
      ],
      [
        0
      ]
    ],
    [
      [
        {
          "name": "wh_vfx_c_add_09",
          "rect": [
            505,
            253,
            250,
            250
          ],
          "offset": [
            0,
            0
          ],
          "originalSize": [
            250,
            250
          ],
          "capInsets": [
            0,
            0,
            0,
            0
          ]
        }
      ],
      [
        0
      ],
      0,
      [
        0
      ],
      [
        0
      ],
      [
        0
      ]
    ],
    [
      [
        {
          "name": "wh_vfx_c_add_15",
          "rect": [
            757,
            253,
            250,
            250
          ],
          "offset": [
            0,
            0
          ],
          "originalSize": [
            250,
            250
          ],
          "capInsets": [
            0,
            0,
            0,
            0
          ]
        }
      ],
      [
        0
      ],
      0,
      [
        0
      ],
      [
        0
      ],
      [
        0
      ]
    ],
    [
      [
        {
          "name": "wh_vfx_c_add_12",
          "rect": [
            505,
            505,
            250,
            250
          ],
          "offset": [
            0,
            0
          ],
          "originalSize": [
            250,
            250
          ],
          "capInsets": [
            0,
            0,
            0,
            0
          ]
        }
      ],
      [
        0
      ],
      0,
      [
        0
      ],
      [
        0
      ],
      [
        0
      ]
    ],
    [
      [
        {
          "name": "wh_vfx_c_add_20",
          "rect": [
            505,
            757,
            250,
            250
          ],
          "offset": [
            0,
            0
          ],
          "originalSize": [
            250,
            250
          ],
          "capInsets": [
            0,
            0,
            0,
            0
          ]
        }
      ],
      [
        0
      ],
      0,
      [
        0
      ],
      [
        0
      ],
      [
        0
      ]
    ],
    [
      [
        {
          "name": "wh_vfx_c_add_14",
          "rect": [
            757,
            505,
            250,
            250
          ],
          "offset": [
            0,
            0
          ],
          "originalSize": [
            250,
            250
          ],
          "capInsets": [
            0,
            0,
            0,
            0
          ]
        }
      ],
      [
        0
      ],
      0,
      [
        0
      ],
      [
        0
      ],
      [
        0
      ]
    ],
    [
      [
        {
          "name": "wh_vfx_c_add_01",
          "rect": [
            757,
            757,
            250,
            250
          ],
          "offset": [
            0,
            0
          ],
          "originalSize": [
            250,
            250
          ],
          "capInsets": [
            0,
            0,
            0,
            0
          ]
        }
      ],
      [
        0
      ],
      0,
      [
        0
      ],
      [
        0
      ],
      [
        0
      ]
    ],
    [
      [
        {
          "name": "wh_vfx_c_add_07",
          "rect": [
            1,
            1,
            250,
            250
          ],
          "offset": [
            0,
            0
          ],
          "originalSize": [
            250,
            250
          ],
          "capInsets": [
            0,
            0,
            0,
            0
          ]
        }
      ],
      [
        0
      ],
      0,
      [
        0
      ],
      [
        0
      ],
      [
        1
      ]
    ],
    [
      [
        {
          "name": "wh_vfx_c_add_16",
          "rect": [
            253,
            1,
            250,
            250
          ],
          "offset": [
            0,
            0
          ],
          "originalSize": [
            250,
            250
          ],
          "capInsets": [
            0,
            0,
            0,
            0
          ]
        }
      ],
      [
        0
      ],
      0,
      [
        0
      ],
      [
        0
      ],
      [
        1
      ]
    ],
    [
      [
        {
          "name": "wh_vfx_c_add_03",
          "rect": [
            1,
            253,
            250,
            250
          ],
          "offset": [
            0,
            0
          ],
          "originalSize": [
            250,
            250
          ],
          "capInsets": [
            0,
            0,
            0,
            0
          ]
        }
      ],
      [
        0
      ],
      0,
      [
        0
      ],
      [
        0
      ],
      [
        1
      ]
    ],
    [
      [
        {
          "name": "wh_vfx_c_add_00",
          "rect": [
            253,
            253,
            250,
            250
          ],
          "offset": [
            0,
            0
          ],
          "originalSize": [
            250,
            250
          ],
          "capInsets": [
            0,
            0,
            0,
            0
          ]
        }
      ],
      [
        0
      ],
      0,
      [
        0
      ],
      [
        0
      ],
      [
        1
      ]
    ],
    [
      [
        {
          "name": "wh_vfx_c_add_08",
          "rect": [
            1,
            505,
            250,
            250
          ],
          "offset": [
            0,
            0
          ],
          "originalSize": [
            250,
            250
          ],
          "capInsets": [
            0,
            0,
            0,
            0
          ]
        }
      ],
      [
        0
      ],
      0,
      [
        0
      ],
      [
        0
      ],
      [
        1
      ]
    ],
    [
      [
        {
          "name": "wh_vfx_c_add_05",
          "rect": [
            1,
            757,
            250,
            250
          ],
          "offset": [
            0,
            0
          ],
          "originalSize": [
            250,
            250
          ],
          "capInsets": [
            0,
            0,
            0,
            0
          ]
        }
      ],
      [
        0
      ],
      0,
      [
        0
      ],
      [
        0
      ],
      [
        1
      ]
    ],
    [
      [
        {
          "name": "wh_vfx_c_add_13",
          "rect": [
            253,
            505,
            250,
            250
          ],
          "offset": [
            0,
            0
          ],
          "originalSize": [
            250,
            250
          ],
          "capInsets": [
            0,
            0,
            0,
            0
          ]
        }
      ],
      [
        0
      ],
      0,
      [
        0
      ],
      [
        0
      ],
      [
        1
      ]
    ],
    [
      [
        {
          "name": "wh_vfx_c_add_06",
          "rect": [
            253,
            757,
            250,
            250
          ],
          "offset": [
            0,
            0
          ],
          "originalSize": [
            250,
            250
          ],
          "capInsets": [
            0,
            0,
            0,
            0
          ]
        }
      ],
      [
        0
      ],
      0,
      [
        0
      ],
      [
        0
      ],
      [
        1
      ]
    ]
  ]
]