[
  1,
  [
    "f41WpVawdL3rjUPdPbvNXm",
    "31z6mvrBxCR6TbOVFHFrGh",
    "7eylbHk59Id45ezO5lZlwW",
    "75caxj1jFMl4TP7GAh5mrU",
    "17+T7knvRGzJ+a+OIcTpsr",
    "18en4FzvJKUaot2xO0fBHV",
    "02aZ0NKIhPe6PajaMdOtAN",
    "60D1VHRdhHdpWB/yTGMUtj",
    "f2n8MS8ERAIr3hHl9yoKfY",
    "adH/pCh5hJnY8exltXeEhM",
    "f5x/09tnhPBJ1tDOsaLCzJ",
    "349OqMITxKP7UdPQI2GkcO",
    "237eqCFG5PFJgV6haNMfDk",
    "14F6bHLSZHRLpoMNhRkZlG",
    "5ebwtuUBNB2ZJtKDKupQl4",
    "87ktPBj+BDroFWoq/dNSPH",
    "abLP8x6WlOCqB3AQuBPxI7",
    "24MR47VWdDIYIsQk7UT5Q5",
    "a4UdVq/M5LBJ3tmjJE766d",
    "30Sn173oRPI7jItilhR+ug",
    "15wG+9bxtImLy9K3Iu3j/h",
    "80kxJAtsdDMaZfctNcMr7T",
    "7fLIFZfh5N75PBruejDQjm",
    "a2BzMCzbtMh60/7RyF8CRj",
    "03WlaTHAJC+o+I/B45yl+1",
    "74lpLhqmRNQoEIdfOBGaqK",
    "96+HEVKsJOu6JSoF/Blrt6",
    "aeV0VSijtFl7vFnLHwdBJ7"
  ],
  [
    "value"
  ],
  [
    [
      "cc.AnimationClip",
      [
        "_name",
        "_duration",
        "sample",
        "wrapMode",
        "curveData"
      ],
      -1,
      11
    ]
  ],
  [
    [
      0,
      0,
      1,
      2,
      3,
      4,
      5
    ]
  ],
  [
    [
      0,
      "ps_bg_a_normal",
      1.8666666666666667,
      15,
      2,
      [
        {},
        "comps",
        11,
        [
          {},
          "cc.Sprite",
          11,
          [
            {},
            "spriteFrame",
            12,
            [
              [
                [
                  {
                    "frame": 0
                  },
                  "value",
                  6,
                  0
                ],
                [
                  {
                    "frame": 0.06666666666666667
                  },
                  "value",
                  6,
                  1
                ],
                [
                  {
                    "frame": 0.13333333333333333
                  },
                  "value",
                  6,
                  2
                ],
                [
                  {
                    "frame": 0.2
                  },
                  "value",
                  6,
                  3
                ],
                [
                  {
                    "frame": 0.26666666666666666
                  },
                  "value",
                  6,
                  4
                ],
                [
                  {
                    "frame": 0.3333333333333333
                  },
                  "value",
                  6,
                  5
                ],
                [
                  {
                    "frame": 0.4
                  },
                  "value",
                  6,
                  6
                ],
                [
                  {
                    "frame": 0.4666666666666667
                  },
                  "value",
                  6,
                  7
                ],
                [
                  {
                    "frame": 0.5333333333333333
                  },
                  "value",
                  6,
                  8
                ],
                [
                  {
                    "frame": 0.6
                  },
                  "value",
                  6,
                  9
                ],
                [
                  {
                    "frame": 0.6666666666666666
                  },
                  "value",
                  6,
                  10
                ],
                [
                  {
                    "frame": 0.7333333333333333
                  },
                  "value",
                  6,
                  11
                ],
                [
                  {
                    "frame": 0.8
                  },
                  "value",
                  6,
                  12
                ],
                [
                  {
                    "frame": 0.8666666666666667
                  },
                  "value",
                  6,
                  13
                ],
                [
                  {
                    "frame": 0.9333333333333333
                  },
                  "value",
                  6,
                  14
                ],
                [
                  {
                    "frame": 1
                  },
                  "value",
                  6,
                  15
                ],
                [
                  {
                    "frame": 1.0666666666666667
                  },
                  "value",
                  6,
                  16
                ],
                [
                  {
                    "frame": 1.1333333333333333
                  },
                  "value",
                  6,
                  17
                ],
                [
                  {
                    "frame": 1.2
                  },
                  "value",
                  6,
                  18
                ],
                [
                  {
                    "frame": 1.2666666666666666
                  },
                  "value",
                  6,
                  19
                ],
                [
                  {
                    "frame": 1.3333333333333333
                  },
                  "value",
                  6,
                  20
                ],
                [
                  {
                    "frame": 1.4
                  },
                  "value",
                  6,
                  21
                ],
                [
                  {
                    "frame": 1.4666666666666666
                  },
                  "value",
                  6,
                  22
                ],
                [
                  {
                    "frame": 1.5333333333333334
                  },
                  "value",
                  6,
                  23
                ],
                [
                  {
                    "frame": 1.6
                  },
                  "value",
                  6,
                  24
                ],
                [
                  {
                    "frame": 1.6666666666666667
                  },
                  "value",
                  6,
                  25
                ],
                [
                  {
                    "frame": 1.7333333333333334
                  },
                  "value",
                  6,
                  26
                ],
                [
                  {
                    "frame": 1.8
                  },
                  "value",
                  6,
                  27
                ]
              ],
              11,
              11,
              11,
              11,
              11,
              11,
              11,
              11,
              11,
              11,
              11,
              11,
              11,
              11,
              11,
              11,
              11,
              11,
              11,
              11,
              11,
              11,
              11,
              11,
              11,
              11,
              11,
              11
            ]
          ]
        ]
      ]
    ]
  ],
  0,
  0,
  [
    0,
    0,
    0,
    0,
    0,
    0,
    0,
    0,
    0,
    0,
    0,
    0,
    0,
    0,
    0,
    0,
    0,
    0,
    0,
    0,
    0,
    0,
    0,
    0,
    0,
    0,
    0,
    0
  ],
  [
    0,
    0,
    0,
    0,
    0,
    0,
    0,
    0,
    0,
    0,
    0,
    0,
    0,
    0,
    0,
    0,
    0,
    0,
    0,
    0,
    0,
    0,
    0,
    0,
    0,
    0,
    0,
    0
  ],
  [
    0,
    1,
    2,
    3,
    4,
    5,
    6,
    7,
    8,
    9,
    10,
    11,
    12,
    13,
    14,
    15,
    16,
    17,
    18,
    19,
    20,
    21,
    22,
    23,
    24,
    25,
    26,
    27
  ]
]