[
  1,
  [
    "f4VBTQqRZM56IcXLUIwQz0",
    "52pBcgEZ9F6KYyJn75b94Q"
  ],
  [
    "_textureSetter",
    "spriteFrame"
  ],
  [
    "cc.SpriteFrame",
    [
      "cc.BitmapFont",
      [
        "_name",
        "fontSize",
        "_fntConfig"
      ],
      0
    ]
  ],
  [
    [
      1,
      0,
      1,
      2,
      4
    ]
  ],
  [
    [
      [
        {
          "name": "lose_ex",
          "rect": [
            0,
            0,
            241,
            240
          ],
          "offset": [
            -7.5,
            8
          ],
          "originalSize": [
            256,
            256
          ],
          "capInsets": [
            0,
            0,
            0,
            0
          ]
        }
      ],
      [
        0
      ],
      0,
      [
        0
      ],
      [
        0
      ],
      [
        0
      ]
    ],
    [
      [
        [
          0,
          "lose_ex",
          32,
          {
            "commonHeight": 30,
            "fontSize": 32,
            "atlasName": "lose_ex.png",
            "fontDefDictionary": {
              "9": {
                "xOffset": 0,
                "yOffset": 0,
                "xAdvance": 160,
                "rect": {
                  "x": 0,
                  "y": 0,
                  "width": 0,
                  "height": 0
                }
              },
              "32": {
                "xOffset": 0,
                "yOffset": 0,
                "xAdvance": 20,
                "rect": {
                  "x": 0,
                  "y": 0,
                  "width": 0,
                  "height": 0
                }
              },
              "44": {
                "xOffset": 0,
                "yOffset": -1,
                "xAdvance": 30,
                "rect": {
                  "x": 124,
                  "y": 112,
                  "width": 29,
                  "height": 41
                }
              },
              "45": {
                "xOffset": 0,
                "yOffset": -17,
                "xAdvance": 36,
                "rect": {
                  "x": 124,
                  "y": 81,
                  "width": 35,
                  "height": 30
                }
              },
              "46": {
                "xOffset": 0,
                "yOffset": -1,
                "xAdvance": 30,
                "rect": {
                  "x": 184,
                  "y": 0,
                  "width": 29,
                  "height": 31
                }
              },
              "48": {
                "xOffset": 0,
                "yOffset": -49,
                "xAdvance": 62,
                "rect": {
                  "x": 62,
                  "y": 80,
                  "width": 61,
                  "height": 79
                }
              },
              "49": {
                "xOffset": 0,
                "yOffset": -49,
                "xAdvance": 44,
                "rect": {
                  "x": 183,
                  "y": 161,
                  "width": 43,
                  "height": 79
                }
              },
              "50": {
                "xOffset": 0,
                "yOffset": -49,
                "xAdvance": 60,
                "rect": {
                  "x": 123,
                  "y": 160,
                  "width": 59,
                  "height": 79
                }
              },
              "51": {
                "xOffset": 0,
                "yOffset": -49,
                "xAdvance": 59,
                "rect": {
                  "x": 183,
                  "y": 81,
                  "width": 58,
                  "height": 79
                }
              },
              "52": {
                "xOffset": 0,
                "yOffset": -49,
                "xAdvance": 62,
                "rect": {
                  "x": 0,
                  "y": 80,
                  "width": 61,
                  "height": 79
                }
              },
              "53": {
                "xOffset": 0,
                "yOffset": -50,
                "xAdvance": 59,
                "rect": {
                  "x": 125,
                  "y": 0,
                  "width": 58,
                  "height": 80
                }
              },
              "54": {
                "xOffset": 0,
                "yOffset": -49,
                "xAdvance": 62,
                "rect": {
                  "x": 63,
                  "y": 0,
                  "width": 61,
                  "height": 79
                }
              },
              "55": {
                "xOffset": 0,
                "yOffset": -50,
                "xAdvance": 61,
                "rect": {
                  "x": 62,
                  "y": 160,
                  "width": 60,
                  "height": 80
                }
              },
              "56": {
                "xOffset": 0,
                "yOffset": -49,
                "xAdvance": 63,
                "rect": {
                  "x": 0,
                  "y": 0,
                  "width": 62,
                  "height": 79
                }
              },
              "57": {
                "xOffset": 0,
                "yOffset": -49,
                "xAdvance": 62,
                "rect": {
                  "x": 0,
                  "y": 160,
                  "width": 61,
                  "height": 79
                }
              }
            },
            "kerningDict": {}
          }
        ]
      ],
      0,
      0,
      [
        0
      ],
      [
        1
      ],
      [
        1
      ]
    ]
  ]
]