[1,["ecpdLyjvZBwrvm+cedCcQy","191364fb4","7atnkm+vtBk6Mvv8DBz46m","01vPZv2GBMz4tIk9V2KY1N","99K9HZqt9E6KXIubTD1njv","01eOIYJYdGr5Mhmue7Urxu","a4xMbKtapF9YsAFsFjmfU2","00tDPGh2dPtoe2fps3HhkN","a2MjXRFdtLlYQ5ouAFv/+R","fbNZWcGVpO0LJn1/PNIml1","74RifftCJCvoKvF41ZHL/m","51kM+m4cZCOYgawAaMTzsZ","488FmhS4pBmIgcA+XfWO9d","21Mzh+am1BN4EDKxQNHweG","04fbfgO6lBbYsMXPP5y0nX","217cA+lQ5Nea9FeicPK8Eu","4cOfYA6WJMM7Gi4vraNGad","e0i9L1IVNKOJWSnBGkycal","56KthGBjtAQ7NWLNaN/6ZG","addNiMupZDv77kWk2IYia5","25XSwDXEpNdbSG0fhAzAAQ","08rgLwqIlK+L9yM9eJxrFC","465i9ngh1A05Lb8s25PZoD","68s7fSJ/xJPKfCKtglelxP","fbiyu+HARORrjVIXQ/+zfn","a5/suaAlhHWIKom7dYQ+jI","08UXq7f/9MKo6wC3ozCErB","dfSOUJG/FFiYwPYg7xunR6","5fPOaDtrdJZ7NxEaZYJiLM","77F1CJJoJOPa76BuSea7OE","58m0koSxtHF7b85h9ZEpxZ"],["_textureSetter","node","_N$file","_spriteFrame","_parent","spfBanker","spfPlayer","spfBanker_BankerPair","spfBanker_PlayerPair","spfBanker_BankerPlayerPair","spfPlayer_BankerPair","spfPlayer_PlayerPair","spfPlayer_BankerPlayerPair","root","bigRoad","dishRoad","lbPlayerPairPercent","lbBankerPairPercent","lbTiePercent","lbPlayerPercent","lbBankerPercent","lbPlayerPair","lbBankerPair","lbTie","lbPlayerWin","lbBankerWin","data","spfTie","spfTie_BankerPair","spfTie_PlayerPair","spfTie_BankerPlayerPair","spfTieBanker","spfTiePlayer"],["cc.SpriteFrame",["cc.Node",["_name","_active","_opacity","_prefab","_contentSize","_components","_parent","_trs","_children","_color","_anchorPoint"],0,4,5,9,1,7,2,5,5],["cc.Node",["_name","_children","_components","_prefab","_contentSize","_trs","_parent"],2,2,12,4,5,7,1],["cc.PrefabInfo",["fileId","root","asset"],2,1,1],["cc.Sprite",["_sizeMode","node","_materials","_spriteFrame"],2,1,3,6],["cc.Label",["_string","_isSystemFontUsed","_N$horizontalAlign","_N$verticalAlign","_N$cacheMode","node","_materials","_N$file"],-2,1,3,6],["cc.Prefab",["_name"],2],["cc.Node",["_name","_parent","_components","_prefab","_color","_contentSize","_trs"],2,1,2,4,5,5,7],["cc.Widget",["_alignFlags","_originalWidth","_originalHeight","node"],0,1],["724422/HvZHeoMg/O8YPLNr",["node","lbBankerWin","lbPlayerWin","lbTie","lbBankerPair","lbPlayerPair","lbBankerPercent","lbPlayerPercent","lbTiePercent","lbBankerPairPercent","lbPlayerPairPercent","dishRoad","bigRoad"],3,1,1,1,1,1,1,1,1,1,1,1,1,1],["cc.Button",["node","clickEvents"],3,1,9],["cc.ClickEvent",["_componentId","handler","target"],1,1],["cc.Layout",["_resize","_N$layoutType","_N$startAxis","_N$paddingLeft","_N$paddingBottom","_N$spacingX","_N$spacingY","_N$verticalDirection","_N$horizontalDirection","node","_layoutSize"],-6,1,5],["cc.Mask",["node","_materials"],3,1,3],["8c845LrMoVADKOGcGrNxDL2",["node","template","container","markRecentMatch"],3,1,1,1,1],["b11de7wPypMRIitreKWlaa4",["node","template","container","topRightPos"],3,1,1,1,8]],[[3,0,1,2,2],[7,0,1,2,3,4,5,6,2],[5,0,1,2,3,4,5,6,6],[4,1,2,3,1],[1,0,6,5,3,4,2],[1,0,6,5,3,9,4,7,2],[5,0,1,2,3,4,5,6,7,6],[1,0,8,5,3,4,7,2],[1,0,1,6,8,3,4,7,3],[1,0,6,5,3,4,7,2],[8,0,1,2,3,4],[4,0,1,2,3,2],[6,0,2],[1,0,6,8,5,3,4,2],[1,0,2,6,5,3,9,4,3],[1,0,6,5,3,4,10,7,2],[1,0,1,6,5,3,4,7,3],[2,0,1,2,3,4,5,2],[2,0,6,1,2,3,4,5,2],[9,0,1,2,3,4,5,6,7,8,9,10,11,12,1],[3,1,2,1],[10,0,1,1],[11,0,1,2,3],[12,0,1,2,3,4,5,6,7,8,9,10,10],[13,0,1,1],[14,0,1,2,3,1],[15,0,1,2,3,1]],[[[{"name":"icon_Banker","rect":[105,3,30,30],"offset":[0,0],"originalSize":[30,30],"capInsets":[0,0,0,0]}],[0],0,[0],[0],[1]],[[{"name":"dot_tie_BP","rect":[141,3,30,30],"offset":[0,0],"originalSize":[30,30],"capInsets":[0,0,0,0]}],[0],0,[0],[0],[1]],[[{"name":"popup_statistic_74","rect":[3,39,549,206],"offset":[0,0],"originalSize":[549,206],"capInsets":[0,0,0,0]}],[0],0,[0],[0],[1]],[[{"name":"icon_Banker_PP","rect":[177,3,30,30],"offset":[0,0],"originalSize":[30,30],"capInsets":[0,0,0,0]}],[0],0,[0],[0],[1]],[[{"name":"dot_Player_BankerPair","rect":[213,3,30,30],"offset":[0,0],"originalSize":[30,30],"capInsets":[0,0,0,0]}],[0],0,[0],[0],[1]],[[{"name":"popup_statistic_82","rect":[3,463,990,207],"offset":[0,0],"originalSize":[990,207],"capInsets":[0,0,0,0]}],[0],0,[0],[0],[1]],[[{"name":"bgSoicau","rect":[0,6,1156,642],"offset":[0,-0.5],"originalSize":[1156,653],"capInsets":[0,0,0,0]}],[0],0,[0],[0],[7]],[[{"name":"dot_Banker_PP","rect":[249,3,30,30],"offset":[0,0],"originalSize":[30,30],"capInsets":[0,0,0,0]}],[0],0,[0],[0],[1]],[[{"name":"dot_Player_PP","rect":[321,3,30,30],"offset":[0,0],"originalSize":[30,30],"capInsets":[0,0,0,0]}],[0],0,[0],[0],[1]],[[{"name":"tieSplash","rect":[357,3,30,30],"offset":[0,0],"originalSize":[30,30],"capInsets":[0,0,0,0]}],[0],0,[0],[0],[1]],[[{"name":"dot_Player","rect":[41,3,26,26],"offset":[0,0],"originalSize":[26,26],"capInsets":[0,0,0,0]}],[0],0,[0],[0],[1]],[[{"name":"popup_statistic_73","rect":[558,39,411,206],"offset":[0,0],"originalSize":[411,206],"capInsets":[0,0,0,0]}],[0],0,[0],[0],[1]],[[{"name":"dot_tie_PP","rect":[393,3,30,30],"offset":[0,0],"originalSize":[30,30],"capInsets":[0,0,0,0]}],[0],0,[0],[0],[1]],[[{"name":"icon_Player_PBP","rect":[429,3,30,30],"offset":[0,0],"originalSize":[30,30],"capInsets":[0,0,0,0]}],[0],0,[0],[0],[1]],[[{"name":"icon_Player_BP","rect":[465,3,30,30],"offset":[0,0],"originalSize":[30,30],"capInsets":[0,0,0,0]}],[0],0,[0],[0],[1]],[[{"name":"dot_Player_PBP","rect":[501,3,30,30],"offset":[0,0],"originalSize":[30,30],"capInsets":[0,0,0,0]}],[0],0,[0],[0],[1]],[[{"name":"icon_Player_PP","rect":[573,3,30,30],"offset":[0,0],"originalSize":[30,30],"capInsets":[0,0,0,0]}],[0],0,[0],[0],[1]],[[[12,"PopupSoiCau"],[7,"PopupSoiCau",[-16,-17],[[10,45,1280,720,-2],[19,-15,-14,-13,-12,-11,-10,-9,-8,-7,-6,-5,-4,-3]],[20,-1,0],[5,1280,720],[640,360,0,0,0,0,1,1,1,1]],[7,"popup_statistic_74",[-19,-20,-21,-22,-23,-24,-25,-26,-27,-28,-29],[[3,-18,[33],34]],[0,"bauS1FPydAzJWz9Nnb/ApD",1,0],[5,549,206],[212.876,75.063,0,0,0,0,1,1,1,1]],[17,"DiskRoad",[-32,-33,-34,-35],[[[3,-30,[10],11],-31],4,1],[0,"5623HKXA5PBa3g9YDfUf3V",1,0],[5,411,206],[-291.515,75.539,0,0,0,0,1,1,1,1]],[13,"Container",1,[-37,3,-38,2],[[3,-36,[35],36]],[0,"bdyU1GkgJGQanoNswIdy4R",1,0],[5,1156,642]],[18,"BigEyeRoad",4,[-41,-42,-43],[[[3,-39,[19],20],-40],4,1],[0,"64J47zG3lFkYve4izng+0g",1,0],[5,990,207],[0,-167.718,0,0,0,0,1,1,1,1]],[8,"dot_Banker",false,5,[-44,-45],[0,"7dBmgq2y5CoKDTPrI2y/xq",1,0],[5,26,26],[475.5,86.204,0,0,0,0,1,1,1,1]],[14,"New Sprite(Splash)",150,1,[[11,0,-46,[0],1],[10,45,1280,720,-47]],[0,"cbyd8rQCpLVLYdOmGWRVLD",1,0],[4,4278190080],[5,1280,720]],[9,"btnClose",4,[[3,-48,[2],3],[21,-49,[[22,"724422/HvZHeoMg/O8YPLNr","hide",1]]]],[0,"74rVKXvfdMkK/XpqwxpI2o",1,0],[5,65,64],[534.741,237.941,0,0,0,0,1,1,1,1]],[8,"dot_Banker",false,3,[-50],[0,"7fJomMWElKHowyuzpFeVS8",1,0],[5,26,26],[186.865,-84.559,0,0,0,0,1,1,1,1]],[15,"Container",3,[[23,1,3,1,5,4,8,8,0,1,-51,[5,99,204.3]]],[0,"812pJAxlpCBJouwgV+siTG",1,0],[5,99,204.3],[0,0,1],[-204.3,102.1,0,0,0,0,1,1,1,1]],[9,"popup_statistic_87",3,[[11,0,-52,[8],9]],[0,"caw5diAQlMvKJyZfmZDziZ",1,0],[5,47.6,49],[188.1,-85.1,0,0,0,0,1,1,1,1]],[4,"Container",5,[[24,-53,[16]]],[0,"88LN0vLZZIooAoOV6Hb+dZ",1,0],[5,990,207]],[4,"dot_Banker",9,[[3,-54,[4],5]],[0,"ffOVXlp0tA5K1v7wdn3fEa",1,0],[5,26,26]],[5,"lbDishRoad",3,[[6,"DISK ROAD",false,1,1,2,-55,[6],7]],[0,"e2V1qPnI1FA6VwAVL3JVRG",1,0],[4,4278239955],[5,187.54,40],[-156.096,113.219,0,0,0,0,1,0.5,0.5,0.5]],[25,3,9,10,11],[4,"spr",6,[[3,-56,[12],13]],[0,"aaFUfemUdFYoZ5WiWN/eSe",1,0],[5,30,30]],[16,"tie",false,6,[[3,-57,[14],15]],[0,"872h9WeUVDm6+qi4zYI3xC",1,0],[5,30,30],[0.69,0,0,0,0,0,1,1,1,1]],[5,"lbDishRoad",5,[[6,"BIG ROAD",false,1,1,2,-58,[17],18]],[0,"e9CdVyBldD+69TQibELFXQ",1,0],[4,4278239955],[5,165.41,40],[-445.103,120.418,0,0,0,0,1,0.5,0.5,0.5]],[26,5,6,12,[0,475,86]],[1,"lbBankerWin",2,[-59],[0,"64Qwh8o11ETanYIJGjVaLo",1,0],[4,4278239955],[5,23.4,40],[88.436,84.415,0,0,0,0,1,0.5,0.5,0.5]],[2,"0",false,1,1,2,20,[21]],[1,"lbBakerPercent",2,[-60],[0,"f744Z8Ph1JP6LUuDm0VKV+",1,0],[4,4292063488],[5,23.4,40],[189.124,84.415,0,0,0,0,1,0.5,0.5,0.5]],[2,"0",false,1,1,2,22,[22]],[1,"lbPlayerWin",2,[-61],[0,"5fLCGKcg9K05yyjb8Jz58l",1,0],[4,4278239955],[5,23.4,40],[88.436,51.6,0,0,0,0,1,0.5,0.5,0.5]],[2,"0",false,1,1,2,24,[23]],[1,"lbPlayerPercent",2,[-62],[0,"ff/MbQYrZBcofuZcd1Gxyc",1,0],[4,4292063488],[5,23.4,40],[189.124,51.6,0,0,0,0,1,0.5,0.5,0.5]],[2,"0",false,1,1,2,26,[24]],[1,"lbTieWin",2,[-63],[0,"b7UctLARtPsajHyvbvg/b0",1,0],[4,4278239955],[5,23.4,40],[88.436,17.259,0,0,0,0,1,0.5,0.5,0.5]],[2,"0",false,1,1,2,28,[25]],[1,"lbTiePercent",2,[-64],[0,"61JS2hJ2hPgK3YpYqdL1Cz",1,0],[4,4292063488],[5,23.4,40],[189.124,17.259,0,0,0,0,1,0.5,0.5,0.5]],[2,"0",false,1,1,2,30,[26]],[1,"lbBankerPair",2,[-65],[0,"d7PfWkBfpBZppVG+OjhhWs",1,0],[4,4278239955],[5,23.4,40],[88.436,-17.846,0,0,0,0,1,0.5,0.5,0.5]],[2,"0",false,1,1,2,32,[27]],[1,"lbBankerPairPercent",2,[-66],[0,"a3vvXzX5JHgrucCazSSGf4",1,0],[4,4292063488],[5,23.4,40],[189.124,-17.846,0,0,0,0,1,0.5,0.5,0.5]],[2,"0",false,1,1,2,34,[28]],[1,"lbPlayerPair",2,[-67],[0,"6bDn9TNVBGAYfH8Xlen8sh",1,0],[4,4278239955],[5,23.4,40],[88.436,-51.423,0,0,0,0,1,0.5,0.5,0.5]],[2,"0",false,1,1,2,36,[29]],[1,"lbPlayerPariPercent",2,[-68],[0,"a4Exa3WBdNi6TwDYzZ3CEw",1,0],[4,4292063488],[5,23.4,40],[189.124,-51.423,0,0,0,0,1,0.5,0.5,0.5]],[2,"0",false,1,1,2,38,[30]],[5,"lbTotalMatch",2,[[6,"72",false,1,1,2,-69,[31],32]],[0,"fejWM/5uVOBb3u4z5Mf0gL",1,0],[4,4278239955],[5,46.8,40],[88.436,-83.474,0,0,0,0,1,0.5,0.5,0.5]]],0,[0,13,1,0,1,1,0,14,19,0,15,15,0,16,39,0,17,35,0,18,31,0,19,27,0,20,23,0,21,37,0,22,33,0,23,29,0,24,25,0,25,21,0,1,1,0,-1,7,0,-2,4,0,1,2,0,-1,20,0,-2,22,0,-3,24,0,-4,26,0,-5,28,0,-6,30,0,-7,32,0,-8,34,0,-9,36,0,-10,38,0,-11,40,0,1,3,0,-2,15,0,-1,9,0,-2,14,0,-3,10,0,-4,11,0,1,4,0,-1,8,0,-3,5,0,1,5,0,-2,19,0,-1,6,0,-2,12,0,-3,18,0,-1,16,0,-2,17,0,1,7,0,1,7,0,1,8,0,1,8,0,-1,13,0,1,10,0,1,11,0,1,12,0,1,13,0,1,14,0,1,16,0,1,17,0,1,18,0,-1,21,0,-1,23,0,-1,25,0,-1,27,0,-1,29,0,-1,31,0,-1,33,0,-1,35,0,-1,37,0,-1,39,0,1,40,0,26,1,2,4,4,3,4,4,69],[0,0,0,0,0,0,0,0,0,0,0,0,0,0,0,0,0,0,0,0,0,0,0,0,0,0,0,0,0,0,0,0,0,0,0,0,0,15,15,15,15,15,15,15,15,15,15,15,15,19,19,19,19,19,19,19,19,19,19,21,23,25,27,29,31,33,35,37,39],[-1,3,-1,3,-1,3,-1,2,-1,3,-1,3,-1,3,-1,3,-1,-1,2,-1,3,-1,-1,-1,-1,-1,-1,-1,-1,-1,-1,-1,2,-1,3,-1,3,5,6,27,28,29,30,7,8,9,10,11,12,5,6,31,32,7,8,9,10,11,12,2,2,2,2,2,2,2,2,2,2],[0,8,0,9,0,4,0,2,0,10,0,11,0,5,0,12,0,0,2,0,13,0,0,0,0,0,0,0,0,0,0,0,2,0,14,0,15,4,16,17,3,18,19,6,20,6,21,22,23,5,24,3,3,25,26,27,28,29,30,2,2,2,2,2,2,2,2,2,2]],[[{"name":"dot_Banker","rect":[73,3,26,26],"offset":[0,0],"originalSize":[26,26],"capInsets":[0,0,0,0]}],[0],0,[0],[0],[1]],[[{"name":"dot_Banker_BankerPair","rect":[609,3,30,30],"offset":[0,0],"originalSize":[30,30],"capInsets":[0,0,0,0]}],[0],0,[0],[0],[1]],[[{"name":"icon_Banker_BP","rect":[645,3,30,30],"offset":[0,0],"originalSize":[30,30],"capInsets":[0,0,0,0]}],[0],0,[0],[0],[1]],[[{"name":"dot_tie_PBP","rect":[681,3,30,30],"offset":[0,0],"originalSize":[30,30],"capInsets":[0,0,0,0]}],[0],0,[0],[0],[1]],[[{"name":"icon_Banker_PBP","rect":[789,3,30,30],"offset":[0,0],"originalSize":[30,30],"capInsets":[0,0,0,0]}],[0],0,[0],[0],[1]],[[{"name":"dot_tie","rect":[825,3,30,30],"offset":[0,0],"originalSize":[30,30],"capInsets":[0,0,0,0]}],[0],0,[0],[0],[1]],[[{"name":"icon_player","rect":[897,3,30,30],"offset":[0,0],"originalSize":[30,30],"capInsets":[0,0,0,0]}],[0],0,[0],[0],[1]]]]