[1,["1d1cd21ad","12b5c66b8","1eaaeffe0","1dbde0c67","1b3fbc470"],["_textureSetter"],["cc.SpriteFrame"],0,[[[{"name":"5M","rect":[152,806,132,137],"offset":[0,0],"originalSize":[132,137],"rotated":1,"capInsets":[0,0,0,0]}],[0],0,[0],[0],[1]],[[{"name":"10M","rect":[386,3,134,137],"offset":[0,0],"originalSize":[134,137],"rotated":1,"capInsets":[0,0,0,0]}],[0],0,[0],[0],[0]],[[{"name":"200M","rect":[505,815,132,139],"offset":[0,0],"originalSize":[132,139],"rotated":1,"capInsets":[0,0,0,0]}],[0],0,[0],[0],[1]],[[{"name":"100K","rect":[529,3,134,137],"offset":[0,0],"originalSize":[134,137],"rotated":1,"capInsets":[0,0,0,0]}],[0],0,[0],[0],[0]],[[{"name":"50M","rect":[672,3,134,137],"offset":[0,0],"originalSize":[134,137],"rotated":1,"capInsets":[0,0,0,0]}],[0],0,[0],[0],[0]],[[{"name":"10K","rect":[650,815,132,139],"offset":[0,0],"originalSize":[132,139],"rotated":1,"capInsets":[0,0,0,0]}],[0],0,[0],[0],[1]],[[{"name":"chipBorder","rect":[842,427,175,177],"offset":[0,0],"originalSize":[175,177],"rotated":1,"capInsets":[0,0,0,0]}],[0],0,[0],[0],[3]],[[{"name":"100M","rect":[880,519,133,139],"offset":[0,0],"originalSize":[133,139],"rotated":1,"capInsets":[0,0,0,0]}],[0],0,[0],[0],[2]],[[{"name":"1M","rect":[751,603,133,140],"offset":[0,0],"originalSize":[133,140],"capInsets":[0,0,0,0]}],[0],0,[0],[0],[4]],[[{"name":"5K","rect":[3,198,133,137],"offset":[0,0],"originalSize":[133,137],"rotated":1,"capInsets":[0,0,0,0]}],[0],0,[0],[0],[0]],[[{"name":"500K","rect":[880,658,133,139],"offset":[0,0],"originalSize":[133,139],"rotated":1,"capInsets":[0,0,0,0]}],[0],0,[0],[0],[2]],[[{"name":"150M","rect":[880,797,133,139],"offset":[0,0],"originalSize":[133,139],"rotated":1,"capInsets":[0,0,0,0]}],[0],0,[0],[0],[2]],[[{"name":"2M","rect":[529,143,133,137],"offset":[0,0],"originalSize":[133,137],"rotated":1,"capInsets":[0,0,0,0]}],[0],0,[0],[0],[0]],[[{"name":"50K","rect":[386,143,134,137],"offset":[0,0],"originalSize":[134,137],"rotated":1,"capInsets":[0,0,0,0]}],[0],0,[0],[0],[0]],[[{"name":"1K","rect":[672,143,133,137],"offset":[0,0],"originalSize":[133,137],"rotated":1,"capInsets":[0,0,0,0]}],[0],0,[0],[0],[0]]]]