[1,["13XKTGOUFBToQQLTMcFwah"],["spriteFrame"],[["cc.BitmapFont",["_name","fontSize","_fntConfig"],0]],[[0,0,1,2,4]],[[0,"font-export",48,{"commonHeight":38,"fontSize":48,"atlasName":"font-export.png","fontDefDictionary":{"9":{"xOffset":0,"yOffset":0,"xAdvance":300,"rect":{"x":0,"y":0,"width":0,"height":0}},"32":{"xOffset":0,"yOffset":0,"xAdvance":10,"rect":{"x":0,"y":0,"width":0,"height":0}},"33":{"xOffset":0,"yOffset":0,"xAdvance":7,"rect":{"x":194,"y":203,"width":12,"height":37}},"34":{"xOffset":0,"yOffset":0,"xAdvance":15,"rect":{"x":63,"y":166,"width":20,"height":18}},"35":{"xOffset":0,"yOffset":0,"xAdvance":23,"rect":{"x":36,"y":87,"width":28,"height":37}},"36":{"xOffset":0,"yOffset":-4,"xAdvance":20,"rect":{"x":120,"y":205,"width":25,"height":46}},"37":{"xOffset":0,"yOffset":0,"xAdvance":30,"rect":{"x":0,"y":47,"width":35,"height":38}},"38":{"xOffset":0,"yOffset":0,"xAdvance":24,"rect":{"x":31,"y":189,"width":29,"height":38}},"39":{"xOffset":0,"yOffset":0,"xAdvance":9,"rect":{"x":193,"y":115,"width":14,"height":18}},"40":{"xOffset":0,"yOffset":0,"xAdvance":11,"rect":{"x":193,"y":47,"width":16,"height":45}},"41":{"xOffset":0,"yOffset":0,"xAdvance":11,"rect":{"x":193,"y":0,"width":16,"height":45}},"42":{"xOffset":0,"yOffset":0,"xAdvance":16,"rect":{"x":55,"y":229,"width":21,"height":23}},"43":{"xOffset":0,"yOffset":4,"xAdvance":20,"rect":{"x":124,"y":0,"width":25,"height":27}},"44":{"xOffset":0,"yOffset":22,"xAdvance":9,"rect":{"x":193,"y":94,"width":14,"height":19}},"45":{"xOffset":0,"yOffset":15,"xAdvance":12,"rect":{"x":173,"y":238,"width":17,"height":14}},"46":{"xOffset":0,"yOffset":22,"xAdvance":7,"rect":{"x":78,"y":229,"width":12,"height":15}},"47":{"xOffset":0,"yOffset":0,"xAdvance":15,"rect":{"x":151,"y":60,"width":20,"height":37}},"48":{"xOffset":0,"yOffset":0,"xAdvance":21,"rect":{"x":120,"y":165,"width":26,"height":38}},"49":{"xOffset":0,"yOffset":0,"xAdvance":13,"rect":{"x":173,"y":60,"width":18,"height":37}},"50":{"xOffset":0,"yOffset":0,"xAdvance":21,"rect":{"x":123,"y":40,"width":26,"height":38}},"51":{"xOffset":0,"yOffset":0,"xAdvance":19,"rect":{"x":147,"y":205,"width":24,"height":38}},"52":{"xOffset":0,"yOffset":0,"xAdvance":23,"rect":{"x":37,"y":47,"width":28,"height":37}},"53":{"xOffset":0,"yOffset":0,"xAdvance":20,"rect":{"x":121,"y":119,"width":25,"height":38}},"54":{"xOffset":0,"yOffset":0,"xAdvance":21,"rect":{"x":93,"y":125,"width":26,"height":38}},"55":{"xOffset":0,"yOffset":0,"xAdvance":21,"rect":{"x":96,"y":80,"width":26,"height":37}},"56":{"xOffset":0,"yOffset":0,"xAdvance":21,"rect":{"x":96,"y":0,"width":26,"height":38}},"57":{"xOffset":0,"yOffset":0,"xAdvance":21,"rect":{"x":67,"y":40,"width":26,"height":38}},"58":{"xOffset":0,"yOffset":7,"xAdvance":7,"rect":{"x":194,"y":171,"width":12,"height":30}},"59":{"xOffset":0,"yOffset":7,"xAdvance":9,"rect":{"x":194,"y":135,"width":14,"height":34}},"60":{"xOffset":0,"yOffset":4,"xAdvance":16,"rect":{"x":151,"y":30,"width":21,"height":28}},"61":{"xOffset":0,"yOffset":7,"xAdvance":19,"rect":{"x":36,"y":126,"width":24,"height":22}},"62":{"xOffset":0,"yOffset":4,"xAdvance":16,"rect":{"x":151,"y":0,"width":21,"height":28}},"63":{"xOffset":0,"yOffset":0,"xAdvance":18,"rect":{"x":148,"y":152,"width":23,"height":37}},"64":{"xOffset":0,"yOffset":3,"xAdvance":29,"rect":{"x":0,"y":87,"width":34,"height":38}},"66":{"xOffset":0,"yOffset":0,"xAdvance":22,"rect":{"x":67,"y":0,"width":27,"height":38}},"68":{"xOffset":0,"yOffset":0,"xAdvance":23,"rect":{"x":63,"y":126,"width":28,"height":38}},"69":{"xOffset":0,"yOffset":0,"xAdvance":19,"rect":{"x":148,"y":112,"width":24,"height":38}},"71":{"xOffset":0,"yOffset":0,"xAdvance":21,"rect":{"x":92,"y":205,"width":26,"height":38}},"75":{"xOffset":0,"yOffset":0,"xAdvance":21,"rect":{"x":95,"y":40,"width":26,"height":38}},"77":{"xOffset":0,"yOffset":0,"xAdvance":26,"rect":{"x":0,"y":150,"width":31,"height":37}},"78":{"xOffset":0,"yOffset":0,"xAdvance":23,"rect":{"x":62,"y":189,"width":28,"height":38}},"80":{"xOffset":0,"yOffset":0,"xAdvance":21,"rect":{"x":92,"y":166,"width":26,"height":37}},"84":{"xOffset":0,"yOffset":0,"xAdvance":23,"rect":{"x":33,"y":150,"width":28,"height":37}},"86":{"xOffset":0,"yOffset":0,"xAdvance":24,"rect":{"x":0,"y":205,"width":29,"height":38}},"88":{"xOffset":0,"yOffset":0,"xAdvance":23,"rect":{"x":66,"y":86,"width":28,"height":37}},"91":{"xOffset":0,"yOffset":0,"xAdvance":12,"rect":{"x":174,"y":0,"width":17,"height":45}},"92":{"xOffset":0,"yOffset":0,"xAdvance":14,"rect":{"x":173,"y":199,"width":19,"height":37}},"93":{"xOffset":0,"yOffset":0,"xAdvance":12,"rect":{"x":174,"y":99,"width":17,"height":45}},"94":{"xOffset":0,"yOffset":0,"xAdvance":17,"rect":{"x":31,"y":229,"width":22,"height":17}},"95":{"xOffset":0,"yOffset":28,"xAdvance":24,"rect":{"x":0,"y":189,"width":29,"height":14}},"120":{"xOffset":0,"yOffset":7,"xAdvance":20,"rect":{"x":124,"y":80,"width":25,"height":30}},"123":{"xOffset":0,"yOffset":0,"xAdvance":14,"rect":{"x":173,"y":152,"width":19,"height":45}},"124":{"xOffset":0,"yOffset":0,"xAdvance":60,"rect":{"x":0,"y":0,"width":65,"height":45}},"125":{"xOffset":0,"yOffset":12,"xAdvance":28,"rect":{"x":0,"y":127,"width":33,"height":21}}},"kerningDict":{}}]],0,0,[0],[0],[0]]