[1,["9fmUW1yXxND5hgdM3eb3Wm"],0,[["sp.SkeletonData",["_name","_atlasText","textureNames","_skeletonJson","textures"],-1,3]],[[0,0,1,2,3,4,5]],[[0,"yuwang_anim4","\nyuwang_anim4.png\nsize: 205,110\nformat: RGBA8888\nfilter: Linear,Linear\nrepeat: none\npaotai4/di\n  rotate: false\n  xy: 103, 8\n  size: 101, 101\n  orig: 101, 101\n  offset: 0, 0\n  index: -1\npaotai4/shandian\n  rotate: true\n  xy: 1, 1\n  size: 108, 101\n  orig: 108, 101\n  offset: 0, 0\n  index: -1\n",["yuwang_anim4.png"],{"skeleton":{"hash":"YU3TwYWqTSljQw6BM30JSVeE+Ag","spine":"3.6.53","width":0,"height":0},"bones":[{"name":"root"},{"name":"shandian","parent":"root"},{"name":"yuwang4","parent":"root"}],"slots":[{"name":"paotai4","bone":"yuwang4","attachment":"paotai4/di"},{"name":"paotai5","bone":"yuwang4","attachment":"paotai4/di","blend":"additive"},{"name":"paotai/pao4/shandian","bone":"shandian","attachment":"paotai4/shandian","blend":"additive"}],"skins":{"default":{"paotai/pao4/shandian":{"paotai4/shandian":{"width":108,"height":101}},"paotai4":{"paotai4/di":{"width":101,"height":101}},"paotai5":{"paotai4/di":{"width":101,"height":101}}}},"animations":{"animation":{"slots":{"paotai4":{"color":[{"time":0,"color":"ffffffff","curve":"stepped"},{"time":0.5333,"color":"ffffffff"},{"time":0.6667,"color":"ffffff00"}]},"paotai/pao4/shandian":{"color":[{"time":0,"color":"ffffffff","curve":"stepped"},{"time":0.4,"color":"ffffffff"},{"time":0.5333,"color":"ffffff00"}]}},"bones":{"yuwang4":{"rotate":[{"time":0,"angle":0},{"time":0.6667,"angle":-60}],"scale":[{"time":0,"x":0,"y":0},{"time":0.1333,"x":1,"y":1},{"time":0.2667,"x":0.8,"y":0.8},{"time":0.4,"x":1,"y":1},{"time":0.5333,"x":1.1,"y":1.1}]},"shandian":{"scale":[{"time":0,"x":0,"y":0,"curve":"stepped"},{"time":0.2667,"x":0,"y":0},{"time":0.4,"x":1,"y":1},{"time":0.5333,"x":1.2,"y":1.2}]}}}}},[0]]],0,0,[0],[-1],[0]]