{"paths":{"0":["Sprite/SoiCau/bgSoicau",3],"1":["Spine/CardNan/anim_nanbai",3],"2":["Sound/youWin",2],"3":["Spine/DealCard/anim_dealcard",3],"4":["Spine/DealCard/anim_dealcard",4],"5":["font/font_chu_vang",3],"6":["Sound/nodeMoreBet",2],"7":["Sound/playerWin",2],"8":["Sound/chipMoveToPlayer_turn2",2],"9":["Spine/CardNan/anim_nanbai",4],"10":["Sound/bgGame",2],"11":["Spine/EffectWinGate/anim_toast_card",4],"12":["Sound/chipBetThrow",2],"13":["Sound/chipPayMoveToPlayer_turn1",2],"14":["Sound/CardFlip",2],"15":["Sound/getChip",2],"16":["Sound/itTheTime",2],"17":["Spine/card",3],"18":["Spine/ToastWin/anim_toast_user",3],"19":["Spine/card",4],"20":["Sound/click",2],"21":["font/MyriadB_RNG_Gold-export",3],"22":["Sprite/Rule/rule_baccarat_1",3],"23":["Spine/Dealer/anim_dealer",3],"24":["font/fontTime-export",3],"25":["Spine/EffectWinGate/anim_toast_card",3],"26":["Sound/openCard",2],"27":["font/fontScore",3],"28":["Sound/BankerWin",2],"29":["Sprite/Rule/rule_baccarat_2",3],"30":["Sound/winGate",2],"31":["Sound/dealerStartBet",2],"32":["font/fontMoney1",3],"33":["Spine/Dealer/anim_dealer",4],"34":["Spine/ToastWin/anim_toast_user",4],"35":["Sprite/Rule/popup_rule",3],"36":["Sound/openPopup",2],"37":["Sprite/bg",3],"38":["Sprite/SoiCau/icon_Banker",6,1],"39":["Sprite/SoiCau/dot_tie_BP",6,1],"40":["font/MyriadB_RNG_Gold-export",6,1],"41":["Sprite/bgBetBanker",6,1],"42":["Prefab/PopupSetting",1],"43":["Sprite/SoiCau/popup_statistic_74",6,1],"44":["Sprite/Setting/popup_setting",6,1],"45":["Sprite/btnGroupPlayer",6,1],"46":["Sprite/SoiCau/icon_Banker_PP",6,1],"47":["Sprite/SoiCau/dot_Player_BankerPair",6,1],"48":["Sprite/History/icon_banker",6,1],"49":["Sprite/bgBet",6,1],"50":["Sprite/SoiCau/SoiCauAtlas",7],"51":["Spine/card",5],"52":["Sprite/titleGate",6,1],"53":["Sprite/History/normal_statistic",6,1],"54":["Sprite/PopupHistory/txtBanker",6,1],"63":["Sprite/btnBack",6,1],"64":["Sprite/icon$",6,1],"65":["Sprite/bgPlayer",6,1],"66":["Animation/EndEffectWin",0],"67":["Sprite/bgBetPlayerPair",6,1],"68":["Sprite/SoiCau/popup_statistic_82",6,1],"69":["Sprite/line_divide",6,1],"70":["Sprite/SoiCau/bgSoicau",6,1],"71":["Sprite/btnNextOn",6,1],"72":["Sprite/bgPageIndex",6,1],"73":["Sprite/Rule/popup_rule",6,1],"74":["Sprite/SoiCau/dot_Banker_PP",6,1],"75":["Sprite/bgLight1",6,1],"76":["Sprite/titleGateBPair",6,1],"77":["Sprite/bgAvatarOther",6,1],"78":["font/fontMoney1",6,1],"79":["Sprite/titleGatePPair",6,1],"80":["Sprite/bgWin_P",6,1],"81":["Spine/Dealer/anim_dealer",5],"82":["Sprite/SoiCau/popup_statistic_93",6,1],"83":["font/fontScore",8],"84":["font/font_chu_vang",8],"85":["Sprite/bgTotalBet",6,1],"86":["Sprite/SoiCau/dot_Player_PP",6,1],"87":["Sprite/SoiCau/tieSplash",6,1],"88":["Sprite/History/popup_statistic_32",6,1],"89":["Sprite/History/icon_player",6,1],"90":["Sprite/btnStatistic",6,1],"91":["Prefab/PopupRule",1],"92":["Sprite/SoiCau/dot_Player",6,1],"94":["Sprite/SoiCau/popup_statistic_73",6,1],"95":["Spine/ToastWin/anim_toast_user",5],"96":["Sprite/Rule/rule_baccarat_2",6,1],"97":["Sprite/Setting/btn_inactive",6,1],"98":["Sprite/Card/cardAtlas",7],"99":["Sprite/SoiCau/dot_tie_PP",6,1],"100":["Sprite/SoiCau/icon_Player_PBP",6,1],"101":["Spine/CardNan/anim_nanbai",5],"102":["Sprite/SoiCau/icon_Player_BP",6,1],"103":["Sprite/bgWin_Tie",6,1],"104":["font/fontTime-export",8],"105":["Sprite/bgBetPlayer",6,1],"106":["Sprite/SoiCau/dot_Player_PBP",6,1],"107":["Sprite/SoiCau/popup_statistic_99",6,1],"108":["Sprite/History/popup_statistic_30",6,1],"109":["Sprite/noImg",6,1],"110":["Sprite/History/popup_statistic_87",6,1],"111":["Sprite/btnTop",6,1],"112":["Sprite/SoiCau/icon_Player_PP",6,1],"113":["Prefab/PopupHistory",1],"114":["Sprite/bgLight2",6,1],"115":["Sprite/Menu/panel_menu",6,1],"116":["Sprite/bgBetTie",6,1],"117":["Sprite/Setting/btn_active",6,1],"119":["Sprite/History/icon_tie",6,1],"120":["Sprite/SoiCau/dot_PlayerPair",6,1],"121":["font/font_chu_vang",6,1],"122":["Sprite/bgWinResult",6,1],"123":["Spine/EffectWinGate/anim_toast_card",6,1],"124":["font/fontTime-export",6,1],"125":["Sprite/bgSoiCau",6,1],"126":["Prefab/PopupSoiCau",1],"127":["Sprite/bgWin_PP",6,1],"128":["Sprite/bgRoomInfo",6,1],"129":["Spine/CardNan/anim_nanbai",6,1],"130":["Animation/EffectWin",0],"131":["Sprite/BaccaratAtlas",7],"132":["Sprite/SoiCau/dot_Banker",6,1],"133":["Sprite/bgAvatarMe",6,1],"134":["Sprite/PopupHistory/txtPPair",6,1],"135":["Spine/card",6,1],"136":["Spine/DealCard/anim_dealcard",5],"138":["font/fontMoney1",8],"139":["Spine/ToastWin/anim_toast_user",6,1],"140":["Sprite/bgName",6,1],"141":["Sprite/SoiCau/dot_Banker_BankerPair",6,1],"143":["Sprite/btnNextPage",6,1],"144":["Sprite/SoiCau/icon_Banker_BP",6,1],"145":["Spine/DealCard/anim_dealcard",6,1],"146":["Sprite/btTImer",6,1],"147":["Sprite/PopupHistory/txtPlayer",6,1],"148":["Sprite/bgNocClear",6,1],"149":["Sprite/SoiCau/dot_tie_PBP",6,1],"150":["Sprite/bgTieResult",6,1],"151":["Sprite/Menu/btn_open",6,1],"152":["font/MyriadB_RNG_Gold-export",8],"153":["Sprite/line",6,1],"154":["Sprite/SoiCau/dot_Banker_PBP",6,1],"155":["Sprite/SoiCau/icon_Tie_p",6,1],"156":["Sprite/Rule/rule_baccarat_1",6,1],"157":["Sprite/Menu/Icon_Setting",6,1],"158":["Sprite/bgPopup",6,1],"159":["Sprite/btnNextOff",6,1],"160":["Sprite/bgWin_B",6,1],"161":["Sprite/rollItem",6,1],"162":["Sprite/txtBanker",6,1],"163":["font/fontScore",6,1],"164":["Sprite/backBgWin",6,1],"165":["Animation/TieWin",0],"166":["Sprite/History/popup_statistic_31",6,1],"167":["Sprite/Chip/chipBigAtlas",7],"168":["Animation/BankerWin",0],"169":["Spine/EffectWinGate/anim_toast_card",5],"170":["Sprite/Setting/settingText",6,1],"171":["Sprite/txtPlayer",6,1],"172":["Animation/BlinkWin",0],"173":["Animation/EffectShowBtnBet",0],"174":["Animation/EffectHideBtnBet",0],"175":["Sprite/bg",6,1],"176":["Sprite/Menu/icon_left",6,1],"177":["Sprite/Menu/icon_leaderboard",6,1],"178":["Sprite/bgWinBP",6,1],"179":["Sprite/SoiCau/dot_BankerPair",6,1],"180":["Sprite/SoiCau/icon_Banker_PBP",6,1],"181":["Sprite/SoiCau/dot_tie",6,1],"182":["Spine/Dealer/anim_dealer",6,1],"183":["Sprite/btnRebet",6,1],"184":["Sprite/table",6,1],"185":["Sprite/PopupHistory/txt_BPair",6,1],"186":["Sprite/btnX2",6,1],"187":["Sprite/Chip/chipSmallAtlas",7],"188":["Sprite/PopupHistory/bgHistory",6,1],"189":["Sprite/SoiCau/icon_Tie_B",6,1],"190":["Sprite/bgNoc",6,1],"191":["Sprite/Menu/icon_history",6,1],"192":["Sprite/SoiCau/popup_statistic_17",6,1],"193":["Sprite/Menu/icon_rule",6,1],"194":["Sprite/bgChair",6,1],"195":["Sprite/PopupHistory/txtTie",6,1],"196":["Sprite/bgGate",6,1],"197":["Sprite/btnClose",6,1],"198":["Sprite/SoiCau/icon_player",6,1],"199":["Sprite/bgTotalBetPair",6,1],"200":["Sprite/History/HistoryMini",7],"201":["Sprite/bgBetBankerPair",6,1]},"types":["cc.AnimationClip","cc.Prefab","cc.AudioClip","cc.Texture2D","cc.Asset","sp.SkeletonData","cc.SpriteFrame","cc.SpriteAtlas","cc.BitmapFont"],"uuids":["00tDPGh2dPtoe2fps3HhkN","04kNRpOn5N8pBz8j7D5YxM","12AHseEzJIN6dfTcedc37C","13qY6UkrpDvr1areL1Ea0F","19AdQmgl5M1KkYodTHRJWj","21Pz26SdFOIZGCbhGqPmwN","29IVU22rtEFbL/naR6YqQu","29mND0xP9JB4ZPEWNR9z6m","2aQuNYR6pEUZSAmHhgNUiE","2a++Pw/y1GBr0+pVbm4g7V","371/e9+NlGgLoshIIl8bMJ","3bjZsJOgxGzrZVx1qWsGBv","3dJZ1JdEhLcLxvG4I7dpc0","45kYeYWYRJ4bLFgtbE6vmt","5bOpo0b8RHm5mleF+n9SyJ","5fC6nQN2FDjb9Qclw3/1S3","5fP1KvOZdAD5mZNwe5cd9C","740E8Do7RIU4BCndkdBZ5Y","81e2Qjl6dA3II0nePdGPMz","82bh4knJpN0INY12XgYSz4","8dyv+p8VxLIpiuIuAPsNPd","92fEDHi+lLsJAD7qFWEiAS","96kikprnRGgqVB7Th59GH9","9es4HQCJ9Okadb/MnwFugv","a19D+rjWpFn5JepORMbR7O","a9rhx4Qr9HvLBIuM5R36AW","b2ZcFK/dtBtasAqr67JK+D","b6PQZePblOwJi98gPXcp3V","bacjr6rF5As7vkfFPxC1qb","bbpYxcTxtCw4dgNmBA6wxt","bf9oGXAURBcZn2kWzvx761","c6j11pItxLNKrnpX1x0YFq","cfpJhymSNIcY9/EmdZ3FUU","e0ffkgc3BAkrcZwDPOwwWu","e0/Pwhs1hKvZuq2yBvIWja","e6ZdLR1TBKvLvV45m6igbf","efj9SHukhG7I9o7V/XVevO","f0GDl9X/NOMLmvgLYWXnhh","01eOIYJYdGr5Mhmue7Urxu","01vPZv2GBMz4tIk9V2KY1N","011uwZGO9OnrEYQkVvwKsg","028erC45pML5ZRvKXokRnB","031VSw4dBKXJAqXTfUbor4","04fbfgO6lBbYsMXPP5y0nX","05gz/s9IJMAbKaDZfHEGzc","08JUH0Gm9GNbkdtzWHNsHq","08UXq7f/9MKo6wC3ozCErB","08rgLwqIlK+L9yM9eJxrFC","09EAtS3MNEbZPbo5fRdTR4","0bFSm8ZlZBpodc3EZp6a+J","0baK9oim1PGaPCz2s8Krsx","0b1uq7nIxLi4QD2WwUTxem","0fSkns0pdLlZyUp23EFmEU","0fuDniAvBF258wNyGCYhB7","14SZVJVrFKlLff8ZugsiKO","14e8dda60","15e5cb7c1","191364fb4","1a7a0e57d","1b3fbc470","1ba7ef9ed","1dad6a651","1df7e76f0","1ecgv4WHhC9o0vDkW92zwB","1epedGtGREBKVARWPJ4R/K","1evqyyfnxITKxkLhapJejl","1fhI+QkyFFvrYzUIWZD2R9","20PQ088npAFqVNwbRATPLN","21Mzh+am1BN4EDKxQNHweG","21w0bbM3dL1p76Kkh8p1dm","217cA+lQ5Nea9FeicPK8Eu","22j9EoyLNMDIus1c2+zRQU","22s02QL2xFD4vQQCIAxwdJ","23/CdOv3BBf7dgYwAEDYS+","25XSwDXEpNdbSG0fhAzAAQ","2fgQ+G+5pAwowLLEtpRijj","332lBE+slGxqHXUVDzqS7l","34p6SdurdN2LidLfsOIJyU","35Rfp4NqhFG7aaxUrOzqcF","35dFmCFAxHWo/CwVun57QW","39lXE6WppOqKiJ7DIbkz4M","3dnZHi1SpGg5w+DcULbWWl","40uJhPmY5PoIZtr6vXjDBa","4292WcErJPEKtuJeEAU7tn","45ZO8QwtVEvb7BSwejvlmT","46sNrFhw5CHrJdq7o+l/Gk","465i9ngh1A05Lb8s25PZoD","488FmhS4pBmIgcA+XfWO9d","4aQF8gTlhO340QEvXQi3m1","4bRCWbuYJJnLWtwmFaIgnI","4badS8GdtBWqu91PpPh9fh","4b3Mb9TP1MNJvB/Innrmv5","4cOfYA6WJMM7Gi4vraNGad","4e0kncp5NK27B7FQq+ZSD7","51kM+m4cZCOYgawAaMTzsZ","53m2PrsAxDz75ji0UIFXmU","532Kr3iohOo7Z1WnSPPKRf","54rn5Ipr1Kw6GUp6Jb3fa+","55FGaD32NMHIyEtFksdUwN","56KthGBjtAQ7NWLNaN/6ZG","58m0koSxtHF7b85h9ZEpxZ","5ddFlOnd1OI6gd+JG5gZMs","5fPOaDtrdJZ7NxEaZYJiLM","5flY57iDtNMKjnv8evgWeD","62UpqSCwtDaoe7fe5K41sC","64ZxktqAxI7qV+9Ae81i6P","68s7fSJ/xJPKfCKtglelxP","699crva9FNcLyU6Gqu/yLr","6bahtMYR1Cwrfgdp/+0uFI","72k42Mgd1M8Lpx8wefPMKi","74RifftCJCvoKvF41ZHL/m","75z9EZKZ9ELZHPZe1xIp3Q","77F1CJJoJOPa76BuSea7OE","77kj8bMjdDUpa7fn9shpY+","77k2IyXMRHso+xSbEG0usV","78V5zuVBFDxKi2CcpqDuyK","78cPd5pA9A357zfVYDh0Gt","7agxCjz+xLOqF/1vh6jXH5","7b4JiIc8lO/ptvTrz9PgmH","81qkHv3slC06ThlNaHRvno","829MGtxs1A7abjUyp9C2yX","82+OWMHClKELDfAFLTntKa","84PfvKd69HCKvQlgysI3I6","84l23donFOfrTrewZ9+3LO","88TtZqGNNNeoC7Zl5GO1OP","88bNeXkT1JJ75lrBWxrBEh","8aqPcvqfFJPZo9nP4jlEER","8av/O/nElJ36KmqQoJgvgS","8e7E4w80tIxJSJppx0fdj1","8fa5xG5UVHC79rstNZJrlE","90RSsaeNBCdakgsobLnXmr","940nK28n5Ct4nMd/ECRmKQ","99K9HZqt9E6KXIubTD1njv","99zUjcdWJK2ptSE/7XOA5s","9aT7lknYlJm7Q/YF1VCoLK","9afw48DSlBA43brlZQ7PTP","9ca2jfNopFK47YEkUg4n0X","9dOJhfRmhAWYX+4Uwo+nos","9fXWf0uk1H3bCKmJsDdlyH","a1AXiRxq5OPIzwNDrLLZ5g","a1HaeYKGdJa7+cHrIMR22I","a4xMbKtapF9YsAFsFjmfU2","a5Lb+In5dH4J7WDcWJ5Ucc","a5yn/iB01Atob+NUE7L3gF","a5/suaAlhHWIKom7dYQ+jI","a61+2uwmlL6I7fuDf5NmXg","aaAsXFmM9OHYcX6ppu6Swp","aaaFb7DjpAApR/lHfi87ie","achnGAsiBI56pJVP7Fwv9T","addNiMupZDv77kWk2IYia5","b2VzjYB2hP5qI98Dscy0UC","b4X2DfogBNBqvA4Q9jDXR4","b7akvhnLtAIK6W30/6TKPc","b7hCjpGF5HrZlHL2T9woqs","b8R+R+zuVF9qXc+i1qa25b","ban1ED1UFI+acLqeciRICj","ba7vtDHHdE2ZQ0GThbzmBr","bbHZX7vkRFQ6frVACMNSva","bb7eJqoitJc5JA3GYjqGaF","bcyUdjVG9AyJoNhrV2tQ6B","be+mQWxfJGrISRPBBQDrHI","c0y0OAlztCO5C7xYelUwa6","c30VGoto9B76SI2pFIZlCd","c4HBz0rHxLZI2GbfGYJ99y","c41LvrIiZCu5WD3OsTVfFP","c91sHscRpCDqzPSoqP8h+v","ce7aStD6tCC4EYILjcS9mG","d1JxnjWpBGs6R/pJZ7eRFY","d1f23lhBdCO5byKXYucMyC","d479wjiGNK3IjMZC3FxOqn","d82h2JMf5G55/TluTom8dS","d9ziGLi3hBEpBConYFUaWP","d94lsx4YJGPoxctLIxAapN","daOMXA2qREu5tffI1Z0siD","dbFqeyiVdG+ryc/+L0ejlt","dbJKrCSHRP6rOf9Xg77C36","dbwFG3IGRIzq6qyU9fXwHk","dcBq9YQUlAfbgwuJyGvWUP","dcOUAsXzZPi4EdATZW2VM6","dcrxaXMq1AY4W22U0pcsvt","dfSOUJG/FFiYwPYg7xunR6","e0i9L1IVNKOJWSnBGkycal","e1r6jRJ+NL2p/FsO5dmsWH","e6yJxyhjFCl68tkVL1JMxY","e7LQNKDaVBvJXkWKCA+VLV","e7h/ksuJxAirNiHbTKOGw9","e8LItVFy1Jeb6cx5PRLnJj","ecSgcCFaZJAqCRThP1VBym","edhlVgjQ9BbrJlV78ohN47","f1si9nbOFNWZR/NuxDMgQJ","f4HMazY1RFaazLjWt5n3AZ","f5qx6FaxZETJh2aAU0aNoz","f6JSlaHB9D6JKn58OtQJ1l","f7iwU/N9FBXJPNkJxMhwuE","f8BIp2fLlPUq6RI4O96K8T","f9/MVVf8VMFYoarLbdkGfF","faE5SXPO9BMKT0brbNAc9K","fbNZWcGVpO0LJn1/PNIml1","fbiyu+HARORrjVIXQ/+zfn","fduBieW7FEeZvh5eQUYFlY","ffHV/+5mtMhod4/7FnnmEN","ffbCLlbLtL0rhiBewvamce","05xbI8trRD6KPQaayuapiF","07A8bH0S1GWLs6nfx7x0x/","0dOQHGpsxIY4j8/fOedOf/","0fZ0I7DFlI+oRbneZCIax7","10gWbiPKhD6r0QfndbkNfW","12MzMgS4BD4o5GFjif0Jyx","16yutIl5tKpZltoNj7BObn","1cBk3OXhtNgLl0wbRp3QDU","1dNUt58apAVJk7P4nNkegl","1eVhq+9jhOw4wkn/n5xnt/","2295hbdW1A77Sc8eSsHBWl","23MmhdcodAxoiZXNXlXZkk","27IR7er+RDPbLU04ghV4UE","27sIaVMhpKnYk8S7KN9d+K","28Uf6iKP9G2KHeTUxjzXlE","2aA4MZUilMYJ8EZ+peIoEu","2cd8nKSChF5ZjkHor4yk0C","327WbVwQtOHrBpRTiHR4Hl","33t7yvTx9KX47B9Lz9lS4y","35KMVE2MRCc4PdbJC48i9c","35dP/AUP1Nu74R1SgDSF0q","3ae7efMv1CLq2ilvUY/tQi","42YtWQDWtFPoOyFB860fhu","45phH2PG1BE5RT/1tjBn5X","4eLRXqF4JGzZlyWNgI9dJE","51nCezhtNFqJJvEm6r7Vit","511SvXDzpEf4LNPZTzcLNu","55NxIJBDBGAKZ6aSomoJ0p","57xHKYOGRGkrBtOg/VjRwD","58CvuAUrxCMZfYQqmJ5xCJ","58DkPqnSVAP5WjvMNCTZXT","5cB7rkUdxKlbhowQtenO55","5fN0iS3g9IJ5WBj0QeAtt2","61RTsblsxN7Y1aypUYrZ+e","62qlbcSbNCKoWIcZeT/DMW","64H/RZ1stDY7wlpa+G/jxx","66Ssh2HTpPD735a3olMlAB","6aMpOSGixPj7+JtCtxWJLF","6av95ZWkpDhptAIOKkbofS","6eI3sA6K5DXYqaFVgpyUKq","73uBdh+ARJTJYmMQyNT8JU","75/52i6mpD06uelXxc+49D","7atnkm+vtBk6Mvv8DBz46m","7a/QZLET9IDreTiBfRn2PD","81VUnr231NM4elxSHOnQKk","81tGU3niVAe55bN+1pOtx2","88ncIA0U1KxrhgiWy3cAyT","8azoXYJYxBvbcrkV1die++","8a5gAdJVxA8qDH6jDGSsB/","8blzegt75DqoHCtSoMaynS","8cDfTmoSNM1rsAIJIBQRMC","8cjL48Y75KLY7XCFKr9z7H","8dFiU4KYlMLbnrhqus2f1N","8eAzhdkpFO2YRxm3B8K+rj","91OJQhyY5Acr3Phg1xnZ5z","98CBzJMv5DWZi1F69/ooco","9bIJesuydEL6P1Q+qE+QwW","9cPrLDdatMLqeeWsVaAnFK","a00omABU9MDogobLMQQbvf","a1docww7lOXJXxDrk9Ztxg","a2MjXRFdtLlYQ5ouAFv/+R","a3Qy2QDYBGN4v+XFJnNRjD","a31V4MRKJAkYyXEtkPIQb2","a4nhnwmVRJN59+dyUCgNLn","a9AHst1tJDY7wX6+pWkveT","a9zLxCeDtDfqND4MtKm1kl","aasUG3xXJN4KBrpEnFTjyo","acAcmhwC1Ka4mXC80XRklP","acL14QwxdD9LUrb3s01WJL","afQu4+lxdPXLgTdXCs80Ok","b3dFy2FLBE8LVNJ4lpNU4w","b6g5PfnKVCqqSTZPimwvVp","b7bWU+tjZA+Yu4KpGLNh/2","bcaYtPygZGZojjF7rSK8/X","bfRJXarOpJ6rsUXIsXXGUi","bfYbZSoKBK8oRFO5fTMczV","c00GWigO9Jm4FuVWP7RRrR","c1P6s22pZB2rcAlb/I2k3S","c3jTc4PKZGo5WfynMvIsQH","c7xeu9RClMd7bqU4GqYHHM","c8aTdih3BAX47p6gF17KIc","cbasJT0h5BZqaFkTblBgi0","ceWPu51m1NlpTpDp9nRZvL","cfr9EFJUhIx7L8W+RTtXMP","d95Vq8ynlB656AUfPBzm9n","da13bE6XROgJv5jDJaD/dc","des9rHnh5HLJUQ4qn8tpq0","dfb738Wj9HO7xb/eaNiVUP","e07H5633FIH5pIsF2ZVaLo","e11HWPWr9CRpHdhqn087g6","e5EBuoyGdPlY5zfgeid7dL","ecpdLyjvZBwrvm+cedCcQy","edj+EaNyJHuIt+3WDB8Uv5","f24gI1ABVHgqGuYzyUxa4A","fasEMLIllAsbP/mxv8fWhL","fbBaVOUc5ENJ3QhR80bWbu","fbijVjzm5Jwp8Gtvz+aX0Q","feSl9hpoFNoJ64e9HgMOfe"],"scenes":{"db://assets/Bundle/Baccarat/Baccarat.fire":142},"redirect":[219,0,223,1,244,0,245,1,262,0,263,0,293,1,197,0],"deps":["resources","internal"],"packs":{"014adcf5d":[203,204,209,210,211,213,214,215,216,217,218,221,222,224,227,228,98,229,230,231,233,235,236,239,240,241,246,247,249,250,252,254,256,257,258,259,260,267,270,271,272,273,277,279,283,284,285,286,287,288,292,294,295,296,299],"01789ee48":[42,44,97,117,170],"01cc0f174":[54,72,113,134,143,147,153,161,185,188,195],"02765fc75":[104,124],"03a5f0d18":[84,121],"04ca10c79":[78,138],"06259cc24":[202,208,225,234,242,243,248,253,255,261,264,268,278,290,291],"0696c56d4":[0,1,3,55,56,57,58,59,60,61,62,5,93,17,118,18,21,22,23,24,25,27,29,32,35,37],"0857a4dfa":[38,39,43,46,47,68,70,74,86,87,92,94,99,100,102,106,112,126,132,141,144,149,180,181,198],"08832efff":[205,206,207,232,238,251,265,266,269,274,275,276,282,297,298],"08b2a023d":[73,91,96,156],"0cf1e2030":[226,280,281,167],"0ea45cb32":[83,163],"0ee0c7a2e":[40,152],"0f3f00e5b":[150,165],"0ffb69344":[41,45,48,49,52,53,2,63,64,65,66,67,69,71,212,6,7,8,75,76,77,79,10,80,12,13,85,88,89,90,14,15,103,237,105,108,109,111,114,115,116,119,127,20,128,130,133,137,140,142,146,148,26,151,28,157,160,30,162,164,31,166,171,172,173,174,175,176,177,178,289,183,184,186,36,191,193,194,196,199,201]},"name":"41","importBase":"import","nativeBase":"native","debug":false,"isZip":false,"encrypted":false,"versions":{"import":["014adcf5d","a9e72","01789ee48","ec2b2","01cc0f174","66c21","02765fc75","9b182","03a5f0d18","4df0b","04ca10c79","f887a","06259cc24","11e7f","0696c56d4","a85c2","0857a4dfa","f8b95","08832efff","f1fe4","08b2a023d","cb989",50,"98b39",51,"29ae9","0cf1e2030","4f2d0","0ea45cb32","af2d2","0ee0c7a2e","fe629","0f3f00e5b","9962a","0ffb69344","725d4",4,"1332c",9,"22a33",220,"69512",11,"202a0",81,"076c0",82,"04647",95,"0d74a",101,"7a2ed",16,"f1dcc",107,"7671d",110,"7cbe5",19,"0f7e0",120,"55ff6",122,"30a3d",123,"c2e5b",125,"aaeb3",129,"c8ab0",131,"1817b",135,"71f7f",136,"58a14",139,"6658d",145,"b065d",154,"ac4ac",155,"f87b9",158,"8fedf",159,"4bf08",168,"e1064",169,"31b95",179,"6940d",33,"61d73",34,"75f99",182,"0f234",187,"a613e",189,"7d073",190,"1fe74",192,"e5955",200,"6013e"],"native":[0,"ef184",1,"23d74",2,"5ed11",3,"c5848",55,"70a6e",56,"e7ee2",4,"6a0d8",57,"f48cb",58,"a5c44",59,"13c66",60,"a0b4a",61,"f03b7",62,"cdf3e",5,"0b1be",6,"4adcb",7,"0873b",8,"1625c",9,"66505",10,"28fd1",11,"48c80",12,"3a7a1",13,"c0bb4",93,"371a4",14,"cc8f1",15,"42042",16,"bd857",17,"115d6",118,"ead9d",18,"6d720",19,"85cc4",20,"ded98",21,"70b93",22,"213b2",137,"dc12d",23,"0d56b",24,"70d29",25,"ed852",26,"c382a",27,"3c892",28,"9590e",29,"f413f",30,"38160",31,"6ec2a",32,"0019d",33,"e0d3e",34,"82f56",35,"feaa5",36,"ca2a4",37,"0cd10"]}}