{"paths":{"0":["Sprite/SoiCau/bgSoicau",3],"1":["Spine/CardNan/anim_nanbai",3],"2":["Sound/youWin",2],"3":["Spine/DealCard/anim_dealcard",3],"4":["Spine/DealCard/anim_dealcard",4],"5":["font/font_chu_vang",3],"6":["Sound/nodeMoreBet",2],"7":["Sound/playerWin",2],"8":["Sound/chipMoveToPlayer_turn2",2],"9":["Spine/CardNan/anim_nanbai",4],"10":["Sound/bgGame",2],"11":["Spine/EffectWinGate/anim_toast_card",4],"12":["Sound/chipBetThrow",2],"13":["Sound/chipPayMoveToPlayer_turn1",2],"14":["Sound/CardFlip",2],"15":["Sound/getChip",2],"16":["Sound/itTheTime",2],"17":["Spine/card",3],"18":["Spine/card",4],"19":["Sound/click",2],"20":["font/MyriadB_RNG_Gold-export",3],"21":["Sprite/Rule/rule_baccarat_1",3],"22":["Spine/Dealer/anim_dealer",3],"23":["font/fontTime-export",3],"24":["Spine/EffectWinGate/anim_toast_card",3],"25":["Sound/openCard",2],"26":["font/fontScore",3],"27":["Sound/BankerWin",2],"28":["Sprite/Rule/rule_baccarat_2",3],"29":["Sound/winGate",2],"30":["Sound/dealerStartBet",2],"31":["font/fontMoney1",3],"32":["Spine/Dealer/anim_dealer",4],"33":["Sprite/Rule/popup_rule",3],"34":["Sound/openPopup",2],"35":["Sprite/bg",3],"36":["Sprite/SoiCau/icon_Banker",6,1],"37":["Sprite/SoiCau/dot_tie_BP",6,1],"38":["font/MyriadB_RNG_Gold-export",6,1],"39":["Sprite/bgBetBanker",6,1],"40":["Prefab/PopupSetting",1],"41":["Sprite/SoiCau/popup_statistic_74",6,1],"42":["Sprite/Setting/popup_setting",6,1],"43":["Sprite/btnGroupPlayer",6,1],"44":["Sprite/SoiCau/icon_Banker_PP",6,1],"45":["Sprite/SoiCau/dot_Player_BankerPair",6,1],"46":["Sprite/History/icon_banker",6,1],"47":["Sprite/bgBet",6,1],"48":["Sprite/SoiCau/SoiCauAtlas",7],"49":["Spine/card",5],"50":["Sprite/titleGate",6,1],"51":["Sprite/History/normal_statistic",6,1],"52":["Sprite/PopupHistory/txtBanker",6,1],"61":["Sprite/btnBack",6,1],"62":["Sprite/icon$",6,1],"63":["Sprite/bgPlayer",6,1],"64":["Animation/EndEffectWin",0],"65":["Sprite/bgBetPlayerPair",6,1],"66":["Sprite/SoiCau/popup_statistic_82",6,1],"67":["Sprite/line_divide",6,1],"68":["Sprite/SoiCau/bgSoicau",6,1],"69":["Sprite/btnNextOn",6,1],"70":["Sprite/bgPageIndex",6,1],"71":["Sprite/Rule/popup_rule",6,1],"72":["Sprite/SoiCau/dot_Banker_PP",6,1],"73":["Sprite/bgLight1",6,1],"74":["Sprite/titleGateBPair",6,1],"75":["Sprite/bgAvatarOther",6,1],"76":["font/fontMoney1",6,1],"77":["Sprite/titleGatePPair",6,1],"78":["Sprite/bgWin_P",6,1],"79":["Spine/Dealer/anim_dealer",5],"80":["Sprite/SoiCau/popup_statistic_93",6,1],"81":["font/fontScore",8],"82":["font/font_chu_vang",8],"83":["Sprite/bgTotalBet",6,1],"84":["Sprite/SoiCau/dot_Player_PP",6,1],"85":["Sprite/SoiCau/tieSplash",6,1],"86":["Sprite/History/popup_statistic_32",6,1],"87":["Sprite/History/icon_player",6,1],"88":["Sprite/btnStatistic",6,1],"89":["Prefab/PopupRule",1],"90":["Sprite/SoiCau/dot_Player",6,1],"92":["Sprite/SoiCau/popup_statistic_73",6,1],"93":["Sprite/Rule/rule_baccarat_2",6,1],"94":["Sprite/Setting/btn_inactive",6,1],"95":["Sprite/Card/cardAtlas",7],"96":["Sprite/SoiCau/dot_tie_PP",6,1],"97":["Sprite/SoiCau/icon_Player_PBP",6,1],"98":["Spine/CardNan/anim_nanbai",5],"99":["Sprite/SoiCau/icon_Player_BP",6,1],"100":["Sprite/bgWin_Tie",6,1],"101":["font/fontTime-export",8],"102":["Sprite/bgBetPlayer",6,1],"103":["Sprite/SoiCau/dot_Player_PBP",6,1],"104":["Sprite/SoiCau/popup_statistic_99",6,1],"105":["Sprite/History/popup_statistic_30",6,1],"106":["Sprite/noImg",6,1],"107":["Sprite/History/popup_statistic_87",6,1],"108":["Sprite/btnTop",6,1],"109":["Sprite/SoiCau/icon_Player_PP",6,1],"110":["Prefab/PopupHistory",1],"111":["Sprite/bgLight2",6,1],"112":["Sprite/Menu/panel_menu",6,1],"113":["Sprite/bgBetTie",6,1],"114":["Sprite/Setting/btn_active",6,1],"117":["Sprite/History/icon_tie",6,1],"118":["Sprite/SoiCau/dot_PlayerPair",6,1],"119":["font/font_chu_vang",6,1],"120":["Sprite/bgWinResult",6,1],"121":["Spine/EffectWinGate/anim_toast_card",6,1],"122":["font/fontTime-export",6,1],"123":["Sprite/bgSoiCau",6,1],"124":["Prefab/PopupSoiCau",1],"125":["Sprite/bgWin_PP",6,1],"126":["Sprite/bgRoomInfo",6,1],"127":["Spine/CardNan/anim_nanbai",6,1],"128":["Animation/EffectWin",0],"129":["Sprite/BaccaratAtlas",7],"130":["Sprite/SoiCau/dot_Banker",6,1],"131":["Sprite/bgAvatarMe",6,1],"132":["Sprite/PopupHistory/txtPPair",6,1],"133":["Spine/card",6,1],"134":["Spine/DealCard/anim_dealcard",5],"136":["font/fontMoney1",8],"137":["Sprite/bgName",6,1],"138":["Sprite/SoiCau/dot_Banker_BankerPair",6,1],"140":["Sprite/btnNextPage",6,1],"141":["Sprite/SoiCau/icon_Banker_BP",6,1],"142":["Spine/DealCard/anim_dealcard",6,1],"143":["Sprite/btTImer",6,1],"144":["Sprite/PopupHistory/txtPlayer",6,1],"145":["Sprite/bgNocClear",6,1],"146":["Sprite/SoiCau/dot_tie_PBP",6,1],"147":["Sprite/bgTieResult",6,1],"148":["Sprite/Menu/btn_open",6,1],"149":["font/MyriadB_RNG_Gold-export",8],"150":["Sprite/line",6,1],"151":["Sprite/SoiCau/dot_Banker_PBP",6,1],"152":["Sprite/SoiCau/icon_Tie_p",6,1],"153":["Sprite/Rule/rule_baccarat_1",6,1],"154":["Sprite/Menu/Icon_Setting",6,1],"155":["Sprite/bgPopup",6,1],"156":["Sprite/btnNextOff",6,1],"157":["Sprite/bgWin_B",6,1],"158":["Sprite/rollItem",6,1],"159":["Sprite/txtBanker",6,1],"160":["font/fontScore",6,1],"161":["Sprite/backBgWin",6,1],"162":["Animation/TieWin",0],"163":["Sprite/History/popup_statistic_31",6,1],"164":["Sprite/Chip/chipBigAtlas",7],"165":["Animation/BankerWin",0],"166":["Spine/EffectWinGate/anim_toast_card",5],"167":["Sprite/Setting/settingText",6,1],"168":["Sprite/txtPlayer",6,1],"169":["Animation/BlinkWin",0],"170":["Animation/EffectShowBtnBet",0],"171":["Animation/EffectHideBtnBet",0],"172":["Sprite/bg",6,1],"173":["Sprite/Menu/icon_left",6,1],"174":["Sprite/Menu/icon_leaderboard",6,1],"175":["Sprite/bgWinBP",6,1],"176":["Sprite/SoiCau/dot_BankerPair",6,1],"177":["Sprite/SoiCau/icon_Banker_PBP",6,1],"178":["Sprite/SoiCau/dot_tie",6,1],"179":["Spine/Dealer/anim_dealer",6,1],"180":["Sprite/btnRebet",6,1],"181":["Sprite/table",6,1],"182":["Sprite/PopupHistory/txt_BPair",6,1],"183":["Sprite/btnX2",6,1],"184":["Sprite/Chip/chipSmallAtlas",7],"185":["Sprite/PopupHistory/bgHistory",6,1],"186":["Sprite/SoiCau/icon_Tie_B",6,1],"187":["Sprite/bgNoc",6,1],"188":["Sprite/Menu/icon_history",6,1],"189":["Sprite/SoiCau/popup_statistic_17",6,1],"190":["Sprite/Menu/icon_rule",6,1],"191":["Sprite/bgChair",6,1],"192":["Sprite/PopupHistory/txtTie",6,1],"193":["Sprite/bgGate",6,1],"194":["Sprite/btnClose",6,1],"195":["Sprite/SoiCau/icon_player",6,1],"196":["Sprite/bgTotalBetPair",6,1],"197":["Sprite/History/HistoryMini",7],"198":["Sprite/bgBetBankerPair",6,1]},"types":["cc.AnimationClip","cc.Prefab","cc.AudioClip","cc.Texture2D","cc.Asset","sp.SkeletonData","cc.SpriteFrame","cc.SpriteAtlas","cc.BitmapFont"],"uuids":["00tDPGh2dPtoe2fps3HhkN","04kNRpOn5N8pBz8j7D5YxM","12AHseEzJIN6dfTcedc37C","13qY6UkrpDvr1areL1Ea0F","19AdQmgl5M1KkYodTHRJWj","21Pz26SdFOIZGCbhGqPmwN","29IVU22rtEFbL/naR6YqQu","29mND0xP9JB4ZPEWNR9z6m","2aQuNYR6pEUZSAmHhgNUiE","2a++Pw/y1GBr0+pVbm4g7V","371/e9+NlGgLoshIIl8bMJ","3bjZsJOgxGzrZVx1qWsGBv","3dJZ1JdEhLcLxvG4I7dpc0","45kYeYWYRJ4bLFgtbE6vmt","5bOpo0b8RHm5mleF+n9SyJ","5fC6nQN2FDjb9Qclw3/1S3","5fP1KvOZdAD5mZNwe5cd9C","740E8Do7RIU4BCndkdBZ5Y","82bh4knJpN0INY12XgYSz4","8dyv+p8VxLIpiuIuAPsNPd","92fEDHi+lLsJAD7qFWEiAS","96kikprnRGgqVB7Th59GH9","9es4HQCJ9Okadb/MnwFugv","a19D+rjWpFn5JepORMbR7O","a9rhx4Qr9HvLBIuM5R36AW","b2ZcFK/dtBtasAqr67JK+D","b6PQZePblOwJi98gPXcp3V","bacjr6rF5As7vkfFPxC1qb","bbpYxcTxtCw4dgNmBA6wxt","bf9oGXAURBcZn2kWzvx761","c6j11pItxLNKrnpX1x0YFq","cfpJhymSNIcY9/EmdZ3FUU","e0ffkgc3BAkrcZwDPOwwWu","e6ZdLR1TBKvLvV45m6igbf","efj9SHukhG7I9o7V/XVevO","f0GDl9X/NOMLmvgLYWXnhh","01eOIYJYdGr5Mhmue7Urxu","01vPZv2GBMz4tIk9V2KY1N","011uwZGO9OnrEYQkVvwKsg","028erC45pML5ZRvKXokRnB","031VSw4dBKXJAqXTfUbor4","04fbfgO6lBbYsMXPP5y0nX","05gz/s9IJMAbKaDZfHEGzc","08JUH0Gm9GNbkdtzWHNsHq","08UXq7f/9MKo6wC3ozCErB","08rgLwqIlK+L9yM9eJxrFC","09EAtS3MNEbZPbo5fRdTR4","0bFSm8ZlZBpodc3EZp6a+J","0baK9oim1PGaPCz2s8Krsx","0b1uq7nIxLi4QD2WwUTxem","0fSkns0pdLlZyUp23EFmEU","0fuDniAvBF258wNyGCYhB7","14SZVJVrFKlLff8ZugsiKO","14e8dda60","15e5cb7c1","191364fb4","1a7a0e57d","1b3fbc470","1ba7ef9ed","1dad6a651","1df7e76f0","1ecgv4WHhC9o0vDkW92zwB","1epedGtGREBKVARWPJ4R/K","1evqyyfnxITKxkLhapJejl","1fhI+QkyFFvrYzUIWZD2R9","20PQ088npAFqVNwbRATPLN","21Mzh+am1BN4EDKxQNHweG","21w0bbM3dL1p76Kkh8p1dm","217cA+lQ5Nea9FeicPK8Eu","22j9EoyLNMDIus1c2+zRQU","22s02QL2xFD4vQQCIAxwdJ","23/CdOv3BBf7dgYwAEDYS+","25XSwDXEpNdbSG0fhAzAAQ","2fgQ+G+5pAwowLLEtpRijj","332lBE+slGxqHXUVDzqS7l","34p6SdurdN2LidLfsOIJyU","35Rfp4NqhFG7aaxUrOzqcF","35dFmCFAxHWo/CwVun57QW","39lXE6WppOqKiJ7DIbkz4M","3dnZHi1SpGg5w+DcULbWWl","40uJhPmY5PoIZtr6vXjDBa","4292WcErJPEKtuJeEAU7tn","45ZO8QwtVEvb7BSwejvlmT","46sNrFhw5CHrJdq7o+l/Gk","465i9ngh1A05Lb8s25PZoD","488FmhS4pBmIgcA+XfWO9d","4aQF8gTlhO340QEvXQi3m1","4bRCWbuYJJnLWtwmFaIgnI","4badS8GdtBWqu91PpPh9fh","4b3Mb9TP1MNJvB/Innrmv5","4cOfYA6WJMM7Gi4vraNGad","4e0kncp5NK27B7FQq+ZSD7","51kM+m4cZCOYgawAaMTzsZ","532Kr3iohOo7Z1WnSPPKRf","54rn5Ipr1Kw6GUp6Jb3fa+","55FGaD32NMHIyEtFksdUwN","56KthGBjtAQ7NWLNaN/6ZG","58m0koSxtHF7b85h9ZEpxZ","5ddFlOnd1OI6gd+JG5gZMs","5fPOaDtrdJZ7NxEaZYJiLM","5flY57iDtNMKjnv8evgWeD","62UpqSCwtDaoe7fe5K41sC","64ZxktqAxI7qV+9Ae81i6P","68s7fSJ/xJPKfCKtglelxP","699crva9FNcLyU6Gqu/yLr","6bahtMYR1Cwrfgdp/+0uFI","72k42Mgd1M8Lpx8wefPMKi","74RifftCJCvoKvF41ZHL/m","75z9EZKZ9ELZHPZe1xIp3Q","77F1CJJoJOPa76BuSea7OE","77kj8bMjdDUpa7fn9shpY+","77k2IyXMRHso+xSbEG0usV","78V5zuVBFDxKi2CcpqDuyK","78cPd5pA9A357zfVYDh0Gt","7agxCjz+xLOqF/1vh6jXH5","7b4JiIc8lO/ptvTrz9PgmH","81e2Qjl6dA3II0nePdGPMz","81qkHv3slC06ThlNaHRvno","829MGtxs1A7abjUyp9C2yX","82+OWMHClKELDfAFLTntKa","84PfvKd69HCKvQlgysI3I6","84l23donFOfrTrewZ9+3LO","88TtZqGNNNeoC7Zl5GO1OP","88bNeXkT1JJ75lrBWxrBEh","8aqPcvqfFJPZo9nP4jlEER","8av/O/nElJ36KmqQoJgvgS","8e7E4w80tIxJSJppx0fdj1","8fa5xG5UVHC79rstNZJrlE","90RSsaeNBCdakgsobLnXmr","940nK28n5Ct4nMd/ECRmKQ","99K9HZqt9E6KXIubTD1njv","99zUjcdWJK2ptSE/7XOA5s","9aT7lknYlJm7Q/YF1VCoLK","9afw48DSlBA43brlZQ7PTP","9ca2jfNopFK47YEkUg4n0X","9dOJhfRmhAWYX+4Uwo+nos","9fXWf0uk1H3bCKmJsDdlyH","a1HaeYKGdJa7+cHrIMR22I","a4xMbKtapF9YsAFsFjmfU2","a5Lb+In5dH4J7WDcWJ5Ucc","a5yn/iB01Atob+NUE7L3gF","a5/suaAlhHWIKom7dYQ+jI","a61+2uwmlL6I7fuDf5NmXg","aaAsXFmM9OHYcX6ppu6Swp","aaaFb7DjpAApR/lHfi87ie","achnGAsiBI56pJVP7Fwv9T","addNiMupZDv77kWk2IYia5","b2VzjYB2hP5qI98Dscy0UC","b4X2DfogBNBqvA4Q9jDXR4","b7akvhnLtAIK6W30/6TKPc","b7hCjpGF5HrZlHL2T9woqs","b8R+R+zuVF9qXc+i1qa25b","ban1ED1UFI+acLqeciRICj","ba7vtDHHdE2ZQ0GThbzmBr","bbHZX7vkRFQ6frVACMNSva","bb7eJqoitJc5JA3GYjqGaF","bcyUdjVG9AyJoNhrV2tQ6B","be+mQWxfJGrISRPBBQDrHI","c0y0OAlztCO5C7xYelUwa6","c30VGoto9B76SI2pFIZlCd","c4HBz0rHxLZI2GbfGYJ99y","c41LvrIiZCu5WD3OsTVfFP","c91sHscRpCDqzPSoqP8h+v","ce7aStD6tCC4EYILjcS9mG","d1JxnjWpBGs6R/pJZ7eRFY","d1f23lhBdCO5byKXYucMyC","d479wjiGNK3IjMZC3FxOqn","d82h2JMf5G55/TluTom8dS","d9ziGLi3hBEpBConYFUaWP","d94lsx4YJGPoxctLIxAapN","daOMXA2qREu5tffI1Z0siD","dbFqeyiVdG+ryc/+L0ejlt","dbJKrCSHRP6rOf9Xg77C36","dbwFG3IGRIzq6qyU9fXwHk","dcBq9YQUlAfbgwuJyGvWUP","dcOUAsXzZPi4EdATZW2VM6","dcrxaXMq1AY4W22U0pcsvt","dfSOUJG/FFiYwPYg7xunR6","e0i9L1IVNKOJWSnBGkycal","e1r6jRJ+NL2p/FsO5dmsWH","e6yJxyhjFCl68tkVL1JMxY","e7LQNKDaVBvJXkWKCA+VLV","e7h/ksuJxAirNiHbTKOGw9","e8LItVFy1Jeb6cx5PRLnJj","ecSgcCFaZJAqCRThP1VBym","edhlVgjQ9BbrJlV78ohN47","f1si9nbOFNWZR/NuxDMgQJ","f4HMazY1RFaazLjWt5n3AZ","f5qx6FaxZETJh2aAU0aNoz","f6JSlaHB9D6JKn58OtQJ1l","f7iwU/N9FBXJPNkJxMhwuE","f8BIp2fLlPUq6RI4O96K8T","f9/MVVf8VMFYoarLbdkGfF","faE5SXPO9BMKT0brbNAc9K","fbNZWcGVpO0LJn1/PNIml1","fbiyu+HARORrjVIXQ/+zfn","fduBieW7FEeZvh5eQUYFlY","ffHV/+5mtMhod4/7FnnmEN","ffbCLlbLtL0rhiBewvamce","05xbI8trRD6KPQaayuapiF","07A8bH0S1GWLs6nfx7x0x/","0dOQHGpsxIY4j8/fOedOf/","0fZ0I7DFlI+oRbneZCIax7","10gWbiPKhD6r0QfndbkNfW","12MzMgS4BD4o5GFjif0Jyx","16yutIl5tKpZltoNj7BObn","1cBk3OXhtNgLl0wbRp3QDU","1dNUt58apAVJk7P4nNkegl","1eVhq+9jhOw4wkn/n5xnt/","2295hbdW1A77Sc8eSsHBWl","23MmhdcodAxoiZXNXlXZkk","27IR7er+RDPbLU04ghV4UE","27sIaVMhpKnYk8S7KN9d+K","28Uf6iKP9G2KHeTUxjzXlE","2aA4MZUilMYJ8EZ+peIoEu","2cd8nKSChF5ZjkHor4yk0C","327WbVwQtOHrBpRTiHR4Hl","33t7yvTx9KX47B9Lz9lS4y","35KMVE2MRCc4PdbJC48i9c","35dP/AUP1Nu74R1SgDSF0q","3ae7efMv1CLq2ilvUY/tQi","42YtWQDWtFPoOyFB860fhu","45phH2PG1BE5RT/1tjBn5X","4eLRXqF4JGzZlyWNgI9dJE","51nCezhtNFqJJvEm6r7Vit","511SvXDzpEf4LNPZTzcLNu","53m2PrsAxDz75ji0UIFXmU","55NxIJBDBGAKZ6aSomoJ0p","57xHKYOGRGkrBtOg/VjRwD","58CvuAUrxCMZfYQqmJ5xCJ","58DkPqnSVAP5WjvMNCTZXT","5cB7rkUdxKlbhowQtenO55","5fN0iS3g9IJ5WBj0QeAtt2","61RTsblsxN7Y1aypUYrZ+e","62qlbcSbNCKoWIcZeT/DMW","64H/RZ1stDY7wlpa+G/jxx","66Ssh2HTpPD735a3olMlAB","6aMpOSGixPj7+JtCtxWJLF","6av95ZWkpDhptAIOKkbofS","6eI3sA6K5DXYqaFVgpyUKq","73uBdh+ARJTJYmMQyNT8JU","75/52i6mpD06uelXxc+49D","7atnkm+vtBk6Mvv8DBz46m","7a/QZLET9IDreTiBfRn2PD","81VUnr231NM4elxSHOnQKk","81tGU3niVAe55bN+1pOtx2","88ncIA0U1KxrhgiWy3cAyT","8azoXYJYxBvbcrkV1die++","8a5gAdJVxA8qDH6jDGSsB/","8blzegt75DqoHCtSoMaynS","8cDfTmoSNM1rsAIJIBQRMC","8cjL48Y75KLY7XCFKr9z7H","8dFiU4KYlMLbnrhqus2f1N","8eAzhdkpFO2YRxm3B8K+rj","91OJQhyY5Acr3Phg1xnZ5z","98CBzJMv5DWZi1F69/ooco","9bIJesuydEL6P1Q+qE+QwW","9cPrLDdatMLqeeWsVaAnFK","a00omABU9MDogobLMQQbvf","a1docww7lOXJXxDrk9Ztxg","a2MjXRFdtLlYQ5ouAFv/+R","a3Qy2QDYBGN4v+XFJnNRjD","a31V4MRKJAkYyXEtkPIQb2","a4nhnwmVRJN59+dyUCgNLn","a9AHst1tJDY7wX6+pWkveT","a9zLxCeDtDfqND4MtKm1kl","aasUG3xXJN4KBrpEnFTjyo","acAcmhwC1Ka4mXC80XRklP","acL14QwxdD9LUrb3s01WJL","afQu4+lxdPXLgTdXCs80Ok","b3dFy2FLBE8LVNJ4lpNU4w","b6g5PfnKVCqqSTZPimwvVp","b7bWU+tjZA+Yu4KpGLNh/2","bcaYtPygZGZojjF7rSK8/X","bfRJXarOpJ6rsUXIsXXGUi","bfYbZSoKBK8oRFO5fTMczV","c00GWigO9Jm4FuVWP7RRrR","c1P6s22pZB2rcAlb/I2k3S","c3jTc4PKZGo5WfynMvIsQH","c7xeu9RClMd7bqU4GqYHHM","c8aTdih3BAX47p6gF17KIc","cbasJT0h5BZqaFkTblBgi0","ceWPu51m1NlpTpDp9nRZvL","cfr9EFJUhIx7L8W+RTtXMP","d95Vq8ynlB656AUfPBzm9n","da13bE6XROgJv5jDJaD/dc","des9rHnh5HLJUQ4qn8tpq0","dfb738Wj9HO7xb/eaNiVUP","e07H5633FIH5pIsF2ZVaLo","e11HWPWr9CRpHdhqn087g6","e5EBuoyGdPlY5zfgeid7dL","ecpdLyjvZBwrvm+cedCcQy","edj+EaNyJHuIt+3WDB8Uv5","f24gI1ABVHgqGuYzyUxa4A","fasEMLIllAsbP/mxv8fWhL","fbBaVOUc5ENJ3QhR80bWbu","fbijVjzm5Jwp8Gtvz+aX0Q","feSl9hpoFNoJ64e9HgMOfe"],"scenes":{"db://assets/Bundle/Baccarat/Baccarat.fire":139},"redirect":[216,0,220,1,242,0,243,1,260,0,261,0,291,1,194,0],"deps":["resources","internal"],"packs":{"014adcf5d":[200,201,206,207,208,210,211,212,213,214,215,218,219,221,224,225,95,227,228,229,231,233,234,237,238,239,244,245,247,248,250,252,254,255,256,257,258,265,268,269,270,271,275,277,281,282,283,284,285,286,290,292,293,294,297],"01789ee48":[40,42,94,114,167],"01cc0f174":[52,70,110,132,140,144,150,158,182,185,192],"02765fc75":[101,122],"03a5f0d18":[82,119],"04ca10c79":[76,136],"06259cc24":[199,205,222,232,240,241,246,251,253,259,262,266,276,288,289],"0696c56d4":[0,1,3,53,54,55,56,57,58,59,60,5,91,17,115,116,20,21,22,23,24,26,28,31,33,35],"0857a4dfa":[36,37,41,44,45,66,68,72,84,85,90,92,96,97,99,103,109,124,130,138,141,146,177,178,195],"08832efff":[202,203,204,230,236,249,263,264,267,272,273,274,280,295,296],"08b2a023d":[71,89,93,153],"0cf1e2030":[223,278,279,164],"0e80c2483":[39,43,46,47,50,51,2,61,62,63,64,65,67,69,209,6,7,8,73,74,75,77,10,78,12,13,83,86,87,88,226,14,15,100,235,102,105,106,108,111,112,113,117,125,19,126,128,131,135,137,139,143,145,25,148,27,154,157,29,159,161,30,163,168,169,170,171,172,173,174,175,287,180,181,183,34,188,190,191,193,196,198],"0ea45cb32":[81,160],"0ee0c7a2e":[38,149],"0f3f00e5b":[147,162]},"name":"41","importBase":"import","nativeBase":"native","debug":false,"isZip":false,"encrypted":false,"versions":{"import":["014adcf5d","a9e72","01789ee48","ec2b2","01cc0f174","66c21","02765fc75","9b182","03a5f0d18","4df0b","04ca10c79","f887a","06259cc24","11e7f","0696c56d4","a85c2","0857a4dfa","f8b95","08832efff","f1fe4","08b2a023d","cb989",48,"98b39",49,"d2ec0","0cf1e2030","4f2d0","0e80c2483","c76b6","0ea45cb32","af2d2","0ee0c7a2e","fe629","0f3f00e5b","9962a",4,"1332c",9,"22a33",217,"69512",11,"202a0",79,"9627e",80,"04647",98,"d1a2e",16,"f1dcc",104,"7671d",107,"7cbe5",18,"0f7e0",118,"55ff6",120,"30a3d",121,"c2e5b",123,"aaeb3",127,"c8ab0",129,"1817b",133,"71f7f",134,"420cf",142,"b065d",151,"ac4ac",152,"f87b9",155,"8fedf",156,"4bf08",165,"e1064",166,"9cc37",176,"6940d",32,"61d73",179,"0f234",184,"a613e",186,"7d073",187,"1fe74",189,"e5955",197,"6013e"],"native":[0,"ef184",1,"23d74",2,"5ed11",3,"c5848",53,"70a6e",54,"e7ee2",4,"0d25e",55,"f48cb",56,"a5c44",57,"13c66",58,"a0b4a",59,"f03b7",60,"cdf3e",5,"0b1be",6,"4adcb",7,"0873b",8,"1625c",9,"d870f",10,"28fd1",11,"a9553",12,"3a7a1",13,"c0bb4",91,"371a4",14,"cc8f1",15,"42042",16,"bd857",17,"115d6",115,"ead9d",116,"6d720",18,"09834",19,"ded98",20,"70b93",21,"213b2",135,"dc12d",22,"0d56b",23,"70d29",24,"ed852",25,"c382a",26,"3c892",27,"9590e",28,"f413f",29,"38160",30,"6ec2a",31,"0019d",32,"2106f",33,"feaa5",34,"ca2a4",35,"0cd10"]}}