{"paths":{"0":["font/font_chu_vang",5],"1":["font/fontMoney1",5],"2":["font/fontScore",5],"3":["font/fontTime-export",5],"4":["font/MyriadB_RNG_Gold-export",5],"5":["Sound/BankerWin",2],"6":["Sound/bgGame",2],"7":["Sound/CardFlip",2],"8":["Sound/chipBetThrow",2],"9":["Sound/chipMoveToPlayer_turn2",2],"10":["Sound/chipPayMoveToPlayer_turn1",2],"11":["Sound/click",2],"12":["Sound/dealerStartBet",2],"13":["Sound/getChip",2],"14":["Sound/itTheTime",2],"15":["Sound/nodeMoreBet",2],"16":["Sound/openCard",2],"17":["Sound/openPopup",2],"18":["Sound/playerWin",2],"19":["Sound/winGate",2],"20":["Sound/youWin",2],"21":["Spine/card",3],"22":["Spine/card",5],"23":["Spine/CardNan/anim_nanbai",3],"24":["Spine/CardNan/anim_nanbai",5],"25":["Spine/DealCard/anim_dealcard",3],"26":["Spine/DealCard/anim_dealcard",5],"27":["Spine/Dealer/anim_dealer",3],"28":["Spine/Dealer/anim_dealer",5],"29":["Spine/EffectWinGate/anim_toast_card",3],"30":["Spine/EffectWinGate/anim_toast_card",5],"31":["Spine/ToastWin/anim_toast_user",3],"32":["Spine/ToastWin/anim_toast_user",5],"33":["Sprite/SoiCau/bgSoicau",5],"34":["Sprite/Rule/rule_baccarat_2",5],"35":["Sprite/Rule/popup_rule",5],"36":["Sprite/Rule/rule_baccarat_1",5],"37":["Sprite/bg",5],"39":["Animation/BankerWin",0],"40":["Animation/BlinkWin",0],"41":["Animation/EffectHideBtnBet",0],"42":["Animation/EffectShowBtnBet",0],"43":["Animation/EffectWin",0],"44":["Animation/EndEffectWin",0],"45":["Animation/TieWin",0],"46":["font/font_chu_vang",8],"47":["font/font_chu_vang",6,1],"48":["font/fontMoney1",8],"49":["font/fontMoney1",6,1],"50":["font/fontScore",8],"51":["font/fontScore",6,1],"52":["font/fontTime-export",8],"53":["font/fontTime-export",6,1],"54":["font/MyriadB_RNG_Gold-export",8],"55":["font/MyriadB_RNG_Gold-export",6,1],"56":["Prefab/PopupHistory",1],"57":["Prefab/PopupRule",1],"58":["Prefab/PopupSetting",1],"59":["Prefab/PopupSoiCau",1],"60":["Spine/card",4],"61":["Spine/card",6,1],"62":["Spine/CardNan/anim_nanbai",4],"63":["Spine/CardNan/anim_nanbai",6,1],"64":["Spine/DealCard/anim_dealcard",4],"65":["Spine/DealCard/anim_dealcard",6,1],"66":["Spine/Dealer/anim_dealer",4],"67":["Spine/Dealer/anim_dealer",6,1],"68":["Spine/EffectWinGate/anim_toast_card",4],"69":["Spine/EffectWinGate/anim_toast_card",6,1],"70":["Spine/ToastWin/anim_toast_user",4],"71":["Spine/ToastWin/anim_toast_user",6,1],"72":["Sprite/BaccaratAtlas",7],"73":["Sprite/backBgWin",6,1],"74":["Sprite/bg",6,1],"75":["Sprite/bgAvatarMe",6,1],"76":["Sprite/bgAvatarOther",6,1],"77":["Sprite/bgBet",6,1],"78":["Sprite/bgBetBanker",6,1],"79":["Sprite/bgBetBankerPair",6,1],"80":["Sprite/bgBetPlayer",6,1],"81":["Sprite/bgBetPlayerPair",6,1],"82":["Sprite/bgBetTie",6,1],"83":["Sprite/bgChair",6,1],"84":["Sprite/bgGate",6,1],"85":["Sprite/bgLight1",6,1],"86":["Sprite/bgLight2",6,1],"87":["Sprite/bgName",6,1],"88":["Sprite/bgNoc",6,1],"89":["Sprite/bgNocClear",6,1],"90":["Sprite/bgPageIndex",6,1],"91":["Sprite/bgPlayer",6,1],"92":["Sprite/bgPopup",6,1],"93":["Sprite/bgRoomInfo",6,1],"94":["Sprite/bgSoiCau",6,1],"95":["Sprite/bgTieResult",6,1],"96":["Sprite/bgTotalBet",6,1],"97":["Sprite/bgTotalBetPair",6,1],"98":["Sprite/bgWin_B",6,1],"99":["Sprite/bgWin_P",6,1],"100":["Sprite/bgWin_PP",6,1],"101":["Sprite/bgWin_Tie",6,1],"102":["Sprite/bgWinBP",6,1],"103":["Sprite/bgWinResult",6,1],"104":["Sprite/btnBack",6,1],"105":["Sprite/btnClose",6,1],"106":["Sprite/btnGroupPlayer",6,1],"107":["Sprite/btnNextOff",6,1],"108":["Sprite/btnNextOn",6,1],"109":["Sprite/btnNextPage",6,1],"110":["Sprite/btnRebet",6,1],"111":["Sprite/btnStatistic",6,1],"112":["Sprite/btnTop",6,1],"113":["Sprite/btnX2",6,1],"114":["Sprite/btTImer",6,1],"115":["Sprite/Card/cardAtlas",7],"116":["Sprite/Chip/chipBigAtlas",7],"117":["Sprite/Chip/chipSmallAtlas",7],"118":["Sprite/History/HistoryMini",7],"119":["Sprite/History/icon_banker",6,1],"120":["Sprite/History/icon_player",6,1],"121":["Sprite/History/icon_tie",6,1],"122":["Sprite/History/normal_statistic",6,1],"123":["Sprite/History/popup_statistic_30",6,1],"124":["Sprite/History/popup_statistic_31",6,1],"125":["Sprite/History/popup_statistic_32",6,1],"126":["Sprite/History/popup_statistic_87",6,1],"127":["Sprite/icon$",6,1],"128":["Sprite/line_divide",6,1],"129":["Sprite/line",6,1],"130":["Sprite/Menu/btn_open",6,1],"131":["Sprite/Menu/icon_history",6,1],"132":["Sprite/Menu/icon_leaderboard",6,1],"133":["Sprite/Menu/icon_left",6,1],"134":["Sprite/Menu/icon_rule",6,1],"135":["Sprite/Menu/Icon_Setting",6,1],"136":["Sprite/Menu/panel_menu",6,1],"137":["Sprite/noImg",6,1],"138":["Sprite/PopupHistory/bgHistory",6,1],"139":["Sprite/PopupHistory/txt_BPair",6,1],"140":["Sprite/PopupHistory/txtBanker",6,1],"141":["Sprite/PopupHistory/txtPlayer",6,1],"142":["Sprite/PopupHistory/txtPPair",6,1],"143":["Sprite/PopupHistory/txtTie",6,1],"144":["Sprite/rollItem",6,1],"145":["Sprite/Rule/popup_rule",6,1],"146":["Sprite/Rule/rule_baccarat_1",6,1],"147":["Sprite/Rule/rule_baccarat_2",6,1],"148":["Sprite/Setting/btn_active",6,1],"149":["Sprite/Setting/btn_inactive",6,1],"150":["Sprite/Setting/popup_setting",6,1],"151":["Sprite/Setting/settingText",6,1],"152":["Sprite/SoiCau/bgSoicau",6,1],"153":["Sprite/SoiCau/dot_Banker_BankerPair",6,1],"154":["Sprite/SoiCau/dot_Banker_PBP",6,1],"155":["Sprite/SoiCau/dot_Banker_PP",6,1],"156":["Sprite/SoiCau/dot_Banker",6,1],"157":["Sprite/SoiCau/dot_BankerPair",6,1],"158":["Sprite/SoiCau/dot_Player_BankerPair",6,1],"159":["Sprite/SoiCau/dot_Player_PBP",6,1],"160":["Sprite/SoiCau/dot_Player_PP",6,1],"161":["Sprite/SoiCau/dot_Player",6,1],"162":["Sprite/SoiCau/dot_PlayerPair",6,1],"163":["Sprite/SoiCau/dot_tie_BP",6,1],"164":["Sprite/SoiCau/dot_tie_PBP",6,1],"165":["Sprite/SoiCau/dot_tie_PP",6,1],"166":["Sprite/SoiCau/dot_tie",6,1],"167":["Sprite/SoiCau/icon_Banker_BP",6,1],"168":["Sprite/SoiCau/icon_Banker_PBP",6,1],"169":["Sprite/SoiCau/icon_Banker_PP",6,1],"170":["Sprite/SoiCau/icon_Banker",6,1],"171":["Sprite/SoiCau/icon_Player_BP",6,1],"172":["Sprite/SoiCau/icon_Player_PBP",6,1],"173":["Sprite/SoiCau/icon_Player_PP",6,1],"174":["Sprite/SoiCau/icon_player",6,1],"175":["Sprite/SoiCau/icon_Tie_B",6,1],"176":["Sprite/SoiCau/icon_Tie_p",6,1],"177":["Sprite/SoiCau/popup_statistic_17",6,1],"178":["Sprite/SoiCau/popup_statistic_73",6,1],"179":["Sprite/SoiCau/popup_statistic_74",6,1],"180":["Sprite/SoiCau/popup_statistic_82",6,1],"181":["Sprite/SoiCau/popup_statistic_93",6,1],"182":["Sprite/SoiCau/popup_statistic_99",6,1],"183":["Sprite/SoiCau/SoiCauAtlas",7],"184":["Sprite/SoiCau/tieSplash",6,1],"185":["Sprite/table",6,1],"186":["Sprite/titleGate",6,1],"187":["Sprite/titleGateBPair",6,1],"188":["Sprite/titleGatePPair",6,1],"189":["Sprite/txtBanker",6,1],"190":["Sprite/txtPlayer",6,1]},"types":["cc.AnimationClip","cc.Prefab","cc.AudioClip","cc.Asset","sp.SkeletonData","cc.Texture2D","cc.SpriteFrame","cc.SpriteAtlas","cc.BitmapFont"],"uuids":["21Pz26SdFOIZGCbhGqPmwN","cfpJhymSNIcY9/EmdZ3FUU","b6PQZePblOwJi98gPXcp3V","a19D+rjWpFn5JepORMbR7O","92fEDHi+lLsJAD7qFWEiAS","bacjr6rF5As7vkfFPxC1qb","371/e9+NlGgLoshIIl8bMJ","5bOpo0b8RHm5mleF+n9SyJ","3dJZ1JdEhLcLxvG4I7dpc0","2aQuNYR6pEUZSAmHhgNUiE","45kYeYWYRJ4bLFgtbE6vmt","8dyv+p8VxLIpiuIuAPsNPd","c6j11pItxLNKrnpX1x0YFq","5fC6nQN2FDjb9Qclw3/1S3","5fP1KvOZdAD5mZNwe5cd9C","29IVU22rtEFbL/naR6YqQu","b2ZcFK/dtBtasAqr67JK+D","efj9SHukhG7I9o7V/XVevO","29mND0xP9JB4ZPEWNR9z6m","bf9oGXAURBcZn2kWzvx761","12AHseEzJIN6dfTcedc37C","82bh4knJpN0INY12XgYSz4","740E8Do7RIU4BCndkdBZ5Y","2a++Pw/y1GBr0+pVbm4g7V","04kNRpOn5N8pBz8j7D5YxM","19AdQmgl5M1KkYodTHRJWj","13qY6UkrpDvr1areL1Ea0F","e0ffkgc3BAkrcZwDPOwwWu","9es4HQCJ9Okadb/MnwFugv","3bjZsJOgxGzrZVx1qWsGBv","a9rhx4Qr9HvLBIuM5R36AW","e0/Pwhs1hKvZuq2yBvIWja","81e2Qjl6dA3II0nePdGPMz","00tDPGh2dPtoe2fps3HhkN","bbpYxcTxtCw4dgNmBA6wxt","e6ZdLR1TBKvLvV45m6igbf","96kikprnRGgqVB7Th59GH9","f0GDl9X/NOMLmvgLYWXnhh","a5Lb+In5dH4J7WDcWJ5Ucc","d1f23lhBdCO5byKXYucMyC","d94lsx4YJGPoxctLIxAapN","dbFqeyiVdG+ryc/+L0ejlt","daOMXA2qREu5tffI1Z0siD","90RSsaeNBCdakgsobLnXmr","1fhI+QkyFFvrYzUIWZD2R9","c91sHscRpCDqzPSoqP8h+v","45ZO8QwtVEvb7BSwejvlmT","82+OWMHClKELDfAFLTntKa","9fXWf0uk1H3bCKmJsDdlyH","35Rfp4NqhFG7aaxUrOzqcF","4292WcErJPEKtuJeEAU7tn","c4HBz0rHxLZI2GbfGYJ99y","62UpqSCwtDaoe7fe5K41sC","88TtZqGNNNeoC7Zl5GO1OP","b7akvhnLtAIK6W30/6TKPc","011uwZGO9OnrEYQkVvwKsg","77kj8bMjdDUpa7fn9shpY+","4b3Mb9TP1MNJvB/Innrmv5","031VSw4dBKXJAqXTfUbor4","8aqPcvqfFJPZo9nP4jlEER","0b1uq7nIxLi4QD2WwUTxem","9afw48DSlBA43brlZQ7PTP","5ddFlOnd1OI6gd+JG5gZMs","8fa5xG5UVHC79rstNZJrlE","9ca2jfNopFK47YEkUg4n0X","a61+2uwmlL6I7fuDf5NmXg","3dnZHi1SpGg5w+DcULbWWl","e1r6jRJ+NL2p/FsO5dmsWH","d479wjiGNK3IjMZC3FxOqn","84l23donFOfrTrewZ9+3LO","53m2PrsAxDz75ji0UIFXmU","a1AXiRxq5OPIzwNDrLLZ5g","940nK28n5Ct4nMd/ECRmKQ","c41LvrIiZCu5WD3OsTVfFP","dbJKrCSHRP6rOf9Xg77C36","99zUjcdWJK2ptSE/7XOA5s","34p6SdurdN2LidLfsOIJyU","0bFSm8ZlZBpodc3EZp6a+J","028erC45pML5ZRvKXokRnB","ffbCLlbLtL0rhiBewvamce","64ZxktqAxI7qV+9Ae81i6P","20PQ088npAFqVNwbRATPLN","78cPd5pA9A357zfVYDh0Gt","f8BIp2fLlPUq6RI4O96K8T","faE5SXPO9BMKT0brbNAc9K","2fgQ+G+5pAwowLLEtpRijj","77k2IyXMRHso+xSbEG0usV","a1HaeYKGdJa7+cHrIMR22I","f4HMazY1RFaazLjWt5n3AZ","achnGAsiBI56pJVP7Fwv9T","22s02QL2xFD4vQQCIAxwdJ","1evqyyfnxITKxkLhapJejl","bb7eJqoitJc5JA3GYjqGaF","8e7E4w80tIxJSJppx0fdj1","88bNeXkT1JJ75lrBWxrBEh","b2VzjYB2hP5qI98Dscy0UC","46sNrFhw5CHrJdq7o+l/Gk","fduBieW7FEeZvh5eQUYFlY","be+mQWxfJGrISRPBBQDrHI","39lXE6WppOqKiJ7DIbkz4M","8av/O/nElJ36KmqQoJgvgS","5flY57iDtNMKjnv8evgWeD","dcOUAsXzZPi4EdATZW2VM6","84PfvKd69HCKvQlgysI3I6","1ecgv4WHhC9o0vDkW92zwB","fbNZWcGVpO0LJn1/PNIml1","08JUH0Gm9GNbkdtzWHNsHq","bcyUdjVG9AyJoNhrV2tQ6B","22j9EoyLNMDIus1c2+zRQU","a5yn/iB01Atob+NUE7L3gF","e6yJxyhjFCl68tkVL1JMxY","4badS8GdtBWqu91PpPh9fh","75z9EZKZ9ELZHPZe1xIp3Q","e8LItVFy1Jeb6cx5PRLnJj","aaAsXFmM9OHYcX6ppu6Swp","55FGaD32NMHIyEtFksdUwN","d1JxnjWpBGs6R/pJZ7eRFY","ecSgcCFaZJAqCRThP1VBym","ffHV/+5mtMhod4/7FnnmEN","09EAtS3MNEbZPbo5fRdTR4","4bRCWbuYJJnLWtwmFaIgnI","81qkHv3slC06ThlNaHRvno","0fuDniAvBF258wNyGCYhB7","6bahtMYR1Cwrfgdp/+0uFI","ce7aStD6tCC4EYILjcS9mG","4aQF8gTlhO340QEvXQi3m1","74RifftCJCvoKvF41ZHL/m","1epedGtGREBKVARWPJ4R/K","21w0bbM3dL1p76Kkh8p1dm","b7hCjpGF5HrZlHL2T9woqs","b4X2DfogBNBqvA4Q9jDXR4","f5qx6FaxZETJh2aAU0aNoz","dcBq9YQUlAfbgwuJyGvWUP","dbwFG3IGRIzq6qyU9fXwHk","f7iwU/N9FBXJPNkJxMhwuE","bbHZX7vkRFQ6frVACMNSva","78V5zuVBFDxKi2CcpqDuyK","72k42Mgd1M8Lpx8wefPMKi","edhlVgjQ9BbrJlV78ohN47","e7h/ksuJxAirNiHbTKOGw9","14SZVJVrFKlLff8ZugsiKO","aaaFb7DjpAApR/lHfi87ie","9aT7lknYlJm7Q/YF1VCoLK","f9/MVVf8VMFYoarLbdkGfF","c0y0OAlztCO5C7xYelUwa6","23/CdOv3BBf7dgYwAEDYS+","ba7vtDHHdE2ZQ0GThbzmBr","532Kr3iohOo7Z1WnSPPKRf","7agxCjz+xLOqF/1vh6jXH5","54rn5Ipr1Kw6GUp6Jb3fa+","05gz/s9IJMAbKaDZfHEGzc","d82h2JMf5G55/TluTom8dS","217cA+lQ5Nea9FeicPK8Eu","a4xMbKtapF9YsAFsFjmfU2","b8R+R+zuVF9qXc+i1qa25b","25XSwDXEpNdbSG0fhAzAAQ","99K9HZqt9E6KXIubTD1njv","dcrxaXMq1AY4W22U0pcsvt","08rgLwqIlK+L9yM9eJxrFC","68s7fSJ/xJPKfCKtglelxP","465i9ngh1A05Lb8s25PZoD","4cOfYA6WJMM7Gi4vraNGad","829MGtxs1A7abjUyp9C2yX","01vPZv2GBMz4tIk9V2KY1N","addNiMupZDv77kWk2IYia5","56KthGBjtAQ7NWLNaN/6ZG","e0i9L1IVNKOJWSnBGkycal","a5/suaAlhHWIKom7dYQ+jI","dfSOUJG/FFiYwPYg7xunR6","08UXq7f/9MKo6wC3ozCErB","01eOIYJYdGr5Mhmue7Urxu","5fPOaDtrdJZ7NxEaZYJiLM","58m0koSxtHF7b85h9ZEpxZ","77F1CJJoJOPa76BuSea7OE","fbiyu+HARORrjVIXQ/+zfn","f1si9nbOFNWZR/NuxDMgQJ","ban1ED1UFI+acLqeciRICj","f6JSlaHB9D6JKn58OtQJ1l","51kM+m4cZCOYgawAaMTzsZ","04fbfgO6lBbYsMXPP5y0nX","21Mzh+am1BN4EDKxQNHweG","40uJhPmY5PoIZtr6vXjDBa","699crva9FNcLyU6Gqu/yLr","0baK9oim1PGaPCz2s8Krsx","488FmhS4pBmIgcA+XfWO9d","e7LQNKDaVBvJXkWKCA+VLV","0fSkns0pdLlZyUp23EFmEU","332lBE+slGxqHXUVDzqS7l","35dFmCFAxHWo/CwVun57QW","c30VGoto9B76SI2pFIZlCd","d9ziGLi3hBEpBConYFUaWP","9dOJhfRmhAWYX+4Uwo+nos","4e0kncp5NK27B7FQq+ZSD7","7b4JiIc8lO/ptvTrz9PgmH","1ba7ef9ed","191364fb4","14e8dda60","1df7e76f0","1b3fbc470","1a7a0e57d","15e5cb7c1","1dad6a651","ceWPu51m1NlpTpDp9nRZvL","edj+EaNyJHuIt+3WDB8Uv5","2aA4MZUilMYJ8EZ+peIoEu","1dNUt58apAVJk7P4nNkegl","6eI3sA6K5DXYqaFVgpyUKq","2cd8nKSChF5ZjkHor4yk0C","feSl9hpoFNoJ64e9HgMOfe","c1P6s22pZB2rcAlb/I2k3S","81VUnr231NM4elxSHOnQKk","b3dFy2FLBE8LVNJ4lpNU4w","511SvXDzpEf4LNPZTzcLNu","cbasJT0h5BZqaFkTblBgi0","9bIJesuydEL6P1Q+qE+QwW","b6g5PfnKVCqqSTZPimwvVp","35dP/AUP1Nu74R1SgDSF0q","6aMpOSGixPj7+JtCtxWJLF","35KMVE2MRCc4PdbJC48i9c","5cB7rkUdxKlbhowQtenO55","fasEMLIllAsbP/mxv8fWhL","61RTsblsxN7Y1aypUYrZ+e","27IR7er+RDPbLU04ghV4UE","0dOQHGpsxIY4j8/fOedOf/","51nCezhtNFqJJvEm6r7Vit","91OJQhyY5Acr3Phg1xnZ5z","23MmhdcodAxoiZXNXlXZkk","98CBzJMv5DWZi1F69/ooco","8azoXYJYxBvbcrkV1die++","des9rHnh5HLJUQ4qn8tpq0","8dFiU4KYlMLbnrhqus2f1N","1cBk3OXhtNgLl0wbRp3QDU","28Uf6iKP9G2KHeTUxjzXlE","42YtWQDWtFPoOyFB860fhu","27sIaVMhpKnYk8S7KN9d+K","1eVhq+9jhOw4wkn/n5xnt/","acL14QwxdD9LUrb3s01WJL","da13bE6XROgJv5jDJaD/dc","cfr9EFJUhIx7L8W+RTtXMP","bfYbZSoKBK8oRFO5fTMczV","81tGU3niVAe55bN+1pOtx2","58CvuAUrxCMZfYQqmJ5xCJ","62qlbcSbNCKoWIcZeT/DMW","afQu4+lxdPXLgTdXCs80Ok","9cPrLDdatMLqeeWsVaAnFK","57xHKYOGRGkrBtOg/VjRwD","6av95ZWkpDhptAIOKkbofS","d95Vq8ynlB656AUfPBzm9n","f24gI1ABVHgqGuYzyUxa4A","8a5gAdJVxA8qDH6jDGSsB/","33t7yvTx9KX47B9Lz9lS4y","e5EBuoyGdPlY5zfgeid7dL","a00omABU9MDogobLMQQbvf","07A8bH0S1GWLs6nfx7x0x/","55NxIJBDBGAKZ6aSomoJ0p","a9zLxCeDtDfqND4MtKm1kl","8cDfTmoSNM1rsAIJIBQRMC","c3jTc4PKZGo5WfynMvIsQH","58DkPqnSVAP5WjvMNCTZXT","a9AHst1tJDY7wX6+pWkveT","8blzegt75DqoHCtSoMaynS","10gWbiPKhD6r0QfndbkNfW","bfRJXarOpJ6rsUXIsXXGUi","fbijVjzm5Jwp8Gtvz+aX0Q","acAcmhwC1Ka4mXC80XRklP","12MzMgS4BD4o5GFjif0Jyx","c8aTdih3BAX47p6gF17KIc","c7xeu9RClMd7bqU4GqYHHM","bcaYtPygZGZojjF7rSK8/X","fbBaVOUc5ENJ3QhR80bWbu","66Ssh2HTpPD735a3olMlAB","b7bWU+tjZA+Yu4KpGLNh/2","0fZ0I7DFlI+oRbneZCIax7","4eLRXqF4JGzZlyWNgI9dJE","a4nhnwmVRJN59+dyUCgNLn","8cjL48Y75KLY7XCFKr9z7H","5fN0iS3g9IJ5WBj0QeAtt2","8eAzhdkpFO2YRxm3B8K+rj","e07H5633FIH5pIsF2ZVaLo","45phH2PG1BE5RT/1tjBn5X","73uBdh+ARJTJYmMQyNT8JU","a31V4MRKJAkYyXEtkPIQb2","16yutIl5tKpZltoNj7BObn","05xbI8trRD6KPQaayuapiF","75/52i6mpD06uelXxc+49D","aasUG3xXJN4KBrpEnFTjyo","88ncIA0U1KxrhgiWy3cAyT","e11HWPWr9CRpHdhqn087g6","a1docww7lOXJXxDrk9Ztxg","c00GWigO9Jm4FuVWP7RRrR","ecpdLyjvZBwrvm+cedCcQy","3ae7efMv1CLq2ilvUY/tQi","a3Qy2QDYBGN4v+XFJnNRjD","2295hbdW1A77Sc8eSsHBWl","7atnkm+vtBk6Mvv8DBz46m","7a/QZLET9IDreTiBfRn2PD","327WbVwQtOHrBpRTiHR4Hl","64H/RZ1stDY7wlpa+G/jxx","a2MjXRFdtLlYQ5ouAFv/+R","dfb738Wj9HO7xb/eaNiVUP"],"scenes":{"db://assets/Bundle/Baccarat/Baccarat.fire":38},"redirect":[105,0,290,1,291,1,292,0,294,0,295,1,296,0,298,0],"deps":["resources","internal"],"packs":{"0f3f00e5b":[95,45],"03a5f0d18":[46,47],"04ca10c79":[49,48],"0ea45cb32":[50,51],"02765fc75":[52,53],"0ee0c7a2e":[55,54],"01cc0f174":[140,90,56,142,109,141,129,144,139,138,143],"0ffb69344":[78,106,119,77,186,122,20,104,127,91,44,81,128,108,293,15,18,9,85,187,76,188,6,99,8,10,96,125,120,111,7,13,101,297,80,123,137,112,86,136,82,121,100,11,93,43,75,191,87,38,114,89,16,130,5,135,98,19,189,73,12,124,190,40,42,41,74,133,132,102,299,110,185,113,17,131,134,83,84,97,79],"06259cc24":[283,282,279,276,280,284,286,275,277,288,281,285,289,278,287],"01789ee48":[58,150,149,148,151],"08b2a023d":[145,57,147,146],"0857a4dfa":[170,163,179,169,158,180,152,155,160,184,161,178,165,172,171,159,173,59,156,153,167,164,168,166,174],"014adcf5d":[253,223,231,205,235,226,222,234,232,204,207,218,216,233,224,212,115,254,245,241,219,221,242,217,246,206,210,240,228,249,256,230,225,227,214,244,252,255,236,243,211,215,239,209,213,202,238,247,237,229,251,203,248,220,208],"0cf1e2030":[273,257,267,116],"08832efff":[272,261,265,258,270,260,274,259,264,271,268,262,266,269,263],"0696c56d4":[33,24,26,196,200,195,199,198,194,201,197,0,192,22,193,32,4,36,28,3,30,2,34,1,35,37]},"name":"41","importBase":"import","nativeBase":"native","debug":false,"isZip":false,"encrypted":false,"versions":{"import":["014adcf5d","a9e72","01789ee48","ec2b2","01cc0f174","66c21","02765fc75","9b182","03a5f0d18","4df0b","04ca10c79","f887a","06259cc24","11e7f","0696c56d4","a85c2","0857a4dfa","f8b95","08832efff","f1fe4","08b2a023d","cb989",183,"98b39",60,"29ae9","0cf1e2030","4f2d0","0ea45cb32","af2d2","0ee0c7a2e","fe629","0f3f00e5b","9962a","0ffb69344","725d4",25,"1332c",23,"22a33",250,"69512",29,"202a0",66,"076c0",181,"04647",70,"59328",62,"7a2ed",14,"f1dcc",182,"7671d",126,"7cbe5",21,"0f7e0",162,"55ff6",103,"30a3d",69,"c2e5b",94,"aaeb3",63,"c8ab0",72,"1817b",61,"71f7f",64,"58a14",71,"6658d",65,"b065d",154,"ac4ac",176,"f87b9",92,"8fedf",107,"4bf08",39,"e1064",68,"9cc37",157,"6940d",27,"61d73",31,"75f99",67,"0f234",117,"a613e",175,"7d073",88,"1fe74",177,"e5955",118,"6013e"],"native":[33,"ef184",24,"23d74",20,"5ed11",26,"c5848",196,"bbff1",200,"02781",25,"6a0d8",195,"b42bb",199,"ffaed",198,"eb6f4",194,"61a32",201,"b7c98",197,"e6921",0,"0b1be",15,"4adcb",18,"0873b",9,"1625c",23,"66505",6,"28fd1",29,"a9553",8,"3a7a1",10,"c0bb4",192,"371a4",7,"cc8f1",13,"42042",14,"bd857",22,"115d6",193,"ead9d",32,"6d720",21,"85cc4",11,"ded98",4,"70b93",36,"213b2",191,"dc12d",28,"0d56b",3,"70d29",30,"ed852",16,"c382a",2,"3c892",5,"9590e",34,"f413f",19,"38160",12,"6ec2a",1,"0019d",27,"e0d3e",31,"b1d06",35,"feaa5",17,"ca2a4",37,"0cd10"]}}