[1,["ecpdLyjvZBwrvm+cedCcQy","7a/QZLET9IDreTiBfRn2PD","a4FNwg5+1B6YFgwigfsLdc","8c4wPqhLhJhKnhzVhNSn+x","16aD4I/DpERZPJf9eRl4MZ","e58scrzddMLIdDU6s4K4M7","f506Nmqb5A9IezQX70F0CM","e97GVMl6JHh5Ml5qEDdSGa","cb48bgofhH1bfVxSomXiOF","ecm7XMoKtHio4KGT8a2jMe","ef3dRX9n5NVqZGFoTNjL33","fdHCrsfhdNaYCmi0FhzjuM","b3f2xaGw9OiroayD84hVgS","adGrgehchIUK/JnZXJK0tL","f0BIwQ8D5Ml7nTNQbh1YlS","29FYIk+N1GYaeWH/q1NxQO","76Fmn5AFdEU5dqGNMx1Vsr","d8UEmmuC1JBIvf3QFEqEQA","d4Q4F5j1RM9oQ6Om5wW6ww","966X1zg+JNCYhz6ZqUdXSM","e6y6Ij1fxPoo24snhaQjJh","ddWGeu7lNBpq3TwKmybVIj","dcLiiFRKZCtaRHn6aBOB5e","09e/0w8RNFA6+F+JN2M0SQ","fdKGyFkY5BPINpApolBRDD","3eT2oGeTZAG42qx75lrZk6","bdlypcT35DN4E/29ygGbKu","e54INWkKxKeaGEwaEjoOtq","7fAgTfX8pAqrkULgOKcuMp","0eqeXngDZM7aFLD5DPczPr","2917cw63RLqpMgpzv0aYp6","2fi2HP/ihBf56/yAWLIUDA","e2iJapMi9D3p+1CVxlUipp","d7wuXCiU9AmZSbxE0/GD4x","88lCFBxwBBsZDbNl0UOJWG","76bpTu7oNMI5lk3WHyeWF5","88Og4c6wRNNoaIMzK5JRUM","c4gObBo/9P6KrBhslOz8ml","b2vqr1pB9KXqTtS1WiiTIg","80e4+IEFdMuKHEzsWj9zOP","37RJ2sTnNHhphZXSZ2Y5nt","feCjh+hulJRpSX9kTgQtFQ","bfQ8PbcW5DA79hBKl1P8Mz","a7A2U35rZCuavXKjDLE3nV","41vULMXv1B3bjB62vVJ/Fw","1aub87N4hLoLezJRte42DX","04jDRzN1JHDbq2AS0MZcTp","dexPy0qbJE9qiuM2PkleAK","43CHI1hUFCMYQcABg5/1cX","2875ZbVDtH7LzGCwW3SUQv","dbsVeJHyZLNrfNYFfZBQAA","660ekFMIVI/JTPUM7U1cWW","b8f0XpCrFKJaIFZymyEeAK","edVFvmyj5OXr9iHoLzN93A","a8S9BelnRMhIUSbFd8kCdT","cfyJRHTuNN/6jbOdLI7521","3aU8RgVulBY6ijoueQ7RrT","eadVE3ubBOsbiDBe5awNED","f3ihVVMb5N3owYks9BIJk6","6eCnHE3fVMPpXgrPPeDEnn","6dh9pblo5EcoBTPZv0Ncmo","27RJVH6OBHeKWxySH3qbuK","35YP3+EQhCrIdzQNVtEKuq","7cRxZ1c51JerTNF5V0Qta4","6d0m3CFlVEDZeAK7YsOFOi"],["node","_spriteFrame","_textureSetter","_parent","_N$file","_N$skeletonData","_N$target","audio","sprWinSpectical","avtSpecial","lbNameWin","aniFinish","aniStartGame","aniWinSpecial","aniCardSpecial","timerControl","lbHint","bgHint","lbTimeStart","btnSort","lbDiscard","btnDiscard","btnPass","btnQuickChat","btnMenu","lbInfo","scene","_N$normalSprite","_N$pressedSprite","_N$hoverSprite","_N$disabledSprite","icon_chips","prefabsPlayerView","cardPrefab","anBai","chiabaiLoop","click","danhBaiVaBocBai","denTurn","dichuyenLabai","Lose","Win","startGame","alert","fold","nemxu","bom","kiss","rose","beer","water"],["cc.SpriteFrame",["cc.Node",["_name","_active","_id","_opacity","_parent","_components","_contentSize","_children","_trs","_color"],-1,1,9,5,2,7,5],["cc.Node",["_name","_active","_parent","_components","_contentSize","_trs","_children","_anchorPoint"],1,1,2,5,7,12,5],["cc.Label",["_N$verticalAlign","_N$horizontalAlign","_string","_fontSize","_lineHeight","_isSystemFontUsed","_N$fontFamily","_spacingX","node","_materials","_N$file"],-5,1,3,6],["cc.Widget",["_alignFlags","_left","_top","_originalWidth","_originalHeight","_right","_bottom","node"],-4,1],["cc.Sprite",["_sizeMode","_type","node","_materials","_spriteFrame"],1,1,3,6],["cc.Node",["_name","_active","_parent","_components","_contentSize","_trs","_children","_anchorPoint"],1,1,12,5,7,9,5],["cc.Button",["zoomScale","_N$transition","duration","node","clickEvents","_N$target","_N$normalColor","_N$pressedColor","_N$disabledColor","_N$normalSprite","_N$pressedSprite","_N$hoverSprite","_N$disabledSprite"],0,1,9,1,5,5,5,6,6,6,6],["cc.Node",["_name","_active","_children","_components","_contentSize","_parent","_trs"],1,2,2,5,1,7],["sp.Skeleton",["defaultSkin","_preCacheMode","loop","defaultAnimation","premultipliedAlpha","_animationName","_playTimes","node","_materials"],-4,1,3],["cc.Node",["_name","_active","_parent","_children","_components","_contentSize","_trs"],1,1,2,12,5,7],["cc.ClickEvent",["_componentId","handler","customEventData","target"],0,1],["cc.LabelOutline",["_width","node","_color"],2,1,5],["cc.AudioClip",["_name","_native","duration"],0],["cc.TTFFont",["_name","_native"],1],["cc.SceneAsset",["_name","asyncLoadAssets"],1],["cc.Canvas",["node","_designResolution"],3,1,5],["f3c4fzexQdMz6F3cU0qoZTZ",["node","lbInfo","listPosView","listPosCard","listPosCardDanh","btnMenu","btnQuickChat","btnPass","btnDiscard","lbDiscard","btnSort","lbTimeStart","lbNumberCard","listSpritePass","listBgScore","listLbScore","bgHint","lbHint","timerControl","aniCardSpecial","aniWinSpecial","aniStartGame","aniFinish","aniChayBai","lbNameWin","avtSpecial","sprWinSpectical","listSprTextWinSpectical","audio","icon_chips","prefabsPlayerView","cardPrefab"],3,1,1,12,12,12,1,1,1,1,1,1,1,2,2,2,2,1,1,1,1,1,1,1,2,1,1,1,3,1,6,6,6],["cc.Mask",["_type","_N$alphaThreshold","node","_materials"],1,1,3],["cc.Scene",["_name","_active","_children","_anchorPoint","_trs"],1,2,5,7],["cc.Camera",["_clearFlags","_depth","node"],1,1],["12f4f+39W1Knbt7MwWTXeMS",["node"],3,1]],[[13,0,1,2,4],[1,0,4,2],[2,0,2,3,4,5,2],[2,0,1,2,3,4,5,3],[11,0,1,3,3],[1,0,4,5,6,8,2],[1,0,4,7,2],[5,0,2,3,4,2],[5,2,3,4,1],[5,2,3,1],[8,0,1,5,2,3,4,6,3],[5,1,0,2,3,3],[7,2,0,1,3,4,6,5,4],[3,2,3,4,5,7,1,0,6,8,9,9],[3,4,1,0,8,9,4],[9,0,1,2,7,8,4],[10,0,2,3,4,5,6,2],[4,1,2,7,3],[12,0,1,2,2],[9,0,3,1,4,5,7,8,6],[1,0,1,4,7,5,6,8,3],[1,0,4,5,6,2],[6,0,2,3,4,5,2],[6,0,2,6,2],[2,0,2,3,4,2],[2,0,1,2,3,4,3],[4,0,1,2,7,4],[5,0,2,3,2],[3,2,3,4,5,1,0,8,9,10,7],[14,0,1,3],[15,0,1,3],[1,0,2,7,5,6,8,3],[1,0,4,7,5,6,2],[1,0,1,4,7,8,3],[1,0,4,7,5,6,8,2],[1,0,1,3,4,5,6,4],[1,0,4,5,9,6,8,2],[6,0,6,2],[6,0,1,2,3,4,5,3],[6,0,2,3,4,7,5,2],[10,0,1,2,3,4,5,6,3],[2,0,6,2],[2,0,2,6,2],[2,0,1,2,3,4,7,5,3],[2,0,2,3,5,2],[8,0,2,3,4,2],[8,0,1,5,2,3,4,3],[16,0,1,1],[17,0,1,2,3,4,5,6,7,8,9,10,11,12,13,14,15,16,17,18,19,20,21,22,23,24,25,26,27,28,29,30,31,1],[4,0,7,2],[4,0,3,4,7,4],[4,0,1,5,2,6,7,6],[4,7,1],[5,1,2,3,2],[7,3,4,7,8,5,9,10,11,12,1],[7,0,1,3,4,6,5,3],[7,0,1,3,4,7,8,5,3],[11,0,1,2,3,4],[3,2,3,4,5,0,6,8,9,7],[3,2,3,4,5,1,0,8,9,7],[3,1,0,8,9,3],[3,2,3,4,1,0,8,9,6],[3,2,3,5,1,0,8,9,6],[12,1,2,1],[18,0,1,2,3,3],[19,0,1,2,3,4,3],[20,0,1,2,3],[9,0,3,1,2,4,5,6,7,8,8],[21,0,1]],[[[[0,"beer",".mp3",1.076563],-1],0,0,[],[],[]],[[{"name":"bkg_black","rect":[0,0,4,4],"offset":[0,0],"originalSize":[4,4],"capInsets":[0,0,0,0]}],[0],0,[0],[2],[12]],[[{"name":"pass","rect":[1,3,137,53],"offset":[-1.5,0.5],"originalSize":[142,60],"capInsets":[0,0,0,0]}],[0],0,[0],[2],[13]],[[[0,"rose",".mp3",1.128688],-1],0,0,[],[],[]],[[[29,"go3v2","go3v2.ttf"],-1],0,0,[],[],[]],[[[0,"start_game",".mp3",2.204],-1],0,0,[],[],[]],[[[30,"TienLen",null],[31,"Canvas","a5esZu+45LA5mBpvttspPD",[-43,-44,-45,-46,-47,-48,-49,-50,-51,-52,-53,-54,-55,-56,-57,-58],[[47,-1,[5,1280,720]],[48,-41,-40,[[[0,-540,-240],[0,540,20],[0,120,270],[0,-540,20]],8,8,8,8],[[[0,20,-285],[0,540,150],[0,0,260],[0,-540,150]],8,8,8,8],[[[0,0,-100],[0,420,0],[0,0,100],[0,-420,0]],8,8,8,8],-39,-38,-37,-36,-35,-34,-33,[-29,-30,-31,-32],[-25,-26,-27,-28],[-21,-22,-23,-24],[-17,-18,-19,-20],-16,-15,-14,-13,-12,-11,-10,[-6,-7,-8,-9],-5,-4,-3,[62,63,64,65,66,67],-2,68,69,70],[49,45,-42]],[5,1280,720],[640,360,0,0,0,0,1,1,1,1]],[32,"bg_ingame",1,[-61,-62,-63,-64,-65,-66,-67,-68,-69,-70,-71,-72,-73,-74,-75,-76,-77,-78,-79,-80],[[7,0,-59,[42],43],[50,45,1280,720,-60]],[5,1280,720]],[37,"ATTACHED_NODE:Layer 2",[[1,"ATTACHED_NODE:ef",-81],[1,"ATTACHED_NODE:khung ava",-82],[1,"ATTACHED_NODE:light",-83],[1,"ATTACHED_NODE:light2",-84],[1,"ATTACHED_NODE:light3",-85],[1,"ATTACHED_NODE:light4",-86]]],[16,"btnPass",2,[-90],[[[7,0,-87,[27],28],-88,[17,1155.5,601.5,-89]],4,1,4],[5,195.6,68.4],[-115,-132,0,0,0,0,1,1,1,0]],[20,"btnPass",false,2,[-95],[[7,0,-91,[40],41],[12,0.05,1.1,3,-93,[[4,"f3c4fzexQdMz6F3cU0qoZTZ","onClickTest",1]],[4,4292269782],-92],[17,1155.5,601.5,-94]],[5,195.6,68.4],[-11.473,48.138,0,0,0,0,1,1,1,0]],[16,"btnMenu",2,[-98],[[-96,[26,9,4.7999999999999545,29.5,-97]],1,4],[5,100,100],[-585.2,280.5,0,0,0,0,1,1,1,0]],[40,"btnChat",false,2,[-101],[[-99,[51,33,420,17.70399999999995,33,312,-100]],1,4],[5,100,90],[572.296,282,0,0,0,0,1,1,1,0]],[16,"btnDiscard",2,[-104],[[[7,0,-102,[30],31],-103],4,1],[5,195.6,68.4],[102,-131,0,0,0,0,1,1,1,0]],[38,"btnSort",false,2,[[[8,-105,[32],33],-106,[17,1155.5,601.5,-107]],4,1,4],[5,80,80],[578.6,-283.7,0,0,0,0,1,1,1,0]],[41,"ATTACHED_NODE:bone",[[3,-108,[1,"ATTACHED_NODE:khung ten",-109],-110],1,1,4,1]],[20,"timeStart",false,2,[-112],[[8,-111,[13],14]],[5,80,86],[0,46.51,0,0,0,0,1,1,1,1]],[45,"animWinSpecial",[-114,-115],[-113],[5,456.4,328]],[42,"ATTACHED_NODE:winner",10,[[[1,"ATTACHED_NODE:bone2",-116],-117,-118],4,1,1]],[5,"btn_downCard",2,[[54,-120,[[4,"f3c4fzexQdMz6F3cU0qoZTZ","allCardDown",1]],[4,4294967295],[4,4294967295],-119,0,1,2,3]],[5,1280,440],[0,16,0,0,0,0,1,1,1,1]],[39,"lbInfo",2,[[-121,[26,9,103,39.61900000000003,-122]],1,4],[5,161.91,67.8],[0,0,0.5],[-537,286.481,0,0,0,0,1,1,1,1]],[46,"bgHint",false,2,[-124],[-123],[5,800,60]],[10,"bgScore",false,2,[-126],[-125],[5,86.6666667,92.5],[0,-148,0,0,0,0,1,1,1,1]],[10,"bgScore1",false,2,[-128],[-127],[5,86.6666667,92.5],[425,-58,0,0,0,0,1,1,1,1]],[10,"bgScore2",false,2,[-130],[-129],[5,86.6666667,92.5],[240,286,0,0,0,0,1,1,1,1]],[10,"bgScore3",false,2,[-132],[-131],[5,86.6666667,92.5],[-421,-58,0,0,0,0,1,1,1,1]],[5,"lbPass",4,[[28,"Bỏ Qua",33,50,false,1,1,-133,[25],26],[18,2,-134,[4,4278190199]]],[5,104.21,67],[-1.7,2.11,0,0,0,0,1,1,1,1]],[22,"lbDiscard",8,[[-135,[18,2,-136,[4,4285999872]]],1,4],[5,139.75,67],[-1.7,0,0,0,0,0,1,1,1,1]],[5,"lbPass",5,[[28,"TEST",33,50,false,1,1,-137,[38],39],[18,2,-138,[4,4278190199]]],[5,76.86,67],[-1.7,2.11,0,0,0,0,1,1,1,1]],[33,"node_animWinSpecial",false,1,[-139,12],[0,108,0,0,0,0,1,1,1,1]],[34,"mask",24,[-141],[[64,1,1,-140,[56]]],[5,135,135],[-0.1999999999999318,28.100000000000023,0,0,0,0,1,1,1,1]],[22,"lbName",12,[[-142,[63,-143,[4,4287299651]]],1,4],[5,71.56,52.4],[0,-45.6,0,0,0,0,1,1,1,1]],[35,"maskSpecial",false,125,1,[[7,0,-144,[60],61],[52,-145]],[5,1280,720]],[65,"New Node",false,[1],[0,0,0],[0,0,0,0,0,0,1,1,1,1]],[21,"Main Camera",1,[[66,7,-1,-146]],[5,960,640]],[5,"bg_table",2,[[8,-147,[4],5]],[5,1118,490],[0,-23.436,0,0,0,0,1,1,1,1]],[36,"name_game",2,[[53,1,-148,[6]]],[4,4278190080],[5,202,124],[-5,-16,0,0,0,0,1,1,1,1]],[5,"New Sprite",6,[[8,-149,[7],8]],[5,88,86],[0,0,0,0,0,0,1,-1,1,1]],[55,1.1,3,6,[[4,"f3c4fzexQdMz6F3cU0qoZTZ","onClickMenuInGame",1]],[4,4292269782],6],[58,"table id: 12345\nbet: 1000",25,30,false,1,"Segoe UI Semibold",15,[9]],[21,"btn_emoji",7,[[8,-150,[10],11]],[5,68,70]],[56,1.1,3,7,[[4,"f3c4fzexQdMz6F3cU0qoZTZ","onClickQuickChat",1]],[4,4294967295],[4,4294967295],7],[2,"lbTimeStart",11,[-151],[5,45,32],[0,1.688,0,0,0,0,1,1,1,1]],[59,"20",32,32,false,1,1,37,[12]],[24,"lbHint",16,[-152],[5,0,50.4]],[60,1,1,39,[15]],[27,0,16,[16]],[2,"lbScore",17,[-153],[5,22.97,32],[0,55.5,0,0,0,0,1,1,1,1]],[13,"0",35,32,false,-2,1,1,"Segoe UI Semibold",42,[17]],[11,1,0,17,[18]],[2,"lbScore",18,[-154],[5,22.97,32],[0,55.5,0,0,0,0,1,1,1,1]],[13,"0",35,32,false,-2,1,1,"Segoe UI Semibold",45,[19]],[11,1,0,18,[20]],[2,"lbScore",19,[-155],[5,22.97,32],[0,55.5,0,0,0,0,1,1,1,1]],[13,"0",35,32,false,-2,1,1,"Segoe UI Semibold",48,[21]],[11,1,0,19,[22]],[2,"lbScore",20,[-156],[5,22.97,32],[0,55.5,0,0,0,0,1,1,1,1]],[13,"0",35,32,false,-2,1,1,"Segoe UI Semibold",51,[23]],[11,1,0,20,[24]],[12,0.05,1.1,3,4,[[4,"f3c4fzexQdMz6F3cU0qoZTZ","onClickPass",1]],[4,4292269782],4],[61,"Đánh Bài",33,50,1,1,22,[29]],[12,0.05,1.1,3,8,[[4,"f3c4fzexQdMz6F3cU0qoZTZ","onClickBeat",1]],[4,4292269782],8],[12,0.05,1.1,3,9,[[57,"f3c4fzexQdMz6F3cU0qoZTZ","onClickSortCard","1",1]],[4,4292269782],9],[3,"spPass",false,2,[-157],[5,142,60],[0,-120,0,0,0,0,1,1,1,1]],[9,58,[34]],[3,"spPass1",false,2,[-158],[5,142,60],[390,-20,0,0,0,0,1,1,1,1]],[9,60,[35]],[3,"spPass2",false,2,[-159],[5,142,60],[0,100,0,0,0,0,1,1,1,1]],[9,62,[36]],[3,"spPass3",false,2,[-160],[5,142,60],[-390,-20,0,0,0,0,1,1,1,1]],[9,64,[37]],[2,"lbCard",1,[-161],[5,0,63],[0,-270,0,0,0,0,1,1,1,1]],[14,50,1,1,66,[44]],[2,"lbCard1",1,[-162],[5,0,63],[540,150,0,0,0,0,1,1,1,1]],[14,50,1,1,68,[45]],[2,"lbCard2",1,[-163],[5,0,63],[0,260,0,0,0,0,1,1,1,1]],[14,50,1,1,70,[46]],[2,"lbCard3",1,[-164],[5,0,63],[-540,150,0,0,0,0,1,1,1,1]],[14,50,1,1,72,[47]],[3,"animChay",false,1,[-165],[5,580,100],[-5,-360.4,0,0,0,0,1,1.67,1,1.67]],[15,"default",0,false,74,[48]],[3,"animChay1",false,1,[-166],[5,580,100],[333,95,0,0,0,0,1,0.83,0.9,0.83]],[15,"default",0,false,76,[49]],[3,"animChay2",false,1,[-167],[5,580,100],[-206,200,0,0,0,0,1,0.83,0.9,0.83]],[15,"default",0,false,78,[50]],[43,"animChay3",false,1,[-168],[5,580,100],[0,0,0.5],[-345,95,0,0,0,0,1,0.83,0.9,0.83]],[15,"default",0,false,80,[51]],[44,"AudioTL",1,[-169],[640,360,0,0,0,0,1,1,1,1]],[68,82],[25,"animStartGame",false,1,[-170],[5,535,266]],[19,"default","startgame",0,false,"startgame",84,[52]],[25,"animFinish",false,1,[-171],[5,535,266]],[19,"default","finish",0,false,"finish",86,[53]],[2,"animCardSpecial",1,[-172],[5,283,203.53],[0,125,0,0,0,0,1,1.2,1.2,1.2]],[67,"default","TU QUY 2",0,false,false,"TU QUY 2",1,88,[54]],[24,"avt",25,[-173],[5,140,140]],[27,0,90,[55]],[62,"clmm",28,false,1,1,26,[57]],[6,"ATTACHED_NODE_TREE",12,[-174]],[6,"ATTACHED_NODE:root",93,[10]],[6,"ATTACHED_NODE:winner3",13,[-175]],[23,"ATTACHED_NODE:winner2",95,[[1,"ATTACHED_NODE:winner5",-176]]],[6,"ATTACHED_NODE:winner6",13,[-177]],[23,"ATTACHED_NODE:winner4",97,[[1,"ATTACHED_NODE:winner8",-178]]],[6,"ATTACHED_NODE:thongbao",10,[-179]],[3,"sprTxtSpecial",false,99,[-180],[5,585,131],[0,-22.046,0,0,0,0,1,0.4,0.4,0.4]],[9,100,[58]],[19,"default","animation",0,false,"animation",12,[59]]],0,[0,0,1,0,7,83,0,8,101,0,9,91,0,10,92,0,-1,75,0,-2,77,0,-3,79,0,-4,81,0,11,87,0,12,85,0,13,102,0,14,89,0,15,11,0,16,40,0,17,41,0,-1,43,0,-2,46,0,-3,49,0,-4,52,0,-1,44,0,-2,47,0,-3,50,0,-4,53,0,-1,59,0,-2,61,0,-3,63,0,-4,65,0,-1,67,0,-2,69,0,-3,71,0,-4,73,0,18,38,0,19,57,0,20,55,0,21,56,0,22,54,0,23,36,0,24,33,0,25,34,0,0,1,0,0,1,0,-1,29,0,-2,2,0,-3,66,0,-4,68,0,-5,70,0,-6,72,0,-7,74,0,-8,76,0,-9,78,0,-10,80,0,-11,82,0,-12,84,0,-13,86,0,-14,88,0,-15,24,0,-16,27,0,0,2,0,0,2,0,-1,14,0,-2,30,0,-3,31,0,-4,6,0,-5,15,0,-6,7,0,-7,11,0,-8,16,0,-9,17,0,-10,18,0,-11,19,0,-12,20,0,-13,4,0,-14,8,0,-15,9,0,-16,58,0,-17,60,0,-18,62,0,-19,64,0,-20,5,0,3,3,0,3,3,0,3,3,0,3,3,0,3,3,0,3,3,0,0,4,0,-2,54,0,0,4,0,-1,21,0,0,5,0,6,5,0,0,5,0,0,5,0,-1,23,0,-1,33,0,0,6,0,-1,32,0,-1,36,0,0,7,0,-1,35,0,0,8,0,-2,56,0,-1,22,0,0,9,0,-2,57,0,0,9,0,-2,13,0,3,10,0,-4,99,0,0,11,0,-1,37,0,-1,102,0,-1,26,0,-2,93,0,3,13,0,-2,95,0,-3,97,0,6,14,0,0,14,0,-1,34,0,0,15,0,-1,41,0,-1,39,0,-1,44,0,-1,42,0,-1,47,0,-1,45,0,-1,50,0,-1,48,0,-1,53,0,-1,51,0,0,21,0,0,21,0,-1,55,0,0,22,0,0,23,0,0,23,0,-1,25,0,0,25,0,-1,90,0,-1,92,0,0,26,0,0,27,0,0,27,0,0,29,0,0,30,0,0,31,0,0,32,0,0,35,0,-1,38,0,-1,40,0,-1,43,0,-1,46,0,-1,49,0,-1,52,0,-1,59,0,-1,61,0,-1,63,0,-1,65,0,-1,67,0,-1,69,0,-1,71,0,-1,73,0,-1,75,0,-1,77,0,-1,79,0,-1,81,0,-1,83,0,-1,85,0,-1,87,0,-1,89,0,-1,91,0,-1,94,0,-1,96,0,3,96,0,-1,98,0,3,98,0,-1,100,0,-1,101,0,26,28,1,3,28,3,3,10,10,3,94,12,3,24,180],[0,0,0,0,0,0,0,0,0,0,0,0,0,0,0,0,0,0,0,0,0,0,0,0,0,0,0,0,0,0,0,0,0,0,0,0,0,0,0,0,0,0,0,0,0,0,0,0,0,0,0,0,0,0,0,0,0,0,0,0,0,0,0,0,0,0,0,0,0,0,0,34,38,43,44,46,47,49,50,52,53,59,61,63,65,75,77,79,81,83,83,83,83,83,83,83,83,83,83,83,83,83,83,83,83,83,85,87,89,92,101,102],[27,28,29,30,-1,1,-1,-1,1,-1,-1,1,-1,-1,1,-1,-1,-1,-1,-1,-1,-1,-1,-1,-1,-1,4,-1,1,-1,-1,1,-1,1,-1,-1,-1,-1,-1,4,-1,1,-1,1,-1,-1,-1,-1,-1,-1,-1,-1,-1,-1,-1,-1,-1,-1,-1,-1,-1,1,-1,-2,-3,-4,-5,-6,31,32,33,4,4,4,1,4,1,4,1,4,1,1,1,1,1,5,5,5,5,34,35,36,37,38,39,40,41,42,43,44,45,46,47,48,49,50,5,5,5,4,1,5],[14,7,7,15,0,16,0,0,17,0,0,18,0,0,19,0,0,0,0,0,0,0,0,0,0,0,6,0,8,0,0,20,0,21,0,0,0,0,0,6,0,8,0,22,0,0,0,0,1,1,1,1,1,1,1,0,0,0,0,1,0,23,24,9,25,26,27,28,29,30,31,6,32,2,3,2,3,2,3,2,3,4,4,4,4,5,5,5,5,33,10,34,35,36,37,38,39,40,41,42,43,10,44,45,46,47,11,11,48,49,9,50]],[[{"name":"txt6Doi","rect":[102,96,423,109],"offset":[13.5,49.5],"originalSize":[600,400],"capInsets":[0,0,0,0]}],[0],0,[0],[2],[51]],[[[0,"kiss",".mp3",0.685625],-1],0,0,[],[],[]],[[{"name":"table","rect":[0,0,1118,490],"offset":[0,0],"originalSize":[1118,490],"capInsets":[0,0,0,0]}],[0],0,[0],[2],[52]],[[[0,"DanhBaiVaBocBai",".wav",0.26619],-1],0,0,[],[],[]],[[{"name":"txtTu3","rect":[142,95,459,127],"offset":[-28.5,41.5],"originalSize":[800,400],"capInsets":[0,0,0,0]}],[0],0,[0],[2],[53]],[[[0,"Win",".wav",2.848617],-1],0,0,[],[],[]],[[[0,"DenTurn",".mp3",2.246531],-1],0,0,[],[],[]],[[[0,"Click",".wav",0.144308],-1],0,0,[],[],[]],[[{"name":"point","rect":[7,6,104,111],"offset":[0,0],"originalSize":[118,123],"capInsets":[0,0,0,0]}],[0],0,[0],[2],[54]],[[{"name":"time_bg","rect":[0,0,80,86],"offset":[0,0],"originalSize":[80,86],"capInsets":[0,0,0,0]}],[0],0,[0],[2],[55]],[[[0,"nemxu",".mp3",0.817813],-1],0,0,[],[],[]],[[[0,"Lose",".wav",4.001791],-1],0,0,[],[],[]],[[{"name":"txt4Xam","rect":[69,71,488,134],"offset":[13,62],"originalSize":[600,400],"capInsets":[0,0,0,0]}],[0],0,[0],[2],[56]],[[[0,"Fold",".wav",0.487279],-1],0,0,[],[],[]],[[[0,"DiChuyenLaBai",".mp3",0.144],-1],0,0,[],[],[]],[[{"name":"btn_Red","rect":[0,0,169,61],"offset":[0,0],"originalSize":[169,61],"capInsets":[0,0,0,0]}],[0],0,[0],[2],[57]],[[{"name":"btn_emoji","rect":[0,0,68,70],"offset":[0,0],"originalSize":[68,70],"capInsets":[0,0,0,0]}],[0],0,[0],[2],[58]],[[[0,"AnBai",".wav",0.674671],-1],0,0,[],[],[]],[[{"name":"bg","rect":[0,0,2024,960],"offset":[0,0],"originalSize":[2024,960],"capInsets":[0,0,0,0]}],[0],0,[0],[2],[59]],[[{"name":"bt_reload","rect":[0,0,80,80],"offset":[0,0],"originalSize":[80,80],"capInsets":[0,0,0,0]}],[0],0,[0],[2],[60]],[[[0,"water",".mp3",1.1755],-1],0,0,[],[],[]],[[{"name":"txt5DoiThong","rect":[39,100,650,105],"offset":[-36,47.5],"originalSize":[800,400],"capInsets":[0,0,0,0]}],[0],0,[0],[2],[61]],[[{"name":"btn_blue","rect":[0,0,169,61],"offset":[0,0],"originalSize":[169,61],"capInsets":[0,0,0,0]}],[0],0,[0],[2],[62]],[[{"name":"txtSanhRong","rect":[15,74,585,131],"offset":[7.5,60.5],"originalSize":[600,400],"capInsets":[0,0,0,0]}],[0],0,[0],[2],[63]],[[[0,"chiaBaiLoop",".mp3",0.17805],-1],0,0,[],[],[]],[[{"name":"txtTuHeo","rect":[122,95,390,110],"offset":[17,50],"originalSize":[600,400],"capInsets":[0,0,0,0]}],[0],0,[0],[2],[64]],[[[0,"alert",".mp3",1.149388],-1],0,0,[],[],[]]]]