[
  1,
  [
    "30j6S3xLJDuIH48axbO1kX",
    "9c8Gqcm0hKCJM1AdjsgJiw",
    "b0QNwTJl9HCrOneKEu61zu",
    "4bCYpuNHlMmJe+4Ro6Mv9b",
    "dbf6ETXXBAoaaDAMZY0AU3",
    "09eHfXmR9DoqTIWoFQyGL3",
    "fb7kbwCjNAVrjCg8YFRVJL",
    "4bGJzrwn5M5rj3yvSrrlLf",
    "ccqQBcQ7ZK5atwJzvIvkTv",
    "bbxeQfIA5L/qjhABBk2RO7",
    "a5MqEpdo1B07Xzx17PLaiX",
    "b2LPoOWdRPbJbLO4Lmq5AJ",
    "bccsdUHNNPhrAtvZVvfD4x",
    "01AuUHcG1CPodf4bqp+Tu3",
    "25M6/2lGZAeKnEx/j2TYSL",
    "d2Dr/VgIRLWrRoqVtwhmbP",
    "4b1liGRlBDrJbJ1lsarA5S",
    "7bNHXS9fVLppn9D3XaGji4",
    "2bLMd3jetOkK4KoyDj1V9f",
    "e8HVOU2GFIy73x+rzkQeaB",
    "6axk/uiPZFuI/AiOCc4i8k",
    "1bU7dtl7VN1aZHlthXdIfv",
    "2fZQ09nRtAoaGvmzi1/NSL",
    "32q3794cNDaamcSCrxYNHR",
    "e1BYljjK5LYL2plV8Gzsjk"
  ],
  [
    "value"
  ],
  [
    [
      "cc.AnimationClip",
      [
        "_name",
        "_duration",
        "sample",
        "wrapMode",
        "curveData"
      ],
      -1,
      11
    ]
  ],
  [
    [
      0,
      0,
      1,
      2,
      3,
      4,
      5
    ]
  ],
  [
    [
      0,
      "DongXu",
      1.25,
      20,
      2,
      [
        {},
        "comps",
        11,
        [
          {},
          "cc.Sprite",
          11,
          [
            {},
            "spriteFrame",
            12,
            [
              [
                [
                  {
                    "frame": 0
                  },
                  "value",
                  6,
                  0
                ],
                [
                  {
                    "frame": 0.05
                  },
                  "value",
                  6,
                  1
                ],
                [
                  {
                    "frame": 0.1
                  },
                  "value",
                  6,
                  2
                ],
                [
                  {
                    "frame": 0.15
                  },
                  "value",
                  6,
                  3
                ],
                [
                  {
                    "frame": 0.2
                  },
                  "value",
                  6,
                  4
                ],
                [
                  {
                    "frame": 0.25
                  },
                  "value",
                  6,
                  5
                ],
                [
                  {
                    "frame": 0.3
                  },
                  "value",
                  6,
                  6
                ],
                [
                  {
                    "frame": 0.35
                  },
                  "value",
                  6,
                  7
                ],
                [
                  {
                    "frame": 0.4
                  },
                  "value",
                  6,
                  8
                ],
                [
                  {
                    "frame": 0.45
                  },
                  "value",
                  6,
                  9
                ],
                [
                  {
                    "frame": 0.5
                  },
                  "value",
                  6,
                  10
                ],
                [
                  {
                    "frame": 0.55
                  },
                  "value",
                  6,
                  11
                ],
                [
                  {
                    "frame": 0.6
                  },
                  "value",
                  6,
                  12
                ],
                [
                  {
                    "frame": 0.65
                  },
                  "value",
                  6,
                  13
                ],
                [
                  {
                    "frame": 0.7
                  },
                  "value",
                  6,
                  14
                ],
                [
                  {
                    "frame": 0.75
                  },
                  "value",
                  6,
                  15
                ],
                [
                  {
                    "frame": 0.8
                  },
                  "value",
                  6,
                  16
                ],
                [
                  {
                    "frame": 0.85
                  },
                  "value",
                  6,
                  17
                ],
                [
                  {
                    "frame": 0.9
                  },
                  "value",
                  6,
                  18
                ],
                [
                  {
                    "frame": 0.95
                  },
                  "value",
                  6,
                  19
                ],
                [
                  {
                    "frame": 1
                  },
                  "value",
                  6,
                  20
                ],
                [
                  {
                    "frame": 1.05
                  },
                  "value",
                  6,
                  21
                ],
                [
                  {
                    "frame": 1.1
                  },
                  "value",
                  6,
                  22
                ],
                [
                  {
                    "frame": 1.15
                  },
                  "value",
                  6,
                  23
                ],
                [
                  {
                    "frame": 1.2
                  },
                  "value",
                  6,
                  24
                ]
              ],
              11,
              11,
              11,
              11,
              11,
              11,
              11,
              11,
              11,
              11,
              11,
              11,
              11,
              11,
              11,
              11,
              11,
              11,
              11,
              11,
              11,
              11,
              11,
              11,
              11
            ]
          ]
        ]
      ]
    ]
  ],
  0,
  0,
  [
    0,
    0,
    0,
    0,
    0,
    0,
    0,
    0,
    0,
    0,
    0,
    0,
    0,
    0,
    0,
    0,
    0,
    0,
    0,
    0,
    0,
    0,
    0,
    0,
    0
  ],
  [
    0,
    0,
    0,
    0,
    0,
    0,
    0,
    0,
    0,
    0,
    0,
    0,
    0,
    0,
    0,
    0,
    0,
    0,
    0,
    0,
    0,
    0,
    0,
    0,
    0
  ],
  [
    0,
    1,
    2,
    3,
    4,
    5,
    6,
    7,
    8,
    9,
    10,
    11,
    12,
    13,
    14,
    15,
    16,
    17,
    18,
    19,
    20,
    21,
    22,
    23,
    24
  ]
]