[
  1,
  [
    "80b6CxvIVHIJ6d/SdyFFGM",
    "11pb3vb99MmoIamz3lUIVj",
    "8fjENt+uJE4KHqBaM4cLjV",
    "91gNF9MJFJIY7ibxKLIQlr",
    "56b1qMRDBGELVgsr49GbFC",
    "ebqPpmugxGIpSUp2QnjpmX",
    "a9W+YRYIdAS5ejiOdXTq9s",
    "a4ZpwKa65C64AC1CuhoT8V",
    "bcjL9nhltPOLyYVuvQh6n1",
    "88SbPPlfFCioQjpOilQfsE",
    "f9VgW3IhtDx5RZNPvKFbLR",
    "afLPAr6o9PGoQehEso8Kkr",
    "1aR4lgnhZNw4dFTc3Kp10H",
    "b7F7O2AndEwprdQdH9UiLh",
    "f3n6cMkzpDQqKipVyHjA7k",
    "a3t9lWDfhB9YaCNvgo7B8v",
    "5bnWYJm9RCxLJPXBwqMN68",
    "10qQT+4NlHLrv6aPSA1pcc",
    "cfYIJMeBtOEabaSaQc9agp"
  ],
  [
    "value"
  ],
  [
    [
      "cc.AnimationClip",
      [
        "_name",
        "_duration",
        "sample",
        "wrapMode",
        "curveData"
      ],
      -1,
      11
    ]
  ],
  [
    [
      0,
      0,
      1,
      2,
      3,
      4,
      5
    ]
  ],
  [
    [
      0,
      "mf_elec_sun_a_add",
      0.19,
      100,
      2,
      [
        {},
        "comps",
        11,
        [
          {},
          "cc.Sprite",
          11,
          [
            {},
            "spriteFrame",
            12,
            [
              [
                [
                  {
                    "frame": 0
                  },
                  "value",
                  6,
                  0
                ],
                [
                  {
                    "frame": 0.01
                  },
                  "value",
                  6,
                  1
                ],
                [
                  {
                    "frame": 0.02
                  },
                  "value",
                  6,
                  2
                ],
                [
                  {
                    "frame": 0.03
                  },
                  "value",
                  6,
                  3
                ],
                [
                  {
                    "frame": 0.04
                  },
                  "value",
                  6,
                  4
                ],
                [
                  {
                    "frame": 0.05
                  },
                  "value",
                  6,
                  5
                ],
                [
                  {
                    "frame": 0.06
                  },
                  "value",
                  6,
                  6
                ],
                [
                  {
                    "frame": 0.07
                  },
                  "value",
                  6,
                  7
                ],
                [
                  {
                    "frame": 0.08
                  },
                  "value",
                  6,
                  8
                ],
                [
                  {
                    "frame": 0.09
                  },
                  "value",
                  6,
                  9
                ],
                [
                  {
                    "frame": 0.1
                  },
                  "value",
                  6,
                  10
                ],
                [
                  {
                    "frame": 0.11
                  },
                  "value",
                  6,
                  11
                ],
                [
                  {
                    "frame": 0.12
                  },
                  "value",
                  6,
                  12
                ],
                [
                  {
                    "frame": 0.13
                  },
                  "value",
                  6,
                  13
                ],
                [
                  {
                    "frame": 0.14
                  },
                  "value",
                  6,
                  14
                ],
                [
                  {
                    "frame": 0.15
                  },
                  "value",
                  6,
                  15
                ],
                [
                  {
                    "frame": 0.16
                  },
                  "value",
                  6,
                  16
                ],
                [
                  {
                    "frame": 0.17
                  },
                  "value",
                  6,
                  17
                ],
                [
                  {
                    "frame": 0.18
                  },
                  "value",
                  6,
                  18
                ]
              ],
              11,
              11,
              11,
              11,
              11,
              11,
              11,
              11,
              11,
              11,
              11,
              11,
              11,
              11,
              11,
              11,
              11,
              11,
              11
            ]
          ]
        ]
      ]
    ]
  ],
  0,
  0,
  [
    0,
    0,
    0,
    0,
    0,
    0,
    0,
    0,
    0,
    0,
    0,
    0,
    0,
    0,
    0,
    0,
    0,
    0,
    0
  ],
  [
    0,
    0,
    0,
    0,
    0,
    0,
    0,
    0,
    0,
    0,
    0,
    0,
    0,
    0,
    0,
    0,
    0,
    0,
    0
  ],
  [
    0,
    1,
    2,
    3,
    4,
    5,
    6,
    7,
    8,
    9,
    10,
    11,
    12,
    13,
    14,
    15,
    16,
    17,
    18
  ]
]