[
  1,
  [
    "30S56bSNFNY52ExM2l9AT2"
  ],
  [
    "_textureSetter"
  ],
  [
    "cc.SpriteFrame"
  ],
  0,
  [
    [
      [
        {
          "name": "bw_vfx_c_add_13",
          "rect": [
            1,
            1,
            534,
            520
          ],
          "offset": [
            2,
            16
          ],
          "originalSize": [
            538,
            650
          ],
          "capInsets": [
            0,
            0,
            0,
            0
          ]
        }
      ],
      [
        0
      ],
      0,
      [
        0
      ],
      [
        0
      ],
      [
        0
      ]
    ],
    [
      [
        {
          "name": "bw_vfx_c_add_07",
          "rect": [
            1,
            1043,
            534,
            502
          ],
          "offset": [
            -2,
            -4
          ],
          "originalSize": [
            538,
            650
          ],
          "capInsets": [
            0,
            0,
            0,
            0
          ]
        }
      ],
      [
        0
      ],
      0,
      [
        0
      ],
      [
        0
      ],
      [
        0
      ]
    ],
    [
      [
        {
          "name": "bw_vfx_c_add_01",
          "rect": [
            1,
            523,
            534,
            518
          ],
          "offset": [
            -1,
            21
          ],
          "originalSize": [
            538,
            650
          ],
          "capInsets": [
            0,
            0,
            0,
            0
          ]
        }
      ],
      [
        0
      ],
      0,
      [
        0
      ],
      [
        0
      ],
      [
        0
      ]
    ],
    [
      [
        {
          "name": "bw_vfx_c_add_08",
          "rect": [
            537,
            539,
            536,
            514
          ],
          "offset": [
            -1,
            1
          ],
          "originalSize": [
            538,
            650
          ],
          "rotated": 1,
          "capInsets": [
            0,
            0,
            0,
            0
          ]
        }
      ],
      [
        0
      ],
      0,
      [
        0
      ],
      [
        0
      ],
      [
        0
      ]
    ],
    [
      [
        {
          "name": "bw_vfx_c_add_00",
          "rect": [
            537,
            1,
            536,
            514
          ],
          "offset": [
            1,
            20
          ],
          "originalSize": [
            538,
            650
          ],
          "rotated": 1,
          "capInsets": [
            0,
            0,
            0,
            0
          ]
        }
      ],
      [
        0
      ],
      0,
      [
        0
      ],
      [
        0
      ],
      [
        0
      ]
    ]
  ]
]