[
  1,
  [
    "d993M8R9VJSYuRZqBnLhXA"
  ],
  [
    "_textureSetter"
  ],
  [
    "cc.SpriteFrame"
  ],
  0,
  [
    [
      [
        {
          "name": "smw_vfx_d_add",
          "rect": [
            1,
            1,
            540,
            566
          ],
          "offset": [
            0,
            0
          ],
          "originalSize": [
            540,
            566
          ],
          "rotated": 1,
          "capInsets": [
            0,
            0,
            0,
            0
          ]
        }
      ],
      [
        0
      ],
      0,
      [
        0
      ],
      [
        0
      ],
      [
        0
      ]
    ],
    [
      [
        {
          "name": "smw_pattern_b_screen",
          "rect": [
            1,
            1254,
            732,
            813
          ],
          "offset": [
            0,
            0
          ],
          "originalSize": [
            732,
            813
          ],
          "rotated": 1,
          "capInsets": [
            0,
            0,
            0,
            0
          ]
        }
      ],
      [
        0
      ],
      0,
      [
        0
      ],
      [
        0
      ],
      [
        0
      ]
    ],
    [
      [
        {
          "name": "smw_pattern_c_screen",
          "rect": [
            1,
            543,
            732,
            709
          ],
          "offset": [
            0,
            0
          ],
          "originalSize": [
            732,
            709
          ],
          "capInsets": [
            0,
            0,
            0,
            0
          ]
        }
      ],
      [
        0
      ],
      0,
      [
        0
      ],
      [
        0
      ],
      [
        0
      ]
    ]
  ]
]