[
  1,
  [
    "25kYEqMJJHBK6ZDgB0LNuN"
  ],
  [
    "_textureSetter"
  ],
  [
    "cc.SpriteFrame"
  ],
  0,
  [
    [
      [
        {
          "name": "ui_footer",
          "rect": [
            1,
            1196,
            756,
            454
          ],
          "offset": [
            0,
            0
          ],
          "originalSize": [
            756,
            454
          ],
          "capInsets": [
            0,
            0,
            0,
            0
          ]
        }
      ],
      [
        0
      ],
      0,
      [
        0
      ],
      [
        0
      ],
      [
        0
      ]
    ],
    [
      [
        {
          "name": "ui_bg",
          "rect": [
            1,
            1,
            756,
            1193
          ],
          "offset": [
            0,
            0
          ],
          "originalSize": [
            756,
            1193
          ],
          "capInsets": [
            0,
            0,
            0,
            0
          ]
        }
      ],
      [
        0
      ],
      0,
      [
        0
      ],
      [
        0
      ],
      [
        0
      ]
    ]
  ]
]