[
  1,
  [
    "1fEzuR7ilPPb/GLfLeBvqD",
    "7aI8xn5nVHYYgMOUzFR+dx",
    "6dIb9k9TdB0oBxJguhIyJB",
    "20zCePriJA3JNWgOI5JR51",
    "370EfP+95N1J6Y9z3jXiND",
    "47kn/HsG9B24X41vyMcd+L",
    "31Asbh5NlNW6ydDQhM6CUg",
    "53ZM6t6o9Jco7L1de8mlmC",
    "64r/bRX91I+oP6S+wOXyA1",
    "9bgw/blZlEZ6p22Atx0i66",
    "d8KRwUY8BA4aS+SGVxK//x",
    "99FE1qxdNOKbxmdkZDOsEo",
    "2ddwk1kMlJtr1ZelW9Sj6b",
    "49ZAaENIVI/67BpVtagqgP",
    "c2Hz07ehtIwJ5ONVQxnaQb",
    "08TRtkd0JC94u8IO1laZc4",
    "3f1toUW99AGK8f+gaojdxg",
    "5bN2a39KFAAYC+hgG8aMAD",
    "798AS8aqZEGqxfwS1KZawa",
    "15YE3g2htMF5wjVlbXt6pK",
    "575BZ4vVdHIa98VA/QUEy9",
    "606/oAuSRG35HQIeijknHO",
    "41/r4KfSxKS6qF+yiIXuZt",
    "35gCiiVP5FPYdDK4x0e6sW",
    "1ba6E76SdOMJ9QdYsnUqfM",
    "be7+uAGM1Bur6dGbNWAq5N",
    "be4irP521JvoiZhs6XlUvq",
    "49ichIU1VF9Jwz5TRkfPQS",
    "c7dZqXHEJAO72wqSUHszC+",
    "b7ownpzrFPV4Fz4rYX3TFF",
    "6a2pz0DghJebzL6VpwfjiC",
    "f41EwblshL8rUInUXo1oFd",
    "4an6HdJVJGd4NlEEzNT7Nz",
    "0fzvh5VmhAaJdRu53+9vKk",
    "9b40MiGNtLYY89DdClBd8f",
    "9dnFTit7RJIp75IZIKOSe7",
    "ebhqzT71dGf7jnyYEyx3v0",
    "6e1KPz+7NEdqHwwCAPItwy",
    "dcn8kQ5D9NP7d2n8D47rKE",
    "f0Ol4xZlJGG777NZqrz4HD",
    "34nzpp09JH35UZ5ybS8xQ4",
    "50ewKofRFGBqjnLO6FQ6XR",
    "28ZQ8YzWdBJZsfUFy7k2wH",
    "16x+hFw7VPYrLP2ATJoG12",
    "33I95YmP1J5aDS8cBuxeOs",
    "a1v/xRbhdHSIvUVNWkRCrG",
    "9e/EJGvwJIe5mOsUEcDCt5",
    "34X1SQ9nZO46JcBAagvUG+"
  ],
  [
    "value"
  ],
  [
    [
      "cc.AnimationClip",
      [
        "_name",
        "_duration",
        "sample",
        "wrapMode",
        "curveData"
      ],
      -1,
      11
    ]
  ],
  [
    [
      0,
      0,
      1,
      2,
      3,
      4,
      5
    ]
  ],
  [
    [
      0,
      "Fire",
      2.4,
      20,
      2,
      [
        {},
        "comps",
        11,
        [
          {},
          "cc.Sprite",
          11,
          [
            {},
            "spriteFrame",
            12,
            [
              [
                [
                  {
                    "frame": 0
                  },
                  "value",
                  6,
                  0
                ],
                [
                  {
                    "frame": 0.05
                  },
                  "value",
                  6,
                  1
                ],
                [
                  {
                    "frame": 0.1
                  },
                  "value",
                  6,
                  2
                ],
                [
                  {
                    "frame": 0.15
                  },
                  "value",
                  6,
                  3
                ],
                [
                  {
                    "frame": 0.2
                  },
                  "value",
                  6,
                  4
                ],
                [
                  {
                    "frame": 0.25
                  },
                  "value",
                  6,
                  5
                ],
                [
                  {
                    "frame": 0.3
                  },
                  "value",
                  6,
                  6
                ],
                [
                  {
                    "frame": 0.35
                  },
                  "value",
                  6,
                  7
                ],
                [
                  {
                    "frame": 0.4
                  },
                  "value",
                  6,
                  8
                ],
                [
                  {
                    "frame": 0.45
                  },
                  "value",
                  6,
                  9
                ],
                [
                  {
                    "frame": 0.5
                  },
                  "value",
                  6,
                  10
                ],
                [
                  {
                    "frame": 0.55
                  },
                  "value",
                  6,
                  11
                ],
                [
                  {
                    "frame": 0.6
                  },
                  "value",
                  6,
                  12
                ],
                [
                  {
                    "frame": 0.65
                  },
                  "value",
                  6,
                  13
                ],
                [
                  {
                    "frame": 0.7
                  },
                  "value",
                  6,
                  14
                ],
                [
                  {
                    "frame": 0.75
                  },
                  "value",
                  6,
                  15
                ],
                [
                  {
                    "frame": 0.8
                  },
                  "value",
                  6,
                  16
                ],
                [
                  {
                    "frame": 0.85
                  },
                  "value",
                  6,
                  17
                ],
                [
                  {
                    "frame": 0.9
                  },
                  "value",
                  6,
                  18
                ],
                [
                  {
                    "frame": 0.95
                  },
                  "value",
                  6,
                  19
                ],
                [
                  {
                    "frame": 1
                  },
                  "value",
                  6,
                  20
                ],
                [
                  {
                    "frame": 1.05
                  },
                  "value",
                  6,
                  21
                ],
                [
                  {
                    "frame": 1.1
                  },
                  "value",
                  6,
                  22
                ],
                [
                  {
                    "frame": 1.15
                  },
                  "value",
                  6,
                  23
                ],
                [
                  {
                    "frame": 1.2
                  },
                  "value",
                  6,
                  24
                ],
                [
                  {
                    "frame": 1.25
                  },
                  "value",
                  6,
                  25
                ],
                [
                  {
                    "frame": 1.3
                  },
                  "value",
                  6,
                  26
                ],
                [
                  {
                    "frame": 1.35
                  },
                  "value",
                  6,
                  27
                ],
                [
                  {
                    "frame": 1.4
                  },
                  "value",
                  6,
                  28
                ],
                [
                  {
                    "frame": 1.45
                  },
                  "value",
                  6,
                  29
                ],
                [
                  {
                    "frame": 1.5
                  },
                  "value",
                  6,
                  30
                ],
                [
                  {
                    "frame": 1.55
                  },
                  "value",
                  6,
                  31
                ],
                [
                  {
                    "frame": 1.6
                  },
                  "value",
                  6,
                  32
                ],
                [
                  {
                    "frame": 1.65
                  },
                  "value",
                  6,
                  33
                ],
                [
                  {
                    "frame": 1.7
                  },
                  "value",
                  6,
                  34
                ],
                [
                  {
                    "frame": 1.75
                  },
                  "value",
                  6,
                  35
                ],
                [
                  {
                    "frame": 1.8
                  },
                  "value",
                  6,
                  36
                ],
                [
                  {
                    "frame": 1.85
                  },
                  "value",
                  6,
                  37
                ],
                [
                  {
                    "frame": 1.9
                  },
                  "value",
                  6,
                  38
                ],
                [
                  {
                    "frame": 1.95
                  },
                  "value",
                  6,
                  39
                ],
                [
                  {
                    "frame": 2
                  },
                  "value",
                  6,
                  40
                ],
                [
                  {
                    "frame": 2.05
                  },
                  "value",
                  6,
                  41
                ],
                [
                  {
                    "frame": 2.1
                  },
                  "value",
                  6,
                  42
                ],
                [
                  {
                    "frame": 2.15
                  },
                  "value",
                  6,
                  43
                ],
                [
                  {
                    "frame": 2.2
                  },
                  "value",
                  6,
                  44
                ],
                [
                  {
                    "frame": 2.25
                  },
                  "value",
                  6,
                  45
                ],
                [
                  {
                    "frame": 2.3
                  },
                  "value",
                  6,
                  46
                ],
                [
                  {
                    "frame": 2.35
                  },
                  "value",
                  6,
                  47
                ]
              ],
              11,
              11,
              11,
              11,
              11,
              11,
              11,
              11,
              11,
              11,
              11,
              11,
              11,
              11,
              11,
              11,
              11,
              11,
              11,
              11,
              11,
              11,
              11,
              11,
              11,
              11,
              11,
              11,
              11,
              11,
              11,
              11,
              11,
              11,
              11,
              11,
              11,
              11,
              11,
              11,
              11,
              11,
              11,
              11,
              11,
              11,
              11,
              11
            ]
          ]
        ]
      ]
    ]
  ],
  0,
  0,
  [
    0,
    0,
    0,
    0,
    0,
    0,
    0,
    0,
    0,
    0,
    0,
    0,
    0,
    0,
    0,
    0,
    0,
    0,
    0,
    0,
    0,
    0,
    0,
    0,
    0,
    0,
    0,
    0,
    0,
    0,
    0,
    0,
    0,
    0,
    0,
    0,
    0,
    0,
    0,
    0,
    0,
    0,
    0,
    0,
    0,
    0,
    0,
    0
  ],
  [
    0,
    0,
    0,
    0,
    0,
    0,
    0,
    0,
    0,
    0,
    0,
    0,
    0,
    0,
    0,
    0,
    0,
    0,
    0,
    0,
    0,
    0,
    0,
    0,
    0,
    0,
    0,
    0,
    0,
    0,
    0,
    0,
    0,
    0,
    0,
    0,
    0,
    0,
    0,
    0,
    0,
    0,
    0,
    0,
    0,
    0,
    0,
    0
  ],
  [
    0,
    1,
    2,
    3,
    4,
    5,
    6,
    7,
    8,
    9,
    10,
    11,
    12,
    13,
    14,
    15,
    16,
    17,
    18,
    19,
    20,
    21,
    22,
    23,
    24,
    25,
    26,
    27,
    28,
    29,
    30,
    31,
    32,
    33,
    34,
    35,
    36,
    37,
    38,
    39,
    40,
    41,
    42,
    43,
    44,
    45,
    46,
    47
  ]
]