[
  1,
  [
    "0a0nWEaCpH1IfHCsAJsKAY"
  ],
  [
    "_textureSetter"
  ],
  [
    "cc.SpriteFrame"
  ],
  0,
  [
    [
      [
        {
          "name": "sb_base",
          "rect": [
            1,
            1,
            267,
            148
          ],
          "offset": [
            0,
            0
          ],
          "originalSize": [
            267,
            148
          ],
          "capInsets": [
            0,
            0,
            0,
            0
          ]
        }
      ],
      [
        0
      ],
      0,
      [
        0
      ],
      [
        0
      ],
      [
        0
      ]
    ],
    [
      [
        {
          "name": "sb_auto",
          "rect": [
            249,
            304,
            154,
            152
          ],
          "offset": [
            -2,
            -1
          ],
          "originalSize": [
            210,
            210
          ],
          "capInsets": [
            0,
            0,
            0,
            0
          ]
        }
      ],
      [
        0
      ],
      0,
      [
        0
      ],
      [
        0
      ],
      [
        0
      ]
    ],
    [
      [
        {
          "name": "sb_button",
          "rect": [
            270,
            1,
            181,
            183
          ],
          "offset": [
            0,
            0
          ],
          "originalSize": [
            181,
            183
          ],
          "capInsets": [
            0,
            0,
            0,
            0
          ]
        }
      ],
      [
        0
      ],
      0,
      [
        0
      ],
      [
        0
      ],
      [
        0
      ]
    ]
  ]
]