[1,["592gQR3WNChLTbPB23Ov9i"],0,[["sp.SkeletonData",["_name","_atlasText","textureNames","_skeletonJson","textures"],-1,3]],[[0,0,1,2,3,4,5]],[[0,"yulei_suoding","\nyulei_suoding.png\nsize: 243,194\nformat: RGBA8888\nfilter: Linear,Linear\nrepeat: none\nyulei_suoding/suodingq\n  rotate: false\n  xy: 0, 0\n  size: 194, 194\n  orig: 194, 194\n  offset: 0, 0\n  index: -1\nyulei_suoding/zhuanquan\n  rotate: false\n  xy: 194, 146\n  size: 49, 48\n  orig: 49, 48\n  offset: 0, 0\n  index: -1\n",["yulei_suoding.png"],{"skeleton":{"hash":"/NVzKSaP06yUU4KPqLOkyCs6n2w","spine":"3.3.07","width":0,"height":0,"images":""},"bones":[{"name":"root","scaleX":0.8,"scaleY":0.8},{"name":"zhuanquan","parent":"root"}],"slots":[{"name":"yulei_suoding/suodingq","bone":"root","attachment":"yulei_suoding/suodingq"},{"name":"yulei_suoding/zhuanquan","bone":"zhuanquan","attachment":"yulei_suoding/zhuanquan"}],"skins":{"default":{"yulei_suoding/suodingq":{"yulei_suoding/suodingq":{"width":242,"height":242}},"yulei_suoding/zhuanquan":{"yulei_suoding/zhuanquan":{"width":61,"height":60}}}},"animations":{"animation":{"bones":{"zhuanquan":{"rotate":[{"time":0,"angle":0},{"time":1,"angle":-180},{"time":2,"angle":-360}]}}}}},[0]]],0,0,[0],[-1],[0]]