[
  1,
  [
    "04bTIljGFHEq53oQp4OV6y"
  ],
  [
    "_textureSetter"
  ],
  [
    "cc.SpriteFrame"
  ],
  0,
  [
    [
      [
        {
          "name": "dc_dialog_2",
          "rect": [
            1,
            739,
            140,
            709
          ],
          "offset": [
            0,
            0
          ],
          "originalSize": [
            140,
            709
          ],
          "capInsets": [
            0,
            0,
            0,
            0
          ]
        }
      ],
      [
        0
      ],
      0,
      [
        0
      ],
      [
        0
      ],
      [
        0
      ]
    ],
    [
      [
        {
          "name": "dc_dialog_1",
          "rect": [
            1,
            1,
            141,
            736
          ],
          "offset": [
            0,
            0
          ],
          "originalSize": [
            141,
            736
          ],
          "capInsets": [
            0,
            0,
            0,
            0
          ]
        }
      ],
      [
        0
      ],
      0,
      [
        0
      ],
      [
        0
      ],
      [
        0
      ]
    ]
  ]
]