[
  1,
  [
    "ffXEKtZMhIaqUiSa/QJTJ7"
  ],
  [
    "_textureSetter"
  ],
  [
    "cc.SpriteFrame"
  ],
  0,
  [
    [
      [
        {
          "name": "Scatter effect 02_19",
          "rect": [
            1222,
            14,
            249,
            289
          ],
          "offset": [
            35,
            13
          ],
          "originalSize": [
            325,
            325
          ],
          "capInsets": [
            0,
            0,
            0,
            0
          ]
        }
      ],
      [
        0
      ],
      0,
      [
        0
      ],
      [
        0
      ],
      [
        0
      ]
    ],
    [
      [
        {
          "name": "Scatter effect 02_21",
          "rect": [
            1519,
            342,
            121,
            193
          ],
          "offset": [
            13,
            50
          ],
          "originalSize": [
            325,
            325
          ],
          "capInsets": [
            0,
            0,
            0,
            0
          ]
        }
      ],
      [
        0
      ],
      0,
      [
        0
      ],
      [
        0
      ],
      [
        0
      ]
    ],
    [
      [
        {
          "name": "Scatter effect 02_16",
          "rect": [
            1413,
            631,
            255,
            285
          ],
          "offset": [
            17,
            16
          ],
          "originalSize": [
            325,
            325
          ],
          "capInsets": [
            0,
            0,
            0,
            0
          ]
        }
      ],
      [
        0
      ],
      0,
      [
        0
      ],
      [
        0
      ],
      [
        0
      ]
    ],
    [
      [
        {
          "name": "Scatter effect 02_20",
          "rect": [
            1709,
            -5,
            239,
            251
          ],
          "offset": [
            40,
            -6
          ],
          "originalSize": [
            325,
            325
          ],
          "capInsets": [
            0,
            0,
            0,
            0
          ]
        }
      ],
      [
        0
      ],
      0,
      [
        0
      ],
      [
        0
      ],
      [
        0
      ]
    ],
    [
      [
        {
          "name": "Scatter effect 02_12",
          "rect": [
            1241,
            314,
            281,
            303
          ],
          "offset": [
            8,
            4
          ],
          "originalSize": [
            325,
            325
          ],
          "capInsets": [
            0,
            0,
            0,
            0
          ]
        }
      ],
      [
        0
      ],
      0,
      [
        0
      ],
      [
        0
      ],
      [
        0
      ]
    ],
    [
      [
        {
          "name": "Scatter effect 02_05",
          "rect": [
            631,
            313,
            313,
            309
          ],
          "offset": [
            0,
            -1
          ],
          "originalSize": [
            325,
            325
          ],
          "capInsets": [
            0,
            0,
            0,
            0
          ]
        }
      ],
      [
        0
      ],
      0,
      [
        0
      ],
      [
        0
      ],
      [
        0
      ]
    ],
    [
      [
        {
          "name": "Scatter effect 02_02",
          "rect": [
            1,
            318,
            313,
            313
          ],
          "offset": [
            0,
            0
          ],
          "originalSize": [
            325,
            325
          ],
          "capInsets": [
            0,
            0,
            0,
            0
          ]
        }
      ],
      [
        0
      ],
      0,
      [
        0
      ],
      [
        0
      ],
      [
        0
      ]
    ],
    [
      [
        {
          "name": "Scatter effect 02_13",
          "rect": [
            -18,
            658,
            271,
            269
          ],
          "offset": [
            19,
            13
          ],
          "originalSize": [
            325,
            325
          ],
          "capInsets": [
            0,
            0,
            0,
            0
          ]
        }
      ],
      [
        0
      ],
      0,
      [
        0
      ],
      [
        0
      ],
      [
        0
      ]
    ],
    [
      [
        {
          "name": "Scatter effect 02_10",
          "rect": [
            533,
            631,
            295,
            295
          ],
          "offset": [
            0,
            0
          ],
          "originalSize": [
            325,
            325
          ],
          "capInsets": [
            0,
            0,
            0,
            0
          ]
        }
      ],
      [
        0
      ],
      0,
      [
        0
      ],
      [
        0
      ],
      [
        0
      ]
    ],
    [
      [
        {
          "name": "Scatter effect 02_03",
          "rect": [
            316,
            317,
            313,
            311
          ],
          "offset": [
            0,
            -1
          ],
          "originalSize": [
            325,
            325
          ],
          "capInsets": [
            0,
            0,
            0,
            0
          ]
        }
      ],
      [
        0
      ],
      0,
      [
        0
      ],
      [
        0
      ],
      [
        0
      ]
    ],
    [
      [
        {
          "name": "Scatter effect 02_06",
          "rect": [
            944,
            1,
            311,
            307
          ],
          "offset": [
            0,
            0
          ],
          "originalSize": [
            325,
            325
          ],
          "capInsets": [
            0,
            0,
            0,
            0
          ]
        }
      ],
      [
        0
      ],
      0,
      [
        0
      ],
      [
        0
      ],
      [
        0
      ]
    ],
    [
      [
        {
          "name": "Scatter effect 02_17",
          "rect": [
            257,
            660,
            257,
            267
          ],
          "offset": [
            17,
            16
          ],
          "originalSize": [
            325,
            325
          ],
          "capInsets": [
            0,
            0,
            0,
            0
          ]
        }
      ],
      [
        0
      ],
      0,
      [
        0
      ],
      [
        0
      ],
      [
        0
      ]
    ],
    [
      [
        {
          "name": "Scatter effect 02_11",
          "rect": [
            1133,
            630,
            295,
            297
          ],
          "offset": [
            0,
            6
          ],
          "originalSize": [
            325,
            325
          ],
          "capInsets": [
            0,
            0,
            0,
            0
          ]
        }
      ],
      [
        0
      ],
      0,
      [
        0
      ],
      [
        0
      ],
      [
        0
      ]
    ],
    [
      [
        {
          "name": "Scatter effect 02_09",
          "rect": [
            833,
            630,
            301,
            297
          ],
          "offset": [
            -3,
            3
          ],
          "originalSize": [
            325,
            325
          ],
          "capInsets": [
            0,
            0,
            0,
            0
          ]
        }
      ],
      [
        0
      ],
      0,
      [
        0
      ],
      [
        0
      ],
      [
        0
      ]
    ],
    [
      [
        {
          "name": "Scatter effect 02_08",
          "rect": [
            949,
            310,
            301,
            307
          ],
          "offset": [
            -3,
            0
          ],
          "originalSize": [
            325,
            325
          ],
          "capInsets": [
            0,
            0,
            0,
            0
          ]
        }
      ],
      [
        0
      ],
      0,
      [
        0
      ],
      [
        0
      ],
      [
        0
      ]
    ],
    [
      [
        {
          "name": "Scatter effect 02_18",
          "rect": [
            1484,
            15,
            239,
            289
          ],
          "offset": [
            24,
            14
          ],
          "originalSize": [
            325,
            325
          ],
          "capInsets": [
            0,
            0,
            0,
            0
          ]
        }
      ],
      [
        0
      ],
      0,
      [
        0
      ],
      [
        0
      ],
      [
        0
      ]
    ],
    [
      [
        {
          "name": "Scatter effect 02_14",
          "rect": [
            1664,
            306,
            273,
            281
          ],
          "offset": [
            23,
            14
          ],
          "originalSize": [
            325,
            325
          ],
          "capInsets": [
            0,
            0,
            0,
            0
          ]
        }
      ],
      [
        0
      ],
      0,
      [
        0
      ],
      [
        0
      ],
      [
        0
      ]
    ],
    [
      [
        {
          "name": "Scatter effect 02_01",
          "rect": [
            1,
            1,
            315,
            315
          ],
          "offset": [
            0,
            0
          ],
          "originalSize": [
            325,
            325
          ],
          "capInsets": [
            0,
            0,
            0,
            0
          ]
        }
      ],
      [
        0
      ],
      0,
      [
        0
      ],
      [
        0
      ],
      [
        0
      ]
    ],
    [
      [
        {
          "name": "Scatter effect 02_15",
          "rect": [
            1676,
            586,
            255,
            273
          ],
          "offset": [
            11,
            11
          ],
          "originalSize": [
            325,
            325
          ],
          "capInsets": [
            0,
            0,
            0,
            0
          ]
        }
      ],
      [
        0
      ],
      0,
      [
        0
      ],
      [
        0
      ],
      [
        0
      ]
    ],
    [
      [
        {
          "name": "Scatter effect 02_23",
          "rect": [
            1746,
            251,
            35,
            33
          ],
          "offset": [
            3,
            -3
          ],
          "originalSize": [
            325,
            325
          ],
          "capInsets": [
            0,
            0,
            0,
            0
          ]
        }
      ],
      [
        0
      ],
      0,
      [
        0
      ],
      [
        0
      ],
      [
        0
      ]
    ],
    [
      [
        {
          "name": "Scatter effect 02_07",
          "rect": [
            634,
            2,
            309,
            309
          ],
          "offset": [
            -1,
            1
          ],
          "originalSize": [
            325,
            325
          ],
          "capInsets": [
            0,
            0,
            0,
            0
          ]
        }
      ],
      [
        0
      ],
      0,
      [
        0
      ],
      [
        0
      ],
      [
        0
      ]
    ],
    [
      [
        {
          "name": "Scatter effect 02_22",
          "rect": [
            1685,
            851,
            73,
            67
          ],
          "offset": [
            2,
            1
          ],
          "originalSize": [
            325,
            325
          ],
          "capInsets": [
            0,
            0,
            0,
            0
          ]
        }
      ],
      [
        0
      ],
      0,
      [
        0
      ],
      [
        0
      ],
      [
        0
      ]
    ],
    [
      [
        {
          "name": "Scatter effect 02_04",
          "rect": [
            318,
            0,
            313,
            311
          ],
          "offset": [
            0,
            -1
          ],
          "originalSize": [
            325,
            325
          ],
          "capInsets": [
            0,
            0,
            0,
            0
          ]
        }
      ],
      [
        0
      ],
      0,
      [
        0
      ],
      [
        0
      ],
      [
        0
      ]
    ]
  ]
]