[
  1,
  [
    "7bmPBvX5ZHP6ny2XImaDbR",
    "a9xipFpQJFcpbzRkOzLLME",
    "6djODmMvhG1p0ZnYyIJ2WY",
    "b4X7xa9N9AH7b2oGui7z/9",
    "92n+MoMDJARrq5ehh1PUx5",
    "55SLwaXDtMEpjj/nMGp3Fp",
    "9fwgPIxDNH9bBk2UF5rbh8",
    "a5s9cUxNpEG5NviIKrPp3r",
    "b16Jq5Lr1Ecqq5qExO3soa",
    "27MlmTj4FKfJXdFC9JHsDi",
    "a9pcd2kgtEIbybSvJ39ZvG",
    "aegGkTqu9EcYPbpWQg6BwO",
    "5dM7PW7ftNy5gMbmwGiMQ6",
    "ebYDZvY/NFlq3qBXcgxVOa",
    "f1LaYH8A1H9rKk8HIiLFMW",
    "5fuTgJoPdGPZvYklsfK1te",
    "60j/rBQdtOAK3/VKfh4Rjg",
    "aaCUoKECRCsZIKoVdFublb",
    "a7CDJYElBGupiYiCKuK5hc",
    "5bEYAnmaFCfqNwh3X15p8S",
    "7fuAo6XVdB/L4UoiOl3vRh",
    "ed8WgrIbxKIJovPBVCvZaB"
  ],
  [
    "_textureSetter",
    "click_effect-click_a",
    "spin_button_icon",
    "frame_highlight_comp",
    "spin_button_bg",
    "two_scatter_body_bg",
    "info_board_feature_x4",
    "spin_button_auto_bg",
    "info_board_shadow_short",
    "spin_button_blur_icon",
    "line_no_bg",
    "info_board_feature_x2",
    "info_board_reel",
    "spin_button_auto_icon",
    "symbol_fast_spin_effect",
    "info_board_feature_frame_1",
    "info_board_feature_frame_2",
    "info_board_short",
    "line_payout_bg",
    "info_board_medium_win_frame",
    "click_effect-click_b",
    "click_effect-click_c"
  ],
  [
    "cc.SpriteFrame",
    [
      "cc.SpriteAtlas",
      [
        "_name",
        "_spriteFrames"
      ],
      2,
      11
    ]
  ],
  [
    [
      1,
      0,
      1,
      2
    ]
  ],
  [
    [
      [
        {
          "name": "info_board_reel",
          "rect": [
            1,
            979,
            3,
            82
          ],
          "offset": [
            0,
            4
          ],
          "originalSize": [
            3,
            90
          ],
          "rotated": 1,
          "capInsets": [
            0,
            0,
            0,
            0
          ]
        }
      ],
      [
        0
      ],
      0,
      [
        0
      ],
      [
        0
      ],
      [
        0
      ]
    ],
    [
      [
        {
          "name": "info_board_feature_frame_2",
          "rect": [
            1,
            836,
            437,
            141
          ],
          "offset": [
            0,
            0
          ],
          "originalSize": [
            437,
            141
          ],
          "capInsets": [
            0,
            0,
            0,
            0
          ]
        }
      ],
      [
        0
      ],
      0,
      [
        0
      ],
      [
        0
      ],
      [
        0
      ]
    ],
    [
      [
        {
          "name": "click_effect-click_b",
          "rect": [
            616,
            876,
            86,
            86
          ],
          "offset": [
            0,
            0
          ],
          "originalSize": [
            100,
            100
          ],
          "capInsets": [
            0,
            0,
            0,
            0
          ]
        }
      ],
      [
        0
      ],
      0,
      [
        0
      ],
      [
        0
      ],
      [
        0
      ]
    ],
    [
      [
        {
          "name": "spin_button_auto_bg",
          "rect": [
            624,
            618,
            256,
            256
          ],
          "offset": [
            0,
            0
          ],
          "originalSize": [
            256,
            256
          ],
          "capInsets": [
            0,
            0,
            0,
            0
          ]
        }
      ],
      [
        0
      ],
      0,
      [
        0
      ],
      [
        0
      ],
      [
        0
      ]
    ],
    [
      [
        {
          "name": "line_no_bg",
          "rect": [
            704,
            876,
            56,
            56
          ],
          "offset": [
            0,
            0
          ],
          "originalSize": [
            56,
            56
          ],
          "capInsets": [
            0,
            0,
            0,
            0
          ]
        }
      ],
      [
        0
      ],
      0,
      [
        0
      ],
      [
        0
      ],
      [
        0
      ]
    ],
    [
      [
        {
          "name": "info_board_shadow_short",
          "rect": [
            1415,
            1,
            144,
            35
          ],
          "offset": [
            0,
            0
          ],
          "originalSize": [
            144,
            35
          ],
          "rotated": 1,
          "capInsets": [
            0,
            0,
            0,
            0
          ]
        }
      ],
      [
        0
      ],
      0,
      [
        0
      ],
      [
        0
      ],
      [
        0
      ]
    ],
    [
      [
        [
          0,
          "Alats31.plist",
          [
            {},
            "click_effect-click_a",
            6,
            0,
            "spin_button_icon",
            6,
            1,
            "frame_highlight_comp",
            6,
            2,
            "spin_button_bg",
            6,
            3,
            "two_scatter_body_bg",
            6,
            4,
            "info_board_feature_x4",
            6,
            5,
            "spin_button_auto_bg",
            6,
            6,
            "info_board_shadow_short",
            6,
            7,
            "spin_button_blur_icon",
            6,
            8,
            "line_no_bg",
            6,
            9,
            "info_board_feature_x2",
            6,
            10,
            "info_board_reel",
            6,
            11,
            "spin_button_auto_icon",
            6,
            12,
            "symbol_fast_spin_effect",
            6,
            13,
            "info_board_feature_frame_1",
            6,
            14,
            "info_board_feature_frame_2",
            6,
            15,
            "info_board_short",
            6,
            16,
            "line_payout_bg",
            6,
            17,
            "info_board_medium_win_frame",
            6,
            18,
            "click_effect-click_b",
            6,
            19,
            "click_effect-click_c",
            6,
            20
          ]
        ]
      ],
      0,
      0,
      [
        0,
        0,
        0,
        0,
        0,
        0,
        0,
        0,
        0,
        0,
        0,
        0,
        0,
        0,
        0,
        0,
        0,
        0,
        0,
        0,
        0
      ],
      [
        1,
        2,
        3,
        4,
        5,
        6,
        7,
        8,
        9,
        10,
        11,
        12,
        13,
        14,
        15,
        16,
        17,
        18,
        19,
        20,
        21
      ],
      [
        1,
        2,
        3,
        4,
        5,
        6,
        7,
        8,
        9,
        10,
        11,
        12,
        13,
        14,
        15,
        16,
        17,
        18,
        19,
        20,
        21
      ]
    ],
    [
      [
        {
          "name": "spin_button_auto_icon",
          "rect": [
            1256,
            267,
            162,
            164
          ],
          "offset": [
            0,
            0
          ],
          "originalSize": [
            162,
            164
          ],
          "capInsets": [
            0,
            0,
            0,
            0
          ]
        }
      ],
      [
        0
      ],
      0,
      [
        0
      ],
      [
        0
      ],
      [
        0
      ]
    ],
    [
      [
        {
          "name": "click_effect-click_c",
          "rect": [
            1247,
            625,
            94,
            94
          ],
          "offset": [
            0,
            0
          ],
          "originalSize": [
            100,
            100
          ],
          "capInsets": [
            0,
            0,
            0,
            0
          ]
        }
      ],
      [
        0
      ],
      0,
      [
        0
      ],
      [
        0
      ],
      [
        0
      ]
    ]
  ]
]