[
  1,
  [
    "c9Z3egxJVKO5X6itdBCya/",
    "b3LKpeflhNG5jv2Jk+aY9d",
    "d05uJEf9lOW6KByZDKTWnZ",
    "fcZnm9WI1MkobB6YpeayX3",
    "7dwNPkry1Jj5LhanWej4tV",
    "98VDUkvf5FQobiJx18JsnW",
    "8a9d6SL0ZEsLHI5s69QJAU",
    "725yJTOH5G4KIelIbySbad",
    "c1Rk13EkhJM6+twHGLIT+h",
    "40Ctg5qt9KZ51daHbzgfHp",
    "72KI2WcDRGfaI1sQF88Vxd",
    "79cr6ANyNHfbrghKEipCfj",
    "f3m4v50B1BqroCkMOOigI4"
  ],
  [
    "_textureSetter",
    "0",
    "1",
    "2",
    "3",
    "4",
    "5",
    "6",
    "7",
    "8",
    "9",
    "10",
    "11"
  ],
  [
    "cc.SpriteFrame",
    [
      "cc.SpriteAtlas",
      [
        "_name",
        "_spriteFrames"
      ],
      2,
      11
    ]
  ],
  [
    [
      1,
      0,
      1,
      2
    ]
  ],
  [
    [
      [
        {
          "name": "8",
          "rect": [
            1,
            199,
            180,
            256
          ],
          "offset": [
            5,
            2
          ],
          "originalSize": [
            260,
            260
          ],
          "rotated": 1,
          "capInsets": [
            0,
            0,
            0,
            0
          ]
        }
      ],
      [
        0
      ],
      0,
      [
        0
      ],
      [
        0
      ],
      [
        0
      ]
    ],
    [
      [
        {
          "name": "9",
          "rect": [
            1,
            1,
            196,
            256
          ],
          "offset": [
            5,
            2
          ],
          "originalSize": [
            260,
            260
          ],
          "rotated": 1,
          "capInsets": [
            0,
            0,
            0,
            0
          ]
        }
      ],
      [
        0
      ],
      0,
      [
        0
      ],
      [
        0
      ],
      [
        0
      ]
    ],
    [
      [
        {
          "name": "6",
          "rect": [
            245,
            703,
            178,
            242
          ],
          "offset": [
            6,
            0
          ],
          "originalSize": [
            260,
            260
          ],
          "rotated": 1,
          "capInsets": [
            0,
            0,
            0,
            0
          ]
        }
      ],
      [
        0
      ],
      0,
      [
        0
      ],
      [
        0
      ],
      [
        0
      ]
    ],
    [
      [
        {
          "name": "10",
          "rect": [
            439,
            883,
            48,
            56
          ],
          "offset": [
            3,
            -67
          ],
          "originalSize": [
            260,
            260
          ],
          "capInsets": [
            0,
            0,
            0,
            0
          ]
        }
      ],
      [
        0
      ],
      0,
      [
        0
      ],
      [
        0
      ],
      [
        0
      ]
    ],
    [
      [
        {
          "name": "3",
          "rect": [
            1,
            587,
            182,
            242
          ],
          "offset": [
            6,
            1
          ],
          "originalSize": [
            260,
            260
          ],
          "rotated": 1,
          "capInsets": [
            0,
            0,
            0,
            0
          ]
        }
      ],
      [
        0
      ],
      0,
      [
        0
      ],
      [
        0
      ],
      [
        0
      ]
    ],
    [
      [
        {
          "name": "5",
          "rect": [
            259,
            1,
            224,
            242
          ],
          "offset": [
            6,
            1
          ],
          "originalSize": [
            260,
            260
          ],
          "capInsets": [
            0,
            0,
            0,
            0
          ]
        }
      ],
      [
        0
      ],
      0,
      [
        0
      ],
      [
        0
      ],
      [
        0
      ]
    ],
    [
      [
        [
          0,
          "Alats17.plist",
          [
            {},
            "0",
            6,
            0,
            "1",
            6,
            1,
            "2",
            6,
            2,
            "3",
            6,
            3,
            "4",
            6,
            4,
            "5",
            6,
            5,
            "6",
            6,
            6,
            "7",
            6,
            7,
            "8",
            6,
            8,
            "9",
            6,
            9,
            "10",
            6,
            10,
            "11",
            6,
            11
          ]
        ]
      ],
      0,
      0,
      [
        0,
        0,
        0,
        0,
        0,
        0,
        0,
        0,
        0,
        0,
        0,
        0
      ],
      [
        1,
        2,
        3,
        4,
        5,
        6,
        7,
        8,
        9,
        10,
        11,
        12
      ],
      [
        1,
        2,
        3,
        4,
        5,
        6,
        7,
        8,
        9,
        10,
        11,
        12
      ]
    ],
    [
      [
        {
          "name": "4",
          "rect": [
            1,
            381,
            204,
            250
          ],
          "offset": [
            5,
            2
          ],
          "originalSize": [
            260,
            260
          ],
          "rotated": 1,
          "capInsets": [
            0,
            0,
            0,
            0
          ]
        }
      ],
      [
        0
      ],
      0,
      [
        0
      ],
      [
        0
      ],
      [
        0
      ]
    ],
    [
      [
        {
          "name": "0",
          "rect": [
            245,
            883,
            192,
            236
          ],
          "offset": [
            1,
            -1
          ],
          "originalSize": [
            260,
            260
          ],
          "capInsets": [
            0,
            0,
            0,
            0
          ]
        }
      ],
      [
        0
      ],
      0,
      [
        0
      ],
      [
        0
      ],
      [
        0
      ]
    ],
    [
      [
        {
          "name": "7",
          "rect": [
            253,
            457,
            200,
            244
          ],
          "offset": [
            6,
            1
          ],
          "originalSize": [
            260,
            260
          ],
          "capInsets": [
            0,
            0,
            0,
            0
          ]
        }
      ],
      [
        0
      ],
      0,
      [
        0
      ],
      [
        0
      ],
      [
        0
      ]
    ],
    [
      [
        {
          "name": "1",
          "rect": [
            1,
            947,
            130,
            236
          ],
          "offset": [
            6,
            1
          ],
          "originalSize": [
            260,
            260
          ],
          "rotated": 1,
          "capInsets": [
            0,
            0,
            0,
            0
          ]
        }
      ],
      [
        0
      ],
      0,
      [
        0
      ],
      [
        0
      ],
      [
        0
      ]
    ],
    [
      [
        {
          "name": "11",
          "rect": [
            439,
            941,
            48,
            42
          ],
          "offset": [
            2,
            -67
          ],
          "originalSize": [
            260,
            260
          ],
          "capInsets": [
            0,
            0,
            0,
            0
          ]
        }
      ],
      [
        0
      ],
      0,
      [
        0
      ],
      [
        0
      ],
      [
        0
      ]
    ],
    [
      [
        {
          "name": "2",
          "rect": [
            1,
            771,
            174,
            242
          ],
          "offset": [
            6,
            2
          ],
          "originalSize": [
            260,
            260
          ],
          "rotated": 1,
          "capInsets": [
            0,
            0,
            0,
            0
          ]
        }
      ],
      [
        0
      ],
      0,
      [
        0
      ],
      [
        0
      ],
      [
        0
      ]
    ]
  ]
]