{"paths":{"0":["Font/New/Digital-7MonoItalic",1],"1":["Img/_xèng_hoa_quả",1],"2":["Img/bg_all",1],"3":["Img/bg_location_btn",1],"4":["Img/bg_under",1],"5":["Img/btn_back",1],"6":["Img/btn_setting",1],"7":["Img/dongho_type_3-2 (2)",1],"8":["Img/JP btn",1],"9":["Img/light_1",1],"10":["Img/logo_demo",1],"11":["Img/lucgiac_0",1],"12":["Img/Rectangle 1",1],"13":["Img/thanhdongho_2",1],"14":["Img/thanhdongho_3",1],"15":["Img/thanhdongho_big",1],"16":["Sound/AtOhh",4],"17":["Sound/BatDauQuayTraDiem",4],"18":["Sound/Bip",4],"19":["Sound/BonusKhiBet",4],"20":["Sound/CauNoiAnTruoc1CuaX30",4],"21":["Sound/CauNoiDapChuot",4],"22":["Sound/CauNoiKhiVeVang",4],"23":["Sound/CauNoiShowResultAnTruocX30",4],"24":["Sound/CauNoiTraDiem",4],"25":["Sound/CauNoiTraDiemXong",4],"26":["Sound/CauNoiVeBass",4],"27":["Sound/CauNoiX3Luon",4],"28":["Sound/ChayItem",4],"29":["Sound/CongTien",4],"30":["Sound/CuocKhungHoang",4],"31":["Sound/DonDap",4],"32":["Sound/EffectAnRandomItemNhoSau",4],"33":["Sound/EndDoiMau",4],"34":["Sound/Gong",4],"35":["Sound/HieuUngAnTatCaCacCua",4],"36":["Sound/Hu'",4],"37":["Sound/Item/ItemBar",4],"38":["Sound/Item/ItemCam",4],"39":["Sound/Item/ItemChuong",4],"40":["Sound/Item/ItemDua",4],"41":["Sound/Item/ItemMangCau",4],"42":["Sound/Item/ItemSao",4],"43":["Sound/Item/ItemSeven",4],"44":["Sound/Item/ItemTao",4],"45":["Sound/ItemChay1Vong",4],"46":["Sound/MauDo",4],"47":["Sound/MauVang",4],"48":["Sound/MauXanhLa",4],"49":["Sound/MiOLa",4],"50":["Sound/NextSoXo",4],"51":["Sound/NhacCho1",4],"52":["Sound/NhacCho2",4],"53":["Sound/NhacCho3",4],"54":["Sound/NhacCho4",4],"55":["Sound/NhacDoiMau",4],"56":["Sound/NhacNenToNho",4],"57":["Sound/NhacNenTraDiem",4],"58":["Sound/NhacNenXtonho",4],"59":["Sound/NhacVeBar",4],"60":["Sound/NhacVeVang",4],"61":["Sound/NiChieuSangCieu",4],"62":["Sound/NoLienTuc",4],"63":["Sound/RandomSo",4],"64":["Sound/SangHao",4],"65":["Sound/ShowHeSoRandom",4],"66":["Sound/SoundX7ToNho",4],"67":["Sound/SpinNormal",4],"68":["Sound/SpinSpecial",4],"69":["Sound/StartDapChuot",4],"70":["Sound/StartXmutilToNho",4],"71":["Sound/ThaiKaiSun",4],"72":["Sound/TiengCuoi",4],"73":["Sound/TiengKen1",4],"74":["Sound/TiengKen2",4],"75":["Sound/TiengNo",4],"76":["Sound/TiengNoVaChemKiem",4],"77":["Sound/TiengRandomHesoAnTruocX30",4],"78":["Sound/Ting",4],"79":["Sound/Ting2",4],"80":["Sound/TingTingDT",4],"81":["Sound/TuNaiXa`",4],"82":["Sound/VuiMung",4],"83":["Sound/Woa",4],"84":["Sound/XaPe",4],"85":["Sound/XiPe",4],"86":["Sound/Yabe",4],"88":["Font/New/Digital-7MonoItalic",0],"89":["Font/New/Digital-7MonoItalic",2,1],"90":["Img/_xèng_hoa_quả",2,1],"91":["Img/AutoAtlas/AtlasXeng",3],"92":["Img/AutoAtlas/btn_green_x2-x10",2,1],"93":["Img/AutoAtlas/btn_red_GO",2,1],"94":["Img/AutoAtlas/btn_red_x2-x10",2,1],"95":["Img/AutoAtlas/btn_trang_1-6",2,1],"96":["Img/AutoAtlas/btn_trang_1",2,1],"97":["Img/AutoAtlas/btn_trang_2",2,1],"98":["Img/AutoAtlas/btn_trang_3",2,1],"99":["Img/AutoAtlas/btn_trang_4",2,1],"100":["Img/AutoAtlas/btn_trang_5",2,1],"101":["Img/AutoAtlas/btn_trang_6",2,1],"102":["Img/AutoAtlas/btn_trang_7",2,1],"103":["Img/AutoAtlas/btn_trang_8-13",2,1],"104":["Img/AutoAtlas/btn_trang_8",2,1],"105":["Img/AutoAtlas/btn_trang_9",2,1],"106":["Img/AutoAtlas/btn_trang_all+1",2,1],"107":["Img/AutoAtlas/btn_trang_le",2,1],"108":["Img/AutoAtlas/btn_yellow_chan",2,1],"109":["Img/AutoAtlas/btn_yellow_x15-x30",2,1],"110":["Img/AutoAtlas/btn-red-left-arrow",2,1],"111":["Img/AutoAtlas/btn-red-right",2,1],"112":["Img/AutoAtlas/light_2",2,1],"113":["Img/AutoAtlas/lucgiac_camx10",2,1],"114":["Img/AutoAtlas/lucgiac_duax3",2,1],"115":["Img/AutoAtlas/lucgiac_taox5",2,1],"116":["Img/AutoAtlas/lucgiac_tiengtrung_1",2,1],"117":["Img/AutoAtlas/lucgiac_tiengtrung_2",2,1],"118":["Img/AutoAtlas/lucgiac_tiengtrung_3",2,1],"119":["Img/AutoAtlas/lucgiac_tiengtrung_4",2,1],"120":["Img/AutoAtlas/lucgiac_tiengtrung_5",2,1],"121":["Img/AutoAtlas/number_1",2,1],"122":["Img/AutoAtlas/number_10",2,1],"123":["Img/AutoAtlas/number_11",2,1],"124":["Img/AutoAtlas/number_12",2,1],"125":["Img/AutoAtlas/number_2",2,1],"126":["Img/AutoAtlas/number_3",2,1],"127":["Img/AutoAtlas/number_4",2,1],"128":["Img/AutoAtlas/number_5",2,1],"129":["Img/AutoAtlas/number_6",2,1],"130":["Img/AutoAtlas/number_7",2,1],"131":["Img/AutoAtlas/number_8",2,1],"132":["Img/AutoAtlas/number_9",2,1],"133":["Img/AutoAtlas/tron_1",2,1],"134":["Img/AutoAtlas/tron_2",2,1],"135":["Img/AutoAtlas/tron_7x20",2,1],"136":["Img/AutoAtlas/tron_7x3",2,1],"137":["Img/AutoAtlas/tron_7x46",2,1],"138":["Img/AutoAtlas/tron_apple",2,1],"139":["Img/AutoAtlas/tron_barx100",2,1],"140":["Img/AutoAtlas/tron_barx50",2,1],"141":["Img/AutoAtlas/tron_barx56",2,1],"142":["Img/AutoAtlas/tron_camx3",2,1],"143":["Img/AutoAtlas/tron_camx36",2,1],"144":["Img/AutoAtlas/tron_chuongx10",2,1],"145":["Img/AutoAtlas/tron_chuongx3",2,1],"146":["Img/AutoAtlas/tron_chuongx36",2,1],"147":["Img/AutoAtlas/tron_dua_xanhx10",2,1],"148":["Img/AutoAtlas/tron_dua_xanhx3",2,1],"149":["Img/AutoAtlas/tron_dua_xanhx36",2,1],"150":["Img/AutoAtlas/tron_duax20",2,1],"151":["Img/AutoAtlas/tron_duax46",2,1],"152":["Img/AutoAtlas/tron_saox20",2,1],"153":["Img/AutoAtlas/tron_saox3",2,1],"154":["Img/AutoAtlas/trong_tiengtrung_to",2,1],"155":["Img/AutoAtlas/type_green",2,1],"156":["Img/AutoAtlas/type_red",2,1],"157":["Img/AutoAtlas/type_yellow",2,1],"158":["Img/bg_all",2,1],"159":["Img/bg_location_btn",2,1],"160":["Img/bg_under",2,1],"161":["Img/btn_back",2,1],"162":["Img/btn_setting",2,1],"163":["Img/dongho_type_3-2 (2)",2,1],"164":["Img/JP btn",2,1],"165":["Img/light_1",2,1],"166":["Img/logo_demo",2,1],"167":["Img/lucgiac_0",2,1],"168":["Img/Rectangle 1",2,1],"169":["Img/thanhdongho_2",2,1],"170":["Img/thanhdongho_3",2,1],"171":["Img/thanhdongho_big",2,1]},"types":["cc.BitmapFont","cc.Texture2D","cc.SpriteFrame","cc.SpriteAtlas","cc.AudioClip"],"uuids":["81fRId2R5Bh7rbnYocoxy7","40WQF+ZXVJyqioJYIWAfXL","bbTYZItkFFUIggMnn2393O","c1W8uwsZ9LMLu+HNj02m6S","f3l+8jM9JOdbPfUrArfQAf","1a7KyDylJMu4T3V/bHAuAL","cfDjPNnr9MJKUYlw6Wcq+4","7c2xRaeuVFdq5TzWk8ZYNq","16Nt1SFOdAGaZJrF/liKFJ","a4aLJY/6BD9rzaNo6O9t+y","bflXqMVDZDVZ8bjx6YGj6b","99Zw7VlTVAjIdSaqFymSC9","7b4LNXfm5NzoOpl0LHDt8N","e8A3EXMOlEcbMrxRsbEB7Y","578D6zxFNJNYLlIESmdXDZ","7baUtTUOlAz5Fjy8D08bn9","23TJAeSVtHtL84Qp+nJrQC","d6Gz8YEJRD7a7bmDgygf9C","25Cwmo0KdDAo5h4st1sJ5/","08xmhQEIxPV4oiK3n11aWu","acaLWHufZIiJIr6dbHRIJH","b6AFQMvW1HVpfHkHzteumB","09U3AzoZ1GgYysjrVfC0yW","efz52Xm+lGH78HBVleO+mS","51Ite4kctCUrONkYjBNEsm","59+AuGeX1GeYh35CrGVs3K","c9r4oI3KpBSYWayGPp+luq","b87ShJX0xO0I/Fn3O0FZZj","354X+8+q1IyoCGibqv5oT8","2622nJz91Huqe9H7VF3cf9","24KprMzxdDTIKxKuR7ycvM","8dFv3AEy1M8a+aiVs5ZjPB","e9wMf66CRCObtmuWPXEiWs","68dnxMYeJJNrk2fy3gDZ4W","12oK4WiuVKf7K1bi4M112X","52ZM9/ptJCFIautlerPHLo","aeN6jGDllOdbaKXbgWblJ0","c5h+DLe0BI4JR9FfwTbZY1","efXiFk5QhDwYzybb3qw204","2dM0Ss2kxMUqeCng33RLEL","f9yh6nW7tOYYly5EqsTGb1","46n88RjKJFWLYYWot+CFsm","a7QrmlI0JLfJ5YPbxY9rne","a4eGmWqSdIAKCA0Eg2ysMg","edbE1+ruJPUISr0tUAZrX6","8cJ7bl19ZA5ZBk8g6FqvRM","adwdU07klMY7IaXjur2WyC","8dcMWOb0pLkps+SxZgD7Ot","8cmRZx+NFIELbe8Oprl3pb","12/8uuY4NDl5FK69qiwpww","1dYvdqfWlNQIgdJFs8PXBZ","20GCarL5BKlYRDR1ycIf0F","46ClYTg2FDiJWn2dLVFy30","d4M5hwL0dP8om3pSOIoEG3","c63rbKTv9FkY6uDtMqSm6u","69J2m86VRJq7QAqo4J8yp6","22r4vaHFxHSJiZRm2kJGTn","0dz3sQWtxNJ5MWGN9TtxJq","6eWT9UydlNoI6BNQNk7Yuq","7dzgaB1INONosULjvG517U","e6ytIqMtdKdqKTQPpBpVTH","452Jbes59AxaSfwMPPy74n","04nAOQ+0ZLUo8rq5Bgcjxu","8d8o3/ls5AJb+IGFJjZn6P","a0iSdICZZH05raKGlnsy5y","534RZ4sPJKubspyQOW6Y6j","15dL2DOb5JG62mswqXvG2i","52IhIe+2BFv43kfZPBe5U5","4dtLeoLjxIXLv4nT+MRu9X","12dEah5GZHsrT5/jRU7e6J","f7oPCOFYVMJ4RoiSghJdDD","85S8/mKcdPc5KAu8eSa8Ux","4aAeGvxUFOYYpaSMQUWzYv","fb22gN5idOy4TKDZDG4ysH","98j/MTvdFLR747AlsojepR","e6Q56OpQ5D9LcFi3wYRh9B","27tStWP7dDzqw96TGxN/fJ","82uRFMEQ5D9a63ar5wGIRJ","bcPcI3d09KvL7xZeysvS9L","cbykYQzLFEBJ5hTuyWKX4I","c1LNTpYWxDAr9jnMVM8Zrr","4ae5Y7lGRDObn4tiYsJwwV","2bEW8/+ChCBY7IGjbyu9Ia","58qJ5vT2RKVKjOBfcotQ8Q","aaXETQ1ZZJlZUQswCSTDJl","eccqLdrnVHRaagl/h7dQ4C","1fELoD8UFCCYwoRilONv5U","ceEmzaZl5NmaO09IwOvRgc","48b+ZIiylH/6dwvKi2elG1","9eNe5yI+5CFaas/fKNCFgk","1eprF3/ANA8bYPAVhZGH0x","a31Cl7OSZEOol8OM7/FFXN","0cw808m45FK52fRZJYql0D","3at4w798RM7LSk5RjrJ5iA","17mu1JsO9KeLuBW4X1Six6","05qmop8gFB+Lz/RZNAU4Fl","f8LaFawGNF5rXNu6Dj6lZb","59oh3DtKFAZpm2rLJ5djE6","a2Vml9eq1EabV+0R4j9QKX","13lR+SAPtE0bo8FngxVrtY","39bJbXMYFHj5l8SBcm/IeT","a5PiZVTIJD1JJeXQKlsORS","a3nLTJvOtMt6cWZKo0Ow1E","6fM+pZ0BdI+YwTazxuR1g3","3cLdSv0pBE0JUiNobsbTYg","c0qJlyrxxJL7Pb7p2VKwIE","81bwda79JCg7lmeHLs1zLZ","29cFjoyiFMLLl3YbwgX6mg","6fN9N1KyBOhoPDja9WJQMs","9dMOaTFiVJj6X/lZGzOLoo","20OTulTk9Ju6yRSPpx9XLC","46DIBHMWBBIJPp70wX4mJg","c7lsM6s7NCKZ27jp/Sw4eR","4cM7OJebJFf70cGUhHxmjy","41fQGuW2pFEZI3Re2Linvs","9fLpSqoWdLI56GoMwMZzK5","15CkLLibZHqJRGEZLAUjET","50Lb5/LLdFW5Z3qww1I2fu","5d1zfycGRCmISaslcrqC91","f4i02ey1hL64hiBFSm7IQN","26rwZEcRBF/I33i6dzyfLu","banEAxl/xKzo3lsakaBGw3","33wzEexy9NkYxbr2r97Jj3","032+e8NkNGbKBF2c1t8IBO","09gVCOpuNNLL7mn8BD2aTG","46PZ93BaBHJ6Wij9SNISgl","35KFXRVzxEL57SlptgSjk1","aaofP+3ylEiJtyUFuxztAy","9ckQrUmYxBkYbs4zI+fKwL","a0sAbNiVJGF7YVGyilbzJj","2fkxGZ8wZBjKPmMQ+UViol","3bKGjkhF5A857hE1cnJKXB","06YcjZrj9MaJOJsrF3jvMQ","a074UCqiBC6akteVZics0F","889eK5NxhHgJRqSuYhP2ct","faSvv0N5BDpIYA4R9c6YYz","e12kQqcLlDYai0bXjzMdsE","8fRRcHZy1LdomWI+oPEwl5","9f1v2lVBlKS7v1G2fHvENQ","a9chn2qA9KpKVut79VSRHY","759Gf8QbJKxqeFRRDAcaKL","97dWIYHBhDzoZD6K0u7eg8","5bKHALMe9PZIgLDqsKYOw1","1aFllWRatLdbheEjXgHPb3","99vRNGlKFKwqU6+N9QEN7X","a3y3ZmoPVGR7AIXKwEyLEC","advfNvdRdBVbw08tRHNpWY","73RSzQ//BBkYlxPWhl89bC","57l4sfRB5CiLBK+zvCyeHG","acRon91iJPva9PiQK7XyP/","b2COAGZ8NOFoCQl8ugoLf9","75epcWY0ZFNYCeLGUtim7h","17KkiGeotHYqLDmbPNmc97","009QMZmW9EN4s+197KM9et","63gKhGCLpL1J6zz1uMy/kx","2cQ1VWlvlNoZW259sCbq38","f086MHhXhFuL2WUaHQwU0H","51RiiQCzJGEr6kXWfa5t67","c1AXhairlHwJSo1PuGS7ux","29Mt+/bj5CGq1jmIqpiq5H","37v1DO4jxCOarOtaWfPUDD","59S/K6Z4NFKLqRjhQUKMDx","26whzq2TJIja2noEG4166/","2bk4wNw1xCP7lTZZGS4dAP","ea6kNjSQxMq4Gte3BB+ElU","95APAfEvVKxYcdJ65iQrQ3","b6zkyrtT5GULmm9RccNlNq","f9RqpDOQ1Lur0XPv5sgJ7O","8dfnV1j5tDAIEKtfkkL08c","6dIomRhOZNw546HyGSz+8L","74I7/GXLhE16IxH/aREnPl","f7IkpZuF5DuJj9VR7W9zLg","79X+EPlYBMnLY/diYtGoZM","72CqIRi2VByZilkaYSCXnq","135a79d32","ecpdLyjvZBwrvm+cedCcQy","f0BIwQ8D5Ml7nTNQbh1YlS","e97GVMl6JHh5Ml5qEDdSGa","29FYIk+N1GYaeWH/q1NxQO","52SOAedzJA/ZmGMfKncsfL","a2MjXRFdtLlYQ5ouAFv/+R","36DQ59k6RNW4tBO/SMXNTe","871kOpOFhFw7HT9KHHaajH","477F4t2sFPMJQoeJZazBnm","7atnkm+vtBk6Mvv8DBz46m","fdLD/bLQhJv6jQB3QwACji","cb/6UZkaxPSJoanJTLAiNA","c9VupEoCxGbIrIXOJwwOth","2dOdEixkhKEotFsPtUNC/Q"],"scenes":{"db://assets/Bundle/Xeng/XengGame.fire":87},"redirect":[175,0,176,1,177,1,178,1,179,1,180,1,183,1,184,1,185,1,186,1,187,1,188,1],"deps":["internal","resources"],"packs":{"0fc426ed6":[88,89],"0f78cea92":[174,8,5,1,14,173,172,15,12,7,0,11,9,2,10,3,6,13,4],"0c4f40579":[153,123,62,95,132,19,22,124,92,57,69,34,49,99,116,66,152,94,143,50,90,86,51,110,56,16,30,18,120,162,29,76,107,82,163,155,39,130,122,126,28,181,100,93,131,104,114,61,52,111,125,41,72,81,113,68,117,24,157,67,35,65,148,83,161,97,25,142,118,154,33,55,169,103,108,147,170,151,140,59,106,77,71,182,134,45,48,31,47,168,63,137,141,74,144,128,109,115,138,64,129,133,98,102,145,43,101,42,139,84,127,149,20,146,46,36,150,21,166,27,121,78,105,158,80,37,54,112,26,79,87,53,17,136,75,60,32,164,85,44,38,23,156,119,171,70,96,167,40,135,73]},"name":"1","importBase":"import","nativeBase":"native","debug":false,"isZip":false,"encrypted":false,"versions":{"import":["0c4f40579","d7d63","0f78cea92","fb330","0fc426ed6","c1341",159,"28b2f",160,"f1732",58,"fca94",165,"9ad11",91,"db6dd"],"native":[62,"45835",19,"6ec53",22,"b6f2a",57,"a9e7b",69,"a47be",34,"57816",49,"44bec",174,"09bf0",66,"225a7",8,"7adcc",5,"292bb",50,"39b11",86,"c0e02",51,"91a1f",56,"ac57a",16,"52d2d",30,"aa026",18,"f0021",29,"9ecad",76,"6d386",82,"8893b",39,"a7614",28,"b0fb7",1,"929ab",61,"6552b",52,"e822b",41,"9f8e2",72,"32dfc",81,"4db69",68,"6f71f",24,"6a01e",67,"ccdcb",35,"5ef00",65,"b057e",14,"8a791",83,"306b8",25,"d9dbd",33,"d991c",55,"3aff2",58,"e8d37",173,"5dd1f",172,"1880e",15,"97fdd",12,"4fd23",7,"1a9dc",59,"0cc37",0,"2fa56",77,"8cd82",71,"9f60f",45,"8cf40",48,"7a6b8",31,"2cc88",47,"82c2b",63,"fb161",74,"3573f",11,"57ff0",64,"c396f",9,"a0cb3",43,"df450",42,"af729",84,"cc408",20,"71e3d",46,"b645e",36,"c30af",21,"cdbf4",27,"93ebf",2,"a9a70",78,"03b08",10,"6d8bc",80,"1afde",3,"3bc95",37,"5827c",54,"7419b",26,"012dd",79,"52f12",6,"4e645",53,"46492",17,"fca83",75,"70c52",60,"af60c",13,"8159c",32,"de6fc",85,"b99cc",44,"a3b40",38,"5cbbb",23,"8bf85",4,"e6268",70,"bc6dc",40,"64587",73,"4bbf7"]}}