{"paths":{"0":["Spine/BossBongDem/mask",3],"1":["Img/fish_cannon_1_body",3],"2":["Spine/Fish/FishNew/Fish_13",9],"3":["Img/auto",3],"4":["Img/MenuItem/btn_help2",3],"5":["Spine/FishJp/warning",3],"6":["Sound/RuaXiLua",7],"7":["Spine/Fish/FishNew/Fish_10",9],"8":["Spine/Fish/Fish_30",9],"9":["Spine/BossBongDem/CaLongDenDieBones",9],"10":["Spine/Fish72/ThienThan2",3],"11":["Img/fish_cannon_1_head",3],"12":["Img/AutoAtlas/Help/36",3],"13":["Img/btnTabOff",3],"14":["Spine/BigFishBum/ExplosionSmall_15",3],"15":["Spine/Fish/FishNew/Boss/yuwang_anim4",9],"16":["Spine/FishJp/yuanbaogui_laixi2",9],"17":["Spine/Fish/FishNew/fish201",9],"18":["Spine/Fish/FishNew/Fish_6",9],"19":["Sound/Electricity",7],"20":["Img/c0b95305-4017-462d-89ae-6e584d4198df",3],"21":["Sound/watingMuiKhoan",7],"22":["Spine/BossBongDem/CaLongDenDieBones3",3],"23":["Sound/HopQuaMo",7],"24":["Spine/Fish/Fish_1",9],"25":["Img/huogndan1",3],"26":["Spine/Fish/FishNew/1998_Fish_2",3],"27":["Spine/Rua/RuaDieBones",9],"28":["Img/AutoAtlas/Help/15",3],"29":["Atlats/nbomb_explode/fish_nbomb_explode_10",3],"30":["Spine/Fish/FishNew/Boss/yuwang11",3],"31":["Spine/Explosion/Explosion",3],"32":["Spine/FishJp/board_jackpor",3],"33":["Spine/Fx_MiniBoss/Fx_Transition",3],"34":["Spine/BossBongDem/CaLongDenDieBones4",3],"35":["Spine/Fish/FishNew/Fish_20",9],"36":["Sound/ComingJackpot",7],"37":["Sound/RuaXoay",7],"38":["Spine/GunSet/BiGiatSet/MBLightning3",3],"39":["Sound/BGBachTuoc",7],"40":["Spine/Rua/RuaDieBones",3],"41":["Spine/Fish/Fish_4",9],"42":["Img/ItemHaiThan/ItemMiniBoss3",3],"43":["Img/bkg1",3],"44":["Spine/Fish/Fish_10",9],"45":["Spine/CaXau/CaSauDie3",3],"46":["Spine/Fish/FishNew/Fish_0",9],"47":["Spine/Fish71/Ph1",3],"48":["Spine/FishJp/yuanbaogui_laixi2",3],"49":["Sound/spinVongQuay",7],"50":["Img/huogndan7",3],"51":["Spine/Fish/FishNew/Fish_14",9],"52":["Animation/bulletMatThan",1],"53":["Atlats/nbomb_explode/fish_nbomb_explode_04",3],"54":["Spine/CaXau/CaSauDie",9],"55":["Spine/eff_xoay/eff_xoay",9],"56":["Spine/Rua/RuaBones",3],"57":["Spine/FishJp/Eff_Boss_5",3],"58":["Img/MenuItem/frame_name",3],"59":["Spine/NoBigFish/ExplosionHit",3],"60":["Spine/GunMuiKhoan/Spine/fish_zuantoulongxia3",3],"61":["Spine/Rua/RuaBones3",3],"62":["Img/netGold",3],"63":["Spine/GunSet/BiGiatSet/MBLightning7",3],"64":["Spine/Fish/1999_Fish2",3],"65":["Img/song 1",3],"66":["Spine/Fish/FishNew/Fish_7",9],"67":["Img/Wave",3],"68":["Spine/Fish/Fish_11",9],"69":["Sound/CoinWinNormal",7],"70":["Img/huogndan6",3],"71":["Spine/GunSet/BiGiatSet/MBLightning6",3],"72":["Spine/Gun/Gun3/sung3",3],"73":["Sound/DemTienOther",7],"74":["Img/bkg3",3],"75":["Spine/GunSet/BiGiatSet/MBLightning2",3],"76":["Img/Popup/CamMay/Icon_TamGiac",3],"77":["Sound/GunReLoad",7],"78":["Img/auraMain",3],"79":["Img/MenuItem/btn_lsgd",3],"80":["Img/AutoAtlas/Help/25",3],"81":["Img/AuraGroup",3],"82":["Sound/CaTranDacBiet",7],"83":["Spine/Fish/FishNew/Fish_24",9],"84":["Atlats/nbomb_explode/fish_nbomb_explode_03",3],"85":["Img/LongVuongHaiTran",3],"86":["Img/MenuItem/btn_caidat2",3],"87":["Font/ArialB_Gold_Br-export",3],"88":["Img/bkg4",3],"89":["Font/CoinWin",3],"90":["Sound/BGThanTaiMini",7],"91":["Spine/Target/yulei_suoding",9],"92":["Atlats/nbomb_explode/fish_nbomb_explode_07",3],"93":["Sound/Aura",7],"94":["Spine/MatThan/sprites",3],"95":["Sound/CoinWinBig",7],"96":["Img/Target1",3],"97":["Img/AutoAtlas/Help/0",3],"98":["Spine/FX_luoi_effect/FX_luoi_effect",9],"99":["Img/huogndan2",3],"100":["Img/b158189c-ab6e-4713-904c-a3a49748b882",3],"101":["Img/Btn_Setting_normal",3],"102":["Img/AutoAtlas/Help/10",3],"103":["Img/Popup/CamMay/Btn_Minus_Normal",3],"104":["Img/AutoAtlas/Help/27",3],"105":["Spine/EFFECT_ELECTRI/EFFECT_ELECTRI",3],"106":["Img/EFF_01",3],"107":["Spine/GunSet/BiGiatSet/MBLightning5",3],"108":["Spine/Fish/Fish_14",9],"109":["Sound/SungBan",7],"110":["Spine/Gun/Gun1/anim_ca",9],"111":["Spine/Rua/AtlasBossRuaPack0",3],"112":["Spine/Fish/Fish_36",9],"113":["Img/SungLaser_Text",3],"114":["Spine/Fish/Fish_43",9],"115":["Img/BtnPlus1P",3],"116":["Img/Btn_info_normal",3],"117":["Spine/Fish/FishNew/Boss/yuwang_anim4",3],"118":["Img/dc0c1f91-49ee-4d05-a426-222604ede1b9",3],"119":["Spine/Fish/FishNew/fish306",3],"120":["Img/b43ff3c2-02bb-4874-81f7-f2dea6970f18",3],"121":["Spine/Fish/FishNew/Fish_25",9],"122":["Spine/Fx_MiniBoss/Fx_Transition",9],"123":["Spine/DragonBoss/DragonBoss",3],"124":["Spine/FishJp/txtJP",3],"125":["Spine/BossBongDem/CaLongDenDieBones6",3],"126":["Spine/BossBongDem/CaLongDenDieBones2",3],"127":["Img/ItemHaiThan/dinh 3",3],"128":["Sound/BanTrungCaLon",7],"129":["Img/AutoAtlas/Help/3",3],"130":["Img/AutoAtlas/Help/18",3],"131":["Sound/GunShowWave",7],"132":["Img/Popup/Frame_Info_Yellow",3],"133":["Img/AutoAtlas/Help/30",3],"134":["Spine/BossBongDem/CaLongDenDieBones5",3],"135":["Sound/CaLonChet",7],"136":["Img/f2",3],"137":["Spine/CaXau/CaSau1",3],"138":["Spine/FX_luoi_effect/FX_luoi_effect",3],"139":["Sound/ice-cracking-01",7],"140":["Spine/Target/yulei_suoding",3],"141":["Sound/quayRamdonHeso",7],"142":["Spine/Gun/Gun3/sung3",9],"143":["Spine/TrieuHoi/anim_chuxian",3],"144":["Spine/Fish/FishNew/Fish_16",9],"145":["Spine/hanbang/hanbang",3],"146":["Spine/explode_bomb/explode_bomb",3],"147":["Sound/BanLaze",7],"148":["Img/ItemHaiThan/them 30%",3],"149":["Spine/Fish/FishNew/Boss/fish704",3],"150":["Img/imgRong",3],"151":["Spine/Rua/RuaDieBones3",3],"152":["Font/Font_13-export",3],"153":["Spine/BigFishBum/ExplosionSmall_11",3],"154":["Img/AutoAtlas/DongBang/03-Effect-Bang-Bg",3],"155":["Spine/Fish/Fish_2",9],"156":["Spine/Speed/fire_fence",3],"157":["Img/Popup/CamMay/Btn_Back_normal",3],"158":["Spine/Gun/Gun4/sung4",3],"159":["Spine/Gun/Gun1/anim_ca",3],"160":["Img/AutoAtlas/Help/13",3],"161":["Sound/CoinVeTui",7],"162":["Spine/Fish72/ThienThan1",3],"163":["Animation/TenLua",1],"164":["Atlats/nbomb_explode/fish_nbomb_explode_05",3],"165":["Spine/GunSet/idle",3],"166":["Spine/Fish/Fish_21",9],"167":["Spine/Fish/FishNew/Fish_12",9],"168":["Img/AutoAtlas/Help/22",3],"169":["Spine/Rua/RuaBones",9],"170":["Sound/CoinWin",7],"171":["Img/AutoAtlas/Help/4",3],"172":["Img/AutoAtlas/Help/9",3],"173":["Spine/Fish/FishNew/fish_zuantoulongxia",3],"174":["Spine/Fish/Fish_0",9],"175":["Spine/MiniBoss/MiniBoss",3],"176":["Font/Futura_Number-export",3],"177":["Spine/Fish/FishNew/Fish_19",9],"178":["Img/song 2",3],"179":["Spine/Fish/Fish_16",9],"180":["Spine/FishJp/boss",3],"181":["Img/Popup/CamMay/Btn_Back_disable",3],"182":["Spine/Fish/FishNew/fish306",9],"183":["Img/AutoAtlas/DongBang/01-Effect-Bang-Bg",3],"184":["Spine/FishJp/animation_cathantai",3],"185":["Spine/Fish/FishNew/Boss/yuwang11",9],"186":["Spine/Fish/Fish_22",9],"187":["Spine/CaXau/CaSauDie",3],"188":["Atlats/ThangLon/Lớp 1 (1)",3],"189":["Sound/Start72",7],"190":["Spine/CaXau/CaSau",3],"191":["Img/InGameBg1",3],"192":["Spine/Fish/FishNew/Fish_9",9],"193":["Spine/BigFishBum/ExplosionSmall_13",3],"194":["Spine/NoBigFish/ExplosionHit",9],"195":["Spine/GunSet/BiGiatSet/MBLightning1",3],"196":["Spine/explode_bomb/explode_bomb",9],"197":["Sound/wave",7],"198":["Img/iconCirle",3],"199":["Spine/FishJp/Layer 2",3],"200":["Img/anhSang",3],"201":["Img/AutoAtlas/Help/34",3],"202":["Sound/BanTrungCaThuong",7],"203":["Img/Popup/CamMay/Frame_Timer",3],"204":["Img/AutoAtlas/Help/19",3],"205":["Img/vongtron",3],"206":["Spine/Fish/Fish_13",9],"207":["Img/boxCoinBossRoom",3],"208":["Img/AutoAtlas/Help/37",3],"209":["Img/AutoAtlas/DongBang/02-Effect-Bang-Bg",3],"210":["Img/gun9",3],"211":["Spine/Fish/FishNew/Fish_15",9],"212":["Img/AutoAtlas/Help/32",3],"213":["Spine/Fish/Fish_12",9],"214":["Spine/Fish/Fish_8",9],"215":["Spine/Fish/Fish_20",9],"216":["Spine/eff_xoay/eff_xoay",3],"217":["Img/71561142-4c83-4933-afca-cb7a17f67053",3],"218":["Sound/Bomb Drop - @Sound Effect",7],"219":["Sound/NhanMaChet",7],"220":["Img/ItemHaiThan/ItemMiniBoss4",3],"221":["Spine/GunMuiKhoan/AtlasGun204Pack0",3],"222":["Spine/Gun/Gun4/sung4",9],"223":["Spine/GunMuiKhoan/khoan",3],"224":["Spine/Fish/FishNew/Fish_18",9],"225":["Img/Popup/CamMay/Frame_Timer_Black",3],"226":["Atlats/nbomb_area/nbomb_area",3],"227":["Img/Arrow2",3],"228":["Sound/Ting",7],"229":["Spine/MatThan/AtlasGun101Pack0",3],"230":["Spine/CaXau/AtlasBossCaSauPack0",3],"231":["Img/MenuItem/Frame_Btn",3],"232":["Img/btnTabOn",3],"233":["Spine/MiniBoss/MiniBoss",9],"234":["Sound/WindShort",7],"235":["Atlats/ThangLon/Spinner",3],"236":["Spine/fxLaser/fxLaser",9],"237":["Spine/CaXau/casauHelp",3],"238":["Animation/particle_texture (1)",1],"239":["Font/DaLat_Wallet-export",3],"240":["Spine/Fish/Fish_5",9],"241":["Img/AutoAtlas/Help/8",3],"242":["Img/AutoAtlas/Help/35",3],"243":["Spine/FishJp/animation_cathantai",9],"244":["Spine/Rua/RuaBones4",3],"245":["Atlats/nbomb_explode/fish_nbomb_explode_09",3],"246":["Img/AutoAtlas/Help/14",3],"247":["Img/AutoAtlas/Help/7",3],"248":["Spine/Fish/FishNew/Fish_4",9],"249":["Spine/Fish73/Acqui-1",3],"250":["Spine/Speed/FireSpeed",3],"251":["Img/MenuItem/btn_out_table",3],"252":["Spine/BigFishBum/ExplosionSmall_03",3],"253":["Sound/HopQuaNo",7],"254":["Spine/Fish/FishNew/Fish_22",9],"255":["Atlats/ThangLon/Background (6)",3],"256":["Img/avatar_default",3],"257":["Img/lobby",3],"258":["Spine/Fish/Fish_7",9],"259":["Img/Popup/CamMay/Measurement_2",3],"260":["Sound/CoinBayVe",7],"261":["Spine/Fish/Fish_15",9],"262":["Sound/TrungXucTua",7],"263":["Sound/DoiSung",7],"264":["Spine/GunMuiKhoan/Spine/fish_zuantoulongxia3",9],"265":["Spine/BigFishBum/ExplosionSmall_09",3],"266":["Sound/TrungCa",7],"267":["Spine/CaMayMan/yuwang_anim4",3],"268":["Img/Btn_Rank_normal",3],"269":["Spine/Explosion/Explosion",9],"270":["Spine/Fish/Fish_6",9],"271":["Spine/Fish/FishNew/Fish_1",9],"272":["Img/AutoAtlas/Help/6",3],"273":["Img/huogndan5",3],"274":["Spine/Fish/FishNew/Fish_21",9],"275":["Atlats/ThangLon/Frame Thang Lon",3],"276":["Img/Khung",3],"277":["Spine/Fish/Fish_19",9],"278":["Img/MenuItem/btn_dismiss_bg",3],"279":["Spine/hanbang/hanbang",9],"280":["Img/e851e89b-faa2-4484-bea6-5c01dd9f06e2",3],"281":["Img/AutoAtlas/Help/12",3],"282":["Img/AutoAtlas/Help/1",3],"283":["Sound/FishBoom",7],"284":["Img/AutoAtlas/Help/43",3],"285":["Sound/MiniBossRoiItem",7],"286":["Spine/Fish/FishNew/Boss/fish704",9],"287":["Sound/ShowTakeTireuHoi",7],"288":["Spine/NhomCa/BG_Banner",9],"289":["Spine/FishJp/fish701",9],"290":["Spine/Fish/Fish_23",9],"291":["Spine/CaMayMan/yuwang_anim4",9],"292":["Spine/GunMuiKhoan/effectLight0",3],"293":["Img/PanelL2_half",3],"294":["Spine/Fish/FishNew/Boss/fish707",3],"295":["Img/auraTemp",3],"296":["Img/AutoAtlas/Help/20",3],"297":["Font/FontNumberHit",3],"298":["Spine/BigFishBum/ExplosionSmall_07",3],"299":["Img/AutoAtlas/Help/23",3],"300":["Atlats/ThangLon/Bulb Yellow",3],"301":["Sound/KetThucDemTien",7],"302":["Spine/Fish73/Acqui-0",3],"303":["Atlats/nbomb_explode/fish_nbomb_explode_11",3],"304":["Img/AutoAtlas/Help/24",3],"305":["Spine/CaXau/CaSau",9],"306":["Img/AutoAtlas/DongBang/04-Effect-Bang-Bg",3],"307":["Atlats/nbomb_explode/fish_nbomb_explode_02",3],"308":["Spine/GunFire/fish_cannon_101_head",3],"309":["Spine/Fish/Fish_35",9],"310":["Img/avatar_mask",3],"311":["Sound/HitIncredible",7],"312":["Sound/Bomb DropShortt",7],"313":["Spine/Fish/FishNew/Fish_11",9],"314":["Spine/Rua/RuaBones2",3],"315":["Img/bullet_1",3],"316":["Spine/FishJp/fish701",3],"317":["Spine/Gun/Gun2/sung2",3],"318":["Img/huongdan3",3],"319":["Sound/PoseidonBullet",7],"320":["Spine/BossBongDem/AtlasBossCaLongDenPack0",3],"321":["Img/RedFishCircle",3],"322":["Spine/BigFishBum/ExplosionSmall_17",3],"323":["Img/AutoAtlas/Help/5",3],"324":["Spine/Fish/Fish_34",9],"325":["Sound/SungBan_DoiPhuong",7],"326":["Img/ic_hand",3],"327":["Spine/BossBongDem/CaLongDenDieBones7",3],"328":["Spine/GunFire/fish_cannon_101_body",3],"329":["Img/MyBaseStation",3],"330":["Img/d81ec8ad-247c-4e62-aa3c-d35c4193c7af",3],"331":["Img/AutoAtlas/Help/11",3],"332":["Spine/Fish/FishNew/fish_zuantoulongxia",9],"333":["Img/huongdan5",3],"334":["Img/AutoAtlas/Help/17",3],"335":["Spine/GunSongAm/bullet202Area",3],"336":["Img/BtnMinus4P",3],"337":["Sound/CaDoChet",7],"338":["Img/MenuItem/trophy",3],"339":["Atlats/nbomb_explode/fish_nbomb_explode_08",3],"340":["Spine/FishJp/bingdong_2",3],"341":["Spine/Fish/Fish_24",9],"342":["Spine/Fish/FishNew/Boss/fish707",9],"343":["Img/hole",3],"344":["Spine/Fish/Fish_31",9],"345":["Spine/Fish/Fish_37",9],"346":["Img/AutoAtlas/DongBang/bingdong_2",3],"347":["Img/Btn_Exit_normal",3],"348":["Spine/BossBongDem/CaLongDenDieBones",3],"349":["Img/bkgCaTran",3],"350":["Img/todoica",3],"351":["Spine/Fish70/NguaBayDead",3],"352":["Sound/Set",7],"353":["Spine/Fish/FishNew/Fish_5",9],"354":["Sound/atach=k",7],"355":["Spine/TrieuHoi/anim_chuxian",9],"356":["Spine/Fish/FishNew/Fish_8",9],"357":["Spine/Fish/FishNew/Fish_30",9],"358":["Font/ArialB_Gold-export",3],"359":["Spine/FishJp/text-export",3],"360":["Font/bosocasau-export_cyrillic",3],"361":["Img/b2beae8f-a80e-491d-a36d-2b23ac283734",3],"362":["Spine/CaXau/CaSauDie2",3],"363":["Img/ItemHaiThan/ItemMiniBoss1",3],"364":["Img/Popup/CamMay/Btn_Plus_Normal",3],"365":["Img/ItemHaiThan/ItemMiniBoss5",3],"366":["Spine/Fish/Fish_18",9],"367":["Img/name_ingame",3],"368":["Spine/Fish/FishNew/Fish_3",9],"369":["Spine/BossBongDem/CaLongDenBones",3],"370":["Spine/CaXau/CaSauDie1",3],"371":["Spine/Gun/Gun2/sung2",9],"372":["Spine/GunSongAm/bullet202fire0",3],"373":["Img/ItemHaiThan/ItemMiniBoss2",3],"374":["Sound/InGameMusic2",7],"375":["Img/Popup/0",3],"376":["Spine/Fish/Fish_27",9],"377":["Img/AutoAtlas/Help/31",3],"378":["Spine/Fish/FishNew/Fish_17",9],"379":["Sound/TomAlaska",7],"380":["Sound/DiaGa",7],"381":["Sound/AnDuocNhomCa",7],"382":["Spine/Fish/Fish_17",9],"383":["Img/43",3],"384":["Spine/Fish/Fish_9",9],"385":["Spine/Fish70/NguaBay",3],"386":["Img/huogndan4",3],"387":["Animation/BkgMatThan",1],"388":["Spine/Fish71/Ph2",3],"389":["Atlats/nbomb_explode/fish_nbomb_explode_12",3],"390":["Img/AutoAtlas/Help/16",3],"391":["Sound/StartBoom",7],"392":["Img/Popup/CamMay/Measurement_1",3],"393":["Spine/GunSet/BiGiatSet/MBLightning4",3],"394":["Img/AutoAtlas/Help/27_2",3],"395":["Spine/Fish74/RongMini",3],"396":["Sound/DemTien",7],"397":["Sound/Wind",7],"398":["Spine/Fish/FishNew/Fish_2",9],"399":["Spine/BigFishBum/ExplosionSmall_05",3],"400":["Img/AutoAtlas/Help/33",3],"401":["Spine/Target/target_line",3],"402":["Spine/DragonBoss/DragonBoss",9],"403":["Spine/Fish/FishNew/fish201",3],"404":["Sound/RuaXoay2",7],"405":["Spine/EFFECT_ELECTRI/EFFECT_ELECTRI",9],"406":["Sound/phonixStart",7],"407":["Sound/GunFire",7],"408":["Sound/takeNgocRong",7],"409":["Sound/NextTurn",7],"410":["Sound/ButtonClick",7],"411":["Spine/GunSongAm/gun202fire0",3],"412":["Sound/tienRoi",7],"413":["Spine/Rua/RuaDieBones2",3],"414":["Img/BtnDoiBan",3],"415":["Atlats/nbomb_explode/fish_nbomb_explode_06",3],"416":["Atlats/nbomb_explode/fish_nbomb_explode_01",3],"417":["Img/arrow_bg",3],"418":["Img/avatar_border",3],"419":["Spine/Fish/1999_Fish",3],"420":["Img/AutoAtlas/Help/2",3],"421":["Sound/Doi_Sung",7],"422":["Img/d76734c3-87d4-4220-8930-b156be22998f",3],"423":["Spine/BigFishBum/ExplosionSmall_01",3],"424":["Spine/Fish71/Ph3",3],"425":["Img/Background (11) (1)",3],"426":["Spine/fxLaser/fxLaser",3],"427":["Spine/NhomCa/BG_Banner",3],"428":["Img/Untitled-1",3],"429":["Spine/Fish/FishNew/Fish_23",9],"430":["Spine/Fish/Fish_3",9],"431":["Img/Popup/CamMay/Measurement",3],"432":["Spine/FishJp/fish_com_1",3],"433":["Spine/BossBongDem/CaLongDenBones",9],"434":["Spine/Fish/FishNew/Fish_9",8],"435":["Img/huongdan3",2,1],"436":["Font/ArialB_Gold-export",2,1],"437":["Img/huogndan2",2,1],"438":["Img/b43ff3c2-02bb-4874-81f7-f2dea6970f18",2,1],"439":["Animation/AnimFish/Fish74",0],"440":["Img/Khung",2,1],"441":["Spine/FishJp/yuanbaogui_laixi2",2,1],"442":["Img/AutoAtlas/Help/17",2,1],"443":["Img/huogndan7",2,1],"444":["Prefabs/Fish/Fish71",6],"445":["Img/AutoAtlas/Help/27_2",2,1],"446":["Spine/MiniBoss/MiniBoss",2,1],"447":["Spine/Fish/FishNew/Boss/fish707",8],"448":["Prefabs/Fish/Fish74",6],"449":["Spine/Fish/FishNew/Fish_7",8],"450":["Spine/GunSet/Tam1/bullet999fire6",2,1],"451":["Spine/MatThan/AtlasGun101Pack0",2,1],"452":["Prefabs/LichSuJackpot",6],"453":["Img/Btn_Rank_normal",2,1],"454":["Spine/Fish/Fish_36",8],"456":["Spine/GunSet/BiGiatSet/MBLightning2",2,1],"457":["Spine/Fish/Fish_34",8],"458":["Animation/EffectTarget",0],"459":["Spine/Fish/Fish_6",8],"460":["Img/LongVuongHaiTran",2,1],"461":["Spine/CaXau/CaSauDie2",2,1],"462":["Img/huongdan5",2,1],"463":["Animation/EffectFish/BigFish",0],"464":["Spine/Rua/RuaDieBones",8],"465":["Spine/Fish/FishNew/fish306",2,1],"466":["Atlats/nbomb_explode/fish_nbomb_explode_08",2,1],"467":["Img/huogndan4",2,1],"468":["Spine/BigFishBum/ExplosionSmall_03",2,1],"469":["Animation/Gun/BulletSet",0],"470":["Img/b2beae8f-a80e-491d-a36d-2b23ac283734",2,1],"471":["Atlats/nbomb_explode/fish_nbomb_explode_06",2,1],"472":["Prefabs/Fish/Fish72",6],"473":["Spine/GunFire/fish_cannon_101_head",2,1],"474":["Img/AutoAtlas/Help/0",2,1],"475":["Img/song 1",2,1],"476":["Img/Wave",2,1],"477":["Spine/BossBongDem/CaLongDenDieBones6",2,1],"478":["Spine/Target/target_line",2,1],"479":["Spine/BigFishBum/ExplosionSmall_15",2,1],"481":["Spine/Fish/FishNew/Fish_13",8],"482":["Animation/AnimFish/Fish70",0],"483":["Spine/Fish70/NguaBayDead",4],"485":["Atlats/nbomb_explode/fish_nbomb_explode_12",2,1],"486":["Prefabs/Fish/Fish1",6],"487":["Prefabs/Fish/Fish103",6],"489":["Spine/VongQuay/v2",2,1],"490":["Img/e851e89b-faa2-4484-bea6-5c01dd9f06e2",2,1],"491":["Img/Popup/CamMay/Icon_TamGiac",2,1],"492":["Img/BtnDoiBan",2,1],"494":["Img/huogndan1",2,1],"495":["Animation/AnimFish/Fish71",0],"496":["Font/Futura_Number-export",5],"497":["Img/song 2",2,1],"498":["Animation/AnimFish/JackpotTxt",0],"499":["Spine/GunSet/Tam1/bullet999fire22",2,1],"500":["Spine/GunSet/Tam1/gun999fire3",2,1],"501":["Spine/GunMuiKhoan/AtlasGun204Pack0",4],"503":["Img/MenuItem/trophy",2,1],"504":["Spine/GunSet/Tam1/gun999fire2",2,1],"506":["Img/hole",2,1],"507":["Animation/ComingBoss",0],"508":["Img/AutoAtlas/Coin/Coin2/6",2,1],"509":["Font/FontNumberHit",5],"511":["Prefabs/Fish/Fish39",6],"512":["Prefabs/Fish/Fish55",6],"513":["Spine/CaXau/AtlasBossCaSauPack0",4],"514":["Img/AutoAtlas/LocXoay/redFishEffect1",2,1],"515":["Spine/GunSet/Tam1/bullet999fire20",2,1],"516":["Prefabs/Fish/Fish26",6],"517":["Img/bkg3",2,1],"518":["Spine/hanbang/hanbang",2,1],"519":["Spine/GunSongAm/bullet202fire0",2,1],"520":["Spine/EFFECT_ELECTRI/EFFECT_ELECTRI",8],"521":["Atlats/ThangLon/Background (6)",2,1],"522":["Spine/Speed/FireSpeed",4],"524":["Img/AutoAtlas/Help/22",2,1],"525":["Img/AutoAtlas/Coin/00010001",2,1],"526":["Spine/Fish/Fish_18",8],"527":["Spine/Gun/Gun1/anim_ca",2,1],"528":["Img/MenuItem/btn_caidat2",2,1],"529":["Spine/CaMayMan/yuwang_anim4",8],"531":["Prefabs/Game/ThangLon",6],"532":["Spine/GunSet/Tam1/bullet999explode8",2,1],"533":["Animation/Gun/GunMuiKhoan",0],"534":["Spine/GunFire/fish_cannon_101_body",2,1],"535":["Font/bosocasau-export_cyrillic",2,1],"536":["Spine/Fish/Fish_11",8],"537":["Img/AutoAtlas/AuraSet/eff-ellec07",2,1],"538":["Spine/NoBigFish/ExplosionHit",8],"539":["Img/AutoAtlas/Help/16",2,1],"540":["Img/MenuItem/Frame_Btn",2,1],"541":["Spine/VongQuay/Lớp 1",2,1],"542":["Animation/Gun/GunSongAm",0],"543":["Spine/GunSet/Tam1/bullet999fire14",2,1],"544":["Spine/Fish/Fish_1",8],"545":["Prefabs/Fish/Fish36",6],"546":["Img/MenuItem/frame_name",2,1],"547":["Spine/Fish73/Acqui-0",4],"548":["Spine/GunSet/Tam1/bullet999explode7",2,1],"549":["Img/AutoAtlas/LocXoay/redFishEffect49",2,1],"550":["Img/BtnMinus4P",2,1],"551":["Spine/FishJp/boss",2,1],"552":["Spine/Fish/FishNew/Fish_24",8],"553":["Spine/explode_bomb/explode_bomb",8],"554":["Img/arrow_bg",2,1],"555":["Spine/Fish/Fish_25",8],"556":["Spine/Fish/Fish_3",8],"557":["Spine/Fish/FishNew/Fish_23",8],"558":["Img/AutoAtlas/Coin/00010009",2,1],"559":["Img/ItemHaiThan/ItemMiniBoss3",2,1],"560":["Prefabs/Fish/Fish11",6],"561":["Img/AutoAtlas/LocXoay/redFishEffect9",2,1],"562":["Img/AutoAtlas/Help/18",2,1],"563":["Spine/CaXau/CaSauDie3",2,1],"564":["Img/AutoAtlas/LocXoay/redFishEffect21",2,1],"565":["Img/AutoAtlas/Coin/Coin2/3",2,1],"567":["Spine/GunSet/Tam1/bullet999fire18",2,1],"568":["Animation/AnimFish/Fish70Dead",0],"569":["Img/auraMain",2,1],"570":["Prefabs/Fish/Fish73",6],"571":["Spine/BigFishBum/ExplosionSmall_01",2,1],"572":["Spine/Fish/Fish_5",8],"573":["Spine/Fish/Fish_15",8],"574":["Spine/Gun/Gun4/sung4",8],"575":["Spine/Fish/FishNew/Fish_22",8],"576":["Atlats/nbomb_area/nbomb_area",4],"577":["Img/AutoAtlas/Help/15",2,1],"578":["Spine/Fish73/Acqui-1",4],"579":["Img/AutoAtlas/LocXoay/redFishEffect53",2,1],"580":["Animation/Exprozer",0],"581":["Animation/AnimFish/Fish73",0],"582":["Img/AutoAtlas/Help/23",2,1],"583":["Spine/Fish74/RongMini",4],"584":["Spine/Fish/FishNew/Boss/yuwang11",2,1],"585":["Img/AutoAtlas/DongBang/bingdong_2",2,1],"586":["Img/AutoAtlas/Help/5",2,1],"587":["Prefabs/Fish/Fish29",6],"589":["Font/Font_13-export",5],"590":["Img/Untitled-1",2,1],"591":["Prefabs/Fish/Fish56",6],"592":["Spine/Speed/fire_fence",4],"593":["Img/Popup/CamMay/Btn_Plus_Normal",2,1],"594":["Img/c0b95305-4017-462d-89ae-6e584d4198df",2,1],"595":["Img/bkg2",2,1],"596":["Spine/sprite-flag",10],"597":["Img/AutoAtlas/Help/34",2,1],"598":["Img/ItemHaiThan/ItemMiniBoss2",2,1],"600":["Spine/Fx_MiniBoss/Fx_Transition",2,1],"601":["Prefabs/Fish/Fish40",6],"602":["Spine/Fish/FishNew/Boss/yuwang_anim4",8],"603":["Animation/Gun/GunSet",0],"604":["Spine/GunSet/Tam1/bullet999fire8",2,1],"605":["Spine/FishJp/board_jackpor",2,1],"606":["Font/ArialB_Gold_Br-export",2,1],"607":["Animation/EffectFish/AuraSet",0],"608":["Img/Popup/CamMay/Measurement_1",2,1],"609":["Spine/GunSet/Tam1/GunSet",4],"610":["Atlats/nbomb_explode/fish_nbomb_explode_03",2,1],"611":["Spine/FishJp/animation_cathantai",2,1],"612":["Prefabs/Fish/Fish6",6],"613":["Img/Target1",2,1],"614":["Img/AutoAtlas/Help/19",2,1],"615":["Spine/Gun/Gun3/sung3",2,1],"616":["Img/AutoAtlas/Coin/00010010",2,1],"617":["Spine/BigFishBum/ExplosionSmall_07",2,1],"618":["Img/AutoAtlas/Help/37",2,1],"619":["Spine/BossBongDem/CaLongDenDieBones",2,1],"620":["Prefabs/Fish/Fish3",6],"621":["Img/AutoAtlas/Help/32",2,1],"622":["Atlats/ThangLon/Spinner",2,1],"623":["Spine/Fish/Fish_10",8],"624":["Img/AutoAtlas/Help/7",2,1],"625":["Spine/Fish/Fish_7",8],"626":["Spine/Fish/FishNew/Boss/yuwang11",8],"627":["Spine/Fish/FishNew/Fish_12",8],"628":["Prefabs/Fish/Fish54",6],"629":["Spine/Fish/Fish_16",8],"630":["Spine/Fish/FishNew/fish201",2,1],"631":["Spine/Gun/Gun2/sung2",8],"632":["Prefabs/Fish/Fish101",6],"633":["Spine/Fish/FishNew/fish201",8],"634":["Atlats/nbomb_explode/fish_nbomb_explode_05",2,1],"635":["Spine/GunSet/Tam1/bullet999explode1",2,1],"636":["Spine/fxLaser/fxLaser",8],"637":["Img/avatar_default",2,1],"638":["Img/MyBaseStation",2,1],"639":["Spine/GunSet/Tam1/bullet999fire0",2,1],"640":["Spine/Fish/FishNew/Fish_20",8],"641":["Prefabs/Fish/Fish7",6],"642":["Img/auraTemp",2,1],"643":["Animation/EffectSpeed",0],"644":["Img/AutoAtlas/Help/6",2,1],"645":["Spine/BossBongDem/CaLongDenDieBones7",2,1],"646":["Font/DaLat_Wallet-export",2,1],"647":["Img/fish_cannon_1_body",2,1],"648":["Spine/GunMuiKhoan/khoan",2,1],"649":["Spine/FishJp/fish701",2,1],"650":["Prefabs/Fish/Fish30",6],"651":["Img/AutoAtlas/AuraSet/AuraSet",4],"652":["Spine/GunSet/Tam1/bullet999explode0",2,1],"653":["Img/b158189c-ab6e-4713-904c-a3a49748b882",2,1],"655":["Spine/FX_luoi_effect/FX_luoi_effect",2,1],"656":["Img/AutoAtlas/Help/31",2,1],"657":["Spine/BigFishBum/ExplosionSmall_05",2,1],"658":["Animation/NoHu",0],"659":["Spine/Rua/RuaDieBones3",2,1],"660":["Spine/Fish/Fish_31",8],"661":["Spine/Fish71/Ph1",4],"662":["Animation/EffectFish/ThangLon",0],"663":["Spine/FishJp/fish_com_1",2,1],"664":["Spine/BossBongDem/CaLongDenBones",8],"665":["Spine/GunSet/Tam1/bullet999fire24",2,1],"666":["Img/Btn_Exit_normal",2,1],"671":["Spine/MiniBoss/MiniBoss",8],"672":["Spine/Fish/FishNew/Fish_4",8],"673":["Img/Popup/CamMay/Btn_Back_disable",2,1],"674":["Spine/DragonBoss/DragonBoss",2,1],"675":["Spine/Rua/RuaBones4",2,1],"676":["Img/AutoAtlas/Help/11",2,1],"677":["Img/AutoAtlas/Help/21",2,1],"678":["Spine/fxLaser/fxLaser",2,1],"679":["Spine/GunSet/idle",2,1],"680":["Img/imgRong",2,1],"681":["Img/AutoAtlas/Coin/00010008",2,1],"682":["Animation/TargetBoom",0],"683":["Atlats/nbomb_explode/fish_nbomb_explode_09",2,1],"684":["Img/MenuItem/btn_lsgd",2,1],"685":["Spine/Fish/Fish_0",8],"686":["Spine/GunSet/Tam1/gun999fire1",2,1],"687":["Spine/EFFECT_ELECTRI/EFFECT_ELECTRI",2,1],"688":["Prefabs/Game/DropBoom",6],"689":["Prefabs/Fish/Fish32",6],"690":["Prefabs/Fish/Fish14",6],"691":["Spine/BossBongDem/CaLongDenDieBones",8],"692":["Img/btnTabOn",2,1],"693":["Img/bkg1",2,1],"694":["Spine/NhomCa/BG_Banner",2,1],"695":["Prefabs/Fish/Fish100",6],"696":["Img/AutoAtlas/DongBang/03-Effect-Bang-Bg",2,1],"698":["Spine/Fish/Fish_17",8],"699":["Prefabs/Game/EyeOcean0",6],"700":["Img/AutoAtlas/AuraSet/eff-ellec13",2,1],"703":["Prefabs/HelpBongDem",6],"704":["Prefabs/Fish/Fish18",6],"705":["Img/ItemHaiThan/ItemMiniBoss1",2,1],"706":["Spine/NhomCa/BG_Banner",8],"707":["Spine/CaXau/CaSau",2,1],"708":["Img/AutoAtlas/Help/27",2,1],"709":["Spine/Fish/FishNew/Fish_16",8],"710":["Img/netGold",2,1],"711":["Prefabs/Fish/Fish38",6],"712":["Spine/Rua/RuaBones2",2,1],"713":["Animation/ChangeGun",0],"714":["Spine/Fish/Fish_24",8],"715":["Img/AutoAtlas/Coin/00010007",2,1],"716":["Img/bkgCaTran",2,1],"717":["Animation/EffectFish/LocXoay",0],"718":["Img/Popup/CamMay/Frame_Timer",2,1],"719":["Prefabs/Fish/Fish2",6],"720":["Img/avatar_mask",2,1],"721":["Spine/Fish/FishNew/fish_zuantoulongxia",8],"722":["Prefabs/Fish/Fish17",6],"723":["Spine/VongQuay/Background (3)",2,1],"724":["Spine/VongQuay/LayerBelow",2,1],"725":["Img/AutoAtlas/LocXoay/redFishEffect13",2,1],"726":["Img/name_ingame",2,1],"727":["Img/AutoAtlas/LocXoay/redFishEffect41",2,1],"728":["Spine/Fish/FishNew/Fish_3",8],"729":["Img/lobby",2,1],"730":["Spine/BossBongDem/CaLongDenDieBones5",2,1],"731":["Img/f2",2,1],"732":["Img/fish_cannon_1_head",2,1],"733":["Img/huogndan5",2,1],"734":["Spine/Fish/FishNew/Fish_21",8],"735":["Spine/GunSet/Tam1/bullet999fire16",2,1],"736":["Prefabs/Fish/Fish25",6],"737":["Prefabs/Fish/Fish20",6],"738":["Spine/FishJp/animation_cathantai",8],"739":["Spine/Fish/Fish_4",8],"740":["Img/Popup/CamMay/Measurement",2,1],"741":["Spine/FishJp/Eff_Boss_5",2,1],"742":["Font/FontNumberHit",2,1],"743":["Spine/Gun/Gun2/sung2",2,1],"744":["Font/Futura_Number-export",2,1],"745":["Spine/BigFishBum/ExplosionSmall_11",2,1],"746":["Img/AutoAtlas/Help/43",2,1],"747":["Img/AutoAtlas/LocXoay/redFishEffect5",2,1],"748":["Spine/FX_luoi_effect/FX_luoi_effect",8],"749":["Img/bullet_1",4],"750":["Atlats/nbomb_explode/fish_nbomb_explode_02",2,1],"751":["Spine/GunSet/Tam1/bullet999explode11",2,1],"752":["Img/gun9",2,1],"753":["Prefabs/Fish/Fish31",6],"754":["Img/AuraGroup",2,1],"755":["Spine/Fish/Fish_9",8],"757":["Atlats/nbomb_explode/fish_nbomb_explode_04",2,1],"758":["Img/khay_sung_2",2,1],"759":["Spine/Fx_MiniBoss/Fx_Transition",8],"760":["Img/d81ec8ad-247c-4e62-aa3c-d35c4193c7af",2,1],"761":["Spine/GunSet/Tam1/bullet999explode4",2,1],"762":["Img/AutoAtlas/LocXoay/LOcXoay",4],"763":["Font/ArialB_Gold_Br-export",5],"764":["Animation/EffectFish/BiGiatSet",0],"765":["Img/AutoAtlas/Help/14",2,1],"766":["Img/MenuItem/btn_help2",2,1],"767":["Img/bkg4",2,1],"768":["Spine/GunSet/Tam1/bullet999explode10",2,1],"769":["Spine/VongQuay/iconNext",2,1],"770":["Img/AutoAtlas/Coin/Coin2/5",2,1],"771":["Spine/Fish/Fish_19",8],"772":["Spine/Fish/FishNew/Boss/fish707",2,1],"773":["Img/AutoAtlas/DongBang/04-Effect-Bang-Bg",2,1],"774":["Animation/Auto",0],"775":["Font/CoinWin",5],"776":["Atlats/ThangLon/Light Circle",2,1],"777":["Prefabs/Fish/Fish5",6],"778":["Img/AutoAtlas/AuraSet/eff-ellec09",2,1],"779":["Img/AutoAtlas/Coin/Coin2/1",2,1],"780":["Spine/BigFishBum/ExplosionSmall_13",2,1],"781":["Spine/VongQuay/VongQuay",4],"782":["Img/btnTabOff",2,1],"783":["Spine/GunSet/Tam1/bullet999explode5",2,1],"785":["Img/AutoAtlas/LocXoay/redFishEffect29",2,1],"786":["Prefabs/Fish/Fish16",6],"787":["Prefabs/Fish/Fish52",6],"788":["Spine/VongQuay/CUA VQMM2",2,1],"789":["Atlats/nbomb_explode/fish_nbomb_explode_11",2,1],"790":["Img/AutoAtlas/LocXoay/redFishEffect45",2,1],"791":["Prefabs/Game/DinhBa",6],"792":["Spine/TrieuHoi/anim_chuxian",2,1],"793":["Spine/BossBongDem/CaLongDenDieBones3",2,1],"794":["Spine/Fish/FishNew/Fish_1",8],"795":["Prefabs/Fish/Fish13",6],"796":["Spine/Fish/FishNew/Fish_8",8],"797":["Spine/FishJp/yuanbaogui_laixi2",8],"798":["Spine/GunSet/BiGiatSet/MBLightning7",2,1],"799":["Spine/Fish/Fish_30",8],"800":["Spine/CaXau/CaSau",8],"801":["Img/AutoAtlas/Coin/00010003",2,1],"802":["Img/AutoAtlas/Coin/00010002",2,1],"803":["Animation/EffectFish/NhomCa",0],"805":["Img/auto",2,1],"806":["Img/AutoAtlas/Help/36",2,1],"807":["Img/InGameBg1",2,1],"808":["Font/bosocasau-export_cyrillic",5],"809":["Spine/Rua/AtlasBossRuaPack0",4],"810":["Img/ItemHaiThan/ItemMiniBoss5",2,1],"811":["Spine/Explosion/Explosion",8],"812":["Img/boxCoinBossRoom",2,1],"813":["Spine/Fish/Fish_21",8],"814":["Spine/CaXau/CaSauDie1",2,1],"815":["Spine/Fish/Fish_23",8],"816":["Spine/FishJp/bingdong_2",2,1],"817":["Spine/Fish/Fish_35",8],"818":["Img/Btn_Setting_normal",2,1],"819":["Spine/GunSet/Tam1/bullet999fire10",2,1],"821":["Animation/AnimFish/Fish72",0],"824":["Prefabs/Fish/Fish19",6],"825":["Img/AutoAtlas/Help/10",2,1],"826":["Img/71561142-4c83-4933-afca-cb7a17f67053",2,1],"827":["Img/ic_hand",2,1],"828":["Spine/Rua/RuaDieBones2",2,1],"829":["Spine/eff_xoay/eff_xoay",2,1],"830":["Img/huogndan6",2,1],"831":["Animation/EffectPlayer/Speed",0],"832":["Img/AutoAtlas/Help/8",2,1],"833":["Spine/CaXau/CaSauDie",8],"834":["Prefabs/Fish/Fish15",6],"835":["Prefabs/Fish/Fish34",6],"836":["Spine/Fish/FishNew/Boss/fish704",2,1],"837":["Img/AutoAtlas/AuraSet/eff-ellec11",2,1],"838":["Spine/BossBongDem/AtlasBossCaLongDenPack0",4],"839":["Spine/Fish/1999_Fish",2,1],"840":["Img/AutoAtlas/Help/4",2,1],"841":["Spine/GunSet/Tam1/bullet999explode3",2,1],"842":["Img/Popup/CamMay/Frame_Timer_Black",2,1],"843":["Atlats/nbomb_explode/fish_nbomb_explode_07",2,1],"844":["Img/AutoAtlas/LocXoay/redFishEffect25",2,1],"845":["Img/AutoAtlas/Help/1",2,1],"846":["Spine/GunSet/BiGiatSet/MBLightning3",2,1],"847":["Img/Popup/Frame_Info_Yellow",2,1],"848":["Spine/GunSongAm/bullet202Area",2,1],"849":["Spine/Fish/Fish_37",8],"850":["Spine/BossBongDem/mask",2,1],"851":["Img/Popup/CamMay/Btn_Back_normal",2,1],"852":["Spine/Fish/Fish_20",8],"853":["Img/todoica",2,1],"854":["Img/AutoAtlas/Help/3",2,1],"855":["Spine/CaXau/casauHelp",2,1],"856":["Spine/Fish/Fish_8",8],"857":["Spine/Fish72/ThienThan1",4],"858":["Spine/Fish/FishNew/Fish_11",8],"859":["Animation/Coin",0],"860":["Prefabs/Fish/Fish22",6],"861":["Img/RedFishCircle",2,1],"862":["Img/anhSang",2,1],"863":["Spine/GunSet/Tam1/bullet999fire12",2,1],"864":["Spine/Fish/FishNew/1998_Fish_2",2,1],"865":["Prefabs/Fish/Fish102",6],"866":["Img/ItemHaiThan/dinh 3",2,1],"867":["Spine/Fish/FishNew/Fish_6",8],"868":["Spine/FishJp/Layer 2",2,1],"869":["Spine/TrieuHoi/anim_chuxian",8],"870":["Img/Popup/CamMay/Btn_Minus_Normal",2,1],"871":["Prefabs/Fish/Fish9",6],"872":["Img/avatar_border",2,1],"873":["Prefabs/Fish/Fish33",6],"874":["Img/MenuItem/btn_dismiss_bg",2,1],"875":["Spine/Fish70/NguaBay",4],"876":["Prefabs/Fish/Fish23",6],"877":["Prefabs/Fish/Fish4",6],"878":["Img/BtnPlus1P",2,1],"879":["Spine/Rua/RuaBones",2,1],"880":["Spine/GunSongAm/gun202fire0",2,1],"882":["Spine/DragonBoss/DragonBoss",8],"883":["Prefabs/Fish/Fish51",6],"884":["Atlats/nbomb_explode/fish_nbomb_explode_01",2,1],"885":["Img/AutoAtlas/AuraSet/eff-ellec15",2,1],"886":["Spine/Target/yulei_suoding",8],"887":["Spine/GunSet/Tam1/bullet999explode12",2,1],"888":["Img/AutoAtlas/Help/9",2,1],"889":["Animation/GunAtackNormal",0],"890":["Spine/Fish/Fish_27",8],"891":["Img/AutoAtlas/Help/30",2,1],"892":["Animation/MatThan",0],"893":["Spine/CaMayMan/yuwang_anim4",2,1],"894":["Spine/GunMuiKhoan/effectLight0",2,1],"895":["Spine/MatThan/sprites",4],"896":["Spine/Fish/FishNew/Fish_18",8],"897":["Spine/CaXau/CaSauDie",2,1],"898":["Spine/VongQuay/v1",2,1],"899":["Spine/Rua/RuaBones",8],"900":["Spine/Fish/FishNew/Fish_14",8],"901":["Spine/VongQuay/Gold",2,1],"902":["Prefabs/Fish/Fish21",6],"903":["Img/MenuItem/btn_out_table",2,1],"904":["Img/AutoAtlas/Help/13",2,1],"905":["Spine/GunSet/Tam1/bullet999explode9",2,1],"906":["Prefabs/Fish/Fish8",6],"907":["Spine/Gun/Gun1/anim_ca",8],"908":["Img/Popup/CamMay/Measurement_2",2,1],"909":["Spine/GunSet/BiGiatSet/MBLightning6",2,1],"910":["Spine/Fish71/Ph2",4],"911":["Img/AutoAtlas/Coin/00010004",2,1],"912":["Spine/Fish/FishNew/Fish_19",8],"913":["Img/AutoAtlas/Coin/Coin2/4",2,1],"914":["Animation/BoomDrop",0],"915":["Spine/Fish/FishNew/Fish_15",8],"916":["Img/AutoAtlas/Help/12",2,1],"917":["Img/d76734c3-87d4-4220-8930-b156be22998f",2,1],"918":["Spine/GunSet/BiGiatSet/MBLightning4",2,1],"919":["Spine/Fish/FishNew/Fish_0",8],"920":["Spine/Fish/FishNew/fish306",8],"921":["Spine/FishJp/text-export",5],"922":["Prefabs/Fish/Fish12",6],"923":["Img/AutoAtlas/LocXoay/redFishEffect33",2,1],"924":["Spine/FishJp/fish701",8],"925":["Img/43",2,1],"926":["Spine/sprite-flag",11],"927":["Img/dc0c1f91-49ee-4d05-a426-222604ede1b9",2,1],"928":["Spine/Fish/FishNew/Fish_10",8],"929":["Spine/GunMuiKhoan/Spine/fish_zuantoulongxia3",2,1],"930":["Img/Background (11) (1)",2,1],"931":["Spine/Fish/1999_Fish2",2,1],"932":["Spine/Fish/FishNew/Fish_25",8],"933":["Prefabs/Fish/Fish53",6],"934":["Img/AutoAtlas/LocXoay/redFishEffect37",2,1],"935":["Prefabs/TakeJp",6],"936":["Prefabs/Fish/Fish24",6],"938":["Prefabs/Fish/Fish70",6],"939":["Img/Popup/0",2,1],"940":["Atlats/nbomb_explode/fish_nbomb_explode_10",2,1],"941":["Img/Arrow2",2,1],"942":["Animation/GunAtack",0],"943":["Atlats/ThangLon/Bulb Yellow",2,1],"944":["Img/AutoAtlas/DongBang/02-Effect-Bang-Bg",2,1],"945":["Spine/FishJp/warning",2,1],"946":["Spine/FishJp/txtJP",2,1],"947":["Spine/GunMuiKhoan/Spine/fish_zuantoulongxia3",8],"948":["Spine/Fish/Fish_2",8],"949":["Img/iconCirle",2,1],"950":["Spine/GunSet/BiGiatSet/MBLightning1",2,1],"951":["Img/AutoAtlas/Help/25",2,1],"952":["Spine/Fish/FishNew/Fish_5",8],"953":["Img/AutoAtlas/Help/35",2,1],"954":["Spine/Gun/Gun3/sung3",8],"955":["Spine/hanbang/hanbang",8],"956":["Spine/BossBongDem/CaLongDenDieBones4",2,1],"957":["Spine/GunSet/Tam1/bullet999explode13",2,1],"958":["Spine/Target/yulei_suoding",2,1],"959":["Animation/ComingCaXau",0],"960":["Spine/Explosion/Explosion",2,1],"961":["Spine/VongQuay/v3",2,1],"962":["Spine/Gun/Gun4/sung4",2,1],"963":["Spine/Fish/Fish_14",8],"964":["Spine/Fish/FishNew/Fish_17",8],"965":["Img/PanelL2_half",2,1],"966":["Img/AutoAtlas/Coin/00010006",2,1],"967":["Spine/Fish/Fish_13",8],"968":["Spine/Rua/RuaDieBones",2,1],"969":["Spine/eff_xoay/eff_xoay",8],"970":["Spine/BossBongDem/CaLongDenDieBones2",2,1],"971":["Animation/BoomDead",0],"972":["Spine/GunSet/Tam1/bullet999explode6",2,1],"973":["Img/AutoAtlas/Coin/Coin2/2",2,1],"974":["Img/AutoAtlas/DongBang/01-Effect-Bang-Bg",2,1],"975":["Img/ItemHaiThan/them 30%",2,1],"976":["Atlats/ThangLon/Frame Thang Lon",2,1],"977":["Spine/Fish/FishNew/fish_zuantoulongxia",2,1],"978":["Spine/Fish/Fish_12",8],"979":["Prefabs/Fish/Fish10",6],"980":["Spine/Fish71/Ph3",4],"982":["Font/Font_13-export",2,1],"983":["Img/ItemHaiThan/ItemMiniBoss4",2,1],"984":["Img/AutoAtlas/Coin/00010005",2,1],"985":["Prefabs/Fish/Fish28",6],"986":["Font/ArialB_Gold-export",5],"987":["Spine/Fish/FishNew/Fish_2",8],"988":["Spine/BossBongDem/CaLongDenBones",2,1],"989":["Spine/NoBigFish/ExplosionHit",2,1],"990":["Prefabs/Fish/Fish50",6],"991":["Spine/FishJp/text-export",2,1],"992":["Img/AutoAtlas/AuraSet/eff-ellec01",2,1],"993":["Spine/Fish/Fish_43",8],"994":["Img/EFF_01",2,1],"995":["Spine/GunSet/BiGiatSet/MBLightning5",2,1],"996":["Font/CoinWin",2,1],"997":["Spine/Fish/FishNew/Boss/fish704",8],"998":["Img/Btn_info_normal",2,1],"999":["Spine/Fish/FishNew/Fish_30",8],"1000":["Img/SungLaser_Text",2,1],"1001":["Spine/Rua/RuaBones3",2,1],"1002":["Spine/BigFishBum/ExplosionSmall_17",2,1],"1003":["Img/AutoAtlas/LocXoay/redFishEffect17",2,1],"1004":["Atlats/ThangLon/Lớp 1 (1)",2,1],"1005":["Spine/CaXau/CaSau1",2,1],"1006":["Img/AutoAtlas/Help/20",2,1],"1007":["Img/AutoAtlas/Help/2",2,1],"1008":["Spine/GunSet/Tam1/bullet999fire4",2,1],"1009":["Prefabs/Fish/Fish35",6],"1010":["Spine/Fish/Fish_22",8],"1208":["Atlats/ThangLon/Light Circle",3],"1209":["Sound/70Start",7],"1210":["Img/khay_sung_2",3],"1211":["Img/AutoAtlas/Help/21",3],"1212":["Spine/Fish/Fish_25",9],"1213":["Img/bkg2",3],"1214":["Img/AutoAtlas/Coin/CoinBD",4],"1215":["Spine/explode_bomb/explode_bomb",2,1],"1216":["Font/DaLat_Wallet-export",5],"1217":["Spine/Fish/FishNew/Boss/yuwang_anim4",2,1],"1218":["Img/AutoAtlas/Help/33",2,1],"1219":["Spine/Fish72/ThienThan2",4],"1220":["Img/AutoAtlas/Help/24",2,1],"1221":["Spine/BigFishBum/ExplosionSmall_09",2,1],"1222":["Img/vongtron",2,1],"1223":["Prefabs/Fish/Fish27",6],"1276":["Spine/GunSet/Tam1/bullet999fire2",2,1]},"types":["cc.AnimationClip","cc.ParticleAsset","cc.SpriteFrame","cc.Texture2D","cc.SpriteAtlas","cc.BitmapFont","cc.Prefab","cc.AudioClip","sp.SkeletonData","cc.Asset","cc.Material","cc.EffectAsset"],"uuids":["00FcRpj7dPCIvNuQX5LqZ8","01kIYVFzpArJF/nmboGn8K","02E+qOr2NIcIwb+p4AB70M","02QwEKcwVMX4Pq23FEOxWF","024xCedoBBib13MXAeIBhb","03RaxHuTdDlZQlB2/2HzbQ","03hVjmyW9Jk4S2e3HQLaCG","04FiCoPj1EMraau5DyfxQU","04zBELj9RFQ4R+UpVVXl8X","06DwG5cxhHZaomlfXYUWn5","08SXRbdCBDuos7JcGRDK2l","09IYfKfbpK24VoktZ72S31","0aZ+um2CpMwbst6ZUEn47J","0asfdgUnpMqKbSiafMGrdF","0b3kZuQN9DOrJGQ8eOeC7l","0c4ssxvflKe7kP9bTFPvAk","0ej0KZCWNLmpbccATxlNZb","0fJMfy8XlAFqvEbRa0VtxB","0fV+1KvOZKHZnpDiSpGiQ4","0fXQswVcdMVppl06q91dPw","0fmHHljJlIJKdjphTtVFzQ","10YTIjGFdF85ExlmE7uGJP","10YVM3L/xF4Z1SRn2iTrq9","10htR3GthI7LaX25rKfeVt","11BkEpeyVPRpIIM3yjmKra","11Imq2KSFEzo706QSCwQo2","11OcfR0z9BzJeHOhbtJgmX","11fN9kbO5M/LBQ83q6f7HT","11t8aAtyZMm60z6hYcWymS","11wQtXbSFFrqazqYFs+rrF","114D8CfnZOIobSXq3o6L9R","12J+cclrxGUIZg97j9sLdE","12g4ZXhbJIlJraQS0BwnsJ","120sTJb89Ecqztmc6IKBEv","13R/dwsXRCEbBMmyGWDpKl","13k2LNwlJKwbXJM7+4Vepg","134mRugVZOuKK70xYoq+e2","15PvIBtTNAhIYcb1+1hG9E","159i3d/ZVLxbj9oJF1Z2M4","16ArmHLfJFm73Lw28LLfn2","16aHu+k9BCXYMnyoImCIBC","16aS31eJNBCqAt+kvciP8W","16hYKVvitKmbBLsCRK3gJz","171FqlVc9GpJWAJvLDpHkB","18lYIwaJNJtKmdvGTL9lvT","18zVy/uJNIS7K9tjwiHe0j","186FPBsodClYw2gpLpqrN3","19IT6pkN5LNrnbnqTN8aDu","19RJQymB5Hv6jgcCxQEUUS","1azd4UTaRH16pzlS4bMvb0","1a9jztRzdNNpRbtLBZF2ZB","1beJLvH19JDbzXWqp62KAk","1boAw7yhtAQb3kHctnvvdA","1bxvUcxuBCBoHUXGUkjY5U","1b/eEDF+hLl4vH1wKTIvYX","1dUfpKRp9BIKlg3nFnpJ8G","1d4d3JxyFCuIol2EiMjkbX","21GILo8gFDSYWumzCRuZYj","21HXMwTAdK5re5om7Uai3J","21ID0YOPpAO6w8GhAGfjTH","21c104/EZC8ICsLj+K46fM","21g6F61xtKfIB/4NJvu55j","22IaKwT2RE/qMPJN9qwK5y","22gPAlzUlGHLOzvWqyepMM","22pknGr05PhacBn6bNvmgB","225zgnw+xGCofTLasI1H+t","228DnnIk9MX5qIUuF2Cx/a","23GJ8i26BF87JgYvgJL5Ss","24GSw6AAROnI7vji+en3u/","25NkkHR3lG6poa5N6cnOLr","25WDw1KHdIvLEIAQFeIe91","25hFKA+iBF9qcSzij00jQn","254osLeK9NhpMBu9+TjguY","26SZ21bWtNIIVGAOarcjYx","268Ly7Ch1O2oGXU8GJoiZg","2czt5GHE9IMamIJxS36HLO","2dfMoBDVVN/rDZ5zl2m9ur","2eRVZUeUdMy5nW3tCFLKNM","2eXNemmDpN/q9WbBmpn+50","2e1hr60j1DAalwOdpzUu2K","2facTQSmhNt56ZdqPU5kxZ","2famKA7kpOd71uCaqAngke","30jRXkKTtA7pP4t60W2W91","32nCPb17dAQaqLT1r34LE5","33toRPaQpJ/bhxUfCX68PH","34BimSgodOa7f1VnOGKgZt","36ACbkgNNCiLOlpNILc6ZS","36ZktqjlhEdZ5VkCrDc8lw","36bpBg0sdHpqJ/Opa0k09/","38EMJmH7ZLw6EedyzxDAP5","38amKlZ8FCeL28oSx0MNrT","381rLbmQ5JbYdkbqwNuWs7","3aKwbir+NO4L8Jb5gTLmHW","3aLH3sny5BlprJLttzw18x","3a74VZ7aZP3oy8xUYsp65H","3dVxm+2rRH5qRP+ZdAoWsc","3deAnUAXlLXIwyJdmdg0G/","3dqCsOdAhLzIcdb8jzWyMZ","3d8xALqEZE1K4XBI5DTqZZ","3epNynGARJ56HcWINF/PJZ","40Hrtn6dBJM6HZo0EOnoaP","42CY9aLx9BPKmbqTvN2XcK","42MB75zu9Ajqh96Tx+eO3a","43bWrJ8A1MI6elVeAlvTFN","44KrT7lRVIToWGHpzWcVhE","44xj+WrNFIJaXnQiy9d89d","45+IwBICVOepN/0Hi5MDOy","46Ke8RZe9MhrIL/CfZ1oWL","47gSMs3n5EW57BPnu45EA3","47p6WLJT9Ibr5KAxRudvL1","48DmJwt/tMrb+jQsCaoI5A","482Ljm3GhEGYqD0swt/xUA","4aqhJxaHxPZpae735uBaTp","4asOGwcH9GRpk/JdsJ52wK","4a1CDIyUdN76CdjIM5WqUt","4a2nzXUvRODomu+rXU0oQI","4a/+uzHudHe6oOVEhR4vyC","4bIfOi0yVLM7XEOl6qcegI","4bTtRfw61OUqNkgWx43USv","4bpKNDZSFKQqfoxyWAIzYh","4bw3tsy5lEFbjnPHEA90OS","4cMFotzExIrqLJfWzawEnf","4cYnt5VHZBZIuqJB5rcG+4","4cdk4uYTBHJpU0FH0cr6Fh","4deFhvQTtJ74ubepIXQIVu","4dpOT9tn5G5oRO8RtrATAa","4esJ2cbmpPTqbuAvnrdE9W","4e5wQK1jJPH7phC8FwtlnQ","52G47h1UhEbLhRLAb1dGsG","52WpvR/W9MXLXNac+I04F9","53LoDtCh1A7KAZQl0KIueo","54B4AjRhhBF6HBUZ+15CCz","54E5lJ6NVN1qPnG4KJ79wc","54j2O+dfFJyLalofI4Poic","54lZrplspKpLjdH1EFXmgk","549MyCL7lCIp0+QXo527so","55Sh/j3lFK366fDet03CEM","57FDecICxPOplXAzO6Igks","58HNm4EbFGaZTw1+S0HH4k","58kfojELZLUK4gxIC+csx6","592gQR3WNChLTbPB23Ov9i","5aIzxLZl9Gco1rxxF+6Rr7","5bJOGCQglFlYAPNmIOdYrT","5cSaCA+1ZGyrlP82jAcivN","5dHZbQJ9dHdrc4Nus7cElG","5dhywYc7BItKHndv+FQEn0","5e5CfHxftIl6a6VXqPmIwj","5fJ2duG1JFfIYhAPl4/DA9","5f7Bqyk2ZDb6fl6jPqwk0y","60ciggbZZIkbsOXuyP4xnh","608kmVi/ZPS4FXVL/TdX0/","61fVtHk+RIf6edHPaEfq3z","61vCPB+TVAYoRwEuOpqO79","625VWhO+pNVrEqz4t3pHl7","63iO625dVP5rqSpYzzmSTj","64xiGjGYJHepD+9CKKtJT2","65MP/Of5ZCmYs7yKcW+5Js","65dzBY/hJFUoZS0gD0LpLS","65me42n5hJT63GablI3tZr","65oY5KfwZH/oCQOI/jks7b","65zqIK8uJFg5i76kjiDPNc","656oQc/ydJZI4vtqFnN1lY","658jAoYodBXIuqeqptZbfe","66Vi3sesZDpYtr9sKuKzKE","66g75JnlRGb6/e2gIXOEPI","66+BtLmUJEtbwUbZ5z93jo","67J03KD8tCt54x8SmUNvGe","68fB/imv9DDK0RSX4tU9Zi","68xlaf311Bur3t6DCbW/L9","69GBf/4pZEcJ1hDBpNSUak","69MAngCf5KzpYk1IxzpyOs","6913wXfmxFzKKP/2FkxiMR","6aFvrmaHJHNbcVtjwDcqTP","6aUtKGqqhLV6VVwkir1bVF","6adem3NX9JVp7JNEM7MI7e","6bCY526IRD4LbbELW7YJ/C","6bZxB4/jFLYLNwz8nsU+kV","6bvIw0EGhOtZPq0l2R9N+4","6cS07YD2ZLirlsK4E7odFl","6f76ZtgJlMsYoq24blr0hT","6f9SKFt1tDr6WTUWHm972/","70LwoP9eFLbZO+OnH9Ac8d","70fxXrb/BOLbHGnA34XW/S","71KBtzJDFPSq4j46i81Zmw","71QsPXXCdIy5ece7qoCxQ0","71xzi7F7VFXJPcBUAz4bXR","718UbwhOtG+5J9ghlKo+uH","72qWUbHhFC666hd3/JlxzQ","725zLa/jpLBpYjczO7LQhC","73BwiFAYxLoYA3X6PnYhX8","73DDJjvMlEtpOuLIum/MGo","73ePJpkP9KYqeRFuWeOqgT","73uFtYWjJJVqY/TOM6IXDS","735nR1lA1PrrO/nQjb6pwH","74QAY62yFEeYLybSqV/TZD","74qCaomZZOCJRfVlSa6Ilp","74wGzXgeNFibiszTlc685u","75R0261KFMgK2FvDsmcW7m","75SupiRUVOCobGEuy5ZdvO","76Dhp0OVtMCJ0cW0riAX4p","76Zxt0s+VGY5Yjcm6xlcEj","76+WvECpBAcJWNv42B+zu7","77Ns36bw9FW6umu/xrWe5X","77ehhEUJNNL5jmbBz/9iDW","77f3PrbKlMN6vqW5cG97Wz","783BOu4xZObJndnGNWm/f/","784HRtht9O+5Bn0qQpyvyP","79Dmb4bH9Gtr0t6u4VSxUq","79aMiNWAZKkaGLl8BGxbrb","7aDvtvwAtFMaxs0+6Gm5iz","7aiMaB/spEzqXnc1ahLKN1","7bhmifg35Ntq3odFITE37E","7bimVbgrROOrcH3jEhzQb3","7bkWcDO51PmbZVycgGsSB2","7cM1RLSYNG8Z+4qG+NXS7W","7cnL08HhZHgbfD5/D7eD1A","7dcPsMUzxPIoYpybjfJfuW","7dm8hiInFFO7EYFG64bHNH","7eBzCaXMlEyKNNQYAokYa0","7efEVCcKBOG4/RcwodH1j1","7e89ZG9ndKRLnioBdlLCbr","80rWvOEnBLl4+Nf95JayeH","81DmpBQI5PtrotSD61cD/Z","81GzhwepNMEpgdJyptdUca","81Pf4pTmZDL5k0PuoIzHAz","81yQgKV8lKjbDh+VDwCOTf","82K2NLtehMJJqv8zog0sxi","82sA4xXztBp4q1CgXndMHf","82sTxNuv9LQ5E5mEi1QVfy","84R/XqwZlE4I0k4mlP2Vvp","85VH9SdgFM+rtIFm8UCPA6","86cJMRmaFEb4xvqK4ruaFS","87YjyZV21AerbTOGbfWt1T","87dorOncxEp5kiAVE9yzTi","873Oq+N8dGsIOZlntPg+d/","88tCik0ERPsIqGi9K4TvNT","89NMVLJY1LbZuGYax2uGhC","89PCE2pw1BEYTtXdMDLd/r","89phRggFFClYCBc9VrJxuV","8abeE2fXdHZ4H1l1iuzq7T","8aiZE+7GZGTLxXq0B6Vt8o","8bDBN0fS1Ga7VRtvyPvNY4","8bF31CzPxLgrMAcVDvr8Yj","8cqfJW6DFKS5TJoZJ0QR7I","8dRan7zdRBFIkj+Bt0mtWw","8dRb3jqSJCEoTWsQaev2+2","8emnbkNZhJn7R1VIFAu+2G","8etA2Bb7ZMqYFkY/xwRAT5","8fGAkMIylM34yolwqXApyi","90T1YlHIlKK6+MRxiorzIV","90kQ7lgtlHtZiGzU5kSzHV","90/rFmgBVAFrXdTSsfmu9u","91463HGL1DVJdvacF6L+3K","93QD8kQLVFwLX5meer1Yn/","97GKkhXQFCf5gLWhMBCjp4","97szl0jRlN44v75hkZZl1Z","98Du27AHpJv7Tka9eW18GR","98nf6pQx9HLqRt+sSXHwoy","99BQcC5eNGtZY6vIzI5203","99jVxe5vhAB74b/kpAdVqG","9aKHoizzxHjJ0ZRvyunAb6","9b6dP28eRF5JXlCl3z95X4","9cL/ps2nVPi4nFqzsmv9nr","9canC+aWNBtqmyP2k3XMtC","9cbRjLb0JEgbx6DFhOHzvo","9c6YWP05BGf4HGyRQLBCPp","9dXfCyuGtDw47XgnHagBMc","9fmUW1yXxND5hgdM3eb3Wm","a0V2ftG+NPL6kEY6RwLM7M","a0c3IChjpKTJ6pFqgV0Dqx","a0lWulFeVKfri+Xkr9rV6Z","a0n98tDWBDjrMK+K9H9D6C","a1DKl3gklAqbRFCE8oEhK4","a1HGKrWS1OMrz1rJnrLuK0","a1QEOQETFElYjz9YgkrSm9","a1oYQ77VZKD6CSyep+Sz4l","a1464d62ZPGZu0maLehvpI","a2Oi6Cm3RMgrJh+t3RNmmu","a2nt8mnPRMY7ova4QokCtX","a3Mz8ya0xAYKb5ZSGc2fO7","a5nKAmNNVHvJxnsN+k9Sq0","a6IMXWoQVHDJnHSSoJ7wdX","a669opaoNMeZj9htCK1HGy","a7wJShdIxNsp+eXxkqPx53","a7z+I/50pAp4mzOVb2NG4f","a7+Bu0utZNWrzJRX8R8L6H","a8RYXWpIdDc5ire6Undtwa","a9V5w9XTFHVrL82hQwTVkK","a9u0tfJjpH5a3+W5iO/eCb","a9w4RN7Q9CHKLRKm9zZm4d","aaRX+5x0tF3rS8hFsIkKqa","aaxuuFQixG5r3CVNUVl2xA","aa6uzyMORKYLM28wW2zRSt","abbQ+G7MlEz5+nWo52tAXu","abmYAR4JRPn7toYgRVUCVA","ab7OaL9b1G5Y+ozTdp5J6K","ab/elzpI5JyrAw9wpIej2U","acSrhu/hhCupKUkD9dsGFV","acq1297pxM7rYRDEe9Yoov","ads6kWOd9IKKUmyVB12NiA","aeEk4blFNPApW4lQat6240","aeQgLg75dBHKXVh6aRVeKJ","afA1UAHGRMLaXWrYtl8Cxg","b0z+BuFslCKbPnq92yNiIT","b2Xcry4JhKuIu0wLsSIHBv","b2aveUAQxFO7vohiSH8iT8","b21v4IzWVNrooZvtdhxwFb","b23H5xhRVB7IfBgHrtyZZv","b3Yj0ZRd5DXrFT9WZ+ORqF","b3bIVINNdI+7E+lQaUhnWh","b32HUCGjxNPZ9sfA4PtV2r","b4GIg08g1CDbjaxMODUnxo","b7Y8z8cttGZLUq9utp9ZQ7","b8nDwfIixPGrRXX1BA8wej","b9bXoz/2tNboTZy9LDRb9k","b9uid8WYZEsLtEyxyyTGTI","baD1uVQ5tNiL3OlXU7uJfS","baoqHbBxdAM7CfwdyqRxIR","bdI+aTkYxBjIsdELFyeblV","bdPvJ75hBCioEiuINx0lWk","bdRpPbTjtLNLkf63xzcs8A","beIgZ9yXtKGY+cEj3a6q87","beN7Wx0yRJEpraQFVhftcO","beyaqU51VLoa+3S/jgdPVF","be8KBkbdJNt455uc478Iai","be/cn9i9dBW6uk8Uz9SJ52","be/5+RrlBG7ZQDE43Zt5GJ","bfWSAE641IMpXncSsWo55j","bfoCkjP0BDUqXR8E5P5k04","bf9pO9yYtHS6cxsu1R9Hpe","c0T67h1ZhOH7rP/rkUlz4B","c0ykeXddhJWJTTxnFrF/hf","c1PJsnwrxCcLfZ50Tl57F3","c1veYsHdxK5JFBqSIGwgKg","c3RjtPrNtLj7YzRqLxqbSn","c3hYJ3VsdGu5R1XzLcMDFb","c4fFpY+4xO56wnfL427Lmr","c4sJ9HuGhFwYkltPHxGxIj","c6g4RERAFFBb6bQoizTs+m","c7PqTR1+ZIno1GXwNBeGVA","c7mWh5oHFHirSs2ccwajEQ","c8FbIJVqdPLKYDrSqa3pyN","c8+oLpLmZHjKvMieMHJyg4","c9BVZWISpLGqJhBMbvD9Gc","c95UU0wE9Af4d9Sc4l4F8h","caKvpxlQFHYYnCpFu/2vpA","cafYBpYCRLMJVa/u3sEGX3","cbtKiHnEBM1bwih92SC0Dm","ccs+wsijFCxYXzKAtuR6Qi","cdB5KDSUJMiZHwHi6mTXSh","cdIdOYEthNubpRBPhI/DB8","ceLyC1w35C7r8QN5fkuElJ","ceM2KLY7RDZqUuFTZ4TA6r","ceypKwdDxG3qMO01Jsb+uY","ce6zBfIJ5FirMs0A1ha+fr","cfcyNyp6dAKJq03TEKTBqC","cfoddaQxZNW7/rKYXrxSh3","cfx7uCu6FBr5nuYeFmDsI2","d09Nw/w6BKD5R7Bh9z2auq","d1GVtHBXFJ1LjEbO+lGcUE","d1G6OfpghM54uj+J19OHAs","d16TfmFQ9DKase20sZqbQN","d2qKz5FfNDAb6sNRU91OKJ","d20t9xhTJEObiVLOssrs0k","d4E6tux6JLArvh5RfQnPlJ","d5A05f9TdN8YMQ0EGGKc4X","d5YcZanAlMb6YXQ4uyikbD","d5v2DMlutPCLdh2+OpVuBX","d6Zs+TPuxKwrb/gCQhBmKK","d6r0xBId5CYrrsql7eJhrn","d78FzAbBhFq4Pj1Y9gthD9","d8LPcg5KZNCJJ+Jj1BmxoB","d8YA0BaK9Nxo+kLhljVYQE","d9PBBKfShGHL4ABFS6pw30","d9bLXYsntKUJPYOT6V5OSb","d9f0hUGYlGnYrrVGy6OKcT","d94QNrH2lG4oI4exSIU3HQ","dabMArsFhNbLN4yOFCAxHP","dbNcSzGIJC1pyukl2JsGxB","dcPvxseixE2rgYx5JoJGL+","dcjMG/jj9BZpoNqZrgm45S","dc7uhAGMlBX5AA71LdLK0W","ddJLSMgXtCUYTYvFXJCQC2","ddNje+zp5LSI2PszMEUFJG","deQ+7cextNkrDDSw4iw5v6","de11RlrrJCfqeJPO/B/uDt","e0gbaAd01GPYuMTjnWCMPq","e0qbEIk79Nh7H876NsOUGe","e0+zpRuWtKpIuf+YLrodta","e1jMRgJD9HBoWkkXgA1dGI","e13Ztna/hN0oqnn6kIP3v7","e2Jz3N7KdHfobNsvwtzg1k","e2YjRSfcNK77AeYnRN1vtP","e2rEGjW4hBA48Y2fH4JA1e","e2rHaA/6tF161oqto1UFl3","e3Wxe3PSpNn7dO0Sr/nfty","e3eaILZupKVKeIfDCEw2eg","e3p4rgOc9JCZXtD3RCP7Z8","e30G76UvRHZ7hKEFKSUeeZ","e40h+E/89MYrz7NkHOdYmL","e4/1bdKW5B8IE/1ooojUbj","e5GLI4XuZNjrVjuMSBWvKE","e63dp/Ta1DTK3a5PkcL6HT","e700wY4ldKsbm92w+FRAoY","e77kJtDslPDraxUaE07QXi","e8Idu0OiBLmraW2Zrc76NE","e8uh+52yZMl7J9eWRXT7IA","e9/smUOxhNWrBgUQ/8ybat","ea1vwGywVNC5Qww175JQDk","ebEJlqSTtE4poEyxksF2k6","eboyLXtWZJfI+I9DBjS/2K","eclIChY4tGrb7Ymrfp4yX+","edSLCkGNlGQbME7CbRuR3Q","eectZR8y9NCIBd6uQ3nx8N","f1m5dotgZLraKRfh2kykbN","f1m8IakM9ApIPuuJYW82rp","f1u7dtitlBn5P2Bg02LZdS","f1xoQaj6pOJbdr084Ynb8F","f1+2QvMZ5CPJBE8eXXAwWf","f2bUempchOqZfhdTz01e3r","f2ojwV95hAjLg10T0kP0vQ","f3nLbMyLZKiK4x8wFQ983p","f3q745kgxI6KrFA8RF58iI","f4FujlvY9C0oQ95Q8g5gTg","f4faYj/+9EZJEIXrdSGGdc","f4kC3/qCJJQJO4z5HoSwQE","f4kFcPKuZGn7vf4KvesKep","f8L5USgY1EVKHycyj4Xozq","f8u//kYTxMzJxFF/IZ8ZDN","faDyIrwCxGoZD9iSUoq7YD","faYvbpdGVAhYlBE4o85OLq","fbJACevCFHRYbxFYcPxEgG","fb+iUJn3hKmaDve0XIibc+","fcWtNc/xFELomXNzjEZL0d","00IdOQKmVHVpRCQuD0B9yS","00OPfzZFpG7o1U9tbW0zqO","00f+0LsoZGorih8+iY8pg5","00jxk2ClpEgr/it+IAXmFz","01FSnaYxtICYw+maVUyAmg","01KbL36qFOK7JEs5mt2e5w","01jfQAFqhIH77DT9/uEVGZ","012chLnYBKT40UUaDZFdE0","03CYQJPLlCwJsvKzvWZG/l","03spfFUiFM8bI2vpDhg3ma","03tYgUOBlIr5c9rs3wrrtN","03xkWpvaBIRLs+a0LgLVDy","05HayPGbFKG5wCriutsr3e","06c9/KCEBF5q9VsEMcO/SY","06tCVgqFdJkL/oQc7UF5zQ","07BeNeoUdAeZ2O/LyXPcqJ","07XXD/Q4pPOIqm7wDJHqby","07vYZktFZPyK9ztkZ8Y0Zv","08S04A3QNLDawqifgdvlLf","08kbJMrC1EmIRU2Iidpr6E","087Kn2kORC5bclQ2e1jUCa","09JzjnSTlApr3H9ZoqwP+x","09PZau/RpF0J2BgtGeUSr+","09aEJjzQNDpauGDf27ZVA9","0981jk9xFEp6vU0xRhvrV4","0aP274h7hDOrcHI9Mbn64D","0aqF8KR45Dz4DvK/JT8n9B","0bFuOSsLFCspSXaiuDWfra","0bOp+FgqZPqL3OYgkz/wwK","0cDsbUY3lNO77/yiv6TZTn","0cEGDPOPtI15j1AbYM0l5B","0c0A49LbxFu7sjyxSVagM4","0c3UFjZL9Ap6djLdeyZGDU","0dCnWnyBdJVIbSmD0FIQjB","0dSH7vqsNM9KInZ2KOuRqm","0dfdyrDzROCJ4I6YjGQs3S","0dwEP353NHeKTOpgOAzs+s","0eaHqoHbFDUYQskOI6uRBe","0ecl23ckdGIJXQoSZlhRu3","0fmPca71BPHLl9IoJvKTFh","0f3t2TDWdFRZhC63ql+uSZ","10WtLKuUNNm4gT/1kmpKyt","11A75Q1ZhFJrhLUJZIR5ew","12BHDfO5lGAJThgYH/o3Hz","12Hf2PMjtHRqAg3gPK+lrD","12rCkFy5pK3rOUQuHBa3WD","1291FFaN9NEabdTlRO4On3","14RBsOkjJGlqcWTyEfERwm","14+bh0f0pFnruXZHdCNUft","16Q1H1SDhGIIrfCNFB26ni","16f827f42","17KN0L3bFIqIQW46NAvRzX","17VOlPWYZNA4NojfxKl3vG","18LtaHH/JGT5IH35BrFH8c","187d8d522","18z4x3QjdHrZlKoCO3+UWi","19bG+R6FNCC4wCLTWTx2mO","194nDtWZhI4p4yaHWNEhKZ","197VLxsmlLjKWRgHH8uTf+","1aaf2bea5","1blgG/j5lKALzl6vSUExWz","1bq6waAd9Oo5ns/gBJqj2e","1cLpNBdW9DMqhIVEtPFoHq","1cPGdR01NGKprkwPKo8c4M","1cdgjFEJxIo6/9xt0QRYXX","1ct6qgHIFFLoQg+LId/q/E","1dA3cbIfVIPbx/yxM64JS6","1dQLFkQmRA6Ksg7xtDPx2x","1d4cf0f80","1eWUQ41MVFl79YREC9OcQL","1e2WKc59NEQIDpjtpjahYx","1ef187bf1","1fOgDhoE9CH7a2gLClzot7","1flhDhnt9JLZMumiRzPlKc","1f3Yf4mKdBPJX54E3Sz2CO","1f8zkAvlBGOZi+5nZMHP2p","20ontPJUVKo7tdpG/+31bW","20zvpiKsRDSIUKRhOwVHUf","201/8kp6hIIYZJuMo40EGN","21l3OKquhMVoP+J5+pkVjj","21tc+BDAVKl7JX7YBeJraX","210TEzuutBr4/vCbwiExQi","22me1KX51DQZMtNJRok5yO","23JOLCB9VNZqlSAHDJYWAP","24QUfLnsRGTbTpHX+HY0j5","2492w/DZdMuYxZRTRe0VbT","25DPK4Z5hPhJ0z87wTKBmR","255sSpaHZHOIrvzp2VmDZ2","256xvYUPxBBLQvhm4D17pM","26M760gcNGl5dD8jkosvFb","27PZXjQWpATJLy81FyllNa","27TVCVUG9MJ6vwv3VuE67B","28B0hox7hK8YAfcQSHmdoQ","28FaN1JppKNoivnio9t+/e","29MASCUONJGo6Cqacqit7e","29icmv6QVPgpBsU1Oyifh0","29mIYOqT1GvIgDsw119H0m","29zkRFlRBFIp37FRrGAKxG","2asbHXKHNDDbxp7/OYUNOQ","2avIuNUAJG+ZbvLqqtUjQA","2cGPbKyaZNx6fXPPAu24xv","2cUczlON1Mc4EQfAhHU4RX","2cpQ0pmeFNGYhDkx4TeLKz","2c25TMz0dBdKlLoPYVDNqU","2dEyqeFAlAm6asddUtxSs/","2dPYzX8rhLEbrONZL5Iteb","2db7+E4Z1Mbb25h2W+kXLT","2dtK4oaA9CMqQcYB6lEpzz","2d7qXNnjVL3rgkxrE1iVBo","2d953KKlVMZrR3qA3P2tEw","2fehtKF0tBPZxS+jh3o6iX","2ffaCkpLZIAqWxaKidcp72","30ZH7QSjtEZoBntVBdh8v/","308DVoaXFF756EN9Qbgkni","31lturxRdNsZUysENIdhSg","32KV/x6xZIHb2566LwKC2z","32pbXgWhRGCIs6JHIzVkCT","336tVgQu9PX69I59VcrmQp","34LBi8elZMJp/akcXmw7Ai","34xxKrkcNIpaJ3n16bCKel","3428VW7DNEQZ6IYa45WDCZ","36DRV29vZAaJufEvTUcNl/","36QC+z/axPkZTWSWfImPWa","37FSduLK1FgZYkbI1nEix8","37pVw5aaBB3YMEU9QCzVsb","39C4Fe6TZKnrrtPqenpIj8","3acDVnQ0NKioImWmoHC5DI","3bFd2w1lRIwp7xYG0Mwtp5","3bQFzcKUZMiqp73b+vUDWt","3bi1YsKpFCSIwcPBXxmuOz","3brX8JRzROH7OOCpxSSGND","3cRhnfx3NMUqxTh2KnW6+3","3cteGfbMpD+YtAhGxP3xsH","3dD16FK/tHFYig7vFSZn4D","3db2FVci9NULChYsumwgHC","3egp0Q3EFIDoYLMP9qrzzd","40js4XGwZOP5P9Epmdc7ZG","401H4sIDBI5aFUZlF/YVv8","41JlmojlNOa4kkugBrpJed","41sho8MYFAvYYiOEHXFYJ4","42cLA9sAVOFLdyZNB2vHc7","43Qm+ymWlBVYJHfzlrYeqj","44K9ovYu9KZ5tDF7NwX49S","441pj/+RdG/7kXjY3Q84H6","45LIN91rlHnrqbAHUiDee8","45heqk/ulPobSmD/t2SIKu","46gUAHrfdGEoG5Tl/cVMfT","46rx03SDxJq4x7bCSAFBQW","469Azh6AJAhqjlkJ/vX6tq","470tryQE1PvZxgDnGSAEhd","47/cVIwlJIq4e/s8bX8qD+","48L6WS0QpDELVqiUQ/kAsy","48i1u3tydJ54zAqStnKJ33","48k5f97F5IfKaUnNhF3ZsJ","48lRP1q9dKK7cAkErqpKx5","487fEWiNhLu6drq21cTow7","499HhBE+5N04PAzJFdabS2","4azDNORghLBKBJfYFTrzfw","4a3n7AnPZJvKSdYCTRhfJp","4bulRSE0hBQqkNBSjwRz4B","4b9b3k1S5CZ5XSD4UZYdgU","4cRjvgayNEYbaISAr/hVcl","4cZ5QZPj9BfZmZ18Hf0yIW","4dKXOYQb1AA6WYFjwN3KYl","4dddZGAMJL7Lbw2ajXoykR","4eF4TINIZCB6qYuUBnWiTi","4eTbNPkvJIvYa8cRvYx++a","4evlr4xStMCJwFmAQYJzb3","4e/H1ziWVOrpOT8pO5DmUa","4fwF+08qpJ1qrA2+Md33VJ","4f0nvzNVRMDpmEGDcnTRk/","51fos15nVG1a8ibrZ5xq9p","51vJ6FOStKkq0N2oQAQvkw","52FI3FmwtMq6/QSilh4UzF","52SS0FTf5H3a5A7YE8xivO","53BGe2pHxD7JMzkbfhBx7a","53wjSJ3wlDjr/I0i+yp0Wz","54Woo7Y6RMwprxlfk9fTh4","55LZ6EZTxPiaprBqnPop7R","56BH8NH1JOq4xTKFmpFV4Y","57h0i92w1OzKxCBOO4rDo2","5792rM961OibKB0ugIc0tR","59XVfVtdVBYoHbPZJWwfmi","59Y8bpTI1Hh7+sccVzBcUV","596xwG8upFaozm7CVViiYa","5aYXO6+A1EzaaPrHakURYq","5bD5Z4GqVOTbUD+Q4W2Izp","5baru1EhlEEaEGpo/a4gjw","5beeKg9FdG56BfEeidy+8v","5bqxAkVgBJ4ovonC1E8npM","5cuogK2QxNz7TG6XbPs0Bx","5dSIiOKY5FE7H+I81+N5kO","5d24Z2/FVP8pA9M+6lz3vn","5eljHOETJAoqsG3m+h0UZ/","5fPbhzM7BCEJ0qV9r7ogBH","5fSEHMyM5DNYY5vk9/o8i8","60A3fWqZdEjIsN7cJx/ikB","60C7hDRh5Luq6+i7OrYFOa","60O0CaII1GcoDVo2t7OKh8","60UNAqvxlCe6MxG0j7rbJ3","61aOsXLbtCaoWat3a9u1HE","619YXlILdFuKebm5HouSUS","62NbD4DAhDbJThzlNQ/c6b","628YKjjH5GIpWQmS2ZIzzc","63bRXXZcdNU7ZuFuAJkjA8","65/wsRspxCnaD4pEx604QY","66AgNvadZIwqD8aOOmBq3u","66J8lKsohHuKUVtcwKv6nP","66l/hKIJlHdIUruFjRd6vH","66n91LtklMFrj0zIBr4U6k","66yBn6DTVC1o7SSXiwbf0v","67C1yv5GJE6o7kfdBFl/8v","67VzSYA91CBpKWLHrYHL0W","6796nVishLH7nNFhZzqjm4","68YQdnDDdNG7wHmOyILm3W","68fgzn5clIToum1236oD9Z","6a4Hoof4pKbreTH2UI5ynO","6bEqYJlUtKebXrouttJ3Bb","6bwBYWPtNLzrMaDcN8hitK","6cS0P+ZENDbbrRtjOwKPNc","6cZf82qlNFXpXT14VQiE6Z","6cpPdc+zVBypy3p3NiG2a5","6dJTQoyFVGPZwyZKgGm7Bb","6d3bm3TB1Dd7SCZljoXI+x","6eVSpV1xNGvLqLRHS9Ku9T","6ei+eS1MlC2rq3FHME4PqJ","6fpTFKPShEeZi7j21zrq1N","6fr2kcSvRAmLSsgIh7Qjm7","6f1qQ7A/lN5YE7tjUUH3u2","71IDpytexP/Y7Z+1o8J6bD","71b5aiTlRPtLABkuiBLox1","71lm288N5Ifrg7sRcoLzC3","716VjfCy5Ge6CuCvkUW9F0","72CqIRi2VByZilkaYSCXnq","6bCnuJMptFxr7dL2KNg/Xc","6bgW0ZgcNNk6hppqba0i79","6b27uxCvNK46xfDC1otFIw","70Yo0UUJRDfLQnM3cFfDAX","70/n41fPJL5qZWboaXM/3X","71Urz1HJFPMqPTITtKo7wf","710tHXCURILr3AxqU8rMyo","72HRexI9FOO4wNy5LZrLXm","73Y+CXLNVG/42ctNJ3RHp2","731GS9FllAyIkGHXQe/iJo","74HXYoTRhFmZEmU1mUoafT","74XYICS1pNArMOnu1rjxKy","74pAyJ6gFEe6a4HbjDU/kD","75UnUn32ZNS6AQYSBZLQUU","75iOcRtj1Lca1xk6h0xEbn","75y3ChSWZHKq5SWdeccCt9","76Ge83CGhMd4FoNa9TCos4","76cmLiCrlNQLsDeVz6fqs1","766lZfXqhEh7qKotyh6xvY","77HcCFprZEZrDPucXJ9fjM","77kE7oQuZMC5mj+wHKsl2P","77xITzEWJIObCGvw1tdoNO","78OE0A80VGcrkJs/iUvvUn","78ih1KigNGrKfmFtkNM9iu","782r1AKypE4LeHcC6q0jKC","783fMoUGdIDpdDG6Suz8Pd","79SClNdmZEcaLsMR6YdBEO","79+XJL9M1IFZJzkOc4gzUx","7aHIoNggJCeLV62FVo07g4","7aW09DESpBQqN+blUtjaZo","7asdBRwoFLiZuWd4+SwMln","7bs0bPEu9A6oc9TimMsQlw","7bv1lzK/VHN4CzM93Y5Vs3","7b0ELyxiBHz6Vr0SHGSJhV","7dPi5oU1VL77rdeYaFnj84","7dgSGJZR9P2bkODZsI1o26","7dzRBL2EZPF6NRnPeF5Bd4","7d/JdXPJFDhYhFm2qFEeBn","7eLV0By0xJAbhTFukTgFl8","7eRX7XrZtC7a+kFjY02sgP","7fsB6m77ZD6bf370WS5n+s","7fsVnANvJMMZVjCgek4iIJ","7f5b6cZPNE241LEJlfz0eX","812m2wFnBMOq+F8MnXgwDt","82DL7x5EZAoqcOwa6GG0VB","82VhYA6mZOjoZynTnClU4J","82/tQ+CQtH85WASyyfpRUe","83EOkKb1tF4qVWmUMSuyaI","83F9Z6p75KhLfaVGRJmbND","83fQSv+vJMGoBQC1HUBqNf","84HY7/iodL7IY2Gx0aGcWx","84IlnjgEtPFrlGmPyj7DdC","84MHreHvpM9Yc0yYeY4oeM","84wA4wHihF3p1S0dFuaqRX","86Ax9BYARJrY0v+Fo52cJ+","86EJ9iRkNGe5HMkdIdLmUt","86O7Ak4jlGcoLPUdXcz1fC","86YjizSAJNa6eyosDOihrC","87M5ETl35Gx4B5EXYrxRWb","87d/dROe1AbKWVVkJ2MQau","87jaqlTBpNYLGzVR0t26D2","87ry88A/RDx4e9QidqFPQ0","88zh6+0HJKSLkrI4W0tPma","8881NuzyhPx6XLCAyRE4Y8","8aIR61hQ9BnI+4HvY4YvTk","8apr7jwN9EBrg+nL7Q0QOe","8bHSMwe39NyqhjqpoRR8Xq","8boUZHqFxPDJ6/2dvZJXBY","8bvxwBgNtG+Zek2fCqoDvd","8cul5OaK5FgaEiAL+O9hi6","8cyYKM975L0543yI1La7bf","8cy2yygR9FkbGdLdKxTEzT","8dcOVytMhI8LpZjFbhzBiV","8dkAZSrsFCBa7BtweqTery","8eKoMQBcJBe6e8gagvt4MH","8efotPlmNIn58GPMfFcumW","8eg91MVRtNV49mf0bIqUi5","8fKKzeFfFF3ofnTEE2NxHH","8fZBMAoT9K0IUbTwkHITWb","8fwtcuQDJALqxEjRwcZl1r","8f/L5F615NS6R+lrHtopDf","90XdtpptVMPoEnvfyUpCxr","90XpNe+qZP4L8ZNRmHZPAn","90lM92UBdAso4MCcM6PHhc","90vwTde35CDr2EuPhqldWN","91lgC6zcNCg5uljCwRvZOJ","91yB35uwZJo4i70dB8XZAc","92AMSh4BtMVIYyZbso/9j+","92o/bHR2VBIoV3/mQMN1mP","93TM3P945DsK1D9+a1jEwr","93VfgXVBVIxoL2+yqkL7pZ","93s+9ZfORHp6GQYXEn/Ziz","94BqCLAINOcbWq3YkUOW7f","95LgLePf9ARppSar/lML/9","95a1eo4cNLUZu4SGn3DOxP","97LhlMYpJGh5pJdfJT9O8B","97TdtOAlJBg5AyUCjHPpyw","98RdNsYHVAiIXnwFbGG8Na","99Hzvj5uVGMbbwad6Esl4A","99X9mGc7hIm7Zez0yuBV34","99ij1KlFBC/6Oaf6PAGfiZ","9aXqr26XFBqrQLmoY/uHen","9abkIv34lPs5BtpUm/AdPn","9aioGpCMdM5qnNHGfZ4uEl","9alKjKcYlI3Z+Mk+cnDgQq","9aq6p7WCRB86PUZdIxE/Ea","9a30Pg+BJJPpi2q8zqDXbX","9a7/Sv6PdDNKZy94C3bk94","9bgiqLXepCLY4Xe/0SRXle","9cVstiMbBJ574JtQbXgQD2","9cxQEoi95I/4lQ9VcmNuev","9dAdO9+bpJtqEFoy/KNTo4","9dC80btatNjoJi2SpBjWWX","9dzrOW5ahGla/zbx+7W9rH","9d2U4arhNGRYAfhzYG2Dlq","9eZroquYxLuqaXVQO7JWEk","9eiMMBHPJM4YvWSlCCxGQq","9em8nUGOpMoZWAgG3mcaC6","9e05EpQ4pEga08MOgb8Jgw","9fGGysWHVLSr/fyK+TQevX","9fGX//ZCdNO4AEn+HHMYr5","9fZKLzjj5A0plwuuG5qqkc","9f2SYbVy1ENKNoK8C3PEIC","9f7/5zbI1I0pkrCJIaUHT+","a0CV0f785ICpQiC0NY1294","a0eEv6xFRHC5IRrvHtLXRq","a00o4/R8lN+KcJLQccW5SL","a03OLl5MBG17IVIPbodBd6","a1Fa+E6OlDw7lmoDUxH/qJ","a1/7B/HS9NbL0KbkycapvG","a2TbLUFcRJZ7yhjskqc9Vy","a2s5rr3SBPZ7Eo9macHkZw","a2tjb5FOlFebCnsevewIrU","a2+tKGQcNGjp6hjFSF60iw","a3TXP3nWJDJIfHgUIWxBg6","a3YbBp0mxL+afrYK/mg26d","a3gRMRCu9AupAZJtytRLlS","a3lXyUCwFL46kCr+exqQUM","a3tKXfRK9DY5bRM8XS07fM","a3zO/nnL5IW4UdmMgCs4js","a5DO1JuRdMnZ198AYhRqj3","a5KHwOrpBAG4RXFJV+8yIL","a5bydjol9BoogiRG61/yM8","a6pVj9cW1FBpkIEhNWTYy7","a688uELbpDh7cuFu7lXJ1m","a7NoQf3UlPI4mOzWDu2wwj","a7fr2R3QZIR7BE269qqbcP","a7f2Hz6r1C7YJhddhQfeW2","a7hAcvQXFMP4XDULtbE8qI","a7xx7NNe9GEJJE3xYh1DNp","a8ed1xAfZClr9YWDuinMq/","a9bWYZl99AzbdYqsdbiJec","aad7EDai9J0aq46q/nEVS3","abAmSKRjJIWqluVci2glQX","abBDGmefJB3YRTg5Q7Fm6X","adm92+pZdBh7jJQkr3Vwyg","aeGoiu5tRJcLdMqs19rvHc","aeWDbuxTlC1oJHfzoo30oj","aevcNPIvpF27rKD/Qb46h3","aexL0cyYVCKp7xjXxJ5zQV","ae3o05nBhCzYjF7QhexhRK","ae87FXdhlC96IQKZjq0oja","afIUBQlp9AoKkiMRhQhtuL","af1/j8bf5E84CBvlgASFfI","b0STFah8BO1p9yUBV8L81a","b0WUE1fBFBDpAtijnpZFRz","b1CH7Toq1JerqsizpWwEbA","b1UFBrBdJD05+04d+9mBff","b1XMUXIYtMv52s21oyCc48","b1bJVfgXZKnaAYfvavN2l8","b13tPfAchL+YcsvUDnJKuH","b29hpcqKVD/bu1BPqC9lsk","b3Hf0LzmFFd5apdej8KqRg","b3U2gSjEdPpbib1PVDE3wn","b6TEMlMTVO8byDv7X5xtca","b7/YqfEr1NNaZeGEXiqFzn","b8bXqcmkVHvY1WGBEQDuKn","b8mJii8z9HB7iPbucLbBbY","b8u7Z5X8VBrKYBEyF6f8c9","b8vJXoeVlNN7QR+Qn0EjuM","b9J2v84SRJzqp1SFpeASbH","b9TwDSw1lEHqRg2aGvEYNb","b97OMrXcZPcZSg8ZL0tZxl","baArMHmI5B+KIm/KV5I2n9","baFIlhXs5LTqL5rDKFgpq1","bamLYKZc5N5pkiJ6095xFn","baviQC9mxGGaysyi9KnV5q","ba1G6Tp6pPupsjnLDvFd58","bbL/HO7tVH7Lspnakys7Vw","bcFDzTAdJN5bwRXAPhFRSA","bcJBiWS0ZGB4bMXD2ek3of","bcTtq5eyFCkbQodTyqAxb2","bclBkyUsRFDbMnOT/N2BJP","bdD9Zb9slN4ondBLaaS7bn","bdMGJtu0hNjaTgcEO/+vWZ","bd7AJOJ+xCmpbyf4BJed4G","be0m63HuRK6Zlx8pZhcHWU","be528urNdF2qynTCEory98","bfQAJ8JMRJaq9zOqLwCfsW","c0CBepZG9LuLLNcG3drNVJ","c0LpDbXOpFCY5EmX39Y+up","c0cc+uhWtEFI+F8g4tVV5T","c1BfgrY/VJ2oveE5QHYGp3","c2gsnQuwpADZg1gofANvbb","c3h8dhh8BDCKrFwEgBKICp","c3zwgJoXJEMZV3Qqra1+1Q","c30iGnKKFAgIxQk5BXx2iS","c30iVVFC5P17d0lUKyeOg5","c4DdkxkORGqp3Upu4kUi1p","c4iVO0FklPE5fXJJO2Nfw8","c4pDebk8ZAur4/WuO+QdK+","c42HaF4aZAmocKkV2vDf9b","c5dmdaZG5HyoK/CXt8MsML","c59n4PyKNPRZBmCfVZhV5a","c6SamTw+tOuJN0NsSBYR60","c6pV/2QxRO6ZIIZGpXuWfu","c6vcpCQFVGtKon8+KyzUeJ","c7U+bR5UhGBbOtZONBdiO6","c7Z6dRtnZLpZtD4u2arJGe","c7deDS6aFB6J7rPDYmO+ul","c7nNKSTxhDMY2rKlExth4c","c7zyOBh0ZAPoOUESRm1Jxy","c8B4kvyRtLk7Jh9Se9uiSe","c8Dx1xRNlHba9TvrxhsKQo","c8aomo2M9JsqT19ajhoYUe","c9M8k7iq5Fs5sWnOlUkjMN","c9SYPZGddIIJNZW2BEQHM+","c9oHHYQmVAs6lQy03Y99z0","c9tyxWjn1EpJdifRxs7yRr","c9vWb/TYZIkp3ohNGAr5C0","caDs3VdsRFXLHtZu7iz1cS","cbMnrH3zJIc5ZibFFj9LXI","cbaU9ksZBANaL6Joy/6YgI","cbb5uYzgZCiZVcozrX5Qot","cbg8h6EABGKakYOveoBNHM","cbvfF0vWJHoZIvA2ATB1e+","ccQj1opY9H6oJZ8rOjsBUU","cd5YpNLFlMqKjXC7jRZOUD","cej5H7By9EtpIpIYbU7BIj","cfMs1rFqpMeJ3T8wMM+hV0","cfWwyQLEVP7I2KuK0IeseW","cfgFbsHXJE2rQN0L8M/JOL","d0doXMV/lOL6mFwNZ8Peir","d20vMULi5IoJdkr6fCyL8d","d3dWqbtZ9EkoHqQQr7N1q9","d4I6bqcWxPEIfBESiZSeLO","d4Vqk+X4BLJbVXIc0WpgD8","d55LCweZ5JGq99de4jQfy6","d57OfAA4ZEVIKEtidiIJOo","d6OyZAlt1P1pFX/63LT6h7","d6XAWFbDRObpMj907con16","d6leaCQoNOWZPOa2AEgVbC","d7GQVLaS1JTZ8qr6+ebmZz","d7yoUF+6VJxY5lWCrfszjr","d8L0Yu8I1JH7mKEuSZm/S+","d8QTnHFwZJiqJLWQAXsIO4","d8XD89vR9J2bE7wsey3qND","d850lvVhNCNoy0NmXAihSj","d9IIaxyudK5ZXrH3YgudBC","d9iQIzEIdJOojKZe/0cKO4","d93v3Vl8lMa4i8KoFD6iaJ","daC/5RfKlOEavkZe7V4FtP","dapcsn2JNKC7bkIDZJN8zk","datehyXH9AdbsnW7MYmU/P","dbUw5MJeZGxI1ocYFkkYOE","dbXismbshK4ZjXykWJ5QIM","dbxgHRa3NKMqsgqSVJhVFz","dcM0SwgUtDt7YVLbwtFAaK","dcXUO1Zz5IoqEDEbw/yax4","dcvzrlYotHkY1Qxzpxr0vx","ddTcS/sWpKcIn07nPzplv+","ddiQylJgZMX7IGaB9N9Z08","ddmBZcCfRHrb2yN4q7omvX","dep0Gz5+ZJ1rFmeXrsqVfF","dfoGve6w9M+oiJQ4K7iZTY","dfq6QCX/JFyqoHNGGkRRR0","e1PqOYQbVMO7TTPK3+0mOa","e2RSMJX9ZJ6b4BHyha4MII","e24qWNTyNOiKIgJBatybYs","e3W9gbCYdDzqQsvfRSZS8o","e4KlwiV3tHbIni7cVIwhnB","e4MPHm8tlGpLJIdVMhBeQK","e5J1OV2L1MHoqjcJZy5wc7","e5ucqFfGBIOY6Ah4ObMX0h","e574f+661GWrw43mskrsK7","e6Jc186VVIq5FxSmLD2LH1","e6UWFVd4pD2KpNqqzmIR7n","e7Udm5xYRM8px7OCZ2gUow","e7xL2S155FoYAjTt1Cord+","e8qsr8MBFG5psMVxWcBa4q","e84gBqqIZLdYX2tMMheBr6","e87mTi8hNJYIZEd8CghdaH","e9Fu0p5aRHt62h97eCquyS","e9lj7kDH1Fk71t0J008A18","e9sh7Hz6ZAbpQOaxEJo429","e9upRi8LdNs64+2t/hJAvU","e91BoXVUZL/KRnnrDtYeKu","eahj4+P05DlLvHMTe9ERDF","ebRdvsadZAQrkFxnSnHpA0","ebla7e7DFPFLqNwqQSewf6","ebogcHwXlL/KTZRFraK491","ec8pWSOBJBKbdHQTcZEsYr","edd8uqbPBJqq0+Ypg299P6","edsFun+1tDmLut9tfEfob+","eeBkA/EXJLiLVn7RqGUnM5","eefTOoq8RNdIIQ/g/tfp67","eekx2mKUdOFI/nrTNV8dlL","efNWkzoAZJfJ8Kw4LxtA7G","efqnnz+JdFgZEDDXFSqAwm","eftpIial9PeazJHjwrEtJy","eftzMTfmNOwbK3ZV8+bOtI","f0DfKvsA5OqrBt2iThx7QI","f0HvzK22lPYY5K0FQNYEwN","f0LDy1IRxLtZFkNGEnE1lm","f1nMmrkNlE1J3nXFaAIAKS","f1tXK7P5RFtKQA7Q1EiTTh","f2cASg085N6YOR3lsFTwj0","f2tqjAN6pIVqxukjm9QLKV","f27gDFr8RHNqXjDVk1bqmN","f3Ar27Qr9L6anfUPmFN7LZ","f3YpMTayJLPaiWYzFP8t8u","f3hQsIyAdLMIlLQ5zLR4Eo","f4gju+I2RGGoZZLUFJtaKi","f4nm1qB85LH55KovUoRKkf","f40RbUC4dFeo4FxIZI15tV","f4+eP8SxBAgJ/k9t3i6Ork","f5gPCp8pZOIpNVtbS5W8ny","f5tKIqeGVPoqEDY0ImW8py","f6ipHG6oNG/5JP1CCOL0zY","f6nonGJCxCp524OXLCLJ8G","f6vBsxy19HqqSeXw+jM6O8","f7SoVXs8FJWoTkmAIJ2ZcW","f7/trmru1LypCl+bz/1NJO","f8XI/PNtNC3od1F28bl0ks","f8gAiGf8NBn62U4fwFhoHW","faFvfAgeROA6Y+V4roursh","faR9IjWNZGnL9Iccr2Tby1","faYwg0NK1IjJEzsH2aPlO4","fbP3ulmf9CfqrVf1UuXA6M","fbRwagPNZOrYkh8i04QJE/","fbrGudo0NBp4NDPBFkxUwK","fbry+2QHNH/KKIsYnsKO4V","fbs6ZauYJGlKcScwP0gjDc","00GkpjHV5JCL4QWpxjggLG","01etU8EzVGzKynOEgv24iE","0134vBwh9LGIFJ0ZpegLxn","02PV0cYy5HgI0NlYWjwdA6","021cgfqXBERY/wA0wOJUIr","03FZTS0KxPJ4c4SU89j8to","03a/0PPQZMNYfZtv0Q+uAe","03wBhPZCRIeLJpNOAIOHSf","04he46frRI+b7Kjr4HZs+E","04wJM+T7JHuYGcxscIbnFD","04xs0AkH9EfZBtXTyCaUAb","05vzRvGrROhIxqVfpeDZan","07CfmZlktBAoewUkBcAZ6L","0899JkMNNCVqwvZo9AfQdp","095neJHK1PJqM7KQ6/Ktlm","0a1W9QLbxNfpL52mInJwzm","0bzwRCIRZNQoB6Oa7O0cjK","0dnReyBwxH+ZCWlC4Q4Y7Z","0d21sYKiJM1bMHUENrjFt5","0fVBeqJNREV77yUHXIslgE","10HSZVr6lBqqtT7XUaqkoh","12kDvlRflKq5ppdMPREgz7","1211bLNt9JKp+zr7CfIjld","15PvNCKKdOfJs/h54Bd77b","155+dPKntEPKvWDRKGaM4W","18IKen7b5Eea6HO0rsHb5r","198WK/Y15Lr7Cq7kLG3pqb","1aypmf1TJDL607SK8NkAPB","1cvsRc6XdEX6rxb9PT9/Mu","1eD6WYAb5Nsb1Jh+ECY0LQ","1e8ne+OVlIIo2QzeBxPI8c","1e9FAgDGZNk4FLD8fgxoct","1fPmy9jvNGXahtm0SmhgK6","20tbOBUDdK5JCKZu68GPgY","21cFH3kWNJypvLvllrg1BG","23pWtUztBEfoza4HLQnMWX","24t+txN+JO+pq89Ktxnqai","243iSRiMZJE7TS3isX9wKA","26XfnE23xFMIA+0ash/kcP","26wa6hqrtAZ6bWpHycJMLg","27GDUE6yhF+qYraxcDkInM","29FYIk+N1GYaeWH/q1NxQO","2aKWBXJHxKHLvrBUi2yYZQ","2c/MNBJaRCu4Tl+Ra8sV27","2ep40PgPZDTrb1/DieYScU","30f5t0mC9Mj40MwvtzQM59","306AnTRppAWI4usNEpmbd2","31Vw7TLqJJHK3qWv5KxBOH","31cS1I+MRBh7vaWAUN9liK","311ZrX2khFLZ9B9GsKSiQn","34K0JmUZNIX6d2dg5gfVHH","34SyzGVYVEBp27LXy9UdG/","35V+Oeb6RJBpYsNFBgVkLK","36h1V/4CRPEIKsGYVF6a+D","36zcrh/NxMjZyv9iTxd5Rf","367vPuwcFBwrbSPF0+SSYm","3axuIYoSNFGalm5tgN2kOs","3bS/vBWONOHbzg0n7sDvy+","3dx/btIORJX6//JlzN2x8+","3eIumixtJCmqcvV6ali18K","3eeEnIE+dFUJyRMUa2H8j+","3fDSwiuy1CCIdB58hdrTGH","403NmZDptHR7kr+JSi269f","41k+P5nJ1K+4aWm4j122du","42ndr3h69OhJnRZj9yWxf8","44PucNoQZLFZz7TDCyGKCa","44n6f30aZHxrLCn56UXR4L","45bvwnJWFJTbr3IWWBM7Fm","47YsF2oKNIWbVIU9gfwhcZ","47jZYOu2xGdLBJdnim40Ea","477F4t2sFPMJQoeJZazBnm","49lp0vzG1Neomup2481j1a","4aH4WQwT1LIJ9AdV3Hi/4l","4amOd2r39LP4dClW6bAZgv","4cfHlpe6JJbpufSv+ShIvI","4dLJVsVfRBe7Akwq/cySAy","4daKHu4b1LOLkCexqTbI7r","4e4ih/RapJHbSGqLZ3YWKc","4fgYoyOPhJKp52aQJQDPkL","50cjD5DDVO/62jcxs7OHBN","52INcIhx9AqYa6o2n3clb5","52SOAedzJA/ZmGMfKncsfL","56nZ5JHjlFNLBmzaToHp+f","562o8LYTZD46+q19BPkVcY","59QH4bVBJIAbhaL5H6qEpT","5axAftzb5P5oqjf/pOqrD5","5bmif/UV5EfIZymN6UQzex","5b/CHbF/1Kr64PVFPbX6LJ","5cTXhqcwlHWq45UNr9SeRf","5cavKvAqFCd4Y9BIEEAm4d","5d7IPvXxVAnZPTQlc4U2NY","5eyNA20r9DJof3VQ9x0wqC","5fWYL8xYVGXY+QWrsvy1bN","61vDtxWyRMwIPv6iuyqL9u","62C1kbG9FCoqDi/RZEf8kZ","63axIE/mdIALGFrkQZsP7e","65h8FOBVpE15igBGoFn4SH","655c8hci5JZ6lZEMvuy3c2","66r4aZKLhIXKM6vQOOlvte","67N8P1i45GlrBv6c31MCTK","698UW0lCRIfpppaI/l/dRp","6fCmhwi4ZC94TV+vmn2gPn","6fcmcGdFVFrbiqwtgB9UvK","72V3GQ4qZNaJiP/QUHZMh3","73ZLAY1d9B6YpOiKYrmK6V","748njUhAJGV5AG40jUYRjx","76Oo+hdZBIC58PkmtS6Hpa","76rygIn3lLkq4+jWqLaeYd","77NNeFOCxPpar7wSt7ssT/","77g1k+StBOLLndwo9VU4ES","78XvPHidpAmZWs7tpLqkM6","78pBVR/I1GrahN05bylt2w","7apc3BQApNZ6nwoPvoIqaH","7atnkm+vtBk6Mvv8DBz46m","7a/QZLET9IDreTiBfRn2PD","7byQD26oJNmL14KY/L/Zth","7dQr43C9FIKYJuUN4lPmLU","7dynW794ZJ3ajs1ECV/K8X","7d0oLRLS5HOr3t6D/EpIsu","7eDfNUIYVK4bqvEaJDNeGc","7f0vlDkqtKk4nmt/W25ePI","80mVRYw3VPwoNzmUzkcEgA","81TeM+EZ5IH5BxreRN7lmG","821rSRsjhLOa1I82sUif33","85K7lzvq5EFKQURsDS9ZWU","86M365WqFAeqKSixx62GVG","87AFithp1CMLwwRCUehFfY","871kOpOFhFw7HT9KHHaajH","88BPWHGtFNabx1e/0Msilp","8aW408i+9AWZ1SxBJfn46W","8appB7sbVBbrF/BSe2GUde","8bXvQScRZPK6s6sYiUjxgb","8bgGCMazNFTKeI80EYbgZV","8chsNkWrlN56sXpknwllC7","8eaxYBmiNGOaJjQsqLNvrf","8fFqwWCPlI8LdRssiP+Y69","8fobpjigZPypun085CXsS2","90ceRvt29JoJaq1eTtQA0p","91HR0cNNVAI4dgqXtFQ8bf","92GV6FuFVKJZEKD/OMvnQN","93a5N3VxBHq5ZE+8J6to/u","93pDwra0NBYJgpInHG0o1K","941tCPZP9H0YJUUgH523Xg","95T5t1qaFP6ZuNe0wdTAAD","95vX0vry9EYZAZWIuiNpul","97ebbRAIVBUrfVCw+k/euR","99xRgnfY1GmLm5566bKoJq","9bgAzyC39Bb7RMuDFODn+Q","9byfbtbkFJuKt4j/eWQVfX","9cNNqKqV5CV78STBbufNjW","9dFwisXsxA5KpI8Q5emxeV","9dhLLv/mpFB4Et5XeZ9AnV","9d0FRlVUVG6oUHpTn6oo22","9eNCsbL9tJU7/u2BxZPy+7","9eTDJBwJtJmYQKhvqr9nJA","9ee7STEBpCD7q98t2F5QgW","a0aKvqiqdFcY/RZrwO3HZW","a1RQEgDfxPrYK/h7KwGp12","a2MjXRFdtLlYQ5ouAFv/+R","a2OSmiNNVF9oLZUiKvB68n","a2nJ3DZO1IkqOLpuijtEVE","a5Qp5ZfCVIe56XbB2p8y0t","a5SGqjToNHQIhQo0HVR4xz","a6yBKtTrNDWJK5gT3VZklK","a669m6iglJu6HgFO1tdA4m","a7xqmx7g9E6qVfDlZXJeg0","a8ovSZ5+1HioXu+IDi2sgn","abSszV5PRAR51tw+XtcF24","abiKuwnvtCDJIL24gMZBdr","adjfv47bNMGIChZDyE33F1","aeyIZHCcZCw5z1JLFRvRby","aeydtnxipD5LKO9KEfcFI4","b0SxcDBllKJoIRMK1p0jhe","b2zIUuoHVPSJe+OhxwcpzS","b3GBw3Br9H6oMVgxolyQec","b3OiK85dlOz5epoDQHlOSc","b4t73sDeVCVLGJ5Xq1+v4s","b5KTb9SNhL4b9IclnDd706","b7fDistgFEhph+yjrh0Of1","b7gMicM2JGEpN9oPD0nF3A","b8EP1S3RhPZps8VieCpKYh","baMVmXz05EpbSPtJG8encA","bb1iVR+/REvLCzAF00hseR","bcBcyxBe5A9aGtLhp6Vpu7","bclZiSM3ZNuY1yoFuPLdmo","bevmG7UV1FN5xMJtc4rY2n","bfHEiiMo1FRLCrdU0HkCim","bfoiIjwopCqJ6W5qgYq375","c1DhobFblML54SuQw0HO6k","c1d73OjnJHULozIl4+0BHG","c2wBEwggRP6oaWFOdEHrhz","c4MGdIAwJAuppSGy1DaS37","c5JTInhH1IH5/ei7sMVo4F","c5JUf03IpMgLaZu0tVlngi","f5JIhqOptIpoSg8gW4g5W9","f5x8bCIsJB7bQVu1xVJ/dl","f8SNjC9bZO97Ift3bXfdhK","fdRFLIK01H24aWymfAUKhg","fdbPGrFypNIYy8jod1CW9x","fddMSyyRdLlJgNeGFM65J/","fdhCg0PvJBDbvB0K536nV4","ffWaxbZilMWI+aquZORXsW","ffhNgJ6HZBvKVUkHHOaSF/","fc+3tsRyNEYr1pVof3cd/z","fdDA7pavtIkocAZ7NFSVqi","fdFhdjcXVFjYWWYo9LVDi1","fdJ65qnc9AKZbJ6OAyC5ym","fdc5XWz8ZJLoRzWt9ElIr8","fdmY36MUhLNoSSGVJms1ax","feFl7eXQRB2ZfOLqegFKNj","feViNTasVNUIc5BWcePBiT","ffORM/2FJLZqH393rJ1QHX","ffvyOVcidEa5V9jt1jgZjZ","c7aZbjpG1CyaR2BmQdPve8","c7xridqtBOq6I8mT55eGXI","c8QbeA6WNBe5JWxkFpn1GR","c8Z9HOzhFCYozsYxAegoLf","c9VupEoCxGbIrIXOJwwOth","cb/6UZkaxPSJoanJTLAiNA","ccfOP9y1ZBRrMJm6/B450O","cc9QSTqRtLRKFdRriaFQe/","cdGeJyqgZMYLf9zFDhAYdI","ceTwofCNlKV5s8P3bPy1UB","cfDkyvsw5NTpGRpYTHBoeC","d16zbYnLhG87acQ/n6bOHN","d2/Wrk45hAC5WIedwtD+4S","d34tRfvipA459p5Bl3T40o","d7ERVgaWVOBLKainfJRAxe","d7cBe2fexLAqlC64k0GDg1","d7nzdGFBlAwp06JhO8U7fP","d7ouIZPIBPdq7UlI9m+0By","da9FQOHmBMmKkjh763atBB","dbWcxXardFF4neDmyEtkCK","db55H0grFL4qsVBP8537UG","dcHowmZPpJapSoOu0c+a/C","dcY4AxUPhL8YlANudUAGXH","demJbXq9BF84kHmWeor93e","deztyGEh9Df5NKpb4D4tqZ","e1M4dVdwNOCqD69gLCBDJ5","e3IPSRhBxDqZen7eyiKyKf","e5Ab3SKzpBuZlByVx6V3X5","e5eEd1PXhJv6DzXPbxYmUO","e5kaYkwdFGGJ8qY6XGDajF","e7Njp3uG1KY716HO53Lny/","e7UAVbLhhO/5ZXC3awE6uZ","e74ap6e41KMJ4ymgxauVgn","e8eNy//2JAVpyUiU4DOlfg","e8ghE+A+pHvb0WlWGWNN4f","e81iFC0J1Oo5Mfa6AzTMyd","e97GVMl6JHh5Ml5qEDdSGa","ecCTW49kJJYZX+93y4H/Sv","ecDNitnDJBiLkEWtq1im9f","ecpdLyjvZBwrvm+cedCcQy","edqQwgPPpD/ptdnVQvCsCM","ed5b0c/htNj4SKJ5AxRCBl","eeiGtjJMZK4J0xQg9l28Xo","eeq2D9B1FOg5hpqgamtveF","efZV1gZD5HxbjzNMnYNaJi","f0BIwQ8D5Ml7nTNQbh1YlS","f11PJGeAdC5KoKhYIQDg1p","f2gov4jxlGi6OkGFUrwKmC","f2x4GW+vhFDJ1945GD/isU","f4zIh06MVLKbTHNfSDirQm","feqLM7/IpOpY9DGlgWXpva","fevnqTwjhChrATpum/ijIG","ffw6ZwFRhKAK2qRlwGp0KV","f8ZV/VsxxJqrZmVt+l6vID","f9oexewc1KIaxcFC1Mqssz","f983Ju0tNLWoUnQdyTo7qO","fbjlkabHpMIojtE3Uhtvpv","fbydtwQYtNgqdTF+h5gwym","fby8QHxQJIELSIRl1alE12","fcpcrf9vlBdYzp6t6YpEH6","fctr4Z0C1OHpC38sqKLbUc","fdLD/bLQhJv6jQB3QwACji","ffLIY5WrNPSp0bpRbDfqat"],"scenes":{"db://assets/Bundle/FishBongDem/FishBongDem.fire":588},"redirect":[1013,0,1023,0,1045,0,1050,0,1052,0,1053,1,1061,0,1062,0,1067,0,1068,0,1081,0,1082,0,1084,0,1092,0,1096,2,1107,2,1116,0,1117,0,1118,0,1120,2,1121,0,1124,0,1125,1,1130,2,1134,0,1137,0,1164,2,1169,0,1173,0,1180,0,1188,0,1228,0,1229,0,1232,2,1246,0,1247,0,1249,0,1260,0,1261,0,1263,1,1267,0,1269,0,1285,0],"deps":["resources","internal","main"],"packs":{"01be7eee1":[436,986],"01e427870":[163,688],"022950cdd":[646,1216],"0235e22a2":[1030,501,1047,1106,1109,1136,1155,1178,1252,1268],"0291d8ae2":[1021,1025,1089,1105,1143,1162,1198,1244,1279],"02cdbb8c8":[1027,1029,1041,1043,1073,1088,1149,1151,1204],"03c8cda63":[508,565,770,779,859,913,973],"040cb9b1e":[1020,1147,1148,1156,1166,1243,1250,1259,1282],"041ab1a99":[525,590,658,868,935],"042d768b4":[1011,1017,1069,1102,1123,1145,1150,1154,1174,1176,1181,1184,1186,1187,1233,1245,1248,1251,1264,1272,1205,1283,1284,1274],"0463a20db":[1033,1072,1085,1091,1189,1193,1196,1253,1271],"04a4179bf":[456,764,798,846,909,918,995],"04bec38ae":[606,763],"04df1340a":[521,531,622,662,776,976],"04e972c11":[596,1280],"05b1c5260":[1035,1048,1057,1077,668,1114],"05cdc7e0e":[1039,1086],"05dfb880d":[537,607,700,778,837,885,992],"0618c0370":[1113,1238],"06247a865":[1022,1046,1060,1111,1157,1190,1191,1230],"062683e56":[601,861],"069a75338":[52,699,710,387],"069b380c9":[535,808],"06dff6662":[513,1256],"06ff2ac2a":[591,788],"0796c7b0f":[545,754],"07b3e3e70":[514,549,561,564,579,717,725,727,747,785,790,844,923,934,1003],"088e26880":[1012,1016,1122,1163,1224,1266,1273],"08eb719ac":[921,991],"096ba734b":[1054,1278],"097625756":[496,744],"097ea8671":[498,605,663,695,946],"09a7aa1cf":[500,504,603,686],"09ed8e87a":[6,460,19,475,21,476,478,480,36,1034,39,489,491,492,1037,49,497,1040,503,1042,507,517,519,69,73,528,534,540,541,77,82,550,1063,1064,90,559,95,1070,109,585,588,593,595,598,608,131,135,613,139,141,147,1103,637,638,161,647,648,189,679,1119,693,696,705,218,219,713,228,718,723,724,726,1138,234,1139,731,238,732,740,253,758,766,767,260,769,774,266,1171,803,805,807,810,816,283,285,287,820,823,301,827,311,842,312,848,853,870,874,878,889,898,901,903,352,354,908,925,374,380,937,381,942,944,391,396,397,949,950,404,406,959,961,407,408,409,412,974,975,981,1270,994,1206,1000,1277,1281,1209],"0a38f486e":[1019,1028,1065,1066,1076,1108,1110,1128,1135,1140,1144,1153,1231,1240,1265],"0a9b73c98":[1036,1044,1051,1055,1056,1059,1071,1074,1087,1095,1098,1099,1100,1126,1132,1146,1170,1172,1182,1195,1197,1202,1203,1226,1234,1235,1237,1242,1258,1262],"0acab99ab":[775,996],"0b0bc540e":[1031,1101,1115,1142,1201,1225,1241,1255,1286],"0b4da7330":[809,1175],"0b699443e":[1079,1083,1167],"0b9d6a3ee":[1026,1159,1161,1183],"0c42b2f87":[466,471,485,580,610,634,683,750,757,789,843,884,940],"0c6cbc024":[1015,1032,1078,1104,1131,1133,1177,1199,1227,1257],"0cb67160a":[589,982],"0d44e0061":[850,865],"0d566941c":[0,1,3,4,5,10,11,455,12,13,14,20,22,25,26,28,29,30,31,32,33,34,38,40,42,484,43,488,45,47,48,493,50,53,502,56,505,510,57,58,59,60,61,62,63,64,65,67,70,71,72,523,74,530,75,76,78,79,80,81,84,85,86,87,88,89,92,94,566,96,97,99,100,101,102,103,104,105,106,107,111,113,115,116,117,118,119,120,123,124,125,599,126,127,129,130,132,133,134,136,137,138,140,143,145,146,148,149,150,151,152,153,154,156,157,158,159,160,162,164,165,168,171,172,173,175,176,178,654,180,181,183,184,667,187,188,190,191,193,195,198,199,200,201,203,204,205,207,208,209,697,210,212,701,702,216,217,220,221,223,225,226,227,229,230,231,232,235,237,239,241,242,244,245,246,247,249,250,251,252,756,255,256,257,259,265,784,267,268,272,273,275,276,278,804,280,281,282,284,292,822,293,294,295,296,297,298,299,300,302,303,304,306,307,308,310,314,315,316,317,318,320,321,322,323,326,327,328,329,330,331,333,334,335,336,881,338,339,340,343,346,347,348,349,350,351,358,359,360,361,362,363,364,365,367,369,370,372,373,375,377,383,385,386,388,389,390,392,393,394,395,399,400,401,403,411,413,414,415,416,417,418,419,420,422,423,424,425,426,427,428,431,432,1208,1210,1211,1213],"0d753a437":[787,971],"0d8a19dda":[450,469,499,515,532,543,548,567,604,635,639,652,665,735,751,761,768,783,819,841,863,887,905,957,972,1008,1276],"0e4676a2e":[569,642],"0e50492a4":[435,443,462,692,703,733,782],"0e531e189":[669,1141,1179,1239],"0ec75d057":[1024,1080,1185,1192,1194],"0f3ae9938":[1058,1097,1112,838],"0f63dc7f0":[509,742],"0fbcccda5":[1014,1018,1038,1049,1075,1094,1152,1165,1236,1254],"0fe65c1b3":[463,468,479,571,617,657,745,780,1002,1221]},"name":"32","importBase":"import","nativeBase":"native","debug":false,"isZip":false,"encrypted":false,"versions":{"import":[434,"c7a73",437,"245ad",438,"4becf",439,"8993f",440,"ea8e2","01be7eee1","da3dc",441,"49608","01e427870","598f5",2,"b71bc","022950cdd","486d4","0235e22a2","df524","0291d8ae2","d163d","02cdbb8c8","5d45d",442,"6cc1f",444,"4ed2d",445,"5a01b","03c8cda63","7d498","040cb9b1e","bdc43",7,"0a423","041ab1a99","f8419","042d768b4","97c29","0463a20db","041f1","04a4179bf","da50f","04bec38ae","169d2",8,"3645f","04df1340a","f54a0","04e972c11","8404f",446,"ca223","05b1c5260","721bb","05cdc7e0e","e2e03","05dfb880d","78c2a",9,"06c91","0618c0370","8d311","06247a865","aca14","062683e56","9d601",447,"09bdc","069a75338","ed86d","069b380c9","a8e8a",448,"95f08","06dff6662","c25c7","06ff2ac2a","784ac",449,"4b71f","0796c7b0f","67082","07b3e3e70","81dfe",451,"ece69",452,"b20e9","088e26880","c3037",453,"1a679","08eb719ac","fdfe0",454,"96987",457,"0d291","096ba734b","ea66c","097625756","2e6bd","097ea8671","2da0a","09a7aa1cf","c0f8c","09ed8e87a","b347d",458,"275ed","0a38f486e","7142e",459,"3b8ea","0a9b73c98","5d5c2","0acab99ab","8accd","0b0bc540e","82bc6",461,"c27ee","0b4da7330","f1d4b","0b699443e","1f0d3","0b9d6a3ee","27346",464,"1cd0b","0c42b2f87","1a7b9","0c6cbc024","d2ba0","0cb67160a","7797a",465,"fc925",15,"39071",467,"494f0","0d44e0061","50f1b","0d566941c","dfe2a","0d753a437","0645c","0d8a19dda","1e2e2",470,"5da4a","0e4676a2e","070d0","0e50492a4","cf600","0e531e189","73fce",472,"8e798",16,"cce6c","0ec75d057","99012",17,"385e6","0f3ae9938","3e0ba",18,"3608b","0f63dc7f0","8f72f",473,"aa4b6","0fbcccda5","80b8a",474,"e372b","0fe65c1b3","aaa80",23,"d3c1c",24,"0361a",27,"bc347",477,"bb2cc",35,"74533",481,"eeba9",482,"d162d",37,"44bb1",483,"7f290",41,"bdf86",486,"c5980",487,"c0cbb",44,"0a423",46,"2de52",490,"95b09",51,"c6142",494,"b3de3",495,"4f45e",54,"763a4",55,"b7462",506,"cae3f",511,"cc58b",512,"1ee96",516,"605d2",66,"c1524",68,"cc9d7",518,"a7ea6",520,"75456",522,"8dfae",524,"50eac",526,"c3331",527,"cd259",529,"05a1c",533,"53ae3",536,"f210b",538,"3f126",539,"71815",542,"5a3c3",544,"a877d",546,"36a64",547,"8cbc1",83,"26ff0",551,"f2d15",552,"a84aa",553,"6994b",554,"e7db8",555,"1b117",556,"52051",557,"b5fbe",558,"94f12",91,"cbaf9",93,"7bb5f",560,"8297e",562,"b6acf",563,"27739",568,"221d0",98,"a1bcd",570,"90206",572,"0a579",573,"9f04c",574,"17c22",575,"1d362",576,"cd374",577,"b14fb",578,"40c55",581,"825d9",582,"01708",108,"c6142",583,"68de7",584,"69590",110,"e1f1e",586,"28571",587,"7fbd2",112,"82486",114,"4b9c4",592,"22463",594,"54184",121,"cbe2e",122,"f28d4",597,"5117a",600,"0a5bf",602,"f3778",1090,"1957b",128,"d1dc5",609,"32f4a",611,"e4baf",612,"daa33",1093,"26935",614,"ec59c",615,"768a4",616,"9b852",618,"c069f",619,"260ca",620,"af70b",142,"98c09",621,"e17dc",623,"6c714",624,"22ddb",144,"6122c",625,"bd0c5",626,"07c1e",627,"24ecd",628,"44c30",629,"e4366",630,"48db9",631,"2274e",632,"55d42",633,"3e2eb",636,"540c4",155,"2873b",640,"84c40",641,"597ef",643,"617e8",644,"b5d3f",645,"98d23",166,"6fb78",167,"1be1c",649,"46fff",169,"c6761",170,"5938c",174,"2de52",650,"eb2f6",651,"a63f0",177,"8e687",653,"ded46",655,"dadf9",656,"4b324",659,"7cd10",660,"a035e",661,"b453f",179,"6122c",671,"70699",182,"f0bc9",672,"bce84",673,"11ec2",664,"497eb",185,"1d883",674,"a8f21",666,"dd181",186,"ed38f",675,"56f11",676,"81020",192,"34012",677,"dd5d6",678,"04946",194,"692fc",680,"80f13",196,"7dec4",197,"94632",681,"071d4",682,"e7171",684,"a20d0",685,"52ca1",687,"62794",202,"3e404",689,"f2a06",690,"60e2d",691,"4d4d8",206,"b71bc",694,"a1b12",698,"19108",211,"3230b",213,"1be1c",214,"230d5",215,"74533",1127,"53d3d",704,"0c7fe",1129,"16bcb",706,"19f00",707,"0b3f8",708,"02109",709,"32d4f",222,"fc5a3",224,"c93fd",711,"4bdc8",712,"ace2c",714,"ff860",715,"81167",716,"1b626",719,"372da",720,"6f3d3",721,"00e16",722,"7e8a3",233,"fb6af",728,"5355e",729,"ff948",730,"aeaa0",236,"f91b2",240,"1cbb0",734,"e2364",736,"1e510",243,"cd8dc",737,"5d27b",738,"0d6a7",739,"43be0",741,"ffbc3",743,"de61f",248,"bdf86",746,"a2bb1",748,"0d89c",749,"bce5d",752,"d0216",753,"b10f5",755,"6719f",759,"c8eda",760,"659dc",762,"78052",254,"ed38f",765,"1cfc6",258,"c1524",771,"b208f",772,"3a877",773,"67766",1158,"4bd53",261,"3230b",262,"ef280",1160,"9366b",777,"b4964",263,"8b3a6",264,"45014",781,"1526d",786,"e1905",791,"1035d",792,"ed26a",269,"71952",793,"1accc",270,"3608b",271,"0361a",794,"f1bf7",795,"176c5",796,"893b6",274,"6fb78",1168,"26762",797,"c20d1",277,"8e687",799,"fc6d9",800,"0fc80",801,"c57c4",279,"a9683",802,"2e547",806,"25dbd",811,"b727b",812,"32479",813,"00de8",814,"67f88",815,"0f665",817,"7f713",286,"9cba1",818,"69309",288,"b56e8",289,"c388c",290,"6e5fb",291,"39071",821,"1f6ec",824,"ef1aa",825,"ab8a1",826,"0fed3",828,"9d4e5",829,"64862",830,"a468d",831,"e5cd5",832,"ba145",833,"dfc4b",834,"85376",835,"99b05",836,"1a935",305,"7c1fa",839,"af530",840,"40aa6",309,"ff312",845,"d707d",313,"cc9d7",847,"6b897",849,"b8f5a",851,"0b8dc",852,"256e6",854,"d95d3",855,"530f0",856,"31922",857,"8d8cb",858,"a78aa",860,"822bd",862,"5c07b",319,"dcb44",864,"5e111",324,"fc3d3",325,"e9109",866,"d4c6d",867,"b0712",869,"a21db",332,"65be0",1200,"44e8d",871,"4a738",872,"576cf",873,"e2687",875,"2be93",876,"19cda",877,"bc2b8",337,"bc67a",879,"5510d",880,"3ab0a",882,"fc779",883,"0bec4",886,"dba0f",888,"53b9e",890,"6ff96",891,"f41cb",341,"26ff0",892,"71320",342,"c7049",893,"f9db3",894,"df78d",895,"0126f",896,"e68d1",897,"7d2e1",344,"a4e08",345,"e7ac5",899,"a12dd",900,"85c27",902,"dd972",904,"24dc6",906,"5c293",353,"1cbb0",907,"b9cb5",355,"8fcfd",356,"230d5",357,"3645f",910,"cfc32",911,"1f57c",912,"3de1b",914,"041dc",366,"c93fd",915,"5705e",916,"35143",917,"e9fc8",368,"689c9",919,"88af6",920,"d0bc9",371,"97d90",922,"d7429",924,"2060e",926,"1351c",927,"92eae",928,"9dd56",376,"b8799",929,"3b433",930,"c66b5",931,"b0f41",378,"c9e91",932,"32da1",933,"ec72d",379,"6a74c",936,"4bd83",382,"c9e91",938,"d4165",939,"55387",384,"34012",941,"20cbd",943,"d2e1e",945,"9147e",947,"0668b",398,"2873b",948,"b6194",951,"e2c19",952,"85734",953,"9c8b6",954,"cc9fd",402,"17c2d",955,"21d25",956,"e7672",405,"da415",958,"328e7",960,"c2777",962,"7130e",963,"75e35",964,"b2a07",965,"a0fa9",966,"0caad",967,"59b38",968,"26e66",410,"84133",969,"63a37",970,"9c48c",977,"07e2c",978,"0c97f",979,"3ead8",980,"40c33",983,"098ee",984,"3dc2b",985,"49e9b",987,"16b5d",988,"b0a41",989,"4743a",421,"8d917",990,"dcaa7",993,"e15d3",997,"777cf",998,"aca29",999,"c594a",1001,"1e4f1",429,"6e5fb",1004,"692ef",430,"689c9",1005,"d6d68",1006,"b71c1",1007,"9d630",1009,"38560",1010,"4e54c",433,"4756d",1214,"138f3",1215,"609d2",1217,"75155",1218,"2337f",1219,"3b69d",1220,"aceb2",1222,"fcf22",1212,"cbe2e",1223,"abb3e"],"native":[0,"9e44f",1,"51af1",2,"382c2",3,"45730",4,"424ee",5,"86419",6,"c8898",7,"d1f34",8,"83900",9,"61842",10,"61d42",11,"41398",455,"c8d25",12,"eff2a",13,"a9d6d",14,"81874",15,"a44d3",16,"6785a",17,"568ad",18,"cb9fe",19,"8a963",20,"04f51",21,"7ca5d",22,"58214",23,"c92ff",24,"c1567",25,"4a906",26,"edb76",27,"95a8b",28,"b83ad",29,"658f8",30,"6a536",31,"b61e3",32,"114a9",33,"8bc9e",480,"36283",34,"ebd1b",35,"5d902",36,"d80a5",37,"40f83",38,"a66dc",39,"b3b52",40,"0af2b",41,"6b089",42,"f9a43",484,"c0279",43,"4b47e",488,"7ceee",44,"19116",45,"5d89a",46,"f134f",47,"80786",48,"90bc9",493,"b0500",49,"ffefb",50,"f3feb",51,"00351",52,"49a79",53,"3063a",54,"44b5b",502,"cac23",55,"f3514",56,"dd095",505,"d2dd3",510,"68f1c",57,"2e234",58,"99886",59,"85513",60,"4618d",61,"39c43",62,"e5d0e",63,"529c7",64,"626f6",65,"3d75a",66,"9d815",67,"ebf1c",68,"98a8f",69,"c5595",70,"376c9",71,"baac1",72,"dc638",523,"e36b4",73,"49035",74,"7c089",530,"87d3e",75,"2201b",76,"e6266",77,"c2bf6",78,"5430c",79,"8d36f",80,"3fc4c",81,"9c599",82,"a0277",83,"9596a",84,"d87a7",85,"bb092",86,"ef5d5",87,"888fa",88,"309a6",89,"60aa3",90,"aa6e8",91,"36fc9",92,"b150d",93,"6cce1",94,"0787b",566,"537f3",95,"05145",96,"b7503",97,"85128",98,"eb7c3",99,"91017",100,"c3245",101,"bc0c0",102,"5022f",103,"48a4d",104,"3df75",105,"16b91",106,"e66a6",107,"aa39e",108,"80a68",109,"b0c41",110,"8107c",111,"8ab31",112,"f5cfc",113,"66f8c",114,"d6b2c",115,"2b509",116,"fc4e3",117,"349ef",118,"dcadc",119,"91646",120,"83fcc",121,"ba02e",122,"1563f",123,"7ddaf",124,"dca77",125,"be3a4",599,"ede71",126,"2bf23",127,"28702",128,"79310",129,"c4c5f",130,"7220f",131,"7e115",132,"eeb0d",133,"ec72a",134,"df676",135,"8f204",136,"fa8fc",137,"a5da9",138,"22ce7",139,"46d71",140,"da9aa",141,"cbb7d",142,"b4835",143,"610cd",144,"e4cac",145,"c6a49",146,"32e87",147,"e622d",148,"67895",149,"1e754",150,"97311",151,"5e253",152,"4a8be",153,"ca172",154,"24a49",155,"97f13",156,"c00e3",157,"966a2",158,"99714",159,"424c7",160,"41ada",161,"95744",162,"66c01",163,"28e70",164,"018be",165,"91116",166,"62268",167,"7cdd2",168,"62537",169,"6f8ef",170,"c5ee4",171,"240f3",172,"4f8e5",173,"2ad30",174,"cb5e1",175,"91dba",176,"b37c8",177,"4f7ba",178,"84c4f",654,"05edf",179,"d089f",180,"2734a",181,"7ce66",182,"90f5a",183,"a6eed",184,"d3298",185,"db695",186,"5b8a9",667,"5dd1f",187,"5fc8c",188,"b14b6",189,"f69f9",190,"81548",191,"813df",192,"50e75",193,"40cae",194,"86ae8",195,"94e14",196,"f5fcd",197,"986ac",198,"fe002",199,"0f13e",200,"98289",201,"f3d5b",202,"46b55",203,"87ebe",204,"cb496",205,"bcf7a",206,"b4d81",207,"e5428",208,"3fa97",209,"16169",697,"16609",210,"b5ac0",211,"532a4",212,"2a1d1",213,"81a90",701,"dcd30",214,"93d72",215,"028fc",702,"54ca0",216,"65a99",217,"c06a9",218,"c4efe",219,"ceca2",220,"036d9",221,"7a52e",222,"25a45",223,"2e159",224,"3592b",225,"9c3cd",226,"ae2ba",227,"017e1",228,"03b08",229,"9eb3f",230,"a089d",231,"d7d7b",232,"b869d",233,"287f6",234,"f238b",235,"d6047",236,"96852",237,"65b6d",238,"052e2",239,"f8522",240,"375c7",241,"d930a",242,"b9e72",243,"86fd4",244,"8386d",245,"544b4",246,"0b921",247,"f3a80",248,"76e78",249,"1e143",250,"3e73b",251,"a0f76",252,"43fee",756,"1d51d",253,"c5fe7",254,"81bed",255,"089de",256,"b1ecd",257,"ba16f",258,"e9852",259,"45891",260,"5fe76",261,"37602",262,"01926",263,"434dc",264,"69acb",265,"edd84",266,"e4afc",784,"2b718",267,"349ef",268,"47aa6",269,"55665",270,"157b3",271,"99699",272,"950a3",273,"db969",274,"34bc6",275,"9b782",276,"7ae00",277,"4dedb",278,"8b16d",279,"05faa",804,"0e324",280,"90cf4",281,"29aa6",282,"2ff79",283,"9bf1c",284,"c10a4",285,"c9aa3",286,"8bd19",287,"9878e",288,"345ca",289,"f247f",290,"ffd5b",820,"434dc",291,"a44d3",292,"db905",822,"9fe33",293,"b3a93",294,"60e66",295,"d0286",296,"16f71",297,"6c21f",298,"4292c",823,"1a001",299,"df239",300,"38950",301,"8436a",302,"511b3",303,"ae6f7",304,"ec6fd",305,"e488a",306,"2e445",307,"37dca",308,"a9e94",309,"f5cfc",310,"ed4d2",311,"6851e",312,"b4c1c",313,"55c74",314,"5aa60",315,"9183f",316,"610d4",317,"1ab94",318,"9b85a",319,"24b8e",320,"def9f",321,"e9399",322,"581bd",323,"9411b",324,"dd18e",325,"ae43b",326,"59e24",327,"70d4a",328,"593ca",329,"e9fdc",330,"cdbc9",331,"58ae6",332,"c4e79",333,"7f92f",334,"5caf7",335,"f02c5",336,"a0e28",337,"d0b81",881,"f2ead",338,"165ff",339,"8a19a",340,"24f21",341,"ad3b9",342,"ef243",343,"457f6",344,"b96f9",345,"37a1b",346,"a0381",347,"44da6",348,"192b7",349,"35cc5",350,"702e2",351,"5d4b2",352,"3de8a",353,"9ffe1",354,"7758e",355,"e00eb",356,"e696a",357,"188bb",358,"59681",359,"fd18a",360,"367c1",361,"25b0b",362,"61fc9",363,"636b4",364,"5c03e",365,"a8843",366,"dde1b",367,"99886",368,"1c680",369,"48172",370,"3072f",371,"faa17",372,"45a19",373,"fcbdb",374,"1d136",375,"d2f6b",376,"6d181",377,"ff443",378,"ae012",379,"a7cb9",380,"1d4cc",937,"550a6",381,"3af33",382,"6d0ee",383,"c10a4",384,"d291e",385,"07d03",386,"0cec2",387,"49a79",388,"0d7ca",389,"dd0ff",390,"3d82c",391,"84ae6",392,"47f86",393,"17d7c",394,"9edbd",395,"59ebe",396,"c1984",397,"033da",398,"8286c",399,"41aa4",400,"f9e0f",401,"33978",402,"13199",403,"d6a6f",404,"c1f29",405,"e5569",406,"3ee6a",407,"04974",408,"29640",409,"cd571",410,"51e00",411,"d34f3",412,"33866",413,"e7276",981,"355d6",414,"acb76",415,"dbbb6",416,"7bba7",417,"ee867",418,"e746f",419,"f03ec",420,"75bf6",421,"434dc",422,"9aacb",423,"ddf40",424,"4bcf6",425,"b1412",426,"63bce",427,"ceec1",428,"c76e9",429,"7475a",430,"19134",431,"528bb",432,"54a2d",433,"7dd9b",1208,"a18cd",1209,"be54f",1210,"fee68",1211,"a0ff9",1212,"27a6e",1213,"5e276"]}}