{"paths":{"0":["Spine/BossBongDem/mask",3],"1":["Img/fish_cannon_1_body",3],"2":["Img/auto",3],"3":["Spine/FishJp/warning",3],"4":["Sound/RuaXiLua",7],"5":["Spine/Fish/Fish_30",9],"6":["Spine/BossBongDem/CaLongDenDieBones",9],"7":["Spine/Fish72/ThienThan2",3],"8":["Img/fish_cannon_1_head",3],"9":["Img/AutoAtlas/Help/36",3],"10":["Spine/BigFishBum/ExplosionSmall_15",3],"11":["Sound/Electricity",7],"12":["Img/c0b95305-4017-462d-89ae-6e584d4198df",3],"13":["Sound/watingMuiKhoan",7],"14":["Spine/BossBongDem/CaLongDenDieBones3",3],"15":["Sound/HopQuaMo",7],"16":["Spine/Fish/Fish_1",9],"17":["Img/huogndan1",3],"18":["Spine/Rua/RuaDieBones",9],"19":["Img/AutoAtlas/Help/15",3],"20":["Atlats/nbomb_explode/fish_nbomb_explode_10",3],"21":["Spine/Explosion/Explosion",3],"22":["Spine/Fx_MiniBoss/Fx_Transition",3],"23":["Spine/BossBongDem/CaLongDenDieBones4",3],"24":["Sound/ComingJackpot",7],"25":["Sound/RuaXoay",7],"26":["Spine/GunSet/BiGiatSet/MBLightning3",3],"27":["Sound/BGBachTuoc",7],"28":["Spine/Rua/RuaDieBones",3],"29":["Spine/Fish/Fish_4",9],"30":["Img/ItemHaiThan/ItemMiniBoss3",3],"31":["Img/bkg1",3],"32":["Spine/Fish/Fish_10",9],"33":["Spine/CaXau/CaSauDie3",3],"34":["Spine/Fish71/Ph1",3],"35":["Sound/spinVongQuay",7],"36":["Animation/bulletMatThan",1],"37":["Atlats/nbomb_explode/fish_nbomb_explode_04",3],"38":["Spine/CaXau/CaSauDie",9],"39":["Spine/eff_xoay/eff_xoay",9],"40":["Spine/Rua/RuaBones",3],"41":["Spine/FishJp/Eff_Boss_5",3],"42":["Spine/NoBigFish/ExplosionHit",3],"43":["Spine/Rua/RuaBones3",3],"44":["Img/netGold",3],"45":["Spine/GunSet/BiGiatSet/MBLightning7",3],"46":["Spine/Fish/1999_Fish2",3],"47":["Img/song 1",3],"48":["Img/Wave",3],"49":["Spine/Fish/Fish_11",9],"50":["Sound/CoinWinNormal",7],"51":["Img/huogndan6",3],"52":["Spine/GunSet/BiGiatSet/MBLightning6",3],"53":["Sound/DemTienOther",7],"54":["Img/bkg3",3],"55":["Spine/GunSet/BiGiatSet/MBLightning2",3],"56":["Img/Popup/CamMay/Icon_TamGiac",3],"57":["Sound/GunReLoad",7],"58":["Img/auraMain",3],"59":["Img/AutoAtlas/Help/25",3],"60":["Img/AuraGroup",3],"61":["Sound/CaTranDacBiet",7],"62":["Atlats/nbomb_explode/fish_nbomb_explode_03",3],"63":["Font/CoinWin",3],"64":["Sound/BGThanTaiMini",7],"65":["Atlats/nbomb_explode/fish_nbomb_explode_07",3],"66":["Sound/Aura",7],"67":["Spine/MatThan/sprites",3],"68":["Sound/CoinWinBig",7],"69":["Img/Target1",3],"70":["Img/AutoAtlas/Help/0",3],"71":["Spine/FX_luoi_effect/FX_luoi_effect",9],"72":["Img/huogndan2",3],"73":["Img/b158189c-ab6e-4713-904c-a3a49748b882",3],"74":["Img/Btn_Setting_normal",3],"75":["Img/AutoAtlas/Help/10",3],"76":["Img/Popup/CamMay/Btn_Minus_Normal",3],"77":["Img/AutoAtlas/Help/27",3],"78":["Spine/EFFECT_ELECTRI/EFFECT_ELECTRI",3],"79":["Img/EFF_01",3],"80":["Spine/GunSet/BiGiatSet/MBLightning5",3],"81":["Spine/Fish/Fish_14",9],"82":["Sound/SungBan",7],"83":["Spine/Rua/AtlasBossRuaPack0",3],"84":["Spine/Fish/Fish_36",9],"85":["Img/SungLaser_Text",3],"86":["Spine/Fish/Fish_43",9],"87":["Img/BtnPlus1P",3],"88":["Img/Btn_info_normal",3],"89":["Img/dc0c1f91-49ee-4d05-a426-222604ede1b9",3],"90":["Img/b43ff3c2-02bb-4874-81f7-f2dea6970f18",3],"91":["Spine/Fx_MiniBoss/Fx_Transition",9],"92":["Spine/DragonBoss/DragonBoss",3],"93":["Spine/BossBongDem/CaLongDenDieBones6",3],"94":["Spine/BossBongDem/CaLongDenDieBones2",3],"95":["Img/ItemHaiThan/dinh 3",3],"96":["Sound/BanTrungCaLon",7],"97":["Img/AutoAtlas/Help/3",3],"98":["Img/AutoAtlas/Help/18",3],"99":["Sound/GunShowWave",7],"100":["Img/Popup/Frame_Info_Yellow",3],"101":["Img/AutoAtlas/Help/30",3],"102":["Spine/BossBongDem/CaLongDenDieBones5",3],"103":["Sound/CaLonChet",7],"104":["Img/f2",3],"105":["Spine/CaXau/CaSau1",3],"106":["Spine/FX_luoi_effect/FX_luoi_effect",3],"107":["Sound/ice-cracking-01",7],"108":["Sound/quayRamdonHeso",7],"109":["Spine/TrieuHoi/anim_chuxian",3],"110":["Spine/hanbang/hanbang",3],"111":["Spine/explode_bomb/explode_bomb",3],"112":["Sound/BanLaze",7],"113":["Img/ItemHaiThan/them 30%",3],"114":["Img/imgRong",3],"115":["Spine/Rua/RuaDieBones3",3],"116":["Spine/BigFishBum/ExplosionSmall_11",3],"117":["Img/AutoAtlas/DongBang/03-Effect-Bang-Bg",3],"118":["Spine/Fish/Fish_2",9],"119":["Spine/Speed/fire_fence",3],"120":["Img/Popup/CamMay/Btn_Back_normal",3],"121":["Img/AutoAtlas/Help/13",3],"122":["Sound/CoinVeTui",7],"123":["Spine/Fish72/ThienThan1",3],"124":["Animation/TenLua",1],"125":["Atlats/nbomb_explode/fish_nbomb_explode_05",3],"126":["Spine/GunSet/idle",3],"127":["Spine/Fish/Fish_21",9],"128":["Img/AutoAtlas/Help/22",3],"129":["Spine/Rua/RuaBones",9],"130":["Sound/CoinWin",7],"131":["Img/AutoAtlas/Help/4",3],"132":["Img/AutoAtlas/Help/9",3],"133":["Spine/Fish/Fish_0",9],"134":["Spine/MiniBoss/MiniBoss",3],"135":["Img/song 2",3],"136":["Atlats/ThangLon/Spinner",3],"137":["Spine/fxLaser/fxLaser",9],"138":["Spine/CaXau/casauHelp",3],"139":["Animation/particle_texture (1)",1],"140":["Spine/Fish/Fish_5",9],"141":["Img/AutoAtlas/Help/8",3],"142":["Img/AutoAtlas/Help/35",3],"143":["Spine/FishJp/animation_cathantai",9],"144":["Spine/Rua/RuaBones4",3],"145":["Atlats/nbomb_explode/fish_nbomb_explode_09",3],"146":["Img/AutoAtlas/Help/14",3],"147":["Img/AutoAtlas/Help/7",3],"148":["Spine/Fish73/Acqui-1",3],"149":["Spine/BigFishBum/ExplosionSmall_03",3],"150":["Sound/HopQuaNo",7],"151":["Atlats/ThangLon/Background (6)",3],"152":["Img/lobby",3],"153":["Spine/Fish/Fish_7",9],"154":["Img/Popup/CamMay/Measurement_2",3],"155":["Sound/CoinBayVe",7],"156":["Spine/Fish/Fish_15",9],"157":["Sound/TrungXucTua",7],"158":["Sound/DoiSung",7],"159":["Spine/BigFishBum/ExplosionSmall_09",3],"160":["Sound/TrungCa",7],"161":["Img/Btn_Rank_normal",3],"162":["Spine/Explosion/Explosion",9],"163":["Spine/Fish/Fish_6",9],"164":["Img/AutoAtlas/Help/6",3],"165":["Img/huogndan5",3],"166":["Atlats/ThangLon/Frame Thang Lon",3],"167":["Img/Khung",3],"168":["Spine/Fish/Fish_19",9],"169":["Spine/hanbang/hanbang",9],"170":["Img/e851e89b-faa2-4484-bea6-5c01dd9f06e2",3],"171":["Img/AutoAtlas/Help/12",3],"172":["Img/AutoAtlas/Help/1",3],"173":["Sound/FishBoom",7],"174":["Img/AutoAtlas/Help/43",3],"175":["Sound/MiniBossRoiItem",7],"176":["Sound/ShowTakeTireuHoi",7],"177":["Spine/Fish/Fish_23",9],"178":["Spine/GunMuiKhoan/effectLight0",3],"179":["Img/auraTemp",3],"180":["Img/AutoAtlas/Help/20",3],"181":["Font/FontNumberHit",3],"182":["Spine/BigFishBum/ExplosionSmall_07",3],"183":["Img/AutoAtlas/Help/23",3],"184":["Atlats/ThangLon/Bulb Yellow",3],"185":["Sound/KetThucDemTien",7],"186":["Spine/Fish73/Acqui-0",3],"187":["Atlats/nbomb_explode/fish_nbomb_explode_11",3],"188":["Img/AutoAtlas/Help/24",3],"189":["Spine/CaXau/CaSau",9],"190":["Img/AutoAtlas/DongBang/04-Effect-Bang-Bg",3],"191":["Atlats/nbomb_explode/fish_nbomb_explode_02",3],"192":["Spine/GunFire/fish_cannon_101_head",3],"193":["Spine/Fish/Fish_35",9],"194":["Sound/HitIncredible",7],"195":["Sound/Bomb DropShortt",7],"196":["Spine/Rua/RuaBones2",3],"197":["Img/bullet_1",3],"198":["Img/huongdan3",3],"199":["Sound/PoseidonBullet",7],"200":["Spine/BossBongDem/AtlasBossCaLongDenPack0",3],"201":["Img/RedFishCircle",3],"202":["Spine/BigFishBum/ExplosionSmall_17",3],"203":["Img/AutoAtlas/Help/5",3],"204":["Spine/Fish/Fish_34",9],"205":["Sound/SungBan_DoiPhuong",7],"206":["Img/Arrow",3],"207":["Spine/BossBongDem/CaLongDenDieBones7",3],"208":["Spine/GunFire/fish_cannon_101_body",3],"209":["Img/MyBaseStation",3],"210":["Img/d81ec8ad-247c-4e62-aa3c-d35c4193c7af",3],"211":["Img/AutoAtlas/Help/11",3],"212":["Img/AutoAtlas/Help/17",3],"213":["Spine/GunSongAm/bullet202Area",3],"214":["Img/BtnMinus4P",3],"215":["Sound/CaDoChet",7],"216":["Atlats/nbomb_explode/fish_nbomb_explode_08",3],"217":["Spine/FishJp/bingdong_2",3],"218":["Spine/Fish/Fish_24",9],"219":["Img/hole",3],"220":["Spine/Fish/Fish_31",9],"221":["Spine/Fish/Fish_37",9],"222":["Img/AutoAtlas/DongBang/bingdong_2",3],"223":["Img/Btn_Exit_normal",3],"224":["Spine/BossBongDem/CaLongDenDieBones",3],"225":["Img/bkgCaTran",3],"226":["Spine/Fish70/NguaBayDead",3],"227":["Sound/Set",7],"228":["Sound/atach=k",7],"229":["Spine/TrieuHoi/anim_chuxian",9],"230":["Spine/Target/skeleton",9],"231":["Spine/FishJp/text-export",3],"232":["Font/bosocasau-export_cyrillic",3],"233":["Img/b2beae8f-a80e-491d-a36d-2b23ac283734",3],"234":["Spine/CaXau/CaSauDie2",3],"235":["Img/ItemHaiThan/ItemMiniBoss1",3],"236":["Img/Popup/CamMay/Btn_Plus_Normal",3],"237":["Img/ItemHaiThan/ItemMiniBoss5",3],"238":["Spine/Fish/Fish_18",9],"239":["Img/name_ingame",3],"240":["Spine/BossBongDem/CaLongDenBones",3],"241":["Spine/CaXau/CaSauDie1",3],"242":["Spine/GunSongAm/bullet202fire0",3],"243":["Img/ItemHaiThan/ItemMiniBoss2",3],"244":["Sound/InGameMusic2",7],"245":["Img/Popup/0",3],"246":["Spine/Fish/Fish_27",9],"247":["Img/AutoAtlas/Help/31",3],"248":["Sound/TomAlaska",7],"249":["Sound/DiaGa",7],"250":["Sound/AnDuocNhomCa",7],"251":["Spine/Fish/Fish_17",9],"252":["Img/43",3],"253":["Spine/Fish/Fish_9",9],"254":["Spine/Fish70/NguaBay",3],"255":["Img/huogndan4",3],"256":["Animation/BkgMatThan",1],"257":["Spine/Fish71/Ph2",3],"258":["Atlats/nbomb_explode/fish_nbomb_explode_12",3],"259":["Img/AutoAtlas/Help/16",3],"260":["Sound/StartBoom",7],"261":["Img/Popup/CamMay/Measurement_1",3],"262":["Spine/GunSet/BiGiatSet/MBLightning4",3],"263":["Spine/Fish74/RongMini",3],"264":["Sound/DemTien",7],"265":["Sound/Wind",7],"266":["Spine/BigFishBum/ExplosionSmall_05",3],"267":["Img/AutoAtlas/Help/33",3],"268":["Spine/Target/target_line",3],"269":["Spine/DragonBoss/DragonBoss",9],"270":["Sound/RuaXoay2",7],"271":["Spine/EFFECT_ELECTRI/EFFECT_ELECTRI",9],"272":["Sound/phonixStart",7],"273":["Sound/GunFire",7],"274":["Sound/takeNgocRong",7],"275":["Sound/NextTurn",7],"276":["Sound/ButtonClick",7],"277":["Spine/GunSongAm/gun202fire0",3],"278":["Sound/tienRoi",7],"279":["Spine/Rua/RuaDieBones2",3],"280":["Img/BtnDoiBan",3],"281":["Atlats/nbomb_explode/fish_nbomb_explode_06",3],"282":["Atlats/nbomb_explode/fish_nbomb_explode_01",3],"283":["Img/arrow_bg",3],"284":["Spine/Fish/1999_Fish",3],"285":["Img/AutoAtlas/Help/2",3],"286":["Sound/Doi_Sung",7],"287":["Img/d76734c3-87d4-4220-8930-b156be22998f",3],"288":["Spine/BigFishBum/ExplosionSmall_01",3],"289":["Spine/Fish71/Ph3",3],"290":["Img/Background (11) (1)",3],"291":["Spine/fxLaser/fxLaser",3],"292":["Img/huongdan3",2,1],"293":["Img/huogndan2",2,1],"294":["Img/b43ff3c2-02bb-4874-81f7-f2dea6970f18",2,1],"295":["Animation/AnimFish/Fish74",0],"296":["Img/Khung",2,1],"297":["Img/AutoAtlas/Help/17",2,1],"298":["Prefabs/Fish/Fish71",6],"299":["Spine/MiniBoss/MiniBoss",2,1],"300":["Prefabs/Fish/Fish74",6],"301":["Spine/GunSet/Tam1/bullet999fire6",2,1],"302":["Spine/MatThan/AtlasGun101Pack0",2,1],"303":["Prefabs/LichSuJackpot",6],"304":["Img/Btn_Rank_normal",2,1],"305":["Spine/Fish/Fish_36",8],"307":["Spine/GunSet/BiGiatSet/MBLightning2",2,1],"308":["Spine/Fish/Fish_34",8],"309":["Animation/EffectTarget",0],"310":["Spine/Fish/Fish_6",8],"311":["Spine/CaXau/CaSauDie2",2,1],"312":["Animation/EffectFish/BigFish",0],"313":["Spine/Rua/RuaDieBones",8],"314":["Atlats/nbomb_explode/fish_nbomb_explode_08",2,1],"315":["Img/huogndan4",2,1],"316":["Spine/BigFishBum/ExplosionSmall_03",2,1],"317":["Animation/Gun/BulletSet",0],"318":["Img/b2beae8f-a80e-491d-a36d-2b23ac283734",2,1],"319":["Atlats/nbomb_explode/fish_nbomb_explode_06",2,1],"320":["Prefabs/Fish/Fish72",6],"321":["Spine/GunFire/fish_cannon_101_head",2,1],"322":["Img/AutoAtlas/Help/0",2,1],"323":["Img/song 1",2,1],"324":["Img/Wave",2,1],"325":["Spine/BossBongDem/CaLongDenDieBones6",2,1],"326":["Spine/Target/target_line",2,1],"327":["Spine/BigFishBum/ExplosionSmall_15",2,1],"329":["Animation/AnimFish/Fish70",0],"330":["Spine/Fish70/NguaBayDead",4],"332":["Atlats/nbomb_explode/fish_nbomb_explode_12",2,1],"333":["Prefabs/Fish/Fish1",6],"334":["Prefabs/Fish/Fish103",6],"336":["Spine/VongQuay/v2",2,1],"337":["Img/e851e89b-faa2-4484-bea6-5c01dd9f06e2",2,1],"338":["Img/Popup/CamMay/Icon_TamGiac",2,1],"339":["Img/BtnDoiBan",2,1],"342":["Img/huogndan1",2,1],"343":["Animation/AnimFish/Fish71",0],"344":["Img/song 2",2,1],"345":["Spine/GunSet/Tam1/bullet999fire22",2,1],"346":["Spine/GunSet/Tam1/gun999fire3",2,1],"347":["Spine/GunMuiKhoan/AtlasGun204Pack0",4],"349":["Spine/GunSet/Tam1/gun999fire2",2,1],"350":["Img/hole",2,1],"351":["Animation/ComingBoss",0],"352":["Font/FontNumberHit",5],"354":["Prefabs/Fish/Fish39",6],"355":["Prefabs/Fish/Fish55",6],"356":["Spine/CaXau/AtlasBossCaSauPack0",4],"357":["Img/AutoAtlas/LocXoay/redFishEffect1",2,1],"358":["Spine/GunSet/Tam1/bullet999fire20",2,1],"359":["Prefabs/Fish/Fish26",6],"360":["Img/bkg3",2,1],"361":["Spine/hanbang/hanbang",2,1],"362":["Spine/GunSongAm/bullet202fire0",2,1],"363":["Spine/EFFECT_ELECTRI/EFFECT_ELECTRI",8],"364":["Atlats/ThangLon/Background (6)",2,1],"367":["Img/AutoAtlas/Help/22",2,1],"368":["Img/AutoAtlas/Coin/00010001",2,1],"369":["Spine/Fish/Fish_18",8],"370":["Spine/Target/skeleton",8],"372":["Prefabs/Game/ThangLon",6],"373":["Spine/GunSet/Tam1/bullet999explode8",2,1],"374":["Animation/Gun/GunMuiKhoan",0],"375":["Spine/GunFire/fish_cannon_101_body",2,1],"376":["Font/bosocasau-export_cyrillic",2,1],"377":["Spine/Fish/Fish_11",8],"378":["Img/AutoAtlas/AuraSet/eff-ellec07",2,1],"379":["Spine/NoBigFish/ExplosionHit",8],"380":["Img/AutoAtlas/Help/16",2,1],"381":["Spine/VongQuay/Lớp 1",2,1],"382":["Animation/Gun/GunSongAm",0],"383":["Spine/GunSet/Tam1/bullet999fire14",2,1],"384":["Spine/Fish/Fish_1",8],"385":["Prefabs/Fish/Fish36",6],"386":["Spine/Fish73/Acqui-0",4],"387":["Spine/GunSet/Tam1/bullet999explode7",2,1],"388":["Img/AutoAtlas/LocXoay/redFishEffect49",2,1],"389":["Img/BtnMinus4P",2,1],"390":["Spine/FishJp/boss",2,1],"391":["Spine/explode_bomb/explode_bomb",8],"392":["Img/arrow_bg",2,1],"393":["Spine/Fish/Fish_25",8],"394":["Spine/Fish/Fish_3",8],"395":["Img/AutoAtlas/Coin/00010009",2,1],"396":["Img/ItemHaiThan/ItemMiniBoss3",2,1],"397":["Prefabs/Fish/Fish11",6],"398":["Img/AutoAtlas/LocXoay/redFishEffect9",2,1],"399":["Img/AutoAtlas/Help/18",2,1],"400":["Spine/CaXau/CaSauDie3",2,1],"401":["Img/AutoAtlas/LocXoay/redFishEffect21",2,1],"403":["Spine/GunSet/Tam1/bullet999fire18",2,1],"404":["Animation/AnimFish/Fish70Dead",0],"405":["Img/auraMain",2,1],"406":["Prefabs/Fish/Fish73",6],"407":["Spine/BigFishBum/ExplosionSmall_01",2,1],"408":["Spine/Fish/Fish_5",8],"409":["Spine/Fish/Fish_15",8],"410":["Atlats/nbomb_area/nbomb_area",4],"411":["Img/AutoAtlas/Help/15",2,1],"412":["Spine/Fish73/Acqui-1",4],"413":["Img/AutoAtlas/LocXoay/redFishEffect53",2,1],"414":["Animation/Exprozer",0],"415":["Animation/AnimFish/Fish73",0],"416":["Img/AutoAtlas/Help/23",2,1],"417":["Spine/Fish74/RongMini",4],"418":["Img/AutoAtlas/DongBang/bingdong_2",2,1],"419":["Img/AutoAtlas/Help/5",2,1],"420":["Prefabs/Fish/Fish29",6],"422":["Img/Untitled-1",2,1],"423":["Prefabs/Fish/Fish56",6],"424":["Spine/Speed/fire_fence",4],"425":["Img/Popup/CamMay/Btn_Plus_Normal",2,1],"426":["Img/c0b95305-4017-462d-89ae-6e584d4198df",2,1],"427":["Img/bkg2",2,1],"428":["Spine/sprite-flag",10],"429":["Img/AutoAtlas/Help/34",2,1],"430":["Img/ItemHaiThan/ItemMiniBoss2",2,1],"432":["Spine/Target/skeleton",2,1],"433":["Spine/Fx_MiniBoss/Fx_Transition",2,1],"434":["Prefabs/Fish/Fish40",6],"435":["Animation/Gun/GunSet",0],"436":["Spine/GunSet/Tam1/bullet999fire8",2,1],"437":["Animation/EffectFish/AuraSet",0],"438":["Img/Popup/CamMay/Measurement_1",2,1],"439":["Spine/GunSet/Tam1/GunSet",4],"440":["Atlats/nbomb_explode/fish_nbomb_explode_03",2,1],"441":["Spine/FishJp/animation_cathantai",2,1],"442":["Prefabs/Fish/Fish6",6],"443":["Img/Target1",2,1],"444":["Img/AutoAtlas/Help/19",2,1],"445":["Img/AutoAtlas/Coin/00010010",2,1],"446":["Spine/BigFishBum/ExplosionSmall_07",2,1],"447":["Img/AutoAtlas/Help/37",2,1],"448":["Spine/BossBongDem/CaLongDenDieBones",2,1],"449":["Prefabs/Fish/Fish3",6],"450":["Img/AutoAtlas/Help/32",2,1],"451":["Atlats/ThangLon/Spinner",2,1],"452":["Spine/Fish/Fish_10",8],"453":["Img/AutoAtlas/Help/7",2,1],"454":["Spine/Fish/Fish_7",8],"455":["Prefabs/Fish/Fish54",6],"456":["Spine/Fish/Fish_16",8],"457":["Prefabs/Fish/Fish101",6],"458":["Atlats/nbomb_explode/fish_nbomb_explode_05",2,1],"459":["Spine/GunSet/Tam1/bullet999explode1",2,1],"460":["Spine/fxLaser/fxLaser",8],"461":["Img/MyBaseStation",2,1],"462":["Spine/GunSet/Tam1/bullet999fire0",2,1],"463":["Prefabs/Fish/Fish7",6],"464":["Img/auraTemp",2,1],"465":["Animation/EffectSpeed",0],"466":["Img/AutoAtlas/Help/6",2,1],"467":["Spine/BossBongDem/CaLongDenDieBones7",2,1],"468":["Img/fish_cannon_1_body",2,1],"469":["Prefabs/Fish/Fish30",6],"470":["Img/AutoAtlas/AuraSet/AuraSet",4],"471":["Spine/GunSet/Tam1/bullet999explode0",2,1],"472":["Img/b158189c-ab6e-4713-904c-a3a49748b882",2,1],"474":["Spine/FX_luoi_effect/FX_luoi_effect",2,1],"475":["Img/AutoAtlas/Help/31",2,1],"476":["Spine/BossBongDem/CaLongDenDieBones5",2,1],"477":["Img/f2",2,1],"478":["Img/fish_cannon_1_head",2,1],"479":["Img/huogndan5",2,1],"480":["Spine/GunSet/Tam1/bullet999fire16",2,1],"481":["Prefabs/Fish/Fish25",6],"482":["Prefabs/Fish/Fish20",6],"483":["Spine/FishJp/animation_cathantai",8],"484":["Spine/Fish/Fish_4",8],"485":["Img/Popup/CamMay/Measurement",2,1],"486":["Spine/FishJp/Eff_Boss_5",2,1],"487":["Font/FontNumberHit",2,1],"488":["Spine/BigFishBum/ExplosionSmall_11",2,1],"489":["Img/AutoAtlas/Help/43",2,1],"490":["Img/AutoAtlas/LocXoay/redFishEffect5",2,1],"491":["Spine/FX_luoi_effect/FX_luoi_effect",8],"492":["Img/bullet_1",4],"493":["Atlats/nbomb_explode/fish_nbomb_explode_02",2,1],"494":["Spine/GunSet/Tam1/bullet999explode11",2,1],"495":["Img/gun9",2,1],"496":["Prefabs/Fish/Fish31",6],"497":["Img/AuraGroup",2,1],"498":["Spine/Fish/Fish_9",8],"500":["Atlats/nbomb_explode/fish_nbomb_explode_04",2,1],"501":["Spine/Fx_MiniBoss/Fx_Transition",8],"502":["Img/d81ec8ad-247c-4e62-aa3c-d35c4193c7af",2,1],"503":["Spine/GunSet/Tam1/bullet999explode4",2,1],"504":["Img/AutoAtlas/LocXoay/LOcXoay",4],"505":["Animation/EffectFish/BiGiatSet",0],"506":["Img/AutoAtlas/Help/14",2,1],"507":["Spine/GunSet/Tam1/bullet999explode10",2,1],"508":["Spine/VongQuay/iconNext",2,1],"509":["Spine/Fish/Fish_19",8],"510":["Img/AutoAtlas/DongBang/04-Effect-Bang-Bg",2,1],"511":["Animation/Auto",0],"512":["Font/CoinWin",5],"513":["Atlats/ThangLon/Light Circle",2,1],"514":["Prefabs/Fish/Fish5",6],"515":["Img/AutoAtlas/AuraSet/eff-ellec09",2,1],"516":["Spine/BigFishBum/ExplosionSmall_13",2,1],"517":["Spine/VongQuay/VongQuay",4],"518":["Spine/GunSet/Tam1/bullet999explode5",2,1],"520":["Img/AutoAtlas/LocXoay/redFishEffect29",2,1],"521":["Prefabs/Fish/Fish16",6],"522":["Prefabs/Fish/Fish52",6],"523":["Spine/VongQuay/CUA VQMM2",2,1],"524":["Atlats/nbomb_explode/fish_nbomb_explode_11",2,1],"525":["Img/AutoAtlas/LocXoay/redFishEffect45",2,1],"526":["Prefabs/Game/DinhBa",6],"527":["Spine/TrieuHoi/anim_chuxian",2,1],"528":["Spine/BossBongDem/CaLongDenDieBones3",2,1],"529":["Prefabs/Fish/Fish13",6],"530":["Spine/GunSet/BiGiatSet/MBLightning7",2,1],"531":["Spine/Fish/Fish_30",8],"532":["Spine/CaXau/CaSau",8],"533":["Img/AutoAtlas/Coin/00010003",2,1],"534":["Img/AutoAtlas/Coin/00010002",2,1],"535":["Animation/EffectFish/NhomCa",0],"537":["Img/auto",2,1],"538":["Img/AutoAtlas/Help/36",2,1],"539":["Img/InGameBg1",2,1],"540":["Font/bosocasau-export_cyrillic",5],"541":["Spine/Rua/AtlasBossRuaPack0",4],"542":["Img/ItemHaiThan/ItemMiniBoss5",2,1],"543":["Spine/Explosion/Explosion",8],"544":["Img/boxCoinBossRoom",2,1],"545":["Spine/Fish/Fish_21",8],"546":["Spine/CaXau/CaSauDie1",2,1],"547":["Spine/Fish/Fish_23",8],"548":["Spine/FishJp/bingdong_2",2,1],"549":["Spine/Fish/Fish_35",8],"550":["Img/Btn_Setting_normal",2,1],"551":["Spine/GunSet/Tam1/bullet999fire10",2,1],"553":["Animation/AnimFish/Fish72",0],"556":["Prefabs/Fish/Fish19",6],"557":["Img/AutoAtlas/Help/10",2,1],"558":["Img/71561142-4c83-4933-afca-cb7a17f67053",2,1],"559":["Img/Arrow",2,1],"560":["Spine/Rua/RuaDieBones2",2,1],"561":["Spine/eff_xoay/eff_xoay",2,1],"562":["Img/huogndan6",2,1],"563":["Animation/EffectPlayer/Speed",0],"564":["Img/AutoAtlas/Help/8",2,1],"565":["Spine/CaXau/CaSauDie",8],"566":["Prefabs/Fish/Fish15",6],"567":["Prefabs/Fish/Fish34",6],"568":["Img/AutoAtlas/AuraSet/eff-ellec11",2,1],"569":["Spine/BossBongDem/AtlasBossCaLongDenPack0",4],"570":["Spine/Fish/1999_Fish",2,1],"571":["Img/AutoAtlas/Help/4",2,1],"572":["Spine/GunSet/Tam1/bullet999explode3",2,1],"573":["Img/Popup/CamMay/Frame_Timer_Black",2,1],"574":["Atlats/nbomb_explode/fish_nbomb_explode_07",2,1],"575":["Img/AutoAtlas/LocXoay/redFishEffect25",2,1],"576":["Img/AutoAtlas/Help/1",2,1],"577":["Spine/GunSet/BiGiatSet/MBLightning3",2,1],"578":["Img/Popup/Frame_Info_Yellow",2,1],"579":["Spine/GunSongAm/bullet202Area",2,1],"580":["Spine/Fish/Fish_37",8],"581":["Spine/BossBongDem/mask",2,1],"582":["Img/Popup/CamMay/Btn_Back_normal",2,1],"583":["Spine/Fish/Fish_20",8],"584":["Img/AutoAtlas/Help/3",2,1],"585":["Spine/CaXau/casauHelp",2,1],"586":["Spine/Fish/Fish_8",8],"587":["Spine/Fish72/ThienThan1",4],"588":["Animation/Coin",0],"589":["Prefabs/Fish/Fish22",6],"590":["Img/RedFishCircle",2,1],"591":["Img/anhSang",2,1],"592":["Spine/GunSet/Tam1/bullet999fire12",2,1],"593":["Prefabs/Fish/Fish102",6],"594":["Img/ItemHaiThan/dinh 3",2,1],"595":["Spine/FishJp/Layer 2",2,1],"596":["Spine/TrieuHoi/anim_chuxian",8],"597":["Img/Popup/CamMay/Btn_Minus_Normal",2,1],"598":["Prefabs/Fish/Fish9",6],"599":["Prefabs/Fish/Fish33",6],"600":["Spine/Fish70/NguaBay",4],"601":["Prefabs/Fish/Fish23",6],"602":["Prefabs/Fish/Fish4",6],"603":["Img/BtnPlus1P",2,1],"604":["Spine/Rua/RuaBones",2,1],"605":["Spine/GunSongAm/gun202fire0",2,1],"607":["Spine/DragonBoss/DragonBoss",8],"608":["Prefabs/Fish/Fish51",6],"609":["Atlats/nbomb_explode/fish_nbomb_explode_01",2,1],"610":["Img/AutoAtlas/AuraSet/eff-ellec15",2,1],"611":["Spine/GunSet/Tam1/bullet999explode12",2,1],"612":["Img/AutoAtlas/Help/9",2,1],"613":["Animation/GunAtackNormal",0],"614":["Spine/Fish/Fish_27",8],"615":["Img/AutoAtlas/Help/30",2,1],"616":["Animation/MatThan",0],"617":["Spine/GunMuiKhoan/effectLight0",2,1],"618":["Spine/MatThan/sprites",4],"619":["Spine/CaXau/CaSauDie",2,1],"620":["Spine/VongQuay/v1",2,1],"621":["Spine/Rua/RuaBones",8],"622":["Spine/VongQuay/Gold",2,1],"623":["Prefabs/Fish/Fish21",6],"624":["Img/AutoAtlas/Help/13",2,1],"625":["Spine/GunSet/Tam1/bullet999explode9",2,1],"626":["Prefabs/Fish/Fish8",6],"627":["Img/Popup/CamMay/Measurement_2",2,1],"628":["Spine/GunSet/BiGiatSet/MBLightning6",2,1],"629":["Spine/Fish71/Ph2",4],"630":["Img/AutoAtlas/Coin/00010004",2,1],"631":["Animation/BoomDrop",0],"632":["Img/AutoAtlas/Help/12",2,1],"633":["Img/d76734c3-87d4-4220-8930-b156be22998f",2,1],"634":["Spine/GunSet/BiGiatSet/MBLightning4",2,1],"635":["Spine/FishJp/text-export",5],"636":["Prefabs/Fish/Fish12",6],"637":["Img/AutoAtlas/LocXoay/redFishEffect33",2,1],"638":["Img/43",2,1],"639":["Spine/sprite-flag",11],"640":["Img/dc0c1f91-49ee-4d05-a426-222604ede1b9",2,1],"641":["Img/Background (11) (1)",2,1],"642":["Spine/Fish/1999_Fish2",2,1],"643":["Prefabs/Fish/Fish53",6],"644":["Img/AutoAtlas/LocXoay/redFishEffect37",2,1],"645":["Prefabs/TakeJp",6],"646":["Prefabs/Fish/Fish24",6],"648":["Prefabs/Fish/Fish70",6],"649":["Img/Popup/0",2,1],"650":["Atlats/nbomb_explode/fish_nbomb_explode_10",2,1],"651":["Img/Arrow2",2,1],"652":["Animation/GunAtack",0],"653":["Atlats/ThangLon/Bulb Yellow",2,1],"654":["Img/AutoAtlas/DongBang/02-Effect-Bang-Bg",2,1],"655":["Spine/FishJp/warning",2,1],"656":["Spine/Fish/Fish_2",8],"657":["Img/iconCirle",2,1],"658":["Spine/GunSet/BiGiatSet/MBLightning1",2,1],"659":["Img/AutoAtlas/Help/25",2,1],"660":["Img/AutoAtlas/Help/35",2,1],"661":["Spine/hanbang/hanbang",8],"662":["Spine/BossBongDem/CaLongDenDieBones4",2,1],"663":["Spine/GunSet/Tam1/bullet999explode13",2,1],"664":["Animation/ComingCaXau",0],"665":["Spine/Explosion/Explosion",2,1],"666":["Spine/VongQuay/v3",2,1],"667":["Spine/Fish/Fish_14",8],"668":["Img/AutoAtlas/Coin/00010006",2,1],"669":["Spine/Fish/Fish_13",8],"670":["Spine/Rua/RuaDieBones",2,1],"671":["Spine/eff_xoay/eff_xoay",8],"672":["Spine/BossBongDem/CaLongDenDieBones2",2,1],"673":["Animation/BoomDead",0],"674":["Spine/GunSet/Tam1/bullet999explode6",2,1],"675":["Img/AutoAtlas/DongBang/01-Effect-Bang-Bg",2,1],"676":["Img/ItemHaiThan/them 30%",2,1],"677":["Atlats/ThangLon/Frame Thang Lon",2,1],"678":["Spine/Fish/Fish_12",8],"679":["Prefabs/Fish/Fish10",6],"680":["Spine/Fish71/Ph3",4],"682":["Img/ItemHaiThan/ItemMiniBoss4",2,1],"683":["Img/AutoAtlas/Coin/00010005",2,1],"684":["Prefabs/Fish/Fish28",6],"685":["Spine/BossBongDem/CaLongDenBones",2,1],"686":["Spine/NoBigFish/ExplosionHit",2,1],"687":["Prefabs/Fish/Fish50",6],"688":["Spine/FishJp/text-export",2,1],"689":["Img/AutoAtlas/AuraSet/eff-ellec01",2,1],"690":["Spine/Fish/Fish_43",8],"691":["Img/EFF_01",2,1],"692":["Spine/GunSet/BiGiatSet/MBLightning5",2,1],"693":["Font/CoinWin",2,1],"694":["Img/Btn_info_normal",2,1],"695":["Img/SungLaser_Text",2,1],"696":["Spine/Rua/RuaBones3",2,1],"785":["Spine/Fish/Fish_16",9],"786":["Spine/FishJp/boss",3],"787":["Img/Popup/CamMay/Btn_Back_disable",3],"788":["Img/AutoAtlas/DongBang/01-Effect-Bang-Bg",3],"789":["Spine/FishJp/animation_cathantai",3],"790":["Spine/Fish/Fish_22",9],"791":["Spine/CaXau/CaSauDie",3],"792":["Atlats/ThangLon/Lớp 1 (1)",3],"793":["Sound/Start72",7],"794":["Spine/CaXau/CaSau",3],"795":["Img/InGameBg1",3],"796":["Spine/BigFishBum/ExplosionSmall_13",3],"797":["Spine/NoBigFish/ExplosionHit",9],"798":["Spine/GunSet/BiGiatSet/MBLightning1",3],"799":["Spine/explode_bomb/explode_bomb",9],"800":["Sound/wave",7],"801":["Img/iconCirle",3],"802":["Spine/FishJp/Layer 2",3],"803":["Img/anhSang",3],"804":["Img/AutoAtlas/Help/34",3],"805":["Sound/BanTrungCaThuong",7],"806":["Img/Popup/CamMay/Frame_Timer",3],"807":["Img/AutoAtlas/Help/19",3],"808":["Img/vongtron",3],"809":["Spine/Fish/Fish_13",9],"810":["Img/boxCoinBossRoom",3],"811":["Img/AutoAtlas/Help/37",3],"812":["Img/AutoAtlas/DongBang/02-Effect-Bang-Bg",3],"813":["Img/gun9",3],"814":["Img/AutoAtlas/Help/32",3],"815":["Spine/Fish/Fish_12",9],"816":["Spine/Fish/Fish_8",9],"817":["Spine/Fish/Fish_20",9],"818":["Spine/eff_xoay/eff_xoay",3],"819":["Img/71561142-4c83-4933-afca-cb7a17f67053",3],"820":["Sound/Bomb Drop - @Sound Effect",7],"821":["Sound/NhanMaChet",7],"822":["Img/ItemHaiThan/ItemMiniBoss4",3],"823":["Spine/GunMuiKhoan/AtlasGun204Pack0",3],"824":["Img/Popup/CamMay/Frame_Timer_Black",3],"825":["Atlats/nbomb_area/nbomb_area",3],"826":["Img/Arrow2",3],"827":["Sound/Ting",7],"828":["Spine/MatThan/AtlasGun101Pack0",3],"829":["Spine/Target/skeleton",3],"830":["Spine/CaXau/AtlasBossCaSauPack0",3],"831":["Spine/MiniBoss/MiniBoss",9],"832":["Sound/WindShort",7],"833":["Spine/BigFishBum/ExplosionSmall_05",2,1],"834":["Animation/NoHu",0],"835":["Spine/Rua/RuaDieBones3",2,1],"836":["Spine/Fish/Fish_31",8],"837":["Spine/Fish71/Ph1",4],"838":["Animation/EffectFish/ThangLon",0],"839":["Spine/MiniBoss/MiniBoss",8],"840":["Spine/FishJp/fish_com_1",2,1],"841":["Img/Popup/CamMay/Btn_Back_disable",2,1],"842":["Spine/BossBongDem/CaLongDenBones",8],"843":["Spine/GunSet/Tam1/bullet999fire24",2,1],"844":["Spine/DragonBoss/DragonBoss",2,1],"845":["Img/Btn_Exit_normal",2,1],"847":["Spine/Rua/RuaBones4",2,1],"848":["Img/AutoAtlas/Help/11",2,1],"849":["Img/AutoAtlas/Help/21",2,1],"850":["Spine/fxLaser/fxLaser",2,1],"851":["Spine/GunSet/idle",2,1],"852":["Img/imgRong",2,1],"853":["Img/AutoAtlas/Coin/00010008",2,1],"854":["Animation/TargetBoom",0],"855":["Atlats/nbomb_explode/fish_nbomb_explode_09",2,1],"856":["Spine/Fish/Fish_0",8],"857":["Spine/GunSet/Tam1/gun999fire1",2,1],"858":["Spine/EFFECT_ELECTRI/EFFECT_ELECTRI",2,1],"859":["Prefabs/Game/DropBoom",6],"860":["Prefabs/Fish/Fish32",6],"861":["Prefabs/Fish/Fish14",6],"862":["Spine/BossBongDem/CaLongDenDieBones",8],"863":["Img/bkg1",2,1],"865":["Prefabs/Fish/Fish100",6],"866":["Img/AutoAtlas/DongBang/03-Effect-Bang-Bg",2,1],"868":["Spine/Fish/Fish_17",8],"869":["Prefabs/Game/EyeOcean0",6],"870":["Img/AutoAtlas/AuraSet/eff-ellec13",2,1],"873":["Prefabs/HelpBongDem",6],"874":["Prefabs/Fish/Fish18",6],"875":["Img/ItemHaiThan/ItemMiniBoss1",2,1],"876":["Spine/CaXau/CaSau",2,1],"877":["Img/AutoAtlas/Help/27",2,1],"878":["Img/netGold",2,1],"880":["Prefabs/Fish/Fish38",6],"881":["Spine/Rua/RuaBones2",2,1],"882":["Animation/ChangeGun",0],"883":["Spine/Fish/Fish_24",8],"884":["Img/AutoAtlas/Coin/00010007",2,1],"885":["Img/bkgCaTran",2,1],"886":["Animation/EffectFish/LocXoay",0],"887":["Img/Popup/CamMay/Frame_Timer",2,1],"888":["Prefabs/Fish/Fish2",6],"889":["Prefabs/Fish/Fish17",6],"890":["Spine/VongQuay/Background (3)",2,1],"891":["Spine/VongQuay/LayerBelow",2,1],"892":["Img/AutoAtlas/LocXoay/redFishEffect13",2,1],"893":["Img/name_ingame",2,1],"894":["Img/AutoAtlas/LocXoay/redFishEffect41",2,1],"895":["Img/lobby",2,1],"964":["Img/Untitled-1",3],"965":["Spine/Fish/Fish_3",9],"966":["Img/Popup/CamMay/Measurement",3],"967":["Spine/FishJp/fish_com_1",3],"968":["Spine/BossBongDem/CaLongDenBones",9],"969":["Atlats/ThangLon/Light Circle",3],"970":["Sound/70Start",7],"971":["Img/AutoAtlas/Help/21",3],"972":["Spine/BigFishBum/ExplosionSmall_17",2,1],"973":["Img/AutoAtlas/LocXoay/redFishEffect17",2,1],"974":["Atlats/ThangLon/Lớp 1 (1)",2,1],"975":["Spine/CaXau/CaSau1",2,1],"976":["Img/AutoAtlas/Help/20",2,1],"977":["Img/AutoAtlas/Help/2",2,1],"978":["Spine/GunSet/Tam1/bullet999fire4",2,1],"979":["Prefabs/Fish/Fish35",6],"980":["Spine/Fish/Fish_22",8],"981":["Img/AutoAtlas/Coin/CoinBD",4],"982":["Spine/explode_bomb/explode_bomb",2,1],"983":["Img/AutoAtlas/Help/33",2,1],"984":["Spine/Fish72/ThienThan2",4],"985":["Img/AutoAtlas/Help/24",2,1],"986":["Spine/BigFishBum/ExplosionSmall_09",2,1],"1052":["Spine/Fish/Fish_25",9],"1053":["Img/bkg2",3],"1054":["Img/vongtron",2,1],"1055":["Prefabs/Fish/Fish27",6],"1056":["Spine/GunSet/Tam1/bullet999fire2",2,1]},"types":["cc.AnimationClip","cc.ParticleAsset","cc.SpriteFrame","cc.Texture2D","cc.SpriteAtlas","cc.BitmapFont","cc.Prefab","cc.AudioClip","sp.SkeletonData","cc.Asset","cc.Material","cc.EffectAsset"],"uuids":["00FcRpj7dPCIvNuQX5LqZ8","01kIYVFzpArJF/nmboGn8K","02QwEKcwVMX4Pq23FEOxWF","03RaxHuTdDlZQlB2/2HzbQ","03hVjmyW9Jk4S2e3HQLaCG","04zBELj9RFQ4R+UpVVXl8X","06DwG5cxhHZaomlfXYUWn5","08SXRbdCBDuos7JcGRDK2l","09IYfKfbpK24VoktZ72S31","0aZ+um2CpMwbst6ZUEn47J","0b3kZuQN9DOrJGQ8eOeC7l","0fXQswVcdMVppl06q91dPw","0fmHHljJlIJKdjphTtVFzQ","10YTIjGFdF85ExlmE7uGJP","10YVM3L/xF4Z1SRn2iTrq9","10htR3GthI7LaX25rKfeVt","11BkEpeyVPRpIIM3yjmKra","11Imq2KSFEzo706QSCwQo2","11fN9kbO5M/LBQ83q6f7HT","11t8aAtyZMm60z6hYcWymS","11wQtXbSFFrqazqYFs+rrF","12J+cclrxGUIZg97j9sLdE","120sTJb89Ecqztmc6IKBEv","13R/dwsXRCEbBMmyGWDpKl","134mRugVZOuKK70xYoq+e2","15PvIBtTNAhIYcb1+1hG9E","159i3d/ZVLxbj9oJF1Z2M4","16ArmHLfJFm73Lw28LLfn2","16aHu+k9BCXYMnyoImCIBC","16aS31eJNBCqAt+kvciP8W","16hYKVvitKmbBLsCRK3gJz","171FqlVc9GpJWAJvLDpHkB","18lYIwaJNJtKmdvGTL9lvT","18zVy/uJNIS7K9tjwiHe0j","19IT6pkN5LNrnbnqTN8aDu","1azd4UTaRH16pzlS4bMvb0","1boAw7yhtAQb3kHctnvvdA","1bxvUcxuBCBoHUXGUkjY5U","1b/eEDF+hLl4vH1wKTIvYX","1dUfpKRp9BIKlg3nFnpJ8G","1d4d3JxyFCuIol2EiMjkbX","21GILo8gFDSYWumzCRuZYj","21ID0YOPpAO6w8GhAGfjTH","21g6F61xtKfIB/4NJvu55j","22IaKwT2RE/qMPJN9qwK5y","22gPAlzUlGHLOzvWqyepMM","22pknGr05PhacBn6bNvmgB","225zgnw+xGCofTLasI1H+t","23GJ8i26BF87JgYvgJL5Ss","24GSw6AAROnI7vji+en3u/","25NkkHR3lG6poa5N6cnOLr","25WDw1KHdIvLEIAQFeIe91","25hFKA+iBF9qcSzij00jQn","26SZ21bWtNIIVGAOarcjYx","268Ly7Ch1O2oGXU8GJoiZg","2czt5GHE9IMamIJxS36HLO","2dfMoBDVVN/rDZ5zl2m9ur","2eRVZUeUdMy5nW3tCFLKNM","2eXNemmDpN/q9WbBmpn+50","2facTQSmhNt56ZdqPU5kxZ","2famKA7kpOd71uCaqAngke","30jRXkKTtA7pP4t60W2W91","33toRPaQpJ/bhxUfCX68PH","38EMJmH7ZLw6EedyzxDAP5","38amKlZ8FCeL28oSx0MNrT","3aKwbir+NO4L8Jb5gTLmHW","3aLH3sny5BlprJLttzw18x","3a74VZ7aZP3oy8xUYsp65H","3dVxm+2rRH5qRP+ZdAoWsc","3deAnUAXlLXIwyJdmdg0G/","3dqCsOdAhLzIcdb8jzWyMZ","3d8xALqEZE1K4XBI5DTqZZ","3epNynGARJ56HcWINF/PJZ","40Hrtn6dBJM6HZo0EOnoaP","42CY9aLx9BPKmbqTvN2XcK","42MB75zu9Ajqh96Tx+eO3a","43bWrJ8A1MI6elVeAlvTFN","44KrT7lRVIToWGHpzWcVhE","44xj+WrNFIJaXnQiy9d89d","45+IwBICVOepN/0Hi5MDOy","46Ke8RZe9MhrIL/CfZ1oWL","47gSMs3n5EW57BPnu45EA3","47p6WLJT9Ibr5KAxRudvL1","482Ljm3GhEGYqD0swt/xUA","4aqhJxaHxPZpae735uBaTp","4asOGwcH9GRpk/JdsJ52wK","4a1CDIyUdN76CdjIM5WqUt","4a2nzXUvRODomu+rXU0oQI","4a/+uzHudHe6oOVEhR4vyC","4bTtRfw61OUqNkgWx43USv","4bw3tsy5lEFbjnPHEA90OS","4cYnt5VHZBZIuqJB5rcG+4","4cdk4uYTBHJpU0FH0cr6Fh","4dpOT9tn5G5oRO8RtrATAa","4esJ2cbmpPTqbuAvnrdE9W","4e5wQK1jJPH7phC8FwtlnQ","52G47h1UhEbLhRLAb1dGsG","52WpvR/W9MXLXNac+I04F9","53LoDtCh1A7KAZQl0KIueo","54B4AjRhhBF6HBUZ+15CCz","54E5lJ6NVN1qPnG4KJ79wc","54j2O+dfFJyLalofI4Poic","54lZrplspKpLjdH1EFXmgk","549MyCL7lCIp0+QXo527so","55Sh/j3lFK366fDet03CEM","57FDecICxPOplXAzO6Igks","58HNm4EbFGaZTw1+S0HH4k","58kfojELZLUK4gxIC+csx6","5aIzxLZl9Gco1rxxF+6Rr7","5cSaCA+1ZGyrlP82jAcivN","5dhywYc7BItKHndv+FQEn0","5e5CfHxftIl6a6VXqPmIwj","5fJ2duG1JFfIYhAPl4/DA9","5f7Bqyk2ZDb6fl6jPqwk0y","608kmVi/ZPS4FXVL/TdX0/","61fVtHk+RIf6edHPaEfq3z","625VWhO+pNVrEqz4t3pHl7","63iO625dVP5rqSpYzzmSTj","64xiGjGYJHepD+9CKKtJT2","65MP/Of5ZCmYs7yKcW+5Js","65dzBY/hJFUoZS0gD0LpLS","65zqIK8uJFg5i76kjiDPNc","656oQc/ydJZI4vtqFnN1lY","658jAoYodBXIuqeqptZbfe","66Vi3sesZDpYtr9sKuKzKE","66g75JnlRGb6/e2gIXOEPI","66+BtLmUJEtbwUbZ5z93jo","67J03KD8tCt54x8SmUNvGe","68xlaf311Bur3t6DCbW/L9","69GBf/4pZEcJ1hDBpNSUak","69MAngCf5KzpYk1IxzpyOs","6913wXfmxFzKKP/2FkxiMR","6aFvrmaHJHNbcVtjwDcqTP","6adem3NX9JVp7JNEM7MI7e","6bCY526IRD4LbbELW7YJ/C","6cS07YD2ZLirlsK4E7odFl","88tCik0ERPsIqGi9K4TvNT","89NMVLJY1LbZuGYax2uGhC","89PCE2pw1BEYTtXdMDLd/r","89phRggFFClYCBc9VrJxuV","8aiZE+7GZGTLxXq0B6Vt8o","8bDBN0fS1Ga7VRtvyPvNY4","8bF31CzPxLgrMAcVDvr8Yj","8cqfJW6DFKS5TJoZJ0QR7I","8dRan7zdRBFIkj+Bt0mtWw","8dRb3jqSJCEoTWsQaev2+2","8emnbkNZhJn7R1VIFAu+2G","8etA2Bb7ZMqYFkY/xwRAT5","90T1YlHIlKK6+MRxiorzIV","91463HGL1DVJdvacF6L+3K","93QD8kQLVFwLX5meer1Yn/","97szl0jRlN44v75hkZZl1Z","98nf6pQx9HLqRt+sSXHwoy","99BQcC5eNGtZY6vIzI5203","99jVxe5vhAB74b/kpAdVqG","9aKHoizzxHjJ0ZRvyunAb6","9b6dP28eRF5JXlCl3z95X4","9cL/ps2nVPi4nFqzsmv9nr","9canC+aWNBtqmyP2k3XMtC","9c6YWP05BGf4HGyRQLBCPp","9dXfCyuGtDw47XgnHagBMc","a0V2ftG+NPL6kEY6RwLM7M","a0c3IChjpKTJ6pFqgV0Dqx","a0lWulFeVKfri+Xkr9rV6Z","a1DKl3gklAqbRFCE8oEhK4","a1HGKrWS1OMrz1rJnrLuK0","a1oYQ77VZKD6CSyep+Sz4l","a1464d62ZPGZu0maLehvpI","a2Oi6Cm3RMgrJh+t3RNmmu","a3Mz8ya0xAYKb5ZSGc2fO7","a5nKAmNNVHvJxnsN+k9Sq0","a6IMXWoQVHDJnHSSoJ7wdX","a669opaoNMeZj9htCK1HGy","a7wJShdIxNsp+eXxkqPx53","a7z+I/50pAp4mzOVb2NG4f","a7+Bu0utZNWrzJRX8R8L6H","a9V5w9XTFHVrL82hQwTVkK","aaRX+5x0tF3rS8hFsIkKqa","aa6uzyMORKYLM28wW2zRSt","ab7OaL9b1G5Y+ozTdp5J6K","ab/elzpI5JyrAw9wpIej2U","acSrhu/hhCupKUkD9dsGFV","acq1297pxM7rYRDEe9Yoov","ads6kWOd9IKKUmyVB12NiA","aeEk4blFNPApW4lQat6240","aeQgLg75dBHKXVh6aRVeKJ","afA1UAHGRMLaXWrYtl8Cxg","b0z+BuFslCKbPnq92yNiIT","b2Xcry4JhKuIu0wLsSIHBv","b2aveUAQxFO7vohiSH8iT8","b21v4IzWVNrooZvtdhxwFb","b23H5xhRVB7IfBgHrtyZZv","b3Yj0ZRd5DXrFT9WZ+ORqF","b3bIVINNdI+7E+lQaUhnWh","b4GIg08g1CDbjaxMODUnxo","b7Y8z8cttGZLUq9utp9ZQ7","b9bXoz/2tNboTZy9LDRb9k","b9uid8WYZEsLtEyxyyTGTI","bdI+aTkYxBjIsdELFyeblV","bdPvJ75hBCioEiuINx0lWk","bdRpPbTjtLNLkf63xzcs8A","beIgZ9yXtKGY+cEj3a6q87","beN7Wx0yRJEpraQFVhftcO","beyaqU51VLoa+3S/jgdPVF","be8KBkbdJNt455uc478Iai","be/cn9i9dBW6uk8Uz9SJ52","be/5+RrlBG7ZQDE43Zt5GJ","bfWSAE641IMpXncSsWo55j","bfoCkjP0BDUqXR8E5P5k04","bf9pO9yYtHS6cxsu1R9Hpe","c0T67h1ZhOH7rP/rkUlz4B","c0ykeXddhJWJTTxnFrF/hf","c3RjtPrNtLj7YzRqLxqbSn","c3hYJ3VsdGu5R1XzLcMDFb","c4fFpY+4xO56wnfL427Lmr","c4sJ9HuGhFwYkltPHxGxIj","c7PqTR1+ZIno1GXwNBeGVA","c7mWh5oHFHirSs2ccwajEQ","c8FbIJVqdPLKYDrSqa3pyN","c9BVZWISpLGqJhBMbvD9Gc","c95UU0wE9Af4d9Sc4l4F8h","caKvpxlQFHYYnCpFu/2vpA","cafYBpYCRLMJVa/u3sEGX3","cbtKiHnEBM1bwih92SC0Dm","ccs+wsijFCxYXzKAtuR6Qi","cdB5KDSUJMiZHwHi6mTXSh","ceLyC1w35C7r8QN5fkuElJ","ceM2KLY7RDZqUuFTZ4TA6r","ce6zBfIJ5FirMs0A1ha+fr","cfcyNyp6dAKJq03TEKTBqC","d0FiexrlRAJZjjZ6F2GenA","d1GVtHBXFJ1LjEbO+lGcUE","d1G6OfpghM54uj+J19OHAs","d16TfmFQ9DKase20sZqbQN","d2qKz5FfNDAb6sNRU91OKJ","d20t9xhTJEObiVLOssrs0k","d4E6tux6JLArvh5RfQnPlJ","d5A05f9TdN8YMQ0EGGKc4X","d5YcZanAlMb6YXQ4uyikbD","d5v2DMlutPCLdh2+OpVuBX","d6r0xBId5CYrrsql7eJhrn","d78FzAbBhFq4Pj1Y9gthD9","d8YA0BaK9Nxo+kLhljVYQE","d9PBBKfShGHL4ABFS6pw30","d9bLXYsntKUJPYOT6V5OSb","d9f0hUGYlGnYrrVGy6OKcT","d94QNrH2lG4oI4exSIU3HQ","dabMArsFhNbLN4yOFCAxHP","dcPvxseixE2rgYx5JoJGL+","dcjMG/jj9BZpoNqZrgm45S","dc7uhAGMlBX5AA71LdLK0W","ddJLSMgXtCUYTYvFXJCQC2","ddNje+zp5LSI2PszMEUFJG","deQ+7cextNkrDDSw4iw5v6","de11RlrrJCfqeJPO/B/uDt","e0gbaAd01GPYuMTjnWCMPq","e0qbEIk79Nh7H876NsOUGe","e0+zpRuWtKpIuf+YLrodta","e1jMRgJD9HBoWkkXgA1dGI","e13Ztna/hN0oqnn6kIP3v7","e2Jz3N7KdHfobNsvwtzg1k","e2YjRSfcNK77AeYnRN1vtP","e2rEGjW4hBA48Y2fH4JA1e","e3Wxe3PSpNn7dO0Sr/nfty","e3eaILZupKVKeIfDCEw2eg","e3p4rgOc9JCZXtD3RCP7Z8","e40h+E/89MYrz7NkHOdYmL","e4/1bdKW5B8IE/1ooojUbj","e5GLI4XuZNjrVjuMSBWvKE","e63dp/Ta1DTK3a5PkcL6HT","e77kJtDslPDraxUaE07QXi","e8Idu0OiBLmraW2Zrc76NE","e8uh+52yZMl7J9eWRXT7IA","e9/smUOxhNWrBgUQ/8ybat","ea1vwGywVNC5Qww175JQDk","ebEJlqSTtE4poEyxksF2k6","eboyLXtWZJfI+I9DBjS/2K","eclIChY4tGrb7Ymrfp4yX+","edSLCkGNlGQbME7CbRuR3Q","eectZR8y9NCIBd6uQ3nx8N","f1m5dotgZLraKRfh2kykbN","f1m8IakM9ApIPuuJYW82rp","f1u7dtitlBn5P2Bg02LZdS","f1xoQaj6pOJbdr084Ynb8F","f2bUempchOqZfhdTz01e3r","f2ojwV95hAjLg10T0kP0vQ","f3nLbMyLZKiK4x8wFQ983p","f3q745kgxI6KrFA8RF58iI","f4FujlvY9C0oQ95Q8g5gTg","f4faYj/+9EZJEIXrdSGGdc","f4kC3/qCJJQJO4z5HoSwQE","f4kFcPKuZGn7vf4KvesKep","00OPfzZFpG7o1U9tbW0zqO","00jxk2ClpEgr/it+IAXmFz","01FSnaYxtICYw+maVUyAmg","01KbL36qFOK7JEs5mt2e5w","01jfQAFqhIH77DT9/uEVGZ","03CYQJPLlCwJsvKzvWZG/l","03tYgUOBlIr5c9rs3wrrtN","05HayPGbFKG5wCriutsr3e","06tCVgqFdJkL/oQc7UF5zQ","07XXD/Q4pPOIqm7wDJHqby","07vYZktFZPyK9ztkZ8Y0Zv","08S04A3QNLDawqifgdvlLf","08kbJMrC1EmIRU2Iidpr6E","087Kn2kORC5bclQ2e1jUCa","09JzjnSTlApr3H9ZoqwP+x","09PZau/RpF0J2BgtGeUSr+","09aEJjzQNDpauGDf27ZVA9","0981jk9xFEp6vU0xRhvrV4","0aP274h7hDOrcHI9Mbn64D","0bFuOSsLFCspSXaiuDWfra","0cDsbUY3lNO77/yiv6TZTn","0cEGDPOPtI15j1AbYM0l5B","0c3UFjZL9Ap6djLdeyZGDU","0dCnWnyBdJVIbSmD0FIQjB","0dSH7vqsNM9KInZ2KOuRqm","0dfdyrDzROCJ4I6YjGQs3S","0dwEP353NHeKTOpgOAzs+s","0eaHqoHbFDUYQskOI6uRBe","0ecl23ckdGIJXQoSZlhRu3","0fmPca71BPHLl9IoJvKTFh","0f3t2TDWdFRZhC63ql+uSZ","10WtLKuUNNm4gT/1kmpKyt","11A75Q1ZhFJrhLUJZIR5ew","12BHDfO5lGAJThgYH/o3Hz","12Hf2PMjtHRqAg3gPK+lrD","12rCkFy5pK3rOUQuHBa3WD","1291FFaN9NEabdTlRO4On3","14+bh0f0pFnruXZHdCNUft","16Q1H1SDhGIIrfCNFB26ni","16f827f42","17KN0L3bFIqIQW46NAvRzX","17VOlPWYZNA4NojfxKl3vG","18LtaHH/JGT5IH35BrFH8c","187d8d522","18z4x3QjdHrZlKoCO3+UWi","19bG+R6FNCC4wCLTWTx2mO","194nDtWZhI4p4yaHWNEhKZ","197VLxsmlLjKWRgHH8uTf+","1aaf2bea5","1ac42da85","1blgG/j5lKALzl6vSUExWz","1bq6waAd9Oo5ns/gBJqj2e","1cPGdR01NGKprkwPKo8c4M","1ct6qgHIFFLoQg+LId/q/E","1dA3cbIfVIPbx/yxM64JS6","1dQLFkQmRA6Ksg7xtDPx2x","1d4cf0f80","1e2WKc59NEQIDpjtpjahYx","1fOgDhoE9CH7a2gLClzot7","1flhDhnt9JLZMumiRzPlKc","1f8zkAvlBGOZi+5nZMHP2p","20ontPJUVKo7tdpG/+31bW","20zvpiKsRDSIUKRhOwVHUf","201/8kp6hIIYZJuMo40EGN","21l3OKquhMVoP+J5+pkVjj","21tc+BDAVKl7JX7YBeJraX","210TEzuutBr4/vCbwiExQi","22me1KX51DQZMtNJRok5yO","23JOLCB9VNZqlSAHDJYWAP","24QUfLnsRGTbTpHX+HY0j5","2492w/DZdMuYxZRTRe0VbT","25DPK4Z5hPhJ0z87wTKBmR","255sSpaHZHOIrvzp2VmDZ2","26M760gcNGl5dD8jkosvFb","26OJ/LCsZOQr7zO+Q5UctS","27PZXjQWpATJLy81FyllNa","27TVCVUG9MJ6vwv3VuE67B","28B0hox7hK8YAfcQSHmdoQ","28IckrQVVHeqSaJdqyYl99","29mIYOqT1GvIgDsw119H0m","29zkRFlRBFIp37FRrGAKxG","2asbHXKHNDDbxp7/OYUNOQ","2avIuNUAJG+ZbvLqqtUjQA","2cGPbKyaZNx6fXPPAu24xv","2cUczlON1Mc4EQfAhHU4RX","2cpQ0pmeFNGYhDkx4TeLKz","2c25TMz0dBdKlLoPYVDNqU","2dEyqeFAlAm6asddUtxSs/","2dPYzX8rhLEbrONZL5Iteb","2dtK4oaA9CMqQcYB6lEpzz","2d7qXNnjVL3rgkxrE1iVBo","2d953KKlVMZrR3qA3P2tEw","2fehtKF0tBPZxS+jh3o6iX","2ffaCkpLZIAqWxaKidcp72","308DVoaXFF756EN9Qbgkni","31lturxRdNsZUysENIdhSg","32KV/x6xZIHb2566LwKC2z","32pbXgWhRGCIs6JHIzVkCT","336tVgQu9PX69I59VcrmQp","34xxKrkcNIpaJ3n16bCKel","3428VW7DNEQZ6IYa45WDCZ","36DRV29vZAaJufEvTUcNl/","36QC+z/axPkZTWSWfImPWa","37pVw5aaBB3YMEU9QCzVsb","39C4Fe6TZKnrrtPqenpIj8","3acDVnQ0NKioImWmoHC5DI","3bFd2w1lRIwp7xYG0Mwtp5","3bQFzcKUZMiqp73b+vUDWt","3bi1YsKpFCSIwcPBXxmuOz","3brX8JRzROH7OOCpxSSGND","3cteGfbMpD+YtAhGxP3xsH","3dD16FK/tHFYig7vFSZn4D","3db2FVci9NULChYsumwgHC","3egp0Q3EFIDoYLMP9qrzzd","40js4XGwZOP5P9Epmdc7ZG","401H4sIDBI5aFUZlF/YVv8","41JlmojlNOa4kkugBrpJed","41sho8MYFAvYYiOEHXFYJ4","44K9ovYu9KZ5tDF7NwX49S","441pj/+RdG/7kXjY3Q84H6","45LIN91rlHnrqbAHUiDee8","45heqk/ulPobSmD/t2SIKu","46gUAHrfdGEoG5Tl/cVMfT","46rx03SDxJq4x7bCSAFBQW","469Azh6AJAhqjlkJ/vX6tq","470tryQE1PvZxgDnGSAEhd","48L6WS0QpDELVqiUQ/kAsy","48i1u3tydJ54zAqStnKJ33","48k5f97F5IfKaUnNhF3ZsJ","48lRP1q9dKK7cAkErqpKx5","499HhBE+5N04PAzJFdabS2","4azDNORghLBKBJfYFTrzfw","4a3n7AnPZJvKSdYCTRhfJp","4bulRSE0hBQqkNBSjwRz4B","4b9b3k1S5CZ5XSD4UZYdgU","4cRjvgayNEYbaISAr/hVcl","4cZ5QZPj9BfZmZ18Hf0yIW","4dKXOYQb1AA6WYFjwN3KYl","4dddZGAMJL7Lbw2ajXoykR","4eF4TINIZCB6qYuUBnWiTi","4eSKuYgIRDMIsvVJHUOQgG","4eTbNPkvJIvYa8cRvYx++a","4evlr4xStMCJwFmAQYJzb3","4fwF+08qpJ1qrA2+Md33VJ","4f0nvzNVRMDpmEGDcnTRk/","52FI3FmwtMq6/QSilh4UzF","52SS0FTf5H3a5A7YE8xivO","53BGe2pHxD7JMzkbfhBx7a","53wjSJ3wlDjr/I0i+yp0Wz","54Woo7Y6RMwprxlfk9fTh4","55LZ6EZTxPiaprBqnPop7R","56BH8NH1JOq4xTKFmpFV4Y","57h0i92w1OzKxCBOO4rDo2","59XVfVtdVBYoHbPZJWwfmi","59Y8bpTI1Hh7+sccVzBcUV","596xwG8upFaozm7CVViiYa","5aYXO6+A1EzaaPrHakURYq","5bD5Z4GqVOTbUD+Q4W2Izp","5baru1EhlEEaEGpo/a4gjw","5beeKg9FdG56BfEeidy+8v","5bqxAkVgBJ4ovonC1E8npM","5cuogK2QxNz7TG6XbPs0Bx","5dSIiOKY5FE7H+I81+N5kO","5fPbhzM7BCEJ0qV9r7ogBH","5fSEHMyM5DNYY5vk9/o8i8","60O0CaII1GcoDVo2t7OKh8","61aOsXLbtCaoWat3a9u1HE","619YXlILdFuKebm5HouSUS","62NbD4DAhDbJThzlNQ/c6b","63bRXXZcdNU7ZuFuAJkjA8","65/wsRspxCnaD4pEx604QY","66J8lKsohHuKUVtcwKv6nP","66l/hKIJlHdIUruFjRd6vH","66n91LtklMFrj0zIBr4U6k","66yBn6DTVC1o7SSXiwbf0v","67C1yv5GJE6o7kfdBFl/8v","6796nVishLH7nNFhZzqjm4","6a4Hoof4pKbreTH2UI5ynO","6bEqYJlUtKebXrouttJ3Bb","6bwBYWPtNLzrMaDcN8hitK","6cS0P+ZENDbbrRtjOwKPNc","6cZf82qlNFXpXT14VQiE6Z","6cpPdc+zVBypy3p3NiG2a5","6dJTQoyFVGPZwyZKgGm7Bb","88zh6+0HJKSLkrI4W0tPma","8881NuzyhPx6XLCAyRE4Y8","8aIR61hQ9BnI+4HvY4YvTk","8apr7jwN9EBrg+nL7Q0QOe","8boUZHqFxPDJ6/2dvZJXBY","8bvxwBgNtG+Zek2fCqoDvd","8cul5OaK5FgaEiAL+O9hi6","8cyYKM975L0543yI1La7bf","8cy2yygR9FkbGdLdKxTEzT","8dcOVytMhI8LpZjFbhzBiV","8dkAZSrsFCBa7BtweqTery","8eKoMQBcJBe6e8gagvt4MH","8fKKzeFfFF3ofnTEE2NxHH","8fZBMAoT9K0IUbTwkHITWb","8fwtcuQDJALqxEjRwcZl1r","8f/L5F615NS6R+lrHtopDf","90XdtpptVMPoEnvfyUpCxr","90XpNe+qZP4L8ZNRmHZPAn","90lM92UBdAso4MCcM6PHhc","90vwTde35CDr2EuPhqldWN","91lgC6zcNCg5uljCwRvZOJ","91yB35uwZJo4i70dB8XZAc","92AMSh4BtMVIYyZbso/9j+","92o/bHR2VBIoV3/mQMN1mP","93TM3P945DsK1D9+a1jEwr","93s+9ZfORHp6GQYXEn/Ziz","94BqCLAINOcbWq3YkUOW7f","95LgLePf9ARppSar/lML/9","95a1eo4cNLUZu4SGn3DOxP","97TdtOAlJBg5AyUCjHPpyw","98RdNsYHVAiIXnwFbGG8Na","99ij1KlFBC/6Oaf6PAGfiZ","9aXqr26XFBqrQLmoY/uHen","9aioGpCMdM5qnNHGfZ4uEl","9aq6p7WCRB86PUZdIxE/Ea","9a30Pg+BJJPpi2q8zqDXbX","9a7/Sv6PdDNKZy94C3bk94","9bgiqLXepCLY4Xe/0SRXle","9cVstiMbBJ574JtQbXgQD2","9cxQEoi95I/4lQ9VcmNuev","9dC80btatNjoJi2SpBjWWX","9dzrOW5ahGla/zbx+7W9rH","9eZroquYxLuqaXVQO7JWEk","9eiMMBHPJM4YvWSlCCxGQq","9em8nUGOpMoZWAgG3mcaC6","9e05EpQ4pEga08MOgb8Jgw","9fGGysWHVLSr/fyK+TQevX","9fGX//ZCdNO4AEn+HHMYr5","9fZKLzjj5A0plwuuG5qqkc","9f2SYbVy1ENKNoK8C3PEIC","9f7/5zbI1I0pkrCJIaUHT+","a0CV0f785ICpQiC0NY1294","a0eEv6xFRHC5IRrvHtLXRq","a03OLl5MBG17IVIPbodBd6","a2TbLUFcRJZ7yhjskqc9Vy","a2s5rr3SBPZ7Eo9macHkZw","a2tjb5FOlFebCnsevewIrU","a2+tKGQcNGjp6hjFSF60iw","a3TXP3nWJDJIfHgUIWxBg6","a3YbBp0mxL+afrYK/mg26d","a3gRMRCu9AupAZJtytRLlS","a3lXyUCwFL46kCr+exqQUM","a3tKXfRK9DY5bRM8XS07fM","a3zO/nnL5IW4UdmMgCs4js","a5DO1JuRdMnZ198AYhRqj3","a5KHwOrpBAG4RXFJV+8yIL","a5bydjol9BoogiRG61/yM8","a6pVj9cW1FBpkIEhNWTYy7","a688uELbpDh7cuFu7lXJ1m","a7NoQf3UlPI4mOzWDu2wwj","a7fr2R3QZIR7BE269qqbcP","a7f2Hz6r1C7YJhddhQfeW2","a7hAcvQXFMP4XDULtbE8qI","a7xx7NNe9GEJJE3xYh1DNp","a8ed1xAfZClr9YWDuinMq/","a9bWYZl99AzbdYqsdbiJec","aad7EDai9J0aq46q/nEVS3","abAmSKRjJIWqluVci2glQX","abBDGmefJB3YRTg5Q7Fm6X","adm92+pZdBh7jJQkr3Vwyg","aeGoiu5tRJcLdMqs19rvHc","aeWDbuxTlC1oJHfzoo30oj","aevcNPIvpF27rKD/Qb46h3","aexL0cyYVCKp7xjXxJ5zQV","ae3o05nBhCzYjF7QhexhRK","ae87FXdhlC96IQKZjq0oja","afIUBQlp9AoKkiMRhQhtuL","af1/j8bf5E84CBvlgASFfI","b0STFah8BO1p9yUBV8L81a","b0WUE1fBFBDpAtijnpZFRz","b1CH7Toq1JerqsizpWwEbA","b1UFBrBdJD05+04d+9mBff","b1bJVfgXZKnaAYfvavN2l8","b13tPfAchL+YcsvUDnJKuH","b29hpcqKVD/bu1BPqC9lsk","b3Hf0LzmFFd5apdej8KqRg","b3U2gSjEdPpbib1PVDE3wn","b6TEMlMTVO8byDv7X5xtca","b7/YqfEr1NNaZeGEXiqFzn","b8bXqcmkVHvY1WGBEQDuKn","b8mJii8z9HB7iPbucLbBbY","b8u7Z5X8VBrKYBEyF6f8c9","b8vJXoeVlNN7QR+Qn0EjuM","b9J2v84SRJzqp1SFpeASbH","b9TwDSw1lEHqRg2aGvEYNb","b97OMrXcZPcZSg8ZL0tZxl","baArMHmI5B+KIm/KV5I2n9","baFIlhXs5LTqL5rDKFgpq1","baviQC9mxGGaysyi9KnV5q","ba1G6Tp6pPupsjnLDvFd58","bbL/HO7tVH7Lspnakys7Vw","bcFDzTAdJN5bwRXAPhFRSA","bcTtq5eyFCkbQodTyqAxb2","bclBkyUsRFDbMnOT/N2BJP","bdD9Zb9slN4ondBLaaS7bn","bdMGJtu0hNjaTgcEO/+vWZ","bd7AJOJ+xCmpbyf4BJed4G","be528urNdF2qynTCEory98","bfQAJ8JMRJaq9zOqLwCfsW","c0LpDbXOpFCY5EmX39Y+up","c0cc+uhWtEFI+F8g4tVV5T","c1BfgrY/VJ2oveE5QHYGp3","c2gsnQuwpADZg1gofANvbb","c3zwgJoXJEMZV3Qqra1+1Q","c30iVVFC5P17d0lUKyeOg5","c4DdkxkORGqp3Upu4kUi1p","c4iVO0FklPE5fXJJO2Nfw8","c4pDebk8ZAur4/WuO+QdK+","c42HaF4aZAmocKkV2vDf9b","c5dmdaZG5HyoK/CXt8MsML","c59n4PyKNPRZBmCfVZhV5a","c6SamTw+tOuJN0NsSBYR60","c6pV/2QxRO6ZIIZGpXuWfu","c6vcpCQFVGtKon8+KyzUeJ","c7U+bR5UhGBbOtZONBdiO6","c7deDS6aFB6J7rPDYmO+ul","c7nNKSTxhDMY2rKlExth4c","c7zyOBh0ZAPoOUESRm1Jxy","c8B4kvyRtLk7Jh9Se9uiSe","c8Dx1xRNlHba9TvrxhsKQo","c8aomo2M9JsqT19ajhoYUe","c9SYPZGddIIJNZW2BEQHM+","c9oHHYQmVAs6lQy03Y99z0","c9vWb/TYZIkp3ohNGAr5C0","caDs3VdsRFXLHtZu7iz1cS","cbMnrH3zJIc5ZibFFj9LXI","cbb5uYzgZCiZVcozrX5Qot","cbg8h6EABGKakYOveoBNHM","ccQj1opY9H6oJZ8rOjsBUU","cd5YpNLFlMqKjXC7jRZOUD","cej5H7By9EtpIpIYbU7BIj","cfWwyQLEVP7I2KuK0IeseW","cfgFbsHXJE2rQN0L8M/JOL","d0doXMV/lOL6mFwNZ8Peir","d20vMULi5IoJdkr6fCyL8d","d4Vqk+X4BLJbVXIc0WpgD8","d57OfAA4ZEVIKEtidiIJOo","d6OyZAlt1P1pFX/63LT6h7","d6XAWFbDRObpMj907con16","d7yoUF+6VJxY5lWCrfszjr","d8L0Yu8I1JH7mKEuSZm/S+","d8QTnHFwZJiqJLWQAXsIO4","d850lvVhNCNoy0NmXAihSj","d9IIaxyudK5ZXrH3YgudBC","d9iQIzEIdJOojKZe/0cKO4","dapcsn2JNKC7bkIDZJN8zk","datehyXH9AdbsnW7MYmU/P","dbXismbshK4ZjXykWJ5QIM","dbxgHRa3NKMqsgqSVJhVFz","dcM0SwgUtDt7YVLbwtFAaK","dcXUO1Zz5IoqEDEbw/yax4","dcvzrlYotHkY1Qxzpxr0vx","ddTcS/sWpKcIn07nPzplv+","ddiQylJgZMX7IGaB9N9Z08","ddmBZcCfRHrb2yN4q7omvX","dep0Gz5+ZJ1rFmeXrsqVfF","dfoGve6w9M+oiJQ4K7iZTY","dfq6QCX/JFyqoHNGGkRRR0","e1PqOYQbVMO7TTPK3+0mOa","e2RSMJX9ZJ6b4BHyha4MII","e4KlwiV3tHbIni7cVIwhnB","e4MPHm8tlGpLJIdVMhBeQK","e5J1OV2L1MHoqjcJZy5wc7","e5ucqFfGBIOY6Ah4ObMX0h","e6Jc186VVIq5FxSmLD2LH1","e7Udm5xYRM8px7OCZ2gUow","e7xL2S155FoYAjTt1Cord+","e8qsr8MBFG5psMVxWcBa4q","e87mTi8hNJYIZEd8CghdaH","e9Fu0p5aRHt62h97eCquyS","e9lj7kDH1Fk71t0J008A18","e9upRi8LdNs64+2t/hJAvU","ebRdvsadZAQrkFxnSnHpA0","ebla7e7DFPFLqNwqQSewf6","ebogcHwXlL/KTZRFraK491","ec8pWSOBJBKbdHQTcZEsYr","edd8uqbPBJqq0+Ypg299P6","edsFun+1tDmLut9tfEfob+","eeBkA/EXJLiLVn7RqGUnM5","eekx2mKUdOFI/nrTNV8dlL","efNWkzoAZJfJ8Kw4LxtA7G","efqnnz+JdFgZEDDXFSqAwm","eftzMTfmNOwbK3ZV8+bOtI","f0DfKvsA5OqrBt2iThx7QI","f0HvzK22lPYY5K0FQNYEwN","f0LDy1IRxLtZFkNGEnE1lm","f1tXK7P5RFtKQA7Q1EiTTh","f2cASg085N6YOR3lsFTwj0","f2tqjAN6pIVqxukjm9QLKV","f3YpMTayJLPaiWYzFP8t8u","f3hQsIyAdLMIlLQ5zLR4Eo","f4gju+I2RGGoZZLUFJtaKi","f4nm1qB85LH55KovUoRKkf","f40RbUC4dFeo4FxIZI15tV","f4+eP8SxBAgJ/k9t3i6Ork","f5gPCp8pZOIpNVtbS5W8ny","f5tKIqeGVPoqEDY0ImW8py","f6ipHG6oNG/5JP1CCOL0zY","f6vBsxy19HqqSeXw+jM6O8","f7/trmru1LypCl+bz/1NJO","f8XI/PNtNC3od1F28bl0ks","00GkpjHV5JCL4QWpxjggLG","01etU8EzVGzKynOEgv24iE","02PV0cYy5HgI0NlYWjwdA6","021cgfqXBERY/wA0wOJUIr","03FZTS0KxPJ4c4SU89j8to","03a/0PPQZMNYfZtv0Q+uAe","03wBhPZCRIeLJpNOAIOHSf","04he46frRI+b7Kjr4HZs+E","04wJM+T7JHuYGcxscIbnFD","04xs0AkH9EfZBtXTyCaUAb","05vzRvGrROhIxqVfpeDZan","07CfmZlktBAoewUkBcAZ6L","0899JkMNNCVqwvZo9AfQdp","095neJHK1PJqM7KQ6/Ktlm","0aqYmu7lRAI5+K3jSwtZK0","0a1W9QLbxNfpL52mInJwzm","0bzwRCIRZNQoB6Oa7O0cjK","0dnReyBwxH+ZCWlC4Q4Y7Z","0d21sYKiJM1bMHUENrjFt5","0fVBeqJNREV77yUHXIslgE","10HSZVr6lBqqtT7XUaqkoh","12kDvlRflKq5ppdMPREgz7","1211bLNt9JKp+zr7CfIjld","15PvNCKKdOfJs/h54Bd77b","155+dPKntEPKvWDRKGaM4W","198WK/Y15Lr7Cq7kLG3pqb","1aypmf1TJDL607SK8NkAPB","1cvsRc6XdEX6rxb9PT9/Mu","1eD6WYAb5Nsb1Jh+ECY0LQ","1e8ne+OVlIIo2QzeBxPI8c","1e9FAgDGZNk4FLD8fgxoct","1fPmy9jvNGXahtm0SmhgK6","21cFH3kWNJypvLvllrg1BG","23pWtUztBEfoza4HLQnMWX","24t+txN+JO+pq89Ktxnqai","243iSRiMZJE7TS3isX9wKA","26XfnE23xFMIA+0ash/kcP","26wa6hqrtAZ6bWpHycJMLg","29FYIk+N1GYaeWH/q1NxQO","2aKWBXJHxKHLvrBUi2yYZQ","2c/MNBJaRCu4Tl+Ra8sV27","306AnTRppAWI4usNEpmbd2","31Vw7TLqJJHK3qWv5KxBOH","311ZrX2khFLZ9B9GsKSiQn","34SyzGVYVEBp27LXy9UdG/","35V+Oeb6RJBpYsNFBgVkLK","36DQ59k6RNW4tBO/SMXNTe","36h1V/4CRPEIKsGYVF6a+D","36zcrh/NxMjZyv9iTxd5Rf","367vPuwcFBwrbSPF0+SSYm","3bS/vBWONOHbzg0n7sDvy+","3dx/btIORJX6//JlzN2x8+","3eIumixtJCmqcvV6ali18K","3fDSwiuy1CCIdB58hdrTGH","403NmZDptHR7kr+JSi269f","42ndr3h69OhJnRZj9yWxf8","44PucNoQZLFZz7TDCyGKCa","44n6f30aZHxrLCn56UXR4L","45bvwnJWFJTbr3IWWBM7Fm","47YsF2oKNIWbVIU9gfwhcZ","477F4t2sFPMJQoeJZazBnm","49lp0vzG1Neomup2481j1a","4aH4WQwT1LIJ9AdV3Hi/4l","4amOd2r39LP4dClW6bAZgv","4cfHlpe6JJbpufSv+ShIvI","4dLJVsVfRBe7Akwq/cySAy","4e4ih/RapJHbSGqLZ3YWKc","4fgYoyOPhJKp52aQJQDPkL","50cjD5DDVO/62jcxs7OHBN","52INcIhx9AqYa6o2n3clb5","52SOAedzJA/ZmGMfKncsfL","56nZ5JHjlFNLBmzaToHp+f","562o8LYTZD46+q19BPkVcY","5bmif/UV5EfIZymN6UQzex","5d7IPvXxVAnZPTQlc4U2NY","5eyNA20r9DJof3VQ9x0wqC","5fWYL8xYVGXY+QWrsvy1bN","60VaySoxlDrJcKiiupLdfx","61vDtxWyRMwIPv6iuyqL9u","62C1kbG9FCoqDi/RZEf8kZ","63axIE/mdIALGFrkQZsP7e","655c8hci5JZ6lZEMvuy3c2","66r4aZKLhIXKM6vQOOlvte","67N8P1i45GlrBv6c31MCTK","698UW0lCRIfpppaI/l/dRp","6bCnuJMptFxr7dL2KNg/Xc","6bgW0ZgcNNk6hppqba0i79","6b27uxCvNK46xfDC1otFIw","6f76ZtgJlMsYoq24blr0hT","6f9SKFt1tDr6WTUWHm972/","70LwoP9eFLbZO+OnH9Ac8d","71KBtzJDFPSq4j46i81Zmw","71QsPXXCdIy5ece7qoCxQ0","718UbwhOtG+5J9ghlKo+uH","72qWUbHhFC666hd3/JlxzQ","725zLa/jpLBpYjczO7LQhC","73BwiFAYxLoYA3X6PnYhX8","73DDJjvMlEtpOuLIum/MGo","73ePJpkP9KYqeRFuWeOqgT","735nR1lA1PrrO/nQjb6pwH","74QAY62yFEeYLybSqV/TZD","74qCaomZZOCJRfVlSa6Ilp","74wGzXgeNFibiszTlc685u","75R0261KFMgK2FvDsmcW7m","75SupiRUVOCobGEuy5ZdvO","76Dhp0OVtMCJ0cW0riAX4p","76Zxt0s+VGY5Yjcm6xlcEj","76+WvECpBAcJWNv42B+zu7","77Ns36bw9FW6umu/xrWe5X","77ehhEUJNNL5jmbBz/9iDW","77f3PrbKlMN6vqW5cG97Wz","783BOu4xZObJndnGNWm/f/","784HRtht9O+5Bn0qQpyvyP","79Dmb4bH9Gtr0t6u4VSxUq","79aMiNWAZKkaGLl8BGxbrb","7aDvtvwAtFMaxs0+6Gm5iz","7aiMaB/spEzqXnc1ahLKN1","7bimVbgrROOrcH3jEhzQb3","7bkWcDO51PmbZVycgGsSB2","7cM1RLSYNG8Z+4qG+NXS7W","7cnL08HhZHgbfD5/D7eD1A","7dcPsMUzxPIoYpybjfJfuW","7dm8hiInFFO7EYFG64bHNH","7eBzCaXMlEyKNNQYAokYa0","7efEVCcKBOG4/RcwodH1j1","7e89ZG9ndKRLnioBdlLCbr","80rWvOEnBLl4+Nf95JayeH","81yQgKV8lKjbDh+VDwCOTf","82K2NLtehMJJqv8zog0sxi","82sA4xXztBp4q1CgXndMHf","82sTxNuv9LQ5E5mEi1QVfy","84R/XqwZlE4I0k4mlP2Vvp","84WePvW7dFPI9dXVzAoZ/I","85VH9SdgFM+rtIFm8UCPA6","87dorOncxEp5kiAVE9yzTi","873Oq+N8dGsIOZlntPg+d/","6d3bm3TB1Dd7SCZljoXI+x","6eVSpV1xNGvLqLRHS9Ku9T","6ei+eS1MlC2rq3FHME4PqJ","6fpTFKPShEeZi7j21zrq1N","6fr2kcSvRAmLSsgIh7Qjm7","6f1qQ7A/lN5YE7tjUUH3u2","70Yo0UUJRDfLQnM3cFfDAX","71IDpytexP/Y7Z+1o8J6bD","71Urz1HJFPMqPTITtKo7wf","71b5aiTlRPtLABkuiBLox1","71lm288N5Ifrg7sRcoLzC3","710tHXCURILr3AxqU8rMyo","716VjfCy5Ge6CuCvkUW9F0","72CqIRi2VByZilkaYSCXnq","72HRexI9FOO4wNy5LZrLXm","73Y+CXLNVG/42ctNJ3RHp2","731GS9FllAyIkGHXQe/iJo","74HXYoTRhFmZEmU1mUoafT","74XYICS1pNArMOnu1rjxKy","74pAyJ6gFEe6a4HbjDU/kD","75UnUn32ZNS6AQYSBZLQUU","75iOcRtj1Lca1xk6h0xEbn","75y3ChSWZHKq5SWdeccCt9","76cmLiCrlNQLsDeVz6fqs1","766lZfXqhEh7qKotyh6xvY","77HcCFprZEZrDPucXJ9fjM","77kE7oQuZMC5mj+wHKsl2P","77xITzEWJIObCGvw1tdoNO","78OE0A80VGcrkJs/iUvvUn","78ih1KigNGrKfmFtkNM9iu","783fMoUGdIDpdDG6Suz8Pd","79X+EPlYBMnLY/diYtGoZM","79+XJL9M1IFZJzkOc4gzUx","7aHIoNggJCeLV62FVo07g4","7aW09DESpBQqN+blUtjaZo","7asdBRwoFLiZuWd4+SwMln","7bs0bPEu9A6oc9TimMsQlw","7bv1lzK/VHN4CzM93Y5Vs3","7b0ELyxiBHz6Vr0SHGSJhV","7dPi5oU1VL77rdeYaFnj84","7dgSGJZR9P2bkODZsI1o26","7dzRBL2EZPF6NRnPeF5Bd4","7d/JdXPJFDhYhFm2qFEeBn","7eRX7XrZtC7a+kFjY02sgP","7fsB6m77ZD6bf370WS5n+s","7f5b6cZPNE241LEJlfz0eX","80by1LK5dEwJfrNuIi1oxW","812m2wFnBMOq+F8MnXgwDt","82DL7x5EZAoqcOwa6GG0VB","82VhYA6mZOjoZynTnClU4J","82/tQ+CQtH85WASyyfpRUe","83EOkKb1tF4qVWmUMSuyaI","83F9Z6p75KhLfaVGRJmbND","83fQSv+vJMGoBQC1HUBqNf","84HY7/iodL7IY2Gx0aGcWx","84IlnjgEtPFrlGmPyj7DdC","86Ax9BYARJrY0v+Fo52cJ+","86EJ9iRkNGe5HMkdIdLmUt","86O7Ak4jlGcoLPUdXcz1fC","86YjizSAJNa6eyosDOihrC","87M5ETl35Gx4B5EXYrxRWb","87d/dROe1AbKWVVkJ2MQau","87ry88A/RDx4e9QidqFPQ0","6fCmhwi4ZC94TV+vmn2gPn","6fcmcGdFVFrbiqwtgB9UvK","72V3GQ4qZNaJiP/QUHZMh3","73ZLAY1d9B6YpOiKYrmK6V","748njUhAJGV5AG40jUYRjx","76rygIn3lLkq4+jWqLaeYd","77NNeFOCxPpar7wSt7ssT/","77g1k+StBOLLndwo9VU4ES","78XvPHidpAmZWs7tpLqkM6","78pBVR/I1GrahN05bylt2w","7apc3BQApNZ6nwoPvoIqaH","7atnkm+vtBk6Mvv8DBz46m","7a/QZLET9IDreTiBfRn2PD","7dQr43C9FIKYJuUN4lPmLU","7dynW794ZJ3ajs1ECV/K8X","7d0oLRLS5HOr3t6D/EpIsu","7eDfNUIYVK4bqvEaJDNeGc","7f0vlDkqtKk4nmt/W25ePI","81TeM+EZ5IH5BxreRN7lmG","821rSRsjhLOa1I82sUif33","85K7lzvq5EFKQURsDS9ZWU","86M365WqFAeqKSixx62GVG","87AFithp1CMLwwRCUehFfY","871kOpOFhFw7HT9KHHaajH","88BPWHGtFNabx1e/0Msilp","c7xridqtBOq6I8mT55eGXI","c8Z9HOzhFCYozsYxAegoLf","c9VupEoCxGbIrIXOJwwOth","cb/6UZkaxPSJoanJTLAiNA","ccfOP9y1ZBRrMJm6/B450O","cc9QSTqRtLRKFdRriaFQe/","cdGeJyqgZMYLf9zFDhAYdI","ceTwofCNlKV5s8P3bPy1UB","d2/Wrk45hAC5WIedwtD+4S","d7ERVgaWVOBLKainfJRAxe","d7cBe2fexLAqlC64k0GDg1","d7nzdGFBlAwp06JhO8U7fP","d7ouIZPIBPdq7UlI9m+0By","dbWcxXardFF4neDmyEtkCK","db55H0grFL4qsVBP8537UG","dcHowmZPpJapSoOu0c+a/C","dcY4AxUPhL8YlANudUAGXH","deztyGEh9Df5NKpb4D4tqZ","e3IPSRhBxDqZen7eyiKyKf","e5Ab3SKzpBuZlByVx6V3X5","e5eEd1PXhJv6DzXPbxYmUO","e5kaYkwdFGGJ8qY6XGDajF","e7Njp3uG1KY716HO53Lny/","e7UAVbLhhO/5ZXC3awE6uZ","e74ap6e41KMJ4ymgxauVgn","e8eNy//2JAVpyUiU4DOlfg","e81iFC0J1Oo5Mfa6AzTMyd","e97GVMl6JHh5Ml5qEDdSGa","ecCTW49kJJYZX+93y4H/Sv","ecpdLyjvZBwrvm+cedCcQy","edqQwgPPpD/ptdnVQvCsCM","ed5b0c/htNj4SKJ5AxRCBl","eeiGtjJMZK4J0xQg9l28Xo","eeq2D9B1FOg5hpqgamtveF","efZV1gZD5HxbjzNMnYNaJi","f0BIwQ8D5Ml7nTNQbh1YlS","f11PJGeAdC5KoKhYIQDg1p","f2gov4jxlGi6OkGFUrwKmC","f2x4GW+vhFDJ1945GD/isU","f4zIh06MVLKbTHNfSDirQm","f5JIhqOptIpoSg8gW4g5W9","f5x8bCIsJB7bQVu1xVJ/dl","f8SNjC9bZO97Ift3bXfdhK","f8u//kYTxMzJxFF/IZ8ZDN","faYvbpdGVAhYlBE4o85OLq","fbJACevCFHRYbxFYcPxEgG","fb+iUJn3hKmaDve0XIibc+","fcWtNc/xFELomXNzjEZL0d","fdRFLIK01H24aWymfAUKhg","fdbPGrFypNIYy8jod1CW9x","fdhCg0PvJBDbvB0K536nV4","f8gAiGf8NBn62U4fwFhoHW","faFvfAgeROA6Y+V4roursh","faR9IjWNZGnL9Iccr2Tby1","faYwg0NK1IjJEzsH2aPlO4","fbP3ulmf9CfqrVf1UuXA6M","fbRwagPNZOrYkh8i04QJE/","fbrGudo0NBp4NDPBFkxUwK","fbry+2QHNH/KKIsYnsKO4V","fbs6ZauYJGlKcScwP0gjDc","fc+3tsRyNEYr1pVof3cd/z","fdDA7pavtIkocAZ7NFSVqi","fdc5XWz8ZJLoRzWt9ElIr8","fdmY36MUhLNoSSGVJms1ax","feFl7eXQRB2ZfOLqegFKNj","feViNTasVNUIc5BWcePBiT","8aW408i+9AWZ1SxBJfn46W","8appB7sbVBbrF/BSe2GUde","8bXvQScRZPK6s6sYiUjxgb","8bgGCMazNFTKeI80EYbgZV","8chsNkWrlN56sXpknwllC7","8eaxYBmiNGOaJjQsqLNvrf","8fobpjigZPypun085CXsS2","90ceRvt29JoJaq1eTtQA0p","91HR0cNNVAI4dgqXtFQ8bf","92GV6FuFVKJZEKD/OMvnQN","93a5N3VxBHq5ZE+8J6to/u","93pDwra0NBYJgpInHG0o1K","941tCPZP9H0YJUUgH523Xg","95T5t1qaFP6ZuNe0wdTAAD","95vX0vry9EYZAZWIuiNpul","97ebbRAIVBUrfVCw+k/euR","99xRgnfY1GmLm5566bKoJq","9bgAzyC39Bb7RMuDFODn+Q","9byfbtbkFJuKt4j/eWQVfX","9cNNqKqV5CV78STBbufNjW","9dFwisXsxA5KpI8Q5emxeV","9dhLLv/mpFB4Et5XeZ9AnV","9d0FRlVUVG6oUHpTn6oo22","9eTDJBwJtJmYQKhvqr9nJA","9ee7STEBpCD7q98t2F5QgW","a0aKvqiqdFcY/RZrwO3HZW","a1RQEgDfxPrYK/h7KwGp12","a2MjXRFdtLlYQ5ouAFv/+R","a2nJ3DZO1IkqOLpuijtEVE","a5SGqjToNHQIhQo0HVR4xz","a6yBKtTrNDWJK5gT3VZklK","a669m6iglJu6HgFO1tdA4m","a7xqmx7g9E6qVfDlZXJeg0","a8ovSZ5+1HioXu+IDi2sgn","abSszV5PRAR51tw+XtcF24","abiKuwnvtCDJIL24gMZBdr","adjfv47bNMGIChZDyE33F1","aeyIZHCcZCw5z1JLFRvRby","b0SxcDBllKJoIRMK1p0jhe","b2zIUuoHVPSJe+OhxwcpzS","b3OiK85dlOz5epoDQHlOSc","b4t73sDeVCVLGJ5Xq1+v4s","b5KTb9SNhL4b9IclnDd706","b7fDistgFEhph+yjrh0Of1","b7gMicM2JGEpN9oPD0nF3A","b8EP1S3RhPZps8VieCpKYh","baMVmXz05EpbSPtJG8encA","bb1iVR+/REvLCzAF00hseR","bevmG7UV1FN5xMJtc4rY2n","bfoiIjwopCqJ6W5qgYq375","c1DhobFblML54SuQw0HO6k","c1d73OjnJHULozIl4+0BHG","c2wBEwggRP6oaWFOdEHrhz","c5JUf03IpMgLaZu0tVlngi","c7aZbjpG1CyaR2BmQdPve8","f9oexewc1KIaxcFC1Mqssz","f983Ju0tNLWoUnQdyTo7qO","fbjlkabHpMIojtE3Uhtvpv","fbydtwQYtNgqdTF+h5gwym","fby8QHxQJIELSIRl1alE12","fcpcrf9vlBdYzp6t6YpEH6","fctr4Z0C1OHpC38sqKLbUc","fdLD/bLQhJv6jQB3QwACji","feqLM7/IpOpY9DGlgWXpva","fevnqTwjhChrATpum/ijIG","ffWaxbZilMWI+aquZORXsW","ffhNgJ6HZBvKVUkHHOaSF/","ffORM/2FJLZqH393rJ1QHX","ffvyOVcidEa5V9jt1jgZjZ","ffw6ZwFRhKAK2qRlwGp0KV","f8ZV/VsxxJqrZmVt+l6vID","ffLIY5WrNPSp0bpRbDfqat"],"scenes":{"db://assets/Bundle/FishBongDem/FishBongDem.fire":421},"redirect":[708,0,729,0,734,0,735,0,736,1,741,0,747,0,757,0,758,0,760,0,767,0,900,0,901,0,903,2,904,0,907,0,908,1,912,2,915,0,918,0,1014,0,1016,0,1023,0,1029,0,923,0,924,0,927,2,937,0,948,0,949,0,950,1,954,0,956,0,1049,0],"deps":["resources","internal","main"],"packs":{"01d02e39b":[296,4,304,711,11,323,13,324,326,328,24,27,336,338,339,722,35,344,725,727,351,360,362,50,53,375,381,57,61,389,390,742,743,744,64,396,68,82,418,421,425,427,430,438,99,103,443,107,108,112,773,461,122,468,845,793,902,863,866,875,820,821,882,827,887,890,891,893,832,920,477,139,478,485,486,150,155,508,511,160,1015,535,537,539,542,544,548,173,175,550,176,552,555,185,559,194,573,195,579,597,603,613,620,622,227,228,627,638,244,249,647,250,652,654,260,655,264,265,657,658,270,272,664,666,273,274,275,278,675,676,681,957,691,962,694,695,1057,1045,970],"01e427870":[124,859],"022bda9fa":[779,783,988,1022,931],"0291d8ae2":[706,710,764,776,990,1008,1036,935,1043],"02cdbb8c8":[713,715,726,728,751,763,995,997,1040],"03657a6d4":[422,834,595,645],"040cb9b1e":[705,993,994,1002,1011,934,939,947,1046],"04223cf80":[0,1,2,3,7,8,306,9,10,12,14,17,19,20,21,22,23,26,28,30,331,31,335,33,34,340,341,37,348,40,353,41,42,43,44,45,46,47,48,51,52,365,366,54,371,55,56,58,59,60,62,63,65,67,402,69,70,72,73,74,75,76,77,78,79,80,83,85,87,88,89,90,92,93,431,94,95,97,98,100,101,102,104,105,106,109,110,111,113,114,115,116,117,119,120,121,123,125,126,128,131,132,134,135,473,786,787,788,789,846,791,792,794,795,796,798,801,802,803,804,806,807,808,810,864,811,812,867,813,814,871,872,818,819,822,879,823,824,825,826,828,829,830,136,138,141,142,144,145,146,147,148,149,499,151,152,154,159,519,161,164,165,166,167,536,170,171,172,174,178,554,179,180,181,182,183,184,186,187,188,190,191,192,196,197,198,200,201,202,203,206,207,208,209,210,211,212,213,214,606,216,217,219,222,223,224,225,226,231,232,233,234,235,236,237,239,240,241,242,243,245,247,252,254,255,257,258,259,261,262,263,266,267,268,277,279,280,281,282,283,284,285,287,288,289,290,291,964,966,967,969,971,1053],"042d768b4":[697,702,748,772,906,992,996,1000,1017,1019,1024,1026,1027,1028,928,936,938,940,951,959,961,1047,1048,1050],"0463a20db":[719,750,761,766,1030,1034,1035,942,958],"04a4179bf":[307,505,530,577,628,634,692],"04ca35acd":[709,1033],"04df1340a":[364,372,451,838,513,677],"04e972c11":[428,1044],"05b1c5260":[721,732,738,754,782,898],"05cdc7e0e":[724,762],"05dfb880d":[378,437,870,515,568,610,689],"0618c0370":[897,930],"06247a865":[707,730,740,781,1003,1031,1032,925],"062683e56":[434,590],"065f39c8b":[840,865],"069a75338":[36,869,878,256],"069b380c9":[376,540],"06dff6662":[356,945],"070d4f4b1":[716,347,731,777,917,1001,1021,955],"0796c7b0f":[385,497],"07b3e3e70":[357,388,398,401,413,886,892,894,490,520,525,575,637,644,973],"088e26880":[698,701,905,1009,1041,953,960],"08eb719ac":[635,688],"0919dd33b":[292,297,315,367,380,399,411,416,419,444,453,466,475,848,849,873,877,479,506,557,564,571,576,578,584,585,612,615,624,632,649,659,976,977,985],"09667d540":[368,395,445,853,884,533,534,588,630,668,683],"096ba734b":[737,1042],"09a7aa1cf":[346,349,435,857],"0a38f486e":[704,714,745,746,753,778,780,910,916,987,991,999,926,932,952],"0acab99ab":[512,693],"0b0bc540e":[717,771,899,989,1039,921,933,944,1058],"0b699443e":[756,759,1012],"0b9d6a3ee":[712,1005,1007,1025],"0c42b2f87":[314,319,332,414,440,458,855,493,500,524,574,609,650],"0c6cbc024":[700,718,755,775,913,914,1020,1037,922,946],"0d44e0061":[581,593],"0d753a437":[522,673],"0d8a19dda":[301,317,345,358,373,383,387,403,436,459,462,471,843,480,494,503,507,518,551,572,592,611,625,663,674,978,1056],"0e4676a2e":[405,464],"0efb18332":[739,896,569],"0f23df43d":[720,749,851],"0f63dc7f0":[352,487],"0fbcccda5":[699,703,723,733,752,769,998,1010,929,943],"0fe65c1b3":[312,316,327,407,446,833,488,516,972,986]},"name":"32","importBase":"import","nativeBase":"native","debug":false,"isZip":false,"encrypted":false,"versions":{"import":[293,"245ad",294,"4becf",295,"8993f","01d02e39b","5102c","01e427870","598f5","022bda9fa","3151d","0291d8ae2","d163d","02cdbb8c8","5d45d","03657a6d4","5711e",298,"4ed2d","040cb9b1e","bdc43","04223cf80","5268a","042d768b4","97c29","0463a20db","041f1","04a4179bf","da50f","04ca35acd","5a060",5,"3645f","04df1340a","f54a0","04e972c11","8404f",299,"ca223","05b1c5260","721bb","05cdc7e0e","e2e03","05dfb880d","78c2a",6,"06c91","0618c0370","8d311","06247a865","aca14","062683e56","9d601","065f39c8b","73251","069a75338","ed86d","069b380c9","a8e8a",300,"95f08","06dff6662","c25c7","070d4f4b1","91227","0796c7b0f","67082","07b3e3e70","81dfe",302,"ece69",303,"1ef0b","088e26880","c3037","08eb719ac","fdfe0",305,"96987","0919dd33b","78f3d","09667d540","62a70",308,"0d291","096ba734b","ea66c","09a7aa1cf","c0f8c",309,"275ed","0a38f486e","7142e",310,"3b8ea","0acab99ab","8accd","0b0bc540e","82bc6",311,"c27ee","0b699443e","1f0d3","0b9d6a3ee","27346",313,"1cd0b","0c42b2f87","1a7b9","0c6cbc024","d2ba0","0d44e0061","50f1b","0d753a437","0645c","0d8a19dda","1e2e2",318,"5da4a","0e4676a2e","070d0",320,"8e798","0efb18332","bf79c","0f23df43d","e5521","0f63dc7f0","8f72f",321,"aa4b6","0fbcccda5","80b8a",322,"e372b","0fe65c1b3","aaa80",15,"d3c1c",16,"0361a",18,"bc347",325,"bb2cc",329,"d162d",25,"44bb1",330,"7f290",29,"bdf86",333,"5a9d0",334,"c0cbb",32,"0a423",337,"95b09",342,"b3de3",343,"4f45e",38,"763a4",39,"b7462",350,"cae3f",354,"0ab52",355,"1ee96",359,"9b15d",49,"cc9d7",361,"a7ea6",363,"75456",369,"c3331",370,"59537",374,"53ae3",377,"f210b",379,"3f126",382,"5a3c3",384,"a877d",386,"8cbc1",391,"6994b",392,"e7db8",393,"1b117",394,"52051",66,"7bb5f",397,"970be",400,"27739",404,"221d0",71,"a1bcd",406,"90206",408,"0a579",409,"9f04c",410,"cd374",412,"40c55",415,"825d9",81,"c6142",417,"68de7",420,"7fbd2",84,"82486",423,"c8c9f",86,"4b9c4",424,"22463",426,"54184",91,"f28d4",429,"5117a",432,"326a5",433,"0a5bf",765,"1957b",96,"d1dc5",439,"32f4a",441,"e4baf",442,"132d8",768,"26935",447,"c069f",448,"260ca",449,"c96e1",450,"e17dc",770,"5d8df",452,"6c714",454,"bd0c5",455,"44c30",456,"e4366",457,"55d42",774,"ae0a9",460,"540c4",118,"2873b",463,"0f9aa",465,"617e8",467,"98d23",127,"6fb78",129,"c6761",130,"5938c",133,"2de52",469,"eb2f6",470,"a63f0",472,"ded46",474,"dadf9",835,"7cd10",836,"a035e",837,"b453f",785,"6122c",839,"70699",841,"11ec2",842,"497eb",844,"a8f21",790,"ed38f",847,"56f11",850,"04946",797,"692fc",852,"80f13",799,"7dec4",800,"94632",854,"e7171",856,"52ca1",858,"62794",805,"3e404",860,"f2a06",861,"2be61",862,"4d4d8",809,"b71bc",868,"19108",815,"1be1c",816,"230d5",817,"74533",909,"53d3d",874,"a3b0c",911,"16bcb",876,"0b3f8",880,"4bdc8",881,"ace2c",883,"ff860",885,"1b626",888,"77c92",889,"bdce2",831,"fb6af",895,"ff948",919,"d18a6",476,"aeaa0",137,"f91b2",140,"1cbb0",481,"92aec",143,"cd8dc",482,"46158",483,"0d6a7",484,"43be0",489,"a2bb1",491,"0d89c",492,"b6891",495,"d0216",496,"504df",498,"6719f",501,"c8eda",502,"659dc",504,"78052",153,"c1524",509,"b208f",510,"67766",1004,"4bd53",156,"3230b",157,"ef280",1006,"9366b",514,"ea494",158,"7dc32",517,"1526d",521,"46af7",523,"a1d46",526,"1035d",527,"ed26a",162,"71952",528,"1accc",163,"3608b",529,"e9a40",1013,"26762",168,"8e687",531,"fc6d9",532,"0fc80",169,"a9683",538,"25dbd",541,"aed0b",543,"b727b",1018,"774c8",545,"00de8",546,"67f88",547,"0f665",549,"7f713",177,"6e5fb",553,"1f6ec",556,"53e23",558,"0fed3",560,"9d4e5",561,"64862",562,"a468d",563,"aebb3",565,"dfc4b",566,"e8e94",567,"99b05",189,"7c1fa",570,"af530",193,"ff312",580,"b8f5a",582,"0b8dc",583,"256e6",586,"31922",587,"8d8cb",589,"f3361",591,"5c07b",199,"dcb44",204,"fc3d3",205,"e9109",594,"d4c6d",596,"a21db",1038,"44e8d",598,"5f9d3",599,"e2687",600,"2be93",601,"ec238",602,"6dc03",215,"bc67a",604,"5510d",605,"3ab0a",607,"fc779",608,"0bec4",614,"6ff96",218,"26ff0",616,"71320",617,"df78d",618,"0126f",619,"7d2e1",220,"a4e08",221,"e7ac5",621,"a12dd",623,"e7333",626,"5c293",229,"8fcfd",230,"08689",629,"cfc32",631,"041dc",238,"c93fd",633,"e9fc8",636,"98cdf",639,"1351c",640,"92eae",246,"b8799",641,"c66b5",642,"b0f41",643,"9f992",248,"6a74c",646,"7c90f",251,"c9e91",648,"d4165",253,"34012",651,"20cbd",653,"d2e1e",656,"b6194",941,"f13b8",660,"9c8b6",269,"17c2d",661,"21d25",662,"e7672",271,"da415",665,"c2777",667,"75e35",669,"59b38",670,"26e66",276,"84133",671,"63a37",672,"9c48c",678,"0c97f",679,"897d9",680,"40c33",682,"098ee",684,"080eb",685,"b0a41",686,"4743a",286,"9f17c",687,"dcaa7",690,"e15d3",696,"1e4f1",974,"692ef",965,"689c9",975,"d6d68",979,"38560",980,"4e54c",968,"4756d",981,"64e40",982,"609d2",983,"2337f",984,"3b69d",1054,"fcf22",1052,"cbe2e",1055,"0000c"],"native":[0,"9e44f",1,"51af1",2,"b70de",3,"86419",4,"c8898",5,"83900",6,"61842",7,"61d42",8,"41398",306,"c8d25",9,"eff2a",10,"81874",11,"8a963",12,"04f51",13,"7ca5d",14,"58214",15,"c92ff",16,"c1567",17,"4a906",18,"95a8b",19,"b83ad",20,"658f8",21,"b61e3",22,"8bc9e",328,"2b042",23,"ebd1b",24,"4f2ac",25,"40f83",26,"a66dc",27,"b3b52",28,"0af2b",29,"6b089",30,"f9a43",331,"c0279",31,"efba8",335,"7ceee",32,"19116",33,"5d89a",34,"80786",340,"b0500",341,"15a76",35,"ffefb",36,"49a79",37,"3063a",38,"44b5b",348,"cac23",39,"f3514",40,"dd095",353,"68f1c",41,"2e234",42,"85513",43,"39c43",44,"e5d0e",45,"529c7",46,"626f6",47,"3d75a",48,"ebf1c",49,"98a8f",50,"c5595",51,"376c9",52,"baac1",365,"e36b4",366,"5f38e",53,"49035",54,"04e2d",371,"87d3e",55,"2201b",56,"e6266",57,"c2bf6",58,"5430c",59,"3fc4c",60,"9c599",61,"a0277",62,"d87a7",63,"60aa3",64,"4308f",65,"b150d",66,"6cce1",67,"0787b",402,"537f3",68,"05145",69,"b7503",70,"85128",71,"eb7c3",72,"91017",73,"c3245",74,"bc0c0",75,"5022f",76,"48a4d",77,"3df75",78,"16b91",79,"e66a6",80,"aa39e",81,"80a68",82,"b0c41",83,"8ab31",84,"f5cfc",85,"66f8c",86,"d6b2c",87,"08a73",88,"fc4e3",89,"dcadc",90,"83fcc",91,"1563f",92,"7ddaf",93,"be3a4",431,"ede71",94,"2bf23",95,"28702",96,"79310",97,"c4c5f",98,"7220f",99,"7e115",100,"eeb0d",101,"ec72a",102,"df676",103,"8f204",104,"fa8fc",105,"a5da9",106,"22ce7",107,"46d71",108,"cbb7d",109,"610cd",110,"c6a49",111,"32e87",112,"e622d",113,"67895",114,"97311",115,"5e253",116,"ca172",117,"24a49",118,"97f13",119,"c00e3",120,"966a2",121,"41ada",122,"95744",123,"66c01",124,"28e70",125,"018be",126,"91116",127,"62268",128,"62537",129,"6f8ef",130,"c5ee4",131,"240f3",132,"4f8e5",133,"cb5e1",134,"91dba",135,"84c4f",473,"05edf",785,"d089f",786,"2734a",787,"7ce66",788,"a6eed",789,"d3298",790,"5b8a9",846,"5dd1f",791,"5fc8c",792,"b14b6",793,"f69f9",794,"81548",795,"813df",796,"40cae",797,"86ae8",798,"94e14",799,"f5fcd",800,"986ac",801,"fe002",802,"0f13e",803,"98289",804,"f3d5b",805,"46b55",806,"87ebe",807,"cb496",808,"bcf7a",809,"b4d81",810,"e5428",864,"1880e",811,"3fa97",812,"16169",867,"16609",813,"b5ac0",814,"2a1d1",815,"81a90",871,"dcd30",816,"93d72",817,"028fc",872,"54ca0",818,"65a99",819,"c06a9",820,"c4efe",821,"ceca2",822,"036d9",879,"94d65",823,"7a52e",824,"9c3cd",825,"ae2ba",826,"017e1",827,"03b08",828,"9eb3f",829,"0ad0a",830,"a089d",831,"287f6",832,"f238b",136,"d6047",137,"96852",138,"65b6d",139,"052e2",140,"375c7",141,"d930a",142,"b9e72",143,"86fd4",144,"8386d",145,"544b4",146,"0b921",147,"f3a80",148,"1e143",149,"43fee",499,"1d51d",150,"c5fe7",151,"089de",152,"ba16f",153,"e9852",154,"45891",155,"5fe76",156,"37602",157,"01926",158,"d0d68",159,"edd84",160,"e4afc",519,"2b718",161,"47aa6",162,"55665",163,"157b3",164,"950a3",165,"db969",166,"9b782",167,"7ae00",168,"4dedb",169,"05faa",536,"0e324",170,"90cf4",171,"29aa6",172,"2ff79",173,"9bf1c",174,"c10a4",175,"c9aa3",176,"9878e",177,"ffd5b",552,"d0d68",178,"db905",554,"9fe33",179,"d0286",180,"16f71",181,"6c21f",182,"4292c",555,"1a001",183,"df239",184,"38950",185,"8436a",186,"511b3",187,"ae6f7",188,"ec6fd",189,"e488a",190,"2e445",191,"37dca",192,"a9e94",193,"f5cfc",194,"6851e",195,"b4c1c",196,"5aa60",197,"d606d",198,"9b85a",199,"24b8e",200,"def9f",201,"e9399",202,"581bd",203,"9411b",204,"dd18e",205,"ae43b",206,"d752d",207,"70d4a",208,"593ca",209,"597be",210,"cdbc9",211,"58ae6",212,"5caf7",213,"f02c5",214,"e1e8d",215,"d0b81",606,"f2ead",216,"8a19a",217,"24f21",218,"ad3b9",219,"457f6",220,"b96f9",221,"37a1b",222,"a0381",223,"44da6",224,"192b7",225,"35cc5",226,"5d4b2",227,"3de8a",228,"7758e",229,"e00eb",230,"6c13c",231,"fd18a",232,"367c1",233,"25b0b",234,"61fc9",235,"636b4",236,"5c03e",237,"a8843",238,"dde1b",239,"ea475",240,"48172",241,"3072f",242,"45a19",243,"fcbdb",244,"3438d",245,"d2f6b",246,"6d181",247,"ff443",248,"a7cb9",249,"1d4cc",647,"550a6",250,"3af33",251,"6d0ee",252,"c10a4",253,"d291e",254,"07d03",255,"0cec2",256,"49a79",257,"0d7ca",258,"dd0ff",259,"3d82c",260,"84ae6",261,"47f86",262,"17d7c",263,"59ebe",264,"c1984",265,"033da",266,"41aa4",267,"f9e0f",268,"33978",269,"13199",270,"c1f29",271,"e5569",272,"3ee6a",273,"04974",274,"29640",275,"cd571",276,"51e00",277,"d34f3",278,"33866",279,"e7276",681,"355d6",280,"acb76",281,"dbbb6",282,"7bba7",283,"ee867",284,"f03ec",285,"75bf6",286,"d0d68",287,"9aacb",288,"ddf40",289,"4bcf6",290,"b1412",291,"63bce",964,"c76e9",965,"19134",966,"528bb",967,"54a2d",968,"7dd9b",969,"a18cd",970,"be54f",971,"a0ff9",1052,"27a6e",1053,"9e5bb"]}}