{"paths":{"0":["Spine/BossBongDem/mask",3],"1":["Img/fish_cannon_1_body",3],"2":["Img/auto",3],"3":["Spine/FishJp/warning",3],"4":["Sound/RuaXiLua",7],"5":["Spine/Fish/Fish_30",9],"6":["Spine/BossBongDem/CaLongDenDieBones",9],"7":["Spine/Fish72/ThienThan2",3],"8":["Img/fish_cannon_1_head",3],"9":["Img/AutoAtlas/Help/36",3],"10":["Spine/BigFishBum/ExplosionSmall_15",3],"11":["Sound/Electricity",7],"12":["Img/c0b95305-4017-462d-89ae-6e584d4198df",3],"13":["Sound/watingMuiKhoan",7],"14":["Spine/BossBongDem/CaLongDenDieBones3",3],"15":["Sound/HopQuaMo",7],"16":["Spine/Fish/Fish_1",9],"17":["Img/huogndan1",3],"18":["Spine/Rua/RuaDieBones",9],"19":["Img/AutoAtlas/Help/15",3],"20":["Atlats/nbomb_explode/fish_nbomb_explode_10",3],"21":["Spine/Explosion/Explosion",3],"22":["Spine/Fx_MiniBoss/Fx_Transition",3],"23":["Spine/fxLaser/fxLaser",9],"24":["Spine/BossBongDem/CaLongDenDieBones4",3],"25":["Sound/ComingJackpot",7],"26":["Sound/RuaXoay",7],"27":["Spine/GunSet/BiGiatSet/MBLightning3",3],"28":["Sound/BGBachTuoc",7],"29":["Spine/Rua/RuaDieBones",3],"30":["Spine/Fish/Fish_4",9],"31":["Img/ItemHaiThan/ItemMiniBoss3",3],"32":["Img/bkg1",3],"33":["Spine/Fish/Fish_10",9],"34":["Spine/CaXau/CaSauDie3",3],"35":["Spine/Fish71/Ph1",3],"36":["Sound/spinVongQuay",7],"37":["Animation/bulletMatThan",1],"38":["Atlats/nbomb_explode/fish_nbomb_explode_04",3],"39":["Spine/CaXau/CaSauDie",9],"40":["Spine/eff_xoay/eff_xoay",9],"41":["Spine/Rua/RuaBones",3],"42":["Spine/FishJp/Eff_Boss_5",3],"43":["Spine/NoBigFish/ExplosionHit",3],"44":["Spine/Rua/RuaBones3",3],"45":["Img/netGold",3],"46":["Spine/GunSet/BiGiatSet/MBLightning7",3],"47":["Spine/Fish/1999_Fish2",3],"48":["Img/song 1",3],"49":["Img/Wave",3],"50":["Spine/Fish/Fish_11",9],"51":["Sound/CoinWinNormal",7],"52":["Img/huogndan6",3],"53":["Spine/GunSet/BiGiatSet/MBLightning6",3],"54":["Sound/DemTienOther",7],"55":["Img/bkg3",3],"56":["Spine/GunSet/BiGiatSet/MBLightning2",3],"57":["Img/Popup/CamMay/Icon_TamGiac",3],"58":["Sound/GunReLoad",7],"59":["Img/auraMain",3],"60":["Img/AutoAtlas/Help/25",3],"61":["Img/AuraGroup",3],"62":["Sound/CaTranDacBiet",7],"63":["Atlats/nbomb_explode/fish_nbomb_explode_03",3],"64":["Font/CoinWin",3],"65":["Sound/BGThanTaiMini",7],"66":["Atlats/nbomb_explode/fish_nbomb_explode_07",3],"67":["Sound/Aura",7],"68":["Spine/MatThan/sprites",3],"69":["Sound/CoinWinBig",7],"70":["Img/Target1",3],"71":["Img/AutoAtlas/Help/0",3],"72":["Spine/FX_luoi_effect/FX_luoi_effect",9],"73":["Img/huogndan2",3],"74":["Img/b158189c-ab6e-4713-904c-a3a49748b882",3],"75":["Img/Btn_Setting_normal",3],"76":["Img/AutoAtlas/Help/10",3],"77":["Img/Popup/CamMay/Btn_Minus_Normal",3],"78":["Img/AutoAtlas/Help/27",3],"79":["Spine/EFFECT_ELECTRI/EFFECT_ELECTRI",3],"80":["Img/EFF_01",3],"81":["Spine/GunSet/BiGiatSet/MBLightning5",3],"82":["Spine/Fish/Fish_14",9],"83":["Sound/SungBan",7],"84":["Spine/Rua/AtlasBossRuaPack0",3],"85":["Spine/Fish/Fish_36",9],"86":["Img/SungLaser_Text",3],"87":["Spine/Fish/Fish_43",9],"88":["Img/BtnPlus1P",3],"89":["Img/Btn_info_normal",3],"90":["Img/dc0c1f91-49ee-4d05-a426-222604ede1b9",3],"91":["Img/b43ff3c2-02bb-4874-81f7-f2dea6970f18",3],"92":["Spine/Fx_MiniBoss/Fx_Transition",9],"93":["Spine/DragonBoss/DragonBoss",3],"94":["Spine/BossBongDem/CaLongDenDieBones6",3],"95":["Spine/BossBongDem/CaLongDenDieBones2",3],"96":["Img/ItemHaiThan/dinh 3",3],"97":["Sound/BanTrungCaLon",7],"98":["Img/AutoAtlas/Help/3",3],"99":["Img/AutoAtlas/Help/18",3],"100":["Sound/GunShowWave",7],"101":["Img/Popup/Frame_Info_Yellow",3],"102":["Img/AutoAtlas/Help/30",3],"103":["Spine/BossBongDem/CaLongDenDieBones5",3],"104":["Sound/CaLonChet",7],"105":["Img/f2",3],"106":["Spine/CaXau/CaSau1",3],"107":["Spine/FX_luoi_effect/FX_luoi_effect",3],"108":["Sound/ice-cracking-01",7],"109":["Sound/quayRamdonHeso",7],"110":["Spine/TrieuHoi/anim_chuxian",3],"111":["Spine/hanbang/hanbang",3],"112":["Spine/fxLaser/fxLaser",3],"113":["Spine/explode_bomb/explode_bomb",3],"114":["Sound/BanLaze",7],"115":["Img/ItemHaiThan/them 30%",3],"116":["Img/imgRong",3],"117":["Spine/Rua/RuaDieBones3",3],"118":["Spine/BigFishBum/ExplosionSmall_11",3],"119":["Img/AutoAtlas/DongBang/03-Effect-Bang-Bg",3],"120":["Spine/Fish/Fish_2",9],"121":["Spine/Speed/fire_fence",3],"122":["Img/Popup/CamMay/Btn_Back_normal",3],"123":["Img/AutoAtlas/Help/13",3],"124":["Sound/CoinVeTui",7],"125":["Spine/Fish72/ThienThan1",3],"126":["Animation/TenLua",1],"127":["Atlats/nbomb_explode/fish_nbomb_explode_05",3],"128":["Spine/GunSet/idle",3],"129":["Spine/Fish/Fish_21",9],"130":["Img/AutoAtlas/Help/22",3],"131":["Spine/Rua/RuaBones",9],"132":["Sound/CoinWin",7],"133":["Img/AutoAtlas/Help/4",3],"134":["Img/AutoAtlas/Help/9",3],"135":["Spine/Fish/Fish_0",9],"136":["Spine/MiniBoss/MiniBoss",3],"137":["Img/song 2",3],"138":["Spine/Fish/Fish_16",9],"139":["Spine/FishJp/boss",3],"140":["Img/Popup/CamMay/Btn_Back_disable",3],"141":["Img/AutoAtlas/DongBang/01-Effect-Bang-Bg",3],"142":["Spine/FishJp/animation_cathantai",3],"143":["Spine/Fish/Fish_22",9],"144":["Spine/CaXau/CaSauDie",3],"145":["Atlats/ThangLon/Lớp 1 (1)",3],"146":["Sound/Start72",7],"147":["Spine/CaXau/CaSau",3],"148":["Img/InGameBg1",3],"149":["Spine/BigFishBum/ExplosionSmall_13",3],"150":["Spine/NoBigFish/ExplosionHit",9],"151":["Spine/GunSet/BiGiatSet/MBLightning1",3],"152":["Spine/explode_bomb/explode_bomb",9],"153":["Sound/wave",7],"154":["Img/iconCirle",3],"155":["Spine/FishJp/Layer 2",3],"156":["Img/anhSang",3],"157":["Img/AutoAtlas/Help/34",3],"158":["Sound/BanTrungCaThuong",7],"159":["Img/Popup/CamMay/Frame_Timer",3],"160":["Img/AutoAtlas/Help/19",3],"161":["Img/vongtron",3],"162":["Spine/Fish/Fish_13",9],"163":["Img/boxCoinBossRoom",3],"164":["Img/AutoAtlas/Help/37",3],"165":["Img/AutoAtlas/DongBang/02-Effect-Bang-Bg",3],"166":["Img/gun9",3],"167":["Img/AutoAtlas/Help/32",3],"168":["Spine/Fish/Fish_12",9],"169":["Spine/Fish/Fish_8",9],"170":["Spine/Fish/Fish_20",9],"171":["Spine/eff_xoay/eff_xoay",3],"172":["Img/71561142-4c83-4933-afca-cb7a17f67053",3],"173":["Sound/Bomb Drop - @Sound Effect",7],"174":["Sound/NhanMaChet",7],"175":["Img/ItemHaiThan/ItemMiniBoss4",3],"176":["Spine/GunMuiKhoan/AtlasGun204Pack0",3],"177":["Img/Popup/CamMay/Frame_Timer_Black",3],"178":["Atlats/nbomb_area/nbomb_area",3],"179":["Img/Arrow2",3],"180":["Sound/Ting",7],"181":["Spine/MatThan/AtlasGun101Pack0",3],"182":["Spine/Target/skeleton",3],"183":["Spine/CaXau/AtlasBossCaSauPack0",3],"184":["Spine/MiniBoss/MiniBoss",9],"185":["Sound/WindShort",7],"186":["Atlats/ThangLon/Spinner",3],"187":["Spine/CaXau/casauHelp",3],"188":["Animation/particle_texture (1)",1],"189":["Spine/Fish/Fish_5",9],"190":["Img/AutoAtlas/Help/8",3],"191":["Img/AutoAtlas/Help/35",3],"192":["Spine/FishJp/animation_cathantai",9],"193":["Spine/Rua/RuaBones4",3],"194":["Atlats/nbomb_explode/fish_nbomb_explode_09",3],"195":["Img/AutoAtlas/Help/14",3],"196":["Img/AutoAtlas/Help/7",3],"197":["Spine/Fish73/Acqui-1",3],"198":["Spine/BigFishBum/ExplosionSmall_03",3],"199":["Sound/HopQuaNo",7],"200":["Atlats/ThangLon/Background (6)",3],"201":["Img/lobby",3],"202":["Spine/Fish/Fish_7",9],"203":["Img/Popup/CamMay/Measurement_2",3],"204":["Sound/CoinBayVe",7],"205":["Spine/Fish/Fish_15",9],"206":["Sound/TrungXucTua",7],"207":["Sound/DoiSung",7],"208":["Spine/BigFishBum/ExplosionSmall_09",3],"209":["Sound/TrungCa",7],"210":["Img/Btn_Rank_normal",3],"211":["Spine/Explosion/Explosion",9],"212":["Spine/Fish/Fish_6",9],"213":["Img/AutoAtlas/Help/6",3],"214":["Img/huogndan5",3],"215":["Atlats/ThangLon/Frame Thang Lon",3],"216":["Img/Khung",3],"217":["Spine/Fish/Fish_19",9],"218":["Spine/hanbang/hanbang",9],"219":["Img/e851e89b-faa2-4484-bea6-5c01dd9f06e2",3],"220":["Img/AutoAtlas/Help/12",3],"221":["Img/AutoAtlas/Help/1",3],"222":["Sound/FishBoom",7],"223":["Img/AutoAtlas/Help/43",3],"224":["Sound/MiniBossRoiItem",7],"225":["Sound/ShowTakeTireuHoi",7],"226":["Spine/Fish/Fish_23",9],"227":["Spine/GunMuiKhoan/effectLight0",3],"228":["Img/auraTemp",3],"229":["Img/AutoAtlas/Help/20",3],"230":["Font/FontNumberHit",3],"231":["Spine/BigFishBum/ExplosionSmall_07",3],"232":["Img/AutoAtlas/Help/23",3],"233":["Atlats/ThangLon/Bulb Yellow",3],"234":["Sound/KetThucDemTien",7],"235":["Spine/Fish73/Acqui-0",3],"236":["Atlats/nbomb_explode/fish_nbomb_explode_11",3],"237":["Img/AutoAtlas/Help/24",3],"238":["Spine/CaXau/CaSau",9],"239":["Img/AutoAtlas/DongBang/04-Effect-Bang-Bg",3],"240":["Atlats/nbomb_explode/fish_nbomb_explode_02",3],"241":["Spine/GunFire/fish_cannon_101_head",3],"242":["Spine/Fish/Fish_35",9],"243":["Sound/HitIncredible",7],"244":["Sound/Bomb DropShortt",7],"245":["Spine/Rua/RuaBones2",3],"246":["Img/bullet_1",3],"247":["Img/huongdan3",3],"248":["Sound/PoseidonBullet",7],"249":["Spine/BossBongDem/AtlasBossCaLongDenPack0",3],"250":["Img/RedFishCircle",3],"251":["Spine/BigFishBum/ExplosionSmall_17",3],"252":["Img/AutoAtlas/Help/5",3],"253":["Spine/Fish/Fish_34",9],"254":["Sound/SungBan_DoiPhuong",7],"255":["Img/Arrow",3],"256":["Spine/BossBongDem/CaLongDenDieBones7",3],"257":["Spine/GunFire/fish_cannon_101_body",3],"258":["Img/MyBaseStation",3],"259":["Img/d81ec8ad-247c-4e62-aa3c-d35c4193c7af",3],"260":["Img/AutoAtlas/Help/11",3],"261":["Img/AutoAtlas/Help/17",3],"262":["Spine/GunSongAm/bullet202Area",3],"263":["Img/BtnMinus4P",3],"264":["Sound/CaDoChet",7],"265":["Atlats/nbomb_explode/fish_nbomb_explode_08",3],"266":["Spine/FishJp/bingdong_2",3],"267":["Spine/Fish/Fish_24",9],"268":["Img/hole",3],"269":["Spine/Fish/Fish_31",9],"270":["Spine/Fish/Fish_37",9],"271":["Img/AutoAtlas/DongBang/bingdong_2",3],"272":["Img/Btn_Exit_normal",3],"273":["Spine/BossBongDem/CaLongDenDieBones",3],"274":["Img/bkgCaTran",3],"275":["Spine/Fish70/NguaBayDead",3],"276":["Sound/Set",7],"277":["Sound/atach=k",7],"278":["Spine/TrieuHoi/anim_chuxian",9],"279":["Spine/Target/skeleton",9],"280":["Spine/FishJp/text-export",3],"281":["Font/bosocasau-export_cyrillic",3],"282":["Img/b2beae8f-a80e-491d-a36d-2b23ac283734",3],"283":["Spine/CaXau/CaSauDie2",3],"284":["Img/ItemHaiThan/ItemMiniBoss1",3],"285":["Img/Popup/CamMay/Btn_Plus_Normal",3],"286":["Img/ItemHaiThan/ItemMiniBoss5",3],"287":["Spine/Fish/Fish_18",9],"288":["Img/name_ingame",3],"289":["Spine/BossBongDem/CaLongDenBones",3],"290":["Spine/CaXau/CaSauDie1",3],"291":["Spine/GunSongAm/bullet202fire0",3],"292":["Img/ItemHaiThan/ItemMiniBoss2",3],"293":["Sound/InGameMusic2",7],"294":["Img/Popup/0",3],"295":["Spine/Fish/Fish_27",9],"296":["Img/AutoAtlas/Help/31",3],"297":["Sound/TomAlaska",7],"298":["Sound/DiaGa",7],"299":["Sound/AnDuocNhomCa",7],"300":["Spine/Fish/Fish_17",9],"301":["Img/43",3],"302":["Spine/Fish/Fish_9",9],"303":["Spine/Fish70/NguaBay",3],"304":["Img/huogndan4",3],"305":["Animation/BkgMatThan",1],"306":["Spine/Fish71/Ph2",3],"307":["Atlats/nbomb_explode/fish_nbomb_explode_12",3],"308":["Img/AutoAtlas/Help/16",3],"309":["Sound/StartBoom",7],"310":["Img/Popup/CamMay/Measurement_1",3],"311":["Spine/GunSet/BiGiatSet/MBLightning4",3],"312":["Spine/Fish74/RongMini",3],"313":["Sound/DemTien",7],"314":["Sound/Wind",7],"315":["Spine/BigFishBum/ExplosionSmall_05",3],"316":["Img/AutoAtlas/Help/33",3],"317":["Spine/Target/target_line",3],"318":["Spine/DragonBoss/DragonBoss",9],"319":["Sound/RuaXoay2",7],"320":["Spine/EFFECT_ELECTRI/EFFECT_ELECTRI",9],"321":["Sound/phonixStart",7],"322":["Sound/GunFire",7],"323":["Sound/takeNgocRong",7],"324":["Sound/NextTurn",7],"325":["Sound/ButtonClick",7],"326":["Spine/GunSongAm/gun202fire0",3],"327":["Sound/tienRoi",7],"328":["Spine/Rua/RuaDieBones2",3],"329":["Img/BtnDoiBan",3],"330":["Atlats/nbomb_explode/fish_nbomb_explode_06",3],"331":["Atlats/nbomb_explode/fish_nbomb_explode_01",3],"332":["Img/arrow_bg",3],"333":["Spine/Fish/1999_Fish",3],"334":["Img/AutoAtlas/Help/2",3],"335":["Sound/Doi_Sung",7],"336":["Img/d76734c3-87d4-4220-8930-b156be22998f",3],"337":["Spine/BigFishBum/ExplosionSmall_01",3],"338":["Spine/Fish71/Ph3",3],"339":["Img/Background (11) (1)",3],"340":["Img/Untitled-1",3],"341":["Spine/Fish/Fish_3",9],"342":["Img/Popup/CamMay/Measurement",3],"343":["Img/huongdan3",2,1],"344":["Img/huogndan2",2,1],"345":["Img/b43ff3c2-02bb-4874-81f7-f2dea6970f18",2,1],"346":["Animation/AnimFish/Fish74",0],"347":["Img/Khung",2,1],"348":["Img/AutoAtlas/Help/17",2,1],"349":["Prefabs/Fish/Fish71",6],"350":["Spine/MiniBoss/MiniBoss",2,1],"351":["Prefabs/Fish/Fish74",6],"352":["Spine/GunSet/Tam1/bullet999fire6",2,1],"353":["Spine/MatThan/AtlasGun101Pack0",2,1],"354":["Prefabs/LichSuJackpot",6],"355":["Img/Btn_Rank_normal",2,1],"356":["Spine/Fish/Fish_36",8],"358":["Spine/GunSet/BiGiatSet/MBLightning2",2,1],"359":["Spine/Fish/Fish_34",8],"360":["Animation/EffectTarget",0],"361":["Spine/Fish/Fish_6",8],"362":["Spine/CaXau/CaSauDie2",2,1],"363":["Animation/EffectFish/BigFish",0],"364":["Spine/Rua/RuaDieBones",8],"365":["Atlats/nbomb_explode/fish_nbomb_explode_08",2,1],"366":["Img/huogndan4",2,1],"367":["Spine/BigFishBum/ExplosionSmall_03",2,1],"368":["Animation/Gun/BulletSet",0],"369":["Img/b2beae8f-a80e-491d-a36d-2b23ac283734",2,1],"370":["Atlats/nbomb_explode/fish_nbomb_explode_06",2,1],"371":["Prefabs/Fish/Fish72",6],"372":["Spine/GunFire/fish_cannon_101_head",2,1],"373":["Img/AutoAtlas/Help/0",2,1],"374":["Img/song 1",2,1],"375":["Img/Wave",2,1],"376":["Spine/BossBongDem/CaLongDenDieBones6",2,1],"377":["Spine/Target/target_line",2,1],"378":["Spine/BigFishBum/ExplosionSmall_15",2,1],"380":["Animation/AnimFish/Fish70",0],"381":["Spine/Fish70/NguaBayDead",4],"383":["Atlats/nbomb_explode/fish_nbomb_explode_12",2,1],"384":["Prefabs/Fish/Fish1",6],"385":["Prefabs/Fish/Fish103",6],"387":["Spine/VongQuay/v2",2,1],"388":["Img/e851e89b-faa2-4484-bea6-5c01dd9f06e2",2,1],"389":["Img/Popup/CamMay/Icon_TamGiac",2,1],"390":["Img/BtnDoiBan",2,1],"393":["Img/huogndan1",2,1],"394":["Animation/AnimFish/Fish71",0],"395":["Img/song 2",2,1],"396":["Spine/GunSet/Tam1/bullet999fire22",2,1],"397":["Spine/GunSet/Tam1/gun999fire3",2,1],"398":["Spine/GunMuiKhoan/AtlasGun204Pack0",4],"400":["Spine/GunSet/Tam1/gun999fire2",2,1],"401":["Img/hole",2,1],"402":["Animation/ComingBoss",0],"403":["Font/FontNumberHit",5],"405":["Prefabs/Fish/Fish39",6],"406":["Prefabs/Fish/Fish55",6],"407":["Spine/CaXau/AtlasBossCaSauPack0",4],"408":["Img/AutoAtlas/LocXoay/redFishEffect1",2,1],"409":["Spine/GunSet/Tam1/bullet999fire20",2,1],"410":["Prefabs/Fish/Fish26",6],"411":["Img/bkg3",2,1],"412":["Spine/hanbang/hanbang",2,1],"413":["Spine/fxLaser/fxLaser",2,1],"414":["Spine/GunSongAm/bullet202fire0",2,1],"415":["Spine/EFFECT_ELECTRI/EFFECT_ELECTRI",8],"416":["Atlats/ThangLon/Background (6)",2,1],"418":["Img/AutoAtlas/Help/22",2,1],"419":["Img/AutoAtlas/Coin/00010001",2,1],"420":["Spine/Fish/Fish_18",8],"421":["Spine/Target/skeleton",8],"422":["Prefabs/Game/ThangLon",6],"423":["Spine/GunSet/Tam1/bullet999explode8",2,1],"424":["Animation/Gun/GunMuiKhoan",0],"425":["Spine/GunFire/fish_cannon_101_body",2,1],"426":["Font/bosocasau-export_cyrillic",2,1],"427":["Spine/Fish/Fish_11",8],"428":["Img/AutoAtlas/AuraSet/eff-ellec07",2,1],"429":["Spine/NoBigFish/ExplosionHit",8],"430":["Img/AutoAtlas/Help/16",2,1],"431":["Spine/VongQuay/Lớp 1",2,1],"432":["Animation/Gun/GunSongAm",0],"433":["Spine/GunSet/Tam1/bullet999fire14",2,1],"434":["Spine/Fish/Fish_1",8],"435":["Prefabs/Fish/Fish36",6],"436":["Spine/Fish73/Acqui-0",4],"437":["Spine/GunSet/Tam1/bullet999explode7",2,1],"438":["Img/AutoAtlas/LocXoay/redFishEffect49",2,1],"439":["Img/BtnMinus4P",2,1],"440":["Spine/FishJp/boss",2,1],"441":["Spine/explode_bomb/explode_bomb",8],"442":["Img/arrow_bg",2,1],"443":["Spine/Fish/Fish_25",8],"444":["Spine/Fish/Fish_3",8],"445":["Img/AutoAtlas/Coin/00010009",2,1],"446":["Img/ItemHaiThan/ItemMiniBoss3",2,1],"447":["Prefabs/Fish/Fish11",6],"448":["Img/AutoAtlas/LocXoay/redFishEffect9",2,1],"449":["Img/AutoAtlas/Help/18",2,1],"450":["Spine/CaXau/CaSauDie3",2,1],"451":["Img/AutoAtlas/LocXoay/redFishEffect21",2,1],"452":["Spine/fxLaser/fxLaser",8],"454":["Spine/GunSet/Tam1/bullet999fire18",2,1],"455":["Animation/AnimFish/Fish70Dead",0],"456":["Img/auraMain",2,1],"457":["Prefabs/Fish/Fish73",6],"458":["Spine/BigFishBum/ExplosionSmall_01",2,1],"459":["Spine/Fish/Fish_5",8],"460":["Spine/Fish/Fish_15",8],"461":["Atlats/nbomb_area/nbomb_area",4],"462":["Img/AutoAtlas/Help/15",2,1],"463":["Spine/Fish73/Acqui-1",4],"464":["Img/AutoAtlas/LocXoay/redFishEffect53",2,1],"465":["Animation/Exprozer",0],"466":["Animation/AnimFish/Fish73",0],"467":["Img/AutoAtlas/Help/23",2,1],"468":["Spine/Fish74/RongMini",4],"469":["Img/AutoAtlas/DongBang/bingdong_2",2,1],"470":["Img/AutoAtlas/Help/5",2,1],"471":["Prefabs/Fish/Fish29",6],"473":["Img/Untitled-1",2,1],"474":["Prefabs/Fish/Fish56",6],"475":["Spine/Speed/fire_fence",4],"476":["Img/Popup/CamMay/Btn_Plus_Normal",2,1],"477":["Img/c0b95305-4017-462d-89ae-6e584d4198df",2,1],"478":["Img/bkg2",2,1],"479":["Spine/sprite-flag",10],"480":["Img/AutoAtlas/Help/34",2,1],"481":["Img/ItemHaiThan/ItemMiniBoss2",2,1],"483":["Spine/Target/skeleton",2,1],"484":["Spine/Fx_MiniBoss/Fx_Transition",2,1],"485":["Prefabs/Fish/Fish40",6],"486":["Animation/Gun/GunSet",0],"487":["Spine/GunSet/Tam1/bullet999fire8",2,1],"488":["Animation/EffectFish/AuraSet",0],"489":["Img/Popup/CamMay/Measurement_1",2,1],"490":["Spine/GunSet/Tam1/GunSet",4],"491":["Atlats/nbomb_explode/fish_nbomb_explode_03",2,1],"492":["Spine/FishJp/animation_cathantai",2,1],"493":["Prefabs/Fish/Fish6",6],"494":["Img/Target1",2,1],"495":["Img/AutoAtlas/Help/19",2,1],"496":["Img/AutoAtlas/Coin/00010010",2,1],"497":["Spine/BigFishBum/ExplosionSmall_07",2,1],"498":["Img/AutoAtlas/Help/37",2,1],"499":["Spine/BossBongDem/CaLongDenDieBones",2,1],"500":["Prefabs/Fish/Fish3",6],"501":["Img/AutoAtlas/Help/32",2,1],"502":["Atlats/ThangLon/Spinner",2,1],"503":["Spine/Fish/Fish_10",8],"504":["Img/AutoAtlas/Help/7",2,1],"505":["Spine/Fish/Fish_7",8],"506":["Prefabs/Fish/Fish54",6],"507":["Spine/Fish/Fish_16",8],"508":["Prefabs/Fish/Fish101",6],"509":["Atlats/nbomb_explode/fish_nbomb_explode_05",2,1],"510":["Spine/GunSet/Tam1/bullet999explode1",2,1],"511":["Img/MyBaseStation",2,1],"512":["Spine/GunSet/Tam1/bullet999fire0",2,1],"513":["Prefabs/Fish/Fish7",6],"514":["Img/auraTemp",2,1],"515":["Animation/EffectSpeed",0],"516":["Img/AutoAtlas/Help/6",2,1],"517":["Spine/BossBongDem/CaLongDenDieBones7",2,1],"518":["Img/fish_cannon_1_body",2,1],"519":["Prefabs/Fish/Fish30",6],"520":["Img/AutoAtlas/AuraSet/AuraSet",4],"521":["Spine/GunSet/Tam1/bullet999explode0",2,1],"522":["Img/b158189c-ab6e-4713-904c-a3a49748b882",2,1],"523":["Spine/FX_luoi_effect/FX_luoi_effect",2,1],"524":["Img/AutoAtlas/Help/31",2,1],"525":["Spine/BigFishBum/ExplosionSmall_05",2,1],"526":["Animation/NoHu",0],"527":["Spine/Rua/RuaDieBones3",2,1],"528":["Spine/Fish/Fish_31",8],"529":["Spine/Fish71/Ph1",4],"530":["Animation/EffectFish/ThangLon",0],"531":["Spine/MiniBoss/MiniBoss",8],"532":["Img/Popup/CamMay/Btn_Back_disable",2,1],"533":["Spine/GunSet/Tam1/bullet999fire24",2,1],"534":["Spine/DragonBoss/DragonBoss",2,1],"535":["Img/Btn_Exit_normal",2,1],"539":["Spine/FishJp/fish_com_1",2,1],"540":["Spine/BossBongDem/CaLongDenBones",8],"541":["Spine/Rua/RuaBones4",2,1],"542":["Img/AutoAtlas/Help/11",2,1],"543":["Img/AutoAtlas/Help/21",2,1],"544":["Spine/GunSet/idle",2,1],"545":["Img/imgRong",2,1],"546":["Img/AutoAtlas/Coin/00010008",2,1],"547":["Animation/TargetBoom",0],"548":["Atlats/nbomb_explode/fish_nbomb_explode_09",2,1],"549":["Spine/Fish/Fish_0",8],"550":["Spine/GunSet/Tam1/gun999fire1",2,1],"551":["Spine/EFFECT_ELECTRI/EFFECT_ELECTRI",2,1],"552":["Prefabs/Game/DropBoom",6],"553":["Prefabs/Fish/Fish32",6],"554":["Prefabs/Fish/Fish14",6],"555":["Spine/BossBongDem/CaLongDenDieBones",8],"556":["Img/bkg1",2,1],"557":["Prefabs/Fish/Fish100",6],"558":["Img/AutoAtlas/DongBang/03-Effect-Bang-Bg",2,1],"559":["Spine/Fish/Fish_17",8],"560":["Prefabs/Game/EyeOcean0",6],"561":["Img/AutoAtlas/AuraSet/eff-ellec13",2,1],"562":["Prefabs/HelpBongDem",6],"563":["Prefabs/Fish/Fish18",6],"564":["Img/ItemHaiThan/ItemMiniBoss1",2,1],"565":["Spine/CaXau/CaSau",2,1],"566":["Img/AutoAtlas/Help/27",2,1],"567":["Img/netGold",2,1],"569":["Prefabs/Fish/Fish38",6],"570":["Spine/Rua/RuaBones2",2,1],"571":["Animation/ChangeGun",0],"572":["Spine/Fish/Fish_24",8],"573":["Img/AutoAtlas/Coin/00010007",2,1],"574":["Img/bkgCaTran",2,1],"575":["Animation/EffectFish/LocXoay",0],"576":["Img/Popup/CamMay/Frame_Timer",2,1],"577":["Prefabs/Fish/Fish2",6],"578":["Prefabs/Fish/Fish17",6],"579":["Spine/VongQuay/Background (3)",2,1],"580":["Spine/VongQuay/LayerBelow",2,1],"581":["Img/AutoAtlas/LocXoay/redFishEffect13",2,1],"582":["Img/name_ingame",2,1],"583":["Img/AutoAtlas/LocXoay/redFishEffect41",2,1],"584":["Img/lobby",2,1],"585":["Spine/BossBongDem/CaLongDenDieBones5",2,1],"586":["Img/f2",2,1],"587":["Img/fish_cannon_1_head",2,1],"588":["Img/huogndan5",2,1],"589":["Spine/GunSet/Tam1/bullet999fire16",2,1],"590":["Prefabs/Fish/Fish25",6],"591":["Prefabs/Fish/Fish20",6],"592":["Spine/FishJp/animation_cathantai",8],"593":["Spine/Fish/Fish_4",8],"594":["Img/Popup/CamMay/Measurement",2,1],"595":["Spine/FishJp/Eff_Boss_5",2,1],"596":["Font/FontNumberHit",2,1],"597":["Spine/BigFishBum/ExplosionSmall_11",2,1],"598":["Img/AutoAtlas/Help/43",2,1],"599":["Img/AutoAtlas/LocXoay/redFishEffect5",2,1],"600":["Spine/FX_luoi_effect/FX_luoi_effect",8],"601":["Img/bullet_1",4],"602":["Atlats/nbomb_explode/fish_nbomb_explode_02",2,1],"603":["Spine/GunSet/Tam1/bullet999explode11",2,1],"604":["Img/gun9",2,1],"605":["Prefabs/Fish/Fish31",6],"606":["Img/AuraGroup",2,1],"607":["Spine/Fish/Fish_9",8],"609":["Atlats/nbomb_explode/fish_nbomb_explode_04",2,1],"610":["Spine/Fx_MiniBoss/Fx_Transition",8],"611":["Img/d81ec8ad-247c-4e62-aa3c-d35c4193c7af",2,1],"612":["Spine/GunSet/Tam1/bullet999explode4",2,1],"613":["Img/AutoAtlas/LocXoay/LOcXoay",4],"614":["Animation/EffectFish/BiGiatSet",0],"615":["Img/AutoAtlas/Help/14",2,1],"616":["Spine/GunSet/Tam1/bullet999explode10",2,1],"617":["Spine/VongQuay/iconNext",2,1],"618":["Spine/Fish/Fish_19",8],"619":["Img/AutoAtlas/DongBang/04-Effect-Bang-Bg",2,1],"620":["Animation/Auto",0],"621":["Font/CoinWin",5],"622":["Atlats/ThangLon/Light Circle",2,1],"623":["Prefabs/Fish/Fish5",6],"624":["Img/AutoAtlas/AuraSet/eff-ellec09",2,1],"625":["Spine/BigFishBum/ExplosionSmall_13",2,1],"626":["Spine/VongQuay/VongQuay",4],"627":["Spine/GunSet/Tam1/bullet999explode5",2,1],"628":["Img/AutoAtlas/LocXoay/redFishEffect29",2,1],"629":["Prefabs/Fish/Fish16",6],"630":["Prefabs/Fish/Fish52",6],"631":["Spine/VongQuay/CUA VQMM2",2,1],"632":["Atlats/nbomb_explode/fish_nbomb_explode_11",2,1],"633":["Img/AutoAtlas/LocXoay/redFishEffect45",2,1],"634":["Prefabs/Game/DinhBa",6],"635":["Spine/TrieuHoi/anim_chuxian",2,1],"636":["Spine/BossBongDem/CaLongDenDieBones3",2,1],"637":["Prefabs/Fish/Fish13",6],"638":["Spine/GunSet/BiGiatSet/MBLightning7",2,1],"639":["Spine/Fish/Fish_30",8],"640":["Spine/CaXau/CaSau",8],"641":["Img/AutoAtlas/Coin/00010003",2,1],"642":["Img/AutoAtlas/Coin/00010002",2,1],"643":["Animation/EffectFish/NhomCa",0],"645":["Img/auto",2,1],"646":["Img/AutoAtlas/Help/36",2,1],"647":["Img/InGameBg1",2,1],"648":["Font/bosocasau-export_cyrillic",5],"649":["Spine/Rua/AtlasBossRuaPack0",4],"650":["Img/ItemHaiThan/ItemMiniBoss5",2,1],"651":["Spine/Explosion/Explosion",8],"652":["Img/boxCoinBossRoom",2,1],"653":["Spine/Fish/Fish_21",8],"654":["Spine/CaXau/CaSauDie1",2,1],"655":["Spine/Fish/Fish_23",8],"656":["Spine/FishJp/bingdong_2",2,1],"657":["Spine/Fish/Fish_35",8],"658":["Img/Btn_Setting_normal",2,1],"659":["Spine/GunSet/Tam1/bullet999fire10",2,1],"661":["Animation/AnimFish/Fish72",0],"662":["Prefabs/Fish/Fish19",6],"663":["Img/AutoAtlas/Help/10",2,1],"664":["Img/71561142-4c83-4933-afca-cb7a17f67053",2,1],"665":["Img/Arrow",2,1],"666":["Spine/Rua/RuaDieBones2",2,1],"667":["Spine/eff_xoay/eff_xoay",2,1],"668":["Img/huogndan6",2,1],"669":["Animation/EffectPlayer/Speed",0],"670":["Img/AutoAtlas/Help/8",2,1],"671":["Spine/CaXau/CaSauDie",8],"672":["Prefabs/Fish/Fish15",6],"673":["Prefabs/Fish/Fish34",6],"674":["Img/AutoAtlas/AuraSet/eff-ellec11",2,1],"675":["Spine/BossBongDem/AtlasBossCaLongDenPack0",4],"676":["Spine/Fish/1999_Fish",2,1],"677":["Img/AutoAtlas/Help/4",2,1],"678":["Spine/GunSet/Tam1/bullet999explode3",2,1],"679":["Img/Popup/CamMay/Frame_Timer_Black",2,1],"680":["Atlats/nbomb_explode/fish_nbomb_explode_07",2,1],"681":["Img/AutoAtlas/LocXoay/redFishEffect25",2,1],"682":["Img/AutoAtlas/Help/1",2,1],"683":["Spine/GunSet/BiGiatSet/MBLightning3",2,1],"684":["Img/Popup/Frame_Info_Yellow",2,1],"685":["Spine/GunSongAm/bullet202Area",2,1],"686":["Spine/Fish/Fish_37",8],"687":["Spine/BossBongDem/mask",2,1],"688":["Img/Popup/CamMay/Btn_Back_normal",2,1],"689":["Spine/Fish/Fish_20",8],"690":["Img/AutoAtlas/Help/3",2,1],"691":["Spine/CaXau/casauHelp",2,1],"692":["Spine/Fish/Fish_8",8],"693":["Spine/Fish72/ThienThan1",4],"694":["Animation/Coin",0],"695":["Prefabs/Fish/Fish22",6],"696":["Img/RedFishCircle",2,1],"697":["Img/anhSang",2,1],"698":["Spine/GunSet/Tam1/bullet999fire12",2,1],"699":["Prefabs/Fish/Fish102",6],"700":["Img/ItemHaiThan/dinh 3",2,1],"701":["Spine/FishJp/Layer 2",2,1],"702":["Spine/TrieuHoi/anim_chuxian",8],"703":["Img/Popup/CamMay/Btn_Minus_Normal",2,1],"704":["Prefabs/Fish/Fish9",6],"705":["Prefabs/Fish/Fish33",6],"706":["Spine/Fish70/NguaBay",4],"707":["Prefabs/Fish/Fish23",6],"708":["Prefabs/Fish/Fish4",6],"709":["Img/BtnPlus1P",2,1],"710":["Spine/Rua/RuaBones",2,1],"711":["Spine/GunSongAm/gun202fire0",2,1],"712":["Spine/DragonBoss/DragonBoss",8],"713":["Prefabs/Fish/Fish51",6],"714":["Atlats/nbomb_explode/fish_nbomb_explode_01",2,1],"715":["Img/AutoAtlas/AuraSet/eff-ellec15",2,1],"716":["Spine/GunSet/Tam1/bullet999explode12",2,1],"717":["Img/AutoAtlas/Help/9",2,1],"718":["Animation/GunAtackNormal",0],"719":["Spine/Fish/Fish_27",8],"720":["Img/AutoAtlas/Help/30",2,1],"721":["Animation/MatThan",0],"722":["Spine/GunMuiKhoan/effectLight0",2,1],"723":["Spine/MatThan/sprites",4],"724":["Spine/CaXau/CaSauDie",2,1],"725":["Spine/VongQuay/v1",2,1],"726":["Spine/Rua/RuaBones",8],"727":["Spine/VongQuay/Gold",2,1],"728":["Prefabs/Fish/Fish21",6],"729":["Img/AutoAtlas/Help/13",2,1],"730":["Spine/GunSet/Tam1/bullet999explode9",2,1],"731":["Prefabs/Fish/Fish8",6],"732":["Img/Popup/CamMay/Measurement_2",2,1],"733":["Spine/GunSet/BiGiatSet/MBLightning6",2,1],"734":["Spine/Fish71/Ph2",4],"735":["Img/AutoAtlas/Coin/00010004",2,1],"736":["Animation/BoomDrop",0],"737":["Img/AutoAtlas/Help/12",2,1],"738":["Img/d76734c3-87d4-4220-8930-b156be22998f",2,1],"739":["Spine/GunSet/BiGiatSet/MBLightning4",2,1],"740":["Spine/FishJp/text-export",5],"741":["Prefabs/Fish/Fish12",6],"742":["Img/AutoAtlas/LocXoay/redFishEffect33",2,1],"743":["Img/43",2,1],"744":["Spine/sprite-flag",11],"745":["Img/dc0c1f91-49ee-4d05-a426-222604ede1b9",2,1],"746":["Img/Background (11) (1)",2,1],"747":["Spine/Fish/1999_Fish2",2,1],"748":["Prefabs/Fish/Fish53",6],"749":["Img/AutoAtlas/LocXoay/redFishEffect37",2,1],"750":["Prefabs/TakeJp",6],"751":["Prefabs/Fish/Fish24",6],"753":["Prefabs/Fish/Fish70",6],"754":["Img/Popup/0",2,1],"755":["Atlats/nbomb_explode/fish_nbomb_explode_10",2,1],"756":["Img/Arrow2",2,1],"757":["Animation/GunAtack",0],"758":["Atlats/ThangLon/Bulb Yellow",2,1],"759":["Img/AutoAtlas/DongBang/02-Effect-Bang-Bg",2,1],"760":["Spine/FishJp/warning",2,1],"761":["Spine/Fish/Fish_2",8],"762":["Img/iconCirle",2,1],"763":["Spine/GunSet/BiGiatSet/MBLightning1",2,1],"764":["Prefabs/Fish/Fish50",6],"765":["Spine/FishJp/text-export",2,1],"766":["Img/AutoAtlas/AuraSet/eff-ellec01",2,1],"767":["Spine/Fish/Fish_43",8],"768":["Img/EFF_01",2,1],"769":["Spine/GunSet/BiGiatSet/MBLightning5",2,1],"770":["Font/CoinWin",2,1],"771":["Img/Btn_info_normal",2,1],"772":["Img/SungLaser_Text",2,1],"773":["Spine/Rua/RuaBones3",2,1],"774":["Spine/BigFishBum/ExplosionSmall_17",2,1],"775":["Img/AutoAtlas/LocXoay/redFishEffect17",2,1],"776":["Atlats/ThangLon/Lớp 1 (1)",2,1],"777":["Spine/CaXau/CaSau1",2,1],"778":["Img/AutoAtlas/Help/20",2,1],"779":["Img/AutoAtlas/Help/2",2,1],"780":["Spine/GunSet/Tam1/bullet999fire4",2,1],"781":["Prefabs/Fish/Fish35",6],"787":["Spine/FishJp/fish_com_1",3],"788":["Spine/BossBongDem/CaLongDenBones",9],"789":["Atlats/ThangLon/Light Circle",3],"790":["Sound/70Start",7],"791":["Img/AutoAtlas/Help/21",3],"792":["Spine/Fish/Fish_25",9],"793":["Img/bkg2",3],"794":["Img/AutoAtlas/Help/25",2,1],"795":["Img/AutoAtlas/Help/35",2,1],"796":["Spine/hanbang/hanbang",8],"797":["Spine/BossBongDem/CaLongDenDieBones4",2,1],"798":["Spine/GunSet/Tam1/bullet999explode13",2,1],"799":["Animation/ComingCaXau",0],"800":["Spine/Explosion/Explosion",2,1],"801":["Spine/VongQuay/v3",2,1],"802":["Spine/Fish/Fish_14",8],"803":["Img/AutoAtlas/Coin/00010006",2,1],"804":["Spine/Fish/Fish_13",8],"805":["Spine/Rua/RuaDieBones",2,1],"806":["Spine/eff_xoay/eff_xoay",8],"807":["Spine/BossBongDem/CaLongDenDieBones2",2,1],"808":["Animation/BoomDead",0],"809":["Spine/GunSet/Tam1/bullet999explode6",2,1],"810":["Img/AutoAtlas/DongBang/01-Effect-Bang-Bg",2,1],"811":["Img/ItemHaiThan/them 30%",2,1],"812":["Atlats/ThangLon/Frame Thang Lon",2,1],"813":["Spine/Fish/Fish_12",8],"814":["Prefabs/Fish/Fish10",6],"815":["Spine/Fish71/Ph3",4],"817":["Img/ItemHaiThan/ItemMiniBoss4",2,1],"818":["Img/AutoAtlas/Coin/00010005",2,1],"819":["Prefabs/Fish/Fish28",6],"820":["Spine/BossBongDem/CaLongDenBones",2,1],"821":["Spine/NoBigFish/ExplosionHit",2,1],"822":["Spine/Fish/Fish_22",8],"823":["Img/AutoAtlas/Coin/CoinBD",4],"824":["Spine/explode_bomb/explode_bomb",2,1],"825":["Img/AutoAtlas/Help/33",2,1],"826":["Spine/Fish72/ThienThan2",4],"827":["Img/AutoAtlas/Help/24",2,1],"828":["Spine/BigFishBum/ExplosionSmall_09",2,1],"829":["Img/vongtron",2,1],"830":["Prefabs/Fish/Fish27",6],"831":["Spine/GunSet/Tam1/bullet999fire2",2,1]},"types":["cc.AnimationClip","cc.ParticleAsset","cc.SpriteFrame","cc.Texture2D","cc.SpriteAtlas","cc.BitmapFont","cc.Prefab","cc.AudioClip","sp.SkeletonData","cc.Asset","cc.Material","cc.EffectAsset"],"uuids":["00FcRpj7dPCIvNuQX5LqZ8","01kIYVFzpArJF/nmboGn8K","02QwEKcwVMX4Pq23FEOxWF","03RaxHuTdDlZQlB2/2HzbQ","03hVjmyW9Jk4S2e3HQLaCG","04zBELj9RFQ4R+UpVVXl8X","06DwG5cxhHZaomlfXYUWn5","08SXRbdCBDuos7JcGRDK2l","09IYfKfbpK24VoktZ72S31","0aZ+um2CpMwbst6ZUEn47J","0b3kZuQN9DOrJGQ8eOeC7l","0fXQswVcdMVppl06q91dPw","0fmHHljJlIJKdjphTtVFzQ","10YTIjGFdF85ExlmE7uGJP","10YVM3L/xF4Z1SRn2iTrq9","10htR3GthI7LaX25rKfeVt","11BkEpeyVPRpIIM3yjmKra","11Imq2KSFEzo706QSCwQo2","11fN9kbO5M/LBQ83q6f7HT","11t8aAtyZMm60z6hYcWymS","11wQtXbSFFrqazqYFs+rrF","12J+cclrxGUIZg97j9sLdE","120sTJb89Ecqztmc6IKBEv","122JAB3dlHhKwh9c+NYIa0","13R/dwsXRCEbBMmyGWDpKl","134mRugVZOuKK70xYoq+e2","15PvIBtTNAhIYcb1+1hG9E","159i3d/ZVLxbj9oJF1Z2M4","16ArmHLfJFm73Lw28LLfn2","16aHu+k9BCXYMnyoImCIBC","16aS31eJNBCqAt+kvciP8W","16hYKVvitKmbBLsCRK3gJz","171FqlVc9GpJWAJvLDpHkB","18lYIwaJNJtKmdvGTL9lvT","18zVy/uJNIS7K9tjwiHe0j","19IT6pkN5LNrnbnqTN8aDu","1azd4UTaRH16pzlS4bMvb0","1boAw7yhtAQb3kHctnvvdA","1bxvUcxuBCBoHUXGUkjY5U","1b/eEDF+hLl4vH1wKTIvYX","1dUfpKRp9BIKlg3nFnpJ8G","1d4d3JxyFCuIol2EiMjkbX","21GILo8gFDSYWumzCRuZYj","21ID0YOPpAO6w8GhAGfjTH","21g6F61xtKfIB/4NJvu55j","22IaKwT2RE/qMPJN9qwK5y","22gPAlzUlGHLOzvWqyepMM","22pknGr05PhacBn6bNvmgB","225zgnw+xGCofTLasI1H+t","23GJ8i26BF87JgYvgJL5Ss","24GSw6AAROnI7vji+en3u/","25NkkHR3lG6poa5N6cnOLr","25WDw1KHdIvLEIAQFeIe91","25hFKA+iBF9qcSzij00jQn","26SZ21bWtNIIVGAOarcjYx","268Ly7Ch1O2oGXU8GJoiZg","2czt5GHE9IMamIJxS36HLO","2dfMoBDVVN/rDZ5zl2m9ur","2eRVZUeUdMy5nW3tCFLKNM","2eXNemmDpN/q9WbBmpn+50","2facTQSmhNt56ZdqPU5kxZ","2famKA7kpOd71uCaqAngke","30jRXkKTtA7pP4t60W2W91","33toRPaQpJ/bhxUfCX68PH","38EMJmH7ZLw6EedyzxDAP5","38amKlZ8FCeL28oSx0MNrT","3aKwbir+NO4L8Jb5gTLmHW","3aLH3sny5BlprJLttzw18x","3a74VZ7aZP3oy8xUYsp65H","3dVxm+2rRH5qRP+ZdAoWsc","3deAnUAXlLXIwyJdmdg0G/","3dqCsOdAhLzIcdb8jzWyMZ","3d8xALqEZE1K4XBI5DTqZZ","3epNynGARJ56HcWINF/PJZ","40Hrtn6dBJM6HZo0EOnoaP","42CY9aLx9BPKmbqTvN2XcK","42MB75zu9Ajqh96Tx+eO3a","43bWrJ8A1MI6elVeAlvTFN","44KrT7lRVIToWGHpzWcVhE","44xj+WrNFIJaXnQiy9d89d","45+IwBICVOepN/0Hi5MDOy","46Ke8RZe9MhrIL/CfZ1oWL","47gSMs3n5EW57BPnu45EA3","47p6WLJT9Ibr5KAxRudvL1","482Ljm3GhEGYqD0swt/xUA","4aqhJxaHxPZpae735uBaTp","4asOGwcH9GRpk/JdsJ52wK","4a1CDIyUdN76CdjIM5WqUt","4a2nzXUvRODomu+rXU0oQI","4a/+uzHudHe6oOVEhR4vyC","4bTtRfw61OUqNkgWx43USv","4bw3tsy5lEFbjnPHEA90OS","4cYnt5VHZBZIuqJB5rcG+4","4cdk4uYTBHJpU0FH0cr6Fh","4dpOT9tn5G5oRO8RtrATAa","4esJ2cbmpPTqbuAvnrdE9W","4e5wQK1jJPH7phC8FwtlnQ","52G47h1UhEbLhRLAb1dGsG","52WpvR/W9MXLXNac+I04F9","53LoDtCh1A7KAZQl0KIueo","54B4AjRhhBF6HBUZ+15CCz","54E5lJ6NVN1qPnG4KJ79wc","54j2O+dfFJyLalofI4Poic","54lZrplspKpLjdH1EFXmgk","549MyCL7lCIp0+QXo527so","55Sh/j3lFK366fDet03CEM","57FDecICxPOplXAzO6Igks","58HNm4EbFGaZTw1+S0HH4k","58kfojELZLUK4gxIC+csx6","5aIzxLZl9Gco1rxxF+6Rr7","5cSaCA+1ZGyrlP82jAcivN","5dhywYc7BItKHndv+FQEn0","5dnsSIXUpA+r9h50OCBrRF","5e5CfHxftIl6a6VXqPmIwj","5fJ2duG1JFfIYhAPl4/DA9","5f7Bqyk2ZDb6fl6jPqwk0y","608kmVi/ZPS4FXVL/TdX0/","61fVtHk+RIf6edHPaEfq3z","625VWhO+pNVrEqz4t3pHl7","63iO625dVP5rqSpYzzmSTj","64xiGjGYJHepD+9CKKtJT2","65MP/Of5ZCmYs7yKcW+5Js","65dzBY/hJFUoZS0gD0LpLS","65zqIK8uJFg5i76kjiDPNc","656oQc/ydJZI4vtqFnN1lY","658jAoYodBXIuqeqptZbfe","66Vi3sesZDpYtr9sKuKzKE","66g75JnlRGb6/e2gIXOEPI","66+BtLmUJEtbwUbZ5z93jo","67J03KD8tCt54x8SmUNvGe","68xlaf311Bur3t6DCbW/L9","69GBf/4pZEcJ1hDBpNSUak","69MAngCf5KzpYk1IxzpyOs","6913wXfmxFzKKP/2FkxiMR","6aFvrmaHJHNbcVtjwDcqTP","6adem3NX9JVp7JNEM7MI7e","6bCY526IRD4LbbELW7YJ/C","6cS07YD2ZLirlsK4E7odFl","6f76ZtgJlMsYoq24blr0hT","6f9SKFt1tDr6WTUWHm972/","70LwoP9eFLbZO+OnH9Ac8d","71KBtzJDFPSq4j46i81Zmw","71QsPXXCdIy5ece7qoCxQ0","718UbwhOtG+5J9ghlKo+uH","72qWUbHhFC666hd3/JlxzQ","725zLa/jpLBpYjczO7LQhC","73BwiFAYxLoYA3X6PnYhX8","73DDJjvMlEtpOuLIum/MGo","73ePJpkP9KYqeRFuWeOqgT","735nR1lA1PrrO/nQjb6pwH","74QAY62yFEeYLybSqV/TZD","74qCaomZZOCJRfVlSa6Ilp","74wGzXgeNFibiszTlc685u","75R0261KFMgK2FvDsmcW7m","75SupiRUVOCobGEuy5ZdvO","76Dhp0OVtMCJ0cW0riAX4p","76Zxt0s+VGY5Yjcm6xlcEj","76+WvECpBAcJWNv42B+zu7","77Ns36bw9FW6umu/xrWe5X","77ehhEUJNNL5jmbBz/9iDW","77f3PrbKlMN6vqW5cG97Wz","783BOu4xZObJndnGNWm/f/","784HRtht9O+5Bn0qQpyvyP","79Dmb4bH9Gtr0t6u4VSxUq","79aMiNWAZKkaGLl8BGxbrb","7aDvtvwAtFMaxs0+6Gm5iz","7aiMaB/spEzqXnc1ahLKN1","7bimVbgrROOrcH3jEhzQb3","7bkWcDO51PmbZVycgGsSB2","7cM1RLSYNG8Z+4qG+NXS7W","7cnL08HhZHgbfD5/D7eD1A","7dcPsMUzxPIoYpybjfJfuW","7dm8hiInFFO7EYFG64bHNH","7eBzCaXMlEyKNNQYAokYa0","7efEVCcKBOG4/RcwodH1j1","7e89ZG9ndKRLnioBdlLCbr","80rWvOEnBLl4+Nf95JayeH","81yQgKV8lKjbDh+VDwCOTf","82K2NLtehMJJqv8zog0sxi","82sA4xXztBp4q1CgXndMHf","82sTxNuv9LQ5E5mEi1QVfy","84R/XqwZlE4I0k4mlP2Vvp","84WePvW7dFPI9dXVzAoZ/I","85VH9SdgFM+rtIFm8UCPA6","87dorOncxEp5kiAVE9yzTi","873Oq+N8dGsIOZlntPg+d/","88tCik0ERPsIqGi9K4TvNT","89PCE2pw1BEYTtXdMDLd/r","89phRggFFClYCBc9VrJxuV","8aiZE+7GZGTLxXq0B6Vt8o","8bDBN0fS1Ga7VRtvyPvNY4","8bF31CzPxLgrMAcVDvr8Yj","8cqfJW6DFKS5TJoZJ0QR7I","8dRan7zdRBFIkj+Bt0mtWw","8dRb3jqSJCEoTWsQaev2+2","8emnbkNZhJn7R1VIFAu+2G","8etA2Bb7ZMqYFkY/xwRAT5","90T1YlHIlKK6+MRxiorzIV","91463HGL1DVJdvacF6L+3K","93QD8kQLVFwLX5meer1Yn/","97szl0jRlN44v75hkZZl1Z","98nf6pQx9HLqRt+sSXHwoy","99BQcC5eNGtZY6vIzI5203","99jVxe5vhAB74b/kpAdVqG","9aKHoizzxHjJ0ZRvyunAb6","9b6dP28eRF5JXlCl3z95X4","9cL/ps2nVPi4nFqzsmv9nr","9canC+aWNBtqmyP2k3XMtC","9c6YWP05BGf4HGyRQLBCPp","9dXfCyuGtDw47XgnHagBMc","a0V2ftG+NPL6kEY6RwLM7M","a0c3IChjpKTJ6pFqgV0Dqx","a0lWulFeVKfri+Xkr9rV6Z","a1DKl3gklAqbRFCE8oEhK4","a1HGKrWS1OMrz1rJnrLuK0","a1oYQ77VZKD6CSyep+Sz4l","a1464d62ZPGZu0maLehvpI","a2Oi6Cm3RMgrJh+t3RNmmu","a3Mz8ya0xAYKb5ZSGc2fO7","a5nKAmNNVHvJxnsN+k9Sq0","a6IMXWoQVHDJnHSSoJ7wdX","a669opaoNMeZj9htCK1HGy","a7wJShdIxNsp+eXxkqPx53","a7z+I/50pAp4mzOVb2NG4f","a7+Bu0utZNWrzJRX8R8L6H","a9V5w9XTFHVrL82hQwTVkK","aaRX+5x0tF3rS8hFsIkKqa","aa6uzyMORKYLM28wW2zRSt","ab7OaL9b1G5Y+ozTdp5J6K","ab/elzpI5JyrAw9wpIej2U","acSrhu/hhCupKUkD9dsGFV","acq1297pxM7rYRDEe9Yoov","ads6kWOd9IKKUmyVB12NiA","aeEk4blFNPApW4lQat6240","aeQgLg75dBHKXVh6aRVeKJ","afA1UAHGRMLaXWrYtl8Cxg","b0z+BuFslCKbPnq92yNiIT","b2Xcry4JhKuIu0wLsSIHBv","b2aveUAQxFO7vohiSH8iT8","b21v4IzWVNrooZvtdhxwFb","b23H5xhRVB7IfBgHrtyZZv","b3Yj0ZRd5DXrFT9WZ+ORqF","b3bIVINNdI+7E+lQaUhnWh","b4GIg08g1CDbjaxMODUnxo","b7Y8z8cttGZLUq9utp9ZQ7","b9bXoz/2tNboTZy9LDRb9k","b9uid8WYZEsLtEyxyyTGTI","bdI+aTkYxBjIsdELFyeblV","bdPvJ75hBCioEiuINx0lWk","bdRpPbTjtLNLkf63xzcs8A","beIgZ9yXtKGY+cEj3a6q87","beN7Wx0yRJEpraQFVhftcO","beyaqU51VLoa+3S/jgdPVF","be8KBkbdJNt455uc478Iai","be/cn9i9dBW6uk8Uz9SJ52","be/5+RrlBG7ZQDE43Zt5GJ","bfWSAE641IMpXncSsWo55j","bfoCkjP0BDUqXR8E5P5k04","bf9pO9yYtHS6cxsu1R9Hpe","c0T67h1ZhOH7rP/rkUlz4B","c0ykeXddhJWJTTxnFrF/hf","c3RjtPrNtLj7YzRqLxqbSn","c3hYJ3VsdGu5R1XzLcMDFb","c4fFpY+4xO56wnfL427Lmr","c4sJ9HuGhFwYkltPHxGxIj","c7PqTR1+ZIno1GXwNBeGVA","c7mWh5oHFHirSs2ccwajEQ","c8FbIJVqdPLKYDrSqa3pyN","c9BVZWISpLGqJhBMbvD9Gc","c95UU0wE9Af4d9Sc4l4F8h","caKvpxlQFHYYnCpFu/2vpA","cafYBpYCRLMJVa/u3sEGX3","cbtKiHnEBM1bwih92SC0Dm","ccs+wsijFCxYXzKAtuR6Qi","cdB5KDSUJMiZHwHi6mTXSh","ceLyC1w35C7r8QN5fkuElJ","ceM2KLY7RDZqUuFTZ4TA6r","ce6zBfIJ5FirMs0A1ha+fr","cfcyNyp6dAKJq03TEKTBqC","d0FiexrlRAJZjjZ6F2GenA","d1GVtHBXFJ1LjEbO+lGcUE","d1G6OfpghM54uj+J19OHAs","d16TfmFQ9DKase20sZqbQN","d2qKz5FfNDAb6sNRU91OKJ","d20t9xhTJEObiVLOssrs0k","d4E6tux6JLArvh5RfQnPlJ","d5A05f9TdN8YMQ0EGGKc4X","d5YcZanAlMb6YXQ4uyikbD","d5v2DMlutPCLdh2+OpVuBX","d6r0xBId5CYrrsql7eJhrn","d78FzAbBhFq4Pj1Y9gthD9","d8YA0BaK9Nxo+kLhljVYQE","d9PBBKfShGHL4ABFS6pw30","d9bLXYsntKUJPYOT6V5OSb","d9f0hUGYlGnYrrVGy6OKcT","d94QNrH2lG4oI4exSIU3HQ","dabMArsFhNbLN4yOFCAxHP","dcPvxseixE2rgYx5JoJGL+","dcjMG/jj9BZpoNqZrgm45S","dc7uhAGMlBX5AA71LdLK0W","ddJLSMgXtCUYTYvFXJCQC2","ddNje+zp5LSI2PszMEUFJG","deQ+7cextNkrDDSw4iw5v6","de11RlrrJCfqeJPO/B/uDt","e0gbaAd01GPYuMTjnWCMPq","e0qbEIk79Nh7H876NsOUGe","e0+zpRuWtKpIuf+YLrodta","e1jMRgJD9HBoWkkXgA1dGI","e13Ztna/hN0oqnn6kIP3v7","e2Jz3N7KdHfobNsvwtzg1k","e2YjRSfcNK77AeYnRN1vtP","e2rEGjW4hBA48Y2fH4JA1e","e3Wxe3PSpNn7dO0Sr/nfty","e3eaILZupKVKeIfDCEw2eg","e3p4rgOc9JCZXtD3RCP7Z8","e40h+E/89MYrz7NkHOdYmL","e4/1bdKW5B8IE/1ooojUbj","e5GLI4XuZNjrVjuMSBWvKE","e63dp/Ta1DTK3a5PkcL6HT","e77kJtDslPDraxUaE07QXi","e8Idu0OiBLmraW2Zrc76NE","e8uh+52yZMl7J9eWRXT7IA","e9/smUOxhNWrBgUQ/8ybat","ea1vwGywVNC5Qww175JQDk","ebEJlqSTtE4poEyxksF2k6","eboyLXtWZJfI+I9DBjS/2K","eclIChY4tGrb7Ymrfp4yX+","edSLCkGNlGQbME7CbRuR3Q","eectZR8y9NCIBd6uQ3nx8N","f1m5dotgZLraKRfh2kykbN","f1m8IakM9ApIPuuJYW82rp","f1u7dtitlBn5P2Bg02LZdS","f1xoQaj6pOJbdr084Ynb8F","f2bUempchOqZfhdTz01e3r","f2ojwV95hAjLg10T0kP0vQ","f3nLbMyLZKiK4x8wFQ983p","f3q745kgxI6KrFA8RF58iI","f4FujlvY9C0oQ95Q8g5gTg","f4faYj/+9EZJEIXrdSGGdc","f4kC3/qCJJQJO4z5HoSwQE","f8u//kYTxMzJxFF/IZ8ZDN","faYvbpdGVAhYlBE4o85OLq","fbJACevCFHRYbxFYcPxEgG","00OPfzZFpG7o1U9tbW0zqO","00jxk2ClpEgr/it+IAXmFz","01FSnaYxtICYw+maVUyAmg","01KbL36qFOK7JEs5mt2e5w","01jfQAFqhIH77DT9/uEVGZ","03CYQJPLlCwJsvKzvWZG/l","03tYgUOBlIr5c9rs3wrrtN","05HayPGbFKG5wCriutsr3e","06tCVgqFdJkL/oQc7UF5zQ","07XXD/Q4pPOIqm7wDJHqby","07vYZktFZPyK9ztkZ8Y0Zv","08S04A3QNLDawqifgdvlLf","08kbJMrC1EmIRU2Iidpr6E","087Kn2kORC5bclQ2e1jUCa","09JzjnSTlApr3H9ZoqwP+x","09PZau/RpF0J2BgtGeUSr+","09aEJjzQNDpauGDf27ZVA9","0981jk9xFEp6vU0xRhvrV4","0aP274h7hDOrcHI9Mbn64D","0bFuOSsLFCspSXaiuDWfra","0cDsbUY3lNO77/yiv6TZTn","0cEGDPOPtI15j1AbYM0l5B","0c3UFjZL9Ap6djLdeyZGDU","0dCnWnyBdJVIbSmD0FIQjB","0dSH7vqsNM9KInZ2KOuRqm","0dfdyrDzROCJ4I6YjGQs3S","0dwEP353NHeKTOpgOAzs+s","0eaHqoHbFDUYQskOI6uRBe","0ecl23ckdGIJXQoSZlhRu3","0fmPca71BPHLl9IoJvKTFh","0f3t2TDWdFRZhC63ql+uSZ","10WtLKuUNNm4gT/1kmpKyt","11A75Q1ZhFJrhLUJZIR5ew","12BHDfO5lGAJThgYH/o3Hz","12Hf2PMjtHRqAg3gPK+lrD","12rCkFy5pK3rOUQuHBa3WD","1291FFaN9NEabdTlRO4On3","14+bh0f0pFnruXZHdCNUft","16Q1H1SDhGIIrfCNFB26ni","16f827f42","17KN0L3bFIqIQW46NAvRzX","17VOlPWYZNA4NojfxKl3vG","18LtaHH/JGT5IH35BrFH8c","187d8d522","18z4x3QjdHrZlKoCO3+UWi","19bG+R6FNCC4wCLTWTx2mO","194nDtWZhI4p4yaHWNEhKZ","197VLxsmlLjKWRgHH8uTf+","1aaf2bea5","1ac42da85","1blgG/j5lKALzl6vSUExWz","1bq6waAd9Oo5ns/gBJqj2e","1cPGdR01NGKprkwPKo8c4M","1ct6qgHIFFLoQg+LId/q/E","1dA3cbIfVIPbx/yxM64JS6","1dQLFkQmRA6Ksg7xtDPx2x","1d4cf0f80","1e2WKc59NEQIDpjtpjahYx","1fOgDhoE9CH7a2gLClzot7","1flhDhnt9JLZMumiRzPlKc","1f8zkAvlBGOZi+5nZMHP2p","20ontPJUVKo7tdpG/+31bW","20zvpiKsRDSIUKRhOwVHUf","201/8kp6hIIYZJuMo40EGN","21l3OKquhMVoP+J5+pkVjj","21tc+BDAVKl7JX7YBeJraX","210TEzuutBr4/vCbwiExQi","22me1KX51DQZMtNJRok5yO","23JOLCB9VNZqlSAHDJYWAP","24QUfLnsRGTbTpHX+HY0j5","24hB62OoRIVInLL6LBDxtQ","2492w/DZdMuYxZRTRe0VbT","25DPK4Z5hPhJ0z87wTKBmR","255sSpaHZHOIrvzp2VmDZ2","26M760gcNGl5dD8jkosvFb","27PZXjQWpATJLy81FyllNa","27TVCVUG9MJ6vwv3VuE67B","28B0hox7hK8YAfcQSHmdoQ","28IckrQVVHeqSaJdqyYl99","29zkRFlRBFIp37FRrGAKxG","2asbHXKHNDDbxp7/OYUNOQ","2avIuNUAJG+ZbvLqqtUjQA","2cGPbKyaZNx6fXPPAu24xv","2cUczlON1Mc4EQfAhHU4RX","2cpQ0pmeFNGYhDkx4TeLKz","2c25TMz0dBdKlLoPYVDNqU","2dEyqeFAlAm6asddUtxSs/","2dPYzX8rhLEbrONZL5Iteb","2dtK4oaA9CMqQcYB6lEpzz","2d7qXNnjVL3rgkxrE1iVBo","2d953KKlVMZrR3qA3P2tEw","2fehtKF0tBPZxS+jh3o6iX","2ffaCkpLZIAqWxaKidcp72","308DVoaXFF756EN9Qbgkni","31lturxRdNsZUysENIdhSg","32KV/x6xZIHb2566LwKC2z","32pbXgWhRGCIs6JHIzVkCT","336tVgQu9PX69I59VcrmQp","34xxKrkcNIpaJ3n16bCKel","3428VW7DNEQZ6IYa45WDCZ","36DRV29vZAaJufEvTUcNl/","36QC+z/axPkZTWSWfImPWa","37pVw5aaBB3YMEU9QCzVsb","39C4Fe6TZKnrrtPqenpIj8","3acDVnQ0NKioImWmoHC5DI","3bFd2w1lRIwp7xYG0Mwtp5","3bQFzcKUZMiqp73b+vUDWt","3bi1YsKpFCSIwcPBXxmuOz","3brX8JRzROH7OOCpxSSGND","3b6VT8aolLrY2qjm97CfBG","3cteGfbMpD+YtAhGxP3xsH","3dD16FK/tHFYig7vFSZn4D","3db2FVci9NULChYsumwgHC","3egp0Q3EFIDoYLMP9qrzzd","40js4XGwZOP5P9Epmdc7ZG","401H4sIDBI5aFUZlF/YVv8","41JlmojlNOa4kkugBrpJed","41sho8MYFAvYYiOEHXFYJ4","44K9ovYu9KZ5tDF7NwX49S","441pj/+RdG/7kXjY3Q84H6","45LIN91rlHnrqbAHUiDee8","45heqk/ulPobSmD/t2SIKu","46gUAHrfdGEoG5Tl/cVMfT","46rx03SDxJq4x7bCSAFBQW","469Azh6AJAhqjlkJ/vX6tq","470tryQE1PvZxgDnGSAEhd","48L6WS0QpDELVqiUQ/kAsy","48i1u3tydJ54zAqStnKJ33","48k5f97F5IfKaUnNhF3ZsJ","48lRP1q9dKK7cAkErqpKx5","499HhBE+5N04PAzJFdabS2","4azDNORghLBKBJfYFTrzfw","4a3n7AnPZJvKSdYCTRhfJp","4bulRSE0hBQqkNBSjwRz4B","4b9b3k1S5CZ5XSD4UZYdgU","4cRjvgayNEYbaISAr/hVcl","4cZ5QZPj9BfZmZ18Hf0yIW","4dKXOYQb1AA6WYFjwN3KYl","4dddZGAMJL7Lbw2ajXoykR","4eF4TINIZCB6qYuUBnWiTi","4eSKuYgIRDMIsvVJHUOQgG","4eTbNPkvJIvYa8cRvYx++a","4evlr4xStMCJwFmAQYJzb3","4fwF+08qpJ1qrA2+Md33VJ","4f0nvzNVRMDpmEGDcnTRk/","52FI3FmwtMq6/QSilh4UzF","52SS0FTf5H3a5A7YE8xivO","53BGe2pHxD7JMzkbfhBx7a","53wjSJ3wlDjr/I0i+yp0Wz","54Woo7Y6RMwprxlfk9fTh4","55LZ6EZTxPiaprBqnPop7R","56BH8NH1JOq4xTKFmpFV4Y","57h0i92w1OzKxCBOO4rDo2","59XVfVtdVBYoHbPZJWwfmi","59Y8bpTI1Hh7+sccVzBcUV","596xwG8upFaozm7CVViiYa","5aYXO6+A1EzaaPrHakURYq","5bD5Z4GqVOTbUD+Q4W2Izp","5baru1EhlEEaEGpo/a4gjw","5beeKg9FdG56BfEeidy+8v","5bqxAkVgBJ4ovonC1E8npM","5cuogK2QxNz7TG6XbPs0Bx","5dSIiOKY5FE7H+I81+N5kO","5fPbhzM7BCEJ0qV9r7ogBH","5fSEHMyM5DNYY5vk9/o8i8","60O0CaII1GcoDVo2t7OKh8","61aOsXLbtCaoWat3a9u1HE","619YXlILdFuKebm5HouSUS","63bRXXZcdNU7ZuFuAJkjA8","65/wsRspxCnaD4pEx604QY","66J8lKsohHuKUVtcwKv6nP","66l/hKIJlHdIUruFjRd6vH","66n91LtklMFrj0zIBr4U6k","66yBn6DTVC1o7SSXiwbf0v","67C1yv5GJE6o7kfdBFl/8v","6796nVishLH7nNFhZzqjm4","6a4Hoof4pKbreTH2UI5ynO","6bEqYJlUtKebXrouttJ3Bb","6bwBYWPtNLzrMaDcN8hitK","6cS0P+ZENDbbrRtjOwKPNc","6cpPdc+zVBypy3p3NiG2a5","6dJTQoyFVGPZwyZKgGm7Bb","6d3bm3TB1Dd7SCZljoXI+x","6eVSpV1xNGvLqLRHS9Ku9T","6ei+eS1MlC2rq3FHME4PqJ","6fpTFKPShEeZi7j21zrq1N","6fr2kcSvRAmLSsgIh7Qjm7","6f1qQ7A/lN5YE7tjUUH3u2","70Yo0UUJRDfLQnM3cFfDAX","71Urz1HJFPMqPTITtKo7wf","71lm288N5Ifrg7sRcoLzC3","710tHXCURILr3AxqU8rMyo","716VjfCy5Ge6CuCvkUW9F0","6bCnuJMptFxr7dL2KNg/Xc","6bgW0ZgcNNk6hppqba0i79","6b27uxCvNK46xfDC1otFIw","71IDpytexP/Y7Z+1o8J6bD","71b5aiTlRPtLABkuiBLox1","72HRexI9FOO4wNy5LZrLXm","73Y+CXLNVG/42ctNJ3RHp2","731GS9FllAyIkGHXQe/iJo","74XYICS1pNArMOnu1rjxKy","74pAyJ6gFEe6a4HbjDU/kD","75UnUn32ZNS6AQYSBZLQUU","75iOcRtj1Lca1xk6h0xEbn","75y3ChSWZHKq5SWdeccCt9","76cmLiCrlNQLsDeVz6fqs1","766lZfXqhEh7qKotyh6xvY","77HcCFprZEZrDPucXJ9fjM","77kE7oQuZMC5mj+wHKsl2P","77xITzEWJIObCGvw1tdoNO","78OE0A80VGcrkJs/iUvvUn","78ih1KigNGrKfmFtkNM9iu","783fMoUGdIDpdDG6Suz8Pd","79+XJL9M1IFZJzkOc4gzUx","7aHIoNggJCeLV62FVo07g4","7asdBRwoFLiZuWd4+SwMln","7bs0bPEu9A6oc9TimMsQlw","7bv1lzK/VHN4CzM93Y5Vs3","7dgSGJZR9P2bkODZsI1o26","7dzRBL2EZPF6NRnPeF5Bd4","7d/JdXPJFDhYhFm2qFEeBn","7eRX7XrZtC7a+kFjY02sgP","7fsB6m77ZD6bf370WS5n+s","7f5b6cZPNE241LEJlfz0eX","80by1LK5dEwJfrNuIi1oxW","812m2wFnBMOq+F8MnXgwDt","82DL7x5EZAoqcOwa6GG0VB","82VhYA6mZOjoZynTnClU4J","82/tQ+CQtH85WASyyfpRUe","83EOkKb1tF4qVWmUMSuyaI","83F9Z6p75KhLfaVGRJmbND","83fQSv+vJMGoBQC1HUBqNf","84HY7/iodL7IY2Gx0aGcWx","84IlnjgEtPFrlGmPyj7DdC","86Ax9BYARJrY0v+Fo52cJ+","86EJ9iRkNGe5HMkdIdLmUt","86O7Ak4jlGcoLPUdXcz1fC","86YjizSAJNa6eyosDOihrC","87M5ETl35Gx4B5EXYrxRWb","87d/dROe1AbKWVVkJ2MQau","87ry88A/RDx4e9QidqFPQ0","88zh6+0HJKSLkrI4W0tPma","8881NuzyhPx6XLCAyRE4Y8","8aIR61hQ9BnI+4HvY4YvTk","8apr7jwN9EBrg+nL7Q0QOe","8boUZHqFxPDJ6/2dvZJXBY","8bvxwBgNtG+Zek2fCqoDvd","8cul5OaK5FgaEiAL+O9hi6","8cyYKM975L0543yI1La7bf","8cy2yygR9FkbGdLdKxTEzT","8dcOVytMhI8LpZjFbhzBiV","8dkAZSrsFCBa7BtweqTery","8eKoMQBcJBe6e8gagvt4MH","8fKKzeFfFF3ofnTEE2NxHH","8fZBMAoT9K0IUbTwkHITWb","8fwtcuQDJALqxEjRwcZl1r","8f/L5F615NS6R+lrHtopDf","90XdtpptVMPoEnvfyUpCxr","90XpNe+qZP4L8ZNRmHZPAn","90lM92UBdAso4MCcM6PHhc","90vwTde35CDr2EuPhqldWN","91lgC6zcNCg5uljCwRvZOJ","91yB35uwZJo4i70dB8XZAc","92AMSh4BtMVIYyZbso/9j+","92o/bHR2VBIoV3/mQMN1mP","93TM3P945DsK1D9+a1jEwr","93s+9ZfORHp6GQYXEn/Ziz","94BqCLAINOcbWq3YkUOW7f","95LgLePf9ARppSar/lML/9","95a1eo4cNLUZu4SGn3DOxP","97TdtOAlJBg5AyUCjHPpyw","98RdNsYHVAiIXnwFbGG8Na","99ij1KlFBC/6Oaf6PAGfiZ","9aXqr26XFBqrQLmoY/uHen","9aioGpCMdM5qnNHGfZ4uEl","9aq6p7WCRB86PUZdIxE/Ea","9a30Pg+BJJPpi2q8zqDXbX","9a7/Sv6PdDNKZy94C3bk94","9bgiqLXepCLY4Xe/0SRXle","9cVstiMbBJ574JtQbXgQD2","9cxQEoi95I/4lQ9VcmNuev","9dC80btatNjoJi2SpBjWWX","9dzrOW5ahGla/zbx+7W9rH","9eZroquYxLuqaXVQO7JWEk","9em8nUGOpMoZWAgG3mcaC6","9e05EpQ4pEga08MOgb8Jgw","9fGGysWHVLSr/fyK+TQevX","9fGX//ZCdNO4AEn+HHMYr5","9fZKLzjj5A0plwuuG5qqkc","9f2SYbVy1ENKNoK8C3PEIC","9f7/5zbI1I0pkrCJIaUHT+","a0CV0f785ICpQiC0NY1294","a0eEv6xFRHC5IRrvHtLXRq","a03OLl5MBG17IVIPbodBd6","a2TbLUFcRJZ7yhjskqc9Vy","a2s5rr3SBPZ7Eo9macHkZw","a2tjb5FOlFebCnsevewIrU","a2+tKGQcNGjp6hjFSF60iw","a3TXP3nWJDJIfHgUIWxBg6","a3YbBp0mxL+afrYK/mg26d","a3gRMRCu9AupAZJtytRLlS","a3lXyUCwFL46kCr+exqQUM","a3tKXfRK9DY5bRM8XS07fM","a3zO/nnL5IW4UdmMgCs4js","a5DO1JuRdMnZ198AYhRqj3","a5KHwOrpBAG4RXFJV+8yIL","a5bydjol9BoogiRG61/yM8","a6pVj9cW1FBpkIEhNWTYy7","a688uELbpDh7cuFu7lXJ1m","a7NoQf3UlPI4mOzWDu2wwj","a7fr2R3QZIR7BE269qqbcP","a7f2Hz6r1C7YJhddhQfeW2","a7hAcvQXFMP4XDULtbE8qI","a7xx7NNe9GEJJE3xYh1DNp","a8ed1xAfZClr9YWDuinMq/","a9bWYZl99AzbdYqsdbiJec","aad7EDai9J0aq46q/nEVS3","abAmSKRjJIWqluVci2glQX","aeGoiu5tRJcLdMqs19rvHc","aeWDbuxTlC1oJHfzoo30oj","aevcNPIvpF27rKD/Qb46h3","aexL0cyYVCKp7xjXxJ5zQV","ae3o05nBhCzYjF7QhexhRK","ae87FXdhlC96IQKZjq0oja","afIUBQlp9AoKkiMRhQhtuL","af1/j8bf5E84CBvlgASFfI","b0STFah8BO1p9yUBV8L81a","b0WUE1fBFBDpAtijnpZFRz","b1CH7Toq1JerqsizpWwEbA","b1UFBrBdJD05+04d+9mBff","b1bJVfgXZKnaAYfvavN2l8","b13tPfAchL+YcsvUDnJKuH","b29hpcqKVD/bu1BPqC9lsk","b3Hf0LzmFFd5apdej8KqRg","b3U2gSjEdPpbib1PVDE3wn","b6TEMlMTVO8byDv7X5xtca","b7/YqfEr1NNaZeGEXiqFzn","b8bXqcmkVHvY1WGBEQDuKn","b8mJii8z9HB7iPbucLbBbY","b8u7Z5X8VBrKYBEyF6f8c9","b8vJXoeVlNN7QR+Qn0EjuM","b9J2v84SRJzqp1SFpeASbH","b9TwDSw1lEHqRg2aGvEYNb","b97OMrXcZPcZSg8ZL0tZxl","baArMHmI5B+KIm/KV5I2n9","baFIlhXs5LTqL5rDKFgpq1","baviQC9mxGGaysyi9KnV5q","ba1G6Tp6pPupsjnLDvFd58","bbL/HO7tVH7Lspnakys7Vw","bcFDzTAdJN5bwRXAPhFRSA","bcTtq5eyFCkbQodTyqAxb2","bclBkyUsRFDbMnOT/N2BJP","bdD9Zb9slN4ondBLaaS7bn","bdMGJtu0hNjaTgcEO/+vWZ","bd7AJOJ+xCmpbyf4BJed4G","be528urNdF2qynTCEory98","bfQAJ8JMRJaq9zOqLwCfsW","c0LpDbXOpFCY5EmX39Y+up","c0cc+uhWtEFI+F8g4tVV5T","c1BfgrY/VJ2oveE5QHYGp3","c2gsnQuwpADZg1gofANvbb","c3zwgJoXJEMZV3Qqra1+1Q","c30iVVFC5P17d0lUKyeOg5","c4DdkxkORGqp3Upu4kUi1p","c4iVO0FklPE5fXJJO2Nfw8","c4pDebk8ZAur4/WuO+QdK+","c42HaF4aZAmocKkV2vDf9b","c5dmdaZG5HyoK/CXt8MsML","c6SamTw+tOuJN0NsSBYR60","c6pV/2QxRO6ZIIZGpXuWfu","c6vcpCQFVGtKon8+KyzUeJ","c7U+bR5UhGBbOtZONBdiO6","c7deDS6aFB6J7rPDYmO+ul","c7nNKSTxhDMY2rKlExth4c","c7zyOBh0ZAPoOUESRm1Jxy","c8B4kvyRtLk7Jh9Se9uiSe","c8Dx1xRNlHba9TvrxhsKQo","c8aomo2M9JsqT19ajhoYUe","c9SYPZGddIIJNZW2BEQHM+","c9oHHYQmVAs6lQy03Y99z0","c9vWb/TYZIkp3ohNGAr5C0","caDs3VdsRFXLHtZu7iz1cS","cbMnrH3zJIc5ZibFFj9LXI","cbb5uYzgZCiZVcozrX5Qot","cbg8h6EABGKakYOveoBNHM","ccQj1opY9H6oJZ8rOjsBUU","cd5YpNLFlMqKjXC7jRZOUD","cej5H7By9EtpIpIYbU7BIj","cfWwyQLEVP7I2KuK0IeseW","cfgFbsHXJE2rQN0L8M/JOL","d0doXMV/lOL6mFwNZ8Peir","d20vMULi5IoJdkr6fCyL8d","d4Vqk+X4BLJbVXIc0WpgD8","d57OfAA4ZEVIKEtidiIJOo","d6OyZAlt1P1pFX/63LT6h7","d6XAWFbDRObpMj907con16","d7yoUF+6VJxY5lWCrfszjr","d8L0Yu8I1JH7mKEuSZm/S+","d8QTnHFwZJiqJLWQAXsIO4","d850lvVhNCNoy0NmXAihSj","d9IIaxyudK5ZXrH3YgudBC","d9iQIzEIdJOojKZe/0cKO4","dapcsn2JNKC7bkIDZJN8zk","datehyXH9AdbsnW7MYmU/P","dbXismbshK4ZjXykWJ5QIM","dbxgHRa3NKMqsgqSVJhVFz","dcM0SwgUtDt7YVLbwtFAaK","dcXUO1Zz5IoqEDEbw/yax4","dcvzrlYotHkY1Qxzpxr0vx","ddTcS/sWpKcIn07nPzplv+","ddiQylJgZMX7IGaB9N9Z08","ddmBZcCfRHrb2yN4q7omvX","dep0Gz5+ZJ1rFmeXrsqVfF","dfoGve6w9M+oiJQ4K7iZTY","dfq6QCX/JFyqoHNGGkRRR0","e1PqOYQbVMO7TTPK3+0mOa","e2RSMJX9ZJ6b4BHyha4MII","e4KlwiV3tHbIni7cVIwhnB","e4MPHm8tlGpLJIdVMhBeQK","e5J1OV2L1MHoqjcJZy5wc7","f4gju+I2RGGoZZLUFJtaKi","f4nm1qB85LH55KovUoRKkf","f40RbUC4dFeo4FxIZI15tV","f4+eP8SxBAgJ/k9t3i6Ork","f5gPCp8pZOIpNVtbS5W8ny","f5tKIqeGVPoqEDY0ImW8py","f6ipHG6oNG/5JP1CCOL0zY","f6vBsxy19HqqSeXw+jM6O8","f7/trmru1LypCl+bz/1NJO","f8XI/PNtNC3od1F28bl0ks","f8gAiGf8NBn62U4fwFhoHW","faFvfAgeROA6Y+V4roursh","faR9IjWNZGnL9Iccr2Tby1","faYwg0NK1IjJEzsH2aPlO4","fbP3ulmf9CfqrVf1UuXA6M","fbRwagPNZOrYkh8i04QJE/","fbrGudo0NBp4NDPBFkxUwK","fbry+2QHNH/KKIsYnsKO4V","f4zIh06MVLKbTHNfSDirQm","f5JIhqOptIpoSg8gW4g5W9","f5x8bCIsJB7bQVu1xVJ/dl","f506Nmqb5A9IezQX70F0CM","f8SNjC9bZO97Ift3bXfdhK","fb+iUJn3hKmaDve0XIibc+","fcWtNc/xFELomXNzjEZL0d","fdRFLIK01H24aWymfAUKhg","fdbPGrFypNIYy8jod1CW9x","fdhCg0PvJBDbvB0K536nV4","ffWaxbZilMWI+aquZORXsW","ffhNgJ6HZBvKVUkHHOaSF/","e5ucqFfGBIOY6Ah4ObMX0h","e6Jc186VVIq5FxSmLD2LH1","e7Udm5xYRM8px7OCZ2gUow","e7xL2S155FoYAjTt1Cord+","e8qsr8MBFG5psMVxWcBa4q","e87mTi8hNJYIZEd8CghdaH","e9Fu0p5aRHt62h97eCquyS","e9lj7kDH1Fk71t0J008A18","e9upRi8LdNs64+2t/hJAvU","ebRdvsadZAQrkFxnSnHpA0","ebla7e7DFPFLqNwqQSewf6","ebogcHwXlL/KTZRFraK491","ec8pWSOBJBKbdHQTcZEsYr","edd8uqbPBJqq0+Ypg299P6","edsFun+1tDmLut9tfEfob+","eeBkA/EXJLiLVn7RqGUnM5","eekx2mKUdOFI/nrTNV8dlL","efNWkzoAZJfJ8Kw4LxtA7G","efqnnz+JdFgZEDDXFSqAwm","eftzMTfmNOwbK3ZV8+bOtI","f0DfKvsA5OqrBt2iThx7QI","f0HvzK22lPYY5K0FQNYEwN","f0LDy1IRxLtZFkNGEnE1lm","f1tXK7P5RFtKQA7Q1EiTTh","f2cASg085N6YOR3lsFTwj0","f2tqjAN6pIVqxukjm9QLKV","f3YpMTayJLPaiWYzFP8t8u","f3hQsIyAdLMIlLQ5zLR4Eo","fbs6ZauYJGlKcScwP0gjDc","fc+3tsRyNEYr1pVof3cd/z","fdDA7pavtIkocAZ7NFSVqi","fdc5XWz8ZJLoRzWt9ElIr8","fdmY36MUhLNoSSGVJms1ax","feFl7eXQRB2ZfOLqegFKNj","feViNTasVNUIc5BWcePBiT","ffORM/2FJLZqH393rJ1QHX","ffvyOVcidEa5V9jt1jgZjZ","ffw6ZwFRhKAK2qRlwGp0KV","00GkpjHV5JCL4QWpxjggLG","01etU8EzVGzKynOEgv24iE","02PV0cYy5HgI0NlYWjwdA6","021cgfqXBERY/wA0wOJUIr","03FZTS0KxPJ4c4SU89j8to","03a/0PPQZMNYfZtv0Q+uAe","03wBhPZCRIeLJpNOAIOHSf","04he46frRI+b7Kjr4HZs+E","04wJM+T7JHuYGcxscIbnFD","04xs0AkH9EfZBtXTyCaUAb","05vzRvGrROhIxqVfpeDZan","07CfmZlktBAoewUkBcAZ6L","0899JkMNNCVqwvZo9AfQdp","095neJHK1PJqM7KQ6/Ktlm","0aqYmu7lRAI5+K3jSwtZK0","0a1W9QLbxNfpL52mInJwzm","0bzwRCIRZNQoB6Oa7O0cjK","0dnReyBwxH+ZCWlC4Q4Y7Z","0d21sYKiJM1bMHUENrjFt5","0fVBeqJNREV77yUHXIslgE","10HSZVr6lBqqtT7XUaqkoh","12kDvlRflKq5ppdMPREgz7","1211bLNt9JKp+zr7CfIjld","155+dPKntEPKvWDRKGaM4W","198WK/Y15Lr7Cq7kLG3pqb","1aypmf1TJDL607SK8NkAPB","1cvsRc6XdEX6rxb9PT9/Mu","1eD6WYAb5Nsb1Jh+ECY0LQ","1e8ne+OVlIIo2QzeBxPI8c","1e9FAgDGZNk4FLD8fgxoct","1fPmy9jvNGXahtm0SmhgK6","21cFH3kWNJypvLvllrg1BG","23pWtUztBEfoza4HLQnMWX","24t+txN+JO+pq89Ktxnqai","243iSRiMZJE7TS3isX9wKA","26XfnE23xFMIA+0ash/kcP","26wa6hqrtAZ6bWpHycJMLg","29FYIk+N1GYaeWH/q1NxQO","2aKWBXJHxKHLvrBUi2yYZQ","2c/MNBJaRCu4Tl+Ra8sV27","306AnTRppAWI4usNEpmbd2","31Vw7TLqJJHK3qWv5KxBOH","311ZrX2khFLZ9B9GsKSiQn","34SyzGVYVEBp27LXy9UdG/","35V+Oeb6RJBpYsNFBgVkLK","36DQ59k6RNW4tBO/SMXNTe","36h1V/4CRPEIKsGYVF6a+D","36zcrh/NxMjZyv9iTxd5Rf","367vPuwcFBwrbSPF0+SSYm","3bS/vBWONOHbzg0n7sDvy+","3dx/btIORJX6//JlzN2x8+","3eIumixtJCmqcvV6ali18K","3fDSwiuy1CCIdB58hdrTGH","403NmZDptHR7kr+JSi269f","42ndr3h69OhJnRZj9yWxf8","44PucNoQZLFZz7TDCyGKCa","44n6f30aZHxrLCn56UXR4L","45bvwnJWFJTbr3IWWBM7Fm","47YsF2oKNIWbVIU9gfwhcZ","477F4t2sFPMJQoeJZazBnm","49lp0vzG1Neomup2481j1a","4aH4WQwT1LIJ9AdV3Hi/4l","4amOd2r39LP4dClW6bAZgv","4cfHlpe6JJbpufSv+ShIvI","4dLJVsVfRBe7Akwq/cySAy","4e4ih/RapJHbSGqLZ3YWKc","4fgYoyOPhJKp52aQJQDPkL","50cjD5DDVO/62jcxs7OHBN","52INcIhx9AqYa6o2n3clb5","52SOAedzJA/ZmGMfKncsfL","56nZ5JHjlFNLBmzaToHp+f","562o8LYTZD46+q19BPkVcY","5bmif/UV5EfIZymN6UQzex","5d7IPvXxVAnZPTQlc4U2NY","5eyNA20r9DJof3VQ9x0wqC","5fWYL8xYVGXY+QWrsvy1bN","60VaySoxlDrJcKiiupLdfx","61vDtxWyRMwIPv6iuyqL9u","62C1kbG9FCoqDi/RZEf8kZ","63axIE/mdIALGFrkQZsP7e","655c8hci5JZ6lZEMvuy3c2","66r4aZKLhIXKM6vQOOlvte","67N8P1i45GlrBv6c31MCTK","698UW0lCRIfpppaI/l/dRp","6fCmhwi4ZC94TV+vmn2gPn","6fcmcGdFVFrbiqwtgB9UvK","72V3GQ4qZNaJiP/QUHZMh3","73ZLAY1d9B6YpOiKYrmK6V","748njUhAJGV5AG40jUYRjx","76dwf2b11MkaY9sCmxGx8t","76rygIn3lLkq4+jWqLaeYd","77NNeFOCxPpar7wSt7ssT/","77g1k+StBOLLndwo9VU4ES","78XvPHidpAmZWs7tpLqkM6","78pBVR/I1GrahN05bylt2w","7apc3BQApNZ6nwoPvoIqaH","7atnkm+vtBk6Mvv8DBz46m","7a/QZLET9IDreTiBfRn2PD","7dQr43C9FIKYJuUN4lPmLU","7dynW794ZJ3ajs1ECV/K8X","7d0oLRLS5HOr3t6D/EpIsu","7eDfNUIYVK4bqvEaJDNeGc","7f0vlDkqtKk4nmt/W25ePI","81TeM+EZ5IH5BxreRN7lmG","821rSRsjhLOa1I82sUif33","85K7lzvq5EFKQURsDS9ZWU","86M365WqFAeqKSixx62GVG","87AFithp1CMLwwRCUehFfY","871kOpOFhFw7HT9KHHaajH","88BPWHGtFNabx1e/0Msilp","8aW408i+9AWZ1SxBJfn46W","8appB7sbVBbrF/BSe2GUde","8bXvQScRZPK6s6sYiUjxgb","8bgGCMazNFTKeI80EYbgZV","8chsNkWrlN56sXpknwllC7","8eaxYBmiNGOaJjQsqLNvrf","8fobpjigZPypun085CXsS2","90ceRvt29JoJaq1eTtQA0p","91HR0cNNVAI4dgqXtFQ8bf","92GV6FuFVKJZEKD/OMvnQN","93a5N3VxBHq5ZE+8J6to/u","93pDwra0NBYJgpInHG0o1K","941tCPZP9H0YJUUgH523Xg","95T5t1qaFP6ZuNe0wdTAAD","95vX0vry9EYZAZWIuiNpul","97ebbRAIVBUrfVCw+k/euR","99xRgnfY1GmLm5566bKoJq","9bgAzyC39Bb7RMuDFODn+Q","9byfbtbkFJuKt4j/eWQVfX","9cNNqKqV5CV78STBbufNjW","9dFwisXsxA5KpI8Q5emxeV","9dhLLv/mpFB4Et5XeZ9AnV","9d0FRlVUVG6oUHpTn6oo22","9eTDJBwJtJmYQKhvqr9nJA","9ee7STEBpCD7q98t2F5QgW","a0aKvqiqdFcY/RZrwO3HZW","a1RQEgDfxPrYK/h7KwGp12","a2MjXRFdtLlYQ5ouAFv/+R","a2nJ3DZO1IkqOLpuijtEVE","a5SGqjToNHQIhQo0HVR4xz","a6yBKtTrNDWJK5gT3VZklK","a669m6iglJu6HgFO1tdA4m","a7xqmx7g9E6qVfDlZXJeg0","a8ovSZ5+1HioXu+IDi2sgn","abSszV5PRAR51tw+XtcF24","abiKuwnvtCDJIL24gMZBdr","adjfv47bNMGIChZDyE33F1","aeyIZHCcZCw5z1JLFRvRby","b0SxcDBllKJoIRMK1p0jhe","b2zIUuoHVPSJe+OhxwcpzS","b3OiK85dlOz5epoDQHlOSc","b4t73sDeVCVLGJ5Xq1+v4s","b5KTb9SNhL4b9IclnDd706","b7fDistgFEhph+yjrh0Of1","b7gMicM2JGEpN9oPD0nF3A","b8EP1S3RhPZps8VieCpKYh","baMVmXz05EpbSPtJG8encA","bb1iVR+/REvLCzAF00hseR","bevmG7UV1FN5xMJtc4rY2n","bfoiIjwopCqJ6W5qgYq375","c1DhobFblML54SuQw0HO6k","c1d73OjnJHULozIl4+0BHG","c2wBEwggRP6oaWFOdEHrhz","c5JUf03IpMgLaZu0tVlngi","c7aZbjpG1CyaR2BmQdPve8","c7xridqtBOq6I8mT55eGXI","c8Z9HOzhFCYozsYxAegoLf","c9VupEoCxGbIrIXOJwwOth","cb/6UZkaxPSJoanJTLAiNA","ccfOP9y1ZBRrMJm6/B450O","cc9QSTqRtLRKFdRriaFQe/","cdGeJyqgZMYLf9zFDhAYdI","ceTwofCNlKV5s8P3bPy1UB","d2/Wrk45hAC5WIedwtD+4S","d7ERVgaWVOBLKainfJRAxe","d7cBe2fexLAqlC64k0GDg1","d7nzdGFBlAwp06JhO8U7fP","d7ouIZPIBPdq7UlI9m+0By","dbWcxXardFF4neDmyEtkCK","db55H0grFL4qsVBP8537UG","dcHowmZPpJapSoOu0c+a/C","dcY4AxUPhL8YlANudUAGXH","deztyGEh9Df5NKpb4D4tqZ","e3IPSRhBxDqZen7eyiKyKf","e5Ab3SKzpBuZlByVx6V3X5","e5eEd1PXhJv6DzXPbxYmUO","e5kaYkwdFGGJ8qY6XGDajF","e7Njp3uG1KY716HO53Lny/","e7UAVbLhhO/5ZXC3awE6uZ","e74ap6e41KMJ4ymgxauVgn","e8eNy//2JAVpyUiU4DOlfg","e81iFC0J1Oo5Mfa6AzTMyd","e97GVMl6JHh5Ml5qEDdSGa","ecCTW49kJJYZX+93y4H/Sv","ecpdLyjvZBwrvm+cedCcQy","edqQwgPPpD/ptdnVQvCsCM","ed5b0c/htNj4SKJ5AxRCBl","eeiGtjJMZK4J0xQg9l28Xo","eeq2D9B1FOg5hpqgamtveF","efZV1gZD5HxbjzNMnYNaJi","f0BIwQ8D5Ml7nTNQbh1YlS","f11PJGeAdC5KoKhYIQDg1p","f2gov4jxlGi6OkGFUrwKmC","f2x4GW+vhFDJ1945GD/isU","f8ZV/VsxxJqrZmVt+l6vID","f9oexewc1KIaxcFC1Mqssz","f983Ju0tNLWoUnQdyTo7qO","fbjlkabHpMIojtE3Uhtvpv","fbydtwQYtNgqdTF+h5gwym","fby8QHxQJIELSIRl1alE12","fcpcrf9vlBdYzp6t6YpEH6","fctr4Z0C1OHpC38sqKLbUc","fdLD/bLQhJv6jQB3QwACji","feqLM7/IpOpY9DGlgWXpva","fevnqTwjhChrATpum/ijIG","ffLIY5WrNPSp0bpRbDfqat"],"scenes":{"db://assets/Bundle/FishBongDem/FishBongDem.fire":472},"redirect":[843,0,861,0,863,0,868,0,869,0,870,1,875,0,877,0,878,0,881,0,883,0,891,0,892,0,894,0,901,0,907,2,908,0,920,0,921,0,922,0,923,2,924,2,925,0,928,0,929,1,933,2,936,0,939,0,940,0,941,0,969,0,971,0,978,0,984,0,993,2,999,0,1000,0,1003,2,1013,0,1024,0,1025,0,1026,1,1030,0,1032,0,785,0,1040,2,1044,0],"deps":["resources","internal","main"],"packs":{"0142a0612":[0,1,2,3,7,8,357,9,10,12,14,17,19,20,21,22,24,27,29,31,382,32,386,34,35,391,392,38,399,41,404,42,43,44,45,46,47,48,49,52,53,417,55,56,57,59,60,61,63,64,66,68,453,70,71,73,74,75,76,77,78,79,80,81,84,86,88,89,90,91,93,94,482,95,96,98,99,101,102,103,105,106,107,110,111,112,113,115,116,117,118,119,121,122,123,125,127,128,130,133,134,136,137,139,140,141,142,144,145,147,148,149,151,154,155,156,157,159,160,161,163,164,165,166,167,171,172,175,568,176,177,178,179,181,182,183,186,187,190,191,193,194,195,196,197,198,608,200,201,203,208,210,213,214,215,216,644,219,220,221,223,227,228,229,230,231,232,233,235,236,237,239,240,241,245,246,247,249,250,251,252,255,256,257,258,259,260,261,262,263,265,266,268,271,272,273,274,275,280,281,282,283,284,285,286,288,289,290,291,292,294,296,301,303,304,306,307,308,310,311,312,315,316,317,326,328,329,330,331,332,333,334,336,337,338,339,340,342,787,789,791,793],"01e427870":[126,552],"022bda9fa":[913,537,943,977,1007],"0291d8ae2":[841,845,898,910,945,963,991,1011,1038],"02cdbb8c8":[848,850,860,862,885,897,950,952,995],"03657a6d4":[473,526,701,750],"040cb9b1e":[840,948,949,957,966,1010,1015,1023,1041],"042d768b4":[832,837,882,906,927,947,951,955,972,974,979,981,982,983,1004,1012,1014,1016,1027,1035,783,1042,1043,1045],"0463a20db":[854,884,895,900,985,989,990,1018,1034],"04a4179bf":[358,614,638,683,733,739,769],"04ca35acd":[844,988],"04df1340a":[416,422,502,530,622,812],"04e972c11":[479,1039],"05b1c5260":[855,866,872,888,536,918],"05cdc7e0e":[858,896],"05dfb880d":[428,488,561,624,674,715,766],"0618c0370":[917,1006],"06247a865":[842,864,874,915,958,986,987,1001],"062683e56":[485,696],"065f39c8b":[539,557],"069a75338":[37,560,567,305],"069b380c9":[426,648],"06dff6662":[407,1021],"070d4f4b1":[851,398,865,911,938,956,976,1031],"0796c7b0f":[435,606],"07b3e3e70":[408,438,448,451,464,575,581,583,599,628,633,681,742,749,775],"088e26880":[833,836,926,964,996,1029,782],"08eb719ac":[740,765],"0919dd33b":[343,348,366,418,430,449,462,467,470,495,504,516,524,542,543,562,566,588,615,663,670,677,682,684,690,691,717,720,729,737,754,794,778,779,827],"09667d540":[419,445,496,546,573,641,642,694,735,803,818],"096ba734b":[871,1037],"09a7aa1cf":[397,400,486,550],"0a38f486e":[839,849,879,880,887,912,914,931,937,942,946,954,1002,1008,1028],"0acab99ab":[621,770],"0b0bc540e":[852,905,919,944,994,997,1009,1020,1047],"0b699443e":[890,893,967],"0b9d6a3ee":[847,960,962,980],"0c42b2f87":[365,370,383,465,491,509,548,602,609,632,680,714,755],"0c6cbc024":[835,853,889,909,934,935,975,992,998,1022],"0d44e0061":[687,699],"0d753a437":[630,808],"0d8a19dda":[352,368,396,409,423,433,437,454,487,510,512,521,533,589,603,612,616,627,659,678,698,716,730,798,809,780,831],"0e33f69fb":[347,4,355,846,11,374,13,375,377,379,25,28,387,389,390,856,36,395,859,402,411,414,51,54,425,431,58,62,439,440,876,65,446,69,83,469,472,476,478,481,489,100,104,494,108,109,114,511,124,518,535,146,556,558,564,173,174,571,180,576,579,580,582,185,586,188,587,594,595,199,204,617,620,209,970,643,645,647,650,652,656,222,224,658,225,660,234,665,243,679,244,685,703,709,718,725,727,276,277,732,743,293,298,752,299,757,759,309,760,313,314,762,763,319,321,799,801,322,323,324,327,810,811,816,1033,768,784,771,772,1036,790],"0e4676a2e":[456,514],"0efb18332":[873,916,675],"0f63dc7f0":[403,596],"0fbcccda5":[834,838,857,867,886,903,953,965,1005,1019],"0fe65c1b3":[363,367,378,458,497,525,597,625,774,828]},"name":"32","importBase":"import","nativeBase":"native","debug":false,"isZip":false,"encrypted":false,"versions":{"import":[344,"245ad",345,"4becf",346,"8993f","0142a0612","7300a","01e427870","598f5","022bda9fa","3151d","0291d8ae2","d163d","02cdbb8c8","5d45d","03657a6d4","5711e",349,"4ed2d","040cb9b1e","bdc43","042d768b4","97c29","0463a20db","041f1","04a4179bf","da50f","04ca35acd","5a060",5,"3645f","04df1340a","f54a0","04e972c11","8404f",350,"ca223","05b1c5260","721bb","05cdc7e0e","e2e03","05dfb880d","78c2a",6,"06c91","0618c0370","8d311","06247a865","aca14","062683e56","9d601","065f39c8b","73251","069a75338","8613f","069b380c9","a8e8a",351,"95f08","06dff6662","c25c7","070d4f4b1","91227","0796c7b0f","67082","07b3e3e70","81dfe",353,"ece69",354,"bfcf3","088e26880","c3037","08eb719ac","fdfe0",356,"96987","0919dd33b","0b13a","09667d540","62a70",359,"0d291","096ba734b","ea66c","09a7aa1cf","c0f8c",360,"275ed","0a38f486e","7142e",361,"3b8ea","0acab99ab","8accd","0b0bc540e","82bc6",362,"c27ee","0b699443e","1f0d3","0b9d6a3ee","27346",364,"1cd0b","0c42b2f87","1a7b9","0c6cbc024","d2ba0","0d44e0061","50f1b","0d753a437","0645c","0d8a19dda","1e2e2",369,"5da4a","0e33f69fb","a9619","0e4676a2e","070d0",371,"8e798","0efb18332","bf79c","0f63dc7f0","8f72f",372,"aa4b6","0fbcccda5","80b8a",373,"e372b","0fe65c1b3","aaa80",15,"d3c1c",16,"0361a",18,"bc347",376,"bb2cc",23,"f91b2",380,"d162d",26,"44bb1",381,"7f290",30,"bdf86",384,"5a9d0",385,"c0cbb",33,"0a423",388,"95b09",393,"b3de3",394,"4f45e",39,"763a4",40,"b7462",401,"cae3f",405,"0ab52",406,"1ee96",410,"9b15d",50,"cc9d7",412,"a7ea6",413,"4351f",415,"75456",420,"c3331",421,"59537",424,"53ae3",427,"f210b",429,"3f126",432,"5a3c3",434,"a877d",436,"8cbc1",441,"6994b",442,"e7db8",443,"1b117",444,"52051",67,"7bb5f",447,"970be",450,"27739",452,"27564",455,"221d0",72,"a1bcd",457,"90206",459,"0a579",460,"9f04c",461,"cd374",463,"40c55",466,"825d9",82,"c6142",468,"68de7",471,"7fbd2",85,"82486",474,"c8c9f",87,"4b9c4",475,"22463",477,"54184",92,"f28d4",480,"5117a",483,"326a5",484,"0a5bf",899,"1957b",97,"d1dc5",490,"32f4a",492,"e4baf",493,"132d8",902,"26935",498,"c069f",499,"260ca",500,"c96e1",501,"e17dc",904,"5d8df",503,"6c714",505,"bd0c5",506,"44c30",507,"e4366",508,"55d42",120,"2873b",513,"0f9aa",515,"617e8",517,"98d23",129,"6fb78",131,"c6761",132,"5938c",135,"2de52",519,"eb2f6",520,"a63f0",522,"ded46",523,"dadf9",527,"7cd10",528,"a035e",529,"b453f",138,"6122c",531,"70699",532,"11ec2",540,"497eb",534,"a8f21",143,"ed38f",541,"56f11",150,"692fc",544,"5e0c4",545,"80f13",152,"7dec4",153,"94632",547,"e7171",549,"52ca1",551,"62794",158,"3e404",553,"f2a06",554,"2be61",555,"4d4d8",162,"b71bc",559,"19108",168,"1be1c",169,"230d5",170,"74533",930,"53d3d",563,"a3b0c",932,"16bcb",565,"0b3f8",569,"4bdc8",570,"ace2c",572,"ff860",574,"1b626",577,"77c92",578,"bdce2",184,"fb6af",584,"ff948",585,"aeaa0",189,"1cbb0",590,"92aec",192,"cd8dc",591,"46158",592,"0d6a7",593,"43be0",598,"a2bb1",600,"0d89c",601,"b6891",604,"d0216",605,"504df",607,"6719f",610,"c8eda",611,"659dc",613,"78052",202,"c1524",618,"b208f",619,"67766",959,"4bd53",205,"3230b",206,"ef280",961,"9366b",623,"ea494",207,"7dc32",626,"1526d",629,"46af7",631,"a1d46",634,"1035d",635,"ed26a",211,"71952",636,"1accc",212,"3608b",637,"e9a40",968,"26762",217,"8e687",639,"fc6d9",640,"0fc80",218,"a9683",646,"25dbd",649,"aed0b",651,"b727b",973,"774c8",653,"00de8",654,"67f88",655,"0f665",657,"7f713",226,"6e5fb",661,"1f6ec",662,"53e23",664,"0fed3",666,"9d4e5",667,"64862",668,"a468d",669,"aebb3",671,"dfc4b",672,"e8e94",673,"99b05",238,"7c1fa",676,"af530",242,"ff312",686,"b8f5a",688,"0b8dc",689,"256e6",692,"31922",693,"8d8cb",695,"f3361",697,"5c07b",248,"dcb44",253,"fc3d3",254,"e9109",700,"d4c6d",702,"a21db",704,"5f9d3",705,"e2687",706,"2be93",707,"ec238",708,"6dc03",264,"bc67a",710,"5510d",711,"3ab0a",712,"fc779",713,"0bec4",719,"6ff96",267,"26ff0",721,"71320",722,"df78d",723,"0126f",724,"7d2e1",269,"a4e08",270,"e7ac5",726,"a12dd",728,"e7333",731,"5c293",278,"8fcfd",279,"08689",734,"cfc32",736,"041dc",287,"c93fd",738,"e9fc8",741,"98cdf",744,"1351c",745,"92eae",295,"b8799",746,"c66b5",747,"b0f41",748,"9f992",297,"6a74c",751,"7c90f",300,"c9e91",753,"d4165",302,"34012",756,"20cbd",758,"d2e1e",761,"b6194",1017,"f13b8",795,"9c8b6",318,"17c2d",796,"21d25",797,"e7672",320,"da415",800,"c2777",802,"75e35",804,"59b38",805,"26e66",325,"84133",806,"63a37",807,"9c48c",813,"0c97f",814,"897d9",815,"40c33",817,"098ee",819,"080eb",820,"b0a41",821,"4743a",335,"9f17c",764,"dcaa7",767,"e15d3",773,"1e4f1",776,"692ef",341,"689c9",777,"d6d68",781,"38560",822,"4e54c",788,"4756d",823,"64e40",824,"609d2",825,"2337f",826,"3b69d",829,"fcf22",792,"cbe2e",830,"0000c"],"native":[0,"9e44f",1,"51af1",2,"b70de",3,"86419",4,"c8898",5,"83900",6,"61842",7,"61d42",8,"41398",357,"c8d25",9,"eff2a",10,"81874",11,"8a963",12,"04f51",13,"7ca5d",14,"58214",15,"c92ff",16,"c1567",17,"4a906",18,"95a8b",19,"b83ad",20,"658f8",21,"b61e3",22,"8bc9e",23,"de49f",379,"36283",24,"ebd1b",25,"4f2ac",26,"40f83",27,"a66dc",28,"b3b52",29,"0af2b",30,"6b089",31,"f9a43",382,"c0279",32,"efba8",386,"7ceee",33,"19116",34,"5d89a",35,"80786",391,"b0500",392,"15a76",36,"ffefb",37,"49a79",38,"3063a",39,"44b5b",399,"cac23",40,"f3514",41,"dd095",404,"68f1c",42,"2e234",43,"85513",44,"39c43",45,"e5d0e",46,"529c7",47,"626f6",48,"3d75a",49,"ebf1c",50,"98a8f",51,"c5595",52,"376c9",53,"baac1",417,"e36b4",54,"49035",55,"04e2d",56,"2201b",57,"e6266",58,"c2bf6",59,"5430c",60,"3fc4c",61,"9c599",62,"a0277",63,"d87a7",64,"60aa3",65,"4308f",66,"b150d",67,"6cce1",68,"0787b",453,"537f3",69,"05145",70,"b7503",71,"85128",72,"eb7c3",73,"91017",74,"c3245",75,"bc0c0",76,"5022f",77,"48a4d",78,"3df75",79,"16b91",80,"e66a6",81,"aa39e",82,"80a68",83,"b0c41",84,"8ab31",85,"f5cfc",86,"66f8c",87,"d6b2c",88,"08a73",89,"fc4e3",90,"dcadc",91,"83fcc",92,"1563f",93,"7ddaf",94,"be3a4",482,"ede71",95,"2bf23",96,"28702",97,"79310",98,"c4c5f",99,"7220f",100,"7e115",101,"eeb0d",102,"ec72a",103,"df676",104,"8f204",105,"fa8fc",106,"a5da9",107,"22ce7",108,"46d71",109,"cbb7d",110,"610cd",111,"c6a49",112,"63bce",113,"32e87",114,"e622d",115,"67895",116,"97311",117,"5e253",118,"ca172",119,"24a49",120,"97f13",121,"c00e3",122,"966a2",123,"41ada",124,"95744",125,"66c01",126,"28e70",127,"018be",128,"91116",129,"62268",130,"62537",131,"6f8ef",132,"c5ee4",133,"240f3",134,"4f8e5",135,"cb5e1",136,"91dba",137,"84c4f",138,"d089f",139,"2734a",140,"7ce66",141,"a6eed",142,"d3298",143,"5b8a9",144,"5fc8c",145,"b14b6",146,"f69f9",147,"81548",148,"813df",149,"40cae",150,"86ae8",151,"94e14",152,"f5fcd",153,"986ac",154,"fe002",155,"0f13e",156,"98289",157,"f3d5b",158,"46b55",159,"87ebe",160,"cb496",161,"bcf7a",162,"b4d81",163,"e5428",164,"3fa97",165,"16169",166,"b5ac0",167,"2a1d1",168,"81a90",169,"93d72",170,"028fc",171,"65a99",172,"c06a9",173,"c4efe",174,"ceca2",175,"036d9",568,"94d65",176,"7a52e",177,"9c3cd",178,"ae2ba",179,"017e1",180,"03b08",181,"9eb3f",182,"0ad0a",183,"a089d",184,"287f6",185,"f238b",186,"d6047",187,"65b6d",188,"052e2",189,"375c7",190,"d930a",191,"b9e72",192,"86fd4",193,"8386d",194,"544b4",195,"0b921",196,"f3a80",197,"1e143",198,"43fee",608,"1d51d",199,"c5fe7",200,"089de",201,"ba16f",202,"e9852",203,"45891",204,"5fe76",205,"37602",206,"01926",207,"d0d68",208,"edd84",209,"e4afc",210,"47aa6",211,"55665",212,"157b3",213,"950a3",214,"db969",215,"9b782",216,"7ae00",217,"4dedb",218,"05faa",644,"0e324",219,"90cf4",220,"29aa6",221,"2ff79",222,"9bf1c",223,"c10a4",224,"c9aa3",225,"9878e",226,"ffd5b",660,"434dc",227,"db905",228,"d0286",229,"16f71",230,"6c21f",231,"4292c",232,"df239",233,"38950",234,"8436a",235,"511b3",236,"ae6f7",237,"ec6fd",238,"e488a",239,"2e445",240,"37dca",241,"a9e94",242,"f5cfc",243,"6851e",244,"b4c1c",245,"5aa60",246,"d606d",247,"9b85a",248,"24b8e",249,"def9f",250,"e9399",251,"581bd",252,"9411b",253,"dd18e",254,"ae43b",255,"d752d",256,"70d4a",257,"593ca",258,"597be",259,"cdbc9",260,"58ae6",261,"5caf7",262,"f02c5",263,"e1e8d",264,"d0b81",265,"8a19a",266,"24f21",267,"ad3b9",268,"457f6",269,"b96f9",270,"37a1b",271,"a0381",272,"44da6",273,"192b7",274,"35cc5",275,"5d4b2",276,"3de8a",277,"7758e",278,"e00eb",279,"6c13c",280,"fd18a",281,"367c1",282,"25b0b",283,"61fc9",284,"636b4",285,"5c03e",286,"a8843",287,"dde1b",288,"ea475",289,"48172",290,"3072f",291,"45a19",292,"fcbdb",293,"3438d",294,"d2f6b",295,"6d181",296,"ff443",297,"a7cb9",298,"1d4cc",752,"550a6",299,"3af33",300,"6d0ee",301,"c10a4",302,"d291e",303,"07d03",304,"0cec2",305,"49a79",306,"0d7ca",307,"dd0ff",308,"3d82c",309,"84ae6",310,"47f86",311,"17d7c",312,"59ebe",313,"c1984",314,"033da",315,"41aa4",316,"f9e0f",317,"33978",318,"13199",319,"c1f29",320,"e5569",321,"3ee6a",322,"04974",323,"29640",324,"cd571",325,"51e00",326,"d34f3",327,"33866",328,"e7276",816,"355d6",329,"acb76",330,"dbbb6",331,"7bba7",332,"ee867",333,"f03ec",334,"75bf6",335,"d0d68",336,"9aacb",337,"ddf40",338,"4bcf6",339,"b1412",340,"c76e9",341,"19134",342,"528bb",787,"54a2d",788,"7dd9b",789,"a18cd",790,"be54f",791,"a0ff9",792,"27a6e",793,"9e5bb"]}}