{"paths":{"0":["Animation/BkgMatThan",1],"1":["Animation/bulletMatThan",1],"2":["Animation/particle_texture (1)",1],"3":["Animation/TenLua",1],"4":["Atlats/nbomb_area/nbomb_area",2],"5":["Atlats/nbomb_explode/fish_nbomb_explode_01",2],"6":["Atlats/nbomb_explode/fish_nbomb_explode_02",2],"7":["Atlats/nbomb_explode/fish_nbomb_explode_03",2],"8":["Atlats/nbomb_explode/fish_nbomb_explode_04",2],"9":["Atlats/nbomb_explode/fish_nbomb_explode_05",2],"10":["Atlats/nbomb_explode/fish_nbomb_explode_06",2],"11":["Atlats/nbomb_explode/fish_nbomb_explode_07",2],"12":["Atlats/nbomb_explode/fish_nbomb_explode_08",2],"13":["Atlats/nbomb_explode/fish_nbomb_explode_09",2],"14":["Atlats/nbomb_explode/fish_nbomb_explode_10",2],"15":["Atlats/nbomb_explode/fish_nbomb_explode_11",2],"16":["Atlats/nbomb_explode/fish_nbomb_explode_12",2],"17":["Atlats/ThangLon/Background (6)",2],"18":["Atlats/ThangLon/Bulb Yellow",2],"19":["Atlats/ThangLon/Frame Thang Lon",2],"20":["Atlats/ThangLon/Light Circle",2],"21":["Atlats/ThangLon/Lớp 1 (1)",2],"22":["Atlats/ThangLon/Spinner",2],"23":["Font/bosocasau-export_cyrillic",2],"24":["Font/CoinWin",2],"25":["Font/FontNumberHit",2],"26":["Img/43",2],"27":["Img/71561142-4c83-4933-afca-cb7a17f67053",2],"28":["Img/anhSang",2],"29":["Img/arrow_bg",2],"30":["Img/Arrow",2],"31":["Img/Arrow2",2],"32":["Img/AuraGroup",2],"33":["Img/auraMain",2],"34":["Img/auraTemp",2],"35":["Img/auto",2],"36":["Img/AutoAtlas/DongBang/01-Effect-Bang-Bg",2],"37":["Img/AutoAtlas/DongBang/02-Effect-Bang-Bg",2],"38":["Img/AutoAtlas/DongBang/03-Effect-Bang-Bg",2],"39":["Img/AutoAtlas/DongBang/04-Effect-Bang-Bg",2],"40":["Img/AutoAtlas/DongBang/bingdong_2",2],"41":["Img/AutoAtlas/Help/0",2],"42":["Img/AutoAtlas/Help/1",2],"43":["Img/AutoAtlas/Help/10",2],"44":["Img/AutoAtlas/Help/11",2],"45":["Img/AutoAtlas/Help/12",2],"46":["Img/AutoAtlas/Help/13",2],"47":["Img/AutoAtlas/Help/14",2],"48":["Img/AutoAtlas/Help/15",2],"49":["Img/AutoAtlas/Help/16",2],"50":["Img/AutoAtlas/Help/17",2],"51":["Img/AutoAtlas/Help/18",2],"52":["Img/AutoAtlas/Help/19",2],"53":["Img/AutoAtlas/Help/2",2],"54":["Img/AutoAtlas/Help/20",2],"55":["Img/AutoAtlas/Help/21",2],"56":["Img/AutoAtlas/Help/22",2],"57":["Img/AutoAtlas/Help/23",2],"58":["Img/AutoAtlas/Help/24",2],"59":["Img/AutoAtlas/Help/25",2],"60":["Img/AutoAtlas/Help/27",2],"61":["Img/AutoAtlas/Help/3",2],"62":["Img/AutoAtlas/Help/30",2],"63":["Img/AutoAtlas/Help/31",2],"64":["Img/AutoAtlas/Help/32",2],"65":["Img/AutoAtlas/Help/33",2],"66":["Img/AutoAtlas/Help/34",2],"67":["Img/AutoAtlas/Help/35",2],"68":["Img/AutoAtlas/Help/36",2],"69":["Img/AutoAtlas/Help/37",2],"70":["Img/AutoAtlas/Help/4",2],"71":["Img/AutoAtlas/Help/43",2],"72":["Img/AutoAtlas/Help/5",2],"73":["Img/AutoAtlas/Help/6",2],"74":["Img/AutoAtlas/Help/7",2],"75":["Img/AutoAtlas/Help/8",2],"76":["Img/AutoAtlas/Help/9",2],"77":["Img/b158189c-ab6e-4713-904c-a3a49748b882",2],"78":["Img/b2beae8f-a80e-491d-a36d-2b23ac283734",2],"79":["Img/b43ff3c2-02bb-4874-81f7-f2dea6970f18",2],"80":["Img/Background (11) (1)",2],"81":["Img/bkg1",2],"82":["Img/bkg2",2],"83":["Img/bkg3",2],"84":["Img/bkgCaTran",2],"85":["Img/boxCoinBossRoom",2],"86":["Img/Btn_Exit_normal",2],"87":["Img/Btn_info_normal",2],"88":["Img/Btn_Rank_normal",2],"89":["Img/Btn_Setting_normal",2],"90":["Img/BtnDoiBan",2],"91":["Img/BtnMinus4P",2],"92":["Img/BtnPlus1P",2],"93":["Img/bullet_1",2],"94":["Img/c0b95305-4017-462d-89ae-6e584d4198df",2],"95":["Img/d76734c3-87d4-4220-8930-b156be22998f",2],"96":["Img/d81ec8ad-247c-4e62-aa3c-d35c4193c7af",2],"97":["Img/dc0c1f91-49ee-4d05-a426-222604ede1b9",2],"98":["Img/e851e89b-faa2-4484-bea6-5c01dd9f06e2",2],"99":["Img/EFF_01",2],"100":["Img/f2",2],"101":["Img/fish_cannon_1_body",2],"102":["Img/fish_cannon_1_head",2],"103":["Img/gun9",2],"104":["Img/hole",2],"105":["Img/huogndan1",2],"106":["Img/huogndan2",2],"107":["Img/huogndan4",2],"108":["Img/huogndan5",2],"109":["Img/huogndan6",2],"110":["Img/huongdan3",2],"111":["Img/iconCirle",2],"112":["Img/imgRong",2],"113":["Img/InGameBg1",2],"114":["Img/ItemHaiThan/dinh 3",2],"115":["Img/ItemHaiThan/ItemMiniBoss1",2],"116":["Img/ItemHaiThan/ItemMiniBoss2",2],"117":["Img/ItemHaiThan/ItemMiniBoss3",2],"118":["Img/ItemHaiThan/ItemMiniBoss4",2],"119":["Img/ItemHaiThan/ItemMiniBoss5",2],"120":["Img/ItemHaiThan/them 30%",2],"121":["Img/Khung",2],"122":["Img/lobby",2],"123":["Img/MyBaseStation",2],"124":["Img/name_ingame",2],"125":["Img/netGold",2],"126":["Img/Popup/0",2],"127":["Img/Popup/CamMay/Btn_Back_disable",2],"128":["Img/Popup/CamMay/Btn_Back_normal",2],"129":["Img/Popup/CamMay/Btn_Minus_Normal",2],"130":["Img/Popup/CamMay/Btn_Plus_Normal",2],"131":["Img/Popup/CamMay/Frame_Timer_Black",2],"132":["Img/Popup/CamMay/Frame_Timer",2],"133":["Img/Popup/CamMay/Icon_TamGiac",2],"134":["Img/Popup/CamMay/Measurement_1",2],"135":["Img/Popup/CamMay/Measurement_2",2],"136":["Img/Popup/CamMay/Measurement",2],"137":["Img/Popup/Frame_Info_Yellow",2],"138":["Img/RedFishCircle",2],"139":["Img/song 1",2],"140":["Img/song 2",2],"141":["Img/SungLaser_Text",2],"142":["Img/Target1",2],"143":["Img/Untitled-1",2],"144":["Img/vongtron",2],"145":["Img/Wave",2],"146":["Sound/70Start",7],"147":["Sound/AnDuocNhomCa",7],"148":["Sound/atach=k",7],"149":["Sound/Aura",7],"150":["Sound/BanLaze",7],"151":["Sound/BanTrungCaLon",7],"152":["Sound/BanTrungCaThuong",7],"153":["Sound/BGBachTuoc",7],"154":["Sound/BGThanTaiMini",7],"155":["Sound/Bomb Drop - @Sound Effect",7],"156":["Sound/Bomb DropShortt",7],"157":["Sound/ButtonClick",7],"158":["Sound/CaDoChet",7],"159":["Sound/CaLonChet",7],"160":["Sound/CaTranDacBiet",7],"161":["Sound/CoinBayVe",7],"162":["Sound/CoinVeTui",7],"163":["Sound/CoinWin",7],"164":["Sound/CoinWinBig",7],"165":["Sound/CoinWinNormal",7],"166":["Sound/ComingJackpot",7],"167":["Sound/DemTien",7],"168":["Sound/DemTienOther",7],"169":["Sound/DiaGa",7],"170":["Sound/Doi_Sung",7],"171":["Sound/DoiSung",7],"172":["Sound/Electricity",7],"173":["Sound/FishBoom",7],"174":["Sound/GunFire",7],"175":["Sound/GunReLoad",7],"176":["Sound/GunShowWave",7],"177":["Sound/HitIncredible",7],"178":["Sound/HopQuaMo",7],"179":["Sound/HopQuaNo",7],"180":["Sound/ice-cracking-01",7],"181":["Sound/InGameMusic2",7],"182":["Sound/KetThucDemTien",7],"183":["Sound/MiniBossRoiItem",7],"184":["Sound/NextTurn",7],"185":["Sound/NhanMaChet",7],"186":["Sound/phonixStart",7],"187":["Sound/PoseidonBullet",7],"188":["Sound/quayRamdonHeso",7],"189":["Sound/RuaXiLua",7],"190":["Sound/RuaXoay",7],"191":["Sound/RuaXoay2",7],"192":["Sound/Set",7],"193":["Sound/ShowTakeTireuHoi",7],"194":["Sound/spinVongQuay",7],"195":["Sound/Start72",7],"196":["Sound/StartBoom",7],"197":["Sound/SungBan_DoiPhuong",7],"198":["Sound/SungBan",7],"199":["Sound/takeNgocRong",7],"200":["Sound/tienRoi",7],"201":["Sound/Ting",7],"202":["Sound/TomAlaska",7],"203":["Sound/TrungCa",7],"204":["Sound/TrungXucTua",7],"205":["Sound/watingMuiKhoan",7],"206":["Sound/wave",7],"207":["Sound/Wind",7],"208":["Sound/WindShort",7],"209":["Spine/BigFishBum/ExplosionSmall_01",2],"210":["Spine/BigFishBum/ExplosionSmall_03",2],"211":["Spine/BigFishBum/ExplosionSmall_05",2],"212":["Spine/BigFishBum/ExplosionSmall_07",2],"213":["Spine/BigFishBum/ExplosionSmall_09",2],"214":["Spine/BigFishBum/ExplosionSmall_11",2],"215":["Spine/BigFishBum/ExplosionSmall_13",2],"216":["Spine/BigFishBum/ExplosionSmall_15",2],"217":["Spine/BigFishBum/ExplosionSmall_17",2],"218":["Spine/BossBongDem/AtlasBossCaLongDenPack0",2],"219":["Spine/BossBongDem/CaLongDenBones",8],"220":["Spine/BossBongDem/CaLongDenBones",2],"221":["Spine/BossBongDem/CaLongDenDieBones",8],"222":["Spine/BossBongDem/CaLongDenDieBones",2],"223":["Spine/BossBongDem/CaLongDenDieBones2",2],"224":["Spine/BossBongDem/CaLongDenDieBones3",2],"225":["Spine/BossBongDem/CaLongDenDieBones4",2],"226":["Spine/BossBongDem/CaLongDenDieBones5",2],"227":["Spine/BossBongDem/CaLongDenDieBones6",2],"228":["Spine/BossBongDem/CaLongDenDieBones7",2],"229":["Spine/BossBongDem/mask",2],"230":["Spine/CaXau/AtlasBossCaSauPack0",2],"231":["Spine/CaXau/CaSau",8],"232":["Spine/CaXau/CaSau",2],"233":["Spine/CaXau/CaSau1",2],"234":["Spine/CaXau/CaSauDie",8],"235":["Spine/CaXau/CaSauDie",2],"236":["Spine/CaXau/CaSauDie1",2],"237":["Spine/CaXau/CaSauDie2",2],"238":["Spine/CaXau/CaSauDie3",2],"239":["Spine/CaXau/casauHelp",2],"240":["Spine/DragonBoss/DragonBoss",8],"241":["Spine/DragonBoss/DragonBoss",2],"242":["Spine/eff_xoay/eff_xoay",8],"243":["Spine/eff_xoay/eff_xoay",2],"244":["Spine/EFFECT_ELECTRI/EFFECT_ELECTRI",8],"245":["Spine/EFFECT_ELECTRI/EFFECT_ELECTRI",2],"246":["Spine/explode_bomb/explode_bomb",8],"247":["Spine/explode_bomb/explode_bomb",2],"248":["Spine/Explosion/Explosion",8],"249":["Spine/Explosion/Explosion",2],"250":["Spine/Fish/1999_Fish",2],"251":["Spine/Fish/1999_Fish2",2],"252":["Spine/Fish/Fish_0",8],"253":["Spine/Fish/Fish_1",8],"254":["Spine/Fish/Fish_10",8],"255":["Spine/Fish/Fish_11",8],"256":["Spine/Fish/Fish_12",8],"257":["Spine/Fish/Fish_13",8],"258":["Spine/Fish/Fish_14",8],"259":["Spine/Fish/Fish_15",8],"260":["Spine/Fish/Fish_16",8],"261":["Spine/Fish/Fish_17",8],"262":["Spine/Fish/Fish_18",8],"263":["Spine/Fish/Fish_19",8],"264":["Spine/Fish/Fish_2",8],"265":["Spine/Fish/Fish_20",8],"266":["Spine/Fish/Fish_21",8],"267":["Spine/Fish/Fish_22",8],"268":["Spine/Fish/Fish_23",8],"269":["Spine/Fish/Fish_24",8],"270":["Spine/Fish/Fish_25",8],"271":["Spine/Fish/Fish_27",8],"272":["Spine/Fish/Fish_3",8],"273":["Spine/Fish/Fish_30",8],"274":["Spine/Fish/Fish_31",8],"275":["Spine/Fish/Fish_34",8],"276":["Spine/Fish/Fish_35",8],"277":["Spine/Fish/Fish_36",8],"278":["Spine/Fish/Fish_37",8],"279":["Spine/Fish/Fish_4",8],"280":["Spine/Fish/Fish_43",8],"281":["Spine/Fish/Fish_5",8],"282":["Spine/Fish/Fish_6",8],"283":["Spine/Fish/Fish_7",8],"284":["Spine/Fish/Fish_8",8],"285":["Spine/Fish/Fish_9",8],"286":["Spine/Fish70/NguaBay",2],"287":["Spine/Fish70/NguaBayDead",2],"288":["Spine/Fish71/Ph1",2],"289":["Spine/Fish71/Ph2",2],"290":["Spine/Fish71/Ph3",2],"291":["Spine/Fish72/ThienThan1",2],"292":["Spine/Fish72/ThienThan2",2],"293":["Spine/Fish73/Acqui-0",2],"294":["Spine/Fish73/Acqui-1",2],"295":["Spine/Fish74/RongMini",2],"296":["Spine/FishJp/animation_cathantai",8],"297":["Spine/FishJp/animation_cathantai",2],"298":["Spine/FishJp/bingdong_2",2],"299":["Spine/FishJp/boss",2],"300":["Spine/FishJp/Eff_Boss_5",2],"301":["Spine/FishJp/fish_com_1",2],"302":["Spine/FishJp/Layer 2",2],"303":["Spine/FishJp/text-export",2],"304":["Spine/FishJp/warning",2],"305":["Spine/FX_luoi_effect/FX_luoi_effect",8],"306":["Spine/FX_luoi_effect/FX_luoi_effect",2],"307":["Spine/Fx_MiniBoss/Fx_Transition",8],"308":["Spine/Fx_MiniBoss/Fx_Transition",2],"309":["Spine/fxLaser/fxLaser",8],"310":["Spine/fxLaser/fxLaser",2],"311":["Spine/GunFire/fish_cannon_101_body",2],"312":["Spine/GunFire/fish_cannon_101_head",2],"313":["Spine/GunMuiKhoan/AtlasGun204Pack0",2],"314":["Spine/GunMuiKhoan/effectLight0",2],"315":["Spine/GunSet/BiGiatSet/MBLightning1",2],"316":["Spine/GunSet/BiGiatSet/MBLightning2",2],"317":["Spine/GunSet/BiGiatSet/MBLightning3",2],"318":["Spine/GunSet/BiGiatSet/MBLightning4",2],"319":["Spine/GunSet/BiGiatSet/MBLightning5",2],"320":["Spine/GunSet/BiGiatSet/MBLightning6",2],"321":["Spine/GunSet/BiGiatSet/MBLightning7",2],"322":["Spine/GunSet/idle",2],"323":["Spine/GunSongAm/bullet202Area",2],"324":["Spine/GunSongAm/bullet202fire0",2],"325":["Spine/GunSongAm/gun202fire0",2],"326":["Spine/hanbang/hanbang",8],"327":["Spine/hanbang/hanbang",2],"328":["Spine/MatThan/AtlasGun101Pack0",2],"329":["Spine/MatThan/sprites",2],"330":["Spine/MiniBoss/MiniBoss",8],"331":["Spine/MiniBoss/MiniBoss",2],"332":["Spine/NoBigFish/ExplosionHit",8],"333":["Spine/NoBigFish/ExplosionHit",2],"334":["Spine/Rua/AtlasBossRuaPack0",2],"335":["Spine/Rua/RuaBones",8],"336":["Spine/Rua/RuaBones",2],"337":["Spine/Rua/RuaBones2",2],"338":["Spine/Rua/RuaBones3",2],"339":["Spine/Rua/RuaBones4",2],"340":["Spine/Rua/RuaDieBones",8],"341":["Spine/Rua/RuaDieBones",2],"342":["Spine/Rua/RuaDieBones2",2],"343":["Spine/Rua/RuaDieBones3",2],"344":["Spine/Speed/fire_fence",2],"345":["Spine/Target/skeleton",8],"346":["Spine/Target/skeleton",2],"347":["Spine/Target/target_line",2],"348":["Spine/TrieuHoi/anim_chuxian",8],"349":["Spine/TrieuHoi/anim_chuxian",2],"351":["Animation/AnimFish/Fish70",0],"352":["Animation/AnimFish/Fish70Dead",0],"353":["Animation/AnimFish/Fish71",0],"354":["Animation/AnimFish/Fish72",0],"355":["Animation/AnimFish/Fish73",0],"356":["Animation/AnimFish/Fish74",0],"357":["Animation/Auto",0],"358":["Animation/BoomDead",0],"359":["Animation/BoomDrop",0],"360":["Animation/ChangeGun",0],"361":["Animation/Coin",0],"362":["Animation/ComingBoss",0],"363":["Animation/ComingCaXau",0],"364":["Animation/EffectFish/AuraSet",0],"365":["Animation/EffectFish/BigFish",0],"366":["Animation/EffectFish/BiGiatSet",0],"367":["Animation/EffectFish/LocXoay",0],"368":["Animation/EffectFish/NhomCa",0],"369":["Animation/EffectFish/ThangLon",0],"370":["Animation/EffectPlayer/Speed",0],"371":["Animation/EffectSpeed",0],"372":["Animation/EffectTarget",0],"373":["Animation/Exprozer",0],"374":["Animation/Gun/BulletSet",0],"375":["Animation/Gun/GunMuiKhoan",0],"376":["Animation/Gun/GunSet",0],"377":["Animation/Gun/GunSongAm",0],"378":["Animation/GunAtack",0],"379":["Animation/GunAtackNormal",0],"380":["Animation/MatThan",0],"381":["Animation/NoHu",0],"382":["Animation/TargetBoom",0],"383":["Atlats/nbomb_area/nbomb_area",4],"384":["Atlats/nbomb_explode/fish_nbomb_explode_01",3,1],"385":["Atlats/nbomb_explode/fish_nbomb_explode_02",3,1],"386":["Atlats/nbomb_explode/fish_nbomb_explode_03",3,1],"387":["Atlats/nbomb_explode/fish_nbomb_explode_04",3,1],"388":["Atlats/nbomb_explode/fish_nbomb_explode_05",3,1],"389":["Atlats/nbomb_explode/fish_nbomb_explode_06",3,1],"390":["Atlats/nbomb_explode/fish_nbomb_explode_07",3,1],"391":["Atlats/nbomb_explode/fish_nbomb_explode_08",3,1],"392":["Atlats/nbomb_explode/fish_nbomb_explode_09",3,1],"393":["Atlats/nbomb_explode/fish_nbomb_explode_10",3,1],"394":["Atlats/nbomb_explode/fish_nbomb_explode_11",3,1],"395":["Atlats/nbomb_explode/fish_nbomb_explode_12",3,1],"396":["Atlats/ThangLon/Background (6)",3,1],"397":["Atlats/ThangLon/Bulb Yellow",3,1],"398":["Atlats/ThangLon/Frame Thang Lon",3,1],"399":["Atlats/ThangLon/Light Circle",3,1],"400":["Atlats/ThangLon/Lớp 1 (1)",3,1],"401":["Atlats/ThangLon/Spinner",3,1],"402":["Font/bosocasau-export_cyrillic",5],"403":["Font/bosocasau-export_cyrillic",3,1],"404":["Font/CoinWin",5],"405":["Font/CoinWin",3,1],"406":["Font/FontNumberHit",5],"407":["Font/FontNumberHit",3,1],"408":["Img/43",3,1],"409":["Img/71561142-4c83-4933-afca-cb7a17f67053",3,1],"410":["Img/anhSang",3,1],"411":["Img/arrow_bg",3,1],"412":["Img/Arrow",3,1],"413":["Img/Arrow2",3,1],"414":["Img/AuraGroup",3,1],"415":["Img/auraMain",3,1],"416":["Img/auraTemp",3,1],"417":["Img/auto",3,1],"418":["Img/AutoAtlas/AuraSet/AuraSet",4],"419":["Img/AutoAtlas/AuraSet/eff-ellec01",3,1],"420":["Img/AutoAtlas/AuraSet/eff-ellec07",3,1],"421":["Img/AutoAtlas/AuraSet/eff-ellec09",3,1],"422":["Img/AutoAtlas/AuraSet/eff-ellec11",3,1],"423":["Img/AutoAtlas/AuraSet/eff-ellec13",3,1],"424":["Img/AutoAtlas/AuraSet/eff-ellec15",3,1],"425":["Img/AutoAtlas/Coin/00010001",3,1],"426":["Img/AutoAtlas/Coin/00010002",3,1],"427":["Img/AutoAtlas/Coin/00010003",3,1],"428":["Img/AutoAtlas/Coin/00010004",3,1],"429":["Img/AutoAtlas/Coin/00010005",3,1],"430":["Img/AutoAtlas/Coin/00010006",3,1],"431":["Img/AutoAtlas/Coin/00010007",3,1],"432":["Img/AutoAtlas/Coin/00010008",3,1],"433":["Img/AutoAtlas/Coin/00010009",3,1],"434":["Img/AutoAtlas/Coin/00010010",3,1],"435":["Img/AutoAtlas/Coin/CoinBD",4],"436":["Img/AutoAtlas/DongBang/01-Effect-Bang-Bg",3,1],"437":["Img/AutoAtlas/DongBang/02-Effect-Bang-Bg",3,1],"438":["Img/AutoAtlas/DongBang/03-Effect-Bang-Bg",3,1],"439":["Img/AutoAtlas/DongBang/04-Effect-Bang-Bg",3,1],"440":["Img/AutoAtlas/DongBang/bingdong_2",3,1],"441":["Img/AutoAtlas/Help/0",3,1],"442":["Img/AutoAtlas/Help/1",3,1],"443":["Img/AutoAtlas/Help/10",3,1],"444":["Img/AutoAtlas/Help/11",3,1],"445":["Img/AutoAtlas/Help/12",3,1],"446":["Img/AutoAtlas/Help/13",3,1],"447":["Img/AutoAtlas/Help/14",3,1],"448":["Img/AutoAtlas/Help/15",3,1],"449":["Img/AutoAtlas/Help/16",3,1],"450":["Img/AutoAtlas/Help/17",3,1],"451":["Img/AutoAtlas/Help/18",3,1],"452":["Img/AutoAtlas/Help/19",3,1],"453":["Img/AutoAtlas/Help/2",3,1],"454":["Img/AutoAtlas/Help/20",3,1],"455":["Img/AutoAtlas/Help/21",3,1],"456":["Img/AutoAtlas/Help/22",3,1],"457":["Img/AutoAtlas/Help/23",3,1],"458":["Img/AutoAtlas/Help/24",3,1],"459":["Img/AutoAtlas/Help/25",3,1],"460":["Img/AutoAtlas/Help/27",3,1],"461":["Img/AutoAtlas/Help/3",3,1],"462":["Img/AutoAtlas/Help/30",3,1],"463":["Img/AutoAtlas/Help/31",3,1],"464":["Img/AutoAtlas/Help/32",3,1],"465":["Img/AutoAtlas/Help/33",3,1],"466":["Img/AutoAtlas/Help/34",3,1],"467":["Img/AutoAtlas/Help/35",3,1],"468":["Img/AutoAtlas/Help/36",3,1],"469":["Img/AutoAtlas/Help/37",3,1],"470":["Img/AutoAtlas/Help/4",3,1],"471":["Img/AutoAtlas/Help/43",3,1],"472":["Img/AutoAtlas/Help/5",3,1],"473":["Img/AutoAtlas/Help/6",3,1],"474":["Img/AutoAtlas/Help/7",3,1],"475":["Img/AutoAtlas/Help/8",3,1],"476":["Img/AutoAtlas/Help/9",3,1],"477":["Img/AutoAtlas/LocXoay/LOcXoay",4],"478":["Img/AutoAtlas/LocXoay/redFishEffect1",3,1],"479":["Img/AutoAtlas/LocXoay/redFishEffect13",3,1],"480":["Img/AutoAtlas/LocXoay/redFishEffect17",3,1],"481":["Img/AutoAtlas/LocXoay/redFishEffect21",3,1],"482":["Img/AutoAtlas/LocXoay/redFishEffect25",3,1],"483":["Img/AutoAtlas/LocXoay/redFishEffect29",3,1],"484":["Img/AutoAtlas/LocXoay/redFishEffect33",3,1],"485":["Img/AutoAtlas/LocXoay/redFishEffect37",3,1],"486":["Img/AutoAtlas/LocXoay/redFishEffect41",3,1],"487":["Img/AutoAtlas/LocXoay/redFishEffect45",3,1],"488":["Img/AutoAtlas/LocXoay/redFishEffect49",3,1],"489":["Img/AutoAtlas/LocXoay/redFishEffect5",3,1],"490":["Img/AutoAtlas/LocXoay/redFishEffect53",3,1],"491":["Img/AutoAtlas/LocXoay/redFishEffect9",3,1],"492":["Img/b158189c-ab6e-4713-904c-a3a49748b882",3,1],"493":["Img/b2beae8f-a80e-491d-a36d-2b23ac283734",3,1],"494":["Img/b43ff3c2-02bb-4874-81f7-f2dea6970f18",3,1],"495":["Img/Background (11) (1)",3,1],"496":["Img/bkg1",3,1],"497":["Img/bkg2",3,1],"498":["Img/bkg3",3,1],"499":["Img/bkgCaTran",3,1],"500":["Img/boxCoinBossRoom",3,1],"501":["Img/Btn_Exit_normal",3,1],"502":["Img/Btn_info_normal",3,1],"503":["Img/Btn_Rank_normal",3,1],"504":["Img/Btn_Setting_normal",3,1],"505":["Img/BtnDoiBan",3,1],"506":["Img/BtnMinus4P",3,1],"507":["Img/BtnPlus1P",3,1],"508":["Img/bullet_1",4],"509":["Img/c0b95305-4017-462d-89ae-6e584d4198df",3,1],"510":["Img/d76734c3-87d4-4220-8930-b156be22998f",3,1],"511":["Img/d81ec8ad-247c-4e62-aa3c-d35c4193c7af",3,1],"512":["Img/dc0c1f91-49ee-4d05-a426-222604ede1b9",3,1],"513":["Img/e851e89b-faa2-4484-bea6-5c01dd9f06e2",3,1],"514":["Img/EFF_01",3,1],"515":["Img/f2",3,1],"516":["Img/fish_cannon_1_body",3,1],"517":["Img/fish_cannon_1_head",3,1],"518":["Img/gun9",3,1],"519":["Img/hole",3,1],"520":["Img/huogndan1",3,1],"521":["Img/huogndan2",3,1],"522":["Img/huogndan4",3,1],"523":["Img/huogndan5",3,1],"524":["Img/huogndan6",3,1],"525":["Img/huongdan3",3,1],"526":["Img/iconCirle",3,1],"527":["Img/imgRong",3,1],"528":["Img/InGameBg1",3,1],"529":["Img/ItemHaiThan/dinh 3",3,1],"530":["Img/ItemHaiThan/ItemMiniBoss1",3,1],"531":["Img/ItemHaiThan/ItemMiniBoss2",3,1],"532":["Img/ItemHaiThan/ItemMiniBoss3",3,1],"533":["Img/ItemHaiThan/ItemMiniBoss4",3,1],"534":["Img/ItemHaiThan/ItemMiniBoss5",3,1],"535":["Img/ItemHaiThan/them 30%",3,1],"536":["Img/Khung",3,1],"537":["Img/lobby",3,1],"538":["Img/MyBaseStation",3,1],"539":["Img/name_ingame",3,1],"540":["Img/netGold",3,1],"541":["Img/Popup/0",3,1],"542":["Img/Popup/CamMay/Btn_Back_disable",3,1],"543":["Img/Popup/CamMay/Btn_Back_normal",3,1],"544":["Img/Popup/CamMay/Btn_Minus_Normal",3,1],"545":["Img/Popup/CamMay/Btn_Plus_Normal",3,1],"546":["Img/Popup/CamMay/Frame_Timer_Black",3,1],"547":["Img/Popup/CamMay/Frame_Timer",3,1],"548":["Img/Popup/CamMay/Icon_TamGiac",3,1],"549":["Img/Popup/CamMay/Measurement_1",3,1],"550":["Img/Popup/CamMay/Measurement_2",3,1],"551":["Img/Popup/CamMay/Measurement",3,1],"552":["Img/Popup/Frame_Info_Yellow",3,1],"553":["Img/RedFishCircle",3,1],"554":["Img/song 1",3,1],"555":["Img/song 2",3,1],"556":["Img/SungLaser_Text",3,1],"557":["Img/Target1",3,1],"558":["Img/Untitled-1",3,1],"559":["Img/vongtron",3,1],"560":["Img/Wave",3,1],"561":["Prefabs/Fish/Fish1",6],"562":["Prefabs/Fish/Fish10",6],"563":["Prefabs/Fish/Fish100",6],"564":["Prefabs/Fish/Fish101",6],"565":["Prefabs/Fish/Fish102",6],"566":["Prefabs/Fish/Fish103",6],"567":["Prefabs/Fish/Fish11",6],"568":["Prefabs/Fish/Fish12",6],"569":["Prefabs/Fish/Fish13",6],"570":["Prefabs/Fish/Fish14",6],"571":["Prefabs/Fish/Fish15",6],"572":["Prefabs/Fish/Fish16",6],"573":["Prefabs/Fish/Fish17",6],"574":["Prefabs/Fish/Fish18",6],"575":["Prefabs/Fish/Fish19",6],"576":["Prefabs/Fish/Fish2",6],"577":["Prefabs/Fish/Fish20",6],"578":["Prefabs/Fish/Fish21",6],"579":["Prefabs/Fish/Fish22",6],"580":["Prefabs/Fish/Fish23",6],"581":["Prefabs/Fish/Fish24",6],"582":["Prefabs/Fish/Fish25",6],"583":["Prefabs/Fish/Fish26",6],"584":["Prefabs/Fish/Fish27",6],"585":["Prefabs/Fish/Fish28",6],"586":["Prefabs/Fish/Fish29",6],"587":["Prefabs/Fish/Fish3",6],"588":["Prefabs/Fish/Fish30",6],"589":["Prefabs/Fish/Fish31",6],"590":["Prefabs/Fish/Fish32",6],"591":["Prefabs/Fish/Fish33",6],"592":["Prefabs/Fish/Fish34",6],"593":["Prefabs/Fish/Fish35",6],"594":["Prefabs/Fish/Fish36",6],"595":["Prefabs/Fish/Fish38",6],"596":["Prefabs/Fish/Fish39",6],"597":["Prefabs/Fish/Fish4",6],"598":["Prefabs/Fish/Fish40",6],"599":["Prefabs/Fish/Fish5",6],"600":["Prefabs/Fish/Fish50",6],"601":["Prefabs/Fish/Fish51",6],"602":["Prefabs/Fish/Fish52",6],"603":["Prefabs/Fish/Fish53",6],"604":["Prefabs/Fish/Fish54",6],"605":["Prefabs/Fish/Fish55",6],"606":["Prefabs/Fish/Fish56",6],"607":["Prefabs/Fish/Fish6",6],"608":["Prefabs/Fish/Fish7",6],"609":["Prefabs/Fish/Fish70",6],"610":["Prefabs/Fish/Fish71",6],"611":["Prefabs/Fish/Fish72",6],"612":["Prefabs/Fish/Fish73",6],"613":["Prefabs/Fish/Fish74",6],"614":["Prefabs/Fish/Fish8",6],"615":["Prefabs/Fish/Fish9",6],"616":["Prefabs/Game/DinhBa",6],"617":["Prefabs/Game/DropBoom",6],"618":["Prefabs/Game/EyeOcean0",6],"619":["Prefabs/Game/ThangLon",6],"620":["Prefabs/HelpBongDem",6],"621":["Prefabs/LichSuJackpot",6],"622":["Prefabs/TakeJp",6],"623":["Spine/BigFishBum/ExplosionSmall_01",3,1],"624":["Spine/BigFishBum/ExplosionSmall_03",3,1],"625":["Spine/BigFishBum/ExplosionSmall_05",3,1],"626":["Spine/BigFishBum/ExplosionSmall_07",3,1],"627":["Spine/BigFishBum/ExplosionSmall_09",3,1],"628":["Spine/BigFishBum/ExplosionSmall_11",3,1],"629":["Spine/BigFishBum/ExplosionSmall_13",3,1],"630":["Spine/BigFishBum/ExplosionSmall_15",3,1],"631":["Spine/BigFishBum/ExplosionSmall_17",3,1],"632":["Spine/BossBongDem/AtlasBossCaLongDenPack0",4],"633":["Spine/BossBongDem/CaLongDenBones",9],"634":["Spine/BossBongDem/CaLongDenBones",3,1],"635":["Spine/BossBongDem/CaLongDenDieBones",9],"636":["Spine/BossBongDem/CaLongDenDieBones",3,1],"637":["Spine/BossBongDem/CaLongDenDieBones2",3,1],"638":["Spine/BossBongDem/CaLongDenDieBones3",3,1],"639":["Spine/BossBongDem/CaLongDenDieBones4",3,1],"640":["Spine/BossBongDem/CaLongDenDieBones5",3,1],"641":["Spine/BossBongDem/CaLongDenDieBones6",3,1],"642":["Spine/BossBongDem/CaLongDenDieBones7",3,1],"643":["Spine/BossBongDem/mask",3,1],"644":["Spine/CaXau/AtlasBossCaSauPack0",4],"645":["Spine/CaXau/CaSau",9],"646":["Spine/CaXau/CaSau",3,1],"647":["Spine/CaXau/CaSau1",3,1],"648":["Spine/CaXau/CaSauDie",9],"649":["Spine/CaXau/CaSauDie",3,1],"650":["Spine/CaXau/CaSauDie1",3,1],"651":["Spine/CaXau/CaSauDie2",3,1],"652":["Spine/CaXau/CaSauDie3",3,1],"653":["Spine/CaXau/casauHelp",3,1],"654":["Spine/DragonBoss/DragonBoss",9],"655":["Spine/DragonBoss/DragonBoss",3,1],"656":["Spine/eff_xoay/eff_xoay",9],"657":["Spine/eff_xoay/eff_xoay",3,1],"658":["Spine/EFFECT_ELECTRI/EFFECT_ELECTRI",9],"659":["Spine/EFFECT_ELECTRI/EFFECT_ELECTRI",3,1],"660":["Spine/explode_bomb/explode_bomb",9],"661":["Spine/explode_bomb/explode_bomb",3,1],"662":["Spine/Explosion/Explosion",9],"663":["Spine/Explosion/Explosion",3,1],"664":["Spine/Fish/1999_Fish",3,1],"665":["Spine/Fish/1999_Fish2",3,1],"666":["Spine/Fish/Fish_0",9],"667":["Spine/Fish/Fish_1",9],"668":["Spine/Fish/Fish_10",9],"669":["Spine/Fish/Fish_11",9],"670":["Spine/Fish/Fish_12",9],"671":["Spine/Fish/Fish_13",9],"672":["Spine/Fish/Fish_14",9],"673":["Spine/Fish/Fish_15",9],"674":["Spine/Fish/Fish_16",9],"675":["Spine/Fish/Fish_17",9],"676":["Spine/Fish/Fish_18",9],"677":["Spine/Fish/Fish_19",9],"678":["Spine/Fish/Fish_2",9],"679":["Spine/Fish/Fish_20",9],"680":["Spine/Fish/Fish_21",9],"681":["Spine/Fish/Fish_22",9],"682":["Spine/Fish/Fish_23",9],"683":["Spine/Fish/Fish_24",9],"684":["Spine/Fish/Fish_25",9],"685":["Spine/Fish/Fish_27",9],"686":["Spine/Fish/Fish_3",9],"687":["Spine/Fish/Fish_30",9],"688":["Spine/Fish/Fish_31",9],"689":["Spine/Fish/Fish_34",9],"690":["Spine/Fish/Fish_35",9],"691":["Spine/Fish/Fish_36",9],"692":["Spine/Fish/Fish_37",9],"693":["Spine/Fish/Fish_4",9],"694":["Spine/Fish/Fish_43",9],"695":["Spine/Fish/Fish_5",9],"696":["Spine/Fish/Fish_6",9],"697":["Spine/Fish/Fish_7",9],"698":["Spine/Fish/Fish_8",9],"699":["Spine/Fish/Fish_9",9],"700":["Spine/Fish70/NguaBay",4],"701":["Spine/Fish70/NguaBayDead",4],"702":["Spine/Fish71/Ph1",4],"703":["Spine/Fish71/Ph2",4],"704":["Spine/Fish71/Ph3",4],"705":["Spine/Fish72/ThienThan1",4],"706":["Spine/Fish72/ThienThan2",4],"707":["Spine/Fish73/Acqui-0",4],"708":["Spine/Fish73/Acqui-1",4],"709":["Spine/Fish74/RongMini",4],"710":["Spine/FishJp/animation_cathantai",9],"711":["Spine/FishJp/animation_cathantai",3,1],"712":["Spine/FishJp/bingdong_2",3,1],"713":["Spine/FishJp/boss",3,1],"714":["Spine/FishJp/Eff_Boss_5",3,1],"715":["Spine/FishJp/fish_com_1",3,1],"716":["Spine/FishJp/Layer 2",3,1],"717":["Spine/FishJp/text-export",5],"718":["Spine/FishJp/text-export",3,1],"719":["Spine/FishJp/warning",3,1],"720":["Spine/FX_luoi_effect/FX_luoi_effect",9],"721":["Spine/FX_luoi_effect/FX_luoi_effect",3,1],"722":["Spine/Fx_MiniBoss/Fx_Transition",9],"723":["Spine/Fx_MiniBoss/Fx_Transition",3,1],"724":["Spine/fxLaser/fxLaser",9],"725":["Spine/fxLaser/fxLaser",3,1],"726":["Spine/GunFire/fish_cannon_101_body",3,1],"727":["Spine/GunFire/fish_cannon_101_head",3,1],"728":["Spine/GunMuiKhoan/AtlasGun204Pack0",4],"729":["Spine/GunMuiKhoan/effectLight0",3,1],"730":["Spine/GunSet/BiGiatSet/MBLightning1",3,1],"731":["Spine/GunSet/BiGiatSet/MBLightning2",3,1],"732":["Spine/GunSet/BiGiatSet/MBLightning3",3,1],"733":["Spine/GunSet/BiGiatSet/MBLightning4",3,1],"734":["Spine/GunSet/BiGiatSet/MBLightning5",3,1],"735":["Spine/GunSet/BiGiatSet/MBLightning6",3,1],"736":["Spine/GunSet/BiGiatSet/MBLightning7",3,1],"737":["Spine/GunSet/idle",3,1],"738":["Spine/GunSet/Tam1/bullet999explode0",3,1],"739":["Spine/GunSet/Tam1/bullet999explode1",3,1],"740":["Spine/GunSet/Tam1/bullet999explode10",3,1],"741":["Spine/GunSet/Tam1/bullet999explode11",3,1],"742":["Spine/GunSet/Tam1/bullet999explode12",3,1],"743":["Spine/GunSet/Tam1/bullet999explode13",3,1],"744":["Spine/GunSet/Tam1/bullet999explode3",3,1],"745":["Spine/GunSet/Tam1/bullet999explode4",3,1],"746":["Spine/GunSet/Tam1/bullet999explode5",3,1],"747":["Spine/GunSet/Tam1/bullet999explode6",3,1],"748":["Spine/GunSet/Tam1/bullet999explode7",3,1],"749":["Spine/GunSet/Tam1/bullet999explode8",3,1],"750":["Spine/GunSet/Tam1/bullet999explode9",3,1],"751":["Spine/GunSet/Tam1/bullet999fire0",3,1],"752":["Spine/GunSet/Tam1/bullet999fire10",3,1],"753":["Spine/GunSet/Tam1/bullet999fire12",3,1],"754":["Spine/GunSet/Tam1/bullet999fire14",3,1],"755":["Spine/GunSet/Tam1/bullet999fire16",3,1],"756":["Spine/GunSet/Tam1/bullet999fire18",3,1],"757":["Spine/GunSet/Tam1/bullet999fire2",3,1],"758":["Spine/GunSet/Tam1/bullet999fire20",3,1],"759":["Spine/GunSet/Tam1/bullet999fire22",3,1],"760":["Spine/GunSet/Tam1/bullet999fire24",3,1],"761":["Spine/GunSet/Tam1/bullet999fire4",3,1],"762":["Spine/GunSet/Tam1/bullet999fire6",3,1],"763":["Spine/GunSet/Tam1/bullet999fire8",3,1],"764":["Spine/GunSet/Tam1/gun999fire1",3,1],"765":["Spine/GunSet/Tam1/gun999fire2",3,1],"766":["Spine/GunSet/Tam1/gun999fire3",3,1],"767":["Spine/GunSet/Tam1/GunSet",4],"768":["Spine/GunSongAm/bullet202Area",3,1],"769":["Spine/GunSongAm/bullet202fire0",3,1],"770":["Spine/GunSongAm/gun202fire0",3,1],"771":["Spine/hanbang/hanbang",9],"772":["Spine/hanbang/hanbang",3,1],"773":["Spine/MatThan/AtlasGun101Pack0",3,1],"774":["Spine/MatThan/sprites",4],"775":["Spine/MiniBoss/MiniBoss",9],"776":["Spine/MiniBoss/MiniBoss",3,1],"777":["Spine/NoBigFish/ExplosionHit",9],"778":["Spine/NoBigFish/ExplosionHit",3,1],"779":["Spine/Rua/AtlasBossRuaPack0",4],"780":["Spine/Rua/RuaBones",9],"781":["Spine/Rua/RuaBones",3,1],"782":["Spine/Rua/RuaBones2",3,1],"783":["Spine/Rua/RuaBones3",3,1],"784":["Spine/Rua/RuaBones4",3,1],"785":["Spine/Rua/RuaDieBones",9],"786":["Spine/Rua/RuaDieBones",3,1],"787":["Spine/Rua/RuaDieBones2",3,1],"788":["Spine/Rua/RuaDieBones3",3,1],"789":["Spine/Speed/fire_fence",4],"790":["Spine/sprite-flag",10],"791":["Spine/sprite-flag",11],"792":["Spine/Target/skeleton",9],"793":["Spine/Target/skeleton",3,1],"794":["Spine/Target/target_line",3,1],"795":["Spine/TrieuHoi/anim_chuxian",9],"796":["Spine/TrieuHoi/anim_chuxian",3,1],"797":["Spine/VongQuay/Background (3)",3,1],"798":["Spine/VongQuay/CUA VQMM2",3,1],"799":["Spine/VongQuay/Gold",3,1],"800":["Spine/VongQuay/iconNext",3,1],"801":["Spine/VongQuay/LayerBelow",3,1],"802":["Spine/VongQuay/Lớp 1",3,1],"803":["Spine/VongQuay/v1",3,1],"804":["Spine/VongQuay/v2",3,1],"805":["Spine/VongQuay/v3",3,1],"806":["Spine/VongQuay/VongQuay",4]},"types":["cc.AnimationClip","cc.ParticleAsset","cc.Texture2D","cc.SpriteFrame","cc.SpriteAtlas","cc.BitmapFont","cc.Prefab","cc.AudioClip","cc.Asset","sp.SkeletonData","cc.EffectAsset","cc.Material"],"uuids":["e0qbEIk79Nh7H876NsOUGe","1boAw7yhtAQb3kHctnvvdA","89phRggFFClYCBc9VrJxuV","66Vi3sesZDpYtr9sKuKzKE","82K2NLtehMJJqv8zog0sxi","f1u7dtitlBn5P2Bg02LZdS","b23H5xhRVB7IfBgHrtyZZv","33toRPaQpJ/bhxUfCX68PH","1bxvUcxuBCBoHUXGUkjY5U","66g75JnlRGb6/e2gIXOEPI","f1m8IakM9ApIPuuJYW82rp","3aKwbir+NO4L8Jb5gTLmHW","c7PqTR1+ZIno1GXwNBeGVA","8dRb3jqSJCEoTWsQaev2+2","11wQtXbSFFrqazqYFs+rrF","b0z+BuFslCKbPnq92yNiIT","e1jMRgJD9HBoWkkXgA1dGI","97szl0jRlN44v75hkZZl1Z","aeEk4blFNPApW4lQat6240","a1oYQ77VZKD6CSyep+Sz4l","fdRFLIK01H24aWymfAUKhg","725zLa/jpLBpYjczO7LQhC","88tCik0ERPsIqGi9K4TvNT","d1G6OfpghM54uj+J19OHAs","38EMJmH7ZLw6EedyzxDAP5","acSrhu/hhCupKUkD9dsGFV","ddNje+zp5LSI2PszMEUFJG","7dm8hiInFFO7EYFG64bHNH","76Zxt0s+VGY5Yjcm6xlcEj","f1xoQaj6pOJbdr084Ynb8F","be/5+RrlBG7ZQDE43Zt5GJ","82sA4xXztBp4q1CgXndMHf","2famKA7kpOd71uCaqAngke","2eXNemmDpN/q9WbBmpn+50","ab7OaL9b1G5Y+ozTdp5J6K","02QwEKcwVMX4Pq23FEOxWF","71KBtzJDFPSq4j46i81Zmw","7aDvtvwAtFMaxs0+6Gm5iz","63iO625dVP5rqSpYzzmSTj","b21v4IzWVNrooZvtdhxwFb","cafYBpYCRLMJVa/u3sEGX3","3dqCsOdAhLzIcdb8jzWyMZ","a669opaoNMeZj9htCK1HGy","42MB75zu9Ajqh96Tx+eO3a","c0ykeXddhJWJTTxnFrF/hf","a6IMXWoQVHDJnHSSoJ7wdX","65zqIK8uJFg5i76kjiDPNc","8emnbkNZhJn7R1VIFAu+2G","11t8aAtyZMm60z6hYcWymS","e13Ztna/hN0oqnn6kIP3v7","c3RjtPrNtLj7YzRqLxqbSn","53LoDtCh1A7KAZQl0KIueo","77f3PrbKlMN6vqW5cG97Wz","f2ojwV95hAjLg10T0kP0vQ","ab/elzpI5JyrAw9wpIej2U","fdhCg0PvJBDbvB0K536nV4","68xlaf311Bur3t6DCbW/L9","ads6kWOd9IKKUmyVB12NiA","b2Xcry4JhKuIu0wLsSIHBv","2facTQSmhNt56ZdqPU5kxZ","44KrT7lRVIToWGHpzWcVhE","52WpvR/W9MXLXNac+I04F9","54j2O+dfFJyLalofI4Poic","dabMArsFhNbLN4yOFCAxHP","7bimVbgrROOrcH3jEhzQb3","e4/1bdKW5B8IE/1ooojUbj","76+WvECpBAcJWNv42B+zu7","8bF31CzPxLgrMAcVDvr8Yj","0aZ+um2CpMwbst6ZUEn47J","79aMiNWAZKkaGLl8BGxbrb","6913wXfmxFzKKP/2FkxiMR","a7z+I/50pAp4mzOVb2NG4f","beyaqU51VLoa+3S/jgdPVF","a1DKl3gklAqbRFCE8oEhK4","8etA2Bb7ZMqYFkY/xwRAT5","8bDBN0fS1Ga7VRtvyPvNY4","6aFvrmaHJHNbcVtjwDcqTP","40Hrtn6dBJM6HZo0EOnoaP","d16TfmFQ9DKase20sZqbQN","4bw3tsy5lEFbjnPHEA90OS","f4kC3/qCJJQJO4z5HoSwQE","171FqlVc9GpJWAJvLDpHkB","ffhNgJ6HZBvKVUkHHOaSF/","268Ly7Ch1O2oGXU8GJoiZg","cdB5KDSUJMiZHwHi6mTXSh","79Dmb4bH9Gtr0t6u4VSxUq","cbtKiHnEBM1bwih92SC0Dm","4a/+uzHudHe6oOVEhR4vyC","a0V2ftG+NPL6kEY6RwLM7M","42CY9aLx9BPKmbqTvN2XcK","f1m5dotgZLraKRfh2kykbN","c4fFpY+4xO56wnfL427Lmr","4a2nzXUvRODomu+rXU0oQI","b9uid8WYZEsLtEyxyyTGTI","0fmHHljJlIJKdjphTtVFzQ","f3q745kgxI6KrFA8RF58iI","c0T67h1ZhOH7rP/rkUlz4B","4bTtRfw61OUqNkgWx43USv","a5nKAmNNVHvJxnsN+k9Sq0","45+IwBICVOepN/0Hi5MDOy","55Sh/j3lFK366fDet03CEM","01kIYVFzpArJF/nmboGn8K","09IYfKfbpK24VoktZ72S31","7aiMaB/spEzqXnc1ahLKN1","c9BVZWISpLGqJhBMbvD9Gc","11Imq2KSFEzo706QSCwQo2","3epNynGARJ56HcWINF/PJZ","e0gbaAd01GPYuMTjnWCMPq","a1HGKrWS1OMrz1rJnrLuK0","25WDw1KHdIvLEIAQFeIe91","bdI+aTkYxBjIsdELFyeblV","75SupiRUVOCobGEuy5ZdvO","608kmVi/ZPS4FXVL/TdX0/","73ePJpkP9KYqeRFuWeOqgT","4e5wQK1jJPH7phC8FwtlnQ","d20t9xhTJEObiVLOssrs0k","d9PBBKfShGHL4ABFS6pw30","16hYKVvitKmbBLsCRK3gJz","7e89ZG9ndKRLnioBdlLCbr","d5A05f9TdN8YMQ0EGGKc4X","5f7Bqyk2ZDb6fl6jPqwk0y","a1464d62ZPGZu0maLehvpI","98nf6pQx9HLqRt+sSXHwoy","bf9pO9yYtHS6cxsu1R9Hpe","d5v2DMlutPCLdh2+OpVuBX","22IaKwT2RE/qMPJN9qwK5y","d9f0hUGYlGnYrrVGy6OKcT","70LwoP9eFLbZO+OnH9Ac8d","65dzBY/hJFUoZS0gD0LpLS","43bWrJ8A1MI6elVeAlvTFN","d4E6tux6JLArvh5RfQnPlJ","81yQgKV8lKjbDh+VDwCOTf","77ehhEUJNNL5jmbBz/9iDW","2dfMoBDVVN/rDZ5zl2m9ur","e2YjRSfcNK77AeYnRN1vtP","99jVxe5vhAB74b/kpAdVqG","fbJACevCFHRYbxFYcPxEgG","54E5lJ6NVN1qPnG4KJ79wc","beIgZ9yXtKGY+cEj3a6q87","225zgnw+xGCofTLasI1H+t","6cS07YD2ZLirlsK4E7odFl","4asOGwcH9GRpk/JdsJ52wK","3deAnUAXlLXIwyJdmdg0G/","f8u//kYTxMzJxFF/IZ8ZDN","783BOu4xZObJndnGNWm/f/","23GJ8i26BF87JgYvgJL5Ss","fdbPGrFypNIYy8jod1CW9x","dc7uhAGMlBX5AA71LdLK0W","ce6zBfIJ5FirMs0A1ha+fr","3aLH3sny5BlprJLttzw18x","5fJ2duG1JFfIYhAPl4/DA9","52G47h1UhEbLhRLAb1dGsG","77Ns36bw9FW6umu/xrWe5X","16ArmHLfJFm73Lw28LLfn2","38amKlZ8FCeL28oSx0MNrT","7eBzCaXMlEyKNNQYAokYa0","b7Y8z8cttGZLUq9utp9ZQ7","eboyLXtWZJfI+I9DBjS/2K","c4sJ9HuGhFwYkltPHxGxIj","549MyCL7lCIp0+QXo527so","30jRXkKTtA7pP4t60W2W91","9aKHoizzxHjJ0ZRvyunAb6","656oQc/ydJZI4vtqFnN1lY","69MAngCf5KzpYk1IxzpyOs","3dVxm+2rRH5qRP+ZdAoWsc","25NkkHR3lG6poa5N6cnOLr","134mRugVZOuKK70xYoq+e2","e3eaILZupKVKeIfDCEw2eg","26SZ21bWtNIIVGAOarcjYx","dcjMG/jj9BZpoNqZrgm45S","f3nLbMyLZKiK4x8wFQ983p","9canC+aWNBtqmyP2k3XMtC","0fXQswVcdMVppl06q91dPw","a7wJShdIxNsp+eXxkqPx53","e9/smUOxhNWrBgUQ/8ybat","2eRVZUeUdMy5nW3tCFLKNM","54B4AjRhhBF6HBUZ+15CCz","b4GIg08g1CDbjaxMODUnxo","10htR3GthI7LaX25rKfeVt","93QD8kQLVFwLX5meer1Yn/","58kfojELZLUK4gxIC+csx6","d9bLXYsntKUJPYOT6V5OSb","aeQgLg75dBHKXVh6aRVeKJ","a7+Bu0utZNWrzJRX8R8L6H","ebEJlqSTtE4poEyxksF2k6","7efEVCcKBOG4/RcwodH1j1","e8uh+52yZMl7J9eWRXT7IA","bdPvJ75hBCioEiuINx0lWk","5aIzxLZl9Gco1rxxF+6Rr7","03hVjmyW9Jk4S2e3HQLaCG","15PvIBtTNAhIYcb1+1hG9E","e77kJtDslPDraxUaE07QXi","ceM2KLY7RDZqUuFTZ4TA6r","a9V5w9XTFHVrL82hQwTVkK","1azd4UTaRH16pzlS4bMvb0","73BwiFAYxLoYA3X6PnYhX8","e2Jz3N7KdHfobNsvwtzg1k","be/cn9i9dBW6uk8Uz9SJ52","47p6WLJT9Ibr5KAxRudvL1","ea1vwGywVNC5Qww175JQDk","edSLCkGNlGQbME7CbRuR3Q","82sTxNuv9LQ5E5mEi1QVfy","dcPvxseixE2rgYx5JoJGL+","9dXfCyuGtDw47XgnHagBMc","9cL/ps2nVPi4nFqzsmv9nr","10YTIjGFdF85ExlmE7uGJP","75R0261KFMgK2FvDsmcW7m","e3p4rgOc9JCZXtD3RCP7Z8","873Oq+N8dGsIOZlntPg+d/","f4FujlvY9C0oQ95Q8g5gTg","91463HGL1DVJdvacF6L+3K","e40h+E/89MYrz7NkHOdYmL","acq1297pxM7rYRDEe9Yoov","9c6YWP05BGf4HGyRQLBCPp","625VWhO+pNVrEqz4t3pHl7","735nR1lA1PrrO/nQjb6pwH","0b3kZuQN9DOrJGQ8eOeC7l","beN7Wx0yRJEpraQFVhftcO","bdRpPbTjtLNLkf63xzcs8A","fcWtNc/xFELomXNzjEZL0d","d6r0xBId5CYrrsql7eJhrn","06DwG5cxhHZaomlfXYUWn5","ccs+wsijFCxYXzKAtuR6Qi","4esJ2cbmpPTqbuAvnrdE9W","10YVM3L/xF4Z1SRn2iTrq9","13R/dwsXRCEbBMmyGWDpKl","54lZrplspKpLjdH1EFXmgk","4dpOT9tn5G5oRO8RtrATAa","bfWSAE641IMpXncSsWo55j","00FcRpj7dPCIvNuQX5LqZ8","85VH9SdgFM+rtIFm8UCPA6","b2aveUAQxFO7vohiSH8iT8","73DDJjvMlEtpOuLIum/MGo","57FDecICxPOplXAzO6Igks","1b/eEDF+hLl4vH1wKTIvYX","72qWUbHhFC666hd3/JlxzQ","d78FzAbBhFq4Pj1Y9gthD9","d2qKz5FfNDAb6sNRU91OKJ","18zVy/uJNIS7K9tjwiHe0j","89PCE2pw1BEYTtXdMDLd/r","e63dp/Ta1DTK3a5PkcL6HT","4cdk4uYTBHJpU0FH0cr6Fh","1dUfpKRp9BIKlg3nFnpJ8G","7dcPsMUzxPIoYpybjfJfuW","e8Idu0OiBLmraW2Zrc76NE","44xj+WrNFIJaXnQiy9d89d","74wGzXgeNFibiszTlc685u","5e5CfHxftIl6a6VXqPmIwj","a0c3IChjpKTJ6pFqgV0Dqx","12J+cclrxGUIZg97j9sLdE","f2bUempchOqZfhdTz01e3r","22pknGr05PhacBn6bNvmgB","6adem3NX9JVp7JNEM7MI7e","11BkEpeyVPRpIIM3yjmKra","18lYIwaJNJtKmdvGTL9lvT","24GSw6AAROnI7vji+en3u/","7bkWcDO51PmbZVycgGsSB2","784HRtht9O+5Bn0qQpyvyP","47gSMs3n5EW57BPnu45EA3","9b6dP28eRF5JXlCl3z95X4","6f76ZtgJlMsYoq24blr0hT","ddJLSMgXtCUYTYvFXJCQC2","d5YcZanAlMb6YXQ4uyikbD","a2Oi6Cm3RMgrJh+t3RNmmu","64xiGjGYJHepD+9CKKtJT2","7cnL08HhZHgbfD5/D7eD1A","67J03KD8tCt54x8SmUNvGe","718UbwhOtG+5J9ghlKo+uH","aaRX+5x0tF3rS8hFsIkKqa","c8FbIJVqdPLKYDrSqa3pyN","ffWaxbZilMWI+aquZORXsW","d94QNrH2lG4oI4exSIU3HQ","faYvbpdGVAhYlBE4o85OLq","04zBELj9RFQ4R+UpVVXl8X","c95UU0wE9Af4d9Sc4l4F8h","be8KBkbdJNt455uc478Iai","b3bIVINNdI+7E+lQaUhnWh","4aqhJxaHxPZpae735uBaTp","caKvpxlQFHYYnCpFu/2vpA","16aS31eJNBCqAt+kvciP8W","4a1CDIyUdN76CdjIM5WqUt","8aiZE+7GZGTLxXq0B6Vt8o","a0lWulFeVKfri+Xkr9rV6Z","99BQcC5eNGtZY6vIzI5203","7cM1RLSYNG8Z+4qG+NXS7W","deQ+7cextNkrDDSw4iw5v6","de11RlrrJCfqeJPO/B/uDt","ceLyC1w35C7r8QN5fkuElJ","19IT6pkN5LNrnbnqTN8aDu","e0+zpRuWtKpIuf+YLrodta","f4faYj/+9EZJEIXrdSGGdc","658jAoYodBXIuqeqptZbfe","08SXRbdCBDuos7JcGRDK2l","afA1UAHGRMLaXWrYtl8Cxg","90T1YlHIlKK6+MRxiorzIV","e3Wxe3PSpNn7dO0Sr/nfty","8cqfJW6DFKS5TJoZJ0QR7I","71QsPXXCdIy5ece7qoCxQ0","c7mWh5oHFHirSs2ccwajEQ","6f9SKFt1tDr6WTUWHm972/","21GILo8gFDSYWumzCRuZYj","fb+iUJn3hKmaDve0XIibc+","76Dhp0OVtMCJ0cW0riAX4p","d1GVtHBXFJ1LjEbO+lGcUE","03RaxHuTdDlZQlB2/2HzbQ","3d8xALqEZE1K4XBI5DTqZZ","58HNm4EbFGaZTw1+S0HH4k","4cYnt5VHZBZIuqJB5rcG+4","120sTJb89Ecqztmc6IKBEv","89NMVLJY1LbZuGYax2uGhC","f4kFcPKuZGn7vf4KvesKep","bfoCkjP0BDUqXR8E5P5k04","b3Yj0ZRd5DXrFT9WZ+ORqF","80rWvOEnBLl4+Nf95JayeH","aa6uzyMORKYLM28wW2zRSt","74qCaomZZOCJRfVlSa6Ilp","2czt5GHE9IMamIJxS36HLO","159i3d/ZVLxbj9oJF1Z2M4","e2rEGjW4hBA48Y2fH4JA1e","46Ke8RZe9MhrIL/CfZ1oWL","25hFKA+iBF9qcSzij00jQn","22gPAlzUlGHLOzvWqyepMM","66+BtLmUJEtbwUbZ5z93jo","c3hYJ3VsdGu5R1XzLcMDFb","d8YA0BaK9Nxo+kLhljVYQE","eclIChY4tGrb7Ymrfp4yX+","a3Mz8ya0xAYKb5ZSGc2fO7","5dhywYc7BItKHndv+FQEn0","84R/XqwZlE4I0k4mlP2Vvp","3a74VZ7aZP3oy8xUYsp65H","87dorOncxEp5kiAVE9yzTi","6bCY526IRD4LbbELW7YJ/C","74QAY62yFEeYLybSqV/TZD","21ID0YOPpAO6w8GhAGfjTH","482Ljm3GhEGYqD0swt/xUA","69GBf/4pZEcJ1hDBpNSUak","1d4d3JxyFCuIol2EiMjkbX","b9bXoz/2tNboTZy9LDRb9k","21g6F61xtKfIB/4NJvu55j","8dRan7zdRBFIkj+Bt0mtWw","11fN9kbO5M/LBQ83q6f7HT","16aHu+k9BCXYMnyoImCIBC","eectZR8y9NCIBd6uQ3nx8N","61fVtHk+RIf6edHPaEfq3z","65MP/Of5ZCmYs7yKcW+5Js","d0FiexrlRAJZjjZ6F2GenA","84WePvW7dFPI9dXVzAoZ/I","e5GLI4XuZNjrVjuMSBWvKE","cfcyNyp6dAKJq03TEKTBqC","5cSaCA+1ZGyrlP82jAcivN","48lRP1q9dKK7cAkErqpKx5","14+bh0f0pFnruXZHdCNUft","3db2FVci9NULChYsumwgHC","1bq6waAd9Oo5ns/gBJqj2e","abAmSKRjJIWqluVci2glQX","46rx03SDxJq4x7bCSAFBQW","01KbL36qFOK7JEs5mt2e5w","9a30Pg+BJJPpi2q8zqDXbX","edsFun+1tDmLut9tfEfob+","d4Vqk+X4BLJbVXIc0WpgD8","82VhYA6mZOjoZynTnClU4J","bcTtq5eyFCkbQodTyqAxb2","1flhDhnt9JLZMumiRzPlKc","e87mTi8hNJYIZEd8CghdaH","52FI3FmwtMq6/QSilh4UzF","0cDsbUY3lNO77/yiv6TZTn","97TdtOAlJBg5AyUCjHPpyw","83fQSv+vJMGoBQC1HUBqNf","a3YbBp0mxL+afrYK/mg26d","6f1qQ7A/lN5YE7tjUUH3u2","af1/j8bf5E84CBvlgASFfI","66n91LtklMFrj0zIBr4U6k","0981jk9xFEp6vU0xRhvrV4","46gUAHrfdGEoG5Tl/cVMfT","0dfdyrDzROCJ4I6YjGQs3S","2avIuNUAJG+ZbvLqqtUjQA","4fwF+08qpJ1qrA2+Md33VJ","2d7qXNnjVL3rgkxrE1iVBo","dfoGve6w9M+oiJQ4K7iZTY","c7zyOBh0ZAPoOUESRm1Jxy","c8aomo2M9JsqT19ajhoYUe","6eVSpV1xNGvLqLRHS9Ku9T","75iOcRtj1Lca1xk6h0xEbn","44K9ovYu9KZ5tDF7NwX49S","c6vcpCQFVGtKon8+KyzUeJ","90XpNe+qZP4L8ZNRmHZPAn","53wjSJ3wlDjr/I0i+yp0Wz","93TM3P945DsK1D9+a1jEwr","61aOsXLbtCaoWat3a9u1HE","0eaHqoHbFDUYQskOI6uRBe","b7/YqfEr1NNaZeGEXiqFzn","0c3UFjZL9Ap6djLdeyZGDU","75y3ChSWZHKq5SWdeccCt9","ddmBZcCfRHrb2yN4q7omvX","9fZKLzjj5A0plwuuG5qqkc","17KN0L3bFIqIQW46NAvRzX","255sSpaHZHOIrvzp2VmDZ2","dfq6QCX/JFyqoHNGGkRRR0","efqnnz+JdFgZEDDXFSqAwm","9bgiqLXepCLY4Xe/0SRXle","faR9IjWNZGnL9Iccr2Tby1","5beeKg9FdG56BfEeidy+8v","a5DO1JuRdMnZ198AYhRqj3","2cUczlON1Mc4EQfAhHU4RX","9a7/Sv6PdDNKZy94C3bk94","f6ipHG6oNG/5JP1CCOL0zY","1f8zkAvlBGOZi+5nZMHP2p","8eKoMQBcJBe6e8gagvt4MH","d850lvVhNCNoy0NmXAihSj","aevcNPIvpF27rKD/Qb46h3","bdMGJtu0hNjaTgcEO/+vWZ","3428VW7DNEQZ6IYa45WDCZ","aexL0cyYVCKp7xjXxJ5zQV","dep0Gz5+ZJ1rFmeXrsqVfF","91yB35uwZJo4i70dB8XZAc","3egp0Q3EFIDoYLMP9qrzzd","66l/hKIJlHdIUruFjRd6vH","a3lXyUCwFL46kCr+exqQUM","6bEqYJlUtKebXrouttJ3Bb","f40RbUC4dFeo4FxIZI15tV","2c25TMz0dBdKlLoPYVDNqU","9cxQEoi95I/4lQ9VcmNuev","b1bJVfgXZKnaAYfvavN2l8","7bv1lzK/VHN4CzM93Y5Vs3","c7U+bR5UhGBbOtZONBdiO6","27TVCVUG9MJ6vwv3VuE67B","a3TXP3nWJDJIfHgUIWxBg6","a2+tKGQcNGjp6hjFSF60iw","d20vMULi5IoJdkr6fCyL8d","f2cASg085N6YOR3lsFTwj0","ebRdvsadZAQrkFxnSnHpA0","83EOkKb1tF4qVWmUMSuyaI","75UnUn32ZNS6AQYSBZLQUU","37pVw5aaBB3YMEU9QCzVsb","59XVfVtdVBYoHbPZJWwfmi","fc+3tsRyNEYr1pVof3cd/z","eekx2mKUdOFI/nrTNV8dlL","e1PqOYQbVMO7TTPK3+0mOa","7aHIoNggJCeLV62FVo07g4","9aq6p7WCRB86PUZdIxE/Ea","48L6WS0QpDELVqiUQ/kAsy","0f3t2TDWdFRZhC63ql+uSZ","b8mJii8z9HB7iPbucLbBbY","aeWDbuxTlC1oJHfzoo30oj","73Y+CXLNVG/42ctNJ3RHp2","d57OfAA4ZEVIKEtidiIJOo","ccQj1opY9H6oJZ8rOjsBUU","98RdNsYHVAiIXnwFbGG8Na","441pj/+RdG/7kXjY3Q84H6","2dPYzX8rhLEbrONZL5Iteb","03CYQJPLlCwJsvKzvWZG/l","3bQFzcKUZMiqp73b+vUDWt","57h0i92w1OzKxCBOO4rDo2","fbRwagPNZOrYkh8i04QJE/","fbP3ulmf9CfqrVf1UuXA6M","731GS9FllAyIkGHXQe/iJo","27PZXjQWpATJLy81FyllNa","469Azh6AJAhqjlkJ/vX6tq","feFl7eXQRB2ZfOLqegFKNj","e5ucqFfGBIOY6Ah4ObMX0h","7fsB6m77ZD6bf370WS5n+s","baviQC9mxGGaysyi9KnV5q","c8Dx1xRNlHba9TvrxhsKQo","6dJTQoyFVGPZwyZKgGm7Bb","5baru1EhlEEaEGpo/a4gjw","fdc5XWz8ZJLoRzWt9ElIr8","4dKXOYQb1AA6WYFjwN3KYl","e6Jc186VVIq5FxSmLD2LH1","a3tKXfRK9DY5bRM8XS07fM","596xwG8upFaozm7CVViiYa","b3Hf0LzmFFd5apdej8KqRg","8fZBMAoT9K0IUbTwkHITWb","48i1u3tydJ54zAqStnKJ33","66yBn6DTVC1o7SSXiwbf0v","5cuogK2QxNz7TG6XbPs0Bx","b0STFah8BO1p9yUBV8L81a","c7nNKSTxhDMY2rKlExth4c","95a1eo4cNLUZu4SGn3DOxP","21tc+BDAVKl7JX7YBeJraX","86YjizSAJNa6eyosDOihrC","faFvfAgeROA6Y+V4roursh","3brX8JRzROH7OOCpxSSGND","b8bXqcmkVHvY1WGBEQDuKn","9em8nUGOpMoZWAgG3mcaC6","d8QTnHFwZJiqJLWQAXsIO4","dbxgHRa3NKMqsgqSVJhVFz","87d/dROe1AbKWVVkJ2MQau","9f2SYbVy1ENKNoK8C3PEIC","32KV/x6xZIHb2566LwKC2z","8fwtcuQDJALqxEjRwcZl1r","45heqk/ulPobSmD/t2SIKu","3bFd2w1lRIwp7xYG0Mwtp5","6cS0P+ZENDbbrRtjOwKPNc","0dwEP353NHeKTOpgOAzs+s","01FSnaYxtICYw+maVUyAmg","dapcsn2JNKC7bkIDZJN8zk","783fMoUGdIDpdDG6Suz8Pd","4cRjvgayNEYbaISAr/hVcl","23JOLCB9VNZqlSAHDJYWAP","83F9Z6p75KhLfaVGRJmbND","a688uELbpDh7cuFu7lXJ1m","716VjfCy5Ge6CuCvkUW9F0","f6vBsxy19HqqSeXw+jM6O8","08kbJMrC1EmIRU2Iidpr6E","a8ed1xAfZClr9YWDuinMq/","197VLxsmlLjKWRgHH8uTf+","32pbXgWhRGCIs6JHIzVkCT","c4pDebk8ZAur4/WuO+QdK+","90XdtpptVMPoEnvfyUpCxr","4b9b3k1S5CZ5XSD4UZYdgU","d6OyZAlt1P1pFX/63LT6h7","94BqCLAINOcbWq3YkUOW7f","d9iQIzEIdJOojKZe/0cKO4","19bG+R6FNCC4wCLTWTx2mO","f5gPCp8pZOIpNVtbS5W8ny","8881NuzyhPx6XLCAyRE4Y8","6796nVishLH7nNFhZzqjm4","8aIR61hQ9BnI+4HvY4YvTk","90vwTde35CDr2EuPhqldWN","1fOgDhoE9CH7a2gLClzot7","1blgG/j5lKALzl6vSUExWz","00jxk2ClpEgr/it+IAXmFz","0dCnWnyBdJVIbSmD0FIQjB","8apr7jwN9EBrg+nL7Q0QOe","afIUBQlp9AoKkiMRhQhtuL","00OPfzZFpG7o1U9tbW0zqO","e4MPHm8tlGpLJIdVMhBeQK","74pAyJ6gFEe6a4HbjDU/kD","a3zO/nnL5IW4UdmMgCs4js","bfQAJ8JMRJaq9zOqLwCfsW","7d/JdXPJFDhYhFm2qFEeBn","4dddZGAMJL7Lbw2ajXoykR","39C4Fe6TZKnrrtPqenpIj8","f1tXK7P5RFtKQA7Q1EiTTh","a5bydjol9BoogiRG61/yM8","efNWkzoAZJfJ8Kw4LxtA7G","01jfQAFqhIH77DT9/uEVGZ","87ry88A/RDx4e9QidqFPQ0","63bRXXZcdNU7ZuFuAJkjA8","87M5ETl35Gx4B5EXYrxRWb","7f5b6cZPNE241LEJlfz0eX","ddiQylJgZMX7IGaB9N9Z08","71Urz1HJFPMqPTITtKo7wf","baArMHmI5B+KIm/KV5I2n9","c1BfgrY/VJ2oveE5QHYGp3","4bulRSE0hBQqkNBSjwRz4B","b6TEMlMTVO8byDv7X5xtca","84HY7/iodL7IY2Gx0aGcWx","194nDtWZhI4p4yaHWNEhKZ","52SS0FTf5H3a5A7YE8xivO","cfWwyQLEVP7I2KuK0IeseW","8dcOVytMhI8LpZjFbhzBiV","b8vJXoeVlNN7QR+Qn0EjuM","bdD9Zb9slN4ondBLaaS7bn","10WtLKuUNNm4gT/1kmpKyt","1cPGdR01NGKprkwPKo8c4M","f7/trmru1LypCl+bz/1NJO","56BH8NH1JOq4xTKFmpFV4Y","499HhBE+5N04PAzJFdabS2","ffORM/2FJLZqH393rJ1QHX","11A75Q1ZhFJrhLUJZIR5ew","17VOlPWYZNA4NojfxKl3vG","f0DfKvsA5OqrBt2iThx7QI","79+XJL9M1IFZJzkOc4gzUx","60O0CaII1GcoDVo2t7OKh8","be528urNdF2qynTCEory98","18LtaHH/JGT5IH35BrFH8c","3acDVnQ0NKioImWmoHC5DI","d8L0Yu8I1JH7mKEuSZm/S+","a03OLl5MBG17IVIPbodBd6","78OE0A80VGcrkJs/iUvvUn","b1CH7Toq1JerqsizpWwEbA","9e05EpQ4pEga08MOgb8Jgw","86Ax9BYARJrY0v+Fo52cJ+","7dzRBL2EZPF6NRnPeF5Bd4","aeGoiu5tRJcLdMqs19rvHc","84IlnjgEtPFrlGmPyj7DdC","8cul5OaK5FgaEiAL+O9hi6","cbg8h6EABGKakYOveoBNHM","bclBkyUsRFDbMnOT/N2BJP","c4DdkxkORGqp3Upu4kUi1p","dcXUO1Zz5IoqEDEbw/yax4","8bvxwBgNtG+Zek2fCqoDvd","22me1KX51DQZMtNJRok5yO","ffvyOVcidEa5V9jt1jgZjZ","f2tqjAN6pIVqxukjm9QLKV","48k5f97F5IfKaUnNhF3ZsJ","5bD5Z4GqVOTbUD+Q4W2Izp","6a4Hoof4pKbreTH2UI5ynO","91lgC6zcNCg5uljCwRvZOJ","77xITzEWJIObCGvw1tdoNO","c3zwgJoXJEMZV3Qqra1+1Q","b1UFBrBdJD05+04d+9mBff","fbry+2QHNH/KKIsYnsKO4V","2ffaCkpLZIAqWxaKidcp72","812m2wFnBMOq+F8MnXgwDt","20zvpiKsRDSIUKRhOwVHUf","c4iVO0FklPE5fXJJO2Nfw8","4evlr4xStMCJwFmAQYJzb3","9cVstiMbBJ574JtQbXgQD2","f4gju+I2RGGoZZLUFJtaKi","c6pV/2QxRO6ZIIZGpXuWfu","9fGGysWHVLSr/fyK+TQevX","dbXismbshK4ZjXykWJ5QIM","5fPbhzM7BCEJ0qV9r7ogBH","201/8kp6hIIYZJuMo40EGN","4azDNORghLBKBJfYFTrzfw","55LZ6EZTxPiaprBqnPop7R","66J8lKsohHuKUVtcwKv6nP","ddTcS/sWpKcIn07nPzplv+","03tYgUOBlIr5c9rs3wrrtN","0ecl23ckdGIJXQoSZlhRu3","40js4XGwZOP5P9Epmdc7ZG","06tCVgqFdJkL/oQc7UF5zQ","cej5H7By9EtpIpIYbU7BIj","c2gsnQuwpADZg1gofANvbb","9f7/5zbI1I0pkrCJIaUHT+","77kE7oQuZMC5mj+wHKsl2P","7bs0bPEu9A6oc9TimMsQlw","29zkRFlRBFIp37FRrGAKxG","7dgSGJZR9P2bkODZsI1o26","08S04A3QNLDawqifgdvlLf","dcM0SwgUtDt7YVLbwtFAaK","401H4sIDBI5aFUZlF/YVv8","0dSH7vqsNM9KInZ2KOuRqm","6d3bm3TB1Dd7SCZljoXI+x","59Y8bpTI1Hh7+sccVzBcUV","feViNTasVNUIc5BWcePBiT","8fKKzeFfFF3ofnTEE2NxHH","9dC80btatNjoJi2SpBjWWX","12rCkFy5pK3rOUQuHBa3WD","f8gAiGf8NBn62U4fwFhoHW","b13tPfAchL+YcsvUDnJKuH","71b5aiTlRPtLABkuiBLox1","f3YpMTayJLPaiWYzFP8t8u","78ih1KigNGrKfmFtkNM9iu","5aYXO6+A1EzaaPrHakURYq","edd8uqbPBJqq0+Ypg299P6","a0eEv6xFRHC5IRrvHtLXRq","e7xL2S155FoYAjTt1Cord+","88zh6+0HJKSLkrI4W0tPma","12BHDfO5lGAJThgYH/o3Hz","67C1yv5GJE6o7kfdBFl/8v","b97OMrXcZPcZSg8ZL0tZxl","21l3OKquhMVoP+J5+pkVjj","a2tjb5FOlFebCnsevewIrU","7eRX7XrZtC7a+kFjY02sgP","faYwg0NK1IjJEzsH2aPlO4","b0WUE1fBFBDpAtijnpZFRz","c9vWb/TYZIkp3ohNGAr5C0","a7fr2R3QZIR7BE269qqbcP","0bFuOSsLFCspSXaiuDWfra","3bi1YsKpFCSIwcPBXxmuOz","ba1G6Tp6pPupsjnLDvFd58","c6SamTw+tOuJN0NsSBYR60","710tHXCURILr3AxqU8rMyo","ec8pWSOBJBKbdHQTcZEsYr","ae87FXdhlC96IQKZjq0oja","25DPK4Z5hPhJ0z87wTKBmR","77HcCFprZEZrDPucXJ9fjM","34xxKrkcNIpaJ3n16bCKel","fdDA7pavtIkocAZ7NFSVqi","a6pVj9cW1FBpkIEhNWTYy7","e9Fu0p5aRHt62h97eCquyS","b29hpcqKVD/bu1BPqC9lsk","datehyXH9AdbsnW7MYmU/P","76cmLiCrlNQLsDeVz6fqs1","2fehtKF0tBPZxS+jh3o6iX","5bqxAkVgBJ4ovonC1E8npM","2cpQ0pmeFNGYhDkx4TeLKz","eftzMTfmNOwbK3ZV8+bOtI","ebla7e7DFPFLqNwqQSewf6","e9upRi8LdNs64+2t/hJAvU","41sho8MYFAvYYiOEHXFYJ4","5fSEHMyM5DNYY5vk9/o8i8","7asdBRwoFLiZuWd4+SwMln","28B0hox7hK8YAfcQSHmdoQ","9aioGpCMdM5qnNHGfZ4uEl","e4KlwiV3tHbIni7cVIwhnB","baFIlhXs5LTqL5rDKFgpq1","a7NoQf3UlPI4mOzWDu2wwj","fbs6ZauYJGlKcScwP0gjDc","a7f2Hz6r1C7YJhddhQfeW2","82/tQ+CQtH85WASyyfpRUe","36DRV29vZAaJufEvTUcNl/","c8B4kvyRtLk7Jh9Se9uiSe","36QC+z/axPkZTWSWfImPWa","a2s5rr3SBPZ7Eo9macHkZw","6fpTFKPShEeZi7j21zrq1N","09aEJjzQNDpauGDf27ZVA9","a7xx7NNe9GEJJE3xYh1DNp","087Kn2kORC5bclQ2e1jUCa","b9TwDSw1lEHqRg2aGvEYNb","8cy2yygR9FkbGdLdKxTEzT","f4+eP8SxBAgJ/k9t3i6Ork","41JlmojlNOa4kkugBrpJed","0aP274h7hDOrcHI9Mbn64D","5dSIiOKY5FE7H+I81+N5kO","bbL/HO7tVH7Lspnakys7Vw","92AMSh4BtMVIYyZbso/9j+","c30iVVFC5P17d0lUKyeOg5","16Q1H1SDhGIIrfCNFB26ni","6fr2kcSvRAmLSsgIh7Qjm7","d0doXMV/lOL6mFwNZ8Peir","f0HvzK22lPYY5K0FQNYEwN","bcFDzTAdJN5bwRXAPhFRSA","fdmY36MUhLNoSSGVJms1ax","308DVoaXFF756EN9Qbgkni","45LIN91rlHnrqbAHUiDee8","470tryQE1PvZxgDnGSAEhd","8cyYKM975L0543yI1La7bf","54Woo7Y6RMwprxlfk9fTh4","a7hAcvQXFMP4XDULtbE8qI","336tVgQu9PX69I59VcrmQp","8dkAZSrsFCBa7BtweqTery","71IDpytexP/Y7Z+1o8J6bD","c0LpDbXOpFCY5EmX39Y+up","d7yoUF+6VJxY5lWCrfszjr","f4nm1qB85LH55KovUoRKkf","e2RSMJX9ZJ6b4BHyha4MII","8f/L5F615NS6R+lrHtopDf","6cpPdc+zVBypy3p3NiG2a5","93s+9ZfORHp6GQYXEn/Ziz","4eTbNPkvJIvYa8cRvYx++a","62NbD4DAhDbJThzlNQ/c6b","74HXYoTRhFmZEmU1mUoafT","2cGPbKyaZNx6fXPPAu24xv","0fmPca71BPHLl9IoJvKTFh","1dQLFkQmRA6Ksg7xtDPx2x","c9SYPZGddIIJNZW2BEQHM+","e5J1OV2L1MHoqjcJZy5wc7","09PZau/RpF0J2BgtGeUSr+","b8u7Z5X8VBrKYBEyF6f8c9","d6XAWFbDRObpMj907con16","f5tKIqeGVPoqEDY0ImW8py","cfgFbsHXJE2rQN0L8M/JOL","a2TbLUFcRJZ7yhjskqc9Vy","74XYICS1pNArMOnu1rjxKy","6bwBYWPtNLzrMaDcN8hitK","619YXlILdFuKebm5HouSUS","99ij1KlFBC/6Oaf6PAGfiZ","90lM92UBdAso4MCcM6PHhc","c7deDS6aFB6J7rPDYmO+ul","e8qsr8MBFG5psMVxWcBa4q","b3U2gSjEdPpbib1PVDE3wn","95LgLePf9ARppSar/lML/9","9eZroquYxLuqaXVQO7JWEk","eeBkA/EXJLiLVn7RqGUnM5","31lturxRdNsZUysENIdhSg","2asbHXKHNDDbxp7/OYUNOQ","cd5YpNLFlMqKjXC7jRZOUD","65/wsRspxCnaD4pEx604QY","a9bWYZl99AzbdYqsdbiJec","bd7AJOJ+xCmpbyf4BJed4G","2d953KKlVMZrR3qA3P2tEw","8boUZHqFxPDJ6/2dvZJXBY","3dD16FK/tHFYig7vFSZn4D","ffw6ZwFRhKAK2qRlwGp0KV","210TEzuutBr4/vCbwiExQi","1ct6qgHIFFLoQg+LId/q/E","71lm288N5Ifrg7sRcoLzC3","fbrGudo0NBp4NDPBFkxUwK","07XXD/Q4pPOIqm7wDJHqby","4f0nvzNVRMDpmEGDcnTRk/","766lZfXqhEh7qKotyh6xvY","1e2WKc59NEQIDpjtpjahYx","1dA3cbIfVIPbx/yxM64JS6","53BGe2pHxD7JMzkbfhBx7a","b9J2v84SRJzqp1SFpeASbH","2492w/DZdMuYxZRTRe0VbT","c5dmdaZG5HyoK/CXt8MsML","e7Udm5xYRM8px7OCZ2gUow","24QUfLnsRGTbTpHX+HY0j5","07vYZktFZPyK9ztkZ8Y0Zv","c9oHHYQmVAs6lQy03Y99z0","70Yo0UUJRDfLQnM3cFfDAX","05HayPGbFKG5wCriutsr3e","2dEyqeFAlAm6asddUtxSs/","f3hQsIyAdLMIlLQ5zLR4Eo","a5KHwOrpBAG4RXFJV+8yIL","cbMnrH3zJIc5ZibFFj9LXI","c42HaF4aZAmocKkV2vDf9b","82DL7x5EZAoqcOwa6GG0VB","f8XI/PNtNC3od1F28bl0ks","72HRexI9FOO4wNy5LZrLXm","0cEGDPOPtI15j1AbYM0l5B","ebogcHwXlL/KTZRFraK491","ae3o05nBhCzYjF7QhexhRK","6ei+eS1MlC2rq3FHME4PqJ","4a3n7AnPZJvKSdYCTRhfJp","d9IIaxyudK5ZXrH3YgudBC","4cZ5QZPj9BfZmZ18Hf0yIW","28IckrQVVHeqSaJdqyYl99","4eSKuYgIRDMIsvVJHUOQgG","12Hf2PMjtHRqAg3gPK+lrD","c0cc+uhWtEFI+F8g4tVV5T","a0CV0f785ICpQiC0NY1294","86EJ9iRkNGe5HMkdIdLmUt","9fGX//ZCdNO4AEn+HHMYr5","cbb5uYzgZCiZVcozrX5Qot","9aXqr26XFBqrQLmoY/uHen","86O7Ak4jlGcoLPUdXcz1fC","2dtK4oaA9CMqQcYB6lEpzz","caDs3VdsRFXLHtZu7iz1cS","18z4x3QjdHrZlKoCO3+UWi","e9lj7kDH1Fk71t0J008A18","9dzrOW5ahGla/zbx+7W9rH","aad7EDai9J0aq46q/nEVS3","1291FFaN9NEabdTlRO4On3","f0LDy1IRxLtZFkNGEnE1lm","dcvzrlYotHkY1Qxzpxr0vx","adm92+pZdBh7jJQkr3Vwyg","80by1LK5dEwJfrNuIi1oxW","29mIYOqT1GvIgDsw119H0m","7b0ELyxiBHz6Vr0SHGSJhV","abBDGmefJB3YRTg5Q7Fm6X","09JzjnSTlApr3H9ZoqwP+x","20ontPJUVKo7tdpG/+31bW","92o/bHR2VBIoV3/mQMN1mP","3cteGfbMpD+YtAhGxP3xsH","4eF4TINIZCB6qYuUBnWiTi","7dPi5oU1VL77rdeYaFnj84","72CqIRi2VByZilkaYSCXnq","26M760gcNGl5dD8jkosvFb","b7gMicM2JGEpN9oPD0nF3A","698UW0lCRIfpppaI/l/dRp","05vzRvGrROhIxqVfpeDZan","b8EP1S3RhPZps8VieCpKYh","99xRgnfY1GmLm5566bKoJq","ccfOP9y1ZBRrMJm6/B450O","311ZrX2khFLZ9B9GsKSiQn","23pWtUztBEfoza4HLQnMWX","baMVmXz05EpbSPtJG8encA","0899JkMNNCVqwvZo9AfQdp","31Vw7TLqJJHK3qWv5KxBOH","4dLJVsVfRBe7Akwq/cySAy","5bmif/UV5EfIZymN6UQzex","6fCmhwi4ZC94TV+vmn2gPn","1cvsRc6XdEX6rxb9PT9/Mu","6fcmcGdFVFrbiqwtgB9UvK","e74ap6e41KMJ4ymgxauVgn","d7ERVgaWVOBLKainfJRAxe","9bgAzyC39Bb7RMuDFODn+Q","8bgGCMazNFTKeI80EYbgZV","4fgYoyOPhJKp52aQJQDPkL","bfoiIjwopCqJ6W5qgYq375","095neJHK1PJqM7KQ6/Ktlm","62C1kbG9FCoqDi/RZEf8kZ","9dhLLv/mpFB4Et5XeZ9AnV","db55H0grFL4qsVBP8537UG","f983Ju0tNLWoUnQdyTo7qO","04xs0AkH9EfZBtXTyCaUAb","dbWcxXardFF4neDmyEtkCK","97ebbRAIVBUrfVCw+k/euR","e81iFC0J1Oo5Mfa6AzTMyd","e3IPSRhBxDqZen7eyiKyKf","8fobpjigZPypun085CXsS2","9ee7STEBpCD7q98t2F5QgW","fby8QHxQJIELSIRl1alE12","90ceRvt29JoJaq1eTtQA0p","04wJM+T7JHuYGcxscIbnFD","9cNNqKqV5CV78STBbufNjW","47YsF2oKNIWbVIU9gfwhcZ","a0aKvqiqdFcY/RZrwO3HZW","4aH4WQwT1LIJ9AdV3Hi/4l","c7aZbjpG1CyaR2BmQdPve8","9d0FRlVUVG6oUHpTn6oo22","78pBVR/I1GrahN05bylt2w","f4zIh06MVLKbTHNfSDirQm","01etU8EzVGzKynOEgv24iE","03FZTS0KxPJ4c4SU89j8to","eeiGtjJMZK4J0xQg9l28Xo","d7ouIZPIBPdq7UlI9m+0By","5d7IPvXxVAnZPTQlc4U2NY","c7xridqtBOq6I8mT55eGXI","10HSZVr6lBqqtT7XUaqkoh","73ZLAY1d9B6YpOiKYrmK6V","ffLIY5WrNPSp0bpRbDfqat","e7UAVbLhhO/5ZXC3awE6uZ","c2wBEwggRP6oaWFOdEHrhz","8bXvQScRZPK6s6sYiUjxgb","7d0oLRLS5HOr3t6D/EpIsu","1211bLNt9JKp+zr7CfIjld","4cfHlpe6JJbpufSv+ShIvI","3fDSwiuy1CCIdB58hdrTGH","e5kaYkwdFGGJ8qY6XGDajF","bb1iVR+/REvLCzAF00hseR","52INcIhx9AqYa6o2n3clb5","f2gov4jxlGi6OkGFUrwKmC","b7fDistgFEhph+yjrh0Of1","bevmG7UV1FN5xMJtc4rY2n","61vDtxWyRMwIPv6iuyqL9u","c8Z9HOzhFCYozsYxAegoLf","e8eNy//2JAVpyUiU4DOlfg","81TeM+EZ5IH5BxreRN7lmG","12kDvlRflKq5ppdMPREgz7","7f0vlDkqtKk4nmt/W25ePI","021cgfqXBERY/wA0wOJUIr","c1DhobFblML54SuQw0HO6k","45bvwnJWFJTbr3IWWBM7Fm","a8ovSZ5+1HioXu+IDi2sgn","56nZ5JHjlFNLBmzaToHp+f","0dnReyBwxH+ZCWlC4Q4Y7Z","941tCPZP9H0YJUUgH523Xg","367vPuwcFBwrbSPF0+SSYm","8chsNkWrlN56sXpknwllC7","67N8P1i45GlrBv6c31MCTK","36zcrh/NxMjZyv9iTxd5Rf","85K7lzvq5EFKQURsDS9ZWU","8aW408i+9AWZ1SxBJfn46W","04he46frRI+b7Kjr4HZs+E","655c8hci5JZ6lZEMvuy3c2","44PucNoQZLFZz7TDCyGKCa","7dynW794ZJ3ajs1ECV/K8X","cc9QSTqRtLRKFdRriaFQe/","ed5b0c/htNj4SKJ5AxRCBl","d7nzdGFBlAwp06JhO8U7fP","0a1W9QLbxNfpL52mInJwzm","9dFwisXsxA5KpI8Q5emxeV","9byfbtbkFJuKt4j/eWQVfX","b0SxcDBllKJoIRMK1p0jhe","a1RQEgDfxPrYK/h7KwGp12","4e4ih/RapJHbSGqLZ3YWKc","c5JUf03IpMgLaZu0tVlngi","1fPmy9jvNGXahtm0SmhgK6","1e8ne+OVlIIo2QzeBxPI8c","0bzwRCIRZNQoB6Oa7O0cjK","0d21sYKiJM1bMHUENrjFt5","93a5N3VxBHq5ZE+8J6to/u","403NmZDptHR7kr+JSi269f","91HR0cNNVAI4dgqXtFQ8bf","d7cBe2fexLAqlC64k0GDg1","efZV1gZD5HxbjzNMnYNaJi","0fVBeqJNREV77yUHXIslgE","abSszV5PRAR51tw+XtcF24","6bgW0ZgcNNk6hppqba0i79","8appB7sbVBbrF/BSe2GUde","abiKuwnvtCDJIL24gMZBdr","66r4aZKLhIXKM6vQOOlvte","63axIE/mdIALGFrkQZsP7e","24t+txN+JO+pq89Ktxnqai","86M365WqFAeqKSixx62GVG","95vX0vry9EYZAZWIuiNpul","02PV0cYy5HgI0NlYWjwdA6","03wBhPZCRIeLJpNOAIOHSf","e7Njp3uG1KY716HO53Lny/","42ndr3h69OhJnRZj9yWxf8","50cjD5DDVO/62jcxs7OHBN","e5eEd1PXhJv6DzXPbxYmUO","9eTDJBwJtJmYQKhvqr9nJA","d2/Wrk45hAC5WIedwtD+4S","562o8LYTZD46+q19BPkVcY","26XfnE23xFMIA+0ash/kcP","93pDwra0NBYJgpInHG0o1K","1aypmf1TJDL607SK8NkAPB","7dQr43C9FIKYJuUN4lPmLU","a6yBKtTrNDWJK5gT3VZklK","edqQwgPPpD/ptdnVQvCsCM","a7xqmx7g9E6qVfDlZXJeg0","03a/0PPQZMNYfZtv0Q+uAe","e5Ab3SKzpBuZlByVx6V3X5","3dx/btIORJX6//JlzN2x8+","b4t73sDeVCVLGJ5Xq1+v4s","ceTwofCNlKV5s8P3bPy1UB","aeyIZHCcZCw5z1JLFRvRby","92GV6FuFVKJZEKD/OMvnQN","95T5t1qaFP6ZuNe0wdTAAD","5eyNA20r9DJof3VQ9x0wqC","b3OiK85dlOz5epoDQHlOSc","dcHowmZPpJapSoOu0c+a/C","8eaxYBmiNGOaJjQsqLNvrf","deztyGEh9Df5NKpb4D4tqZ","7apc3BQApNZ6nwoPvoIqaH","f5JIhqOptIpoSg8gW4g5W9","fctr4Z0C1OHpC38sqKLbUc","b2zIUuoHVPSJe+OhxwcpzS","feqLM7/IpOpY9DGlgWXpva","f2x4GW+vhFDJ1945GD/isU","fcpcrf9vlBdYzp6t6YpEH6","00GkpjHV5JCL4QWpxjggLG","2c/MNBJaRCu4Tl+Ra8sV27","a669m6iglJu6HgFO1tdA4m","f9oexewc1KIaxcFC1Mqssz","306AnTRppAWI4usNEpmbd2","155+dPKntEPKvWDRKGaM4W","44n6f30aZHxrLCn56UXR4L","72V3GQ4qZNaJiP/QUHZMh3","243iSRiMZJE7TS3isX9wKA","6bCnuJMptFxr7dL2KNg/Xc","2aKWBXJHxKHLvrBUi2yYZQ","7a/QZLET9IDreTiBfRn2PD","ecpdLyjvZBwrvm+cedCcQy","a5SGqjToNHQIhQo0HVR4xz","0aqYmu7lRAI5+K3jSwtZK0","477F4t2sFPMJQoeJZazBnm","a2MjXRFdtLlYQ5ouAFv/+R","eeq2D9B1FOg5hpqgamtveF","26wa6hqrtAZ6bWpHycJMLg","7atnkm+vtBk6Mvv8DBz46m","52SOAedzJA/ZmGMfKncsfL","4amOd2r39LP4dClW6bAZgv","78XvPHidpAmZWs7tpLqkM6","adjfv47bNMGIChZDyE33F1","77NNeFOCxPpar7wSt7ssT/","fbydtwQYtNgqdTF+h5gwym","5fWYL8xYVGXY+QWrsvy1bN","7eDfNUIYVK4bqvEaJDNeGc","cdGeJyqgZMYLf9zFDhAYdI","77g1k+StBOLLndwo9VU4ES","3bS/vBWONOHbzg0n7sDvy+","76rygIn3lLkq4+jWqLaeYd","87AFithp1CMLwwRCUehFfY","c1d73OjnJHULozIl4+0BHG","f8ZV/VsxxJqrZmVt+l6vID","a2nJ3DZO1IkqOLpuijtEVE","f11PJGeAdC5KoKhYIQDg1p","1eD6WYAb5Nsb1Jh+ECY0LQ","f5x8bCIsJB7bQVu1xVJ/dl","b5KTb9SNhL4b9IclnDd706","21cFH3kWNJypvLvllrg1BG","821rSRsjhLOa1I82sUif33","198WK/Y15Lr7Cq7kLG3pqb","871kOpOFhFw7HT9KHHaajH","3eIumixtJCmqcvV6ali18K","34SyzGVYVEBp27LXy9UdG/","49lp0vzG1Neomup2481j1a","88BPWHGtFNabx1e/0Msilp","fdLD/bLQhJv6jQB3QwACji","c9VupEoCxGbIrIXOJwwOth","36h1V/4CRPEIKsGYVF6a+D","07CfmZlktBAoewUkBcAZ6L","1e9FAgDGZNk4FLD8fgxoct","cb/6UZkaxPSJoanJTLAiNA","36DQ59k6RNW4tBO/SMXNTe","dcY4AxUPhL8YlANudUAGXH","f0BIwQ8D5Ml7nTNQbh1YlS","e97GVMl6JHh5Ml5qEDdSGa","29FYIk+N1GYaeWH/q1NxQO","35V+Oeb6RJBpYsNFBgVkLK","6b27uxCvNK46xfDC1otFIw","fevnqTwjhChrATpum/ijIG","f8SNjC9bZO97Ift3bXfdhK","9eiMMBHPJM4YvWSlCCxGQq","c59n4PyKNPRZBmCfVZhV5a","79X+EPlYBMnLY/diYtGoZM","7aW09DESpBQqN+blUtjaZo","a3gRMRCu9AupAZJtytRLlS","26OJ/LCsZOQr7zO+Q5UctS","6cZf82qlNFXpXT14VQiE6Z","1ac42da85","1aaf2bea5","1d4cf0f80","187d8d522","16f827f42","748njUhAJGV5AG40jUYRjx","60VaySoxlDrJcKiiupLdfx","ecCTW49kJJYZX+93y4H/Sv","fbjlkabHpMIojtE3Uhtvpv","15PvNCKKdOfJs/h54Bd77b"],"scenes":{"db://assets/Bundle/FishBongDem/FishBongDem.fire":350},"redirect":[989,0,990,0,991,0,992,1,994,1,995,1,996,1,997,1,998,1,999,1,1000,1,1001,1,1002,1,1006,2,1007,2,1008,2,1009,1,1010,1,1011,1,1018,1,1019,1,1020,1,1024,1,1025,1,1027,1,1028,1,1030,1,1032,1,1034,1,1035,1,1036,1,1037,1,1054,1,1056,1],"deps":["internal","resources","main"],"packs":{"01d02e39b":[536,189,503,993,172,554,205,560,794,808,166,153,804,548,505,1021,194,555,1016,1031,362,498,769,165,168,726,802,175,160,506,713,1038,1033,1029,154,532,164,198,440,350,545,497,531,549,176,159,557,180,188,150,1005,538,162,516,501,195,1003,496,438,530,155,185,360,201,547,797,801,539,208,1026,515,2,517,551,714,179,161,800,357,203,1014,368,417,528,534,500,712,173,183,504,193,807,811,182,412,177,546,156,768,544,507,379,803,799,192,148,550,408,181,169,810,147,378,437,196,719,167,207,526,730,191,186,363,805,174,199,184,200,436,535,809,1015,514,1017,502,556,1013,1004,146],"09667d540":[425,433,434,432,431,427,426,361,428,430,429],"05dfb880d":[420,364,423,421,422,424,419],"0fe65c1b3":[365,624,630,623,626,625,628,629,631,627],"04a4179bf":[731,366,736,732,735,733,734],"07b3e3e70":[478,488,491,481,490,367,479,486,489,483,487,482,484,485,480],"05b1c5260":[984,987,983,985,988,986],"0c42b2f87":[391,389,395,373,386,388,392,385,387,394,390,384,393],"0d8a19dda":[762,374,759,758,749,754,748,756,763,739,751,738,760,755,741,745,740,746,752,744,753,742,750,743,747,761,757],"09a7aa1cf":[766,765,376,764],"06247a865":[826,831,830,825,828,824,827,829],"069b380c9":[403,402],"0acab99ab":[404,405],"0f63dc7f0":[406,407],"04ca35acd":[833,832],"065f39c8b":[715,563],"0d44e0061":[643,565],"04e972c11":[791,1057],"0e4676a2e":[415,416],"0796c7b0f":[594,414],"062683e56":[598,553],"0d753a437":[602,358],"01e427870":[3,617],"069a75338":[1,618,540,0],"04df1340a":[396,619,401,369,399,398],"0f23df43d":[1058,1023,737],"0919dd33b":[525,450,522,456,449,451,448,457,472,452,474,473,463,444,455,620,460,523,447,443,475,470,442,552,461,653,476,462,446,445,541,459,454,453,458],"08eb719ac":[717,718],"05cdc7e0e":[838,835],"03657a6d4":[558,381,716,622],"0efb18332":[834,837,632],"0618c0370":[839,841],"06dff6662":[644,840],"0291d8ae2":[851,846,844,847,843,848,845,849,850],"040cb9b1e":[860,856,859,853,857,852,855,854,858],"0b699443e":[862,864,863],"088e26880":[869,870,867,866,865,871,868],"0b0bc540e":[875,873,876,880,879,874,872,878,877],"0463a20db":[882,884,883,887,889,886,890,885,888],"0c6cbc024":[897,895,899,891,896,894,900,898,892,893],"0a38f486e":[910,902,907,904,912,911,906,913,908,909,905,903,914,916,915],"0b9d6a3ee":[917,919,918,920],"02cdbb8c8":[926,927,925,924,929,922,930,928,923],"022bda9fa":[938,935,936,937,931],"0fbcccda5":[943,944,954,952,946,951,953,949,950,945],"070d4f4b1":[933,728,940,939,941,942,934,932],"096ba734b":[980,982],"042d768b4":[979,959,961,967,972,970,965,966,956,958,964,975,968,962,963,969,971,960,957,977,973,978,974,976],"04223cf80":[229,101,35,304,292,102,816,68,216,94,224,105,48,14,249,308,225,317,341,117,1053,81,1052,238,288,1050,1049,8,1051,336,817,300,333,338,125,321,251,139,145,109,320,823,1047,83,813,316,133,33,59,32,7,24,11,329,819,142,41,106,77,89,43,129,60,245,99,319,334,141,92,87,97,79,241,227,820,223,114,61,51,137,62,226,100,233,306,349,327,247,120,112,343,214,38,344,128,46,291,9,322,56,70,76,331,140,1048,299,127,36,297,822,235,21,232,113,215,315,111,302,28,66,132,52,144,85,1044,69,37,1045,103,64,814,821,243,27,118,812,313,131,4,31,328,346,230,22,239,75,67,339,13,47,74,294,210,818,17,122,135,213,1042,88,73,108,19,121,1046,98,45,42,71,314,815,34,54,25,212,57,18,293,15,58,39,6,312,337,93,110,218,138,217,72,30,228,311,123,96,44,50,323,91,1043,12,298,104,40,86,222,84,287,303,23,78,237,115,130,119,124,220,236,324,116,126,63,26,286,107,289,16,49,134,318,295,211,65,347,325,342,90,10,5,29,250,53,95,209,290,80,310,143,136,301,20,55,82]},"name":"32","importBase":"import","nativeBase":"native","debug":false,"isZip":false,"encrypted":false,"versions":{"import":[521,"245ad",494,"4becf",356,"8993f","01d02e39b","5102c","01e427870","598f5","022bda9fa","3151d","0291d8ae2","d163d","02cdbb8c8","5d45d","03657a6d4","5711e",610,"4ed2d","040cb9b1e","bdc43","04223cf80","5268a","042d768b4","97c29","0463a20db","041f1","04a4179bf","da50f","04ca35acd","5a060",273,"3645f","04df1340a","f54a0","04e972c11","8404f",776,"ca223","05b1c5260","721bb","05cdc7e0e","e2e03","05dfb880d","78c2a",221,"06c91","0618c0370","8d311","06247a865","aca14","062683e56","9d601","065f39c8b","73251","069a75338","ed86d","069b380c9","a8e8a",613,"95f08","06dff6662","c25c7","070d4f4b1","91227","0796c7b0f","67082","07b3e3e70","81dfe",773,"ece69",621,"1ef0b","088e26880","c3037","08eb719ac","fdfe0",691,"96987","0919dd33b","78f3d","09667d540","62a70",689,"0d291","096ba734b","ea66c","09a7aa1cf","c0f8c",372,"275ed","0a38f486e","7142e",696,"3b8ea","0acab99ab","8accd","0b0bc540e","82bc6",651,"c27ee","0b699443e","1f0d3","0b9d6a3ee","27346",785,"1cd0b","0c42b2f87","1a7b9","0c6cbc024","d2ba0","0d44e0061","50f1b","0d753a437","0645c","0d8a19dda","1e2e2",493,"5da4a","0e4676a2e","070d0",611,"8e798","0efb18332","bf79c","0f23df43d","e5521","0f63dc7f0","8f72f",727,"aa4b6","0fbcccda5","80b8a",441,"e372b","0fe65c1b3","aaa80",178,"d3c1c",253,"0361a",340,"bc347",641,"bb2cc",351,"d162d",190,"44bb1",701,"7f290",279,"bdf86",561,"5a9d0",566,"c0cbb",254,"0a423",513,"95b09",520,"b3de3",353,"4f45e",234,"763a4",242,"b7462",519,"cae3f",596,"0ab52",605,"1ee96",583,"9b15d",255,"cc9d7",772,"a7ea6",658,"75456",676,"c3331",792,"59537",375,"53ae3",669,"f210b",777,"3f126",377,"5a3c3",667,"a877d",707,"8cbc1",660,"6994b",411,"e7db8",684,"1b117",686,"52051",149,"7bb5f",567,"970be",652,"27739",352,"221d0",305,"a1bcd",612,"90206",695,"0a579",673,"9f04c",383,"cd374",708,"40c55",355,"825d9",258,"c6142",709,"68de7",586,"7fbd2",277,"82486",606,"c8c9f",280,"4b9c4",789,"22463",509,"54184",307,"f28d4",466,"5117a",793,"326a5",723,"0a5bf",947,"1957b",151,"d1dc5",767,"32f4a",711,"e4baf",607,"132d8",901,"26935",469,"c069f",636,"260ca",587,"c96e1",464,"e17dc",836,"5d8df",668,"6c714",697,"bd0c5",604,"44c30",674,"e4366",564,"55d42",1055,"ae0a9",724,"540c4",264,"2873b",608,"0f9aa",371,"617e8",642,"98d23",266,"6fb78",335,"c6761",163,"5938c",252,"2de52",588,"eb2f6",418,"a63f0",492,"ded46",721,"dadf9",788,"7cd10",688,"a035e",702,"b453f",260,"6122c",775,"70699",542,"11ec2",633,"497eb",655,"a8f21",267,"ed38f",784,"56f11",725,"04946",332,"692fc",527,"80f13",246,"7dec4",206,"94632",382,"e7171",666,"52ca1",659,"62794",152,"3e404",590,"f2a06",570,"2be61",635,"4d4d8",257,"b71bc",675,"19108",256,"1be1c",284,"230d5",265,"74533",955,"53d3d",574,"a3b0c",881,"16bcb",646,"0b3f8",595,"4bdc8",782,"ace2c",683,"ff860",499,"1b626",576,"77c92",573,"bdce2",330,"fb6af",537,"ff948",1022,"d18a6",640,"aeaa0",309,"f91b2",281,"1cbb0",582,"92aec",296,"cd8dc",577,"46158",710,"0d6a7",693,"43be0",471,"a2bb1",720,"0d89c",508,"b6891",518,"d0216",589,"504df",699,"6719f",722,"c8eda",511,"659dc",477,"78052",283,"c1524",677,"b208f",439,"67766",842,"4bd53",259,"3230b",204,"ef280",861,"9366b",599,"ea494",171,"7dc32",806,"1526d",572,"46af7",798,"a1d46",616,"1035d",796,"ed26a",248,"71952",638,"1accc",282,"3608b",569,"e9a40",921,"26762",263,"8e687",687,"fc6d9",645,"0fc80",326,"a9683",468,"25dbd",779,"aed0b",662,"b727b",981,"774c8",680,"00de8",650,"67f88",682,"0f665",690,"7f713",268,"6e5fb",354,"1f6ec",575,"53e23",409,"0fed3",787,"9d4e5",657,"64862",524,"a468d",370,"aebb3",648,"dfc4b",571,"e8e94",592,"99b05",231,"7c1fa",664,"af530",276,"ff312",692,"b8f5a",543,"0b8dc",679,"256e6",698,"31922",705,"8d8cb",579,"f3361",410,"5c07b",187,"dcb44",275,"fc3d3",197,"e9109",529,"d4c6d",795,"a21db",1012,"44e8d",615,"5f9d3",591,"e2687",700,"2be93",580,"ec238",597,"6dc03",158,"bc67a",781,"5510d",770,"3ab0a",654,"fc779",601,"0bec4",685,"6ff96",269,"26ff0",380,"71320",729,"df78d",774,"0126f",649,"7d2e1",274,"a4e08",278,"e7ac5",780,"a12dd",578,"e7333",614,"5c293",348,"8fcfd",345,"08689",703,"cfc32",359,"041dc",262,"c93fd",510,"e9fc8",568,"98cdf",790,"1351c",512,"92eae",271,"b8799",495,"c66b5",665,"b0f41",603,"9f992",202,"6a74c",581,"7c90f",261,"c9e91",609,"d4165",285,"34012",413,"20cbd",397,"d2e1e",678,"b6194",948,"f13b8",467,"9c8b6",240,"17c2d",771,"21d25",639,"e7672",244,"da415",663,"c2777",672,"75e35",671,"59b38",786,"26e66",157,"84133",656,"63a37",637,"9c48c",670,"0c97f",562,"897d9",704,"40c33",533,"098ee",585,"080eb",634,"b0a41",778,"4743a",170,"9f17c",600,"dcaa7",694,"e15d3",783,"1e4f1",400,"692ef",272,"689c9",647,"d6d68",593,"38560",681,"4e54c",219,"4756d",435,"64e40",661,"609d2",465,"2337f",706,"3b69d",559,"fcf22",270,"cbe2e",584,"0000c"],"native":[229,"9e44f",101,"51af1",35,"b70de",304,"86419",189,"c8898",273,"83900",221,"61842",292,"61d42",102,"41398",816,"c8d25",68,"eff2a",216,"81874",172,"8a963",94,"04f51",205,"7ca5d",224,"58214",178,"c92ff",253,"c1567",105,"4a906",340,"95a8b",48,"b83ad",14,"658f8",249,"b61e3",308,"8bc9e",808,"2b042",225,"ebd1b",166,"4f2ac",190,"40f83",317,"a66dc",153,"b3b52",341,"0af2b",279,"6b089",117,"f9a43",1053,"e4685",81,"efba8",1052,"6d216",254,"19116",238,"5d89a",288,"80786",1050,"8de02",1049,"0e03d",194,"ffefb",1,"49a79",8,"3063a",234,"44b5b",1051,"37d3f",242,"f3514",336,"dd095",817,"68f1c",300,"2e234",333,"85513",338,"39c43",125,"e5d0e",321,"529c7",251,"626f6",139,"3d75a",145,"ebf1c",255,"98a8f",165,"c5595",109,"376c9",320,"baac1",823,"e36b4",1047,"5f38e",168,"49035",83,"04e2d",813,"87d3e",316,"2201b",133,"e6266",175,"c2bf6",33,"5430c",59,"3fc4c",32,"9c599",160,"a0277",7,"d87a7",24,"60aa3",154,"4308f",11,"b150d",149,"6cce1",329,"0787b",819,"537f3",164,"05145",142,"b7503",41,"85128",305,"eb7c3",106,"91017",77,"c3245",89,"bc0c0",43,"5022f",129,"48a4d",60,"3df75",245,"16b91",99,"e66a6",319,"aa39e",258,"80a68",198,"b0c41",334,"8ab31",277,"f5cfc",141,"66f8c",280,"d6b2c",92,"08a73",87,"fc4e3",97,"dcadc",79,"83fcc",307,"1563f",241,"7ddaf",227,"be3a4",820,"ede71",223,"2bf23",114,"28702",151,"79310",61,"c4c5f",51,"7220f",176,"7e115",137,"eeb0d",62,"ec72a",226,"df676",159,"8f204",100,"fa8fc",233,"a5da9",306,"22ce7",180,"46d71",188,"cbb7d",349,"610cd",327,"c6a49",247,"32e87",150,"e622d",120,"67895",112,"97311",343,"5e253",214,"ca172",38,"24a49",264,"97f13",344,"c00e3",128,"966a2",46,"41ada",162,"95744",291,"66c01",3,"28e70",9,"018be",322,"91116",266,"62268",56,"62537",335,"6f8ef",163,"c5ee4",70,"240f3",76,"4f8e5",252,"cb5e1",331,"91dba",140,"84c4f",1048,"05edf",260,"d089f",299,"2734a",127,"7ce66",36,"a6eed",297,"d3298",267,"5b8a9",822,"5dd1f",235,"5fc8c",21,"b14b6",195,"f69f9",232,"81548",113,"813df",215,"40cae",332,"86ae8",315,"94e14",246,"f5fcd",206,"986ac",111,"fe002",302,"0f13e",28,"98289",66,"f3d5b",152,"46b55",132,"87ebe",52,"cb496",144,"bcf7a",257,"b4d81",85,"e5428",1044,"1880e",69,"3fa97",37,"16169",1045,"16609",103,"b5ac0",64,"2a1d1",256,"81a90",814,"dcd30",284,"93d72",265,"028fc",821,"54ca0",243,"65a99",27,"c06a9",155,"c4efe",185,"ceca2",118,"036d9",812,"94d65",313,"7a52e",131,"9c3cd",4,"ae2ba",31,"017e1",201,"03b08",328,"9eb3f",346,"0ad0a",230,"a089d",330,"287f6",208,"f238b",22,"d6047",309,"96852",239,"65b6d",2,"052e2",281,"375c7",75,"d930a",67,"b9e72",296,"86fd4",339,"8386d",13,"544b4",47,"0b921",74,"f3a80",294,"1e143",210,"43fee",818,"1d51d",179,"c5fe7",17,"089de",122,"ba16f",283,"e9852",135,"45891",161,"5fe76",259,"37602",204,"01926",171,"d0d68",213,"edd84",203,"e4afc",1042,"2b718",88,"47aa6",248,"55665",282,"157b3",73,"950a3",108,"db969",19,"9b782",121,"7ae00",263,"4dedb",326,"05faa",1046,"0e324",98,"90cf4",45,"29aa6",42,"2ff79",173,"9bf1c",71,"c10a4",183,"c9aa3",193,"9878e",268,"ffd5b",807,"d0d68",314,"db905",815,"9fe33",34,"d0286",54,"16f71",25,"6c21f",212,"4292c",811,"1a001",57,"df239",18,"38950",182,"8436a",293,"511b3",15,"ae6f7",58,"ec6fd",231,"e488a",39,"2e445",6,"37dca",312,"a9e94",276,"f5cfc",177,"6851e",156,"b4c1c",337,"5aa60",93,"d606d",110,"9b85a",187,"24b8e",218,"def9f",138,"e9399",217,"581bd",72,"9411b",275,"dd18e",197,"ae43b",30,"d752d",228,"70d4a",311,"593ca",123,"597be",96,"cdbc9",44,"58ae6",50,"5caf7",323,"f02c5",91,"e1e8d",158,"d0b81",1043,"f2ead",12,"8a19a",298,"24f21",269,"ad3b9",104,"457f6",274,"b96f9",278,"37a1b",40,"a0381",86,"44da6",222,"192b7",84,"35cc5",287,"5d4b2",192,"3de8a",148,"7758e",348,"e00eb",345,"6c13c",303,"fd18a",23,"367c1",78,"25b0b",237,"61fc9",115,"636b4",130,"5c03e",119,"a8843",262,"dde1b",124,"ea475",220,"48172",236,"3072f",324,"45a19",116,"fcbdb",181,"3438d",126,"d2f6b",271,"6d181",63,"ff443",202,"a7cb9",169,"1d4cc",810,"550a6",147,"3af33",261,"6d0ee",26,"c10a4",285,"d291e",286,"07d03",107,"0cec2",0,"49a79",289,"0d7ca",16,"dd0ff",49,"3d82c",196,"84ae6",134,"47f86",318,"17d7c",295,"59ebe",167,"c1984",207,"033da",211,"41aa4",65,"f9e0f",347,"33978",240,"13199",191,"c1f29",244,"e5569",186,"3ee6a",174,"04974",199,"29640",184,"cd571",157,"51e00",325,"d34f3",200,"33866",342,"e7276",809,"355d6",90,"acb76",10,"dbbb6",5,"7bba7",29,"ee867",250,"f03ec",53,"75bf6",170,"d0d68",95,"9aacb",209,"ddf40",290,"4bcf6",80,"b1412",310,"63bce",143,"c76e9",272,"19134",136,"528bb",301,"54a2d",219,"7dd9b",20,"a18cd",146,"be54f",55,"a0ff9",270,"27a6e",82,"9e5bb"]}}