[1,["340ZYbO1tJmq17zy2CyhnX","72wea9UzlJBYdmxdbYrk4O","221XLOHJ9EybBm8HgyYk6L","b6G6H/nelI16byJdI0EJ4L","dc9K+eu1ZIqr5NHoBcuFQ2","97UvBJdsFELIcGOSggogCm","3aGElxTElIS5xeuOb8apQh","e7zI+ZYyJMQ6NCs6STKL4w","b2pEQYTktKRKtRVZXOH/vu"],["value"],[["cc.AnimationClip",["_name","_duration","sample","curveData"],0,11]],[[0,0,1,2,3,4]],[[0,"ButtonSpinClick",1.08,25,[{},"paths",11,[{"sb_vfx_b_add":{"props":{"active":[{"frame":0,"value":true}],"opacity":[{"frame":0,"value":0},{"frame":0.24,"value":255},{"frame":0.4,"value":255},{"frame":0.64,"value":0}]}},"sb_vfx_c_screen":{"props":{"active":[{"frame":0.2,"value":true}],"opacity":[{"frame":0.2,"value":0},{"frame":0.28,"value":255},{"frame":0.64,"value":255},{"frame":0.88,"value":0}],"angle":[{"frame":0.2,"value":0},{"frame":0.88,"value":-160}]}},"sb_vfx_d_add":{"props":{"opacity":[{"frame":0.2,"value":0},{"frame":0.28,"value":255},{"frame":0.64,"value":255},{"frame":0.88,"value":0}],"angle":[{"frame":0.2,"value":0},{"frame":0.88,"value":160}],"active":[{"frame":0.2,"value":true}]}},"sb_button/sb_vfx_e_add":{"props":{"opacity":[{"frame":0,"value":0},{"frame":0.08,"value":255},{"frame":0.72,"value":255},{"frame":1.08,"value":0}],"angle":[{"frame":0,"value":50},{"frame":1.08,"value":-943}],"active":[{"frame":0,"value":true}]}},"sb_button/sb_vfx_a_add":{"props":{"opacity":[{"frame":0,"value":0},{"frame":0.24,"value":255},{"frame":0.44,"value":0}],"active":[{"frame":0,"value":true}]}}},"sb_vfx_f_add_00",11,[{"props":{"active":[{"frame":0.24,"value":true}]}},"comps",11,[{},"cc.Sprite",11,[{},"spriteFrame",12,[[{"frame":0,"value":null},[{"frame":0.24},"value",6,0],[{"frame":0.28},"value",6,1],[{"frame":0.32},"value",6,2],[{"frame":0.36},"value",6,3],[{"frame":0.4},"value",6,4],[{"frame":0.44},"value",6,5],[{"frame":0.48},"value",6,6],[{"frame":0.52},"value",6,7],[{"frame":0.56},"value",6,8]],0,11,11,11,11,11,11,11,11,11]]]],"sb_button",11,[{},"props",11,[{},"scale",12,[[[{"frame":0},"value",8,[1,1,1,1]],[{"frame":0.16},"value",8,[1,0.9,0.9,1]],[{"frame":0.28},"value",8,[1,1.1,1.1,1]],[{"frame":0.36},"value",8,[1,1,1,1]]],11,11,11,11]]]]]]],0,0,[0,0,0,0,0,0,0,0,0],[0,0,0,0,0,0,0,0,0],[0,1,2,3,4,5,6,7,8]]