[1,["e2c8UecLZM54xn6trb3W2g"],["value"],[["cc.AnimationClip",["_name","_duration","curveData"],1,11]],[[0,0,1,2,3]],[[0,"NormalStateFS",0.016666666666666666,[{},"paths",11,[{"Normal":{"props":{"active":[{"frame":0,"value":true}]}},"BigWin":{"props":{"active":[{"frame":0,"value":false}]}},"ParentMoney":{"props":{"active":[{"frame":0,"value":false}]}},"Normal/ib_bar_a_mask":{"props":{"active":[{"frame":0,"value":false}]}},"Normal/ib_bar_a_mask copy":{"props":{"active":[{"frame":0,"value":false}]}},"FreeSpin":{"props":{"active":[{"frame":0,"value":true}]}},"Normal/Mask/ParentWaiting":{"props":{"active":[{"frame":0,"value":false}]}},"FreeSpin/Mask/ParentWaiting":{"props":{"active":[{"frame":0,"value":true}]}},"infoboard_vfx_a":{"props":{"active":[{"frame":0,"value":false}]}},"infoboard_vfx_b_1":{"props":{"active":[{"frame":0,"value":false}]}},"infoboard_vfx_b_1 copy":{"props":{"active":[{"frame":0,"value":false}]}},"Normal/ib_bar_a/infoboard_vfx_c":{"props":{"active":[{"frame":0,"value":false}]}},"infoboard_vfx_d_loop_00":{"props":{"active":[{"frame":0,"value":false}]}},"infoboard_vfx_d_loop_00 copy":{"props":{"active":[{"frame":0,"value":false}]}}},"Normal/ib_bar_a",11,[{"props":{"width":[{"frame":0,"value":1436.3117871}],"height":[{"frame":0,"value":190.1140684}]}},"comps",11,[{},"cc.Sprite",11,[{},"spriteFrame",12,[[[{"frame":0},"value",6,0]],11]]]]]]]],0,0,[0],[0],[0]]