[
  1,
  [
    "beV2HTKqxJGrDnzcaUylCY",
    "caby+vrttIa6zvcSS3IGIq",
    "bbfev3XmtMEpN4fvciVWfk",
    "08m2/jtcZGc5A6J/3Mr0Q/",
    "07QCiyAJ5GfJm/q1dtajeG",
    "acvZQ9ZEtPr4EHLfmTaf5X",
    "4ciFVCVaxI77Xo1RILgq91",
    "56rcHS/ZpG9KC9H1Yxdo2P",
    "f1vh0Jo+FELo4RE/iZadYe",
    "0epNk7autJlLriRVwRBDXM",
    "a4S5Ce7+xABYKmPOwaHuec",
    "47luzvNzRJmbeOxLXTG944",
    "93j/qY9YlBIJ4oEklTzoL1",
    "8aZAxl3YpNarqo4xXu6aKM",
    "432xeqhJpFI503m3JzIV0v",
    "bcJ0piNzlMfoFw9OW7ZEUr",
    "fcz9N3pENAEoP4a8LUOgPO",
    "86hJMmhJpPSZn1htfqKOno",
    "e2oP7zGmdNH5AYD9GGASNo",
    "dbywMHMHJAErYsrNebtdZx",
    "56goBF++FCuI/omJV79r3L",
    "10kU76vPhO0Lgbs6VNoWjI"
  ],
  [
    "value"
  ],
  [
    [
      "cc.AnimationClip",
      [
        "_name",
        "_duration",
        "wrapMode",
        "curveData"
      ],
      0,
      11
    ]
  ],
  [
    [
      0,
      0,
      1,
      2,
      3,
      4
    ]
  ],
  [
    [
      0,
      "ib_sw_vfx_a_add",
      0.38333333333333336,
      2,
      [
        {},
        "comps",
        11,
        [
          {},
          "cc.Sprite",
          11,
          [
            {},
            "spriteFrame",
            12,
            [
              [
                [
                  {
                    "frame": 0
                  },
                  "value",
                  6,
                  0
                ],
                [
                  {
                    "frame": 0.016666666666666666
                  },
                  "value",
                  6,
                  1
                ],
                [
                  {
                    "frame": 0.03333333333333333
                  },
                  "value",
                  6,
                  2
                ],
                [
                  {
                    "frame": 0.05
                  },
                  "value",
                  6,
                  3
                ],
                [
                  {
                    "frame": 0.06666666666666667
                  },
                  "value",
                  6,
                  4
                ],
                [
                  {
                    "frame": 0.08333333333333333
                  },
                  "value",
                  6,
                  5
                ],
                [
                  {
                    "frame": 0.1
                  },
                  "value",
                  6,
                  6
                ],
                [
                  {
                    "frame": 0.11666666666666667
                  },
                  "value",
                  6,
                  7
                ],
                [
                  {
                    "frame": 0.13333333333333333
                  },
                  "value",
                  6,
                  8
                ],
                [
                  {
                    "frame": 0.15
                  },
                  "value",
                  6,
                  9
                ],
                [
                  {
                    "frame": 0.16666666666666666
                  },
                  "value",
                  6,
                  10
                ],
                [
                  {
                    "frame": 0.18333333333333332
                  },
                  "value",
                  6,
                  11
                ],
                [
                  {
                    "frame": 0.2
                  },
                  "value",
                  6,
                  12
                ],
                [
                  {
                    "frame": 0.21666666666666667
                  },
                  "value",
                  6,
                  13
                ],
                [
                  {
                    "frame": 0.23333333333333334
                  },
                  "value",
                  6,
                  14
                ],
                [
                  {
                    "frame": 0.25
                  },
                  "value",
                  6,
                  15
                ],
                [
                  {
                    "frame": 0.26666666666666666
                  },
                  "value",
                  6,
                  16
                ],
                [
                  {
                    "frame": 0.2833333333333333
                  },
                  "value",
                  6,
                  17
                ],
                [
                  {
                    "frame": 0.3
                  },
                  "value",
                  6,
                  18
                ],
                [
                  {
                    "frame": 0.31666666666666665
                  },
                  "value",
                  6,
                  19
                ],
                [
                  {
                    "frame": 0.3333333333333333
                  },
                  "value",
                  6,
                  20
                ],
                [
                  {
                    "frame": 0.35
                  },
                  "value",
                  6,
                  21
                ],
                [
                  {
                    "frame": 0.36666666666666664
                  },
                  "value",
                  6,
                  22
                ]
              ],
              11,
              11,
              11,
              11,
              11,
              11,
              11,
              11,
              11,
              11,
              11,
              11,
              11,
              11,
              11,
              11,
              11,
              11,
              11,
              11,
              11,
              11,
              11
            ]
          ]
        ]
      ]
    ]
  ],
  0,
  0,
  [
    0,
    0,
    0,
    0,
    0,
    0,
    0,
    0,
    0,
    0,
    0,
    0,
    0,
    0,
    0,
    0,
    0,
    0,
    0,
    0,
    0,
    0,
    0
  ],
  [
    0,
    0,
    0,
    0,
    0,
    0,
    0,
    0,
    0,
    0,
    0,
    0,
    0,
    0,
    0,
    0,
    0,
    0,
    0,
    0,
    0,
    0,
    0
  ],
  [
    1,
    2,
    3,
    4,
    5,
    6,
    7,
    8,
    0,
    9,
    10,
    11,
    12,
    13,
    14,
    15,
    16,
    17,
    18,
    19,
    20,
    21,
    0
  ]
]