[
  1,
  [
    "07KfyA1cJEhZZAz+BxZoXH",
    "30G2SHl8VMW5Ap8Z9VqjzR",
    "d5i8CirQ9HnpBhxLZOEckm",
    "bd1k/YXwBAnYEyzVcITuMI",
    "828zxrSe5JNKHRLTw3eQ6G",
    "1bXmBpdzFPN5Gt50Q/D4kV",
    "a7+bBz3iVH1KhctpVbCtNK",
    "54Uly1t29Dp6ECOpRPbRZG",
    "8b8FUj3npBn4qa+gxCz1OM",
    "a85cfAMaBAB7D6Xdmpw+/f",
    "8ebEjY701Jta8b7rJy2RIM",
    "a77tAOmfNAk4x/ZLy1Br9v",
    "b7ZvgQ6TNOw5wC2wyonb49",
    "97FHB4auBJj5hf9CZHDcOX",
    "033jRDYbJEUIjhTBrDQm52",
    "6207FhOf1H0qIfLEm04R2f",
    "0de/pgPoNMu4DH8o1byz0h",
    "893e34AWdDj57JQaqA5WKU",
    "29pNhyvq1Gs4IRDh4Xgcxt",
    "20aS5J6exNebBbR6imbPu8",
    "96AVVrjm1CTL2Mwmfa2Szv",
    "55tf8oiVVIgadZ8WM5PzGW",
    "d7+1fpgUNNnKIornijwRxn",
    "cdCwERbvVJNZZ8ncX6rMJ8",
    "e2x1ugfj9EFZDR42sa7Djb",
    "19/FYdm8FNobQzgZve0abu",
    "8c77tKYiNIq7iZmeBORttG",
    "f9nXSReU9DTbBC5mtgLthc",
    "b5c5MtqMZDbbTkCr3ibxE6",
    "f7treJVhxNZapYb7IDAa4P",
    "22qi4OfJtHu4fYGbEGO5RI",
    "95Qzn6q8NAhr1EKNEp1Qmb"
  ],
  [
    "value"
  ],
  [
    [
      "cc.AnimationClip",
      [
        "_name",
        "_duration",
        "sample",
        "curveData"
      ],
      0,
      11
    ]
  ],
  [
    [
      0,
      0,
      1,
      2,
      3,
      4
    ]
  ],
  [
    [
      0,
      "Effect_moon_add",
      0.85,
      20,
      [
        {},
        "paths",
        11,
        [
          {
            "mf_vfx_e_moon_add": {
              "props": {
                "opacity": [
                  {
                    "frame": 0,
                    "value": 0
                  },
                  {
                    "frame": 0.3,
                    "value": 255
                  },
                  {
                    "frame": 0.55,
                    "value": 0
                  }
                ]
              }
            },
            "mf_vfx_k_moon_add": {
              "props": {
                "opacity": [
                  {
                    "frame": 0,
                    "value": 0
                  },
                  {
                    "frame": 0.3,
                    "value": 255
                  },
                  {
                    "frame": 0.55,
                    "value": 0
                  }
                ]
              }
            },
            "mf_vfx_b_sun_screen": {
              "props": {
                "opacity": [
                  {
                    "frame": 0,
                    "value": 0
                  },
                  {
                    "frame": 0.3,
                    "value": 255
                  },
                  {
                    "frame": 0.55,
                    "value": 200
                  }
                ]
              }
            }
          },
          "mf_vfx_j_moon_add_00",
          11,
          [
            {},
            "comps",
            11,
            [
              {},
              "cc.Sprite",
              11,
              [
                {},
                "spriteFrame",
                12,
                [
                  [
                    [
                      {
                        "frame": 0
                      },
                      "value",
                      6,
                      0
                    ],
                    [
                      {
                        "frame": 0.05
                      },
                      "value",
                      6,
                      1
                    ],
                    [
                      {
                        "frame": 0.1
                      },
                      "value",
                      6,
                      2
                    ],
                    [
                      {
                        "frame": 0.15
                      },
                      "value",
                      6,
                      3
                    ],
                    [
                      {
                        "frame": 0.2
                      },
                      "value",
                      6,
                      4
                    ],
                    [
                      {
                        "frame": 0.25
                      },
                      "value",
                      6,
                      5
                    ],
                    [
                      {
                        "frame": 0.3
                      },
                      "value",
                      6,
                      6
                    ],
                    [
                      {
                        "frame": 0.35
                      },
                      "value",
                      6,
                      7
                    ],
                    [
                      {
                        "frame": 0.4
                      },
                      "value",
                      6,
                      8
                    ],
                    [
                      {
                        "frame": 0.45
                      },
                      "value",
                      6,
                      9
                    ],
                    [
                      {
                        "frame": 0.5
                      },
                      "value",
                      6,
                      10
                    ],
                    [
                      {
                        "frame": 0.55
                      },
                      "value",
                      6,
                      11
                    ],
                    [
                      {
                        "frame": 0.6
                      },
                      "value",
                      6,
                      12
                    ],
                    [
                      {
                        "frame": 0.65
                      },
                      "value",
                      6,
                      13
                    ],
                    [
                      {
                        "frame": 0.7
                      },
                      "value",
                      6,
                      14
                    ],
                    [
                      {
                        "frame": 0.75
                      },
                      "value",
                      6,
                      15
                    ],
                    [
                      {
                        "frame": 0.8
                      },
                      "value",
                      6,
                      16
                    ]
                  ],
                  11,
                  11,
                  11,
                  11,
                  11,
                  11,
                  11,
                  11,
                  11,
                  11,
                  11,
                  11,
                  11,
                  11,
                  11,
                  11,
                  11
                ]
              ]
            ]
          ],
          "mf_vfx_a_sun_screen_00",
          11,
          [
            {
              "props": {
                "opacity": [
                  {
                    "frame": 0,
                    "value": 0
                  },
                  {
                    "frame": 0.25,
                    "value": 150
                  },
                  {
                    "frame": 0.55,
                    "value": 0
                  }
                ]
              }
            },
            "comps",
            11,
            [
              {},
              "cc.Sprite",
              11,
              [
                {},
                "spriteFrame",
                12,
                [
                  [
                    [
                      {
                        "frame": 0
                      },
                      "value",
                      6,
                      17
                    ],
                    [
                      {
                        "frame": 0.05
                      },
                      "value",
                      6,
                      18
                    ],
                    [
                      {
                        "frame": 0.1
                      },
                      "value",
                      6,
                      19
                    ],
                    [
                      {
                        "frame": 0.15
                      },
                      "value",
                      6,
                      20
                    ],
                    [
                      {
                        "frame": 0.2
                      },
                      "value",
                      6,
                      21
                    ],
                    [
                      {
                        "frame": 0.25
                      },
                      "value",
                      6,
                      22
                    ],
                    [
                      {
                        "frame": 0.3
                      },
                      "value",
                      6,
                      23
                    ],
                    [
                      {
                        "frame": 0.35
                      },
                      "value",
                      6,
                      24
                    ],
                    [
                      {
                        "frame": 0.4
                      },
                      "value",
                      6,
                      25
                    ],
                    [
                      {
                        "frame": 0.45
                      },
                      "value",
                      6,
                      26
                    ],
                    [
                      {
                        "frame": 0.5
                      },
                      "value",
                      6,
                      27
                    ],
                    [
                      {
                        "frame": 0.55
                      },
                      "value",
                      6,
                      28
                    ],
                    [
                      {
                        "frame": 0.6
                      },
                      "value",
                      6,
                      29
                    ],
                    [
                      {
                        "frame": 0.65
                      },
                      "value",
                      6,
                      30
                    ],
                    [
                      {
                        "frame": 0.7
                      },
                      "value",
                      6,
                      31
                    ]
                  ],
                  11,
                  11,
                  11,
                  11,
                  11,
                  11,
                  11,
                  11,
                  11,
                  11,
                  11,
                  11,
                  11,
                  11,
                  11
                ]
              ]
            ]
          ]
        ]
      ]
    ]
  ],
  0,
  0,
  [
    0,
    0,
    0,
    0,
    0,
    0,
    0,
    0,
    0,
    0,
    0,
    0,
    0,
    0,
    0,
    0,
    0,
    0,
    0,
    0,
    0,
    0,
    0,
    0,
    0,
    0,
    0,
    0,
    0,
    0,
    0,
    0
  ],
  [
    0,
    0,
    0,
    0,
    0,
    0,
    0,
    0,
    0,
    0,
    0,
    0,
    0,
    0,
    0,
    0,
    0,
    0,
    0,
    0,
    0,
    0,
    0,
    0,
    0,
    0,
    0,
    0,
    0,
    0,
    0,
    0
  ],
  [
    0,
    1,
    2,
    3,
    4,
    5,
    6,
    7,
    8,
    9,
    10,
    11,
    12,
    13,
    14,
    15,
    16,
    17,
    18,
    19,
    20,
    21,
    22,
    23,
    24,
    25,
    26,
    27,
    28,
    29,
    30,
    31
  ]
]