[1,["8ec4K/Uu9II7nAFnmQKa5S","fbAxQ5MLpEE7OEPRSIRXPP","6dP14HRBJAqrKix0lDf1Dw","44BlCIH+pH8LDjGzdGcSue","98iqQakvFFloTiBxie4sx4","7b5qyq0k5PtqiE+EQpdxmM","60nTEw8hVKR4CDrC3Sn6+B","1fE75l4HBFO74jSLkCuZ59","d95FYmGkNIFJVtaSNwc58t","27AssMSP5NsIh7ivXZWX/G","a9elhqM+lMmZ7I3n1PbtYN","1bAdhnWdhLwZwsstOgLp+0","47nrXVRS9BdpPHxJAZPI5y","bb42B9OAtPmqOGKyl+AYqP","36lCRkTGVII4NX4WpHghRb","9979ulraBAZa4M4HpteLew","5d/dI74SNH+pv1QY/Mg2Vs","3dPh7fCZJI7r+wuMShGll/"],["value"],[["cc.AnimationClip",["_name","_duration","sample","wrapMode","curveData"],-1,11]],[[0,0,1,2,3,4,5]],[[0,"wildBg",0.9,20,2,[{},"comps",11,[{},"cc.Sprite",11,[{},"spriteFrame",12,[[[{"frame":0},"value",6,0],[{"frame":0.05},"value",6,1],[{"frame":0.1},"value",6,2],[{"frame":0.15},"value",6,3],[{"frame":0.2},"value",6,4],[{"frame":0.25},"value",6,5],[{"frame":0.3},"value",6,6],[{"frame":0.35},"value",6,7],[{"frame":0.4},"value",6,8],[{"frame":0.45},"value",6,9],[{"frame":0.5},"value",6,10],[{"frame":0.55},"value",6,11],[{"frame":0.6},"value",6,12],[{"frame":0.65},"value",6,13],[{"frame":0.7},"value",6,14],[{"frame":0.75},"value",6,15],[{"frame":0.8},"value",6,16],[{"frame":0.85},"value",6,17]],11,11,11,11,11,11,11,11,11,11,11,11,11,11,11,11,11,11]]]]]],0,0,[0,0,0,0,0,0,0,0,0,0,0,0,0,0,0,0,0,0],[0,0,0,0,0,0,0,0,0,0,0,0,0,0,0,0,0,0],[0,1,2,3,4,5,6,7,8,9,10,11,12,13,14,15,16,17]]