[1,["56+UxMAuxBFbbVItIb8sHK","0fJkdIn2VKeJrRJZTWd5NZ","042B2GZQJLla3vHDT7zqlV"],["_textureSetter","fb_hover_red","fb_hover_green"],["cc.SpriteFrame",["cc.SpriteAtlas",["_name","_spriteFrames"],2,11]],[[1,0,1,2]],[[[{"name":"fb_hover_green","rect":[1,1,273,105],"offset":[0,0],"originalSize":[273,105],"capInsets":[0,0,0,0]}],[0],0,[0],[0],[0]],[[{"name":"fb_hover_red","rect":[276,1,273,105],"offset":[0,0],"originalSize":[273,105],"capInsets":[0,0,0,0]}],[0],0,[0],[0],[0]],[[[0,"Alats49.plist",[{},"fb_hover_red",6,0,"fb_hover_green",6,1]]],0,0,[0,0],[1,2],[1,2]]]]