[1,["e9u5eYzQ9F7psLjCRnwS+H","29PPRSmB1Ph77t+8GAz1KQ","bcqnqXUj1FcrXZF+lKk6bf","f9F22zCGNOP7EhIccHrMn4","f3jUmXWXtJ5YoYcqE2VhD4","e0Y8/q+NZBjKn7GZmNxh6I","49tZBxE51LA4qfI+NQGdM7","69YORIibxKBbhu66oCRJ2f","f9nK/BWUBPQ4FBZerf3bOk","521k1GPR1FH6nwfdu8+Rqi","6ebhQcoiZPjJsxyqdbEQVl","7554I5YfNDP5MpOS2B/6jb","93zmW8ZW1DZKEryLbQvwBa","33nGQvmodDnaxnkfCANU2K","148AYxVz5D1YbJb6Jc8u6G","4en1nZUtFPJLNFNokRRhfy","5deWRrJyNGq4I4diaY9d12","59cAU3jXJNjJQlGsCZIHeH","cas7Mi2TxNgZWviaCjHfst","aeIH+uAiJPSaPFgP9GFaFN","9eFC2oS+lKs77qBblgI7dM","077oTOwxlKh4saxYKbsJA+","94iNJ3WKNF0pQ2YRMGgBby","daaxZ8F15MgJyKJ8ynSxhw","c45FyQRY5OsK2oZ5/0WH2C","79IZJEtCRJ9bjRKBVYov/L","8fAOO/KSpKsLnRALtnprra","787lfzkY1P36QDQsUKn+8d","10KPmtO4RP7premnBMosW3","cf9JWXqktP0rtX24b9F/nX","6bPZiZu3dHZrhq6S7Kto/L","dcojKzrZ5P7owVsWiN9GCj","42lApsDhJA6aUtIssxusNA","11+Aw/RGlCCbki73mmhubd","3fIiNsP5BFwYK3gqTJUh1q","e7ZAxGefxFGowRp9mshZtr","3bsggosApB2b/obzWrYFcz","78kIvr9ClPUJhO4JsXDJYv","d8P5ByCvRNKpSPMej9VRla","0e4GWbrqFDcpoddRdjHfkV","62dTnpcxdNDKI/9ZWN4hLD","06fwmQ2RtI+pgyr0/BknwR","46crOxABNHiYSZH2cjx270","18KicOdcZBpbjhxv+O1izj","b88PEollZJz5STVXq6FUQb","70ggxgQitO1aCNajcQ55Sq","5fwJ3aCKRD7KsL/rNEwdq7","79ylIOkKFLDrYr1J7FnP/v","d0iHAu7F5JnZJnbb4SzFxh","dezj9fCRZAdIfPmIQP1WHq","28lK3EbTpAeLI6cWNQckkG","803uYZqIZFVrJ5ekbAG3um","e3GxdNywRGeqPg1ZkIxYcD","e9IIUNsRJEbYAHeT8yoZSH","a9c/YO4e5Mh77oNP6d9rud","8asjiRMGpMR5NVLoz65OC6","03Ydz/6ZFG4aDtAqdcaEt9","72p134a1xPraWBtJe3/tvj","4erWc/3bNKR66U3dgU9mx8","aewrK7+hhIm5CaXG+zt9eX","e0dAbRcXpMd6+EzM05iupm","2eyy15/CxNH62zGL6NIOaU"],["_textureSetter","h_block_c_shot_blur","h_peachcocktail_c_blur","h_block_a_xobottle_blur","h_bluecocktail_d_blur","h_greencocktail_a_blur","h_xobottle_c_blur","h_block_b_xoglass_blur","h_greencocktail_d_blur","l_j_blur","l_10_blur","l_block_b_blur","h_block_b_bluecocktail_blur","h_xobottle_a_blur","h_bluecocktail_c_blur","h_peachcocktail_b_blur","h_peachcocktail_a_blur","h_block_b_greencocktail_blur","h_xoglass_c_blur","h_xoglass_b_blur","h_xobottle_d_blur","s_block_gold_b_blur","h_xoglass_a_blur","h_block_c_greencocktail_blur","h_block_b_shot_blur","h_shot_d_blur","h_block_d_xobottle_blur","s_block_gold_d_blur","h_block_b_peachcocktail_blur","h_block_a_peachcocktail_blur","h_shot_c_blur","h_block_c_xoglass_blur","h_block_c_bluecocktail_blur","h_block_a_bluecocktail_blur","h_block_c_xobottle_blur","h_block_d_peachcocktail_blur","h_peachcocktail_d_blur","h_block_d_xoglass_blur","h_greencocktail_c_blur","h_block_a_greencocktail_blur","h_block_d_shot_blur","l_block_d_blur","h_bluecocktail_b_blur","h_block_c_peachcocktail_blur","s_block_gold_c_blur","l_k_blur","h_greencocktail_b_blur","l_q_blur","h_block_d_greencocktail_blur","l_block_a_blur","h_shot_b_blur","l_a_blur","h_xobottle_b_blur","h_xoglass_d_blur","h_block_d_bluecocktail_blur","h_shot_a_blur","h_block_b_xobottle_blur","h_bluecocktail_a_blur","h_block_a_xoglass_blur","l_block_c_blur","s_block_gold_a_blur","h_block_a_shot_blur"],["cc.SpriteFrame",["cc.SpriteAtlas",["_name","_spriteFrames"],2,11]],[[1,0,1,2]],[[[{"name":"h_block_b_xobottle_blur","rect":[286,747,95,189],"offset":[0,0],"originalSize":[175,299],"capInsets":[0,0,0,0]}],[0],0,[0],[0],[0]],[[{"name":"l_block_d_blur","rect":[520,1,91,356],"offset":[0,0],"originalSize":[175,502],"capInsets":[0,0,0,0]}],[0],0,[0],[0],[0]],[[{"name":"s_block_gold_b_blur","rect":[753,323,103,207],"offset":[0,-9],"originalSize":[175,299],"capInsets":[0,0,0,0]}],[0],0,[0],[0],[0]],[[{"name":"h_block_a_greencocktail_blur","rect":[753,532,95,103],"offset":[0,0],"originalSize":[175,299],"capInsets":[0,0,0,0]}],[0],0,[0],[0],[0]],[[{"name":"h_block_b_peachcocktail_blur","rect":[92,725,95,189],"offset":[0,0],"originalSize":[175,299],"capInsets":[0,0,0,0]}],[0],0,[0],[0],[0]],[[{"name":"h_block_a_bluecocktail_blur","rect":[848,644,95,103],"offset":[0,0],"originalSize":[175,299],"capInsets":[0,0,0,0]}],[0],0,[0],[0],[0]],[[{"name":"h_bluecocktail_c_blur","rect":[662,349,89,212],"offset":[0,-26],"originalSize":[175,502],"capInsets":[0,0,0,0]}],[0],0,[0],[0],[0]],[[{"name":"h_block_c_peachcocktail_blur","rect":[1122,1,95,274],"offset":[0,0],"originalSize":[175,502],"capInsets":[0,0,0,0]}],[0],0,[0],[0],[0]],[[{"name":"h_shot_b_blur","rect":[933,749,83,117],"offset":[-2,-32],"originalSize":[175,299],"capInsets":[0,0,0,0]}],[0],0,[0],[0],[0]],[[{"name":"h_block_c_shot_blur","rect":[98,363,95,274],"offset":[0,0],"originalSize":[175,502],"capInsets":[0,0,0,0]}],[0],0,[0],[0],[0]],[[{"name":"h_block_a_shot_blur","rect":[1047,858,95,103],"offset":[0,0],"originalSize":[175,299],"capInsets":[0,0,0,0]}],[0],0,[0],[0],[0]],[[{"name":"h_xobottle_a_blur","rect":[954,868,91,105],"offset":[0,3],"originalSize":[175,299],"capInsets":[0,0,0,0]}],[0],0,[0],[0],[0]],[[{"name":"h_peachcocktail_d_blur","rect":[660,577,85,168],"offset":[0,-55],"originalSize":[175,502],"capInsets":[0,0,0,0]}],[0],0,[0],[0],[0]],[[{"name":"h_block_c_xobottle_blur","rect":[195,361,95,274],"offset":[0,0],"originalSize":[175,502],"capInsets":[0,0,0,0]}],[0],0,[0],[0],[0]],[[{"name":"h_block_c_bluecocktail_blur","rect":[928,1,95,274],"offset":[0,0],"originalSize":[175,502],"capInsets":[0,0,0,0]}],[0],0,[0],[0],[0]],[[{"name":"h_bluecocktail_b_blur","rect":[569,747,89,169],"offset":[0,-5],"originalSize":[175,299],"capInsets":[0,0,0,0]}],[0],0,[0],[0],[0]],[[{"name":"h_xobottle_c_blur","rect":[945,597,101,148],"offset":[0,-8],"originalSize":[175,502],"capInsets":[0,0,0,0]}],[0],0,[0],[0],[0]],[[{"name":"h_peachcocktail_b_blur","rect":[1147,571,85,133],"offset":[0,-24],"originalSize":[175,299],"capInsets":[0,0,0,0]}],[0],0,[0],[0],[0]],[[{"name":"h_block_a_xoglass_blur","rect":[292,637,95,103],"offset":[0,0],"originalSize":[175,299],"capInsets":[0,0,0,0]}],[0],0,[0],[0],[0]],[[{"name":"l_j_blur","rect":[745,891,59,91],"offset":[0,0],"originalSize":[175,299],"capInsets":[0,0,0,0]}],[0],0,[0],[0],[0]],[[{"name":"h_block_b_greencocktail_blur","rect":[1042,277,95,189],"offset":[0,0],"originalSize":[175,299],"capInsets":[0,0,0,0]}],[0],0,[0],[0],[0]],[[{"name":"h_peachcocktail_a_blur","rect":[1147,706,85,103],"offset":[0,0],"originalSize":[175,299],"capInsets":[0,0,0,0]}],[0],0,[0],[0],[0]],[[{"name":"h_greencocktail_b_blur","rect":[858,489,85,153],"offset":[0,-15],"originalSize":[175,299],"capInsets":[0,0,0,0]}],[0],0,[0],[0],[0]],[[{"name":"h_block_d_shot_blur","rect":[326,1,95,358],"offset":[0,0],"originalSize":[175,502],"capInsets":[0,0,0,0]}],[0],0,[0],[0],[0]],[[{"name":"h_block_b_xoglass_blur","rect":[383,747,95,189],"offset":[0,0],"originalSize":[175,299],"capInsets":[0,0,0,0]}],[0],0,[0],[0],[0]],[[{"name":"h_shot_c_blur","rect":[763,747,83,136],"offset":[-2,-40],"originalSize":[175,502],"capInsets":[0,0,0,0]}],[0],0,[0],[0],[0]],[[{"name":"l_10_blur","rect":[472,635,77,87],"offset":[0,0],"originalSize":[175,299],"capInsets":[0,0,0,0]}],[0],0,[0],[0],[0]],[[{"name":"l_k_blur","rect":[1064,468,73,87],"offset":[-2,-1],"originalSize":[175,299],"capInsets":[0,0,0,0]}],[0],0,[0],[0],[0]],[[{"name":"h_bluecocktail_a_blur","rect":[1018,747,89,109],"offset":[0,-7],"originalSize":[175,299],"capInsets":[0,0,0,0]}],[0],0,[0],[0],[0]],[[{"name":"l_block_b_blur","rect":[1139,277,93,187],"offset":[0,0],"originalSize":[175,299],"capInsets":[0,0,0,0]}],[0],0,[0],[0],[0]],[[{"name":"h_block_d_xoglass_blur","rect":[613,1,95,346],"offset":[0,0],"originalSize":[175,502],"capInsets":[0,0,0,0]}],[0],0,[0],[0],[0]],[[{"name":"s_block_gold_d_blur","rect":[1,1,129,360],"offset":[2,0],"originalSize":[175,502],"capInsets":[0,0,0,0]}],[0],0,[0],[0],[0]],[[{"name":"h_shot_d_blur","rect":[848,749,83,136],"offset":[-2,-49],"originalSize":[175,502],"capInsets":[0,0,0,0]}],[0],0,[0],[0],[0]],[[{"name":"l_q_blur","rect":[889,887,63,89],"offset":[-2,-1],"originalSize":[175,299],"capInsets":[0,0,0,0]}],[0],0,[0],[0],[0]],[[{"name":"l_a_blur","rect":[389,635,81,87],"offset":[-2,-1],"originalSize":[175,299],"capInsets":[0,0,0,0]}],[0],0,[0],[0],[0]],[[{"name":"h_shot_a_blur","rect":[660,891,83,91],"offset":[-2,-3],"originalSize":[175,299],"capInsets":[0,0,0,0]}],[0],0,[0],[0],[0]],[[{"name":"h_block_d_xobottle_blur","rect":[423,1,95,358],"offset":[0,0],"originalSize":[175,502],"capInsets":[0,0,0,0]}],[0],0,[0],[0],[0]],[[{"name":"h_block_b_bluecocktail_blur","rect":[945,277,95,189],"offset":[0,0],"originalSize":[175,299],"capInsets":[0,0,0,0]}],[0],0,[0],[0],[0]],[[{"name":"h_xoglass_a_blur","rect":[1144,811,83,101],"offset":[4,-3],"originalSize":[175,299],"capInsets":[0,0,0,0]}],[0],0,[0],[0],[0]],[[{"name":"h_xobottle_d_blur","rect":[660,747,101,142],"offset":[-1,-13],"originalSize":[175,502],"capInsets":[0,0,0,0]}],[0],0,[0],[0],[0]],[[{"name":"h_block_d_bluecocktail_blur","rect":[132,1,95,358],"offset":[0,0],"originalSize":[175,502],"capInsets":[0,0,0,0]}],[0],0,[0],[0],[0]],[[[0,"Alats46.plist",[{},"h_block_c_shot_blur",6,0,"h_peachcocktail_c_blur",6,1,"h_block_a_xobottle_blur",6,2,"h_bluecocktail_d_blur",6,3,"h_greencocktail_a_blur",6,4,"h_xobottle_c_blur",6,5,"h_block_b_xoglass_blur",6,6,"h_greencocktail_d_blur",6,7,"l_j_blur",6,8,"l_10_blur",6,9,"l_block_b_blur",6,10,"h_block_b_bluecocktail_blur",6,11,"h_xobottle_a_blur",6,12,"h_bluecocktail_c_blur",6,13,"h_peachcocktail_b_blur",6,14,"h_peachcocktail_a_blur",6,15,"h_block_b_greencocktail_blur",6,16,"h_xoglass_c_blur",6,17,"h_xoglass_b_blur",6,18,"h_xobottle_d_blur",6,19,"s_block_gold_b_blur",6,20,"h_xoglass_a_blur",6,21,"h_block_c_greencocktail_blur",6,22,"h_block_b_shot_blur",6,23,"h_shot_d_blur",6,24,"h_block_d_xobottle_blur",6,25,"s_block_gold_d_blur",6,26,"h_block_b_peachcocktail_blur",6,27,"h_block_a_peachcocktail_blur",6,28,"h_shot_c_blur",6,29,"h_block_c_xoglass_blur",6,30,"h_block_c_bluecocktail_blur",6,31,"h_block_a_bluecocktail_blur",6,32,"h_block_c_xobottle_blur",6,33,"h_block_d_peachcocktail_blur",6,34,"h_peachcocktail_d_blur",6,35,"h_block_d_xoglass_blur",6,36,"h_greencocktail_c_blur",6,37,"h_block_a_greencocktail_blur",6,38,"h_block_d_shot_blur",6,39,"l_block_d_blur",6,40,"h_bluecocktail_b_blur",6,41,"h_block_c_peachcocktail_blur",6,42,"s_block_gold_c_blur",6,43,"l_k_blur",6,44,"h_greencocktail_b_blur",6,45,"l_q_blur",6,46,"h_block_d_greencocktail_blur",6,47,"l_block_a_blur",6,48,"h_shot_b_blur",6,49,"l_a_blur",6,50,"h_xobottle_b_blur",6,51,"h_xoglass_d_blur",6,52,"h_block_d_bluecocktail_blur",6,53,"h_shot_a_blur",6,54,"h_block_b_xobottle_blur",6,55,"h_bluecocktail_a_blur",6,56,"h_block_a_xoglass_blur",6,57,"l_block_c_blur",6,58,"s_block_gold_a_blur",6,59,"h_block_a_shot_blur",6,60]]],0,0,[0,0,0,0,0,0,0,0,0,0,0,0,0,0,0,0,0,0,0,0,0,0,0,0,0,0,0,0,0,0,0,0,0,0,0,0,0,0,0,0,0,0,0,0,0,0,0,0,0,0,0,0,0,0,0,0,0,0,0,0,0],[1,2,3,4,5,6,7,8,9,10,11,12,13,14,15,16,17,18,19,20,21,22,23,24,25,26,27,28,29,30,31,32,33,34,35,36,37,38,39,40,41,42,43,44,45,46,47,48,49,50,51,52,53,54,55,56,57,58,59,60,61],[1,2,3,4,5,6,7,8,9,10,11,12,13,14,15,16,17,18,19,20,21,22,23,24,25,26,27,28,29,30,31,32,33,34,35,36,37,38,39,40,41,42,43,44,45,46,47,48,49,50,51,52,53,54,55,56,57,58,59,60,61]],[[{"name":"h_xoglass_b_blur","rect":[480,747,87,183],"offset":[2,0],"originalSize":[175,299],"capInsets":[0,0,0,0]}],[0],0,[0],[0],[0]],[[{"name":"l_block_c_blur","rect":[389,361,93,272],"offset":[0,0],"originalSize":[175,502],"capInsets":[0,0,0,0]}],[0],0,[0],[0],[0]],[[{"name":"s_block_gold_c_blur","rect":[805,1,121,290],"offset":[-1,-9],"originalSize":[175,502],"capInsets":[0,0,0,0]}],[0],0,[0],[0],[0]],[[{"name":"h_peachcocktail_c_blur","rect":[573,577,85,168],"offset":[0,-38],"originalSize":[175,502],"capInsets":[0,0,0,0]}],[0],0,[0],[0],[0]],[[{"name":"h_block_b_shot_blur","rect":[189,747,95,189],"offset":[0,0],"originalSize":[175,299],"capInsets":[0,0,0,0]}],[0],0,[0],[0],[0]],[[{"name":"h_xoglass_c_blur","rect":[484,361,87,264],"offset":[2,0],"originalSize":[175,502],"capInsets":[0,0,0,0]}],[0],0,[0],[0],[0]],[[{"name":"h_block_a_peachcocktail_blur","rect":[747,637,95,103],"offset":[0,0],"originalSize":[175,299],"capInsets":[0,0,0,0]}],[0],0,[0],[0],[0]],[[{"name":"h_block_d_greencocktail_blur","rect":[229,1,95,358],"offset":[0,0],"originalSize":[175,502],"capInsets":[0,0,0,0]}],[0],0,[0],[0],[0]],[[{"name":"h_greencocktail_c_blur","rect":[858,293,85,194],"offset":[0,-29],"originalSize":[175,502],"capInsets":[0,0,0,0]}],[0],0,[0],[0],[0]],[[{"name":"h_block_c_greencocktail_blur","rect":[1025,1,95,274],"offset":[0,0],"originalSize":[175,502],"capInsets":[0,0,0,0]}],[0],0,[0],[0],[0]],[[{"name":"h_block_c_xoglass_blur","rect":[292,361,95,274],"offset":[0,0],"originalSize":[175,502],"capInsets":[0,0,0,0]}],[0],0,[0],[0],[0]],[[{"name":"l_block_a_blur","rect":[1139,466,93,103],"offset":[0,0],"originalSize":[175,299],"capInsets":[0,0,0,0]}],[0],0,[0],[0],[0]],[[{"name":"h_greencocktail_a_blur","rect":[806,887,81,89],"offset":[-2,-3],"originalSize":[175,299],"capInsets":[0,0,0,0]}],[0],0,[0],[0],[0]],[[{"name":"s_block_gold_a_blur","rect":[945,468,117,127],"offset":[3,-6],"originalSize":[175,299],"capInsets":[0,0,0,0]}],[0],0,[0],[0],[0]],[[{"name":"h_xobottle_b_blur","rect":[1048,597,97,141],"offset":[1,-7],"originalSize":[175,299],"capInsets":[0,0,0,0]}],[0],0,[0],[0],[0]],[[{"name":"h_block_d_peachcocktail_blur","rect":[1,363,95,360],"offset":[0,0],"originalSize":[175,502],"capInsets":[0,0,0,0]}],[0],0,[0],[0],[0]],[[{"name":"h_xoglass_d_blur","rect":[710,1,93,320],"offset":[0,22],"originalSize":[175,502],"capInsets":[0,0,0,0]}],[0],0,[0],[0],[0]],[[{"name":"h_bluecocktail_d_blur","rect":[1,725,89,238],"offset":[0,-47],"originalSize":[175,502],"capInsets":[0,0,0,0]}],[0],0,[0],[0],[0]],[[{"name":"h_block_a_xobottle_blur","rect":[195,637,95,103],"offset":[0,0],"originalSize":[175,299],"capInsets":[0,0,0,0]}],[0],0,[0],[0],[0]],[[{"name":"h_greencocktail_d_blur","rect":[573,359,87,216],"offset":[0,-59],"originalSize":[175,502],"capInsets":[0,0,0,0]}],[0],0,[0],[0],[0]]]]