[1,["94UZQNrOdNQ5iVsmZ7mAEF","83DOz8LZZOx7oxbQHGKwWA","7b6XlqkM5HYLMDKmwGQcWq","5ek3NNXTFHgqQ0HcrxeNpg","1cjAMZhblKH7B06R2osYak","5cgeaW5U5OMpHOy8RXnKNU","1caclogglArYWJ42z9oYJK","2fgFyAIUdLJbGPqEsgutBt","06hOhigXNIeJGSd6BIV1Xh","6crj4ZT4NNSoYInDgIVTjW","5fnYb1PYRD3rzN9uAsiGiN","650vgATxlLzq0ogJwpjF3T","39/WwcHYRBwaI3+i779/re","a3hCEKwjZPeKfQLD54wyTD","4d2M5zLSNDx4WfjsY0fd0d","74OJOJRV1GdppQW+Yvy8Ht","984sXY+atFiI98lnDFBb3T","acyvVBYWdO0Iqz0bSQd+ii","a8Pa5580ZDjbKlb715t7On","0fkNG10q5N7YeYnLILjte/"],["_textureSetter","feature_buy_glow_screen_04","feature_buy_glow_screen_02","feature_buy_glow_screen_14","feature_buy_glow_screen_12","feature_buy_glow_screen_10","feature_buy_glow_screen_06","feature_buy_glow_screen_15","feature_buy_glow_screen_01","feature_buy_glow_screen_07","feature_buy_glow_screen_00","feature_buy_glow_screen_08","feature_buy_glow_screen_09","feature_buy_glow_screen_11","feature_buy_glow_screen_18","feature_buy_glow_screen_17","feature_buy_glow_screen_03","feature_buy_glow_screen_05","feature_buy_glow_screen_16","feature_buy_glow_screen_13"],["cc.SpriteFrame",["cc.SpriteAtlas",["_name","_spriteFrames"],2,11]],[[1,0,1,2]],[[[{"name":"feature_buy_glow_screen_01","rect":[351,97,98,82],"offset":[-28,8],"originalSize":[296,110],"capInsets":[0,0,0,0]}],[0],0,[0],[0],[0]],[[{"name":"feature_buy_glow_screen_13","rect":[551,97,92,74],"offset":[42,-8],"originalSize":[296,110],"capInsets":[0,0,0,0]}],[0],0,[0],[0],[0]],[[{"name":"feature_buy_glow_screen_06","rect":[463,1,142,94],"offset":[17,2],"originalSize":[296,110],"capInsets":[0,0,0,0]}],[0],0,[0],[0],[0]],[[{"name":"feature_buy_glow_screen_12","rect":[451,97,98,80],"offset":[39,-5],"originalSize":[296,110],"capInsets":[0,0,0,0]}],[0],0,[0],[0],[0]],[[{"name":"feature_buy_glow_screen_15","rect":[731,97,76,66],"offset":[49,-12],"originalSize":[296,110],"capInsets":[0,0,0,0]}],[0],0,[0],[0],[0]],[[{"name":"feature_buy_glow_screen_09","rect":[1,97,124,92],"offset":[26,1],"originalSize":[296,110],"capInsets":[0,0,0,0]}],[0],0,[0],[0],[0]],[[[0,"Alats13.plist",[{},"feature_buy_glow_screen_04",6,0,"feature_buy_glow_screen_02",6,1,"feature_buy_glow_screen_14",6,2,"feature_buy_glow_screen_12",6,3,"feature_buy_glow_screen_10",6,4,"feature_buy_glow_screen_06",6,5,"feature_buy_glow_screen_15",6,6,"feature_buy_glow_screen_01",6,7,"feature_buy_glow_screen_07",6,8,"feature_buy_glow_screen_00",6,9,"feature_buy_glow_screen_08",6,10,"feature_buy_glow_screen_09",6,11,"feature_buy_glow_screen_11",6,12,"feature_buy_glow_screen_18",6,13,"feature_buy_glow_screen_17",6,14,"feature_buy_glow_screen_03",6,15,"feature_buy_glow_screen_05",6,16,"feature_buy_glow_screen_16",6,17,"feature_buy_glow_screen_13",6,18]]],0,0,[0,0,0,0,0,0,0,0,0,0,0,0,0,0,0,0,0,0,0],[1,2,3,4,5,6,7,8,9,10,11,12,13,14,15,16,17,18,19],[1,2,3,4,5,6,7,8,9,10,11,12,13,14,15,16,17,18,19]],[[{"name":"feature_buy_glow_screen_18","rect":[927,133,36,28],"offset":[49,-10],"originalSize":[296,110],"capInsets":[0,0,0,0]}],[0],0,[0],[0],[0]],[[{"name":"feature_buy_glow_screen_10","rect":[127,97,114,90],"offset":[31,0],"originalSize":[296,110],"capInsets":[0,0,0,0]}],[0],0,[0],[0],[0]],[[{"name":"feature_buy_glow_screen_14","rect":[645,97,84,68],"offset":[45,-11],"originalSize":[296,110],"capInsets":[0,0,0,0]}],[0],0,[0],[0],[0]],[[{"name":"feature_buy_glow_screen_00","rect":[731,165,26,22],"offset":[-39,13],"originalSize":[296,110],"capInsets":[0,0,0,0]}],[0],0,[0],[0],[0]],[[{"name":"feature_buy_glow_screen_08","rect":[747,1,132,94],"offset":[22,2],"originalSize":[296,110],"capInsets":[0,0,0,0]}],[0],0,[0],[0],[0]],[[{"name":"feature_buy_glow_screen_07","rect":[607,1,138,94],"offset":[19,2],"originalSize":[296,110],"capInsets":[0,0,0,0]}],[0],0,[0],[0],[0]],[[{"name":"feature_buy_glow_screen_17","rect":[869,133,56,48],"offset":[52,-14],"originalSize":[296,110],"capInsets":[0,0,0,0]}],[0],0,[0],[0],[0]],[[{"name":"feature_buy_glow_screen_02","rect":[881,1,130,94],"offset":[-13,2],"originalSize":[296,110],"rotated":1,"capInsets":[0,0,0,0]}],[0],0,[0],[0],[0]],[[{"name":"feature_buy_glow_screen_04","rect":[1,1,160,94],"offset":[3,2],"originalSize":[296,110],"capInsets":[0,0,0,0]}],[0],0,[0],[0],[0]],[[{"name":"feature_buy_glow_screen_03","rect":[319,1,142,94],"offset":[-6,2],"originalSize":[296,110],"capInsets":[0,0,0,0]}],[0],0,[0],[0],[0]],[[{"name":"feature_buy_glow_screen_11","rect":[243,97,106,86],"offset":[35,-2],"originalSize":[296,110],"capInsets":[0,0,0,0]}],[0],0,[0],[0],[0]],[[{"name":"feature_buy_glow_screen_16","rect":[809,97,68,58],"offset":[51,-13],"originalSize":[296,110],"rotated":1,"capInsets":[0,0,0,0]}],[0],0,[0],[0],[0]],[[{"name":"feature_buy_glow_screen_05","rect":[163,1,154,94],"offset":[10,2],"originalSize":[296,110],"capInsets":[0,0,0,0]}],[0],0,[0],[0],[0]]]]