[1,["68wpJchLBM1K0kSHFv93av","a8NqyKV65A95Ov4WCagYB8","e178eBohhAFKaJ1otLFSZ1","d1hc71GqxBPoqzBUYSvhCw","2bJzuwcB5MRJM/VzBsiIlm","40DwG9tT9NVLP6GFaBIMdG","abzl8/nQ1AjLM/sUPvHbpT"],["_textureSetter","fb_cancel","fb_desc","fb_cost","fb_title","fb","fb_start"],["cc.SpriteFrame",["cc.SpriteAtlas",["_name","_spriteFrames"],2,11]],[[1,0,1,2]],[[[[0,"Alats54.plist",[{},"fb_cancel",6,0,"fb_desc",6,1,"fb_cost",6,2,"fb_title",6,3,"fb",6,4,"fb_start",6,5]]],0,0,[0,0,0,0,0,0],[1,2,3,4,5,6],[1,2,3,4,5,6]],[[{"name":"fb_title","rect":[1,1,509,232],"offset":[0,0],"originalSize":[509,232],"rotated":1,"capInsets":[0,0,0,0]}],[0],0,[0],[0],[0]],[[{"name":"fb","rect":[362,1,273,86],"offset":[-1,0],"originalSize":[275,88],"rotated":1,"capInsets":[0,0,0,0]}],[0],0,[0],[0],[0]],[[{"name":"fb_cancel","rect":[362,448,103,69],"offset":[0,0],"originalSize":[103,69],"capInsets":[0,0,0,0]}],[0],0,[0],[0],[0]],[[{"name":"fb_start","rect":[450,1,194,57],"offset":[0,0],"originalSize":[194,57],"rotated":1,"capInsets":[0,0,0,0]}],[0],0,[0],[0],[0]],[[{"name":"fb_cost","rect":[362,276,170,83],"offset":[0,0],"originalSize":[170,83],"rotated":1,"capInsets":[0,0,0,0]}],[0],0,[0],[0],[0]],[[{"name":"fb_desc","rect":[235,1,469,125],"offset":[0,0],"originalSize":[469,125],"rotated":1,"capInsets":[0,0,0,0]}],[0],0,[0],[0],[0]]]]