[1,["ecpdLyjvZBwrvm+cedCcQy","ecKg18b4pK36Tq/oGtLVEH","1dIj2JietDDo98yHqUBYbv","1es3ok0k1CCZ+IE8rv8GMe","b0NYtziYZGSLvtlmGBjjRf","0d3LwyPP9DPpvqbaLb/7PB","49VVei7HdMcKq3aXUgQQla","96dwyGRfJLULTP5a47YYJX","4d3xI6HYpHvI1/LnFKLqRO","7a/QZLET9IDreTiBfRn2PD"],["node","_spriteFrame","_defaultClip","root","data"],[["cc.Node",["_name","_active","_components","_prefab","_contentSize","_parent","_trs","_children"],1,9,4,5,1,7,2],["cc.Sprite",["_dstBlendFactor","_isTrimmedMode","_sizeMode","_type","node","_materials","_spriteFrame"],-1,1,3,6],["cc.PrefabInfo",["fileId","root","asset"],2,1,1],["cc.AnimationClip",["_name","_duration","sample","curveData"],-1],["cc.Prefab",["_name"],2],["cc.Animation",["playOnLoad","node","_clips","_defaultClip"],2,1,3,6],["9dab7hWY5RCSIXqKYlBqqSS",["node"],3,1],["sp.Skeleton",["node","_materials"],3,1,3]],[[2,0,1,2,2],[0,0,5,2,3,4,6,2],[1,0,2,1,4,5,6,4],[5,0,1,2,3,2],[3,0,1,2,3,5],[4,0,2],[0,0,7,2,3,4,6,2],[0,0,5,2,3,4,2],[0,0,1,5,2,3,4,3],[0,0,1,5,2,3,3],[6,0,1],[2,1,2,1],[1,0,4,5,6,2],[1,0,3,2,1,4,5,6,5],[1,1,4,5,2],[7,0,1,1]],[[[[4,"TakeSymbol4",0.275,40,{"paths":{"wh_vfx_d_screen_04":{"props":{"opacity":[{"frame":0,"value":0},{"frame":0.25,"value":255}]}},"gfs_vfx_a_screen_00":{"comps":{"cc.Sprite":{"spriteFrame":[{"frame":0,"value":null}]}}},"wh_vfx_f_add_01_01":{"props":{"opacity":[{"frame":0,"value":0},{"frame":0.25,"value":255}]}},"wh_vfx_a_screen":{"props":{"opacity":[{"frame":0,"value":0},{"frame":0.25,"value":255}]}},"wh_vfx_b_screen_00_up":{"props":{"opacity":[{"frame":0.025,"value":0},{"frame":0.275,"value":255}]}},"wh_vfx_b_screen_00_down":{"props":{"opacity":[{"frame":0.025,"value":0},{"frame":0.275,"value":255}]}}}}]],0,0,[],[],[]],[[[5,"TakeSymbol4"],[6,"TakeSymbol4",[-4,-5,-6,-7,-8,-9,-10,-11,-12],[[3,true,-2,[21],20],[10,-3]],[11,-1,0],[5,175,660],[0,0,0,0,0,0,1,0.666667,0.666667,1]],[1,"wh_vfx_b_screen_00_up",1,[[2,1,2,false,-13,[10],11],[3,true,-14,[13],12]],[0,"70ZpFMYGxGzZ6YEgmPwnAI",1,0],[5,175,140],[0,262.218,0,0,0,0,1,1.45,1.45,1]],[1,"wh_vfx_b_screen_00_down",1,[[2,1,2,false,-15,[14],15],[3,true,-16,[17],16]],[0,"4dhs4sVthBLq8+lxKrhhuu",1,0],[5,175,140],[0,-262.218,0,0,0,0,1,1.45,-1.45,1]],[1,"wh_vfx_d_screen_04",1,[[12,1,-17,[0],1]],[0,"6bMYs8MBdCvZmoShrwNRLn",1,0],[5,175,350],[0,0,0,0,0,0,1,1.5,1.8,1]],[7,"gfs_vfx_a_screen_00",1,[[2,1,2,false,-18,[2],3]],[0,"51nFMs0SNLvpl3qpqIk3f5",1,0],[5,324,510]],[1,"wh_vfx_f_add_01_01",1,[[2,1,2,false,-19,[4],5]],[0,"daS1YQMqNKQbOsO+9xYZJI",1,0],[5,210,560],[0,0,0,0,0,0,1,1.35,1.35,1]],[1,"wh_vfx_a_screen",1,[[13,1,1,0,false,-20,[6],7]],[0,"45smt3I2JMdL9BjXijxaHP",1,0],[5,389.469974,903.620782],[-0.561,0.3285,0,0,0,0,1,1,1,1]],[1,"wh_particle_add_02_00",1,[[2,1,2,false,-21,[8],9]],[0,"51p2Re4ltBcpI4qhsGaF8T",1,0],[5,150,250],[0,0,0,0,0,0,1,1.3,1.3,1]],[8,"item",false,1,[[14,false,-22,[18]]],[0,"26s6TIMjlB+bFZ5p8Vjq/d",1,0],[5,40,36]],[9,"spine",false,1,[[15,-23,[19]]],[0,"38hE6woj1Nkr1fia+Xok9P",1,0]]],0,[0,3,1,0,0,1,0,0,1,0,-1,4,0,-2,5,0,-3,6,0,-4,7,0,-5,8,0,-6,2,0,-7,3,0,-8,9,0,-9,10,0,0,2,0,0,2,0,0,3,0,0,3,0,0,4,0,0,5,0,0,6,0,0,7,0,0,8,0,0,9,0,0,10,0,4,1,23],[0,0,0,0,0,0,0,0,0,0,0,0,0,0,0,0,0,0,0,0,0,0],[-1,1,-1,1,-1,1,-1,1,-1,1,-1,1,2,-1,-1,1,2,-1,-1,-1,2,-1],[0,4,0,5,0,6,0,7,0,8,0,2,1,1,0,2,1,1,0,9,3,3]]]]