[1,["a3n/m9aeVAp6DGUbFouJaT","a30x6+B41L96HqZV7ryvTy","99os+x/StAYriIBDKnvMBV","89D2mtn9pNmryB/jKN4YQ8","21HNZBbARMZIxo4HYbFhjv","80VTkjW6dJiJIsIkjXc+5Q","22FTpE2/9CioBL5dMSqrNT"],["_textureSetter","sb_arrow_grey","sb_arrow","sb_arrow_grey_blur","sb_auto","sb_arrow_blur","sb_button"],["cc.SpriteFrame",["cc.SpriteAtlas",["_name","_spriteFrames"],2,11]],[[1,0,1,2]],[[[[0,"Alats67.plist",[{},"sb_arrow_grey",6,0,"sb_arrow",6,1,"sb_arrow_grey_blur",6,2,"sb_auto",6,3,"sb_arrow_blur",6,4,"sb_button",6,5]]],0,0,[0,0,0,0,0,0],[1,2,3,4,5,6],[1,2,3,4,5,6]],[[{"name":"sb_arrow_grey_blur","rect":[347,145,135,142],"offset":[0,0],"originalSize":[135,142],"capInsets":[0,0,0,0]}],[0],0,[0],[0],[0]],[[{"name":"sb_arrow_grey","rect":[210,145,135,142],"offset":[0,0],"originalSize":[135,142],"capInsets":[0,0,0,0]}],[0],0,[0],[0],[0]]]]