[1,["6c3wTuWOBGb7o6H0sV0ZqH","49VF8f50FE264yy0nn1Nur","9dYYP7MKRAso9qyn1XTyJu","6aA0fVtIZOWpgq0j7y1zbP","34BbXi7JRCMIvvGTjTiXPz","4ayqLr2KFAjrxd9xzLXkz0","846t2LlWNI47Iudqf0+Cet","53Nock+TREHaNE1d2U3J5W","61BN4AQltBv5aBlUnUoOVq","b1ziYRfiNLqa3OJGpwxc56","e0AcKC8Z1KrYfTg9sJtq/R","3dFC3lVfpA1oSiI+oK8jKt","efN8z4crJNvqIbXO7JVqzi","c5FFJpDKlLqYFE2LURL5eS","0fUdnkSslGkI7ema5NW2mF","f1mS9AZrNC5qhhsH7jg8dK","15qNuSlh1J4b743mUzBeYt","bcT+eZS/ZOSKon8BApMpGv","72iU90AGtBbbBUO/vQnsVY","26vS6VNIBJpbCocAAumcmn","55QsYgZU1HfLCPu33o5hi5","1dWo/3+hdPGaeI4obDtY2q","82HsSvH7lHG4juTef8SvtE","78Bu0W9GpOt5ExhL1Z5oJM","cd7+tHQ1dDTIuRoLItUqtY"],["_textureSetter","bw_vfx_f_screen_02_11","bw_vfx_f_screen_02_01","bw_vfx_f_screen_02_23","bw_vfx_f_screen_02_03","bw_vfx_f_screen_02_05","bw_vfx_f_screen_02_08","bw_vfx_f_screen_02_17","bw_vfx_f_screen_02_14","bw_vfx_f_screen_02_16","bw_vfx_f_screen_02_07","bw_vfx_f_screen_02_02","bw_vfx_f_screen_02_22","bw_vfx_f_screen_02_00","bw_vfx_f_screen_02_21","bw_vfx_f_screen_02_10","bw_vfx_f_screen_02_12","bw_vfx_f_screen_02_04","bw_vfx_f_screen_02_06","bw_vfx_f_screen_02_13","bw_vfx_f_screen_02_19","bw_vfx_f_screen_02_20","bw_vfx_f_screen_02_15","bw_vfx_f_screen_02_09","bw_vfx_f_screen_02_18"],["cc.SpriteFrame",["cc.SpriteAtlas",["_name","_spriteFrames"],2,11]],[[1,0,1,2]],[[[{"name":"bw_vfx_f_screen_02_21","rect":[475,685,148,326],"offset":[15,-5],"originalSize":[180,450],"capInsets":[0,0,0,0]}],[0],0,[0],[0],[0]],[[{"name":"bw_vfx_f_screen_02_12","rect":[931,669,126,292],"offset":[10,16],"originalSize":[180,450],"rotated":1,"capInsets":[0,0,0,0]}],[0],0,[0],[0],[0]],[[{"name":"bw_vfx_f_screen_02_20","rect":[325,685,148,326],"offset":[15,-5],"originalSize":[180,450],"capInsets":[0,0,0,0]}],[0],0,[0],[0],[0]],[[{"name":"bw_vfx_f_screen_02_13","rect":[931,797,126,292],"offset":[10,16],"originalSize":[180,450],"rotated":1,"capInsets":[0,0,0,0]}],[0],0,[0],[0],[0]],[[{"name":"bw_vfx_f_screen_02_03","rect":[799,335,140,332],"offset":[19,36],"originalSize":[180,450],"capInsets":[0,0,0,0]}],[0],0,[0],[0],[0]],[[{"name":"bw_vfx_f_screen_02_02","rect":[815,1,138,332],"offset":[20,36],"originalSize":[180,450],"capInsets":[0,0,0,0]}],[0],0,[0],[0],[0]],[[{"name":"bw_vfx_f_screen_02_11","rect":[955,1,130,306],"offset":[5,23],"originalSize":[180,450],"capInsets":[0,0,0,0]}],[0],0,[0],[0],[0]],[[{"name":"bw_vfx_f_screen_02_05","rect":[663,1,150,332],"offset":[14,36],"originalSize":[180,450],"capInsets":[0,0,0,0]}],[0],0,[0],[0],[0]],[[{"name":"bw_vfx_f_screen_02_17","rect":[179,1,170,342],"offset":[4,3],"originalSize":[180,450],"capInsets":[0,0,0,0]}],[0],0,[0],[0],[0]],[[{"name":"bw_vfx_f_screen_02_19","rect":[1,693,160,316],"offset":[9,-10],"originalSize":[180,450],"capInsets":[0,0,0,0]}],[0],0,[0],[0],[0]],[[{"name":"bw_vfx_f_screen_02_14","rect":[1089,305,128,294],"offset":[-3,17],"originalSize":[180,450],"capInsets":[0,0,0,0]}],[0],0,[0],[0],[0]],[[{"name":"bw_vfx_f_screen_02_23","rect":[317,345,172,338],"offset":[-4,1],"originalSize":[180,450],"capInsets":[0,0,0,0]}],[0],0,[0],[0],[0]],[[{"name":"bw_vfx_f_screen_02_06","rect":[781,669,148,332],"offset":[15,36],"originalSize":[180,450],"capInsets":[0,0,0,0]}],[0],0,[0],[0],[0]],[[{"name":"bw_vfx_f_screen_02_09","rect":[625,669,154,332],"offset":[12,36],"originalSize":[180,450],"capInsets":[0,0,0,0]}],[0],0,[0],[0],[0]],[[{"name":"bw_vfx_f_screen_02_15","rect":[941,335,146,306],"offset":[2,23],"originalSize":[180,450],"capInsets":[0,0,0,0]}],[0],0,[0],[0],[0]],[[{"name":"bw_vfx_f_screen_02_08","rect":[507,1,154,332],"offset":[12,36],"originalSize":[180,450],"capInsets":[0,0,0,0]}],[0],0,[0],[0],[0]],[[{"name":"bw_vfx_f_screen_02_01","rect":[491,335,154,332],"offset":[12,36],"originalSize":[180,450],"capInsets":[0,0,0,0]}],[0],0,[0],[0],[0]],[[{"name":"bw_vfx_f_screen_02_16","rect":[163,693,160,306],"offset":[-1,23],"originalSize":[180,450],"capInsets":[0,0,0,0]}],[0],0,[0],[0],[0]],[[{"name":"bw_vfx_f_screen_02_04","rect":[647,335,150,332],"offset":[14,36],"originalSize":[180,450],"capInsets":[0,0,0,0]}],[0],0,[0],[0],[0]],[[{"name":"bw_vfx_f_screen_02_00","rect":[351,1,154,332],"offset":[12,36],"originalSize":[180,450],"capInsets":[0,0,0,0]}],[0],0,[0],[0],[0]],[[{"name":"bw_vfx_f_screen_02_18","rect":[1,1,176,344],"offset":[2,4],"originalSize":[180,450],"capInsets":[0,0,0,0]}],[0],0,[0],[0],[0]],[[{"name":"bw_vfx_f_screen_02_07","rect":[161,347,154,344],"offset":[12,29],"originalSize":[180,450],"capInsets":[0,0,0,0]}],[0],0,[0],[0],[0]],[[{"name":"bw_vfx_f_screen_02_22","rect":[1,347,158,344],"offset":[3,4],"originalSize":[180,450],"capInsets":[0,0,0,0]}],[0],0,[0],[0],[0]],[[{"name":"bw_vfx_f_screen_02_10","rect":[1089,1,132,302],"offset":[-2,21],"originalSize":[180,450],"capInsets":[0,0,0,0]}],[0],0,[0],[0],[0]],[[[0,"Alats30.plist",[{},"bw_vfx_f_screen_02_11",6,0,"bw_vfx_f_screen_02_01",6,1,"bw_vfx_f_screen_02_23",6,2,"bw_vfx_f_screen_02_03",6,3,"bw_vfx_f_screen_02_05",6,4,"bw_vfx_f_screen_02_08",6,5,"bw_vfx_f_screen_02_17",6,6,"bw_vfx_f_screen_02_14",6,7,"bw_vfx_f_screen_02_16",6,8,"bw_vfx_f_screen_02_07",6,9,"bw_vfx_f_screen_02_02",6,10,"bw_vfx_f_screen_02_22",6,11,"bw_vfx_f_screen_02_00",6,12,"bw_vfx_f_screen_02_21",6,13,"bw_vfx_f_screen_02_10",6,14,"bw_vfx_f_screen_02_12",6,15,"bw_vfx_f_screen_02_04",6,16,"bw_vfx_f_screen_02_06",6,17,"bw_vfx_f_screen_02_13",6,18,"bw_vfx_f_screen_02_19",6,19,"bw_vfx_f_screen_02_20",6,20,"bw_vfx_f_screen_02_15",6,21,"bw_vfx_f_screen_02_09",6,22,"bw_vfx_f_screen_02_18",6,23]]],0,0,[0,0,0,0,0,0,0,0,0,0,0,0,0,0,0,0,0,0,0,0,0,0,0,0],[1,2,3,4,5,6,7,8,9,10,11,12,13,14,15,16,17,18,19,20,21,22,23,24],[1,2,3,4,5,6,7,8,9,10,11,12,13,14,15,16,17,18,19,20,21,22,23,24]]]]