[1,["c5ZksOZwtFkoVnFLCoj64A"],["value"],[["cc.AnimationClip",["_name","_duration","curveData"],1,11]],[[0,0,1,2,3]],[[0,"BotleNormal",0.016666666666666666,[{},"paths",11,[{"multi_vfx_c_screen":{"props":{"active":[{"frame":0,"value":false}]}},"ReadyState":{"props":{"active":[{"frame":0,"value":true}]}},"multi_vfx_d_screen_00":{"props":{"active":[{"frame":0,"value":false}]}},"multi_vfx_f_screen_00":{"props":{"active":[{"frame":0,"value":false}]}},"multi_vfx_a_screen_00":{"props":{"active":[{"frame":0,"value":false}]}},"PrepareState":{"props":{"active":[{"frame":0,"value":false}]}}},"ReadyState/multi_bottle",11,[{},"comps",11,[{},"cc.Sprite",11,[{},"spriteFrame",12,[[[{"frame":0},"value",6,0]],11]]]]]]]],0,0,[0],[0],[0]]