[
  1,
  [
    "f2bUempchOqZfhdTz01e3r"
  ],
  0,
  [
    [
      "sp.SkeletonData",
      [
        "_name",
        "_atlasText",
        "textureNames",
        "_skeletonJson",
        "textures"
      ],
      -1,
      3
    ]
  ],
  [
    [
      0,
      0,
      1,
      2,
      3,
      4,
      5
    ]
  ],
  [
    [
      0,
      "Fish_4",
      "\r\n1999_Fish.png\r\nsize: 1825,1286\r\nformat: RGBA8888\r\nfilter: Linear,Linear\r\nrepeat: none\r\n4_x6/body1\r\n  rotate: false\r\n  xy: 1692, 2\r\n  size: 45, 88\r\n  orig: 45, 89\r\n  offset: 0, 1\r\n  index: -1\r\n4_x6/body1 Shadow\r\n  rotate: true\r\n  xy: 1681, 492\r\n  size: 45, 135\r\n  orig: 45, 135\r\n  offset: 0, 0\r\n  index: -1\r\n4_x6/duoi1\r\n  rotate: true\r\n  xy: 1494, 326\r\n  size: 10, 100\r\n  orig: 10, 100\r\n  offset: 0, 0\r\n  index: -1\r\n4_x6/vay1\r\n  rotate: true\r\n  xy: 1826, 16\r\n  size: 21, 28\r\n  orig: 21, 29\r\n  offset: 0, 1\r\n  index: -1\r\n4_x6/vay1 Shadow\r\n  rotate: false\r\n  xy: 1094, 737\r\n  size: 21, 28\r\n  orig: 21, 29\r\n  offset: 0, 1\r\n  index: -1\r\n",
      [
        "1999_Fish.png"
      ],
      {
        "skeleton": {
          "hash": "qCMhhGJbKzZypgYXeZRamz5uhyU",
          "spine": "3.7.94",
          "width": 96.07,
          "height": 63.31
        },
        "bones": [
          {
            "name": "root"
          },
          {
            "name": "Scale",
            "parent": "root",
            "rotation": -90,
            "scaleX": 0.454,
            "scaleY": 0.45
          },
          {
            "name": "bone3",
            "parent": "Scale",
            "length": 31.84,
            "rotation": -88.64,
            "x": -4.27,
            "y": 68.18
          },
          {
            "name": "bone2",
            "parent": "bone3",
            "length": 19.72,
            "rotation": 176.42,
            "x": -16.3,
            "y": 0.01
          },
          {
            "name": "bone4",
            "parent": "bone3",
            "length": 34.87,
            "rotation": -1.99,
            "x": 32.21,
            "y": -0.39
          },
          {
            "name": "bone5",
            "parent": "bone4",
            "length": 20.09,
            "rotation": 0.62,
            "x": 38.64,
            "y": 1.56
          },
          {
            "name": "bone6",
            "parent": "bone4",
            "length": 25.07,
            "rotation": -0.43,
            "x": 9.19,
            "y": 1.12
          },
          {
            "name": "bone7",
            "parent": "bone6",
            "length": 28.52,
            "rotation": 3.47,
            "x": 25.07
          },
          {
            "name": "bone8",
            "parent": "bone7",
            "length": 21.85,
            "rotation": 2.74,
            "x": 31.84,
            "y": 1.41
          },
          {
            "name": "bone9",
            "parent": "bone8",
            "length": 25.53,
            "rotation": 4,
            "x": 24.38,
            "y": 0.49
          },
          {
            "name": "bone10",
            "parent": "bone9",
            "length": 21.17,
            "rotation": 0.49,
            "x": 27.14,
            "y": -0.24
          },
          {
            "name": "bone11",
            "parent": "bone3",
            "length": 22.67,
            "rotation": 53.02,
            "x": 18.42,
            "y": 34.43
          },
          {
            "name": "bone12",
            "parent": "bone11",
            "length": 17.12,
            "rotation": -30.7,
            "x": 23.53,
            "y": -0.73
          },
          {
            "name": "bone13",
            "parent": "bone3",
            "length": 22.67,
            "rotation": -58.04,
            "x": 18.24,
            "y": -31.78,
            "scaleY": -1
          },
          {
            "name": "bone14",
            "parent": "bone13",
            "length": 17.12,
            "rotation": -30.7,
            "x": 23.53,
            "y": -0.73
          },
          {
            "name": "bone15",
            "parent": "bone3",
            "length": 8.77,
            "rotation": -57,
            "x": -9.03,
            "y": -0.2
          },
          {
            "name": "Shadow",
            "parent": "bone3",
            "rotation": 88.62,
            "x": 34.17,
            "y": 2.22
          },
          {
            "name": "bone16",
            "parent": "bone3",
            "length": 22.67,
            "rotation": 53.01,
            "x": 31.93,
            "y": 48.3,
            "scaleX": 0.806,
            "scaleY": 0.806
          },
          {
            "name": "bone17",
            "parent": "bone16",
            "length": 17.12,
            "rotation": -30.7,
            "x": 23.53,
            "y": -0.73
          }
        ],
        "slots": [
          {
            "name": "body1 Shadow",
            "bone": "Shadow",
            "attachment": "4_x6/body1 Shadow"
          },
          {
            "name": "Fin Right Shadow",
            "bone": "bone16",
            "attachment": "4_x6/vay1 Shadow"
          },
          {
            "name": "Fin Left Shadow",
            "bone": "Shadow",
            "attachment": "4_x6/vay1 Shadow"
          },
          {
            "name": "vay1",
            "bone": "bone11",
            "attachment": "4_x6/vay1"
          },
          {
            "name": "vay2",
            "bone": "bone13",
            "attachment": "4_x6/vay1"
          },
          {
            "name": "body1",
            "bone": "bone3",
            "attachment": "4_x6/body1"
          },
          {
            "name": "duoi1",
            "bone": "bone6",
            "attachment": "4_x6/duoi1"
          }
        ],
        "skins": {
          "default": {
            "Fin Left Shadow": {
              "4_x6/vay1 Shadow": {
                "type": "mesh",
                "color": "ffffffb4",
                "hull": 19,
                "uvs": [
                  0.2666,
                  0,
                  0.50466,
                  0.05555,
                  0.73018,
                  0.13273,
                  0.8513,
                  0.21607,
                  1,
                  0.34264,
                  1,
                  0.55872,
                  1,
                  0.77481,
                  0.94318,
                  0.91681,
                  0.85548,
                  1,
                  0.46289,
                  1,
                  0.40604,
                  0.88412,
                  0.35848,
                  0.78716,
                  0.28748,
                  0.6359,
                  0.22066,
                  0.52168,
                  0.10372,
                  0.38277,
                  0.03689,
                  0.29633,
                  0,
                  0.2809,
                  0,
                  0.09877,
                  0,
                  0
                ],
                "triangles": [
                  11,
                  12,
                  3,
                  11,
                  4,
                  5,
                  6,
                  11,
                  5,
                  10,
                  11,
                  6,
                  7,
                  10,
                  6,
                  8,
                  9,
                  10,
                  7,
                  8,
                  10,
                  17,
                  18,
                  0,
                  15,
                  16,
                  17,
                  0,
                  15,
                  17,
                  14,
                  15,
                  0,
                  14,
                  0,
                  1,
                  13,
                  14,
                  1,
                  13,
                  1,
                  2,
                  11,
                  3,
                  4,
                  12,
                  13,
                  2,
                  12,
                  2,
                  3
                ],
                "vertices": [
                  1,
                  13,
                  -7.55,
                  0.66,
                  1,
                  1,
                  13,
                  1.06,
                  3.41,
                  1,
                  1,
                  13,
                  9.91,
                  5.01,
                  1,
                  2,
                  13,
                  15.83,
                  4.18,
                  0.99141,
                  14,
                  -9.12,
                  0.29,
                  0.00859,
                  2,
                  13,
                  23.79,
                  2.17,
                  0.75137,
                  14,
                  -1.26,
                  2.63,
                  0.24863,
                  2,
                  13,
                  29.86,
                  -6.57,
                  0.11678,
                  14,
                  8.42,
                  -1.79,
                  0.88322,
                  1,
                  14,
                  18.11,
                  -6.21,
                  1,
                  1,
                  14,
                  23.63,
                  -11,
                  1,
                  1,
                  14,
                  26.06,
                  -15.61,
                  1,
                  1,
                  14,
                  20.26,
                  -28.62,
                  1,
                  2,
                  13,
                  21.4,
                  -32.19,
                  0.00284,
                  14,
                  14.23,
                  -28.14,
                  0.99716,
                  2,
                  13,
                  17.27,
                  -29.26,
                  0.03231,
                  14,
                  9.18,
                  -27.73,
                  0.96769,
                  2,
                  13,
                  10.92,
                  -24.63,
                  0.24345,
                  14,
                  1.36,
                  -26.99,
                  0.75655,
                  2,
                  13,
                  5.73,
                  -21.41,
                  0.58876,
                  14,
                  -4.75,
                  -26.86,
                  0.41124,
                  2,
                  13,
                  -1.63,
                  -18.24,
                  0.92082,
                  14,
                  -12.7,
                  -27.9,
                  0.07918,
                  2,
                  13,
                  -6.04,
                  -16.14,
                  0.98692,
                  14,
                  -17.56,
                  -28.35,
                  0.01308,
                  2,
                  13,
                  -7.57,
                  -16.29,
                  0.99298,
                  14,
                  -18.79,
                  -29.25,
                  0.00702,
                  1,
                  13,
                  -12.68,
                  -8.92,
                  1,
                  1,
                  13,
                  -15.45,
                  -4.93,
                  1
                ]
              }
            },
            "Fin Right Shadow": {
              "4_x6/vay1 Shadow": {
                "type": "mesh",
                "color": "ffffffb4",
                "hull": 19,
                "uvs": [
                  0.2666,
                  0,
                  0.50466,
                  0.05555,
                  0.73018,
                  0.13273,
                  0.8513,
                  0.21607,
                  1,
                  0.34264,
                  1,
                  0.55872,
                  1,
                  0.77481,
                  0.94318,
                  0.91681,
                  0.85548,
                  1,
                  0.46289,
                  1,
                  0.40604,
                  0.88412,
                  0.35848,
                  0.78716,
                  0.28748,
                  0.6359,
                  0.22066,
                  0.52168,
                  0.10372,
                  0.38277,
                  0.03689,
                  0.29633,
                  0,
                  0.2809,
                  0,
                  0.09877,
                  0,
                  0
                ],
                "triangles": [
                  11,
                  12,
                  3,
                  11,
                  4,
                  5,
                  6,
                  11,
                  5,
                  10,
                  11,
                  6,
                  7,
                  10,
                  6,
                  8,
                  9,
                  10,
                  7,
                  8,
                  10,
                  17,
                  18,
                  0,
                  15,
                  16,
                  17,
                  0,
                  15,
                  17,
                  14,
                  15,
                  0,
                  14,
                  0,
                  1,
                  13,
                  14,
                  1,
                  13,
                  1,
                  2,
                  11,
                  3,
                  4,
                  12,
                  13,
                  2,
                  12,
                  2,
                  3
                ],
                "vertices": [
                  1,
                  17,
                  -0.56,
                  15.61,
                  1,
                  1,
                  17,
                  7.5,
                  18.24,
                  1,
                  2,
                  17,
                  15.81,
                  19.82,
                  0.99843,
                  18,
                  -17.14,
                  13.73,
                  0.00157,
                  2,
                  17,
                  21.39,
                  19.1,
                  0.92666,
                  18,
                  -11.97,
                  15.96,
                  0.07334,
                  2,
                  17,
                  28.89,
                  17.31,
                  0.62822,
                  18,
                  -4.61,
                  18.25,
                  0.37178,
                  2,
                  17,
                  34.68,
                  9.23,
                  0.13804,
                  18,
                  4.49,
                  14.26,
                  0.86196,
                  2,
                  17,
                  40.46,
                  1.15,
                  0.00059,
                  18,
                  13.6,
                  10.27,
                  0.99941,
                  1,
                  18,
                  18.8,
                  5.88,
                  1,
                  1,
                  18,
                  21.11,
                  1.61,
                  1,
                  1,
                  18,
                  15.75,
                  -10.61,
                  1,
                  1,
                  18,
                  10.09,
                  -10.24,
                  1,
                  2,
                  17,
                  23.06,
                  -12.01,
                  0.00598,
                  18,
                  5.36,
                  -9.93,
                  0.99402,
                  2,
                  17,
                  17.05,
                  -7.76,
                  0.16054,
                  18,
                  -1.98,
                  -9.35,
                  0.83946,
                  2,
                  17,
                  12.14,
                  -4.81,
                  0.53879,
                  18,
                  -7.71,
                  -9.32,
                  0.46121,
                  2,
                  17,
                  5.19,
                  -1.93,
                  0.92986,
                  18,
                  -15.16,
                  -10.39,
                  0.07014,
                  2,
                  17,
                  1.03,
                  -0.02,
                  0.99275,
                  18,
                  -19.71,
                  -10.88,
                  0.00725,
                  2,
                  17,
                  -0.41,
                  -0.18,
                  0.99745,
                  18,
                  -20.87,
                  -11.74,
                  0.00255,
                  1,
                  17,
                  -5.29,
                  6.63,
                  1,
                  1,
                  17,
                  -7.93,
                  10.33,
                  1
                ]
              }
            },
            "body1": {
              "4_x6/body1": {
                "type": "mesh",
                "hull": 29,
                "uvs": [
                  0.49001,
                  0,
                  0.41803,
                  0,
                  0.31783,
                  0,
                  0.21241,
                  0.02956,
                  0.12105,
                  0.07621,
                  0.04374,
                  0.13004,
                  0,
                  0.21976,
                  0,
                  0.47993,
                  0.02617,
                  0.60195,
                  0.04023,
                  0.67551,
                  0.09645,
                  0.7437,
                  0.16673,
                  0.82085,
                  0.25106,
                  0.88545,
                  0.33891,
                  0.95543,
                  0.50758,
                  1,
                  0.65164,
                  0.9644,
                  0.73598,
                  0.90519,
                  0.82734,
                  0.83521,
                  0.87653,
                  0.77061,
                  0.92924,
                  0.70063,
                  0.99408,
                  0.61153,
                  1,
                  0.49996,
                  1,
                  0.36489,
                  1,
                  0.24549,
                  1,
                  0.15349,
                  0.89058,
                  0.07323,
                  0.81008,
                  0.02821,
                  0.69508,
                  0,
                  0.59542,
                  0,
                  0.29616,
                  0.05727,
                  0.20727,
                  0.11259,
                  0.16838,
                  0.21756,
                  0.0906,
                  0.37642,
                  0.20171,
                  0.53387,
                  0.3156,
                  0.67004,
                  0.33227,
                  0.82323,
                  0.47949,
                  0.93529,
                  0.47949,
                  0.11261,
                  0.50171,
                  0.64734,
                  0.48327,
                  0.20357,
                  0.48998,
                  0.36508,
                  0.49707,
                  0.53552,
                  0.77116,
                  0.08564,
                  0.7906,
                  0.18777,
                  0.93505,
                  0.35373,
                  0.89894,
                  0.4743,
                  0.71282,
                  0.79061,
                  0.8296,
                  0.53288,
                  0.73741,
                  0.65253,
                  0.48866,
                  0.77078
                ],
                "triangles": [
                  46,
                  48,
                  18,
                  49,
                  38,
                  46,
                  17,
                  46,
                  18,
                  12,
                  11,
                  35,
                  16,
                  46,
                  17,
                  36,
                  35,
                  49,
                  15,
                  36,
                  49,
                  46,
                  15,
                  49,
                  13,
                  35,
                  36,
                  12,
                  35,
                  13,
                  16,
                  15,
                  46,
                  14,
                  36,
                  15,
                  13,
                  36,
                  14,
                  7,
                  32,
                  33,
                  33,
                  40,
                  41,
                  8,
                  7,
                  33,
                  48,
                  38,
                  41,
                  47,
                  48,
                  41,
                  34,
                  33,
                  41,
                  34,
                  41,
                  38,
                  9,
                  8,
                  33,
                  10,
                  9,
                  33,
                  34,
                  10,
                  33,
                  18,
                  48,
                  19,
                  49,
                  34,
                  38,
                  46,
                  38,
                  48,
                  11,
                  10,
                  34,
                  35,
                  34,
                  49,
                  11,
                  34,
                  35,
                  23,
                  43,
                  24,
                  40,
                  39,
                  43,
                  31,
                  39,
                  40,
                  44,
                  43,
                  23,
                  44,
                  23,
                  22,
                  40,
                  43,
                  44,
                  32,
                  6,
                  31,
                  32,
                  31,
                  40,
                  44,
                  47,
                  40,
                  45,
                  44,
                  22,
                  7,
                  6,
                  32,
                  45,
                  22,
                  21,
                  45,
                  47,
                  44,
                  33,
                  32,
                  40,
                  41,
                  40,
                  47,
                  20,
                  45,
                  21,
                  47,
                  45,
                  20,
                  19,
                  47,
                  20,
                  48,
                  47,
                  19,
                  39,
                  42,
                  43,
                  29,
                  3,
                  2,
                  42,
                  27,
                  26,
                  30,
                  4,
                  3,
                  30,
                  3,
                  29,
                  37,
                  1,
                  0,
                  37,
                  0,
                  28,
                  42,
                  37,
                  28,
                  42,
                  28,
                  27,
                  29,
                  2,
                  1,
                  37,
                  29,
                  1,
                  30,
                  29,
                  37,
                  25,
                  43,
                  42,
                  25,
                  42,
                  26,
                  39,
                  37,
                  42,
                  31,
                  4,
                  30,
                  5,
                  4,
                  31,
                  39,
                  31,
                  30,
                  39,
                  30,
                  37,
                  6,
                  5,
                  31,
                  43,
                  25,
                  24
                ],
                "vertices": [
                  2,
                  3,
                  22.55,
                  -0.1,
                  0.99966,
                  1,
                  0.6,
                  30.07,
                  0.00034,
                  1,
                  3,
                  22.32,
                  5.28,
                  1,
                  3,
                  3,
                  22.07,
                  12.27,
                  0.99786,
                  1,
                  -11.73,
                  29.96,
                  0.0016,
                  2,
                  -231.16,
                  -53.61,
                  0.00053,
                  3,
                  3,
                  16.67,
                  18.6,
                  0.9596,
                  1,
                  -17.88,
                  22.91,
                  0.02376,
                  2,
                  -206.42,
                  -84.73,
                  0.01664,
                  4,
                  3,
                  7.29,
                  20.1,
                  0.84107,
                  1,
                  -18.66,
                  8.08,
                  0.08047,
                  2,
                  -160.45,
                  -96.21,
                  0.07611,
                  4,
                  -189.23,
                  -102.45,
                  0.00235,
                  4,
                  3,
                  -1.68,
                  17.8,
                  0.66451,
                  1,
                  -14.69,
                  -8.29,
                  0.1401,
                  2,
                  -109.7,
                  -89.41,
                  0.18239,
                  4,
                  -138.74,
                  -93.88,
                  0.01299,
                  4,
                  3,
                  -9.53,
                  15.24,
                  0.38479,
                  1,
                  -7.97,
                  -21.4,
                  0.1716,
                  2,
                  -47.37,
                  -61.82,
                  0.38629,
                  4,
                  -77.4,
                  -64.15,
                  0.05732,
                  4,
                  3,
                  -45.33,
                  32.14,
                  0.00398,
                  1,
                  -32.87,
                  -36.82,
                  0.01136,
                  2,
                  27.16,
                  -35.42,
                  0.32027,
                  4,
                  -3.84,
                  -35.19,
                  0.66439,
                  3,
                  1,
                  -32.8,
                  -54.78,
                  0.0001,
                  2,
                  45.27,
                  -33.9,
                  0.05655,
                  4,
                  14.21,
                  -33.04,
                  0.94335,
                  3,
                  2,
                  55.68,
                  -33.13,
                  0.00682,
                  4,
                  24.58,
                  -31.91,
                  0.98677,
                  5,
                  -14.42,
                  -33.32,
                  0.00641,
                  2,
                  4,
                  34.15,
                  -27.76,
                  0.92488,
                  5,
                  -4.81,
                  -29.27,
                  0.07512,
                  2,
                  4,
                  44.97,
                  -22.58,
                  0.65336,
                  5,
                  6.07,
                  -24.21,
                  0.34664,
                  2,
                  4,
                  54.02,
                  -16.41,
                  0.2734,
                  5,
                  15.18,
                  -18.14,
                  0.7266,
                  2,
                  4,
                  63.81,
                  -9.98,
                  0.04082,
                  5,
                  25.04,
                  -11.81,
                  0.95918,
                  1,
                  5,
                  31.33,
                  0.33,
                  1,
                  2,
                  2,
                  97.44,
                  9.91,
                  0.00001,
                  5,
                  26.31,
                  10.71,
                  0.99999,
                  3,
                  2,
                  89.24,
                  16.18,
                  0.00567,
                  4,
                  56.42,
                  18.53,
                  0.00354,
                  5,
                  17.96,
                  16.78,
                  0.9908,
                  3,
                  2,
                  79.54,
                  22.99,
                  0.04428,
                  4,
                  46.48,
                  25,
                  0.09617,
                  5,
                  8.09,
                  23.36,
                  0.85954,
                  3,
                  2,
                  70.51,
                  26.74,
                  0.12826,
                  4,
                  37.34,
                  28.44,
                  0.25764,
                  5,
                  -1.02,
                  26.9,
                  0.6141,
                  4,
                  1,
                  32.21,
                  -68.65,
                  0.00033,
                  2,
                  60.71,
                  30.77,
                  0.30151,
                  4,
                  27.4,
                  32.13,
                  0.3635,
                  5,
                  -10.91,
                  30.69,
                  0.33467,
                  4,
                  1,
                  36.79,
                  -55.35,
                  0.00563,
                  2,
                  47.86,
                  35.73,
                  0.57579,
                  4,
                  14.38,
                  36.63,
                  0.28627,
                  5,
                  -23.88,
                  35.34,
                  0.13232,
                  5,
                  3,
                  -43.96,
                  -39.21,
                  0.00052,
                  1,
                  36.69,
                  -36.66,
                  0.03335,
                  2,
                  30.05,
                  36.47,
                  0.83847,
                  4,
                  -3.44,
                  36.76,
                  0.09645,
                  5,
                  -41.7,
                  35.66,
                  0.03121,
                  5,
                  3,
                  -17.34,
                  -32.74,
                  0.04432,
                  1,
                  33.5,
                  -9.7,
                  0.13748,
                  2,
                  3.14,
                  37.47,
                  0.81602,
                  4,
                  -30.37,
                  36.82,
                  0.00131,
                  5,
                  -68.62,
                  36.01,
                  0.00087,
                  3,
                  3,
                  0.92,
                  -20.06,
                  0.22987,
                  1,
                  24.28,
                  7.73,
                  0.26125,
                  2,
                  -30.64,
                  50.49,
                  0.50888,
                  3,
                  3,
                  9.2,
                  -18.72,
                  0.44078,
                  1,
                  20.05,
                  12.77,
                  0.27485,
                  2,
                  -73.6,
                  80.5,
                  0.28437,
                  3,
                  3,
                  17.61,
                  -19.73,
                  0.68932,
                  1,
                  19.91,
                  16.78,
                  0.1996,
                  2,
                  -140.69,
                  100.61,
                  0.11108,
                  3,
                  3,
                  23.71,
                  -19.47,
                  0.83283,
                  1,
                  20.06,
                  22.72,
                  0.12613,
                  2,
                  -189.51,
                  99.96,
                  0.04104,
                  3,
                  3,
                  26.57,
                  -14.04,
                  0.93404,
                  1,
                  15.44,
                  28.46,
                  0.05878,
                  2,
                  -223.95,
                  73.29,
                  0.00718,
                  3,
                  3,
                  24.34,
                  -7.52,
                  0.97979,
                  1,
                  8.65,
                  29.66,
                  0.01999,
                  2,
                  -228.92,
                  40.85,
                  0.00022,
                  3,
                  3,
                  13.68,
                  13.15,
                  0.97613,
                  1,
                  -12.58,
                  20.61,
                  0.01494,
                  2,
                  -190.65,
                  -59.92,
                  0.00892,
                  4,
                  3,
                  4.37,
                  15.33,
                  0.82526,
                  1,
                  -12.4,
                  5.04,
                  0.09307,
                  2,
                  -139.66,
                  -72.74,
                  0.07883,
                  4,
                  -169.26,
                  -78.27,
                  0.00284,
                  4,
                  3,
                  -5.31,
                  12.23,
                  0.39911,
                  1,
                  -0.78,
                  -13.69,
                  0.20701,
                  2,
                  -53.12,
                  -44.93,
                  0.35674,
                  4,
                  -83.74,
                  -47.48,
                  0.03714,
                  4,
                  3,
                  -26.88,
                  22.6,
                  0.04882,
                  1,
                  -18.45,
                  -23.17,
                  0.05777,
                  2,
                  8.84,
                  -29.53,
                  0.57225,
                  4,
                  -22.35,
                  -29.93,
                  0.32117,
                  3,
                  1,
                  -20.09,
                  -45.09,
                  0.00091,
                  2,
                  35.92,
                  -21.04,
                  0.14449,
                  4,
                  4.42,
                  -20.51,
                  0.85461,
                  2,
                  4,
                  23.59,
                  -12.1,
                  0.9985,
                  5,
                  -15.2,
                  -13.49,
                  0.0015,
                  2,
                  4,
                  45.18,
                  -10.66,
                  0.41674,
                  5,
                  6.4,
                  -12.29,
                  0.58326,
                  2,
                  4,
                  60.86,
                  0.11,
                  0.00253,
                  5,
                  22.2,
                  -1.69,
                  0.99747,
                  2,
                  3,
                  6.63,
                  0.05,
                  1,
                  2,
                  -155.28,
                  -0.74,
                  0,
                  3,
                  2,
                  52.5,
                  0.18,
                  0.00607,
                  4,
                  20.25,
                  1.27,
                  0.99102,
                  5,
                  -18.4,
                  -0.09,
                  0.0029,
                  2,
                  3,
                  87.12,
                  45.57,
                  0.14976,
                  1,
                  3.34,
                  61.55,
                  0.85024,
                  2,
                  1,
                  0.59,
                  -21.38,
                  0.00022,
                  2,
                  12.67,
                  0.28,
                  0.99978,
                  4,
                  1,
                  1.09,
                  -45.42,
                  0.00001,
                  2,
                  36.72,
                  0.22,
                  0.06145,
                  4,
                  4.49,
                  0.76,
                  0.93841,
                  5,
                  -34.16,
                  -0.42,
                  0.00013,
                  3,
                  3,
                  16.82,
                  -15.41,
                  0.76636,
                  1,
                  17.33,
                  15.74,
                  0.16459,
                  2,
                  -149.27,
                  79.8,
                  0.06905,
                  3,
                  3,
                  10.17,
                  -9.52,
                  0.40548,
                  1,
                  16.28,
                  9.16,
                  0.30691,
                  2,
                  -68.03,
                  43.56,
                  0.2876,
                  5,
                  3,
                  -15.38,
                  -27.82,
                  0.05162,
                  1,
                  29.81,
                  -8.14,
                  0.14794,
                  2,
                  0.5,
                  32.73,
                  0.79966,
                  4,
                  -32.84,
                  32,
                  0.00036,
                  5,
                  -71.15,
                  31.22,
                  0.00043,
                  5,
                  3,
                  -39.92,
                  -31.61,
                  0.00164,
                  1,
                  29.8,
                  -32.36,
                  0.04201,
                  2,
                  25.6,
                  29.25,
                  0.87819,
                  4,
                  -7.64,
                  29.39,
                  0.06026,
                  5,
                  -45.97,
                  28.33,
                  0.0179,
                  3,
                  2,
                  73.05,
                  14.89,
                  0.04676,
                  4,
                  40.28,
                  16.69,
                  0.15614,
                  5,
                  1.8,
                  15.11,
                  0.79709,
                  4,
                  1,
                  25.1,
                  -43.26,
                  0.01506,
                  2,
                  35.77,
                  24.12,
                  0.76516,
                  4,
                  2.71,
                  24.62,
                  0.1771,
                  5,
                  -35.68,
                  23.45,
                  0.04268,
                  4,
                  1,
                  18.4,
                  -61.87,
                  0.00036,
                  2,
                  53.6,
                  17.12,
                  0.27916,
                  4,
                  20.77,
                  18.24,
                  0.5361,
                  5,
                  -17.69,
                  16.88,
                  0.18438,
                  2,
                  4,
                  37.66,
                  0.52,
                  0.25527,
                  5,
                  -0.99,
                  -1.03,
                  0.74472
                ]
              }
            },
            "body1 Shadow": {
              "4_x6/body1 Shadow": {
                "type": "mesh",
                "color": "ffffffb4",
                "hull": 16,
                "uvs": [
                  0.40234,
                  1,
                  0.4724,
                  0.87708,
                  0.41851,
                  0.76249,
                  0.37271,
                  0.62534,
                  0.1329,
                  0.49853,
                  0,
                  0.33791,
                  0,
                  0.1394,
                  0.22451,
                  0,
                  0.74184,
                  0,
                  1,
                  0.1367,
                  1,
                  0.35055,
                  0.84962,
                  0.50755,
                  0.62598,
                  0.62485,
                  0.67395,
                  0.75425,
                  0.6524,
                  0.88496,
                  0.5554,
                  1
                ],
                "triangles": [
                  6,
                  7,
                  8,
                  6,
                  8,
                  9,
                  5,
                  6,
                  9,
                  5,
                  9,
                  10,
                  11,
                  4,
                  5,
                  10,
                  11,
                  5,
                  11,
                  3,
                  4,
                  12,
                  3,
                  11,
                  2,
                  3,
                  12,
                  15,
                  1,
                  14,
                  2,
                  12,
                  13,
                  1,
                  2,
                  13,
                  14,
                  1,
                  13,
                  0,
                  1,
                  15
                ],
                "vertices": [
                  1,
                  9,
                  38.2,
                  15.97,
                  1,
                  2,
                  10,
                  -9.51,
                  20.79,
                  0.06,
                  9,
                  17.45,
                  20.47,
                  0.94,
                  1,
                  9,
                  -3.03,
                  18.36,
                  1,
                  2,
                  8,
                  -4.24,
                  14.13,
                  0.75,
                  5,
                  21.87,
                  15.87,
                  0.25,
                  2,
                  5,
                  -0.29,
                  2.33,
                  0.5,
                  6,
                  29.12,
                  2.98,
                  0.5,
                  1,
                  6,
                  1.42,
                  -6.71,
                  1,
                  1,
                  2,
                  8.33,
                  -4.98,
                  1,
                  1,
                  3,
                  -0.59,
                  -9.02,
                  1,
                  1,
                  3,
                  -0.03,
                  -38.99,
                  1,
                  1,
                  2,
                  10.39,
                  52.92,
                  1,
                  1,
                  6,
                  3.68,
                  51.23,
                  1,
                  2,
                  5,
                  2.09,
                  43.82,
                  0.5,
                  6,
                  30.74,
                  44.51,
                  0.5,
                  2,
                  8,
                  -2.58,
                  30.27,
                  0.75,
                  5,
                  22.08,
                  32.09,
                  0.25,
                  1,
                  9,
                  -1.55,
                  34.7,
                  1,
                  2,
                  10,
                  -5.96,
                  32.32,
                  0.172,
                  9,
                  20.9,
                  32.02,
                  0.828,
                  2,
                  10,
                  13.12,
                  26.36,
                  0.008,
                  9,
                  40.03,
                  26.23,
                  0.992
                ]
              }
            },
            "duoi1": {
              "4_x6/duoi1": {
                "type": "mesh",
                "hull": 40,
                "uvs": [
                  0.61414,
                  0,
                  0.57864,
                  0.04636,
                  0.57864,
                  0.10173,
                  0.6057,
                  0.13169,
                  0.63189,
                  0.16067,
                  0.72064,
                  0.22676,
                  0.76595,
                  0.26415,
                  0.80939,
                  0.29999,
                  0.85071,
                  0.34366,
                  0.88039,
                  0.37501,
                  1,
                  0.45896,
                  1,
                  0.52148,
                  1,
                  0.57685,
                  1,
                  0.61257,
                  1,
                  0.68759,
                  1,
                  0.76261,
                  1,
                  0.84299,
                  0.82714,
                  0.92158,
                  0.5769,
                  0.97423,
                  0.45439,
                  1,
                  0,
                  1,
                  0.25914,
                  0.94123,
                  0.31239,
                  0.88764,
                  0.34789,
                  0.82155,
                  0.29464,
                  0.75189,
                  0.17884,
                  0.71398,
                  0,
                  0.65544,
                  0,
                  0.59828,
                  0,
                  0.5054,
                  0,
                  0.46789,
                  0,
                  0.40895,
                  0,
                  0.34465,
                  0,
                  0.29821,
                  0,
                  0.26606,
                  0,
                  0.22319,
                  0,
                  0.16961,
                  0,
                  0.12852,
                  0.08096,
                  0.08779,
                  0.17039,
                  0.04279,
                  0.33014,
                  0
                ],
                "triangles": [
                  22,
                  23,
                  17,
                  18,
                  22,
                  17,
                  21,
                  22,
                  18,
                  19,
                  21,
                  18,
                  20,
                  21,
                  19,
                  14,
                  25,
                  13,
                  24,
                  25,
                  14,
                  24,
                  14,
                  15,
                  23,
                  24,
                  15,
                  23,
                  15,
                  16,
                  17,
                  23,
                  16,
                  28,
                  11,
                  12,
                  27,
                  28,
                  12,
                  27,
                  12,
                  13,
                  26,
                  27,
                  13,
                  25,
                  26,
                  13,
                  31,
                  7,
                  8,
                  30,
                  31,
                  8,
                  30,
                  8,
                  9,
                  29,
                  30,
                  9,
                  29,
                  9,
                  10,
                  28,
                  29,
                  10,
                  28,
                  10,
                  11,
                  1,
                  39,
                  0,
                  38,
                  39,
                  1,
                  38,
                  1,
                  2,
                  37,
                  38,
                  2,
                  37,
                  2,
                  3,
                  36,
                  37,
                  3,
                  35,
                  36,
                  3,
                  35,
                  3,
                  4,
                  34,
                  35,
                  4,
                  34,
                  4,
                  5,
                  33,
                  34,
                  5,
                  33,
                  5,
                  6,
                  32,
                  33,
                  6,
                  32,
                  6,
                  7,
                  31,
                  32,
                  7
                ],
                "vertices": [
                  1,
                  6,
                  -26.22,
                  2.2,
                  1,
                  1,
                  6,
                  -18.84,
                  1.77,
                  1,
                  1,
                  6,
                  -10.03,
                  1.93,
                  1,
                  1,
                  6,
                  -5.28,
                  2.45,
                  1,
                  1,
                  6,
                  -0.68,
                  2.95,
                  1,
                  1,
                  6,
                  9.8,
                  4.56,
                  1,
                  1,
                  6,
                  15.73,
                  5.4,
                  1,
                  2,
                  6,
                  21.42,
                  6.2,
                  0.86438,
                  7,
                  -3.59,
                  6.23,
                  0.13562,
                  2,
                  6,
                  28.35,
                  6.99,
                  0.12468,
                  7,
                  3.34,
                  6.95,
                  0.87532,
                  2,
                  6,
                  33.32,
                  7.55,
                  0.00046,
                  7,
                  8.33,
                  7.47,
                  0.99954,
                  2,
                  7,
                  21.66,
                  9.49,
                  0.88516,
                  8,
                  -10.2,
                  8.06,
                  0.11484,
                  2,
                  7,
                  31.6,
                  9.57,
                  0.18302,
                  8,
                  -0.26,
                  8.16,
                  0.81698,
                  2,
                  8,
                  8.54,
                  8.25,
                  0.99994,
                  9,
                  -15.68,
                  8.07,
                  0.00006,
                  2,
                  8,
                  14.22,
                  8.31,
                  0.95816,
                  9,
                  -10,
                  8.02,
                  0.04184,
                  2,
                  8,
                  26.15,
                  8.44,
                  0.1243,
                  9,
                  1.93,
                  7.92,
                  0.8757,
                  1,
                  9,
                  13.85,
                  7.81,
                  1,
                  2,
                  9,
                  26.63,
                  7.69,
                  0.66383,
                  10,
                  -0.84,
                  7.91,
                  0.33617,
                  2,
                  9,
                  39.1,
                  4.81,
                  0.00029,
                  10,
                  11.74,
                  5.55,
                  0.99971,
                  1,
                  10,
                  20.24,
                  1.82,
                  1,
                  1,
                  10,
                  24.4,
                  0,
                  1,
                  1,
                  10,
                  24.64,
                  -7.27,
                  1,
                  1,
                  10,
                  15.16,
                  -3.43,
                  1,
                  1,
                  10,
                  6.62,
                  -2.86,
                  1,
                  2,
                  9,
                  23.13,
                  -2.71,
                  0.99122,
                  10,
                  -3.9,
                  -2.63,
                  0.00878,
                  1,
                  9,
                  12.05,
                  -3.46,
                  1,
                  2,
                  8,
                  30.48,
                  -4.66,
                  0.03747,
                  9,
                  6,
                  -5.26,
                  0.96253,
                  2,
                  8,
                  21.2,
                  -7.61,
                  0.85989,
                  9,
                  -3.33,
                  -8.04,
                  0.14011,
                  2,
                  7,
                  43.94,
                  -6.33,
                  0.00264,
                  8,
                  12.12,
                  -7.71,
                  0.99736,
                  2,
                  7,
                  29.17,
                  -6.45,
                  0.83985,
                  8,
                  -2.65,
                  -7.87,
                  0.16015,
                  1,
                  7,
                  23.21,
                  -6.5,
                  1,
                  1,
                  7,
                  13.84,
                  -6.58,
                  1,
                  2,
                  6,
                  28.75,
                  -6.62,
                  0.10455,
                  7,
                  3.61,
                  -6.66,
                  0.89545,
                  2,
                  6,
                  21.37,
                  -6.76,
                  0.8727,
                  7,
                  -3.77,
                  -6.72,
                  0.1273,
                  1,
                  6,
                  16.26,
                  -6.85,
                  1,
                  1,
                  6,
                  9.45,
                  -6.98,
                  1,
                  1,
                  6,
                  0.93,
                  -7.13,
                  1,
                  1,
                  6,
                  -5.6,
                  -7.25,
                  1,
                  1,
                  6,
                  -12.1,
                  -6.08,
                  1,
                  1,
                  6,
                  -19.28,
                  -4.78,
                  1,
                  1,
                  6,
                  -26.13,
                  -2.35,
                  1
                ]
              }
            },
            "vay1": {
              "4_x6/vay1": {
                "type": "mesh",
                "hull": 19,
                "uvs": [
                  0.2666,
                  0,
                  0.50466,
                  0.05555,
                  0.73018,
                  0.13273,
                  0.8513,
                  0.21607,
                  1,
                  0.34264,
                  1,
                  0.55872,
                  1,
                  0.77481,
                  0.94318,
                  0.91681,
                  0.85548,
                  1,
                  0.46289,
                  1,
                  0.40604,
                  0.88412,
                  0.35848,
                  0.78716,
                  0.28748,
                  0.6359,
                  0.22066,
                  0.52168,
                  0.10372,
                  0.38277,
                  0.03689,
                  0.29633,
                  0,
                  0.2809,
                  0,
                  0.09877,
                  0,
                  0
                ],
                "triangles": [
                  11,
                  12,
                  3,
                  11,
                  4,
                  5,
                  6,
                  11,
                  5,
                  10,
                  11,
                  6,
                  7,
                  10,
                  6,
                  8,
                  9,
                  10,
                  7,
                  8,
                  10,
                  17,
                  18,
                  0,
                  15,
                  16,
                  17,
                  0,
                  15,
                  17,
                  14,
                  15,
                  0,
                  14,
                  0,
                  1,
                  13,
                  14,
                  1,
                  13,
                  1,
                  2,
                  11,
                  3,
                  4,
                  12,
                  13,
                  2,
                  12,
                  2,
                  3
                ],
                "vertices": [
                  1,
                  11,
                  2.25,
                  9.25,
                  1,
                  1,
                  11,
                  10.32,
                  11.88,
                  1,
                  2,
                  11,
                  18.62,
                  13.46,
                  0.99843,
                  12,
                  -11.47,
                  9.7,
                  0.00157,
                  2,
                  11,
                  24.2,
                  12.74,
                  0.92666,
                  12,
                  -6.31,
                  11.93,
                  0.07334,
                  2,
                  11,
                  31.7,
                  10.95,
                  0.62822,
                  12,
                  1.06,
                  14.22,
                  0.37178,
                  2,
                  11,
                  37.49,
                  2.87,
                  0.13804,
                  12,
                  10.16,
                  10.23,
                  0.86196,
                  2,
                  11,
                  43.28,
                  -5.21,
                  0.00059,
                  12,
                  19.26,
                  6.24,
                  0.99941,
                  1,
                  12,
                  24.47,
                  1.84,
                  1,
                  1,
                  12,
                  26.77,
                  -2.42,
                  1,
                  1,
                  12,
                  21.41,
                  -14.65,
                  1,
                  1,
                  12,
                  15.76,
                  -14.28,
                  1,
                  2,
                  11,
                  25.88,
                  -18.37,
                  0.00598,
                  12,
                  11.02,
                  -13.97,
                  0.99402,
                  2,
                  11,
                  19.86,
                  -14.12,
                  0.16054,
                  12,
                  3.68,
                  -13.38,
                  0.83946,
                  2,
                  11,
                  14.95,
                  -11.17,
                  0.53879,
                  12,
                  -2.04,
                  -13.35,
                  0.46121,
                  2,
                  11,
                  8,
                  -8.29,
                  0.92986,
                  12,
                  -9.49,
                  -14.43,
                  0.07014,
                  2,
                  11,
                  3.84,
                  -6.38,
                  0.99275,
                  12,
                  -14.05,
                  -14.91,
                  0.00725,
                  2,
                  11,
                  2.4,
                  -6.54,
                  0.99745,
                  12,
                  -15.2,
                  -15.78,
                  0.00255,
                  1,
                  11,
                  -2.47,
                  0.27,
                  1,
                  1,
                  11,
                  -5.12,
                  3.97,
                  1
                ]
              }
            },
            "vay2": {
              "4_x6/vay1": {
                "type": "mesh",
                "hull": 19,
                "uvs": [
                  0.2666,
                  0,
                  0.50466,
                  0.05555,
                  0.73018,
                  0.13273,
                  0.8513,
                  0.21607,
                  1,
                  0.34264,
                  1,
                  0.55872,
                  1,
                  0.77481,
                  0.94318,
                  0.91681,
                  0.85548,
                  1,
                  0.46289,
                  1,
                  0.40604,
                  0.88412,
                  0.35848,
                  0.78716,
                  0.28748,
                  0.6359,
                  0.22066,
                  0.52168,
                  0.10372,
                  0.38277,
                  0.03689,
                  0.29633,
                  0,
                  0.2809,
                  0,
                  0.09877,
                  0,
                  0
                ],
                "triangles": [
                  11,
                  12,
                  3,
                  11,
                  4,
                  5,
                  6,
                  11,
                  5,
                  10,
                  11,
                  6,
                  7,
                  10,
                  6,
                  8,
                  9,
                  10,
                  7,
                  8,
                  10,
                  17,
                  18,
                  0,
                  15,
                  16,
                  17,
                  0,
                  15,
                  17,
                  14,
                  15,
                  0,
                  14,
                  0,
                  1,
                  13,
                  14,
                  1,
                  13,
                  1,
                  2,
                  11,
                  3,
                  4,
                  12,
                  13,
                  2,
                  12,
                  2,
                  3
                ],
                "vertices": [
                  1,
                  13,
                  2.25,
                  9.25,
                  1,
                  1,
                  13,
                  10.32,
                  11.88,
                  1,
                  2,
                  13,
                  18.62,
                  13.46,
                  0.99843,
                  14,
                  -11.47,
                  9.7,
                  0.00157,
                  2,
                  13,
                  24.2,
                  12.74,
                  0.92666,
                  14,
                  -6.31,
                  11.93,
                  0.07334,
                  2,
                  13,
                  31.7,
                  10.95,
                  0.62822,
                  14,
                  1.06,
                  14.22,
                  0.37178,
                  2,
                  13,
                  37.49,
                  2.87,
                  0.13804,
                  14,
                  10.16,
                  10.23,
                  0.86196,
                  2,
                  13,
                  43.28,
                  -5.21,
                  0.00059,
                  14,
                  19.26,
                  6.24,
                  0.99941,
                  1,
                  14,
                  24.47,
                  1.84,
                  1,
                  1,
                  14,
                  26.77,
                  -2.42,
                  1,
                  1,
                  14,
                  21.41,
                  -14.65,
                  1,
                  1,
                  14,
                  15.76,
                  -14.28,
                  1,
                  2,
                  13,
                  25.88,
                  -18.37,
                  0.00598,
                  14,
                  11.02,
                  -13.97,
                  0.99402,
                  2,
                  13,
                  19.86,
                  -14.12,
                  0.16054,
                  14,
                  3.68,
                  -13.38,
                  0.83946,
                  2,
                  13,
                  14.95,
                  -11.17,
                  0.53879,
                  14,
                  -2.04,
                  -13.35,
                  0.46121,
                  2,
                  13,
                  8,
                  -8.29,
                  0.92986,
                  14,
                  -9.49,
                  -14.43,
                  0.07014,
                  2,
                  13,
                  3.84,
                  -6.38,
                  0.99275,
                  14,
                  -14.05,
                  -14.91,
                  0.00725,
                  2,
                  13,
                  2.4,
                  -6.54,
                  0.99745,
                  14,
                  -15.2,
                  -15.78,
                  0.00255,
                  1,
                  13,
                  -2.47,
                  0.27,
                  1,
                  1,
                  13,
                  -5.12,
                  3.97,
                  1
                ]
              }
            }
          }
        },
        "animations": {
          "animation": {
            "bones": {
              "bone3": {
                "rotate": [
                  {
                    "time": 0,
                    "angle": 0
                  },
                  {
                    "time": 0.2,
                    "angle": 2.27
                  },
                  {
                    "time": 0.4333,
                    "angle": 0
                  },
                  {
                    "time": 0.6333,
                    "angle": -2.14
                  },
                  {
                    "time": 0.8333,
                    "angle": 0
                  }
                ]
              },
              "bone4": {
                "rotate": [
                  {
                    "time": 0,
                    "angle": -0.64
                  },
                  {
                    "time": 0.0667,
                    "angle": 0
                  },
                  {
                    "time": 0.2667,
                    "angle": 2.27
                  },
                  {
                    "time": 0.4667,
                    "angle": 0
                  },
                  {
                    "time": 0.7,
                    "angle": -2.14
                  },
                  {
                    "time": 0.8333,
                    "angle": -0.64
                  }
                ]
              },
              "bone5": {
                "rotate": [
                  {
                    "time": 0,
                    "angle": -1.28
                  },
                  {
                    "time": 0.1333,
                    "angle": 0
                  },
                  {
                    "time": 0.3333,
                    "angle": 2.27
                  },
                  {
                    "time": 0.5333,
                    "angle": 0
                  },
                  {
                    "time": 0.7667,
                    "angle": -2.14
                  },
                  {
                    "time": 0.8333,
                    "angle": -1.28
                  }
                ]
              },
              "bone11": {
                "rotate": [
                  {
                    "time": 0,
                    "angle": 0
                  },
                  {
                    "time": 0.4333,
                    "angle": -16.92
                  },
                  {
                    "time": 0.8333,
                    "angle": 0
                  }
                ],
                "translate": [
                  {
                    "time": 0,
                    "x": 0,
                    "y": 0
                  },
                  {
                    "time": 0.4333,
                    "x": -1.58,
                    "y": -2.74
                  },
                  {
                    "time": 0.8333,
                    "x": 0,
                    "y": 0
                  }
                ]
              },
              "bone12": {
                "rotate": [
                  {
                    "time": 0,
                    "angle": -4.23
                  },
                  {
                    "time": 0.1,
                    "angle": 0
                  },
                  {
                    "time": 0.5,
                    "angle": -21.16
                  },
                  {
                    "time": 0.8333,
                    "angle": -4.23
                  }
                ],
                "translate": [
                  {
                    "time": 0,
                    "x": 0,
                    "y": 0
                  },
                  {
                    "time": 0.4333,
                    "x": -0.7,
                    "y": -1.62
                  },
                  {
                    "time": 0.8333,
                    "x": 0,
                    "y": 0
                  }
                ]
              },
              "bone13": {
                "rotate": [
                  {
                    "time": 0,
                    "angle": 0
                  },
                  {
                    "time": 0.2,
                    "angle": 6.71
                  },
                  {
                    "time": 0.4333,
                    "angle": 23.04
                  },
                  {
                    "time": 0.8333,
                    "angle": 0
                  }
                ],
                "translate": [
                  {
                    "time": 0,
                    "x": 0,
                    "y": 0
                  },
                  {
                    "time": 0.4333,
                    "x": -0.75,
                    "y": 2.02
                  },
                  {
                    "time": 0.8333,
                    "x": 0,
                    "y": 0
                  }
                ]
              },
              "bone14": {
                "rotate": [
                  {
                    "time": 0,
                    "angle": 0
                  },
                  {
                    "time": 0.2,
                    "angle": 10.35
                  },
                  {
                    "time": 0.4333,
                    "angle": -19.36
                  },
                  {
                    "time": 0.8333,
                    "angle": 0
                  }
                ]
              },
              "bone17": {
                "rotate": [
                  {
                    "time": 0,
                    "angle": -4.23
                  },
                  {
                    "time": 0.1,
                    "angle": 0
                  },
                  {
                    "time": 0.5,
                    "angle": -21.16
                  },
                  {
                    "time": 0.8333,
                    "angle": -4.23
                  }
                ],
                "translate": [
                  {
                    "time": 0,
                    "x": 0,
                    "y": 0
                  },
                  {
                    "time": 0.4333,
                    "x": -0.7,
                    "y": -1.62
                  },
                  {
                    "time": 0.8333,
                    "x": 0,
                    "y": 0
                  }
                ]
              },
              "bone16": {
                "rotate": [
                  {
                    "time": 0,
                    "angle": 0
                  },
                  {
                    "time": 0.4333,
                    "angle": -16.92
                  },
                  {
                    "time": 0.8333,
                    "angle": 0
                  }
                ],
                "translate": [
                  {
                    "time": 0,
                    "x": 0,
                    "y": 0
                  },
                  {
                    "time": 0.4333,
                    "x": -1.58,
                    "y": -2.74
                  },
                  {
                    "time": 0.8333,
                    "x": 0,
                    "y": 0
                  }
                ]
              },
              "bone6": {
                "rotate": [
                  {
                    "time": 0,
                    "angle": -6.69
                  },
                  {
                    "time": 0.4333,
                    "angle": 4.13
                  },
                  {
                    "time": 0.8333,
                    "angle": -6.69
                  }
                ],
                "translate": [
                  {
                    "time": 0,
                    "x": 0,
                    "y": 0
                  },
                  {
                    "time": 0.2333,
                    "x": -0.06,
                    "y": -2.83
                  },
                  {
                    "time": 0.4333,
                    "x": -0.35,
                    "y": 1.67
                  },
                  {
                    "time": 0.6333,
                    "x": -0.25,
                    "y": 5.03
                  },
                  {
                    "time": 0.8333,
                    "x": 0,
                    "y": 0
                  }
                ]
              },
              "bone7": {
                "rotate": [
                  {
                    "time": 0,
                    "angle": -3.99
                  },
                  {
                    "time": 0.1,
                    "angle": -6.69
                  },
                  {
                    "time": 0.5333,
                    "angle": -2.03
                  },
                  {
                    "time": 0.8333,
                    "angle": -3.99
                  }
                ]
              },
              "bone8": {
                "rotate": [
                  {
                    "time": 0,
                    "angle": -1.28
                  },
                  {
                    "time": 0.2,
                    "angle": -6.69
                  },
                  {
                    "time": 0.6333,
                    "angle": 4.13
                  },
                  {
                    "time": 0.8333,
                    "angle": -1.28
                  }
                ]
              },
              "bone9": {
                "rotate": [
                  {
                    "time": 0,
                    "angle": 3.51
                  },
                  {
                    "time": 0.3,
                    "angle": -6.69
                  },
                  {
                    "time": 0.7333,
                    "angle": 6.91
                  },
                  {
                    "time": 0.8333,
                    "angle": 3.51
                  }
                ]
              },
              "bone10": {
                "rotate": [
                  {
                    "time": 0,
                    "angle": 4
                  },
                  {
                    "time": 0.1,
                    "angle": 7.21
                  },
                  {
                    "time": 0.5,
                    "angle": -6.69
                  },
                  {
                    "time": 0.8333,
                    "angle": 4
                  }
                ]
              }
            },
            "deform": {
              "default": {
                "body1": {
                  "4_x6/body1": [
                    {
                      "time": 0
                    },
                    {
                      "time": 0.2,
                      "offset": 174,
                      "vertices": [
                        -0.12791,
                        3.32752,
                        -3.32998,
                        0,
                        -0.21111,
                        -3.32328,
                        -0.12791,
                        3.32752,
                        -3.32998,
                        0,
                        -0.21111,
                        -3.32328,
                        -0.22723,
                        -3.32221,
                        -0.12791,
                        3.32752,
                        -3.32998,
                        0,
                        -0.21111,
                        -3.32328,
                        -0.22723,
                        -3.32221,
                        -0.12791,
                        3.32752,
                        -3.32998,
                        0,
                        -0.21111,
                        -3.32328,
                        -0.22723,
                        -3.32221,
                        -3.32998,
                        0,
                        -0.21111,
                        -3.32328,
                        -0.22723,
                        -3.32221,
                        -0.22723,
                        -3.32221,
                        -0.39451,
                        -3.30652,
                        -0.22723,
                        -3.32221,
                        -0.39451,
                        -3.30652,
                        -0.22723,
                        -3.32221,
                        -0.39451,
                        -3.30652,
                        -0.20044,
                        5.21313,
                        -0.33066,
                        -5.20649,
                        -0.33066,
                        -5.20649,
                        -0.35603,
                        -5.20481,
                        -0.61811,
                        -5.18024,
                        -0.20044,
                        5.21313,
                        -5.21698,
                        0,
                        -5.21698,
                        0,
                        -0.33066,
                        -5.20649,
                        -5.21698,
                        0,
                        -0.33066,
                        -5.20649,
                        -0.35603,
                        -5.20481,
                        -0.61811,
                        -5.18024,
                        -0.04687,
                        1.2201,
                        -1.22101,
                        0,
                        -0.07748,
                        -1.21854,
                        -0.04687,
                        1.2201,
                        -1.22101,
                        0,
                        -0.07748,
                        -1.21854,
                        -0.04687,
                        1.2201,
                        -1.22101,
                        0,
                        -0.07748,
                        -1.21854,
                        -0.0833,
                        -1.21816,
                        -0.14463,
                        -1.21241,
                        -0.04687,
                        1.2201,
                        -1.22101,
                        0,
                        -0.07748,
                        -1.21854,
                        -0.0833,
                        -1.21816,
                        -0.14463,
                        -1.21241,
                        -0.07748,
                        -1.21854,
                        -0.0833,
                        -1.21816,
                        -0.14463,
                        -1.21241,
                        -1.22101,
                        0,
                        -0.07748,
                        -1.21854,
                        -0.0833,
                        -1.21816,
                        -0.14463,
                        -1.21241,
                        -1.22101,
                        0,
                        -0.07748,
                        -1.21854,
                        -0.0833,
                        -1.21816,
                        -0.14463,
                        -1.21241
                      ]
                    },
                    {
                      "time": 0.4333
                    },
                    {
                      "time": 0.6333,
                      "offset": 174,
                      "vertices": [
                        0.06813,
                        -1.77468,
                        1.776,
                        0,
                        -0.0244,
                        1.77584,
                        0.12233,
                        -3.18364,
                        3.18599,
                        0,
                        -0.04355,
                        3.18571,
                        -0.25668,
                        3.17564,
                        0.12233,
                        -3.18364,
                        3.18599,
                        0,
                        -0.04355,
                        3.18571,
                        -0.25668,
                        3.17564,
                        0.12233,
                        -3.18364,
                        3.18599,
                        0,
                        -0.04355,
                        3.18571,
                        -0.25668,
                        3.17564,
                        3.18599,
                        0,
                        -0.04355,
                        3.18571,
                        -0.25668,
                        3.17564,
                        -0.25668,
                        3.17564,
                        -0.30895,
                        3.17055,
                        -0.25668,
                        3.17564,
                        -0.30895,
                        3.17055,
                        -0.15196,
                        1.76953,
                        -0.19858,
                        1.76488,
                        0.23535,
                        -6.11945,
                        -0.08299,
                        6.12342,
                        -0.08299,
                        6.12342,
                        -0.49693,
                        6.10372,
                        -0.60558,
                        6.09313,
                        0.23535,
                        -6.11945,
                        6.12397,
                        0,
                        6.12397,
                        0,
                        -0.08299,
                        6.12342,
                        6.12397,
                        0,
                        -0.08299,
                        6.12342,
                        -0.49693,
                        6.10372,
                        -0.60558,
                        6.09313,
                        0.09383,
                        -2.4402,
                        2.442,
                        0,
                        -0.0331,
                        2.44179,
                        0.17513,
                        -4.55364,
                        4.55701,
                        0,
                        -0.06183,
                        4.5566,
                        0.09383,
                        -2.4402,
                        2.442,
                        0,
                        -0.0331,
                        2.44179,
                        -0.20863,
                        2.43309,
                        -0.27283,
                        2.42672,
                        0.09383,
                        -2.4402,
                        2.442,
                        0,
                        -0.0331,
                        2.44179,
                        -0.20863,
                        2.43309,
                        -0.27283,
                        2.42672,
                        -0.04909,
                        3.61669,
                        -0.29591,
                        3.60486,
                        -0.36481,
                        3.59812,
                        4.322,
                        0,
                        -0.05865,
                        4.32161,
                        -0.3483,
                        4.30791,
                        -0.41999,
                        4.30094,
                        4.792,
                        0,
                        -0.06502,
                        4.79157,
                        -0.38318,
                        4.77661,
                        -0.45678,
                        4.7695
                      ]
                    },
                    {
                      "time": 0.8333
                    }
                  ]
                }
              }
            }
          }
        }
      },
      [
        0
      ]
    ]
  ],
  0,
  0,
  [
    0
  ],
  [
    -1
  ],
  [
    0
  ]
]