[1,["89k1qbsDpMRLtMvDUXT998","21xGJvBttM8bM1Tu0ein+w"],["spriteFrame","_textureSetter"],["cc.SpriteFrame",["cc.BitmapFont",["_name","fontSize","_fntConfig"],0]],[[1,0,1,2,4]],[[[[0,"font_spin",32,{"commonHeight":80,"fontSize":32,"atlasName":"font_spin.png","fontDefDictionary":{"9":{"xOffset":0,"yOffset":0,"xAdvance":160,"rect":{"x":0,"y":0,"width":0,"height":0}},"32":{"xOffset":0,"yOffset":0,"xAdvance":20,"rect":{"x":0,"y":0,"width":0,"height":0}},"35":{"xOffset":3,"yOffset":8,"xAdvance":160,"rect":{"x":0,"y":82,"width":162,"height":69}},"44":{"xOffset":3,"yOffset":59,"xAdvance":20,"rect":{"x":0,"y":218,"width":24,"height":31}},"46":{"xOffset":0,"yOffset":59,"xAdvance":18,"rect":{"x":48,"y":218,"width":20,"height":22}},"48":{"xOffset":0,"yOffset":17,"xAdvance":42,"rect":{"x":102,"y":152,"width":51,"height":65}},"49":{"xOffset":3,"yOffset":19,"xAdvance":25,"rect":{"x":355,"y":144,"width":50,"height":61}},"50":{"xOffset":0,"yOffset":21,"xAdvance":40,"rect":{"x":163,"y":82,"width":50,"height":60}},"51":{"xOffset":0,"yOffset":19,"xAdvance":38,"rect":{"x":307,"y":82,"width":48,"height":61}},"52":{"xOffset":-2,"yOffset":19,"xAdvance":40,"rect":{"x":257,"y":82,"width":49,"height":62}},"53":{"xOffset":-7,"yOffset":18,"xAdvance":35,"rect":{"x":154,"y":152,"width":51,"height":61}},"54":{"xOffset":0,"yOffset":19,"xAdvance":40,"rect":{"x":306,"y":145,"width":48,"height":61}},"55":{"xOffset":0,"yOffset":21,"xAdvance":37,"rect":{"x":206,"y":143,"width":50,"height":59}},"56":{"xOffset":0,"yOffset":19,"xAdvance":40,"rect":{"x":257,"y":145,"width":48,"height":61}},"57":{"xOffset":0,"yOffset":19,"xAdvance":38,"rect":{"x":328,"y":0,"width":47,"height":61}},"58":{"xOffset":3,"yOffset":39,"xAdvance":20,"rect":{"x":25,"y":214,"width":22,"height":40}},"94":{"xOffset":3,"yOffset":2,"xAdvance":325,"rect":{"x":0,"y":0,"width":327,"height":81}},"120":{"xOffset":0,"yOffset":32,"xAdvance":35,"rect":{"x":206,"y":203,"width":45,"height":49}},"8734":{"xOffset":1,"yOffset":21,"xAdvance":95,"rect":{"x":0,"y":152,"width":101,"height":61}}},"kerningDict":{}}]],0,0,[0],[0],[0]],[[{"name":"font_spin","rect":[0,0,386,254],"offset":[-63,1],"originalSize":[512,256],"capInsets":[0,0,0,0]}],[0],0,[0],[1],[1]]]]