[
  1,
  [
    "8eOmlgK/RLXJo/e7reu6JV"
  ],
  0,
  [
    [
      "sp.SkeletonData",
      [
        "_name",
        "_atlasText",
        "textureNames",
        "_skeletonJson",
        "textures"
      ],
      -1,
      3
    ]
  ],
  [
    [
      0,
      0,
      1,
      2,
      3,
      4,
      5
    ]
  ],
  [
    [
      0,
      "h_moon_atlas_symbols",
      "\nsymbols.png\nsize: 882,772\nformat: RGBA8888\nfilter: Linear,Linear\nrepeat: none\nh_globe_ball\n  rotate: false\n  xy: 771, 51\n  size: 99, 99\n  orig: 101, 103\n  offset: 1, 2\n  index: -1\nh_globe_ball_glow\n  rotate: false\n  xy: 616, 137\n  size: 135, 135\n  orig: 141, 141\n  offset: 3, 3\n  index: -1\nh_globe_ring_glow\n  rotate: false\n  xy: 2, 569\n  size: 192, 201\n  orig: 196, 205\n  offset: 2, 2\n  index: -1\nh_globe_ring_inner\n  rotate: true\n  xy: 472, 23\n  size: 113, 128\n  orig: 115, 130\n  offset: 1, 1\n  index: -1\nh_globe_ring_inner2\n  rotate: false\n  xy: 568, 421\n  size: 171, 78\n  orig: 173, 80\n  offset: 1, 1\n  index: -1\nh_globe_ring_inner2_back\n  rotate: false\n  xy: 586, 501\n  size: 175, 82\n  orig: 178, 85\n  offset: 1, 2\n  index: -1\nh_globe_ring_inner_back\n  rotate: false\n  xy: 753, 152\n  size: 105, 120\n  orig: 107, 122\n  offset: 1, 1\n  index: -1\nh_globe_ring_outer\n  rotate: true\n  xy: 195, 285\n  size: 159, 163\n  orig: 161, 165\n  offset: 1, 1\n  index: -1\nh_globe_ring_outer2\n  rotate: false\n  xy: 185, 9\n  size: 130, 176\n  orig: 132, 179\n  offset: 1, 1\n  index: -1\nh_globe_ring_outer2_back\n  rotate: true\n  xy: 394, 453\n  size: 124, 172\n  orig: 128, 174\n  offset: 2, 1\n  index: -1\nh_globe_ring_outer_back\n  rotate: false\n  xy: 317, 25\n  size: 153, 161\n  orig: 156, 163\n  offset: 2, 1\n  index: -1\nh_globe_ring_outer_darken\n  rotate: true\n  xy: 780, 274\n  size: 18, 36\n  orig: 25, 43\n  offset: 2, 2\n  index: -1\nh_globe_star\n  rotate: false\n  xy: 741, 425\n  size: 64, 67\n  orig: 66, 69\n  offset: 1, 1\n  index: -1\nh_moon\n  rotate: false\n  xy: 602, 10\n  size: 125, 125\n  orig: 127, 127\n  offset: 1, 1\n  index: -1\nh_moon_glow\n  rotate: false\n  xy: 196, 574\n  size: 196, 196\n  orig: 200, 200\n  offset: 2, 2\n  index: -1\nh_moon_glow_inner\n  rotate: false\n  xy: 2, 376\n  size: 191, 191\n  orig: 195, 195\n  offset: 2, 2\n  index: -1\nh_moon_rays\n  rotate: false\n  xy: 2, 187\n  size: 187, 187\n  orig: 190, 190\n  offset: 1, 2\n  index: -1\nh_sextant\n  rotate: true\n  xy: 196, 446\n  size: 126, 164\n  orig: 126, 169\n  offset: 0, 0\n  index: -1\nh_sextant_bar\n  rotate: false\n  xy: 780, 374\n  size: 38, 49\n  orig: 39, 50\n  offset: 0, 1\n  index: -1\nh_sextant_bottom\n  rotate: false\n  xy: 860, 497\n  size: 17, 17\n  orig: 17, 17\n  offset: 0, 0\n  index: -1\nh_sextant_pin\n  rotate: false\n  xy: 836, 516\n  size: 44, 29\n  orig: 44, 31\n  offset: 0, 1\n  index: -1\nh_sextant_pin_back\n  rotate: false\n  xy: 771, 2\n  size: 61, 47\n  orig: 63, 48\n  offset: 0, 0\n  index: -1\nh_sextant_rim\n  rotate: false\n  xy: 780, 294\n  size: 25, 35\n  orig: 27, 37\n  offset: 1, 1\n  index: -1\nh_sextant_slot_L\n  rotate: false\n  xy: 820, 396\n  size: 23, 33\n  orig: 24, 35\n  offset: 0, 1\n  index: -1\nh_sextant_slot_R\n  rotate: false\n  xy: 362, 457\n  size: 26, 39\n  orig: 26, 39\n  offset: 0, 0\n  index: -1\nh_sextant_viewer\n  rotate: true\n  xy: 729, 15\n  size: 120, 40\n  orig: 120, 42\n  offset: 0, 1\n  index: -1\nh_sun\n  rotate: true\n  xy: 772, 547\n  size: 109, 108\n  orig: 111, 110\n  offset: 1, 1\n  index: -1\nh_sun_glow\n  rotate: false\n  xy: 394, 579\n  size: 190, 191\n  orig: 194, 195\n  offset: 2, 2\n  index: -1\nh_sun_glow_inner\n  rotate: false\n  xy: 586, 585\n  size: 184, 185\n  orig: 188, 189\n  offset: 2, 2\n  index: -1\nh_sun_rays\n  rotate: false\n  xy: 2, 3\n  size: 181, 182\n  orig: 183, 184\n  offset: 1, 1\n  index: -1\nh_sundial_angle\n  rotate: false\n  xy: 807, 431\n  size: 39, 61\n  orig: 40, 63\n  offset: 0, 1\n  index: -1\nh_sundial_angle_rim\n  rotate: false\n  xy: 836, 494\n  size: 22, 20\n  orig: 24, 21\n  offset: 1, 1\n  index: -1\nh_sundial_base\n  rotate: true\n  xy: 772, 658\n  size: 112, 108\n  orig: 113, 108\n  offset: 0, 0\n  index: -1\nh_sundial_indicator\n  rotate: false\n  xy: 568, 563\n  size: 16, 14\n  orig: 17, 16\n  offset: 0, 1\n  index: -1\nh_telescope\n  rotate: true\n  xy: 360, 283\n  size: 161, 116\n  orig: 161, 116\n  offset: 0, 0\n  index: -1\nh_telescope_holder\n  rotate: false\n  xy: 834, 2\n  size: 46, 47\n  orig: 46, 47\n  offset: 0, 0\n  index: -1\nh_telescope_holder_back\n  rotate: false\n  xy: 362, 498\n  size: 26, 46\n  orig: 27, 47\n  offset: 0, 1\n  index: -1\nh_telescope_stand\n  rotate: false\n  xy: 336, 201\n  size: 123, 80\n  orig: 125, 83\n  offset: 1, 1\n  index: -1\nh_telescope_wheel\n  rotate: false\n  xy: 763, 494\n  size: 71, 51\n  orig: 73, 53\n  offset: 1, 1\n  index: -1\nh_telescope_wheel_1\n  rotate: false\n  xy: 780, 331\n  size: 29, 41\n  orig: 29, 41\n  offset: 0, 0\n  index: -1\nh_telescope_wheel_2\n  rotate: true\n  xy: 336, 188\n  size: 11, 37\n  orig: 13, 41\n  offset: 1, 2\n  index: -1\nh_telescope_wheel_3\n  rotate: false\n  xy: 362, 546\n  size: 30, 26\n  orig: 31, 27\n  offset: 0, 0\n  index: -1\nl_a\n  rotate: false\n  xy: 472, 138\n  size: 142, 137\n  orig: 148, 142\n  offset: 3, 2\n  index: -1\nl_j\n  rotate: true\n  xy: 191, 188\n  size: 95, 143\n  orig: 101, 148\n  offset: 3, 2\n  index: -1\nl_k\n  rotate: false\n  xy: 478, 277\n  size: 152, 142\n  orig: 157, 148\n  offset: 2, 3\n  index: -1\nl_q\n  rotate: false\n  xy: 632, 274\n  size: 146, 145\n  orig: 151, 150\n  offset: 2, 3\n  index: -1\n",
      [
        "symbols.png"
      ],
      {
        "skeleton": {
          "hash": "Jwzrga6btBQ/M9Uks8ZmzoTJRs0",
          "spine": "3.8.99",
          "x": -100,
          "y": -100,
          "width": 200,
          "height": 200
        },
        "bones": [
          {
            "name": "root"
          },
          {
            "name": "h_moon",
            "parent": "root",
            "scaleX": 0.5,
            "scaleY": 0.5
          },
          {
            "name": "moon",
            "parent": "h_moon"
          },
          {
            "name": "rays",
            "parent": "moon"
          },
          {
            "name": "moon_base",
            "parent": "moon"
          }
        ],
        "slots": [
          {
            "name": "h_moon_glow",
            "bone": "rays",
            "attachment": "h_moon_glow"
          },
          {
            "name": "h_moon_rays",
            "bone": "rays",
            "attachment": "h_moon_rays"
          },
          {
            "name": "h_moon_rays2",
            "bone": "rays",
            "color": "ffffff00",
            "attachment": "h_moon_rays",
            "blend": "screen"
          },
          {
            "name": "h_moon_glow_inner",
            "bone": "rays",
            "attachment": "h_moon_glow_inner"
          },
          {
            "name": "h_moon",
            "bone": "moon_base",
            "attachment": "h_moon"
          }
        ],
        "skins": [
          {
            "name": "default",
            "attachments": {
              "h_moon": {
                "h_moon": {
                  "x": -1.5,
                  "y": -0.5,
                  "width": 253,
                  "height": 253
                }
              },
              "h_moon_glow": {
                "h_moon_glow": {
                  "width": 400,
                  "height": 400
                }
              },
              "h_moon_glow_inner": {
                "h_moon_glow_inner": {
                  "width": 390,
                  "height": 390
                }
              },
              "h_moon_rays": {
                "h_moon_rays": {
                  "x": 0.5,
                  "y": -0.5,
                  "width": 379,
                  "height": 379
                }
              },
              "h_moon_rays2": {
                "h_moon_rays": {
                  "x": 0.5,
                  "y": -0.5,
                  "width": 379,
                  "height": 379
                }
              }
            }
          }
        ],
        "animations": {
          "idle": {
            "bones": {
              "rays": {
                "rotate": [
                  {
                    "curve": 0.25,
                    "c3": 0.75
                  },
                  {
                    "time": 0.2667,
                    "angle": 1,
                    "curve": 0.25,
                    "c3": 0.75
                  },
                  {
                    "time": 0.5
                  }
                ],
                "scale": [
                  {
                    "curve": 0.25,
                    "c3": 0.75
                  },
                  {
                    "time": 0.2667,
                    "x": 0.98,
                    "y": 0.98,
                    "curve": 0.25,
                    "c3": 0.75
                  },
                  {
                    "time": 0.5
                  }
                ]
              },
              "moon_base": {
                "scale": [
                  {
                    "curve": 0.25,
                    "c3": 0.75
                  },
                  {
                    "time": 0.2667,
                    "x": 0.98,
                    "y": 0.98,
                    "curve": 0.25,
                    "c3": 0.75
                  },
                  {
                    "time": 0.5
                  }
                ]
              }
            }
          },
          "spawn": {
            "bones": {
              "moon": {
                "translate": [
                  {
                    "curve": 0.25,
                    "c3": 0.75
                  },
                  {
                    "time": 0.0667,
                    "y": -2,
                    "curve": 0.25,
                    "c3": 0.75
                  },
                  {
                    "time": 0.2667,
                    "y": 3,
                    "curve": 0.25,
                    "c3": 0.75
                  },
                  {
                    "time": 0.5
                  }
                ],
                "scale": [
                  {
                    "curve": 0.25,
                    "c3": 0.75
                  },
                  {
                    "time": 0.0667,
                    "x": 0.98,
                    "y": 0.98,
                    "curve": 0.25,
                    "c3": 0.75
                  },
                  {
                    "time": 0.2667,
                    "x": 1.02,
                    "y": 1.02,
                    "curve": 0.25,
                    "c3": 0.75
                  },
                  {
                    "time": 0.5
                  }
                ]
              },
              "rays": {
                "rotate": [
                  {
                    "time": 0.0667,
                    "curve": 0.25,
                    "c3": 0.75
                  },
                  {
                    "time": 0.2667,
                    "angle": 1,
                    "curve": 0.25,
                    "c3": 0.75
                  },
                  {
                    "time": 0.5
                  }
                ]
              }
            }
          },
          "win": {
            "slots": {
              "h_moon_glow": {
                "color": [
                  {
                    "color": "ffffffff",
                    "curve": 0.25,
                    "c3": 0.75
                  },
                  {
                    "time": 0.2667,
                    "color": "ffffff98",
                    "curve": 0.25,
                    "c3": 0.75
                  },
                  {
                    "time": 0.5,
                    "color": "ffffffff"
                  }
                ]
              },
              "h_moon_glow_inner": {
                "color": [
                  {
                    "color": "ffffffff",
                    "curve": 0.25,
                    "c3": 0.75
                  },
                  {
                    "time": 0.2667,
                    "color": "ffffff98",
                    "curve": 0.25,
                    "c3": 0.75
                  },
                  {
                    "time": 0.5,
                    "color": "ffffffff"
                  }
                ]
              },
              "h_moon_rays2": {
                "color": [
                  {
                    "color": "ffffff00",
                    "curve": 0.25,
                    "c3": 0.75
                  },
                  {
                    "time": 0.2667,
                    "color": "ffffff96",
                    "curve": 0.25,
                    "c3": 0.75
                  },
                  {
                    "time": 0.5,
                    "color": "ffffff00"
                  }
                ]
              }
            },
            "bones": {
              "rays": {
                "scale": [
                  {
                    "curve": 0.25,
                    "c3": 0.75
                  },
                  {
                    "time": 0.1333,
                    "x": 0.98,
                    "y": 0.98,
                    "curve": 0.25,
                    "c3": 0.75
                  },
                  {
                    "time": 0.3333,
                    "x": 1.02,
                    "y": 1.02,
                    "curve": 0.25,
                    "c3": 0.75
                  },
                  {
                    "time": 0.5
                  }
                ]
              },
              "moon": {
                "scale": [
                  {
                    "curve": 0.25,
                    "c3": 0.75
                  },
                  {
                    "time": 0.0667,
                    "x": 0.98,
                    "y": 0.98,
                    "curve": 0.25,
                    "c3": 0.75
                  },
                  {
                    "time": 0.2667,
                    "x": 1.05,
                    "y": 1.05
                  }
                ]
              }
            }
          }
        }
      },
      [
        0
      ]
    ]
  ],
  0,
  0,
  [
    0
  ],
  [
    -1
  ],
  [
    0
  ]
]