[1,["eabr5IVlFEtI/TsvsZygRf"],["_textureSetter"],["cc.SpriteFrame"],0,[[[{"name":"ib_vfx_d_01","rect":[869,203,74,48],"offset":[-8,-5],"originalSize":[432,76],"rotated":1,"capInsets":[0,0,0,0]}],[0],0,[0],[0],[0]],[[{"name":"ib_vfx_d_15","rect":[157,313,432,76],"offset":[0,0],"originalSize":[432,76],"rotated":1,"capInsets":[0,0,0,0]}],[0],0,[0],[0],[0]],[[{"name":"ib_vfx_d_16","rect":[235,313,432,76],"offset":[0,0],"originalSize":[432,76],"rotated":1,"capInsets":[0,0,0,0]}],[0],0,[0],[0],[0]],[[{"name":"ib_vfx_d_07","rect":[1,1,432,76],"offset":[0,0],"originalSize":[432,76],"capInsets":[0,0,0,0]}],[0],0,[0],[0],[0]],[[{"name":"ib_vfx_d_06","rect":[937,1,432,74],"offset":[0,-1],"originalSize":[432,76],"rotated":1,"capInsets":[0,0,0,0]}],[0],0,[0],[0],[0]],[[{"name":"ib_vfx_d_13","rect":[1,313,432,76],"offset":[0,0],"originalSize":[432,76],"rotated":1,"capInsets":[0,0,0,0]}],[0],0,[0],[0],[0]],[[{"name":"ib_vfx_d_09","rect":[435,1,432,76],"offset":[0,0],"originalSize":[432,76],"capInsets":[0,0,0,0]}],[0],0,[0],[0],[0]],[[{"name":"ib_vfx_d_19","rect":[435,157,432,76],"offset":[0,0],"originalSize":[432,76],"capInsets":[0,0,0,0]}],[0],0,[0],[0],[0]],[[{"name":"ib_vfx_d_23","rect":[625,313,432,76],"offset":[0,0],"originalSize":[432,76],"rotated":1,"capInsets":[0,0,0,0]}],[0],0,[0],[0],[0]],[[{"name":"ib_vfx_d_12","rect":[1,235,432,76],"offset":[0,0],"originalSize":[432,76],"capInsets":[0,0,0,0]}],[0],0,[0],[0],[0]],[[{"name":"ib_vfx_d_00","rect":[937,613,44,34],"offset":[-9,-11],"originalSize":[432,76],"capInsets":[0,0,0,0]}],[0],0,[0],[0],[0]],[[{"name":"ib_vfx_d_25","rect":[781,313,432,76],"offset":[0,0],"originalSize":[432,76],"rotated":1,"capInsets":[0,0,0,0]}],[0],0,[0],[0],[0]],[[{"name":"ib_vfx_d_22","rect":[547,313,432,76],"offset":[0,0],"originalSize":[432,76],"rotated":1,"capInsets":[0,0,0,0]}],[0],0,[0],[0],[0]],[[{"name":"ib_vfx_d_26","rect":[859,313,432,76],"offset":[0,0],"originalSize":[432,76],"rotated":1,"capInsets":[0,0,0,0]}],[0],0,[0],[0],[0]],[[{"name":"ib_vfx_d_11","rect":[435,79,432,76],"offset":[0,0],"originalSize":[432,76],"capInsets":[0,0,0,0]}],[0],0,[0],[0],[0]],[[{"name":"ib_vfx_d_10","rect":[1,157,432,76],"offset":[0,0],"originalSize":[432,76],"capInsets":[0,0,0,0]}],[0],0,[0],[0],[0]],[[{"name":"ib_vfx_d_02","rect":[937,531,80,52],"offset":[-7,-3],"originalSize":[432,76],"rotated":1,"capInsets":[0,0,0,0]}],[0],0,[0],[0],[0]],[[{"name":"ib_vfx_d_21","rect":[469,313,432,76],"offset":[0,0],"originalSize":[432,76],"rotated":1,"capInsets":[0,0,0,0]}],[0],0,[0],[0],[0]],[[{"name":"ib_vfx_d_08","rect":[1,79,432,76],"offset":[0,0],"originalSize":[432,76],"capInsets":[0,0,0,0]}],[0],0,[0],[0],[0]],[[{"name":"ib_vfx_d_05","rect":[869,1,114,66],"offset":[-6,4],"originalSize":[432,76],"rotated":1,"capInsets":[0,0,0,0]}],[0],0,[0],[0],[0]],[[{"name":"ib_vfx_d_18","rect":[391,313,432,76],"offset":[0,0],"originalSize":[432,76],"rotated":1,"capInsets":[0,0,0,0]}],[0],0,[0],[0],[0]],[[{"name":"ib_vfx_d_17","rect":[313,313,432,76],"offset":[0,0],"originalSize":[432,76],"rotated":1,"capInsets":[0,0,0,0]}],[0],0,[0],[0],[0]],[[{"name":"ib_vfx_d_04","rect":[937,435,94,58],"offset":[-8,0],"originalSize":[432,76],"rotated":1,"capInsets":[0,0,0,0]}],[0],0,[0],[0],[0]],[[{"name":"ib_vfx_d_03","rect":[869,117,84,54],"offset":[-7,-2],"originalSize":[432,76],"rotated":1,"capInsets":[0,0,0,0]}],[0],0,[0],[0],[0]],[[{"name":"ib_vfx_d_20","rect":[435,235,432,76],"offset":[0,0],"originalSize":[432,76],"capInsets":[0,0,0,0]}],[0],0,[0],[0],[0]],[[{"name":"ib_vfx_d_14","rect":[79,313,432,76],"offset":[0,0],"originalSize":[432,76],"rotated":1,"capInsets":[0,0,0,0]}],[0],0,[0],[0],[0]],[[{"name":"ib_vfx_d_24","rect":[703,313,432,76],"offset":[0,0],"originalSize":[432,76],"rotated":1,"capInsets":[0,0,0,0]}],[0],0,[0],[0],[0]]]]