{
    "paths": {
        "0f6sB0d+pN9KdSa6/4QjVu": [
            "Atlas/4677a381-2650-4f32-a4f1-4836128ffa92.66d2b_17",
            "cc.Texture2D"
        ],
        "5cnjIF9MhBEbeemf8Bx5lj": [
            "Atlas/4677a381-2650-4f32-a4f1-4836128ffa92.66d2b_17",
            "cc.SpriteFrame",
            1
        ],
        "4d+I0u+oFG3oK5Cp/Tx3z3": [
            "Atlas/4677a381-2650-4f32-a4f1-4836128ffa92.66d2b_31",
            "cc.Texture2D"
        ],
        "8bZLl1cvRDKJ2aDNVNKT3/": [
            "Atlas/4677a381-2650-4f32-a4f1-4836128ffa92.66d2b_31",
            "cc.SpriteFrame",
            1
        ],
        "06hk0NpEBDUL/eih0Mr1C2": [
            "Atlas/4677a381-2650-4f32-a4f1-4836128ffa92.66d2b_34",
            "cc.SpriteFrame",
            1
        ],
        "ceKNBEzqpH7KEWFbkZIy4B": [
            "Atlas/4677a381-2650-4f32-a4f1-4836128ffa92.66d2b_34",
            "cc.Texture2D"
        ],
        "523NtPsN5GlrCgr5boOBfS": [
            "Atlas/Alats1",
            "cc.Texture2D"
        ],
        "62SZwiLsVAeLcTkgHLO8m5": [
            "Atlas/Alats1",
            "cc.SpriteAtlas"
        ],
        "e6mWAY101MfJqqX0TU05vb": [
            "Atlas/Alats5",
            "cc.Texture2D"
        ],
        "e78DXIwsBM6IhCVM0iqJL6": [
            "Atlas/Alats5",
            "cc.SpriteAtlas"
        ],
        "6eDvSNdLtN/bsCBMZuCtfv": [
            "Atlas/Alats7_40",
            "cc.SpriteFrame",
            1
        ],
        "f67LgBpYJAWLh9h6e58aKV": [
            "Atlas/Alats7_40",
            "cc.Texture2D"
        ],
        "25v52UqmVLJpUg8DRucWg2": [
            "Atlas/Alats7_41",
            "cc.SpriteFrame",
            1
        ],
        "8c8BqAtBBDsb5OmxbCgG08": [
            "Atlas/Alats7_41",
            "cc.Texture2D"
        ],
        "70pNrG7AxIgaZOiK/tFHhp": [
            "Atlas/Alats7_65",
            "cc.Texture2D"
        ],
        "a69uPVtx5EfKdfpeW/IUao": [
            "Atlas/Alats7_65",
            "cc.SpriteFrame",
            1
        ],
        "48c5eKVHVCrbguZGWLYO1z": [
            "Atlas/Btn_Close_pressed",
            "cc.Texture2D"
        ],
        "4eyPNrnRxA2KSxbuAXGfV2": [
            "Atlas/Btn_Close_pressed",
            "cc.SpriteFrame",
            1
        ],
        "9bjBwExXhF6pNtng5rLkrz": [
            "Atlas/Frame_MiniGold",
            "cc.Texture2D"
        ],
        "b9UGkmRvtOK5lPw7H0sND/": [
            "Atlas/Frame_MiniGold",
            "cc.SpriteFrame",
            1
        ],
        "51O4HMVB1ED5U7fsJ6aSpG": [
            "Atlas/HuongDan",
            "cc.Texture2D"
        ],
        "e2lZc9hWpM+ZqkVh8nkzIY": [
            "Atlas/HuongDan",
            "cc.SpriteFrame",
            1
        ],
        "82R9UMcXJIxLnWKBF6Kd1V": [
            "Atlas/Lớp 1 (4)",
            "cc.Texture2D"
        ],
        "afRU8EYHtKZav7RBNrUKr7": [
            "Atlas/Lớp 1 (4)",
            "cc.SpriteFrame",
            1
        ],
        "5ctaYgI2ZJf6IIDMyMrY4a": [
            "Atlas/Lớp 1 (5)",
            "cc.SpriteFrame",
            1
        ],
        "8fcV/YOhhGgZTc7GYpSgCD": [
            "Atlas/Lớp 1 (5)",
            "cc.Texture2D"
        ],
        "99FpKKSDRNlIeYv8nZIC20": [
            "Atlas/Rank3",
            "cc.Texture2D"
        ],
        "d7FJaLcBJN0LS8pUgyhcaS": [
            "Atlas/Rank3",
            "cc.SpriteFrame",
            1
        ],
        "01JTiKFKZDqZ6uyuV5y1G6": [
            "Atlas/SoiCau",
            "cc.Texture2D"
        ],
        "42ff1SYDVFY5IGqr+IBTd7": [
            "Atlas/SoiCau",
            "cc.SpriteFrame",
            1
        ],
        "02cJcxcaVMbIKO0vvc5Eou": [
            "Atlas/bgPopup",
            "cc.SpriteFrame",
            1
        ],
        "dfvHrq/T9Knr8sBsC4TVTt": [
            "Atlas/bgPopup",
            "cc.Texture2D"
        ],
        "d9J3Mea0FMHoE6mtozpgv5": [
            "Atlas/bgSoiCau",
            "cc.Texture2D"
        ],
        "eau8jE6FZG6JTy3+Xpx6Il": [
            "Atlas/bgSoiCau",
            "cc.SpriteFrame",
            1
        ],
        "28rNIufhJMaanTCESkzdIh": [
            "Atlas/btContent",
            "cc.SpriteFrame",
            1
        ],
        "9f93sUMsRJ4Krr2qGeJ5Ok": [
            "Atlas/btContent",
            "cc.Texture2D"
        ],
        "3cMClR0TNBMLMC8NCkTsFU": [
            "Atlas/btn_dan",
            "cc.Texture2D"
        ],
        "c2MOPkpeFMArsYcupyxYDK": [
            "Atlas/btn_dan",
            "cc.SpriteFrame",
            1
        ],
        "4bOkfifsNGdKUN6wynVu3m": [
            "Atlas/icNext",
            "cc.Texture2D"
        ],
        "c6K2tvL59JA4+8Y8//B7Sx": [
            "Atlas/icNext",
            "cc.SpriteFrame",
            1
        ],
        "bcJ3HohjVOsY8a/KFJKQAw": [
            "EffectDongBat",
            "cc.AnimationClip"
        ],
        "c4t67ihSlPXpkMJEXEXlF+": [
            "Font/Font-export",
            "cc.BitmapFont"
        ],
        "fdP2deElZLTaoTaB/Gpicf": [
            "Font/Font-export",
            "cc.SpriteFrame",
            1
        ],
        "ff8X+5reZMSKdyGjT+oCsR": [
            "Font/Font-export",
            "cc.Texture2D"
        ],
        "54oojH8mVIxJrSXd03Wa40": [
            "Font/FontBetTaiXiu-export",
            "cc.SpriteFrame",
            1
        ],
        "56nVJSR9hMbIwWuI3QwLXn": [
            "Font/FontBetTaiXiu-export",
            "cc.Texture2D"
        ],
        "84YIcqgYFO8oiYPR/TQGuh": [
            "Font/FontBetTaiXiu-export",
            "cc.BitmapFont"
        ],
        "04rzlpPP9CJ6UOkOxo+JG/": [
            "Font/FontNumber-export",
            "cc.BitmapFont"
        ],
        "3elwKNqy5EQ42cse7GoWrD": [
            "Font/FontNumber-export",
            "cc.SpriteFrame",
            1
        ],
        "7ejhLKuM5HIqDYyNWE+mcR": [
            "Font/FontNumber-export",
            "cc.Texture2D"
        ],
        "46zSxy5UZAM5vYUZxaAvAm": [
            "Font/Timer/BigWin-export",
            "cc.Texture2D"
        ],
        "80ZH6H9UtOLrHqh6p/q7Lj": [
            "Font/Timer/BigWin-export",
            "cc.SpriteFrame",
            1
        ],
        "8fyMm+hH9D15CIhtb8bd+H": [
            "Font/Timer/BigWin-export",
            "cc.BitmapFont"
        ],
        "4eLLqq5ZNDpLj/ZbAzd6c9": [
            "Font/fontTienCuoc-export",
            "cc.SpriteFrame",
            1
        ],
        "ad7Od+rjdME61MF9+t1Y9t": [
            "Font/fontTienCuoc-export",
            "cc.BitmapFont"
        ],
        "b34bGfouJFjqRazfemBdyn": [
            "Font/fontTienCuoc-export",
            "cc.Texture2D"
        ],
        "1a5zqDECRHHL5KjDsLl6Tp": [
            "Font/font_goldPick",
            "cc.SpriteFrame",
            1
        ],
        "63GraTsPBMkpOrBSZGtUTs": [
            "Font/font_goldPick",
            "cc.Texture2D"
        ],
        "9eJNRIYQlHAZhNX2+jiEWl": [
            "Font/font_goldPick",
            "cc.BitmapFont"
        ],
        "b13YLneDtGEIxSZ/sOasO2": [
            "Prefabs/ChiTietPhien",
            "cc.Prefab"
        ],
        "f7D5PAETpNELw4nUXBLgvI": [
            "Prefabs/HuongDan",
            "cc.Prefab"
        ],
        "563Ujc/AhJsLnfiWYRvILU": [
            "Prefabs/LichSuCuoc",
            "cc.Prefab"
        ],
        "0eISb9O9BCnLuBYBHYJCNR": [
            "Prefabs/SoiCau",
            "cc.Prefab"
        ],
        "e9/u8wdmlK76VGPtUEX256": [
            "Prefabs/TopTaiXiu",
            "cc.Prefab"
        ],
        "95zJzi7N1MB45/6Zk8gFh6": [
            "Sound/ketqua.mp3",
            "cc.AudioClip"
        ],
        "b4DlF11x1NP5ne9IJwCHTc": [
            "Sound/lacxiNgau.mp3",
            "cc.AudioClip"
        ],
        "08dhtGPZ9C4ayR6XmhlHNm": [
            "Sound/sfx_normal_btn.mp3",
            "cc.AudioClip"
        ],
        "3dI4msIp5FJoLBNK+c4+d/": [
            "Spine/Effect/effect",
            "sp.SkeletonData"
        ],
        "57VQDdBVhHXaZe9481E7OY": [
            "Spine/Effect/effect",
            "cc.SpriteFrame",
            1
        ],
        "8dZVuyerJK8Izy+POBt+sm": [
            "Spine/Effect/effect",
            "cc.Asset"
        ],
        "b1osAajiVO9bHb7+kXwYvE": [
            "Spine/Effect/effect",
            "cc.Texture2D"
        ],
        "7fnUPX3aRGBLlN4nJ8d6+n": [
            "Spine/Rank/Rank1_Mini",
            "cc.SpriteFrame",
            1
        ],
        "81hGbVhDVKcoohLP7cheaz": [
            "Spine/Rank/Rank1_Mini",
            "cc.Texture2D"
        ],
        "eaj8VpXT5MJ5Vp/uANoEgG": [
            "Spine/Rank/Rank1_Mini",
            "sp.SkeletonData"
        ],
        "f4tD3cvVRKxoiPWcPvsBE3": [
            "Spine/Rank/Rank1_Mini",
            "cc.Asset"
        ],
        "5aguzMiGtMQK94yHX9r55i": [
            "Spine/TaiXiu/TXspine2",
            "cc.Texture2D"
        ],
        "7e9GpXYjpNzpy5LLEf0dkH": [
            "Spine/TaiXiu/TXspine2",
            "sp.SkeletonData"
        ],
        "ad7pTesDFNmKp5gBuvOxo4": [
            "Spine/TaiXiu/TXspine2",
            "cc.Asset"
        ],
        "fdP9iwQARCGKvDjjlRAndK": [
            "Spine/TaiXiu/TXspine2",
            "cc.SpriteFrame",
            1
        ],
        "05afkmXIpBepawKTkK2Af/": [
            "Spine/Title/title_tx",
            "cc.SpriteFrame",
            1
        ],
        "08HCTVpflBfJXPQN80FVZm": [
            "Spine/Title/title_tx",
            "sp.SkeletonData"
        ],
        "fb1DlNh0lG0rGk/1NL+ag4": [
            "Spine/Title/title_tx",
            "cc.Texture2D"
        ],
        "11T1ARc3hA9ZFwGa+K5SMx": [
            "Spine/Title/title_tx.atlas",
            "cc.TextAsset"
        ],
        "0duMWvXDNJSrJzPnTTp57W": [
            "Spine/TxMini/Tai_Effect_Mini_Lobby",
            "sp.SkeletonData"
        ],
        "43/tBORA9JQJFFZ+5UM1iW": [
            "Spine/TxMini/Tai_Effect_Mini_Lobby",
            "cc.Asset"
        ],
        "c1W9daFhdH7IGb8Nb29HvL": [
            "Spine/TxMini/Tai_Effect_Mini_Lobby",
            "cc.SpriteFrame",
            1
        ],
        "ddOC7nWZdH5KOg6AeHq0Yt": [
            "Spine/TxMini/Tai_Effect_Mini_Lobby",
            "cc.Texture2D"
        ],
        "05IdnaMyVOjJdeaLo8ELmt": [
            "Spine/XiNgau/xingauA2",
            "cc.Texture2D"
        ],
        "62rGr5n1ZCR7ksx05bO6s7": [
            "Spine/XiNgau/xingauA2",
            "cc.SpriteFrame",
            1
        ],
        "a1wZyOpH5DpLVZq6VB6dez": [
            "Spine/XiNgau/xingauA2",
            "sp.SkeletonData"
        ],
        "c8Yo46KIVBU7zw5I55WNaa": [
            "Spine/XiNgau/xingauA2",
            "cc.Asset"
        ],
        "5071g5d71IhaLHTfuH4F0D": [
            "TaiXiu",
            "cc.Prefab"
        ]
    },
    "uuids": [
        "005QLF15RD5pcl88Pu8Xla",
        "01JTiKFKZDqZ6uyuV5y1G6",
        "0188ohO95BNKPYgOVi5j4m",
        "02cJcxcaVMbIKO0vvc5Eou",
        "02p71hjyZOj5dHWFcqd6ON",
        "03NKcPm2tEhaYDN58zej/t",
        "03Q3tNgfhACKLEG0H4XIGv",
        "03bXhy67JNLKYkiZO9yxVH",
        "04rzlpPP9CJ6UOkOxo+JG/",
        "05IdnaMyVOjJdeaLo8ELmt",
        "05afkmXIpBepawKTkK2Af/",
        "06hk0NpEBDUL/eih0Mr1C2",
        "08HCTVpflBfJXPQN80FVZm",
        "08dhtGPZ9C4ayR6XmhlHNm",
        "0dbPS8E+JME6yTOij9Xuok",
        "0duMWvXDNJSrJzPnTTp57W",
        "0eISb9O9BCnLuBYBHYJCNR",
        "0f6sB0d+pN9KdSa6/4QjVu",
        "10F0X5l3RDQ4j0T+af8UFb",
        "11T1ARc3hA9ZFwGa+K5SMx",
        "12Nwa4HwZJ6L891qzJ9Ym4",
        "15B0ZYbpBIBrrgCUrRq8Ie",
        "16ywTzbyBGfooKz+MOwW88",
        "1aeiHroHhGtoa/vb4FxjvM",
        "1a5zqDECRHHL5KjDsLl6Tp",
        "1dp5Q2+ZhChI0uvOk8FgOy",
        "1eBkxcx91MQrwC3R8hExVJ",
        "1eozcuIhRIZKowBqn0LMvF",
        "1fEWzak7hIzbvyQocMDIJL",
        "1f/nwMG3dISrGGAO+LS4db",
        "201tliTnRONZdOtvbUZKU7",
        "21TbluqPtMO6KsStYnMOgL",
        "2295hbdW1A77Sc8eSsHBWl",
        "24rpmptttB4pVq7aMq9w28",
        "25v52UqmVLJpUg8DRucWg2",
        "28bzmSRihJh5KcWx3huFpr",
        "28rNIufhJMaanTCESkzdIh",
        "29FYIk+N1GYaeWH/q1NxQO",
        "2bcDhnVHpFH5RhLSNrxUIy",
        "2bm8tm6VlJRolvbqaFuWqZ",
        "2ctDGLFuBBh61aIPa7skWj",
        "2fTSi7pI1LQJXXeSBK/55f",
        "31SCon0TlEPpiAVQjGjAmN",
        "31dcCKpX9LT5Cl2CFT7yXg",
        "33IscwLB9N1Zs+pSPybwCn",
        "35RziGCCRMXb5WMhej0zSN",
        "35pVbHcBNOD7s69KP+25NB",
        "36J1x9ENRNtrlHcPunuSDy",
        "37mJ8QGU1ErIvG5/tldsvl",
        "38FuldS2JJdbGE9dZzdlKB",
        "39/s5LdFxLg4RAnkrPXCcG",
        "3cMClR0TNBMLMC8NCkTsFU",
        "3dI4msIp5FJoLBNK+c4+d/",
        "3elwKNqy5EQ42cse7GoWrD",
        "3fheTGljRNyaThMQvL+TRb",
        "3fiiCYXm9DJqP7tiOUQOWT",
        "40cu+dG6VI7Yk71Padiqx+",
        "42GdTzOJFAUKjf08sI4SI8",
        "42ff1SYDVFY5IGqr+IBTd7",
        "43W2ouU2lDzKFZuCguBHDh",
        "43/tBORA9JQJFFZ+5UM1iW",
        "46zSxy5UZAM5vYUZxaAvAm",
        "48c5eKVHVCrbguZGWLYO1z",
        "4aIoppd19HwadZBalqLHXF",
        "4aoeWaCJNL7rz9QDPWmfkZ",
        "4bOkfifsNGdKUN6wynVu3m",
        "4cxxTFEn1Le6X6Cea+6ZJC",
        "4d+I0u+oFG3oK5Cp/Tx3z3",
        "4eLLqq5ZNDpLj/ZbAzd6c9",
        "4enT3cV4RKQ5t3foVKaWIe",
        "4eyPNrnRxA2KSxbuAXGfV2",
        "4fA8jYETdMTIstKPx2K8iq",
        "502DE1wABPiY0qFvkR8r6B",
        "5071g5d71IhaLHTfuH4F0D",
        "51O4HMVB1ED5U7fsJ6aSpG",
        "523NtPsN5GlrCgr5boOBfS",
        "54oojH8mVIxJrSXd03Wa40",
        "56dFoLn8lLuaoMP3W/av4F",
        "56nVJSR9hMbIwWuI3QwLXn",
        "563Ujc/AhJsLnfiWYRvILU",
        "57VQDdBVhHXaZe9481E7OY",
        "5aguzMiGtMQK94yHX9r55i",
        "5bKD3eM1xMP7vjNj81i51U",
        "5cnjIF9MhBEbeemf8Bx5lj",
        "5ctaYgI2ZJf6IIDMyMrY4a",
        "5c5ejMja5CYrTIRoWF9hPY",
        "5fxunlgP1LDqB1kMtpkNpA",
        "5f9Gpe5B5N1I7IMVWHyv0u",
        "61LuK9IFhFkJ7YgdyRkq5T",
        "62SZwiLsVAeLcTkgHLO8m5",
        "62oihGGvhFTbLpN2+4Pnzl",
        "62rGr5n1ZCR7ksx05bO6s7",
        "63GraTsPBMkpOrBSZGtUTs",
        "65ghTteqpOnJhufja79vHQ",
        "67r+9CoaJJuKXSvlTpBUGE",
        "68SqySrFxAKI3N4ED24tPe",
        "69DUoOCRtP2rzPU0KUdlqk",
        "6bmScTYOtKUZwcyBrDrCJc",
        "6cfBOKrqpJubYJO+ZcqCT/",
        "6dSOY144pFyKBZWBgvp2QC",
        "6d0p7X8ZtLhJWXQQP64Nxx",
        "6eDvSNdLtN/bsCBMZuCtfv",
        "6e9BNhT3JPt7Di2QrvA70M",
        "70pNrG7AxIgaZOiK/tFHhp",
        "75rjmPUeNDvK+F+W5PHQ5z",
        "76Oo+hdZBIC58PkmtS6Hpa",
        "76rygIn3lLkq4+jWqLaeYd",
        "77TBUMf5xB+ZHrvQozQeNC",
        "7atnkm+vtBk6Mvv8DBz46m",
        "7a/QZLET9IDreTiBfRn2PD",
        "7b4JiIc8lO/ptvTrz9PgmH",
        "7cD7KorhxCtKIwdkn+IcyH",
        "7dNGBoCglJhJGo3HvpHAM/",
        "7ejhLKuM5HIqDYyNWE+mcR",
        "7e9GpXYjpNzpy5LLEf0dkH",
        "7fnUPX3aRGBLlN4nJ8d6+n",
        "80ZH6H9UtOLrHqh6p/q7Lj",
        "81hGbVhDVKcoohLP7cheaz",
        "82R9UMcXJIxLnWKBF6Kd1V",
        "8226M2txVK2q8fGtLbQbGh",
        "84YIcqgYFO8oiYPR/TQGuh",
        "85IuKwE9VCRIeq6Ch7MbHg",
        "85lphmE95Etb0Sr0M95/XV",
        "8bZLl1cvRDKJ2aDNVNKT3/",
        "8c8BqAtBBDsb5OmxbCgG08",
        "8c8H45RQFPLKV96GSGULVR",
        "8dYATFJDtKgY3SIFAuBC9e",
        "8dZVuyerJK8Izy+POBt+sm",
        "8ezVMkv1hC169YSn96CO8d",
        "8fcV/YOhhGgZTc7GYpSgCD",
        "8fk0Q9kopNr6gT11r4cl5e",
        "8fyMm+hH9D15CIhtb8bd+H",
        "90e2zjPjNE+I8+hXUVBcL7",
        "94WFO0GS9AlZ2Zh9oWTFsZ",
        "95zJzi7N1MB45/6Zk8gFh6",
        "99FpKKSDRNlIeYv8nZIC20",
        "9bLY+KWoRMA6c5KRE8iIiT",
        "9bjBwExXhF6pNtng5rLkrz",
        "9cTX5+wG5FN4w8O7ShPkma",
        "9ccBeucbhC8Z9WTIJQDsi1",
        "9dc9LsAfFKMbVUoo8A2SKb",
        "9eJNRIYQlHAZhNX2+jiEWl",
        "9fHJR8erdNJoTKsiJFm2AX",
        "9fwRvcI6dEVpnVXpLY2IDX",
        "9f93sUMsRJ4Krr2qGeJ5Ok",
        "a1U5RdJRFMFL57BdJC9H1X",
        "a1wZyOpH5DpLVZq6VB6dez",
        "a2MjXRFdtLlYQ5ouAFv/+R",
        "a2QSUR2C1AJ5wxbw+JB69r",
        "a69uPVtx5EfKdfpeW/IUao",
        "a9AZoD5t5EOZiGZWu5LR0k",
        "abGEQ+vwVF6aHcMyTYrps3",
        "abJz3TwGRFm7fxAspq17St",
        "ad7Od+rjdME61MF9+t1Y9t",
        "ad7pTesDFNmKp5gBuvOxo4",
        "aeq4T1YX5K2a+lPSTNjGZD",
        "afRU8EYHtKZav7RBNrUKr7",
        "b1osAajiVO9bHb7+kXwYvE",
        "b13YLneDtGEIxSZ/sOasO2",
        "b2cEAboalBnrVk0Q9OIMgy",
        "b34bGfouJFjqRazfemBdyn",
        "b4DlF11x1NP5ne9IJwCHTc",
        "b4WrOnVstE97Z1NgnJrzRu",
        "b4rHlT2oRCkZ7toe2QXkaC",
        "b9UGkmRvtOK5lPw7H0sND/",
        "b9eIn/w59GXq7d+YomQVCa",
        "baT6iBf3FFV6te8eyr9gyS",
        "bac75Y1AdKqrDQjFUUC4Q6",
        "bcJ3HohjVOsY8a/KFJKQAw",
        "c0SMPrZ0tHRYfLuC2OKKU3",
        "c0vAuZaIZM8YNqbhX6kFOd",
        "c1W9daFhdH7IGb8Nb29HvL",
        "c2ANzz6v5DWoGlY4s8I49Q",
        "c2MOPkpeFMArsYcupyxYDK",
        "c4t67ihSlPXpkMJEXEXlF+",
        "c5+/Mb/G5Fs4ImEx4QOc6r",
        "c6K2tvL59JA4+8Y8//B7Sx",
        "c8Yo46KIVBU7zw5I55WNaa",
        "c9VupEoCxGbIrIXOJwwOth",
        "c9bfir8TZBqoRTrOX1Sln1",
        "ceKNBEzqpH7KEWFbkZIy4B",
        "d1YsKrurxJGofTe/LN/roL",
        "d4PXJesfBL77oi+DVdvLiO",
        "d5qOSBd0RDT5y2bedxl2WJ",
        "d7Df1GTbxNU5HJ0PttD+cI",
        "d7FJaLcBJN0LS8pUgyhcaS",
        "d7R0puk49A/ZlpR6yyaq4E",
        "d9J3Mea0FMHoE6mtozpgv5",
        "ddOC7nWZdH5KOg6AeHq0Yt",
        "dd/x8Wk5pFdI29Rqx0Seh1",
        "dfGR6vJaVIS5jOBKv/7bIG",
        "dfb738Wj9HO7xb/eaNiVUP",
        "dfvHrq/T9Knr8sBsC4TVTt",
        "e1M4dVdwNOCqD69gLCBDJ5",
        "e2BA4BjChCBrTfrVqcVf51",
        "e2lZc9hWpM+ZqkVh8nkzIY",
        "e6mWAY101MfJqqX0TU05vb",
        "e6s0SGNWhMM799vyVy1AUc",
        "e7K9v66/xEOZvanD9KdzQ5",
        "e7m9kgGwdFAJmBakztHsYT",
        "e78DXIwsBM6IhCVM0iqJL6",
        "e97GVMl6JHh5Ml5qEDdSGa",
        "e9/u8wdmlK76VGPtUEX256",
        "eaj8VpXT5MJ5Vp/uANoEgG",
        "eakobOO3NFR5AVZzznKcJl",
        "eau8jE6FZG6JTy3+Xpx6Il",
        "ecCTW49kJJYZX+93y4H/Sv",
        "ecpdLyjvZBwrvm+cedCcQy",
        "eezTelHGhArY6y7eukmF5+",
        "ef0ceXsOdAYJRDxGqKjT3r",
        "f0BIwQ8D5Ml7nTNQbh1YlS",
        "f1FH1t+oFJn4adhITXYG4L",
        "f1G680BXNMDoOlXJXZVWom",
        "f10Qptu/NJsZZBtHIG2cKD",
        "f161Wz/O9BkK0D+jG/3FQa",
        "f4tD3cvVRKxoiPWcPvsBE3",
        "f5Z0lGf6BDPZqQXgKXWe8B",
        "f67LgBpYJAWLh9h6e58aKV",
        "f7D5PAETpNELw4nUXBLgvI",
        "fb1DlNh0lG0rGk/1NL+ag4",
        "fdP2deElZLTaoTaB/Gpicf",
        "fdP9iwQARCGKvDjjlRAndK",
        "fdQHGJqVhD7LgHY8U7K4UV",
        "feY6KKOvRJC7q+pdByVUhS",
        "ffnyd/o/VOE4MWA+Ub/XIC",
        "ff8X+5reZMSKdyGjT+oCsR"
    ],
    "scenes": {},
    "redirect": [
        "0duMWvXDNJSrJzPnTTp57W",
        0,
        "29FYIk+N1GYaeWH/q1NxQO",
        1,
        "33IscwLB9N1Zs+pSPybwCn",
        1,
        "502DE1wABPiY0qFvkR8r6B",
        1,
        "76Oo+hdZBIC58PkmtS6Hpa",
        0,
        "76rygIn3lLkq4+jWqLaeYd",
        1,
        "7atnkm+vtBk6Mvv8DBz46m",
        1,
        "7a/QZLET9IDreTiBfRn2PD",
        2,
        "a1U5RdJRFMFL57BdJC9H1X",
        2,
        "a2MjXRFdtLlYQ5ouAFv/+R",
        1,
        "abJz3TwGRFm7fxAspq17St",
        1,
        "c0SMPrZ0tHRYfLuC2OKKU3",
        1,
        "c9VupEoCxGbIrIXOJwwOth",
        1,
        "d4PXJesfBL77oi+DVdvLiO",
        1,
        "ddOC7nWZdH5KOg6AeHq0Yt",
        0,
        "e1M4dVdwNOCqD69gLCBDJ5",
        1,
        "e97GVMl6JHh5Ml5qEDdSGa",
        1,
        "ecCTW49kJJYZX+93y4H/Sv",
        1,
        "ecpdLyjvZBwrvm+cedCcQy",
        2,
        "f0BIwQ8D5Ml7nTNQbh1YlS",
        1
    ],
    "deps": [
        "main",
        "resources",
        "internal"
    ],
    "packs": {
        "0160e8c95": [
            "62oihGGvhFTbLpN2+4Pnzl",
            "65ghTteqpOnJhufja79vHQ",
            "94WFO0GS9AlZ2Zh9oWTFsZ",
            "aeq4T1YX5K2a+lPSTNjGZD",
            "c0vAuZaIZM8YNqbhX6kFOd",
            "d1YsKrurxJGofTe/LN/roL",
            "d5qOSBd0RDT5y2bedxl2WJ",
            "e78DXIwsBM6IhCVM0iqJL6",
            "f1FH1t+oFJn4adhITXYG4L",
            "f5Z0lGf6BDPZqQXgKXWe8B"
        ],
        "018b37100": [
            "c4t67ihSlPXpkMJEXEXlF+",
            "fdP2deElZLTaoTaB/Gpicf"
        ],
        "02f474839": [
            "0dbPS8E+JME6yTOij9Xuok",
            "37mJ8QGU1ErIvG5/tldsvl"
        ],
        "039042250": [
            "0eISb9O9BCnLuBYBHYJCNR",
            "eau8jE6FZG6JTy3+Xpx6Il"
        ],
        "040885cb7": [
            "12Nwa4HwZJ6L891qzJ9Ym4",
            "15B0ZYbpBIBrrgCUrRq8Ie",
            "24rpmptttB4pVq7aMq9w28",
            "2bcDhnVHpFH5RhLSNrxUIy",
            "2fTSi7pI1LQJXXeSBK/55f",
            "31dcCKpX9LT5Cl2CFT7yXg",
            "38FuldS2JJdbGE9dZzdlKB",
            "39/s5LdFxLg4RAnkrPXCcG",
            "3fheTGljRNyaThMQvL+TRb",
            "40cu+dG6VI7Yk71Padiqx+",
            "42GdTzOJFAUKjf08sI4SI8",
            "4aIoppd19HwadZBalqLHXF",
            "5bKD3eM1xMP7vjNj81i51U",
            "5c5ejMja5CYrTIRoWF9hPY",
            "6cfBOKrqpJubYJO+ZcqCT/",
            "8dYATFJDtKgY3SIFAuBC9e",
            "8fk0Q9kopNr6gT11r4cl5e",
            "9cTX5+wG5FN4w8O7ShPkma",
            "9dc9LsAfFKMbVUoo8A2SKb",
            "abGEQ+vwVF6aHcMyTYrps3",
            "c9bfir8TZBqoRTrOX1Sln1",
            "dfGR6vJaVIS5jOBKv/7bIG",
            "eezTelHGhArY6y7eukmF5+",
            "ef0ceXsOdAYJRDxGqKjT3r",
            "f1G680BXNMDoOlXJXZVWom",
            "ffnyd/o/VOE4MWA+Ub/XIC"
        ],
        "05ca653ea": [
            "4eLLqq5ZNDpLj/ZbAzd6c9",
            "ad7Od+rjdME61MF9+t1Y9t"
        ],
        "073e4cd38": [
            "4aoeWaCJNL7rz9QDPWmfkZ",
            "7cD7KorhxCtKIwdkn+IcyH",
            "b2cEAboalBnrVk0Q9OIMgy"
        ],
        "09d482454": [
            "80ZH6H9UtOLrHqh6p/q7Lj",
            "8fyMm+hH9D15CIhtb8bd+H"
        ],
        "09e340349": [
            "08dhtGPZ9C4ayR6XmhlHNm",
            "2295hbdW1A77Sc8eSsHBWl",
            "5071g5d71IhaLHTfuH4F0D",
            "95zJzi7N1MB45/6Zk8gFh6",
            "a69uPVtx5EfKdfpeW/IUao",
            "b4DlF11x1NP5ne9IJwCHTc",
            "bcJ3HohjVOsY8a/KFJKQAw",
            "dfb738Wj9HO7xb/eaNiVUP"
        ],
        "0aee328e1": [
            "02cJcxcaVMbIKO0vvc5Eou",
            "4eyPNrnRxA2KSxbuAXGfV2"
        ],
        "0bab06ee2": [
            "54oojH8mVIxJrSXd03Wa40",
            "84YIcqgYFO8oiYPR/TQGuh"
        ],
        "0c00c69c1": [
            "1a5zqDECRHHL5KjDsLl6Tp",
            "9eJNRIYQlHAZhNX2+jiEWl"
        ],
        "0d22a6b24": [
            "005QLF15RD5pcl88Pu8Xla",
            "0188ohO95BNKPYgOVi5j4m",
            "03Q3tNgfhACKLEG0H4XIGv",
            "03bXhy67JNLKYkiZO9yxVH",
            "10F0X5l3RDQ4j0T+af8UFb",
            "1aeiHroHhGtoa/vb4FxjvM",
            "1dp5Q2+ZhChI0uvOk8FgOy",
            "1eozcuIhRIZKowBqn0LMvF",
            "1f/nwMG3dISrGGAO+LS4db",
            "2ctDGLFuBBh61aIPa7skWj",
            "31SCon0TlEPpiAVQjGjAmN",
            "35RziGCCRMXb5WMhej0zSN",
            "35pVbHcBNOD7s69KP+25NB",
            "36J1x9ENRNtrlHcPunuSDy",
            "43W2ouU2lDzKFZuCguBHDh",
            "4cxxTFEn1Le6X6Cea+6ZJC",
            "4fA8jYETdMTIstKPx2K8iq",
            "56dFoLn8lLuaoMP3W/av4F",
            "5fxunlgP1LDqB1kMtpkNpA",
            "5f9Gpe5B5N1I7IMVWHyv0u",
            "61LuK9IFhFkJ7YgdyRkq5T",
            "62SZwiLsVAeLcTkgHLO8m5",
            "67r+9CoaJJuKXSvlTpBUGE",
            "69DUoOCRtP2rzPU0KUdlqk",
            "6dSOY144pFyKBZWBgvp2QC",
            "6e9BNhT3JPt7Di2QrvA70M",
            "7dNGBoCglJhJGo3HvpHAM/",
            "8226M2txVK2q8fGtLbQbGh",
            "85IuKwE9VCRIeq6Ch7MbHg",
            "8c8H45RQFPLKV96GSGULVR",
            "9bLY+KWoRMA6c5KRE8iIiT",
            "9ccBeucbhC8Z9WTIJQDsi1",
            "9fwRvcI6dEVpnVXpLY2IDX",
            "c2ANzz6v5DWoGlY4s8I49Q",
            "c5+/Mb/G5Fs4ImEx4QOc6r",
            "d7Df1GTbxNU5HJ0PttD+cI",
            "dd/x8Wk5pFdI29Rqx0Seh1",
            "e6s0SGNWhMM799vyVy1AUc",
            "eakobOO3NFR5AVZzznKcJl",
            "f161Wz/O9BkK0D+jG/3FQa",
            "fdQHGJqVhD7LgHY8U7K4UV"
        ],
        "0e17a04c1": [
            "02p71hjyZOj5dHWFcqd6ON",
            "03NKcPm2tEhaYDN58zej/t",
            "16ywTzbyBGfooKz+MOwW88",
            "1eBkxcx91MQrwC3R8hExVJ",
            "1fEWzak7hIzbvyQocMDIJL",
            "201tliTnRONZdOtvbUZKU7",
            "21TbluqPtMO6KsStYnMOgL",
            "28bzmSRihJh5KcWx3huFpr",
            "2bm8tm6VlJRolvbqaFuWqZ",
            "3fiiCYXm9DJqP7tiOUQOWT",
            "4enT3cV4RKQ5t3foVKaWIe",
            "68SqySrFxAKI3N4ED24tPe",
            "6d0p7X8ZtLhJWXQQP64Nxx",
            "75rjmPUeNDvK+F+W5PHQ5z",
            "77TBUMf5xB+ZHrvQozQeNC",
            "85lphmE95Etb0Sr0M95/XV",
            "8ezVMkv1hC169YSn96CO8d",
            "90e2zjPjNE+I8+hXUVBcL7",
            "9fHJR8erdNJoTKsiJFm2AX",
            "a2QSUR2C1AJ5wxbw+JB69r",
            "a9AZoD5t5EOZiGZWu5LR0k",
            "b4WrOnVstE97Z1NgnJrzRu",
            "b4rHlT2oRCkZ7toe2QXkaC",
            "b9eIn/w59GXq7d+YomQVCa",
            "baT6iBf3FFV6te8eyr9gyS",
            "bac75Y1AdKqrDQjFUUC4Q6",
            "d7R0puk49A/ZlpR6yyaq4E",
            "e2BA4BjChCBrTfrVqcVf51",
            "e7K9v66/xEOZvanD9KdzQ5",
            "e7m9kgGwdFAJmBakztHsYT",
            "f10Qptu/NJsZZBtHIG2cKD",
            "feY6KKOvRJC7q+pdByVUhS"
        ],
        "0eb69b400": [
            "04rzlpPP9CJ6UOkOxo+JG/",
            "3elwKNqy5EQ42cse7GoWrD"
        ],
        "0f4389b9e": [
            "01JTiKFKZDqZ6uyuV5y1G6",
            "05IdnaMyVOjJdeaLo8ELmt",
            "0f6sB0d+pN9KdSa6/4QjVu",
            "3cMClR0TNBMLMC8NCkTsFU",
            "46zSxy5UZAM5vYUZxaAvAm",
            "48c5eKVHVCrbguZGWLYO1z",
            "4bOkfifsNGdKUN6wynVu3m",
            "4d+I0u+oFG3oK5Cp/Tx3z3",
            "51O4HMVB1ED5U7fsJ6aSpG",
            "523NtPsN5GlrCgr5boOBfS",
            "56nVJSR9hMbIwWuI3QwLXn",
            "5aguzMiGtMQK94yHX9r55i",
            "63GraTsPBMkpOrBSZGtUTs",
            "70pNrG7AxIgaZOiK/tFHhp",
            "7b4JiIc8lO/ptvTrz9PgmH",
            "7ejhLKuM5HIqDYyNWE+mcR",
            "81hGbVhDVKcoohLP7cheaz",
            "82R9UMcXJIxLnWKBF6Kd1V",
            "8c8BqAtBBDsb5OmxbCgG08",
            "8fcV/YOhhGgZTc7GYpSgCD",
            "99FpKKSDRNlIeYv8nZIC20",
            "9bjBwExXhF6pNtng5rLkrz",
            "9f93sUMsRJ4Krr2qGeJ5Ok",
            "b1osAajiVO9bHb7+kXwYvE",
            "b34bGfouJFjqRazfemBdyn",
            "ceKNBEzqpH7KEWFbkZIy4B",
            "d9J3Mea0FMHoE6mtozpgv5",
            "dfvHrq/T9Knr8sBsC4TVTt",
            "e6mWAY101MfJqqX0TU05vb",
            "f67LgBpYJAWLh9h6e58aKV",
            "fb1DlNh0lG0rGk/1NL+ag4",
            "ff8X+5reZMSKdyGjT+oCsR"
        ],
        "0f5432881": [
            "d7FJaLcBJN0LS8pUgyhcaS",
            "e9/u8wdmlK76VGPtUEX256"
        ],
        "0f56266dd": [
            "e2lZc9hWpM+ZqkVh8nkzIY",
            "f7D5PAETpNELw4nUXBLgvI"
        ],
        "0fbb5c8e9": [
            "06hk0NpEBDUL/eih0Mr1C2",
            "5ctaYgI2ZJf6IIDMyMrY4a",
            "b13YLneDtGEIxSZ/sOasO2",
            "b9UGkmRvtOK5lPw7H0sND/"
        ]
    },
    "name": "36",
    "importBase": "import",
    "nativeBase": "native",
    "debug": true,
    "isZip": false,
    "encrypted": false,
    "versions": {
        "import": [
            "0160e8c95",
            "436b6",
            "018b37100",
            "b0aa2",
            "02f474839",
            "d0a6c",
            "039042250",
            "588bf",
            "040885cb7",
            "8f7a2",
            "05afkmXIpBepawKTkK2Af/",
            "50ddb",
            "05ca653ea",
            "53493",
            "073e4cd38",
            "521b0",
            "08HCTVpflBfJXPQN80FVZm",
            "709db",
            "09d482454",
            "9fcf5",
            "09e340349",
            "4c493",
            "0aee328e1",
            "dd730",
            "0bab06ee2",
            "9f8a4",
            "0c00c69c1",
            "74399",
            "0d22a6b24",
            "effbb",
            "0e17a04c1",
            "d6f97",
            "0eb69b400",
            "d1568",
            "0f4389b9e",
            "92b41",
            "0f5432881",
            "aaa94",
            "0f56266dd",
            "f0bc3",
            "0fbb5c8e9",
            "4b825",
            "11T1ARc3hA9ZFwGa+K5SMx",
            "2c0c1",
            "25v52UqmVLJpUg8DRucWg2",
            "f8412",
            "28rNIufhJMaanTCESkzdIh",
            "a3a04",
            "3dI4msIp5FJoLBNK+c4+d/",
            "0cb86",
            "42ff1SYDVFY5IGqr+IBTd7",
            "94d07",
            "43/tBORA9JQJFFZ+5UM1iW",
            "64da2",
            "563Ujc/AhJsLnfiWYRvILU",
            "a4865",
            "57VQDdBVhHXaZe9481E7OY",
            "80149",
            "5cnjIF9MhBEbeemf8Bx5lj",
            "a2df6",
            "62rGr5n1ZCR7ksx05bO6s7",
            "87bf0",
            "6bmScTYOtKUZwcyBrDrCJc",
            "6b8e3",
            "6eDvSNdLtN/bsCBMZuCtfv",
            "f1140",
            "7e9GpXYjpNzpy5LLEf0dkH",
            "d762b",
            "7fnUPX3aRGBLlN4nJ8d6+n",
            "5ef7f",
            "8bZLl1cvRDKJ2aDNVNKT3/",
            "38fb6",
            "8dZVuyerJK8Izy+POBt+sm",
            "7a4c6",
            "a1wZyOpH5DpLVZq6VB6dez",
            "d4bdc",
            "ad7pTesDFNmKp5gBuvOxo4",
            "005de",
            "afRU8EYHtKZav7RBNrUKr7",
            "2095d",
            "c1W9daFhdH7IGb8Nb29HvL",
            "c77ea",
            "c2MOPkpeFMArsYcupyxYDK",
            "7c598",
            "c6K2tvL59JA4+8Y8//B7Sx",
            "91c4f",
            "c8Yo46KIVBU7zw5I55WNaa",
            "9985f",
            "eaj8VpXT5MJ5Vp/uANoEgG",
            "1c765",
            "f4tD3cvVRKxoiPWcPvsBE3",
            "49f3b",
            "fdP9iwQARCGKvDjjlRAndK",
            "f2fa4"
        ],
        "native": [
            "01JTiKFKZDqZ6uyuV5y1G6",
            "86afd",
            "05IdnaMyVOjJdeaLo8ELmt",
            "ead9b",
            "08dhtGPZ9C4ayR6XmhlHNm",
            "94f70",
            "0f6sB0d+pN9KdSa6/4QjVu",
            "05b72",
            "3cMClR0TNBMLMC8NCkTsFU",
            "bca8a",
            "43/tBORA9JQJFFZ+5UM1iW",
            "f965d",
            "46zSxy5UZAM5vYUZxaAvAm",
            "5bb49",
            "48c5eKVHVCrbguZGWLYO1z",
            "d8580",
            "4bOkfifsNGdKUN6wynVu3m",
            "48b1f",
            "4d+I0u+oFG3oK5Cp/Tx3z3",
            "13795",
            "51O4HMVB1ED5U7fsJ6aSpG",
            "486e0",
            "523NtPsN5GlrCgr5boOBfS",
            "dace9",
            "56nVJSR9hMbIwWuI3QwLXn",
            "bb2ee",
            "5aguzMiGtMQK94yHX9r55i",
            "da17d",
            "63GraTsPBMkpOrBSZGtUTs",
            "b1424",
            "70pNrG7AxIgaZOiK/tFHhp",
            "f1edb",
            "7b4JiIc8lO/ptvTrz9PgmH",
            "ead9d",
            "7ejhLKuM5HIqDYyNWE+mcR",
            "1288e",
            "81hGbVhDVKcoohLP7cheaz",
            "3e491",
            "82R9UMcXJIxLnWKBF6Kd1V",
            "6f0e9",
            "8c8BqAtBBDsb5OmxbCgG08",
            "0fd0d",
            "8dZVuyerJK8Izy+POBt+sm",
            "fb694",
            "8fcV/YOhhGgZTc7GYpSgCD",
            "faaca",
            "95zJzi7N1MB45/6Zk8gFh6",
            "b1b77",
            "99FpKKSDRNlIeYv8nZIC20",
            "b62ed",
            "9bjBwExXhF6pNtng5rLkrz",
            "aca74",
            "9f93sUMsRJ4Krr2qGeJ5Ok",
            "913b9",
            "ad7pTesDFNmKp5gBuvOxo4",
            "0ae44",
            "b1osAajiVO9bHb7+kXwYvE",
            "90faf",
            "b34bGfouJFjqRazfemBdyn",
            "4852e",
            "b4DlF11x1NP5ne9IJwCHTc",
            "1c162",
            "c8Yo46KIVBU7zw5I55WNaa",
            "f56fe",
            "ceKNBEzqpH7KEWFbkZIy4B",
            "7edcc",
            "d9J3Mea0FMHoE6mtozpgv5",
            "efd2c",
            "dfvHrq/T9Knr8sBsC4TVTt",
            "ce2c0",
            "e6mWAY101MfJqqX0TU05vb",
            "37583",
            "f4tD3cvVRKxoiPWcPvsBE3",
            "ef31b",
            "f67LgBpYJAWLh9h6e58aKV",
            "36aed",
            "fb1DlNh0lG0rGk/1NL+ag4",
            "80709",
            "ff8X+5reZMSKdyGjT+oCsR",
            "257c4"
        ]
    }
}