[
  1,
  [
    "31VPblyWlA464Iswz6WYtA",
    "33XAubIA5M0J8Aa6bgxDDK",
    "8fDPkBYdhLN41BbjTO9nUj",
    "49okNe1HxNwqfVA0Rj4XC/",
    "4dhyJslT1Hi4ckjtgURyHe",
    "6aU8qxVuNFRaTGZ24HDxUN",
    "24VoI3BOBEf78pxHi3s05i",
    "0fLIRkbHpOdqaRmBfhcm86",
    "35nDAC6c1EXLPWUjcFaUfw",
    "70hbYBwUVD5Id6tQiTCBDl",
    "a4wrXKJlVO/JdoDpqtFsfH",
    "78i5ixe/lG67m9rLRpYURA",
    "3dkxCdcTpH6JGqCJzkr/Bh",
    "39NPkQs8xHrISv55dcsvpB",
    "41EC32wkFCRLmVLRftyLjG",
    "e7sbysWfhPkpVzCo8Ztt4B",
    "a3XquhR8tIpJE8JCqhLKAC",
    "67ZkPvx99CQa49iraKjOc/",
    "c9gejutFhC2J5O30tQMyBi",
    "eegI5LlVZB14t314GcWmCG",
    "73ibuBwhtO8LYV1eGDM+dS",
    "1bmM9BfUlP9Y2qXR0D4MQy",
    "9edcKsFmFHApp9LPwUMfNg",
    "02s5FUkHlKRKWgqyxQm8kD"
  ],
  [
    "Gem_21",
    "Gem_11",
    "Gem_10",
    "Gem_17",
    "Gem_15",
    "Gem_13",
    "Gem_22",
    "Gem_05",
    "Gem_04",
    "Gem_16",
    "Gem_12",
    "Gem_06",
    "Gem_14",
    "Gem_01",
    "Gem_07",
    "Gem_18",
    "Gem_23",
    "Gem_02",
    "Gem_00",
    "Gem_08",
    "Gem_03",
    "Gem_20",
    "Gem_09",
    "Gem_19"
  ],
  [
    "cc.SpriteFrame",
    [
      "cc.SpriteAtlas",
      [
        "_name",
        "_spriteFrames"
      ],
      2,
      11
    ]
  ],
  [
    [
      1,
      0,
      1,
      2
    ]
  ],
  [
    [
      [
        {
          "name": "Gem_19",
          "rect": [
            1,
            141,
            34,
            59
          ],
          "offset": [
            -2,
            -1
          ],
          "originalSize": [
            50,
            65
          ],
          "rotated": 1,
          "capInsets": [
            0,
            0,
            0,
            0
          ]
        }
      ],
      [
        0
      ],
      0,
      [],
      [],
      []
    ],
    [
      [
        {
          "name": "Gem_05",
          "rect": [
            64,
            37,
            32,
            61
          ],
          "offset": [
            3,
            0
          ],
          "originalSize": [
            50,
            65
          ],
          "rotated": 1,
          "capInsets": [
            0,
            0,
            0,
            0
          ]
        }
      ],
      [
        0
      ],
      0,
      [],
      [],
      []
    ],
    [
      [
        {
          "name": "Gem_20",
          "rect": [
            62,
            143,
            34,
            61
          ],
          "offset": [
            -2,
            0
          ],
          "originalSize": [
            50,
            65
          ],
          "rotated": 1,
          "capInsets": [
            0,
            0,
            0,
            0
          ]
        }
      ],
      [
        0
      ],
      0,
      [],
      [],
      []
    ],
    [
      [
        {
          "name": "Gem_22",
          "rect": [
            60,
            297,
            40,
            61
          ],
          "offset": [
            -1,
            -1
          ],
          "originalSize": [
            50,
            65
          ],
          "rotated": 1,
          "capInsets": [
            0,
            0,
            0,
            0
          ]
        }
      ],
      [
        0
      ],
      0,
      [],
      [],
      []
    ],
    [
      [
        {
          "name": "Gem_21",
          "rect": [
            62,
            217,
            36,
            61
          ],
          "offset": [
            -2,
            -1
          ],
          "originalSize": [
            50,
            65
          ],
          "rotated": 1,
          "capInsets": [
            0,
            0,
            0,
            0
          ]
        }
      ],
      [
        0
      ],
      0,
      [],
      [],
      []
    ],
    [
      [
        [
          0,
          "Alats16.plist",
          [
            {},
            "Gem_21",
            6,
            0,
            "Gem_11",
            6,
            1,
            "Gem_10",
            6,
            2,
            "Gem_17",
            6,
            3,
            "Gem_15",
            6,
            4,
            "Gem_13",
            6,
            5,
            "Gem_22",
            6,
            6,
            "Gem_05",
            6,
            7,
            "Gem_04",
            6,
            8,
            "Gem_16",
            6,
            9,
            "Gem_12",
            6,
            10,
            "Gem_06",
            6,
            11,
            "Gem_14",
            6,
            12,
            "Gem_01",
            6,
            13,
            "Gem_07",
            6,
            14,
            "Gem_18",
            6,
            15,
            "Gem_23",
            6,
            16,
            "Gem_02",
            6,
            17,
            "Gem_00",
            6,
            18,
            "Gem_08",
            6,
            19,
            "Gem_03",
            6,
            20,
            "Gem_20",
            6,
            21,
            "Gem_09",
            6,
            22,
            "Gem_19",
            6,
            23
          ]
        ]
      ],
      0,
      0,
      [
        0,
        0,
        0,
        0,
        0,
        0,
        0,
        0,
        0,
        0,
        0,
        0,
        0,
        0,
        0,
        0,
        0,
        0,
        0,
        0,
        0,
        0,
        0,
        0
      ],
      [
        0,
        1,
        2,
        3,
        4,
        5,
        6,
        7,
        8,
        9,
        10,
        11,
        12,
        13,
        14,
        15,
        16,
        17,
        18,
        19,
        20,
        21,
        22,
        23
      ],
      [
        0,
        1,
        2,
        3,
        4,
        5,
        6,
        7,
        8,
        9,
        10,
        11,
        12,
        13,
        14,
        15,
        16,
        17,
        18,
        19,
        20,
        21,
        22,
        23
      ]
    ],
    [
      [
        {
          "name": "Gem_11",
          "rect": [
            66,
            383,
            44,
            57
          ],
          "offset": [
            -2,
            0
          ],
          "originalSize": [
            50,
            65
          ],
          "rotated": 1,
          "capInsets": [
            0,
            0,
            0,
            0
          ]
        }
      ],
      [
        0
      ],
      0,
      [],
      [],
      []
    ],
    [
      [
        {
          "name": "Gem_04",
          "rect": [
            1,
            35,
            32,
            61
          ],
          "offset": [
            2,
            0
          ],
          "originalSize": [
            50,
            65
          ],
          "rotated": 1,
          "capInsets": [
            0,
            0,
            0,
            0
          ]
        }
      ],
      [
        0
      ],
      0,
      [],
      [],
      []
    ],
    [
      [
        {
          "name": "Gem_01",
          "rect": [
            1,
            383,
            42,
            63
          ],
          "offset": [
            1,
            0
          ],
          "originalSize": [
            50,
            65
          ],
          "rotated": 1,
          "capInsets": [
            0,
            0,
            0,
            0
          ]
        }
      ],
      [
        0
      ],
      0,
      [],
      [],
      []
    ],
    [
      [
        {
          "name": "Gem_14",
          "rect": [
            1,
            295,
            40,
            57
          ],
          "offset": [
            -3,
            0
          ],
          "originalSize": [
            50,
            65
          ],
          "rotated": 1,
          "capInsets": [
            0,
            0,
            0,
            0
          ]
        }
      ],
      [
        0
      ],
      0,
      [],
      [],
      []
    ],
    [
      [
        {
          "name": "Gem_07",
          "rect": [
            66,
            1,
            34,
            59
          ],
          "offset": [
            3,
            0
          ],
          "originalSize": [
            50,
            65
          ],
          "rotated": 1,
          "capInsets": [
            0,
            0,
            0,
            0
          ]
        }
      ],
      [
        0
      ],
      0,
      [],
      [],
      []
    ],
    [
      [
        {
          "name": "Gem_17",
          "rect": [
            62,
            179,
            36,
            59
          ],
          "offset": [
            -3,
            0
          ],
          "originalSize": [
            50,
            65
          ],
          "rotated": 1,
          "capInsets": [
            0,
            0,
            0,
            0
          ]
        }
      ],
      [
        0
      ],
      0,
      [],
      [],
      []
    ],
    [
      [
        {
          "name": "Gem_15",
          "rect": [
            62,
            107,
            34,
            59
          ],
          "offset": [
            -2,
            0
          ],
          "originalSize": [
            50,
            65
          ],
          "rotated": 1,
          "capInsets": [
            0,
            0,
            0,
            0
          ]
        }
      ],
      [
        0
      ],
      0,
      [],
      [],
      []
    ],
    [
      [
        {
          "name": "Gem_02",
          "rect": [
            1,
            255,
            38,
            63
          ],
          "offset": [
            2,
            0
          ],
          "originalSize": [
            50,
            65
          ],
          "rotated": 1,
          "capInsets": [
            0,
            0,
            0,
            0
          ]
        }
      ],
      [
        0
      ],
      0,
      [],
      [],
      []
    ],
    [
      [
        {
          "name": "Gem_13",
          "rect": [
            1,
            337,
            42,
            57
          ],
          "offset": [
            -2,
            0
          ],
          "originalSize": [
            50,
            65
          ],
          "rotated": 1,
          "capInsets": [
            0,
            0,
            0,
            0
          ]
        }
      ],
      [
        0
      ],
      0,
      [],
      [],
      []
    ],
    [
      [
        {
          "name": "Gem_16",
          "rect": [
            1,
            177,
            36,
            59
          ],
          "offset": [
            -3,
            0
          ],
          "originalSize": [
            50,
            65
          ],
          "rotated": 1,
          "capInsets": [
            0,
            0,
            0,
            0
          ]
        }
      ],
      [
        0
      ],
      0,
      [],
      [],
      []
    ],
    [
      [
        {
          "name": "Gem_03",
          "rect": [
            1,
            1,
            32,
            63
          ],
          "offset": [
            2,
            0
          ],
          "originalSize": [
            50,
            65
          ],
          "rotated": 1,
          "capInsets": [
            0,
            0,
            0,
            0
          ]
        }
      ],
      [
        0
      ],
      0,
      [],
      [],
      []
    ],
    [
      [
        {
          "name": "Gem_06",
          "rect": [
            1,
            69,
            34,
            61
          ],
          "offset": [
            3,
            1
          ],
          "originalSize": [
            50,
            65
          ],
          "rotated": 1,
          "capInsets": [
            0,
            0,
            0,
            0
          ]
        }
      ],
      [
        0
      ],
      0,
      [],
      [],
      []
    ],
    [
      [
        {
          "name": "Gem_10",
          "rect": [
            66,
            255,
            40,
            57
          ],
          "offset": [
            -2,
            0
          ],
          "originalSize": [
            50,
            65
          ],
          "rotated": 1,
          "capInsets": [
            0,
            0,
            0,
            0
          ]
        }
      ],
      [
        0
      ],
      0,
      [],
      [],
      []
    ],
    [
      [
        {
          "name": "Gem_09",
          "rect": [
            1,
            105,
            34,
            59
          ],
          "offset": [
            -2,
            1
          ],
          "originalSize": [
            50,
            65
          ],
          "rotated": 1,
          "capInsets": [
            0,
            0,
            0,
            0
          ]
        }
      ],
      [
        0
      ],
      0,
      [],
      [],
      []
    ],
    [
      [
        {
          "name": "Gem_23",
          "rect": [
            1,
            427,
            42,
            63
          ],
          "offset": [
            0,
            0
          ],
          "originalSize": [
            50,
            65
          ],
          "rotated": 1,
          "capInsets": [
            0,
            0,
            0,
            0
          ]
        }
      ],
      [
        0
      ],
      0,
      [],
      [],
      []
    ],
    [
      [
        {
          "name": "Gem_12",
          "rect": [
            66,
            429,
            44,
            57
          ],
          "offset": [
            -2,
            0
          ],
          "originalSize": [
            50,
            65
          ],
          "rotated": 1,
          "capInsets": [
            0,
            0,
            0,
            0
          ]
        }
      ],
      [
        0
      ],
      0,
      [],
      [],
      []
    ],
    [
      [
        {
          "name": "Gem_00",
          "rect": [
            60,
            339,
            42,
            63
          ],
          "offset": [
            0,
            0
          ],
          "originalSize": [
            50,
            65
          ],
          "rotated": 1,
          "capInsets": [
            0,
            0,
            0,
            0
          ]
        }
      ],
      [
        0
      ],
      0,
      [],
      [],
      []
    ],
    [
      [
        {
          "name": "Gem_18",
          "rect": [
            1,
            215,
            36,
            59
          ],
          "offset": [
            -3,
            -1
          ],
          "originalSize": [
            50,
            65
          ],
          "rotated": 1,
          "capInsets": [
            0,
            0,
            0,
            0
          ]
        }
      ],
      [
        0
      ],
      0,
      [],
      [],
      []
    ],
    [
      [
        {
          "name": "Gem_08",
          "rect": [
            64,
            71,
            34,
            59
          ],
          "offset": [
            1,
            0
          ],
          "originalSize": [
            50,
            65
          ],
          "rotated": 1,
          "capInsets": [
            0,
            0,
            0,
            0
          ]
        }
      ],
      [
        0
      ],
      0,
      [],
      [],
      []
    ]
  ]
]