[1,["b5uEJ3JLpBzb8BXqQgELsg"],["_textureSetter"],["cc.SpriteFrame"],0,[[[{"name":"wild_vfx_d_10","rect":[1,525,129,437],"offset":[0,0],"originalSize":[129,437],"rotated":1,"capInsets":[0,0,0,0]}],[0],0,[0],[0],[0]],[[{"name":"wild_vfx_d_03","rect":[1,132,129,433],"offset":[0,-2],"originalSize":[129,437],"rotated":1,"capInsets":[0,0,0,0]}],[0],0,[0],[0],[0]],[[{"name":"wild_vfx_d_12","rect":[1,656,129,437],"offset":[0,0],"originalSize":[129,437],"rotated":1,"capInsets":[0,0,0,0]}],[0],0,[0],[0],[0]],[[{"name":"wild_vfx_d_08","rect":[1,394,129,437],"offset":[0,0],"originalSize":[129,437],"rotated":1,"capInsets":[0,0,0,0]}],[0],0,[0],[0],[0]],[[{"name":"wild_vfx_d_17","rect":[1,918,129,437],"offset":[0,0],"originalSize":[129,437],"rotated":1,"capInsets":[0,0,0,0]}],[0],0,[0],[0],[0]],[[{"name":"wild_vfx_d_05","rect":[1,263,129,435],"offset":[0,-1],"originalSize":[129,437],"rotated":1,"capInsets":[0,0,0,0]}],[0],0,[0],[0],[0]],[[{"name":"wild_vfx_d_19","rect":[1,1049,129,437],"offset":[0,0],"originalSize":[129,437],"rotated":1,"capInsets":[0,0,0,0]}],[0],0,[0],[0],[0]],[[{"name":"wild_vfx_d_06","rect":[438,263,129,435],"offset":[0,-1],"originalSize":[129,437],"rotated":1,"capInsets":[0,0,0,0]}],[0],0,[0],[0],[0]],[[{"name":"wild_vfx_d_15","rect":[1,787,129,437],"offset":[0,0],"originalSize":[129,437],"rotated":1,"capInsets":[0,0,0,0]}],[0],0,[0],[0],[0]],[[{"name":"wild_vfx_d_00","rect":[1,1,129,179],"offset":[0,-129],"originalSize":[129,437],"rotated":1,"capInsets":[0,0,0,0]}],[0],0,[0],[0],[0]],[[{"name":"wild_vfx_d_02","rect":[401,1,129,433],"offset":[0,-2],"originalSize":[129,437],"rotated":1,"capInsets":[0,0,0,0]}],[0],0,[0],[0],[0]],[[{"name":"wild_vfx_d_16","rect":[440,833,129,437],"offset":[0,0],"originalSize":[129,437],"rotated":1,"capInsets":[0,0,0,0]}],[0],0,[0],[0],[0]],[[{"name":"wild_vfx_d_13","rect":[440,702,129,437],"offset":[0,0],"originalSize":[129,437],"rotated":1,"capInsets":[0,0,0,0]}],[0],0,[0],[0],[0]],[[{"name":"wild_vfx_d_18","rect":[440,964,129,437],"offset":[0,0],"originalSize":[129,437],"rotated":1,"capInsets":[0,0,0,0]}],[0],0,[0],[0],[0]],[[{"name":"wild_vfx_d_07","rect":[875,1,129,437],"offset":[0,0],"originalSize":[129,437],"capInsets":[0,0,0,0]}],[0],0,[0],[0],[0]],[[{"name":"wild_vfx_d_11","rect":[440,571,129,437],"offset":[0,0],"originalSize":[129,437],"rotated":1,"capInsets":[0,0,0,0]}],[0],0,[0],[0],[0]],[[{"name":"wild_vfx_d_14","rect":[879,440,129,437],"offset":[0,0],"originalSize":[129,437],"capInsets":[0,0,0,0]}],[0],0,[0],[0],[0]],[[{"name":"wild_vfx_d_09","rect":[440,440,129,437],"offset":[0,0],"originalSize":[129,437],"rotated":1,"capInsets":[0,0,0,0]}],[0],0,[0],[0],[0]],[[{"name":"wild_vfx_d_01","rect":[182,1,129,217],"offset":[0,-110],"originalSize":[129,437],"rotated":1,"capInsets":[0,0,0,0]}],[0],0,[0],[0],[0]],[[{"name":"wild_vfx_d_04","rect":[436,132,129,433],"offset":[0,-2],"originalSize":[129,437],"rotated":1,"capInsets":[0,0,0,0]}],[0],0,[0],[0],[0]],[[{"name":"wild_vfx_d_20","rect":[440,1095,129,437],"offset":[0,0],"originalSize":[129,437],"rotated":1,"capInsets":[0,0,0,0]}],[0],0,[0],[0],[0]]]]