[1,["c13xqq+q1JYrhQgMF/naxo","a294KcW/ZPIYmP9siXTj/i","7bQbGeLetBL5Nl9MwVwilP","a64nuvKR5MR7eEtADDWP9A","19X26mHBlG8J9lwmw5zwVO","9b8mnX8uJFioFqRi4xPQNZ","76WM9im+NLl4kAhu6MFrq7"],["_textureSetter","ib_bar_c","ib_bar_b","bns_reel_b","ib_bar_a_bns","ib_bar_a","reel_b"],["cc.SpriteFrame",["cc.SpriteAtlas",["_name","_spriteFrames"],2,11]],[[1,0,1,2]],[[[[0,"Alats39.plist",[{},"ib_bar_c",6,0,"ib_bar_b",6,1,"bns_reel_b",6,2,"ib_bar_a_bns",6,3,"ib_bar_a",6,4,"reel_b",6,5]]],0,0,[0,0,0,0,0,0],[1,2,3,4,5,6],[1,2,3,4,5,6]],[[{"name":"reel_b","rect":[1,521,756,15],"offset":[0,0],"originalSize":[756,15],"capInsets":[0,0,0,0]}],[0],0,[0],[0],[0]],[[{"name":"bns_reel_b","rect":[1,504,756,15],"offset":[0,0],"originalSize":[756,15],"capInsets":[0,0,0,0]}],[0],0,[0],[0],[0]]]]