[1,["5c83Pc87ZPqZC5wb9RhmYe","70cVopRoFOD4ShOH5zwc4S","dcxe2ZWiFC24P8pgVi9wgT","eb9a8kS7hM/rL8iqq+JxuJ","ffH2cOaqhFh5Ewr/zM2w/u","a66RkLYeJOJr4fLl8T0pOk","72bTqmGVhLD5Wn5O1npkIR","6aWNJekjdBX7TckakF8FHy","87mJrm4o1NDpbaDB70Yv9u","2bx5T0bB9O/ZG/jeLu2Fvn","84OvGfaVJMiKi01Gs03skD","3cmjFobkVExZ9gQVC+v6An","45N62y3V1A1oa+YDRDP/TG","aa3GuFvq9CkZju4izecur8","599/+MsvpOO7imr9EY9geI","7bWLWl6L5AdIxITB3HdONc","4ctt2WrBNLFY7fdJS6YkMl","27oVADAVhNVZjOSLLPnoSJ","5fTi1DGZhHn71kuOLQI8Tw","30YVw731lLSpqAKazQaW0x","81HkBdNwpJNbr3b9YieuSQ","8bxAgWWlJA26lWvdLzl9d9","c4kLh5lg1BuYm+wz7ECzTG","b5S0w4Y0BHBJ3WZim593FR","ecCIkpxkJCSY6Su+759ovn","03kL/aBItOrasR7S7qvegR","6b6fQSLjdHA4DoLPln2uRc","28f0raHQtH6oQAu8TQ8wVd","38PEm8bUdBXY1CpKD141HF","ceJ6QVTfNJrYkmUOHVCmCc","4ch1yVg1VIg6IeR6ou7XIc","2d4m7738NFnaWR9w2yVzRq"],["_textureSetter","center_autoplay","auto_arrow","auto_shadow","ic_soundoff","ic_soundon","ic_chip","ic_wallet_new","ic_coupon","ic_wallet_open","ic_spin","setting_info_footer_bg","ic_rollover","ic_free_game","center_turbo_off","center_turbo_on","turbo_shadow","ic_toast_turbo_off","ic_soundoff_off","btn_turbo_bg","ic_toast_turbo_on","bg_tooltip_arrow","bg_tooltip_box","bg_round_border","ic_close","btn_menu","bg_round_solid","ic_exit","ic_paytable","btn_minus","ic_rule","btn_add"],["cc.SpriteFrame",["cc.SpriteAtlas",["_name","_spriteFrames"],2,11]],[[1,0,1,2]],[[[{"name":"btn_menu","rect":[1,1418,50,38],"offset":[0,0],"originalSize":[90,90],"capInsets":[0,0,0,0]}],[0],0,[0],[0],[0]],[[{"name":"ic_toast_turbo_off","rect":[83,887,38,44],"offset":[0,0],"originalSize":[48,48],"capInsets":[0,0,0,0]}],[0],0,[0],[0],[0]],[[{"name":"ic_exit","rect":[1,435,90,80],"offset":[-2,0],"originalSize":[108,108],"capInsets":[0,0,0,0]}],[0],0,[0],[0],[0]],[[{"name":"ic_wallet_open","rect":[81,1003,44,44],"offset":[0,0],"originalSize":[60,60],"capInsets":[0,0,0,0]}],[0],0,[0],[0],[0]],[[{"name":"btn_add","rect":[1,123,108,108],"offset":[0,0],"originalSize":[108,108],"capInsets":[0,0,0,0]}],[0],0,[0],[0],[0]],[[{"name":"btn_turbo_bg","rect":[1,343,90,90],"offset":[0,0],"originalSize":[90,90],"capInsets":[0,0,0,0]}],[0],0,[0],[0],[0]],[[{"name":"ic_paytable","rect":[1,839,80,80],"offset":[0,0],"originalSize":[108,108],"capInsets":[0,0,0,0]}],[0],0,[0],[0],[0]],[[{"name":"setting_info_footer_bg","rect":[111,123,3,305],"offset":[0,0],"originalSize":[3,305],"capInsets":[0,0,0,0]}],[0],0,[0],[0],[0]],[[{"name":"ic_rollover","rect":[1,1484,48,48],"offset":[0,0],"originalSize":[60,60],"capInsets":[0,0,0,0]}],[0],0,[0],[0],[0]],[[{"name":"ic_rule","rect":[1,753,80,84],"offset":[0,2],"originalSize":[108,108],"capInsets":[0,0,0,0]}],[0],0,[0],[0],[0]],[[{"name":"turbo_shadow","rect":[77,1093,48,66],"offset":[0,0],"originalSize":[70,70],"capInsets":[0,0,0,0]}],[0],0,[0],[0],[0]],[[[0,"Alats5.plist",[{},"center_autoplay",6,0,"auto_arrow",6,1,"auto_shadow",6,2,"ic_soundoff",6,3,"ic_soundon",6,4,"ic_chip",6,5,"ic_wallet_new",6,6,"ic_coupon",6,7,"ic_wallet_open",6,8,"ic_spin",6,9,"setting_info_footer_bg",6,10,"ic_rollover",6,11,"ic_free_game",6,12,"center_turbo_off",6,13,"center_turbo_on",6,14,"turbo_shadow",6,15,"ic_toast_turbo_off",6,16,"ic_soundoff_off",6,17,"btn_turbo_bg",6,18,"ic_toast_turbo_on",6,19,"bg_tooltip_arrow",6,20,"bg_tooltip_box",6,21,"bg_round_border",6,22,"ic_close",6,23,"btn_menu",6,24,"bg_round_solid",6,25,"ic_exit",6,26,"ic_paytable",6,27,"btn_minus",6,28,"ic_rule",6,29,"btn_add",6,30]]],0,0,[0,0,0,0,0,0,0,0,0,0,0,0,0,0,0,0,0,0,0,0,0,0,0,0,0,0,0,0,0,0,0],[1,2,3,4,5,6,7,8,9,10,11,12,13,14,15,16,17,18,19,20,21,22,23,24,25,26,27,28,29,30,31],[1,2,3,4,5,6,7,8,9,10,11,12,13,14,15,16,17,18,19,20,21,22,23,24,25,26,27,28,29,30,31]],[[{"name":"center_turbo_off","rect":[83,799,40,44],"offset":[-1,0],"originalSize":[90,90],"capInsets":[0,0,0,0]}],[0],0,[0],[0],[0]],[[{"name":"ic_soundoff_off","rect":[93,493,24,24],"offset":[0,0],"originalSize":[24,24],"capInsets":[0,0,0,0]}],[0],0,[0],[0],[0]],[[{"name":"ic_wallet_new","rect":[93,468,28,23],"offset":[0,0],"originalSize":[28,23],"capInsets":[0,0,0,0]}],[0],0,[0],[0],[0]],[[{"name":"bg_round_solid","rect":[63,1377,60,60],"offset":[0,0],"originalSize":[60,60],"capInsets":[0,0,0,0]}],[0],0,[0],[0],[0]],[[{"name":"center_autoplay","rect":[93,430,30,36],"offset":[2,0],"originalSize":[90,90],"capInsets":[0,0,0,0]}],[0],0,[0],[0],[0]],[[{"name":"ic_chip","rect":[83,753,42,44],"offset":[0,0],"originalSize":[60,60],"capInsets":[0,0,0,0]}],[0],0,[0],[0],[0]],[[{"name":"center_turbo_on","rect":[89,565,34,44],"offset":[0,0],"originalSize":[90,90],"capInsets":[0,0,0,0]}],[0],0,[0],[0],[0]],[[{"name":"ic_toast_turbo_on","rect":[89,611,34,44],"offset":[0,0],"originalSize":[48,48],"capInsets":[0,0,0,0]}],[0],0,[0],[0],[0]],[[{"name":"ic_spin","rect":[51,1484,48,48],"offset":[0,0],"originalSize":[60,60],"capInsets":[0,0,0,0]}],[0],0,[0],[0],[0]],[[{"name":"ic_coupon","rect":[53,1439,50,38],"offset":[0,0],"originalSize":[60,60],"capInsets":[0,0,0,0]}],[0],0,[0],[0],[0]],[[{"name":"bg_tooltip_arrow","rect":[1,1458,50,24],"offset":[0,0],"originalSize":[120,24],"capInsets":[0,0,0,0]}],[0],0,[0],[0],[0]],[[{"name":"ic_soundon","rect":[1,679,86,72],"offset":[0,0],"originalSize":[108,108],"capInsets":[0,0,0,0]}],[0],0,[0],[0],[0]],[[{"name":"ic_free_game","rect":[81,1049,44,42],"offset":[0,2],"originalSize":[60,60],"capInsets":[0,0,0,0]}],[0],0,[0],[0],[0]],[[{"name":"bg_round_border","rect":[1,1346,60,60],"offset":[0,0],"originalSize":[60,60],"capInsets":[0,0,0,0]}],[0],0,[0],[0],[0]],[[{"name":"bg_tooltip_box","rect":[1,1,120,120],"offset":[0,0],"originalSize":[120,120],"capInsets":[0,0,0,0]}],[0],0,[0],[0],[0]],[[{"name":"btn_minus","rect":[1,233,108,108],"offset":[0,0],"originalSize":[108,108],"capInsets":[0,0,0,0]}],[0],0,[0],[0],[0]],[[{"name":"auto_arrow","rect":[1,1219,66,63],"offset":[0,0],"originalSize":[66,63],"capInsets":[0,0,0,0]}],[0],0,[0],[0],[0]],[[{"name":"auto_shadow","rect":[89,519,36,44],"offset":[3,1],"originalSize":[70,70],"capInsets":[0,0,0,0]}],[0],0,[0],[0],[0]],[[{"name":"ic_close","rect":[1,517,86,86],"offset":[0,0],"originalSize":[108,108],"capInsets":[0,0,0,0]}],[0],0,[0],[0],[0]],[[{"name":"ic_soundoff","rect":[1,605,86,72],"offset":[0,0],"originalSize":[108,108],"capInsets":[0,0,0,0]}],[0],0,[0],[0],[0]]]]