[1,["f52s+0d49P+pOxKaJaK6mr","34SU79CE1AAKukYvVUS0V1","62Q5uSo+pCBbt7388RqfZq","aa826Y9RhFBpaYDMIjdYIl","3fzsMLgTBJdJK8oW3mXeND","c4lnuuEudIJKmw4k6Czme2"],["tw_vfx_b_normal","tw_vfx_d_normal","tw_vfx_c_normal_character","tw_vfx_m_normal","tw_button_normal","_textureSetter"],["cc.SpriteFrame",["cc.SpriteAtlas",["_name","_spriteFrames"],2,11]],[[1,0,1,2]],[[[[0,"Alats43.plist",[{},"tw_vfx_b_normal",6,0,"tw_vfx_d_normal",6,1,"tw_vfx_c_normal_character",6,2,"tw_vfx_m_normal",6,3,"tw_button_normal",6,4]]],0,0,[0,0,0,0,0],[0,1,2,3,4],[0,1,2,3,4]],[[{"name":"tw_vfx_b_normal","rect":[1,1641,756,296],"offset":[0,0],"originalSize":[756,296],"capInsets":[0,0,0,0]}],[0],0,[0],[5],[5]]]]