[
  1,
  [
    "cdAa4W3VNDC7qWCRRsRCDi",
    "d6/mcJL1ZDLrJ3A7pNNbwP",
    "cd9/MrLUVCB6bbKvtJkGNH",
    "79kRvkSKBEI7zAECgdEhrl",
    "1efgpyXPNHj5uUjqKgbKAM",
    "cc4eJ5lQlPvb95aRBABDgm",
    "4fduQURi1Caai78//QDRy/",
    "bdPjHdzGlChp/SGYZOV2Yk",
    "e7RcaRNThJAJ9bk8ySMWSG",
    "f4DJTSxZxKarwA/zvj9pmV",
    "darqbJjwlKmaGIidwdVQgg",
    "b3RXqFM0dLtLARijAOxPS9",
    "bepccB92hDE7mk/7JK3AfQ",
    "67xm3hMztDl4waJuep308A",
    "6aQJlIAy1KK6/qJFoaqgKi"
  ],
  [
    "value"
  ],
  [
    [
      "cc.AnimationClip",
      [
        "_name",
        "_duration",
        "sample",
        "speed",
        "curveData"
      ],
      -1,
      11
    ]
  ],
  [
    [
      0,
      0,
      1,
      2,
      3,
      4,
      5
    ]
  ],
  [
    [
      0,
      "Effect_BigWin",
      1,
      15,
      1.3,
      [
        {},
        "paths",
        11,
        [
          {
            "NodeMegaWin/mw": {
              "props": {
                "scale": [],
                "y": []
              }
            },
            "NodeMegaWin/mw_pattern_a_normal": {
              "props": {
                "scale": []
              }
            },
            "NodeMegaWin/mw_pattern_b_screen": {
              "props": {
                "scale": [],
                "opacity": []
              }
            },
            "NodeMegaWin/mw_pattern_c_screen": {
              "props": {
                "scale": []
              }
            },
            "NodeBigWin": {
              "props": {
                "opacity": [
                  {
                    "frame": 0,
                    "value": 255
                  }
                ]
              }
            }
          },
          "NodeBigWin/bw_vfx_d_add",
          11,
          [
            {
              "comps": {}
            },
            "props",
            11,
            [
              {
                "opacity": [
                  {
                    "frame": 0,
                    "value": 100,
                    "curve": "sineOut"
                  },
                  {
                    "frame": 0.5333333333333333,
                    "value": 255
                  }
                ]
              },
              "scale",
              12,
              [
                [
                  [
                    {
                      "frame": 0,
                      "curve": "sineOut"
                    },
                    "value",
                    8,
                    [
                      1,
                      0,
                      0,
                      1
                    ]
                  ],
                  [
                    {
                      "frame": 0.5333333333333333
                    },
                    "value",
                    8,
                    [
                      1,
                      2,
                      2,
                      1
                    ]
                  ]
                ],
                11,
                11
              ]
            ]
          ],
          "NodeBigWin/mattrang",
          11,
          [
            {
              "comps": {}
            },
            "props",
            11,
            [
              {
                "angle": [
                  {
                    "frame": 0.06666666666666667,
                    "value": 0
                  }
                ]
              },
              "scale",
              12,
              [
                [
                  [
                    {
                      "frame": 0.06666666666666667,
                      "curve": "sineOut"
                    },
                    "value",
                    8,
                    [
                      1,
                      0,
                      0,
                      1
                    ]
                  ],
                  [
                    {
                      "frame": 0.8
                    },
                    "value",
                    8,
                    [
                      1,
                      1,
                      1,
                      1
                    ]
                  ]
                ],
                11,
                11
              ]
            ]
          ],
          "NodeBigWin/bw_pattern_c_add",
          11,
          [
            {
              "comps": {}
            },
            "props",
            11,
            [
              {},
              "scale",
              12,
              [
                [
                  [
                    {
                      "frame": 0
                    },
                    "value",
                    8,
                    [
                      1,
                      1.3,
                      0,
                      1
                    ]
                  ],
                  [
                    {
                      "frame": 0.26666666666666666,
                      "curve": "sineOut"
                    },
                    "value",
                    8,
                    [
                      1,
                      0,
                      0,
                      1
                    ]
                  ],
                  [
                    {
                      "frame": 0.8
                    },
                    "value",
                    8,
                    [
                      1,
                      1.3,
                      1.3,
                      1
                    ]
                  ]
                ],
                11,
                11,
                11
              ]
            ]
          ],
          "NodeBigWin/bw_pattern_b_screen",
          11,
          [
            {
              "comps": {}
            },
            "props",
            11,
            [
              {
                "angle": [
                  {
                    "frame": 0,
                    "value": 0
                  }
                ]
              },
              "scale",
              12,
              [
                [
                  [
                    {
                      "frame": 0.06666666666666667,
                      "curve": "sineOut"
                    },
                    "value",
                    8,
                    [
                      1,
                      0,
                      0,
                      1.3
                    ]
                  ],
                  [
                    {
                      "frame": 0.6666666666666666
                    },
                    "value",
                    8,
                    [
                      1,
                      1.3,
                      1.3,
                      1.3
                    ]
                  ]
                ],
                11,
                11
              ]
            ]
          ],
          "NodeBigWin/bw_vfx_b_add_00",
          11,
          [
            {
              "props": {}
            },
            "comps",
            11,
            [
              {},
              "cc.Sprite",
              11,
              [
                {},
                "spriteFrame",
                12,
                [
                  [
                    [
                      {
                        "frame": 0
                      },
                      "value",
                      6,
                      0
                    ],
                    [
                      {
                        "frame": 0.06666666666666667
                      },
                      "value",
                      6,
                      1
                    ],
                    [
                      {
                        "frame": 0.13333333333333333
                      },
                      "value",
                      6,
                      2
                    ],
                    [
                      {
                        "frame": 0.2
                      },
                      "value",
                      6,
                      3
                    ],
                    [
                      {
                        "frame": 0.26666666666666666
                      },
                      "value",
                      6,
                      4
                    ],
                    [
                      {
                        "frame": 0.3333333333333333
                      },
                      "value",
                      6,
                      5
                    ],
                    [
                      {
                        "frame": 0.4
                      },
                      "value",
                      6,
                      6
                    ],
                    [
                      {
                        "frame": 0.4666666666666667
                      },
                      "value",
                      6,
                      7
                    ],
                    [
                      {
                        "frame": 0.5333333333333333
                      },
                      "value",
                      6,
                      8
                    ],
                    [
                      {
                        "frame": 0.6
                      },
                      "value",
                      6,
                      9
                    ],
                    [
                      {
                        "frame": 0.6666666666666666
                      },
                      "value",
                      6,
                      10
                    ],
                    [
                      {
                        "frame": 0.7333333333333333
                      },
                      "value",
                      6,
                      11
                    ],
                    [
                      {
                        "frame": 0.8
                      },
                      "value",
                      6,
                      12
                    ],
                    [
                      {
                        "frame": 0.8666666666666667
                      },
                      "value",
                      6,
                      13
                    ],
                    {
                      "frame": 0.9333333333333333,
                      "value": null
                    }
                  ],
                  11,
                  11,
                  11,
                  11,
                  11,
                  11,
                  11,
                  11,
                  11,
                  11,
                  11,
                  11,
                  11,
                  11,
                  0
                ]
              ]
            ]
          ],
          "NodeBigWin/bw_pattern_d_add",
          11,
          [
            {
              "comps": {}
            },
            "props",
            11,
            [
              {
                "angle": [
                  {
                    "frame": 0,
                    "value": 0
                  }
                ]
              },
              "scale",
              12,
              [
                [
                  [
                    {
                      "frame": 0.26666666666666666,
                      "curve": "sineOut"
                    },
                    "value",
                    8,
                    [
                      1,
                      0,
                      0,
                      1
                    ]
                  ],
                  [
                    {
                      "frame": 0.9333333333333333
                    },
                    "value",
                    8,
                    [
                      1,
                      1.4,
                      1.4,
                      1
                    ]
                  ]
                ],
                11,
                11
              ]
            ]
          ],
          "NodeBigWin/bw",
          11,
          [
            {
              "comps": {}
            },
            "props",
            11,
            [
              {
                "y": [
                  {
                    "frame": 0,
                    "value": 231,
                    "curve": "sineOut"
                  },
                  {
                    "frame": 0.26666666666666666,
                    "value": 331,
                    "curve": "sineOut"
                  },
                  {
                    "frame": 0.6,
                    "value": 200,
                    "curve": "sineOut"
                  },
                  {
                    "frame": 0.8,
                    "value": 231
                  }
                ]
              },
              "scale",
              12,
              [
                [
                  [
                    {
                      "frame": 0,
                      "curve": "sineOut"
                    },
                    "value",
                    8,
                    [
                      1,
                      0,
                      0,
                      1
                    ]
                  ],
                  [
                    {
                      "frame": 0.26666666666666666,
                      "curve": "sineOut"
                    },
                    "value",
                    8,
                    [
                      1,
                      1.7,
                      1.7,
                      1
                    ]
                  ],
                  [
                    {
                      "frame": 0.6,
                      "curve": "sineOut"
                    },
                    "value",
                    8,
                    [
                      1,
                      0.8,
                      0.8,
                      1
                    ]
                  ],
                  [
                    {
                      "frame": 0.8
                    },
                    "value",
                    8,
                    [
                      1,
                      1,
                      1,
                      1
                    ]
                  ]
                ],
                11,
                11,
                11,
                11
              ]
            ]
          ],
          "NodeBigWin/bw_vfx_a_screen",
          11,
          [
            {},
            "comps",
            11,
            [
              {},
              "cc.Sprite",
              11,
              [
                {},
                "spriteFrame",
                12,
                [
                  [
                    {
                      "frame": 0,
                      "value": null
                    },
                    [
                      {
                        "frame": 0.6666666666666666
                      },
                      "value",
                      6,
                      14
                    ],
                    [
                      {
                        "frame": 0.9333333333333333
                      },
                      "value",
                      6,
                      15
                    ]
                  ],
                  0,
                  11,
                  11
                ]
              ]
            ],
            "props",
            11,
            [
              {
                "opacity": [
                  {
                    "frame": 0,
                    "value": 0
                  },
                  {
                    "frame": 0.6666666666666666,
                    "value": 255
                  },
                  {
                    "frame": 0.9333333333333333,
                    "value": 0
                  }
                ]
              },
              "scale",
              12,
              [
                [
                  [
                    {
                      "frame": 0
                    },
                    "value",
                    8,
                    [
                      1,
                      1,
                      1,
                      1
                    ]
                  ],
                  [
                    {
                      "frame": 0.6666666666666666
                    },
                    "value",
                    8,
                    [
                      1,
                      1,
                      1,
                      1
                    ]
                  ],
                  [
                    {
                      "frame": 0.9333333333333333
                    },
                    "value",
                    8,
                    [
                      1,
                      2.3,
                      2.3,
                      1
                    ]
                  ]
                ],
                11,
                11,
                11
              ]
            ]
          ]
        ]
      ]
    ]
  ],
  0,
  0,
  [
    0,
    0,
    0,
    0,
    0,
    0,
    0,
    0,
    0,
    0,
    0,
    0,
    0,
    0,
    0,
    0
  ],
  [
    0,
    0,
    0,
    0,
    0,
    0,
    0,
    0,
    0,
    0,
    0,
    0,
    0,
    0,
    0,
    0
  ],
  [
    1,
    2,
    3,
    4,
    5,
    6,
    7,
    8,
    9,
    10,
    11,
    12,
    13,
    14,
    0,
    0
  ]
]