[
  1,
  [
    "cfpJhymSNIcY9/EmdZ3FUU",
    "35Rfp4NqhFG7aaxUrOzqcF"
  ],
  [
    "_textureSetter",
    "spriteFrame"
  ],
  [
    "cc.SpriteFrame",
    [
      "cc.BitmapFont",
      [
        "_name",
        "fontSize",
        "_fntConfig"
      ],
      0
    ]
  ],
  [
    [
      1,
      0,
      1,
      2,
      4
    ]
  ],
  [
    [
      [
        {
          "name": "fontMoney1",
          "rect": [
            0,
            0,
            251,
            249
          ],
          "offset": [
            -2.5,
            3.5
          ],
          "originalSize": [
            256,
            256
          ],
          "capInsets": [
            0,
            0,
            0,
            0
          ]
        }
      ],
      [
        0
      ],
      0,
      [
        0
      ],
      [
        0
      ],
      [
        0
      ]
    ],
    [
      [
        [
          0,
          "fontMoney1",
          32,
          {
            "commonHeight": 407,
            "fontSize": 32,
            "atlasName": "E:\\SourceGame\\SunWinBacarat\\staticmt.net\\web-mobile\\miteks\\AllSprite\\fontTime\\fontTien\\fontMoney1.png",
            "fontDefDictionary": {
              "9": {
                "xOffset": 0,
                "yOffset": 0,
                "xAdvance": 1216,
                "rect": {
                  "x": 0,
                  "y": 0,
                  "width": 0,
                  "height": 0
                }
              },
              "32": {
                "xOffset": 0,
                "yOffset": 0,
                "xAdvance": 152,
                "rect": {
                  "x": 0,
                  "y": 0,
                  "width": 0,
                  "height": 0
                }
              },
              "44": {
                "xOffset": 0,
                "yOffset": 379,
                "xAdvance": 44,
                "rect": {
                  "x": 0,
                  "y": 201,
                  "width": 22,
                  "height": 28
                }
              },
              "46": {
                "xOffset": 0,
                "yOffset": 388,
                "xAdvance": 44,
                "rect": {
                  "x": 0,
                  "y": 230,
                  "width": 22,
                  "height": 19
                }
              },
              "48": {
                "xOffset": 0,
                "yOffset": 341,
                "xAdvance": 66,
                "rect": {
                  "x": 207,
                  "y": 67,
                  "width": 44,
                  "height": 66
                }
              },
              "49": {
                "xOffset": 0,
                "yOffset": 340,
                "xAdvance": 69,
                "rect": {
                  "x": 67,
                  "y": 0,
                  "width": 47,
                  "height": 69
                }
              },
              "50": {
                "xOffset": 0,
                "yOffset": 341,
                "xAdvance": 69,
                "rect": {
                  "x": 111,
                  "y": 70,
                  "width": 47,
                  "height": 66
                }
              },
              "51": {
                "xOffset": 0,
                "yOffset": 341,
                "xAdvance": 69,
                "rect": {
                  "x": 115,
                  "y": 0,
                  "width": 47,
                  "height": 66
                }
              },
              "52": {
                "xOffset": 0,
                "yOffset": 341,
                "xAdvance": 72,
                "rect": {
                  "x": 60,
                  "y": 134,
                  "width": 50,
                  "height": 66
                }
              },
              "53": {
                "xOffset": 0,
                "yOffset": 341,
                "xAdvance": 69,
                "rect": {
                  "x": 159,
                  "y": 134,
                  "width": 47,
                  "height": 66
                }
              },
              "54": {
                "xOffset": 0,
                "yOffset": 341,
                "xAdvance": 69,
                "rect": {
                  "x": 159,
                  "y": 67,
                  "width": 47,
                  "height": 66
                }
              },
              "55": {
                "xOffset": 0,
                "yOffset": 341,
                "xAdvance": 66,
                "rect": {
                  "x": 207,
                  "y": 134,
                  "width": 44,
                  "height": 66
                }
              },
              "56": {
                "xOffset": 0,
                "yOffset": 341,
                "xAdvance": 69,
                "rect": {
                  "x": 111,
                  "y": 137,
                  "width": 47,
                  "height": 66
                }
              },
              "57": {
                "xOffset": 0,
                "yOffset": 341,
                "xAdvance": 69,
                "rect": {
                  "x": 163,
                  "y": 0,
                  "width": 47,
                  "height": 66
                }
              },
              "98": {
                "xOffset": 0,
                "yOffset": 341,
                "xAdvance": 81,
                "rect": {
                  "x": 0,
                  "y": 134,
                  "width": 59,
                  "height": 66
                }
              },
              "107": {
                "xOffset": 0,
                "yOffset": 341,
                "xAdvance": 85,
                "rect": {
                  "x": 0,
                  "y": 67,
                  "width": 63,
                  "height": 66
                }
              },
              "109": {
                "xOffset": 0,
                "yOffset": 341,
                "xAdvance": 88,
                "rect": {
                  "x": 0,
                  "y": 0,
                  "width": 66,
                  "height": 66
                }
              }
            },
            "kerningDict": {}
          }
        ]
      ],
      0,
      0,
      [
        0
      ],
      [
        1
      ],
      [
        1
      ]
    ]
  ]
]