[1,["fcMEuf1YtESY8tmrzmZ1GS","30oZO+arxBP7WWunRr4jG9","cbBYMEj7pMhKFUdafdb98x","90MYerufhDr6qYEElJwHuK","abr9nYuhxOIKgrI5ttl5zt","eaR6OmgxJFAaqEkxnSRogS","8ccKOBWAdI8r6mxxuu9377","fb+T+SUf9E4YPBmCm4Mg22","149uA0csNPYJFXdMrOliD5","37mKOQe5pG6o50GiQOLQl8","b7mZS9V3NHmqFuuYiXLlu9","d0mcZRX35Pa4xiJMkqUILC"],["_textureSetter","wild_vfx_f_add_03_05","wild_vfx_f_add_03_09","wild_vfx_f_add_03_01","wild_vfx_f_add_03_08","wild_vfx_f_add_03_06","wild_vfx_f_add_03_10","wild_vfx_f_add_03_02","wild_vfx_f_add_03_00","wild_vfx_f_add_03_03","wild_vfx_f_add_03_04","wild_vfx_f_add_03_07"],["cc.SpriteFrame",["cc.SpriteAtlas",["_name","_spriteFrames"],2,11]],[[1,0,1,2]],[[[{"name":"wild_vfx_f_add_03_00","rect":[1,1,138,86],"offset":[-4,143],"originalSize":[210,448],"capInsets":[0,0,0,0]}],[0],0,[0],[0],[0]],[[{"name":"wild_vfx_f_add_03_05","rect":[1,303,156,364],"offset":[5,-4],"originalSize":[210,448],"rotated":1,"capInsets":[0,0,0,0]}],[0],0,[0],[0],[0]],[[{"name":"wild_vfx_f_add_03_03","rect":[749,155,158,290],"offset":[4,49],"originalSize":[210,448],"capInsets":[0,0,0,0]}],[0],0,[0],[0],[0]],[[[0,"Alats75.plist",[{},"wild_vfx_f_add_03_05",6,0,"wild_vfx_f_add_03_09",6,1,"wild_vfx_f_add_03_01",6,2,"wild_vfx_f_add_03_08",6,3,"wild_vfx_f_add_03_06",6,4,"wild_vfx_f_add_03_10",6,5,"wild_vfx_f_add_03_02",6,6,"wild_vfx_f_add_03_00",6,7,"wild_vfx_f_add_03_03",6,8,"wild_vfx_f_add_03_04",6,9,"wild_vfx_f_add_03_07",6,10]]],0,0,[0,0,0,0,0,0,0,0,0,0,0],[1,2,3,4,5,6,7,8,9,10,11],[1,2,3,4,5,6,7,8,9,10,11]],[[{"name":"wild_vfx_f_add_03_10","rect":[141,1,94,88],"offset":[26,-142],"originalSize":[210,448],"capInsets":[0,0,0,0]}],[0],0,[0],[0],[0]],[[{"name":"wild_vfx_f_add_03_01","rect":[389,1,146,162],"offset":[-1,112],"originalSize":[210,448],"rotated":1,"capInsets":[0,0,0,0]}],[0],0,[0],[0],[0]],[[{"name":"wild_vfx_f_add_03_08","rect":[1,91,152,230],"offset":[7,-79],"originalSize":[210,448],"rotated":1,"capInsets":[0,0,0,0]}],[0],0,[0],[0],[0]],[[{"name":"wild_vfx_f_add_03_04","rect":[367,313,158,344],"offset":[4,15],"originalSize":[210,448],"rotated":1,"capInsets":[0,0,0,0]}],[0],0,[0],[0],[0]],[[{"name":"wild_vfx_f_add_03_09","rect":[237,1,142,150],"offset":[12,-112],"originalSize":[210,448],"rotated":1,"capInsets":[0,0,0,0]}],[0],0,[0],[0],[0]],[[{"name":"wild_vfx_f_add_03_07","rect":[233,149,152,284],"offset":[7,-52],"originalSize":[210,448],"rotated":1,"capInsets":[0,0,0,0]}],[0],0,[0],[0],[0]],[[{"name":"wild_vfx_f_add_03_06","rect":[553,1,152,354],"offset":[7,-16],"originalSize":[210,448],"rotated":1,"capInsets":[0,0,0,0]}],[0],0,[0],[0],[0]],[[{"name":"wild_vfx_f_add_03_02","rect":[519,155,156,228],"offset":[5,80],"originalSize":[210,448],"rotated":1,"capInsets":[0,0,0,0]}],[0],0,[0],[0],[0]]]]