[1,["bb/UkbS21ElJoYwH+OLvb7","8fit28kp9L451z6eXEKjrV","de4gBNsgRHMLRoQJpfSkRH","feVmnNMxZA/putH9pRD+sA","93VCrcUcVN7plejjxFwATT","76vy7ZYLZANYqCEbtUPC2T","e7lkzkd/dD7rjnDjHxerMV","93DfgUkihPBJTDin8f/qwn","d2aew8oMBCpbgndZI3V4zs","adk98CNj9GJKRSS3J0Fw+R","7afP914ORG/6aLPAb1CnGD","8fXbgvXGlDq6w9IuEPxE2v","41VfAuYbxJMKtdRZojDP8G","6cVpnSPapM46PRi6x+7m6N","1djGvLtR9BLJ1rDXONbOiA","ecRDjPHm1BJ5A3LRht9yjb","60iMCPMtpHhbEfHZN6Mnyr","5fR5glXVZKa4tIBOmdhLcD","dcXTZLh7RLYaqSiotHWAhM","9bz/GbJslC4pKDgqL7jt5l"],["_textureSetter","fspin_vfx_d_screen_01","fspin_vfx_d_screen_12","fspin_vfx_d_screen_17","fspin_vfx_d_screen_18","fspin_vfx_d_screen_08","fspin_vfx_d_screen_15","fspin_vfx_d_screen_16","fspin_vfx_d_screen_10","fspin_vfx_d_screen_14","fspin_vfx_d_screen_11","fspin_vfx_d_screen_07","fspin_vfx_d_screen_06","fspin_vfx_d_screen_09","fspin_vfx_d_screen_00","fspin_vfx_d_screen_02","fspin_vfx_d_screen_13","fspin_vfx_d_screen_05","fspin_vfx_d_screen_04","fspin_vfx_d_screen_03"],["cc.SpriteFrame",["cc.SpriteAtlas",["_name","_spriteFrames"],2,11]],[[1,0,1,2]],[[[{"name":"fspin_vfx_d_screen_00","rect":[1,409,197,406],"offset":[-11,1],"originalSize":[225,410],"capInsets":[0,0,0,0]}],[0],0,[0],[0],[0]],[[{"name":"fspin_vfx_d_screen_06","rect":[397,409,193,406],"offset":[-13,1],"originalSize":[225,410],"capInsets":[0,0,0,0]}],[0],0,[0],[0],[0]],[[{"name":"fspin_vfx_d_screen_05","rect":[397,1,193,406],"offset":[-13,1],"originalSize":[225,410],"capInsets":[0,0,0,0]}],[0],0,[0],[0],[0]],[[{"name":"fspin_vfx_d_screen_13","rect":[775,1,187,378],"offset":[5,-13],"originalSize":[225,410],"capInsets":[0,0,0,0]}],[0],0,[0],[0],[0]],[[[0,"Alats9.plist",[{},"fspin_vfx_d_screen_01",6,0,"fspin_vfx_d_screen_12",6,1,"fspin_vfx_d_screen_17",6,2,"fspin_vfx_d_screen_18",6,3,"fspin_vfx_d_screen_08",6,4,"fspin_vfx_d_screen_15",6,5,"fspin_vfx_d_screen_16",6,6,"fspin_vfx_d_screen_10",6,7,"fspin_vfx_d_screen_14",6,8,"fspin_vfx_d_screen_11",6,9,"fspin_vfx_d_screen_07",6,10,"fspin_vfx_d_screen_06",6,11,"fspin_vfx_d_screen_09",6,12,"fspin_vfx_d_screen_00",6,13,"fspin_vfx_d_screen_02",6,14,"fspin_vfx_d_screen_13",6,15,"fspin_vfx_d_screen_05",6,16,"fspin_vfx_d_screen_04",6,17,"fspin_vfx_d_screen_03",6,18]]],0,0,[0,0,0,0,0,0,0,0,0,0,0,0,0,0,0,0,0,0,0],[1,2,3,4,5,6,7,8,9,10,11,12,13,14,15,16,17,18,19],[1,2,3,4,5,6,7,8,9,10,11,12,13,14,15,16,17,18,19]],[[{"name":"fspin_vfx_d_screen_09","rect":[781,381,161,376],"offset":[4,-14],"originalSize":[225,410],"capInsets":[0,0,0,0]}],[0],0,[0],[0],[0]],[[{"name":"fspin_vfx_d_screen_08","rect":[944,381,165,372],"offset":[12,-16],"originalSize":[225,410],"capInsets":[0,0,0,0]}],[0],0,[0],[0],[0]],[[{"name":"fspin_vfx_d_screen_11","rect":[1111,367,155,364],"offset":[-2,-20],"originalSize":[225,410],"capInsets":[0,0,0,0]}],[0],0,[0],[0],[0]],[[{"name":"fspin_vfx_d_screen_07","rect":[1,1,199,406],"offset":[-9,1],"originalSize":[225,410],"capInsets":[0,0,0,0]}],[0],0,[0],[0],[0]],[[{"name":"fspin_vfx_d_screen_01","rect":[1,817,197,406],"offset":[-11,1],"originalSize":[225,410],"rotated":1,"capInsets":[0,0,0,0]}],[0],0,[0],[0],[0]],[[{"name":"fspin_vfx_d_screen_16","rect":[409,817,197,380],"offset":[0,-15],"originalSize":[225,410],"rotated":1,"capInsets":[0,0,0,0]}],[0],0,[0],[0],[0]],[[{"name":"fspin_vfx_d_screen_18","rect":[1125,733,193,322],"offset":[6,13],"originalSize":[225,410],"rotated":1,"capInsets":[0,0,0,0]}],[0],0,[0],[0],[0]],[[{"name":"fspin_vfx_d_screen_03","rect":[202,1,193,406],"offset":[-13,1],"originalSize":[225,410],"capInsets":[0,0,0,0]}],[0],0,[0],[0],[0]],[[{"name":"fspin_vfx_d_screen_14","rect":[1121,1,211,356],"offset":[5,-4],"originalSize":[225,410],"capInsets":[0,0,0,0]}],[0],0,[0],[0],[0]],[[{"name":"fspin_vfx_d_screen_10","rect":[964,1,155,364],"offset":[-2,-20],"originalSize":[225,410],"capInsets":[0,0,0,0]}],[0],0,[0],[0],[0]],[[{"name":"fspin_vfx_d_screen_04","rect":[200,409,195,406],"offset":[-12,1],"originalSize":[225,410],"capInsets":[0,0,0,0]}],[0],0,[0],[0],[0]],[[{"name":"fspin_vfx_d_screen_12","rect":[592,409,187,378],"offset":[5,-13],"originalSize":[225,410],"capInsets":[0,0,0,0]}],[0],0,[0],[0],[0]],[[{"name":"fspin_vfx_d_screen_15","rect":[791,759,225,332],"offset":[0,14],"originalSize":[225,410],"rotated":1,"capInsets":[0,0,0,0]}],[0],0,[0],[0],[0]],[[{"name":"fspin_vfx_d_screen_02","rect":[592,1,181,406],"offset":[-18,1],"originalSize":[225,410],"capInsets":[0,0,0,0]}],[0],0,[0],[0],[0]],[[{"name":"fspin_vfx_d_screen_17","rect":[1268,359,185,344],"offset":[-6,-20],"originalSize":[225,410],"capInsets":[0,0,0,0]}],[0],0,[0],[0],[0]]]]