[1,["f7fGIgiYVJhZOZ4pDbN+99","5dCiwsspVOqbP/CSqWhkk2","bf3hECeTNHKIWUPLIMFMOT","2adyuhspdIeZS2SBFwvzW8","a5Ukx2VwVK0qEznIvCEapl","1cOWnjS2BH5IHBTbq5pPyR","27JVGpua9OoqeREckZHV1g","420upE2a9F1J74darOTJGa"],["value"],[["cc.AnimationClip",["_name","_duration","sample","curveData"],0,11]],[[0,0,1,2,3,4]],[[0,"takeSymbolWild",0.9,50,[{},"paths",11,[{"win_glow_c":{"props":{"opacity":[{"frame":0,"value":0}]}},"bkg":{"props":{"opacity":[{"frame":0,"value":0}]}},"win_flare_a":{"props":{"opacity":[{"frame":0,"value":255},{"frame":0.42,"value":0},{"frame":0.9,"value":0}]}},"win_flare_b":{"props":{"opacity":[{"frame":0,"value":255},{"frame":0.42,"value":255},{"frame":0.9,"value":0}]}},"wild_b":{"props":{"opacity":[{"frame":0,"value":255},{"frame":0.5,"value":0}],"active":[{"frame":0,"value":true}]}},"win_vfx_a_1x1_00":{"props":{"opacity":[{"frame":0,"value":0}]}}},"win_glow_b",11,[{},"props",11,[{"opacity":[{"frame":0,"value":0},{"frame":0.5,"value":0}]},"scale",12,[[[{"frame":0},"value",8,[1,3,3,1]],[{"frame":0.5},"value",8,[1,3.5,4,1]]],11,11]]],"item",11,[{},"comps",11,[{},"cc.Sprite",11,[{},"spriteFrame",12,[[[{"frame":0},"value",6,0],[{"frame":0.06},"value",6,1],[{"frame":0.12},"value",6,2],[{"frame":0.18},"value",6,3],[{"frame":0.24},"value",6,4],[{"frame":0.3},"value",6,5],[{"frame":0.36},"value",6,6],[{"frame":0.42},"value",6,7]],11,11,11,11,11,11,11,11]]],"props",11,[{"position":[{"frame":0,"value":[6,-10.653,0]}],"opacity":[{"frame":0,"value":255},{"frame":0.44,"value":255},{"frame":0.5,"value":0}]},"scale",12,[[[{"frame":0},"value",8,[1,1.2,1.2,1]],[{"frame":0.44},"value",8,[1,1.2,1.2,1]]],11,11]]],"takeSymbol",11,[{},"props",11,[{"opacity":[{"frame":0,"value":255},{"frame":0.5,"value":0}]},"scale",12,[[[{"frame":0},"value",8,[1,1.666667,1.666667,1]],[{"frame":0.5},"value",8,[1,2,2.4,1]]],11,11]]]]]]],0,0,[0,0,0,0,0,0,0,0],[0,0,0,0,0,0,0,0],[0,1,2,3,4,5,6,7]]