[1,["4eLZ0DnzJM6JWIitUh+/gV","3dEj5hgJBOi7G1MqUNfAUw","90hx1NwbNKZ6AUMyAOxYqJ","8am8sVbiJIlo/QXcH+Svrf","abJKL4JgxOZZ7LNyhyY3XK","fbNuAKo55CO4dm4TPAqWAQ","b2V10YPZhBMo5B2tANiTYB","96fsQb8NpHj725XoRSJ+R9","e06BUUJZRJU7q1tfi4hAx9","d9PZRFoGFGlp4YBd5q2sPK","c0FltmauBDDZeChhrhVCsP","9duf9XOU9Eoq2YGmxeuQao","15H8ukJQtN5LHynxec5D19"],["value"],[["cc.AnimationClip",["_name","_duration","sample","wrapMode","curveData"],-1,11]],[[0,0,1,2,3,4,5]],[[0,"bl_vfx_a",0.8666666666666667,15,2,[{},"comps",11,[{},"cc.Sprite",11,[{},"spriteFrame",12,[[[{"frame":0},"value",6,0],[{"frame":0.06666666666666667},"value",6,1],[{"frame":0.13333333333333333},"value",6,2],[{"frame":0.2},"value",6,3],[{"frame":0.26666666666666666},"value",6,4],[{"frame":0.3333333333333333},"value",6,5],[{"frame":0.4},"value",6,6],[{"frame":0.4666666666666667},"value",6,7],[{"frame":0.5333333333333333},"value",6,8],[{"frame":0.6},"value",6,9],[{"frame":0.6666666666666666},"value",6,10],[{"frame":0.7333333333333333},"value",6,11],[{"frame":0.8},"value",6,12]],11,11,11,11,11,11,11,11,11,11,11,11,11]]]]]],0,0,[0,0,0,0,0,0,0,0,0,0,0,0,0],[0,0,0,0,0,0,0,0,0,0,0,0,0],[0,1,2,3,4,5,6,7,8,9,10,11,12]]