[1,["1dbde0c67","b2VzjYB2hP5qI98Dscy0UC"],["_textureSetter","value"],["cc.SpriteFrame",["cc.AnimationClip",["_name","_duration","speed","wrapMode","curveData"],-1,11]],[[1,0,1,2,3,4,5]],[[[{"name":"bgTieResult","rect":[190,962,116,58],"offset":[0,0],"originalSize":[116,58],"capInsets":[0,0,0,0]}],[0],0,[0],[0],[0]],[[[0,"TieWin",1,0.5,2,[{},"paths",11,[{"bgLight1":{"props":{"angle":[{"frame":0,"value":0},{"frame":1,"value":360}]}}},"bgWinResult",11,[{},"comps",11,[{},"cc.Sprite",11,[{},"spriteFrame",12,[[[{"frame":0},"value",6,0]],11]]]],"bgLight2",11,[{},"props",11,[{"opacity":[{"frame":0,"value":150},{"frame":0.5,"value":255},{"frame":1,"value":150}]},"scale",12,[[[{"frame":0},"value",8,[1,1,1,1]],[{"frame":0.5},"value",8,[1,1.2,1.2,1]],[{"frame":1},"value",8,[1,1,1,1]]],11,11,11]]]]]]],0,0,[0],[1],[1]]]]