[1,["c6FU6OeIFHp6IYKaLXFcRl","46l442B8xC2qQJYB/GA98U","b3dA7BihZEOrm89+Y3Hf8U","90TU9i6w1DCpK8s8Gy/Qgj","15u3wCNYVMHK2mWnMWN9qz","6dyu06ajBMVal6zlmQj4/D","d2VVpUjEJGrYzxhWMKPj03","6fCJf5QNBJz4AtpwMK66So","02kJufQXhIyLxQPlAdK/UK","1b5AmUr95OxKhcCSSrJmLn","4e+6LYQjxJMKmVOUgIKn3w","46zFQDE7tDprVqnGl6It6h","12SEf6hP1ACIpqqnZmwzyd","027tbwK3FIlpCQBEMVh8Os","02l3MHxudEyqy8h41tlUeG"],["_textureSetter","multiplier_vfx_b_add_00","multiplier_vfx_b_add_11","multiplier_vfx_b_add_09","multiplier_vfx_b_add_13","multiplier_vfx_b_add_07","multiplier_vfx_b_add_05","multiplier_vfx_b_add_03","multiplier_vfx_b_add_06","multiplier_vfx_b_add_01","multiplier_vfx_b_add_10","multiplier_vfx_b_add_12","multiplier_vfx_b_add_04","multiplier_vfx_b_add_02","multiplier_vfx_b_add_08"],["cc.SpriteFrame",["cc.SpriteAtlas",["_name","_spriteFrames"],2,11]],[[1,0,1,2]],[[[{"name":"multiplier_vfx_b_add_06","rect":[1,131,124,118],"offset":[-2,1],"originalSize":[250,250],"rotated":1,"capInsets":[0,0,0,0]}],[0],0,[0],[0],[0]],[[{"name":"multiplier_vfx_b_add_08","rect":[1,1,128,112],"offset":[-1,0],"originalSize":[250,250],"rotated":1,"capInsets":[0,0,0,0]}],[0],0,[0],[0],[0]],[[{"name":"multiplier_vfx_b_add_02","rect":[347,1,88,94],"offset":[0,0],"originalSize":[250,250],"rotated":1,"capInsets":[0,0,0,0]}],[0],0,[0],[0],[0]],[[{"name":"multiplier_vfx_b_add_04","rect":[297,267,116,112],"offset":[-2,-1],"originalSize":[250,250],"capInsets":[0,0,0,0]}],[0],0,[0],[0],[0]],[[{"name":"multiplier_vfx_b_add_13","rect":[347,91,88,80],"offset":[12,-7],"originalSize":[250,250],"capInsets":[0,0,0,0]}],[0],0,[0],[0],[0]],[[{"name":"multiplier_vfx_b_add_01","rect":[347,173,60,68],"offset":[0,1],"originalSize":[250,250],"rotated":1,"capInsets":[0,0,0,0]}],[0],0,[0],[0],[0]],[[{"name":"multiplier_vfx_b_add_00","rect":[297,231,34,40],"offset":[0,1],"originalSize":[250,250],"rotated":1,"capInsets":[0,0,0,0]}],[0],0,[0],[0],[0]],[[{"name":"multiplier_vfx_b_add_12","rect":[215,253,118,80],"offset":[-2,-10],"originalSize":[250,250],"rotated":1,"capInsets":[0,0,0,0]}],[0],0,[0],[0],[0]],[[{"name":"multiplier_vfx_b_add_10","rect":[109,257,122,104],"offset":[-4,0],"originalSize":[250,250],"rotated":1,"capInsets":[0,0,0,0]}],[0],0,[0],[0],[0]],[[{"name":"multiplier_vfx_b_add_07","rect":[115,1,124,114],"offset":[-3,-1],"originalSize":[250,250],"rotated":1,"capInsets":[0,0,0,0]}],[0],0,[0],[0],[0]],[[{"name":"multiplier_vfx_b_add_03","rect":[237,123,106,108],"offset":[-2,-1],"originalSize":[250,250],"rotated":1,"capInsets":[0,0,0,0]}],[0],0,[0],[0],[0]],[[[0,"Alats49.plist",[{},"multiplier_vfx_b_add_00",6,0,"multiplier_vfx_b_add_11",6,1,"multiplier_vfx_b_add_09",6,2,"multiplier_vfx_b_add_13",6,3,"multiplier_vfx_b_add_07",6,4,"multiplier_vfx_b_add_05",6,5,"multiplier_vfx_b_add_03",6,6,"multiplier_vfx_b_add_06",6,7,"multiplier_vfx_b_add_01",6,8,"multiplier_vfx_b_add_10",6,9,"multiplier_vfx_b_add_12",6,10,"multiplier_vfx_b_add_04",6,11,"multiplier_vfx_b_add_02",6,12,"multiplier_vfx_b_add_08",6,13]]],0,0,[0,0,0,0,0,0,0,0,0,0,0,0,0,0],[1,2,3,4,5,6,7,8,9,10,11,12,13,14],[1,2,3,4,5,6,7,8,9,10,11,12,13,14]],[[{"name":"multiplier_vfx_b_add_09","rect":[121,127,124,114],"offset":[-2,3],"originalSize":[250,250],"rotated":1,"capInsets":[0,0,0,0]}],[0],0,[0],[0],[0]],[[{"name":"multiplier_vfx_b_add_11","rect":[1,257,122,106],"offset":[-7,0],"originalSize":[250,250],"rotated":1,"capInsets":[0,0,0,0]}],[0],0,[0],[0],[0]],[[{"name":"multiplier_vfx_b_add_05","rect":[231,1,120,114],"offset":[-2,-1],"originalSize":[250,250],"rotated":1,"capInsets":[0,0,0,0]}],[0],0,[0],[0],[0]]]]