[
  1,
  [
    "13cab0299"
  ],
  [
    "_textureSetter"
  ],
  [
    "cc.SpriteFrame"
  ],
  0,
  [
    [
      [
        {
          "name": "bl_vfx_j_add",
          "rect": [
            540,
            381,
            328,
            340
          ],
          "offset": [
            0,
            0
          ],
          "originalSize": [
            328,
            340
          ],
          "rotated": 1,
          "capInsets": [
            0,
            0,
            0,
            0
          ]
        }
      ],
      [
        0
      ],
      0,
      [
        0
      ],
      [
        0
      ],
      [
        0
      ]
    ],
    [
      [
        {
          "name": "bl_vfx_g_add",
          "rect": [
            540,
            1,
            378,
            378
          ],
          "offset": [
            0,
            0
          ],
          "originalSize": [
            378,
            378
          ],
          "capInsets": [
            0,
            0,
            0,
            0
          ]
        }
      ],
      [
        0
      ],
      0,
      [
        0
      ],
      [
        0
      ],
      [
        0
      ]
    ]
  ]
]