[
  1,
  [
    "ecpdLyjvZBwrvm+cedCcQy",
    "13f929c6d",
    "5bRWdNbbVJ3owBiHGfavDU",
    "16e73a3ec",
    "8aNL/HqXZPyYVgwh5wGLGL",
    "85F4MgwtRIuq/gQW1jn3Wu",
    "c3BT27K+BEmKc776jcJ9z0",
    "47HiEjyp1KwJRtYP4tb+sm",
    "f6OCH/PdZIfY88CGWz5Le8",
    "47Rj9F1HhPSrMrbOp3cXER",
    "9756fV8LFI/L50uvoEy8YZ",
    "29wrcOJI9A/LJI2UckaMFi",
    "2e2SdADOVAlJCEWxj8mscT",
    "202YgNceRGsIs2uSjgkTqk",
    "226okGxHRGBo7RN1RiwwO1",
    "1ea60f5a0"
  ],
  [
    "node",
    "_spriteFrame",
    "_textureSetter",
    "root",
    "data",
    "_N$file"
  ],
  [
    [
      "cc.Node",
      [
        "_name",
        "_opacity",
        "_components",
        "_prefab",
        "_parent",
        "_contentSize",
        "_trs",
        "_children",
        "_anchorPoint",
        "_eulerAngles"
      ],
      1,
      9,
      4,
      1,
      5,
      7,
      2,
      5,
      5
    ],
    "cc.SpriteFrame",
    [
      "cc.Sprite",
      [
        "_dstBlendFactor",
        "_sizeMode",
        "node",
        "_materials",
        "_spriteFrame"
      ],
      1,
      1,
      3,
      6
    ],
    [
      "cc.PrefabInfo",
      [
        "fileId",
        "root",
        "asset"
      ],
      2,
      1,
      1
    ],
    [
      "cc.Prefab",
      [
        "_name"
      ],
      2
    ],
    [
      "cc.Animation",
      [
        "node",
        "_clips"
      ],
      3,
      1,
      3
    ],
    [
      "cc.Label",
      [
        "_string",
        "_isSystemFontUsed",
        "node",
        "_materials",
        "_N$file"
      ],
      1,
      1,
      3,
      6
    ]
  ],
  [
    [
      3,
      0,
      1,
      2,
      2
    ],
    [
      0,
      0,
      4,
      2,
      3,
      5,
      6,
      2
    ],
    [
      2,
      0,
      2,
      3,
      4,
      2
    ],
    [
      2,
      2,
      3,
      4,
      1
    ],
    [
      0,
      0,
      4,
      2,
      3,
      5,
      6,
      9,
      2
    ],
    [
      0,
      0,
      1,
      4,
      2,
      3,
      5,
      6,
      3
    ],
    [
      0,
      0,
      4,
      2,
      3,
      5,
      8,
      6,
      2
    ],
    [
      2,
      2,
      3,
      1
    ],
    [
      2,
      0,
      2,
      3,
      2
    ],
    [
      4,
      0,
      2
    ],
    [
      0,
      0,
      7,
      2,
      3,
      2
    ],
    [
      0,
      0,
      4,
      7,
      2,
      3,
      5,
      6,
      2
    ],
    [
      5,
      0,
      1,
      1
    ],
    [
      3,
      1,
      2,
      1
    ],
    [
      2,
      0,
      1,
      2,
      3,
      3
    ],
    [
      6,
      0,
      1,
      2,
      3,
      4,
      3
    ]
  ],
  [
    [
      [
        {
          "name": "bns_desc",
          "rect": [
            1,
            64,
            684,
            81
          ],
          "offset": [
            0,
            0
          ],
          "originalSize": [
            684,
            81
          ],
          "rotated": 1,
          "capInsets": [
            0,
            0,
            0,
            0
          ]
        }
      ],
      [
        1
      ],
      0,
      [
        0
      ],
      [
        2
      ],
      [
        1
      ]
    ],
    [
      [
        {
          "name": "fsw",
          "rect": [
            84,
            64,
            507,
            143
          ],
          "offset": [
            0,
            0
          ],
          "originalSize": [
            507,
            143
          ],
          "rotated": 1,
          "capInsets": [
            0,
            0,
            0,
            0
          ]
        }
      ],
      [
        1
      ],
      0,
      [
        0
      ],
      [
        2
      ],
      [
        1
      ]
    ],
    [
      [
        {
          "name": "bw_vfx_n_03_add",
          "rect": [
            1,
            1,
            540,
            691
          ],
          "offset": [
            0,
            0
          ],
          "originalSize": [
            540,
            691
          ],
          "capInsets": [
            0,
            0,
            0,
            0
          ]
        }
      ],
      [
        1
      ],
      0,
      [
        0
      ],
      [
        2
      ],
      [
        3
      ]
    ],
    [
      [
        {
          "name": "bl_vfx_f_normal",
          "rect": [
            8,
            0,
            136,
            1056
          ],
          "offset": [
            4,
            2.5
          ],
          "originalSize": [
            144,
            1061
          ],
          "capInsets": [
            0,
            0,
            0,
            0
          ]
        }
      ],
      [
        1
      ],
      0,
      [
        0
      ],
      [
        2
      ],
      [
        4
      ]
    ],
    [
      [
        [
          9,
          "ShowFreeSpin"
        ],
        [
          10,
          "ShowFreeSpin",
          [
            -3,
            -4,
            -5,
            -6,
            -7,
            -8,
            -9,
            -10,
            -11,
            -12,
            -13,
            -14,
            -15,
            -16
          ],
          [
            [
              12,
              -2,
              [
                27
              ]
            ]
          ],
          [
            13,
            -1,
            0
          ]
        ],
        [
          11,
          "title1",
          1,
          [
            -18,
            -19
          ],
          [
            [
              3,
              -17,
              [
                21
              ],
              22
            ]
          ],
          [
            0,
            "0fYW1OuD1Gn7PrRNeoJCVR",
            1,
            0
          ],
          [
            5,
            507,
            143
          ],
          [
            0,
            -28.838,
            0,
            0,
            0,
            0,
            1,
            1,
            1,
            1
          ]
        ],
        [
          1,
          "bl_vfx_a_normal",
          1,
          [
            [
              3,
              -20,
              [
                0
              ],
              1
            ]
          ],
          [
            0,
            "66V/9stuVJXok7WsmtCx7B",
            1,
            0
          ],
          [
            5,
            488,
            821
          ],
          [
            -38.315,
            -76.63,
            0,
            0,
            0,
            0,
            1,
            2.2,
            2,
            1
          ]
        ],
        [
          1,
          "NgoKhong",
          1,
          [
            [
              7,
              -21,
              [
                2
              ]
            ]
          ],
          [
            0,
            "3criDkLQRPo6tIgvSwQQaL",
            1,
            0
          ],
          [
            5,
            910,
            826
          ],
          [
            -187.318,
            17.029,
            0,
            0,
            0,
            0,
            1,
            1.4,
            1.4,
            1
          ]
        ],
        [
          1,
          "NgoKhong2",
          1,
          [
            [
              7,
              -22,
              [
                3
              ]
            ]
          ],
          [
            0,
            "a3rcUwPRlMYroDQGA05C2I",
            1,
            0
          ],
          [
            5,
            70,
            139
          ],
          [
            478.511,
            52.523,
            0,
            0,
            0,
            0,
            1,
            3,
            3,
            1
          ]
        ],
        [
          1,
          "bl_vfx_e_add_02_00",
          1,
          [
            [
              2,
              1,
              -23,
              [
                4
              ],
              5
            ]
          ],
          [
            0,
            "57sqNglatJ+q1wFauTxedN",
            1,
            0
          ],
          [
            5,
            372,
            476
          ],
          [
            0,
            -445.135,
            0,
            0,
            0,
            0,
            1,
            2.5,
            2.5,
            1
          ]
        ],
        [
          5,
          "bkg2",
          0,
          1,
          [
            [
              2,
              1,
              -24,
              [
                6
              ],
              7
            ]
          ],
          [
            0,
            "95JXeHMH9FgL9MiO3jYocF",
            1,
            0
          ],
          [
            5,
            540,
            691
          ],
          [
            0,
            0,
            0,
            0,
            0,
            0,
            1,
            2,
            2,
            1
          ]
        ],
        [
          1,
          "nen1",
          1,
          [
            [
              2,
              1,
              -25,
              [
                8
              ],
              9
            ]
          ],
          [
            0,
            "30v6vSheVDqJ2WHdzm/lcM",
            1,
            0
          ],
          [
            5,
            378,
            378
          ],
          [
            0,
            136.231,
            0,
            0,
            0,
            0,
            1,
            2,
            2,
            1
          ]
        ],
        [
          6,
          "bw_vfx_m_add_00",
          1,
          [
            [
              2,
              1,
              -26,
              [
                10
              ],
              11
            ]
          ],
          [
            0,
            "68cR+oad9DXY1wk9YnjRIR",
            1,
            0
          ],
          [
            5,
            378,
            410
          ],
          [
            0,
            0.5,
            1
          ],
          [
            -10.589,
            120.005,
            0,
            0,
            0,
            0,
            1,
            2,
            2,
            1
          ]
        ],
        [
          6,
          "bw_vfx_m_add_00 copy",
          1,
          [
            [
              2,
              1,
              -27,
              [
                12
              ],
              13
            ]
          ],
          [
            0,
            "9edaTVKOlAwqNKBENAkyxS",
            1,
            0
          ],
          [
            5,
            378,
            410
          ],
          [
            0,
            0.5,
            1
          ],
          [
            -10.589,
            120.005,
            0,
            0,
            0,
            0,
            1,
            2,
            -2,
            1
          ]
        ],
        [
          4,
          "bl_vfx_f_normal",
          1,
          [
            [
              3,
              -28,
              [
                14
              ],
              15
            ]
          ],
          [
            0,
            "72PFx4KDdJMrxHWQdcu6zQ",
            1,
            0
          ],
          [
            5,
            136,
            1056
          ],
          [
            -359.458,
            71.279,
            0,
            0,
            0,
            -0.2033597978439999,
            0.9791040765009854,
            0.6,
            0.6,
            1
          ],
          [
            1,
            0,
            0,
            -23.467
          ]
        ],
        [
          5,
          "bl_vfx_c_add_00",
          100,
          1,
          [
            [
              14,
              1,
              0,
              -29,
              [
                16
              ]
            ]
          ],
          [
            0,
            "e9Fk/DtCxI8rR8Ykzw+Ffh",
            1,
            0
          ],
          [
            5,
            720,
            1280
          ],
          [
            0,
            0,
            0,
            0,
            0,
            0,
            1,
            1.5,
            1.5,
            1
          ]
        ],
        [
          1,
          "numFree",
          2,
          [
            [
              15,
              "8",
              false,
              -30,
              [
                17
              ],
              18
            ]
          ],
          [
            0,
            "5dvoWoetVA3JcNE+s/feO4",
            1,
            0
          ],
          [
            5,
            120,
            40
          ],
          [
            0,
            240.771,
            0,
            0,
            0,
            0,
            1,
            1,
            1,
            1
          ]
        ],
        [
          1,
          "titel2",
          2,
          [
            [
              3,
              -31,
              [
                19
              ],
              20
            ]
          ],
          [
            0,
            "e6Iszd6epPm5aAVoxzTFVO",
            1,
            0
          ],
          [
            5,
            684,
            81
          ],
          [
            0,
            -102.974,
            0,
            0,
            0,
            0,
            1,
            1,
            1,
            1
          ]
        ],
        [
          4,
          "chem1",
          1,
          [
            [
              8,
              1,
              -32,
              [
                23
              ]
            ]
          ],
          [
            0,
            "ad51CTCrpDKp+I2QdELgSP",
            1,
            0
          ],
          [
            5,
            400,
            133
          ],
          [
            -76.334,
            311.059,
            0,
            0,
            0,
            -0.9144694928539423,
            0.4046548487778856,
            13,
            13,
            1
          ],
          [
            1,
            0,
            0,
            -132.26100000000002
          ]
        ],
        [
          4,
          "chem2",
          1,
          [
            [
              8,
              1,
              -33,
              [
                24
              ]
            ]
          ],
          [
            0,
            "2anSPkkRROmY4hwfO5OLmT",
            1,
            0
          ],
          [
            5,
            400,
            133
          ],
          [
            138.12,
            296.446,
            0,
            0,
            0,
            0.9271838545667874,
            0.37460659341591196,
            13,
            13,
            1
          ],
          [
            1,
            0,
            0,
            136
          ]
        ],
        [
          1,
          "scale1",
          1,
          [
            [
              2,
              1,
              -34,
              [
                25
              ],
              26
            ]
          ],
          [
            0,
            "1eumo4sdBA5IHDqcLcuMdE",
            1,
            0
          ],
          [
            5,
            328,
            340
          ],
          [
            0,
            0,
            0,
            0,
            0,
            0,
            1,
            0,
            0,
            1
          ]
        ]
      ],
      0,
      [
        0,
        3,
        1,
        0,
        0,
        1,
        0,
        -1,
        3,
        0,
        -2,
        4,
        0,
        -3,
        5,
        0,
        -4,
        6,
        0,
        -5,
        7,
        0,
        -6,
        8,
        0,
        -7,
        9,
        0,
        -8,
        10,
        0,
        -9,
        11,
        0,
        -10,
        12,
        0,
        -11,
        2,
        0,
        -12,
        15,
        0,
        -13,
        16,
        0,
        -14,
        17,
        0,
        0,
        2,
        0,
        -1,
        13,
        0,
        -2,
        14,
        0,
        0,
        3,
        0,
        0,
        4,
        0,
        0,
        5,
        0,
        0,
        6,
        0,
        0,
        7,
        0,
        0,
        8,
        0,
        0,
        9,
        0,
        0,
        10,
        0,
        0,
        11,
        0,
        0,
        12,
        0,
        0,
        13,
        0,
        0,
        14,
        0,
        0,
        15,
        0,
        0,
        16,
        0,
        0,
        17,
        0,
        4,
        1,
        34
      ],
      [
        0,
        0,
        0,
        0,
        0,
        0,
        0,
        0,
        0,
        0,
        0,
        0,
        0,
        0,
        0,
        0,
        0,
        0,
        0,
        0,
        0,
        0,
        0,
        0,
        0,
        0,
        0,
        0
      ],
      [
        -1,
        1,
        -1,
        -1,
        -1,
        1,
        -1,
        1,
        -1,
        1,
        -1,
        1,
        -1,
        1,
        -1,
        1,
        -1,
        -1,
        5,
        -1,
        1,
        -1,
        1,
        -1,
        -1,
        -1,
        1,
        -1
      ],
      [
        0,
        5,
        0,
        0,
        0,
        6,
        0,
        7,
        0,
        8,
        0,
        2,
        0,
        2,
        0,
        9,
        0,
        0,
        10,
        0,
        11,
        0,
        12,
        0,
        0,
        0,
        13,
        14
      ]
    ],
    [
      [
        {
          "name": "bl_vfx_a_normal",
          "rect": [
            1,
            1,
            488,
            821
          ],
          "offset": [
            -20.5,
            -31
          ],
          "originalSize": [
            529,
            883
          ],
          "capInsets": [
            0,
            0,
            0,
            0
          ]
        }
      ],
      [
        1
      ],
      0,
      [
        0
      ],
      [
        2
      ],
      [
        15
      ]
    ]
  ]
]