{"paths":{"0":["Audio/spinStop",4],"1":["Atlats/StartButton/14",2],"2":["Atlats/Item/Alats27",2],"3":["Img/85",2],"4":["Img/46",2],"5":["Atlats/CachChoi/07",2],"6":["Img/39",2],"7":["Img/103",2],"8":["Spine/SymbolSpecial/s_wild_c_atlas_specials",7],"9":["Audio/wallet_counting_above",4],"10":["Img/91",2],"11":["Img/86",2],"12":["Spine/SymbolSpecial/s_wild_b_atlas_specials",7],"13":["Img/35",2],"14":["Atlats/Item/Alats23",2],"15":["Audio/prizeInfobarTotalwinMedEnd",4],"16":["Atlats/StartButton/36",2],"17":["Img/90",2],"18":["Atlats/CachChoi/05",2],"19":["Img/59",2],"20":["Spine/Symbol/h_helmet_atlas_symbols",7],"21":["Audio/featureBuyCancel",4],"22":["Img/25",2],"23":["Atlats/Infobar/Alats31",2],"24":["Audio/bgmTotalwinMain",4],"25":["Audio/spinActiveLoop",4],"26":["Atlats/Alats50",2],"27":["Audio/symWild",4],"28":["Img/24",2],"29":["Audio/uiCollect",4],"30":["Spine/Symbol/l_q_atlas_symbols",7],"31":["Audio/prizeInfobarTotalwinMedMain",4],"32":["Audio/prizeInfobarUpgrade",4],"33":["Img/93",2],"34":["Atlats/NearFS/Alats57",2],"35":["Spine/Symbol/l_k_atlas_symbols",7],"36":["Atlats/Alats61",2],"37":["Img/41",2],"38":["Audio/fastspinStart",4],"39":["Img/21",2],"40":["Atlats/NearFS/Alats56",2],"41":["Img/22",2],"42":["Img/47",2],"43":["Audio/bgmTotalwinEnd",4],"44":["Atlats/FreeSpin/Alats47",2],"45":["Atlats/Item/Alats16",2],"46":["Atlats/Item/Alats22",2],"47":["Atlats/Item/Alats44",2],"48":["Atlats/Infobar/Alats52",2],"49":["Audio/list_item_click",4],"50":["Img/60",2],"51":["Img/81",2],"52":["Img/79",2],"53":["Atlats/Bkg/Alats48",2],"54":["Audio/fsWonTitle",4],"55":["Img/2",2],"56":["Audio/prizeSmallwin",4],"57":["Audio/bgmBigwinEndCoins",4],"58":["Img/80",2],"59":["Atlats/Alats9",2],"60":["Img/56",2],"61":["Img/10",2],"62":["Spine/SymbolSpecial/s_scatter_atlas_specials",7],"63":["Audio/bgmBigwinEnd",4],"64":["Img/12",2],"65":["Atlats/CachChoi/02",2],"66":["Atlats/Alats55",2],"67":["Img/72",2],"68":["Img/66",2],"69":["Atlats/Item/Alats17",2],"70":["Img/95",2],"71":["Atlats/Item/Alats21",2],"72":["Atlats/Alats51",2],"73":["Img/33",2],"74":["Atlats/FreeSpin/Alats43",2],"75":["Img/5",2],"76":["Img/34",2],"77":["Atlats/Infobar/Alats53",2],"78":["Img/83",2],"79":["Atlats/StartButton/53",2],"80":["Atlats/Bkg/Alats49",2],"81":["Img/65",2],"82":["Atlats/CachChoi/03",2],"83":["Atlats/Alats46",2],"84":["Atlats/Bkg/Alats34",2],"85":["Img/16",2],"86":["Audio/bgm_mg",4],"87":["Img/101",2],"88":["Img/43",2],"89":["Img/4",2],"90":["Atlats/Bkg/Alats33",2],"91":["Atlats/StartButton/Alats38",2],"92":["Atlats/StartButton/54",2],"93":["Atlats/FreeSpin/Alats45",2],"94":["Spine/Symbol/h_coins_atlas_symbols",7],"95":["Audio/fsSpin",4],"96":["Img/99",2],"97":["Img/17",2],"98":["Spine/Symbol/l_10_atlas_symbols",7],"99":["Img/62",2],"100":["Audio/bgm_fs",4],"101":["Audio/fsTrans",4],"102":["Atlats/Item/Alats25",2],"103":["Atlats/Alats58",2],"104":["Spine/Symbol/h_chest_atlas_symbols",7],"105":["Atlats/FreeSpin/Alats36",2],"106":["Img/6",2],"107":["Audio/featureBuyStart",4],"108":["Atlats/Font/Alats26",2],"109":["Atlats/CachChoi/01",2],"110":["Audio/symShrink",4],"111":["Audio/symCollapse",4],"112":["Audio/prizeSmallwinMultiplied",4],"113":["Atlats/BigWin/Alats12",2],"114":["Img/82",2],"115":["Audio/fsIntro",4],"116":["Atlats/StartButton/27",2],"117":["Atlats/Alats62",2],"118":["Audio/uiStart",4],"119":["Audio/featureBuyHover",4],"120":["Img/44",2],"121":["Atlats/StartButton/Alats40",2],"122":["Img/7",2],"123":["Img/13",2],"124":["Img/23",2],"125":["Img/28",2],"126":["Img/30",2],"127":["Atlats/Font/Alats32",2],"128":["Spine/SymbolSpecial/specials",2],"129":["Img/9",2],"130":["Img/64",2],"131":["Img/18",2],"132":["Img/1",2],"133":["Spine/SymbolSpecial/s_wild_d_atlas_specials",7],"134":["Img/37",2],"135":["Atlats/Font/Alats60",2],"136":["Atlats/CachChoi/06",2],"137":["Audio/heartbeatSlowdrop",4],"138":["Img/100",2],"139":["Img/lauch",2],"140":["Img/20",2],"141":["Atlats/BigWin/Alats30",2],"142":["Img/98",2],"143":["Img/57",2],"144":["Atlats/StartButton/Alats39",2],"145":["Img/78",2],"146":["Img/104",2],"147":["Img/32",2],"148":["Audio/spinBtn",4],"149":["Img/89",2],"150":["Img/92",2],"151":["Img/48",2],"152":["Img/52",2],"153":["Img/19",2],"154":["Atlats/Alats54",2],"155":["Audio/uiInfo",4],"156":["Img/88",2],"157":["Atlats/Item/Alats15",2],"158":["Audio/featureBuyBtn",4],"159":["Atlats/Font/Alats63",2],"160":["Img/70",2],"161":["Audio/spinStopQuick",4],"162":["Img/74",2],"163":["Atlats/Item/Alats20",2],"164":["Spine/Symbol/l_a_atlas_symbols",7],"165":["Audio/heartbeatNoise",4],"166":["Img/45",2],"167":["Img/69",2],"168":["Atlats/CachChoi/04",2],"169":["Audio/symScatter",4],"170":["Img/58",2],"171":["Audio/rouletteEnd",4],"172":["Img/duong",2],"173":["Audio/fastspinEnd",4],"174":["Img/67",2],"175":["Audio/multiCombine",4],"176":["Audio/rouletteStart",4],"177":["Img/61",2],"178":["Atlats/CachChoi/08",2],"179":["Atlats/Item/Alats18",2],"180":["Spine/Symbol/h_horn_atlas_symbols",7],"181":["Atlats/Infobar/Alats29",2],"182":["Audio/menu_icon_press",4],"183":["Audio/rouletteLoop",4],"184":["Audio/slider_effect",4],"185":["Atlats/BigWin/Alats4",2],"186":["Img/26",2],"187":["Atlats/StartButton/Alats37",2],"188":["Atlats/Item/Alats8",2],"189":["Img/102",2],"190":["Img/3",2],"191":["Img/11",2],"192":["Atlats/FreeSpin/Alats41",2],"193":["Atlats/Alats2",2],"194":["Spine/Symbol/h_mug_atlas_symbols",7],"195":["Img/75",2],"196":["Img/71",2],"197":["Audio/scatterWinHighligh",4],"198":["Atlats/Item/Alats10",2],"199":["Img/76",2],"200":["Img/8",2],"201":["Img/77",2],"202":["Atlats/BigWin/Alats5",2],"203":["Atlats/Item/Alats14",2],"204":["Atlats/FreeSpin/Alats59",2],"205":["Img/55",2],"206":["Spine/Symbol/l_j_atlas_symbols",7],"207":["Img/87",2],"208":["Atlats/BigWin/Alats11",2],"209":["Audio/prizeInfobarTotalwin",4],"210":["Spine/Symbol/h_shield_atlas_symbols",7],"211":["Img/15",2],"212":["Audio/bgmBigwinMain",4],"213":["Img/94",2],"214":["Atlats/Item/Alats19",2],"215":["Img/31",2],"216":["Img/50",2],"217":["Atlats/Item/Alats24",2],"218":["Atlats/Bkg/Alats6",2],"219":["Img/63",2],"220":["Img/68",2],"221":["Img/40",2],"222":["Audio/heartbeat",4],"223":["Spine/SymbolSpecial/s_wild_a_atlas_specials",7],"224":["Img/29",2],"225":["Img/54",2],"226":["Spine/Symbol/symbols",2],"227":["Atlats/FreeSpin/Alats42",2],"228":["Img/84",2],"229":["Atlats/Font/Alats7",2],"230":["Img/51",2],"231":["Atlats/Bkg/Alats13",2],"232":["Audio/fsWonRemainingIncrease",4],"233":["Img/96",2],"234":["Img/97",2],"235":["Animation/ShuffItem/Shuff2Loop",0],"236":["Atlats/Item/Alats27",1],"237":["Animation/FreeSpin/ShowFs2Loop",0],"238":["Img/45",3,1],"239":["Img/3",3,1],"240":["Img/59",3,1],"241":["Animation/FreeSpin/ShowFS1Loop",0],"242":["Atlats/StartButton/Alats40",1],"243":["Atlats/FreeSpin/Alats59",1],"244":["Img/84",3,1],"245":["Img/95",3,1],"246":["Img/7",3,1],"247":["Animation/FreeSpin/EndFs3Loop",0],"248":["Atlats/FreeSpin/Alats47",1],"249":["Img/104",3,1],"250":["Atlats/Font/Alats7",1],"251":["Atlats/FreeSpin/Alats41",1],"252":["Spine/SymbolSpecial/specials",3,1],"253":["Img/99",3,1],"254":["Atlats/Item/Alats17",1],"255":["Animation/ItemAddScater/Loop1",0],"256":["Animation/ButtonStart/Start",0],"257":["Img/37",3,1],"258":["Img/64",3,1],"259":["Atlats/Alats58",1],"260":["Img/51",3,1],"261":["Frefabs/NodeAddShuff",5],"262":["Spine/SymbolSpecial/s_wild_b_atlas_specials",6],"263":["Img/20",3,1],"264":["Atlats/Bkg/Alats13",1],"265":["Atlats/Alats54",1],"266":["Img/34",3,1],"267":["Animation/FreeSpin/EndFs2",0],"268":["Img/16",3,1],"269":["Spine/Symbol/symbols",3,1],"271":["Img/11",3,1],"272":["Img/54",3,1],"273":["Atlats/BigWin/Alats11",1],"274":["Animation/Bkg/Coind",0],"275":["Spine/SymbolSpecial/s_wild_a_atlas_specials",6],"276":["Img/47",3,1],"277":["Frefabs/TakeSymbol3",5],"278":["Img/18",3,1],"279":["Img/41",3,1],"280":["Img/65",3,1],"281":["Animation/BigWin/SuperWinLoop2",0],"282":["Atlats/Bkg/Alats33",1],"283":["Atlats/StartButton/36",3,1],"284":["Img/43",3,1],"285":["Atlats/CachChoi/04",3,1],"286":["Frefabs/EndFreeSpin",5],"287":["Atlats/NearFS/Alats57",1],"288":["Img/6",3,1],"289":["Img/80",3,1],"290":["Spine/Symbol/h_mug_atlas_symbols",6],"291":["Atlats/Item/Alats23",1],"292":["Img/96",3,1],"293":["Img/87",3,1],"294":["Animation/FreeSpin/EndFs4",0],"295":["Atlats/Alats2",1],"296":["Atlats/StartButton/14",3,1],"298":["Img/97",3,1],"299":["Atlats/StartButton/53",3,1],"300":["Img/103",3,1],"301":["Atlats/StartButton/Alats39",1],"302":["Frefabs/Coin",5],"303":["Img/5",3,1],"304":["Spine/SymbolSpecial/s_wild_d_atlas_specials",6],"305":["Img/79",3,1],"306":["Atlats/Font/Alats26",1],"307":["Atlats/Infobar/Alats53",1],"308":["Img/19",3,1],"309":["Img/69",3,1],"310":["Img/26",3,1],"311":["Atlats/Item/Alats20",1],"312":["Animation/BigWin/BigWin2",0],"313":["Img/1",3,1],"314":["Atlats/FreeSpin/Alats36",1],"315":["Spine/Symbol/l_10_atlas_symbols",6],"316":["Img/55",3,1],"317":["Animation/TakeSymbol/Take_2_1",0],"318":["Img/4",3,1],"319":["Img/81",3,1],"320":["Img/75",3,1],"321":["Animation/Infobar/Take1",0],"322":["Atlats/Alats55",1],"324":["Img/67",3,1],"325":["Img/63",3,1],"326":["Img/8",3,1],"327":["Atlats/Alats9",1],"328":["Atlats/CachChoi/06",3,1],"329":["Animation/BigWin/MegaWinLoop2",0],"330":["Img/32",3,1],"331":["Animation/BigWin/BigWin1",0],"332":["Atlats/CachChoi/01",3,1],"333":["Animation/ShuffItem/Shuff1",0],"334":["Spine/Symbol/h_coins_atlas_symbols",6],"335":["Img/39",3,1],"336":["Atlats/Item/Alats19",1],"337":["Atlats/StartButton/Alats37",1],"338":["Img/56",3,1],"339":["Img/46",3,1],"340":["Spine/SymbolSpecial/s_wild_c_atlas_specials",6],"341":["Atlats/Item/Alats24",1],"342":["Img/86",3,1],"343":["Spine/Symbol/h_chest_atlas_symbols",6],"344":["Img/25",3,1],"345":["Img/77",3,1],"346":["Img/48",3,1],"347":["Atlats/Infobar/Alats29",1],"348":["Atlats/Alats62",1],"349":["Img/60",3,1],"350":["Atlats/Item/Alats8",1],"351":["Img/92",3,1],"352":["Img/70",3,1],"353":["Img/72",3,1],"354":["Atlats/FreeSpin/Alats43",1],"355":["Img/93",3,1],"356":["Img/52",3,1],"357":["Img/102",3,1],"358":["Img/58",3,1],"359":["Animation/TakeSymbol/Take_1_1",0],"360":["Atlats/StartButton/Alats38",1],"361":["Animation/Bkg/Fire",0],"362":["Img/2",3,1],"363":["Atlats/BigWin/Alats4",1],"364":["Atlats/Item/Alats15",1],"365":["Spine/Symbol/h_helmet_atlas_symbols",6],"366":["Img/98",3,1],"367":["Frefabs/LichSu",5],"368":["Animation/Mutil/EfMulTake",0],"369":["Animation/Infobar/TakeBig",0],"370":["Img/24",3,1],"371":["Img/22",3,1],"372":["Frefabs/NearFs",5],"373":["Img/duong",3,1],"374":["Atlats/BigWin/Alats12",1],"375":["Frefabs/Bigwin",5],"376":["Atlats/Font/Alats63",1],"377":["Img/68",3,1],"378":["Img/94",3,1],"379":["Spine/Symbol/l_q_atlas_symbols",6],"380":["Img/100",3,1],"381":["Animation/BigWin/BigwinMain",0],"382":["Img/61",3,1],"383":["Animation/FreeSpin/ShowFS3",0],"384":["Atlats/Alats46",1],"385":["Img/91",3,1],"386":["Atlats/Font/Alats60",1],"387":["Atlats/Bkg/Alats48",1],"388":["Img/101",3,1],"389":["Animation/TakeSymbol/Take_4_1",0],"390":["Animation/BigWin/BigWin3",0],"391":["Spine/Symbol/h_shield_atlas_symbols",6],"392":["Img/66",3,1],"394":["Img/44",3,1],"395":["Atlats/Item/Alats22",1],"396":["Animation/Mutil/Mutil1",0],"397":["Img/12",3,1],"398":["Img/57",3,1],"399":["Atlats/StartButton/27",3,1],"400":["Animation/NearFS/Nearfs",0],"401":["Spine/Symbol/l_j_atlas_symbols",6],"402":["Frefabs/CachChoi",5],"403":["Img/90",3,1],"404":["Atlats/Infobar/Alats52",1],"405":["Spine/Symbol/l_a_atlas_symbols",6],"406":["Img/21",3,1],"407":["Spine/Symbol/h_horn_atlas_symbols",6],"408":["Img/lauch",3,1],"409":["Animation/BigWin/MegaWin3",0],"410":["Animation/ShuffItem/Shuff3",0],"411":["Atlats/Infobar/Alats31",1],"412":["Animation/BigWin/BigWinLoop1",0],"413":["Atlats/Bkg/Alats49",1],"414":["Atlats/CachChoi/07",3,1],"415":["Atlats/CachChoi/02",3,1],"416":["Img/76",3,1],"417":["Img/9",3,1],"418":["Img/10",3,1],"419":["Atlats/Item/Alats44",1],"420":["Frefabs/BkgTakeSymbol",5],"421":["Frefabs/TakeSymbol1",5],"422":["Animation/NearFS/NearFS2",0],"423":["Img/40",3,1],"424":["Img/71",3,1],"425":["Frefabs/NearFreeSpin",5],"426":["Img/62",3,1],"427":["Frefabs/TakeSymbol2",5],"428":["Img/82",3,1],"429":["Atlats/FreeSpin/Alats42",1],"430":["Atlats/Bkg/Alats6",1],"431":["Atlats/Alats51",1],"432":["Spine/Symbol/l_k_atlas_symbols",6],"433":["Frefabs/ShowFreeSpin",5],"434":["Img/35",3,1],"435":["Atlats/CachChoi/05",3,1],"436":["Atlats/Item/Alats10",1],"437":["Spine/SymbolSpecial/s_scatter_atlas_specials",6],"438":["Atlats/Item/Alats16",1],"439":["Img/89",3,1],"441":["Atlats/Alats50",1],"442":["Atlats/StartButton/54",3,1],"443":["Frefabs/NodeAddScater",5],"444":["Atlats/Alats61",1],"445":["Img/23",3,1],"446":["Atlats/Item/Alats18",1],"447":["Img/30",3,1],"448":["Img/78",3,1],"449":["Img/31",3,1],"450":["Img/17",3,1],"451":["Animation/NearFS/NearFsNoSap",0],"452":["Img/15",3,1],"453":["Img/50",3,1],"454":["Atlats/Item/Alats25",1],"455":["Frefabs/EffectRemoveItem",5],"456":["Img/33",3,1],"457":["Animation/TakeSymbol/Remove",0],"458":["Atlats/Item/Alats21",1],"459":["Img/29",3,1],"460":["Frefabs/ItemSymbol",5],"461":["Img/28",3,1],"462":["Img/88",3,1],"463":["Animation/BigWin/SuperWin1",0],"464":["Atlats/Item/Alats14",1],"465":["Atlats/Bkg/Alats34",1],"466":["Img/13",3,1],"467":["Animation/BigWin/MegaWinLopp1",0],"468":["Atlats/CachChoi/03",3,1],"469":["Animation/TakeSymbol/Take_3_1",0],"470":["Atlats/Font/Alats32",1],"471":["Img/85",3,1],"473":["Atlats/BigWin/Alats5",1],"474":["Frefabs/TakeSymbol4",5],"475":["Img/74",3,1],"476":["Atlats/BigWin/Alats30",1],"477":["Animation/ShuffItem/Shuff4",0],"478":["Atlats/CachChoi/08",3,1],"479":["Img/83",3,1],"480":["Atlats/NearFS/Alats56",1],"481":["Animation/FreeSpin/EndFs1Loop",0],"482":["Atlats/FreeSpin/Alats45",1]},"types":["cc.AnimationClip","cc.SpriteAtlas","cc.Texture2D","cc.SpriteFrame","cc.AudioClip","cc.Prefab","sp.SkeletonData","cc.Asset"],"uuids":["034GgDccBBbYMsH5tEShmH","06N4ivjTBCSaR1M+zufKm8","06UT+eRAxE17zCdo2GHlg/","0aAlxri/JHmK7c2DrV6x4O","0bBjlubMJP4YbH7bQhkOiT","0cdEEEO75OVJ2G0x7P70qU","0d3RWk4B1JjKXaJceSeJSl","0edJn3mEpJB75JMTSW0e93","0f2m3XpaJA9I/ItMYbi6Sb","13eiajxOhO+p/UBKxH/7wK","14LIrBnBJL66ujAYdmd7e8","14WxwHfLlN9YFCW9lzit9N","15TAmnZDRCfrDfNY41oYDF","15u0wn+vdCfLwE/wrqvmzb","16V7g3O8JG+JGeEmrmG9Nj","16vKx5ms1PwLDnxyB6qMdP","18EhNMyXJKo7HaAV6zzE/d","18YwMDvUhMQJfOjOlq+TEy","1afl66EERC06SaoNCAc28D","1a1fpz0UpF4YB4b1OaZOT2","1eqdo10xhNWYqprJYCdAFn","21B4eul9pEzLme5yxMAIEL","21DX1iD3hNypLPTy0XZNML","22qHPDSfJHQrqUI7iq2cr2","25BW2OJZFLnbabsystLD5v","26Eo/4cSFGSLLRgN0EjkPf","27DUcBXYlOjJCUK3t9HbXn","27ac4OGXlBZIIjzNGFJ8lk","28wJeYjTVFLpFX7rWdY+/6","294EZwsd5Nvbc0WXTAz6HR","2aTMgYcb9MPI7TGvWK3ey9","2b74OlS4FMGL4Yv01ACKDt","2ehoS70K1J1p5oJgIYE4jU","2fTpzeY0JFP6gBLuxDIJjw","2fbSTqUHBNvJkt0lcK2FQk","31RrbqsIBPB6KiXrWX+j0B","32mTth6udKLKbNPpuB1yvK","34EaIsjtdM4b5tWktsk6ZH","36ard0KNxL6aVgq8N8Dz3/","364jLh0IBBOLhhXS9D1hyi","3795Gh7g1J053u/wTuCD5a","38T7FFzkpEnLmstc20Wg4M","38n0EOKQZJELV96ny2f8EJ","3blh7TFWtA6otR+EMQ18ia","400xv/DlFHALqf4M77iyXd","42lwbUgyRI4J1wxFmFnhVy","43ggdqf8ZOdrXDseDBK5DI","4353bJNK9Ks4eS2Hl0p/QK","44aZ03g3xB2ogvtE0grBbf","453o2q5VpJyb3IE7tmzKP7","49hoiK6rNK+rY09Vi9hlim","4algEvk5VL44YCwady2XY7","4br+SoxlxLO782Sl7N1XI2","4cFqFIGHFIqK3wDEts56Qd","4djbsg0xZF7IMBjv4e4GNL","4eBqpyGitLGakd9ZjLI8SQ","4eDVg4VHxO3bbWHiO3Gsff","4emzVEPz5NuIJTuddDdFtH","4erPhwCktEt6g8ids+LMvm","50tz5edLNP64D43E0jlDTd","54Z/OdIuBDc435qmQ6RO5O","54eBg/4QtJtaH6qRNDIacj","55cg4MGF5H34+JZKyIyUQ+","56n4GfMzBBL6aiPfRJ4/oG","587/LvnYdO/7X31e8kJ5DO","59FotddpZHtqejFUX+h667","59rm9/6XRJJaeJO7rM5aKG","59yWNBo3NJFLfco9hQ23J3","5d7FJRN4hL7YrP+9W12jYy","5ebZDseM9FzYCoJ2En4b/v","5eqvnwjadP4IIAaQCtZote","5fUL/R06xB1ZaXI+Ma6tWa","603hn11yJAx6wXX9LV42DM","633e5quBZImahIGIImLILe","64ojnGji5HH6b+enOBT5yJ","64/WyQQVhJlatX3P9V795p","65WBoHHtVG1JpzjsW2u+Sg","651bCrGo1AMo7nwGymdXrb","655B/5GS1J6a94+BmNaFAD","66LpLF6wNFuouy8pVY68HJ","66pDSXyMBC9Y50ScM7eYKD","68DuiR3JVD9L7kQ+uU8jo8","68F4vwU3NP1I/N5qHmY2Bj","68VLenbMdOwqnyraVq5jMd","68ybWhCLJGEozf0Jjlw+xk","69BT+wYitABoPVIKJZWF0t","6a3HMC+/hDOIo67wOPDvl8","6b39HZmmFOA4x5e77fMaLY","6cdD503JlPHawoU360yrpP","6cz5l4xmdGEKldW4nxfgYh","6dgeHeUSpOj7hZmgEkX8M1","6diUeGpENNNKv1L52V7Lns","70Vv0zYdpPtKkIllka9b8r","71oDJTdWFGirJ7vJxtIdAn","73lnlzly5JZKgRzfFP8S/t","74NwMdqzdIzZgXsXZwTiqn","74Sm+AQE5MypnpQEQUw297","75LwKiZvFHNJPWcDZDdT2P","75NCH3FNNIErsU8cq8+lME","77b7Ha725O9Y3dQpeXlo9t","79IVhixo1Dg5TX2lR5m2Vh","79b/O3aS1Pyaf0/hlsHiw+","79mzU5fDNIbr1/dtvqaF33","7bb6IFlbJEYKM4cCN4QoyD","7de2+LDfxF7IH3Yg7OM4rC","7d8W/leUVG6rFILCwcWHfM","7eN3JWjudODb0cEWzwxplF","7fCNR0aX1Fhr+OK9r/hc2m","7fHAcRgnhAr53zFbVBlfEb","7ft16a675KrYqSx0WpY2MP","80N5Y73SNJHKbP89N9EX3z","80nUbnchpP64WcCw/Q01Py","82D5lb0xVP35WY6gO7nSu3","82ZxFL+qNJGpP2/ImbISi4","83FwRYV7pPu4WNrSzFObCr","84D1z5ZKdL6IC3v9ZOytf7","85Mxyzh+dFPqLEqSRj/ZWm","85jpWHK4lCupsMhZaUX5Ce","856jTdQxxBvqt1LOCZoE+s","86C/KtuLlErrxNj26BvST2","87ZwWoPFlLv6SkAuHHyPrY","88IVfgMi1NC4udZidkWhv3","88cIrHuipLIZr81CySTE45","88iZOGPetDjJxPYLehnqsd","881KS2YWBBgZkdAOjCFYeH","8aH1cc9qJPYqEW8PBJlVU/","8axEicuPxJHI2tN0jTleNx","8dufi8EiVD86iREfSmF5fb","8fSHN6F0ZAqKObbtwEfuL6","8f3M+piu9GFqjh7rR71oTK","9083FQY6REJZf+sry/GfxR","91vaw+WdtEY45IYhIIFeyP","92dQuRn1VMkpvkHEoWPN6C","93SQaE9I1HgJ9YHawnd8V3","95LkfSl1lBGbG9DxTmmP1a","95djg/4B9EobwizCZyI79y","96YnT46g1OUpCsf3L/vUO2","987tcxrURIa5ZU0v6D3nmp","98/UIcbPhF3YbCqr9KcUKM","99jk+nLOlJSben8XLzfzdp","997A+6VG5Otb5P3Mf0x9Mj","9cS2exlT9P2pfCOPA+dd8m","9canswLm1O3rHiL6Ybjmhw","9d2WYQsNBOP4jN7mTYmo+Y","9d71kc3XRO7Ku7xoa3ngbm","9edZ2gHUdPj5FJZycHH0cv","a0J2fy05lEna+lwea+9+dR","a0ibmFqupEQZT+VkfvfOsB","a1fh2BCZJFdYCN8cfnewSV","a3Nsr1QapAwJWnrkJXskP6","a4dOaH871M/6K8SRf6Q93p","a421uP0ghK344gnqY5j1Gu","a5aDMc3+dL6LA14eFY+7na","a8G8PvYx1GsrUgPv30+Ksb","a8aZRru3BB6bPIXi9YWJ+i","aaLwSrHptM350B7Yi+pRth","abCxFVBPhI26OmOipY0rmE","aejLHJvU1HR6ESVgty2DlB","b0xVbdoV1K/6Hkbyy8QqPX","b2K7gDeORAqZOtWxCvltSz","b26jfHiURA3pVFUrdRxMFl","b33hHt+kNKLoxRsfn8FXFH","b4fQa0nQ1JooMlFqCZmO8z","b4tziiuapN8ZHIY+wkXYD1","b42E9v/wJIZoNKMBEJP+ja","b42KVP5ddLVoTkG/iViHOS","b5smSR5sJJwYgH2Gk0xEtK","b5s4ecfNhOwb4Wnm/DMHum","b8SDw2Z4JIQbsnzOlsZSNP","b8VODRY6hGkaXTGDSFXdQD","b8aQs44lVEEop9H4lSPdrX","bagHvTnABAN7jqm37vKzph","ba4QUOi6dJl6WkjnlOeRfC","bcJcoTBDhJgZBFRsh88crc","bd0yrY4R5I05VaO8vP65W0","bd7Z0sw5xDd7mBaoAMweCv","beIN/LiWNFfKfRMOTu6nA9","bfFcQXrHhOVJm5uz1XNbhn","bfheShb0tOz7wiX3Sa/77y","c1igiaIwVDNbbapH4vcOl4","c26AdZNu5NuKN8VAxgYnK9","c3EzwHOmxEO5rLC9BG6lon","c4/SQHc/pOjqhCNQY1ClAQ","c58UCIlIlI9pXVZOxIzhRw","c6KOv70tpCiZApy4B66LO1","c7LAr8l45Ev7GNRPdxFL8H","c7lA0ftNtKE7fzD/eziSVt","c8v5RqXtBO1aB5U00/rNnh","c8z7261tJBrbZOF709MOkK","c80GFRxu5KAoDJIbOLg+hw","cbQcjZeHVHqr7G+NJqfIal","cdNuFtTaBJQoqkHdcIffEV","ce8qHjfxJBgZ/fS9tsOx9P","d1ChbCvyFH3oPGXZoP1sUc","d6DHwWalJPTYsy9GcWwwrW","d61Nm3kqJNn7bCdIMwWlWs","d7UnQSBUNGFac9SAL72h5B","d9TZUm+D5LUIVGO8wZBUrT","dbwLF7zyVKj42L8Fxlto2f","ddXX5B+HNBjZwKTFQ6ak1w","deUddagglEYqlChhe0zL7x","e1Fo5xN+dNG7zxv7VBW3qa","e1bGRZwzVOd65mYH7NFwjn","e2mF8e0OZM3YjO4wlSpeMA","e3L+b5TtVE9Ko1f0mlYq1m","e4odMTKmtP3KMy0hmjAc2q","e5r9u1VJZJiKVW7RgrVRQN","e6Jd+7mxtF9449AquLoo9e","e8GMi0NeFDrrRu4uwa+YMe","e8pnNLLpBLaY6MPwHMIaWA","e9DGPWHl9PB7mK06bJ4bw5","eafYBrDyxL7JjJlbeieXSN","efF1IlVsJFDYc/OPpCCpmj","f0Jd063N5JCIQD21NnemsS","f0s/Zi3r5Jkpvc54mnljyC","f09CQhbClDFqnZAah5qLll","f1MMTwZvdJGKEWhUs22iZ7","f1O7AlrsBFVpWCsKY/RNjR","f1xESi7s9FtZ+vVpzimCyx","f194+X5uxKn4q2IyCrmdJG","f2XQKBlJJFuo14nMfBwVuV","f2vJ+J/ytGv6BJ4na1AKaX","f2/Vf+Z1tPI7D32VKH5j1M","f3As5pH7BO6oDPw7pKsw+H","f4MYl1AWtD1776bDEI5+lR","f4S+Tx9kFGqKEhn/9RZBPJ","f5EEtXXz5NDr1x4Um5vMfh","f5uMUhMrNJ07TI7XElJVii","f6N5U6nNVFyaYd/eEOU2r5","f65NyWvVxB8Z5tmP4y9ZrI","f7bHbYNzxAZY7XH3G99R+7","f7ht1z32JIkKfKMHwLLWvF","f7mcIA6fdLsLW/fpOp70VK","fa9iKiKlJKzrhdDqpjCDwk","fbSogluVZIE6Ug/BT4oNPs","00t2ET6w5Nhrsiu4V4FktB","00wkYdPE1OHI2cYKfC37zo","01H+S99DpKaZrAzXAKWHw3","03cxx7vBFJGYcGHCnEcp4W","04Xsh5w25EMJQnxFjW2VA1","04drZVWXxEsrbfQNDmkF5H","05FsQBhhFNw6+R7XO7UarJ","07gEPNVK9M3JUkKCnMYTBi","0ciuXIum9B6IMpfELDysfY","0cqaMraoBHW6L0I+ub2bys","0d0/TCIzFEVK52dYeNsCcR","0ejODiUkNLlZj8f11Z4KvM","0fHfysxd1Cw4RSQl0EW0iO","10ZTm/tmxK3ZInXQBLGIYS","11hGz+8WJEgoQBHckIWJ+F","11xygNiQZCXI68/h44Hlhd","14IkE5bs5PdK4hinjIWZuN","15wcqlQBRNuoaHNFWQB9I7","167a/zQixKOoLUYkZlijdf","17GOpqT3VBbZJSrtI1OFxD","18H8IkuAhBsbkwC7nUum3Y","18e+I6foFOj4tVdQ1PkUx0","184DRj3ANNKblVPfm7uZnB","1aJPOX+TlOSLE8gT/YyfK/","1ae/cBGcZOtqhm2NVOhkK1","1byRtaJg5KT639qDI7mgKC","1b4ELAIxJPWKzulY9bQsUm","1cTkMw0dBGd64GnvXKLNnn","1ch++dC/lG3Y/7b1RwdOkO","1eeF/CKPlP/rYhd2uqtvUB","1ejrv4YEhB5pW0L22CiBNB","1e6cm08hlOu58ZD7Weolyy","1fNLeHQRtAu59m+FWhmTNv","20Al6OfrJDhbrxSpu/ZT1N","20kMFF9cBChJ/jgBQB5q7f","21PpxYgu1Agrz5oNND1t9I","23DffmhupKiIop+gL8hnm5","26KLDsqypJIrNL5q+M4LkL","28Mafp0wVKtoO/1PBSK9AD","2bimDMZBNIAZihSBNShje+","31stU1+MNLSa99jm3j5hef","319jXeAsVNHKMRzUElTHLd","331pFNIeNPiqFr2Nl29ylh","34LWreCRZH1KtUENCmtQto","35x+X1sUpHi4qmiYKMWpVt","36sIpcMt9COo2fFigLwItG","36vmGW+SNNZr52Uqha8sG2","37O+IfyNlDfoZJpFxqqoWe","37fbWN0CBOU5MiOhgZqc0U","37k/w0cutPK5WlEhQnGLzI","38PSMsSChL8Zio/LQLwlSF","39vTpcAQJD/6EkLDeJPb2p","3bBi64paRMOaAudCVoI589","3eKBs/7cJOqJvpNJa86jOj","40Pgfnb5tMV6ba9gs9N7Vw","40wvaEj09GV5Fu8EhGpbXG","41M1tfBf5A+LF3NhhZyuRf","419MLAPbREX4aM+mGalVv2","44g8VhSVhFPqQcr9X5BRJp","45wOhILN5Aubup70k0PUSA","465kIXokNNL6sBEN6TO0lH","47M/vACwdEP4kC2kjiAoB3","48FzB5HpxPi7Rjom+cygoD","48Mj1XwaBFTbsme05TGxJg","48WXX8+u1Kl4H2byA0JVgV","49mkfGVwRHHKSNU3UOETT9","49y9fumcpHhZ+1v97lne5Q","4cNss1iclHF4Twdd/lvSW9","4ckiGrP9lOCas7ZtaeMpWU","4ctQmkcehNY6kE1nBIy2fM","4dCEHhgItBwJpfYk0NZvbA","4dMabjm2xAZpg+rm4wGHsg","4emT3/07ZGgq9BJ/sW1OnF","4fnBpdi0BOfYBeMyrIfFh6","51FkTJwstJCLu0TjhFWbPz","51V+Zfb1xKr4RIKHy+wMbH","528o4qdctEkblZ7cw8jj7c","53QBBgOl9KZKpH5Jdh7of7","54n1f2e2tPYIavVfLhK47w","54tYuEjcxDYJoHtVC29HKX","54zIgEUYVGQqSh0xSDuEBh","55bMBWPJNAkJO/jZLX90V6","55buUGmSdHMIRGQnf1Tj54","55dAK4Pa1BVrFrBIBKgv+z","58KURpk+hDj5Fqn9O92Xsx","58RZojFYlN7K+83EeH9ITf","59RPIo+uBMnofXZb0iJK07","5bZd6o6pFAxL44fSj+v7ME","61cyPdEfRN047sDK9rO0W5","62uy06pd5EeZVx/5t+bUal","62v8MWB/1PK48niHrlQfkY","63nwJ+5s9C17suRtHINTQ+","63uYeGi7xMwZPUrs5HYdnt","63zmegfFdDq4/I8tvRL5wI","631AA7z49JNafZx0q93a2A","65Of6D+n5LZZCKcZLq9VjS","66KboMgR9JIKg3aI4TkAzA","68ChtK+9JE/r/6QMgHQXML","69KMdsI59KTbKimMxxkjcW","69QCul0i1MJ6enlvnSupfD","690l55Zl5Ckr1aIDV2SiI4","6agBELnK9CoZ5xi9y55SbI","6cjGGCpK5GXLpJHalkyJHr","6c9gPR7oNGEIJeZGVHS8/b","6dotj2HblE17BF5c8mJWzM","6egOxEJ0VDPoDrzVNYgQxm","6elaN/PC1ESJYdWRTiIuxg","6fKPt57j9PLb3DtSRnkV8p","6fZH4bcV9CRKpMJ9q1fa9y","6fdMdCz51HOY9u1gZNFHVc","6flyScyIRJ1b+0huG+iD63","6f+HdrwhpIBa/97jJrYyLf","70EhwykjhKl7ziSjwpuse+","71TCmP8+5CWblkr2hB5CGQ","71ztHw/+JCI7KmKFiNg5Jc","74aGivVGhEnLhoOuoYSD59","76TUxNpLhKaL8SwetN5TIg","77Z9/jEldELb6BToZgWF0l","788xqbgIZCqZoNJLvibY+M","7893d3qcFOG48xb3Adwe3I","79beBoPi5C5YlbeS76TD43","799RPr3P1P748+yudJxSam","7bH5RmL1dKm47mjeLLPd7Q","7bIIyh9exAnI02CB7WiEao","7bonvtUt1MC4BhJ0AJAr/x","7eXHPqSRBJ/LfVJdfzjwWb","80Oh0jTjZBXq12oQseikq6","82MTt67ZZMWYpQih2h54IX","82p9V+L8VMaJkJmRHLLF77","82ycngbGhEwqYeAXIiW09K","821Iw7+21P86Sucgi9V51P","83hi+bMRFHKaGt+FGr8Jt8","83otjtgM5O/YqT+ioTLv4F","84kivy+2tP24+XxND64way","84q6hfV15IC6TblRDNXlTF","89y9W3yIpM8YiNGpKCmoMt","8bEKi1/AFCmrH1flq1i0zu","8bOQHj7QVIvoW2M65S53ep","8cIDTjOGRE+bGFJri8txg1","8chvKCHXlHHbC3USljQ1/b","8fvl8GV1xOu6bODYfzWSzZ","91uy/VyBZHKp4gsFHpTvWn","92l6JmKBhISbt8cP97l+Jf","9508+VU+RBeLduJ38QmBbn","97f2P56+JKkJZFFchRUD50","98OoEYTphLSJAI5QKEDDbi","99Ck/+QkdCx5zrxNbq9Amo","99LIb0Z+NJ0LRaJxjNBjqV","99bO2NbKJFVrzSBerpf/z0","99voJYZGJJ3I2smY+cGJnS","9dy4pxeLBNQJDIQIG0a9lo","9eYkCZhT5DZ5R1P9sbS/W3","9fLiX10CNNMZoEb2W+uDEC","a0oqZpDQBHoowaizKRz+qy","a087hO2ihHlZE4CjcoYEAW","a2qjImPWtH4J7q7OaDHSW8","a3S3o6LSJDp7RxDNJRguAv","a3YoO89lhAarPV2R70zcjb","a43APIVFdKYJvNMjh2DEy+","a7oPBIuQdHB5GcV8lsBYAG","a9YAFoJwBBAZTtneineti+","abgzDKYnZBxZwEzdX+YHtj","abr0dP/ixPzaFRSuTCoWsj","ab3igCH4tFkYYJueM0mT47","ad8ev2+/NOxYaxlnTTTR87","b0HTSBy9xArbLJZ5ghetug","b1ITFQE3lGUpJWsjpgGQsn","b16bR58l5CvaRbA8aQT4HR","b16gqxFolMH7WJBmr4Toy2","b3y714WgpBN5NUNP6HLGrq","b5axsqIz9AU7MdKk9RQKN7","b7B3LKhWpNgbnJ64WHR1TM","b8rTXiHUlCm501jW6PN4AR","b8/wbrRrdD2b5VJzjCm0gg","bagKuCVUlEUYGwkq8aIwJD","baseoWnp1DFoFE9QLbG/eR","bb08gNXudOZJX/dHmPP12e","bb2wZ0Td9H6J6LKcXpDHEt","bdrvwo5qJKKq+uU0Ju36BQ","bfWE6zyhpPYq8+85xmVtU5","bfjThWYwZNh6UuFxxcE1Nd","c0nedTFwNLfrYgorXyjLO4","c0tx4tW65Ci4T0SA88dAgy","c2TESONydElaesNDd9tnyl","c3Aso41TFD8L833J7Md+Tq","c31BeO5QVKrp3BS/uwJdqd","c4V+W3yAFHQYaB/Pdvexib","c4iJgsrO5GBLxZT4OyoNUS","c5QvX2f3tAu7t1kL6iirOd","c7G81BixJG6qO8zFvI3gRw","c8KHgV8CRCjadusaonL8mr","c95zhRXxpJBr3WPWgeWtMH","caU84N0dJHwZSCeItV7z/Q","cbdZJklipPtplgJuU11nCe","cbwdSZOgxCFKgHXWMU9jT1","ccXIKDN9ZNjqPyofyU30yb","cdVMZYgSBIHKLpqAi43eoI","cdbMcme9dDlLf91ld3QMMg","ceAPDORVpEArs2c5MqjeNe","cfpQrT4wtL8I71STb/zps3","d1GMgeSctAUabf8zQHkmjH","d28hrB75tHGKxq/F2IBVIN","d3sQ1H0Q1LAYBrHzLYWNTt","d4agxXTAlNK5gAASCVceky","d42owB68lMU6dq5FGhua7+","d608qFRoFHwbXd0Dap056i","d7gV7O9dtEYLXtaLIXrdKn","d7srtCIilCBrTNpflMqETG","d8By7MwhBKHaPO5CCarlnR","d8DRxLFg9O2rDr5wnixiAd","d8fHhnlgZH+ZanqQ0fo+Va","d9RdtdoYJPOYvEAGcpvQly","d9e9ZIVy9M3IU85AhWlZ/S","daoXKuwBZAQoNjcrcPyMie","da4DHpi49KPa6U/vmiXIq9","db5kSK+NVMBp/l0IbKQr+a","dcQfaCAHlBqJmeMJIxhxzM","ddx5npRrdMHJ+kGZHkcFVR","dedf4Y6gVFuKCNiEHHuoMb","df66TM9rtPV7nccflMjAu2","e2hYxf1iNBha3KCLCM6DgW","e2vRTnIUdKf7hR7uP7+pvc","e3siNfxQtKeqUIGaSyv3+6","e3y35WeQJPZ7XXijarblcn","e35gEK7qlODInBlHiiWYVJ","e74XQHNk9Pfay77NVLnSfK","e8BMlqHgdPAoP4XFWd3ujp","e88+LudYRDQrMM/5f699DI","e9mH6lL2VM/ZBTB+NaBVbx","echnqvC45NpZKVdvnftJF2","edC/XsChhNwr5eYvlJhbak","eef/K0Ms1BfINbY7uMu6QL","ee4fwOtB5HdJHpmJidcLpw","f0frfCqnBL6afk6mfAiJrJ","f1uLLQpyxHmZ/h34pvdsK7","f2tm8RIrJH4bUK0SSMAq8I","f25otax1FFEYcrJ7c9ARQA","f2+6cAyDFJsbT3BwIjNOWK","f6PHjxZ5tOir9cLwdazRWL","f6mLs+LfZE0Y65f0rHl4Fj","f7NGCzauFLSLEdoZnC4AM5","f7XHHUpaNM+pfnOGZLAAhY","f8g0Pyd1xKM7Euwwg44zYF","f9pszl2CtLP6C7nh73HJ+Y","favoircl9OCqPTMxcjQiuG","fcR0PoL4FIYpD8+ISu3wob","feZypQ/RdI/7C6n1V6mY5+","ff61yXtYtOt73L2nIoNJVr","00GGirmIZOm6wU0dLjlEzh","00WqBFGilLrZmFxC65kw6e","00h/6LFUFJnbxnVKTGwq0y","00nc2qWgNC46hKhFBHx9DC","013z8fPJ9GvaPCdW1eDG46","02UPti5T1F6ZhAEI9V77lw","02apYUwxJDq5y3+SOU5Hy1","02gOE13MlF4Kxm6ShIj3Cn","03feZEsFBCwJSqu4/ttEpF","03hJMqhVNMrbeagNHOjlok","03ovy4vcRCfoIXLtmXLckh","04L5Z7Xy9I57VItZ8DaNO/","04Sx0wDp1Gg5Rc1sU18oxB","04cTe3vr1LGbmT3S4GCqU1","04fC9M7fdPzZEsOzLRNqSg","04/CeeUPtDsqrupg9PDevx","05ClI9tn9BALgJFRLZd6fs","05LJiGAt5FhJMCl7uTL7aM","05VmGJ3vdNXYaXTe+uy5nT","05WzplwJ1M+5xNNT+v1Tpc","05ioA6vZhGP6OMxEgq6X3J","05xCEPBhtB4qxRi8oIZ88L","05xTlr9xpKX60gxRRJ1eii","06OIfcBs9KBom/xHlffnqt","06uzWr+t1FXI0kKmdN9n0s","06xqEvhT9NDqSJTeMJDA70","0611p69ClPRab41M+c71Hw","068bPr3vdPKJBRdaVm+VGi","07MLjI4TZGS5Mny5SrXzkL","07mC7aVTlCJZv2e1JBOL9D","07zPWhnblDW58coBO1zBT1","07zk979MpAMaE45frJSNGK","08bVgn4g1I16xd7cu5EIyV","08kuYwRS9Jq4X5abKfTal/","08xUHEhMxPpK5/qOrChkDN","08zkduar1MLIl/z2M9Ypts","08+nypJntH24Jc0jOwidW5","09Tmi1SKxDo5J9zhIAlfSh","09hemOr1dOdpZB1e6Ic3P5","09r2MjxwJMraups0m/qQ0g","09ultYfzRKu5at6xGRse+G","099gQgFE5OkrPhx22KW7UU","0aD4pv59RHHqIiNvOcqO4t","0aEkzkqjxGT4qmtAEivZXC","0azcToyDZA45SGrA7EH6Cn","0a0ACBU99AwpJdnUGKpfSB","0a58mwbH9MvKAg410IXk1L","0a623Z+4dD0Z2SKKG2EIiS","0a9PbXfSxCw4a/Qywd5hjM","0a9XkWuG5FbpLDW3CHq1i4","0bOyGd8lJKj5f7g4t8G6ls","0blTwJsndKnLabar0qttn2","0bmONtrIBCKY9z/s/DqlhV","0b8Hxmf+dEVo0LTgQH/Eba","0cG/1vJNZKV4esWyq5oWmJ","0cpv194DlCE4lCmA8bqLX+","0dvIBRLolE1496OBrJeCMt","0d5RW04nBG5KF+m0bvOg2z","0eRgQlxqFNFa07uJvpI55a","0egFs41vlHTbVXVRDGSvLN","0etgmlEWxAiYgxBjYSq29Y","0fBVVR6dtJNp7C8ehrUH/w","0fNFAWTIROdJJ1ZneqDRm2","0fcDhvE/9IPogEIj3ZVtYh","0fmiqWRENFr6Rd7/AANFu+","0foRVIUmVAArok3Eiuf9AE","0fuKiT4d9KMIeycr34BkPN","0f1Y2oNhdPD4jn+2Y/weea","0f6wwrnsBObJSV5FFJJ6CM","10Boj0fFlLo66SyOlfjPIC","10EyFpG9ZNUb0XB9GWHL2u","10edHHW7FFiZrWBYn6vKEB","11gfw5ehpF+Yvb6Cm7cFuq","11sLAezrhASIx43kZ9Y7NL","11uQp+gV5PV7EJm9AnKOrL","11wz9nCPVCF5B3cBweLS1p","12VDKORztGXIqyZzcvcB3C","12zLIDyKpN3pcYD/BI5xSc","128gdVFGNOsZ7xaPHLQ0N/","13ICzVEaFFFJCTXJRmLKx8","13Nh5UncpKiqMUmCKPEnD+","13ThQ+VOtH+qS+yMFqcJG1","13aqkNK1dEUoTkX9v/TV5R","14NX0FeOpMSITonw9BCv8H","14OqTzidxI4ptqimV6l8Ub","14bXWv3lFO2rgtzY7Yn61b","14y4uK9VRCgqFWzH5AdzdK","142J2BKLlHqKltlDLaN9fg","15VpbudExFbLTgZAoifWuP","156BhRpSVBz7mAtsUAhNEp","16dFcDGBhJ9qWmk9LYzo9a","17g4UykzVKZ4zf92OO+lon","177TRvYTNE4pHA6qDuOTPo","17+zMXamFHjrByVu5FP81d","18vXxbL+lDlauB2A1g1NsF","180orC5zxPj56tpvdpnknS","186UqI25dPMaY0GYyvX5Z0","19FyBx7fVBAr5EFagLeHUX","19nSGBSRBKn7aGMRsqLSZd","19xwmc35RNrI5FwV90pGCl","1aJDkCyp5Jb40Fxm+iOADA","1aLSoHdg9FXYacar27KeMC","1aPHZivLRHUqnZ73IVAVtA","1aQbdZUFVA54Jm7LVi4Jc+","1aSlxeDFJDibbAIwUsrb85","1aglfCcyBO/avMG2yr6QY8","1ahXY6hjNMZIpf1rvH5x9Y","1amKBx6+RG56xishofTqe/","1a4s4PMIxJgI1C92RSqAO4","1bR03sI85Ojq/RqUGSiEVG","1bT24JUDlN96yb6xN0DgQY","1bes9oHSdEjpuVkPQqGQKT","1boNvP5StPgqKFPxXFAnGY","1bvnggfCFO8LINxSgg5TH+","1b5OlpP4pKP4UFR4nn0b0R","1b6laQptRNhLAKyqJbSLaS","1cSexV/bZEtqqFe1+6zdn0","1cYVYiH7FHgoUKUDFfOHaB","1cqWnTRgxAnqwIqxW95J51","1cv5BNxl5D75iLWq5QIvDq","1czdQra2ZKdbPA7L+LtYdX","1c6CZz+sRAZ4NHzRRyERvs","1dDuDMLaNJjaWl4gO3oSs3","1dEqlDcVdC7a5VZfHr85CL","1dVwDWGGNDLY5d1eZScUei","1dZg8m98ZPaph5MfzKIym6","1ecJ1O3x5EIYiAgwMNcmyp","1euIaO2uhDkZTn/zwedToZ","1ev612W05B7JahXMOR8Sqp","1e7kzHwTlGXoHTIAMoGkAr","1f+LwmMLZFvaG6K9TKnmDI","20HB8JvWxEPZhe+SlnYarc","20MbsqG0VNRITV5ClYjZSA","20cplJSthHfog5VqWcXwgX","21HM+vKHxHgrdfdkRvdU2o","21aOrr2FVBCK6CeMpsaNfB","21e3LZKx1JtqGcSLqQ3YgO","21gV0e+g1Jv7xSJzZphqQN","21rPQ3N2tKT6Db8xHWIH8E","22PNMSIQVBopAL9HPYhLxQ","22WTms8xJN+bmTqmbzrMwL","22u7fztzpPrZinmd7cfS11","23OUZXRm9EB7hBFYRpgOmU","23bBMmUb9OBrTlcsxbCjV/","23eIFAEx9L1IIHZEJnB4cA","236+k6oAdNy6l09CJp+uFP","237UfoWqhO1799DKD6qXMc","24XYrqySdIe7gVxOb63i/l","24kqOrVVtCt57Ng4vRDHbK","24zPKzdVVB1J8icbFFTJDa","243v4MkY5McLMxI5flLbzG","25GztY6ypEDY99WMnEIcAi","25ZlXBW5pIcq2s2u6l3Ojt","25krNSQAlMZ7BYXT2RAxgo","25t3V2f2ZKVYwy+L0p+UzQ","263cp5F/5Lk4ZdgWM1/vby","27D7UY6MJAbZLwpsW8Bjva","27KV+LVDxKn6uy8cW4AGPG","27gjojguRO7LgyQt/i/PuG","27kTPlg/5N/IDLn+n7BPS2","27tv6n2TRET7boUU0Qt3xc","28BeGfRAVD6IiGCUINBWlr","28LA3hoR1Bi4u76krCcvBr","28LmQ77TZBRofyO1B1FpRV","28g8qXeBVMq4MxMTvL7Swm","28jycghmdI0pt6L/Kmv4XJ","28m+lDXtJDCJjktGVlTgRz","28qETOVZ5FG6tpu4/DzL6x","28rWBkPKRJs4pS5VLcm3CY","2880F9mrlAdqCuPKEXkAfS","29FYIk+N1GYaeWH/q1NxQO","29LJt2nfFLp5WgplfpqpK4","29ZlU15NJJMbbeI00C4KZn","2aDo3e9RdF45twGveIkzaQ","2aFwx3Xh9AxYJeAgJa7MfH","2ano2aIntOPK6MFqImSjDr","2bGY8n+yhLBI7oKWWWm36k","2bJ2MwsZ5EdKtsDsyaGYGC","2bVnlhcSpCcIRbHQm2nNaG","2bW2JlDoFM1JQLVD79mnzc","2bpLz/MpZNl77o+MXqiRxF","2cClS6hcVBdp14m8vs0KuF","2cURooaSdILrjp7ykGe0yg","2cUoJKVMJNGqvDQv3g/VcL","2cWgSXluBHtYILlu0RGMBt","2cXaW2dsxHN7+FRESrGPGd","2cdkHRbQlO3rWesQN1LW/s","2cyE4SIEpIOYaH2yCCSwGh","2dC15FTMpEpa8CABU9uYoe","2dQFqnAyNH2rpITvSYLp6B","2darKqHnxDiav/ZEpSbBUe","2ecGsZORpG+62o6/WjrZuG","2eilSOS0tMJIaSmWhECP0w","2eyQ9LlbJK5qJBsppV9W2F","2e3QYeoK5C/IqF+xJqQwVC","2e3d4ILudNT75sHZkpeqVL","30PZ3fFW5DO59oC2IFiWY3","30SAYcm3VOIp5xdb2Pu7O3","30XXkqogVOA4fr7MjalkrO","30ochJ0SFJ3q4BRubCA6mY","302WFrj+JD7rzLCOHWYy/o","31XAC4TJNPb4f7XIvo8usk","32AVHbaU1MI5yUsPTl5QgZ","32xhQPvStFmIpG2Bm/gx0x","328CYULr5O9aMWdQ/f/O1K","33SDGP1HxINaEo3PXG2e6/","33qZfejgdIUr4oMM02EY9x","34OP9opHBGI5HSPZmxlipb","34PhBGb8dGf5ttfFQbBiut","34vV05salNlK1UvB2tKt12","343smsn/ZGJ60f4Y25V3zO","35Wa3HLH1Cg6iGPaJYDo0L","354sW+itlNebE1CksFk+Ap","36nXF0mN1C0IUKmLnzSoe/","36rIFujQZEPrkMfXBBNLF6","37yixur19Nh6ancIKLLcEI","37/HX+71hLgpThuvJQcmQ8","38CLz9eS5Bo68Ft+1IsP3l","38pLGM3HdNmKEe5+ts0ZKX","39Dq9dF6tM7aA4YLZWMRz7","39Su8OyzFG17SKXIrQgidC","39q9Vn4EdGMJavAonmZyLf","3aX1OMNihGBKU+iQbQ1vLg","3ae7efMv1CLq2ilvUY/tQi","3bMNHpAOdBAq4ryhPk9Yil","3bWCXoEIFGRZnK9uWU2FH2","3babQ6jgtFpYEcmN3U2GzW","3bdXFyjqxOYrQ9AkIgdVc7","3bkXEYakBHYraq4y1mWPA+","3cwMEFVU5PWpjrs6U3iavA","3c89Bn2qBBu57gwqcOUCJj","3dUJUSgOVJna+1T3BcLN1f","3dYXYy635FqYB25fTD+VJh","3daSe58MtAXpEvFkJ3HzI3","3daT2t3kxK2LadRikGOHbB","3d18wMIaBF+YLGyNfoZXoQ","3d8kHdnbVPy4FrCqVQifn7","3eIJiIXnFEE40F48GeWnuj","3etNNzfX1BL678H3teBg10","3e6f45v7pDDIUAMljRtqrx","3e8I1yCtBEgLT+tmivYkzk","3fOQ2E4N9Fvb3ryIr0bQLU","3fZBITdSRI76Erz+DGQdHp","3f5Orlf9xA/4i2mlMzWZ9F","40HHG4CiBLK7vQVTGIg5mI","40q6SqgdtKrIOXJdSsKdXR","41WmCv/uJNj4jNJzJwCwdr","41yErhcW9AxIYXIZWX8EX5","427q5a6bNMFIBoHaDD+k+h","43QD3jYodDfKUxisn822x0","43Ws42zudNgKU1oXPgrTK8","43div5gXJIfocMzG5QG8hZ","43uNvs6glLqbVlMJrQBPKO","431NVFY+VGGqfrACR4+qId","44HLqo4JZHU5map9jJhahW","44boE+TNFOarjbW6Atoje5","44yr8BjmpBV7B1/YTsOWgC","44/4vanSlCAYpeWtbE/rrA","45BZQF6nFB3bjNGz0oVGmL","45FlCVplZIKZ0z34eOrhDj","451d4dXmJGc4y1F6vG5SCn","46SCn/STVDLrhtH4vpyA6m","46cs2oP8BDyK/md/pwx8Lb","46tzid0rJAJ5YDEnThU3lm","464T2pAE1JMogRgeq1mLXc","468PtQRipE7L/xOuUXSRlg","469pg9F8FCHrYFw9umkXKb","47CMBVKVRISblVOvP4sxLR","47pcB1YIJNOJ7pUh+1YEr2","48AqBBSjVPE66lh2T/GzaK","48OnbLOJNJcrPc8AngeMf0","48UlV5K9xHEayBNjCcaXy9","489L/jdGxNwpLtW4kxWU3v","49PQmjqbZFIJqpvu7J2WB7","49n2g5Tp5OXbtf2KjnZHof","49yeoyUUZCxKOP1fLFMrfX","493s5/9fFGC7LZlpVg2cyy","4aORjxrCRHpqLxjIqk2SPw","4aOynW841Ky7a5EsK7aFJz","4a45nZR6FD+rSh/WyTEVup","4baAVoM9tHnozK/MHyOFph","4bfqB+l1FFVb8hHyEsM66Y","4b6EnQij5K870Xi2barPMH","4cB/nL95RIaqgb4C9IrnC2","4ciHKmehNDr5FVurLWJXaG","4c1i3uGRBEtIcXEHeXKWUL","4c/M4UdJpOyp+1sJhTqwL+","4d7VYCOYpE9p0INb57btDK","4d9CGZgqBKor8Sed3wI8o3","4eVVuLWr5AC4kdrZWmGYuv","4enDz0ujpApr3w8L+d6OvJ","4ep7JIIttEnpZT5rcgnZhq","4euVncEWJE0r4e6RdUJWd1","4e7jzB8LNDHaRarxihgUCH","4e86tigNBAoofmaXaakLC9","4fMwCDax9D15PyQPKfm8HB","4fzQ6mk+lFnbS+fhBOIPtf","50Se/Tr+RMWrSu+1FIeuP6","517eX7fI5Kn7EQEL+3K3R/","52Ao5sgvlEWJzYdmX1ZA+h","52U6tTUNtL74RzTsAIL4BZ","53OOPwjgdCWaaTWEwrTn5L","53U6aIbyFO9I+yiWOpZgFG","53ZsYNDBJO75K026kE54zP","53Z1glELdAHqzulpLTPLHb","53j2zGv8dKKpl14BKgcxPW","53oCEbCWhDdYZ0RacCxJzT","53wbj9YjVPS7WA0iOHMctw","530/Bq6xBPhZ6ts9UjSX28","54oc8rACxKJKlbgWTtas7K","54vkJLVDpFCIoAGrvVzZmZ","55jFAN9LJEXbky4Lw65iAi","56JupCg4BC+5EIweNibeyq","56M8J4WsZLcYaZNLsVOpcs","5669lyGJ9IlajvSqn/9XcF","56/Peg8k5JtbSub4sKtguL","57W0ASGLtNeKXZudWCjU2Q","57fRdZ3K5D4r5cbXq7kDe7","57fscEqNNBwb6sHdcy26hf","57gSf78H9DcK7nHMDVSbUx","58YZ2bqsxJY6Lal2gI+ToU","58af5rDcVAbaurhfWiwFl4","58eKaDK4JFpa9NSAwFmoWE","58iczegSRPcZbr1xT7ZW0S","58tMJrUZxFF7v8T2Po4juU","58xJ0XVO9OA6b4l0N9Ssvf","58yOSrXI1P5InRpZolUdqo","59iIdEfeFK9pfpgfFt9/1S","5aIr21JuFBrI2UFCO5kdYy","5acxW60mNH475tsjm9Q/+S","5anvX1v1RM34RxWsyht3FR","5ayRwozclCmrToqo1vKBQ2","5azF/0UddNnIUuOz/ug4iY","5bNvJSrRdF/o92T5OsQf/Y","5bvM6X/n9GeauU6utqtiu+","5cChl0xypLp7CtQ71D3ESQ","5cNeuE02dCpJ6+w/T0yBMT","5cO7kybDxGj4ipyMYdRYZB","5cYGcWWHVEQL2TKA9bCmld","5ch3sjR4xMfYgYEOy2RRsM","5c1iHor75AhbV3V4+2M6+P","5dKVCL3bxA+qgXdKHa5Ley","5djaNpUd5DAZ6ZjKWFGn/R","5dzz7YVL9MV5Gyx+mU+KlN","5eEER5jl5G15MRSCtPp1dV","5eZsrNFkNOz5GpyWpXPrX9","5e1HK/9jBBsKK+XWBQYdPB","5e51xtTEZD5pHnQG2vQuRv","5fIGq4IGdOY6TnU7FY5kJO","5fkBmdiIxKCLMLZFeWjTx8","5fyE9wVKdNHqrySkXOBo1X","5f0y/71YdJ9pw6Yb3cmPYa","5f5dyqtRNNxaFmVzYns6FZ","60gNJoBZRJSbu1BuKo1hrq","60tI82rtFNvJq48EXuOET9","60vNYIzjxH345cTBbWKyzP","601AtMbvlKgLIuWB/3qA8k","61Acv7NdFH1JZMZmkGLSUt","61FTmsF4lIKJm9tCZRoDXq","61TCjM2aZOHoY6xHcV3hPM","61cumgg4ZLSqkb0z8loBcn","612gj/OzVDXZ+IfrwcHz27","61/w/EN0xMn6MKSSDDt8A1","62NOlQkchM86OhETBdp8ag","62T+amuENOpZkXDbCFLcrB","62ccW3RXRKX4hulDiIyN/S","62o5j8r1dMj7s+Gi0jZ/PD","623q+As81BwI8+kVaQKZEv","628e7WfmlLyKBQ/Ho/w4aM","64DJg/BHVNP6AXPCtJcyjr","64v8BfzIBHK5o00qxGOBbN","64/2GUgBpGPZ7APcB4w+wn","65CweWERpIL5CLqKV0DJI5","65mrdNni1P3r4prjuN8TX0","656t3r7ndDC4vZwoB/Yuse","66ZBZj3KlGB7kKsEU2gggW","66cDsZa+xJO7u0xndMaQ7W","66fmrymVtEkawYQ7Ms7AoH","66z2UQFMhALor0NO3nPQFa","660qk2845D4Zfn1VSPHxGQ","667Qh1ibJKKZ7yWO7a/NzE","6695u+JuhC4ZfUC+2uPlnO","67JMxMvhlHKIUCZxM53+4r","67KG7847FE2qta4TpUwE1E","67L1aBPoRMK4x+QbYLUKEH","67j/6NqsBN4oRKBqeub+M+","68INQqdf1PfK/Fz+TmkW0e","68iQeeqIFPlZ4IcAuEPcja","68nmHJpHpJM47XwSLmi4FL","68qUaKU+tJgbjpz0fQjRS2","68tKzrqglCILu4Q+ROn9mF","68+sLhJAlO0KjQZIQgJEtL","69xGR1rvxMlqlzrukFJzTL","6aDp3ydjZBbZmhPjNmZqDE","6aKffXnS9AL6bXMk5EJnHS","6aN5N4UapLrqBfUCOEebrZ","6aszm4lmBGs72DI4mlyLlO","6a78FSBa9MHIqjJcapoAid","6bImeoyJ5GoZGel2Dw7sJq","6bRA+xuClAYrnMS3N79+KC","6bUvcYAU9FDpDYAIffmUTo","6bbU5fQdtFv51uww3VsNok","6bibpOWOhF7IBSfoy5Wlvr","6b2x75JWZMgot3fGwHaQrS","6cFlHP92hA3oZK37XAchWS","6cKI4SFiBLVrI6323ZIrNz","6cj2mymPBGULzYjarMZERw","6cj4nPLehJXaqOOxJDQ2t4","6cj6npbK9Hv7hzN+6bvE2w","6clu8EF/lHmolkzuQPSsbP","6coJcyxHhNsJc4nvWLEGb9","6dCmtmgW1Nr600pzSlxk/6","6dXh7va85DmaQPF/fKN+Bf","6dYLCn8jhJXpCfo8X8fQSf","6dfTTg+0lKF4zSmmYSBR96","6ecCrGINJPSbe7JbvsB9Dw","70V5WQKTNHyL61aPoFD/tf","70Zg2Qy0lJH6DDB+wxp4EQ","70cPOFhU5MUocffSg3hwDQ","70htdc0GxLmIdPTW6c2jPs","71DSom64BLoocm966onOZ+","71Z2adXFtNd66XltWMlSZu","72DmmqD1dO27m13meOQcjx","72WdrV0elMGosW3oRiV9W7","72dj3XiqtJ5JalyhcqUpEd","72hMrNThNHjJVx0HG0D3A+","720BaTZvlHXaf6oPC/S+MH","724JpjvGpEaKjo+hnBwYQA","728cmrHW9Fz6lIgsbzKbgA","73JDXI5LVGVaZZNjJYDT4Z","73Q/FE9VFCE6uyd4m88Go5","73iQSzoedIhJTG+0JInmPm","734dHPikRIp5u2cy3WJD6Q","738tVPZeVAVIfrzhfy1toK","73/cWrKxRFm62Y2Qnqos/t","74QBZf7nRLq487oPdsKupP","74Y80reJhFepqVb8pHTzlp","75CelM3uRLBZhVdpd4RBkH","75KOyRuqNI7ZKkqFga0ZMc","75PCygdMVMvqvoJ2kBWQc5","75RsRI+11GCpzYB0A6pYn3","75Rvu60FtGNrvQDViSO0gg","75011ZLbpAAL2wrq12Auwt","755p+ps5NKMLkc9pA3Hpm7","76IFzXK5dMUZMIcluhCDkR","76zp57ikxNtLNeYHoOYDjH","764jzF5NlKu7kWBVMKoRW/","77Jkb9J2RO05PJW5bmX6xd","77Qn6yloBOoKHQ0H1Oq1+B","77cn5NEj5JRLVdgYK5gpcS","77s7nv2xVMCqqt4HuefxWG","78OIJElrNH0rByvomqjwP6","78SMD4GzZAmqDDAJmJP+zt","78ck4MgQdBdqN7N62o/4lj","78dmhVERtD8p1mEAgdl0e6","78vDgro/dAPq2jI+Qz4i/A","79z3mWUdVNE7NpDT3c4DXn","7aKPfvGDlM1bkeqe3qmtMv","7aiA7WwolO1rPK8X8F7Yv4","7a/QZLET9IDreTiBfRn2PD","7bITmLhMlFLbyBNY/WS6h0","7bO0SJis5PlYsrdiph/464","7bUKddvKJDz5EOu7CIiTGW","7boVe8hohP27nSABalFL3K","7b3Rzf/LpI+pxMMt/z3Ryl","7cFV2sJWhG45KDPVK6duvo","7c2sIIUlBD6r2CD4cNxTRC","7dMnptDAJHD5eOk7c2lQDH","7deym6UW1M8Zn19wulCBuF","7d23F4bWBINaTyUaek2yIH","7d/tkqVUhGw6w+nzPg+Iz0","7eCvnFPSFNr4BnfYjOWRtZ","7eDM6qvwhK6byqgJ8c9pTy","7ecM1BfFxFAbdSLliHWC/f","7e9ypt36lGKLysATkjLRiL","7fKOHiXhVL97ImJpctBwC2","7fUhKPYdpECZTGWturBcrb","7fYgZ2lYtLaJWpn0Att7cA","7fuwNACaxOCYqSrkL2Pnrr","80Jlp30nxJkZr/fn0l3ZdF","81Gqm8cIxMVYOgpwo4b+1q","81MK9QDVFGIJ3UGmTX5kyq","81fRqoRbtEW4LhyTAkj28h","81gME7PCBJcJq6PBRZ/qfj","81oYzOIo9Pb7qJG/dboEzs","81u7qdOt1Dbozc5PS9pBab","810lkT3/NKfrpBv4hlPSRO","813f6onKtCzZQEVPKVrX39","82Zw8b/iVCJryu0juUgWYb","82dhh7bL9BFYld4tSsAqdL","8252sPhw1PbJarJkKTZOx7","83JB+vNc9H77skQM16mGFG","83KvptlYVEfpPQu6WorNH+","83d7jUGhlHZIkFm/nEItLo","83m7WeQrpOHZ0X5qVCPESp","837K+RZgxBrblY0Xd6zGMK","84BMRTgBBLLbPyI19Bp3hu","84JCzv6EFCo6y0HGieGmE+","84LDmNQWROPo0Xt5f7F03S","84czrux55I46/SKae5afGx","84odvdFiJJy5+90MWt2CaE","844uy86rpNk4LHz+1gn1HR","84+KgmZFhEKZovf571jPUm","85O6FrEUZImpa1HZEzklFK","851+DB06lDNIt7cJ0MZHq7","86C48hYb1JBYC7C/IY1VI1","86U0xNU9JKSLS/CChabjdv","86XQDxwHxB2Lb3zE3mxZRU","864GMogrtPtoCUX+Xm89D5","87SfxS4VdFfrQuZrqgQNsg","88NM6s+AVCM6Y2z67PaiFQ","88RvcxXV9CwbOp0v59CXci","88xLGII3ZMNKGsXLONoG9Y","89Nl7YLoBDmqA3m3SAi1GY","89b5/UCv1A+aMNOtOUXK4f","8904A7/6dOk4lX4CGeeCuM","8aD3ddNdlFsqHdCuIau12c","8aE97KxTNAObYYmiuyHzXu","8aFNzBcfhNIZLS5Eh2V1Os","8aIVu0A9pLaIvBgCf4gtLm","8af7YrtClPxYNtvGi0BeNP","8avzIassNK17wFERZZ7VIp","8cBcigMudAnZ+DyzErcklf","8cI8gSmFVI7b0LHSZtsl5c","8cnMV8bm1BcL14WLbA9xNc","8cyztp+e1Jp5FlnXqK+3Wl","8c+NMbrbdIR7aC6EyIgzwK","8dFDQ9bD5HrY9kloJi/lfw","8dKcJDXWNLOK58DO5Gz21L","8ds+LahS9AKK50cakd9ze8","8dvbRSqrVFUKEFtTIWouRG","8d8raiZ5xEdbkoSHR3nGyk","8eE5Z3CLZCN7UtaOTrSFz0","8eHaWp7mpC/pjeSRk7OSjF","8es0hAJnFIDbW/PQNKOKsL","8e5uoTAV9P84kklR6obTrG","8e/9XfkexMUpwEPGrw2AUJ","8fKk0JCPRKSoFCp2tXOG4u","8fNMbSBqZNs6b/lLFBlVS1","8f7RImFGpB46gD+B8wJQNZ","90Asq76DJB7b3eUS7Kw5R7","90BDyswolIpYqKQdFYp3NG","90F5+LKB9KUa1fZDb9Qk3p","90c9V3neROsqVMRKUFuilN","90djoPiv5AJ406u6bzm0BJ","90sEo7YWtHIahWzlVgso64","90vMm6yGJL15XNRNRBs3p9","907J72ve9OFIPFh5nMJGLh","9098HUHixKLI+ZSySTyBJ9","91UwVmLqpPxIEeKG7ZpxtV","91aqbq+JBMp4oCUX57+vMp","91u1SFw+hBpL+L1HcOSP0N","92M3JJEpZMSbfcnQKpG7XB","92Svy0rNVAkJfhXsFgsPE1","92U85NQ/lIhpAEZXmcUTZ1","92cNkgijpK5JTTqZud3Hwx","92fZWwWwtElJ0Yj/CxlSFz","923c1D7OhND4WwiwSq5wtT","92+Nkp9vdGH6cWBSx4+3PZ","93PqmA8JRDnre5dv0kNSi0","93UV6XN+9LM6abt+6JqwXX","93a4gGbZhG74vEKYx4qGEc","93w/sf/8FB25X4wSjSWXUR","93xUt61LtP2Lj7iGgLqrhc","94VYw0qBdP0qYUeY/0zbl3","94kXcAwsFNerWPzLt9+0O9","94uN2KbZJCyocIGnRhyhHI","940OluPK1Ks5/xgg4WoQA2","95ccj+1PRO7J+kwEOqDVzP","95p79Y9d9DOpM4+roxm1Od","96D60oYepOgZwHs4naSf4t","96I+SXjBxHrqT2hXwnP9kI","96J+5ai1tIAbAFFUffMrDn","96L/NcLF5LOIW1w7u+cXR9","96OQFXL+dBpoBQgSy/pN0r","96X99rbfhEJ7VsL++3yoss","96lCs14RdHILzwvCRvjKy3","97CO77/2dN7J3cpzC8NJyn","98Dx/PdcxFZLvLaaejPMWG","98GgvvYHlH4K5tKEMxLH9t","98GtzIPpFGDJLgNQy1O3zD","98IG7y4F9BHrBkly231N5y","98MbheVmdIf7Vfo5pbriKk","98UOKat2hK/7Y/KgGoeOMH","98nKBRbfdJ+Zco9c79Zzn8","98vj3svARAL55a/xAZT0HK","98116HOTBLCbSytxMCv8DY","99BBwEc2lOt4GqyqpbQXmO","99leuQCa9DxZUNkLz8W7qI","99uJct5JVNMZaT58JCo7tf","99u8WTQOtLdIRj9uv5hPYX","996rCwqMtBXraxzx1QchPR","99+J3UoeFPQKWWlfPS8u31","9aAAPWKj1NEpFov3CQqc0r","9aESxLVPFIT6VRtMmF1cuV","9auii9n8hFAbk02CMgbz9I","9aw8wiOK9Bvptj2rFhsFCx","9a1PmGqSJCn5dw5iN3jUR+","9bCC8n5HNPcZhflxJ0LOO7","9bIDPcCCBIaLf3LYSh5o8a","9cEtHhat9IApQY901stknJ","9cbq5jf0pAgq5hvpyWeHpc","9cfCu+CNVHx7dtsl7pjUN5","9c8oZwQiFJm4BBJUQC8t/T","9dPc3xdW5Mm6UJPhQjLCbW","9dTkX+pMhIwoVjBZKlR5xW","9dgo68St5OR6srXuGlKGZs","9dojwVQcdEnItEEPeBzngP","9eMMaiZX5CMbfdLnoUqvpv","9eP9Xowc1A5KFx415igvYY","9eQlngD1dPQZMEsmvgla6m","9fIrlB2VpGPJCqZdMn1Wxh","9fMLVgaI5HJYdVXhEY5U3k","9ffDgfMBNLAa7DkEfigNi5","9ffi6K+CJJfpoFCjC/sf9h","9fjxS4votCf75q75lCCXGn","9frKtskcVP0IFdUc2wLx6Z","9fy8ccfwtD/ZIW40DnRuWZ","a0H89A1v5P9p398MeRoeE9","a0JHQl/QdERolEgQUQiJdj","a0ZKUriRlDU4yLr6Vnt92r","a0gjcnYLpMjZcBrU8Hp1zk","a0mGQ49kdAS52ZOyWtv1Lq","a0+UtlA5BG5LOMSOTXsWjv","a1GjUh5ZNOIajIpMR+76TS","a1IMECKhJHz5avGIP4fHtU","a1NHu+nexEzqoAAu22yqhR","a1SjhfulZLqaif2AG61qOC","a2Dtjoj19DDokpYYwCYHo+","a2MjXRFdtLlYQ5ouAFv/+R","a2dYSrdRxOeI9YS0LKjlDr","a2h5+UIt5MaKRyuZ7P0UFR","a2qFRVagZMPqBFJ1GRnZer","a2tLI6xDxOeay/UAqQ57ee","a3NF2bl5tC6JH4ziM4c0IO","a3TnPACLhBjqrSdhEj9Iqi","a3fvBqd95BR5JPDSRNXACa","a3ii62vnJJfKxd41iX8b75","a3tiCyVI5J9LEZnhvVPL1k","a39AWaIDBJPqUt+QtLZs3G","a4B0iuyA9E34UbLvdA4r5t","a4CV8NYKpObYGD929Zi14I","a4Fgq9KG1JKqhxtNZVUlXy","a4lV9kfO9I+rbYWUbLLsRw","a44EW8SiFBmaIpOM0BAzAT","a5Ke0htzVIFpPHH59ngtk5","a5QebHEA1Geas0/tKdZa8N","a5Yg1OCtxLS7ilFKysuMj4","a5Z7xP4qNMCpY6ZgLEwWYR","a5hA3ta0xD37515zQEUK97","a5uoArJuZH4pGPfGJpq18I","a6GV60h41MZpSgCa9ZQTH/","a6N52m+z9NQ5RZ5TTv0pxJ","a6QWvj6H5Ph4gIzZj+awbj","a6d17TBbBEip2QLlZwi/Fj","a6k0+icCJJR4cGM1mgJje0","a6m+sMLEJMv6w4VemDW+Dv","a7K98wrTtE1YYtTVPd0FIR","a7i68X88tCRpm8w0WoswqR","a7y8hzvLhF8aiR3940/zhz","a74UpbrPBLqJ8GbB7dJ30U","a76XjtL0xN9IKy4cfePMV+","a8UVnVHo1Ls6S+Yr7UWdCp","a85bbGxWFKapkixnAbFsxn","a87SFax9BCvY/ZFbQLCqXZ","a9KW+U3SZBW7sNWPt846t/","a9kLWL3KRHFrGOdA2z6mC6","a9rSItDBRDXKMGIDR04vU7","a9tFuyolxFXIdIDQa/9zdn","aaHRD0yLJMaqWJHgWhya3L","aaJYFnC9VNwo4/9LFcWA7C","aaVkzumoxFpo0VrAJpOhjI","aa8lK5gXBFA4ly0yYyNgk5","abEhSpxRRFQ7UmVI0sEXeW","abxJVYM5pBgbicJ/SmFmsY","acQSmBiENPoKmXoifHWTTl","achZLVLW1GIZd/p/OzZ9om","aco8qGC4dLBJz6yfCC4nuS","acuYoSm3JEkqakbjlPuNsw","ac2AmC+95C2LTZSpH7nNU+","adGENbjMtPkZGx46sl7bJ6","adsbDN79RBqoj39KMbkqE4","adwV7J9aZD2pww0sQXLvZ1","adxSBVNqRC3rYvzb0LKbdn","ad8rhlASRMVbyUQ1pEL4sO","ad9LpCcnBPw4p4iBHavO8f","aeZ2NrRwZL44Geb1DY6APm","aedySP+BlJFqeg3oE5TMPw","aeexW4WhlMMKBlPo+Hd6oo","aezTkVi99HxLMBWz+bkmGF","ae2vHlrihEZ5o/V9Y7LD0b","afMEfUYtZApItfzlBQfcL4","afW1cHdhVG+K+/s0IqP9n/","af8WvXpKJJE6rsIMm9A5pl","af+xLLnMtHWqyuSL7GRHbm","b0JugGT2RNuJ8VdVEOCId3","b0ZfHFIzBF85kblMCFItfV","b0gAC4U8tE+ouw90TGKpw7","b0seFLpTtLLaac4OXNKZVM","b07Ju/XM5F4qSMKoowR/Ss","b1Fdv7JLJHyZV7RTzjdOKc","b1KVeRmYFNTLuZMwU6ouFo","b2C0nQ0OFAMp/n3ZHE+WRD","b2ECW60shKW4wyb+H2OAZL","b2lMBasJFP3411+Ho25+/v","b2msiJqCBKupm6YC4tYpkW","b2tEPMg0lOubQd0ZSrB2Ek","b3AMZ4kHdC9Yrv7A1PVuX4","b3E1GQxBlOZaVHEkePB5C8","b3eHGzF7JAVJjOoRwrK7Px","b3gBaXeldGtrlJZMjxPtwO","b3l48aEENKnJMcHhVtzYXP","b3rPDcIGhHRqS/WSY5UWQ0","b3xUvHtWxOA6BfgWn1ur88","b35SMnxI9CRro5irlcdC9z","b4DASMGIVN9a6fclcHEJUi","b4HsTjFCxA1qYNsu4ZyASv","b4N+KEaT1Oza/ELU5QgO6F","b5bI1yvZJLG5zqntivZwGQ","b5gDpa1NJGv6ImVU+nHHCY","b5uw2G5h5O96M5T8K0Fq5H","b51Qb4s1VJurm8TwPhjG6k","b55hvqPBJFd4izT/jFNSSi","b6ByCJ8x5O/bNjOtNtO+9a","b6IS2zg+RNAavNNxU+mdvc","b6QiN62wRHBKisRFDO6JgI","b6jkcs1/NDJIDOLd727GVn","b6onqFZZdFQLjli/FzVH7e","b6yZ/SKrhA5rqGeZmGE4/b","b69Ys+G9ZM5oPuRLMIfFv9","b7AJu60EZPz7VkpVljEfS3","b7HQkiGU1P2Z1+mZpAPJci","b7Hs6OJUNKnLxR9q2z57Br","b7e1lbACpCq6vUKtUf/OoV","b7p2XSyqRKhr0KKohHi58v","b74XZFNLZJ/pr/nKcODoPh","b8c/MdhEtLdaR03rheuQT7","b9QeKuOLJJRIylRJD4etaL","b9UBJQlE1A6ahNoC0J7WT5","b9UIWrYf1KW5XRvNJy/XfE","b9bv9cq45Eb5CsR0U+4oGf","b9jmKqSDdBiphrhwv4WZgi","b9j8wV02NKmokH4gKI3EcS","b9svbJ5VVHAKrng6+jjjyB","b9zTqKVuRBL4jBU5NaNytX","b9+Z62e/dGma4jnyrEX3i3","baAvKLFpNPfLbNPd4PxNI4","baXuNKWWhJrocpqI896kPt","bamu6ZhmRPbpsvvXSi1oWP","bbCxpUrblLsLDiB3GCc7AJ","bcFdGy0M5M2qHBh061MWvB","bcJlfG3JxOrZ3VzZuyKlq5","bcL3nhFCZO2KvRUbAsAEeJ","bc1BVWUCtFgpeYaU+X8XVe","bc8qJFxkFG5pUQGO8lC126","bd5fX/r5hDBa504ynR//Hz","bd5jvoiwRH8IwHEpqtET7x","bd74clPatAMpABS2Na+bb0","beB9d3Iz1A7ZG7WViNfkeu","beIEo1015Mq6WMbaJpYC2j","beOBDnG3tIa6Keo7EUY3iz","beZw78WiVP9qoPFLv9CgqD","bepoIc17VGpoHTXCtctOhr","beqCwHxjZKto9ruutyPGuF","be4vYXMcRGNqLzBGnSpFRn","bfVMhFvv9LJoQHkDgPfGiX","bfbyyhVKlCebWJQOyuEUv6","bfh5RYiVBB6as/mgq0ORVs","bfiNNsEMdAeYKnBAxYU/wb","bf4UndI6FKAJE4BZOszteK","c0DN5aFSBLab7RecFj3lWN","c0ZhcZqFpNDbSgEeNEv4z+","c0bokZR45N7IVor6WDuJ+k","c09325GyZHVrcOkkpE3X9/","c1ZnGpt2lHwK15mohcS3zE","c12cdtV6JJxKp0znlE/whU","c18I6FgbNK5bHzRJ4jL3KT","c1/JN7x3ZKbaSpY/QNBV+w","c2E4f+I75GLIw/bE2kbm74","c2Ih9h8jlMEZ2X74jzQJTt","c2S90IkOtHaJRUdpreqn1t","c2k9SnOC1L75R5KqCt7w8W","c28fAV5OBOA5X/LisRpkRX","c2/8a604FKTJz8SZEcFFM/","c3MF4k1dhA/JlI2XBRWXsG","c3pMN6V0ZLObQEZpauS3x5","c3yTRtGChM4rv/EotSHvD2","c37gkSTP9N/Y7pyXgLkv69","c4Cf+2U7BI0rBat232N9oS","c5BJQfVFVAr6SYNGlCT8GM","c6fg2d59JIBpn4QXJU52Iz","c7D7obzJdG/rkUQPrXV47y","c7YUxTE2lC454oHHMQ/NQj","c7vUxWBRFD7pw+jtn1glD4","c74i7+Kt9EV7KS4BSYjPjd","c76WFYDSREg79ojC3Dk1EQ","c8l1ofQWRKP5I4iUjpeHZf","c9VupEoCxGbIrIXOJwwOth","c9pViUh3tFeYs87JoSyOzd","c9quOUjmRGBp6msr+ZCUoF","c9q1Q+WMZH2Yx08xg1V9B4","c90347d3hKQJlyII4LzsuF","caFZxG0d1B4YwFvbS+lEwM","caMiSZPtNPrpqV+gs9y2Pe","caTOwLY9dEVbTHvZ/dNiKf","cawGEor99B7YVlaZK2BrqI","cbMoDBPFRBGYvIfMq1VUxA","cbM6rfPZ1IyK72YzXGtZFS","cbQZ3iIN1IsYhLMMjEx0zV","cboPDF8oNETKfQfEiR7+2O","cbo99FIk5AtbYOlgJVEgxF","cbqN5PPs1Bx4xyRSoiMg4t","cbtXu+qdND/banzZu4jsJ1","ccZVZdV+RMlY9zEkE4GsAT","ccsO05eT1MaoGeQSiXdQOj","cdB6p2p4JKAaZNjCeJzMlD","cdDSL7MTtIsaVBbgoi4Vmi","cdSOye4idN3K8bdnf6YD13","cdgmnBFsZE2YAId4RWCdOb","cdi7pjilRIS5xFLX8I6ZTf","cdv6jivMNIJqXtd02ZqiCS","ceDZE7y8dHzZTHz0/gga9U","ceMkqjcsBMNL0MsidNWnya","cfAqdSaoBC1JIbk+IVURqd","cfpLHY2DhKBo04ZRnBDAgP","cfpzASWJdJDaG1dW3P5hxy","cf61NBGEtPZbjdwvyJMQP1","d0A4XTzMhAdIWgUJK4yn4q","d0GTgOPJVGV5DYc2bSEj7T","d0NZYuG0pHoZ3Tn2q8jD7E","d0PWGoY2pCk6Fm9G4zhGph","d0u/Vt8QJEuokwGWiGfD9Y","d1DGMW5ClO1INk9oGdlT19","d1R1DnpetMALxFU/18eWZW","d1u9jEG+5Nx4nIMZsO6Xnz","d12WSCWDdB2bHh2wFQ2DNz","d2LYvzButDs4n57clLbSFN","d2azlUDKdC9oljjUJ6Haft","d2a7iQU0NBCbXBrPU71kCT","d2b4LdBZJBi5JEHF/vQm/C","d2pyKL0tlFGqDC2ivoKs+0","d2tSHaOgBP3LzIUF8BVKQL","d3DmEcAjZAsKgDO4MkK/qw","d3T58G8S1Hyp2jmLbF7W66","d3ahXumcRBnYa+kvCBiuKi","d3n40EZ+hPHoOO0a2EMMAX","d3swHXoy5NKaCSSx7/jNyM","d3s06H/JJAub4qF42Tp6Jb","d33LLVt21GB5n/xImyLQBf","d4sMQla11FJJJQYyUrpB+d","d4tjQjqBhEwp8RyCNaWR9V","d5BB8CMo5OTalGpnSZbi7R","d5vAJ6O/BGepD65+g+4pjb","d66H2XcHhOhL29QfLJBzMX","d7vCn3eFVDkq2yukbWfmoF","d7yUXfk+FFqJMy86wf2aFa","d79BI6qlNHcoUzPGLxlenV","d7+thg1D5ATp+kmojFdFwa","d8IybKGT5DWb28ayM2iqef","d8l4D5rHZBC7494H+BjEpn","d9Kmeb4pFLW43QD9gWQbhY","d9Y8D1wj9FFrKuuChJsh+w","d9dP3nwm9NAbM6JwV0HLRC","d9pp1KcQRAhrde00WGO287","d96VhJ+g9M7Yozo7sGQsdh","d977nEcNpDw7riW38HMjHY","daT1kqPnNHXInhvq6r5Ia3","dabft9vExB/6fnB84SSaLh","dajJj6HO5D8YaK7vKiT9PS","davAQoTDpLLoysJ7I6/KSA","dbLi0mB7dKfJ1RgWXC0OBt","dbcaLYwfNCF52y98qq6AF3","dbc3aZ+ypIWYwbo8jNlJBX","db437BbmJBqKCHsc2dZ2af","db6UJOo9pIO7qcTv0BfthS","dcHwCxsNFMtZCO2FBCf8MD","ddBC4RzIJESJomfOIbHC+x","ddFkSzq8NJ+a6xwkRxlLmE","ddTV88YCBDxYn0Nh4bIeun","ddu6EytGhO7LGMHH9psWOP","ddvwe/6G5JBZh/yfJSp4c6","dd6tWnR9hFE5JgdU02eEOg","deTMPQnLBEQaZ4CJIHzijL","defHv13tlKkK7i2mcoin/L","deow52VzBHDrsatUSY/IL9","detq3uwF1MmoNp01/TVolU","deuTOMnVxNcZs4dMzs0dEF","devXMISfhHu5O49yZX1nwi","dfBEtXyJBIM7AkBn6YROwt","dffGl7ePVLJ4CVTSQQk3Bn","df1dRxJAtFn7StSDPHniTn","df1sCqvHpAwL4P10vCwdX5","e0BhxO62lBtJKvV33FebCt","e0cHMpJ0BBM4wu5+P/+TuG","e0lGXXnlBMPKEnJ+Ucvqtr","e0syln6qxKVL/LBeGcHKUw","e0vtf8gJpM15DRE01EMZ2+","e07muR6SxCI42/oc4bFL8u","e1Cm31g6FCl4EHH6KxmkgI","e1WpzTj3xAQ5M9SKV8BehN","e1dchPwvlIM4UpO7Mmhc59","e1qZgwGeRKIZAHvvDbYCDo","e1rMT6BRxARbms5LNF/cl5","e10XDXN2hDjqaeOmJAF+7V","e13Q1FLtBG34drsX8o8JHv","e14a88H0BPVplbXoRyShaP","e14gvS13RC2rxBW5/fp4F8","e19m33YghACoUn8/xeOiDJ","e2L9lyl8dI4pfrgVZr6/Zn","e2NkSG5Y5FJ5TlTFYX29ww","e2n8ZxNqVEoo5vAzfCceWf","e25oQpVCVKr4eeOOj7nUQa","e27lGRqINBWL103tegNAsM","e3YJUbzflNF6tyhLiJ2nwq","e30DtEGrhHKIVldXtvnOez","e30lxJTlJNgYM+5TRRly0S","e32jnnnVpAkannM0luqVMu","e38miwvRJDm70yJIYPFnq0","e4Ol1HTn5GXalNFr55D+rJ","e4QpoVf0lJ0JwtXETJZur3","e4gxUEDTREuoLskSwwZjK0","e5RnWgtzxJZK38Q/tL5gGK","e5lkV4G79MHKhYFBQKUaw+","e5luXXnOxFnINLhx+OX+8r","e551miCKRID7o42ZxRfe6N","e6G1ErVUFKP6med+DjUTHe","e6vMJHZX5A9pvAJAY0NlTU","e6yAs+/SNLkoKBl+7ug/Q+","e62MLTC/9E1ZWM00CH9Prs","e7BpKkCo9DcoRXnkgIhczr","e7eEgdXlZOgrqFqv/VPcRo","e7omi1NwVESJ9Sws2Onfdy","e7tDepnt1AzpeMvnNyRPG8","e8JfDobWpC061hBTwlgAQB","e8cEMCu0xH1IUZLugCh8fo","e8wWevlktGeL7a/TAez6Nu","e8x0Cz5bpBPZrTPVzP69dO","e84A6YvyhCwpoCOZ6mpzvQ","e87an/EJRNXYs85zBz2kO9","e9HqMURo9EG7BWIy8G8KP+","e9cYqvrrlOs4XR4u1d1SLI","e9cvx+KllPgKIHF2Z4kzDy","e97GVMl6JHh5Ml5qEDdSGa","eaAyWrz1ZOKK1AYyxMLIqv","eaIdGUyCpJKYlkNmILLcfL","eaPM/675tLVJQJLJ/Kx6ge","eaaKSb7ipHg5Qi/JJ//UZB","eaiiUJSklHxpyXKNPyRgbz","eaorxFp+9H3ISTCDmjAi7j","earP7XRPlHfpcGLHXzHhkU","ebCTvoXShLQqphf/Fg3FR+","eb1HVlNw5LzZThbk2gMUfr","ecCTW49kJJYZX+93y4H/Sv","ecNA310FtGw451JCI6I4Ka","ecpdLyjvZBwrvm+cedCcQy","ecympBWMNMqY0VbPFfhqYV","edIPn3C9RBOJtQkxK21CHE","ed1AOntupB95Dcd7GM6yHF","eeKYtc4UpN9IQoXewFxd8H","eeneGnKFtHWr/T0gAoQMPU","eeutYc5nFGmrtMPkYBDC1R","eevWKcFG1H7ZR9YsVPNIai","efjHd3/tpAbaip87GS1udb","ef6bEG4tBGrLWjah1uXYLa","f0BIwQ8D5Ml7nTNQbh1YlS","f0LeV0QkdPdaajroJV4Kuy","f0Srbn5NdE5oe02iyih8lM","f0qrSij61BrZcKymGjtdkA","f0zuMNXIxGsIhbyFh1SSW2","f00pSTEt1Pv7n09ADlSpUV","f1FxTljRFLSpB7Kcjd+LtQ","f1YpwShmJPHJLBf7HiItoo","f1c9df3BFAx6sCbo7EdclT","f1wmwki5tJLLR424dMK+nS","f2R5da/1pFmYBuGd5JLsln","f2Vn6F+chCZqBNEXBPrkSC","f2WRrLtpVIDYEKqxZAbTRQ","f2Yako3LNGoKr1iiBqTMYR","f2caYHmAFKh6AXt+VERnFe","f2t5fPzehLeKbH2SLpcXbc","f3ERJhfDlD26YxaqkzkOcO","f3OABhuP1GTrwQlIQGChPJ","f3kmTLCupOeaTwTDq/uSa9","f3yBF2mTpHZaWdHt0pGj0M","f4E+/Otc5JPIn3KEPJ9Gz2","f4bVsQGwBJ46Sz94ks1vHm","f4k8xveyhBQ7aySPWEgdFN","f5B0HgJ4dOxK5aitGO9Cnb","f5EyLf9BpBGbuRUsUcEVzw","f5hTC5+pRNf7hF7HMKzABk","f506Nmqb5A9IezQX70F0CM","f55/fMs01CM74CEPZUpOXP","f5+seX5JhLKaRogr9cgH29","f6CC4Mq7hPgI3HGKlOZTP7","f6la2OqABDaqEo9Kcl2JX6","f7M9Ma2MxENLYw8XABU5c6","f7Xf2MRFxEzJREuWAPsFgF","f7az0Fm0ZHZI1RlkDHfig2","f7p2JBNDxFhbQWMTxs7xpZ","f7wUyCuUxPD4bjVvtz/qJZ","f7yqx0MHVJ7JDvtqcwm7PY","f76KQgyhdN3JFOyazHCQab","f8EQ3J77pJeLCUx48px/AS","f8MVDbLW1MlbQzikqbjD/E","f8NwPUDxFOOaJ9Vqp8xsMj","f8Pht2CxZN16FM29GHDNzY","f8gl2x8mlAD6VXFE7jJB6T","f9b7w9ycZHoJNa7zoT5unB","f9vkrLlMxF6J6Wcz0rq/sF","faGJn+JNxI4abRKgzoqPpO","fan8OuZidCpImaeFdzwSTM","fa7MJlsiRPv5Y2E8xPDQ+f","fbYNnCjSlG563l6e2F+3p8","fcHGCEcAJLRI8s7lykRnwQ","fdYA3dOgxIT7LlzJ3E4ZkT","fdngHPjftIUK1YZaUJ0ZJ1","feAFjGIpRNypzCBAL2eMAK","feSpuVCX1OA4zP+RUZqLHe","feZjbOVZxLyZIkafRT3sJl","fe5+h6y3BFrKm+rXXz8pcK","fe+Um9zzxN8plbcHw8FRsZ","ffajOQuJBPY6TnEYfCfFQj","fffvpmTCBLl79p5KVu9na7","ff3SoqbZdFKr/GS4g9HTEL"],"scenes":{"db://assets/Bundle/Asgard/Asgard.fire":270},"redirect":[653,0,706,1,942,1,1112,0,1280,0,1425,0,1435,0,1437,1,1447,0],"deps":["resources","internal"],"packs":{"01069d8e1":[542,588,602,731,757,773,836,899,1054,1089,1118,1139,1179,1204,1214,1245,1305,1398,1451,1476],"0107037ef":[563,581,638,869,1036,1099,1145,1230,1310,1322,1426],"01080ea06":[520,603,624,657,683,686,714,715,833,855,889,891,975,977,1018,1047,1078,1100,1102,1250,1267,1324,1431,1442],"013402a7a":[539,711,883,980,1372,1412],"01e24d7bb":[324,380],"027c85577":[820,835],"02894d9d0":[285,328,332,402,414,415,435,468,478],"035e8b003":[515,637,851,906,927,966,972,984,987,1016,1048,1172,1185,1243,1342,1411,1413],"03f52bfc8":[600,626,685,801,860,861,902,903,997,999,1087,1104,1149,1266,1281,1454,1462],"041762a71":[594,1340],"045f8775d":[729,1120,1473],"048e47cc2":[243,593,595,612,699,766,821,1026,1197,1319,1382,1499,1505],"0519d17e3":[485,504,643,798,856,859,885,901,904,938,1010,1059,1228,1235,1239,1247,1317,1396,1408,1424],"0526e7a19":[514,525,541,576,617,619,654,712,723,728,775,799,800,847,922,1046,1069,1084,1107,1124,1168,1173,1249,1303,1321,1329,1348,1354,1427,1491],"058ed706b":[742,745,1020,1023,1072,1258,431],"05a6d4b9c":[897,1081,387,1150],"0617e3c5d":[618,663,688,704,705,810,837,892,896,386,1126,1268,1391,1423],"07182af8d":[489,492,500,529,597,604,645,651,670,675,702,730,737,753,816,822,827,841,849,951,952,974,976,993,1003,1030,1037,1056,1082,1146,1160,1170,1187,1194,1201,1253,1262,1271,1293,1316,436,1355,1381,1390,1403,1407,1487,1488],"071d08cf0":[526,548,566,585,589,598,647,668,673,674,694,738,754,793,805,839,854,876,877,350,931,935,995,1022,1024,1029,1033,1122,1151,1158,1198,1221,1259,1264,1315,1332,1338,1434,1455,1486,1503],"073c65ef4":[570,870],"07536aeaa":[629,341,1015],"075b8c7bd":[490,508,587,659,721,850,1088,1175,1203,1294,1337,1343,1352,1353,1394,464,1467,1474,1484,1506],"0778f40b4":[574,636,672,693,707,710,727,743,748,782,792,795,811,818,968,970,1053,1171,1223,1240,1282,1289,1399,1469],"080199b86":[487,540,610,640,273,700,713,746,768,778,779,790,817,823,848,879,898,932,933,960,986,1042,1045,1068,1137,1141,1190,1200,1210,1212,1218,1222,1236,1284,1371,1376,1405,1445,1492,1502],"086308c85":[522,530,546,564,583,584,756,866,900,936,1034,1071,1094,1136,1225,1331,1334,1439,1450,1452],"088602fdc":[534,301],"088c6d866":[483,491,499,552,554,562,628,634,677,769,845,880,337,945,962,988,1127,1174,1180,1246,1269,1287,1296,1361,1380,1470,1501],"088f4acb0":[495,630,642,780,852,872,873,875,881,1009,1027,1123,1191,1257,1260,1278,1373,1406,1419,1468],"08ea4d1b1":[516,895,411,1495],"0902e8615":[692,732,747,828,1057,1114,1135,1196,1231,419],"09308d016":[271,346,383,433],"093f3dd19":[264,1028,1327],"09511910c":[517,591,1133,1241],"0956f408d":[484,0,239,15,256,260,263,266,21,270,620,24,25,27,29,658,31,32,38,280,284,43,289,49,296,299,54,56,57,777,309,63,319,840,325,330,335,86,338,95,352,100,101,107,110,111,112,362,115,981,368,118,119,373,137,1095,388,148,155,397,1163,1178,158,1186,161,165,1205,169,408,1220,171,173,175,176,182,183,184,1309,197,448,209,1443,212,1448,471,222,232,1494],"098ec6478":[632,1064],"0991565d3":[533,538,544,565,577,625,709,776,785,322,917,958,964,998,1035,1083,1159,1251,1292,1418,1428,1466],"0994ce1f8":[527,306,844,983,992,996,1014,1065,1115,1155,1177,1217,1255,1339],"09cf182fe":[521,596,599,606,682,803,809,905,959,1007,1050,1051,1121,1153,1199,1206,1254,1290,1444,1493],"09e41c03b":[611,614,684,759,770,797,915,941,957,973,1227,1244,1261,429,1297,1346,1349,1430,1463,1496,1497],"0a0888e63":[567,631,772,774,830,920,946,1166,1188,1208,1216,1404,1420,1449,1485],"0a0b95753":[549,781],"0a1519de5":[545,623,627,646,660,662,667,717,741,802,814,829,838,924,949,954,982,985,1001,1017,1021,1070,1073,1074,1098,1142,1156,1162,1167,1275,1291,1295,1453,1456],"0a6c37782":[1,2,3,4,5,6,7,10,11,13,14,16,17,18,19,22,23,26,28,33,34,36,37,39,40,41,42,44,45,46,47,48,297,50,51,52,53,55,58,59,60,61,64,65,66,67,68,69,70,71,72,323,73,74,75,76,77,78,79,80,81,82,83,84,85,87,88,89,90,91,92,93,96,97,99,102,103,105,106,108,109,113,114,116,117,120,121,122,123,124,125,126,127,128,129,130,131,132,134,135,136,138,139,140,141,142,143,144,145,146,147,149,150,151,393,152,153,154,156,157,159,160,162,163,166,167,168,170,172,174,177,178,179,181,185,186,187,188,189,190,191,192,193,440,195,196,198,199,200,201,202,203,204,205,207,208,211,213,214,215,216,217,218,219,220,221,472,224,225,226,227,228,229,230,231,233,234],"0a9af207e":[664,701],"0aa5a6fe1":[578,656,812,867,348,913,967,1143,1157,1328,1341,1384,1460],"0ade77731":[532,609,622,641,648,669,687,695,736,786,884,979,1077,1091,1263,1299,1306,1335,1375,1440],"0ae073a5e":[509,510,571,665,696,740,760,784,826,882,918,1002,1012,1031,1052,1076,1213,1215,1441,1459],"0afe4b265":[513,528,608,644,725,733,735,755,843,853,874,893,928,994,1039,1060,1101,1189,1226,1385],"0b02d5cd1":[501,536,649,761,767,864,887,1044,1117,1169,1211,1279,1330,1402,1421],"0b0f37993":[678,912,1058,1119,1131,1165,1176,1183,1237,1270,1358,1395,1433],"0b2a9050f":[486,503,512,553,679,691,716,719,744,862,871,926,978,1008,1049,1075,1086,1129,1274,1300,1336,1410,1416,465,1464,1479,1490],"0b2a94781":[537,579,605,666,788,846,908,921,953,1063,1079,1090,1096,1108,1109,1134,1283,1308,1357,1367],"0bfb0f1cc":[689,734,763,824,832,914,963,1005,1041,1314,1379,470,1477,1481],"0c1dc32d0":[498,635,834,923,929,937,1000,1055,1110,1152,1202,1288,1311,1365,1366,1378,1386,1422,1457,1478],"0c420b2cf":[572,783,1148],"0c5603a9c":[244,246,255,443],"0c69cbae6":[547,807,1038,1113,1116,1238,1356,1400],"0ca58f8bc":[295,939,1182,1377,1388],"0cf7286a7":[261,456],"0d0d98a7b":[238,245,279,281,298,303,329,331,351,355,356,366,370,375,377,382,394,398,406,409,412,423,428,439,445,461,463,475],"0d47af570":[681,1265],"0d777dd53":[505,531,558,573,676,690,720,758,762,787,789,796,842,858,863,888,890,930,956,965,989,1004,1067,1106,1144,1147,1193,1209,1242,1301,1333,1389,1414,1436,1438,1446,1461,1482,1500,1504],"0d7d717bf":[242,518,543],"0dadb2d2d":[488,502,615,639,661,698,806,819,825,857,868,907,955,1011,1092,1285,444,1347,1364,1370,1387],"0ddb9e58d":[559,561,655,751,804,1032,376,1111,1164,1181,1312,1325,1368],"0df90f918":[506,524,551,555,575,607,265,616,621,633,703,739,808,813,831,865,886,894,919,934,944,991,1043,1097,1138,1154,1192,1207,1233,1256,1307,1351,1383,1392,1393,1397,1401,1458,1471,1472],"0e03743f3":[494,519,815],"0e7a71154":[247,286,292,326,339,450],"0e9404f7f":[497,250,569,680,697,910,971,1013,1061,1248,1276,1313,1369,1483],"0f49866de":[556,1025,1066,1465],"0f52f5670":[1252,454],"0fb92a807":[236,791,943,961,1006,1103,1161,1350,1374],"0fbfa1b70":[507,523,550,568,580,601,722,726,750,764,878,925,940,947,948,950,969,990,1093,1105,1125,1128,1130,1140,1184,1224,1272,1304,1326,1344,1359,1360,1409,1415,1480,1498],"0ffac0700":[496,511,535,248,557,582,586,590,592,613,708,718,724,749,752,765,771,909,1019,1040,1062,1080,1085,1219,1229,1232,1234,1277,1298,1320,1323,1345,1362,1363,1417,1475,1489]},"name":"53","importBase":"import","nativeBase":"native","debug":false,"isZip":false,"encrypted":false,"versions":{"import":[235,"52420","01069d8e1","59ac6","0107037ef","885d3","01080ea06","cd9a6",237,"84795","013402a7a","f1390","01e24d7bb","25657","027c85577","c370b","02894d9d0","a37e2","035e8b003","1c695",493,"0fa2a","03f52bfc8","c76dd","041762a71","f819f","045f8775d","5243a",240,"427e9","048e47cc2","a4716",241,"d73e4","0519d17e3","6fb49","0526e7a19","89869","058ed706b","e09a2","05a6d4b9c","d6414","0617e3c5d","37fdd","07182af8d","85c78","071d08cf0","010dc","073c65ef4","4263d","07536aeaa","31ae5","075b8c7bd","7fea7","0778f40b4","6e82f","080199b86","d17be","086308c85","220f9","088602fdc","574a1","088c6d866","1e1a0","088f4acb0","7285a","08ea4d1b1","4c982","0902e8615","b4c63","09308d016","69170","093f3dd19","d502d","09511910c","a5001","0956f408d","5ffa2","098ec6478","8ccd0","0991565d3","8f6f4","0994ce1f8","44624","09cf182fe","c086a","09e41c03b","fe7b9","0a0888e63","c0d7e","0a0b95753","91256","0a1519de5","5c97e","0a6c37782","967f4","0a9af207e","d5baf","0aa5a6fe1","9f30e","0ade77731","6b9a7","0ae073a5e","02c85","0afe4b265","40608","0b02d5cd1","f354c","0b0f37993","5bef6","0b2a9050f","b1631","0b2a94781","29f89","0bfb0f1cc","22a8f","0c1dc32d0","b4a2c","0c420b2cf","130a0","0c5603a9c","d125e","0c69cbae6","2c950","0ca58f8bc","44381","0cf7286a7","c3c1b","0d0d98a7b","bbc0b","0d47af570","0bb31","0d777dd53","4af43","0d7d717bf","e418f","0dadb2d2d","7f3df","0ddb9e58d","304d6","0df90f918","4b99e","0e03743f3","6b291","0e7a71154","64717","0e9404f7f","64b48","0f49866de","83a94","0f52f5670","54028","0fb92a807","7b4e7","0fbfa1b70","70436",8,"40ce4","0ffac0700","efb85",249,"15f80",560,"a4e2f",9,"87076",251,"c42e3",12,"9931a",252,"eb393",253,"c9968",254,"0bc81",257,"f40f5",258,"863cf",259,"4ae3f",262,"37e9b",20,"f2943",267,"540be",268,"69202",269,"7afc4",272,"26479",650,"48196",652,"d6513",30,"73f73",274,"cb98a",671,"03367",35,"278d8",275,"954cb",276,"c6578",277,"fbec0",278,"bcaba",282,"e1799",283,"1229e",287,"37244",288,"ed984",290,"c0d6d",291,"7e214",293,"449d6",294,"87af8",300,"cd8c1",302,"83c4c",304,"944b0",305,"bf422",307,"d0b8b",308,"a3fa4",310,"f3d6e",311,"217eb",312,"7544a",313,"b4ba7",314,"641cc",315,"85228",316,"ae393",317,"376a1",62,"e6ade",318,"82821",794,"76d73",320,"a845d",321,"012d6",327,"e67c2",333,"06bda",334,"045f7",336,"028a6",340,"1bc72",342,"51710",343,"2ac42",344,"942aa",345,"b443e",347,"41b17",349,"97027",911,"7c30b",94,"22920",916,"8ed01",98,"96565",353,"149da",354,"b3127",357,"4053d",358,"5ee44",359,"bc305",104,"b8f0c",360,"e2ffd",361,"b813e",363,"07bd6",364,"a6081",365,"64c36",367,"86644",369,"7e6e7",371,"0deca",372,"22325",374,"db12c",133,"158df",378,"20a4b",379,"08ed6",381,"f085b",384,"b0480",385,"f3ba9",389,"96109",390,"ce5b6",391,"18e3a",392,"37eb3",1132,"c4364",395,"bfb1a",396,"d081d",399,"ffbd0",400,"1054e",401,"43349",403,"7c93e",1195,"57eea",404,"96f3e",164,"8e470",405,"b3a35",407,"3c0e8",410,"e4744",413,"feff6",416,"41bbd",417,"02a5b",418,"3c4a4",180,"d6781",420,"2838e",421,"1493a",422,"cc26c",1273,"9058d",424,"3895c",425,"7300a",426,"11324",1286,"442fd",427,"4b9f8",430,"937a6",432,"d7314",1302,"a97b0",434,"3b0ff",1318,"e067b",437,"7f087",438,"77372",194,"bc262",441,"1fe01",442,"42043",446,"8b212",447,"c0279",449,"6fc61",451,"8fcc4",452,"44c31",453,"8e10c",455,"a68a0",457,"06666",458,"9a2af",459,"d800d",206,"89818",460,"49f43",462,"833dd",210,"27c17",1429,"748bd",1432,"5f19d",466,"e816d",467,"1787e",469,"f11a4",223,"5b13d",473,"b0474",474,"5cfd0",476,"b0fa1",477,"6cdc0",479,"4d031",480,"66d24",481,"02189",482,"a984f"],"native":[0,"6440b",1,"77e7c",2,"ec43c",3,"87fe4",4,"728ef",5,"d9d07",6,"f2e3e",7,"87b99",8,"89652",9,"f438a",10,"88b1e",11,"2aaae",12,"89652",13,"a7e1a",14,"6bdc1",15,"26a5e",16,"d6f65",17,"29369",18,"0cea0",19,"0203c",20,"e6ce0",21,"758e2",22,"33358",23,"cc833",24,"d347b",25,"91086",26,"16808",27,"1bef5",28,"cf60b",29,"3a6b5",30,"e6ce0",31,"a3f41",32,"001fb",33,"eb50c",34,"3d6ca",35,"e6ce0",36,"90ef3",37,"0d032",38,"ff8b4",39,"0e657",40,"b76d1",41,"054ab",42,"e3755",43,"f8dcf",44,"6c320",45,"7d217",46,"098fd",47,"7e2ba",48,"58efe",49,"0864c",297,"4265d",50,"5ca23",51,"0ce52",52,"e8125",53,"aaa0c",54,"9585c",55,"280ca",56,"143ce",57,"d07e4",58,"6062c",59,"40e46",60,"bb38d",61,"68894",62,"89652",63,"a6058",64,"706a9",65,"538f0",66,"55f72",67,"4c5d7",68,"deeb6",69,"dfe7e",70,"f9778",71,"ed57c",72,"108e4",323,"6d707",73,"da656",74,"a0847",75,"963ae",76,"fde49",77,"b5787",78,"ce071",79,"487e8",80,"142c5",81,"20d9a",82,"e4203",83,"c9a60",84,"f0133",85,"4bf09",86,"56538",87,"ef9a5",88,"0e057",89,"af96d",90,"6ec11",91,"d3d30",92,"e8bf0",93,"cf7a7",94,"e6ce0",95,"df38c",96,"78541",97,"e5911",98,"e6ce0",99,"73b98",100,"dbf2e",101,"dc28b",102,"ab378",103,"a95a2",104,"e6ce0",105,"ea198",106,"50ce1",107,"5b5dd",108,"ecea3",109,"476eb",110,"759ac",111,"d8a5f",112,"4bcd8",113,"18ca1",114,"dcc06",115,"c8607",116,"45f87",117,"e0fab",118,"b121d",119,"10527",120,"8e68a",121,"ffe90",122,"3eecc",123,"8bc43",124,"02aa0",125,"8d5cb",126,"969dc",127,"87a00",128,"6e4ec",129,"77b62",130,"f3fe9",131,"41972",132,"8ddea",133,"89652",134,"1db4f",135,"9ff89",136,"d1b56",137,"32f26",138,"4044a",139,"27ccc",140,"8df4d",141,"7d917",142,"2c919",143,"3736b",144,"d7f56",145,"35d03",146,"140db",147,"65c3f",148,"bc0df",149,"87c5b",150,"23eaf",151,"0a43c",393,"37b53",152,"aad28",153,"65fff",154,"1434e",155,"bc4d9",156,"dec95",157,"d31df",158,"e92a5",159,"68460",160,"4ddb8",161,"a2f7d",162,"ad578",163,"5d7bf",164,"e6ce0",165,"605ac",166,"d28b1",167,"9c8cf",168,"8c037",169,"3cbfe",170,"14cae",171,"b7426",172,"b31d5",173,"67c2a",174,"ee02c",175,"18a56",176,"0c5bc",177,"8cd87",178,"8674d",179,"1b258",180,"e6ce0",181,"6f55f",182,"c3f38",183,"73729",184,"babe8",185,"069f9",186,"21084",187,"c0e79",188,"5eb22",189,"4a810",190,"c7945",191,"23cee",192,"69ccf",193,"f3243",194,"e6ce0",440,"d55c2",195,"ac388",196,"1ebb9",197,"7f6d9",198,"c94ac",199,"bdfbe",200,"b4412",201,"df186",202,"0924c",203,"2cfaf",204,"347ff",205,"17c69",206,"e6ce0",207,"99d4b",208,"3235e",209,"a9dc8",210,"e6ce0",211,"3a660",212,"0c3da",213,"dec25",214,"6bee5",215,"4ce88",216,"f5bdd",217,"e6415",218,"70cd4",219,"9d840",220,"26101",221,"cfb33",472,"284a9",222,"3bee0",223,"89652",224,"79810",225,"513e2",226,"20175",227,"02f46",228,"0ec2c",229,"f2b66",230,"05e65",231,"02d3e",232,"ea747",233,"8fce6",234,"cfd76"]}}