[1,["c78t5UBJZLT5oPas/y/8Br","d02viHCDRO9Zq0nZ6TQjDr","6dK/CkpRRNEKECvFpzYylh","5fbfMmX5FPiKm9opcuZW15","15wvBlXtVN2qAPsXAusREo","69JffDtHZLDrAgYxlUYqwX","fabs9KmmRAtL/a+oA6mwLO","efV5jjI01NFoHa7pbw+Ih5","d7eTP+WKFIz4WEkZ7QGhnO","4enld/CrVN6ps3cHBXPU59","05IYp4beZH7KBBxZt+E9/f","29yOHavghCGZd7/I0nnfgR","56HDGvVVZALqXzcG0Kv5gx","efhjTVRSpAf6r/CIGloCcT","9a22/I0BRJqbOD3Fw7kJ7j","13Rc748jlP65yfrJ3nxZxC","33/MUePr5M7YeU3ib2uiwB","87GABAKnhCuLieF5SNKIZB","0bFXxcxdVKH6M9Aow+cnkE","f6g4H2DBlHpJDR+koyPRrj","e45cAI+gVBlKNHWe36+Sgb"],["value"],[["cc.AnimationClip",["_name","_duration","sample","speed","curveData"],-1,11]],[[0,0,1,2,3,4,5]],[[0,"BigWin2",0.6,50,0.5,[{},"comps",11,[{},"cc.Sprite",11,[{},"spriteFrame",12,[[[{"frame":0},"value",6,0],[{"frame":0.02},"value",6,1],[{"frame":0.04},"value",6,2],[{"frame":0.06},"value",6,3],[{"frame":0.08},"value",6,4],[{"frame":0.1},"value",6,5],[{"frame":0.12},"value",6,6],[{"frame":0.14},"value",6,7],[{"frame":0.16},"value",6,8],[{"frame":0.18},"value",6,9],[{"frame":0.2},"value",6,10],[{"frame":0.22},"value",6,11],[{"frame":0.24},"value",6,12],[{"frame":0.26},"value",6,13],[{"frame":0.28},"value",6,14],[{"frame":0.3},"value",6,15],[{"frame":0.32},"value",6,16],[{"frame":0.34},"value",6,17],[{"frame":0.36},"value",6,18],[{"frame":0.38},"value",6,19],[{"frame":0.4},"value",6,20]],11,11,11,11,11,11,11,11,11,11,11,11,11,11,11,11,11,11,11,11,11]]],"props",11,[{"opacity":[{"frame":0,"value":255}]},"scale",12,[[[{"frame":0},"value",8,[1,1,1,1]],[{"frame":0.3},"value",8,[1,2,2,1]]],11,11]],"paths",11,[{},"bw_solid_a_add",11,[{},"props",11,[{"opacity":[{"frame":0,"value":255},{"frame":0.22,"value":255},{"frame":0.6,"value":0}]},"scale",12,[[[{"frame":0},"value",8,[1,0,0,1]],[{"frame":0.22},"value",8,[1,1.8,1.8,1]],[{"frame":0.6},"value",8,[1,2,2,1]]],11,11,11]]]]]]],0,0,[0,0,0,0,0,0,0,0,0,0,0,0,0,0,0,0,0,0,0,0,0],[0,0,0,0,0,0,0,0,0,0,0,0,0,0,0,0,0,0,0,0,0],[0,1,2,3,4,5,6,7,8,9,10,11,12,13,14,15,16,17,18,19,20]]