[1,["d8xktrzpdCWbszQ7iuloU2","30h0QFP75Dl7VTELcYNBki","0fwZ2bfURGw7sAY06cGMvx","d5k2H6v85NqIvnwu/i/UTZ","cfXRNwQ0VNlJ1gqJo3hlgm","cfcOIupP9B9IrZoI/B2ESW","55o5IDfBpCR43QkJz1O+B7","3cG/aZjopHx4sFZkHKNqwn","f4qRI8+7RL7Y5arcgS2xcH","628zGnNvFLz42G9evKYyF+","29IuCT6t5KbrWXkrT3UsfK","b3AZc1mZFFNoJkdgVv9U9L","b0thnDFAxJCLWyk+ScBzqS","04RBzhVsZIR7NBr9AwESyw","37wrdcXbxMtpz+UC74X2pY","bdavIg/XxBB42hbNfj0Yx0","0eV3IBmg9FV7CE/psKHgjY"],["value"],[["cc.AnimationClip",["_name","_duration","sample","wrapMode","curveData"],-1,11]],[[0,0,1,2,3,4,5]],[[0,"NearFSItem",0.85,20,2,[{},"paths",11,[{},"fs_particle_00",11,[{},"comps",11,[{},"cc.Sprite",11,[{},"spriteFrame",12,[[[{"frame":0},"value",6,0],[{"frame":0.05},"value",6,1],[{"frame":0.1},"value",6,2],[{"frame":0.15},"value",6,3],[{"frame":0.2},"value",6,4],[{"frame":0.25},"value",6,5],[{"frame":0.3},"value",6,6],[{"frame":0.35},"value",6,7],[{"frame":0.4},"value",6,8],[{"frame":0.45},"value",6,9],[{"frame":0.5},"value",6,10],[{"frame":0.55},"value",6,11],[{"frame":0.6},"value",6,12],[{"frame":0.65},"value",6,13],[{"frame":0.7},"value",6,14],[{"frame":0.75},"value",6,15],[{"frame":0.8},"value",6,16]],11,11,11,11,11,11,11,11,11,11,11,11,11,11,11,11,11]]]],"fs_particle_00 copy",11,[{},"comps",11,[{},"cc.Sprite",11,[{},"spriteFrame",12,[[[{"frame":0},"value",6,17],[{"frame":0.05},"value",6,18],[{"frame":0.1},"value",6,19],[{"frame":0.15},"value",6,20],[{"frame":0.2},"value",6,21],[{"frame":0.25},"value",6,22],[{"frame":0.3},"value",6,23],[{"frame":0.35},"value",6,24],[{"frame":0.4},"value",6,25],[{"frame":0.45},"value",6,26],[{"frame":0.5},"value",6,27],[{"frame":0.55},"value",6,28],[{"frame":0.6},"value",6,29],[{"frame":0.65},"value",6,30],[{"frame":0.7},"value",6,31],[{"frame":0.75},"value",6,32],[{"frame":0.8},"value",6,33]],11,11,11,11,11,11,11,11,11,11,11,11,11,11,11,11,11]]]]]]]],0,0,[0,0,0,0,0,0,0,0,0,0,0,0,0,0,0,0,0,0,0,0,0,0,0,0,0,0,0,0,0,0,0,0,0,0],[0,0,0,0,0,0,0,0,0,0,0,0,0,0,0,0,0,0,0,0,0,0,0,0,0,0,0,0,0,0,0,0,0,0],[0,1,2,3,4,5,6,7,8,9,10,11,12,13,14,15,16,0,1,2,3,4,5,6,7,8,9,10,11,12,13,14,15,16]]