[
  1,
  [
    "a9rhx4Qr9HvLBIuM5R36AW"
  ],
  0,
  [
    [
      "sp.SkeletonData",
      [
        "_name",
        "_atlasText",
        "textureNames",
        "_skeletonJson",
        "textures"
      ],
      -1,
      3
    ]
  ],
  [
    [
      0,
      0,
      1,
      2,
      3,
      4,
      5
    ]
  ],
  [
    [
      0,
      "anim_toast_card",
      "anim_toast_card.png\nsize: 489,271\nformat: RGBA8888\nfilter: Linear,Linear\nrepeat: none\ndeco_gl\n  rotate: false\n  xy: 172, 2\n  size: 112, 54\n  orig: 112, 54\n  offset: 0, 0\n  index: -1\neff_dust\n  rotate: true\n  xy: 104, 13\n  size: 89, 66\n  orig: 89, 66\n  offset: 0, 0\n  index: -1\nflare_back\n  rotate: false\n  xy: 2, 104\n  size: 173, 165\n  orig: 173, 165\n  offset: 0, 0\n  index: -1\nglow_yellow\n  rotate: false\n  xy: 2, 2\n  size: 100, 100\n  orig: 100, 100\n  offset: 0, 0\n  index: -1\npurple_box\n  rotate: false\n  xy: 303, 66\n  size: 116, 58\n  orig: 116, 58\n  offset: 0, 0\n  index: -1\nred_box\n  rotate: true\n  xy: 421, 27\n  size: 116, 58\n  orig: 116, 58\n  offset: 0, 0\n  index: -1\nshadow_glow\n  rotate: true\n  xy: 421, 145\n  size: 124, 66\n  orig: 124, 66\n  offset: 0, 0\n  index: -1\nshadow_glow_2\n  rotate: false\n  xy: 177, 58\n  size: 124, 66\n  orig: 124, 66\n  offset: 0, 0\n  index: -1\nsurewin\n  rotate: false\n  xy: 177, 126\n  size: 120, 143\n  orig: 120, 143\n  offset: 0, 0\n  index: -1\nsurewin_2\n  rotate: false\n  xy: 299, 126\n  size: 120, 143\n  orig: 120, 143\n  offset: 0, 0\n  index: -1\ntext_tie\n  rotate: false\n  xy: 366, 42\n  size: 42, 22\n  orig: 42, 22\n  offset: 0, 0\n  index: -1\ntext_tie_gl\n  rotate: false\n  xy: 349, 18\n  size: 42, 22\n  orig: 42, 22\n  offset: 0, 0\n  index: -1\ntext_win\n  rotate: false\n  xy: 303, 42\n  size: 61, 22\n  orig: 61, 22\n  offset: 0, 0\n  index: -1\ntext_win_gl\n  rotate: false\n  xy: 286, 18\n  size: 61, 22\n  orig: 61, 22\n  offset: 0, 0\n  index: -1\n",
      [
        "anim_toast_card.png"
      ],
      {
        "skins": {
          "tie": {
            "red_box": {
              "purple_box": {
                "scaleX": 0.994,
                "scaleY": 0.994,
                "width": 116,
                "height": 58
              }
            },
            "glow_yellow": {
              "glow": {
                "name": "glow_yellow",
                "type": "mesh",
                "hull": 4,
                "triangles": [
                  1,
                  2,
                  3,
                  1,
                  3,
                  0
                ],
                "uvs": [
                  1,
                  1,
                  0,
                  1,
                  0,
                  0,
                  1,
                  0
                ],
                "vertices": [
                  32.95,
                  -32.95,
                  -32.95,
                  -32.95,
                  -32.95,
                  32.95,
                  32.95,
                  32.95
                ]
              }
            },
            "eff_dust": {
              "dust": {
                "name": "eff_dust",
                "type": "mesh",
                "hull": 4,
                "triangles": [
                  1,
                  2,
                  3,
                  1,
                  3,
                  0
                ],
                "uvs": [
                  1,
                  1,
                  0,
                  1,
                  0,
                  0,
                  1,
                  0
                ],
                "vertices": [
                  20.69,
                  -15.34,
                  -20.69,
                  -15.34,
                  -20.69,
                  15.34,
                  20.69,
                  15.34
                ]
              }
            },
            "deco_gl": {
              "deco": {
                "name": "deco_gl",
                "width": 112,
                "height": 54
              }
            },
            "text_win": {
              "text_tie": {
                "width": 42,
                "height": 22
              }
            },
            "text_win_gl": {
              "text_tie_gl": {
                "width": 42,
                "height": 22
              }
            },
            "flare_back2": {
              "vfx1": {
                "name": "flare_back",
                "width": 173,
                "height": 165
              }
            },
            "shadow_glow": {
              "glow": {
                "name": "shadow_glow_2",
                "width": 124,
                "height": 66
              }
            },
            "surewin": {
              "surewin_2": {
                "rotation": 90,
                "width": 120,
                "height": 143
              }
            }
          },
          "default": {
            "mask_box": {
              "mask_box": {
                "end": "deco_gl",
                "type": "clipping",
                "vertexCount": 8,
                "vertices": [
                  -3.55,
                  46.14,
                  -1.99,
                  -42.78,
                  -0.1,
                  -42.93,
                  -2.3,
                  44.92,
                  -1.86,
                  44.83,
                  0.55,
                  -42.98,
                  8.98,
                  -42.33,
                  8.11,
                  45.32
                ]
              }
            },
            "mask_text": {
              "mask_text": {
                "end": "text_win_gl",
                "type": "clipping",
                "vertexCount": 4,
                "vertices": [
                  -4.38,
                  -47.76,
                  -7.61,
                  61.78,
                  0.11,
                  61.42,
                  2.23,
                  -45.35
                ]
              }
            }
          },
          "win": {
            "red_box": {
              "purple_box": {
                "scaleX": 0.994,
                "scaleY": 0.994,
                "name": "red_box",
                "width": 116,
                "height": 58
              }
            },
            "glow_yellow": {
              "glow": {
                "name": "glow_yellow",
                "width": 100,
                "height": 100
              }
            },
            "flare_back": {
              "vfx2": {
                "name": "flare_back",
                "width": 173,
                "height": 165
              }
            },
            "eff_dust": {
              "dust": {
                "name": "eff_dust",
                "type": "mesh",
                "hull": 4,
                "triangles": [
                  1,
                  2,
                  3,
                  1,
                  3,
                  0
                ],
                "uvs": [
                  1,
                  1,
                  0,
                  1,
                  0,
                  0,
                  1,
                  0
                ],
                "vertices": [
                  44.5,
                  -33,
                  -44.5,
                  -33,
                  -44.5,
                  33,
                  44.5,
                  33
                ]
              }
            },
            "deco_gl": {
              "deco": {
                "name": "deco_gl",
                "width": 112,
                "height": 54
              }
            },
            "text_win": {
              "text_tie": {
                "name": "text_win",
                "width": 61,
                "height": 22
              }
            },
            "text_win_gl": {
              "text_tie_gl": {
                "name": "text_win_gl",
                "width": 61,
                "height": 22
              }
            },
            "flare_back2": {
              "vfx1": {
                "name": "flare_back",
                "width": 173,
                "height": 165
              }
            },
            "shadow_glow": {
              "glow": {
                "name": "shadow_glow",
                "width": 124,
                "height": 66
              }
            },
            "surewin": {
              "surewin_2": {
                "rotation": 90,
                "name": "surewin",
                "width": 120,
                "height": 143
              }
            }
          }
        },
        "skeleton": {
          "width": 0,
          "spine": "3.7.94",
          "hash": "T871XaUAVbQLo2pcR0hjRC2IpQ0",
          "height": 0
        },
        "slots": [
          {
            "attachment": "glow",
            "name": "shadow_glow",
            "bone": "red_box"
          },
          {
            "attachment": "vfx2",
            "name": "flare_back",
            "bone": "flare_back"
          },
          {
            "color": "ffffff82",
            "attachment": "vfx1",
            "blend": "additive",
            "name": "flare_back2",
            "bone": "flare_back2"
          },
          {
            "attachment": "glow",
            "name": "glow_yellow",
            "bone": "glow_yellow"
          },
          {
            "color": "ffed6aff",
            "attachment": "dust",
            "blend": "additive",
            "name": "eff_dust",
            "bone": "eff_dust"
          },
          {
            "attachment": "surewin_2",
            "name": "surewin",
            "bone": "surewin"
          },
          {
            "attachment": "purple_box",
            "name": "red_box",
            "bone": "red_box"
          },
          {
            "attachment": "mask_box",
            "name": "mask_box",
            "bone": "mask"
          },
          {
            "attachment": "deco",
            "blend": "additive",
            "name": "deco_gl",
            "bone": "red_box"
          },
          {
            "attachment": "text_tie",
            "name": "text_win",
            "bone": "text_win"
          },
          {
            "attachment": "mask_text",
            "name": "mask_text",
            "bone": "mask"
          },
          {
            "attachment": "text_tie_gl",
            "blend": "additive",
            "name": "text_win_gl",
            "bone": "text_win_gl"
          }
        ],
        "bones": [
          {
            "name": "root"
          },
          {
            "parent": "root",
            "name": "red_box"
          },
          {
            "parent": "red_box",
            "name": "text_win"
          },
          {
            "parent": "text_win",
            "name": "text_win_gl"
          },
          {
            "parent": "root",
            "rotation": 20,
            "name": "mask",
            "x": -70.91,
            "y": -16.11
          },
          {
            "scaleX": 1.113,
            "parent": "red_box",
            "scaleY": 0.699,
            "name": "surewin"
          },
          {
            "scaleX": 1.332,
            "parent": "root",
            "scaleY": 1.332,
            "name": "eff_dust"
          },
          {
            "parent": "root",
            "name": "glow_yellow"
          },
          {
            "scaleX": 0.797,
            "parent": "root",
            "scaleY": 0.464,
            "name": "flare_back"
          },
          {
            "scaleX": 0.797,
            "parent": "root",
            "scaleY": 0.464,
            "name": "flare_back2"
          }
        ],
        "animations": {
          "appear": {
            "slots": {
              "glow_yellow": {
                "color": [
                  {
                    "color": "ffffffff",
                    "curve": "stepped",
                    "time": 0
                  },
                  {
                    "color": "ffffffff",
                    "time": 0.2667,
                    "curve": [
                      0.25,
                      0,
                      0.75,
                      1
                    ]
                  },
                  {
                    "color": "ffffff00",
                    "time": 0.6333
                  }
                ],
                "attachment": [
                  {
                    "name": "glow",
                    "time": 0
                  }
                ]
              },
              "mask_box": {
                "attachment": [
                  {
                    "name": null,
                    "time": 0
                  },
                  {
                    "name": "mask_box",
                    "time": 0.5333
                  },
                  {
                    "name": "mask_box",
                    "time": 0.6667
                  }
                ]
              },
              "flare_back": {
                "attachment": [
                  {
                    "name": null,
                    "time": 0
                  },
                  {
                    "name": "vfx2",
                    "time": 0.3333
                  },
                  {
                    "name": "vfx2",
                    "time": 0.6667
                  }
                ]
              },
              "eff_dust": {
                "color": [
                  {
                    "color": "ffec6900",
                    "curve": "stepped",
                    "time": 0
                  },
                  {
                    "color": "ffec6900",
                    "time": 0.1333
                  },
                  {
                    "color": "ffec69ff",
                    "curve": "stepped",
                    "time": 0.2333
                  },
                  {
                    "color": "ffec69ff",
                    "time": 0.4
                  },
                  {
                    "color": "ffec6900",
                    "time": 0.5
                  }
                ],
                "attachment": [
                  {
                    "name": null,
                    "time": 0.6667
                  }
                ]
              },
              "deco_gl": {
                "color": [
                  {
                    "color": "ffffff00",
                    "time": 0
                  },
                  {
                    "color": "ffffffff",
                    "curve": "stepped",
                    "time": 0.1667
                  },
                  {
                    "color": "ffffffff",
                    "time": 0.3333
                  },
                  {
                    "color": "ffffff00",
                    "time": 0.5333
                  },
                  {
                    "color": "ffffffff",
                    "time": 0.6667
                  }
                ]
              },
              "text_win": {
                "color": [
                  {
                    "color": "ffffffff",
                    "time": 0.6667
                  }
                ]
              },
              "text_win_gl": {
                "color": [
                  {
                    "color": "ffffff00",
                    "time": 0,
                    "curve": [
                      0.25,
                      0,
                      0.75,
                      1
                    ]
                  },
                  {
                    "color": "ffffffff",
                    "curve": "stepped",
                    "time": 0.1667
                  },
                  {
                    "color": "ffffffff",
                    "time": 0.3333
                  },
                  {
                    "color": "ffffff00",
                    "time": 0.5333
                  },
                  {
                    "color": "ffffffff",
                    "time": 0.6667
                  }
                ]
              },
              "flare_back2": {
                "attachment": [
                  {
                    "name": null,
                    "time": 0
                  },
                  {
                    "name": "vfx1",
                    "time": 0.3333
                  },
                  {
                    "name": "vfx1",
                    "time": 0.6667
                  }
                ]
              },
              "mask_text": {
                "attachment": [
                  {
                    "name": null,
                    "time": 0
                  },
                  {
                    "name": "mask_text",
                    "time": 0.5333
                  },
                  {
                    "name": "mask_text",
                    "time": 0.6667
                  }
                ]
              },
              "shadow_glow": {
                "color": [
                  {
                    "color": "ffffff00",
                    "curve": "stepped",
                    "time": 0
                  },
                  {
                    "color": "ffffff00",
                    "time": 0.1667,
                    "curve": [
                      0.522,
                      0.06,
                      0.763,
                      0.37
                    ]
                  },
                  {
                    "color": "ffffffff",
                    "curve": "stepped",
                    "time": 0.3333
                  },
                  {
                    "color": "ffffffff",
                    "time": 0.6667
                  }
                ]
              },
              "surewin": {
                "color": [
                  {
                    "color": "ffffff00",
                    "time": 0.0667,
                    "curve": [
                      0.25,
                      0,
                      0.75,
                      1
                    ]
                  },
                  {
                    "color": "ffffff96",
                    "time": 0.4333,
                    "curve": [
                      0.25,
                      0,
                      0.75,
                      1
                    ]
                  },
                  {
                    "color": "ffffff00",
                    "time": 0.6667
                  }
                ]
              }
            },
            "bones": {
              "red_box": {
                "scale": [
                  {
                    "x": 0,
                    "y": 0,
                    "time": 0,
                    "curve": [
                      0.205,
                      0.55,
                      0.685,
                      0.98
                    ]
                  },
                  {
                    "x": 1.514,
                    "y": 1.514,
                    "time": 0.1667,
                    "curve": [
                      0.522,
                      0.06,
                      0.763,
                      0.37
                    ]
                  },
                  {
                    "x": 0.783,
                    "y": 0.783,
                    "time": 0.2667,
                    "curve": [
                      0.25,
                      0,
                      0.75,
                      1
                    ]
                  },
                  {
                    "x": 1,
                    "y": 1,
                    "time": 0.3333
                  }
                ]
              },
              "glow_yellow": {
                "scale": [
                  {
                    "x": 0,
                    "y": 0,
                    "time": 0,
                    "curve": [
                      0.25,
                      0,
                      0.75,
                      1
                    ]
                  },
                  {
                    "x": 2.535,
                    "y": 1.811,
                    "time": 0.4333
                  }
                ]
              },
              "flare_back": {
                "scale": [
                  {
                    "x": 0.514,
                    "y": 0.652,
                    "time": 0.3333,
                    "curve": [
                      0.25,
                      0,
                      0.75,
                      1
                    ]
                  },
                  {
                    "x": 1.205,
                    "y": 1.528,
                    "time": 0.6667
                  }
                ]
              },
              "eff_dust": {
                "scale": [
                  {
                    "x": 0,
                    "y": 0,
                    "time": 0
                  },
                  {
                    "x": 0.751,
                    "y": 0.751,
                    "time": 0.1333
                  },
                  {
                    "x": 1.601,
                    "y": 1.601,
                    "time": 0.5
                  }
                ]
              },
              "text_win": {
                "scale": [
                  {
                    "x": 1,
                    "y": 1,
                    "time": 0
                  },
                  {
                    "x": 1.404,
                    "y": 1.404,
                    "time": 0.2
                  },
                  {
                    "x": 0.931,
                    "y": 0.931,
                    "time": 0.3
                  },
                  {
                    "x": 1,
                    "y": 1,
                    "time": 0.3667
                  }
                ]
              },
              "flare_back2": {
                "rotate": [
                  {
                    "angle": 28.45,
                    "time": 0.3333
                  },
                  {
                    "angle": 0,
                    "time": 0.6667
                  }
                ],
                "scale": [
                  {
                    "x": 0.605,
                    "y": 1.04,
                    "time": 0.3333
                  },
                  {
                    "x": 0.98,
                    "y": 1.684,
                    "time": 0.6667
                  }
                ]
              },
              "surewin": {
                "scale": [
                  {
                    "x": 0.718,
                    "y": 0.718,
                    "time": 0.0667,
                    "curve": [
                      0.25,
                      0,
                      0.75,
                      1
                    ]
                  },
                  {
                    "x": 0.945,
                    "y": 0.925,
                    "time": 0.4333
                  },
                  {
                    "x": 1.003,
                    "y": 0.941,
                    "time": 0.6667
                  }
                ]
              },
              "mask": {
                "translate": [
                  {
                    "x": -40.92,
                    "y": -21.12,
                    "time": 0
                  }
                ]
              }
            }
          },
          "idle": {
            "slots": {
              "glow_yellow": {
                "attachment": [
                  {
                    "name": null,
                    "time": 0
                  }
                ]
              },
              "mask_box": {
                "attachment": [
                  {
                    "name": "mask_box",
                    "time": 0
                  },
                  {
                    "name": null,
                    "time": 2.6667
                  }
                ]
              },
              "flare_back": {
                "attachment": [
                  {
                    "name": "vfx2",
                    "time": 0
                  }
                ]
              },
              "eff_dust": {
                "attachment": [
                  {
                    "name": null,
                    "time": 0
                  }
                ]
              },
              "deco_gl": {
                "color": [
                  {
                    "color": "ffffffff",
                    "time": 0
                  },
                  {
                    "color": "ffffff00",
                    "curve": "stepped",
                    "time": 1.3333
                  },
                  {
                    "color": "ffffff00",
                    "time": 2.6667
                  },
                  {
                    "color": "ffffff79",
                    "time": 4.6667
                  },
                  {
                    "color": "ffffff00",
                    "time": 6.3333
                  }
                ]
              },
              "text_win": {
                "color": [
                  {
                    "color": "ffffffff",
                    "time": 0
                  }
                ]
              },
              "text_win_gl": {
                "color": [
                  {
                    "color": "ffffffff",
                    "time": 0
                  },
                  {
                    "color": "ffffff00",
                    "curve": "stepped",
                    "time": 1.3333
                  },
                  {
                    "color": "ffffff00",
                    "time": 2.6667
                  },
                  {
                    "color": "ffffff79",
                    "time": 4.6667
                  },
                  {
                    "color": "ffffff00",
                    "time": 6.3333
                  }
                ]
              },
              "flare_back2": {
                "attachment": [
                  {
                    "name": "vfx1",
                    "time": 0
                  },
                  {
                    "name": "vfx1",
                    "time": 6.3333
                  }
                ]
              },
              "mask_text": {
                "attachment": [
                  {
                    "name": "mask_text",
                    "time": 0
                  },
                  {
                    "name": null,
                    "time": 2.6667
                  }
                ]
              },
              "shadow_glow": {
                "color": [
                  {
                    "color": "ffffffff",
                    "time": 0,
                    "curve": [
                      0.25,
                      0,
                      0.75,
                      1
                    ]
                  },
                  {
                    "color": "ffffff00",
                    "time": 2.1,
                    "curve": [
                      0.25,
                      0,
                      0.75,
                      1
                    ]
                  },
                  {
                    "color": "ffffffff",
                    "time": 4.2333
                  },
                  {
                    "color": "ffffff00",
                    "time": 6.3333
                  }
                ]
              },
              "surewin": {
                "color": [
                  {
                    "color": "ffffff00",
                    "time": 0
                  },
                  {
                    "color": "ffffff95",
                    "time": 1.6
                  },
                  {
                    "color": "ffffff00",
                    "time": 3.1667
                  },
                  {
                    "color": "ffffff95",
                    "time": 4.7667
                  },
                  {
                    "color": "ffffff00",
                    "time": 6.3333
                  }
                ]
              }
            },
            "bones": {
              "flare_back": {
                "scale": [
                  {
                    "x": 1.205,
                    "y": 1.528,
                    "time": 0,
                    "curve": [
                      0.25,
                      0,
                      0.75,
                      1
                    ]
                  },
                  {
                    "x": 1.766,
                    "y": 1.934,
                    "time": 1.6,
                    "curve": [
                      0.25,
                      0,
                      0.75,
                      1
                    ]
                  },
                  {
                    "x": 1.205,
                    "y": 1.528,
                    "time": 3.1667,
                    "curve": [
                      0.25,
                      0,
                      0.75,
                      1
                    ]
                  },
                  {
                    "x": 1.766,
                    "y": 1.934,
                    "time": 4.7667,
                    "curve": [
                      0.25,
                      0,
                      0.75,
                      1
                    ]
                  },
                  {
                    "x": 1.205,
                    "y": 1.528,
                    "time": 6.3333
                  }
                ]
              },
              "flare_back2": {
                "rotate": [
                  {
                    "angle": 0,
                    "time": 0
                  },
                  {
                    "angle": -120,
                    "time": 2.1
                  },
                  {
                    "angle": 120,
                    "time": 4.2333
                  },
                  {
                    "angle": 0,
                    "time": 6.3333
                  }
                ],
                "scale": [
                  {
                    "curve": "stepped",
                    "x": 0.98,
                    "y": 1.684,
                    "time": 0
                  },
                  {
                    "x": 0.98,
                    "y": 1.684,
                    "time": 6.3333
                  }
                ]
              },
              "surewin": {
                "scale": [
                  {
                    "x": 1.003,
                    "y": 0.941,
                    "time": 0
                  },
                  {
                    "x": 0.981,
                    "y": 1.019,
                    "time": 1.6
                  },
                  {
                    "x": 1.003,
                    "y": 0.941,
                    "time": 3.1667
                  },
                  {
                    "x": 0.981,
                    "y": 1.019,
                    "time": 4.7667
                  },
                  {
                    "x": 1.003,
                    "y": 0.941,
                    "time": 6.3333
                  }
                ]
              },
              "mask": {
                "translate": [
                  {
                    "x": 0,
                    "y": 0,
                    "time": 0.1667,
                    "curve": [
                      0.25,
                      0,
                      0.75,
                      1
                    ]
                  },
                  {
                    "curve": "stepped",
                    "x": 147.59,
                    "y": 10.04,
                    "time": 1.3333
                  },
                  {
                    "x": 147.59,
                    "y": 10.04,
                    "time": 2.6667
                  }
                ]
              }
            }
          }
        }
      },
      [
        0
      ]
    ]
  ],
  0,
  0,
  [
    0
  ],
  [
    -1
  ],
  [
    0
  ]
]