[
  1,
  [
    "a3P5S4kGFHVKfubR11U/L/",
    "3a113+ArlG6pumkc8hCp3e",
    "90+uDqLE9A0Z2CcFCkUihI",
    "96+rYN0uBDJ4qpq7GTgk8n",
    "53G80/dXxN54NaWgIFeyDs",
    "0cICyA2U1OYK2xIcQM5C89",
    "d30/MZmwFE6bCLgl1uiwDL",
    "09DUPCzYlOCYBmMcYrnZ46",
    "d1CutpwShMbLy1j7+E3gv9",
    "b9YCUdR5dN24C5tYkSo7dx",
    "5aMK4B8vNMvZDOg1ckb/w7",
    "3ey0TS49hAzK+gcO7p4qoV",
    "4cbZr3/kREHLTXCMeFN7aS",
    "71tPI4uSpPoYUXsE8OGJuP",
    "ecbbh6b8hGMqY1du62Brnm"
  ],
  [
    "value"
  ],
  [
    [
      "cc.AnimationClip",
      [
        "_name",
        "_duration",
        "sample",
        "wrapMode",
        "curveData"
      ],
      -1,
      11
    ]
  ],
  [
    [
      0,
      0,
      1,
      2,
      3,
      4,
      5
    ]
  ],
  [
    [
      0,
      "NearFreeSpin",
      0.75,
      20,
      2,
      [
        {
          "comps": {
            "cc.Sprite": {
              "spriteFrame": []
            }
          }
        },
        "paths",
        11,
        [
          {},
          "NearFreeSpin",
          11,
          [
            {},
            "comps",
            11,
            [
              {},
              "cc.Sprite",
              11,
              [
                {},
                "spriteFrame",
                12,
                [
                  [
                    [
                      {
                        "frame": 0
                      },
                      "value",
                      6,
                      0
                    ],
                    [
                      {
                        "frame": 0.05
                      },
                      "value",
                      6,
                      1
                    ],
                    [
                      {
                        "frame": 0.1
                      },
                      "value",
                      6,
                      2
                    ],
                    [
                      {
                        "frame": 0.15
                      },
                      "value",
                      6,
                      3
                    ],
                    [
                      {
                        "frame": 0.2
                      },
                      "value",
                      6,
                      4
                    ],
                    [
                      {
                        "frame": 0.25
                      },
                      "value",
                      6,
                      5
                    ],
                    [
                      {
                        "frame": 0.3
                      },
                      "value",
                      6,
                      6
                    ],
                    [
                      {
                        "frame": 0.35
                      },
                      "value",
                      6,
                      7
                    ],
                    [
                      {
                        "frame": 0.4
                      },
                      "value",
                      6,
                      8
                    ],
                    [
                      {
                        "frame": 0.45
                      },
                      "value",
                      6,
                      9
                    ],
                    [
                      {
                        "frame": 0.5
                      },
                      "value",
                      6,
                      10
                    ],
                    [
                      {
                        "frame": 0.55
                      },
                      "value",
                      6,
                      11
                    ],
                    [
                      {
                        "frame": 0.6
                      },
                      "value",
                      6,
                      12
                    ],
                    [
                      {
                        "frame": 0.65
                      },
                      "value",
                      6,
                      13
                    ],
                    [
                      {
                        "frame": 0.7
                      },
                      "value",
                      6,
                      14
                    ]
                  ],
                  11,
                  11,
                  11,
                  11,
                  11,
                  11,
                  11,
                  11,
                  11,
                  11,
                  11,
                  11,
                  11,
                  11,
                  11
                ]
              ]
            ]
          ],
          "NearFreeSpin copy",
          11,
          [
            {},
            "comps",
            11,
            [
              {},
              "cc.Sprite",
              11,
              [
                {},
                "spriteFrame",
                12,
                [
                  [
                    [
                      {
                        "frame": 0
                      },
                      "value",
                      6,
                      15
                    ],
                    [
                      {
                        "frame": 0.05
                      },
                      "value",
                      6,
                      16
                    ],
                    [
                      {
                        "frame": 0.1
                      },
                      "value",
                      6,
                      17
                    ],
                    [
                      {
                        "frame": 0.15
                      },
                      "value",
                      6,
                      18
                    ],
                    [
                      {
                        "frame": 0.2
                      },
                      "value",
                      6,
                      19
                    ],
                    [
                      {
                        "frame": 0.25
                      },
                      "value",
                      6,
                      20
                    ],
                    [
                      {
                        "frame": 0.3
                      },
                      "value",
                      6,
                      21
                    ],
                    [
                      {
                        "frame": 0.35
                      },
                      "value",
                      6,
                      22
                    ],
                    [
                      {
                        "frame": 0.4
                      },
                      "value",
                      6,
                      23
                    ],
                    [
                      {
                        "frame": 0.45
                      },
                      "value",
                      6,
                      24
                    ],
                    [
                      {
                        "frame": 0.5
                      },
                      "value",
                      6,
                      25
                    ],
                    [
                      {
                        "frame": 0.55
                      },
                      "value",
                      6,
                      26
                    ],
                    [
                      {
                        "frame": 0.6
                      },
                      "value",
                      6,
                      27
                    ],
                    [
                      {
                        "frame": 0.65
                      },
                      "value",
                      6,
                      28
                    ],
                    [
                      {
                        "frame": 0.7
                      },
                      "value",
                      6,
                      29
                    ]
                  ],
                  11,
                  11,
                  11,
                  11,
                  11,
                  11,
                  11,
                  11,
                  11,
                  11,
                  11,
                  11,
                  11,
                  11,
                  11
                ]
              ]
            ]
          ]
        ]
      ]
    ]
  ],
  0,
  0,
  [
    0,
    0,
    0,
    0,
    0,
    0,
    0,
    0,
    0,
    0,
    0,
    0,
    0,
    0,
    0,
    0,
    0,
    0,
    0,
    0,
    0,
    0,
    0,
    0,
    0,
    0,
    0,
    0,
    0,
    0
  ],
  [
    0,
    0,
    0,
    0,
    0,
    0,
    0,
    0,
    0,
    0,
    0,
    0,
    0,
    0,
    0,
    0,
    0,
    0,
    0,
    0,
    0,
    0,
    0,
    0,
    0,
    0,
    0,
    0,
    0,
    0
  ],
  [
    0,
    1,
    2,
    3,
    4,
    5,
    6,
    7,
    8,
    9,
    10,
    11,
    12,
    13,
    14,
    0,
    1,
    2,
    3,
    4,
    5,
    6,
    7,
    8,
    9,
    10,
    11,
    12,
    13,
    14
  ]
]