[1,0,0,[["cc.AnimationClip",["_name","_duration","sample","curveData"],-1]],[[0,0,1,2,3,5]],[[0,"EffectTakeSymbol4",0.2,100,{"paths":{"ps_out_glow":{"props":{"opacity":[{"frame":0,"value":0},{"frame":0.1,"value":255}]}},"ps_out_glow copy":{"props":{"opacity":[{"frame":0,"value":0},{"frame":0.1,"value":255}]}},"ps_line_a_00":{"props":{"opacity":[{"frame":0,"value":0},{"frame":0.1,"value":255}]}},"ps_shine_a":{"props":{"opacity":[{"frame":0.05,"value":0},{"frame":0.2,"value":255}]}},"ps_glow":{"props":{"active":[{"frame":0,"value":false}]}},"caishenBg":{"props":{"active":[{"frame":0,"value":false}]}},"f_bg":{"props":{"active":[{"frame":0,"value":false}]}},"khung":{"props":{"active":[{"frame":0,"value":false}]}},"s_pattern_b_glow":{"props":{"active":[{"frame":0,"value":false}]}},"spine":{"props":{"scale":[]}}}}]],0,0,[],[],[]]