[1,["d6QtjyQBFC0bn6p3iZKsr3"],["_textureSetter"],["cc.SpriteFrame"],0,[[[{"name":"win_coin_07","rect":[311,1,104,134],"offset":[-3,12],"originalSize":[200,200],"rotated":1,"capInsets":[0,0,0,0]}],[0],0,[0],[0],[0]],[[{"name":"win_coin_01","rect":[211,265,76,92],"offset":[0,6],"originalSize":[200,200],"rotated":1,"capInsets":[0,0,0,0]}],[0],0,[0],[0],[0]],[[{"name":"win_coin_04","rect":[311,211,94,112],"offset":[0,7],"originalSize":[200,200],"rotated":1,"capInsets":[0,0,0,0]}],[0],0,[0],[0],[0]],[[{"name":"win_coin_02","rect":[285,343,82,100],"offset":[0,6],"originalSize":[200,200],"capInsets":[0,0,0,0]}],[0],0,[0],[0],[0]],[[{"name":"win_coin_14","rect":[1,299,88,144],"offset":[-7,10],"originalSize":[200,200],"capInsets":[0,0,0,0]}],[0],0,[0],[0],[0]],[[{"name":"win_coin_06","rect":[311,107,102,130],"offset":[-1,11],"originalSize":[200,200],"rotated":1,"capInsets":[0,0,0,0]}],[0],0,[0],[0],[0]],[[{"name":"win_coin_03","rect":[197,343,86,104],"offset":[1,9],"originalSize":[200,200],"capInsets":[0,0,0,0]}],[0],0,[0],[0],[0]],[[{"name":"win_coin_05","rect":[211,141,98,122],"offset":[0,9],"originalSize":[200,200],"capInsets":[0,0,0,0]}],[0],0,[0],[0],[0]],[[{"name":"win_coin_13","rect":[1,1,94,148],"offset":[-6,10],"originalSize":[200,200],"capInsets":[0,0,0,0]}],[0],0,[0],[0],[0]],[[{"name":"win_coin_12","rect":[1,151,102,146],"offset":[-4,8],"originalSize":[200,200],"capInsets":[0,0,0,0]}],[0],0,[0],[0],[0]],[[{"name":"win_coin_10","rect":[91,299,104,142],"offset":[-2,7],"originalSize":[200,200],"capInsets":[0,0,0,0]}],[0],0,[0],[0],[0]],[[{"name":"win_coin_00","rect":[369,307,70,80],"offset":[0,4],"originalSize":[200,200],"capInsets":[0,0,0,0]}],[0],0,[0],[0],[0]],[[{"name":"win_coin_08","rect":[203,1,106,138],"offset":[-3,12],"originalSize":[200,200],"capInsets":[0,0,0,0]}],[0],0,[0],[0],[0]],[[{"name":"win_coin_11","rect":[97,1,104,144],"offset":[-3,6],"originalSize":[200,200],"capInsets":[0,0,0,0]}],[0],0,[0],[0],[0]],[[{"name":"win_coin_09","rect":[105,147,104,140],"offset":[-2,9],"originalSize":[200,200],"capInsets":[0,0,0,0]}],[0],0,[0],[0],[0]]]]