[1,["bcnadjwjxFsayVbD+uFhee"],["_textureSetter"],["cc.SpriteFrame"],0,[[[{"name":"fast_vfx_b_02","rect":[1,533,133,608],"offset":[0,0],"originalSize":[141,620],"rotated":1,"capInsets":[0,0,0,0]}],[0],0,[0],[0],[0]],[[{"name":"fast_vfx_b_22","rect":[1,1484,133,610],"offset":[0,2],"originalSize":[141,620],"rotated":1,"capInsets":[0,0,0,0]}],[0],0,[0],[0],[0]],[[{"name":"fast_vfx_b_33","rect":[1,1619,133,614],"offset":[-1,1],"originalSize":[141,620],"rotated":1,"capInsets":[0,0,0,0]}],[0],0,[0],[0],[0]],[[{"name":"fast_vfx_b_21","rect":[605,134,131,612],"offset":[-1,0],"originalSize":[141,620],"rotated":1,"capInsets":[0,0,0,0]}],[0],0,[0],[0],[0]],[[{"name":"fast_vfx_b_34","rect":[617,1624,133,616],"offset":[0,0],"originalSize":[141,620],"rotated":1,"capInsets":[0,0,0,0]}],[0],0,[0],[0],[0]],[[{"name":"fast_vfx_b_23","rect":[613,1484,133,610],"offset":[0,1],"originalSize":[141,620],"rotated":1,"capInsets":[0,0,0,0]}],[0],0,[0],[0],[0]],[[{"name":"fast_vfx_b_28","rect":[1231,1012,133,610],"offset":[0,3],"originalSize":[141,620],"capInsets":[0,0,0,0]}],[0],0,[0],[0],[0]],[[{"name":"fast_vfx_b_04","rect":[1,668,133,606],"offset":[-1,-1],"originalSize":[141,620],"rotated":1,"capInsets":[0,0,0,0]}],[0],0,[0],[0],[0]],[[{"name":"fast_vfx_b_00","rect":[615,404,133,612],"offset":[0,3],"originalSize":[141,620],"rotated":1,"capInsets":[0,0,0,0]}],[0],0,[0],[0],[0]],[[{"name":"fast_vfx_b_18","rect":[1223,1,131,594],"offset":[0,0],"originalSize":[141,620],"rotated":1,"capInsets":[0,0,0,0]}],[0],0,[0],[0],[0]],[[{"name":"fast_vfx_b_08","rect":[1,944,133,612],"offset":[0,1],"originalSize":[141,620],"rotated":1,"capInsets":[0,0,0,0]}],[0],0,[0],[0],[0]],[[{"name":"fast_vfx_b_26","rect":[1638,1014,133,614],"offset":[0,1],"originalSize":[141,620],"capInsets":[0,0,0,0]}],[0],0,[0],[0],[0]],[[{"name":"fast_vfx_b_13","rect":[611,1,131,610],"offset":[1,2],"originalSize":[141,620],"rotated":1,"capInsets":[0,0,0,0]}],[0],0,[0],[0],[0]],[[{"name":"fast_vfx_b_16","rect":[615,1214,133,610],"offset":[-1,0],"originalSize":[141,620],"rotated":1,"capInsets":[0,0,0,0]}],[0],0,[0],[0],[0]],[[{"name":"fast_vfx_b_32","rect":[1215,269,133,600],"offset":[0,-2],"originalSize":[141,620],"rotated":1,"capInsets":[0,0,0,0]}],[0],0,[0],[0],[0]],[[{"name":"fast_vfx_b_25","rect":[1229,404,133,604],"offset":[-1,-3],"originalSize":[141,620],"capInsets":[0,0,0,0]}],[0],0,[0],[0],[0]],[[{"name":"fast_vfx_b_01","rect":[1219,134,133,598],"offset":[0,-8],"originalSize":[141,620],"rotated":1,"capInsets":[0,0,0,0]}],[0],0,[0],[0],[0]],[[{"name":"fast_vfx_b_30","rect":[1503,1014,133,612],"offset":[-1,0],"originalSize":[141,620],"capInsets":[0,0,0,0]}],[0],0,[0],[0],[0]],[[{"name":"fast_vfx_b_35","rect":[605,267,131,608],"offset":[-2,-4],"originalSize":[141,620],"rotated":1,"capInsets":[0,0,0,0]}],[0],0,[0],[0],[0]],[[{"name":"fast_vfx_b_20","rect":[1,1,127,608],"offset":[-2,-1],"originalSize":[141,620],"rotated":1,"capInsets":[0,0,0,0]}],[0],0,[0],[0],[0]],[[{"name":"fast_vfx_b_05","rect":[609,674,133,614],"offset":[0,1],"originalSize":[141,620],"rotated":1,"capInsets":[0,0,0,0]}],[0],0,[0],[0],[0]],[[{"name":"fast_vfx_b_09","rect":[615,944,133,610],"offset":[0,4],"originalSize":[141,620],"rotated":1,"capInsets":[0,0,0,0]}],[0],0,[0],[0],[0]],[[{"name":"fast_vfx_b_19","rect":[617,1349,133,612],"offset":[0,1],"originalSize":[141,620],"rotated":1,"capInsets":[0,0,0,0]}],[0],0,[0],[0],[0]],[[{"name":"fast_vfx_b_07","rect":[1366,1012,135,612],"offset":[0,3],"originalSize":[141,620],"capInsets":[0,0,0,0]}],[0],0,[0],[0],[0]],[[{"name":"fast_vfx_b_10","rect":[1,1079,133,612],"offset":[0,4],"originalSize":[141,620],"rotated":1,"capInsets":[0,0,0,0]}],[0],0,[0],[0],[0]],[[{"name":"fast_vfx_b_11","rect":[615,1079,133,614],"offset":[0,0],"originalSize":[141,620],"rotated":1,"capInsets":[0,0,0,0]}],[0],0,[0],[0],[0]],[[{"name":"fast_vfx_b_14","rect":[1,130,131,602],"offset":[-1,1],"originalSize":[141,620],"rotated":1,"capInsets":[0,0,0,0]}],[0],0,[0],[0],[0]],[[{"name":"fast_vfx_b_29","rect":[1634,404,133,608],"offset":[0,2],"originalSize":[141,620],"capInsets":[0,0,0,0]}],[0],0,[0],[0],[0]],[[{"name":"fast_vfx_b_24","rect":[1,263,133,602],"offset":[0,0],"originalSize":[141,620],"rotated":1,"capInsets":[0,0,0,0]}],[0],0,[0],[0],[0]],[[{"name":"fast_vfx_b_03","rect":[611,539,133,612],"offset":[0,-1],"originalSize":[141,620],"rotated":1,"capInsets":[0,0,0,0]}],[0],0,[0],[0],[0]],[[{"name":"fast_vfx_b_12","rect":[1,1214,133,612],"offset":[0,-1],"originalSize":[141,620],"rotated":1,"capInsets":[0,0,0,0]}],[0],0,[0],[0],[0]],[[{"name":"fast_vfx_b_27","rect":[1364,404,133,606],"offset":[0,-1],"originalSize":[141,620],"capInsets":[0,0,0,0]}],[0],0,[0],[0],[0]],[[{"name":"fast_vfx_b_36","rect":[1,400,131,612],"offset":[-1,-1],"originalSize":[141,620],"rotated":1,"capInsets":[0,0,0,0]}],[0],0,[0],[0],[0]],[[{"name":"fast_vfx_b_06","rect":[607,809,133,610],"offset":[0,0],"originalSize":[141,620],"rotated":1,"capInsets":[0,0,0,0]}],[0],0,[0],[0],[0]],[[{"name":"fast_vfx_b_31","rect":[1499,404,133,606],"offset":[0,-2],"originalSize":[141,620],"capInsets":[0,0,0,0]}],[0],0,[0],[0],[0]],[[{"name":"fast_vfx_b_17","rect":[1,1349,133,614],"offset":[0,3],"originalSize":[141,620],"rotated":1,"capInsets":[0,0,0,0]}],[0],0,[0],[0],[0]],[[{"name":"fast_vfx_b_15","rect":[1,803,133,604],"offset":[0,-4],"originalSize":[141,620],"rotated":1,"capInsets":[0,0,0,0]}],[0],0,[0],[0],[0]]]]