[1,["eeVidCwa1BLq8P2NVDOazS","592jAHgw1CEZ54G0u6A1Ds","2cECcpEYJAYY3sFUN6tkPf","01a/PX2X1MVIqLU+435Zmj","2a3pqRK39E+ZH1tGy3r2zV","68zv+MqS1BLY0O5L3rAemc","896y0IIuVJjqfG9T8sjqQV","21bNRV3pdLzqJ1qi7lqzxR"],["_textureSetter","particle_a_loop_add","bw_vfx_c_add","mw_vfx_b_add","smw_vfx_b_add","particle_b_loop_add","bw_vfx_b_add","bw_solid_a_add"],["cc.SpriteFrame",["cc.SpriteAtlas",["_name","_spriteFrames"],2,11]],[[1,0,1,2]],[[[{"name":"mw_vfx_b_add","rect":[413,1091,390,390],"offset":[0,0],"originalSize":[390,390],"capInsets":[0,0,0,0]}],[0],0,[0],[0],[0]],[[{"name":"bw_solid_a_add","rect":[1,1091,410,410],"offset":[0,0],"originalSize":[410,410],"capInsets":[0,0,0,0]}],[0],0,[0],[0],[0]],[[{"name":"smw_vfx_b_add","rect":[653,1,420,420],"offset":[0,0],"originalSize":[420,420],"capInsets":[0,0,0,0]}],[0],0,[0],[0],[0]],[[{"name":"bw_vfx_c_add","rect":[1,1,654,650],"offset":[0,0],"originalSize":[654,650],"rotated":1,"capInsets":[0,0,0,0]}],[0],0,[0],[0],[0]],[[[0,"Alats56.plist",[{},"particle_a_loop_add",6,0,"bw_vfx_c_add",6,1,"mw_vfx_b_add",6,2,"smw_vfx_b_add",6,3,"particle_b_loop_add",6,4,"bw_vfx_b_add",6,5,"bw_solid_a_add",6,6]]],0,0,[0,0,0,0,0,0,0],[1,2,3,4,5,6,7],[1,2,3,4,5,6,7]],[[{"name":"particle_a_loop_add","rect":[1,657,432,936],"offset":[0,0],"originalSize":[432,936],"rotated":1,"capInsets":[0,0,0,0]}],[0],0,[0],[0],[0]],[[{"name":"particle_b_loop_add","rect":[939,423,432,936],"offset":[0,0],"originalSize":[432,936],"capInsets":[0,0,0,0]}],[0],0,[0],[0],[0]],[[{"name":"bw_vfx_b_add","rect":[1075,1,390,390],"offset":[0,0],"originalSize":[390,390],"capInsets":[0,0,0,0]}],[0],0,[0],[0],[0]]]]