[1,["2d+KHtebdHMoZgywX3pT2P","98qMwUuQFLpbEIxAEaWfVQ","4fl+73em1PCKL/sIB2Kwmb","66svIafzBIgqsBthNwOIMm","07gPVUQKBFGLuLikhQA6kS","2fE1RpCO5MhalLyNHOZKo/","f6i/426jZJool0otV93IlD","58EJwwmlFN5IjeZFITZKOM","46j5jsgrdAYrezRmj/+pA0","60qWQzV0VKkoFzDqyp8MwU","b8gGW3gWVO2Js53H4uEzJq"],["_textureSetter","info_vfx_c_09","info_vfx_c_10","info_vfx_c_06","info_vfx_c_03","info_vfx_c_04","info_vfx_c_01","info_vfx_c_02","info_vfx_c_05","info_vfx_c_08","info_vfx_c_07"],["cc.SpriteFrame",["cc.SpriteAtlas",["_name","_spriteFrames"],2,11]],[[1,0,1,2]],[[[{"name":"info_vfx_c_03","rect":[1,455,272,94],"offset":[0,0],"originalSize":[540,150],"capInsets":[0,0,0,0]}],[0],0,[0],[0],[0]],[[[0,"Alats28.plist",[{},"info_vfx_c_09",6,0,"info_vfx_c_10",6,1,"info_vfx_c_06",6,2,"info_vfx_c_03",6,3,"info_vfx_c_04",6,4,"info_vfx_c_01",6,5,"info_vfx_c_02",6,6,"info_vfx_c_05",6,7,"info_vfx_c_08",6,8,"info_vfx_c_07",6,9]]],0,0,[0,0,0,0,0,0,0,0,0,0],[1,2,3,4,5,6,7,8,9,10],[1,2,3,4,5,6,7,8,9,10]],[[{"name":"info_vfx_c_04","rect":[1,353,362,100],"offset":[0,0],"originalSize":[540,150],"capInsets":[0,0,0,0]}],[0],0,[0],[0],[0]],[[{"name":"info_vfx_c_05","rect":[1,251,452,100],"offset":[0,0],"originalSize":[540,150],"capInsets":[0,0,0,0]}],[0],0,[0],[0],[0]],[[{"name":"info_vfx_c_10","rect":[523,1,3,3],"offset":[-268.5,73.5],"originalSize":[540,150],"capInsets":[0,0,0,0]}],[0],0,[0],[0],[0]],[[{"name":"info_vfx_c_02","rect":[275,459,190,102],"offset":[0,-1],"originalSize":[540,150],"capInsets":[0,0,0,0]}],[0],0,[0],[0],[0]],[[{"name":"info_vfx_c_08","rect":[529,1,526,80],"offset":[0,0],"originalSize":[540,150],"rotated":1,"capInsets":[0,0,0,0]}],[0],0,[0],[0],[0]],[[{"name":"info_vfx_c_06","rect":[1,1,520,92],"offset":[0,-1],"originalSize":[540,150],"capInsets":[0,0,0,0]}],[0],0,[0],[0],[0]],[[{"name":"info_vfx_c_09","rect":[1,179,524,70],"offset":[0,0],"originalSize":[540,150],"capInsets":[0,0,0,0]}],[0],0,[0],[0],[0]],[[{"name":"info_vfx_c_07","rect":[1,95,526,82],"offset":[0,0],"originalSize":[540,150],"capInsets":[0,0,0,0]}],[0],0,[0],[0],[0]],[[{"name":"info_vfx_c_01","rect":[365,353,124,104],"offset":[0,0],"originalSize":[540,150],"capInsets":[0,0,0,0]}],[0],0,[0],[0],[0]]]]