[1,["ecpdLyjvZBwrvm+cedCcQy","7a/QZLET9IDreTiBfRn2PD","44DAppFN5LnaeREJ3A2fE7","94Lu7lNXtBFKDE85XQcxTW","64H/RZ1stDY7wlpa+G/jxx","59seK8AuhAmaV0Qjil8Mfr","f5iGeUeMBBp5CnTt0zRNRi","0eqeXngDZM7aFLD5DPczPr","a2lHi9n0FMg7PE0RwRVi/u","42XT95bJhC26V1eUt6xcrL","dby0+M+LpFFaTA1MW5KKFs","e6htXS7MlNgZPLAeDGtWBT","a6wlR0sGdDJIBo0OBjcGic","2dFtPzCKpAtq+LlNrXRJLt","d9Pln8NL9AIKaEgbYtCmS1","88pqOoGuZNzrSWQ2vSOJ04","7cN4+DB35B75yrPV+2sWYk","a0OePw9SBPYKZNSwgR+ydy","c3QkWBuZdOCr11iduo8JPK","536PD8wURMWLHjoXgYER6F","4eph40k7dNLYahKOUTLmzl","505s0m53pDQIOyQRrEw7tf","73+s/pCI9BValXpnjX+gms","5bTqVKondMN5I9YQ/WB/Yj","a2qzemr4VLwa/yOnqHj6G2","e8JWyt3r5DBZMbnZ/jxHvF","38KNzWWP9PoL1lsmbHR+62","0dbh+e4hlAp6tPkDaL2GPL","4e0kncp5NK27B7FQq+ZSD7","34hVVmmdZH0aJLSG2dXJRG","7cqJWDVlhNv7+cbKCTS0q8","fftxStpOtMF7+i2EdXMic7","45gRA1BtFDG6XluJw2HopU","12nEJuj/ZPbaeAxlEoxh36","48UvIdtFdHuq3E+JELddpP","2bYQ21zDpAipdtPkKcIz1Q","61iTCdRjFLK5wVMT71JptL","07rEjz4HpJ5ppK1MSjBZoZ","33GUrmc0pOQqEm6HvO4CNI","01pxfFPy1HfaPKJC0l/j+3"],["_textureSetter","node","_spriteFrame","_N$skeletonData","_N$file","root","bkgThanhBar","aniPhao","aniWin","aniLose","imgTime","imgBack","imgAvatar","lbAg","lbName","data","_parent"],["cc.SpriteFrame",["cc.Node",["_name","_prefab","_children","_parent","_components","_contentSize","_trs","_anchorPoint"],2,4,2,1,9,5,7,5],["cc.Sprite",["_sizeMode","_type","_fillType","_fillRange","node","_materials","_spriteFrame","_fillCenter"],-1,1,3,6,5],["cc.Node",["_name","_active","_parent","_components","_prefab","_contentSize","_trs","_children","_eulerAngles","_color","_anchorPoint"],1,1,2,4,5,7,2,5,5,5],["cc.PrefabInfo",["fileId","root","asset"],2,1,1],["cc.Mask",["_N$alphaThreshold","_type","node","_materials"],1,1,3],["cc.Label",["_string","_lineHeight","_isSystemFontUsed","_N$horizontalAlign","_N$verticalAlign","_fontSize","_N$overflow","node","_materials"],-4,1,3],["cc.Prefab",["_name"],2],["cc.Node",["_name","_components","_prefab","_contentSize"],2,12,4,5],["07d1c0ZZwNMsYgKK3OZf9na",["node","lbName","lbAg","imgAvatar","imgBack","imgTime","aniLose","aniWin","aniPhao","bkgThanhBar","listAnimItems","listSprItems","fontLb"],3,1,1,1,1,1,1,1,1,1,1,3,3,3],["cc.BlockInputEvents",["node"],3,1],["927c2cG+fZPp71Nv79Ab04d",["node"],3,1],["cc.Button",["node","clickEvents"],3,1,9],["cc.ClickEvent",["_componentId","handler","target"],1,1],["sp.Skeleton",["defaultSkin","defaultAnimation","_preCacheMode","premultipliedAlpha","_animationName","node","_materials"],-2,1,3],["sp.SkeletonData",["_name","_atlasText","textureNames","_skeletonJson","textures"],-1,3]],[[4,0,1,2,2],[15,0,1,2,3,4,5],[3,0,2,3,4,5,6,2],[14,0,1,2,3,4,5,6,6],[1,0,3,2,4,1,5,6,2],[2,4,5,6,1],[7,0,2],[1,0,2,4,1,5,6,2],[1,0,3,2,4,1,5,2],[1,0,3,2,4,1,5,7,6,2],[1,0,3,2,1,2],[1,0,3,2,1,6,2],[1,0,3,4,1,5,6,2],[8,0,1,2,3,2],[3,0,2,7,3,4,5,6,8,2],[3,0,1,2,3,4,5,6,3],[3,0,2,3,4,9,5,10,6,2],[9,0,1,2,3,4,5,6,7,8,9,10,11,12,1],[10,0,1],[4,1,2,1],[2,0,4,5,6,2],[2,4,5,1],[2,0,4,5,2],[2,1,2,3,4,5,7,4],[11,0,1],[12,0,1,1],[13,0,1,2,3],[5,1,0,2,3,3],[5,0,2,3,2],[6,0,1,2,3,4,7,8,6],[6,0,5,1,2,3,4,6,7,8,8]],[[[{"name":"icon_chips","rect":[0,0,61,61],"offset":[0,0],"originalSize":[61,61],"capInsets":[0,0,0,0]}],[0],0,[0],[0],[5]],[[[6,"PlayerViewTL"],[7,"PlayerViewTL",[-13,-14,-15,-16,-17,-18],[[17,-11,-10,-9,-8,-7,-6,-5,-4,-3,-2,[16,17,18,19,20],[21,22,23,24,25],[26,27]],[18,-12]],[19,-1,0],[5,120,120],[0,0,0,0,0,0,1,0.9,0.9,1]],[4,"bar_player",1,[-20,-21],[[5,-19,[12],13]],[0,"4enjRssbBHHo5XN+id/zuj",1,0],[5,139,101],[0,-84.954,0,0,0,0,1,1,1,1]],[13,"imgAvatar",[[[24,-22],-23,[25,-24,[[26,"07d1c0ZZwNMsYgKK3OZf9na","onClickPlayer",1]]]],4,1,4],[0,"c2oy6katJHgKbvWobTV281",1,0],[5,120,120]],[8,"maskAvt",1,[3],[[27,1,0,-25,[2]]],[0,"49QkByPP9CxYYc9ItAc020",1,0],[5,120,120]],[14,"imgTime",1,[-27],[-26],[0,"87OFRxGbdJX75ovc2ImsPS",1,0],[5,132,132],[0,0,0,0,0,0.7071067811865475,0.7071067811865476,1,1,1],[1,0,0,90]],[4,"maskAvt",2,[-29],[[28,0,-28,[8]]],[0,"f2XU9fuQlAQ5U8PT1nQ5Hu",1,0],[5,110,35],[0,11.648,0,0,0,0,1,1,1,1]],[9,"ic_chip",2,[-31],[[20,0,-30,[10],11]],[0,"993LrR1slKTZv9R9gjXYcP",1,0],[5,15,15],[0,0.6207483180584514,0.46981292048538714],[-36,-16,0,0,0,0,1,1,1,1]],[10,"animation",1,[-32,-33],[0,"c5M69MqsxOsZ5hzfZu209W",1,0]],[15,"iconBack",false,1,[-34],[0,"d4gJWZ6GFHv6cy20jEDXFg",1,0],[5,32,32],[-73.059,61.516,0,0,0,0,1,1,1,1]],[21,9,[0]],[22,0,3,[1]],[11,"ParentKhungVip",1,[-35],[0,"e0Sro0GKpKrohmivY0PTOF",1,0],[0,1.725,0,0,0,0,1,1,1,1]],[12,"ava1",12,[[5,-36,[3],4]],[0,"a7pwdeNNhExowfYuPNRTNb",1,0],[5,131,121],[-0.093,-7.874,0,0,0,0,1,1.3,1.3,1]],[2,"aniPhao",5,[-37],[0,"01q9gWTf1J96vwfCgd+Vlr",1,0],[5,40,40],[54,0,0,0,0,0,1,1,1,1]],[3,"default","animation",0,false,"animation",14,[5]],[23,3,2,1,5,[6],[0,0.5,0.5]],[2,"lbName",6,[-38],[0,"65vqdK7pNEnLdHduOzuPSC",1,0],[5,89.96,56.7],[0,0,0,0,0,0,1,0.5,0.5,1]],[29,"Label",45,false,1,1,17,[7]],[16,"lbAg",7,[-39],[0,"3dHi+B7IRLMIIEJLY8vfMy",1,0],[4,4278253055],[5,144.4,56.7],[0,0.0846070677885213,0.5],[13.8,0,0,0,0,0,1,0.5,0.5,1]],[30,"123.123",35,45,false,1,1,2,19,[9]],[2,"aniWin",8,[-40],[0,"b34oy//qpG658gTi4qRSCi",1,0],[5,173,165],[0,70,0,0,0,0,1,1,1,1]],[3,"win","idle",0,false,"idle",21,[14]],[2,"aniLose",8,[-41],[0,"44wKh0eaxKmKvZZGyXeVQD",1,0],[5,173,165],[0,70.826,0,0,0,0,1,1,1,1]],[3,"return","idle",0,false,"idle",23,[15]]],0,[0,5,1,0,6,2,0,7,15,0,8,22,0,9,24,0,10,16,0,11,10,0,12,11,0,13,20,0,14,18,0,1,1,0,1,1,0,-1,9,0,-2,4,0,-3,12,0,-4,5,0,-5,2,0,-6,8,0,1,2,0,-1,6,0,-2,7,0,1,3,0,-2,11,0,1,3,0,1,4,0,-1,16,0,-1,14,0,1,6,0,-1,17,0,1,7,0,-1,19,0,-1,21,0,-2,23,0,-1,10,0,-1,13,0,1,13,0,-1,15,0,-1,18,0,-1,20,0,-1,22,0,-1,24,0,15,1,3,16,4,41],[0,0,0,0,0,0,0,0,0,0,0,0,0,0,0,0,0,0,0,0,0,0,0,0,0,0,0,0,10,11,15,16,18,20,22,24],[-1,-1,-1,-1,2,-1,-1,-1,-1,-1,-1,2,-1,2,-1,-1,-1,-2,-3,-4,-5,-1,-2,-3,-4,-5,-1,-2,2,2,3,2,4,4,3,3],[0,0,0,0,6,1,0,0,0,0,0,7,0,8,1,1,9,10,11,12,13,14,15,16,17,18,2,2,19,20,21,22,3,3,4,4]],[[[1,"bongnuoc","\r\nbongnuoc.png\r\nsize: 593,593\r\nformat: RGBA8888\r\nfilter: Linear,Linear\r\nrepeat: none\r\nComp 1_00000\r\n  rotate: false\r\n  xy: 423, 361\r\n  size: 137, 105\r\n  orig: 150, 150\r\n  offset: 13, 38\r\n  index: -1\r\nComp 1_00001\r\n  rotate: false\r\n  xy: 146, 221\r\n  size: 137, 109\r\n  orig: 150, 150\r\n  offset: 13, 34\r\n  index: -1\r\nComp 1_00002\r\n  rotate: false\r\n  xy: 142, 107\r\n  size: 137, 112\r\n  orig: 150, 150\r\n  offset: 13, 31\r\n  index: -1\r\nComp 1_00003\r\n  rotate: false\r\n  xy: 285, 230\r\n  size: 137, 112\r\n  orig: 150, 150\r\n  offset: 13, 31\r\n  index: -1\r\nComp 1_00004\r\n  rotate: false\r\n  xy: 285, 230\r\n  size: 137, 112\r\n  orig: 150, 150\r\n  offset: 13, 31\r\n  index: -1\r\nComp 1_00005\r\n  rotate: false\r\n  xy: 139, 2\r\n  size: 115, 103\r\n  orig: 150, 150\r\n  offset: 17, 14\r\n  index: -1\r\nComp 1_00006\r\n  rotate: false\r\n  xy: 256, 2\r\n  size: 115, 103\r\n  orig: 150, 150\r\n  offset: 17, 14\r\n  index: -1\r\nComp 1_00007\r\n  rotate: false\r\n  xy: 285, 119\r\n  size: 120, 109\r\n  orig: 150, 150\r\n  offset: 14, 10\r\n  index: -1\r\nComp 1_00008\r\n  rotate: false\r\n  xy: 373, 8\r\n  size: 120, 109\r\n  orig: 150, 150\r\n  offset: 14, 10\r\n  index: -1\r\nComp 1_00009\r\n  rotate: false\r\n  xy: 373, 8\r\n  size: 120, 109\r\n  orig: 150, 150\r\n  offset: 14, 10\r\n  index: -1\r\nComp 1_00010\r\n  rotate: false\r\n  xy: 424, 242\r\n  size: 128, 117\r\n  orig: 150, 150\r\n  offset: 12, 6\r\n  index: -1\r\nComp 1_00011\r\n  rotate: false\r\n  xy: 424, 123\r\n  size: 128, 117\r\n  orig: 150, 150\r\n  offset: 12, 6\r\n  index: -1\r\nComp 1_00012\r\n  rotate: false\r\n  xy: 2, 72\r\n  size: 135, 123\r\n  orig: 150, 150\r\n  offset: 10, 3\r\n  index: -1\r\nComp 1_00013\r\n  rotate: false\r\n  xy: 423, 468\r\n  size: 135, 123\r\n  orig: 150, 150\r\n  offset: 10, 3\r\n  index: -1\r\nComp 1_00014\r\n  rotate: false\r\n  xy: 423, 468\r\n  size: 135, 123\r\n  orig: 150, 150\r\n  offset: 10, 3\r\n  index: -1\r\nComp 1_00015\r\n  rotate: false\r\n  xy: 146, 332\r\n  size: 135, 127\r\n  orig: 150, 150\r\n  offset: 10, 2\r\n  index: -1\r\nComp 1_00016\r\n  rotate: false\r\n  xy: 286, 464\r\n  size: 135, 127\r\n  orig: 150, 150\r\n  offset: 10, 2\r\n  index: -1\r\nComp 1_00017\r\n  rotate: false\r\n  xy: 146, 461\r\n  size: 138, 130\r\n  orig: 150, 150\r\n  offset: 8, 0\r\n  index: -1\r\nComp 1_00018\r\n  rotate: false\r\n  xy: 2, 197\r\n  size: 138, 130\r\n  orig: 150, 150\r\n  offset: 8, 0\r\n  index: -1\r\nComp 1_00019\r\n  rotate: false\r\n  xy: 2, 197\r\n  size: 138, 130\r\n  orig: 150, 150\r\n  offset: 8, 0\r\n  index: -1\r\nComp 1_00020\r\n  rotate: false\r\n  xy: 2, 461\r\n  size: 142, 130\r\n  orig: 150, 150\r\n  offset: 6, 0\r\n  index: -1\r\nComp 1_00021\r\n  rotate: false\r\n  xy: 2, 329\r\n  size: 142, 130\r\n  orig: 150, 150\r\n  offset: 6, 0\r\n  index: -1\r\nComp 1_00022\r\n  rotate: false\r\n  xy: 286, 344\r\n  size: 134, 118\r\n  orig: 150, 150\r\n  offset: 11, 6\r\n  index: -1\r\nComp 1_00023\r\n  rotate: false\r\n  xy: 286, 344\r\n  size: 134, 118\r\n  orig: 150, 150\r\n  offset: 11, 6\r\n  index: -1\r\nComp 1_00024\r\n  rotate: false\r\n  xy: 286, 344\r\n  size: 134, 118\r\n  orig: 150, 150\r\n  offset: 11, 6\r\n  index: -1\r\n",["bongnuoc.png"],{"skeleton":{"hash":"GfCJk3A4J7Yh4tdCWRtRshuOfns","spine":"3.8.99","x":-75,"y":-75,"width":150,"height":150,"images":"./image/","audio":""},"bones":[{"name":"root"},{"name":"bone","parent":"root","x":-0.08,"y":-56.71}],"slots":[{"name":"Comp 1_00000","bone":"root","attachment":"Comp 1_00024"}],"skins":[{"name":"default","attachments":{"Comp 1_00000":{"Comp 1_00000":{"width":150,"height":150},"Comp 1_00001":{"width":150,"height":150},"Comp 1_00002":{"width":150,"height":150},"Comp 1_00003":{"width":150,"height":150},"Comp 1_00004":{"width":150,"height":150},"Comp 1_00005":{"width":150,"height":150},"Comp 1_00006":{"width":150,"height":150},"Comp 1_00007":{"width":150,"height":150},"Comp 1_00008":{"width":150,"height":150},"Comp 1_00009":{"width":150,"height":150},"Comp 1_00010":{"width":150,"height":150},"Comp 1_00011":{"width":150,"height":150},"Comp 1_00012":{"width":150,"height":150},"Comp 1_00013":{"width":150,"height":150},"Comp 1_00014":{"width":150,"height":150},"Comp 1_00015":{"width":150,"height":150},"Comp 1_00016":{"width":150,"height":150},"Comp 1_00017":{"width":150,"height":150},"Comp 1_00018":{"width":150,"height":150},"Comp 1_00019":{"width":150,"height":150},"Comp 1_00020":{"width":150,"height":150},"Comp 1_00021":{"width":150,"height":150},"Comp 1_00022":{"width":150,"height":150},"Comp 1_00023":{"width":150,"height":150},"Comp 1_00024":{"width":150,"height":150}}}}],"animations":{"animation":{"slots":{"Comp 1_00000":{"attachment":[{"name":"Comp 1_00000"},{"time":0.0333,"name":"Comp 1_00001"},{"time":0.0667,"name":"Comp 1_00002"},{"time":0.1,"name":"Comp 1_00003"},{"time":0.1333,"name":"Comp 1_00004"},{"time":0.1667,"name":"Comp 1_00005"},{"time":0.2,"name":"Comp 1_00006"},{"time":0.2333,"name":"Comp 1_00007"},{"time":0.2667,"name":"Comp 1_00008"},{"time":0.3,"name":"Comp 1_00009"},{"time":0.3333,"name":"Comp 1_00010"},{"time":0.3667,"name":"Comp 1_00011"},{"time":0.4,"name":"Comp 1_00012"},{"time":0.4333,"name":"Comp 1_00013"},{"time":0.4667,"name":"Comp 1_00014"},{"time":0.5,"name":"Comp 1_00015"},{"time":0.5333,"name":"Comp 1_00016"},{"time":0.5667,"name":"Comp 1_00017"},{"time":0.6,"name":"Comp 1_00018"},{"time":0.6333,"name":"Comp 1_00019"},{"time":0.6667,"name":"Comp 1_00020"},{"time":0.7,"name":"Comp 1_00021"},{"time":0.7333,"name":"Comp 1_00022"},{"time":0.7667,"name":"Comp 1_00023"},{"time":0.8,"name":"Comp 1_00024"},{"time":0.8333,"name":"Comp 1_00000"}]}},"bones":{"bone":{"translate":[{"x":-3.44,"y":-70.67}]}}}}},[0]]],0,0,[0],[-1],[23]],[[[1,"bomb","\r\nbomb.png\r\nsize: 650,650\r\nformat: RGBA8888\r\nfilter: Linear,Linear\r\nrepeat: none\r\nComp 1_00000\r\n  rotate: false\r\n  xy: 419, 528\r\n  size: 135, 120\r\n  orig: 140, 140\r\n  offset: 5, 0\r\n  index: -1\r\nComp 1_00001\r\n  rotate: true\r\n  xy: 2, 391\r\n  size: 135, 120\r\n  orig: 140, 140\r\n  offset: 5, 0\r\n  index: -1\r\nComp 1_00002\r\n  rotate: false\r\n  xy: 124, 406\r\n  size: 135, 120\r\n  orig: 140, 140\r\n  offset: 5, 0\r\n  index: -1\r\nComp 1_00003\r\n  rotate: false\r\n  xy: 261, 406\r\n  size: 135, 120\r\n  orig: 140, 140\r\n  offset: 5, 0\r\n  index: -1\r\nComp 1_00004\r\n  rotate: false\r\n  xy: 398, 406\r\n  size: 135, 120\r\n  orig: 140, 140\r\n  offset: 5, 0\r\n  index: -1\r\nComp 1_00005\r\n  rotate: true\r\n  xy: 124, 269\r\n  size: 135, 120\r\n  orig: 140, 140\r\n  offset: 5, 0\r\n  index: -1\r\nComp 1_00006\r\n  rotate: true\r\n  xy: 124, 269\r\n  size: 135, 120\r\n  orig: 140, 140\r\n  offset: 5, 0\r\n  index: -1\r\nComp 1_00007\r\n  rotate: true\r\n  xy: 2, 254\r\n  size: 135, 120\r\n  orig: 140, 140\r\n  offset: 5, 0\r\n  index: -1\r\nComp 1_00008\r\n  rotate: false\r\n  xy: 246, 284\r\n  size: 135, 120\r\n  orig: 140, 140\r\n  offset: 5, 0\r\n  index: -1\r\nComp 1_00009\r\n  rotate: false\r\n  xy: 383, 284\r\n  size: 135, 120\r\n  orig: 140, 140\r\n  offset: 5, 0\r\n  index: -1\r\nComp 1_00010\r\n  rotate: true\r\n  xy: 520, 248\r\n  size: 135, 120\r\n  orig: 140, 140\r\n  offset: 5, 0\r\n  index: -1\r\nComp 1_00011\r\n  rotate: false\r\n  xy: 246, 162\r\n  size: 135, 120\r\n  orig: 140, 140\r\n  offset: 5, 0\r\n  index: -1\r\nComp 1_00012\r\n  rotate: false\r\n  xy: 246, 162\r\n  size: 135, 120\r\n  orig: 140, 140\r\n  offset: 5, 0\r\n  index: -1\r\nComp 1_00013\r\n  rotate: true\r\n  xy: 124, 132\r\n  size: 135, 120\r\n  orig: 140, 140\r\n  offset: 5, 0\r\n  index: -1\r\nComp 1_00014\r\n  rotate: false\r\n  xy: 143, 528\r\n  size: 136, 120\r\n  orig: 140, 140\r\n  offset: 4, 0\r\n  index: -1\r\nComp 1_00015\r\n  rotate: false\r\n  xy: 2, 528\r\n  size: 139, 120\r\n  orig: 140, 140\r\n  offset: 1, 0\r\n  index: -1\r\nComp 1_00016\r\n  rotate: false\r\n  xy: 281, 528\r\n  size: 136, 120\r\n  orig: 140, 140\r\n  offset: 0, 0\r\n  index: -1\r\nComp 1_00017\r\n  rotate: true\r\n  xy: 552, 385\r\n  size: 133, 94\r\n  orig: 140, 140\r\n  offset: 0, 26\r\n  index: -1\r\nComp 1_00018\r\n  rotate: true\r\n  xy: 552, 385\r\n  size: 133, 94\r\n  orig: 140, 140\r\n  offset: 0, 26\r\n  index: -1\r\nComp 1_00019\r\n  rotate: true\r\n  xy: 2, 119\r\n  size: 133, 120\r\n  orig: 140, 140\r\n  offset: 0, 0\r\n  index: -1\r\nComp 1_00020\r\n  rotate: false\r\n  xy: 383, 162\r\n  size: 133, 120\r\n  orig: 140, 140\r\n  offset: 0, 0\r\n  index: -1\r\nComp 1_00021\r\n  rotate: false\r\n  xy: 518, 126\r\n  size: 128, 120\r\n  orig: 140, 140\r\n  offset: 5, 0\r\n  index: -1\r\nComp 1_00022\r\n  rotate: true\r\n  xy: 556, 520\r\n  size: 128, 87\r\n  orig: 140, 140\r\n  offset: 5, 33\r\n  index: -1\r\nComp 1_00023\r\n  rotate: true\r\n  xy: 246, 32\r\n  size: 128, 120\r\n  orig: 140, 140\r\n  offset: 5, 0\r\n  index: -1\r\nComp 1_00024\r\n  rotate: true\r\n  xy: 246, 32\r\n  size: 128, 120\r\n  orig: 140, 140\r\n  offset: 5, 0\r\n  index: -1\r\nComp 1_00025\r\n  rotate: true\r\n  xy: 124, 2\r\n  size: 128, 120\r\n  orig: 140, 140\r\n  offset: 5, 0\r\n  index: -1\r\nComp 1_00026\r\n  rotate: false\r\n  xy: 548, 52\r\n  size: 97, 72\r\n  orig: 140, 140\r\n  offset: 32, 32\r\n  index: -1\r\nComp 1_00027\r\n  rotate: false\r\n  xy: 368, 10\r\n  size: 97, 73\r\n  orig: 140, 140\r\n  offset: 33, 31\r\n  index: -1\r\nComp 1_00028\r\n  rotate: true\r\n  xy: 471, 25\r\n  size: 99, 75\r\n  orig: 140, 140\r\n  offset: 33, 30\r\n  index: -1\r\nComp 1_00029\r\n  rotate: false\r\n  xy: 368, 85\r\n  size: 101, 75\r\n  orig: 140, 140\r\n  offset: 32, 30\r\n  index: -1\r\neye\r\n  rotate: true\r\n  xy: 535, 486\r\n  size: 40, 15\r\n  orig: 42, 17\r\n  offset: 1, 1\r\n  index: -1\r\nmat chay\r\n  rotate: true\r\n  xy: 2, 3\r\n  size: 114, 118\r\n  orig: 124, 125\r\n  offset: 5, 3\r\n  index: -1\r\n",["bomb.png"],{"skeleton":{"hash":"OYDrUcP6ruMQaTlhV+b8WADVCn0","spine":"3.8.99","x":-112.34,"y":-103.39,"width":210,"height":210,"images":"./image/","audio":"E:/game bai/phil/anim/aniVatpham/bomb"},"bones":[{"name":"root"},{"name":"bone","parent":"root","x":-0.24,"y":-108.89},{"name":"eye","parent":"bone","length":8.09,"rotation":92.73,"x":-1.43,"y":118.85},{"name":"mat chay","parent":"bone","length":19.67,"rotation":93.37,"x":0.49,"y":96.14},{"name":"bone2","parent":"root","x":12.71,"y":-10.1,"scaleX":1.5,"scaleY":1.5}],"slots":[{"name":"mat chay","bone":"mat chay","attachment":"mat chay"},{"name":"eye","bone":"eye","attachment":"eye"},{"name":"Comp 1_00000","bone":"bone2","attachment":"Comp 1_00029","blend":"additive"}],"skins":[{"name":"default","attachments":{"Comp 1_00000":{"Comp 1_00000":{"x":-13.36,"y":7.81,"width":140,"height":140},"Comp 1_00001":{"x":-13.36,"y":7.81,"width":140,"height":140},"Comp 1_00002":{"x":-13.36,"y":7.81,"width":140,"height":140},"Comp 1_00003":{"x":-13.36,"y":7.81,"width":140,"height":140},"Comp 1_00004":{"x":-13.36,"y":7.81,"width":140,"height":140},"Comp 1_00005":{"x":-13.36,"y":7.81,"width":140,"height":140},"Comp 1_00006":{"x":-13.36,"y":7.81,"width":140,"height":140},"Comp 1_00007":{"x":-13.36,"y":7.81,"width":140,"height":140},"Comp 1_00008":{"x":-13.36,"y":7.81,"width":140,"height":140},"Comp 1_00009":{"x":-13.36,"y":7.81,"width":140,"height":140},"Comp 1_00010":{"x":-13.36,"y":7.81,"width":140,"height":140},"Comp 1_00011":{"x":-13.36,"y":7.81,"width":140,"height":140},"Comp 1_00012":{"x":-13.36,"y":7.81,"width":140,"height":140},"Comp 1_00013":{"x":-13.36,"y":7.81,"width":140,"height":140},"Comp 1_00014":{"x":-13.36,"y":7.81,"width":140,"height":140},"Comp 1_00015":{"x":-13.36,"y":7.81,"width":140,"height":140},"Comp 1_00016":{"x":-13.36,"y":7.81,"width":140,"height":140},"Comp 1_00017":{"x":-13.36,"y":7.81,"width":140,"height":140},"Comp 1_00018":{"x":-13.36,"y":7.81,"width":140,"height":140},"Comp 1_00019":{"x":-13.36,"y":7.81,"width":140,"height":140},"Comp 1_00020":{"x":-13.36,"y":7.81,"width":140,"height":140},"Comp 1_00021":{"x":-13.36,"y":7.81,"width":140,"height":140},"Comp 1_00022":{"x":-13.36,"y":7.81,"width":140,"height":140},"Comp 1_00023":{"x":-13.36,"y":7.81,"width":140,"height":140},"Comp 1_00024":{"x":-13.36,"y":7.81,"width":140,"height":140},"Comp 1_00025":{"x":-13.36,"y":7.81,"width":140,"height":140},"Comp 1_00026":{"x":-13.36,"y":7.81,"width":140,"height":140},"Comp 1_00027":{"x":-13.36,"y":7.81,"width":140,"height":140},"Comp 1_00028":{"x":-13.36,"y":7.81,"width":140,"height":140},"Comp 1_00029":{"x":-13.36,"y":7.81,"width":140,"height":140}},"eye":{"eye":{"x":0.86,"y":-0.83,"rotation":-92.73,"width":42,"height":17}},"mat chay":{"mat chay":{"x":9.66,"y":0.57,"rotation":-93.37,"width":124,"height":125}}}}],"animations":{"animation":{"slots":{"Comp 1_00000":{"attachment":[{"name":"Comp 1_00000"},{"time":0.0333,"name":"Comp 1_00001"},{"time":0.0667,"name":"Comp 1_00002"},{"time":0.1,"name":"Comp 1_00003"},{"time":0.1333,"name":"Comp 1_00004"},{"time":0.1667,"name":"Comp 1_00005"},{"time":0.2,"name":"Comp 1_00006"},{"time":0.2333,"name":"Comp 1_00007"},{"time":0.2667,"name":"Comp 1_00008"},{"time":0.3,"name":"Comp 1_00009"},{"time":0.3333,"name":"Comp 1_00010"},{"time":0.3667,"name":"Comp 1_00011"},{"time":0.4,"name":"Comp 1_00012"},{"time":0.4333,"name":"Comp 1_00013"},{"time":0.4667,"name":"Comp 1_00014"},{"time":0.5,"name":"Comp 1_00015"},{"time":0.5333,"name":"Comp 1_00016"},{"time":0.5667,"name":"Comp 1_00017"},{"time":0.6,"name":"Comp 1_00018"},{"time":0.6333,"name":"Comp 1_00019"},{"time":0.6667,"name":"Comp 1_00020"},{"time":0.7,"name":"Comp 1_00021"},{"time":0.7333,"name":"Comp 1_00022"},{"time":0.7667,"name":"Comp 1_00023"},{"time":0.8,"name":"Comp 1_00024"},{"time":0.8333,"name":"Comp 1_00025"},{"time":0.8667,"name":"Comp 1_00026"},{"time":0.9,"name":"Comp 1_00027"},{"time":0.9333,"name":"Comp 1_00028"},{"time":0.9667,"name":"Comp 1_00029"},{"time":1,"name":null}]},"eye":{"attachment":[{"name":null},{"time":1.6667,"name":"eye"}]},"mat chay":{"attachment":[{"name":null},{"time":0.3333,"name":"mat chay"}]}},"bones":{"eye":{"rotate":[{"time":1.6},{"time":1.6667,"angle":-2.16},{"time":1.7333,"curve":"stepped"},{"time":2.2},{"time":2.2667,"angle":-2.16},{"time":2.3333}],"scale":[{"time":1.6},{"time":1.6667,"x":0.085},{"time":1.7333,"curve":"stepped"},{"time":2.2},{"time":2.2667,"x":0.085},{"time":2.3333}],"shear":[{"time":3}]}}}}},[0]]],0,0,[0],[-1],[24]],[[{"name":"default-avatar","rect":[0,0,82,83],"offset":[0,0],"originalSize":[82,83],"capInsets":[0,0,0,0]}],[0],0,[0],[0],[25]],[[[1,"skeleton","\r\nskeleton.png\r\nsize: 1024,64\r\nformat: RGBA8888\r\nfilter: Linear,Linear\r\nrepeat: none\r\nComp 1_00000\r\n  rotate: false\r\n  xy: 2, 2\r\n  size: 40, 40\r\n  orig: 40, 40\r\n  offset: 0, 0\r\n  index: -1\r\nComp 1_00001\r\n  rotate: false\r\n  xy: 44, 2\r\n  size: 40, 40\r\n  orig: 40, 40\r\n  offset: 0, 0\r\n  index: -1\r\nComp 1_00002\r\n  rotate: false\r\n  xy: 86, 2\r\n  size: 40, 40\r\n  orig: 40, 40\r\n  offset: 0, 0\r\n  index: -1\r\nComp 1_00003\r\n  rotate: false\r\n  xy: 128, 2\r\n  size: 40, 40\r\n  orig: 40, 40\r\n  offset: 0, 0\r\n  index: -1\r\nComp 1_00004\r\n  rotate: false\r\n  xy: 170, 2\r\n  size: 40, 40\r\n  orig: 40, 40\r\n  offset: 0, 0\r\n  index: -1\r\nComp 1_00005\r\n  rotate: false\r\n  xy: 212, 2\r\n  size: 40, 40\r\n  orig: 40, 40\r\n  offset: 0, 0\r\n  index: -1\r\nComp 1_00006\r\n  rotate: false\r\n  xy: 254, 2\r\n  size: 40, 40\r\n  orig: 40, 40\r\n  offset: 0, 0\r\n  index: -1\r\nComp 1_00007\r\n  rotate: false\r\n  xy: 296, 2\r\n  size: 40, 40\r\n  orig: 40, 40\r\n  offset: 0, 0\r\n  index: -1\r\nComp 1_00008\r\n  rotate: false\r\n  xy: 338, 2\r\n  size: 40, 40\r\n  orig: 40, 40\r\n  offset: 0, 0\r\n  index: -1\r\nComp 1_00009\r\n  rotate: false\r\n  xy: 380, 2\r\n  size: 40, 40\r\n  orig: 40, 40\r\n  offset: 0, 0\r\n  index: -1\r\nComp 1_00010\r\n  rotate: false\r\n  xy: 422, 2\r\n  size: 40, 40\r\n  orig: 40, 40\r\n  offset: 0, 0\r\n  index: -1\r\nComp 1_00011\r\n  rotate: false\r\n  xy: 464, 2\r\n  size: 40, 40\r\n  orig: 40, 40\r\n  offset: 0, 0\r\n  index: -1\r\nComp 1_00012\r\n  rotate: false\r\n  xy: 506, 2\r\n  size: 40, 40\r\n  orig: 40, 40\r\n  offset: 0, 0\r\n  index: -1\r\nComp 1_00013\r\n  rotate: false\r\n  xy: 548, 2\r\n  size: 40, 40\r\n  orig: 40, 40\r\n  offset: 0, 0\r\n  index: -1\r\nComp 1_00014\r\n  rotate: false\r\n  xy: 590, 2\r\n  size: 40, 40\r\n  orig: 40, 40\r\n  offset: 0, 0\r\n  index: -1\r\nComp 1_00015\r\n  rotate: false\r\n  xy: 632, 2\r\n  size: 40, 40\r\n  orig: 40, 40\r\n  offset: 0, 0\r\n  index: -1\r\nComp 1_00016\r\n  rotate: false\r\n  xy: 674, 2\r\n  size: 40, 40\r\n  orig: 40, 40\r\n  offset: 0, 0\r\n  index: -1\r\nComp 1_00017\r\n  rotate: false\r\n  xy: 716, 2\r\n  size: 40, 40\r\n  orig: 40, 40\r\n  offset: 0, 0\r\n  index: -1\r\nComp 1_00018\r\n  rotate: false\r\n  xy: 758, 2\r\n  size: 40, 40\r\n  orig: 40, 40\r\n  offset: 0, 0\r\n  index: -1\r\nComp 1_00019\r\n  rotate: false\r\n  xy: 800, 2\r\n  size: 40, 40\r\n  orig: 40, 40\r\n  offset: 0, 0\r\n  index: -1\r\nComp 1_00020\r\n  rotate: false\r\n  xy: 842, 2\r\n  size: 40, 40\r\n  orig: 40, 40\r\n  offset: 0, 0\r\n  index: -1\r\nComp 1_00021\r\n  rotate: false\r\n  xy: 884, 2\r\n  size: 40, 40\r\n  orig: 40, 40\r\n  offset: 0, 0\r\n  index: -1\r\n",["skeleton.png"],{"skeleton":{"hash":"6bCWm4S35MN8rPUM3JmUiT39X9M","spine":"3.6.53","width":40,"height":40,"images":"./Comp 1/"},"bones":[{"name":"root"}],"slots":[{"name":"Comp 1_00000","bone":"root","attachment":"Comp 1_00021"}],"skins":{"default":{"Comp 1_00000":{"Comp 1_00000":{"width":40,"height":40},"Comp 1_00001":{"width":40,"height":40},"Comp 1_00002":{"width":40,"height":40},"Comp 1_00003":{"width":40,"height":40},"Comp 1_00004":{"width":40,"height":40},"Comp 1_00005":{"width":40,"height":40},"Comp 1_00006":{"width":40,"height":40},"Comp 1_00007":{"width":40,"height":40},"Comp 1_00008":{"width":40,"height":40},"Comp 1_00009":{"width":40,"height":40},"Comp 1_00010":{"width":40,"height":40},"Comp 1_00011":{"width":40,"height":40},"Comp 1_00012":{"width":40,"height":40},"Comp 1_00013":{"width":40,"height":40},"Comp 1_00014":{"width":40,"height":40},"Comp 1_00015":{"width":40,"height":40},"Comp 1_00016":{"width":40,"height":40},"Comp 1_00017":{"width":40,"height":40},"Comp 1_00018":{"width":40,"height":40},"Comp 1_00019":{"width":40,"height":40},"Comp 1_00020":{"width":40,"height":40},"Comp 1_00021":{"width":40,"height":40}}}},"animations":{"animation":{"slots":{"Comp 1_00000":{"attachment":[{"time":0,"name":"Comp 1_00000"},{"time":0.0333,"name":"Comp 1_00001"},{"time":0.0667,"name":"Comp 1_00002"},{"time":0.1,"name":"Comp 1_00003"},{"time":0.1333,"name":"Comp 1_00004"},{"time":0.1667,"name":"Comp 1_00005"},{"time":0.2,"name":"Comp 1_00006"},{"time":0.2333,"name":"Comp 1_00007"},{"time":0.2667,"name":"Comp 1_00008"},{"time":0.3,"name":"Comp 1_00009"},{"time":0.3333,"name":"Comp 1_00010"},{"time":0.3667,"name":"Comp 1_00012"},{"time":0.4,"name":"Comp 1_00013"},{"time":0.4333,"name":"Comp 1_00014"},{"time":0.4667,"name":"Comp 1_00015"},{"time":0.5,"name":"Comp 1_00016"},{"time":0.5333,"name":"Comp 1_00017"},{"time":0.5667,"name":"Comp 1_00018"},{"time":0.6,"name":"Comp 1_00019"},{"time":0.6333,"name":"Comp 1_00020"},{"time":0.6667,"name":"Comp 1_00021"}]}}}}},[0]]],0,0,[0],[-1],[26]],[[{"name":"back","rect":[0,0,32,32],"offset":[0,0],"originalSize":[32,32],"capInsets":[0,0,0,0]}],[0],0,[0],[0],[27]],[[[1,"anim_toast_player","\r\nanim_toast_player.png\r\nsize: 347,229\r\nformat: RGBA8888\r\nfilter: Linear,Linear\r\nrepeat: none\r\nbox_green\r\n  rotate: false\r\n  xy: 120, 2\r\n  size: 116, 58\r\n  orig: 116, 58\r\n  offset: 0, 0\r\n  index: -1\r\nbox_red\r\n  rotate: false\r\n  xy: 2, 2\r\n  size: 116, 58\r\n  orig: 116, 58\r\n  offset: 0, 0\r\n  index: -1\r\neff_dust\r\n  rotate: true\r\n  xy: 279, 138\r\n  size: 89, 66\r\n  orig: 89, 66\r\n  offset: 0, 0\r\n  index: -1\r\nflare_back\r\n  rotate: false\r\n  xy: 2, 62\r\n  size: 173, 165\r\n  orig: 173, 165\r\n  offset: 0, 0\r\n  index: -1\r\nframe_light\r\n  rotate: false\r\n  xy: 177, 67\r\n  size: 116, 58\r\n  orig: 116, 58\r\n  offset: 0, 0\r\n  index: -1\r\nglow_yellow\r\n  rotate: false\r\n  xy: 177, 127\r\n  size: 100, 100\r\n  orig: 100, 100\r\n  offset: 0, 0\r\n  index: -1\r\nshadow_greent\r\n  rotate: false\r\n  xy: 238, 11\r\n  size: 76, 47\r\n  orig: 76, 47\r\n  offset: 0, 0\r\n  index: -1\r\nshadow_light\r\n  rotate: true\r\n  xy: 295, 60\r\n  size: 76, 47\r\n  orig: 76, 47\r\n  offset: 0, 0\r\n  index: -1\r\n",["anim_toast_player.png"],{"skins":{"default":{"frame_light":{"frame_light":{"width":116,"height":58}},"mask_frame_light":{"mask_frame_light":{"end":"frame_light","type":"clipping","vertexCount":8,"vertices":[-7.08,37.81,-11.77,-90.83,-9.4,-90.5,-5.53,35.76,-3.91,35.58,-8.22,-90.25,-1.38,-89.65,2.79,37.35]}}},"win":{"eff_dust2":{"dust2":{"scaleX":0.815,"scaleY":0.815,"rotation":-162.17,"name":"eff_dust","width":89,"height":66}},"glow_yellow":{"glow":{"name":"glow_yellow","width":100,"height":100}},"flare_back":{"flare":{"name":"flare_back","width":173,"height":165}},"eff_dust":{"dust1":{"name":"eff_dust","width":89,"height":66}},"box_red":{"box_green":{"name":"box_red","width":116,"height":58}},"flare_back2":{"flare2":{"name":"flare_back","width":173,"height":165}},"shadow_light":{"shadow_greent":{"scaleX":2,"scaleY":2,"name":"shadow_light","width":76,"height":47}}},"return":{"flare_back":{"flare":{"name":"flare_back","width":173,"height":165}},"box_red":{"box_green":{"width":116,"height":58}},"flare_back2":{"flare2":{"name":"flare_back","width":173,"height":165}},"shadow_light":{"shadow_greent":{"scaleX":2,"scaleY":2,"width":76,"height":47}}}},"skeleton":{"width":173,"spine":"3.7.94","hash":"IB9HYfbX9Sloo7Jur75EkBm5WR4","height":165},"slots":[{"attachment":"shadow_greent","blend":"additive","name":"shadow_light","bone":"shadow_light"},{"attachment":"flare2","name":"flare_back2","bone":"flare_back2"},{"attachment":"flare","name":"flare_back","bone":"flare_back"},{"color":"fff993ff","attachment":"dust1","blend":"additive","name":"eff_dust","bone":"eff_dust"},{"color":"fff993ff","attachment":"dust2","blend":"additive","name":"eff_dust2","bone":"eff_dust"},{"attachment":"glow","blend":"additive","name":"glow_yellow","bone":"glow_yellow"},{"attachment":"box_green","name":"box_red","bone":"box_red"},{"attachment":"mask_frame_light","name":"mask_frame_light","bone":"mask"},{"attachment":"frame_light","blend":"additive","name":"frame_light","bone":"box_red"}],"bones":[{"name":"root"},{"parent":"root","name":"box_red"},{"parent":"box_red","name":"shadow_light"},{"parent":"root","rotation":26.94,"name":"mask","x":-88.59,"y":-19.74},{"parent":"root","name":"eff_dust"},{"parent":"root","name":"flare_back"},{"parent":"root","name":"flare_back2"},{"parent":"root","name":"glow_yellow"}],"animations":{"appear":{"slots":{"eff_dust2":{"color":[{"color":"fff89300","time":0.1333,"curve":[0.25,0,0.75,1]},{"color":"fff893ff","curve":"stepped","time":0.2333},{"color":"fff893ff","time":0.4,"curve":[0.25,0,0.75,1]},{"color":"fff89300","time":0.5}]},"frame_light":{"color":[{"color":"ffffff00","time":0,"curve":[0.25,0,0.75,1]},{"color":"ffffffff","curve":"stepped","time":0.1667},{"color":"ffffffff","time":0.3333,"curve":[0.25,0,0.75,1]},{"color":"ffffff00","time":0.7333}]},"glow_yellow":{"color":[{"color":"ffffffd5","curve":"stepped","time":0},{"color":"ffffffd5","time":0.1667},{"color":"ffffff00","time":0.7333}]},"eff_dust":{"color":[{"color":"fff89300","time":0.1333,"curve":[0.25,0,0.75,1]},{"color":"fff893ff","curve":"stepped","time":0.2333},{"color":"fff893ff","time":0.4,"curve":[0.25,0,0.75,1]},{"color":"fff89300","time":0.5}]},"mask_frame_light":{"attachment":[{"name":null,"time":0},{"name":"mask_frame_light","time":0.7333}]}},"bones":{"glow_yellow":{"scale":[{"x":0,"y":0,"time":0},{"x":1.871,"y":1.871,"time":0.4333}]},"flare_back":{"rotate":[{"angle":19.37,"time":0},{"angle":84.87,"time":0.1667},{"angle":0,"time":0.7333}],"scale":[{"curve":"stepped","x":0,"y":0,"time":0},{"x":0,"y":0,"time":0.1667,"curve":[0.25,0,0.75,1]},{"x":1.246,"y":1.246,"time":0.4,"curve":[0.25,0,0.75,1]},{"curve":"stepped","x":0.7,"y":0.7,"time":0.4667},{"x":0.7,"y":0.7,"time":0.7333}]},"eff_dust":{"scale":[{"x":0,"y":0,"time":0},{"x":1,"y":0,"time":0.1333,"curve":[0.242,0,0.667,0.67]},{"x":2.13,"y":2.13,"time":0.5}]},"box_red":{"scale":[{"x":0,"y":0,"time":0,"curve":[0.144,0.43,0.75,0.95]},{"x":1.911,"y":1.911,"time":0.1667,"curve":[0.508,0.18,0.796,0.47]},{"x":0.779,"y":0.779,"time":0.2667,"curve":[0.25,0,0.75,1]},{"x":1,"y":1,"time":0.3333}]},"flare_back2":{"scale":[{"curve":"stepped","x":0,"y":0,"time":0},{"x":0,"y":0,"time":0.1667,"curve":[0.25,0,0.75,1]},{"x":1.272,"y":1.272,"time":0.4,"curve":[0.25,0,0.75,1]},{"x":0.8,"y":0.8,"time":0.7333}]},"shadow_light":{"scale":[{"x":1,"y":1,"time":0,"curve":[0.25,0,0.75,1]},{"x":1.108,"y":1.182,"time":0.1667,"curve":[0.25,0,0.75,1]},{"x":0.912,"y":0.973,"time":0.2667,"curve":[0.25,0,0.75,1]},{"x":0.893,"y":0.848,"time":0.3333},{"x":1,"y":1,"time":0.7333}]},"mask":{"translate":[{"x":0,"y":0,"time":0.7333}]}}},"idle":{"slots":{"glow_yellow":{"color":[{"color":"ffffff00","time":0,"curve":[0.25,0,0.75,1]},{"color":"ffffff45","time":1.6667,"curve":[0.25,0,0.75,1]},{"color":"ffffff00","time":3.3333,"curve":[0.25,0,0.75,1]},{"color":"ffffff45","time":5,"curve":[0.25,0,0.75,1]},{"color":"ffffff00","time":6.6667}]},"mask_frame_light":{"attachment":[{"name":"mask_frame_light","time":0}]}},"bones":{"glow_yellow":{"scale":[{"x":1,"y":1,"time":0,"curve":[0.25,0,0.75,1]},{"x":1.085,"y":1.085,"time":1.6667,"curve":[0.25,0,0.75,1]},{"x":1,"y":1,"time":3.3333,"curve":[0.25,0,0.75,1]},{"x":1.085,"y":1.085,"time":5,"curve":[0.25,0,0.75,1]},{"x":1,"y":1,"time":6.6667}]},"flare_back":{"rotate":[{"angle":0,"time":0},{"angle":-120,"time":2.2333},{"angle":120,"time":4.4333},{"angle":0,"time":6.6667}],"scale":[{"x":0.7,"y":0.7,"time":0}]},"box_red":{"scale":[{"x":1,"y":1,"time":0}]},"flare_back2":{"scale":[{"x":0.8,"y":0.8,"time":0,"curve":[0.25,0,0.75,1]},{"x":1.142,"y":0.788,"time":1.6667,"curve":[0.25,0,0.75,1]},{"x":0.8,"y":0.8,"time":3.3333},{"x":1.142,"y":0.788,"time":5,"curve":[0.25,0,0.75,1]},{"x":0.8,"y":0.8,"time":6.6667}]},"shadow_light":{"scale":[{"x":1,"y":1,"time":0},{"x":0.898,"y":0.898,"time":1.5667},{"x":1,"y":1,"time":3.1333},{"x":0.898,"y":0.898,"time":5.1},{"x":1,"y":1,"time":6.6667}]},"mask":{"translate":[{"x":0,"y":0,"time":0},{"x":155.25,"y":78.91,"time":2}]}}}}},[0]]],0,0,[0],[-1],[28]],[[{"name":"time_ava","rect":[0,0,132,132],"offset":[0,0],"originalSize":[132,132],"capInsets":[0,0,0,0]}],[0],0,[0],[0],[29]],[[{"name":"rose","rect":[0,0,83,83],"offset":[0,0],"originalSize":[83,83],"capInsets":[0,0,0,0]}],[0],0,[0],[0],[30]],[[{"name":"kiss","rect":[0,0,74,63],"offset":[0,0],"originalSize":[74,63],"capInsets":[0,0,0,0]}],[0],0,[0],[0],[31]],[[{"name":"beer","rect":[0,0,83,84],"offset":[0,0],"originalSize":[83,84],"capInsets":[0,0,0,0]}],[0],0,[0],[0],[32]],[[{"name":"bgName","rect":[0,0,139,101],"offset":[0,0],"originalSize":[139,101],"capInsets":[0,0,0,0]}],[0],0,[0],[0],[33]],[[[1,"beer","\r\nbeer.png\r\nsize: 268,268\r\nformat: RGBA8888\r\nfilter: Linear,Linear\r\nrepeat: none\r\nbong nuoc\r\n  rotate: false\r\n  xy: 157, 223\r\n  size: 7, 7\r\n  orig: 9, 9\r\n  offset: 1, 1\r\n  index: -1\r\nbong nuoc copy\r\n  rotate: false\r\n  xy: 166, 223\r\n  size: 7, 7\r\n  orig: 9, 9\r\n  offset: 1, 1\r\n  index: -1\r\nbong nuoc2\r\n  rotate: false\r\n  xy: 135, 221\r\n  size: 9, 9\r\n  orig: 11, 11\r\n  offset: 1, 1\r\n  index: -1\r\nbong nuoc2 copy\r\n  rotate: false\r\n  xy: 146, 221\r\n  size: 9, 9\r\n  orig: 11, 11\r\n  offset: 1, 1\r\n  index: -1\r\nbong nuoc3\r\n  rotate: false\r\n  xy: 175, 224\r\n  size: 6, 6\r\n  orig: 8, 8\r\n  offset: 1, 1\r\n  index: -1\r\nbong nuoc3 copy\r\n  rotate: false\r\n  xy: 183, 224\r\n  size: 6, 6\r\n  orig: 8, 8\r\n  offset: 1, 1\r\n  index: -1\r\nbong nuoc4\r\n  rotate: true\r\n  xy: 198, 227\r\n  size: 3, 4\r\n  orig: 5, 6\r\n  offset: 1, 1\r\n  index: -1\r\nbong nuoc4 copy\r\n  rotate: true\r\n  xy: 204, 227\r\n  size: 3, 4\r\n  orig: 5, 6\r\n  offset: 1, 1\r\n  index: -1\r\nbot phong\r\n  rotate: false\r\n  xy: 221, 250\r\n  size: 37, 16\r\n  orig: 37, 17\r\n  offset: 0, 0\r\n  index: -1\r\nbot phong copy\r\n  rotate: false\r\n  xy: 221, 232\r\n  size: 37, 16\r\n  orig: 38, 16\r\n  offset: 0, 0\r\n  index: -1\r\nbot roi\r\n  rotate: false\r\n  xy: 260, 257\r\n  size: 6, 9\r\n  orig: 6, 9\r\n  offset: 0, 0\r\n  index: -1\r\nhat bot\r\n  rotate: false\r\n  xy: 260, 257\r\n  size: 6, 9\r\n  orig: 6, 9\r\n  offset: 0, 0\r\n  index: -1\r\nbot roi copy\r\n  rotate: true\r\n  xy: 191, 227\r\n  size: 3, 5\r\n  orig: 5, 7\r\n  offset: 1, 1\r\n  index: -1\r\ncoc\r\n  rotate: false\r\n  xy: 2, 204\r\n  size: 65, 62\r\n  orig: 65, 63\r\n  offset: 0, 1\r\n  index: -1\r\ncoc copy\r\n  rotate: false\r\n  xy: 69, 204\r\n  size: 64, 62\r\n  orig: 64, 62\r\n  offset: 0, 0\r\n  index: -1\r\nhat bot copy\r\n  rotate: true\r\n  xy: 210, 227\r\n  size: 3, 4\r\n  orig: 5, 6\r\n  offset: 1, 1\r\n  index: -1\r\nhat bot2\r\n  rotate: false\r\n  xy: 260, 243\r\n  size: 4, 12\r\n  orig: 5, 12\r\n  offset: 1, 0\r\n  index: -1\r\nhat bot2 copy\r\n  rotate: false\r\n  xy: 260, 229\r\n  size: 4, 12\r\n  orig: 4, 12\r\n  offset: 0, 0\r\n  index: -1\r\ntoe bot\r\n  rotate: true\r\n  xy: 135, 232\r\n  size: 34, 41\r\n  orig: 37, 44\r\n  offset: 1, 2\r\n  index: -1\r\ntoe bot copy\r\n  rotate: true\r\n  xy: 178, 232\r\n  size: 34, 41\r\n  orig: 37, 44\r\n  offset: 2, 2\r\n  index: -1\r\n",["beer.png"],{"skeleton":{"hash":"UWgnZijv900MrkGygnKlnsH/tB4","spine":"3.8.99","x":-65.47,"y":0.15,"width":129.5,"height":102.5,"images":"./image/","audio":"E:/game bai/phil/anim/aniVatpham/beer"},"bones":[{"name":"root"},{"name":"bone","parent":"root","x":-0.26,"y":-26.29},{"name":"bong nuoc","parent":"bone","length":7.76,"rotation":84.47,"x":-44.81,"y":98.26},{"name":"bong nuoc2","parent":"bone","length":7.97,"rotation":91.79,"x":-33.86,"y":119.18},{"name":"bong nuoc3","parent":"bone","length":6.22,"rotation":90,"x":-34.6,"y":101},{"name":"bong nuoc4","parent":"bone","length":6,"rotation":85.24,"x":-43.32,"y":111.71},{"name":"bong nuoc copy","parent":"bone","length":5.75,"rotation":85.03,"x":43.58,"y":98.51},{"name":"bong nuoc2 copy","parent":"bone","length":6.52,"rotation":83.42,"x":33.87,"y":119.67},{"name":"bong nuoc3 copy","parent":"bone","length":5.5,"rotation":95.19,"x":33.62,"y":101.25},{"name":"bong nuoc4 copy","parent":"bone","length":4.76,"rotation":96.01,"x":42.09,"y":111.71},{"name":"bot phong","parent":"bone","length":9.96,"rotation":91.43,"x":-26.64,"y":88.3},{"name":"bot phong copy","parent":"bone","length":9.22,"rotation":88.45,"x":26.4,"y":86.81},{"name":"bot roi","parent":"bone","length":4.02,"rotation":90,"x":-39.38,"y":76.51},{"name":"bot roi copy","parent":"bone","length":3.86,"rotation":90,"x":38.7,"y":76.18},{"name":"coc","parent":"bone","length":18.67,"rotation":90,"x":-23.9,"y":52.44},{"name":"coc copy","parent":"bone","length":19.17,"rotation":90.74,"x":23.66,"y":53.44},{"name":"hat bot","parent":"bone","length":5.19,"rotation":97.12,"x":-30.85,"y":74.41,"scaleX":0.6,"scaleY":0.6},{"name":"hat bot2","parent":"bone","length":6.72,"rotation":90,"x":-36.35,"y":35.76},{"name":"hat bot copy","parent":"bone","length":4.99,"rotation":90,"x":30.98,"y":74.57},{"name":"hat bot2 copy","parent":"bone","length":5.48,"rotation":90,"x":35.61,"y":36.26},{"name":"toe bot","parent":"bone","length":13.7,"rotation":91.04,"x":-13.94,"y":101.5},{"name":"toe bot copy","parent":"bone","length":13.22,"rotation":86.76,"x":11.71,"y":100.75}],"slots":[{"name":"coc","bone":"coc","attachment":"coc"},{"name":"hat bot2","bone":"hat bot2","attachment":"hat bot2"},{"name":"hat bot","bone":"hat bot","attachment":"hat bot"},{"name":"bot phong","bone":"bot phong","attachment":"bot phong"},{"name":"bot roi","bone":"bot roi","attachment":"bot roi"},{"name":"toe bot","bone":"toe bot","attachment":"toe bot"},{"name":"bong nuoc","bone":"bong nuoc","attachment":"bong nuoc","blend":"additive"},{"name":"bong nuoc2","bone":"bong nuoc2","attachment":"bong nuoc2","blend":"additive"},{"name":"bong nuoc3","bone":"bong nuoc3","attachment":"bong nuoc3","blend":"additive"},{"name":"bong nuoc4","bone":"bong nuoc4","attachment":"bong nuoc4","blend":"additive"},{"name":"coc copy","bone":"coc copy","attachment":"coc copy"},{"name":"hat bot2 copy","bone":"hat bot2 copy","attachment":"hat bot2 copy"},{"name":"hat bot copy","bone":"hat bot copy","attachment":"hat bot copy"},{"name":"bot phong copy","bone":"bot phong copy","attachment":"bot phong copy"},{"name":"bot roi copy","bone":"bot roi copy","attachment":"bot roi copy"},{"name":"toe bot copy","bone":"toe bot copy","attachment":"toe bot copy"},{"name":"bong nuoc copy","bone":"bong nuoc copy","attachment":"bong nuoc copy","blend":"additive"},{"name":"bong nuoc2 copy","bone":"bong nuoc2 copy","attachment":"bong nuoc2 copy","blend":"additive"},{"name":"bong nuoc3 copy","bone":"bong nuoc3 copy","attachment":"bong nuoc3 copy","blend":"additive"},{"name":"bong nuoc4 copy","bone":"bong nuoc4 copy","attachment":"bong nuoc4 copy","blend":"additive"}],"skins":[{"name":"default","attachments":{"bong nuoc":{"bong nuoc":{"x":0.14,"y":0.41,"rotation":-84.47,"width":9,"height":9}},"bong nuoc2":{"bong nuoc2":{"x":1.28,"y":0.31,"rotation":-91.79,"width":11,"height":11}},"bong nuoc2 copy":{"bong nuoc2 copy":{"x":0.75,"y":0.17,"rotation":-83.42,"width":11,"height":11}},"bong nuoc3":{"bong nuoc3":{"x":0.94,"y":-0.89,"rotation":-90,"width":8,"height":8}},"bong nuoc3 copy":{"bong nuoc3 copy":{"x":0.72,"y":0.27,"rotation":-95.19,"width":8,"height":8}},"bong nuoc4":{"bong nuoc4":{"x":0.25,"y":-0.09,"rotation":-85.24,"width":5,"height":6}},"bong nuoc4 copy":{"bong nuoc4 copy":{"x":0.16,"y":-0.72,"rotation":-96.01,"width":5,"height":6}},"bong nuoc copy":{"bong nuoc copy":{"x":0.04,"y":-1.21,"rotation":-85.03,"width":9,"height":9}},"bot phong":{"bot phong":{"x":-1.88,"y":-0.88,"rotation":-91.43,"width":37,"height":17}},"bot phong copy":{"bot phong copy":{"x":-0.39,"y":1.1,"rotation":-88.45,"width":38,"height":16}},"bot roi":{"bot roi":{"x":-0.06,"y":-0.17,"scaleX":0.7,"scaleY":0.7,"rotation":-90,"width":6,"height":9}},"bot roi copy":{"bot roi copy":{"x":0.26,"y":-0.09,"rotation":-90,"width":5,"height":7}},"coc":{"coc":{"x":5.5,"y":8.81,"rotation":-90,"width":65,"height":63}},"coc copy":{"coc copy":{"x":4.39,"y":-8.69,"rotation":-90.74,"width":64,"height":62}},"hat bot":{"hat bot":{"x":0.57,"y":0.29,"rotation":-97.12,"width":6,"height":9}},"hat bot2":{"hat bot2":{"x":2.18,"y":0.36,"rotation":-90,"width":5,"height":12}},"hat bot2 copy":{"hat bot2 copy":{"x":1.68,"y":-0.68,"rotation":-90,"width":4,"height":12}},"hat bot copy":{"hat bot copy":{"x":0.37,"y":0.18,"rotation":-90,"width":5,"height":6}},"toe bot":{"toe bot":{"x":5.61,"y":9.17,"rotation":-91.04,"width":37,"height":44}},"toe bot copy":{"toe bot copy":{"x":6.81,"y":-10.71,"rotation":-86.76,"width":37,"height":44}}}}],"animations":{"animation":{"slots":{"bong nuoc":{"color":[{"time":1.1667,"color":"ffffffff"},{"time":1.5,"color":"ffffff00"}],"attachment":[{"name":null},{"time":0.8333,"name":"bong nuoc"}]},"bong nuoc2":{"color":[{"time":1.1667,"color":"ffffffff"},{"time":1.5,"color":"ffffff00"}],"attachment":[{"name":null},{"time":0.8333,"name":"bong nuoc2"}]},"bong nuoc2 copy":{"color":[{"time":1.1667,"color":"ffffffff"},{"time":1.5,"color":"ffffff00"}],"attachment":[{"name":null},{"time":0.8333,"name":"bong nuoc2 copy"}]},"bong nuoc3":{"color":[{"time":1.1667,"color":"ffffffff"},{"time":1.5,"color":"ffffff00"}],"attachment":[{"name":null},{"time":0.8333,"name":"bong nuoc3"}]},"bong nuoc3 copy":{"color":[{"time":1.1667,"color":"ffffffff"},{"time":1.5,"color":"ffffff00"}],"attachment":[{"name":null},{"time":0.8333,"name":"bong nuoc3 copy"}]},"bong nuoc4":{"color":[{"time":1.1667,"color":"ffffffff"},{"time":1.5,"color":"ffffff00"}],"attachment":[{"name":null},{"time":0.8333,"name":"bong nuoc4"}]},"bong nuoc4 copy":{"color":[{"time":1.1667,"color":"ffffffff"},{"time":1.5,"color":"ffffff00"}],"attachment":[{"name":null},{"time":0.8333,"name":"bong nuoc4 copy"}]},"bong nuoc copy":{"color":[{"time":1.1667,"color":"ffffffff"},{"time":1.5,"color":"ffffff00"}],"attachment":[{"name":null},{"time":0.8333,"name":"bong nuoc copy"}]},"bot phong":{"color":[{"time":1.6667,"color":"ffffffff"},{"time":2,"color":"ffffff00"}]},"bot phong copy":{"color":[{"time":1.6667,"color":"ffffffff"},{"time":2,"color":"ffffff00"}]},"bot roi":{"color":[{"time":1.6667,"color":"ffffffff"},{"time":2,"color":"ffffff00"}],"attachment":[{"name":null},{"time":0.8333,"name":"bot roi"}]},"bot roi copy":{"color":[{"time":1.6667,"color":"ffffffff"},{"time":2,"color":"ffffff00"}],"attachment":[{"name":null},{"time":0.8333,"name":"bot roi copy"}]},"coc":{"color":[{"time":1.6667,"color":"ffffffff"},{"time":2,"color":"ffffff00"}]},"coc copy":{"color":[{"time":1.6667,"color":"ffffffff"},{"time":2,"color":"ffffff00"}]},"hat bot":{"color":[{"time":1.6667,"color":"ffffffff"},{"time":2,"color":"ffffff00"}],"attachment":[{"name":null},{"time":0.8333,"name":"hat bot"}]},"hat bot2":{"attachment":[{"name":null}]},"hat bot2 copy":{"attachment":[{"name":null}]},"hat bot copy":{"color":[{"time":1.6667,"color":"ffffffff"},{"time":2,"color":"ffffff00"}],"attachment":[{"name":null},{"time":0.8333,"name":"hat bot copy"}]},"toe bot":{"color":[{"time":0.5,"color":"ffffff93"},{"time":0.6667,"color":"ffffff00"}],"attachment":[{"name":null},{"time":0.3333,"name":"toe bot"},{"time":0.8333,"name":null}]},"toe bot copy":{"color":[{"time":0.5,"color":"ffffff87"},{"time":0.6667,"color":"ffffff00"}],"attachment":[{"name":null},{"time":0.3333,"name":"toe bot copy"},{"time":0.8333,"name":null}]}},"bones":{"bong nuoc":{"translate":[{"x":-2.68},{"time":0.8333,"x":-0.78,"y":-2.45},{"time":1.1667,"x":3.57,"y":7.34},{"time":1.5,"x":-2.68,"y":23.94}]},"bong nuoc2":{"translate":[{"x":-2.68},{"time":0.8333,"x":18.8,"y":-21.76},{"time":1.1667,"x":17.72,"y":-16.32},{"time":1.5,"x":25.06,"y":-6.53}]},"bong nuoc3":{"translate":[{"x":-2.68},{"time":0.8333,"x":8.47,"y":-3.81},{"time":1.1667,"x":6.84,"y":10.06},{"time":1.5,"x":8.2,"y":26.66}]},"bong nuoc4":{"translate":[{"x":-2.68},{"time":0.8333,"x":6.56,"y":-17.41},{"time":1.1667,"x":5.75,"y":-15.23},{"time":1.5,"x":6.84,"y":4.9}]},"bong nuoc copy":{"translate":[{"x":3.72},{"time":0.8333,"x":2.09,"y":-1.63},{"time":1.1667,"x":-1.17,"y":2.18},{"time":1.5,"x":-4.71,"y":14.96}]},"bong nuoc2 copy":{"translate":[{"x":3.72},{"time":0.8333,"x":-12.87,"y":-19.86},{"time":1.1667,"x":-13.96,"y":-1.63},{"time":1.5,"x":-15.32,"y":25.57}]},"bong nuoc3 copy":{"translate":[{"x":3.72},{"time":0.8333,"x":-21.57,"y":-2.99},{"time":1.1667,"x":-15.59,"y":2.72},{"time":1.5,"x":-7.97,"y":16.86}]},"bong nuoc4 copy":{"translate":[{"x":3.72},{"time":0.8333,"x":-15.59,"y":-19.04},{"time":1.1667,"x":-13.14,"y":-7.34},{"time":1.5,"x":-10.15,"y":17.68}]},"bot phong":{"rotate":[{},{"time":0.1667,"angle":-10.08},{"time":0.3333,"angle":13.24},{"time":0.5,"angle":15.29},{"time":0.5667,"angle":5.44},{"time":0.6667,"angle":-10.08},{"time":0.8333}],"translate":[{"x":-2.68},{"time":0.1667,"x":-5.85,"y":-6.62},{"time":0.3333,"x":5.81,"y":10.42},{"time":0.5,"x":-12.13,"y":2.1},{"time":0.5667,"x":-9.79,"y":1.58},{"time":0.6667,"x":-5.33,"y":-4.02},{"time":0.8333,"x":-2.68}],"scale":[{},{"time":0.3333,"x":1.108,"y":0.921},{"time":0.5,"x":0.721,"y":0.882},{"time":0.8333}]},"bot phong copy":{"rotate":[{},{"time":0.1667,"angle":18.73},{"time":0.3333,"angle":-12.68},{"time":0.5,"angle":-16.91},{"time":0.5667,"angle":-4.42},{"time":0.6667,"angle":18.73},{"time":0.8333}],"translate":[{"x":3.72},{"time":0.1667,"x":0.84,"y":-5.52},{"time":0.3333,"x":-4.96,"y":9.84},{"time":0.5,"x":12.2,"y":2.3},{"time":0.5667,"x":7.52,"y":2.3},{"time":0.6667,"x":-0.2,"y":-3.7},{"time":0.8333,"x":3.72}],"scale":[{},{"time":0.3333,"x":1.118,"y":0.893},{"time":0.5,"x":0.829,"y":0.893},{"time":0.8333}]},"bot roi":{"rotate":[{},{"time":0.1667,"angle":-2.76},{"time":0.3333},{"time":0.5,"angle":14.78},{"time":0.6333,"angle":-2.76},{"time":0.8333}],"translate":[{"x":-2.68},{"time":0.1667,"x":-7.19,"y":-4.9},{"time":0.3333,"x":5.81,"y":10.42},{"time":0.5,"x":1.39,"y":9.38},{"time":0.6333,"x":-7.19,"y":-4.9},{"time":0.8333,"x":-2.68},{"time":1.1667,"x":-2.5,"y":-5.89},{"time":1.6667,"x":-2.5,"y":-29.07}],"scale":[{"time":0.8333},{"time":1.1667,"x":3.957}]},"bot roi copy":{"rotate":[{},{"time":0.1667,"angle":15.23},{"time":0.3333},{"time":0.5,"angle":-16.91},{"time":0.6667,"angle":15.23},{"time":0.8333}],"translate":[{"x":3.72},{"time":0.1667,"x":3.24,"y":-1.2},{"time":0.3333,"x":-4.96,"y":9.84},{"time":0.5,"x":-0.28,"y":8.8},{"time":0.6667,"x":3.24,"y":-1.2},{"time":0.8333,"x":3.72,"y":0.23},{"time":1.1667,"x":3.04,"y":-6.81},{"time":1.6667,"x":3.27,"y":-26.56}],"scale":[{"time":0.8333},{"time":1.1667,"x":3.47},{"time":1.6667}]},"coc":{"rotate":[{"curve":0.25,"c3":0.75},{"time":0.1667,"angle":-10.08,"curve":0.25,"c3":0.75},{"time":0.3333,"curve":0.25,"c3":0.75},{"time":0.5,"angle":14.78,"curve":0.25,"c3":0.75},{"time":0.6667,"angle":-10.08,"curve":0.25,"c3":0.75},{"time":0.8333}],"translate":[{"x":-2.68,"curve":0.25,"c3":0.75},{"time":0.1667,"x":-12.48,"y":-6.62,"curve":0.25,"c3":0.75},{"time":0.3333,"x":5.81,"y":10.42,"curve":0.25,"c3":0.75},{"time":0.6667,"x":-12.48,"y":-6.62,"curve":0.25,"c3":0.75},{"time":0.8333,"x":-2.68}]},"coc copy":{"rotate":[{"curve":0.25,"c3":0.75},{"time":0.1667,"angle":15.23,"curve":0.25,"c3":0.75},{"time":0.3333,"curve":0.25,"c3":0.75},{"time":0.5,"angle":-16.91,"curve":0.25,"c3":0.75},{"time":0.6667,"angle":15.23,"curve":0.25,"c3":0.75},{"time":0.8333}],"translate":[{"x":3.72,"curve":0.25,"c3":0.75},{"time":0.1667,"x":9.72,"y":-5.52,"curve":0.25,"c3":0.75},{"time":0.3333,"x":-4.96,"y":9.84,"curve":0.25,"c3":0.75},{"time":0.6667,"x":9.72,"y":-5.52,"curve":0.25,"c3":0.75},{"time":0.8333,"x":3.72}]},"hat bot":{"rotate":[{},{"time":0.1667,"angle":-11.15},{"time":0.3333},{"time":0.5,"angle":14.78},{"time":0.6667,"angle":-11.15},{"time":0.8333}],"translate":[{"x":-2.68},{"time":0.1667,"x":-8.56,"y":-6.27},{"time":0.3333,"x":5.81,"y":10.42},{"time":0.5,"x":0.35,"y":13.02},{"time":0.6667,"x":-8.56,"y":-6.27},{"time":0.8333,"x":-2.68,"y":6.58},{"time":1.1667,"x":-2.46,"y":-14.07},{"time":1.6667,"x":-1.32,"y":-41.77}]},"hat bot2":{"rotate":[{},{"time":0.1667,"angle":-13.48},{"time":0.3333},{"time":0.5,"angle":14.78},{"time":0.6667,"angle":-13.48},{"time":0.8333}],"translate":[{"x":-2.68},{"time":0.1667,"x":-15.42,"y":-5.29},{"time":0.3333,"x":5.81,"y":10.42},{"time":0.5,"x":9.97,"y":8.6},{"time":0.6667,"x":-15.42,"y":-5.29},{"time":0.8333,"x":-2.68}]},"hat bot copy":{"rotate":[{},{"time":0.1667,"angle":15.23},{"time":0.3333},{"time":0.5,"angle":-16.91},{"time":0.6667,"angle":15.23},{"time":0.8333}],"translate":[{"x":3.72},{"time":0.1667,"x":4.68,"y":-4.32},{"time":0.3333,"x":-4.96,"y":9.84},{"time":0.5,"x":0.5,"y":11.14},{"time":0.6667,"x":4.68,"y":-4.32},{"time":0.8333,"x":-17.61,"y":15.89},{"time":1.1667,"x":-16.25,"y":-16.12},{"time":1.6667,"x":-16.02,"y":-43.13}]},"hat bot2 copy":{"rotate":[{},{"time":0.1667,"angle":15.23},{"time":0.3333},{"time":0.5,"angle":-16.91},{"time":0.6667,"angle":15.23},{"time":0.8333}],"translate":[{"x":3.72},{"time":0.1667,"x":9.72,"y":-5.52},{"time":0.3333,"x":-4.96,"y":9.84},{"time":0.5,"x":-10.16,"y":5.94},{"time":0.6667,"x":9.72,"y":-5.52},{"time":0.8333,"x":3.72}]},"toe bot":{"rotate":[{},{"time":0.3333,"angle":4.15},{"time":0.5,"angle":46.36},{"time":0.6667,"angle":79.5}],"translate":[{"x":-2.68},{"time":0.3333,"x":6.05,"y":9.15},{"time":0.5,"x":-22.29,"y":10.33},{"time":0.6667,"x":-43.52,"y":12.37}],"scale":[{},{"time":0.3333,"x":0.655,"y":0.766},{"time":0.5,"x":0.876,"y":1.198},{"time":0.6667,"x":0.975,"y":1.285}]},"toe bot copy":{"rotate":[{},{"time":0.3333,"angle":-10.65},{"time":0.5,"angle":-51.74},{"time":0.6667,"angle":-75.3}],"translate":[{"x":3.72},{"time":0.3333,"x":-2.32,"y":9.59},{"time":0.5,"x":23.66,"y":11.52},{"time":0.6667,"x":45.23,"y":13.79}],"scale":[{},{"time":0.3333,"x":0.663,"y":0.732},{"time":0.5,"x":0.946,"y":1.001}]},"bone":{"translate":[{"y":-29.81}]}}}}},[0]]],0,0,[0],[-1],[34]],[[{"name":"water","rect":[0,0,75,75],"offset":[0,0],"originalSize":[75,75],"capInsets":[0,0,0,0]}],[0],0,[0],[0],[35]],[[{"name":"bomb","rect":[0,0,83,92],"offset":[0,0],"originalSize":[83,92],"capInsets":[0,0,0,0]}],[0],0,[0],[0],[36]],[[[1,"kiss","\r\nkiss.png\r\nsize: 101,101\r\nformat: RGBA8888\r\nfilter: Linear,Linear\r\nrepeat: none\r\n1\r\n  rotate: false\r\n  xy: 2, 48\r\n  size: 60, 51\r\n  orig: 60, 51\r\n  offset: 0, 0\r\n  index: -1\r\nheart\r\n  rotate: true\r\n  xy: 64, 59\r\n  size: 40, 35\r\n  orig: 40, 35\r\n  offset: 0, 0\r\n  index: -1\r\n",["kiss.png"],{"skeleton":{"hash":"xHRK7qlpQO2ry1mqMNLsx1QniBk","spine":"3.8.99","x":-31.63,"y":8.6,"width":60,"height":51,"images":"./image/","audio":"E:/game bai/phil/anim/aniVatpham/kiss"},"bones":[{"name":"root"},{"name":"bone","parent":"root","x":-0.26,"y":-32.6},{"name":"1","parent":"bone","length":13.18,"rotation":93.07,"x":-3.19,"y":64.15},{"name":"heart","parent":"bone","length":13.64,"rotation":91.97,"x":2.35,"y":69.32}],"slots":[{"name":"1","bone":"1","attachment":"1"},{"name":"heart","bone":"heart","attachment":"heart"}],"skins":[{"name":"default","attachments":{"1":{"1":{"x":2.45,"y":-1.96,"rotation":-93.07,"width":60,"height":51}},"heart":{"heart":{"x":0.37,"y":-0.29,"rotation":-91.97,"width":40,"height":35}}}}],"animations":{"animation":{"slots":{"heart":{"color":[{"time":0.4,"color":"ffffffff"},{"time":0.6667,"color":"ffffffb8"},{"time":0.9333,"color":"ffffff00"}],"attachment":[{"name":null},{"time":0.2333,"name":"heart"}]}},"bones":{"1":{"translate":[{"curve":0.25,"c3":0.75},{"time":0.4667,"y":4.19,"curve":0.25,"c3":0.75},{"time":0.9333}],"scale":[{"x":0.811,"y":1.169,"curve":0.25,"c3":0.75},{"time":0.4667,"x":1.056,"y":0.958,"curve":0.25,"c3":0.75},{"time":0.9333,"x":0.811,"y":1.169}]},"heart":{"translate":[{},{"time":0.2333,"x":-3.06},{"time":0.6667,"x":25.85,"y":19.03},{"time":0.9333,"x":56.78,"y":37.79}],"scale":[{},{"time":0.2333,"x":0.064,"y":0.575},{"time":0.4,"x":0.664,"y":0.995},{"time":0.6667,"x":1.285,"y":1.285}]},"bone":{"translate":[{"x":1.32,"y":-33.56}]}}}}},[0]]],0,0,[0],[-1],[37]],[[[1,"rose","\r\nrose.png\r\nsize: 144,144\r\nformat: RGBA8888\r\nfilter: Linear,Linear\r\nrepeat: none\r\nLayer 10\r\n  rotate: true\r\n  xy: 30, 2\r\n  size: 19, 25\r\n  orig: 19, 25\r\n  offset: 0, 0\r\n  index: -1\r\nLayer 11\r\n  rotate: false\r\n  xy: 57, 23\r\n  size: 23, 22\r\n  orig: 25, 24\r\n  offset: 1, 1\r\n  index: -1\r\nLayer 12\r\n  rotate: true\r\n  xy: 57, 3\r\n  size: 18, 23\r\n  orig: 18, 24\r\n  offset: 0, 1\r\n  index: -1\r\nLayer 13\r\n  rotate: false\r\n  xy: 121, 94\r\n  size: 20, 24\r\n  orig: 20, 24\r\n  offset: 0, 0\r\n  index: -1\r\nLayer 14\r\n  rotate: false\r\n  xy: 30, 23\r\n  size: 25, 22\r\n  orig: 27, 24\r\n  offset: 1, 1\r\n  index: -1\r\nLayer 15\r\n  rotate: true\r\n  xy: 118, 67\r\n  size: 25, 17\r\n  orig: 28, 19\r\n  offset: 2, 1\r\n  index: -1\r\nLayer 16\r\n  rotate: true\r\n  xy: 122, 124\r\n  size: 18, 17\r\n  orig: 20, 19\r\n  offset: 1, 1\r\n  index: -1\r\nLayer 17\r\n  rotate: false\r\n  xy: 108, 34\r\n  size: 25, 12\r\n  orig: 27, 14\r\n  offset: 1, 1\r\n  index: -1\r\nLayer 18\r\n  rotate: false\r\n  xy: 82, 2\r\n  size: 29, 20\r\n  orig: 31, 22\r\n  offset: 1, 1\r\n  index: -1\r\nLayer 2\r\n  rotate: false\r\n  xy: 2, 47\r\n  size: 95, 95\r\n  orig: 95, 95\r\n  offset: 0, 0\r\n  index: -1\r\nLayer 3\r\n  rotate: false\r\n  xy: 99, 120\r\n  size: 21, 22\r\n  orig: 23, 24\r\n  offset: 1, 1\r\n  index: -1\r\nLayer 4\r\n  rotate: false\r\n  xy: 2, 2\r\n  size: 26, 17\r\n  orig: 28, 20\r\n  offset: 1, 1\r\n  index: -1\r\nLayer 5\r\n  rotate: true\r\n  xy: 99, 66\r\n  size: 26, 17\r\n  orig: 28, 19\r\n  offset: 1, 1\r\n  index: -1\r\nLayer 6\r\n  rotate: false\r\n  xy: 99, 48\r\n  size: 26, 16\r\n  orig: 28, 18\r\n  offset: 1, 1\r\n  index: -1\r\nLayer 7\r\n  rotate: false\r\n  xy: 2, 21\r\n  size: 26, 24\r\n  orig: 28, 26\r\n  offset: 1, 1\r\n  index: -1\r\nLayer 8\r\n  rotate: true\r\n  xy: 82, 24\r\n  size: 21, 24\r\n  orig: 23, 26\r\n  offset: 1, 1\r\n  index: -1\r\nLayer 9\r\n  rotate: true\r\n  xy: 99, 94\r\n  size: 24, 20\r\n  orig: 26, 22\r\n  offset: 1, 1\r\n  index: -1\r\n",["rose.png"],{"skeleton":{"hash":"Q5uXGCV7HfT+Rjr2Ez/cQkr6Myw","spine":"3.8.99","x":-53.68,"y":2.48,"width":95,"height":141.62,"images":"./image/","audio":"E:/game bai/phil/anim/aniVatpham/rose"},"bones":[{"name":"root"},{"name":"bone","parent":"root","x":-1,"y":-33.48,"scaleX":1.5,"scaleY":1.5},{"name":"Layer 2","parent":"root","length":19.72,"rotation":99.31,"x":-5,"y":58.81},{"name":"Layer 3","parent":"bone","length":9.94,"rotation":42.4,"x":-9.23,"y":89.96},{"name":"Layer 4","parent":"bone","length":7.89,"rotation":75.96,"x":-13.42,"y":107.37},{"name":"Layer 5","parent":"bone","length":9.38,"rotation":72.18,"x":-8,"y":99.55},{"name":"Layer 6","parent":"bone","length":8.28,"rotation":74.36,"x":-13.62,"y":88.35},{"name":"Layer 8","parent":"bone","length":9.62,"rotation":84.29,"x":-6.07,"y":87.55},{"name":"Layer 9","parent":"bone","length":8.94,"rotation":55.18,"x":-15.63,"y":99.85},{"name":"Layer 10","parent":"bone","length":13.28,"rotation":54.78,"x":-20.48,"y":103.4},{"name":"Layer 11","parent":"bone","length":10.7,"rotation":100.3,"x":-20.57,"y":97.37},{"name":"Layer 12","parent":"bone","length":11.71,"rotation":60.64,"x":-19.85,"y":96.59},{"name":"Layer 13","parent":"bone","length":9.91,"rotation":86.31,"x":-10.66,"y":97.22},{"name":"Layer 14","parent":"bone","length":8.94,"rotation":87.95,"x":-21.02,"y":89.65},{"name":"Layer 15","parent":"bone","length":9.13,"rotation":77.91,"x":-6.94,"y":95.58},{"name":"Layer 16","parent":"bone","length":7.98,"rotation":87.71,"x":-16.94,"y":88.47},{"name":"Layer 17","parent":"bone","length":8.94,"rotation":92.05,"x":-10.53,"y":92.19},{"name":"Layer 18","parent":"bone","length":7.08,"rotation":97.77,"x":-22.83,"y":94.37},{"name":"Layer 19","parent":"bone","length":9.99,"rotation":63.43,"x":-11.59,"y":83.76}],"slots":[{"name":"Layer 2","bone":"Layer 2","attachment":"Layer 2"},{"name":"Layer 18","bone":"Layer 18","attachment":"Layer 18"},{"name":"Layer 17","bone":"Layer 17","attachment":"Layer 17"},{"name":"Layer 16","bone":"Layer 16","attachment":"Layer 16"},{"name":"Layer 15","bone":"Layer 15","attachment":"Layer 15"},{"name":"Layer 14","bone":"Layer 14","attachment":"Layer 14"},{"name":"Layer 13","bone":"Layer 13","attachment":"Layer 13"},{"name":"Layer 12","bone":"Layer 12","attachment":"Layer 12"},{"name":"Layer 11","bone":"Layer 11","attachment":"Layer 11"},{"name":"Layer 10","bone":"Layer 10","attachment":"Layer 10"},{"name":"Layer 9","bone":"Layer 9","attachment":"Layer 9"},{"name":"Layer 8","bone":"Layer 8","attachment":"Layer 8"},{"name":"Layer 7","bone":"Layer 19","attachment":"Layer 7"},{"name":"Layer 6","bone":"Layer 6","attachment":"Layer 6"},{"name":"Layer 5","bone":"Layer 5","attachment":"Layer 5"},{"name":"Layer 4","bone":"Layer 4","attachment":"Layer 4"},{"name":"Layer 3","bone":"Layer 3","attachment":"Layer 3"}],"skins":[{"name":"default","attachments":{"Layer 2":{"Layer 2":{"x":-8.52,"y":2.59,"rotation":-99.31,"width":95,"height":95}},"Layer 3":{"Layer 3":{"x":5.03,"y":-1.48,"rotation":-42.4,"width":23,"height":24}},"Layer 4":{"Layer 4":{"x":1.33,"y":-3.56,"rotation":-75.96,"width":28,"height":20}},"Layer 5":{"Layer 5":{"x":3.89,"y":-1.93,"rotation":-72.18,"width":28,"height":19}},"Layer 6":{"Layer 6":{"x":1.5,"y":-0.23,"rotation":-74.36,"width":28,"height":18}},"Layer 7":{"Layer 7":{"x":0.7,"y":0.01,"rotation":-63.43,"width":28,"height":26}},"Layer 8":{"Layer 8":{"x":3.78,"y":-1.36,"rotation":-84.29,"width":23,"height":26}},"Layer 9":{"Layer 9":{"x":2.77,"y":-4.48,"rotation":-55.18,"width":26,"height":22}},"Layer 10":{"Layer 10":{"x":3.42,"y":-0.53,"rotation":-54.78,"width":19,"height":25}},"Layer 11":{"Layer 11":{"x":2.81,"y":0.61,"rotation":-100.3,"width":25,"height":24}},"Layer 12":{"Layer 12":{"x":2.63,"y":-1.78,"rotation":-60.64,"width":18,"height":24}},"Layer 13":{"Layer 13":{"x":3.07,"y":-0.76,"rotation":-86.31,"width":20,"height":24}},"Layer 14":{"Layer 14":{"x":3.94,"y":-0.02,"rotation":-87.95,"width":27,"height":24}},"Layer 15":{"Layer 15":{"x":3.26,"y":2.35,"rotation":-77.91,"width":28,"height":19}},"Layer 16":{"Layer 16":{"x":3.32,"y":-0.1,"rotation":-87.71,"width":20,"height":19}},"Layer 17":{"Layer 17":{"x":1.44,"y":-0.34,"rotation":-92.05,"width":27,"height":14}},"Layer 18":{"Layer 18":{"x":0.9,"y":-5.45,"rotation":-97.77,"width":31,"height":22}}}}],"animations":{"animation":{"slots":{"Layer 2":{"color":[{"time":1.3333,"color":"ffffffff"},{"time":2,"color":"ffffff00"}]},"Layer 3":{"color":[{"time":0.2667,"color":"ffffff00"},{"time":1,"color":"ffffffff"},{"time":1.3333,"color":"ffffff00"}],"attachment":[{"name":null},{"time":0.2667,"name":"Layer 3"}]},"Layer 4":{"color":[{"time":0.1667,"color":"ffffff00"},{"time":0.8333,"color":"ffffffff"},{"time":1.1667,"color":"ffffff00"}],"attachment":[{"name":null},{"time":0.1667,"name":"Layer 4"}]},"Layer 5":{"color":[{"time":0.1667,"color":"ffffff00"},{"time":0.6667,"color":"ffffffff"},{"time":1,"color":"ffffff00"}],"attachment":[{"name":null},{"time":0.1667,"name":"Layer 5"}]},"Layer 6":{"color":[{"time":0.0667,"color":"ffffff00"},{"time":0.1667,"color":"ffffffff","curve":"stepped"},{"time":0.3333,"color":"ffffffff"},{"time":0.6667,"color":"ffffff00"}],"attachment":[{"name":null},{"time":0.0667,"name":"Layer 6"}]},"Layer 7":{"color":[{"time":0.6667,"color":"ffffffe0"},{"time":1,"color":"ffffff00"}],"attachment":[{"name":null},{"time":0.1667,"name":"Layer 7"}]},"Layer 8":{"color":[{"time":0.1333,"color":"ffffff00"},{"time":0.3333,"color":"ffffffff","curve":"stepped"},{"time":0.6667,"color":"ffffffff"},{"time":1,"color":"ffffff00"}],"attachment":[{"name":null},{"time":0.1333,"name":"Layer 8"}]},"Layer 9":{"color":[{"time":0.1333,"color":"ffffff00"},{"time":0.2667,"color":"ffffffff","curve":"stepped"},{"time":0.6667,"color":"ffffffff"},{"time":1.1667,"color":"ffffff00"}],"attachment":[{"name":null},{"time":0.1333,"name":"Layer 9"}]},"Layer 10":{"color":[{"time":0.1,"color":"ffffff00"},{"time":0.2,"color":"ffffffff","curve":"stepped"},{"time":0.6667,"color":"ffffffff"},{"time":1,"color":"ffffff00"}],"attachment":[{"name":null},{"time":0.1,"name":"Layer 10"}]},"Layer 11":{"color":[{"time":0.1667,"color":"ffffff00"},{"time":0.3333,"color":"ffffffa0"},{"time":1,"color":"ffffffff"},{"time":1.3333,"color":"ffffff00"}],"attachment":[{"name":null},{"time":0.1667,"name":"Layer 11"}]},"Layer 12":{"color":[{"time":0.5,"color":"ffffff00"},{"time":0.6667,"color":"ffffffff","curve":"stepped"},{"time":1,"color":"ffffffff"},{"time":1.1667,"color":"ffffff00"}],"attachment":[{"name":null},{"time":0.5,"name":"Layer 12"}]},"Layer 13":{"color":[{"time":0.5,"color":"ffffff00"},{"time":0.6667,"color":"ffffffff","curve":"stepped"},{"time":1,"color":"ffffffff"},{"time":1.2333,"color":"ffffff00"}],"attachment":[{"name":null},{"time":0.5,"name":"Layer 13"}]},"Layer 14":{"color":[{"time":0.5,"color":"ffffff00"},{"time":0.6667,"color":"ffffffff","curve":"stepped"},{"time":1,"color":"ffffffff"},{"time":1.3333,"color":"ffffff00"}],"attachment":[{"name":null},{"time":0.5,"name":"Layer 14"}]},"Layer 15":{"color":[{"time":0.5,"color":"ffffff00"},{"time":0.6667,"color":"ffffffff","curve":"stepped"},{"time":1,"color":"ffffffff"},{"time":1.3333,"color":"ffffff00"}],"attachment":[{"name":null},{"time":0.5,"name":"Layer 15"}]},"Layer 16":{"color":[{"time":0.6667,"color":"ffffffff"},{"time":1,"color":"ffffff83"},{"time":1.3333,"color":"ffffff00"}],"attachment":[{"name":null},{"time":0.5,"name":"Layer 16"}]},"Layer 17":{"color":[{"time":0.5,"color":"ffffff00"},{"time":0.6,"color":"ffffffff"},{"time":0.9333,"color":"ffffff89"},{"time":1.2333,"color":"ffffff00"}],"attachment":[{"name":null},{"time":0.5,"name":"Layer 17"}]},"Layer 18":{"color":[{"time":0.5,"color":"ffffff00"},{"time":0.6333,"color":"ffffffff"},{"time":1.3,"color":"ffffff00"}],"attachment":[{"name":null},{"time":0.5,"name":"Layer 18"}]}},"bones":{"Layer 2":{"translate":[{"x":-2.87,"y":1.28},{"time":0.1,"x":-0.96,"y":6.7},{"time":0.2,"x":-2.87,"y":1.28},{"time":0.2667,"x":-2.23,"y":4.78},{"time":0.3333,"x":-2.87,"y":1.28}],"scale":[{},{"time":0.1,"x":1.031,"y":1.055},{"time":0.2},{"time":0.2667,"x":1.033,"y":1.057},{"time":0.3333,"curve":"stepped"},{"time":0.5},{"time":1,"x":1.05,"y":1.06},{"time":1.3333}]},"Layer 3":{"rotate":[{"time":0.2667},{"time":1,"angle":-54.98},{"time":1.3333,"angle":-91.05}],"translate":[{"time":0.2667},{"time":1,"x":7.97,"y":33.18},{"time":1.3333,"x":15.95,"y":48.81}]},"Layer 4":{"rotate":[{"time":0.1667},{"time":0.8333,"angle":62.97},{"time":1.1667,"angle":104.25}],"translate":[{"time":0.1667},{"time":0.8333,"x":-4.47,"y":33.49},{"time":1.1667,"x":-5.1,"y":49.76}]},"Layer 5":{"rotate":[{"time":0.1667},{"time":0.6667,"angle":-90.74},{"time":1,"angle":-151.33}],"translate":[{"time":0.1667},{"time":0.6667,"x":30.94,"y":0.32},{"time":1,"x":55.19,"y":1.59}]},"Layer 6":{"rotate":[{"time":0.0667},{"time":0.3333,"angle":-50.43},{"time":0.6667,"angle":-77.1}],"translate":[{},{"time":0.0667,"x":-2.23,"y":-5.74},{"time":0.3333,"x":3.19,"y":20.1},{"time":0.6667,"x":5.74,"y":32.54}]},"Layer 19":{"rotate":[{},{"time":0.1667,"angle":65.59},{"time":0.3,"angle":34.66},{"time":0.6667,"angle":-33.4},{"time":1,"angle":-94.71}],"translate":[{},{"time":0.1667,"x":16.59,"y":-2.23},{"time":0.3,"x":28.71,"y":-7.02},{"time":0.6667,"x":46.57,"y":-31.9},{"time":1,"x":60.29,"y":-45.94}]},"Layer 8":{"rotate":[{},{"time":0.1333,"angle":99.02},{"time":0.3333,"angle":144.25},{"time":0.6667,"angle":170.88},{"time":1,"angle":-160.47}],"translate":[{"time":0.1333},{"time":0.3333,"x":-2.87,"y":-12.12},{"time":0.6667,"x":-13.72,"y":-34.13},{"time":1,"x":-16.59,"y":-49.76}]},"Layer 9":{"rotate":[{},{"time":0.1333,"angle":148.14},{"time":0.2667,"angle":-134.59},{"time":0.6667,"angle":-80.58},{"time":1.1667,"angle":-28.19}],"translate":[{},{"time":0.1333,"x":-2.23,"y":16.27},{"time":0.2667,"x":1.91,"y":-6.38},{"time":0.6667,"x":8.29,"y":-29.67},{"time":1.1667,"x":15.31,"y":-51.68}]},"Layer 10":{"rotate":[{},{"time":0.1,"angle":41.75},{"time":0.2,"angle":70.57},{"time":0.6667,"angle":141.17},{"time":1,"angle":179.97}],"translate":[{},{"time":0.1,"x":8.93},{"time":0.2,"x":-2.87,"y":3.83},{"time":0.6667,"x":-27.11,"y":10.21},{"time":1,"x":-44.34,"y":9.89}]},"Layer 11":{"rotate":[{},{"time":0.1667,"angle":86.04},{"time":1,"angle":143.51},{"time":1.3333,"angle":179.24}],"translate":[{},{"time":0.1667,"x":14.04,"y":6.06},{"time":0.3333,"x":-0.64,"y":1.6},{"time":1,"x":-22.97,"y":-13.72},{"time":1.3333,"x":-36.37,"y":-29.67}]},"Layer 12":{"rotate":[{},{"time":0.5,"angle":141.35,"curve":"stepped"},{"time":0.6667,"angle":141.35},{"time":1,"angle":-179.67},{"time":1.1667,"angle":-151.91}],"translate":[{},{"time":0.5,"x":6.38,"y":2.23},{"time":0.6667,"x":-1.28,"y":-2.23},{"time":1,"x":-8.93,"y":-12.76},{"time":1.1667,"x":-10.21,"y":-22.33}]},"Layer 13":{"rotate":[{},{"time":0.5,"angle":32.87},{"time":0.6667,"angle":8.24},{"time":1,"angle":-24.02},{"time":1.2333,"angle":-53.17}],"translate":[{},{"time":0.5,"x":-17.54,"y":-1.59},{"time":0.6667,"x":-12.44,"y":1.91},{"time":1,"x":-1.6,"y":10.21},{"time":1.2333,"x":6.7,"y":12.44}]},"Layer 14":{"rotate":[{},{"time":0.5,"angle":87.18},{"time":0.6667,"angle":113.83},{"time":1,"angle":143.31},{"time":1.3333,"angle":160.37}],"translate":[{},{"time":0.5,"x":5.1,"y":38.92},{"time":0.6667,"x":-1.59,"y":44.34},{"time":1,"x":-21.69,"y":63.48},{"time":1.3333,"x":-32.54,"y":74.96}]},"Layer 15":{"rotate":[{},{"time":0.5,"angle":-134.53},{"time":0.6667,"angle":168.24},{"time":1,"angle":138.92},{"time":1.3333,"angle":111.9}],"translate":[{},{"time":0.5,"x":-16.91,"y":11.48},{"time":0.6667,"x":-6.06,"y":0.96},{"time":1,"x":0.32,"y":-8.61},{"time":1.3333,"x":9.25,"y":-27.11}]},"Layer 16":{"rotate":[{},{"time":0.5,"angle":162.66},{"time":0.6667,"angle":-165.36},{"time":1,"angle":-140.04},{"time":1.3333,"angle":-119.07}],"translate":[{},{"time":0.5,"x":-1.59,"y":25.52},{"time":0.6667,"y":18.18},{"time":1,"x":0.32,"y":2.55},{"time":1.3333,"x":5.42,"y":-14.04}]},"Layer 17":{"rotate":[{},{"time":0.5,"angle":174.19},{"time":0.9333,"angle":-159.51},{"time":1.2333,"angle":-139.5}],"translate":[{},{"time":0.5,"x":-22.65,"y":29.03},{"time":0.6,"x":-29.99,"y":29.03},{"time":0.9333,"x":-47.85,"y":29.35},{"time":1.2333,"x":-59.01,"y":25.2}]},"Layer 18":{"rotate":[{},{"time":0.5,"angle":58.54},{"time":0.6333,"angle":57.93},{"time":1,"angle":28.32},{"time":1.3,"angle":-14.81}],"translate":[{},{"time":0.5,"x":19.46,"y":31.58},{"time":0.6333,"x":18.82,"y":41.47},{"time":1,"x":19.14,"y":52.95},{"time":1.3,"x":21.05,"y":67.63}]},"bone":{"translate":[{"x":1.7,"y":-45.9}]}}}}},[0]]],0,0,[0],[-1],[38]],[[{"name":"bgAvatarOther","rect":[0,0,131,121],"offset":[0,0],"originalSize":[131,121],"capInsets":[0,0,0,0]}],[0],0,[0],[0],[39]]]]