[1,["91Mh4YHJ9K/a6QEEi2+yod"],["_textureSetter"],["cc.SpriteFrame"],0,[[[{"name":"5","rect":[1,513,121,167],"offset":[0,0],"originalSize":[121,167],"capInsets":[0,0,0,0]}],[0],0,[0],[0],[0]],[[{"name":"6","rect":[1,811,131,167],"offset":[0,0],"originalSize":[131,167],"capInsets":[0,0,0,0]}],[0],0,[0],[0],[0]],[[{"name":"decimal","rect":[1,742,44,47],"offset":[0,0],"originalSize":[44,47],"capInsets":[0,0,0,0]}],[0],0,[0],[0],[0]],[[{"name":"3","rect":[1,172,125,168],"offset":[0,0],"originalSize":[125,168],"capInsets":[0,0,0,0]}],[0],0,[0],[0],[0]],[[{"name":"2","rect":[125,476,124,165],"offset":[0,0],"originalSize":[124,165],"capInsets":[0,0,0,0]}],[0],0,[0],[0],[0]],[[{"name":"4","rect":[133,1,119,168],"offset":[0,0],"originalSize":[119,168],"capInsets":[0,0,0,0]}],[0],0,[0],[0],[0]],[[{"name":"1","rect":[134,811,87,166],"offset":[0,0],"originalSize":[87,166],"capInsets":[0,0,0,0]}],[0],0,[0],[0],[0]]]]