[
  1,
  [
    "7fCj8OkOlJQoBJe/UNbeUz",
    "c83L6AbptCHrjBA1stk/FA",
    "d0YEyXvktJjYTWVEiux8OB",
    "62yVrGDl9JXr85uVTgOb9Z",
    "3eAIIuiMdIj7cbyssZxEtK",
    "dc5LP2eXtHzqagVwIbvUnu",
    "2cv+x8P8FPiLbrmnO8Y2HN",
    "6aQHnIdt9GNrLIXG9De1mo",
    "5ecV6J4XRKaL5hG9D91/mr",
    "4dUScPByBBN5YJs5F1S9EP"
  ],
  [
    "Number Super_05",
    "Number Super_06",
    "Number Super_03",
    "Number Super_07",
    "Number Super_00",
    "Number Super_01",
    "Number Super_09",
    "Number Super_02",
    "Number Super_04",
    "Number Super_08"
  ],
  [
    "cc.SpriteFrame",
    [
      "cc.SpriteAtlas",
      [
        "_name",
        "_spriteFrames"
      ],
      2,
      11
    ]
  ],
  [
    [
      1,
      0,
      1,
      2
    ]
  ],
  [
    [
      [
        {
          "name": "Number Super_09",
          "rect": [
            1,
            631,
            208,
            222
          ],
          "offset": [
            2,
            1
          ],
          "originalSize": [
            216,
            240
          ],
          "capInsets": [
            0,
            0,
            0,
            0
          ]
        }
      ],
      [
        0
      ],
      0,
      [],
      [],
      []
    ],
    [
      [
        {
          "name": "Number Super_00",
          "rect": [
            1,
            879,
            212,
            224
          ],
          "offset": [
            1,
            0
          ],
          "originalSize": [
            216,
            240
          ],
          "capInsets": [
            0,
            0,
            0,
            0
          ]
        }
      ],
      [
        0
      ],
      0,
      [],
      [],
      []
    ],
    [
      [
        {
          "name": "Number Super_08",
          "rect": [
            211,
            657,
            212,
            220
          ],
          "offset": [
            0,
            -2
          ],
          "originalSize": [
            216,
            240
          ],
          "capInsets": [
            0,
            0,
            0,
            0
          ]
        }
      ],
      [
        0
      ],
      0,
      [],
      [],
      []
    ],
    [
      [
        {
          "name": "Number Super_04",
          "rect": [
            1,
            193,
            210,
            214
          ],
          "offset": [
            1,
            4
          ],
          "originalSize": [
            216,
            240
          ],
          "capInsets": [
            0,
            0,
            0,
            0
          ]
        }
      ],
      [
        0
      ],
      0,
      [],
      [],
      []
    ],
    [
      [
        {
          "name": "Number Super_07",
          "rect": [
            1,
            409,
            208,
            220
          ],
          "offset": [
            -1,
            1
          ],
          "originalSize": [
            216,
            240
          ],
          "capInsets": [
            0,
            0,
            0,
            0
          ]
        }
      ],
      [
        0
      ],
      0,
      [],
      [],
      []
    ],
    [
      [
        {
          "name": "Number Super_02",
          "rect": [
            211,
            435,
            212,
            220
          ],
          "offset": [
            0,
            2
          ],
          "originalSize": [
            216,
            240
          ],
          "capInsets": [
            0,
            0,
            0,
            0
          ]
        }
      ],
      [
        0
      ],
      0,
      [],
      [],
      []
    ],
    [
      [
        [
          0,
          "Alats23.plist",
          [
            {},
            "Number Super_05",
            6,
            0,
            "Number Super_06",
            6,
            1,
            "Number Super_03",
            6,
            2,
            "Number Super_07",
            6,
            3,
            "Number Super_00",
            6,
            4,
            "Number Super_01",
            6,
            5,
            "Number Super_09",
            6,
            6,
            "Number Super_02",
            6,
            7,
            "Number Super_04",
            6,
            8,
            "Number Super_08",
            6,
            9
          ]
        ]
      ],
      0,
      0,
      [
        0,
        0,
        0,
        0,
        0,
        0,
        0,
        0,
        0,
        0
      ],
      [
        0,
        1,
        2,
        3,
        4,
        5,
        6,
        7,
        8,
        9
      ],
      [
        0,
        1,
        2,
        3,
        4,
        5,
        6,
        7,
        8,
        9
      ]
    ],
    [
      [
        {
          "name": "Number Super_05",
          "rect": [
            213,
            215,
            210,
            218
          ],
          "offset": [
            2,
            2
          ],
          "originalSize": [
            216,
            240
          ],
          "capInsets": [
            0,
            0,
            0,
            0
          ]
        }
      ],
      [
        0
      ],
      0,
      [],
      [],
      []
    ],
    [
      [
        {
          "name": "Number Super_06",
          "rect": [
            215,
            879,
            210,
            224
          ],
          "offset": [
            2,
            0
          ],
          "originalSize": [
            216,
            240
          ],
          "capInsets": [
            0,
            0,
            0,
            0
          ]
        }
      ],
      [
        0
      ],
      0,
      [],
      [],
      []
    ],
    [
      [
        {
          "name": "Number Super_03",
          "rect": [
            1,
            1,
            212,
            190
          ],
          "offset": [
            0,
            -13
          ],
          "originalSize": [
            216,
            240
          ],
          "capInsets": [
            0,
            0,
            0,
            0
          ]
        }
      ],
      [
        0
      ],
      0,
      [],
      [],
      []
    ],
    [
      [
        {
          "name": "Number Super_01",
          "rect": [
            215,
            1,
            212,
            212
          ],
          "offset": [
            1,
            6
          ],
          "originalSize": [
            216,
            240
          ],
          "capInsets": [
            0,
            0,
            0,
            0
          ]
        }
      ],
      [
        0
      ],
      0,
      [],
      [],
      []
    ]
  ]
]