[
  1,
  [
    "bd7nzmW5hJuYzmUXQq0/Vm"
  ],
  [
    "_textureSetter"
  ],
  [
    "cc.SpriteFrame"
  ],
  0,
  [
    [
      [
        {
          "name": "mw_pattern_b_screen",
          "rect": [
            853,
            1,
            795,
            810
          ],
          "offset": [
            0,
            0
          ],
          "originalSize": [
            795,
            810
          ],
          "capInsets": [
            0,
            0,
            0,
            0
          ]
        }
      ],
      [
        0
      ],
      0,
      [
        0
      ],
      [
        0
      ],
      [
        0
      ]
    ],
    [
      [
        {
          "name": "mw_vfx_a_screen",
          "rect": [
            1,
            853,
            540,
            597
          ],
          "offset": [
            0,
            0
          ],
          "originalSize": [
            540,
            597
          ],
          "capInsets": [
            0,
            0,
            0,
            0
          ]
        }
      ],
      [
        0
      ],
      0,
      [
        0
      ],
      [
        0
      ],
      [
        0
      ]
    ],
    [
      [
        {
          "name": "mw_pattern_d_add",
          "rect": [
            1,
            1,
            850,
            850
          ],
          "offset": [
            0,
            0
          ],
          "originalSize": [
            850,
            850
          ],
          "capInsets": [
            0,
            0,
            0,
            0
          ]
        }
      ],
      [
        0
      ],
      0,
      [
        0
      ],
      [
        0
      ],
      [
        0
      ]
    ],
    [
      [
        {
          "name": "mw_pattern_c_screen",
          "rect": [
            1085,
            813,
            619,
            608
          ],
          "offset": [
            0,
            0
          ],
          "originalSize": [
            619,
            608
          ],
          "capInsets": [
            0,
            0,
            0,
            0
          ]
        }
      ],
      [
        0
      ],
      0,
      [
        0
      ],
      [
        0
      ],
      [
        0
      ]
    ],
    [
      [
        {
          "name": "mw_vfx_d_add",
          "rect": [
            543,
            853,
            540,
            566
          ],
          "offset": [
            0,
            0
          ],
          "originalSize": [
            540,
            566
          ],
          "capInsets": [
            0,
            0,
            0,
            0
          ]
        }
      ],
      [
        0
      ],
      0,
      [
        0
      ],
      [
        0
      ],
      [
        0
      ]
    ]
  ]
]