[
  1,
  [
    "52UN/Te5pNfJ92KwlvIEmj"
  ],
  [
    "_textureSetter"
  ],
  [
    "cc.SpriteFrame"
  ],
  0,
  [
    [
      [
        {
          "name": "bl_pattern_b_screen",
          "rect": [
            1498,
            751,
            412,
            411
          ],
          "offset": [
            0,
            0
          ],
          "originalSize": [
            412,
            411
          ],
          "capInsets": [
            0,
            0,
            0,
            0
          ]
        }
      ],
      [
        0
      ],
      0,
      [
        0
      ],
      [
        0
      ],
      [
        0
      ]
    ],
    [
      [
        {
          "name": "bl_bg",
          "rect": [
            1,
            1,
            755,
            1637
          ],
          "offset": [
            0,
            0
          ],
          "originalSize": [
            755,
            1637
          ],
          "capInsets": [
            0,
            0,
            0,
            0
          ]
        }
      ],
      [
        0
      ],
      0,
      [
        0
      ],
      [
        0
      ],
      [
        0
      ]
    ],
    [
      [
        {
          "name": "bl_pattern_a_screen",
          "rect": [
            758,
            1,
            749,
            748
          ],
          "offset": [
            0,
            0
          ],
          "originalSize": [
            749,
            748
          ],
          "capInsets": [
            0,
            0,
            0,
            0
          ]
        }
      ],
      [
        0
      ],
      0,
      [
        0
      ],
      [
        0
      ],
      [
        0
      ]
    ],
    [
      [
        {
          "name": "bl_load_add",
          "rect": [
            698,
            1640,
            234,
            234
          ],
          "offset": [
            0,
            0
          ],
          "originalSize": [
            234,
            234
          ],
          "capInsets": [
            0,
            0,
            0,
            0
          ]
        }
      ],
      [
        0
      ],
      0,
      [
        0
      ],
      [
        0
      ],
      [
        0
      ]
    ]
  ]
]