[
  1,
  [
    "72G5bJPqlKVbQsEAyzGOfB",
    "8fjuMl3HZGO6gzMjtB7e6+",
    "beaeela11GXJ+70wiCLi9p",
    "37kv3pJz1Oz7kKFK9PAEPi",
    "f98cCJs+dOaIyea0IfJ4ih"
  ],
  [
    "_textureSetter",
    "way_5",
    "way_6",
    "way_3",
    "way_4"
  ],
  [
    "cc.SpriteFrame",
    [
      "cc.SpriteAtlas",
      [
        "_name",
        "_spriteFrames"
      ],
      2,
      11
    ]
  ],
  [
    [
      1,
      0,
      1,
      2
    ]
  ],
  [
    [
      [
        {
          "name": "way_3",
          "rect": [
            45,
            29,
            18,
            26
          ],
          "offset": [
            0,
            0
          ],
          "originalSize": [
            18,
            26
          ],
          "capInsets": [
            0,
            0,
            0,
            0
          ]
        }
      ],
      [
        0
      ],
      0,
      [
        0
      ],
      [
        0
      ],
      [
        0
      ]
    ],
    [
      [
        [
          0,
          "Alats7.plist",
          [
            {},
            "way_5",
            6,
            0,
            "way_6",
            6,
            1,
            "way_3",
            6,
            2,
            "way_4",
            6,
            3
          ]
        ]
      ],
      0,
      0,
      [
        0,
        0,
        0,
        0
      ],
      [
        1,
        2,
        3,
        4
      ],
      [
        1,
        2,
        3,
        4
      ]
    ],
    [
      [
        {
          "name": "way_5",
          "rect": [
            65,
            29,
            18,
            26
          ],
          "offset": [
            0,
            0
          ],
          "originalSize": [
            18,
            26
          ],
          "capInsets": [
            0,
            0,
            0,
            0
          ]
        }
      ],
      [
        0
      ],
      0,
      [
        0
      ],
      [
        0
      ],
      [
        0
      ]
    ],
    [
      [
        {
          "name": "way_6",
          "rect": [
            45,
            1,
            19,
            26
          ],
          "offset": [
            0,
            0
          ],
          "originalSize": [
            19,
            26
          ],
          "capInsets": [
            0,
            0,
            0,
            0
          ]
        }
      ],
      [
        0
      ],
      0,
      [
        0
      ],
      [
        0
      ],
      [
        0
      ]
    ],
    [
      [
        {
          "name": "way_4",
          "rect": [
            23,
            1,
            20,
            26
          ],
          "offset": [
            0,
            0
          ],
          "originalSize": [
            20,
            26
          ],
          "capInsets": [
            0,
            0,
            0,
            0
          ]
        }
      ],
      [
        0
      ],
      0,
      [
        0
      ],
      [
        0
      ],
      [
        0
      ]
    ]
  ]
]