[
  1,
  [
    "55YLH8hXZF/aiVMUrMXWCW"
  ],
  [
    "_textureSetter"
  ],
  [
    "cc.SpriteFrame"
  ],
  0,
  [
    [
      [
        {
          "name": "ps_particle_a_add_16",
          "rect": [
            1,
            699,
            205,
            151
          ],
          "offset": [
            -9,
            11
          ],
          "originalSize": [
            223,
            237
          ],
          "rotated": 1,
          "capInsets": [
            0,
            0,
            0,
            0
          ]
        }
      ],
      [
        0
      ],
      0,
      [
        0
      ],
      [
        0
      ],
      [
        0
      ]
    ],
    [
      [
        {
          "name": "ps_particle_a_add_10",
          "rect": [
            1,
            530,
            193,
            167
          ],
          "offset": [
            -5,
            -4
          ],
          "originalSize": [
            223,
            237
          ],
          "capInsets": [
            0,
            0,
            0,
            0
          ]
        }
      ],
      [
        0
      ],
      0,
      [
        0
      ],
      [
        0
      ],
      [
        0
      ]
    ],
    [
      [
        {
          "name": "ps_particle_a_add_01",
          "rect": [
            397,
            178,
            111,
            97
          ],
          "offset": [
            1,
            0
          ],
          "originalSize": [
            223,
            237
          ],
          "rotated": 1,
          "capInsets": [
            0,
            0,
            0,
            0
          ]
        }
      ],
      [
        0
      ],
      0,
      [
        0
      ],
      [
        0
      ],
      [
        0
      ]
    ],
    [
      [
        {
          "name": "ps_particle_a_add_19",
          "rect": [
            287,
            699,
            205,
            127
          ],
          "offset": [
            -8,
            -1
          ],
          "originalSize": [
            223,
            237
          ],
          "rotated": 1,
          "capInsets": [
            0,
            0,
            0,
            0
          ]
        }
      ],
      [
        0
      ],
      0,
      [
        0
      ],
      [
        0
      ],
      [
        0
      ]
    ],
    [
      [
        {
          "name": "ps_particle_a_add_00",
          "rect": [
            407,
            1,
            85,
            73
          ],
          "offset": [
            0,
            -2
          ],
          "originalSize": [
            223,
            237
          ],
          "capInsets": [
            0,
            0,
            0,
            0
          ]
        }
      ],
      [
        0
      ],
      0,
      [
        0
      ],
      [
        0
      ],
      [
        0
      ]
    ],
    [
      [
        {
          "name": "ps_particle_a_add_14",
          "rect": [
            1,
            178,
            201,
            175
          ],
          "offset": [
            -10,
            -1
          ],
          "originalSize": [
            223,
            237
          ],
          "capInsets": [
            0,
            0,
            0,
            0
          ]
        }
      ],
      [
        0
      ],
      0,
      [
        0
      ],
      [
        0
      ],
      [
        0
      ]
    ],
    [
      [
        {
          "name": "ps_particle_a_add_08",
          "rect": [
            299,
            906,
            187,
            159
          ],
          "offset": [
            -3,
            -4
          ],
          "originalSize": [
            223,
            237
          ],
          "rotated": 1,
          "capInsets": [
            0,
            0,
            0,
            0
          ]
        }
      ],
      [
        0
      ],
      0,
      [
        0
      ],
      [
        0
      ],
      [
        0
      ]
    ],
    [
      [
        {
          "name": "ps_particle_a_add_05",
          "rect": [
            196,
            530,
            167,
            147
          ],
          "offset": [
            0,
            -1
          ],
          "originalSize": [
            223,
            237
          ],
          "rotated": 1,
          "capInsets": [
            0,
            0,
            0,
            0
          ]
        }
      ],
      [
        0
      ],
      0,
      [
        0
      ],
      [
        0
      ],
      [
        0
      ]
    ],
    [
      [
        {
          "name": "ps_particle_a_add_06",
          "rect": [
            345,
            508,
            175,
            153
          ],
          "offset": [
            -1,
            -2
          ],
          "originalSize": [
            223,
            237
          ],
          "rotated": 1,
          "capInsets": [
            0,
            0,
            0,
            0
          ]
        }
      ],
      [
        0
      ],
      0,
      [
        0
      ],
      [
        0
      ],
      [
        0
      ]
    ],
    [
      [
        {
          "name": "ps_particle_a_add_02",
          "rect": [
            387,
            351,
            131,
            115
          ],
          "offset": [
            1,
            2
          ],
          "originalSize": [
            223,
            237
          ],
          "rotated": 1,
          "capInsets": [
            0,
            0,
            0,
            0
          ]
        }
      ],
      [
        0
      ],
      0,
      [
        0
      ],
      [
        0
      ],
      [
        0
      ]
    ],
    [
      [
        {
          "name": "ps_particle_a_add_03",
          "rect": [
            323,
            1095,
            147,
            129
          ],
          "offset": [
            1,
            1
          ],
          "originalSize": [
            223,
            237
          ],
          "capInsets": [
            0,
            0,
            0,
            0
          ]
        }
      ],
      [
        0
      ],
      0,
      [
        0
      ],
      [
        0
      ],
      [
        0
      ]
    ],
    [
      [
        {
          "name": "ps_particle_a_add_20",
          "rect": [
            162,
            1113,
            159,
            123
          ],
          "offset": [
            -29,
            2
          ],
          "originalSize": [
            223,
            237
          ],
          "capInsets": [
            0,
            0,
            0,
            0
          ]
        }
      ],
      [
        0
      ],
      0,
      [
        0
      ],
      [
        0
      ],
      [
        0
      ]
    ],
    [
      [
        {
          "name": "ps_particle_a_add_11",
          "rect": [
            204,
            178,
            191,
            171
          ],
          "offset": [
            -8,
            -3
          ],
          "originalSize": [
            223,
            237
          ],
          "capInsets": [
            0,
            0,
            0,
            0
          ]
        }
      ],
      [
        0
      ],
      0,
      [
        0
      ],
      [
        0
      ],
      [
        0
      ]
    ],
    [
      [
        {
          "name": "ps_particle_a_add_13",
          "rect": [
            206,
            1,
            199,
            175
          ],
          "offset": [
            -10,
            -2
          ],
          "originalSize": [
            223,
            237
          ],
          "capInsets": [
            0,
            0,
            0,
            0
          ]
        }
      ],
      [
        0
      ],
      0,
      [
        0
      ],
      [
        0
      ],
      [
        0
      ]
    ],
    [
      [
        {
          "name": "ps_particle_a_add_07",
          "rect": [
            204,
            351,
            181,
            155
          ],
          "offset": [
            -2,
            -4
          ],
          "originalSize": [
            223,
            237
          ],
          "capInsets": [
            0,
            0,
            0,
            0
          ]
        }
      ],
      [
        0
      ],
      0,
      [
        0
      ],
      [
        0
      ],
      [
        0
      ]
    ],
    [
      [
        {
          "name": "ps_particle_a_add_04",
          "rect": [
            1,
            1097,
            159,
            139
          ],
          "offset": [
            0,
            0
          ],
          "originalSize": [
            223,
            237
          ],
          "capInsets": [
            0,
            0,
            0,
            0
          ]
        }
      ],
      [
        0
      ],
      0,
      [
        0
      ],
      [
        0
      ],
      [
        0
      ]
    ],
    [
      [
        {
          "name": "ps_particle_a_add_17",
          "rect": [
            154,
            699,
            205,
            131
          ],
          "offset": [
            -9,
            0
          ],
          "originalSize": [
            223,
            237
          ],
          "rotated": 1,
          "capInsets": [
            0,
            0,
            0,
            0
          ]
        }
      ],
      [
        0
      ],
      0,
      [
        0
      ],
      [
        0
      ],
      [
        0
      ]
    ],
    [
      [
        {
          "name": "ps_particle_a_add_18",
          "rect": [
            166,
            906,
            205,
            131
          ],
          "offset": [
            -9,
            1
          ],
          "originalSize": [
            223,
            237
          ],
          "rotated": 1,
          "capInsets": [
            0,
            0,
            0,
            0
          ]
        }
      ],
      [
        0
      ],
      0,
      [
        0
      ],
      [
        0
      ],
      [
        0
      ]
    ],
    [
      [
        {
          "name": "ps_particle_a_add_15",
          "rect": [
            1,
            1,
            203,
            175
          ],
          "offset": [
            -10,
            -1
          ],
          "originalSize": [
            223,
            237
          ],
          "capInsets": [
            0,
            0,
            0,
            0
          ]
        }
      ],
      [
        0
      ],
      0,
      [
        0
      ],
      [
        0
      ],
      [
        0
      ]
    ],
    [
      [
        {
          "name": "ps_particle_a_add_09",
          "rect": [
            1,
            906,
            189,
            163
          ],
          "offset": [
            -4,
            -4
          ],
          "originalSize": [
            223,
            237
          ],
          "rotated": 1,
          "capInsets": [
            0,
            0,
            0,
            0
          ]
        }
      ],
      [
        0
      ],
      0,
      [
        0
      ],
      [
        0
      ],
      [
        0
      ]
    ],
    [
      [
        {
          "name": "ps_particle_a_add_12",
          "rect": [
            1,
            355,
            195,
            173
          ],
          "offset": [
            -9,
            -3
          ],
          "originalSize": [
            223,
            237
          ],
          "capInsets": [
            0,
            0,
            0,
            0
          ]
        }
      ],
      [
        0
      ],
      0,
      [
        0
      ],
      [
        0
      ],
      [
        0
      ]
    ]
  ]
]