[
  1,
  [
    "92fEDHi+lLsJAD7qFWEiAS",
    "011uwZGO9OnrEYQkVvwKsg"
  ],
  [
    "_textureSetter",
    "spriteFrame"
  ],
  [
    "cc.SpriteFrame",
    [
      "cc.BitmapFont",
      [
        "_name",
        "fontSize",
        "_fntConfig"
      ],
      0
    ]
  ],
  [
    [
      1,
      0,
      1,
      2,
      4
    ]
  ],
  [
    [
      [
        {
          "name": "MyriadB_RNG_Gold-export",
          "rect": [
            0,
            0,
            378,
            378
          ],
          "offset": [
            0,
            0.5
          ],
          "originalSize": [
            378,
            379
          ],
          "capInsets": [
            0,
            0,
            0,
            0
          ]
        }
      ],
      [
        0
      ],
      0,
      [
        0
      ],
      [
        0
      ],
      [
        0
      ]
    ],
    [
      [
        [
          0,
          "MyriadB_RNG_Gold-export",
          32,
          {
            "commonHeight": 28,
            "fontSize": 32,
            "atlasName": "MyriadB_RNG_Gold-export",
            "fontDefDictionary": {
              "9": {
                "xOffset": 0,
                "yOffset": 0,
                "xAdvance": 450,
                "rect": {
                  "x": 0,
                  "y": 0,
                  "width": 0,
                  "height": 0
                }
              },
              "32": {
                "xOffset": 0,
                "yOffset": 0,
                "xAdvance": 9,
                "rect": {
                  "x": 0,
                  "y": 0,
                  "width": 0,
                  "height": 0
                }
              },
              "33": {
                "xOffset": 0,
                "yOffset": 2,
                "xAdvance": 8,
                "rect": {
                  "x": 359,
                  "y": 181,
                  "width": 10,
                  "height": 26
                }
              },
              "34": {
                "xOffset": 0,
                "yOffset": 2,
                "xAdvance": 12,
                "rect": {
                  "x": 102,
                  "y": 126,
                  "width": 14,
                  "height": 13
                }
              },
              "35": {
                "xOffset": 0,
                "yOffset": 2,
                "xAdvance": 17,
                "rect": {
                  "x": 235,
                  "y": 261,
                  "width": 19,
                  "height": 26
                }
              },
              "36": {
                "xOffset": 0,
                "yOffset": 0,
                "xAdvance": 16,
                "rect": {
                  "x": 275,
                  "y": 115,
                  "width": 18,
                  "height": 31
                }
              },
              "37": {
                "xOffset": 0,
                "yOffset": 2,
                "xAdvance": 28,
                "rect": {
                  "x": 0,
                  "y": 0,
                  "width": 30,
                  "height": 26
                }
              },
              "38": {
                "xOffset": 0,
                "yOffset": 2,
                "xAdvance": 22,
                "rect": {
                  "x": 28,
                  "y": 89,
                  "width": 24,
                  "height": 26
                }
              },
              "39": {
                "xOffset": 0,
                "yOffset": 2,
                "xAdvance": 6,
                "rect": {
                  "x": 275,
                  "y": 175,
                  "width": 8,
                  "height": 13
                }
              },
              "40": {
                "xOffset": 0,
                "yOffset": 1,
                "xAdvance": 9,
                "rect": {
                  "x": 349,
                  "y": 31,
                  "width": 11,
                  "height": 31
                }
              },
              "41": {
                "xOffset": 0,
                "yOffset": 1,
                "xAdvance": 9,
                "rect": {
                  "x": 349,
                  "y": 63,
                  "width": 11,
                  "height": 31
                }
              },
              "42": {
                "xOffset": 0,
                "yOffset": 2,
                "xAdvance": 14,
                "rect": {
                  "x": 171,
                  "y": 359,
                  "width": 16,
                  "height": 17
                }
              },
              "43": {
                "xOffset": 0,
                "yOffset": 6,
                "xAdvance": 19,
                "rect": {
                  "x": 171,
                  "y": 215,
                  "width": 21,
                  "height": 23
                }
              },
              "44": {
                "xOffset": 0,
                "yOffset": 18,
                "xAdvance": 9,
                "rect": {
                  "x": 53,
                  "y": 101,
                  "width": 11,
                  "height": 14
                }
              },
              "45": {
                "xOffset": 0,
                "yOffset": 13,
                "xAdvance": 10,
                "rect": {
                  "x": 213,
                  "y": 370,
                  "width": 12,
                  "height": 8
                }
              },
              "46": {
                "xOffset": 0,
                "yOffset": 18,
                "xAdvance": 8,
                "rect": {
                  "x": 126,
                  "y": 114,
                  "width": 10,
                  "height": 10
                }
              },
              "47": {
                "xOffset": 0,
                "yOffset": 2,
                "xAdvance": 12,
                "rect": {
                  "x": 331,
                  "y": 179,
                  "width": 14,
                  "height": 28
                }
              },
              "48": {
                "xOffset": 0,
                "yOffset": 2,
                "xAdvance": 18,
                "rect": {
                  "x": 214,
                  "y": 312,
                  "width": 20,
                  "height": 26
                }
              },
              "49": {
                "xOffset": 0,
                "yOffset": 2,
                "xAdvance": 11,
                "rect": {
                  "x": 331,
                  "y": 289,
                  "width": 13,
                  "height": 26
                }
              },
              "50": {
                "xOffset": 0,
                "yOffset": 2,
                "xAdvance": 17,
                "rect": {
                  "x": 235,
                  "y": 316,
                  "width": 19,
                  "height": 26
                }
              },
              "51": {
                "xOffset": 0,
                "yOffset": 2,
                "xAdvance": 16,
                "rect": {
                  "x": 293,
                  "y": 301,
                  "width": 18,
                  "height": 26
                }
              },
              "52": {
                "xOffset": 0,
                "yOffset": 2,
                "xAdvance": 18,
                "rect": {
                  "x": 214,
                  "y": 142,
                  "width": 20,
                  "height": 26
                }
              },
              "53": {
                "xOffset": 0,
                "yOffset": 2,
                "xAdvance": 16,
                "rect": {
                  "x": 294,
                  "y": 143,
                  "width": 18,
                  "height": 26
                }
              },
              "54": {
                "xOffset": 0,
                "yOffset": 2,
                "xAdvance": 17,
                "rect": {
                  "x": 255,
                  "y": 144,
                  "width": 19,
                  "height": 26
                }
              },
              "55": {
                "xOffset": 0,
                "yOffset": 2,
                "xAdvance": 16,
                "rect": {
                  "x": 275,
                  "y": 67,
                  "width": 18,
                  "height": 26
                }
              },
              "56": {
                "xOffset": 0,
                "yOffset": 2,
                "xAdvance": 17,
                "rect": {
                  "x": 255,
                  "y": 27,
                  "width": 19,
                  "height": 26
                }
              },
              "57": {
                "xOffset": 0,
                "yOffset": 2,
                "xAdvance": 17,
                "rect": {
                  "x": 255,
                  "y": 0,
                  "width": 19,
                  "height": 26
                }
              },
              "58": {
                "xOffset": 0,
                "yOffset": 8,
                "xAdvance": 8,
                "rect": {
                  "x": 359,
                  "y": 160,
                  "width": 10,
                  "height": 20
                }
              },
              "59": {
                "xOffset": 0,
                "yOffset": 8,
                "xAdvance": 9,
                "rect": {
                  "x": 348,
                  "y": 350,
                  "width": 11,
                  "height": 24
                }
              },
              "60": {
                "xOffset": 0,
                "yOffset": 6,
                "xAdvance": 17,
                "rect": {
                  "x": 235,
                  "y": 343,
                  "width": 19,
                  "height": 22
                }
              },
              "61": {
                "xOffset": 0,
                "yOffset": 10,
                "xAdvance": 18,
                "rect": {
                  "x": 149,
                  "y": 216,
                  "width": 20,
                  "height": 14
                }
              },
              "62": {
                "xOffset": 0,
                "yOffset": 6,
                "xAdvance": 17,
                "rect": {
                  "x": 255,
                  "y": 171,
                  "width": 19,
                  "height": 22
                }
              },
              "63": {
                "xOffset": 0,
                "yOffset": 2,
                "xAdvance": 14,
                "rect": {
                  "x": 331,
                  "y": 70,
                  "width": 16,
                  "height": 26
                }
              },
              "64": {
                "xOffset": 0,
                "yOffset": 5,
                "xAdvance": 23,
                "rect": {
                  "x": 26,
                  "y": 193,
                  "width": 25,
                  "height": 26
                }
              },
              "65": {
                "xOffset": 0,
                "yOffset": 2,
                "xAdvance": 21,
                "rect": {
                  "x": 78,
                  "y": 71,
                  "width": 23,
                  "height": 26
                }
              },
              "66": {
                "xOffset": 0,
                "yOffset": 2,
                "xAdvance": 18,
                "rect": {
                  "x": 214,
                  "y": 196,
                  "width": 20,
                  "height": 26
                }
              },
              "67": {
                "xOffset": 0,
                "yOffset": 2,
                "xAdvance": 18,
                "rect": {
                  "x": 214,
                  "y": 285,
                  "width": 20,
                  "height": 26
                }
              },
              "68": {
                "xOffset": 0,
                "yOffset": 2,
                "xAdvance": 21,
                "rect": {
                  "x": 105,
                  "y": 0,
                  "width": 23,
                  "height": 26
                }
              },
              "69": {
                "xOffset": 0,
                "yOffset": 2,
                "xAdvance": 16,
                "rect": {
                  "x": 312,
                  "y": 198,
                  "width": 18,
                  "height": 26
                }
              },
              "70": {
                "xOffset": 0,
                "yOffset": 2,
                "xAdvance": 15,
                "rect": {
                  "x": 330,
                  "y": 331,
                  "width": 17,
                  "height": 26
                }
              },
              "71": {
                "xOffset": 0,
                "yOffset": 2,
                "xAdvance": 21,
                "rect": {
                  "x": 102,
                  "y": 67,
                  "width": 23,
                  "height": 26
                }
              },
              "72": {
                "xOffset": 0,
                "yOffset": 2,
                "xAdvance": 20,
                "rect": {
                  "x": 126,
                  "y": 60,
                  "width": 22,
                  "height": 26
                }
              },
              "73": {
                "xOffset": 0,
                "yOffset": 2,
                "xAdvance": 7,
                "rect": {
                  "x": 359,
                  "y": 239,
                  "width": 9,
                  "height": 26
                }
              },
              "74": {
                "xOffset": 0,
                "yOffset": 2,
                "xAdvance": 13,
                "rect": {
                  "x": 331,
                  "y": 97,
                  "width": 15,
                  "height": 26
                }
              },
              "75": {
                "xOffset": 0,
                "yOffset": 2,
                "xAdvance": 19,
                "rect": {
                  "x": 171,
                  "y": 301,
                  "width": 21,
                  "height": 26
                }
              },
              "76": {
                "xOffset": 0,
                "yOffset": 2,
                "xAdvance": 15,
                "rect": {
                  "x": 312,
                  "y": 331,
                  "width": 17,
                  "height": 26
                }
              },
              "77": {
                "xOffset": 0,
                "yOffset": 2,
                "xAdvance": 25,
                "rect": {
                  "x": 0,
                  "y": 75,
                  "width": 27,
                  "height": 26
                }
              },
              "78": {
                "xOffset": 0,
                "yOffset": 2,
                "xAdvance": 20,
                "rect": {
                  "x": 126,
                  "y": 87,
                  "width": 22,
                  "height": 26
                }
              },
              "79": {
                "xOffset": 0,
                "yOffset": 2,
                "xAdvance": 22,
                "rect": {
                  "x": 52,
                  "y": 294,
                  "width": 24,
                  "height": 26
                }
              },
              "80": {
                "xOffset": 0,
                "yOffset": 2,
                "xAdvance": 17,
                "rect": {
                  "x": 255,
                  "y": 117,
                  "width": 19,
                  "height": 26
                }
              },
              "81": {
                "xOffset": 0,
                "yOffset": 2,
                "xAdvance": 22,
                "rect": {
                  "x": 56,
                  "y": 0,
                  "width": 24,
                  "height": 31
                }
              },
              "82": {
                "xOffset": 0,
                "yOffset": 2,
                "xAdvance": 18,
                "rect": {
                  "x": 214,
                  "y": 223,
                  "width": 20,
                  "height": 26
                }
              },
              "83": {
                "xOffset": 0,
                "yOffset": 2,
                "xAdvance": 17,
                "rect": {
                  "x": 255,
                  "y": 54,
                  "width": 19,
                  "height": 26
                }
              },
              "84": {
                "xOffset": 0,
                "yOffset": 2,
                "xAdvance": 18,
                "rect": {
                  "x": 214,
                  "y": 169,
                  "width": 20,
                  "height": 26
                }
              },
              "85": {
                "xOffset": 0,
                "yOffset": 2,
                "xAdvance": 19,
                "rect": {
                  "x": 171,
                  "y": 239,
                  "width": 21,
                  "height": 26
                }
              },
              "86": {
                "xOffset": 0,
                "yOffset": 2,
                "xAdvance": 21,
                "rect": {
                  "x": 77,
                  "y": 212,
                  "width": 23,
                  "height": 26
                }
              },
              "87": {
                "xOffset": 0,
                "yOffset": 2,
                "xAdvance": 28,
                "rect": {
                  "x": 0,
                  "y": 27,
                  "width": 30,
                  "height": 26
                }
              },
              "88": {
                "xOffset": 0,
                "yOffset": 2,
                "xAdvance": 20,
                "rect": {
                  "x": 125,
                  "y": 290,
                  "width": 22,
                  "height": 26
                }
              },
              "89": {
                "xOffset": 0,
                "yOffset": 2,
                "xAdvance": 20,
                "rect": {
                  "x": 125,
                  "y": 352,
                  "width": 22,
                  "height": 26
                }
              },
              "90": {
                "xOffset": 0,
                "yOffset": 2,
                "xAdvance": 18,
                "rect": {
                  "x": 214,
                  "y": 0,
                  "width": 20,
                  "height": 26
                }
              },
              "91": {
                "xOffset": 0,
                "yOffset": 2,
                "xAdvance": 8,
                "rect": {
                  "x": 359,
                  "y": 208,
                  "width": 10,
                  "height": 30
                }
              },
              "92": {
                "xOffset": 0,
                "yOffset": 2,
                "xAdvance": 12,
                "rect": {
                  "x": 331,
                  "y": 208,
                  "width": 14,
                  "height": 28
                }
              },
              "93": {
                "xOffset": 0,
                "yOffset": 2,
                "xAdvance": 9,
                "rect": {
                  "x": 349,
                  "y": 0,
                  "width": 11,
                  "height": 30
                }
              },
              "94": {
                "xOffset": 0,
                "yOffset": 2,
                "xAdvance": 18,
                "rect": {
                  "x": 172,
                  "y": 93,
                  "width": 20,
                  "height": 20
                }
              },
              "95": {
                "xOffset": 0,
                "yOffset": 26,
                "xAdvance": 18,
                "rect": {
                  "x": 31,
                  "y": 47,
                  "width": 20,
                  "height": 6
                }
              },
              "96": {
                "xOffset": 0,
                "yOffset": 1,
                "xAdvance": 9,
                "rect": {
                  "x": 65,
                  "y": 101,
                  "width": 11,
                  "height": 9
                }
              },
              "97": {
                "xOffset": 0,
                "yOffset": 8,
                "xAdvance": 16,
                "rect": {
                  "x": 275,
                  "y": 94,
                  "width": 18,
                  "height": 20
                }
              },
              "98": {
                "xOffset": 0,
                "yOffset": 0,
                "xAdvance": 18,
                "rect": {
                  "x": 214,
                  "y": 55,
                  "width": 20,
                  "height": 28
                }
              },
              "99": {
                "xOffset": 0,
                "yOffset": 8,
                "xAdvance": 15,
                "rect": {
                  "x": 313,
                  "y": 69,
                  "width": 17,
                  "height": 20
                }
              },
              "100": {
                "xOffset": 0,
                "yOffset": 0,
                "xAdvance": 17,
                "rect": {
                  "x": 235,
                  "y": 232,
                  "width": 19,
                  "height": 28
                }
              },
              "101": {
                "xOffset": 0,
                "yOffset": 8,
                "xAdvance": 17,
                "rect": {
                  "x": 193,
                  "y": 355,
                  "width": 19,
                  "height": 20
                }
              },
              "102": {
                "xOffset": 0,
                "yOffset": 0,
                "xAdvance": 13,
                "rect": {
                  "x": 331,
                  "y": 124,
                  "width": 15,
                  "height": 28
                }
              },
              "103": {
                "xOffset": 0,
                "yOffset": 8,
                "xAdvance": 17,
                "rect": {
                  "x": 129,
                  "y": 0,
                  "width": 19,
                  "height": 26
                }
              },
              "104": {
                "xOffset": 0,
                "yOffset": 0,
                "xAdvance": 16,
                "rect": {
                  "x": 294,
                  "y": 114,
                  "width": 18,
                  "height": 28
                }
              },
              "105": {
                "xOffset": 0,
                "yOffset": 1,
                "xAdvance": 7,
                "rect": {
                  "x": 360,
                  "y": 350,
                  "width": 9,
                  "height": 27
                }
              },
              "106": {
                "xOffset": 0,
                "yOffset": 1,
                "xAdvance": 10,
                "rect": {
                  "x": 346,
                  "y": 217,
                  "width": 12,
                  "height": 33
                }
              },
              "107": {
                "xOffset": 0,
                "yOffset": 0,
                "xAdvance": 17,
                "rect": {
                  "x": 235,
                  "y": 115,
                  "width": 19,
                  "height": 28
                }
              },
              "108": {
                "xOffset": 0,
                "yOffset": 0,
                "xAdvance": 7,
                "rect": {
                  "x": 360,
                  "y": 95,
                  "width": 9,
                  "height": 28
                }
              },
              "109": {
                "xOffset": 0,
                "yOffset": 8,
                "xAdvance": 25,
                "rect": {
                  "x": 0,
                  "y": 54,
                  "width": 27,
                  "height": 20
                }
              },
              "110": {
                "xOffset": 0,
                "yOffset": 8,
                "xAdvance": 17,
                "rect": {
                  "x": 235,
                  "y": 94,
                  "width": 19,
                  "height": 20
                }
              },
              "111": {
                "xOffset": 0,
                "yOffset": 8,
                "xAdvance": 18,
                "rect": {
                  "x": 73,
                  "y": 356,
                  "width": 20,
                  "height": 20
                }
              },
              "112": {
                "xOffset": 0,
                "yOffset": 8,
                "xAdvance": 18,
                "rect": {
                  "x": 193,
                  "y": 191,
                  "width": 20,
                  "height": 26
                }
              },
              "113": {
                "xOffset": 0,
                "yOffset": 8,
                "xAdvance": 17,
                "rect": {
                  "x": 235,
                  "y": 35,
                  "width": 19,
                  "height": 26
                }
              },
              "114": {
                "xOffset": 0,
                "yOffset": 8,
                "xAdvance": 12,
                "rect": {
                  "x": 331,
                  "y": 237,
                  "width": 14,
                  "height": 20
                }
              },
              "115": {
                "xOffset": 0,
                "yOffset": 8,
                "xAdvance": 13,
                "rect": {
                  "x": 330,
                  "y": 358,
                  "width": 15,
                  "height": 20
                }
              },
              "116": {
                "xOffset": 0,
                "yOffset": 3,
                "xAdvance": 12,
                "rect": {
                  "x": 331,
                  "y": 153,
                  "width": 14,
                  "height": 25
                }
              },
              "117": {
                "xOffset": 0,
                "yOffset": 8,
                "xAdvance": 16,
                "rect": {
                  "x": 293,
                  "y": 328,
                  "width": 18,
                  "height": 20
                }
              },
              "118": {
                "xOffset": 0,
                "yOffset": 8,
                "xAdvance": 18,
                "rect": {
                  "x": 193,
                  "y": 249,
                  "width": 20,
                  "height": 20
                }
              },
              "119": {
                "xOffset": 0,
                "yOffset": 8,
                "xAdvance": 25,
                "rect": {
                  "x": 0,
                  "y": 102,
                  "width": 27,
                  "height": 20
                }
              },
              "120": {
                "xOffset": 0,
                "yOffset": 8,
                "xAdvance": 18,
                "rect": {
                  "x": 193,
                  "y": 270,
                  "width": 20,
                  "height": 20
                }
              },
              "121": {
                "xOffset": 0,
                "yOffset": 8,
                "xAdvance": 18,
                "rect": {
                  "x": 172,
                  "y": 0,
                  "width": 20,
                  "height": 28
                }
              },
              "122": {
                "xOffset": 0,
                "yOffset": 8,
                "xAdvance": 15,
                "rect": {
                  "x": 312,
                  "y": 358,
                  "width": 17,
                  "height": 20
                }
              },
              "123": {
                "xOffset": 0,
                "yOffset": 2,
                "xAdvance": 11,
                "rect": {
                  "x": 331,
                  "y": 258,
                  "width": 13,
                  "height": 30
                }
              },
              "124": {
                "xOffset": 0,
                "yOffset": -1,
                "xAdvance": 6,
                "rect": {
                  "x": 369,
                  "y": 239,
                  "width": 8,
                  "height": 37
                }
              },
              "125": {
                "xOffset": 0,
                "yOffset": 2,
                "xAdvance": 10,
                "rect": {
                  "x": 348,
                  "y": 319,
                  "width": 12,
                  "height": 30
                }
              },
              "126": {
                "xOffset": 0,
                "yOffset": 11,
                "xAdvance": 18,
                "rect": {
                  "x": 31,
                  "y": 35,
                  "width": 20,
                  "height": 11
                }
              },
              "192": {
                "xOffset": 0,
                "yOffset": -3,
                "xAdvance": 21,
                "rect": {
                  "x": 102,
                  "y": 94,
                  "width": 23,
                  "height": 31
                }
              },
              "193": {
                "xOffset": 0,
                "yOffset": -3,
                "xAdvance": 21,
                "rect": {
                  "x": 101,
                  "y": 243,
                  "width": 23,
                  "height": 31
                }
              },
              "194": {
                "xOffset": 0,
                "yOffset": -3,
                "xAdvance": 21,
                "rect": {
                  "x": 125,
                  "y": 164,
                  "width": 23,
                  "height": 31
                }
              },
              "195": {
                "xOffset": 0,
                "yOffset": -4,
                "xAdvance": 22,
                "rect": {
                  "x": 26,
                  "y": 322,
                  "width": 24,
                  "height": 32
                }
              },
              "200": {
                "xOffset": 0,
                "yOffset": -3,
                "xAdvance": 15,
                "rect": {
                  "x": 313,
                  "y": 90,
                  "width": 17,
                  "height": 31
                }
              },
              "201": {
                "xOffset": 0,
                "yOffset": -3,
                "xAdvance": 15,
                "rect": {
                  "x": 313,
                  "y": 122,
                  "width": 17,
                  "height": 31
                }
              },
              "202": {
                "xOffset": 0,
                "yOffset": -3,
                "xAdvance": 15,
                "rect": {
                  "x": 313,
                  "y": 37,
                  "width": 17,
                  "height": 31
                }
              },
              "204": {
                "xOffset": 0,
                "yOffset": -3,
                "xAdvance": 10,
                "rect": {
                  "x": 346,
                  "y": 153,
                  "width": 12,
                  "height": 31
                }
              },
              "205": {
                "xOffset": 0,
                "yOffset": -3,
                "xAdvance": 10,
                "rect": {
                  "x": 346,
                  "y": 185,
                  "width": 12,
                  "height": 31
                }
              },
              "210": {
                "xOffset": 0,
                "yOffset": -3,
                "xAdvance": 22,
                "rect": {
                  "x": 53,
                  "y": 69,
                  "width": 24,
                  "height": 31
                }
              },
              "211": {
                "xOffset": 0,
                "yOffset": -3,
                "xAdvance": 22,
                "rect": {
                  "x": 52,
                  "y": 116,
                  "width": 24,
                  "height": 31
                }
              },
              "212": {
                "xOffset": 0,
                "yOffset": -3,
                "xAdvance": 22,
                "rect": {
                  "x": 51,
                  "y": 322,
                  "width": 24,
                  "height": 31
                }
              },
              "213": {
                "xOffset": 0,
                "yOffset": -4,
                "xAdvance": 22,
                "rect": {
                  "x": 52,
                  "y": 188,
                  "width": 24,
                  "height": 32
                }
              },
              "217": {
                "xOffset": 0,
                "yOffset": -3,
                "xAdvance": 19,
                "rect": {
                  "x": 171,
                  "y": 183,
                  "width": 21,
                  "height": 31
                }
              },
              "218": {
                "xOffset": 0,
                "yOffset": -3,
                "xAdvance": 19,
                "rect": {
                  "x": 149,
                  "y": 184,
                  "width": 21,
                  "height": 31
                }
              },
              "221": {
                "xOffset": 0,
                "yOffset": -3,
                "xAdvance": 21,
                "rect": {
                  "x": 101,
                  "y": 346,
                  "width": 23,
                  "height": 31
                }
              },
              "224": {
                "xOffset": 0,
                "yOffset": 1,
                "xAdvance": 16,
                "rect": {
                  "x": 293,
                  "y": 175,
                  "width": 18,
                  "height": 27
                }
              },
              "225": {
                "xOffset": 0,
                "yOffset": 1,
                "xAdvance": 16,
                "rect": {
                  "x": 255,
                  "y": 342,
                  "width": 18,
                  "height": 27
                }
              },
              "226": {
                "xOffset": 0,
                "yOffset": 1,
                "xAdvance": 16,
                "rect": {
                  "x": 274,
                  "y": 227,
                  "width": 18,
                  "height": 27
                }
              },
              "227": {
                "xOffset": 0,
                "yOffset": 1,
                "xAdvance": 16,
                "rect": {
                  "x": 255,
                  "y": 314,
                  "width": 18,
                  "height": 27
                }
              },
              "232": {
                "xOffset": 0,
                "yOffset": 1,
                "xAdvance": 17,
                "rect": {
                  "x": 235,
                  "y": 288,
                  "width": 19,
                  "height": 27
                }
              },
              "233": {
                "xOffset": 0,
                "yOffset": 1,
                "xAdvance": 16,
                "rect": {
                  "x": 275,
                  "y": 147,
                  "width": 18,
                  "height": 27
                }
              },
              "234": {
                "xOffset": 0,
                "yOffset": 1,
                "xAdvance": 17,
                "rect": {
                  "x": 235,
                  "y": 144,
                  "width": 19,
                  "height": 27
                }
              },
              "236": {
                "xOffset": 0,
                "yOffset": 1,
                "xAdvance": 10,
                "rect": {
                  "x": 347,
                  "y": 97,
                  "width": 12,
                  "height": 27
                }
              },
              "237": {
                "xOffset": 0,
                "yOffset": 1,
                "xAdvance": 9,
                "rect": {
                  "x": 347,
                  "y": 125,
                  "width": 11,
                  "height": 27
                }
              },
              "242": {
                "xOffset": 0,
                "yOffset": 1,
                "xAdvance": 18,
                "rect": {
                  "x": 193,
                  "y": 127,
                  "width": 20,
                  "height": 27
                }
              },
              "243": {
                "xOffset": 0,
                "yOffset": 1,
                "xAdvance": 18,
                "rect": {
                  "x": 214,
                  "y": 114,
                  "width": 20,
                  "height": 27
                }
              },
              "244": {
                "xOffset": 0,
                "yOffset": 1,
                "xAdvance": 18,
                "rect": {
                  "x": 193,
                  "y": 0,
                  "width": 20,
                  "height": 27
                }
              },
              "245": {
                "xOffset": 0,
                "yOffset": 1,
                "xAdvance": 18,
                "rect": {
                  "x": 193,
                  "y": 99,
                  "width": 20,
                  "height": 27
                }
              },
              "249": {
                "xOffset": 0,
                "yOffset": 1,
                "xAdvance": 16,
                "rect": {
                  "x": 293,
                  "y": 349,
                  "width": 18,
                  "height": 27
                }
              },
              "250": {
                "xOffset": 0,
                "yOffset": 1,
                "xAdvance": 16,
                "rect": {
                  "x": 294,
                  "y": 58,
                  "width": 18,
                  "height": 27
                }
              },
              "253": {
                "xOffset": 0,
                "yOffset": 1,
                "xAdvance": 18,
                "rect": {
                  "x": 193,
                  "y": 291,
                  "width": 20,
                  "height": 35
                }
              },
              "258": {
                "xOffset": 0,
                "yOffset": -4,
                "xAdvance": 21,
                "rect": {
                  "x": 101,
                  "y": 176,
                  "width": 23,
                  "height": 32
                }
              },
              "259": {
                "xOffset": 0,
                "yOffset": 1,
                "xAdvance": 16,
                "rect": {
                  "x": 255,
                  "y": 194,
                  "width": 18,
                  "height": 27
                }
              },
              "272": {
                "xOffset": 0,
                "yOffset": 2,
                "xAdvance": 23,
                "rect": {
                  "x": 0,
                  "y": 255,
                  "width": 25,
                  "height": 26
                }
              },
              "273": {
                "xOffset": 0,
                "yOffset": 0,
                "xAdvance": 20,
                "rect": {
                  "x": 125,
                  "y": 261,
                  "width": 22,
                  "height": 28
                }
              },
              "296": {
                "xOffset": 0,
                "yOffset": -4,
                "xAdvance": 10,
                "rect": {
                  "x": 345,
                  "y": 286,
                  "width": 12,
                  "height": 32
                }
              },
              "297": {
                "xOffset": 0,
                "yOffset": 1,
                "xAdvance": 11,
                "rect": {
                  "x": 345,
                  "y": 258,
                  "width": 13,
                  "height": 27
                }
              },
              "360": {
                "xOffset": 0,
                "yOffset": -4,
                "xAdvance": 19,
                "rect": {
                  "x": 149,
                  "y": 117,
                  "width": 21,
                  "height": 32
                }
              },
              "361": {
                "xOffset": 0,
                "yOffset": 1,
                "xAdvance": 16,
                "rect": {
                  "x": 294,
                  "y": 30,
                  "width": 18,
                  "height": 27
                }
              },
              "416": {
                "xOffset": 0,
                "yOffset": -1,
                "xAdvance": 23,
                "rect": {
                  "x": 0,
                  "y": 190,
                  "width": 25,
                  "height": 29
                }
              },
              "417": {
                "xOffset": 0,
                "yOffset": 5,
                "xAdvance": 20,
                "rect": {
                  "x": 26,
                  "y": 355,
                  "width": 22,
                  "height": 23
                }
              },
              "431": {
                "xOffset": 0,
                "yOffset": -2,
                "xAdvance": 23,
                "rect": {
                  "x": 0,
                  "y": 314,
                  "width": 25,
                  "height": 30
                }
              },
              "432": {
                "xOffset": 0,
                "yOffset": 4,
                "xAdvance": 19,
                "rect": {
                  "x": 51,
                  "y": 354,
                  "width": 21,
                  "height": 24
                }
              },
              "7840": {
                "xOffset": 0,
                "yOffset": 2,
                "xAdvance": 21,
                "rect": {
                  "x": 101,
                  "y": 209,
                  "width": 23,
                  "height": 33
                }
              },
              "7841": {
                "xOffset": 0,
                "yOffset": 8,
                "xAdvance": 16,
                "rect": {
                  "x": 255,
                  "y": 222,
                  "width": 18,
                  "height": 27
                }
              },
              "7842": {
                "xOffset": 0,
                "yOffset": -6,
                "xAdvance": 21,
                "rect": {
                  "x": 102,
                  "y": 32,
                  "width": 23,
                  "height": 34
                }
              },
              "7843": {
                "xOffset": 0,
                "yOffset": -1,
                "xAdvance": 16,
                "rect": {
                  "x": 274,
                  "y": 318,
                  "width": 18,
                  "height": 29
                }
              },
              "7844": {
                "xOffset": 0,
                "yOffset": -6,
                "xAdvance": 21,
                "rect": {
                  "x": 77,
                  "y": 177,
                  "width": 23,
                  "height": 34
                }
              },
              "7845": {
                "xOffset": 0,
                "yOffset": -2,
                "xAdvance": 18,
                "rect": {
                  "x": 214,
                  "y": 339,
                  "width": 20,
                  "height": 30
                }
              },
              "7846": {
                "xOffset": 0,
                "yOffset": -6,
                "xAdvance": 21,
                "rect": {
                  "x": 125,
                  "y": 196,
                  "width": 23,
                  "height": 34
                }
              },
              "7847": {
                "xOffset": 0,
                "yOffset": -2,
                "xAdvance": 16,
                "rect": {
                  "x": 274,
                  "y": 255,
                  "width": 18,
                  "height": 30
                }
              },
              "7848": {
                "xOffset": 0,
                "yOffset": -7,
                "xAdvance": 21,
                "rect": {
                  "x": 77,
                  "y": 239,
                  "width": 23,
                  "height": 35
                }
              },
              "7849": {
                "xOffset": 0,
                "yOffset": -3,
                "xAdvance": 17,
                "rect": {
                  "x": 235,
                  "y": 172,
                  "width": 19,
                  "height": 31
                }
              },
              "7850": {
                "xOffset": 0,
                "yOffset": -8,
                "xAdvance": 21,
                "rect": {
                  "x": 77,
                  "y": 140,
                  "width": 23,
                  "height": 36
                }
              },
              "7851": {
                "xOffset": 0,
                "yOffset": -3,
                "xAdvance": 16,
                "rect": {
                  "x": 274,
                  "y": 286,
                  "width": 18,
                  "height": 31
                }
              },
              "7852": {
                "xOffset": 0,
                "yOffset": -3,
                "xAdvance": 21,
                "rect": {
                  "x": 78,
                  "y": 32,
                  "width": 23,
                  "height": 38
                }
              },
              "7853": {
                "xOffset": 0,
                "yOffset": 1,
                "xAdvance": 16,
                "rect": {
                  "x": 275,
                  "y": 32,
                  "width": 18,
                  "height": 34
                }
              },
              "7854": {
                "xOffset": 0,
                "yOffset": -7,
                "xAdvance": 21,
                "rect": {
                  "x": 101,
                  "y": 140,
                  "width": 23,
                  "height": 35
                }
              },
              "7855": {
                "xOffset": 0,
                "yOffset": -3,
                "xAdvance": 16,
                "rect": {
                  "x": 275,
                  "y": 0,
                  "width": 18,
                  "height": 31
                }
              },
              "7856": {
                "xOffset": 0,
                "yOffset": -7,
                "xAdvance": 21,
                "rect": {
                  "x": 77,
                  "y": 275,
                  "width": 23,
                  "height": 35
                }
              },
              "7857": {
                "xOffset": 0,
                "yOffset": -3,
                "xAdvance": 16,
                "rect": {
                  "x": 255,
                  "y": 282,
                  "width": 18,
                  "height": 31
                }
              },
              "7858": {
                "xOffset": 0,
                "yOffset": -9,
                "xAdvance": 21,
                "rect": {
                  "x": 125,
                  "y": 126,
                  "width": 23,
                  "height": 37
                }
              },
              "7859": {
                "xOffset": 0,
                "yOffset": -4,
                "xAdvance": 16,
                "rect": {
                  "x": 274,
                  "y": 194,
                  "width": 18,
                  "height": 32
                }
              },
              "7860": {
                "xOffset": 0,
                "yOffset": -8,
                "xAdvance": 21,
                "rect": {
                  "x": 101,
                  "y": 275,
                  "width": 23,
                  "height": 36
                }
              },
              "7861": {
                "xOffset": 0,
                "yOffset": -3,
                "xAdvance": 16,
                "rect": {
                  "x": 255,
                  "y": 250,
                  "width": 18,
                  "height": 31
                }
              },
              "7862": {
                "xOffset": 0,
                "yOffset": -4,
                "xAdvance": 22,
                "rect": {
                  "x": 52,
                  "y": 148,
                  "width": 24,
                  "height": 39
                }
              },
              "7863": {
                "xOffset": 0,
                "yOffset": 1,
                "xAdvance": 16,
                "rect": {
                  "x": 293,
                  "y": 234,
                  "width": 18,
                  "height": 34
                }
              },
              "7864": {
                "xOffset": 0,
                "yOffset": 2,
                "xAdvance": 16,
                "rect": {
                  "x": 312,
                  "y": 297,
                  "width": 18,
                  "height": 33
                }
              },
              "7865": {
                "xOffset": 0,
                "yOffset": 8,
                "xAdvance": 17,
                "rect": {
                  "x": 235,
                  "y": 204,
                  "width": 19,
                  "height": 27
                }
              },
              "7866": {
                "xOffset": 0,
                "yOffset": -6,
                "xAdvance": 15,
                "rect": {
                  "x": 331,
                  "y": 0,
                  "width": 17,
                  "height": 34
                }
              },
              "7867": {
                "xOffset": 0,
                "yOffset": -1,
                "xAdvance": 16,
                "rect": {
                  "x": 274,
                  "y": 348,
                  "width": 18,
                  "height": 29
                }
              },
              "7868": {
                "xOffset": 0,
                "yOffset": -4,
                "xAdvance": 16,
                "rect": {
                  "x": 312,
                  "y": 225,
                  "width": 18,
                  "height": 32
                }
              },
              "7869": {
                "xOffset": 0,
                "yOffset": 1,
                "xAdvance": 16,
                "rect": {
                  "x": 312,
                  "y": 170,
                  "width": 18,
                  "height": 27
                }
              },
              "7870": {
                "xOffset": 0,
                "yOffset": -6,
                "xAdvance": 18,
                "rect": {
                  "x": 214,
                  "y": 250,
                  "width": 20,
                  "height": 34
                }
              },
              "7871": {
                "xOffset": 0,
                "yOffset": -2,
                "xAdvance": 19,
                "rect": {
                  "x": 171,
                  "y": 328,
                  "width": 21,
                  "height": 30
                }
              },
              "7872": {
                "xOffset": 0,
                "yOffset": -6,
                "xAdvance": 15,
                "rect": {
                  "x": 331,
                  "y": 35,
                  "width": 17,
                  "height": 34
                }
              },
              "7873": {
                "xOffset": 0,
                "yOffset": -2,
                "xAdvance": 16,
                "rect": {
                  "x": 293,
                  "y": 203,
                  "width": 18,
                  "height": 30
                }
              },
              "7874": {
                "xOffset": 0,
                "yOffset": -7,
                "xAdvance": 17,
                "rect": {
                  "x": 255,
                  "y": 81,
                  "width": 19,
                  "height": 35
                }
              },
              "7875": {
                "xOffset": 0,
                "yOffset": -3,
                "xAdvance": 17,
                "rect": {
                  "x": 235,
                  "y": 62,
                  "width": 19,
                  "height": 31
                }
              },
              "7876": {
                "xOffset": 0,
                "yOffset": -8,
                "xAdvance": 15,
                "rect": {
                  "x": 313,
                  "y": 0,
                  "width": 17,
                  "height": 36
                }
              },
              "7877": {
                "xOffset": 0,
                "yOffset": -3,
                "xAdvance": 16,
                "rect": {
                  "x": 293,
                  "y": 269,
                  "width": 18,
                  "height": 31
                }
              },
              "7878": {
                "xOffset": 0,
                "yOffset": -3,
                "xAdvance": 16,
                "rect": {
                  "x": 312,
                  "y": 258,
                  "width": 18,
                  "height": 38
                }
              },
              "7879": {
                "xOffset": 0,
                "yOffset": 1,
                "xAdvance": 17,
                "rect": {
                  "x": 235,
                  "y": 0,
                  "width": 19,
                  "height": 34
                }
              },
              "7880": {
                "xOffset": 0,
                "yOffset": -6,
                "xAdvance": 9,
                "rect": {
                  "x": 359,
                  "y": 125,
                  "width": 11,
                  "height": 34
                }
              },
              "7881": {
                "xOffset": 0,
                "yOffset": -1,
                "xAdvance": 9,
                "rect": {
                  "x": 358,
                  "y": 286,
                  "width": 11,
                  "height": 29
                }
              },
              "7882": {
                "xOffset": 0,
                "yOffset": 2,
                "xAdvance": 7,
                "rect": {
                  "x": 361,
                  "y": 35,
                  "width": 9,
                  "height": 33
                }
              },
              "7883": {
                "xOffset": 0,
                "yOffset": 1,
                "xAdvance": 7,
                "rect": {
                  "x": 361,
                  "y": 0,
                  "width": 9,
                  "height": 34
                }
              },
              "7884": {
                "xOffset": 0,
                "yOffset": 2,
                "xAdvance": 22,
                "rect": {
                  "x": 53,
                  "y": 35,
                  "width": 24,
                  "height": 33
                }
              },
              "7885": {
                "xOffset": 0,
                "yOffset": 8,
                "xAdvance": 18,
                "rect": {
                  "x": 193,
                  "y": 327,
                  "width": 20,
                  "height": 27
                }
              },
              "7886": {
                "xOffset": 0,
                "yOffset": -6,
                "xAdvance": 22,
                "rect": {
                  "x": 76,
                  "y": 321,
                  "width": 24,
                  "height": 34
                }
              },
              "7887": {
                "xOffset": 0,
                "yOffset": -1,
                "xAdvance": 18,
                "rect": {
                  "x": 214,
                  "y": 84,
                  "width": 20,
                  "height": 29
                }
              },
              "7888": {
                "xOffset": 0,
                "yOffset": -6,
                "xAdvance": 22,
                "rect": {
                  "x": 31,
                  "y": 0,
                  "width": 24,
                  "height": 34
                }
              },
              "7889": {
                "xOffset": 0,
                "yOffset": -2,
                "xAdvance": 20,
                "rect": {
                  "x": 148,
                  "y": 259,
                  "width": 22,
                  "height": 30
                }
              },
              "7890": {
                "xOffset": 0,
                "yOffset": -6,
                "xAdvance": 22,
                "rect": {
                  "x": 28,
                  "y": 54,
                  "width": 24,
                  "height": 34
                }
              },
              "7891": {
                "xOffset": 0,
                "yOffset": -2,
                "xAdvance": 18,
                "rect": {
                  "x": 193,
                  "y": 218,
                  "width": 20,
                  "height": 30
                }
              },
              "7892": {
                "xOffset": 0,
                "yOffset": -7,
                "xAdvance": 22,
                "rect": {
                  "x": 52,
                  "y": 258,
                  "width": 24,
                  "height": 35
                }
              },
              "7893": {
                "xOffset": 0,
                "yOffset": -3,
                "xAdvance": 18,
                "rect": {
                  "x": 172,
                  "y": 61,
                  "width": 20,
                  "height": 31
                }
              },
              "7894": {
                "xOffset": 0,
                "yOffset": -8,
                "xAdvance": 22,
                "rect": {
                  "x": 52,
                  "y": 221,
                  "width": 24,
                  "height": 36
                }
              },
              "7895": {
                "xOffset": 0,
                "yOffset": -3,
                "xAdvance": 18,
                "rect": {
                  "x": 172,
                  "y": 29,
                  "width": 20,
                  "height": 31
                }
              },
              "7896": {
                "xOffset": 0,
                "yOffset": -3,
                "xAdvance": 22,
                "rect": {
                  "x": 77,
                  "y": 101,
                  "width": 24,
                  "height": 38
                }
              },
              "7897": {
                "xOffset": 0,
                "yOffset": 1,
                "xAdvance": 18,
                "rect": {
                  "x": 193,
                  "y": 28,
                  "width": 20,
                  "height": 34
                }
              },
              "7898": {
                "xOffset": 0,
                "yOffset": -3,
                "xAdvance": 23,
                "rect": {
                  "x": 26,
                  "y": 253,
                  "width": 25,
                  "height": 31
                }
              },
              "7899": {
                "xOffset": 0,
                "yOffset": 1,
                "xAdvance": 20,
                "rect": {
                  "x": 149,
                  "y": 59,
                  "width": 22,
                  "height": 27
                }
              },
              "7900": {
                "xOffset": 0,
                "yOffset": -3,
                "xAdvance": 23,
                "rect": {
                  "x": 0,
                  "y": 282,
                  "width": 25,
                  "height": 31
                }
              },
              "7901": {
                "xOffset": 0,
                "yOffset": 1,
                "xAdvance": 20,
                "rect": {
                  "x": 148,
                  "y": 290,
                  "width": 22,
                  "height": 27
                }
              },
              "7902": {
                "xOffset": 0,
                "yOffset": -6,
                "xAdvance": 23,
                "rect": {
                  "x": 0,
                  "y": 220,
                  "width": 25,
                  "height": 34
                }
              },
              "7903": {
                "xOffset": 0,
                "yOffset": -1,
                "xAdvance": 20,
                "rect": {
                  "x": 125,
                  "y": 231,
                  "width": 22,
                  "height": 29
                }
              },
              "7904": {
                "xOffset": 0,
                "yOffset": -4,
                "xAdvance": 23,
                "rect": {
                  "x": 26,
                  "y": 220,
                  "width": 25,
                  "height": 32
                }
              },
              "7905": {
                "xOffset": 0,
                "yOffset": 1,
                "xAdvance": 20,
                "rect": {
                  "x": 149,
                  "y": 31,
                  "width": 22,
                  "height": 27
                }
              },
              "7906": {
                "xOffset": 0,
                "yOffset": -1,
                "xAdvance": 23,
                "rect": {
                  "x": 26,
                  "y": 285,
                  "width": 25,
                  "height": 36
                }
              },
              "7907": {
                "xOffset": 0,
                "yOffset": 5,
                "xAdvance": 20,
                "rect": {
                  "x": 149,
                  "y": 0,
                  "width": 22,
                  "height": 30
                }
              },
              "7908": {
                "xOffset": 0,
                "yOffset": 2,
                "xAdvance": 19,
                "rect": {
                  "x": 149,
                  "y": 150,
                  "width": 21,
                  "height": 33
                }
              },
              "7909": {
                "xOffset": 0,
                "yOffset": 8,
                "xAdvance": 16,
                "rect": {
                  "x": 294,
                  "y": 86,
                  "width": 18,
                  "height": 27
                }
              },
              "7910": {
                "xOffset": 0,
                "yOffset": -6,
                "xAdvance": 19,
                "rect": {
                  "x": 171,
                  "y": 266,
                  "width": 21,
                  "height": 34
                }
              },
              "7911": {
                "xOffset": 0,
                "yOffset": -1,
                "xAdvance": 16,
                "rect": {
                  "x": 294,
                  "y": 0,
                  "width": 18,
                  "height": 29
                }
              },
              "7912": {
                "xOffset": 0,
                "yOffset": -3,
                "xAdvance": 23,
                "rect": {
                  "x": 26,
                  "y": 123,
                  "width": 25,
                  "height": 31
                }
              },
              "7913": {
                "xOffset": 0,
                "yOffset": 1,
                "xAdvance": 20,
                "rect": {
                  "x": 148,
                  "y": 350,
                  "width": 22,
                  "height": 27
                }
              },
              "7914": {
                "xOffset": 0,
                "yOffset": -3,
                "xAdvance": 23,
                "rect": {
                  "x": 0,
                  "y": 123,
                  "width": 25,
                  "height": 31
                }
              },
              "7915": {
                "xOffset": 0,
                "yOffset": 1,
                "xAdvance": 19,
                "rect": {
                  "x": 171,
                  "y": 155,
                  "width": 21,
                  "height": 27
                }
              },
              "7916": {
                "xOffset": 0,
                "yOffset": -6,
                "xAdvance": 23,
                "rect": {
                  "x": 0,
                  "y": 155,
                  "width": 25,
                  "height": 34
                }
              },
              "7917": {
                "xOffset": 0,
                "yOffset": -1,
                "xAdvance": 20,
                "rect": {
                  "x": 149,
                  "y": 87,
                  "width": 22,
                  "height": 29
                }
              },
              "7918": {
                "xOffset": 0,
                "yOffset": -4,
                "xAdvance": 23,
                "rect": {
                  "x": 0,
                  "y": 345,
                  "width": 25,
                  "height": 32
                }
              },
              "7919": {
                "xOffset": 0,
                "yOffset": 1,
                "xAdvance": 20,
                "rect": {
                  "x": 148,
                  "y": 231,
                  "width": 22,
                  "height": 27
                }
              },
              "7920": {
                "xOffset": 0,
                "yOffset": -2,
                "xAdvance": 23,
                "rect": {
                  "x": 26,
                  "y": 155,
                  "width": 25,
                  "height": 37
                }
              },
              "7921": {
                "xOffset": 0,
                "yOffset": 4,
                "xAdvance": 20,
                "rect": {
                  "x": 148,
                  "y": 318,
                  "width": 22,
                  "height": 31
                }
              },
              "7922": {
                "xOffset": 0,
                "yOffset": -3,
                "xAdvance": 21,
                "rect": {
                  "x": 81,
                  "y": 0,
                  "width": 23,
                  "height": 31
                }
              },
              "7923": {
                "xOffset": 0,
                "yOffset": 1,
                "xAdvance": 18,
                "rect": {
                  "x": 193,
                  "y": 63,
                  "width": 20,
                  "height": 35
                }
              },
              "7924": {
                "xOffset": 0,
                "yOffset": 2,
                "xAdvance": 21,
                "rect": {
                  "x": 101,
                  "y": 312,
                  "width": 23,
                  "height": 33
                }
              },
              "7925": {
                "xOffset": 0,
                "yOffset": 8,
                "xAdvance": 18,
                "rect": {
                  "x": 214,
                  "y": 27,
                  "width": 20,
                  "height": 27
                }
              },
              "7926": {
                "xOffset": 0,
                "yOffset": -6,
                "xAdvance": 20,
                "rect": {
                  "x": 125,
                  "y": 317,
                  "width": 22,
                  "height": 34
                }
              },
              "7927": {
                "xOffset": 0,
                "yOffset": -1,
                "xAdvance": 19,
                "rect": {
                  "x": 171,
                  "y": 117,
                  "width": 21,
                  "height": 37
                }
              },
              "7928": {
                "xOffset": 0,
                "yOffset": -4,
                "xAdvance": 20,
                "rect": {
                  "x": 126,
                  "y": 27,
                  "width": 22,
                  "height": 32
                }
              },
              "7929": {
                "xOffset": 0,
                "yOffset": 1,
                "xAdvance": 18,
                "rect": {
                  "x": 193,
                  "y": 155,
                  "width": 20,
                  "height": 35
                }
              }
            },
            "kerningDict": {}
          }
        ]
      ],
      0,
      0,
      [
        0
      ],
      [
        1
      ],
      [
        1
      ]
    ]
  ]
]