[
  1,
  [
    "e1BruYH3FC9bwEX1vtIMlB",
    "44u7UDGz1C0K58fWtwbyG5",
    "adFpk5XjtPob/5bN3idGUR",
    "77jh2ITH5O57rSC0k1V6ex",
    "f2+GzaBMJOLaC+as791cjW",
    "c3b+luyX5I4LYCdxj/nnTU",
    "7fOwU2qYNLMK3LYk2Wra6r",
    "19R7JjM9xIZ6lPhZrodXo2",
    "43iG0B/uhLqp/T+sndtx19",
    "25Ue7bCG9MrpQzkZO25l4+",
    "11eDUsUUVFUJaJQL2mr0M8",
    "25zCbmFNxNbq2KMrSwbAaf",
    "733KWF8u9E264Oya/My3Z4",
    "03BjnAZFdCAIuQEOHhhFfZ",
    "729nU7LetH6bfEVmbnCC8h",
    "01WFe4lxNApZC2xNdgsy+H",
    "afnRGak/dBN47BLqO96wSc",
    "fdybElqlFAS7zzVQyCe/jl",
    "07Nf4lAgpLKbMVZIVa61E3",
    "bdvJ2ZZWpMkb7cJk2wOsFK",
    "66XGWc3kNCPLfNgkTskfjZ",
    "f5v38qlnpJZI/iOOo9zIaw",
    "2aCYDnxl1AiZPeTm+NzMZe",
    "f6K3jpBEJObpL8YOSFOrqg",
    "89SA4aDm5F8om3uL+ia9S3",
    "44TEhOGi9AQKUcAKn1pbCP",
    "d1cTqk02VPDZoRkyiC/hEz",
    "451iDt06RBSIQ8ynNp1ERr",
    "3bLrrDmg9Ixqan4pn38rKF",
    "b8U2FNebFGZLMZEjrq7NhP",
    "d7wl6OMy5D4JNUbeJ4hT5B",
    "79IXVRlhNOQqZktU7hvP2P",
    "45gGQ4vNNHM6fX6b4TT0hw",
    "40X7n0QfRJnIuvO3ICiGqG",
    "4dMQAAvUxCy5fJrLnQa8ez",
    "70CiEEbAtMqpOLvHy+Z3Ow"
  ],
  [
    "value"
  ],
  [
    [
      "cc.AnimationClip",
      [
        "_name",
        "_duration",
        "sample",
        "wrapMode",
        "curveData"
      ],
      -1,
      11
    ]
  ],
  [
    [
      0,
      0,
      1,
      2,
      3,
      4,
      5
    ]
  ],
  [
    [
      0,
      "lake",
      1.8,
      20,
      2,
      [
        {},
        "comps",
        11,
        [
          {},
          "cc.Sprite",
          11,
          [
            {},
            "spriteFrame",
            12,
            [
              [
                [
                  {
                    "frame": 0
                  },
                  "value",
                  6,
                  0
                ],
                [
                  {
                    "frame": 0.05
                  },
                  "value",
                  6,
                  1
                ],
                [
                  {
                    "frame": 0.1
                  },
                  "value",
                  6,
                  2
                ],
                [
                  {
                    "frame": 0.15
                  },
                  "value",
                  6,
                  3
                ],
                [
                  {
                    "frame": 0.2
                  },
                  "value",
                  6,
                  4
                ],
                [
                  {
                    "frame": 0.25
                  },
                  "value",
                  6,
                  5
                ],
                [
                  {
                    "frame": 0.3
                  },
                  "value",
                  6,
                  6
                ],
                [
                  {
                    "frame": 0.35
                  },
                  "value",
                  6,
                  7
                ],
                [
                  {
                    "frame": 0.4
                  },
                  "value",
                  6,
                  8
                ],
                [
                  {
                    "frame": 0.45
                  },
                  "value",
                  6,
                  9
                ],
                [
                  {
                    "frame": 0.5
                  },
                  "value",
                  6,
                  10
                ],
                [
                  {
                    "frame": 0.55
                  },
                  "value",
                  6,
                  11
                ],
                [
                  {
                    "frame": 0.6
                  },
                  "value",
                  6,
                  12
                ],
                [
                  {
                    "frame": 0.65
                  },
                  "value",
                  6,
                  13
                ],
                [
                  {
                    "frame": 0.7
                  },
                  "value",
                  6,
                  14
                ],
                [
                  {
                    "frame": 0.75
                  },
                  "value",
                  6,
                  15
                ],
                [
                  {
                    "frame": 0.8
                  },
                  "value",
                  6,
                  16
                ],
                [
                  {
                    "frame": 0.85
                  },
                  "value",
                  6,
                  17
                ],
                [
                  {
                    "frame": 0.9
                  },
                  "value",
                  6,
                  18
                ],
                [
                  {
                    "frame": 0.95
                  },
                  "value",
                  6,
                  19
                ],
                [
                  {
                    "frame": 1
                  },
                  "value",
                  6,
                  20
                ],
                [
                  {
                    "frame": 1.05
                  },
                  "value",
                  6,
                  21
                ],
                [
                  {
                    "frame": 1.1
                  },
                  "value",
                  6,
                  22
                ],
                [
                  {
                    "frame": 1.15
                  },
                  "value",
                  6,
                  23
                ],
                [
                  {
                    "frame": 1.2
                  },
                  "value",
                  6,
                  24
                ],
                [
                  {
                    "frame": 1.25
                  },
                  "value",
                  6,
                  25
                ],
                [
                  {
                    "frame": 1.3
                  },
                  "value",
                  6,
                  26
                ],
                [
                  {
                    "frame": 1.35
                  },
                  "value",
                  6,
                  27
                ],
                [
                  {
                    "frame": 1.4
                  },
                  "value",
                  6,
                  28
                ],
                [
                  {
                    "frame": 1.45
                  },
                  "value",
                  6,
                  29
                ],
                [
                  {
                    "frame": 1.5
                  },
                  "value",
                  6,
                  30
                ],
                [
                  {
                    "frame": 1.55
                  },
                  "value",
                  6,
                  31
                ],
                [
                  {
                    "frame": 1.6
                  },
                  "value",
                  6,
                  32
                ],
                [
                  {
                    "frame": 1.65
                  },
                  "value",
                  6,
                  33
                ],
                [
                  {
                    "frame": 1.7
                  },
                  "value",
                  6,
                  34
                ],
                [
                  {
                    "frame": 1.75
                  },
                  "value",
                  6,
                  35
                ]
              ],
              11,
              11,
              11,
              11,
              11,
              11,
              11,
              11,
              11,
              11,
              11,
              11,
              11,
              11,
              11,
              11,
              11,
              11,
              11,
              11,
              11,
              11,
              11,
              11,
              11,
              11,
              11,
              11,
              11,
              11,
              11,
              11,
              11,
              11,
              11,
              11
            ]
          ]
        ]
      ]
    ]
  ],
  0,
  0,
  [
    0,
    0,
    0,
    0,
    0,
    0,
    0,
    0,
    0,
    0,
    0,
    0,
    0,
    0,
    0,
    0,
    0,
    0,
    0,
    0,
    0,
    0,
    0,
    0,
    0,
    0,
    0,
    0,
    0,
    0,
    0,
    0,
    0,
    0,
    0,
    0
  ],
  [
    0,
    0,
    0,
    0,
    0,
    0,
    0,
    0,
    0,
    0,
    0,
    0,
    0,
    0,
    0,
    0,
    0,
    0,
    0,
    0,
    0,
    0,
    0,
    0,
    0,
    0,
    0,
    0,
    0,
    0,
    0,
    0,
    0,
    0,
    0,
    0
  ],
  [
    0,
    1,
    2,
    3,
    4,
    5,
    6,
    7,
    8,
    9,
    10,
    11,
    12,
    13,
    14,
    15,
    16,
    17,
    18,
    19,
    20,
    21,
    22,
    23,
    24,
    25,
    26,
    27,
    28,
    29,
    30,
    31,
    32,
    33,
    34,
    35
  ]
]