[
  1,
  [
    "f1xJG2qbxMCa21OVLGuhyb",
    "0bvFz9I3JBJ7oIrVNegvvq"
  ],
  [
    "_textureSetter",
    "spriteFrame"
  ],
  [
    "cc.SpriteFrame",
    [
      "cc.BitmapFont",
      [
        "_name",
        "fontSize",
        "_fntConfig"
      ],
      0
    ]
  ],
  [
    [
      1,
      0,
      1,
      2,
      4
    ]
  ],
  [
    [
      [
        {
          "name": "font_tien-export",
          "rect": [
            0,
            0,
            204,
            203
          ],
          "offset": [
            -0.5,
            0.5
          ],
          "originalSize": [
            205,
            204
          ],
          "capInsets": [
            0,
            0,
            0,
            0
          ]
        }
      ],
      [
        0
      ],
      0,
      [
        0
      ],
      [
        0
      ],
      [
        0
      ]
    ],
    [
      [
        [
          0,
          "font_tien-export",
          32,
          {
            "commonHeight": 33,
            "fontSize": 32,
            "atlasName": "font_tien-export.png",
            "fontDefDictionary": {
              "9": {
                "xOffset": 0,
                "yOffset": 0,
                "xAdvance": 0,
                "rect": {
                  "x": 0,
                  "y": 0,
                  "width": 0,
                  "height": 0
                }
              },
              "32": {
                "xOffset": 0,
                "yOffset": 0,
                "xAdvance": 0,
                "rect": {
                  "x": 0,
                  "y": 0,
                  "width": 0,
                  "height": 0
                }
              },
              "33": {
                "xOffset": 0,
                "yOffset": 0,
                "xAdvance": 12,
                "rect": {
                  "x": 189,
                  "y": 143,
                  "width": 11,
                  "height": 33
                }
              },
              "34": {
                "xOffset": 0,
                "yOffset": 0,
                "xAdvance": 19,
                "rect": {
                  "x": 153,
                  "y": 68,
                  "width": 18,
                  "height": 16
                }
              },
              "35": {
                "xOffset": 0,
                "yOffset": 0,
                "xAdvance": 27,
                "rect": {
                  "x": 28,
                  "y": 161,
                  "width": 26,
                  "height": 33
                }
              },
              "36": {
                "xOffset": 0,
                "yOffset": -4,
                "xAdvance": 23,
                "rect": {
                  "x": 130,
                  "y": 102,
                  "width": 22,
                  "height": 41
                }
              },
              "37": {
                "xOffset": 0,
                "yOffset": 0,
                "xAdvance": 32,
                "rect": {
                  "x": 0,
                  "y": 40,
                  "width": 31,
                  "height": 33
                }
              },
              "38": {
                "xOffset": 0,
                "yOffset": 0,
                "xAdvance": 28,
                "rect": {
                  "x": 0,
                  "y": 127,
                  "width": 27,
                  "height": 33
                }
              },
              "39": {
                "xOffset": 0,
                "yOffset": 0,
                "xAdvance": 14,
                "rect": {
                  "x": 173,
                  "y": 0,
                  "width": 13,
                  "height": 16
                }
              },
              "40": {
                "xOffset": 0,
                "yOffset": 0,
                "xAdvance": 16,
                "rect": {
                  "x": 173,
                  "y": 154,
                  "width": 15,
                  "height": 40
                }
              },
              "41": {
                "xOffset": 0,
                "yOffset": 0,
                "xAdvance": 16,
                "rect": {
                  "x": 189,
                  "y": 74,
                  "width": 15,
                  "height": 40
                }
              },
              "42": {
                "xOffset": 0,
                "yOffset": 0,
                "xAdvance": 21,
                "rect": {
                  "x": 132,
                  "y": 68,
                  "width": 20,
                  "height": 20
                }
              },
              "43": {
                "xOffset": 0,
                "yOffset": 4,
                "xAdvance": 23,
                "rect": {
                  "x": 109,
                  "y": 0,
                  "width": 22,
                  "height": 23
                }
              },
              "44": {
                "xOffset": 0,
                "yOffset": 20,
                "xAdvance": 14,
                "rect": {
                  "x": 173,
                  "y": 17,
                  "width": 13,
                  "height": 16
                }
              },
              "45": {
                "xOffset": 0,
                "yOffset": 14,
                "xAdvance": 16,
                "rect": {
                  "x": 57,
                  "y": 108,
                  "width": 15,
                  "height": 11
                }
              },
              "46": {
                "xOffset": 0,
                "yOffset": 20,
                "xAdvance": 12,
                "rect": {
                  "x": 189,
                  "y": 177,
                  "width": 11,
                  "height": 13
                }
              },
              "47": {
                "xOffset": 0,
                "yOffset": 0,
                "xAdvance": 19,
                "rect": {
                  "x": 153,
                  "y": 85,
                  "width": 18,
                  "height": 33
                }
              },
              "48": {
                "xOffset": 0,
                "yOffset": 0,
                "xAdvance": 25,
                "rect": {
                  "x": 58,
                  "y": 74,
                  "width": 24,
                  "height": 33
                }
              },
              "49": {
                "xOffset": 0,
                "yOffset": 0,
                "xAdvance": 17,
                "rect": {
                  "x": 154,
                  "y": 34,
                  "width": 16,
                  "height": 33
                }
              },
              "50": {
                "xOffset": 0,
                "yOffset": 0,
                "xAdvance": 23,
                "rect": {
                  "x": 106,
                  "y": 170,
                  "width": 22,
                  "height": 33
                }
              },
              "51": {
                "xOffset": 0,
                "yOffset": 0,
                "xAdvance": 23,
                "rect": {
                  "x": 109,
                  "y": 24,
                  "width": 22,
                  "height": 33
                }
              },
              "52": {
                "xOffset": 0,
                "yOffset": 0,
                "xAdvance": 26,
                "rect": {
                  "x": 55,
                  "y": 120,
                  "width": 25,
                  "height": 33
                }
              },
              "53": {
                "xOffset": 0,
                "yOffset": 0,
                "xAdvance": 23,
                "rect": {
                  "x": 129,
                  "y": 170,
                  "width": 22,
                  "height": 33
                }
              },
              "54": {
                "xOffset": 0,
                "yOffset": 0,
                "xAdvance": 25,
                "rect": {
                  "x": 84,
                  "y": 34,
                  "width": 24,
                  "height": 33
                }
              },
              "55": {
                "xOffset": 0,
                "yOffset": 0,
                "xAdvance": 24,
                "rect": {
                  "x": 108,
                  "y": 68,
                  "width": 23,
                  "height": 33
                }
              },
              "56": {
                "xOffset": 0,
                "yOffset": 0,
                "xAdvance": 25,
                "rect": {
                  "x": 59,
                  "y": 34,
                  "width": 24,
                  "height": 33
                }
              },
              "57": {
                "xOffset": 0,
                "yOffset": 0,
                "xAdvance": 25,
                "rect": {
                  "x": 81,
                  "y": 142,
                  "width": 24,
                  "height": 33
                }
              },
              "58": {
                "xOffset": 0,
                "yOffset": 6,
                "xAdvance": 12,
                "rect": {
                  "x": 189,
                  "y": 115,
                  "width": 11,
                  "height": 27
                }
              },
              "59": {
                "xOffset": 0,
                "yOffset": 6,
                "xAdvance": 14,
                "rect": {
                  "x": 187,
                  "y": 0,
                  "width": 13,
                  "height": 30
                }
              },
              "60": {
                "xOffset": 0,
                "yOffset": 3,
                "xAdvance": 21,
                "rect": {
                  "x": 152,
                  "y": 170,
                  "width": 20,
                  "height": 25
                }
              },
              "61": {
                "xOffset": 0,
                "yOffset": 7,
                "xAdvance": 23,
                "rect": {
                  "x": 81,
                  "y": 176,
                  "width": 22,
                  "height": 18
                }
              },
              "62": {
                "xOffset": 0,
                "yOffset": 3,
                "xAdvance": 21,
                "rect": {
                  "x": 152,
                  "y": 144,
                  "width": 20,
                  "height": 25
                }
              },
              "63": {
                "xOffset": 0,
                "yOffset": 0,
                "xAdvance": 22,
                "rect": {
                  "x": 132,
                  "y": 0,
                  "width": 21,
                  "height": 33
                }
              },
              "64": {
                "xOffset": 0,
                "yOffset": 3,
                "xAdvance": 31,
                "rect": {
                  "x": 0,
                  "y": 74,
                  "width": 30,
                  "height": 33
                }
              },
              "66": {
                "xOffset": 0,
                "yOffset": 0,
                "xAdvance": 25,
                "rect": {
                  "x": 83,
                  "y": 68,
                  "width": 24,
                  "height": 33
                }
              },
              "68": {
                "xOffset": 0,
                "yOffset": 0,
                "xAdvance": 25,
                "rect": {
                  "x": 84,
                  "y": 0,
                  "width": 24,
                  "height": 33
                }
              },
              "69": {
                "xOffset": 0,
                "yOffset": 0,
                "xAdvance": 22,
                "rect": {
                  "x": 132,
                  "y": 34,
                  "width": 21,
                  "height": 33
                }
              },
              "71": {
                "xOffset": 0,
                "yOffset": 0,
                "xAdvance": 25,
                "rect": {
                  "x": 81,
                  "y": 108,
                  "width": 24,
                  "height": 33
                }
              },
              "75": {
                "xOffset": 0,
                "yOffset": 0,
                "xAdvance": 24,
                "rect": {
                  "x": 106,
                  "y": 102,
                  "width": 23,
                  "height": 33
                }
              },
              "77": {
                "xOffset": 0,
                "yOffset": 0,
                "xAdvance": 28,
                "rect": {
                  "x": 0,
                  "y": 161,
                  "width": 27,
                  "height": 33
                }
              },
              "78": {
                "xOffset": 0,
                "yOffset": 0,
                "xAdvance": 26,
                "rect": {
                  "x": 55,
                  "y": 154,
                  "width": 25,
                  "height": 33
                }
              },
              "80": {
                "xOffset": 0,
                "yOffset": 0,
                "xAdvance": 24,
                "rect": {
                  "x": 106,
                  "y": 136,
                  "width": 23,
                  "height": 33
                }
              },
              "84": {
                "xOffset": 0,
                "yOffset": 0,
                "xAdvance": 25,
                "rect": {
                  "x": 59,
                  "y": 0,
                  "width": 24,
                  "height": 33
                }
              },
              "86": {
                "xOffset": 0,
                "yOffset": 0,
                "xAdvance": 27,
                "rect": {
                  "x": 32,
                  "y": 40,
                  "width": 26,
                  "height": 33
                }
              },
              "88": {
                "xOffset": 0,
                "yOffset": 0,
                "xAdvance": 27,
                "rect": {
                  "x": 31,
                  "y": 74,
                  "width": 26,
                  "height": 33
                }
              },
              "91": {
                "xOffset": 0,
                "yOffset": 0,
                "xAdvance": 16,
                "rect": {
                  "x": 172,
                  "y": 74,
                  "width": 15,
                  "height": 39
                }
              },
              "92": {
                "xOffset": 0,
                "yOffset": 0,
                "xAdvance": 19,
                "rect": {
                  "x": 154,
                  "y": 0,
                  "width": 18,
                  "height": 33
                }
              },
              "93": {
                "xOffset": 0,
                "yOffset": 0,
                "xAdvance": 16,
                "rect": {
                  "x": 173,
                  "y": 114,
                  "width": 15,
                  "height": 39
                }
              },
              "94": {
                "xOffset": 0,
                "yOffset": 0,
                "xAdvance": 22,
                "rect": {
                  "x": 130,
                  "y": 144,
                  "width": 21,
                  "height": 14
                }
              },
              "95": {
                "xOffset": 0,
                "yOffset": 26,
                "xAdvance": 27,
                "rect": {
                  "x": 30,
                  "y": 108,
                  "width": 26,
                  "height": 11
                }
              },
              "96": {
                "xOffset": 0,
                "yOffset": -1,
                "xAdvance": 15,
                "rect": {
                  "x": 153,
                  "y": 119,
                  "width": 14,
                  "height": 13
                }
              },
              "120": {
                "xOffset": 0,
                "yOffset": 0,
                "xAdvance": 27,
                "rect": {
                  "x": 28,
                  "y": 127,
                  "width": 26,
                  "height": 33
                }
              },
              "123": {
                "xOffset": 0,
                "yOffset": 0,
                "xAdvance": 18,
                "rect": {
                  "x": 172,
                  "y": 34,
                  "width": 17,
                  "height": 39
                }
              },
              "124": {
                "xOffset": 0,
                "yOffset": 0,
                "xAdvance": 59,
                "rect": {
                  "x": 0,
                  "y": 0,
                  "width": 58,
                  "height": 39
                }
              },
              "125": {
                "xOffset": 0,
                "yOffset": 7,
                "xAdvance": 23,
                "rect": {
                  "x": 55,
                  "y": 188,
                  "width": 22,
                  "height": 15
                }
              },
              "126": {
                "xOffset": 0,
                "yOffset": 11,
                "xAdvance": 30,
                "rect": {
                  "x": 0,
                  "y": 108,
                  "width": 29,
                  "height": 18
                }
              }
            },
            "kerningDict": {}
          }
        ]
      ],
      0,
      0,
      [
        0
      ],
      [
        1
      ],
      [
        1
      ]
    ]
  ]
]