[1,["21BvPTwU5CTY+dInL0Az6Q","8dyyddYr9IWowNOnsV8Frh","7aqTTds2hAqL/1uknASC2r","c7gPITWgBOtYAVv1Dta9s0","42Myv4N9JEMbEvXt6vyxsF","dbyhbz009AD5Fw4ni1TQgc"],["_textureSetter","top_center_glow_a","top_center_shine","top_arch_shine","top_center_glow_b","top_idle_glow_a"],["cc.SpriteFrame",["cc.SpriteAtlas",["_name","_spriteFrames"],2,11]],[[1,0,1,2]],[[[[0,"Alats17.plist",[{},"top_center_glow_a",6,0,"top_center_shine",6,1,"top_arch_shine",6,2,"top_center_glow_b",6,3,"top_idle_glow_a",6,4]]],0,0,[0,0,0,0,0],[1,2,3,4,5],[1,2,3,4,5]],[[{"name":"top_center_glow_a","rect":[298,401,110,110],"offset":[0,0],"originalSize":[110,110],"capInsets":[0,0,0,0]}],[0],0,[0],[0],[0]],[[{"name":"top_arch_shine","rect":[1,401,295,361],"offset":[0,0],"originalSize":[295,361],"capInsets":[0,0,0,0]}],[0],0,[0],[0],[0]]]]