[1,["d06RCNOcdC+rut9g3CqEe1"],["_textureSetter"],["cc.SpriteFrame"],0,[[[{"name":"select_glow_b","rect":[1527,181,71,72],"offset":[0,0],"originalSize":[71,72],"rotated":1,"capInsets":[0,0,0,0]}],[0],0,[0],[0],[0]],[[{"name":"win_particle_circle","rect":[665,1,96,116],"offset":[0,0],"originalSize":[96,116],"capInsets":[0,0,0,0]}],[0],0,[0],[0],[0]],[[{"name":"1","rect":[1435,97,78,96],"offset":[0,1],"originalSize":[102,102],"rotated":1,"capInsets":[0,0,0,0]}],[0],0,[0],[0],[0]],[[{"name":"t_1","rect":[1533,101,78,96],"offset":[0,1],"originalSize":[102,102],"rotated":1,"capInsets":[0,0,0,0]}],[0],0,[0],[0],[0]]]]