[1,["36poARB3tMbIZPDnR+Rx6l","355Jdcu6BFxrzrswlcQpnG"],["_textureSetter","spriteFrame"],["cc.SpriteFrame",["cc.BitmapFont",["_name","fontSize","_fntConfig"],0]],[[1,0,1,2,4]],[[[{"name":"FontHu","rect":[0,0,94,127],"offset":[-17,0.5],"originalSize":[128,128],"capInsets":[0,0,0,0]}],[0],0,[0],[0],[0]],[[[0,"FontHu",32,{"commonHeight":80,"fontSize":32,"atlasName":"FontHu.png","fontDefDictionary":{"9":{"xOffset":0,"yOffset":0,"xAdvance":160,"rect":{"x":0,"y":0,"width":0,"height":0}},"32":{"xOffset":0,"yOffset":0,"xAdvance":20,"rect":{"x":0,"y":0,"width":0,"height":0}},"43":{"xOffset":0,"yOffset":57,"xAdvance":23,"rect":{"x":0,"y":104,"width":22,"height":23}},"44":{"xOffset":0,"yOffset":69,"xAdvance":12,"rect":{"x":38,"y":104,"width":11,"height":17}},"45":{"xOffset":0,"yOffset":62,"xAdvance":15,"rect":{"x":23,"y":104,"width":14,"height":11}},"46":{"xOffset":0,"yOffset":69,"xAdvance":12,"rect":{"x":23,"y":116,"width":11,"height":11}},"47":{"xOffset":0,"yOffset":48,"xAdvance":21,"rect":{"x":74,"y":34,"width":20,"height":36}},"48":{"xOffset":0,"yOffset":47,"xAdvance":25,"rect":{"x":26,"y":0,"width":24,"height":34}},"49":{"xOffset":0,"yOffset":48,"xAdvance":17,"rect":{"x":74,"y":71,"width":16,"height":32}},"50":{"xOffset":0,"yOffset":47,"xAdvance":24,"rect":{"x":51,"y":0,"width":23,"height":33}},"51":{"xOffset":0,"yOffset":47,"xAdvance":24,"rect":{"x":50,"y":69,"width":23,"height":34}},"52":{"xOffset":0,"yOffset":48,"xAdvance":26,"rect":{"x":0,"y":34,"width":25,"height":32}},"53":{"xOffset":0,"yOffset":48,"xAdvance":25,"rect":{"x":26,"y":35,"width":24,"height":33}},"54":{"xOffset":0,"yOffset":48,"xAdvance":26,"rect":{"x":0,"y":67,"width":25,"height":33}},"55":{"xOffset":0,"yOffset":48,"xAdvance":22,"rect":{"x":51,"y":34,"width":21,"height":32}},"56":{"xOffset":0,"yOffset":47,"xAdvance":24,"rect":{"x":26,"y":69,"width":23,"height":34}},"57":{"xOffset":0,"yOffset":47,"xAdvance":26,"rect":{"x":0,"y":0,"width":25,"height":33}},"58":{"xOffset":0,"yOffset":55,"xAdvance":12,"rect":{"x":75,"y":0,"width":11,"height":25}}},"kerningDict":{}}]],0,0,[0],[1],[1]]]]