[1,["96GZhEGntNF7nKoHnG9zZF","b3yag2pnhGPZ2FCf28grI2","3fsf7a5NRNR4n+6w3XMYRK","cfwd0KKPVOe4JArywNL+CK","caPfGBAqBPj5eQd9ZiN3Cb","16fo9zl8NL6pVNXHoP3j4M","e9dvUMy/BElo+4cBTIkXYF","d0BUc9Bu9JbImTpuGZPBSm","9fsJTXYv5EN5FEWJleWr6i","20Wtu4znZJ/6yqEvXhn+u3","72UPd0WhdAJKCplkmKSeUX","3aZpnwiGhOUIeL6/2OiIOk","2dcPOaoThH5KMfqM2E+xgk","f00iJHvGxH966c6Z2e9Jt4","837iOmUcNDAoSr7NHWHKSb","d5lP6Y21hHGKq0EEqV1mU6","f5NCQl3BtBhob47aAyYnKc","bcSRhz0sJLYaXtOHTp6qZT","dcESrZTlpHk7a0Oh5bs/Vo","87o94lZxJBTokGNjkIL+xa","46DyugGxdKrazabHz27mGD","38fXuEYW1OvqaQdHMY9VIw"],["value"],[["cc.AnimationClip",["_name","_duration","sample","curveData"],0,11]],[[0,0,1,2,3,4]],[[0,"catroi",0.88,25,[{},"comps",11,[{},"cc.Sprite",11,[{},"spriteFrame",12,[[[{"frame":0},"value",6,0],[{"frame":0.04},"value",6,1],[{"frame":0.08},"value",6,2],[{"frame":0.12},"value",6,3],[{"frame":0.16},"value",6,4],[{"frame":0.2},"value",6,5],[{"frame":0.24},"value",6,6],[{"frame":0.28},"value",6,7],[{"frame":0.32},"value",6,8],[{"frame":0.36},"value",6,9],[{"frame":0.4},"value",6,10],[{"frame":0.44},"value",6,11],[{"frame":0.48},"value",6,12],[{"frame":0.52},"value",6,13],[{"frame":0.56},"value",6,14],[{"frame":0.6},"value",6,15],[{"frame":0.64},"value",6,16],[{"frame":0.68},"value",6,17],[{"frame":0.72},"value",6,18],[{"frame":0.76},"value",6,19],[{"frame":0.8},"value",6,20],[{"frame":0.84},"value",6,21]],11,11,11,11,11,11,11,11,11,11,11,11,11,11,11,11,11,11,11,11,11,11]]]]]],0,0,[0,0,0,0,0,0,0,0,0,0,0,0,0,0,0,0,0,0,0,0,0,0],[0,0,0,0,0,0,0,0,0,0,0,0,0,0,0,0,0,0,0,0,0,0],[0,1,2,3,4,5,6,7,8,9,10,11,12,13,14,15,16,17,18,19,20,21]]