[
  1,
  [
    "ecpdLyjvZBwrvm+cedCcQy",
    "1c14f290e",
    "1a3bee38d",
    "15Rznb9sJOfYyRDTVjWIuI",
    "bamKKxPJ5KQ50+IvLzp+nF",
    "5dhqv+1DlJe5qjONMQcYx7",
    "3bqnj6nkpLGqTkYDZPbVWx",
    "306NMREutOC4heLnVWXhMu",
    "30Qb7C+ElHrbJd2UsvHlyO",
    "127e4+3LxD8aV84Rn7dzIW",
    "b9405kUEhNRqkiFNuvhyR1",
    "ccwRINrVRGTrWk9M72Fu0X",
    "aeQwfIUmlGFY5j0ncR2xX6"
  ],
  [
    "node",
    "_spriteFrame",
    "_textureSetter",
    "root",
    "data",
    "_defaultClip"
  ],
  [
    "cc.SpriteFrame",
    [
      "cc.Node",
      [
        "_name",
        "_opacity",
        "_prefab",
        "_parent",
        "_components",
        "_contentSize",
        "_trs",
        "_children",
        "_color",
        "_eulerAngles"
      ],
      1,
      4,
      1,
      9,
      5,
      7,
      2,
      5,
      5
    ],
    [
      "cc.PrefabInfo",
      [
        "fileId",
        "root",
        "asset"
      ],
      2,
      1,
      1
    ],
    [
      "cc.Sprite",
      [
        "_dstBlendFactor",
        "node",
        "_materials",
        "_spriteFrame"
      ],
      2,
      1,
      3,
      6
    ],
    [
      "cc.Prefab",
      [
        "_name"
      ],
      2
    ],
    [
      "cc.Animation",
      [
        "playOnLoad",
        "node",
        "_clips",
        "_defaultClip"
      ],
      2,
      1,
      3,
      6
    ]
  ],
  [
    [
      2,
      0,
      1,
      2,
      2
    ],
    [
      3,
      1,
      2,
      3,
      1
    ],
    [
      1,
      0,
      3,
      4,
      2,
      5,
      6,
      2
    ],
    [
      1,
      0,
      3,
      4,
      2,
      8,
      5,
      6,
      2
    ],
    [
      4,
      0,
      2
    ],
    [
      1,
      0,
      7,
      2,
      2
    ],
    [
      1,
      0,
      1,
      3,
      4,
      2,
      5,
      6,
      3
    ],
    [
      1,
      0,
      3,
      4,
      2,
      5,
      6,
      9,
      2
    ],
    [
      2,
      1,
      2,
      1
    ],
    [
      3,
      0,
      1,
      2,
      3,
      2
    ],
    [
      5,
      0,
      1,
      2,
      3,
      2
    ]
  ],
  [
    [
      [
        {
          "name": "bns_ui_02",
          "rect": [
            603,
            465,
            420,
            172
          ],
          "offset": [
            0,
            -0.5
          ],
          "originalSize": [
            420,
            173
          ],
          "capInsets": [
            0,
            0,
            0,
            0
          ]
        }
      ],
      [
        0
      ],
      0,
      [
        0
      ],
      [
        2
      ],
      [
        1
      ]
    ],
    [
      [
        {
          "name": "bns_ui_03",
          "rect": [
            1,
            465,
            600,
            512
          ],
          "offset": [
            0,
            0
          ],
          "originalSize": [
            600,
            512
          ],
          "capInsets": [
            0,
            0,
            0,
            0
          ]
        }
      ],
      [
        0
      ],
      0,
      [
        0
      ],
      [
        2
      ],
      [
        1
      ]
    ],
    [
      [
        {
          "name": "mult_vfx_a_normal",
          "rect": [
            603,
            639,
            373,
            370
          ],
          "offset": [
            0,
            0
          ],
          "originalSize": [
            373,
            370
          ],
          "rotated": 1,
          "capInsets": [
            0,
            0,
            0,
            0
          ]
        }
      ],
      [
        0
      ],
      0,
      [
        0
      ],
      [
        2
      ],
      [
        1
      ]
    ],
    [
      [
        {
          "name": "bns_ui_06a",
          "rect": [
            1,
            1,
            589,
            325
          ],
          "offset": [
            0,
            0
          ],
          "originalSize": [
            589,
            325
          ],
          "capInsets": [
            0,
            0,
            0,
            0
          ]
        }
      ],
      [
        0
      ],
      0,
      [
        0
      ],
      [
        2
      ],
      [
        2
      ]
    ],
    [
      [
        [
          4,
          "BkgFreeSpin"
        ],
        [
          5,
          "BkgFreeSpin",
          [
            -2,
            -3,
            -4,
            -5,
            -6,
            -7,
            -8,
            -9,
            -10,
            -11,
            -12,
            -13
          ],
          [
            8,
            -1,
            0
          ]
        ],
        [
          6,
          "bns_vfx_f_screen_00",
          100,
          1,
          [
            [
              9,
              1,
              -14,
              [
                20
              ],
              21
            ],
            [
              10,
              true,
              -15,
              [
                23
              ],
              22
            ]
          ],
          [
            0,
            "03UMDGyVxGbow9Y+H2zHn6",
            1,
            0
          ],
          [
            5,
            380,
            206
          ],
          [
            0,
            346.058,
            0,
            0,
            0,
            0,
            1,
            2,
            2,
            1
          ]
        ],
        [
          3,
          "mult_vfx_a_normal",
          1,
          [
            [
              1,
              -16,
              [
                0
              ],
              1
            ]
          ],
          [
            0,
            "9auI8wRFNI2KXRMtzNqRz8",
            1,
            0
          ],
          [
            4,
            4287548635
          ],
          [
            5,
            373,
            370
          ],
          [
            0,
            396.802,
            0,
            0,
            0,
            0,
            1,
            1,
            1,
            1
          ]
        ],
        [
          3,
          "bw_vfx_i_add",
          1,
          [
            [
              1,
              -17,
              [
                2
              ],
              3
            ]
          ],
          [
            0,
            "c1IJh3fBtE26ikP8WiRftQ",
            1,
            0
          ],
          [
            4,
            4290706175
          ],
          [
            5,
            537,
            469
          ],
          [
            0,
            433.43,
            0,
            0,
            0,
            0,
            1,
            2,
            2,
            1
          ]
        ],
        [
          2,
          "bns_ui_02",
          1,
          [
            [
              1,
              -18,
              [
                4
              ],
              5
            ]
          ],
          [
            0,
            "c1tydWUcBCSJ9KaKtgNPNM",
            1,
            0
          ],
          [
            5,
            420,
            172
          ],
          [
            0,
            405.163,
            0,
            0,
            0,
            0,
            1,
            3,
            3,
            1
          ]
        ],
        [
          7,
          "bns_ui_03",
          1,
          [
            [
              1,
              -19,
              [
                6
              ],
              7
            ]
          ],
          [
            0,
            "c0sMIFvgRMZrJgB5pSCJ9U",
            1,
            0
          ],
          [
            5,
            600,
            512
          ],
          [
            -45.545,
            182,
            0,
            0,
            0,
            -0.09584575252022398,
            0.9953961983671789,
            2,
            2,
            1
          ],
          [
            1,
            0,
            0,
            -11
          ]
        ],
        [
          3,
          "bns_ui_03 copy",
          1,
          [
            [
              1,
              -20,
              [
                8
              ],
              9
            ]
          ],
          [
            0,
            "6bWvWxDdRKv6MfwUcQt3tK",
            1,
            0
          ],
          [
            4,
            4289981951
          ],
          [
            5,
            600,
            512
          ],
          [
            53.556,
            22.717,
            0,
            0,
            0,
            0,
            1,
            -2,
            2,
            1
          ]
        ],
        [
          2,
          "bns_ui_06b",
          1,
          [
            [
              1,
              -21,
              [
                10
              ],
              11
            ]
          ],
          [
            0,
            "c62BX7qAlK84kgL7NVqL/o",
            1,
            0
          ],
          [
            5,
            756,
            462
          ],
          [
            -79.305,
            33.493,
            0,
            0,
            0,
            0,
            1,
            1,
            1,
            1
          ]
        ],
        [
          2,
          "bns_ui_06a",
          1,
          [
            [
              1,
              -22,
              [
                12
              ],
              13
            ]
          ],
          [
            0,
            "6cKkGnDGpKyJF4moCyEFhA",
            1,
            0
          ],
          [
            5,
            589,
            325
          ],
          [
            46.862,
            -38.603,
            0,
            0,
            0,
            0,
            1,
            1,
            1,
            1
          ]
        ],
        [
          2,
          "bns_ui_06b copy",
          1,
          [
            [
              1,
              -23,
              [
                14
              ],
              15
            ]
          ],
          [
            0,
            "3fXPioW4NOdoELiG/lDmQU",
            1,
            0
          ],
          [
            5,
            756,
            462
          ],
          [
            -75.7,
            -96.279,
            0,
            0,
            0,
            0,
            1,
            1,
            1,
            1
          ]
        ],
        [
          2,
          "bns_ui_06a copy",
          1,
          [
            [
              1,
              -24,
              [
                16
              ],
              17
            ]
          ],
          [
            0,
            "19QfU/rSxFbpqZpL72tZf2",
            1,
            0
          ],
          [
            5,
            589,
            325
          ],
          [
            64.886,
            -153.956,
            0,
            0,
            0,
            0,
            1,
            1,
            1,
            1
          ]
        ],
        [
          2,
          "bns_ui_05",
          1,
          [
            [
              1,
              -25,
              [
                18
              ],
              19
            ]
          ],
          [
            0,
            "89FPkZQt9PA6XebV2FPNyI",
            1,
            0
          ],
          [
            5,
            378,
            461
          ],
          [
            0,
            307.657,
            0,
            0,
            0,
            0,
            1,
            2.1,
            2.1,
            1
          ]
        ],
        [
          2,
          "ui_multiplier",
          1,
          [
            [
              1,
              -26,
              [
                24
              ],
              25
            ]
          ],
          [
            0,
            "120WU0NDlKl5QMykVswv8I",
            1,
            0
          ],
          [
            5,
            328,
            120
          ],
          [
            0,
            540.666,
            0,
            0,
            0,
            0,
            1,
            1,
            1,
            1
          ]
        ]
      ],
      0,
      [
        0,
        3,
        1,
        0,
        -1,
        3,
        0,
        -2,
        4,
        0,
        -3,
        5,
        0,
        -4,
        6,
        0,
        -5,
        7,
        0,
        -6,
        8,
        0,
        -7,
        9,
        0,
        -8,
        10,
        0,
        -9,
        11,
        0,
        -10,
        12,
        0,
        -11,
        2,
        0,
        -12,
        13,
        0,
        0,
        2,
        0,
        0,
        2,
        0,
        0,
        3,
        0,
        0,
        4,
        0,
        0,
        5,
        0,
        0,
        6,
        0,
        0,
        7,
        0,
        0,
        8,
        0,
        0,
        9,
        0,
        0,
        10,
        0,
        0,
        11,
        0,
        0,
        12,
        0,
        0,
        13,
        0,
        4,
        1,
        26
      ],
      [
        0,
        0,
        0,
        0,
        0,
        0,
        0,
        0,
        0,
        0,
        0,
        0,
        0,
        0,
        0,
        0,
        0,
        0,
        0,
        0,
        0,
        0,
        0,
        0,
        0,
        0
      ],
      [
        -1,
        1,
        -1,
        1,
        -1,
        1,
        -1,
        1,
        -1,
        1,
        -1,
        1,
        -1,
        1,
        -1,
        1,
        -1,
        1,
        -1,
        1,
        -1,
        1,
        5,
        -1,
        -1,
        1
      ],
      [
        0,
        7,
        0,
        8,
        0,
        9,
        0,
        3,
        0,
        3,
        0,
        4,
        0,
        5,
        0,
        4,
        0,
        5,
        0,
        10,
        0,
        11,
        6,
        6,
        0,
        12
      ]
    ],
    [
      [
        {
          "name": "ui_multiplier",
          "rect": [
            759,
            52,
            328,
            120
          ],
          "offset": [
            0,
            0
          ],
          "originalSize": [
            328,
            120
          ],
          "rotated": 1,
          "capInsets": [
            0,
            0,
            0,
            0
          ]
        }
      ],
      [
        0
      ],
      0,
      [
        0
      ],
      [
        2
      ],
      [
        1
      ]
    ],
    [
      [
        {
          "name": "bns_ui_05",
          "rect": [
            1,
            328,
            378,
            461
          ],
          "offset": [
            0,
            0
          ],
          "originalSize": [
            378,
            461
          ],
          "rotated": 1,
          "capInsets": [
            0,
            0,
            0,
            0
          ]
        }
      ],
      [
        0
      ],
      0,
      [
        0
      ],
      [
        2
      ],
      [
        2
      ]
    ],
    [
      [
        {
          "name": "bns_ui_06b",
          "rect": [
            1,
            1,
            756,
            462
          ],
          "offset": [
            0,
            -4.5
          ],
          "originalSize": [
            756,
            471
          ],
          "capInsets": [
            0,
            0,
            0,
            0
          ]
        }
      ],
      [
        0
      ],
      0,
      [
        0
      ],
      [
        2
      ],
      [
        1
      ]
    ]
  ]
]