{"paths":{"0":["game777/bmfonts/bmFont",4],"1":["game777/bmfonts/bmFont777",4],"2":["game777/Candy/CnyFonts/font1/font_hu-export",4],"3":["game777/Candy/CnyFonts/font1/font-export",4],"4":["game777/Candy/CnyFonts/font1/font",4],"5":["game777/Candy/CnyFonts/font2/font",4],"6":["game777/Candy/CnyFonts/font3/font",4],"7":["game777/Candy/CnyImages/BG-KimCuong",4],"8":["game777/Candy/CnyImages/btn_tab",4],"9":["game777/Candy/CnyImages/button-dong",4],"10":["game777/Candy/CnyImages/button-quay",4],"11":["game777/Candy/CnyImages/button-sieutoc-disible",4],"12":["game777/Candy/CnyImages/exit-game",4],"13":["game777/Candy/CnyImages/frame_win",4],"14":["game777/Candy/CnyImages/gold-act",4],"15":["game777/Candy/CnyImages/gold-dis",4],"16":["game777/Candy/CnyImages/icon-huongdan",4],"17":["game777/Candy/CnyImages/icon-i",4],"18":["game777/Candy/CnyImages/icon-vinhdanh",4],"19":["game777/Candy/CnyImages/line",4],"20":["game777/Candy/CnyImages/line/1",4],"21":["game777/Candy/CnyImages/line/10",4],"22":["game777/Candy/CnyImages/line/11",4],"23":["game777/Candy/CnyImages/line/12",4],"24":["game777/Candy/CnyImages/line/13",4],"25":["game777/Candy/CnyImages/line/14",4],"26":["game777/Candy/CnyImages/line/15",4],"27":["game777/Candy/CnyImages/line/16",4],"28":["game777/Candy/CnyImages/line/17",4],"29":["game777/Candy/CnyImages/line/18",4],"30":["game777/Candy/CnyImages/line/19",4],"31":["game777/Candy/CnyImages/line/2",4],"32":["game777/Candy/CnyImages/line/20",4],"33":["game777/Candy/CnyImages/line/3",4],"34":["game777/Candy/CnyImages/line/4",4],"35":["game777/Candy/CnyImages/line/5",4],"36":["game777/Candy/CnyImages/line/6",4],"37":["game777/Candy/CnyImages/line/7",4],"38":["game777/Candy/CnyImages/line/8",4],"39":["game777/Candy/CnyImages/line/9",4],"40":["game777/Candy/CnyImages/lsc",4],"41":["game777/Candy/CnyImages/scale-btn-1",4],"42":["game777/Candy/CnyImages/scale-btn-2",4],"43":["game777/Candy/CnyImages/text-thele-new",4],"44":["game777/Candy/CnyImages/title_guide",4],"45":["game777/Candy/CnyResCode/0blur",4],"46":["game777/Candy/CnyResCode/1blur",4],"47":["game777/Candy/CnyResCode/2blur",4],"48":["game777/Candy/CnyResCode/3blur",4],"49":["game777/Candy/CnyResCode/5blur",4],"50":["game777/Candy/CnyResCode/button-sieutoc-act",4],"51":["game777/Candy/CnyResCode/button-tuquay_off",4],"52":["game777/Candy/CnyResCode/button-tuquay",4],"53":["game777/Candy/CnyResCode/CandyCrush-Thang/CandyCrush-Thang",6],"54":["game777/Candy/CnyResCode/CandyCrush-Thang/CandyCrush-Thang",4],"55":["game777/Candy/CnyResCode/CandyCrush-Thang/CandyCrush-Thang2",4],"56":["game777/Candy/CnyResCode/item_0",4],"57":["game777/Candy/CnyResCode/item_1",4],"58":["game777/Candy/CnyResCode/item_2",4],"59":["game777/Candy/CnyResCode/item_3",4],"60":["game777/Candy/CnyResCode/item_4",4],"61":["game777/Candy/CnyResCode/wild",4],"62":["game777/Candy/CnyResCode/wildblur",4],"63":["game777/images/betLines/1",4],"64":["game777/images/betLines/10",4],"65":["game777/images/betLines/11",4],"66":["game777/images/betLines/12",4],"67":["game777/images/betLines/13",4],"68":["game777/images/betLines/14",4],"69":["game777/images/betLines/15",4],"70":["game777/images/betLines/16",4],"71":["game777/images/betLines/17",4],"72":["game777/images/betLines/18",4],"73":["game777/images/betLines/19",4],"74":["game777/images/betLines/2",4],"75":["game777/images/betLines/20",4],"76":["game777/images/betLines/3",4],"77":["game777/images/betLines/4",4],"78":["game777/images/betLines/5",4],"79":["game777/images/betLines/6",4],"80":["game777/images/betLines/7",4],"81":["game777/images/betLines/8",4],"82":["game777/images/betLines/9",4],"83":["game777/images/betLines/btn_bochon_on",4],"84":["game777/images/betLines/btn_bochon",4],"85":["game777/images/betLines/btn_chonchan_ob",4],"86":["game777/images/betLines/btn_chonchan",4],"87":["game777/images/betLines/btn_chonle_on",4],"88":["game777/images/betLines/btn_chonle",4],"89":["game777/images/betLines/btn_tatca_on",4],"90":["game777/images/betLines/btn_tatca",4],"91":["game777/images/betLines/button -on ",4],"92":["game777/images/betLines/button- off",4],"93":["game777/images/bg_content",4],"94":["game777/images/bg_hu",4],"95":["game777/images/bg_popup",4],"96":["game777/images/bt_close",4],"97":["game777/images/ic_close",4],"98":["game777/images/popup/btn_close",4],"99":["game777/images/popup/bxh",4],"100":["game777/images/popup/chondong",4],"101":["game777/images/popup/lsc",4],"102":["game777/images/popup/phien",4],"103":["game777/images/setting ",4],"104":["game777/images/UTM_Neo_Sans_IntelBold",8],"105":["game777/images/x5New2",4],"106":["game777/particles/bigwin_coin",4],"107":["game777/particles/noHu",9],"108":["game777/particles/Thang_1",9],"109":["game777/particles/Thang",9],"110":["game777/particles/tien",4],"111":["game777/skeletons/cangat/cangat",4],"112":["game777/skeletons/icon/7/GEM_W",6],"113":["game777/skeletons/icon/7/GEM_W",4],"114":["game777/skeletons/icon/bar/item3",4],"115":["game777/skeletons/icon/cherry/GEM5",6],"116":["game777/skeletons/icon/cherry/GEM5",4],"117":["game777/skeletons/icon/chuong/item5",4],"118":["game777/skeletons/icon/dua/GEM4",6],"119":["game777/skeletons/icon/dua/GEM4",4],"120":["game777/skeletons/icon/kim cuong/GEM3",6],"121":["game777/skeletons/icon/kim cuong/GEM3",4],"122":["game777/Sprite/bg_hu",4],"123":["game777/Sprite/bg",4],"124":["game777/Sprite/btn_quay_off",4],"125":["game777/Sprite/btn_quay",4],"126":["SOund/loopSPin",2],"127":["SOund/Spin",2],"128":["SOund/StopSpin",2],"129":["SOund/WinLine",2],"130":["Animation/Fx_Jackpot",0],"131":["Animation/ItemBlur",0],"132":["game777/bmfonts/bmFont",3],"133":["game777/bmfonts/bmFont",5,1],"134":["game777/bmfonts/bmFont777",3],"135":["game777/bmfonts/bmFont777",5,1],"136":["game777/Candy/CnyFonts/font1/font_hu-export",3],"137":["game777/Candy/CnyFonts/font1/font_hu-export",5,1],"138":["game777/Candy/CnyFonts/font1/font-export",3],"139":["game777/Candy/CnyFonts/font1/font-export",5,1],"140":["game777/Candy/CnyFonts/font1/font",3],"141":["game777/Candy/CnyFonts/font1/font",5,1],"142":["game777/Candy/CnyFonts/font2/font",3],"143":["game777/Candy/CnyFonts/font2/font",5,1],"144":["game777/Candy/CnyFonts/font3/font",3],"145":["game777/Candy/CnyFonts/font3/font",5,1],"146":["game777/Candy/CnyImages/BG-KimCuong",5,1],"147":["game777/Candy/CnyImages/btn_tab",5,1],"148":["game777/Candy/CnyImages/button-dong",5,1],"149":["game777/Candy/CnyImages/button-quay",5,1],"150":["game777/Candy/CnyImages/button-sieutoc-disible",5,1],"151":["game777/Candy/CnyImages/exit-game",5,1],"152":["game777/Candy/CnyImages/frame_win",5,1],"153":["game777/Candy/CnyImages/gold-act",5,1],"154":["game777/Candy/CnyImages/gold-dis",5,1],"155":["game777/Candy/CnyImages/icon-huongdan",5,1],"156":["game777/Candy/CnyImages/icon-i",5,1],"157":["game777/Candy/CnyImages/icon-vinhdanh",5,1],"158":["game777/Candy/CnyImages/line",5,1],"159":["game777/Candy/CnyImages/line/1",5,1],"160":["game777/Candy/CnyImages/line/10",5,1],"161":["game777/Candy/CnyImages/line/11",5,1],"162":["game777/Candy/CnyImages/line/12",5,1],"163":["game777/Candy/CnyImages/line/13",5,1],"164":["game777/Candy/CnyImages/line/14",5,1],"165":["game777/Candy/CnyImages/line/15",5,1],"166":["game777/Candy/CnyImages/line/16",5,1],"167":["game777/Candy/CnyImages/line/17",5,1],"168":["game777/Candy/CnyImages/line/18",5,1],"169":["game777/Candy/CnyImages/line/19",5,1],"170":["game777/Candy/CnyImages/line/2",5,1],"171":["game777/Candy/CnyImages/line/20",5,1],"172":["game777/Candy/CnyImages/line/3",5,1],"173":["game777/Candy/CnyImages/line/4",5,1],"174":["game777/Candy/CnyImages/line/5",5,1],"175":["game777/Candy/CnyImages/line/6",5,1],"176":["game777/Candy/CnyImages/line/7",5,1],"177":["game777/Candy/CnyImages/line/8",5,1],"178":["game777/Candy/CnyImages/line/9",5,1],"179":["game777/Candy/CnyImages/lsc",5,1],"180":["game777/Candy/CnyImages/scale-btn-1",5,1],"181":["game777/Candy/CnyImages/scale-btn-2",5,1],"182":["game777/Candy/CnyImages/text-thele-new",5,1],"183":["game777/Candy/CnyImages/title_guide",5,1],"184":["game777/Candy/CnyResCode/0blur",5,1],"185":["game777/Candy/CnyResCode/1blur",5,1],"186":["game777/Candy/CnyResCode/2blur",5,1],"187":["game777/Candy/CnyResCode/3blur",5,1],"188":["game777/Candy/CnyResCode/5blur",5,1],"189":["game777/Candy/CnyResCode/button-sieutoc-act",5,1],"190":["game777/Candy/CnyResCode/button-tuquay_off",5,1],"191":["game777/Candy/CnyResCode/button-tuquay",5,1],"192":["game777/Candy/CnyResCode/CandyCrush-Thang/CandyCrush-Thang",7],"193":["game777/Candy/CnyResCode/CandyCrush-Thang/CandyCrush-Thang",5,1],"194":["game777/Candy/CnyResCode/CandyCrush-Thang/CandyCrush-Thang2",5,1],"195":["game777/Candy/CnyResCode/item_0",5,1],"196":["game777/Candy/CnyResCode/item_1",5,1],"197":["game777/Candy/CnyResCode/item_2",5,1],"198":["game777/Candy/CnyResCode/item_3",5,1],"199":["game777/Candy/CnyResCode/item_4",5,1],"200":["game777/Candy/CnyResCode/wild",5,1],"201":["game777/Candy/CnyResCode/wildblur",5,1],"202":["game777/images/betLines/1",5,1],"203":["game777/images/betLines/10",5,1],"204":["game777/images/betLines/11",5,1],"205":["game777/images/betLines/12",5,1],"206":["game777/images/betLines/13",5,1],"207":["game777/images/betLines/14",5,1],"208":["game777/images/betLines/15",5,1],"209":["game777/images/betLines/16",5,1],"210":["game777/images/betLines/17",5,1],"211":["game777/images/betLines/18",5,1],"212":["game777/images/betLines/19",5,1],"213":["game777/images/betLines/2",5,1],"214":["game777/images/betLines/20",5,1],"215":["game777/images/betLines/3",5,1],"216":["game777/images/betLines/4",5,1],"217":["game777/images/betLines/5",5,1],"218":["game777/images/betLines/6",5,1],"219":["game777/images/betLines/7",5,1],"220":["game777/images/betLines/8",5,1],"221":["game777/images/betLines/9",5,1],"222":["game777/images/betLines/btn_bochon_on",5,1],"223":["game777/images/betLines/btn_bochon",5,1],"224":["game777/images/betLines/btn_chonchan_ob",5,1],"225":["game777/images/betLines/btn_chonchan",5,1],"226":["game777/images/betLines/btn_chonle_on",5,1],"227":["game777/images/betLines/btn_chonle",5,1],"228":["game777/images/betLines/btn_tatca_on",5,1],"229":["game777/images/betLines/btn_tatca",5,1],"230":["game777/images/betLines/button -on ",5,1],"231":["game777/images/betLines/button- off",5,1],"232":["game777/images/bg_content",5,1],"233":["game777/images/bg_hu",5,1],"234":["game777/images/bg_popup",5,1],"235":["game777/images/bt_close",5,1],"236":["game777/images/ic_close",5,1],"237":["game777/images/popup/btn_close",5,1],"238":["game777/images/popup/bxh",5,1],"239":["game777/images/popup/chondong",5,1],"240":["game777/images/popup/lsc",5,1],"241":["game777/images/popup/phien",5,1],"242":["game777/images/setting ",5,1],"243":["game777/images/x5New2",5,1],"244":["game777/particles/bigwin_coin",10],"245":["game777/particles/bigwin_coin",5,1],"246":["game777/particles/tien",5,1],"247":["game777/skeletons/cangat/cangat.atlas",11],"248":["game777/skeletons/cangat/cangat",7],"249":["game777/skeletons/cangat/cangat",5,1],"250":["game777/skeletons/icon/7/GEM_W",7],"251":["game777/skeletons/icon/7/GEM_W",5,1],"252":["game777/skeletons/icon/bar/item3.atlas",11],"253":["game777/skeletons/icon/bar/item3",7],"254":["game777/skeletons/icon/bar/item3",5,1],"255":["game777/skeletons/icon/cherry/GEM5",7],"256":["game777/skeletons/icon/cherry/GEM5",5,1],"257":["game777/skeletons/icon/chuong/item5.atlas",11],"258":["game777/skeletons/icon/chuong/item5",7],"259":["game777/skeletons/icon/chuong/item5",5,1],"260":["game777/skeletons/icon/dua/GEM4",7],"261":["game777/skeletons/icon/dua/GEM4",5,1],"262":["game777/skeletons/icon/kim cuong/GEM3",7],"263":["game777/skeletons/icon/kim cuong/GEM3",5,1],"264":["game777/Sprite/bg_hu",5,1],"265":["game777/Sprite/bg",5,1],"266":["game777/Sprite/btn_quay_off",5,1],"267":["game777/Sprite/btn_quay",5,1],"268":["MiniSlot",1],"269":["Prefabs/MS_ItemHistory",1],"270":["Prefabs/MS_PopupGuide",1],"271":["Prefabs/MS_PopupHistory",1]},"types":["cc.AnimationClip","cc.Prefab","cc.AudioClip","cc.BitmapFont","cc.Texture2D","cc.SpriteFrame","cc.Asset","sp.SkeletonData","cc.TTFFont","cc.ParticleAsset","cc.JsonAsset","cc.TextAsset"],"uuids":["175htmJCJOE5j67QPLowtm","49uee9ABpHipXjEQfUFVFz","eaCDe+gOlEMYyGlYLrjaVM","f8u6txQBlCJKa4YAwxBGNx","96d5LjjxpMgYYRuIcXsT56","2bQ2eAim9JaIN5RRrvxQl2","4bNA0xuHNB7qrwXZkk3bEf","46DA3E9bdDgIqPSbyYx4c8","4a1nd0AaxGZrtUs+0Ovle/","9fdosQdsVLu67uwRH5j3Ut","4fR59/Je9OOqThcklQ5A17","66rM1L7iVOJoJZ14v+do4b","dcx2To1v1GC7WmGpHZk4du","15Liox+zlNSoNjEakjJkgZ","528l/z9s5DkbrdYV+6rWBY","666PEUMb9CH7cdf1ir8SMc","faaRICKtZM1rKWzdlP0d8s","abeEQHw6VIq46O4D+5IupL","86aLcv5WZGGIzSopJDllEG","87x+m/YFJFRoQcp//JP4iv","a9G6fV7E1CGYYXkMBRwebg","41R99fbw1AIJyXoP7awXbh","3d9zT8JjxFipxhhvw5dn6r","bejHi3owpGLb49vQge/VQg","eePpbEghFBGpJ8sqm5qqgs","c2z/SdxatLv4qOhY8o2w56","6bVPcksO5Go686IjW/ZrjO","90dzGl5a1NeofAAdHb5sm8","4amqvrPlpBfL2inPabCh5F","ad6r7b/vdPTo/WxwHQ84Ca","471gLh2W5BA4pZY4ogsuNa","a7inbmFAVGO5oLaUR16Fih","aeuomaDYZLbbtU5ZCflS/w","e6+vpR0ORAZ7d2Q3T2HPVO","554zyhysRI2rQtM+ZBALi8","cf6pDuVuFG8KpaHYRwhSQp","06ukg6pnpFzL4qze+Ad7Ej","c4/Wv1sk1CZ6advs2LAmo4","84Q7KP01tLlJXgKJMBP1V4","4eF8wpkH5NB7i1v3Dl9uW+","5fjgEASpROt6cE1xFKDYWu","57MHW02wJHJYzVFaR90A0l","86p1edj/FKKbG8b7gQoG7L","52jmchGnVHU56fj8CLdj9q","91hhjx05NH6av/b13XqkrL","a7WUuLCh9OvqhoJd1GhJ/P","12T+46/lxLvK2eDedCeJ4W","033MrFWtlOm68xxCJIMbBM","7cGh+Mv4pPoLhK57DbLRvg","27jlpn/pNARbTGr5p/wDfj","e1mPXQMVdMJpofVxFg4GhQ","aeWGQqZDBPWLzGpdIzUgF5","5bsK6ULapGoaxRDQ0H73Ce","0eDkrvH+xNkpZD/abHNvWT","32pQKwmElClL9D0g91UHbT","29bfS6QohKzry2r91FRCh5","48u62LZ55H6IIHYYgOTS/t","2aa7VZQSlFcpjITT9MxU4i","cbljRozU9GooLhY5lqqqnM","73p64ltt9CwbR0r8h9c+FG","feL6h/gqdMnKfABQ2I69We","86KYpNiNNHgpIss3Jsb6/0","cfNXSt0ctPEqzHnqFonfxQ","8bIVJX6FFNMowWflFPkpSo","ccA/HiGOBGq7DwT7dhLwsh","23w+hhRdhDAKjCDaTO5uwS","50FC/TJ9NBbY0pefSAdQuM","c6Mk5znvFIBaJyZ7ZU/J6F","7f3RrevEFN36AAWrxtfAz2","74i5uvSIhFHIOEqreI0MR2","74lPXu0o5IWIryj1uO+aTY","51p1CaTRNJZ7mW0IsTsXL5","1blWkzRs9HiY8CSugEEuqM","0bbuMxvmdDf5on3Jb/z46D","8av2wKigxMD6J7l7bNa7Tt","ca2muw5EpIhK3T33NoRsIr","08snjg3yJKlqpnNcK6vu7I","8aylQra6NC158re/Q0/vmh","ffRaLSTfFPjZo/MStHbvJz","79ruNOvZFGzbIqZb0NZJbj","50c6LKFgJCcYtIdF4VAeG2","c7VzzbqfdKZZL1IODOPM7n","6eqNCKcLBKCY7J8fx5NSme","b2YWwWuthBZpmSRCUB7xtJ","54b9eu6bdCRrerXtXjKWEb","60ArDKb6NG4ZtGQ8d8O7Fh","a8VlYJD81G6LsdobvqXW5j","e9ZEQdsoFBo4EHe36skn5Q","00OSJ7iTpFFbjdfxMECr6e","74jrmfvC9Du4R6jZl1Li9m","d96MPJ2B1D0Lqf4biIYO5D","6fRJka0AdIh44AomkQXFvp","43UTERCLBFc4Z+CB1AUpOF","88JH2+iixM1rmY7eH7XJUq","80OLG3PwtH75eospcdiYhv","b29DAtADlL+qkhcXQlB28B","e6qqvsK65Esas32raXMeWq","74c/7egT5OS6xkQLnJtbSE","42ZWgz2oZGcKurWZFa+kKy","7fu2tc0e5KspGRuQuEx9cq","7c7cgndulDkI9awzIc3I3J","67dMjI9aBHS7VEWBqIj2ix","b5AGYmRGRB2YyuD73AL3c2","d2yaan601DWpxW90vS3qKx","ebqr+yW6ZOtpMnS6+2RM9G","c0rM+E0w1JO78VuwnRK+Vb","896ggUD2NPl53/Y6wSmVm/","86WgjSKzZATI4q3zdPlz6Y","a7ZIP+aGpJdJPFaAE8axIJ","fejefp3nBBkqMgDkJLN18X","c7Fw85edFAUpJI9b0OgFq+","46QdZu9GRCsJRfQxzDs63W","0dAs++HttJmqV85sVD1JKe","4cBJJvMdRP4oEPYjynp7Im","6dj3OGYXdLa78BB7CODdeR","a6rygAPhBG674VQMm83r10","74b9PP7JlDrre/gI2a0WSE","dfEXXOyvpBU7+dTibYNLrg","bb/Lv8TC9O+LYn/UOtOgAS","2bSKGFigtL1LzuqvyE9Hp5","54deCRhBtDzq29t/7Gj/G3","01UwaftxxP7JEkZayRAw2g","28rGgQShBCwKimGnczCkmr","9eKyRkEgpMhoNQTzbJWTev","a5I6SiZg1AGIWjhZWp0HyP","14kDZEbCRE8I1i7iotiMQP","f50gN2cI5JwpKxoYie3Ucz","87QU5G8UNLRLFPgJnZ30Ep","11eugLlHZGVoyBU8hKTORi","13jgFrEExEKYwiNZBuE/uU","d4mtz+8h5Hh448CB5o1ekc","19TgyxeohA94B+qGpVLB0D","13ojpZB19KSLqZkhkgHp8X","fdsDqVO0dEu4iTftgIT7Lt","b31R8iqQ1Ga4fyBjIRDQW6","fdd23HRtVFhaSk+aORIOkt","4bbax7ZulGn5PYUqNeim0s","f4wTe2nVpNkb3J7tYsCMF4","08M7/RpMRHbKotU1I6lYk4","ffzZOvsj9JzJNu+Qn8PBWA","f5EDvjhR9D6JEUO7XFUgpA","43CWLFLhhI+5yCU4rAvjzo","2dlD+Py99GMJUKNgyvmcdp","3e3Vj08K9A05zZwB1YPjRC","5e+wb5QOFNML3qwBEtYvOL","1b7oXc4Q1NALJZaQSDN7i0","adJ2nysudCAaX1B0uKpoc0","63QT/UJy1BIaWxw6WT5cTb","deAtwn60hAra0fxtPE3W0L","94ds4PebhLsrBj4ZXoJBE8","91rxwWiwVFC4PAUJHAU2tm","01pvt3arhMQqrlQ4J7xNFA","724w14F1pBxJJCeF9KTLIy","85JzH6q6RLapXXcXct4Gp3","8aKeCKJvFK95Qz7ZtdrexS","1fiJ7RyyhLLaeZnA5GZ0x+","edL19h6zhGYbPG9GhnscBX","ea2qxdcThL8IeM2Ly2lDHG","8dTEo/kJJBAL4zUZBOjYE5","e7Z+Y4jidBR4Ljrcj5mnqL","fdjmc1/7xJ4LMU9KD2ORf3","d7vLxBUgBChZQGUTqBQhEI","c4Q/nqvy1CeKXYHYxo0HRg","8eKJNUXdlL2YSzoup/LWnU","f82F506wdJD7bUnG9pk2MN","97KmW+YiZJjLa+UaPL1Ivx","5dDgfcCH1JErTtQKCifYFc","d5GRE2sP9JD7t7k46B1pdD","bdoTPye/BBUat92KIlX3t6","17Czz3Bz9KwpkIg39hcZ1J","9fHJkpec9HUq9x84eN2XU2","0cFHnaJs1LPLDutwMCPGGr","31RYObxFhJ1ZtVUZTfbifd","29NDPmGvxPGrYswqyhC4xd","8dH7NGbHVCV4rNZj3alqgT","577HemTttOYLmG7UPPyMUO","06/m9fEaZCUre+azlK9c+/","c39yG7m4hHZLPD4t5A8UbK","36V2WprltOA7QbltoKZgKy","34liJJe0VOmLY5rHsOkCnM","ccPtnC6EJHJbEspbF988Np","3excSuGd9JLawr7+eWDqOA","898GrURr9CVKAa0yGY9IHW","c8hsVnoOlM9LWjeFUbPwUN","90N3lLLmJF+KEpLzLFiTz1","b4I9vATJxMDocJIN3O5bws","b5ve05YdZATqnbR/+XCNpl","81az/zB6dCqKsuc2w3VCKQ","f5laeNH8xMSYV5oeGoLw68","a80ms8OpxHHYWqozT500Ru","43O6hlJtVFrqYJrdUBiV+V","72xcQ+kT5DlYoDAZv9Wn5I","48zC+EdUNCPbJDOCAb7BLt","ae75EkevtMfKymFvR39lz0","55bg0bAz9M0piPiVmhVk4S","7dfvlma/pI+5hiSNfTBFhr","1cL5l/O7hE64JmMoe8Dn87","41mFuBTnZJ1KmQ866qoOUC","ddh8PzeWxLAZ8FPSeO87Of","e3PeUHbBJPGpmbN1P9O3WU","e84XrQdodFebJZBPTyJ11w","38kThH75tOMZO+mSkiwZGu","40Anh7AnVLw7T3ictouFjX","1eScpVbYFEv6AIyR9FcvvM","b2IQP5ui5NI51IwiIvsXP9","583YH8YBhEKIc+ApsjOh3M","cbABd1nmlMf4gmKc/BFJrq","f4+geEln5HCKY8shdzC7DI","75Sc7grgJAfpUxq5jHPuRz","b4lVxOMs9PyZVf3Pj36++Q","e2HtjMjKpJZ7RdgoMplEEe","0053x732lBWYbXhAOjb3Cp","d6xuP0uhNCeL21I+tj+K00","26C8xF9S5OH7nfIkRTPWTt","c4FEvKNX9JeoAJ+jNBYqyv","9aHaHBj/xH5LzI0SN7ADFQ","14D/2itWJIzpGEWiseUlL4","770mmsQKxKYoivC1/DCMPy","bdAbSxPWFOSK9llkNGpRDF","59R+79x8hFF6way01JmVC+","60mJ8om39O+oYXHyvakLva","b48jQ0cotEQIBhvQRr8hL/","52L/YL/4hOUZ2+zPG1bC3/","bdoCJWqbJM+qnFC9Jv5+BX","c3TQZU7FxL9ac1U1I9kJkh","4cR5Y1IwRIQL9Lg3e3Pok/","79AOnV8jpAbZ59I4IvoGXF","39wW9U7ItKtaGJppI7h2qU","35cu8WGEJLOoFqxEeSa+o0","60ex4OW4RGGbKA2OKfeyFb","42ubHxJ0NPDrmHQ0HqlaAN","84xfnELqxKRqm30lPZrw2z","a7FQSkeMlLIqdBi+lNq8af","05usdYvDhOJYZwHE4ekTwl","d1Thh/nWpKU7sMQmzJI3NK","18NLshemlHVaZ5R3thep0X","a0vLXfimtPJqOWvQ+skP1V","7eRCJDwp1JPJxJDa07AwGa","47HReKT9lMO6DJRn2UNalu","b4Q2DzMD9D1KPXIbFmCKIN","9daDid8pVBfJBwxiDpjqR6","25bZ6LNu1ETo4+3yJxsik2","c9BLDdEwVG/r9SP3nGzYHg","49U9RW31lE/5E/5ZWdR5Dr","d5aih+GVlA5LdWUBDv0ceP","11kpRLRh1JE4rCPalJ97Hn","dfQo5p6SVOhImfY9X1/rY7","5b92p41UZKWYc+ML/Vi7Aj","770uwG1bNGi6Xd7/goF41L","38tPShkkNJxI6SDVmuDuO0","43a5PEXKpGFp8HrpJygE3i","f9Z8jyhyJAW7qKYy7zqZ9g","eedcRCiQxGlZLUc/w3MPz3","42KfVXdd1NJpnttgCzTkgj","5dVprO2AVG/7x/bjFEXCBh","aeXJbXgfpPxLZjYvsftACy","8dZL3uVcRGRryVFXYafl+B","1ecxRZawlI/Z1G0V9gRwRI","72dDc9L2JPR5cc2SX+htT0","31tbVrW7xFxan+tDC9hVFQ","e92KIv5FZDMY3xSO6iM7Oz","a5/HUdXrdPB4UFUm5GrUaC","4f8mgwI3RLea1FyzQnftuP","48DtloloVHl6d5joTaTDbT","13eAUpN1dLBakE4Xq4vx2+","c5eD9BrjRA3oWRYxp2hjE6","ebHsFG3KtC14Il11g0vtC9","53wdPRE49CsahrJsWnQIqw","0cZre9YkdEYrL64ROZdeN+","ee9anhgb1LA7Kkozus99IF","c0ByTKc6NPM7cW3z41mc/C","82rkA3d7pHv5uLtEDWGrBS","63O3ZxsDVHfJKFGkPP74H5","ecpdLyjvZBwrvm+cedCcQy","3ae7efMv1CLq2ilvUY/tQi","7a/QZLET9IDreTiBfRn2PD","e1M4dVdwNOCqD69gLCBDJ5"],"scenes":{},"redirect":[273,0,274,0,275,0,276,1],"deps":["internal","resources"],"packs":{"0c00141d4":[132,133],"0e4e5c28a":[134,135],"09228a194":[138,139],"049206985":[141,140],"0efed92eb":[136,137],"0c840d812":[145,144],"0ef18950b":[142,143],"0d4b75b34":[151,176,171,268,128,264,129,169,131,196,155,173,172,178,201,197,190,267,175,166,272,191,195,187,153,127,154,174,163,184,165,170,189,185,186,168,177,162,265,167,161,198,199,159,200,157,156,188,126,164,160],"0d3f05be8":[104,269],"0216fe170":[182,270,183],"0687af285":[235,234],"010fc2298":[271,240,232],"03cb47df5":[88,121,47,36,76,73,46,125,13,0,72,65,49,122,55,57,5,119,54,22,21,98,92,7,111,30,56,1,28,8,6,113,39,10,66,80,71,43,14,84,34,41,52,40,85,11,15,101,26,114,82,91,59,116,97,69,89,70,79,48,100,99,68,94,38,61,18,42,19,93,106,74,77,63,27,44,4,123,9,124,45,31,86,20,17,29,51,32,83,95,102,23,105,25,37,67,110,81,75,58,64,62,35,103,90,12,117,50,96,33,87,2,24,3,16,60,78]},"name":"33","importBase":"import","nativeBase":"native","debug":false,"isZip":false,"encrypted":false,"versions":{"import":[211,"1099b","010fc2298","4d3ec","0216fe170","49671","03cb47df5","32615","049206985","8c488",233,"18651","0687af285","94717","09228a194","29c11","0c00141d4","00a54","0c840d812","e8063",112,"1da1d","0d3f05be8","a293a","0d4b75b34","b871c",53,"1de1a","0e4e5c28a","3c00a","0ef18950b","76d56","0efed92eb","1f380",245,"cc78e",216,"21ed2",203,"13a83",257,"316f1",241,"b6e9e",213,"f32d8",259,"539b3",179,"28d98",228,"b8311",249,"a642f",227,"f49e6",181,"3dde3",202,"0e40b",253,"b7d6a",230,"d61af",250,"aa2f7",238,"24568",263,"8dd94",192,"f12e0",243,"f1ad9",225,"55985",262,"ce785",222,"5a88c",120,"9c77f",194,"8e7d9",205,"dc2f3",219,"79d3b",247,"ea72f",254,"21c5a",229,"a2378",220,"4322e",147,"f975e",258,"ad530",152,"66f58",208,"19c26",217,"3a387",248,"31583",226,"792fa",237,"b0d11",231,"b59a6",107,"6250b",158,"679c1",256,"d6d26",150,"109c8",149,"2bbdb",215,"7a45a",236,"3b083",261,"69310",115,"5d3c0",108,"f3cca",146,"db68b",255,"76938",193,"6d086",204,"156ab",239,"7a335",209,"2fadf",221,"d651d",118,"7f5bb",218,"fc4b1",223,"15d89",224,"dd879",214,"aba28",242,"58c05",206,"b3a84",180,"210b2",130,"a1f97",244,"8e3d7",212,"96520",148,"aed05",246,"ef74a",210,"c1c1b",260,"76149",266,"9b13b",252,"4bab6",207,"269f5",251,"41ade",109,"d6894"],"native":[88,"8b8bb",121,"9b94f",47,"81d4b",36,"f8855",76,"9440d",73,"4b986",112,"e1184",53,"39ea5",128,"3144d",46,"0aeaf",129,"5401c",125,"1648b",13,"85848",0,"e12b0",72,"062df",65,"2a73d",49,"613fd",122,"70715",55,"6786b",57,"dc826",5,"78153",119,"70148",54,"95cc7",22,"df862",21,"cc550",98,"9f30e",92,"31138",7,"abba4",111,"8f7d6",30,"ce02c",56,"ddc6f",1,"72cd9",28,"69df7",8,"61588",6,"a8fa6",113,"4405a",39,"ab16a",10,"b6c72",66,"68ebe",80,"1969c",71,"c24fb",43,"8a837",14,"3d010",84,"02027",120,"6962e",34,"9b33d",41,"87d1b",52,"f1724",40,"d621e",85,"71906",272,"f4bd9",11,"7e1cd",15,"39b9b",101,"d621e",26,"74831",114,"70c5b",82,"f1571",91,"e148e",59,"044d9",116,"f9f6f",97,"30aae",69,"d2f7e",89,"3bea3",70,"1d3ae",79,"ab09c",48,"0851a",100,"f1205",99,"b96ec",68,"e6135",94,"553f6",38,"6e79a",61,"bd6a3",107,"d2c60",18,"97fc4",42,"642ef",127,"26cbd",19,"4e891",93,"60aac",106,"ac72c",74,"00a86",77,"2a4c1",63,"157c7",27,"459ac",44,"1798f",4,"fc9d4",123,"f3dc4",9,"f538d",124,"1bfe0",115,"752a6",45,"40935",108,"cb4f2",31,"faca9",86,"ab3a1",20,"670d5",17,"db628",29,"d1597",51,"ed832",32,"73aef",83,"a0978",95,"5ccd2",102,"781c6",118,"bc000",23,"ea15f",105,"a4064",25,"acd55",37,"4dae3",67,"bb6ce",110,"564c7",81,"4fd6c",75,"852ad",58,"a519d",64,"bb07b",62,"2e466",35,"7bdbb",103,"5ee3c",90,"b9a27",12,"9f30e",117,"ec62f",50,"676e5",96,"2058a",33,"4d101",87,"9c7dc",2,"a10d0",104,"c1045",24,"38a5b",126,"8b789",3,"36923",16,"7cbe6",60,"ddef9",109,"67b8d",78,"102c2"]}}