[1,["f9bCA0ppJGTKPsm2adAVSo","6bELiQyWZNd7yok+jKW0ys","98M01Br0BNsoiNiD9Ratl5","8fi5vToQVAzLNZ7vmXIa0L","1bE7qmJtZH3YxnQwzZnxZ5","64KHB3iHlEI48V8XufzhQa","28T2F7s5VJgoYPthdVWGrc","33W0zXXJNIEJ9TP9+GdOAu"],["_textureSetter","sb_arrow","sb_arrow_blur","sb_arrow_blur_grey","sb_arrow_grey","sb_auto","sb_button","spin_button_vfx_b"],["cc.SpriteFrame",["cc.SpriteAtlas",["_name","_spriteFrames"],2,11]],[[1,0,1,2]],[[[[0,"button_spin.plist",[{},"sb_arrow",6,0,"sb_arrow_blur",6,1,"sb_arrow_blur_grey",6,2,"sb_arrow_grey",6,3,"sb_auto",6,4,"sb_button",6,5,"spin_button_vfx_b",6,6]]],0,0,[0,0,0,0,0,0,0],[1,2,3,4,5,6,7],[1,2,3,4,5,6,7]],[[{"name":"sb_arrow_grey","rect":[119,685,116,108],"offset":[0,-1],"originalSize":[232,218],"capInsets":[0,0,0,0]}],[0],0,[0],[0],[0]],[[{"name":"sb_arrow_blur_grey","rect":[119,573,116,110],"offset":[0,0],"originalSize":[232,220],"capInsets":[0,0,0,0]}],[0],0,[0],[0],[0]]]]