[
  1,
  [
    "d1G6OfpghM54uj+J19OHAs",
    "2cUczlON1Mc4EQfAhHU4RX"
  ],
  [
    "_textureSetter",
    "spriteFrame"
  ],
  [
    "cc.SpriteFrame",
    [
      "cc.BitmapFont",
      [
        "_name",
        "fontSize",
        "_fntConfig"
      ],
      0
    ]
  ],
  [
    [
      1,
      0,
      1,
      2,
      4
    ]
  ],
  [
    [
      [
        {
          "name": "bosocasau-export_cyrillic",
          "rect": [
            0,
            0,
            76,
            219
          ],
          "offset": [
            -26,
            18.5
          ],
          "originalSize": [
            128,
            256
          ],
          "capInsets": [
            0,
            0,
            0,
            0
          ]
        }
      ],
      [
        0
      ],
      0,
      [
        0
      ],
      [
        0
      ],
      [
        0
      ]
    ],
    [
      [
        [
          0,
          "bosocasau-export_cyrillic",
          32,
          {
            "commonHeight": 43,
            "fontSize": 32,
            "atlasName": "bosocasau-export_cyrillic.png",
            "fontDefDictionary": {
              "9": {
                "xOffset": 0,
                "yOffset": 0,
                "xAdvance": 160,
                "rect": {
                  "x": 0,
                  "y": 0,
                  "width": 0,
                  "height": 0
                }
              },
              "32": {
                "xOffset": 0,
                "yOffset": 0,
                "xAdvance": 20,
                "rect": {
                  "x": 0,
                  "y": 0,
                  "width": 0,
                  "height": 0
                }
              },
              "48": {
                "xOffset": 0,
                "yOffset": 0,
                "xAdvance": 38,
                "rect": {
                  "x": 0,
                  "y": 176,
                  "width": 37,
                  "height": 43
                }
              },
              "49": {
                "xOffset": 0,
                "yOffset": 0,
                "xAdvance": 30,
                "rect": {
                  "x": 42,
                  "y": 0,
                  "width": 29,
                  "height": 43
                }
              },
              "50": {
                "xOffset": 0,
                "yOffset": 0,
                "xAdvance": 42,
                "rect": {
                  "x": 0,
                  "y": 0,
                  "width": 41,
                  "height": 43
                }
              },
              "51": {
                "xOffset": 0,
                "yOffset": 0,
                "xAdvance": 38,
                "rect": {
                  "x": 38,
                  "y": 176,
                  "width": 37,
                  "height": 43
                }
              },
              "52": {
                "xOffset": 0,
                "yOffset": 0,
                "xAdvance": 39,
                "rect": {
                  "x": 0,
                  "y": 88,
                  "width": 38,
                  "height": 43
                }
              },
              "53": {
                "xOffset": 0,
                "yOffset": 0,
                "xAdvance": 38,
                "rect": {
                  "x": 39,
                  "y": 44,
                  "width": 37,
                  "height": 43
                }
              },
              "54": {
                "xOffset": 0,
                "yOffset": 0,
                "xAdvance": 38,
                "rect": {
                  "x": 38,
                  "y": 132,
                  "width": 37,
                  "height": 43
                }
              },
              "55": {
                "xOffset": 0,
                "yOffset": 0,
                "xAdvance": 37,
                "rect": {
                  "x": 39,
                  "y": 88,
                  "width": 36,
                  "height": 43
                }
              },
              "56": {
                "xOffset": 0,
                "yOffset": 0,
                "xAdvance": 39,
                "rect": {
                  "x": 0,
                  "y": 44,
                  "width": 38,
                  "height": 43
                }
              },
              "57": {
                "xOffset": 0,
                "yOffset": 0,
                "xAdvance": 38,
                "rect": {
                  "x": 0,
                  "y": 132,
                  "width": 37,
                  "height": 43
                }
              }
            },
            "kerningDict": {}
          }
        ]
      ],
      0,
      0,
      [
        0
      ],
      [
        1
      ],
      [
        1
      ]
    ]
  ]
]