[
  1,
  [
    "6fcmcGdFVFrbiqwtgB9UvK",
    "e74ap6e41KMJ4ymgxauVgn",
    "d7ERVgaWVOBLKainfJRAxe",
    "85VH9SdgFM+rtIFm8UCPA6"
  ],
  [
    "IconWinBoss",
    "leftMoster",
    "moster",
    "_textureSetter"
  ],
  [
    "cc.SpriteFrame",
    [
      "cc.SpriteAtlas",
      [
        "_name",
        "_spriteFrames"
      ],
      2,
      11
    ]
  ],
  [
    [
      1,
      0,
      1,
      2
    ]
  ],
  [
    [
      [
        [
          0,
          "AtlasBossCaSauPack0.plist",
          [
            {},
            "IconWinBoss",
            6,
            0,
            "leftMoster",
            6,
            1,
            "moster",
            6,
            2
          ]
        ]
      ],
      0,
      0,
      [
        0,
        0,
        0
      ],
      [
        0,
        1,
        2
      ],
      [
        0,
        1,
        2
      ]
    ],
    [
      [
        {
          "name": "leftMoster",
          "rect": [
            2,
            2,
            542,
            577
          ],
          "offset": [
            0,
            0
          ],
          "originalSize": [
            542,
            577
          ],
          "capInsets": [
            0,
            0,
            0,
            0
          ]
        }
      ],
      [
        0
      ],
      0,
      [
        0
      ],
      [
        3
      ],
      [
        3
      ]
    ]
  ]
]