[
  1,
  [
    "f2bUempchOqZfhdTz01e3r"
  ],
  0,
  [
    [
      "sp.SkeletonData",
      [
        "_name",
        "_atlasText",
        "textureNames",
        "_skeletonJson",
        "textures"
      ],
      -1,
      3
    ]
  ],
  [
    [
      0,
      0,
      1,
      2,
      3,
      4,
      5
    ]
  ],
  [
    [
      0,
      "Fish_16",
      "\r\n1999_Fish.png\r\nsize: 1825,1286\r\nformat: RGBA8888\r\nfilter: Linear,Linear\r\nrepeat: none\r\n16_x50/rua_mai\r\n  rotate: false\r\n  xy: 1681, 539\r\n  size: 130, 131\r\n  orig: 130, 131\r\n  offset: 0, 0\r\n  index: -1\r\n16_x50/ruabody\r\n  rotate: false\r\n  xy: 1424, 915\r\n  size: 255, 242\r\n  orig: 256, 243\r\n  offset: 0, 1\r\n  index: -1\r\n16_x50/ruabong\r\n  rotate: true\r\n  xy: 748, 2\r\n  size: 117, 114\r\n  orig: 121, 117\r\n  offset: 3, 2\r\n  index: -1\r\n\r\n",
      [
        "1999_Fish.png"
      ],
      {
        "skeleton": {
          "hash": "Dwvhh/BmSE3YgIgJIYBlJbvQB1Q",
          "spine": "3.7.94",
          "width": 114.15,
          "height": 144.62
        },
        "bones": [
          {
            "name": "root"
          },
          {
            "name": "bone",
            "parent": "root",
            "rotation": -90,
            "scaleX": 0.331,
            "scaleY": 0.331
          },
          {
            "name": "bone2",
            "parent": "bone",
            "length": 100.96,
            "rotation": 90,
            "x": -0.46,
            "y": 68.25,
            "scaleX": 0.642,
            "scaleY": 0.642
          },
          {
            "name": "bone3",
            "parent": "bone",
            "length": 50.29,
            "rotation": -24.92,
            "x": 83.91,
            "y": 38.78
          },
          {
            "name": "bone4",
            "parent": "bone",
            "length": 38.62,
            "rotation": -67.4,
            "x": 44.27,
            "y": -66.08
          },
          {
            "name": "bone5",
            "parent": "bone",
            "length": 43.18,
            "rotation": -97.38,
            "x": -58.82,
            "y": -62.07
          },
          {
            "name": "bone6",
            "parent": "bone",
            "length": 59.46,
            "rotation": -167.9,
            "x": -57.44,
            "y": 27.92
          },
          {
            "name": "bone7",
            "parent": "bone6",
            "length": 34.43,
            "rotation": 13.74,
            "x": 61.3,
            "y": -0.45
          },
          {
            "name": "bone8",
            "parent": "bone7",
            "length": 34.59,
            "rotation": 24.32,
            "x": 35.59,
            "y": -0.34
          },
          {
            "name": "bone9",
            "parent": "bone3",
            "length": 32.35,
            "rotation": -16.36,
            "x": 51.2,
            "y": -0.65
          },
          {
            "name": "bone10",
            "parent": "bone9",
            "length": 28.48,
            "rotation": -4.53,
            "x": 32.58,
            "y": -0.16
          },
          {
            "name": "bone11",
            "parent": "bone2",
            "x": 83.52,
            "y": 63.67
          },
          {
            "name": "bone12",
            "parent": "bone2",
            "x": 84.64,
            "y": -62.24
          },
          {
            "name": "bone13",
            "parent": "bone5",
            "length": 37.2,
            "rotation": 1.17,
            "x": 44.41,
            "y": 0.82
          },
          {
            "name": "bone14",
            "parent": "bone4",
            "length": 35.84,
            "rotation": -5.5,
            "x": 45.58,
            "y": -0.03
          },
          {
            "name": "bone15",
            "parent": "bone",
            "length": 25.83,
            "rotation": -89.42,
            "x": -1.13,
            "y": -95.81,
            "scaleX": 0.878,
            "scaleY": 0.878
          }
        ],
        "slots": [
          {
            "name": "ruabong",
            "bone": "bone",
            "attachment": "16_x50/ruabong"
          },
          {
            "name": "ruabody",
            "bone": "bone",
            "attachment": "16_x50/ruabody"
          },
          {
            "name": "rua_mai2",
            "bone": "bone",
            "attachment": "16_x50/rua_mai"
          }
        ],
        "skins": {
          "default": {
            "rua_mai2": {
              "16_x50/rua_mai": {
                "y": -5.71,
                "width": 206,
                "height": 208
              }
            },
            "ruabody": {
              "16_x50/ruabody": {
                "type": "mesh",
                "hull": 71,
                "uvs": [
                  0.46029,
                  0,
                  0.40736,
                  0.02557,
                  0.36529,
                  0.06278,
                  0.31643,
                  0.10429,
                  0.28386,
                  0.18014,
                  0.27979,
                  0.2474,
                  0.28521,
                  0.31324,
                  0.32186,
                  0.37191,
                  0.33543,
                  0.39624,
                  0.27843,
                  0.38909,
                  0.20786,
                  0.38646,
                  0.15086,
                  0.40077,
                  0.09386,
                  0.42081,
                  0.05179,
                  0.45086,
                  0.01514,
                  0.48664,
                  0,
                  0.51669,
                  0,
                  0.57823,
                  0.045,
                  0.58968,
                  0.11557,
                  0.58682,
                  0.19021,
                  0.59111,
                  0.23229,
                  0.60543,
                  0.27707,
                  0.63119,
                  0.30421,
                  0.66267,
                  0.30421,
                  0.70275,
                  0.28929,
                  0.73709,
                  0.24721,
                  0.77979,
                  0.19429,
                  0.82988,
                  0.178,
                  0.90573,
                  0.18614,
                  0.95439,
                  0.21871,
                  1,
                  0.31371,
                  0.99875,
                  0.3585,
                  0.96441,
                  0.39107,
                  0.90859,
                  0.40329,
                  0.86852,
                  0.40736,
                  0.84133,
                  0.43993,
                  0.83989,
                  0.45893,
                  0.85278,
                  0.47114,
                  0.90716,
                  0.501,
                  0.95868,
                  0.52543,
                  0.91575,
                  0.54307,
                  0.86566,
                  0.57157,
                  0.85134,
                  0.59736,
                  0.88712,
                  0.61636,
                  0.93721,
                  0.6435,
                  0.96298,
                  0.69371,
                  1,
                  0.78073,
                  1,
                  0.82416,
                  0.94294,
                  0.82145,
                  0.86566,
                  0.78616,
                  0.81127,
                  0.74409,
                  0.76404,
                  0.71016,
                  0.72969,
                  0.70202,
                  0.67102,
                  0.72645,
                  0.63094,
                  0.77666,
                  0.60661,
                  0.84587,
                  0.58944,
                  0.93409,
                  0.58658,
                  1,
                  0.58801,
                  1,
                  0.51502,
                  0.95987,
                  0.43543,
                  0.88794,
                  0.38677,
                  0.80109,
                  0.35958,
                  0.73595,
                  0.35814,
                  0.66537,
                  0.37961,
                  0.72102,
                  0.30805,
                  0.71695,
                  0.2093,
                  0.71559,
                  0.15206,
                  0.67895,
                  0.09481,
                  0.62602,
                  0.05044,
                  0.5663,
                  0.01323,
                  0.51609,
                  0,
                  0.37998,
                  0.72839,
                  0.59902,
                  0.77388,
                  0.65999,
                  0.56617,
                  0.62481,
                  0.43017,
                  0.3364,
                  0.5093,
                  0.31295,
                  0.58472,
                  0.33822,
                  0.27597,
                  0.37574,
                  0.22899,
                  0.38981,
                  0.18943,
                  0.38277,
                  0.12637,
                  0.37457,
                  0.10535,
                  0.63367,
                  0.10288,
                  0.61139,
                  0.16099,
                  0.62429,
                  0.22775,
                  0.64891,
                  0.26484,
                  0.66767,
                  0.28833
                ],
                "triangles": [
                  8,
                  77,
                  78,
                  6,
                  5,
                  77,
                  78,
                  79,
                  84,
                  77,
                  5,
                  78,
                  78,
                  5,
                  4,
                  79,
                  78,
                  4,
                  80,
                  4,
                  3,
                  79,
                  4,
                  80,
                  81,
                  80,
                  3,
                  0,
                  79,
                  80,
                  80,
                  81,
                  1,
                  3,
                  2,
                  81,
                  81,
                  2,
                  1,
                  79,
                  83,
                  84,
                  74,
                  84,
                  85,
                  63,
                  85,
                  86,
                  86,
                  65,
                  64,
                  86,
                  85,
                  65,
                  66,
                  65,
                  83,
                  65,
                  85,
                  84,
                  66,
                  83,
                  82,
                  82,
                  67,
                  66,
                  83,
                  65,
                  84,
                  82,
                  69,
                  68,
                  82,
                  83,
                  69,
                  82,
                  68,
                  67,
                  53,
                  73,
                  54,
                  54,
                  73,
                  62,
                  73,
                  63,
                  62,
                  54,
                  61,
                  55,
                  54,
                  62,
                  61,
                  55,
                  61,
                  60,
                  59,
                  55,
                  60,
                  56,
                  55,
                  59,
                  56,
                  58,
                  57,
                  56,
                  59,
                  58,
                  46,
                  45,
                  47,
                  47,
                  45,
                  48,
                  48,
                  45,
                  44,
                  48,
                  44,
                  49,
                  42,
                  44,
                  43,
                  49,
                  44,
                  42,
                  49,
                  42,
                  50,
                  50,
                  72,
                  51,
                  72,
                  50,
                  42,
                  42,
                  41,
                  72,
                  51,
                  72,
                  52,
                  52,
                  72,
                  73,
                  72,
                  71,
                  73,
                  52,
                  73,
                  53,
                  38,
                  37,
                  39,
                  39,
                  37,
                  40,
                  37,
                  36,
                  40,
                  41,
                  40,
                  72,
                  72,
                  40,
                  36,
                  72,
                  36,
                  35,
                  34,
                  71,
                  35,
                  35,
                  71,
                  72,
                  29,
                  28,
                  30,
                  31,
                  30,
                  27,
                  31,
                  27,
                  26,
                  31,
                  26,
                  32,
                  32,
                  25,
                  33,
                  27,
                  30,
                  28,
                  34,
                  33,
                  24,
                  32,
                  26,
                  25,
                  33,
                  25,
                  24,
                  24,
                  23,
                  71,
                  34,
                  24,
                  71,
                  71,
                  22,
                  76,
                  71,
                  23,
                  22,
                  14,
                  18,
                  17,
                  14,
                  17,
                  15,
                  14,
                  13,
                  18,
                  13,
                  12,
                  18,
                  18,
                  12,
                  11,
                  15,
                  17,
                  16,
                  18,
                  11,
                  19,
                  75,
                  11,
                  10,
                  76,
                  75,
                  71,
                  73,
                  71,
                  75,
                  22,
                  21,
                  76,
                  21,
                  20,
                  76,
                  76,
                  20,
                  75,
                  75,
                  20,
                  19,
                  75,
                  19,
                  11,
                  75,
                  9,
                  8,
                  10,
                  9,
                  75,
                  73,
                  75,
                  74,
                  8,
                  7,
                  77,
                  7,
                  6,
                  77,
                  78,
                  84,
                  74,
                  70,
                  83,
                  79,
                  83,
                  70,
                  69,
                  79,
                  0,
                  70,
                  1,
                  0,
                  80,
                  78,
                  74,
                  8,
                  74,
                  75,
                  8,
                  63,
                  86,
                  64,
                  74,
                  85,
                  63,
                  73,
                  74,
                  63
                ],
                "vertices": [
                  3,
                  2,
                  154.56,
                  16.28,
                  0.80887,
                  12,
                  69.91,
                  78.52,
                  0.03403,
                  11,
                  71.03,
                  -47.38,
                  0.1571,
                  3,
                  2,
                  144.71,
                  37.77,
                  0.66884,
                  12,
                  60.07,
                  100.01,
                  0.00293,
                  11,
                  61.19,
                  -25.9,
                  0.32823,
                  2,
                  2,
                  130.39,
                  54.85,
                  0.41834,
                  11,
                  46.86,
                  -8.81,
                  0.58166,
                  2,
                  2,
                  114.41,
                  74.69,
                  0.11099,
                  11,
                  30.88,
                  11.02,
                  0.88901,
                  2,
                  6,
                  42.36,
                  -118.07,
                  0.01006,
                  11,
                  1.68,
                  24.25,
                  0.98994,
                  3,
                  2,
                  59.31,
                  89.57,
                  0.50089,
                  6,
                  41.54,
                  -92.13,
                  0.04168,
                  11,
                  -24.21,
                  25.9,
                  0.45743,
                  3,
                  2,
                  33.96,
                  87.36,
                  0.6112,
                  6,
                  36.94,
                  -67.11,
                  0.09102,
                  11,
                  -49.56,
                  23.7,
                  0.29778,
                  4,
                  2,
                  11.37,
                  72.49,
                  0.70474,
                  6,
                  19.98,
                  -46.04,
                  0.16668,
                  7,
                  -50.96,
                  -34.47,
                  0.00031,
                  11,
                  -72.15,
                  8.82,
                  0.12828,
                  4,
                  2,
                  2,
                  66.98,
                  0.82511,
                  6,
                  13.61,
                  -37.23,
                  0.13965,
                  7,
                  -55.07,
                  -24.41,
                  0.00188,
                  11,
                  -81.52,
                  3.31,
                  0.03336,
                  5,
                  2,
                  4.76,
                  90.12,
                  0.02292,
                  6,
                  36.9,
                  -37.78,
                  0.71786,
                  7,
                  -32.56,
                  -30.47,
                  0.21935,
                  8,
                  -74.51,
                  0.63,
                  0.0154,
                  11,
                  -78.76,
                  26.45,
                  0.02447,
                  4,
                  6,
                  65.52,
                  -36.06,
                  0.14944,
                  7,
                  -4.35,
                  -35.6,
                  0.69036,
                  8,
                  -50.92,
                  -15.67,
                  0.15907,
                  11,
                  -77.75,
                  55.1,
                  0.00113,
                  2,
                  7,
                  19.34,
                  -33.48,
                  0.48089,
                  8,
                  -28.46,
                  -23.5,
                  0.51911,
                  2,
                  7,
                  43.35,
                  -29.18,
                  0.04384,
                  8,
                  -4.81,
                  -29.47,
                  0.95616,
                  1,
                  8,
                  15.82,
                  -28.93,
                  1,
                  1,
                  8,
                  35.77,
                  -25.34,
                  1,
                  1,
                  8,
                  47.19,
                  -18.91,
                  1,
                  1,
                  8,
                  59.96,
                  1.05,
                  1,
                  2,
                  7,
                  72.35,
                  32.3,
                  0.01858,
                  8,
                  46.94,
                  14.61,
                  0.98142,
                  4,
                  6,
                  95.49,
                  44.29,
                  0.04679,
                  7,
                  43.84,
                  35.34,
                  0.38036,
                  8,
                  22.21,
                  29.12,
                  0.56982,
                  5,
                  -23.8,
                  -107.43,
                  0.00304,
                  4,
                  6,
                  65.16,
                  43.05,
                  0.3837,
                  7,
                  14.09,
                  41.34,
                  0.5492,
                  8,
                  -2.43,
                  46.85,
                  0.02505,
                  5,
                  -33.59,
                  -78.71,
                  0.04205,
                  4,
                  6,
                  47.64,
                  46.92,
                  0.6393,
                  7,
                  -2.02,
                  49.26,
                  0.23833,
                  8,
                  -13.84,
                  60.69,
                  0.00009,
                  5,
                  -34.85,
                  -60.8,
                  0.12229,
                  4,
                  6,
                  28.59,
                  55.06,
                  0.62764,
                  7,
                  -18.59,
                  61.69,
                  0.05063,
                  5,
                  -32.44,
                  -40.23,
                  0.32081,
                  4,
                  -119.26,
                  -98.39,
                  0.00091,
                  7,
                  2,
                  -100.57,
                  79.65,
                  0.00007,
                  6,
                  16.47,
                  66.08,
                  0.38538,
                  7,
                  -27.75,
                  75.27,
                  0.0076,
                  5,
                  -25.32,
                  -25.48,
                  0.60228,
                  15,
                  -71.22,
                  -78.27,
                  0.00089,
                  4,
                  -103.12,
                  -95.56,
                  0.00358,
                  3,
                  -157.53,
                  -87.88,
                  0.00019,
                  4,
                  6,
                  15,
                  81.44,
                  0.115,
                  7,
                  -25.52,
                  90.54,
                  0.00041,
                  5,
                  -11,
                  -19.72,
                  0.88401,
                  4,
                  -90.09,
                  -103.82,
                  0.00058,
                  2,
                  6,
                  19.78,
                  95.18,
                  0.0118,
                  5,
                  3.53,
                  -20.4,
                  0.9882,
                  1,
                  5,
                  25.15,
                  -30.11,
                  1,
                  2,
                  5,
                  51.07,
                  -42.84,
                  0.77857,
                  13,
                  5.77,
                  -43.79,
                  0.22143,
                  2,
                  5,
                  80.63,
                  -38.07,
                  0.34163,
                  13,
                  35.42,
                  -39.62,
                  0.65837,
                  2,
                  5,
                  96.77,
                  -28,
                  0.15316,
                  13,
                  51.76,
                  -29.89,
                  0.84684,
                  2,
                  5,
                  108.12,
                  -9.18,
                  0.03804,
                  13,
                  63.49,
                  -11.3,
                  0.96196,
                  2,
                  13,
                  49.37,
                  24.6,
                  0.99943,
                  15,
                  58.2,
                  -75.72,
                  0.00057,
                  2,
                  13,
                  30.56,
                  36.91,
                  0.98905,
                  15,
                  45.16,
                  -57.41,
                  0.01095,
                  2,
                  13,
                  5.78,
                  41.66,
                  0.93778,
                  15,
                  23.81,
                  -43.97,
                  0.06222,
                  3,
                  5,
                  33.18,
                  41.43,
                  0.02467,
                  13,
                  -10.4,
                  40.83,
                  0.82086,
                  15,
                  8.43,
                  -38.85,
                  0.15447,
                  3,
                  5,
                  22.85,
                  39.05,
                  0.13468,
                  13,
                  -20.78,
                  38.66,
                  0.56913,
                  15,
                  -2.02,
                  -37.09,
                  0.29619,
                  4,
                  2,
                  -168.8,
                  24.55,
                  0.00007,
                  5,
                  17.4,
                  51.11,
                  0.11587,
                  13,
                  -25.98,
                  50.83,
                  0.21443,
                  15,
                  -2.44,
                  -23.86,
                  0.66963,
                  3,
                  5,
                  19.12,
                  60.12,
                  0.0384,
                  13,
                  -24.08,
                  59.8,
                  0.07137,
                  15,
                  2.6,
                  -16.2,
                  0.89022,
                  3,
                  5,
                  36.69,
                  72.54,
                  0.00028,
                  13,
                  -6.26,
                  71.86,
                  0.00202,
                  15,
                  23.58,
                  -11.45,
                  0.9977,
                  4,
                  13,
                  7.99,
                  90.23,
                  0,
                  15,
                  43.54,
                  0.47,
                  0.99998,
                  4,
                  35.9,
                  -89.06,
                  0.00002,
                  14,
                  -1.1,
                  -89.55,
                  0,
                  3,
                  15,
                  27.11,
                  10.55,
                  0.9976,
                  4,
                  27.25,
                  -71.84,
                  0.00226,
                  14,
                  -11.37,
                  -73.23,
                  0.00014,
                  3,
                  15,
                  7.9,
                  17.91,
                  0.84886,
                  4,
                  14.79,
                  -55.47,
                  0.13465,
                  14,
                  -25.33,
                  -58.13,
                  0.01649,
                  3,
                  15,
                  2.51,
                  29.54,
                  0.49258,
                  4,
                  16.33,
                  -42.74,
                  0.41151,
                  14,
                  -25.02,
                  -45.32,
                  0.09591,
                  3,
                  15,
                  16.39,
                  39.87,
                  0.17513,
                  4,
                  33.57,
                  -41.27,
                  0.38186,
                  14,
                  -8.01,
                  -42.2,
                  0.44301,
                  3,
                  15,
                  35.75,
                  47.38,
                  0.05429,
                  4,
                  53.99,
                  -45.07,
                  0.14554,
                  14,
                  12.68,
                  -44.03,
                  0.80017,
                  3,
                  15,
                  45.78,
                  58.3,
                  0.02338,
                  4,
                  68.26,
                  -41.07,
                  0.05546,
                  14,
                  26.51,
                  -38.68,
                  0.92116,
                  3,
                  15,
                  60.24,
                  78.54,
                  0.00179,
                  4,
                  91.21,
                  -31.48,
                  0.00076,
                  14,
                  48.44,
                  -26.93,
                  0.99745,
                  1,
                  14,
                  64.4,
                  4.59,
                  1,
                  1,
                  14,
                  52.76,
                  30.25,
                  1,
                  2,
                  4,
                  75.27,
                  40.01,
                  0.00729,
                  14,
                  25.72,
                  42.7,
                  0.99271,
                  2,
                  4,
                  49.92,
                  39.11,
                  0.1399,
                  14,
                  0.57,
                  39.38,
                  0.8601,
                  4,
                  4,
                  25.42,
                  34.41,
                  0.61881,
                  14,
                  -23.37,
                  32.35,
                  0.37738,
                  9,
                  5.04,
                  -115.18,
                  0.00023,
                  3,
                  23.59,
                  -112.58,
                  0.00358,
                  6,
                  2,
                  -126.38,
                  -85.16,
                  0.00051,
                  6,
                  -150.05,
                  76.1,
                  0.00003,
                  4,
                  6.88,
                  29.85,
                  0.88857,
                  14,
                  -41.39,
                  26.04,
                  0.06124,
                  9,
                  -12.55,
                  -107.75,
                  0.00356,
                  3,
                  8.81,
                  -100.5,
                  0.04609,
                  6,
                  2,
                  -103.78,
                  -81.86,
                  0.00978,
                  6,
                  -144.61,
                  53.93,
                  0.00433,
                  5,
                  -82.66,
                  125.54,
                  0.00221,
                  4,
                  -13.98,
                  39.15,
                  0.70057,
                  9,
                  -23.7,
                  -87.83,
                  0.02606,
                  3,
                  3.72,
                  -78.24,
                  0.25705,
                  6,
                  2,
                  -88.36,
                  -91.77,
                  0.00842,
                  6,
                  -153.02,
                  37.62,
                  0.00341,
                  5,
                  -100.67,
                  128.98,
                  0.00148,
                  4,
                  -21.7,
                  55.78,
                  0.40734,
                  9,
                  -19.95,
                  -69.87,
                  0.0878,
                  3,
                  12.38,
                  -62.07,
                  0.49155,
                  6,
                  2,
                  -78.99,
                  -112.16,
                  0.0002,
                  6,
                  -172.42,
                  26.36,
                  0.00017,
                  4,
                  -18.7,
                  78.02,
                  0.16642,
                  10,
                  -32.47,
                  -56.43,
                  0.01375,
                  9,
                  -4.25,
                  -53.84,
                  0.27072,
                  3,
                  31.95,
                  -51.11,
                  0.54873,
                  4,
                  4,
                  -9.25,
                  105.3,
                  0.0336,
                  10,
                  -9.94,
                  -38.38,
                  0.26139,
                  9,
                  19.63,
                  -37.63,
                  0.51881,
                  3,
                  59.44,
                  -42.29,
                  0.1862,
                  4,
                  4,
                  8.98,
                  136.14,
                  0.00054,
                  10,
                  21.92,
                  -21.99,
                  0.98015,
                  9,
                  52.69,
                  -23.81,
                  0.01854,
                  3,
                  95.05,
                  -38.34,
                  0.00077,
                  1,
                  10,
                  46.32,
                  -10.98,
                  1,
                  2,
                  10,
                  34.24,
                  14.39,
                  0.99559,
                  9,
                  67.85,
                  11.48,
                  0.00441,
                  2,
                  10,
                  6.36,
                  35.06,
                  0.68048,
                  9,
                  41.69,
                  34.29,
                  0.31952,
                  3,
                  10,
                  -28.06,
                  39.42,
                  0.13169,
                  9,
                  7.72,
                  41.35,
                  0.72126,
                  3,
                  70.26,
                  36.85,
                  0.14705,
                  3,
                  9,
                  -28.96,
                  38.54,
                  0.22292,
                  3,
                  34.28,
                  44.48,
                  0.77563,
                  12,
                  -68.52,
                  -59.84,
                  0.00145,
                  4,
                  2,
                  16.67,
                  -95.63,
                  0.01975,
                  9,
                  -53.86,
                  29.6,
                  0.01943,
                  3,
                  7.87,
                  42.93,
                  0.94059,
                  12,
                  -67.97,
                  -33.4,
                  0.02024,
                  3,
                  2,
                  8.41,
                  -66.98,
                  0.8063,
                  3,
                  -20.04,
                  32.41,
                  0.12745,
                  12,
                  -76.24,
                  -4.74,
                  0.06625,
                  3,
                  2,
                  35.96,
                  -89.57,
                  0.51851,
                  3,
                  0.29,
                  61.67,
                  0.12618,
                  12,
                  -48.69,
                  -27.33,
                  0.35532,
                  3,
                  2,
                  73.97,
                  -87.92,
                  0.01528,
                  3,
                  -4.38,
                  99.44,
                  0.02661,
                  12,
                  -10.67,
                  -25.68,
                  0.95811,
                  2,
                  3,
                  -6.68,
                  121.37,
                  0.00047,
                  12,
                  11.37,
                  -25.13,
                  0.99953,
                  2,
                  2,
                  118.05,
                  -72.49,
                  0.10637,
                  12,
                  33.41,
                  -10.25,
                  0.89363,
                  2,
                  2,
                  135.14,
                  -51,
                  0.42597,
                  12,
                  50.49,
                  11.23,
                  0.57403,
                  3,
                  2,
                  149.46,
                  -26.76,
                  0.72692,
                  12,
                  64.82,
                  35.48,
                  0.2621,
                  11,
                  65.94,
                  -90.43,
                  0.01099,
                  3,
                  2,
                  154.56,
                  -6.37,
                  0.82392,
                  12,
                  69.91,
                  55.87,
                  0.11867,
                  11,
                  71.03,
                  -70.04,
                  0.05741,
                  7,
                  2,
                  -125.87,
                  48.89,
                  0.00365,
                  6,
                  -16.55,
                  88.34,
                  0.04127,
                  5,
                  -13.33,
                  12.5,
                  0.79658,
                  13,
                  -57.5,
                  12.85,
                  0.03243,
                  15,
                  -45.62,
                  -47.77,
                  0.10573,
                  4,
                  -65.29,
                  -83.12,
                  0.01833,
                  3,
                  -124.86,
                  -110.66,
                  0.002,
                  7,
                  2,
                  -143.39,
                  -40.04,
                  0.00147,
                  6,
                  -106.75,
                  97.32,
                  0.00302,
                  5,
                  -30.3,
                  101.54,
                  0.00717,
                  15,
                  -27.2,
                  40.98,
                  0.20789,
                  4,
                  -2.9,
                  -17.37,
                  0.77919,
                  14,
                  -46.6,
                  -21.9,
                  0.00113,
                  3,
                  -34.82,
                  -121.04,
                  0.00013,
                  7,
                  2,
                  -63.42,
                  -64.79,
                  0.06771,
                  6,
                  -123.79,
                  15.37,
                  0.0202,
                  5,
                  -113.73,
                  94.63,
                  0.01178,
                  15,
                  -106.91,
                  66.54,
                  0.00586,
                  4,
                  -57.21,
                  46.34,
                  0.30123,
                  9,
                  -54.06,
                  -56.22,
                  0.02187,
                  3,
                  -16.5,
                  -39.36,
                  0.57135,
                  7,
                  2,
                  -11.06,
                  -50.51,
                  0.68284,
                  6,
                  -104.59,
                  -35.4,
                  0.00867,
                  5,
                  -156.96,
                  61.83,
                  0.00478,
                  15,
                  -159.42,
                  52.79,
                  0.00165,
                  4,
                  -109.08,
                  62.29,
                  0.04124,
                  3,
                  -34.9,
                  11.7,
                  0.144,
                  12,
                  -95.7,
                  11.72,
                  0.11682,
                  5,
                  6,
                  9.08,
                  6.06,
                  0.96817,
                  5,
                  -84.97,
                  -35.41,
                  0.02993,
                  15,
                  -130.14,
                  -64.61,
                  0.00066,
                  4,
                  -146.01,
                  -52.93,
                  0.00113,
                  3,
                  -149.21,
                  -27.98,
                  0.00012,
                  6,
                  6,
                  15.79,
                  35.87,
                  0.73563,
                  7,
                  -35.58,
                  46.09,
                  0.01446,
                  5,
                  -54.48,
                  -33.4,
                  0.24282,
                  15,
                  -101.2,
                  -74.42,
                  0.00244,
                  4,
                  -126.58,
                  -76.51,
                  0.00418,
                  3,
                  -156.39,
                  -57.68,
                  0.00047,
                  3,
                  2,
                  48.31,
                  65.84,
                  0.20113,
                  6,
                  16.88,
                  -83.44,
                  0.048,
                  11,
                  -35.21,
                  2.17,
                  0.75087,
                  3,
                  2,
                  66.4,
                  50.61,
                  0.26336,
                  6,
                  3.43,
                  -102.89,
                  0.03731,
                  11,
                  -17.13,
                  -13.06,
                  0.69933,
                  3,
                  2,
                  81.63,
                  44.9,
                  0.31643,
                  6,
                  -0.8,
                  -118.6,
                  0.00603,
                  11,
                  -1.89,
                  -18.77,
                  0.67754,
                  2,
                  2,
                  105.9,
                  47.75,
                  0.3374,
                  11,
                  22.38,
                  -15.91,
                  0.6626,
                  2,
                  2,
                  114,
                  51.09,
                  0.33957,
                  11,
                  30.47,
                  -12.58,
                  0.66043,
                  2,
                  2,
                  114.95,
                  -54.11,
                  0.25104,
                  12,
                  30.3,
                  8.13,
                  0.74896,
                  2,
                  2,
                  92.58,
                  -45.07,
                  0.28094,
                  12,
                  7.93,
                  17.17,
                  0.71906,
                  3,
                  2,
                  66.87,
                  -50.3,
                  0.26259,
                  3,
                  -41.31,
                  89.37,
                  0.03038,
                  12,
                  -17.77,
                  11.94,
                  0.70703,
                  3,
                  2,
                  52.59,
                  -60.3,
                  0.25057,
                  3,
                  -30.21,
                  75.93,
                  0.03467,
                  12,
                  -32.05,
                  1.94,
                  0.71476,
                  3,
                  2,
                  43.55,
                  -67.91,
                  0.24806,
                  3,
                  -21.9,
                  67.52,
                  0.04673,
                  12,
                  -41.1,
                  -5.68,
                  0.70521
                ]
              }
            },
            "ruabong": {
              "16_x50/ruabong": {
                "type": "mesh",
                "color": "ffffffb4",
                "hull": 41,
                "uvs": [
                  0.28656,
                  0.30717,
                  0.20498,
                  0.25069,
                  0.1055,
                  0.24658,
                  0.02891,
                  0.30101,
                  0.02791,
                  0.4191,
                  0.0866,
                  0.45607,
                  0.14231,
                  0.45504,
                  0.21692,
                  0.43245,
                  0.09298,
                  0.5147,
                  0.08372,
                  0.5502,
                  0.21932,
                  0.55635,
                  0.12111,
                  0.55608,
                  0.0451,
                  0.58416,
                  0.04044,
                  0.67907,
                  0.12313,
                  0.7502,
                  0.22846,
                  0.74816,
                  0.29146,
                  0.68008,
                  0.38891,
                  0.72073,
                  0.38202,
                  0.78983,
                  0.34658,
                  0.85181,
                  0.30721,
                  0.91176,
                  0.31902,
                  0.98899,
                  0.45093,
                  0.94732,
                  0.52377,
                  0.89652,
                  0.57791,
                  0.81726,
                  0.60055,
                  0.73394,
                  0.6071,
                  0.65976,
                  0.6957,
                  0.70955,
                  0.83449,
                  0.71057,
                  1,
                  0.50734,
                  0.82169,
                  0.27567,
                  0.6957,
                  0.27973,
                  0.61104,
                  0.31834,
                  0.59454,
                  0.24099,
                  0.5486,
                  0.1597,
                  0.47248,
                  0.07841,
                  0.33991,
                  0.01609,
                  0.26641,
                  0.04318,
                  0.32023,
                  0.13125,
                  0.3596,
                  0.19763,
                  0.37273,
                  0.25318
                ],
                "triangles": [
                  20,
                  19,
                  22,
                  23,
                  22,
                  18,
                  21,
                  20,
                  22,
                  22,
                  19,
                  18,
                  23,
                  18,
                  24,
                  24,
                  17,
                  25,
                  25,
                  17,
                  26,
                  26,
                  10,
                  32,
                  18,
                  17,
                  24,
                  14,
                  13,
                  11,
                  14,
                  11,
                  10,
                  13,
                  12,
                  11,
                  14,
                  10,
                  15,
                  10,
                  8,
                  7,
                  32,
                  10,
                  7,
                  8,
                  10,
                  9,
                  15,
                  10,
                  16,
                  17,
                  16,
                  10,
                  26,
                  17,
                  10,
                  6,
                  5,
                  3,
                  5,
                  4,
                  3,
                  3,
                  2,
                  6,
                  7,
                  2,
                  1,
                  7,
                  6,
                  2,
                  32,
                  0,
                  40,
                  0,
                  32,
                  7,
                  7,
                  1,
                  0,
                  39,
                  35,
                  34,
                  39,
                  38,
                  35,
                  38,
                  37,
                  36,
                  38,
                  36,
                  35,
                  40,
                  39,
                  34,
                  40,
                  34,
                  33,
                  32,
                  40,
                  33,
                  26,
                  32,
                  31,
                  27,
                  31,
                  30,
                  29,
                  28,
                  30,
                  27,
                  26,
                  31,
                  28,
                  27,
                  30
                ],
                "vertices": [
                  3,
                  6,
                  15.67,
                  104.26,
                  0.00231,
                  8,
                  -3.66,
                  125.55,
                  0.00075,
                  5,
                  6.02,
                  15.94,
                  0.99695,
                  2,
                  5,
                  39.04,
                  -0.5,
                  0.67932,
                  13,
                  -5.39,
                  -1.21,
                  0.32068,
                  2,
                  5,
                  75.98,
                  1,
                  0.0391,
                  13,
                  31.57,
                  -0.47,
                  0.9609,
                  1,
                  13,
                  56.54,
                  12.07,
                  1,
                  2,
                  13,
                  58.65,
                  42.42,
                  0.99907,
                  4,
                  61.18,
                  -123.81,
                  0.00093,
                  2,
                  13,
                  35.28,
                  53.36,
                  0.98553,
                  4,
                  45.98,
                  -102.97,
                  0.01447,
                  2,
                  13,
                  15.1,
                  56.89,
                  0.9485,
                  4,
                  30,
                  -90.15,
                  0.0515,
                  4,
                  6,
                  -22.23,
                  139.21,
                  0.00012,
                  5,
                  26.33,
                  63.32,
                  0.07481,
                  13,
                  -16.8,
                  62.86,
                  0.61134,
                  4,
                  4.92,
                  -69.54,
                  0.31374,
                  2,
                  13,
                  12.13,
                  81.52,
                  0.35307,
                  4,
                  39.26,
                  -67.13,
                  0.64693,
                  4,
                  5,
                  56.66,
                  95.84,
                  0.00001,
                  13,
                  14.19,
                  94.75,
                  0.3533,
                  4,
                  47.44,
                  -56.54,
                  0.64668,
                  14,
                  7.27,
                  -56.07,
                  0,
                  5,
                  6,
                  -81.16,
                  142.22,
                  0.00019,
                  5,
                  9.51,
                  119.89,
                  0.01993,
                  13,
                  -32.46,
                  119.75,
                  0.17226,
                  4,
                  18.62,
                  -12.15,
                  0.70061,
                  14,
                  -25.68,
                  -14.64,
                  0.10701,
                  3,
                  13,
                  2.79,
                  142.11,
                  0.0104,
                  4,
                  60.27,
                  -9.55,
                  0.10306,
                  14,
                  15.54,
                  -8.06,
                  0.88655,
                  2,
                  4,
                  99.46,
                  0.89,
                  0.00148,
                  14,
                  53.54,
                  6.08,
                  0.99852,
                  1,
                  14,
                  59.22,
                  30.52,
                  1,
                  1,
                  14,
                  27.65,
                  42.41,
                  1,
                  2,
                  4,
                  39.67,
                  48.86,
                  0.14502,
                  14,
                  -10.57,
                  48.1,
                  0.85498,
                  5,
                  4,
                  10.72,
                  39.19,
                  0.93586,
                  14,
                  -38.46,
                  35.7,
                  0.03303,
                  3,
                  55.67,
                  -90.89,
                  0.02111,
                  9,
                  29.72,
                  -85.32,
                  0.00916,
                  10,
                  3.88,
                  -85.12,
                  0.00083,
                  7,
                  2,
                  -139.38,
                  -134.07,
                  0.00005,
                  6,
                  -136.95,
                  98.65,
                  0.00047,
                  5,
                  -50.17,
                  157.95,
                  0.00016,
                  4,
                  -14.06,
                  50.64,
                  0.41254,
                  3,
                  45.13,
                  -65.71,
                  0.30272,
                  9,
                  12.51,
                  -64.13,
                  0.19412,
                  10,
                  -14.95,
                  -65.36,
                  0.08995,
                  4,
                  4,
                  -1.31,
                  73.43,
                  0.08518,
                  3,
                  69.92,
                  -57.51,
                  0.09668,
                  9,
                  33.98,
                  -49.28,
                  0.22894,
                  10,
                  5.28,
                  -48.86,
                  0.58921,
                  4,
                  4,
                  19.82,
                  89.27,
                  0.00629,
                  3,
                  96.2,
                  -60.09,
                  0.00182,
                  9,
                  59.92,
                  -44.35,
                  0.00733,
                  10,
                  30.75,
                  -41.89,
                  0.98457,
                  1,
                  10,
                  56.59,
                  -36.55,
                  1,
                  1,
                  10,
                  72.99,
                  -13.3,
                  1,
                  2,
                  9,
                  60.2,
                  8.05,
                  0.02197,
                  10,
                  26.88,
                  10.36,
                  0.97803,
                  3,
                  3,
                  82.92,
                  7.14,
                  0.00713,
                  9,
                  28.24,
                  16.41,
                  0.56308,
                  10,
                  -5.63,
                  16.17,
                  0.42979,
                  3,
                  3,
                  48.19,
                  13.43,
                  0.52187,
                  9,
                  -6.85,
                  12.66,
                  0.47613,
                  10,
                  -40.32,
                  9.66,
                  0.002,
                  2,
                  3,
                  17.11,
                  8.36,
                  0.99354,
                  9,
                  -35.25,
                  -0.96,
                  0.00646,
                  3,
                  2,
                  -28.41,
                  -104.76,
                  0.27988,
                  5,
                  -128.6,
                  125.91,
                  0.00006,
                  3,
                  -9.07,
                  -0.58,
                  0.72006,
                  2,
                  2,
                  -5.74,
                  -105.65,
                  0.70324,
                  3,
                  -14.36,
                  17.79,
                  0.29676,
                  2,
                  2,
                  47.95,
                  -106.18,
                  0.87508,
                  3,
                  -31.39,
                  55.37,
                  0.12492,
                  2,
                  2,
                  112.14,
                  -29.98,
                  0.99956,
                  3,
                  -105.26,
                  75.4,
                  0.00044,
                  2,
                  2,
                  43,
                  56.95,
                  0.90194,
                  6,
                  -25.43,
                  -66.65,
                  0.09806,
                  2,
                  2,
                  -5.74,
                  55.29,
                  0.72042,
                  6,
                  -18.8,
                  -29.76,
                  0.27958,
                  3,
                  2,
                  -26.43,
                  62.15,
                  0.27952,
                  6,
                  -12.64,
                  -13.27,
                  0.70491,
                  7,
                  -74.87,
                  5.11,
                  0.01557,
                  3,
                  2,
                  -35.5,
                  100.95,
                  0.00972,
                  6,
                  16.69,
                  -12.77,
                  0.70611,
                  7,
                  -46.26,
                  -1.37,
                  0.28416,
                  3,
                  6,
                  49.26,
                  -2.09,
                  0.0274,
                  7,
                  -12.09,
                  1.27,
                  0.97192,
                  8,
                  -42.78,
                  21.11,
                  0.00067,
                  2,
                  7,
                  27.01,
                  14.11,
                  0.01848,
                  8,
                  -1.87,
                  16.71,
                  0.98152,
                  1,
                  8,
                  50.9,
                  31.19,
                  1,
                  1,
                  8,
                  65.79,
                  56.45,
                  1,
                  4,
                  6,
                  77.34,
                  79.6,
                  0.04784,
                  7,
                  34.59,
                  73.96,
                  0.0014,
                  8,
                  29.69,
                  68.12,
                  0.92994,
                  5,
                  3.34,
                  -50.42,
                  0.02081,
                  4,
                  6,
                  50.4,
                  70.07,
                  0.26516,
                  7,
                  6.16,
                  71.09,
                  0.05672,
                  8,
                  2.6,
                  77.22,
                  0.536,
                  5,
                  -14.64,
                  -28.2,
                  0.14212,
                  4,
                  6,
                  29.08,
                  69.14,
                  0.40741,
                  7,
                  -14.78,
                  75.25,
                  0.02334,
                  8,
                  -14.76,
                  89.63,
                  0.13262,
                  5,
                  -22.62,
                  -8.41,
                  0.43664
                ]
              }
            }
          }
        },
        "animations": {
          "animation": {
            "bones": {
              "bone2": {
                "translate": [
                  {
                    "time": 0,
                    "x": 0,
                    "y": 0
                  },
                  {
                    "time": 0.2,
                    "x": 0,
                    "y": -2.41
                  },
                  {
                    "time": 0.3667,
                    "x": 0,
                    "y": 1.69
                  },
                  {
                    "time": 0.7667,
                    "x": 0,
                    "y": 5.67
                  },
                  {
                    "time": 1.1667,
                    "x": 0,
                    "y": 0
                  }
                ]
              },
              "bone3": {
                "rotate": [
                  {
                    "time": 0,
                    "angle": 0
                  },
                  {
                    "time": 0.2,
                    "angle": 16.9
                  },
                  {
                    "time": 0.5667,
                    "angle": -19.25
                  },
                  {
                    "time": 0.9667,
                    "angle": -32.31
                  },
                  {
                    "time": 1.1667,
                    "angle": 0
                  }
                ],
                "translate": [
                  {
                    "time": 0,
                    "x": 0,
                    "y": 0
                  },
                  {
                    "time": 0.5667,
                    "x": 1.09,
                    "y": -22
                  },
                  {
                    "time": 0.9667,
                    "x": -2.18,
                    "y": -24.08
                  },
                  {
                    "time": 1.1667,
                    "x": 0,
                    "y": 0
                  }
                ]
              },
              "bone4": {
                "rotate": [
                  {
                    "time": 0,
                    "angle": 0
                  },
                  {
                    "time": 0.2,
                    "angle": 8.37
                  },
                  {
                    "time": 0.3667,
                    "angle": 10.1
                  },
                  {
                    "time": 0.5667,
                    "angle": -13.12
                  },
                  {
                    "time": 0.7667,
                    "angle": -15.22
                  },
                  {
                    "time": 0.9667,
                    "angle": -14.07
                  },
                  {
                    "time": 1.1667,
                    "angle": 0
                  }
                ]
              },
              "bone5": {
                "rotate": [
                  {
                    "time": 0,
                    "angle": 0
                  },
                  {
                    "time": 0.2,
                    "angle": -9.31
                  },
                  {
                    "time": 0.3667,
                    "angle": -15.39
                  },
                  {
                    "time": 0.5667,
                    "angle": 7.85
                  },
                  {
                    "time": 0.9667,
                    "angle": 9.94
                  },
                  {
                    "time": 1.1667,
                    "angle": 0
                  }
                ]
              },
              "bone6": {
                "rotate": [
                  {
                    "time": 0,
                    "angle": 0
                  },
                  {
                    "time": 0.2,
                    "angle": -17.58
                  },
                  {
                    "time": 0.5667,
                    "angle": 22.35
                  },
                  {
                    "time": 0.9667,
                    "angle": 32.56
                  },
                  {
                    "time": 1.1667,
                    "angle": 0
                  }
                ],
                "translate": [
                  {
                    "time": 0,
                    "x": 0,
                    "y": 0
                  },
                  {
                    "time": 0.5667,
                    "x": 2.65,
                    "y": -3.54
                  },
                  {
                    "time": 0.9667,
                    "x": 1.98,
                    "y": -4.46
                  },
                  {
                    "time": 1.1667,
                    "x": 0,
                    "y": 0
                  }
                ]
              },
              "bone7": {
                "rotate": [
                  {
                    "time": 0,
                    "angle": 0
                  },
                  {
                    "time": 0.2,
                    "angle": -17.58
                  },
                  {
                    "time": 0.3333,
                    "angle": -26.2
                  },
                  {
                    "time": 0.5667,
                    "angle": 8.14
                  },
                  {
                    "time": 0.9667,
                    "angle": 13.69
                  },
                  {
                    "time": 1.1667,
                    "angle": 0
                  }
                ]
              },
              "bone8": {
                "rotate": [
                  {
                    "time": 0,
                    "angle": 0
                  },
                  {
                    "time": 0.2,
                    "angle": -17.58
                  },
                  {
                    "time": 0.3333,
                    "angle": -26.2
                  },
                  {
                    "time": 0.5667,
                    "angle": 8.14
                  },
                  {
                    "time": 0.9667,
                    "angle": 13.69
                  },
                  {
                    "time": 1.1667,
                    "angle": 0
                  }
                ]
              },
              "bone9": {
                "rotate": [
                  {
                    "time": 0,
                    "angle": 0
                  },
                  {
                    "time": 0.2,
                    "angle": 16.9
                  },
                  {
                    "time": 0.3333,
                    "angle": 19.45
                  },
                  {
                    "time": 0.5667,
                    "angle": -13.32
                  },
                  {
                    "time": 0.9667,
                    "angle": -11.85
                  },
                  {
                    "time": 1.1667,
                    "angle": 0
                  }
                ]
              },
              "bone10": {
                "rotate": [
                  {
                    "time": 0,
                    "angle": 0
                  },
                  {
                    "time": 0.2,
                    "angle": 16.9
                  },
                  {
                    "time": 0.3333,
                    "angle": 19.45
                  },
                  {
                    "time": 0.5667,
                    "angle": -13.32
                  },
                  {
                    "time": 0.9667,
                    "angle": -11.85
                  },
                  {
                    "time": 1.1667,
                    "angle": 0
                  }
                ]
              },
              "bone13": {
                "rotate": [
                  {
                    "time": 0,
                    "angle": 0
                  },
                  {
                    "time": 0.2,
                    "angle": -9.31
                  },
                  {
                    "time": 0.3667,
                    "angle": -21.71
                  },
                  {
                    "time": 0.5667,
                    "angle": 7.85
                  },
                  {
                    "time": 0.9667,
                    "angle": 9.94
                  },
                  {
                    "time": 1.1667,
                    "angle": 0
                  }
                ]
              },
              "bone14": {
                "rotate": [
                  {
                    "time": 0,
                    "angle": 0
                  },
                  {
                    "time": 0.2,
                    "angle": 8.37
                  },
                  {
                    "time": 0.3667,
                    "angle": 23.01
                  },
                  {
                    "time": 0.5667,
                    "angle": -10.11
                  },
                  {
                    "time": 0.9667,
                    "angle": -16.7
                  },
                  {
                    "time": 1.1667,
                    "angle": 0
                  }
                ]
              }
            }
          }
        }
      },
      [
        0
      ]
    ]
  ],
  0,
  0,
  [
    0
  ],
  [
    -1
  ],
  [
    0
  ]
]