[
  1,
  [
    "7bmPBvX5ZHP6ny2XImaDbR"
  ],
  [
    "_textureSetter"
  ],
  [
    "cc.SpriteFrame"
  ],
  0,
  [
    {
      "name": "line_payout_bg",
      "rect": [
        1256,
        1,
        264,
        157
      ],
      "offset": [
        0,
        0
      ],
      "originalSize": [
        264,
        157
      ],
      "rotated": 1,
      "capInsets": [
        0,
        0,
        0,
        0
      ]
    }
  ],
  [
    0
  ],
  0,
  [
    0
  ],
  [
    0
  ],
  [
    0
  ]
]