[
  1,
  [
    "e46nsRQwpO9KkUfqhz/4EH"
  ],
  0,
  [
    [
      "sp.SkeletonData",
      [
        "_name",
        "_atlasText",
        "textureNames",
        "_skeletonJson",
        "textures"
      ],
      -1,
      3
    ]
  ],
  [
    [
      0,
      0,
      1,
      2,
      3,
      4,
      5
    ]
  ],
  [
    [
      0,
      "skeleton",
      "\r\nskeleton.png\r\nsize: 1024,1024\r\nformat: RGBA8888\r\nfilter: Linear,Linear\r\nrepeat: none\r\nbg\r\n  rotate: false\r\n  xy: 2, 686\r\n  size: 535, 114\r\n  orig: 535, 114\r\n  offset: 0, 0\r\n  index: -1\r\nfinish\r\n  rotate: false\r\n  xy: 0, 120\r\n  size: 152, 46\r\n  orig: 145, 46\r\n  offset: 0, 0\r\n  index: -1\r\nfinish2\r\n  rotate: false\r\n  xy: 284, 538\r\n  size: 111, 74\r\n  orig: 111, 74\r\n  offset: 0, 0\r\n  index: -1\r\nstartgame\r\n  rotate: false\r\n  xy: 539, 746\r\n  size: 263, 53\r\n  orig: 263, 44\r\n  offset: 0, 0\r\n  index: -1\r\nstartgame2\r\n  rotate: false\r\n  xy: 284, 614\r\n  size: 227, 70\r\n  orig: 227, 70\r\n  offset: 0, 0\r\n  index: -1\r\ntiger\r\n  rotate: false\r\n  xy: 2, 170\r\n  size: 256, 246\r\n  orig: 256, 246\r\n  offset: 0, 0\r\n  index: -1\r\ntiger_shadow\r\n  rotate: false\r\n  xy: 2, 418\r\n  size: 280, 266\r\n  orig: 280, 266\r\n  offset: 0, 0\r\n  index: -1\r\n",
      [
        "skeleton.png"
      ],
      {
        "skeleton": {
          "hash": "1enJmELvdtIh/Ahu1JK83B2CtPA",
          "spine": "3.6.53",
          "width": 535,
          "height": 266,
          "images": ""
        },
        "bones": [
          {
            "name": "root"
          },
          {
            "name": "TONG",
            "parent": "root"
          },
          {
            "name": "drago",
            "parent": "TONG"
          },
          {
            "name": "drago2",
            "parent": "drago"
          },
          {
            "name": "title",
            "parent": "TONG"
          },
          {
            "name": "title2",
            "parent": "title"
          },
          {
            "name": "txt",
            "parent": "title"
          }
        ],
        "slots": [
          {
            "name": "tiger",
            "bone": "drago",
            "attachment": "tiger"
          },
          {
            "name": "tiger_shadow",
            "bone": "drago2",
            "attachment": "tiger_shadow",
            "blend": "additive"
          },
          {
            "name": "bg",
            "bone": "title",
            "attachment": "bg"
          },
          {
            "name": "bg2",
            "bone": "title2",
            "attachment": "bg",
            "blend": "additive"
          },
          {
            "name": "finish",
            "bone": "txt",
            "attachment": "startgame"
          }
        ],
        "skins": {
          "default": {
            "bg": {
              "bg": {
                "width": 535,
                "height": 114
              }
            },
            "bg2": {
              "bg": {
                "width": 535,
                "height": 114
              }
            },
            "finish": {
              "finish": {
                "width": 145,
                "height": 46
              },
              "finish2": {
                "width": 111,
                "height": 74
              },
              "startgame": {
                "width": 263,
                "height": 44
              },
              "startgame2": {
                "width": 227,
                "height": 70
              }
            },
            "tiger": {
              "tiger": {
                "y": 20,
                "width": 256,
                "height": 246
              }
            },
            "tiger_shadow": {
              "tiger_shadow": {
                "y": 30,
                "width": 280,
                "height": 266
              }
            }
          }
        },
        "animations": {
          "finish": {
            "slots": {
              "bg": {
                "color": [
                  {
                    "time": 0,
                    "color": "ffffff00",
                    "curve": "stepped"
                  },
                  {
                    "time": 0.1,
                    "color": "ffffff00"
                  },
                  {
                    "time": 0.2667,
                    "color": "ffffffff"
                  }
                ]
              },
              "bg2": {
                "color": [
                  {
                    "time": 0,
                    "color": "ffffffff"
                  },
                  {
                    "time": 0.1333,
                    "color": "ffffff89"
                  },
                  {
                    "time": 0.2667,
                    "color": "ffffff00"
                  }
                ]
              },
              "finish": {
                "color": [
                  {
                    "time": 0,
                    "color": "ffffff00",
                    "curve": "stepped"
                  },
                  {
                    "time": 0.1,
                    "color": "ffffff00"
                  },
                  {
                    "time": 0.2667,
                    "color": "ffffffff"
                  }
                ],
                "attachment": [
                  {
                    "time": 0,
                    "name": "finish"
                  }
                ]
              },
              "tiger": {
                "color": [
                  {
                    "time": 0,
                    "color": "ffffff00"
                  },
                  {
                    "time": 0.1667,
                    "color": "ffffffff"
                  }
                ]
              },
              "tiger_shadow": {
                "color": [
                  {
                    "time": 0,
                    "color": "ffffff00"
                  },
                  {
                    "time": 0.1,
                    "color": "fffffffe"
                  },
                  {
                    "time": 0.2667,
                    "color": "ffffff00"
                  }
                ]
              }
            },
            "bones": {
              "TONG": {
                "scale": [
                  {
                    "time": 0,
                    "x": 2.041,
                    "y": 2.041
                  },
                  {
                    "time": 0.1667,
                    "x": 1,
                    "y": 1
                  }
                ]
              },
              "title": {
                "scale": [
                  {
                    "time": 0,
                    "x": 1.258,
                    "y": 1.258,
                    "curve": "stepped"
                  },
                  {
                    "time": 0.1,
                    "x": 1.258,
                    "y": 1.258
                  },
                  {
                    "time": 0.2667,
                    "x": 1,
                    "y": 1
                  }
                ]
              },
              "drago2": {
                "scale": [
                  {
                    "time": 0.1,
                    "x": 1,
                    "y": 1
                  },
                  {
                    "time": 0.2667,
                    "x": 1.909,
                    "y": 1.909
                  }
                ]
              }
            }
          },
          "finish2": {
            "slots": {
              "bg": {
                "color": [
                  {
                    "time": 0,
                    "color": "ffffff00",
                    "curve": "stepped"
                  },
                  {
                    "time": 0.1,
                    "color": "ffffff00"
                  },
                  {
                    "time": 0.2667,
                    "color": "ffffffff"
                  }
                ]
              },
              "bg2": {
                "color": [
                  {
                    "time": 0,
                    "color": "ffffffff"
                  },
                  {
                    "time": 0.1333,
                    "color": "ffffff89"
                  },
                  {
                    "time": 0.2667,
                    "color": "ffffff00"
                  }
                ]
              },
              "finish": {
                "color": [
                  {
                    "time": 0,
                    "color": "ffffff00",
                    "curve": "stepped"
                  },
                  {
                    "time": 0.1,
                    "color": "ffffff00"
                  },
                  {
                    "time": 0.2667,
                    "color": "ffffffff"
                  }
                ],
                "attachment": [
                  {
                    "time": 0,
                    "name": "finish2"
                  }
                ]
              },
              "tiger": {
                "color": [
                  {
                    "time": 0,
                    "color": "ffffff00"
                  },
                  {
                    "time": 0.1667,
                    "color": "ffffffff"
                  }
                ]
              },
              "tiger_shadow": {
                "color": [
                  {
                    "time": 0,
                    "color": "ffffff00"
                  },
                  {
                    "time": 0.1,
                    "color": "fffffffe"
                  },
                  {
                    "time": 0.2667,
                    "color": "ffffff00"
                  }
                ]
              }
            },
            "bones": {
              "TONG": {
                "scale": [
                  {
                    "time": 0,
                    "x": 2.041,
                    "y": 2.041
                  },
                  {
                    "time": 0.1667,
                    "x": 1,
                    "y": 1
                  }
                ]
              },
              "title": {
                "scale": [
                  {
                    "time": 0,
                    "x": 1.258,
                    "y": 1.258,
                    "curve": "stepped"
                  },
                  {
                    "time": 0.1,
                    "x": 1.258,
                    "y": 1.258
                  },
                  {
                    "time": 0.2667,
                    "x": 1,
                    "y": 1
                  }
                ]
              },
              "drago2": {
                "scale": [
                  {
                    "time": 0.1,
                    "x": 1,
                    "y": 1
                  },
                  {
                    "time": 0.2667,
                    "x": 1.909,
                    "y": 1.909
                  }
                ]
              }
            }
          },
          "startgame": {
            "slots": {
              "bg": {
                "color": [
                  {
                    "time": 0,
                    "color": "ffffff00",
                    "curve": "stepped"
                  },
                  {
                    "time": 0.1,
                    "color": "ffffff00"
                  },
                  {
                    "time": 0.2667,
                    "color": "ffffffff"
                  }
                ]
              },
              "bg2": {
                "color": [
                  {
                    "time": 0,
                    "color": "ffffffff"
                  },
                  {
                    "time": 0.1333,
                    "color": "ffffff89"
                  },
                  {
                    "time": 0.2667,
                    "color": "ffffff00"
                  }
                ]
              },
              "finish": {
                "color": [
                  {
                    "time": 0,
                    "color": "ffffff00",
                    "curve": "stepped"
                  },
                  {
                    "time": 0.1,
                    "color": "ffffff00"
                  },
                  {
                    "time": 0.2667,
                    "color": "ffffffff"
                  }
                ]
              },
              "tiger": {
                "color": [
                  {
                    "time": 0,
                    "color": "ffffff00"
                  },
                  {
                    "time": 0.1667,
                    "color": "ffffffff"
                  }
                ]
              },
              "tiger_shadow": {
                "color": [
                  {
                    "time": 0,
                    "color": "ffffff00"
                  },
                  {
                    "time": 0.1,
                    "color": "fffffffe"
                  },
                  {
                    "time": 0.2667,
                    "color": "ffffff00"
                  }
                ]
              }
            },
            "bones": {
              "TONG": {
                "scale": [
                  {
                    "time": 0,
                    "x": 2.041,
                    "y": 2.041
                  },
                  {
                    "time": 0.1667,
                    "x": 1,
                    "y": 1
                  }
                ]
              },
              "title": {
                "scale": [
                  {
                    "time": 0,
                    "x": 1.258,
                    "y": 1.258,
                    "curve": "stepped"
                  },
                  {
                    "time": 0.1,
                    "x": 1.258,
                    "y": 1.258
                  },
                  {
                    "time": 0.2667,
                    "x": 1,
                    "y": 1
                  }
                ]
              },
              "drago2": {
                "scale": [
                  {
                    "time": 0.1,
                    "x": 1,
                    "y": 1
                  },
                  {
                    "time": 0.2667,
                    "x": 1.909,
                    "y": 1.909
                  }
                ]
              }
            }
          },
          "startgame2": {
            "slots": {
              "bg": {
                "color": [
                  {
                    "time": 0,
                    "color": "ffffff00",
                    "curve": "stepped"
                  },
                  {
                    "time": 0.1,
                    "color": "ffffff00"
                  },
                  {
                    "time": 0.2667,
                    "color": "ffffffff"
                  }
                ]
              },
              "bg2": {
                "color": [
                  {
                    "time": 0,
                    "color": "ffffffff"
                  },
                  {
                    "time": 0.1333,
                    "color": "ffffff89"
                  },
                  {
                    "time": 0.2667,
                    "color": "ffffff00"
                  }
                ]
              },
              "finish": {
                "color": [
                  {
                    "time": 0,
                    "color": "ffffff00",
                    "curve": "stepped"
                  },
                  {
                    "time": 0.1,
                    "color": "ffffff00"
                  },
                  {
                    "time": 0.2667,
                    "color": "ffffffff"
                  }
                ],
                "attachment": [
                  {
                    "time": 0,
                    "name": "startgame2"
                  }
                ]
              },
              "tiger": {
                "color": [
                  {
                    "time": 0,
                    "color": "ffffff00"
                  },
                  {
                    "time": 0.1667,
                    "color": "ffffffff"
                  }
                ]
              },
              "tiger_shadow": {
                "color": [
                  {
                    "time": 0,
                    "color": "ffffff00"
                  },
                  {
                    "time": 0.1,
                    "color": "fffffffe"
                  },
                  {
                    "time": 0.2667,
                    "color": "ffffff00"
                  }
                ]
              }
            },
            "bones": {
              "TONG": {
                "scale": [
                  {
                    "time": 0,
                    "x": 2.041,
                    "y": 2.041
                  },
                  {
                    "time": 0.1667,
                    "x": 1,
                    "y": 1
                  }
                ]
              },
              "title": {
                "scale": [
                  {
                    "time": 0,
                    "x": 1.258,
                    "y": 1.258,
                    "curve": "stepped"
                  },
                  {
                    "time": 0.1,
                    "x": 1.258,
                    "y": 1.258
                  },
                  {
                    "time": 0.2667,
                    "x": 1,
                    "y": 1
                  }
                ]
              },
              "drago2": {
                "scale": [
                  {
                    "time": 0.1,
                    "x": 1,
                    "y": 1
                  },
                  {
                    "time": 0.2667,
                    "x": 1.909,
                    "y": 1.909
                  }
                ]
              }
            }
          }
        }
      },
      [
        0
      ]
    ]
  ],
  0,
  0,
  [
    0
  ],
  [
    -1
  ],
  [
    0
  ]
]