[
  1,
  [
    "fbXBtpnetCTKOZfM8VkICu"
  ],
  0,
  [
    [
      "sp.SkeletonData",
      [
        "_name",
        "_atlasText",
        "textureNames",
        "_skeletonJson",
        "textures"
      ],
      -1,
      3
    ]
  ],
  [
    [
      0,
      0,
      1,
      2,
      3,
      4,
      5
    ]
  ],
  [
    [
      0,
      "bomb",
      "\r\nbomb.png\r\nsize: 1024,512\r\nformat: RGBA8888\r\nfilter: Linear,Linear\r\nrepeat: none\r\nLayer-1\r\n  rotate: false\r\n  xy: 2, 248\r\n  size: 248, 244\r\n  orig: 248, 244\r\n  offset: 0, 0\r\n  index: -1\r\nLayer-2\r\n  rotate: false\r\n  xy: 2, 2\r\n  size: 248, 244\r\n  orig: 248, 244\r\n  offset: 0, 0\r\n  index: -1\r\nLayer-3\r\n  rotate: false\r\n  xy: 252, 248\r\n  size: 248, 244\r\n  orig: 248, 244\r\n  offset: 0, 0\r\n  index: -1\r\nLayer-4\r\n  rotate: false\r\n  xy: 252, 2\r\n  size: 248, 244\r\n  orig: 248, 244\r\n  offset: 0, 0\r\n  index: -1\r\nLayer-5\r\n  rotate: false\r\n  xy: 502, 248\r\n  size: 248, 244\r\n  orig: 248, 244\r\n  offset: 0, 0\r\n  index: -1\r\nLayer-6\r\n  rotate: false\r\n  xy: 502, 2\r\n  size: 248, 244\r\n  orig: 248, 244\r\n  offset: 0, 0\r\n  index: -1\r\nLayer7\r\n  rotate: false\r\n  xy: 752, 391\r\n  size: 208, 101\r\n  orig: 208, 101\r\n  offset: 0, 0\r\n  index: -1\r\n",
      [
        "bomb.png"
      ],
      {
        "skeleton": {
          "hash": "1Nb8i2YrLwDU0QyHoH8/Xzvzow8",
          "spine": "3.6.46",
          "width": 248,
          "height": 244,
          "images": ""
        },
        "bones": [
          {
            "name": "root"
          },
          {
            "name": "bone",
            "parent": "root"
          },
          {
            "name": "bone2",
            "parent": "root",
            "y": -65.5
          }
        ],
        "slots": [
          {
            "name": "Layer-1",
            "bone": "bone"
          },
          {
            "name": "Layer7",
            "bone": "bone2",
            "attachment": "Layer7"
          },
          {
            "name": "Layer-2",
            "bone": "bone",
            "attachment": "Layer-2"
          },
          {
            "name": "Layer-3",
            "bone": "bone",
            "attachment": "Layer-3"
          },
          {
            "name": "Layer-4",
            "bone": "bone",
            "attachment": "Layer-4"
          },
          {
            "name": "Layer-5",
            "bone": "bone",
            "attachment": "Layer-5"
          },
          {
            "name": "Layer-6",
            "bone": "bone",
            "attachment": "Layer-6"
          }
        ],
        "skins": {
          "default": {
            "Layer-1": {
              "Layer-1": {
                "width": 248,
                "height": 244
              }
            },
            "Layer-2": {
              "Layer-2": {
                "width": 248,
                "height": 244
              }
            },
            "Layer-3": {
              "Layer-3": {
                "width": 248,
                "height": 244
              }
            },
            "Layer-4": {
              "Layer-4": {
                "width": 248,
                "height": 244
              }
            },
            "Layer-5": {
              "Layer-5": {
                "width": 248,
                "height": 244
              }
            },
            "Layer-6": {
              "Layer-6": {
                "width": 248,
                "height": 244
              }
            },
            "Layer7": {
              "Layer7": {
                "y": 17,
                "width": 208,
                "height": 101
              }
            }
          }
        },
        "animations": {
          "animation": {
            "slots": {
              "Layer7": {
                "color": [
                  {
                    "time": 0,
                    "color": "ffffff00"
                  },
                  {
                    "time": 0.1667,
                    "color": "ffffffff"
                  },
                  {
                    "time": 0.3333,
                    "color": "ffffff04"
                  }
                ]
              },
              "Layer-1": {
                "color": [
                  {
                    "time": 0,
                    "color": "ffffffff",
                    "curve": "stepped"
                  },
                  {
                    "time": 0.0333,
                    "color": "ffffffff"
                  },
                  {
                    "time": 0.1667,
                    "color": "ffffff00"
                  }
                ],
                "attachment": [
                  {
                    "time": 0,
                    "name": "Layer-1"
                  }
                ]
              },
              "Layer-2": {
                "color": [
                  {
                    "time": 0,
                    "color": "ffffff00",
                    "curve": "stepped"
                  },
                  {
                    "time": 0.0333,
                    "color": "ffffff00"
                  },
                  {
                    "time": 0.1,
                    "color": "ffffffff"
                  },
                  {
                    "time": 0.2333,
                    "color": "ffffff00"
                  }
                ]
              },
              "Layer-3": {
                "color": [
                  {
                    "time": 0,
                    "color": "ffffff00",
                    "curve": "stepped"
                  },
                  {
                    "time": 0.1667,
                    "color": "ffffff00"
                  },
                  {
                    "time": 0.2333,
                    "color": "ffffffff"
                  },
                  {
                    "time": 0.3667,
                    "color": "ffffff00"
                  }
                ]
              },
              "Layer-4": {
                "color": [
                  {
                    "time": 0,
                    "color": "ffffff00",
                    "curve": "stepped"
                  },
                  {
                    "time": 0.2333,
                    "color": "ffffff00"
                  },
                  {
                    "time": 0.3,
                    "color": "ffffffff"
                  },
                  {
                    "time": 0.4667,
                    "color": "ffffff00"
                  }
                ]
              },
              "Layer-5": {
                "color": [
                  {
                    "time": 0,
                    "color": "ffffff00",
                    "curve": "stepped"
                  },
                  {
                    "time": 0.3,
                    "color": "ffffff00"
                  },
                  {
                    "time": 0.3667,
                    "color": "ffffffff"
                  },
                  {
                    "time": 0.5333,
                    "color": "ffffff00"
                  }
                ]
              },
              "Layer-6": {
                "color": [
                  {
                    "time": 0,
                    "color": "ffffff00",
                    "curve": "stepped"
                  },
                  {
                    "time": 0.3667,
                    "color": "ffffff00"
                  },
                  {
                    "time": 0.4333,
                    "color": "ffffffff"
                  },
                  {
                    "time": 0.6,
                    "color": "ffffff00"
                  }
                ]
              }
            },
            "bones": {
              "bone2": {
                "translate": [
                  {
                    "time": 0,
                    "x": 0,
                    "y": -49
                  }
                ],
                "scale": [
                  {
                    "time": 0,
                    "x": 0,
                    "y": 0
                  },
                  {
                    "time": 0.1667,
                    "x": 1,
                    "y": 1
                  }
                ]
              }
            }
          }
        }
      },
      [
        0
      ]
    ]
  ],
  0,
  0,
  [
    0
  ],
  [
    -1
  ],
  [
    0
  ]
]