[1,["c6FU6OeIFHp6IYKaLXFcRl"],["_textureSetter"],["cc.SpriteFrame"],0,[[[{"name":"multiplier_vfx_b_add_06","rect":[1,131,124,118],"offset":[-2,1],"originalSize":[250,250],"rotated":1,"capInsets":[0,0,0,0]}],[0],0,[0],[0],[0]],[[{"name":"multiplier_vfx_b_add_08","rect":[1,1,128,112],"offset":[-1,0],"originalSize":[250,250],"rotated":1,"capInsets":[0,0,0,0]}],[0],0,[0],[0],[0]],[[{"name":"multiplier_vfx_b_add_02","rect":[347,1,88,94],"offset":[0,0],"originalSize":[250,250],"rotated":1,"capInsets":[0,0,0,0]}],[0],0,[0],[0],[0]],[[{"name":"multiplier_vfx_b_add_04","rect":[297,267,116,112],"offset":[-2,-1],"originalSize":[250,250],"capInsets":[0,0,0,0]}],[0],0,[0],[0],[0]],[[{"name":"multiplier_vfx_b_add_13","rect":[347,91,88,80],"offset":[12,-7],"originalSize":[250,250],"capInsets":[0,0,0,0]}],[0],0,[0],[0],[0]],[[{"name":"multiplier_vfx_b_add_01","rect":[347,173,60,68],"offset":[0,1],"originalSize":[250,250],"rotated":1,"capInsets":[0,0,0,0]}],[0],0,[0],[0],[0]],[[{"name":"multiplier_vfx_b_add_00","rect":[297,231,34,40],"offset":[0,1],"originalSize":[250,250],"rotated":1,"capInsets":[0,0,0,0]}],[0],0,[0],[0],[0]],[[{"name":"multiplier_vfx_b_add_12","rect":[215,253,118,80],"offset":[-2,-10],"originalSize":[250,250],"rotated":1,"capInsets":[0,0,0,0]}],[0],0,[0],[0],[0]],[[{"name":"multiplier_vfx_b_add_10","rect":[109,257,122,104],"offset":[-4,0],"originalSize":[250,250],"rotated":1,"capInsets":[0,0,0,0]}],[0],0,[0],[0],[0]],[[{"name":"multiplier_vfx_b_add_07","rect":[115,1,124,114],"offset":[-3,-1],"originalSize":[250,250],"rotated":1,"capInsets":[0,0,0,0]}],[0],0,[0],[0],[0]],[[{"name":"multiplier_vfx_b_add_03","rect":[237,123,106,108],"offset":[-2,-1],"originalSize":[250,250],"rotated":1,"capInsets":[0,0,0,0]}],[0],0,[0],[0],[0]],[[{"name":"multiplier_vfx_b_add_09","rect":[121,127,124,114],"offset":[-2,3],"originalSize":[250,250],"rotated":1,"capInsets":[0,0,0,0]}],[0],0,[0],[0],[0]],[[{"name":"multiplier_vfx_b_add_11","rect":[1,257,122,106],"offset":[-7,0],"originalSize":[250,250],"rotated":1,"capInsets":[0,0,0,0]}],[0],0,[0],[0],[0]],[[{"name":"multiplier_vfx_b_add_05","rect":[231,1,120,114],"offset":[-2,-1],"originalSize":[250,250],"rotated":1,"capInsets":[0,0,0,0]}],[0],0,[0],[0],[0]]]]