[1,["9eDsuBiiBGIKojknIdn2OK","12CJvV3+xCnKAXVMgmZw8M","4eFdukDYJEQYXLqgEHAchr","e7REUaI0ZB4KQ7j+zyD2rf","fcYuZQ0adMSY/h4kEjYx9u"],["_textureSetter","bonus_glow_c","bonus_glow_d","fast_glow_a","reel_glow"],["cc.SpriteFrame",["cc.SpriteAtlas",["_name","_spriteFrames"],2,11]],[[1,0,1,2]],[[[{"name":"bonus_glow_c","rect":[1,626,198,220],"offset":[0,0],"originalSize":[198,220],"rotated":1,"capInsets":[0,0,0,0]}],[0],0,[0],[0],[0]],[[[0,"Alats2.plist",[{},"bonus_glow_c",6,0,"bonus_glow_d",6,1,"fast_glow_a",6,2,"reel_glow",6,3]]],0,0,[0,0,0,0],[1,2,3,4],[1,2,3,4]],[[{"name":"bonus_glow_d","rect":[1,300,324,284],"offset":[0,0],"originalSize":[324,284],"rotated":1,"capInsets":[0,0,0,0]}],[0],0,[0],[0],[0]],[[{"name":"fast_glow_a","rect":[287,300,67,355],"offset":[0,0],"originalSize":[67,355],"capInsets":[0,0,0,0]}],[0],0,[0],[0],[0]],[[{"name":"reel_glow","rect":[1,1,323,297],"offset":[0,0],"originalSize":[323,297],"capInsets":[0,0,0,0]}],[0],0,[0],[0],[0]]]]