[1,["8aqyfVRhVGA5THyvZeHcrS","7fl+rWBglMo4VJ0BPQ22CU","e2Z06eEXZMRKUD8VdVGeci","d1WB9klHRLXabmsfMn8F7x","a7D8eZFfNFHrEd0evVMgoY","afXgmYv9BFPZwjc/EzpIK7","0bH1h9ktpNFaWKeOHiATZi","9df2huIn5FcLFg8RzwQsYD","46WYRU37dAG77z5ir95RHG"],["_textureSetter","fast_vfx_a_09","fast_vfx_a_05","fast_vfx_a_11","fast_vfx_a_10","fast_vfx_a_12","fast_vfx_a_06","fast_vfx_a_07","fast_vfx_a_08"],["cc.SpriteFrame",["cc.SpriteAtlas",["_name","_spriteFrames"],2,11]],[[1,0,1,2]],[[[{"name":"fast_vfx_a_06","rect":[231,1,113,574],"offset":[-23,0],"originalSize":[199,616],"capInsets":[0,0,0,0]}],[0],0,[0],[0],[0]],[[[0,"Alats6.plist",[{},"fast_vfx_a_09",6,0,"fast_vfx_a_05",6,1,"fast_vfx_a_11",6,2,"fast_vfx_a_10",6,3,"fast_vfx_a_12",6,4,"fast_vfx_a_06",6,5,"fast_vfx_a_07",6,6,"fast_vfx_a_08",6,7]]],0,0,[0,0,0,0,0,0,0,0],[1,2,3,4,5,6,7,8],[1,2,3,4,5,6,7,8]],[[{"name":"fast_vfx_a_08","rect":[461,1,113,574],"offset":[-23,0],"originalSize":[199,616],"capInsets":[0,0,0,0]}],[0],0,[0],[0],[0]],[[{"name":"fast_vfx_a_09","rect":[576,1,113,574],"offset":[-23,0],"originalSize":[199,616],"capInsets":[0,0,0,0]}],[0],0,[0],[0],[0]],[[{"name":"fast_vfx_a_07","rect":[346,1,113,574],"offset":[-23,0],"originalSize":[199,616],"capInsets":[0,0,0,0]}],[0],0,[0],[0],[0]],[[{"name":"fast_vfx_a_10","rect":[1,692,113,574],"offset":[-23,0],"originalSize":[199,616],"rotated":1,"capInsets":[0,0,0,0]}],[0],0,[0],[0],[0]],[[{"name":"fast_vfx_a_12","rect":[691,1,113,574],"offset":[-23,0],"originalSize":[199,616],"capInsets":[0,0,0,0]}],[0],0,[0],[0],[0]],[[{"name":"fast_vfx_a_11","rect":[1,807,113,574],"offset":[-23,0],"originalSize":[199,616],"rotated":1,"capInsets":[0,0,0,0]}],[0],0,[0],[0],[0]],[[{"name":"fast_vfx_a_05","rect":[116,1,113,574],"offset":[-23,0],"originalSize":[199,616],"capInsets":[0,0,0,0]}],[0],0,[0],[0],[0]]]]