[
  1,
  [
    "74YrFnnLZE1Zq2E5sv/pCT",
    "108CN3TRtMd5nrnsugqF5q"
  ],
  [
    "spriteFrame",
    "_textureSetter"
  ],
  [
    "cc.SpriteFrame",
    [
      "cc.BitmapFont",
      [
        "_name",
        "fontSize",
        "_fntConfig"
      ],
      0
    ]
  ],
  [
    [
      1,
      0,
      1,
      2,
      4
    ]
  ],
  [
    [
      [
        [
          0,
          "fontPoint-export",
          32,
          {
            "commonHeight": 94,
            "fontSize": 32,
            "atlasName": "fontPoint-export.png",
            "fontDefDictionary": {
              "9": {
                "xOffset": 0,
                "yOffset": 0,
                "xAdvance": 160,
                "rect": {
                  "x": 0,
                  "y": 0,
                  "width": 0,
                  "height": 0
                }
              },
              "32": {
                "xOffset": 0,
                "yOffset": 0,
                "xAdvance": 20,
                "rect": {
                  "x": 0,
                  "y": 0,
                  "width": 0,
                  "height": 0
                }
              },
              "37": {
                "xOffset": 0,
                "yOffset": 8,
                "xAdvance": 82,
                "rect": {
                  "x": 0,
                  "y": 0,
                  "width": 81,
                  "height": 86
                }
              },
              "44": {
                "xOffset": 26,
                "yOffset": 58,
                "xAdvance": 29,
                "rect": {
                  "x": 61,
                  "y": 217,
                  "width": 28,
                  "height": 36
                }
              },
              "46": {
                "xOffset": 5,
                "yOffset": 66,
                "xAdvance": 30,
                "rect": {
                  "x": 61,
                  "y": 188,
                  "width": 29,
                  "height": 28
                }
              },
              "48": {
                "xOffset": 5,
                "yOffset": 1,
                "xAdvance": 72,
                "rect": {
                  "x": 0,
                  "y": 87,
                  "width": 71,
                  "height": 93
                }
              },
              "49": {
                "xOffset": 17,
                "yOffset": 1,
                "xAdvance": 47,
                "rect": {
                  "x": 342,
                  "y": 94,
                  "width": 46,
                  "height": 92
                }
              },
              "50": {
                "xOffset": 10,
                "yOffset": 1,
                "xAdvance": 62,
                "rect": {
                  "x": 279,
                  "y": 0,
                  "width": 61,
                  "height": 91
                }
              },
              "51": {
                "xOffset": 7,
                "yOffset": 1,
                "xAdvance": 67,
                "rect": {
                  "x": 212,
                  "y": 0,
                  "width": 66,
                  "height": 93
                }
              },
              "52": {
                "xOffset": 6,
                "yOffset": 1,
                "xAdvance": 69,
                "rect": {
                  "x": 143,
                  "y": 0,
                  "width": 68,
                  "height": 93
                }
              },
              "53": {
                "xOffset": 7,
                "yOffset": 1,
                "xAdvance": 67,
                "rect": {
                  "x": 211,
                  "y": 94,
                  "width": 66,
                  "height": 93
                }
              },
              "54": {
                "xOffset": 5,
                "yOffset": 1,
                "xAdvance": 71,
                "rect": {
                  "x": 72,
                  "y": 87,
                  "width": 70,
                  "height": 93
                }
              },
              "55": {
                "xOffset": 11,
                "yOffset": 1,
                "xAdvance": 60,
                "rect": {
                  "x": 341,
                  "y": 0,
                  "width": 59,
                  "height": 93
                }
              },
              "56": {
                "xOffset": 9,
                "yOffset": 1,
                "xAdvance": 64,
                "rect": {
                  "x": 278,
                  "y": 94,
                  "width": 63,
                  "height": 93
                }
              },
              "57": {
                "xOffset": 7,
                "yOffset": 0,
                "xAdvance": 68,
                "rect": {
                  "x": 143,
                  "y": 94,
                  "width": 67,
                  "height": 93
                }
              },
              "120": {
                "xOffset": 10,
                "yOffset": 34,
                "xAdvance": 61,
                "rect": {
                  "x": 0,
                  "y": 188,
                  "width": 60,
                  "height": 60
                }
              }
            },
            "kerningDict": {}
          }
        ]
      ],
      0,
      0,
      [
        0
      ],
      [
        0
      ],
      [
        0
      ]
    ],
    [
      [
        {
          "name": "fontPoint-export",
          "rect": [
            0,
            0,
            400,
            253
          ],
          "offset": [
            -56,
            1.5
          ],
          "originalSize": [
            512,
            256
          ],
          "capInsets": [
            0,
            0,
            0,
            0
          ]
        }
      ],
      [
        0
      ],
      0,
      [
        0
      ],
      [
        1
      ],
      [
        1
      ]
    ]
  ]
]