[1,["aeIycX7SJOVYepEFNm2ty1"],["_textureSetter"],["cc.SpriteFrame"],0,[[[{"name":"b_x2","rect":[182,1,108,73],"offset":[0,0],"originalSize":[108,73],"rotated":1,"capInsets":[0,0,0,0]}],[0],0,[0],[0],[0]],[[{"name":"n_x2","rect":[136,284,108,73],"offset":[0,0],"originalSize":[108,73],"capInsets":[0,0,0,0]}],[0],0,[0],[0],[0]],[[{"name":"n_x1","rect":[76,665,88,73],"offset":[0,0],"originalSize":[88,73],"rotated":1,"capInsets":[0,0,0,0]}],[0],0,[0],[0],[0]],[[{"name":"x3","rect":[1,469,130,96],"offset":[0,0],"originalSize":[130,96],"capInsets":[0,0,0,0]}],[0],0,[0],[0],[0]],[[{"name":"x6","rect":[1,567,130,96],"offset":[0,0],"originalSize":[130,96],"capInsets":[0,0,0,0]}],[0],0,[0],[0],[0]],[[{"name":"b_x10","rect":[1,98,146,74],"offset":[0,0],"originalSize":[146,74],"capInsets":[0,0,0,0]}],[0],0,[0],[0],[0]],[[{"name":"x2","rect":[1,273,133,95],"offset":[0,0],"originalSize":[133,95],"capInsets":[0,0,0,0]}],[0],0,[0],[0],[0]],[[{"name":"b_x6","rect":[151,667,104,74],"offset":[0,0],"originalSize":[104,74],"capInsets":[0,0,0,0]}],[0],0,[0],[0],[0]],[[{"name":"b_x4","rect":[149,111,106,76],"offset":[0,0],"originalSize":[106,76],"capInsets":[0,0,0,0]}],[0],0,[0],[0],[0]],[[{"name":"n_x3","rect":[151,590,104,75],"offset":[0,0],"originalSize":[104,75],"capInsets":[0,0,0,0]}],[0],0,[0],[0],[0]],[[{"name":"x4","rect":[1,174,133,97],"offset":[0,0],"originalSize":[133,97],"capInsets":[0,0,0,0]}],[0],0,[0],[0],[0]],[[{"name":"x1","rect":[136,189,114,93],"offset":[0,0],"originalSize":[114,93],"capInsets":[0,0,0,0]}],[0],0,[0],[0],[0]]]]