[1,["e5ghc723JHPbUKquF0f55b","8azW+E1wpDjpmusqABfjgq","d0clPH7PVDg4PZes6ofkrx","abgdsTKLFEc6n0xglJ+hVC","48Pl68nu9D2pGwseeo/jy+","d5Uail1SVPTaKApn5PZW5r","75OVV+fZ9JjrNMxnoNm4et"],["_textureSetter","bw_cc_normal","bw_coin_02_normal","bw_vfx_e_normal","bw_cc_a_normal","bw_coin_01_normal","bw_vfx_d"],["cc.SpriteFrame",["cc.SpriteAtlas",["_name","_spriteFrames"],2,11]],[[1,0,1,2]],[[[{"name":"bw_cc_a_normal","rect":[1,1,324,702],"offset":[0,0],"originalSize":[324,702],"capInsets":[0,0,0,0]}],[0],0,[0],[0],[0]],[[{"name":"bw_vfx_d","rect":[327,1,540,342],"offset":[0,0],"originalSize":[540,342],"rotated":1,"capInsets":[0,0,0,0]}],[0],0,[0],[0],[0]],[[{"name":"bw_cc_normal","rect":[327,543,324,70],"offset":[0,0],"originalSize":[324,70],"capInsets":[0,0,0,0]}],[0],0,[0],[0],[0]],[[{"name":"bw_vfx_e_normal","rect":[1,705,432,268],"offset":[0,2],"originalSize":[432,336],"capInsets":[0,0,0,0]}],[0],0,[0],[0],[0]],[[[0,"Alats57.plist",[{},"bw_cc_normal",6,0,"bw_coin_02_normal",6,1,"bw_vfx_e_normal",6,2,"bw_cc_a_normal",6,3,"bw_coin_01_normal",6,4,"bw_vfx_d",6,5]]],0,0,[0,0,0,0,0,0],[1,2,3,4,5,6],[1,2,3,4,5,6]],[[{"name":"bw_coin_02_normal","rect":[671,1,336,336],"offset":[-2,-1],"originalSize":[540,540],"capInsets":[0,0,0,0]}],[0],0,[0],[0],[0]],[[{"name":"bw_coin_01_normal","rect":[435,615,366,368],"offset":[-1,1],"originalSize":[540,540],"capInsets":[0,0,0,0]}],[0],0,[0],[0],[0]]]]