[1,["edxAY98t1AsriWtLYSUdyc","59QYeaoZVKTbpHlypLp5b5","34X+YNC+FPkaTK3jp3VwOK","ecqmDUL7ZCz5JRCmZcX+dL","70S83ISfNNN4jU2wlCVUId","d3ZtcbcsFHR4p2dg4PW7Ye","8cinWSsslAuIc+hjjfJKJ+","b9dmuUS/RD6K9pCtfc1Cib","01kwvfRlhJyYB5iMl3fQ3X","45zofisgtC2II0qhac1Wl8","69axMx8yBP14XxndjOPwQ3","39He73/YpIUL4cmWKcz2EZ","e7XTr5o5RGtreldNlPlhrU"],["_textureSetter","scatter_vfx_a_11","scatter_vfx_a_06","scatter_vfx_a_03","scatter_vfx_a_05","scatter_vfx_a_08","scatter_vfx_a_01","scatter_vfx_a_09","scatter_vfx_a_04","scatter_vfx_a_02","scatter_vfx_a_07","scatter_vfx_a_00","scatter_vfx_a_10"],["cc.SpriteFrame",["cc.SpriteAtlas",["_name","_spriteFrames"],2,11]],[[1,0,1,2]],[[[{"name":"scatter_vfx_a_04","rect":[233,1,41,55],"offset":[-39,38],"originalSize":[125,145],"capInsets":[0,0,0,0]}],[0],0,[0],[0],[0]],[[[0,"Alats48.plist",[{},"scatter_vfx_a_11",6,0,"scatter_vfx_a_06",6,1,"scatter_vfx_a_03",6,2,"scatter_vfx_a_05",6,3,"scatter_vfx_a_08",6,4,"scatter_vfx_a_01",6,5,"scatter_vfx_a_09",6,6,"scatter_vfx_a_04",6,7,"scatter_vfx_a_02",6,8,"scatter_vfx_a_07",6,9,"scatter_vfx_a_00",6,10,"scatter_vfx_a_10",6,11]]],0,0,[0,0,0,0,0,0,0,0,0,0,0,0],[1,2,3,4,5,6,7,8,9,10,11,12],[1,2,3,4,5,6,7,8,9,10,11,12]],[[{"name":"scatter_vfx_a_06","rect":[104,159,89,103],"offset":[-15,13],"originalSize":[125,145],"rotated":1,"capInsets":[0,0,0,0]}],[0],0,[0],[0],[0]],[[{"name":"scatter_vfx_a_00","rect":[104,110,3,3],"offset":[-61,71],"originalSize":[125,145],"capInsets":[0,0,0,0]}],[0],0,[0],[0],[0]],[[{"name":"scatter_vfx_a_02","rect":[104,110,3,3],"offset":[-61,71],"originalSize":[125,145],"capInsets":[0,0,0,0]}],[0],0,[0],[0],[0]],[[{"name":"scatter_vfx_a_11","rect":[1,227,47,89],"offset":[31,-16],"originalSize":[125,145],"rotated":1,"capInsets":[0,0,0,0]}],[0],0,[0],[0],[0]],[[{"name":"scatter_vfx_a_07","rect":[1,1,109,107],"offset":[-3,11],"originalSize":[125,145],"capInsets":[0,0,0,0]}],[0],0,[0],[0],[0]],[[{"name":"scatter_vfx_a_05","rect":[209,159,59,83],"offset":[-30,23],"originalSize":[125,145],"capInsets":[0,0,0,0]}],[0],0,[0],[0],[0]],[[{"name":"scatter_vfx_a_01","rect":[104,110,3,3],"offset":[-61,71],"originalSize":[125,145],"capInsets":[0,0,0,0]}],[0],0,[0],[0],[0]],[[{"name":"scatter_vfx_a_09","rect":[112,1,87,119],"offset":[10,3],"originalSize":[125,145],"rotated":1,"capInsets":[0,0,0,0]}],[0],0,[0],[0],[0]],[[{"name":"scatter_vfx_a_08","rect":[1,110,101,115],"offset":[2,6],"originalSize":[125,145],"capInsets":[0,0,0,0]}],[0],0,[0],[0],[0]],[[{"name":"scatter_vfx_a_10","rect":[112,90,67,119],"offset":[21,-1],"originalSize":[125,145],"rotated":1,"capInsets":[0,0,0,0]}],[0],0,[0],[0],[0]],[[{"name":"scatter_vfx_a_03","rect":[104,110,3,3],"offset":[-61,71],"originalSize":[125,145],"capInsets":[0,0,0,0]}],[0],0,[0],[0],[0]]]]