{
    "paths": {
        "d7wuXCiU9AmZSbxE0/GD4x": [
            "Audio/AnBai",
            "cc.AudioClip"
        ],
        "88lCFBxwBBsZDbNl0UOJWG": [
            "Audio/Click",
            "cc.AudioClip"
        ],
        "76bpTu7oNMI5lk3WHyeWF5": [
            "Audio/DanhBaiVaBocBai",
            "cc.AudioClip"
        ],
        "88Og4c6wRNNoaIMzK5JRUM": [
            "Audio/DenTurn",
            "cc.AudioClip"
        ],
        "c4gObBo/9P6KrBhslOz8ml": [
            "Audio/DiChuyenLaBai",
            "cc.AudioClip"
        ],
        "bfQ8PbcW5DA79hBKl1P8Mz": [
            "Audio/Fold",
            "cc.AudioClip"
        ],
        "b2vqr1pB9KXqTtS1WiiTIg": [
            "Audio/Lose",
            "cc.AudioClip"
        ],
        "80e4+IEFdMuKHEzsWj9zOP": [
            "Audio/Win",
            "cc.AudioClip"
        ],
        "feCjh+hulJRpSX9kTgQtFQ": [
            "Audio/alert",
            "cc.AudioClip"
        ],
        "04jDRzN1JHDbq2AS0MZcTp": [
            "Audio/beer",
            "cc.AudioClip"
        ],
        "202KjaHcpEVKAp/MnuJmy3": [
            "Audio/bom",
            "cc.AudioClip"
        ],
        "ef3dRX9n5NVqZGFoTNjL33": [
            "Audio/chiaBaiLoop",
            "cc.AudioClip"
        ],
        "41vULMXv1B3bjB62vVJ/Fw": [
            "Audio/kiss",
            "cc.AudioClip"
        ],
        "a7A2U35rZCuavXKjDLE3nV": [
            "Audio/nemxu",
            "cc.AudioClip"
        ],
        "1aub87N4hLoLezJRte42DX": [
            "Audio/rose",
            "cc.AudioClip"
        ],
        "37RJ2sTnNHhphZXSZ2Y5nt": [
            "Audio/start_game",
            "cc.AudioClip"
        ],
        "dexPy0qbJE9qiuM2PkleAK": [
            "Audio/water",
            "cc.AudioClip"
        ],
        "71NZQlDd5EgK0I3vy4VbIZ": [
            "Card/cardAtlas",
            "cc.Texture2D"
        ],
        "c4JBfRa9RNnae8Nqkq0dwX": [
            "Card/cardAtlas",
            "cc.SpriteAtlas"
        ],
        "2fi2HP/ihBf56/yAWLIUDA": [
            "Prefabs/CardTL",
            "cc.Prefab"
        ],
        "2917cw63RLqpMgpzv0aYp6": [
            "Prefabs/PlayerViewTL",
            "cc.Prefab"
        ],
        "00N+/rOpJIWa44eUvdLLul": [
            "animations/BoDacBiet/skeleton",
            "cc.Asset"
        ],
        "0bfFE2S3ZJj5tqj9MZU31p": [
            "animations/BoDacBiet/skeleton",
            "cc.SpriteFrame",
            1
        ],
        "43CHI1hUFCMYQcABg5/1cX": [
            "animations/BoDacBiet/skeleton",
            "sp.SkeletonData"
        ],
        "a0ILLwUS5JCJdfvHbQze+b": [
            "animations/BoDacBiet/skeleton",
            "cc.Texture2D"
        ],
        "34Qo2MDSRONaQzBGlyZCgU": [
            "animations/WinLose/anim_frame_win",
            "cc.Asset"
        ],
        "69QDTAYUdAJ4JUbDUc/5QO": [
            "animations/WinLose/anim_frame_win",
            "cc.Texture2D"
        ],
        "eaDGX2flxMDq4I/7nYx6kn": [
            "animations/WinLose/anim_frame_win",
            "sp.SkeletonData"
        ],
        "f8W5BNWAlKbam4O7f5740e": [
            "animations/WinLose/anim_frame_win",
            "cc.SpriteFrame",
            1
        ],
        "11QJqhbw1Pd5GJ7lkXy0Wl": [
            "animations/chaybai/skeleton",
            "cc.SpriteFrame",
            1
        ],
        "37gYlINSlJDZdd+AExdtX5": [
            "animations/chaybai/skeleton",
            "cc.Asset"
        ],
        "d25r4hmpxB4Ief0WF7BmiR": [
            "animations/chaybai/skeleton",
            "cc.Texture2D"
        ],
        "e58scrzddMLIdDU6s4K4M7": [
            "animations/chaybai/skeleton",
            "sp.SkeletonData"
        ],
        "1dFAFYB9hIsJBHjfjQzNky": [
            "animations/chaybai/skeleton2",
            "cc.SpriteFrame",
            1
        ],
        "97SD09icVHN5WKEqSRpHsQ": [
            "animations/chaybai/skeleton2",
            "cc.Texture2D"
        ],
        "45evMG8GFNhqe0Lhi2dFdv": [
            "animations/finish/finish",
            "cc.SpriteFrame",
            1
        ],
        "8b5ynux6RFK6UyYv8jIwOX": [
            "animations/finish/finish",
            "cc.Asset"
        ],
        "b4zeisDqhA+4VLJKT2NNS7": [
            "animations/finish/finish",
            "cc.Texture2D"
        ],
        "bb7ghUbNxGUIQnXwPoZndS": [
            "animations/finish/finish",
            "sp.SkeletonData"
        ],
        "2a5oTmMIVHgboe4lIrWg58": [
            "animations/lose/lose",
            "cc.Texture2D"
        ],
        "a2a4bvz6ZDjJeWOegBrj7H": [
            "animations/lose/lose",
            "sp.SkeletonData"
        ],
        "b1dEyzuwlE44h1okgKioLB": [
            "animations/lose/lose",
            "cc.Asset"
        ],
        "f5C5/fjC9BUKnzu+kDF88Q": [
            "animations/lose/lose",
            "cc.SpriteFrame",
            1
        ],
        "02uWqZ/zFANZ5A6gSrTz/l": [
            "animations/lose/lose2",
            "cc.SpriteFrame",
            1
        ],
        "aaG4fXg5VHzoaAt+zMCMX5": [
            "animations/lose/lose2",
            "cc.Texture2D"
        ],
        "55mgVYe0FJ7p2rOb1pQ8+B": [
            "animations/lose/lose3",
            "cc.SpriteFrame",
            1
        ],
        "908c5KGvpBwZj43r89qD35": [
            "animations/lose/lose3",
            "cc.Texture2D"
        ],
        "51h13tFFpE6ZoDbDOm5qXl": [
            "animations/lose/lose4",
            "cc.Texture2D"
        ],
        "a1KkW9f9FHbZIk/iiN2JI2": [
            "animations/lose/lose4",
            "cc.SpriteFrame",
            1
        ],
        "97hnLmaHdPUJ6iKTzC0Qhz": [
            "animations/lose/lose5",
            "cc.Texture2D"
        ],
        "f3LYRtQcxO5Is4upGo135G": [
            "animations/lose/lose5",
            "cc.SpriteFrame",
            1
        ],
        "2bt63qUfdJraDLsvzttBau": [
            "animations/lose/lose6",
            "cc.SpriteFrame",
            1
        ],
        "d9k94k8y1Ctr5OOl+6K3TN": [
            "animations/lose/lose6",
            "cc.Texture2D"
        ],
        "72R0XemV5LjrFnDkcycANd": [
            "animations/lose/lose7",
            "cc.SpriteFrame",
            1
        ],
        "efzhaS0z5J8KIUVZRQujL1": [
            "animations/lose/lose7",
            "cc.Texture2D"
        ],
        "4aUiI7ibdAGKFBl6WiuaxO": [
            "animations/lose/skeleton",
            "sp.SkeletonData"
        ],
        "a6izRiwddAMo4SYIlLdRGN": [
            "animations/lose/skeleton",
            "cc.Asset"
        ],
        "aeOsiAiYpEjL3Qre6lknGY": [
            "animations/lose/skeleton",
            "cc.SpriteFrame",
            1
        ],
        "b0cUP2LwZH9o5MFBj9cU/I": [
            "animations/lose/skeleton",
            "cc.Texture2D"
        ],
        "72wTWckSZC3Zz0nl17bMA2": [
            "animations/special-card/skeleton",
            "cc.SpriteFrame",
            1
        ],
        "bbRrkDCBpCKYd2UPU6qRkl": [
            "animations/special-card/skeleton",
            "cc.Texture2D"
        ],
        "e5mxtlkxhMlbib3bT/xO7V": [
            "animations/special-card/skeleton",
            "cc.Asset"
        ],
        "fekK0D/KVGnoqE4WPguR6b": [
            "animations/special-card/skeleton",
            "sp.SkeletonData"
        ],
        "3blw7DmUhHppkFYcDuLma/": [
            "animations/spine_chanbai/bomb",
            "cc.SpriteFrame",
            1
        ],
        "79TYYhJzBC65jXJp/gNlNE": [
            "animations/spine_chanbai/bomb",
            "cc.Asset"
        ],
        "fbXBtpnetCTKOZfM8VkICu": [
            "animations/spine_chanbai/bomb",
            "cc.Texture2D"
        ],
        "fdzUp4k5RMXIjIAg2QYA/V": [
            "animations/spine_chanbai/bomb",
            "sp.SkeletonData"
        ],
        "13KRS1h2NGLKKg1x7u7xXq": [
            "animations/spine_den/skeleton",
            "cc.Asset"
        ],
        "57QF+ytrFFGbUoFM9OggSH": [
            "animations/spine_den/skeleton",
            "sp.SkeletonData"
        ],
        "66VqU+2ExKO6k3U6pHetwT": [
            "animations/spine_den/skeleton",
            "cc.SpriteFrame",
            1
        ],
        "a80n0/qRxNlYA7ecBIaWvE": [
            "animations/spine_den/skeleton",
            "cc.Texture2D"
        ],
        "242HTsi+ZKM7q+Wpr9e7kz": [
            "animations/startFinishGame/skeleton",
            "cc.Asset"
        ],
        "c6YX4ZeUpBuIlVil9HbB86": [
            "animations/startFinishGame/skeleton",
            "cc.SpriteFrame",
            1
        ],
        "e46nsRQwpO9KkUfqhz/4EH": [
            "animations/startFinishGame/skeleton",
            "cc.Texture2D"
        ],
        "fdHCrsfhdNaYCmi0FhzjuM": [
            "animations/startFinishGame/skeleton",
            "sp.SkeletonData"
        ],
        "24k7qwocJCwb1X4pafqj6J": [
            "animations/winner/skeleton",
            "cc.SpriteFrame",
            1
        ],
        "70NpjJ8WhLNZg0LX2P1ixY": [
            "animations/winner/skeleton",
            "cc.Asset"
        ],
        "7bf+3SpXtHN6Vl48xm7avC": [
            "animations/winner/skeleton",
            "cc.Texture2D"
        ],
        "dbsVeJHyZLNrfNYFfZBQAA": [
            "animations/winner/skeleton",
            "sp.SkeletonData"
        ],
        "eagQEn1phJ55C92c7RRfkX": [
            "animations/winner/skeleton2",
            "cc.SpriteFrame",
            1
        ],
        "faBIzfmGdC16KoLuVtosiG": [
            "animations/winner/skeleton2",
            "cc.Texture2D"
        ],
        "c7Ag1w2wtEAalH+xvKYM+y": [
            "animations/winner/skeleton3",
            "cc.SpriteFrame",
            1
        ],
        "cafo6EwxRGKId9dqXWYg49": [
            "animations/winner/skeleton3",
            "cc.Texture2D"
        ],
        "abYyPB4O9I9Y9npSargX9X": [
            "font/CountDown/font_countdown-export",
            "cc.SpriteFrame",
            1
        ],
        "e2iJapMi9D3p+1CVxlUipp": [
            "font/CountDown/font_countdown-export",
            "cc.BitmapFont"
        ],
        "f1jDymYQlF+L2fIVDTbkkT": [
            "font/CountDown/font_countdown-export",
            "cc.Texture2D"
        ],
        "8fOAzpn6NMvJIs4nTLUp88": [
            "font/MyriadPB_Title_Gold-export",
            "cc.SpriteFrame",
            1
        ],
        "d16yuyzI9HKIfQhpeyPaUj": [
            "font/MyriadPB_Title_Gold-export",
            "cc.BitmapFont"
        ],
        "ffVFMg0YNO35P5jggfUa94": [
            "font/MyriadPB_Title_Gold-export",
            "cc.Texture2D"
        ],
        "2fu48zQChOc7NjREEwQDcW": [
            "font/RobotoB_bevel-export",
            "cc.SpriteFrame",
            1
        ],
        "bcD19xJqxJAYucQU+lqOHm": [
            "font/RobotoB_bevel-export",
            "cc.BitmapFont"
        ],
        "e5kI7l+C1HKoUSiu9u8KNs": [
            "font/RobotoB_bevel-export",
            "cc.Texture2D"
        ],
        "0bvFz9I3JBJ7oIrVNegvvq": [
            "font/fontTIen/font_tien-export",
            "cc.SpriteFrame",
            1
        ],
        "44DAppFN5LnaeREJ3A2fE7": [
            "font/fontTIen/font_tien-export",
            "cc.BitmapFont"
        ],
        "f1xJG2qbxMCa21OVLGuhyb": [
            "font/fontTIen/font_tien-export",
            "cc.Texture2D"
        ],
        "1byhmTvetKkqByS84CAmM5": [
            "font/font_point-export",
            "cc.SpriteFrame",
            1
        ],
        "a4FNwg5+1B6YFgwigfsLdc": [
            "font/font_point-export",
            "cc.BitmapFont"
        ],
        "feDJ7SBsBM2YO83krrtLPh": [
            "font/font_point-export",
            "cc.Texture2D"
        ],
        "52pBcgEZ9F6KYyJn75b94Q": [
            "font/lose_ex",
            "cc.SpriteFrame",
            1
        ],
        "b4+E7WERdD3qSBnbWP5PAW": [
            "font/lose_ex",
            "cc.BitmapFont"
        ],
        "f4VBTQqRZM56IcXLUIwQz0": [
            "font/lose_ex",
            "cc.Texture2D"
        ],
        "a5AchbGDRAwq9XnS2f1d8M": [
            "font/win_ex",
            "cc.BitmapFont"
        ],
        "cbJT7btrNEPKdSlmBh54Ex": [
            "font/win_ex",
            "cc.Texture2D"
        ],
        "cdQlghq3NHe66S2j9ccr1J": [
            "font/win_ex",
            "cc.SpriteFrame",
            1
        ],
        "11/P0qZOZCPKkKT+HG3q30": [
            "sprites/SpecialWinText/txt3DoiThong",
            "cc.SpriteFrame",
            1
        ],
        "cdsbfCrspJq43xtoREC2dX": [
            "sprites/SpecialWinText/txt3DoiThong",
            "cc.Texture2D"
        ],
        "33dWhJ4/dBqZiOSQnJD4AT": [
            "sprites/SpecialWinText/txt4DoiThong",
            "cc.Texture2D"
        ],
        "3bHBOxjcVMW7MvJebjV4Qh": [
            "sprites/SpecialWinText/txt4DoiThong",
            "cc.SpriteFrame",
            1
        ],
        "3aU8RgVulBY6ijoueQ7RrT": [
            "sprites/SpecialWinText/txt4Xam",
            "cc.Texture2D"
        ],
        "bdlypcT35DN4E/29ygGbKu": [
            "sprites/SpecialWinText/txt4Xam",
            "cc.SpriteFrame",
            1
        ],
        "27RJVH6OBHeKWxySH3qbuK": [
            "sprites/SpecialWinText/txt5DoiThong",
            "cc.Texture2D"
        ],
        "e54INWkKxKeaGEwaEjoOtq": [
            "sprites/SpecialWinText/txt5DoiThong",
            "cc.SpriteFrame",
            1
        ],
        "3eT2oGeTZAG42qx75lrZk6": [
            "sprites/SpecialWinText/txt6Doi",
            "cc.SpriteFrame",
            1
        ],
        "660ekFMIVI/JTPUM7U1cWW": [
            "sprites/SpecialWinText/txt6Doi",
            "cc.Texture2D"
        ],
        "7cRxZ1c51JerTNF5V0Qta4": [
            "sprites/SpecialWinText/txtSanhRong",
            "cc.Texture2D"
        ],
        "ecm7XMoKtHio4KGT8a2jMe": [
            "sprites/SpecialWinText/txtSanhRong",
            "cc.SpriteFrame",
            1
        ],
        "7fAgTfX8pAqrkULgOKcuMp": [
            "sprites/SpecialWinText/txtTu3",
            "cc.SpriteFrame",
            1
        ],
        "edVFvmyj5OXr9iHoLzN93A": [
            "sprites/SpecialWinText/txtTu3",
            "cc.Texture2D"
        ],
        "6d0m3CFlVEDZeAK7YsOFOi": [
            "sprites/SpecialWinText/txtTuHeo",
            "cc.Texture2D"
        ],
        "fdKGyFkY5BPINpApolBRDD": [
            "sprites/SpecialWinText/txtTuHeo",
            "cc.SpriteFrame",
            1
        ],
        "6eCnHE3fVMPpXgrPPeDEnn": [
            "sprites/bg",
            "cc.Texture2D"
        ],
        "dcLiiFRKZCtaRHn6aBOB5e": [
            "sprites/bg",
            "cc.SpriteFrame",
            1
        ],
        "04megsLklEwKS0AKZ24SbH": [
            "sprites/bgVip",
            "cc.SpriteFrame",
            1
        ],
        "e6rLFhz0dLvovYK1POmFgQ": [
            "sprites/bgVip",
            "cc.Texture2D"
        ],
        "09e/0w8RNFA6+F+JN2M0SQ": [
            "sprites/bkg_black",
            "cc.SpriteFrame",
            1
        ],
        "b3f2xaGw9OiroayD84hVgS": [
            "sprites/bkg_black",
            "cc.Texture2D"
        ],
        "351xh7YXtEmrUxbzG7tqWj": [
            "sprites/borderAvt",
            "cc.Texture2D"
        ],
        "3bnpRm3AhBgoALbVJZOsRC": [
            "sprites/borderAvt",
            "cc.SpriteAtlas"
        ],
        "c5yQpXdEhKpL2hYBaKnloW": [
            "sprites/bt_chat",
            "cc.Texture2D"
        ],
        "f85tCAtZ9AuZiAHNrOxC6e": [
            "sprites/bt_chat",
            "cc.SpriteFrame",
            1
        ],
        "22R8y2SttEtrJ7afbmxtRh": [
            "sprites/bt_menu",
            "cc.SpriteFrame",
            1
        ],
        "c6halMMbNFTYBZS51Jwd26": [
            "sprites/bt_menu",
            "cc.Texture2D"
        ],
        "d4LH0uQzBEq7gPnULvadXY": [
            "sprites/bt_red",
            "cc.SpriteFrame",
            1
        ],
        "f7/jS0jNtBG77VQvBHVB4x": [
            "sprites/bt_red",
            "cc.Texture2D"
        ],
        "6dh9pblo5EcoBTPZv0Ncmo": [
            "sprites/bt_reload",
            "cc.Texture2D"
        ],
        "ddWGeu7lNBpq3TwKmybVIj": [
            "sprites/bt_reload",
            "cc.SpriteFrame",
            1
        ],
        "293pfxaphA5bJ2JY00McE+": [
            "sprites/bt_yellow",
            "cc.Texture2D"
        ],
        "30jVWqauBCi56fyMxHy9pS": [
            "sprites/bt_yellow",
            "cc.SpriteFrame",
            1
        ],
        "47iFyIt5dGsqojxm4Fh0OB": [
            "sprites/btn history",
            "cc.SpriteFrame",
            1
        ],
        "58u6/sJ8JJG56X+C9gr4pF": [
            "sprites/btn history",
            "cc.Texture2D"
        ],
        "cb48bgofhH1bfVxSomXiOF": [
            "sprites/btn_Red",
            "cc.SpriteFrame",
            1
        ],
        "eadVE3ubBOsbiDBe5awNED": [
            "sprites/btn_Red",
            "cc.Texture2D"
        ],
        "35YP3+EQhCrIdzQNVtEKuq": [
            "sprites/btn_blue",
            "cc.Texture2D"
        ],
        "e6y6Ij1fxPoo24snhaQjJh": [
            "sprites/btn_blue",
            "cc.SpriteFrame",
            1
        ],
        "05RNJR34pHl4LNT+RnAQr3": [
            "sprites/btn_close",
            "cc.Texture2D"
        ],
        "e0QCnvTRdFYYIXMnC2fp6s": [
            "sprites/btn_close",
            "cc.SpriteFrame",
            1
        ],
        "d4Q4F5j1RM9oQ6Om5wW6ww": [
            "sprites/btn_emoji",
            "cc.SpriteFrame",
            1
        ],
        "f3ihVVMb5N3owYks9BIJk6": [
            "sprites/btn_emoji",
            "cc.Texture2D"
        ],
        "94Ur5FNydEdo7DPbDzeheR": [
            "sprites/btn_sort",
            "cc.Texture2D"
        ],
        "cbnVipEc5BOKB9jTJSUeSF": [
            "sprites/btn_sort",
            "cc.SpriteFrame",
            1
        ],
        "43+iUNc2FOs7Lc8B3tw0Fq": [
            "sprites/btn_yellow",
            "cc.SpriteFrame",
            1
        ],
        "65ldBcO9lJLZt6JhpVsAsn": [
            "sprites/btn_yellow",
            "cc.Texture2D"
        ],
        "85thwpmsxHh7Bt/lpsAv5m": [
            "sprites/ic_menu",
            "cc.Texture2D"
        ],
        "ccIRyPkVZBoLw+LPv7izjb": [
            "sprites/ic_menu",
            "cc.SpriteFrame",
            1
        ],
        "0eqeXngDZM7aFLD5DPczPr": [
            "sprites/icon_chips",
            "cc.SpriteFrame",
            1
        ],
        "59seK8AuhAmaV0Qjil8Mfr": [
            "sprites/icon_chips",
            "cc.Texture2D"
        ],
        "16aD4I/DpERZPJf9eRl4MZ": [
            "sprites/pass",
            "cc.SpriteFrame",
            1
        ],
        "adGrgehchIUK/JnZXJK0tL": [
            "sprites/pass",
            "cc.Texture2D"
        ],
        "8c4wPqhLhJhKnhzVhNSn+x": [
            "sprites/point",
            "cc.SpriteFrame",
            1
        ],
        "a8S9BelnRMhIUSbFd8kCdT": [
            "sprites/point",
            "cc.Texture2D"
        ],
        "76Fmn5AFdEU5dqGNMx1Vsr": [
            "sprites/table",
            "cc.SpriteFrame",
            1
        ],
        "b8f0XpCrFKJaIFZymyEeAK": [
            "sprites/table",
            "cc.Texture2D"
        ],
        "eeH2C7cSRM452sFxWNESY6": [
            "sprites/texttable",
            "cc.Texture2D"
        ],
        "fa6YBBEYJOpatGIN/OhfzF": [
            "sprites/texttable",
            "cc.SpriteFrame",
            1
        ],
        "966X1zg+JNCYhz6ZqUdXSM": [
            "sprites/time_bg",
            "cc.SpriteFrame",
            1
        ],
        "cfyJRHTuNN/6jbOdLI7521": [
            "sprites/time_bg",
            "cc.Texture2D"
        ]
    },
    "uuids": [
        "00N+/rOpJIWa44eUvdLLul",
        "01pxfFPy1HfaPKJC0l/j+3",
        "01tRdddGxANo4K91GFK497",
        "02XvP7t95MbZifdAD4JrJw",
        "02uWqZ/zFANZ5A6gSrTz/l",
        "04enuya0lFEIEMvXp+VHII",
        "04jDRzN1JHDbq2AS0MZcTp",
        "04megsLklEwKS0AKZ24SbH",
        "05RNJR34pHl4LNT+RnAQr3",
        "05TIw6pSpGZJdUtUrxaAg0",
        "06JjI0oMpFrYC9dT2nssbK",
        "0631MGZEdIHJWogOA55BCh",
        "07rEjz4HpJ5ppK1MSjBZoZ",
        "09e/0w8RNFA6+F+JN2M0SQ",
        "0bOuheqzVAGICynv44o1Kl",
        "0bfFE2S3ZJj5tqj9MZU31p",
        "0bvFz9I3JBJ7oIrVNegvvq",
        "0dbh+e4hlAp6tPkDaL2GPL",
        "0eg8dajqFOgZGq9sqbEcMy",
        "0eqeXngDZM7aFLD5DPczPr",
        "11QJqhbw1Pd5GJ7lkXy0Wl",
        "11/P0qZOZCPKkKT+HG3q30",
        "12nEJuj/ZPbaeAxlEoxh36",
        "13KRS1h2NGLKKg1x7u7xXq",
        "16aD4I/DpERZPJf9eRl4MZ",
        "1aPRHFiIxC/IK11o2GBB4/",
        "1aub87N4hLoLezJRte42DX",
        "1a1N0usz5KMIYdwtR6FCjf",
        "1bxo67kQNNs5ieL1MdT2Lu",
        "1byhmTvetKkqByS84CAmM5",
        "1dFAFYB9hIsJBHjfjQzNky",
        "1diPYTXPxPSa7jBhgY7vQk",
        "1eNI9HAa9N5ori50pjUJRV",
        "202KjaHcpEVKAp/MnuJmy3",
        "22R8y2SttEtrJ7afbmxtRh",
        "24k7qwocJCwb1X4pafqj6J",
        "242HTsi+ZKM7q+Wpr9e7kz",
        "27QfTceRxP/aRy4VAWM0bZ",
        "27RJVH6OBHeKWxySH3qbuK",
        "2875ZbVDtH7LzGCwW3SUQv",
        "29EFYjtKVD3orVrNTRCw2v",
        "29FYIk+N1GYaeWH/q1NxQO",
        "29WFatR+ZLRqytmh0npRZe",
        "2917cw63RLqpMgpzv0aYp6",
        "293pfxaphA5bJ2JY00McE+",
        "2axrYyyBpHbLkbRipNjleW",
        "2a5oTmMIVHgboe4lIrWg58",
        "2bYQ21zDpAipdtPkKcIz1Q",
        "2bt63qUfdJraDLsvzttBau",
        "2b2r8ioMNHYLl3Y9ShWdyX",
        "2cwUc/jGBAXIyhVNbEq6Y4",
        "2c3q3yqtVDc6lwZc10qUgB",
        "2dFtPzCKpAtq+LlNrXRJLt",
        "2fi2HP/ihBf56/yAWLIUDA",
        "2fu48zQChOc7NjREEwQDcW",
        "2fwi2j+3pCLZPnulFUoE4x",
        "30jVWqauBCi56fyMxHy9pS",
        "33GUrmc0pOQqEm6HvO4CNI",
        "33dWhJ4/dBqZiOSQnJD4AT",
        "34Qo2MDSRONaQzBGlyZCgU",
        "34hVVmmdZH0aJLSG2dXJRG",
        "35YP3+EQhCrIdzQNVtEKuq",
        "351xh7YXtEmrUxbzG7tqWj",
        "37RJ2sTnNHhphZXSZ2Y5nt",
        "37gYlINSlJDZdd+AExdtX5",
        "37qsyYZLFLwpvskCQiCJ5k",
        "38KNzWWP9PoL1lsmbHR+62",
        "38pPAnHc1CvIEtUyxpy/Vw",
        "39srL0txVPrLis9HQB+tTT",
        "3aU8RgVulBY6ijoueQ7RrT",
        "3bHBOxjcVMW7MvJebjV4Qh",
        "3blw7DmUhHppkFYcDuLma/",
        "3bnpRm3AhBgoALbVJZOsRC",
        "3cSH/P+7xNwqBG4zPkEyet",
        "3eT2oGeTZAG42qx75lrZk6",
        "3fSFQJw1xL3K5Z2jBVFOwi",
        "40kqY3XshHr6rAUAiYTTmd",
        "41vULMXv1B3bjB62vVJ/Fw",
        "42XT95bJhC26V1eUt6xcrL",
        "43CHI1hUFCMYQcABg5/1cX",
        "43+iUNc2FOs7Lc8B3tw0Fq",
        "44DAppFN5LnaeREJ3A2fE7",
        "445HBUyNVIqbOVYXJN5PmJ",
        "45evMG8GFNhqe0Lhi2dFdv",
        "45gRA1BtFDG6XluJw2HopU",
        "47iFyIt5dGsqojxm4Fh0OB",
        "48UvIdtFdHuq3E+JELddpP",
        "4aUiI7ibdAGKFBl6WiuaxO",
        "4eph40k7dNLYahKOUTLmzl",
        "4e0kncp5NK27B7FQq+ZSD7",
        "505s0m53pDQIOyQRrEw7tf",
        "51h13tFFpE6ZoDbDOm5qXl",
        "52a2y+bGNIfblIg7VFFre3",
        "52pBcgEZ9F6KYyJn75b94Q",
        "521hq6BMlPYqiSWV63+wej",
        "536PD8wURMWLHjoXgYER6F",
        "55XMogBpJO7rzSeuGeMKWs",
        "55mgVYe0FJ7p2rOb1pQ8+B",
        "56qFIQMNhIq6ZTt4zIuN0P",
        "57QF+ytrFFGbUoFM9OggSH",
        "57aBbMPSJLmrnO0efiUAqS",
        "58dL8voQRIjIehpWWl5mGL",
        "58u6/sJ8JJG56X+C9gr4pF",
        "59seK8AuhAmaV0Qjil8Mfr",
        "5bCNhFpDZByq02I1WWc7Pm",
        "5bTqVKondMN5I9YQ/WB/Yj",
        "5dsCAusGdJE7BCJMro9uGq",
        "5d3zSbyR9EAbq1xogkCrAR",
        "5ekXqOtjlBSr7gnxzE9vwT",
        "5ewttlIMNJ9YI6ZVglJntL",
        "5fIuZDC8dKuaudPsb75Ch1",
        "61iTCdRjFLK5wVMT71JptL",
        "64H/RZ1stDY7wlpa+G/jxx",
        "65ldBcO9lJLZt6JhpVsAsn",
        "66VqU+2ExKO6k3U6pHetwT",
        "660ekFMIVI/JTPUM7U1cWW",
        "68DHIoafxFN6/mngLby7mn",
        "68foSbLaZLvpaH/xN9j+Rd",
        "69QDTAYUdAJ4JUbDUc/5QO",
        "694godzvNLHbf5JVMji9S8",
        "6a54SuQCpBGYv9z+V8gF2J",
        "6bHPejRvpN+KqN4bqcJVaF",
        "6ch72M965LALtXu8tmA+57",
        "6dh9pblo5EcoBTPZv0Ncmo",
        "6d0m3CFlVEDZeAK7YsOFOi",
        "6eCnHE3fVMPpXgrPPeDEnn",
        "6eEisJVzJJCbc09LMnW9t+",
        "70NpjJ8WhLNZg0LX2P1ixY",
        "71NZQlDd5EgK0I3vy4VbIZ",
        "71ZbdOBV9LBZZyRUgcxtaN",
        "72R0XemV5LjrFnDkcycANd",
        "72wTWckSZC3Zz0nl17bMA2",
        "72+inff/JJmZ62XEULFMO2",
        "73+s/pCI9BValXpnjX+gms",
        "74PsA/tKJDwYqzilh0olfz",
        "76Fmn5AFdEU5dqGNMx1Vsr",
        "76bpTu7oNMI5lk3WHyeWF5",
        "774hZgQ6lJWJkeb4Uui0S+",
        "78NgkwMiRDEKOm1Vm6kiTw",
        "79TYYhJzBC65jXJp/gNlNE",
        "79WEOSV8xOsIBUWtt16O0e",
        "7atnkm+vtBk6Mvv8DBz46m",
        "7a/QZLET9IDreTiBfRn2PD",
        "7bf+3SpXtHN6Vl48xm7avC",
        "7cN4+DB35B75yrPV+2sWYk",
        "7cRxZ1c51JerTNF5V0Qta4",
        "7cqJWDVlhNv7+cbKCTS0q8",
        "7fAgTfX8pAqrkULgOKcuMp",
        "80e4+IEFdMuKHEzsWj9zOP",
        "80oxq95MJOirjNKUMJKoGK",
        "82Hv3S8ZpFE7M/Owzi9CqJ",
        "82h7j05w5Eu42vLgIhErc8",
        "85Xkf2t21InJ8nZbdVzx5s",
        "85thwpmsxHh7Bt/lpsAv5m",
        "86vSdFD6dFsr5S9jQbUk9+",
        "87dOd3HSdNbroXCGJfzSwi",
        "88Og4c6wRNNoaIMzK5JRUM",
        "88lCFBxwBBsZDbNl0UOJWG",
        "88pqOoGuZNzrSWQ2vSOJ04",
        "8b5ynux6RFK6UyYv8jIwOX",
        "8cF4Mh4dNOS7ewzrYOAKmK",
        "8c4wPqhLhJhKnhzVhNSn+x",
        "8dj7eNkvRBzITNQeQZa8jz",
        "8fOAzpn6NMvJIs4nTLUp88",
        "90AMUWjA5MnoYXgIrKjxUU",
        "90l92CT1tIBo1KgC7jq/u6",
        "908c5KGvpBwZj43r89qD35",
        "94Ur5FNydEdo7DPbDzeheR",
        "966X1zg+JNCYhz6ZqUdXSM",
        "97SD09icVHN5WKEqSRpHsQ",
        "97hnLmaHdPUJ6iKTzC0Qhz",
        "97peFZzL1NrpnKWCjN52p9",
        "98+xNu0PpHIo1Ckegl7Gbm",
        "99Q59mokNJdqB7qpaNnFDi",
        "9bwcX+GntI1ZChEeag4yHn",
        "9eSiFe0I1E/JyYxzdcFqwf",
        "a0ILLwUS5JCJdfvHbQze+b",
        "a0Mhp4BNBPR5WEUMcu2B/i",
        "a0OePw9SBPYKZNSwgR+ydy",
        "a1KkW9f9FHbZIk/iiN2JI2",
        "a2a4bvz6ZDjJeWOegBrj7H",
        "a2lHi9n0FMg7PE0RwRVi/u",
        "a2qzemr4VLwa/yOnqHj6G2",
        "a4FNwg5+1B6YFgwigfsLdc",
        "a4hzqV/apDSoOCF1CnOl1m",
        "a4rhy6s2lMY5VBcTQQf4Jz",
        "a4xRHz8f9BaKpdNcjVjJfF",
        "a405Bi3d1LFKbbGCGEnIDX",
        "a5AchbGDRAwq9XnS2f1d8M",
        "a6izRiwddAMo4SYIlLdRGN",
        "a6wlR0sGdDJIBo0OBjcGic",
        "a7A2U35rZCuavXKjDLE3nV",
        "a7vcmM0M9KsZE+o5fi2G4h",
        "a8S9BelnRMhIUSbFd8kCdT",
        "a80n0/qRxNlYA7ecBIaWvE",
        "a9zCCIU+pA8J1RisEIXQnX",
        "aaG4fXg5VHzoaAt+zMCMX5",
        "abLv7MJTxPOrEeY+h6nI0j",
        "abYyPB4O9I9Y9npSargX9X",
        "adGrgehchIUK/JnZXJK0tL",
        "aeOsiAiYpEjL3Qre6lknGY",
        "afBLJFLGNMy6HjX+wmmJvr",
        "aftCjcnaRMXobeiQiSPku7",
        "b0cUP2LwZH9o5MFBj9cU/I",
        "b1c7mTfLJLa5n21JJAD4VX",
        "b1dEyzuwlE44h1okgKioLB",
        "b2vqr1pB9KXqTtS1WiiTIg",
        "b3f2xaGw9OiroayD84hVgS",
        "b4euyNUyZDMofHKBd1mO+y",
        "b4haK4zQtMkpNdFU2TdbzW",
        "b4zeisDqhA+4VLJKT2NNS7",
        "b4+E7WERdD3qSBnbWP5PAW",
        "b78K85QFFNwbYeMP0ttfpp",
        "b8f0XpCrFKJaIFZymyEeAK",
        "b80rVlPGhEYLPJtTgwSb/U",
        "baEoOWDAZO1bZDD82pZJgr",
        "bbRrkDCBpCKYd2UPU6qRkl",
        "bb7ghUbNxGUIQnXwPoZndS",
        "bb8T31WuxCUawkdHVrkV6E",
        "bcD19xJqxJAYucQU+lqOHm",
        "bdlypcT35DN4E/29ygGbKu",
        "bfQ8PbcW5DA79hBKl1P8Mz",
        "c3QkWBuZdOCr11iduo8JPK",
        "c3fpn38udPjYOl4PgNLkbc",
        "c4JBfRa9RNnae8Nqkq0dwX",
        "c4gObBo/9P6KrBhslOz8ml",
        "c5yQpXdEhKpL2hYBaKnloW",
        "c6Xv6I+oNO4ZEWhiO8a3hr",
        "c6YX4ZeUpBuIlVil9HbB86",
        "c6halMMbNFTYBZS51Jwd26",
        "c7Ag1w2wtEAalH+xvKYM+y",
        "cafo6EwxRGKId9dqXWYg49",
        "cbJT7btrNEPKdSlmBh54Ex",
        "cbnVipEc5BOKB9jTJSUeSF",
        "cb48bgofhH1bfVxSomXiOF",
        "ccIRyPkVZBoLw+LPv7izjb",
        "cdQlghq3NHe66S2j9ccr1J",
        "cdqz1wf09HCL6EOLiyQb7B",
        "cdsbfCrspJq43xtoREC2dX",
        "cfyJRHTuNN/6jbOdLI7521",
        "d16yuyzI9HKIfQhpeyPaUj",
        "d25r4hmpxB4Ief0WF7BmiR",
        "d3prK4tpZGw5tPavxHK50I",
        "d4LH0uQzBEq7gPnULvadXY",
        "d4Q4F5j1RM9oQ6Om5wW6ww",
        "d41Uv6575E3YgJpPUDl9x3",
        "d50keuuCNAQZP4W8DWD995",
        "d7wuXCiU9AmZSbxE0/GD4x",
        "d8UEmmuC1JBIvf3QFEqEQA",
        "d9Pln8NL9AIKaEgbYtCmS1",
        "d9k94k8y1Ctr5OOl+6K3TN",
        "dbsVeJHyZLNrfNYFfZBQAA",
        "dby0+M+LpFFaTA1MW5KKFs",
        "dcLiiFRKZCtaRHn6aBOB5e",
        "ddWGeu7lNBpq3TwKmybVIj",
        "ddpWibh1BHLpUbaXLyqQar",
        "dd7Q3M/OZHbYJZYiUQWW1J",
        "deuYXG5x1PT6dYYAhpWjDh",
        "dexPy0qbJE9qiuM2PkleAK",
        "df6OC9eRFIYYSs9FVaqFny",
        "e0QCnvTRdFYYIXMnC2fp6s",
        "e2iJapMi9D3p+1CVxlUipp",
        "e46nsRQwpO9KkUfqhz/4EH",
        "e5FpGEyO1GrqRgMfeSJTWR",
        "e5kI7l+C1HKoUSiu9u8KNs",
        "e5mxtlkxhMlbib3bT/xO7V",
        "e54INWkKxKeaGEwaEjoOtq",
        "e58scrzddMLIdDU6s4K4M7",
        "e6FqfuL/JLFLZTnLhKhD7J",
        "e6htXS7MlNgZPLAeDGtWBT",
        "e6rLFhz0dLvovYK1POmFgQ",
        "e6y6Ij1fxPoo24snhaQjJh",
        "e8GkFw/QBCkYi0HOp6Qb1K",
        "e8JWyt3r5DBZMbnZ/jxHvF",
        "e97GVMl6JHh5Ml5qEDdSGa",
        "e9/rQs28RFt7p0qvceIOxO",
        "eaDGX2flxMDq4I/7nYx6kn",
        "eadVE3ubBOsbiDBe5awNED",
        "eagQEn1phJ55C92c7RRfkX",
        "ebpTu1IkVN8aIB2vAmbwCP",
        "ecm7XMoKtHio4KGT8a2jMe",
        "ecpdLyjvZBwrvm+cedCcQy",
        "edVFvmyj5OXr9iHoLzN93A",
        "eeH2C7cSRM452sFxWNESY6",
        "efzhaS0z5J8KIUVZRQujL1",
        "ef3dRX9n5NVqZGFoTNjL33",
        "f0BIwQ8D5Ml7nTNQbh1YlS",
        "f0V9JBWg5A+Kv//U+fx+vh",
        "f0YzvQVBNNhoeiHJMhpRrt",
        "f1jDymYQlF+L2fIVDTbkkT",
        "f1xJG2qbxMCa21OVLGuhyb",
        "f1zyd4z6lEDrOx8sTe/yRX",
        "f3LYRtQcxO5Is4upGo135G",
        "f3ihVVMb5N3owYks9BIJk6",
        "f4VBTQqRZM56IcXLUIwQz0",
        "f5C5/fjC9BUKnzu+kDF88Q",
        "f5iGeUeMBBp5CnTt0zRNRi",
        "f5rTSTBE9JT5hkCHjBt9ES",
        "f7/jS0jNtBG77VQvBHVB4x",
        "f8W5BNWAlKbam4O7f5740e",
        "f85tCAtZ9AuZiAHNrOxC6e",
        "faBIzfmGdC16KoLuVtosiG",
        "fa6YBBEYJOpatGIN/OhfzF",
        "fbXBtpnetCTKOZfM8VkICu",
        "fbd02Tib9PIKrZb4rPE1T9",
        "fdFOEKs1hBAJwT5zYjszRg",
        "fdHCrsfhdNaYCmi0FhzjuM",
        "fdKGyFkY5BPINpApolBRDD",
        "fdV/kuMR1HqI7Ega92ki1O",
        "fdzUp4k5RMXIjIAg2QYA/V",
        "feCjh+hulJRpSX9kTgQtFQ",
        "feDJ7SBsBM2YO83krrtLPh",
        "fekK0D/KVGnoqE4WPguR6b",
        "ffVFMg0YNO35P5jggfUa94",
        "fftxStpOtMF7+i2EdXMic7"
    ],
    "scenes": {
        "db://assets/Bundle/TienLen/TienLen.fire": "37qsyYZLFLwpvskCQiCJ5k"
    },
    "redirect": [
        "29FYIk+N1GYaeWH/q1NxQO",
        0,
        "7atnkm+vtBk6Mvv8DBz46m",
        0,
        "7a/QZLET9IDreTiBfRn2PD",
        1,
        "d8UEmmuC1JBIvf3QFEqEQA",
        0,
        "e97GVMl6JHh5Ml5qEDdSGa",
        0,
        "ecpdLyjvZBwrvm+cedCcQy",
        1,
        "f0BIwQ8D5Ml7nTNQbh1YlS",
        0
    ],
    "deps": [
        "resources",
        "internal"
    ],
    "packs": {
        "01dbab746": [
            "38pPAnHc1CvIEtUyxpy/Vw",
            "3bnpRm3AhBgoALbVJZOsRC",
            "55XMogBpJO7rzSeuGeMKWs",
            "68foSbLaZLvpaH/xN9j+Rd",
            "deuYXG5x1PT6dYYAhpWjDh",
            "e6FqfuL/JLFLZTnLhKhD7J"
        ],
        "026121112": [
            "04jDRzN1JHDbq2AS0MZcTp",
            "09e/0w8RNFA6+F+JN2M0SQ",
            "16aD4I/DpERZPJf9eRl4MZ",
            "1aub87N4hLoLezJRte42DX",
            "2875ZbVDtH7LzGCwW3SUQv",
            "37RJ2sTnNHhphZXSZ2Y5nt",
            "37qsyYZLFLwpvskCQiCJ5k",
            "3eT2oGeTZAG42qx75lrZk6",
            "41vULMXv1B3bjB62vVJ/Fw",
            "76Fmn5AFdEU5dqGNMx1Vsr",
            "76bpTu7oNMI5lk3WHyeWF5",
            "7fAgTfX8pAqrkULgOKcuMp",
            "80e4+IEFdMuKHEzsWj9zOP",
            "88Og4c6wRNNoaIMzK5JRUM",
            "88lCFBxwBBsZDbNl0UOJWG",
            "8c4wPqhLhJhKnhzVhNSn+x",
            "966X1zg+JNCYhz6ZqUdXSM",
            "a7A2U35rZCuavXKjDLE3nV",
            "b2vqr1pB9KXqTtS1WiiTIg",
            "bdlypcT35DN4E/29ygGbKu",
            "bfQ8PbcW5DA79hBKl1P8Mz",
            "c4gObBo/9P6KrBhslOz8ml",
            "cb48bgofhH1bfVxSomXiOF",
            "d4Q4F5j1RM9oQ6Om5wW6ww",
            "d7wuXCiU9AmZSbxE0/GD4x",
            "dcLiiFRKZCtaRHn6aBOB5e",
            "ddWGeu7lNBpq3TwKmybVIj",
            "dexPy0qbJE9qiuM2PkleAK",
            "e54INWkKxKeaGEwaEjoOtq",
            "e6y6Ij1fxPoo24snhaQjJh",
            "ecm7XMoKtHio4KGT8a2jMe",
            "ef3dRX9n5NVqZGFoTNjL33",
            "fdKGyFkY5BPINpApolBRDD",
            "feCjh+hulJRpSX9kTgQtFQ"
        ],
        "02c7171f5": [
            "0bvFz9I3JBJ7oIrVNegvvq",
            "44DAppFN5LnaeREJ3A2fE7"
        ],
        "03407eb64": [
            "1byhmTvetKkqByS84CAmM5",
            "a4FNwg5+1B6YFgwigfsLdc"
        ],
        "03884cd51": [
            "abYyPB4O9I9Y9npSargX9X",
            "e2iJapMi9D3p+1CVxlUipp"
        ],
        "05d253996": [
            "01tRdddGxANo4K91GFK497",
            "02XvP7t95MbZifdAD4JrJw",
            "05TIw6pSpGZJdUtUrxaAg0",
            "06JjI0oMpFrYC9dT2nssbK",
            "0631MGZEdIHJWogOA55BCh",
            "0eg8dajqFOgZGq9sqbEcMy",
            "1aPRHFiIxC/IK11o2GBB4/",
            "1bxo67kQNNs5ieL1MdT2Lu",
            "2c3q3yqtVDc6lwZc10qUgB",
            "2fi2HP/ihBf56/yAWLIUDA",
            "3cSH/P+7xNwqBG4zPkEyet",
            "3fSFQJw1xL3K5Z2jBVFOwi",
            "445HBUyNVIqbOVYXJN5PmJ",
            "52a2y+bGNIfblIg7VFFre3",
            "521hq6BMlPYqiSWV63+wej",
            "56qFIQMNhIq6ZTt4zIuN0P",
            "58dL8voQRIjIehpWWl5mGL",
            "5bCNhFpDZByq02I1WWc7Pm",
            "5d3zSbyR9EAbq1xogkCrAR",
            "5ekXqOtjlBSr7gnxzE9vwT",
            "71ZbdOBV9LBZZyRUgcxtaN",
            "72+inff/JJmZ62XEULFMO2",
            "78NgkwMiRDEKOm1Vm6kiTw",
            "80oxq95MJOirjNKUMJKoGK",
            "82Hv3S8ZpFE7M/Owzi9CqJ",
            "82h7j05w5Eu42vLgIhErc8",
            "85Xkf2t21InJ8nZbdVzx5s",
            "86vSdFD6dFsr5S9jQbUk9+",
            "8cF4Mh4dNOS7ewzrYOAKmK",
            "90AMUWjA5MnoYXgIrKjxUU",
            "90l92CT1tIBo1KgC7jq/u6",
            "a4xRHz8f9BaKpdNcjVjJfF",
            "a9zCCIU+pA8J1RisEIXQnX",
            "abLv7MJTxPOrEeY+h6nI0j",
            "afBLJFLGNMy6HjX+wmmJvr",
            "b4haK4zQtMkpNdFU2TdbzW",
            "bb8T31WuxCUawkdHVrkV6E",
            "c3fpn38udPjYOl4PgNLkbc",
            "d41Uv6575E3YgJpPUDl9x3",
            "dd7Q3M/OZHbYJZYiUQWW1J",
            "df6OC9eRFIYYSs9FVaqFny",
            "e8GkFw/QBCkYi0HOp6Qb1K",
            "ebpTu1IkVN8aIB2vAmbwCP",
            "fdFOEKs1hBAJwT5zYjszRg"
        ],
        "06f39c812": [
            "04enuya0lFEIEMvXp+VHII",
            "0bOuheqzVAGICynv44o1Kl",
            "1a1N0usz5KMIYdwtR6FCjf",
            "1diPYTXPxPSa7jBhgY7vQk",
            "1eNI9HAa9N5ori50pjUJRV",
            "27QfTceRxP/aRy4VAWM0bZ",
            "29EFYjtKVD3orVrNTRCw2v",
            "29WFatR+ZLRqytmh0npRZe",
            "2b2r8ioMNHYLl3Y9ShWdyX",
            "2cwUc/jGBAXIyhVNbEq6Y4",
            "2fwi2j+3pCLZPnulFUoE4x",
            "39srL0txVPrLis9HQB+tTT",
            "40kqY3XshHr6rAUAiYTTmd",
            "57aBbMPSJLmrnO0efiUAqS",
            "5dsCAusGdJE7BCJMro9uGq",
            "5ewttlIMNJ9YI6ZVglJntL",
            "5fIuZDC8dKuaudPsb75Ch1",
            "68DHIoafxFN6/mngLby7mn",
            "694godzvNLHbf5JVMji9S8",
            "6a54SuQCpBGYv9z+V8gF2J",
            "6bHPejRvpN+KqN4bqcJVaF",
            "6ch72M965LALtXu8tmA+57",
            "6eEisJVzJJCbc09LMnW9t+",
            "74PsA/tKJDwYqzilh0olfz",
            "774hZgQ6lJWJkeb4Uui0S+",
            "79WEOSV8xOsIBUWtt16O0e",
            "87dOd3HSdNbroXCGJfzSwi",
            "8dj7eNkvRBzITNQeQZa8jz",
            "97peFZzL1NrpnKWCjN52p9",
            "98+xNu0PpHIo1Ckegl7Gbm",
            "99Q59mokNJdqB7qpaNnFDi",
            "9bwcX+GntI1ZChEeag4yHn",
            "9eSiFe0I1E/JyYxzdcFqwf",
            "a0Mhp4BNBPR5WEUMcu2B/i",
            "a4hzqV/apDSoOCF1CnOl1m",
            "a4rhy6s2lMY5VBcTQQf4Jz",
            "a405Bi3d1LFKbbGCGEnIDX",
            "a7vcmM0M9KsZE+o5fi2G4h",
            "aftCjcnaRMXobeiQiSPku7",
            "b1c7mTfLJLa5n21JJAD4VX",
            "b78K85QFFNwbYeMP0ttfpp",
            "b80rVlPGhEYLPJtTgwSb/U",
            "baEoOWDAZO1bZDD82pZJgr",
            "c4JBfRa9RNnae8Nqkq0dwX",
            "c6Xv6I+oNO4ZEWhiO8a3hr",
            "cdqz1wf09HCL6EOLiyQb7B",
            "d3prK4tpZGw5tPavxHK50I",
            "d50keuuCNAQZP4W8DWD995",
            "ddpWibh1BHLpUbaXLyqQar",
            "e5FpGEyO1GrqRgMfeSJTWR",
            "e9/rQs28RFt7p0qvceIOxO",
            "f0V9JBWg5A+Kv//U+fx+vh",
            "f0YzvQVBNNhoeiHJMhpRrt",
            "f5rTSTBE9JT5hkCHjBt9ES",
            "fbd02Tib9PIKrZb4rPE1T9",
            "fdV/kuMR1HqI7Ega92ki1O"
        ],
        "070a1ffca": [
            "8fOAzpn6NMvJIs4nTLUp88",
            "d16yuyzI9HKIfQhpeyPaUj"
        ],
        "07514b093": [
            "2fu48zQChOc7NjREEwQDcW",
            "bcD19xJqxJAYucQU+lqOHm"
        ],
        "08cbf1568": [
            "a5AchbGDRAwq9XnS2f1d8M",
            "cdQlghq3NHe66S2j9ccr1J"
        ],
        "0ab3066a8": [
            "0eqeXngDZM7aFLD5DPczPr",
            "2917cw63RLqpMgpzv0aYp6",
            "2dFtPzCKpAtq+LlNrXRJLt",
            "42XT95bJhC26V1eUt6xcrL",
            "4eph40k7dNLYahKOUTLmzl",
            "505s0m53pDQIOyQRrEw7tf",
            "536PD8wURMWLHjoXgYER6F",
            "64H/RZ1stDY7wlpa+G/jxx",
            "73+s/pCI9BValXpnjX+gms",
            "7cN4+DB35B75yrPV+2sWYk",
            "88pqOoGuZNzrSWQ2vSOJ04",
            "a0OePw9SBPYKZNSwgR+ydy",
            "a2lHi9n0FMg7PE0RwRVi/u",
            "a6wlR0sGdDJIBo0OBjcGic",
            "c3QkWBuZdOCr11iduo8JPK",
            "d9Pln8NL9AIKaEgbYtCmS1",
            "dby0+M+LpFFaTA1MW5KKFs",
            "e6htXS7MlNgZPLAeDGtWBT",
            "f5iGeUeMBBp5CnTt0zRNRi"
        ],
        "0ad0bc356": [
            "01pxfFPy1HfaPKJC0l/j+3",
            "05RNJR34pHl4LNT+RnAQr3",
            "07rEjz4HpJ5ppK1MSjBZoZ",
            "0dbh+e4hlAp6tPkDaL2GPL",
            "12nEJuj/ZPbaeAxlEoxh36",
            "27RJVH6OBHeKWxySH3qbuK",
            "293pfxaphA5bJ2JY00McE+",
            "2axrYyyBpHbLkbRipNjleW",
            "2a5oTmMIVHgboe4lIrWg58",
            "2bYQ21zDpAipdtPkKcIz1Q",
            "33GUrmc0pOQqEm6HvO4CNI",
            "33dWhJ4/dBqZiOSQnJD4AT",
            "34hVVmmdZH0aJLSG2dXJRG",
            "35YP3+EQhCrIdzQNVtEKuq",
            "351xh7YXtEmrUxbzG7tqWj",
            "38KNzWWP9PoL1lsmbHR+62",
            "3aU8RgVulBY6ijoueQ7RrT",
            "45gRA1BtFDG6XluJw2HopU",
            "48UvIdtFdHuq3E+JELddpP",
            "4e0kncp5NK27B7FQq+ZSD7",
            "51h13tFFpE6ZoDbDOm5qXl",
            "58u6/sJ8JJG56X+C9gr4pF",
            "59seK8AuhAmaV0Qjil8Mfr",
            "5bTqVKondMN5I9YQ/WB/Yj",
            "61iTCdRjFLK5wVMT71JptL",
            "65ldBcO9lJLZt6JhpVsAsn",
            "660ekFMIVI/JTPUM7U1cWW",
            "69QDTAYUdAJ4JUbDUc/5QO",
            "6dh9pblo5EcoBTPZv0Ncmo",
            "6d0m3CFlVEDZeAK7YsOFOi",
            "6eCnHE3fVMPpXgrPPeDEnn",
            "71NZQlDd5EgK0I3vy4VbIZ",
            "7bf+3SpXtHN6Vl48xm7avC",
            "7cRxZ1c51JerTNF5V0Qta4",
            "7cqJWDVlhNv7+cbKCTS0q8",
            "85thwpmsxHh7Bt/lpsAv5m",
            "908c5KGvpBwZj43r89qD35",
            "94Ur5FNydEdo7DPbDzeheR",
            "97SD09icVHN5WKEqSRpHsQ",
            "97hnLmaHdPUJ6iKTzC0Qhz",
            "a0ILLwUS5JCJdfvHbQze+b",
            "a2qzemr4VLwa/yOnqHj6G2",
            "a8S9BelnRMhIUSbFd8kCdT",
            "a80n0/qRxNlYA7ecBIaWvE",
            "aaG4fXg5VHzoaAt+zMCMX5",
            "adGrgehchIUK/JnZXJK0tL",
            "b0cUP2LwZH9o5MFBj9cU/I",
            "b3f2xaGw9OiroayD84hVgS",
            "b4euyNUyZDMofHKBd1mO+y",
            "b4zeisDqhA+4VLJKT2NNS7",
            "b8f0XpCrFKJaIFZymyEeAK",
            "bbRrkDCBpCKYd2UPU6qRkl",
            "c5yQpXdEhKpL2hYBaKnloW",
            "c6halMMbNFTYBZS51Jwd26",
            "cafo6EwxRGKId9dqXWYg49",
            "cbJT7btrNEPKdSlmBh54Ex",
            "cdsbfCrspJq43xtoREC2dX",
            "cfyJRHTuNN/6jbOdLI7521",
            "d25r4hmpxB4Ief0WF7BmiR",
            "d9k94k8y1Ctr5OOl+6K3TN",
            "e46nsRQwpO9KkUfqhz/4EH",
            "e5kI7l+C1HKoUSiu9u8KNs",
            "e6rLFhz0dLvovYK1POmFgQ",
            "e8JWyt3r5DBZMbnZ/jxHvF",
            "eadVE3ubBOsbiDBe5awNED",
            "edVFvmyj5OXr9iHoLzN93A",
            "eeH2C7cSRM452sFxWNESY6",
            "efzhaS0z5J8KIUVZRQujL1",
            "f1jDymYQlF+L2fIVDTbkkT",
            "f1xJG2qbxMCa21OVLGuhyb",
            "f1zyd4z6lEDrOx8sTe/yRX",
            "f3ihVVMb5N3owYks9BIJk6",
            "f4VBTQqRZM56IcXLUIwQz0",
            "f7/jS0jNtBG77VQvBHVB4x",
            "faBIzfmGdC16KoLuVtosiG",
            "fbXBtpnetCTKOZfM8VkICu",
            "feDJ7SBsBM2YO83krrtLPh",
            "ffVFMg0YNO35P5jggfUa94",
            "fftxStpOtMF7+i2EdXMic7"
        ],
        "0f2fec1d4": [
            "52pBcgEZ9F6KYyJn75b94Q",
            "b4+E7WERdD3qSBnbWP5PAW"
        ]
    },
    "name": "50",
    "importBase": "import",
    "nativeBase": "native",
    "debug": true,
    "isZip": false,
    "encrypted": false,
    "versions": {
        "import": [
            "00N+/rOpJIWa44eUvdLLul",
            "6f0ea",
            "01dbab746",
            "6ea94",
            "026121112",
            "50c5d",
            "02uWqZ/zFANZ5A6gSrTz/l",
            "156ac",
            "02c7171f5",
            "d443d",
            "03407eb64",
            "b4b09",
            "03884cd51",
            "a88b9",
            "04megsLklEwKS0AKZ24SbH",
            "ea380",
            "05d253996",
            "b00c2",
            "06f39c812",
            "b6aa1",
            "070a1ffca",
            "0a041",
            "07514b093",
            "f947d",
            "08cbf1568",
            "6bf1a",
            "0ab3066a8",
            "4a502",
            "0ad0bc356",
            "31def",
            "0bfFE2S3ZJj5tqj9MZU31p",
            "ef068",
            "0f2fec1d4",
            "ab5dc",
            "11QJqhbw1Pd5GJ7lkXy0Wl",
            "4baad",
            "11/P0qZOZCPKkKT+HG3q30",
            "66d64",
            "13KRS1h2NGLKKg1x7u7xXq",
            "6f0ea",
            "1dFAFYB9hIsJBHjfjQzNky",
            "f8c3c",
            "202KjaHcpEVKAp/MnuJmy3",
            "9d440",
            "22R8y2SttEtrJ7afbmxtRh",
            "631d6",
            "24k7qwocJCwb1X4pafqj6J",
            "f0832",
            "242HTsi+ZKM7q+Wpr9e7kz",
            "6f0ea",
            "2bt63qUfdJraDLsvzttBau",
            "c0986",
            "30jVWqauBCi56fyMxHy9pS",
            "5a32a",
            "34Qo2MDSRONaQzBGlyZCgU",
            "a5794",
            "37gYlINSlJDZdd+AExdtX5",
            "6f0ea",
            "3bHBOxjcVMW7MvJebjV4Qh",
            "19711",
            "3blw7DmUhHppkFYcDuLma/",
            "f1929",
            "43CHI1hUFCMYQcABg5/1cX",
            "d8d6c",
            "43+iUNc2FOs7Lc8B3tw0Fq",
            "05bf5",
            "45evMG8GFNhqe0Lhi2dFdv",
            "333fc",
            "47iFyIt5dGsqojxm4Fh0OB",
            "4af14",
            "4aUiI7ibdAGKFBl6WiuaxO",
            "5fe96",
            "55mgVYe0FJ7p2rOb1pQ8+B",
            "52d7d",
            "57QF+ytrFFGbUoFM9OggSH",
            "c73fd",
            "66VqU+2ExKO6k3U6pHetwT",
            "56053",
            "70NpjJ8WhLNZg0LX2P1ixY",
            "6f0ea",
            "72R0XemV5LjrFnDkcycANd",
            "1fddc",
            "72wTWckSZC3Zz0nl17bMA2",
            "bc083",
            "79TYYhJzBC65jXJp/gNlNE",
            "85e95",
            "8b5ynux6RFK6UyYv8jIwOX",
            "aea1e",
            "a1KkW9f9FHbZIk/iiN2JI2",
            "63e28",
            "a2a4bvz6ZDjJeWOegBrj7H",
            "d1ad9",
            "a6izRiwddAMo4SYIlLdRGN",
            "6f0ea",
            "aeOsiAiYpEjL3Qre6lknGY",
            "2220b",
            "b1dEyzuwlE44h1okgKioLB",
            "3f8bb",
            "bb7ghUbNxGUIQnXwPoZndS",
            "6d47f",
            "c6YX4ZeUpBuIlVil9HbB86",
            "81165",
            "c7Ag1w2wtEAalH+xvKYM+y",
            "a546f",
            "cbnVipEc5BOKB9jTJSUeSF",
            "b6f47",
            "ccIRyPkVZBoLw+LPv7izjb",
            "3bf12",
            "d4LH0uQzBEq7gPnULvadXY",
            "ee05b",
            "dbsVeJHyZLNrfNYFfZBQAA",
            "d4994",
            "e0QCnvTRdFYYIXMnC2fp6s",
            "5f1c3",
            "e5mxtlkxhMlbib3bT/xO7V",
            "6f0ea",
            "e58scrzddMLIdDU6s4K4M7",
            "c9f33",
            "eaDGX2flxMDq4I/7nYx6kn",
            "3f171",
            "eagQEn1phJ55C92c7RRfkX",
            "500b8",
            "f3LYRtQcxO5Is4upGo135G",
            "3c31f",
            "f5C5/fjC9BUKnzu+kDF88Q",
            "a3de0",
            "f8W5BNWAlKbam4O7f5740e",
            "53162",
            "f85tCAtZ9AuZiAHNrOxC6e",
            "57b3b",
            "fa6YBBEYJOpatGIN/OhfzF",
            "69281",
            "fdHCrsfhdNaYCmi0FhzjuM",
            "93b96",
            "fdzUp4k5RMXIjIAg2QYA/V",
            "f18a4",
            "fekK0D/KVGnoqE4WPguR6b",
            "014f7"
        ],
        "native": [
            "00N+/rOpJIWa44eUvdLLul",
            "49590",
            "01pxfFPy1HfaPKJC0l/j+3",
            "d4aa1",
            "04jDRzN1JHDbq2AS0MZcTp",
            "9eb37",
            "05RNJR34pHl4LNT+RnAQr3",
            "663e0",
            "07rEjz4HpJ5ppK1MSjBZoZ",
            "4c6d1",
            "0dbh+e4hlAp6tPkDaL2GPL",
            "39a0c",
            "12nEJuj/ZPbaeAxlEoxh36",
            "8eee1",
            "13KRS1h2NGLKKg1x7u7xXq",
            "ef755",
            "1aub87N4hLoLezJRte42DX",
            "4d5f7",
            "202KjaHcpEVKAp/MnuJmy3",
            "4489f",
            "242HTsi+ZKM7q+Wpr9e7kz",
            "8aed7",
            "27RJVH6OBHeKWxySH3qbuK",
            "b8882",
            "2875ZbVDtH7LzGCwW3SUQv",
            "65e1a",
            "293pfxaphA5bJ2JY00McE+",
            "5b9e3",
            "2axrYyyBpHbLkbRipNjleW",
            "6f964",
            "2a5oTmMIVHgboe4lIrWg58",
            "a4a8b",
            "2bYQ21zDpAipdtPkKcIz1Q",
            "4f8fe",
            "33GUrmc0pOQqEm6HvO4CNI",
            "1c42d",
            "33dWhJ4/dBqZiOSQnJD4AT",
            "62767",
            "34Qo2MDSRONaQzBGlyZCgU",
            "def16",
            "34hVVmmdZH0aJLSG2dXJRG",
            "1e6b9",
            "35YP3+EQhCrIdzQNVtEKuq",
            "63f03",
            "351xh7YXtEmrUxbzG7tqWj",
            "fefe6",
            "37RJ2sTnNHhphZXSZ2Y5nt",
            "690dd",
            "37gYlINSlJDZdd+AExdtX5",
            "5582c",
            "38KNzWWP9PoL1lsmbHR+62",
            "52552",
            "3aU8RgVulBY6ijoueQ7RrT",
            "571dd",
            "41vULMXv1B3bjB62vVJ/Fw",
            "5391c",
            "45gRA1BtFDG6XluJw2HopU",
            "5348f",
            "48UvIdtFdHuq3E+JELddpP",
            "47118",
            "4e0kncp5NK27B7FQq+ZSD7",
            "371a4",
            "51h13tFFpE6ZoDbDOm5qXl",
            "58c8e",
            "58u6/sJ8JJG56X+C9gr4pF",
            "9581e",
            "59seK8AuhAmaV0Qjil8Mfr",
            "5b648",
            "5bTqVKondMN5I9YQ/WB/Yj",
            "49c4e",
            "61iTCdRjFLK5wVMT71JptL",
            "b4667",
            "65ldBcO9lJLZt6JhpVsAsn",
            "1b5dd",
            "660ekFMIVI/JTPUM7U1cWW",
            "57ccf",
            "69QDTAYUdAJ4JUbDUc/5QO",
            "d10bc",
            "6dh9pblo5EcoBTPZv0Ncmo",
            "190a8",
            "6d0m3CFlVEDZeAK7YsOFOi",
            "a91ee",
            "6eCnHE3fVMPpXgrPPeDEnn",
            "0cd10",
            "70NpjJ8WhLNZg0LX2P1ixY",
            "6dd86",
            "71NZQlDd5EgK0I3vy4VbIZ",
            "3aa57",
            "76bpTu7oNMI5lk3WHyeWF5",
            "5e30f",
            "79TYYhJzBC65jXJp/gNlNE",
            "bb9be",
            "7bf+3SpXtHN6Vl48xm7avC",
            "771ac",
            "7cRxZ1c51JerTNF5V0Qta4",
            "e51c3",
            "7cqJWDVlhNv7+cbKCTS0q8",
            "bc2c7",
            "80e4+IEFdMuKHEzsWj9zOP",
            "37f31",
            "85thwpmsxHh7Bt/lpsAv5m",
            "86279",
            "88Og4c6wRNNoaIMzK5JRUM",
            "c5ee4",
            "88lCFBxwBBsZDbNl0UOJWG",
            "79de3",
            "8b5ynux6RFK6UyYv8jIwOX",
            "8f970",
            "908c5KGvpBwZj43r89qD35",
            "c5f5b",
            "94Ur5FNydEdo7DPbDzeheR",
            "ce458",
            "97SD09icVHN5WKEqSRpHsQ",
            "c07d4",
            "97hnLmaHdPUJ6iKTzC0Qhz",
            "3804b",
            "a0ILLwUS5JCJdfvHbQze+b",
            "15f3c",
            "a2qzemr4VLwa/yOnqHj6G2",
            "7b735",
            "a6izRiwddAMo4SYIlLdRGN",
            "c991d",
            "a7A2U35rZCuavXKjDLE3nV",
            "94db6",
            "a8S9BelnRMhIUSbFd8kCdT",
            "ce101",
            "a80n0/qRxNlYA7ecBIaWvE",
            "e4024",
            "aaG4fXg5VHzoaAt+zMCMX5",
            "31b5a",
            "adGrgehchIUK/JnZXJK0tL",
            "0bf3e",
            "b0cUP2LwZH9o5MFBj9cU/I",
            "631dc",
            "b1dEyzuwlE44h1okgKioLB",
            "07151",
            "b2vqr1pB9KXqTtS1WiiTIg",
            "0fce6",
            "b3f2xaGw9OiroayD84hVgS",
            "cdd09",
            "b4euyNUyZDMofHKBd1mO+y",
            "5cb85",
            "b4zeisDqhA+4VLJKT2NNS7",
            "a1db4",
            "b8f0XpCrFKJaIFZymyEeAK",
            "b8edd",
            "bbRrkDCBpCKYd2UPU6qRkl",
            "ed4cc",
            "bfQ8PbcW5DA79hBKl1P8Mz",
            "d08f1",
            "c4gObBo/9P6KrBhslOz8ml",
            "0864c",
            "c5yQpXdEhKpL2hYBaKnloW",
            "aaf59",
            "c6halMMbNFTYBZS51Jwd26",
            "a8754",
            "cafo6EwxRGKId9dqXWYg49",
            "2ee14",
            "cbJT7btrNEPKdSlmBh54Ex",
            "b1f8c",
            "cdsbfCrspJq43xtoREC2dX",
            "f15bd",
            "cfyJRHTuNN/6jbOdLI7521",
            "41e92",
            "d25r4hmpxB4Ief0WF7BmiR",
            "a7845",
            "d7wuXCiU9AmZSbxE0/GD4x",
            "9d21f",
            "d9k94k8y1Ctr5OOl+6K3TN",
            "4f54f",
            "dexPy0qbJE9qiuM2PkleAK",
            "6a65a",
            "e46nsRQwpO9KkUfqhz/4EH",
            "67025",
            "e5kI7l+C1HKoUSiu9u8KNs",
            "23918",
            "e5mxtlkxhMlbib3bT/xO7V",
            "c4a94",
            "e6rLFhz0dLvovYK1POmFgQ",
            "f0a9a",
            "e8JWyt3r5DBZMbnZ/jxHvF",
            "904d7",
            "eadVE3ubBOsbiDBe5awNED",
            "32c08",
            "edVFvmyj5OXr9iHoLzN93A",
            "0cc01",
            "eeH2C7cSRM452sFxWNESY6",
            "21d0b",
            "efzhaS0z5J8KIUVZRQujL1",
            "433da",
            "ef3dRX9n5NVqZGFoTNjL33",
            "de758",
            "f1jDymYQlF+L2fIVDTbkkT",
            "42c7f",
            "f1xJG2qbxMCa21OVLGuhyb",
            "0107f",
            "f1zyd4z6lEDrOx8sTe/yRX",
            "7d5b6",
            "f3ihVVMb5N3owYks9BIJk6",
            "cad01",
            "f4VBTQqRZM56IcXLUIwQz0",
            "4f9ac",
            "f7/jS0jNtBG77VQvBHVB4x",
            "e7a12",
            "faBIzfmGdC16KoLuVtosiG",
            "c7d94",
            "fbXBtpnetCTKOZfM8VkICu",
            "90aed",
            "feCjh+hulJRpSX9kTgQtFQ",
            "1670f",
            "feDJ7SBsBM2YO83krrtLPh",
            "c556b",
            "ffVFMg0YNO35P5jggfUa94",
            "e3665",
            "fftxStpOtMF7+i2EdXMic7",
            "429c3"
        ]
    }
}