[
  1,
  [
    "d8XIFO56VPg466Ecqi5fSo",
    "b5MMONS2JPsIEXvdexC4Hy"
  ],
  [
    "spriteFrame",
    "_textureSetter"
  ],
  [
    "cc.SpriteFrame",
    [
      "cc.BitmapFont",
      [
        "_name",
        "fontSize",
        "_fntConfig"
      ],
      0
    ]
  ],
  [
    [
      1,
      0,
      1,
      2,
      4
    ]
  ],
  [
    [
      [
        [
          0,
          "whiteFont-export",
          32,
          {
            "commonHeight": 32,
            "fontSize": 32,
            "atlasName": "whiteFont-export.png",
            "fontDefDictionary": {
              "9": {
                "xOffset": 0,
                "yOffset": 0,
                "xAdvance": 160,
                "rect": {
                  "x": 0,
                  "y": 0,
                  "width": 0,
                  "height": 0
                }
              },
              "32": {
                "xOffset": 0,
                "yOffset": 0,
                "xAdvance": 20,
                "rect": {
                  "x": 0,
                  "y": 0,
                  "width": 0,
                  "height": 0
                }
              },
              "44": {
                "xOffset": 7,
                "yOffset": 20,
                "xAdvance": 11,
                "rect": {
                  "x": 0,
                  "y": 99,
                  "width": 10,
                  "height": 12
                }
              },
              "46": {
                "xOffset": 8,
                "yOffset": 23,
                "xAdvance": 10,
                "rect": {
                  "x": 0,
                  "y": 112,
                  "width": 9,
                  "height": 9
                }
              },
              "48": {
                "xOffset": 0,
                "yOffset": 0,
                "xAdvance": 26,
                "rect": {
                  "x": 0,
                  "y": 0,
                  "width": 25,
                  "height": 32
                }
              },
              "49": {
                "xOffset": 4,
                "yOffset": 0,
                "xAdvance": 17,
                "rect": {
                  "x": 68,
                  "y": 66,
                  "width": 16,
                  "height": 32
                }
              },
              "50": {
                "xOffset": 2,
                "yOffset": 1,
                "xAdvance": 22,
                "rect": {
                  "x": 46,
                  "y": 66,
                  "width": 21,
                  "height": 31
                }
              },
              "51": {
                "xOffset": 1,
                "yOffset": 0,
                "xAdvance": 23,
                "rect": {
                  "x": 26,
                  "y": 0,
                  "width": 22,
                  "height": 32
                }
              },
              "52": {
                "xOffset": 1,
                "yOffset": 0,
                "xAdvance": 23,
                "rect": {
                  "x": 25,
                  "y": 33,
                  "width": 22,
                  "height": 32
                }
              },
              "53": {
                "xOffset": 1,
                "yOffset": 0,
                "xAdvance": 23,
                "rect": {
                  "x": 23,
                  "y": 66,
                  "width": 22,
                  "height": 32
                }
              },
              "54": {
                "xOffset": 0,
                "yOffset": 0,
                "xAdvance": 25,
                "rect": {
                  "x": 0,
                  "y": 33,
                  "width": 24,
                  "height": 32
                }
              },
              "55": {
                "xOffset": 2,
                "yOffset": 0,
                "xAdvance": 21,
                "rect": {
                  "x": 49,
                  "y": 0,
                  "width": 20,
                  "height": 32
                }
              },
              "56": {
                "xOffset": 2,
                "yOffset": 0,
                "xAdvance": 22,
                "rect": {
                  "x": 48,
                  "y": 33,
                  "width": 21,
                  "height": 32
                }
              },
              "57": {
                "xOffset": 1,
                "yOffset": 0,
                "xAdvance": 23,
                "rect": {
                  "x": 0,
                  "y": 66,
                  "width": 22,
                  "height": 32
                }
              }
            },
            "kerningDict": {}
          }
        ]
      ],
      0,
      0,
      [
        0
      ],
      [
        0
      ],
      [
        0
      ]
    ],
    [
      [
        {
          "name": "whiteFont-export",
          "rect": [
            0,
            0,
            84,
            121
          ],
          "offset": [
            -22,
            3.5
          ],
          "originalSize": [
            128,
            128
          ],
          "capInsets": [
            0,
            0,
            0,
            0
          ]
        }
      ],
      [
        0
      ],
      0,
      [
        0
      ],
      [
        1
      ],
      [
        1
      ]
    ]
  ]
]