[
  1,
  [
    "eeqQcxmhdJIbBFv2z5jGhi",
    "4bgXP9ffFARKft025XBdPN",
    "56KcjC6KZC6YYQw10YJdKB",
    "07XWzH+QhIeIBb739jXjE2",
    "42prflcplJN4es37/C9oEX"
  ],
  [
    "_textureSetter",
    "feature_character_border_short",
    "start_arrow",
    "feature_ink",
    "gradient"
  ],
  [
    "cc.SpriteFrame",
    [
      "cc.SpriteAtlas",
      [
        "_name",
        "_spriteFrames"
      ],
      2,
      11
    ]
  ],
  [
    [
      1,
      0,
      1,
      2
    ]
  ],
  [
    [
      [
        {
          "name": "gradient",
          "rect": [
            213,
            339,
            1,
            256
          ],
          "offset": [
            0,
            0
          ],
          "originalSize": [
            1,
            256
          ],
          "rotated": 1,
          "capInsets": [
            0,
            0,
            0,
            0
          ]
        }
      ],
      [
        0
      ],
      0,
      [
        0
      ],
      [
        0
      ],
      [
        0
      ]
    ],
    [
      [
        [
          0,
          "Alats37.plist",
          [
            {},
            "feature_character_border_short",
            6,
            0,
            "start_arrow",
            6,
            1,
            "feature_ink",
            6,
            2,
            "gradient",
            6,
            3
          ]
        ]
      ],
      0,
      0,
      [
        0,
        0,
        0,
        0
      ],
      [
        1,
        2,
        3,
        4
      ],
      [
        1,
        2,
        3,
        4
      ]
    ]
  ]
]