[
  1,
  [
    "e1qDHS635CbI7sxlNnXcvJ",
    "19i2hYHOROY5hyu/PFOw35"
  ],
  [
    "spriteFrame",
    "_textureSetter"
  ],
  [
    "cc.SpriteFrame",
    [
      "cc.BitmapFont",
      [
        "_name",
        "fontSize",
        "_fntConfig"
      ],
      0
    ]
  ],
  [
    [
      1,
      0,
      1,
      2,
      4
    ]
  ],
  [
    [
      [
        [
          0,
          "font1-export_cyrillic",
          32,
          {
            "commonHeight": 50,
            "fontSize": 32,
            "atlasName": "D:\\ProjectCocos\\LayDuLieuCoCos\\GetRes5m\\Test\\Alats9\\font1-export_cyrillic.png",
            "fontDefDictionary": {
              "9": {
                "xOffset": 0,
                "yOffset": 0,
                "xAdvance": 160,
                "rect": {
                  "x": 0,
                  "y": 0,
                  "width": 0,
                  "height": 0
                }
              },
              "32": {
                "xOffset": 0,
                "yOffset": 0,
                "xAdvance": 20,
                "rect": {
                  "x": 0,
                  "y": 0,
                  "width": 0,
                  "height": 0
                }
              },
              "44": {
                "xOffset": 0,
                "yOffset": 37,
                "xAdvance": 11,
                "rect": {
                  "x": 74,
                  "y": 147,
                  "width": 10,
                  "height": 11
                }
              },
              "46": {
                "xOffset": 0,
                "yOffset": 40,
                "xAdvance": 10,
                "rect": {
                  "x": 38,
                  "y": 245,
                  "width": 9,
                  "height": 9
                }
              },
              "48": {
                "xOffset": 0,
                "yOffset": 0,
                "xAdvance": 41,
                "rect": {
                  "x": 0,
                  "y": 147,
                  "width": 40,
                  "height": 50
                }
              },
              "49": {
                "xOffset": 0,
                "yOffset": 1,
                "xAdvance": 28,
                "rect": {
                  "x": 47,
                  "y": 0,
                  "width": 27,
                  "height": 49
                }
              },
              "50": {
                "xOffset": 0,
                "yOffset": 0,
                "xAdvance": 36,
                "rect": {
                  "x": 41,
                  "y": 50,
                  "width": 35,
                  "height": 49
                }
              },
              "51": {
                "xOffset": 0,
                "yOffset": 4,
                "xAdvance": 38,
                "rect": {
                  "x": 38,
                  "y": 198,
                  "width": 37,
                  "height": 46
                }
              },
              "52": {
                "xOffset": 0,
                "yOffset": 4,
                "xAdvance": 41,
                "rect": {
                  "x": 0,
                  "y": 50,
                  "width": 40,
                  "height": 46
                }
              },
              "53": {
                "xOffset": 0,
                "yOffset": 0,
                "xAdvance": 47,
                "rect": {
                  "x": 0,
                  "y": 0,
                  "width": 46,
                  "height": 49
                }
              },
              "54": {
                "xOffset": 0,
                "yOffset": 4,
                "xAdvance": 35,
                "rect": {
                  "x": 41,
                  "y": 100,
                  "width": 34,
                  "height": 46
                }
              },
              "55": {
                "xOffset": 0,
                "yOffset": 0,
                "xAdvance": 41,
                "rect": {
                  "x": 0,
                  "y": 97,
                  "width": 40,
                  "height": 49
                }
              },
              "56": {
                "xOffset": 0,
                "yOffset": 1,
                "xAdvance": 33,
                "rect": {
                  "x": 41,
                  "y": 147,
                  "width": 32,
                  "height": 49
                }
              },
              "57": {
                "xOffset": 0,
                "yOffset": 0,
                "xAdvance": 38,
                "rect": {
                  "x": 0,
                  "y": 198,
                  "width": 37,
                  "height": 49
                }
              }
            },
            "kerningDict": {}
          }
        ]
      ],
      0,
      0,
      [
        0
      ],
      [
        0
      ],
      [
        0
      ]
    ],
    [
      [
        {
          "name": "font1-export_cyrillic",
          "rect": [
            0,
            0,
            84,
            254
          ],
          "offset": [
            -22,
            1
          ],
          "originalSize": [
            128,
            256
          ],
          "capInsets": [
            0,
            0,
            0,
            0
          ]
        }
      ],
      [
        0
      ],
      0,
      [
        0
      ],
      [
        1
      ],
      [
        1
      ]
    ]
  ]
]