[1,["f1BaUsbcJAfbdzayYeV6nr","b7VY1Z+bpJ55HZU7sVq/ff"],["_textureSetter","spriteFrame"],["cc.SpriteFrame",["cc.BitmapFont",["_name","fontSize","_fntConfig"],0]],[[1,0,1,2,4]],[[[{"name":"boso-1","rect":[0,0,491,509],"offset":[-10.5,1.5],"originalSize":[512,512],"capInsets":[0,0,0,0]}],[0],0,[0],[0],[0]],[[[0,"boso-1",32,{"commonHeight":226,"fontSize":32,"atlasName":"boso-1.png","fontDefDictionary":{"9":{"xOffset":0,"yOffset":0,"xAdvance":520,"rect":{"x":0,"y":0,"width":0,"height":0}},"32":{"xOffset":0,"yOffset":0,"xAdvance":65,"rect":{"x":0,"y":0,"width":0,"height":0}},"44":{"xOffset":0,"yOffset":188,"xAdvance":52,"rect":{"x":0,"y":350,"width":42,"height":54}},"46":{"xOffset":0,"yOffset":198,"xAdvance":43,"rect":{"x":0,"y":404,"width":33,"height":33}},"48":{"xOffset":0,"yOffset":57,"xAdvance":152,"rect":{"x":0,"y":0,"width":142,"height":171}},"49":{"xOffset":0,"yOffset":55,"xAdvance":68,"rect":{"x":433,"y":179,"width":58,"height":175}},"50":{"xOffset":0,"yOffset":53,"xAdvance":110,"rect":{"x":250,"y":0,"width":100,"height":179}},"51":{"xOffset":0,"yOffset":57,"xAdvance":106,"rect":{"x":337,"y":179,"width":96,"height":171}},"52":{"xOffset":0,"yOffset":57,"xAdvance":118,"rect":{"x":229,"y":338,"width":108,"height":171}},"53":{"xOffset":0,"yOffset":53,"xAdvance":102,"rect":{"x":350,"y":0,"width":92,"height":179}},"54":{"xOffset":0,"yOffset":59,"xAdvance":118,"rect":{"x":142,"y":0,"width":108,"height":167}},"55":{"xOffset":0,"yOffset":59,"xAdvance":131,"rect":{"x":121,"y":171,"width":121,"height":167}},"56":{"xOffset":0,"yOffset":53,"xAdvance":131,"rect":{"x":0,"y":171,"width":121,"height":179}},"57":{"xOffset":0,"yOffset":59,"xAdvance":118,"rect":{"x":121,"y":338,"width":108,"height":167}}},"kerningDict":{}}]],0,0,[0],[1],[1]]]]