[1,["5aNbNROKtBBILW/lD26eHS","940DkmKx5Ig4dvSl8yS3pl"],["spriteFrame","_textureSetter"],["cc.SpriteFrame",["cc.BitmapFont",["_name","fontSize","_fntConfig"],0]],[[1,0,1,2,4]],[[[[0,"FontTitlePopup",32,{"commonHeight":80,"fontSize":32,"atlasName":"FontTitlePopup.png","fontDefDictionary":{"9":{"xOffset":0,"yOffset":0,"xAdvance":160,"rect":{"x":0,"y":0,"width":0,"height":0}},"32":{"xOffset":0,"yOffset":0,"xAdvance":20,"rect":{"x":0,"y":0,"width":0,"height":0}},"33":{"xOffset":0,"yOffset":56,"xAdvance":9,"rect":{"x":344,"y":269,"width":8,"height":25}},"35":{"xOffset":0,"yOffset":56,"xAdvance":44,"rect":{"x":0,"y":0,"width":43,"height":25}},"36":{"xOffset":0,"yOffset":52,"xAdvance":24,"rect":{"x":275,"y":316,"width":23,"height":32}},"37":{"xOffset":0,"yOffset":54,"xAdvance":36,"rect":{"x":0,"y":76,"width":35,"height":31}},"38":{"xOffset":0,"yOffset":55,"xAdvance":31,"rect":{"x":0,"y":108,"width":30,"height":28}},"39":{"xOffset":0,"yOffset":56,"xAdvance":9,"rect":{"x":335,"y":204,"width":8,"height":10}},"40":{"xOffset":0,"yOffset":54,"xAdvance":10,"rect":{"x":347,"y":31,"width":9,"height":29}},"41":{"xOffset":0,"yOffset":54,"xAdvance":11,"rect":{"x":336,"y":94,"width":10,"height":29}},"42":{"xOffset":0,"yOffset":56,"xAdvance":12,"rect":{"x":300,"y":50,"width":11,"height":12}},"43":{"xOffset":0,"yOffset":61,"xAdvance":14,"rect":{"x":31,"y":114,"width":13,"height":19}},"44":{"xOffset":0,"yOffset":74,"xAdvance":9,"rect":{"x":45,"y":114,"width":8,"height":11}},"45":{"xOffset":0,"yOffset":65,"xAdvance":10,"rect":{"x":55,"y":60,"width":9,"height":7}},"46":{"xOffset":0,"yOffset":74,"xAdvance":9,"rect":{"x":55,"y":68,"width":8,"height":7}},"47":{"xOffset":0,"yOffset":53,"xAdvance":14,"rect":{"x":323,"y":25,"width":13,"height":30}},"48":{"xOffset":0,"yOffset":55,"xAdvance":28,"rect":{"x":99,"y":0,"width":27,"height":26}},"49":{"xOffset":0,"yOffset":55,"xAdvance":12,"rect":{"x":335,"y":178,"width":11,"height":25}},"50":{"xOffset":0,"yOffset":55,"xAdvance":22,"rect":{"x":322,"y":216,"width":21,"height":25}},"51":{"xOffset":0,"yOffset":56,"xAdvance":23,"rect":{"x":299,"y":241,"width":22,"height":25}},"52":{"xOffset":0,"yOffset":56,"xAdvance":23,"rect":{"x":299,"y":216,"width":22,"height":24}},"53":{"xOffset":0,"yOffset":56,"xAdvance":22,"rect":{"x":322,"y":242,"width":21,"height":25}},"54":{"xOffset":0,"yOffset":55,"xAdvance":24,"rect":{"x":275,"y":167,"width":23,"height":26}},"55":{"xOffset":0,"yOffset":56,"xAdvance":22,"rect":{"x":306,"y":0,"width":21,"height":24}},"56":{"xOffset":0,"yOffset":55,"xAdvance":24,"rect":{"x":299,"y":484,"width":23,"height":26}},"57":{"xOffset":0,"yOffset":55,"xAdvance":23,"rect":{"x":299,"y":317,"width":22,"height":26}},"58":{"xOffset":0,"yOffset":63,"xAdvance":9,"rect":{"x":199,"y":493,"width":8,"height":18}},"59":{"xOffset":0,"yOffset":64,"xAdvance":9,"rect":{"x":328,"y":0,"width":8,"height":21}},"60":{"xOffset":0,"yOffset":54,"xAdvance":17,"rect":{"x":323,"y":477,"width":16,"height":27}},"61":{"xOffset":0,"yOffset":60,"xAdvance":14,"rect":{"x":41,"y":60,"width":13,"height":14}},"62":{"xOffset":0,"yOffset":54,"xAdvance":17,"rect":{"x":323,"y":449,"width":16,"height":27}},"63":{"xOffset":0,"yOffset":55,"xAdvance":19,"rect":{"x":323,"y":422,"width":18,"height":26}},"64":{"xOffset":0,"yOffset":55,"xAdvance":22,"rect":{"x":322,"y":268,"width":21,"height":28}},"65":{"xOffset":0,"yOffset":56,"xAdvance":30,"rect":{"x":0,"y":209,"width":29,"height":24}},"66":{"xOffset":0,"yOffset":56,"xAdvance":24,"rect":{"x":299,"y":191,"width":23,"height":24}},"67":{"xOffset":0,"yOffset":55,"xAdvance":24,"rect":{"x":298,"y":349,"width":23,"height":26}},"68":{"xOffset":0,"yOffset":56,"xAdvance":26,"rect":{"x":199,"y":443,"width":25,"height":24}},"69":{"xOffset":0,"yOffset":56,"xAdvance":24,"rect":{"x":282,"y":0,"width":23,"height":24}},"70":{"xOffset":0,"yOffset":56,"xAdvance":21,"rect":{"x":322,"y":297,"width":20,"height":24}},"71":{"xOffset":0,"yOffset":55,"xAdvance":26,"rect":{"x":226,"y":52,"width":25,"height":26}},"72":{"xOffset":0,"yOffset":56,"xAdvance":23,"rect":{"x":122,"y":59,"width":22,"height":24}},"73":{"xOffset":0,"yOffset":56,"xAdvance":10,"rect":{"x":337,"y":31,"width":9,"height":24}},"74":{"xOffset":0,"yOffset":56,"xAdvance":13,"rect":{"x":323,"y":56,"width":12,"height":31}},"75":{"xOffset":0,"yOffset":56,"xAdvance":26,"rect":{"x":225,"y":443,"width":25,"height":24}},"76":{"xOffset":0,"yOffset":56,"xAdvance":21,"rect":{"x":322,"y":322,"width":20,"height":24}},"77":{"xOffset":0,"yOffset":56,"xAdvance":28,"rect":{"x":94,"y":65,"width":27,"height":24}},"78":{"xOffset":0,"yOffset":56,"xAdvance":24,"rect":{"x":258,"y":0,"width":23,"height":24}},"79":{"xOffset":0,"yOffset":55,"xAdvance":28,"rect":{"x":94,"y":38,"width":27,"height":26}},"80":{"xOffset":0,"yOffset":56,"xAdvance":24,"rect":{"x":226,"y":367,"width":23,"height":24}},"81":{"xOffset":0,"yOffset":55,"xAdvance":30,"rect":{"x":0,"y":449,"width":29,"height":33}},"82":{"xOffset":0,"yOffset":56,"xAdvance":25,"rect":{"x":226,"y":265,"width":24,"height":24}},"83":{"xOffset":0,"yOffset":55,"xAdvance":24,"rect":{"x":250,"y":367,"width":23,"height":26}},"84":{"xOffset":0,"yOffset":56,"xAdvance":27,"rect":{"x":199,"y":129,"width":26,"height":24}},"85":{"xOffset":0,"yOffset":56,"xAdvance":25,"rect":{"x":226,"y":179,"width":24,"height":25}},"86":{"xOffset":0,"yOffset":56,"xAdvance":28,"rect":{"x":117,"y":291,"width":27,"height":24}},"87":{"xOffset":0,"yOffset":56,"xAdvance":41,"rect":{"x":0,"y":26,"width":40,"height":24}},"88":{"xOffset":0,"yOffset":56,"xAdvance":26,"rect":{"x":44,"y":0,"width":25,"height":24}},"89":{"xOffset":0,"yOffset":56,"xAdvance":27,"rect":{"x":199,"y":252,"width":26,"height":24}},"90":{"xOffset":0,"yOffset":56,"xAdvance":25,"rect":{"x":226,"y":205,"width":24,"height":24}},"91":{"xOffset":0,"yOffset":54,"xAdvance":13,"rect":{"x":323,"y":120,"width":12,"height":28}},"92":{"xOffset":0,"yOffset":47,"xAdvance":11,"rect":{"x":336,"y":56,"width":10,"height":37}},"93":{"xOffset":0,"yOffset":54,"xAdvance":12,"rect":{"x":323,"y":149,"width":11,"height":28}},"94":{"xOffset":0,"yOffset":56,"xAdvance":27,"rect":{"x":181,"y":0,"width":26,"height":28}},"95":{"xOffset":0,"yOffset":84,"xAdvance":15,"rect":{"x":323,"y":505,"width":14,"height":6}},"96":{"xOffset":0,"yOffset":56,"xAdvance":21,"rect":{"x":322,"y":347,"width":20,"height":24}},"97":{"xOffset":0,"yOffset":56,"xAdvance":29,"rect":{"x":0,"y":484,"width":28,"height":24}},"98":{"xOffset":0,"yOffset":56,"xAdvance":24,"rect":{"x":275,"y":229,"width":23,"height":24}},"99":{"xOffset":0,"yOffset":55,"xAdvance":24,"rect":{"x":251,"y":234,"width":23,"height":26}},"100":{"xOffset":0,"yOffset":56,"xAdvance":25,"rect":{"x":226,"y":315,"width":24,"height":24}},"101":{"xOffset":0,"yOffset":56,"xAdvance":24,"rect":{"x":251,"y":147,"width":23,"height":24}},"102":{"xOffset":0,"yOffset":56,"xAdvance":21,"rect":{"x":322,"y":372,"width":20,"height":24}},"103":{"xOffset":0,"yOffset":55,"xAdvance":26,"rect":{"x":226,"y":25,"width":25,"height":26}},"104":{"xOffset":0,"yOffset":56,"xAdvance":24,"rect":{"x":274,"y":366,"width":23,"height":24}},"105":{"xOffset":0,"yOffset":56,"xAdvance":10,"rect":{"x":336,"y":124,"width":9,"height":24}},"106":{"xOffset":0,"yOffset":56,"xAdvance":13,"rect":{"x":323,"y":88,"width":12,"height":31}},"107":{"xOffset":0,"yOffset":56,"xAdvance":26,"rect":{"x":199,"y":468,"width":25,"height":24}},"108":{"xOffset":0,"yOffset":56,"xAdvance":21,"rect":{"x":323,"y":397,"width":20,"height":24}},"109":{"xOffset":0,"yOffset":56,"xAdvance":28,"rect":{"x":57,"y":487,"width":27,"height":24}},"110":{"xOffset":0,"yOffset":56,"xAdvance":23,"rect":{"x":299,"y":292,"width":22,"height":24}},"111":{"xOffset":0,"yOffset":55,"xAdvance":28,"rect":{"x":29,"y":484,"width":27,"height":26}},"112":{"xOffset":0,"yOffset":56,"xAdvance":23,"rect":{"x":299,"y":267,"width":22,"height":24}},"113":{"xOffset":0,"yOffset":55,"xAdvance":30,"rect":{"x":30,"y":288,"width":29,"height":33}},"114":{"xOffset":0,"yOffset":56,"xAdvance":26,"rect":{"x":208,"y":0,"width":25,"height":24}},"115":{"xOffset":0,"yOffset":55,"xAdvance":25,"rect":{"x":226,"y":340,"width":24,"height":26}},"116":{"xOffset":0,"yOffset":56,"xAdvance":28,"rect":{"x":117,"y":166,"width":27,"height":24}},"117":{"xOffset":0,"yOffset":56,"xAdvance":24,"rect":{"x":275,"y":290,"width":23,"height":25}},"118":{"xOffset":0,"yOffset":56,"xAdvance":28,"rect":{"x":60,"y":427,"width":27,"height":24}},"119":{"xOffset":0,"yOffset":56,"xAdvance":41,"rect":{"x":0,"y":51,"width":40,"height":24}},"120":{"xOffset":0,"yOffset":56,"xAdvance":26,"rect":{"x":225,"y":468,"width":25,"height":24}},"121":{"xOffset":0,"yOffset":56,"xAdvance":27,"rect":{"x":127,"y":0,"width":26,"height":24}},"122":{"xOffset":0,"yOffset":56,"xAdvance":25,"rect":{"x":226,"y":290,"width":24,"height":24}},"123":{"xOffset":0,"yOffset":54,"xAdvance":12,"rect":{"x":335,"y":149,"width":11,"height":28}},"124":{"xOffset":0,"yOffset":56,"xAdvance":23,"rect":{"x":300,"y":25,"width":22,"height":24}},"125":{"xOffset":0,"yOffset":54,"xAdvance":12,"rect":{"x":323,"y":178,"width":11,"height":28}},"126":{"xOffset":0,"yOffset":56,"xAdvance":24,"rect":{"x":234,"y":0,"width":23,"height":24}},"192":{"xOffset":0,"yOffset":47,"xAdvance":29,"rect":{"x":59,"y":453,"width":28,"height":33}},"193":{"xOffset":0,"yOffset":47,"xAdvance":29,"rect":{"x":41,"y":26,"width":28,"height":33}},"194":{"xOffset":0,"yOffset":49,"xAdvance":29,"rect":{"x":88,"y":463,"width":28,"height":31}},"195":{"xOffset":0,"yOffset":50,"xAdvance":29,"rect":{"x":30,"y":453,"width":28,"height":30}},"200":{"xOffset":0,"yOffset":47,"xAdvance":24,"rect":{"x":299,"y":157,"width":23,"height":33}},"201":{"xOffset":0,"yOffset":47,"xAdvance":24,"rect":{"x":274,"y":391,"width":23,"height":33}},"202":{"xOffset":0,"yOffset":49,"xAdvance":24,"rect":{"x":298,"y":376,"width":23,"height":31}},"204":{"xOffset":0,"yOffset":47,"xAdvance":10,"rect":{"x":344,"y":365,"width":9,"height":33}},"205":{"xOffset":0,"yOffset":47,"xAdvance":10,"rect":{"x":343,"y":297,"width":9,"height":33}},"210":{"xOffset":0,"yOffset":47,"xAdvance":28,"rect":{"x":117,"y":191,"width":27,"height":34}},"211":{"xOffset":0,"yOffset":47,"xAdvance":27,"rect":{"x":199,"y":308,"width":26,"height":34}},"212":{"xOffset":0,"yOffset":49,"xAdvance":28,"rect":{"x":117,"y":258,"width":27,"height":32}},"213":{"xOffset":0,"yOffset":50,"xAdvance":28,"rect":{"x":117,"y":226,"width":27,"height":31}},"217":{"xOffset":0,"yOffset":47,"xAdvance":25,"rect":{"x":226,"y":230,"width":24,"height":34}},"218":{"xOffset":0,"yOffset":47,"xAdvance":25,"rect":{"x":226,"y":144,"width":24,"height":34}},"221":{"xOffset":0,"yOffset":47,"xAdvance":27,"rect":{"x":199,"y":95,"width":26,"height":33}},"224":{"xOffset":0,"yOffset":47,"xAdvance":30,"rect":{"x":0,"y":301,"width":29,"height":33}},"225":{"xOffset":0,"yOffset":47,"xAdvance":29,"rect":{"x":60,"y":362,"width":28,"height":33}},"226":{"xOffset":0,"yOffset":49,"xAdvance":29,"rect":{"x":60,"y":224,"width":28,"height":31}},"227":{"xOffset":0,"yOffset":50,"xAdvance":29,"rect":{"x":65,"y":60,"width":28,"height":30}},"232":{"xOffset":0,"yOffset":47,"xAdvance":24,"rect":{"x":251,"y":79,"width":23,"height":33}},"233":{"xOffset":0,"yOffset":47,"xAdvance":24,"rect":{"x":251,"y":113,"width":23,"height":33}},"234":{"xOffset":0,"yOffset":49,"xAdvance":24,"rect":{"x":251,"y":462,"width":23,"height":31}},"236":{"xOffset":0,"yOffset":47,"xAdvance":10,"rect":{"x":344,"y":235,"width":9,"height":33}},"237":{"xOffset":0,"yOffset":47,"xAdvance":10,"rect":{"x":343,"y":331,"width":9,"height":33}},"242":{"xOffset":0,"yOffset":47,"xAdvance":28,"rect":{"x":89,"y":241,"width":27,"height":34}},"243":{"xOffset":0,"yOffset":47,"xAdvance":27,"rect":{"x":145,"y":94,"width":26,"height":34}},"244":{"xOffset":0,"yOffset":49,"xAdvance":27,"rect":{"x":145,"y":129,"width":26,"height":32}},"245":{"xOffset":0,"yOffset":50,"xAdvance":27,"rect":{"x":172,"y":166,"width":26,"height":31}},"249":{"xOffset":0,"yOffset":47,"xAdvance":24,"rect":{"x":275,"y":132,"width":23,"height":34}},"250":{"xOffset":0,"yOffset":47,"xAdvance":24,"rect":{"x":275,"y":194,"width":23,"height":34}},"253":{"xOffset":0,"yOffset":47,"xAdvance":27,"rect":{"x":145,"y":263,"width":26,"height":33}},"258":{"xOffset":0,"yOffset":50,"xAdvance":30,"rect":{"x":30,"y":354,"width":29,"height":30}},"259":{"xOffset":0,"yOffset":50,"xAdvance":29,"rect":{"x":60,"y":396,"width":28,"height":30}},"272":{"xOffset":0,"yOffset":56,"xAdvance":27,"rect":{"x":172,"y":338,"width":26,"height":24}},"273":{"xOffset":0,"yOffset":56,"xAdvance":27,"rect":{"x":145,"y":201,"width":26,"height":24}},"296":{"xOffset":0,"yOffset":50,"xAdvance":10,"rect":{"x":347,"y":0,"width":9,"height":30}},"297":{"xOffset":0,"yOffset":50,"xAdvance":10,"rect":{"x":337,"y":0,"width":9,"height":30}},"360":{"xOffset":0,"yOffset":50,"xAdvance":25,"rect":{"x":226,"y":112,"width":24,"height":31}},"361":{"xOffset":0,"yOffset":50,"xAdvance":24,"rect":{"x":275,"y":456,"width":23,"height":31}},"416":{"xOffset":0,"yOffset":51,"xAdvance":27,"rect":{"x":172,"y":400,"width":26,"height":30}},"417":{"xOffset":0,"yOffset":51,"xAdvance":27,"rect":{"x":145,"y":297,"width":26,"height":30}},"431":{"xOffset":0,"yOffset":51,"xAdvance":27,"rect":{"x":199,"y":277,"width":26,"height":30}},"432":{"xOffset":0,"yOffset":51,"xAdvance":27,"rect":{"x":172,"y":100,"width":26,"height":30}},"7840":{"xOffset":0,"yOffset":56,"xAdvance":30,"rect":{"x":30,"y":385,"width":29,"height":30}},"7841":{"xOffset":0,"yOffset":56,"xAdvance":30,"rect":{"x":0,"y":270,"width":29,"height":30}},"7842":{"xOffset":0,"yOffset":49,"xAdvance":30,"rect":{"x":30,"y":322,"width":29,"height":31}},"7843":{"xOffset":0,"yOffset":49,"xAdvance":29,"rect":{"x":60,"y":256,"width":28,"height":31}},"7844":{"xOffset":0,"yOffset":43,"xAdvance":29,"rect":{"x":70,"y":0,"width":28,"height":37}},"7845":{"xOffset":0,"yOffset":43,"xAdvance":30,"rect":{"x":0,"y":335,"width":29,"height":37}},"7846":{"xOffset":0,"yOffset":43,"xAdvance":30,"rect":{"x":30,"y":175,"width":29,"height":37}},"7847":{"xOffset":0,"yOffset":43,"xAdvance":30,"rect":{"x":0,"y":373,"width":29,"height":37}},"7848":{"xOffset":0,"yOffset":45,"xAdvance":29,"rect":{"x":88,"y":427,"width":28,"height":35}},"7849":{"xOffset":0,"yOffset":45,"xAdvance":29,"rect":{"x":60,"y":288,"width":28,"height":35}},"7850":{"xOffset":0,"yOffset":45,"xAdvance":29,"rect":{"x":89,"y":91,"width":28,"height":35}},"7851":{"xOffset":0,"yOffset":45,"xAdvance":30,"rect":{"x":0,"y":234,"width":29,"height":35}},"7852":{"xOffset":0,"yOffset":49,"xAdvance":30,"rect":{"x":30,"y":137,"width":29,"height":37}},"7853":{"xOffset":0,"yOffset":49,"xAdvance":29,"rect":{"x":60,"y":324,"width":28,"height":37}},"7854":{"xOffset":0,"yOffset":43,"xAdvance":29,"rect":{"x":36,"y":76,"width":28,"height":37}},"7855":{"xOffset":0,"yOffset":43,"xAdvance":29,"rect":{"x":60,"y":114,"width":28,"height":37}},"7856":{"xOffset":0,"yOffset":43,"xAdvance":30,"rect":{"x":0,"y":411,"width":29,"height":37}},"7857":{"xOffset":0,"yOffset":43,"xAdvance":30,"rect":{"x":30,"y":250,"width":29,"height":37}},"7858":{"xOffset":0,"yOffset":44,"xAdvance":30,"rect":{"x":30,"y":416,"width":29,"height":36}},"7859":{"xOffset":0,"yOffset":44,"xAdvance":29,"rect":{"x":60,"y":152,"width":28,"height":36}},"7860":{"xOffset":0,"yOffset":46,"xAdvance":29,"rect":{"x":60,"y":189,"width":28,"height":34}},"7861":{"xOffset":0,"yOffset":46,"xAdvance":30,"rect":{"x":0,"y":174,"width":29,"height":34}},"7862":{"xOffset":0,"yOffset":50,"xAdvance":30,"rect":{"x":30,"y":213,"width":29,"height":36}},"7863":{"xOffset":0,"yOffset":50,"xAdvance":30,"rect":{"x":0,"y":137,"width":29,"height":36}},"7864":{"xOffset":0,"yOffset":56,"xAdvance":24,"rect":{"x":299,"y":95,"width":23,"height":30}},"7865":{"xOffset":0,"yOffset":56,"xAdvance":24,"rect":{"x":251,"y":203,"width":23,"height":30}},"7866":{"xOffset":0,"yOffset":49,"xAdvance":24,"rect":{"x":299,"y":63,"width":23,"height":31}},"7867":{"xOffset":0,"yOffset":49,"xAdvance":24,"rect":{"x":251,"y":430,"width":23,"height":31}},"7868":{"xOffset":0,"yOffset":50,"xAdvance":24,"rect":{"x":299,"y":126,"width":23,"height":30}},"7869":{"xOffset":0,"yOffset":50,"xAdvance":24,"rect":{"x":251,"y":172,"width":23,"height":30}},"7870":{"xOffset":0,"yOffset":43,"xAdvance":24,"rect":{"x":299,"y":446,"width":23,"height":37}},"7871":{"xOffset":0,"yOffset":43,"xAdvance":24,"rect":{"x":226,"y":392,"width":23,"height":37}},"7872":{"xOffset":0,"yOffset":43,"xAdvance":24,"rect":{"x":299,"y":408,"width":23,"height":37}},"7873":{"xOffset":0,"yOffset":43,"xAdvance":24,"rect":{"x":252,"y":25,"width":23,"height":37}},"7874":{"xOffset":0,"yOffset":45,"xAdvance":24,"rect":{"x":275,"y":254,"width":23,"height":35}},"7875":{"xOffset":0,"yOffset":45,"xAdvance":24,"rect":{"x":250,"y":394,"width":23,"height":35}},"7876":{"xOffset":0,"yOffset":45,"xAdvance":24,"rect":{"x":275,"y":63,"width":23,"height":35}},"7877":{"xOffset":0,"yOffset":45,"xAdvance":24,"rect":{"x":251,"y":261,"width":23,"height":35}},"7878":{"xOffset":0,"yOffset":49,"xAdvance":24,"rect":{"x":276,"y":25,"width":23,"height":37}},"7879":{"xOffset":0,"yOffset":49,"xAdvance":24,"rect":{"x":251,"y":297,"width":23,"height":37}},"7880":{"xOffset":0,"yOffset":49,"xAdvance":10,"rect":{"x":344,"y":399,"width":9,"height":31}},"7881":{"xOffset":0,"yOffset":49,"xAdvance":10,"rect":{"x":340,"y":449,"width":9,"height":31}},"7882":{"xOffset":0,"yOffset":56,"xAdvance":10,"rect":{"x":340,"y":481,"width":9,"height":30}},"7883":{"xOffset":0,"yOffset":56,"xAdvance":10,"rect":{"x":344,"y":204,"width":9,"height":30}},"7884":{"xOffset":0,"yOffset":55,"xAdvance":27,"rect":{"x":172,"y":234,"width":26,"height":31}},"7885":{"xOffset":0,"yOffset":55,"xAdvance":28,"rect":{"x":89,"y":308,"width":27,"height":31}},"7886":{"xOffset":0,"yOffset":49,"xAdvance":27,"rect":{"x":172,"y":266,"width":26,"height":32}},"7887":{"xOffset":0,"yOffset":49,"xAdvance":28,"rect":{"x":89,"y":375,"width":27,"height":32}},"7888":{"xOffset":0,"yOffset":43,"xAdvance":27,"rect":{"x":172,"y":299,"width":26,"height":38}},"7889":{"xOffset":0,"yOffset":43,"xAdvance":28,"rect":{"x":89,"y":164,"width":27,"height":38}},"7890":{"xOffset":0,"yOffset":43,"xAdvance":28,"rect":{"x":117,"y":127,"width":27,"height":38}},"7891":{"xOffset":0,"yOffset":43,"xAdvance":27,"rect":{"x":145,"y":162,"width":26,"height":38}},"7892":{"xOffset":0,"yOffset":45,"xAdvance":27,"rect":{"x":172,"y":363,"width":26,"height":36}},"7893":{"xOffset":0,"yOffset":45,"xAdvance":28,"rect":{"x":89,"y":127,"width":27,"height":36}},"7894":{"xOffset":0,"yOffset":45,"xAdvance":28,"rect":{"x":117,"y":316,"width":27,"height":36}},"7895":{"xOffset":0,"yOffset":45,"xAdvance":27,"rect":{"x":145,"y":226,"width":26,"height":36}},"7896":{"xOffset":0,"yOffset":49,"xAdvance":28,"rect":{"x":117,"y":353,"width":27,"height":37}},"7897":{"xOffset":0,"yOffset":49,"xAdvance":28,"rect":{"x":89,"y":203,"width":27,"height":37}},"7898":{"xOffset":0,"yOffset":47,"xAdvance":28,"rect":{"x":117,"y":391,"width":27,"height":34}},"7899":{"xOffset":0,"yOffset":47,"xAdvance":28,"rect":{"x":89,"y":340,"width":27,"height":34}},"7900":{"xOffset":0,"yOffset":47,"xAdvance":27,"rect":{"x":172,"y":431,"width":26,"height":34}},"7901":{"xOffset":0,"yOffset":47,"xAdvance":27,"rect":{"x":145,"y":328,"width":26,"height":34}},"7902":{"xOffset":0,"yOffset":49,"xAdvance":28,"rect":{"x":117,"y":426,"width":27,"height":32}},"7903":{"xOffset":0,"yOffset":49,"xAdvance":27,"rect":{"x":145,"y":397,"width":26,"height":32}},"7904":{"xOffset":0,"yOffset":50,"xAdvance":27,"rect":{"x":199,"y":63,"width":26,"height":31}},"7905":{"xOffset":0,"yOffset":50,"xAdvance":28,"rect":{"x":89,"y":276,"width":27,"height":31}},"7906":{"xOffset":0,"yOffset":51,"xAdvance":28,"rect":{"x":117,"y":459,"width":27,"height":35}},"7907":{"xOffset":0,"yOffset":51,"xAdvance":27,"rect":{"x":154,"y":0,"width":26,"height":35}},"7908":{"xOffset":0,"yOffset":56,"xAdvance":24,"rect":{"x":251,"y":335,"width":23,"height":30}},"7909":{"xOffset":0,"yOffset":56,"xAdvance":24,"rect":{"x":275,"y":425,"width":23,"height":30}},"7910":{"xOffset":0,"yOffset":49,"xAdvance":25,"rect":{"x":226,"y":79,"width":24,"height":32}},"7911":{"xOffset":0,"yOffset":49,"xAdvance":24,"rect":{"x":275,"y":99,"width":23,"height":32}},"7912":{"xOffset":0,"yOffset":47,"xAdvance":27,"rect":{"x":199,"y":408,"width":26,"height":34}},"7913":{"xOffset":0,"yOffset":47,"xAdvance":27,"rect":{"x":172,"y":131,"width":26,"height":34}},"7914":{"xOffset":0,"yOffset":47,"xAdvance":27,"rect":{"x":199,"y":154,"width":26,"height":34}},"7915":{"xOffset":0,"yOffset":47,"xAdvance":27,"rect":{"x":145,"y":59,"width":26,"height":34}},"7916":{"xOffset":0,"yOffset":49,"xAdvance":27,"rect":{"x":199,"y":343,"width":26,"height":32}},"7917":{"xOffset":0,"yOffset":49,"xAdvance":27,"rect":{"x":172,"y":67,"width":26,"height":32}},"7918":{"xOffset":0,"yOffset":50,"xAdvance":27,"rect":{"x":199,"y":376,"width":26,"height":31}},"7919":{"xOffset":0,"yOffset":50,"xAdvance":27,"rect":{"x":122,"y":27,"width":26,"height":31}},"7920":{"xOffset":0,"yOffset":51,"xAdvance":27,"rect":{"x":172,"y":198,"width":26,"height":35}},"7921":{"xOffset":0,"yOffset":51,"xAdvance":27,"rect":{"x":118,"y":90,"width":26,"height":35}},"7922":{"xOffset":0,"yOffset":47,"xAdvance":27,"rect":{"x":199,"y":29,"width":26,"height":33}},"7923":{"xOffset":0,"yOffset":47,"xAdvance":27,"rect":{"x":145,"y":363,"width":26,"height":33}},"7924":{"xOffset":0,"yOffset":56,"xAdvance":27,"rect":{"x":172,"y":466,"width":26,"height":30}},"7925":{"xOffset":0,"yOffset":56,"xAdvance":27,"rect":{"x":172,"y":36,"width":26,"height":30}},"7926":{"xOffset":0,"yOffset":49,"xAdvance":27,"rect":{"x":199,"y":220,"width":26,"height":31}},"7927":{"xOffset":0,"yOffset":49,"xAdvance":27,"rect":{"x":145,"y":430,"width":26,"height":31}},"7928":{"xOffset":0,"yOffset":50,"xAdvance":27,"rect":{"x":199,"y":189,"width":26,"height":30}},"7929":{"xOffset":0,"yOffset":50,"xAdvance":27,"rect":{"x":145,"y":462,"width":26,"height":30}}},"kerningDict":{}}]],0,0,[0],[0],[0]],[[{"name":"FontTitlePopup","rect":[0,0,356,511],"offset":[-78,0.5],"originalSize":[512,512],"capInsets":[0,0,0,0]}],[0],0,[0],[1],[1]]]]