[1,["6axQrJIsFKja3I3rDwB3nw","92CWXFjwBGIJVxzJ0Md9U9","d1bihw0YxKmLS/x8Fi4y7t","30grvu9tVEkphUKnU6dtSi","a1/s1ZStdFc5ZP9kC5tm75","96/m5VNC1Nv5TWSoMBlcS0","44atkb8pdLALuVJt0jqqUR","42XgDzgPhGzqMT2MqT1va6","1cz8re5zpHrJ9CZppjCUE0","41d40kAPdBYa0JfARbUZgc","70oSWx0IFLhrePZ2esC98q","cb73K5kMRAgYeFUt8iNROv","a0iQBQkDBOnZrkuAjtiIxd","75TZnpLBBP8JYZADwUjftS","e7CorP3lBJTLqKFjKFeL2g","c43Qsul5ZDe4MDVqYCzcnC","d1I3talNJPD48G7WJeL4ng","62CP8aYOpJYqmtMCLWquYP","4cyQbZmrFKcrr0PZu/nqhN","62QgK8JKpMOICQ0uunqGZQ","0fa+RwY9hIob30GsnZWnFT","95cGMQM+FEqYLyY3k51ODc","96Rl2S3DVHj5C2d6TLSPac","bb5v0oHLZE2Y1JeohFAAaa","eeND0ZeUJM87fkknh4I5fL","8fJ3PDA2FC1acfDy6FDgD5","ceK5sp5ndGpYBCHpUKoXq6","e7fB2MFABGXoc0yM9+mKXS","dbVPjdiQNC6ayx3D04guDJ","39yA/ZxYhBwYV8i438FFtS","c3rF91hgZKsaLo3p7Y2myw","6dOmC/h+1C2b4O4+T2+IZ8","f3zXt2Wf1AZKAhlMx5VCA1","f2XNqA0m1EkLjSQYFrCFqL","a5Hs4NqoxPFYGOvc4K/bHK","458LFbsrFB6YI2of/+9i4y","125RVKZfZKh4EuEgdXn1CL","399aaPlgpEDK7ekq6IXndo","7fP83hZv9PkK2WPP8cWCSt","56JAF5r05P6bdv7Evof+M9","711ZXy3ptCKLpVa5Y1K7EH","42DsE8CatLILRBOAT0oFX7","efRYNEkOVBp54RC67db6ch","8bSBWHRxdM9IGd078Qwfzk","156UQi64dD5LP9dfdBheRM","49x/TDRQVDA4+K0KY/cH2M","50Nbs7rzJKwKJUZsZTfRGT","9aLwZLIChM1rr5p4HH9kVN","19HHF364VKCbzbRjmcGE5c"],["_textureSetter","info_vfx_d_36","info_vfx_d_12","info_vfx_d_27","info_vfx_d_14","info_vfx_d_04","info_vfx_d_37","info_vfx_d_28","info_vfx_d_17","info_vfx_d_29","info_vfx_d_23","info_vfx_d_35","info_vfx_d_38","info_vfx_d_46","info_vfx_d_20","info_vfx_d_30","info_vfx_d_08","info_vfx_d_02","info_vfx_d_25","info_vfx_d_10","info_vfx_d_22","info_vfx_d_06","info_vfx_d_19","info_vfx_d_44","info_vfx_d_03","info_vfx_d_42","info_vfx_d_15","info_vfx_d_34","info_vfx_d_01","info_vfx_d_16","info_vfx_d_00","info_vfx_d_32","info_vfx_d_47","info_vfx_d_09","info_vfx_d_05","info_vfx_d_31","info_vfx_d_26","info_vfx_d_39","info_vfx_d_21","info_vfx_d_45","info_vfx_d_13","info_vfx_d_41","info_vfx_d_24","info_vfx_d_40","info_vfx_d_07","info_vfx_d_43","info_vfx_d_18","info_vfx_d_33","info_vfx_d_11"],["cc.SpriteFrame",["cc.SpriteAtlas",["_name","_spriteFrames"],2,11]],[[1,0,1,2]],[[[{"name":"info_vfx_d_22","rect":[573,661,522,112],"offset":[9,6],"originalSize":[540,200],"rotated":1,"capInsets":[0,0,0,0]}],[0],0,[0],[0],[0]],[[{"name":"info_vfx_d_26","rect":[687,661,526,110],"offset":[-5,2],"originalSize":[540,200],"rotated":1,"capInsets":[0,0,0,0]}],[0],0,[0],[0],[0]],[[{"name":"info_vfx_d_07","rect":[249,1201,472,100],"offset":[-8,7],"originalSize":[540,200],"rotated":1,"capInsets":[0,0,0,0]}],[0],0,[0],[0],[0]],[[{"name":"info_vfx_d_11","rect":[361,127,528,118],"offset":[6,0],"originalSize":[540,200],"rotated":1,"capInsets":[0,0,0,0]}],[0],0,[0],[0],[0]],[[{"name":"info_vfx_d_17","rect":[1149,801,518,110],"offset":[11,3],"originalSize":[540,200],"capInsets":[0,0,0,0]}],[0],0,[0],[0],[0]],[[{"name":"info_vfx_d_27","rect":[1149,693,526,106],"offset":[-5,1],"originalSize":[540,200],"capInsets":[0,0,0,0]}],[0],0,[0],[0],[0]],[[{"name":"info_vfx_d_16","rect":[1149,913,518,108],"offset":[11,2],"originalSize":[540,200],"capInsets":[0,0,0,0]}],[0],0,[0],[0],[0]],[[{"name":"info_vfx_d_39","rect":[1083,1,538,116],"offset":[-1,2],"originalSize":[540,200],"capInsets":[0,0,0,0]}],[0],0,[0],[0],[0]],[[{"name":"info_vfx_d_29","rect":[237,669,530,106],"offset":[-4,4],"originalSize":[540,200],"rotated":1,"capInsets":[0,0,0,0]}],[0],0,[0],[0],[0]],[[{"name":"info_vfx_d_41","rect":[703,121,532,116],"offset":[0,5],"originalSize":[540,200],"rotated":1,"capInsets":[0,0,0,0]}],[0],0,[0],[0],[0]],[[{"name":"info_vfx_d_28","rect":[481,127,530,106],"offset":[-4,2],"originalSize":[540,200],"rotated":1,"capInsets":[0,0,0,0]}],[0],0,[0],[0],[0]],[[{"name":"info_vfx_d_37","rect":[1,669,540,116],"offset":[0,2],"originalSize":[540,200],"rotated":1,"capInsets":[0,0,0,0]}],[0],0,[0],[0],[0]],[[{"name":"info_vfx_d_31","rect":[821,121,536,110],"offset":[-2,6],"originalSize":[540,200],"rotated":1,"capInsets":[0,0,0,0]}],[0],0,[0],[0],[0]],[[{"name":"info_vfx_d_43","rect":[1031,659,498,116],"offset":[14,6],"originalSize":[540,200],"rotated":1,"capInsets":[0,0,0,0]}],[0],0,[0],[0],[0]],[[{"name":"info_vfx_d_25","rect":[345,659,526,112],"offset":[-5,3],"originalSize":[540,200],"rotated":1,"capInsets":[0,0,0,0]}],[0],0,[0],[0],[0]],[[{"name":"info_vfx_d_18","rect":[1075,1225,510,110],"offset":[-1,3],"originalSize":[540,200],"capInsets":[0,0,0,0]}],[0],0,[0],[0],[0]],[[{"name":"info_vfx_d_45","rect":[1075,1453,500,114],"offset":[10,6],"originalSize":[540,200],"capInsets":[0,0,0,0]}],[0],0,[0],[0],[0]],[[{"name":"info_vfx_d_02","rect":[79,1211,442,68],"offset":[-1,-11],"originalSize":[540,200],"rotated":1,"capInsets":[0,0,0,0]}],[0],0,[0],[0],[0]],[[{"name":"info_vfx_d_10","rect":[239,127,530,120],"offset":[5,0],"originalSize":[540,200],"rotated":1,"capInsets":[0,0,0,0]}],[0],0,[0],[0],[0]],[[{"name":"info_vfx_d_32","rect":[933,121,536,106],"offset":[-2,1],"originalSize":[540,200],"rotated":1,"capInsets":[0,0,0,0]}],[0],0,[0],[0],[0]],[[{"name":"info_vfx_d_23","rect":[1149,231,522,116],"offset":[9,4],"originalSize":[540,200],"capInsets":[0,0,0,0]}],[0],0,[0],[0],[0]],[[{"name":"info_vfx_d_13","rect":[1149,1131,518,92],"offset":[11,0],"originalSize":[540,200],"capInsets":[0,0,0,0]}],[0],0,[0],[0],[0]],[[{"name":"info_vfx_d_46","rect":[469,1185,478,112],"offset":[-1,6],"originalSize":[540,200],"rotated":1,"capInsets":[0,0,0,0]}],[0],0,[0],[0],[0]],[[[0,"Alats19.plist",[{},"info_vfx_d_36",6,0,"info_vfx_d_12",6,1,"info_vfx_d_27",6,2,"info_vfx_d_14",6,3,"info_vfx_d_04",6,4,"info_vfx_d_37",6,5,"info_vfx_d_28",6,6,"info_vfx_d_17",6,7,"info_vfx_d_29",6,8,"info_vfx_d_23",6,9,"info_vfx_d_35",6,10,"info_vfx_d_38",6,11,"info_vfx_d_46",6,12,"info_vfx_d_20",6,13,"info_vfx_d_30",6,14,"info_vfx_d_08",6,15,"info_vfx_d_02",6,16,"info_vfx_d_25",6,17,"info_vfx_d_10",6,18,"info_vfx_d_22",6,19,"info_vfx_d_06",6,20,"info_vfx_d_19",6,21,"info_vfx_d_44",6,22,"info_vfx_d_03",6,23,"info_vfx_d_42",6,24,"info_vfx_d_15",6,25,"info_vfx_d_34",6,26,"info_vfx_d_01",6,27,"info_vfx_d_16",6,28,"info_vfx_d_00",6,29,"info_vfx_d_32",6,30,"info_vfx_d_47",6,31,"info_vfx_d_09",6,32,"info_vfx_d_05",6,33,"info_vfx_d_31",6,34,"info_vfx_d_26",6,35,"info_vfx_d_39",6,36,"info_vfx_d_21",6,37,"info_vfx_d_45",6,38,"info_vfx_d_13",6,39,"info_vfx_d_41",6,40,"info_vfx_d_24",6,41,"info_vfx_d_40",6,42,"info_vfx_d_07",6,43,"info_vfx_d_43",6,44,"info_vfx_d_18",6,45,"info_vfx_d_33",6,46,"info_vfx_d_11",6,47]]],0,0,[0,0,0,0,0,0,0,0,0,0,0,0,0,0,0,0,0,0,0,0,0,0,0,0,0,0,0,0,0,0,0,0,0,0,0,0,0,0,0,0,0,0,0,0,0,0,0,0],[1,2,3,4,5,6,7,8,9,10,11,12,13,14,15,16,17,18,19,20,21,22,23,24,25,26,27,28,29,30,31,32,33,34,35,36,37,38,39,40,41,42,43,44,45,46,47,48],[1,2,3,4,5,6,7,8,9,10,11,12,13,14,15,16,17,18,19,20,21,22,23,24,25,26,27,28,29,30,31,32,33,34,35,36,37,38,39,40,41,42,43,44,45,46,47,48]],[[{"name":"info_vfx_d_21","rect":[459,659,524,112],"offset":[8,6],"originalSize":[540,200],"rotated":1,"capInsets":[0,0,0,0]}],[0],0,[0],[0],[0]],[[{"name":"info_vfx_d_40","rect":[119,669,536,116],"offset":[-1,4],"originalSize":[540,200],"rotated":1,"capInsets":[0,0,0,0]}],[0],0,[0],[0],[0]],[[{"name":"info_vfx_d_42","rect":[1075,1337,502,114],"offset":[14,5],"originalSize":[540,200],"capInsets":[0,0,0,0]}],[0],0,[0],[0],[0]],[[{"name":"info_vfx_d_36","rect":[541,1,540,118],"offset":[0,0],"originalSize":[540,200],"capInsets":[0,0,0,0]}],[0],0,[0],[0],[0]],[[{"name":"info_vfx_d_06","rect":[149,1207,470,98],"offset":[-8,6],"originalSize":[540,200],"rotated":1,"capInsets":[0,0,0,0]}],[0],0,[0],[0],[0]],[[{"name":"info_vfx_d_19","rect":[1149,465,524,112],"offset":[8,4],"originalSize":[540,200],"capInsets":[0,0,0,0]}],[0],0,[0],[0],[0]],[[{"name":"info_vfx_d_04","rect":[963,1179,496,110],"offset":[7,6],"originalSize":[540,200],"rotated":1,"capInsets":[0,0,0,0]}],[0],0,[0],[0],[0]],[[{"name":"info_vfx_d_33","rect":[589,121,538,112],"offset":[-1,0],"originalSize":[540,200],"rotated":1,"capInsets":[0,0,0,0]}],[0],0,[0],[0],[0]],[[{"name":"info_vfx_d_38","rect":[121,127,540,116],"offset":[0,2],"originalSize":[540,200],"rotated":1,"capInsets":[0,0,0,0]}],[0],0,[0],[0],[0]],[[{"name":"info_vfx_d_14","rect":[1149,1023,518,106],"offset":[11,-6],"originalSize":[540,200],"capInsets":[0,0,0,0]}],[0],0,[0],[0],[0]],[[{"name":"info_vfx_d_05","rect":[583,1185,468,96],"offset":[-8,4],"originalSize":[540,200],"rotated":1,"capInsets":[0,0,0,0]}],[0],0,[0],[0],[0]],[[{"name":"info_vfx_d_44","rect":[847,1179,498,114],"offset":[13,5],"originalSize":[540,200],"rotated":1,"capInsets":[0,0,0,0]}],[0],0,[0],[0],[0]],[[{"name":"info_vfx_d_00","rect":[541,121,3,3],"offset":[-268.5,98.5],"originalSize":[540,200],"capInsets":[0,0,0,0]}],[0],0,[0],[0],[0]],[[{"name":"info_vfx_d_30","rect":[1041,121,532,106],"offset":[-4,6],"originalSize":[540,200],"rotated":1,"capInsets":[0,0,0,0]}],[0],0,[0],[0],[0]],[[{"name":"info_vfx_d_35","rect":[1,127,540,118],"offset":[0,-1],"originalSize":[540,200],"rotated":1,"capInsets":[0,0,0,0]}],[0],0,[0],[0],[0]],[[{"name":"info_vfx_d_15","rect":[917,659,518,112],"offset":[11,-3],"originalSize":[540,200],"rotated":1,"capInsets":[0,0,0,0]}],[0],0,[0],[0],[0]],[[{"name":"info_vfx_d_08","rect":[681,1189,472,106],"offset":[-7,5],"originalSize":[540,200],"rotated":1,"capInsets":[0,0,0,0]}],[0],0,[0],[0],[0]],[[{"name":"info_vfx_d_12","rect":[799,659,516,116],"offset":[12,3],"originalSize":[540,200],"rotated":1,"capInsets":[0,0,0,0]}],[0],0,[0],[0],[0]],[[{"name":"info_vfx_d_01","rect":[789,1189,382,56],"offset":[30,-15],"originalSize":[540,200],"rotated":1,"capInsets":[0,0,0,0]}],[0],0,[0],[0],[0]],[[{"name":"info_vfx_d_20","rect":[1149,579,524,112],"offset":[8,5],"originalSize":[540,200],"capInsets":[0,0,0,0]}],[0],0,[0],[0],[0]],[[{"name":"info_vfx_d_34","rect":[1,1,538,124],"offset":[-1,6],"originalSize":[540,200],"capInsets":[0,0,0,0]}],[0],0,[0],[0],[0]],[[{"name":"info_vfx_d_03","rect":[1,1211,440,76],"offset":[-21,-8],"originalSize":[540,200],"rotated":1,"capInsets":[0,0,0,0]}],[0],0,[0],[0],[0]],[[{"name":"info_vfx_d_24","rect":[1149,349,524,114],"offset":[-4,3],"originalSize":[540,200],"capInsets":[0,0,0,0]}],[0],0,[0],[0],[0]],[[{"name":"info_vfx_d_09","rect":[351,1189,488,116],"offset":[-14,0],"originalSize":[540,200],"rotated":1,"capInsets":[0,0,0,0]}],[0],0,[0],[0],[0]],[[{"name":"info_vfx_d_47","rect":[1149,119,528,110],"offset":[0,7],"originalSize":[540,200],"capInsets":[0,0,0,0]}],[0],0,[0],[0],[0]]]]