[1,["ecpdLyjvZBwrvm+cedCcQy","6fMBXtf69DcYdsQPiOtZU9","4088EtM+FOq6811QtbchRi","e70qYzvQ1GQZNPxBxQHSKl","f8XaQAtp1Mdo4zCw8fqzuy","24waSO+k1OdppXAykVk9h7","24c1a48e-fa4d-4e76-9a57-03291593d87b@6c48a","27gTKok8pNpID1NDzIThSV","21bNRV3pdLzqJ1qi7lqzxR","d0t5+kcaVFiaHGHmSENkiw","7bkbd/evZCH49v8V3H2qTU","affNvH1gJAKZpaCg88U3i4","38dcg1Sv1J1qTez3VlzsA7","a4XpGpxklAzpg5JDtVCZPg","8dJ9i3NKJBAKnc192IDWgt","2cszIWOf5ECLqFHsO7FnZI","0cpYlwMotGG5WcxJNHZNYZ","70hHn1QedEp5tbGS+KcUQq","e7vHcRDiVJY5+NrTyBvXgz"],["node","_spriteFrame","_defaultClip","_textureSetter","root","animStartBtn","btnBatDau","label","data","atlas"],[["cc.Node",["_name","_opacity","_prefab","_contentSize","_parent","_components","_trs","_children","_anchorPoint"],1,4,5,1,9,7,2,5],["cc.Sprite",["_sizeMode","_dstBlendFactor","_isTrimmedMode","node","_materials","_spriteFrame"],0,1,3,6],["cc.AnimationClip",["_name","_duration","wrapMode","curveData"],0,11],["cc.Animation",["playOnLoad","node","_clips","_defaultClip"],2,1,3,6],["cc.PrefabInfo",["fileId","root","asset"],2,1,1],"cc.SpriteFrame",["cc.Prefab",["_name"],2],["cc.Node",["_name","_parent","_children","_components","_prefab","_contentSize","_trs"],2,1,2,2,4,5,7],["05c42/QoClJybQkpRokUPK5",["node","label","btnBatDau","animStartBtn"],3,1,1,1,1],["ef6cdgak0JA7Klp9LwbTgyF",["tempReplaceAtlas","isPrefix","_string","_maxWidth","_scale","listFS","node"],-3,1],["cc.Button",["node","clickEvents"],3,1,9],["cc.ClickEvent",[],3]],[[4,0,1,2,2],[0,0,4,5,2,3,6,2],[1,3,4,5,1],[1,1,0,2,3,4,5,4],[1,0,2,3,4,5,3],[0,0,4,7,2,3,8,6,2],[0,0,4,5,2,3,8,2],[7,0,1,2,3,4,5,6,2],[3,1,2,3,1],[3,0,1,2,3,2],[2,0,1,2,3,4],[2,0,1,3,3],[6,0,2],[0,0,7,5,2,3,2],[0,0,4,7,2,6,2],[0,0,4,7,2,3,6,2],[0,0,1,4,5,2,3,6,3],[0,0,4,5,2,3,2],[8,0,1,2,3,1],[4,1,2,1],[1,1,3,4,5,2],[1,0,3,4,5,2],[9,0,1,2,3,4,5,6,7],[10,0,1,1],[11,1]],[[[{"name":"16","rect":[0,0,432,936],"offset":[0,0],"originalSize":[432,936],"capInsets":[0,0,0,0]}],[5],0,[0],[3],[5]],[[[10,"particleLoopBtnStart",2,2,[{},"props",11,[{"opacity":[{"frame":1.3333333333333333,"value":255},{"frame":2,"value":0}]},"scale",12,[[[{"frame":0},"value",8,[1,1,1,1]],[{"frame":1.3333333333333333},"value",8,[1,2,2,1]],[{"frame":2},"value",8,[1,2,2,1]]],11,11,11]]]]],0,0,[],[],[]],[[[12,"ShowFreeSpin"],[13,"ShowFreeSpin",[-7,-8,-9,-10,-11,-12,-13],[[18,-5,-4,-3,-2],[8,-6,[31],30]],[19,-1,0],[5,720,1280]],[14,"ParentInfo",1,[-14,-15,-16],[0,"18xaN6+s1BVZ4utsf+y5Us",1,0],[0,471.59,0,0,0,0,1,1,1,1]],[7,"LbMono",2,[-18,-19],[-17],[0,"d9UR2LlLpIoYgi4tT2dUgZ",1,0],[5,200,0],[0,-347.975,0,0,0,0,1,1,1,1]],[15,"nodeBtnStart",1,[-20,-21],[0,"9b+2ZLzBpDfpiiiKPmBhfF",1,0],[5,100,100],[0,-554.994,0,0,0,0,1,1,1,1]],[7,"BtnStart",4,[-23,-24],[-22],[0,"024uGYmjhIGIjreURrKZls",1,0],[5,660,150],[0,0,0,0,0,0,1,0.7,0.7,1]],[1,"tw_vfx_b_add",1,[[20,1,-25,[2],3],[9,true,-26,[5],4]],[0,"b8ciGLYRVIi4qffznak2ZN",1,0],[5,432,936],[0,0,0,0,0,0,1,1.6,1.6,1]],[1,"ingot_shine_00",1,[[3,1,2,false,-27,[18],19],[8,-28,[21],20]],[0,"7dRUIFQP5ICYDV3Oh0gL0B",1,0],[5,512,512],[0,-603.085,0,0,0,0,1,1,1,1]],[16,"tw_vfx_a_add",0,4,[[3,1,2,false,-29,[26],27],[9,true,-30,[29],28]],[0,"af4ECc/lRNrqMO992ESd9s",1,0],[5,329,185],[0,-426.313,0,0,0,0,1,1,1,1]],[1,"16",1,[[21,0,-31,[0],1]],[0,"d2wb6yGORL74/uuCqaRVzx",1,0],[5,540,1170],[0,0,0,0,0,0,1,1.341,1.341,1]],[1,"bw_solid_a_add",1,[[3,1,2,false,-32,[6],7]],[0,"faOlQ1sKtLI690aLO4Ak9d",1,0],[5,410,410],[0,175,0,0,0,0,1,1.6,1.6,1]],[1,"bl_icon",2,[[4,2,false,-33,[8],9]],[0,"a1lCpahidPBLspMNnU1eQm",1,0],[5,536,399],[0,-275.342,0,0,0,0,1,1,1,1]],[1,"fs",2,[[2,-34,[10],11]],[0,"6fyIjVUA5ISIx0mSvuobJh",1,0],[5,696,255],[0,-72.748,0,0,0,0,1,1,1,1]],[5,"1",3,[-35],[0,"cfZcNUehdMdJNHoBtK/JAf",1,0],[5,100,0],[0,0.5,0],[-50,-10,0,0,0,0,1,1.2,1.2,1.2]],[6,"New Node",13,[[2,-36,[12],13]],[0,"ad0O2LkgRKdYTNTU/xAJaN",1,0],[5,80,146],[0,0.5,0]],[5,"2",3,[-37],[0,"ff2Ej18/ZLLab8H+oOWJut",1,0],[5,100,0],[0,0.5,0],[50,-10,0,0,0,0,1,1.2,1.2,1.2]],[6,"New Node",15,[[2,-38,[14],15]],[0,"73c371RMtMDaeaw3o7uqtF",1,0],[5,118,147],[0,0.5,0]],[22,"",true,"12",100,1.2,[null,null,null,null,null,null,null,null,null,null,null,null],3],[1,"bl_desc",1,[[2,-39,[16],17]],[0,"85QRgyx4ZPG74JUSvfmnM5",1,0],[5,651,205],[0,-100.556,0,0,0,0,1,1,1,1]],[17,"bg",5,[[4,2,false,-40,[22],23]],[0,"aeYANqQQ1KSaZsvhE47426",1,0],[5,742,201]],[1,"start",5,[[4,2,false,-41,[24],25]],[0,"53vx7AIIFKXavKSF/x28me",1,0],[5,227,72],[0,10.155,0,0,0,0,1,1.3,1.3,1]],[23,5,[[24]]]],0,[0,4,1,0,5,4,0,6,21,0,7,17,0,0,1,0,0,1,0,-1,9,0,-2,6,0,-3,10,0,-4,2,0,-5,18,0,-6,7,0,-7,4,0,-1,11,0,-2,12,0,-3,3,0,-1,17,0,-1,13,0,-2,15,0,-1,5,0,-2,8,0,-1,21,0,-1,19,0,-2,20,0,0,6,0,0,6,0,0,7,0,0,7,0,0,8,0,0,8,0,0,9,0,0,10,0,0,11,0,0,12,0,-1,14,0,0,14,0,-1,16,0,0,16,0,0,18,0,0,19,0,0,20,0,8,1,41],[0,0,0,0,0,0,0,0,0,0,0,0,0,0,0,0,0,0,0,0,0,0,0,0,0,0,0,0,0,0,0,0,17],[-1,1,-1,1,2,-1,-1,1,-1,1,-1,1,-1,1,-1,1,-1,1,-1,1,2,-1,-1,1,-1,1,-1,1,2,-1,2,-1,9],[0,6,0,7,1,1,0,8,0,9,0,10,0,11,0,12,0,13,0,14,2,2,0,15,0,16,0,17,3,3,4,4,18]],[[[11,"effectPopupFS",0.6833333333333333,[{},"paths",11,[{},"bw_solid_a_add",11,[{},"props",11,[{"opacity":[{"frame":0,"value":255},{"frame":0.35,"value":255},{"frame":0.6833333333333333,"value":0}]},"scale",12,[[[{"frame":0},"value",8,[1,0,0,1]],[{"frame":0.6833333333333333},"value",8,[1,4,4,1]]],11,11]]],"ParentInfo",11,[{},"props",11,[{"opacity":[{"frame":0,"value":0},{"frame":0.43333333333333335,"value":255}]},"scale",12,[[[{"frame":0},"value",8,[1,1,1,1]],[{"frame":0.43333333333333335},"value",8,[1,1.3,1.3,1]],[{"frame":0.6666666666666666},"value",8,[1,1,1,1]]],11,11,11]]]]]]],0,0,[],[],[]]]]