[1,["48mfYI5I5Cv4SYIdDgwLnB","d5RjDpNUpNVJIldlXdux8o","91ixC0dexImICYouIGRfoy","fbO1HgzxpA7LKPByDWKSsX","cbjSDevGdIJ5XBmYjSwP7U","43J8oLmGxNkYFK8deZQjdl","5bipHtYzVE4r/4qpBFKHNp"],["_textureSetter","infoboard_lv01","infoboard_lv01_mask","infoboard_lv01_bonus","infoboard_lv02","infoboard_lv03","infoboard_lv01_bonus_mask"],["cc.SpriteFrame",["cc.SpriteAtlas",["_name","_spriteFrames"],2,11]],[[1,0,1,2]],[[[{"name":"infoboard_lv01_bonus_mask","rect":[1517,1,111,112],"offset":[0,0],"originalSize":[111,112],"capInsets":[0,0,0,0]}],[0],0,[0],[0],[0]],[[{"name":"infoboard_lv01_mask","rect":[1517,115,84,76],"offset":[0,0],"originalSize":[84,76],"capInsets":[0,0,0,0]}],[0],0,[0],[0],[0]],[[[0,"Alats26.plist",[{},"infoboard_lv01",6,0,"infoboard_lv01_mask",6,1,"infoboard_lv01_bonus",6,2,"infoboard_lv02",6,3,"infoboard_lv03",6,4,"infoboard_lv01_bonus_mask",6,5]]],0,0,[0,0,0,0,0,0],[1,2,3,4,5,6],[1,2,3,4,5,6]],[[{"name":"infoboard_lv01","rect":[1,140,756,112],"offset":[0,0],"originalSize":[756,112],"capInsets":[0,0,0,0]}],[0],0,[0],[0],[0]],[[{"name":"infoboard_lv01_bonus","rect":[759,132,756,112],"offset":[0,0],"originalSize":[756,112],"capInsets":[0,0,0,0]}],[0],0,[0],[0],[0]]]]