[1,["18TDUuReFAH56ke6AGP8q8","bc/umbHU1BB4YpD+6W5so6","e8uvxklYFEQIyyGuUY8Gcq","f4tw4P59dBooMDtCantbeo","5bWItKc+pBlK8j0+OxFZTU","74OOAbgyNCQogYoJl7wUwR","544KL0nLBCfZqG19FMvjEb","d8oMX0bBlFaoz8dozDODh2","66W1ql7EtO7r7Kgw/TOSO2","9duQrsNelKzYvKnBC7ZI47","2eCazDDaFGgZGqhGmGun/v","caH+Ln4g9HOKR5gEHQdjRW","ebROd4HRNJdq1yuq50H9bT","22hlvhmbBE/576PEgu9tMV","a4tCVI2lFExLpc1HHx96GK","87QI4NdrtIiJlSvE7xnrJd","90pBFZfntDIZnUipsMOVJw","94B4yRTr9LZ7ghaZvZdOWz"],["_textureSetter","win_frame_a_04","win_frame_a_11","win_frame_a_05","win_frame_a_12","win_frame_a_13","win_frame_a_07","win_frame_a_10","win_frame_a_15","win_frame_a_06","win_frame_a_02","win_frame_a_00","win_frame_a_09","win_frame_a_03","win_frame_a_01","win_frame_a_08","win_frame_a_16","win_frame_a_14"],["cc.SpriteFrame",["cc.SpriteAtlas",["_name","_spriteFrames"],2,11]],[[1,0,1,2]],[[[[0,"Alats38.plist",[{},"win_frame_a_04",6,0,"win_frame_a_11",6,1,"win_frame_a_05",6,2,"win_frame_a_12",6,3,"win_frame_a_13",6,4,"win_frame_a_07",6,5,"win_frame_a_10",6,6,"win_frame_a_15",6,7,"win_frame_a_06",6,8,"win_frame_a_02",6,9,"win_frame_a_00",6,10,"win_frame_a_09",6,11,"win_frame_a_03",6,12,"win_frame_a_01",6,13,"win_frame_a_08",6,14,"win_frame_a_16",6,15,"win_frame_a_14",6,16]]],0,0,[0,0,0,0,0,0,0,0,0,0,0,0,0,0,0,0,0],[1,2,3,4,5,6,7,8,9,10,11,12,13,14,15,16,17],[1,2,3,4,5,6,7,8,9,10,11,12,13,14,15,16,17]],[[{"name":"win_frame_a_03","rect":[1,433,130,142],"offset":[3,4],"originalSize":[150,150],"capInsets":[0,0,0,0]}],[0],0,[0],[0],[0]],[[{"name":"win_frame_a_02","rect":[1,289,130,142],"offset":[3,4],"originalSize":[150,150],"capInsets":[0,0,0,0]}],[0],0,[0],[0],[0]],[[{"name":"win_frame_a_07","rect":[133,133,130,142],"offset":[3,4],"originalSize":[150,150],"capInsets":[0,0,0,0]}],[0],0,[0],[0],[0]],[[{"name":"win_frame_a_12","rect":[265,265,130,142],"offset":[3,4],"originalSize":[150,150],"capInsets":[0,0,0,0]}],[0],0,[0],[0],[0]],[[{"name":"win_frame_a_15","rect":[397,397,130,142],"offset":[3,4],"originalSize":[150,150],"capInsets":[0,0,0,0]}],[0],0,[0],[0],[0]],[[{"name":"win_frame_a_13","rect":[265,409,130,142],"offset":[3,4],"originalSize":[150,150],"capInsets":[0,0,0,0]}],[0],0,[0],[0],[0]],[[{"name":"win_frame_a_08","rect":[133,277,130,142],"offset":[3,4],"originalSize":[150,150],"capInsets":[0,0,0,0]}],[0],0,[0],[0],[0]],[[{"name":"win_frame_a_16","rect":[529,397,130,142],"offset":[3,4],"originalSize":[150,150],"capInsets":[0,0,0,0]}],[0],0,[0],[0],[0]],[[{"name":"win_frame_a_14","rect":[397,265,130,142],"offset":[3,4],"originalSize":[150,150],"rotated":1,"capInsets":[0,0,0,0]}],[0],0,[0],[0],[0]],[[{"name":"win_frame_a_06","rect":[421,1,130,142],"offset":[3,4],"originalSize":[150,150],"rotated":1,"capInsets":[0,0,0,0]}],[0],0,[0],[0],[0]],[[{"name":"win_frame_a_01","rect":[1,145,130,142],"offset":[3,4],"originalSize":[150,150],"capInsets":[0,0,0,0]}],[0],0,[0],[0],[0]],[[{"name":"win_frame_a_04","rect":[133,1,130,142],"offset":[3,4],"originalSize":[150,150],"rotated":1,"capInsets":[0,0,0,0]}],[0],0,[0],[0],[0]],[[{"name":"win_frame_a_00","rect":[1,1,130,142],"offset":[3,4],"originalSize":[150,150],"capInsets":[0,0,0,0]}],[0],0,[0],[0],[0]],[[{"name":"win_frame_a_10","rect":[265,133,130,142],"offset":[3,4],"originalSize":[150,150],"rotated":1,"capInsets":[0,0,0,0]}],[0],0,[0],[0],[0]],[[{"name":"win_frame_a_11","rect":[409,133,130,142],"offset":[3,4],"originalSize":[150,150],"rotated":1,"capInsets":[0,0,0,0]}],[0],0,[0],[0],[0]],[[{"name":"win_frame_a_09","rect":[133,421,130,142],"offset":[3,4],"originalSize":[150,150],"capInsets":[0,0,0,0]}],[0],0,[0],[0],[0]],[[{"name":"win_frame_a_05","rect":[277,1,130,142],"offset":[3,4],"originalSize":[150,150],"rotated":1,"capInsets":[0,0,0,0]}],[0],0,[0],[0],[0]]]]