[1,["ecpdLyjvZBwrvm+cedCcQy","8c0bfa09-a830-4380-81b3-5776bf95a7e4@6c48a","8cC/oJqDBDgIGzV3a/lafk"],["root","node","data","_spriteFrame","_textureSetter"],["cc.SpriteFrame",["cc.Prefab",["_name"],2],["cc.Node",["_name","_components","_prefab","_contentSize","_trs"],2,9,4,5,7],["cc.Sprite",["_sizeMode","_isTrimmedMode","node","_materials","_spriteFrame"],1,1,3,6],["cc.PrefabInfo",["root","asset"],3,1,1]],[[1,0,2],[2,0,1,2,3,4,2],[3,0,1,2,3,4,3],[4,0,1,1]],[[[[0,"Coin"],[1,"Coin",[[2,2,false,-2,[0],1]],[3,-1,0],[5,33,36],[-290.813,0,0,0,0,0,1,1,1,1]]],0,[0,0,1,0,1,1,0,2,1,2],[0,0],[-1,3],[0,1]],[[{"name":"9","rect":[0,0,33,36],"offset":[0,0],"originalSize":[33,36],"capInsets":[0,0,0,0]}],[0],0,[0],[4],[2]]]]