[1,["0134yjysZKdJmPcdeJSQb/"],0,[["sp.SkeletonData",["_name","_atlasText","textureNames","_skeletonJson","textures"],-1,3]],[[0,0,1,2,3,4,5]],[[0,"skeleton","\r\nskeleton.png\r\nsize: 512,256\r\nformat: RGBA8888\r\nfilter: Linear,Linear\r\nrepeat: none\r\n2\r\n  rotate: false\r\n  xy: 379, 63\r\n  size: 124, 120\r\n  orig: 124, 120\r\n  offset: 0, 0\r\n  index: -1\r\n3\r\n  rotate: false\r\n  xy: 1, 1\r\n  size: 201, 182\r\n  orig: 201, 182\r\n  offset: 0, 0\r\n  index: -1\r\n4\r\n  rotate: false\r\n  xy: 203, 9\r\n  size: 175, 174\r\n  orig: 175, 174\r\n  offset: 0, 0\r\n  index: -1\r\n",["skeleton.png"],{"skeleton":{"hash":"BaoI6Bf1p/LCEl2jE0jGbEMl9OQ","spine":"3.6.52","width":201,"height":182},"bones":[{"name":"root"},{"name":"2","parent":"root","length":85.11},{"name":"3","parent":"root","length":128.06},{"name":"4","parent":"root","length":98.7,"x":32.59,"y":-33.22},{"name":"5","parent":"root","length":44.95,"x":24.86,"y":41.98},{"name":"6","parent":"root","length":27.83,"x":-49.6,"y":14.2}],"slots":[{"name":"2","bone":"2","attachment":"2"},{"name":"3","bone":"3","attachment":"3"},{"name":"4","bone":"4","attachment":"4"},{"name":"5","bone":"6","attachment":"4"},{"name":"6","bone":"5","attachment":"4"}],"skins":{"default":{"2":{"2":{"width":124,"height":120}},"3":{"3":{"width":201,"height":182}},"4":{"4":{"x":-2.24,"y":-1.12,"scaleX":0.4,"scaleY":0.4,"rotation":-110.04,"width":175,"height":174}},"5":{"4":{"x":0.5,"y":-0.43,"scaleX":0.2,"scaleY":0.2,"width":175,"height":174}},"6":{"4":{"x":1.01,"y":-0.23,"scaleX":0.3,"scaleY":0.3,"width":175,"height":174}}}},"animations":{"animation":{"slots":{"2":{"color":[{"time":0,"color":"ffffffff"},{"time":1.2333,"color":"ffffff80"},{"time":2.5,"color":"ffffffff"},{"time":3.7333,"color":"ffffff84"},{"time":5,"color":"ffffffff"}]}},"bones":{"2":{"rotate":[{"time":0,"angle":0},{"time":1.2333,"angle":90},{"time":2.5,"angle":180},{"time":3.7333,"angle":-90},{"time":5,"angle":0}],"scale":[{"time":0,"x":1,"y":1},{"time":0.5,"x":0.9,"y":0.9},{"time":1,"x":1,"y":1},{"time":1.5,"x":0.9,"y":0.9},{"time":2,"x":1,"y":1},{"time":2.5,"x":0.9,"y":0.9},{"time":3,"x":1,"y":1},{"time":3.5,"x":0.9,"y":0.9},{"time":4,"x":1,"y":1},{"time":4.5,"x":0.9,"y":0.9},{"time":5,"x":1,"y":1}]},"3":{"rotate":[{"time":0,"angle":0},{"time":2.5,"angle":180},{"time":5,"angle":0}],"scale":[{"time":0,"x":1,"y":1},{"time":0.5,"x":0.9,"y":0.9},{"time":1,"x":1,"y":1},{"time":1.5,"x":0.9,"y":0.9},{"time":2,"x":1,"y":1},{"time":2.5,"x":0.9,"y":0.9},{"time":3,"x":1,"y":1},{"time":3.5,"x":0.9,"y":0.9},{"time":4,"x":1,"y":1},{"time":4.5,"x":0.9,"y":0.9},{"time":5,"x":1,"y":1}]},"4":{"rotate":[{"time":0,"angle":0},{"time":0.2667,"angle":120},{"time":0.5,"angle":-120},{"time":2,"angle":0},{"time":2.2667,"angle":120},{"time":2.5,"angle":-120},{"time":3.8333,"angle":0},{"time":4.1,"angle":120},{"time":4.3333,"angle":-120}],"scale":[{"time":0,"x":0,"y":0},{"time":0.1667,"x":1,"y":1},{"time":0.5,"x":0,"y":0,"curve":"stepped"},{"time":2,"x":0,"y":0},{"time":2.1667,"x":1,"y":1},{"time":2.5,"x":0,"y":0,"curve":"stepped"},{"time":3.8333,"x":0,"y":0},{"time":4,"x":1,"y":1},{"time":4.3333,"x":0,"y":0}]},"5":{"rotate":[{"time":0.5667,"angle":0,"curve":"stepped"},{"time":0.7333,"angle":0},{"time":0.9667,"angle":-120},{"time":2.4,"angle":0},{"time":2.5667,"angle":120},{"time":2.8,"angle":-120},{"time":4.0667,"angle":0},{"time":4.2333,"angle":120},{"time":4.4667,"angle":-120}],"scale":[{"time":0,"x":0,"y":0,"curve":"stepped"},{"time":0.5667,"x":0,"y":0},{"time":0.7333,"x":1,"y":1},{"time":0.9667,"x":0,"y":0,"curve":"stepped"},{"time":2.4,"x":0,"y":0},{"time":2.5667,"x":1,"y":1},{"time":2.8,"x":0,"y":0,"curve":"stepped"},{"time":4.0667,"x":0,"y":0},{"time":4.2333,"x":1,"y":1},{"time":4.4667,"x":0,"y":0}]},"6":{"rotate":[{"time":0.9333,"angle":0,"curve":"stepped"},{"time":1.1,"angle":0},{"time":1.3333,"angle":-120},{"time":2.6,"angle":0},{"time":2.7667,"angle":120},{"time":3,"angle":-120},{"time":4.3333,"angle":0},{"time":4.5333,"angle":120},{"time":4.7667,"angle":-120}],"scale":[{"time":0,"x":0,"y":0,"curve":"stepped"},{"time":0.9333,"x":0,"y":0},{"time":1.1,"x":1,"y":1},{"time":1.3333,"x":0,"y":0,"curve":"stepped"},{"time":2.6,"x":0,"y":0},{"time":2.7667,"x":1,"y":1},{"time":3,"x":0,"y":0,"curve":"stepped"},{"time":4.3333,"x":0,"y":0},{"time":4.5333,"x":1,"y":1},{"time":4.7667,"x":0,"y":0}]}}}}},[0]]],0,0,[0],[-1],[0]]