[1,["ecpdLyjvZBwrvm+cedCcQy","67c5JT2s1JMKkvt3Hj7kxX","9aKbtuK/pI3qU26S+Moql3","2chT79vrtHc5ozhLLC9Tfy","e73BIm0nVO7IfBFvke4olg"],["node","root","toastLabel","data","_spriteFrame","_defaultClip","_textureSetter"],[["cc.PrefabInfo",["fileId","root","asset"],2,1,1],"cc.SpriteFrame",["cc.AnimationClip",["_name","_duration","curveData"],0],["cc.Prefab",["_name"],2],["cc.Node",["_name","_children","_components","_prefab","_contentSize"],2,2,9,4,5],["cc.Node",["_name","_parent","_components","_prefab","_contentSize"],2,1,2,4,5],["cc.Sprite",["_sizeMode","node","_materials","_spriteFrame"],2,1,3,6],["cc.Animation",["node","_clips","_defaultClip"],3,1,3,6],["15a80ZyApxFVqRdvZVla5Nn",["node","toastLabel"],3,1,1],["cc.Label",["_string","_fontSize","_isSystemFontUsed","_N$horizontalAlign","_N$verticalAlign","node","_materials"],-2,1,3]],[[2,0,1,2,4],[3,0,2],[4,0,1,2,3,4,2],[5,0,1,2,3,4,2],[6,0,1,2,3,2],[7,0,1,2,1],[8,0,1,1],[0,1,2,1],[0,0,1,2,2],[9,0,1,2,3,4,5,6,6]],[[[[0,"HideToastAnimation",0.17,{"props":{"scaleX":[{"frame":0,"value":1},{"frame":0.16666666666666666,"value":1.2}],"scaleY":[{"frame":0,"value":1},{"frame":0.16666666666666666,"value":1.2}],"opacity":[{"frame":0,"value":255},{"frame":0.16666666666666666,"value":0}]}}]],0,0,[],[],[]],[[[0,"ShowToastAnimation",0.16666666666666666,{"props":{"scaleX":[{"frame":0,"value":1.2},{"frame":0.16666666666666666,"value":1}],"scaleY":[{"frame":0,"value":1.2},{"frame":0.16666666666666666,"value":1}],"opacity":[{"frame":0,"value":0},{"frame":0.16666666666666666,"value":255}]}}]],0,0,[],[],[]],[[[1,"toast-prefab"],[2,"toast-prefab",[-6],[[4,0,-2,[1],2],[5,-3,[4,5],3],[6,-5,-4]],[7,-1,0],[5,640,56]],[3,"toast-label",1,[-7],[8,"fe9DNtfnZG+o5Swn77t2vC",1,0],[5,196.01,50.4]],[9,"Thông báo nhanh",25,false,1,1,2,[0]]],0,[0,1,1,0,0,1,0,0,1,0,2,3,0,0,1,0,-1,2,0,-1,3,0,3,1,7],[0,0,0,0,0,0],[-1,-1,4,5,-1,-2],[0,0,2,1,3,1]],[[{"name":"bg_thong_bao","rect":[0,0,708,103],"offset":[0,0],"originalSize":[708,103],"capInsets":[0,0,0,0]}],[1],0,[0],[6],[4]]]]