[1,["4cJsp3oRZAW6EIShfanZbz","56myryLxBGAq2XrQowmmU/","f99s2ubwJFn7qsqecoIL35","b2/leKRqFNoJqbNSiDXf+T","a2cHz2ihFB/78NGreepjP/","baC+hO2p1KU4xOjrUMrD0d","90c2GrU7REwLuzRedBWZJ4","d7yzddX79Cj7kqqfLUsvOx","f6eBG6n7dCzrltwFZwzrbD","b37jw5UY1M5YOsCfthZ5Di","c0m5ApKS9LvIV8+F0ScdU6","91YU6+YM9F9ofm6iWUhrB8","234vUU0mJAaaP3dDf+uBHj","1c7oETy+pKv4Hpb2xzqpci","ceyU2+aOhBkYu7cojuTFpU","9bcbTr/HZAraG7LiGoDQ6N","c3UT4MUoZN8YCtWVHGX2br","45ZR6EBKtBNrFcf81T/Q0B","abS2Ro+ttLCIYzgFxFyKDd","96PPUgvqlPt53zvv4XoD9X"],["_textureSetter","x-per-10","x-per-2","x-per-3","x-per-4","x-per-5","x-per-6","x-per-7","x-per-8","x-per-9","x-per-bg","x-per-mini-10","x-per-mini-2","x-per-mini-3","x-per-mini-4","x-per-mini-5","x-per-mini-6","x-per-mini-7","x-per-mini-8","x-per-mini-9"],["cc.SpriteFrame",["cc.SpriteAtlas",["_name","_spriteFrames"],2,11]],[[1,0,1,2]],[[[{"name":"x-per-mini-3","rect":[153,447,32,32],"offset":[0,0],"originalSize":[32,32],"capInsets":[0,0,0,0]}],[0],0,[0],[0],[0]],[[{"name":"x-per-mini-2","rect":[81,447,38,38],"offset":[0,0],"originalSize":[38,38],"capInsets":[0,0,0,0]}],[0],0,[0],[0],[0]],[[{"name":"x-per-mini-7","rect":[175,180,32,32],"offset":[0,0],"originalSize":[32,32],"capInsets":[0,0,0,0]}],[0],0,[0],[0],[0]],[[{"name":"x-per-10","rect":[0,180,93,88],"offset":[0,0],"originalSize":[93,88],"capInsets":[0,0,0,0]}],[0],0,[0],[0],[0]],[[{"name":"x-per-6","rect":[162,269,80,88],"offset":[0,0],"originalSize":[80,88],"capInsets":[0,0,0,0]}],[0],0,[0],[0],[0]],[[{"name":"x-per-mini-9","rect":[202,66,32,32],"offset":[0,0],"originalSize":[32,32],"capInsets":[0,0,0,0]}],[0],0,[0],[0],[0]],[[{"name":"x-per-mini-5","rect":[175,213,32,32],"offset":[0,0],"originalSize":[32,32],"capInsets":[0,0,0,0]}],[0],0,[0],[0],[0]],[[{"name":"x-per-4","rect":[0,325,80,88],"offset":[0,0],"originalSize":[80,88],"capInsets":[0,0,0,0]}],[0],0,[0],[0],[0]],[[{"name":"x-per-mini-8","rect":[202,33,32,32],"offset":[0,0],"originalSize":[32,32],"capInsets":[0,0,0,0]}],[0],0,[0],[0],[0]],[[[0,"mini-game-x-per.plist",[{},"x-per-10",6,0,"x-per-2",6,1,"x-per-3",6,2,"x-per-4",6,3,"x-per-5",6,4,"x-per-6",6,5,"x-per-7",6,6,"x-per-8",6,7,"x-per-9",6,8,"x-per-bg",6,9,"x-per-mini-10",6,10,"x-per-mini-2",6,11,"x-per-mini-3",6,12,"x-per-mini-4",6,13,"x-per-mini-5",6,14,"x-per-mini-6",6,15,"x-per-mini-7",6,16,"x-per-mini-8",6,17,"x-per-mini-9",6,18]]],0,0,[0,0,0,0,0,0,0,0,0,0,0,0,0,0,0,0,0,0,0],[1,2,3,4,5,6,7,8,9,10,11,12,13,14,15,16,17,18,19],[1,2,3,4,5,6,7,8,9,10,11,12,13,14,15,16,17,18,19]],[[{"name":"x-per-3","rect":[81,269,80,88],"offset":[0,0],"originalSize":[80,88],"capInsets":[0,0,0,0]}],[0],0,[0],[0],[0]],[[{"name":"x-per-9","rect":[162,358,80,88],"offset":[0,0],"originalSize":[80,88],"capInsets":[0,0,0,0]}],[0],0,[0],[0],[0]],[[{"name":"x-per-5","rect":[0,414,80,88],"offset":[0,0],"originalSize":[80,88],"capInsets":[0,0,0,0]}],[0],0,[0],[0],[0]],[[{"name":"x-per-bg","rect":[0,0,201,179],"offset":[0,0],"originalSize":[201,179],"capInsets":[0,0,0,0]}],[0],0,[0],[0],[0]],[[{"name":"x-per-mini-6","rect":[186,447,32,32],"offset":[0,0],"originalSize":[32,32],"capInsets":[0,0,0,0]}],[0],0,[0],[0],[0]],[[{"name":"x-per-mini-4","rect":[120,447,32,32],"offset":[0,0],"originalSize":[32,32],"capInsets":[0,0,0,0]}],[0],0,[0],[0],[0]],[[{"name":"x-per-7","rect":[94,180,80,88],"offset":[0,0],"originalSize":[80,88],"capInsets":[0,0,0,0]}],[0],0,[0],[0],[0]],[[{"name":"x-per-8","rect":[81,358,80,88],"offset":[0,0],"originalSize":[80,88],"capInsets":[0,0,0,0]}],[0],0,[0],[0],[0]],[[{"name":"x-per-2","rect":[0,269,80,55],"offset":[0,0],"originalSize":[80,55],"capInsets":[0,0,0,0]}],[0],0,[0],[0],[0]]]]