[
  1,
  [
    "a8tRuABTFJn5hRo3mXr7vj",
    "25cpQYLHVF4JifZH1meC0c",
    "16HXlWfo9Bp5EBTsjibP6y",
    "519bDb1wpD5Ja9W2OBH7sl",
    "01gyvLuGtHjJn/XvA5rByR",
    "8b+KJnzC9BfI7S33zYR0pJ",
    "683aVlnCtAh5kXOe7mpZLc",
    "deEiy9y8RHvbKUPPz+mTfp",
    "29pmHZCQ1EQZQ2gt+laNFq",
    "a2w4a1hOZH7YWOtA+DzmQO",
    "ce1ok1iiZODJq0rK3gLmiC",
    "6cMOisrl9JjKuXM7aeLgxc",
    "31HpR81/FGBZ2WNyc9v25h",
    "2dxRxFHzlFJJikOhGLMiec",
    "0fktBza3tM/7Bxr0WqZdDw",
    "edqgf0HqlMupUyYbR1+Vf9",
    "f7rNU8Mv1IPrtUHbBxG6ZE",
    "d4F8hN1LhGya6mUzqo5tUF",
    "51PAX/WJNE2IpBxu3t/cV0",
    "a9+7yROEBMwpnhKMRDCSGF",
    "94TFqzODNMoaV7CGa45PtF",
    "11TGASwGtNup3LN/UpPKqw",
    "d4X+xkTeFA7L7XQjW7Q3lY",
    "fbXcOqgZBCN7BxXMWLpOM4",
    "f7mxWcBwpEfovxQiac4DZa",
    "35GWM1erZKYKrQUTRN/0F3",
    "c2IU5nUJ9EO7XkW/1PhWeY",
    "6aBXK7xVNLOYUYvgabcbjZ",
    "936CK6NNlPxIA1z8GMbkA8",
    "b6hL3cctNPpY7lbXa62Hg+"
  ],
  [
    "value"
  ],
  [
    [
      "cc.AnimationClip",
      [
        "_name",
        "_duration",
        "sample",
        "wrapMode",
        "curveData"
      ],
      -1,
      11
    ]
  ],
  [
    [
      0,
      0,
      1,
      2,
      3,
      4,
      5
    ]
  ],
  [
    [
      0,
      "lakeShikl",
      1.6,
      20,
      2,
      [
        {},
        "comps",
        11,
        [
          {},
          "cc.Sprite",
          11,
          [
            {},
            "spriteFrame",
            12,
            [
              [
                [
                  {
                    "frame": 0
                  },
                  "value",
                  6,
                  0
                ],
                [
                  {
                    "frame": 0.05
                  },
                  "value",
                  6,
                  1
                ],
                [
                  {
                    "frame": 0.1
                  },
                  "value",
                  6,
                  2
                ],
                [
                  {
                    "frame": 0.15
                  },
                  "value",
                  6,
                  3
                ],
                [
                  {
                    "frame": 0.3
                  },
                  "value",
                  6,
                  4
                ],
                [
                  {
                    "frame": 0.35
                  },
                  "value",
                  6,
                  5
                ],
                [
                  {
                    "frame": 0.4
                  },
                  "value",
                  6,
                  6
                ],
                [
                  {
                    "frame": 0.45
                  },
                  "value",
                  6,
                  7
                ],
                [
                  {
                    "frame": 0.5
                  },
                  "value",
                  6,
                  8
                ],
                [
                  {
                    "frame": 0.55
                  },
                  "value",
                  6,
                  9
                ],
                [
                  {
                    "frame": 0.6
                  },
                  "value",
                  6,
                  10
                ],
                [
                  {
                    "frame": 0.65
                  },
                  "value",
                  6,
                  11
                ],
                [
                  {
                    "frame": 0.7
                  },
                  "value",
                  6,
                  12
                ],
                [
                  {
                    "frame": 0.75
                  },
                  "value",
                  6,
                  13
                ],
                [
                  {
                    "frame": 0.8
                  },
                  "value",
                  6,
                  14
                ],
                [
                  {
                    "frame": 0.85
                  },
                  "value",
                  6,
                  15
                ],
                [
                  {
                    "frame": 0.9
                  },
                  "value",
                  6,
                  16
                ],
                [
                  {
                    "frame": 0.95
                  },
                  "value",
                  6,
                  17
                ],
                [
                  {
                    "frame": 1
                  },
                  "value",
                  6,
                  18
                ],
                [
                  {
                    "frame": 1.05
                  },
                  "value",
                  6,
                  19
                ],
                [
                  {
                    "frame": 1.1
                  },
                  "value",
                  6,
                  20
                ],
                [
                  {
                    "frame": 1.15
                  },
                  "value",
                  6,
                  21
                ],
                [
                  {
                    "frame": 1.2
                  },
                  "value",
                  6,
                  22
                ],
                [
                  {
                    "frame": 1.25
                  },
                  "value",
                  6,
                  23
                ],
                [
                  {
                    "frame": 1.3
                  },
                  "value",
                  6,
                  24
                ],
                [
                  {
                    "frame": 1.35
                  },
                  "value",
                  6,
                  25
                ],
                [
                  {
                    "frame": 1.4
                  },
                  "value",
                  6,
                  26
                ],
                [
                  {
                    "frame": 1.45
                  },
                  "value",
                  6,
                  27
                ],
                [
                  {
                    "frame": 1.5
                  },
                  "value",
                  6,
                  28
                ],
                [
                  {
                    "frame": 1.55
                  },
                  "value",
                  6,
                  29
                ]
              ],
              11,
              11,
              11,
              11,
              11,
              11,
              11,
              11,
              11,
              11,
              11,
              11,
              11,
              11,
              11,
              11,
              11,
              11,
              11,
              11,
              11,
              11,
              11,
              11,
              11,
              11,
              11,
              11,
              11,
              11
            ]
          ]
        ]
      ]
    ]
  ],
  0,
  0,
  [
    0,
    0,
    0,
    0,
    0,
    0,
    0,
    0,
    0,
    0,
    0,
    0,
    0,
    0,
    0,
    0,
    0,
    0,
    0,
    0,
    0,
    0,
    0,
    0,
    0,
    0,
    0,
    0,
    0,
    0
  ],
  [
    0,
    0,
    0,
    0,
    0,
    0,
    0,
    0,
    0,
    0,
    0,
    0,
    0,
    0,
    0,
    0,
    0,
    0,
    0,
    0,
    0,
    0,
    0,
    0,
    0,
    0,
    0,
    0,
    0,
    0
  ],
  [
    0,
    1,
    2,
    3,
    4,
    5,
    6,
    7,
    8,
    9,
    10,
    11,
    12,
    13,
    14,
    15,
    16,
    17,
    18,
    19,
    20,
    21,
    22,
    23,
    24,
    25,
    26,
    27,
    28,
    29
  ]
]