[1,["31RH/0YbJK752EjSEcnrb7","adtsswXnlCuolILNdbM7pO","4cAMPhj1RI9a7mxSr07oDI","1cVHDkqXRLHq8igwWIoAP9","83cim/Ns9B+qvwtAdrN1bn","1eWOT1WetCvJstLwb+GNpo","69oLXQ8OhITIhpDxr1jjDT"],["_textureSetter","s_scatter_b_blur","s_wild_a_blur","s_wild_c_blur","s_wild_b_blur","s_scatter_a_blur","s_scatter_blur"],["cc.SpriteFrame",["cc.SpriteAtlas",["_name","_spriteFrames"],2,11]],[[1,0,1,2]],[[[{"name":"s_wild_c_blur","rect":[188,1,92,290],"offset":[0,0],"originalSize":[240,380],"rotated":1,"capInsets":[0,0,0,0]}],[0],0,[0],[0],[0]],[[{"name":"s_scatter_a_blur","rect":[396,95,91,97],"offset":[0,0],"originalSize":[175,175],"capInsets":[0,0,0,0]}],[0],0,[0],[0],[0]],[[[0,"Alats62.plist",[{},"s_scatter_b_blur",6,0,"s_wild_a_blur",6,1,"s_wild_c_blur",6,2,"s_wild_b_blur",6,3,"s_scatter_a_blur",6,4,"s_scatter_blur",6,5]]],0,0,[0,0,0,0,0,0],[1,2,3,4,5,6],[1,2,3,4,5,6]],[[{"name":"s_wild_a_blur","rect":[302,95,92,110],"offset":[0,0],"originalSize":[240,240],"capInsets":[0,0,0,0]}],[0],0,[0],[0],[0]],[[{"name":"s_scatter_blur","rect":[188,95,124,112],"offset":[0,0],"originalSize":[240,240],"rotated":1,"capInsets":[0,0,0,0]}],[0],0,[0],[0],[0]],[[{"name":"s_wild_b_blur","rect":[1,1,92,202],"offset":[0,0],"originalSize":[240,240],"capInsets":[0,0,0,0]}],[0],0,[0],[0],[0]],[[{"name":"s_scatter_b_blur","rect":[95,1,91,188],"offset":[0,0],"originalSize":[175,368],"capInsets":[0,0,0,0]}],[0],0,[0],[0],[0]]]]