[1,["6aQOJombBP2bfP4re7op20","53molU9DxK55ZaX4ytlORw","16qzH56mhN5aDnGu7Vnxlc","a2mcEQNHNGupdBrd5lg91j","b2mFZw+RhBmLd9oFrp7fum","f3AIL59CRBFppXVnr33CTE","07gDbD5KhIsbkExgRGmP0m","c51ocAHwpE6Zyf7CJT85Sa","f6be+CqAlK16489FWZgMb3","13tJ/BzyZGeLaPFoywZzqO","dcRfI4AhhB46U2RNwbM5e2"],["_textureSetter","info_7","info_6","info_5","info_4","info_9","info_3","info_2","info_0","info_8","info_1"],["cc.SpriteFrame",["cc.SpriteAtlas",["_name","_spriteFrames"],2,11]],[[1,0,1,2]],[[[{"name":"info_3","rect":[99,1,22,20],"offset":[0,0],"originalSize":[22,20],"capInsets":[0,0,0,0]}],[0],0,[0],[0],[0]],[[{"name":"info_8","rect":[171,1,22,20],"offset":[0,0],"originalSize":[22,20],"capInsets":[0,0,0,0]}],[0],0,[0],[0],[0]],[[{"name":"info_6","rect":[1,1,23,20],"offset":[0,0],"originalSize":[23,20],"capInsets":[0,0,0,0]}],[0],0,[0],[0],[0]],[[[0,"Alats63.plist",[{},"info_7",6,0,"info_6",6,1,"info_5",6,2,"info_4",6,3,"info_9",6,4,"info_3",6,5,"info_2",6,6,"info_0",6,7,"info_8",6,8,"info_1",6,9]]],0,0,[0,0,0,0,0,0,0,0,0,0],[1,2,3,4,5,6,7,8,9,10],[1,2,3,4,5,6,7,8,9,10]],[[{"name":"info_7","rect":[195,1,21,20],"offset":[0,0],"originalSize":[21,20],"capInsets":[0,0,0,0]}],[0],0,[0],[0],[0]],[[{"name":"info_5","rect":[147,1,22,20],"offset":[0,0],"originalSize":[22,20],"capInsets":[0,0,0,0]}],[0],0,[0],[0],[0]],[[{"name":"info_4","rect":[123,1,22,20],"offset":[0,0],"originalSize":[22,20],"capInsets":[0,0,0,0]}],[0],0,[0],[0],[0]],[[{"name":"info_2","rect":[75,1,22,20],"offset":[0,0],"originalSize":[22,20],"capInsets":[0,0,0,0]}],[0],0,[0],[0],[0]],[[{"name":"info_1","rect":[218,1,12,20],"offset":[0,0],"originalSize":[12,20],"capInsets":[0,0,0,0]}],[0],0,[0],[0],[0]],[[{"name":"info_9","rect":[26,1,23,20],"offset":[0,0],"originalSize":[23,20],"capInsets":[0,0,0,0]}],[0],0,[0],[0],[0]],[[{"name":"info_0","rect":[51,1,22,20],"offset":[0,0],"originalSize":[22,20],"capInsets":[0,0,0,0]}],[0],0,[0],[0],[0]]]]