[1,["1cfxMZsnJKGJeh3HLS5Hc4","88bBt5myxBqJR/gSFY7zcl","6cMbEdY7dITY7+d1kFxYj8","5385B0rJ9F07rYbaNqW921","e9l+NpzpBGv7AWFDOKabUp"],["_textureSetter","mtp_vfx_b_fast_screen_02","mtp_vfx_b_fast_screen_03","mtp_vfx_b_fast_screen_00","mtp_vfx_b_fast_screen_01"],["cc.SpriteFrame",["cc.SpriteAtlas",["_name","_spriteFrames"],2,11]],[[1,0,1,2]],[[[{"name":"mtp_vfx_b_fast_screen_00","rect":[1,1,213,138],"offset":[5,0],"originalSize":[247,172],"capInsets":[0,0,0,0]}],[0],0,[0],[0],[0]],[[[0,"Alats57.plist",[{},"mtp_vfx_b_fast_screen_02",6,0,"mtp_vfx_b_fast_screen_03",6,1,"mtp_vfx_b_fast_screen_00",6,2,"mtp_vfx_b_fast_screen_01",6,3]]],0,0,[0,0,0,0],[1,2,3,4],[1,2,3,4]],[[{"name":"mtp_vfx_b_fast_screen_03","rect":[1,141,187,134],"offset":[-5,0],"originalSize":[247,172],"rotated":1,"capInsets":[0,0,0,0]}],[0],0,[0],[0],[0]],[[{"name":"mtp_vfx_b_fast_screen_02","rect":[137,212,199,128],"offset":[4,0],"originalSize":[247,172],"capInsets":[0,0,0,0]}],[0],0,[0],[0],[0]],[[{"name":"mtp_vfx_b_fast_screen_01","rect":[216,1,209,134],"offset":[5,0],"originalSize":[247,172],"rotated":1,"capInsets":[0,0,0,0]}],[0],0,[0],[0],[0]]]]