[1,["30aXUiSm9LmKNe4VWZbyh6","be7Oru3MFMW4USwrfSfZpX","d8z8hvkHFAc4bdcOskeMie","cfmomSF/BMMJmppfIr28EX","f6UUtkPnJCwKV+JuHNQCQ0","09qtNXZGRJap7aQT1Bgo8h","d4/YpnCMhMsZoHiQoritMr","28HMVvlF1PR7TBHcZaU4Rk","87Vqug7slCj61n5lTvGRGU","17Kb6MtkdHt7rQw7JZyMJs"],["_textureSetter","txt_x2","txt_x7","txt_x3","txt_x10","txt_x9","txt_x6","txt_x4","txt_x8","txt_x5"],["cc.SpriteFrame",["cc.SpriteAtlas",["_name","_spriteFrames"],2,11]],[[1,0,1,2]],[[[{"name":"txt_x9","rect":[933,1,180,122],"offset":[0,0],"originalSize":[350,350],"capInsets":[0,0,0,0]}],[0],0,[0],[0],[0]],[[{"name":"txt_x5","rect":[387,1,180,122],"offset":[1,1],"originalSize":[350,350],"capInsets":[0,0,0,0]}],[0],0,[0],[0],[0]],[[{"name":"txt_x4","rect":[205,1,180,122],"offset":[0,1],"originalSize":[350,350],"capInsets":[0,0,0,0]}],[0],0,[0],[0],[0]],[[{"name":"txt_x8","rect":[1295,1,178,122],"offset":[0,0],"originalSize":[350,350],"capInsets":[0,0,0,0]}],[0],0,[0],[0],[0]],[[{"name":"txt_x2","rect":[1115,1,178,122],"offset":[0,0],"originalSize":[350,350],"capInsets":[0,0,0,0]}],[0],0,[0],[0],[0]],[[{"name":"txt_x3","rect":[1475,1,176,122],"offset":[-1,0],"originalSize":[350,350],"capInsets":[0,0,0,0]}],[0],0,[0],[0],[0]],[[{"name":"txt_x6","rect":[569,1,180,122],"offset":[0,1],"originalSize":[350,350],"capInsets":[0,0,0,0]}],[0],0,[0],[0],[0]],[[{"name":"txt_x7","rect":[751,1,180,122],"offset":[0,0],"originalSize":[350,350],"capInsets":[0,0,0,0]}],[0],0,[0],[0],[0]],[[[0,"Alats17.plist",[{},"txt_x2",6,0,"txt_x7",6,1,"txt_x3",6,2,"txt_x10",6,3,"txt_x9",6,4,"txt_x6",6,5,"txt_x4",6,6,"txt_x8",6,7,"txt_x5",6,8]]],0,0,[0,0,0,0,0,0,0,0,0],[1,2,3,4,5,6,7,8,9],[1,2,3,4,5,6,7,8,9]]]]