[
  1,
  [
    "8eKoMQBcJBe6e8gagvt4MH",
    "acSrhu/hhCupKUkD9dsGFV"
  ],
  [
    "spriteFrame",
    "_textureSetter"
  ],
  [
    "cc.SpriteFrame",
    [
      "cc.BitmapFont",
      [
        "_name",
        "fontSize",
        "_fntConfig"
      ],
      0
    ]
  ],
  [
    [
      1,
      0,
      1,
      2,
      4
    ]
  ],
  [
    [
      [
        [
          0,
          "FontNumberHit",
          80,
          {
            "commonHeight": 80,
            "fontSize": 80,
            "atlasName": "FontNumberHit.png",
            "fontDefDictionary": {
              "9": {
                "xOffset": 0,
                "yOffset": 0,
                "xAdvance": 160,
                "rect": {
                  "x": 0,
                  "y": 0,
                  "width": 0,
                  "height": 0
                }
              },
              "32": {
                "xOffset": 0,
                "yOffset": 0,
                "xAdvance": 20,
                "rect": {
                  "x": 0,
                  "y": 0,
                  "width": 0,
                  "height": 0
                }
              },
              "46": {
                "xOffset": 0,
                "yOffset": 47,
                "xAdvance": 38,
                "rect": {
                  "x": 0,
                  "y": 222,
                  "width": 37,
                  "height": 32
                }
              },
              "48": {
                "xOffset": 0,
                "yOffset": -30,
                "xAdvance": 83,
                "rect": {
                  "x": 0,
                  "y": 110,
                  "width": 82,
                  "height": 110
                }
              },
              "49": {
                "xOffset": 0,
                "yOffset": -30,
                "xAdvance": 59,
                "rect": {
                  "x": 328,
                  "y": 110,
                  "width": 58,
                  "height": 109
                }
              },
              "50": {
                "xOffset": 0,
                "yOffset": -30,
                "xAdvance": 77,
                "rect": {
                  "x": 326,
                  "y": 0,
                  "width": 76,
                  "height": 109
                }
              },
              "51": {
                "xOffset": 0,
                "yOffset": -30,
                "xAdvance": 83,
                "rect": {
                  "x": 166,
                  "y": 0,
                  "width": 82,
                  "height": 110
                }
              },
              "52": {
                "xOffset": 0,
                "yOffset": -30,
                "xAdvance": 84,
                "rect": {
                  "x": 0,
                  "y": 0,
                  "width": 83,
                  "height": 109
                }
              },
              "53": {
                "xOffset": 0,
                "yOffset": -28,
                "xAdvance": 82,
                "rect": {
                  "x": 84,
                  "y": 0,
                  "width": 81,
                  "height": 108
                }
              },
              "54": {
                "xOffset": 0,
                "yOffset": -30,
                "xAdvance": 81,
                "rect": {
                  "x": 166,
                  "y": 111,
                  "width": 80,
                  "height": 110
                }
              },
              "55": {
                "xOffset": 0,
                "yOffset": -28,
                "xAdvance": 77,
                "rect": {
                  "x": 249,
                  "y": 0,
                  "width": 76,
                  "height": 107
                }
              },
              "56": {
                "xOffset": 0,
                "yOffset": -30,
                "xAdvance": 83,
                "rect": {
                  "x": 83,
                  "y": 110,
                  "width": 82,
                  "height": 110
                }
              },
              "57": {
                "xOffset": 0,
                "yOffset": -30,
                "xAdvance": 81,
                "rect": {
                  "x": 247,
                  "y": 111,
                  "width": 80,
                  "height": 110
                }
              }
            },
            "kerningDict": {}
          }
        ]
      ],
      0,
      0,
      [
        0
      ],
      [
        0
      ],
      [
        0
      ]
    ],
    [
      [
        {
          "name": "FontNumberHit",
          "rect": [
            0,
            0,
            402,
            254
          ],
          "offset": [
            -55,
            1
          ],
          "originalSize": [
            512,
            256
          ],
          "capInsets": [
            0,
            0,
            0,
            0
          ]
        }
      ],
      [
        0
      ],
      0,
      [
        0
      ],
      [
        1
      ],
      [
        1
      ]
    ]
  ]
]