[1,["aflM8zi7ZE64neHo0BcceX"],["_textureSetter"],["cc.SpriteFrame"],0,[[[{"name":"wh_vfx_d_02_19","rect":[1503,333,167,333],"offset":[0,0],"originalSize":[167,333],"capInsets":[0,0,0,0]}],[0],0,[0],[0],[0]],[[{"name":"wh_vfx_d_02_05","rect":[835,0,167,333],"offset":[0,0],"originalSize":[167,333],"capInsets":[0,0,0,0]}],[0],0,[0],[0],[0]],[[{"name":"wh_vfx_d_02_22","rect":[334,666,167,333],"offset":[0,0],"originalSize":[167,333],"capInsets":[0,0,0,0]}],[0],0,[0],[0],[0]],[[{"name":"wh_vfx_d_02_12","rect":[334,333,167,333],"offset":[0,0],"originalSize":[167,333],"capInsets":[0,0,0,0]}],[0],0,[0],[0],[0]],[[{"name":"wh_vfx_d_02_24","rect":[668,666,167,333],"offset":[0,0],"originalSize":[167,333],"capInsets":[0,0,0,0]}],[0],0,[0],[0],[0]],[[{"name":"wh_vfx_d_02_17","rect":[1169,333,167,333],"offset":[0,0],"originalSize":[167,333],"capInsets":[0,0,0,0]}],[0],0,[0],[0],[0]],[[{"name":"wh_vfx_d_02_07","rect":[1169,0,167,333],"offset":[0,0],"originalSize":[167,333],"capInsets":[0,0,0,0]}],[0],0,[0],[0],[0]],[[{"name":"wh_vfx_d_02_10","rect":[0,333,167,333],"offset":[0,0],"originalSize":[167,333],"capInsets":[0,0,0,0]}],[0],0,[0],[0],[0]],[[{"name":"wh_vfx_d_02_16","rect":[1002,333,167,333],"offset":[0,0],"originalSize":[167,333],"capInsets":[0,0,0,0]}],[0],0,[0],[0],[0]],[[{"name":"wh_vfx_d_02_28","rect":[1336,666,167,333],"offset":[0,0],"originalSize":[167,333],"capInsets":[0,0,0,0]}],[0],0,[0],[0],[0]],[[{"name":"wh_vfx_d_02_01","rect":[167,0,167,333],"offset":[0,0],"originalSize":[167,333],"capInsets":[0,0,0,0]}],[0],0,[0],[0],[0]],[[{"name":"wh_vfx_d_02_26","rect":[1002,666,167,333],"offset":[0,0],"originalSize":[167,333],"capInsets":[0,0,0,0]}],[0],0,[0],[0],[0]],[[{"name":"wh_vfx_d_02_14","rect":[668,333,167,333],"offset":[0,0],"originalSize":[167,333],"capInsets":[0,0,0,0]}],[0],0,[0],[0],[0]],[[{"name":"wh_vfx_d_02_21","rect":[167,666,167,333],"offset":[0,0],"originalSize":[167,333],"capInsets":[0,0,0,0]}],[0],0,[0],[0],[0]],[[{"name":"wh_vfx_d_02_23","rect":[501,666,167,333],"offset":[0,0],"originalSize":[167,333],"capInsets":[0,0,0,0]}],[0],0,[0],[0],[0]],[[{"name":"wh_vfx_d_02_04","rect":[668,0,167,333],"offset":[0,0],"originalSize":[167,333],"capInsets":[0,0,0,0]}],[0],0,[0],[0],[0]],[[{"name":"wh_vfx_d_02_08","rect":[1336,0,167,333],"offset":[0,0],"originalSize":[167,333],"capInsets":[0,0,0,0]}],[0],0,[0],[0],[0]],[[{"name":"wh_vfx_d_02_15","rect":[835,333,167,333],"offset":[0,0],"originalSize":[167,333],"capInsets":[0,0,0,0]}],[0],0,[0],[0],[0]],[[{"name":"wh_vfx_d_02_20","rect":[0,666,167,333],"offset":[0,0],"originalSize":[167,333],"capInsets":[0,0,0,0]}],[0],0,[0],[0],[0]],[[{"name":"wh_vfx_d_02_18","rect":[1336,333,167,333],"offset":[0,0],"originalSize":[167,333],"capInsets":[0,0,0,0]}],[0],0,[0],[0],[0]],[[{"name":"wh_vfx_d_02_09","rect":[1503,0,167,333],"offset":[0,0],"originalSize":[167,333],"capInsets":[0,0,0,0]}],[0],0,[0],[0],[0]],[[{"name":"wh_vfx_d_02_02","rect":[334,0,167,333],"offset":[0,0],"originalSize":[167,333],"capInsets":[0,0,0,0]}],[0],0,[0],[0],[0]],[[{"name":"wh_vfx_d_02_25","rect":[835,666,167,333],"offset":[0,0],"originalSize":[167,333],"capInsets":[0,0,0,0]}],[0],0,[0],[0],[0]],[[{"name":"wh_vfx_d_02_29","rect":[1503,666,167,333],"offset":[0,0],"originalSize":[167,333],"capInsets":[0,0,0,0]}],[0],0,[0],[0],[0]],[[{"name":"wh_vfx_d_02_27","rect":[1169,666,167,333],"offset":[0,0],"originalSize":[167,333],"capInsets":[0,0,0,0]}],[0],0,[0],[0],[0]],[[{"name":"wh_vfx_d_02_11","rect":[167,333,167,333],"offset":[0,0],"originalSize":[167,333],"capInsets":[0,0,0,0]}],[0],0,[0],[0],[0]],[[{"name":"wh_vfx_d_02_03","rect":[501,0,167,333],"offset":[0,0],"originalSize":[167,333],"capInsets":[0,0,0,0]}],[0],0,[0],[0],[0]],[[{"name":"wh_vfx_d_02_06","rect":[1002,0,167,333],"offset":[0,0],"originalSize":[167,333],"capInsets":[0,0,0,0]}],[0],0,[0],[0],[0]]]]