[1,["05IVsaaYRL1qdMznFUDC9t"],["_textureSetter"],["cc.SpriteFrame"],0,[[[{"name":"sb_vfx_b_13","rect":[211,437,104,102],"offset":[0,0],"originalSize":[140,140],"capInsets":[0,0,0,0]}],[0],0,[0],[0],[0]],[[{"name":"sb_vfx_b_08","rect":[109,319,106,102],"offset":[0,0],"originalSize":[140,140],"capInsets":[0,0,0,0]}],[0],0,[0],[0],[0]],[[{"name":"sb_vfx_b_26","rect":[1,647,110,94],"offset":[0,0],"originalSize":[140,140],"rotated":1,"capInsets":[0,0,0,0]}],[0],0,[0],[0],[0]],[[{"name":"sb_vfx_b_10","rect":[221,109,106,106],"offset":[0,0],"originalSize":[140,140],"capInsets":[0,0,0,0]}],[0],0,[0],[0],[0]],[[{"name":"sb_vfx_b_29","rect":[315,739,114,48],"offset":[0,0],"originalSize":[140,140],"capInsets":[0,0,0,0]}],[0],0,[0],[0],[0]],[[{"name":"sb_vfx_b_09","rect":[1,325,106,102],"offset":[0,0],"originalSize":[140,140],"capInsets":[0,0,0,0]}],[0],0,[0],[0],[0]],[[{"name":"sb_vfx_b_15","rect":[317,531,104,102],"offset":[0,0],"originalSize":[140,140],"capInsets":[0,0,0,0]}],[0],0,[0],[0],[0]],[[{"name":"sb_vfx_b_18","rect":[323,327,106,102],"offset":[0,0],"originalSize":[140,140],"capInsets":[0,0,0,0]}],[0],0,[0],[0],[0]],[[{"name":"sb_vfx_b_14","rect":[103,533,104,102],"offset":[0,0],"originalSize":[140,140],"capInsets":[0,0,0,0]}],[0],0,[0],[0],[0]],[[{"name":"sb_vfx_b_12","rect":[323,223,106,102],"offset":[0,0],"originalSize":[140,140],"capInsets":[0,0,0,0]}],[0],0,[0],[0],[0]],[[{"name":"sb_vfx_b_02","rect":[329,113,102,108],"offset":[0,0],"originalSize":[140,140],"capInsets":[0,0,0,0]}],[0],0,[0],[0],[0]],[[{"name":"sb_vfx_b_06","rect":[1,109,106,108],"offset":[0,0],"originalSize":[140,140],"rotated":1,"capInsets":[0,0,0,0]}],[0],0,[0],[0],[0]],[[{"name":"sb_vfx_b_27","rect":[221,217,110,100],"offset":[0,0],"originalSize":[140,140],"rotated":1,"capInsets":[0,0,0,0]}],[0],0,[0],[0],[0]],[[{"name":"sb_vfx_b_01","rect":[209,645,102,104],"offset":[0,0],"originalSize":[140,140],"rotated":1,"capInsets":[0,0,0,0]}],[0],0,[0],[0],[0]],[[{"name":"sb_vfx_b_20","rect":[1,539,106,100],"offset":[0,0],"originalSize":[140,140],"rotated":1,"capInsets":[0,0,0,0]}],[0],0,[0],[0],[0]],[[{"name":"sb_vfx_b_21","rect":[109,423,108,100],"offset":[0,0],"originalSize":[140,140],"rotated":1,"capInsets":[0,0,0,0]}],[0],0,[0],[0],[0]],[[{"name":"sb_vfx_b_03","rect":[225,1,106,108],"offset":[0,0],"originalSize":[140,140],"rotated":1,"capInsets":[0,0,0,0]}],[0],0,[0],[0],[0]],[[{"name":"sb_vfx_b_23","rect":[109,217,110,100],"offset":[0,0],"originalSize":[140,140],"capInsets":[0,0,0,0]}],[0],0,[0],[0],[0]],[[{"name":"sb_vfx_b_25","rect":[321,431,110,98],"offset":[0,0],"originalSize":[140,140],"capInsets":[0,0,0,0]}],[0],0,[0],[0],[0]],[[{"name":"sb_vfx_b_17","rect":[103,637,104,102],"offset":[0,0],"originalSize":[140,140],"capInsets":[0,0,0,0]}],[0],0,[0],[0],[0]],[[{"name":"sb_vfx_b_07","rect":[111,109,106,108],"offset":[0,0],"originalSize":[140,140],"rotated":1,"capInsets":[0,0,0,0]}],[0],0,[0],[0],[0]],[[{"name":"sb_vfx_b_19","rect":[217,329,106,102],"offset":[0,0],"originalSize":[140,140],"rotated":1,"capInsets":[0,0,0,0]}],[0],0,[0],[0],[0]],[[{"name":"sb_vfx_b_24","rect":[335,1,110,98],"offset":[0,0],"originalSize":[140,140],"rotated":1,"capInsets":[0,0,0,0]}],[0],0,[0],[0],[0]],[[{"name":"sb_vfx_b_05","rect":[113,1,106,110],"offset":[0,0],"originalSize":[140,140],"rotated":1,"capInsets":[0,0,0,0]}],[0],0,[0],[0],[0]],[[{"name":"sb_vfx_b_22","rect":[1,429,108,100],"offset":[0,0],"originalSize":[140,140],"rotated":1,"capInsets":[0,0,0,0]}],[0],0,[0],[0],[0]],[[{"name":"sb_vfx_b_28","rect":[97,741,108,46],"offset":[0,0],"originalSize":[140,140],"capInsets":[0,0,0,0]}],[0],0,[0],[0],[0]],[[{"name":"sb_vfx_b_11","rect":[1,217,106,106],"offset":[0,0],"originalSize":[140,140],"capInsets":[0,0,0,0]}],[0],0,[0],[0],[0]],[[{"name":"sb_vfx_b_04","rect":[1,1,106,110],"offset":[0,0],"originalSize":[140,140],"rotated":1,"capInsets":[0,0,0,0]}],[0],0,[0],[0],[0]],[[{"name":"sb_vfx_b_00","rect":[315,635,102,104],"offset":[0,0],"originalSize":[140,140],"rotated":1,"capInsets":[0,0,0,0]}],[0],0,[0],[0],[0]],[[{"name":"sb_vfx_b_16","rect":[209,541,104,102],"offset":[0,0],"originalSize":[140,140],"capInsets":[0,0,0,0]}],[0],0,[0],[0],[0]]]]