[1,["1b8vvp/5lDd6lHTqAKtJoM"],["_textureSetter"],["cc.SpriteFrame"],0,[[[{"name":"logo_vfx_a_screen_07","rect":[1,277,260,136],"offset":[0,0],"originalSize":[260,136],"capInsets":[0,0,0,0]}],[0],0,[0],[0],[0]],[[{"name":"logo_vfx_a_screen_20","rect":[525,691,260,136],"offset":[0,0],"originalSize":[260,136],"capInsets":[0,0,0,0]}],[0],0,[0],[0],[0]],[[{"name":"logo_vfx_a_screen_11","rect":[1,415,260,136],"offset":[0,0],"originalSize":[260,136],"capInsets":[0,0,0,0]}],[0],0,[0],[0],[0]],[[{"name":"logo_vfx_a_screen_13","rect":[525,415,260,136],"offset":[0,0],"originalSize":[260,136],"capInsets":[0,0,0,0]}],[0],0,[0],[0],[0]],[[{"name":"logo_vfx_a_screen_00","rect":[1,1,260,136],"offset":[0,0],"originalSize":[260,136],"capInsets":[0,0,0,0]}],[0],0,[0],[0],[0]],[[{"name":"logo_vfx_a_screen_21","rect":[1,829,260,136],"offset":[0,0],"originalSize":[260,136],"capInsets":[0,0,0,0]}],[0],0,[0],[0],[0]],[[{"name":"logo_vfx_a_screen_03","rect":[787,1,260,136],"offset":[0,0],"originalSize":[260,136],"rotated":1,"capInsets":[0,0,0,0]}],[0],0,[0],[0],[0]],[[{"name":"logo_vfx_a_screen_18","rect":[1,691,260,136],"offset":[0,0],"originalSize":[260,136],"capInsets":[0,0,0,0]}],[0],0,[0],[0],[0]],[[{"name":"logo_vfx_a_screen_15","rect":[263,553,260,136],"offset":[0,0],"originalSize":[260,136],"capInsets":[0,0,0,0]}],[0],0,[0],[0],[0]],[[{"name":"logo_vfx_a_screen_09","rect":[525,277,260,136],"offset":[0,0],"originalSize":[260,136],"capInsets":[0,0,0,0]}],[0],0,[0],[0],[0]],[[{"name":"logo_vfx_a_screen_06","rect":[525,139,260,136],"offset":[0,0],"originalSize":[260,136],"capInsets":[0,0,0,0]}],[0],0,[0],[0],[0]],[[{"name":"logo_vfx_a_screen_05","rect":[263,139,260,136],"offset":[0,0],"originalSize":[260,136],"capInsets":[0,0,0,0]}],[0],0,[0],[0],[0]],[[{"name":"logo_vfx_a_screen_08","rect":[263,277,260,136],"offset":[0,0],"originalSize":[260,136],"capInsets":[0,0,0,0]}],[0],0,[0],[0],[0]],[[{"name":"logo_vfx_a_screen_19","rect":[263,691,260,136],"offset":[0,0],"originalSize":[260,136],"capInsets":[0,0,0,0]}],[0],0,[0],[0],[0]],[[{"name":"logo_vfx_a_screen_10","rect":[787,263,260,136],"offset":[0,0],"originalSize":[260,136],"rotated":1,"capInsets":[0,0,0,0]}],[0],0,[0],[0],[0]],[[{"name":"logo_vfx_a_screen_01","rect":[263,1,260,136],"offset":[0,0],"originalSize":[260,136],"capInsets":[0,0,0,0]}],[0],0,[0],[0],[0]],[[{"name":"logo_vfx_a_screen_16","rect":[525,553,260,136],"offset":[0,0],"originalSize":[260,136],"capInsets":[0,0,0,0]}],[0],0,[0],[0],[0]],[[{"name":"logo_vfx_a_screen_14","rect":[1,553,260,136],"offset":[0,0],"originalSize":[260,136],"capInsets":[0,0,0,0]}],[0],0,[0],[0],[0]],[[{"name":"logo_vfx_a_screen_17","rect":[787,525,260,136],"offset":[0,0],"originalSize":[260,136],"rotated":1,"capInsets":[0,0,0,0]}],[0],0,[0],[0],[0]],[[{"name":"logo_vfx_a_screen_22","rect":[263,829,260,136],"offset":[0,0],"originalSize":[260,136],"capInsets":[0,0,0,0]}],[0],0,[0],[0],[0]],[[{"name":"logo_vfx_a_screen_04","rect":[1,139,260,136],"offset":[0,0],"originalSize":[260,136],"capInsets":[0,0,0,0]}],[0],0,[0],[0],[0]],[[{"name":"logo_vfx_a_screen_12","rect":[263,415,260,136],"offset":[0,0],"originalSize":[260,136],"capInsets":[0,0,0,0]}],[0],0,[0],[0],[0]],[[{"name":"logo_vfx_a_screen_02","rect":[525,1,260,136],"offset":[0,0],"originalSize":[260,136],"capInsets":[0,0,0,0]}],[0],0,[0],[0],[0]]]]