[
  1,
  [
    "14y/FfzKtE76JVGjeK0hC7",
    "8488rib0RMMrxsVb5bXYeG",
    "39PZryondNqJZXce1dBb+d",
    "52wX4IfG9Iq4JydkRuiDQz",
    "14KX2INcNHtIuM46eB9ICb",
    "19QRePzbxFdo2fgnhko6Yx",
    "f5qBS5kaBEo5tU/s0/8+uV",
    "b8//tDE6tJHL/oiNpTaXob",
    "7d2VzcpDpKX73pUhy53Ke2",
    "37gRL1BvpMX4uZPy7BYcVG",
    "f7xR2O3wJBFJ5c+4u0vR2w",
    "ddOemIoM5KubPr7ny3KFbZ",
    "580qJayUtICoyw/fEun2MW",
    "ca9vQXqmpBSpAc8WbK9diP",
    "22H8DXieBEJ6OIF3Gyu0YX",
    "12TSR2dU1H+7mxffswYKNI",
    "b1Cyp0jbNHbrl7ixlRVF+2",
    "fa1Q63UFpBDJ2OyWX3hbhj",
    "3eH3LsKPRPrLsY7bRTh/Av",
    "cbvBPF1cBKWY1z69VbhcsE",
    "29qVndGrFIx5hnGbRKLIL6",
    "c26UE0IVJBUJTZsIGVpYBL",
    "1c+7917lxI6bLDJfNcXKLN",
    "31kgTClrxHo6dhjfT34oFZ",
    "b8tuA7t2lFsqld2dD9ZDEf",
    "f6PMw6cz5Ozrc2klpo/AT/",
    "31O/c42h5DPJDKz6SNxVei"
  ],
  [
    "_textureSetter",
    "payline_c_03",
    "payline_b_11",
    "payline_c_04",
    "payline_a_06",
    "payline_b_04",
    "payline_c_06",
    "payline_a_01",
    "payline_c_07",
    "payline_c_01",
    "payline_c_02",
    "payline_b_07",
    "payline_a_02",
    "payline_a_09",
    "payline_b_08",
    "payline_b_06",
    "payline_b_03",
    "payline_a_07",
    "payline_b_10",
    "payline_b_12",
    "payline_c_05",
    "payline_a_03",
    "payline_a_04",
    "payline_b_09",
    "payline_a_05",
    "payline_a_08",
    "payline_b_05"
  ],
  [
    "cc.SpriteFrame",
    [
      "cc.SpriteAtlas",
      [
        "_name",
        "_spriteFrames"
      ],
      2,
      11
    ]
  ],
  [
    [
      1,
      0,
      1,
      2
    ]
  ],
  [
    [
      [
        {
          "name": "payline_b_06",
          "rect": [
            153,
            169,
            150,
            40
          ],
          "offset": [
            0,
            0
          ],
          "originalSize": [
            150,
            40
          ],
          "capInsets": [
            0,
            0,
            0,
            0
          ]
        }
      ],
      [
        0
      ],
      0,
      [
        0
      ],
      [
        0
      ],
      [
        0
      ]
    ],
    [
      [
        {
          "name": "payline_a_06",
          "rect": [
            245,
            43,
            120,
            40
          ],
          "offset": [
            0,
            0
          ],
          "originalSize": [
            120,
            40
          ],
          "capInsets": [
            0,
            0,
            0,
            0
          ]
        }
      ],
      [
        0
      ],
      0,
      [
        0
      ],
      [
        0
      ],
      [
        0
      ]
    ],
    [
      [
        {
          "name": "payline_b_04",
          "rect": [
            153,
            127,
            150,
            40
          ],
          "offset": [
            0,
            0
          ],
          "originalSize": [
            150,
            40
          ],
          "capInsets": [
            0,
            0,
            0,
            0
          ]
        }
      ],
      [
        0
      ],
      0,
      [
        0
      ],
      [
        0
      ],
      [
        0
      ]
    ],
    [
      [
        {
          "name": "payline_a_04",
          "rect": [
            1,
            43,
            120,
            40
          ],
          "offset": [
            0,
            0
          ],
          "originalSize": [
            120,
            40
          ],
          "capInsets": [
            0,
            0,
            0,
            0
          ]
        }
      ],
      [
        0
      ],
      0,
      [
        0
      ],
      [
        0
      ],
      [
        0
      ]
    ],
    [
      [
        {
          "name": "payline_b_08",
          "rect": [
            153,
            211,
            150,
            40
          ],
          "offset": [
            0,
            0
          ],
          "originalSize": [
            150,
            40
          ],
          "capInsets": [
            0,
            0,
            0,
            0
          ]
        }
      ],
      [
        0
      ],
      0,
      [
        0
      ],
      [
        0
      ],
      [
        0
      ]
    ],
    [
      [
        {
          "name": "payline_c_05",
          "rect": [
            305,
            249,
            120,
            40
          ],
          "offset": [
            0,
            0
          ],
          "originalSize": [
            120,
            40
          ],
          "rotated": 1,
          "capInsets": [
            0,
            0,
            0,
            0
          ]
        }
      ],
      [
        0
      ],
      0,
      [
        0
      ],
      [
        0
      ],
      [
        0
      ]
    ],
    [
      [
        {
          "name": "payline_b_05",
          "rect": [
            1,
            169,
            150,
            40
          ],
          "offset": [
            0,
            0
          ],
          "originalSize": [
            150,
            40
          ],
          "capInsets": [
            0,
            0,
            0,
            0
          ]
        }
      ],
      [
        0
      ],
      0,
      [
        0
      ],
      [
        0
      ],
      [
        0
      ]
    ],
    [
      [
        {
          "name": "payline_b_09",
          "rect": [
            1,
            253,
            150,
            40
          ],
          "offset": [
            0,
            0
          ],
          "originalSize": [
            150,
            40
          ],
          "capInsets": [
            0,
            0,
            0,
            0
          ]
        }
      ],
      [
        0
      ],
      0,
      [
        0
      ],
      [
        0
      ],
      [
        0
      ]
    ],
    [
      [
        {
          "name": "payline_c_01",
          "rect": [
            245,
            85,
            120,
            40
          ],
          "offset": [
            0,
            0
          ],
          "originalSize": [
            120,
            40
          ],
          "capInsets": [
            0,
            0,
            0,
            0
          ]
        }
      ],
      [
        0
      ],
      0,
      [
        0
      ],
      [
        0
      ],
      [
        0
      ]
    ],
    [
      [
        {
          "name": "payline_b_11",
          "rect": [
            1,
            295,
            150,
            40
          ],
          "offset": [
            0,
            0
          ],
          "originalSize": [
            150,
            40
          ],
          "capInsets": [
            0,
            0,
            0,
            0
          ]
        }
      ],
      [
        0
      ],
      0,
      [
        0
      ],
      [
        0
      ],
      [
        0
      ]
    ],
    [
      [
        {
          "name": "payline_b_10",
          "rect": [
            153,
            253,
            150,
            40
          ],
          "offset": [
            0,
            0
          ],
          "originalSize": [
            150,
            40
          ],
          "capInsets": [
            0,
            0,
            0,
            0
          ]
        }
      ],
      [
        0
      ],
      0,
      [
        0
      ],
      [
        0
      ],
      [
        0
      ]
    ],
    [
      [
        {
          "name": "payline_c_04",
          "rect": [
            347,
            245,
            120,
            40
          ],
          "offset": [
            0,
            0
          ],
          "originalSize": [
            120,
            40
          ],
          "rotated": 1,
          "capInsets": [
            0,
            0,
            0,
            0
          ]
        }
      ],
      [
        0
      ],
      0,
      [
        0
      ],
      [
        0
      ],
      [
        0
      ]
    ],
    [
      [
        {
          "name": "payline_a_02",
          "rect": [
            123,
            1,
            120,
            40
          ],
          "offset": [
            0,
            0
          ],
          "originalSize": [
            120,
            40
          ],
          "capInsets": [
            0,
            0,
            0,
            0
          ]
        }
      ],
      [
        0
      ],
      0,
      [
        0
      ],
      [
        0
      ],
      [
        0
      ]
    ],
    [
      [
        {
          "name": "payline_c_07",
          "rect": [
            123,
            337,
            120,
            40
          ],
          "offset": [
            0,
            0
          ],
          "originalSize": [
            120,
            40
          ],
          "capInsets": [
            0,
            0,
            0,
            0
          ]
        }
      ],
      [
        0
      ],
      0,
      [
        0
      ],
      [
        0
      ],
      [
        0
      ]
    ],
    [
      [
        {
          "name": "payline_c_03",
          "rect": [
            305,
            127,
            120,
            40
          ],
          "offset": [
            0,
            0
          ],
          "originalSize": [
            120,
            40
          ],
          "rotated": 1,
          "capInsets": [
            0,
            0,
            0,
            0
          ]
        }
      ],
      [
        0
      ],
      0,
      [
        0
      ],
      [
        0
      ],
      [
        0
      ]
    ],
    [
      [
        {
          "name": "payline_b_03",
          "rect": [
            1,
            127,
            150,
            40
          ],
          "offset": [
            0,
            0
          ],
          "originalSize": [
            150,
            40
          ],
          "capInsets": [
            0,
            0,
            0,
            0
          ]
        }
      ],
      [
        0
      ],
      0,
      [
        0
      ],
      [
        0
      ],
      [
        0
      ]
    ],
    [
      [
        {
          "name": "payline_a_05",
          "rect": [
            123,
            43,
            120,
            40
          ],
          "offset": [
            0,
            0
          ],
          "originalSize": [
            120,
            40
          ],
          "capInsets": [
            0,
            0,
            0,
            0
          ]
        }
      ],
      [
        0
      ],
      0,
      [
        0
      ],
      [
        0
      ],
      [
        0
      ]
    ],
    [
      [
        {
          "name": "payline_a_01",
          "rect": [
            1,
            1,
            120,
            40
          ],
          "offset": [
            0,
            0
          ],
          "originalSize": [
            120,
            40
          ],
          "capInsets": [
            0,
            0,
            0,
            0
          ]
        }
      ],
      [
        0
      ],
      0,
      [
        0
      ],
      [
        0
      ],
      [
        0
      ]
    ],
    [
      [
        [
          0,
          "Alats33.plist",
          [
            {},
            "payline_c_03",
            6,
            0,
            "payline_b_11",
            6,
            1,
            "payline_c_04",
            6,
            2,
            "payline_a_06",
            6,
            3,
            "payline_b_04",
            6,
            4,
            "payline_c_06",
            6,
            5,
            "payline_a_01",
            6,
            6,
            "payline_c_07",
            6,
            7,
            "payline_c_01",
            6,
            8,
            "payline_c_02",
            6,
            9,
            "payline_b_07",
            6,
            10,
            "payline_a_02",
            6,
            11,
            "payline_a_09",
            6,
            12,
            "payline_b_08",
            6,
            13,
            "payline_b_06",
            6,
            14,
            "payline_b_03",
            6,
            15,
            "payline_a_07",
            6,
            16,
            "payline_b_10",
            6,
            17,
            "payline_b_12",
            6,
            18,
            "payline_c_05",
            6,
            19,
            "payline_a_03",
            6,
            20,
            "payline_a_04",
            6,
            21,
            "payline_b_09",
            6,
            22,
            "payline_a_05",
            6,
            23,
            "payline_a_08",
            6,
            24,
            "payline_b_05",
            6,
            25
          ]
        ]
      ],
      0,
      0,
      [
        0,
        0,
        0,
        0,
        0,
        0,
        0,
        0,
        0,
        0,
        0,
        0,
        0,
        0,
        0,
        0,
        0,
        0,
        0,
        0,
        0,
        0,
        0,
        0,
        0,
        0
      ],
      [
        1,
        2,
        3,
        4,
        5,
        6,
        7,
        8,
        9,
        10,
        11,
        12,
        13,
        14,
        15,
        16,
        17,
        18,
        19,
        20,
        21,
        22,
        23,
        24,
        25,
        26
      ],
      [
        1,
        2,
        3,
        4,
        5,
        6,
        7,
        8,
        9,
        10,
        11,
        12,
        13,
        14,
        15,
        16,
        17,
        18,
        19,
        20,
        21,
        22,
        23,
        24,
        25,
        26
      ]
    ],
    [
      [
        {
          "name": "payline_a_03",
          "rect": [
            245,
            1,
            120,
            40
          ],
          "offset": [
            0,
            0
          ],
          "originalSize": [
            120,
            40
          ],
          "capInsets": [
            0,
            0,
            0,
            0
          ]
        }
      ],
      [
        0
      ],
      0,
      [
        0
      ],
      [
        0
      ],
      [
        0
      ]
    ],
    [
      [
        {
          "name": "payline_a_09",
          "rect": [
            123,
            85,
            120,
            40
          ],
          "offset": [
            0,
            0
          ],
          "originalSize": [
            120,
            40
          ],
          "capInsets": [
            0,
            0,
            0,
            0
          ]
        }
      ],
      [
        0
      ],
      0,
      [
        0
      ],
      [
        0
      ],
      [
        0
      ]
    ],
    [
      [
        {
          "name": "payline_b_12",
          "rect": [
            153,
            295,
            150,
            40
          ],
          "offset": [
            0,
            0
          ],
          "originalSize": [
            150,
            40
          ],
          "capInsets": [
            0,
            0,
            0,
            0
          ]
        }
      ],
      [
        0
      ],
      0,
      [
        0
      ],
      [
        0
      ],
      [
        0
      ]
    ],
    [
      [
        {
          "name": "payline_b_07",
          "rect": [
            1,
            211,
            150,
            40
          ],
          "offset": [
            0,
            0
          ],
          "originalSize": [
            150,
            40
          ],
          "capInsets": [
            0,
            0,
            0,
            0
          ]
        }
      ],
      [
        0
      ],
      0,
      [
        0
      ],
      [
        0
      ],
      [
        0
      ]
    ],
    [
      [
        {
          "name": "payline_c_06",
          "rect": [
            1,
            337,
            120,
            40
          ],
          "offset": [
            0,
            0
          ],
          "originalSize": [
            120,
            40
          ],
          "capInsets": [
            0,
            0,
            0,
            0
          ]
        }
      ],
      [
        0
      ],
      0,
      [
        0
      ],
      [
        0
      ],
      [
        0
      ]
    ],
    [
      [
        {
          "name": "payline_a_08",
          "rect": [
            1,
            85,
            120,
            40
          ],
          "offset": [
            0,
            0
          ],
          "originalSize": [
            120,
            40
          ],
          "capInsets": [
            0,
            0,
            0,
            0
          ]
        }
      ],
      [
        0
      ],
      0,
      [
        0
      ],
      [
        0
      ],
      [
        0
      ]
    ],
    [
      [
        {
          "name": "payline_c_02",
          "rect": [
            367,
            123,
            120,
            40
          ],
          "offset": [
            0,
            0
          ],
          "originalSize": [
            120,
            40
          ],
          "rotated": 1,
          "capInsets": [
            0,
            0,
            0,
            0
          ]
        }
      ],
      [
        0
      ],
      0,
      [
        0
      ],
      [
        0
      ],
      [
        0
      ]
    ],
    [
      [
        {
          "name": "payline_a_07",
          "rect": [
            367,
            1,
            120,
            40
          ],
          "offset": [
            0,
            0
          ],
          "originalSize": [
            120,
            40
          ],
          "rotated": 1,
          "capInsets": [
            0,
            0,
            0,
            0
          ]
        }
      ],
      [
        0
      ],
      0,
      [
        0
      ],
      [
        0
      ],
      [
        0
      ]
    ]
  ]
]