[
  1,
  [
    "bdodm/5NdLqaN6r0IsxePq",
    "d0xywtsMtEaryd1EjEHFWB",
    "586JP/kFNEDZgshRzP7ejw",
    "92ZT23HmZKLasf7sd7z0b2",
    "9c2+5Mu0dMvoEMxNegC33l",
    "152G+TEC9Eea9OQyUvXswh",
    "9fJNbu0SFBQ7vVBGukHrK9",
    "b6DxTQotJAYIdJq36cv1LX",
    "32PhU0o6NKSaWNJSfP30Ku",
    "famt9JyypMK5uB2rG7Lczv",
    "c75QivMydBcaFNdIPn1B0a",
    "afLqmA5dRLgpbbgmagQAp4",
    "70hyKASqxI6qJ4F51CgyJX",
    "64Kc/ChytJFZ5Izk5wRXXm",
    "2alX6aeBVNr5buxDyWyTPW",
    "6dSlIXU/pN6Y9e3DMp9tAf",
    "fdC0cGwwxMnYyn56OSJQhV",
    "6cB+I0UcpALJjqKlDxyQbb",
    "90pTgT5j5L56VdgLnap95l",
    "3dCNkjvX9C5aPmdy/WL0j6",
    "86NNWE4hZJBYtM6njmscA9",
    "a2DpKMd65Hv6pPJtt4z2As",
    "570lZsGdJPu6txY/RNdcX2",
    "28EgfhJPRByYxMHTMKdYTZ",
    "b2ZQ3a4ZhD7oTAxDtsnmVu",
    "d7iko/b1lAt4rAjXe/u6Vr",
    "39OO1MLFtMZ4ypCWtwmKaI",
    "59h6rPZKFLC6coCEOsMcbC",
    "5c0B8T4RVKNYl+zVhNwrb3",
    "54yZV5OMlKE5KtFokFm7cP",
    "8aYtvz5h1Nxq+s1fhvxPDb",
    "72XXH1rEFBYYu0T4ivJ8on",
    "3dpGn87nZK3KxBOng+Q6Ao",
    "299T6X2c5PEan167mQ5KY9",
    "d9gfoELYdBNaAOPYDJ5dJU",
    "c33PmxbNFHKLE7I1zwrVfJ",
    "40x2Uqqo9FPa8tXaKaj+Bh",
    "20v3h3ihJLWL2LYu3XLIO3",
    "a5BxSKlE1NgJqmomD1K0OG",
    "51hyQWkcNDA5Rr0QkRp+X/",
    "51plDx9NxIp52fwW0VCXQY",
    "f8FgIDva9GtKJCp6StUytV",
    "88rPhyeMxNVpIReMsHiYNk",
    "20L0RNMVtBZLGniIaO1t4x",
    "93cfzesvRNVrDVS90bnBri",
    "efxOYn7pBOuJqqjkOsRkYA",
    "fe9SjqYjZEKa7oZmsKjXIq",
    "b5b08Yx9lIHoFeoDVRLI+w",
    "3anIsSgGRDAZ3Hm5lPRPYv",
    "11hJVW4u1ByI4bJdxIIsWJ",
    "beegfRmFpDyb4gp/VvnDhp",
    "7e2YYssotLvbQqlYBkQRHr",
    "f8Sm0EDvlDU5D9Z7GZ7isy",
    "4du8uftmpN9pglVHaadlWJ",
    "dbmn5fnptCE43GZcP7RsD4",
    "36ORm8h31CgZjs6VnwI5i4",
    "a2gn8uAWxIMJStncvKLY5y",
    "46vDBHYZVN9bB/VKXR1tm4",
    "7dt4ONOqNLsJ4YgwAiGpJC",
    "0caYt7u/VDIrRyr14jPNPl",
    "8ewce4nK1AjIvd3IGcrWxW"
  ],
  [
    "value"
  ],
  [
    [
      "cc.AnimationClip",
      [
        "_name",
        "_duration",
        "sample",
        "events",
        "curveData"
      ],
      -1,
      11
    ]
  ],
  [
    [
      0,
      0,
      1,
      2,
      3,
      4,
      5
    ]
  ],
  [
    [
      0,
      "Effect_Small_add",
      1.4666666666666666,
      15,
      [
        {
          "frame": 1.4666666666666666,
          "func": "",
          "params": []
        }
      ],
      [
        {},
        "paths",
        11,
        [
          {},
          "ib_mw_vfx_g_add",
          11,
          [
            {
              "props": {
                "opacity": [
                  {
                    "frame": 0,
                    "value": 255
                  },
                  {
                    "frame": 1.3333333333333333,
                    "value": 255
                  },
                  {
                    "frame": 1.4,
                    "value": 255
                  }
                ]
              }
            },
            "comps",
            11,
            [
              {},
              "cc.Sprite",
              11,
              [
                {},
                "spriteFrame",
                12,
                [
                  [
                    [
                      {
                        "frame": 0
                      },
                      "value",
                      6,
                      0
                    ],
                    [
                      {
                        "frame": 1.4
                      },
                      "value",
                      6,
                      1
                    ]
                  ],
                  11,
                  11
                ]
              ]
            ]
          ],
          "ib_mw_vfx_e_add_00",
          11,
          [
            {},
            "comps",
            11,
            [
              {},
              "cc.Sprite",
              11,
              [
                {},
                "spriteFrame",
                12,
                [
                  [
                    [
                      {
                        "frame": 0
                      },
                      "value",
                      6,
                      2
                    ],
                    [
                      {
                        "frame": 0.06666666666666667
                      },
                      "value",
                      6,
                      3
                    ],
                    [
                      {
                        "frame": 0.13333333333333333
                      },
                      "value",
                      6,
                      4
                    ],
                    [
                      {
                        "frame": 0.2
                      },
                      "value",
                      6,
                      5
                    ],
                    [
                      {
                        "frame": 0.26666666666666666
                      },
                      "value",
                      6,
                      6
                    ],
                    [
                      {
                        "frame": 0.3333333333333333
                      },
                      "value",
                      6,
                      7
                    ],
                    [
                      {
                        "frame": 0.4
                      },
                      "value",
                      6,
                      8
                    ],
                    [
                      {
                        "frame": 0.4666666666666667
                      },
                      "value",
                      6,
                      9
                    ],
                    [
                      {
                        "frame": 0.5333333333333333
                      },
                      "value",
                      6,
                      10
                    ],
                    [
                      {
                        "frame": 0.6
                      },
                      "value",
                      6,
                      11
                    ],
                    [
                      {
                        "frame": 0.6666666666666666
                      },
                      "value",
                      6,
                      12
                    ],
                    [
                      {
                        "frame": 0.7333333333333333
                      },
                      "value",
                      6,
                      13
                    ],
                    [
                      {
                        "frame": 0.8
                      },
                      "value",
                      6,
                      14
                    ],
                    [
                      {
                        "frame": 0.8666666666666667
                      },
                      "value",
                      6,
                      15
                    ],
                    [
                      {
                        "frame": 0.9333333333333333
                      },
                      "value",
                      6,
                      16
                    ],
                    [
                      {
                        "frame": 1
                      },
                      "value",
                      6,
                      17
                    ],
                    [
                      {
                        "frame": 1.0666666666666667
                      },
                      "value",
                      6,
                      18
                    ],
                    [
                      {
                        "frame": 1.1333333333333333
                      },
                      "value",
                      6,
                      19
                    ],
                    [
                      {
                        "frame": 1.2
                      },
                      "value",
                      6,
                      20
                    ],
                    [
                      {
                        "frame": 1.2666666666666666
                      },
                      "value",
                      6,
                      21
                    ],
                    [
                      {
                        "frame": 1.3333333333333333
                      },
                      "value",
                      6,
                      22
                    ],
                    [
                      {
                        "frame": 1.4
                      },
                      "value",
                      6,
                      23
                    ]
                  ],
                  11,
                  11,
                  11,
                  11,
                  11,
                  11,
                  11,
                  11,
                  11,
                  11,
                  11,
                  11,
                  11,
                  11,
                  11,
                  11,
                  11,
                  11,
                  11,
                  11,
                  11,
                  11
                ]
              ]
            ]
          ],
          "ib_mw_vfx_f_add_00",
          11,
          [
            {},
            "comps",
            11,
            [
              {},
              "cc.Sprite",
              11,
              [
                {},
                "spriteFrame",
                12,
                [
                  [
                    [
                      {
                        "frame": 0
                      },
                      "value",
                      6,
                      24
                    ],
                    [
                      {
                        "frame": 0.06666666666666667
                      },
                      "value",
                      6,
                      25
                    ],
                    [
                      {
                        "frame": 0.13333333333333333
                      },
                      "value",
                      6,
                      26
                    ],
                    [
                      {
                        "frame": 0.2
                      },
                      "value",
                      6,
                      27
                    ],
                    [
                      {
                        "frame": 0.26666666666666666
                      },
                      "value",
                      6,
                      28
                    ],
                    [
                      {
                        "frame": 0.3333333333333333
                      },
                      "value",
                      6,
                      29
                    ],
                    [
                      {
                        "frame": 0.4
                      },
                      "value",
                      6,
                      30
                    ],
                    [
                      {
                        "frame": 0.4666666666666667
                      },
                      "value",
                      6,
                      31
                    ],
                    [
                      {
                        "frame": 0.5333333333333333
                      },
                      "value",
                      6,
                      32
                    ],
                    [
                      {
                        "frame": 0.6
                      },
                      "value",
                      6,
                      33
                    ],
                    [
                      {
                        "frame": 0.6666666666666666
                      },
                      "value",
                      6,
                      34
                    ],
                    [
                      {
                        "frame": 0.7333333333333333
                      },
                      "value",
                      6,
                      35
                    ],
                    [
                      {
                        "frame": 0.8
                      },
                      "value",
                      6,
                      36
                    ],
                    [
                      {
                        "frame": 0.8666666666666667
                      },
                      "value",
                      6,
                      37
                    ],
                    [
                      {
                        "frame": 0.9333333333333333
                      },
                      "value",
                      6,
                      38
                    ],
                    [
                      {
                        "frame": 1
                      },
                      "value",
                      6,
                      39
                    ],
                    [
                      {
                        "frame": 1.0666666666666667
                      },
                      "value",
                      6,
                      40
                    ],
                    [
                      {
                        "frame": 1.1333333333333333
                      },
                      "value",
                      6,
                      41
                    ],
                    [
                      {
                        "frame": 1.2
                      },
                      "value",
                      6,
                      42
                    ],
                    [
                      {
                        "frame": 1.2666666666666666
                      },
                      "value",
                      6,
                      43
                    ]
                  ],
                  11,
                  11,
                  11,
                  11,
                  11,
                  11,
                  11,
                  11,
                  11,
                  11,
                  11,
                  11,
                  11,
                  11,
                  11,
                  11,
                  11,
                  11,
                  11,
                  11
                ]
              ]
            ]
          ],
          "ib_mw_vfx_b_add_00",
          11,
          [
            {
              "props": {
                "opacity": [
                  {
                    "frame": 0,
                    "value": 255
                  },
                  {
                    "frame": 1.1333333333333333,
                    "value": 255
                  },
                  {
                    "frame": 1.4,
                    "value": 255
                  }
                ]
              }
            },
            "comps",
            11,
            [
              {},
              "cc.Sprite",
              11,
              [
                {},
                "spriteFrame",
                12,
                [
                  [
                    [
                      {
                        "frame": 0
                      },
                      "value",
                      6,
                      44
                    ],
                    [
                      {
                        "frame": 0.06666666666666667
                      },
                      "value",
                      6,
                      45
                    ],
                    [
                      {
                        "frame": 0.13333333333333333
                      },
                      "value",
                      6,
                      46
                    ],
                    [
                      {
                        "frame": 0.2
                      },
                      "value",
                      6,
                      47
                    ],
                    [
                      {
                        "frame": 0.26666666666666666
                      },
                      "value",
                      6,
                      48
                    ],
                    [
                      {
                        "frame": 0.3333333333333333
                      },
                      "value",
                      6,
                      49
                    ],
                    [
                      {
                        "frame": 0.4
                      },
                      "value",
                      6,
                      50
                    ],
                    [
                      {
                        "frame": 0.4666666666666667
                      },
                      "value",
                      6,
                      51
                    ],
                    [
                      {
                        "frame": 0.5333333333333333
                      },
                      "value",
                      6,
                      52
                    ],
                    [
                      {
                        "frame": 0.6
                      },
                      "value",
                      6,
                      53
                    ],
                    [
                      {
                        "frame": 0.6666666666666666
                      },
                      "value",
                      6,
                      54
                    ],
                    [
                      {
                        "frame": 0.7333333333333333
                      },
                      "value",
                      6,
                      55
                    ],
                    [
                      {
                        "frame": 0.8
                      },
                      "value",
                      6,
                      56
                    ],
                    [
                      {
                        "frame": 0.8666666666666667
                      },
                      "value",
                      6,
                      57
                    ],
                    [
                      {
                        "frame": 0.9333333333333333
                      },
                      "value",
                      6,
                      58
                    ],
                    [
                      {
                        "frame": 1
                      },
                      "value",
                      6,
                      59
                    ],
                    [
                      {
                        "frame": 1.0666666666666667
                      },
                      "value",
                      6,
                      60
                    ],
                    [
                      {
                        "frame": 1.1333333333333333
                      },
                      "value",
                      6,
                      61
                    ],
                    [
                      {
                        "frame": 1.2
                      },
                      "value",
                      6,
                      62
                    ],
                    [
                      {
                        "frame": 1.2666666666666666
                      },
                      "value",
                      6,
                      63
                    ],
                    [
                      {
                        "frame": 1.3333333333333333
                      },
                      "value",
                      6,
                      64
                    ],
                    [
                      {
                        "frame": 1.4
                      },
                      "value",
                      6,
                      65
                    ]
                  ],
                  11,
                  11,
                  11,
                  11,
                  11,
                  11,
                  11,
                  11,
                  11,
                  11,
                  11,
                  11,
                  11,
                  11,
                  11,
                  11,
                  11,
                  11,
                  11,
                  11,
                  11,
                  11
                ]
              ]
            ]
          ]
        ]
      ]
    ]
  ],
  0,
  0,
  [
    0,
    0,
    0,
    0,
    0,
    0,
    0,
    0,
    0,
    0,
    0,
    0,
    0,
    0,
    0,
    0,
    0,
    0,
    0,
    0,
    0,
    0,
    0,
    0,
    0,
    0,
    0,
    0,
    0,
    0,
    0,
    0,
    0,
    0,
    0,
    0,
    0,
    0,
    0,
    0,
    0,
    0,
    0,
    0,
    0,
    0,
    0,
    0,
    0,
    0,
    0,
    0,
    0,
    0,
    0,
    0,
    0,
    0,
    0,
    0,
    0,
    0,
    0,
    0,
    0,
    0
  ],
  [
    0,
    0,
    0,
    0,
    0,
    0,
    0,
    0,
    0,
    0,
    0,
    0,
    0,
    0,
    0,
    0,
    0,
    0,
    0,
    0,
    0,
    0,
    0,
    0,
    0,
    0,
    0,
    0,
    0,
    0,
    0,
    0,
    0,
    0,
    0,
    0,
    0,
    0,
    0,
    0,
    0,
    0,
    0,
    0,
    0,
    0,
    0,
    0,
    0,
    0,
    0,
    0,
    0,
    0,
    0,
    0,
    0,
    0,
    0,
    0,
    0,
    0,
    0,
    0,
    0,
    0
  ],
  [
    0,
    0,
    5,
    6,
    7,
    8,
    9,
    10,
    11,
    12,
    13,
    14,
    15,
    16,
    17,
    18,
    19,
    20,
    21,
    22,
    23,
    24,
    25,
    26,
    27,
    28,
    29,
    30,
    31,
    32,
    33,
    34,
    35,
    36,
    37,
    38,
    39,
    40,
    41,
    42,
    43,
    44,
    45,
    46,
    1,
    2,
    3,
    4,
    47,
    48,
    49,
    50,
    51,
    52,
    53,
    54,
    55,
    56,
    57,
    58,
    59,
    60,
    1,
    2,
    3,
    4
  ]
]