[1,["94oOUvX3hOzJab5jRz9CAY","b01bWEsLNGKK5GPqIOkxWz","69kLdamYJCdplbSDm0m32P"],["_textureSetter"],["cc.SpriteFrame",["cc.AnimationClip",["_name","_duration","sample","curveData"],0,11]],[[1,0,1,2,3,4]],[[[{"name":"c32040b6-852d-47ad-8de8-c65decbe5328","rect":[1,1,522,956],"offset":[0.5,-0.5],"originalSize":[523,957],"capInsets":[0,0,0,0]}],[0],0,[0],[0],[0]],[[{"name":"BkgFS","rect":[0,0,324,702],"offset":[0,0],"originalSize":[324,702],"capInsets":[0,0,0,0]}],[0],0,[0],[0],[1]],[[{"name":"5b80401d-b39b-4923-bd7b-f53951ad603d","rect":[0,0,540,1170],"offset":[0,0],"originalSize":[540,1170],"capInsets":[0,0,0,0]}],[0],0,[0],[0],[2]],[[[0,"showFreeSpinbg",6.2,40,[{},"paths",11,[{"c1167f4d-2842-4b88-9804-8803746ce9b1":{"props":{"active":[{"frame":0.35,"value":false},{"frame":0.425,"value":true}],"opacity":[{"frame":0.35,"value":0},{"frame":0.85,"value":255}]}},"c1167f4d-2842-4b88-9804-8803746ce9b1/9bc4bcf2-7ce5-4924-b861-008d3f1870a5":{"props":{"angle":[{"frame":0.5,"value":0},{"frame":2.5,"value":-60}]}}},"sb_vfx_a",11,[{},"props",11,[{"angle":[{"frame":0.35,"value":0},{"frame":0.8,"value":-35}],"opacity":[{"frame":0,"value":0},{"frame":0.55,"value":255},{"frame":0.8,"value":0}]},"scale",12,[[[{"frame":0.175},"value",8,[1,0,0,1]],[{"frame":0.25},"value",8,[1,1.5,1,1]],[{"frame":0.55},"value",8,[1,15,15,1]]],11,11,11]]],"8b9bd2f0-7a4f-4f4b-b216-acbc9fb7123e",11,[{},"props",11,[{"opacity":[{"frame":0,"value":0},{"frame":0.325,"value":255},{"frame":1.025,"value":0}]},"scale",12,[[[{"frame":0},"value",8,[1,0,0,1]],[{"frame":0.15},"value",8,[1,1.5,0.1,1]],[{"frame":0.325},"value",8,[1,2,2,1]]],11,11,11]]],"c1167f4d-2842-4b88-9804-8803746ce9b1/5b80401d-b39b-4923-bd7b-f53951ad603d",11,[{},"props",11,[{},"scale",12,[[[{"frame":0.725},"value",8,[1,1.2,1.2,1]],[{"frame":6.2},"value",8,[1,3,3,1]]],11,11]]],"c1167f4d-2842-4b88-9804-8803746ce9b1/fsw",11,[{},"props",11,[{},"scale",12,[[[{"frame":0},"value",8,[1,0,0,1]],[{"frame":0.65,"curve":[0.18,0.89,0.31,1.21]},"value",8,[1,0,0,1]],[{"frame":1.125},"value",8,[1,0.9,0.9,1]]],11,11,11]]],"c1167f4d-2842-4b88-9804-8803746ce9b1/bns_desc",11,[{},"props",11,[{},"scale",12,[[[{"frame":0},"value",8,[1,0,0,1]],[{"frame":0.825,"curve":[0.18,0.89,0.31,1.21]},"value",8,[1,0,0,1]],[{"frame":1.3},"value",8,[1,0.9,0.9,1]]],11,11,11]]],"c1167f4d-2842-4b88-9804-8803746ce9b1/43984316-7b8f-45e5-9fe4-a5f28790108a",11,[{},"props",11,[{},"scale",12,[[[{"frame":0},"value",8,[1,0,0,1]],[{"frame":1.4,"curve":[0.18,0.89,0.31,1.21]},"value",8,[1,0,0,1]],[{"frame":1.875},"value",8,[1,0.9,0.9,1]]],11,11,11]]]]]]],0,0,[],[],[]]]]