[1,["6aoSDpsZ9LIJvs9SF26sja","d3RmyNTANP3IhZL5geOFVM","d4OCsPsLBCxbHzC+lD1ht0","75/kjTrM1It42HNmDBWuqz","b2SLDfFgxAiLRMYwteRxUP","4bdoWUxLFJlaT2CCZCtY08"],["_textureSetter","main_fb_table","feature_buy","fb_bg","green_button","red_button"],["cc.SpriteFrame",["cc.SpriteAtlas",["_name","_spriteFrames"],2,11]],[[1,0,1,2]],[[[{"name":"red_button","rect":[413,1206,366,164],"offset":[0,0],"originalSize":[366,164],"capInsets":[0,0,0,0]}],[0],0,[0],[0],[0]],[[[0,"Alats14.plist",[{},"main_fb_table",6,0,"feature_buy",6,1,"fb_bg",6,2,"green_button",6,3,"red_button",6,4]]],0,0,[0,0,0,0,0],[1,2,3,4,5],[1,2,3,4,5]],[[{"name":"fb_bg","rect":[1,1,989,1076],"offset":[0,0],"originalSize":[989,1076],"capInsets":[0,0,0,0]}],[0],0,[0],[0],[0]],[[{"name":"green_button","rect":[413,1372,330,127],"offset":[0,0],"originalSize":[330,127],"capInsets":[0,0,0,0]}],[0],0,[0],[0],[0]],[[{"name":"main_fb_table","rect":[413,1079,413,125],"offset":[0,0],"originalSize":[413,125],"capInsets":[0,0,0,0]}],[0],0,[0],[0],[0]],[[{"name":"feature_buy","rect":[781,1206,196,75],"offset":[0,0],"originalSize":[196,75],"capInsets":[0,0,0,0]}],[0],0,[0],[0],[0]]]]