[1,["cdaQazU1VHmoV5d5A6sVbT"],["_textureSetter"],["cc.SpriteFrame"],0,[[[{"name":"bl_b_02","rect":[543,1,324,476],"offset":[0,0],"originalSize":[324,476],"capInsets":[0,0,0,0]}],[0],0,[0],[0],[0]],[[{"name":"bl_b","rect":[675,852,324,342],"offset":[0,0],"originalSize":[324,342],"capInsets":[0,0,0,0]}],[0],0,[0],[0],[0]],[[{"name":"bl_e","rect":[1,1173,672,568],"offset":[0,0],"originalSize":[672,568],"capInsets":[0,0,0,0]}],[0],0,[0],[0],[0]],[[{"name":"bl_bg","rect":[1,1,540,1170],"offset":[0,0],"originalSize":[540,1170],"capInsets":[0,0,0,0]}],[0],0,[0],[0],[0]],[[{"name":"bl_vfx_a_screen","rect":[543,479,371,371],"offset":[0,0],"originalSize":[371,371],"capInsets":[0,0,0,0]}],[0],0,[0],[0],[0]]]]