[1,["90XIJ85zxKSaL2BJy1dRwk","a6NE7tHNZLp715CqXuDo4m","51wEOOTsNFkZq4yXeUDe6l","4atOQp7JNB6ZQdR5sU0uV3","67j1acrFlDl7BUWuFATZMn","d9r12YGNxJJIidMy+Mnu2b","b3Dhda/MdHr469yHyObh3g","4aIXVFh6lI8Jys7eY8ghu1","5aiLPWfGtL7Y82b1Ll65Ij","02XUQXDo9A5YA+aTSRaCHk","b5jpNgc+RKia7Kx561ZEwZ","9bi/vhngJAH45RMTlnim6v","beBRufQFpJ746KA7VTJUlQ","a2Z2ve415Ks6fCl6MODP2r","545FNNcjtJbreKIU6VSR/M","a03yFYWPFOZITKBaxP3Gez","3f+CL19ZdDgKzXRsC/DCFw","55MtA6hbtA54dMs1SzGmbo"],["value"],[["cc.AnimationClip",["_name","_duration","wrapMode","curveData"],0,11]],[[0,0,1,2,3,4]],[[0,"EffectBgMult3",0.3,2,[{},"paths",11,[{},"mtp_sym_bg_a_screen_00",11,[{},"comps",11,[{},"cc.Sprite",11,[{},"spriteFrame",12,[[[{"frame":0},"value",6,0],[{"frame":0.016666666666666666},"value",6,1],[{"frame":0.03333333333333333},"value",6,2],[{"frame":0.05},"value",6,3],[{"frame":0.06666666666666667},"value",6,4],[{"frame":0.08333333333333333},"value",6,5],[{"frame":0.1},"value",6,6],[{"frame":0.11666666666666667},"value",6,7],[{"frame":0.13333333333333333},"value",6,8],[{"frame":0.15},"value",6,9],[{"frame":0.16666666666666666},"value",6,10],[{"frame":0.18333333333333332},"value",6,11],[{"frame":0.2},"value",6,12],[{"frame":0.21666666666666667},"value",6,13],[{"frame":0.23333333333333334},"value",6,14],[{"frame":0.25},"value",6,15],[{"frame":0.26666666666666666},"value",6,16],[{"frame":0.2833333333333333},"value",6,17]],11,11,11,11,11,11,11,11,11,11,11,11,11,11,11,11,11,11]]]]]]]],0,0,[0,0,0,0,0,0,0,0,0,0,0,0,0,0,0,0,0,0],[0,0,0,0,0,0,0,0,0,0,0,0,0,0,0,0,0,0],[0,1,2,3,4,5,6,7,8,9,10,11,12,13,14,15,16,17]]