[
  1,
  [
    "541PLn/mZBVpvpcScaYv5p"
  ],
  [
    "_textureSetter"
  ],
  [
    "cc.SpriteFrame"
  ],
  0,
  [
    {
      "name": "600301aa-3357-4a10-b086-84f011fa32ba",
      "rect": [
        2,
        2,
        61,
        61
      ],
      "offset": [
        0.5,
        -0.5
      ],
      "originalSize": [
        64,
        64
      ],
      "capInsets": [
        0,
        0,
        0,
        0
      ]
    }
  ],
  [
    0
  ],
  0,
  [
    0
  ],
  [
    0
  ],
  [
    0
  ]
]