[1,["ecpdLyjvZBwrvm+cedCcQy","02O7jQYo1E7LcXPxLW3Nk6","9fINa0GJxI4KVYgj1+a85f","41bVr2HzBIe7Ob1Krz3Ns4","35K/1kOypAk4pK1GM/R9nf","5eXKdcoQRM35h/mBe09nRJ","28UOjbmXdJwK/Tjq9jtBNK","918i3Ut5NMt5q9JiQrKb9d","73wtYIHKhMj606OoR+mCrq","3bTHzNVoJJQJnxP19CqOUk","b5Xkd6M1ZLsa3hWQcoRFgt","6bXabIXPJJfbDBqLL2DMBE","32kApE6htPMJTEZfmTcOkC","45CbX9QulBFqQTxnxbejKa","e97GVMl6JHh5Ml5qEDdSGa","f0BIwQ8D5Ml7nTNQbh1YlS","29FYIk+N1GYaeWH/q1NxQO","c29m94SulPCr0jhYyxqAgp","aegMSLIy9IMqMSGPJR5kh2","9fMgUOrYJF0a9QMpzBdTaG","6d1uj6rjxMQ63fW7SBwHYn","b3PCSl8WtIz641J4gfCOEA","0fm2pdaxVAFL5uW7jjIXJ4","66BhIB1GdF5KV/3Q5mukG8","a2ac9OnD1JTpnm/umlVfNo","d56QcnjshOE7+DAACRpF/b","0bUnD/L8xGTImzm6mPzWH4"],["node","_spriteFrame","_defaultClip","_parent","_textureSetter","root","data","_N$normalSprite","_N$pressedSprite","_N$hoverSprite","_N$disabledSprite"],[["cc.Node",["_name","_opacity","_prefab","_contentSize","_components","_parent","_trs","_children","_anchorPoint","_eulerAngles"],1,4,5,9,1,7,2,5,5],["cc.Sprite",["_sizeMode","_dstBlendFactor","_isTrimmedMode","_type","node","_materials","_spriteFrame"],-1,1,3,6],["cc.Animation",["playOnLoad","node","_clips","_defaultClip"],2,1,3,6],["cc.PrefabInfo",["fileId","root","asset"],2,1,1],"cc.SpriteFrame",["cc.AnimationClip",["_name","_duration","sample","curveData"],0,11],["cc.Prefab",["_name"],2],["cc.Node",["_name","_components","_children","_prefab","_contentSize","_trs"],1,2,4,5,7],["cc.Widget",["_enabled","alignMode","_alignFlags","_left","_right","_top","_bottom","_originalWidth","_originalHeight","node"],-6,1],["cc.Button",["_N$transition","node","_N$normalColor","_N$pressedColor","_N$disabledColor","_N$target","_N$normalSprite","_N$pressedSprite","_N$hoverSprite","_N$disabledSprite"],2,1,5,5,5,1,6,6,6,6],["cc.Layout",["_resize","_N$layoutType","node","_layoutSize"],1,1,5]],[[3,0,1,2,2],[1,4,5,6,1],[0,0,5,7,2,3,8,6,2],[0,0,5,4,2,3,8,2],[0,0,5,4,2,3,6,2],[1,1,0,2,4,5,6,4],[2,1,2,3,1],[2,0,1,2,3,2],[5,0,1,2,3,4],[6,0,2],[0,0,7,4,2,3,2],[0,0,7,4,2,3,6,2],[0,0,1,5,7,4,2,3,6,3],[0,0,1,5,4,2,3,6,3],[0,0,5,4,2,3,2],[0,0,5,7,4,2,3,6,2],[0,0,1,5,4,2,3,6,9,3],[7,0,1,2,3,4,5,3],[1,0,4,5,6,2],[1,3,0,4,5,6,3],[1,1,0,2,4,5,4],[1,1,0,4,5,6,3],[1,2,4,5,6,2],[2,1,2,1],[3,1,2,1],[8,0,1,2,3,4,5,6,7,8,9,10],[9,0,1,2,3,4,5,6,7,8,9,2],[10,0,1,2,3,3]],[[[[8,"Effect_Total_Win_End",0.4666666666666667,15,[{},"paths",11,[{},"tw",11,[{},"props",11,[{},"scale",12,[[[{"frame":0,"curve":"sineIn"},"value",8,[1,1,1,1]],[{"frame":0.13333333333333333},"value",8,[1,1.2,1.3,1]],[{"frame":0.26666666666666666},"value",8,[1,1,1,1]]],11,11,11]]],"btnStart",11,[{"comps":{}},"props",11,[{"opacity":[{"frame":0.13333333333333333,"value":0},{"frame":0.2,"value":255}]},"scale",12,[[[{"frame":0.13333333333333333,"curve":"sineIn"},"value",8,[1,1,1,1]],[{"frame":0.3333333333333333,"curve":"sineOut"},"value",8,[1,1.2,1.2,1]],[{"frame":0.4666666666666667},"value",8,[1,1,1,1]]],11,11,11]]],"lbMoney/lbTotalWin",11,[{"comps":{}},"props",11,[{},"scale",12,[[[{"frame":0,"curve":"sineIn"},"value",8,[1,1,1,1]],[{"frame":0.2,"curve":"sineOut"},"value",8,[1,1.2,1.2,1]],[{"frame":0.3333333333333333},"value",8,[1,1,1,1]]],11,11,11]]]]]]],0,0,[],[],[]],[[{"name":"4075c139-9a2b-4962-be08-c1e0fe5cc4de","rect":[0,0,1080,2340],"offset":[0,0],"originalSize":[1080,2340],"capInsets":[0,0,0,0]}],[4],0,[0],[4],[7]],[[[9,"EndFreeSpin"],[10,"EndFreeSpin",[-4,-5,-6,-7,-8,-9,-10,-11],[[18,0,-2,[42],43],[6,-3,[45,46,47],44]],[24,-1,0],[5,720,1560]],[17,"lbTotalWin",[null],[-12,-13,-14,-15,-16,-17,-18],[0,"7aWiysGfxL5KSuQMdnGNWp",1,0],[5,620,50.4],[0,0,0,0,0,0,1,0.8,0.8,0.8]],[11,"Background",[-21],[[19,1,0,-19,[18],19],[25,false,0,45,-156.5,-156.5,-109.5,-109.5,100,40,-20]],[0,"76dl1t8ChAx5EDA5VaC/0x",1,0],[5,413,259],[0,0,0,0,0,0,1,1,1,0]],[12,"btnStart",0,1,[3,-23],[[26,3,-22,[4,4293322470],[4,4291348680],[4,3363338360],3,24,25,26,27]],[0,"7eZI3kYKZGoqJeJwMKTS7Z",1,0],[5,350,210],[0,-459.189,0,0,0,0,1,1,1,1]],[4,"ps_particle_c_add_00",1,[[5,1,2,false,-24,[0],1],[23,-25,[2]]],[0,"25WI9OPuBEmJZQpU0KYFVl",1,0],[5,258,251],[8.274,335.842,0,0,0,0,1,4,4,1]],[13,"bl_vfx_a_screen",120,1,[[5,1,2,false,-26,[7],8],[6,-27,[10],9]],[0,"c4O2T0k9hAC4mpjZlEzF9s",1,0],[5,506,567],[-10.853,328.298,0,0,0,0,1,2,2,1]],[4,"tw_vfx_b_add_00",1,[[20,1,2,false,-28,[11]],[7,true,-29,[13],12]],[0,"e5WeILdcBD25fhetLMkbjg",1,0],[5,540,504],[-8.034,222.772,0,0,0,0,1,2,2,1]],[14,"bl_vfx_b_add",4,[[21,1,2,-30,[20],21],[7,true,-31,[23],22]],[0,"6cUDys1sRPcb6A9sod7/Ih",1,0],[5,447,280]],[15,"lbMoney",1,[2],[[27,1,1,-32,[5,620,200]]],[0,"82KmxFPf9F4KWbWBN6oVKj",1,0],[5,620,200],[0,167.609,0,0,0,0,1,1,1,1]],[4,"bl_vfx_d_screen",1,[[5,1,2,false,-33,[3],4]],[0,"1dvKjAshhHKpBVDzeiMwSS",1,0],[5,246,246],[-22.974,176.326,0,0,0,0,1,0,0,1]],[16,"bl_vfx_a_screen_00 copy",100,1,[[5,1,2,false,-34,[5],6]],[0,"d1dYKnDWFCWLjd3nW2X3oZ",1,0],[5,506,567],[-10.853,328.298,0,0,0,-0.3090169943749474,0.9510565162951535,2,2,1],[1,0,0,-36]],[4,"tw",1,[[1,-35,[14],15]],[0,"d8Ug4DedJC6rM6N6pvZcsD",1,0],[5,574,209],[0,376.168,0,0,0,0,1,1,1,1]],[4,"Label",3,[[22,false,-36,[16],17]],[0,"2bnK7nv3JP+6mXaw4617r8",1,0],[5,215,68],[0,-23.62,0,0,0,0,1,1,1,1]],[2,"1",2,[-37],[0,"5btPquwbdNiKN8YDQ7Qg/R",1,0],[5,100,0],[0,0.5,0],[-260,-80,0,0,0,0,1,1,1,1]],[3,"New Node",14,[[1,-38,[28],29]],[0,"27HqVaG9xO0a+ihoPb9MQb",1,0],[5,87,166],[0,0.5,0]],[2,"2",2,[-39],[0,"b7MhpgOYJKerokExIMLZxv",1,0],[5,100,0],[0,0.5,0],[-160,-80,0,0,0,0,1,1,1,1]],[3,"New Node",16,[[1,-40,[30],31]],[0,"eaz6AjB81CKpMNP4sb/BRu",1,0],[5,124,165],[0,0.5,0]],[2,"3",2,[-41],[0,"8boLSdyqxK4pMJpqUtqMgb",1,0],[5,100,0],[0,0.5,0],[-60,-80,0,0,0,0,1,1,1,1]],[3,"New Node",18,[[1,-42,[32],33]],[0,"80WuFrIslNQaGLpN8LuYZ0",1,0],[5,125,168],[0,0.5,0]],[2,".",2,[-43],[0,"90zNd4h5ZGwKNyflBbnCR8",1,0],[5,20,0],[0,0.5,0],[0,-70,0,0,0,0,1,1,1,1]],[3,"New Node",20,[[1,-44,[34],35]],[0,"fe9opNS+lOTaUDK5SOjBHE",1,0],[5,44,47],[0,0.5,0]],[2,"4",2,[-45],[0,"9coBZdzT1J3JU7+JPWvgWl",1,0],[5,100,0],[0,0.5,0],[60,-80,0,0,0,0,1,1,1,1]],[3,"New Node",22,[[1,-46,[36],37]],[0,"c8BPjOzP1CfIA5lj5hj7aE",1,0],[5,119,168],[0,0.5,0]],[2,"5",2,[-47],[0,"f52FreFAJPf7ob58a1FnCA",1,0],[5,100,0],[0,0.5,0],[160,-80,0,0,0,0,1,1,1,1]],[3,"New Node",24,[[1,-48,[38],39]],[0,"fcZitZehdA3qOxGoudPk/X",1,0],[5,121,167],[0,0.5,0]],[2,"6",2,[-49],[0,"aeSK8VthFFQb0TuD0dQFxe",1,0],[5,100,0],[0,0.5,0],[260,-80,0,0,0,0,1,1,1,1]],[3,"New Node",26,[[1,-50,[40],41]],[0,"3cG0vp/wVMspsecoPkVS7r",1,0],[5,131,167],[0,0.5,0]]],0,[0,5,1,0,0,1,0,0,1,0,-1,5,0,-2,10,0,-3,11,0,-4,6,0,-5,7,0,-6,12,0,-7,4,0,-8,9,0,-1,14,0,-2,16,0,-3,18,0,-4,20,0,-5,22,0,-6,24,0,-7,26,0,0,3,0,0,3,0,-1,13,0,0,4,0,-2,8,0,0,5,0,0,5,0,0,6,0,0,6,0,0,7,0,0,7,0,0,8,0,0,8,0,0,9,0,0,10,0,0,11,0,0,12,0,0,13,0,-1,15,0,0,15,0,-1,17,0,0,17,0,-1,19,0,0,19,0,-1,21,0,0,21,0,-1,23,0,0,23,0,-1,25,0,0,25,0,-1,27,0,0,27,0,6,1,2,3,9,3,3,4,50],[0,0,0,0,0,0,0,0,0,0,0,0,0,0,0,0,0,0,0,0,0,0,0,0,0,0,0,0,0,0,0,0,0,0,0,0,0,0,0,0,0,0,0,0,0,0,0,0],[-1,1,-1,-1,1,-1,1,-1,1,2,-1,-1,2,-1,-1,1,-1,1,-1,1,-1,1,2,-1,7,8,9,10,-1,1,-1,1,-1,1,-1,1,-1,1,-1,1,-1,1,-1,1,2,-1,-2,-3],[0,8,9,0,10,0,1,0,1,2,2,0,3,3,0,11,0,12,0,4,0,13,5,5,4,14,15,16,0,17,0,18,0,19,0,20,0,21,0,22,0,23,0,24,6,6,25,26]]]]