[
  1,
  0,
  0,
  [
    [
      "cc.AnimationClip",
      [
        "_name",
        "_duration",
        "sample",
        "wrapMode",
        "curveData"
      ],
      -2
    ]
  ],
  [
    [
      0,
      0,
      1,
      2,
      3,
      4,
      6
    ]
  ],
  [
    [
      0,
      "bl_vfx_b_add",
      1.5,
      40,
      2,
      {
        "props": {
          "opacity": [
            {
              "frame": 0,
              "value": 0
            },
            {
              "frame": 0.75,
              "value": 255
            },
            {
              "frame": 1.5,
              "value": 0
            }
          ]
        }
      }
    ]
  ],
  0,
  0,
  [],
  [],
  []
]