[
  1,
  [
    "7bbdMZbGpO851mHuTP8btf",
    "53dGp/l9pAZI4l7wWJKb8T",
    "5aRK+V5tdOOZe2NkG4+ET9",
    "5eGM1QVH9NnIwH3gn5nQbH",
    "a46O99y49J8rjTJwQZcovI",
    "80tdpoRlVJ/oY8UH071EUK",
    "cahFOarZVJE5Ip0hbZFhnx",
    "5cZtDVsJZIqIJSew2mUcx7",
    "59idcd8ytPLKEyc0mzF3A5",
    "ffoEdtILBG1Yi4N0aDiCKA",
    "6cpT85DgNDLIvxRHlXc6jI",
    "2ddI0ztAtGfby1x+zH7bN4",
    "43IRsHSC1FKbbg8pCK84Ft",
    "b8OQw1R59APJt/OE9RUPHh",
    "adhBzdiXFJZbdoBt6bv0Ir",
    "ce9RGCWLlLoLhYSn3quzHI",
    "51XAK9DYJCNLP8LKJAk4dW",
    "9cR5Z8dLtBJ4POzGdd1+Gu",
    "58c4e3aHBDmICMWLcbsRW7",
    "74nt2MZoJG7ZRrgOrbUiJm",
    "21SU/RTIREgJ+tgz4483u+",
    "ebrtv0LDZG/5u6NtZ5pBGl",
    "59bmctqhxMIoZ4bhgp2UMy",
    "46kl7dOv5IeYSFIT9ki8rR",
    "818sQuVhZJTY7mOfD6NlbR",
    "c2KAb1ouVKX6rspU1IVUXA",
    "ddS2MzkAdHgLdGd92y7CKD",
    "2dHiMbClVP8JBUM8jI0mHV"
  ],
  [
    "value"
  ],
  [
    [
      "cc.AnimationClip",
      [
        "_name",
        "_duration",
        "sample",
        "wrapMode",
        "curveData"
      ],
      -1,
      11
    ]
  ],
  [
    [
      0,
      0,
      1,
      2,
      3,
      4,
      5
    ]
  ],
  [
    [
      0,
      "ps_bg_c_normal",
      1.8666666666666667,
      15,
      2,
      [
        {},
        "comps",
        11,
        [
          {},
          "cc.Sprite",
          11,
          [
            {},
            "spriteFrame",
            12,
            [
              [
                [
                  {
                    "frame": 0
                  },
                  "value",
                  6,
                  0
                ],
                [
                  {
                    "frame": 0.06666666666666667
                  },
                  "value",
                  6,
                  1
                ],
                [
                  {
                    "frame": 0.13333333333333333
                  },
                  "value",
                  6,
                  2
                ],
                [
                  {
                    "frame": 0.2
                  },
                  "value",
                  6,
                  3
                ],
                [
                  {
                    "frame": 0.26666666666666666
                  },
                  "value",
                  6,
                  4
                ],
                [
                  {
                    "frame": 0.3333333333333333
                  },
                  "value",
                  6,
                  5
                ],
                [
                  {
                    "frame": 0.4
                  },
                  "value",
                  6,
                  6
                ],
                [
                  {
                    "frame": 0.4666666666666667
                  },
                  "value",
                  6,
                  7
                ],
                [
                  {
                    "frame": 0.5333333333333333
                  },
                  "value",
                  6,
                  8
                ],
                [
                  {
                    "frame": 0.6
                  },
                  "value",
                  6,
                  9
                ],
                [
                  {
                    "frame": 0.6666666666666666
                  },
                  "value",
                  6,
                  10
                ],
                [
                  {
                    "frame": 0.7333333333333333
                  },
                  "value",
                  6,
                  11
                ],
                [
                  {
                    "frame": 0.8
                  },
                  "value",
                  6,
                  12
                ],
                [
                  {
                    "frame": 0.8666666666666667
                  },
                  "value",
                  6,
                  13
                ],
                [
                  {
                    "frame": 0.9333333333333333
                  },
                  "value",
                  6,
                  14
                ],
                [
                  {
                    "frame": 1
                  },
                  "value",
                  6,
                  15
                ],
                [
                  {
                    "frame": 1.0666666666666667
                  },
                  "value",
                  6,
                  16
                ],
                [
                  {
                    "frame": 1.1333333333333333
                  },
                  "value",
                  6,
                  17
                ],
                [
                  {
                    "frame": 1.2
                  },
                  "value",
                  6,
                  18
                ],
                [
                  {
                    "frame": 1.2666666666666666
                  },
                  "value",
                  6,
                  19
                ],
                [
                  {
                    "frame": 1.3333333333333333
                  },
                  "value",
                  6,
                  20
                ],
                [
                  {
                    "frame": 1.4
                  },
                  "value",
                  6,
                  21
                ],
                [
                  {
                    "frame": 1.4666666666666666
                  },
                  "value",
                  6,
                  22
                ],
                [
                  {
                    "frame": 1.5333333333333334
                  },
                  "value",
                  6,
                  23
                ],
                [
                  {
                    "frame": 1.6
                  },
                  "value",
                  6,
                  24
                ],
                [
                  {
                    "frame": 1.6666666666666667
                  },
                  "value",
                  6,
                  25
                ],
                [
                  {
                    "frame": 1.7333333333333334
                  },
                  "value",
                  6,
                  26
                ],
                [
                  {
                    "frame": 1.8
                  },
                  "value",
                  6,
                  27
                ]
              ],
              11,
              11,
              11,
              11,
              11,
              11,
              11,
              11,
              11,
              11,
              11,
              11,
              11,
              11,
              11,
              11,
              11,
              11,
              11,
              11,
              11,
              11,
              11,
              11,
              11,
              11,
              11,
              11
            ]
          ]
        ]
      ]
    ]
  ],
  0,
  0,
  [
    0,
    0,
    0,
    0,
    0,
    0,
    0,
    0,
    0,
    0,
    0,
    0,
    0,
    0,
    0,
    0,
    0,
    0,
    0,
    0,
    0,
    0,
    0,
    0,
    0,
    0,
    0,
    0
  ],
  [
    0,
    0,
    0,
    0,
    0,
    0,
    0,
    0,
    0,
    0,
    0,
    0,
    0,
    0,
    0,
    0,
    0,
    0,
    0,
    0,
    0,
    0,
    0,
    0,
    0,
    0,
    0,
    0
  ],
  [
    0,
    1,
    2,
    3,
    4,
    5,
    6,
    7,
    8,
    9,
    10,
    11,
    12,
    13,
    14,
    15,
    16,
    17,
    18,
    19,
    20,
    21,
    22,
    23,
    24,
    25,
    26,
    27
  ]
]