[1,["35BHTDhzdGyaWf6dZxrDHE"],0,[["sp.SkeletonData",["_name","_atlasText","textureNames","_skeletonJson","textures"],-1,3]],[[0,0,1,2,3,4,5]],[[0,"cangat","\r\ncangat.png\r\nsize: 1024,1024\r\nformat: RGBA8888\r\nfilter: Linear,Linear\r\nrepeat: none\r\ncangat\r\n  rotate: false\r\n  xy: 2, 155\r\n  size: 111, 148\r\n  orig: 111, 148\r\n  offset: 0, 0\r\n  index: -1\r\nkhunggat\r\n  rotate: false\r\n  xy: 2, 2\r\n  size: 66, 151\r\n  orig: 66, 151\r\n  offset: 0, 0\r\n  index: -1\r\n",["cangat.png"],{"skeleton":{"hash":"S1HCatJrdTXiHE02LZfZ/QuctuE","spine":"3.6.53","width":130,"height":225,"images":"./images/"},"bones":[{"name":"root"},{"name":"khunggat","parent":"root"},{"name":"cangat","parent":"khunggat","length":123.86,"rotation":58.1,"x":2.15,"y":36.48}],"slots":[{"name":"khunggat","bone":"khunggat","attachment":"khunggat"},{"name":"cangat","bone":"cangat","attachment":"cangat"}],"skins":{"default":{"cangat":{"cangat":{"x":60.67,"y":-3.98,"rotation":-58.1,"width":111,"height":148}},"khunggat":{"khunggat":{"x":-3.91,"y":10.38,"width":66,"height":151}}}},"animations":{"animation":{"bones":{"cangat":{"rotate":[{"time":0,"angle":0,"curve":[0.187,0.53,0.608,1]},{"time":0.1667,"angle":-129.58,"curve":[0.25,0,0.75,1]},{"time":0.3,"angle":12.2,"curve":[0.25,0,0.75,1]},{"time":0.4333,"angle":-8.55,"curve":[0.25,0,0.75,1]},{"time":0.5333,"angle":0}],"translate":[{"time":0,"x":0,"y":0,"curve":[0.187,0.53,0.608,1]},{"time":0.1667,"x":0,"y":-57.5,"curve":[0.25,0,0.75,1]},{"time":0.3,"x":0,"y":6.99,"curve":[0.25,0,0.75,1]},{"time":0.4333,"x":0,"y":0,"curve":"stepped"},{"time":0.5333,"x":0,"y":0}],"scale":[{"time":0,"x":1,"y":1,"curve":"stepped"},{"time":0.3,"x":1,"y":1,"curve":"stepped"},{"time":0.4333,"x":1,"y":1,"curve":"stepped"},{"time":0.5333,"x":1,"y":1}]}}}}},[0]]],0,0,[0],[-1],[0]]