{
    "paths": {
        "48b+ZIiylH/6dwvKi2elG1": [
            "Font/New/Digital-7MonoItalic",
            "cc.BitmapFont"
        ],
        "81fRId2R5Bh7rbnYocoxy7": [
            "Font/New/Digital-7MonoItalic",
            "cc.Texture2D"
        ],
        "9eNe5yI+5CFaas/fKNCFgk": [
            "Font/New/Digital-7MonoItalic",
            "cc.SpriteFrame",
            1
        ],
        "a31Cl7OSZEOol8OM7/FFXN": [
            "Img/AutoAtlas/AtlasXeng",
            "cc.SpriteAtlas"
        ],
        "20OTulTk9Ju6yRSPpx9XLC": [
            "Img/AutoAtlas/btn-red-left-arrow",
            "cc.SpriteFrame",
            1
        ],
        "46DIBHMWBBIJPp70wX4mJg": [
            "Img/AutoAtlas/btn-red-right",
            "cc.SpriteFrame",
            1
        ],
        "0cw808m45FK52fRZJYql0D": [
            "Img/AutoAtlas/btn_green_x2-x10",
            "cc.SpriteFrame",
            1
        ],
        "3at4w798RM7LSk5RjrJ5iA": [
            "Img/AutoAtlas/btn_red_GO",
            "cc.SpriteFrame",
            1
        ],
        "17mu1JsO9KeLuBW4X1Six6": [
            "Img/AutoAtlas/btn_red_x2-x10",
            "cc.SpriteFrame",
            1
        ],
        "f8LaFawGNF5rXNu6Dj6lZb": [
            "Img/AutoAtlas/btn_trang_1",
            "cc.SpriteFrame",
            1
        ],
        "05qmop8gFB+Lz/RZNAU4Fl": [
            "Img/AutoAtlas/btn_trang_1-6",
            "cc.SpriteFrame",
            1
        ],
        "59oh3DtKFAZpm2rLJ5djE6": [
            "Img/AutoAtlas/btn_trang_2",
            "cc.SpriteFrame",
            1
        ],
        "a2Vml9eq1EabV+0R4j9QKX": [
            "Img/AutoAtlas/btn_trang_3",
            "cc.SpriteFrame",
            1
        ],
        "13lR+SAPtE0bo8FngxVrtY": [
            "Img/AutoAtlas/btn_trang_4",
            "cc.SpriteFrame",
            1
        ],
        "39bJbXMYFHj5l8SBcm/IeT": [
            "Img/AutoAtlas/btn_trang_5",
            "cc.SpriteFrame",
            1
        ],
        "a5PiZVTIJD1JJeXQKlsORS": [
            "Img/AutoAtlas/btn_trang_6",
            "cc.SpriteFrame",
            1
        ],
        "a3nLTJvOtMt6cWZKo0Ow1E": [
            "Img/AutoAtlas/btn_trang_7",
            "cc.SpriteFrame",
            1
        ],
        "3cLdSv0pBE0JUiNobsbTYg": [
            "Img/AutoAtlas/btn_trang_8",
            "cc.SpriteFrame",
            1
        ],
        "6fM+pZ0BdI+YwTazxuR1g3": [
            "Img/AutoAtlas/btn_trang_8-13",
            "cc.SpriteFrame",
            1
        ],
        "c0qJlyrxxJL7Pb7p2VKwIE": [
            "Img/AutoAtlas/btn_trang_9",
            "cc.SpriteFrame",
            1
        ],
        "81bwda79JCg7lmeHLs1zLZ": [
            "Img/AutoAtlas/btn_trang_all+1",
            "cc.SpriteFrame",
            1
        ],
        "29cFjoyiFMLLl3YbwgX6mg": [
            "Img/AutoAtlas/btn_trang_le",
            "cc.SpriteFrame",
            1
        ],
        "6fN9N1KyBOhoPDja9WJQMs": [
            "Img/AutoAtlas/btn_yellow_chan",
            "cc.SpriteFrame",
            1
        ],
        "9dMOaTFiVJj6X/lZGzOLoo": [
            "Img/AutoAtlas/btn_yellow_x15-x30",
            "cc.SpriteFrame",
            1
        ],
        "c7lsM6s7NCKZ27jp/Sw4eR": [
            "Img/AutoAtlas/light_2",
            "cc.SpriteFrame",
            1
        ],
        "4cM7OJebJFf70cGUhHxmjy": [
            "Img/AutoAtlas/lucgiac_camx10",
            "cc.SpriteFrame",
            1
        ],
        "41fQGuW2pFEZI3Re2Linvs": [
            "Img/AutoAtlas/lucgiac_duax3",
            "cc.SpriteFrame",
            1
        ],
        "9fLpSqoWdLI56GoMwMZzK5": [
            "Img/AutoAtlas/lucgiac_taox5",
            "cc.SpriteFrame",
            1
        ],
        "15CkLLibZHqJRGEZLAUjET": [
            "Img/AutoAtlas/lucgiac_tiengtrung_1",
            "cc.SpriteFrame",
            1
        ],
        "50Lb5/LLdFW5Z3qww1I2fu": [
            "Img/AutoAtlas/lucgiac_tiengtrung_2",
            "cc.SpriteFrame",
            1
        ],
        "5d1zfycGRCmISaslcrqC91": [
            "Img/AutoAtlas/lucgiac_tiengtrung_3",
            "cc.SpriteFrame",
            1
        ],
        "f4i02ey1hL64hiBFSm7IQN": [
            "Img/AutoAtlas/lucgiac_tiengtrung_4",
            "cc.SpriteFrame",
            1
        ],
        "26rwZEcRBF/I33i6dzyfLu": [
            "Img/AutoAtlas/lucgiac_tiengtrung_5",
            "cc.SpriteFrame",
            1
        ],
        "banEAxl/xKzo3lsakaBGw3": [
            "Img/AutoAtlas/number_1",
            "cc.SpriteFrame",
            1
        ],
        "33wzEexy9NkYxbr2r97Jj3": [
            "Img/AutoAtlas/number_10",
            "cc.SpriteFrame",
            1
        ],
        "032+e8NkNGbKBF2c1t8IBO": [
            "Img/AutoAtlas/number_11",
            "cc.SpriteFrame",
            1
        ],
        "09gVCOpuNNLL7mn8BD2aTG": [
            "Img/AutoAtlas/number_12",
            "cc.SpriteFrame",
            1
        ],
        "46PZ93BaBHJ6Wij9SNISgl": [
            "Img/AutoAtlas/number_2",
            "cc.SpriteFrame",
            1
        ],
        "35KFXRVzxEL57SlptgSjk1": [
            "Img/AutoAtlas/number_3",
            "cc.SpriteFrame",
            1
        ],
        "aaofP+3ylEiJtyUFuxztAy": [
            "Img/AutoAtlas/number_4",
            "cc.SpriteFrame",
            1
        ],
        "9ckQrUmYxBkYbs4zI+fKwL": [
            "Img/AutoAtlas/number_5",
            "cc.SpriteFrame",
            1
        ],
        "a0sAbNiVJGF7YVGyilbzJj": [
            "Img/AutoAtlas/number_6",
            "cc.SpriteFrame",
            1
        ],
        "2fkxGZ8wZBjKPmMQ+UViol": [
            "Img/AutoAtlas/number_7",
            "cc.SpriteFrame",
            1
        ],
        "3bKGjkhF5A857hE1cnJKXB": [
            "Img/AutoAtlas/number_8",
            "cc.SpriteFrame",
            1
        ],
        "06YcjZrj9MaJOJsrF3jvMQ": [
            "Img/AutoAtlas/number_9",
            "cc.SpriteFrame",
            1
        ],
        "a074UCqiBC6akteVZics0F": [
            "Img/AutoAtlas/tron_1",
            "cc.SpriteFrame",
            1
        ],
        "889eK5NxhHgJRqSuYhP2ct": [
            "Img/AutoAtlas/tron_2",
            "cc.SpriteFrame",
            1
        ],
        "faSvv0N5BDpIYA4R9c6YYz": [
            "Img/AutoAtlas/tron_7x20",
            "cc.SpriteFrame",
            1
        ],
        "e12kQqcLlDYai0bXjzMdsE": [
            "Img/AutoAtlas/tron_7x3",
            "cc.SpriteFrame",
            1
        ],
        "8fRRcHZy1LdomWI+oPEwl5": [
            "Img/AutoAtlas/tron_7x46",
            "cc.SpriteFrame",
            1
        ],
        "9f1v2lVBlKS7v1G2fHvENQ": [
            "Img/AutoAtlas/tron_apple",
            "cc.SpriteFrame",
            1
        ],
        "a9chn2qA9KpKVut79VSRHY": [
            "Img/AutoAtlas/tron_barx100",
            "cc.SpriteFrame",
            1
        ],
        "759Gf8QbJKxqeFRRDAcaKL": [
            "Img/AutoAtlas/tron_barx50",
            "cc.SpriteFrame",
            1
        ],
        "97dWIYHBhDzoZD6K0u7eg8": [
            "Img/AutoAtlas/tron_barx56",
            "cc.SpriteFrame",
            1
        ],
        "5bKHALMe9PZIgLDqsKYOw1": [
            "Img/AutoAtlas/tron_camx3",
            "cc.SpriteFrame",
            1
        ],
        "1aFllWRatLdbheEjXgHPb3": [
            "Img/AutoAtlas/tron_camx36",
            "cc.SpriteFrame",
            1
        ],
        "99vRNGlKFKwqU6+N9QEN7X": [
            "Img/AutoAtlas/tron_chuongx10",
            "cc.SpriteFrame",
            1
        ],
        "a3y3ZmoPVGR7AIXKwEyLEC": [
            "Img/AutoAtlas/tron_chuongx3",
            "cc.SpriteFrame",
            1
        ],
        "advfNvdRdBVbw08tRHNpWY": [
            "Img/AutoAtlas/tron_chuongx36",
            "cc.SpriteFrame",
            1
        ],
        "73RSzQ//BBkYlxPWhl89bC": [
            "Img/AutoAtlas/tron_dua_xanhx10",
            "cc.SpriteFrame",
            1
        ],
        "57l4sfRB5CiLBK+zvCyeHG": [
            "Img/AutoAtlas/tron_dua_xanhx3",
            "cc.SpriteFrame",
            1
        ],
        "acRon91iJPva9PiQK7XyP/": [
            "Img/AutoAtlas/tron_dua_xanhx36",
            "cc.SpriteFrame",
            1
        ],
        "b2COAGZ8NOFoCQl8ugoLf9": [
            "Img/AutoAtlas/tron_duax20",
            "cc.SpriteFrame",
            1
        ],
        "75epcWY0ZFNYCeLGUtim7h": [
            "Img/AutoAtlas/tron_duax46",
            "cc.SpriteFrame",
            1
        ],
        "17KkiGeotHYqLDmbPNmc97": [
            "Img/AutoAtlas/tron_saox20",
            "cc.SpriteFrame",
            1
        ],
        "009QMZmW9EN4s+197KM9et": [
            "Img/AutoAtlas/tron_saox3",
            "cc.SpriteFrame",
            1
        ],
        "63gKhGCLpL1J6zz1uMy/kx": [
            "Img/AutoAtlas/trong_tiengtrung_to",
            "cc.SpriteFrame",
            1
        ],
        "2cQ1VWlvlNoZW259sCbq38": [
            "Img/AutoAtlas/type_green",
            "cc.SpriteFrame",
            1
        ],
        "f086MHhXhFuL2WUaHQwU0H": [
            "Img/AutoAtlas/type_red",
            "cc.SpriteFrame",
            1
        ],
        "51RiiQCzJGEr6kXWfa5t67": [
            "Img/AutoAtlas/type_yellow",
            "cc.SpriteFrame",
            1
        ],
        "16Nt1SFOdAGaZJrF/liKFJ": [
            "Img/JP btn",
            "cc.Texture2D"
        ],
        "ea6kNjSQxMq4Gte3BB+ElU": [
            "Img/JP btn",
            "cc.SpriteFrame",
            1
        ],
        "7b4LNXfm5NzoOpl0LHDt8N": [
            "Img/Rectangle 1",
            "cc.Texture2D"
        ],
        "8dfnV1j5tDAIEKtfkkL08c": [
            "Img/Rectangle 1",
            "cc.SpriteFrame",
            1
        ],
        "1eprF3/ANA8bYPAVhZGH0x": [
            "Img/_xèng_hoa_quả",
            "cc.SpriteFrame",
            1
        ],
        "40WQF+ZXVJyqioJYIWAfXL": [
            "Img/_xèng_hoa_quả",
            "cc.Texture2D"
        ],
        "bbTYZItkFFUIggMnn2393O": [
            "Img/bg_all",
            "cc.Texture2D"
        ],
        "c1AXhairlHwJSo1PuGS7ux": [
            "Img/bg_all",
            "cc.SpriteFrame",
            1
        ],
        "29Mt+/bj5CGq1jmIqpiq5H": [
            "Img/bg_location_btn",
            "cc.SpriteFrame",
            1
        ],
        "c1W8uwsZ9LMLu+HNj02m6S": [
            "Img/bg_location_btn",
            "cc.Texture2D"
        ],
        "37v1DO4jxCOarOtaWfPUDD": [
            "Img/bg_under",
            "cc.SpriteFrame",
            1
        ],
        "f3l+8jM9JOdbPfUrArfQAf": [
            "Img/bg_under",
            "cc.Texture2D"
        ],
        "1a7KyDylJMu4T3V/bHAuAL": [
            "Img/btn_back",
            "cc.Texture2D"
        ],
        "59S/K6Z4NFKLqRjhQUKMDx": [
            "Img/btn_back",
            "cc.SpriteFrame",
            1
        ],
        "26whzq2TJIja2noEG4166/": [
            "Img/btn_setting",
            "cc.SpriteFrame",
            1
        ],
        "cfDjPNnr9MJKUYlw6Wcq+4": [
            "Img/btn_setting",
            "cc.Texture2D"
        ],
        "2bk4wNw1xCP7lTZZGS4dAP": [
            "Img/dongho_type_3-2 (2)",
            "cc.SpriteFrame",
            1
        ],
        "7c2xRaeuVFdq5TzWk8ZYNq": [
            "Img/dongho_type_3-2 (2)",
            "cc.Texture2D"
        ],
        "95APAfEvVKxYcdJ65iQrQ3": [
            "Img/light_1",
            "cc.SpriteFrame",
            1
        ],
        "a4aLJY/6BD9rzaNo6O9t+y": [
            "Img/light_1",
            "cc.Texture2D"
        ],
        "b6zkyrtT5GULmm9RccNlNq": [
            "Img/logo_demo",
            "cc.SpriteFrame",
            1
        ],
        "bflXqMVDZDVZ8bjx6YGj6b": [
            "Img/logo_demo",
            "cc.Texture2D"
        ],
        "99Zw7VlTVAjIdSaqFymSC9": [
            "Img/lucgiac_0",
            "cc.Texture2D"
        ],
        "f9RqpDOQ1Lur0XPv5sgJ7O": [
            "Img/lucgiac_0",
            "cc.SpriteFrame",
            1
        ],
        "6dIomRhOZNw546HyGSz+8L": [
            "Img/thanhdongho_2",
            "cc.SpriteFrame",
            1
        ],
        "e8A3EXMOlEcbMrxRsbEB7Y": [
            "Img/thanhdongho_2",
            "cc.Texture2D"
        ],
        "578D6zxFNJNYLlIESmdXDZ": [
            "Img/thanhdongho_3",
            "cc.Texture2D"
        ],
        "74I7/GXLhE16IxH/aREnPl": [
            "Img/thanhdongho_3",
            "cc.SpriteFrame",
            1
        ],
        "7baUtTUOlAz5Fjy8D08bn9": [
            "Img/thanhdongho_big",
            "cc.Texture2D"
        ],
        "f7IkpZuF5DuJj9VR7W9zLg": [
            "Img/thanhdongho_big",
            "cc.SpriteFrame",
            1
        ],
        "23TJAeSVtHtL84Qp+nJrQC": [
            "Sound/AtOhh",
            "cc.AudioClip"
        ],
        "d6Gz8YEJRD7a7bmDgygf9C": [
            "Sound/BatDauQuayTraDiem",
            "cc.AudioClip"
        ],
        "25Cwmo0KdDAo5h4st1sJ5/": [
            "Sound/Bip",
            "cc.AudioClip"
        ],
        "08xmhQEIxPV4oiK3n11aWu": [
            "Sound/BonusKhiBet",
            "cc.AudioClip"
        ],
        "acaLWHufZIiJIr6dbHRIJH": [
            "Sound/CauNoiAnTruoc1CuaX30",
            "cc.AudioClip"
        ],
        "b6AFQMvW1HVpfHkHzteumB": [
            "Sound/CauNoiDapChuot",
            "cc.AudioClip"
        ],
        "09U3AzoZ1GgYysjrVfC0yW": [
            "Sound/CauNoiKhiVeVang",
            "cc.AudioClip"
        ],
        "efz52Xm+lGH78HBVleO+mS": [
            "Sound/CauNoiShowResultAnTruocX30",
            "cc.AudioClip"
        ],
        "51Ite4kctCUrONkYjBNEsm": [
            "Sound/CauNoiTraDiem",
            "cc.AudioClip"
        ],
        "59+AuGeX1GeYh35CrGVs3K": [
            "Sound/CauNoiTraDiemXong",
            "cc.AudioClip"
        ],
        "c9r4oI3KpBSYWayGPp+luq": [
            "Sound/CauNoiVeBass",
            "cc.AudioClip"
        ],
        "b87ShJX0xO0I/Fn3O0FZZj": [
            "Sound/CauNoiX3Luon",
            "cc.AudioClip"
        ],
        "354X+8+q1IyoCGibqv5oT8": [
            "Sound/ChayItem",
            "cc.AudioClip"
        ],
        "2622nJz91Huqe9H7VF3cf9": [
            "Sound/CongTien",
            "cc.AudioClip"
        ],
        "24KprMzxdDTIKxKuR7ycvM": [
            "Sound/CuocKhungHoang",
            "cc.AudioClip"
        ],
        "8dFv3AEy1M8a+aiVs5ZjPB": [
            "Sound/DonDap",
            "cc.AudioClip"
        ],
        "e9wMf66CRCObtmuWPXEiWs": [
            "Sound/EffectAnRandomItemNhoSau",
            "cc.AudioClip"
        ],
        "68dnxMYeJJNrk2fy3gDZ4W": [
            "Sound/EndDoiMau",
            "cc.AudioClip"
        ],
        "12oK4WiuVKf7K1bi4M112X": [
            "Sound/Gong",
            "cc.AudioClip"
        ],
        "52ZM9/ptJCFIautlerPHLo": [
            "Sound/HieuUngAnTatCaCacCua",
            "cc.AudioClip"
        ],
        "aeN6jGDllOdbaKXbgWblJ0": [
            "Sound/Hu'",
            "cc.AudioClip"
        ],
        "c5h+DLe0BI4JR9FfwTbZY1": [
            "Sound/Item/ItemBar",
            "cc.AudioClip"
        ],
        "efXiFk5QhDwYzybb3qw204": [
            "Sound/Item/ItemCam",
            "cc.AudioClip"
        ],
        "2dM0Ss2kxMUqeCng33RLEL": [
            "Sound/Item/ItemChuong",
            "cc.AudioClip"
        ],
        "f9yh6nW7tOYYly5EqsTGb1": [
            "Sound/Item/ItemDua",
            "cc.AudioClip"
        ],
        "46n88RjKJFWLYYWot+CFsm": [
            "Sound/Item/ItemMangCau",
            "cc.AudioClip"
        ],
        "a7QrmlI0JLfJ5YPbxY9rne": [
            "Sound/Item/ItemSao",
            "cc.AudioClip"
        ],
        "a4eGmWqSdIAKCA0Eg2ysMg": [
            "Sound/Item/ItemSeven",
            "cc.AudioClip"
        ],
        "edbE1+ruJPUISr0tUAZrX6": [
            "Sound/Item/ItemTao",
            "cc.AudioClip"
        ],
        "8cJ7bl19ZA5ZBk8g6FqvRM": [
            "Sound/ItemChay1Vong",
            "cc.AudioClip"
        ],
        "adwdU07klMY7IaXjur2WyC": [
            "Sound/MauDo",
            "cc.AudioClip"
        ],
        "8dcMWOb0pLkps+SxZgD7Ot": [
            "Sound/MauVang",
            "cc.AudioClip"
        ],
        "8cmRZx+NFIELbe8Oprl3pb": [
            "Sound/MauXanhLa",
            "cc.AudioClip"
        ],
        "12/8uuY4NDl5FK69qiwpww": [
            "Sound/MiOLa",
            "cc.AudioClip"
        ],
        "1dYvdqfWlNQIgdJFs8PXBZ": [
            "Sound/NextSoXo",
            "cc.AudioClip"
        ],
        "20GCarL5BKlYRDR1ycIf0F": [
            "Sound/NhacCho1",
            "cc.AudioClip"
        ],
        "46ClYTg2FDiJWn2dLVFy30": [
            "Sound/NhacCho2",
            "cc.AudioClip"
        ],
        "d4M5hwL0dP8om3pSOIoEG3": [
            "Sound/NhacCho3",
            "cc.AudioClip"
        ],
        "c63rbKTv9FkY6uDtMqSm6u": [
            "Sound/NhacCho4",
            "cc.AudioClip"
        ],
        "69J2m86VRJq7QAqo4J8yp6": [
            "Sound/NhacDoiMau",
            "cc.AudioClip"
        ],
        "22r4vaHFxHSJiZRm2kJGTn": [
            "Sound/NhacNenToNho",
            "cc.AudioClip"
        ],
        "0dz3sQWtxNJ5MWGN9TtxJq": [
            "Sound/NhacNenTraDiem",
            "cc.AudioClip"
        ],
        "6eWT9UydlNoI6BNQNk7Yuq": [
            "Sound/NhacNenXtonho",
            "cc.AudioClip"
        ],
        "7dzgaB1INONosULjvG517U": [
            "Sound/NhacVeBar",
            "cc.AudioClip"
        ],
        "e6ytIqMtdKdqKTQPpBpVTH": [
            "Sound/NhacVeVang",
            "cc.AudioClip"
        ],
        "452Jbes59AxaSfwMPPy74n": [
            "Sound/NiChieuSangCieu",
            "cc.AudioClip"
        ],
        "04nAOQ+0ZLUo8rq5Bgcjxu": [
            "Sound/NoLienTuc",
            "cc.AudioClip"
        ],
        "8d8o3/ls5AJb+IGFJjZn6P": [
            "Sound/RandomSo",
            "cc.AudioClip"
        ],
        "a0iSdICZZH05raKGlnsy5y": [
            "Sound/SangHao",
            "cc.AudioClip"
        ],
        "534RZ4sPJKubspyQOW6Y6j": [
            "Sound/ShowHeSoRandom",
            "cc.AudioClip"
        ],
        "15dL2DOb5JG62mswqXvG2i": [
            "Sound/SoundX7ToNho",
            "cc.AudioClip"
        ],
        "52IhIe+2BFv43kfZPBe5U5": [
            "Sound/SpinNormal",
            "cc.AudioClip"
        ],
        "4dtLeoLjxIXLv4nT+MRu9X": [
            "Sound/SpinSpecial",
            "cc.AudioClip"
        ],
        "12dEah5GZHsrT5/jRU7e6J": [
            "Sound/StartDapChuot",
            "cc.AudioClip"
        ],
        "f7oPCOFYVMJ4RoiSghJdDD": [
            "Sound/StartXmutilToNho",
            "cc.AudioClip"
        ],
        "85S8/mKcdPc5KAu8eSa8Ux": [
            "Sound/ThaiKaiSun",
            "cc.AudioClip"
        ],
        "4aAeGvxUFOYYpaSMQUWzYv": [
            "Sound/TiengCuoi",
            "cc.AudioClip"
        ],
        "fb22gN5idOy4TKDZDG4ysH": [
            "Sound/TiengKen1",
            "cc.AudioClip"
        ],
        "98j/MTvdFLR747AlsojepR": [
            "Sound/TiengKen2",
            "cc.AudioClip"
        ],
        "e6Q56OpQ5D9LcFi3wYRh9B": [
            "Sound/TiengNo",
            "cc.AudioClip"
        ],
        "27tStWP7dDzqw96TGxN/fJ": [
            "Sound/TiengNoVaChemKiem",
            "cc.AudioClip"
        ],
        "82uRFMEQ5D9a63ar5wGIRJ": [
            "Sound/TiengRandomHesoAnTruocX30",
            "cc.AudioClip"
        ],
        "bcPcI3d09KvL7xZeysvS9L": [
            "Sound/Ting",
            "cc.AudioClip"
        ],
        "cbykYQzLFEBJ5hTuyWKX4I": [
            "Sound/Ting2",
            "cc.AudioClip"
        ],
        "c1LNTpYWxDAr9jnMVM8Zrr": [
            "Sound/TingTingDT",
            "cc.AudioClip"
        ],
        "4ae5Y7lGRDObn4tiYsJwwV": [
            "Sound/TuNaiXa`",
            "cc.AudioClip"
        ],
        "2bEW8/+ChCBY7IGjbyu9Ia": [
            "Sound/VuiMung",
            "cc.AudioClip"
        ],
        "58qJ5vT2RKVKjOBfcotQ8Q": [
            "Sound/Woa",
            "cc.AudioClip"
        ],
        "aaXETQ1ZZJlZUQswCSTDJl": [
            "Sound/XaPe",
            "cc.AudioClip"
        ],
        "eccqLdrnVHRaagl/h7dQ4C": [
            "Sound/XiPe",
            "cc.AudioClip"
        ],
        "1fELoD8UFCCYwoRilONv5U": [
            "Sound/Yabe",
            "cc.AudioClip"
        ]
    },
    "uuids": [
        "009QMZmW9EN4s+197KM9et",
        "032+e8NkNGbKBF2c1t8IBO",
        "04nAOQ+0ZLUo8rq5Bgcjxu",
        "05qmop8gFB+Lz/RZNAU4Fl",
        "06YcjZrj9MaJOJsrF3jvMQ",
        "08xmhQEIxPV4oiK3n11aWu",
        "09U3AzoZ1GgYysjrVfC0yW",
        "09gVCOpuNNLL7mn8BD2aTG",
        "0cw808m45FK52fRZJYql0D",
        "0dz3sQWtxNJ5MWGN9TtxJq",
        "12dEah5GZHsrT5/jRU7e6J",
        "12oK4WiuVKf7K1bi4M112X",
        "12/8uuY4NDl5FK69qiwpww",
        "135a79d32",
        "13lR+SAPtE0bo8FngxVrtY",
        "15CkLLibZHqJRGEZLAUjET",
        "15dL2DOb5JG62mswqXvG2i",
        "16Nt1SFOdAGaZJrF/liKFJ",
        "17KkiGeotHYqLDmbPNmc97",
        "17mu1JsO9KeLuBW4X1Six6",
        "1aFllWRatLdbheEjXgHPb3",
        "1a7KyDylJMu4T3V/bHAuAL",
        "1dYvdqfWlNQIgdJFs8PXBZ",
        "1eprF3/ANA8bYPAVhZGH0x",
        "1fELoD8UFCCYwoRilONv5U",
        "20GCarL5BKlYRDR1ycIf0F",
        "20OTulTk9Ju6yRSPpx9XLC",
        "22r4vaHFxHSJiZRm2kJGTn",
        "23TJAeSVtHtL84Qp+nJrQC",
        "24KprMzxdDTIKxKuR7ycvM",
        "25Cwmo0KdDAo5h4st1sJ5/",
        "26rwZEcRBF/I33i6dzyfLu",
        "26whzq2TJIja2noEG4166/",
        "2622nJz91Huqe9H7VF3cf9",
        "27tStWP7dDzqw96TGxN/fJ",
        "29FYIk+N1GYaeWH/q1NxQO",
        "29Mt+/bj5CGq1jmIqpiq5H",
        "29cFjoyiFMLLl3YbwgX6mg",
        "2bEW8/+ChCBY7IGjbyu9Ia",
        "2bk4wNw1xCP7lTZZGS4dAP",
        "2cQ1VWlvlNoZW259sCbq38",
        "2dM0Ss2kxMUqeCng33RLEL",
        "2dOdEixkhKEotFsPtUNC/Q",
        "2fkxGZ8wZBjKPmMQ+UViol",
        "33wzEexy9NkYxbr2r97Jj3",
        "35KFXRVzxEL57SlptgSjk1",
        "354X+8+q1IyoCGibqv5oT8",
        "36DQ59k6RNW4tBO/SMXNTe",
        "37v1DO4jxCOarOtaWfPUDD",
        "39bJbXMYFHj5l8SBcm/IeT",
        "3at4w798RM7LSk5RjrJ5iA",
        "3bKGjkhF5A857hE1cnJKXB",
        "3cLdSv0pBE0JUiNobsbTYg",
        "40WQF+ZXVJyqioJYIWAfXL",
        "41fQGuW2pFEZI3Re2Linvs",
        "452Jbes59AxaSfwMPPy74n",
        "46ClYTg2FDiJWn2dLVFy30",
        "46DIBHMWBBIJPp70wX4mJg",
        "46PZ93BaBHJ6Wij9SNISgl",
        "46n88RjKJFWLYYWot+CFsm",
        "477F4t2sFPMJQoeJZazBnm",
        "48b+ZIiylH/6dwvKi2elG1",
        "4aAeGvxUFOYYpaSMQUWzYv",
        "4ae5Y7lGRDObn4tiYsJwwV",
        "4cM7OJebJFf70cGUhHxmjy",
        "4dtLeoLjxIXLv4nT+MRu9X",
        "50Lb5/LLdFW5Z3qww1I2fu",
        "51Ite4kctCUrONkYjBNEsm",
        "51RiiQCzJGEr6kXWfa5t67",
        "52IhIe+2BFv43kfZPBe5U5",
        "52SOAedzJA/ZmGMfKncsfL",
        "52ZM9/ptJCFIautlerPHLo",
        "534RZ4sPJKubspyQOW6Y6j",
        "57l4sfRB5CiLBK+zvCyeHG",
        "578D6zxFNJNYLlIESmdXDZ",
        "58qJ5vT2RKVKjOBfcotQ8Q",
        "59S/K6Z4NFKLqRjhQUKMDx",
        "59oh3DtKFAZpm2rLJ5djE6",
        "59+AuGeX1GeYh35CrGVs3K",
        "5bKHALMe9PZIgLDqsKYOw1",
        "5d1zfycGRCmISaslcrqC91",
        "63gKhGCLpL1J6zz1uMy/kx",
        "68dnxMYeJJNrk2fy3gDZ4W",
        "69J2m86VRJq7QAqo4J8yp6",
        "6dIomRhOZNw546HyGSz+8L",
        "6eWT9UydlNoI6BNQNk7Yuq",
        "6fM+pZ0BdI+YwTazxuR1g3",
        "6fN9N1KyBOhoPDja9WJQMs",
        "72CqIRi2VByZilkaYSCXnq",
        "73RSzQ//BBkYlxPWhl89bC",
        "74I7/GXLhE16IxH/aREnPl",
        "75epcWY0ZFNYCeLGUtim7h",
        "759Gf8QbJKxqeFRRDAcaKL",
        "79X+EPlYBMnLY/diYtGoZM",
        "7atnkm+vtBk6Mvv8DBz46m",
        "7baUtTUOlAz5Fjy8D08bn9",
        "7b4LNXfm5NzoOpl0LHDt8N",
        "7c2xRaeuVFdq5TzWk8ZYNq",
        "7dzgaB1INONosULjvG517U",
        "81bwda79JCg7lmeHLs1zLZ",
        "81fRId2R5Bh7rbnYocoxy7",
        "82uRFMEQ5D9a63ar5wGIRJ",
        "85S8/mKcdPc5KAu8eSa8Ux",
        "871kOpOFhFw7HT9KHHaajH",
        "889eK5NxhHgJRqSuYhP2ct",
        "8cJ7bl19ZA5ZBk8g6FqvRM",
        "8cmRZx+NFIELbe8Oprl3pb",
        "8dFv3AEy1M8a+aiVs5ZjPB",
        "8dcMWOb0pLkps+SxZgD7Ot",
        "8dfnV1j5tDAIEKtfkkL08c",
        "8d8o3/ls5AJb+IGFJjZn6P",
        "8fRRcHZy1LdomWI+oPEwl5",
        "95APAfEvVKxYcdJ65iQrQ3",
        "97dWIYHBhDzoZD6K0u7eg8",
        "98j/MTvdFLR747AlsojepR",
        "99Zw7VlTVAjIdSaqFymSC9",
        "99vRNGlKFKwqU6+N9QEN7X",
        "9ckQrUmYxBkYbs4zI+fKwL",
        "9dMOaTFiVJj6X/lZGzOLoo",
        "9eNe5yI+5CFaas/fKNCFgk",
        "9fLpSqoWdLI56GoMwMZzK5",
        "9f1v2lVBlKS7v1G2fHvENQ",
        "a0iSdICZZH05raKGlnsy5y",
        "a0sAbNiVJGF7YVGyilbzJj",
        "a074UCqiBC6akteVZics0F",
        "a2MjXRFdtLlYQ5ouAFv/+R",
        "a2Vml9eq1EabV+0R4j9QKX",
        "a3nLTJvOtMt6cWZKo0Ow1E",
        "a3y3ZmoPVGR7AIXKwEyLEC",
        "a31Cl7OSZEOol8OM7/FFXN",
        "a4aLJY/6BD9rzaNo6O9t+y",
        "a4eGmWqSdIAKCA0Eg2ysMg",
        "a5PiZVTIJD1JJeXQKlsORS",
        "a7QrmlI0JLfJ5YPbxY9rne",
        "a9chn2qA9KpKVut79VSRHY",
        "aaXETQ1ZZJlZUQswCSTDJl",
        "aaofP+3ylEiJtyUFuxztAy",
        "acRon91iJPva9PiQK7XyP/",
        "acaLWHufZIiJIr6dbHRIJH",
        "advfNvdRdBVbw08tRHNpWY",
        "adwdU07klMY7IaXjur2WyC",
        "aeN6jGDllOdbaKXbgWblJ0",
        "b2COAGZ8NOFoCQl8ugoLf9",
        "b6AFQMvW1HVpfHkHzteumB",
        "b6zkyrtT5GULmm9RccNlNq",
        "b87ShJX0xO0I/Fn3O0FZZj",
        "banEAxl/xKzo3lsakaBGw3",
        "bbTYZItkFFUIggMnn2393O",
        "bcPcI3d09KvL7xZeysvS9L",
        "bflXqMVDZDVZ8bjx6YGj6b",
        "c0qJlyrxxJL7Pb7p2VKwIE",
        "c1AXhairlHwJSo1PuGS7ux",
        "c1LNTpYWxDAr9jnMVM8Zrr",
        "c1W8uwsZ9LMLu+HNj02m6S",
        "c5h+DLe0BI4JR9FfwTbZY1",
        "c63rbKTv9FkY6uDtMqSm6u",
        "c7lsM6s7NCKZ27jp/Sw4eR",
        "c9VupEoCxGbIrIXOJwwOth",
        "c9r4oI3KpBSYWayGPp+luq",
        "cbykYQzLFEBJ5hTuyWKX4I",
        "cb/6UZkaxPSJoanJTLAiNA",
        "ceEmzaZl5NmaO09IwOvRgc",
        "cfDjPNnr9MJKUYlw6Wcq+4",
        "d4M5hwL0dP8om3pSOIoEG3",
        "d6Gz8YEJRD7a7bmDgygf9C",
        "e12kQqcLlDYai0bXjzMdsE",
        "e6Q56OpQ5D9LcFi3wYRh9B",
        "e6ytIqMtdKdqKTQPpBpVTH",
        "e8A3EXMOlEcbMrxRsbEB7Y",
        "e9wMf66CRCObtmuWPXEiWs",
        "e97GVMl6JHh5Ml5qEDdSGa",
        "ea6kNjSQxMq4Gte3BB+ElU",
        "eccqLdrnVHRaagl/h7dQ4C",
        "ecpdLyjvZBwrvm+cedCcQy",
        "edbE1+ruJPUISr0tUAZrX6",
        "efXiFk5QhDwYzybb3qw204",
        "efz52Xm+lGH78HBVleO+mS",
        "f0BIwQ8D5Ml7nTNQbh1YlS",
        "f086MHhXhFuL2WUaHQwU0H",
        "f3l+8jM9JOdbPfUrArfQAf",
        "f4i02ey1hL64hiBFSm7IQN",
        "f7IkpZuF5DuJj9VR7W9zLg",
        "f7oPCOFYVMJ4RoiSghJdDD",
        "f8LaFawGNF5rXNu6Dj6lZb",
        "f9RqpDOQ1Lur0XPv5sgJ7O",
        "f9yh6nW7tOYYly5EqsTGb1",
        "faSvv0N5BDpIYA4R9c6YYz",
        "fb22gN5idOy4TKDZDG4ysH",
        "fdLD/bLQhJv6jQB3QwACji"
    ],
    "scenes": {
        "db://assets/Bundle/Xeng/XengGame.fire": "ceEmzaZl5NmaO09IwOvRgc"
    },
    "redirect": [
        "29FYIk+N1GYaeWH/q1NxQO",
        0,
        "2dOdEixkhKEotFsPtUNC/Q",
        0,
        "477F4t2sFPMJQoeJZazBnm",
        0,
        "52SOAedzJA/ZmGMfKncsfL",
        0,
        "7atnkm+vtBk6Mvv8DBz46m",
        0,
        "a2MjXRFdtLlYQ5ouAFv/+R",
        0,
        "c9VupEoCxGbIrIXOJwwOth",
        0,
        "cb/6UZkaxPSJoanJTLAiNA",
        0,
        "e97GVMl6JHh5Ml5qEDdSGa",
        0,
        "ecpdLyjvZBwrvm+cedCcQy",
        1,
        "f0BIwQ8D5Ml7nTNQbh1YlS",
        0,
        "fdLD/bLQhJv6jQB3QwACji",
        0
    ],
    "deps": [
        "resources",
        "internal"
    ],
    "packs": {
        "0c4f40579": [
            "009QMZmW9EN4s+197KM9et",
            "032+e8NkNGbKBF2c1t8IBO",
            "04nAOQ+0ZLUo8rq5Bgcjxu",
            "05qmop8gFB+Lz/RZNAU4Fl",
            "06YcjZrj9MaJOJsrF3jvMQ",
            "08xmhQEIxPV4oiK3n11aWu",
            "09U3AzoZ1GgYysjrVfC0yW",
            "09gVCOpuNNLL7mn8BD2aTG",
            "0cw808m45FK52fRZJYql0D",
            "0dz3sQWtxNJ5MWGN9TtxJq",
            "12dEah5GZHsrT5/jRU7e6J",
            "12oK4WiuVKf7K1bi4M112X",
            "12/8uuY4NDl5FK69qiwpww",
            "13lR+SAPtE0bo8FngxVrtY",
            "15CkLLibZHqJRGEZLAUjET",
            "15dL2DOb5JG62mswqXvG2i",
            "17KkiGeotHYqLDmbPNmc97",
            "17mu1JsO9KeLuBW4X1Six6",
            "1aFllWRatLdbheEjXgHPb3",
            "1dYvdqfWlNQIgdJFs8PXBZ",
            "1eprF3/ANA8bYPAVhZGH0x",
            "1fELoD8UFCCYwoRilONv5U",
            "20GCarL5BKlYRDR1ycIf0F",
            "20OTulTk9Ju6yRSPpx9XLC",
            "22r4vaHFxHSJiZRm2kJGTn",
            "23TJAeSVtHtL84Qp+nJrQC",
            "24KprMzxdDTIKxKuR7ycvM",
            "25Cwmo0KdDAo5h4st1sJ5/",
            "26rwZEcRBF/I33i6dzyfLu",
            "26whzq2TJIja2noEG4166/",
            "2622nJz91Huqe9H7VF3cf9",
            "27tStWP7dDzqw96TGxN/fJ",
            "29cFjoyiFMLLl3YbwgX6mg",
            "2bEW8/+ChCBY7IGjbyu9Ia",
            "2bk4wNw1xCP7lTZZGS4dAP",
            "2cQ1VWlvlNoZW259sCbq38",
            "2dM0Ss2kxMUqeCng33RLEL",
            "2fkxGZ8wZBjKPmMQ+UViol",
            "33wzEexy9NkYxbr2r97Jj3",
            "35KFXRVzxEL57SlptgSjk1",
            "354X+8+q1IyoCGibqv5oT8",
            "36DQ59k6RNW4tBO/SMXNTe",
            "39bJbXMYFHj5l8SBcm/IeT",
            "3at4w798RM7LSk5RjrJ5iA",
            "3bKGjkhF5A857hE1cnJKXB",
            "3cLdSv0pBE0JUiNobsbTYg",
            "41fQGuW2pFEZI3Re2Linvs",
            "452Jbes59AxaSfwMPPy74n",
            "46ClYTg2FDiJWn2dLVFy30",
            "46DIBHMWBBIJPp70wX4mJg",
            "46PZ93BaBHJ6Wij9SNISgl",
            "46n88RjKJFWLYYWot+CFsm",
            "4aAeGvxUFOYYpaSMQUWzYv",
            "4ae5Y7lGRDObn4tiYsJwwV",
            "4cM7OJebJFf70cGUhHxmjy",
            "4dtLeoLjxIXLv4nT+MRu9X",
            "50Lb5/LLdFW5Z3qww1I2fu",
            "51Ite4kctCUrONkYjBNEsm",
            "51RiiQCzJGEr6kXWfa5t67",
            "52IhIe+2BFv43kfZPBe5U5",
            "52ZM9/ptJCFIautlerPHLo",
            "534RZ4sPJKubspyQOW6Y6j",
            "57l4sfRB5CiLBK+zvCyeHG",
            "58qJ5vT2RKVKjOBfcotQ8Q",
            "59S/K6Z4NFKLqRjhQUKMDx",
            "59oh3DtKFAZpm2rLJ5djE6",
            "59+AuGeX1GeYh35CrGVs3K",
            "5bKHALMe9PZIgLDqsKYOw1",
            "5d1zfycGRCmISaslcrqC91",
            "63gKhGCLpL1J6zz1uMy/kx",
            "68dnxMYeJJNrk2fy3gDZ4W",
            "69J2m86VRJq7QAqo4J8yp6",
            "6dIomRhOZNw546HyGSz+8L",
            "6fM+pZ0BdI+YwTazxuR1g3",
            "6fN9N1KyBOhoPDja9WJQMs",
            "73RSzQ//BBkYlxPWhl89bC",
            "74I7/GXLhE16IxH/aREnPl",
            "75epcWY0ZFNYCeLGUtim7h",
            "759Gf8QbJKxqeFRRDAcaKL",
            "7dzgaB1INONosULjvG517U",
            "81bwda79JCg7lmeHLs1zLZ",
            "82uRFMEQ5D9a63ar5wGIRJ",
            "85S8/mKcdPc5KAu8eSa8Ux",
            "871kOpOFhFw7HT9KHHaajH",
            "889eK5NxhHgJRqSuYhP2ct",
            "8cJ7bl19ZA5ZBk8g6FqvRM",
            "8cmRZx+NFIELbe8Oprl3pb",
            "8dFv3AEy1M8a+aiVs5ZjPB",
            "8dcMWOb0pLkps+SxZgD7Ot",
            "8dfnV1j5tDAIEKtfkkL08c",
            "8d8o3/ls5AJb+IGFJjZn6P",
            "8fRRcHZy1LdomWI+oPEwl5",
            "97dWIYHBhDzoZD6K0u7eg8",
            "98j/MTvdFLR747AlsojepR",
            "99vRNGlKFKwqU6+N9QEN7X",
            "9ckQrUmYxBkYbs4zI+fKwL",
            "9dMOaTFiVJj6X/lZGzOLoo",
            "9fLpSqoWdLI56GoMwMZzK5",
            "9f1v2lVBlKS7v1G2fHvENQ",
            "a0iSdICZZH05raKGlnsy5y",
            "a0sAbNiVJGF7YVGyilbzJj",
            "a074UCqiBC6akteVZics0F",
            "a2Vml9eq1EabV+0R4j9QKX",
            "a3nLTJvOtMt6cWZKo0Ow1E",
            "a3y3ZmoPVGR7AIXKwEyLEC",
            "a4eGmWqSdIAKCA0Eg2ysMg",
            "a5PiZVTIJD1JJeXQKlsORS",
            "a7QrmlI0JLfJ5YPbxY9rne",
            "a9chn2qA9KpKVut79VSRHY",
            "aaXETQ1ZZJlZUQswCSTDJl",
            "aaofP+3ylEiJtyUFuxztAy",
            "acRon91iJPva9PiQK7XyP/",
            "acaLWHufZIiJIr6dbHRIJH",
            "advfNvdRdBVbw08tRHNpWY",
            "adwdU07klMY7IaXjur2WyC",
            "aeN6jGDllOdbaKXbgWblJ0",
            "b2COAGZ8NOFoCQl8ugoLf9",
            "b6AFQMvW1HVpfHkHzteumB",
            "b6zkyrtT5GULmm9RccNlNq",
            "b87ShJX0xO0I/Fn3O0FZZj",
            "banEAxl/xKzo3lsakaBGw3",
            "bcPcI3d09KvL7xZeysvS9L",
            "c0qJlyrxxJL7Pb7p2VKwIE",
            "c1AXhairlHwJSo1PuGS7ux",
            "c1LNTpYWxDAr9jnMVM8Zrr",
            "c5h+DLe0BI4JR9FfwTbZY1",
            "c63rbKTv9FkY6uDtMqSm6u",
            "c7lsM6s7NCKZ27jp/Sw4eR",
            "c9r4oI3KpBSYWayGPp+luq",
            "cbykYQzLFEBJ5hTuyWKX4I",
            "ceEmzaZl5NmaO09IwOvRgc",
            "d4M5hwL0dP8om3pSOIoEG3",
            "d6Gz8YEJRD7a7bmDgygf9C",
            "e12kQqcLlDYai0bXjzMdsE",
            "e6Q56OpQ5D9LcFi3wYRh9B",
            "e6ytIqMtdKdqKTQPpBpVTH",
            "e9wMf66CRCObtmuWPXEiWs",
            "ea6kNjSQxMq4Gte3BB+ElU",
            "eccqLdrnVHRaagl/h7dQ4C",
            "edbE1+ruJPUISr0tUAZrX6",
            "efXiFk5QhDwYzybb3qw204",
            "efz52Xm+lGH78HBVleO+mS",
            "f086MHhXhFuL2WUaHQwU0H",
            "f4i02ey1hL64hiBFSm7IQN",
            "f7IkpZuF5DuJj9VR7W9zLg",
            "f7oPCOFYVMJ4RoiSghJdDD",
            "f8LaFawGNF5rXNu6Dj6lZb",
            "f9RqpDOQ1Lur0XPv5sgJ7O",
            "f9yh6nW7tOYYly5EqsTGb1",
            "faSvv0N5BDpIYA4R9c6YYz",
            "fb22gN5idOy4TKDZDG4ysH"
        ],
        "0f78cea92": [
            "135a79d32",
            "16Nt1SFOdAGaZJrF/liKFJ",
            "1a7KyDylJMu4T3V/bHAuAL",
            "40WQF+ZXVJyqioJYIWAfXL",
            "578D6zxFNJNYLlIESmdXDZ",
            "72CqIRi2VByZilkaYSCXnq",
            "79X+EPlYBMnLY/diYtGoZM",
            "7baUtTUOlAz5Fjy8D08bn9",
            "7b4LNXfm5NzoOpl0LHDt8N",
            "7c2xRaeuVFdq5TzWk8ZYNq",
            "81fRId2R5Bh7rbnYocoxy7",
            "99Zw7VlTVAjIdSaqFymSC9",
            "a4aLJY/6BD9rzaNo6O9t+y",
            "bbTYZItkFFUIggMnn2393O",
            "bflXqMVDZDVZ8bjx6YGj6b",
            "c1W8uwsZ9LMLu+HNj02m6S",
            "cfDjPNnr9MJKUYlw6Wcq+4",
            "e8A3EXMOlEcbMrxRsbEB7Y",
            "f3l+8jM9JOdbPfUrArfQAf"
        ],
        "0fc426ed6": [
            "48b+ZIiylH/6dwvKi2elG1",
            "9eNe5yI+5CFaas/fKNCFgk"
        ]
    },
    "name": "1",
    "importBase": "import",
    "nativeBase": "native",
    "debug": true,
    "isZip": false,
    "encrypted": false,
    "versions": {
        "import": [
            "0c4f40579",
            "3889e",
            "0f78cea92",
            "19b57",
            "0fc426ed6",
            "bdb44",
            "29Mt+/bj5CGq1jmIqpiq5H",
            "ae999",
            "37v1DO4jxCOarOtaWfPUDD",
            "d2228",
            "6eWT9UydlNoI6BNQNk7Yuq",
            "f31a9",
            "95APAfEvVKxYcdJ65iQrQ3",
            "b1b2d",
            "a31Cl7OSZEOol8OM7/FFXN",
            "087bc"
        ],
        "native": [
            "04nAOQ+0ZLUo8rq5Bgcjxu",
            "45835",
            "08xmhQEIxPV4oiK3n11aWu",
            "6ec53",
            "09U3AzoZ1GgYysjrVfC0yW",
            "b6f2a",
            "0dz3sQWtxNJ5MWGN9TtxJq",
            "a9e7b",
            "12dEah5GZHsrT5/jRU7e6J",
            "a47be",
            "12oK4WiuVKf7K1bi4M112X",
            "57816",
            "12/8uuY4NDl5FK69qiwpww",
            "44bec",
            "135a79d32",
            "0a7cd",
            "15dL2DOb5JG62mswqXvG2i",
            "225a7",
            "16Nt1SFOdAGaZJrF/liKFJ",
            "7adcc",
            "1a7KyDylJMu4T3V/bHAuAL",
            "292bb",
            "1dYvdqfWlNQIgdJFs8PXBZ",
            "39b11",
            "1fELoD8UFCCYwoRilONv5U",
            "c0e02",
            "20GCarL5BKlYRDR1ycIf0F",
            "91a1f",
            "22r4vaHFxHSJiZRm2kJGTn",
            "ac57a",
            "23TJAeSVtHtL84Qp+nJrQC",
            "52d2d",
            "24KprMzxdDTIKxKuR7ycvM",
            "aa026",
            "25Cwmo0KdDAo5h4st1sJ5/",
            "f0021",
            "2622nJz91Huqe9H7VF3cf9",
            "9ecad",
            "27tStWP7dDzqw96TGxN/fJ",
            "6d386",
            "2bEW8/+ChCBY7IGjbyu9Ia",
            "8893b",
            "2dM0Ss2kxMUqeCng33RLEL",
            "a7614",
            "354X+8+q1IyoCGibqv5oT8",
            "b0fb7",
            "40WQF+ZXVJyqioJYIWAfXL",
            "929ab",
            "452Jbes59AxaSfwMPPy74n",
            "6552b",
            "46ClYTg2FDiJWn2dLVFy30",
            "e822b",
            "46n88RjKJFWLYYWot+CFsm",
            "9f8e2",
            "4aAeGvxUFOYYpaSMQUWzYv",
            "32dfc",
            "4ae5Y7lGRDObn4tiYsJwwV",
            "4db69",
            "4dtLeoLjxIXLv4nT+MRu9X",
            "6f71f",
            "51Ite4kctCUrONkYjBNEsm",
            "6a01e",
            "52IhIe+2BFv43kfZPBe5U5",
            "ccdcb",
            "52ZM9/ptJCFIautlerPHLo",
            "5ef00",
            "534RZ4sPJKubspyQOW6Y6j",
            "b057e",
            "578D6zxFNJNYLlIESmdXDZ",
            "8a791",
            "58qJ5vT2RKVKjOBfcotQ8Q",
            "306b8",
            "59+AuGeX1GeYh35CrGVs3K",
            "d9dbd",
            "68dnxMYeJJNrk2fy3gDZ4W",
            "d991c",
            "69J2m86VRJq7QAqo4J8yp6",
            "3aff2",
            "6eWT9UydlNoI6BNQNk7Yuq",
            "e8d37",
            "72CqIRi2VByZilkaYSCXnq",
            "5dd1f",
            "79X+EPlYBMnLY/diYtGoZM",
            "1880e",
            "7baUtTUOlAz5Fjy8D08bn9",
            "97fdd",
            "7b4LNXfm5NzoOpl0LHDt8N",
            "4fd23",
            "7c2xRaeuVFdq5TzWk8ZYNq",
            "1a9dc",
            "7dzgaB1INONosULjvG517U",
            "0cc37",
            "81fRId2R5Bh7rbnYocoxy7",
            "2fa56",
            "82uRFMEQ5D9a63ar5wGIRJ",
            "8cd82",
            "85S8/mKcdPc5KAu8eSa8Ux",
            "9f60f",
            "8cJ7bl19ZA5ZBk8g6FqvRM",
            "8cf40",
            "8cmRZx+NFIELbe8Oprl3pb",
            "7a6b8",
            "8dFv3AEy1M8a+aiVs5ZjPB",
            "2cc88",
            "8dcMWOb0pLkps+SxZgD7Ot",
            "82c2b",
            "8d8o3/ls5AJb+IGFJjZn6P",
            "fb161",
            "98j/MTvdFLR747AlsojepR",
            "3573f",
            "99Zw7VlTVAjIdSaqFymSC9",
            "57ff0",
            "a0iSdICZZH05raKGlnsy5y",
            "c396f",
            "a4aLJY/6BD9rzaNo6O9t+y",
            "a0cb3",
            "a4eGmWqSdIAKCA0Eg2ysMg",
            "df450",
            "a7QrmlI0JLfJ5YPbxY9rne",
            "af729",
            "aaXETQ1ZZJlZUQswCSTDJl",
            "cc408",
            "acaLWHufZIiJIr6dbHRIJH",
            "71e3d",
            "adwdU07klMY7IaXjur2WyC",
            "b645e",
            "aeN6jGDllOdbaKXbgWblJ0",
            "c30af",
            "b6AFQMvW1HVpfHkHzteumB",
            "cdbf4",
            "b87ShJX0xO0I/Fn3O0FZZj",
            "93ebf",
            "bbTYZItkFFUIggMnn2393O",
            "a9a70",
            "bcPcI3d09KvL7xZeysvS9L",
            "03b08",
            "bflXqMVDZDVZ8bjx6YGj6b",
            "6d8bc",
            "c1LNTpYWxDAr9jnMVM8Zrr",
            "1afde",
            "c1W8uwsZ9LMLu+HNj02m6S",
            "3bc95",
            "c5h+DLe0BI4JR9FfwTbZY1",
            "5827c",
            "c63rbKTv9FkY6uDtMqSm6u",
            "7419b",
            "c9r4oI3KpBSYWayGPp+luq",
            "012dd",
            "cbykYQzLFEBJ5hTuyWKX4I",
            "52f12",
            "cfDjPNnr9MJKUYlw6Wcq+4",
            "4e645",
            "d4M5hwL0dP8om3pSOIoEG3",
            "46492",
            "d6Gz8YEJRD7a7bmDgygf9C",
            "fca83",
            "e6Q56OpQ5D9LcFi3wYRh9B",
            "70c52",
            "e6ytIqMtdKdqKTQPpBpVTH",
            "af60c",
            "e8A3EXMOlEcbMrxRsbEB7Y",
            "8159c",
            "e9wMf66CRCObtmuWPXEiWs",
            "de6fc",
            "eccqLdrnVHRaagl/h7dQ4C",
            "b99cc",
            "edbE1+ruJPUISr0tUAZrX6",
            "a3b40",
            "efXiFk5QhDwYzybb3qw204",
            "5cbbb",
            "efz52Xm+lGH78HBVleO+mS",
            "8bf85",
            "f3l+8jM9JOdbPfUrArfQAf",
            "e6268",
            "f7oPCOFYVMJ4RoiSghJdDD",
            "bc6dc",
            "f9yh6nW7tOYYly5EqsTGb1",
            "64587",
            "fb22gN5idOy4TKDZDG4ysH",
            "4bbf7"
        ]
    }
}