[1,["ff8VSVHfBKa7B0y2TPRGmy","d6AFAd1zdPKpg707WZ53Yh","b5Pk7pgJRBxZ1Lc6b6kDf0","4bt/sPCWhFp6tF6jyIazCh","fbeeaXMPxPJqHyahkzR9VW","30Q5npibpKn4dXEk/7iSS8","92GySzYRVAAZW5lS/nDyjL","ceI5VXzUNBsaF/Eme7XH5c","35YXFeGM9DHqQsURKFE1Bh","48s/AZJB5NHahtCeHSOY7f","0fRXN0ZBtDhr9JmcN0xtcH","18VbkmxpRNhJMnJviqAEG+","8fgCm2WttJOpbweWkmRj2o"],["_textureSetter","purple_4","purple_3","purple_5","purple_6","purple_0","purple_7","purple_decimal","purple_1","purple_9","purple_8","purple_2","purple_comma"],["cc.SpriteFrame",["cc.SpriteAtlas",["_name","_spriteFrames"],2,11]],[[1,0,1,2]],[[[{"name":"purple_8","rect":[1,133,53,64],"offset":[0,0],"originalSize":[53,64],"capInsets":[0,0,0,0]}],[0],0,[0],[0],[0]],[[{"name":"purple_2","rect":[1,1,54,64],"offset":[0,0],"originalSize":[54,64],"capInsets":[0,0,0,0]}],[0],0,[0],[0],[0]],[[{"name":"purple_0","rect":[1,398,50,64],"offset":[0,0],"originalSize":[50,64],"capInsets":[0,0,0,0]}],[0],0,[0],[0],[0]],[[{"name":"purple_1","rect":[1,596,43,63],"offset":[0,0],"originalSize":[43,63],"capInsets":[0,0,0,0]}],[0],0,[0],[0],[0]],[[{"name":"purple_9","rect":[1,199,53,64],"offset":[0,0],"originalSize":[53,64],"capInsets":[0,0,0,0]}],[0],0,[0],[0],[0]],[[{"name":"purple_5","rect":[1,67,53,64],"offset":[0,0],"originalSize":[53,64],"capInsets":[0,0,0,0]}],[0],0,[0],[0],[0]],[[{"name":"purple_comma","rect":[1,661,24,26],"offset":[0,0],"originalSize":[24,26],"capInsets":[0,0,0,0]}],[0],0,[0],[0],[0]],[[{"name":"purple_7","rect":[1,530,50,64],"offset":[0,0],"originalSize":[50,64],"capInsets":[0,0,0,0]}],[0],0,[0],[0],[0]],[[{"name":"purple_3","rect":[1,464,50,64],"offset":[0,0],"originalSize":[50,64],"capInsets":[0,0,0,0]}],[0],0,[0],[0],[0]],[[[0,"Alats37.plist",[{},"purple_4",6,0,"purple_3",6,1,"purple_5",6,2,"purple_6",6,3,"purple_0",6,4,"purple_7",6,5,"purple_decimal",6,6,"purple_1",6,7,"purple_9",6,8,"purple_8",6,9,"purple_2",6,10,"purple_comma",6,11]]],0,0,[0,0,0,0,0,0,0,0,0,0,0,0],[1,2,3,4,5,6,7,8,9,10,11,12],[1,2,3,4,5,6,7,8,9,10,11,12]],[[{"name":"purple_decimal","rect":[27,661,24,23],"offset":[0,0],"originalSize":[24,23],"capInsets":[0,0,0,0]}],[0],0,[0],[0],[0]],[[{"name":"purple_4","rect":[1,332,51,64],"offset":[0,0],"originalSize":[51,64],"capInsets":[0,0,0,0]}],[0],0,[0],[0],[0]],[[{"name":"purple_6","rect":[1,265,51,65],"offset":[0,0],"originalSize":[51,65],"capInsets":[0,0,0,0]}],[0],0,[0],[0],[0]]]]