[
  1,
  [
    "351xh7YXtEmrUxbzG7tqWj",
    "deuYXG5x1PT6dYYAhpWjDh",
    "68foSbLaZLvpaH/xN9j+Rd",
    "38pPAnHc1CvIEtUyxpy/Vw",
    "55XMogBpJO7rzSeuGeMKWs",
    "e6FqfuL/JLFLZTnLhKhD7J"
  ],
  [
    "_textureSetter",
    "v1",
    "v2",
    "v3",
    "v4",
    "v5"
  ],
  [
    "cc.SpriteFrame",
    [
      "cc.SpriteAtlas",
      [
        "_name",
        "_spriteFrames"
      ],
      2,
      11
    ]
  ],
  [
    [
      1,
      0,
      1,
      2
    ]
  ],
  [
    [
      [
        {
          "name": "v3",
          "rect": [
            0,
            339,
            168,
            163
          ],
          "offset": [
            0,
            0
          ],
          "originalSize": [
            169,
            163
          ],
          "capInsets": [
            0,
            0,
            0,
            0
          ]
        }
      ],
      [
        0
      ],
      0,
      [
        0
      ],
      [
        0
      ],
      [
        0
      ]
    ],
    [
      [
        [
          0,
          "borderAvt.plist",
          [
            {},
            "v1",
            6,
            0,
            "v2",
            6,
            1,
            "v3",
            6,
            2,
            "v4",
            6,
            3,
            "v5",
            6,
            4
          ]
        ]
      ],
      0,
      0,
      [
        0,
        0,
        0,
        0,
        0
      ],
      [
        1,
        2,
        3,
        4,
        5
      ],
      [
        1,
        2,
        3,
        4,
        5
      ]
    ],
    [
      [
        {
          "name": "v4",
          "rect": [
            0,
            169,
            177,
            169
          ],
          "offset": [
            0,
            0
          ],
          "originalSize": [
            177,
            169
          ],
          "capInsets": [
            0,
            0,
            0,
            0
          ]
        }
      ],
      [
        0
      ],
      0,
      [
        0
      ],
      [
        0
      ],
      [
        0
      ]
    ],
    [
      [
        {
          "name": "v2",
          "rect": [
            169,
            339,
            168,
            163
          ],
          "offset": [
            0,
            0
          ],
          "originalSize": [
            169,
            163
          ],
          "capInsets": [
            0,
            0,
            0,
            0
          ]
        }
      ],
      [
        0
      ],
      0,
      [
        0
      ],
      [
        0
      ],
      [
        0
      ]
    ],
    [
      [
        {
          "name": "v1",
          "rect": [
            178,
            169,
            149,
            151
          ],
          "offset": [
            0,
            0
          ],
          "originalSize": [
            149,
            151
          ],
          "capInsets": [
            0,
            0,
            0,
            0
          ]
        }
      ],
      [
        0
      ],
      0,
      [
        0
      ],
      [
        0
      ],
      [
        0
      ]
    ],
    [
      [
        {
          "name": "v5",
          "rect": [
            0,
            0,
            179,
            168
          ],
          "offset": [
            0,
            0
          ],
          "originalSize": [
            179,
            168
          ],
          "capInsets": [
            0,
            0,
            0,
            0
          ]
        }
      ],
      [
        0
      ],
      0,
      [
        0
      ],
      [
        0
      ],
      [
        0
      ]
    ]
  ]
]