[
  1,
  [
    "4bHuKyAElIy4YjnKx3aixd",
    "cd6Z9AuH9IsIczTOQGxRAF",
    "98tbvVlvtNoYV+m7GQfqLG",
    "b5IDdJqp9L/7c68ChR/Nr9",
    "c7cRFuQDtO9o78Un+97Xg3",
    "526PKcoqxCEL++ymhGdvfT",
    "2dDvpmqs1ErIm6AH+knk0h",
    "68STikzMJI976CIfZmaOep",
    "9aV0ZuBDZDHrEgzbHp7UCB",
    "9dLWnO9PNLbJ9LpfttFLE3",
    "b7jwj2DrpLjq9rRWCc8qd5"
  ],
  [
    "value"
  ],
  [
    [
      "cc.AnimationClip",
      [
        "_name",
        "_duration",
        "curveData"
      ],
      1,
      11
    ]
  ],
  [
    [
      0,
      0,
      1,
      2,
      3
    ]
  ],
  [
    [
      0,
      "mulltikill",
      0.21666666666666667,
      [
        {},
        "comps",
        11,
        [
          {},
          "cc.Sprite",
          11,
          [
            {},
            "spriteFrame",
            12,
            [
              [
                [
                  {
                    "frame": 0
                  },
                  "value",
                  6,
                  0
                ],
                [
                  {
                    "frame": 0.016666666666666666
                  },
                  "value",
                  6,
                  1
                ],
                [
                  {
                    "frame": 0.03333333333333333
                  },
                  "value",
                  6,
                  2
                ],
                [
                  {
                    "frame": 0.05
                  },
                  "value",
                  6,
                  3
                ],
                [
                  {
                    "frame": 0.06666666666666667
                  },
                  "value",
                  6,
                  4
                ],
                [
                  {
                    "frame": 0.08333333333333333
                  },
                  "value",
                  6,
                  5
                ],
                [
                  {
                    "frame": 0.1
                  },
                  "value",
                  6,
                  6
                ],
                [
                  {
                    "frame": 0.11666666666666667
                  },
                  "value",
                  6,
                  7
                ],
                [
                  {
                    "frame": 0.13333333333333333
                  },
                  "value",
                  6,
                  8
                ],
                [
                  {
                    "frame": 0.15
                  },
                  "value",
                  6,
                  9
                ],
                [
                  {
                    "frame": 0.16666666666666666
                  },
                  "value",
                  6,
                  10
                ],
                [
                  {
                    "frame": 0.18333333333333332
                  },
                  "value",
                  6,
                  11
                ],
                {
                  "frame": 0.2,
                  "value": null
                }
              ],
              11,
              11,
              11,
              11,
              11,
              11,
              11,
              11,
              11,
              11,
              11,
              11,
              0
            ]
          ]
        ]
      ]
    ]
  ],
  0,
  0,
  [
    0,
    0,
    0,
    0,
    0,
    0,
    0,
    0,
    0,
    0,
    0,
    0
  ],
  [
    0,
    0,
    0,
    0,
    0,
    0,
    0,
    0,
    0,
    0,
    0,
    0
  ],
  [
    0,
    1,
    2,
    3,
    4,
    5,
    6,
    7,
    8,
    9,
    10,
    0
  ]
]