[
  1,
  [
    "f3q745kgxI6KrFA8RF58iI"
  ],
  [
    "_textureSetter"
  ],
  [
    "cc.SpriteFrame"
  ],
  0,
  [
    {
      "name": "d76734c3-87d4-4220-8930-b156be22998f",
      "rect": [
        0,
        0,
        1280,
        720
      ],
      "offset": [
        0,
        0
      ],
      "originalSize": [
        1280,
        720
      ],
      "capInsets": [
        0,
        0,
        0,
        0
      ]
    }
  ],
  [
    0
  ],
  0,
  [
    0
  ],
  [
    0
  ],
  [
    0
  ]
]