[1,["a7KZpMDyxIZ5diWkk2e8PF","dczj6P+51EfYVCBslDw2fn","d1Px+agrNJy4BBYlrxZhFd","ff84UKQgpEB4o5pBqZ66BV","86fcKhQFtM05TZ2QWTICzx","4eGjwjhGlK/JO7GCuqL8Nj","6dcuZMW5BCVbB8SYZ3MKAs","fdm8SQh51HYbulSdYmUG/J","83DiqgCr5DF5L8RKkg6oLW","bf3BeBNPBOd68IaYT96Mqk","d0ybjKI0xEL564M/OGwvbK","01hzgzLQpFqoDDs2QWtB0w","2fyELBSdpBjpq9Ffcq+DWJ","9f1pa+3IpPILRKZSLNZiDa","96ai6GtPdLW735pLRDuOuN","d6EudmCIBCb5N68Avws7qd","8diYKQvy9LToxApw3WDBXe","9e875FRttDZLzjb5rv86Kg","a5XlenRGtKk6mzhRnKkzSP","13WnrKaQFPc4/v91OYdNvV","5e0KRu6X5LCq2CiUbu2AKY","26mO6GzQFEDYAfNPUGDmVG"],["_textureSetter","dragon_particle_screen_mode_31","dragon_particle_screen_mode_28","dragon_particle_screen_mode_07","dragon_particle_screen_mode_41","dragon_particle_screen_mode_16","dragon_particle_screen_mode_14","dragon_particle_screen_mode_36","dragon_particle_screen_mode_34","dragon_particle_screen_mode_27","dragon_particle_screen_mode_37","dragon_particle_screen_mode_13","dragon_particle_screen_mode_30","dragon_particle_screen_mode_35","dragon_particle_screen_mode_29","dragon_particle_screen_mode_05","dragon_particle_screen_mode_06","dragon_particle_screen_mode_38","dragon_particle_screen_mode_26","dragon_particle_screen_mode_39","dragon_particle_screen_mode_32","dragon_particle_screen_mode_33"],["cc.SpriteFrame",["cc.SpriteAtlas",["_name","_spriteFrames"],2,11]],[[1,0,1,2]],[[[{"name":"dragon_particle_screen_mode_13","rect":[1,905,114,331],"offset":[-1,0],"originalSize":[194,421],"rotated":1,"capInsets":[0,0,0,0]}],[0],0,[0],[0],[0]],[[{"name":"dragon_particle_screen_mode_39","rect":[762,654,136,355],"offset":[0,-1],"originalSize":[194,421],"capInsets":[0,0,0,0]}],[0],0,[0],[0],[0]],[[{"name":"dragon_particle_screen_mode_33","rect":[139,1,136,381],"offset":[0,13],"originalSize":[194,421],"rotated":1,"capInsets":[0,0,0,0]}],[0],0,[0],[0],[0]],[[{"name":"dragon_particle_screen_mode_30","rect":[381,798,136,379],"offset":[0,12],"originalSize":[194,421],"rotated":1,"capInsets":[0,0,0,0]}],[0],0,[0],[0],[0]],[[{"name":"dragon_particle_screen_mode_16","rect":[900,654,120,343],"offset":[1,3],"originalSize":[194,421],"capInsets":[0,0,0,0]}],[0],0,[0],[0],[0]],[[{"name":"dragon_particle_screen_mode_32","rect":[1,384,136,381],"offset":[0,13],"originalSize":[194,421],"rotated":1,"capInsets":[0,0,0,0]}],[0],0,[0],[0],[0]],[[{"name":"dragon_particle_screen_mode_14","rect":[263,522,116,335],"offset":[0,2],"originalSize":[194,421],"capInsets":[0,0,0,0]}],[0],0,[0],[0],[0]],[[{"name":"dragon_particle_screen_mode_34","rect":[522,1,136,379],"offset":[0,12],"originalSize":[194,421],"capInsets":[0,0,0,0]}],[0],0,[0],[0],[0]],[[{"name":"dragon_particle_screen_mode_41","rect":[660,1,136,355],"offset":[0,-1],"originalSize":[194,421],"capInsets":[0,0,0,0]}],[0],0,[0],[0],[0]],[[{"name":"dragon_particle_screen_mode_06","rect":[903,382,64,145],"offset":[-15,-89],"originalSize":[194,421],"capInsets":[0,0,0,0]}],[0],0,[0],[0],[0]],[[{"name":"dragon_particle_screen_mode_29","rect":[381,660,136,379],"offset":[0,12],"originalSize":[194,421],"rotated":1,"capInsets":[0,0,0,0]}],[0],0,[0],[0],[0]],[[[0,"Alats30.plist",[{},"dragon_particle_screen_mode_31",6,0,"dragon_particle_screen_mode_28",6,1,"dragon_particle_screen_mode_07",6,2,"dragon_particle_screen_mode_41",6,3,"dragon_particle_screen_mode_16",6,4,"dragon_particle_screen_mode_14",6,5,"dragon_particle_screen_mode_36",6,6,"dragon_particle_screen_mode_34",6,7,"dragon_particle_screen_mode_27",6,8,"dragon_particle_screen_mode_37",6,9,"dragon_particle_screen_mode_13",6,10,"dragon_particle_screen_mode_30",6,11,"dragon_particle_screen_mode_35",6,12,"dragon_particle_screen_mode_29",6,13,"dragon_particle_screen_mode_05",6,14,"dragon_particle_screen_mode_06",6,15,"dragon_particle_screen_mode_38",6,16,"dragon_particle_screen_mode_26",6,17,"dragon_particle_screen_mode_39",6,18,"dragon_particle_screen_mode_32",6,19,"dragon_particle_screen_mode_33",6,20]]],0,0,[0,0,0,0,0,0,0,0,0,0,0,0,0,0,0,0,0,0,0,0,0],[1,2,3,4,5,6,7,8,9,10,11,12,13,14,15,16,17,18,19,20,21],[1,2,3,4,5,6,7,8,9,10,11,12,13,14,15,16,17,18,19,20,21]],[[{"name":"dragon_particle_screen_mode_38","rect":[139,522,122,381],"offset":[0,13],"originalSize":[194,421],"capInsets":[0,0,0,0]}],[0],0,[0],[0],[0]],[[{"name":"dragon_particle_screen_mode_35","rect":[139,139,136,381],"offset":[-1,13],"originalSize":[194,421],"rotated":1,"capInsets":[0,0,0,0]}],[0],0,[0],[0],[0]],[[{"name":"dragon_particle_screen_mode_26","rect":[522,382,134,379],"offset":[0,11],"originalSize":[194,421],"rotated":1,"capInsets":[0,0,0,0]}],[0],0,[0],[0],[0]],[[{"name":"dragon_particle_screen_mode_27","rect":[522,518,134,379],"offset":[0,12],"originalSize":[194,421],"rotated":1,"capInsets":[0,0,0,0]}],[0],0,[0],[0],[0]],[[{"name":"dragon_particle_screen_mode_37","rect":[1,522,136,381],"offset":[0,12],"originalSize":[194,421],"capInsets":[0,0,0,0]}],[0],0,[0],[0],[0]],[[{"name":"dragon_particle_screen_mode_28","rect":[798,1,134,379],"offset":[0,12],"originalSize":[194,421],"capInsets":[0,0,0,0]}],[0],0,[0],[0],[0]],[[{"name":"dragon_particle_screen_mode_05","rect":[903,529,54,121],"offset":[-18,-99],"originalSize":[194,421],"capInsets":[0,0,0,0]}],[0],0,[0],[0],[0]],[[{"name":"dragon_particle_screen_mode_31","rect":[1,1,136,381],"offset":[0,13],"originalSize":[194,421],"capInsets":[0,0,0,0]}],[0],0,[0],[0],[0]],[[{"name":"dragon_particle_screen_mode_36","rect":[384,277,136,381],"offset":[0,13],"originalSize":[194,421],"capInsets":[0,0,0,0]}],[0],0,[0],[0],[0]],[[{"name":"dragon_particle_screen_mode_07","rect":[139,277,88,225],"offset":[-9,-50],"originalSize":[194,421],"rotated":1,"capInsets":[0,0,0,0]}],[0],0,[0],[0],[0]]]]