[1,["c64OMSpbtNJKYv0kWmr/F9","c0gkQyClJGW6nFA9MFhrlm","6fib27NzJG9rnKrfZRyCR4","311rMH1IFK1LFtFwIegiZE","c2OeML22xM9pQXi03pqlcr","7aN9gSoH5PH6IDU/ApJn9J","beyS8q959Oe7oP33D4Vmdj","1daBzfgL1HNYYe06to9wRZ","7bdXwAow5Pkoy/TwLZCFq9","026u7cdPdOCaYS5blFKpJ8","aabZaktTZAS4Sz8OpHDPey","96tH0+bgZLYavWcJZjGrhK","27y1hCR3pOx4RF9vf3dY+Y","33TcLfmO9JG7FiympYYi6u","3aSQYa8INPlJ4ghxNVKLDf","2dlVPINWNBcrFggCCmZa3X","9bjNOpv39NaryQ217nZQKM","95TrFr1ANIGqe0DBPDzY/s","93zRKgYC1Myq9mKwnQULv3","5bE5PtWbFC8Z8qXFociS1X","a6hVelwPFE57OJlraQcVuz","a308q7CjtJt5ll0VfRvVbr"],["_textureSetter","info_vfx_a_12","info_vfx_a_09","info_vfx_a_01","info_vfx_a_18","info_vfx_a_04","info_vfx_a_05","info_vfx_a_13","info_vfx_a_17","info_vfx_a_02","info_vfx_a_00","info_vfx_a_19","info_vfx_a_10","info_vfx_a_16","info_vfx_a_06","info_vfx_a_14","info_vfx_a_15","info_vfx_a_03","info_vfx_a_08","info_vfx_a_11","info_vfx_a_07","info_vfx_a_20"],["cc.SpriteFrame",["cc.SpriteAtlas",["_name","_spriteFrames"],2,11]],[[1,0,1,2]],[[[{"name":"info_vfx_a_02","rect":[1679,1633,344,284],"offset":[10,0],"originalSize":[560,560],"rotated":1,"capInsets":[0,0,0,0]}],[0],0,[0],[0],[0]],[[{"name":"info_vfx_a_13","rect":[933,439,448,448],"offset":[-1,7],"originalSize":[560,560],"capInsets":[0,0,0,0]}],[0],0,[0],[0],[0]],[[{"name":"info_vfx_a_10","rect":[971,1,464,436],"offset":[-16,7],"originalSize":[560,560],"capInsets":[0,0,0,0]}],[0],0,[0],[0],[0]],[[{"name":"info_vfx_a_14","rect":[1,853,450,452],"offset":[-1,7],"originalSize":[560,560],"rotated":1,"capInsets":[0,0,0,0]}],[0],0,[0],[0],[0]],[[{"name":"info_vfx_a_01","rect":[1,1719,294,240],"offset":[11,-1],"originalSize":[560,560],"capInsets":[0,0,0,0]}],[0],0,[0],[0],[0]],[[{"name":"info_vfx_a_16","rect":[1437,405,428,454],"offset":[11,7],"originalSize":[560,560],"rotated":1,"capInsets":[0,0,0,0]}],[0],0,[0],[0],[0]],[[{"name":"info_vfx_a_06","rect":[1437,1,464,402],"offset":[2,7],"originalSize":[560,560],"capInsets":[0,0,0,0]}],[0],0,[0],[0],[0]],[[{"name":"info_vfx_a_11","rect":[455,893,440,440],"offset":[-2,6],"originalSize":[560,560],"capInsets":[0,0,0,0]}],[0],0,[0],[0],[0]],[[{"name":"info_vfx_a_09","rect":[487,1,482,436],"offset":[-5,10],"originalSize":[560,560],"capInsets":[0,0,0,0]}],[0],0,[0],[0],[0]],[[{"name":"info_vfx_a_04","rect":[1327,1281,420,350],"offset":[6,6],"originalSize":[560,560],"capInsets":[0,0,0,0]}],[0],0,[0],[0],[0]],[[{"name":"info_vfx_a_17","rect":[1,1305,412,428],"offset":[3,21],"originalSize":[560,560],"rotated":1,"capInsets":[0,0,0,0]}],[0],0,[0],[0],[0]],[[{"name":"info_vfx_a_08","rect":[1,1,484,430],"offset":[-1,8],"originalSize":[560,560],"capInsets":[0,0,0,0]}],[0],0,[0],[0],[0]],[[{"name":"info_vfx_a_03","rect":[861,1653,386,316],"offset":[8,5],"originalSize":[560,560],"capInsets":[0,0,0,0]}],[0],0,[0],[0],[0]],[[{"name":"info_vfx_a_19","rect":[897,1269,382,428],"offset":[18,21],"originalSize":[560,560],"rotated":1,"capInsets":[0,0,0,0]}],[0],0,[0],[0],[0]],[[{"name":"info_vfx_a_15","rect":[479,439,452,452],"offset":[-1,7],"originalSize":[560,560],"capInsets":[0,0,0,0]}],[0],0,[0],[0],[0]],[[{"name":"info_vfx_a_20","rect":[1249,1653,284,428],"offset":[-31,22],"originalSize":[560,560],"rotated":1,"capInsets":[0,0,0,0]}],[0],0,[0],[0],[0]],[[{"name":"info_vfx_a_07","rect":[1,433,476,418],"offset":[1,8],"originalSize":[560,560],"capInsets":[0,0,0,0]}],[0],0,[0],[0],[0]],[[{"name":"info_vfx_a_00","rect":[297,1719,234,182],"offset":[13,-5],"originalSize":[560,560],"rotated":1,"capInsets":[0,0,0,0]}],[0],0,[0],[0],[0]],[[{"name":"info_vfx_a_05","rect":[933,889,444,378],"offset":[4,6],"originalSize":[560,560],"capInsets":[0,0,0,0]}],[0],0,[0],[0],[0]],[[{"name":"info_vfx_a_12","rect":[1383,835,444,446],"offset":[-1,7],"originalSize":[560,560],"rotated":1,"capInsets":[0,0,0,0]}],[0],0,[0],[0],[0]],[[{"name":"info_vfx_a_18","rect":[431,1335,382,428],"offset":[18,21],"originalSize":[560,560],"rotated":1,"capInsets":[0,0,0,0]}],[0],0,[0],[0],[0]],[[[0,"Alats18.plist",[{},"info_vfx_a_12",6,0,"info_vfx_a_09",6,1,"info_vfx_a_01",6,2,"info_vfx_a_18",6,3,"info_vfx_a_04",6,4,"info_vfx_a_05",6,5,"info_vfx_a_13",6,6,"info_vfx_a_17",6,7,"info_vfx_a_02",6,8,"info_vfx_a_00",6,9,"info_vfx_a_19",6,10,"info_vfx_a_10",6,11,"info_vfx_a_16",6,12,"info_vfx_a_06",6,13,"info_vfx_a_14",6,14,"info_vfx_a_15",6,15,"info_vfx_a_03",6,16,"info_vfx_a_08",6,17,"info_vfx_a_11",6,18,"info_vfx_a_07",6,19,"info_vfx_a_20",6,20]]],0,0,[0,0,0,0,0,0,0,0,0,0,0,0,0,0,0,0,0,0,0,0,0],[1,2,3,4,5,6,7,8,9,10,11,12,13,14,15,16,17,18,19,20,21],[1,2,3,4,5,6,7,8,9,10,11,12,13,14,15,16,17,18,19,20,21]]]]