[1,["7dKUhYdo5CHLz/COj/iD16","653MZHBOZPUpK7g1klfkYb","6fdajIxzdLILzCR2b/EtRh"],["_textureSetter","ui_reel","ui_bg_a"],["cc.SpriteFrame",["cc.SpriteAtlas",["_name","_spriteFrames"],2,11]],[[1,0,1,2]],[[[{"name":"ui_reel","rect":[1,1,540,616],"offset":[0,0],"originalSize":[540,616],"capInsets":[0,0,0,0]}],[0],0,[0],[0],[0]],[[{"name":"ui_bg_a","rect":[1,619,540,187],"offset":[0,0],"originalSize":[540,187],"capInsets":[0,0,0,0]}],[0],0,[0],[0],[0]],[[[0,"Alats66.plist",[{},"ui_reel",6,0,"ui_bg_a",6,1]]],0,0,[0,0],[1,2],[1,2]]]]