[1,["59Lsm6DHRDBarw+yCVPQm5","96RXER359H2p2wnogRvHlF","b74zvob1BIi6ZqB7KfnBqn","43WLxwb7pJmpdeyzX0ENwx","e7uc81bxJCw5xKJsdcviHg","6focGgOBhNdZMt01HelTPw","746chZmFZG3p9OysR9EzfV","6dzU4quOdBWKLT1bTAedHx","c1wjHv6TxJIZUTuYXZetSX","bdNrQtWvFPw7Jjkdd6Vv5U","769eaB2adDsZqWDmQNJ/CY","97BVkLJwxKk4/KkH8Fjyhr","2eDIgO739AGr/nOYzgItDY","52keVFHypG7rbFMM+roMP3","0eJQTNiONFhZ1C/v2I1pzv","1fxioiES9OxoaSkoNsVZ01","cc9g+1bS9KJJS9wojkjKjY","5cocqeEUxDar3dBUopbWk3","3cd3avuUNJl4P301WxcJ5V"],["value"],[["cc.AnimationClip",["_name","_duration","sample","wrapMode","curveData"],-1,11]],[[0,0,1,2,3,4,5]],[[0,"f_bg",0.7916666666666666,24,2,[{},"comps",11,[{},"cc.Sprite",11,[{},"spriteFrame",12,[[[{"frame":0},"value",6,0],[{"frame":0.041666666666666664},"value",6,1],[{"frame":0.08333333333333333},"value",6,2],[{"frame":0.125},"value",6,3],[{"frame":0.16666666666666666},"value",6,4],[{"frame":0.20833333333333334},"value",6,5],[{"frame":0.25},"value",6,6],[{"frame":0.2916666666666667},"value",6,7],[{"frame":0.3333333333333333},"value",6,8],[{"frame":0.375},"value",6,9],[{"frame":0.4166666666666667},"value",6,10],[{"frame":0.4583333333333333},"value",6,11],[{"frame":0.5},"value",6,12],[{"frame":0.5416666666666666},"value",6,13],[{"frame":0.5833333333333334},"value",6,14],[{"frame":0.625},"value",6,15],[{"frame":0.6666666666666666},"value",6,16],[{"frame":0.7083333333333334},"value",6,17],[{"frame":0.75},"value",6,18]],11,11,11,11,11,11,11,11,11,11,11,11,11,11,11,11,11,11,11]]]]]],0,0,[0,0,0,0,0,0,0,0,0,0,0,0,0,0,0,0,0,0,0],[0,0,0,0,0,0,0,0,0,0,0,0,0,0,0,0,0,0,0],[0,1,2,3,4,5,6,7,8,9,10,11,12,13,14,15,16,17,18]]