[1,["67/SKtG7hJVo9kR6wnd/00"],["_textureSetter"],["cc.SpriteFrame"],0,[[[{"name":"info_2","rect":[1,39,656,36],"offset":[0,0],"originalSize":[656,36],"capInsets":[0,0,0,0]}],[0],0,[0],[0],[0]],[[{"name":"win","rect":[1202,1,61,35],"offset":[0,0],"originalSize":[61,35],"capInsets":[0,0,0,0]}],[0],0,[0],[0],[0]],[[{"name":"info_1","rect":[659,39,579,36],"offset":[0,0],"originalSize":[579,36],"capInsets":[0,0,0,0]}],[0],0,[0],[0],[0]],[[{"name":"info_3","rect":[1,1,1031,36],"offset":[0,0],"originalSize":[1031,36],"capInsets":[0,0,0,0]}],[0],0,[0],[0],[0]]]]