[
  1,
  [
    "ffVFMg0YNO35P5jggfUa94",
    "8fOAzpn6NMvJIs4nTLUp88"
  ],
  [
    "_textureSetter",
    "spriteFrame"
  ],
  [
    "cc.SpriteFrame",
    [
      "cc.BitmapFont",
      [
        "_name",
        "fontSize",
        "_fntConfig"
      ],
      0
    ]
  ],
  [
    [
      1,
      0,
      1,
      2,
      4
    ]
  ],
  [
    [
      [
        {
          "name": "MyriadPB_Title_Gold-export",
          "rect": [
            0,
            0,
            586,
            589
          ],
          "offset": [
            0,
            0
          ],
          "originalSize": [
            586,
            589
          ],
          "capInsets": [
            0,
            0,
            0,
            0
          ]
        }
      ],
      [
        0
      ],
      0,
      [
        0
      ],
      [
        0
      ],
      [
        0
      ]
    ],
    [
      [
        [
          0,
          "MyriadPB_Title_Gold-export",
          32,
          {
            "commonHeight": 38,
            "fontSize": 32,
            "atlasName": "MyriadPB_Title_Gold-export.png",
            "fontDefDictionary": {
              "9": {
                "xOffset": 0,
                "yOffset": 0,
                "xAdvance": 300,
                "rect": {
                  "x": 0,
                  "y": 0,
                  "width": 0,
                  "height": 0
                }
              },
              "32": {
                "xOffset": 0,
                "yOffset": 0,
                "xAdvance": 10,
                "rect": {
                  "x": 0,
                  "y": 0,
                  "width": 0,
                  "height": 0
                }
              },
              "33": {
                "xOffset": 0,
                "yOffset": -2,
                "xAdvance": 12,
                "rect": {
                  "x": 569,
                  "y": 0,
                  "width": 16,
                  "height": 40
                }
              },
              "34": {
                "xOffset": 0,
                "yOffset": -2,
                "xAdvance": 19,
                "rect": {
                  "x": 82,
                  "y": 454,
                  "width": 23,
                  "height": 22
                }
              },
              "35": {
                "xOffset": 0,
                "yOffset": -1,
                "xAdvance": 26,
                "rect": {
                  "x": 400,
                  "y": 45,
                  "width": 30,
                  "height": 39
                }
              },
              "36": {
                "xOffset": 0,
                "yOffset": -4,
                "xAdvance": 24,
                "rect": {
                  "x": 493,
                  "y": 402,
                  "width": 28,
                  "height": 46
                }
              },
              "37": {
                "xOffset": 0,
                "yOffset": -1,
                "xAdvance": 41,
                "rect": {
                  "x": 0,
                  "y": 42,
                  "width": 45,
                  "height": 40
                }
              },
              "38": {
                "xOffset": 0,
                "yOffset": -2,
                "xAdvance": 33,
                "rect": {
                  "x": 89,
                  "y": 0,
                  "width": 37,
                  "height": 40
                }
              },
              "39": {
                "xOffset": 0,
                "yOffset": -2,
                "xAdvance": 10,
                "rect": {
                  "x": 369,
                  "y": 443,
                  "width": 14,
                  "height": 22
                }
              },
              "40": {
                "xOffset": 0,
                "yOffset": -2,
                "xAdvance": 14,
                "rect": {
                  "x": 549,
                  "y": 81,
                  "width": 18,
                  "height": 46
                }
              },
              "41": {
                "xOffset": 0,
                "yOffset": -2,
                "xAdvance": 14,
                "rect": {
                  "x": 549,
                  "y": 33,
                  "width": 18,
                  "height": 46
                }
              },
              "42": {
                "xOffset": 0,
                "yOffset": -2,
                "xAdvance": 22,
                "rect": {
                  "x": 121,
                  "y": 561,
                  "width": 26,
                  "height": 27
                }
              },
              "43": {
                "xOffset": 0,
                "yOffset": 5,
                "xAdvance": 28,
                "rect": {
                  "x": 165,
                  "y": 55,
                  "width": 32,
                  "height": 33
                }
              },
              "44": {
                "xOffset": 0,
                "yOffset": 20,
                "xAdvance": 14,
                "rect": {
                  "x": 171,
                  "y": 565,
                  "width": 18,
                  "height": 23
                }
              },
              "45": {
                "xOffset": 0,
                "yOffset": 15,
                "xAdvance": 16,
                "rect": {
                  "x": 149,
                  "y": 565,
                  "width": 20,
                  "height": 14
                }
              },
              "46": {
                "xOffset": 0,
                "yOffset": 20,
                "xAdvance": 12,
                "rect": {
                  "x": 336,
                  "y": 571,
                  "width": 16,
                  "height": 18
                }
              },
              "47": {
                "xOffset": 0,
                "yOffset": -2,
                "xAdvance": 18,
                "rect": {
                  "x": 523,
                  "y": 199,
                  "width": 22,
                  "height": 42
                }
              },
              "48": {
                "xOffset": 0,
                "yOffset": -1,
                "xAdvance": 27,
                "rect": {
                  "x": 336,
                  "y": 216,
                  "width": 31,
                  "height": 39
                }
              },
              "49": {
                "xOffset": 0,
                "yOffset": -1,
                "xAdvance": 17,
                "rect": {
                  "x": 546,
                  "y": 362,
                  "width": 21,
                  "height": 39
                }
              },
              "50": {
                "xOffset": 0,
                "yOffset": -1,
                "xAdvance": 25,
                "rect": {
                  "x": 432,
                  "y": 398,
                  "width": 29,
                  "height": 39
                }
              },
              "51": {
                "xOffset": 0,
                "yOffset": -1,
                "xAdvance": 25,
                "rect": {
                  "x": 432,
                  "y": 472,
                  "width": 29,
                  "height": 39
                }
              },
              "52": {
                "xOffset": 0,
                "yOffset": -1,
                "xAdvance": 27,
                "rect": {
                  "x": 336,
                  "y": 257,
                  "width": 31,
                  "height": 39
                }
              },
              "53": {
                "xOffset": 0,
                "yOffset": -1,
                "xAdvance": 25,
                "rect": {
                  "x": 432,
                  "y": 0,
                  "width": 29,
                  "height": 39
                }
              },
              "54": {
                "xOffset": 0,
                "yOffset": -1,
                "xAdvance": 27,
                "rect": {
                  "x": 303,
                  "y": 268,
                  "width": 31,
                  "height": 39
                }
              },
              "55": {
                "xOffset": 0,
                "yOffset": -1,
                "xAdvance": 25,
                "rect": {
                  "x": 432,
                  "y": 41,
                  "width": 29,
                  "height": 39
                }
              },
              "56": {
                "xOffset": 0,
                "yOffset": -1,
                "xAdvance": 27,
                "rect": {
                  "x": 304,
                  "y": 352,
                  "width": 31,
                  "height": 39
                }
              },
              "57": {
                "xOffset": 0,
                "yOffset": -1,
                "xAdvance": 26,
                "rect": {
                  "x": 368,
                  "y": 129,
                  "width": 30,
                  "height": 39
                }
              },
              "58": {
                "xOffset": 0,
                "yOffset": 7,
                "xAdvance": 12,
                "rect": {
                  "x": 523,
                  "y": 463,
                  "width": 16,
                  "height": 31
                }
              },
              "59": {
                "xOffset": 0,
                "yOffset": 7,
                "xAdvance": 14,
                "rect": {
                  "x": 568,
                  "y": 181,
                  "width": 18,
                  "height": 37
                }
              },
              "60": {
                "xOffset": 0,
                "yOffset": 5,
                "xAdvance": 27,
                "rect": {
                  "x": 335,
                  "y": 181,
                  "width": 31,
                  "height": 33
                }
              },
              "61": {
                "xOffset": 0,
                "yOffset": 10,
                "xAdvance": 28,
                "rect": {
                  "x": 0,
                  "y": 563,
                  "width": 32,
                  "height": 23
                }
              },
              "62": {
                "xOffset": 0,
                "yOffset": 5,
                "xAdvance": 26,
                "rect": {
                  "x": 369,
                  "y": 408,
                  "width": 30,
                  "height": 33
                }
              },
              "63": {
                "xOffset": 0,
                "yOffset": -2,
                "xAdvance": 20,
                "rect": {
                  "x": 523,
                  "y": 76,
                  "width": 24,
                  "height": 40
                }
              },
              "64": {
                "xOffset": 0,
                "yOffset": 2,
                "xAdvance": 35,
                "rect": {
                  "x": 0,
                  "y": 520,
                  "width": 39,
                  "height": 41
                }
              },
              "65": {
                "xOffset": 0,
                "yOffset": -2,
                "xAdvance": 32,
                "rect": {
                  "x": 128,
                  "y": 0,
                  "width": 36,
                  "height": 40
                }
              },
              "66": {
                "xOffset": 0,
                "yOffset": -2,
                "xAdvance": 27,
                "rect": {
                  "x": 303,
                  "y": 226,
                  "width": 31,
                  "height": 40
                }
              },
              "67": {
                "xOffset": 0,
                "yOffset": -2,
                "xAdvance": 29,
                "rect": {
                  "x": 199,
                  "y": 97,
                  "width": 33,
                  "height": 40
                }
              },
              "68": {
                "xOffset": 0,
                "yOffset": -2,
                "xAdvance": 31,
                "rect": {
                  "x": 160,
                  "y": 396,
                  "width": 35,
                  "height": 40
                }
              },
              "69": {
                "xOffset": 0,
                "yOffset": -2,
                "xAdvance": 24,
                "rect": {
                  "x": 463,
                  "y": 236,
                  "width": 28,
                  "height": 40
                }
              },
              "70": {
                "xOffset": 0,
                "yOffset": -2,
                "xAdvance": 23,
                "rect": {
                  "x": 493,
                  "y": 541,
                  "width": 27,
                  "height": 40
                }
              },
              "71": {
                "xOffset": 0,
                "yOffset": -2,
                "xAdvance": 31,
                "rect": {
                  "x": 160,
                  "y": 295,
                  "width": 35,
                  "height": 40
                }
              },
              "72": {
                "xOffset": 0,
                "yOffset": -2,
                "xAdvance": 29,
                "rect": {
                  "x": 233,
                  "y": 342,
                  "width": 33,
                  "height": 40
                }
              },
              "73": {
                "xOffset": 0,
                "yOffset": -2,
                "xAdvance": 11,
                "rect": {
                  "x": 569,
                  "y": 42,
                  "width": 15,
                  "height": 40
                }
              },
              "74": {
                "xOffset": 0,
                "yOffset": -2,
                "xAdvance": 20,
                "rect": {
                  "x": 523,
                  "y": 118,
                  "width": 24,
                  "height": 40
                }
              },
              "75": {
                "xOffset": 0,
                "yOffset": -2,
                "xAdvance": 29,
                "rect": {
                  "x": 234,
                  "y": 384,
                  "width": 33,
                  "height": 40
                }
              },
              "76": {
                "xOffset": 0,
                "yOffset": -2,
                "xAdvance": 23,
                "rect": {
                  "x": 493,
                  "y": 499,
                  "width": 27,
                  "height": 40
                }
              },
              "77": {
                "xOffset": 0,
                "yOffset": -2,
                "xAdvance": 38,
                "rect": {
                  "x": 0,
                  "y": 84,
                  "width": 42,
                  "height": 40
                }
              },
              "78": {
                "xOffset": 0,
                "yOffset": -2,
                "xAdvance": 29,
                "rect": {
                  "x": 268,
                  "y": 282,
                  "width": 33,
                  "height": 40
                }
              },
              "79": {
                "xOffset": 0,
                "yOffset": -2,
                "xAdvance": 34,
                "rect": {
                  "x": 49,
                  "y": 0,
                  "width": 38,
                  "height": 40
                }
              },
              "80": {
                "xOffset": 0,
                "yOffset": -2,
                "xAdvance": 26,
                "rect": {
                  "x": 401,
                  "y": 224,
                  "width": 30,
                  "height": 40
                }
              },
              "81": {
                "xOffset": 0,
                "yOffset": -2,
                "xAdvance": 34,
                "rect": {
                  "x": 41,
                  "y": 520,
                  "width": 38,
                  "height": 45
                }
              },
              "82": {
                "xOffset": 0,
                "yOffset": -2,
                "xAdvance": 27,
                "rect": {
                  "x": 336,
                  "y": 298,
                  "width": 31,
                  "height": 40
                }
              },
              "83": {
                "xOffset": 0,
                "yOffset": -2,
                "xAdvance": 25,
                "rect": {
                  "x": 432,
                  "y": 313,
                  "width": 29,
                  "height": 40
                }
              },
              "84": {
                "xOffset": 0,
                "yOffset": -2,
                "xAdvance": 28,
                "rect": {
                  "x": 269,
                  "y": 497,
                  "width": 32,
                  "height": 40
                }
              },
              "85": {
                "xOffset": 0,
                "yOffset": -2,
                "xAdvance": 29,
                "rect": {
                  "x": 199,
                  "y": 55,
                  "width": 33,
                  "height": 40
                }
              },
              "86": {
                "xOffset": 0,
                "yOffset": -2,
                "xAdvance": 32,
                "rect": {
                  "x": 122,
                  "y": 248,
                  "width": 36,
                  "height": 40
                }
              },
              "87": {
                "xOffset": 0,
                "yOffset": -2,
                "xAdvance": 43,
                "rect": {
                  "x": 0,
                  "y": 0,
                  "width": 47,
                  "height": 40
                }
              },
              "88": {
                "xOffset": 0,
                "yOffset": -2,
                "xAdvance": 30,
                "rect": {
                  "x": 197,
                  "y": 332,
                  "width": 34,
                  "height": 40
                }
              },
              "89": {
                "xOffset": 0,
                "yOffset": -2,
                "xAdvance": 30,
                "rect": {
                  "x": 197,
                  "y": 290,
                  "width": 34,
                  "height": 40
                }
              },
              "90": {
                "xOffset": 0,
                "yOffset": -2,
                "xAdvance": 28,
                "rect": {
                  "x": 269,
                  "y": 47,
                  "width": 32,
                  "height": 40
                }
              },
              "91": {
                "xOffset": 0,
                "yOffset": -2,
                "xAdvance": 14,
                "rect": {
                  "x": 568,
                  "y": 403,
                  "width": 18,
                  "height": 45
                }
              },
              "92": {
                "xOffset": 0,
                "yOffset": -2,
                "xAdvance": 18,
                "rect": {
                  "x": 523,
                  "y": 243,
                  "width": 22,
                  "height": 42
                }
              },
              "93": {
                "xOffset": 0,
                "yOffset": -2,
                "xAdvance": 14,
                "rect": {
                  "x": 568,
                  "y": 450,
                  "width": 18,
                  "height": 45
                }
              },
              "94": {
                "xOffset": 0,
                "yOffset": -1,
                "xAdvance": 27,
                "rect": {
                  "x": 303,
                  "y": 552,
                  "width": 31,
                  "height": 31
                }
              },
              "95": {
                "xOffset": 0,
                "yOffset": 31,
                "xAdvance": 27,
                "rect": {
                  "x": 198,
                  "y": 478,
                  "width": 31,
                  "height": 12
                }
              },
              "96": {
                "xOffset": 0,
                "yOffset": -3,
                "xAdvance": 14,
                "rect": {
                  "x": 234,
                  "y": 563,
                  "width": 18,
                  "height": 16
                }
              },
              "97": {
                "xOffset": 0,
                "yOffset": 7,
                "xAdvance": 24,
                "rect": {
                  "x": 432,
                  "y": 556,
                  "width": 28,
                  "height": 31
                }
              },
              "98": {
                "xOffset": 0,
                "yOffset": -3,
                "xAdvance": 26,
                "rect": {
                  "x": 400,
                  "y": 486,
                  "width": 30,
                  "height": 41
                }
              },
              "99": {
                "xOffset": 0,
                "yOffset": 7,
                "xAdvance": 22,
                "rect": {
                  "x": 522,
                  "y": 532,
                  "width": 26,
                  "height": 31
                }
              },
              "100": {
                "xOffset": 0,
                "yOffset": -3,
                "xAdvance": 27,
                "rect": {
                  "x": 303,
                  "y": 309,
                  "width": 31,
                  "height": 41
                }
              },
              "101": {
                "xOffset": 0,
                "yOffset": 7,
                "xAdvance": 26,
                "rect": {
                  "x": 400,
                  "y": 529,
                  "width": 30,
                  "height": 31
                }
              },
              "102": {
                "xOffset": 0,
                "yOffset": -3,
                "xAdvance": 20,
                "rect": {
                  "x": 523,
                  "y": 33,
                  "width": 24,
                  "height": 41
                }
              },
              "103": {
                "xOffset": 0,
                "yOffset": 7,
                "xAdvance": 27,
                "rect": {
                  "x": 303,
                  "y": 106,
                  "width": 31,
                  "height": 40
                }
              },
              "104": {
                "xOffset": 0,
                "yOffset": -3,
                "xAdvance": 25,
                "rect": {
                  "x": 432,
                  "y": 82,
                  "width": 29,
                  "height": 41
                }
              },
              "105": {
                "xOffset": 0,
                "yOffset": -3,
                "xAdvance": 12,
                "rect": {
                  "x": 568,
                  "y": 318,
                  "width": 16,
                  "height": 41
                }
              },
              "106": {
                "xOffset": 0,
                "yOffset": -3,
                "xAdvance": 17,
                "rect": {
                  "x": 523,
                  "y": 411,
                  "width": 21,
                  "height": 50
                }
              },
              "107": {
                "xOffset": 0,
                "yOffset": -3,
                "xAdvance": 26,
                "rect": {
                  "x": 400,
                  "y": 86,
                  "width": 30,
                  "height": 41
                }
              },
              "108": {
                "xOffset": 0,
                "yOffset": -3,
                "xAdvance": 11,
                "rect": {
                  "x": 569,
                  "y": 84,
                  "width": 15,
                  "height": 41
                }
              },
              "109": {
                "xOffset": 0,
                "yOffset": 7,
                "xAdvance": 37,
                "rect": {
                  "x": 0,
                  "y": 159,
                  "width": 41,
                  "height": 31
                }
              },
              "110": {
                "xOffset": 0,
                "yOffset": 7,
                "xAdvance": 25,
                "rect": {
                  "x": 432,
                  "y": 439,
                  "width": 29,
                  "height": 31
                }
              },
              "111": {
                "xOffset": 0,
                "yOffset": 7,
                "xAdvance": 26,
                "rect": {
                  "x": 336,
                  "y": 483,
                  "width": 30,
                  "height": 31
                }
              },
              "112": {
                "xOffset": 0,
                "yOffset": 7,
                "xAdvance": 26,
                "rect": {
                  "x": 337,
                  "y": 431,
                  "width": 30,
                  "height": 40
                }
              },
              "113": {
                "xOffset": 0,
                "yOffset": 7,
                "xAdvance": 27,
                "rect": {
                  "x": 304,
                  "y": 393,
                  "width": 31,
                  "height": 40
                }
              },
              "114": {
                "xOffset": 0,
                "yOffset": 7,
                "xAdvance": 18,
                "rect": {
                  "x": 523,
                  "y": 329,
                  "width": 22,
                  "height": 31
                }
              },
              "115": {
                "xOffset": 0,
                "yOffset": 7,
                "xAdvance": 21,
                "rect": {
                  "x": 523,
                  "y": 0,
                  "width": 25,
                  "height": 31
                }
              },
              "116": {
                "xOffset": 0,
                "yOffset": 1,
                "xAdvance": 19,
                "rect": {
                  "x": 523,
                  "y": 160,
                  "width": 23,
                  "height": 37
                }
              },
              "117": {
                "xOffset": 0,
                "yOffset": 7,
                "xAdvance": 25,
                "rect": {
                  "x": 401,
                  "y": 266,
                  "width": 29,
                  "height": 31
                }
              },
              "118": {
                "xOffset": 0,
                "yOffset": 7,
                "xAdvance": 27,
                "rect": {
                  "x": 44,
                  "y": 91,
                  "width": 31,
                  "height": 31
                }
              },
              "119": {
                "xOffset": 0,
                "yOffset": 7,
                "xAdvance": 37,
                "rect": {
                  "x": 0,
                  "y": 126,
                  "width": 41,
                  "height": 31
                }
              },
              "120": {
                "xOffset": 0,
                "yOffset": 7,
                "xAdvance": 27,
                "rect": {
                  "x": 303,
                  "y": 148,
                  "width": 31,
                  "height": 31
                }
              },
              "121": {
                "xOffset": 0,
                "yOffset": 7,
                "xAdvance": 27,
                "rect": {
                  "x": 269,
                  "y": 183,
                  "width": 31,
                  "height": 41
                }
              },
              "122": {
                "xOffset": 0,
                "yOffset": 7,
                "xAdvance": 23,
                "rect": {
                  "x": 522,
                  "y": 499,
                  "width": 27,
                  "height": 31
                }
              },
              "123": {
                "xOffset": 0,
                "yOffset": -2,
                "xAdvance": 16,
                "rect": {
                  "x": 546,
                  "y": 403,
                  "width": 20,
                  "height": 45
                }
              },
              "124": {
                "xOffset": 0,
                "yOffset": -5,
                "xAdvance": 9,
                "rect": {
                  "x": 570,
                  "y": 497,
                  "width": 13,
                  "height": 54
                }
              },
              "125": {
                "xOffset": 0,
                "yOffset": -2,
                "xAdvance": 16,
                "rect": {
                  "x": 546,
                  "y": 450,
                  "width": 20,
                  "height": 45
                }
              },
              "126": {
                "xOffset": 0,
                "yOffset": 12,
                "xAdvance": 27,
                "rect": {
                  "x": 34,
                  "y": 567,
                  "width": 31,
                  "height": 18
                }
              },
              "192": {
                "xOffset": 0,
                "yOffset": -9,
                "xAdvance": 32,
                "rect": {
                  "x": 127,
                  "y": 42,
                  "width": 36,
                  "height": 47
                }
              },
              "193": {
                "xOffset": 0,
                "yOffset": -9,
                "xAdvance": 32,
                "rect": {
                  "x": 160,
                  "y": 140,
                  "width": 36,
                  "height": 47
                }
              },
              "194": {
                "xOffset": 0,
                "yOffset": -9,
                "xAdvance": 32,
                "rect": {
                  "x": 123,
                  "y": 91,
                  "width": 36,
                  "height": 47
                }
              },
              "195": {
                "xOffset": 0,
                "yOffset": -9,
                "xAdvance": 31,
                "rect": {
                  "x": 197,
                  "y": 492,
                  "width": 35,
                  "height": 47
                }
              },
              "200": {
                "xOffset": 0,
                "yOffset": -9,
                "xAdvance": 24,
                "rect": {
                  "x": 493,
                  "y": 146,
                  "width": 28,
                  "height": 47
                }
              },
              "201": {
                "xOffset": 0,
                "yOffset": -9,
                "xAdvance": 24,
                "rect": {
                  "x": 493,
                  "y": 45,
                  "width": 28,
                  "height": 47
                }
              },
              "202": {
                "xOffset": 0,
                "yOffset": -9,
                "xAdvance": 24,
                "rect": {
                  "x": 493,
                  "y": 450,
                  "width": 28,
                  "height": 47
                }
              },
              "204": {
                "xOffset": 0,
                "yOffset": -9,
                "xAdvance": 15,
                "rect": {
                  "x": 547,
                  "y": 199,
                  "width": 19,
                  "height": 47
                }
              },
              "205": {
                "xOffset": 0,
                "yOffset": -9,
                "xAdvance": 15,
                "rect": {
                  "x": 547,
                  "y": 248,
                  "width": 19,
                  "height": 47
                }
              },
              "210": {
                "xOffset": 0,
                "yOffset": -9,
                "xAdvance": 34,
                "rect": {
                  "x": 42,
                  "y": 192,
                  "width": 38,
                  "height": 47
                }
              },
              "211": {
                "xOffset": 0,
                "yOffset": -9,
                "xAdvance": 34,
                "rect": {
                  "x": 87,
                  "y": 42,
                  "width": 38,
                  "height": 47
                }
              },
              "212": {
                "xOffset": 0,
                "yOffset": -9,
                "xAdvance": 34,
                "rect": {
                  "x": 42,
                  "y": 241,
                  "width": 38,
                  "height": 47
                }
              },
              "213": {
                "xOffset": 0,
                "yOffset": -9,
                "xAdvance": 34,
                "rect": {
                  "x": 42,
                  "y": 290,
                  "width": 38,
                  "height": 47
                }
              },
              "217": {
                "xOffset": 0,
                "yOffset": -9,
                "xAdvance": 29,
                "rect": {
                  "x": 233,
                  "y": 293,
                  "width": 33,
                  "height": 47
                }
              },
              "218": {
                "xOffset": 0,
                "yOffset": -9,
                "xAdvance": 29,
                "rect": {
                  "x": 234,
                  "y": 137,
                  "width": 33,
                  "height": 47
                }
              },
              "221": {
                "xOffset": 0,
                "yOffset": -9,
                "xAdvance": 30,
                "rect": {
                  "x": 197,
                  "y": 374,
                  "width": 34,
                  "height": 47
                }
              },
              "224": {
                "xOffset": 0,
                "yOffset": -3,
                "xAdvance": 24,
                "rect": {
                  "x": 463,
                  "y": 337,
                  "width": 28,
                  "height": 41
                }
              },
              "225": {
                "xOffset": 0,
                "yOffset": -3,
                "xAdvance": 24,
                "rect": {
                  "x": 433,
                  "y": 220,
                  "width": 28,
                  "height": 41
                }
              },
              "226": {
                "xOffset": 0,
                "yOffset": -3,
                "xAdvance": 24,
                "rect": {
                  "x": 463,
                  "y": 193,
                  "width": 28,
                  "height": 41
                }
              },
              "227": {
                "xOffset": 0,
                "yOffset": -2,
                "xAdvance": 24,
                "rect": {
                  "x": 463,
                  "y": 380,
                  "width": 28,
                  "height": 40
                }
              },
              "232": {
                "xOffset": 0,
                "yOffset": -3,
                "xAdvance": 26,
                "rect": {
                  "x": 400,
                  "y": 443,
                  "width": 30,
                  "height": 41
                }
              },
              "233": {
                "xOffset": 0,
                "yOffset": -3,
                "xAdvance": 26,
                "rect": {
                  "x": 368,
                  "y": 170,
                  "width": 30,
                  "height": 41
                }
              },
              "234": {
                "xOffset": 0,
                "yOffset": -3,
                "xAdvance": 26,
                "rect": {
                  "x": 368,
                  "y": 0,
                  "width": 30,
                  "height": 41
                }
              },
              "236": {
                "xOffset": 0,
                "yOffset": -3,
                "xAdvance": 15,
                "rect": {
                  "x": 547,
                  "y": 297,
                  "width": 19,
                  "height": 41
                }
              },
              "237": {
                "xOffset": 0,
                "yOffset": -3,
                "xAdvance": 14,
                "rect": {
                  "x": 550,
                  "y": 532,
                  "width": 18,
                  "height": 41
                }
              },
              "242": {
                "xOffset": 0,
                "yOffset": -3,
                "xAdvance": 26,
                "rect": {
                  "x": 336,
                  "y": 89,
                  "width": 30,
                  "height": 41
                }
              },
              "243": {
                "xOffset": 0,
                "yOffset": -3,
                "xAdvance": 26,
                "rect": {
                  "x": 336,
                  "y": 516,
                  "width": 30,
                  "height": 41
                }
              },
              "244": {
                "xOffset": 0,
                "yOffset": -3,
                "xAdvance": 26,
                "rect": {
                  "x": 368,
                  "y": 43,
                  "width": 30,
                  "height": 41
                }
              },
              "245": {
                "xOffset": 0,
                "yOffset": -2,
                "xAdvance": 26,
                "rect": {
                  "x": 336,
                  "y": 0,
                  "width": 30,
                  "height": 40
                }
              },
              "249": {
                "xOffset": 0,
                "yOffset": -3,
                "xAdvance": 25,
                "rect": {
                  "x": 401,
                  "y": 299,
                  "width": 29,
                  "height": 41
                }
              },
              "250": {
                "xOffset": 0,
                "yOffset": -3,
                "xAdvance": 25,
                "rect": {
                  "x": 432,
                  "y": 513,
                  "width": 29,
                  "height": 41
                }
              },
              "253": {
                "xOffset": 0,
                "yOffset": -3,
                "xAdvance": 27,
                "rect": {
                  "x": 303,
                  "y": 0,
                  "width": 31,
                  "height": 51
                }
              },
              "258": {
                "xOffset": 0,
                "yOffset": -9,
                "xAdvance": 32,
                "rect": {
                  "x": 161,
                  "y": 91,
                  "width": 36,
                  "height": 47
                }
              },
              "259": {
                "xOffset": 0,
                "yOffset": -3,
                "xAdvance": 24,
                "rect": {
                  "x": 273,
                  "y": 0,
                  "width": 28,
                  "height": 41
                }
              },
              "272": {
                "xOffset": 0,
                "yOffset": -2,
                "xAdvance": 34,
                "rect": {
                  "x": 42,
                  "y": 388,
                  "width": 38,
                  "height": 40
                }
              },
              "273": {
                "xOffset": 0,
                "yOffset": -3,
                "xAdvance": 31,
                "rect": {
                  "x": 197,
                  "y": 541,
                  "width": 35,
                  "height": 41
                }
              },
              "296": {
                "xOffset": 0,
                "yOffset": -9,
                "xAdvance": 17,
                "rect": {
                  "x": 523,
                  "y": 362,
                  "width": 21,
                  "height": 47
                }
              },
              "297": {
                "xOffset": 0,
                "yOffset": -2,
                "xAdvance": 18,
                "rect": {
                  "x": 523,
                  "y": 287,
                  "width": 22,
                  "height": 40
                }
              },
              "360": {
                "xOffset": 0,
                "yOffset": -9,
                "xAdvance": 29,
                "rect": {
                  "x": 234,
                  "y": 186,
                  "width": 33,
                  "height": 47
                }
              },
              "361": {
                "xOffset": 0,
                "yOffset": -2,
                "xAdvance": 25,
                "rect": {
                  "x": 432,
                  "y": 125,
                  "width": 29,
                  "height": 40
                }
              },
              "416": {
                "xOffset": 0,
                "yOffset": -6,
                "xAdvance": 36,
                "rect": {
                  "x": 0,
                  "y": 342,
                  "width": 40,
                  "height": 44
                }
              },
              "417": {
                "xOffset": 0,
                "yOffset": 3,
                "xAdvance": 29,
                "rect": {
                  "x": 83,
                  "y": 143,
                  "width": 33,
                  "height": 35
                }
              },
              "431": {
                "xOffset": 0,
                "yOffset": -8,
                "xAdvance": 34,
                "rect": {
                  "x": 81,
                  "y": 479,
                  "width": 38,
                  "height": 46
                }
              },
              "432": {
                "xOffset": 0,
                "yOffset": 1,
                "xAdvance": 29,
                "rect": {
                  "x": 42,
                  "y": 479,
                  "width": 33,
                  "height": 37
                }
              },
              "7840": {
                "xOffset": 0,
                "yOffset": -2,
                "xAdvance": 32,
                "rect": {
                  "x": 160,
                  "y": 189,
                  "width": 36,
                  "height": 50
                }
              },
              "7841": {
                "xOffset": 0,
                "yOffset": 7,
                "xAdvance": 24,
                "rect": {
                  "x": 463,
                  "y": 422,
                  "width": 28,
                  "height": 41
                }
              },
              "7842": {
                "xOffset": 0,
                "yOffset": -12,
                "xAdvance": 32,
                "rect": {
                  "x": 122,
                  "y": 396,
                  "width": 36,
                  "height": 50
                }
              },
              "7843": {
                "xOffset": 0,
                "yOffset": -5,
                "xAdvance": 24,
                "rect": {
                  "x": 493,
                  "y": 0,
                  "width": 28,
                  "height": 43
                }
              },
              "7844": {
                "xOffset": 0,
                "yOffset": -13,
                "xAdvance": 32,
                "rect": {
                  "x": 122,
                  "y": 143,
                  "width": 36,
                  "height": 51
                }
              },
              "7845": {
                "xOffset": 0,
                "yOffset": -7,
                "xAdvance": 28,
                "rect": {
                  "x": 269,
                  "y": 136,
                  "width": 32,
                  "height": 45
                }
              },
              "7846": {
                "xOffset": 0,
                "yOffset": -12,
                "xAdvance": 32,
                "rect": {
                  "x": 122,
                  "y": 196,
                  "width": 36,
                  "height": 50
                }
              },
              "7847": {
                "xOffset": 0,
                "yOffset": -7,
                "xAdvance": 25,
                "rect": {
                  "x": 432,
                  "y": 266,
                  "width": 29,
                  "height": 45
                }
              },
              "7848": {
                "xOffset": 0,
                "yOffset": -14,
                "xAdvance": 31,
                "rect": {
                  "x": 161,
                  "y": 438,
                  "width": 35,
                  "height": 52
                }
              },
              "7849": {
                "xOffset": 0,
                "yOffset": -8,
                "xAdvance": 26,
                "rect": {
                  "x": 337,
                  "y": 383,
                  "width": 30,
                  "height": 46
                }
              },
              "7850": {
                "xOffset": 0,
                "yOffset": -14,
                "xAdvance": 31,
                "rect": {
                  "x": 160,
                  "y": 241,
                  "width": 35,
                  "height": 52
                }
              },
              "7851": {
                "xOffset": 0,
                "yOffset": -7,
                "xAdvance": 24,
                "rect": {
                  "x": 463,
                  "y": 518,
                  "width": 28,
                  "height": 45
                }
              },
              "7852": {
                "xOffset": 0,
                "yOffset": -9,
                "xAdvance": 31,
                "rect": {
                  "x": 160,
                  "y": 337,
                  "width": 35,
                  "height": 57
                }
              },
              "7853": {
                "xOffset": 0,
                "yOffset": -3,
                "xAdvance": 24,
                "rect": {
                  "x": 463,
                  "y": 465,
                  "width": 28,
                  "height": 51
                }
              },
              "7854": {
                "xOffset": 0,
                "yOffset": -13,
                "xAdvance": 32,
                "rect": {
                  "x": 122,
                  "y": 343,
                  "width": 36,
                  "height": 51
                }
              },
              "7855": {
                "xOffset": 0,
                "yOffset": -8,
                "xAdvance": 24,
                "rect": {
                  "x": 463,
                  "y": 0,
                  "width": 28,
                  "height": 46
                }
              },
              "7856": {
                "xOffset": 0,
                "yOffset": -13,
                "xAdvance": 32,
                "rect": {
                  "x": 122,
                  "y": 290,
                  "width": 36,
                  "height": 51
                }
              },
              "7857": {
                "xOffset": 0,
                "yOffset": -8,
                "xAdvance": 24,
                "rect": {
                  "x": 463,
                  "y": 145,
                  "width": 28,
                  "height": 46
                }
              },
              "7858": {
                "xOffset": 0,
                "yOffset": -15,
                "xAdvance": 31,
                "rect": {
                  "x": 166,
                  "y": 0,
                  "width": 35,
                  "height": 53
                }
              },
              "7859": {
                "xOffset": 0,
                "yOffset": -9,
                "xAdvance": 24,
                "rect": {
                  "x": 463,
                  "y": 96,
                  "width": 28,
                  "height": 47
                }
              },
              "7860": {
                "xOffset": 0,
                "yOffset": -15,
                "xAdvance": 33,
                "rect": {
                  "x": 121,
                  "y": 506,
                  "width": 37,
                  "height": 53
                }
              },
              "7861": {
                "xOffset": 0,
                "yOffset": -8,
                "xAdvance": 24,
                "rect": {
                  "x": 463,
                  "y": 48,
                  "width": 28,
                  "height": 46
                }
              },
              "7862": {
                "xOffset": 0,
                "yOffset": -9,
                "xAdvance": 31,
                "rect": {
                  "x": 160,
                  "y": 506,
                  "width": 35,
                  "height": 57
                }
              },
              "7863": {
                "xOffset": 0,
                "yOffset": -3,
                "xAdvance": 24,
                "rect": {
                  "x": 433,
                  "y": 167,
                  "width": 28,
                  "height": 51
                }
              },
              "7864": {
                "xOffset": 0,
                "yOffset": -2,
                "xAdvance": 24,
                "rect": {
                  "x": 493,
                  "y": 296,
                  "width": 28,
                  "height": 50
                }
              },
              "7865": {
                "xOffset": 0,
                "yOffset": 7,
                "xAdvance": 26,
                "rect": {
                  "x": 368,
                  "y": 86,
                  "width": 30,
                  "height": 41
                }
              },
              "7866": {
                "xOffset": 0,
                "yOffset": -12,
                "xAdvance": 24,
                "rect": {
                  "x": 493,
                  "y": 195,
                  "width": 28,
                  "height": 50
                }
              },
              "7867": {
                "xOffset": 0,
                "yOffset": -5,
                "xAdvance": 26,
                "rect": {
                  "x": 368,
                  "y": 526,
                  "width": 30,
                  "height": 43
                }
              },
              "7868": {
                "xOffset": 0,
                "yOffset": -9,
                "xAdvance": 24,
                "rect": {
                  "x": 493,
                  "y": 247,
                  "width": 28,
                  "height": 47
                }
              },
              "7869": {
                "xOffset": 0,
                "yOffset": -2,
                "xAdvance": 26,
                "rect": {
                  "x": 400,
                  "y": 129,
                  "width": 30,
                  "height": 40
                }
              },
              "7870": {
                "xOffset": 0,
                "yOffset": -13,
                "xAdvance": 26,
                "rect": {
                  "x": 401,
                  "y": 171,
                  "width": 30,
                  "height": 51
                }
              },
              "7871": {
                "xOffset": 0,
                "yOffset": -7,
                "xAdvance": 29,
                "rect": {
                  "x": 268,
                  "y": 235,
                  "width": 33,
                  "height": 45
                }
              },
              "7872": {
                "xOffset": 0,
                "yOffset": -12,
                "xAdvance": 24,
                "rect": {
                  "x": 493,
                  "y": 94,
                  "width": 28,
                  "height": 50
                }
              },
              "7873": {
                "xOffset": 0,
                "yOffset": -7,
                "xAdvance": 26,
                "rect": {
                  "x": 336,
                  "y": 132,
                  "width": 30,
                  "height": 45
                }
              },
              "7874": {
                "xOffset": 0,
                "yOffset": -14,
                "xAdvance": 25,
                "rect": {
                  "x": 401,
                  "y": 387,
                  "width": 29,
                  "height": 52
                }
              },
              "7875": {
                "xOffset": 0,
                "yOffset": -8,
                "xAdvance": 27,
                "rect": {
                  "x": 304,
                  "y": 435,
                  "width": 31,
                  "height": 46
                }
              },
              "7876": {
                "xOffset": 0,
                "yOffset": -14,
                "xAdvance": 24,
                "rect": {
                  "x": 493,
                  "y": 348,
                  "width": 28,
                  "height": 52
                }
              },
              "7877": {
                "xOffset": 0,
                "yOffset": -7,
                "xAdvance": 26,
                "rect": {
                  "x": 336,
                  "y": 42,
                  "width": 30,
                  "height": 45
                }
              },
              "7878": {
                "xOffset": 0,
                "yOffset": -9,
                "xAdvance": 24,
                "rect": {
                  "x": 463,
                  "y": 278,
                  "width": 28,
                  "height": 57
                }
              },
              "7879": {
                "xOffset": 0,
                "yOffset": -3,
                "xAdvance": 26,
                "rect": {
                  "x": 368,
                  "y": 473,
                  "width": 30,
                  "height": 51
                }
              },
              "7880": {
                "xOffset": 0,
                "yOffset": -12,
                "xAdvance": 14,
                "rect": {
                  "x": 549,
                  "y": 129,
                  "width": 18,
                  "height": 50
                }
              },
              "7881": {
                "xOffset": 0,
                "yOffset": -5,
                "xAdvance": 14,
                "rect": {
                  "x": 568,
                  "y": 220,
                  "width": 18,
                  "height": 43
                }
              },
              "7882": {
                "xOffset": 0,
                "yOffset": -2,
                "xAdvance": 11,
                "rect": {
                  "x": 569,
                  "y": 127,
                  "width": 15,
                  "height": 50
                }
              },
              "7883": {
                "xOffset": 0,
                "yOffset": -3,
                "xAdvance": 12,
                "rect": {
                  "x": 568,
                  "y": 265,
                  "width": 16,
                  "height": 51
                }
              },
              "7884": {
                "xOffset": 0,
                "yOffset": -2,
                "xAdvance": 34,
                "rect": {
                  "x": 121,
                  "y": 454,
                  "width": 38,
                  "height": 50
                }
              },
              "7885": {
                "xOffset": 0,
                "yOffset": 7,
                "xAdvance": 26,
                "rect": {
                  "x": 337,
                  "y": 340,
                  "width": 30,
                  "height": 41
                }
              },
              "7886": {
                "xOffset": 0,
                "yOffset": -12,
                "xAdvance": 34,
                "rect": {
                  "x": 83,
                  "y": 91,
                  "width": 38,
                  "height": 50
                }
              },
              "7887": {
                "xOffset": 0,
                "yOffset": -5,
                "xAdvance": 26,
                "rect": {
                  "x": 400,
                  "y": 0,
                  "width": 30,
                  "height": 43
                }
              },
              "7888": {
                "xOffset": 0,
                "yOffset": -13,
                "xAdvance": 34,
                "rect": {
                  "x": 82,
                  "y": 243,
                  "width": 38,
                  "height": 51
                }
              },
              "7889": {
                "xOffset": 0,
                "yOffset": -7,
                "xAdvance": 28,
                "rect": {
                  "x": 269,
                  "y": 89,
                  "width": 32,
                  "height": 45
                }
              },
              "7890": {
                "xOffset": 0,
                "yOffset": -12,
                "xAdvance": 34,
                "rect": {
                  "x": 82,
                  "y": 348,
                  "width": 38,
                  "height": 50
                }
              },
              "7891": {
                "xOffset": 0,
                "yOffset": -7,
                "xAdvance": 26,
                "rect": {
                  "x": 369,
                  "y": 213,
                  "width": 30,
                  "height": 45
                }
              },
              "7892": {
                "xOffset": 0,
                "yOffset": -14,
                "xAdvance": 34,
                "rect": {
                  "x": 82,
                  "y": 400,
                  "width": 38,
                  "height": 52
                }
              },
              "7893": {
                "xOffset": 0,
                "yOffset": -8,
                "xAdvance": 26,
                "rect": {
                  "x": 369,
                  "y": 260,
                  "width": 30,
                  "height": 46
                }
              },
              "7894": {
                "xOffset": 0,
                "yOffset": -14,
                "xAdvance": 34,
                "rect": {
                  "x": 81,
                  "y": 527,
                  "width": 38,
                  "height": 52
                }
              },
              "7895": {
                "xOffset": 0,
                "yOffset": -7,
                "xAdvance": 26,
                "rect": {
                  "x": 369,
                  "y": 308,
                  "width": 30,
                  "height": 45
                }
              },
              "7896": {
                "xOffset": 0,
                "yOffset": -9,
                "xAdvance": 34,
                "rect": {
                  "x": 82,
                  "y": 184,
                  "width": 38,
                  "height": 57
                }
              },
              "7897": {
                "xOffset": 0,
                "yOffset": -3,
                "xAdvance": 26,
                "rect": {
                  "x": 369,
                  "y": 355,
                  "width": 30,
                  "height": 51
                }
              },
              "7898": {
                "xOffset": 0,
                "yOffset": -9,
                "xAdvance": 36,
                "rect": {
                  "x": 0,
                  "y": 293,
                  "width": 40,
                  "height": 47
                }
              },
              "7899": {
                "xOffset": 0,
                "yOffset": -3,
                "xAdvance": 29,
                "rect": {
                  "x": 268,
                  "y": 324,
                  "width": 33,
                  "height": 41
                }
              },
              "7900": {
                "xOffset": 0,
                "yOffset": -9,
                "xAdvance": 36,
                "rect": {
                  "x": 0,
                  "y": 471,
                  "width": 40,
                  "height": 47
                }
              },
              "7901": {
                "xOffset": 0,
                "yOffset": -3,
                "xAdvance": 29,
                "rect": {
                  "x": 269,
                  "y": 454,
                  "width": 33,
                  "height": 41
                }
              },
              "7902": {
                "xOffset": 0,
                "yOffset": -12,
                "xAdvance": 36,
                "rect": {
                  "x": 0,
                  "y": 241,
                  "width": 40,
                  "height": 50
                }
              },
              "7903": {
                "xOffset": 0,
                "yOffset": -5,
                "xAdvance": 29,
                "rect": {
                  "x": 269,
                  "y": 367,
                  "width": 33,
                  "height": 43
                }
              },
              "7904": {
                "xOffset": 0,
                "yOffset": -9,
                "xAdvance": 36,
                "rect": {
                  "x": 0,
                  "y": 192,
                  "width": 40,
                  "height": 47
                }
              },
              "7905": {
                "xOffset": 0,
                "yOffset": -2,
                "xAdvance": 29,
                "rect": {
                  "x": 269,
                  "y": 412,
                  "width": 33,
                  "height": 40
                }
              },
              "7906": {
                "xOffset": 0,
                "yOffset": -6,
                "xAdvance": 36,
                "rect": {
                  "x": 0,
                  "y": 415,
                  "width": 40,
                  "height": 54
                }
              },
              "7907": {
                "xOffset": 0,
                "yOffset": 3,
                "xAdvance": 29,
                "rect": {
                  "x": 238,
                  "y": 0,
                  "width": 33,
                  "height": 45
                }
              },
              "7908": {
                "xOffset": 0,
                "yOffset": -2,
                "xAdvance": 29,
                "rect": {
                  "x": 233,
                  "y": 241,
                  "width": 33,
                  "height": 50
                }
              },
              "7909": {
                "xOffset": 0,
                "yOffset": 7,
                "xAdvance": 25,
                "rect": {
                  "x": 432,
                  "y": 355,
                  "width": 29,
                  "height": 41
                }
              },
              "7910": {
                "xOffset": 0,
                "yOffset": -12,
                "xAdvance": 29,
                "rect": {
                  "x": 234,
                  "y": 426,
                  "width": 33,
                  "height": 50
                }
              },
              "7911": {
                "xOffset": 0,
                "yOffset": -5,
                "xAdvance": 25,
                "rect": {
                  "x": 401,
                  "y": 342,
                  "width": 29,
                  "height": 43
                }
              },
              "7912": {
                "xOffset": 0,
                "yOffset": -9,
                "xAdvance": 34,
                "rect": {
                  "x": 42,
                  "y": 430,
                  "width": 38,
                  "height": 47
                }
              },
              "7913": {
                "xOffset": 0,
                "yOffset": -3,
                "xAdvance": 29,
                "rect": {
                  "x": 234,
                  "y": 478,
                  "width": 33,
                  "height": 41
                }
              },
              "7914": {
                "xOffset": 0,
                "yOffset": -9,
                "xAdvance": 34,
                "rect": {
                  "x": 47,
                  "y": 42,
                  "width": 38,
                  "height": 47
                }
              },
              "7915": {
                "xOffset": 0,
                "yOffset": -3,
                "xAdvance": 29,
                "rect": {
                  "x": 234,
                  "y": 94,
                  "width": 33,
                  "height": 41
                }
              },
              "7916": {
                "xOffset": 0,
                "yOffset": -12,
                "xAdvance": 34,
                "rect": {
                  "x": 82,
                  "y": 296,
                  "width": 38,
                  "height": 50
                }
              },
              "7917": {
                "xOffset": 0,
                "yOffset": -5,
                "xAdvance": 29,
                "rect": {
                  "x": 234,
                  "y": 49,
                  "width": 33,
                  "height": 43
                }
              },
              "7918": {
                "xOffset": 0,
                "yOffset": -9,
                "xAdvance": 34,
                "rect": {
                  "x": 42,
                  "y": 339,
                  "width": 38,
                  "height": 47
                }
              },
              "7919": {
                "xOffset": 0,
                "yOffset": -2,
                "xAdvance": 29,
                "rect": {
                  "x": 234,
                  "y": 521,
                  "width": 33,
                  "height": 40
                }
              },
              "7920": {
                "xOffset": 0,
                "yOffset": -8,
                "xAdvance": 34,
                "rect": {
                  "x": 43,
                  "y": 126,
                  "width": 38,
                  "height": 56
                }
              },
              "7921": {
                "xOffset": 0,
                "yOffset": 1,
                "xAdvance": 29,
                "rect": {
                  "x": 203,
                  "y": 0,
                  "width": 33,
                  "height": 47
                }
              },
              "7922": {
                "xOffset": 0,
                "yOffset": -9,
                "xAdvance": 30,
                "rect": {
                  "x": 197,
                  "y": 241,
                  "width": 34,
                  "height": 47
                }
              },
              "7923": {
                "xOffset": 0,
                "yOffset": -3,
                "xAdvance": 27,
                "rect": {
                  "x": 303,
                  "y": 53,
                  "width": 31,
                  "height": 51
                }
              },
              "7924": {
                "xOffset": 0,
                "yOffset": -2,
                "xAdvance": 30,
                "rect": {
                  "x": 198,
                  "y": 140,
                  "width": 34,
                  "height": 50
                }
              },
              "7925": {
                "xOffset": 0,
                "yOffset": 7,
                "xAdvance": 27,
                "rect": {
                  "x": 302,
                  "y": 183,
                  "width": 31,
                  "height": 41
                }
              },
              "7926": {
                "xOffset": 0,
                "yOffset": -12,
                "xAdvance": 30,
                "rect": {
                  "x": 198,
                  "y": 423,
                  "width": 34,
                  "height": 50
                }
              },
              "7927": {
                "xOffset": 0,
                "yOffset": -5,
                "xAdvance": 27,
                "rect": {
                  "x": 303,
                  "y": 497,
                  "width": 31,
                  "height": 53
                }
              },
              "7928": {
                "xOffset": 0,
                "yOffset": -9,
                "xAdvance": 30,
                "rect": {
                  "x": 198,
                  "y": 192,
                  "width": 34,
                  "height": 47
                }
              },
              "7929": {
                "xOffset": 0,
                "yOffset": -2,
                "xAdvance": 28,
                "rect": {
                  "x": 269,
                  "y": 539,
                  "width": 32,
                  "height": 50
                }
              },
              "8734": {
                "xOffset": 0,
                "yOffset": 9,
                "xAdvance": 36,
                "rect": {
                  "x": 0,
                  "y": 388,
                  "width": 40,
                  "height": 25
                }
              }
            },
            "kerningDict": {}
          }
        ]
      ],
      0,
      0,
      [
        0
      ],
      [
        1
      ],
      [
        1
      ]
    ]
  ]
]