[
  1,
  [
    "e5kI7l+C1HKoUSiu9u8KNs",
    "2fu48zQChOc7NjREEwQDcW"
  ],
  [
    "_textureSetter",
    "spriteFrame"
  ],
  [
    "cc.SpriteFrame",
    [
      "cc.BitmapFont",
      [
        "_name",
        "fontSize",
        "_fntConfig"
      ],
      0
    ]
  ],
  [
    [
      1,
      0,
      1,
      2,
      4
    ]
  ],
  [
    [
      [
        {
          "name": "RobotoB_bevel-export",
          "rect": [
            0,
            0,
            384,
            385
          ],
          "offset": [
            0,
            0
          ],
          "originalSize": [
            384,
            385
          ],
          "capInsets": [
            0,
            0,
            0,
            0
          ]
        }
      ],
      [
        0
      ],
      0,
      [
        0
      ],
      [
        0
      ],
      [
        0
      ]
    ],
    [
      [
        [
          0,
          "RobotoB_bevel-export",
          32,
          {
            "commonHeight": 27,
            "fontSize": 32,
            "atlasName": "RobotoB_bevel-export.png",
            "fontDefDictionary": {
              "9": {
                "xOffset": 0,
                "yOffset": 0,
                "xAdvance": 400,
                "rect": {
                  "x": 0,
                  "y": 0,
                  "width": 0,
                  "height": 0
                }
              },
              "32": {
                "xOffset": 0,
                "yOffset": 0,
                "xAdvance": 8,
                "rect": {
                  "x": 0,
                  "y": 0,
                  "width": 0,
                  "height": 0
                }
              },
              "33": {
                "xOffset": 0,
                "yOffset": 2,
                "xAdvance": 7,
                "rect": {
                  "x": 375,
                  "y": 0,
                  "width": 9,
                  "height": 25
                }
              },
              "34": {
                "xOffset": 0,
                "yOffset": 1,
                "xAdvance": 10,
                "rect": {
                  "x": 151,
                  "y": 370,
                  "width": 12,
                  "height": 12
                }
              },
              "35": {
                "xOffset": 0,
                "yOffset": 2,
                "xAdvance": 17,
                "rect": {
                  "x": 180,
                  "y": 0,
                  "width": 19,
                  "height": 24
                }
              },
              "36": {
                "xOffset": 0,
                "yOffset": -1,
                "xAdvance": 16,
                "rect": {
                  "x": 263,
                  "y": 23,
                  "width": 18,
                  "height": 30
                }
              },
              "37": {
                "xOffset": 0,
                "yOffset": 2,
                "xAdvance": 20,
                "rect": {
                  "x": 79,
                  "y": 102,
                  "width": 22,
                  "height": 25
                }
              },
              "38": {
                "xOffset": 0,
                "yOffset": 2,
                "xAdvance": 19,
                "rect": {
                  "x": 79,
                  "y": 190,
                  "width": 21,
                  "height": 25
                }
              },
              "39": {
                "xOffset": 0,
                "yOffset": 1,
                "xAdvance": 6,
                "rect": {
                  "x": 375,
                  "y": 283,
                  "width": 8,
                  "height": 12
                }
              },
              "40": {
                "xOffset": 0,
                "yOffset": 0,
                "xAdvance": 10,
                "rect": {
                  "x": 344,
                  "y": 147,
                  "width": 12,
                  "height": 32
                }
              },
              "41": {
                "xOffset": 0,
                "yOffset": 0,
                "xAdvance": 10,
                "rect": {
                  "x": 359,
                  "y": 146,
                  "width": 12,
                  "height": 32
                }
              },
              "42": {
                "xOffset": 0,
                "yOffset": 2,
                "xAdvance": 15,
                "rect": {
                  "x": 323,
                  "y": 312,
                  "width": 17,
                  "height": 17
                }
              },
              "43": {
                "xOffset": 0,
                "yOffset": 6,
                "xAdvance": 16,
                "rect": {
                  "x": 53,
                  "y": 279,
                  "width": 18,
                  "height": 18
                }
              },
              "44": {
                "xOffset": 0,
                "yOffset": 18,
                "xAdvance": 7,
                "rect": {
                  "x": 242,
                  "y": 92,
                  "width": 9,
                  "height": 13
                }
              },
              "45": {
                "xOffset": 0,
                "yOffset": 12,
                "xAdvance": 10,
                "rect": {
                  "x": 166,
                  "y": 377,
                  "width": 12,
                  "height": 8
                }
              },
              "46": {
                "xOffset": 0,
                "yOffset": 18,
                "xAdvance": 7,
                "rect": {
                  "x": 304,
                  "y": 209,
                  "width": 9,
                  "height": 9
                }
              },
              "47": {
                "xOffset": 0,
                "yOffset": 2,
                "xAdvance": 13,
                "rect": {
                  "x": 343,
                  "y": 350,
                  "width": 15,
                  "height": 26
                }
              },
              "48": {
                "xOffset": 0,
                "yOffset": 2,
                "xAdvance": 17,
                "rect": {
                  "x": 220,
                  "y": 27,
                  "width": 19,
                  "height": 25
                }
              },
              "49": {
                "xOffset": 0,
                "yOffset": 2,
                "xAdvance": 17,
                "rect": {
                  "x": 220,
                  "y": 55,
                  "width": 19,
                  "height": 24
                }
              },
              "50": {
                "xOffset": 0,
                "yOffset": 2,
                "xAdvance": 17,
                "rect": {
                  "x": 220,
                  "y": 82,
                  "width": 19,
                  "height": 24
                }
              },
              "51": {
                "xOffset": 0,
                "yOffset": 2,
                "xAdvance": 17,
                "rect": {
                  "x": 198,
                  "y": 140,
                  "width": 19,
                  "height": 25
                }
              },
              "52": {
                "xOffset": 0,
                "yOffset": 2,
                "xAdvance": 17,
                "rect": {
                  "x": 198,
                  "y": 85,
                  "width": 19,
                  "height": 24
                }
              },
              "53": {
                "xOffset": 0,
                "yOffset": 2,
                "xAdvance": 17,
                "rect": {
                  "x": 198,
                  "y": 112,
                  "width": 19,
                  "height": 25
                }
              },
              "54": {
                "xOffset": 0,
                "yOffset": 2,
                "xAdvance": 17,
                "rect": {
                  "x": 198,
                  "y": 57,
                  "width": 19,
                  "height": 25
                }
              },
              "55": {
                "xOffset": 0,
                "yOffset": 2,
                "xAdvance": 17,
                "rect": {
                  "x": 202,
                  "y": 0,
                  "width": 19,
                  "height": 24
                }
              },
              "56": {
                "xOffset": 0,
                "yOffset": 2,
                "xAdvance": 17,
                "rect": {
                  "x": 219,
                  "y": 297,
                  "width": 19,
                  "height": 25
                }
              },
              "57": {
                "xOffset": 0,
                "yOffset": 2,
                "xAdvance": 17,
                "rect": {
                  "x": 219,
                  "y": 269,
                  "width": 19,
                  "height": 25
                }
              },
              "58": {
                "xOffset": 0,
                "yOffset": 7,
                "xAdvance": 7,
                "rect": {
                  "x": 360,
                  "y": 88,
                  "width": 9,
                  "height": 20
                }
              },
              "59": {
                "xOffset": 0,
                "yOffset": 7,
                "xAdvance": 8,
                "rect": {
                  "x": 362,
                  "y": 0,
                  "width": 10,
                  "height": 24
                }
              },
              "60": {
                "xOffset": 0,
                "yOffset": 7,
                "xAdvance": 14,
                "rect": {
                  "x": 343,
                  "y": 276,
                  "width": 16,
                  "height": 17
                }
              },
              "61": {
                "xOffset": 0,
                "yOffset": 9,
                "xAdvance": 14,
                "rect": {
                  "x": 52,
                  "y": 370,
                  "width": 16,
                  "height": 13
                }
              },
              "62": {
                "xOffset": 0,
                "yOffset": 7,
                "xAdvance": 14,
                "rect": {
                  "x": 343,
                  "y": 255,
                  "width": 16,
                  "height": 18
                }
              },
              "63": {
                "xOffset": 0,
                "yOffset": 2,
                "xAdvance": 15,
                "rect": {
                  "x": 323,
                  "y": 332,
                  "width": 17,
                  "height": 25
                }
              },
              "64": {
                "xOffset": 0,
                "yOffset": 3,
                "xAdvance": 24,
                "rect": {
                  "x": 0,
                  "y": 50,
                  "width": 26,
                  "height": 29
                }
              },
              "65": {
                "xOffset": 0,
                "yOffset": 2,
                "xAdvance": 20,
                "rect": {
                  "x": 54,
                  "y": 216,
                  "width": 22,
                  "height": 24
                }
              },
              "66": {
                "xOffset": 0,
                "yOffset": 2,
                "xAdvance": 17,
                "rect": {
                  "x": 219,
                  "y": 352,
                  "width": 19,
                  "height": 24
                }
              },
              "67": {
                "xOffset": 0,
                "yOffset": 2,
                "xAdvance": 18,
                "rect": {
                  "x": 151,
                  "y": 282,
                  "width": 20,
                  "height": 25
                }
              },
              "68": {
                "xOffset": 0,
                "yOffset": 2,
                "xAdvance": 18,
                "rect": {
                  "x": 151,
                  "y": 255,
                  "width": 20,
                  "height": 24
                }
              },
              "69": {
                "xOffset": 0,
                "yOffset": 2,
                "xAdvance": 15,
                "rect": {
                  "x": 323,
                  "y": 360,
                  "width": 17,
                  "height": 24
                }
              },
              "70": {
                "xOffset": 0,
                "yOffset": 2,
                "xAdvance": 16,
                "rect": {
                  "x": 283,
                  "y": 168,
                  "width": 18,
                  "height": 24
                }
              },
              "71": {
                "xOffset": 0,
                "yOffset": 2,
                "xAdvance": 18,
                "rect": {
                  "x": 175,
                  "y": 144,
                  "width": 20,
                  "height": 25
                }
              },
              "72": {
                "xOffset": 0,
                "yOffset": 2,
                "xAdvance": 19,
                "rect": {
                  "x": 80,
                  "y": 32,
                  "width": 21,
                  "height": 24
                }
              },
              "73": {
                "xOffset": 0,
                "yOffset": 2,
                "xAdvance": 7,
                "rect": {
                  "x": 374,
                  "y": 115,
                  "width": 9,
                  "height": 24
                }
              },
              "74": {
                "xOffset": 0,
                "yOffset": 2,
                "xAdvance": 16,
                "rect": {
                  "x": 283,
                  "y": 113,
                  "width": 18,
                  "height": 25
                }
              },
              "75": {
                "xOffset": 0,
                "yOffset": 2,
                "xAdvance": 19,
                "rect": {
                  "x": 103,
                  "y": 190,
                  "width": 21,
                  "height": 24
                }
              },
              "76": {
                "xOffset": 0,
                "yOffset": 2,
                "xAdvance": 15,
                "rect": {
                  "x": 304,
                  "y": 29,
                  "width": 17,
                  "height": 24
                }
              },
              "77": {
                "xOffset": 0,
                "yOffset": 2,
                "xAdvance": 23,
                "rect": {
                  "x": 0,
                  "y": 82,
                  "width": 25,
                  "height": 24
                }
              },
              "78": {
                "xOffset": 0,
                "yOffset": 2,
                "xAdvance": 19,
                "rect": {
                  "x": 103,
                  "y": 335,
                  "width": 21,
                  "height": 24
                }
              },
              "79": {
                "xOffset": 0,
                "yOffset": 2,
                "xAdvance": 19,
                "rect": {
                  "x": 103,
                  "y": 217,
                  "width": 21,
                  "height": 25
                }
              },
              "80": {
                "xOffset": 0,
                "yOffset": 2,
                "xAdvance": 18,
                "rect": {
                  "x": 152,
                  "y": 28,
                  "width": 20,
                  "height": 24
                }
              },
              "81": {
                "xOffset": 0,
                "yOffset": 2,
                "xAdvance": 19,
                "rect": {
                  "x": 104,
                  "y": 117,
                  "width": 21,
                  "height": 28
                }
              },
              "82": {
                "xOffset": 0,
                "yOffset": 2,
                "xAdvance": 18,
                "rect": {
                  "x": 175,
                  "y": 117,
                  "width": 20,
                  "height": 24
                }
              },
              "83": {
                "xOffset": 0,
                "yOffset": 2,
                "xAdvance": 17,
                "rect": {
                  "x": 198,
                  "y": 168,
                  "width": 19,
                  "height": 25
                }
              },
              "84": {
                "xOffset": 0,
                "yOffset": 2,
                "xAdvance": 18,
                "rect": {
                  "x": 151,
                  "y": 343,
                  "width": 20,
                  "height": 24
                }
              },
              "85": {
                "xOffset": 0,
                "yOffset": 2,
                "xAdvance": 17,
                "rect": {
                  "x": 197,
                  "y": 295,
                  "width": 19,
                  "height": 25
                }
              },
              "86": {
                "xOffset": 0,
                "yOffset": 2,
                "xAdvance": 20,
                "rect": {
                  "x": 27,
                  "y": 300,
                  "width": 22,
                  "height": 24
                }
              },
              "87": {
                "xOffset": 0,
                "yOffset": 2,
                "xAdvance": 26,
                "rect": {
                  "x": 0,
                  "y": 23,
                  "width": 28,
                  "height": 24
                }
              },
              "88": {
                "xOffset": 0,
                "yOffset": 2,
                "xAdvance": 20,
                "rect": {
                  "x": 79,
                  "y": 163,
                  "width": 22,
                  "height": 24
                }
              },
              "89": {
                "xOffset": 0,
                "yOffset": 2,
                "xAdvance": 19,
                "rect": {
                  "x": 104,
                  "y": 56,
                  "width": 21,
                  "height": 24
                }
              },
              "90": {
                "xOffset": 0,
                "yOffset": 2,
                "xAdvance": 17,
                "rect": {
                  "x": 219,
                  "y": 325,
                  "width": 19,
                  "height": 24
                }
              },
              "91": {
                "xOffset": 0,
                "yOffset": -1,
                "xAdvance": 8,
                "rect": {
                  "x": 363,
                  "y": 216,
                  "width": 10,
                  "height": 32
                }
              },
              "92": {
                "xOffset": 0,
                "yOffset": 2,
                "xAdvance": 15,
                "rect": {
                  "x": 324,
                  "y": 0,
                  "width": 17,
                  "height": 26
                }
              },
              "93": {
                "xOffset": 0,
                "yOffset": -1,
                "xAdvance": 8,
                "rect": {
                  "x": 363,
                  "y": 181,
                  "width": 10,
                  "height": 32
                }
              },
              "94": {
                "xOffset": 0,
                "yOffset": 2,
                "xAdvance": 13,
                "rect": {
                  "x": 324,
                  "y": 191,
                  "width": 15,
                  "height": 15
                }
              },
              "95": {
                "xOffset": 0,
                "yOffset": 22,
                "xAdvance": 14,
                "rect": {
                  "x": 31,
                  "y": 33,
                  "width": 16,
                  "height": 7
                }
              },
              "96": {
                "xOffset": 0,
                "yOffset": 1,
                "xAdvance": 10,
                "rect": {
                  "x": 55,
                  "y": 68,
                  "width": 12,
                  "height": 9
                }
              },
              "97": {
                "xOffset": 0,
                "yOffset": 7,
                "xAdvance": 15,
                "rect": {
                  "x": 283,
                  "y": 226,
                  "width": 17,
                  "height": 20
                }
              },
              "98": {
                "xOffset": 0,
                "yOffset": 1,
                "xAdvance": 15,
                "rect": {
                  "x": 323,
                  "y": 209,
                  "width": 17,
                  "height": 26
                }
              },
              "99": {
                "xOffset": 0,
                "yOffset": 7,
                "xAdvance": 15,
                "rect": {
                  "x": 323,
                  "y": 238,
                  "width": 17,
                  "height": 20
                }
              },
              "100": {
                "xOffset": 0,
                "yOffset": 1,
                "xAdvance": 16,
                "rect": {
                  "x": 262,
                  "y": 150,
                  "width": 18,
                  "height": 26
                }
              },
              "101": {
                "xOffset": 0,
                "yOffset": 7,
                "xAdvance": 16,
                "rect": {
                  "x": 224,
                  "y": 0,
                  "width": 18,
                  "height": 20
                }
              },
              "102": {
                "xOffset": 0,
                "yOffset": 1,
                "xAdvance": 12,
                "rect": {
                  "x": 344,
                  "y": 27,
                  "width": 14,
                  "height": 25
                }
              },
              "103": {
                "xOffset": 0,
                "yOffset": 7,
                "xAdvance": 16,
                "rect": {
                  "x": 262,
                  "y": 242,
                  "width": 18,
                  "height": 25
                }
              },
              "104": {
                "xOffset": 0,
                "yOffset": 1,
                "xAdvance": 16,
                "rect": {
                  "x": 262,
                  "y": 297,
                  "width": 18,
                  "height": 25
                }
              },
              "105": {
                "xOffset": 0,
                "yOffset": 2,
                "xAdvance": 7,
                "rect": {
                  "x": 374,
                  "y": 88,
                  "width": 9,
                  "height": 24
                }
              },
              "106": {
                "xOffset": 0,
                "yOffset": 2,
                "xAdvance": 10,
                "rect": {
                  "x": 344,
                  "y": 114,
                  "width": 12,
                  "height": 30
                }
              },
              "107": {
                "xOffset": 0,
                "yOffset": 1,
                "xAdvance": 15,
                "rect": {
                  "x": 323,
                  "y": 261,
                  "width": 17,
                  "height": 25
                }
              },
              "108": {
                "xOffset": 0,
                "yOffset": 1,
                "xAdvance": 7,
                "rect": {
                  "x": 374,
                  "y": 142,
                  "width": 9,
                  "height": 25
                }
              },
              "109": {
                "xOffset": 0,
                "yOffset": 7,
                "xAdvance": 23,
                "rect": {
                  "x": 0,
                  "y": 109,
                  "width": 25,
                  "height": 19
                }
              },
              "110": {
                "xOffset": 0,
                "yOffset": 7,
                "xAdvance": 15,
                "rect": {
                  "x": 283,
                  "y": 366,
                  "width": 17,
                  "height": 19
                }
              },
              "111": {
                "xOffset": 0,
                "yOffset": 7,
                "xAdvance": 17,
                "rect": {
                  "x": 175,
                  "y": 202,
                  "width": 19,
                  "height": 20
                }
              },
              "112": {
                "xOffset": 0,
                "yOffset": 7,
                "xAdvance": 16,
                "rect": {
                  "x": 262,
                  "y": 357,
                  "width": 18,
                  "height": 25
                }
              },
              "113": {
                "xOffset": 0,
                "yOffset": 7,
                "xAdvance": 16,
                "rect": {
                  "x": 283,
                  "y": 85,
                  "width": 18,
                  "height": 25
                }
              },
              "114": {
                "xOffset": 0,
                "yOffset": 7,
                "xAdvance": 10,
                "rect": {
                  "x": 287,
                  "y": 0,
                  "width": 12,
                  "height": 19
                }
              },
              "115": {
                "xOffset": 0,
                "yOffset": 7,
                "xAdvance": 15,
                "rect": {
                  "x": 323,
                  "y": 289,
                  "width": 17,
                  "height": 20
                }
              },
              "116": {
                "xOffset": 0,
                "yOffset": 4,
                "xAdvance": 11,
                "rect": {
                  "x": 344,
                  "y": 55,
                  "width": 13,
                  "height": 23
                }
              },
              "117": {
                "xOffset": 0,
                "yOffset": 7,
                "xAdvance": 16,
                "rect": {
                  "x": 245,
                  "y": 0,
                  "width": 18,
                  "height": 20
                }
              },
              "118": {
                "xOffset": 0,
                "yOffset": 7,
                "xAdvance": 16,
                "rect": {
                  "x": 128,
                  "y": 159,
                  "width": 18,
                  "height": 19
                }
              },
              "119": {
                "xOffset": 0,
                "yOffset": 7,
                "xAdvance": 21,
                "rect": {
                  "x": 0,
                  "y": 362,
                  "width": 23,
                  "height": 19
                }
              },
              "120": {
                "xOffset": 0,
                "yOffset": 7,
                "xAdvance": 16,
                "rect": {
                  "x": 266,
                  "y": 0,
                  "width": 18,
                  "height": 19
                }
              },
              "121": {
                "xOffset": 0,
                "yOffset": 7,
                "xAdvance": 16,
                "rect": {
                  "x": 241,
                  "y": 292,
                  "width": 18,
                  "height": 25
                }
              },
              "122": {
                "xOffset": 0,
                "yOffset": 7,
                "xAdvance": 14,
                "rect": {
                  "x": 343,
                  "y": 296,
                  "width": 16,
                  "height": 19
                }
              },
              "123": {
                "xOffset": 0,
                "yOffset": 1,
                "xAdvance": 11,
                "rect": {
                  "x": 344,
                  "y": 81,
                  "width": 13,
                  "height": 30
                }
              },
              "124": {
                "xOffset": 0,
                "yOffset": 2,
                "xAdvance": 5,
                "rect": {
                  "x": 375,
                  "y": 298,
                  "width": 7,
                  "height": 28
                }
              },
              "125": {
                "xOffset": 0,
                "yOffset": 1,
                "xAdvance": 10,
                "rect": {
                  "x": 360,
                  "y": 55,
                  "width": 12,
                  "height": 30
                }
              },
              "126": {
                "xOffset": 0,
                "yOffset": 11,
                "xAdvance": 17,
                "rect": {
                  "x": 28,
                  "y": 245,
                  "width": 19,
                  "height": 10
                }
              },
              "192": {
                "xOffset": 0,
                "yOffset": -3,
                "xAdvance": 20,
                "rect": {
                  "x": 60,
                  "y": 0,
                  "width": 22,
                  "height": 29
                }
              },
              "193": {
                "xOffset": 0,
                "yOffset": -3,
                "xAdvance": 21,
                "rect": {
                  "x": 29,
                  "y": 50,
                  "width": 23,
                  "height": 29
                }
              },
              "194": {
                "xOffset": 0,
                "yOffset": -3,
                "xAdvance": 20,
                "rect": {
                  "x": 54,
                  "y": 151,
                  "width": 22,
                  "height": 29
                }
              },
              "195": {
                "xOffset": 0,
                "yOffset": -3,
                "xAdvance": 21,
                "rect": {
                  "x": 28,
                  "y": 114,
                  "width": 23,
                  "height": 29
                }
              },
              "200": {
                "xOffset": 0,
                "yOffset": -3,
                "xAdvance": 15,
                "rect": {
                  "x": 324,
                  "y": 122,
                  "width": 17,
                  "height": 29
                }
              },
              "201": {
                "xOffset": 0,
                "yOffset": -3,
                "xAdvance": 15,
                "rect": {
                  "x": 343,
                  "y": 191,
                  "width": 17,
                  "height": 29
                }
              },
              "202": {
                "xOffset": 0,
                "yOffset": -3,
                "xAdvance": 16,
                "rect": {
                  "x": 262,
                  "y": 325,
                  "width": 18,
                  "height": 29
                }
              },
              "204": {
                "xOffset": 0,
                "yOffset": -3,
                "xAdvance": 9,
                "rect": {
                  "x": 361,
                  "y": 318,
                  "width": 11,
                  "height": 29
                }
              },
              "205": {
                "xOffset": 0,
                "yOffset": -3,
                "xAdvance": 10,
                "rect": {
                  "x": 359,
                  "y": 114,
                  "width": 12,
                  "height": 29
                }
              },
              "210": {
                "xOffset": 0,
                "yOffset": -3,
                "xAdvance": 19,
                "rect": {
                  "x": 103,
                  "y": 275,
                  "width": 21,
                  "height": 30
                }
              },
              "211": {
                "xOffset": 0,
                "yOffset": -3,
                "xAdvance": 19,
                "rect": {
                  "x": 127,
                  "y": 216,
                  "width": 21,
                  "height": 30
                }
              },
              "212": {
                "xOffset": 0,
                "yOffset": -3,
                "xAdvance": 19,
                "rect": {
                  "x": 127,
                  "y": 313,
                  "width": 21,
                  "height": 30
                }
              },
              "213": {
                "xOffset": 0,
                "yOffset": -3,
                "xAdvance": 19,
                "rect": {
                  "x": 104,
                  "y": 148,
                  "width": 21,
                  "height": 30
                }
              },
              "217": {
                "xOffset": 0,
                "yOffset": -3,
                "xAdvance": 18,
                "rect": {
                  "x": 151,
                  "y": 310,
                  "width": 20,
                  "height": 30
                }
              },
              "218": {
                "xOffset": 0,
                "yOffset": -3,
                "xAdvance": 18,
                "rect": {
                  "x": 174,
                  "y": 226,
                  "width": 20,
                  "height": 30
                }
              },
              "221": {
                "xOffset": 0,
                "yOffset": -3,
                "xAdvance": 19,
                "rect": {
                  "x": 127,
                  "y": 249,
                  "width": 21,
                  "height": 29
                }
              },
              "224": {
                "xOffset": 0,
                "yOffset": 1,
                "xAdvance": 15,
                "rect": {
                  "x": 283,
                  "y": 249,
                  "width": 17,
                  "height": 26
                }
              },
              "225": {
                "xOffset": 0,
                "yOffset": 1,
                "xAdvance": 15,
                "rect": {
                  "x": 283,
                  "y": 337,
                  "width": 17,
                  "height": 26
                }
              },
              "226": {
                "xOffset": 0,
                "yOffset": 1,
                "xAdvance": 15,
                "rect": {
                  "x": 304,
                  "y": 0,
                  "width": 17,
                  "height": 26
                }
              },
              "227": {
                "xOffset": 0,
                "yOffset": 1,
                "xAdvance": 15,
                "rect": {
                  "x": 283,
                  "y": 308,
                  "width": 17,
                  "height": 26
                }
              },
              "232": {
                "xOffset": 0,
                "yOffset": 1,
                "xAdvance": 15,
                "rect": {
                  "x": 304,
                  "y": 89,
                  "width": 17,
                  "height": 26
                }
              },
              "233": {
                "xOffset": 0,
                "yOffset": 1,
                "xAdvance": 16,
                "rect": {
                  "x": 220,
                  "y": 198,
                  "width": 18,
                  "height": 26
                }
              },
              "234": {
                "xOffset": 0,
                "yOffset": 1,
                "xAdvance": 16,
                "rect": {
                  "x": 241,
                  "y": 168,
                  "width": 18,
                  "height": 26
                }
              },
              "236": {
                "xOffset": 0,
                "yOffset": 2,
                "xAdvance": 9,
                "rect": {
                  "x": 361,
                  "y": 350,
                  "width": 11,
                  "height": 24
                }
              },
              "237": {
                "xOffset": 0,
                "yOffset": 2,
                "xAdvance": 9,
                "rect": {
                  "x": 361,
                  "y": 27,
                  "width": 11,
                  "height": 24
                }
              },
              "242": {
                "xOffset": 0,
                "yOffset": 1,
                "xAdvance": 17,
                "rect": {
                  "x": 197,
                  "y": 323,
                  "width": 19,
                  "height": 26
                }
              },
              "243": {
                "xOffset": 0,
                "yOffset": 1,
                "xAdvance": 16,
                "rect": {
                  "x": 241,
                  "y": 197,
                  "width": 18,
                  "height": 26
                }
              },
              "244": {
                "xOffset": 0,
                "yOffset": 1,
                "xAdvance": 17,
                "rect": {
                  "x": 197,
                  "y": 236,
                  "width": 19,
                  "height": 26
                }
              },
              "245": {
                "xOffset": 0,
                "yOffset": 1,
                "xAdvance": 16,
                "rect": {
                  "x": 263,
                  "y": 56,
                  "width": 18,
                  "height": 26
                }
              },
              "249": {
                "xOffset": 0,
                "yOffset": 1,
                "xAdvance": 16,
                "rect": {
                  "x": 220,
                  "y": 139,
                  "width": 18,
                  "height": 26
                }
              },
              "250": {
                "xOffset": 0,
                "yOffset": 1,
                "xAdvance": 16,
                "rect": {
                  "x": 262,
                  "y": 92,
                  "width": 18,
                  "height": 26
                }
              },
              "253": {
                "xOffset": 0,
                "yOffset": 1,
                "xAdvance": 16,
                "rect": {
                  "x": 242,
                  "y": 58,
                  "width": 18,
                  "height": 31
                }
              },
              "258": {
                "xOffset": 0,
                "yOffset": -2,
                "xAdvance": 21,
                "rect": {
                  "x": 26,
                  "y": 356,
                  "width": 23,
                  "height": 28
                }
              },
              "259": {
                "xOffset": 0,
                "yOffset": 2,
                "xAdvance": 15,
                "rect": {
                  "x": 284,
                  "y": 49,
                  "width": 17,
                  "height": 25
                }
              },
              "272": {
                "xOffset": 0,
                "yOffset": 2,
                "xAdvance": 19,
                "rect": {
                  "x": 103,
                  "y": 308,
                  "width": 21,
                  "height": 24
                }
              },
              "273": {
                "xOffset": 0,
                "yOffset": 1,
                "xAdvance": 18,
                "rect": {
                  "x": 151,
                  "y": 226,
                  "width": 20,
                  "height": 26
                }
              },
              "296": {
                "xOffset": 0,
                "yOffset": -3,
                "xAdvance": 13,
                "rect": {
                  "x": 343,
                  "y": 318,
                  "width": 15,
                  "height": 29
                }
              },
              "297": {
                "xOffset": 0,
                "yOffset": 2,
                "xAdvance": 13,
                "rect": {
                  "x": 344,
                  "y": 0,
                  "width": 15,
                  "height": 24
                }
              },
              "360": {
                "xOffset": 0,
                "yOffset": -3,
                "xAdvance": 17,
                "rect": {
                  "x": 219,
                  "y": 236,
                  "width": 19,
                  "height": 30
                }
              },
              "361": {
                "xOffset": 0,
                "yOffset": 1,
                "xAdvance": 16,
                "rect": {
                  "x": 241,
                  "y": 139,
                  "width": 18,
                  "height": 26
                }
              },
              "416": {
                "xOffset": 0,
                "yOffset": 1,
                "xAdvance": 21,
                "rect": {
                  "x": 26,
                  "y": 327,
                  "width": 23,
                  "height": 26
                }
              },
              "417": {
                "xOffset": 0,
                "yOffset": 6,
                "xAdvance": 18,
                "rect": {
                  "x": 103,
                  "y": 362,
                  "width": 20,
                  "height": 21
                }
              },
              "431": {
                "xOffset": 0,
                "yOffset": 1,
                "xAdvance": 22,
                "rect": {
                  "x": 0,
                  "y": 298,
                  "width": 24,
                  "height": 26
                }
              },
              "432": {
                "xOffset": 0,
                "yOffset": 6,
                "xAdvance": 19,
                "rect": {
                  "x": 79,
                  "y": 218,
                  "width": 21,
                  "height": 21
                }
              },
              "7840": {
                "xOffset": 0,
                "yOffset": 2,
                "xAdvance": 21,
                "rect": {
                  "x": 28,
                  "y": 82,
                  "width": 23,
                  "height": 29
                }
              },
              "7841": {
                "xOffset": 0,
                "yOffset": 7,
                "xAdvance": 15,
                "rect": {
                  "x": 284,
                  "y": 22,
                  "width": 17,
                  "height": 24
                }
              },
              "7842": {
                "xOffset": 0,
                "yOffset": -4,
                "xAdvance": 21,
                "rect": {
                  "x": 28,
                  "y": 146,
                  "width": 23,
                  "height": 30
                }
              },
              "7843": {
                "xOffset": 0,
                "yOffset": 0,
                "xAdvance": 15,
                "rect": {
                  "x": 283,
                  "y": 278,
                  "width": 17,
                  "height": 27
                }
              },
              "7844": {
                "xOffset": 0,
                "yOffset": -4,
                "xAdvance": 20,
                "rect": {
                  "x": 79,
                  "y": 130,
                  "width": 22,
                  "height": 30
                }
              },
              "7845": {
                "xOffset": 0,
                "yOffset": 0,
                "xAdvance": 18,
                "rect": {
                  "x": 152,
                  "y": 88,
                  "width": 20,
                  "height": 27
                }
              },
              "7846": {
                "xOffset": 0,
                "yOffset": -4,
                "xAdvance": 20,
                "rect": {
                  "x": 54,
                  "y": 82,
                  "width": 22,
                  "height": 30
                }
              },
              "7847": {
                "xOffset": 0,
                "yOffset": 0,
                "xAdvance": 18,
                "rect": {
                  "x": 175,
                  "y": 172,
                  "width": 20,
                  "height": 27
                }
              },
              "7848": {
                "xOffset": 0,
                "yOffset": -5,
                "xAdvance": 20,
                "rect": {
                  "x": 78,
                  "y": 347,
                  "width": 22,
                  "height": 31
                }
              },
              "7849": {
                "xOffset": 0,
                "yOffset": 0,
                "xAdvance": 16,
                "rect": {
                  "x": 241,
                  "y": 109,
                  "width": 18,
                  "height": 27
                }
              },
              "7850": {
                "xOffset": 0,
                "yOffset": -5,
                "xAdvance": 20,
                "rect": {
                  "x": 79,
                  "y": 68,
                  "width": 22,
                  "height": 31
                }
              },
              "7851": {
                "xOffset": 0,
                "yOffset": -1,
                "xAdvance": 15,
                "rect": {
                  "x": 324,
                  "y": 29,
                  "width": 17,
                  "height": 28
                }
              },
              "7852": {
                "xOffset": 0,
                "yOffset": -3,
                "xAdvance": 21,
                "rect": {
                  "x": 52,
                  "y": 333,
                  "width": 23,
                  "height": 34
                }
              },
              "7853": {
                "xOffset": 0,
                "yOffset": 1,
                "xAdvance": 15,
                "rect": {
                  "x": 304,
                  "y": 56,
                  "width": 17,
                  "height": 30
                }
              },
              "7854": {
                "xOffset": 0,
                "yOffset": -4,
                "xAdvance": 20,
                "rect": {
                  "x": 54,
                  "y": 183,
                  "width": 22,
                  "height": 30
                }
              },
              "7855": {
                "xOffset": 0,
                "yOffset": 0,
                "xAdvance": 15,
                "rect": {
                  "x": 303,
                  "y": 322,
                  "width": 17,
                  "height": 27
                }
              },
              "7856": {
                "xOffset": 0,
                "yOffset": -6,
                "xAdvance": 21,
                "rect": {
                  "x": 27,
                  "y": 265,
                  "width": 23,
                  "height": 32
                }
              },
              "7857": {
                "xOffset": 0,
                "yOffset": -2,
                "xAdvance": 15,
                "rect": {
                  "x": 303,
                  "y": 226,
                  "width": 17,
                  "height": 29
                }
              },
              "7858": {
                "xOffset": 0,
                "yOffset": -6,
                "xAdvance": 21,
                "rect": {
                  "x": 0,
                  "y": 327,
                  "width": 23,
                  "height": 32
                }
              },
              "7859": {
                "xOffset": 0,
                "yOffset": -2,
                "xAdvance": 15,
                "rect": {
                  "x": 303,
                  "y": 258,
                  "width": 17,
                  "height": 29
                }
              },
              "7860": {
                "xOffset": 0,
                "yOffset": -6,
                "xAdvance": 20,
                "rect": {
                  "x": 55,
                  "y": 33,
                  "width": 22,
                  "height": 32
                }
              },
              "7861": {
                "xOffset": 0,
                "yOffset": -2,
                "xAdvance": 15,
                "rect": {
                  "x": 303,
                  "y": 290,
                  "width": 17,
                  "height": 29
                }
              },
              "7862": {
                "xOffset": 0,
                "yOffset": -2,
                "xAdvance": 20,
                "rect": {
                  "x": 54,
                  "y": 115,
                  "width": 22,
                  "height": 33
                }
              },
              "7863": {
                "xOffset": 0,
                "yOffset": 2,
                "xAdvance": 15,
                "rect": {
                  "x": 303,
                  "y": 352,
                  "width": 17,
                  "height": 29
                }
              },
              "7864": {
                "xOffset": 0,
                "yOffset": 2,
                "xAdvance": 16,
                "rect": {
                  "x": 241,
                  "y": 260,
                  "width": 18,
                  "height": 29
                }
              },
              "7865": {
                "xOffset": 0,
                "yOffset": 7,
                "xAdvance": 15,
                "rect": {
                  "x": 304,
                  "y": 118,
                  "width": 17,
                  "height": 24
                }
              },
              "7866": {
                "xOffset": 0,
                "yOffset": -4,
                "xAdvance": 15,
                "rect": {
                  "x": 324,
                  "y": 89,
                  "width": 17,
                  "height": 30
                }
              },
              "7867": {
                "xOffset": 0,
                "yOffset": 0,
                "xAdvance": 16,
                "rect": {
                  "x": 220,
                  "y": 168,
                  "width": 18,
                  "height": 27
                }
              },
              "7868": {
                "xOffset": 0,
                "yOffset": -3,
                "xAdvance": 15,
                "rect": {
                  "x": 343,
                  "y": 223,
                  "width": 17,
                  "height": 29
                }
              },
              "7869": {
                "xOffset": 0,
                "yOffset": 1,
                "xAdvance": 15,
                "rect": {
                  "x": 324,
                  "y": 60,
                  "width": 17,
                  "height": 26
                }
              },
              "7870": {
                "xOffset": 0,
                "yOffset": -4,
                "xAdvance": 19,
                "rect": {
                  "x": 79,
                  "y": 242,
                  "width": 21,
                  "height": 30
                }
              },
              "7871": {
                "xOffset": 0,
                "yOffset": 0,
                "xAdvance": 18,
                "rect": {
                  "x": 175,
                  "y": 57,
                  "width": 20,
                  "height": 27
                }
              },
              "7872": {
                "xOffset": 0,
                "yOffset": -4,
                "xAdvance": 18,
                "rect": {
                  "x": 152,
                  "y": 55,
                  "width": 20,
                  "height": 30
                }
              },
              "7873": {
                "xOffset": 0,
                "yOffset": 0,
                "xAdvance": 18,
                "rect": {
                  "x": 174,
                  "y": 259,
                  "width": 20,
                  "height": 27
                }
              },
              "7874": {
                "xOffset": 0,
                "yOffset": -5,
                "xAdvance": 17,
                "rect": {
                  "x": 197,
                  "y": 352,
                  "width": 19,
                  "height": 31
                }
              },
              "7875": {
                "xOffset": 0,
                "yOffset": 0,
                "xAdvance": 16,
                "rect": {
                  "x": 262,
                  "y": 179,
                  "width": 18,
                  "height": 27
                }
              },
              "7876": {
                "xOffset": 0,
                "yOffset": -5,
                "xAdvance": 16,
                "rect": {
                  "x": 241,
                  "y": 226,
                  "width": 18,
                  "height": 31
                }
              },
              "7877": {
                "xOffset": 0,
                "yOffset": -1,
                "xAdvance": 15,
                "rect": {
                  "x": 304,
                  "y": 145,
                  "width": 17,
                  "height": 28
                }
              },
              "7878": {
                "xOffset": 0,
                "yOffset": -3,
                "xAdvance": 15,
                "rect": {
                  "x": 324,
                  "y": 154,
                  "width": 17,
                  "height": 34
                }
              },
              "7879": {
                "xOffset": 0,
                "yOffset": 1,
                "xAdvance": 15,
                "rect": {
                  "x": 304,
                  "y": 176,
                  "width": 17,
                  "height": 30
                }
              },
              "7880": {
                "xOffset": 0,
                "yOffset": -4,
                "xAdvance": 8,
                "rect": {
                  "x": 362,
                  "y": 255,
                  "width": 10,
                  "height": 30
                }
              },
              "7881": {
                "xOffset": 0,
                "yOffset": 0,
                "xAdvance": 8,
                "rect": {
                  "x": 362,
                  "y": 288,
                  "width": 10,
                  "height": 26
                }
              },
              "7882": {
                "xOffset": 0,
                "yOffset": 2,
                "xAdvance": 7,
                "rect": {
                  "x": 375,
                  "y": 251,
                  "width": 9,
                  "height": 29
                }
              },
              "7883": {
                "xOffset": 0,
                "yOffset": 2,
                "xAdvance": 7,
                "rect": {
                  "x": 375,
                  "y": 28,
                  "width": 9,
                  "height": 29
                }
              },
              "7884": {
                "xOffset": 0,
                "yOffset": 2,
                "xAdvance": 19,
                "rect": {
                  "x": 151,
                  "y": 159,
                  "width": 21,
                  "height": 29
                }
              },
              "7885": {
                "xOffset": 0,
                "yOffset": 7,
                "xAdvance": 16,
                "rect": {
                  "x": 262,
                  "y": 270,
                  "width": 18,
                  "height": 24
                }
              },
              "7886": {
                "xOffset": 0,
                "yOffset": -4,
                "xAdvance": 19,
                "rect": {
                  "x": 104,
                  "y": 83,
                  "width": 21,
                  "height": 31
                }
              },
              "7887": {
                "xOffset": 0,
                "yOffset": 0,
                "xAdvance": 17,
                "rect": {
                  "x": 198,
                  "y": 27,
                  "width": 19,
                  "height": 27
                }
              },
              "7888": {
                "xOffset": 0,
                "yOffset": -4,
                "xAdvance": 20,
                "rect": {
                  "x": 78,
                  "y": 279,
                  "width": 22,
                  "height": 31
                }
              },
              "7889": {
                "xOffset": 0,
                "yOffset": 0,
                "xAdvance": 18,
                "rect": {
                  "x": 175,
                  "y": 87,
                  "width": 20,
                  "height": 27
                }
              },
              "7890": {
                "xOffset": 0,
                "yOffset": -4,
                "xAdvance": 20,
                "rect": {
                  "x": 78,
                  "y": 313,
                  "width": 22,
                  "height": 31
                }
              },
              "7891": {
                "xOffset": 0,
                "yOffset": 0,
                "xAdvance": 19,
                "rect": {
                  "x": 128,
                  "y": 129,
                  "width": 21,
                  "height": 27
                }
              },
              "7892": {
                "xOffset": 0,
                "yOffset": -5,
                "xAdvance": 19,
                "rect": {
                  "x": 151,
                  "y": 191,
                  "width": 21,
                  "height": 32
                }
              },
              "7893": {
                "xOffset": 0,
                "yOffset": 0,
                "xAdvance": 17,
                "rect": {
                  "x": 197,
                  "y": 265,
                  "width": 19,
                  "height": 27
                }
              },
              "7894": {
                "xOffset": 0,
                "yOffset": -5,
                "xAdvance": 19,
                "rect": {
                  "x": 127,
                  "y": 181,
                  "width": 21,
                  "height": 32
                }
              },
              "7895": {
                "xOffset": 0,
                "yOffset": -1,
                "xAdvance": 16,
                "rect": {
                  "x": 283,
                  "y": 195,
                  "width": 18,
                  "height": 28
                }
              },
              "7896": {
                "xOffset": 0,
                "yOffset": -3,
                "xAdvance": 19,
                "rect": {
                  "x": 128,
                  "y": 92,
                  "width": 21,
                  "height": 34
                }
              },
              "7897": {
                "xOffset": 0,
                "yOffset": 1,
                "xAdvance": 16,
                "rect": {
                  "x": 262,
                  "y": 209,
                  "width": 18,
                  "height": 30
                }
              },
              "7898": {
                "xOffset": 0,
                "yOffset": -3,
                "xAdvance": 21,
                "rect": {
                  "x": 28,
                  "y": 179,
                  "width": 23,
                  "height": 30
                }
              },
              "7899": {
                "xOffset": 0,
                "yOffset": 1,
                "xAdvance": 18,
                "rect": {
                  "x": 174,
                  "y": 289,
                  "width": 20,
                  "height": 26
                }
              },
              "7900": {
                "xOffset": 0,
                "yOffset": -3,
                "xAdvance": 21,
                "rect": {
                  "x": 28,
                  "y": 212,
                  "width": 23,
                  "height": 30
                }
              },
              "7901": {
                "xOffset": 0,
                "yOffset": 1,
                "xAdvance": 18,
                "rect": {
                  "x": 175,
                  "y": 28,
                  "width": 20,
                  "height": 26
                }
              },
              "7902": {
                "xOffset": 0,
                "yOffset": -4,
                "xAdvance": 21,
                "rect": {
                  "x": 53,
                  "y": 245,
                  "width": 23,
                  "height": 31
                }
              },
              "7903": {
                "xOffset": 0,
                "yOffset": 0,
                "xAdvance": 18,
                "rect": {
                  "x": 174,
                  "y": 347,
                  "width": 20,
                  "height": 27
                }
              },
              "7904": {
                "xOffset": 0,
                "yOffset": -3,
                "xAdvance": 21,
                "rect": {
                  "x": 34,
                  "y": 0,
                  "width": 23,
                  "height": 30
                }
              },
              "7905": {
                "xOffset": 0,
                "yOffset": 1,
                "xAdvance": 18,
                "rect": {
                  "x": 174,
                  "y": 318,
                  "width": 20,
                  "height": 26
                }
              },
              "7906": {
                "xOffset": 0,
                "yOffset": 1,
                "xAdvance": 21,
                "rect": {
                  "x": 52,
                  "y": 300,
                  "width": 23,
                  "height": 30
                }
              },
              "7907": {
                "xOffset": 0,
                "yOffset": 6,
                "xAdvance": 18,
                "rect": {
                  "x": 157,
                  "y": 0,
                  "width": 20,
                  "height": 25
                }
              },
              "7908": {
                "xOffset": 0,
                "yOffset": 2,
                "xAdvance": 18,
                "rect": {
                  "x": 152,
                  "y": 118,
                  "width": 20,
                  "height": 29
                }
              },
              "7909": {
                "xOffset": 0,
                "yOffset": 7,
                "xAdvance": 16,
                "rect": {
                  "x": 283,
                  "y": 141,
                  "width": 18,
                  "height": 24
                }
              },
              "7910": {
                "xOffset": 0,
                "yOffset": -4,
                "xAdvance": 18,
                "rect": {
                  "x": 197,
                  "y": 202,
                  "width": 20,
                  "height": 31
                }
              },
              "7911": {
                "xOffset": 0,
                "yOffset": 0,
                "xAdvance": 16,
                "rect": {
                  "x": 220,
                  "y": 109,
                  "width": 18,
                  "height": 27
                }
              },
              "7912": {
                "xOffset": 0,
                "yOffset": -3,
                "xAdvance": 23,
                "rect": {
                  "x": 0,
                  "y": 164,
                  "width": 25,
                  "height": 30
                }
              },
              "7913": {
                "xOffset": 0,
                "yOffset": 2,
                "xAdvance": 19,
                "rect": {
                  "x": 85,
                  "y": 0,
                  "width": 21,
                  "height": 25
                }
              },
              "7914": {
                "xOffset": 0,
                "yOffset": -3,
                "xAdvance": 22,
                "rect": {
                  "x": 0,
                  "y": 265,
                  "width": 24,
                  "height": 30
                }
              },
              "7915": {
                "xOffset": 0,
                "yOffset": 2,
                "xAdvance": 19,
                "rect": {
                  "x": 104,
                  "y": 28,
                  "width": 21,
                  "height": 25
                }
              },
              "7916": {
                "xOffset": 0,
                "yOffset": -5,
                "xAdvance": 23,
                "rect": {
                  "x": 0,
                  "y": 230,
                  "width": 25,
                  "height": 32
                }
              },
              "7917": {
                "xOffset": 0,
                "yOffset": 0,
                "xAdvance": 19,
                "rect": {
                  "x": 103,
                  "y": 245,
                  "width": 21,
                  "height": 27
                }
              },
              "7918": {
                "xOffset": 0,
                "yOffset": -3,
                "xAdvance": 23,
                "rect": {
                  "x": 0,
                  "y": 197,
                  "width": 25,
                  "height": 30
                }
              },
              "7919": {
                "xOffset": 0,
                "yOffset": 2,
                "xAdvance": 19,
                "rect": {
                  "x": 109,
                  "y": 0,
                  "width": 21,
                  "height": 25
                }
              },
              "7920": {
                "xOffset": 0,
                "yOffset": 1,
                "xAdvance": 23,
                "rect": {
                  "x": 0,
                  "y": 131,
                  "width": 25,
                  "height": 30
                }
              },
              "7921": {
                "xOffset": 0,
                "yOffset": 6,
                "xAdvance": 19,
                "rect": {
                  "x": 133,
                  "y": 0,
                  "width": 21,
                  "height": 25
                }
              },
              "7922": {
                "xOffset": 0,
                "yOffset": -3,
                "xAdvance": 19,
                "rect": {
                  "x": 128,
                  "y": 28,
                  "width": 21,
                  "height": 29
                }
              },
              "7923": {
                "xOffset": 0,
                "yOffset": 1,
                "xAdvance": 16,
                "rect": {
                  "x": 241,
                  "y": 320,
                  "width": 18,
                  "height": 31
                }
              },
              "7924": {
                "xOffset": 0,
                "yOffset": 2,
                "xAdvance": 19,
                "rect": {
                  "x": 128,
                  "y": 60,
                  "width": 21,
                  "height": 29
                }
              },
              "7925": {
                "xOffset": 0,
                "yOffset": 7,
                "xAdvance": 16,
                "rect": {
                  "x": 262,
                  "y": 121,
                  "width": 18,
                  "height": 26
                }
              },
              "7926": {
                "xOffset": 0,
                "yOffset": -4,
                "xAdvance": 19,
                "rect": {
                  "x": 127,
                  "y": 346,
                  "width": 21,
                  "height": 30
                }
              },
              "7927": {
                "xOffset": 0,
                "yOffset": 0,
                "xAdvance": 16,
                "rect": {
                  "x": 242,
                  "y": 23,
                  "width": 18,
                  "height": 32
                }
              },
              "7928": {
                "xOffset": 0,
                "yOffset": -3,
                "xAdvance": 19,
                "rect": {
                  "x": 127,
                  "y": 281,
                  "width": 21,
                  "height": 29
                }
              },
              "7929": {
                "xOffset": 0,
                "yOffset": 1,
                "xAdvance": 16,
                "rect": {
                  "x": 241,
                  "y": 354,
                  "width": 18,
                  "height": 31
                }
              },
              "8734": {
                "xOffset": 0,
                "yOffset": 7,
                "xAdvance": 29,
                "rect": {
                  "x": 0,
                  "y": 0,
                  "width": 31,
                  "height": 20
                }
              }
            },
            "kerningDict": {}
          }
        ]
      ],
      0,
      0,
      [
        0
      ],
      [
        1
      ],
      [
        1
      ]
    ]
  ]
]