[
  1,
  [
    "b6+j3gPMpONrFCZmpT4NAE",
    "cfdCPi7npPZ7qU0Pdpm81m",
    "dd7FMiQJNKfbP5BuMBuxPk",
    "4eUcxjhElAOJJV+dRfxsEP",
    "4ekvCw4flJ1Yo/iK0XH49R",
    "dfkKra9H5BUYkR4j/KNBgs",
    "058FYlaaxOz6d7CbTkRaaK",
    "89Ie50lOVPC7wd2hIG5wZR",
    "8f8FjZxhdIgrf9sNK7o/Au",
    "96RMdHh2lEOKJ8O1S++xzL",
    "41yrdO0GZJgZTX3UVtiDAk",
    "0f4uvuQqpFj6Ze8ZqSrMSS",
    "06G2M3WRlFQbwjn/ImEcCS",
    "f210YNT9VNwb3ymC8iOnMy",
    "8cIq8k1KFJnKCBVMbwJKgT",
    "44b529c11LJJFa2cdBPVx3",
    "f9MlFmMoFBZL4o3+l1CLlX",
    "95UwmzueVI5ZxpQZ01Ahdj",
    "794MZvAjBBRpok9lXct4bD",
    "d7lgTOEXdOgbOcXkpP+hrS",
    "2bMBPswetE0rPbqsyQYI+l",
    "1e8lL+07xCUqWFLS/4+DDs",
    "a2FPcJLwZLuI/D26TY8BHw",
    "816IZd6vpKo7Nrjx7v61+C",
    "7bbGBX/H9GYoEUxzegJLkt",
    "baVnbT+5NDC6vO95ONeos0",
    "67r1gQCtRIEZzrcn/ytNwh",
    "99Qz6sO7xDqYvf46D1g8SD",
    "d3xvVCM+RAgZ43KvnJimYp",
    "97wXDYB3tBUrMfI27EOotp",
    "a5ibMbbMlCya7q9nS7n8es",
    "e7UQsHH8NFVpSd52sEWRiM",
    "98RnpAVhdBPLUkfAH5Hhee",
    "ddPadT3GhHd7BhK4Z/1Up/",
    "69hY0pqkFEsKxITo9eS8IY",
    "dbSg3TYdNI47tVrjEqxiVL"
  ],
  [
    "_textureSetter",
    "value"
  ],
  [
    "cc.SpriteFrame",
    [
      "cc.AnimationClip",
      [
        "_name",
        "_duration",
        "sample",
        "wrapMode",
        "curveData"
      ],
      -1,
      11
    ]
  ],
  [
    [
      1,
      0,
      1,
      2,
      3,
      4,
      5
    ]
  ],
  [
    [
      [
        {
          "name": "8",
          "rect": [
            0,
            0,
            287,
            720
          ],
          "offset": [
            0,
            0
          ],
          "originalSize": [
            287,
            720
          ],
          "capInsets": [
            0,
            0,
            0,
            0
          ]
        }
      ],
      [
        0
      ],
      0,
      [
        0
      ],
      [
        0
      ],
      [
        0
      ]
    ],
    [
      [
        {
          "name": "7",
          "rect": [
            0,
            0,
            287,
            720
          ],
          "offset": [
            0,
            0
          ],
          "originalSize": [
            287,
            720
          ],
          "capInsets": [
            0,
            0,
            0,
            0
          ]
        }
      ],
      [
        0
      ],
      0,
      [
        0
      ],
      [
        0
      ],
      [
        1
      ]
    ],
    [
      [
        {
          "name": "2",
          "rect": [
            0,
            0,
            284,
            721
          ],
          "offset": [
            0,
            0
          ],
          "originalSize": [
            284,
            721
          ],
          "capInsets": [
            0,
            0,
            0,
            0
          ]
        }
      ],
      [
        0
      ],
      0,
      [
        0
      ],
      [
        0
      ],
      [
        2
      ]
    ],
    [
      [
        {
          "name": "13",
          "rect": [
            0,
            0,
            287,
            720
          ],
          "offset": [
            0,
            0
          ],
          "originalSize": [
            287,
            720
          ],
          "capInsets": [
            0,
            0,
            0,
            0
          ]
        }
      ],
      [
        0
      ],
      0,
      [
        0
      ],
      [
        0
      ],
      [
        3
      ]
    ],
    [
      [
        {
          "name": "5",
          "rect": [
            0,
            0,
            287,
            721
          ],
          "offset": [
            0,
            0
          ],
          "originalSize": [
            287,
            721
          ],
          "capInsets": [
            0,
            0,
            0,
            0
          ]
        }
      ],
      [
        0
      ],
      0,
      [
        0
      ],
      [
        0
      ],
      [
        4
      ]
    ],
    [
      [
        {
          "name": "11",
          "rect": [
            0,
            0,
            287,
            720
          ],
          "offset": [
            0,
            0
          ],
          "originalSize": [
            287,
            720
          ],
          "capInsets": [
            0,
            0,
            0,
            0
          ]
        }
      ],
      [
        0
      ],
      0,
      [
        0
      ],
      [
        0
      ],
      [
        5
      ]
    ],
    [
      [
        {
          "name": "10",
          "rect": [
            0,
            0,
            287,
            720
          ],
          "offset": [
            0,
            0
          ],
          "originalSize": [
            287,
            720
          ],
          "capInsets": [
            0,
            0,
            0,
            0
          ]
        }
      ],
      [
        0
      ],
      0,
      [
        0
      ],
      [
        0
      ],
      [
        6
      ]
    ],
    [
      [
        {
          "name": "1",
          "rect": [
            0,
            0,
            284,
            721
          ],
          "offset": [
            0,
            0
          ],
          "originalSize": [
            284,
            721
          ],
          "capInsets": [
            0,
            0,
            0,
            0
          ]
        }
      ],
      [
        0
      ],
      0,
      [
        0
      ],
      [
        0
      ],
      [
        7
      ]
    ],
    [
      [
        {
          "name": "4",
          "rect": [
            0,
            0,
            287,
            721
          ],
          "offset": [
            0,
            0
          ],
          "originalSize": [
            287,
            721
          ],
          "capInsets": [
            0,
            0,
            0,
            0
          ]
        }
      ],
      [
        0
      ],
      0,
      [
        0
      ],
      [
        0
      ],
      [
        8
      ]
    ],
    [
      [
        {
          "name": "16",
          "rect": [
            0,
            0,
            287,
            720
          ],
          "offset": [
            0,
            0
          ],
          "originalSize": [
            287,
            720
          ],
          "capInsets": [
            0,
            0,
            0,
            0
          ]
        }
      ],
      [
        0
      ],
      0,
      [
        0
      ],
      [
        0
      ],
      [
        9
      ]
    ],
    [
      [
        {
          "name": "14",
          "rect": [
            0,
            0,
            287,
            720
          ],
          "offset": [
            0,
            0
          ],
          "originalSize": [
            287,
            720
          ],
          "capInsets": [
            0,
            0,
            0,
            0
          ]
        }
      ],
      [
        0
      ],
      0,
      [
        0
      ],
      [
        0
      ],
      [
        10
      ]
    ],
    [
      [
        {
          "name": "9",
          "rect": [
            0,
            0,
            287,
            720
          ],
          "offset": [
            0,
            0
          ],
          "originalSize": [
            287,
            720
          ],
          "capInsets": [
            0,
            0,
            0,
            0
          ]
        }
      ],
      [
        0
      ],
      0,
      [
        0
      ],
      [
        0
      ],
      [
        11
      ]
    ],
    [
      [
        {
          "name": "17",
          "rect": [
            0,
            0,
            287,
            720
          ],
          "offset": [
            0,
            0
          ],
          "originalSize": [
            287,
            720
          ],
          "capInsets": [
            0,
            0,
            0,
            0
          ]
        }
      ],
      [
        0
      ],
      0,
      [
        0
      ],
      [
        0
      ],
      [
        12
      ]
    ],
    [
      [
        {
          "name": "12",
          "rect": [
            0,
            0,
            287,
            720
          ],
          "offset": [
            0,
            0
          ],
          "originalSize": [
            287,
            720
          ],
          "capInsets": [
            0,
            0,
            0,
            0
          ]
        }
      ],
      [
        0
      ],
      0,
      [
        0
      ],
      [
        0
      ],
      [
        13
      ]
    ],
    [
      [
        [
          0,
          "NearFreeSpin2",
          0.6,
          30,
          2,
          [
            {},
            "paths",
            11,
            [
              {},
              "1",
              11,
              [
                {},
                "comps",
                11,
                [
                  {},
                  "cc.Sprite",
                  11,
                  [
                    {},
                    "spriteFrame",
                    12,
                    [
                      [
                        [
                          {
                            "frame": 0
                          },
                          "value",
                          6,
                          0
                        ],
                        [
                          {
                            "frame": 0.03333333333333333
                          },
                          "value",
                          6,
                          1
                        ],
                        [
                          {
                            "frame": 0.06666666666666667
                          },
                          "value",
                          6,
                          2
                        ],
                        [
                          {
                            "frame": 0.1
                          },
                          "value",
                          6,
                          3
                        ],
                        [
                          {
                            "frame": 0.13333333333333333
                          },
                          "value",
                          6,
                          4
                        ],
                        [
                          {
                            "frame": 0.16666666666666666
                          },
                          "value",
                          6,
                          5
                        ],
                        [
                          {
                            "frame": 0.2
                          },
                          "value",
                          6,
                          6
                        ],
                        [
                          {
                            "frame": 0.23333333333333334
                          },
                          "value",
                          6,
                          7
                        ],
                        [
                          {
                            "frame": 0.26666666666666666
                          },
                          "value",
                          6,
                          8
                        ],
                        [
                          {
                            "frame": 0.3
                          },
                          "value",
                          6,
                          9
                        ],
                        [
                          {
                            "frame": 0.3333333333333333
                          },
                          "value",
                          6,
                          10
                        ],
                        [
                          {
                            "frame": 0.36666666666666664
                          },
                          "value",
                          6,
                          11
                        ],
                        [
                          {
                            "frame": 0.4
                          },
                          "value",
                          6,
                          12
                        ],
                        [
                          {
                            "frame": 0.43333333333333335
                          },
                          "value",
                          6,
                          13
                        ],
                        [
                          {
                            "frame": 0.4666666666666667
                          },
                          "value",
                          6,
                          14
                        ],
                        [
                          {
                            "frame": 0.5
                          },
                          "value",
                          6,
                          15
                        ],
                        [
                          {
                            "frame": 0.5333333333333333
                          },
                          "value",
                          6,
                          16
                        ],
                        [
                          {
                            "frame": 0.5666666666666667
                          },
                          "value",
                          6,
                          17
                        ]
                      ],
                      11,
                      11,
                      11,
                      11,
                      11,
                      11,
                      11,
                      11,
                      11,
                      11,
                      11,
                      11,
                      11,
                      11,
                      11,
                      11,
                      11,
                      11
                    ]
                  ]
                ]
              ]
            ]
          ]
        ]
      ],
      0,
      0,
      [
        0,
        0,
        0,
        0,
        0,
        0,
        0,
        0,
        0,
        0,
        0,
        0,
        0,
        0,
        0,
        0,
        0,
        0
      ],
      [
        1,
        1,
        1,
        1,
        1,
        1,
        1,
        1,
        1,
        1,
        1,
        1,
        1,
        1,
        1,
        1,
        1,
        1
      ],
      [
        14,
        15,
        16,
        17,
        18,
        19,
        20,
        21,
        22,
        23,
        24,
        25,
        26,
        27,
        28,
        29,
        30,
        31
      ]
    ],
    [
      [
        {
          "name": "15",
          "rect": [
            0,
            0,
            287,
            720
          ],
          "offset": [
            0,
            0
          ],
          "originalSize": [
            287,
            720
          ],
          "capInsets": [
            0,
            0,
            0,
            0
          ]
        }
      ],
      [
        0
      ],
      0,
      [
        0
      ],
      [
        0
      ],
      [
        32
      ]
    ],
    [
      [
        {
          "name": "6",
          "rect": [
            0,
            0,
            287,
            721
          ],
          "offset": [
            0,
            0
          ],
          "originalSize": [
            287,
            721
          ],
          "capInsets": [
            0,
            0,
            0,
            0
          ]
        }
      ],
      [
        0
      ],
      0,
      [
        0
      ],
      [
        0
      ],
      [
        33
      ]
    ],
    [
      [
        {
          "name": "18",
          "rect": [
            0,
            0,
            287,
            725
          ],
          "offset": [
            0,
            0
          ],
          "originalSize": [
            287,
            725
          ],
          "capInsets": [
            0,
            0,
            0,
            0
          ]
        }
      ],
      [
        0
      ],
      0,
      [
        0
      ],
      [
        0
      ],
      [
        34
      ]
    ],
    [
      [
        {
          "name": "3",
          "rect": [
            0,
            0,
            284,
            721
          ],
          "offset": [
            0,
            0
          ],
          "originalSize": [
            284,
            721
          ],
          "capInsets": [
            0,
            0,
            0,
            0
          ]
        }
      ],
      [
        0
      ],
      0,
      [
        0
      ],
      [
        0
      ],
      [
        35
      ]
    ]
  ]
]