[
  1,
  [
    "50c1DJv6BA/5fWLtzbcKY5",
    "21frr+50tKbqTZv/3NXtls",
    "ec/MJRFktI7J0aSXQxN6g8",
    "03rDPaHpFAYbw24VWi8DIz",
    "7fM6H5PfFAPo5xOlptO4Ry",
    "20wJPvGbBOT7Wv4yA4n3D9",
    "9cOVrVgC9NxJlp3vNQ7CMx",
    "0dmZDOZ/lHu6IIYDyouiK2",
    "12phniXPFCXYU0puIXY5s+",
    "94rGiCnedCyI0Ax8CRpsrX",
    "047OBUL6RA17dwC93JWfqN",
    "4fXjBoV2hLgbeqbhc8IwkM",
    "64YDC/NA9DS4/COtq7u/vv"
  ],
  [
    "_textureSetter",
    "0",
    "1",
    "2",
    "3",
    "4",
    "5",
    "6",
    "7",
    "8",
    "9",
    "comma",
    "decimal"
  ],
  [
    "cc.SpriteFrame",
    [
      "cc.SpriteAtlas",
      [
        "_name",
        "_spriteFrames"
      ],
      2,
      11
    ]
  ],
  [
    [
      1,
      0,
      1,
      2
    ]
  ],
  [
    [
      [
        {
          "name": "2",
          "rect": [
            128,
            324,
            127,
            161
          ],
          "offset": [
            0,
            0
          ],
          "originalSize": [
            127,
            161
          ],
          "capInsets": [
            0,
            0,
            0,
            0
          ]
        }
      ],
      [
        0
      ],
      0,
      [
        0
      ],
      [
        0
      ],
      [
        0
      ]
    ],
    [
      [
        {
          "name": "9",
          "rect": [
            0,
            324,
            127,
            161
          ],
          "offset": [
            0,
            0
          ],
          "originalSize": [
            127,
            161
          ],
          "capInsets": [
            0,
            0,
            0,
            0
          ]
        }
      ],
      [
        0
      ],
      0,
      [
        0
      ],
      [
        0
      ],
      [
        0
      ]
    ],
    [
      [
        {
          "name": "6",
          "rect": [
            0,
            0,
            127,
            161
          ],
          "offset": [
            0,
            0
          ],
          "originalSize": [
            127,
            161
          ],
          "capInsets": [
            0,
            0,
            0,
            0
          ]
        }
      ],
      [
        0
      ],
      0,
      [
        0
      ],
      [
        0
      ],
      [
        0
      ]
    ],
    [
      [
        {
          "name": "7",
          "rect": [
            128,
            162,
            127,
            161
          ],
          "offset": [
            0,
            0
          ],
          "originalSize": [
            127,
            161
          ],
          "capInsets": [
            0,
            0,
            0,
            0
          ]
        }
      ],
      [
        0
      ],
      0,
      [
        0
      ],
      [
        0
      ],
      [
        0
      ]
    ],
    [
      [
        {
          "name": "4",
          "rect": [
            256,
            162,
            127,
            161
          ],
          "offset": [
            0,
            0
          ],
          "originalSize": [
            127,
            161
          ],
          "capInsets": [
            0,
            0,
            0,
            0
          ]
        }
      ],
      [
        0
      ],
      0,
      [
        0
      ],
      [
        0
      ],
      [
        0
      ]
    ],
    [
      [
        {
          "name": "0",
          "rect": [
            256,
            0,
            127,
            161
          ],
          "offset": [
            0,
            0
          ],
          "originalSize": [
            127,
            161
          ],
          "capInsets": [
            0,
            0,
            0,
            0
          ]
        }
      ],
      [
        0
      ],
      0,
      [
        0
      ],
      [
        0
      ],
      [
        0
      ]
    ],
    [
      [
        {
          "name": "comma",
          "rect": [
            384,
            162,
            46,
            96
          ],
          "offset": [
            0,
            0
          ],
          "originalSize": [
            46,
            161
          ],
          "capInsets": [
            0,
            0,
            0,
            0
          ]
        }
      ],
      [
        0
      ],
      0,
      [
        0
      ],
      [
        0
      ],
      [
        0
      ]
    ],
    [
      [
        [
          0,
          "TS_FNT02.plist",
          [
            {},
            "0",
            6,
            0,
            "1",
            6,
            1,
            "2",
            6,
            2,
            "3",
            6,
            3,
            "4",
            6,
            4,
            "5",
            6,
            5,
            "6",
            6,
            6,
            "7",
            6,
            7,
            "8",
            6,
            8,
            "9",
            6,
            9,
            "comma",
            6,
            10,
            "decimal",
            6,
            11
          ]
        ]
      ],
      0,
      0,
      [
        0,
        0,
        0,
        0,
        0,
        0,
        0,
        0,
        0,
        0,
        0,
        0
      ],
      [
        1,
        2,
        3,
        4,
        5,
        6,
        7,
        8,
        9,
        10,
        11,
        12
      ],
      [
        1,
        2,
        3,
        4,
        5,
        6,
        7,
        8,
        9,
        10,
        11,
        12
      ]
    ],
    [
      [
        {
          "name": "decimal",
          "rect": [
            384,
            259,
            46,
            65
          ],
          "offset": [
            0,
            0
          ],
          "originalSize": [
            46,
            161
          ],
          "capInsets": [
            0,
            0,
            0,
            0
          ]
        }
      ],
      [
        0
      ],
      0,
      [
        0
      ],
      [
        0
      ],
      [
        0
      ]
    ],
    [
      [
        {
          "name": "3",
          "rect": [
            256,
            324,
            127,
            161
          ],
          "offset": [
            0,
            0
          ],
          "originalSize": [
            127,
            161
          ],
          "capInsets": [
            0,
            0,
            0,
            0
          ]
        }
      ],
      [
        0
      ],
      0,
      [
        0
      ],
      [
        0
      ],
      [
        0
      ]
    ],
    [
      [
        {
          "name": "8",
          "rect": [
            128,
            0,
            127,
            161
          ],
          "offset": [
            0,
            0
          ],
          "originalSize": [
            127,
            161
          ],
          "capInsets": [
            0,
            0,
            0,
            0
          ]
        }
      ],
      [
        0
      ],
      0,
      [
        0
      ],
      [
        0
      ],
      [
        0
      ]
    ],
    [
      [
        {
          "name": "5",
          "rect": [
            0,
            162,
            127,
            161
          ],
          "offset": [
            0,
            0
          ],
          "originalSize": [
            127,
            161
          ],
          "capInsets": [
            0,
            0,
            0,
            0
          ]
        }
      ],
      [
        0
      ],
      0,
      [
        0
      ],
      [
        0
      ],
      [
        0
      ]
    ],
    [
      [
        {
          "name": "1",
          "rect": [
            384,
            0,
            83,
            161
          ],
          "offset": [
            0,
            0
          ],
          "originalSize": [
            127,
            161
          ],
          "capInsets": [
            0,
            0,
            0,
            0
          ]
        }
      ],
      [
        0
      ],
      0,
      [
        0
      ],
      [
        0
      ],
      [
        0
      ]
    ]
  ]
]