[1,["14e8dda60","1dbde0c67"],["_textureSetter"],["cc.SpriteFrame"],0,[[[{"name":"2M","rect":[425,981,38,31],"offset":[0,0],"originalSize":[38,31],"rotated":1,"capInsets":[0,0,0,0]}],[0],0,[0],[0],[0]],[[{"name":"200M","rect":[462,981,38,31],"offset":[0,0],"originalSize":[38,31],"rotated":1,"capInsets":[0,0,0,0]}],[0],0,[0],[0],[0]],[[{"name":"150M","rect":[987,651,38,31],"offset":[0,0],"originalSize":[38,31],"rotated":1,"capInsets":[0,0,0,0]}],[0],0,[0],[0],[0]],[[{"name":"100M","rect":[987,695,38,31],"offset":[0,0],"originalSize":[38,31],"rotated":1,"capInsets":[0,0,0,0]}],[0],0,[0],[0],[0]],[[{"name":"1K","rect":[987,739,38,31],"offset":[0,0],"originalSize":[38,31],"rotated":1,"capInsets":[0,0,0,0]}],[0],0,[0],[0],[0]],[[{"name":"500K","rect":[987,783,38,31],"offset":[0,0],"originalSize":[38,31],"rotated":1,"capInsets":[0,0,0,0]}],[0],0,[0],[0],[0]],[[{"name":"50M","rect":[987,827,38,31],"offset":[0,0],"originalSize":[38,31],"rotated":1,"capInsets":[0,0,0,0]}],[0],0,[0],[0],[0]],[[{"name":"100K","rect":[987,871,38,31],"offset":[0,0],"originalSize":[38,31],"rotated":1,"capInsets":[0,0,0,0]}],[0],0,[0],[0],[0]],[[{"name":"10K","rect":[979,129,38,31],"offset":[0,0],"originalSize":[38,31],"capInsets":[0,0,0,0]}],[0],0,[0],[0],[1]],[[{"name":"5M","rect":[979,166,38,31],"offset":[0,0],"originalSize":[38,31],"capInsets":[0,0,0,0]}],[0],0,[0],[0],[1]],[[{"name":"1M","rect":[979,203,38,31],"offset":[0,0],"originalSize":[38,31],"capInsets":[0,0,0,0]}],[0],0,[0],[0],[1]],[[{"name":"50K","rect":[979,240,38,31],"offset":[0,0],"originalSize":[38,31],"capInsets":[0,0,0,0]}],[0],0,[0],[0],[1]],[[{"name":"chipBlank","rect":[979,277,38,31],"offset":[0,0],"originalSize":[38,31],"capInsets":[0,0,0,0]}],[0],0,[0],[0],[1]],[[{"name":"10M","rect":[979,314,38,31],"offset":[0,0],"originalSize":[38,31],"capInsets":[0,0,0,0]}],[0],0,[0],[0],[1]],[[{"name":"5K","rect":[979,351,38,31],"offset":[0,0],"originalSize":[38,31],"capInsets":[0,0,0,0]}],[0],0,[0],[0],[1]]]]