[
  1,
  [
    "4b5CSB7ElJtb3hQVmEwAxG",
    "89b1yHgdlPBp3waiwd5As9",
    "535TnnKa1CiIBvQKdZLVzu"
  ],
  [
    "_textureSetter",
    "feature_btm_flare",
    "feature_btm_tile"
  ],
  [
    "cc.SpriteFrame",
    [
      "cc.SpriteAtlas",
      [
        "_name",
        "_spriteFrames"
      ],
      2,
      11
    ]
  ],
  [
    [
      1,
      0,
      1,
      2
    ]
  ],
  [
    [
      [
        {
          "name": "feature_btm_tile",
          "rect": [
            1,
            1,
            102,
            102
          ],
          "offset": [
            0,
            0
          ],
          "originalSize": [
            102,
            102
          ],
          "capInsets": [
            0,
            0,
            0,
            0
          ]
        }
      ],
      [
        0
      ],
      0,
      [
        0
      ],
      [
        0
      ],
      [
        0
      ]
    ],
    [
      [
        {
          "name": "feature_btm_flare",
          "rect": [
            105,
            1,
            250,
            60
          ],
          "offset": [
            0,
            0
          ],
          "originalSize": [
            250,
            60
          ],
          "capInsets": [
            0,
            0,
            0,
            0
          ]
        }
      ],
      [
        0
      ],
      0,
      [
        0
      ],
      [
        0
      ],
      [
        0
      ]
    ],
    [
      [
        [
          0,
          "Alats11.plist",
          [
            {},
            "feature_btm_flare",
            6,
            0,
            "feature_btm_tile",
            6,
            1
          ]
        ]
      ],
      0,
      0,
      [
        0,
        0
      ],
      [
        1,
        2
      ],
      [
        1,
        2
      ]
    ]
  ]
]