[
  1,
  [
    "aaDMqpPjRMyLqoMck3A0o7",
    "dcsE2QyGxFDJs5HwmCSOxY",
    "9bQECCHBBD77IyC3PE6/19",
    "b8/4SzEJhASYGSZaiziE4g",
    "b5Rk85SkZDWIDFJaJyWhdM",
    "d5VBL01rpFkaK9iirPIK1g",
    "36mf+31lxAGrdm9cs21D6k",
    "25tc5ftzZPlqLI/SfAvVXP",
    "11ttFjJ2xHu4UOuyWBRQ0V",
    "5dU+3VJFtB1r04USQzIdmW",
    "e8Hcd44yRAZo7I5a7QE6c0",
    "ee0/weBIBMJqAyOlvmbVTe",
    "64pJu1HKdPuKYEs57ZwII3",
    "a6iAngvVNARrG3wYbofXVm",
    "93xA/00LNO8rjwSpCrWk6V",
    "84BrfVWZVG0ZnLZig2IP4H",
    "caoC4hyrVHma5bkBRJvRZM",
    "8c8DWFPmdM0YCIZo2V559A",
    "61W912vutIKI5BuhJrxrgL",
    "07nOT7tdRFgquls5paUanS",
    "68cBgn0z5GvaZZQVwkJgWD",
    "a4OPFRAxBD/55CxyFVZuLy",
    "cf7gg/RENLpq9zmJ316GOy",
    "45ll8vTS1FnJta7IYxwCiy",
    "e19mFgJ05G8J98E2ArXDjy",
    "79IaZZbAhAUYvwpRsCuHH7",
    "73l6WCsk9CkpfBkV0o/lD5",
    "25s6HkFDZDiKABHo2czu/T",
    "efoc1oPXtNhoiuDnrk7A48",
    "05zdxdWrxMh6YMdM9bLdHI",
    "58OjAZICRO87VHaFetWjlD"
  ],
  [
    "_textureSetter",
    "10",
    "11",
    "12",
    "13",
    "14",
    "15",
    "16",
    "17",
    "18",
    "19",
    "20",
    "21",
    "22",
    "23",
    "24",
    "25",
    "26",
    "27",
    "28",
    "29",
    "30",
    "01",
    "02",
    "03",
    "04",
    "05",
    "06",
    "07",
    "08",
    "09"
  ],
  [
    "cc.SpriteFrame",
    [
      "cc.SpriteAtlas",
      [
        "_name",
        "_spriteFrames"
      ],
      2,
      11
    ]
  ],
  [
    [
      1,
      0,
      1,
      2
    ]
  ],
  [
    [
      [
        {
          "name": "08",
          "rect": [
            0,
            104,
            113,
            51
          ],
          "offset": [
            0,
            0
          ],
          "originalSize": [
            113,
            51
          ],
          "capInsets": [
            0,
            0,
            0,
            0
          ]
        }
      ],
      [
        0
      ],
      0,
      [
        0
      ],
      [
        0
      ],
      [
        0
      ]
    ],
    [
      [
        {
          "name": "28",
          "rect": [
            114,
            52,
            113,
            51
          ],
          "offset": [
            0,
            0
          ],
          "originalSize": [
            113,
            51
          ],
          "capInsets": [
            0,
            0,
            0,
            0
          ]
        }
      ],
      [
        0
      ],
      0,
      [
        0
      ],
      [
        0
      ],
      [
        0
      ]
    ],
    [
      [
        {
          "name": "17",
          "rect": [
            114,
            104,
            112,
            50
          ],
          "offset": [
            0,
            0
          ],
          "originalSize": [
            113,
            51
          ],
          "capInsets": [
            0,
            0,
            0,
            0
          ]
        }
      ],
      [
        0
      ],
      0,
      [
        0
      ],
      [
        0
      ],
      [
        0
      ]
    ],
    [
      [
        {
          "name": "06",
          "rect": [
            0,
            0,
            113,
            51
          ],
          "offset": [
            0,
            0
          ],
          "originalSize": [
            113,
            51
          ],
          "capInsets": [
            0,
            0,
            0,
            0
          ]
        }
      ],
      [
        0
      ],
      0,
      [
        0
      ],
      [
        0
      ],
      [
        0
      ]
    ],
    [
      [
        {
          "name": "16",
          "rect": [
            227,
            104,
            112,
            51
          ],
          "offset": [
            0,
            0
          ],
          "originalSize": [
            113,
            51
          ],
          "capInsets": [
            0,
            0,
            0,
            0
          ]
        }
      ],
      [
        0
      ],
      0,
      [
        0
      ],
      [
        0
      ],
      [
        0
      ]
    ],
    [
      [
        {
          "name": "15",
          "rect": [
            228,
            0,
            111,
            51
          ],
          "offset": [
            0,
            0
          ],
          "originalSize": [
            113,
            51
          ],
          "capInsets": [
            0,
            0,
            0,
            0
          ]
        }
      ],
      [
        0
      ],
      0,
      [
        0
      ],
      [
        0
      ],
      [
        0
      ]
    ],
    [
      [
        {
          "name": "02",
          "rect": [
            114,
            414,
            112,
            51
          ],
          "offset": [
            0,
            0
          ],
          "originalSize": [
            113,
            51
          ],
          "capInsets": [
            0,
            0,
            0,
            0
          ]
        }
      ],
      [
        0
      ],
      0,
      [
        0
      ],
      [
        0
      ],
      [
        0
      ]
    ],
    [
      [
        {
          "name": "09",
          "rect": [
            0,
            415,
            113,
            51
          ],
          "offset": [
            0,
            0
          ],
          "originalSize": [
            113,
            51
          ],
          "capInsets": [
            0,
            0,
            0,
            0
          ]
        }
      ],
      [
        0
      ],
      0,
      [
        0
      ],
      [
        0
      ],
      [
        0
      ]
    ],
    [
      [
        {
          "name": "18",
          "rect": [
            114,
            258,
            112,
            51
          ],
          "offset": [
            0,
            0
          ],
          "originalSize": [
            113,
            51
          ],
          "capInsets": [
            0,
            0,
            0,
            0
          ]
        }
      ],
      [
        0
      ],
      0,
      [
        0
      ],
      [
        0
      ],
      [
        0
      ]
    ],
    [
      [
        {
          "name": "27",
          "rect": [
            227,
            312,
            112,
            51
          ],
          "offset": [
            0,
            0
          ],
          "originalSize": [
            113,
            51
          ],
          "capInsets": [
            0,
            0,
            0,
            0
          ]
        }
      ],
      [
        0
      ],
      0,
      [
        0
      ],
      [
        0
      ],
      [
        0
      ]
    ],
    [
      [
        {
          "name": "21",
          "rect": [
            228,
            52,
            111,
            51
          ],
          "offset": [
            0,
            0
          ],
          "originalSize": [
            113,
            51
          ],
          "capInsets": [
            0,
            0,
            0,
            0
          ]
        }
      ],
      [
        0
      ],
      0,
      [
        0
      ],
      [
        0
      ],
      [
        0
      ]
    ],
    [
      [
        {
          "name": "29",
          "rect": [
            0,
            156,
            113,
            51
          ],
          "offset": [
            0,
            0
          ],
          "originalSize": [
            113,
            51
          ],
          "capInsets": [
            0,
            0,
            0,
            0
          ]
        }
      ],
      [
        0
      ],
      0,
      [
        0
      ],
      [
        0
      ],
      [
        0
      ]
    ],
    [
      [
        {
          "name": "05",
          "rect": [
            340,
            0,
            109,
            51
          ],
          "offset": [
            0,
            0
          ],
          "originalSize": [
            113,
            51
          ],
          "capInsets": [
            0,
            0,
            0,
            0
          ]
        }
      ],
      [
        0
      ],
      0,
      [
        0
      ],
      [
        0
      ],
      [
        0
      ]
    ],
    [
      [
        {
          "name": "04",
          "rect": [
            114,
            310,
            112,
            51
          ],
          "offset": [
            0,
            0
          ],
          "originalSize": [
            113,
            51
          ],
          "capInsets": [
            0,
            0,
            0,
            0
          ]
        }
      ],
      [
        0
      ],
      0,
      [
        0
      ],
      [
        0
      ],
      [
        0
      ]
    ],
    [
      [
        {
          "name": "24",
          "rect": [
            0,
            311,
            113,
            51
          ],
          "offset": [
            0,
            0
          ],
          "originalSize": [
            113,
            51
          ],
          "capInsets": [
            0,
            0,
            0,
            0
          ]
        }
      ],
      [
        0
      ],
      0,
      [
        0
      ],
      [
        0
      ],
      [
        0
      ]
    ],
    [
      [
        {
          "name": "26",
          "rect": [
            0,
            208,
            113,
            51
          ],
          "offset": [
            0,
            0
          ],
          "originalSize": [
            113,
            51
          ],
          "capInsets": [
            0,
            0,
            0,
            0
          ]
        }
      ],
      [
        0
      ],
      0,
      [
        0
      ],
      [
        0
      ],
      [
        0
      ]
    ],
    [
      [
        {
          "name": "23",
          "rect": [
            0,
            52,
            113,
            51
          ],
          "offset": [
            0,
            0
          ],
          "originalSize": [
            113,
            51
          ],
          "capInsets": [
            0,
            0,
            0,
            0
          ]
        }
      ],
      [
        0
      ],
      0,
      [
        0
      ],
      [
        0
      ],
      [
        0
      ]
    ],
    [
      [
        {
          "name": "11",
          "rect": [
            227,
            364,
            111,
            51
          ],
          "offset": [
            0,
            0
          ],
          "originalSize": [
            113,
            51
          ],
          "capInsets": [
            0,
            0,
            0,
            0
          ]
        }
      ],
      [
        0
      ],
      0,
      [
        0
      ],
      [
        0
      ],
      [
        0
      ]
    ],
    [
      [
        {
          "name": "30",
          "rect": [
            227,
            156,
            112,
            51
          ],
          "offset": [
            0,
            0
          ],
          "originalSize": [
            113,
            51
          ],
          "capInsets": [
            0,
            0,
            0,
            0
          ]
        }
      ],
      [
        0
      ],
      0,
      [
        0
      ],
      [
        0
      ],
      [
        0
      ]
    ],
    [
      [
        {
          "name": "22",
          "rect": [
            114,
            155,
            112,
            50
          ],
          "offset": [
            0,
            0
          ],
          "originalSize": [
            113,
            51
          ],
          "capInsets": [
            0,
            0,
            0,
            0
          ]
        }
      ],
      [
        0
      ],
      0,
      [
        0
      ],
      [
        0
      ],
      [
        0
      ]
    ],
    [
      [
        {
          "name": "13",
          "rect": [
            114,
            206,
            112,
            51
          ],
          "offset": [
            0,
            0
          ],
          "originalSize": [
            113,
            51
          ],
          "capInsets": [
            0,
            0,
            0,
            0
          ]
        }
      ],
      [
        0
      ],
      0,
      [
        0
      ],
      [
        0
      ],
      [
        0
      ]
    ],
    [
      [
        [
          0,
          "line.plist",
          [
            {},
            "10",
            6,
            0,
            "11",
            6,
            1,
            "12",
            6,
            2,
            "13",
            6,
            3,
            "14",
            6,
            4,
            "15",
            6,
            5,
            "16",
            6,
            6,
            "17",
            6,
            7,
            "18",
            6,
            8,
            "19",
            6,
            9,
            "20",
            6,
            10,
            "21",
            6,
            11,
            "22",
            6,
            12,
            "23",
            6,
            13,
            "24",
            6,
            14,
            "25",
            6,
            15,
            "26",
            6,
            16,
            "27",
            6,
            17,
            "28",
            6,
            18,
            "29",
            6,
            19,
            "30",
            6,
            20,
            "01",
            6,
            21,
            "02",
            6,
            22,
            "03",
            6,
            23,
            "04",
            6,
            24,
            "05",
            6,
            25,
            "06",
            6,
            26,
            "07",
            6,
            27,
            "08",
            6,
            28,
            "09",
            6,
            29
          ]
        ]
      ],
      0,
      0,
      [
        0,
        0,
        0,
        0,
        0,
        0,
        0,
        0,
        0,
        0,
        0,
        0,
        0,
        0,
        0,
        0,
        0,
        0,
        0,
        0,
        0,
        0,
        0,
        0,
        0,
        0,
        0,
        0,
        0,
        0
      ],
      [
        1,
        2,
        3,
        4,
        5,
        6,
        7,
        8,
        9,
        10,
        11,
        12,
        13,
        14,
        15,
        16,
        17,
        18,
        19,
        20,
        21,
        22,
        23,
        24,
        25,
        26,
        27,
        28,
        29,
        30
      ],
      [
        1,
        2,
        3,
        4,
        5,
        6,
        7,
        8,
        9,
        10,
        11,
        12,
        13,
        14,
        15,
        16,
        17,
        18,
        19,
        20,
        21,
        22,
        23,
        24,
        25,
        26,
        27,
        28,
        29,
        30
      ]
    ],
    [
      [
        {
          "name": "12",
          "rect": [
            0,
            363,
            113,
            51
          ],
          "offset": [
            0,
            0
          ],
          "originalSize": [
            113,
            51
          ],
          "capInsets": [
            0,
            0,
            0,
            0
          ]
        }
      ],
      [
        0
      ],
      0,
      [
        0
      ],
      [
        0
      ],
      [
        0
      ]
    ],
    [
      [
        {
          "name": "25",
          "rect": [
            227,
            416,
            111,
            51
          ],
          "offset": [
            0,
            0
          ],
          "originalSize": [
            113,
            51
          ],
          "capInsets": [
            0,
            0,
            0,
            0
          ]
        }
      ],
      [
        0
      ],
      0,
      [
        0
      ],
      [
        0
      ],
      [
        0
      ]
    ],
    [
      [
        {
          "name": "01",
          "rect": [
            114,
            0,
            113,
            51
          ],
          "offset": [
            0,
            0
          ],
          "originalSize": [
            113,
            51
          ],
          "capInsets": [
            0,
            0,
            0,
            0
          ]
        }
      ],
      [
        0
      ],
      0,
      [
        0
      ],
      [
        0
      ],
      [
        0
      ]
    ],
    [
      [
        {
          "name": "14",
          "rect": [
            227,
            208,
            112,
            51
          ],
          "offset": [
            0,
            0
          ],
          "originalSize": [
            113,
            51
          ],
          "capInsets": [
            0,
            0,
            0,
            0
          ]
        }
      ],
      [
        0
      ],
      0,
      [
        0
      ],
      [
        0
      ],
      [
        0
      ]
    ],
    [
      [
        {
          "name": "10",
          "rect": [
            339,
            416,
            110,
            51
          ],
          "offset": [
            0,
            0
          ],
          "originalSize": [
            113,
            51
          ],
          "capInsets": [
            0,
            0,
            0,
            0
          ]
        }
      ],
      [
        0
      ],
      0,
      [
        0
      ],
      [
        0
      ],
      [
        0
      ]
    ],
    [
      [
        {
          "name": "03",
          "rect": [
            114,
            362,
            112,
            51
          ],
          "offset": [
            0,
            0
          ],
          "originalSize": [
            113,
            51
          ],
          "capInsets": [
            0,
            0,
            0,
            0
          ]
        }
      ],
      [
        0
      ],
      0,
      [
        0
      ],
      [
        0
      ],
      [
        0
      ]
    ],
    [
      [
        {
          "name": "19",
          "rect": [
            227,
            260,
            112,
            51
          ],
          "offset": [
            0,
            0
          ],
          "originalSize": [
            113,
            51
          ],
          "capInsets": [
            0,
            0,
            0,
            0
          ]
        }
      ],
      [
        0
      ],
      0,
      [
        0
      ],
      [
        0
      ],
      [
        0
      ]
    ],
    [
      [
        {
          "name": "20",
          "rect": [
            339,
            364,
            111,
            51
          ],
          "offset": [
            0,
            0
          ],
          "originalSize": [
            113,
            51
          ],
          "capInsets": [
            0,
            0,
            0,
            0
          ]
        }
      ],
      [
        0
      ],
      0,
      [
        0
      ],
      [
        0
      ],
      [
        0
      ]
    ],
    [
      [
        {
          "name": "07",
          "rect": [
            0,
            260,
            113,
            50
          ],
          "offset": [
            0,
            0
          ],
          "originalSize": [
            113,
            51
          ],
          "capInsets": [
            0,
            0,
            0,
            0
          ]
        }
      ],
      [
        0
      ],
      0,
      [
        0
      ],
      [
        0
      ],
      [
        0
      ]
    ]
  ]
]