[
  1,
  [
    "bfqTO0ONtFa5+nmA+h9LW3",
    "6cWkgyqbNKU7goyR520SZ0",
    "46QkgIqGpNSbmTCzWq95Jl",
    "41St8fV/VJQaAVQ6e4KRH9",
    "f26N7ys79H7IbosTInZbpz",
    "e6C5Sm9mtOdpgcx0M6+Kn2",
    "86gK0wZkNEFI0zZGANuy1i",
    "1bhdsW3OxIyYZovZiQU+6q",
    "b6c8e1/MVGJZelyOlr2vR5",
    "26DqOVCE9Cx4mduiTpwD7q",
    "00ioMeRYlAsrCcj1dhppKo",
    "533WWLn7lCuK3j7t83TZpq",
    "36dT+i8ZRPHohah8LkeW8t",
    "6117jkHshG1YTmh6zlZTn0",
    "26JEGCQVRK8pKAPY4wRWkq",
    "d1W7eofq9NkaWGaghqy82B"
  ],
  [
    "_textureSetter",
    "word_lighting_compressed",
    "bigwin-win_lightning_02",
    "bigwin-win_lightning_01",
    "white_glow",
    "bigwin-win_lightning_05",
    "bigwin-win_lightning_04",
    "bigwin-win_lightning_03",
    "symbol_scatter_glow",
    "five_kind_light",
    "symbol_motion_line_effect",
    "info_board_winning_lighting",
    "body_background",
    "info_board_glowing_short",
    "info_board_win_glow",
    "word_glow"
  ],
  [
    "cc.SpriteFrame",
    [
      "cc.SpriteAtlas",
      [
        "_name",
        "_spriteFrames"
      ],
      2,
      11
    ]
  ],
  [
    [
      1,
      0,
      1,
      2
    ]
  ],
  [
    [
      [
        [
          0,
          "Alats12.plist",
          [
            {},
            "word_lighting_compressed",
            6,
            0,
            "bigwin-win_lightning_02",
            6,
            1,
            "bigwin-win_lightning_01",
            6,
            2,
            "white_glow",
            6,
            3,
            "bigwin-win_lightning_05",
            6,
            4,
            "bigwin-win_lightning_04",
            6,
            5,
            "bigwin-win_lightning_03",
            6,
            6,
            "symbol_scatter_glow",
            6,
            7,
            "five_kind_light",
            6,
            8,
            "symbol_motion_line_effect",
            6,
            9,
            "info_board_winning_lighting",
            6,
            10,
            "body_background",
            6,
            11,
            "info_board_glowing_short",
            6,
            12,
            "info_board_win_glow",
            6,
            13,
            "word_glow",
            6,
            14
          ]
        ]
      ],
      0,
      0,
      [
        0,
        0,
        0,
        0,
        0,
        0,
        0,
        0,
        0,
        0,
        0,
        0,
        0,
        0,
        0
      ],
      [
        1,
        2,
        3,
        4,
        5,
        6,
        7,
        8,
        9,
        10,
        11,
        12,
        13,
        14,
        15
      ],
      [
        1,
        2,
        3,
        4,
        5,
        6,
        7,
        8,
        9,
        10,
        11,
        12,
        13,
        14,
        15
      ]
    ],
    [
      [
        {
          "name": "info_board_winning_lighting",
          "rect": [
            710,
            1,
            115,
            102
          ],
          "offset": [
            0,
            0
          ],
          "originalSize": [
            115,
            102
          ],
          "capInsets": [
            0,
            0,
            0,
            0
          ]
        }
      ],
      [
        0
      ],
      0,
      [
        0
      ],
      [
        0
      ],
      [
        0
      ]
    ],
    [
      [
        {
          "name": "info_board_glowing_short",
          "rect": [
            405,
            863,
            328,
            138
          ],
          "offset": [
            0,
            0
          ],
          "originalSize": [
            328,
            138
          ],
          "capInsets": [
            83,
            0,
            78,
            0
          ]
        }
      ],
      [
        0
      ],
      0,
      [
        0
      ],
      [
        0
      ],
      [
        0
      ]
    ],
    [
      [
        {
          "name": "word_lighting_compressed",
          "rect": [
            828,
            164,
            220,
            73
          ],
          "offset": [
            0,
            0
          ],
          "originalSize": [
            220,
            73
          ],
          "rotated": 1,
          "capInsets": [
            0,
            0,
            0,
            0
          ]
        }
      ],
      [
        0
      ],
      0,
      [
        0
      ],
      [
        0
      ],
      [
        0
      ]
    ],
    [
      [
        {
          "name": "symbol_scatter_glow",
          "rect": [
            827,
            1,
            36,
            36
          ],
          "offset": [
            0,
            0
          ],
          "originalSize": [
            36,
            36
          ],
          "capInsets": [
            0,
            0,
            0,
            0
          ]
        }
      ],
      [
        0
      ],
      0,
      [
        0
      ],
      [
        0
      ],
      [
        0
      ]
    ],
    [
      [
        {
          "name": "word_glow",
          "rect": [
            809,
            411,
            373,
            93
          ],
          "offset": [
            0,
            0
          ],
          "originalSize": [
            373,
            93
          ],
          "rotated": 1,
          "capInsets": [
            0,
            0,
            0,
            0
          ]
        }
      ],
      [
        0
      ],
      0,
      [
        0
      ],
      [
        0
      ],
      [
        0
      ]
    ],
    [
      [
        {
          "name": "white_glow",
          "rect": [
            735,
            863,
            64,
            128
          ],
          "offset": [
            0,
            0
          ],
          "originalSize": [
            64,
            128
          ],
          "capInsets": [
            0,
            0,
            0,
            0
          ]
        }
      ],
      [
        0
      ],
      0,
      [
        0
      ],
      [
        0
      ],
      [
        0
      ]
    ]
  ]
]