[
  1,
  [
    "34vtCkz0lFi7zahBM7szY2"
  ],
  [
    "_textureSetter"
  ],
  [
    "cc.SpriteFrame"
  ],
  0,
  [
    [
      [
        {
          "name": "lb_dialog_2",
          "rect": [
            131,
            1,
            134,
            690
          ],
          "offset": [
            0,
            0
          ],
          "originalSize": [
            134,
            690
          ],
          "capInsets": [
            0,
            0,
            0,
            0
          ]
        }
      ],
      [
        0
      ],
      0,
      [
        0
      ],
      [
        0
      ],
      [
        0
      ]
    ],
    [
      [
        {
          "name": "lb_dialog_1",
          "rect": [
            1,
            1,
            128,
            696
          ],
          "offset": [
            0,
            0
          ],
          "originalSize": [
            128,
            696
          ],
          "capInsets": [
            0,
            0,
            0,
            0
          ]
        }
      ],
      [
        0
      ],
      0,
      [
        0
      ],
      [
        0
      ],
      [
        0
      ]
    ]
  ]
]