[
  1,
  [
    "5681ARr+dFiKaU2iR5wIz1",
    "0b3tLwZIBPUpVvMoNNLqMT",
    "685P/UEXRIU7GdZ2AuYfnv",
    "17a6VhK7VBirc5YoRkBalf",
    "0atC+8T9dJwq00B/XKr8fJ"
  ],
  [
    "_textureSetter",
    "11",
    "12",
    "12_blur",
    "11_blur"
  ],
  [
    "cc.SpriteFrame",
    [
      "cc.SpriteAtlas",
      [
        "_name",
        "_spriteFrames"
      ],
      2,
      11
    ]
  ],
  [
    [
      1,
      0,
      1,
      2
    ]
  ],
  [
    [
      [
        {
          "name": "11_blur",
          "rect": [
            705,
            178,
            175,
            175
          ],
          "offset": [
            0,
            0
          ],
          "originalSize": [
            175,
            175
          ],
          "capInsets": [
            0,
            0,
            0,
            0
          ]
        }
      ],
      [
        0
      ],
      0,
      [
        0
      ],
      [
        0
      ],
      [
        0
      ]
    ],
    [
      [
        {
          "name": "11",
          "rect": [
            353,
            1,
            350,
            350
          ],
          "offset": [
            0,
            0
          ],
          "originalSize": [
            350,
            350
          ],
          "capInsets": [
            0,
            0,
            0,
            0
          ]
        }
      ],
      [
        0
      ],
      0,
      [
        0
      ],
      [
        0
      ],
      [
        0
      ]
    ],
    [
      [
        {
          "name": "12_blur",
          "rect": [
            705,
            1,
            175,
            175
          ],
          "offset": [
            0,
            0
          ],
          "originalSize": [
            175,
            175
          ],
          "capInsets": [
            0,
            0,
            0,
            0
          ]
        }
      ],
      [
        0
      ],
      0,
      [
        0
      ],
      [
        0
      ],
      [
        0
      ]
    ],
    [
      [
        {
          "name": "12",
          "rect": [
            1,
            1,
            350,
            350
          ],
          "offset": [
            0,
            0
          ],
          "originalSize": [
            350,
            350
          ],
          "capInsets": [
            0,
            0,
            0,
            0
          ]
        }
      ],
      [
        0
      ],
      0,
      [
        0
      ],
      [
        0
      ],
      [
        0
      ]
    ],
    [
      [
        [
          0,
          "Alats66.plist",
          [
            {},
            "11",
            6,
            0,
            "12",
            6,
            1,
            "12_blur",
            6,
            2,
            "11_blur",
            6,
            3
          ]
        ]
      ],
      0,
      0,
      [
        0,
        0,
        0,
        0
      ],
      [
        1,
        2,
        3,
        4
      ],
      [
        1,
        2,
        3,
        4
      ]
    ]
  ]
]