[
  1,
  [
    "cdiJ11kr9DiLebuQwy0eTr",
    "8fqSELDntFkrf11i7iV49S",
    "8avh4HxzBMupT2yuZ7J/jf",
    "17Qd+Y2BNAEq22vHPNNr5Y",
    "5avxWm+3tCGKA80sEti8YT"
  ],
  [
    "_textureSetter",
    "bns_fg_top",
    "bns_reel_frame",
    "bns_fg_btm",
    "bns_reel_bg"
  ],
  [
    "cc.SpriteFrame",
    [
      "cc.SpriteAtlas",
      [
        "_name",
        "_spriteFrames"
      ],
      2,
      11
    ]
  ],
  [
    [
      1,
      0,
      1,
      2
    ]
  ],
  [
    [
      [
        {
          "name": "bns_fg_btm",
          "rect": [
            1,
            1,
            756,
            571
          ],
          "offset": [
            0,
            0
          ],
          "originalSize": [
            756,
            571
          ],
          "capInsets": [
            0,
            0,
            0,
            0
          ]
        }
      ],
      [
        0
      ],
      0,
      [
        0
      ],
      [
        0
      ],
      [
        0
      ]
    ],
    [
      [
        [
          0,
          "Alats65.plist",
          [
            {},
            "bns_fg_top",
            6,
            0,
            "bns_reel_frame",
            6,
            1,
            "bns_fg_btm",
            6,
            2,
            "bns_reel_bg",
            6,
            3
          ]
        ]
      ],
      0,
      0,
      [
        0,
        0,
        0,
        0
      ],
      [
        1,
        2,
        3,
        4
      ],
      [
        1,
        2,
        3,
        4
      ]
    ],
    [
      [
        {
          "name": "bns_fg_top",
          "rect": [
            1,
            574,
            756,
            408
          ],
          "offset": [
            0,
            0
          ],
          "originalSize": [
            756,
            408
          ],
          "capInsets": [
            0,
            0,
            0,
            0
          ]
        }
      ],
      [
        0
      ],
      0,
      [
        0
      ],
      [
        0
      ],
      [
        0
      ]
    ]
  ]
]