[
  1,
  [
    "ecpdLyjvZBwrvm+cedCcQy",
    "192fce39f",
    "1f+9TmIclAgqhc5xr88gH5",
    "d608qFRoFHwbXd0Dap056i",
    "61cyPdEfRN047sDK9rO0W5",
    "1782bf0fe",
    "176a9b5a0",
    "01U+GGbQ1MuqVegl5R7Uts",
    "a2MjXRFdtLlYQ5ouAFv/+R",
    "4azOYgJjpOUoseZqKe7kEA",
    "32n7pg1rBJvLaA9zwUdi7p",
    "9aRMGu2HFFkZ06xnQ56hwm",
    "cc2pp+1p5FIbVFfvRrE6vX",
    "8eJZnJtKNGmZYqPCJc7R2E",
    "88VX7TI05NvpTMH4EKsP75",
    "5f5dyqtRNNxaFmVzYns6FZ",
    "2dC15FTMpEpa8CABU9uYoe",
    "5cO7kybDxGj4ipyMYdRYZB",
    "1f68e7b47"
  ],
  [
    "node",
    "_spriteFrame",
    "_textureSetter",
    "_parent",
    "root",
    "data",
    "_scrollView"
  ],
  [
    "cc.SpriteFrame",
    [
      "cc.Node",
      [
        "_name",
        "_objFlags",
        "_prefab",
        "_components",
        "_contentSize",
        "_parent",
        "_children",
        "_trs",
        "_color",
        "_anchorPoint"
      ],
      1,
      4,
      9,
      5,
      1,
      2,
      7,
      5,
      5
    ],
    [
      "cc.Sprite",
      [
        "_sizeMode",
        "_type",
        "node",
        "_materials",
        "_spriteFrame"
      ],
      1,
      1,
      3,
      6
    ],
    [
      "cc.Node",
      [
        "_name",
        "_objFlags",
        "_parent",
        "_components",
        "_prefab",
        "_contentSize",
        "_children",
        "_anchorPoint",
        "_trs"
      ],
      1,
      1,
      2,
      4,
      5,
      2,
      5,
      7
    ],
    [
      "cc.PrefabInfo",
      [
        "fileId",
        "root",
        "asset"
      ],
      2,
      1,
      1
    ],
    [
      "cc.Prefab",
      [
        "_name"
      ],
      2
    ],
    [
      "cc.Node",
      [
        "_name",
        "_objFlags",
        "_children",
        "_components",
        "_prefab",
        "_contentSize",
        "_anchorPoint",
        "_trs"
      ],
      1,
      2,
      12,
      4,
      5,
      5,
      7
    ],
    [
      "9f436FbBvtKwqNcsP6rvDqW",
      [
        "node"
      ],
      3,
      1
    ],
    [
      "cc.Layout",
      [
        "_resize",
        "_N$layoutType",
        "_N$paddingTop",
        "_N$paddingBottom",
        "_N$spacingY",
        "node",
        "_layoutSize"
      ],
      -2,
      1,
      5
    ],
    [
      "cc.Widget",
      [
        "alignMode",
        "_alignFlags",
        "_left",
        "_originalHeight",
        "node"
      ],
      -1,
      1
    ],
    [
      "cc.Button",
      [
        "node",
        "clickEvents"
      ],
      3,
      1,
      9
    ],
    [
      "cc.ClickEvent",
      [
        "_componentId",
        "handler",
        "target"
      ],
      1,
      1
    ],
    [
      "cc.Scrollbar",
      [
        "_N$direction",
        "node",
        "_N$handle"
      ],
      2,
      1,
      1
    ],
    [
      "cc.ScrollView",
      [
        "horizontal",
        "brake",
        "bounceDuration",
        "_N$horizontalScrollBar",
        "node",
        "_N$content",
        "_N$verticalScrollBar"
      ],
      -1,
      1,
      1,
      1
    ]
  ],
  [
    [
      4,
      0,
      1,
      2,
      2
    ],
    [
      2,
      2,
      3,
      4,
      1
    ],
    [
      1,
      0,
      5,
      3,
      2,
      4,
      7,
      2
    ],
    [
      5,
      0,
      2
    ],
    [
      1,
      0,
      6,
      3,
      2,
      2
    ],
    [
      1,
      0,
      6,
      3,
      2,
      8,
      4,
      9,
      7,
      2
    ],
    [
      1,
      0,
      5,
      6,
      3,
      2,
      4,
      7,
      2
    ],
    [
      1,
      0,
      5,
      3,
      2,
      8,
      4,
      2
    ],
    [
      1,
      0,
      1,
      5,
      6,
      2,
      4,
      3
    ],
    [
      1,
      0,
      1,
      5,
      3,
      2,
      4,
      3
    ],
    [
      6,
      0,
      1,
      2,
      3,
      4,
      5,
      6,
      7,
      3
    ],
    [
      3,
      0,
      2,
      6,
      3,
      4,
      5,
      2
    ],
    [
      3,
      0,
      1,
      2,
      3,
      4,
      5,
      7,
      8,
      3
    ],
    [
      7,
      0,
      1
    ],
    [
      4,
      1,
      2,
      1
    ],
    [
      8,
      0,
      1,
      2,
      3,
      4,
      5,
      6,
      6
    ],
    [
      9,
      0,
      1,
      2,
      3,
      4,
      5
    ],
    [
      2,
      1,
      0,
      2,
      3,
      4,
      3
    ],
    [
      2,
      0,
      2,
      3,
      4,
      2
    ],
    [
      2,
      1,
      0,
      2,
      3,
      3
    ],
    [
      10,
      0,
      1,
      1
    ],
    [
      11,
      0,
      1,
      2,
      3
    ],
    [
      12,
      0,
      1,
      2,
      2
    ],
    [
      13,
      0,
      1,
      2,
      3,
      4,
      5,
      6,
      5
    ]
  ],
  [
    [
      [
        {
          "name": "02",
          "rect": [
            3,
            3,
            619,
            708
          ],
          "offset": [
            0,
            0
          ],
          "originalSize": [
            619,
            708
          ],
          "capInsets": [
            0,
            0,
            0,
            0
          ]
        }
      ],
      [
        0
      ],
      0,
      [
        0
      ],
      [
        2
      ],
      [
        1
      ]
    ],
    [
      [
        {
          "name": "01",
          "rect": [
            0,
            0,
            600,
            1465
          ],
          "offset": [
            0,
            0
          ],
          "originalSize": [
            600,
            1465
          ],
          "capInsets": [
            0,
            0,
            0,
            0
          ]
        }
      ],
      [
        0
      ],
      0,
      [
        0
      ],
      [
        2
      ],
      [
        2
      ]
    ],
    [
      [
        {
          "name": "default_scrollbar_vertical",
          "rect": [
            0,
            0,
            15,
            30
          ],
          "offset": [
            0,
            0
          ],
          "originalSize": [
            15,
            30
          ],
          "capInsets": [
            4,
            10,
            4,
            10
          ]
        }
      ],
      [
        0
      ],
      0,
      [
        0
      ],
      [
        2
      ],
      [
        3
      ]
    ],
    [
      [
        {
          "name": "default_scrollbar_vertical_bg",
          "rect": [
            0,
            0,
            15,
            30
          ],
          "offset": [
            0,
            0
          ],
          "originalSize": [
            15,
            30
          ],
          "capInsets": [
            4,
            10,
            4,
            10
          ]
        }
      ],
      [
        0
      ],
      0,
      [
        0
      ],
      [
        2
      ],
      [
        4
      ]
    ],
    [
      [
        {
          "name": "06",
          "rect": [
            3,
            3,
            620,
            659
          ],
          "offset": [
            0,
            0
          ],
          "originalSize": [
            620,
            659
          ],
          "capInsets": [
            0,
            0,
            0,
            0
          ]
        }
      ],
      [
        0
      ],
      0,
      [
        0
      ],
      [
        2
      ],
      [
        5
      ]
    ],
    [
      [
        {
          "name": "05",
          "rect": [
            3,
            3,
            634,
            666
          ],
          "offset": [
            0,
            0
          ],
          "originalSize": [
            634,
            666
          ],
          "capInsets": [
            0,
            0,
            0,
            0
          ]
        }
      ],
      [
        0
      ],
      0,
      [
        0
      ],
      [
        2
      ],
      [
        6
      ]
    ],
    [
      [
        {
          "name": "03",
          "rect": [
            0,
            0,
            662,
            1281
          ],
          "offset": [
            0,
            0
          ],
          "originalSize": [
            662,
            1281
          ],
          "capInsets": [
            0,
            0,
            0,
            0
          ]
        }
      ],
      [
        0
      ],
      0,
      [
        0
      ],
      [
        2
      ],
      [
        7
      ]
    ],
    [
      [
        [
          3,
          "CachChoi"
        ],
        [
          4,
          "CachChoi",
          [
            -3,
            -4,
            -5
          ],
          [
            [
              13,
              -2
            ]
          ],
          [
            14,
            -1,
            0
          ]
        ],
        [
          5,
          "content",
          [
            -7,
            -8,
            -9,
            -10,
            -11,
            -12
          ],
          [
            [
              15,
              1,
              2,
              20,
              15,
              40,
              -6,
              [
                5,
                720,
                5941
              ]
            ]
          ],
          [
            0,
            "ff1h7OP75JU7EIBLwCFQWa",
            1,
            0
          ],
          [
            4,
            4281348144
          ],
          [
            5,
            720,
            5941
          ],
          [
            0,
            0.5,
            1
          ],
          [
            0,
            640,
            0,
            0,
            0,
            0,
            1,
            1,
            1,
            1
          ]
        ],
        [
          10,
          "scrollBar",
          512,
          [
            -16
          ],
          [
            [
              -13,
              [
                16,
                0,
                37,
                350.07654921020657,
                237,
                -14
              ],
              [
                17,
                1,
                0,
                -15,
                [
                  15
                ],
                16
              ]
            ],
            1,
            4,
            4
          ],
          [
            0,
            "72vjQVZrtBGaOkOLAb9Qni",
            1,
            0
          ],
          [
            5,
            12,
            1280
          ],
          [
            0,
            1,
            0.5
          ],
          [
            360,
            0,
            0,
            0,
            0,
            0,
            1,
            1,
            1,
            1
          ]
        ],
        [
          11,
          "scrollview",
          1,
          [
            3,
            -18
          ],
          [
            -17
          ],
          [
            0,
            "bcwSL8Y1tIg5mHcEDL0FEw",
            1,
            0
          ],
          [
            5,
            720,
            1280
          ]
        ],
        [
          6,
          "menupopup-close",
          1,
          [
            -20
          ],
          [
            [
              20,
              -19,
              [
                [
                  21,
                  "9f436FbBvtKwqNcsP6rvDqW",
                  "onClickClose",
                  1
                ]
              ]
            ]
          ],
          [
            0,
            "64H3u/45BGKqWG9Yk1LNx9",
            1,
            0
          ],
          [
            5,
            80,
            80
          ],
          [
            305.09,
            592.586,
            0,
            0,
            0,
            0,
            1,
            1,
            1,
            1
          ]
        ],
        [
          7,
          "sprite_splash",
          1,
          [
            [
              18,
              0,
              -21,
              [
                0
              ],
              1
            ]
          ],
          [
            0,
            "05G36b28xIM6jEzzWrTmU4",
            1,
            0
          ],
          [
            4,
            4282198828
          ],
          [
            5,
            720,
            1280
          ]
        ],
        [
          12,
          "bar",
          512,
          3,
          [
            -22
          ],
          [
            0,
            "35+8mVDbxLkZU+YFTt2OL+",
            1,
            0
          ],
          [
            5,
            10,
            30
          ],
          [
            0,
            1,
            0
          ],
          [
            -1,
            0,
            0,
            0,
            0,
            0,
            1,
            1,
            1,
            1
          ]
        ],
        [
          19,
          1,
          0,
          7,
          [
            2
          ]
        ],
        [
          22,
          1,
          3,
          8
        ],
        [
          23,
          false,
          0.75,
          0.23,
          null,
          4,
          2,
          9
        ],
        [
          8,
          "view",
          512,
          4,
          [
            2
          ],
          [
            0,
            "2aRnRauuBJ5rhFxChPvlvh",
            1,
            0
          ],
          [
            5,
            720,
            1280
          ]
        ],
        [
          2,
          "02",
          2,
          [
            [
              1,
              -23,
              [
                3
              ],
              4
            ]
          ],
          [
            0,
            "a5bW+5a+hPk7Xpf8dFmMdG",
            1,
            0
          ],
          [
            5,
            600,
            1465
          ],
          [
            0,
            -752.5,
            0,
            0,
            0,
            0,
            1,
            1,
            1,
            1
          ]
        ],
        [
          2,
          "033",
          2,
          [
            [
              1,
              -24,
              [
                5
              ],
              6
            ]
          ],
          [
            0,
            "1cW6z1k8FOrqFQlS7nSnWH",
            1,
            0
          ],
          [
            5,
            619,
            708
          ],
          [
            0,
            -1879,
            0,
            0,
            0,
            0,
            1,
            1,
            1,
            1
          ]
        ],
        [
          2,
          "044",
          2,
          [
            [
              1,
              -25,
              [
                7
              ],
              8
            ]
          ],
          [
            0,
            "b6Bv/huO1NFrua08uBQ0q1",
            1,
            0
          ],
          [
            5,
            662,
            1281
          ],
          [
            0,
            -2913.5,
            0,
            0,
            0,
            0,
            1,
            1,
            1,
            1
          ]
        ],
        [
          2,
          "055",
          2,
          [
            [
              1,
              -26,
              [
                9
              ],
              10
            ]
          ],
          [
            0,
            "3eCSU/jPJJmbPOIqrPyw/i",
            1,
            0
          ],
          [
            5,
            662,
            927
          ],
          [
            0,
            -4057.5,
            0,
            0,
            0,
            0,
            1,
            1,
            1,
            1
          ]
        ],
        [
          2,
          "01",
          2,
          [
            [
              1,
              -27,
              [
                11
              ],
              12
            ]
          ],
          [
            0,
            "73xthvV4pPRqRj2huiBx+p",
            1,
            0
          ],
          [
            5,
            634,
            666
          ],
          [
            0,
            -4894,
            0,
            0,
            0,
            0,
            1,
            1,
            1,
            1
          ]
        ],
        [
          2,
          "06",
          2,
          [
            [
              1,
              -28,
              [
                13
              ],
              14
            ]
          ],
          [
            0,
            "24jaOAGJFBD6s+sOFr9weD",
            1,
            0
          ],
          [
            5,
            620,
            659
          ],
          [
            0,
            -5596.5,
            0,
            0,
            0,
            0,
            1,
            1,
            1,
            1
          ]
        ],
        [
          9,
          "menupopup-close",
          512,
          5,
          [
            [
              1,
              -29,
              [
                17
              ],
              18
            ]
          ],
          [
            0,
            "23u1/679dFwoBrUrpM+kVt",
            1,
            0
          ],
          [
            5,
            108,
            108
          ]
        ]
      ],
      0,
      [
        0,
        4,
        1,
        0,
        0,
        1,
        0,
        -1,
        6,
        0,
        -2,
        4,
        0,
        -3,
        5,
        0,
        0,
        2,
        0,
        -1,
        12,
        0,
        -2,
        13,
        0,
        -3,
        14,
        0,
        -4,
        15,
        0,
        -5,
        16,
        0,
        -6,
        17,
        0,
        -1,
        9,
        0,
        0,
        3,
        0,
        0,
        3,
        0,
        -1,
        7,
        0,
        -1,
        10,
        0,
        -2,
        11,
        0,
        0,
        5,
        0,
        -1,
        18,
        0,
        0,
        6,
        0,
        -1,
        8,
        0,
        0,
        12,
        0,
        0,
        13,
        0,
        0,
        14,
        0,
        0,
        15,
        0,
        0,
        16,
        0,
        0,
        17,
        0,
        0,
        18,
        0,
        5,
        1,
        2,
        3,
        11,
        3,
        3,
        4,
        9,
        6,
        10,
        29
      ],
      [
        0,
        0,
        0,
        0,
        0,
        0,
        0,
        0,
        0,
        0,
        0,
        0,
        0,
        0,
        0,
        0,
        0,
        0,
        0,
        8
      ],
      [
        -1,
        1,
        -1,
        -1,
        1,
        -1,
        1,
        -1,
        1,
        -1,
        1,
        -1,
        1,
        -1,
        1,
        -1,
        1,
        -1,
        1,
        1
      ],
      [
        0,
        8,
        0,
        0,
        9,
        0,
        10,
        0,
        11,
        0,
        12,
        0,
        13,
        0,
        14,
        0,
        15,
        0,
        16,
        17
      ]
    ],
    [
      [
        {
          "name": "04",
          "rect": [
            3,
            3,
            662,
            927
          ],
          "offset": [
            0,
            0
          ],
          "originalSize": [
            662,
            927
          ],
          "capInsets": [
            0,
            0,
            0,
            0
          ]
        }
      ],
      [
        0
      ],
      0,
      [
        0
      ],
      [
        2
      ],
      [
        18
      ]
    ]
  ]
]