[
  1,
  [
    "d7fpSmxUdEjoz7E1Z6JzvN"
  ],
  [
    "_textureSetter"
  ],
  [
    "cc.SpriteFrame"
  ],
  0,
  [
    [
      [
        {
          "name": "ps_particle_b_add_11",
          "rect": [
            486,
            1,
            181,
            201
          ],
          "offset": [
            10,
            -8
          ],
          "originalSize": [
            223,
            237
          ],
          "capInsets": [
            0,
            0,
            0,
            0
          ]
        }
      ],
      [
        0
      ],
      0,
      [
        0
      ],
      [
        0
      ],
      [
        0
      ]
    ],
    [
      [
        {
          "name": "ps_particle_b_add_16",
          "rect": [
            1,
            1,
            151,
            213
          ],
          "offset": [
            -5,
            -7
          ],
          "originalSize": [
            223,
            237
          ],
          "capInsets": [
            0,
            0,
            0,
            0
          ]
        }
      ],
      [
        0
      ],
      0,
      [
        0
      ],
      [
        0
      ],
      [
        0
      ]
    ],
    [
      [
        {
          "name": "ps_particle_b_add_09",
          "rect": [
            486,
            413,
            177,
            199
          ],
          "offset": [
            9,
            -9
          ],
          "originalSize": [
            223,
            237
          ],
          "capInsets": [
            0,
            0,
            0,
            0
          ]
        }
      ],
      [
        0
      ],
      0,
      [
        0
      ],
      [
        0
      ],
      [
        0
      ]
    ],
    [
      [
        {
          "name": "ps_particle_b_add_01",
          "rect": [
            723,
            192,
            101,
            111
          ],
          "offset": [
            0,
            -5
          ],
          "originalSize": [
            223,
            237
          ],
          "rotated": 1,
          "capInsets": [
            0,
            0,
            0,
            0
          ]
        }
      ],
      [
        0
      ],
      0,
      [
        0
      ],
      [
        0
      ],
      [
        0
      ]
    ],
    [
      [
        {
          "name": "ps_particle_b_add_04",
          "rect": [
            842,
            1,
            153,
            163
          ],
          "offset": [
            3,
            -7
          ],
          "originalSize": [
            223,
            237
          ],
          "capInsets": [
            0,
            0,
            0,
            0
          ]
        }
      ],
      [
        0
      ],
      0,
      [
        0
      ],
      [
        0
      ],
      [
        0
      ]
    ],
    [
      [
        {
          "name": "ps_particle_b_add_07",
          "rect": [
            669,
            1,
            171,
            189
          ],
          "offset": [
            7,
            -9
          ],
          "originalSize": [
            223,
            237
          ],
          "capInsets": [
            0,
            0,
            0,
            0
          ]
        }
      ],
      [
        0
      ],
      0,
      [
        0
      ],
      [
        0
      ],
      [
        0
      ]
    ],
    [
      [
        {
          "name": "ps_particle_b_add_05",
          "rect": [
            798,
            478,
            161,
            175
          ],
          "offset": [
            4,
            -7
          ],
          "originalSize": [
            223,
            237
          ],
          "rotated": 1,
          "capInsets": [
            0,
            0,
            0,
            0
          ]
        }
      ],
      [
        0
      ],
      0,
      [
        0
      ],
      [
        0
      ],
      [
        0
      ]
    ],
    [
      [
        {
          "name": "ps_particle_b_add_06",
          "rect": [
            810,
            309,
            167,
            183
          ],
          "offset": [
            6,
            -8
          ],
          "originalSize": [
            223,
            237
          ],
          "rotated": 1,
          "capInsets": [
            0,
            0,
            0,
            0
          ]
        }
      ],
      [
        0
      ],
      0,
      [
        0
      ],
      [
        0
      ],
      [
        0
      ]
    ],
    [
      [
        {
          "name": "ps_particle_b_add_13",
          "rect": [
            307,
            1,
            177,
            207
          ],
          "offset": [
            14,
            -8
          ],
          "originalSize": [
            223,
            237
          ],
          "capInsets": [
            0,
            0,
            0,
            0
          ]
        }
      ],
      [
        0
      ],
      0,
      [
        0
      ],
      [
        0
      ],
      [
        0
      ]
    ],
    [
      [
        {
          "name": "ps_particle_b_add_14",
          "rect": [
            182,
            214,
            181,
            209
          ],
          "offset": [
            12,
            -8
          ],
          "originalSize": [
            223,
            237
          ],
          "capInsets": [
            0,
            0,
            0,
            0
          ]
        }
      ],
      [
        0
      ],
      0,
      [
        0
      ],
      [
        0
      ],
      [
        0
      ]
    ],
    [
      [
        {
          "name": "ps_particle_b_add_17",
          "rect": [
            154,
            1,
            151,
            211
          ],
          "offset": [
            -6,
            -7
          ],
          "originalSize": [
            223,
            237
          ],
          "capInsets": [
            0,
            0,
            0,
            0
          ]
        }
      ],
      [
        0
      ],
      0,
      [
        0
      ],
      [
        0
      ],
      [
        0
      ]
    ],
    [
      [
        {
          "name": "ps_particle_b_add_19",
          "rect": [
            154,
            429,
            145,
            211
          ],
          "offset": [
            -5,
            -5
          ],
          "originalSize": [
            223,
            237
          ],
          "capInsets": [
            0,
            0,
            0,
            0
          ]
        }
      ],
      [
        0
      ],
      0,
      [
        0
      ],
      [
        0
      ],
      [
        0
      ]
    ],
    [
      [
        {
          "name": "ps_particle_b_add_03",
          "rect": [
            842,
            166,
            141,
            149
          ],
          "offset": [
            1,
            -6
          ],
          "originalSize": [
            223,
            237
          ],
          "rotated": 1,
          "capInsets": [
            0,
            0,
            0,
            0
          ]
        }
      ],
      [
        0
      ],
      0,
      [
        0
      ],
      [
        0
      ],
      [
        0
      ]
    ],
    [
      [
        {
          "name": "ps_particle_b_add_15",
          "rect": [
            1,
            216,
            179,
            211
          ],
          "offset": [
            12,
            -8
          ],
          "originalSize": [
            223,
            237
          ],
          "capInsets": [
            0,
            0,
            0,
            0
          ]
        }
      ],
      [
        0
      ],
      0,
      [
        0
      ],
      [
        0
      ],
      [
        0
      ]
    ],
    [
      [
        {
          "name": "ps_particle_b_add_18",
          "rect": [
            1,
            429,
            151,
            211
          ],
          "offset": [
            -6,
            -7
          ],
          "originalSize": [
            223,
            237
          ],
          "capInsets": [
            0,
            0,
            0,
            0
          ]
        }
      ],
      [
        0
      ],
      0,
      [
        0
      ],
      [
        0
      ],
      [
        0
      ]
    ],
    [
      [
        {
          "name": "ps_particle_b_add_02",
          "rect": [
            665,
            401,
            125,
            131
          ],
          "offset": [
            0,
            -6
          ],
          "originalSize": [
            223,
            237
          ],
          "rotated": 1,
          "capInsets": [
            0,
            0,
            0,
            0
          ]
        }
      ],
      [
        0
      ],
      0,
      [
        0
      ],
      [
        0
      ],
      [
        0
      ]
    ],
    [
      [
        {
          "name": "ps_particle_b_add_12",
          "rect": [
            301,
            425,
            183,
            205
          ],
          "offset": [
            10,
            -8
          ],
          "originalSize": [
            223,
            237
          ],
          "capInsets": [
            0,
            0,
            0,
            0
          ]
        }
      ],
      [
        0
      ],
      0,
      [
        0
      ],
      [
        0
      ],
      [
        0
      ]
    ],
    [
      [
        {
          "name": "ps_particle_b_add_08",
          "rect": [
            548,
            204,
            173,
            195
          ],
          "offset": [
            9,
            -9
          ],
          "originalSize": [
            223,
            237
          ],
          "capInsets": [
            0,
            0,
            0,
            0
          ]
        }
      ],
      [
        0
      ],
      0,
      [
        0
      ],
      [
        0
      ],
      [
        0
      ]
    ],
    [
      [
        {
          "name": "ps_particle_b_add_20",
          "rect": [
            665,
            528,
            149,
            121
          ],
          "offset": [
            -6,
            -48
          ],
          "originalSize": [
            223,
            237
          ],
          "rotated": 1,
          "capInsets": [
            0,
            0,
            0,
            0
          ]
        }
      ],
      [
        0
      ],
      0,
      [
        0
      ],
      [
        0
      ],
      [
        0
      ]
    ],
    [
      [
        {
          "name": "ps_particle_b_add_00",
          "rect": [
            723,
            295,
            73,
            85
          ],
          "offset": [
            -1,
            -6
          ],
          "originalSize": [
            223,
            237
          ],
          "rotated": 1,
          "capInsets": [
            0,
            0,
            0,
            0
          ]
        }
      ],
      [
        0
      ],
      0,
      [
        0
      ],
      [
        0
      ],
      [
        0
      ]
    ],
    [
      [
        {
          "name": "ps_particle_b_add_10",
          "rect": [
            365,
            210,
            181,
            201
          ],
          "offset": [
            9,
            -8
          ],
          "originalSize": [
            223,
            237
          ],
          "capInsets": [
            0,
            0,
            0,
            0
          ]
        }
      ],
      [
        0
      ],
      0,
      [
        0
      ],
      [
        0
      ],
      [
        0
      ]
    ]
  ]
]