[
  1,
  [
    "52UN/Te5pNfJ92KwlvIEmj",
    "b5Xkd6M1ZLsa3hWQcoRFgt",
    "cfXaySLPFBuJThGchS2aRa",
    "45CbX9QulBFqQTxnxbejKa",
    "afMYAMNplF3rS5VNZ+/4Ds",
    "b8w4iyP7FOCZrPRtJNq2M9",
    "1eBsKBT0hM2pNZXn7RoGDu",
    "94E95pr19KJ7VEgIcr9jd4",
    "e11ev1IshAwIuNgnGZYya+"
  ],
  [
    "_textureSetter",
    "bl_vfx_d_screen",
    "bl_vfx_c_add",
    "bl_vfx_b_add",
    "bl_bg",
    "bl_pattern_a_screen",
    "bl_vfx_e_screen",
    "bl_pattern_b_screen",
    "bl_load_add"
  ],
  [
    "cc.SpriteFrame",
    [
      "cc.SpriteAtlas",
      [
        "_name",
        "_spriteFrames"
      ],
      2,
      11
    ]
  ],
  [
    [
      1,
      0,
      1,
      2
    ]
  ],
  [
    [
      [
        {
          "name": "bl_vfx_e_screen",
          "rect": [
            758,
            751,
            738,
            707
          ],
          "offset": [
            0,
            0
          ],
          "originalSize": [
            738,
            707
          ],
          "capInsets": [
            0,
            0,
            0,
            0
          ]
        }
      ],
      [
        0
      ],
      0,
      [
        0
      ],
      [
        0
      ],
      [
        0
      ]
    ],
    [
      [
        [
          0,
          "Alats22.plist",
          [
            {},
            "bl_vfx_d_screen",
            6,
            0,
            "bl_vfx_c_add",
            6,
            1,
            "bl_vfx_b_add",
            6,
            2,
            "bl_bg",
            6,
            3,
            "bl_pattern_a_screen",
            6,
            4,
            "bl_vfx_e_screen",
            6,
            5,
            "bl_pattern_b_screen",
            6,
            6,
            "bl_load_add",
            6,
            7
          ]
        ]
      ],
      0,
      0,
      [
        0,
        0,
        0,
        0,
        0,
        0,
        0,
        0
      ],
      [
        1,
        2,
        3,
        4,
        5,
        6,
        7,
        8
      ],
      [
        1,
        2,
        3,
        4,
        5,
        6,
        7,
        8
      ]
    ],
    [
      [
        {
          "name": "bl_vfx_c_add",
          "rect": [
            934,
            1460,
            756,
            496
          ],
          "offset": [
            0,
            0
          ],
          "originalSize": [
            756,
            496
          ],
          "capInsets": [
            0,
            0,
            0,
            0
          ]
        }
      ],
      [
        0
      ],
      0,
      [
        0
      ],
      [
        0
      ],
      [
        0
      ]
    ]
  ]
]