{"paths":{"0":["Font/BigWin_FNT/-",1],"1":["Font/BigWin_FNT/+",1],"2":["Font/BigWin_FNT/$",1],"3":["Font/BigWin_FNT/0",1],"4":["Font/BigWin_FNT/1",1],"5":["Font/BigWin_FNT/2",1],"6":["Font/BigWin_FNT/3",1],"7":["Font/BigWin_FNT/4",1],"8":["Font/BigWin_FNT/5",1],"9":["Font/BigWin_FNT/6",1],"10":["Font/BigWin_FNT/7",1],"11":["Font/BigWin_FNT/8",1],"12":["Font/BigWin_FNT/9",1],"13":["Font/BigWin_FNT/comma",1],"14":["Font/BigWin_FNT/dot",1],"15":["Font/Free_MSG_FNT/0",1],"16":["Font/Free_MSG_FNT/1",1],"17":["Font/Free_MSG_FNT/2",1],"18":["Font/Free_MSG_FNT/3",1],"19":["Font/Free_MSG_FNT/4",1],"20":["Font/Free_MSG_FNT/5",1],"21":["Font/Free_MSG_FNT/6",1],"22":["Font/Free_MSG_FNT/7",1],"23":["Font/Free_MSG_FNT/8",1],"24":["Font/Free_MSG_FNT/9",1],"25":["Font/Free_MSG_FNT/Free_MSG_FNT",1],"26":["Font/JP_FNT/0",1],"27":["Font/JP_FNT/1",1],"28":["Font/JP_FNT/2",1],"29":["Font/JP_FNT/3",1],"30":["Font/JP_FNT/4",1],"31":["Font/JP_FNT/5",1],"32":["Font/JP_FNT/6",1],"33":["Font/JP_FNT/7",1],"34":["Font/JP_FNT/8",1],"35":["Font/JP_FNT/9",1],"36":["Font/JP_FNT/comma",1],"37":["Font/JP_FNT/dot",1],"38":["Font/TS_FNT02/TS_FNT02",1],"39":["Font/TS_FNT03/TS_FNT03",1],"40":["Font/UI_BTN_02_FNT/UI_BTN_02_FNT",1],"41":["Sound/SE_Aquarius_Collect",4],"42":["Sound/SE_Aquarius_In",4],"43":["Sound/SE_Aquarius_KingKong1_hit",4],"44":["Sound/SE_Aquarius_KingKong1_reel",4],"45":["Sound/SE_Aquarius_KingKong2_changeC1",4],"46":["Sound/SE_Aquarius_KingKong2_throw",4],"47":["Sound/SE_Aquarius_LevelUp",4],"48":["Sound/SE_Aquarius_ReelSpeedUp",4],"49":["Sound/SE_Base_BG",4],"50":["Sound/SE_Base_Hit_01",4],"51":["Sound/SE_Base_Hit_02",4],"52":["Sound/SE_Base_Hit_03",4],"53":["Sound/SE_Base_Hit_04",4],"54":["Sound/SE_Base_Hit_05",4],"55":["Sound/SE_BigWin",4],"56":["Sound/SE_BonusAlarm",4],"57":["Sound/SE_ButtonPress",4],"58":["Sound/SE_Free_BG",4],"59":["Sound/SE_Free_Item_01",4],"60":["Sound/SE_Free_Item_02",4],"61":["Sound/SE_Free_Item_03",4],"62":["Sound/SE_Free_Item_04",4],"63":["Sound/SE_FreeSpinEnd_02",4],"64":["Sound/SE_FreeSpinEnd",4],"65":["Sound/SE_Jackpot",4],"66":["Sound/SE_MegaWin",4],"67":["Sound/SE_ReelSpeedUp",4],"68":["Sound/SE_Scoring_01",4],"69":["Sound/SE_ScoringEnd",4],"70":["Sound/SE_Spinstop",4],"71":["Sound/SE_TS",4],"72":["Sound/SE_UltraWin",4],"73":["Spine/Aquarius_ske/Aquarius_tex",1],"74":["Spine/EffectWin/mayanohu",7],"75":["Spine/EffectWin/mayanohu",1],"76":["Spine/EffectWin/mayathanglon",7],"77":["Spine/EffectWin/mayathanglon",1],"78":["Spine/EventBall_ske/EventBall_ske_tex",1],"79":["Spine/Symbol_0_ske/Symbol_0_ske_tex",1],"80":["Spine/Symbol_1_FX_ske/Symbol_1_FX_tex",1],"81":["Spine/Symbol_1_ske/Symbol_1_ske_tex",1],"82":["Spine/Symbol_2_ske/Symbol_2_tex",1],"83":["Spine/Symbol_3_ske/Symbol_3_tex",1],"84":["Spine/Volcano_ske/Volcano_tex_0",1],"85":["Spine/Volcano_ske/Volcano_tex_1",1],"86":["Sprites/02",1],"87":["Sprites/Base_BG",1],"88":["Sprites/Base_Reel_SpeedUp_SS_1/1",1],"89":["Sprites/Base_Reel_SpeedUp_SS_1/10",1],"90":["Sprites/Base_Reel_SpeedUp_SS_1/11",1],"91":["Sprites/Base_Reel_SpeedUp_SS_1/12",1],"92":["Sprites/Base_Reel_SpeedUp_SS_1/13",1],"93":["Sprites/Base_Reel_SpeedUp_SS_1/14",1],"94":["Sprites/Base_Reel_SpeedUp_SS_1/15",1],"95":["Sprites/Base_Reel_SpeedUp_SS_1/16",1],"96":["Sprites/Base_Reel_SpeedUp_SS_1/17",1],"97":["Sprites/Base_Reel_SpeedUp_SS_1/18",1],"98":["Sprites/Base_Reel_SpeedUp_SS_1/2",1],"99":["Sprites/Base_Reel_SpeedUp_SS_1/3",1],"100":["Sprites/Base_Reel_SpeedUp_SS_1/4",1],"101":["Sprites/Base_Reel_SpeedUp_SS_1/5",1],"102":["Sprites/Base_Reel_SpeedUp_SS_1/6",1],"103":["Sprites/Base_Reel_SpeedUp_SS_1/7",1],"104":["Sprites/Base_Reel_SpeedUp_SS_1/8",1],"105":["Sprites/Base_Reel_SpeedUp_SS_1/9",1],"106":["Sprites/Base_Reel_SpeedUp_SS/1",1],"107":["Sprites/Base_Reel_SpeedUp_SS/10",1],"108":["Sprites/Base_Reel_SpeedUp_SS/11",1],"109":["Sprites/Base_Reel_SpeedUp_SS/12",1],"110":["Sprites/Base_Reel_SpeedUp_SS/2",1],"111":["Sprites/Base_Reel_SpeedUp_SS/3",1],"112":["Sprites/Base_Reel_SpeedUp_SS/4",1],"113":["Sprites/Base_Reel_SpeedUp_SS/5",1],"114":["Sprites/Base_Reel_SpeedUp_SS/6",1],"115":["Sprites/Base_Reel_SpeedUp_SS/7",1],"116":["Sprites/Base_Reel_SpeedUp_SS/8",1],"117":["Sprites/Base_Reel_SpeedUp_SS/9",1],"118":["Sprites/bgGame",1],"119":["Sprites/BigWin_FX",1],"120":["Sprites/button",1],"121":["Sprites/common/JP_SS/1",1],"122":["Sprites/common/JP_SS/10",1],"123":["Sprites/common/JP_SS/11",1],"124":["Sprites/common/JP_SS/12",1],"125":["Sprites/common/JP_SS/13",1],"126":["Sprites/common/JP_SS/14",1],"127":["Sprites/common/JP_SS/15",1],"128":["Sprites/common/JP_SS/2",1],"129":["Sprites/common/JP_SS/3",1],"130":["Sprites/common/JP_SS/4",1],"131":["Sprites/common/JP_SS/5",1],"132":["Sprites/common/JP_SS/6",1],"133":["Sprites/common/JP_SS/7",1],"134":["Sprites/common/JP_SS/8",1],"135":["Sprites/common/JP_SS/9",1],"136":["Sprites/common/winboard/BigWin_SS/1",1],"137":["Sprites/common/winboard/BigWin_SS/10",1],"138":["Sprites/common/winboard/BigWin_SS/11",1],"139":["Sprites/common/winboard/BigWin_SS/12",1],"140":["Sprites/common/winboard/BigWin_SS/13",1],"141":["Sprites/common/winboard/BigWin_SS/14",1],"142":["Sprites/common/winboard/BigWin_SS/15",1],"143":["Sprites/common/winboard/BigWin_SS/16",1],"144":["Sprites/common/winboard/BigWin_SS/17",1],"145":["Sprites/common/winboard/BigWin_SS/18",1],"146":["Sprites/common/winboard/BigWin_SS/19",1],"147":["Sprites/common/winboard/BigWin_SS/2",1],"148":["Sprites/common/winboard/BigWin_SS/20",1],"149":["Sprites/common/winboard/BigWin_SS/21",1],"150":["Sprites/common/winboard/BigWin_SS/22",1],"151":["Sprites/common/winboard/BigWin_SS/23",1],"152":["Sprites/common/winboard/BigWin_SS/24",1],"153":["Sprites/common/winboard/BigWin_SS/25",1],"154":["Sprites/common/winboard/BigWin_SS/26",1],"155":["Sprites/common/winboard/BigWin_SS/27",1],"156":["Sprites/common/winboard/BigWin_SS/28",1],"157":["Sprites/common/winboard/BigWin_SS/29",1],"158":["Sprites/common/winboard/BigWin_SS/3",1],"159":["Sprites/common/winboard/BigWin_SS/30",1],"160":["Sprites/common/winboard/BigWin_SS/31",1],"161":["Sprites/common/winboard/BigWin_SS/4",1],"162":["Sprites/common/winboard/BigWin_SS/5",1],"163":["Sprites/common/winboard/BigWin_SS/6",1],"164":["Sprites/common/winboard/BigWin_SS/7",1],"165":["Sprites/common/winboard/BigWin_SS/8",1],"166":["Sprites/common/winboard/BigWin_SS/9",1],"167":["Sprites/controlpanel_common_0/btn_back",1],"168":["Sprites/controlpanel_common_0/btn_detail",1],"169":["Sprites/controlpanel_common_0/Confirm_item_01_png",1],"170":["Sprites/controlpanel_common_0/Menu_Help_FX_png",1],"171":["Sprites/controlpanel_common_0/Menu_Help_png",1],"172":["Sprites/controlpanel_common_0/Menu_Home_FX_png",1],"173":["Sprites/controlpanel_common_0/Menu_Home_png",1],"174":["Sprites/controlpanel_common_0/Menu_OtherGames_FX_png",1],"175":["Sprites/controlpanel_common_0/Menu_OtherGames_png",1],"176":["Sprites/controlpanel_common_0/Menu_Report_FX_png",1],"177":["Sprites/controlpanel_common_0/Menu_Report_png",1],"178":["Sprites/controlpanel_common_0/Menu_User_png",1],"179":["Sprites/controlpanel_common_0/Menu_voice_01_png",1],"180":["Sprites/controlpanel_common_0/Menu_voice_02_png",1],"181":["Sprites/controlpanel_common_0/UI_01_png",1],"182":["Sprites/controlpanel_common_0/UI_03_png",1],"183":["Sprites/controlpanel_common_0/UI_BTN_01_1_png",1],"184":["Sprites/controlpanel_common_0/UI_BTN_01_2_png",1],"185":["Sprites/controlpanel_common_0/UI_BTN_01_3_png",1],"186":["Sprites/controlpanel_common_0/UI_BTN_02_FX_png",1],"187":["Sprites/controlpanel_common_0/UI_BTN_02_png",1],"188":["Sprites/controlpanel_common_0/UI_BTN_03_01_FX_png",1],"189":["Sprites/controlpanel_common_0/UI_BTN_03_01_png",1],"190":["Sprites/controlpanel_common_0/UI_BTN_03_02_png",1],"191":["Sprites/controlpanel_common_0/UI_BTN_03_03_png",1],"192":["Sprites/controlpanel_common_0/UI_BTN_04_png",1],"193":["Sprites/controlpanel_common_0/UI_BTN_05_1_png",1],"194":["Sprites/controlpanel_common_0/UI_BTN_05_2_png",1],"195":["Sprites/controlpanel_common_0/UI_Menu_Board_01_png",1],"196":["Sprites/controlpanel_common_0/UI_Menu_Board_png",1],"197":["Sprites/controlpanel_common_0/UI_Menu_BTN_01_1_png",1],"198":["Sprites/controlpanel_common_0/UI_Menu_BTN_01_2_png",1],"199":["Sprites/controlpanel_common_0/UI_Menu_BTN_01_3_png",1],"200":["Sprites/controlpanel_common_0/UI_Menu_BTN_02_1_png",1],"201":["Sprites/controlpanel_common_0/UI_Menu_BTN_02_2_png",1],"202":["Sprites/controlpanel_common_0/UI_Menu_BTN_03_1_png",1],"203":["Sprites/controlpanel_common_0/UI_Menu_BTN_03_2_png",1],"204":["Sprites/controlpanel_common_0/UI_Menu_BTN_MSG_1_1_png",1],"205":["Sprites/controlpanel_common_0/UI_Menu_BTN_MSG_1_2_png",1],"206":["Sprites/controlpanel_common_0/UI_Menu_BTN_MSG_1_3_png",1],"207":["Sprites/controlpanel_common_0/UI_Menu_BTN_MSG_1_4_png",1],"208":["Sprites/controlpanel_common_0/UI_Menu_BTN_MSG_1_5_png",1],"209":["Sprites/controlpanel_common_0/UI_Menu_BTN_MSG_2_1_png",1],"210":["Sprites/controlpanel_common_0/UI_Menu_BTN_MSG_2_2_png",1],"211":["Sprites/controlpanel_common_0/UI_Menu_Item_png",1],"212":["Sprites/controlpanel_common_0/UI_Menu_Item01_1_png",1],"213":["Sprites/controlpanel_common_0/UI_Menu_Item01_2_png",1],"214":["Sprites/controlpanel_vn_0/UI_BTN_01_4_vn_png",1],"215":["Sprites/controlpanel_vn_0/UI_BTN_02_1_vn_png",1],"216":["Sprites/controlpanel_vn_0/UI_Credit_vn_png",1],"217":["Sprites/controlpanel_vn_0/UI_Menu_BTN_MSG_3_vn_png",1],"218":["Sprites/controlpanel_vn_0/UI_Menu_BTN_MSG_4_vn_png",1],"219":["Sprites/controlpanel_vn_0/UI_Menu_MSG_01_vn_png",1],"220":["Sprites/controlpanel_vn_0/UI_Menu_MSG_02_vn_png",1],"221":["Sprites/controlpanel_vn_0/UI_Menu_MSG_03_vn_png",1],"222":["Sprites/controlpanel_vn_0/UI_Menu_MSG_04_vn_png",1],"223":["Sprites/controlpanel_vn_0/UI_Menu_MSG_05_vn_png",1],"224":["Sprites/controlpanel_vn_0/UI_Win_vn_png",1],"225":["Sprites/game_vn_0/BigWin_MSG01_vn_png",1],"226":["Sprites/game_vn_0/BigWin_MSG02_FX_vn_png",1],"227":["Sprites/game_vn_0/BigWin_MSG02_vn_png",1],"228":["Sprites/game_vn_0/BigWin_MSG03_FX_vn_png",1],"229":["Sprites/game_vn_0/BigWin_MSG03_vn_png",1],"230":["Sprites/game_vn_0/Free_MSG_vn_png",1],"231":["Sprites/game_vn_0/JP_MSG_vn_png",1],"232":["Sprites/game_vn_0/TS_MSG01_vn_png",1],"233":["Sprites/game_vn_0/TS_MSG02_vn",1],"234":["Sprites/game_vn_0/TS_MSG03_vn_png",1],"235":["Sprites/game_vn_0/TS_MSG04_vn_png",1],"236":["Sprites/game_vn_0/UI_Max_vn_png",1],"237":["Sprites/game_vn_0/UI_Road_vn_png",1],"238":["Sprites/game1_0/Base_Item_008_png",1],"239":["Sprites/game1_0/Base_Reel_png",1],"240":["Sprites/game1_0/JP_FX01_png",1],"241":["Sprites/game1_0/JP_FX02_png",1],"242":["Sprites/game2_0/Free_Item_06_1_png",1],"243":["Sprites/game2_0/Free_Item01_png",1],"244":["Sprites/game2_0/Free_Item02_png",1],"245":["Sprites/game2_0/Free_MSG_Board_png",1],"246":["Sprites/game2_0/Free_Reel_png",1],"247":["Sprites/game2/Free_Item_06_2/0",1],"248":["Sprites/game2/Free_Item_06_2/1",1],"249":["Sprites/game2/Free_Item_06_2/10",1],"250":["Sprites/game2/Free_Item_06_2/11",1],"251":["Sprites/game2/Free_Item_06_2/12",1],"252":["Sprites/game2/Free_Item_06_2/13",1],"253":["Sprites/game2/Free_Item_06_2/14",1],"254":["Sprites/game2/Free_Item_06_2/15",1],"255":["Sprites/game2/Free_Item_06_2/16",1],"256":["Sprites/game2/Free_Item_06_2/17",1],"257":["Sprites/game2/Free_Item_06_2/18",1],"258":["Sprites/game2/Free_Item_06_2/19",1],"259":["Sprites/game2/Free_Item_06_2/2",1],"260":["Sprites/game2/Free_Item_06_2/20",1],"261":["Sprites/game2/Free_Item_06_2/3",1],"262":["Sprites/game2/Free_Item_06_2/4",1],"263":["Sprites/game2/Free_Item_06_2/5",1],"264":["Sprites/game2/Free_Item_06_2/6",1],"265":["Sprites/game2/Free_Item_06_2/7",1],"266":["Sprites/game2/Free_Item_06_2/8",1],"267":["Sprites/game2/Free_Item_06_2/9",1],"268":["Sprites/game2/Free_Item_06_3/1",1],"269":["Sprites/game2/Free_Item_06_3/2",1],"270":["Sprites/game2/Free_Item_06_3/3",1],"271":["Sprites/game2/Free_Item_06_3/4",1],"272":["Sprites/game2/Free_Item_06_3/5",1],"273":["Sprites/game2/Free_Xer/18X",1],"274":["Sprites/game2/Free_Xer/36X",1],"275":["Sprites/game2/Free_Xer/3X",1],"276":["Sprites/game2/Free_Xer/6X",1],"277":["Sprites/game2/Free_Xer/72X",1],"278":["Sprites/game2/Free_Xer/9X",1],"279":["Sprites/Loading_vn",1],"280":["Sprites/Payline/line_1",1],"281":["Sprites/Payline/line_10",1],"282":["Sprites/Payline/line_11",1],"283":["Sprites/Payline/line_12",1],"284":["Sprites/Payline/line_13",1],"285":["Sprites/Payline/line_14",1],"286":["Sprites/Payline/line_15",1],"287":["Sprites/Payline/line_16",1],"288":["Sprites/Payline/line_17",1],"289":["Sprites/Payline/line_18",1],"290":["Sprites/Payline/line_19",1],"291":["Sprites/Payline/line_2",1],"292":["Sprites/Payline/line_20",1],"293":["Sprites/Payline/line_3",1],"294":["Sprites/Payline/line_4",1],"295":["Sprites/Payline/line_5",1],"296":["Sprites/Payline/line_6",1],"297":["Sprites/Payline/line_7",1],"298":["Sprites/Payline/line_8",1],"299":["Sprites/Payline/line_9",1],"300":["Sprites/Payline/payline",1],"301":["Sprites/preload_group_0/Dark_Mask_png",1],"302":["Sprites/preload_group_0/LoadingBar_01_png",1],"303":["Sprites/preload_group_0/LoadingBar_02_png",1],"304":["Sprites/preload_group_0/preload_group_0",1],"305":["Sprites/Symbol/0",1],"306":["Sprites/Symbol/1",1],"307":["Sprites/Symbol/10",1],"308":["Sprites/Symbol/11",1],"309":["Sprites/Symbol/12",1],"310":["Sprites/Symbol/2",1],"311":["Sprites/Symbol/3",1],"312":["Sprites/Symbol/4",1],"313":["Sprites/Symbol/5",1],"314":["Sprites/Symbol/6",1],"315":["Sprites/Symbol/7",1],"316":["Sprites/Symbol/8",1],"317":["Sprites/Symbol/9",1],"318":["Sprites/Symbol/icon_4",1],"319":["Sprites/Symbol/icon_5",1],"320":["Sprites/Symbol/icon_6",1],"321":["Sprites/Symbol/symbol",1],"322":["Sprites/Symbol/symbolTest",1],"323":["Sprites/TS_MSG02_vn",1],"325":["Animation/NearFreeSpin",0],"326":["Animation/NearFreeSpin2",0],"327":["Animation/SymbolWin",0],"328":["Font/BigWin_FNT/-",2,1],"329":["Font/BigWin_FNT/+",2,1],"330":["Font/BigWin_FNT/$",2,1],"331":["Font/BigWin_FNT/0",2,1],"332":["Font/BigWin_FNT/1",2,1],"333":["Font/BigWin_FNT/2",2,1],"334":["Font/BigWin_FNT/3",2,1],"335":["Font/BigWin_FNT/4",2,1],"336":["Font/BigWin_FNT/5",2,1],"337":["Font/BigWin_FNT/6",2,1],"338":["Font/BigWin_FNT/7",2,1],"339":["Font/BigWin_FNT/8",2,1],"340":["Font/BigWin_FNT/9",2,1],"341":["Font/BigWin_FNT/comma",2,1],"342":["Font/BigWin_FNT/dot",2,1],"343":["Font/Free_MSG_FNT/0",2,1],"344":["Font/Free_MSG_FNT/1",2,1],"345":["Font/Free_MSG_FNT/2",2,1],"346":["Font/Free_MSG_FNT/3",2,1],"347":["Font/Free_MSG_FNT/4",2,1],"348":["Font/Free_MSG_FNT/5",2,1],"349":["Font/Free_MSG_FNT/6",2,1],"350":["Font/Free_MSG_FNT/7",2,1],"351":["Font/Free_MSG_FNT/8",2,1],"352":["Font/Free_MSG_FNT/9",2,1],"353":["Font/Free_MSG_FNT/Free_MSG_FNT",3],"354":["Font/JP_FNT/0",2,1],"355":["Font/JP_FNT/1",2,1],"356":["Font/JP_FNT/2",2,1],"357":["Font/JP_FNT/3",2,1],"358":["Font/JP_FNT/4",2,1],"359":["Font/JP_FNT/5",2,1],"360":["Font/JP_FNT/6",2,1],"361":["Font/JP_FNT/7",2,1],"362":["Font/JP_FNT/8",2,1],"363":["Font/JP_FNT/9",2,1],"364":["Font/JP_FNT/comma",2,1],"365":["Font/JP_FNT/dot",2,1],"366":["Font/TS_FNT02/TS_FNT02",3],"367":["Font/TS_FNT03/TS_FNT03",3],"368":["Font/UI_BTN_02_FNT/UI_BTN_02_FNT",3],"369":["Spine/Aquarius_ske/Aquarius_ske",5],"370":["Spine/Aquarius_ske/Aquarius_tex",6],"371":["Spine/Aquarius_ske/Aquarius_tex",2,1],"372":["Spine/EffectWin/mayanohu",8],"373":["Spine/EffectWin/mayanohu",2,1],"374":["Spine/EffectWin/mayathanglon",8],"375":["Spine/EffectWin/mayathanglon",2,1],"376":["Spine/EventBall_ske/EventBall_ske_ske",5],"377":["Spine/EventBall_ske/EventBall_ske_tex",6],"378":["Spine/EventBall_ske/EventBall_ske_tex",2,1],"379":["Spine/Symbol_0_ske/Symbol_0_ske_ske",5],"380":["Spine/Symbol_0_ske/Symbol_0_ske_tex",6],"381":["Spine/Symbol_0_ske/Symbol_0_ske_tex",2,1],"382":["Spine/Symbol_1_FX_ske/Symbol_1_FX_ske",5],"383":["Spine/Symbol_1_FX_ske/Symbol_1_FX_tex",6],"384":["Spine/Symbol_1_FX_ske/Symbol_1_FX_tex",2,1],"385":["Spine/Symbol_1_ske/Symbol_1_ske_ske",5],"386":["Spine/Symbol_1_ske/Symbol_1_ske_tex",6],"387":["Spine/Symbol_1_ske/Symbol_1_ske_tex",2,1],"388":["Spine/Symbol_2_ske/Symbol_2_ske",5],"389":["Spine/Symbol_2_ske/Symbol_2_tex",6],"390":["Spine/Symbol_2_ske/Symbol_2_tex",2,1],"391":["Spine/Symbol_3_ske/Symbol_3_ske",5],"392":["Spine/Symbol_3_ske/Symbol_3_tex",6],"393":["Spine/Symbol_3_ske/Symbol_3_tex",2,1],"394":["Spine/Volcano_ske/Volcano_ske",5],"395":["Spine/Volcano_ske/Volcano_tex_0",6],"396":["Spine/Volcano_ske/Volcano_tex_0",2,1],"397":["Spine/Volcano_ske/Volcano_tex_1",6],"398":["Spine/Volcano_ske/Volcano_tex_1",2,1],"399":["Sprites/02",2,1],"400":["Sprites/Base_BG",2,1],"401":["Sprites/Base_Reel_SpeedUp_SS_1/1",2,1],"402":["Sprites/Base_Reel_SpeedUp_SS_1/10",2,1],"403":["Sprites/Base_Reel_SpeedUp_SS_1/11",2,1],"404":["Sprites/Base_Reel_SpeedUp_SS_1/12",2,1],"405":["Sprites/Base_Reel_SpeedUp_SS_1/13",2,1],"406":["Sprites/Base_Reel_SpeedUp_SS_1/14",2,1],"407":["Sprites/Base_Reel_SpeedUp_SS_1/15",2,1],"408":["Sprites/Base_Reel_SpeedUp_SS_1/16",2,1],"409":["Sprites/Base_Reel_SpeedUp_SS_1/17",2,1],"410":["Sprites/Base_Reel_SpeedUp_SS_1/18",2,1],"411":["Sprites/Base_Reel_SpeedUp_SS_1/2",2,1],"412":["Sprites/Base_Reel_SpeedUp_SS_1/3",2,1],"413":["Sprites/Base_Reel_SpeedUp_SS_1/4",2,1],"414":["Sprites/Base_Reel_SpeedUp_SS_1/5",2,1],"415":["Sprites/Base_Reel_SpeedUp_SS_1/6",2,1],"416":["Sprites/Base_Reel_SpeedUp_SS_1/7",2,1],"417":["Sprites/Base_Reel_SpeedUp_SS_1/8",2,1],"418":["Sprites/Base_Reel_SpeedUp_SS_1/9",2,1],"419":["Sprites/Base_Reel_SpeedUp_SS/1",2,1],"420":["Sprites/Base_Reel_SpeedUp_SS/10",2,1],"421":["Sprites/Base_Reel_SpeedUp_SS/11",2,1],"422":["Sprites/Base_Reel_SpeedUp_SS/12",2,1],"423":["Sprites/Base_Reel_SpeedUp_SS/2",2,1],"424":["Sprites/Base_Reel_SpeedUp_SS/3",2,1],"425":["Sprites/Base_Reel_SpeedUp_SS/4",2,1],"426":["Sprites/Base_Reel_SpeedUp_SS/5",2,1],"427":["Sprites/Base_Reel_SpeedUp_SS/6",2,1],"428":["Sprites/Base_Reel_SpeedUp_SS/7",2,1],"429":["Sprites/Base_Reel_SpeedUp_SS/8",2,1],"430":["Sprites/Base_Reel_SpeedUp_SS/9",2,1],"431":["Sprites/bgGame",2,1],"432":["Sprites/BigWin_FX",2,1],"433":["Sprites/button",2,1],"434":["Sprites/common/JP_SS/1",2,1],"435":["Sprites/common/JP_SS/10",2,1],"436":["Sprites/common/JP_SS/11",2,1],"437":["Sprites/common/JP_SS/12",2,1],"438":["Sprites/common/JP_SS/13",2,1],"439":["Sprites/common/JP_SS/14",2,1],"440":["Sprites/common/JP_SS/15",2,1],"441":["Sprites/common/JP_SS/2",2,1],"442":["Sprites/common/JP_SS/3",2,1],"443":["Sprites/common/JP_SS/4",2,1],"444":["Sprites/common/JP_SS/5",2,1],"445":["Sprites/common/JP_SS/6",2,1],"446":["Sprites/common/JP_SS/7",2,1],"447":["Sprites/common/JP_SS/8",2,1],"448":["Sprites/common/JP_SS/9",2,1],"449":["Sprites/common/JP_SS/JP_CSS",0],"450":["Sprites/common/winboard/BigWin_SS/1",2,1],"451":["Sprites/common/winboard/BigWin_SS/10",2,1],"452":["Sprites/common/winboard/BigWin_SS/11",2,1],"453":["Sprites/common/winboard/BigWin_SS/12",2,1],"454":["Sprites/common/winboard/BigWin_SS/13",2,1],"455":["Sprites/common/winboard/BigWin_SS/14",2,1],"456":["Sprites/common/winboard/BigWin_SS/15",2,1],"457":["Sprites/common/winboard/BigWin_SS/16",2,1],"458":["Sprites/common/winboard/BigWin_SS/17",2,1],"459":["Sprites/common/winboard/BigWin_SS/18",2,1],"460":["Sprites/common/winboard/BigWin_SS/19",2,1],"461":["Sprites/common/winboard/BigWin_SS/2",2,1],"462":["Sprites/common/winboard/BigWin_SS/20",2,1],"463":["Sprites/common/winboard/BigWin_SS/21",2,1],"464":["Sprites/common/winboard/BigWin_SS/22",2,1],"465":["Sprites/common/winboard/BigWin_SS/23",2,1],"466":["Sprites/common/winboard/BigWin_SS/24",2,1],"467":["Sprites/common/winboard/BigWin_SS/25",2,1],"468":["Sprites/common/winboard/BigWin_SS/26",2,1],"469":["Sprites/common/winboard/BigWin_SS/27",2,1],"470":["Sprites/common/winboard/BigWin_SS/28",2,1],"471":["Sprites/common/winboard/BigWin_SS/29",2,1],"472":["Sprites/common/winboard/BigWin_SS/3",2,1],"473":["Sprites/common/winboard/BigWin_SS/30",2,1],"474":["Sprites/common/winboard/BigWin_SS/31",2,1],"475":["Sprites/common/winboard/BigWin_SS/4",2,1],"476":["Sprites/common/winboard/BigWin_SS/5",2,1],"477":["Sprites/common/winboard/BigWin_SS/6",2,1],"478":["Sprites/common/winboard/BigWin_SS/7",2,1],"479":["Sprites/common/winboard/BigWin_SS/8",2,1],"480":["Sprites/common/winboard/BigWin_SS/9",2,1],"481":["Sprites/common/winboard/BigWin_SS/chipbay",0],"482":["Sprites/controlpanel_common_0/btn_back",2,1],"483":["Sprites/controlpanel_common_0/btn_detail",2,1],"484":["Sprites/controlpanel_common_0/Confirm_item_01_png",2,1],"485":["Sprites/controlpanel_common_0/Menu_Help_FX_png",2,1],"486":["Sprites/controlpanel_common_0/Menu_Help_png",2,1],"487":["Sprites/controlpanel_common_0/Menu_Home_FX_png",2,1],"488":["Sprites/controlpanel_common_0/Menu_Home_png",2,1],"489":["Sprites/controlpanel_common_0/Menu_OtherGames_FX_png",2,1],"490":["Sprites/controlpanel_common_0/Menu_OtherGames_png",2,1],"491":["Sprites/controlpanel_common_0/Menu_Report_FX_png",2,1],"492":["Sprites/controlpanel_common_0/Menu_Report_png",2,1],"493":["Sprites/controlpanel_common_0/Menu_User_png",2,1],"494":["Sprites/controlpanel_common_0/Menu_voice_01_png",2,1],"495":["Sprites/controlpanel_common_0/Menu_voice_02_png",2,1],"496":["Sprites/controlpanel_common_0/UI_01_png",2,1],"497":["Sprites/controlpanel_common_0/UI_03_png",2,1],"498":["Sprites/controlpanel_common_0/UI_BTN_01_1_png",2,1],"499":["Sprites/controlpanel_common_0/UI_BTN_01_2_png",2,1],"500":["Sprites/controlpanel_common_0/UI_BTN_01_3_png",2,1],"501":["Sprites/controlpanel_common_0/UI_BTN_02_FX_png",2,1],"502":["Sprites/controlpanel_common_0/UI_BTN_02_png",2,1],"503":["Sprites/controlpanel_common_0/UI_BTN_03_01_FX_png",2,1],"504":["Sprites/controlpanel_common_0/UI_BTN_03_01_png",2,1],"505":["Sprites/controlpanel_common_0/UI_BTN_03_02_png",2,1],"506":["Sprites/controlpanel_common_0/UI_BTN_03_03_png",2,1],"507":["Sprites/controlpanel_common_0/UI_BTN_04_png",2,1],"508":["Sprites/controlpanel_common_0/UI_BTN_05_1_png",2,1],"509":["Sprites/controlpanel_common_0/UI_BTN_05_2_png",2,1],"510":["Sprites/controlpanel_common_0/UI_Menu_Board_01_png",2,1],"511":["Sprites/controlpanel_common_0/UI_Menu_Board_png",2,1],"512":["Sprites/controlpanel_common_0/UI_Menu_BTN_01_1_png",2,1],"513":["Sprites/controlpanel_common_0/UI_Menu_BTN_01_2_png",2,1],"514":["Sprites/controlpanel_common_0/UI_Menu_BTN_01_3_png",2,1],"515":["Sprites/controlpanel_common_0/UI_Menu_BTN_02_1_png",2,1],"516":["Sprites/controlpanel_common_0/UI_Menu_BTN_02_2_png",2,1],"517":["Sprites/controlpanel_common_0/UI_Menu_BTN_03_1_png",2,1],"518":["Sprites/controlpanel_common_0/UI_Menu_BTN_03_2_png",2,1],"519":["Sprites/controlpanel_common_0/UI_Menu_BTN_MSG_1_1_png",2,1],"520":["Sprites/controlpanel_common_0/UI_Menu_BTN_MSG_1_2_png",2,1],"521":["Sprites/controlpanel_common_0/UI_Menu_BTN_MSG_1_3_png",2,1],"522":["Sprites/controlpanel_common_0/UI_Menu_BTN_MSG_1_4_png",2,1],"523":["Sprites/controlpanel_common_0/UI_Menu_BTN_MSG_1_5_png",2,1],"524":["Sprites/controlpanel_common_0/UI_Menu_BTN_MSG_2_1_png",2,1],"525":["Sprites/controlpanel_common_0/UI_Menu_BTN_MSG_2_2_png",2,1],"526":["Sprites/controlpanel_common_0/UI_Menu_Item_png",2,1],"527":["Sprites/controlpanel_common_0/UI_Menu_Item01_1_png",2,1],"528":["Sprites/controlpanel_common_0/UI_Menu_Item01_2_png",2,1],"529":["Sprites/controlpanel_vn_0/UI_BTN_01_4_vn_png",2,1],"530":["Sprites/controlpanel_vn_0/UI_BTN_02_1_vn_png",2,1],"531":["Sprites/controlpanel_vn_0/UI_Credit_vn_png",2,1],"532":["Sprites/controlpanel_vn_0/UI_Menu_BTN_MSG_3_vn_png",2,1],"533":["Sprites/controlpanel_vn_0/UI_Menu_BTN_MSG_4_vn_png",2,1],"534":["Sprites/controlpanel_vn_0/UI_Menu_MSG_01_vn_png",2,1],"535":["Sprites/controlpanel_vn_0/UI_Menu_MSG_02_vn_png",2,1],"536":["Sprites/controlpanel_vn_0/UI_Menu_MSG_03_vn_png",2,1],"537":["Sprites/controlpanel_vn_0/UI_Menu_MSG_04_vn_png",2,1],"538":["Sprites/controlpanel_vn_0/UI_Menu_MSG_05_vn_png",2,1],"539":["Sprites/controlpanel_vn_0/UI_Win_vn_png",2,1],"540":["Sprites/game_vn_0/Base_Item_vn_png",1],"541":["Sprites/game_vn_0/Base_Item_vn_png",2,1],"542":["Sprites/game_vn_0/BigWin_MSG01_vn_png",2,1],"543":["Sprites/game_vn_0/BigWin_MSG02_FX_vn_png",2,1],"544":["Sprites/game_vn_0/BigWin_MSG02_vn_png",2,1],"545":["Sprites/game_vn_0/BigWin_MSG03_FX_vn_png",2,1],"546":["Sprites/game_vn_0/BigWin_MSG03_vn_png",2,1],"547":["Sprites/game_vn_0/Free_MSG_vn_png",2,1],"548":["Sprites/game_vn_0/JP_MSG_vn_png",2,1],"549":["Sprites/game_vn_0/TS_MSG01_vn_png",2,1],"550":["Sprites/game_vn_0/TS_MSG02_vn",2,1],"551":["Sprites/game_vn_0/TS_MSG03_vn_png",2,1],"552":["Sprites/game_vn_0/TS_MSG04_vn_png",2,1],"553":["Sprites/game_vn_0/UI_Max_vn_png",2,1],"554":["Sprites/game_vn_0/UI_Road_vn_png",2,1],"555":["Sprites/game1_0/Base_Item_008_png",2,1],"556":["Sprites/game1_0/Base_Reel_png",2,1],"557":["Sprites/game1_0/JP_FX01_png",2,1],"558":["Sprites/game1_0/JP_FX02_png",2,1],"559":["Sprites/game2_0/Free_Item_06_1_png",2,1],"560":["Sprites/game2_0/Free_Item01_png",2,1],"561":["Sprites/game2_0/Free_Item02_png",2,1],"562":["Sprites/game2_0/Free_MSG_Board_png",2,1],"563":["Sprites/game2_0/Free_Reel_png",2,1],"564":["Sprites/game2/Free_Item_06_2/0",2,1],"565":["Sprites/game2/Free_Item_06_2/1",2,1],"566":["Sprites/game2/Free_Item_06_2/10",2,1],"567":["Sprites/game2/Free_Item_06_2/11",2,1],"568":["Sprites/game2/Free_Item_06_2/12",2,1],"569":["Sprites/game2/Free_Item_06_2/13",2,1],"570":["Sprites/game2/Free_Item_06_2/14",2,1],"571":["Sprites/game2/Free_Item_06_2/15",2,1],"572":["Sprites/game2/Free_Item_06_2/16",2,1],"573":["Sprites/game2/Free_Item_06_2/17",2,1],"574":["Sprites/game2/Free_Item_06_2/18",2,1],"575":["Sprites/game2/Free_Item_06_2/19",2,1],"576":["Sprites/game2/Free_Item_06_2/2",2,1],"577":["Sprites/game2/Free_Item_06_2/20",2,1],"578":["Sprites/game2/Free_Item_06_2/3",2,1],"579":["Sprites/game2/Free_Item_06_2/4",2,1],"580":["Sprites/game2/Free_Item_06_2/5",2,1],"581":["Sprites/game2/Free_Item_06_2/6",2,1],"582":["Sprites/game2/Free_Item_06_2/7",2,1],"583":["Sprites/game2/Free_Item_06_2/8",2,1],"584":["Sprites/game2/Free_Item_06_2/9",2,1],"585":["Sprites/game2/Free_Item_06_3/1",2,1],"586":["Sprites/game2/Free_Item_06_3/2",2,1],"587":["Sprites/game2/Free_Item_06_3/3",2,1],"588":["Sprites/game2/Free_Item_06_3/4",2,1],"589":["Sprites/game2/Free_Item_06_3/5",2,1],"590":["Sprites/game2/Free_Xer/18X",2,1],"591":["Sprites/game2/Free_Xer/36X",2,1],"592":["Sprites/game2/Free_Xer/3X",2,1],"593":["Sprites/game2/Free_Xer/6X",2,1],"594":["Sprites/game2/Free_Xer/72X",2,1],"595":["Sprites/game2/Free_Xer/9X",2,1],"596":["Sprites/Loading_vn",2,1],"597":["Sprites/Payline/line_1",2,1],"598":["Sprites/Payline/line_10",2,1],"599":["Sprites/Payline/line_11",2,1],"600":["Sprites/Payline/line_12",2,1],"601":["Sprites/Payline/line_13",2,1],"602":["Sprites/Payline/line_14",2,1],"603":["Sprites/Payline/line_15",2,1],"604":["Sprites/Payline/line_16",2,1],"605":["Sprites/Payline/line_17",2,1],"606":["Sprites/Payline/line_18",2,1],"607":["Sprites/Payline/line_19",2,1],"608":["Sprites/Payline/line_2",2,1],"609":["Sprites/Payline/line_20",2,1],"610":["Sprites/Payline/line_3",2,1],"611":["Sprites/Payline/line_4",2,1],"612":["Sprites/Payline/line_5",2,1],"613":["Sprites/Payline/line_6",2,1],"614":["Sprites/Payline/line_7",2,1],"615":["Sprites/Payline/line_8",2,1],"616":["Sprites/Payline/line_9",2,1],"617":["Sprites/Payline/payline",3],"618":["Sprites/preload_group_0/Dark_Mask_png",2,1],"619":["Sprites/preload_group_0/LoadingBar_01_png",2,1],"620":["Sprites/preload_group_0/LoadingBar_02_png",2,1],"621":["Sprites/preload_group_0/preload_group_0",2,1],"622":["Sprites/Symbol/0",2,1],"623":["Sprites/Symbol/1",2,1],"624":["Sprites/Symbol/10",2,1],"625":["Sprites/Symbol/11",2,1],"626":["Sprites/Symbol/12",2,1],"627":["Sprites/Symbol/2",2,1],"628":["Sprites/Symbol/3",2,1],"629":["Sprites/Symbol/4",2,1],"630":["Sprites/Symbol/5",2,1],"631":["Sprites/Symbol/6",2,1],"632":["Sprites/Symbol/7",2,1],"633":["Sprites/Symbol/8",2,1],"634":["Sprites/Symbol/9",2,1],"635":["Sprites/Symbol/icon_4",2,1],"636":["Sprites/Symbol/icon_5",2,1],"637":["Sprites/Symbol/icon_6",2,1],"638":["Sprites/Symbol/symbol",3],"639":["Sprites/Symbol/symbolTest",2,1],"640":["Sprites/TS_MSG02_vn",2,1]},"types":["cc.AnimationClip","cc.Texture2D","cc.SpriteFrame","cc.SpriteAtlas","cc.AudioClip","dragonBones.DragonBonesAsset","dragonBones.DragonBonesAtlasAsset","cc.Asset","sp.SkeletonData"],"uuids":["2e0w+uX05JWJpMbfdiwb8G","92pJEvtEJALLvGcNVNtuVJ","f9hpGAa6lLIZkH16BDA5Ht","20StFtRS5EDqc7gRTm2Dbs","f4NEJZ/lVDg5fSMS2MaKpG","b2Ms1crNJIC6R+2Nfcx6jT","9dWe2DbupCA57cPf1j9xUC","8bxOOEkM5ApoCTCm1iIWSa","c7BybRqkhDka4h9zfRI4l6","c0nElCYOJKELurIWdNPq8Z","60BCBWqYdHjJ/39F1sA7IO","cfWodaYWRFFKUm/+G0wv9f","f4n52513RG3orjoOTJEqdE","81CGKq4ktNtKRYq2e57OA2","b2HWDLB9ZMTpUn2oMsbwRM","99XRge9HlJZIAXnERfKxfx","9di0sodqpEtowP+WVQAaNs","49UzOW5ClLBrZk1e4qB2ib","0eg08hDXlH96IxDFVyjZJ2","d8lYk0/A5HdqB8u/uqyN/9","17qR44F+JBKakpoKB3gV4+","d5vOk9HuJKW4Peeuka9hCH","24mj6lngtGp40GIts5EROL","6f6Vw9r/1KKpnIEw96AFj0","8d/sMaUERDsqCkFsjfGXnz","acARtxAKdPvaYCMCGjFlz3","4boabFj0xLZ7aVNNNDKSG2","44IGjXYadJYIIE6fyAZBCr","82QIl9MMRFbazZnwxvoSIV","2fqp7Vv1lKeKy19/40lV8K","9f4A4fUZ5K/KeEFpwbnAL3","d5KU+8o09DzY9XeN06ypo7","748A2WmQ1GlaH336zk5UM4","47XcqpfcRA7Kd/8pU+uaz0","faoYCvwsFFn5bzzOXjLpaA","0bP3IboPhKtYc1MfUieOU0","20Vp6Z+JRAAIwQXSHuOXbD","44SKykhtRC6IpP1cSUbPG1","50c1DJv6BA/5fWLtzbcKY5","82QTUGzGlOI5Fk/fYUosOh","30wlmbcnVH852OGDipVltx","25yMwtP3xCvLYnnq/fwTsT","6e8uaVrRtARpA42a4N+xP1","94ufwz3YlOSrmpXqzU6Uu1","6aXJ1sjklHjpi+4ZqVPTiG","55SyRwTAFPUZTtL6M1nnJU","f6/Ly7qL5FGpkejRZ7rK06","7cVlcskVNAc4vbZNjzW4jK","590SYtCTBI9ZnY+JhvVsqo","12aO2CjolO0LHFMPiGc/km","58COZ3dwhCjJWS+j4GW55H","34y4cohzRCj6owWElGuLbH","a8yh6DWIhK46oCPufhHEFn","ba2gW9sYtFYqxpajI3uY44","b4/x+pY+NCl4dQUh5sJ3Q5","f9+/jrX8VOK7RUZSuCcrZg","1d0Cy3C7ZNpaVgOHNuje/l","8eKv1HI3ROgrULCdRXHuHe","b9k4gaqs9C2Jj0ONWZb7HS","9fdEtasv9CkaC6FLzicGZf","66d4I0QE1OxJ1pMjYgSoYr","1eWG6omqVHDKSYPkxQLzhX","d5ScSY+bJJmoJcgL+GOqTJ","416pyQ70ZJYb9oXh+e/g1w","48IXTfYzVNUZ+vS0TId42D","4cM4ITDAVAwI0/U+IDeRG8","80uWSE2HhBsazGqC5eAc0I","celAcHp4ZB94RFda0+F5Zs","25m9WRoixFT5OBaZuqH3tw","f8o7uXdERPoK7kN/NjrsnL","03Qt9HuFhKqKW7aIpOUZGx","f7Dk5g4wFCf6lK4z2skafH","50v8EfNpdH8ZYe+HBFB1r0","079++h1eNFSL64BSGNoREA","37mC+WvyNCqY/DpOTL14ei","22G2xewcBEY6HBBf8sO37C","bceK/ii+RJFpSjuQ6SDqOG","f0F+pswABAgraMRdGINY0S","fbSSSKZ8ZLKpN7g2u3j3jL","52MRtpmKFPgZf6fSE0J30q","8bmbqpNzNEspMiRvh+2jFI","20nroUx3lL5q9dxy/56anb","983ipBkL9NmoRAtg9Ayai+","83MOrCyXNHpJHKKRkBpzGj","34ELiVg0FNSanOYQ1xl4Bd","d2KcQccGxOO7VccLnAhE/0","c6cjbTjmFOxYgCBu1SNmsh","54rPu1ZBdJPogOg7LKI8CQ","89Ie50lOVPC7wd2hIG5wZR","058FYlaaxOz6d7CbTkRaaK","dfkKra9H5BUYkR4j/KNBgs","f210YNT9VNwb3ymC8iOnMy","4eUcxjhElAOJJV+dRfxsEP","41yrdO0GZJgZTX3UVtiDAk","98RnpAVhdBPLUkfAH5Hhee","96RMdHh2lEOKJ8O1S++xzL","06G2M3WRlFQbwjn/ImEcCS","69hY0pqkFEsKxITo9eS8IY","dd7FMiQJNKfbP5BuMBuxPk","dbSg3TYdNI47tVrjEqxiVL","8f8FjZxhdIgrf9sNK7o/Au","4ekvCw4flJ1Yo/iK0XH49R","ddPadT3GhHd7BhK4Z/1Up/","cfdCPi7npPZ7qU0Pdpm81m","b6+j3gPMpONrFCZmpT4NAE","0f4uvuQqpFj6Ze8ZqSrMSS","4fphHQDBZMRovCl8+/Kc91","90xL91C6pHwo7tco6Vlikh","9bh2XLaZlIZa5gBNlNumaB","a8O95GSqlGF5j72t7vPvQl","b2EKcrCUdJSpeKsGkAPfIZ","e7roxMrnlC/pymnmoqf90A","76XLFupFdFTIB14kylRetk","feyi+BgclI+b6xEz5b3VpF","aeDgEtHzhImqHD9ohauwFd","33t3QQeAtGqZjODNInzztW","019ciEeEtGx4bSSh8s7fSU","60cPUZ2WxA1IuUk8kbH2pW","a1ZrHwSoNLcLqzfIkxX8ix","41WZMuL35BvIhG52uzWf7H","90qqwbZH5P6JFO1m3Jeac5","14hYNp9S1LYaDoOIY7kS2g","8b9qkKLp5HT659azvE9js7","55XaEtdPpFuL+9Od0kGqN0","b58MUsNHNIja+E28mHY3JM","b8o7HL8zRG2rwZ5Au29GsL","4eoDNk8CRK+rZDHhD+mk5R","1d7yXn7PdHOrpZGOLl6GH7","382+b0+C9AJJ33HCSlpRJZ","b9TphasaFECbFTawaq07gL","07P1FkzBRN950QjceRfnrl","8cP2erQtBLJLQETING77oM","1fmqt3O1ZB67O29itb6Pi6","a1IshFHu1AvabWNYbe8zhw","dcSXxwVbxEO6GsiR0lrjlm","d3O5UqhDRC7Ycr7jZv2cBz","eadkfcbstGVZnTNvD2sQdh","ee424SwcVDdrc509QHB6ZF","ad29/GR3lPUYmi6V2PedkR","8aJFYgVPpIpLkefeNEUt0i","68/iKH3RFI8JISQSf5u7XE","6e0lTLbP1FmaHd7Y+BbPxr","45LnFIZuZMXKkJa3R9jWOY","79nK3MKuJAd5G+FVFINEFR","2eU+Bz1o1BY5M/0H2hKpyr","ebH2PI6HZA+71SE0hrXYEW","baG86FZy9Ecr39CMYWfNbd","56vDi+zNlD05nGwskSso7G","81P7Uz8+1AS5BIs6vjjxo0","5cbyRhFsRLH7Qt1sr0GNpP","6acijp6I1FcInIFKkF3cSf","4bgC8SO9RA4LSNjiTKaMMo","341HZy3WJFiZHJAfvVt32e","1apRFP1e9Bi6Iheh2Ntglq","daV59p9Z1E7I81Es84LFj4","99FUtDuO1PsJBkj3G9fvb9","a2Z6PyufpNRIQR1KH6RPV7","a3l8LvKiNINobnGZ6Ogivn","2eWlAYUfhG4KmxANxTHB20","06zagBfaJOQLgWdxGGA4lT","41c9NnQxdETLJ5wTa7Ua0J","a74mtWQnVIx7fyyeNRkF07","11xGUMsERNFKr7KEel83da","60W0nydcFIG7va64Whd/SG","86gwarEPtGAowCvjDF1Xb2","a9RysB0pFDPbErkNwHmOqA","04q1+pWH5CvojVok4SzTw9","9aY8Nbm3dDsbiDJH4xLSZU","64d/vHycNJE4dcTLqbtT9O","f8lgo4qodN8q+QecgL2lYV","a6cmsgJRpGHZ9sCyVDdmHU","8aLfPPMw1ONbaytfwZ8Fnu","99Gs/EqxNFqKiQhQNwzd2V","2cluZ5XaRCsbnfN1dojLNb","252D1INq1BI7ZbhylxXVNM","13gO23s5RK/orrmlKAkdW8","b5Lg1aL9hGHpy1OXdOOOAm","72slpfZSZK/oUpI6Z3Jmbr","26cnYBVeBGsbTGOWGHGiej","c9X5raLnpMCbKtK38k7V2D","a8dx/eXBtLuIHXDx+Fbu6y","2auXG6tzFIR4GFnplsYMG7","29kFuOfcZInJtboaq1tn1V","7c88303DVOUpucP47ADdlC","0dd+VisvlCvbFD38u7m/gT","88h7T6WLNEO5IkaKZhEXrX","9dElQYPwNDUYIfZp4Hwgae","98gtuFVAdEKbW0x0iUIBFm","916VFGshRGx7IVmPdPpkux","87CvgTBlJGV7dvrR7sqjIj","6dL3+2YYNLOr/x6ah+DI0D","a2krJqPYhEabw+J38Knir2","bdJkyLMM1NNZXjyCYARDgs","25VF/SZzFBEZy3cPyzDvKR","67oYKEEhdGLY3zIMHBx3To","55elBUu01EV4prHdz2D3q/","b46k0uS/tFHKNQ2JgPGE4K","0b5vgjPVJKxZJJ8Xy6520R","11y8/ov+REZJOl50xpy+RD","b3ir28kuVFNLD/p7dJKRI8","d23iRszzhClbnjXIBkOVEJ","7fMp/hOZdJ1K77IDk5WVOf","7bjCsKNdJCVo7pFm31DJyR","46eBqrrWlDw7t+FCFTgQj0","9cuOmTyH5AKbegTqbVJPWf","43R5zXgP9C65xkoKYUU24l","e60PJP1RxHrKTQNEOjq8zz","d7LwwXZIZENJuJnhN0TBaS","25jwnIXvZEMpqeLBxgGhz3","f0FjXq21pM7aWnTtMPYaGr","33Q7vXEH9JpY7P6AQMDn2s","a696UaZudCipPPpftr6orn","3e/U/Fd+RIaaO4N/GwdnVg","90Mq+QtddFKZehJFspSPFE","7bX+ZR50JC+7sTBJDUlaFj","193ARKlw5OY4iHw9/tcZs0","34ebfOolZO279pnrVa9WNl","88K1z4kp5NKJFpJk8pgePz","8dse6GweBO7JEiDUVt0vIz","bbROMDXzpPZrTTOZ6Cffuo","2aNFKPJaFAnKDrM3N9sF6Q","70ISufLLZHjJfOnmaGgQNy","d5P8EGkoBGSJG3lgUmpTYO","f9chU2jNVIQ41b/+vKHQZe","653FNhsUJNgLpHB0Cf4FYR","62skhiXrNOL77/W7u7xmTs","54wiCIJWZDebgqzJetU1lU","c2seH6MwlEwbUav7HViccN","12QeVJ2qxOi4sba2khf7Zc","c2XmMU5KZMu7R8HZHD5zb9","716qadoYxHp763GOaXj4Q3","ceC6HK5C5CgZ28wVyX00ms","fdwO7YMRVLi4lGCrdYt0XD","193KZUAAZFS75+8FDB2LSO","0e+NwYBQBPrrmsZK68cKli","0f9Cpt5C1AWo4RpTYwoid/","faFf85ej1Ix5OF2afxnwnO","81woWF+f5J3ZrO4tPjLdEM","eeqdm3aJ9Lj6qpkRMBoda8","32EtHxeE1OZIh7CYg77uYb","87jaYUPYZM35y1smBAxLbx","6468Kljk5KfbzekFkek7KZ","47mEiaGY9JaIQj3txxrNL1","5cOb1hZ/VEqZ7fbZcWdMfo","54cROJPW1HboQS4FCem+os","45HCrrjjBHvJBXQ+YKAE3A","122Mig4AlJXKGb8wN83oSB","25Alu5541DlqPUf3sAdVo4","92RW5UOOBBXYKp2TKAR+6Y","04nvYFrYhEGo92FeyqAEpW","88etO+mxJKUrM0SprdZqnL","0eA1CnZytC0IInlhjRDxgN","344iE+bIJGFbdcIKpaifsh","ef1gJOCfRCS6dMy/QwxCQE","b7LwO13SxFvashyb1y/n8G","3dbHmcDCZPjYzEWQABgujp","c8Em63Fk9GFJW8slKQhQhV","4b5Lk2+n1MF6sqnFs4+1xZ","edJ+Orf61CZIlkF3nqR1eB","a0p9xQWBVDPKo/hvSXoB7S","b8R9nh7LdLqKpgWwxDrviA","320pAHvcFPxpW6hZQI2EaF","c9OJUKqvFKiJz4UQMvqJIJ","94VjSMamVDY668qHPTBR7h","99F5CUewdL8pJ9IUZzY38l","23YJX+fZpAQJZgsgtuHRZk","e79q25ZNxN1oh7fuhUoU5n","7d2A8ppU1OR4N6gUJmk77/","16gE2peV9Db7ut4z6rIYy7","435ADQk+lJV6wg7c7GUcyp","44kbG1wvxI5ZNN4IFBwqfX","d8hjl1vKZHpowzdOwsVXQX","74xE3mjoFBkYa8jhnxyP8A","80KVuhZaBIX6kwiccm4kyI","ffaPRPb0pFeKpAt0ddDbM5","934MSwBTdDSYCPyJy/tLGG","0c5oC5i2ZH8LRQdhKmYDuC","eaDggmcmRMGq2tSUaYyorh","baG81jvNJFCo5v5hdQWV7G","baPc1SF0dG3I1iKgkiFp8E","08QEC6Uz1K0oQBgI4LotPc","6apjkVP/5KQbsYT9xR60kD","c95R3xn5BCgpAkzV1A86cG","69AAYN1DZMK4QsUok1RbRU","aezp37MjlJVKpl0+oQRa+j","3easu1paVNG5xYX94wKXih","ca1z9cdX9LZZHVGx1g8qvI","d8rXRuDQRA76efiWW4sir3","456VeiOU9Cya3wkF7O5uuF","a5d93DLItLrZ6dWLa9tzWN","70M588KPxDqIBmKDHHtyGS","1fWUgrZCREH7uEgV7j0egD","55/x1jgLpP3Y3JtNrYliSg","0eOt5/vjNH0IVNdSrXO4I3","ef7qC2fjlCmaDTDfCFsOZS","27KKD2wohNBaBOy7qrh324","a02Xu9BbREz7NtMSqHyEAK","ddyznzSf5NlKgRJ8CrDRlc","53lAHx9UlO0JgH1+vx6dd1","bai5Mw5QhBLJi1/guiS6Ny","12G4IpEvRPVIacLk76NJ2a","61h6PK5Y9Ncb7c/ODw5Y6g","35KDsbpg9ASLEyqT/DADXn","f5SWwlYwlBn5n3Z6eXuDI/","92l2GK+DZN4pQjDtm29vCx","68XXG2hRxB2budn07xOO4/","daEiBJRnRBw5Zc+NxNQpo4","332lqosr9ELqAyODbFEFzX","b2gxpz5ZRL5b7JmZQA5jVr","edliMjdHxGdrnEi0vu3hGQ","2dvzPUtgBImrERBQDeXCN8","47clRUtB9FIand6ONRnzqQ","53hPk4ZvJGw5oBaS8zTPXZ","c8DctIDM1DuI1qq74c2sDm","e8UlEIKyJHQYojWCFSM7wC","9427yobihA1pq+Wh7JQt4D","9dR/F1Ot9BUJtNHkam0sw3","calThFehdKDbjooDlrRAqI","cfMbmsZNlF9aGgH/T2PLCR","96IjdpzE5B5rh8Y2AUziCf","d9g4+WzEBFXrzbzEke7QGi","86aUYUqq5MRK0OPaNSr3JU","4dFFHM/51IH6cqQY8LYwVt","e2xuIj8DlN56slIGWgHI1G","3bjwsw6LtFzpu1nGop18j8","60en8noBpNmKzUzh8xZBOW","ccOxmgfgNMG5uEdPRRoY1z","a0yxDxbPBLCoi1BWyEquA7","4aM+sF/31IJIMSBi1LaCwL","33IAsr+a9DUaD5h0IVhKju","f5jjIr76ZK34vXUM7ecsqD","68Cmk5ttFCkpkoYXhRr/bL","2abPHEK/lJWIappp0ffwq0","734Rmhy6ZE+pnc/OXX0VTD","55b9gmN4tCjLXcVU/6cLXe","6fheNijIFG+peqZwM65yIU","39NrkXCMdLs62jSkQ2X1Iq","93zJQUA3pLIKf1nhoW6uFV","deA7cQFxNJnoCvc9y20GOD","baOYcv+DtGRJ7aU6NLcSMI","28PlfDbK1AUZtCXhm/3oiF","efO6Ueg01BQa/VNrjcxdWX","82QETygotFQJDXmhDDivGN","64EdbL4+NOZKyEVG7nurBm","eeso7m2qxKI5k9tc/2G52i","a6mDVbyzNM7pEOsBG4XuR1","a74gFBH75B24TW89Ezvt3V","25KUEOqG5KuL/8ZXfz8Y2b","03Z5EnlGJOKKyYEmhMR7fi","2dHtv+9p9J35KAbzVFXlJx","202yDr2s5FE7uzzKwFSABZ","d0lVBabgNAq4Ygg15GvxEs","5crOQzw/dC4JXqmNciC1Kn","7e5eKWICtK/L3MXDcNcAMt","17We/u3XxOWZTv1yx01DOp","c2kBVXopBOeZGmB1L8PTsl","68kpyL19FLBLXVswDItcZT","f1QxugsHRC+6sn9x7AgM20","2cJJV9l9dH6IgdhqKLEvr4","259GLyNyVF9YY4KOpf9CTP","ee7BjRbh1OH4x9aPWAH+/s","b5x22iR55C5aiq2md0zh3/","ebu3bGRtxMbZR0aXvldSvz","e277tK/qhPY56UtMJhBjXH","6aYuVM/lFCD4ki6uVW8Zb0","e8rRBiYGdDeom/ikWXWQWk","59wXqb+KZDIbFCfKmGSIER","c9NG6y7s5PqaereQvyBliI","3bZkZ/AzVAWIhVRbX3BEy3","25fiXv6zRJs6wgK+BOqudi","e6LVQ64PlJub+pljX+bcwt","86Zu2w0LBHBZOlY/8wMKWU","feIoCvfulCm7uAbhCWi55K","accUmQ4+BADrMJF/EBxoNx","40i3dcYwNLWonOMTfsVAyF","44MusI8IFGqZO9dVyDNWst","afeh0v/nJLz7C5NuKxwBsO","c4O51TGp9C0bs4FpflgYmM","85bo6PVXpIRa6W0KKja/te","e3+EwbTQRCBKtrDONPJGfi","e6AKuK0j1Hk5BrR6WeVXaz","69BfHF0spLxaBo5kkHjYM4","52eN6eQrlBRYPmAx1tJmEH","562Sd1IehEHKkMRg2dqPjm","62b6El01ZPf4g432wF/r5n","33J3F3xCZNzqgJVOZPyyQH","4cdlCOjYFPc6ZwiydKzK+D","0856Vhy+ZPY41iiIDpybgM","efHeTbkyJIXLHYg1OSNcjW","11zXlIt2RMjqQFfXaQTr3R","093Yu05gdEb6/23uZUCxaZ","17LXGrWchOMKEeE+ROX0u+","13SNBo06VHD5VAlMSeFf31","262EHdDCVPw75Mlhn4j0Xv","3fU+xpdgZHCaeJq5uYxlfk","58aky6TdJJq64rj6IdtM11","04EtWI6T5Dp68x6vITCvbN","cbOk0nHYtGIbbBADqODu6o","70hTuKiepKg5zpfsm139p+","01OptS2YhPvYCcQvc8k4vt","74cQ0pbqxFBLqz2Pl+ia6N","8cIq8k1KFJnKCBVMbwJKgT","816IZd6vpKo7Nrjx7v61+C","7bbGBX/H9GYoEUxzegJLkt","baVnbT+5NDC6vO95ONeos0","67r1gQCtRIEZzrcn/ytNwh","99Qz6sO7xDqYvf46D1g8SD","d3xvVCM+RAgZ43KvnJimYp","97wXDYB3tBUrMfI27EOotp","a5ibMbbMlCya7q9nS7n8es","e7UQsHH8NFVpSd52sEWRiM","44b529c11LJJFa2cdBPVx3","f9MlFmMoFBZL4o3+l1CLlX","95UwmzueVI5ZxpQZ01Ahdj","794MZvAjBBRpok9lXct4bD","d7lgTOEXdOgbOcXkpP+hrS","2bMBPswetE0rPbqsyQYI+l","1e8lL+07xCUqWFLS/4+DDs","a2FPcJLwZLuI/D26TY8BHw","3d7wQgJ+JD/422Ac7kzycJ","fb1PyW5BdFiLDyFe2ZiVTj","b3jA/J4UhNj7k7hGGq+iMo","d4qD+DrztC6p4jb2SaJSbp","c0opDzQP9O+IQ6zmjmI+dT","7aNq+HWOlLxZIma/MsdDok","9517FyCR5Pu5Gi7iLg4ZJK","30eCm9yklHL6jwhb5ab1fy","12+zWKs29NOqCjwqtbR1Gv","f0Q85Ag6pKVbmkA5FVT2gL","52oydDUq9KAZPlQWo9I4f9","5a27R9Fm1JlI7deWDfj337","eajhc3f/hBzbIInefiNc0P","c8FfNSa69BILA4B6zNWXdy","62zwNGfuNM964jf0N88psw","87+9+0PW9MzJU660NkkclB","b9r8LUW1tA2ZH5FvRfhFwE","b8wRhGZMZMp5/H6KHlkdjt","78tMuoMppB9bQo4gHLA7T1","18gmPDpelEopnumD9n2zBC","808fkKQGpNXJ9MzQyW1yMr","5ck1GSlspDa6YNs+P+qkTU","e195hHVN9Iq5namRaupSIa","ccmmczzDZKuKN5zVcqStBc","95d88+pslE97nX4dL4H0SR","7e/WBTZUJLv5T81k4mLM5T","31dQ+hwa1HFLrmxJmDuyc+","f2CnmG4ClFCbTh8uU7OBwF","28rRBanhxNzJXzseCLf4UU","19Pkc8ThZFL5MxAWEBwUQq","dbFq9PbxVBiqg6V5XyZmCM","fcKuERG5xJ9qm2NEmL/aHe","7dqNrBDbRHM6khT2rXRw5s","41pzUDtoVOoqCoHivY3+Ir","29oIx+QNNOwocbCRjLwtLX","d9ey+2HjZFgay4Pv0notK4","f8IRD/vExHZblu6BDXSQki","64w6TWQ5VO74J8/xlXWkep","32MgSjmxNCWa0tU+/Vsfny","8bknC+p0tJOKQ7ht1if7BD","15DNNbpyhIKKJgh8ozqZp3","0aUUyRQyRCFKPI2G/eAVgP","adEcdO5JNMSbIkvQ88I2rm","d0A91Zv45DR7GT/5bJCrfs","6drxrob9tDxbJEAm/CZagI","63IZFY7+FKeqyHkH4j9PCy","36KJ2sGTVEjqxTGcnnxqjL","57tvkeR7pCsqYa0AMrkGtC","2d4yXF4TZEv4BjBEqRrrfE","caxYkYp1tH0LD2xzdJ0sOy","f49/tzhGxFzYABhvJ7JHqZ","188rkv1DhGfITXDS8Dm28d","34F9hebnNJ0oBiAmA1F99C","16mczKMpNPrplz0y/4RkY0","20OzwVDctPLJnX/uutuzmI","5atlgKaBdKdpVEDOaVAd6/","8cUcE0DH9FSpj37wDJ0dMK","d9N9CNYHlKKbYXaelvCJTf","1aM9im/HZOcK35ea23zsMz","39eg23E+tBJ7O9bWrBVjG0","139m0n3rNJ1Z5S8yW4gkma","d6/UjV+CtNUIv3xWjhZ7VU","f7668GOMRDIZyBgVSo2t26","d7iOOvGJRCKpKycbSgMwmX","b209dmIqpFspPiAtnsUwDD","49FpiAXMRAdZivsIz21Tcd","d4fkiwExpKsaIzsXUZ6Pxt","33gI0jYJxJ3IniGZwFxjDQ","2cuh6Y91VEJoUw70gc2ejj","96hErMI3tGZqKiY+F2VYd/","6cg0uQcRtEZJ2fHWsiHBNd","c45K8rWFJH85O37RHXmZrJ","84X7+9LIhBU4N33sl8af6M","28vDiIHj1ClIoUDN7q/3JY","45QURynCdNkqztLeZifyQq","924vbctu9KSq0x+WMwAp+0","766B7GNfVBL6n0MKRr4yrs","3bX6ezPjdPdIfOGKROTqcA","4cnsexWyFGRar+55KhmcrB","7bprJ/xelEqKPlaOo/gWqW","66Y9535qBOsbG6tmTGRKwW","9e+Dvvk4lOQotiOO1H6w4t","c3m2+S8r5KGqxYnk08rQZA","4eh7Wo70VAuo9DmDFJbKO7","f8XhwOUeBOTaV+9qoiim4g","00n9vtlSBE7ahQ1d0MEEnu","f3MMsoPpJFs6JNYk2TIp6X","4fmHbsWudLa4lyInCuIqsI","20P+SBkp1L4IzAxxd8a+dq","43aEUd5pxOq6ojTB4GhXys","b0Pb0OpbRN6I6iwZCWa1rh","f1YJ3u7otGSoXKl2jgj14+","f5SI8MThhIyLixuCThVoRH","11Unc0tPBLV7TBequDrLqd","bbbO8wG55DJ7bn7/nm1LBB","9aWRCaSbFMeJO3GPSzhx+o","3302R0ZhlM4KqetikcHyhk","ffM+CDY7tCO5kBY1G9E3UJ","7072GveRpDAbwrxc6KKBA+","55Ua9mvg9Gxo0H3FjGNQeQ","6286kKBgtFXKOJ40+OVkWq","7d1GmT0j1H0bV0cyKgJjTB","93OO9CHO9LLLqwVVrgVMaC","a9V9v2eghENLLvgxk6qY/w","58fVUEGoVBNb6x/ZdSXDPy","68rRYT225NDrwPTYaYnN0k","a8s9fZiHRFBoE0Pk8V7D0x","d4KHmnfftHFoOJHhCxPUO5","09xiHIEdpDDKnRAOLTYa8K","afAqp7PJ5Kr5WcR+HBbpa8","03w/8lw8hK0qEOhoUfRDl2","63udeaNv1EgacqhcX5fsFV","85ZUIJ6OFAS6bnk4tJOQvJ","ff6DZZGYJO14eFX0sn3ych","c5ZS3PJthMaII5hVUz7vlD","85Mz0Twj9PzJWpryzERTY1","bdiXtUHPtD/IrG4ahAilDH","c6/vqn8YZFbp5/UOuXc1sD","83FcIkuUNDP4FgAd2r19Iv","66KNuEg8RCwKYwJFFMqqyH","48Xn7arF5P16LDB3mNw7qs","abpjLGSlNPSKN+UtVRrSN5","8d3RmbLkpLxaOIUBb4xkdV","93ULItVEFI3KSzHHuZM/pc","4fkskp5Z1FM4KP6g01ipHw","80oJL36QNJ9ZXFnYeIzWjE","23RZ/vMoFAn5Rd3nJmU+ol","0d6z9B+uNAcKzQw3OfnOpf","101b02PYZHpqGYm44cSjSS","e2vjNkCSRFKaLYTDcIKgE/","7cO8yMCX5JIJoqSVM6pb6E","efMhJcijlCzJzbN0ryjjQy","1cjLt/KhtGr65KkIFXXZDJ","dfcrtlBoRNEZhXi9CZp4Y4","faQa1NIEZFPI0zqX9J5frv","ec6JXvZYpBAKSpFHOSi1Tl","c3BMnju0BI4IcELqOlZ20t","49PEZZQElIn7ZYJ7EqPnDD","bdda7rZzdN8J303LAf8vWk","b2xY5QO/ZMsr7hC8nCEQ94","40Yaxf77dH9LNNBfXSE6yU","23hJaZeQdEPYFUKDvyqrwW","02HTDydulGB5rLDq8KSgPq","f27x6TfkFE3LbVFJ6Py1Me","c8wYi9qBVEApZIG5P2pho0","d3IzAKasxB7KMnVkNqwvyx","5fYtv9mkhECK/rkZvwibkp","a53uxMf75Ee6zw0TeRK5/V","3aRjM2yEdAAadun+nRbSyN","73E4y6cn1O1o3NfTSnndCv","17AGudz8xF7r50xsJ1L0/g","e4Il1tjlFMoJLu39sRaKaf","71CQiY0ghIIL2M2VvmI4UE","2evXAcJ2VKZpNYPy3zSB42","a0WcbK+QtFmqo/vPjUlsyg","312BR5B/FGBYcBSW58TYfM","45DWjKXGtCUbv4L497e1Bp","fc0LXLy7NKk7eUu4krJ5V3","1a9tPMjqpBg7uLnV0Nr8Z3","a36Ax/YO1NZ6XV9Da2oyGr","cfIQiG1UNGsKbRbCWHOos3","302sd2ZYtLmo/TUlLOTBwj","4dHyaNILJKtYIRVzr8cSOV","b5NUQrbuBD+4aFB9pQqF0V","43DTaJp6xF5YPVrcOyVHs7","37GvWnDRFDOqmDSsq52Czl","44qWJwj3FMFYW01qQZpGqF","02MjS0kulFXq3pHwhS+Hno","19GNhTpD9DlJgsBgqhgh2O","0bRI62SDpDQ5rzi8C785v2","aa1vfbBoVGj7mfXKs9mh8O","ddHNy2/vpEh658t87YMmQb","e4MTZk9kpCHaCJI30xjL0s","76+qLVlQhDzaWzd5ipYtha","2fTxQPt1pFIJaHV5C7JcO0","f21W1LNZRKBpsdsCwv2OzD","3b+Rtx3sNPuItsvj8VaTBV","ddZKmnyGZOS5thcE2G+VaE","c6eIQhD5BJb6R8g3C45Agv","d5DyrMuO1Ni6Y26D7uSTqa","f1Q/0tpClG6ZLrIg+oftHs","bcxb0q2OVGcbU/tA92X8FL","d5Ss+692VKzpDNGWZt3hVk","4eC6l+xXBCFprluHzndWBt","7e2vDN75hLLqk7WCsETD9k","f4KhAF525IB7a8aPqeb728","c8fHRgtLVB5JQDnsmUbl3L","9fTjxshmFOAI2GhpGNX1LV","8asVFx/vtBTLPSntRZI5fC","0dUl72/uhEUYESrHXbuqLc","a6MbI4ag1E0pLw3aGbIbi1","3ev/+bjJhLPZdBQtLdGjfJ","22TfaRgGpJNbjAkS0U3CcE","52wgCtwLVB2Z/j0C7bENYf","13+Dr4VBFIvKVQt5JrfZLo","a82ldxPjpOv4Nlp1X5LAH5","13xbpk+o9OCJWeApg07Qi9","f4/CFUGtZEXq+Qn+kwGkmU","73GIDCvMdEb4R+OzqZrl1v","6auaTVDXhPR5Ockn13F8Ap","cdaagIKeNH35xXOLrSI4+y","e5X0VwWytK2KuKtF6QyW4m","d3Z/97kglKvq5DJvjZix6+","adwca8LAtDG7OAbD3GYPyB","3dz1Mlz61GLobDn7Kyqe/m","b4P5SLG8JJfJsAkGE+7yD3","06FYc1sU9EcLnrg0M04uHJ","68aNRRxlpEdI+JBM4S8MOF","9dYUxzgCNHrqsTYcY/0pLE","5eUWP13cJNvb92EXZ96c5c","53Jvs4sudBvasVJTi+AGPJ","60GiNF3jhDz6TDLHJBR0yV","cb0IYYEHRG/YhRABpKMDRm","fbPZLO6VVJ7r7uhOFxJxZ/","3ccJvVU/NHabitDpYqkGPU","86tpbCi91LIoKf6GjTBkAL","99JYNJb1FPGb3y+CuFfVKs","ffnnNKdUpIK47o9coO1bxx","4a0R8SXONNvppGhnmN2Hhf","beYhtvaQpIG4BWCxCbH1ZM","d0nXKJY+RIkYUMBfcpk8ZK","c2WGyDuWtFQqyytVoHUcxW","0amKMobiBOyrwUEJ+W8Jaf","9dOJhfRmhAWYX+4Uwo+nos","e7nUBaIwxA34fZDCanwTRU","61cyPdEfRN047sDK9rO0W5","d608qFRoFHwbXd0Dap056i","73n1SGnrZA1pyioMXT8EnO","7cjU5IaS1KF5hNStG4wEd6","30L1WVI7RHBpg3iJ8XtSyk","f0h6fijSpL04cbIMvavOO1","5epiSdwOJL/6U+xeATMXz9","10NbZdwUtL2p6fddpFSVoS","20RfNfrGFLVb4o4EO4h3cK","54eV9wnnBB+YcE20vhZT0V","11GSr8xH1HPY8PJwSBEcvl","2fl3bIFBFD+IiGxIvkMqn/","faqOuy1OBIzp/1zRZNXS1t","21frr+50tKbqTZv/3NXtls","ec/MJRFktI7J0aSXQxN6g8","03rDPaHpFAYbw24VWi8DIz","7fM6H5PfFAPo5xOlptO4Ry","20wJPvGbBOT7Wv4yA4n3D9","9cOVrVgC9NxJlp3vNQ7CMx","0dmZDOZ/lHu6IIYDyouiK2","12phniXPFCXYU0puIXY5s+","94rGiCnedCyI0Ax8CRpsrX","047OBUL6RA17dwC93JWfqN","4fXjBoV2hLgbeqbhc8IwkM","64YDC/NA9DS4/COtq7u/vv","0adWDp/HlI46Uuh+QYG/OD","faeD7ugCJKV5yxOob1DAfl","43ZcPA0lFE7q7jW7oKDlJ/","b9U/4WdFxGgpOO6M34/Emp","1fSp3uqgFMZrwRL/UGAgm9","a6LdxZrENHCIN/9jYSUr8u","19GT1ITydGd617F8B1OIzI","664oSTBjtGbb4udYnd5A6R","90mAPieytF3Z2M2BNVVi0x","c4UFTpBPlG+JQMGn6wxlC0","42d80IoYJOe5KHIMkADsrA","1c5hjLF/FH1LRf+Tu88SZV","3aA2pTY35Gcr6Tykvg8n1I","9bEYplWo1EbpzviEnmB9mX","b4xks0mMpB26wly04hNYFq","f3pCl6RHNF4Kat/YZMj1G/","4afusrqUBG8YEkCinmI/yB","2et0HtSYlHMrSffVXh+91L","1eI6TwDD1Dq5kcp21xpj46","d3xc/H6llMaLnCPtwx3UCu","ea0g4eBbhMUYPOY7nd9Wl+","e7KVE2rpBIeqEfzTgCY7B+","4fVMZyYOlGT5P3SZ9o/Onk","b8OP1G5oZGZZ/Q92upTdVS","f7aRTc8NVA37k9ieBma6VS","48IIoBwElET5qpVpqOq9g2","49eg+/oZVNl5mFW3RMianZ","23u3hSAgVGcoHa5HluJB7A","7342te72REqpnLOoKorj5U","12kzkUa85Hu4bZbVx/jHDJ","3aELvu1l1HAKiwvjHDidir","c09KT1AfJPFLtwxb9cypSe","7dKlrLzwlPnLCFE58ZxlOK","a3TJMlYupOuor2F9au1hNe","d2G5yDs7ZK0JaEYQHzugh4","9c41Wjg+BJjZZiqgfH8xMD","ddQ6OJac1Hq4zYw6tfXBZf","ccAPf8mQFOPYcG5QvTB3oz","aaygaYVEBHeK2j0z/WGcJD","d8F2oT2qlAwZGZXMhKwag7","16pnsU925HG7RmN+hrj6Bw","2eVQUMLD5CRpuFZ3+0LJbb","11m03rlbxCSq1XoJFHwAz3","02aevJ8m9KSLQW+D5qZtqA","baBpEPSg5AkLcNE+s40W92","9d8BwZCpBE9LemU1GOzW7X","5eOBKR9IBGJ42nPGFHfceF","d5MsGETFtOBK7TCsb+WueX","27Bg/vZG9ECa7MnSFM8iGB","e013VtlJ5GpqHUvedjqJLt","0cjxScQP9OkowhmXSiR2xc","74GmwAEWhF85SXWpluPvL/","44ess/qcJCSZA7kt/8pJ/y","824Ku4cm5FL66fwln7zyLS","309gxOUCNEOqK7bzcZxRLk","58IXiARyhJQqbjmuk/8XqG","b0PgPk6h9BY5CZ7R5mkWwP","ecpdLyjvZBwrvm+cedCcQy","a2MjXRFdtLlYQ5ouAFv/+R","7atnkm+vtBk6Mvv8DBz46m","f0BIwQ8D5Ml7nTNQbh1YlS","e97GVMl6JHh5Ml5qEDdSGa","29FYIk+N1GYaeWH/q1NxQO","5cO7kybDxGj4ipyMYdRYZB","5f5dyqtRNNxaFmVzYns6FZ","3ae7efMv1CLq2ilvUY/tQi","7a/QZLET9IDreTiBfRn2PD","c9VupEoCxGbIrIXOJwwOth","ecCTW49kJJYZX+93y4H/Sv","4ay4SlJMBJ97d1HAXWtDRw"],"scenes":{"db://assets/Bundle/KingKong/KingKong.fire":324},"redirect":[540,0,541,0,726,1,727,2,728,2,729,2,730,2,731,2,734,1,735,1,736,2,737,2],"deps":["main","internal","resources"],"packs":{"084ac9f3c":[399,641,547,512,49,551,507,369,68,492,385,486,515,51,324,394,64,556,738,497,502,506,518,50,523,48,732,733,433,519,530,538,524,618,517,400,495,498,549,520,537,534,57,494,521,488,642,500,327,525,52,522,376,483,54,58,53,513,535,501,536,432,563,482,379,643,431,388,550,510,562,505,511,69,55],"0fd3d6815":[427,426,419,429,430,325,424,425,421,423,422,428,420],"0b1576af7":[417,416,411,405,414,403,402,401,413,408,406,418,409,404,326,407,415,410,412],"0a704e229":[651,654,652,655,648,653,650,647,353,649,656],"0bfd5af4a":[659,666,663,664,661,657,667,366,668,660,665,662,658],"0c3f72c93":[669,675,680,673,679,671,676,677,674,672,678,367,670],"05f3a8d32":[687,686,681,368,685,691,682,683,692,688,690,689,684],"0f6f01934":[438,448,447,445,440,437,444,439,434,443,436,435,442,449,441,446],"04da2a9c5":[460,479,459,472,470,477,473,453,467,457,471,465,478,452,466,474,464,456,463,451,458,475,461,468,462,480,476,454,469,481,455,450],"011644c91":[712,711,698,709,696,710,699,694,695,617,697,701,704,702,707,700,706,703,708,705,693],"0dcdb90bd":[719,717,723,721,724,715,720,722,714,725,713,638,716,718],"0df6b380f":[116,249,166,89,96,159,130,73,280,35,197,276,184,251,293,18,234,105,235,162,198,300,228,246,175,121,268,20,215,233,153,127,291,132,3,36,81,75,265,22,247,193,208,174,178,295,182,220,181,173,310,144,158,0,29,40,239,261,210,115,307,84,216,152,252,302,128,255,285,212,119,160,93,205,269,27,37,270,245,142,288,203,33,311,242,17,151,26,257,322,92,101,126,106,38,79,312,298,244,87,226,123,195,292,147,243,149,10,163,117,644,301,225,168,241,224,194,305,140,283,97,150,281,190,141,23,221,290,230,177,646,272,32,112,143,214,202,183,267,201,273,13,148,237,28,39,83,321,164,189,240,217,250,185,88,139,171,80,7,122,131,218,24,100,213,120,107,188,248,304,1,275,263,315,319,95,94,187,82,155,264,172,15,167,108,204,186,316,6,16,30,259,296,133,118,156,191,157,289,170,211,161,109,180,165,25,138,114,284,110,14,5,308,199,196,176,124,104,254,260,125,129,278,146,279,299,219,192,9,229,227,86,8,313,256,262,179,282,317,286,231,318,11,103,85,200,135,31,222,21,645,207,271,19,287,320,306,154,99,134,102,297,98,90,323,206,111,266,314,277,136,145,258,309,238,137,253,294,209,77,91,4,12,303,169,223,2,236,34,78,232,113,274]},"name":"40","importBase":"import","nativeBase":"native","debug":false,"isZip":false,"encrypted":false,"versions":{"import":[504,"89d7d","011644c91","5a1bb",561,"4be63",586,"06541",70,"d6224",348,"3675e",529,"944d6",396,"b0e89","04da2a9c5","c14dc","05f3a8d32","3c8e0",625,"7df8f","084ac9f3c","1dd25",387,"c94d6",527,"af5f5",390,"3bb74","0a704e229","416c4","0b1576af7","e4227",588,"2ff00","0bfd5af4a","f5a2f","0c3f72c93","e55ac",608,"b5992","0dcdb90bd","32b31",546,"0c9d3","0df6b380f","4fca4","0f6f01934","1d057","0fd3d6815","0e7cd",389,"f38fc",392,"f7c25",615,"e91ce",613,"f6a30",569,"a7ad9",391,"37787",354,"4a750",587,"e07db",577,"7f957",56,"3c368",61,"0c16f",350,"ebb55",611,"22373",545,"d7224",560,"413b8",347,"f8dcb",41,"b8658",359,"1bacb",393,"1bccf",340,"1fe00",332,"66105",358,"edb2d",487,"20550",349,"3a9a7",572,"f372c",593,"5516d",580,"72c32",574,"ea33e",329,"5b4fe",584,"4d57f",74,"79ce4",336,"5e5a8",567,"82e0a",496,"0216b",595,"787a6",633,"2a562",623,"9ae5d",610,"0653f",559,"56646",374,"25cf2",63,"b06ed",583,"8b5e0",508,"4cec8",375,"545af",585,"bfe58",575,"6e4f7",493,"b985d",539,"145c9",484,"9cdc1",328,"72d40",637,"b9780",65,"a8868",386,"f2ae0",581,"bb787",602,"50999",543,"5382f",72,"87fe9",382,"fc48c",612,"43447",629,"0a9c2",45,"1f882",334,"df5de",383,"3f18e",395,"92e05",352,"82996",628,"57546",565,"6f01d",630,"7c395",384,"b84a4",343,"96848",499,"c1308",60,"e51f4",331,"6a324",626,"36edf",356,"8e35c",381,"0826f",44,"e1add",364,"28ba0",489,"a8c72",42,"6e75c",335,"44b8f",398,"c7fa3",571,"918e6",568,"cdb06",333,"0cc7b",592,"3a5c5",47,"8f4b8",603,"c0cc0",544,"8469e",66,"feb18",342,"849e6",491,"77a63",531,"f8882",378,"02144",371,"05666",634,"0b004",607,"a26ba",542,"3b25c",337,"cf7cc",43,"5de73",635,"9e01d",514,"505d5",627,"546b1",606,"235c4",59,"561f2",573,"c2271",578,"7039f",566,"5e5be",609,"b3c52",345,"5674b",346,"54329",614,"96296",589,"19dde",373,"1fd6f",622,"b5a0c",528,"731bf",509,"882ca",558,"0c213",624,"b7e1e",582,"032a0",361,"e7380",339,"c0ea3",76,"c7184",600,"64fb0",557,"d9f94",640,"e0f1b",355,"04cd7",555,"df3f9",377,"6e805",490,"d4788",533,"6ef66",597,"415d2",605,"0d76f",397,"2db5b",631,"fbbe3",619,"81794",67,"21f9d",579,"236f1",351,"a4ea8",639,"ea899",564,"2704b",621,"ee301",526,"6d4e7",485,"b6182",598,"9334b",62,"36d05",601,"8a6ba",590,"dfd48",596,"0088a",338,"6c630",552,"ea772",548,"f46db",363,"74a7e",570,"09b3a",591,"dff02",620,"0d79c",380,"af7fd",370,"2fa53",365,"032aa",362,"8616d",554,"57e31",344,"13b01",360,"ddbf9",341,"fe5f0",357,"d4f9a",599,"132f4",594,"57d35",604,"49d6c",616,"b8e26",330,"a2326",46,"a643e",71,"a7979",503,"65707",553,"cddc4",632,"2bf2d",576,"38b06",372,"265bf",516,"5d0a5",636,"11cdd",532,"c2480"],"native":[116,"eda6a",70,"7c0d9",249,"afe46",166,"4061e",89,"bd4ad",96,"ca234",159,"e990d",130,"31b9a",73,"d16e3",280,"3ba75",641,"11e68",35,"b9f22",197,"65a41",276,"80997",184,"a5ee2",251,"b5967",293,"a96f5",18,"ba0a1",234,"a07b7",105,"f5604",235,"d7a5a",162,"22dfe",198,"db759",300,"44da7",228,"39c2b",49,"4e524",246,"3e3ca",175,"3d4ca",121,"1a626",268,"fc36c",20,"8296b",215,"dd1b7",233,"1f6d6",153,"1458a",56,"91bf2",127,"e3822",61,"734c8",291,"a7d90",132,"98706",3,"7d52f",36,"7f68c",81,"f9733",75,"355a1",265,"3365f",22,"edcbd",247,"41360",193,"ddddf",208,"e2a28",68,"5bcd5",41,"4cc0d",174,"acc65",178,"63bdd",295,"1afc2",182,"e0226",220,"04105",181,"f2a45",173,"d73d0",310,"0b029",144,"7a9cd",158,"69d94",0,"c62b8",29,"b8021",40,"4e4b8",239,"4cb28",261,"9a77d",210,"363dd",115,"ad89c",307,"2d0fd",84,"0a9cd",216,"3fd3e",51,"0d093",152,"bd886",252,"d950d",302,"66b7a",74,"c5190",128,"441e6",255,"d498c",285,"72c8c",212,"e9ed4",119,"a9c8f",160,"b0566",93,"f2065",63,"8830b",205,"d8a19",269,"a04a7",27,"0e4c8",37,"befb4",270,"6ca95",245,"2defc",142,"3998b",288,"85e4e",203,"d2206",33,"4b400",311,"709d4",242,"8abc0",64,"ca479",17,"bf8b4",151,"eb644",26,"34e7d",257,"82441",65,"66500",322,"4b5a5",92,"d33c1",101,"8e018",126,"25e3d",106,"d8e68",38,"e3504",72,"eb3ab",79,"84393",312,"8c3d4",298,"af901",244,"71084",87,"0b340",226,"feed3",45,"00e7b",123,"52f17",195,"12d10",292,"f6724",147,"3e33e",50,"0ac70",48,"bb585",243,"2506c",149,"1e9b9",10,"586e8",163,"82451",117,"351cb",644,"6d707",301,"999cd",225,"480af",168,"e8615",241,"e6041",224,"009ae",60,"73249",194,"d0ebd",305,"b7346",140,"6812d",283,"42fb7",97,"5c2d6",44,"60e73",150,"6f143",281,"12883",190,"b9521",141,"548d0",42,"8240f",23,"bbd38",221,"f01ed",290,"3121f",230,"ad511",177,"d6978",646,"5c0a2",272,"0b0b4",32,"941fe",112,"6a90a",143,"b2797",214,"57c62",202,"bf266",47,"2806e",183,"12c5c",267,"d494a",201,"c1680",273,"ae8e7",66,"cb4c6",13,"2a8dc",148,"c381f",237,"94524",28,"beb64",39,"42603",83,"0c491",321,"4300a",164,"ebc34",189,"58b22",240,"5bda6",217,"66d01",250,"e8451",185,"1ecf0",88,"4dcc5",139,"0f336",171,"b329c",80,"d3686",7,"c13d7",122,"c2ba2",131,"59aa9",218,"04363",24,"eff59",57,"bb3b5",100,"d174f",213,"27a83",120,"7e363",107,"e2a1a",188,"da65c",248,"4bef0",304,"e87b5",1,"85f17",275,"15e58",263,"65430",43,"c76ce",315,"e0206",319,"6bdf0",95,"7944d",94,"1c075",187,"67799",82,"f45fa",155,"ca16f",264,"9d4fb",172,"b8359",15,"62244",167,"c84cf",108,"d9daf",204,"b4032",186,"31b3c",642,"dc12d",316,"cf146",6,"73ad0",16,"00303",59,"56554",30,"7b623",259,"806c7",296,"ebd0b",133,"fe92e",118,"ece27",156,"94ef1",191,"dec22",157,"ac350",289,"ddaf5",170,"ff1e6",211,"f2aad",161,"9512c",109,"53aa2",180,"e9398",52,"75027",165,"9d1ac",25,"9cb98",138,"bced8",114,"a6ecc",284,"0f60d",110,"92ee4",14,"1ddab",5,"a3a78",308,"a96ca",199,"21925",196,"4dc97",54,"0616a",176,"6bb67",124,"c9f56",104,"4381c",254,"f8949",260,"41360",125,"84626",129,"2de4e",58,"d0842",278,"ac849",146,"94b92",279,"c178a",299,"b10e4",53,"2b166",219,"db6f6",76,"f1b04",192,"4fac2",9,"fdf07",229,"1eb83",227,"1e827",86,"bbcfd",8,"61670",313,"b63e4",256,"0443e",262,"2028a",179,"51208",282,"52d73",317,"d276c",286,"3b6b9",231,"1f267",67,"57e65",318,"18906",11,"7aeae",103,"f67ff",85,"f4cf5",200,"3cda1",135,"93318",31,"a3ebb",222,"f4aa0",62,"a2f19",21,"2632c",645,"d55c2",207,"becb2",271,"7ac07",19,"a76f7",287,"493f3",320,"f0894",306,"59dfb",154,"ad193",99,"13404",134,"d53e9",102,"c768d",297,"96dd8",98,"fe1a8",90,"a292f",323,"1f6d6",206,"ed959",643,"c229d",111,"5a52a",266,"870cd",314,"3c208",277,"46740",136,"92ff4",145,"93362",258,"cf42e",309,"62605",238,"44395",137,"7d0e9",253,"116a5",294,"4ac38",209,"1f3c0",77,"ef046",91,"e4164",4,"7e7ed",12,"05292",303,"8ad62",46,"f504d",71,"2c66a",169,"0fc17",69,"65f3b",223,"11d70",2,"410fe",55,"72bc9",236,"6fa53",34,"213ed",78,"11498",232,"d1937",113,"91176",274,"991b8"]}}