[1,["09U84xiQ9DybxDHyKkDY5u","e8qpbyzsZM1ZmDopjo5w8U","16IFkD8rlEw4E5RgXV6KSd","ac+0RObglBsKsEnLNWyYlk","9etjSSGIxPKo0vW0ZJxXH+","907MiXkNVPzIDKGbgPiZor","16oBa72OBNSrL3Ah3sRVJs","d8D0zJ+jFMQpvIcdprBlke","14h/PFoq9BSKhjVOUe4b5k","b5SgUV4HtMXJrAmmQk4c+T","01u0i5XrZNbKe8I5Va/V9K","7flc7QVgVIC7cw5G8/3i/v","99wpZvdplHqopWpB9ZS6Mc","1d3viYHl9HwrdISaAEdldQ","d0Si3E31ZIgJRc14Ynpj4G","29/hdvwrhAKqcy2Q3TqSX5","cbX7GJ8wZGUbco3ditd1h2"],["value"],[["cc.AnimationClip",["_name","_duration","sample","curveData"],0,11]],[[0,0,1,2,3,4]],[[0,"MegaWin",0.68,25,[{},"paths",11,[{"info_board_vfx_e_add":{"props":{"active":[{"frame":0,"value":false}]}},"MegaWin":{"props":{"active":[{"frame":0,"value":true}],"opacity":[{"frame":0,"value":0},{"frame":0.12,"value":255}]}},"info_board_vfx_f_screen":{"props":{"active":[{"frame":0,"value":true}]}},"info_board_vfx_b_screen":{"props":{"active":[{"frame":0,"value":true}],"opacity":[{"frame":0.2,"value":0},{"frame":0.4,"value":150},{"frame":0.6,"value":0}]}},"info_board_vfx_d_screen":{"props":{"active":[{"frame":0,"value":true}],"opacity":[{"frame":0.2,"value":0},{"frame":0.4,"value":150},{"frame":0.6,"value":0}]}}},"info_board_vfx_a_screen_00",11,[{"props":{"active":[{"frame":0,"value":true}]}},"comps",11,[{},"cc.Sprite",11,[{},"spriteFrame",12,[[[{"frame":0},"value",6,0],[{"frame":0.04},"value",6,1],[{"frame":0.08},"value",6,2],[{"frame":0.12},"value",6,3],[{"frame":0.16},"value",6,4],[{"frame":0.2},"value",6,5],[{"frame":0.24},"value",6,6],[{"frame":0.28},"value",6,7],[{"frame":0.32},"value",6,8],[{"frame":0.36},"value",6,9],[{"frame":0.4},"value",6,10],[{"frame":0.44},"value",6,11],[{"frame":0.48},"value",6,12],[{"frame":0.52},"value",6,13],[{"frame":0.56},"value",6,14],[{"frame":0.6},"value",6,15],[{"frame":0.64},"value",6,16]],11,11,11,11,11,11,11,11,11,11,11,11,11,11,11,11,11]]]]]]]],0,0,[0,0,0,0,0,0,0,0,0,0,0,0,0,0,0,0,0],[0,0,0,0,0,0,0,0,0,0,0,0,0,0,0,0,0],[0,1,2,3,4,5,6,7,8,9,10,11,12,13,14,15,16]]