[
  1,
  [
    "49htxTGrxFZ5w1u5uThkgK",
    "d0n/WJBRNEIpj0rOtT/b9I",
    "08qB2wo3dMlJr+W6JnABTN",
    "3dMVLHQOVJB4rJUs2bnNcS",
    "d2DJTXWmlIPZ7NTwbz/Zvv",
    "56I2YMWW1EvKbxsVDjQPVx",
    "89kaVOAOlAc69bIMMH8aRq",
    "68G2Ov7khEb4L0rq+wcvdf",
    "229SQ26n1IXZtsw5zNjsIH",
    "73teUw+AxFuoAbdTSI2MtE",
    "ecrHR6WXRO9rwRXDL+uDbo",
    "02e98IkLtM6JVeO3dAjzSF",
    "f8s9PYlP1L64HxUOSpBkHH",
    "beAn5INRpBg6ZMwK5Xl0xF",
    "82F0NB/q1CB5VCxQP9crsg"
  ],
  [
    "value"
  ],
  [
    [
      "cc.AnimationClip",
      [
        "_name",
        "_duration",
        "sample",
        "curveData"
      ],
      0,
      11
    ]
  ],
  [
    [
      0,
      0,
      1,
      2,
      3,
      4
    ]
  ],
  [
    [
      0,
      "fsw_vfx_d_add",
      0.75,
      20,
      [
        {},
        "comps",
        11,
        [
          {},
          "cc.Sprite",
          11,
          [
            {},
            "spriteFrame",
            12,
            [
              [
                [
                  {
                    "frame": 0
                  },
                  "value",
                  6,
                  0
                ],
                [
                  {
                    "frame": 0.05
                  },
                  "value",
                  6,
                  1
                ],
                [
                  {
                    "frame": 0.1
                  },
                  "value",
                  6,
                  2
                ],
                [
                  {
                    "frame": 0.15
                  },
                  "value",
                  6,
                  3
                ],
                [
                  {
                    "frame": 0.2
                  },
                  "value",
                  6,
                  4
                ],
                [
                  {
                    "frame": 0.25
                  },
                  "value",
                  6,
                  5
                ],
                [
                  {
                    "frame": 0.3
                  },
                  "value",
                  6,
                  6
                ],
                [
                  {
                    "frame": 0.35
                  },
                  "value",
                  6,
                  7
                ],
                [
                  {
                    "frame": 0.4
                  },
                  "value",
                  6,
                  8
                ],
                [
                  {
                    "frame": 0.45
                  },
                  "value",
                  6,
                  9
                ],
                [
                  {
                    "frame": 0.5
                  },
                  "value",
                  6,
                  10
                ],
                [
                  {
                    "frame": 0.55
                  },
                  "value",
                  6,
                  11
                ],
                [
                  {
                    "frame": 0.6
                  },
                  "value",
                  6,
                  12
                ],
                [
                  {
                    "frame": 0.65
                  },
                  "value",
                  6,
                  13
                ],
                [
                  {
                    "frame": 0.7
                  },
                  "value",
                  6,
                  14
                ]
              ],
              11,
              11,
              11,
              11,
              11,
              11,
              11,
              11,
              11,
              11,
              11,
              11,
              11,
              11,
              11
            ]
          ]
        ]
      ]
    ]
  ],
  0,
  0,
  [
    0,
    0,
    0,
    0,
    0,
    0,
    0,
    0,
    0,
    0,
    0,
    0,
    0,
    0,
    0
  ],
  [
    0,
    0,
    0,
    0,
    0,
    0,
    0,
    0,
    0,
    0,
    0,
    0,
    0,
    0,
    0
  ],
  [
    0,
    1,
    2,
    3,
    4,
    5,
    6,
    7,
    8,
    9,
    10,
    11,
    12,
    13,
    14
  ]
]