[1,["ecpdLyjvZBwrvm+cedCcQy","44Yl9ei/xIlpWcsJgkkYte","d9Vw83xfNHqIhYKYjCTEs6","64pwqNuKJLv5zz2JjvX+Nx","6fmpKoQ/JADJ0tOznY012P","6fq4z1ffNFl5v5bcw0+jX7","50zkJDWkVBtJ97LmyTBRCe","56Aath9ZNGkIyizse3pA4R","62E01n4y1CE4HFrDd00qC1","09ymPnYkBFsJPHGWPAQxNM","72ltz4Pr5N+pjtyUAHHwNx","e5iq8ne8xJ+oSvE/GbmKhj","2ceWTTPANIB5KZ70skkfJR","81OqZpRtVD/ZnyYEjJf05E","d0qC05vt5GxLaYyB/w3t//","98yeCAZm1CgpXVMbSpf8J9","da+otAquxBlI/R8O0tOKvN","14uT1vHtZPK629ghEdUS0n","fcKP3QCIxPT7TOdy9oZean","37yoEpahZERpO8xgc+N5PH","8eb9lyuG9JiIa2mjNPXPr+","26y9z2MR5OmIKwpu14stiT","b2aHrECZ5APKGS/0d2hvT1","20AfCdYvpItb7WKeKZe9Ap","8bvkcO6jRE5rd1PN0Pkv4r","96ojScJq1Ey4YMU09pmTfz","01WDErz5dOtoZVoRv1C4Dd","76gXl8K8lLUpQTRR2Iwcjv","30ZsNQ+hVMrKvdRU8UoUw/","5eUhn6pnZIqr70I8AbePWK","885h87wR1ByIgQHVe+CYMQ","47LfXTNedBhJ5sf0G+5l7j","37WjVKiFtG5pCNB9xbuIgc","43HvyOLX1LqIXSvfTcf5x3"],["node","_spriteFrame","_textureSetter","_defaultClip","root","label","btnThuThap","data","_parent","_file","atlas","spriteFrame"],[["cc.Node",["_name","_active","_opacity","_prefab","_parent","_contentSize","_components","_trs","_children","_anchorPoint"],0,4,1,5,9,7,2,5],"cc.SpriteFrame",["cc.Sprite",["_sizeMode","_dstBlendFactor","_isTrimmedMode","node","_materials","_spriteFrame"],0,1,3,6],["cc.PrefabInfo",["fileId","root","asset"],2,1,1],["cc.AnimationClip",["_name","_duration","curveData"],1,11],["cc.Prefab",["_name"],2],["cc.Node",["_name","_children","_components","_prefab","_contentSize","_trs"],2,2,2,4,5,7],["26ce5jN8xpMCoQtriGksOSt",["node","btnThuThap","label"],3,1,1,1],["cc.Animation",["playOnLoad","node","_clips","_defaultClip"],2,1,3,6],["cc.Button",["node"],3,1],["26495mkYd9K87r1dH28RUj3",["sample","speed","node","listFrame"],1,1,3],["cc.ParticleSystem",["_dstBlendFactor","_custom","totalParticles","emissionRate","angle","angleVar","startSize","startSizeVar","endSize","endSizeVar","_positionType","speed","speedVar","tangentialAccel","node","_materials","_startColor","_startColorVar","_endColor","_endColorVar","posVar","_file","_spriteFrame"],-11,1,3,8,8,8,8,5,6,6],["ef6cdgak0JA7Klp9LwbTgyF",["tempReplaceAtlas","isPrefix","_string","_maxWidth","_maxWidthSpecialChar","listFS","node"],-3,1],["cc.AnimationClip",["_name","_duration","wrapMode","curveData"],-1],["cc.ParticleAsset",["_name","_native"],1]],[[3,0,1,2,2],[0,0,4,6,3,5,7,2],[2,3,4,5,1],[0,0,4,8,3,5,9,7,2],[0,0,4,6,3,5,9,2],[2,1,3,4,5,2],[8,0,1,2,3,2],[2,0,3,4,5,2],[2,1,0,2,3,4,5,4],[0,0,2,4,6,3,5,7,3],[0,0,4,6,3,5,2],[2,1,0,3,4,5,3],[10,0,1,2,3,3],[4,0,1,2,3],[5,0,2],[0,0,8,6,3,5,2],[0,0,4,8,6,3,5,7,2],[0,0,4,8,6,3,5,2],[0,0,1,4,8,6,3,5,7,3],[0,0,4,8,3,7,2],[0,0,1,4,6,3,5,7,3],[0,0,4,6,3,7,2],[0,0,4,8,3,5,2],[6,0,1,2,3,4,5,2],[7,0,1,2,1],[3,1,2,1],[9,0,1],[11,0,1,2,3,4,5,6,7,8,9,10,11,12,13,14,15,16,17,18,19,20,21,22,15],[12,0,1,2,3,4,5,6,7],[4,0,2],[13,0,1,2,3,5],[14,0,1,3]],[[[{"name":"1d873e39-311d-4c8e-a0ea-b37ef3c0f156","rect":[0,0,540,779],"offset":[0,0],"originalSize":[540,779],"capInsets":[0,0,0,0]}],[1],0,[0],[2],[12]],[[{"name":"c791b4af-f23b-405a-9460-32a94af2e698","rect":[0,3,822,372],"offset":[-8,-1.5],"originalSize":[838,375],"capInsets":[0,0,0,0]}],[1],0,[0],[2],[13]],[[{"name":"atom","rect":[0,0,31,31],"offset":[0,0],"originalSize":[31,31],"capInsets":[0,0,0,0]}],[1],0,[0],[2],[14]],[[[14,"EndFreeSpinDuaXe"],[15,"EndFreeSpinDuaXe",[-6,-7,-8,-9,-10,-11,-12,-13,-14,-15,-16,-17,-18,-19],[[24,-4,-3,-2],[6,true,-5,[74],73]],[25,-1,0],[5,720,1280]],[23,"LbMonoSpace",[-21,-22,-23,-24,-25,-26,-27,-28,-29,-30],[-20],[0,"541ciTIeVDVZi61o1JkCtv",1,0],[5,800,0],[0,-20.328,0,0,0,0,1,0.85,0.85,1]],[16,"btnThuThap",1,[-34,-35],[[7,0,-31,[63],64],[26,-32],[6,true,-33,[66],65]],[0,"b8k8JaaaNCFYYcBNreylud",1,0],[5,458.52187,159.96],[0,-514.705,0,0,0,0,1,1,1,1]],[17,"Smoke",1,[-37,-38,-39,-40],[[6,true,-36,[15],14]],[0,"92qlJB/5tFXLFwY5suHloR",1,0],[5,100,100]],[18,"VongSang",false,1,[-42,-43],[[6,true,-41,[72],71]],[0,"d7bly6XBRFpLTj3vwBSpBl",1,0],[5,100,100],[0,142.043,0,0,0,0,1,1,1,1]],[9,"tw_vfx_f_screen_01",50,1,[[8,1,2,false,-44,[18],19],[12,3,3,-45,[20,21,22]]],[0,"b49bAvDllP+p7zp9GJ8oRr",1,0],[5,330,160],[-74.58,17.443,0,0,0,0,1,2.5,2.5,1]],[9,"tw_vfx_f_screen_02",50,1,[[8,1,2,false,-46,[23],24],[12,3,3,-47,[25,26,27]]],[0,"38B7Vdy6JFao7qngHQHGFm",1,0],[5,330,160],[66.514,17.443,0,0,0,0,1,-2.5,2.5,1]],[19,"Car",1,[-48,-49],[0,"47Ggx6oulJkpdfuh+zhNwd",1,0],[0,-399.529,0,0,0,0,1,1,1,1]],[10,"bg",1,[[7,0,-50,[0],1]],[0,"adqsBIUxJNb4n3POjgho7f",1,0],[5,719.982,1559.961]],[1,"466b5f7a-8c1b-4ca6-9084-9ef17aa8e884",1,[[8,1,2,false,-51,[2],3]],[0,"b0t3lJcNpGVL77jB6DYF58",1,0],[5,397,456],[23.502,-299.647,0,0,0,0,1,2,2,1]],[1,"firework",1,[[11,1,0,-52,[4],5]],[0,"e01zh5zhNKzbg2rvy4AyjU",1,0],[5,719.82,1038.407],[0,279.817,0,0,0,0,1,1,1,1]],[1,"up1",4,[[5,1,-53,[6],7]],[0,"7bAD2VnSBG5qoCtZgPZD+c",1,0],[5,766,202],[216.411,231.337,0,0,0,0,1,1.5,1.5,1]],[1,"up2",4,[[5,1,-54,[8],9]],[0,"035fagSA9EE4av7KnfCf7A",1,0],[5,766,202],[1360.43,231.337,0,0,0,0,1,1.5,1.5,1]],[1,"down1",4,[[5,1,-55,[10],11]],[0,"92AX1nj85OsJShv7jNYFaQ",1,0],[5,766,202],[-213.925,101.489,0,0,0,0,1,1.5,1.5,1]],[1,"down2",4,[[5,1,-56,[12],13]],[0,"cc31OVbkRJ1qE9oeysrqPZ",1,0],[5,766,202],[-1061.289,101.489,0,0,0,0,1,1.5,1.5,1]],[1,"tw",1,[[2,-57,[16],17]],[0,"47FnJcUhlMq4Zqm3bujN7+",1,0],[5,557,229],[0,166.011,0,0,0,0,1,1,1,1]],[1,"c791b4af-f23b-405a-9460-32a94af2e698",8,[[2,-58,[28],29]],[0,"29U3rN1P5LcL34jOWDMLN7",1,0],[5,822,372],[-20.726,135.122,0,0,0,0,1,1,1,1]],[1,"b9a8d293-7221-4616-a633-8c710bb1cee1",8,[[5,1,-59,[30],31]],[0,"4ebMLvpuBJU6IlSt0prnNl",1,0],[5,573,426],[-79.6,-109.45,0,0,0,0,1,2,2,1]],[20,"tw_vfx_b_add",false,1,[[5,1,-60,[32],33]],[0,"19zXWHV1VOaYdZ/BmV8zXc",1,0],[5,394,176],[9.475,12.457,0,0,0,0,1,10,10,1]],[21,"LaplanhParticle",1,[[27,1,true,15,100,0,0,30,70,40,40,1,0,0,0,-61,[34],[4,4294967295],[4,0],[4,2264924159],[4,4278190080],[0,300,400],35,36]],[0,"738jsR+3lE04PBtk+7J2gY",1,0],[-28.999,143.646,0,0,0,0,1,1,1,1]],[22,"totalWin",1,[2],[0,"5a9bx60qVACpGGQEReYEhg",1,0],[5,100,100]],[3,"1",2,[-62],[0,"4dqekcuRtFhoqynkf+lxpB",1,0],[5,85,0],[0,0.5,0],[-357.5,-10,0,0,0,0,1,1,1,1]],[4,"New Node",22,[[2,-63,[37],38]],[0,"bey7YJkXRNZKX73jmgLxTv",1,0],[5,88,134],[0,0.5,0]],[3,"0",2,[-64],[0,"baP+5756JI25wGT9NYBreU",1,0],[5,85,0],[0,0.5,0],[-272.5,-10,0,0,0,0,1,1,1,1]],[4,"New Node",24,[[2,-65,[39],40]],[0,"ccEn7A6uRCjJ0F4WK4/iXb",1,0],[5,120,134],[0,0.5,0]],[3,".",2,[-66],[0,"56mFeSv/tEEK4V6xdVqDN3",1,0],[5,60,0],[0,0.5,0],[-200,-10,0,0,0,0,1,1,1,1]],[4,"New Node",26,[[2,-67,[41],42]],[0,"8f9d3AwGVDMZsjNcNP3Cfn",1,0],[5,46,43],[0,0.5,0]],[3,"0",2,[-68],[0,"d7N7a+XEBMYLvT+782/0a0",1,0],[5,85,0],[0,0.5,0],[-127.5,-10,0,0,0,0,1,1,1,1]],[4,"New Node",28,[[2,-69,[43],44]],[0,"04+J6VeEhMI7C5McZFT/kV",1,0],[5,120,134],[0,0.5,0]],[3,"0",2,[-70],[0,"54u9vxnZJItZlpKOnANWRk",1,0],[5,85,0],[0,0.5,0],[-42.5,-10,0,0,0,0,1,1,1,1]],[4,"New Node",30,[[2,-71,[45],46]],[0,"f0CYlDycZH9pwuRfvoe6w6",1,0],[5,120,134],[0,0.5,0]],[3,"0",2,[-72],[0,"b6XrTZ/BpMCpVdv94WA/bJ",1,0],[5,85,0],[0,0.5,0],[42.5,-10,0,0,0,0,1,1,1,1]],[4,"New Node",32,[[2,-73,[47],48]],[0,"a6CAqT1sVAaLsGjyChXkLh",1,0],[5,120,134],[0,0.5,0]],[3,".",2,[-74],[0,"d7aqx7NCRDUrwloPzLwzh7",1,0],[5,60,0],[0,0.5,0],[115,-10,0,0,0,0,1,1,1,1]],[4,"New Node",34,[[2,-75,[49],50]],[0,"e0DiTt7JRDbr7zsXAKKBn2",1,0],[5,46,43],[0,0.5,0]],[3,"0",2,[-76],[0,"a7A94YwJVMCYhe2m9y0nsO",1,0],[5,85,0],[0,0.5,0],[187.5,-10,0,0,0,0,1,1,1,1]],[4,"New Node",36,[[2,-77,[51],52]],[0,"e1vTf+sIhMC5vaL/xysKhm",1,0],[5,120,134],[0,0.5,0]],[3,"0",2,[-78],[0,"3a3/e72DBMMbY4MC9iTJYg",1,0],[5,85,0],[0,0.5,0],[272.5,-10,0,0,0,0,1,1,1,1]],[4,"New Node",38,[[2,-79,[53],54]],[0,"ebk0k6lSVKQKCnVNAUAkKu",1,0],[5,120,134],[0,0.5,0]],[3,"0",2,[-80],[0,"c4hyG99rZPD7/QmZkga89p",1,0],[5,85,0],[0,0.5,0],[357.5,-10,0,0,0,0,1,1,1,1]],[4,"New Node",40,[[2,-81,[55],56]],[0,"a765TH1WNGupA5lXM+3/vb",1,0],[5,120,134],[0,0.5,0]],[28,"bw_",true,"10.000.000",85,60,[null,null,null,null,null,null,null,null,null,null,null,null],2],[1,"tw_vfx_d_screen_01",1,[[5,1,-82,[57],58]],[0,"86Cf0LRsZKV4ABfbt+sbHm",1,0],[5,576,188],[-31.128,12.608,0,0,0,0,1,6,6,1]],[1,"bl_button_screen",3,[[11,1,0,-83,[59],60]],[0,"e1Cjg7uDxA+7EaWJuSVoag",1,0],[5,326,180.776],[0,-2.193,0,0,0,0,1,1,1,1]],[10,"btn_collect",3,[[7,2,-84,[61],62]],[0,"b4ioUc3xZBZbX2MZMMJZJW",1,0],[5,228,68]],[1,"tw_vfx_a_screen",5,[[5,1,-85,[67],68]],[0,"cdJqj+z3FHA6sxGfxO8Mjv",1,0],[5,324,150],[0,80,0,0,0,0,1,2.5,2.5,1]],[1,"tw_vfx_a_screen-001",5,[[5,1,-86,[69],70]],[0,"24ln//afFAy6pzGt75lDvW",1,0],[5,324,150],[0,-80,0,0,0,0,1,-2.5,-2.5,1]]],0,[0,4,1,0,5,42,0,6,3,0,0,1,0,0,1,0,-1,9,0,-2,10,0,-3,11,0,-4,4,0,-5,16,0,-6,6,0,-7,7,0,-8,8,0,-9,19,0,-10,20,0,-11,21,0,-12,43,0,-13,3,0,-14,5,0,-1,42,0,-1,22,0,-2,24,0,-3,26,0,-4,28,0,-5,30,0,-6,32,0,-7,34,0,-8,36,0,-9,38,0,-10,40,0,0,3,0,0,3,0,0,3,0,-1,44,0,-2,45,0,0,4,0,-1,12,0,-2,13,0,-3,14,0,-4,15,0,0,5,0,-1,46,0,-2,47,0,0,6,0,0,6,0,0,7,0,0,7,0,-1,17,0,-2,18,0,0,9,0,0,10,0,0,11,0,0,12,0,0,13,0,0,14,0,0,15,0,0,16,0,0,17,0,0,18,0,0,19,0,0,20,0,-1,23,0,0,23,0,-1,25,0,0,25,0,-1,27,0,0,27,0,-1,29,0,0,29,0,-1,31,0,0,31,0,-1,33,0,0,33,0,-1,35,0,0,35,0,-1,37,0,0,37,0,-1,39,0,0,39,0,-1,41,0,0,41,0,0,43,0,0,44,0,0,45,0,0,46,0,0,47,0,7,1,2,8,21,86],[0,0,0,0,0,0,0,0,0,0,0,0,0,0,0,0,0,0,0,0,0,0,0,0,0,0,0,0,0,0,0,0,0,0,0,0,0,0,0,0,0,0,0,0,0,0,0,0,0,0,0,0,0,0,0,0,0,0,0,0,0,0,0,0,0,0,0,0,0,0,0,0,0,0,0,42],[-1,1,-1,1,-1,1,-1,1,-1,1,-1,1,-1,1,3,-1,-1,1,-1,1,-1,-2,-3,-1,1,-1,-2,-3,-1,1,-1,1,-1,1,-1,9,1,-1,1,-1,1,-1,1,-1,1,-1,1,-1,1,-1,1,-1,1,-1,1,-1,1,-1,1,-1,1,-1,1,-1,1,3,-1,-1,1,-1,1,3,-1,3,-1,10],[0,15,0,16,0,17,0,2,0,2,0,2,0,2,4,4,0,18,0,3,5,3,6,0,3,5,3,6,0,19,0,20,0,21,0,22,23,0,24,0,1,0,7,0,1,0,1,0,1,0,7,0,1,0,1,0,1,0,25,0,26,0,27,0,28,8,8,0,9,0,9,10,10,11,11,29]],[[[13,"ButtonCollect",0.5,[{"paths":{"bl_button_screen":{"props":{"opacity":[{"frame":0,"value":255},{"frame":0.3333333333333333,"value":255},{"frame":0.5,"value":0}]}}}},"props",11,[{},"scale",12,[[[{"frame":0},"value",8,[1,0,0,1]],[{"frame":0.3333333333333333},"value",8,[1,1.1,1.1,1]],[{"frame":0.5},"value",8,[1,1,1,1]]],11,11,11]]]]],0,0,[],[],[]],[[[30,"SmokeEndFree",6.666666666666667,2,{"paths":{"up1":{"props":{"position":[{"frame":0,"value":[216.410995,231.337,0]},{"frame":3.9833333333333334,"value":[-1208.271043,231.337,0]},{"frame":4,"value":[-1214.232056,231.337,0]},{"frame":4.016666666666667,"value":[1278.55603,231.337,0]},{"frame":4.033333333333333,"value":[1082.050049,231.337,0]},{"frame":6.666666666666667,"value":[214.925995,231.337,0]}],"active":[{"frame":0,"value":true},{"frame":4,"value":true},{"frame":4.016666666666667,"value":false},{"frame":4.033333333333333,"value":true}]}},"up2":{"props":{"position":[{"frame":0,"value":[1360.430054,231.337,0]},{"frame":4,"value":[-65.655998,231.337,0]},{"frame":6.666666666666667,"value":[-932.780029,231.337,0]}]}},"down1":{"props":{"position":[{"frame":0,"value":[-213.925003,101.489,0]},{"frame":4,"value":[1359.647949,101.489,0]},{"frame":4.033333333333333,"value":[-927.346985,101.489,0]},{"frame":6.666666666666667,"value":[-214.830002,101.489,0]}],"active":[{"frame":0,"value":true},{"frame":4.016666666666667,"value":false},{"frame":4.033333333333333,"value":true}]}},"down2":{"props":{"active":[],"position":[{"frame":0,"value":[-1359.735962,101.489,0]},{"frame":4,"value":[213.837006,101.489,0]},{"frame":6.666666666666667,"value":[933.88501,101.489,0]}]}}}}]],0,0,[],[],[]],[[[13,"VongSangEndFree",0.5,[{},"paths",11,[{},"tw_vfx_a_screen",11,[{},"props",11,[{"opacity":[{"frame":0,"value":255},{"frame":0.5,"value":0}],"position":[{"frame":0,"value":[0,80,0]},{"frame":0.5,"value":[0,280,0]}]},"scale",12,[[[{"frame":0},"value",8,[1,2.5,2.5,1]],[{"frame":0.5},"value",8,[1,3.5,3.5,1]]],11,11]]],"tw_vfx_a_screen-001",11,[{},"props",11,[{"opacity":[{"frame":0,"value":255},{"frame":0.5,"value":0}],"position":[{"frame":0,"value":[0,-80,0]},{"frame":0.5,"value":[0,-280,0]}]},"scale",12,[[[{"frame":0},"value",8,[1,-2.5,-2.5,1]],[{"frame":0.5},"value",8,[1,-3.5,-3.5,1]]],11,11]]]]]]],0,0,[],[],[]],[[{"name":"b9a8d293-7221-4616-a633-8c710bb1cee1","rect":[0,0,573,426],"offset":[0,0],"originalSize":[573,426],"capInsets":[0,0,0,0]}],[1],0,[0],[2],[30]],[[[31,"atom",".plist"],-1],0,0,[0],[11],[31]],[[{"name":"4cbf7a99-f58b-4230-be32-cbdb54b8d79c","rect":[0,0,766,202],"offset":[0,0],"originalSize":[766,202],"capInsets":[0,0,0,0]}],[1],0,[0],[2],[32]],[[{"name":"466b5f7a-8c1b-4ca6-9084-9ef17aa8e884","rect":[0,0,397,456],"offset":[0,0],"originalSize":[397,456],"capInsets":[0,0,0,0]}],[1],0,[0],[2],[33]],[[[29,"EndFreeSpin"]],0,0,[],[],[]]]]