[1,0,0,[["cc.AnimationClip",["_name","_duration","sample","curveData"],-1]],[[0,0,1,2,3,5]],[[0,"SpinCard",0.2,10,{"paths":{"Card1/ImgSpin":{"props":{"active":[{"frame":0,"value":false},{"frame":0.2,"value":true}]}},"Card2/ImgSpin":{"props":{"active":[{"frame":0,"value":false},{"frame":0.2,"value":true}]}},"Card3/ImgSpin":{"props":{"active":[{"frame":0,"value":false},{"frame":0.2,"value":true}]}},"Card4/ImgSpin":{"props":{"active":[{"frame":0,"value":false},{"frame":0.2,"value":true}]}},"Card5/ImgSpin":{"props":{"active":[{"frame":0,"value":false},{"frame":0.2,"value":true}]}}}}]],0,0,[],[],[]]