{"paths":{"0":["Atlas/Alats73",1],"1":["audio/symWildSpawn",8],"2":["audio/bgm_bigwin_main",8],"3":["Spine/l_q_atlas_symbols",6],"4":["Atlas/Alats41",1],"5":["Spine/h_greencocktail_b_atlas_symbols",6],"6":["Sprites/6",1],"7":["Spine/h_shot_b_atlas_symbols",6],"8":["Atlas/Alats2",1],"9":["Atlas/Alats12",1],"10":["Spine/h_shot_d_atlas_symbols",6],"11":["Atlas/Alats52",1],"12":["Atlas/Alats8",1],"13":["Spine/h_peachcocktail_a_atlas_symbols",6],"14":["Spine/h_bluecocktail_d_atlas_symbols",6],"15":["Atlas/Alats59",1],"16":["audio/symWildActivate",8],"17":["Atlas/Alats36",1],"18":["Spine/h_xobottle_c_atlas_symbols",6],"19":["Particle/PaperParticle-003",4],"20":["Sprites/4",1],"21":["Atlas/Alats77",1],"22":["Atlas/Alats20",1],"23":["Spine/h_bluecocktail_a_atlas_symbols",6],"24":["audio/featureBuyStart",8],"25":["audio/heartbeatSlowdrop",8],"26":["audio/list_item_click",8],"27":["audio/shakerStop",8],"28":["Spine/s_wild_a_atlas_specials",6],"29":["Atlas/Alats3",1],"30":["Spine/specials2",1],"31":["Atlas/Alats53",1],"32":["Spine/h_xoglass_a_atlas_symbols",6],"33":["Spine/s_wild_d_atlas_specials",6],"34":["Sprites/3",1],"35":["Spine/h_greencocktail_c_atlas_symbols",6],"36":["Atlas/Alats2",2],"37":["Spine/l_a_atlas_symbols",7],"38":["Atlas/Alats29",2],"39":["Atlas/Alats50",2],"40":["Sprites/BottleBar",3,1],"41":["Atlas/Alats69",2],"42":["Animation/TakeSymbol/TakeSymbol2_End",0],"43":["Atlas/Alats54",2],"44":["Atlas/Alats38",2],"45":["Atlas/Alats22",2],"46":["Atlas/Alats66",2],"47":["Spine/h_xobottle_b_atlas_symbols",7],"48":["Prefabs/TakeSymbol2",5],"49":["Spine/h_greencocktail_a_atlas_symbols",7],"50":["Atlas/Alats71",2],"51":["Animation/BigWin/Bigwin_Loop",0],"52":["Animation/TakeSymbol/TakeSymbol4",0],"53":["Spine/h_shot_b_atlas_symbols",7],"54":["Atlas/Alats27",2],"55":["Spine/h_xoglass_c_atlas_symbols",7],"56":["Animation/SuperWin/SuperWin_Show",0],"57":["Prefabs/TakeSymbol3",5],"58":["Prefabs/EffectRemoveItem3",5],"59":["Atlas/Alats59",2],"60":["Spine/symbols",3,1],"61":["Animation/NearFS",0],"62":["Atlas/Alats34",2],"63":["Sprites/3",3,1],"64":["Spine/h_bluecocktail_b_atlas_symbols",7],"65":["Atlas/Alats41",2],"66":["Prefabs/CachChoi",5],"67":["Animation/BigWin/bw_vfx_f_screen_01_00",0],"68":["Atlas/Alats61",2],"69":["Prefabs/TakeWild",5],"70":["Atlas/Alats58",2],"71":["Prefabs/NearFS",5],"121":["Atlas/Alats34",1],"122":["Spine/h_xobottle_b_atlas_symbols",6],"123":["Atlas/Alats71",1],"124":["Spine/h_shot_a_atlas_symbols",6],"125":["Atlas/Alats26",1],"126":["Atlas/Alats60",1],"127":["Atlas/Alats70",1],"128":["audio/fastspinEnd",8],"129":["Atlas/Alats23",1],"130":["Atlas/Alats58",1],"131":["Spine/h_xoglass_c_atlas_symbols",6],"132":["Spine/h_peachcocktail_b_atlas_symbols",6],"133":["Atlas/Alats64",1],"134":["Atlas/Alats13",1],"135":["Atlas/Alats16",1],"136":["audio/fsWonRemainingIncrease",8],"137":["Spine/h_greencocktail_a_atlas_symbols",6],"138":["audio/featureBuyHover",8],"139":["Atlas/Alats19",1],"140":["audio/spinBtn",8],"141":["Atlas/Alats56",1],"142":["audio/scatterWinHighlight",8],"143":["Spine/h_peachcocktail_c_atlas_symbols",6],"144":["Atlas/Alats42",1],"145":["Atlas/Alats7",1],"146":["Img/0c39eb79-3f45-437e-9438-65b50d8306f5",1],"147":["audio/uiInfo",8],"148":["Atlas/Alats74",1],"149":["Atlas/Alats65",1],"150":["Spine/h_greencocktail_d_atlas_symbols",6],"151":["Atlas/Alats67",1],"152":["audio/heartbeatNoise",8],"153":["Atlas/Alats44",1],"154":["Atlas/Alats66",1],"155":["audio/fsWonTitle",8],"156":["Atlas/Alats4",1],"157":["Spine/h_xoglass_b_atlas_symbols",6],"158":["Sprites/1",1],"159":["audio/fsSpin",8],"160":["Spine/l_10_atlas_symbols",6],"161":["Spine/specials4",1],"162":["audio/bgm_totalwin_main",8],"163":["Atlas/Alats43",1],"164":["Particle/ParticleLigh",4],"165":["Atlas/Alats22",1],"166":["audio/spinStop",8],"167":["audio/spinStopQuick",8],"168":["audio/bgm_bigwin_end",8],"169":["Atlas/Alats69",1],"170":["Spine/s_scatter_a_atlas_specials",6],"171":["Atlas/Alats24",1],"172":["audio/totalwinShine",8],"173":["Sprites/2",1],"174":["Spine/h_xobottle_a_atlas_symbols",6],"175":["Spine/s_scatter_c_atlas_specials",6],"176":["Spine/specials",1],"177":["Sprites/bgItem",1],"178":["audio/featureBuyCancel",8],"179":["audio/prizeInfobarTotalwinMedMain",8],"180":["audio/bgm_mg",8],"181":["Atlas/Alats38",1],"182":["Atlas/Alats46",1],"183":["Atlas/Alats29",1],"184":["Atlas/Alats76",1],"185":["audio/bgm_totalwin_end",8],"186":["Atlas/Alats39",1],"187":["Atlas/Alats61",1],"188":["audio/menu_icon_press",8],"189":["Atlas/Alats27",1],"190":["Spine/h_xoglass_d_atlas_symbols",6],"191":["Spine/l_j_atlas_symbols",6],"192":["Atlas/Alats28",1],"193":["Atlas/Alats6",1],"194":["Atlas/Alats51",1],"195":["Atlas/Alats75",1],"196":["Spine/l_a_atlas_symbols",6],"197":["audio/symScatter",8],"198":["Spine/s_wild_c_atlas_specials",6],"199":["audio/symShrink",8],"200":["Atlas/Alats37",1],"201":["Animation/TakeSymbol/TakeSymbol1_End",0],"202":["Animation/MegaWin/MegaWin_Show",0],"203":["Animation/TakeSymbol/TakeSymbol2",0],"204":["Animation/Symbol/BgScatterHide",0],"205":["Atlas/Alats8",2],"206":["Prefabs/BigWin",5],"207":["Atlas/Alats15",2],"208":["Sprites/launch",3,1],"209":["Atlas/Alats16",2],"210":["Prefabs/EffectRemoveItem4",5],"211":["Spine/l_10_atlas_symbols",7],"212":["Animation/Bottle/BottleReset",0],"213":["Atlas/Alats46",2],"214":["Spine/h_greencocktail_d_atlas_symbols",7],"215":["Prefabs/EndFreeSpin",5],"216":["Spine/specials3",3,1],"217":["Atlas/Alats36",2],"218":["Animation/TakeSymbol/TakeSymbol1",0],"219":["Atlas/Alats25",2],"220":["Spine/h_bluecocktail_c_atlas_symbols",7],"221":["Animation/InfoBar/MegaWin",0],"222":["Animation/CoinFalling/Coin",0],"223":["Atlas/Alats43",2],"224":["Atlas/Alats47",2],"225":["Atlas/Alats37",2],"226":["Spine/h_greencocktail_b_atlas_symbols",7],"227":["Animation/LineContainer",0],"228":["Spine/h_bluecocktail_a_atlas_symbols",7],"229":["Prefabs/ShowFreeSpin",5],"230":["Sprites/bgItem",3,1],"231":["Spine/specials",3,1],"232":["Atlas/Alats73",2],"233":["Spine/h_xobottle_c_atlas_symbols",7],"234":["Atlas/Alats11",2],"235":["Animation/InfoBar/WinNormal",0],"236":["Animation/Symbol/BgScatter",0],"237":["Spine/specials4",3,1],"238":["Animation/InfoBar/NormalWin",0],"239":["Prefabs/TakeSymbol4",5],"240":["Atlas/Alats52",2],"241":["Animation/TakeSymbol/wh_vfx_b_screen",0],"242":["Sprites/1",3,1],"243":["Animation/Bottle/BotleNormalGold",0],"244":["Animation/Bottle/BotleNormal",0],"245":["Spine/specials2",3,1],"246":["Animation/Bottle/TakeBotleGold",0],"247":["Atlas/Alats10",2],"248":["Spine/h_peachcocktail_d_atlas_symbols",7],"249":["Spine/s_scatter_c_atlas_specials",7],"250":["Atlas/Alats30",2],"252":["Spine/h_peachcocktail_b_atlas_symbols",7],"253":["Atlas/Alats63",2],"254":["Atlas/Alats19",2],"255":["Sprites/2",3,1],"256":["Spine/h_xobottle_d_atlas_symbols",7],"257":["Animation/Bottle/TakeBottle",0],"258":["Prefabs/ItemSymbol",5],"259":["Sprites/5",3,1],"260":["Atlas/Alats20",2],"261":["Atlas/Alats72",2],"262":["Spine/h_xobottle_a_atlas_symbols",7],"372":["Spine/h_bluecocktail_c_atlas_symbols",6],"373":["Atlas/Alats55",1],"374":["audio/multiCombine",8],"375":["audio/wallet_counting_above",8],"376":["audio/prizeInfobarTotalwin",8],"377":["Spine/specials3",1],"378":["Atlas/Alats48",1],"379":["audio/spinActiveLoop",8],"380":["Atlas/Alats15",1],"381":["Atlas/Alats33",1],"382":["Atlas/Alats49",1],"383":["Sprites/5",1],"384":["Atlas/Alats18",1],"385":["Atlas/Alats5",1],"386":["Atlas/Alats10",1],"387":["Spine/h_shot_c_atlas_symbols",6],"388":["Atlas/Alats57",1],"389":["Sprites/launch",1],"390":["Atlas/Alats68",1],"391":["audio/fsTrans",8],"392":["Atlas/Alats50",1],"393":["Atlas/Alats45",1],"394":["Atlas/Alats21",1],"395":["audio/fastspinStart",8],"396":["Atlas/Alats54",1],"397":["Atlas/Alats14",1],"398":["Spine/h_bluecocktail_b_atlas_symbols",6],"399":["Atlas/Alats63",1],"400":["Atlas/Alats30",1],"401":["audio/uiStart",8],"402":["Atlas/Alats47",1],"403":["Spine/h_xobottle_d_atlas_symbols",6],"404":["audio/heartbeat",8],"405":["audio/prizeSmallwin",8],"406":["audio/shakerMove",8],"407":["Atlas/Alats62",1],"408":["audio/multiActivate",8],"409":["Atlas/Alats40",1],"410":["Atlas/Alats35",1],"411":["Animation/FreeSpin/LightOnTop",0],"412":["Spine/h_shot_a_atlas_symbols",7],"414":["Atlas/Alats45",2],"415":["Atlas/Alats51",2],"416":["Atlas/Alats35",2],"417":["Atlas/Alats57",2],"418":["Spine/l_k_atlas_symbols",7],"419":["Sprites/6",3,1],"420":["Animation/InfoBar/BigWin",0],"421":["Spine/h_xoglass_a_atlas_symbols",7],"422":["Atlas/Alats65",2],"423":["Animation/MegaWin/MegaWin_Loop",0],"424":["Atlas/Alats23",2],"425":["Atlas/Alats49",2],"426":["Spine/h_peachcocktail_a_atlas_symbols",7],"427":["Atlas/Alats48",2],"428":["Animation/FreeSpin/fspin_vfx_d_screen_00",0],"429":["Atlas/Alats31",2],"430":["Spine/s_wild_b_atlas_specials",7],"431":["Animation/SuperWin/SuperWin_Loop",0],"432":["Atlas/Alats5",2],"433":["Animation/TakeWild/TakeWild",0],"434":["Animation/FreeSpin/ShowFreeSpin",0],"435":["Atlas/Alats55",2],"436":["Spine/h_greencocktail_c_atlas_symbols",7],"437":["Atlas/Alats64",2],"438":["Prefabs/TakeSymbol1",5],"439":["Atlas/Alats70",2],"440":["Spine/l_j_atlas_symbols",7],"441":["Prefabs/NearFSItem",5],"442":["Atlas/Alats9",2],"443":["Prefabs/LichSu",5],"444":["Atlas/Alats28",2],"445":["Spine/l_q_atlas_symbols",7],"446":["Prefabs/EffectRemoveItem2",5],"447":["Atlas/Alats39",2],"448":["Atlas/Alats14",2],"449":["Atlas/Alats53",2],"450":["Atlas/Alats44",2],"451":["Animation/TakeSymbol/TakeSymbol4_End",0],"452":["Spine/h_xoglass_b_atlas_symbols",7],"453":["Atlas/Alats77",2],"454":["Atlas/Alats3",2],"455":["Atlas/Alats6",2],"456":["Animation/FreeSpin/EndFreeSpin",0],"457":["Animation/ButtonSpin/ButtonSpin_State_Normal",0],"458":["Atlas/Alats75",2],"459":["Spine/s_wild_a_atlas_specials",7],"533":["audio/uiCollect",8],"534":["audio/bgm_fs",8],"535":["audio/prizeSmallwinMultiplied",8],"536":["Atlas/Alats17",1],"537":["Spine/l_k_atlas_symbols",6],"538":["Atlas/Alats32",1],"539":["Spine/h_peachcocktail_d_atlas_symbols",6],"540":["Spine/s_scatter_d_atlas_specials",7],"541":["Atlas/Alats13",2],"542":["Atlas/Alats26",2],"543":["Spine/h_shot_d_atlas_symbols",7],"544":["Spine/h_shot_c_atlas_symbols",7],"545":["Animation/InfoBar/Alats9-ib_bar_a_mask",0],"921":["Atlas/Alats25",1],"922":["Spine/s_scatter_d_atlas_specials",6],"923":["Sprites/BottleBar",1],"924":["audio/featureBuyBtn",8],"925":["Spine/s_scatter_b_atlas_specials",6],"926":["Atlas/Alats31",1],"927":["Atlas/Alats9",1],"928":["audio/symCollapse",8],"929":["Atlas/Alats72",1],"930":["audio/prizeInfobarTotalwinMedEnd",8],"931":["Spine/symbols",1],"932":["audio/slider_effect",8],"933":["Spine/s_wild_b_atlas_specials",6],"934":["Atlas/Alats11",1],"935":["Atlas/Alats67",2],"936":["Atlas/Alats40",2],"937":["Atlas/Alats7",2],"938":["Animation/AbientLightTop/AmbientTop",0],"939":["Spine/h_xoglass_d_atlas_symbols",7],"940":["Atlas/Alats18",2],"941":["Spine/s_wild_c_atlas_specials",7],"942":["Sprites/4",3,1],"943":["Spine/s_scatter_b_atlas_specials",7],"944":["Spine/h_bluecocktail_d_atlas_symbols",7],"945":["Animation/TakeSymbol/TakeSymbol3_End",0],"946":["Spine/h_peachcocktail_c_atlas_symbols",7],"947":["Atlas/Alats60",2],"948":["Atlas/Alats62",2],"949":["Atlas/Alats17",2],"950":["Animation/FreeSpin/FreeSpinLeftBottom",0],"951":["Atlas/Alats12",2],"952":["Animation/InfoBar/NormalState",0],"953":["Atlas/Alats68",2],"954":["Spine/s_wild_d_atlas_specials",7],"955":["Animation/NearWinNoSap",0],"956":["Atlas/Alats56",2],"957":["Prefabs/NodeAddScatter",5],"958":["Img/0c39eb79-3f45-437e-9438-65b50d8306f5",3,1],"960":["Prefabs/MultiBottle",5],"961":["Spine/s_scatter_a_atlas_specials",7],"962":["Atlas/Alats4",2],"963":["Prefabs/EffectRemoveItem1",5],"964":["Atlas/Alats32",2],"965":["Atlas/Alats24",2],"966":["Atlas/Alats76",2],"967":["Atlas/Alats33",2],"968":["Animation/TakeSymbol/TakeSymbol3",0],"969":["Atlas/Alats42",2],"970":["Animation/ButtonSpin/ButtonSpin_Click",0],"971":["Animation/AmbientPurple",0],"972":["Atlas/Alats74",2],"973":["Atlas/Alats21",2],"974":["Animation/BigWin/Bigwin_Show",0]},"types":["cc.AnimationClip","cc.Texture2D","cc.SpriteAtlas","cc.SpriteFrame","cc.ParticleAsset","cc.Prefab","cc.Asset","sp.SkeletonData","cc.AudioClip"],"uuids":["017Bsn+TJL+IZEceXRaqe/","041F8NFEFHsoHNkLGcpI77","06oWiLhB1AaarrgDnBf2lM","06970Ho7tKga7T2KKz9t+y","078TZTU+ZP/qJn7QK0061c","079BDrWctBiJbDSusl3zpB","08ZsMbAWRI5ICiu2uKZfdk","09dfD9d+dFm60pmekyvlWT","0aHb4Tsu5NGIFOvhQPH8hx","0dj6P+kr1BlITbzmPcyeg+","11WbfVHvxEAKEOP63Ej1/R","18IwtNB+VB8Zn3FQq7vitQ","19j6iXxVZPe4QZRwAGZ0bN","19/+HJZ9BIILuSjcShtARM","1ctjQ61FNIF4xzEh4dhkqc","1dXop9RVtJRYf5fKgSzapU","21l2+p9UpP3rVpVBubiHgU","25EN5PHp1CYb+UZ9qwQ2ta","25X68mZANJCoyhNk4X/nUi","25auqy5tZElJl+XDjghM+9","25bnn2GHhOZKLjyl5c6TRb","25jP9roGtPDaSaNhpZz/V7","2666Xc3hpI76LN5Z0BrYrE","27NcbZyY5ByZc6dSAVO7lo","29YlF95M9IMbm9VDPoH66X","29yopnJABKlI5aB/tiEMZB","30RwHcoJxF4K4LiRUk2h3p","31k8pCNUlFGrF7EtG2mR2m","32neoCH/FPfr/8nXfiBs0Q","32vTMnJO9Bb6aOb0EWpZWJ","33xhCCMfVMw5yuVjafex4P","34nPiUfA5A94KmuFDFsRFm","35RuySHFJAj7sf3ehB1SzL","35vHGWwZtPcaaU1OLriwXz","38ckCQ8MdD76U6OqGL9NNt","3a7l8jT79IbLO6DUJF+Bld","02MK5863pHjoy4cMPgMcNP","06iExCS6tGe72+o3xgIQRF","07R/9fCnhOKJjly4gI58JI","0b4ueFt4BEqLEHbS0DTqR8","0c+atCy1BPvY8PunPijRnV","0etCYgH2pAj4+9lmAnUH7O","11jF9xcdtBl7AaWqyzEnVv","114IaceUZNQaVWBlmkdn5j","1329IBTuBIT5CN5Ah+v2qB","14LZOxIrtHobMZt0PufT0Y","16fBn0CphG+7Cr5RqimQ/M","17V3lpFL5CtL+u0npyfwUs","183Y43a41Jtq+nwOo0cDhn","19XaV0q2ZBKaYUbaWQchMt","1dl+pO1u1Czp5BRHFJva7H","1eckag3PJMobhMQLjT2KJs","1es3ok0k1CCZ+IE8rv8GMe","23V9j10m1ARZvUXAKWT08d","23rRxAb7VDkYDmgPle+dHc","281ko81xhBRqhtOEYzm4bL","29EieM+DFDh7Pi0xBkFv1B","29qxDxA4JJ6YpqOnp6gg5v","2a1L0XMiBNP4j/g484TqDQ","2fYmFZGAxA07XMx3TdHjiC","30A8xjUMtD57rTcKietjcI","30to+qWHxJoIxph98U6gDe","31IrJfVO9C1416+t0aBL0U","32NnEwI6RACpMv87t7Kra7","33MQy7z8xPJqIZ2/mv+H6o","33hviAEZBEXLG9WxpwUd2F","34Q/ExV1xMdraCfeh6e7tb","366qZR3e9FsqpOSXMm6NBh","37IrfEmmVDtoEmdFqJ8hsN","37lhu5zpJHirttZvsqBCVj","38VTfIBnZDkYtsi2/0a0kV","399eJLJlFDTbTWg+aa9hzg","00WqBFGilLrZmFxC65kw6e","00bO9/cPFL+KF0tHFUhwVU","0035uDyj5DlLmm4MbP8xjy","01BdrvFP5E1p5smUt+N287","01XrRWaYFBK7mZY1bRH34d","01u0i5XrZNbKe8I5Va/V9K","01wk/0qCtEoYT2UCNHFWYO","01+UqynNlAaIEV7xCaoTUR","02A+jeqwlJ3aHz2il2jk7h","02PfOBEhhMyKrzd0uqT6HG","02QYw5geRIdrzbLx9XxWsD","02QaS5I4NHZZzrt8u9oQwL","021LMrEBJMPqGf6GHMbSZy","0284hmb4JMn4X0jPsJ8K2R","03OTzDUIFK2pTyDKWZmDbk","03Ydz/6ZFG4aDtAqdcaEt9","03ZBtrSMRA8o6dRb2TVYg5","03hhMSfDNL9pX9mafeuAT1","03iELXTLFHv5OXtLYV+/GX","03kL/aBItOrasR7S7qvegR","03lEbnggpGsIHwh9CD4p4I","03zsSNtDJBu5Kk4hifDS3r","030vFdjSdLFKcy/BtWSOHR","034iugsglMob2+Vl8jleaR","035fgtMMxJi6qIgFDXdGSR","04MuolEeFPhZ9CxXBiJ5OY","04dkDMwUZLOLvCrM54SIAb","04wmii5aRKxJJhC4g7af89","042B2GZQJLla3vHDT7zqlV","05KeAPB0RN66xe1aXRYgO0","05YttX1ExG6JYklIIgjEom","05iGUWoqlFFY23GLSN1Gf1","05mqR3iNdIHrwd8knAus2U","05o7O3YopHfZjmWFzlWG6f","06PSaavplAFKQw13ZLUUL1","06fwmQ2RtI+pgyr0/BknwR","06hFsKCBVISo5OkGe9iuad","06hOhigXNIeJGSd6BIV1Xh","06ohclwKhJO4yPT/ELkbnb","06wdfnSp9CWZ4QAd6xzN1U","06/E1S5l1KTZqSdij0QGjh","07IMcXUzxPgrdyySUGHOCx","07g1TgPYtM5qvzZodk9oi9","07ll32v1BM/7yvv1XkYcXI","07mKoZWw1As68D48rKVddg","07xRtDaxFNU59eyIU9/B87","077gefFA1LJqypbJJ65eio","077oTOwxlKh4saxYKbsJA+","0866c31b-0164-48e4-80a2-bb6b8a65f764@6c48a","83NprbnzFPCoIS3imjPU5t","838iIwONlKUpqUVmBLvjOB","84Dle7x6tDaKT/QNbvg54i","85T6uBv3pPlYQB9PkziCmv","88cfipZFdPm6JI09obQXdr","88vdrhOYNO97gSP21Kl4V+","89HYjK4xNKl6O66vxpOTU3","89yhM3U8lH+bis8ES4FcZC","8af7FaF55OCas12YSp/k9+","8bAbbm8nBNM5M4vtTIczYZ","8btNimQAlON6pUfzr2+9pi","93JffjptJEeL2pcBmOtK/Y","93k9tIvMBOd62wLC1Npmrf","94UZQNrOdNQ5iVsmZ7mAEF","98B8Hcb6JK97JiMJXkTszQ","997SwRJ3hPSKEsgY6EnZk1","9aVJg9CX9CQodDISSonk8Q","9bKMsEoi9MFJh1/zEnE7hJ","9bQPeXU+lLy5J+mfvwyOEc","9bZrdFNj1G/JD2OC3Wjjua","9cUhxcsftNlKFex42Zg3Kt","9dqt6YCT5Mi5jwZpW1lohW","9f+CNnJa9OaJLeU1WFA+Zw","a0tOpoJ+FL050cXu13GaTM","a1cd/dDAlOCokW9tylRMPH","a2F0fvKTBAMKe06nmxGkW9","a212LjMadNTp/PX/DsITg7","a2906+7hJDEZl8coFku84Z","a3hZPQPJhPqLWi2EV4AvbC","a3mKa1Pi9EgoC/cqs+ogfQ","a3n/m9aeVAp6DGUbFouJaT","a4GQpBnw5Eao/3+VFfeYCF","a4XqZDJCxLVaeC3c3cbq/b","a8Qh5xUbZIjIN1IOIkz8Lj","a88zlg1E1Khobw6mj+/cYX","ac2Sz6Oh1Mxp+UF3xGsh26","b0glYnIbNLjq3GPPS9fIIg","b1nbfGcMBPxoyoNLHAeymJ","c2BJQ+FfJCXaYrpGl3i5ri","c2E3JKuKZJ5pDW7KXlgTdK","c2n+Qx77VJbI90tQoYjlhJ","c4hsyOzhNES40/a6tkK15s","c4lnuuEudIJKmw4k6Czme2","c5DT3aQdlPWIhMaeeJJjr0","c5ToQ/V9hL/oVR9jU0OENG","cba4Xv+vlAQZGYpcode5NP","cccGD859NOg66EzYlJ0c66","cc9jEERCdBg59mUEwd2B2y","cdaQazU1VHmoV5d5A6sVbT","cdeNVu/+1MgrMXZrqbTDs2","d1QZJXvLtGboPp2q5nMdHS","d4eYLGxXBKQZIlvHooK0Rj","d5t59ye+5KFp/WsMy+6FiZ","d7SIp2PXpP7Yyb8USAPT/C","d9GOMQSM9G9o4wdAWukBRb","deV7voNZ5DcKbrek4ud9Ea","dfm8E8JTJLfYOoUkZRZvUi","e0pYXhBtFGu71xqajpYzsA","e2Q1r69V9Ef6ieLGk5sVFg","e6RnQXZ/NM0rizNeZOmfiZ","e8DzayOmVOSrHqekMXwfAb","e9u5eYzQ9F7psLjCRnwS+H","edfG/lY+tDobpc8uIm50XN","ef5KIakk5CfLFrHuo/mFta","f0nRg1+CVEF7m8MDGwHxg6","f5UioBBuBJCpPM5Ls3qfw0","f6OvC6c45L2q6rkBSu22S7","f6Zjjm6OZEwp+8aYaSMR+j","f7cGE8aQRHZ4YpOFA5k1eu","f9XlEYQHdISb0piwZhAhdA","f9zvDfrsBFM6mhpcVMXDyz","faBq7AJsFHHrg1ZVhiGnBA","faF+Trth9G05M+QT5MaiSO","fb6a9zQnFEraRcGiFUY/YC","fcMEuf1YtESY8tmrzmZ1GS","fdTRSh2JBGELn4vahnszTr","fdeFV0OldGjKCVdRzUzbi3","fdl6osBARIcrCunYi2c7Km","feBMarypVNjLbiKGA5rs/M","ff8VSVHfBKa7B0y2TPRGmy","0fvm4pvyRPj6Awv8QbdN0d","a3gnqltg1Mtpp0l/Sg0ksd","a4EZOlxxFOu60uwtZ1Qzbq","a6BO/m7RNAxZ25rhYYM4rD","a6084SHAZPnp1T/5Ehmbaz","a7i+5AaQ5DZK/f7r/ZnVBj","a7qnuyA5ZN7Y5KH3GUCANU","a8IGi1WbNHk6uHS46MzUkz","a8qwGA8F5Nn7Y+HN42YlBw","a9KmGvmExPRYKGnUpgb/gY","a90RTgpHVC7r0DdxI67vGK","a9//s8SMtL6pyobAm/a2F8","aanx4XlwhEDqKPUucPVITU","aaz6tXydhCi6Spxw5hMqw6","acp7pZ4z9AfIhzx6kSOoIy","afVw+uUhtPurehhkwXp1Ig","b0T2JaZ3hMCrkq7ERmORK6","b0bhjsq6tAR6OjPGgbvie8","b0e+kRLF5MQYpAyzkZexgz","c2Ycfv4OVHQpSFMqRoE+Xa","c2pMZZg7BFO5u8VTJVYahb","c6AXjgx1xLXp0KX97omkbS","c8MBv/NflMMKjrB8rZW/8f","c9w4VymBNMpqsKZ4Jh13ju","cbCZ94T5FN9KYACxiEOc0t","cf7rbRAB1JZ4G5faF/1uph","d1fr+TJRtGU4dASNfSqzA5","d6Lzx7rEdHs6EKbTux4p6r","d6REsSMh1JWKn2aKr13Lkz","d68k9be89HY5RYoG8Qubt3","da3QaManlBTL6gNcYEEctk","da4XufWKxEeqVV/jHZGC5o","deY1jwt6VBn7Ivb2J6GlTC","df4wBZA3JCopRK040WisvX","e1UEjChXREB43PRw9pCXJQ","e3wTBGuKJHr64vRY4fdi6J","e4cDOOXdZKrI6E07YGKolv","e6ZDMrGypHIrDUBvfUTzJ+","ebnpjg4RlPVJAAIwbkwB7+","ebw0sMsklKSoVyxDG66Ev0","ecKg18b4pK36Tq/oGtLVEH","ec1PM9HahJmIOtXUq0kMf1","edG+jzyYdEOYzFFB1PWl9f","edaczjumlN+5Sul0ZVodOx","eeKO4fTqdGk4p/USvh3u1L","ee/zV9StVF/Y1qsEw6yYNg","f0IyuYBvNCILpC8uuMHiUH","f0k7zpdSpCyrHzGP3etyGh","f03f2vRWRJWKMGQB5w8Z1+","f1y30S8MRCg7hPL3V/yXsO","f2+6cAyDFJsbT3BwIjNOWK","f3+M8mjh9JO4fFLHVvaUhk","f5a28J0QpLJYdJ/8Be832H","f5kT49DEVH3K3aMwHS5Px3","f5vToUbgBE8butwby418hz","f6ncqlY9VKpJppehgO5yFG","f9LfE7fgNMJqOZMjD16Ku8","fbzUd56p9HsLH9hK4BlB/L","fdzouQOtxAEZtpWqeDmYNF","fd/yx/eTFHPbPzXTi0kLhO","feCwg0bjFISpHKiWslKHzL","ffP1DJ/3FNP7ymhAWeAjpI","08abABxXNCuKzdTc0ADVkw","08yr/hcIdIMo9EO3yBjObe","084A0LEoFFlJF2EyBxRk7Y","09HdR70NpHjbEgf7DNAbs5","09N7SqkJ1Cva4hrIKv88v4","09U84xiQ9DybxDHyKkDY5u","0aIWRTHVNBK4bRd6I5q6Lb","0blaJ+TXRCW67XXHxMQttl","0bymF6AUlEkZYl+ZZDIptE","0b8qVEOv5J7LsTqk5nFkSQ","0dVpZ5/UZNBbaN87K467sb","0d3LwyPP9DPpvqbaLb/7PB","0eFb+lhCNAlJp8TOUtuJ4q","0e4GWbrqFDcpoddRdjHfkV","0fJkdIn2VKeJrRJZTWd5NZ","0fRXN0ZBtDhr9JmcN0xtcH","0fUdnkSslGkI7ema5NW2mF","0fU5xw4vdHyKj7vTIfJNia","0fkNG10q5N7YeYnLILjte/","0fymEouAxNzaTWgmguiOOM","10KPmtO4RP7premnBMosW3","10TFXPAihK2qT7pYQmZjQ4","10q9y9M8RB+7iSBsfIdyZO","1011nBGaNLELpeCJSmqQ+x","11jj+HWCNCQr3fmh1MFcnd","11mM1uCvFEf7ZmtqCzhV/J","11m3cOwypNdZCeUlFQysbq","11qdxgCfJMFbUcPOVsx9FY","11vRWisSRLTIygw0SZDdy5","11zn1MBtFBIalr74wexrXa","11+Aw/RGlCCbki73mmhubd","12HKRUaBdIZLFqy6XOLmVp","12II+e5EJKibobKV18Nivw","12T27liBBAlb5nl/Rlzcxe","13i2W4MxBGXKEsao1rsH9e","13klLr+l5DR4z0JYYmYgIR","14h/PFoq9BSKhjVOUe4b5k","14jKXlI0ZOOZHamiHebuwg","148AYxVz5D1YbJb6Jc8u6G","149uA0csNPYJFXdMrOliD5","15B/xsOztCSYix4KU7oiX8","15GUZ/ysZMfZ1XkG84YVoW","15qNuSlh1J4b743mUzBeYt","154cVFMeBG+olSXV6hgduV","155Qp2JIhEEo98JpnpwHLD","16IFkD8rlEw4E5RgXV6KSd","16IKrAr0lFAIYKj2N45+Zg","16oBa72OBNSrL3Ah3sRVJs","163ShgT7NBXJbnoPhfSBFv","1686xnvplLc7/aIfQtKLQV","17DPCDU81OxYNKti6PPvjp","17a0e4YTlElZTWpq4ATIrN","172N8zPJtKw7ammz00VCI+","174llZHoRFg7PS3FaJRIxq","18KicOdcZBpbjhxv+O1izj","18K+o6gjVJ4LQ4j66mwG2Q","18OqaZk3BNtZr0nnPPFJkA","18U61T1elELq28evzHdhAe","18VbkmxpRNhJMnJviqAEG+","182Of/g0tLqaDt219CUsMx","19AlIX20pJq5cfZZTxiG94","19jYwlQFxMy75vaPV9dqzv","1avNKadcFLiInx9O1vFr6y","1a7SrKSepFkIspU6We+/4w","1a7lRbGmNJAqhtOIGtI0ME","1bLT0eKH1Ho66smEkNhPV7","1bs2lTpBJP2rAKhbL2/Nd3","1b4v+WRpxM8Iyfgqq6Zuxl","1cGuFPu41JoZkvZuU5DguN","1caclogglArYWJ42z9oYJK","1ccl773FJDJqQ+qGnyzXit","1cjAMZhblKH7B06R2osYak","1c1tAPs8FL+Y6NPA+S01oc","1dDPuSistFl6kXLAXmsRIc","1dIj2JietDDo98yHqUBYbv","1dWo/3+hdPGaeI4obDtY2q","1dXyiMsqZNgYNHdtiEpy/O","1djGvLtR9BLJ1rDXONbOiA","1dlNm7G1JBSr3gL6qSnQiX","1dzjU3iTZCkb0bdzV4//A0","1d3viYHl9HwrdISaAEdldQ","1d9r3ZVphPNoX5SSq1Q5Sq","1egpKPz6hM1bqo/G1MPMQo","1eiJuGP3pJhIyJi1haWlBB","1fOXZm+WxGwphZVQ0trHAo","1fVcetpgZML4diGW4QxSPP","1fVyquYR5NjKPOZyNz1Ur4","20Ai/G/zNCDKj9viADNqgl","20QIGGBxlCgbpCgUUrED0c","20T8pxWpNKVY6pO/pp63f5","20f21GCbhKsop8keaDqixN","21HNZBbARMZIxo4HYbFhjv","21N9Q4BQhBnpktDzVrTaN0","21ev8cvrhDIo37+H4btcPD","21gV0e+g1Jv7xSJzZphqQN","21hpKKzBJM76rlCkR5YDI0","214c+ym6dBAam6RQK+MhPV","22FD63KtVFa6FXwJ7+q+xy","22FTpE2/9CioBL5dMSqrNT","22czJUD6FFmacSo4rydYzo","22quoJMhBPaKPyI6aQ94fq","227KsD5FhA1I2IyYJke5kt","229f+PJNpC8JUmGaHx4dRX","23Dculuh5AeKYFH+EgUYAV","23Eh4AiBpLfb955Ae9xAwA","23EmvipaxFOarsmOOL9GiK","24dIxwQZFNtbJfS6BUvfRv","25KQlQ69RMgqeAYdUSKlDi","256e79f6-1878-4e64-a2e3-ca5e5ce9345b@6c48a","44oVeS4dRDZbQFe0O/480k","445WfnicxJqrWeKTDkROVh","45imJ0Z0FMCbM5aW1CNBhd","49PI/7O3hPX6h9LpTrvwW8","4aJ2G+aW9KrbEqjfFocSjo","4bbVYz6oNBX7v1bTq08vwm","4d7G/wLgxHr52qGatkDUmh","51GlcNFfFMNqZJ0EQqmOXn","56LULd6RhE2JAryqIx2SRF","563Wpw4y9DAo5HB9VVt7nG","56+UxMAuxBFbbVItIb8sHK","573roOjQxHp7oTss12woTa","5b3XWht+BKw7GR0+FhWwkq","5c83Pc87ZPqZC5wb9RhmYe","60Of7ahYxBybESqS1tMJop","61NvDC6C1GObHBiH4m1I7B","61gAn4W8FLmohCX7usibjt","64MLxLwchBw6adqgqYycqR","65gvyYSu9EeaN2PG1TReF5","66BGKWxqlEKZ9RACtXabhc","67Kp1xZMNJeZlwyAgDzgsj","67mHYcaVFIPrGVxGRRY6rM","68q5QajaVPS6+DSYUjvs+y","68sflpLg1AwZB1azkW2pHu","68wpJchLBM1K0kSHFv93av","6aoSDpsZ9LIJvs9SF26sja","6bos16byJJ0qpXOecFtX12","6bo1s9YyZLyIYP/c8XZlM0","6c3wTuWOBGb7o6H0sV0ZqH","6f1Bl6lmxK/4rb3kReNuTg","71I83A9p1IiIBYcqYc6u3L","71Ts+nQCtBW7aPUa/xq4cS","74MVdW8MpGlaff5pDpqC14","74huYaSwJGwpu7lwCySeLN","7498EB7lVFBp60Xc+2FMd6","76qiDQfyBN0pJn4P0BXdHE","78SURoaUFAZIiwZlZo34Dr","7a9csHIzZKG4+1i/6yJ/6Y","81xiuM4/xNPaA9S3SfEig1","432/4qO2VBdIzC9wdsVqOr","47N/dfhmBH/ZpQAedtSUUF","48FzB5HpxPi7Rjom+cygoD","49GigXK1BNgqV4AaU8KFaW","49x/GfLqhKcIZg2hhfPxYh","4aBT13cEpPZJN7rqkrFNl+","4cYVtYt5FE2bvEahpTi0rs","4caGGNWJJKMoy4koDiHvrm","4cpBrm/C1MQpH4F7woarZM","4dTDeowrRAQ7xlEd1JLVHE","4dd5HqZJNN1ro4EHTGblCI","4fhHMkEsJNEY4T8h9UQ+xD","4frPNy5GdBmoyIuVO3Cqhe","50hTLUvE1EfZzVkPgToSG6","51nxV1lkBDn7+VrIm1ZEqG","51zOTPtoNLQYQauWYD/5B5","52Am0a9CRMU42ZXE3infjx","52PGQ8cClLU7MgoXtGsQMG","54o/3UFiJKF6HAJujTu7/x","540XEkj91JzLJSkgPNjMCC","544xGvgddJm53E4BDnyimv","55wQOruXZJS7HqOiCYIvRK","56NjHBlmBDgoACyqubWaZG","57TheScUxGO5ciINw9qfmf","59GrM5GgBLloQyi/B/yLKO","593JvoHDxC56KYWjVh5okl","5dp+gjm5ZGtpB4NGD1Vyfu","5eMB1EbxVACodDyJ7n7Z+s","61YHrA5nRK8J+wrr3xA9PM","62ypcNI5tDlZekN+WhtHYF","64Ia+Q47dJmaKDJABRjJge","69nUahFCJCG4Jv5vgnKfK+","6ct3UEIzNAl69AJMe1jQA/","6dVctOmMpBrJhwxAv6zGNY","6dWoKP2+ZMq4XRIRYITMoX","6fUIwomw1FDZSsDsaNy/kp","70b6V7TO9ALalFm47Sjnla","73ai/fFLZFy5jXu2keyWl4","73kcqHxjhGgqp3lRFmi7G6","74InUJlF1HdqT9nbPWZWov","76DYpt/KdDF4tS3gkyHkg6","77/K4xK0JAgL7Flqjl/+OB","78fBteD3VGor/q5aSpmrmK","7a/Tq6dq9A+KigRcLnHcEV","7cPqX3E11Oz5WFDnkQepz8","7dWC8EFopAkJgDYNyHLse8","7ensTjjRZJOY/8Nesj2S7Q","7fmOvafyNMdYPx2W9dtRDj","80rLJySw9FP5v8etCetn0v","25f8YR5+tKwrzSm0qs+mR3","26HPk0IxlFG5T97uM+NOEU","26kqqZyTpNC4qcGPfhrTgM","26lEGL2EFBUYJ5DLdauqUG","26vS6VNIBJpbCocAAumcmn","266ZY06JZMLbMnx8MAxnfV","27bcOWksFJHrfhbXNAuoXZ","27oVADAVhNVZjOSLLPnoSJ","27sD8Hah5Dg4hrVPUPDscD","271DVmXtdLuLN5FAQkXFEG","272phICg5Ej7Lr0/lpzJp9","28PxJ4jdlIirJZhifGG6ON","28f0raHQtH6oQAu8TQ8wVd","28lK3EbTpAeLI6cWNQckkG","28q4eQUOZG1raaA1H0rF08","29FYIk+N1GYaeWH/q1NxQO","29PPRSmB1Ph77t+8GAz1KQ","29wMjpvM9Nd6/NnSiCmJre","29+wSrrepMF7zt/ZiKgiVf","29/hdvwrhAKqcy2Q3TqSX5","2aDRyGhdlJgZi7Dbt1maon","2aE58lLTNIlqXpI/oMt46Z","2aHjs9hi9NUq91cc16o2cY","2aZLExnoNC8pmUn7qxS4YH","2ano2aIntOPK6MFqImSjDr","2avYe6FpNDJZhhaToAg4mw","2bH8AsvCRFTbfNocGrDjxG","2bJzuwcB5MRJM/VzBsiIlm","2bfb8wB1NB/bmyHl4eD+rn","2bmfbQezZJRr2H2xEkxQ3v","2bsSBXonBMspY64ZARbPsV","2bv8AB7XZNFabdUwPrgJ9H","2bx5T0bB9O/ZG/jeLu2Fvn","2b7B07MnxBcrvDcoe7NnQP","2cSMeTRb1MU5/H8pGSU9kD","2ciAGm/s9PXY2eBmBLT2S7","2dC15FTMpEpa8CABU9uYoe","2dNXtrVxJNqrLvu5yrbA+5","2d0QQ8weZFGbF8YCxoAbRt","2d4m7738NFnaWR9w2yVzRq","2d58Gv2ZFBCIdTY3aC7s8f","2ejeZHyKxO7LsaQq6DKQSP","2eyy15/CxNH62zGL6NIOaU","2e9bv+1WhM7IMILqzFXEDv","2fSlMWaXhHK5Kxa+m8zgC7","2fUogYt0hG6KQcZeIrQcQw","2fgFyAIUdLJbGPqEsgutBt","2fhIkbxzhDvKeDrYF7PfT9","2fiS4CgNpINKX5/XIHQHup","30Q5npibpKn4dXEk/7iSS8","30YVw731lLSpqAKazQaW0x","30oZO+arxBP7WWunRr4jG9","309YLz4j5DsLfB/LQ1QODk","31GAABX0NKJaAky18iJHVy","31P92/1ExJp5zOC7hZhhcw","31zW5UdIFGn6eIa7SWPs0Z","32fHfk5JxOW5ry5s92afHX","33B1TnEBxFCJXahY20gNKv","33PiZNsVJPkLaqshIatc+0","33cQtWMVtEBrAkgYcHCZUf","33eZDgyltBsaWw/2qSj8gX","33nGQvmodDnaxnkfCANU2K","34BbXi7JRCMIvvGTjTiXPz","34EwQGikdDhq8GEvbGCQbl","34SU79CE1AAKukYvVUS0V1","341hp9bkVHD6Oed5hQhmrq","345/zHU7VFo6mftfLFLnhv","35YXFeGM9DHqQsURKFE1Bh","35oqv7XQRIOLch3+5JkES6","37mKOQe5pG6o50GiQOLQl8","38PEm8bUdBXY1CpKD141HF","38TmuTDWdFv7/AGeOdOmKN","38724090-f0c7-43ef-a53a-3aa18bf4d36d@6c48a","3cCuslw/pIBJpjq+rw2SNN","3eyx615+xMt7vN8bFsf3NH","40Bubhn+NAo637m3wMt5VC","40qqVQfyBMA5+HOKl2Va8l","41i4Uh1pxLQJOSRg31szWt","41ufJRauNGCpVY80qvHiDE","415mD2DsRM27S+8Jz8H6bp","3cnEDRhUlJmJPe56AkPhJ9","3c+HZwGq5Imafg8YasXAdM","3fvoAr6SpItaMm8VuF2Qal","41X59/Ou9EcakXOf8cg2YM","43OATymXJGCI24LEOFMTm5","43jMEthQpOZ4cgW5ATHLAR","39VosDrS9NH4PcK2Tdf7l6","39oW2OKDVGXquv595L/4k3","39o2ZkjMZJyJulpqIOKRaT","39/WwcHYRBwaI3+i779/re","3aciHnP6dEdK+V7rEMn9lV","3ae7efMv1CLq2ilvUY/tQi","3an8Gea5JLUopEL9WZ5frP","3bGDn2pP1EyaLxlJ+mmOiT","3bREkn/hhA8p0nN1O/Rfyz","3bkqudf1xM7LfdGff6b3uC","3bsggosApB2b/obzWrYFcz","3cLsgQD8VE+Iw/Sbeqp4cT","3cauLSONBOdZIPc+Tki1hN","3cbR0LEAxKdadhhRh38WeY","3clJlBC2hL1YDM+sHlnYr5","3cmjFobkVExZ9gQVC+v6An","3dFC3lVfpA1oSiI+oK8jKt","3dS5XPPdRELoTM3idB0DjQ","3dlk1/wjtHCqniWu2i41nA","3eMhrVuhZBVKzOq7q9Y3x2","3ebclBx3NJGb25RWNSsiuE","3fBGSXYrtFo650XySXC3TD","3fE3epJRBHM68PTZqGqj6F","3fIiNsP5BFwYK3gqTJUh1q","3fliOD0opJW4wUgquTIt4S","3fpHlgfgFO15KE5f/8+WVL","3fzsMLgTBJdJK8oW3mXeND","40DwG9tT9NVLP6GFaBIMdG","40Rjt48WRIXLQjPXH5048C","40532YvBBLz6quEjWEoa6s","40+RBjiotJhKLUQCZAMG8X","41UHw3ztlDep0OZCNZnEr2","41VfAuYbxJMKtdRZojDP8G","41ryyHvphJDpbRJx0Xd2Lv","41w9c6n1hLqJVub99KnMlh","415UAkImBE1IhyCU4IPpXX","42GUuhZeRL+rl8LFDdNLH6","42UoojyKxBpIWmYk6Zz63s","42lApsDhJA6aUtIssxusNA","43Au2DxZNB8KgwstBJvmOU","43CkR3HF9KGJXJ3MH2vyrX","43Kc5dFY1MOZiZCpiKts2t","43ZPibzd1D7ZXeqVsDnBUa","4344MRji9Ny4NSfI+ax+1s","44GPoJk4FF0a+TGN1kIqD2","44YFKMHWhBKb1aBQxxYVS5","44jHw6q0lDuqTe9SDk4Q6H","440Dd9VVZFWJZl+9gz96WW","45N62y3V1A1oa+YDRDP/TG","46OJKTncRF4Y4eVE5p62hj","46YwpvA71FCIyxDGhf73X2","46crOxABNHiYSZH2cjx270","47NVMq6nBFz4aliG1i1zUC","47uVewqkhN86xMuIVG2KhU","48DVV/325IqKm065OnPdmg","48NAYfDI1G7ZOekHTsAPi0","48NBBY5Q9Hv4oYy9BrSt6I","48iUJ+pGZLT7SWiNgEYbdE","48j+h869BLUKsMXEK4DvEU","48s/AZJB5NHahtCeHSOY7f","49FVR/Th9MtZjGqagiPHC8","49FwNx9K5Hg7ohREn+0/HM","49VF8f50FE264yy0nn1Nur","49VVei7HdMcKq3aXUgQQla","49jPUCG0ZHl4PoIHuYC6B/","49tZBxE51LA4qfI+NQGdM7","49t6bz/eFMQJ3aA/xRm2x5","4aMMigaOVE7aTw07//JiL1","4ayqLr2KFAjrxd9xzLXkz0","4bBykrVQZK9pyLAuDr6zVZ","4bI2p4G4JAv66aJYmCrIcf","4bdoWUxLFJlaT2CCZCtY08","4bt/sPCWhFp6tF6jyIazCh","4b0OKIpdlFKbZ38OUcQynB","4b67YCiClHLr0uxGAaHNjw","4b/AZTQ1RNzaqBvUEGBrNj","4ch1yVg1VIg6IeR6ou7XIc","4ctt2WrBNLFY7fdJS6YkMl","4c4SQVyFlEzJqjDm2zkO6I","4c7fdOHhBBKJQZ3vPOqHq5","4dKvdU4J1FUqWL3g3Wa7e3","4dPBR9P/5PZKUQaIpf1kFw","4dhiEre6lF4qj7xXDHFfOo","4d2M5zLSNDx4WfjsY0fd0d","4d3xI6HYpHvI1/LnFKLqRO","4d7b9/HM1AlJyH7Lu2kf7J","4eWTbriCBL44s0Zy6EdggB","4elntTVARHFrzh2V1qp+wI","4en1nZUtFPJLNFNokRRhfy","4erWc/3bNKR66U3dgU9mx8","4ew3wh+h1MkarcRunVyF5W","4e7Pb4QBlFTbSozGT1BOxM","4e86tigNBAoofmaXaakLC9","4fKUlmywJIF7zhDyPFFGQr","4fMnInTnVBqpH4dTeR3C9/","4fOYyfxqpGV7cZ+6lCGoUA","4fjNM6zohEKYK1EVPQK6+f","4f9qrr9dtFQImEmpcHRNI+","50LSu26a5PFY58JfuAOGTc","502EvqhZlDVo+uoCQXCb8P","51C7AjMl5HPoRdvxGP7eAx","51FQhjGGJNh6v94S7nlSWA","51gRjge65O+6xQKjp1paKz","51jJ9kq5JBKo4wbiPNEYor","51owEBj7FH/r5Iml1ok4Xc","51zSjY8sNJQKmvR9y3MKFf","52HhBYsy1L5rB8Rh5PCOm5","52NmwV07lP+JNO2PHdWRwe","52UfmYa+hKyI8fRww7W0EE","52aS7tR/tD3ZuXlSYseMV/","521k1GPR1FH6nwfdu8+Rqi","53DbVm0Q5Dpo2uVvKdOKSQ","53Nock+TREHaNE1d2U3J5W","53PlVtG7ZPVLcj9SMzSen5","53QMYZIoRMQrpfVUbcl6My","53kICGjbBLIp4Jky2YsGG6","53tbspwhJIT7QKV9D9DHxU","548DkWb71AE7wVX6k9jw68","55A3NpToxDQoU4r8kemafy","55QsYgZU1HfLCPu33o5hi5","55po4zpfNNgbOH/wQnBKDF","555ZU/hxRPQKmOB6yYNJKB","56fJbYXSlPhKhdqdA6zol2","56uT+9mNhN7aPBqQjsVhZM","56zADhgeZC0LlKt9nyNxXN","57deba0e-8d0c-47a7-ba13-b2cd76c284da@6c48a","575r/GNKFPJYnNw6Z78+Wf","59K7jCy/1H5YkNkWfJSfQA","59RDB/ZsxB249t4G0+Ti3V","59cAU3jXJNjJQlGsCZIHeH","59d8USuLtM3a3o7lmjySg3","59ewNnm7NMMoP84wtzPZbC","599/+MsvpOO7imr9EY9geI","5afdjEefdIH7IrHAtY91UD","5a+qzkHEJGUIFY11dhhNn3","5bBsrvgeROb76Wza1Wk9qZ","5bbCYuLCNOGZRTN/NZSUPB","5bzl+NEYZE3qnfiVaRoE8T","5cCqn6UK1PiKGZpGPkc1/I","5cG64a4MpHFLK7mYDh4YP/","5cJtV5KxRGzqk/2/rqI4SD","5cO7kybDxGj4ipyMYdRYZB","5cgeaW5U5OMpHOy8RXnKNU","5cqKkiF2VH+5noaUrkwvXd","5dC2VO4jBESKThehZR1YoU","5dPXxMzSRH4rLtfIe+/qSh","5dXw9ILZtM645USm9P6I4q","5dZ3lwL29G7pvZvcCskliX","5deWRrJyNGq4I4diaY9d12","5dtYcIkTlDAq3uOzwVTQJX","5ek3NNXTFHgqQ0HcrxeNpg","5ek4fatuhLQqvAkI0HQMNq","5ezTG0JSdK+4Kn85JPuYZE","5fGvD5VhdH67uXF7dLgbwi","5fR5glXVZKa4tIBOmdhLcD","5fTi1DGZhHn71kuOLQI8Tw","5ffBih3wlEJ5pH86N7v+jb","5fnYb1PYRD3rzN9uAsiGiN","5ftX3jCzpGRJ2Q/WbZFhiu","5fwJ3aCKRD7KsL/rNEwdq7","5f5dyqtRNNxaFmVzYns6FZ","60EOHeUctClbj5B6xM84cc","60gD9S1GFNdZajA1r3mMZi","60iMCPMtpHhbEfHZN6Mnyr","60oio3tGRIM7szq5uRlL3O","60zDOLPzNHIq7mgqomFfvx","61Acv7NdFH1JZMZmkGLSUt","61BN4AQltBv5aBlUnUoOVq","61Ei3Z4ipOzodDP8ht+cCg","61XDK/z+lMeoBa4L5De34w","61neMD9jpDL68uqI0cjGZr","62Q5uSo+pCBbt7388RqfZq","62bnSxMXNL8pDCy9UFY3X4","62dTnpcxdNDKI/9ZWN4hLD","6289AIJpRD4oix6ZkJ6h+N","63ZVMNv+NK8o+wfnjmVrbG","63fr50KYNNzKQ0ZpyBoH+0","63jMwsLFFA1bx2lgkumczh","64APpf2rdO4L+pF8hjtxTy","64pPSY/T5LL77rtTFbzk1h","65OA+UxSlOdoIezzpboJBh","65emADQu5LkqF56ELhWEBc","65kyu6hUVEVbfV4WtYyZr2","65nnOgiulHOo+/eLb35FND","650vgATxlLzq0ogJwpjF3T","66Ku+ashdFYKUwSVTtYlSV","666HE1RfVK5K5PIyNyWMnC","66/QRoMf5KWpOeszKtXxw+","67HME+TeBH/6julWUx3raJ","68WaGVvKpNBKqdcjen3JgI","68hOb46HRPjbEtViOwwrQx","68tWO4rv5NeY/IQ2d8cAcn","684ec9Ya1BcYGTE3D5qEMX","68+E8u35FE05kHX5Uote6v","69CrmZLSJLrqm67MA6suBB","69YORIibxKBbhu66oCRJ2f","69bignuoJB6YMUzLMDgyBd","692JuhQyRInZBeJwGByYl6","696Kegbz5NO6umBjaCOgZZ","69/qdsZhBAO65qNr2L8mIi","6aA0fVtIZOWpgq0j7y1zbP","6aWNJekjdBX7TckakF8FHy","6aefXhyYdPnoTt7hNZ5P5e","6ake4/6BxCx4daqeNKYcqY","6albsuQsVH664yAFAMumYu","6auFuckJRMfLCQhsBlcZ/F","6bGhFF+oxHT7pbHADlQOt8","6bPZiZu3dHZrhq6S7Kto/L","6bXg6f0nZI0LU2Asif1CxL","6bekqkSMpA8Yy5K9YE5xfl","6b6fQSLjdHA4DoLPln2uRc","6cNPbYEUtMWp8CecZsU6Te","6cVpnSPapM46PRi6x+7m6N","6crj4ZT4NNSoYInDgIVTjW","6cz5kXGN9M9Ynu1TRs8qPs","6dFEl6e0RDD66AYtOQyJbY","6dFPr+EIFBRIFvQyIP1Hph","6dIKjfcXlIiIZAVtX+G2G1","6dTbGAEhVJMpzR4uVDDNL9","6d1HqbT5BOmrLNvbESSIOY","6d/U/pc15IiK90NL/YVMW9","6eDM9zgjFEw5qjyj71S+Vu","6eSMtngfJBw6yoioN2cUk2","6ebhQcoiZPjJsxyqdbEQVl","6emt7gYLJIgqMc+xX2X0Ki","6eotnvw3ZCOJ427zd8fQcU","6fJy8JQv1JgKorrVOJpkP+","6fj5jZ2xdMboyo/xYYV3Dr","70cVopRoFOD4ShOH5zwc4S","70ggxgQitO1aCNajcQ55Sq","70lgrB8uxHZbxNV71TEzDZ","70zHvKexNCsaXyS6rFeKl9","70zxlX1sxPnbqi/gGV+s/q","71DLk6HWlIArZFrMtlX0Wl","71bi4QBotBF64aNFI0Ywe8","71ttFcWyZNqKhuJoOskIF9","72E3FSHnlPNqwRN49nfhGp","72Fr+AmthKv4vmjNW0m+Yd","72bTqmGVhLD5Wn5O1npkIR","72iU90AGtBbbBUO/vQnsVY","72p134a1xPraWBtJe3/tvj","72t0KBZwJC5I2J/KgJO+Aq","72uVliVWBG4r3BfcoESw5Q","72u9pvVFhP4J85FMWksirP","73FsvQmWtFmpWwZRyErKNj","73Zx2kD1BKiqcrEefcjG9x","74OJOJRV1GdppQW+Yvy8Ht","74a2pEQVZEWq7reI2plZDB","74fHLTBMZIObfk5ac2ZOc7","74pkYrmnxMH5wNO3dbfcCp","74/6F0F6ZN2aRH43kPmiJJ","75Bl3fj6ZH87bbbPF1WG3c","75RXnxX+pNFputOIvlxZtp","7554I5YfNDP5MpOS2B/6jb","75/kjTrM1It42HNmDBWuqz","76fhHe5KdF14s4dQlMYkKP","76kk5YyYlEXKwQsadM71d7","76vy7ZYLZANYqCEbtUPC2T","77UX9vn59JloGpqXPrkxzA","77ZyMb6L5N2ps4ThG82Tc4","77bavWOcJJmqMeCl/Jksof","77mQmwTZFL/JNz0ujOJPEO","77m+QRjhdF94hfkwSs1PFW","78Bu0W9GpOt5ExhL1Z5oJM","78RPqFwC9PZ7BW1dTWFAc9","78S9AnkGhKbazlKqsGM9D4","78TQbIwO5IYIiEOG8+Fo0H","78afqviLJO/I4MGimg1+qr","78fdWJ9LlDl7i/9PyYoiXI","78kIvr9ClPUJhO4JsXDJYv","78qy095iFCoqyxrFu1+Cqw","78uZ+AI6lFcL1vdz49BUkY","78wG4KCa5EDZ+wUlV6/sRQ","78zjVLJ4ZNI6p1z0vFbOuQ","787lfzkY1P36QDQsUKn+8d","79IZJEtCRJ9bjRKBVYov/L","79lF3qpZFIfpUo2xtbxtQO","79ylIOkKFLDrYr1J7FnP/v","7aGdam/blMo5UM/MEBXFfW","7afP914ORG/6aLPAb1CnGD","7a/QZLET9IDreTiBfRn2PD","7a/vhcb0hKqI+vWObtxQkF","7bA3WK8BxNkrIAp90vqIcG","7bUcNXiRNPRJPMrmRoC4pc","7bWLWl6L5AdIxITB3HdONc","7bYMomxttNprv6/sFpj180","7b6XlqkM5HYLMDKmwGQcWq","7cGkeMSMtPfrxq6ZlQ2JP2","7cTY9zU5hCQ4wc33fKMcci","7cVI0m82tBmJvfzsev/rwr","7cV79Lwf5GgKKsvJFasWMV","7cg67A0nVHaY7bdMKdG340","7dHmZLgxFKnq6IN7/04S/r","7dNpFu6thLwa55f1fSQoCC","7dPcb8tLtLiKtUBaiow4Z5","7eOVvA1kJMgpjC3Dek++vA","7ecn08QZtMga63XOEUbDlK","7eycXFHrNAaZAjWJxZWYUX","7e/nJIHddCl5b2w9iJeh97","7fXdlf9MpLTYDbsVP6MIqi","7ffHchhEhEL7ahd7klxRnv","7fh7SvD5tMP6Gl0YEZVc/t","7flc7QVgVIC7cw5G8/3i/v","7fpmNe+mZKILr93rI/yH6u","7fs731QTpHQ6wFIIoKZVxJ","7f6eJ8VNRBpYAPtKt7j2se","80Stp23AVMb4a0cAOyvtNc","80VTkjW6dJiJIsIkjXc+5Q","80wwC2S8BDUrIwPzHxpNT8","80xd6aVWpB57jq+46RN2aP","803uYZqIZFVrJ5ekbAG3um","8030Q+c0ZFIZQtYUTSV3CZ","8035OYbOlLZbxOLfwT0d5P","81HkBdNwpJNbr3b9YieuSQ","81sFogBkhMypDT6IJ/bSbc","a2rIr2PnlK/JDpGsD64Re/","a3Jo4UJ/VA0b0EsWJiF9nB","a3eF1GsR1Olb2LikrugB0e","a3hCEKwjZPeKfQLD54wyTD","a3ii62vnJJfKxd41iX8b75","a3rjlc69BCb4F2wbtllTnd","a3wtpT9JVBjrlkQlRZSnlt","a30x6+B41L96HqZV7ryvTy","a4f2SZAStMPYNS/TDjmhV8","a4pXoTOv5GxJ6RR1YwAF5M","a4vUMLr4dGUpW6q17BAu3K","a6FRCg66dMoJjT7WZCiKNN","a62CsoLLpEsKHkfyX98Tcf","a66RkLYeJOJr4fLl8T0pOk","a7ZvbNFutBr4gs9KTKAqxj","a737mMo8NIAIqY0UrRauRb","a8NqyKV65A95Ov4WCagYB8","a8Pa5580ZDjbKlb715t7On","a8ci0UW+VDS7KYOaDmF8md","a8jx9dbeVC+5Mn9EWNOPLl","a9CPjSl0NPE6Jkz95+pxkK","a9QZis6gBG96U+P9wz1Uf8","a9c/YO4e5Mh77oNP6d9rud","a97KLEbEJB2a+X2xivyv/B","aa3GuFvq9CkZju4izecur8","aa5YAPjxBOF6By2F4WIKzu","aa826Y9RhFBpaYDMIjdYIl","abNBAxHT5OPZXk/E41nGCL","abWNtJ+RtHk7xnzI/ezVQl","abYYI7/epPV7qKjc1nOqb+","abczFzYoJM1riwFSPMrYAU","abeOPcnH5DG4B+5oKxHMB2","abq9zA4JpBGpoTw3G8EcK4","abr9nYuhxOIKgrI5ttl5zt","abynUNaSlJM7GV7bZW1Gdr","abzl8/nQ1AjLM/sUPvHbpT","acIpQ6FRNM/a/UWHwDjaIz","acXPrFX2hDmKx41WzlTLfk","acyvVBYWdO0Iqz0bSQd+ii","ac+SAFAxRG1ZYIzJmH7Hq9","ac+0RObglBsKsEnLNWyYlk","adAwFgpZFOHaESW/fJMKKM","adEAfi+ZJOf6Jli4Xnn5u1","adGENbjMtPkZGx46sl7bJ6","adk98CNj9GJKRSS3J0Fw+R","adsg2E/dtFvIGTy4FQKRGv","ad8+vKU5tMXoht+KYvJeaw","aeDiqiCSJM+arkeFutS0Ym","aeD8vJBWtIe7WJybo6LVSq","aeIH+uAiJPSaPFgP9GFaFN","aewrK7+hhIm5CaXG+zt9eX","afML/9CIZFZ7zYlDEDutOO","afX3YlaGtBpKyPwaDYMyC4","afu3sPxelJE5yVXYAOIogd","b0JugGT2RNuJ8VdVEOCId3","b0NYtziYZGSLvtlmGBjjRf","b0ol0NbYZDho4CJz9AMHoq","b0pcNIk1lNs4szfZAQHB0s","b1efzbRpFM8LGdelT3wzvf","b19db7c6-70c0-4fc6-8ca8-34b1c07b2989@6c48a","b3INhIOXlG05Wwh//kczzV","b5622sOSdFDZQSljlx2X7F","b7BFHCDZxLdqStaDVoTQmv","b8XeyQAzxGD6zEdlevaVF7","b9mhRwx7NC2pBv/a9HRkok","b96+mwf+JKq5ojKuHh0AI3","bb/UkbS21ElJoYwH+OLvb7","bcGtw2wSxFUZbBh/gsPPH3","bcaF42FQtLIKTJ4QiKrxsk","bcb4+zoeNFYZo985W/oV+d","bdNrvLzfxImYmFAwfbdFb6","c0dBWNWgJJvbfEWWjKCc2c","c1Or//KptLiqxyEq74mR8d","c1wb0Iw6tOboe0l6Lf3OpM","82t69Fh/lE67pg89guBFhc","84u2bZUcJF2731HI84XCHO","85QA/bdXhGWKjktsfhpOcs","85fTe9ztVIRZi+rjDy+XKL","88nw9wAFxNZZcN4vpUznBL","892B9f6LVIz7U8SRvpYAI/","8bfoEljABB3qEFkdY0RDep","8djyNLdYFHgqWuIrSvledp","8eeg94ub5B/p5yCJDBxrXg","90WQegGmhCB45YQ3xMx86b","907z9+WzdAdqbfcovT8Fy/","94AJ0+9INDvqv0Y8DZ+BeZ","94UjxbtD1P6IwsbPbiJ/BZ","96SVaNQnlD7rrD5k3djSra","96W7RqxvhFKqXbDbZ1uj7W","97yoiMAyxG+JdGpoFYqiTx","9ac8CmJbtDloj6mtiJ/BQy","9bra+H1OlEOIMbbP0oI5yu","9dsj+FR3ZDi6UiJAy+qtru","9d8UCNo6JCSK4VGmWBg3d4","9eVCBVxgZLO712a6bQTs+Z","9e2PDT3/5AzY6aqShnjEaJ","a1l0cn5OBMuoMKsdY7MP1d","a21747ef-2930-4030-a7b4-ea79b11a45bd@6c48a","a2IdNYGRZAyK+/fYbr8ehP","b2sBtZZHtDZZaxtIGEi8gr","b3VB+/TYZKJom6YqQwZnQy","b3rmMTB4ZAZpMzIQiRECGj","b30nzdh+BCUIGIYp+oGwEE","b4D/03/UdJyYMJUnefijLa","b5PIQNIXBK5KWwzYvAi5Ok","b6IQ08at9CPYXUTXYu32zU","b6OvA09kxLpJCL9kaMFG4R","b6Ykp0YEpFcaN8878A+gr0","b7IGZRs9hISbVrPZjmdwma","b8j89rvkFJ2p6n++YVc0nM","bcHXx4uNxEnqrLfzx8vgEk","bc2GqmlulMbaNlScvANMfu","beWpX1l0hGlLsG2d/oCttU","c1uWOW27hDDbdtdRPvVEO6","818lSsaw1E5Jr+CCyScbKz","82HsSvH7lHG4juTef8SvtE","82I7ngxzVIB4GjFwyCPg77","82m1h+uNVJMZMqJCxa3Qjv","820zZx381KYb/r5dpJd5BR","83DOz8LZZOx7oxbQHGKwWA","83vJR7ZJBBEr3Z3+6yB21Z","837GD/vLRJQpf6pN+bkoTi","84BQiqNFZMV6ZJCX24jRVn","84LDmNQWROPo0Xt5f7F03S","84OvGfaVJMiKi01Gs03skD","84XnOcPX5Jx6xl99CeaRY4","84eJL5iNtGPbZk5B9OR8DN","846t2LlWNI47Iudqf0+Cet","847Xf9Jo9Pq4yNBf1tb4va","85C4bsz1ZJkL0wl0f+cipY","85w3GOrcNAaZ7XwBGoLpn1","86Sykwb81FoYD43uCP1k6n","86d2bAh2VMd4pNesoXV5OQ","86+p+Od2lF6Z9+/EbXRvhe","87DBohBvNN+Kv54CTqqEsg","87ExKRaoZCraE/sNev3Gm9","87H9ULHRpPX4PjQjkgp49T","87mJrm4o1NDpbaDB70Yv9u","88JyNNHANNOoLJeCMEABCF","888mthqQxLUpp3LP5F3JMK","89DLXmPTlAi4MbywpbHxpi","89D2mtn9pNmryB/jKN4YQ8","89QBl+sUVKuZv7WYcYcowE","89bBMXiwRAIYCJ/PYxGtCP","8aNnAGqQFAXLf4QBdncI+8","8asjiRMGpMR5NVLoz65OC6","8auzhJiW1KUqixE1q0osOY","8bEaXOvVNFc6TqiWQBbZfj","8bxAgWWlJA26lWvdLzl9d9","8b0d7VB7dO+ILamWhEeJ+i","8cGOpzp2dKkqoHpeOOWzLu","8cP1WFYTxA2qBH/ahv2QSE","8ccKOBWAdI8r6mxxuu9377","8cre2/ZPBEC5Pc2oyYm0Bw","8dQZ17ctNND5UTglqD+8Eu","8dTGMGgM1N+YJjvp37RfF4","8dlonDdppL/7LYVhT8Nyzq","8eepgTCE9DbKOm1HdGToQT","8evMr0HtZC47NQ4ZM61K5y","8fAOO/KSpKsLnRALtnprra","8fXbgvXGlDq6w9IuEPxE2v","8fgCm2WttJOpbweWkmRj2o","8fit28kp9L451z6eXEKjrV","90DSuvJnxOxqAGUQY8H45l","90D/IPNndHOoAQ5qqpdbsD","90MYerufhDr6qYEElJwHuK","907MiXkNVPzIDKGbgPiZor","91fAwWl8JALI28gWz1f/+e","918sOSHgZOC7z+hebOI6jK","918xCCY+dJToguSNdVdP9J","92Fz70pJ5HOaBPv3IRMknf","92GySzYRVAAZW5lS/nDyjL","92+OtMfDJGKaa3bK0lo9cQ","93DfgUkihPBJTDin8f/qwn","93VCrcUcVN7plejjxFwATT","93hnar7M9FP4FE3MptAagm","93kcs5C+FJ9pIlBQ6/RFPw","93zmW8ZW1DZKEryLbQvwBa","935FV8BK5CzoNo/Du1xFel","94MwYBpoJOo4nmjVM9tAHv","94UBNF2IJLpIHfmP3TgZZE","94iNJ3WKNF0pQ2YRMGgBby","95jKxsNp1MKZx+x6mENmKM","96F0RhRwNCh4L8VMxj1XZV","96WsWgltFGbb/rIcruRlUU","96dwyGRfJLULTP5a47YYJX","96vIi4ERxAU4AESHi7+cTj","964xchXpZMbYSavSArvbaN","96/A/3lCdIpqxLxAZWyf48","97KaKawjRPWqIKuvF6xarf","97O1WYcS5MY5HlhA31ucpR","97TIGem8VNxb0NlVB/DlB7","97Xg+d6VlHXKXrQQQrdNSg","97iTqTA+5Pmrr0ew7fVXOW","973RiWGP5O7bYrhQJIQLnL","98HEV4COVOgYhJS2B7T1jY","98W1OK51FJ6YAs/lsH10sL","98i+7xOaVNLrrSWPAjij3F","98o8KFu35MAb+RuHNwlm0A","984sXY+atFiI98lnDFBb3T","99AJ64b5tNbIzp5IcFj6TJ","99Fyj+6bhAwbf6qRNAMs35","99JYJZQPdJzpLbL0wzKUlq","99N0jhCVNG8J0we1KksRFY","99Qfeoe6tOcbiEIwIU1BeE","99fNV2fBNEroRxTIVC3lWb","99os+x/StAYriIBDKnvMBV","99wpZvdplHqopWpB9ZS6Mc","99/Dk05TxHuaJdUtUIq9jd","9aQ0MOhgtGqqCLpqt9kQrF","9aewzKtwNMPKeLMP5NobVF","9agFOf5OVK5LJQ/rIzwWgH","9asqPHLoJCMrZ2FkfejMvp","9a06CV7eRJdLMywKGQDNhV","9bHYrZ3+BErJ45XJUziEVh","9bMBPvYdZJJZJpYge24XJJ","9bnrlk2sRPcrfeH6RN8uXb","9bs4D2rxdCsa+8QCTCHLgW","9bz/GbJslC4pKDgqL7jt5l","9b32KZYNtBeI/wNQK6Axoj","9cKeBUVqlNLJpQjM6cmIMi","9cNOlJ8rlPtpW8vues+GHi","9czx7OGcFJqq0jdF3eQfy5","9dYYP7MKRAso9qyn1XTyJu","9du+XgeHVKOIAuGeFo0WcA","9dwuXXePVMgY8KyytDeW2J","9eFC2oS+lKs77qBblgI7dM","9eNBna3bZDBpLolGlmHkMW","9eUvMOznhPoq5f5rS/6kGf","9enP1DKg1DEozPsSMJb8y8","9etjSSGIxPKo0vW0ZJxXH+","9euR0QZtdNapuWGApW7LNN","9fMLVgaI5HJYdVXhEY5U3k","9fZfD/9NFL6I5t7Q/DBdGU","9fhtbrhxVPKZIX7nmCZvxz","a0Wo/VH3FGxLlVJot9Sch0","a0f5xgZatK/pBNet+adF+r","a0h1M7nqVIm73wIcXzpvxM","a09H/vkDZK54ceGUkpzH7L","a1IONCQGhPSoH+r8kHXpnj","a1UgaK7/5OOp5eB3MgLJ2Y","a1ryFH+B9GRaSUfFbCL5E/","a2MjXRFdtLlYQ5ouAFv/+R","b1ziYRfiNLqa3OJGpwxc56","b11F9AIXZASqq5xWVGiMOZ","b2ECW60shKW4wyb+H2OAZL","b2SLDfFgxAiLRMYwteRxUP","b3Dtzk1sNFwIW0Pyns0GRn","b3XQKNG0pBtYmNFH5MPObr","b3pXVKzRxKx50tp55U7o0r","b4Rf6IeKBGQbW5yACC7nLD","b4k2hgfp9O7JeGJed95HFO","b4mDIn+QBLE6GMppGn1WUM","b4nJ9s/cpHIozfKOjRU9Ke","b4/cdcDqlKu4ycoBy51nDv","b5MXuYlcVOUoJ0JUnkX5SW","b5Pk7pgJRBxZ1Lc6b6kDf0","b5SgUV4HtMXJrAmmQk4c+T","b5S0w4Y0BHBJ3WZim593FR","b5Y6fb5WpO97SSpvxFQqGr","b5m8R0KAJFBKgSuvBxexry","b5m8nIzmBK6Zqrbxf7mSVc","b55hvqPBJFd4izT/jFNSSi","b57MfRdIBAeqivwMCykzun","b6F/5iWsdLCrLFlVlUIFoF","b6TUM9OlxP0r2Oi7n65l7b","b63E/UL0ZLIJwYcVr/KaHF","b6/8lWnylJeYmex7pmIHTg","b70451c2-0d9c-4b76-a4ad-6835684d09af@6c48a","b7T4WRGw1LYIM3gmyh/FTy","b7YuMFwVdHWJvAR47pquWu","b7c9P8GaxNjIRRiEfu9hmL","b7mZS9V3NHmqFuuYiXLlu9","b7n6fuCCxIAreLCVC5JMk/","b7xPT7vixB9rWKIQ7MzeA/","b8Ly+URs5FEZDSqC3BHkF7","b88GcM9jFAiIFUBtTK33DR","b88PEollZJz5STVXq6FUQb","b9QeKuOLJJRIylRJD4etaL","ba5ZFtactOtKUC1SmDwcUT","bbG03XH1BFV6wmGKz8jWSK","bbUKHirk1Aqq33Ng4ZYZCH","bb672DbhxPmLOC/ZLJ62fK","bb8x2MHmZNdrllpVWmiFEp","bcT+eZS/ZOSKon8BApMpGv","bchByFeUlAJbsl/wz4TO+O","bckMwAvmtF87rW/YTvy1/B","bcqnqXUj1FcrXZF+lKk6bf","bc5r8uGLxEtIAtAgc4taa9","bdgWG39nJH55lM3QKrsxlh","bdizTQJZ9Puo3kKhRCi2Ku","bdvajWZu1OvIlVeTzBQ74y","bd7fdcyw5Lq6kz+yFSzCO4","beQ9XsLjJNNZlbUYcZgVh+","beSCKmNPtIJbb/2bXwJAby","beXk7kd59LQ6XLqQJxzav7","begVzEdbFE+5Bee25Cj5El","benB2GWfVEgraQWb4LKDEm","be/rL0Fx9BnbxpegFKZfJ1","bfCQxQkDtN9a+0xWMJrwdO","c0N+sRJEtJLL8q+lRsqzfd","c0ntmf0ARD7pRHI56TK4ZM","c0zKtI/rtNeqb0IAnN0FKX","c1AjGiJjREh6FYRjW5017H","c157Nri1tFCrcZRm/p4fwV","c3P08UDGpHjY3jgr+oLjU+","c3Sccw8GVAVq1c6fKYKOOW","c3XQnnnO1H/LJHK4n3HfeK","c3gQUHEGpHsZ/+59SwKmea","c33lJHGDxO77dbnfA2gGYd","c33nKjywdG4J4DzVvP1pRB","c38qSQx/FKU7mq/4dhzbEe","c4PzDWrwVFEam1qiQalA9B","c4fnXoGjdC+ro/GZGBZygG","c4kLh5lg1BuYm+wz7ECzTG","c4rRpfCdBE+rgRDowqnYxv","c4zcFL6tFLQqgCnApJYUdM","c45FyQRY5OsK2oZ5/0WH2C","c5EIvZNKpKs7+lM2F9wwQ4","c5FFJpDKlLqYFE2LURL5eS","c5ZksOZwtFkoVnFLCoj64A","c5cqVHorNLaaYXoKQhnrS3","c5mEsRpNhN5YPAa9TP0lFl","c50CG8XiFGoauBHe/lcCs2","c7ToPFeWRFrpxpeoV+FX40","c7+lSRfJVLzYfQ1+yKic5A","c8DJWrCDNKQaK4jXLpvRSA","c8HErRx1RFF5QwlzrEGaWX","c8JFwL4phKHpivT4Ei9So/","c8Vvav2IVJ6I21Owj3lB4J","c8YjnY5KVEppgOiXJPfV9k","c8zAs126hJ47fWbMIsZeD8","c81YC54LJIl7ujqzldeGII","c9CpOzXYtIu4DYr29Ewjgb","c9VupEoCxGbIrIXOJwwOth","c9o+X7/9xFiZzdciDpjNKC","c90GwSu3tMOY92LCUM/Sd7","caPxOgi5BAI5YqmoD8pWOA","caRgqWpyRJzbvBBbc9t2uY","caSsB6sepEL4hvhQSUuPhj","cahpAUDIlJcZdJ+HaNz9xN","cas7Mi2TxNgZWviaCjHfst","cax5zqMhZAoqc01xgxioEL","cbBYMEj7pMhKFUdafdb98x","cbOqvBhmZGC7mFenMVMSjD","cbX7GJ8wZGUbco3ditd1h2","ccWXFkkbZLXbmtJDeKwTMw","cc0MkFucZJwYoMTutWLRcZ","cdYY19YHFCFbuBOjJQRSmF","cdZsIbiEhP3a7v8CBBKXgQ","cd1gHTloZHT5TAd7q1+TJS","cd1pLqPo5Bp7FQcTezxmpM","cd7+tHQ1dDTIuRoLItUqtY","ceE2bz7MJHCZX5SzqAC/cw","ceI5VXzUNBsaF/Eme7XH5c","ceJ6QVTfNJrYkmUOHVCmCc","ceUe6ps19IebTK/gvUJgf1","cecYmh2jtAQo495aWpS5Ru","cekrw9VbZIvqO8AZmonZmL","cfUF0KrktL+IpClMQSCkcb","cfczscPlxJM59vNhD2sjiH","cf31V23sBOV59m3nLDqDm9","cf40vVrhhIxZMAJiaH163I","cf61NBGEtPZbjdwvyJMQP1","cf9JWXqktP0rtX24b9F/nX","d0Dcax1VRI4J8Xj8sfVjwh","d0Si3E31ZIgJRc14Ynpj4G","d0iHAu7F5JnZJnbb4SzFxh","d0mcZRX35Pa4xiJMkqUILC","d1WIo2Tu5F3LAfo9ZVQqHI","d1daX2iuZNO7+WCDqMsZma","d1hc71GqxBPoqzBUYSvhCw","d1pZg+7FJJHZRHUPRLC/RP","d1q1zwTvhFALBSD/BJpGr5","d1rwRUhQ5Dhrarc2BmtGHX","d1uQ5f5bhAKaGWEUi+0+1M","d170ey1NJLi4JxjSmhsOAe","d2DKDhlatP35+slJ6aAAqd","d2Ncn9/I5Il75AaT+4Ano/","d2UbUj0pJGEJiKRCISJGrK","d2aew8oMBCpbgndZI3V4zs","d2x4QkwJtParWiiQd+7+FC","d3RmyNTANP3IhZL5geOFVM","d4OCsPsLBCxbHzC+lD1ht0","d4fXL3pFFKxoBlo4FGr+HA","d4nBWw+6ZBI6EpjY/cgWsV","d4qf5EB+FLHq2Hb3OPwJKP","d5LSJkR+tLTJW02Yhz/Iha","d5lNgrIepKKai5VGqq1Le7","d5b79f72-7bee-4a16-9fd6-b0ccbee85899@6c48a","d6AFAd1zdPKpg707WZ53Yh","d6Cqb/eFhJP48uKiJYkGpo","d66JW/1XlJZoQQfed1yBML","d68gbW4GJMSIDKwpbtjmye","d6+ti5B+JCKYmlciHblJfM","d8B7eVcthHPZYs1/znInAl","d8D0zJ+jFMQpvIcdprBlke","d8P5ByCvRNKpSPMej9VRla","d8SFxWxyVOYKKvoQCT2Efp","d9bKhrCRVKaqmnJoKpiIDP","d9d8aPLtRGR6hbEnXsB9Zr","d9mNZLgWNFEKd+6gyyTpcz","d9of7zyBFI35Q4PWRAyPeU","daQDpy8e1OUqdwUyT8wR0z","daaxZ8F15MgJyKJ8ynSxhw","dbKKylenVD7LeEtwZOcQj2","dbo4TGuvNLkaUt+hWvK7rt","db0FYrk01JN7r3fGnIiOeO","db8ml4zUNIRYwYdBng28rN","dcWMrTn51O/J7cuOzxjlmW","dcXTZLh7RLYaqSiotHWAhM","dcYCgu779B9bmu7veOoOiq","dcbSeouwtG5rpVyEMEO2yl","dccDHIX/hKgZKOWAhziVUP","dcmHW1v4ZElbwc/FFm0u2x","dcojKzrZ5P7owVsWiN9GCj","dcxe2ZWiFC24P8pgVi9wgT","dd5+UjhV5K4YoAjxUE1M3n","dd6VsA1wdJCY04rtYT+zTU","dd/wkFk7BEsoOIu0hKDyxg","dezj9fCRZAdIfPmIQP1WHq","de239S66pJMZ+VGuGagAAS","de4gBNsgRHMLRoQJpfSkRH","dfbP8m+wFPdoYcTzshDCIx","dfdCHso5JMToXuvxXhS2dU","df9bc13c-2532-4b7d-83a8-52465166f522@6c48a","e0AcKC8Z1KrYfTg9sJtq/R","e0JRe9sOxMW656wKeWlo2f","e0Y8/q+NZBjKn7GZmNxh6I","e0dAbRcXpMd6+EzM05iupm","e0f2Ftg0lB6r1MK3ky8NJF","e0gVaH8QRMapksXiEK5AbE","e0gkIebrxDX58+5MWs1kDm","e0qsYEA+1ADJ9aZs5wkI/9","e00/zb9bhFMLnN28L/qJxv","e1DtKHQJhG1YQCiHX+jk5R","e1H4BKTp9PSqNK/YlV+/WU","e1RHb67pRAM4TeLqGGQ8eX","e1ku2ZS+NARKpz4hddIlwL","e178eBohhAFKaJ1otLFSZ1","e2qSPswbpLq6wjBUAv6Vsm","e2xMIznBVNtIbB74/zhnJ5","e26AkMtFFMTY3EXzah/06j","e3GxdNywRGeqPg1ZkIxYcD","e3U2Ju5bFPEIEpUgnLwa1H","e3ftulE6xHwo4/txkwpHUf","e31VGKNmJBRoZ4kdeK4BUP","e4AiE0GKxKnqn9iQzCbojo","e4WaMQzoNNaJ2K872FtdBa","e5Fos58s1Guaugc3zkkwF5","e5aIDu4gpIRqtJ3luAdW0d","e5/KY9izVOtpYvkLlXjMU5","e7BtFJoTxFrJr1EuEb5AMe","e7Ln6PRs5ABYj5srK/EHhD","e7ZAxGefxFGowRp9mshZtr","e7lkzkd/dD7rjnDjHxerMV","e7+c0lUYlLmqnzfxN2qHTB","e8NqBHlEtB4aLeIv4t5b7d","e8qpbyzsZM1ZmDopjo5w8U","e9D2LEzVVJwohhI7D07EzG","e9IIUNsRJEbYAHeT8yoZSH","e9Zr6PRSVBgLSLGAA/WJqd","e9k3+mOelAXbpMJbSH8RiD","e97GVMl6JHh5Ml5qEDdSGa","eaMPy685ROhZIBXz6HHgru","eaR6OmgxJFAaqEkxnSRogS","eaYEdLP5ZP+7LrxTtlKWpX","eaejyrsVZLpa4XMSqvuTY1","ea3C5Q6f9K3LTCTaDNqzHr","ebHGNC0YxL/IwM778SLZxl","ebsonhLB9I85fsJOecD8Yz","eb9a8kS7hM/rL8iqq+JxuJ","ecCIkpxkJCSY6Su+759ovn","ecCTW49kJJYZX+93y4H/Sv","ecCmN3xv9BEp43U/vqE7+o","ecRDjPHm1BJ5A3LRht9yjb","echbIkaYdK9q81IA9QaxJO","ecnKG9I9hC2ZQcGV0xyfqP","ecpdLyjvZBwrvm+cedCcQy","ecyeql3zZEi7XnlKBRQJL8","ec+ceLTMRH0agsCb1z3O+M","edUAYaGQhHUplvDMt8ft7E","edXcngFndMbK+TJPPXy444","edfCUMrZFCTpYMWhnAy4sW","edniUK0nJHzrASYm+m+ns8","ed83pRK9dDcp5VwhGJDlnk","ed9cwWtDFEnLYcia2P549T","eeutYc5nFGmrtMPkYBDC1R","efN8z4crJNvqIbXO7JVqzi","efcTQFlVhHpKmI7GAKap9o","f0BIwQ8D5Ml7nTNQbh1YlS","f0LeV0QkdPdaajroJV4Kuy","f0z7M2KDtM17h92J9Amy8C","f09lSrrRFGOJSc61NqQPTH","f1fRQaT5FBbpChmmtHvxZ9","f1gwJA41FEAaJ3z03R91rV","f1mS9AZrNC5qhhsH7jg8dK","f1q0OFXUlItqzQIiqQCmSC","f2CQoID2NJMICfd/hsnBU/","f2I51xp0FFy7En+E03++Kf","f2UX2/O1tCtrUNjrriNrts","f2VksGoQdPuZgVMUiagzFJ","f2f6iBjBBG0Z6MyCeTyoJO","f27n03a/BBrJWx5IXHCD6a","f3LEquZqtH0rj5ZZ25zvoU","f3jUmXWXtJ5YoYcqE2VhD4","f3ohW3QrhM/p6Q2FA9G/63","f3wW/bh79ChI8WCQ8UsFXp","f32lOr03xAPbsegToeS78T","f3/S/OELJOI5BogUZe7gJH","f4GHTx9O1MRJvTLHnRf/EL","f4OWISZPZFlLvJIJ8m4RGh","f45qC/wA5FQ75laI851DPg","f5FB4q6nRLroMhD/tM8SpN","f5HAFU5UBMobwKt10QIG+i","f5T0hEGDpG1qBDaFMJu/Nm","f5blE+C0dAlbLRNgWselO8","f5c+Vbs2hEKKYGnWUJIOyO","f5kUS/+aNIG6WnAxt1htKG","f506Nmqb5A9IezQX70F0CM","f52s+0d49P+pOxKaJaK6mr","f6CGbokPJKu6vTndr1gVWU","f60GGMj/VHZbym9GPwA0iN","f65xJn33BGmqpLz8qJ+gMJ","f7BFSj4PNNpp40dIvE36b0","f7YEPoSwZJbIXSABtxMJwS","f7haSUh+pEu4XFpTNNiOZU","f7m9PXz6lO8q2kRXdaaEUI","f8RWxLjidOUKqNjuTo1wQH","f876S36RdFao3H9UEel6T3","f882YN2dZAvLFlF7kW0zum","f9A7GIdwJEUo3WijuuDpXe","f9F22zCGNOP7EhIccHrMn4","f9nK/BWUBPQ4FBZerf3bOk","f91hUikz1Fz60qedffOlmX","fab+gQ5rtMX4Hd9Gw9tega","favZJbm9FIXKFcRVIn1lQF","fa7MJlsiRPv5Y2E8xPDQ+f","fbVi7GIopLAaQcOBkCd1QS","fbVjfJhE1OCJ6P6sFuAYH9","fbd3EM3NhF1YxMw7xrSAef","fbeeaXMPxPJqHyahkzR9VW","fbnVhST9hE9Z9NlBlYOIYp","fb8/0r9+1PYIC+frpn7HWV","fb96Q2/FBDyZN7vC4GYAjc","fb+T+SUf9E4YPBmCm4Mg22","fcyJK28sxMrIOjNZAnx+Lm","fdLY5NqVJOFrpXKDVVKU0M","fdYKUaKmVAn6poXOI1p7If","fd2cqX5QFEhqCEJ8fPUdXZ","fd3M6WjnFL6pRpjl/6Geom","fd5A7aLTlCB63Np0bnlPg2","feVmnNMxZA/putH9pRD+sA","ffH2cOaqhFh5Ewr/zM2w/u","ffVb0RBxxF65hylBP4tWb0","ffgrWO6bRAl7jtT5KbXWN+","ffqw7Jh/BHF6Zapzv0Z5+S","ffw4d4Yo9OfLUAGLsaDVjD"],"scenes":{"db://assets/Bundle/QuyBa/QuyBa.fire":959},"redirect":[475,0,551,1,687,2,706,2,826,1,1103,0,1195,0,1324,0,1334,0,1339,1,1351,0,1380,2],"deps":["resources","internal","main"],"packs":{"01005fa95":[36,313],"010291320":[368,619,802,1090,886,908,914,1160,1199,1379],"0122117ed":[617,448,800,1107,1243,1244],"0150e6a25":[606,1083],"0160c3e58":[304,566,415,624,691,716,766,776,782,819,875,1111,1189,1335,1403],"01610ab04":[110,1036,1069,1127,1376],"01b5642ed":[570,416],"0216a8db0":[73,95,292,592,627,993,1011,1065,881,966,1157,1382],"0224770a4":[641,1086],"0299cd384":[336,482,582,586,693,1045,884,1110,1208],"0326b5034":[316,323,324,358,550,640,718,811,982,997,1092,917,1124,1272,1345,1375],"0329544cf":[456,215],"033a6ba4c":[116,320,507,564,721,760,1018,1031,871,207,1132,1141,1246,1401],"03425ca14":[449,807],"037ddfd41":[438,218],"040cdc6df":[524,717,887],"04214e9eb":[118,39,339,480,555,604,669,781,789,986,1051,1073],"0488e5ea3":[204,236],"04e50076a":[264,272,490,500,548,620,740,1043,861,862,1128,1256,234,1331,1341,1368],"05248aa70":[330,356,489,523,596,707,735,791,797,1099,869,890,891,1108,1136,1137,1209,1238,1399],"054b44aef":[637,724],"055eacd25":[51,56,423,431,202,206,974],"0573590ac":[514,855,1210],"05740b0e6":[57,968],"057eb46c7":[278,321,509,527,605,618,1022,1032,1117,225,1215,1251,1402],"058a88234":[98,664,838,858],"05c2924a8":[1322,1350],"05c3db1ef":[96,103,284,615,625,651,725,805,940,1097,889,1122,1184],"05f9910a0":[76,503,526,806,1193,1396],"06366bd82":[271,369,516,601,812,453,1062,1080,1131,1249,1293,1358],"06abab17f":[306,698,764,1171],"06e81a1bd":[104,294,295,478,481,513,517,571,587,633,646,673,677,679,715,752,987,1017,1052,903,906,1125,1207,1221,1313,1364,1404],"06eefad31":[437,1337],"0713911c2":[88,115,273,282,319,352,486,508,547,585,645,655,736,749,762,808,836,1008,1047,1088,863,876,1158,1169,1203,1218,1262,1273,1275,1280,1282,1292,1297,1306,1317],"07544270c":[80,460,493,652,704,814,843,1058,1154,1226,1268,261],"077906a06":[113,994,247],"077ae3a89":[353,427,686,1236],"077e37f6b":[50,531],"077fbcc3a":[454,1053],"07bde3e55":[85,266,328,360,367,463,466,469,497,504,528,559,607,621,653,660,661,684,439,742,757,763,771,852,978,1003,1024,1055,1056,1059,1064,1072,1077,1078,1100,1102,867,897,913,1163,1185,1222,1359,1365,1369,1370,1386,1407],"07d09dbfb":[588,589,209,1152,1312,1355],"0808fbbd8":[462,558,685,692,723,783,1029,1085,873,879,898,907,1116,1144,1191,1194,1235,1242,1346,1383],"0818e1831":[77,268,299,308,310,343,479,848,1027,1068,1091,901,1118,1206,1227,1257,1319],"0824bc01e":[263,554,798,817,1101,1233,1367],"085d7efc2":[960,243],"086bf5b0f":[86,89,114,288,303,335,346,772,822,860],"08a2f8752":[112,349,628,659,729,829,967,1126,1220,1347,1400],"08b31e47e":[78,90,97,290,318,341,348,362,365,366,599,631,720,733,827,834,839,840,841,846,990,1140,1170,1183,1247,1254,1318,1338,1371,1377,1389,1417],"08ed80272":[312,461,68,847,1285,1314,1325],"08f35e020":[105,38,270,275,485,515,649,683,689,773,1015,1040,1294,1308],"0929bd8ca":[991,1142],"095a2fe00":[999,1121,1328],"0966ce6ef":[981,1146,1196],"09679a5b6":[434,229],"09bda6841":[267,44,474,501,557,579,583,598,662,668,670,681,738,743,788,816,1033,1075,1095,918,1205,1217,1362,1373,1378],"09dd8cc00":[83,498,828,1135,1159],"09fcde223":[94,101,309,331,595,702,732,1098,1177,1264],"0a23a7106":[286,565,648,650,787,793,936,1010,1151,1418],"0a24d626f":[100,277,425],"0a529c56b":[674,737,1143],"0a59c493d":[87,107,119,276,283,293,301,317,473,476,502,521,556,569,584,597,611,634,635,656,675,694,705,719,741,753,769,775,786,799,815,820,821,823,856,1006,1020,1038,1042,1087,883,213,910,911,1138,1148,1178,1202,1225,1228,1258,1265,1276,1281,1289,1290,1304,1315,1321,1366,1393,1394],"0a5e380cd":[109,281,332,334,506,549,541,629,688,696,703,730,759,792,832,980,1060,864,878,899],"0a68184b1":[43,487,573,877,896,1232,1300],"0a7caa745":[1240,1343,1354],"0a9e38633":[75,99,111,307,344,350,575,581,626,745,770,849,975,979,1007,1025,1057,870,902,1112,1153,1186,1187,1192,1211,1274,1353,1360,1409],"0aaffc87f":[52,239],"0ac89d4f7":[935,1002,868],"0acbcf821":[300,347,553,755,1155,1260],"0ae3e279f":[82,102,355,512,520,525,560,603,643,699,777,842,996,1004,919,1130,1156,1172,1176,1269,1303,1309,1344],"0aecaa094":[279,305,338,464,522,562,608,614,658,665,713,746,785,809,976,988,1084,1104,1145,1180,1213,1287,1349,1357,250],"0afc31ed3":[108,269,468,471,577,591,690,711,790,794,813,845,992,1030,1076,872,909,1162,1166,1167,1174,1237,1245,1252,1259,1330,1340],"0bc3d2657":[91,467,472,492,499,510,530,561,594,622,623,432,678,701,747,756,774,784,830,859,985,998,1009,874,885,1119,1175,1216,1277,1332,1333,1414],"0bc6c3751":[84,672,796,1039,1081,1302],"0bfb8d85c":[223,1381],"0cb0e2d7d":[470,810,1054],"0cc8b0829":[370,568,767,780,857,1016,1044,882,1200,1212],"0cca12bb5":[48,203],"0cd96a965":[291,325,563,593,654,667,731,818,824,833,835,837,854,1028,1037,1048,1066,1070,895,1105,1109,1113,224,1214,1255,1263,1279,1284,1323],"0d16a8b73":[289,682,748,450,801,844,1089,892,1115,1267,1291,1296],"0d88f17a2":[287,519,1298,1311],"0d8afe367":[326,590,602,1197,1248],"0dd52cb31":[62,739],"0ddc50405":[354,361,853,1067],"0e0c40522":[302,511,529,458,1013,1026,894,1133,1204,1229,1326,1406],"0e5bc1e3f":[106,298,327,363,465,477,491,580,600,632,676,722,734,751,804,831,850,1005,1012,1041,1049,866,912,1134,1173,1190,1234,1266,1305,1327,1374,1384,1385,1388,1397],"0ea3cc3e1":[74,79,117,265,345,351,505,613,644,647,710,714,727,778,779,1000,1050,888],"0ed28257f":[880,1278,1329,260],"0ed726a41":[285,297,311,322,552,567,610,616,636,726,1001,1061,1074,1096,893,1147,1165,1198,1253,1310,1361,1372],"0eec30828":[340,578,700,709,442,758,803,825,1021,1023,1034,1035,1079,905,1241,1271,1283,1316,1336,1413],"0ef86bc3e":[0,4,6,8,9,11,12,15,17,20,21,22,29,30,31,34,536,538,373,413,377,378,380,381,382,383,384,385,386,388,389,390,392,393,394,396,397,399,400,402,407,409,410,121,123,125,126,127,129,130,133,134,135,139,141,144,145,146,148,149,151,153,154,156,158,921,923,926,927,929,931,934,161,163,165,169,171,173,176,177,181,182,183,184,251,186,187,189,192,193,194,195,200],"0f0d95be0":[280,296,744,795,217,1299],"0f3b49061":[488,494,983,995,1149,1179,1223,1363],"0f4388083":[92,333,612,695,708,750,761,1063,1071,1082,1094,1120,1164,1219,1261,1295,1301,1307,1405,1412],"0f8ad6704":[1014,1150,1231,240,1408],"0fb9d9d00":[81,329,342,364,483,495,518,546,576,642,657,697,728,754,768,851,977,948,1114,1161,1168,1182,1201,1239,1288,1390,1392,1395,1411],"0fe0698ed":[574,639,989,900,1342,1410,1416],"0ff1aafcc":[72,1,2,357,16,25,484,26,27,533,534,535,545,411,374,376,638,379,712,391,395,401,404,405,406,408,457,984,938,950,136,140,142,955,1093,958,959,147,152,208,155,904,915,1106,1123,1139,928,971,930,932,159,162,166,167,168,1224,227,179,180,1348,1352,185,188,1398,197,199]},"name":"58","importBase":"import","nativeBase":"native","debug":false,"isZip":false,"encrypted":false,"versions":{"import":["01005fa95","7b8a4","010291320","a8725","0122117ed","bdc0d","0150e6a25","9f7d3","0160c3e58","be7b1","01610ab04","b5648","01b5642ed","34a64","0216a8db0","0edfe","0224770a4","e4adc","0299cd384","85dad","0326b5034","8a8c1","0329544cf","11ae2","033a6ba4c","93b77","03425ca14","ff58e","037ddfd41","ecea8",93,"62221","040cdc6df","6fb0e","04214e9eb","1d083","0488e5ea3","8eb61","04e50076a","e505a","05248aa70","ac425","054b44aef","bee71","055eacd25","f8ede","0573590ac","83431","05740b0e6","41b7d","057eb46c7","d11c6","058a88234","b50c4","05c2924a8","30f67","05c3db1ef","8f1fd","05f9910a0","ee2e8","06366bd82","742a4",37,"a1d20","06abab17f","0b811","06e81a1bd","987ba","06eefad31","49770",3,"73f73","0713911c2","5b947","07544270c","c38c6","077906a06","7c2a2","077ae3a89","aa39e","077e37f6b","50928","077fbcc3a","8aefd","07bde3e55","5ed75","07d09dbfb","fd68d",5,"d8152","0808fbbd8","b6e06","0818e1831","92087","0824bc01e","9616f","085d7efc2","9ce71","086bf5b0f","3f760","08a2f8752","2a5b5","08b31e47e","8df92","08ed80272","78c9b","08f35e020","cb5d3","0929bd8ca","4665a","095a2fe00","fc2a8","0966ce6ef","d7af9","09679a5b6","4c96a",7,"789b1","09bda6841","58cdc","09dd8cc00","91eb3","09fcde223","41c63","0a23a7106","8dd93","0a24d626f","a16d0","0a529c56b","170b3","0a59c493d","8c2b6","0a5e380cd","deecb","0a68184b1","4eae2","0a7caa745","565a2","0a9e38633","edbdf","0aaffc87f","1b859","0ac89d4f7","8bdc5","0acbcf821","d3a76","0ae3e279f","fb211","0aecaa094","285fb","0afc31ed3","82045","0bc3d2657","b34e5","0bc6c3751","615b7","0bfb8d85c","5fe53","0cb0e2d7d","3c977","0cc8b0829","331bc","0cca12bb5","6ee6d","0cd96a965","185c2",40,"b5540","0d16a8b73","25bf0","0d88f17a2","cd4f9","0d8afe367","ef350","0dd52cb31","97ca7","0ddc50405","b58a0",274,"01b3b","0e0c40522","1595e","0e5bc1e3f","fbfec","0ea3cc3e1","6cb36",41,"2f1ab","0ed28257f","66fbe","0ed726a41","65721","0eec30828","736db","0ef86bc3e","efd5d","0f0d95be0","9e9d2","0f3b49061","38390","0f4388083","45a91","0f8ad6704","5d335","0fb9d9d00","937f3",201,"8e362","0fe0698ed","31305","0ff1aafcc","379ec",10,"69130",42,"058ed",45,"e0dc5",46,"19754",47,"e22cb",314,"c07fb",315,"42fd1",49,"0a9bb",13,"e283a",14,"078ac",337,"a46a1",359,"18a6d",53,"a0a02",54,"5c1ff",18,"4bd45",19,"57fa0",23,"a5fff",55,"2931c",24,"e0ae4",58,"4847c",496,"03367",59,"34a82",60,"655ee",61,"c368a",63,"0fff4",28,"5b13d",64,"118e5",65,"860d2",66,"01fc8",32,"1536e",33,"158df",67,"a935b",69,"33d0d",70,"11de7",71,"e24bf",35,"b2ef2",540,"21e09",542,"703ca",572,"bcf86",543,"a1855",537,"278d8",539,"7095f",544,"3f37e",372,"7a61b",412,"26da8",414,"b3233",375,"87076",609,"6ccd1",417,"836d1",418,"f6112",419,"7907b",420,"36679",421,"1148d",630,"4b2c1",422,"6b7a1",424,"052bd",426,"0116a",428,"fc5ae",429,"0bf57",430,"38426",663,"9bf2f",666,"0b827",433,"d42bf",435,"3756b",436,"4eecc",680,"dff6f",387,"25083",440,"4369d",441,"78810",398,"c2306",443,"1614b",444,"5f642",445,"a01b2",765,"d598c",446,"a2377",447,"77292",403,"bba2d",451,"09347",452,"c6a3b",455,"aa2d3",459,"4024e",122,"2623e",937,"90353",124,"3623a",939,"721a3",128,"2691b",941,"2c474",131,"8a9ee",942,"8a1a8",943,"d5b74",1019,"de6e9",944,"bf404",945,"489db",132,"60968",946,"01719",947,"9422b",949,"ca759",1046,"3642c",137,"e874e",951,"0a782",138,"1e1b0",952,"4164b",953,"fa10d",954,"19efa",956,"1aaa3",143,"07af3",957,"ca187",865,"e9dd0",150,"57457",205,"f2527",210,"ece8d",211,"73237",212,"0d9a8",214,"a0a7c",216,"9130f",916,"3392e",219,"546e0",157,"fa206",961,"1d642",962,"0d94b",963,"47f36",964,"b2a61",965,"c62e1",922,"e9260",969,"cc8c0",924,"975c5",970,"42391",925,"7c5c5",972,"c6d5f",973,"1b33b",933,"9931a",160,"96565",220,"a2028",221,"cdb21",164,"0bd7d",1181,"c4bf4",222,"f4c05",1188,"28394",170,"09808",226,"7f3d0",1230,"36ea6",172,"9bac4",228,"b0a9b",230,"01e44",174,"a22fe",175,"bdc85",231,"bb87e",232,"6b7bc",1270,"b3c2c",233,"d1471",178,"aa0f9",235,"c357b",237,"4156e",238,"4822f",1320,"73f75",241,"bf528",242,"b0594",244,"d8775",245,"9c37e",246,"cd772",248,"e3e82",249,"f8183",1356,"cf843",252,"534c1",253,"b4465",254,"c8345",255,"6bb7c",256,"b8410",1387,"b9e9a",1391,"2d0a0",257,"b7fa2",190,"461df",191,"89818",258,"564ef",196,"8e470",198,"40ce4",259,"c44a8",262,"ac0e0",1415,"a4513"],"native":[0,"0437e",1,"3d809",2,"dff3d",3,"10075",4,"ce8fb",5,"10075",6,"00b3d",7,"10075",8,"12817",9,"71cdf",10,"10075",11,"b4c2a",12,"86b9a",13,"10075",14,"10075",15,"e2fde",16,"a7aa0",17,"7fe35",18,"10075",19,"9d839",20,"4e02c",21,"30c37",22,"b8374",23,"10075",24,"3d2d9",25,"dd1ce",26,"0864c",27,"e233a",28,"21ce7",29,"7fc48",30,"138d1",31,"7ae56",32,"10075",33,"21ce7",34,"79fb6",35,"10075",533,"5a46e",534,"a9ce8",535,"d7a61",536,"238fc",537,"10075",538,"dea3e",539,"10075",372,"10075",373,"c3b9e",374,"98021",413,"4265d",375,"f438a",376,"055c5",377,"be2c1",378,"896b3",379,"2cd3c",380,"ed55a",381,"86e08",382,"c8ad3",383,"f7ca1",384,"71255",385,"0211e",386,"2728d",387,"10075",388,"7ff68",389,"7d929",390,"44dd6",391,"dc1ba",392,"e79f0",393,"0ff94",394,"d081e",395,"e727e",396,"8052d",397,"d7781",398,"10075",399,"29969",400,"9eb14",401,"745f6",402,"cd98b",403,"10075",404,"6550e",405,"d14d7",406,"5cea4",407,"18823",408,"eec29",409,"74810",410,"a5d32",121,"aa56e",122,"10075",123,"92c1d",124,"10075",125,"15074",126,"0f987",127,"d668a",128,"daf66",129,"a6109",130,"8afd5",131,"10075",132,"10075",133,"dd8b8",134,"04852",135,"a3f1c",136,"64d95",137,"10075",138,"a0e2e",139,"fa92a",140,"08d99",141,"e5d4f",142,"135d2",143,"10075",144,"83adc",145,"7c411",146,"62617",147,"b9fce",148,"dea50",149,"ad25e",150,"10075",151,"16bd4",152,"0a34f",153,"594f2",154,"e1049",155,"10471",156,"977ce",157,"10075",158,"d2916",921,"34c27",922,"21ce7",923,"32282",924,"fc3f5",925,"21ce7",926,"84c80",927,"c0fe5",928,"771dd",929,"e01fb",930,"da0eb",931,"b4160",932,"babe8",933,"21ce7",934,"164dd",159,"3a387",160,"10075",161,"d5328",162,"5b852",163,"8d4f3",164,"64aca",165,"5ec69",166,"99d2a",167,"81149",168,"14a70",169,"21a42",170,"21ce7",171,"c7fb9",172,"0670f",173,"5a58c",174,"10075",175,"21ce7",176,"42ab0",177,"396f4",178,"31056",179,"25e36",180,"b0ac6",181,"789a7",182,"0676b",183,"3265b",184,"9d997",185,"18ad1",251,"284a9",186,"3c88d",187,"8082a",188,"c3f38",189,"93a03",190,"10075",191,"10075",192,"df941",193,"f9c3c",194,"dc6ea",195,"889de",196,"10075",197,"89110",198,"21ce7",199,"fecba",200,"0d1e9"]}}