[1,["13LdGa+nhE7qmqukWwzYoe"],["_textureSetter"],["cc.SpriteFrame"],0,[[[{"name":"wh_vfx_b_11","rect":[1,607,200,168],"offset":[0,0],"originalSize":[200,168],"rotated":1,"capInsets":[0,0,0,0]}],[0],0,[0],[0],[0]],[[{"name":"wh_vfx_b_02","rect":[405,1,200,168],"offset":[0,0],"originalSize":[200,168],"capInsets":[0,0,0,0]}],[0],0,[0],[0],[0]],[[{"name":"wh_vfx_b_14","rect":[171,607,200,168],"offset":[0,0],"originalSize":[200,168],"rotated":1,"capInsets":[0,0,0,0]}],[0],0,[0],[0],[0]],[[{"name":"wh_vfx_b_24","rect":[511,851,200,168],"offset":[0,0],"originalSize":[200,168],"capInsets":[0,0,0,0]}],[0],0,[0],[0],[0]],[[{"name":"wh_vfx_b_23","rect":[511,681,200,168],"offset":[0,0],"originalSize":[200,168],"capInsets":[0,0,0,0]}],[0],0,[0],[0],[0]],[[{"name":"wh_vfx_b_05","rect":[1,171,200,168],"offset":[0,0],"originalSize":[200,168],"capInsets":[0,0,0,0]}],[0],0,[0],[0],[0]],[[{"name":"wh_vfx_b_18","rect":[745,405,200,168],"offset":[0,0],"originalSize":[200,168],"capInsets":[0,0,0,0]}],[0],0,[0],[0],[0]],[[{"name":"wh_vfx_b_17","rect":[543,341,200,168],"offset":[0,0],"originalSize":[200,168],"capInsets":[0,0,0,0]}],[0],0,[0],[0],[0]],[[{"name":"wh_vfx_b_22","rect":[341,745,200,168],"offset":[0,0],"originalSize":[200,168],"rotated":1,"capInsets":[0,0,0,0]}],[0],0,[0],[0],[0]],[[{"name":"wh_vfx_b_21","rect":[745,575,200,168],"offset":[0,0],"originalSize":[200,168],"capInsets":[0,0,0,0]}],[0],0,[0],[0],[0]],[[{"name":"wh_vfx_b_03","rect":[607,1,200,168],"offset":[0,0],"originalSize":[200,168],"capInsets":[0,0,0,0]}],[0],0,[0],[0],[0]],[[{"name":"wh_vfx_b_01","rect":[203,1,200,168],"offset":[0,0],"originalSize":[200,168],"capInsets":[0,0,0,0]}],[0],0,[0],[0],[0]],[[{"name":"wh_vfx_b_20","rect":[543,511,200,168],"offset":[0,0],"originalSize":[200,168],"capInsets":[0,0,0,0]}],[0],0,[0],[0],[0]],[[{"name":"wh_vfx_b_19","rect":[341,511,200,168],"offset":[0,0],"originalSize":[200,168],"capInsets":[0,0,0,0]}],[0],0,[0],[0],[0]],[[{"name":"wh_vfx_b_08","rect":[607,171,200,168],"offset":[0,0],"originalSize":[200,168],"capInsets":[0,0,0,0]}],[0],0,[0],[0],[0]],[[{"name":"wh_vfx_b_07","rect":[405,171,200,168],"offset":[0,0],"originalSize":[200,168],"capInsets":[0,0,0,0]}],[0],0,[0],[0],[0]],[[{"name":"wh_vfx_b_04","rect":[809,1,200,168],"offset":[0,0],"originalSize":[200,168],"rotated":1,"capInsets":[0,0,0,0]}],[0],0,[0],[0],[0]],[[{"name":"wh_vfx_b_15","rect":[171,809,200,168],"offset":[0,0],"originalSize":[200,168],"rotated":1,"capInsets":[0,0,0,0]}],[0],0,[0],[0],[0]],[[{"name":"wh_vfx_b_00","rect":[1,1,200,168],"offset":[0,0],"originalSize":[200,168],"capInsets":[0,0,0,0]}],[0],0,[0],[0],[0]],[[{"name":"wh_vfx_b_06","rect":[203,171,200,168],"offset":[0,0],"originalSize":[200,168],"capInsets":[0,0,0,0]}],[0],0,[0],[0],[0]],[[{"name":"wh_vfx_b_10","rect":[1,405,200,168],"offset":[0,0],"originalSize":[200,168],"rotated":1,"capInsets":[0,0,0,0]}],[0],0,[0],[0],[0]],[[{"name":"wh_vfx_b_12","rect":[1,809,200,168],"offset":[0,0],"originalSize":[200,168],"rotated":1,"capInsets":[0,0,0,0]}],[0],0,[0],[0],[0]],[[{"name":"wh_vfx_b_13","rect":[171,405,200,168],"offset":[0,0],"originalSize":[200,168],"rotated":1,"capInsets":[0,0,0,0]}],[0],0,[0],[0],[0]],[[{"name":"wh_vfx_b_25","rect":[713,745,200,168],"offset":[0,0],"originalSize":[200,168],"capInsets":[0,0,0,0]}],[0],0,[0],[0],[0]],[[{"name":"wh_vfx_b_16","rect":[341,341,200,168],"offset":[0,0],"originalSize":[200,168],"capInsets":[0,0,0,0]}],[0],0,[0],[0],[0]],[[{"name":"wh_vfx_b_09","rect":[809,203,200,168],"offset":[0,0],"originalSize":[200,168],"rotated":1,"capInsets":[0,0,0,0]}],[0],0,[0],[0],[0]]]]