[
  1,
  [
    "f2bUempchOqZfhdTz01e3r"
  ],
  0,
  [
    [
      "sp.SkeletonData",
      [
        "_name",
        "_atlasText",
        "textureNames",
        "_skeletonJson",
        "textures"
      ],
      -1,
      3
    ]
  ],
  [
    [
      0,
      0,
      1,
      2,
      3,
      4,
      5
    ]
  ],
  [
    [
      0,
      "Fish_1",
      "\r\n1999_Fish.png\r\nsize: 2033,1159\r\nformat: RGBA8888\r\nfilter: Linear,Linear\r\nrepeat: none\r\n1_x3/cahong\r\n  rotate: false\r\n  xy: 211, 127\r\n  size: 85, 318\r\n  orig: 85, 319\r\n  offset: 0, 1\r\n  index: -1\r\n1_x3/cahong Shadow\r\n  rotate: true\r\n  xy: 806, 647\r\n  size: 85, 318\r\n  orig: 85, 319\r\n  offset: 0, 1\r\n  index: -1\r\n1_x3/cahong1\r\n  rotate: false\r\n  xy: 1803, 16\r\n  size: 21, 84\r\n  orig: 21, 84\r\n  offset: 0, 0\r\n  index: -1\r\n",
      [
        "1999_Fish.png"
      ],
      {
        "skeleton": {
          "hash": "ysKfez66CEEve6NFl7Gn5S9r/SU",
          "spine": "3.7.94",
          "width": 62.2,
          "height": 22.26
        },
        "bones": [
          {
            "name": "root"
          },
          {
            "name": "Scale",
            "parent": "root",
            "scaleX": 0.123,
            "scaleY": 0.123
          },
          {
            "name": "bone",
            "parent": "Scale",
            "rotation": -90,
            "x": 148.49,
            "y": -1.49
          },
          {
            "name": "bone2",
            "parent": "bone",
            "length": 20.87,
            "rotation": 96.59,
            "x": -3.29,
            "y": 12.28
          },
          {
            "name": "bone3",
            "parent": "bone",
            "length": 64.33,
            "rotation": -89.62,
            "x": -0.82,
            "y": -12.65
          },
          {
            "name": "bone4",
            "parent": "bone3",
            "length": 57.09,
            "rotation": -1.64,
            "x": 69.01,
            "y": -0.03
          },
          {
            "name": "bone5",
            "parent": "bone4",
            "length": 45.06,
            "rotation": -4.47,
            "x": 62.15,
            "y": -0.82
          },
          {
            "name": "bone6",
            "parent": "bone5",
            "length": 35.47,
            "rotation": 2.18,
            "x": 49.51,
            "y": -0.56
          },
          {
            "name": "bone7",
            "parent": "bone6",
            "length": 59.04,
            "rotation": -5.39,
            "x": 49.07,
            "y": -1.45
          },
          {
            "name": "bone8",
            "parent": "bone7",
            "length": 73.8,
            "rotation": -4,
            "x": 66.44,
            "y": -1.01
          },
          {
            "name": "bone9",
            "parent": "bone8",
            "length": 44.72,
            "rotation": -7.46,
            "x": 83.01,
            "y": 3.74
          },
          {
            "name": "bone10",
            "parent": "bone7",
            "length": 56.06,
            "rotation": -18.07,
            "x": 31.21,
            "y": -17.32
          },
          {
            "name": "bone11",
            "parent": "bone10",
            "length": 54.9,
            "rotation": 4.41,
            "x": 63.76,
            "y": -0.09
          },
          {
            "name": "bone12",
            "parent": "bone7",
            "length": 52.52,
            "rotation": 15.14,
            "x": 29.69,
            "y": 15.87
          },
          {
            "name": "bone13",
            "parent": "bone12",
            "length": 66.24,
            "rotation": -10.28,
            "x": 54.39,
            "y": -0.19
          },
          {
            "name": "bone14",
            "parent": "bone3",
            "length": 48.34,
            "rotation": -1.25,
            "x": 48.31,
            "y": -6.5
          },
          {
            "name": "Shadow",
            "parent": "Scale",
            "rotation": -90
          }
        ],
        "slots": [
          {
            "name": "cahong Shadow",
            "bone": "Shadow",
            "attachment": "1_x3/cahong Shadow"
          },
          {
            "name": "cahong",
            "bone": "Scale",
            "attachment": "1_x3/cahong"
          },
          {
            "name": "cahong2",
            "bone": "bone14",
            "attachment": "1_x3/cahong1"
          }
        ],
        "skins": {
          "default": {
            "cahong": {
              "1_x3/cahong": {
                "type": "mesh",
                "hull": 34,
                "uvs": [
                  0.36037,
                  0.00001,
                  0.15567,
                  0.04422,
                  0,
                  0.11074,
                  0,
                  0.17259,
                  0,
                  0.23005,
                  0.12292,
                  0.33452,
                  0.00001,
                  0.42215,
                  0,
                  0.46804,
                  0.34132,
                  0.49007,
                  0.39592,
                  0.56013,
                  0.30752,
                  0.58957,
                  0.18012,
                  0.64646,
                  0.08912,
                  0.7068,
                  0,
                  0.78949,
                  0,
                  0.87273,
                  0.17546,
                  0.94377,
                  0.41603,
                  0.99999,
                  0.55548,
                  0.99999,
                  0.8488,
                  0.9438,
                  0.971,
                  0.87096,
                  1,
                  0.77379,
                  0.9294,
                  0.71691,
                  0.8247,
                  0.64718,
                  0.68277,
                  0.58941,
                  0.62,
                  0.55949,
                  0.6486,
                  0.49635,
                  0.99999,
                  0.46839,
                  0.99999,
                  0.4203,
                  0.8748,
                  0.34319,
                  1,
                  0.23676,
                  1,
                  0.16539,
                  1,
                  0.10643,
                  0.8724,
                  0.04894,
                  0.67109,
                  0.00639,
                  0.26984,
                  0.05151,
                  0.41818,
                  0.03252,
                  0.5836,
                  0.03498,
                  0.7344,
                  0.04816,
                  0.1494,
                  0.16704,
                  0.24248,
                  0.13972,
                  0.4796,
                  0.14761,
                  0.7188,
                  0.13582,
                  0.7786,
                  0.15663,
                  0.15344,
                  0.09941,
                  0.8644,
                  0.09698,
                  0.4848,
                  0.17837,
                  0.4822,
                  0.28936,
                  0.503,
                  0.47884
                ],
                "triangles": [
                  13,
                  21,
                  20,
                  19,
                  13,
                  20,
                  18,
                  15,
                  19,
                  11,
                  23,
                  22,
                  21,
                  12,
                  22,
                  11,
                  10,
                  23,
                  12,
                  11,
                  22,
                  13,
                  12,
                  21,
                  14,
                  13,
                  19,
                  15,
                  14,
                  19,
                  17,
                  16,
                  15,
                  18,
                  17,
                  15,
                  10,
                  9,
                  23,
                  9,
                  8,
                  47,
                  9,
                  47,
                  24,
                  9,
                  24,
                  23,
                  25,
                  47,
                  46,
                  8,
                  46,
                  47,
                  7,
                  6,
                  5,
                  8,
                  7,
                  5,
                  26,
                  25,
                  28,
                  26,
                  28,
                  27,
                  24,
                  47,
                  25,
                  41,
                  25,
                  46,
                  42,
                  41,
                  37,
                  39,
                  43,
                  34,
                  40,
                  39,
                  35,
                  40,
                  36,
                  41,
                  44,
                  31,
                  30,
                  42,
                  44,
                  30,
                  38,
                  2,
                  43,
                  38,
                  43,
                  39,
                  3,
                  2,
                  38,
                  45,
                  40,
                  41,
                  4,
                  3,
                  38,
                  42,
                  30,
                  29,
                  40,
                  45,
                  39,
                  5,
                  4,
                  38,
                  28,
                  42,
                  29,
                  41,
                  46,
                  45,
                  45,
                  8,
                  39,
                  46,
                  8,
                  45,
                  5,
                  38,
                  39,
                  8,
                  5,
                  39,
                  25,
                  41,
                  42,
                  25,
                  42,
                  28,
                  32,
                  37,
                  33,
                  36,
                  35,
                  0,
                  33,
                  36,
                  0,
                  36,
                  33,
                  37,
                  34,
                  1,
                  0,
                  34,
                  0,
                  35,
                  44,
                  37,
                  32,
                  43,
                  1,
                  34,
                  44,
                  32,
                  31,
                  43,
                  2,
                  1,
                  41,
                  36,
                  37,
                  40,
                  35,
                  36,
                  39,
                  34,
                  35,
                  44,
                  42,
                  37
                ],
                "vertices": [
                  2,
                  3,
                  39.89,
                  18.89,
                  0.99731,
                  4,
                  -64.27,
                  -17.58,
                  0.00269,
                  3,
                  3,
                  18.5,
                  46.36,
                  0.86438,
                  2,
                  -45.34,
                  30.19,
                  0.02814,
                  4,
                  -43.14,
                  -44.23,
                  0.10747,
                  4,
                  3,
                  -16.17,
                  67.47,
                  0.29415,
                  2,
                  -67.44,
                  -3.9,
                  0.06543,
                  4,
                  -9.19,
                  -66.56,
                  0.63808,
                  5,
                  -78.26,
                  -66.46,
                  0.00234,
                  4,
                  3,
                  -47.47,
                  67.47,
                  0.07411,
                  2,
                  -67.44,
                  -35.19,
                  0.02099,
                  4,
                  22.1,
                  -66.76,
                  0.85129,
                  5,
                  -46.97,
                  -66.69,
                  0.05361,
                  5,
                  3,
                  -76.55,
                  67.47,
                  0.00621,
                  2,
                  -67.44,
                  -64.27,
                  0.00114,
                  4,
                  51.18,
                  -66.96,
                  0.76105,
                  5,
                  -17.89,
                  -66.91,
                  0.22631,
                  6,
                  -76.75,
                  -69.88,
                  0.00529,
                  3,
                  4,
                  104.15,
                  -50.71,
                  0.09934,
                  5,
                  35.09,
                  -50.71,
                  0.59568,
                  6,
                  -24.61,
                  -51.14,
                  0.30498,
                  4,
                  4,
                  148.31,
                  -67.96,
                  0.00004,
                  5,
                  79.25,
                  -67.82,
                  0.13379,
                  6,
                  20.32,
                  -65.91,
                  0.85675,
                  7,
                  -35.13,
                  -62.03,
                  0.00942,
                  3,
                  5,
                  102.74,
                  -67.56,
                  0.01052,
                  6,
                  43.78,
                  -65,
                  0.94943,
                  7,
                  -11.7,
                  -64.22,
                  0.04004,
                  2,
                  6,
                  52.83,
                  -18.46,
                  0.40134,
                  7,
                  1.64,
                  -18.13,
                  0.59866,
                  3,
                  7,
                  37.42,
                  -12.61,
                  0.58365,
                  8,
                  -10.9,
                  -11.89,
                  0.38258,
                  11,
                  -42.05,
                  -5.9,
                  0.03377,
                  3,
                  7,
                  51.68,
                  -25.31,
                  0.01894,
                  8,
                  4.14,
                  -23.64,
                  0.62757,
                  11,
                  -24.44,
                  -13.25,
                  0.35349,
                  1,
                  11,
                  7.98,
                  -21.82,
                  1,
                  2,
                  12,
                  -25.99,
                  -22.03,
                  0.07231,
                  11,
                  40.72,
                  -25.19,
                  0.92769,
                  2,
                  12,
                  17.21,
                  -27.45,
                  0.95027,
                  11,
                  84.26,
                  -25.18,
                  0.04973,
                  2,
                  10,
                  1.54,
                  -66.71,
                  0.00367,
                  12,
                  58.82,
                  -20.94,
                  0.99633,
                  2,
                  10,
                  35.2,
                  -41.02,
                  0.31726,
                  12,
                  90.48,
                  7.93,
                  0.68274,
                  2,
                  10,
                  62.45,
                  -6.94,
                  0.98335,
                  12,
                  113.83,
                  44.49,
                  0.01665,
                  2,
                  10,
                  61.49,
                  11.88,
                  0.97017,
                  14,
                  123.98,
                  -42.9,
                  0.02983,
                  2,
                  10,
                  30.82,
                  49.77,
                  0.34537,
                  14,
                  102.75,
                  0.86,
                  0.65463,
                  2,
                  10,
                  -6.93,
                  64.11,
                  0.00022,
                  14,
                  69.17,
                  23.28,
                  0.99978,
                  2,
                  13,
                  80.2,
                  32.06,
                  0.03063,
                  14,
                  21.35,
                  35.36,
                  0.96937,
                  2,
                  13,
                  49.89,
                  31.44,
                  0.61539,
                  14,
                  -8.62,
                  30.77,
                  0.38461,
                  1,
                  13,
                  12.01,
                  28.35,
                  1,
                  3,
                  7,
                  53.93,
                  25.43,
                  0.06852,
                  8,
                  3.3,
                  27.06,
                  0.24771,
                  13,
                  -21.43,
                  18.55,
                  0.68377,
                  4,
                  6,
                  86.38,
                  20.57,
                  0.00426,
                  7,
                  38.68,
                  17.61,
                  0.62205,
                  8,
                  -11.6,
                  18.35,
                  0.25775,
                  13,
                  -38.54,
                  15.04,
                  0.11594,
                  3,
                  5,
                  117.5,
                  19.64,
                  0.03337,
                  6,
                  54.3,
                  23.12,
                  0.63185,
                  7,
                  6.97,
                  23.13,
                  0.33477,
                  2,
                  5,
                  103.6,
                  67.33,
                  0.22243,
                  6,
                  38.11,
                  69.87,
                  0.77757,
                  3,
                  4,
                  148.35,
                  67.24,
                  0.00003,
                  5,
                  79.4,
                  67.29,
                  0.36622,
                  6,
                  13.93,
                  68.96,
                  0.63375,
                  4,
                  2,
                  50.66,
                  -121.52,
                  0.00039,
                  4,
                  109.21,
                  50.76,
                  0.07151,
                  5,
                  40.24,
                  50.76,
                  0.7509,
                  6,
                  -24.38,
                  50.46,
                  0.1772,
                  4,
                  3,
                  -79.94,
                  -67.53,
                  0.00615,
                  2,
                  67.56,
                  -67.66,
                  0.03955,
                  4,
                  55.47,
                  68.02,
                  0.68601,
                  5,
                  -13.49,
                  68.06,
                  0.26829,
                  4,
                  3,
                  -43.83,
                  -67.53,
                  0.0965,
                  2,
                  67.56,
                  -31.55,
                  0.13889,
                  4,
                  19.36,
                  68.26,
                  0.72209,
                  5,
                  -49.6,
                  68.33,
                  0.04253,
                  4,
                  3,
                  -13.99,
                  -67.53,
                  0.30504,
                  2,
                  67.56,
                  -1.72,
                  0.22536,
                  4,
                  -10.48,
                  68.45,
                  0.46822,
                  5,
                  -79.43,
                  68.55,
                  0.00138,
                  3,
                  3,
                  15.16,
                  -50.21,
                  0.6328,
                  2,
                  50.41,
                  27.2,
                  0.19049,
                  4,
                  -39.51,
                  51.5,
                  0.17671,
                  3,
                  3,
                  36.66,
                  -23.07,
                  0.93313,
                  2,
                  23.12,
                  48.43,
                  0.05107,
                  4,
                  -60.92,
                  24.35,
                  0.0158,
                  3,
                  3,
                  13.73,
                  31.25,
                  0.78709,
                  2,
                  -31.28,
                  26.47,
                  0.05165,
                  4,
                  -39.32,
                  -30.2,
                  0.16125,
                  3,
                  3,
                  23.37,
                  11.01,
                  0.99102,
                  2,
                  -11.12,
                  35.65,
                  0.00043,
                  4,
                  -48.37,
                  -9.98,
                  0.00855,
                  3,
                  3,
                  22.16,
                  -11.32,
                  0.97669,
                  2,
                  11.34,
                  34.44,
                  0.02032,
                  4,
                  -47,
                  12.48,
                  0.003,
                  3,
                  3,
                  15.49,
                  -31.67,
                  0.78135,
                  2,
                  31.7,
                  27.77,
                  0.13767,
                  4,
                  -40.2,
                  32.79,
                  0.08097,
                  4,
                  3,
                  -44.66,
                  47.3,
                  0.07154,
                  2,
                  -47.27,
                  -32.38,
                  0.02389,
                  4,
                  19.43,
                  -46.58,
                  0.87215,
                  5,
                  -49.62,
                  -46.51,
                  0.03243,
                  4,
                  3,
                  -30.36,
                  35.02,
                  0.12559,
                  2,
                  -34.83,
                  -18.56,
                  0.07742,
                  4,
                  5.69,
                  -34.04,
                  0.79536,
                  5,
                  -63.23,
                  -33.91,
                  0.00164,
                  2,
                  3,
                  -34.83,
                  2.72,
                  0.00006,
                  4,
                  9.89,
                  -1.94,
                  0.99994,
                  4,
                  3,
                  -28.87,
                  -29.57,
                  0.12624,
                  2,
                  29.6,
                  -16.59,
                  0.19816,
                  4,
                  4.14,
                  30.39,
                  0.67461,
                  5,
                  -64.84,
                  30.48,
                  0.00099,
                  4,
                  3,
                  -39.4,
                  -37.64,
                  0.08319,
                  2,
                  37.67,
                  -27.12,
                  0.13754,
                  4,
                  14.73,
                  38.4,
                  0.76587,
                  5,
                  -54.26,
                  38.47,
                  0.0134,
                  4,
                  3,
                  -10.19,
                  46.71,
                  0.39977,
                  2,
                  -46.71,
                  1.66,
                  0.09617,
                  4,
                  -14.61,
                  -45.79,
                  0.50402,
                  5,
                  -83.56,
                  -45.69,
                  0.00005,
                  4,
                  3,
                  -9.21,
                  -49.22,
                  0.37858,
                  2,
                  49.25,
                  3.07,
                  0.23931,
                  4,
                  -15.38,
                  50.18,
                  0.38203,
                  5,
                  -84.35,
                  50.28,
                  0.00008,
                  1,
                  4,
                  25.46,
                  -1.34,
                  1,
                  3,
                  4,
                  81.62,
                  -2.06,
                  0.00578,
                  5,
                  12.6,
                  -2.04,
                  0.99323,
                  6,
                  -49.43,
                  -3.61,
                  0.00099,
                  3,
                  5,
                  108.5,
                  0.05,
                  0.00215,
                  6,
                  46.25,
                  3.12,
                  0.83161,
                  7,
                  -2.9,
                  3.96,
                  0.16624
                ]
              }
            },
            "cahong Shadow": {
              "1_x3/cahong Shadow": {
                "type": "mesh",
                "color": "ffffffaa",
                "hull": 26,
                "uvs": [
                  0.41722,
                  0.99937,
                  0.22642,
                  0.94891,
                  0,
                  0.89298,
                  0,
                  0.78991,
                  0.11807,
                  0.68307,
                  0.41722,
                  0.56806,
                  0.35834,
                  0.48448,
                  0,
                  0.46751,
                  0,
                  0.40159,
                  0.15682,
                  0.33992,
                  0,
                  0.23811,
                  0,
                  0.1142,
                  0.24398,
                  0,
                  0.75749,
                  0,
                  1,
                  0.11294,
                  1,
                  0.24115,
                  0.847,
                  0.33982,
                  1,
                  0.40078,
                  1,
                  0.46928,
                  0.635,
                  0.48436,
                  0.58318,
                  0.56792,
                  0.8949,
                  0.68274,
                  1,
                  0.79021,
                  1,
                  0.89442,
                  0.76299,
                  0.95035,
                  0.59104,
                  1
                ],
                "triangles": [
                  11,
                  13,
                  14,
                  10,
                  11,
                  14,
                  11,
                  12,
                  13,
                  10,
                  14,
                  15,
                  16,
                  10,
                  15,
                  9,
                  10,
                  16,
                  7,
                  8,
                  9,
                  16,
                  17,
                  18,
                  19,
                  9,
                  16,
                  19,
                  16,
                  18,
                  7,
                  9,
                  6,
                  6,
                  9,
                  19,
                  19,
                  5,
                  6,
                  20,
                  5,
                  19,
                  4,
                  5,
                  20,
                  4,
                  20,
                  21,
                  2,
                  3,
                  22,
                  4,
                  21,
                  22,
                  3,
                  4,
                  22,
                  2,
                  22,
                  23,
                  24,
                  1,
                  2,
                  23,
                  24,
                  2,
                  0,
                  1,
                  24,
                  25,
                  0,
                  24
                ],
                "vertices": [
                  1,
                  10,
                  51.38,
                  33.93,
                  1,
                  1,
                  10,
                  34,
                  10.36,
                  1,
                  1,
                  10,
                  15.25,
                  -17.33,
                  1,
                  1,
                  9,
                  54.03,
                  -16.33,
                  1,
                  1,
                  9,
                  11.34,
                  -4.43,
                  1,
                  1,
                  8,
                  30.71,
                  26.15,
                  1,
                  1,
                  8,
                  -1.62,
                  15.13,
                  1,
                  1,
                  7,
                  42.39,
                  -25.13,
                  1,
                  1,
                  7,
                  15.62,
                  -25.4,
                  1,
                  1,
                  7,
                  -9.6,
                  -8.67,
                  1,
                  1,
                  6,
                  2.11,
                  -30.85,
                  1,
                  1,
                  4,
                  79.61,
                  -33.21,
                  1,
                  1,
                  3,
                  -57.55,
                  10.45,
                  1,
                  1,
                  3,
                  -63.94,
                  -44.82,
                  1,
                  1,
                  4,
                  79.82,
                  75.15,
                  1,
                  1,
                  6,
                  -7.48,
                  77.08,
                  1,
                  1,
                  7,
                  -10.41,
                  66.11,
                  1,
                  1,
                  7,
                  14.17,
                  82.94,
                  1,
                  1,
                  7,
                  41.99,
                  83.23,
                  1,
                  1,
                  8,
                  -4.79,
                  44.94,
                  1,
                  1,
                  8,
                  30.64,
                  44.13,
                  1,
                  1,
                  9,
                  5.26,
                  79.53,
                  1,
                  1,
                  9,
                  51.81,
                  92,
                  1,
                  1,
                  10,
                  -0.55,
                  89.86,
                  1,
                  1,
                  10,
                  25.79,
                  67.91,
                  1,
                  1,
                  10,
                  48.54,
                  52.55,
                  1
                ]
              }
            },
            "cahong2": {
              "1_x3/cahong1": {
                "x": 34.79,
                "y": -8.49,
                "rotation": 90.87,
                "width": 34,
                "height": 134
              }
            }
          }
        },
        "animations": {
          "animation": {
            "bones": {
              "bone2": {
                "rotate": [
                  {
                    "time": 0,
                    "angle": 0
                  },
                  {
                    "time": 0.4333,
                    "angle": -9.24,
                    "curve": [
                      0.172,
                      0.28,
                      0.848,
                      0.83
                    ]
                  },
                  {
                    "time": 0.8333,
                    "angle": 0
                  }
                ],
                "translate": [
                  {
                    "time": 0,
                    "x": 0,
                    "y": 0
                  },
                  {
                    "time": 0.4333,
                    "x": 4.67,
                    "y": 0,
                    "curve": [
                      0.172,
                      0.28,
                      0.848,
                      0.83
                    ]
                  },
                  {
                    "time": 0.8333,
                    "x": 0,
                    "y": 0
                  }
                ]
              },
              "bone4": {
                "rotate": [
                  {
                    "time": 0,
                    "angle": 0
                  },
                  {
                    "time": 0.4333,
                    "angle": 4.1,
                    "curve": [
                      0.172,
                      0.28,
                      0.848,
                      0.83
                    ]
                  },
                  {
                    "time": 0.8333,
                    "angle": 0
                  }
                ]
              },
              "bone5": {
                "rotate": [
                  {
                    "time": 0,
                    "angle": 0
                  },
                  {
                    "time": 0.4333,
                    "angle": 4.1,
                    "curve": [
                      0.172,
                      0.28,
                      0.848,
                      0.83
                    ]
                  },
                  {
                    "time": 0.8333,
                    "angle": 0
                  }
                ]
              },
              "bone6": {
                "rotate": [
                  {
                    "time": 0,
                    "angle": 0
                  },
                  {
                    "time": 0.1,
                    "angle": -1.15
                  },
                  {
                    "time": 0.4333,
                    "angle": 5.38,
                    "curve": [
                      0.19,
                      0.27,
                      0.565,
                      0.63
                    ]
                  },
                  {
                    "time": 0.4667,
                    "angle": 6.89,
                    "curve": [
                      0.376,
                      0.39,
                      0.855,
                      0.82
                    ]
                  },
                  {
                    "time": 0.8333,
                    "angle": 0
                  }
                ]
              },
              "bone7": {
                "rotate": [
                  {
                    "time": 0,
                    "angle": 0
                  },
                  {
                    "time": 0.1,
                    "angle": -1.62
                  },
                  {
                    "time": 0.4333,
                    "angle": 5.38,
                    "curve": [
                      0.172,
                      0.28,
                      0.848,
                      0.83
                    ]
                  },
                  {
                    "time": 0.8333,
                    "angle": 0
                  }
                ]
              },
              "bone8": {
                "rotate": [
                  {
                    "time": 0,
                    "angle": 0
                  },
                  {
                    "time": 0.1,
                    "angle": -5.91
                  },
                  {
                    "time": 0.4333,
                    "angle": 5.38,
                    "curve": [
                      0.172,
                      0.28,
                      0.848,
                      0.83
                    ]
                  },
                  {
                    "time": 0.4667,
                    "angle": 8.9
                  },
                  {
                    "time": 0.8333,
                    "angle": 0
                  }
                ]
              },
              "bone9": {
                "rotate": [
                  {
                    "time": 0,
                    "angle": 0
                  },
                  {
                    "time": 0.1,
                    "angle": -5.91
                  },
                  {
                    "time": 0.4333,
                    "angle": 5.38,
                    "curve": [
                      0.172,
                      0.28,
                      0.848,
                      0.83
                    ]
                  },
                  {
                    "time": 0.4667,
                    "angle": 8.9
                  },
                  {
                    "time": 0.8333,
                    "angle": 0
                  }
                ]
              },
              "bone10": {
                "rotate": [
                  {
                    "time": 0,
                    "angle": 0
                  },
                  {
                    "time": 0.1,
                    "angle": -2.92
                  },
                  {
                    "time": 0.4333,
                    "angle": 4.1,
                    "curve": [
                      0.172,
                      0.28,
                      0.848,
                      0.83
                    ]
                  },
                  {
                    "time": 0.4667,
                    "angle": 8.05
                  },
                  {
                    "time": 0.8333,
                    "angle": 0
                  }
                ]
              },
              "bone11": {
                "rotate": [
                  {
                    "time": 0,
                    "angle": 0
                  },
                  {
                    "time": 0.1,
                    "angle": -2.92
                  },
                  {
                    "time": 0.4333,
                    "angle": 4.1,
                    "curve": [
                      0.172,
                      0.28,
                      0.848,
                      0.83
                    ]
                  },
                  {
                    "time": 0.4667,
                    "angle": 8.05
                  },
                  {
                    "time": 0.8333,
                    "angle": 0
                  }
                ]
              },
              "bone12": {
                "rotate": [
                  {
                    "time": 0,
                    "angle": 0
                  },
                  {
                    "time": 0.1,
                    "angle": -2.92
                  },
                  {
                    "time": 0.4333,
                    "angle": 4.1,
                    "curve": [
                      0.172,
                      0.28,
                      0.848,
                      0.83
                    ]
                  },
                  {
                    "time": 0.4667,
                    "angle": 8.05
                  },
                  {
                    "time": 0.8333,
                    "angle": 0
                  }
                ]
              },
              "bone13": {
                "rotate": [
                  {
                    "time": 0,
                    "angle": 0
                  },
                  {
                    "time": 0.1,
                    "angle": -2.92
                  },
                  {
                    "time": 0.4333,
                    "angle": 4.1,
                    "curve": [
                      0.172,
                      0.28,
                      0.848,
                      0.83
                    ]
                  },
                  {
                    "time": 0.4667,
                    "angle": 8.05
                  },
                  {
                    "time": 0.8333,
                    "angle": 0
                  }
                ]
              },
              "bone14": {
                "rotate": [
                  {
                    "time": 0,
                    "angle": 0
                  },
                  {
                    "time": 0.4333,
                    "angle": 15.03,
                    "curve": [
                      0.172,
                      0.28,
                      0.848,
                      0.83
                    ]
                  },
                  {
                    "time": 0.8333,
                    "angle": 0
                  }
                ],
                "translate": [
                  {
                    "time": 0,
                    "x": 0,
                    "y": 0
                  },
                  {
                    "time": 0.4333,
                    "x": 0.05,
                    "y": 7.26,
                    "curve": [
                      0.172,
                      0.28,
                      0.848,
                      0.83
                    ]
                  },
                  {
                    "time": 0.8333,
                    "x": 0,
                    "y": 0
                  }
                ],
                "scale": [
                  {
                    "time": 0,
                    "x": 1,
                    "y": 1
                  },
                  {
                    "time": 0.4333,
                    "x": 1,
                    "y": 0.532,
                    "curve": [
                      0.172,
                      0.28,
                      0.848,
                      0.83
                    ]
                  },
                  {
                    "time": 0.8333,
                    "x": 1,
                    "y": 1
                  }
                ]
              }
            },
            "deform": {
              "default": {
                "cahong": {
                  "1_x3/cahong": [
                    {
                      "time": 0
                    },
                    {
                      "time": 0.4333,
                      "offset": 18,
                      "vertices": [
                        -6.53545,
                        -0.30266,
                        0.00001,
                        -6.54239,
                        6.54221,
                        -0.04333,
                        6.53419,
                        -0.32368,
                        0,
                        0,
                        0,
                        0,
                        0,
                        0,
                        0,
                        0,
                        0,
                        0,
                        0,
                        0,
                        0,
                        0,
                        0,
                        0,
                        0,
                        0,
                        0,
                        0,
                        0,
                        0,
                        0,
                        0,
                        0,
                        0,
                        0,
                        0,
                        0,
                        0,
                        0,
                        0,
                        0,
                        0,
                        0,
                        0,
                        0,
                        0,
                        0,
                        0,
                        0,
                        0,
                        0,
                        0,
                        0,
                        0,
                        0,
                        0,
                        0,
                        0,
                        0,
                        0,
                        0,
                        0,
                        0,
                        0,
                        0,
                        0,
                        0,
                        0,
                        0,
                        0,
                        0,
                        0,
                        0,
                        0,
                        0,
                        0,
                        0,
                        0,
                        0,
                        0,
                        0,
                        0,
                        0,
                        0,
                        0,
                        0,
                        0,
                        0,
                        0,
                        0,
                        0,
                        0,
                        0,
                        0,
                        0,
                        0,
                        0,
                        0,
                        0,
                        0,
                        0,
                        0,
                        0,
                        0,
                        0,
                        0,
                        0,
                        0,
                        0,
                        0,
                        0,
                        0,
                        0,
                        0,
                        0,
                        0,
                        0,
                        0,
                        0,
                        0,
                        0,
                        0,
                        0,
                        0,
                        0,
                        0,
                        0,
                        0,
                        0,
                        0,
                        0,
                        0,
                        0,
                        0,
                        0,
                        0,
                        0,
                        0,
                        0,
                        0,
                        0,
                        0,
                        0,
                        0,
                        -6.53545,
                        -0.30266,
                        0.00001,
                        -6.54239,
                        6.54221,
                        -0.04333,
                        0,
                        0,
                        0,
                        0,
                        0,
                        0,
                        0,
                        0,
                        0,
                        0,
                        0,
                        0,
                        0,
                        0,
                        0,
                        0,
                        -0.38543,
                        2.72642,
                        2.18599,
                        0.25813,
                        0.00002,
                        5.5797,
                        0,
                        0,
                        -6.53545,
                        -0.30266,
                        0.00001,
                        -6.54239,
                        6.0192,
                        -2.5632,
                        -6.53545,
                        -0.30266,
                        0.00001,
                        -6.54239,
                        6.0192,
                        -2.5632,
                        -6.53545,
                        -0.30266,
                        0.00001,
                        -6.54239,
                        6.0192,
                        -2.5632,
                        -6.53545,
                        -0.30266,
                        0.00001,
                        -6.54239,
                        6.41358,
                        0,
                        -1.2915,
                        0,
                        6.45636,
                        0,
                        -1.05754,
                        0,
                        0,
                        0,
                        0,
                        0,
                        0,
                        0,
                        0,
                        0,
                        0,
                        0,
                        0,
                        0,
                        0,
                        0,
                        0,
                        0,
                        0,
                        0,
                        0,
                        0,
                        0,
                        0,
                        0,
                        0,
                        6.54221,
                        0,
                        -0.04333,
                        0,
                        -1.2915,
                        0,
                        6.45636,
                        0,
                        -1.05754,
                        0,
                        6.52154
                      ],
                      "curve": [
                        0.172,
                        0.28,
                        0.848,
                        0.83
                      ]
                    },
                    {
                      "time": 0.8333
                    }
                  ]
                }
              }
            }
          }
        }
      },
      [
        0
      ]
    ]
  ],
  0,
  0,
  [
    0
  ],
  [
    -1
  ],
  [
    0
  ]
]