[
  1,
  [
    "90yWuZYMBOlZDM7URetsL/",
    "af2q4ixCBFLK+FhHykzmVP",
    "c5ZwNX2sZCk43iO4Inbrbl",
    "ecFzQ7URBJu5RWtHmfXdv7",
    "687yMpWJ1DVqT6h1a/oW4H",
    "24QgmYuXhHp60yDlu+EGto",
    "13fM6LDqJElIh2vT7fp/18",
    "3efHva8YxBtLskjkTISCgE",
    "63cRIcj65MNIRnkbhHlsQz",
    "3elX0jNSpCPZYgWmmhsLcr",
    "6blbvASdJJ1oGqieEXrQJx",
    "34hsMDSRRN45iNAArrL4ge",
    "c30vlm/qRL5r3ccq8ch2Fx",
    "4dukClkJVONKCjQ8fk0xPJ",
    "313nlwjBxEBZhLhM92FUjX",
    "8a1iSiRudLSL8/zP00lu1w",
    "ecJ9h3HHxIfr2A6w7UHVNf",
    "26a4i96lRLuYI4gsolTafS",
    "8383EAK0FB6q+SWJ+Gm4Wm",
    "03PvA0dnlOX73i2CpN7jEr",
    "72Sw3jG3tHvKzZ5fjNnD+h",
    "18+WdS+ldLvLa+VEYWrHHw",
    "11moogj+VP8JEcKHt+ZYFC",
    "4a0n2NPzJEl74DTWi7lttA",
    "30tP8MaBNF3arzVvUWrO3X",
    "1aFgfZ4mpPaqTreehMvxa1",
    "94CoUXtXJNcasELFgnEA0F",
    "50bMTiY6lFlKyol88epCBI",
    "55PgCsXu1FWK7HQXDPf8b1",
    "43Au/X8DhCOKtLWikioFjk",
    "51lKE23mBA8K6A8kyNupbj",
    "36keVXmLdEb6pWiQ/l9xg/",
    "5cHQ+afiVCn6yVgBVPylOc",
    "beLKBIK+5AqLCFA4Sc2rsN",
    "a0Y+Xros5OaLQar7Wdri/J",
    "63z8hsONdD660Ys6CjEd9e",
    "cfee4dnidIm5/TmyeJiX8t",
    "c5un04qQJI7bWzTPY1cLCI",
    "8c58yWdchGG4aWUhDghDBi",
    "7dkC3rtmdNNp4SWh5YcuhA",
    "08QvZTGwtEfbP+HKsZyQJ6",
    "7fe9C6QvdDN4gJ0kLgL6Wq",
    "12InbK+zpAU6dut7io6uJZ",
    "c5XBXeffVBU4Vpi98LodJD",
    "b9eH8nQN5O+Kec2e2ke9G6",
    "e2kQ24udhBsbG8wgh+Kr2f",
    "04L2UUxAFEaaH+xOtKFgB+",
    "41w4XdDZdHqo9Yax4UHZBR"
  ],
  [
    "value"
  ],
  [
    [
      "cc.AnimationClip",
      [
        "_name",
        "_duration",
        "curveData"
      ],
      1,
      11
    ]
  ],
  [
    [
      0,
      0,
      1,
      2,
      3
    ]
  ],
  [
    [
      0,
      "DTEffectWild",
      0.8166666666666667,
      [
        {},
        "comps",
        11,
        [
          {},
          "cc.Sprite",
          11,
          [
            {},
            "spriteFrame",
            12,
            [
              [
                [
                  {
                    "frame": 0
                  },
                  "value",
                  6,
                  0
                ],
                [
                  {
                    "frame": 0.016666666666666666
                  },
                  "value",
                  6,
                  1
                ],
                [
                  {
                    "frame": 0.03333333333333333
                  },
                  "value",
                  6,
                  2
                ],
                [
                  {
                    "frame": 0.05
                  },
                  "value",
                  6,
                  3
                ],
                [
                  {
                    "frame": 0.06666666666666667
                  },
                  "value",
                  6,
                  4
                ],
                [
                  {
                    "frame": 0.08333333333333333
                  },
                  "value",
                  6,
                  5
                ],
                [
                  {
                    "frame": 0.1
                  },
                  "value",
                  6,
                  6
                ],
                [
                  {
                    "frame": 0.11666666666666667
                  },
                  "value",
                  6,
                  7
                ],
                [
                  {
                    "frame": 0.13333333333333333
                  },
                  "value",
                  6,
                  8
                ],
                [
                  {
                    "frame": 0.15
                  },
                  "value",
                  6,
                  9
                ],
                [
                  {
                    "frame": 0.16666666666666666
                  },
                  "value",
                  6,
                  10
                ],
                [
                  {
                    "frame": 0.18333333333333332
                  },
                  "value",
                  6,
                  11
                ],
                [
                  {
                    "frame": 0.2
                  },
                  "value",
                  6,
                  12
                ],
                [
                  {
                    "frame": 0.21666666666666667
                  },
                  "value",
                  6,
                  13
                ],
                [
                  {
                    "frame": 0.23333333333333334
                  },
                  "value",
                  6,
                  14
                ],
                [
                  {
                    "frame": 0.25
                  },
                  "value",
                  6,
                  15
                ],
                [
                  {
                    "frame": 0.26666666666666666
                  },
                  "value",
                  6,
                  16
                ],
                [
                  {
                    "frame": 0.2833333333333333
                  },
                  "value",
                  6,
                  17
                ],
                [
                  {
                    "frame": 0.3
                  },
                  "value",
                  6,
                  18
                ],
                [
                  {
                    "frame": 0.31666666666666665
                  },
                  "value",
                  6,
                  19
                ],
                [
                  {
                    "frame": 0.3333333333333333
                  },
                  "value",
                  6,
                  20
                ],
                [
                  {
                    "frame": 0.35
                  },
                  "value",
                  6,
                  21
                ],
                [
                  {
                    "frame": 0.36666666666666664
                  },
                  "value",
                  6,
                  22
                ],
                [
                  {
                    "frame": 0.38333333333333336
                  },
                  "value",
                  6,
                  23
                ],
                [
                  {
                    "frame": 0.4
                  },
                  "value",
                  6,
                  24
                ],
                [
                  {
                    "frame": 0.4166666666666667
                  },
                  "value",
                  6,
                  25
                ],
                [
                  {
                    "frame": 0.43333333333333335
                  },
                  "value",
                  6,
                  26
                ],
                [
                  {
                    "frame": 0.45
                  },
                  "value",
                  6,
                  27
                ],
                [
                  {
                    "frame": 0.4666666666666667
                  },
                  "value",
                  6,
                  28
                ],
                [
                  {
                    "frame": 0.48333333333333334
                  },
                  "value",
                  6,
                  29
                ],
                [
                  {
                    "frame": 0.5
                  },
                  "value",
                  6,
                  30
                ],
                [
                  {
                    "frame": 0.5166666666666667
                  },
                  "value",
                  6,
                  31
                ],
                [
                  {
                    "frame": 0.5333333333333333
                  },
                  "value",
                  6,
                  32
                ],
                [
                  {
                    "frame": 0.55
                  },
                  "value",
                  6,
                  33
                ],
                [
                  {
                    "frame": 0.5666666666666667
                  },
                  "value",
                  6,
                  34
                ],
                [
                  {
                    "frame": 0.5833333333333334
                  },
                  "value",
                  6,
                  35
                ],
                [
                  {
                    "frame": 0.6
                  },
                  "value",
                  6,
                  36
                ],
                [
                  {
                    "frame": 0.6166666666666667
                  },
                  "value",
                  6,
                  37
                ],
                [
                  {
                    "frame": 0.6333333333333333
                  },
                  "value",
                  6,
                  38
                ],
                [
                  {
                    "frame": 0.65
                  },
                  "value",
                  6,
                  39
                ],
                [
                  {
                    "frame": 0.6666666666666666
                  },
                  "value",
                  6,
                  40
                ],
                [
                  {
                    "frame": 0.6833333333333333
                  },
                  "value",
                  6,
                  41
                ],
                [
                  {
                    "frame": 0.7
                  },
                  "value",
                  6,
                  42
                ],
                [
                  {
                    "frame": 0.7166666666666667
                  },
                  "value",
                  6,
                  43
                ],
                [
                  {
                    "frame": 0.7333333333333333
                  },
                  "value",
                  6,
                  44
                ],
                [
                  {
                    "frame": 0.75
                  },
                  "value",
                  6,
                  45
                ],
                [
                  {
                    "frame": 0.7666666666666667
                  },
                  "value",
                  6,
                  46
                ],
                [
                  {
                    "frame": 0.7833333333333333
                  },
                  "value",
                  6,
                  47
                ],
                {
                  "frame": 0.8,
                  "value": null
                }
              ],
              11,
              11,
              11,
              11,
              11,
              11,
              11,
              11,
              11,
              11,
              11,
              11,
              11,
              11,
              11,
              11,
              11,
              11,
              11,
              11,
              11,
              11,
              11,
              11,
              11,
              11,
              11,
              11,
              11,
              11,
              11,
              11,
              11,
              11,
              11,
              11,
              11,
              11,
              11,
              11,
              11,
              11,
              11,
              11,
              11,
              11,
              11,
              11,
              0
            ]
          ]
        ]
      ]
    ]
  ],
  0,
  0,
  [
    0,
    0,
    0,
    0,
    0,
    0,
    0,
    0,
    0,
    0,
    0,
    0,
    0,
    0,
    0,
    0,
    0,
    0,
    0,
    0,
    0,
    0,
    0,
    0,
    0,
    0,
    0,
    0,
    0,
    0,
    0,
    0,
    0,
    0,
    0,
    0,
    0,
    0,
    0,
    0,
    0,
    0,
    0,
    0,
    0,
    0,
    0,
    0
  ],
  [
    0,
    0,
    0,
    0,
    0,
    0,
    0,
    0,
    0,
    0,
    0,
    0,
    0,
    0,
    0,
    0,
    0,
    0,
    0,
    0,
    0,
    0,
    0,
    0,
    0,
    0,
    0,
    0,
    0,
    0,
    0,
    0,
    0,
    0,
    0,
    0,
    0,
    0,
    0,
    0,
    0,
    0,
    0,
    0,
    0,
    0,
    0,
    0
  ],
  [
    0,
    1,
    2,
    3,
    4,
    5,
    6,
    7,
    8,
    9,
    10,
    11,
    12,
    13,
    14,
    15,
    16,
    17,
    18,
    19,
    20,
    21,
    22,
    23,
    24,
    25,
    26,
    27,
    28,
    29,
    30,
    31,
    32,
    33,
    34,
    35,
    36,
    37,
    38,
    39,
    40,
    41,
    42,
    43,
    44,
    45,
    46,
    47
  ]
]