[1,["e8DzayOmVOSrHqekMXwfAb","cbOqvBhmZGC7mFenMVMSjD","f5c+Vbs2hEKKYGnWUJIOyO","41ryyHvphJDpbRJx0Xd2Lv","f45qC/wA5FQ75laI851DPg","f2VksGoQdPuZgVMUiagzFJ","9bHYrZ3+BErJ45XJUziEVh","ceUe6ps19IebTK/gvUJgf1","92+OtMfDJGKaa3bK0lo9cQ","2ejeZHyKxO7LsaQq6DKQSP","56zADhgeZC0LlKt9nyNxXN","56fJbYXSlPhKhdqdA6zol2","42UoojyKxBpIWmYk6Zz63s","b0pcNIk1lNs4szfZAQHB0s","72uVliVWBG4r3BfcoESw5Q","78qy095iFCoqyxrFu1+Cqw","684ec9Ya1BcYGTE3D5qEMX","3cLsgQD8VE+Iw/Sbeqp4cT","9fhtbrhxVPKZIX7nmCZvxz","53tbspwhJIT7QKV9D9DHxU","28q4eQUOZG1raaA1H0rF08","692JuhQyRInZBeJwGByYl6","5bBsrvgeROb76Wza1Wk9qZ","47NVMq6nBFz4aliG1i1zUC","09N7SqkJ1Cva4hrIKv88v4"],["_textureSetter","sd_vfx_b_screen_22","sd_vfx_b_screen_15","sd_vfx_b_screen_04","sd_vfx_b_screen_00","sd_vfx_b_screen_17","sd_vfx_b_screen_18","sd_vfx_b_screen_05","sd_vfx_b_screen_13","sd_vfx_b_screen_16","sd_vfx_b_screen_12","sd_vfx_b_screen_11","sd_vfx_b_screen_09","sd_vfx_b_screen_03","sd_vfx_b_screen_02","sd_vfx_b_screen_20","sd_vfx_b_screen_01","sd_vfx_b_screen_08","sd_vfx_b_screen_07","sd_vfx_b_screen_23","sd_vfx_b_screen_14","sd_vfx_b_screen_19","sd_vfx_b_screen_06","sd_vfx_b_screen_10","sd_vfx_b_screen_21"],["cc.SpriteFrame",["cc.SpriteAtlas",["_name","_spriteFrames"],2,11]],[[1,0,1,2]],[[[{"name":"sd_vfx_b_screen_21","rect":[652,1085,540,107],"offset":[0,2],"originalSize":[540,151],"rotated":1,"capInsets":[0,0,0,0]}],[0],0,[0],[0],[0]],[[[0,"Alats38.plist",[{},"sd_vfx_b_screen_22",6,0,"sd_vfx_b_screen_15",6,1,"sd_vfx_b_screen_04",6,2,"sd_vfx_b_screen_00",6,3,"sd_vfx_b_screen_17",6,4,"sd_vfx_b_screen_18",6,5,"sd_vfx_b_screen_05",6,6,"sd_vfx_b_screen_13",6,7,"sd_vfx_b_screen_16",6,8,"sd_vfx_b_screen_12",6,9,"sd_vfx_b_screen_11",6,10,"sd_vfx_b_screen_09",6,11,"sd_vfx_b_screen_03",6,12,"sd_vfx_b_screen_02",6,13,"sd_vfx_b_screen_20",6,14,"sd_vfx_b_screen_01",6,15,"sd_vfx_b_screen_08",6,16,"sd_vfx_b_screen_07",6,17,"sd_vfx_b_screen_23",6,18,"sd_vfx_b_screen_14",6,19,"sd_vfx_b_screen_19",6,20,"sd_vfx_b_screen_06",6,21,"sd_vfx_b_screen_10",6,22,"sd_vfx_b_screen_21",6,23]]],0,0,[0,0,0,0,0,0,0,0,0,0,0,0,0,0,0,0,0,0,0,0,0,0,0,0],[1,2,3,4,5,6,7,8,9,10,11,12,13,14,15,16,17,18,19,20,21,22,23,24],[1,2,3,4,5,6,7,8,9,10,11,12,13,14,15,16,17,18,19,20,21,22,23,24]],[[{"name":"sd_vfx_b_screen_14","rect":[652,543,540,107],"offset":[0,2],"originalSize":[540,151],"rotated":1,"capInsets":[0,0,0,0]}],[0],0,[0],[0],[0]],[[{"name":"sd_vfx_b_screen_16","rect":[1,655,540,107],"offset":[0,2],"originalSize":[540,151],"capInsets":[0,0,0,0]}],[0],0,[0],[0],[0]],[[{"name":"sd_vfx_b_screen_08","rect":[1,219,540,107],"offset":[0,2],"originalSize":[540,151],"capInsets":[0,0,0,0]}],[0],0,[0],[0],[0]],[[{"name":"sd_vfx_b_screen_04","rect":[1,1745,526,107],"offset":[-7,2],"originalSize":[540,151],"capInsets":[0,0,0,0]}],[0],0,[0],[0],[0]],[[{"name":"sd_vfx_b_screen_09","rect":[1,328,540,107],"offset":[0,2],"originalSize":[540,151],"capInsets":[0,0,0,0]}],[0],0,[0],[0],[0]],[[{"name":"sd_vfx_b_screen_10","rect":[1,1418,538,107],"offset":[-1,2],"originalSize":[540,151],"capInsets":[0,0,0,0]}],[0],0,[0],[0],[0]],[[{"name":"sd_vfx_b_screen_23","rect":[1,1200,540,107],"offset":[0,2],"originalSize":[540,151],"capInsets":[0,0,0,0]}],[0],0,[0],[0],[0]],[[{"name":"sd_vfx_b_screen_11","rect":[1,1527,534,107],"offset":[-3,2],"originalSize":[540,151],"capInsets":[0,0,0,0]}],[0],0,[0],[0],[0]],[[{"name":"sd_vfx_b_screen_12","rect":[1,437,540,107],"offset":[0,2],"originalSize":[540,151],"capInsets":[0,0,0,0]}],[0],0,[0],[0],[0]],[[{"name":"sd_vfx_b_screen_06","rect":[652,1,540,107],"offset":[0,2],"originalSize":[540,151],"rotated":1,"capInsets":[0,0,0,0]}],[0],0,[0],[0],[0]],[[{"name":"sd_vfx_b_screen_01","rect":[543,1,540,107],"offset":[0,2],"originalSize":[540,151],"rotated":1,"capInsets":[0,0,0,0]}],[0],0,[0],[0],[0]],[[{"name":"sd_vfx_b_screen_19","rect":[1,982,540,107],"offset":[0,2],"originalSize":[540,151],"capInsets":[0,0,0,0]}],[0],0,[0],[0],[0]],[[{"name":"sd_vfx_b_screen_02","rect":[1,1854,512,107],"offset":[-14,2],"originalSize":[540,151],"capInsets":[0,0,0,0]}],[0],0,[0],[0],[0]],[[{"name":"sd_vfx_b_screen_20","rect":[543,1085,540,107],"offset":[0,2],"originalSize":[540,151],"rotated":1,"capInsets":[0,0,0,0]}],[0],0,[0],[0],[0]],[[{"name":"sd_vfx_b_screen_13","rect":[543,543,540,107],"offset":[0,2],"originalSize":[540,151],"rotated":1,"capInsets":[0,0,0,0]}],[0],0,[0],[0],[0]],[[{"name":"sd_vfx_b_screen_18","rect":[1,873,540,107],"offset":[0,2],"originalSize":[540,151],"capInsets":[0,0,0,0]}],[0],0,[0],[0],[0]],[[{"name":"sd_vfx_b_screen_07","rect":[1,110,540,107],"offset":[0,2],"originalSize":[540,151],"capInsets":[0,0,0,0]}],[0],0,[0],[0],[0]],[[{"name":"sd_vfx_b_screen_03","rect":[1,1636,526,107],"offset":[-7,2],"originalSize":[540,151],"capInsets":[0,0,0,0]}],[0],0,[0],[0],[0]],[[{"name":"sd_vfx_b_screen_22","rect":[1,1091,540,107],"offset":[0,2],"originalSize":[540,151],"capInsets":[0,0,0,0]}],[0],0,[0],[0],[0]],[[{"name":"sd_vfx_b_screen_05","rect":[1,1309,538,107],"offset":[-1,2],"originalSize":[540,151],"capInsets":[0,0,0,0]}],[0],0,[0],[0],[0]],[[{"name":"sd_vfx_b_screen_17","rect":[1,764,540,107],"offset":[0,2],"originalSize":[540,151],"capInsets":[0,0,0,0]}],[0],0,[0],[0],[0]],[[{"name":"sd_vfx_b_screen_00","rect":[1,1,540,107],"offset":[0,2],"originalSize":[540,151],"capInsets":[0,0,0,0]}],[0],0,[0],[0],[0]],[[{"name":"sd_vfx_b_screen_15","rect":[1,546,540,107],"offset":[0,2],"originalSize":[540,151],"capInsets":[0,0,0,0]}],[0],0,[0],[0],[0]]]]