[
  1,
  [
    "5cSaCA+1ZGyrlP82jAcivN"
  ],
  0,
  [
    [
      "sp.SkeletonData",
      [
        "_name",
        "_atlasText",
        "textureNames",
        "_skeletonJson",
        "textures"
      ],
      -1,
      3
    ]
  ],
  [
    [
      0,
      0,
      1,
      2,
      3,
      4,
      5
    ]
  ],
  [
    [
      0,
      "anim_chuxian",
      "\r\nanim_chuxian.png\r\nsize: 376,270\r\nformat: RGBA8888\r\nfilter: Linear,Linear\r\nrepeat: none\r\nciguang\r\n  rotate: false\r\n  xy: 138, 2\r\n  size: 38, 38\r\n  orig: 38, 38\r\n  offset: 0, 0\r\n  index: -1\r\nfazhen_00000\r\n  rotate: false\r\n  xy: 293, 187\r\n  size: 81, 81\r\n  orig: 81, 81\r\n  offset: 0, 0\r\n  index: -1\r\nluoxuan\r\n  rotate: false\r\n  xy: 196, 52\r\n  size: 107, 107\r\n  orig: 107, 107\r\n  offset: 0, 0\r\n  index: -1\r\npng/1cibao/1cibao_00000\r\n  rotate: true\r\n  xy: 2, 134\r\n  size: 134, 122\r\n  orig: 134, 122\r\n  offset: 0, 0\r\n  index: -1\r\npng/1cibao/1cibao_00003\r\n  rotate: false\r\n  xy: 2, 10\r\n  size: 134, 122\r\n  orig: 134, 122\r\n  offset: 0, 0\r\n  index: -1\r\npng/bdian/bdian_2\r\n  rotate: false\r\n  xy: 305, 120\r\n  size: 65, 65\r\n  orig: 65, 65\r\n  offset: 0, 0\r\n  index: -1\r\npng/bdian/dian_9\r\n  rotate: false\r\n  xy: 305, 64\r\n  size: 65, 54\r\n  orig: 65, 54\r\n  offset: 0, 0\r\n  index: -1\r\npng/lidian_0\r\n  rotate: true\r\n  xy: 126, 156\r\n  size: 112, 56\r\n  orig: 112, 56\r\n  offset: 0, 0\r\n  index: -1\r\npng/lidian_2\r\n  rotate: true\r\n  xy: 138, 42\r\n  size: 112, 56\r\n  orig: 112, 56\r\n  offset: 0, 0\r\n  index: -1\r\npng/luoxuanz\r\n  rotate: false\r\n  xy: 184, 161\r\n  size: 107, 107\r\n  orig: 107, 107\r\n  offset: 0, 0\r\n  index: -1\r\npng/shuobo/shuobo_9\r\n  rotate: false\r\n  xy: 178, 6\r\n  size: 33, 34\r\n  orig: 33, 34\r\n  offset: 0, 0\r\n  index: -1\r\nquan\r\n  rotate: false\r\n  xy: 305, 9\r\n  size: 53, 53\r\n  orig: 53, 53\r\n  offset: 0, 0\r\n  index: -1\r\n",
      [
        "anim_chuxian.png"
      ],
      {
        "skeleton": {
          "hash": "zzNfBSdek6CK/BQDET/ngzatEzw",
          "spine": "3.6.53",
          "width": 334,
          "height": 182,
          "images": ""
        },
        "bones": [
          {
            "name": "root"
          },
          {
            "name": "bone3",
            "parent": "root"
          },
          {
            "name": "bone",
            "parent": "bone3"
          },
          {
            "name": "bone2",
            "parent": "bone"
          },
          {
            "name": "bone7",
            "parent": "bone"
          },
          {
            "name": "bone9",
            "parent": "bone3",
            "scaleX": 2,
            "scaleY": 2
          },
          {
            "name": "bone11",
            "parent": "bone3",
            "scaleX": 2,
            "scaleY": 2
          },
          {
            "name": "bone12",
            "parent": "bone3",
            "scaleX": 2,
            "scaleY": 2
          },
          {
            "name": "open",
            "parent": "bone3"
          },
          {
            "name": "open3",
            "parent": "open"
          },
          {
            "name": "open4",
            "parent": "open"
          },
          {
            "name": "open6",
            "parent": "open"
          },
          {
            "name": "xiaolongxia2",
            "parent": "bone3"
          },
          {
            "name": "xiaolongxia3",
            "parent": "bone3"
          },
          {
            "name": "xiaolongxia4",
            "parent": "bone3",
            "scaleX": 2,
            "scaleY": 2
          }
        ],
        "slots": [
          {
            "name": "quan",
            "bone": "bone7",
            "attachment": "quan"
          },
          {
            "name": "ciguang",
            "bone": "bone2",
            "attachment": "ciguang"
          },
          {
            "name": "luoxuan",
            "bone": "bone",
            "attachment": "png/luoxuanz"
          },
          {
            "name": "png/xxxuanwo_00002",
            "bone": "open4",
            "attachment": "fazhen_00000",
            "blend": "additive"
          },
          {
            "name": "png/1cibao/1cibao_00000",
            "bone": "open3",
            "attachment": "png/1cibao/1cibao_00000",
            "blend": "additive"
          },
          {
            "name": "png/1cibao/1cibao_0",
            "bone": "open6",
            "attachment": "png/1cibao/1cibao_00000",
            "blend": "additive"
          },
          {
            "name": "png/lidian_0",
            "bone": "bone9",
            "attachment": "png/lidian_0",
            "blend": "additive"
          },
          {
            "name": "png/lidian_1",
            "bone": "bone12",
            "attachment": "png/lidian_0",
            "blend": "additive"
          },
          {
            "name": "png/bdian/bdian_0",
            "bone": "xiaolongxia2",
            "blend": "additive"
          },
          {
            "name": "png/bdian/dian_0",
            "bone": "xiaolongxia3",
            "blend": "additive"
          },
          {
            "name": "png/lidian_2",
            "bone": "bone11",
            "attachment": "png/lidian_0",
            "blend": "additive"
          },
          {
            "name": "png/shuobo/shuobo_9",
            "bone": "xiaolongxia4",
            "attachment": "png/shuobo/shuobo_9",
            "blend": "additive"
          }
        ],
        "skins": {
          "default": {
            "ciguang": {
              "ciguang": {
                "width": 57,
                "height": 57
              }
            },
            "luoxuan": {
              "luoxuan": {
                "width": 159,
                "height": 159
              },
              "png/luoxuanz": {
                "width": 159,
                "height": 159
              }
            },
            "png/1cibao/1cibao_0": {
              "png/1cibao/1cibao_00000": {
                "width": 200,
                "height": 182
              },
              "png/1cibao/1cibao_00003": {
                "width": 200,
                "height": 182
              }
            },
            "png/1cibao/1cibao_00000": {
              "png/1cibao/1cibao_00000": {
                "width": 200,
                "height": 182
              },
              "png/1cibao/1cibao_00003": {
                "width": 200,
                "height": 182
              }
            },
            "png/bdian/bdian_0": {
              "png/bdian/bdian_2": {
                "width": 97,
                "height": 97
              }
            },
            "png/bdian/dian_0": {
              "png/bdian/dian_9": {
                "width": 97,
                "height": 80
              }
            },
            "png/lidian_0": {
              "png/lidian_0": {
                "width": 167,
                "height": 84
              },
              "png/lidian_2": {
                "width": 167,
                "height": 84
              }
            },
            "png/lidian_1": {
              "png/lidian_0": {
                "width": 167,
                "height": 84
              },
              "png/lidian_2": {
                "width": 167,
                "height": 84
              }
            },
            "png/lidian_2": {
              "png/lidian_0": {
                "width": 167,
                "height": 84
              },
              "png/lidian_2": {
                "width": 167,
                "height": 84
              }
            },
            "png/shuobo/shuobo_9": {
              "png/shuobo/shuobo_9": {
                "width": 49,
                "height": 51
              }
            },
            "png/xxxuanwo_00002": {
              "fazhen_00000": {
                "width": 121,
                "height": 121
              }
            },
            "quan": {
              "quan": {
                "width": 79,
                "height": 79
              }
            }
          }
        },
        "animations": {
          "open": {
            "slots": {
              "ciguang": {
                "attachment": [
                  {
                    "time": 0,
                    "name": "ciguang"
                  },
                  {
                    "time": 1.5,
                    "name": null
                  }
                ]
              },
              "luoxuan": {
                "attachment": [
                  {
                    "time": 0,
                    "name": "luoxuan"
                  },
                  {
                    "time": 1.1667,
                    "name": null
                  }
                ]
              },
              "png/1cibao/1cibao_00000": {
                "color": [
                  {
                    "time": 0.6,
                    "color": "ffffffff",
                    "curve": "stepped"
                  },
                  {
                    "time": 0.7,
                    "color": "ffffffff"
                  },
                  {
                    "time": 0.8333,
                    "color": "ffffff00"
                  }
                ],
                "attachment": [
                  {
                    "time": 0,
                    "name": null
                  },
                  {
                    "time": 0.6,
                    "name": "png/1cibao/1cibao_00000"
                  },
                  {
                    "time": 0.7,
                    "name": "png/1cibao/1cibao_00003"
                  }
                ]
              },
              "png/1cibao/1cibao_0": {
                "color": [
                  {
                    "time": 1.2333,
                    "color": "ffffffff"
                  },
                  {
                    "time": 1.5667,
                    "color": "ffffff00"
                  }
                ],
                "attachment": [
                  {
                    "time": 0,
                    "name": null
                  },
                  {
                    "time": 1.1333,
                    "name": "png/1cibao/1cibao_00000"
                  },
                  {
                    "time": 1.2333,
                    "name": "png/1cibao/1cibao_00003"
                  }
                ]
              },
              "png/bdian/bdian_0": {
                "color": [
                  {
                    "time": 1.2333,
                    "color": "ffffffff"
                  },
                  {
                    "time": 1.3333,
                    "color": "ffffff00"
                  }
                ],
                "attachment": [
                  {
                    "time": 0,
                    "name": null
                  },
                  {
                    "time": 1.1667,
                    "name": "png/bdian/bdian_2"
                  }
                ]
              },
              "png/bdian/dian_0": {
                "color": [
                  {
                    "time": 1.3333,
                    "color": "ffffffff"
                  },
                  {
                    "time": 1.7333,
                    "color": "ffffff00"
                  }
                ],
                "attachment": [
                  {
                    "time": 0,
                    "name": null
                  },
                  {
                    "time": 1.1333,
                    "name": "png/bdian/dian_9"
                  }
                ]
              },
              "png/lidian_0": {
                "attachment": [
                  {
                    "time": 0,
                    "name": null
                  },
                  {
                    "time": 0.3333,
                    "name": "png/lidian_0"
                  },
                  {
                    "time": 0.3667,
                    "name": null
                  },
                  {
                    "time": 0.4,
                    "name": "png/lidian_2"
                  },
                  {
                    "time": 0.4667,
                    "name": null
                  },
                  {
                    "time": 0.6667,
                    "name": null
                  },
                  {
                    "time": 0.7667,
                    "name": null
                  },
                  {
                    "time": 0.8333,
                    "name": "png/lidian_0"
                  },
                  {
                    "time": 0.8667,
                    "name": null
                  },
                  {
                    "time": 0.9,
                    "name": "png/lidian_2"
                  },
                  {
                    "time": 1,
                    "name": null
                  },
                  {
                    "time": 1.1667,
                    "name": null
                  },
                  {
                    "time": 1.2667,
                    "name": null
                  }
                ]
              },
              "png/lidian_1": {
                "attachment": [
                  {
                    "time": 0,
                    "name": null
                  },
                  {
                    "time": 0.3333,
                    "name": "png/lidian_0"
                  },
                  {
                    "time": 0.3667,
                    "name": null
                  },
                  {
                    "time": 0.4,
                    "name": "png/lidian_2"
                  },
                  {
                    "time": 0.5,
                    "name": null
                  },
                  {
                    "time": 0.6667,
                    "name": null
                  },
                  {
                    "time": 0.7667,
                    "name": null
                  },
                  {
                    "time": 1.1333,
                    "name": "png/lidian_0"
                  },
                  {
                    "time": 1.1667,
                    "name": null
                  },
                  {
                    "time": 1.2,
                    "name": "png/lidian_2"
                  },
                  {
                    "time": 1.3,
                    "name": null
                  },
                  {
                    "time": 1.4667,
                    "name": null
                  },
                  {
                    "time": 1.5667,
                    "name": null
                  }
                ]
              },
              "png/lidian_2": {
                "attachment": [
                  {
                    "time": 0,
                    "name": null
                  },
                  {
                    "time": 1.1333,
                    "name": "png/lidian_0"
                  },
                  {
                    "time": 1.1667,
                    "name": null
                  },
                  {
                    "time": 1.2,
                    "name": "png/lidian_2"
                  },
                  {
                    "time": 1.3,
                    "name": null
                  },
                  {
                    "time": 1.4667,
                    "name": null
                  },
                  {
                    "time": 1.5667,
                    "name": null
                  },
                  {
                    "time": 1.7333,
                    "name": "png/lidian_0"
                  },
                  {
                    "time": 1.7667,
                    "name": null
                  },
                  {
                    "time": 1.8,
                    "name": "png/lidian_2"
                  },
                  {
                    "time": 1.9,
                    "name": null
                  },
                  {
                    "time": 2.0667,
                    "name": null
                  },
                  {
                    "time": 2.1667,
                    "name": null
                  }
                ]
              },
              "png/shuobo/shuobo_9": {
                "color": [
                  {
                    "time": 1.4,
                    "color": "ffffffff"
                  },
                  {
                    "time": 1.7333,
                    "color": "ffffff00"
                  }
                ],
                "attachment": [
                  {
                    "time": 0,
                    "name": null
                  },
                  {
                    "time": 1.1333,
                    "name": "png/shuobo/shuobo_9"
                  }
                ]
              },
              "png/xxxuanwo_00002": {
                "color": [
                  {
                    "time": 1.0667,
                    "color": "ffffff00"
                  },
                  {
                    "time": 1.3,
                    "color": "ffffffa4"
                  },
                  {
                    "time": 1.8333,
                    "color": "ffffff00"
                  }
                ],
                "attachment": [
                  {
                    "time": 0,
                    "name": null
                  },
                  {
                    "time": 1.0667,
                    "name": "fazhen_00000"
                  }
                ]
              },
              "quan": {
                "attachment": [
                  {
                    "time": 0,
                    "name": "quan"
                  },
                  {
                    "time": 1.4,
                    "name": null
                  }
                ]
              }
            },
            "bones": {
              "open3": {
                "translate": [
                  {
                    "time": 0.6,
                    "x": 23.89,
                    "y": 63.87
                  }
                ],
                "scale": [
                  {
                    "time": 0.6,
                    "x": 2,
                    "y": 2
                  }
                ]
              },
              "open4": {
                "rotate": [
                  {
                    "time": 1.0667,
                    "angle": 0
                  },
                  {
                    "time": 1.8333,
                    "angle": -102.34
                  }
                ],
                "translate": [
                  {
                    "time": 1.0667,
                    "x": 27.45,
                    "y": 72.35
                  }
                ],
                "scale": [
                  {
                    "time": 1.0667,
                    "x": 1,
                    "y": 1
                  },
                  {
                    "time": 1.8333,
                    "x": 3.818,
                    "y": 3.817
                  }
                ]
              },
              "open6": {
                "translate": [
                  {
                    "time": 1.1333,
                    "x": 29.64,
                    "y": 57.33
                  }
                ],
                "scale": [
                  {
                    "time": 1.1333,
                    "x": 3.2,
                    "y": 3.2
                  }
                ]
              },
              "bone": {
                "rotate": [
                  {
                    "time": 0,
                    "angle": 0,
                    "curve": "stepped"
                  },
                  {
                    "time": 0.1333,
                    "angle": 0
                  },
                  {
                    "time": 0.3333,
                    "angle": -177.84
                  },
                  {
                    "time": 0.5333,
                    "angle": 14.66
                  }
                ],
                "translate": [
                  {
                    "time": 0,
                    "x": 0,
                    "y": 0
                  },
                  {
                    "time": 0.0667,
                    "x": 0,
                    "y": -42.68
                  },
                  {
                    "time": 0.1333,
                    "x": 0,
                    "y": -12.37
                  },
                  {
                    "time": 0.3333,
                    "x": 0,
                    "y": 60.22
                  },
                  {
                    "time": 0.5333,
                    "x": 0,
                    "y": -6.67
                  },
                  {
                    "time": 0.6,
                    "x": 0,
                    "y": 0
                  }
                ],
                "scale": [
                  {
                    "time": 0,
                    "x": 1,
                    "y": 1,
                    "curve": "stepped"
                  },
                  {
                    "time": 0.1667,
                    "x": 1,
                    "y": 1,
                    "curve": "stepped"
                  },
                  {
                    "time": 0.3333,
                    "x": 1,
                    "y": 1
                  },
                  {
                    "time": 0.3667,
                    "x": 1.176,
                    "y": 1.176
                  },
                  {
                    "time": 0.4,
                    "x": 0.926,
                    "y": 0.926
                  },
                  {
                    "time": 0.4333,
                    "x": 1.221,
                    "y": 1.221
                  },
                  {
                    "time": 0.4667,
                    "x": 1.048,
                    "y": 1.048
                  },
                  {
                    "time": 0.5,
                    "x": 1.176,
                    "y": 1.176
                  },
                  {
                    "time": 0.5333,
                    "x": 0.926,
                    "y": 0.926
                  },
                  {
                    "time": 0.5667,
                    "x": 1.221,
                    "y": 1.221
                  },
                  {
                    "time": 0.6,
                    "x": 1.048,
                    "y": 1.048
                  },
                  {
                    "time": 0.6333,
                    "x": 1.176,
                    "y": 1.176
                  },
                  {
                    "time": 0.6667,
                    "x": 0.926,
                    "y": 0.926
                  },
                  {
                    "time": 0.7,
                    "x": 1.221,
                    "y": 1.221
                  },
                  {
                    "time": 0.7333,
                    "x": 1.048,
                    "y": 1.048
                  },
                  {
                    "time": 0.7667,
                    "x": 1.176,
                    "y": 1.176
                  },
                  {
                    "time": 0.8,
                    "x": 0.926,
                    "y": 0.926
                  },
                  {
                    "time": 0.8333,
                    "x": 1.221,
                    "y": 1.221
                  },
                  {
                    "time": 0.8667,
                    "x": 1.048,
                    "y": 1.048
                  },
                  {
                    "time": 0.9,
                    "x": 1.176,
                    "y": 1.176
                  },
                  {
                    "time": 0.9333,
                    "x": 0.926,
                    "y": 0.926
                  },
                  {
                    "time": 0.9667,
                    "x": 1.221,
                    "y": 1.221
                  },
                  {
                    "time": 1,
                    "x": 1.048,
                    "y": 1.048
                  },
                  {
                    "time": 1.0333,
                    "x": 1.176,
                    "y": 1.176
                  },
                  {
                    "time": 1.0667,
                    "x": 0.926,
                    "y": 0.926
                  },
                  {
                    "time": 1.1,
                    "x": 1.221,
                    "y": 1.221
                  },
                  {
                    "time": 1.1333,
                    "x": 1.048,
                    "y": 1.048
                  }
                ]
              },
              "bone9": {
                "rotate": [
                  {
                    "time": 0.8,
                    "angle": 0
                  },
                  {
                    "time": 0.8333,
                    "angle": -170.3
                  }
                ],
                "translate": [
                  {
                    "time": 0.3333,
                    "x": 0,
                    "y": 32.99,
                    "curve": "stepped"
                  },
                  {
                    "time": 0.8,
                    "x": 0,
                    "y": 32.99
                  },
                  {
                    "time": 0.8333,
                    "x": 6.8,
                    "y": 1.51
                  }
                ],
                "scale": [
                  {
                    "time": 0.8,
                    "x": 1,
                    "y": 1
                  },
                  {
                    "time": 0.8333,
                    "x": 0.828,
                    "y": 1
                  }
                ]
              },
              "bone12": {
                "rotate": [
                  {
                    "time": 0.3333,
                    "angle": -95.68,
                    "curve": "stepped"
                  },
                  {
                    "time": 1.1333,
                    "angle": -95.68
                  }
                ],
                "translate": [
                  {
                    "time": 0.3333,
                    "x": 4.48,
                    "y": 32.61,
                    "curve": "stepped"
                  },
                  {
                    "time": 0.7667,
                    "x": 4.48,
                    "y": 32.61,
                    "curve": "stepped"
                  },
                  {
                    "time": 1.1,
                    "x": 4.48,
                    "y": 32.61
                  },
                  {
                    "time": 1.1333,
                    "x": 19.18,
                    "y": 23.55
                  }
                ],
                "scale": [
                  {
                    "time": 0.3333,
                    "x": 0.86,
                    "y": 0.951,
                    "curve": "stepped"
                  },
                  {
                    "time": 1.1,
                    "x": 0.86,
                    "y": 0.951
                  },
                  {
                    "time": 1.1333,
                    "x": 1.361,
                    "y": 2.088
                  }
                ]
              },
              "bone7": {
                "scale": [
                  {
                    "time": 0,
                    "x": 2,
                    "y": 2
                  }
                ]
              },
              "bone2": {
                "scale": [
                  {
                    "time": 0,
                    "x": 3.3,
                    "y": 3.3
                  }
                ]
              },
              "xiaolongxia2": {
                "translate": [
                  {
                    "time": 1.1667,
                    "x": 14.55,
                    "y": -3.57
                  }
                ],
                "scale": [
                  {
                    "time": 0,
                    "x": 2.596,
                    "y": 2.827,
                    "curve": "stepped"
                  },
                  {
                    "time": 1.1667,
                    "x": 2.596,
                    "y": 2.827
                  },
                  {
                    "time": 1.3333,
                    "x": 4.83,
                    "y": 4.83
                  }
                ]
              },
              "xiaolongxia3": {
                "translate": [
                  {
                    "time": 1.1333,
                    "x": 34.04,
                    "y": 13.49
                  }
                ],
                "scale": [
                  {
                    "time": 1.1333,
                    "x": 5,
                    "y": 5,
                    "curve": "stepped"
                  },
                  {
                    "time": 1.3333,
                    "x": 5,
                    "y": 5
                  },
                  {
                    "time": 1.7333,
                    "x": 6,
                    "y": 6
                  }
                ]
              },
              "xiaolongxia4": {
                "translate": [
                  {
                    "time": 1.1333,
                    "x": -2.98,
                    "y": 12.09
                  }
                ],
                "scale": [
                  {
                    "time": 1.1333,
                    "x": 1.88,
                    "y": 1.88
                  },
                  {
                    "time": 1.2667,
                    "x": 3.19,
                    "y": 3.19
                  },
                  {
                    "time": 1.7333,
                    "x": 5.538,
                    "y": 5.538
                  }
                ]
              },
              "bone11": {
                "rotate": [
                  {
                    "time": 1.6,
                    "angle": 0
                  },
                  {
                    "time": 1.7333,
                    "angle": -170.3
                  }
                ],
                "translate": [
                  {
                    "time": 1.1333,
                    "x": 0,
                    "y": 32.99,
                    "curve": "stepped"
                  },
                  {
                    "time": 1.6,
                    "x": 0,
                    "y": 32.99
                  },
                  {
                    "time": 1.7333,
                    "x": 11.47,
                    "y": 12.9
                  }
                ],
                "scale": [
                  {
                    "time": 1.6,
                    "x": 1,
                    "y": 1
                  },
                  {
                    "time": 1.7333,
                    "x": 1.042,
                    "y": 1.414
                  }
                ]
              },
              "open": {
                "translate": [
                  {
                    "time": 0,
                    "x": -28.33,
                    "y": -72.4
                  }
                ]
              }
            }
          },
          "open2": {
            "slots": {
              "ciguang": {
                "attachment": [
                  {
                    "time": 0,
                    "name": "ciguang"
                  },
                  {
                    "time": 1.5,
                    "name": null
                  }
                ]
              },
              "luoxuan": {
                "attachment": [
                  {
                    "time": 1.1667,
                    "name": null
                  }
                ]
              },
              "png/1cibao/1cibao_00000": {
                "attachment": [
                  {
                    "time": 0,
                    "name": null
                  },
                  {
                    "time": 0.6,
                    "name": "png/1cibao/1cibao_00000"
                  },
                  {
                    "time": 0.7,
                    "name": "png/1cibao/1cibao_00003"
                  },
                  {
                    "time": 1.0333,
                    "name": null
                  }
                ]
              },
              "png/1cibao/1cibao_0": {
                "color": [
                  {
                    "time": 1.4,
                    "color": "ffffffff"
                  },
                  {
                    "time": 1.5667,
                    "color": "ffffff00"
                  }
                ],
                "attachment": [
                  {
                    "time": 0,
                    "name": null
                  },
                  {
                    "time": 1.1333,
                    "name": "png/1cibao/1cibao_00000"
                  },
                  {
                    "time": 1.2333,
                    "name": "png/1cibao/1cibao_00003"
                  }
                ]
              },
              "png/bdian/bdian_0": {
                "color": [
                  {
                    "time": 1.2333,
                    "color": "ffffffff"
                  },
                  {
                    "time": 1.3333,
                    "color": "ffffff00"
                  }
                ],
                "attachment": [
                  {
                    "time": 0,
                    "name": null
                  },
                  {
                    "time": 1.1667,
                    "name": "png/bdian/bdian_2"
                  }
                ]
              },
              "png/bdian/dian_0": {
                "color": [
                  {
                    "time": 1.3333,
                    "color": "ffffffff"
                  },
                  {
                    "time": 1.7333,
                    "color": "ffffff00"
                  }
                ],
                "attachment": [
                  {
                    "time": 0,
                    "name": null
                  },
                  {
                    "time": 1.1333,
                    "name": "png/bdian/dian_9"
                  }
                ]
              },
              "png/lidian_0": {
                "attachment": [
                  {
                    "time": 0,
                    "name": null
                  },
                  {
                    "time": 0.3333,
                    "name": "png/lidian_0"
                  },
                  {
                    "time": 0.3667,
                    "name": null
                  },
                  {
                    "time": 0.4,
                    "name": "png/lidian_2"
                  },
                  {
                    "time": 0.5,
                    "name": null
                  },
                  {
                    "time": 0.6667,
                    "name": null
                  },
                  {
                    "time": 0.7667,
                    "name": null
                  },
                  {
                    "time": 0.8333,
                    "name": "png/lidian_0"
                  },
                  {
                    "time": 0.8667,
                    "name": null
                  },
                  {
                    "time": 0.9,
                    "name": "png/lidian_2"
                  },
                  {
                    "time": 1,
                    "name": null
                  },
                  {
                    "time": 1.1667,
                    "name": null
                  },
                  {
                    "time": 1.2667,
                    "name": null
                  }
                ]
              },
              "png/lidian_1": {
                "attachment": [
                  {
                    "time": 0,
                    "name": null
                  },
                  {
                    "time": 0.3333,
                    "name": "png/lidian_0"
                  },
                  {
                    "time": 0.3667,
                    "name": null
                  },
                  {
                    "time": 0.4,
                    "name": "png/lidian_2"
                  },
                  {
                    "time": 0.5,
                    "name": null
                  },
                  {
                    "time": 0.6667,
                    "name": null
                  },
                  {
                    "time": 0.7667,
                    "name": null
                  },
                  {
                    "time": 1.1333,
                    "name": "png/lidian_0"
                  },
                  {
                    "time": 1.1667,
                    "name": null
                  },
                  {
                    "time": 1.2,
                    "name": "png/lidian_2"
                  },
                  {
                    "time": 1.3,
                    "name": null
                  },
                  {
                    "time": 1.4667,
                    "name": null
                  },
                  {
                    "time": 1.5667,
                    "name": null
                  }
                ]
              },
              "png/lidian_2": {
                "attachment": [
                  {
                    "time": 0,
                    "name": null
                  },
                  {
                    "time": 1.1333,
                    "name": "png/lidian_0"
                  },
                  {
                    "time": 1.1667,
                    "name": null
                  },
                  {
                    "time": 1.2,
                    "name": "png/lidian_2"
                  },
                  {
                    "time": 1.3,
                    "name": null
                  },
                  {
                    "time": 1.4667,
                    "name": null
                  },
                  {
                    "time": 1.5667,
                    "name": null
                  },
                  {
                    "time": 1.7333,
                    "name": "png/lidian_0"
                  },
                  {
                    "time": 1.7667,
                    "name": null
                  },
                  {
                    "time": 1.8,
                    "name": "png/lidian_2"
                  },
                  {
                    "time": 1.9,
                    "name": null
                  },
                  {
                    "time": 2.0667,
                    "name": null
                  },
                  {
                    "time": 2.1667,
                    "name": null
                  }
                ]
              },
              "png/shuobo/shuobo_9": {
                "color": [
                  {
                    "time": 1.4,
                    "color": "ffffffff"
                  },
                  {
                    "time": 1.7333,
                    "color": "ffffff00"
                  }
                ],
                "attachment": [
                  {
                    "time": 0,
                    "name": null
                  },
                  {
                    "time": 1.1333,
                    "name": "png/shuobo/shuobo_9"
                  }
                ]
              },
              "png/xxxuanwo_00002": {
                "color": [
                  {
                    "time": 1.0667,
                    "color": "ffffff00"
                  },
                  {
                    "time": 1.3,
                    "color": "ffffffa4"
                  },
                  {
                    "time": 1.8333,
                    "color": "ffffff00"
                  }
                ],
                "attachment": [
                  {
                    "time": 0,
                    "name": null
                  },
                  {
                    "time": 1.0667,
                    "name": "fazhen_00000"
                  }
                ]
              },
              "quan": {
                "attachment": [
                  {
                    "time": 0,
                    "name": "quan"
                  },
                  {
                    "time": 1.4,
                    "name": null
                  }
                ]
              }
            },
            "bones": {
              "open3": {
                "translate": [
                  {
                    "time": 0.6,
                    "x": 23.89,
                    "y": 63.87
                  }
                ],
                "scale": [
                  {
                    "time": 0.6,
                    "x": 2,
                    "y": 2
                  }
                ]
              },
              "open4": {
                "rotate": [
                  {
                    "time": 1.0667,
                    "angle": 0
                  },
                  {
                    "time": 1.8333,
                    "angle": -102.34
                  }
                ],
                "translate": [
                  {
                    "time": 1.0667,
                    "x": 27.45,
                    "y": 72.35
                  }
                ],
                "scale": [
                  {
                    "time": 1.0667,
                    "x": 1,
                    "y": 1
                  },
                  {
                    "time": 1.8333,
                    "x": 3.818,
                    "y": 3.817
                  }
                ]
              },
              "open6": {
                "translate": [
                  {
                    "time": 1.1333,
                    "x": 29.64,
                    "y": 57.33
                  }
                ],
                "scale": [
                  {
                    "time": 1.1333,
                    "x": 3.2,
                    "y": 3.2
                  }
                ]
              },
              "bone": {
                "rotate": [
                  {
                    "time": 0,
                    "angle": 0,
                    "curve": "stepped"
                  },
                  {
                    "time": 0.1333,
                    "angle": 0
                  },
                  {
                    "time": 0.3333,
                    "angle": -177.84
                  },
                  {
                    "time": 0.5333,
                    "angle": 14.66
                  }
                ],
                "translate": [
                  {
                    "time": 0,
                    "x": 0,
                    "y": 0
                  },
                  {
                    "time": 0.0667,
                    "x": 0,
                    "y": -42.68
                  },
                  {
                    "time": 0.1333,
                    "x": 0,
                    "y": -12.37
                  },
                  {
                    "time": 0.3333,
                    "x": 0,
                    "y": 60.22
                  },
                  {
                    "time": 0.5333,
                    "x": 0,
                    "y": -6.67
                  },
                  {
                    "time": 0.6,
                    "x": 0,
                    "y": 0
                  }
                ],
                "scale": [
                  {
                    "time": 0,
                    "x": 1,
                    "y": 1,
                    "curve": "stepped"
                  },
                  {
                    "time": 0.1667,
                    "x": 1,
                    "y": 1,
                    "curve": "stepped"
                  },
                  {
                    "time": 0.3333,
                    "x": 1,
                    "y": 1
                  },
                  {
                    "time": 0.3667,
                    "x": 1.176,
                    "y": 1.176
                  },
                  {
                    "time": 0.4,
                    "x": 0.926,
                    "y": 0.926
                  },
                  {
                    "time": 0.4333,
                    "x": 1.221,
                    "y": 1.221
                  },
                  {
                    "time": 0.4667,
                    "x": 1.048,
                    "y": 1.048
                  },
                  {
                    "time": 0.5,
                    "x": 1.176,
                    "y": 1.176
                  },
                  {
                    "time": 0.5333,
                    "x": 0.926,
                    "y": 0.926
                  },
                  {
                    "time": 0.5667,
                    "x": 1.221,
                    "y": 1.221
                  },
                  {
                    "time": 0.6,
                    "x": 1.048,
                    "y": 1.048
                  },
                  {
                    "time": 0.6333,
                    "x": 1.176,
                    "y": 1.176
                  },
                  {
                    "time": 0.6667,
                    "x": 0.926,
                    "y": 0.926
                  },
                  {
                    "time": 0.7,
                    "x": 1.221,
                    "y": 1.221
                  },
                  {
                    "time": 0.7333,
                    "x": 1.048,
                    "y": 1.048
                  },
                  {
                    "time": 0.7667,
                    "x": 1.176,
                    "y": 1.176
                  },
                  {
                    "time": 0.8,
                    "x": 0.926,
                    "y": 0.926
                  },
                  {
                    "time": 0.8333,
                    "x": 1.221,
                    "y": 1.221
                  },
                  {
                    "time": 0.8667,
                    "x": 1.048,
                    "y": 1.048
                  },
                  {
                    "time": 0.9,
                    "x": 1.176,
                    "y": 1.176
                  },
                  {
                    "time": 0.9333,
                    "x": 0.926,
                    "y": 0.926
                  },
                  {
                    "time": 0.9667,
                    "x": 1.221,
                    "y": 1.221
                  },
                  {
                    "time": 1,
                    "x": 1.048,
                    "y": 1.048
                  },
                  {
                    "time": 1.0333,
                    "x": 1.176,
                    "y": 1.176
                  },
                  {
                    "time": 1.0667,
                    "x": 0.926,
                    "y": 0.926
                  },
                  {
                    "time": 1.1,
                    "x": 1.221,
                    "y": 1.221
                  },
                  {
                    "time": 1.1333,
                    "x": 1.048,
                    "y": 1.048
                  }
                ]
              },
              "bone9": {
                "rotate": [
                  {
                    "time": 0.8,
                    "angle": 0
                  },
                  {
                    "time": 0.8333,
                    "angle": -170.3
                  }
                ],
                "translate": [
                  {
                    "time": 0.3333,
                    "x": 0,
                    "y": 32.99,
                    "curve": "stepped"
                  },
                  {
                    "time": 0.8,
                    "x": 0,
                    "y": 32.99
                  },
                  {
                    "time": 0.8333,
                    "x": 6.8,
                    "y": 1.51
                  }
                ],
                "scale": [
                  {
                    "time": 0.8,
                    "x": 1,
                    "y": 1
                  },
                  {
                    "time": 0.8333,
                    "x": 0.828,
                    "y": 1
                  }
                ]
              },
              "bone12": {
                "rotate": [
                  {
                    "time": 0.3333,
                    "angle": -95.68,
                    "curve": "stepped"
                  },
                  {
                    "time": 1.1333,
                    "angle": -95.68
                  }
                ],
                "translate": [
                  {
                    "time": 0.3333,
                    "x": 4.48,
                    "y": 32.61,
                    "curve": "stepped"
                  },
                  {
                    "time": 0.7667,
                    "x": 4.48,
                    "y": 32.61,
                    "curve": "stepped"
                  },
                  {
                    "time": 1.1,
                    "x": 4.48,
                    "y": 32.61
                  },
                  {
                    "time": 1.1333,
                    "x": 19.18,
                    "y": 23.55
                  }
                ],
                "scale": [
                  {
                    "time": 0.3333,
                    "x": 0.86,
                    "y": 0.951,
                    "curve": "stepped"
                  },
                  {
                    "time": 1.1,
                    "x": 0.86,
                    "y": 0.951
                  },
                  {
                    "time": 1.1333,
                    "x": 1.361,
                    "y": 2.088
                  }
                ]
              },
              "bone7": {
                "scale": [
                  {
                    "time": 0,
                    "x": 2,
                    "y": 2
                  }
                ]
              },
              "bone2": {
                "scale": [
                  {
                    "time": 0,
                    "x": 3.3,
                    "y": 3.3
                  }
                ]
              },
              "xiaolongxia2": {
                "translate": [
                  {
                    "time": 0,
                    "x": 14.55,
                    "y": -3.57,
                    "curve": "stepped"
                  },
                  {
                    "time": 1.1667,
                    "x": 14.55,
                    "y": -3.57
                  }
                ],
                "scale": [
                  {
                    "time": 0,
                    "x": 4.83,
                    "y": 4.83
                  },
                  {
                    "time": 1.1667,
                    "x": 2.596,
                    "y": 2.827
                  },
                  {
                    "time": 1.3333,
                    "x": 4.83,
                    "y": 4.83
                  }
                ]
              },
              "xiaolongxia3": {
                "translate": [
                  {
                    "time": 1.1333,
                    "x": 34.04,
                    "y": 13.49
                  }
                ],
                "scale": [
                  {
                    "time": 1.1333,
                    "x": 5,
                    "y": 5,
                    "curve": "stepped"
                  },
                  {
                    "time": 1.3333,
                    "x": 5,
                    "y": 5
                  },
                  {
                    "time": 1.7333,
                    "x": 6,
                    "y": 6
                  }
                ]
              },
              "xiaolongxia4": {
                "translate": [
                  {
                    "time": 1.1333,
                    "x": -2.98,
                    "y": 15.28
                  }
                ],
                "scale": [
                  {
                    "time": 1.1333,
                    "x": 1.88,
                    "y": 1.88
                  },
                  {
                    "time": 1.2667,
                    "x": 3.19,
                    "y": 3.19
                  },
                  {
                    "time": 1.7333,
                    "x": 5.538,
                    "y": 5.538
                  }
                ]
              },
              "bone11": {
                "rotate": [
                  {
                    "time": 1.6,
                    "angle": 0
                  },
                  {
                    "time": 1.7333,
                    "angle": -170.3
                  }
                ],
                "translate": [
                  {
                    "time": 1.1333,
                    "x": 0,
                    "y": 32.99,
                    "curve": "stepped"
                  },
                  {
                    "time": 1.6,
                    "x": 0,
                    "y": 32.99
                  },
                  {
                    "time": 1.7333,
                    "x": 11.47,
                    "y": 12.9
                  }
                ],
                "scale": [
                  {
                    "time": 1.6,
                    "x": 1,
                    "y": 1
                  },
                  {
                    "time": 1.7333,
                    "x": 1.042,
                    "y": 1.414
                  }
                ]
              },
              "open": {
                "translate": [
                  {
                    "time": 0,
                    "x": -28.33,
                    "y": -72.4
                  }
                ]
              },
              "root": {
                "translate": [
                  {
                    "time": 0,
                    "x": 37.96,
                    "y": 65.15
                  }
                ]
              }
            }
          },
          "xuanzhuan": {
            "slots": {
              "luoxuan": {
                "attachment": [
                  {
                    "time": 0,
                    "name": "luoxuan"
                  }
                ]
              },
              "png/1cibao/1cibao_00000": {
                "color": [
                  {
                    "time": 0,
                    "color": "ffffff00"
                  }
                ]
              },
              "png/1cibao/1cibao_0": {
                "color": [
                  {
                    "time": 0,
                    "color": "ffffff00"
                  }
                ]
              },
              "png/lidian_0": {
                "attachment": [
                  {
                    "time": 0,
                    "name": "png/lidian_0"
                  },
                  {
                    "time": 0.0333,
                    "name": null
                  },
                  {
                    "time": 0.0667,
                    "name": "png/lidian_2"
                  },
                  {
                    "time": 0.1667,
                    "name": null
                  },
                  {
                    "time": 0.2667,
                    "name": null
                  },
                  {
                    "time": 0.3333,
                    "name": null
                  }
                ]
              },
              "png/lidian_1": {
                "attachment": [
                  {
                    "time": 0,
                    "name": "png/lidian_0"
                  },
                  {
                    "time": 0.0333,
                    "name": null
                  },
                  {
                    "time": 0.0667,
                    "name": "png/lidian_2"
                  },
                  {
                    "time": 0.1,
                    "name": null
                  },
                  {
                    "time": 0.2667,
                    "name": null
                  },
                  {
                    "time": 0.3333,
                    "name": null
                  }
                ]
              },
              "png/lidian_2": {
                "attachment": [
                  {
                    "time": 0,
                    "name": "png/lidian_0"
                  },
                  {
                    "time": 0.0333,
                    "name": null
                  },
                  {
                    "time": 0.0667,
                    "name": "png/lidian_2"
                  },
                  {
                    "time": 0.1667,
                    "name": null
                  },
                  {
                    "time": 0.2667,
                    "name": null
                  },
                  {
                    "time": 0.3333,
                    "name": null
                  }
                ]
              },
              "png/shuobo/shuobo_9": {
                "color": [
                  {
                    "time": 0,
                    "color": "ffffff00"
                  }
                ]
              },
              "png/xxxuanwo_00002": {
                "color": [
                  {
                    "time": 0,
                    "color": "ffffff00"
                  }
                ],
                "attachment": [
                  {
                    "time": 0,
                    "name": "fazhen_00000"
                  }
                ]
              }
            },
            "bones": {
              "bone": {
                "rotate": [
                  {
                    "time": 0,
                    "angle": 0
                  },
                  {
                    "time": 0.2,
                    "angle": -177.84
                  },
                  {
                    "time": 0.4,
                    "angle": 14.66
                  }
                ]
              },
              "bone2": {
                "rotate": [
                  {
                    "time": 0,
                    "angle": 0
                  },
                  {
                    "time": 0.2,
                    "angle": -177.84
                  },
                  {
                    "time": 0.4,
                    "angle": 14.66
                  }
                ]
              },
              "bone9": {
                "scale": [
                  {
                    "time": 0,
                    "x": 0.516,
                    "y": 0.666
                  }
                ]
              },
              "bone12": {
                "rotate": [
                  {
                    "time": 0,
                    "angle": -121.66
                  }
                ],
                "translate": [
                  {
                    "time": 0,
                    "x": -17.15,
                    "y": 19.92
                  }
                ],
                "scale": [
                  {
                    "time": 0,
                    "x": 0.551,
                    "y": 0.624
                  }
                ]
              },
              "bone11": {
                "scale": [
                  {
                    "time": 0,
                    "x": 0.516,
                    "y": 0.666
                  }
                ]
              }
            }
          },
          "xuanzhuan2": {
            "slots": {
              "luoxuan": {
                "attachment": [
                  {
                    "time": 0,
                    "name": "png/luoxuanz"
                  }
                ]
              },
              "png/1cibao/1cibao_00000": {
                "color": [
                  {
                    "time": 0,
                    "color": "ffffff00"
                  }
                ]
              },
              "png/1cibao/1cibao_0": {
                "color": [
                  {
                    "time": 0,
                    "color": "ffffff00"
                  }
                ]
              },
              "png/lidian_0": {
                "attachment": [
                  {
                    "time": 0,
                    "name": "png/lidian_0"
                  },
                  {
                    "time": 0.0333,
                    "name": null
                  },
                  {
                    "time": 0.0667,
                    "name": "png/lidian_2"
                  },
                  {
                    "time": 0.1667,
                    "name": null
                  },
                  {
                    "time": 0.2667,
                    "name": null
                  },
                  {
                    "time": 0.3333,
                    "name": null
                  }
                ]
              },
              "png/lidian_1": {
                "attachment": [
                  {
                    "time": 0,
                    "name": "png/lidian_0"
                  },
                  {
                    "time": 0.0333,
                    "name": null
                  },
                  {
                    "time": 0.0667,
                    "name": "png/lidian_2"
                  },
                  {
                    "time": 0.1,
                    "name": null
                  },
                  {
                    "time": 0.2667,
                    "name": null
                  },
                  {
                    "time": 0.3333,
                    "name": null
                  }
                ]
              },
              "png/lidian_2": {
                "attachment": [
                  {
                    "time": 0,
                    "name": "png/lidian_0"
                  },
                  {
                    "time": 0.0333,
                    "name": null
                  },
                  {
                    "time": 0.0667,
                    "name": "png/lidian_2"
                  },
                  {
                    "time": 0.1667,
                    "name": null
                  },
                  {
                    "time": 0.2667,
                    "name": null
                  },
                  {
                    "time": 0.3333,
                    "name": null
                  }
                ]
              },
              "png/shuobo/shuobo_9": {
                "color": [
                  {
                    "time": 0,
                    "color": "ffffff00"
                  }
                ]
              },
              "png/xxxuanwo_00002": {
                "color": [
                  {
                    "time": 0,
                    "color": "ffffff00"
                  }
                ],
                "attachment": [
                  {
                    "time": 0,
                    "name": "fazhen_00000"
                  }
                ]
              }
            },
            "bones": {
              "bone": {
                "rotate": [
                  {
                    "time": 0,
                    "angle": 0
                  },
                  {
                    "time": 0.2,
                    "angle": -177.84
                  },
                  {
                    "time": 0.4,
                    "angle": 14.66
                  }
                ]
              },
              "bone2": {
                "rotate": [
                  {
                    "time": 0,
                    "angle": 0
                  },
                  {
                    "time": 0.2,
                    "angle": -177.84
                  },
                  {
                    "time": 0.4,
                    "angle": 14.66
                  }
                ]
              },
              "bone9": {
                "scale": [
                  {
                    "time": 0,
                    "x": 0.516,
                    "y": 0.666
                  }
                ]
              },
              "bone12": {
                "rotate": [
                  {
                    "time": 0,
                    "angle": -121.66
                  }
                ],
                "translate": [
                  {
                    "time": 0,
                    "x": -17.15,
                    "y": 19.92
                  }
                ],
                "scale": [
                  {
                    "time": 0,
                    "x": 0.551,
                    "y": 0.624
                  }
                ]
              },
              "bone11": {
                "scale": [
                  {
                    "time": 0,
                    "x": 0.516,
                    "y": 0.666
                  }
                ]
              }
            }
          }
        }
      },
      [
        0
      ]
    ]
  ],
  0,
  0,
  [
    0
  ],
  [
    -1
  ],
  [
    0
  ]
]