[1,["40GZfBiAlNvIe8ntboxGXK","faMSz+ssVBPpRm3EizbJVO","3c9FHzUJRKQr/qR1gAYcM/","2322F+PIZLQ5HdrlJsa8Xb","f6k8EVJXZHkoLgbmOnsNna","54KT+38c1MFa/ddIr2rh5g","a45ZdUow1Bv4ZAlYXPTFHE","88EM1zJHVBhp27wurdEIIB","7b9kWJqytJN59BotrWBfBc","c3mKlVzIZG3JB/YjY1eno+","4dOkpxE4lBUKbfpLv6g9Nm","74EIIHRxNGbo9COTht6PnF","11952ae4b"],["value","_textureSetter"],["cc.SpriteFrame",["cc.AnimationClip",["_name","_duration","sample","speed","curveData"],-1,11]],[[1,0,1,2,3,4,5]],[[[[0,"EndFree",5.45,20,0.8,[{"props":{"opacity":[{"frame":5.1,"value":255},{"frame":5.45,"value":0}]}},"paths",11,[{},"ParentLabel",11,[{},"props",11,[{},"scale",12,[[[{"frame":0,"curve":[0.18,0.89,0.31,1.21]},"value",8,[0,0,0]],[{"frame":0.35},"value",8,[0,1,1]]],11,11]]],"bl_vfx_g_add",11,[{},"props",11,[{},"scale",12,[[[{"frame":0},"value",8,[0,6,4]],[{"frame":0.7},"value",8,[0,3,2]]],11,11]]],"scale",11,[{},"props",11,[{"opacity":[{"frame":0,"value":255},{"frame":0.25,"value":255},{"frame":0.35,"value":0},{"frame":3.5,"value":0},{"frame":3.55,"value":255}]},"scale",12,[[[{"frame":0},"value",8,[0,0,0]],[{"frame":0.35},"value",8,[0,10,10]],[{"frame":3.45},"value",8,[0,10,10]],[{"frame":3.5},"value",8,[0,0,0]],[{"frame":3.55},"value",8,[0,0,0]],[{"frame":4.05},"value",8,[0,20,20]]],11,11,11,11,11,11]]],"bl_vfx_c_add_00 copy",11,[{},"comps",11,[{},"cc.Sprite",11,[{},"spriteFrame",12,[[[{"frame":0},"value",6,0],[{"frame":0.05},"value",6,1],[{"frame":0.1},"value",6,2],[{"frame":0.15},"value",6,3],[{"frame":0.2},"value",6,4],[{"frame":0.25},"value",6,5],[{"frame":0.3},"value",6,6],[{"frame":0.35},"value",6,7],[{"frame":0.4},"value",6,8],[{"frame":0.45},"value",6,9],[{"frame":0.5},"value",6,10],[{"frame":0.55},"value",6,11],[{"frame":0.6},"value",6,12],[{"frame":0.65},"value",6,13],[{"frame":0.7},"value",6,14],[{"frame":0.75},"value",6,15],[{"frame":0.8},"value",6,16],[{"frame":0.85},"value",6,17],[{"frame":0.9},"value",6,18],[{"frame":0.95},"value",6,19],[{"frame":1},"value",6,20],[{"frame":1.05},"value",6,21],[{"frame":1.1},"value",6,22],[{"frame":1.15},"value",6,23],[{"frame":1.2},"value",6,24],[{"frame":1.25},"value",6,25],[{"frame":1.3},"value",6,26],[{"frame":1.35},"value",6,27],[{"frame":1.4},"value",6,28],[{"frame":1.45},"value",6,29],[{"frame":1.5},"value",6,30],[{"frame":1.55},"value",6,31],[{"frame":1.6},"value",6,32],[{"frame":1.65},"value",6,33],[{"frame":1.7},"value",6,34],[{"frame":1.75},"value",6,35],[{"frame":1.8},"value",6,36],[{"frame":1.85},"value",6,37],[{"frame":1.9},"value",6,38],[{"frame":1.95},"value",6,39],[{"frame":2},"value",6,40],[{"frame":2.05},"value",6,41],[{"frame":2.1},"value",6,42],[{"frame":2.15},"value",6,43],[{"frame":2.2},"value",6,44],[{"frame":2.25},"value",6,45],[{"frame":2.3},"value",6,46],[{"frame":2.35},"value",6,47],[{"frame":2.4},"value",6,48],[{"frame":2.45},"value",6,49],[{"frame":2.5},"value",6,50],[{"frame":2.55},"value",6,51],[{"frame":2.6},"value",6,52],[{"frame":2.65},"value",6,53],[{"frame":2.7},"value",6,54],[{"frame":2.75},"value",6,55],[{"frame":2.8},"value",6,56],[{"frame":2.85},"value",6,57],[{"frame":2.9},"value",6,58],[{"frame":2.95},"value",6,59],[{"frame":3},"value",6,60],[{"frame":3.05},"value",6,61],[{"frame":3.1},"value",6,62],[{"frame":3.15},"value",6,63],[{"frame":3.2},"value",6,64],[{"frame":3.25},"value",6,65],[{"frame":3.3},"value",6,66],[{"frame":3.35},"value",6,67],[{"frame":3.4},"value",6,68],[{"frame":3.45},"value",6,69],[{"frame":3.5},"value",6,70],[{"frame":3.55},"value",6,71],[{"frame":3.6},"value",6,72],[{"frame":3.65},"value",6,73],[{"frame":3.7},"value",6,74],[{"frame":3.75},"value",6,75],[{"frame":3.8},"value",6,76],[{"frame":3.85},"value",6,77],[{"frame":3.9},"value",6,78],[{"frame":3.95},"value",6,79],[{"frame":4},"value",6,80],[{"frame":4.05},"value",6,81],[{"frame":4.1},"value",6,82],[{"frame":4.15},"value",6,83],[{"frame":4.2},"value",6,84],[{"frame":4.25},"value",6,85],[{"frame":4.3},"value",6,86],[{"frame":4.35},"value",6,87],[{"frame":4.4},"value",6,88],[{"frame":4.45},"value",6,89],[{"frame":4.5},"value",6,90],[{"frame":4.55},"value",6,91],[{"frame":4.6},"value",6,92],[{"frame":4.65},"value",6,93],[{"frame":4.7},"value",6,94],[{"frame":4.75},"value",6,95],[{"frame":4.8},"value",6,96],[{"frame":4.85},"value",6,97],[{"frame":4.9},"value",6,98],[{"frame":4.95},"value",6,99],[{"frame":5},"value",6,100],[{"frame":5.05},"value",6,101],[{"frame":5.1},"value",6,102],[{"frame":5.15},"value",6,103],[{"frame":5.2},"value",6,104],[{"frame":5.25},"value",6,105],[{"frame":5.3},"value",6,106],[{"frame":5.35},"value",6,107]],11,11,11,11,11,11,11,11,11,11,11,11,11,11,11,11,11,11,11,11,11,11,11,11,11,11,11,11,11,11,11,11,11,11,11,11,11,11,11,11,11,11,11,11,11,11,11,11,11,11,11,11,11,11,11,11,11,11,11,11,11,11,11,11,11,11,11,11,11,11,11,11,11,11,11,11,11,11,11,11,11,11,11,11,11,11,11,11,11,11,11,11,11,11,11,11,11,11,11,11,11,11,11,11,11,11,11,11]]]],"bl_vfx_c_add_00",11,[{},"comps",11,[{},"cc.Sprite",11,[{},"spriteFrame",12,[[[{"frame":0},"value",6,108],[{"frame":0.05},"value",6,109],[{"frame":0.1},"value",6,110],[{"frame":0.15},"value",6,111],[{"frame":0.2},"value",6,112],[{"frame":0.25},"value",6,113],[{"frame":0.3},"value",6,114],[{"frame":0.35},"value",6,115],[{"frame":0.4},"value",6,116],[{"frame":0.45},"value",6,117],[{"frame":0.5},"value",6,118],[{"frame":0.55},"value",6,119],[{"frame":0.6},"value",6,120],[{"frame":0.65},"value",6,121],[{"frame":0.7},"value",6,122],[{"frame":0.75},"value",6,123],[{"frame":0.8},"value",6,124],[{"frame":0.85},"value",6,125],[{"frame":0.9},"value",6,126],[{"frame":0.95},"value",6,127],[{"frame":1},"value",6,128],[{"frame":1.05},"value",6,129],[{"frame":1.1},"value",6,130],[{"frame":1.15},"value",6,131],[{"frame":1.2},"value",6,132],[{"frame":1.25},"value",6,133],[{"frame":1.3},"value",6,134],[{"frame":1.35},"value",6,135],[{"frame":1.4},"value",6,136],[{"frame":1.45},"value",6,137],[{"frame":1.5},"value",6,138],[{"frame":1.55},"value",6,139],[{"frame":1.6},"value",6,140],[{"frame":1.65},"value",6,141],[{"frame":1.7},"value",6,142],[{"frame":1.75},"value",6,143],[{"frame":1.8},"value",6,144],[{"frame":1.85},"value",6,145],[{"frame":1.9},"value",6,146],[{"frame":1.95},"value",6,147],[{"frame":2},"value",6,148],[{"frame":2.05},"value",6,149],[{"frame":2.1},"value",6,150],[{"frame":2.15},"value",6,151],[{"frame":2.2},"value",6,152],[{"frame":2.25},"value",6,153],[{"frame":2.3},"value",6,154],[{"frame":2.35},"value",6,155],[{"frame":2.4},"value",6,156],[{"frame":2.45},"value",6,157],[{"frame":2.5},"value",6,158],[{"frame":2.55},"value",6,159],[{"frame":2.6},"value",6,160],[{"frame":2.65},"value",6,161],[{"frame":2.7},"value",6,162],[{"frame":2.75},"value",6,163],[{"frame":2.8},"value",6,164],[{"frame":2.85},"value",6,165],[{"frame":2.9},"value",6,166],[{"frame":2.95},"value",6,167],[{"frame":3},"value",6,168],[{"frame":3.05},"value",6,169],[{"frame":3.1},"value",6,170],[{"frame":3.15},"value",6,171],[{"frame":3.2},"value",6,172],[{"frame":3.25},"value",6,173],[{"frame":3.3},"value",6,174],[{"frame":3.35},"value",6,175],[{"frame":3.4},"value",6,176],[{"frame":3.45},"value",6,177],[{"frame":3.5},"value",6,178],[{"frame":3.55},"value",6,179],[{"frame":3.6},"value",6,180],[{"frame":3.65},"value",6,181],[{"frame":3.7},"value",6,182],[{"frame":3.75},"value",6,183],[{"frame":3.8},"value",6,184],[{"frame":3.85},"value",6,185],[{"frame":3.9},"value",6,186],[{"frame":3.95},"value",6,187],[{"frame":4},"value",6,188],[{"frame":4.05},"value",6,189],[{"frame":4.1},"value",6,190],[{"frame":4.15},"value",6,191],[{"frame":4.2},"value",6,192],[{"frame":4.25},"value",6,193],[{"frame":4.3},"value",6,194],[{"frame":4.35},"value",6,195],[{"frame":4.4},"value",6,196],[{"frame":4.45},"value",6,197],[{"frame":4.5},"value",6,198],[{"frame":4.55},"value",6,199],[{"frame":4.6},"value",6,200],[{"frame":4.65},"value",6,201],[{"frame":4.7},"value",6,202],[{"frame":4.75},"value",6,203],[{"frame":4.8},"value",6,204],[{"frame":4.85},"value",6,205],[{"frame":4.9},"value",6,206],[{"frame":4.95},"value",6,207],[{"frame":5},"value",6,208],[{"frame":5.05},"value",6,209],[{"frame":5.1},"value",6,210],[{"frame":5.15},"value",6,211],[{"frame":5.2},"value",6,212],[{"frame":5.25},"value",6,213],[{"frame":5.3},"value",6,214],[{"frame":5.35},"value",6,215]],11,11,11,11,11,11,11,11,11,11,11,11,11,11,11,11,11,11,11,11,11,11,11,11,11,11,11,11,11,11,11,11,11,11,11,11,11,11,11,11,11,11,11,11,11,11,11,11,11,11,11,11,11,11,11,11,11,11,11,11,11,11,11,11,11,11,11,11,11,11,11,11,11,11,11,11,11,11,11,11,11,11,11,11,11,11,11,11,11,11,11,11,11,11,11,11,11,11,11,11,11,11,11,11,11,11,11,11]]]],"ParentLabel/freeFont",11,[{},"props",11,[{},"scale",12,[[[{"frame":3.55},"value",8,[0,1,1]],[{"frame":3.7},"value",8,[0,1.3,1.3]],[{"frame":3.85},"value",8,[0,1,1]]],11,11,11]]]]]]],0,0,[0,0,0,0,0,0,0,0,0,0,0,0,0,0,0,0,0,0,0,0,0,0,0,0,0,0,0,0,0,0,0,0,0,0,0,0,0,0,0,0,0,0,0,0,0,0,0,0,0,0,0,0,0,0,0,0,0,0,0,0,0,0,0,0,0,0,0,0,0,0,0,0,0,0,0,0,0,0,0,0,0,0,0,0,0,0,0,0,0,0,0,0,0,0,0,0,0,0,0,0,0,0,0,0,0,0,0,0,0,0,0,0,0,0,0,0,0,0,0,0,0,0,0,0,0,0,0,0,0,0,0,0,0,0,0,0,0,0,0,0,0,0,0,0,0,0,0,0,0,0,0,0,0,0,0,0,0,0,0,0,0,0,0,0,0,0,0,0,0,0,0,0,0,0,0,0,0,0,0,0,0,0,0,0,0,0,0,0,0,0,0,0,0,0,0,0,0,0,0,0,0,0,0,0,0,0,0,0,0,0,0,0,0,0,0,0],[0,0,0,0,0,0,0,0,0,0,0,0,0,0,0,0,0,0,0,0,0,0,0,0,0,0,0,0,0,0,0,0,0,0,0,0,0,0,0,0,0,0,0,0,0,0,0,0,0,0,0,0,0,0,0,0,0,0,0,0,0,0,0,0,0,0,0,0,0,0,0,0,0,0,0,0,0,0,0,0,0,0,0,0,0,0,0,0,0,0,0,0,0,0,0,0,0,0,0,0,0,0,0,0,0,0,0,0,0,0,0,0,0,0,0,0,0,0,0,0,0,0,0,0,0,0,0,0,0,0,0,0,0,0,0,0,0,0,0,0,0,0,0,0,0,0,0,0,0,0,0,0,0,0,0,0,0,0,0,0,0,0,0,0,0,0,0,0,0,0,0,0,0,0,0,0,0,0,0,0,0,0,0,0,0,0,0,0,0,0,0,0,0,0,0,0,0,0,0,0,0,0,0,0,0,0,0,0,0,0,0,0,0,0,0,0],[0,1,2,3,4,5,6,7,8,9,10,11,0,1,2,3,4,5,6,7,8,9,10,11,0,1,2,3,4,5,6,7,8,9,10,11,0,1,2,3,4,5,6,7,8,9,10,11,0,1,2,3,4,5,6,7,8,9,10,11,0,1,2,3,4,5,6,7,8,9,10,11,0,1,2,3,4,5,6,7,8,9,10,11,0,1,2,3,4,5,6,7,8,9,10,11,0,1,2,3,4,5,6,7,8,9,10,11,0,1,2,3,4,5,6,7,8,9,10,11,0,1,2,3,4,5,6,7,8,9,10,11,0,1,2,3,4,5,6,7,8,9,10,11,0,1,2,3,4,5,6,7,8,9,10,11,0,1,2,3,4,5,6,7,8,9,10,11,0,1,2,3,4,5,6,7,8,9,10,11,0,1,2,3,4,5,6,7,8,9,10,11,0,1,2,3,4,5,6,7,8,9,10,11,0,1,2,3,4,5,6,7,8,9,10,11]],[[{"name":"bl_vfx_c_add_03","rect":[1,1,216,248],"offset":[0,0],"originalSize":[216,248],"rotated":1,"capInsets":[0,0,0,0]}],[0],0,[0],[1],[12]],[[{"name":"bl_vfx_c_add_02","rect":[251,1,216,248],"offset":[0,0],"originalSize":[216,248],"rotated":1,"capInsets":[0,0,0,0]}],[0],0,[0],[1],[12]],[[{"name":"bl_vfx_c_add_00","rect":[501,1,216,248],"offset":[0,0],"originalSize":[216,248],"rotated":1,"capInsets":[0,0,0,0]}],[0],0,[0],[1],[12]],[[{"name":"bl_vfx_c_add_10","rect":[751,1,216,248],"offset":[0,0],"originalSize":[216,248],"rotated":1,"capInsets":[0,0,0,0]}],[0],0,[0],[1],[12]],[[{"name":"bl_vfx_c_add_05","rect":[1,219,216,248],"offset":[0,0],"originalSize":[216,248],"rotated":1,"capInsets":[0,0,0,0]}],[0],0,[0],[1],[12]],[[{"name":"bl_vfx_c_add_11","rect":[251,219,216,248],"offset":[0,0],"originalSize":[216,248],"rotated":1,"capInsets":[0,0,0,0]}],[0],0,[0],[1],[12]],[[{"name":"bl_vfx_c_add_08","rect":[501,219,216,248],"offset":[0,0],"originalSize":[216,248],"rotated":1,"capInsets":[0,0,0,0]}],[0],0,[0],[1],[12]],[[{"name":"bl_vfx_c_add_07","rect":[751,219,216,248],"offset":[0,0],"originalSize":[216,248],"rotated":1,"capInsets":[0,0,0,0]}],[0],0,[0],[1],[12]],[[{"name":"bl_vfx_c_add_06","rect":[1,437,216,248],"offset":[0,0],"originalSize":[216,248],"rotated":1,"capInsets":[0,0,0,0]}],[0],0,[0],[1],[12]],[[{"name":"bl_vfx_c_add_09","rect":[251,437,216,248],"offset":[0,0],"originalSize":[216,248],"rotated":1,"capInsets":[0,0,0,0]}],[0],0,[0],[1],[12]],[[{"name":"bl_vfx_c_add_04","rect":[501,437,216,248],"offset":[0,0],"originalSize":[216,248],"rotated":1,"capInsets":[0,0,0,0]}],[0],0,[0],[1],[12]],[[{"name":"bl_vfx_c_add_01","rect":[751,437,216,248],"offset":[0,0],"originalSize":[216,248],"rotated":1,"capInsets":[0,0,0,0]}],[0],0,[0],[1],[12]]]]