[
  1,
  [
    "12G4IpEvRPVIacLk76NJ2a",
    "f7aRTc8NVA37k9ieBma6VS",
    "48IIoBwElET5qpVpqOq9g2",
    "49eg+/oZVNl5mFW3RMianZ",
    "23u3hSAgVGcoHa5HluJB7A",
    "7342te72REqpnLOoKorj5U",
    "12kzkUa85Hu4bZbVx/jHDJ",
    "3aELvu1l1HAKiwvjHDidir",
    "c09KT1AfJPFLtwxb9cypSe",
    "7dKlrLzwlPnLCFE58ZxlOK",
    "a3TJMlYupOuor2F9au1hNe",
    "d2G5yDs7ZK0JaEYQHzugh4",
    "9c41Wjg+BJjZZiqgfH8xMD",
    "ddQ6OJac1Hq4zYw6tfXBZf",
    "ccAPf8mQFOPYcG5QvTB3oz",
    "aaygaYVEBHeK2j0z/WGcJD",
    "d8F2oT2qlAwZGZXMhKwag7",
    "16pnsU925HG7RmN+hrj6Bw",
    "2eVQUMLD5CRpuFZ3+0LJbb",
    "11m03rlbxCSq1XoJFHwAz3",
    "02aevJ8m9KSLQW+D5qZtqA"
  ],
  [
    "_textureSetter",
    "line_1",
    "line_10",
    "line_11",
    "line_12",
    "line_13",
    "line_14",
    "line_15",
    "line_16",
    "line_17",
    "line_18",
    "line_19",
    "line_2",
    "line_20",
    "line_3",
    "line_4",
    "line_5",
    "line_6",
    "line_7",
    "line_8",
    "line_9"
  ],
  [
    "cc.SpriteFrame",
    [
      "cc.SpriteAtlas",
      [
        "_name",
        "_spriteFrames"
      ],
      2,
      11
    ]
  ],
  [
    [
      1,
      0,
      1,
      2
    ]
  ],
  [
    [
      [
        {
          "name": "line_9",
          "rect": [
            119,
            218,
            117,
            72
          ],
          "offset": [
            0,
            0
          ],
          "originalSize": [
            117,
            72
          ],
          "capInsets": [
            0,
            0,
            0,
            0
          ]
        }
      ],
      [
        0
      ],
      0,
      [
        0
      ],
      [
        0
      ],
      [
        0
      ]
    ],
    [
      [
        {
          "name": "line_8",
          "rect": [
            119,
            291,
            117,
            72
          ],
          "offset": [
            0,
            0
          ],
          "originalSize": [
            117,
            72
          ],
          "capInsets": [
            0,
            0,
            0,
            0
          ]
        }
      ],
      [
        0
      ],
      0,
      [
        0
      ],
      [
        0
      ],
      [
        0
      ]
    ],
    [
      [
        {
          "name": "line_14",
          "rect": [
            118,
            434,
            117,
            72
          ],
          "offset": [
            0,
            0
          ],
          "originalSize": [
            117,
            72
          ],
          "capInsets": [
            0,
            0,
            0,
            0
          ]
        }
      ],
      [
        0
      ],
      0,
      [
        0
      ],
      [
        0
      ],
      [
        0
      ]
    ],
    [
      [
        {
          "name": "line_6",
          "rect": [
            236,
            436,
            117,
            71
          ],
          "offset": [
            0,
            0
          ],
          "originalSize": [
            117,
            71
          ],
          "capInsets": [
            0,
            0,
            0,
            0
          ]
        }
      ],
      [
        0
      ],
      0,
      [
        0
      ],
      [
        0
      ],
      [
        0
      ]
    ],
    [
      [
        {
          "name": "line_12",
          "rect": [
            119,
            0,
            117,
            72
          ],
          "offset": [
            0,
            0
          ],
          "originalSize": [
            117,
            72
          ],
          "capInsets": [
            0,
            0,
            0,
            0
          ]
        }
      ],
      [
        0
      ],
      0,
      [
        0
      ],
      [
        0
      ],
      [
        0
      ]
    ],
    [
      [
        {
          "name": "line_7",
          "rect": [
            236,
            364,
            117,
            71
          ],
          "offset": [
            0,
            0
          ],
          "originalSize": [
            117,
            71
          ],
          "capInsets": [
            0,
            0,
            0,
            0
          ]
        }
      ],
      [
        0
      ],
      0,
      [
        0
      ],
      [
        0
      ],
      [
        0
      ]
    ],
    [
      [
        {
          "name": "line_15",
          "rect": [
            0,
            434,
            117,
            71
          ],
          "offset": [
            0,
            0
          ],
          "originalSize": [
            117,
            71
          ],
          "capInsets": [
            0,
            0,
            0,
            0
          ]
        }
      ],
      [
        0
      ],
      0,
      [
        0
      ],
      [
        0
      ],
      [
        0
      ]
    ],
    [
      [
        {
          "name": "line_10",
          "rect": [
            0,
            73,
            118,
            72
          ],
          "offset": [
            0,
            0
          ],
          "originalSize": [
            118,
            72
          ],
          "capInsets": [
            0,
            0,
            0,
            0
          ]
        }
      ],
      [
        0
      ],
      0,
      [
        0
      ],
      [
        0
      ],
      [
        0
      ]
    ],
    [
      [
        {
          "name": "line_11",
          "rect": [
            0,
            0,
            118,
            72
          ],
          "offset": [
            0,
            0
          ],
          "originalSize": [
            118,
            72
          ],
          "capInsets": [
            0,
            0,
            0,
            0
          ]
        }
      ],
      [
        0
      ],
      0,
      [
        0
      ],
      [
        0
      ],
      [
        0
      ]
    ],
    [
      [
        [
          0,
          "payline.plist",
          [
            {},
            "line_1",
            6,
            0,
            "line_10",
            6,
            1,
            "line_11",
            6,
            2,
            "line_12",
            6,
            3,
            "line_13",
            6,
            4,
            "line_14",
            6,
            5,
            "line_15",
            6,
            6,
            "line_16",
            6,
            7,
            "line_17",
            6,
            8,
            "line_18",
            6,
            9,
            "line_19",
            6,
            10,
            "line_2",
            6,
            11,
            "line_20",
            6,
            12,
            "line_3",
            6,
            13,
            "line_4",
            6,
            14,
            "line_5",
            6,
            15,
            "line_6",
            6,
            16,
            "line_7",
            6,
            17,
            "line_8",
            6,
            18,
            "line_9",
            6,
            19
          ]
        ]
      ],
      0,
      0,
      [
        0,
        0,
        0,
        0,
        0,
        0,
        0,
        0,
        0,
        0,
        0,
        0,
        0,
        0,
        0,
        0,
        0,
        0,
        0,
        0
      ],
      [
        1,
        2,
        3,
        4,
        5,
        6,
        7,
        8,
        9,
        10,
        11,
        12,
        13,
        14,
        15,
        16,
        17,
        18,
        19,
        20
      ],
      [
        1,
        2,
        3,
        4,
        5,
        6,
        7,
        8,
        9,
        10,
        11,
        12,
        13,
        14,
        15,
        16,
        17,
        18,
        19,
        20
      ]
    ],
    [
      [
        {
          "name": "line_13",
          "rect": [
            119,
            73,
            117,
            72
          ],
          "offset": [
            0,
            0
          ],
          "originalSize": [
            117,
            72
          ],
          "capInsets": [
            0,
            0,
            0,
            0
          ]
        }
      ],
      [
        0
      ],
      0,
      [
        0
      ],
      [
        0
      ],
      [
        0
      ]
    ],
    [
      [
        {
          "name": "line_17",
          "rect": [
            0,
            218,
            118,
            71
          ],
          "offset": [
            0,
            0
          ],
          "originalSize": [
            118,
            71
          ],
          "capInsets": [
            0,
            0,
            0,
            0
          ]
        }
      ],
      [
        0
      ],
      0,
      [
        0
      ],
      [
        0
      ],
      [
        0
      ]
    ],
    [
      [
        {
          "name": "line_2",
          "rect": [
            237,
            216,
            117,
            71
          ],
          "offset": [
            0,
            0
          ],
          "originalSize": [
            117,
            71
          ],
          "capInsets": [
            0,
            0,
            0,
            0
          ]
        }
      ],
      [
        0
      ],
      0,
      [
        0
      ],
      [
        0
      ],
      [
        0
      ]
    ],
    [
      [
        {
          "name": "line_18",
          "rect": [
            0,
            146,
            118,
            71
          ],
          "offset": [
            0,
            0
          ],
          "originalSize": [
            118,
            71
          ],
          "capInsets": [
            0,
            0,
            0,
            0
          ]
        }
      ],
      [
        0
      ],
      0,
      [
        0
      ],
      [
        0
      ],
      [
        0
      ]
    ],
    [
      [
        {
          "name": "line_4",
          "rect": [
            0,
            362,
            118,
            71
          ],
          "offset": [
            0,
            0
          ],
          "originalSize": [
            118,
            71
          ],
          "capInsets": [
            0,
            0,
            0,
            0
          ]
        }
      ],
      [
        0
      ],
      0,
      [
        0
      ],
      [
        0
      ],
      [
        0
      ]
    ],
    [
      [
        {
          "name": "line_16",
          "rect": [
            119,
            146,
            117,
            71
          ],
          "offset": [
            0,
            0
          ],
          "originalSize": [
            117,
            71
          ],
          "capInsets": [
            0,
            0,
            0,
            0
          ]
        }
      ],
      [
        0
      ],
      0,
      [
        0
      ],
      [
        0
      ],
      [
        0
      ]
    ],
    [
      [
        {
          "name": "line_3",
          "rect": [
            0,
            290,
            118,
            71
          ],
          "offset": [
            0,
            0
          ],
          "originalSize": [
            118,
            71
          ],
          "capInsets": [
            0,
            0,
            0,
            0
          ]
        }
      ],
      [
        0
      ],
      0,
      [
        0
      ],
      [
        0
      ],
      [
        0
      ]
    ],
    [
      [
        {
          "name": "line_19",
          "rect": [
            237,
            72,
            117,
            71
          ],
          "offset": [
            0,
            0
          ],
          "originalSize": [
            117,
            71
          ],
          "capInsets": [
            0,
            0,
            0,
            0
          ]
        }
      ],
      [
        0
      ],
      0,
      [
        0
      ],
      [
        0
      ],
      [
        0
      ]
    ],
    [
      [
        {
          "name": "line_5",
          "rect": [
            237,
            0,
            117,
            71
          ],
          "offset": [
            0,
            0
          ],
          "originalSize": [
            117,
            71
          ],
          "capInsets": [
            0,
            0,
            0,
            0
          ]
        }
      ],
      [
        0
      ],
      0,
      [
        0
      ],
      [
        0
      ],
      [
        0
      ]
    ],
    [
      [
        {
          "name": "line_20",
          "rect": [
            237,
            288,
            117,
            71
          ],
          "offset": [
            0,
            0
          ],
          "originalSize": [
            117,
            71
          ],
          "capInsets": [
            0,
            0,
            0,
            0
          ]
        }
      ],
      [
        0
      ],
      0,
      [
        0
      ],
      [
        0
      ],
      [
        0
      ]
    ],
    [
      [
        {
          "name": "line_1",
          "rect": [
            237,
            144,
            117,
            71
          ],
          "offset": [
            0,
            0
          ],
          "originalSize": [
            117,
            71
          ],
          "capInsets": [
            0,
            0,
            0,
            0
          ]
        }
      ],
      [
        0
      ],
      0,
      [
        0
      ],
      [
        0
      ],
      [
        0
      ]
    ]
  ]
]