[
  1,
  [
    "0b0c0sYWNCYqx1tqyCQFUJ",
    "6b2J/BiXNCgYsy+VkpWzkk",
    "1b1/fwpIREqa9xhylDnZMe",
    "8crILMDhtM/rgEOdxe3L4I",
    "adAa9VANtNab0fren3JvF0",
    "5fGERPSwBOD6/lJk9JpcTw",
    "c3cZJ1fM5Dhrxyc935e1cf",
    "94nbx/blVOpbA+8npNpPil",
    "14p2Sr9stMpZGNZQH0Dd3J",
    "26VqTGigVCuoXuor3D3rmG",
    "b7xGAhvstInYmNdaOGpvj8",
    "93HQjRPkxPza1pwbZENIMJ",
    "b508noPThEbILj1TJ3NPyJ",
    "632af5tIpPpK5Daf7x4Xg4",
    "d6tdNZOi1AD49Fd+jzSSlS",
    "d8E5aANd9JGrqekPsbqJ3i",
    "7bFmmibexG7Z+lG3d9gnDz",
    "bcm3GYCX9IAKGrFBszOYHj",
    "55W4xChYJEDa/gFYcOLGUs"
  ],
  [
    "value"
  ],
  [
    [
      "cc.AnimationClip",
      [
        "_name",
        "_duration",
        "sample",
        "curveData"
      ],
      0,
      11
    ]
  ],
  [
    [
      0,
      0,
      1,
      2,
      3,
      4
    ]
  ],
  [
    [
      0,
      "Alats30-fs_vfx_g_add",
      1.3333333333333333,
      15,
      [
        {},
        "comps",
        11,
        [
          {},
          "cc.Sprite",
          11,
          [
            {},
            "spriteFrame",
            12,
            [
              [
                [
                  {
                    "frame": 0
                  },
                  "value",
                  6,
                  0
                ],
                [
                  {
                    "frame": 0.06666666666666667
                  },
                  "value",
                  6,
                  1
                ],
                [
                  {
                    "frame": 0.13333333333333333
                  },
                  "value",
                  6,
                  2
                ],
                [
                  {
                    "frame": 0.2
                  },
                  "value",
                  6,
                  3
                ],
                [
                  {
                    "frame": 0.26666666666666666
                  },
                  "value",
                  6,
                  4
                ],
                [
                  {
                    "frame": 0.3333333333333333
                  },
                  "value",
                  6,
                  5
                ],
                [
                  {
                    "frame": 0.4
                  },
                  "value",
                  6,
                  6
                ],
                [
                  {
                    "frame": 0.4666666666666667
                  },
                  "value",
                  6,
                  7
                ],
                [
                  {
                    "frame": 0.5333333333333333
                  },
                  "value",
                  6,
                  8
                ],
                [
                  {
                    "frame": 0.6
                  },
                  "value",
                  6,
                  9
                ],
                [
                  {
                    "frame": 0.6666666666666666
                  },
                  "value",
                  6,
                  10
                ],
                [
                  {
                    "frame": 0.7333333333333333
                  },
                  "value",
                  6,
                  11
                ],
                [
                  {
                    "frame": 0.8
                  },
                  "value",
                  6,
                  12
                ],
                [
                  {
                    "frame": 0.8666666666666667
                  },
                  "value",
                  6,
                  13
                ],
                [
                  {
                    "frame": 0.9333333333333333
                  },
                  "value",
                  6,
                  14
                ],
                [
                  {
                    "frame": 1
                  },
                  "value",
                  6,
                  15
                ],
                [
                  {
                    "frame": 1.0666666666666667
                  },
                  "value",
                  6,
                  16
                ],
                [
                  {
                    "frame": 1.1333333333333333
                  },
                  "value",
                  6,
                  17
                ],
                [
                  {
                    "frame": 1.2
                  },
                  "value",
                  6,
                  18
                ],
                {
                  "frame": 1.2666666666666666,
                  "value": null
                }
              ],
              11,
              11,
              11,
              11,
              11,
              11,
              11,
              11,
              11,
              11,
              11,
              11,
              11,
              11,
              11,
              11,
              11,
              11,
              11,
              0
            ]
          ]
        ]
      ]
    ]
  ],
  0,
  0,
  [
    0,
    0,
    0,
    0,
    0,
    0,
    0,
    0,
    0,
    0,
    0,
    0,
    0,
    0,
    0,
    0,
    0,
    0,
    0
  ],
  [
    0,
    0,
    0,
    0,
    0,
    0,
    0,
    0,
    0,
    0,
    0,
    0,
    0,
    0,
    0,
    0,
    0,
    0,
    0
  ],
  [
    0,
    1,
    2,
    3,
    4,
    5,
    6,
    7,
    8,
    9,
    10,
    11,
    12,
    13,
    14,
    15,
    16,
    17,
    18
  ]
]