[
  1,
  [
    "04/PwQqmpLAIRlvYnz/kzF"
  ],
  0,
  [
    [
      "sp.SkeletonData",
      [
        "_name",
        "_atlasText",
        "textureNames",
        "_skeletonJson",
        "textures"
      ],
      -1,
      3
    ]
  ],
  [
    [
      0,
      0,
      1,
      2,
      3,
      4,
      5
    ]
  ],
  [
    [
      0,
      "Fx_explosion",
      "\r\nFx_explosion.png\r\nsize: 1003,347\r\nformat: RGBA8888\r\nfilter: Linear,Linear\r\nrepeat: none\r\n069 (1)\r\n  rotate: false\r\n  xy: 745, 28\r\n  size: 84, 84\r\n  orig: 120, 120\r\n  offset: 19, 19\r\n  index: -1\r\n069 (10)\r\n  rotate: false\r\n  xy: 617, 108\r\n  size: 116, 117\r\n  orig: 120, 120\r\n  offset: 4, 2\r\n  index: -1\r\n069 (11)\r\n  rotate: false\r\n  xy: 831, 28\r\n  size: 84, 84\r\n  orig: 120, 120\r\n  offset: 19, 19\r\n  index: -1\r\n069 (2)\r\n  rotate: true\r\n  xy: 319, 2\r\n  size: 99, 98\r\n  orig: 120, 120\r\n  offset: 12, 13\r\n  index: -1\r\n069 (3)\r\n  rotate: true\r\n  xy: 735, 114\r\n  size: 112, 109\r\n  orig: 120, 120\r\n  offset: 7, 8\r\n  index: -1\r\n069 (4)\r\n  rotate: false\r\n  xy: 711, 228\r\n  size: 115, 117\r\n  orig: 120, 120\r\n  offset: 5, 3\r\n  index: -1\r\n069 (5)\r\n  rotate: false\r\n  xy: 593, 227\r\n  size: 116, 118\r\n  orig: 120, 120\r\n  offset: 4, 2\r\n  index: -1\r\n069 (6)\r\n  rotate: false\r\n  xy: 261, 103\r\n  size: 117, 119\r\n  orig: 120, 120\r\n  offset: 3, 1\r\n  index: -1\r\n069 (7)\r\n  rotate: false\r\n  xy: 490, 226\r\n  size: 101, 119\r\n  orig: 120, 120\r\n  offset: 4, 1\r\n  index: -1\r\n069 (8)\r\n  rotate: false\r\n  xy: 372, 226\r\n  size: 116, 119\r\n  orig: 120, 120\r\n  offset: 4, 1\r\n  index: -1\r\n069 (9)\r\n  rotate: false\r\n  xy: 380, 105\r\n  size: 115, 119\r\n  orig: 120, 120\r\n  offset: 5, 1\r\n  index: -1\r\n1/Elements - Sparks 013 Hit Explosion Radial noCT noRSZ_00001\r\n  rotate: false\r\n  xy: 106, 29\r\n  size: 27, 33\r\n  orig: 36, 36\r\n  offset: 2, 0\r\n  index: -1\r\n1/Elements - Sparks 013 Hit Explosion Radial noCT noRSZ_00003\r\n  rotate: false\r\n  xy: 2, 9\r\n  size: 53, 53\r\n  orig: 60, 60\r\n  offset: 0, 3\r\n  index: -1\r\n1/Elements - Sparks 013 Hit Explosion Radial noCT noRSZ_00005\r\n  rotate: true\r\n  xy: 846, 115\r\n  size: 70, 67\r\n  orig: 78, 78\r\n  offset: 0, 5\r\n  index: -1\r\n1/Elements - Sparks 013 Hit Explosion Radial noCT noRSZ_00007\r\n  rotate: false\r\n  xy: 917, 33\r\n  size: 78, 77\r\n  orig: 86, 86\r\n  offset: 0, 6\r\n  index: -1\r\n1/Elements - Sparks 013 Hit Explosion Radial noCT noRSZ_00009\r\n  rotate: false\r\n  xy: 917, 187\r\n  size: 80, 80\r\n  orig: 82, 82\r\n  offset: 0, 2\r\n  index: -1\r\n1/Elements - Sparks 013 Hit Explosion Radial noCT noRSZ_00011\r\n  rotate: false\r\n  xy: 587, 19\r\n  size: 85, 85\r\n  orig: 89, 89\r\n  offset: 0, 4\r\n  index: -1\r\n1/Elements - Sparks 013 Hit Explosion Radial noCT noRSZ_00013\r\n  rotate: false\r\n  xy: 513, 12\r\n  size: 72, 92\r\n  orig: 100, 100\r\n  offset: 19, 8\r\n  index: -1\r\n1/Elements - Sparks 013 Hit Explosion Radial noCT noRSZ_00015\r\n  rotate: false\r\n  xy: 674, 21\r\n  size: 69, 85\r\n  orig: 100, 100\r\n  offset: 23, 15\r\n  index: -1\r\n1/Elements - Sparks 013 Hit Explosion Radial noCT noRSZ_00017\r\n  rotate: false\r\n  xy: 846, 262\r\n  size: 68, 83\r\n  orig: 100, 100\r\n  offset: 24, 17\r\n  index: -1\r\n1/Elements - Sparks 013 Hit Explosion Radial noCT noRSZ_00019\r\n  rotate: false\r\n  xy: 57, 12\r\n  size: 47, 50\r\n  orig: 78, 78\r\n  offset: 31, 23\r\n  index: -1\r\n29 (1)\r\n  rotate: true\r\n  xy: 252, 224\r\n  size: 121, 118\r\n  orig: 160, 140\r\n  offset: 19, 10\r\n  index: -1\r\n29 (2)\r\n  rotate: false\r\n  xy: 124, 219\r\n  size: 126, 126\r\n  orig: 160, 140\r\n  offset: 16, 6\r\n  index: -1\r\n29 (3)\r\n  rotate: false\r\n  xy: 138, 94\r\n  size: 121, 123\r\n  orig: 160, 140\r\n  offset: 18, 10\r\n  index: -1\r\n29 (4)\r\n  rotate: false\r\n  xy: 497, 106\r\n  size: 118, 118\r\n  orig: 160, 140\r\n  offset: 21, 16\r\n  index: -1\r\n29 (5)\r\n  rotate: true\r\n  xy: 2, 202\r\n  size: 143, 120\r\n  orig: 160, 140\r\n  offset: 0, 18\r\n  index: -1\r\n29 (6)\r\n  rotate: true\r\n  xy: 419, 9\r\n  size: 94, 92\r\n  orig: 160, 140\r\n  offset: 34, 21\r\n  index: -1\r\n29 (7)\r\n  rotate: false\r\n  xy: 138, 2\r\n  size: 93, 90\r\n  orig: 160, 140\r\n  offset: 34, 22\r\n  index: -1\r\n29 (8)\r\n  rotate: false\r\n  xy: 917, 269\r\n  size: 84, 76\r\n  orig: 160, 140\r\n  offset: 35, 34\r\n  index: -1\r\n29 (9)\r\n  rotate: false\r\n  xy: 917, 112\r\n  size: 80, 73\r\n  orig: 160, 140\r\n  offset: 37, 35\r\n  index: -1\r\nFile 000470_1-1\r\n  rotate: false\r\n  xy: 846, 193\r\n  size: 67, 67\r\n  orig: 67, 67\r\n  offset: 0, 0\r\n  index: -1\r\nFx_Bubble_Grey\r\n  rotate: true\r\n  xy: 2, 64\r\n  size: 136, 134\r\n  orig: 138, 138\r\n  offset: 2, 0\r\n  index: -1\r\nfx\r\n  rotate: true\r\n  xy: 233, 2\r\n  size: 90, 84\r\n  orig: 100, 100\r\n  offset: 3, 16\r\n  index: -1\r\n",
      [
        "Fx_explosion.png"
      ],
      {
        "skeleton": {
          "hash": "QMU72D/gbH7SHW39owwhZrCtbz4",
          "spine": "3.7.94",
          "width": 150,
          "height": 150,
          "images": "./images/",
          "audio": "D:/Minh_workplace/FISH_Noel/Boom/Boom"
        },
        "bones": [
          {
            "name": "root"
          },
          {
            "name": "069",
            "parent": "root"
          },
          {
            "name": "29",
            "parent": "root"
          },
          {
            "name": "1/Elements - Sparks 013 Hit Explosion Radial noCT noRSZ_00001",
            "parent": "root",
            "rotation": -104.73,
            "x": 1.11,
            "y": 5.55
          },
          {
            "name": "fx",
            "parent": "root",
            "rotation": -47.26,
            "x": -0.01,
            "y": 0.85,
            "scaleX": 0.247,
            "scaleY": 0.247
          },
          {
            "name": "File 000470_1-1",
            "parent": "root",
            "x": -1.71,
            "y": 0.58,
            "scaleX": 1.002,
            "scaleY": 1.002
          },
          {
            "name": "Fx_Bubble_Grey",
            "parent": "root",
            "x": 0.5,
            "y": -0.92,
            "scaleX": 0.774,
            "scaleY": 0.774
          }
        ],
        "slots": [
          {
            "name": "1/Elements - Sparks 013 Hit Explosion Radial noCT noRSZ_00001",
            "bone": "1/Elements - Sparks 013 Hit Explosion Radial noCT noRSZ_00001"
          },
          {
            "name": "fx",
            "bone": "fx",
            "attachment": "fx"
          },
          {
            "name": "29 (1)",
            "bone": "29"
          },
          {
            "name": "069 (1)",
            "bone": "069",
            "dark": "000000",
            "attachment": "069 (1)"
          },
          {
            "name": "File 000470_1-1",
            "bone": "File 000470_1-1"
          },
          {
            "name": "Fx_Bubble_Grey",
            "bone": "Fx_Bubble_Grey",
            "attachment": "Fx_Bubble_Grey"
          }
        ],
        "skins": {
          "default": {
            "069 (1)": {
              "069 (1)": {
                "width": 150,
                "height": 150
              },
              "069 (2)": {
                "width": 150,
                "height": 150
              },
              "069 (3)": {
                "width": 150,
                "height": 150
              },
              "069 (4)": {
                "width": 150,
                "height": 150
              },
              "069 (5)": {
                "width": 150,
                "height": 150
              },
              "069 (6)": {
                "width": 150,
                "height": 150
              },
              "069 (7)": {
                "width": 150,
                "height": 150
              },
              "069 (8)": {
                "width": 150,
                "height": 150
              },
              "069 (9)": {
                "width": 150,
                "height": 150
              },
              "069 (10)": {
                "width": 150,
                "height": 150
              },
              "069 (11)": {
                "width": 150,
                "height": 150
              }
            },
            "1/Elements - Sparks 013 Hit Explosion Radial noCT noRSZ_00001": {
              "1/Elements - Sparks 013 Hit Explosion Radial noCT noRSZ_00001": {
                "x": 10.34,
                "y": 4.95,
                "width": 45,
                "height": 45
              },
              "1/Elements - Sparks 013 Hit Explosion Radial noCT noRSZ_00003": {
                "x": 10.34,
                "y": 4.95,
                "width": 75,
                "height": 75
              },
              "1/Elements - Sparks 013 Hit Explosion Radial noCT noRSZ_00005": {
                "x": 10.34,
                "y": 4.95,
                "width": 97,
                "height": 97
              },
              "1/Elements - Sparks 013 Hit Explosion Radial noCT noRSZ_00007": {
                "x": 10.34,
                "y": 4.95,
                "width": 107,
                "height": 107
              },
              "1/Elements - Sparks 013 Hit Explosion Radial noCT noRSZ_00009": {
                "x": 10.34,
                "y": 4.95,
                "width": 103,
                "height": 103
              },
              "1/Elements - Sparks 013 Hit Explosion Radial noCT noRSZ_00011": {
                "x": 10.34,
                "y": 4.95,
                "width": 111,
                "height": 111
              },
              "1/Elements - Sparks 013 Hit Explosion Radial noCT noRSZ_00013": {
                "x": 10.34,
                "y": 4.95,
                "width": 125,
                "height": 125
              },
              "1/Elements - Sparks 013 Hit Explosion Radial noCT noRSZ_00015": {
                "x": 10.34,
                "y": 4.95,
                "width": 125,
                "height": 125
              },
              "1/Elements - Sparks 013 Hit Explosion Radial noCT noRSZ_00017": {
                "x": 10.34,
                "y": 4.95,
                "width": 125,
                "height": 125
              },
              "1/Elements - Sparks 013 Hit Explosion Radial noCT noRSZ_00019": {
                "x": 10.34,
                "y": 4.95,
                "width": 97,
                "height": 97
              }
            },
            "29 (1)": {
              "29 (1)": {
                "width": 200,
                "height": 175
              },
              "29 (2)": {
                "y": 0.5,
                "width": 200,
                "height": 175
              },
              "29 (3)": {
                "y": 0.5,
                "width": 200,
                "height": 175
              },
              "29 (4)": {
                "y": 0.5,
                "width": 200,
                "height": 175
              },
              "29 (5)": {
                "y": 0.5,
                "width": 200,
                "height": 175
              },
              "29 (6)": {
                "y": 0.5,
                "width": 200,
                "height": 175
              },
              "29 (7)": {
                "y": 0.5,
                "width": 200,
                "height": 175
              },
              "29 (8)": {
                "y": 0.5,
                "width": 200,
                "height": 175
              },
              "29 (9)": {
                "y": 0.5,
                "width": 200,
                "height": 175
              }
            },
            "File 000470_1-1": {
              "File 000470_1-1": {
                "x": 2.27,
                "y": -1.28,
                "scaleX": 3,
                "scaleY": 3,
                "width": 84,
                "height": 84
              }
            },
            "Fx_Bubble_Grey": {
              "Fx_Bubble_Grey": {
                "x": 1.51,
                "y": -0.13,
                "width": 172,
                "height": 172
              }
            },
            "fx": {
              "fx": {
                "x": 3.29,
                "y": -6.18,
                "width": 125,
                "height": 125
              }
            }
          }
        },
        "animations": {
          "animation": {
            "slots": {
              "069 (1)": {
                "twoColor": [
                  {
                    "time": 0.2667,
                    "light": "ffffffff",
                    "dark": "000000",
                    "curve": [
                      0.25,
                      0,
                      0.75,
                      1
                    ]
                  },
                  {
                    "time": 0.3667,
                    "light": "ffffff00",
                    "dark": "000000"
                  }
                ],
                "attachment": [
                  {
                    "time": 0.0667,
                    "name": "069 (2)"
                  },
                  {
                    "time": 0.1,
                    "name": "069 (3)"
                  },
                  {
                    "time": 0.1333,
                    "name": "069 (4)"
                  },
                  {
                    "time": 0.1667,
                    "name": "069 (5)"
                  },
                  {
                    "time": 0.2,
                    "name": "069 (6)"
                  },
                  {
                    "time": 0.2333,
                    "name": "069 (7)"
                  },
                  {
                    "time": 0.2667,
                    "name": "069 (8)"
                  },
                  {
                    "time": 0.3,
                    "name": "069 (9)"
                  },
                  {
                    "time": 0.3333,
                    "name": "069 (10)"
                  },
                  {
                    "time": 0.3667,
                    "name": "069 (11)"
                  }
                ]
              },
              "1/Elements - Sparks 013 Hit Explosion Radial noCT noRSZ_00001": {
                "color": [
                  {
                    "time": 0.3333,
                    "color": "ffffffff"
                  },
                  {
                    "time": 0.3667,
                    "color": "ffffff00"
                  }
                ],
                "attachment": [
                  {
                    "time": 0.0333,
                    "name": "1/Elements - Sparks 013 Hit Explosion Radial noCT noRSZ_00001"
                  },
                  {
                    "time": 0.0667,
                    "name": "1/Elements - Sparks 013 Hit Explosion Radial noCT noRSZ_00005"
                  },
                  {
                    "time": 0.1333,
                    "name": "1/Elements - Sparks 013 Hit Explosion Radial noCT noRSZ_00007"
                  },
                  {
                    "time": 0.1667,
                    "name": "1/Elements - Sparks 013 Hit Explosion Radial noCT noRSZ_00009"
                  },
                  {
                    "time": 0.2,
                    "name": "1/Elements - Sparks 013 Hit Explosion Radial noCT noRSZ_00011"
                  },
                  {
                    "time": 0.2667,
                    "name": "1/Elements - Sparks 013 Hit Explosion Radial noCT noRSZ_00015"
                  },
                  {
                    "time": 0.3333,
                    "name": "1/Elements - Sparks 013 Hit Explosion Radial noCT noRSZ_00019"
                  },
                  {
                    "time": 0.3667,
                    "name": null
                  }
                ]
              },
              "29 (1)": {
                "attachment": [
                  {
                    "time": 0.0333,
                    "name": "29 (1)"
                  },
                  {
                    "time": 0.0667,
                    "name": "29 (2)"
                  },
                  {
                    "time": 0.1,
                    "name": "29 (3)"
                  },
                  {
                    "time": 0.1333,
                    "name": "29 (4)"
                  },
                  {
                    "time": 0.1667,
                    "name": "29 (5)"
                  },
                  {
                    "time": 0.2,
                    "name": "29 (6)"
                  },
                  {
                    "time": 0.2333,
                    "name": "29 (7)"
                  },
                  {
                    "time": 0.2667,
                    "name": "29 (8)"
                  },
                  {
                    "time": 0.3,
                    "name": "29 (9)"
                  },
                  {
                    "time": 0.3333,
                    "name": null
                  }
                ]
              },
              "File 000470_1-1": {
                "color": [
                  {
                    "time": 0.1333,
                    "color": "ffffffff"
                  },
                  {
                    "time": 0.2333,
                    "color": "ffffff00"
                  }
                ],
                "attachment": [
                  {
                    "time": 0.0333,
                    "name": "File 000470_1-1"
                  }
                ]
              },
              "Fx_Bubble_Grey": {
                "color": [
                  {
                    "time": 0.1,
                    "color": "ffffffff"
                  },
                  {
                    "time": 0.1667,
                    "color": "ffffff00"
                  }
                ]
              },
              "fx": {
                "color": [
                  {
                    "time": 0.1667,
                    "color": "ffffffff"
                  },
                  {
                    "time": 0.2333,
                    "color": "ffffff00"
                  }
                ]
              }
            },
            "bones": {
              "29": {
                "scale": [
                  {
                    "time": 0.0333,
                    "x": 0.702,
                    "y": 0.702,
                    "curve": [
                      0.347,
                      0.44,
                      0.715,
                      1
                    ]
                  },
                  {
                    "time": 0.3667,
                    "x": 2.002,
                    "y": 2.002
                  }
                ]
              },
              "069": {
                "scale": [
                  {
                    "time": 0.0333,
                    "x": 1,
                    "y": 1,
                    "curve": [
                      0,
                      0.29,
                      0.75,
                      1
                    ]
                  },
                  {
                    "time": 0.3667,
                    "x": 1.463,
                    "y": 1.463
                  }
                ]
              },
              "1/Elements - Sparks 013 Hit Explosion Radial noCT noRSZ_00001": {
                "scale": [
                  {
                    "time": 0.0333,
                    "x": 1,
                    "y": 1
                  },
                  {
                    "time": 0.3667,
                    "x": 1.531,
                    "y": 1.531
                  }
                ]
              },
              "fx": {
                "scale": [
                  {
                    "time": 0.0333,
                    "x": 1,
                    "y": 1,
                    "curve": [
                      0.109,
                      0.44,
                      0.653,
                      1
                    ]
                  },
                  {
                    "time": 0.2333,
                    "x": 9.141,
                    "y": 9.141
                  }
                ]
              },
              "File 000470_1-1": {
                "scale": [
                  {
                    "time": 0.0333,
                    "x": 0.146,
                    "y": 0.146,
                    "curve": [
                      0.25,
                      0,
                      0.75,
                      1
                    ]
                  },
                  {
                    "time": 0.2333,
                    "x": 1.38,
                    "y": 1.38
                  },
                  {
                    "time": 0.3667,
                    "x": 1.774,
                    "y": 1.774
                  }
                ]
              },
              "Fx_Bubble_Grey": {
                "scale": [
                  {
                    "time": 0,
                    "x": 0.991,
                    "y": 0.991
                  },
                  {
                    "time": 0.1667,
                    "x": 1.621,
                    "y": 1.621
                  }
                ]
              }
            }
          }
        }
      },
      [
        0
      ]
    ]
  ],
  0,
  0,
  [
    0
  ],
  [
    -1
  ],
  [
    0
  ]
]