[
  1,
  [
    "8eOmlgK/RLXJo/e7reu6JV"
  ],
  0,
  [
    [
      "sp.SkeletonData",
      [
        "_name",
        "_atlasText",
        "textureNames",
        "_skeletonJson",
        "textures"
      ],
      -1,
      3
    ]
  ],
  [
    [
      0,
      0,
      1,
      2,
      3,
      4,
      5
    ]
  ],
  [
    [
      0,
      "h_sextant_atlas_symbols",
      "\nsymbols.png\nsize: 882,772\nformat: RGBA8888\nfilter: Linear,Linear\nrepeat: none\nh_globe_ball\n  rotate: false\n  xy: 771, 51\n  size: 99, 99\n  orig: 101, 103\n  offset: 1, 2\n  index: -1\nh_globe_ball_glow\n  rotate: false\n  xy: 616, 137\n  size: 135, 135\n  orig: 141, 141\n  offset: 3, 3\n  index: -1\nh_globe_ring_glow\n  rotate: false\n  xy: 2, 569\n  size: 192, 201\n  orig: 196, 205\n  offset: 2, 2\n  index: -1\nh_globe_ring_inner\n  rotate: true\n  xy: 472, 23\n  size: 113, 128\n  orig: 115, 130\n  offset: 1, 1\n  index: -1\nh_globe_ring_inner2\n  rotate: false\n  xy: 568, 421\n  size: 171, 78\n  orig: 173, 80\n  offset: 1, 1\n  index: -1\nh_globe_ring_inner2_back\n  rotate: false\n  xy: 586, 501\n  size: 175, 82\n  orig: 178, 85\n  offset: 1, 2\n  index: -1\nh_globe_ring_inner_back\n  rotate: false\n  xy: 753, 152\n  size: 105, 120\n  orig: 107, 122\n  offset: 1, 1\n  index: -1\nh_globe_ring_outer\n  rotate: true\n  xy: 195, 285\n  size: 159, 163\n  orig: 161, 165\n  offset: 1, 1\n  index: -1\nh_globe_ring_outer2\n  rotate: false\n  xy: 185, 9\n  size: 130, 176\n  orig: 132, 179\n  offset: 1, 1\n  index: -1\nh_globe_ring_outer2_back\n  rotate: true\n  xy: 394, 453\n  size: 124, 172\n  orig: 128, 174\n  offset: 2, 1\n  index: -1\nh_globe_ring_outer_back\n  rotate: false\n  xy: 317, 25\n  size: 153, 161\n  orig: 156, 163\n  offset: 2, 1\n  index: -1\nh_globe_ring_outer_darken\n  rotate: true\n  xy: 780, 274\n  size: 18, 36\n  orig: 25, 43\n  offset: 2, 2\n  index: -1\nh_globe_star\n  rotate: false\n  xy: 741, 425\n  size: 64, 67\n  orig: 66, 69\n  offset: 1, 1\n  index: -1\nh_moon\n  rotate: false\n  xy: 602, 10\n  size: 125, 125\n  orig: 127, 127\n  offset: 1, 1\n  index: -1\nh_moon_glow\n  rotate: false\n  xy: 196, 574\n  size: 196, 196\n  orig: 200, 200\n  offset: 2, 2\n  index: -1\nh_moon_glow_inner\n  rotate: false\n  xy: 2, 376\n  size: 191, 191\n  orig: 195, 195\n  offset: 2, 2\n  index: -1\nh_moon_rays\n  rotate: false\n  xy: 2, 187\n  size: 187, 187\n  orig: 190, 190\n  offset: 1, 2\n  index: -1\nh_sextant\n  rotate: true\n  xy: 196, 446\n  size: 126, 164\n  orig: 126, 169\n  offset: 0, 0\n  index: -1\nh_sextant_bar\n  rotate: false\n  xy: 780, 374\n  size: 38, 49\n  orig: 39, 50\n  offset: 0, 1\n  index: -1\nh_sextant_bottom\n  rotate: false\n  xy: 860, 497\n  size: 17, 17\n  orig: 17, 17\n  offset: 0, 0\n  index: -1\nh_sextant_pin\n  rotate: false\n  xy: 836, 516\n  size: 44, 29\n  orig: 44, 31\n  offset: 0, 1\n  index: -1\nh_sextant_pin_back\n  rotate: false\n  xy: 771, 2\n  size: 61, 47\n  orig: 63, 48\n  offset: 0, 0\n  index: -1\nh_sextant_rim\n  rotate: false\n  xy: 780, 294\n  size: 25, 35\n  orig: 27, 37\n  offset: 1, 1\n  index: -1\nh_sextant_slot_L\n  rotate: false\n  xy: 820, 396\n  size: 23, 33\n  orig: 24, 35\n  offset: 0, 1\n  index: -1\nh_sextant_slot_R\n  rotate: false\n  xy: 362, 457\n  size: 26, 39\n  orig: 26, 39\n  offset: 0, 0\n  index: -1\nh_sextant_viewer\n  rotate: true\n  xy: 729, 15\n  size: 120, 40\n  orig: 120, 42\n  offset: 0, 1\n  index: -1\nh_sun\n  rotate: true\n  xy: 772, 547\n  size: 109, 108\n  orig: 111, 110\n  offset: 1, 1\n  index: -1\nh_sun_glow\n  rotate: false\n  xy: 394, 579\n  size: 190, 191\n  orig: 194, 195\n  offset: 2, 2\n  index: -1\nh_sun_glow_inner\n  rotate: false\n  xy: 586, 585\n  size: 184, 185\n  orig: 188, 189\n  offset: 2, 2\n  index: -1\nh_sun_rays\n  rotate: false\n  xy: 2, 3\n  size: 181, 182\n  orig: 183, 184\n  offset: 1, 1\n  index: -1\nh_sundial_angle\n  rotate: false\n  xy: 807, 431\n  size: 39, 61\n  orig: 40, 63\n  offset: 0, 1\n  index: -1\nh_sundial_angle_rim\n  rotate: false\n  xy: 836, 494\n  size: 22, 20\n  orig: 24, 21\n  offset: 1, 1\n  index: -1\nh_sundial_base\n  rotate: true\n  xy: 772, 658\n  size: 112, 108\n  orig: 113, 108\n  offset: 0, 0\n  index: -1\nh_sundial_indicator\n  rotate: false\n  xy: 568, 563\n  size: 16, 14\n  orig: 17, 16\n  offset: 0, 1\n  index: -1\nh_telescope\n  rotate: true\n  xy: 360, 283\n  size: 161, 116\n  orig: 161, 116\n  offset: 0, 0\n  index: -1\nh_telescope_holder\n  rotate: false\n  xy: 834, 2\n  size: 46, 47\n  orig: 46, 47\n  offset: 0, 0\n  index: -1\nh_telescope_holder_back\n  rotate: false\n  xy: 362, 498\n  size: 26, 46\n  orig: 27, 47\n  offset: 0, 1\n  index: -1\nh_telescope_stand\n  rotate: false\n  xy: 336, 201\n  size: 123, 80\n  orig: 125, 83\n  offset: 1, 1\n  index: -1\nh_telescope_wheel\n  rotate: false\n  xy: 763, 494\n  size: 71, 51\n  orig: 73, 53\n  offset: 1, 1\n  index: -1\nh_telescope_wheel_1\n  rotate: false\n  xy: 780, 331\n  size: 29, 41\n  orig: 29, 41\n  offset: 0, 0\n  index: -1\nh_telescope_wheel_2\n  rotate: true\n  xy: 336, 188\n  size: 11, 37\n  orig: 13, 41\n  offset: 1, 2\n  index: -1\nh_telescope_wheel_3\n  rotate: false\n  xy: 362, 546\n  size: 30, 26\n  orig: 31, 27\n  offset: 0, 0\n  index: -1\nl_a\n  rotate: false\n  xy: 472, 138\n  size: 142, 137\n  orig: 148, 142\n  offset: 3, 2\n  index: -1\nl_j\n  rotate: true\n  xy: 191, 188\n  size: 95, 143\n  orig: 101, 148\n  offset: 3, 2\n  index: -1\nl_k\n  rotate: false\n  xy: 478, 277\n  size: 152, 142\n  orig: 157, 148\n  offset: 2, 3\n  index: -1\nl_q\n  rotate: false\n  xy: 632, 274\n  size: 146, 145\n  orig: 151, 150\n  offset: 2, 3\n  index: -1\n",
      [
        "symbols.png"
      ],
      {
        "skeleton": {
          "hash": "Lf61kSimjuqkfoXeWtRoSdOmQQI",
          "spine": "3.8.99",
          "x": -76.97,
          "y": -86.53,
          "width": 150.26,
          "height": 177.47
        },
        "bones": [
          {
            "name": "root"
          },
          {
            "name": "h_sextant",
            "parent": "root",
            "scaleX": 0.5,
            "scaleY": 0.5
          },
          {
            "name": "sextant",
            "parent": "h_sextant",
            "x": 12.57,
            "y": -4.37
          },
          {
            "name": "viewfinder",
            "parent": "sextant",
            "x": -25.12,
            "y": 78.35
          },
          {
            "name": "pin",
            "parent": "sextant",
            "length": 193.69,
            "rotation": 30.87,
            "x": -139.23,
            "y": 26.62
          },
          {
            "name": "sextant_ctrl",
            "parent": "sextant",
            "x": 12.74,
            "y": -31.74
          },
          {
            "name": "sextant_opp",
            "parent": "sextant",
            "x": 29.47,
            "y": 3.18
          }
        ],
        "slots": [
          {
            "name": "h_sextant_rim",
            "bone": "sextant",
            "attachment": "h_sextant_rim"
          },
          {
            "name": "h_sextant_slot_R",
            "bone": "sextant",
            "attachment": "h_sextant_slot_R"
          },
          {
            "name": "h_sextant_slot_L",
            "bone": "sextant",
            "attachment": "h_sextant_slot_L"
          },
          {
            "name": "h_sextant_bottom",
            "bone": "sextant",
            "attachment": "h_sextant_bottom"
          },
          {
            "name": "h_sextant",
            "bone": "sextant",
            "attachment": "h_sextant"
          },
          {
            "name": "h_sextant_pin_back",
            "bone": "pin",
            "attachment": "h_sextant_pin_back"
          },
          {
            "name": "h_sextant_pin",
            "bone": "pin",
            "attachment": "h_sextant_pin"
          },
          {
            "name": "h_sextant_bar",
            "bone": "sextant",
            "attachment": "h_sextant_bar"
          },
          {
            "name": "h_sextant_viewer",
            "bone": "viewfinder",
            "attachment": "h_sextant_viewer"
          }
        ],
        "transform": [
          {
            "name": "sextant_ctrl",
            "target": "sextant_ctrl",
            "x": 16.73,
            "y": 34.92,
            "rotateMix": 0,
            "translateMix": -1,
            "scaleMix": 0,
            "shearMix": 0,
            "bones": [
              "sextant_opp"
            ]
          }
        ],
        "skins": [
          {
            "name": "default",
            "attachments": {
              "h_sextant": {
                "h_sextant": {
                  "type": "mesh",
                  "hull": 30,
                  "uvs": [
                    0.69046,
                    1,
                    0.64787,
                    0.95778,
                    0.52281,
                    0.98645,
                    0.35826,
                    0.99891,
                    0.19708,
                    0.99187,
                    0.08485,
                    0.98025,
                    0.00001,
                    0.96315,
                    0.02122,
                    0.88786,
                    0.08941,
                    0.88686,
                    0.1248,
                    0.79014,
                    0.15178,
                    0.64056,
                    0.16605,
                    0.4851,
                    0.12548,
                    0.32342,
                    0.07477,
                    0.1429,
                    0.12684,
                    0.06859,
                    0.27164,
                    0.03011,
                    0.35654,
                    0.04122,
                    0.40684,
                    0.07959,
                    0.49868,
                    0.24235,
                    0.62455,
                    0.37469,
                    0.73989,
                    0.46251,
                    0.86016,
                    0.54277,
                    0.91524,
                    0.58968,
                    0.93669,
                    0.53258,
                    1,
                    0.5797,
                    0.98075,
                    0.64428,
                    0.92668,
                    0.72836,
                    0.85986,
                    0.81212,
                    0.76396,
                    0.89047,
                    0.80562,
                    0.94008,
                    0.71851,
                    0.83963,
                    0.21077,
                    0.90507,
                    0.35042,
                    0.80483,
                    0.61809,
                    0.88387,
                    0.49864,
                    0.9017,
                    0.79146,
                    0.7662,
                    0.3531,
                    0.90922,
                    0.22644,
                    0.79642,
                    0.26617,
                    0.47264,
                    0.22405,
                    0.30585,
                    0.20694,
                    0.06497,
                    0.17128,
                    0.1327,
                    0.85639,
                    0.68608,
                    0.24777,
                    0.64182,
                    0.46621,
                    0.79808,
                    0.61162,
                    0.75482,
                    0.6982,
                    0.69976,
                    0.77351,
                    0.62257,
                    0.67839,
                    0.51535,
                    0.60194,
                    0.5629,
                    0.53583,
                    0.59888,
                    0.43739,
                    0.62425,
                    0.34262,
                    0.63979,
                    0.35613,
                    0.46459,
                    0.45434,
                    0.43954,
                    0.54263,
                    0.41008,
                    0.30872,
                    0.28592,
                    0.41166,
                    0.26255,
                    0.22951,
                    0.12543,
                    0.33229,
                    0.10232,
                    0.09892,
                    0.89952
                  ],
                  "triangles": [
                    0,
                    1,
                    29,
                    4,
                    36,
                    3,
                    4,
                    31,
                    36,
                    31,
                    32,
                    36,
                    3,
                    34,
                    2,
                    3,
                    36,
                    34,
                    31,
                    37,
                    32,
                    5,
                    60,
                    4,
                    4,
                    60,
                    31,
                    2,
                    33,
                    1,
                    2,
                    34,
                    33,
                    5,
                    6,
                    60,
                    60,
                    7,
                    8,
                    7,
                    60,
                    6,
                    1,
                    28,
                    29,
                    28,
                    33,
                    30,
                    28,
                    1,
                    33,
                    36,
                    44,
                    34,
                    36,
                    32,
                    44,
                    37,
                    43,
                    32,
                    43,
                    52,
                    32,
                    9,
                    37,
                    31,
                    34,
                    44,
                    33,
                    9,
                    31,
                    8,
                    8,
                    31,
                    60,
                    28,
                    30,
                    27,
                    44,
                    45,
                    33,
                    33,
                    45,
                    30,
                    30,
                    45,
                    35,
                    30,
                    35,
                    27,
                    35,
                    45,
                    46,
                    27,
                    35,
                    26,
                    32,
                    52,
                    44,
                    52,
                    51,
                    44,
                    45,
                    51,
                    50,
                    45,
                    44,
                    51,
                    43,
                    37,
                    10,
                    37,
                    9,
                    10,
                    35,
                    42,
                    26,
                    35,
                    46,
                    42,
                    45,
                    50,
                    46,
                    26,
                    42,
                    25,
                    50,
                    49,
                    46,
                    46,
                    47,
                    42,
                    46,
                    49,
                    47,
                    42,
                    22,
                    25,
                    42,
                    47,
                    22,
                    25,
                    22,
                    24,
                    52,
                    43,
                    38,
                    11,
                    38,
                    43,
                    43,
                    10,
                    11,
                    52,
                    53,
                    51,
                    52,
                    38,
                    53,
                    51,
                    54,
                    50,
                    51,
                    53,
                    54,
                    49,
                    48,
                    47,
                    47,
                    21,
                    22,
                    47,
                    48,
                    21,
                    50,
                    54,
                    49,
                    22,
                    23,
                    24,
                    54,
                    55,
                    49,
                    49,
                    55,
                    48,
                    48,
                    20,
                    21,
                    55,
                    19,
                    48,
                    48,
                    19,
                    20,
                    11,
                    12,
                    38,
                    12,
                    39,
                    38,
                    38,
                    39,
                    53,
                    39,
                    56,
                    53,
                    53,
                    56,
                    54,
                    56,
                    57,
                    54,
                    54,
                    57,
                    55,
                    57,
                    18,
                    55,
                    55,
                    18,
                    19,
                    12,
                    41,
                    39,
                    12,
                    13,
                    41,
                    39,
                    58,
                    56,
                    39,
                    41,
                    58,
                    56,
                    59,
                    57,
                    56,
                    58,
                    59,
                    59,
                    17,
                    57,
                    57,
                    17,
                    18,
                    13,
                    14,
                    41,
                    41,
                    40,
                    58,
                    41,
                    14,
                    40,
                    58,
                    40,
                    59,
                    40,
                    15,
                    59,
                    59,
                    16,
                    17,
                    59,
                    15,
                    16,
                    15,
                    40,
                    14
                  ],
                  "vertices": [
                    2,
                    2,
                    49.73,
                    -160.63,
                    0.88,
                    5,
                    38.55,
                    -128.89,
                    0.12,
                    2,
                    2,
                    39.04,
                    -146.36,
                    0.88,
                    5,
                    27.86,
                    -114.62,
                    0.12,
                    2,
                    2,
                    7.65,
                    -156.05,
                    0.88,
                    5,
                    -3.53,
                    -124.31,
                    0.12,
                    2,
                    2,
                    -33.65,
                    -160.26,
                    0.88,
                    5,
                    -44.84,
                    -128.52,
                    0.12,
                    2,
                    2,
                    -74.11,
                    -157.88,
                    0.88,
                    5,
                    -85.29,
                    -126.14,
                    0.12,
                    2,
                    2,
                    -102.28,
                    -153.95,
                    0.88,
                    5,
                    -113.46,
                    -122.21,
                    0.12,
                    1,
                    2,
                    -123.57,
                    -148.17,
                    1,
                    1,
                    2,
                    -118.25,
                    -122.72,
                    1,
                    1,
                    2,
                    -101.13,
                    -122.38,
                    1,
                    1,
                    2,
                    -92.25,
                    -89.69,
                    1,
                    1,
                    2,
                    -85.48,
                    -39.13,
                    1,
                    1,
                    2,
                    -81.9,
                    13.41,
                    1,
                    1,
                    2,
                    -92.08,
                    68.06,
                    1,
                    1,
                    2,
                    -104.81,
                    129.07,
                    1,
                    1,
                    2,
                    -91.74,
                    154.19,
                    1,
                    2,
                    2,
                    -55.4,
                    167.2,
                    0.88,
                    5,
                    -66.58,
                    198.94,
                    0.12,
                    2,
                    2,
                    -34.03,
                    163.44,
                    0.88,
                    5,
                    -45.21,
                    195.18,
                    0.12,
                    2,
                    2,
                    -21.46,
                    150.47,
                    0.88,
                    5,
                    -32.64,
                    182.21,
                    0.12,
                    2,
                    2,
                    1.59,
                    95.46,
                    0.88,
                    5,
                    -9.59,
                    127.2,
                    0.12,
                    2,
                    2,
                    33.19,
                    50.73,
                    0.88,
                    5,
                    22,
                    82.47,
                    0.12,
                    2,
                    2,
                    62.14,
                    21.05,
                    0.88,
                    5,
                    50.95,
                    52.79,
                    0.12,
                    2,
                    2,
                    92.33,
                    -6.08,
                    0.88,
                    5,
                    81.14,
                    25.66,
                    0.12,
                    2,
                    2,
                    106.2,
                    -21.94,
                    0.88,
                    5,
                    93.46,
                    9.8,
                    0.12,
                    2,
                    2,
                    111.54,
                    -2.64,
                    0.88,
                    5,
                    100.35,
                    29.1,
                    0.12,
                    2,
                    2,
                    127.43,
                    -18.56,
                    0.88,
                    5,
                    116.24,
                    13.18,
                    0.12,
                    2,
                    2,
                    122.6,
                    -40.39,
                    0.88,
                    5,
                    111.41,
                    -8.65,
                    0.12,
                    2,
                    2,
                    109.02,
                    -68.81,
                    0.88,
                    5,
                    97.84,
                    -37.07,
                    0.12,
                    2,
                    2,
                    92.25,
                    -97.12,
                    0.88,
                    5,
                    81.07,
                    -65.38,
                    0.12,
                    2,
                    2,
                    68.18,
                    -123.6,
                    0.88,
                    5,
                    57,
                    -91.86,
                    0.12,
                    2,
                    2,
                    78.64,
                    -140.37,
                    0.88,
                    5,
                    67.45,
                    -108.63,
                    0.12,
                    2,
                    2,
                    56.77,
                    -106.42,
                    0.88,
                    5,
                    45.59,
                    -74.68,
                    0.12,
                    2,
                    2,
                    -70.67,
                    -128.54,
                    0.88,
                    5,
                    -81.86,
                    -96.8,
                    0.12,
                    2,
                    2,
                    -35.62,
                    -94.66,
                    0.88,
                    5,
                    -46.8,
                    -62.92,
                    0.12,
                    2,
                    2,
                    31.57,
                    -121.37,
                    0.88,
                    5,
                    20.38,
                    -89.64,
                    0.12,
                    2,
                    2,
                    1.58,
                    -127.4,
                    0.88,
                    5,
                    -9.6,
                    -95.66,
                    0.12,
                    2,
                    2,
                    75.08,
                    -81.6,
                    0.88,
                    5,
                    63.9,
                    -49.86,
                    0.12,
                    2,
                    2,
                    -34.95,
                    -129.94,
                    0.88,
                    5,
                    -46.13,
                    -98.2,
                    0.12,
                    2,
                    2,
                    -66.74,
                    -91.82,
                    0.88,
                    5,
                    -77.92,
                    -60.08,
                    0.12,
                    2,
                    2,
                    -56.77,
                    17.62,
                    0.88,
                    5,
                    -67.95,
                    49.36,
                    0.12,
                    2,
                    2,
                    -67.34,
                    74,
                    0.88,
                    5,
                    -78.52,
                    105.74,
                    0.12,
                    2,
                    2,
                    -71.63,
                    155.42,
                    0.88,
                    5,
                    -82.82,
                    187.15,
                    0.12,
                    2,
                    2,
                    -80.58,
                    132.52,
                    0.88,
                    5,
                    -91.77,
                    164.26,
                    0.12,
                    2,
                    2,
                    91.38,
                    -54.52,
                    0.88,
                    5,
                    80.2,
                    -22.78,
                    0.12,
                    2,
                    2,
                    -61.38,
                    -39.56,
                    0.88,
                    5,
                    -72.57,
                    -7.82,
                    0.12,
                    2,
                    2,
                    -6.56,
                    -92.38,
                    0.88,
                    5,
                    -17.74,
                    -60.64,
                    0.12,
                    2,
                    2,
                    29.94,
                    -77.76,
                    0.88,
                    5,
                    18.76,
                    -46.02,
                    0.12,
                    2,
                    2,
                    51.67,
                    -59.14,
                    0.88,
                    5,
                    40.49,
                    -27.4,
                    0.12,
                    2,
                    2,
                    70.58,
                    -33.05,
                    0.88,
                    5,
                    59.39,
                    -1.31,
                    0.12,
                    2,
                    2,
                    46.7,
                    3.18,
                    0.88,
                    5,
                    35.52,
                    34.92,
                    0.12,
                    2,
                    2,
                    27.51,
                    -12.89,
                    0.88,
                    5,
                    16.33,
                    18.85,
                    0.12,
                    2,
                    2,
                    10.92,
                    -25.05,
                    0.88,
                    5,
                    -0.26,
                    6.69,
                    0.12,
                    2,
                    2,
                    -13.79,
                    -33.62,
                    0.88,
                    5,
                    -24.97,
                    -1.88,
                    0.12,
                    2,
                    2,
                    -37.58,
                    -38.88,
                    0.88,
                    5,
                    -48.76,
                    -7.14,
                    0.12,
                    2,
                    2,
                    -34.19,
                    20.34,
                    0.88,
                    5,
                    -45.37,
                    52.08,
                    0.12,
                    2,
                    2,
                    -9.54,
                    28.81,
                    0.88,
                    5,
                    -20.72,
                    60.55,
                    0.12,
                    2,
                    2,
                    12.63,
                    38.77,
                    0.88,
                    5,
                    1.44,
                    70.51,
                    0.12,
                    2,
                    2,
                    -46.09,
                    80.73,
                    0.88,
                    5,
                    -57.27,
                    112.47,
                    0.12,
                    2,
                    2,
                    -20.25,
                    88.63,
                    0.88,
                    5,
                    -31.43,
                    120.37,
                    0.12,
                    2,
                    2,
                    -65.97,
                    134.98,
                    0.88,
                    5,
                    -77.15,
                    166.72,
                    0.12,
                    2,
                    2,
                    -40.17,
                    142.79,
                    0.88,
                    5,
                    -51.35,
                    174.53,
                    0.12,
                    2,
                    2,
                    -98.71,
                    -126.66,
                    0.88,
                    5,
                    -111.45,
                    -94.92,
                    0.12
                  ]
                }
              },
              "h_sextant_bar": {
                "h_sextant_bar": {
                  "type": "mesh",
                  "hull": 10,
                  "uvs": [
                    0.97464,
                    0.82702,
                    0.67392,
                    0.91072,
                    0.42273,
                    0.97396,
                    0.2633,
                    0.72898,
                    0.14131,
                    0.47469,
                    0.01208,
                    0.20553,
                    0.26569,
                    0.07533,
                    0.58935,
                    0,
                    0.70892,
                    0.29613,
                    0.84419,
                    0.5653,
                    0.53623,
                    0.64435,
                    0.39975,
                    0.38169
                  ],
                  "triangles": [
                    8,
                    11,
                    6,
                    8,
                    6,
                    7,
                    5,
                    6,
                    11,
                    4,
                    5,
                    11,
                    10,
                    11,
                    8,
                    10,
                    8,
                    9,
                    4,
                    11,
                    10,
                    3,
                    4,
                    10,
                    1,
                    10,
                    9,
                    1,
                    9,
                    0,
                    2,
                    3,
                    10,
                    1,
                    2,
                    10
                  ],
                  "vertices": [
                    1,
                    2,
                    0.47,
                    94.67,
                    1,
                    2,
                    2,
                    -22.68,
                    86.3,
                    0.9,
                    5,
                    -35.42,
                    118.04,
                    0.1,
                    1,
                    2,
                    -42.02,
                    79.98,
                    1,
                    1,
                    2,
                    -54.3,
                    104.48,
                    1,
                    1,
                    2,
                    -63.69,
                    129.91,
                    1,
                    1,
                    2,
                    -73.64,
                    156.82,
                    1,
                    2,
                    2,
                    -54.12,
                    169.84,
                    0.9,
                    5,
                    -66.86,
                    201.58,
                    0.1,
                    1,
                    2,
                    -29.19,
                    177.37,
                    1,
                    1,
                    2,
                    -19.99,
                    147.76,
                    1,
                    1,
                    2,
                    -9.57,
                    120.85,
                    1,
                    2,
                    2,
                    -33.28,
                    112.94,
                    0.9,
                    5,
                    -46.03,
                    144.68,
                    0.1,
                    2,
                    2,
                    -43.79,
                    139.21,
                    0.9,
                    5,
                    -56.53,
                    170.94,
                    0.1
                  ]
                }
              },
              "h_sextant_bottom": {
                "h_sextant_bottom": {
                  "type": "mesh",
                  "hull": 4,
                  "uvs": [
                    0.64741,
                    0.99999,
                    0,
                    0.88247,
                    0.27423,
                    0.00001,
                    0.99999,
                    0.09794
                  ],
                  "triangles": [
                    0,
                    2,
                    3,
                    1,
                    2,
                    0
                  ],
                  "vertices": [
                    2,
                    5,
                    90.15,
                    7.67,
                    0.09,
                    2,
                    105.48,
                    -35.62,
                    0.91,
                    1,
                    2,
                    82.43,
                    -31.63,
                    1,
                    1,
                    2,
                    91.75,
                    -1.63,
                    1,
                    2,
                    5,
                    102.14,
                    38.34,
                    0.09,
                    2,
                    117.47,
                    -4.96,
                    0.91
                  ]
                }
              },
              "h_sextant_pin": {
                "h_sextant_pin": {
                  "type": "mesh",
                  "hull": 9,
                  "uvs": [
                    0.92438,
                    0.355,
                    0.5601,
                    0.65481,
                    0.18181,
                    0.96616,
                    0.08571,
                    0.91964,
                    0.01928,
                    0.76738,
                    0.03262,
                    0.59001,
                    0.40747,
                    0.26011,
                    0.80011,
                    0.02961,
                    0.99555,
                    0.0571
                  ],
                  "triangles": [
                    1,
                    2,
                    5,
                    3,
                    4,
                    2,
                    5,
                    2,
                    4,
                    5,
                    6,
                    1,
                    1,
                    7,
                    0,
                    1,
                    6,
                    7,
                    0,
                    7,
                    8
                  ],
                  "vertices": [
                    2,
                    5,
                    66.85,
                    143.87,
                    0.12,
                    4,
                    187.28,
                    -12.32,
                    0.88,
                    2,
                    5,
                    35.15,
                    125.58,
                    0.07,
                    4,
                    150.7,
                    -11.76,
                    0.93,
                    1,
                    4,
                    112.7,
                    -11.17,
                    1,
                    1,
                    4,
                    106.98,
                    -4.45,
                    1,
                    1,
                    4,
                    106.79,
                    6.49,
                    1,
                    1,
                    4,
                    113.33,
                    15.18,
                    1,
                    2,
                    5,
                    21.88,
                    149.66,
                    0.07,
                    4,
                    151.65,
                    15.72,
                    0.93,
                    2,
                    5,
                    56.04,
                    163.72,
                    0.12,
                    4,
                    188.19,
                    10.27,
                    0.88,
                    2,
                    5,
                    73.04,
                    162.04,
                    0.12,
                    4,
                    201.92,
                    0.1,
                    0.88
                  ]
                }
              },
              "h_sextant_pin_back": {
                "h_sextant_pin_back": {
                  "type": "mesh",
                  "hull": 12,
                  "uvs": [
                    0.97193,
                    0.25744,
                    0.64193,
                    0.5307,
                    0.32813,
                    0.79054,
                    0.27554,
                    0.96017,
                    0.12109,
                    0.98552,
                    0,
                    0.78063,
                    0.04266,
                    0.57032,
                    0.19986,
                    0.55221,
                    0.5325,
                    0.29293,
                    0.88543,
                    0.01783,
                    0.88874,
                    0.11877,
                    0.9245,
                    0.19941,
                    0.13699,
                    0.82375,
                    0.12519,
                    0.68458,
                    0.23084,
                    0.8624,
                    0.23632,
                    0.66219,
                    0.27549,
                    0.71946,
                    0.54967,
                    0.38447,
                    0.58666,
                    0.46177
                  ],
                  "triangles": [
                    4,
                    14,
                    3,
                    4,
                    12,
                    14,
                    4,
                    5,
                    12,
                    3,
                    14,
                    2,
                    14,
                    16,
                    2,
                    14,
                    12,
                    16,
                    5,
                    13,
                    12,
                    12,
                    15,
                    16,
                    12,
                    13,
                    15,
                    2,
                    18,
                    1,
                    2,
                    16,
                    18,
                    5,
                    6,
                    13,
                    18,
                    16,
                    17,
                    13,
                    7,
                    15,
                    13,
                    6,
                    7,
                    16,
                    15,
                    17,
                    15,
                    7,
                    17,
                    7,
                    8,
                    17,
                    1,
                    11,
                    0,
                    1,
                    18,
                    11,
                    11,
                    18,
                    10,
                    18,
                    17,
                    10,
                    17,
                    8,
                    10,
                    8,
                    9,
                    10
                  ],
                  "vertices": [
                    1,
                    4,
                    113.18,
                    -9.74,
                    1,
                    2,
                    4,
                    64.46,
                    -10.86,
                    0.94,
                    6,
                    -107.81,
                    47.19,
                    0.06,
                    2,
                    4,
                    18.12,
                    -11.92,
                    0.82,
                    6,
                    -147.03,
                    22.51,
                    0.18,
                    2,
                    4,
                    4.21,
                    -22.38,
                    0.82,
                    6,
                    -153.6,
                    6.39,
                    0.18,
                    2,
                    4,
                    -13.59,
                    -14.54,
                    0.82,
                    6,
                    -172.91,
                    3.98,
                    0.18,
                    2,
                    4,
                    -16.6,
                    9.93,
                    0.82,
                    6,
                    -188.05,
                    23.45,
                    0.18,
                    2,
                    4,
                    -1.77,
                    24.34,
                    0.82,
                    6,
                    -182.72,
                    43.43,
                    0.18,
                    2,
                    4,
                    15.98,
                    15.74,
                    0.82,
                    6,
                    -163.06,
                    45.15,
                    0.18,
                    2,
                    4,
                    64.3,
                    15.55,
                    0.94,
                    6,
                    -121.49,
                    69.78,
                    0.06,
                    1,
                    4,
                    115.58,
                    15.35,
                    1,
                    1,
                    4,
                    111.02,
                    6.91,
                    1,
                    1,
                    4,
                    110.92,
                    -1.96,
                    1,
                    2,
                    4,
                    -4,
                    -2.37,
                    0.82,
                    6,
                    -170.92,
                    19.35,
                    0.18,
                    2,
                    4,
                    1.51,
                    9.73,
                    0.82,
                    6,
                    -172.4,
                    32.57,
                    0.18,
                    2,
                    4,
                    4.18,
                    -11.54,
                    0.82,
                    6,
                    -159.19,
                    15.68,
                    0.18,
                    2,
                    4,
                    14.53,
                    4.43,
                    0.82,
                    6,
                    -158.51,
                    34.7,
                    0.18,
                    2,
                    4,
                    15.94,
                    -2.75,
                    0.82,
                    6,
                    -153.61,
                    29.26,
                    0.18,
                    2,
                    4,
                    61.68,
                    6.98,
                    0.94,
                    6,
                    -119.34,
                    61.08,
                    0.06,
                    2,
                    4,
                    61.89,
                    -1.69,
                    0.94,
                    6,
                    -114.71,
                    53.74,
                    0.06
                  ]
                }
              },
              "h_sextant_rim": {
                "h_sextant_rim": {
                  "type": "mesh",
                  "hull": 17,
                  "uvs": [
                    0.74761,
                    0.85127,
                    0.50218,
                    0.9512,
                    0.21674,
                    0.9441,
                    0.2217,
                    0.88215,
                    0.45495,
                    0.80268,
                    0.56039,
                    0.67827,
                    0.57066,
                    0.52445,
                    0.52474,
                    0.36709,
                    0.45858,
                    0.24869,
                    0.29535,
                    0.1844,
                    0.04279,
                    0.19303,
                    0.05604,
                    0.11076,
                    0.35117,
                    0.01523,
                    0.69961,
                    0.06194,
                    0.88878,
                    0.27532,
                    0.94081,
                    0.48106,
                    0.91587,
                    0.70042
                  ],
                  "triangles": [
                    2,
                    3,
                    1,
                    3,
                    4,
                    1,
                    1,
                    4,
                    0,
                    4,
                    5,
                    0,
                    0,
                    5,
                    16,
                    5,
                    6,
                    16,
                    16,
                    6,
                    15,
                    6,
                    7,
                    15,
                    7,
                    14,
                    15,
                    7,
                    8,
                    14,
                    8,
                    13,
                    14,
                    9,
                    12,
                    8,
                    8,
                    12,
                    13,
                    10,
                    11,
                    9,
                    9,
                    11,
                    12
                  ],
                  "vertices": [
                    2,
                    5,
                    -18.28,
                    49.97,
                    0.15,
                    2,
                    -5.54,
                    18.23,
                    0.85,
                    2,
                    5,
                    -31.54,
                    42.68,
                    0.15,
                    2,
                    -18.8,
                    10.94,
                    0.85,
                    1,
                    2,
                    -34.21,
                    11.46,
                    1,
                    1,
                    2,
                    -33.94,
                    15.98,
                    1,
                    1,
                    2,
                    -21.35,
                    21.78,
                    1,
                    1,
                    2,
                    -15.65,
                    30.86,
                    1,
                    1,
                    2,
                    -15.1,
                    42.09,
                    1,
                    1,
                    2,
                    -17.58,
                    53.58,
                    1,
                    1,
                    2,
                    -21.15,
                    62.22,
                    1,
                    1,
                    2,
                    -29.96,
                    66.91,
                    1,
                    1,
                    2,
                    -43.6,
                    66.28,
                    1,
                    1,
                    2,
                    -42.89,
                    72.29,
                    1,
                    1,
                    2,
                    -26.95,
                    79.26,
                    1,
                    1,
                    2,
                    -8.14,
                    75.85,
                    1,
                    1,
                    2,
                    2.08,
                    60.28,
                    1,
                    2,
                    5,
                    -7.85,
                    77,
                    0.04,
                    2,
                    4.89,
                    45.26,
                    0.96,
                    2,
                    5,
                    -9.2,
                    60.98,
                    0.12,
                    2,
                    3.54,
                    29.24,
                    0.88
                  ]
                }
              },
              "h_sextant_slot_L": {
                "h_sextant_slot_L": {
                  "type": "mesh",
                  "hull": 10,
                  "uvs": [
                    0.6325,
                    0.96348,
                    0.19889,
                    0.96941,
                    0.15925,
                    0.90626,
                    0.532,
                    0.81884,
                    0.3325,
                    0.18481,
                    0.02975,
                    0.15948,
                    0.202,
                    0.02314,
                    0.62557,
                    0.05014,
                    0.776,
                    0.13003,
                    0.958,
                    0.81275
                  ],
                  "triangles": [
                    4,
                    6,
                    7,
                    5,
                    6,
                    4,
                    8,
                    3,
                    4,
                    8,
                    4,
                    7,
                    3,
                    8,
                    9,
                    0,
                    3,
                    9,
                    1,
                    2,
                    3,
                    1,
                    3,
                    0
                  ],
                  "vertices": [
                    2,
                    5,
                    -32.47,
                    -72.77,
                    0.21,
                    2,
                    -16.5,
                    -100.53,
                    0.79,
                    1,
                    2,
                    -37.31,
                    -100.94,
                    1,
                    1,
                    2,
                    -39.21,
                    -96.59,
                    1,
                    1,
                    2,
                    -21.32,
                    -90.55,
                    1,
                    1,
                    2,
                    -30.9,
                    -46.81,
                    1,
                    1,
                    2,
                    -45.43,
                    -45.06,
                    1,
                    1,
                    2,
                    -37.16,
                    -35.65,
                    1,
                    1,
                    2,
                    -16.83,
                    -37.51,
                    1,
                    1,
                    2,
                    -9.61,
                    -43.03,
                    1,
                    2,
                    5,
                    -16.85,
                    -62.37,
                    0.21,
                    2,
                    -0.87,
                    -90.13,
                    0.79
                  ]
                }
              },
              "h_sextant_slot_R": {
                "h_sextant_slot_R": {
                  "type": "mesh",
                  "hull": 8,
                  "uvs": [
                    0.41373,
                    0.98312,
                    0.2098,
                    0.85974,
                    0.43922,
                    0.66797,
                    0.5451,
                    0.47359,
                    0.02157,
                    0.19481,
                    0.31176,
                    0,
                    1,
                    0.43333,
                    0.7451,
                    0.78485
                  ],
                  "triangles": [
                    3,
                    5,
                    6,
                    4,
                    5,
                    3,
                    7,
                    3,
                    6,
                    2,
                    3,
                    7,
                    0,
                    1,
                    2,
                    0,
                    2,
                    7
                  ],
                  "vertices": [
                    2,
                    5,
                    33.64,
                    -36.01,
                    0.11,
                    2,
                    46.38,
                    -67.75,
                    0.89,
                    1,
                    2,
                    35.98,
                    -58.25,
                    1,
                    1,
                    2,
                    47.68,
                    -43.49,
                    1,
                    1,
                    2,
                    53.08,
                    -28.52,
                    1,
                    1,
                    2,
                    26.38,
                    -7.05,
                    1,
                    2,
                    5,
                    28.44,
                    39.69,
                    0.12,
                    2,
                    41.18,
                    7.95,
                    0.88,
                    2,
                    5,
                    63.54,
                    6.32,
                    0.11,
                    2,
                    76.28,
                    -25.42,
                    0.89,
                    2,
                    5,
                    50.54,
                    -20.75,
                    0.11,
                    2,
                    63.28,
                    -52.49,
                    0.89
                  ]
                }
              },
              "h_sextant_viewer": {
                "h_sextant_viewer": {
                  "type": "mesh",
                  "hull": 26,
                  "uvs": [
                    0.97467,
                    0.82084,
                    0.92806,
                    0.96957,
                    0.84986,
                    0.96292,
                    0.76868,
                    0.92557,
                    0.64816,
                    0.90448,
                    0.52975,
                    0.904,
                    0.46046,
                    0.93276,
                    0.42486,
                    0.81754,
                    0.27448,
                    0.79551,
                    0.11264,
                    0.766,
                    0.06128,
                    0.76069,
                    0.01314,
                    0.5948,
                    0.00001,
                    0.371,
                    0.02467,
                    0.16429,
                    0.07767,
                    0.01695,
                    0.1314,
                    0.024,
                    0.29792,
                    0.10101,
                    0.44247,
                    0.14371,
                    0.47903,
                    0.04972,
                    0.54538,
                    0.12,
                    0.67163,
                    0.16351,
                    0.783,
                    0.19168,
                    0.87163,
                    0.21358,
                    0.94432,
                    0.20024,
                    0.98167,
                    0.36097,
                    0.99761,
                    0.59176,
                    0.69762,
                    0.52586,
                    0.56843,
                    0.482,
                    0.52483,
                    0.47596,
                    0.46191,
                    0.46393,
                    0.30732,
                    0.43793,
                    0.14598,
                    0.404,
                    0.92929,
                    0.57712,
                    0.13474,
                    0.5915,
                    0.28774,
                    0.65602,
                    0.44266,
                    0.68367,
                    0.50988,
                    0.70948,
                    0.55277,
                    0.72238,
                    0.68528,
                    0.74415,
                    0.91369,
                    0.79778,
                    0.91746,
                    0.36817,
                    0.68959,
                    0.33532,
                    0.56765,
                    0.31414,
                    0.52246,
                    0.28703,
                    0.45782,
                    0.29606,
                    0.31062,
                    0.25634,
                    0.14517,
                    0.22091,
                    0.79924,
                    0.35414,
                    0.81281,
                    0.54611,
                    0.79747,
                    0.75846,
                    0.07886,
                    0.58985,
                    0.09401,
                    0.39226,
                    0.0878,
                    0.20653,
                    0.04536,
                    0.23419,
                    0.04989,
                    0.38831,
                    0.04102,
                    0.5207
                  ],
                  "triangles": [
                    2,
                    39,
                    1,
                    1,
                    39,
                    0,
                    3,
                    49,
                    2,
                    2,
                    49,
                    39,
                    6,
                    7,
                    36,
                    6,
                    36,
                    5,
                    36,
                    7,
                    35,
                    4,
                    38,
                    3,
                    3,
                    38,
                    49,
                    5,
                    37,
                    4,
                    4,
                    37,
                    38,
                    5,
                    36,
                    37,
                    39,
                    32,
                    0,
                    0,
                    32,
                    25,
                    8,
                    34,
                    7,
                    7,
                    34,
                    35,
                    49,
                    48,
                    39,
                    39,
                    48,
                    32,
                    9,
                    33,
                    8,
                    8,
                    33,
                    34,
                    10,
                    50,
                    9,
                    9,
                    50,
                    33,
                    10,
                    11,
                    50,
                    50,
                    11,
                    55,
                    38,
                    26,
                    49,
                    49,
                    26,
                    48,
                    37,
                    27,
                    38,
                    38,
                    27,
                    26,
                    36,
                    28,
                    37,
                    37,
                    28,
                    27,
                    35,
                    29,
                    36,
                    36,
                    29,
                    28,
                    34,
                    30,
                    35,
                    35,
                    30,
                    29,
                    33,
                    31,
                    34,
                    34,
                    31,
                    30,
                    11,
                    12,
                    55,
                    32,
                    24,
                    25,
                    50,
                    51,
                    33,
                    33,
                    51,
                    31,
                    50,
                    55,
                    51,
                    51,
                    55,
                    54,
                    48,
                    40,
                    32,
                    32,
                    40,
                    24,
                    26,
                    47,
                    48,
                    40,
                    47,
                    22,
                    40,
                    48,
                    47,
                    27,
                    41,
                    26,
                    26,
                    41,
                    47,
                    55,
                    12,
                    54,
                    28,
                    42,
                    27,
                    27,
                    42,
                    41,
                    29,
                    43,
                    28,
                    28,
                    43,
                    42,
                    30,
                    44,
                    29,
                    29,
                    44,
                    43,
                    30,
                    45,
                    44,
                    30,
                    31,
                    45,
                    51,
                    46,
                    31,
                    31,
                    46,
                    45,
                    51,
                    53,
                    52,
                    51,
                    52,
                    46,
                    12,
                    53,
                    54,
                    51,
                    54,
                    53,
                    12,
                    13,
                    53,
                    40,
                    23,
                    24,
                    40,
                    22,
                    23,
                    41,
                    21,
                    47,
                    47,
                    21,
                    22,
                    42,
                    20,
                    41,
                    41,
                    20,
                    21,
                    43,
                    19,
                    42,
                    42,
                    19,
                    20,
                    45,
                    17,
                    44,
                    44,
                    17,
                    43,
                    17,
                    18,
                    43,
                    43,
                    18,
                    19,
                    46,
                    16,
                    45,
                    45,
                    16,
                    17,
                    53,
                    13,
                    52,
                    52,
                    15,
                    46,
                    46,
                    15,
                    16,
                    13,
                    14,
                    52,
                    52,
                    14,
                    15
                  ],
                  "vertices": [
                    2,
                    5,
                    82.28,
                    82.98,
                    0.13,
                    3,
                    109.79,
                    -27.11,
                    0.87,
                    1,
                    3,
                    98.65,
                    -39.45,
                    1,
                    1,
                    3,
                    79.96,
                    -38.9,
                    1,
                    1,
                    3,
                    60.56,
                    -35.8,
                    1,
                    1,
                    3,
                    31.75,
                    -34.05,
                    1,
                    1,
                    3,
                    3.45,
                    -34.01,
                    1,
                    1,
                    3,
                    -13.11,
                    -36.4,
                    1,
                    1,
                    3,
                    -21.62,
                    -26.83,
                    1,
                    1,
                    3,
                    -57.56,
                    -25,
                    1,
                    1,
                    3,
                    -96.24,
                    -22.55,
                    1,
                    1,
                    3,
                    -108.51,
                    -22.11,
                    1,
                    1,
                    3,
                    -120.02,
                    -8.34,
                    1,
                    2,
                    3,
                    -123.16,
                    10.23,
                    0.89,
                    6,
                    -177.74,
                    85.4,
                    0.11,
                    1,
                    3,
                    -117.26,
                    27.39,
                    1,
                    1,
                    3,
                    -104.59,
                    39.62,
                    1,
                    1,
                    3,
                    -91.75,
                    39.03,
                    1,
                    1,
                    3,
                    -51.95,
                    32.64,
                    1,
                    1,
                    3,
                    -17.41,
                    29.1,
                    1,
                    1,
                    3,
                    -8.67,
                    36.9,
                    1,
                    1,
                    3,
                    7.19,
                    31.06,
                    1,
                    1,
                    3,
                    37.36,
                    27.45,
                    1,
                    1,
                    3,
                    63.98,
                    25.11,
                    1,
                    1,
                    3,
                    85.16,
                    23.3,
                    1,
                    1,
                    3,
                    102.53,
                    24.4,
                    1,
                    2,
                    5,
                    83.95,
                    121.15,
                    0.13,
                    3,
                    111.46,
                    11.06,
                    0.87,
                    2,
                    5,
                    87.76,
                    102,
                    0.13,
                    3,
                    115.27,
                    -8.09,
                    0.87,
                    2,
                    5,
                    16.07,
                    107.47,
                    0.13,
                    3,
                    43.57,
                    -2.62,
                    0.87,
                    2,
                    5,
                    -14.81,
                    111.11,
                    0.13,
                    3,
                    12.7,
                    1.02,
                    0.87,
                    2,
                    5,
                    -25.23,
                    111.61,
                    0.13,
                    3,
                    2.28,
                    1.52,
                    0.87,
                    2,
                    5,
                    -40.27,
                    112.61,
                    0.13,
                    3,
                    -12.76,
                    2.52,
                    0.87,
                    2,
                    5,
                    -77.22,
                    114.77,
                    0.13,
                    3,
                    -49.71,
                    4.68,
                    0.87,
                    2,
                    5,
                    -115.78,
                    117.58,
                    0.13,
                    3,
                    -88.27,
                    7.49,
                    0.87,
                    2,
                    5,
                    71.43,
                    103.21,
                    0.13,
                    3,
                    98.94,
                    -6.88,
                    0.87,
                    2,
                    5,
                    -118.46,
                    102.02,
                    0.09,
                    3,
                    -90.95,
                    -8.07,
                    0.91,
                    2,
                    5,
                    -81.9,
                    96.66,
                    0.09,
                    3,
                    -54.39,
                    -13.43,
                    0.91,
                    2,
                    5,
                    -44.87,
                    94.37,
                    0.09,
                    3,
                    -17.36,
                    -15.72,
                    0.91,
                    2,
                    5,
                    -28.81,
                    92.23,
                    0.09,
                    3,
                    -1.3,
                    -17.86,
                    0.91,
                    2,
                    5,
                    -18.55,
                    91.16,
                    0.09,
                    3,
                    8.95,
                    -18.93,
                    0.91,
                    2,
                    5,
                    13.11,
                    89.35,
                    0.09,
                    3,
                    40.62,
                    -20.74,
                    0.91,
                    2,
                    5,
                    67.7,
                    84.9,
                    0.09,
                    3,
                    95.21,
                    -25.19,
                    0.91,
                    2,
                    5,
                    68.6,
                    120.56,
                    0.09,
                    3,
                    96.11,
                    10.47,
                    0.91,
                    2,
                    5,
                    14.15,
                    123.28,
                    0.09,
                    3,
                    41.66,
                    13.19,
                    0.91,
                    2,
                    5,
                    -15,
                    125.04,
                    0.09,
                    3,
                    12.51,
                    14.95,
                    0.91,
                    2,
                    5,
                    -25.8,
                    127.29,
                    0.09,
                    3,
                    1.71,
                    17.2,
                    0.91,
                    2,
                    5,
                    -41.25,
                    126.54,
                    0.09,
                    3,
                    -13.74,
                    16.45,
                    0.91,
                    2,
                    5,
                    -76.43,
                    129.84,
                    0.09,
                    3,
                    -48.92,
                    19.75,
                    0.91,
                    2,
                    5,
                    -115.97,
                    132.78,
                    0.09,
                    3,
                    -88.46,
                    22.69,
                    0.91,
                    2,
                    5,
                    40.35,
                    121.72,
                    0.09,
                    3,
                    67.86,
                    11.63,
                    0.91,
                    2,
                    5,
                    43.6,
                    105.79,
                    0.13,
                    3,
                    71.1,
                    -4.3,
                    0.87,
                    2,
                    5,
                    39.93,
                    88.16,
                    0.09,
                    3,
                    67.44,
                    -21.93,
                    0.91,
                    2,
                    5,
                    -141.55,
                    102.16,
                    0.09,
                    3,
                    -103.69,
                    -7.93,
                    0.91,
                    2,
                    5,
                    -137.61,
                    118.56,
                    0.13,
                    3,
                    -99.76,
                    8.47,
                    0.87,
                    2,
                    5,
                    -139.42,
                    133.97,
                    0.09,
                    3,
                    -101.56,
                    23.88,
                    0.91,
                    2,
                    5,
                    -149.91,
                    131.68,
                    0.09,
                    3,
                    -112.06,
                    21.59,
                    0.91,
                    2,
                    5,
                    -148.6,
                    118.88,
                    0.13,
                    3,
                    -110.74,
                    8.79,
                    0.87,
                    2,
                    5,
                    -150.9,
                    107.9,
                    0.09,
                    3,
                    -113.04,
                    -2.19,
                    0.91
                  ]
                }
              }
            }
          }
        ],
        "animations": {
          "idle": {
            "bones": {
              "sextant": {
                "scale": [
                  {
                    "curve": 0.25,
                    "c3": 0.75
                  },
                  {
                    "time": 0.2667,
                    "x": 1.02,
                    "y": 1.02,
                    "curve": 0.25,
                    "c3": 0.75
                  },
                  {
                    "time": 0.5
                  }
                ]
              },
              "sextant_ctrl": {
                "translate": [
                  {
                    "curve": 0.25,
                    "c3": 0.75
                  },
                  {
                    "time": 0.2667,
                    "x": 11.35,
                    "y": -13.06,
                    "curve": 0.25,
                    "c3": 0.75
                  },
                  {
                    "time": 0.5
                  }
                ]
              }
            }
          },
          "spawn": {
            "bones": {
              "sextant": {
                "translate": [
                  {
                    "curve": 0.25,
                    "c3": 0.75
                  },
                  {
                    "time": 0.0667,
                    "y": -2.9,
                    "curve": 0.25,
                    "c3": 0.75
                  },
                  {
                    "time": 0.2667,
                    "y": 1.16,
                    "curve": 0.25,
                    "c3": 0.75
                  },
                  {
                    "time": 0.5
                  }
                ]
              },
              "sextant_ctrl": {
                "translate": [
                  {
                    "curve": 0.25,
                    "c3": 0.75
                  },
                  {
                    "time": 0.0667,
                    "x": 5.52,
                    "y": -13.25,
                    "curve": 0.25,
                    "c3": 0.75
                  },
                  {
                    "time": 0.2667,
                    "x": -7.73,
                    "y": 13.8,
                    "curve": 0.25,
                    "c3": 0.75
                  },
                  {
                    "time": 0.5
                  }
                ]
              }
            }
          },
          "win": {
            "bones": {
              "sextant_ctrl": {
                "translate": [
                  {
                    "curve": 0.25,
                    "c3": 0.75
                  },
                  {
                    "time": 0.0667,
                    "x": -7.73,
                    "y": 13.8,
                    "curve": 0.25,
                    "c3": 0.75
                  },
                  {
                    "time": 0.2667,
                    "x": 6.38,
                    "y": -28.48,
                    "curve": 0.25,
                    "c3": 0.75
                  },
                  {
                    "time": 0.5
                  }
                ]
              },
              "sextant": {
                "scale": [
                  {
                    "curve": 0.25,
                    "c3": 0.75
                  },
                  {
                    "time": 0.0667,
                    "x": 0.98,
                    "y": 0.98,
                    "curve": 0.25,
                    "c3": 0.75
                  },
                  {
                    "time": 0.2667,
                    "x": 1.05,
                    "y": 1.05
                  }
                ]
              }
            }
          }
        }
      },
      [
        0
      ]
    ]
  ],
  0,
  0,
  [
    0
  ],
  [
    -1
  ],
  [
    0
  ]
]