[
  1,
  [
    "b34bGfouJFjqRazfemBdyn",
    "4eLLqq5ZNDpLj/ZbAzd6c9"
  ],
  [
    "_textureSetter",
    "spriteFrame"
  ],
  [
    "cc.SpriteFrame",
    [
      "cc.BitmapFont",
      [
        "_name",
        "fontSize",
        "_fntConfig"
      ],
      0
    ]
  ],
  [
    [
      1,
      0,
      1,
      2,
      4
    ]
  ],
  [
    [
      [
        {
          "name": "fontTienCuoc-export",
          "rect": [
            0,
            0,
            57,
            56
          ],
          "offset": [
            -0.5,
            0.5
          ],
          "originalSize": [
            58,
            57
          ],
          "capInsets": [
            0,
            0,
            0,
            0
          ]
        }
      ],
      [
        0
      ],
      0,
      [
        0
      ],
      [
        0
      ],
      [
        0
      ]
    ],
    [
      [
        [
          0,
          "fontTienCuoc-export",
          32,
          {
            "commonHeight": 39,
            "fontSize": 32,
            "atlasName": "fontTienCuoc-export.png",
            "fontDefDictionary": {
              "9": {
                "xOffset": 0,
                "yOffset": 0,
                "xAdvance": 160,
                "rect": {
                  "x": 0,
                  "y": 0,
                  "width": 0,
                  "height": 0
                }
              },
              "32": {
                "xOffset": 0,
                "yOffset": 0,
                "xAdvance": 20,
                "rect": {
                  "x": 0,
                  "y": 0,
                  "width": 0,
                  "height": 0
                }
              },
              "35": {
                "xOffset": 0,
                "yOffset": 24,
                "xAdvance": 14,
                "rect": {
                  "x": 0,
                  "y": 14,
                  "width": 13,
                  "height": 15
                }
              },
              "43": {
                "xOffset": 0,
                "yOffset": 26,
                "xAdvance": 14,
                "rect": {
                  "x": 0,
                  "y": 0,
                  "width": 13,
                  "height": 13
                }
              },
              "45": {
                "xOffset": 3,
                "yOffset": 31,
                "xAdvance": 8,
                "rect": {
                  "x": 0,
                  "y": 48,
                  "width": 7,
                  "height": 4
                }
              },
              "46": {
                "xOffset": 0,
                "yOffset": 36,
                "xAdvance": 7,
                "rect": {
                  "x": 8,
                  "y": 48,
                  "width": 6,
                  "height": 7
                }
              },
              "48": {
                "xOffset": 1,
                "yOffset": 24,
                "xAdvance": 12,
                "rect": {
                  "x": 38,
                  "y": 0,
                  "width": 11,
                  "height": 15
                }
              },
              "49": {
                "xOffset": 0,
                "yOffset": 24,
                "xAdvance": 9,
                "rect": {
                  "x": 49,
                  "y": 32,
                  "width": 8,
                  "height": 15
                }
              },
              "50": {
                "xOffset": 1,
                "yOffset": 24,
                "xAdvance": 11,
                "rect": {
                  "x": 38,
                  "y": 32,
                  "width": 10,
                  "height": 15
                }
              },
              "51": {
                "xOffset": 1,
                "yOffset": 24,
                "xAdvance": 12,
                "rect": {
                  "x": 26,
                  "y": 16,
                  "width": 11,
                  "height": 15
                }
              },
              "52": {
                "xOffset": 0,
                "yOffset": 24,
                "xAdvance": 13,
                "rect": {
                  "x": 13,
                  "y": 30,
                  "width": 12,
                  "height": 15
                }
              },
              "53": {
                "xOffset": 1,
                "yOffset": 24,
                "xAdvance": 12,
                "rect": {
                  "x": 38,
                  "y": 16,
                  "width": 11,
                  "height": 15
                }
              },
              "54": {
                "xOffset": 0,
                "yOffset": 24,
                "xAdvance": 13,
                "rect": {
                  "x": 0,
                  "y": 30,
                  "width": 12,
                  "height": 15
                }
              },
              "55": {
                "xOffset": 1,
                "yOffset": 24,
                "xAdvance": 12,
                "rect": {
                  "x": 26,
                  "y": 32,
                  "width": 11,
                  "height": 15
                }
              },
              "56": {
                "xOffset": 1,
                "yOffset": 24,
                "xAdvance": 12,
                "rect": {
                  "x": 26,
                  "y": 0,
                  "width": 11,
                  "height": 15
                }
              },
              "57": {
                "xOffset": 1,
                "yOffset": 24,
                "xAdvance": 12,
                "rect": {
                  "x": 14,
                  "y": 0,
                  "width": 11,
                  "height": 15
                }
              }
            },
            "kerningDict": {}
          }
        ]
      ],
      0,
      0,
      [
        0
      ],
      [
        1
      ],
      [
        1
      ]
    ]
  ]
]