[1,["47LOFJX7RB6ZS0Aac4ysuT","6dgNBYQzVBbYPSyMDWbgWh","05BteMR2RGJ4cLLz+xiYr+","bc/vdehKxLp42XjlfeelZH","42jnB03nFFd4J4v2EC8FQO","75+YkFnpBAhL3sTZTL6MCN","df6XQz5mdKUb0L5daOFkL9","903ZxhbU9ETJu00Gg8eATR","4e4MGjA6xGSq1cRLwoolfv","81RXtb0nVFoLvcOyiFxIdN","9fYjiFgEZLqbSIov+MQzLx","a3h2VRvqFBoIFr2HYtVBHT","c8CGWRak9C9qy6rUinVJpZ","55bpZq3kxEBbgXqX7dPKe0","a5LYqnB7JG2K9D4uvc0ERb","f9XgNg5ehLc4whIbTXnsB8","61vK4f555HephvFWkGm9pf","f5f7PpCnJFB5k3UIWLF6IS","48nssV/9pFPqdJqQSP6C5A","860z0j4TBIspM4mQ+vb/LV","75WOjv7clAOpNLfcHefwUs","1fs5NLtSpNabNvwwevz2fy","06gQWOg+1OMbYvVpwOdDVb","2d3LMcHNdGvKuTJeMnT/Qa","batOb9xEtAr5pF/drdjLnF","6cB0vOZWRD+ZdC7BCiMZzj","51jNFYk35H5p6BwSQ8Z5hS","d1WHen6v1GgaDLQQ1NIF2V","32IYvXeexL6YzmbZ+V14E7","aekOLy2NBBn6rxMy9h40+u","6d5rzUTbpDO6wVpm/60zX3","edKIOKf7ZKWZRkCwVgXMdC","66NOTEfT1DjIPrEWx18og0","0a/s2U1ZZOSqgsu2RzkR82","22ZxpVlk5AsLFhnaD3llhu","71Kpq61UlLh49v+VeJfoZI","d6q5JzOutE5YSbYL6x+kr/"],["value"],[["cc.AnimationClip",["_name","_duration","sample","wrapMode","curveData"],-1,11]],[[0,0,1,2,3,4,5]],[[0,"fast_vfx_b",1.2333333333333334,30,2,[{},"comps",11,[{},"cc.Sprite",11,[{},"spriteFrame",12,[[[{"frame":0},"value",6,0],[{"frame":0.03333333333333333},"value",6,1],[{"frame":0.06666666666666667},"value",6,2],[{"frame":0.1},"value",6,3],[{"frame":0.13333333333333333},"value",6,4],[{"frame":0.16666666666666666},"value",6,5],[{"frame":0.2},"value",6,6],[{"frame":0.23333333333333334},"value",6,7],[{"frame":0.26666666666666666},"value",6,8],[{"frame":0.3},"value",6,9],[{"frame":0.3333333333333333},"value",6,10],[{"frame":0.36666666666666664},"value",6,11],[{"frame":0.4},"value",6,12],[{"frame":0.43333333333333335},"value",6,13],[{"frame":0.4666666666666667},"value",6,14],[{"frame":0.5},"value",6,15],[{"frame":0.5333333333333333},"value",6,16],[{"frame":0.5666666666666667},"value",6,17],[{"frame":0.6},"value",6,18],[{"frame":0.6333333333333333},"value",6,19],[{"frame":0.6666666666666666},"value",6,20],[{"frame":0.7},"value",6,21],[{"frame":0.7333333333333333},"value",6,22],[{"frame":0.7666666666666667},"value",6,23],[{"frame":0.8},"value",6,24],[{"frame":0.8333333333333334},"value",6,25],[{"frame":0.8666666666666667},"value",6,26],[{"frame":0.9},"value",6,27],[{"frame":0.9333333333333333},"value",6,28],[{"frame":0.9666666666666667},"value",6,29],[{"frame":1},"value",6,30],[{"frame":1.0333333333333334},"value",6,31],[{"frame":1.0666666666666667},"value",6,32],[{"frame":1.1},"value",6,33],[{"frame":1.1333333333333333},"value",6,34],[{"frame":1.1666666666666667},"value",6,35],[{"frame":1.2},"value",6,36]],11,11,11,11,11,11,11,11,11,11,11,11,11,11,11,11,11,11,11,11,11,11,11,11,11,11,11,11,11,11,11,11,11,11,11,11,11]]]]]],0,0,[0,0,0,0,0,0,0,0,0,0,0,0,0,0,0,0,0,0,0,0,0,0,0,0,0,0,0,0,0,0,0,0,0,0,0,0,0],[0,0,0,0,0,0,0,0,0,0,0,0,0,0,0,0,0,0,0,0,0,0,0,0,0,0,0,0,0,0,0,0,0,0,0,0,0],[0,1,2,3,4,5,6,7,8,9,10,11,12,13,14,15,16,17,18,19,20,21,22,23,24,25,26,27,28,29,30,31,32,33,34,35,36]]