{"paths":{"0":["Img/Bg_4",1],"1":["Img/bghu",1],"2":["Img/BkbMiniCard",1],"3":["Img/bkgSieuToc",1],"4":["Img/Btn_Next",1],"5":["Img/btn_room",1],"6":["ImgNew/Blur",1],"7":["ImgNew/Card",1],"8":["ImgNew/CardPoker",1],"9":["ImgNew/effect",1],"10":["ImgNew/nohu",1],"11":["ImgNew/QUAY",1],"12":["ImgNew/ShadowCard",1],"13":["ImgNew/SIEUTOC",1],"14":["ImgNew/tex1",1],"15":["ImgNew/tex2",1],"16":["ImgNew/tex3",1],"17":["ImgNew/tex4",1],"18":["ImgNew/tex5",1],"19":["ImgNew/tex6",1],"20":["ImgNew/tex7",1],"21":["ImgNew/tex8",1],"22":["ImgNew/thanglon",1],"23":["MiniPokerOld/images/quanbai/card3",1],"24":["MiniPokerOld/images/result/1",1],"25":["MiniPokerOld/MpFonts/font-export",1],"26":["MiniPokerOld/MpFonts/UTM_Avo",5],"27":["MiniPokerOld/MpFonts/UTM_AvoBold_Italic",5],"28":["MiniPokerOld/MpFonts/UTM_AvoBold",5],"29":["MiniPokerOld/MpFonts/UTM_Sharnay",5],"30":["MiniPokerOld/MpImage/bg-ketqua",1],"31":["MiniPokerOld/MpImage/bg",1],"32":["MiniPokerOld/MpImage/bxh-icon",1],"33":["MiniPokerOld/MpImage/close-btn",1],"34":["MiniPokerOld/MpImage/help-icon",1],"35":["MiniPokerOld/MpImage/hu-bg",1],"36":["MiniPokerOld/MpImage/huongdan-minipoker",1],"37":["MiniPokerOld/MpImage/lsgd-icon",1],"38":["MiniPokerOld/MpImage/mnpk_btn_rule",1],"39":["MiniPokerOld/MpImage/scale-icon-1",1],"40":["MiniPokerOld/MpImage/scale-icon-2",1],"41":["MiniPokerOld/MpImageNew/btn_sieutoc_on",1],"42":["MiniPokerOld/MpImageNew/btn_sieutoc",1],"43":["MiniPokerOld/MpImageNew/btn_tudong_on",1],"44":["MiniPokerOld/MpImageNew/btn_tudong",1],"45":["MiniPokerOld/MpImageNew/line",1],"46":["MiniPokerOld/MpImageNew/main-cards",1],"47":["MiniPokerOld/MpImageNew/mnpk_btnmoney_active",1],"48":["MiniPokerOld/MpImageNew/mnpk_btnmoney_inactive",1],"49":["MiniPokerOld/MpImageNew/Popup/bg_danhsach",1],"50":["MiniPokerOld/MpImageNew/Popup/bg_popup",1],"51":["MiniPokerOld/MpImageNew/Popup/bt_close",1],"52":["MiniPokerOld/MpImageNew/Popup/line",1],"53":["MiniPokerOld/MpImageNew/Popup/title_guide",1],"54":["MiniPokerOld/MpImageNew/Popup/title_lichsu",1],"55":["MiniPokerOld/MpImageNew/Popup/title_vinhdanh",1],"56":["MiniPokerOld/MpImageNew/shadows_1",1],"57":["MiniPokerOld/MpImageNew/title_minipoker",1],"58":["MiniPokerOld/MpResCode/anim/cangat/cangat",7],"59":["MiniPokerOld/MpResCode/anim/cangat/cangat",1],"60":["SOund/loopSPin",9],"61":["SOund/Spin",9],"62":["SOund/StopSpin",9],"63":["SOund/WinLine",9],"64":["Animation/AniSpin",0],"65":["Animation/Message",0],"66":["Animation/ShowJackpot",0],"67":["Animation/ShowText",0],"68":["Animation/SpinCard",0],"69":["Animation/SpinRun",0],"70":["Animation/StopCard",0],"71":["Img/Bg_4",2,1],"72":["Img/bghu",2,1],"73":["Img/BkbMiniCard",2,1],"74":["Img/bkgSieuToc",2,1],"75":["Img/Btn_Next",2,1],"76":["Img/btn_room",2,1],"77":["ImgNew/Blur",2,1],"78":["ImgNew/Card",2,1],"79":["ImgNew/CardPoker",3],"80":["ImgNew/effect",2,1],"81":["ImgNew/nohu",2,1],"82":["ImgNew/QUAY",2,1],"83":["ImgNew/ShadowCard",2,1],"84":["ImgNew/SIEUTOC",2,1],"85":["ImgNew/tex1",2,1],"86":["ImgNew/tex2",2,1],"87":["ImgNew/tex3",2,1],"88":["ImgNew/tex4",2,1],"89":["ImgNew/tex5",2,1],"90":["ImgNew/tex6",2,1],"91":["ImgNew/tex7",2,1],"92":["ImgNew/tex8",2,1],"93":["ImgNew/thanglon",2,1],"94":["MiniPoker",4],"95":["MiniPokerOld/images/quanbai/card3",3],"96":["MiniPokerOld/images/result/1",2,1],"97":["MiniPokerOld/MpFonts/font-export",6],"98":["MiniPokerOld/MpFonts/font-export",2,1],"99":["MiniPokerOld/MpImage/bg-ketqua",2,1],"100":["MiniPokerOld/MpImage/bg",2,1],"101":["MiniPokerOld/MpImage/bxh-icon",2,1],"102":["MiniPokerOld/MpImage/close-btn",2,1],"103":["MiniPokerOld/MpImage/help-icon",2,1],"104":["MiniPokerOld/MpImage/hu-bg",2,1],"105":["MiniPokerOld/MpImage/huongdan-minipoker",2,1],"106":["MiniPokerOld/MpImage/lsgd-icon",2,1],"107":["MiniPokerOld/MpImage/mnpk_btn_rule",2,1],"108":["MiniPokerOld/MpImage/scale-icon-1",2,1],"109":["MiniPokerOld/MpImage/scale-icon-2",2,1],"110":["MiniPokerOld/MpImageNew/btn_sieutoc_on",2,1],"111":["MiniPokerOld/MpImageNew/btn_sieutoc",2,1],"112":["MiniPokerOld/MpImageNew/btn_tudong_on",2,1],"113":["MiniPokerOld/MpImageNew/btn_tudong",2,1],"114":["MiniPokerOld/MpImageNew/line",2,1],"115":["MiniPokerOld/MpImageNew/main-cards",2,1],"116":["MiniPokerOld/MpImageNew/mnpk_btnmoney_active",2,1],"117":["MiniPokerOld/MpImageNew/mnpk_btnmoney_inactive",2,1],"118":["MiniPokerOld/MpImageNew/Popup/bg_danhsach",2,1],"119":["MiniPokerOld/MpImageNew/Popup/bg_popup",2,1],"120":["MiniPokerOld/MpImageNew/Popup/bt_close",2,1],"121":["MiniPokerOld/MpImageNew/Popup/line",2,1],"122":["MiniPokerOld/MpImageNew/Popup/title_guide",2,1],"123":["MiniPokerOld/MpImageNew/Popup/title_lichsu",2,1],"124":["MiniPokerOld/MpImageNew/Popup/title_vinhdanh",2,1],"125":["MiniPokerOld/MpImageNew/shadows_1",2,1],"126":["MiniPokerOld/MpImageNew/title_minipoker",2,1],"127":["MiniPokerOld/MpResCode/anim/cangat/cangat",8],"128":["MiniPokerOld/MpResCode/anim/cangat/cangat",2,1],"129":["Prefabs/HistoryMiniPoker",4],"130":["Prefabs/minipokerHelpView",4]},"types":["cc.AnimationClip","cc.Texture2D","cc.SpriteFrame","cc.SpriteAtlas","cc.Prefab","cc.TTFFont","cc.BitmapFont","cc.Asset","sp.SkeletonData","cc.AudioClip"],"uuids":["204LQuIF5P8pq9uoRq9MmH","51l2vvyRtA6aDC0FHh/Zfh","e5RMM2c7JFDoAXds7sTA9E","68ibX7tUlHxqZfsXrfd4kx","06EDD8/pZJdrcMLBDP7fdQ","d1yK/gfCREkIH5OzbhOQaa","57Z51vajpB6YR8W6QS51mk","e0FJGiwO9NzaSYeb0ICrkS","03MY9+YU1HWq4qFivJc3EQ","1eWw3wJkxMgJ2Mg6scZTEj","69b7pTfw9ItrcA5A++IA4L","362PDu6vhARJUFJ1VOIEBj","10sIiQfdhBGYyzyvBwPy9x","d7xF1/8XVKxIFYGZ0VtwHt","91BYU5ztFIo47c67QCIKh0","f7p1pSdDJGcrO2LBqTmapG","b9REo8bktMGpL2BJUxs4Tp","fdWkBtXABNT61TvAFN1HAI","f1m+BshGRJTZMRkMjBNSX6","e3Rca7kdhGcZTH0gfJVl4S","8a2ofxjTdJaaXTsROOcquy","beYEUnYXFCoIqmy6kMGPWU","6c1VctL89GoJpW6rdCOm3F","e3JsyHhw1Or6WlbJ6JB8/2","0bZAXYJchOTJf4ORFKHmRC","5f5HyMazJGOKLINtYLhssm","7eF4JKgnVOAZzZ5cWWWlzh","8drxr1BrVHMIx3wcWK2Omn","e0wjNpSGtN/6zMOkzjq4lN","e3HAS7I25Bm7tzVD06xvjK","f73jESWANO9pnBJQYhdge+","2ewRh3LxlG7reHQBcfREa2","a3flwlLNdEkKqf7CrlRda8","d4AqKtfgBNtIT7KNQFbWuS","1aEsOLqthKD6ZS6l0KIRUb","cbVbAyWt9NnZe75hQCstiH","a7iFCT8EBHG5OOV/ysl8W4","d0loqnLjtKXJ9W+JEbdnUG","e5g5i898dF3KB3rPKbSyle","a4JiP+1kRObKR3CnRRRbcN","736eNSuQ1Oxb+SP0Fi55i9","27w0BTS0FIQoVqBFXPG5hm","07VdN6CqxIg4Gfq19JJgWO","49KQZESM9HcrhoP4jcLYV2","8dDRgRVEhPsaUVVthbQQ84","d1fkBjrPBDxZg/g44BIcjl","c5/iK+GJdMbZKHZZXxUOQN","b9asBfFcpFk4zvdKoVkvy3","daZvWMfoRGzLFP4IxmK5sW","80h/4U+KFLyLCTHZPdiTjJ","a7KDKirB5PH6RPJOfvOYSf","86KFrxgdBPepTGoDZW6E5n","afMCbII0JMqrO82Z8zYTlh","4aJefQI8pK2plExRGmlB7w","11IwSYegBD45uZ/In62eU5","8eRM5i3gtIoq4OnDzq2Btu","8agJa2gbZGkLcttIH21sPl","32baNp/vVLqq+SsTHnUaZ6","fdUCRCPsJAGKn4XHKAyJT6","902g7+z3xCe53YIlIJmJ/j","d0Z3IPlg9IeIiCxVlGM1+a","4956rWiLhBoL/hwDi9Nn1d","7dBqoGxTlNp46hkX/ZyQhe","289O1cR6VDjoAYFWKxA//3","e6C+qKuSpFD5O1LjVMT2IV","4eyF8blldMnrNNKJjFcE7T","f25HMFQVZHAouRo/Jpirol","deQG4WvxRIrofHlnV2G85y","33Ht7OjkpOebm5R08aEXRm","d2P3W6/npN+JGfFc9MSf4W","e5R/qoto1CmrW35mZ8CvBL","dewUmWuPVOKo6J87WqoDa9","67LZNG5thI/JRnw68IkA3Z","70B6dDVe5DqK+fVJW8fMcx","3fPyKKk5hIFahBDcwJpfIw","c31eZWbGNHq7PJx0seyaa5","dffX07bxdCU5z0tRxN8jQi","bd+6piRJVGZKhOUR6wakca","e7fm5fzMdGfoIe0WtHr646","7dazFo9NpPC7PHJr8Eljij","98qyQELrVFdIVbp9+mMSnI","86H/vPCQZJFIk5TjVgveLO","6bx4G/CD5F+qEPAP8CSaAC","4am8ngLzFElpYNbrTjK1fU","0abhIRAM1FU60JDTXNe4T5","00p5dP1t5AwL3Kr4s3ZB2i","564WvbVX9OUqKWNR7qKfGv","2ceoupneFIToUvdmBweanV","79cnytxdJDVrFojK9M5lUP","4fWWpstNdCMJAppEuj7bgM","33aaMB2v5DP7qrOR60I2iQ","30HYcu/iNGULu67d54zrHB","76OpLVLIhMor1llr7x/NMW","0eIx+J3pVHUqtWnBycVZ12","2fk1f7RdVLwLLaRcfxhkC4","b3LfE7eSdN8rO2XiS5kv33","a9Z6PjFIpGOK21hJdG5iCC","82xH47sP1Om4yrrndgmyux","13XKTGOUFBToQQLTMcFwah","ca2dQla+pAk5JwBtvcBLng","79DC3lfM1BaZqBi+DPhAMS","55Nw8xi59P6pfJNwlKWoph","9fguWsBS1CcoDWOhbRxVRi","c9HtrEpcJBJIHWZDhUaaiZ","62whxKznxM6bP2gicQ/KIO","78Ygvz73RKM5Achw68JCVm","1a5o5/J4ZCFpHQccR14UUg","3aRaRnF/pIRLZ19bmicyXU","6dRkhuXkxKeYXQjcXZfTs8","b3AhY1WdFL2b9ZhfjSIJG/","8dNhm5PLhLCLLSxdeBZQj2","760E6nVTRI1YPIV3QZShaB","36KjnXHDhBfZJEVz8rXGAC","ffac7IdQFKi5FFOMYJVSm+","f53PdQhDpDbLGpRMQYpkmv","cbAqsj1YZB+7awqK5EcvAI","9e3Fvw0X5HqaXTQl77xt1/","dcOjYfNQJAIIKt4tKRFMmW","33iN/UrGZNiIhdlSjkpRj8","e2fe+84jVPVISi34jyZZaa","59BR/3Lf5J/Zhag3zjFWxw","fbuVLcwqdKmZQCEbY/isnr","70tYWDC0BJC5tKkvsd4VJ6","86IctJB25GObThVOn+09h4","2eW2tO4PpDhbqNA+2q7nAF","8dq7kn5plAQ5iEmMydPf1x","feeVLzMQZGarMn+eVCg2w6","8aEjqqP3tIHYCRwMfmtQWZ","ebhQOYGYhAKLGf3D+hiRXA","02RFBbNpxP7a7mriazx6sI","11sMkUp+tPUqq3ghEoQ4Bk","d8HsitJHxOYqo801xBk8ev","cdQNjcASJFJ7Ev3AojCaDv","14/jOQc6pGw6TqrKqDmme+","222/9xEFpBQLqrtJFpe0yV","a3FRx62QZFjJeQQO01jrMB","c2cZEe82VCralO1390YDH/","41te2kLPFE7Ymu2P09GNcz","7ft2nuJg5BE7PfMhD4Qfnp","79eWKSqXhGP6VT+3Wx0IOP","08UD+9XOJERZ0vFm7Wy5Q1","39I3K+hKVBx686D4CCrFR5","e3HxI9kipGl44F1yjvQHvv","91n4tcRgBINZ0CySANFuha","79pjIl+QxP3KMwDnF+8hIL","44qcxdPbdFUbLCBamDsWvi","03YCljVCNLzYL6qm7o4ILY","a92x7uzfROIpvzbnUSEYE2","67OwedxlFH5LN2ILzAYpSb","9dE72CsYxKqosux5eppw02","59uhNv6+NCbZneFAkryJsQ","bdUYTRiJlCZqBBwy41hVyA","60PytTrc1D3bDELUsIRwzN","0aklCkp01HJri1FFp0/VBZ","f1rOmPi1VDpZAE0KKQZzz/","52qxKzyYdIiqTFurFTrOAC","9bUqkw7lNH8IQ4dXpwilaw","32L3ntZJVDP4K+ZL5/ygxs","13z60kt41NtoJF3+apOtMo","26Uu2JTC5Ny4p4MYR5+N1A","9bRmMcB4dCP5jK34gXHEY2","24qQsktkxLKrXQmWHSqD3P","55YzQQpIBG34q8PGJvcbDB","63mgfGzmBEALh7kK8Ibyr0","4cxP+NdtRC+aX9wU8Ly7G+","cbfB6Mo9tFk7vP1INTc4ez","ebxbcNKIxHz5tneLhI1aN3","d5L6w2wnNFWrB4T/RJbxCd","99DjGu9r1FQI1CtEBbYT8L","b8dObzfnlJc6GSSBLsT7kJ","25Xsxn8h1LDozfww3s912s","40GPPYepFGNprdq5W3EQS7","6bdbg0ZDZEOpbC1Y7xEliA","8bZWw+pJpLwqo03M4BgtSz","69YWqPbG5Fqqq2R0WW2I8O","24b7MREEhEMaJm6tvZXtmx","d0hA15tV5F34WuoV13DzAO","6fPyHi8dlKJaT/xo/Y0Byx","d3HBZgTB5PppUBsjQnaMjo","8ebB+Dm/dOKZE2sF+9tE/H","1bqLJCUvhNer5PAbw3zqi8","4fladOBa9KsLFUyOjw8YmU","48V02yWHJLWbDravzclthi","cbE8IVBn5Bz6wdO1PpXe1Z","49AjOgSkFMcaQpqY0dtwQ8","5aRcfCGvJBvJ0QllaUgmfq","ccYMY8g+5EXJ5MXuZY8u2Z","12DR69EIZFaJSmbrrEI2oD","216ViOjKRAGYOI9j4wAOZM","356DoMcS5AC4xtMXRoj58H","4docuhFzVP1ZA04fXFDx3k","2aEQKH4bZEtbBwl09Hy7Mg","24EJw/I75Kl4K8g1LdrGRp","6anGYMLUxKO5evAibZ12Po","caD5tlaK1Odrw3u/u4qi8e","bcgRIP/PJCTIbDgzlycp4u","64s2EO5GdEU6t7kLf1YFjf","22EC9ydZRJ060mT4JDKiNx","9d3TF7PIFDvLzK/KJ0tNNv","9fcR7mx79LDqdAqBNrngfp","42EgVCIAdPZo5SdmSyv+GW","7cGF2UQJxJlrkcW38/o5bD","e22LlJEDlBBaqno1N2V1sb","48wLcXJBNG6oXnB7vpalc5","1egbxtbQRLvJQ9daybIFe8","8djO43yUJPvqXxh/hamJoB","31YIVnX2lEV7V4DU1JGUw5","c6und0ekpJ+7w+LKIsCVkf","40WNOuQDxCN7SybYsv9KUn","b8/fza4J9F4p1i01GAIydE","4adodi34VBFaWba9m06Ldh","75JCQoLT9C3ZdD7PVyTBLH","12OwyTmT5LN6s812dUtwAx","0fgGOiO9FF2p2gnkiB9JzB","dcDR+7PGZIj7q37MkybFhV","ce9fjQ3HpMVJNM5mw1RLdo","9cnRPqn3ZNsLCVMce7VAfm","18fgX5z6BF9KuQ4E/fUjIw","e8WDk29JJLrZnuN7Eaj21G","dbQ34zMqlGw4g/rkOmrwDv","df+a8DpL1ILr30wLCVIuX3","dbxt640oNIia2vaZulFYpm","747roTnXtGIpAmDXbR3R9O","f6B76gadZHLpmt2vcMcR3I","bcZaxHZCpP7KPRSSZwcNzC","378gMPCulHTp0pKughkOd5","26Y6ps9DNFhpk0a8EC7FHw","31//H3KeFNKKLhWW7sI3UU","3dWgpcbw9Is7LMjFzq+4BD","4beLxoKkxA7686WfJuW4qE","ebMKvJnzBKqa48PWXJqBYv","08WumwsXJMVISMxPUOEDD+","27aVILD8RGg40uxBKghIdD","d48pRPMoNI3Z8tRewXp/QO","caKEhS0+1Oe4mPG41xoRMD","ed10xkSdJPq54pnq2R3e+R","2bxnu5G3tBvJepjiYPZuME","c2tpo/s99BpZY1OlYoq+4n","deiU3oD2BNrqVLwF4DY23x","7a/QZLET9IDreTiBfRn2PD","f0BIwQ8D5Ml7nTNQbh1YlS","e97GVMl6JHh5Ml5qEDdSGa","29FYIk+N1GYaeWH/q1NxQO","ecpdLyjvZBwrvm+cedCcQy","76Oo+hdZBIC58PkmtS6Hpa","9bvaMerUlDyary99mJa6xp","a2MjXRFdtLlYQ5ouAFv/+R","7atnkm+vtBk6Mvv8DBz46m","e1M4dVdwNOCqD69gLCBDJ5","adjfv47bNMGIChZDyE33F1","c9VupEoCxGbIrIXOJwwOth","ecCTW49kJJYZX+93y4H/Sv"],"scenes":{},"redirect":[239,0,240,1,241,1,242,1,243,0,244,1,246,1,247,1,248,1,249,1,250,1,251,1],"deps":["internal","resources"],"packs":{"0570ae83e":[146,140,153,158,133,180,134,175,161,170,159,157,141,171,137,145,182,164,181,155,162,150,152,163,148,174,172,177,139,144,79,138,173,179,143,168,160,156,149,135,147,169,151,136,183,165,132,176,178,167,142,166,154],"07be486b9":[85,93,106,87,94,91,68,90,112,65,89,86,72,92,100,88,81,116,102,103,69,117,71,70,78,126,113],"04296ec67":[231,213,187,212,217,204,188,197,192,226,232,191,236,206,227,189,225,228,208,200,203,184,210,229,190,185,196,193,222,211,201,205,216,198,199,95,209,224,195,237,207,194,234,186,215,233,219,221,214,238,220,202,218,230,235,223],"0888b330b":[98,97],"0ca39d28b":[120,119],"0d28635a3":[129,123],"093bf60cb":[130,122,105,245],"09b8b8d35":[8,4,42,24,12,54,34,9,0,41,31,57,11,43,53,1,6,25,3,10,22,40,49,51,56,20,44,55,59,14,32,39,50,36,52,16,47,21,46,35,37,45,5,33,13,131,48,7,23,19,2,38,18,15,30,17]},"name":"43","importBase":"import","nativeBase":"native","debug":false,"isZip":false,"encrypted":false,"versions":{"import":["04296ec67","c5b5f","0570ae83e","5aff5","07be486b9","797ca","0888b330b","35f25","093bf60cb","21a8a","09b8b8d35","a1f69",84,"1f435","0ca39d28b","d167d","0d28635a3","ae9e4",63,"2836e",124,"bf41b",118,"b983b",107,"116fb",74,"154e6",61,"8e0b0",83,"e3055",101,"570db",104,"69720",82,"bb2e3",108,"32173",73,"04ab8",111,"dc16f",62,"121ed",26,"01b1d",127,"abff4",110,"3fee1",125,"0760f",27,"5e454",80,"8f025",96,"feb08",109,"eb870",77,"ae4cd",75,"8c9b7",99,"1ef7a",115,"21c54",60,"83d1f",67,"eb1f5",76,"5db46",28,"e6f71",29,"77f2d",64,"b2ade",128,"cd385",66,"735cf",114,"a7f92",121,"685a8",58,"aa417"],"native":[8,"eb31c",4,"b1793",42,"5f0b3",24,"7f872",12,"41fa1",54,"d621e",34,"05aeb",9,"36356",0,"34392",41,"8bc92",63,"5401c",31,"45804",57,"d2649",11,"8dc56",43,"84bd2",61,"26cbd",53,"1798f",1,"e16d0",6,"7190e",25,"36923",3,"d5523",10,"1f5f4",22,"6ebd3",40,"02fcb",62,"3144d",26,"5b5fc",49,"458e2",51,"2058a",56,"01cb5",20,"ec34f",44,"911ff",27,"9ffe3",55,"b96ec",59,"8f7d6",14,"20dd7",32,"7af63",39,"a1efe",50,"5ccd2",36,"3115a",52,"4e891",16,"5e4d6",47,"6cdba",21,"ae0a4",46,"2513b",35,"2ef2a",60,"8b789",37,"e65cd",45,"4e891",5,"46d0e",33,"0dfbc",13,"cbdd9",131,"cdbc9",48,"534e2",7,"8c5b2",28,"a48e2",29,"b25b5",23,"54257",19,"11e9d",2,"16254",38,"05aeb",18,"9a3ef",15,"f48eb",30,"120df",58,"0e991",17,"40fb2"]}}