{"paths":{"0":["Img/BtnOn",1],"1":["ImgNew/CardPoker",1],"2":["MiniPokerOld/images/result/Sanh2",1],"3":["Img/Btn_Next",1],"4":["MiniPokerOld/MpImageNew/btn_sieutoc",1],"5":["MiniPokerOld/images/result/haidoi",1],"6":["MiniPokerOld/images/result/1",1],"7":["ImgNew/ShadowCard",1],"8":["MiniPokerOld/MpImageNew/Popup/title_lichsu",1],"9":["MiniPokerOld/MpImage/help-icon",1],"10":["ImgNew/effect",1],"11":["Img/Bg_4",1],"12":["MiniPokerOld/MpImageNew/btn_sieutoc_on",1],"13":["MiniPokerOld/MpImage/Xhu/line",1],"14":["SOund/WinLine",10],"15":["MiniPokerOld/MpImage/Xhu/10k",1],"16":["Spine/skeleton",1],"17":["MiniPokerOld/MpImage/bg",1],"18":["MiniPokerOld/MpResCode/anim/MiniPoker-NH/MiniPoker-NoHu",9],"19":["MiniPokerOld/MpImageNew/title_minipoker",1],"20":["MiniPokerOld/MpResCode/anim/CanQuay/cangat",1],"21":["MiniPokerOld/MpImage/Xhu/x5",1],"22":["ImgNew/QUAY",1],"23":["MiniPokerOld/MpImage/Xhu/x4",1],"24":["Img/BtnRoomOn",1],"25":["Img/bangvinhdanh",1],"26":["MiniPokerOld/MpImage/Xhu/100",1],"27":["MiniPokerOld/MpImageNew/btn_tudong_on",1],"28":["SOund/Spin",10],"29":["MiniPokerOld/MpImageNew/Popup/title_guide",1],"30":["MiniPokerOld/MpImage/Xhu/x6",1],"31":["Img/bghu",1],"32":["MiniPokerOld/MpResCode/cardsminipokerBlur",1],"33":["ImgNew/Blur",1],"34":["MiniPokerOld/MpFonts/font-export",1],"35":["MiniPokerOld/MpResCode/cardsminipoker",1],"36":["MiniPokerOld/MpImageNew/Popup/bt_close",1],"37":["MiniPokerOld/images/result/sanh",1],"38":["MiniPokerOld/MpImageNew/shadows_1",1],"39":["ImgNew/tex7",1],"40":["MiniPokerOld/MpImageNew/btn_tudong",1],"41":["MiniPokerOld/MpFonts/UTM_AvoBold_Italic",5],"42":["MiniPokerOld/MpImage/Xhu/x2",1],"43":["MiniPokerOld/MpImageNew/Popup/title_vinhdanh",1],"44":["MiniPokerOld/MpResCode/anim/cangat/cangat",1],"45":["ImgNew/tex1",1],"46":["Img/BtnQuay",1],"47":["MiniPokerOld/MpResCode/imgText/txtDoiJ",1],"48":["MiniPokerOld/MpImage/bxh-icon",1],"49":["MiniPokerOld/MpImage/scale-icon-1",1],"50":["MiniPokerOld/images/result/thungphasanh",1],"51":["MiniPokerOld/MpImageNew/Popup/bg_popup",1],"52":["MiniPokerOld/MpImage/huongdan-minipoker",1],"53":["MiniPokerOld/images/result/thung",1],"54":["MiniPokerOld/MpImageNew/Popup/line",1],"55":["MiniPokerOld/images/result/thungJ",1],"56":["MiniPokerOld/images/result/sam",1],"57":["ImgNew/tex3",1],"58":["MiniPokerOld/MpImageNew/mnpk_btnmoney_active",1],"59":["MiniPokerOld/MpImage/coin",1],"60":["ImgNew/tex8",1],"61":["Img/BtnSieuToc",1],"62":["MiniPokerOld/MpImage/Xhu/frame",1],"63":["MiniPokerOld/MpImageNew/main-cards",1],"64":["Img/btn_x5",1],"65":["MiniPokerOld/MpImage/hu-bg",1],"66":["SOund/loopSPin",10],"67":["MiniPokerOld/MpImage/lsgd-icon",1],"68":["MiniPokerOld/MpImageNew/line",1],"69":["Img/btn_room",1],"70":["MiniPokerOld/MpImage/Xhu/1k",1],"71":["MiniPokerOld/MpImage/close-btn",1],"72":["ImgNew/SIEUTOC",1],"73":["MiniPokerOld/MpImageNew/mnpk_btnmoney_inactive",1],"74":["ImgNew/Card",1],"75":["Img/BtnTuQuay",1],"76":["MiniPokerOld/MpFonts/UTM_AvoBold",5],"77":["MiniPokerOld/MpResCode/anim/MiniPoker-NH/MiniPoker-NoHu",1],"78":["MiniPokerOld/MpFonts/UTM_Sharnay",5],"79":["MiniPokerOld/images/quanbai/card3",1],"80":["ImgNew/tex6",1],"81":["Img/BkbMiniCard",1],"82":["MiniPokerOld/MpImage/mnpk_btn_rule",1],"83":["MiniPokerOld/images/result/tuquy",1],"84":["ImgNew/tex5",1],"85":["MiniPokerOld/images/result/culu",1],"86":["MiniPokerOld/MpImage/Xhu/x3",1],"87":["ImgNew/tex2",1],"88":["MiniPokerOld/MpImage/bg-ketqua",1],"89":["MiniPokerOld/images/result/doiJ",1],"90":["MiniPokerOld/MpImage/Xhu/x1",1],"91":["Img/BtnRoomOff",1],"92":["ImgNew/tex4",1],"93":["ImgNew/tex1",2,1],"94":["Prefabs/HistoryMiniPoker",4],"95":["ImgNew/SIEUTOC",2,1],"96":["MiniPokerOld/MpResCode/imgText/txtDoiJ",2,1],"97":["ImgNew/thanglon",2,1],"98":["MiniPokerOld/MpResCode/anim/MiniPoker-NH/MiniPoker-NoHu",7],"99":["Spine/skeleton.atlas",8],"100":["Img/BtnTuQuay",2,1],"101":["Prefabs/minipokerHelpView",4],"102":["MiniPokerOld/MpFonts/font-export",2,1],"103":["MiniPokerOld/MpImage/Xhu/x5",2,1],"104":["MiniPokerOld/MpImage/lsgd-icon",2,1],"105":["MiniPokerOld/images/result/haidoi",2,1],"106":["MiniPokerOld/images/result/doiJ",2,1],"107":["MiniPokerOld/images/result/thungJ",2,1],"108":["Img/BtnRoomOn",2,1],"109":["MiniPokerOld/MpResCode/cardsminipoker",2,1],"110":["ImgNew/tex3",2,1],"111":["MiniPokerOld/MpImageNew/Popup/title_vinhdanh",2,1],"112":["MiniPoker",4],"113":["ImgNew/tex7",2,1],"114":["MiniPokerOld/MpResCode/cardsminipokerBlur",2,1],"115":["Animation/SpinCard",0],"116":["ImgNew/tex6",2,1],"117":["MiniPokerOld/MpImageNew/Popup/bg_danhsach",2,1],"118":["MiniPokerOld/MpImageNew/btn_tudong_on",2,1],"119":["MiniPokerOld/MpImage/mnpk_btn_rule",2,1],"120":["Img/bkgSieuToc",2,1],"121":["MiniPokerOld/images/result/sanh",2,1],"122":["ImgNew/ShadowCard",2,1],"123":["Animation/Message",0],"124":["ImgNew/tex5",2,1],"125":["MiniPokerOld/MpImage/bxh-icon",2,1],"126":["ImgNew/phong to",2,1],"127":["ImgNew/tex2",2,1],"128":["MiniPokerOld/MpImageNew/Popup/bt_close",2,1],"129":["MiniPokerOld/images/result/culu",2,1],"130":["MiniPokerOld/MpImage/coin",2,1],"131":["MiniPokerOld/images/result/Sanh2",2,1],"180":["Img/bkgSieuToc",1],"181":["ImgNew/nohu",1],"182":["ImgNew/thanglon",1],"183":["ImgNew/phong to",1],"184":["MiniPokerOld/MpImage/scale-icon-2",1],"185":["SOund/StopSpin",10],"186":["MiniPokerOld/MpFonts/UTM_Avo",5],"187":["MiniPokerOld/MpImageNew/Popup/bg_danhsach",1],"188":["MiniPokerOld/MpImage/hu-bg",2,1],"189":["MiniPokerOld/MpResCode/anim/CanQuay/cangat",2,1],"190":["Img/bghu",2,1],"191":["ImgNew/QUAY",2,1],"192":["MiniPokerOld/MpImage/scale-icon-1",2,1],"193":["Img/bangvinhdanh",2,1],"194":["Img/BkbMiniCard",2,1],"195":["MiniPokerOld/MpImageNew/Popup/title_guide",2,1],"196":["ImgNew/tex8",2,1],"197":["MiniPokerOld/MpImageNew/btn_sieutoc",2,1],"198":["MiniPokerOld/MpImage/huongdan-minipoker",2,1],"199":["MiniPokerOld/MpImage/bg",2,1],"200":["ImgNew/tex4",2,1],"201":["ImgNew/CardPoker",3],"202":["MiniPokerOld/MpImage/Xhu/x3",2,1],"203":["MiniPokerOld/MpImage/Xhu/x6",2,1],"204":["MiniPokerOld/MpFonts/font-export",6],"205":["Img/BtnQuay",2,1],"206":["ImgNew/nohu",2,1],"207":["MiniPokerOld/MpImageNew/Popup/title_lichsu",2,1],"208":["MiniPokerOld/MpResCode/anim/cangat/cangat",7],"209":["MiniPokerOld/MpImageNew/btn_sieutoc_on",2,1],"210":["MiniPokerOld/MpImageNew/shadows_1",2,1],"211":["MiniPokerOld/MpResCode/anim/MiniPoker-NH/MiniPoker-NoHu",2,1],"212":["ImgNew/effect",2,1],"213":["MiniPokerOld/images/result/thungphasanh",2,1],"214":["MiniPokerOld/MpImageNew/mnpk_btnmoney_active",2,1],"215":["MiniPokerOld/MpImage/close-btn",2,1],"216":["MiniPokerOld/MpImage/Xhu/x1",2,1],"217":["Prefabs/RankMiniPoker",4],"218":["MiniPokerOld/images/result/1",2,1],"219":["MiniPokerOld/MpImage/Xhu/10k",2,1],"220":["MiniPokerOld/images/result/sam",2,1],"221":["MiniPokerOld/MpImage/Xhu/1k",2,1],"222":["MiniPokerOld/MpImage/scale-icon-2",2,1],"223":["MiniPokerOld/images/quanbai/card3",3],"224":["ImgNew/Blur",2,1],"225":["Img/Btn_Next",2,1],"226":["MiniPokerOld/MpImage/Xhu/x2",2,1],"227":["MiniPokerOld/MpImage/help-icon",2,1],"228":["MiniPokerOld/MpImage/bg-ketqua",2,1],"229":["MiniPokerOld/MpImageNew/main-cards",2,1],"230":["MiniPokerOld/MpImage/Xhu/100",2,1],"231":["Img/BtnOn",2,1],"232":["Animation/SpinRun",0],"233":["Img/BtnSieuToc",2,1],"235":["MiniPokerOld/MpResCode/anim/cangat/cangat.atlas",8],"236":["MiniPokerOld/MpResCode/anim/CanQuay/cangat",7],"237":["MiniPokerOld/MpImageNew/mnpk_btnmoney_inactive",2,1],"238":["Animation/ShowText",0],"239":["MiniPokerOld/images/result/tuquy",2,1],"240":["Img/Bg_4",2,1],"241":["Img/btn_room",2,1],"242":["Img/btn_x5",2,1],"243":["MiniPokerOld/images/result/thung",2,1],"244":["MiniPokerOld/MpImageNew/Popup/bg_popup",2,1],"245":["Animation/StopCard",0],"246":["Spine/skeleton",2,1],"247":["Animation/AniSpin",0],"248":["ImgNew/Card",2,1],"249":["MiniPokerOld/MpImage/Xhu/line",2,1],"250":["Spine/skeleton",7],"251":["MiniPokerOld/MpResCode/anim/cangat/cangat",2,1],"252":["MiniPokerOld/MpImage/Xhu/x4",2,1],"253":["Animation/ShowJackpot",0],"254":["MiniPokerOld/MpImageNew/line",2,1],"255":["MiniPokerOld/MpImage/Xhu/frame",2,1],"256":["MiniPokerOld/MpResCode/anim/CanQuay/cangat.atlas",8],"257":["Img/BtnRoomOff",2,1],"258":["MiniPokerOld/MpImageNew/Popup/line",2,1],"259":["MiniPokerOld/MpImageNew/title_minipoker",2,1],"260":["MiniPokerOld/MpImageNew/btn_tudong",2,1]},"types":["cc.AnimationClip","cc.Texture2D","cc.SpriteFrame","cc.SpriteAtlas","cc.Prefab","cc.TTFFont","cc.BitmapFont","sp.SkeletonData","cc.TextAsset","cc.Asset","cc.AudioClip"],"uuids":["00SlDIWGxDuI4mfR9J/JiF","03MY9+YU1HWq4qFivJc3EQ","04qCk7RgtN+rFrVbcT9Vsz","06EDD8/pZJdrcMLBDP7fdQ","07VdN6CqxIg4Gfq19JJgWO","0bQqxwtMhDU7zPXlKLW+3W","0bZAXYJchOTJf4ORFKHmRC","10sIiQfdhBGYyzyvBwPy9x","11IwSYegBD45uZ/In62eU5","1aEsOLqthKD6ZS6l0KIRUb","1eWw3wJkxMgJ2Mg6scZTEj","204LQuIF5P8pq9uoRq9MmH","27w0BTS0FIQoVqBFXPG5hm","289I9exNRK/Zmb7G9agq7S","289O1cR6VDjoAYFWKxA//3","28+3MlBsNKkohT5WLvT7td","2dEFWe8ttK0JCbOzy0IJA3","2ewRh3LxlG7reHQBcfREa2","31vCcfT0BHt4DrVfIGJ78U","32baNp/vVLqq+SsTHnUaZ6","35BHTDhzdGyaWf6dZxrDHE","36zFybpR5MT7WrV02PnkTL","362PDu6vhARJUFJ1VOIEBj","41BTBnempBjKxUB5sNOajV","44TMw7c4hGs4JDvdzAXpFp","45xIUtUNhKUbfeHDVKEFIV","48F5DDI7BMTo0lLkNj6hBO","49KQZESM9HcrhoP4jcLYV2","4956rWiLhBoL/hwDi9Nn1d","4aJefQI8pK2plExRGmlB7w","50zAUU1G1OioNzEsxAcWTW","51l2vvyRtA6aDC0FHh/Zfh","52bKAWlPtE5YEHAuA4Ystn","57Z51vajpB6YR8W6QS51mk","5f5HyMazJGOKLINtYLhssm","834om90dlBuLAizpQFssLU","86KFrxgdBPepTGoDZW6E5n","86fuqduUlLBYO9LCtZwHYw","8agJa2gbZGkLcttIH21sPl","8a2ofxjTdJaaXTsROOcquy","8dDRgRVEhPsaUVVthbQQ84","8drxr1BrVHMIx3wcWK2Omn","8d9qfAnZFNAIznUJFgxlp2","8eRM5i3gtIoq4OnDzq2Btu","902g7+z3xCe53YIlIJmJ/j","91BYU5ztFIo47c67QCIKh0","944enNu5dEq6F/GyqA6Ame","9aSkoGyIBEpKtoBtgA1BkK","a3flwlLNdEkKqf7CrlRda8","a4JiP+1kRObKR3CnRRRbcN","a6oJfk8BVH66eZXloqvo54","a7KDKirB5PH6RPJOfvOYSf","a7iFCT8EBHG5OOV/ysl8W4","ab7jxCJeFEd5bvnjICy7A5","afMCbII0JMqrO82Z8zYTlh","b1I21wXQVBa7ER9zP8sVgM","b31FXfcXtMi4cG6XLatmq/","b9REo8bktMGpL2BJUxs4Tp","b9asBfFcpFk4zvdKoVkvy3","bcQ8RRtghNkKRiiE1haYXK","beYEUnYXFCoIqmy6kMGPWU","c14aa0rkpJ45mC2DGkLlrT","c3BJ41+WhC+bg+CXW+IQ8B","c5/iK+GJdMbZKHZZXxUOQN","c8GCtyhHxHyoqfEorpdZBV","cbVbAyWt9NnZe75hQCstiH","d0Z3IPlg9IeIiCxVlGM1+a","d0loqnLjtKXJ9W+JEbdnUG","d1fkBjrPBDxZg/g44BIcjl","d1yK/gfCREkIH5OzbhOQaa","d3Xt3ZRYlDiacwXqEsQ6AW","d4AqKtfgBNtIT7KNQFbWuS","d7xF1/8XVKxIFYGZ0VtwHt","daZvWMfoRGzLFP4IxmK5sW","e0FJGiwO9NzaSYeb0ICrkS","e0TyUQHfdFRpUZT5LXE3u7","e0wjNpSGtN/6zMOkzjq4lN","e01/msDqhOEa5a/+KhG2Pe","e3HAS7I25Bm7tzVD06xvjK","e3JsyHhw1Or6WlbJ6JB8/2","e3Rca7kdhGcZTH0gfJVl4S","e5RMM2c7JFDoAXds7sTA9E","e5g5i898dF3KB3rPKbSyle","ebvyKLymFBd4R0x0rq+PKa","f1m+BshGRJTZMRkMjBNSX6","f4KHbHWs9I2qdslqJPc2oX","f7e7z1AhtN945l8v47fMK7","f7p1pSdDJGcrO2LBqTmapG","f73jESWANO9pnBJQYhdge+","f9H/TN4uZNH6T4hXteihIn","fbJJOxnlZGr4Lj0BUt39Q3","fb+h3TvOdLDYOwf2UlqxPl","fdWkBtXABNT61TvAFN1HAI","00p5dP1t5AwL3Kr4s3ZB2i","02RFBbNpxP7a7mriazx6sI","0abhIRAM1FU60JDTXNe4T5","0eDRR7w3tJMpIJ9FYOzh6j","0eIx+J3pVHUqtWnBycVZ12","0f0zqy2S9FirqR1ofxLLWf","10U/wK88ZHc4Z4n4aGkWLl","11mXpMEY5F7I/EbrmTnOuT","11sMkUp+tPUqq3ghEoQ4Bk","13XKTGOUFBToQQLTMcFwah","17QVRHwgFHNoOUachNc2uS","1a5o5/J4ZCFpHQccR14UUg","1cD4AIf5BMnKulgVF6BrTD","29wuRgy5dGdp7cRNRYLYU+","2aai8/eA9NW6kyro5mByGt","2bhymyGehMC7dt+WJO/Xsv","2cXeSfmDFLE7+fQowRJMMj","2ceoupneFIToUvdmBweanV","2eW2tO4PpDhbqNA+2q7nAF","2fk1f7RdVLwLLaRcfxhkC4","30HYcu/iNGULu67d54zrHB","31ltToX/NLxJurF54XWkgP","33Ht7OjkpOebm5R08aEXRm","33aaMB2v5DP7qrOR60I2iQ","33iN/UrGZNiIhdlSjkpRj8","36KjnXHDhBfZJEVz8rXGAC","3aRaRnF/pIRLZ19bmicyXU","3fPyKKk5hIFahBDcwJpfIw","45pjkJj59CBaKV4hfEhSJE","4am8ngLzFElpYNbrTjK1fU","4eyF8blldMnrNNKJjFcE7T","4fWWpstNdCMJAppEuj7bgM","55Nw8xi59P6pfJNwlKWoph","56Q4mwPJRDsY2kNx8EjI18","564WvbVX9OUqKWNR7qKfGv","59BR/3Lf5J/Zhag3zjFWxw","5916cOpslNep9WDnVETXzq","5e20Up2EBKurU45S8ElfsG","5fuLBjrHFAjYJH5UDCTV8h","03YCljVCNLzYL6qm7o4ILY","08UD+9XOJERZ0vFm7Wy5Q1","08WumwsXJMVISMxPUOEDD+","0aklCkp01HJri1FFp0/VBZ","0fgGOiO9FF2p2gnkiB9JzB","12DR69EIZFaJSmbrrEI2oD","12OwyTmT5LN6s812dUtwAx","13z60kt41NtoJF3+apOtMo","14/jOQc6pGw6TqrKqDmme+","18fgX5z6BF9KuQ4E/fUjIw","1bqLJCUvhNer5PAbw3zqi8","1egbxtbQRLvJQ9daybIFe8","216ViOjKRAGYOI9j4wAOZM","22EC9ydZRJ060mT4JDKiNx","222/9xEFpBQLqrtJFpe0yV","24EJw/I75Kl4K8g1LdrGRp","24b7MREEhEMaJm6tvZXtmx","24qQsktkxLKrXQmWHSqD3P","25Xsxn8h1LDozfww3s912s","26Uu2JTC5Ny4p4MYR5+N1A","26Y6ps9DNFhpk0a8EC7FHw","27aVILD8RGg40uxBKghIdD","29FYIk+N1GYaeWH/q1NxQO","2aEQKH4bZEtbBwl09Hy7Mg","2bxnu5G3tBvJepjiYPZuME","31YIVnX2lEV7V4DU1JGUw5","31//H3KeFNKKLhWW7sI3UU","32L3ntZJVDP4K+ZL5/ygxs","356DoMcS5AC4xtMXRoj58H","378gMPCulHTp0pKughkOd5","39I3K+hKVBx686D4CCrFR5","3bSfyw9mRNEKET71Ucde11","3dWgpcbw9Is7LMjFzq+4BD","40GPPYepFGNprdq5W3EQS7","40WNOuQDxCN7SybYsv9KUn","41te2kLPFE7Ymu2P09GNcz","42EgVCIAdPZo5SdmSyv+GW","44qcxdPbdFUbLCBamDsWvi","48V02yWHJLWbDravzclthi","48wLcXJBNG6oXnB7vpalc5","49AjOgSkFMcaQpqY0dtwQ8","4adodi34VBFaWba9m06Ldh","4beLxoKkxA7686WfJuW4qE","4cxP+NdtRC+aX9wU8Ly7G+","4docuhFzVP1ZA04fXFDx3k","4fladOBa9KsLFUyOjw8YmU","52qxKzyYdIiqTFurFTrOAC","54Gd+pzEVCA7OMIeZhQWQH","68ibX7tUlHxqZfsXrfd4kx","69b7pTfw9ItrcA5A++IA4L","6c1VctL89GoJpW6rdCOm3F","6eaa3/ZWlLGZrhnKRPqAg/","736eNSuQ1Oxb+SP0Fi55i9","7dBqoGxTlNp46hkX/ZyQhe","7eF4JKgnVOAZzZ5cWWWlzh","80h/4U+KFLyLCTHZPdiTjJ","62whxKznxM6bP2gicQ/KIO","63OEtURVdL0LLvBj44iZxP","67LZNG5thI/JRnw68IkA3Z","6bx4G/CD5F+qEPAP8CSaAC","6dRkhuXkxKeYXQjcXZfTs8","6ek1jtshhHaYqWRtUoR99q","70B6dDVe5DqK+fVJW8fMcx","70tYWDC0BJC5tKkvsd4VJ6","76OpLVLIhMor1llr7x/NMW","760E6nVTRI1YPIV3QZShaB","78Ygvz73RKM5Achw68JCVm","79DC3lfM1BaZqBi+DPhAMS","79cnytxdJDVrFojK9M5lUP","7dazFo9NpPC7PHJr8Eljij","81C/KuIDVDqYOaatH9n9zF","81cELpTElFcoH3kljcX80r","82xH47sP1Om4yrrndgmyux","83qQOaUDJGS4Nk4Lkc2BMQ","86H/vPCQZJFIk5TjVgveLO","86IctJB25GObThVOn+09h4","8aEjqqP3tIHYCRwMfmtQWZ","8dNhm5PLhLCLLSxdeBZQj2","8dq7kn5plAQ5iEmMydPf1x","98MW/GGWdEdLV2LgYHv44+","98qyQELrVFdIVbp9+mMSnI","9dUG+V+1ZPhIDW7bv21gaX","9e3Fvw0X5HqaXTQl77xt1/","9fguWsBS1CcoDWOhbRxVRi","a1ahSWtvRH9Ypr+4QSUxLy","a6JPe7mRpLN5jnyGBFXo+u","a9Z6PjFIpGOK21hJdG5iCC","aay55u4UBLC7V9JHvnIO/t","abgrOtLzhPZ5bICOCX3WIf","adatVJrMZIC4E/Z+B+h6L7","b3AhY1WdFL2b9ZhfjSIJG/","b3LfE7eSdN8rO2XiS5kv33","bd+6piRJVGZKhOUR6wakca","c31eZWbGNHq7PJx0seyaa5","c7CaQT6UVFwogonxxWnXMz","c9HtrEpcJBJIHWZDhUaaiZ","ca2dQla+pAk5JwBtvcBLng","cbAqsj1YZB+7awqK5EcvAI","cfO16MyJxMfbnCuNdQEJwB","d0FzpBPzlIOqGKnis65ES/","d2P3W6/npN+JGfFc9MSf4W","d3pOl3Ub9E6r9N6RPOOy3U","d8HsitJHxOYqo801xBk8ev","d8qvrRYqJHAaHpw/HMSHhq","d9O7KGBQRNb4YjJE2d/PH9","dcOjYfNQJAIIKt4tKRFMmW","deQG4WvxRIrofHlnV2G85y","deql/2B3lM9qeQtF0goJlF","dewUmWuPVOKo6J87WqoDa9","dffX07bxdCU5z0tRxN8jQi","e1hE0RVpRJL7GyM006dDqL","e2YinZ7wdHALZW9JiSTV4P","e2fe+84jVPVISi34jyZZaa","e5R/qoto1CmrW35mZ8CvBL","e5jST9GKxKp5CmsozGROxN","e6C+qKuSpFD5O1LjVMT2IV","e7fm5fzMdGfoIe0WtHr646","e8pvBFF8xJsaVd2FrQtWKn","ean/P7iWlIQZtNMXw5S484","ebhQOYGYhAKLGf3D+hiRXA","eb0iY01HVP6ZPbiYZxYpEV","f25HMFQVZHAouRo/Jpirol","f53PdQhDpDbLGpRMQYpkmv","f6CNJ4pJ5IBJmnoZD2eedA","f6/FOupYJGSqAnQ0JuL6hA","f9f/75JfdLUI1EhjOkLHH/","fbuVLcwqdKmZQCEbY/isnr","feeVLzMQZGarMn+eVCg2w6","ffac7IdQFKi5FFOMYJVSm+","55YzQQpIBG34q8PGJvcbDB","59uhNv6+NCbZneFAkryJsQ","5aRcfCGvJBvJ0QllaUgmfq","60PytTrc1D3bDELUsIRwzN","63mgfGzmBEALh7kK8Ibyr0","64s2EO5GdEU6t7kLf1YFjf","67OwedxlFH5LN2ILzAYpSb","69YWqPbG5Fqqq2R0WW2I8O","6anGYMLUxKO5evAibZ12Po","6bdbg0ZDZEOpbC1Y7xEliA","6fPyHi8dlKJaT/xo/Y0Byx","747roTnXtGIpAmDXbR3R9O","75JCQoLT9C3ZdD7PVyTBLH","76Oo+hdZBIC58PkmtS6Hpa","79eWKSqXhGP6VT+3Wx0IOP","79pjIl+QxP3KMwDnF+8hIL","7atnkm+vtBk6Mvv8DBz46m","7a/QZLET9IDreTiBfRn2PD","7cGF2UQJxJlrkcW38/o5bD","7ft2nuJg5BE7PfMhD4Qfnp","8bZWw+pJpLwqo03M4BgtSz","8djO43yUJPvqXxh/hamJoB","8ebB+Dm/dOKZE2sF+9tE/H","91n4tcRgBINZ0CySANFuha","99DjGu9r1FQI1CtEBbYT8L","9bRmMcB4dCP5jK34gXHEY2","9bUqkw7lNH8IQ4dXpwilaw","9bvaMerUlDyary99mJa6xp","9cnRPqn3ZNsLCVMce7VAfm","9dE72CsYxKqosux5eppw02","9d3TF7PIFDvLzK/KJ0tNNv","9fcR7mx79LDqdAqBNrngfp","a2MjXRFdtLlYQ5ouAFv/+R","a3FRx62QZFjJeQQO01jrMB","a92x7uzfROIpvzbnUSEYE2","adjfv47bNMGIChZDyE33F1","b8dObzfnlJc6GSSBLsT7kJ","b8/fza4J9F4p1i01GAIydE","bcZaxHZCpP7KPRSSZwcNzC","bcgRIP/PJCTIbDgzlycp4u","bdUYTRiJlCZqBBwy41hVyA","c2cZEe82VCralO1390YDH/","c2tpo/s99BpZY1OlYoq+4n","c6und0ekpJ+7w+LKIsCVkf","c9VupEoCxGbIrIXOJwwOth","caD5tlaK1Odrw3u/u4qi8e","caKEhS0+1Oe4mPG41xoRMD","cbE8IVBn5Bz6wdO1PpXe1Z","cbfB6Mo9tFk7vP1INTc4ez","ccYMY8g+5EXJ5MXuZY8u2Z","cdQNjcASJFJ7Ev3AojCaDv","ce9fjQ3HpMVJNM5mw1RLdo","d0hA15tV5F34WuoV13DzAO","d3HBZgTB5PppUBsjQnaMjo","d48pRPMoNI3Z8tRewXp/QO","d5L6w2wnNFWrB4T/RJbxCd","dbQ34zMqlGw4g/rkOmrwDv","dbxt640oNIia2vaZulFYpm","dcDR+7PGZIj7q37MkybFhV","deiU3oD2BNrqVLwF4DY23x","df+a8DpL1ILr30wLCVIuX3","e1M4dVdwNOCqD69gLCBDJ5","e22LlJEDlBBaqno1N2V1sb","e3HxI9kipGl44F1yjvQHvv","e8WDk29JJLrZnuN7Eaj21G","e97GVMl6JHh5Ml5qEDdSGa","ebMKvJnzBKqa48PWXJqBYv","ebxbcNKIxHz5tneLhI1aN3","ecCTW49kJJYZX+93y4H/Sv","ecpdLyjvZBwrvm+cedCcQy","ed10xkSdJPq54pnq2R3e+R","f0BIwQ8D5Ml7nTNQbh1YlS","f1rOmPi1VDpZAE0KKQZzz/","f6B76gadZHLpmt2vcMcR3I"],"scenes":{},"redirect":[154,0,274,0,277,0,278,1,293,0,296,0,305,0,322,0,326,0,329,0,330,1,332,0],"deps":["resources","internal"],"packs":{"04296ec67":[134,136,137,138,141,143,144,145,147,152,153,155,156,157,158,160,161,164,166,168,171,172,173,174,176,263,266,269,272,273,279,282,289,291,292,223,298,299,300,303,304,306,307,310,312,315,317,318,319,320,321,323,325,327,331,334],"0570ae83e":[132,133,135,139,140,142,146,148,149,150,151,159,162,165,167,169,170,175,177,178,261,262,264,265,267,268,270,271,275,276,201,280,281,283,284,285,286,287,290,294,295,297,301,302,308,309,311,313,314,316,324,328,333],"0888b330b":[102,204],"093bf60cb":[101,195,198,288],"0a741976b":[0,1,2,3,4,5,6,7,8,9,10,11,12,13,15,16,17,19,20,21,22,23,24,25,26,27,29,30,31,32,33,34,180,181,182,183,184,187,35,36,37,38,39,40,42,43,44,45,46,47,48,49,50,51,52,53,54,55,56,57,58,59,60,61,62,63,64,65,67,68,69,70,71,72,234,73,74,75,77,79,80,81,82,83,84,85,86,87,88,89,90,91,92],"0be3c2ed4":[93,97,104,110,112,113,115,116,118,123,124,127,190,196,199,200,206,214,215,227,232,237,240,242,245,248,259,260],"0ca39d28b":[128,244],"0d28635a3":[94,207]},"name":"43","importBase":"import","nativeBase":"native","debug":false,"isZip":false,"encrypted":false,"versions":{"import":["04296ec67","c5b5f","0570ae83e","5aff5","0888b330b","35f25","093bf60cb","21a8a",95,"1f435","0a741976b","4af2d","0be3c2ed4","b0361","0ca39d28b","d167d","0d28635a3","ae9e4",96,"da30b",98,"95635",99,"da0ba",100,"cff2e",103,"f46ad",105,"14b69",14,"2836e",106,"18f2d",107,"8abfc",108,"7fc0a",109,"db2ff",111,"bf41b",114,"dd22a",18,"30dbc",117,"b983b",119,"116fb",120,"154e6",121,"be1de",28,"8e0b0",122,"e3055",125,"570db",126,"4a18b",129,"581bf",130,"b08d6",131,"e085a",188,"69720",189,"b6b93",191,"bb2e3",192,"32173",193,"1b81a",194,"04ab8",197,"dc16f",185,"121ed",186,"01b1d",202,"918cc",203,"14b4a",205,"415b6",208,"abff4",209,"3fee1",210,"0760f",41,"5e454",211,"a345b",212,"8f025",213,"a2d20",216,"be00f",217,"d402b",218,"feb08",219,"86741",220,"37330",221,"5fed8",222,"eb870",224,"ae4cd",225,"8c9b7",226,"aa30b",228,"1ef7a",229,"21c54",230,"ead09",231,"4680c",66,"83d1f",233,"40c13",235,"ea72f",236,"ee032",238,"eb1f5",239,"8c162",241,"5db46",76,"e6f71",243,"04f0f",78,"77f2d",246,"d2c49",247,"b2ade",249,"a3af8",250,"ddc48",251,"cd385",252,"e3972",253,"735cf",254,"a7f92",255,"34e66",256,"ea72f",257,"48a59",258,"685a8"],"native":[0,"7c422",1,"eb31c",2,"655dc",3,"b1793",4,"5f0b3",5,"b5f3c",6,"7f872",7,"41fa1",8,"d621e",9,"05aeb",10,"36356",11,"34392",12,"8bc92",13,"0891f",14,"5401c",15,"047cd",16,"18c53",17,"45804",18,"49cb7",19,"d2649",20,"8f7d6",21,"cf0fb",22,"8dc56",23,"8474a",24,"b9901",25,"6c193",26,"6069a",27,"84bd2",28,"26cbd",29,"1798f",30,"05456",31,"e16d0",32,"20b46",33,"7190e",34,"36923",180,"d5523",181,"1f5f4",182,"6ebd3",183,"d1437",184,"02fcb",185,"3144d",186,"5b5fc",187,"458e2",35,"40a41",36,"2058a",37,"8ba73",38,"01cb5",39,"ec34f",40,"911ff",41,"9ffe3",42,"b67c8",43,"b96ec",44,"8f7d6",45,"20dd7",46,"b5871",47,"004be",48,"7af63",49,"a1efe",50,"0d6c7",51,"5ccd2",52,"3115a",53,"92a04",54,"4e891",55,"374a7",56,"4689d",57,"5e4d6",58,"6cdba",59,"0f12e",60,"ae0a4",61,"833fc",62,"ba841",63,"2513b",64,"708e1",65,"2ef2a",66,"8b789",67,"e65cd",68,"4e891",69,"46d0e",70,"8f02a",71,"0dfbc",72,"cbdd9",234,"cdbc9",73,"534e2",74,"8c5b2",75,"211ce",76,"a48e2",77,"addb2",78,"b25b5",79,"54257",80,"11e9d",81,"16254",82,"05aeb",83,"dd378",84,"9a3ef",85,"1cba0",86,"4ee85",87,"f48eb",88,"120df",89,"37f5a",90,"b58f6",91,"c7222",92,"40fb2"]}}