[1,["25jP9roGtPDaSaNhpZz/V7","9b32KZYNtBeI/wNQK6Axoj","b7YuMFwVdHWJvAR47pquWu","0bymF6AUlEkZYl+ZZDIptE","24dIxwQZFNtbJfS6BUvfRv","78TQbIwO5IYIiEOG8+Fo0H","f1q0OFXUlItqzQIiqQCmSC","32fHfk5JxOW5ry5s92afHX","48NAYfDI1G7ZOekHTsAPi0","d5lNgrIepKKai5VGqq1Le7","99Fyj+6bhAwbf6qRNAMs35","e0gkIebrxDX58+5MWs1kDm"],["_textureSetter","wild_vfx_f_add_02_02","wild_vfx_f_add_02_05","wild_vfx_f_add_02_06","wild_vfx_f_add_02_10","wild_vfx_f_add_02_03","wild_vfx_f_add_02_04","wild_vfx_f_add_02_01","wild_vfx_f_add_02_00","wild_vfx_f_add_02_07","wild_vfx_f_add_02_09","wild_vfx_f_add_02_08"],["cc.SpriteFrame",["cc.SpriteAtlas",["_name","_spriteFrames"],2,11]],[[1,0,1,2]],[[[{"name":"wild_vfx_f_add_02_06","rect":[321,1,154,262],"offset":[-2,-6],"originalSize":[210,448],"rotated":1,"capInsets":[0,0,0,0]}],[0],0,[0],[0],[0]],[[{"name":"wild_vfx_f_add_02_10","rect":[361,475,20,22],"offset":[55,-114],"originalSize":[210,448],"capInsets":[0,0,0,0]}],[0],0,[0],[0],[0]],[[{"name":"wild_vfx_f_add_02_01","rect":[463,311,146,98],"offset":[-9,86],"originalSize":[210,448],"rotated":1,"capInsets":[0,0,0,0]}],[0],0,[0],[0],[0]],[[{"name":"wild_vfx_f_add_02_00","rect":[315,475,44,26],"offset":[-44,112],"originalSize":[210,448],"capInsets":[0,0,0,0]}],[0],0,[0],[0],[0]],[[{"name":"wild_vfx_f_add_02_03","rect":[1,273,158,236],"offset":[-4,17],"originalSize":[210,448],"capInsets":[0,0,0,0]}],[0],0,[0],[0],[0]],[[[0,"Alats77.plist",[{},"wild_vfx_f_add_02_02",6,0,"wild_vfx_f_add_02_05",6,1,"wild_vfx_f_add_02_06",6,2,"wild_vfx_f_add_02_10",6,3,"wild_vfx_f_add_02_03",6,4,"wild_vfx_f_add_02_04",6,5,"wild_vfx_f_add_02_01",6,6,"wild_vfx_f_add_02_00",6,7,"wild_vfx_f_add_02_07",6,8,"wild_vfx_f_add_02_09",6,9,"wild_vfx_f_add_02_08",6,10]]],0,0,[0,0,0,0,0,0,0,0,0,0,0],[1,2,3,4,5,6,7,8,9,10,11],[1,2,3,4,5,6,7,8,9,10,11]],[[{"name":"wild_vfx_f_add_02_09","rect":[495,157,132,96],"offset":[6,-85],"originalSize":[210,448],"rotated":1,"capInsets":[0,0,0,0]}],[0],0,[0],[0],[0]],[[{"name":"wild_vfx_f_add_02_02","rect":[321,157,152,172],"offset":[-5,51],"originalSize":[210,448],"rotated":1,"capInsets":[0,0,0,0]}],[0],0,[0],[0],[0]],[[{"name":"wild_vfx_f_add_02_05","rect":[1,1,158,270],"offset":[-4,-1],"originalSize":[210,448],"capInsets":[0,0,0,0]}],[0],0,[0],[0],[0]],[[{"name":"wild_vfx_f_add_02_07","rect":[161,263,152,234],"offset":[-1,-21],"originalSize":[210,448],"capInsets":[0,0,0,0]}],[0],0,[0],[0],[0]],[[{"name":"wild_vfx_f_add_02_08","rect":[315,311,146,162],"offset":[2,-54],"originalSize":[210,448],"capInsets":[0,0,0,0]}],[0],0,[0],[0],[0]],[[{"name":"wild_vfx_f_add_02_04","rect":[161,1,158,260],"offset":[-4,5],"originalSize":[210,448],"capInsets":[0,0,0,0]}],[0],0,[0],[0],[0]]]]