[1,["078TZTU+ZP/qJn7QK0061c"],["_textureSetter"],["cc.SpriteFrame"],0,[[[{"name":"tw_vfx_e_screen_01","rect":[1,276,150,273],"offset":[0,0],"originalSize":[150,273],"rotated":1,"capInsets":[0,0,0,0]}],[0],0,[0],[0],[0]],[[{"name":"tw_vfx_e_screen_02","rect":[153,1,150,273],"offset":[0,0],"originalSize":[150,273],"rotated":1,"capInsets":[0,0,0,0]}],[0],0,[0],[0],[0]],[[{"name":"tw_vfx_e_screen_03","rect":[276,153,150,273],"offset":[0,0],"originalSize":[150,273],"capInsets":[0,0,0,0]}],[0],0,[0],[0],[0]],[[{"name":"tw_vfx_e_screen_00","rect":[1,1,150,273],"offset":[0,0],"originalSize":[150,273],"capInsets":[0,0,0,0]}],[0],0,[0],[0],[0]]]]