[
  1,
  [
    "d25r4hmpxB4Ief0WF7BmiR",
    "97SD09icVHN5WKEqSRpHsQ"
  ],
  0,
  [
    [
      "sp.SkeletonData",
      [
        "_name",
        "_atlasText",
        "textureNames",
        "_skeletonJson",
        "textures"
      ],
      -1,
      3
    ]
  ],
  [
    [
      0,
      0,
      1,
      2,
      3,
      4,
      5
    ]
  ],
  [
    [
      0,
      "skeleton",
      "\r\nskeleton.png\r\nsize: 1024,1024\r\nformat: RGBA8888\r\nfilter: Linear,Linear\r\nrepeat: none\r\n0_00000\r\n  rotate: false\r\n  xy: 2, 920\r\n  size: 580, 100\r\n  orig: 580, 100\r\n  offset: 0, 0\r\n  index: -1\r\n0_00001\r\n  rotate: false\r\n  xy: 2, 818\r\n  size: 580, 100\r\n  orig: 580, 100\r\n  offset: 0, 0\r\n  index: -1\r\n0_00002\r\n  rotate: false\r\n  xy: 2, 716\r\n  size: 580, 100\r\n  orig: 580, 100\r\n  offset: 0, 0\r\n  index: -1\r\n0_00003\r\n  rotate: false\r\n  xy: 2, 614\r\n  size: 580, 100\r\n  orig: 580, 100\r\n  offset: 0, 0\r\n  index: -1\r\n0_00004\r\n  rotate: false\r\n  xy: 2, 512\r\n  size: 580, 100\r\n  orig: 580, 100\r\n  offset: 0, 0\r\n  index: -1\r\n0_00005\r\n  rotate: false\r\n  xy: 2, 410\r\n  size: 580, 100\r\n  orig: 580, 100\r\n  offset: 0, 0\r\n  index: -1\r\n0_00006\r\n  rotate: true\r\n  xy: 584, 440\r\n  size: 580, 100\r\n  orig: 580, 100\r\n  offset: 0, 0\r\n  index: -1\r\n0_00007\r\n  rotate: false\r\n  xy: 2, 308\r\n  size: 580, 100\r\n  orig: 580, 100\r\n  offset: 0, 0\r\n  index: -1\r\n0_00008\r\n  rotate: true\r\n  xy: 686, 440\r\n  size: 580, 100\r\n  orig: 580, 100\r\n  offset: 0, 0\r\n  index: -1\r\n0_00009\r\n  rotate: false\r\n  xy: 2, 206\r\n  size: 580, 100\r\n  orig: 580, 100\r\n  offset: 0, 0\r\n  index: -1\r\n0_00010\r\n  rotate: true\r\n  xy: 788, 440\r\n  size: 580, 100\r\n  orig: 580, 100\r\n  offset: 0, 0\r\n  index: -1\r\n0_00011\r\n  rotate: false\r\n  xy: 2, 104\r\n  size: 580, 100\r\n  orig: 580, 100\r\n  offset: 0, 0\r\n  index: -1\r\n0_00012\r\n  rotate: true\r\n  xy: 890, 440\r\n  size: 580, 100\r\n  orig: 580, 100\r\n  offset: 0, 0\r\n  index: -1\r\n0_00013\r\n  rotate: false\r\n  xy: 2, 2\r\n  size: 580, 100\r\n  orig: 580, 100\r\n  offset: 0, 0\r\n  index: -1\r\n\r\nskeleton2.png\r\nsize: 1024,1024\r\nformat: RGBA8888\r\nfilter: Linear,Linear\r\nrepeat: none\r\n0_00014\r\n  rotate: false\r\n  xy: 2, 716\r\n  size: 580, 100\r\n  orig: 580, 100\r\n  offset: 0, 0\r\n  index: -1\r\n0_00015\r\n  rotate: false\r\n  xy: 2, 614\r\n  size: 580, 100\r\n  orig: 580, 100\r\n  offset: 0, 0\r\n  index: -1\r\n0_00016\r\n  rotate: false\r\n  xy: 2, 512\r\n  size: 580, 100\r\n  orig: 580, 100\r\n  offset: 0, 0\r\n  index: -1\r\n0_00017\r\n  rotate: false\r\n  xy: 2, 410\r\n  size: 580, 100\r\n  orig: 580, 100\r\n  offset: 0, 0\r\n  index: -1\r\n0_00018\r\n  rotate: false\r\n  xy: 2, 308\r\n  size: 580, 100\r\n  orig: 580, 100\r\n  offset: 0, 0\r\n  index: -1\r\n0_00019\r\n  rotate: false\r\n  xy: 2, 206\r\n  size: 580, 100\r\n  orig: 580, 100\r\n  offset: 0, 0\r\n  index: -1\r\n0_00020\r\n  rotate: true\r\n  xy: 584, 236\r\n  size: 580, 100\r\n  orig: 580, 100\r\n  offset: 0, 0\r\n  index: -1\r\n0_00021\r\n  rotate: false\r\n  xy: 2, 104\r\n  size: 580, 100\r\n  orig: 580, 100\r\n  offset: 0, 0\r\n  index: -1\r\n0_00022\r\n  rotate: true\r\n  xy: 686, 236\r\n  size: 580, 100\r\n  orig: 580, 100\r\n  offset: 0, 0\r\n  index: -1\r\n0_00023\r\n  rotate: false\r\n  xy: 2, 2\r\n  size: 580, 100\r\n  orig: 580, 100\r\n  offset: 0, 0\r\n  index: -1\r\n",
      [
        "skeleton.png",
        "skeleton2.png"
      ],
      {
        "skeleton": {
          "hash": "m2+ie4QmQWDjuUk063vDQGhWraU",
          "spine": "3.6.46",
          "width": 580,
          "height": 100,
          "images": "./0/"
        },
        "bones": [
          {
            "name": "root"
          }
        ],
        "slots": [
          {
            "name": "0_00000",
            "bone": "root",
            "attachment": "0_00023"
          }
        ],
        "skins": {
          "default": {
            "0_00000": {
              "0_00000": {
                "y": 51,
                "width": 580,
                "height": 100
              },
              "0_00001": {
                "y": 51,
                "width": 580,
                "height": 100
              },
              "0_00002": {
                "y": 51,
                "width": 580,
                "height": 100
              },
              "0_00003": {
                "y": 51,
                "width": 580,
                "height": 100
              },
              "0_00004": {
                "y": 51,
                "width": 580,
                "height": 100
              },
              "0_00005": {
                "y": 51,
                "width": 580,
                "height": 100
              },
              "0_00006": {
                "y": 51,
                "width": 580,
                "height": 100
              },
              "0_00007": {
                "y": 51,
                "width": 580,
                "height": 100
              },
              "0_00008": {
                "y": 51,
                "width": 580,
                "height": 100
              },
              "0_00009": {
                "y": 51,
                "width": 580,
                "height": 100
              },
              "0_00010": {
                "y": 51,
                "width": 580,
                "height": 100
              },
              "0_00011": {
                "y": 51,
                "width": 580,
                "height": 100
              },
              "0_00012": {
                "y": 51,
                "width": 580,
                "height": 100
              },
              "0_00013": {
                "y": 51,
                "width": 580,
                "height": 100
              },
              "0_00014": {
                "y": 51,
                "width": 580,
                "height": 100
              },
              "0_00015": {
                "y": 51,
                "width": 580,
                "height": 100
              },
              "0_00016": {
                "y": 51,
                "width": 580,
                "height": 100
              },
              "0_00017": {
                "y": 51,
                "width": 580,
                "height": 100
              },
              "0_00018": {
                "y": 51,
                "width": 580,
                "height": 100
              },
              "0_00019": {
                "y": 51,
                "width": 580,
                "height": 100
              },
              "0_00020": {
                "y": 51,
                "width": 580,
                "height": 100
              },
              "0_00021": {
                "y": 51,
                "width": 580,
                "height": 100
              },
              "0_00022": {
                "y": 51,
                "width": 580,
                "height": 100
              },
              "0_00023": {
                "y": 51,
                "width": 580,
                "height": 100
              }
            }
          }
        },
        "animations": {
          "animation": {
            "slots": {
              "0_00000": {
                "attachment": [
                  {
                    "time": 0,
                    "name": "0_00000"
                  },
                  {
                    "time": 0.0333,
                    "name": "0_00001"
                  },
                  {
                    "time": 0.0667,
                    "name": "0_00002"
                  },
                  {
                    "time": 0.1,
                    "name": "0_00003"
                  },
                  {
                    "time": 0.1333,
                    "name": "0_00004"
                  },
                  {
                    "time": 0.1667,
                    "name": "0_00005"
                  },
                  {
                    "time": 0.2,
                    "name": "0_00006"
                  },
                  {
                    "time": 0.2333,
                    "name": "0_00007"
                  },
                  {
                    "time": 0.2667,
                    "name": "0_00008"
                  },
                  {
                    "time": 0.3,
                    "name": "0_00009"
                  },
                  {
                    "time": 0.3333,
                    "name": "0_00010"
                  },
                  {
                    "time": 0.3667,
                    "name": "0_00011"
                  },
                  {
                    "time": 0.4,
                    "name": "0_00012"
                  },
                  {
                    "time": 0.4333,
                    "name": "0_00013"
                  },
                  {
                    "time": 0.4667,
                    "name": "0_00014"
                  },
                  {
                    "time": 0.5,
                    "name": "0_00015"
                  },
                  {
                    "time": 0.5333,
                    "name": "0_00016"
                  },
                  {
                    "time": 0.5667,
                    "name": "0_00017"
                  },
                  {
                    "time": 0.6,
                    "name": "0_00018"
                  },
                  {
                    "time": 0.6333,
                    "name": "0_00019"
                  },
                  {
                    "time": 0.6667,
                    "name": "0_00020"
                  },
                  {
                    "time": 0.7,
                    "name": "0_00021"
                  },
                  {
                    "time": 0.7333,
                    "name": "0_00022"
                  },
                  {
                    "time": 0.7667,
                    "name": "0_00023"
                  },
                  {
                    "time": 0.8,
                    "name": "0_00000"
                  }
                ]
              }
            }
          }
        }
      },
      [
        0,
        1
      ]
    ]
  ],
  0,
  0,
  [
    0,
    0
  ],
  [
    -1,
    -2
  ],
  [
    0,
    1
  ]
]