[
  1,
  [
    "f2bUempchOqZfhdTz01e3r"
  ],
  0,
  [
    [
      "sp.SkeletonData",
      [
        "_name",
        "_atlasText",
        "textureNames",
        "_skeletonJson",
        "textures"
      ],
      -1,
      3
    ]
  ],
  [
    [
      0,
      0,
      1,
      2,
      3,
      4,
      5
    ]
  ],
  [
    [
      0,
      "Fish_5",
      "\r\n1999_Fish.png\r\nsize: 1825,1286\r\nformat: RGBA8888\r\nfilter: Linear,Linear\r\nrepeat: none\r\n5_x7/Shadow\r\n  rotate: false\r\n  xy: 571, 12\r\n  size: 106, 80\r\n  orig: 106, 81\r\n  offset: 0, 1\r\n  index: -1\r\n5_x7/cachim1\r\n  rotate: false\r\n  xy: 237, 533\r\n  size: 93, 332\r\n  orig: 94, 332\r\n  offset: 0, 0\r\n  index: -1\r\n5_x7/cachim2\r\n  rotate: true\r\n  xy: 1352, 317\r\n  size: 19, 140\r\n  orig: 19, 140\r\n  offset: 0, 0\r\n  index: -1\r\n5_x7/cachim3\r\n  rotate: true\r\n  xy: 1250, 158\r\n  size: 108, 97\r\n  orig: 108, 97\r\n  offset: 0, 0\r\n  index: -1\r\n",
      [
        "1999_Fish.png"
      ],
      {
        "skeleton": {
          "hash": "7T2NMtjswJ8F+nVw4HprwONZA4s",
          "spine": "3.7.94",
          "width": 93.03,
          "height": 73.07
        },
        "bones": [
          {
            "name": "root"
          },
          {
            "name": "Scale",
            "parent": "root",
            "x": 19.15,
            "y": 1.37,
            "scaleX": 0.176,
            "scaleY": 0.176
          },
          {
            "name": "bone",
            "parent": "Scale",
            "rotation": -90,
            "x": 68.01,
            "y": 2.72
          },
          {
            "name": "bone2",
            "parent": "bone",
            "length": 58.66,
            "rotation": 88.85,
            "y": 12.9
          },
          {
            "name": "bone3",
            "parent": "bone",
            "length": 96.94,
            "rotation": -90,
            "x": -0.34,
            "y": -16.65
          },
          {
            "name": "bone4",
            "parent": "bone3",
            "length": 76.66,
            "rotation": -1.47,
            "x": 98.9
          },
          {
            "name": "bone5",
            "parent": "bone4",
            "length": 73.39,
            "rotation": 3,
            "x": 77.97,
            "y": 0.03
          },
          {
            "name": "bone6",
            "parent": "bone5",
            "length": 21.62,
            "rotation": 0.2,
            "x": 81.23,
            "y": -0.87
          },
          {
            "name": "bone7",
            "parent": "bone6",
            "length": 94.33,
            "rotation": -0.94,
            "x": 26.8,
            "y": -2.12
          },
          {
            "name": "bone8",
            "parent": "bone",
            "length": 91.05,
            "rotation": -179.59,
            "x": -57.32,
            "y": -64.06
          },
          {
            "name": "bone9",
            "parent": "bone",
            "length": 91.05,
            "rotation": -179.59,
            "x": 57.58,
            "y": -64.06,
            "scaleX": -1
          },
          {
            "name": "bone10",
            "parent": "bone",
            "length": 63.78,
            "rotation": 90,
            "x": -7.17,
            "y": -84.39
          },
          {
            "name": "Shadow_all",
            "parent": "Scale",
            "rotation": -0.59,
            "x": -31.51,
            "y": -21.05,
            "scaleX": 2.589,
            "scaleY": 2.589
          }
        ],
        "slots": [
          {
            "name": "Shadow",
            "bone": "Shadow_all",
            "attachment": "5_x7/Shadow"
          },
          {
            "name": "cachim4",
            "bone": "bone8",
            "attachment": "5_x7/cachim3"
          },
          {
            "name": "cachim5",
            "bone": "bone9",
            "attachment": "5_x7/cachim3"
          },
          {
            "name": "cachim1",
            "bone": "bone",
            "attachment": "5_x7/cachim1"
          },
          {
            "name": "cachim6",
            "bone": "bone10",
            "attachment": "5_x7/cachim2"
          }
        ],
        "skins": {
          "default": {
            "Shadow": {
              "5_x7/Shadow": {
                "type": "mesh",
                "color": "ffffff73",
                "hull": 34,
                "uvs": [
                  0.53499,
                  0.60195,
                  0.50268,
                  0.74819,
                  0.54058,
                  0.88036,
                  0.64392,
                  1,
                  0.86874,
                  1,
                  0.80601,
                  0.91647,
                  0.76921,
                  0.83191,
                  0.75703,
                  0.7513,
                  0.84361,
                  0.73102,
                  0.93857,
                  0.67202,
                  1,
                  0.56323,
                  1,
                  0.40467,
                  0.926,
                  0.32539,
                  0.83244,
                  0.27008,
                  0.75284,
                  0.28299,
                  0.75828,
                  0.20053,
                  0.78619,
                  0.1146,
                  0.86595,
                  0,
                  0.65649,
                  0,
                  0.56572,
                  0.06542,
                  0.50567,
                  0.20002,
                  0.49589,
                  0.3512,
                  0.43979,
                  0.3973,
                  0.34836,
                  0.42503,
                  0.25431,
                  0.45445,
                  0.14232,
                  0.42112,
                  0.06547,
                  0.41842,
                  0.00016,
                  0.42311,
                  0,
                  0.5577,
                  0.05935,
                  0.55336,
                  0.15048,
                  0.54668,
                  0.24872,
                  0.5577,
                  0.3514,
                  0.5743,
                  0.44384,
                  0.5872,
                  0.69913,
                  0.48921,
                  0.83465,
                  0.50548,
                  0.64301,
                  0.33378,
                  0.64985,
                  0.62296
                ],
                "triangles": [
                  3,
                  5,
                  4,
                  3,
                  6,
                  5,
                  3,
                  2,
                  6,
                  7,
                  2,
                  1,
                  2,
                  7,
                  6,
                  7,
                  1,
                  37,
                  8,
                  7,
                  37,
                  8,
                  37,
                  35,
                  37,
                  1,
                  0,
                  35,
                  37,
                  34,
                  37,
                  0,
                  34,
                  34,
                  14,
                  35,
                  0,
                  33,
                  22,
                  34,
                  0,
                  21,
                  14,
                  36,
                  15,
                  31,
                  24,
                  32,
                  24,
                  23,
                  32,
                  33,
                  32,
                  23,
                  31,
                  30,
                  24,
                  28,
                  27,
                  29,
                  30,
                  26,
                  25,
                  30,
                  29,
                  26,
                  29,
                  27,
                  26,
                  30,
                  25,
                  24,
                  14,
                  13,
                  35,
                  35,
                  13,
                  12,
                  34,
                  36,
                  14,
                  33,
                  23,
                  22,
                  16,
                  19,
                  18,
                  16,
                  18,
                  17,
                  34,
                  21,
                  36,
                  21,
                  20,
                  36,
                  15,
                  36,
                  20,
                  20,
                  19,
                  15,
                  15,
                  19,
                  16,
                  0,
                  22,
                  21,
                  35,
                  12,
                  11,
                  35,
                  11,
                  10,
                  8,
                  35,
                  9,
                  9,
                  35,
                  10
                ],
                "vertices": [
                  3,
                  6,
                  -8.92,
                  60.86,
                  0.03916,
                  5,
                  65.87,
                  60.34,
                  0.73752,
                  10,
                  -0.14,
                  118.89,
                  0.22331,
                  2,
                  5,
                  79.85,
                  111.15,
                  0.34367,
                  10,
                  50.18,
                  134.53,
                  0.65633,
                  2,
                  5,
                  61.85,
                  156.6,
                  0.16373,
                  10,
                  96.2,
                  118.03,
                  0.83627,
                  2,
                  5,
                  14.02,
                  197.27,
                  0.0201,
                  10,
                  138.41,
                  71.56,
                  0.9799,
                  1,
                  10,
                  140.22,
                  -31.11,
                  1,
                  1,
                  10,
                  110.82,
                  -2.97,
                  1,
                  2,
                  3,
                  -86.91,
                  -140.72,
                  0.00055,
                  10,
                  81.28,
                  13.32,
                  0.99945,
                  2,
                  3,
                  -92.74,
                  -112.89,
                  0.06353,
                  10,
                  53.3,
                  18.39,
                  0.93647,
                  3,
                  3,
                  -53.26,
                  -105.49,
                  0.47599,
                  10,
                  46.98,
                  -21.27,
                  0.52331,
                  11,
                  41.93,
                  -111.57,
                  0.00069,
                  2,
                  3,
                  -10.09,
                  -84.66,
                  0.83574,
                  10,
                  27.33,
                  -64.99,
                  0.16426,
                  2,
                  3,
                  17.61,
                  -46.76,
                  0.9854,
                  10,
                  -9.8,
                  -93.71,
                  0.0146,
                  3,
                  9,
                  -50.25,
                  -93.85,
                  0.01992,
                  3,
                  17.08,
                  8.09,
                  0.97992,
                  11,
                  114.54,
                  0.58,
                  0.00017,
                  3,
                  9,
                  -22.23,
                  -60.53,
                  0.14875,
                  3,
                  -16.98,
                  35.19,
                  0.80004,
                  11,
                  81.02,
                  28.36,
                  0.05121,
                  3,
                  9,
                  -2.35,
                  -18.14,
                  0.48046,
                  3,
                  -59.9,
                  53.91,
                  0.38075,
                  11,
                  38.49,
                  47.93,
                  0.1388,
                  3,
                  9,
                  -6.18,
                  18.29,
                  0.90235,
                  3,
                  -96.21,
                  49.1,
                  0.05609,
                  11,
                  2.08,
                  43.85,
                  0.04157,
                  2,
                  9,
                  22.3,
                  15.3,
                  0.99925,
                  3,
                  -94,
                  77.65,
                  0.00075,
                  1,
                  9,
                  51.8,
                  2.03,
                  1,
                  1,
                  9,
                  90.8,
                  -35.09,
                  1,
                  2,
                  9,
                  92.48,
                  60.57,
                  0.98727,
                  5,
                  13.56,
                  -148.73,
                  0.01273,
                  2,
                  9,
                  70.58,
                  102.42,
                  0.9143,
                  5,
                  54.67,
                  -125.47,
                  0.0857,
                  3,
                  9,
                  24.51,
                  130.67,
                  0.72446,
                  6,
                  -0.7,
                  -78.59,
                  0.00248,
                  5,
                  81.38,
                  -78.49,
                  0.27306,
                  3,
                  9,
                  -27.71,
                  136.05,
                  0.28528,
                  6,
                  5.7,
                  -26.49,
                  0.17118,
                  5,
                  85.05,
                  -26.12,
                  0.54354,
                  3,
                  9,
                  -43.2,
                  161.95,
                  0.04257,
                  6,
                  31.9,
                  -11.51,
                  0.77344,
                  5,
                  110.43,
                  -9.79,
                  0.18399,
                  2,
                  6,
                  73.99,
                  -3.48,
                  0.83327,
                  8,
                  -34.03,
                  -1.02,
                  0.16673,
                  1,
                  8,
                  9.16,
                  8.12,
                  1,
                  1,
                  8,
                  60.02,
                  -4.65,
                  1,
                  1,
                  8,
                  95.08,
                  -6.44,
                  1,
                  1,
                  8,
                  124.95,
                  -5.54,
                  1,
                  1,
                  8,
                  126.15,
                  41.01,
                  1,
                  1,
                  8,
                  99.01,
                  40.16,
                  1,
                  1,
                  8,
                  57.35,
                  38.86,
                  1,
                  2,
                  6,
                  121.18,
                  40.7,
                  0.00089,
                  8,
                  12.58,
                  43.76,
                  0.99911,
                  2,
                  6,
                  74.52,
                  48.18,
                  0.87943,
                  8,
                  -34.17,
                  50.64,
                  0.12057,
                  3,
                  6,
                  32.49,
                  54.21,
                  0.88372,
                  5,
                  107.58,
                  55.87,
                  0.11299,
                  10,
                  -5.98,
                  160.43,
                  0.00329,
                  3,
                  5,
                  -8.5,
                  20.2,
                  0.00336,
                  10,
                  -37.82,
                  43.24,
                  0.01233,
                  11,
                  -23.19,
                  -27.24,
                  0.98432,
                  3,
                  3,
                  -58.1,
                  -27.51,
                  0.89862,
                  10,
                  -31.11,
                  -18.55,
                  0.01534,
                  11,
                  38.65,
                  -33.51,
                  0.08604,
                  3,
                  9,
                  -22.86,
                  68.76,
                  0.776,
                  5,
                  17.95,
                  -33.18,
                  0.19884,
                  11,
                  -48.26,
                  26.79,
                  0.02516,
                  3,
                  5,
                  13.3,
                  66.8,
                  0.30587,
                  10,
                  8.04,
                  66.56,
                  0.63723,
                  11,
                  -46.18,
                  -73.27,
                  0.0569
                ]
              }
            },
            "cachim1": {
              "5_x7/cachim1": {
                "type": "mesh",
                "hull": 44,
                "uvs": [
                  0.30074,
                  0,
                  0.2549,
                  0.04316,
                  0.24115,
                  0.07685,
                  0.13113,
                  0.10277,
                  0,
                  0.15721,
                  0,
                  0.27385,
                  0.11738,
                  0.37105,
                  0.18614,
                  0.42548,
                  0.25948,
                  0.4851,
                  0.30074,
                  0.55119,
                  0.29615,
                  0.59915,
                  0.30074,
                  0.65488,
                  0.31449,
                  0.69246,
                  0.34199,
                  0.73004,
                  0.36491,
                  0.75078,
                  0.35574,
                  0.80132,
                  0.34658,
                  0.83243,
                  0.32824,
                  0.86483,
                  0.35116,
                  0.90371,
                  0.38783,
                  0.95296,
                  0.41992,
                  0.98795,
                  0.41992,
                  1,
                  0.60786,
                  1,
                  0.58035,
                  0.94648,
                  0.57577,
                  0.89464,
                  0.57119,
                  0.85446,
                  0.57119,
                  0.81817,
                  0.57119,
                  0.78836,
                  0.57577,
                  0.75337,
                  0.59869,
                  0.72486,
                  0.63078,
                  0.70024,
                  0.67662,
                  0.66265,
                  0.70412,
                  0.63025,
                  0.72245,
                  0.59526,
                  0.73162,
                  0.56156,
                  0.74537,
                  0.53046,
                  0.74079,
                  0.49417,
                  0.95623,
                  0.31662,
                  1,
                  0.23756,
                  1,
                  0.12221,
                  0.86456,
                  0.0937,
                  0.78205,
                  0.07037,
                  0.71329,
                  0.01464,
                  0.63536,
                  0,
                  0.5116,
                  0.18572,
                  0.50096,
                  0.38457
                ],
                "triangles": [
                  27,
                  14,
                  28,
                  15,
                  14,
                  27,
                  15,
                  27,
                  26,
                  15,
                  26,
                  25,
                  16,
                  15,
                  25,
                  17,
                  16,
                  25,
                  18,
                  17,
                  25,
                  18,
                  25,
                  24,
                  19,
                  18,
                  24,
                  19,
                  24,
                  23,
                  20,
                  19,
                  23,
                  21,
                  20,
                  23,
                  21,
                  23,
                  22,
                  29,
                  13,
                  11,
                  14,
                  13,
                  29,
                  28,
                  14,
                  29,
                  33,
                  9,
                  34,
                  10,
                  9,
                  33,
                  33,
                  31,
                  10,
                  31,
                  11,
                  10,
                  33,
                  32,
                  31,
                  12,
                  11,
                  13,
                  31,
                  30,
                  11,
                  30,
                  29,
                  11,
                  36,
                  40,
                  37,
                  8,
                  45,
                  36,
                  9,
                  8,
                  36,
                  34,
                  9,
                  36,
                  35,
                  34,
                  36,
                  5,
                  4,
                  3,
                  37,
                  40,
                  38,
                  6,
                  5,
                  3,
                  7,
                  6,
                  3,
                  45,
                  7,
                  44,
                  8,
                  7,
                  45,
                  45,
                  44,
                  36,
                  3,
                  44,
                  7,
                  36,
                  44,
                  40,
                  2,
                  1,
                  0,
                  2,
                  0,
                  43,
                  41,
                  2,
                  43,
                  41,
                  43,
                  42,
                  40,
                  3,
                  2,
                  40,
                  2,
                  41,
                  44,
                  3,
                  40,
                  40,
                  39,
                  38
                ],
                "vertices": [
                  1,
                  3,
                  82.2,
                  31.8,
                  1,
                  3,
                  3,
                  59.32,
                  38.86,
                  0.99728,
                  2,
                  -37.66,
                  72.98,
                  0.00168,
                  4,
                  -89.63,
                  -37.32,
                  0.00104,
                  3,
                  3,
                  41.52,
                  40.55,
                  0.95077,
                  2,
                  -39.71,
                  55.23,
                  0.0244,
                  4,
                  -71.88,
                  -39.37,
                  0.02482,
                  3,
                  3,
                  27.54,
                  56.66,
                  0.78085,
                  2,
                  -56.1,
                  41.57,
                  0.09237,
                  4,
                  -58.22,
                  -55.77,
                  0.12677,
                  3,
                  3,
                  -1.54,
                  75.63,
                  0.44757,
                  2,
                  -75.64,
                  12.88,
                  0.16047,
                  4,
                  -29.53,
                  -75.3,
                  0.39196,
                  3,
                  3,
                  -62.99,
                  74.4,
                  0.03775,
                  2,
                  -75.64,
                  -48.59,
                  0.05243,
                  4,
                  31.94,
                  -75.3,
                  0.90982,
                  3,
                  2,
                  -58.15,
                  -99.82,
                  0.00065,
                  4,
                  83.16,
                  -57.81,
                  0.92887,
                  5,
                  -14.25,
                  -58.2,
                  0.07049,
                  2,
                  4,
                  111.85,
                  -47.57,
                  0.56452,
                  5,
                  14.16,
                  -47.22,
                  0.43548,
                  3,
                  4,
                  143.27,
                  -36.64,
                  0.09482,
                  5,
                  45.29,
                  -35.49,
                  0.90414,
                  6,
                  -34.5,
                  -33.77,
                  0.00104,
                  3,
                  4,
                  178.1,
                  -30.49,
                  0.00031,
                  5,
                  79.95,
                  -28.45,
                  0.45336,
                  6,
                  0.49,
                  -28.55,
                  0.54634,
                  2,
                  5,
                  105.23,
                  -28.49,
                  0.0045,
                  6,
                  25.73,
                  -29.91,
                  0.9955,
                  2,
                  6,
                  55.11,
                  -30.02,
                  0.9098,
                  7,
                  -26.22,
                  -29.06,
                  0.0902,
                  3,
                  6,
                  74.96,
                  -28.5,
                  0.53014,
                  7,
                  -6.36,
                  -27.61,
                  0.44246,
                  8,
                  -32.74,
                  -26.03,
                  0.0274,
                  3,
                  6,
                  94.87,
                  -24.93,
                  0.06575,
                  7,
                  13.56,
                  -24.11,
                  0.6363,
                  8,
                  -12.88,
                  -22.21,
                  0.29796,
                  3,
                  6,
                  105.89,
                  -21.81,
                  0.00183,
                  7,
                  24.59,
                  -21.03,
                  0.26295,
                  8,
                  -1.91,
                  -18.94,
                  0.73521,
                  1,
                  8,
                  24.71,
                  -20.68,
                  1,
                  1,
                  8,
                  41.08,
                  -22.27,
                  1,
                  1,
                  8,
                  58.12,
                  -25.24,
                  1,
                  1,
                  8,
                  78.65,
                  -22.11,
                  1,
                  1,
                  8,
                  104.68,
                  -17.01,
                  1,
                  1,
                  8,
                  123.19,
                  -12.48,
                  1,
                  1,
                  8,
                  129.53,
                  -12.57,
                  1,
                  1,
                  8,
                  129.92,
                  15.43,
                  1,
                  1,
                  8,
                  101.66,
                  11.72,
                  1,
                  1,
                  8,
                  74.34,
                  11.42,
                  1,
                  1,
                  8,
                  53.16,
                  11.03,
                  1,
                  1,
                  8,
                  34.03,
                  11.3,
                  1,
                  2,
                  7,
                  45.32,
                  9.09,
                  0.00719,
                  8,
                  18.33,
                  11.51,
                  0.99281,
                  2,
                  7,
                  26.9,
                  10.33,
                  0.65096,
                  8,
                  -0.1,
                  12.45,
                  0.34904,
                  2,
                  6,
                  93.16,
                  13.38,
                  0.11068,
                  7,
                  11.99,
                  14.2,
                  0.88932,
                  2,
                  6,
                  80.32,
                  18.5,
                  0.57762,
                  7,
                  -0.84,
                  19.37,
                  0.42238,
                  3,
                  5,
                  137.24,
                  29.04,
                  0.00709,
                  6,
                  60.7,
                  25.86,
                  0.9786,
                  7,
                  -20.43,
                  26.8,
                  0.01431,
                  2,
                  5,
                  120.06,
                  32.7,
                  0.06661,
                  6,
                  43.74,
                  30.41,
                  0.93339,
                  2,
                  5,
                  101.56,
                  34.96,
                  0.28599,
                  6,
                  25.38,
                  33.64,
                  0.71401,
                  2,
                  5,
                  83.77,
                  35.87,
                  0.67321,
                  6,
                  7.67,
                  35.48,
                  0.32679,
                  2,
                  5,
                  67.33,
                  37.49,
                  0.94173,
                  6,
                  -8.66,
                  37.97,
                  0.05827,
                  3,
                  4,
                  153.51,
                  35.76,
                  0.00061,
                  5,
                  53.67,
                  37.14,
                  0.99715,
                  6,
                  -22.32,
                  38.33,
                  0.00224,
                  4,
                  3,
                  -82.68,
                  -68.5,
                  0.02017,
                  2,
                  66.84,
                  -71.13,
                  0.03366,
                  4,
                  54.48,
                  67.17,
                  0.93086,
                  5,
                  -46.13,
                  66.01,
                  0.0153,
                  3,
                  3,
                  -40.89,
                  -74.19,
                  0.17081,
                  2,
                  73.36,
                  -29.47,
                  0.14605,
                  4,
                  12.82,
                  73.7,
                  0.68314,
                  3,
                  3,
                  19.88,
                  -72.98,
                  0.64015,
                  2,
                  73.36,
                  31.32,
                  0.19397,
                  4,
                  -47.97,
                  73.7,
                  0.16588,
                  3,
                  3,
                  34.5,
                  -52.5,
                  0.80101,
                  2,
                  53.18,
                  46.35,
                  0.12975,
                  4,
                  -63,
                  53.51,
                  0.06924,
                  3,
                  3,
                  46.55,
                  -39.96,
                  0.93333,
                  2,
                  40.88,
                  58.64,
                  0.05275,
                  4,
                  -75.29,
                  41.22,
                  0.01392,
                  2,
                  3,
                  75.7,
                  -29.13,
                  0.99836,
                  2,
                  30.64,
                  88.01,
                  0.00164,
                  1,
                  3,
                  83.19,
                  -17.37,
                  1,
                  2,
                  2,
                  0.59,
                  -2.15,
                  0.91353,
                  4,
                  -14.5,
                  0.92,
                  0.08647,
                  1,
                  4,
                  92.04,
                  -0.44,
                  1
                ]
              }
            },
            "cachim4": {
              "5_x7/cachim3": {
                "x": 67.88,
                "y": -10.89,
                "rotation": 179.59,
                "width": 172,
                "height": 154
              }
            },
            "cachim5": {
              "5_x7/cachim3": {
                "x": 67.88,
                "y": -10.89,
                "rotation": 179.59,
                "width": 172,
                "height": 154
              }
            },
            "cachim6": {
              "5_x7/cachim2": {
                "x": -35.74,
                "y": 7.19,
                "rotation": -90,
                "width": 30,
                "height": 223
              }
            }
          }
        },
        "animations": {
          "animation": {
            "bones": {
              "bone3": {
                "rotate": [
                  {
                    "time": 0,
                    "angle": -2.4
                  },
                  {
                    "time": 0.4333,
                    "angle": 3.21,
                    "curve": [
                      0.323,
                      0.08,
                      0.729,
                      1.24
                    ]
                  },
                  {
                    "time": 0.8333,
                    "angle": -2.4
                  }
                ]
              },
              "bone4": {
                "rotate": [
                  {
                    "time": 0,
                    "angle": -2.4
                  },
                  {
                    "time": 0.4333,
                    "angle": 3.21,
                    "curve": [
                      0.323,
                      0.08,
                      0.729,
                      1.24
                    ]
                  },
                  {
                    "time": 0.8333,
                    "angle": -2.4
                  }
                ]
              },
              "bone5": {
                "rotate": [
                  {
                    "time": 0,
                    "angle": -2.4
                  },
                  {
                    "time": 0.4333,
                    "angle": 3.21,
                    "curve": [
                      0.323,
                      0.08,
                      0.729,
                      1.24
                    ]
                  },
                  {
                    "time": 0.8333,
                    "angle": -2.4
                  }
                ]
              },
              "bone6": {
                "rotate": [
                  {
                    "time": 0,
                    "angle": -2.4
                  },
                  {
                    "time": 0.4333,
                    "angle": 3.21,
                    "curve": [
                      0.323,
                      0.08,
                      0.729,
                      1.24
                    ]
                  },
                  {
                    "time": 0.8333,
                    "angle": -2.4
                  }
                ]
              },
              "bone7": {
                "rotate": [
                  {
                    "time": 0,
                    "angle": -5.42
                  },
                  {
                    "time": 0.4333,
                    "angle": 0.19,
                    "curve": [
                      0.323,
                      0.08,
                      0.729,
                      1.24
                    ]
                  },
                  {
                    "time": 0.8333,
                    "angle": -5.42
                  }
                ]
              },
              "bone9": {
                "rotate": [
                  {
                    "time": 0,
                    "angle": 4.14
                  },
                  {
                    "time": 0.4333,
                    "angle": 323.68,
                    "curve": [
                      0.323,
                      0.08,
                      0.729,
                      1.24
                    ]
                  },
                  {
                    "time": 0.8333,
                    "angle": 4.14
                  }
                ],
                "translate": [
                  {
                    "time": 0,
                    "x": -7.32,
                    "y": 0
                  }
                ]
              },
              "bone8": {
                "rotate": [
                  {
                    "time": 0,
                    "angle": -5.72
                  },
                  {
                    "time": 0.4333,
                    "angle": 32.93,
                    "curve": [
                      0.323,
                      0.08,
                      0.729,
                      1.24
                    ]
                  },
                  {
                    "time": 0.8333,
                    "angle": -5.72
                  }
                ],
                "translate": [
                  {
                    "time": 0,
                    "x": 6.28,
                    "y": 0
                  }
                ]
              },
              "bone10": {
                "translate": [
                  {
                    "time": 0,
                    "x": 0,
                    "y": 0
                  },
                  {
                    "time": 0.4333,
                    "x": 8.3,
                    "y": 0,
                    "curve": [
                      0.323,
                      0.08,
                      0.729,
                      1.24
                    ]
                  },
                  {
                    "time": 0.8333,
                    "x": 0,
                    "y": 0
                  }
                ],
                "scale": [
                  {
                    "time": 0,
                    "x": 1,
                    "y": 1
                  },
                  {
                    "time": 0.4333,
                    "x": 1,
                    "y": 0.591,
                    "curve": [
                      0.323,
                      0.08,
                      0.729,
                      1.24
                    ]
                  },
                  {
                    "time": 0.8333,
                    "x": 1,
                    "y": 1
                  }
                ]
              },
              "bone2": {
                "rotate": [
                  {
                    "time": 0,
                    "angle": 5.36
                  },
                  {
                    "time": 0.4333,
                    "angle": -2.12,
                    "curve": [
                      0.323,
                      0.08,
                      0.729,
                      1.24
                    ]
                  },
                  {
                    "time": 0.8333,
                    "angle": 5.36
                  }
                ],
                "translate": [
                  {
                    "time": 0,
                    "x": -2.9,
                    "y": 0
                  },
                  {
                    "time": 0.4333,
                    "x": 4.35,
                    "y": 0,
                    "curve": [
                      0.323,
                      0.08,
                      0.729,
                      1.24
                    ]
                  },
                  {
                    "time": 0.8333,
                    "x": -2.9,
                    "y": 0
                  }
                ]
              }
            }
          }
        }
      },
      [
        0
      ]
    ]
  ],
  0,
  0,
  [
    0
  ],
  [
    -1
  ],
  [
    0
  ]
]