[
  1,
  [
    "62SfLp2P9HS5lay6YAXkWF",
    "ddu84NwAtGnYeml0jzsynj",
    "8bNd1DSXtCbaBzDWKttMvU",
    "ecnpxh6ydF3JligCqnQWKa",
    "0ajZado1xB8Zs4VyFxXPvi",
    "53Jltkf4pD45nsjqdrlkc/",
    "35qYkK1mRHsLH0oUfZlZ4E",
    "5cHl/cD6tEVKDOesWOLawf",
    "b2ljn6iRtB0KjvtdNcCbCa",
    "ddyMBEjudK+7U0TmQsR0ny",
    "c9u3b2GedMNIwXfBYX7zr7",
    "23S809jFZC0ICe5SoLKNWy",
    "19qFWKLdZPypuT5yqk8CI9",
    "4bRYS1mjtAA6yx648Xw5xn",
    "aahVases9B05WA5dJPi5UU",
    "0dH8Gt/EVGwq4itSJdeyze",
    "86jDXjJ2tAa6gtBkPIY8z4",
    "27/gzz1PJCpaePxtQcjcs3"
  ],
  [
    "value"
  ],
  [
    [
      "cc.AnimationClip",
      [
        "_name",
        "_duration",
        "sample",
        "wrapMode",
        "curveData"
      ],
      -1,
      11
    ]
  ],
  [
    [
      0,
      0,
      1,
      2,
      3,
      4,
      5
    ]
  ],
  [
    [
      0,
      "CanhHoa",
      1.8,
      10,
      2,
      [
        {},
        "comps",
        11,
        [
          {},
          "cc.Sprite",
          11,
          [
            {},
            "spriteFrame",
            12,
            [
              [
                [
                  {
                    "frame": 0
                  },
                  "value",
                  6,
                  0
                ],
                [
                  {
                    "frame": 0.1
                  },
                  "value",
                  6,
                  1
                ],
                [
                  {
                    "frame": 0.2
                  },
                  "value",
                  6,
                  2
                ],
                [
                  {
                    "frame": 0.3
                  },
                  "value",
                  6,
                  3
                ],
                [
                  {
                    "frame": 0.4
                  },
                  "value",
                  6,
                  4
                ],
                [
                  {
                    "frame": 0.5
                  },
                  "value",
                  6,
                  5
                ],
                [
                  {
                    "frame": 0.6
                  },
                  "value",
                  6,
                  6
                ],
                [
                  {
                    "frame": 0.7
                  },
                  "value",
                  6,
                  7
                ],
                [
                  {
                    "frame": 0.8
                  },
                  "value",
                  6,
                  8
                ],
                [
                  {
                    "frame": 0.9
                  },
                  "value",
                  6,
                  9
                ],
                [
                  {
                    "frame": 1
                  },
                  "value",
                  6,
                  10
                ],
                [
                  {
                    "frame": 1.1
                  },
                  "value",
                  6,
                  11
                ],
                [
                  {
                    "frame": 1.2
                  },
                  "value",
                  6,
                  12
                ],
                [
                  {
                    "frame": 1.3
                  },
                  "value",
                  6,
                  13
                ],
                [
                  {
                    "frame": 1.4
                  },
                  "value",
                  6,
                  14
                ],
                [
                  {
                    "frame": 1.5
                  },
                  "value",
                  6,
                  15
                ],
                [
                  {
                    "frame": 1.6
                  },
                  "value",
                  6,
                  16
                ],
                [
                  {
                    "frame": 1.7
                  },
                  "value",
                  6,
                  17
                ]
              ],
              11,
              11,
              11,
              11,
              11,
              11,
              11,
              11,
              11,
              11,
              11,
              11,
              11,
              11,
              11,
              11,
              11,
              11
            ]
          ]
        ]
      ]
    ]
  ],
  0,
  0,
  [
    0,
    0,
    0,
    0,
    0,
    0,
    0,
    0,
    0,
    0,
    0,
    0,
    0,
    0,
    0,
    0,
    0,
    0
  ],
  [
    0,
    0,
    0,
    0,
    0,
    0,
    0,
    0,
    0,
    0,
    0,
    0,
    0,
    0,
    0,
    0,
    0,
    0
  ],
  [
    0,
    1,
    2,
    3,
    4,
    5,
    6,
    7,
    8,
    9,
    10,
    11,
    12,
    13,
    14,
    15,
    16,
    17
  ]
]