[
  1,
  [
    "1ciOSfASBKzoYB+1XX0yGG",
    "dblTEF6uJFZp6xmozdDQvV",
    "88IEjXtNNEu50mSNJJGZUi",
    "4bvD7houNAyYn3BoPc2h3X",
    "c8GRMNSIlOm6ouksmn/1ya",
    "09jcYq1DBHWYBTjQXY5jzC",
    "071uIUbAhKBKSF6PaF4hP2",
    "71x1v6GklCJIfSq0IU1SP3",
    "5cC/F2w8ZFAaHVdp7nnsjq",
    "63dbs1k4RI2brmw1UOMNfq",
    "a6rfnt9UtOIKVhYSJQCoVJ",
    "76AjNbbYxLQrau1s/NT1Yc",
    "d9tbYfAYlLvpBqNtfxiZS9",
    "14dGIt1U9KRLElQzm6ibcF",
    "a3UD4ecBlBuLd04K2bRkRC",
    "03QdvoUMdDvLuoRF2gALls",
    "89Ke+DerVAUK/kIOu4M44c",
    "04T2LlSaRBRpMkPX4Z3yAF",
    "f2jepmfKJHI6lRc/Dwmoss",
    "26WBUL1X9Lm4KMvEtyCeri",
    "a32Yf6OglCEpoORvS90VPc",
    "34wuv21mtOCaxv+qAk3Bbh",
    "99WoU2w1NLAbnr2HCEiOBI",
    "77vQzzYQ9PUqFwBA6RUvSQ",
    "fb8K+coONL/47JoFW8IJ1F",
    "f8syOAnYVCnodAcqqRkNDR",
    "acGmTHDk1CkZ5nuj5BCcn8",
    "4bqzIhBiRNY4LRjFdKDg+X",
    "98WWniVQNGqb4Z8aYu1vft",
    "93wnuma3dIMKofsTLj7Yfm",
    "ed78wcRKhOhooCQVOFPyo6",
    "19/pd7HvJD9KQlYSK8oFz7",
    "88znil1HxByp7C7SBhqgMT",
    "93SHBgq9xGXos9TZr8NAMO",
    "baxovs/flPuIoIk7YiNy/H",
    "d0rQANupNOlrgrR7hHGTMU"
  ],
  [
    "value"
  ],
  [
    [
      "cc.AnimationClip",
      [
        "_name",
        "_duration",
        "sample",
        "curveData"
      ],
      0,
      11
    ]
  ],
  [
    [
      0,
      0,
      1,
      2,
      3,
      4
    ]
  ],
  [
    [
      0,
      "LuBuChem",
      1.8,
      20,
      [
        {},
        "comps",
        11,
        [
          {},
          "cc.Sprite",
          11,
          [
            {},
            "spriteFrame",
            12,
            [
              [
                [
                  {
                    "frame": 0
                  },
                  "value",
                  6,
                  0
                ],
                [
                  {
                    "frame": 0.05
                  },
                  "value",
                  6,
                  1
                ],
                [
                  {
                    "frame": 0.1
                  },
                  "value",
                  6,
                  2
                ],
                [
                  {
                    "frame": 0.15
                  },
                  "value",
                  6,
                  3
                ],
                [
                  {
                    "frame": 0.2
                  },
                  "value",
                  6,
                  4
                ],
                [
                  {
                    "frame": 0.25
                  },
                  "value",
                  6,
                  5
                ],
                [
                  {
                    "frame": 0.3
                  },
                  "value",
                  6,
                  6
                ],
                [
                  {
                    "frame": 0.35
                  },
                  "value",
                  6,
                  7
                ],
                [
                  {
                    "frame": 0.4
                  },
                  "value",
                  6,
                  8
                ],
                [
                  {
                    "frame": 0.45
                  },
                  "value",
                  6,
                  9
                ],
                [
                  {
                    "frame": 0.5
                  },
                  "value",
                  6,
                  10
                ],
                [
                  {
                    "frame": 0.55
                  },
                  "value",
                  6,
                  11
                ],
                [
                  {
                    "frame": 0.6
                  },
                  "value",
                  6,
                  12
                ],
                [
                  {
                    "frame": 0.65
                  },
                  "value",
                  6,
                  13
                ],
                [
                  {
                    "frame": 0.7
                  },
                  "value",
                  6,
                  14
                ],
                [
                  {
                    "frame": 0.75
                  },
                  "value",
                  6,
                  15
                ],
                [
                  {
                    "frame": 0.8
                  },
                  "value",
                  6,
                  16
                ],
                [
                  {
                    "frame": 0.85
                  },
                  "value",
                  6,
                  17
                ],
                [
                  {
                    "frame": 0.9
                  },
                  "value",
                  6,
                  18
                ],
                [
                  {
                    "frame": 0.95
                  },
                  "value",
                  6,
                  19
                ],
                [
                  {
                    "frame": 1
                  },
                  "value",
                  6,
                  20
                ],
                [
                  {
                    "frame": 1.05
                  },
                  "value",
                  6,
                  21
                ],
                [
                  {
                    "frame": 1.1
                  },
                  "value",
                  6,
                  22
                ],
                [
                  {
                    "frame": 1.15
                  },
                  "value",
                  6,
                  23
                ],
                [
                  {
                    "frame": 1.2
                  },
                  "value",
                  6,
                  24
                ],
                [
                  {
                    "frame": 1.25
                  },
                  "value",
                  6,
                  25
                ],
                [
                  {
                    "frame": 1.3
                  },
                  "value",
                  6,
                  26
                ],
                [
                  {
                    "frame": 1.35
                  },
                  "value",
                  6,
                  27
                ],
                [
                  {
                    "frame": 1.4
                  },
                  "value",
                  6,
                  28
                ],
                [
                  {
                    "frame": 1.45
                  },
                  "value",
                  6,
                  29
                ],
                [
                  {
                    "frame": 1.5
                  },
                  "value",
                  6,
                  30
                ],
                [
                  {
                    "frame": 1.55
                  },
                  "value",
                  6,
                  31
                ],
                [
                  {
                    "frame": 1.6
                  },
                  "value",
                  6,
                  32
                ],
                [
                  {
                    "frame": 1.65
                  },
                  "value",
                  6,
                  33
                ],
                [
                  {
                    "frame": 1.7
                  },
                  "value",
                  6,
                  34
                ],
                [
                  {
                    "frame": 1.75
                  },
                  "value",
                  6,
                  35
                ]
              ],
              11,
              11,
              11,
              11,
              11,
              11,
              11,
              11,
              11,
              11,
              11,
              11,
              11,
              11,
              11,
              11,
              11,
              11,
              11,
              11,
              11,
              11,
              11,
              11,
              11,
              11,
              11,
              11,
              11,
              11,
              11,
              11,
              11,
              11,
              11,
              11
            ]
          ]
        ]
      ]
    ]
  ],
  0,
  0,
  [
    0,
    0,
    0,
    0,
    0,
    0,
    0,
    0,
    0,
    0,
    0,
    0,
    0,
    0,
    0,
    0,
    0,
    0,
    0,
    0,
    0,
    0,
    0,
    0,
    0,
    0,
    0,
    0,
    0,
    0,
    0,
    0,
    0,
    0,
    0,
    0
  ],
  [
    0,
    0,
    0,
    0,
    0,
    0,
    0,
    0,
    0,
    0,
    0,
    0,
    0,
    0,
    0,
    0,
    0,
    0,
    0,
    0,
    0,
    0,
    0,
    0,
    0,
    0,
    0,
    0,
    0,
    0,
    0,
    0,
    0,
    0,
    0,
    0
  ],
  [
    0,
    1,
    2,
    3,
    4,
    5,
    6,
    7,
    8,
    9,
    10,
    11,
    12,
    13,
    14,
    15,
    16,
    17,
    18,
    19,
    20,
    21,
    22,
    23,
    24,
    25,
    26,
    27,
    28,
    29,
    30,
    31,
    32,
    33,
    34,
    35
  ]
]