[1,["ccBBeL7n5CHosCqcESYnQ3","e9NgCWSPVJgZa/caqL/Fz1","0dLwExIIFK6qxGGWCqDy2Y","11osyJxR5EFK0yXww6mpdZ","f9+XbGyWFHCpuQclyKVNXL","0ahnjf9KVIpqPCDGf7i3RC","34BqxSEXhFnI1nh4kpdbzQ","3bVNUYOYJK+5+JScAWJnin","87n+Jv0TFNpYDbOj51BKy7","6fx77n8xRPnqcLDwZgRocN","13gK/2UGtL2r6sStjdi/sB","890n9fR7hG8oy0sZuCjMi/","c6DAjEuXpMgrICDXff0s0F","1bjS+78UdFEb4qe7/y2jPp","4cotHZS8BD8pq0r+lkHM5d","09HQ1L/CJPbZZQWpNiSzsM","15iImEzpFMmKxkQ7ZX+zky","f5k/yKyCtG6a2FB+k+7K9m","cawdk5r7RHQbhuymDwP1EA","e3Ut/N1GJFF5z1d/h48T3v","2e8Egkg4dAO76/aypG3u2K","51c86B5s1IWI+J4zT9yTBp"],["_textureSetter","bw_vfx_e_02_08","bw_vfx_e_02_20","bw_vfx_e_02_03","bw_vfx_e_02_04","bw_vfx_e_02_07","bw_vfx_e_02_05","bw_vfx_e_02_09","bw_vfx_e_02_01","bw_vfx_e_02_18","bw_vfx_e_02_12","bw_vfx_e_02_00","bw_vfx_e_02_17","bw_vfx_e_02_06","bw_vfx_e_02_10","bw_vfx_e_02_11","bw_vfx_e_02_19","bw_vfx_e_02_16","bw_vfx_e_02_14","bw_vfx_e_02_15","bw_vfx_e_02_13","bw_vfx_e_02_02"],["cc.SpriteFrame",["cc.SpriteAtlas",["_name","_spriteFrames"],2,11]],[[1,0,1,2]],[[[{"name":"bw_vfx_e_02_11","rect":[639,304,213,152],"offset":[0,0],"originalSize":[213,152],"capInsets":[0,0,0,0]}],[0],0,[0],[0],[0]],[[{"name":"bw_vfx_e_02_07","rect":[639,152,213,152],"offset":[0,0],"originalSize":[213,152],"capInsets":[0,0,0,0]}],[0],0,[0],[0],[0]],[[{"name":"bw_vfx_e_02_20","rect":[0,760,213,152],"offset":[0,0],"originalSize":[213,152],"capInsets":[0,0,0,0]}],[0],0,[0],[0],[0]],[[{"name":"bw_vfx_e_02_03","rect":[639,0,213,152],"offset":[0,0],"originalSize":[213,152],"capInsets":[0,0,0,0]}],[0],0,[0],[0],[0]],[[{"name":"bw_vfx_e_02_12","rect":[0,456,213,152],"offset":[0,0],"originalSize":[213,152],"capInsets":[0,0,0,0]}],[0],0,[0],[0],[0]],[[{"name":"bw_vfx_e_02_19","rect":[639,608,213,152],"offset":[0,0],"originalSize":[213,152],"capInsets":[0,0,0,0]}],[0],0,[0],[0],[0]],[[{"name":"bw_vfx_e_02_06","rect":[426,152,213,152],"offset":[0,0],"originalSize":[213,152],"capInsets":[0,0,0,0]}],[0],0,[0],[0],[0]],[[{"name":"bw_vfx_e_02_13","rect":[213,456,213,152],"offset":[0,0],"originalSize":[213,152],"capInsets":[0,0,0,0]}],[0],0,[0],[0],[0]],[[{"name":"bw_vfx_e_02_05","rect":[213,152,213,152],"offset":[0,0],"originalSize":[213,152],"capInsets":[0,0,0,0]}],[0],0,[0],[0],[0]],[[{"name":"bw_vfx_e_02_09","rect":[213,304,213,152],"offset":[0,0],"originalSize":[213,152],"capInsets":[0,0,0,0]}],[0],0,[0],[0],[0]],[[{"name":"bw_vfx_e_02_10","rect":[426,304,213,152],"offset":[0,0],"originalSize":[213,152],"capInsets":[0,0,0,0]}],[0],0,[0],[0],[0]],[[{"name":"bw_vfx_e_02_02","rect":[426,0,213,152],"offset":[0,0],"originalSize":[213,152],"capInsets":[0,0,0,0]}],[0],0,[0],[0],[0]],[[{"name":"bw_vfx_e_02_18","rect":[426,608,213,152],"offset":[0,0],"originalSize":[213,152],"capInsets":[0,0,0,0]}],[0],0,[0],[0],[0]],[[{"name":"bw_vfx_e_02_01","rect":[213,0,213,152],"offset":[0,0],"originalSize":[213,152],"capInsets":[0,0,0,0]}],[0],0,[0],[0],[0]],[[{"name":"bw_vfx_e_02_17","rect":[213,608,213,152],"offset":[0,0],"originalSize":[213,152],"capInsets":[0,0,0,0]}],[0],0,[0],[0],[0]],[[{"name":"bw_vfx_e_02_14","rect":[426,456,213,152],"offset":[0,0],"originalSize":[213,152],"capInsets":[0,0,0,0]}],[0],0,[0],[0],[0]],[[[0,"Alats47.plist",[{},"bw_vfx_e_02_08",6,0,"bw_vfx_e_02_20",6,1,"bw_vfx_e_02_03",6,2,"bw_vfx_e_02_04",6,3,"bw_vfx_e_02_07",6,4,"bw_vfx_e_02_05",6,5,"bw_vfx_e_02_09",6,6,"bw_vfx_e_02_01",6,7,"bw_vfx_e_02_18",6,8,"bw_vfx_e_02_12",6,9,"bw_vfx_e_02_00",6,10,"bw_vfx_e_02_17",6,11,"bw_vfx_e_02_06",6,12,"bw_vfx_e_02_10",6,13,"bw_vfx_e_02_11",6,14,"bw_vfx_e_02_19",6,15,"bw_vfx_e_02_16",6,16,"bw_vfx_e_02_14",6,17,"bw_vfx_e_02_15",6,18,"bw_vfx_e_02_13",6,19,"bw_vfx_e_02_02",6,20]]],0,0,[0,0,0,0,0,0,0,0,0,0,0,0,0,0,0,0,0,0,0,0,0],[1,2,3,4,5,6,7,8,9,10,11,12,13,14,15,16,17,18,19,20,21],[1,2,3,4,5,6,7,8,9,10,11,12,13,14,15,16,17,18,19,20,21]],[[{"name":"bw_vfx_e_02_15","rect":[639,456,213,152],"offset":[0,0],"originalSize":[213,152],"capInsets":[0,0,0,0]}],[0],0,[0],[0],[0]],[[{"name":"bw_vfx_e_02_08","rect":[0,304,213,152],"offset":[0,0],"originalSize":[213,152],"capInsets":[0,0,0,0]}],[0],0,[0],[0],[0]],[[{"name":"bw_vfx_e_02_16","rect":[0,608,213,152],"offset":[0,0],"originalSize":[213,152],"capInsets":[0,0,0,0]}],[0],0,[0],[0],[0]],[[{"name":"bw_vfx_e_02_04","rect":[0,152,213,152],"offset":[0,0],"originalSize":[213,152],"capInsets":[0,0,0,0]}],[0],0,[0],[0],[0]]]]