[1,["a7knF1dqpFvYouB+2ux1Nz","67TKxDENxHIr3/xQdSYIXh","c9w0DXfg9BSJMDUNMf9bg7","3c+bxRsuFCcoietDwzfYbO","deuVt26UZLDpoQYKi6AZ+w","93LHMMYihAlJz7CjWnYNfj","1aCRz6uslA4agTNYZls611","51MA4Q10VJgZTyt92EgOxy","7b7m9ujYlG7LlIpluSl9SB","ffrzt6oztBE7aoYY8iff25","b90HnCcD1OSJDifSOxbwRF","f7GksbOxNIybX/Rut1JaCK","39AY3czhNHxpcM3bh3Ku44","fdtWtdethLKZyPl+tIydTB","d5OMBx695CC6Us6tXlAYUV","40b7npzptFc6zOzY687IUO","26bKJlPhNNZbxqZJ6wX9dq","479tcZ6vlC+px79adBqQLl","93ifMcVVpJ0bsUBH5Of8M0","e0wRAo2mpCb7h4CIDtUUSW","611l20WGJGRpVZPukZY8GV","16yXTpjTFIxYv3JBooLlWo","96gVu1ybFNbo7JYdbA6lXI","d6WmuM451MsoBnN3wojyJk","bdQMwjglZI8qJkT2vHCZI3","78SCI6e3BHkZxurgpjqFeG","789nQMGJ9F8LaUP5LZQ16S","7dU/JGMEZBYadBH11KTeYH","5awaSaYaZP4KoNFrB+DypF","f4O8AKALpIcrn7NkdvJmW+","47F74U1e5DOKld5H0bVgwM","066+coXPJPLqX2+4C6kywh","50WHKkLQRBzYwr9ECzZMwv","0cA0cm4vFEyKI/Ds9/LjA/","4bOAZiz0pDL7cuylm9jMC3","09IbeO7utOyJTua6dawJJs","b1DgT3/GJDLoVCaxtIV4u4","40Z5+7pzpO/plppGWs+Imp"],["_textureSetter","scatter_vfx_c_16","scatter_vfx_c_00","scatter_vfx_c_13","scatter_vfx_c_32","scatter_vfx_c_31","scatter_vfx_c_28","scatter_vfx_c_35","scatter_vfx_c_21","scatter_vfx_c_03","scatter_vfx_c_14","scatter_vfx_c_20","scatter_vfx_c_23","scatter_vfx_c_18","scatter_vfx_c_02","scatter_vfx_c_22","scatter_vfx_c_19","scatter_vfx_c_26","scatter_vfx_c_34","scatter_vfx_c_06","scatter_vfx_c_27","scatter_vfx_c_10","scatter_vfx_c_25","scatter_vfx_c_11","scatter_vfx_c_15","scatter_vfx_c_07","scatter_vfx_c_05","scatter_vfx_c_09","scatter_vfx_c_08","scatter_vfx_c_01","scatter_vfx_c_17","scatter_vfx_c_12","scatter_vfx_c_24","scatter_vfx_c_04","scatter_vfx_c_36","scatter_vfx_c_29","scatter_vfx_c_30","scatter_vfx_c_33"],["cc.SpriteFrame",["cc.SpriteAtlas",["_name","_spriteFrames"],2,11]],[[1,0,1,2]],[[[{"name":"scatter_vfx_c_12","rect":[344,567,111,127],"offset":[0,17],"originalSize":[213,213],"rotated":1,"capInsets":[0,0,0,0]}],[0],0,[0],[0],[0]],[[{"name":"scatter_vfx_c_29","rect":[1,1,115,161],"offset":[2,12],"originalSize":[213,213],"capInsets":[0,0,0,0]}],[0],0,[0],[0],[0]],[[{"name":"scatter_vfx_c_04","rect":[624,439,95,155],"offset":[-1,5],"originalSize":[213,213],"rotated":1,"capInsets":[0,0,0,0]}],[0],0,[0],[0],[0]],[[{"name":"scatter_vfx_c_10","rect":[491,641,107,137],"offset":[-2,20],"originalSize":[213,213],"capInsets":[0,0,0,0]}],[0],0,[0],[0],[0]],[[{"name":"scatter_vfx_c_28","rect":[1,164,111,163],"offset":[2,13],"originalSize":[213,213],"capInsets":[0,0,0,0]}],[0],0,[0],[0],[0]],[[{"name":"scatter_vfx_c_19","rect":[630,223,107,157],"offset":[5,3],"originalSize":[213,213],"rotated":1,"capInsets":[0,0,0,0]}],[0],0,[0],[0],[0]],[[{"name":"scatter_vfx_c_23","rect":[467,1,109,161],"offset":[2,6],"originalSize":[213,213],"rotated":1,"capInsets":[0,0,0,0]}],[0],0,[0],[0],[0]],[[{"name":"scatter_vfx_c_13","rect":[352,160,113,129],"offset":[-1,19],"originalSize":[213,213],"capInsets":[0,0,0,0]}],[0],0,[0],[0],[0]],[[{"name":"scatter_vfx_c_33","rect":[225,398,119,149],"offset":[0,-4],"originalSize":[213,213],"capInsets":[0,0,0,0]}],[0],0,[0],[0],[0]],[[{"name":"scatter_vfx_c_22","rect":[1,329,109,161],"offset":[3,5],"originalSize":[213,213],"capInsets":[0,0,0,0]}],[0],0,[0],[0],[0]],[[{"name":"scatter_vfx_c_17","rect":[219,684,117,133],"offset":[-2,14],"originalSize":[213,213],"rotated":1,"capInsets":[0,0,0,0]}],[0],0,[0],[0],[0]],[[{"name":"scatter_vfx_c_26","rect":[467,221,99,161],"offset":[7,10],"originalSize":[213,213],"rotated":1,"capInsets":[0,0,0,0]}],[0],0,[0],[0],[0]],[[{"name":"scatter_vfx_c_36","rect":[467,322,113,157],"offset":[-5,-1],"originalSize":[213,213],"rotated":1,"capInsets":[0,0,0,0]}],[0],0,[0],[0],[0]],[[{"name":"scatter_vfx_c_24","rect":[110,653,107,159],"offset":[3,7],"originalSize":[213,213],"capInsets":[0,0,0,0]}],[0],0,[0],[0],[0]],[[{"name":"scatter_vfx_c_35","rect":[112,494,111,157],"offset":[-5,-3],"originalSize":[213,213],"capInsets":[0,0,0,0]}],[0],0,[0],[0],[0]],[[{"name":"scatter_vfx_c_08","rect":[114,164,103,151],"offset":[-3,12],"originalSize":[213,213],"capInsets":[0,0,0,0]}],[0],0,[0],[0],[0]],[[{"name":"scatter_vfx_c_27","rect":[112,329,99,163],"offset":[8,12],"originalSize":[213,213],"capInsets":[0,0,0,0]}],[0],0,[0],[0],[0]],[[{"name":"scatter_vfx_c_16","rect":[225,549,117,133],"offset":[-2,14],"originalSize":[213,213],"capInsets":[0,0,0,0]}],[0],0,[0],[0],[0]],[[{"name":"scatter_vfx_c_07","rect":[473,538,101,153],"offset":[-3,10],"originalSize":[213,213],"rotated":1,"capInsets":[0,0,0,0]}],[0],0,[0],[0],[0]],[[{"name":"scatter_vfx_c_05","rect":[600,641,95,155],"offset":[-1,6],"originalSize":[213,213],"capInsets":[0,0,0,0]}],[0],0,[0],[0],[0]],[[{"name":"scatter_vfx_c_21","rect":[630,1,107,161],"offset":[4,4],"originalSize":[213,213],"rotated":1,"capInsets":[0,0,0,0]}],[0],0,[0],[0],[0]],[[{"name":"scatter_vfx_c_09","rect":[697,635,103,137],"offset":[-2,19],"originalSize":[213,213],"capInsets":[0,0,0,0]}],[0],0,[0],[0],[0]],[[{"name":"scatter_vfx_c_31","rect":[219,162,119,131],"offset":[1,-1],"originalSize":[213,213],"rotated":1,"capInsets":[0,0,0,0]}],[0],0,[0],[0],[0]],[[{"name":"scatter_vfx_c_34","rect":[628,536,97,153],"offset":[-10,-4],"originalSize":[213,213],"rotated":1,"capInsets":[0,0,0,0]}],[0],0,[0],[0],[0]],[[{"name":"scatter_vfx_c_25","rect":[467,112,107,161],"offset":[3,9],"originalSize":[213,213],"rotated":1,"capInsets":[0,0,0,0]}],[0],0,[0],[0],[0]],[[[0,"Alats41.plist",[{},"scatter_vfx_c_16",6,0,"scatter_vfx_c_00",6,1,"scatter_vfx_c_13",6,2,"scatter_vfx_c_32",6,3,"scatter_vfx_c_31",6,4,"scatter_vfx_c_28",6,5,"scatter_vfx_c_35",6,6,"scatter_vfx_c_21",6,7,"scatter_vfx_c_03",6,8,"scatter_vfx_c_14",6,9,"scatter_vfx_c_20",6,10,"scatter_vfx_c_23",6,11,"scatter_vfx_c_18",6,12,"scatter_vfx_c_02",6,13,"scatter_vfx_c_22",6,14,"scatter_vfx_c_19",6,15,"scatter_vfx_c_26",6,16,"scatter_vfx_c_34",6,17,"scatter_vfx_c_06",6,18,"scatter_vfx_c_27",6,19,"scatter_vfx_c_10",6,20,"scatter_vfx_c_25",6,21,"scatter_vfx_c_11",6,22,"scatter_vfx_c_15",6,23,"scatter_vfx_c_07",6,24,"scatter_vfx_c_05",6,25,"scatter_vfx_c_09",6,26,"scatter_vfx_c_08",6,27,"scatter_vfx_c_01",6,28,"scatter_vfx_c_17",6,29,"scatter_vfx_c_12",6,30,"scatter_vfx_c_24",6,31,"scatter_vfx_c_04",6,32,"scatter_vfx_c_36",6,33,"scatter_vfx_c_29",6,34,"scatter_vfx_c_30",6,35,"scatter_vfx_c_33",6,36]]],0,0,[0,0,0,0,0,0,0,0,0,0,0,0,0,0,0,0,0,0,0,0,0,0,0,0,0,0,0,0,0,0,0,0,0,0,0,0,0],[1,2,3,4,5,6,7,8,9,10,11,12,13,14,15,16,17,18,19,20,21,22,23,24,25,26,27,28,29,30,31,32,33,34,35,36,37],[1,2,3,4,5,6,7,8,9,10,11,12,13,14,15,16,17,18,19,20,21,22,23,24,25,26,27,28,29,30,31,32,33,34,35,36,37]],[[{"name":"scatter_vfx_c_30","rect":[118,1,117,159],"offset":[2,12],"originalSize":[213,213],"capInsets":[0,0,0,0]}],[0],0,[0],[0],[0]],[[{"name":"scatter_vfx_c_14","rect":[219,283,113,129],"offset":[-1,20],"originalSize":[213,213],"rotated":1,"capInsets":[0,0,0,0]}],[0],0,[0],[0],[0]],[[{"name":"scatter_vfx_c_15","rect":[350,291,115,129],"offset":[-2,20],"originalSize":[213,213],"capInsets":[0,0,0,0]}],[0],0,[0],[0],[0]],[[{"name":"scatter_vfx_c_00","rect":[352,1,113,157],"offset":[-5,0],"originalSize":[213,213],"capInsets":[0,0,0,0]}],[0],0,[0],[0],[0]],[[{"name":"scatter_vfx_c_02","rect":[630,110,111,157],"offset":[-7,3],"originalSize":[213,213],"rotated":1,"capInsets":[0,0,0,0]}],[0],0,[0],[0],[0]],[[{"name":"scatter_vfx_c_11","rect":[354,680,109,135],"offset":[0,20],"originalSize":[213,213],"rotated":1,"capInsets":[0,0,0,0]}],[0],0,[0],[0],[0]],[[{"name":"scatter_vfx_c_32","rect":[346,422,119,143],"offset":[1,-4],"originalSize":[213,213],"capInsets":[0,0,0,0]}],[0],0,[0],[0],[0]],[[{"name":"scatter_vfx_c_06","rect":[467,437,99,155],"offset":[-2,7],"originalSize":[213,213],"rotated":1,"capInsets":[0,0,0,0]}],[0],0,[0],[0],[0]],[[{"name":"scatter_vfx_c_01","rect":[237,1,113,159],"offset":[-6,2],"originalSize":[213,213],"capInsets":[0,0,0,0]}],[0],0,[0],[0],[0]],[[{"name":"scatter_vfx_c_20","rect":[1,653,107,159],"offset":[4,2],"originalSize":[213,213],"capInsets":[0,0,0,0]}],[0],0,[0],[0],[0]],[[{"name":"scatter_vfx_c_18","rect":[626,332,105,155],"offset":[5,3],"originalSize":[213,213],"rotated":1,"capInsets":[0,0,0,0]}],[0],0,[0],[0],[0]],[[{"name":"scatter_vfx_c_03","rect":[1,492,109,159],"offset":[-8,5],"originalSize":[213,213],"capInsets":[0,0,0,0]}],[0],0,[0],[0],[0]]]]