[1,["e3IpR9U0VOMrhTDWKhnBvO","c39832StRMC5zvMRoMrbUO","dcEQb8QP5Fg5BkCzmcFgWb","94uPgwLn5BcraMBoxDAOzb","ffpJClRwBDBLq4ThK/6UST","51I4wSh1FJ+Kl8IGW8sSDs","a3aRA5MO9He4cB2sLA7Q3V","1doliD+0FAT7KEQ6N48hST","8f8ePQoqRHHJsVzaqFNfSo"],["_textureSetter","base_gold_rotate_a_07","base_gold_rotate_a_00","base_gold_rotate_a_03","base_gold_rotate_a_06","base_gold_rotate_a_01","base_gold_rotate_a_05","base_gold_rotate_a_02","base_gold_rotate_a_04"],["cc.SpriteFrame",["cc.SpriteAtlas",["_name","_spriteFrames"],2,11]],[[1,0,1,2]],[[[{"name":"base_gold_rotate_a_02","rect":[1,1,194,228],"offset":[-1,15],"originalSize":[872,872],"capInsets":[0,0,0,0]}],[0],0,[0],[0],[0]],[[[0,"Alats37.plist",[{},"base_gold_rotate_a_07",6,0,"base_gold_rotate_a_00",6,1,"base_gold_rotate_a_03",6,2,"base_gold_rotate_a_06",6,3,"base_gold_rotate_a_01",6,4,"base_gold_rotate_a_05",6,5,"base_gold_rotate_a_02",6,6,"base_gold_rotate_a_04",6,7]]],0,0,[0,0,0,0,0,0,0,0],[1,2,3,4,5,6,7,8],[1,2,3,4,5,6,7,8]],[[{"name":"base_gold_rotate_a_01","rect":[391,1,190,226],"offset":[0,15],"originalSize":[872,872],"capInsets":[0,0,0,0]}],[0],0,[0],[0],[0]],[[{"name":"base_gold_rotate_a_04","rect":[195,231,186,224],"offset":[-2,17],"originalSize":[872,872],"capInsets":[0,0,0,0]}],[0],0,[0],[0],[0]],[[{"name":"base_gold_rotate_a_03","rect":[197,1,192,226],"offset":[-2,16],"originalSize":[872,872],"capInsets":[0,0,0,0]}],[0],0,[0],[0],[0]],[[{"name":"base_gold_rotate_a_05","rect":[383,229,160,220],"offset":[-3,18],"originalSize":[872,872],"capInsets":[0,0,0,0]}],[0],0,[0],[0],[0]],[[{"name":"base_gold_rotate_a_07","rect":[227,457,138,222],"offset":[0,19],"originalSize":[872,872],"rotated":1,"capInsets":[0,0,0,0]}],[0],0,[0],[0],[0]],[[{"name":"base_gold_rotate_a_00","rect":[1,231,192,226],"offset":[0,15],"originalSize":[872,872],"capInsets":[0,0,0,0]}],[0],0,[0],[0],[0]],[[{"name":"base_gold_rotate_a_06","rect":[1,459,98,224],"offset":[-3,20],"originalSize":[872,872],"rotated":1,"capInsets":[0,0,0,0]}],[0],0,[0],[0],[0]]]]