[1,["b5NZqsmolO5Ikiv40kpVF0","ea5ZbE82JH34S/RnhVi6mj","b9byLPKW1DR7C2aEttlava","1br9C+PvxAgY6XqXD8GWrg","00jbk7TVNBc5mYD5JuIpk/","a0Gx91BrFKHLnEi+4Y1wf8","541rxOGXVAU4NMJ+MhVCoo","8foG4La2BJUKD1h1WIGYO2","243V9qmuxF8oehgVCTCrn8","66EasQjohGkqC1JO4Shl8G","95evKtJMJCxYCvyF6xVVET","2eGqr0/7RNIabSzERyTS/u","cfi6mQLVpAVKIw/M6P9Kw/","8dk/0+cmFLmL8tvCrghSvb","0b/saqo8ZDppDQ7N7cMo5I","3cxAHwcZhJ5Y3HqjHa2oWw","58D8SAP7tIKaHBrC8I5vXe","8d2b21y4BLy4d4N35gt0Mk","55Un70DgpLv56xxN0RZGOK"],["_textureSetter","infoboard_vfx_e_add_spawn_10","infoboard_vfx_e_add_spawn_13","infoboard_vfx_e_add_spawn_14","infoboard_vfx_e_add_spawn_07","infoboard_vfx_e_add_spawn_05","infoboard_vfx_e_add_spawn_02","infoboard_vfx_e_add_spawn_09","infoboard_vfx_e_add_spawn_06","infoboard_vfx_e_add_spawn_04","infoboard_vfx_e_add_spawn_08","infoboard_vfx_e_add_spawn_01","infoboard_vfx_e_add_spawn_18","infoboard_vfx_e_add_spawn_17","infoboard_vfx_e_add_spawn_16","infoboard_vfx_e_add_spawn_11","infoboard_vfx_e_add_spawn_15","infoboard_vfx_e_add_spawn_03","infoboard_vfx_e_add_spawn_12"],["cc.SpriteFrame",["cc.SpriteAtlas",["_name","_spriteFrames"],2,11]],[[1,0,1,2]],[[[{"name":"infoboard_vfx_e_add_spawn_07","rect":[1,1,178,76],"offset":[0,-7],"originalSize":[194,90],"rotated":1,"capInsets":[0,0,0,0]}],[0],0,[0],[0],[0]],[[{"name":"infoboard_vfx_e_add_spawn_16","rect":[361,165,162,62],"offset":[-3,-4],"originalSize":[194,90],"rotated":1,"capInsets":[0,0,0,0]}],[0],0,[0],[0],[0]],[[{"name":"infoboard_vfx_e_add_spawn_14","rect":[293,165,162,66],"offset":[-3,-2],"originalSize":[194,90],"rotated":1,"capInsets":[0,0,0,0]}],[0],0,[0],[0],[0]],[[{"name":"infoboard_vfx_e_add_spawn_06","rect":[1,365,176,74],"offset":[0,-8],"originalSize":[194,90],"capInsets":[0,0,0,0]}],[0],0,[0],[0],[0]],[[{"name":"infoboard_vfx_e_add_spawn_01","rect":[351,391,138,48],"offset":[1,-7],"originalSize":[194,90],"capInsets":[0,0,0,0]}],[0],0,[0],[0],[0]],[[{"name":"infoboard_vfx_e_add_spawn_11","rect":[155,1,174,66],"offset":[4,-1],"originalSize":[194,90],"rotated":1,"capInsets":[0,0,0,0]}],[0],0,[0],[0],[0]],[[{"name":"infoboard_vfx_e_add_spawn_02","rect":[351,329,152,60],"offset":[1,-8],"originalSize":[194,90],"capInsets":[0,0,0,0]}],[0],0,[0],[0],[0]],[[{"name":"infoboard_vfx_e_add_spawn_12","rect":[223,1,164,66],"offset":[-2,-1],"originalSize":[194,90],"rotated":1,"capInsets":[0,0,0,0]}],[0],0,[0],[0],[0]],[[{"name":"infoboard_vfx_e_add_spawn_15","rect":[359,1,162,62],"offset":[-3,-4],"originalSize":[194,90],"rotated":1,"capInsets":[0,0,0,0]}],[0],0,[0],[0],[0]],[[{"name":"infoboard_vfx_e_add_spawn_04","rect":[179,353,170,72],"offset":[0,-9],"originalSize":[194,90],"capInsets":[0,0,0,0]}],[0],0,[0],[0],[0]],[[{"name":"infoboard_vfx_e_add_spawn_17","rect":[423,1,162,62],"offset":[-3,-4],"originalSize":[194,90],"rotated":1,"capInsets":[0,0,0,0]}],[0],0,[0],[0],[0]],[[{"name":"infoboard_vfx_e_add_spawn_03","rect":[291,1,162,66],"offset":[0,-9],"originalSize":[194,90],"rotated":1,"capInsets":[0,0,0,0]}],[0],0,[0],[0],[0]],[[{"name":"infoboard_vfx_e_add_spawn_09","rect":[1,181,182,72],"offset":[0,-5],"originalSize":[194,90],"rotated":1,"capInsets":[0,0,0,0]}],[0],0,[0],[0],[0]],[[{"name":"infoboard_vfx_e_add_spawn_08","rect":[75,181,180,72],"offset":[0,-5],"originalSize":[194,90],"rotated":1,"capInsets":[0,0,0,0]}],[0],0,[0],[0],[0]],[[{"name":"infoboard_vfx_e_add_spawn_05","rect":[79,1,174,74],"offset":[0,-8],"originalSize":[194,90],"rotated":1,"capInsets":[0,0,0,0]}],[0],0,[0],[0],[0]],[[{"name":"infoboard_vfx_e_add_spawn_13","rect":[225,167,164,66],"offset":[-2,-2],"originalSize":[194,90],"rotated":1,"capInsets":[0,0,0,0]}],[0],0,[0],[0],[0]],[[{"name":"infoboard_vfx_e_add_spawn_18","rect":[425,165,162,62],"offset":[-3,-4],"originalSize":[194,90],"rotated":1,"capInsets":[0,0,0,0]}],[0],0,[0],[0],[0]],[[[0,"Alats21.plist",[{},"infoboard_vfx_e_add_spawn_10",6,0,"infoboard_vfx_e_add_spawn_13",6,1,"infoboard_vfx_e_add_spawn_14",6,2,"infoboard_vfx_e_add_spawn_07",6,3,"infoboard_vfx_e_add_spawn_05",6,4,"infoboard_vfx_e_add_spawn_02",6,5,"infoboard_vfx_e_add_spawn_09",6,6,"infoboard_vfx_e_add_spawn_06",6,7,"infoboard_vfx_e_add_spawn_04",6,8,"infoboard_vfx_e_add_spawn_08",6,9,"infoboard_vfx_e_add_spawn_01",6,10,"infoboard_vfx_e_add_spawn_18",6,11,"infoboard_vfx_e_add_spawn_17",6,12,"infoboard_vfx_e_add_spawn_16",6,13,"infoboard_vfx_e_add_spawn_11",6,14,"infoboard_vfx_e_add_spawn_15",6,15,"infoboard_vfx_e_add_spawn_03",6,16,"infoboard_vfx_e_add_spawn_12",6,17]]],0,0,[0,0,0,0,0,0,0,0,0,0,0,0,0,0,0,0,0,0],[1,2,3,4,5,6,7,8,9,10,11,12,13,14,15,16,17,18],[1,2,3,4,5,6,7,8,9,10,11,12,13,14,15,16,17,18]],[[{"name":"infoboard_vfx_e_add_spawn_10","rect":[149,177,174,74],"offset":[4,-5],"originalSize":[194,90],"rotated":1,"capInsets":[0,0,0,0]}],[0],0,[0],[0],[0]]]]