[1,["8dZ+w8+yhGEZNipyWuScpc","628EN5mIlBHL3NJta265g2","52d/n/kRFCRLwaxHodY2nu","ecL83ZjSpDQadY2Z2CPk06","d47uwzEWZDrZyVYTYMrA/d","4a1bZ0kNNBG6xveVfI86m8","14nltPOkRFM5ZfXsINYOg9","05NjARiZZGmL2pwjN9tkSh","0eqpb2PCJFDokQZHRkf77W","8cpMBxfLJISbdXneG6hd3u","65ewCmZcJBE5lEysrK0LGk","5c95ekUHdGIqxu2jF+Zmy7","2cmXaV0ORGRrSt5N//cSyV","9c8Vt8n1BHrJ5swJm8XGJP","1595AUSoVCDJqbqEjI/Y5K","3fkwXgHK1KZooP04PEyXem","034Y3bKs9E+KYT9aLARvSC","1ePDb6RYNOB56krbk6QNbk","18r6ObVtxN1rXbQYSHSZJJ","bdbSukA5dJiKf/QQiFW+Du","ddNsiSY+pNW50DrvOvBduv","4184WUORBJIpGY6nd8IstJ","53JVeLaxpGwpx0Ei92t83n"],["_textureSetter","dragon_trail_screen_mode_17","dragon_trail_screen_mode_05","dragon_trail_screen_mode_24","dragon_trail_screen_mode_04","dragon_trail_screen_mode_15","dragon_trail_screen_mode_18","dragon_trail_screen_mode_12","dragon_trail_screen_mode_22","dragon_trail_screen_mode_09","dragon_trail_screen_mode_14","dragon_trail_screen_mode_23","dragon_trail_screen_mode_11","dragon_trail_screen_mode_13","dragon_trail_screen_mode_10","dragon_trail_screen_mode_08","dragon_trail_screen_mode_19","dragon_trail_screen_mode_21","dragon_trail_screen_mode_20","dragon_trail_screen_mode_25","dragon_trail_screen_mode_07","dragon_trail_screen_mode_06","dragon_trail_screen_mode_16"],["cc.SpriteFrame",["cc.SpriteAtlas",["_name","_spriteFrames"],2,11]],[[1,0,1,2]],[[[{"name":"dragon_trail_screen_mode_19","rect":[283,91,82,166],"offset":[-2,23],"originalSize":[140,304],"rotated":1,"capInsets":[0,0,0,0]}],[0],0,[0],[0],[0]],[[{"name":"dragon_trail_screen_mode_12","rect":[99,169,94,166],"offset":[-3,23],"originalSize":[140,304],"capInsets":[0,0,0,0]}],[0],0,[0],[0],[0]],[[{"name":"dragon_trail_screen_mode_22","rect":[381,175,74,166],"offset":[-4,23],"originalSize":[140,304],"rotated":1,"capInsets":[0,0,0,0]}],[0],0,[0],[0],[0]],[[{"name":"dragon_trail_screen_mode_18","rect":[195,169,84,166],"offset":[-2,23],"originalSize":[140,304],"capInsets":[0,0,0,0]}],[0],0,[0],[0],[0]],[[{"name":"dragon_trail_screen_mode_10","rect":[1,169,96,166],"offset":[-3,23],"originalSize":[140,304],"capInsets":[0,0,0,0]}],[0],0,[0],[0],[0]],[[{"name":"dragon_trail_screen_mode_20","rect":[283,315,80,166],"offset":[-3,23],"originalSize":[140,304],"capInsets":[0,0,0,0]}],[0],0,[0],[0],[0]],[[{"name":"dragon_trail_screen_mode_21","rect":[365,315,76,166],"offset":[-4,23],"originalSize":[140,304],"capInsets":[0,0,0,0]}],[0],0,[0],[0],[0]],[[{"name":"dragon_trail_screen_mode_11","rect":[1,337,96,166],"offset":[-3,23],"originalSize":[140,304],"capInsets":[0,0,0,0]}],[0],0,[0],[0],[0]],[[{"name":"dragon_trail_screen_mode_08","rect":[281,175,98,138],"offset":[-3,9],"originalSize":[140,304],"capInsets":[0,0,0,0]}],[0],0,[0],[0],[0]],[[{"name":"dragon_trail_screen_mode_06","rect":[451,95,76,82],"offset":[-5,-19],"originalSize":[140,304],"rotated":1,"capInsets":[0,0,0,0]}],[0],0,[0],[0],[0]],[[{"name":"dragon_trail_screen_mode_15","rect":[193,337,88,166],"offset":[-1,23],"originalSize":[140,304],"capInsets":[0,0,0,0]}],[0],0,[0],[0],[0]],[[{"name":"dragon_trail_screen_mode_05","rect":[549,95,58,36],"offset":[-12,-42],"originalSize":[140,304],"rotated":1,"capInsets":[0,0,0,0]}],[0],0,[0],[0],[0]],[[{"name":"dragon_trail_screen_mode_16","rect":[283,1,88,166],"offset":[-2,23],"originalSize":[140,304],"rotated":1,"capInsets":[0,0,0,0]}],[0],0,[0],[0],[0]],[[{"name":"dragon_trail_screen_mode_23","rect":[443,313,66,166],"offset":[-4,23],"originalSize":[140,304],"capInsets":[0,0,0,0]}],[0],0,[0],[0],[0]],[[{"name":"dragon_trail_screen_mode_17","rect":[195,1,84,166],"offset":[-2,23],"originalSize":[140,304],"capInsets":[0,0,0,0]}],[0],0,[0],[0],[0]],[[{"name":"dragon_trail_screen_mode_14","rect":[99,337,92,166],"offset":[-3,23],"originalSize":[140,304],"capInsets":[0,0,0,0]}],[0],0,[0],[0],[0]],[[[0,"Alats13.plist",[{},"dragon_trail_screen_mode_17",6,0,"dragon_trail_screen_mode_05",6,1,"dragon_trail_screen_mode_24",6,2,"dragon_trail_screen_mode_04",6,3,"dragon_trail_screen_mode_15",6,4,"dragon_trail_screen_mode_18",6,5,"dragon_trail_screen_mode_12",6,6,"dragon_trail_screen_mode_22",6,7,"dragon_trail_screen_mode_09",6,8,"dragon_trail_screen_mode_14",6,9,"dragon_trail_screen_mode_23",6,10,"dragon_trail_screen_mode_11",6,11,"dragon_trail_screen_mode_13",6,12,"dragon_trail_screen_mode_10",6,13,"dragon_trail_screen_mode_08",6,14,"dragon_trail_screen_mode_19",6,15,"dragon_trail_screen_mode_21",6,16,"dragon_trail_screen_mode_20",6,17,"dragon_trail_screen_mode_25",6,18,"dragon_trail_screen_mode_07",6,19,"dragon_trail_screen_mode_06",6,20,"dragon_trail_screen_mode_16",6,21]]],0,0,[0,0,0,0,0,0,0,0,0,0,0,0,0,0,0,0,0,0,0,0,0,0],[1,2,3,4,5,6,7,8,9,10,11,12,13,14,15,16,17,18,19,20,21,22],[1,2,3,4,5,6,7,8,9,10,11,12,13,14,15,16,17,18,19,20,21,22]],[[{"name":"dragon_trail_screen_mode_09","rect":[1,1,98,166],"offset":[-2,23],"originalSize":[140,304],"capInsets":[0,0,0,0]}],[0],0,[0],[0],[0]],[[{"name":"dragon_trail_screen_mode_13","rect":[101,1,92,166],"offset":[-2,23],"originalSize":[140,304],"capInsets":[0,0,0,0]}],[0],0,[0],[0],[0]],[[{"name":"dragon_trail_screen_mode_25","rect":[511,313,60,166],"offset":[0,23],"originalSize":[140,304],"capInsets":[0,0,0,0]}],[0],0,[0],[0],[0]],[[{"name":"dragon_trail_screen_mode_04","rect":[549,155,50,26],"offset":[-12,-47],"originalSize":[140,304],"rotated":1,"capInsets":[0,0,0,0]}],[0],0,[0],[0],[0]],[[{"name":"dragon_trail_screen_mode_07","rect":[451,1,92,110],"offset":[-5,-5],"originalSize":[140,304],"rotated":1,"capInsets":[0,0,0,0]}],[0],0,[0],[0],[0]],[[{"name":"dragon_trail_screen_mode_24","rect":[381,251,60,166],"offset":[-1,23],"originalSize":[140,304],"rotated":1,"capInsets":[0,0,0,0]}],[0],0,[0],[0],[0]]]]