[1,["31PpvlbABPuISQBe4DJKIr","00/rU/hmhC2pYU7WPmB+L5","a2gHHClatGJ53JeFHU7YvV","d2yOfoXjVCOqmvFY3e5woU","9bKyZNpZ5EBIishAcZz34h","75JlvW+gxL7rY09AaDUNMx","f4axRBfChKKanHV1U+cbVo","59U7X2JblBY7si2Ejbq3XV"],["_textureSetter","scatter_glow_c","scatter_glow_d","scatter_glow_e","scatter_glow_f","scatter_glow_b","scatter_glow_a","scatter_bg"],["cc.SpriteFrame",["cc.SpriteAtlas",["_name","_spriteFrames"],2,11]],[[1,0,1,2]],[[[{"name":"scatter_glow_c","rect":[398,153,88,97],"offset":[0,0],"originalSize":[88,97],"capInsets":[0,0,0,0]}],[0],0,[0],[0],[0]],[[{"name":"scatter_bg","rect":[1,1,243,266],"offset":[0,0],"originalSize":[243,266],"rotated":1,"capInsets":[0,0,0,0]}],[0],0,[0],[0],[0]],[[{"name":"scatter_glow_b","rect":[553,118,105,105],"offset":[0,0],"originalSize":[105,105],"capInsets":[0,0,0,0]}],[0],0,[0],[0],[0]],[[[0,"Alats47.plist",[{},"scatter_glow_c",6,0,"scatter_glow_d",6,1,"scatter_glow_e",6,2,"scatter_glow_f",6,3,"scatter_glow_b",6,4,"scatter_glow_a",6,5,"scatter_bg",6,6]]],0,0,[0,0,0,0,0,0,0],[1,2,3,4,5,6,7],[1,2,3,4,5,6,7]],[[{"name":"scatter_glow_f","rect":[488,153,63,63],"offset":[0,0],"originalSize":[63,63],"capInsets":[0,0,0,0]}],[0],0,[0],[0],[0]],[[{"name":"scatter_glow_d","rect":[550,1,105,115],"offset":[0,0],"originalSize":[105,115],"capInsets":[0,0,0,0]}],[0],0,[0],[0],[0]],[[{"name":"scatter_glow_e","rect":[269,1,127,215],"offset":[0,0],"originalSize":[127,215],"capInsets":[0,0,0,0]}],[0],0,[0],[0],[0]],[[{"name":"scatter_glow_a","rect":[398,1,150,150],"offset":[0,0],"originalSize":[150,150],"capInsets":[0,0,0,0]}],[0],0,[0],[0],[0]]]]