[1,["ecpdLyjvZBwrvm+cedCcQy","c6FU7iD2ZKGIVWbA28QKXM","21bNRV3pdLzqJ1qi7lqzxR","b2CR0nMBJOg4tmrzx7DGfO","6fMBXtf69DcYdsQPiOtZU9","23hQDDF21DLINV8ZkJjmoa","752Ba9FgpLBI49uOXQByfW","c78t5UBJZLT5oPas/y/8Br","70hHn1QedEp5tbGS+KcUQq","27gTKok8pNpID1NDzIThSV","51gvPL6TtJuZXo/L7DferV","fc6x+MvE5IfYcymD4MuKm5","f3EX8+IhJFaLNds6I+zUhW","04OmJDH0JG25DoFz+IAbxU","2cszIWOf5ECLqFHsO7FnZI","26zK/tBhxOYLELelr/P94+","47k8vL+vNHqoBjVI2HzOHG","27n28vtB1OMbhKKAR+BZKf","e7vHcRDiVJY5+NrTyBvXgz"],["node","_spriteFrame","_defaultClip","atlas","root","animBig","btnThuThap","label","data","_parent"],[["cc.Node",["_name","_opacity","_prefab","_contentSize","_parent","_components","_trs","_children","_anchorPoint"],1,4,5,1,9,7,2,5],["cc.Sprite",["_sizeMode","_dstBlendFactor","_isTrimmedMode","node","_materials","_spriteFrame"],0,1,3,6],["cc.Animation",["playOnLoad","node","_clips","_defaultClip"],2,1,3,6],["cc.PrefabInfo",["fileId","root","asset"],2,1,1],["cc.AnimationClip",["_name","_duration","wrapMode","curveData"],0,11],["cc.Prefab",["_name"],2],["cc.Node",["_name","_children","_components","_prefab","_contentSize","_trs"],2,2,2,4,5,7],["cc.Node",["_name","_opacity","_parent","_children","_components","_prefab","_contentSize","_trs"],1,1,2,12,4,5,7],["a274fVFJXdMBILbjrm/GfWz",["node","label","btnThuThap","animBig","atlas"],3,1,1,1,1,6],["cc.Button",["node","clickEvents"],3,1,9],["cc.ClickEvent",[],3],["ef6cdgak0JA7Klp9LwbTgyF",["tempReplaceAtlas","isPrefix","_string","_maxWidth","_maxWidthSpecialChar","listFS","node"],-3,1]],[[3,0,1,2,2],[1,3,4,5,1],[0,0,4,7,2,3,8,6,2],[0,0,4,5,2,3,8,2],[0,0,4,5,2,3,6,2],[1,1,0,2,3,4,5,4],[0,0,1,4,5,2,3,6,3],[1,0,3,4,5,2],[4,0,1,2,3,4],[5,0,2],[0,0,7,5,2,3,6,2],[0,0,4,7,5,2,3,6,2],[0,0,4,7,2,6,2],[0,0,1,4,5,2,3,3],[0,0,4,5,2,3,2],[6,0,1,2,3,4,5,2],[7,0,1,2,3,4,5,6,7,3],[8,0,1,2,3,4,1],[3,1,2,1],[2,1,2,3,1],[2,0,1,2,3,2],[2,1,2,1],[9,0,1,1],[10,1],[1,0,2,3,4,5,3],[1,1,0,3,4,5,3],[11,0,1,2,3,4,5,6,7]],[[[[8,"btnEndFS",2,2,[{},"paths",11,[{},"mh_vfx_a_add",11,[{},"props",11,[{"opacity":[{"frame":0,"value":255},{"frame":0.6666666666666666,"value":0},{"frame":1.3166666666666667,"value":0},{"frame":1.3333333333333333,"value":255},{"frame":2,"value":0}]},"scale",12,[[[{"frame":0},"value",8,[1,1,1,1]],[{"frame":0.6666666666666666},"value",8,[1,1.2,1.2,1]],[{"frame":1.3166666666666667},"value",8,[1,1.01,1.02,1]],[{"frame":1.3333333333333333},"value",8,[1,1,1,1]],[{"frame":2},"value",8,[1,1.2,1.4,1]]],11,11,11,11,11]]]]]]],0,0,[],[],[]],[[[9,"EndFreeSpin"],[10,"EndFreeSpin",[-6,-7,-8,-9,-10,-11,-12,-13],[[17,-5,-4,-3,-2,41]],[18,-1,0],[5,720,1280],[0,80.104,0,0,0,0,1,1,1,1]],[15,"lbMn",[-15,-16,-17,-18,-19,-20,-21],[-14],[0,"2eQNmjvRpAu5jvYcZaJhUE",1,0],[5,590,0],[0,-219.016,0,0,0,0,1,0.888,0.888,1]],[11,"btn",1,[-24,-25,-26],[[19,-22,[40],39],[22,-23,[[23]]]],[0,"1bo2F8doNDHJw9diXgqYQb",1,0],[5,544.32,165],[0,-534.768,0,0,0,0,1,1,1,1]],[16,"bw_vfx_f_01",0,1,[-29],[[[5,1,2,false,-27,[4],5],-28],4,1],[0,"e8IQ36iyhJLY2TjJmL7Mpu",1,0],[5,346,749],[0,-20.296,0,0,0,0,1,1.341,1.341,1.341]],[4,"tw_vfx_b_add",1,[[5,1,2,false,-30,[9],10],[20,true,-31,[12],11]],[0,"cdc2InN59Cq4WgFyEQBGkw",1,0],[5,432,936],[0,42.248,0,0,0,0,1,1,1,1]],[12,"main",1,[-32,2],[0,"3eBRcBI19CgKKPmfP5ZkIM",1,0],[0,148.494,0,0,0,0,1,1,1,1]],[4,"tw_page",1,[[24,0,false,-33,[0],1]],[0,"7dN87K3OdHPJH7Egby23TS",1,0],[5,540,1170],[0,0,0,0,0,0,1,1.341,1.341,1]],[13,"bw_solid_a_add",0,4,[[5,1,2,false,-34,[2],3]],[0,"a3FIffjw5CJbeNXsQoNKxD",1,0],[5,410,410]],[21,4,[6]],[4,"tw_vfx_a_add",1,[[5,1,2,false,-35,[7],8]],[0,"7bdt9Uop1J858dPBHm495R",1,0],[5,329,185],[0,42.248,0,0,0,0,1,1.341,1.341,1]],[6,"tw_vfx_c_screen",200,1,[[5,1,2,false,-36,[13],14]],[0,"582yxEGSVBK737Fe7N6XBc",1,0],[5,432,374],[0,18.986,0,0,0,0,1,2,2,1]],[4,"bw_solid_a_add",1,[[5,1,2,false,-37,[15],16]],[0,"12ZJfVf/ZPn7rDam7Dslku",1,0],[5,410,410],[0,175,0,0,0,0,1,0,0,1]],[4,"tw",6,[[1,-38,[17],18]],[0,"2d7jWRz/RKa4xmKjlK/tOw",1,0],[5,686,205],[0,30.367,0,0,0,0,1,1,1,1]],[2,"9",2,[-39],[0,"2dxzeHI5pAJKdybDdPtmNN",1,0],[5,90,0],[0,0.5,0],[-250,-10,0,0,0,0,1,1,1,1]],[3,"New Node",14,[[1,-40,[19],20]],[0,"4e0TbmXy9LgLHNS41mookZ",1,0],[5,111,150],[0,0.5,0]],[2,"0",2,[-41],[0,"92AtKWy41GJZq22VMAsCLr",1,0],[5,90,0],[0,0.5,0],[-160,-10,0,0,0,0,1,1,1,1]],[3,"New Node",16,[[1,-42,[21],22]],[0,"730JiBPu1FD45UMpltK+ST",1,0],[5,118,149],[0,0.5,0]],[2,"0",2,[-43],[0,"9b0r2wk2tNHKzOM24yZz2t",1,0],[5,90,0],[0,0.5,0],[-70,-10,0,0,0,0,1,1,1,1]],[3,"New Node",18,[[1,-44,[23],24]],[0,"3dnBVw+pNNErdttQPJFXX7",1,0],[5,118,149],[0,0.5,0]],[2,".",2,[-45],[0,"e8I09eprpPa7l8oHCmJW8K",1,0],[5,50,0],[0,0.5,0],[0,-10,0,0,0,0,1,1,1,1]],[3,"New Node",20,[[1,-46,[25],26]],[0,"d7kQr63cxB+pqprHO2I3ke",1,0],[5,60,64],[0,0.5,0]],[2,"0",2,[-47],[0,"27dITGGvtHXIM4miX9Inzw",1,0],[5,90,0],[0,0.5,0],[70,-10,0,0,0,0,1,1,1,1]],[3,"New Node",22,[[1,-48,[27],28]],[0,"58i/12xhxJka7ng3AdvmtJ",1,0],[5,118,149],[0,0.5,0]],[2,"0",2,[-49],[0,"caZ6zOD3pKfKJS7HjRahgk",1,0],[5,90,0],[0,0.5,0],[160,-10,0,0,0,0,1,1,1,1]],[3,"New Node",24,[[1,-50,[29],30]],[0,"c6TcTXwo9P8a9NZYzHujKX",1,0],[5,118,149],[0,0.5,0]],[2,"0",2,[-51],[0,"20MuZC+SNDlZ5SqpfMkelT",1,0],[5,90,0],[0,0.5,0],[250,-10,0,0,0,0,1,1,1,1]],[3,"New Node",26,[[1,-52,[31],32]],[0,"b2J2FV5ENDgKmOiZ6k+fkG",1,0],[5,118,149],[0,0.5,0]],[26,"",true,"900.000",90,50,[null,null,null,null,null,null,null,null,null,null,null,null],2],[4,"infoboard_lv01",3,[[7,0,-53,[33],34]],[0,"22Ai2H4RxKcLAt2Y7oTOXu",1,0],[5,593.6,160.8],[0,-9.243,0,0,0,0,1,1,1,1]],[6,"mh_vfx_a_add",0,3,[[25,1,0,-54,[35],36]],[0,"72mQpOYq5Ff65j75XBWYhL",1,0],[5,572,138],[-0.469,-2.359,0,0,0,0,1,1,1,1]],[14,"collect",3,[[7,2,-55,[37],38]],[0,"ae81D05jBIaJcLSC+XBEtq",1,0],[5,266,70]]],0,[0,4,1,0,5,9,0,6,3,0,7,28,0,0,1,0,-1,7,0,-2,4,0,-3,10,0,-4,5,0,-5,11,0,-6,12,0,-7,6,0,-8,3,0,-1,28,0,-1,14,0,-2,16,0,-3,18,0,-4,20,0,-5,22,0,-6,24,0,-7,26,0,0,3,0,0,3,0,-1,29,0,-2,30,0,-3,31,0,0,4,0,-2,9,0,-1,8,0,0,5,0,0,5,0,-1,13,0,0,7,0,0,8,0,0,10,0,0,11,0,0,12,0,0,13,0,-1,15,0,0,15,0,-1,17,0,0,17,0,-1,19,0,0,19,0,-1,21,0,0,21,0,-1,23,0,0,23,0,-1,25,0,0,25,0,-1,27,0,0,27,0,0,29,0,0,30,0,0,31,0,8,1,2,9,6,55],[0,0,0,0,0,0,0,0,0,0,0,0,0,0,0,0,0,0,0,0,0,0,0,0,0,0,0,0,0,0,0,0,0,0,0,0,0,0,0,0,0,0,9,28],[-1,1,-1,1,-1,1,-1,-1,1,-1,1,2,-1,-1,1,-1,1,-1,1,-1,1,-1,1,-1,1,-1,1,-1,1,-1,1,-1,1,-1,1,-1,1,-1,1,2,-1,3,2,3],[0,6,0,2,0,7,3,0,8,0,9,4,4,0,10,0,2,0,11,0,12,0,1,0,1,0,13,0,1,0,1,0,1,0,14,0,15,0,16,5,5,17,3,18]]]]