[1,["11xkG7QDpJQLnN6T+JWNg0","d0t5+kcaVFiaHGHmSENkiw","34CbvhYwBEN4SuoB5gZwHj"],["_textureSetter","bl_icon","bonus_loading"],["cc.SpriteFrame",["cc.SpriteAtlas",["_name","_spriteFrames"],2,11]],[[1,0,1,2]],[[[{"name":"bonus_loading","rect":[539,1,232,232],"offset":[0,0],"originalSize":[232,232],"capInsets":[0,0,0,0]}],[0],0,[0],[0],[0]],[[{"name":"bl_icon","rect":[1,1,536,399],"offset":[0,0],"originalSize":[536,399],"capInsets":[0,0,0,0]}],[0],0,[0],[0],[0]],[[[0,"Alats68.plist",[{},"bl_icon",6,0,"bonus_loading",6,1]]],0,0,[0,0],[1,2],[1,2]]]]