[1,["fcrDhO50pGWbisv1CJcFB1","c6FU7iD2ZKGIVWbA28QKXM","affNvH1gJAKZpaCg88U3i4","38dcg1Sv1J1qTez3VlzsA7","1cevAFOBVCNJ9v3deyQUvF","4dh5qF93RKBL2ugFinSxpq","a4auNkMPZNl7wiA7ggVImR","9a1JEcT7tG7Igu9ubqw8Q6","2bB00xJopDzY5y1mQFm++a","5ds32qKBFHhrbPwNnjbSAx","f3EX8+IhJFaLNds6I+zUhW","2cPtIXa+pA6LrwODZDA+Vn","04OmJDH0JG25DoFz+IAbxU"],["_textureSetter","0","1","2","3","4","5","6","7","8","9","comma","decimal"],["cc.SpriteFrame",["cc.SpriteAtlas",["_name","_spriteFrames"],2,11]],[[1,0,1,2]],[[[{"name":"decimal","rect":[84,724,60,64],"offset":[0,0],"originalSize":[60,64],"capInsets":[0,0,0,0]}],[0],0,[0],[0],[0]],[[{"name":"3","rect":[1,459,113,150],"offset":[0,0],"originalSize":[113,150],"capInsets":[0,0,0,0]}],[0],0,[0],[0],[0]],[[{"name":"7","rect":[118,152,105,146],"offset":[0,0],"originalSize":[105,146],"capInsets":[0,0,0,0]}],[0],0,[0],[0],[0]],[[{"name":"comma","rect":[1,724,64,81],"offset":[0,0],"originalSize":[64,81],"rotated":1,"capInsets":[0,0,0,0]}],[0],0,[0],[0],[0]],[[{"name":"2","rect":[117,307,118,147],"offset":[0,0],"originalSize":[118,147],"capInsets":[0,0,0,0]}],[0],0,[0],[0],[0]],[[{"name":"4","rect":[1,1,115,151],"offset":[0,0],"originalSize":[115,151],"capInsets":[0,0,0,0]}],[0],0,[0],[0],[0]],[[{"name":"8","rect":[1,307,114,150],"offset":[0,0],"originalSize":[114,150],"capInsets":[0,0,0,0]}],[0],0,[0],[0],[0]],[[{"name":"6","rect":[118,1,111,149],"offset":[0,0],"originalSize":[111,149],"capInsets":[0,0,0,0]}],[0],0,[0],[0],[0]],[[{"name":"5","rect":[1,154,115,151],"offset":[0,0],"originalSize":[115,151],"capInsets":[0,0,0,0]}],[0],0,[0],[0],[0]],[[{"name":"1","rect":[153,610,80,146],"offset":[0,0],"originalSize":[80,146],"capInsets":[0,0,0,0]}],[0],0,[0],[0],[0]],[[{"name":"0","rect":[116,459,118,149],"offset":[0,0],"originalSize":[118,149],"capInsets":[0,0,0,0]}],[0],0,[0],[0],[0]],[[[0,"Alats44.plist",[{},"0",6,0,"1",6,1,"2",6,2,"3",6,3,"4",6,4,"5",6,5,"6",6,6,"7",6,7,"8",6,8,"9",6,9,"comma",6,10,"decimal",6,11]]],0,0,[0,0,0,0,0,0,0,0,0,0,0,0],[1,2,3,4,5,6,7,8,9,10,11,12],[1,2,3,4,5,6,7,8,9,10,11,12]],[[{"name":"9","rect":[1,611,111,150],"offset":[0,0],"originalSize":[111,150],"rotated":1,"capInsets":[0,0,0,0]}],[0],0,[0],[0],[0]]]]