[1,["058yqLhp9F1I1IAhaVrR3H","2e4MKQ2+RKJ6hdh2gVxPqn","9bLXPtg9hHV6cmFomvXqJv","a7nI9h3dFFJqCYZn6+OpF2","63lDjbmEJPYIVd/yLk2NUa"],["_textureSetter","s_scatter","s_scatter_blur","wild_b","wild_b_blur"],["cc.SpriteFrame",["cc.SpriteAtlas",["_name","_spriteFrames"],2,11]],[[1,0,1,2]],[[[[0,"Alats64.plist",[{},"s_scatter",6,0,"s_scatter_blur",6,1,"wild_b",6,2,"wild_b_blur",6,3]]],0,0,[0,0,0,0],[1,2,3,4],[1,2,3,4]],[[{"name":"wild_b_blur","rect":[505,128,125,125],"offset":[0,0],"originalSize":[125,125],"capInsets":[0,0,0,0]}],[0],0,[0],[0],[0]],[[{"name":"s_scatter_blur","rect":[505,1,125,125],"offset":[0,0],"originalSize":[125,125],"capInsets":[0,0,0,0]}],[0],0,[0],[0],[0]]]]