[1,["aaXw5O/BNDjaQJe81IVp2F","4aVIpqc2tAEL82hIX3ti9O","b77DZQyR5OXK0X7d9PdVZ2","6fkVNJdHJEhay0I4T5SjZB","8eOqX90ENEqJscQJI2Xl1f","74u77fkIJJ6amomSPjplNf"],["_textureSetter","ui_top_bar_bonus","ui_reel_bonus_dragon","ui_bg_b_bonus","ui_footer","ui_bg_c_bonus"],["cc.SpriteFrame",["cc.SpriteAtlas",["_name","_spriteFrames"],2,11]],[[1,0,1,2]],[[[{"name":"ui_reel_bonus_dragon","rect":[543,1,275,616],"offset":[0,0],"originalSize":[275,616],"capInsets":[0,0,0,0]}],[0],0,[0],[0],[0]],[[[0,"Alats51.plist",[{},"ui_top_bar_bonus",6,0,"ui_reel_bonus_dragon",6,1,"ui_bg_b_bonus",6,2,"ui_footer",6,3,"ui_bg_c_bonus",6,4]]],0,0,[0,0,0,0,0],[1,2,3,4,5],[1,2,3,4,5]]]]