[1,["53oIdC3aBHqJ+mjzISzfRR","56UjHD3yxD9qtHh5ace4is","3boKjO7JhEi7BDk8vehubo","d08ED8r7dPo58tLUMc5ml2","18sghod0JLDpLllu8yESJE","24+Zn/hpBKwbYfG3jk8Rrz","bfOMEMuTdH/6mtumtWMLwX","bfOSLfhUZKeZoxgfyBQ9rf","c3GlkdsfBH+4+5YzQR8Dui","f2D9MWAx9A8ZNO16ytEa+w","35NaKpOORFRZicH6HOWMJP","7c/UvWv4dPVbIJB7W7bf7Q","bfh2ct1OxDCIHLejR1RErS","b33TmMub1BFZAaDWkpnwXH","dbW7Ndd5VKvLTu041yBWP4","48R1lzHvZHwZ7QlfwxLyTZ","5aFZiTyLBKgaMsXguaxWZ2","82ZLpdZBNEXLHt4ypcX7YR"],["_textureSetter","dragon_particle_screen_mode_15","dragon_particle_screen_mode_18","dragon_particle_screen_mode_20","dragon_particle_screen_mode_11","dragon_particle_screen_mode_12","dragon_particle_screen_mode_19","dragon_particle_screen_mode_25","dragon_particle_screen_mode_08","dragon_particle_screen_mode_10","dragon_particle_screen_mode_24","dragon_particle_screen_mode_42","dragon_particle_screen_mode_23","dragon_particle_screen_mode_17","dragon_particle_screen_mode_21","dragon_particle_screen_mode_40","dragon_particle_screen_mode_22","dragon_particle_screen_mode_09"],["cc.SpriteFrame",["cc.SpriteAtlas",["_name","_spriteFrames"],2,11]],[[1,0,1,2]],[[[[0,"Alats61.plist",[{},"dragon_particle_screen_mode_15",6,0,"dragon_particle_screen_mode_18",6,1,"dragon_particle_screen_mode_20",6,2,"dragon_particle_screen_mode_11",6,3,"dragon_particle_screen_mode_12",6,4,"dragon_particle_screen_mode_19",6,5,"dragon_particle_screen_mode_25",6,6,"dragon_particle_screen_mode_08",6,7,"dragon_particle_screen_mode_10",6,8,"dragon_particle_screen_mode_24",6,9,"dragon_particle_screen_mode_42",6,10,"dragon_particle_screen_mode_23",6,11,"dragon_particle_screen_mode_17",6,12,"dragon_particle_screen_mode_21",6,13,"dragon_particle_screen_mode_40",6,14,"dragon_particle_screen_mode_22",6,15,"dragon_particle_screen_mode_09",6,16]]],0,0,[0,0,0,0,0,0,0,0,0,0,0,0,0,0,0,0,0],[1,2,3,4,5,6,7,8,9,10,11,12,13,14,15,16,17],[1,2,3,4,5,6,7,8,9,10,11,12,13,14,15,16,17]],[[{"name":"dragon_particle_screen_mode_11","rect":[637,235,106,323],"offset":[-3,-4],"originalSize":[194,421],"rotated":1,"capInsets":[0,0,0,0]}],[0],0,[0],[0],[0]],[[{"name":"dragon_particle_screen_mode_12","rect":[637,123,110,327],"offset":[-2,-2],"originalSize":[194,421],"rotated":1,"capInsets":[0,0,0,0]}],[0],0,[0],[0],[0]],[[{"name":"dragon_particle_screen_mode_24","rect":[1,1,128,375],"offset":[3,11],"originalSize":[194,421],"capInsets":[0,0,0,0]}],[0],0,[0],[0],[0]],[[{"name":"dragon_particle_screen_mode_18","rect":[387,368,124,357],"offset":[2,5],"originalSize":[194,421],"capInsets":[0,0,0,0]}],[0],0,[0],[0],[0]],[[{"name":"dragon_particle_screen_mode_40","rect":[513,352,120,339],"offset":[0,7],"originalSize":[194,421],"capInsets":[0,0,0,0]}],[0],0,[0],[0],[0]],[[{"name":"dragon_particle_screen_mode_15","rect":[635,445,120,337],"offset":[0,3],"originalSize":[194,421],"rotated":1,"capInsets":[0,0,0,0]}],[0],0,[0],[0],[0]],[[{"name":"dragon_particle_screen_mode_22","rect":[257,1,126,371],"offset":[3,10],"originalSize":[194,421],"capInsets":[0,0,0,0]}],[0],0,[0],[0],[0]],[[{"name":"dragon_particle_screen_mode_42","rect":[637,1,120,331],"offset":[0,11],"originalSize":[194,421],"rotated":1,"capInsets":[0,0,0,0]}],[0],0,[0],[0],[0]],[[{"name":"dragon_particle_screen_mode_09","rect":[635,567,98,311],"offset":[-5,-9],"originalSize":[194,421],"rotated":1,"capInsets":[0,0,0,0]}],[0],0,[0],[0],[0]],[[{"name":"dragon_particle_screen_mode_17","rect":[511,1,124,349],"offset":[1,5],"originalSize":[194,421],"capInsets":[0,0,0,0]}],[0],0,[0],[0],[0]],[[{"name":"dragon_particle_screen_mode_19","rect":[385,1,124,365],"offset":[2,5],"originalSize":[194,421],"capInsets":[0,0,0,0]}],[0],0,[0],[0],[0]],[[{"name":"dragon_particle_screen_mode_25","rect":[1,378,128,375],"offset":[3,11],"originalSize":[194,421],"capInsets":[0,0,0,0]}],[0],0,[0],[0],[0]],[[{"name":"dragon_particle_screen_mode_23","rect":[259,374,126,371],"offset":[3,10],"originalSize":[194,421],"capInsets":[0,0,0,0]}],[0],0,[0],[0],[0]],[[{"name":"dragon_particle_screen_mode_08","rect":[635,667,98,293],"offset":[-6,-17],"originalSize":[194,421],"rotated":1,"capInsets":[0,0,0,0]}],[0],0,[0],[0],[0]],[[{"name":"dragon_particle_screen_mode_20","rect":[131,378,126,371],"offset":[2,5],"originalSize":[194,421],"capInsets":[0,0,0,0]}],[0],0,[0],[0],[0]],[[{"name":"dragon_particle_screen_mode_21","rect":[131,1,124,375],"offset":[4,4],"originalSize":[194,421],"capInsets":[0,0,0,0]}],[0],0,[0],[0],[0]],[[{"name":"dragon_particle_screen_mode_10","rect":[637,343,100,321],"offset":[-4,-4],"originalSize":[194,421],"rotated":1,"capInsets":[0,0,0,0]}],[0],0,[0],[0],[0]]]]