[1,["2cJ7lGLi9BMZltCrRPqun1","26zK/tBhxOYLELelr/P94+","752Ba9FgpLBI49uOXQByfW","51gvPL6TtJuZXo/L7DferV","27gTKok8pNpID1NDzIThSV","70hHn1QedEp5tbGS+KcUQq"],["_textureSetter","mh_vfx_a_add","tw_page","tw_vfx_c_screen","tw_vfx_b_add","tw_vfx_a_add"],["cc.SpriteFrame",["cc.SpriteAtlas",["_name","_spriteFrames"],2,11]],[[1,0,1,2]],[[[{"name":"mh_vfx_a_add","rect":[869,622,286,69],"offset":[0,0],"originalSize":[286,69],"rotated":1,"capInsets":[0,0,0,0]}],[0],0,[0],[0],[0]],[[{"name":"tw_vfx_b_add","rect":[435,1,432,936],"offset":[0,0],"originalSize":[432,936],"capInsets":[0,0,0,0]}],[0],0,[0],[0],[0]],[[{"name":"tw_vfx_c_screen","rect":[869,1,432,374],"offset":[0,0],"originalSize":[432,374],"rotated":1,"capInsets":[0,0,0,0]}],[0],0,[0],[0],[0]],[[{"name":"tw_vfx_a_add","rect":[869,435,329,185],"offset":[0,0],"originalSize":[329,185],"capInsets":[0,0,0,0]}],[0],0,[0],[0],[0]],[[{"name":"tw_page","rect":[1,1,432,936],"offset":[0,0],"originalSize":[432,936],"capInsets":[0,0,0,0]}],[0],0,[0],[0],[0]],[[[0,"Alats32.plist",[{},"mh_vfx_a_add",6,0,"tw_page",6,1,"tw_vfx_c_screen",6,2,"tw_vfx_b_add",6,3,"tw_vfx_a_add",6,4]]],0,0,[0,0,0,0,0],[1,2,3,4,5],[1,2,3,4,5]]]]