[1,["26IOusf8xKXIJVm0xzb2JD","cbW1q/afFEkbgPtSksyM09","e2Yg6n//FLbqimvJssnYhM","73hzPl3t1KObq+9fnDYAOk","3dOv/mHslN+5sE/dD8zGen","51DfxzkDpMM5SbMQ5mSnW0","aa709cD0xAE5AiR8gLu20G","dee4OldaRFrLrSaDCcTMz1","19riVJlzZGhKpTTKTot25T","dc5LgDUABJ9odsD/yy1cDh","e3/DmFYR5Ij7iXJowUAWNf"],["_textureSetter","infoboard_lv02_vfx_i_add_10","infoboard_lv02_vfx_i_add_08","infoboard_lv02_vfx_i_add_09","infoboard_lv02_vfx_i_add_01","infoboard_lv02_vfx_i_add_06","infoboard_lv02_vfx_i_add_04","infoboard_lv02_vfx_i_add_07","infoboard_lv02_vfx_i_add_03","infoboard_lv02_vfx_i_add_02","infoboard_lv02_vfx_i_add_05"],["cc.SpriteFrame",["cc.SpriteAtlas",["_name","_spriteFrames"],2,11]],[[1,0,1,2]],[[[{"name":"infoboard_lv02_vfx_i_add_03","rect":[1,411,357,76],"offset":[5,-5],"originalSize":[367,186],"capInsets":[0,0,0,0]}],[0],0,[0],[0],[0]],[[{"name":"infoboard_lv02_vfx_i_add_01","rect":[1,489,355,80],"offset":[6,-4],"originalSize":[367,186],"capInsets":[0,0,0,0]}],[0],0,[0],[0],[0]],[[{"name":"infoboard_lv02_vfx_i_add_06","rect":[1,85,367,80],"offset":[0,-4],"originalSize":[367,186],"capInsets":[0,0,0,0]}],[0],0,[0],[0],[0]],[[[0,"Alats22.plist",[{},"infoboard_lv02_vfx_i_add_10",6,0,"infoboard_lv02_vfx_i_add_08",6,1,"infoboard_lv02_vfx_i_add_09",6,2,"infoboard_lv02_vfx_i_add_01",6,3,"infoboard_lv02_vfx_i_add_06",6,4,"infoboard_lv02_vfx_i_add_04",6,5,"infoboard_lv02_vfx_i_add_07",6,6,"infoboard_lv02_vfx_i_add_03",6,7,"infoboard_lv02_vfx_i_add_02",6,8,"infoboard_lv02_vfx_i_add_05",6,9]]],0,0,[0,0,0,0,0,0,0,0,0,0],[1,2,3,4,5,6,7,8,9,10],[1,2,3,4,5,6,7,8,9,10]],[[{"name":"infoboard_lv02_vfx_i_add_09","rect":[1,249,365,80],"offset":[1,-2],"originalSize":[367,186],"capInsets":[0,0,0,0]}],[0],0,[0],[0],[0]],[[{"name":"infoboard_lv02_vfx_i_add_04","rect":[370,1,359,82],"offset":[4,-7],"originalSize":[367,186],"rotated":1,"capInsets":[0,0,0,0]}],[0],0,[0],[0],[0]],[[{"name":"infoboard_lv02_vfx_i_add_10","rect":[1,649,347,78],"offset":[10,-1],"originalSize":[367,186],"capInsets":[0,0,0,0]}],[0],0,[0],[0],[0]],[[{"name":"infoboard_lv02_vfx_i_add_02","rect":[1,571,355,76],"offset":[6,-6],"originalSize":[367,186],"capInsets":[0,0,0,0]}],[0],0,[0],[0],[0]],[[{"name":"infoboard_lv02_vfx_i_add_07","rect":[1,1,367,82],"offset":[0,-5],"originalSize":[367,186],"capInsets":[0,0,0,0]}],[0],0,[0],[0],[0]],[[{"name":"infoboard_lv02_vfx_i_add_08","rect":[1,167,365,80],"offset":[0,-3],"originalSize":[367,186],"capInsets":[0,0,0,0]}],[0],0,[0],[0],[0]],[[{"name":"infoboard_lv02_vfx_i_add_05","rect":[1,331,361,78],"offset":[3,-6],"originalSize":[367,186],"capInsets":[0,0,0,0]}],[0],0,[0],[0],[0]]]]