[1,["aaXw5O/BNDjaQJe81IVp2F","4aVIpqc2tAEL82hIX3ti9O","b77DZQyR5OXK0X7d9PdVZ2","6fkVNJdHJEhay0I4T5SjZB","8eOqX90ENEqJscQJI2Xl1f","74u77fkIJJ6amomSPjplNf"],["_textureSetter","ui_top_bar_bonus","ui_reel_bonus_dragon","ui_bg_b_bonus","ui_footer","ui_bg_c_bonus"],["cc.SpriteFrame",["cc.SpriteAtlas",["_name","_spriteFrames"],2,11]],[[1,0,1,2]],[[[{"name":"ui_top_bar_bonus","rect":[1,459,540,62],"offset":[0,0],"originalSize":[540,62],"capInsets":[0,0,0,0]}],[0],0,[0],[0],[0]],[[{"name":"ui_bg_b_bonus","rect":[820,308,202,302],"offset":[0,0],"originalSize":[202,302],"capInsets":[0,0,0,0]}],[0],0,[0],[0],[0]],[[{"name":"ui_bg_c_bonus","rect":[820,1,202,305],"offset":[0,0],"originalSize":[202,305],"capInsets":[0,0,0,0]}],[0],0,[0],[0],[0]],[[{"name":"ui_footer","rect":[1,1,540,456],"offset":[0,-3],"originalSize":[540,462],"capInsets":[0,0,0,0]}],[0],0,[0],[0],[0]],[[{"name":"ui_reel_bonus_dragon","rect":[543,1,275,616],"offset":[0,0],"originalSize":[275,616],"capInsets":[0,0,0,0]}],[0],0,[0],[0],[0]],[[[0,"Alats51.plist",[{},"ui_top_bar_bonus",6,0,"ui_reel_bonus_dragon",6,1,"ui_bg_b_bonus",6,2,"ui_footer",6,3,"ui_bg_c_bonus",6,4]]],0,0,[0,0,0,0,0],[1,2,3,4,5],[1,2,3,4,5]]]]