[
  1,
  [
    "4bX51/uvZIabB4zoVc9k+C",
    "46o1O0WIFKFaYzOs/n8UQ0",
    "17ozI4dUpGuI0bApyYXe05",
    "a60VUGFyBGeK6EDFuJd4LJ",
    "4dUUdFJ39MvqsKgJj6mCwE"
  ],
  [
    "_textureSetter",
    "sb_vfx_b_screen",
    "sb_vfx_a_screen",
    "sb_vfx_e_add",
    "mh_vfx_01_add"
  ],
  [
    "cc.SpriteFrame",
    [
      "cc.SpriteAtlas",
      [
        "_name",
        "_spriteFrames"
      ],
      2,
      11
    ]
  ],
  [
    [
      1,
      0,
      1,
      2
    ]
  ],
  [
    [
      [
        {
          "name": "sb_vfx_a_screen",
          "rect": [
            130,
            1,
            241,
            241
          ],
          "offset": [
            0,
            0
          ],
          "originalSize": [
            241,
            241
          ],
          "capInsets": [
            0,
            0,
            0,
            0
          ]
        }
      ],
      [
        0
      ],
      0,
      [
        0
      ],
      [
        0
      ],
      [
        0
      ]
    ],
    [
      [
        {
          "name": "mh_vfx_01_add",
          "rect": [
            1,
            1,
            127,
            126
          ],
          "offset": [
            0,
            0
          ],
          "originalSize": [
            127,
            126
          ],
          "capInsets": [
            0,
            0,
            0,
            0
          ]
        }
      ],
      [
        0
      ],
      0,
      [
        0
      ],
      [
        0
      ],
      [
        0
      ]
    ],
    [
      [
        [
          0,
          "Alats5.plist",
          [
            {},
            "sb_vfx_b_screen",
            6,
            0,
            "sb_vfx_a_screen",
            6,
            1,
            "sb_vfx_e_add",
            6,
            2,
            "mh_vfx_01_add",
            6,
            3
          ]
        ]
      ],
      0,
      0,
      [
        0,
        0,
        0,
        0
      ],
      [
        1,
        2,
        3,
        4
      ],
      [
        1,
        2,
        3,
        4
      ]
    ]
  ]
]