[
  1,
  [
    "00x21jEQRC6oDTHFJdvvYX"
  ],
  [
    "_textureSetter"
  ],
  [
    "cc.SpriteFrame"
  ],
  0,
  [
    [
      [
        {
          "name": "fsw_vfx_c_add_02",
          "rect": [
            1,
            1185,
            360,
            308
          ],
          "offset": [
            -8,
            8
          ],
          "originalSize": [
            540,
            576
          ],
          "capInsets": [
            0,
            0,
            0,
            0
          ]
        }
      ],
      [
        0
      ],
      0,
      [
        0
      ],
      [
        0
      ],
      [
        0
      ]
    ],
    [
      [
        {
          "name": "fsw_vfx_c_add_11",
          "rect": [
            1,
            395,
            472,
            394
          ],
          "offset": [
            6,
            18
          ],
          "originalSize": [
            540,
            576
          ],
          "capInsets": [
            0,
            0,
            0,
            0
          ]
        }
      ],
      [
        0
      ],
      0,
      [
        0
      ],
      [
        0
      ],
      [
        0
      ]
    ],
    [
      [
        {
          "name": "fsw_vfx_c_add_06",
          "rect": [
            953,
            385,
            464,
            372
          ],
          "offset": [
            -6,
            15
          ],
          "originalSize": [
            540,
            576
          ],
          "capInsets": [
            0,
            0,
            0,
            0
          ]
        }
      ],
      [
        0
      ],
      0,
      [
        0
      ],
      [
        0
      ],
      [
        0
      ]
    ],
    [
      [
        {
          "name": "fsw_vfx_c_add_09",
          "rect": [
            1,
            1,
            474,
            392
          ],
          "offset": [
            -2,
            15
          ],
          "originalSize": [
            540,
            576
          ],
          "capInsets": [
            0,
            0,
            0,
            0
          ]
        }
      ],
      [
        0
      ],
      0,
      [
        0
      ],
      [
        0
      ],
      [
        0
      ]
    ],
    [
      [
        {
          "name": "fsw_vfx_c_add_08",
          "rect": [
            477,
            1,
            474,
            390
          ],
          "offset": [
            -5,
            14
          ],
          "originalSize": [
            540,
            576
          ],
          "capInsets": [
            0,
            0,
            0,
            0
          ]
        }
      ],
      [
        0
      ],
      0,
      [
        0
      ],
      [
        0
      ],
      [
        0
      ]
    ],
    [
      [
        {
          "name": "fsw_vfx_c_add_01",
          "rect": [
            1153,
            1117,
            286,
            256
          ],
          "offset": [
            -10,
            6
          ],
          "originalSize": [
            540,
            576
          ],
          "rotated": 1,
          "capInsets": [
            0,
            0,
            0,
            0
          ]
        }
      ],
      [
        0
      ],
      0,
      [
        0
      ],
      [
        0
      ],
      [
        0
      ]
    ],
    [
      [
        {
          "name": "fsw_vfx_c_add_14",
          "rect": [
            1419,
            755,
            456,
            396
          ],
          "offset": [
            28,
            18
          ],
          "originalSize": [
            540,
            576
          ],
          "capInsets": [
            0,
            0,
            0,
            0
          ]
        }
      ],
      [
        0
      ],
      0,
      [
        0
      ],
      [
        0
      ],
      [
        0
      ]
    ],
    [
      [
        {
          "name": "fsw_vfx_c_add_17",
          "rect": [
            1411,
            1153,
            270,
            340
          ],
          "offset": [
            10,
            169
          ],
          "originalSize": [
            540,
            1170
          ],
          "rotated": 1,
          "capInsets": [
            0,
            0,
            0,
            0
          ]
        }
      ],
      [
        0
      ],
      0,
      [
        0
      ],
      [
        0
      ],
      [
        0
      ]
    ],
    [
      [
        {
          "name": "fsw_vfx_c_add_12",
          "rect": [
            1425,
            1,
            456,
            390
          ],
          "offset": [
            19,
            15
          ],
          "originalSize": [
            540,
            576
          ],
          "capInsets": [
            0,
            0,
            0,
            0
          ]
        }
      ],
      [
        0
      ],
      0,
      [
        0
      ],
      [
        0
      ],
      [
        0
      ]
    ],
    [
      [
        {
          "name": "fsw_vfx_c_add_05",
          "rect": [
            477,
            393,
            454,
            364
          ],
          "offset": [
            -6,
            14
          ],
          "originalSize": [
            540,
            576
          ],
          "capInsets": [
            0,
            0,
            0,
            0
          ]
        }
      ],
      [
        0
      ],
      0,
      [
        0
      ],
      [
        0
      ],
      [
        0
      ]
    ],
    [
      [
        {
          "name": "fsw_vfx_c_add_13",
          "rect": [
            475,
            759,
            454,
            372
          ],
          "offset": [
            24,
            6
          ],
          "originalSize": [
            540,
            576
          ],
          "capInsets": [
            0,
            0,
            0,
            0
          ]
        }
      ],
      [
        0
      ],
      0,
      [
        0
      ],
      [
        0
      ],
      [
        0
      ]
    ],
    [
      [
        {
          "name": "fsw_vfx_c_add_07",
          "rect": [
            953,
            1,
            470,
            382
          ],
          "offset": [
            -5,
            15
          ],
          "originalSize": [
            540,
            576
          ],
          "capInsets": [
            0,
            0,
            0,
            0
          ]
        }
      ],
      [
        0
      ],
      0,
      [
        0
      ],
      [
        0
      ],
      [
        0
      ]
    ],
    [
      [
        {
          "name": "fsw_vfx_c_add_10",
          "rect": [
            1,
            791,
            468,
            392
          ],
          "offset": [
            4,
            18
          ],
          "originalSize": [
            540,
            576
          ],
          "capInsets": [
            0,
            0,
            0,
            0
          ]
        }
      ],
      [
        0
      ],
      0,
      [
        0
      ],
      [
        0
      ],
      [
        0
      ]
    ],
    [
      [
        {
          "name": "fsw_vfx_c_add_00",
          "rect": [
            1753,
            1153,
            184,
            170
          ],
          "offset": [
            -7,
            6
          ],
          "originalSize": [
            540,
            576
          ],
          "rotated": 1,
          "capInsets": [
            0,
            0,
            0,
            0
          ]
        }
      ],
      [
        0
      ],
      0,
      [
        0
      ],
      [
        0
      ],
      [
        0
      ]
    ],
    [
      [
        {
          "name": "fsw_vfx_c_add_03",
          "rect": [
            471,
            1133,
            408,
            338
          ],
          "offset": [
            -6,
            10
          ],
          "originalSize": [
            540,
            576
          ],
          "capInsets": [
            0,
            0,
            0,
            0
          ]
        }
      ],
      [
        0
      ],
      0,
      [
        0
      ],
      [
        0
      ],
      [
        0
      ]
    ],
    [
      [
        {
          "name": "fsw_vfx_c_add_16",
          "rect": [
            881,
            1133,
            270,
            352
          ],
          "offset": [
            -1,
            176
          ],
          "originalSize": [
            540,
            1170
          ],
          "capInsets": [
            0,
            0,
            0,
            0
          ]
        }
      ],
      [
        0
      ],
      0,
      [
        0
      ],
      [
        0
      ],
      [
        0
      ]
    ],
    [
      [
        {
          "name": "fsw_vfx_c_add_15",
          "rect": [
            1419,
            393,
            462,
            360
          ],
          "offset": [
            30,
            0
          ],
          "originalSize": [
            540,
            576
          ],
          "capInsets": [
            0,
            0,
            0,
            0
          ]
        }
      ],
      [
        0
      ],
      0,
      [
        0
      ],
      [
        0
      ],
      [
        0
      ]
    ],
    [
      [
        {
          "name": "fsw_vfx_c_add_04",
          "rect": [
            931,
            759,
            436,
            356
          ],
          "offset": [
            -5,
            12
          ],
          "originalSize": [
            540,
            576
          ],
          "capInsets": [
            0,
            0,
            0,
            0
          ]
        }
      ],
      [
        0
      ],
      0,
      [
        0
      ],
      [
        0
      ],
      [
        0
      ]
    ]
  ]
]