[
  1,
  [
    "0a0nWEaCpH1IfHCsAJsKAY"
  ],
  [
    "_textureSetter"
  ],
  [
    "cc.SpriteFrame"
  ],
  0,
  [
    [
      [
        {
          "name": "sb_arrow_blur",
          "rect": [
            1,
            306,
            122,
            118
          ],
          "offset": [
            5,
            1
          ],
          "originalSize": [
            168,
            168
          ],
          "capInsets": [
            0,
            0,
            0,
            0
          ]
        }
      ],
      [
        0
      ],
      0,
      [
        0
      ],
      [
        0
      ],
      [
        0
      ]
    ],
    [
      [
        {
          "name": "sb_arrow_grey",
          "rect": [
            275,
            186,
            116,
            116
          ],
          "offset": [
            3,
            0
          ],
          "originalSize": [
            168,
            168
          ],
          "capInsets": [
            0,
            0,
            0,
            0
          ]
        }
      ],
      [
        0
      ],
      0,
      [
        0
      ],
      [
        0
      ],
      [
        0
      ]
    ],
    [
      [
        {
          "name": "sb_vfx_c_normal",
          "rect": [
            1,
            151,
            154,
            153
          ],
          "offset": [
            0,
            0
          ],
          "originalSize": [
            154,
            153
          ],
          "capInsets": [
            0,
            0,
            0,
            0
          ]
        }
      ],
      [
        0
      ],
      0,
      [
        0
      ],
      [
        0
      ],
      [
        0
      ]
    ]
  ]
]