[1,["aflM8zi7ZE64neHo0BcceX","150gSg2JZIyabAOeOKC4IJ","65j7OKV5pKiIj+MKohG+sd","85UMHtU7tNqbKLLWNXpCPK","0fE/tVD3hD3ptIQdz/Qpnr","7eGCPhYz5Eu4tMpwHBzbka","13U8ZHV8hAJKJE55si9EVO","d47bfyTcRDCK3c8taIGy+1","dacyDXV6RDlKpZvcA0YQfq","d8jAI8CaFNAKB10LHgbsSP","c4kNOUFmBONJpSRFESaCo9","1dsM/suSJJUq1VYPEy1dj9","06FT+NWK9IKpUR3Pa6dIY2","9dAuxKhi1LjrN0HuwFn6U1","3894TbfQtOMrJoQf3z9FaC","46xO9wNyJEsJjLJiV1qtAg","6aNz/j7D1MTo9DQl7CVFBP","475tIN1ZJOTaMzGY2OuU1t","18GNU+mz9M0IEG5X15VBZq","17cr8zTLdME46GNAPdX2LS","15JKPzXQ9Dw5XmIel0/MMn","8bVSno0oZJhogSxZPsuXWG","1eDofLIXxJWazqIHpEg8g4","78LKsdxC1GM6SOjSGmzwkI","549dyB/npMWZ3Zt5epy2cM","aa5BHImbVIxoJVNRz3JTtg","c4assz4LNB978vfsst4Nyj","1aKy04BGVALoxBhr6SGGGH","01Qq03/fpGJLFW/Q1yk7Xz","c83TahqGdC64nYek3R8cg7","f4psvfiV9PEbGVbUNt6piP"],["_textureSetter","wh_vfx_d_02_17","wh_vfx_d_02_04","wh_vfx_d_02_13","wh_vfx_d_02_22","wh_vfx_d_02_20","wh_vfx_d_02_12","wh_vfx_d_02_00","wh_vfx_d_02_03","wh_vfx_d_02_11","wh_vfx_d_02_29","wh_vfx_d_02_28","wh_vfx_d_02_05","wh_vfx_d_02_09","wh_vfx_d_02_26","wh_vfx_d_02_14","wh_vfx_d_02_08","wh_vfx_d_02_21","wh_vfx_d_02_10","wh_vfx_d_02_07","wh_vfx_d_02_24","wh_vfx_d_02_18","wh_vfx_d_02_01","wh_vfx_d_02_15","wh_vfx_d_02_23","wh_vfx_d_02_02","wh_vfx_d_02_25","wh_vfx_d_02_16","wh_vfx_d_02_19","wh_vfx_d_02_27","wh_vfx_d_02_06"],["cc.SpriteFrame",["cc.SpriteAtlas",["_name","_spriteFrames"],2,11]],[[1,0,1,2]],[[[[0,"Alats5.plist",[{},"wh_vfx_d_02_17",6,0,"wh_vfx_d_02_04",6,1,"wh_vfx_d_02_13",6,2,"wh_vfx_d_02_22",6,3,"wh_vfx_d_02_20",6,4,"wh_vfx_d_02_12",6,5,"wh_vfx_d_02_00",6,6,"wh_vfx_d_02_03",6,7,"wh_vfx_d_02_11",6,8,"wh_vfx_d_02_29",6,9,"wh_vfx_d_02_28",6,10,"wh_vfx_d_02_05",6,11,"wh_vfx_d_02_09",6,12,"wh_vfx_d_02_26",6,13,"wh_vfx_d_02_14",6,14,"wh_vfx_d_02_08",6,15,"wh_vfx_d_02_21",6,16,"wh_vfx_d_02_10",6,17,"wh_vfx_d_02_07",6,18,"wh_vfx_d_02_24",6,19,"wh_vfx_d_02_18",6,20,"wh_vfx_d_02_01",6,21,"wh_vfx_d_02_15",6,22,"wh_vfx_d_02_23",6,23,"wh_vfx_d_02_02",6,24,"wh_vfx_d_02_25",6,25,"wh_vfx_d_02_16",6,26,"wh_vfx_d_02_19",6,27,"wh_vfx_d_02_27",6,28,"wh_vfx_d_02_06",6,29]]],0,0,[0,0,0,0,0,0,0,0,0,0,0,0,0,0,0,0,0,0,0,0,0,0,0,0,0,0,0,0,0,0],[1,2,3,4,5,6,7,8,9,10,11,12,13,14,15,16,17,18,19,20,21,22,23,24,25,26,27,28,29,30],[1,2,3,4,5,6,7,8,9,10,11,12,13,14,15,16,17,18,19,20,21,22,23,24,25,26,27,28,29,30]],[[{"name":"wh_vfx_d_02_13","rect":[501,333,167,333],"offset":[0,0],"originalSize":[167,333],"capInsets":[0,0,0,0]}],[0],0,[0],[0],[0]],[[{"name":"wh_vfx_d_02_00","rect":[0,0,167,333],"offset":[0,0],"originalSize":[167,333],"capInsets":[0,0,0,0]}],[0],0,[0],[0],[0]]]]