[1,["61fwn1E2FHVKso6voEGnX5","96fhQxbslFoJDpq07T2TNL","aaCMC8feJEPIhWPnmU+ZZZ","6eqRy1M8pGCL13dyzozssn","ea4o0+2sFER508f422H+fH","7b32N+9CBLgZE04+ALNjht"],["_textureSetter","s_wild_b_blur","s_mul_blur","s_plus_blur","s_wild_a_blur","s_fspins_blur"],["cc.SpriteFrame",["cc.SpriteAtlas",["_name","_spriteFrames"],2,11]],[[1,0,1,2]],[[[[0,"Alats28.plist",[{},"s_wild_b_blur",6,0,"s_mul_blur",6,1,"s_plus_blur",6,2,"s_wild_a_blur",6,3,"s_fspins_blur",6,4]]],0,0,[0,0,0,0,0],[1,2,3,4,5],[1,2,3,4,5]],[[{"name":"s_plus_blur","rect":[1,866,175,175],"offset":[0,0],"originalSize":[175,175],"capInsets":[0,0,0,0]}],[0],0,[0],[0],[0]],[[{"name":"s_fspins_blur","rect":[1,512,175,175],"offset":[0,0],"originalSize":[175,175],"capInsets":[0,0,0,0]}],[0],0,[0],[0],[0]],[[{"name":"s_wild_b_blur","rect":[1,1,175,509],"offset":[0,0],"originalSize":[175,509],"capInsets":[0,0,0,0]}],[0],0,[0],[0],[0]],[[{"name":"s_mul_blur","rect":[1,689,175,175],"offset":[0,0],"originalSize":[175,175],"capInsets":[0,0,0,0]}],[0],0,[0],[0],[0]],[[{"name":"s_wild_a_blur","rect":[1,1043,175,175],"offset":[0,0],"originalSize":[175,175],"capInsets":[0,0,0,0]}],[0],0,[0],[0],[0]]]]