[1,["71FFvjRIZNY5ZAKTorzFEk"],["_textureSetter"],["cc.SpriteFrame"],0,[[[{"name":"ib_vfx_b_spawn_16","rect":[432,713,257,82],"offset":[-10,-16],"originalSize":[429,122],"capInsets":[0,0,0,0]}],[0],0,[0],[0],[0]],[[{"name":"ib_vfx_b_spawn_01","rect":[432,325,427,90],"offset":[-1,11],"originalSize":[429,122],"capInsets":[0,0,0,0]}],[0],0,[0],[0],[0]],[[{"name":"ib_vfx_b_spawn_06","rect":[432,1,429,108],"offset":[0,3],"originalSize":[429,122],"capInsets":[0,0,0,0]}],[0],0,[0],[0],[0]],[[{"name":"ib_vfx_b_spawn_00","rect":[1,749,407,60],"offset":[4,7],"originalSize":[429,122],"capInsets":[0,0,0,0]}],[0],0,[0],[0],[0]],[[{"name":"ib_vfx_b_spawn_14","rect":[432,619,307,92],"offset":[0,-15],"originalSize":[429,122],"capInsets":[0,0,0,0]}],[0],0,[0],[0],[0]],[[{"name":"ib_vfx_b_spawn_09","rect":[1,1,429,114],"offset":[0,0],"originalSize":[429,122],"capInsets":[0,0,0,0]}],[0],0,[0],[0],[0]],[[{"name":"ib_vfx_b_spawn_04","rect":[1,553,429,98],"offset":[0,6],"originalSize":[429,122],"capInsets":[0,0,0,0]}],[0],0,[0],[0],[0]],[[{"name":"ib_vfx_b_spawn_15","rect":[803,417,335,80],"offset":[-13,-14],"originalSize":[429,122],"rotated":1,"capInsets":[0,0,0,0]}],[0],0,[0],[0],[0]],[[{"name":"ib_vfx_b_spawn_11","rect":[1,653,429,94],"offset":[0,-12],"originalSize":[429,122],"capInsets":[0,0,0,0]}],[0],0,[0],[0],[0]],[[{"name":"ib_vfx_b_spawn_18","rect":[741,619,3,3],"offset":[-213,59.5],"originalSize":[429,122],"capInsets":[0,0,0,0]}],[0],0,[0],[0],[0]],[[{"name":"ib_vfx_b_spawn_13","rect":[432,527,367,90],"offset":[31,-16],"originalSize":[429,122],"capInsets":[0,0,0,0]}],[0],0,[0],[0],[0]],[[{"name":"ib_vfx_b_spawn_19","rect":[741,619,3,3],"offset":[-213,59.5],"originalSize":[429,122],"capInsets":[0,0,0,0]}],[0],0,[0],[0],[0]],[[{"name":"ib_vfx_b_spawn_02","rect":[432,221,423,102],"offset":[3,10],"originalSize":[429,122],"capInsets":[0,0,0,0]}],[0],0,[0],[0],[0]],[[{"name":"ib_vfx_b_spawn_12","rect":[432,417,369,108],"offset":[30,-7],"originalSize":[429,122],"capInsets":[0,0,0,0]}],[0],0,[0],[0],[0]],[[{"name":"ib_vfx_b_spawn_17","rect":[863,1,123,10],"offset":[-74,-28],"originalSize":[429,122],"rotated":1,"capInsets":[0,0,0,0]}],[0],0,[0],[0],[0]],[[{"name":"ib_vfx_b_spawn_08","rect":[1,229,429,108],"offset":[0,-2],"originalSize":[429,122],"capInsets":[0,0,0,0]}],[0],0,[0],[0],[0]],[[{"name":"ib_vfx_b_spawn_05","rect":[1,447,429,104],"offset":[0,5],"originalSize":[429,122],"capInsets":[0,0,0,0]}],[0],0,[0],[0],[0]],[[{"name":"ib_vfx_b_spawn_10","rect":[1,339,429,106],"offset":[0,-5],"originalSize":[429,122],"capInsets":[0,0,0,0]}],[0],0,[0],[0],[0]],[[{"name":"ib_vfx_b_spawn_07","rect":[1,117,429,110],"offset":[0,1],"originalSize":[429,122],"capInsets":[0,0,0,0]}],[0],0,[0],[0],[0]],[[{"name":"ib_vfx_b_spawn_03","rect":[432,111,427,108],"offset":[1,7],"originalSize":[429,122],"capInsets":[0,0,0,0]}],[0],0,[0],[0],[0]]]]