[
  1,
  [
    "a8CQI6p+NBlKcgfr9HTHIh"
  ],
  0,
  [
    [
      "sp.SkeletonData",
      [
        "_name",
        "_atlasText",
        "textureNames",
        "_skeletonJson",
        "textures"
      ],
      -1,
      3
    ]
  ],
  [
    [
      0,
      0,
      1,
      2,
      3,
      4,
      5
    ]
  ],
  [
    [
      0,
      "Fx_roi_iteam",
      "\r\nFx_roi_iteam.png\r\nsize: 315,292\r\nformat: RGBA8888\r\nfilter: Linear,Linear\r\nrepeat: none\r\nEff\r\n  rotate: false\r\n  xy: 2, 2\r\n  size: 288, 288\r\n  orig: 288, 288\r\n  offset: 0, 0\r\n  index: -1\r\nSao\r\n  rotate: false\r\n  xy: 292, 270\r\n  size: 21, 20\r\n  orig: 21, 21\r\n  offset: 0, 0\r\n  index: -1\r\n",
      [
        "Fx_roi_iteam.png"
      ],
      {
        "skeleton": {
          "hash": "FMKqXJLR6dldssfn0A6VSsomVos",
          "spine": "3.7.94",
          "width": 347.36,
          "height": 347.36,
          "images": "./Image/",
          "audio": ""
        },
        "bones": [
          {
            "name": "root"
          },
          {
            "name": "bone",
            "parent": "root",
            "scaleX": 0.4,
            "scaleY": 0.4
          },
          {
            "name": "Eff",
            "parent": "bone"
          },
          {
            "name": "AllSao",
            "parent": "bone"
          },
          {
            "name": "Sao",
            "parent": "AllSao",
            "scaleX": 1.294,
            "scaleY": 1.294
          },
          {
            "name": "Eff2",
            "parent": "bone",
            "rotation": 166.35
          },
          {
            "name": "Sao2",
            "parent": "AllSao",
            "scaleX": 2.2,
            "scaleY": 2.2
          },
          {
            "name": "Sao3",
            "parent": "AllSao",
            "scaleX": 2,
            "scaleY": 2
          },
          {
            "name": "Sao4",
            "parent": "AllSao",
            "scaleX": 1.507,
            "scaleY": 1.507
          },
          {
            "name": "Sao5",
            "parent": "AllSao",
            "scaleX": 2.1,
            "scaleY": 2.1
          },
          {
            "name": "Sao6",
            "parent": "AllSao",
            "scaleX": 1.507,
            "scaleY": 1.507
          },
          {
            "name": "Sao7",
            "parent": "AllSao",
            "scaleX": 1.507,
            "scaleY": 1.507
          },
          {
            "name": "Sao8",
            "parent": "AllSao",
            "scaleX": 2,
            "scaleY": 2
          },
          {
            "name": "Sao9",
            "parent": "AllSao",
            "scaleX": 1.507,
            "scaleY": 1.507
          }
        ],
        "slots": [
          {
            "name": "Eff",
            "bone": "Eff",
            "attachment": "Eff"
          },
          {
            "name": "Eff2",
            "bone": "Eff2",
            "color": "ffffff89",
            "attachment": "Eff"
          },
          {
            "name": "Sao",
            "bone": "Sao",
            "attachment": "Sao"
          },
          {
            "name": "Sao2",
            "bone": "Sao2",
            "attachment": "Sao"
          },
          {
            "name": "Sao3",
            "bone": "Sao3",
            "attachment": "Sao"
          },
          {
            "name": "Sao4",
            "bone": "Sao4",
            "attachment": "Sao"
          },
          {
            "name": "Sao5",
            "bone": "Sao5",
            "attachment": "Sao"
          },
          {
            "name": "Sao6",
            "bone": "Sao6",
            "attachment": "Sao"
          },
          {
            "name": "Sao9",
            "bone": "Sao9",
            "attachment": "Sao"
          },
          {
            "name": "Sao7",
            "bone": "Sao7",
            "attachment": "Sao"
          },
          {
            "name": "Sao8",
            "bone": "Sao8",
            "attachment": "Sao"
          }
        ],
        "skins": {
          "default": {
            "Eff": {
              "Eff": {
                "x": 0.5,
                "y": 0.5,
                "width": 719,
                "height": 719
              }
            },
            "Eff2": {
              "Eff": {
                "x": 0.5,
                "y": 0.5,
                "width": 719,
                "height": 719
              }
            },
            "Sao": {
              "Sao": {
                "x": 0.5,
                "width": 53,
                "height": 52
              }
            },
            "Sao2": {
              "Sao": {
                "x": 0.5,
                "width": 53,
                "height": 52
              }
            },
            "Sao3": {
              "Sao": {
                "x": 0.5,
                "width": 53,
                "height": 52
              }
            },
            "Sao4": {
              "Sao": {
                "x": 0.5,
                "width": 53,
                "height": 52
              }
            },
            "Sao5": {
              "Sao": {
                "x": 0.5,
                "width": 53,
                "height": 52
              }
            },
            "Sao6": {
              "Sao": {
                "x": 0.5,
                "width": 53,
                "height": 52
              }
            },
            "Sao7": {
              "Sao": {
                "x": 0.5,
                "width": 53,
                "height": 52
              }
            },
            "Sao8": {
              "Sao": {
                "x": 0.5,
                "width": 53,
                "height": 52
              }
            },
            "Sao9": {
              "Sao": {
                "x": 0.5,
                "width": 53,
                "height": 52
              }
            }
          }
        },
        "animations": {
          "animation": {
            "slots": {
              "Eff": {
                "color": [
                  {
                    "time": 0,
                    "color": "ffffffff",
                    "curve": [
                      0.25,
                      0,
                      0.75,
                      1
                    ]
                  },
                  {
                    "time": 0.8333,
                    "color": "ffffff68",
                    "curve": [
                      0.25,
                      0,
                      0.75,
                      1
                    ]
                  },
                  {
                    "time": 1.6667,
                    "color": "ffffffff"
                  }
                ]
              },
              "Eff2": {
                "color": [
                  {
                    "time": 0,
                    "color": "ffffff6f",
                    "curve": [
                      0.25,
                      0,
                      0.75,
                      1
                    ]
                  },
                  {
                    "time": 0.8333,
                    "color": "ffffffff",
                    "curve": [
                      0.25,
                      0,
                      0.75,
                      1
                    ]
                  },
                  {
                    "time": 1.6667,
                    "color": "ffffff6f"
                  }
                ]
              },
              "Sao": {
                "color": [
                  {
                    "time": 0,
                    "color": "ffffff00"
                  },
                  {
                    "time": 0.1,
                    "color": "ffffffff",
                    "curve": "stepped"
                  },
                  {
                    "time": 0.7333,
                    "color": "ffffffff"
                  },
                  {
                    "time": 0.8333,
                    "color": "ffffff00"
                  }
                ]
              },
              "Sao2": {
                "color": [
                  {
                    "time": 0,
                    "color": "ffffff00",
                    "curve": "stepped"
                  },
                  {
                    "time": 0.1667,
                    "color": "ffffff00"
                  },
                  {
                    "time": 0.2667,
                    "color": "ffffffff",
                    "curve": "stepped"
                  },
                  {
                    "time": 0.8,
                    "color": "ffffffff"
                  },
                  {
                    "time": 0.8667,
                    "color": "ffffff00"
                  }
                ]
              },
              "Sao3": {
                "color": [
                  {
                    "time": 0,
                    "color": "ffffff00",
                    "curve": "stepped"
                  },
                  {
                    "time": 0.0667,
                    "color": "ffffff00"
                  },
                  {
                    "time": 0.1667,
                    "color": "ffffffff",
                    "curve": "stepped"
                  },
                  {
                    "time": 0.6333,
                    "color": "ffffffff"
                  },
                  {
                    "time": 0.7333,
                    "color": "ffffff00"
                  }
                ]
              },
              "Sao4": {
                "color": [
                  {
                    "time": 0,
                    "color": "ffffff00",
                    "curve": "stepped"
                  },
                  {
                    "time": 0.2,
                    "color": "ffffff00"
                  },
                  {
                    "time": 0.3,
                    "color": "ffffffff",
                    "curve": "stepped"
                  },
                  {
                    "time": 0.8,
                    "color": "ffffffff"
                  },
                  {
                    "time": 0.9,
                    "color": "ffffff00"
                  }
                ]
              },
              "Sao5": {
                "color": [
                  {
                    "time": 0,
                    "color": "ffffff00",
                    "curve": "stepped"
                  },
                  {
                    "time": 0.3333,
                    "color": "ffffff00"
                  },
                  {
                    "time": 0.4333,
                    "color": "ffffffff",
                    "curve": "stepped"
                  },
                  {
                    "time": 0.9333,
                    "color": "ffffffff"
                  },
                  {
                    "time": 1.0333,
                    "color": "ffffff00"
                  }
                ]
              },
              "Sao6": {
                "color": [
                  {
                    "time": 0,
                    "color": "ffffff00",
                    "curve": "stepped"
                  },
                  {
                    "time": 0.6667,
                    "color": "ffffff00"
                  },
                  {
                    "time": 0.7667,
                    "color": "ffffffff",
                    "curve": "stepped"
                  },
                  {
                    "time": 1.2667,
                    "color": "ffffffff"
                  },
                  {
                    "time": 1.3667,
                    "color": "ffffff00"
                  }
                ]
              },
              "Sao7": {
                "color": [
                  {
                    "time": 0,
                    "color": "ffffffff"
                  },
                  {
                    "time": 0.0667,
                    "color": "ffffff00",
                    "curve": "stepped"
                  },
                  {
                    "time": 1.1667,
                    "color": "ffffff00"
                  },
                  {
                    "time": 1.2333,
                    "color": "ffffffff"
                  }
                ]
              },
              "Sao8": {
                "color": [
                  {
                    "time": 0,
                    "color": "ffffff00",
                    "curve": "stepped"
                  },
                  {
                    "time": 1,
                    "color": "ffffff00"
                  },
                  {
                    "time": 1.0667,
                    "color": "ffffffff",
                    "curve": "stepped"
                  },
                  {
                    "time": 1.5,
                    "color": "ffffffff"
                  },
                  {
                    "time": 1.5667,
                    "color": "ffffff00"
                  }
                ]
              },
              "Sao9": {
                "color": [
                  {
                    "time": 0.1333,
                    "color": "ffffffff"
                  },
                  {
                    "time": 0.2333,
                    "color": "ffffff00",
                    "curve": "stepped"
                  },
                  {
                    "time": 1.2,
                    "color": "ffffff00"
                  },
                  {
                    "time": 1.3,
                    "color": "ffffffff"
                  }
                ]
              }
            },
            "bones": {
              "Eff": {
                "scale": [
                  {
                    "time": 0,
                    "x": 1.556,
                    "y": 1.556,
                    "curve": [
                      0.25,
                      0,
                      0.75,
                      1
                    ]
                  },
                  {
                    "time": 0.8333,
                    "x": 0.636,
                    "y": 0.636,
                    "curve": [
                      0.25,
                      0,
                      0.75,
                      1
                    ]
                  },
                  {
                    "time": 1.6667,
                    "x": 1.556,
                    "y": 1.556
                  }
                ]
              },
              "Eff2": {
                "scale": [
                  {
                    "time": 0,
                    "x": 1,
                    "y": 1,
                    "curve": [
                      0.25,
                      0,
                      0.75,
                      1
                    ]
                  },
                  {
                    "time": 0.8333,
                    "x": 1.68,
                    "y": 1.68,
                    "curve": [
                      0.25,
                      0,
                      0.75,
                      1
                    ]
                  },
                  {
                    "time": 1.6667,
                    "x": 1,
                    "y": 1
                  }
                ]
              },
              "Sao": {
                "rotate": [
                  {
                    "time": 0,
                    "angle": 0
                  },
                  {
                    "time": 0.4,
                    "angle": 180
                  },
                  {
                    "time": 0.8333,
                    "angle": 0
                  }
                ],
                "translate": [
                  {
                    "time": 0,
                    "x": 0,
                    "y": 0
                  },
                  {
                    "time": 0.8333,
                    "x": 0,
                    "y": 276.91
                  },
                  {
                    "time": 0.9,
                    "x": 0,
                    "y": 0
                  }
                ],
                "scale": [
                  {
                    "time": 0.1333,
                    "x": 1,
                    "y": 1
                  },
                  {
                    "time": 0.2333,
                    "x": 1.398,
                    "y": 1.398
                  },
                  {
                    "time": 0.3,
                    "x": 0.789,
                    "y": 0.789
                  },
                  {
                    "time": 0.4,
                    "x": 1.398,
                    "y": 1.398
                  },
                  {
                    "time": 0.5333,
                    "x": 0.789,
                    "y": 0.789
                  },
                  {
                    "time": 0.6333,
                    "x": 1.398,
                    "y": 1.398
                  },
                  {
                    "time": 0.7333,
                    "x": 0.789,
                    "y": 0.789
                  },
                  {
                    "time": 0.8333,
                    "x": 1.398,
                    "y": 1.398
                  },
                  {
                    "time": 0.9,
                    "x": 1,
                    "y": 1
                  }
                ]
              },
              "Sao2": {
                "rotate": [
                  {
                    "time": 0.1667,
                    "angle": 0
                  },
                  {
                    "time": 0.5667,
                    "angle": 180
                  },
                  {
                    "time": 1,
                    "angle": 0
                  }
                ],
                "translate": [
                  {
                    "time": 0.1667,
                    "x": 0,
                    "y": 0
                  },
                  {
                    "time": 1,
                    "x": 276.03,
                    "y": 111.29
                  },
                  {
                    "time": 1.0667,
                    "x": 0,
                    "y": 0
                  }
                ],
                "scale": [
                  {
                    "time": 0.3,
                    "x": 1,
                    "y": 1
                  },
                  {
                    "time": 0.3667,
                    "x": 1.398,
                    "y": 1.398
                  },
                  {
                    "time": 0.4667,
                    "x": 0.789,
                    "y": 0.789
                  },
                  {
                    "time": 0.5667,
                    "x": 1.398,
                    "y": 1.398
                  },
                  {
                    "time": 0.7,
                    "x": 0.789,
                    "y": 0.789
                  },
                  {
                    "time": 0.8,
                    "x": 1.398,
                    "y": 1.398
                  },
                  {
                    "time": 0.8667,
                    "x": 0.789,
                    "y": 0.789
                  },
                  {
                    "time": 1,
                    "x": 1.398,
                    "y": 1.398
                  },
                  {
                    "time": 1.0667,
                    "x": 1,
                    "y": 1
                  }
                ]
              },
              "Sao3": {
                "rotate": [
                  {
                    "time": 0.0667,
                    "angle": 0
                  },
                  {
                    "time": 0.4667,
                    "angle": 180
                  },
                  {
                    "time": 0.8333,
                    "angle": 0
                  }
                ],
                "translate": [
                  {
                    "time": 0.0667,
                    "x": 0,
                    "y": 0
                  },
                  {
                    "time": 0.8333,
                    "x": -131.88,
                    "y": -201.54
                  },
                  {
                    "time": 0.9,
                    "x": 0,
                    "y": 0
                  }
                ],
                "scale": [
                  {
                    "time": 0.2,
                    "x": 1,
                    "y": 1
                  },
                  {
                    "time": 0.2667,
                    "x": 1.398,
                    "y": 1.398
                  },
                  {
                    "time": 0.3667,
                    "x": 0.789,
                    "y": 0.789
                  },
                  {
                    "time": 0.4667,
                    "x": 1.398,
                    "y": 1.398
                  },
                  {
                    "time": 0.5667,
                    "x": 0.789,
                    "y": 0.789
                  },
                  {
                    "time": 0.6333,
                    "x": 1.398,
                    "y": 1.398
                  },
                  {
                    "time": 0.7333,
                    "x": 0.789,
                    "y": 0.789
                  },
                  {
                    "time": 0.8333,
                    "x": 1.398,
                    "y": 1.398
                  },
                  {
                    "time": 0.9,
                    "x": 1,
                    "y": 1
                  }
                ]
              },
              "Sao4": {
                "rotate": [
                  {
                    "time": 0.2,
                    "angle": 0
                  },
                  {
                    "time": 0.6,
                    "angle": 180
                  },
                  {
                    "time": 1,
                    "angle": 0
                  }
                ],
                "translate": [
                  {
                    "time": 0.2,
                    "x": 0,
                    "y": 0
                  },
                  {
                    "time": 1,
                    "x": 131.88,
                    "y": -113.48
                  },
                  {
                    "time": 1.0667,
                    "x": 0,
                    "y": 0
                  }
                ],
                "scale": [
                  {
                    "time": 0.3667,
                    "x": 1,
                    "y": 1
                  },
                  {
                    "time": 0.4333,
                    "x": 1.398,
                    "y": 1.398
                  },
                  {
                    "time": 0.5,
                    "x": 0.789,
                    "y": 0.789
                  },
                  {
                    "time": 0.6,
                    "x": 1.398,
                    "y": 1.398
                  },
                  {
                    "time": 0.7,
                    "x": 0.789,
                    "y": 0.789
                  },
                  {
                    "time": 0.8,
                    "x": 1.398,
                    "y": 1.398
                  },
                  {
                    "time": 0.9,
                    "x": 0.789,
                    "y": 0.789
                  },
                  {
                    "time": 1,
                    "x": 1.398,
                    "y": 1.398
                  },
                  {
                    "time": 1.0667,
                    "x": 1,
                    "y": 1
                  }
                ]
              },
              "Sao5": {
                "rotate": [
                  {
                    "time": 0.3333,
                    "angle": 0
                  },
                  {
                    "time": 0.7333,
                    "angle": 180
                  },
                  {
                    "time": 1.1333,
                    "angle": 0
                  }
                ],
                "translate": [
                  {
                    "time": 0.3333,
                    "x": 0,
                    "y": 0
                  },
                  {
                    "time": 1.1333,
                    "x": -230.02,
                    "y": 180.95
                  },
                  {
                    "time": 1.2,
                    "x": 0,
                    "y": 0
                  }
                ],
                "scale": [
                  {
                    "time": 0.5,
                    "x": 1,
                    "y": 1
                  },
                  {
                    "time": 0.5667,
                    "x": 1.398,
                    "y": 1.398
                  },
                  {
                    "time": 0.6333,
                    "x": 0.789,
                    "y": 0.789
                  },
                  {
                    "time": 0.7333,
                    "x": 1.398,
                    "y": 1.398
                  },
                  {
                    "time": 0.8333,
                    "x": 0.789,
                    "y": 0.789
                  },
                  {
                    "time": 0.9333,
                    "x": 1.398,
                    "y": 1.398
                  },
                  {
                    "time": 1.0333,
                    "x": 0.789,
                    "y": 0.789
                  },
                  {
                    "time": 1.1333,
                    "x": 1.398,
                    "y": 1.398
                  },
                  {
                    "time": 1.2,
                    "x": 1,
                    "y": 1
                  }
                ]
              },
              "Sao6": {
                "rotate": [
                  {
                    "time": 0.6667,
                    "angle": 0
                  },
                  {
                    "time": 1.0667,
                    "angle": 180
                  },
                  {
                    "time": 1.4667,
                    "angle": 0
                  }
                ],
                "translate": [
                  {
                    "time": 0.6667,
                    "x": 0,
                    "y": 0
                  },
                  {
                    "time": 1.4667,
                    "x": -260.7,
                    "y": -122.68
                  },
                  {
                    "time": 1.5333,
                    "x": 0,
                    "y": 0
                  }
                ],
                "scale": [
                  {
                    "time": 0.8333,
                    "x": 1,
                    "y": 1
                  },
                  {
                    "time": 0.9,
                    "x": 1.398,
                    "y": 1.398
                  },
                  {
                    "time": 0.9667,
                    "x": 0.789,
                    "y": 0.789
                  },
                  {
                    "time": 1.0667,
                    "x": 1.398,
                    "y": 1.398
                  },
                  {
                    "time": 1.1667,
                    "x": 0.789,
                    "y": 0.789
                  },
                  {
                    "time": 1.2667,
                    "x": 1.398,
                    "y": 1.398
                  },
                  {
                    "time": 1.3667,
                    "x": 0.789,
                    "y": 0.789
                  },
                  {
                    "time": 1.4667,
                    "x": 1.398,
                    "y": 1.398
                  },
                  {
                    "time": 1.5333,
                    "x": 1,
                    "y": 1
                  }
                ]
              },
              "Sao7": {
                "rotate": [
                  {
                    "time": 0,
                    "angle": 90
                  },
                  {
                    "time": 0.1667,
                    "angle": 0,
                    "curve": "stepped"
                  },
                  {
                    "time": 1.1667,
                    "angle": 0
                  },
                  {
                    "time": 1.5,
                    "angle": 180
                  },
                  {
                    "time": 1.6667,
                    "angle": 90
                  }
                ],
                "translate": [
                  {
                    "time": 0,
                    "x": 147.22,
                    "y": 124.21
                  },
                  {
                    "time": 0.1667,
                    "x": 196.29,
                    "y": 165.62
                  },
                  {
                    "time": 0.2,
                    "x": 0,
                    "y": 0,
                    "curve": "stepped"
                  },
                  {
                    "time": 1.1667,
                    "x": 0,
                    "y": 0
                  },
                  {
                    "time": 1.6667,
                    "x": 147.22,
                    "y": 124.21
                  }
                ],
                "scale": [
                  {
                    "time": 0,
                    "x": 1.398,
                    "y": 1.398
                  },
                  {
                    "time": 0.0667,
                    "x": 0.789,
                    "y": 0.789
                  },
                  {
                    "time": 0.1667,
                    "x": 1.398,
                    "y": 1.398
                  },
                  {
                    "time": 0.2,
                    "x": 1,
                    "y": 1,
                    "curve": "stepped"
                  },
                  {
                    "time": 1.3,
                    "x": 1,
                    "y": 1
                  },
                  {
                    "time": 1.3667,
                    "x": 1.398,
                    "y": 1.398
                  },
                  {
                    "time": 1.4,
                    "x": 0.789,
                    "y": 0.789
                  },
                  {
                    "time": 1.5,
                    "x": 1.398,
                    "y": 1.398
                  },
                  {
                    "time": 1.5667,
                    "x": 0.789,
                    "y": 0.789
                  },
                  {
                    "time": 1.6667,
                    "x": 1.398,
                    "y": 1.398
                  }
                ]
              },
              "Sao8": {
                "rotate": [
                  {
                    "time": 1,
                    "angle": 0
                  },
                  {
                    "time": 1.3333,
                    "angle": 180
                  },
                  {
                    "time": 1.6667,
                    "angle": 0
                  }
                ],
                "translate": [
                  {
                    "time": 0,
                    "x": 177.89,
                    "y": -251.49
                  },
                  {
                    "time": 0.0333,
                    "x": 0,
                    "y": 0,
                    "curve": "stepped"
                  },
                  {
                    "time": 1,
                    "x": 0,
                    "y": 0
                  },
                  {
                    "time": 1.6667,
                    "x": 177.89,
                    "y": -251.49
                  }
                ],
                "scale": [
                  {
                    "time": 0,
                    "x": 1.398,
                    "y": 1.398
                  },
                  {
                    "time": 0.0333,
                    "x": 1,
                    "y": 1,
                    "curve": "stepped"
                  },
                  {
                    "time": 1.1333,
                    "x": 1,
                    "y": 1
                  },
                  {
                    "time": 1.2,
                    "x": 1.398,
                    "y": 1.398
                  },
                  {
                    "time": 1.2333,
                    "x": 0.789,
                    "y": 0.789
                  },
                  {
                    "time": 1.3333,
                    "x": 1.398,
                    "y": 1.398
                  },
                  {
                    "time": 1.4,
                    "x": 0.789,
                    "y": 0.789
                  },
                  {
                    "time": 1.5,
                    "x": 1.398,
                    "y": 1.398
                  },
                  {
                    "time": 1.5667,
                    "x": 0.789,
                    "y": 0.789
                  },
                  {
                    "time": 1.6667,
                    "x": 1.398,
                    "y": 1.398
                  }
                ]
              },
              "Sao9": {
                "rotate": [
                  {
                    "time": 0,
                    "angle": 150
                  },
                  {
                    "time": 0.3333,
                    "angle": 0,
                    "curve": "stepped"
                  },
                  {
                    "time": 1.2,
                    "angle": 0
                  },
                  {
                    "time": 1.6,
                    "angle": 180
                  },
                  {
                    "time": 1.6667,
                    "angle": 150
                  }
                ],
                "translate": [
                  {
                    "time": 0,
                    "x": -101.98,
                    "y": 125.24
                  },
                  {
                    "time": 0.3333,
                    "x": -174.82,
                    "y": 214.69
                  },
                  {
                    "time": 0.4,
                    "x": 0,
                    "y": 0,
                    "curve": "stepped"
                  },
                  {
                    "time": 1.2,
                    "x": 0,
                    "y": 0
                  },
                  {
                    "time": 1.6667,
                    "x": -101.98,
                    "y": 125.24
                  }
                ],
                "scale": [
                  {
                    "time": 0,
                    "x": 0.992,
                    "y": 0.992
                  },
                  {
                    "time": 0.0333,
                    "x": 0.789,
                    "y": 0.789
                  },
                  {
                    "time": 0.1333,
                    "x": 1.398,
                    "y": 1.398
                  },
                  {
                    "time": 0.2333,
                    "x": 0.789,
                    "y": 0.789
                  },
                  {
                    "time": 0.3333,
                    "x": 1.398,
                    "y": 1.398
                  },
                  {
                    "time": 0.4,
                    "x": 1,
                    "y": 1,
                    "curve": "stepped"
                  },
                  {
                    "time": 1.3667,
                    "x": 1,
                    "y": 1
                  },
                  {
                    "time": 1.4333,
                    "x": 1.398,
                    "y": 1.398
                  },
                  {
                    "time": 1.5,
                    "x": 0.789,
                    "y": 0.789
                  },
                  {
                    "time": 1.6,
                    "x": 1.398,
                    "y": 1.398
                  },
                  {
                    "time": 1.6667,
                    "x": 0.992,
                    "y": 0.992
                  }
                ]
              }
            }
          }
        }
      },
      [
        0
      ]
    ]
  ],
  0,
  0,
  [
    0
  ],
  [
    -1
  ],
  [
    0
  ]
]