[1,["c3omg6ar5KTa6/2G1u/9ks"],["_textureSetter"],["cc.SpriteFrame"],0,[[[{"name":"ib_mw_vfx_a_add_09","rect":[759,361,756,346],"offset":[0,6],"originalSize":[756,390],"capInsets":[0,0,0,0]}],[0],0,[0],[0],[0]],[[{"name":"ib_mw_vfx_a_add_03","rect":[1337,713,444,336],"offset":[3,9],"originalSize":[756,390],"capInsets":[0,0,0,0]}],[0],0,[0],[0],[0]],[[{"name":"ib_mw_vfx_a_add_02","rect":[1,731,324,326],"offset":[3,12],"originalSize":[756,390],"capInsets":[0,0,0,0]}],[0],0,[0],[0],[0]],[[{"name":"ib_mw_vfx_a_add_08","rect":[759,1,756,358],"offset":[0,0],"originalSize":[756,390],"capInsets":[0,0,0,0]}],[0],0,[0],[0],[0]],[[{"name":"ib_mw_vfx_a_add_05","rect":[1517,1,710,364],"offset":[3,-3],"originalSize":[756,390],"rotated":1,"capInsets":[0,0,0,0]}],[0],0,[0],[0],[0]],[[{"name":"ib_mw_vfx_a_add_06","rect":[1,1,756,364],"offset":[0,-4],"originalSize":[756,390],"capInsets":[0,0,0,0]}],[0],0,[0],[0],[0]],[[{"name":"ib_mw_vfx_a_add_07","rect":[1,367,756,362],"offset":[0,-2],"originalSize":[756,390],"capInsets":[0,0,0,0]}],[0],0,[0],[0],[0]],[[{"name":"ib_mw_vfx_a_add_04","rect":[759,709,576,350],"offset":[3,2],"originalSize":[756,390],"capInsets":[0,0,0,0]}],[0],0,[0],[0],[0]],[[{"name":"ib_mw_vfx_a_add_01","rect":[327,731,228,320],"offset":[3,11],"originalSize":[756,390],"capInsets":[0,0,0,0]}],[0],0,[0],[0],[0]],[[{"name":"ib_mw_vfx_a_add_00","rect":[557,731,168,246],"offset":[3,14],"originalSize":[756,390],"capInsets":[0,0,0,0]}],[0],0,[0],[0],[0]]]]