[1,["6aIJS6sONAWLjN3xZGmkJa"],["_textureSetter"],["cc.SpriteFrame"],0,[[[{"name":"ps_vfx_a_c_00","rect":[1,1,121,315],"offset":[0,-2],"originalSize":[245,515],"capInsets":[0,0,0,0]}],[0],0,[0],[0],[0]],[[{"name":"ps_vfx_a_c_13","rect":[758,318,121,315],"offset":[0,-2],"originalSize":[245,515],"capInsets":[0,0,0,0]}],[0],0,[0],[0],[0]],[[{"name":"ps_vfx_a_c_14","rect":[370,1,121,315],"offset":[0,-2],"originalSize":[245,515],"capInsets":[0,0,0,0]}],[0],0,[0],[0],[0]],[[{"name":"ps_vfx_a_c_15","rect":[370,318,121,315],"offset":[0,-2],"originalSize":[245,515],"capInsets":[0,0,0,0]}],[0],0,[0],[0],[0]],[[{"name":"ps_vfx_a_c_06","rect":[247,1,121,315],"offset":[0,-2],"originalSize":[245,515],"capInsets":[0,0,0,0]}],[0],0,[0],[0],[0]],[[{"name":"ps_vfx_a_c_03","rect":[1,758,121,315],"offset":[0,-2],"originalSize":[245,515],"rotated":1,"capInsets":[0,0,0,0]}],[0],0,[0],[0],[0]],[[{"name":"ps_vfx_a_c_16","rect":[493,1,121,315],"offset":[0,-2],"originalSize":[245,515],"capInsets":[0,0,0,0]}],[0],0,[0],[0],[0]],[[{"name":"ps_vfx_a_c_05","rect":[124,318,121,315],"offset":[0,-2],"originalSize":[245,515],"capInsets":[0,0,0,0]}],[0],0,[0],[0],[0]],[[{"name":"ps_vfx_a_c_04","rect":[124,1,121,315],"offset":[0,-2],"originalSize":[245,515],"capInsets":[0,0,0,0]}],[0],0,[0],[0],[0]],[[{"name":"ps_vfx_a_c_07","rect":[247,318,121,315],"offset":[0,-2],"originalSize":[245,515],"capInsets":[0,0,0,0]}],[0],0,[0],[0],[0]],[[{"name":"ps_vfx_a_c_10","rect":[635,1,121,315],"offset":[0,-2],"originalSize":[245,515],"capInsets":[0,0,0,0]}],[0],0,[0],[0],[0]],[[{"name":"ps_vfx_a_c_02","rect":[1,635,121,315],"offset":[0,-2],"originalSize":[245,515],"rotated":1,"capInsets":[0,0,0,0]}],[0],0,[0],[0],[0]],[[{"name":"ps_vfx_a_c_01","rect":[1,318,121,315],"offset":[0,-2],"originalSize":[245,515],"capInsets":[0,0,0,0]}],[0],0,[0],[0],[0]],[[{"name":"ps_vfx_a_c_17","rect":[493,318,121,315],"offset":[0,-2],"originalSize":[245,515],"capInsets":[0,0,0,0]}],[0],0,[0],[0],[0]],[[{"name":"ps_vfx_a_c_11","rect":[758,1,121,315],"offset":[0,-2],"originalSize":[245,515],"capInsets":[0,0,0,0]}],[0],0,[0],[0],[0]],[[{"name":"ps_vfx_a_c_09","rect":[318,758,121,315],"offset":[0,-2],"originalSize":[245,515],"rotated":1,"capInsets":[0,0,0,0]}],[0],0,[0],[0],[0]],[[{"name":"ps_vfx_a_c_18","rect":[1,1,121,315],"offset":[0,-2],"originalSize":[245,515],"capInsets":[0,0,0,0]}],[0],0,[0],[0],[0]],[[{"name":"ps_vfx_a_c_08","rect":[318,635,121,315],"offset":[0,-2],"originalSize":[245,515],"rotated":1,"capInsets":[0,0,0,0]}],[0],0,[0],[0],[0]],[[{"name":"ps_vfx_a_c_12","rect":[635,318,121,315],"offset":[0,-2],"originalSize":[245,515],"capInsets":[0,0,0,0]}],[0],0,[0],[0],[0]]]]