[1,["6beB+EURFJjZ0JkGap/AiZ"],["_textureSetter"],["cc.SpriteFrame"],0,[[[{"name":"firework_b_18","rect":[1,733,344,337],"offset":[0,0],"originalSize":[344,337],"capInsets":[0,0,0,0]}],[0],0,[0],[0],[0]],[[{"name":"firework_b_26","rect":[689,1603,316,313],"offset":[0,0],"originalSize":[316,313],"capInsets":[0,0,0,0]}],[0],0,[0],[0],[0]],[[{"name":"firework_b_20","rect":[1,1407,336,339],"offset":[0,0],"originalSize":[336,339],"capInsets":[0,0,0,0]}],[0],0,[0],[0],[0]],[[{"name":"firework_b_22","rect":[377,344,348,313],"offset":[0,0],"originalSize":[348,313],"capInsets":[0,0,0,0]}],[0],0,[0],[0],[0]],[[{"name":"firework_b_24","rect":[683,968,316,335],"offset":[0,0],"originalSize":[316,335],"rotated":1,"capInsets":[0,0,0,0]}],[0],0,[0],[0],[0]],[[{"name":"firework_b_17","rect":[377,1,344,341],"offset":[0,0],"originalSize":[344,341],"capInsets":[0,0,0,0]}],[0],0,[0],[0],[0]],[[{"name":"firework_b_29","rect":[723,1,338,283],"offset":[0,0],"originalSize":[338,283],"rotated":1,"capInsets":[0,0,0,0]}],[0],0,[0],[0],[0]],[[{"name":"firework_b_16","rect":[1,370,362,361],"offset":[0,0],"originalSize":[362,361],"capInsets":[0,0,0,0]}],[0],0,[0],[0],[0]],[[{"name":"firework_b_21","rect":[347,968,334,321],"offset":[0,0],"originalSize":[334,321],"capInsets":[0,0,0,0]}],[0],0,[0],[0],[0]],[[{"name":"firework_b_28","rect":[689,1286,324,315],"offset":[0,0],"originalSize":[324,315],"capInsets":[0,0,0,0]}],[0],0,[0],[0],[0]],[[{"name":"firework_b_23","rect":[339,1604,316,309],"offset":[0,0],"originalSize":[316,309],"capInsets":[0,0,0,0]}],[0],0,[0],[0],[0]],[[{"name":"firework_b_27","rect":[347,1291,340,311],"offset":[0,0],"originalSize":[340,311],"capInsets":[0,0,0,0]}],[0],0,[0],[0],[0]],[[{"name":"firework_b_25","rect":[365,659,344,307],"offset":[0,0],"originalSize":[344,307],"capInsets":[0,0,0,0]}],[0],0,[0],[0],[0]],[[{"name":"firework_b_19","rect":[1,1072,344,333],"offset":[0,0],"originalSize":[344,333],"capInsets":[0,0,0,0]}],[0],0,[0],[0],[0]],[[{"name":"firework_b_15","rect":[1,1,374,367],"offset":[0,0],"originalSize":[374,367],"capInsets":[0,0,0,0]}],[0],0,[0],[0],[0]]]]