[1,["97VrT7UpNPQYGRcVwzGKZG"],["_textureSetter"],["cc.SpriteFrame"],0,[[[{"name":"infoboard_vfx_b_02","rect":[1,382,381,631],"offset":[0,0],"originalSize":[381,631],"rotated":1,"capInsets":[0,0,0,0]}],[0],0,[0],[0],[0]],[[{"name":"infoboard_vfx_b_00","rect":[1,1,379,633],"offset":[0,0],"originalSize":[379,633],"rotated":1,"capInsets":[0,0,0,0]}],[0],0,[0],[0],[0]],[[{"name":"infoboard_vfx_b_06","rect":[1,765,383,581],"offset":[0,0],"originalSize":[383,581],"rotated":1,"capInsets":[0,0,0,0]}],[0],0,[0],[0],[0]],[[{"name":"infoboard_vfx_b_08","rect":[588,1154,389,587],"offset":[0,0],"originalSize":[389,587],"rotated":1,"capInsets":[0,0,0,0]}],[0],0,[0],[0],[0]],[[{"name":"infoboard_vfx_b_07","rect":[1,1154,385,585],"offset":[0,0],"originalSize":[385,585],"rotated":1,"capInsets":[0,0,0,0]}],[0],0,[0],[0],[0]],[[{"name":"infoboard_vfx_b_10","rect":[584,769,383,609],"offset":[0,0],"originalSize":[383,609],"rotated":1,"capInsets":[0,0,0,0]}],[0],0,[0],[0],[0]],[[{"name":"infoboard_vfx_b_03","rect":[634,384,383,623],"offset":[0,0],"originalSize":[383,623],"rotated":1,"capInsets":[0,0,0,0]}],[0],0,[0],[0],[0]],[[{"name":"infoboard_vfx_b_04","rect":[1277,1,381,571],"offset":[0,0],"originalSize":[381,571],"capInsets":[0,0,0,0]}],[0],0,[0],[0],[0]],[[{"name":"infoboard_vfx_b_09","rect":[1177,1154,389,597],"offset":[0,0],"originalSize":[389,597],"rotated":1,"capInsets":[0,0,0,0]}],[0],0,[0],[0],[0]],[[{"name":"infoboard_vfx_b_05","rect":[1259,574,383,573],"offset":[0,0],"originalSize":[383,573],"capInsets":[0,0,0,0]}],[0],0,[0],[0],[0]],[[{"name":"infoboard_vfx_b_01","rect":[636,1,381,639],"offset":[0,0],"originalSize":[381,639],"rotated":1,"capInsets":[0,0,0,0]}],[0],0,[0],[0],[0]]]]