[1,["a0IOjGK3RGVLZg3oHjM4g5","f5KmihX5FEOqUHZVShQlvG","abbQ+G7MlEz5+nWo52tAXu"],["_textureSetter","spriteFrame"],["cc.SpriteFrame",["cc.BitmapFont",["_name","fontSize","_fntConfig"],0]],[[1,0,1,2,4]],[[[[0,"azuki_gold-export",32,{"commonHeight":34,"fontSize":32,"atlasName":"azuki_gold-export.png","fontDefDictionary":{"9":{"xOffset":0,"yOffset":0,"xAdvance":180,"rect":{"x":0,"y":0,"width":0,"height":0}},"32":{"xOffset":0,"yOffset":0,"xAdvance":8,"rect":{"x":0,"y":0,"width":0,"height":0}},"33":{"xOffset":11,"yOffset":9,"xAdvance":8,"rect":{"x":367,"y":88,"width":10,"height":25}},"34":{"xOffset":9,"yOffset":9,"xAdvance":12,"rect":{"x":149,"y":368,"width":14,"height":11}},"35":{"xOffset":5,"yOffset":8,"xAdvance":19,"rect":{"x":150,"y":178,"width":21,"height":25}},"36":{"xOffset":6,"yOffset":6,"xAdvance":18,"rect":{"x":195,"y":125,"width":20,"height":32}},"37":{"xOffset":3,"yOffset":8,"xAdvance":24,"rect":{"x":0,"y":49,"width":26,"height":26}},"38":{"xOffset":3,"yOffset":7,"xAdvance":23,"rect":{"x":54,"y":97,"width":25,"height":27}},"39":{"xOffset":12,"yOffset":9,"xAdvance":6,"rect":{"x":192,"y":366,"width":8,"height":11}},"40":{"xOffset":9,"yOffset":9,"xAdvance":11,"rect":{"x":354,"y":217,"width":13,"height":32}},"41":{"xOffset":9,"yOffset":9,"xAdvance":11,"rect":{"x":354,"y":251,"width":13,"height":32}},"42":{"xOffset":7,"yOffset":9,"xAdvance":15,"rect":{"x":175,"y":125,"width":17,"height":17}},"43":{"xOffset":6,"yOffset":11,"xAdvance":17,"rect":{"x":129,"y":150,"width":19,"height":18}},"44":{"xOffset":6,"yOffset":26,"xAdvance":6,"rect":{"x":319,"y":34,"width":8,"height":13}},"45":{"xOffset":7,"yOffset":16,"xAdvance":16,"rect":{"x":28,"y":65,"width":18,"height":8}},"46":{"xOffset":6,"yOffset":26,"xAdvance":7,"rect":{"x":78,"y":361,"width":9,"height":8}},"47":{"xOffset":9,"yOffset":8,"xAdvance":12,"rect":{"x":354,"y":154,"width":14,"height":26}},"48":{"xOffset":6,"yOffset":8,"xAdvance":18,"rect":{"x":195,"y":276,"width":20,"height":26}},"49":{"xOffset":6,"yOffset":8,"xAdvance":9,"rect":{"x":354,"y":98,"width":11,"height":26}},"50":{"xOffset":6,"yOffset":8,"xAdvance":17,"rect":{"x":217,"y":323,"width":19,"height":26}},"51":{"xOffset":7,"yOffset":8,"xAdvance":15,"rect":{"x":318,"y":49,"width":17,"height":26}},"52":{"xOffset":6,"yOffset":8,"xAdvance":18,"rect":{"x":195,"y":215,"width":20,"height":27}},"53":{"xOffset":7,"yOffset":8,"xAdvance":15,"rect":{"x":318,"y":77,"width":17,"height":26}},"54":{"xOffset":6,"yOffset":8,"xAdvance":17,"rect":{"x":217,"y":239,"width":19,"height":26}},"55":{"xOffset":6,"yOffset":8,"xAdvance":18,"rect":{"x":195,"y":159,"width":20,"height":26}},"56":{"xOffset":7,"yOffset":8,"xAdvance":16,"rect":{"x":278,"y":349,"width":18,"height":26}},"57":{"xOffset":6,"yOffset":8,"xAdvance":17,"rect":{"x":238,"y":322,"width":19,"height":26}},"58":{"xOffset":11,"yOffset":15,"xAdvance":7,"rect":{"x":368,"y":35,"width":9,"height":19}},"59":{"xOffset":11,"yOffset":15,"xAdvance":7,"rect":{"x":370,"y":147,"width":9,"height":24}},"60":{"xOffset":7,"yOffset":8,"xAdvance":16,"rect":{"x":279,"y":153,"width":18,"height":25}},"61":{"xOffset":7,"yOffset":14,"xAdvance":16,"rect":{"x":172,"y":366,"width":18,"height":13}},"62":{"xOffset":7,"yOffset":9,"xAdvance":16,"rect":{"x":279,"y":239,"width":18,"height":24}},"63":{"xOffset":8,"yOffset":8,"xAdvance":13,"rect":{"x":337,"y":98,"width":15,"height":26}},"64":{"xOffset":3,"yOffset":8,"xAdvance":23,"rect":{"x":0,"y":324,"width":25,"height":31}},"65":{"xOffset":5,"yOffset":8,"xAdvance":23,"rect":{"x":0,"y":92,"width":25,"height":26}},"66":{"xOffset":5,"yOffset":8,"xAdvance":19,"rect":{"x":150,"y":234,"width":21,"height":26}},"67":{"xOffset":6,"yOffset":8,"xAdvance":17,"rect":{"x":81,"y":172,"width":19,"height":26}},"68":{"xOffset":6,"yOffset":8,"xAdvance":18,"rect":{"x":173,"y":144,"width":20,"height":26}},"69":{"xOffset":5,"yOffset":8,"xAdvance":19,"rect":{"x":150,"y":150,"width":21,"height":26}},"70":{"xOffset":6,"yOffset":8,"xAdvance":18,"rect":{"x":173,"y":199,"width":20,"height":27}},"71":{"xOffset":6,"yOffset":8,"xAdvance":18,"rect":{"x":197,"y":0,"width":20,"height":28}},"72":{"xOffset":4,"yOffset":8,"xAdvance":21,"rect":{"x":34,"y":0,"width":23,"height":25}},"73":{"xOffset":6,"yOffset":8,"xAdvance":8,"rect":{"x":369,"y":217,"width":10,"height":26}},"74":{"xOffset":7,"yOffset":8,"xAdvance":16,"rect":{"x":279,"y":211,"width":18,"height":26}},"75":{"xOffset":5,"yOffset":8,"xAdvance":20,"rect":{"x":54,"y":200,"width":22,"height":25}},"76":{"xOffset":7,"yOffset":9,"xAdvance":15,"rect":{"x":299,"y":253,"width":17,"height":25}},"77":{"xOffset":5,"yOffset":8,"xAdvance":23,"rect":{"x":27,"y":148,"width":25,"height":26}},"78":{"xOffset":5,"yOffset":8,"xAdvance":19,"rect":{"x":129,"y":62,"width":21,"height":25}},"79":{"xOffset":5,"yOffset":8,"xAdvance":20,"rect":{"x":54,"y":255,"width":22,"height":26}},"80":{"xOffset":6,"yOffset":8,"xAdvance":18,"rect":{"x":197,"y":30,"width":20,"height":26}},"81":{"xOffset":5,"yOffset":8,"xAdvance":19,"rect":{"x":129,"y":0,"width":21,"height":28}},"82":{"xOffset":5,"yOffset":8,"xAdvance":20,"rect":{"x":54,"y":227,"width":22,"height":26}},"83":{"xOffset":5,"yOffset":7,"xAdvance":17,"rect":{"x":217,"y":267,"width":19,"height":27}},"84":{"xOffset":6,"yOffset":8,"xAdvance":17,"rect":{"x":217,"y":296,"width":19,"height":25}},"85":{"xOffset":5,"yOffset":8,"xAdvance":18,"rect":{"x":195,"y":187,"width":20,"height":26}},"86":{"xOffset":5,"yOffset":8,"xAdvance":20,"rect":{"x":54,"y":283,"width":22,"height":26}},"87":{"xOffset":0,"yOffset":8,"xAdvance":30,"rect":{"x":0,"y":0,"width":32,"height":26}},"88":{"xOffset":5,"yOffset":7,"xAdvance":16,"rect":{"x":150,"y":205,"width":21,"height":27}},"89":{"xOffset":6,"yOffset":8,"xAdvance":20,"rect":{"x":78,"y":232,"width":22,"height":26}},"90":{"xOffset":6,"yOffset":8,"xAdvance":18,"rect":{"x":197,"y":58,"width":20,"height":26}},"91":{"xOffset":9,"yOffset":8,"xAdvance":12,"rect":{"x":354,"y":182,"width":14,"height":33}},"92":{"xOffset":9,"yOffset":8,"xAdvance":12,"rect":{"x":353,"y":126,"width":14,"height":26}},"93":{"xOffset":9,"yOffset":8,"xAdvance":12,"rect":{"x":337,"y":126,"width":14,"height":33}},"94":{"xOffset":9,"yOffset":9,"xAdvance":11,"rect":{"x":173,"y":318,"width":13,"height":12}},"95":{"xOffset":10,"yOffset":30,"xAdvance":10,"rect":{"x":78,"y":373,"width":12,"height":5}},"96":{"xOffset":11,"yOffset":9,"xAdvance":7,"rect":{"x":89,"y":361,"width":9,"height":9}},"97":{"xOffset":8,"yOffset":14,"xAdvance":17,"rect":{"x":217,"y":351,"width":19,"height":20}},"98":{"xOffset":7,"yOffset":9,"xAdvance":15,"rect":{"x":299,"y":311,"width":17,"height":25}},"99":{"xOffset":8,"yOffset":14,"xAdvance":14,"rect":{"x":336,"y":248,"width":16,"height":20}},"100":{"xOffset":7,"yOffset":8,"xAdvance":16,"rect":{"x":259,"y":168,"width":18,"height":26}},"101":{"xOffset":8,"yOffset":14,"xAdvance":14,"rect":{"x":336,"y":195,"width":16,"height":20}},"102":{"xOffset":8,"yOffset":9,"xAdvance":14,"rect":{"x":336,"y":270,"width":16,"height":30}},"103":{"xOffset":7,"yOffset":15,"xAdvance":16,"rect":{"x":259,"y":140,"width":18,"height":26}},"104":{"xOffset":7,"yOffset":9,"xAdvance":16,"rect":{"x":259,"y":113,"width":18,"height":25}},"105":{"xOffset":6,"yOffset":9,"xAdvance":9,"rect":{"x":355,"y":32,"width":11,"height":25}},"106":{"xOffset":10,"yOffset":9,"xAdvance":10,"rect":{"x":354,"y":318,"width":12,"height":31}},"107":{"xOffset":7,"yOffset":8,"xAdvance":16,"rect":{"x":258,"y":350,"width":18,"height":26}},"108":{"xOffset":6,"yOffset":8,"xAdvance":8,"rect":{"x":355,"y":59,"width":10,"height":27}},"109":{"xOffset":7,"yOffset":14,"xAdvance":25,"rect":{"x":0,"y":28,"width":27,"height":19}},"110":{"xOffset":7,"yOffset":14,"xAdvance":16,"rect":{"x":240,"y":54,"width":18,"height":20}},"111":{"xOffset":7,"yOffset":14,"xAdvance":15,"rect":{"x":280,"y":53,"width":17,"height":20}},"112":{"xOffset":7,"yOffset":15,"xAdvance":15,"rect":{"x":300,"y":0,"width":17,"height":26}},"113":{"xOffset":6,"yOffset":15,"xAdvance":16,"rect":{"x":238,"y":350,"width":18,"height":26}},"114":{"xOffset":8,"yOffset":15,"xAdvance":14,"rect":{"x":317,"y":360,"width":16,"height":19}},"115":{"xOffset":7,"yOffset":14,"xAdvance":15,"rect":{"x":280,"y":75,"width":17,"height":20}},"116":{"xOffset":8,"yOffset":9,"xAdvance":14,"rect":{"x":336,"y":302,"width":16,"height":27}},"117":{"xOffset":6,"yOffset":14,"xAdvance":16,"rect":{"x":279,"y":294,"width":18,"height":20}},"118":{"xOffset":7,"yOffset":15,"xAdvance":15,"rect":{"x":300,"y":28,"width":17,"height":19}},"119":{"xOffset":4,"yOffset":14,"xAdvance":22,"rect":{"x":0,"y":357,"width":24,"height":20}},"120":{"xOffset":7,"yOffset":14,"xAdvance":15,"rect":{"x":317,"y":338,"width":17,"height":20}},"121":{"xOffset":7,"yOffset":14,"xAdvance":16,"rect":{"x":259,"y":320,"width":18,"height":27}},"122":{"xOffset":8,"yOffset":14,"xAdvance":14,"rect":{"x":336,"y":331,"width":16,"height":20}},"123":{"xOffset":8,"yOffset":9,"xAdvance":14,"rect":{"x":337,"y":0,"width":16,"height":32}},"124":{"xOffset":12,"yOffset":9,"xAdvance":6,"rect":{"x":370,"y":173,"width":8,"height":32}},"125":{"xOffset":8,"yOffset":9,"xAdvance":14,"rect":{"x":337,"y":34,"width":16,"height":32}},"126":{"xOffset":5,"yOffset":17,"xAdvance":20,"rect":{"x":26,"y":362,"width":22,"height":11}},"192":{"xOffset":5,"yOffset":3,"xAdvance":23,"rect":{"x":0,"y":155,"width":25,"height":31}},"193":{"xOffset":5,"yOffset":4,"xAdvance":23,"rect":{"x":0,"y":188,"width":25,"height":30}},"194":{"xOffset":3,"yOffset":4,"xAdvance":23,"rect":{"x":54,"y":65,"width":25,"height":30}},"195":{"xOffset":3,"yOffset":4,"xAdvance":23,"rect":{"x":27,"y":116,"width":25,"height":30}},"200":{"xOffset":5,"yOffset":4,"xAdvance":19,"rect":{"x":129,"y":30,"width":21,"height":30}},"201":{"xOffset":5,"yOffset":4,"xAdvance":19,"rect":{"x":150,"y":300,"width":21,"height":30}},"202":{"xOffset":5,"yOffset":4,"xAdvance":19,"rect":{"x":152,"y":112,"width":21,"height":30}},"204":{"xOffset":5,"yOffset":4,"xAdvance":8,"rect":{"x":369,"y":115,"width":10,"height":30}},"205":{"xOffset":5,"yOffset":4,"xAdvance":8,"rect":{"x":369,"y":245,"width":10,"height":30}},"210":{"xOffset":5,"yOffset":3,"xAdvance":20,"rect":{"x":81,"y":105,"width":22,"height":31}},"211":{"xOffset":5,"yOffset":4,"xAdvance":20,"rect":{"x":105,"y":102,"width":22,"height":30}},"212":{"xOffset":5,"yOffset":4,"xAdvance":20,"rect":{"x":105,"y":0,"width":22,"height":30}},"213":{"xOffset":5,"yOffset":3,"xAdvance":20,"rect":{"x":102,"y":308,"width":22,"height":31}},"217":{"xOffset":6,"yOffset":4,"xAdvance":18,"rect":{"x":195,"y":244,"width":20,"height":30}},"218":{"xOffset":6,"yOffset":4,"xAdvance":18,"rect":{"x":175,"y":60,"width":20,"height":30}},"221":{"xOffset":5,"yOffset":4,"xAdvance":20,"rect":{"x":102,"y":276,"width":22,"height":30}},"224":{"xOffset":6,"yOffset":9,"xAdvance":17,"rect":{"x":218,"y":86,"width":19,"height":25}},"225":{"xOffset":6,"yOffset":9,"xAdvance":17,"rect":{"x":219,"y":55,"width":19,"height":25}},"226":{"xOffset":6,"yOffset":10,"xAdvance":17,"rect":{"x":217,"y":213,"width":19,"height":24}},"227":{"xOffset":6,"yOffset":10,"xAdvance":17,"rect":{"x":219,"y":29,"width":19,"height":24}},"232":{"xOffset":8,"yOffset":9,"xAdvance":14,"rect":{"x":318,"y":165,"width":16,"height":25}},"233":{"xOffset":8,"yOffset":9,"xAdvance":14,"rect":{"x":318,"y":221,"width":16,"height":25}},"234":{"xOffset":8,"yOffset":10,"xAdvance":14,"rect":{"x":318,"y":275,"width":16,"height":24}},"236":{"xOffset":5,"yOffset":9,"xAdvance":8,"rect":{"x":367,"y":351,"width":10,"height":25}},"237":{"xOffset":5,"yOffset":9,"xAdvance":8,"rect":{"x":368,"y":318,"width":10,"height":25}},"242":{"xOffset":7,"yOffset":9,"xAdvance":15,"rect":{"x":298,"y":344,"width":17,"height":25}},"243":{"xOffset":7,"yOffset":9,"xAdvance":15,"rect":{"x":299,"y":80,"width":17,"height":25}},"244":{"xOffset":7,"yOffset":10,"xAdvance":15,"rect":{"x":299,"y":134,"width":17,"height":24}},"245":{"xOffset":7,"yOffset":9,"xAdvance":15,"rect":{"x":299,"y":53,"width":17,"height":25}},"249":{"xOffset":7,"yOffset":9,"xAdvance":16,"rect":{"x":240,"y":0,"width":18,"height":25}},"250":{"xOffset":7,"yOffset":9,"xAdvance":16,"rect":{"x":280,"y":0,"width":18,"height":25}},"253":{"xOffset":7,"yOffset":9,"xAdvance":16,"rect":{"x":259,"y":286,"width":18,"height":32}},"258":{"xOffset":3,"yOffset":3,"xAdvance":23,"rect":{"x":0,"y":253,"width":25,"height":31}},"259":{"xOffset":6,"yOffset":9,"xAdvance":17,"rect":{"x":238,"y":295,"width":19,"height":25}},"272":{"xOffset":6,"yOffset":8,"xAdvance":18,"rect":{"x":195,"y":336,"width":20,"height":26}},"273":{"xOffset":7,"yOffset":8,"xAdvance":19,"rect":{"x":129,"y":89,"width":21,"height":26}},"296":{"xOffset":5,"yOffset":3,"xAdvance":10,"rect":{"x":354,"y":285,"width":12,"height":31}},"297":{"xOffset":5,"yOffset":10,"xAdvance":9,"rect":{"x":354,"y":351,"width":11,"height":24}},"360":{"xOffset":6,"yOffset":3,"xAdvance":18,"rect":{"x":175,"y":92,"width":20,"height":31}},"361":{"xOffset":7,"yOffset":9,"xAdvance":16,"rect":{"x":240,"y":27,"width":18,"height":25}},"416":{"xOffset":5,"yOffset":5,"xAdvance":20,"rect":{"x":126,"y":269,"width":22,"height":29}},"417":{"xOffset":7,"yOffset":10,"xAdvance":16,"rect":{"x":280,"y":27,"width":18,"height":24}},"431":{"xOffset":5,"yOffset":5,"xAdvance":20,"rect":{"x":80,"y":0,"width":22,"height":29}},"432":{"xOffset":6,"yOffset":10,"xAdvance":17,"rect":{"x":59,"y":0,"width":19,"height":24}},"7840":{"xOffset":6,"yOffset":8,"xAdvance":23,"rect":{"x":0,"y":220,"width":25,"height":31}},"7841":{"xOffset":6,"yOffset":14,"xAdvance":17,"rect":{"x":238,"y":113,"width":19,"height":25}},"7842":{"xOffset":5,"yOffset":1,"xAdvance":23,"rect":{"x":0,"y":120,"width":25,"height":33}},"7843":{"xOffset":6,"yOffset":7,"xAdvance":17,"rect":{"x":219,"y":0,"width":19,"height":27}},"7844":{"xOffset":3,"yOffset":-1,"xAdvance":23,"rect":{"x":27,"y":325,"width":25,"height":35}},"7845":{"xOffset":6,"yOffset":5,"xAdvance":17,"rect":{"x":238,"y":140,"width":19,"height":29}},"7846":{"xOffset":5,"yOffset":-1,"xAdvance":23,"rect":{"x":29,"y":28,"width":25,"height":35}},"7847":{"xOffset":6,"yOffset":5,"xAdvance":17,"rect":{"x":238,"y":233,"width":19,"height":29}},"7848":{"xOffset":3,"yOffset":-1,"xAdvance":23,"rect":{"x":27,"y":176,"width":25,"height":35}},"7849":{"xOffset":6,"yOffset":4,"xAdvance":17,"rect":{"x":238,"y":201,"width":19,"height":30}},"7850":{"xOffset":3,"yOffset":0,"xAdvance":23,"rect":{"x":54,"y":164,"width":25,"height":34}},"7851":{"xOffset":6,"yOffset":6,"xAdvance":17,"rect":{"x":238,"y":171,"width":19,"height":28}},"7852":{"xOffset":3,"yOffset":4,"xAdvance":23,"rect":{"x":27,"y":288,"width":25,"height":35}},"7853":{"xOffset":6,"yOffset":10,"xAdvance":17,"rect":{"x":239,"y":82,"width":19,"height":29}},"7854":{"xOffset":3,"yOffset":-1,"xAdvance":23,"rect":{"x":27,"y":251,"width":25,"height":35}},"7855":{"xOffset":7,"yOffset":5,"xAdvance":17,"rect":{"x":217,"y":182,"width":19,"height":29}},"7856":{"xOffset":3,"yOffset":-2,"xAdvance":23,"rect":{"x":0,"y":286,"width":25,"height":36}},"7857":{"xOffset":6,"yOffset":5,"xAdvance":17,"rect":{"x":238,"y":264,"width":19,"height":29}},"7858":{"xOffset":3,"yOffset":-3,"xAdvance":23,"rect":{"x":27,"y":77,"width":25,"height":37}},"7859":{"xOffset":6,"yOffset":3,"xAdvance":17,"rect":{"x":217,"y":149,"width":19,"height":31}},"7860":{"xOffset":3,"yOffset":-2,"xAdvance":23,"rect":{"x":27,"y":213,"width":25,"height":36}},"7861":{"xOffset":6,"yOffset":5,"xAdvance":17,"rect":{"x":217,"y":118,"width":19,"height":29}},"7862":{"xOffset":3,"yOffset":3,"xAdvance":23,"rect":{"x":54,"y":126,"width":25,"height":36}},"7863":{"xOffset":6,"yOffset":9,"xAdvance":17,"rect":{"x":197,"y":86,"width":19,"height":30}},"7864":{"xOffset":5,"yOffset":8,"xAdvance":19,"rect":{"x":172,"y":332,"width":21,"height":32}},"7865":{"xOffset":8,"yOffset":14,"xAdvance":14,"rect":{"x":318,"y":248,"width":16,"height":25}},"7866":{"xOffset":5,"yOffset":1,"xAdvance":19,"rect":{"x":149,"y":333,"width":21,"height":33}},"7867":{"xOffset":8,"yOffset":7,"xAdvance":14,"rect":{"x":318,"y":192,"width":16,"height":27}},"7868":{"xOffset":5,"yOffset":3,"xAdvance":19,"rect":{"x":129,"y":117,"width":21,"height":31}},"7869":{"xOffset":8,"yOffset":9,"xAdvance":14,"rect":{"x":336,"y":353,"width":16,"height":25}},"7870":{"xOffset":5,"yOffset":-1,"xAdvance":19,"rect":{"x":126,"y":333,"width":21,"height":35}},"7871":{"xOffset":8,"yOffset":6,"xAdvance":14,"rect":{"x":337,"y":68,"width":16,"height":28}},"7872":{"xOffset":5,"yOffset":-1,"xAdvance":19,"rect":{"x":152,"y":0,"width":21,"height":35}},"7873":{"xOffset":8,"yOffset":5,"xAdvance":14,"rect":{"x":318,"y":301,"width":16,"height":29}},"7874":{"xOffset":5,"yOffset":-2,"xAdvance":19,"rect":{"x":150,"y":262,"width":21,"height":36}},"7875":{"xOffset":8,"yOffset":4,"xAdvance":14,"rect":{"x":319,"y":0,"width":16,"height":30}},"7876":{"xOffset":5,"yOffset":-1,"xAdvance":19,"rect":{"x":152,"y":75,"width":21,"height":35}},"7877":{"xOffset":8,"yOffset":6,"xAdvance":14,"rect":{"x":336,"y":165,"width":16,"height":28}},"7878":{"xOffset":5,"yOffset":4,"xAdvance":19,"rect":{"x":152,"y":37,"width":21,"height":36}},"7879":{"xOffset":6,"yOffset":10,"xAdvance":14,"rect":{"x":336,"y":217,"width":16,"height":29}},"7880":{"xOffset":5,"yOffset":1,"xAdvance":8,"rect":{"x":368,"y":0,"width":10,"height":33}},"7881":{"xOffset":5,"yOffset":7,"xAdvance":8,"rect":{"x":367,"y":59,"width":10,"height":27}},"7882":{"xOffset":5,"yOffset":8,"xAdvance":8,"rect":{"x":368,"y":285,"width":10,"height":31}},"7883":{"xOffset":6,"yOffset":9,"xAdvance":9,"rect":{"x":355,"y":0,"width":11,"height":30}},"7884":{"xOffset":5,"yOffset":8,"xAdvance":20,"rect":{"x":126,"y":300,"width":22,"height":31}},"7885":{"xOffset":7,"yOffset":14,"xAdvance":15,"rect":{"x":299,"y":107,"width":17,"height":25}},"7886":{"xOffset":5,"yOffset":0,"xAdvance":20,"rect":{"x":54,"y":311,"width":22,"height":34}},"7887":{"xOffset":7,"yOffset":7,"xAdvance":15,"rect":{"x":318,"y":136,"width":17,"height":27}},"7888":{"xOffset":5,"yOffset":-1,"xAdvance":20,"rect":{"x":105,"y":134,"width":22,"height":35}},"7889":{"xOffset":7,"yOffset":5,"xAdvance":15,"rect":{"x":318,"y":105,"width":17,"height":29}},"7890":{"xOffset":5,"yOffset":-1,"xAdvance":20,"rect":{"x":105,"y":65,"width":22,"height":35}},"7891":{"xOffset":7,"yOffset":5,"xAdvance":15,"rect":{"x":299,"y":160,"width":17,"height":29}},"7892":{"xOffset":5,"yOffset":-2,"xAdvance":20,"rect":{"x":81,"y":67,"width":22,"height":36}},"7893":{"xOffset":7,"yOffset":4,"xAdvance":15,"rect":{"x":299,"y":191,"width":17,"height":30}},"7894":{"xOffset":5,"yOffset":0,"xAdvance":20,"rect":{"x":102,"y":172,"width":22,"height":34}},"7895":{"xOffset":7,"yOffset":6,"xAdvance":15,"rect":{"x":299,"y":223,"width":17,"height":28}},"7896":{"xOffset":5,"yOffset":4,"xAdvance":20,"rect":{"x":56,"y":27,"width":22,"height":35}},"7897":{"xOffset":7,"yOffset":10,"xAdvance":15,"rect":{"x":299,"y":280,"width":17,"height":29}},"7898":{"xOffset":5,"yOffset":4,"xAdvance":20,"rect":{"x":102,"y":341,"width":22,"height":30}},"7899":{"xOffset":7,"yOffset":9,"xAdvance":16,"rect":{"x":259,"y":259,"width":18,"height":25}},"7900":{"xOffset":5,"yOffset":3,"xAdvance":20,"rect":{"x":126,"y":236,"width":22,"height":31}},"7901":{"xOffset":7,"yOffset":9,"xAdvance":16,"rect":{"x":260,"y":70,"width":18,"height":25}},"7902":{"xOffset":5,"yOffset":0,"xAdvance":20,"rect":{"x":81,"y":31,"width":22,"height":34}},"7903":{"xOffset":7,"yOffset":7,"xAdvance":16,"rect":{"x":279,"y":265,"width":18,"height":27}},"7904":{"xOffset":5,"yOffset":3,"xAdvance":20,"rect":{"x":105,"y":32,"width":22,"height":31}},"7905":{"xOffset":7,"yOffset":9,"xAdvance":16,"rect":{"x":279,"y":97,"width":18,"height":25}},"7906":{"xOffset":5,"yOffset":5,"xAdvance":20,"rect":{"x":102,"y":208,"width":22,"height":34}},"7907":{"xOffset":7,"yOffset":10,"xAdvance":16,"rect":{"x":279,"y":180,"width":18,"height":29}},"7908":{"xOffset":6,"yOffset":8,"xAdvance":18,"rect":{"x":175,"y":27,"width":20,"height":31}},"7909":{"xOffset":7,"yOffset":14,"xAdvance":16,"rect":{"x":279,"y":316,"width":18,"height":26}},"7910":{"xOffset":6,"yOffset":2,"xAdvance":18,"rect":{"x":173,"y":284,"width":20,"height":32}},"7911":{"xOffset":7,"yOffset":7,"xAdvance":16,"rect":{"x":279,"y":124,"width":18,"height":27}},"7912":{"xOffset":5,"yOffset":4,"xAdvance":20,"rect":{"x":78,"y":296,"width":22,"height":30}},"7913":{"xOffset":6,"yOffset":9,"xAdvance":18,"rect":{"x":173,"y":257,"width":20,"height":25}},"7914":{"xOffset":5,"yOffset":4,"xAdvance":20,"rect":{"x":126,"y":204,"width":22,"height":30}},"7915":{"xOffset":6,"yOffset":9,"xAdvance":18,"rect":{"x":173,"y":172,"width":20,"height":25}},"7916":{"xOffset":5,"yOffset":2,"xAdvance":20,"rect":{"x":81,"y":138,"width":22,"height":32}},"7917":{"xOffset":6,"yOffset":7,"xAdvance":18,"rect":{"x":173,"y":228,"width":20,"height":27}},"7918":{"xOffset":5,"yOffset":3,"xAdvance":20,"rect":{"x":78,"y":328,"width":22,"height":31}},"7919":{"xOffset":6,"yOffset":9,"xAdvance":18,"rect":{"x":175,"y":0,"width":20,"height":25}},"7920":{"xOffset":5,"yOffset":5,"xAdvance":20,"rect":{"x":78,"y":260,"width":22,"height":34}},"7921":{"xOffset":6,"yOffset":10,"xAdvance":18,"rect":{"x":195,"y":304,"width":20,"height":30}},"7922":{"xOffset":5,"yOffset":4,"xAdvance":20,"rect":{"x":78,"y":200,"width":22,"height":30}},"7923":{"xOffset":7,"yOffset":9,"xAdvance":16,"rect":{"x":260,"y":36,"width":18,"height":32}},"7924":{"xOffset":5,"yOffset":8,"xAdvance":20,"rect":{"x":126,"y":171,"width":22,"height":31}},"7925":{"xOffset":7,"yOffset":14,"xAdvance":16,"rect":{"x":259,"y":196,"width":18,"height":27}},"7926":{"xOffset":5,"yOffset":2,"xAdvance":20,"rect":{"x":54,"y":347,"width":22,"height":32}},"7927":{"xOffset":7,"yOffset":7,"xAdvance":16,"rect":{"x":260,"y":0,"width":18,"height":34}},"7928":{"xOffset":5,"yOffset":4,"xAdvance":20,"rect":{"x":102,"y":244,"width":22,"height":30}},"7929":{"xOffset":7,"yOffset":9,"xAdvance":16,"rect":{"x":259,"y":225,"width":18,"height":32}},"8734":{"xOffset":3,"yOffset":16,"xAdvance":23,"rect":{"x":0,"y":77,"width":25,"height":13}}},"kerningDict":{}}]],0,0,[0],[1],[0]],[[{"name":"azuki_gold-export","rect":[0,0,379,379],"offset":[0,0],"originalSize":[379,379],"capInsets":[0,0,0,0]}],[0],0,[0],[0],[1]],[[{"name":"PanelL2_half","rect":[0,0,573,666],"offset":[0,0],"originalSize":[573,666],"capInsets":[0,0,0,0]}],[0],0,[0],[0],[2]]]]