[
  1,
  [
    "02O7jQYo1E7LcXPxLW3Nk6",
    "d3T9StITlItpsD/Qjrrcoc",
    "09yJMMsC1N47LRjhAp4+T3",
    "43lOVoKpxLTKmqJoyBdmtv",
    "73wtYIHKhMj606OoR+mCrq",
    "beTDNzsLNLuZLpB+OWGv0C",
    "c4kiVA4t1C+55t+MUmL9cY",
    "40t2UJTvpJwIWVFu9pVGGk",
    "8d4bz/XSRClaT/WfEy+lEc",
    "eayt10409Ka7DpA0oINGe+",
    "b78gjofIFF372374nzz+4L",
    "0cTrHLwnRE1YpSQUPX2TaV",
    "a1bY6EwqpA3bcDoxYxzykC",
    "3ec68G4aZOgay+IPWHywWP",
    "dbhm+nWeRDSbF00GMOF7e7",
    "d1IQL15B9KuY0vZn7YSHNF",
    "f6dWq6viREBoqsN7kSyN+S",
    "973tJFnR5NUaG+qVpen1Q1",
    "53dHkIfz1AZo2gFbsk67sM",
    "bf1C8fbZFJbLdJXBwY2dam",
    "8753XGA6NJ1YXaRWmUtXFM",
    "54IKSx5B5OvqYeyeXPe6WQ",
    "7426BnL2VHDZ44sapAxcfo",
    "e9eMuu31hH2YQaNZfJhthX",
    "03HzcmaKJNB7QyHER2J07I",
    "ab4d4BpYFLfojjKDFAXzNF",
    "dehYzAh6VBca5Qg++QbvEE",
    "91Vw08KH9AQIRu8sbGndex",
    "0blwpSHJBLZ4x9yYy+R8oN"
  ],
  [
    "value"
  ],
  [
    [
      "cc.AnimationClip",
      [
        "_name",
        "_duration",
        "sample",
        "curveData"
      ],
      0,
      11
    ]
  ],
  [
    [
      0,
      0,
      1,
      2,
      3,
      4
    ]
  ],
  [
    [
      0,
      "Effect_Total_Win",
      1.2666666666666666,
      15,
      [
        {},
        "paths",
        11,
        [
          {},
          "ps_particle_c_add_00",
          11,
          [
            {},
            "comps",
            11,
            [
              {},
              "cc.Sprite",
              11,
              [
                {},
                "spriteFrame",
                12,
                [
                  [
                    [
                      {
                        "frame": 0
                      },
                      "value",
                      6,
                      0
                    ],
                    [
                      {
                        "frame": 0.06666666666666667
                      },
                      "value",
                      6,
                      1
                    ],
                    [
                      {
                        "frame": 0.13333333333333333
                      },
                      "value",
                      6,
                      2
                    ],
                    [
                      {
                        "frame": 0.2
                      },
                      "value",
                      6,
                      3
                    ],
                    [
                      {
                        "frame": 0.26666666666666666
                      },
                      "value",
                      6,
                      4
                    ],
                    [
                      {
                        "frame": 0.3333333333333333
                      },
                      "value",
                      6,
                      5
                    ],
                    [
                      {
                        "frame": 0.4
                      },
                      "value",
                      6,
                      6
                    ],
                    [
                      {
                        "frame": 0.4666666666666667
                      },
                      "value",
                      6,
                      7
                    ],
                    [
                      {
                        "frame": 0.5333333333333333
                      },
                      "value",
                      6,
                      8
                    ],
                    [
                      {
                        "frame": 0.6
                      },
                      "value",
                      6,
                      9
                    ],
                    [
                      {
                        "frame": 0.6666666666666666
                      },
                      "value",
                      6,
                      10
                    ],
                    [
                      {
                        "frame": 0.7333333333333333
                      },
                      "value",
                      6,
                      11
                    ],
                    [
                      {
                        "frame": 0.8
                      },
                      "value",
                      6,
                      12
                    ],
                    [
                      {
                        "frame": 0.8666666666666667
                      },
                      "value",
                      6,
                      13
                    ],
                    [
                      {
                        "frame": 0.9333333333333333
                      },
                      "value",
                      6,
                      14
                    ],
                    [
                      {
                        "frame": 1
                      },
                      "value",
                      6,
                      15
                    ],
                    [
                      {
                        "frame": 1.0666666666666667
                      },
                      "value",
                      6,
                      16
                    ],
                    [
                      {
                        "frame": 1.1333333333333333
                      },
                      "value",
                      6,
                      17
                    ],
                    [
                      {
                        "frame": 1.2
                      },
                      "value",
                      6,
                      18
                    ]
                  ],
                  11,
                  11,
                  11,
                  11,
                  11,
                  11,
                  11,
                  11,
                  11,
                  11,
                  11,
                  11,
                  11,
                  11,
                  11,
                  11,
                  11,
                  11,
                  11
                ]
              ]
            ]
          ],
          "tw",
          11,
          [
            {},
            "props",
            11,
            [
              {
                "opacity": []
              },
              "scale",
              12,
              [
                [
                  [
                    {
                      "frame": 0,
                      "curve": [
                        0.18,
                        0.89,
                        0.31,
                        1.21
                      ]
                    },
                    "value",
                    8,
                    [
                      1,
                      0,
                      0,
                      1
                    ]
                  ],
                  [
                    {
                      "frame": 0.3333333333333333
                    },
                    "value",
                    8,
                    [
                      1,
                      1,
                      1,
                      1
                    ]
                  ]
                ],
                11,
                11
              ]
            ]
          ],
          "bl_vfx_a_screen_00 copy",
          11,
          [
            {
              "props": {
                "opacity": [
                  {
                    "frame": 0,
                    "value": 0
                  },
                  {
                    "frame": 0.3333333333333333,
                    "value": 150
                  }
                ]
              }
            },
            "comps",
            11,
            [
              {},
              "cc.Sprite",
              11,
              [
                {},
                "spriteFrame",
                12,
                [
                  [
                    [
                      {
                        "frame": 0.3333333333333333
                      },
                      "value",
                      6,
                      19
                    ],
                    [
                      {
                        "frame": 0.4
                      },
                      "value",
                      6,
                      20
                    ],
                    [
                      {
                        "frame": 0.4666666666666667
                      },
                      "value",
                      6,
                      21
                    ],
                    [
                      {
                        "frame": 0.5333333333333333
                      },
                      "value",
                      6,
                      22
                    ],
                    [
                      {
                        "frame": 0.6
                      },
                      "value",
                      6,
                      23
                    ],
                    [
                      {
                        "frame": 0.6666666666666666
                      },
                      "value",
                      6,
                      24
                    ],
                    [
                      {
                        "frame": 0.7333333333333333
                      },
                      "value",
                      6,
                      25
                    ],
                    [
                      {
                        "frame": 0.8
                      },
                      "value",
                      6,
                      26
                    ],
                    [
                      {
                        "frame": 0.8666666666666667
                      },
                      "value",
                      6,
                      27
                    ],
                    [
                      {
                        "frame": 0.9333333333333333
                      },
                      "value",
                      6,
                      28
                    ],
                    [
                      {
                        "frame": 1
                      },
                      "value",
                      6,
                      29
                    ],
                    [
                      {
                        "frame": 1.0666666666666667
                      },
                      "value",
                      6,
                      30
                    ],
                    [
                      {
                        "frame": 1.1333333333333333
                      },
                      "value",
                      6,
                      31
                    ],
                    [
                      {
                        "frame": 1.2
                      },
                      "value",
                      6,
                      32
                    ]
                  ],
                  11,
                  11,
                  11,
                  11,
                  11,
                  11,
                  11,
                  11,
                  11,
                  11,
                  11,
                  11,
                  11,
                  11
                ]
              ]
            ]
          ],
          "bl_vfx_d_screen",
          11,
          [
            {},
            "props",
            11,
            [
              {
                "opacity": [
                  {
                    "frame": 0,
                    "value": 255,
                    "curve": "sineOut"
                  },
                  {
                    "frame": 0.4666666666666667,
                    "value": 0
                  }
                ]
              },
              "scale",
              12,
              [
                [
                  [
                    {
                      "frame": 0,
                      "curve": "sineOut"
                    },
                    "value",
                    8,
                    [
                      1,
                      0,
                      0,
                      1
                    ]
                  ],
                  [
                    {
                      "frame": 0.4666666666666667
                    },
                    "value",
                    8,
                    [
                      1,
                      10,
                      10,
                      1
                    ]
                  ]
                ],
                11,
                11
              ]
            ]
          ]
        ]
      ]
    ]
  ],
  0,
  0,
  [
    0,
    0,
    0,
    0,
    0,
    0,
    0,
    0,
    0,
    0,
    0,
    0,
    0,
    0,
    0,
    0,
    0,
    0,
    0,
    0,
    0,
    0,
    0,
    0,
    0,
    0,
    0,
    0,
    0,
    0,
    0,
    0,
    0
  ],
  [
    0,
    0,
    0,
    0,
    0,
    0,
    0,
    0,
    0,
    0,
    0,
    0,
    0,
    0,
    0,
    0,
    0,
    0,
    0,
    0,
    0,
    0,
    0,
    0,
    0,
    0,
    0,
    0,
    0,
    0,
    0,
    0,
    0
  ],
  [
    4,
    5,
    6,
    7,
    8,
    9,
    10,
    11,
    12,
    13,
    14,
    15,
    16,
    17,
    18,
    19,
    20,
    21,
    22,
    0,
    1,
    2,
    3,
    23,
    24,
    25,
    26,
    27,
    28,
    0,
    1,
    2,
    3
  ]
]