[
  1,
  [
    "63GraTsPBMkpOrBSZGtUTs",
    "1a5zqDECRHHL5KjDsLl6Tp"
  ],
  [
    "_textureSetter",
    "spriteFrame"
  ],
  [
    "cc.SpriteFrame",
    [
      "cc.BitmapFont",
      [
        "_name",
        "fontSize",
        "_fntConfig"
      ],
      0
    ]
  ],
  [
    [
      1,
      0,
      1,
      2,
      4
    ]
  ],
  [
    [
      [
        {
          "name": "font_goldPick",
          "rect": [
            0,
            0,
            234,
            253
          ],
          "offset": [
            -11,
            1.5
          ],
          "originalSize": [
            256,
            256
          ],
          "capInsets": [
            0,
            0,
            0,
            0
          ]
        }
      ],
      [
        0
      ],
      0,
      [
        0
      ],
      [
        0
      ],
      [
        0
      ]
    ],
    [
      [
        [
          0,
          "font_goldPick",
          32,
          {
            "commonHeight": 80,
            "fontSize": 32,
            "atlasName": "font_goldPick.png",
            "fontDefDictionary": {
              "9": {
                "xOffset": 0,
                "yOffset": 0,
                "xAdvance": 160,
                "rect": {
                  "x": 0,
                  "y": 0,
                  "width": 0,
                  "height": 0
                }
              },
              "32": {
                "xOffset": 0,
                "yOffset": 0,
                "xAdvance": 20,
                "rect": {
                  "x": 0,
                  "y": 0,
                  "width": 0,
                  "height": 0
                }
              },
              "44": {
                "xOffset": 0,
                "yOffset": 73,
                "xAdvance": 9,
                "rect": {
                  "x": 0,
                  "y": 237,
                  "width": 8,
                  "height": 14
                }
              },
              "46": {
                "xOffset": 0,
                "yOffset": 73,
                "xAdvance": 8,
                "rect": {
                  "x": 9,
                  "y": 237,
                  "width": 7,
                  "height": 7
                }
              },
              "48": {
                "xOffset": 0,
                "yOffset": 46,
                "xAdvance": 24,
                "rect": {
                  "x": 128,
                  "y": 208,
                  "width": 23,
                  "height": 35
                }
              },
              "49": {
                "xOffset": 0,
                "yOffset": 46,
                "xAdvance": 20,
                "rect": {
                  "x": 197,
                  "y": 137,
                  "width": 19,
                  "height": 34
                }
              },
              "50": {
                "xOffset": 0,
                "yOffset": 46,
                "xAdvance": 22,
                "rect": {
                  "x": 162,
                  "y": 37,
                  "width": 21,
                  "height": 34
                }
              },
              "51": {
                "xOffset": 0,
                "yOffset": 46,
                "xAdvance": 22,
                "rect": {
                  "x": 175,
                  "y": 218,
                  "width": 21,
                  "height": 35
                }
              },
              "52": {
                "xOffset": 0,
                "yOffset": 46,
                "xAdvance": 25,
                "rect": {
                  "x": 90,
                  "y": 36,
                  "width": 24,
                  "height": 34
                }
              },
              "53": {
                "xOffset": 0,
                "yOffset": 45,
                "xAdvance": 22,
                "rect": {
                  "x": 175,
                  "y": 181,
                  "width": 21,
                  "height": 36
                }
              },
              "54": {
                "xOffset": 0,
                "yOffset": 46,
                "xAdvance": 23,
                "rect": {
                  "x": 153,
                  "y": 73,
                  "width": 22,
                  "height": 35
                }
              },
              "55": {
                "xOffset": 0,
                "yOffset": 46,
                "xAdvance": 22,
                "rect": {
                  "x": 175,
                  "y": 146,
                  "width": 21,
                  "height": 34
                }
              },
              "56": {
                "xOffset": 0,
                "yOffset": 46,
                "xAdvance": 24,
                "rect": {
                  "x": 129,
                  "y": 106,
                  "width": 23,
                  "height": 35
                }
              },
              "57": {
                "xOffset": 0,
                "yOffset": 45,
                "xAdvance": 23,
                "rect": {
                  "x": 145,
                  "y": 0,
                  "width": 22,
                  "height": 36
                }
              },
              "65": {
                "xOffset": 0,
                "yOffset": 46,
                "xAdvance": 30,
                "rect": {
                  "x": 0,
                  "y": 127,
                  "width": 29,
                  "height": 34
                }
              },
              "66": {
                "xOffset": 0,
                "yOffset": 46,
                "xAdvance": 24,
                "rect": {
                  "x": 138,
                  "y": 37,
                  "width": 23,
                  "height": 35
                }
              },
              "67": {
                "xOffset": 0,
                "yOffset": 46,
                "xAdvance": 23,
                "rect": {
                  "x": 152,
                  "y": 206,
                  "width": 22,
                  "height": 35
                }
              },
              "68": {
                "xOffset": 0,
                "yOffset": 46,
                "xAdvance": 25,
                "rect": {
                  "x": 71,
                  "y": 0,
                  "width": 24,
                  "height": 35
                }
              },
              "69": {
                "xOffset": 0,
                "yOffset": 46,
                "xAdvance": 22,
                "rect": {
                  "x": 184,
                  "y": 37,
                  "width": 21,
                  "height": 34
                }
              },
              "70": {
                "xOffset": 0,
                "yOffset": 46,
                "xAdvance": 21,
                "rect": {
                  "x": 176,
                  "y": 102,
                  "width": 20,
                  "height": 34
                }
              },
              "71": {
                "xOffset": 0,
                "yOffset": 46,
                "xAdvance": 24,
                "rect": {
                  "x": 104,
                  "y": 207,
                  "width": 23,
                  "height": 35
                }
              },
              "72": {
                "xOffset": 0,
                "yOffset": 46,
                "xAdvance": 25,
                "rect": {
                  "x": 79,
                  "y": 184,
                  "width": 24,
                  "height": 34
                }
              },
              "73": {
                "xOffset": 0,
                "yOffset": 46,
                "xAdvance": 8,
                "rect": {
                  "x": 227,
                  "y": 37,
                  "width": 7,
                  "height": 34
                }
              },
              "74": {
                "xOffset": 0,
                "yOffset": 46,
                "xAdvance": 18,
                "rect": {
                  "x": 197,
                  "y": 201,
                  "width": 17,
                  "height": 35
                }
              },
              "75": {
                "xOffset": 0,
                "yOffset": 46,
                "xAdvance": 24,
                "rect": {
                  "x": 104,
                  "y": 172,
                  "width": 23,
                  "height": 34
                }
              },
              "76": {
                "xOffset": 0,
                "yOffset": 46,
                "xAdvance": 21,
                "rect": {
                  "x": 197,
                  "y": 102,
                  "width": 20,
                  "height": 34
                }
              },
              "77": {
                "xOffset": 0,
                "yOffset": 46,
                "xAdvance": 31,
                "rect": {
                  "x": 0,
                  "y": 92,
                  "width": 30,
                  "height": 34
                }
              },
              "78": {
                "xOffset": 0,
                "yOffset": 46,
                "xAdvance": 26,
                "rect": {
                  "x": 53,
                  "y": 200,
                  "width": 25,
                  "height": 34
                }
              },
              "79": {
                "xOffset": 0,
                "yOffset": 46,
                "xAdvance": 26,
                "rect": {
                  "x": 45,
                  "y": 0,
                  "width": 25,
                  "height": 35
                }
              },
              "80": {
                "xOffset": 0,
                "yOffset": 46,
                "xAdvance": 24,
                "rect": {
                  "x": 114,
                  "y": 71,
                  "width": 23,
                  "height": 34
                }
              },
              "81": {
                "xOffset": 0,
                "yOffset": 46,
                "xAdvance": 26,
                "rect": {
                  "x": 38,
                  "y": 64,
                  "width": 25,
                  "height": 41
                }
              },
              "82": {
                "xOffset": 0,
                "yOffset": 46,
                "xAdvance": 25,
                "rect": {
                  "x": 96,
                  "y": 0,
                  "width": 24,
                  "height": 34
                }
              },
              "83": {
                "xOffset": 0,
                "yOffset": 45,
                "xAdvance": 23,
                "rect": {
                  "x": 168,
                  "y": 0,
                  "width": 22,
                  "height": 36
                }
              },
              "84": {
                "xOffset": 0,
                "yOffset": 46,
                "xAdvance": 25,
                "rect": {
                  "x": 79,
                  "y": 219,
                  "width": 24,
                  "height": 34
                }
              },
              "85": {
                "xOffset": 0,
                "yOffset": 46,
                "xAdvance": 24,
                "rect": {
                  "x": 128,
                  "y": 172,
                  "width": 23,
                  "height": 35
                }
              },
              "86": {
                "xOffset": 0,
                "yOffset": 46,
                "xAdvance": 29,
                "rect": {
                  "x": 0,
                  "y": 162,
                  "width": 28,
                  "height": 34
                }
              },
              "87": {
                "xOffset": 0,
                "yOffset": 46,
                "xAdvance": 45,
                "rect": {
                  "x": 0,
                  "y": 0,
                  "width": 44,
                  "height": 34
                }
              },
              "88": {
                "xOffset": 0,
                "yOffset": 46,
                "xAdvance": 27,
                "rect": {
                  "x": 0,
                  "y": 197,
                  "width": 26,
                  "height": 34
                }
              },
              "89": {
                "xOffset": 0,
                "yOffset": 46,
                "xAdvance": 26,
                "rect": {
                  "x": 53,
                  "y": 165,
                  "width": 25,
                  "height": 34
                }
              },
              "90": {
                "xOffset": 0,
                "yOffset": 46,
                "xAdvance": 23,
                "rect": {
                  "x": 152,
                  "y": 171,
                  "width": 22,
                  "height": 34
                }
              },
              "97": {
                "xOffset": 0,
                "yOffset": 52,
                "xAdvance": 24,
                "rect": {
                  "x": 129,
                  "y": 142,
                  "width": 23,
                  "height": 28
                }
              },
              "98": {
                "xOffset": 0,
                "yOffset": 44,
                "xAdvance": 25,
                "rect": {
                  "x": 104,
                  "y": 134,
                  "width": 24,
                  "height": 37
                }
              },
              "99": {
                "xOffset": 0,
                "yOffset": 52,
                "xAdvance": 22,
                "rect": {
                  "x": 176,
                  "y": 72,
                  "width": 21,
                  "height": 29
                }
              },
              "100": {
                "xOffset": 0,
                "yOffset": 44,
                "xAdvance": 26,
                "rect": {
                  "x": 30,
                  "y": 127,
                  "width": 25,
                  "height": 37
                }
              },
              "101": {
                "xOffset": 0,
                "yOffset": 52,
                "xAdvance": 23,
                "rect": {
                  "x": 115,
                  "y": 37,
                  "width": 22,
                  "height": 29
                }
              },
              "102": {
                "xOffset": 0,
                "yOffset": 43,
                "xAdvance": 18,
                "rect": {
                  "x": 206,
                  "y": 30,
                  "width": 17,
                  "height": 37
                }
              },
              "103": {
                "xOffset": 0,
                "yOffset": 52,
                "xAdvance": 26,
                "rect": {
                  "x": 27,
                  "y": 197,
                  "width": 25,
                  "height": 39
                }
              },
              "104": {
                "xOffset": 0,
                "yOffset": 44,
                "xAdvance": 24,
                "rect": {
                  "x": 121,
                  "y": 0,
                  "width": 23,
                  "height": 36
                }
              },
              "105": {
                "xOffset": 0,
                "yOffset": 44,
                "xAdvance": 9,
                "rect": {
                  "x": 218,
                  "y": 68,
                  "width": 8,
                  "height": 36
                }
              },
              "106": {
                "xOffset": 0,
                "yOffset": 44,
                "xAdvance": 15,
                "rect": {
                  "x": 217,
                  "y": 137,
                  "width": 14,
                  "height": 47
                }
              },
              "107": {
                "xOffset": 0,
                "yOffset": 44,
                "xAdvance": 23,
                "rect": {
                  "x": 153,
                  "y": 109,
                  "width": 22,
                  "height": 36
                }
              },
              "108": {
                "xOffset": 0,
                "yOffset": 44,
                "xAdvance": 8,
                "rect": {
                  "x": 224,
                  "y": 0,
                  "width": 7,
                  "height": 36
                }
              },
              "109": {
                "xOffset": 0,
                "yOffset": 52,
                "xAdvance": 39,
                "rect": {
                  "x": 0,
                  "y": 35,
                  "width": 38,
                  "height": 28
                }
              },
              "110": {
                "xOffset": 0,
                "yOffset": 52,
                "xAdvance": 25,
                "rect": {
                  "x": 89,
                  "y": 75,
                  "width": 24,
                  "height": 28
                }
              },
              "111": {
                "xOffset": 0,
                "yOffset": 52,
                "xAdvance": 25,
                "rect": {
                  "x": 82,
                  "y": 104,
                  "width": 24,
                  "height": 29
                }
              },
              "112": {
                "xOffset": 0,
                "yOffset": 52,
                "xAdvance": 26,
                "rect": {
                  "x": 56,
                  "y": 106,
                  "width": 25,
                  "height": 38
                }
              },
              "113": {
                "xOffset": 0,
                "yOffset": 52,
                "xAdvance": 26,
                "rect": {
                  "x": 64,
                  "y": 36,
                  "width": 25,
                  "height": 38
                }
              },
              "114": {
                "xOffset": 0,
                "yOffset": 52,
                "xAdvance": 19,
                "rect": {
                  "x": 197,
                  "y": 172,
                  "width": 18,
                  "height": 28
                }
              },
              "115": {
                "xOffset": 0,
                "yOffset": 52,
                "xAdvance": 21,
                "rect": {
                  "x": 191,
                  "y": 0,
                  "width": 20,
                  "height": 29
                }
              },
              "116": {
                "xOffset": 0,
                "yOffset": 47,
                "xAdvance": 17,
                "rect": {
                  "x": 215,
                  "y": 201,
                  "width": 16,
                  "height": 34
                }
              },
              "117": {
                "xOffset": 0,
                "yOffset": 53,
                "xAdvance": 25,
                "rect": {
                  "x": 64,
                  "y": 75,
                  "width": 24,
                  "height": 28
                }
              },
              "118": {
                "xOffset": 0,
                "yOffset": 53,
                "xAdvance": 25,
                "rect": {
                  "x": 39,
                  "y": 36,
                  "width": 24,
                  "height": 27
                }
              },
              "119": {
                "xOffset": 0,
                "yOffset": 53,
                "xAdvance": 38,
                "rect": {
                  "x": 0,
                  "y": 64,
                  "width": 37,
                  "height": 27
                }
              },
              "120": {
                "xOffset": 0,
                "yOffset": 53,
                "xAdvance": 24,
                "rect": {
                  "x": 29,
                  "y": 165,
                  "width": 23,
                  "height": 27
                }
              },
              "121": {
                "xOffset": 0,
                "yOffset": 53,
                "xAdvance": 25,
                "rect": {
                  "x": 79,
                  "y": 145,
                  "width": 24,
                  "height": 38
                }
              },
              "122": {
                "xOffset": 0,
                "yOffset": 53,
                "xAdvance": 21,
                "rect": {
                  "x": 107,
                  "y": 106,
                  "width": 20,
                  "height": 27
                }
              }
            },
            "kerningDict": {}
          }
        ]
      ],
      0,
      0,
      [
        0
      ],
      [
        1
      ],
      [
        1
      ]
    ]
  ]
]