[1,["8cRXge6UJMXLRr2f3PlrZm"],["_textureSetter"],["cc.SpriteFrame"],0,[[[{"name":"wild_vfx_d_01_08","rect":[1,370,127,307],"offset":[0,-2],"originalSize":[155,339],"rotated":1,"capInsets":[0,0,0,0]}],[0],0,[0],[0],[0]],[[{"name":"wild_vfx_d_01_03","rect":[308,116,125,165],"offset":[1,-73],"originalSize":[155,339],"rotated":1,"capInsets":[0,0,0,0]}],[0],0,[0],[0],[0]],[[{"name":"wild_vfx_d_01_07","rect":[621,255,127,307],"offset":[0,-2],"originalSize":[155,339],"rotated":1,"capInsets":[0,0,0,0]}],[0],0,[0],[0],[0]],[[{"name":"wild_vfx_d_01_09","rect":[310,372,127,309],"offset":[0,-1],"originalSize":[155,339],"rotated":1,"capInsets":[0,0,0,0]}],[0],0,[0],[0],[0]],[[{"name":"wild_vfx_d_01_18","rect":[312,771,127,309],"offset":[0,-1],"originalSize":[155,339],"rotated":1,"capInsets":[0,0,0,0]}],[0],0,[0],[0],[0]],[[{"name":"wild_vfx_d_01_16","rect":[623,642,127,309],"offset":[0,-1],"originalSize":[155,339],"rotated":1,"capInsets":[0,0,0,0]}],[0],0,[0],[0],[0]],[[{"name":"wild_vfx_d_01_21","rect":[1,84,123,305],"offset":[1,0],"originalSize":[155,339],"rotated":1,"capInsets":[0,0,0,0]}],[0],0,[0],[0],[0]],[[{"name":"wild_vfx_d_01_17","rect":[1,759,127,309],"offset":[0,-1],"originalSize":[155,339],"rotated":1,"capInsets":[0,0,0,0]}],[0],0,[0],[0],[0]],[[{"name":"wild_vfx_d_01_02","rect":[805,1,125,143],"offset":[1,-79],"originalSize":[155,339],"rotated":1,"capInsets":[0,0,0,0]}],[0],0,[0],[0],[0]],[[{"name":"wild_vfx_d_01_15","rect":[312,642,127,309],"offset":[0,-1],"originalSize":[155,339],"rotated":1,"capInsets":[0,0,0,0]}],[0],0,[0],[0],[0]],[[{"name":"wild_vfx_d_01_19","rect":[623,771,127,309],"offset":[0,-1],"originalSize":[155,339],"rotated":1,"capInsets":[0,0,0,0]}],[0],0,[0],[0],[0]],[[{"name":"wild_vfx_d_01_04","rect":[475,116,125,187],"offset":[1,-62],"originalSize":[155,339],"rotated":1,"capInsets":[0,0,0,0]}],[0],0,[0],[0],[0]],[[{"name":"wild_vfx_d_01_10","rect":[621,384,127,309],"offset":[0,-1],"originalSize":[155,339],"rotated":1,"capInsets":[0,0,0,0]}],[0],0,[0],[0],[0]],[[{"name":"wild_vfx_d_01_06","rect":[312,243,127,307],"offset":[0,-2],"originalSize":[155,339],"rotated":1,"capInsets":[0,0,0,0]}],[0],0,[0],[0],[0]],[[{"name":"wild_vfx_d_01_11","rect":[1,501,127,309],"offset":[0,-1],"originalSize":[155,339],"rotated":1,"capInsets":[0,0,0,0]}],[0],0,[0],[0],[0]],[[{"name":"wild_vfx_d_01_23","rect":[118,1,81,265],"offset":[0,0],"originalSize":[155,339],"rotated":1,"capInsets":[0,0,0,0]}],[0],0,[0],[0],[0]],[[{"name":"wild_vfx_d_01_20","rect":[1,243,125,309],"offset":[1,-1],"originalSize":[155,339],"rotated":1,"capInsets":[0,0,0,0]}],[0],0,[0],[0],[0]],[[{"name":"wild_vfx_d_01_00","rect":[1,1,115,71],"offset":[6,-101],"originalSize":[155,339],"capInsets":[0,0,0,0]}],[0],0,[0],[0],[0]],[[{"name":"wild_vfx_d_01_12","rect":[312,513,127,309],"offset":[0,-1],"originalSize":[155,339],"rotated":1,"capInsets":[0,0,0,0]}],[0],0,[0],[0],[0]],[[{"name":"wild_vfx_d_01_22","rect":[385,1,113,289],"offset":[0,2],"originalSize":[155,339],"rotated":1,"capInsets":[0,0,0,0]}],[0],0,[0],[0],[0]],[[{"name":"wild_vfx_d_01_14","rect":[1,630,127,309],"offset":[0,-1],"originalSize":[155,339],"rotated":1,"capInsets":[0,0,0,0]}],[0],0,[0],[0],[0]],[[{"name":"wild_vfx_d_01_13","rect":[623,513,127,309],"offset":[0,-1],"originalSize":[155,339],"rotated":1,"capInsets":[0,0,0,0]}],[0],0,[0],[0],[0]],[[{"name":"wild_vfx_d_01_05","rect":[664,128,125,297],"offset":[1,-7],"originalSize":[155,339],"rotated":1,"capInsets":[0,0,0,0]}],[0],0,[0],[0],[0]]]]