[1,["9fP1G08hNApplQeRzCD2Tl"],["_textureSetter"],["cc.SpriteFrame"],0,[[[{"name":"reel_vfx_c_08","rect":[134,1,129,251],"offset":[1,2],"originalSize":[191,301],"capInsets":[0,0,0,0]}],[0],0,[0],[0],[0]],[[{"name":"reel_vfx_c_00","rect":[265,199,83,207],"offset":[1,1],"originalSize":[191,301],"rotated":1,"capInsets":[0,0,0,0]}],[0],0,[0],[0],[0]],[[{"name":"reel_vfx_c_10","rect":[1,758,123,243],"offset":[1,1],"originalSize":[191,301],"rotated":1,"capInsets":[0,0,0,0]}],[0],0,[0],[0],[0]],[[{"name":"reel_vfx_c_04","rect":[261,284,125,247],"offset":[1,2],"originalSize":[191,301],"capInsets":[0,0,0,0]}],[0],0,[0],[0],[0]],[[{"name":"reel_vfx_c_03","rect":[130,507,121,241],"offset":[1,1],"originalSize":[191,301],"capInsets":[0,0,0,0]}],[0],0,[0],[0],[0]],[[{"name":"reel_vfx_c_01","rect":[265,1,101,221],"offset":[1,1],"originalSize":[191,301],"rotated":1,"capInsets":[0,0,0,0]}],[0],0,[0],[0],[0]],[[{"name":"reel_vfx_c_05","rect":[1,507,127,249],"offset":[1,2],"originalSize":[191,301],"capInsets":[0,0,0,0]}],[0],0,[0],[0],[0]],[[{"name":"reel_vfx_c_11","rect":[253,533,117,237],"offset":[1,1],"originalSize":[191,301],"capInsets":[0,0,0,0]}],[0],0,[0],[0],[0]],[[{"name":"reel_vfx_c_06","rect":[1,254,129,251],"offset":[1,2],"originalSize":[191,301],"capInsets":[0,0,0,0]}],[0],0,[0],[0],[0]],[[{"name":"reel_vfx_c_02","rect":[372,533,113,235],"offset":[1,1],"originalSize":[191,301],"capInsets":[0,0,0,0]}],[0],0,[0],[0],[0]],[[{"name":"reel_vfx_c_12","rect":[246,772,109,229],"offset":[1,1],"originalSize":[191,301],"rotated":1,"capInsets":[0,0,0,0]}],[0],0,[0],[0],[0]],[[{"name":"reel_vfx_c_07","rect":[1,1,131,251],"offset":[1,1],"originalSize":[191,301],"capInsets":[0,0,0,0]}],[0],0,[0],[0],[0]],[[{"name":"reel_vfx_c_14","rect":[388,284,81,205],"offset":[1,2],"originalSize":[191,301],"capInsets":[0,0,0,0]}],[0],0,[0],[0],[0]],[[{"name":"reel_vfx_c_13","rect":[265,104,93,217],"offset":[1,1],"originalSize":[191,301],"rotated":1,"capInsets":[0,0,0,0]}],[0],0,[0],[0],[0]],[[{"name":"reel_vfx_c_09","rect":[132,254,127,247],"offset":[1,1],"originalSize":[191,301],"capInsets":[0,0,0,0]}],[0],0,[0],[0],[0]]]]