[1,["bfIVUYFUJKUIzY83oN2UT7","01Drjg+w1M/r6RpjGrWhGw","18Sl2J0nZNmIKIrK+zIm1B","b9UuSgd0dEh4CC02idYX//","dflMTnF8hADK6boMnaMNKv","3a4+CvUABCr7YJzsPFJyw8","2e/hIB6W1AFoFXaCtXwAoB","a2aozYeWxI+6ZUgpz5pvod","a1+ri8tnRP8o1nQWb3wCvy","7ce76pVJVJSL6IYey0o54b","9bJVFS9sZFOpKVA7vY9P5d","58s9XVFcdE2ovNyNZEcHYk","b98V2dTp1Oi55/ylIYjwod","2eW5/xOUZJmr4J0Vr6th/s","e6MIHCHsVDBLzWJAO9E51s","13vPWUHZlI5bzmWTFmqHu1","683z9uVR5BDZhrCE2DR2Vi","d4g7laSs5Eirox4Y4RY1du","c83cxwHEROXapllQ2mQ2dF","6c9G6xZyRA6IfZb3NyJxqK","10q0M38lNHH6mk6SFG51bP","ecxRUrMahGOrteAdiZEF+w"],["_textureSetter","spin_vfx_a_18","spin_vfx_a_00","spin_vfx_a_03","spin_vfx_a_09","spin_vfx_a_15","spin_vfx_a_05","spin_vfx_a_19","spin_vfx_a_08","spin_vfx_a_16","spin_vfx_a_13","spin_vfx_a_20","spin_vfx_a_01","spin_vfx_a_04","spin_vfx_a_11","spin_vfx_a_10","spin_vfx_a_02","spin_vfx_a_12","spin_vfx_a_17","spin_vfx_a_06","spin_vfx_a_07","spin_vfx_a_14"],["cc.SpriteFrame",["cc.SpriteAtlas",["_name","_spriteFrames"],2,11]],[[1,0,1,2]],[[[{"name":"spin_vfx_a_18","rect":[1,685,178,104],"offset":[19,25],"originalSize":[250,250],"rotated":1,"capInsets":[0,0,0,0]}],[0],0,[0],[0],[0]],[[{"name":"spin_vfx_a_07","rect":[225,445,216,214],"offset":[7,-7],"originalSize":[250,250],"rotated":1,"capInsets":[0,0,0,0]}],[0],0,[0],[0],[0]],[[{"name":"spin_vfx_a_10","rect":[1,1,232,218],"offset":[9,0],"originalSize":[250,250],"capInsets":[0,0,0,0]}],[0],0,[0],[0],[0]],[[{"name":"spin_vfx_a_00","rect":[625,579,70,68],"offset":[3,-1],"originalSize":[250,250],"capInsets":[0,0,0,0]}],[0],0,[0],[0],[0]],[[{"name":"spin_vfx_a_04","rect":[629,403,174,174],"offset":[4,-3],"originalSize":[250,250],"capInsets":[0,0,0,0]}],[0],0,[0],[0],[0]],[[{"name":"spin_vfx_a_05","rect":[629,211,190,190],"offset":[6,-5],"originalSize":[250,250],"capInsets":[0,0,0,0]}],[0],0,[0],[0],[0]],[[{"name":"spin_vfx_a_15","rect":[219,221,222,192],"offset":[4,1],"originalSize":[250,250],"rotated":1,"capInsets":[0,0,0,0]}],[0],0,[0],[0],[0]],[[{"name":"spin_vfx_a_20","rect":[853,1,3,3],"offset":[-123.5,123.5],"originalSize":[250,250],"capInsets":[0,0,0,0]}],[0],0,[0],[0],[0]],[[{"name":"spin_vfx_a_02","rect":[709,579,134,128],"offset":[2,-1],"originalSize":[250,250],"rotated":1,"capInsets":[0,0,0,0]}],[0],0,[0],[0],[0]],[[{"name":"spin_vfx_a_06","rect":[501,653,206,202],"offset":[6,-6],"originalSize":[250,250],"capInsets":[0,0,0,0]}],[0],0,[0],[0],[0]],[[{"name":"spin_vfx_a_16","rect":[441,435,216,182],"offset":[-1,-14],"originalSize":[250,250],"rotated":1,"capInsets":[0,0,0,0]}],[0],0,[0],[0],[0]],[[{"name":"spin_vfx_a_13","rect":[413,217,216,214],"offset":[7,1],"originalSize":[250,250],"rotated":1,"capInsets":[0,0,0,0]}],[0],0,[0],[0],[0]],[[{"name":"spin_vfx_a_08","rect":[469,1,226,208],"offset":[7,-1],"originalSize":[250,250],"capInsets":[0,0,0,0]}],[0],0,[0],[0],[0]],[[{"name":"spin_vfx_a_19","rect":[219,445,4,4],"offset":[68,75],"originalSize":[250,250],"capInsets":[0,0,0,0]}],[0],0,[0],[0],[0]],[[{"name":"spin_vfx_a_03","rect":[697,1,154,152],"offset":[2,-2],"originalSize":[250,250],"capInsets":[0,0,0,0]}],[0],0,[0],[0],[0]],[[{"name":"spin_vfx_a_01","rect":[709,715,106,100],"offset":[3,-1],"originalSize":[250,250],"capInsets":[0,0,0,0]}],[0],0,[0],[0],[0]],[[{"name":"spin_vfx_a_17","rect":[107,685,186,176],"offset":[14,-8],"originalSize":[250,250],"capInsets":[0,0,0,0]}],[0],0,[0],[0],[0]],[[{"name":"spin_vfx_a_12","rect":[1,457,222,226],"offset":[2,1],"originalSize":[250,250],"capInsets":[0,0,0,0]}],[0],0,[0],[0],[0]],[[{"name":"spin_vfx_a_09","rect":[235,1,232,214],"offset":[8,0],"originalSize":[250,250],"capInsets":[0,0,0,0]}],[0],0,[0],[0],[0]],[[{"name":"spin_vfx_a_11","rect":[1,221,234,216],"offset":[8,4],"originalSize":[250,250],"rotated":1,"capInsets":[0,0,0,0]}],[0],0,[0],[0],[0]],[[[0,"Alats31.plist",[{},"spin_vfx_a_18",6,0,"spin_vfx_a_00",6,1,"spin_vfx_a_03",6,2,"spin_vfx_a_09",6,3,"spin_vfx_a_15",6,4,"spin_vfx_a_05",6,5,"spin_vfx_a_19",6,6,"spin_vfx_a_08",6,7,"spin_vfx_a_16",6,8,"spin_vfx_a_13",6,9,"spin_vfx_a_20",6,10,"spin_vfx_a_01",6,11,"spin_vfx_a_04",6,12,"spin_vfx_a_11",6,13,"spin_vfx_a_10",6,14,"spin_vfx_a_02",6,15,"spin_vfx_a_12",6,16,"spin_vfx_a_17",6,17,"spin_vfx_a_06",6,18,"spin_vfx_a_07",6,19,"spin_vfx_a_14",6,20]]],0,0,[0,0,0,0,0,0,0,0,0,0,0,0,0,0,0,0,0,0,0,0,0],[1,2,3,4,5,6,7,8,9,10,11,12,13,14,15,16,17,18,19,20,21],[1,2,3,4,5,6,7,8,9,10,11,12,13,14,15,16,17,18,19,20,21]],[[{"name":"spin_vfx_a_14","rect":[295,663,192,204],"offset":[18,-5],"originalSize":[250,250],"rotated":1,"capInsets":[0,0,0,0]}],[0],0,[0],[0],[0]]]]