[1,["edQbGhhG1GppweLRpIiY3A","22l0mKAPlCyrtvNVUhY+9z","88+KoO3mtCsYO0OpYskrZA","7cUbKytixIHo39m7rZvKjm","da76YwbctF+q1qbgOQdfre","f6YPncn7JJ65Y9ShuXMHrw","5c3xvE3IlMNpphjea2ZLme","55iHVfStZG77mRJPsZvGFm","85lRTuJD5HIqFH3S8S4Ewr","9djZAc3YdE24lGwetvsC6V","35gh0hV/pLj5Ej/YdX3F2y","a9NJK7eWZH+poV4x6Lg+sH","4c1fipB+5NAYlhLu4tH/Ik"],["_textureSetter","0","1","2","3","4","5","6","7","8","9","decimal",","],["cc.SpriteFrame",["cc.SpriteAtlas",["_name","_spriteFrames"],2,11]],[[1,0,1,2]],[[[{"name":"0","rect":[337,1,48,57],"offset":[0,0],"originalSize":[48,57],"capInsets":[0,0,0,0]}],[0],0,[0],[0],[0]],[[{"name":"9","rect":[240,1,45,59],"offset":[0,0],"originalSize":[45,59],"capInsets":[0,0,0,0]}],[0],0,[0],[0],[0]],[[{"name":",","rect":[516,1,21,29],"offset":[0,0],"originalSize":[21,29],"capInsets":[0,0,0,0]}],[0],0,[0],[0],[0]],[[{"name":"6","rect":[193,1,45,59],"offset":[0,0],"originalSize":[45,59],"capInsets":[0,0,0,0]}],[0],0,[0],[0],[0]],[[{"name":"5","rect":[146,1,45,59],"offset":[0,0],"originalSize":[45,59],"capInsets":[0,0,0,0]}],[0],0,[0],[0],[0]],[[{"name":"2","rect":[287,1,48,58],"offset":[0,0],"originalSize":[48,58],"capInsets":[0,0,0,0]}],[0],0,[0],[0],[0]],[[{"name":"7","rect":[387,1,48,57],"offset":[0,0],"originalSize":[48,57],"capInsets":[0,0,0,0]}],[0],0,[0],[0],[0]],[[{"name":"1","rect":[437,1,31,57],"offset":[0,0],"originalSize":[31,57],"capInsets":[0,0,0,0]}],[0],0,[0],[0],[0]],[[{"name":"8","rect":[98,1,46,59],"offset":[0,0],"originalSize":[46,59],"capInsets":[0,0,0,0]}],[0],0,[0],[0],[0]],[[{"name":"decimal","rect":[516,32,22,19],"offset":[0,0],"originalSize":[22,19],"rotated":1,"capInsets":[0,0,0,0]}],[0],0,[0],[0],[0]],[[[0,"Alats9.plist",[{},"0",6,0,"1",6,1,"2",6,2,"3",6,3,"4",6,4,"5",6,5,"6",6,6,"7",6,7,"8",6,8,"9",6,9,"decimal",6,10,",",6,11]]],0,0,[0,0,0,0,0,0,0,0,0,0,0,0],[1,2,3,4,5,6,7,8,9,10,11,12],[1,2,3,4,5,6,7,8,9,10,11,12]],[[{"name":"3","rect":[50,1,46,59],"offset":[0,0],"originalSize":[46,59],"capInsets":[0,0,0,0]}],[0],0,[0],[0],[0]],[[{"name":"4","rect":[1,1,47,60],"offset":[0,0],"originalSize":[47,60],"capInsets":[0,0,0,0]}],[0],0,[0],[0],[0]]]]