[1,["01BBlnpdBBgro6yCHvZk/P","91Eu4hRF1Pjo1Z/st1gAse","82DsdoU65KVKsP5jLeUlaD","94zNppqnFAp5jn+bnhPZN1","b89wzkeIlBTqPTmol9vAtB","20gvMcRvtLCrrjbLxeLS3b","e9vjPiwDFAI4fZ2VG+V+Tt","24y9Txg39J4aCCyWqyV7Ca","4c+aeRvzZH7oi/UyunpD3Y","48GjUZ+bVD4Ke9AqIDEsOF","9dimYALrVKt5eg8x+VnK4D","deCwtmXKNJnYbYhWRYRSng","69NCTltppG7rcOIcyF9yM+","96+KT9Pj9K2JtUIUHUt44m","bbQsWFDApI0a3fvRyLvNW0","05Q1VEW3JMEJ+uB3v2d35Y","05mpPrPx9OM6RrUPZSs6bA","7fhsAiLTRJBLiKt/AEZIlh","32uFxe7yRLgJcMJfsejbU3","04tbTzY55E9qzkUynDax1t"],["_textureSetter","base_gold_rotate_c_13","base_gold_rotate_c_05","base_gold_rotate_c_12","base_gold_rotate_c_08","base_gold_rotate_c_01","base_gold_rotate_c_06","base_gold_rotate_c_02","base_gold_rotate_c_00","base_gold_rotate_c_04","base_gold_rotate_c_17","base_gold_rotate_c_07","base_gold_rotate_c_11","base_gold_rotate_c_10","base_gold_rotate_c_15","base_gold_rotate_c_03","base_gold_rotate_c_09","base_gold_rotate_c_18","base_gold_rotate_c_16","base_gold_rotate_c_14"],["cc.SpriteFrame",["cc.SpriteAtlas",["_name","_spriteFrames"],2,11]],[[1,0,1,2]],[[[{"name":"base_gold_rotate_c_14","rect":[759,447,228,166],"offset":[1,-33],"originalSize":[872,872],"capInsets":[0,0,0,0]}],[0],0,[0],[0],[0]],[[{"name":"base_gold_rotate_c_03","rect":[581,583,150,242],"offset":[2,21],"originalSize":[872,872],"capInsets":[0,0,0,0]}],[0],0,[0],[0],[0]],[[{"name":"base_gold_rotate_c_09","rect":[275,1,198,288],"offset":[-6,19],"originalSize":[872,872],"capInsets":[0,0,0,0]}],[0],0,[0],[0],[0]],[[{"name":"base_gold_rotate_c_01","rect":[771,1,222,246],"offset":[1,16],"originalSize":[872,872],"capInsets":[0,0,0,0]}],[0],0,[0],[0],[0]],[[{"name":"base_gold_rotate_c_02","rect":[357,583,222,246],"offset":[-8,19],"originalSize":[872,872],"capInsets":[0,0,0,0]}],[0],0,[0],[0],[0]],[[{"name":"base_gold_rotate_c_16","rect":[583,827,222,160],"offset":[2,-32],"originalSize":[872,872],"capInsets":[0,0,0,0]}],[0],0,[0],[0],[0]],[[{"name":"base_gold_rotate_c_04","rect":[761,249,196,228],"offset":[13,21],"originalSize":[872,872],"rotated":1,"capInsets":[0,0,0,0]}],[0],0,[0],[0],[0]],[[{"name":"base_gold_rotate_c_00","rect":[393,367,214,252],"offset":[2,12],"originalSize":[872,872],"rotated":1,"capInsets":[0,0,0,0]}],[0],0,[0],[0],[0]],[[{"name":"base_gold_rotate_c_11","rect":[475,1,294,184],"offset":[-6,-15],"originalSize":[872,872],"capInsets":[0,0,0,0]}],[0],0,[0],[0],[0]],[[{"name":"base_gold_rotate_c_18","rect":[647,367,180,110],"offset":[2,-33],"originalSize":[872,872],"rotated":1,"capInsets":[0,0,0,0]}],[0],0,[0],[0],[0]],[[{"name":"base_gold_rotate_c_05","rect":[733,615,200,244],"offset":[-5,19],"originalSize":[872,872],"rotated":1,"capInsets":[0,0,0,0]}],[0],0,[0],[0],[0]],[[{"name":"base_gold_rotate_c_13","rect":[217,295,278,174],"offset":[2,-29],"originalSize":[872,872],"rotated":1,"capInsets":[0,0,0,0]}],[0],0,[0],[0],[0]],[[[0,"Alats35.plist",[{},"base_gold_rotate_c_13",6,0,"base_gold_rotate_c_05",6,1,"base_gold_rotate_c_12",6,2,"base_gold_rotate_c_08",6,3,"base_gold_rotate_c_01",6,4,"base_gold_rotate_c_06",6,5,"base_gold_rotate_c_02",6,6,"base_gold_rotate_c_00",6,7,"base_gold_rotate_c_04",6,8,"base_gold_rotate_c_17",6,9,"base_gold_rotate_c_07",6,10,"base_gold_rotate_c_11",6,11,"base_gold_rotate_c_10",6,12,"base_gold_rotate_c_15",6,13,"base_gold_rotate_c_03",6,14,"base_gold_rotate_c_09",6,15,"base_gold_rotate_c_18",6,16,"base_gold_rotate_c_16",6,17,"base_gold_rotate_c_14",6,18]]],0,0,[0,0,0,0,0,0,0,0,0,0,0,0,0,0,0,0,0,0,0],[1,2,3,4,5,6,7,8,9,10,11,12,13,14,15,16,17,18,19],[1,2,3,4,5,6,7,8,9,10,11,12,13,14,15,16,17,18,19]],[[{"name":"base_gold_rotate_c_12","rect":[475,187,284,178],"offset":[4,-25],"originalSize":[872,872],"capInsets":[0,0,0,0]}],[0],0,[0],[0],[0]],[[{"name":"base_gold_rotate_c_10","rect":[1,621,278,202],"offset":[-19,-2],"originalSize":[872,872],"rotated":1,"capInsets":[0,0,0,0]}],[0],0,[0],[0],[0]],[[{"name":"base_gold_rotate_c_17","rect":[807,817,186,130],"offset":[1,-31],"originalSize":[872,872],"capInsets":[0,0,0,0]}],[0],0,[0],[0],[0]],[[{"name":"base_gold_rotate_c_08","rect":[1,295,214,324],"offset":[-2,16],"originalSize":[872,872],"capInsets":[0,0,0,0]}],[0],0,[0],[0],[0]],[[{"name":"base_gold_rotate_c_15","rect":[357,831,224,162],"offset":[1,-32],"originalSize":[872,872],"capInsets":[0,0,0,0]}],[0],0,[0],[0],[0]],[[{"name":"base_gold_rotate_c_07","rect":[1,1,272,292],"offset":[11,20],"originalSize":[872,872],"capInsets":[0,0,0,0]}],[0],0,[0],[0],[0]],[[{"name":"base_gold_rotate_c_06","rect":[205,621,150,250],"offset":[-4,19],"originalSize":[872,872],"capInsets":[0,0,0,0]}],[0],0,[0],[0],[0]]]]