[1,["a7knF1dqpFvYouB+2ux1Nz"],["_textureSetter"],["cc.SpriteFrame"],0,[[[{"name":"scatter_vfx_c_12","rect":[344,567,111,127],"offset":[0,17],"originalSize":[213,213],"rotated":1,"capInsets":[0,0,0,0]}],[0],0,[0],[0],[0]],[[{"name":"scatter_vfx_c_29","rect":[1,1,115,161],"offset":[2,12],"originalSize":[213,213],"capInsets":[0,0,0,0]}],[0],0,[0],[0],[0]],[[{"name":"scatter_vfx_c_04","rect":[624,439,95,155],"offset":[-1,5],"originalSize":[213,213],"rotated":1,"capInsets":[0,0,0,0]}],[0],0,[0],[0],[0]],[[{"name":"scatter_vfx_c_10","rect":[491,641,107,137],"offset":[-2,20],"originalSize":[213,213],"capInsets":[0,0,0,0]}],[0],0,[0],[0],[0]],[[{"name":"scatter_vfx_c_28","rect":[1,164,111,163],"offset":[2,13],"originalSize":[213,213],"capInsets":[0,0,0,0]}],[0],0,[0],[0],[0]],[[{"name":"scatter_vfx_c_19","rect":[630,223,107,157],"offset":[5,3],"originalSize":[213,213],"rotated":1,"capInsets":[0,0,0,0]}],[0],0,[0],[0],[0]],[[{"name":"scatter_vfx_c_23","rect":[467,1,109,161],"offset":[2,6],"originalSize":[213,213],"rotated":1,"capInsets":[0,0,0,0]}],[0],0,[0],[0],[0]],[[{"name":"scatter_vfx_c_13","rect":[352,160,113,129],"offset":[-1,19],"originalSize":[213,213],"capInsets":[0,0,0,0]}],[0],0,[0],[0],[0]],[[{"name":"scatter_vfx_c_33","rect":[225,398,119,149],"offset":[0,-4],"originalSize":[213,213],"capInsets":[0,0,0,0]}],[0],0,[0],[0],[0]],[[{"name":"scatter_vfx_c_22","rect":[1,329,109,161],"offset":[3,5],"originalSize":[213,213],"capInsets":[0,0,0,0]}],[0],0,[0],[0],[0]],[[{"name":"scatter_vfx_c_17","rect":[219,684,117,133],"offset":[-2,14],"originalSize":[213,213],"rotated":1,"capInsets":[0,0,0,0]}],[0],0,[0],[0],[0]],[[{"name":"scatter_vfx_c_26","rect":[467,221,99,161],"offset":[7,10],"originalSize":[213,213],"rotated":1,"capInsets":[0,0,0,0]}],[0],0,[0],[0],[0]],[[{"name":"scatter_vfx_c_36","rect":[467,322,113,157],"offset":[-5,-1],"originalSize":[213,213],"rotated":1,"capInsets":[0,0,0,0]}],[0],0,[0],[0],[0]],[[{"name":"scatter_vfx_c_24","rect":[110,653,107,159],"offset":[3,7],"originalSize":[213,213],"capInsets":[0,0,0,0]}],[0],0,[0],[0],[0]],[[{"name":"scatter_vfx_c_35","rect":[112,494,111,157],"offset":[-5,-3],"originalSize":[213,213],"capInsets":[0,0,0,0]}],[0],0,[0],[0],[0]],[[{"name":"scatter_vfx_c_08","rect":[114,164,103,151],"offset":[-3,12],"originalSize":[213,213],"capInsets":[0,0,0,0]}],[0],0,[0],[0],[0]],[[{"name":"scatter_vfx_c_27","rect":[112,329,99,163],"offset":[8,12],"originalSize":[213,213],"capInsets":[0,0,0,0]}],[0],0,[0],[0],[0]],[[{"name":"scatter_vfx_c_16","rect":[225,549,117,133],"offset":[-2,14],"originalSize":[213,213],"capInsets":[0,0,0,0]}],[0],0,[0],[0],[0]],[[{"name":"scatter_vfx_c_07","rect":[473,538,101,153],"offset":[-3,10],"originalSize":[213,213],"rotated":1,"capInsets":[0,0,0,0]}],[0],0,[0],[0],[0]],[[{"name":"scatter_vfx_c_05","rect":[600,641,95,155],"offset":[-1,6],"originalSize":[213,213],"capInsets":[0,0,0,0]}],[0],0,[0],[0],[0]],[[{"name":"scatter_vfx_c_21","rect":[630,1,107,161],"offset":[4,4],"originalSize":[213,213],"rotated":1,"capInsets":[0,0,0,0]}],[0],0,[0],[0],[0]],[[{"name":"scatter_vfx_c_09","rect":[697,635,103,137],"offset":[-2,19],"originalSize":[213,213],"capInsets":[0,0,0,0]}],[0],0,[0],[0],[0]],[[{"name":"scatter_vfx_c_31","rect":[219,162,119,131],"offset":[1,-1],"originalSize":[213,213],"rotated":1,"capInsets":[0,0,0,0]}],[0],0,[0],[0],[0]],[[{"name":"scatter_vfx_c_34","rect":[628,536,97,153],"offset":[-10,-4],"originalSize":[213,213],"rotated":1,"capInsets":[0,0,0,0]}],[0],0,[0],[0],[0]],[[{"name":"scatter_vfx_c_25","rect":[467,112,107,161],"offset":[3,9],"originalSize":[213,213],"rotated":1,"capInsets":[0,0,0,0]}],[0],0,[0],[0],[0]],[[{"name":"scatter_vfx_c_30","rect":[118,1,117,159],"offset":[2,12],"originalSize":[213,213],"capInsets":[0,0,0,0]}],[0],0,[0],[0],[0]],[[{"name":"scatter_vfx_c_14","rect":[219,283,113,129],"offset":[-1,20],"originalSize":[213,213],"rotated":1,"capInsets":[0,0,0,0]}],[0],0,[0],[0],[0]],[[{"name":"scatter_vfx_c_15","rect":[350,291,115,129],"offset":[-2,20],"originalSize":[213,213],"capInsets":[0,0,0,0]}],[0],0,[0],[0],[0]],[[{"name":"scatter_vfx_c_00","rect":[352,1,113,157],"offset":[-5,0],"originalSize":[213,213],"capInsets":[0,0,0,0]}],[0],0,[0],[0],[0]],[[{"name":"scatter_vfx_c_02","rect":[630,110,111,157],"offset":[-7,3],"originalSize":[213,213],"rotated":1,"capInsets":[0,0,0,0]}],[0],0,[0],[0],[0]],[[{"name":"scatter_vfx_c_11","rect":[354,680,109,135],"offset":[0,20],"originalSize":[213,213],"rotated":1,"capInsets":[0,0,0,0]}],[0],0,[0],[0],[0]],[[{"name":"scatter_vfx_c_32","rect":[346,422,119,143],"offset":[1,-4],"originalSize":[213,213],"capInsets":[0,0,0,0]}],[0],0,[0],[0],[0]],[[{"name":"scatter_vfx_c_06","rect":[467,437,99,155],"offset":[-2,7],"originalSize":[213,213],"rotated":1,"capInsets":[0,0,0,0]}],[0],0,[0],[0],[0]],[[{"name":"scatter_vfx_c_01","rect":[237,1,113,159],"offset":[-6,2],"originalSize":[213,213],"capInsets":[0,0,0,0]}],[0],0,[0],[0],[0]],[[{"name":"scatter_vfx_c_20","rect":[1,653,107,159],"offset":[4,2],"originalSize":[213,213],"capInsets":[0,0,0,0]}],[0],0,[0],[0],[0]],[[{"name":"scatter_vfx_c_18","rect":[626,332,105,155],"offset":[5,3],"originalSize":[213,213],"rotated":1,"capInsets":[0,0,0,0]}],[0],0,[0],[0],[0]],[[{"name":"scatter_vfx_c_03","rect":[1,492,109,159],"offset":[-8,5],"originalSize":[213,213],"capInsets":[0,0,0,0]}],[0],0,[0],[0],[0]]]]