[1,["8cKvOrZstHU5HDjr4IafvF","43pdj7qd9NIp9hsnTfzlN1","02aWOSPttO8YJY/vVUT7lm","f3iKWKlahJebB5ePs1LJiM","49mSNnswNMHbzS6IfDcEWP","98hKthYR1A6YVT39hqiYCU","43sKzv6jFGBrXX3nl+6z/g","50XJUtp0xLibJRpWbmpmi4","9eRVct5d1HHZ3E0ynMe/rd","51CkMwiLVOWYlIqRvkYkN2","23Nxz7xDtDeaBxi8F5uUPt","6fHyXNqnpPP7RiQhTFwwWB","31I6/U2olITYLDRj0ROcK/"],["_textureSetter","scatter_vfx_d_11","scatter_vfx_d_00","scatter_vfx_d_01","scatter_vfx_d_04","scatter_vfx_d_06","scatter_vfx_d_07","scatter_vfx_d_08","scatter_vfx_d_02","scatter_vfx_d_05","scatter_vfx_d_03","scatter_vfx_d_10","scatter_vfx_d_09"],["cc.SpriteFrame",["cc.SpriteAtlas",["_name","_spriteFrames"],2,11]],[[1,0,1,2]],[[[{"name":"scatter_vfx_d_00","rect":[732,1,83,87],"offset":[2,2],"originalSize":[325,325],"capInsets":[0,0,0,0]}],[0],0,[0],[0],[0]],[[{"name":"scatter_vfx_d_03","rect":[503,467,205,213],"offset":[13,-5],"originalSize":[325,325],"capInsets":[0,0,0,0]}],[0],0,[0],[0],[0]],[[{"name":"scatter_vfx_d_09","rect":[1,1,247,253],"offset":[17,-3],"originalSize":[325,325],"capInsets":[0,0,0,0]}],[0],0,[0],[0],[0]],[[{"name":"scatter_vfx_d_11","rect":[1,503,239,245],"offset":[21,-4],"originalSize":[325,325],"capInsets":[0,0,0,0]}],[0],0,[0],[0],[0]],[[{"name":"scatter_vfx_d_07","rect":[250,1,241,249],"offset":[18,-3],"originalSize":[325,325],"rotated":1,"capInsets":[0,0,0,0]}],[0],0,[0],[0],[0]],[[{"name":"scatter_vfx_d_04","rect":[501,240,225,235],"offset":[17,-2],"originalSize":[325,325],"rotated":1,"capInsets":[0,0,0,0]}],[0],0,[0],[0],[0]],[[{"name":"scatter_vfx_d_08","rect":[1,256,245,251],"offset":[17,-3],"originalSize":[325,325],"rotated":1,"capInsets":[0,0,0,0]}],[0],0,[0],[0],[0]],[[{"name":"scatter_vfx_d_05","rect":[501,1,229,237],"offset":[17,-3],"originalSize":[325,325],"capInsets":[0,0,0,0]}],[0],0,[0],[0],[0]],[[[0,"Alats45.plist",[{},"scatter_vfx_d_11",6,0,"scatter_vfx_d_00",6,1,"scatter_vfx_d_01",6,2,"scatter_vfx_d_04",6,3,"scatter_vfx_d_06",6,4,"scatter_vfx_d_07",6,5,"scatter_vfx_d_08",6,6,"scatter_vfx_d_02",6,7,"scatter_vfx_d_05",6,8,"scatter_vfx_d_03",6,9,"scatter_vfx_d_10",6,10,"scatter_vfx_d_09",6,11]]],0,0,[0,0,0,0,0,0,0,0,0,0,0,0],[1,2,3,4,5,6,7,8,9,10,11,12],[1,2,3,4,5,6,7,8,9,10,11,12]],[[{"name":"scatter_vfx_d_10","rect":[254,244,245,247],"offset":[18,-4],"originalSize":[325,325],"capInsets":[0,0,0,0]}],[0],0,[0],[0],[0]],[[{"name":"scatter_vfx_d_06","rect":[254,493,237,247],"offset":[18,-2],"originalSize":[325,325],"rotated":1,"capInsets":[0,0,0,0]}],[0],0,[0],[0],[0]],[[{"name":"scatter_vfx_d_02","rect":[503,682,181,187],"offset":[10,-10],"originalSize":[325,325],"rotated":1,"capInsets":[0,0,0,0]}],[0],0,[0],[0],[0]],[[{"name":"scatter_vfx_d_01","rect":[692,682,155,181],"offset":[18,-1],"originalSize":[325,325],"capInsets":[0,0,0,0]}],[0],0,[0],[0],[0]]]]