[1,["e3ltifkb9Mk4um44an1TOa","30dl+S0eZCO6qzC4vJFbzG","bc5eb38sVBYYwb8at52Vcq"],["_textureSetter","ui_reel_bonus","ui_bg_a_bonus"],["cc.SpriteFrame",["cc.SpriteAtlas",["_name","_spriteFrames"],2,11]],[[1,0,1,2]],[[[{"name":"ui_reel_bonus","rect":[1,1,540,616],"offset":[0,0],"originalSize":[540,616],"capInsets":[0,0,0,0]}],[0],0,[0],[0],[0]],[[[0,"Alats65.plist",[{},"ui_reel_bonus",6,0,"ui_bg_a_bonus",6,1]]],0,0,[0,0],[1,2],[1,2]],[[{"name":"ui_bg_a_bonus","rect":[1,619,540,187],"offset":[0,0],"originalSize":[540,187],"capInsets":[0,0,0,0]}],[0],0,[0],[0],[0]]]]