[1,["dctm2kkmZGs75SGNIKtKzm","9e3RKEsLxDvJhOhm2IO22p","0eD2lELOFGo6hIK+98bIzf","fdfK3YhU5BO6OchmFPa8Ea","a47G/YFMxGB6UupDjiQLyX","adoYeUlxRNDI9eyl3RZWAF","7d3fqdoBhBvqqXmrn7M6tn","0ap8+26nlNaoTe+Ehz+l0n","52LPTZV4RDW4pJ5R/VBY0P","a0PJ3DjVxC4KCp52gkK2LW","a0Hpkb4i5PCohw1gO1vWyW","15OfLXgcdMKJ8+AJ+hEtdY","45gQ6N1BtNfLqTsitXKND9","44/rq/WQ1F564YAk1GQEte","495M1TaghKF6O2oTwb/oRt","7eAvkN92lIp65y7xWxsJRq","ceB1Z+wYpOSazrSXVuH7CP","690SKoWr1Dy460Bl/6momO","f9PFv1RrFCS7DLoszL1QFe","964z9voglH3L+AGUi6Umey","141abqvIJJUZz7P7gA9x9s","59gYNoI9pMN4Lycm+9FjCu","84njbLd19LY6NiDQz1I3iq"],["_textureSetter","spin_vfx_a_00","spin_vfx_a_01","spin_vfx_a_02","spin_vfx_a_03","spin_vfx_a_04","spin_vfx_a_05","spin_vfx_a_06","spin_vfx_a_07","spin_vfx_a_08","spin_vfx_a_09","spin_vfx_a_10","spin_vfx_a_11","spin_vfx_a_12","spin_vfx_a_13","spin_vfx_a_14","spin_vfx_a_15","spin_vfx_a_16","spin_vfx_a_17","spin_vfx_a_18","spin_vfx_a_19","spin_vfx_a_20","spin_vfx_a_21"],["cc.SpriteFrame",["cc.SpriteAtlas",["_name","_spriteFrames"],2,11]],[[1,0,1,2]],[[[{"name":"spin_vfx_a_19","rect":[526,608,140,161],"offset":[0,0],"originalSize":[140,161],"rotated":1,"capInsets":[0,0,0,0]}],[0],0,[0],[0],[0]],[[[0,"spin_vfx_a.plist",[{},"spin_vfx_a_00",6,0,"spin_vfx_a_01",6,1,"spin_vfx_a_02",6,2,"spin_vfx_a_03",6,3,"spin_vfx_a_04",6,4,"spin_vfx_a_05",6,5,"spin_vfx_a_06",6,6,"spin_vfx_a_07",6,7,"spin_vfx_a_08",6,8,"spin_vfx_a_09",6,9,"spin_vfx_a_10",6,10,"spin_vfx_a_11",6,11,"spin_vfx_a_12",6,12,"spin_vfx_a_13",6,13,"spin_vfx_a_14",6,14,"spin_vfx_a_15",6,15,"spin_vfx_a_16",6,16,"spin_vfx_a_17",6,17,"spin_vfx_a_18",6,18,"spin_vfx_a_19",6,19,"spin_vfx_a_20",6,20,"spin_vfx_a_21",6,21]]],0,0,[0,0,0,0,0,0,0,0,0,0,0,0,0,0,0,0,0,0,0,0,0,0],[1,2,3,4,5,6,7,8,9,10,11,12,13,14,15,16,17,18,19,20,21,22],[1,2,3,4,5,6,7,8,9,10,11,12,13,14,15,16,17,18,19,20,21,22]],[[{"name":"spin_vfx_a_20","rect":[318,712,140,161],"offset":[0,0],"originalSize":[140,161],"rotated":1,"capInsets":[0,0,0,0]}],[0],0,[0],[0],[0]],[[{"name":"spin_vfx_a_16","rect":[363,568,142,161],"offset":[0,0],"originalSize":[142,161],"rotated":1,"capInsets":[0,0,0,0]}],[0],0,[0],[0],[0]],[[{"name":"spin_vfx_a_14","rect":[155,559,144,159],"offset":[0,0],"originalSize":[144,159],"rotated":1,"capInsets":[0,0,0,0]}],[0],0,[0],[0],[0]],[[{"name":"spin_vfx_a_21","rect":[589,140,140,133],"offset":[0,0],"originalSize":[140,133],"rotated":1,"capInsets":[0,0,0,0]}],[0],0,[0],[0],[0]],[[{"name":"spin_vfx_a_18","rect":[155,705,140,161],"offset":[0,0],"originalSize":[140,161],"rotated":1,"capInsets":[0,0,0,0]}],[0],0,[0],[0],[0]],[[{"name":"spin_vfx_a_15","rect":[580,445,144,161],"offset":[0,0],"originalSize":[144,161],"capInsets":[0,0,0,0]}],[0],0,[0],[0],[0]],[[{"name":"spin_vfx_a_17","rect":[584,282,140,161],"offset":[0,0],"originalSize":[140,161],"capInsets":[0,0,0,0]}],[0],0,[0],[0],[0]]]]