[
  1,
  [
    "60Kgw48S5Ck7XEHkidVRo1"
  ],
  [
    "_textureSetter"
  ],
  [
    "cc.SpriteFrame"
  ],
  0,
  [
    [
      [
        {
          "name": "dc_description",
          "rect": [
            0,
            261,
            703,
            82
          ],
          "offset": [
            0,
            0
          ],
          "originalSize": [
            703,
            82
          ],
          "rotated": 1,
          "capInsets": [
            0,
            0,
            0,
            0
          ]
        }
      ],
      [
        0
      ],
      0,
      [
        0
      ],
      [
        0
      ],
      [
        0
      ]
    ],
    [
      [
        {
          "name": "dz_description",
          "rect": [
            82,
            615,
            495,
            121
          ],
          "offset": [
            0,
            0
          ],
          "originalSize": [
            495,
            121
          ],
          "capInsets": [
            0,
            0,
            0,
            0
          ]
        }
      ],
      [
        0
      ],
      0,
      [
        0
      ],
      [
        0
      ],
      [
        0
      ]
    ],
    [
      [
        {
          "name": "lb_description",
          "rect": [
            0,
            0,
            645,
            261
          ],
          "offset": [
            0,
            0
          ],
          "originalSize": [
            645,
            261
          ],
          "capInsets": [
            0,
            0,
            0,
            0
          ]
        }
      ],
      [
        0
      ],
      0,
      [
        0
      ],
      [
        0
      ],
      [
        0
      ]
    ],
    [
      [
        {
          "name": "start_name",
          "rect": [
            645,
            0,
            217,
            75
          ],
          "offset": [
            0,
            0
          ],
          "originalSize": [
            217,
            75
          ],
          "rotated": 1,
          "capInsets": [
            0,
            0,
            0,
            0
          ]
        }
      ],
      [
        0
      ],
      0,
      [
        0
      ],
      [
        0
      ],
      [
        0
      ]
    ]
  ]
]