[
  1,
  [
    "eeqQcxmhdJIbBFv2z5jGhi"
  ],
  [
    "_textureSetter"
  ],
  [
    "cc.SpriteFrame"
  ],
  0,
  [
    [
      [
        {
          "name": "feature_ink",
          "rect": [
            1,
            1,
            472,
            336
          ],
          "offset": [
            0,
            0
          ],
          "originalSize": [
            472,
            336
          ],
          "capInsets": [
            0,
            0,
            0,
            0
          ]
        }
      ],
      [
        0
      ],
      0,
      [
        0
      ],
      [
        0
      ],
      [
        0
      ]
    ],
    [
      [
        {
          "name": "feature_character_border_short",
          "rect": [
            163,
            339,
            48,
            64
          ],
          "offset": [
            -3,
            0
          ],
          "originalSize": [
            54,
            64
          ],
          "capInsets": [
            0,
            0,
            0,
            0
          ]
        }
      ],
      [
        0
      ],
      0,
      [
        0
      ],
      [
        0
      ],
      [
        0
      ]
    ],
    [
      [
        {
          "name": "start_arrow",
          "rect": [
            1,
            339,
            96,
            160
          ],
          "offset": [
            0,
            0
          ],
          "originalSize": [
            96,
            160
          ],
          "rotated": 1,
          "capInsets": [
            0,
            0,
            0,
            0
          ]
        }
      ],
      [
        0
      ],
      0,
      [
        0
      ],
      [
        0
      ],
      [
        0
      ]
    ]
  ]
]