[1,["428C/ZqJZCh7OvTxlzY+V8","25IxDZaVtJVLBOCOt+oku9","e4gFAprG9AdbGx8prvVQSE","75HM7iv2BBxKf75DnGrtk0","4azD7cN/JHhrQTyDcyhDci","abPe3BCodMB7DDgl8hoHq5","25JJBNHPhHeol0DFZTCXUt","ddXRa5KA9MvqpSpn0W9Gif","2dq20lqFVBYJeldi5hAdNT","89SgEB+whLrIuM4dvr8okc","feREQSib5FoJFrHeq5oDYS","15OT/3hQlJ54mD2dOnL83c","5eyGTiLhtDII4SIpim1yGy","d84MYc3VBLf6JHciyF7ftR","d96EkukNhO+pHklYtRK/FC","c64369tuBFAoREkp0Bv4qD","63t8d+C0VASJJsXP0zjTPK","62V9x4s79LPp9sFf3OY/x/","famj09Mh1AI6CpusA0/k5H","242jBxNTVM67l0h0ukC2IV","28ipBT+/VM2ax+A0CkeXYH","31LHlHjQBNOrWajmwbnRT9","bfJgKoe0BBPqaiaDUg/eUS","80Ug6fknpDhbQenxqnGcex","d0pXtTB8xIUrJtrYELVIZt","cdQBhMWtBOlZRjgbax37Pf","0d3DDp/D1ECodlOkKYf5WI","afwRq0MTlEyqsy2Q8FLPta","99RH+9DeJIBYjM9eKKnYva","cemHdF6KVCLaXVm3V+78w2","ac689MFlBEqpICpAb7/R7r","72CObt0iNBpbxi6zHTsoGN","8cKD4teW5Ml6sQ8B3ANaHX","6dPu3hWcJCcZ3Cpu6ALgjg","8cQVGGYmVNXJdFe9O918NO","d3PFWNAsFF5qD00Wjk1WiI","9cmdiyzURIe6t1ub4+8Szx","694OiLg25IY6suex2d/JvT","acnYFFnyJJ57jDGCJzsmiX","7cdLwCXDlN9Ie4FkNLSjSf","66efka4rJAxJASxPMEEyub","7esQipJEdJLI3HeKaJi+F0","e8++FmAxhJ9ZApFBUFnXmX","6fsPjBo2pL0JR6PbpeojSU","e48mUpwYREWrRJRaIOMYwk","d4MGbiwLhFo4b6IJ3jcidK","59yTWxvd9K8prBQcOe8i/3","b4WjUoh/tJSaMxrtnzyP7x","da6Nz2P9dHKpNb0unegUvu","91q7Z6bNVGbYteFxhAPXdL"],["value","_textureSetter"],["cc.SpriteFrame",["cc.AnimationClip",["_name","_duration","sample","wrapMode","curveData"],-1,11]],[[1,0,1,2,3,4,5]],[[[{"name":"fs_vfx_e_add_22","rect":[0,0,171,405],"offset":[0,0],"originalSize":[171,405],"capInsets":[0,0,0,0]}],[0],0,[0],[1],[1]],[[{"name":"fs_vfx_e_add_07","rect":[0,0,171,405],"offset":[0,0],"originalSize":[171,405],"capInsets":[0,0,0,0]}],[0],0,[0],[1],[2]],[[{"name":"fs_vfx_e_add_15","rect":[0,0,171,405],"offset":[0,0],"originalSize":[171,405],"capInsets":[0,0,0,0]}],[0],0,[0],[1],[3]],[[{"name":"fs_vfx_e_add_02","rect":[0,0,171,405],"offset":[0,0],"originalSize":[171,405],"capInsets":[0,0,0,0]}],[0],0,[0],[1],[4]],[[[0,"NearWin3",1.3,20,2,[{},"comps",11,[{},"cc.Sprite",11,[{},"spriteFrame",12,[[[{"frame":0},"value",6,0],[{"frame":0.05},"value",6,1],[{"frame":0.1},"value",6,2],[{"frame":0.15},"value",6,3],[{"frame":0.2},"value",6,4],[{"frame":0.25},"value",6,5],[{"frame":0.3},"value",6,6],[{"frame":0.35},"value",6,7],[{"frame":0.4},"value",6,8],[{"frame":0.45},"value",6,9],[{"frame":0.5},"value",6,10],[{"frame":0.55},"value",6,11],[{"frame":0.6},"value",6,12],[{"frame":0.65},"value",6,13],[{"frame":0.7},"value",6,14],[{"frame":0.75},"value",6,15],[{"frame":0.8},"value",6,16],[{"frame":0.85},"value",6,17],[{"frame":0.9},"value",6,18],[{"frame":0.95},"value",6,19],[{"frame":1},"value",6,20],[{"frame":1.05},"value",6,21],[{"frame":1.1},"value",6,22],[{"frame":1.15},"value",6,23],[{"frame":1.2},"value",6,24],[{"frame":1.25},"value",6,25]],11,11,11,11,11,11,11,11,11,11,11,11,11,11,11,11,11,11,11,11,11,11,11,11,11,11]]]]]],0,0,[0,0,0,0,0,0,0,0,0,0,0,0,0,0,0,0,0,0,0,0,0,0,0,0,0,0],[0,0,0,0,0,0,0,0,0,0,0,0,0,0,0,0,0,0,0,0,0,0,0,0,0,0],[0,0,5,6,7,8,9,10,11,12,13,14,15,16,17,18,19,20,21,22,23,24,25,26,27,28]],[[{"name":"fs_vfx_e_add_16","rect":[0,0,171,405],"offset":[0,0],"originalSize":[171,405],"capInsets":[0,0,0,0]}],[0],0,[0],[1],[29]],[[{"name":"fs_vfx_e_add_04","rect":[0,0,171,405],"offset":[0,0],"originalSize":[171,405],"capInsets":[0,0,0,0]}],[0],0,[0],[1],[30]],[[{"name":"fs_vfx_e_add_17","rect":[0,0,171,405],"offset":[0,0],"originalSize":[171,405],"capInsets":[0,0,0,0]}],[0],0,[0],[1],[31]],[[{"name":"fs_vfx_e_add_00","rect":[0,0,171,405],"offset":[0,0],"originalSize":[171,405],"capInsets":[0,0,0,0]}],[0],0,[0],[1],[32]],[[{"name":"fs_vfx_e_add_08","rect":[0,0,171,405],"offset":[0,0],"originalSize":[171,405],"capInsets":[0,0,0,0]}],[0],0,[0],[1],[33]],[[{"name":"fs_vfx_e_add_13","rect":[0,0,171,405],"offset":[0,0],"originalSize":[171,405],"capInsets":[0,0,0,0]}],[0],0,[0],[1],[34]],[[{"name":"fs_vfx_e_add_12","rect":[0,0,171,405],"offset":[0,0],"originalSize":[171,405],"capInsets":[0,0,0,0]}],[0],0,[0],[1],[35]],[[{"name":"fs_vfx_e_add_19","rect":[0,0,171,405],"offset":[0,0],"originalSize":[171,405],"capInsets":[0,0,0,0]}],[0],0,[0],[1],[36]],[[{"name":"fs_vfx_e_add_05","rect":[0,0,171,405],"offset":[0,0],"originalSize":[171,405],"capInsets":[0,0,0,0]}],[0],0,[0],[1],[37]],[[{"name":"fs_vfx_e_add_24","rect":[0,0,171,405],"offset":[0,0],"originalSize":[171,405],"capInsets":[0,0,0,0]}],[0],0,[0],[1],[38]],[[{"name":"fs_vfx_e_add_01","rect":[0,0,171,405],"offset":[0,0],"originalSize":[171,405],"capInsets":[0,0,0,0]}],[0],0,[0],[1],[39]],[[{"name":"fs_vfx_e_add_23","rect":[0,0,171,405],"offset":[0,0],"originalSize":[171,405],"capInsets":[0,0,0,0]}],[0],0,[0],[1],[40]],[[{"name":"fs_vfx_e_add_18","rect":[0,0,171,405],"offset":[0,0],"originalSize":[171,405],"capInsets":[0,0,0,0]}],[0],0,[0],[1],[41]],[[{"name":"fs_vfx_e_add_11","rect":[0,0,171,405],"offset":[0,0],"originalSize":[171,405],"capInsets":[0,0,0,0]}],[0],0,[0],[1],[42]],[[{"name":"fs_vfx_e_add_21","rect":[0,0,171,405],"offset":[0,0],"originalSize":[171,405],"capInsets":[0,0,0,0]}],[0],0,[0],[1],[43]],[[{"name":"fs_vfx_e_add_20","rect":[0,0,171,405],"offset":[0,0],"originalSize":[171,405],"capInsets":[0,0,0,0]}],[0],0,[0],[1],[44]],[[{"name":"fs_vfx_e_add_09","rect":[0,0,171,405],"offset":[0,0],"originalSize":[171,405],"capInsets":[0,0,0,0]}],[0],0,[0],[1],[45]],[[{"name":"fs_vfx_e_add_10","rect":[0,0,171,405],"offset":[0,0],"originalSize":[171,405],"capInsets":[0,0,0,0]}],[0],0,[0],[1],[46]],[[{"name":"fs_vfx_e_add_03","rect":[0,0,171,405],"offset":[0,0],"originalSize":[171,405],"capInsets":[0,0,0,0]}],[0],0,[0],[1],[47]],[[{"name":"fs_vfx_e_add_14","rect":[0,0,171,405],"offset":[0,0],"originalSize":[171,405],"capInsets":[0,0,0,0]}],[0],0,[0],[1],[48]],[[{"name":"fs_vfx_e_add_06","rect":[0,0,171,405],"offset":[0,0],"originalSize":[171,405],"capInsets":[0,0,0,0]}],[0],0,[0],[1],[49]]]]