[1,["6fvk1VSupKcLebrwkPFqjB","40qwwgf9JK+4SUBgtKXJv4","27MwNixjhHGZiJ1ze9LZVv","9d8kv7yARJMat9SgU3uXyJ","71JX4OkjNH+60tPuIHBnUC","9chxvr2xhPuo82KBTZ/cU0","39aVKtmr5PCaeTYp2d7J7H","c9ccSRKqNMk7u7T9SMBB0t","11jWvV5IxHFKfqtTS9VMnj","ab8sPFNWRB3L1GJFTIaoMT","bcDDdsFUVENJIAiBySaxoW","7fjAtZJahKXq3lZeDjspwq","e5t7QbA9lF0LpsjTyyoHfg","e1v6oXsjtGwLhkP19QO4ku","7e5pBI7/BLIYTHxDKArtvM","f2Ysu8Y+FANLEAvjk9d0oA","46trMZGkBO8r7QNiYZlBYj","595Bert5JLZpgkxyMZOs/N","22eOb4M1NPoJk83wDSh/Hb","7005qVQ79GtKS/GW4e4viP","2eyjCMYWFPBIqYtjTFXWkz","6exPtaSwtNXb1dAzf4wP4H","fcAcMCmOdCN4BK0QlYAxuK","96balGuJBEdIskOcJmjWlC","08O7xPsulIDbGRlypFR8IU","c9Wxo8YyBEJI/6wdnXDprJ","90q7jX3LlEzrgaXgj3v9m3","43pC+WLshBepykrNjkUOXj","3fDhPbNExM7o92g8ogb+xW","c79gxbz3RIubpqzCZALgYM","60CE3fiatKG7Zcfui+owMl","7ez0x6jw5ONYJH4knlDlku","94mEce0JRBqIN55THZusLY","f8zL69mKxJ3oSDh15xI0FS","ecWAZihqxGEpkDmutIPtpQ","c9fRCgvIhN2YmWuZdzGclW","f5Zq+zaKlJy5odCSh6hjyV","e2pP++01RKuYVYkiAMJYre","64s2lX4NpFp4R53HnO3rk6","97VAq39kxHbJwPGnpP8hr9","4fVW55fVFBBKCPp+unTD0v","99ZYMNUfZMlKpPBD50D9DG","baSQKgu2tOzII4bBGL1idn","4f1fu0EL1Edqi0UgvvtYXP","4aL79BTK9J/4K8+DYc+Bo+","e3O2rb9aBIRLVuAL5GhKQo","c91OuVnUhFD4S1sX5prrP0","d7c+STUatIL5RJ3kUdsqbg","6aQlcfYMVJ8IPrQPPdiu6n","6e6iSkv9VFNoKNgtzIolyg","c3sqz4AQ1J97i3pXQKVO5w","c88fD3DX9GpKHXzUOv8wgv","c4MY73pVRLB7+yyqnM4lJV","bf+TGf0IVCOIH4iMs4QTzQ"],["value","_textureSetter"],["cc.SpriteFrame",["cc.AnimationClip",["_name","_duration","sample","wrapMode","curveData"],-1,11]],[[1,0,1,2,3,4,5]],[[[{"name":"ui_vfx_a_add_25","rect":[0,0,270,156],"offset":[0,0],"originalSize":[270,156],"capInsets":[0,0,0,0]}],[0],0,[0],[1],[3]],[[{"name":"ui_vfx_a_add_04","rect":[0,0,270,156],"offset":[0,0],"originalSize":[270,156],"capInsets":[0,0,0,0]}],[0],0,[0],[1],[4]],[[[0,"Top",2,15,2,[{},"comps",11,[{},"cc.Sprite",11,[{},"spriteFrame",12,[[[{"frame":0},"value",6,0],[{"frame":0.06666666666666667},"value",6,1],[{"frame":0.13333333333333333},"value",6,2],[{"frame":0.2},"value",6,3],[{"frame":0.26666666666666666},"value",6,4],[{"frame":0.3333333333333333},"value",6,5],[{"frame":0.4},"value",6,6],[{"frame":0.4666666666666667},"value",6,7],[{"frame":0.5333333333333333},"value",6,8],[{"frame":0.6},"value",6,9],[{"frame":0.6666666666666666},"value",6,10],[{"frame":0.7333333333333333},"value",6,11],[{"frame":0.8},"value",6,12],[{"frame":0.8666666666666667},"value",6,13],[{"frame":0.9333333333333333},"value",6,14],[{"frame":1},"value",6,15],[{"frame":1.0666666666666667},"value",6,16],[{"frame":1.1333333333333333},"value",6,17],[{"frame":1.2},"value",6,18],[{"frame":1.2666666666666666},"value",6,19],[{"frame":1.3333333333333333},"value",6,20],[{"frame":1.4},"value",6,21],[{"frame":1.4666666666666666},"value",6,22],[{"frame":1.5333333333333334},"value",6,23],[{"frame":1.6},"value",6,24],[{"frame":1.6666666666666667},"value",6,25],[{"frame":1.7333333333333334},"value",6,26],[{"frame":1.8},"value",6,27],[{"frame":1.8666666666666667},"value",6,28],[{"frame":1.9333333333333333},"value",6,29]],11,11,11,11,11,11,11,11,11,11,11,11,11,11,11,11,11,11,11,11,11,11,11,11,11,11,11,11,11,11]]]]]],0,0,[0,0,0,0,0,0,0,0,0,0,0,0,0,0,0,0,0,0,0,0,0,0,0,0,0,0,0,0,0,0],[0,0,0,0,0,0,0,0,0,0,0,0,0,0,0,0,0,0,0,0,0,0,0,0,0,0,0,0,0,0],[0,0,5,6,7,8,9,10,11,12,1,1,13,14,15,16,17,18,19,20,21,2,2,22,23,24,25,26,27,28]],[[{"name":"ui_vfx_a_add_16","rect":[0,0,270,156],"offset":[0,0],"originalSize":[270,156],"capInsets":[0,0,0,0]}],[0],0,[0],[1],[29]],[[{"name":"ui_vfx_a_add_21","rect":[0,0,270,156],"offset":[0,0],"originalSize":[270,156],"capInsets":[0,0,0,0]}],[0],0,[0],[1],[30]],[[{"name":"ui_vfx_a_add_18","rect":[0,0,270,156],"offset":[0,0],"originalSize":[270,156],"capInsets":[0,0,0,0]}],[0],0,[0],[1],[31]],[[{"name":"ui_vfx_a_add_02","rect":[0,0,270,156],"offset":[0,0],"originalSize":[270,156],"capInsets":[0,0,0,0]}],[0],0,[0],[1],[32]],[[{"name":"ui_vfx_a_add_29","rect":[0,0,270,156],"offset":[0,0],"originalSize":[270,156],"capInsets":[0,0,0,0]}],[0],0,[0],[1],[33]],[[{"name":"ui_vfx_a_add_09","rect":[0,0,270,156],"offset":[0,0],"originalSize":[270,156],"capInsets":[0,0,0,0]}],[0],0,[0],[1],[34]],[[{"name":"ui_vfx_a_add_28","rect":[0,0,270,156],"offset":[0,0],"originalSize":[270,156],"capInsets":[0,0,0,0]}],[0],0,[0],[1],[35]],[[{"name":"ui_vfx_a_add_14","rect":[0,0,270,156],"offset":[0,0],"originalSize":[270,156],"capInsets":[0,0,0,0]}],[0],0,[0],[1],[36]],[[{"name":"ui_vfx_a_add_15","rect":[0,0,270,156],"offset":[0,0],"originalSize":[270,156],"capInsets":[0,0,0,0]}],[0],0,[0],[1],[37]],[[{"name":"ui_vfx_a_add_19","rect":[0,0,270,156],"offset":[0,0],"originalSize":[270,156],"capInsets":[0,0,0,0]}],[0],0,[0],[1],[38]],[[{"name":"ui_vfx_a_add_00","rect":[0,0,270,156],"offset":[0,0],"originalSize":[270,156],"capInsets":[0,0,0,0]}],[0],0,[0],[1],[39]],[[{"name":"ui_vfx_a_add_17","rect":[0,0,270,156],"offset":[0,0],"originalSize":[270,156],"capInsets":[0,0,0,0]}],[0],0,[0],[1],[40]],[[{"name":"ui_vfx_a_add_12","rect":[0,0,270,156],"offset":[0,0],"originalSize":[270,156],"capInsets":[0,0,0,0]}],[0],0,[0],[1],[41]],[[{"name":"ui_vfx_a_add_07","rect":[0,0,270,156],"offset":[0,0],"originalSize":[270,156],"capInsets":[0,0,0,0]}],[0],0,[0],[1],[42]],[[{"name":"ui_vfx_a_add_27","rect":[0,0,270,156],"offset":[0,0],"originalSize":[270,156],"capInsets":[0,0,0,0]}],[0],0,[0],[1],[43]],[[{"name":"ui_vfx_a_add_24","rect":[0,0,270,156],"offset":[0,0],"originalSize":[270,156],"capInsets":[0,0,0,0]}],[0],0,[0],[1],[44]],[[{"name":"ui_vfx_a_add_01","rect":[0,0,270,156],"offset":[0,0],"originalSize":[270,156],"capInsets":[0,0,0,0]}],[0],0,[0],[1],[45]],[[{"name":"ui_vfx_a_add_05","rect":[0,0,270,156],"offset":[0,0],"originalSize":[270,156],"capInsets":[0,0,0,0]}],[0],0,[0],[1],[46]],[[{"name":"ui_vfx_a_add_06","rect":[0,0,270,156],"offset":[0,0],"originalSize":[270,156],"capInsets":[0,0,0,0]}],[0],0,[0],[1],[47]],[[{"name":"ui_vfx_a_add_26","rect":[0,0,270,156],"offset":[0,0],"originalSize":[270,156],"capInsets":[0,0,0,0]}],[0],0,[0],[1],[48]],[[{"name":"ui_vfx_a_add_03","rect":[0,0,270,156],"offset":[0,0],"originalSize":[270,156],"capInsets":[0,0,0,0]}],[0],0,[0],[1],[49]],[[{"name":"ui_vfx_a_add_11","rect":[0,0,270,156],"offset":[0,0],"originalSize":[270,156],"capInsets":[0,0,0,0]}],[0],0,[0],[1],[50]],[[{"name":"ui_vfx_a_add_08","rect":[0,0,270,156],"offset":[0,0],"originalSize":[270,156],"capInsets":[0,0,0,0]}],[0],0,[0],[1],[51]],[[{"name":"ui_vfx_a_add_13","rect":[0,0,270,156],"offset":[0,0],"originalSize":[270,156],"capInsets":[0,0,0,0]}],[0],0,[0],[1],[52]],[[{"name":"ui_vfx_a_add_23","rect":[0,0,270,156],"offset":[0,0],"originalSize":[270,156],"capInsets":[0,0,0,0]}],[0],0,[0],[1],[53]]]]