[
  1,
  [
    "f3cIdlFIVIR4tzcUXHcmvH",
    "aezaACiBBKQZEG2DknQntc"
  ],
  [
    "spriteFrame",
    "_textureSetter"
  ],
  [
    "cc.SpriteFrame",
    [
      "cc.BitmapFont",
      [
        "_name",
        "fontSize",
        "_fntConfig"
      ],
      0
    ]
  ],
  [
    [
      1,
      0,
      1,
      2,
      4
    ]
  ],
  [
    [
      [
        [
          0,
          "freeFont",
          32,
          {
            "commonHeight": 150,
            "fontSize": 32,
            "atlasName": "freeFont.png",
            "fontDefDictionary": {
              "9": {
                "xOffset": 0,
                "yOffset": 0,
                "xAdvance": 160,
                "rect": {
                  "x": 0,
                  "y": 0,
                  "width": 0,
                  "height": 0
                }
              },
              "32": {
                "xOffset": 0,
                "yOffset": 0,
                "xAdvance": 20,
                "rect": {
                  "x": 0,
                  "y": 0,
                  "width": 0,
                  "height": 0
                }
              },
              "43": {
                "xOffset": 0,
                "yOffset": 39,
                "xAdvance": 85,
                "rect": {
                  "x": 307,
                  "y": 0,
                  "width": 84,
                  "height": 97
                }
              },
              "44": {
                "xOffset": 0,
                "yOffset": 84,
                "xAdvance": 48,
                "rect": {
                  "x": 311,
                  "y": 98,
                  "width": 47,
                  "height": 66
                }
              },
              "46": {
                "xOffset": -10,
                "yOffset": 96,
                "xAdvance": 40,
                "rect": {
                  "x": 0,
                  "y": 453,
                  "width": 49,
                  "height": 54
                }
              },
              "48": {
                "xOffset": 0,
                "yOffset": 0,
                "xAdvance": 112,
                "rect": {
                  "x": 0,
                  "y": 0,
                  "width": 111,
                  "height": 150
                }
              },
              "49": {
                "xOffset": 0,
                "yOffset": 0,
                "xAdvance": 74,
                "rect": {
                  "x": 308,
                  "y": 302,
                  "width": 73,
                  "height": 150
                }
              },
              "50": {
                "xOffset": 0,
                "yOffset": 0,
                "xAdvance": 98,
                "rect": {
                  "x": 210,
                  "y": 302,
                  "width": 97,
                  "height": 150
                }
              },
              "51": {
                "xOffset": 0,
                "yOffset": 0,
                "xAdvance": 105,
                "rect": {
                  "x": 0,
                  "y": 302,
                  "width": 104,
                  "height": 150
                }
              },
              "52": {
                "xOffset": 0,
                "yOffset": 0,
                "xAdvance": 105,
                "rect": {
                  "x": 109,
                  "y": 151,
                  "width": 104,
                  "height": 150
                }
              },
              "53": {
                "xOffset": 0,
                "yOffset": 0,
                "xAdvance": 103,
                "rect": {
                  "x": 112,
                  "y": 0,
                  "width": 102,
                  "height": 150
                }
              },
              "54": {
                "xOffset": 0,
                "yOffset": 0,
                "xAdvance": 109,
                "rect": {
                  "x": 0,
                  "y": 151,
                  "width": 108,
                  "height": 150
                }
              },
              "55": {
                "xOffset": 0,
                "yOffset": 0,
                "xAdvance": 92,
                "rect": {
                  "x": 215,
                  "y": 0,
                  "width": 91,
                  "height": 150
                }
              },
              "56": {
                "xOffset": 0,
                "yOffset": 0,
                "xAdvance": 97,
                "rect": {
                  "x": 214,
                  "y": 151,
                  "width": 96,
                  "height": 150
                }
              },
              "57": {
                "xOffset": 0,
                "yOffset": 0,
                "xAdvance": 105,
                "rect": {
                  "x": 105,
                  "y": 302,
                  "width": 104,
                  "height": 150
                }
              }
            },
            "kerningDict": {}
          }
        ]
      ],
      0,
      0,
      [
        0
      ],
      [
        0
      ],
      [
        0
      ]
    ],
    [
      [
        {
          "name": "freeFont",
          "rect": [
            0,
            0,
            391,
            507
          ],
          "offset": [
            -60.5,
            2.5
          ],
          "originalSize": [
            512,
            512
          ],
          "capInsets": [
            0,
            0,
            0,
            0
          ]
        }
      ],
      [
        0
      ],
      0,
      [
        0
      ],
      [
        1
      ],
      [
        1
      ]
    ]
  ]
]