[
  1,
  [
    "154575dee",
    "714OXoePVHfIhdsEeF/UYJ",
    "f6EWcsMRxCobLqji9/jKLo",
    "18I59KkYVIn45bh8oxS1HX",
    "78QOah7KBKr4CF9NHD8E21",
    "dcb5lVrItKRYcabNzrDTLt",
    "a3GvkwD+hLlpNDMrFTdit7",
    "a9CwxRDNJFX4pU4BLq5XZq",
    "6fIP/GcqlNRqMehwxLh3Oq",
    "e9EwqIEZxLsKXcFErBv2pb",
    "11EqOy23tCMoW3jWudF/do",
    "10vTSw7p9DB4z+BCJVYLJS",
    "73LsghKnFGs510wJ83Lx/2",
    "e4a4/P3hBGupZv9XJNySOg",
    "31x5qovA1HrI7NG27S7Vzw",
    "4a5s4HA3ZHCJTCdosNn1M+",
    "aacCEq1TxLD7x+alMq/EE4",
    "dbuUw37yhIf6O4tsdWQTZq",
    "30RI80KYdCe6gqw28h15jY",
    "d9xW+WITNG+64q2u0Q/Mkt",
    "f31TZI/0lB6LmsFfUUrbg/",
    "40nEW+uYBCLLqImkw23gZJ",
    "6cYCLu/1xJA6OC0SWm8BYd",
    "f27cZq8ENAaaQqyn4xo6+5",
    "12rvpKFzpAgLE8hcSnUrxh",
    "99hKhDmTVOOLblZxKUv6zR"
  ],
  [
    "_textureSetter",
    "value"
  ],
  [
    "cc.SpriteFrame",
    [
      "cc.AnimationClip",
      [
        "_name",
        "_duration",
        "sample",
        "wrapMode",
        "curveData"
      ],
      -1,
      11
    ]
  ],
  [
    [
      1,
      0,
      1,
      2,
      3,
      4,
      5
    ]
  ],
  [
    [
      [
        {
          "name": "ui_vfx_f_add_11",
          "rect": [
            283,
            1,
            280,
            98
          ],
          "offset": [
            0,
            0
          ],
          "originalSize": [
            280,
            98
          ],
          "capInsets": [
            0,
            0,
            0,
            0
          ]
        }
      ],
      [
        0
      ],
      0,
      [
        0
      ],
      [
        0
      ],
      [
        0
      ]
    ],
    [
      [
        {
          "name": "ui_vfx_f_add_10",
          "rect": [
            1,
            101,
            280,
            98
          ],
          "offset": [
            0,
            0
          ],
          "originalSize": [
            280,
            98
          ],
          "capInsets": [
            0,
            0,
            0,
            0
          ]
        }
      ],
      [
        0
      ],
      0,
      [
        0
      ],
      [
        0
      ],
      [
        0
      ]
    ],
    [
      [
        {
          "name": "ui_vfx_f_add_24",
          "rect": [
            283,
            101,
            280,
            98
          ],
          "offset": [
            0,
            0
          ],
          "originalSize": [
            280,
            98
          ],
          "capInsets": [
            0,
            0,
            0,
            0
          ]
        }
      ],
      [
        0
      ],
      0,
      [
        0
      ],
      [
        0
      ],
      [
        0
      ]
    ],
    [
      [
        {
          "name": "ui_vfx_f_add_02",
          "rect": [
            565,
            1,
            280,
            98
          ],
          "offset": [
            0,
            0
          ],
          "originalSize": [
            280,
            98
          ],
          "rotated": 1,
          "capInsets": [
            0,
            0,
            0,
            0
          ]
        }
      ],
      [
        0
      ],
      0,
      [
        0
      ],
      [
        0
      ],
      [
        0
      ]
    ],
    [
      [
        {
          "name": "ui_vfx_f_add_18",
          "rect": [
            665,
            1,
            280,
            98
          ],
          "offset": [
            0,
            0
          ],
          "originalSize": [
            280,
            98
          ],
          "rotated": 1,
          "capInsets": [
            0,
            0,
            0,
            0
          ]
        }
      ],
      [
        0
      ],
      0,
      [
        0
      ],
      [
        0
      ],
      [
        0
      ]
    ],
    [
      [
        {
          "name": "ui_vfx_f_add_14",
          "rect": [
            1,
            201,
            280,
            98
          ],
          "offset": [
            0,
            0
          ],
          "originalSize": [
            280,
            98
          ],
          "capInsets": [
            0,
            0,
            0,
            0
          ]
        }
      ],
      [
        0
      ],
      0,
      [
        0
      ],
      [
        0
      ],
      [
        0
      ]
    ],
    [
      [
        {
          "name": "ui_vfx_f_add_21",
          "rect": [
            283,
            201,
            280,
            98
          ],
          "offset": [
            0,
            0
          ],
          "originalSize": [
            280,
            98
          ],
          "capInsets": [
            0,
            0,
            0,
            0
          ]
        }
      ],
      [
        0
      ],
      0,
      [
        0
      ],
      [
        0
      ],
      [
        0
      ]
    ],
    [
      [
        {
          "name": "ui_vfx_f_add_15",
          "rect": [
            1,
            301,
            280,
            98
          ],
          "offset": [
            0,
            0
          ],
          "originalSize": [
            280,
            98
          ],
          "capInsets": [
            0,
            0,
            0,
            0
          ]
        }
      ],
      [
        0
      ],
      0,
      [
        0
      ],
      [
        0
      ],
      [
        0
      ]
    ],
    [
      [
        [
          0,
          "LineBkg",
          1.6666666666666667,
          15,
          2,
          [
            {},
            "comps",
            11,
            [
              {},
              "cc.Sprite",
              11,
              [
                {},
                "spriteFrame",
                12,
                [
                  [
                    [
                      {
                        "frame": 0
                      },
                      "value",
                      6,
                      0
                    ],
                    [
                      {
                        "frame": 0.06666666666666667
                      },
                      "value",
                      6,
                      1
                    ],
                    [
                      {
                        "frame": 0.13333333333333333
                      },
                      "value",
                      6,
                      2
                    ],
                    [
                      {
                        "frame": 0.2
                      },
                      "value",
                      6,
                      3
                    ],
                    [
                      {
                        "frame": 0.26666666666666666
                      },
                      "value",
                      6,
                      4
                    ],
                    [
                      {
                        "frame": 0.3333333333333333
                      },
                      "value",
                      6,
                      5
                    ],
                    [
                      {
                        "frame": 0.4
                      },
                      "value",
                      6,
                      6
                    ],
                    [
                      {
                        "frame": 0.4666666666666667
                      },
                      "value",
                      6,
                      7
                    ],
                    [
                      {
                        "frame": 0.5333333333333333
                      },
                      "value",
                      6,
                      8
                    ],
                    [
                      {
                        "frame": 0.6
                      },
                      "value",
                      6,
                      9
                    ],
                    [
                      {
                        "frame": 0.6666666666666666
                      },
                      "value",
                      6,
                      10
                    ],
                    [
                      {
                        "frame": 0.7333333333333333
                      },
                      "value",
                      6,
                      11
                    ],
                    [
                      {
                        "frame": 0.8
                      },
                      "value",
                      6,
                      12
                    ],
                    [
                      {
                        "frame": 0.8666666666666667
                      },
                      "value",
                      6,
                      13
                    ],
                    [
                      {
                        "frame": 0.9333333333333333
                      },
                      "value",
                      6,
                      14
                    ],
                    [
                      {
                        "frame": 1
                      },
                      "value",
                      6,
                      15
                    ],
                    [
                      {
                        "frame": 1.0666666666666667
                      },
                      "value",
                      6,
                      16
                    ],
                    [
                      {
                        "frame": 1.1333333333333333
                      },
                      "value",
                      6,
                      17
                    ],
                    [
                      {
                        "frame": 1.2
                      },
                      "value",
                      6,
                      18
                    ],
                    [
                      {
                        "frame": 1.2666666666666666
                      },
                      "value",
                      6,
                      19
                    ],
                    [
                      {
                        "frame": 1.3333333333333333
                      },
                      "value",
                      6,
                      20
                    ],
                    [
                      {
                        "frame": 1.4
                      },
                      "value",
                      6,
                      21
                    ],
                    [
                      {
                        "frame": 1.4666666666666666
                      },
                      "value",
                      6,
                      22
                    ],
                    [
                      {
                        "frame": 1.5333333333333334
                      },
                      "value",
                      6,
                      23
                    ],
                    [
                      {
                        "frame": 1.6
                      },
                      "value",
                      6,
                      24
                    ]
                  ],
                  11,
                  11,
                  11,
                  11,
                  11,
                  11,
                  11,
                  11,
                  11,
                  11,
                  11,
                  11,
                  11,
                  11,
                  11,
                  11,
                  11,
                  11,
                  11,
                  11,
                  11,
                  11,
                  11,
                  11,
                  11
                ]
              ]
            ]
          ]
        ]
      ],
      0,
      0,
      [
        0,
        0,
        0,
        0,
        0,
        0,
        0,
        0,
        0,
        0,
        0,
        0,
        0,
        0,
        0,
        0,
        0,
        0,
        0,
        0,
        0,
        0,
        0,
        0,
        0
      ],
      [
        1,
        1,
        1,
        1,
        1,
        1,
        1,
        1,
        1,
        1,
        1,
        1,
        1,
        1,
        1,
        1,
        1,
        1,
        1,
        1,
        1,
        1,
        1,
        1,
        1
      ],
      [
        1,
        2,
        3,
        4,
        5,
        6,
        7,
        8,
        9,
        10,
        11,
        12,
        13,
        14,
        15,
        16,
        17,
        18,
        19,
        20,
        21,
        22,
        23,
        24,
        25
      ]
    ],
    [
      [
        {
          "name": "ui_vfx_f_add_22",
          "rect": [
            283,
            301,
            280,
            98
          ],
          "offset": [
            0,
            0
          ],
          "originalSize": [
            280,
            98
          ],
          "capInsets": [
            0,
            0,
            0,
            0
          ]
        }
      ],
      [
        0
      ],
      0,
      [
        0
      ],
      [
        0
      ],
      [
        0
      ]
    ],
    [
      [
        {
          "name": "ui_vfx_f_add_08",
          "rect": [
            1,
            401,
            280,
            98
          ],
          "offset": [
            0,
            0
          ],
          "originalSize": [
            280,
            98
          ],
          "capInsets": [
            0,
            0,
            0,
            0
          ]
        }
      ],
      [
        0
      ],
      0,
      [
        0
      ],
      [
        0
      ],
      [
        0
      ]
    ],
    [
      [
        {
          "name": "ui_vfx_f_add_00",
          "rect": [
            283,
            401,
            280,
            98
          ],
          "offset": [
            0,
            0
          ],
          "originalSize": [
            280,
            98
          ],
          "capInsets": [
            0,
            0,
            0,
            0
          ]
        }
      ],
      [
        0
      ],
      0,
      [
        0
      ],
      [
        0
      ],
      [
        0
      ]
    ],
    [
      [
        {
          "name": "ui_vfx_f_add_12",
          "rect": [
            565,
            283,
            280,
            98
          ],
          "offset": [
            0,
            0
          ],
          "originalSize": [
            280,
            98
          ],
          "rotated": 1,
          "capInsets": [
            0,
            0,
            0,
            0
          ]
        }
      ],
      [
        0
      ],
      0,
      [
        0
      ],
      [
        0
      ],
      [
        0
      ]
    ],
    [
      [
        {
          "name": "ui_vfx_f_add_03",
          "rect": [
            665,
            283,
            280,
            98
          ],
          "offset": [
            0,
            0
          ],
          "originalSize": [
            280,
            98
          ],
          "rotated": 1,
          "capInsets": [
            0,
            0,
            0,
            0
          ]
        }
      ],
      [
        0
      ],
      0,
      [
        0
      ],
      [
        0
      ],
      [
        0
      ]
    ],
    [
      [
        {
          "name": "ui_vfx_f_add_25",
          "rect": [
            1,
            501,
            280,
            98
          ],
          "offset": [
            0,
            0
          ],
          "originalSize": [
            280,
            98
          ],
          "capInsets": [
            0,
            0,
            0,
            0
          ]
        }
      ],
      [
        0
      ],
      0,
      [
        0
      ],
      [
        0
      ],
      [
        0
      ]
    ],
    [
      [
        {
          "name": "ui_vfx_f_add_06",
          "rect": [
            283,
            501,
            280,
            98
          ],
          "offset": [
            0,
            0
          ],
          "originalSize": [
            280,
            98
          ],
          "capInsets": [
            0,
            0,
            0,
            0
          ]
        }
      ],
      [
        0
      ],
      0,
      [
        0
      ],
      [
        0
      ],
      [
        0
      ]
    ],
    [
      [
        {
          "name": "ui_vfx_f_add_07",
          "rect": [
            1,
            601,
            280,
            98
          ],
          "offset": [
            0,
            0
          ],
          "originalSize": [
            280,
            98
          ],
          "capInsets": [
            0,
            0,
            0,
            0
          ]
        }
      ],
      [
        0
      ],
      0,
      [
        0
      ],
      [
        0
      ],
      [
        0
      ]
    ],
    [
      [
        {
          "name": "ui_vfx_f_add_16",
          "rect": [
            283,
            601,
            280,
            98
          ],
          "offset": [
            0,
            0
          ],
          "originalSize": [
            280,
            98
          ],
          "capInsets": [
            0,
            0,
            0,
            0
          ]
        }
      ],
      [
        0
      ],
      0,
      [
        0
      ],
      [
        0
      ],
      [
        0
      ]
    ],
    [
      [
        {
          "name": "ui_vfx_f_add_19",
          "rect": [
            1,
            701,
            280,
            98
          ],
          "offset": [
            0,
            0
          ],
          "originalSize": [
            280,
            98
          ],
          "capInsets": [
            0,
            0,
            0,
            0
          ]
        }
      ],
      [
        0
      ],
      0,
      [
        0
      ],
      [
        0
      ],
      [
        0
      ]
    ],
    [
      [
        {
          "name": "ui_vfx_f_add_17",
          "rect": [
            283,
            701,
            280,
            98
          ],
          "offset": [
            0,
            0
          ],
          "originalSize": [
            280,
            98
          ],
          "capInsets": [
            0,
            0,
            0,
            0
          ]
        }
      ],
      [
        0
      ],
      0,
      [
        0
      ],
      [
        0
      ],
      [
        0
      ]
    ],
    [
      [
        {
          "name": "ui_vfx_f_add_04",
          "rect": [
            565,
            565,
            280,
            98
          ],
          "offset": [
            0,
            0
          ],
          "originalSize": [
            280,
            98
          ],
          "rotated": 1,
          "capInsets": [
            0,
            0,
            0,
            0
          ]
        }
      ],
      [
        0
      ],
      0,
      [
        0
      ],
      [
        0
      ],
      [
        0
      ]
    ],
    [
      [
        {
          "name": "ui_vfx_f_add_13",
          "rect": [
            665,
            565,
            280,
            98
          ],
          "offset": [
            0,
            0
          ],
          "originalSize": [
            280,
            98
          ],
          "rotated": 1,
          "capInsets": [
            0,
            0,
            0,
            0
          ]
        }
      ],
      [
        0
      ],
      0,
      [
        0
      ],
      [
        0
      ],
      [
        0
      ]
    ],
    [
      [
        {
          "name": "ui_vfx_f_add_09",
          "rect": [
            1,
            801,
            280,
            98
          ],
          "offset": [
            0,
            0
          ],
          "originalSize": [
            280,
            98
          ],
          "capInsets": [
            0,
            0,
            0,
            0
          ]
        }
      ],
      [
        0
      ],
      0,
      [
        0
      ],
      [
        0
      ],
      [
        0
      ]
    ],
    [
      [
        {
          "name": "ui_vfx_f_add_23",
          "rect": [
            283,
            801,
            280,
            98
          ],
          "offset": [
            0,
            0
          ],
          "originalSize": [
            280,
            98
          ],
          "capInsets": [
            0,
            0,
            0,
            0
          ]
        }
      ],
      [
        0
      ],
      0,
      [
        0
      ],
      [
        0
      ],
      [
        0
      ]
    ],
    [
      [
        {
          "name": "ui_vfx_f_add_20",
          "rect": [
            1,
            901,
            280,
            98
          ],
          "offset": [
            0,
            0
          ],
          "originalSize": [
            280,
            98
          ],
          "capInsets": [
            0,
            0,
            0,
            0
          ]
        }
      ],
      [
        0
      ],
      0,
      [
        0
      ],
      [
        0
      ],
      [
        0
      ]
    ],
    [
      [
        {
          "name": "ui_vfx_f_add_01",
          "rect": [
            283,
            901,
            280,
            98
          ],
          "offset": [
            0,
            0
          ],
          "originalSize": [
            280,
            98
          ],
          "capInsets": [
            0,
            0,
            0,
            0
          ]
        }
      ],
      [
        0
      ],
      0,
      [
        0
      ],
      [
        0
      ],
      [
        0
      ]
    ]
  ]
]