[
  1,
  [
    "71NZQlDd5EgK0I3vy4VbIZ",
    "d3prK4tpZGw5tPavxHK50I",
    "1diPYTXPxPSa7jBhgY7vQk",
    "6a54SuQCpBGYv9z+V8gF2J",
    "40kqY3XshHr6rAUAiYTTmd",
    "79WEOSV8xOsIBUWtt16O0e",
    "29EFYjtKVD3orVrNTRCw2v",
    "5ewttlIMNJ9YI6ZVglJntL",
    "29WFatR+ZLRqytmh0npRZe",
    "0bOuheqzVAGICynv44o1Kl",
    "e9/rQs28RFt7p0qvceIOxO",
    "f0V9JBWg5A+Kv//U+fx+vh",
    "27QfTceRxP/aRy4VAWM0bZ",
    "39srL0txVPrLis9HQB+tTT",
    "b1c7mTfLJLa5n21JJAD4VX",
    "fbd02Tib9PIKrZb4rPE1T9",
    "2b2r8ioMNHYLl3Y9ShWdyX",
    "d50keuuCNAQZP4W8DWD995",
    "87dOd3HSdNbroXCGJfzSwi",
    "774hZgQ6lJWJkeb4Uui0S+",
    "74PsA/tKJDwYqzilh0olfz",
    "1eNI9HAa9N5ori50pjUJRV",
    "68DHIoafxFN6/mngLby7mn",
    "694godzvNLHbf5JVMji9S8",
    "5fIuZDC8dKuaudPsb75Ch1",
    "b80rVlPGhEYLPJtTgwSb/U",
    "57aBbMPSJLmrnO0efiUAqS",
    "c6Xv6I+oNO4ZEWhiO8a3hr",
    "fdV/kuMR1HqI7Ega92ki1O",
    "e5FpGEyO1GrqRgMfeSJTWR",
    "aftCjcnaRMXobeiQiSPku7",
    "f5rTSTBE9JT5hkCHjBt9ES",
    "04enuya0lFEIEMvXp+VHII",
    "97peFZzL1NrpnKWCjN52p9",
    "6bHPejRvpN+KqN4bqcJVaF",
    "a4hzqV/apDSoOCF1CnOl1m",
    "1a1N0usz5KMIYdwtR6FCjf",
    "98+xNu0PpHIo1Ckegl7Gbm",
    "2cwUc/jGBAXIyhVNbEq6Y4",
    "9bwcX+GntI1ZChEeag4yHn",
    "6eEisJVzJJCbc09LMnW9t+",
    "8dj7eNkvRBzITNQeQZa8jz",
    "ddpWibh1BHLpUbaXLyqQar",
    "6ch72M965LALtXu8tmA+57",
    "cdqz1wf09HCL6EOLiyQb7B",
    "9eSiFe0I1E/JyYxzdcFqwf",
    "f0YzvQVBNNhoeiHJMhpRrt",
    "a4rhy6s2lMY5VBcTQQf4Jz",
    "99Q59mokNJdqB7qpaNnFDi",
    "a0Mhp4BNBPR5WEUMcu2B/i",
    "5dsCAusGdJE7BCJMro9uGq",
    "a405Bi3d1LFKbbGCGEnIDX",
    "2fwi2j+3pCLZPnulFUoE4x",
    "b78K85QFFNwbYeMP0ttfpp",
    "a7vcmM0M9KsZE+o5fi2G4h",
    "baEoOWDAZO1bZDD82pZJgr"
  ],
  [
    "_textureSetter",
    "0",
    "1",
    "2",
    "3",
    "4",
    "5",
    "6",
    "7",
    "8",
    "9",
    "10",
    "11",
    "12",
    "13",
    "14",
    "15",
    "16",
    "17",
    "18",
    "19",
    "20",
    "21",
    "22",
    "23",
    "24",
    "25",
    "26",
    "27",
    "28",
    "29",
    "30",
    "31",
    "32",
    "33",
    "34",
    "35",
    "36",
    "37",
    "38",
    "39",
    "40",
    "41",
    "42",
    "43",
    "44",
    "45",
    "46",
    "47",
    "48",
    "49",
    "50",
    "51",
    "52",
    "card_27",
    "card_40"
  ],
  [
    "cc.SpriteFrame",
    [
      "cc.SpriteAtlas",
      [
        "_name",
        "_spriteFrames"
      ],
      2,
      11
    ]
  ],
  [
    [
      1,
      0,
      1,
      2
    ]
  ],
  [
    [
      [
        {
          "name": "31",
          "rect": [
            0,
            728,
            110,
            145
          ],
          "offset": [
            0,
            0
          ],
          "originalSize": [
            110,
            145
          ],
          "capInsets": [
            0,
            0,
            0,
            0
          ]
        }
      ],
      [
        0
      ],
      0,
      [
        0
      ],
      [
        0
      ],
      [
        0
      ]
    ],
    [
      [
        {
          "name": "8",
          "rect": [
            444,
            146,
            110,
            145
          ],
          "offset": [
            0,
            0
          ],
          "originalSize": [
            110,
            145
          ],
          "capInsets": [
            0,
            0,
            0,
            0
          ]
        }
      ],
      [
        0
      ],
      0,
      [
        0
      ],
      [
        0
      ],
      [
        0
      ]
    ],
    [
      [
        {
          "name": "35",
          "rect": [
            0,
            290,
            110,
            145
          ],
          "offset": [
            0,
            0
          ],
          "originalSize": [
            110,
            145
          ],
          "capInsets": [
            0,
            0,
            0,
            0
          ]
        }
      ],
      [
        0
      ],
      0,
      [
        0
      ],
      [
        0
      ],
      [
        0
      ]
    ],
    [
      [
        {
          "name": "1",
          "rect": [
            555,
            146,
            110,
            145
          ],
          "offset": [
            0,
            0
          ],
          "originalSize": [
            110,
            145
          ],
          "capInsets": [
            0,
            0,
            0,
            0
          ]
        }
      ],
      [
        0
      ],
      0,
      [
        0
      ],
      [
        0
      ],
      [
        0
      ]
    ],
    [
      [
        {
          "name": "20",
          "rect": [
            222,
            438,
            110,
            145
          ],
          "offset": [
            0,
            0
          ],
          "originalSize": [
            110,
            145
          ],
          "capInsets": [
            0,
            0,
            0,
            0
          ]
        }
      ],
      [
        0
      ],
      0,
      [
        0
      ],
      [
        0
      ],
      [
        0
      ]
    ],
    [
      [
        {
          "name": "11",
          "rect": [
            333,
            730,
            110,
            145
          ],
          "offset": [
            0,
            0
          ],
          "originalSize": [
            110,
            145
          ],
          "capInsets": [
            0,
            0,
            0,
            0
          ]
        }
      ],
      [
        0
      ],
      0,
      [
        0
      ],
      [
        0
      ],
      [
        0
      ]
    ],
    [
      [
        {
          "name": "5",
          "rect": [
            444,
            584,
            110,
            145
          ],
          "offset": [
            0,
            0
          ],
          "originalSize": [
            110,
            145
          ],
          "capInsets": [
            0,
            0,
            0,
            0
          ]
        }
      ],
      [
        0
      ],
      0,
      [
        0
      ],
      [
        0
      ],
      [
        0
      ]
    ],
    [
      [
        {
          "name": "7",
          "rect": [
            444,
            292,
            110,
            145
          ],
          "offset": [
            0,
            0
          ],
          "originalSize": [
            110,
            145
          ],
          "capInsets": [
            0,
            0,
            0,
            0
          ]
        }
      ],
      [
        0
      ],
      0,
      [
        0
      ],
      [
        0
      ],
      [
        0
      ]
    ],
    [
      [
        {
          "name": "15",
          "rect": [
            333,
            146,
            110,
            145
          ],
          "offset": [
            0,
            0
          ],
          "originalSize": [
            110,
            145
          ],
          "capInsets": [
            0,
            0,
            0,
            0
          ]
        }
      ],
      [
        0
      ],
      0,
      [
        0
      ],
      [
        0
      ],
      [
        0
      ]
    ],
    [
      [
        {
          "name": "37",
          "rect": [
            444,
            0,
            110,
            145
          ],
          "offset": [
            0,
            0
          ],
          "originalSize": [
            110,
            145
          ],
          "capInsets": [
            0,
            0,
            0,
            0
          ]
        }
      ],
      [
        0
      ],
      0,
      [
        0
      ],
      [
        0
      ],
      [
        0
      ]
    ],
    [
      [
        {
          "name": "51",
          "rect": [
            555,
            876,
            110,
            145
          ],
          "offset": [
            0,
            0
          ],
          "originalSize": [
            110,
            145
          ],
          "capInsets": [
            0,
            0,
            0,
            0
          ]
        }
      ],
      [
        0
      ],
      0,
      [
        0
      ],
      [
        0
      ],
      [
        0
      ]
    ],
    [
      [
        {
          "name": "12",
          "rect": [
            333,
            584,
            110,
            145
          ],
          "offset": [
            0,
            0
          ],
          "originalSize": [
            110,
            145
          ],
          "capInsets": [
            0,
            0,
            0,
            0
          ]
        }
      ],
      [
        0
      ],
      0,
      [
        0
      ],
      [
        0
      ],
      [
        0
      ]
    ],
    [
      [
        {
          "name": "3",
          "rect": [
            444,
            876,
            110,
            145
          ],
          "offset": [
            0,
            0
          ],
          "originalSize": [
            110,
            145
          ],
          "capInsets": [
            0,
            0,
            0,
            0
          ]
        }
      ],
      [
        0
      ],
      0,
      [
        0
      ],
      [
        0
      ],
      [
        0
      ]
    ],
    [
      [
        {
          "name": "25",
          "rect": [
            111,
            728,
            110,
            145
          ],
          "offset": [
            0,
            0
          ],
          "originalSize": [
            110,
            145
          ],
          "capInsets": [
            0,
            0,
            0,
            0
          ]
        }
      ],
      [
        0
      ],
      0,
      [
        0
      ],
      [
        0
      ],
      [
        0
      ]
    ],
    [
      [
        {
          "name": "49",
          "rect": [
            666,
            146,
            110,
            145
          ],
          "offset": [
            0,
            0
          ],
          "originalSize": [
            110,
            145
          ],
          "capInsets": [
            0,
            0,
            0,
            0
          ]
        }
      ],
      [
        0
      ],
      0,
      [
        0
      ],
      [
        0
      ],
      [
        0
      ]
    ],
    [
      [
        {
          "name": "6",
          "rect": [
            444,
            438,
            110,
            145
          ],
          "offset": [
            0,
            0
          ],
          "originalSize": [
            110,
            145
          ],
          "capInsets": [
            0,
            0,
            0,
            0
          ]
        }
      ],
      [
        0
      ],
      0,
      [
        0
      ],
      [
        0
      ],
      [
        0
      ]
    ],
    [
      [
        {
          "name": "23",
          "rect": [
            222,
            0,
            110,
            145
          ],
          "offset": [
            0,
            0
          ],
          "originalSize": [
            110,
            145
          ],
          "capInsets": [
            0,
            0,
            0,
            0
          ]
        }
      ],
      [
        0
      ],
      0,
      [
        0
      ],
      [
        0
      ],
      [
        0
      ]
    ],
    [
      [
        {
          "name": "21",
          "rect": [
            222,
            292,
            110,
            145
          ],
          "offset": [
            0,
            0
          ],
          "originalSize": [
            110,
            145
          ],
          "capInsets": [
            0,
            0,
            0,
            0
          ]
        }
      ],
      [
        0
      ],
      0,
      [
        0
      ],
      [
        0
      ],
      [
        0
      ]
    ],
    [
      [
        {
          "name": "22",
          "rect": [
            222,
            146,
            110,
            145
          ],
          "offset": [
            0,
            0
          ],
          "originalSize": [
            110,
            145
          ],
          "capInsets": [
            0,
            0,
            0,
            0
          ]
        }
      ],
      [
        0
      ],
      0,
      [
        0
      ],
      [
        0
      ],
      [
        0
      ]
    ],
    [
      [
        {
          "name": "2",
          "rect": [
            555,
            0,
            110,
            145
          ],
          "offset": [
            0,
            0
          ],
          "originalSize": [
            110,
            145
          ],
          "capInsets": [
            0,
            0,
            0,
            0
          ]
        }
      ],
      [
        0
      ],
      0,
      [
        0
      ],
      [
        0
      ],
      [
        0
      ]
    ],
    [
      [
        {
          "name": "33",
          "rect": [
            0,
            436,
            110,
            145
          ],
          "offset": [
            0,
            0
          ],
          "originalSize": [
            110,
            145
          ],
          "capInsets": [
            0,
            0,
            0,
            0
          ]
        }
      ],
      [
        0
      ],
      0,
      [
        0
      ],
      [
        0
      ],
      [
        0
      ]
    ],
    [
      [
        {
          "name": "42",
          "rect": [
            777,
            146,
            110,
            145
          ],
          "offset": [
            0,
            0
          ],
          "originalSize": [
            110,
            145
          ],
          "capInsets": [
            0,
            0,
            0,
            0
          ]
        }
      ],
      [
        0
      ],
      0,
      [
        0
      ],
      [
        0
      ],
      [
        0
      ]
    ],
    [
      [
        {
          "name": "39",
          "rect": [
            777,
            584,
            110,
            145
          ],
          "offset": [
            0,
            0
          ],
          "originalSize": [
            110,
            145
          ],
          "capInsets": [
            0,
            0,
            0,
            0
          ]
        }
      ],
      [
        0
      ],
      0,
      [
        0
      ],
      [
        0
      ],
      [
        0
      ]
    ],
    [
      [
        {
          "name": "19",
          "rect": [
            222,
            584,
            110,
            145
          ],
          "offset": [
            0,
            0
          ],
          "originalSize": [
            110,
            145
          ],
          "capInsets": [
            0,
            0,
            0,
            0
          ]
        }
      ],
      [
        0
      ],
      0,
      [
        0
      ],
      [
        0
      ],
      [
        0
      ]
    ],
    [
      [
        {
          "name": "18",
          "rect": [
            555,
            438,
            110,
            145
          ],
          "offset": [
            0,
            0
          ],
          "originalSize": [
            110,
            145
          ],
          "capInsets": [
            0,
            0,
            0,
            0
          ]
        }
      ],
      [
        0
      ],
      0,
      [
        0
      ],
      [
        0
      ],
      [
        0
      ]
    ],
    [
      [
        {
          "name": "4",
          "rect": [
            444,
            730,
            110,
            145
          ],
          "offset": [
            0,
            0
          ],
          "originalSize": [
            110,
            145
          ],
          "capInsets": [
            0,
            0,
            0,
            0
          ]
        }
      ],
      [
        0
      ],
      0,
      [
        0
      ],
      [
        0
      ],
      [
        0
      ]
    ],
    [
      [
        {
          "name": "17",
          "rect": [
            222,
            876,
            110,
            145
          ],
          "offset": [
            0,
            0
          ],
          "originalSize": [
            110,
            145
          ],
          "capInsets": [
            0,
            0,
            0,
            0
          ]
        }
      ],
      [
        0
      ],
      0,
      [
        0
      ],
      [
        0
      ],
      [
        0
      ]
    ],
    [
      [
        {
          "name": "40",
          "rect": [
            777,
            438,
            110,
            145
          ],
          "offset": [
            0,
            0
          ],
          "originalSize": [
            110,
            145
          ],
          "capInsets": [
            0,
            0,
            0,
            0
          ]
        }
      ],
      [
        0
      ],
      0,
      [
        0
      ],
      [
        0
      ],
      [
        0
      ]
    ],
    [
      [
        {
          "name": "32",
          "rect": [
            111,
            436,
            110,
            145
          ],
          "offset": [
            0,
            0
          ],
          "originalSize": [
            110,
            145
          ],
          "capInsets": [
            0,
            0,
            0,
            0
          ]
        }
      ],
      [
        0
      ],
      0,
      [
        0
      ],
      [
        0
      ],
      [
        0
      ]
    ],
    [
      [
        {
          "name": "36",
          "rect": [
            0,
            144,
            110,
            145
          ],
          "offset": [
            0,
            0
          ],
          "originalSize": [
            110,
            145
          ],
          "capInsets": [
            0,
            0,
            0,
            0
          ]
        }
      ],
      [
        0
      ],
      0,
      [
        0
      ],
      [
        0
      ],
      [
        0
      ]
    ],
    [
      [
        {
          "name": "47",
          "rect": [
            666,
            438,
            110,
            145
          ],
          "offset": [
            0,
            0
          ],
          "originalSize": [
            110,
            145
          ],
          "capInsets": [
            0,
            0,
            0,
            0
          ]
        }
      ],
      [
        0
      ],
      0,
      [
        0
      ],
      [
        0
      ],
      [
        0
      ]
    ],
    [
      [
        {
          "name": "38",
          "rect": [
            777,
            730,
            110,
            145
          ],
          "offset": [
            0,
            0
          ],
          "originalSize": [
            110,
            145
          ],
          "capInsets": [
            0,
            0,
            0,
            0
          ]
        }
      ],
      [
        0
      ],
      0,
      [
        0
      ],
      [
        0
      ],
      [
        0
      ]
    ],
    [
      [
        {
          "name": "44",
          "rect": [
            666,
            876,
            110,
            145
          ],
          "offset": [
            0,
            0
          ],
          "originalSize": [
            110,
            145
          ],
          "capInsets": [
            0,
            0,
            0,
            0
          ]
        }
      ],
      [
        0
      ],
      0,
      [
        0
      ],
      [
        0
      ],
      [
        0
      ]
    ],
    [
      [
        {
          "name": "48",
          "rect": [
            666,
            292,
            110,
            145
          ],
          "offset": [
            0,
            0
          ],
          "originalSize": [
            110,
            145
          ],
          "capInsets": [
            0,
            0,
            0,
            0
          ]
        }
      ],
      [
        0
      ],
      0,
      [
        0
      ],
      [
        0
      ],
      [
        0
      ]
    ],
    [
      [
        {
          "name": "34",
          "rect": [
            0,
            582,
            110,
            145
          ],
          "offset": [
            0,
            0
          ],
          "originalSize": [
            110,
            145
          ],
          "capInsets": [
            0,
            0,
            0,
            0
          ]
        }
      ],
      [
        0
      ],
      0,
      [
        0
      ],
      [
        0
      ],
      [
        0
      ]
    ],
    [
      [
        {
          "name": "46",
          "rect": [
            666,
            584,
            110,
            145
          ],
          "offset": [
            0,
            0
          ],
          "originalSize": [
            110,
            145
          ],
          "capInsets": [
            0,
            0,
            0,
            0
          ]
        }
      ],
      [
        0
      ],
      0,
      [
        0
      ],
      [
        0
      ],
      [
        0
      ]
    ],
    [
      [
        {
          "name": "50",
          "rect": [
            666,
            0,
            110,
            145
          ],
          "offset": [
            0,
            0
          ],
          "originalSize": [
            110,
            145
          ],
          "capInsets": [
            0,
            0,
            0,
            0
          ]
        }
      ],
      [
        0
      ],
      0,
      [
        0
      ],
      [
        0
      ],
      [
        0
      ]
    ],
    [
      [
        {
          "name": "card_27",
          "rect": [
            0,
            0,
            120,
            143
          ],
          "offset": [
            0,
            0
          ],
          "originalSize": [
            120,
            143
          ],
          "capInsets": [
            0,
            0,
            0,
            0
          ]
        }
      ],
      [
        0
      ],
      0,
      [
        0
      ],
      [
        0
      ],
      [
        0
      ]
    ],
    [
      [
        {
          "name": "29",
          "rect": [
            111,
            144,
            110,
            145
          ],
          "offset": [
            0,
            0
          ],
          "originalSize": [
            110,
            145
          ],
          "capInsets": [
            0,
            0,
            0,
            0
          ]
        }
      ],
      [
        0
      ],
      0,
      [
        0
      ],
      [
        0
      ],
      [
        0
      ]
    ],
    [
      [
        {
          "name": "13",
          "rect": [
            333,
            438,
            110,
            145
          ],
          "offset": [
            0,
            0
          ],
          "originalSize": [
            110,
            145
          ],
          "capInsets": [
            0,
            0,
            0,
            0
          ]
        }
      ],
      [
        0
      ],
      0,
      [
        0
      ],
      [
        0
      ],
      [
        0
      ]
    ],
    [
      [
        {
          "name": "52",
          "rect": [
            555,
            730,
            110,
            145
          ],
          "offset": [
            0,
            0
          ],
          "originalSize": [
            110,
            145
          ],
          "capInsets": [
            0,
            0,
            0,
            0
          ]
        }
      ],
      [
        0
      ],
      0,
      [
        0
      ],
      [
        0
      ],
      [
        0
      ]
    ],
    [
      [
        {
          "name": "24",
          "rect": [
            111,
            874,
            110,
            145
          ],
          "offset": [
            0,
            0
          ],
          "originalSize": [
            110,
            145
          ],
          "capInsets": [
            0,
            0,
            0,
            0
          ]
        }
      ],
      [
        0
      ],
      0,
      [
        0
      ],
      [
        0
      ],
      [
        0
      ]
    ],
    [
      [
        {
          "name": "card_40",
          "rect": [
            777,
            876,
            106,
            129
          ],
          "offset": [
            0,
            0
          ],
          "originalSize": [
            106,
            129
          ],
          "capInsets": [
            0,
            0,
            0,
            0
          ]
        }
      ],
      [
        0
      ],
      0,
      [
        0
      ],
      [
        0
      ],
      [
        0
      ]
    ],
    [
      [
        [
          0,
          "cardAtlas.plist",
          [
            {},
            "0",
            6,
            0,
            "1",
            6,
            1,
            "2",
            6,
            2,
            "3",
            6,
            3,
            "4",
            6,
            4,
            "5",
            6,
            5,
            "6",
            6,
            6,
            "7",
            6,
            7,
            "8",
            6,
            8,
            "9",
            6,
            9,
            "10",
            6,
            10,
            "11",
            6,
            11,
            "12",
            6,
            12,
            "13",
            6,
            13,
            "14",
            6,
            14,
            "15",
            6,
            15,
            "16",
            6,
            16,
            "17",
            6,
            17,
            "18",
            6,
            18,
            "19",
            6,
            19,
            "20",
            6,
            20,
            "21",
            6,
            21,
            "22",
            6,
            22,
            "23",
            6,
            23,
            "24",
            6,
            24,
            "25",
            6,
            25,
            "26",
            6,
            26,
            "27",
            6,
            27,
            "28",
            6,
            28,
            "29",
            6,
            29,
            "30",
            6,
            30,
            "31",
            6,
            31,
            "32",
            6,
            32,
            "33",
            6,
            33,
            "34",
            6,
            34,
            "35",
            6,
            35,
            "36",
            6,
            36,
            "37",
            6,
            37,
            "38",
            6,
            38,
            "39",
            6,
            39,
            "40",
            6,
            40,
            "41",
            6,
            41,
            "42",
            6,
            42,
            "43",
            6,
            43,
            "44",
            6,
            44,
            "45",
            6,
            45,
            "46",
            6,
            46,
            "47",
            6,
            47,
            "48",
            6,
            48,
            "49",
            6,
            49,
            "50",
            6,
            50,
            "51",
            6,
            51,
            "52",
            6,
            52,
            "card_27",
            6,
            53,
            "card_40",
            6,
            54
          ]
        ]
      ],
      0,
      0,
      [
        0,
        0,
        0,
        0,
        0,
        0,
        0,
        0,
        0,
        0,
        0,
        0,
        0,
        0,
        0,
        0,
        0,
        0,
        0,
        0,
        0,
        0,
        0,
        0,
        0,
        0,
        0,
        0,
        0,
        0,
        0,
        0,
        0,
        0,
        0,
        0,
        0,
        0,
        0,
        0,
        0,
        0,
        0,
        0,
        0,
        0,
        0,
        0,
        0,
        0,
        0,
        0,
        0,
        0,
        0
      ],
      [
        1,
        2,
        3,
        4,
        5,
        6,
        7,
        8,
        9,
        10,
        11,
        12,
        13,
        14,
        15,
        16,
        17,
        18,
        19,
        20,
        21,
        22,
        23,
        24,
        25,
        26,
        27,
        28,
        29,
        30,
        31,
        32,
        33,
        34,
        35,
        36,
        37,
        38,
        39,
        40,
        41,
        42,
        43,
        44,
        45,
        46,
        47,
        48,
        49,
        50,
        51,
        52,
        53,
        54,
        55
      ],
      [
        1,
        2,
        3,
        4,
        5,
        6,
        7,
        8,
        9,
        10,
        11,
        12,
        13,
        14,
        15,
        16,
        17,
        18,
        19,
        20,
        21,
        22,
        23,
        24,
        25,
        26,
        27,
        28,
        29,
        30,
        31,
        32,
        33,
        34,
        35,
        36,
        37,
        38,
        39,
        40,
        41,
        42,
        43,
        44,
        45,
        46,
        47,
        48,
        49,
        50,
        51,
        52,
        53,
        54,
        55
      ]
    ],
    [
      [
        {
          "name": "26",
          "rect": [
            111,
            582,
            110,
            145
          ],
          "offset": [
            0,
            0
          ],
          "originalSize": [
            110,
            145
          ],
          "capInsets": [
            0,
            0,
            0,
            0
          ]
        }
      ],
      [
        0
      ],
      0,
      [
        0
      ],
      [
        0
      ],
      [
        0
      ]
    ],
    [
      [
        {
          "name": "43",
          "rect": [
            777,
            0,
            110,
            145
          ],
          "offset": [
            0,
            0
          ],
          "originalSize": [
            110,
            145
          ],
          "capInsets": [
            0,
            0,
            0,
            0
          ]
        }
      ],
      [
        0
      ],
      0,
      [
        0
      ],
      [
        0
      ],
      [
        0
      ]
    ],
    [
      [
        {
          "name": "0",
          "rect": [
            555,
            292,
            110,
            145
          ],
          "offset": [
            0,
            0
          ],
          "originalSize": [
            110,
            145
          ],
          "capInsets": [
            0,
            0,
            0,
            0
          ]
        }
      ],
      [
        0
      ],
      0,
      [
        0
      ],
      [
        0
      ],
      [
        0
      ]
    ],
    [
      [
        {
          "name": "16",
          "rect": [
            333,
            0,
            110,
            145
          ],
          "offset": [
            0,
            0
          ],
          "originalSize": [
            110,
            145
          ],
          "capInsets": [
            0,
            0,
            0,
            0
          ]
        }
      ],
      [
        0
      ],
      0,
      [
        0
      ],
      [
        0
      ],
      [
        0
      ]
    ],
    [
      [
        {
          "name": "41",
          "rect": [
            777,
            292,
            110,
            145
          ],
          "offset": [
            0,
            0
          ],
          "originalSize": [
            110,
            145
          ],
          "capInsets": [
            0,
            0,
            0,
            0
          ]
        }
      ],
      [
        0
      ],
      0,
      [
        0
      ],
      [
        0
      ],
      [
        0
      ]
    ],
    [
      [
        {
          "name": "28",
          "rect": [
            111,
            290,
            110,
            145
          ],
          "offset": [
            0,
            0
          ],
          "originalSize": [
            110,
            145
          ],
          "capInsets": [
            0,
            0,
            0,
            0
          ]
        }
      ],
      [
        0
      ],
      0,
      [
        0
      ],
      [
        0
      ],
      [
        0
      ]
    ],
    [
      [
        {
          "name": "9",
          "rect": [
            555,
            584,
            110,
            145
          ],
          "offset": [
            0,
            0
          ],
          "originalSize": [
            110,
            145
          ],
          "capInsets": [
            0,
            0,
            0,
            0
          ]
        }
      ],
      [
        0
      ],
      0,
      [
        0
      ],
      [
        0
      ],
      [
        0
      ]
    ],
    [
      [
        {
          "name": "10",
          "rect": [
            333,
            876,
            110,
            145
          ],
          "offset": [
            0,
            0
          ],
          "originalSize": [
            110,
            145
          ],
          "capInsets": [
            0,
            0,
            0,
            0
          ]
        }
      ],
      [
        0
      ],
      0,
      [
        0
      ],
      [
        0
      ],
      [
        0
      ]
    ],
    [
      [
        {
          "name": "45",
          "rect": [
            666,
            730,
            110,
            145
          ],
          "offset": [
            0,
            0
          ],
          "originalSize": [
            110,
            145
          ],
          "capInsets": [
            0,
            0,
            0,
            0
          ]
        }
      ],
      [
        0
      ],
      0,
      [
        0
      ],
      [
        0
      ],
      [
        0
      ]
    ],
    [
      [
        {
          "name": "30",
          "rect": [
            0,
            874,
            110,
            145
          ],
          "offset": [
            0,
            0
          ],
          "originalSize": [
            110,
            145
          ],
          "capInsets": [
            0,
            0,
            0,
            0
          ]
        }
      ],
      [
        0
      ],
      0,
      [
        0
      ],
      [
        0
      ],
      [
        0
      ]
    ],
    [
      [
        {
          "name": "14",
          "rect": [
            333,
            292,
            110,
            145
          ],
          "offset": [
            0,
            0
          ],
          "originalSize": [
            110,
            145
          ],
          "capInsets": [
            0,
            0,
            0,
            0
          ]
        }
      ],
      [
        0
      ],
      0,
      [
        0
      ],
      [
        0
      ],
      [
        0
      ]
    ],
    [
      [
        {
          "name": "27",
          "rect": [
            222,
            730,
            110,
            145
          ],
          "offset": [
            0,
            0
          ],
          "originalSize": [
            110,
            145
          ],
          "capInsets": [
            0,
            0,
            0,
            0
          ]
        }
      ],
      [
        0
      ],
      0,
      [
        0
      ],
      [
        0
      ],
      [
        0
      ]
    ]
  ]
]