[
  1,
  [
    "90T1YlHIlKK6+MRxiorzIV"
  ],
  [
    "_textureSetter"
  ],
  [
    "cc.SpriteFrame"
  ],
  0,
  [
    [
      [
        {
          "name": "fish_1307_02",
          "rect": [
            477,
            398,
            471,
            426
          ],
          "offset": [
            0,
            0
          ],
          "originalSize": [
            471,
            426
          ],
          "capInsets": [
            0,
            0,
            0,
            0
          ]
        }
      ],
      [
        0
      ],
      0,
      [
        0
      ],
      [
        0
      ],
      [
        0
      ]
    ],
    [
      [
        {
          "name": "fish_1307_04",
          "rect": [
            0,
            0,
            477,
            412
          ],
          "offset": [
            0,
            0
          ],
          "originalSize": [
            477,
            412
          ],
          "capInsets": [
            0,
            0,
            0,
            0
          ]
        }
      ],
      [
        0
      ],
      0,
      [
        0
      ],
      [
        0
      ],
      [
        0
      ]
    ],
    [
      [
        {
          "name": "fish_1307_03",
          "rect": [
            954,
            0,
            473,
            424
          ],
          "offset": [
            0,
            0
          ],
          "originalSize": [
            473,
            424
          ],
          "capInsets": [
            0,
            0,
            0,
            0
          ]
        }
      ],
      [
        0
      ],
      0,
      [
        0
      ],
      [
        0
      ],
      [
        0
      ]
    ],
    [
      [
        {
          "name": "fish_1307_06",
          "rect": [
            477,
            0,
            477,
            398
          ],
          "offset": [
            0,
            0
          ],
          "originalSize": [
            477,
            398
          ],
          "capInsets": [
            0,
            0,
            0,
            0
          ]
        }
      ],
      [
        0
      ],
      0,
      [
        0
      ],
      [
        0
      ],
      [
        0
      ]
    ]
  ]
]