[1,["58WvXBgvxK3pBi4vR3HpLP","52xW2hx09GUI84KpWx31j3","47fh6lwLxBf6GCCCq2ktFL","48+keBpS5GGJxU7ZPOxrfG","5bUu0IZmZBG7E51Ri6+YWF","029QrqXwlGGZiNqokSBd3x","28gL2m8bRJIJMVxZgoE67J","39m7mAVZhDvaknA3/QdV+/","d3s9Tn7jdMTIRrKQf99N5u","286fquIhNPyKHRIAZjVq5R","echjh1zXhCrbu+zxoqE4EP"],["_textureSetter","ps_sweep_b_00","ps_sweep_b_01","ps_sweep_b_02","ps_sweep_b_03","ps_sweep_b_04","ps_sweep_b_05","ps_sweep_b_06","ps_sweep_b_07","ps_sweep_b_08","ps_sweep_b_09"],["cc.SpriteFrame",["cc.SpriteAtlas",["_name","_spriteFrames"],2,11]],[[1,0,1,2]],[[[{"name":"ps_sweep_b_04","rect":[1,637,96,157],"offset":[0,0],"originalSize":[96,157],"capInsets":[0,0,0,0]}],[0],0,[0],[0],[0]],[[{"name":"ps_sweep_b_05","rect":[1,796,96,157],"offset":[0,0],"originalSize":[96,157],"capInsets":[0,0,0,0]}],[0],0,[0],[0],[0]],[[{"name":"ps_sweep_b_08","rect":[1,1273,96,157],"offset":[0,0],"originalSize":[96,157],"capInsets":[0,0,0,0]}],[0],0,[0],[0],[0]],[[{"name":"ps_sweep_b_06","rect":[1,955,96,157],"offset":[0,0],"originalSize":[96,157],"capInsets":[0,0,0,0]}],[0],0,[0],[0],[0]],[[{"name":"ps_sweep_b_01","rect":[1,160,96,157],"offset":[0,0],"originalSize":[96,157],"capInsets":[0,0,0,0]}],[0],0,[0],[0],[0]],[[{"name":"ps_sweep_b_02","rect":[1,319,96,157],"offset":[0,0],"originalSize":[96,157],"capInsets":[0,0,0,0]}],[0],0,[0],[0],[0]],[[{"name":"ps_sweep_b_00","rect":[1,1,96,157],"offset":[0,0],"originalSize":[96,157],"capInsets":[0,0,0,0]}],[0],0,[0],[0],[0]],[[{"name":"ps_sweep_b_03","rect":[1,478,96,157],"offset":[0,0],"originalSize":[96,157],"capInsets":[0,0,0,0]}],[0],0,[0],[0],[0]],[[{"name":"ps_sweep_b_07","rect":[1,1114,96,157],"offset":[0,0],"originalSize":[96,157],"capInsets":[0,0,0,0]}],[0],0,[0],[0],[0]],[[{"name":"ps_sweep_b_09","rect":[1,1432,96,157],"offset":[0,0],"originalSize":[96,157],"capInsets":[0,0,0,0]}],[0],0,[0],[0],[0]],[[[0,"ps_sweep_b.plist",[{},"ps_sweep_b_00",6,0,"ps_sweep_b_01",6,1,"ps_sweep_b_02",6,2,"ps_sweep_b_03",6,3,"ps_sweep_b_04",6,4,"ps_sweep_b_05",6,5,"ps_sweep_b_06",6,6,"ps_sweep_b_07",6,7,"ps_sweep_b_08",6,8,"ps_sweep_b_09",6,9]]],0,0,[0,0,0,0,0,0,0,0,0,0],[1,2,3,4,5,6,7,8,9,10],[1,2,3,4,5,6,7,8,9,10]]]]