[1,["7anAqD5z5Iy6nHq6/GZrJl"],["_textureSetter"],["cc.SpriteFrame"],0,[[[{"name":"ps_line_a_07","rect":[631,181,208,178],"offset":[0,0],"originalSize":[208,178],"capInsets":[0,0,0,0]}],[0],0,[0],[0],[0]],[[{"name":"ps_line_a_10","rect":[1051,1,208,178],"offset":[0,0],"originalSize":[208,178],"capInsets":[0,0,0,0]}],[0],0,[0],[0],[0]],[[{"name":"ps_line_a_09","rect":[841,181,208,178],"offset":[0,0],"originalSize":[208,178],"capInsets":[0,0,0,0]}],[0],0,[0],[0],[0]],[[{"name":"ps_line_a_08","rect":[841,1,208,178],"offset":[0,0],"originalSize":[208,178],"capInsets":[0,0,0,0]}],[0],0,[0],[0],[0]],[[{"name":"ps_line_a_03","rect":[211,181,208,178],"offset":[0,0],"originalSize":[208,178],"capInsets":[0,0,0,0]}],[0],0,[0],[0],[0]],[[{"name":"ps_line_a_12","rect":[1261,1,208,178],"offset":[0,0],"originalSize":[208,178],"capInsets":[0,0,0,0]}],[0],0,[0],[0],[0]],[[{"name":"ps_line_a_06","rect":[631,1,208,178],"offset":[0,0],"originalSize":[208,178],"capInsets":[0,0,0,0]}],[0],0,[0],[0],[0]],[[{"name":"ps_line_a_00","rect":[1,1,208,178],"offset":[0,0],"originalSize":[208,178],"capInsets":[0,0,0,0]}],[0],0,[0],[0],[0]],[[{"name":"ps_line_a_13","rect":[1261,181,208,178],"offset":[0,0],"originalSize":[208,178],"capInsets":[0,0,0,0]}],[0],0,[0],[0],[0]],[[{"name":"ps_line_a_11","rect":[1051,181,208,178],"offset":[0,0],"originalSize":[208,178],"capInsets":[0,0,0,0]}],[0],0,[0],[0],[0]],[[{"name":"ps_line_a_02","rect":[211,1,208,178],"offset":[0,0],"originalSize":[208,178],"capInsets":[0,0,0,0]}],[0],0,[0],[0],[0]],[[{"name":"ps_line_a_04","rect":[421,1,208,178],"offset":[0,0],"originalSize":[208,178],"capInsets":[0,0,0,0]}],[0],0,[0],[0],[0]],[[{"name":"ps_line_a_05","rect":[421,181,208,178],"offset":[0,0],"originalSize":[208,178],"capInsets":[0,0,0,0]}],[0],0,[0],[0],[0]],[[{"name":"ps_line_a_14","rect":[1471,1,208,178],"offset":[0,0],"originalSize":[208,178],"capInsets":[0,0,0,0]}],[0],0,[0],[0],[0]],[[{"name":"ps_line_a_15","rect":[1471,181,208,178],"offset":[0,0],"originalSize":[208,178],"capInsets":[0,0,0,0]}],[0],0,[0],[0],[0]],[[{"name":"ps_line_a_01","rect":[1,181,208,178],"offset":[0,0],"originalSize":[208,178],"capInsets":[0,0,0,0]}],[0],0,[0],[0],[0]]]]