[1,["67StiT92VNLZwitxkxhyVk"],["_textureSetter"],["cc.SpriteFrame"],0,[[[{"name":"g_ui_glow_07","rect":[253,857,250,396],"offset":[0,17],"originalSize":[496,826],"capInsets":[0,0,0,0]}],[0],0,[0],[0],[0]],[[{"name":"g_ui_glow_10","rect":[1,1,250,436],"offset":[0,18],"originalSize":[496,908],"capInsets":[0,0,0,0]}],[0],0,[0],[0],[0]],[[{"name":"g_ui_glow_01","rect":[1,1755,250,118],"offset":[0,11],"originalSize":[496,262],"capInsets":[0,0,0,0]}],[0],0,[0],[0],[0]],[[{"name":"g_ui_glow_08","rect":[253,439,250,416],"offset":[0,18],"originalSize":[496,868],"capInsets":[0,0,0,0]}],[0],0,[0],[0],[0]],[[{"name":"g_ui_glow_05","rect":[1,1239,250,334],"offset":[0,15],"originalSize":[496,704],"capInsets":[0,0,0,0]}],[0],0,[0],[0],[0]],[[{"name":"g_ui_glow_02","rect":[1,1575,250,178],"offset":[0,12],"originalSize":[496,390],"capInsets":[0,0,0,0]}],[0],0,[0],[0],[0]],[[{"name":"g_ui_glow_11","rect":[253,1,250,436],"offset":[0,18],"originalSize":[496,908],"capInsets":[0,0,0,0]}],[0],0,[0],[0],[0]],[[{"name":"g_ui_glow_03","rect":[253,1547,250,238],"offset":[0,14],"originalSize":[496,508],"capInsets":[0,0,0,0]}],[0],0,[0],[0],[0]],[[{"name":"g_ui_glow_09","rect":[1,439,250,428],"offset":[0,18],"originalSize":[496,892],"capInsets":[0,0,0,0]}],[0],0,[0],[0],[0]],[[{"name":"g_ui_glow_00","rect":[253,1787,244,54],"offset":[0,9],"originalSize":[492,126],"capInsets":[0,0,0,0]}],[0],0,[0],[0],[0]],[[{"name":"g_ui_glow_04","rect":[253,1255,250,290],"offset":[0,15],"originalSize":[496,614],"capInsets":[0,0,0,0]}],[0],0,[0],[0],[0]],[[{"name":"g_ui_glow_06","rect":[1,869,250,368],"offset":[0,16],"originalSize":[496,774],"capInsets":[0,0,0,0]}],[0],0,[0],[0],[0]]]]