[1,["84bphIQG1C247GbowPxSx6"],["_textureSetter"],["cc.SpriteFrame"],0,[[[{"name":"bw_bg_coin","rect":[533,761,719,333],"offset":[-5,-5],"originalSize":[1443,673],"rotated":1,"capInsets":[0,0,0,0]}],[0],0,[0],[0],[0]],[[{"name":"bw_bg","rect":[1,1,758,779],"offset":[0,0],"originalSize":[1512,1559],"rotated":1,"capInsets":[0,0,0,0]}],[0],0,[0],[0],[0]],[[{"name":"smw","rect":[868,761,517,301],"offset":[-1,0],"originalSize":[1037,603],"rotated":1,"capInsets":[0,0,0,0]}],[0],0,[0],[0],[0]],[[{"name":"mw","rect":[749,1482,497,321],"offset":[0,1],"originalSize":[995,645],"rotated":1,"capInsets":[0,0,0,0]}],[0],0,[0],[0],[0]],[[{"name":"mw_bg_coin","rect":[1,1521,746,381],"offset":[0,0],"originalSize":[1488,759],"capInsets":[0,0,0,0]}],[0],0,[0],[0],[0]],[[{"name":"bw","rect":[1072,1280,643,183],"offset":[-1,0],"originalSize":[1287,367],"rotated":1,"capInsets":[0,0,0,0]}],[0],0,[0],[0],[0]],[[{"name":"smw_bg_coin","rect":[782,1,758,457],"offset":[0,0],"originalSize":[1512,915],"rotated":1,"capInsets":[0,0,0,0]}],[0],0,[0],[0],[0]]]]