[1,["e44B2sJghE95lFOwevrRlO"],["_textureSetter"],["cc.SpriteFrame"],0,[[[{"name":"smw_coin_b","rect":[1,335,694,1105],"offset":[-1,0],"originalSize":[1384,2207],"rotated":1,"capInsets":[0,0,0,0]}],[0],0,[0],[0],[0]],[[{"name":"bw_coin_b","rect":[1,1,688,215],"offset":[0,0],"originalSize":[1372,427],"capInsets":[0,0,0,0]}],[0],0,[0],[0],[0]],[[{"name":"smw_coin_a","rect":[1,1031,741,993],"offset":[0,0],"originalSize":[1479,1983],"rotated":1,"capInsets":[0,0,0,0]}],[0],0,[0],[0],[0]],[[{"name":"mw_coin_b","rect":[996,1054,745,776],"offset":[0,0],"originalSize":[1487,1548],"rotated":1,"capInsets":[0,0,0,0]}],[0],0,[0],[0],[0]],[[{"name":"bw_coin_a","rect":[691,1,575,332],"offset":[0,1],"originalSize":[1147,660],"capInsets":[0,0,0,0]}],[0],0,[0],[0],[0]],[[{"name":"mw_coin_a","rect":[1108,335,717,849],"offset":[0,0],"originalSize":[1431,1695],"rotated":1,"capInsets":[0,0,0,0]}],[0],0,[0],[0],[0]]]]