{"paths":{"0":["Audio/bingo_infoboard_add_2",3],"1":["Atlat/Alats33",2],"2":["Img/lines/line5",2],"3":["partical/ItemSymbol",7],"4":["Img/01",2],"5":["Audio/prize_payout_line1by1",3],"6":["Audio/bingo_winline_3",3],"7":["Audio/bingo_wheel_in",3],"8":["Audio/prize_smallwin",3],"9":["Img/wild",2],"10":["Audio/bgm_bigwin_end",3],"11":["Atlat/Alats19",2],"12":["Atlat/Alats31",2],"13":["Atlat/Alats17",2],"14":["Atlat/Alats21",2],"15":["Audio/bingo_wheel_spin_single",3],"16":["Atlat/Alats15",2],"17":["Audio/spin_reelstop_single",3],"18":["Audio/bingo_wheel_out",3],"19":["Audio/list_item_click",3],"20":["Audio/prize_mediumwin_counting",3],"21":["Img/bgGame",2],"22":["Img/111",2],"23":["Audio/prize_payout",3],"24":["Img/lines/line1",2],"25":["Atlat/Alats34",2],"26":["Audio/bgm_feature_end",3],"27":["Atlat/Alats22",2],"28":["Atlat/Alats27",2],"29":["Audio/wallet_counting_above",3],"30":["Audio/bgm_mg",3],"31":["Img/lines/line9",2],"32":["Audio/bgm_bigwin_out",3],"33":["Img/1",2],"34":["Atlat/Alats29",2],"35":["Atlat/Alats7",2],"36":["Audio/bgm_bigwin_cue",3],"37":["Audio/bingo_winline_4",3],"38":["Audio/bingo_winline_2",3],"39":["Atlat/Alats25",2],"40":["Audio/slider_effect",3],"41":["Audio/bgm_feature_loop",3],"42":["Atlat/Alats32",2],"43":["Atlat/Alats28",2],"44":["Img/lines/line2",2],"45":["Audio/bingo_infoboard_add_3",3],"46":["Atlat/Alats16",2],"47":["Img/denlua",2],"48":["Img/launch",2],"49":["Audio/bingo_multiplier_number",3],"50":["Img/lines/line7",2],"51":["Audio/bgm_bigwin",3],"52":["Atlat/Alats4",2],"53":["BitMapFont/boso-multiple/boso-multiple",2],"54":["Audio/bingo_winline_1",3],"55":["Img/bgwin",2],"56":["BitMapFont/boso3/boso-33",2],"57":["Atlat/Alats1",2],"58":["Img/Button-btn_minus",2],"59":["Atlat/Alats26",2],"60":["Img/lines/line3",2],"61":["Atlat/Alats2",2],"62":["Img/lines/line8",2],"63":["Img/sonhanthuong",2],"64":["Audio/bgm_feature_begin",3],"65":["Atlat/Alats20",2],"66":["Img/lines/line4",2],"67":["Audio/bingo_infoboard_add_4",3],"68":["Atlat/Alats24",2],"69":["Atlat/Alats8",2],"70":["Atlat/Alats6",2],"71":["Audio/bingo_wheel_startspin",3],"72":["Img/Button-btn_add",2],"73":["Audio/spin_btn",3],"74":["Atlat/Alats23",2],"75":["Audio/bingo_infoboard_add_1",3],"76":["partical/Galaxy",7],"77":["Atlat/Alats10",2],"78":["Img/03",2],"79":["Atlat/Alats11",2],"80":["Audio/spin_reelspin_loop",3],"81":["Img/lines/line6",2],"82":["BitMapFont/bs1/boso-1",2],"83":["Img/sonhantong",2],"84":["Audio/spin_reelquickstop",3],"85":["Atlat/Alats30",2],"86":["Audio/menu_icon_press",3],"87":["Img/02",2],"88":["Audio/bingo_block",3],"89":["Atlat/Alats5",2],"90":["Img/launch",5,1],"91":["Img/lines/line4",5,1],"92":["Img/03",5,1],"93":["Animation/showLineTopWin1",0],"94":["Animation/showLineTopWin2",0],"95":["Img/wild",5,1],"96":["Animation/waveBigWin",0],"97":["Atlat/Alats15",1],"98":["Atlat/Alats25",1],"99":["Img/lines/line1",5,1],"100":["Atlat/Alats23",1],"101":["Animation/line6",0],"102":["Atlat/Alats7",1],"103":["Img/lines/line2",5,1],"104":["BitMapFont/boso3/boso-33",4],"105":["Img/lines/line6",5,1],"106":["Img/bgGame",5,1],"107":["Atlat/Alats4",1],"108":["Animation/hover_glow_b",0],"109":["Animation/hover_glow_a",0],"110":["Atlat/Alats17",1],"111":["Img/02",5,1],"112":["Atlat/Alats31",1],"113":["Animation/spin_sand2",0],"114":["Img/lines/line8",5,1],"115":["Animation/line2",0],"116":["Animation/glowspin",0],"117":["Img/sonhantong",5,1],"118":["Animation/fladeAnimationTop",0],"119":["Atlat/Alats5",1],"120":["Animation/line8",0],"121":["Img/sonhanthuong",5,1],"122":["Animation/waveBigWin4",0],"123":["Atlat/Alats29",1],"124":["Img/Button-btn_add",5,1],"125":["Animation/flareAnimation",0],"126":["Atlat/Alats16",1],"127":["Atlat/Alats27",1],"128":["Img/lines/line7",5,1],"130":["Animation/topSymbol",0],"131":["Atlat/Alats33",1],"132":["Animation/wildBg",0],"133":["Atlat/Alats2",1],"134":["Atlat/Alats1",1],"135":["Animation/luachay",0],"136":["Animation/line7",0],"137":["BitMapFont/boso3/boso-33",5,1],"138":["Img/bgwin",5,1],"139":["Img/lines/line3",5,1],"140":["Img/01",5,1],"141":["Atlat/Alats19",1],"142":["Animation/bigwinBackGlow",0],"143":["Animation/scarab_cuclon",0],"144":["Animation/scarab_bigwin",0],"145":["Animation/waveBigWin2",0],"146":["Animation/line3",0],"147":["Animation/info_glow_c",0],"148":["Atlat/Alats8",1],"149":["Atlat/Alats34",1],"150":["Animation/line9",0],"151":["Atlat/Alats11",1],"152":["Animation/line1",0],"153":["BitMapFont/bs1/boso-1",5,1],"154":["Animation/waveBigWin3",0],"155":["Img/lines/line5",5,1],"156":["Animation/arrowRotate",0],"157":["Atlat/Alats24",1],"158":["Img/Button-btn_minus",5,1],"159":["Animation/info_glow_b",0],"160":["Img/lines/line9",5,1],"161":["Img/denlua",5,1],"162":["Frefabs/AiCapSymbolTop",6],"163":["Animation/showWinSymbol",0],"164":["Atlat/Alats28",1],"165":["Atlat/Alats10",1],"166":["Animation/line5",0],"167":["Atlat/Alats21",1],"168":["Animation/line4",0],"169":["Img/111",5,1],"170":["Animation/infobar_mp_glow",0],"171":["Atlat/Alats6",1],"172":["BitMapFont/bs1/boso-1",4],"173":["Atlat/Alats32",1],"174":["Atlat/Alats26",1],"175":["Atlat/Alats20",1],"176":["BitMapFont/boso-multiple/boso-multiple",4],"177":["Animation/catroi",0],"178":["Animation/spin_sand",0],"179":["BitMapFont/boso-multiple/boso-multiple",5,1],"181":["Atlat/Alats22",1],"182":["Animation/scrab_sieulon",0],"183":["Atlat/Alats30",1],"184":["Img/1",5,1]},"types":["cc.AnimationClip","cc.SpriteAtlas","cc.Texture2D","cc.AudioClip","cc.BitmapFont","cc.SpriteFrame","cc.Prefab","cc.ParticleAsset"],"uuids":["00Q7CiIu9C/5Ek42ix57bS","01jQkwOilEVqCBDzu7Om0O","07be4TzJVAiorT4mpgGt+T","08QFZ6o9RMeq7CakD1Ohrn","09AWeBghNIFpx08R6KcbP/","0cEf5ve5pGv4RmrXfhrRfn","0eF4CLbn5GjYBBMcrMXGd1","10F+uTBIlDpr65FQaZu/Sg","12badLg1VNuLN0iGyz5A0t","14IIgHBu1F75fYEMPIjrEz","17xQTMvHZNXrfqvAqY/Y84","1cQiysfWdHE5xWuwof4EtG","1cx/OM5SJNXbzwTk5CUSGO","21BvPTwU5CTY+dInL0Az6Q","26igAPeiZOILMuPsd/uQ8G","29pcsxAm5Hxqzb3hwFa6jf","2agSUKBGFPZbQZWLUPW95c","2cEEP0GodPiZxSrdGS8teo","31jYrriKhHnLyTZh1dWJCJ","35QEZeTRVBY4VMYEw3aFcx","37XF3uH1REBrNcsXTrY8Sd","37150Ei0lOlYuqsq6WjLAd","39oSjctyNIqYe8dKf5mF+L","3bNXnBwoBIqYVebYIr0Cwp","3b0O7xE71HWZCDYTTUgnyF","3fCDuZOvxFk7WDWZex1FvK","41koyL6t9GfYc88o5lBAdG","4bI56vw29OdYw7e0gMi4s9","4ehYdDmpJO3YWZbNmgv9b7","4fRYA2J5NJY6oBoS1UipdM","52BUWPIT9NVr1TbRvqTfCe","52TYsffANGlqy9cjOmsPRr","52YeNJRflNr6OVykOT8AOc","55xae0nJ5ELp8pcO8P8qPj","5c3LAuJi5BpKnXNh+cTIo0","5dHU9jlLRBcKyGBVWnp5MY","60UN8m+ExLiZkAaKoFCT34","62DDgbiPVPwIILMfWn8IZx","67J7LoAqxOeJkiQAzS6ZXF","67/SKtG7hJVo9kR6wnd/00","6ceFktSKpOf4P3qmr0TE1X","6fJJA28bhKbKc2GaQi5U1X","70BD+p3I9OVqc2bHSfwcgB","72H7Y+dKdHP6tSCfRmIW20","7eP7Wt2Q9LY5HtB0472I1+","82wnb1OqpN1Y3axin6/1rm","89S5atkG1H/KvwO+01yVEc","8al4lNap1J/JudV3mIpbV1","8blXppIWBIbLE8rYmSj9+A","8cZSxtd5hGaLBvRqNFjxr3","97KDtO8oxIJqI6AaXlRTPl","99OwEQEpBPvJGKjvBx4o05","9cXCnGSPhAW6akNPrdHHaC","9dhVpbZqpI36L0M70ZxiA9","9ehASajvRB/LzRXY3a7TNr","a4bav78NBHabzZG8z4Jy45","acTKsbeQdOZ5DoOtdVNYdN","acXg0Y7NFAjYn+E6Y7PwBr","aeG3oM/1FLv69uHqFfVbCJ","b2mkK89WhCgp/nZ7YopK2a","b4vGVvEtFGUIJv5g/TxOB4","b8vk9AwklJ6aFf58ZzUdZs","b9vCVLJHtG8JqRxv+TiAXQ","baCGZFgMROYa2MZHfDEIr6","bb/Cw1Fm9H/5HVFEyGmqr0","c3AfUyhgBBGr44Mysfs2VJ","c5SWQGeu5B9IoWIK8I/tFb","cbWN0jiRlGQ5IkepAlaBov","ceT8TNkRxNL5rgF8MiisN9","d06RCNOcdC+rut9g3CqEe1","d3ZJoRqaxEX5IIJJJlddJ5","d4swXRqEFH95GKpLoDLo3c","d52Z0YtE1BmZyQn3xjl0KV","d9hdYJF8BKq5SK4ue2K1VZ","d91kNWv0lMObX159uNyJQU","daPj5adeNEwKMxFcfeKt9F","e15SSsgEZMBIS4A5COiBMF","eauBfizFFCW743gt+EUi0X","ebqKvcYP1Bn4lMDDs1XOdC","ecgtL1jKZDRZAYq6nJi3Rh","edtmu6jBVH4aRr3EFfqs4/","eedTslVC9LCIFegTLpgGRm","f1BaUsbcJAfbdzayYeV6nr","f2U6sIEr9A6Z1qljRiDaTX","f38wCJb19ANL/2KhD13LO4","f4FGUX3SBO3qq58Zp0Yx/d","f6AkC674tMc5dxpyk7JYhm","f9UTYhm1xG6bbgCOACiY1R","fbOvuYHiVCWaZ5AM94mKfO","feFeLL3MpBg75y96KbE/pb","00DhAexp1P24Nqfu5KD/a5","01B+eeadxGbYoj+Ek5OhNS","0eB1NXfj5CSZl9awgpbSBn","10eC6DJiFCt55+hMLL7tqu","11B2GFBatJn7nrpM4FDMne","20MTKlYulDNpZAnPcj2KBO","20geEdHspDYIcl9He6Wdym","21f+colDtPIauCpcf1q1An","24RK4n6rxBCKsaN6AsGIxh","25VpgiTAdHlKUilUya6V87","26GakKVbVAP5JBBI1HDAgr","2b/dT/c0FDnYHGRXnB1D8V","2fmdCbHQlGwK+skMjsCyDZ","33h3BDVv9PnK0vD53RZOoM","34z7fK0/BLtrrR3iCEqqxD","37tS1oBGpFvLRMEMryXU1R","3b5uFFO4JKgLHUMkhUl4m5","3ec9XXcuhKA4z5SsAvXw7i","3fkp39eGRJ3Z8LRkxannla","43gToj5cxJg54Fvcxyz7fB","46F61s5DVMu4UkAAj7OvIC","48b7GqViFA250bFf4sJgEn","4aNhwI4jhH0Jx9f9jkAlxD","4bfl5vmldO36VcNyUJjUs6","4cLGvT1RdHc4TKQ3gW7IH4","4c8torKsRAjopH0PxKABUa","4ecEDjyGtIw63xjo7XEpa7","4fyIP9E6hGo6k/WGEsiGVB","55w13BuUVAE765Cr95XRz0","553bG5VBpGsrvrJrVMjbt1","58t2Qv8ZJCCaD6q4tPqDh8","58xX3Z3s5OAJ/5WCT27UFd","5dxgPW65dN9JfwsZfeilxU","5engDg4YBKIaqdEGnLpquF","61DX+TkqpIRahOvFf11RO3","63Ox21nypNfKwMZ9pckdbW","65d+UTd69D0b3SoEvHmpzN","66s9t+EcJAsowdZwnL846B","6b5fLuVNdJ9b0XzXmKv+5N","72Je9RDSpN15BAZDefDVrh","74xMSbNdJLVa9zO0ZLVNKL","79UjLYWxpGW6E/jlF1rAiP","7a/RCBQf9KHYwv62Ft1p6G","7bHHsjlpNDRL9NdRujNSPN","7dJY3P7ghDK4kwTP48O61O","7foeN5iDJN8I6XWzuoQ7kC","80pThl4wZHc5ZB/VmsgLa7","850egTjr5PNJ88PxpNjXVe","8624c43W9ByrHRoqUYjW74","8bkbIunIZMlY/uWxhKSiNF","8cJdQxvrtKfrvNuVePAWh+","8ceCnBSM5OPIDKgNDNcl6Z","90GqqwIgFCIKmroYQEQj1u","94trqUXUBDWK2FNs5tQT0w","971K97jLVIYo680Y/Yg500","9aFhKM2+hKObvN7Jtueuf+","a0xmvZWlNCD4YS8YdJFTPu","a2h4T6T9xEPpXskLoIfoHq","a5dr4c1GNMfZIT4449RcLy","abRfULLdxEXYg/dFOXXI3L","b0AJFQFeVGT74LkWnmEVJq","b5Nm86vj9Ct5EHH7GrwKmb","b66dXPW8NGVbQ2PMf3zgAF","b7VY1Z+bpJ55HZU7sVq/ff","b9DBBqzZtATo6bOewXVveK","bbEuee/+BBnY6/cguSU/+K","bcRpE8oV1LK7E1LTXTYTb4","bex73XisFHVpNhtrjjqNqC","c1T+7dnoFPOb+NK8zNDbXW","c1wNNtCttBqK6GQRPvt7gP","c2Y6lUE0xLi7OWtIpaLA9d","c2p1Zt4SVIkaTMMDnIdWFa","c3ifUgNV9B+oGUzU4YWNtA","caY6QBbItAwJZ9Y4yAdIqg","cdMuLTZTZLZZIdY9q+dLte","d0KGJ58qhGIpUn0E+fDL35","d1GhKFypNP/60VaZvBP3ia","d4/tOsqFdCYJUg4HIw/Dft","d5S4QVTKpLZJ9KMOpMLwLX","d9l9yCanBLW7PXktH+MOZ/","df9u0JsmtLYLbKi/PeOvUa","e2S8Q3NLhO+L2UhFoUoQiV","e28KkVsFBE5YYid5vBlrYr","e51bfxRdtLZrBLjwkU3ido","e6GsYQD3dKBodbua7Q9DN+","e7gd8l0h1HJbhIMt974gmu","e9Ee9ceUtMbpy4fbqi6Vli","eaYfwL+61CCY9LBNblJqnm","ebu0QYu8tBvZlKAb0EKwEt","f1YHgpqy5CQofgs1z5Uovg","f2+6cAyDFJsbT3BwIjNOWK","f64EyFLUdEFZNZfBupxhch","f9t1bSKc9ESp8NcFRNFytI","fbInJbGx9Ftp8cB9oZ4oIp","ffmMiodexE/oT83rfqiius","00DkdvI6FNmZEOE/eQzmOf","00Fq2SsdBLFY3G3THSKzNO","01gyy2Qy9IxriLXCtUQHan","02DW90A6RGgZ2Sz8sKcc0u","02dsTkXf5D+pLisuYcRDbf","02eg0kEnpO35wLhPecPrk0","029Sv7EgVIqYr83WxDAPVl","05FDjbw69Eh4RHUncX1Bnq","05cYoBX91Ozp6rmghtLGDR","051HIMWGJNMoTgmdaeR9rW","07D7us1XhFR6hwdFrpAfaW","07rlj1Rs1DiqrGWgLZpgwa","07y/OEIzdH7ZrVz4teLnCq","08rqzgwn1OFIIgg40y66rf","080d0CaV9E/JlKGtfA+0C4","0aLpO7wtxM64VPIQfHSn14","0aMWoRiQJBZ5k3FKelj6PL","0aNffjQb9Fro/Iw6cEqKPx","0brenfeGhIGLHI5gyZvQ+k","0ct47fxChLx7aQtyiJ5fVG","0d0PAEvL5KLJqWyeLMqUPO","0e1dq7TINGO4l1yV4TFK+z","0fSZ9ZNulHk7XVp6unhPQK","10ViiYirxOgbvRklzoBk04","10r8wneMVO67MuzG//udG8","12GospibdGhryudf0cON0u","14syQwlKZDsKBDebUHd4Or","145x/DlBNOEKujYgCYErdF","16GTKnNFhIyIoA80jWC+1N","16Q9032ApBQYY+afbUsXy8","16XjgFeP9I/J1St9CGzATn","16fo9zl8NL6pVNXHoP3j4M","17OzGbzRxJNoqtguiUVodv","17xI2NkDhEOaUQ3jYa93mz","172b8l9+hHQ5v7djZLV56L","18wRm2zRBMmIQedbpbQV55","1bAdhnWdhLwZwsstOgLp+0","1bBNuPnShFEbuC1uDj0skO","1bvffnBYNJZrBic8Gjiii1","1b/RcYu69LV5xLJqHNK9J+","1cptRAAohM/LlkxB7csFHi","1c48HOY5JMF4NTiEbKh8sK","1dDEb+4hxJVINHMlVbHVMd","1eWjVUWxZGDL4SUBahqKpX","1fAAkkO4tEd7WuxKRiJdeg","1fE75l4HBFO74jSLkCuZ59","1fYM7XMQRLQoDZ/jlTxzB2","20Wtu4znZJ/6yqEvXhn+u3","20uZ7kHRZAWJ2XWiSGODS/","22CZq1SDRCb6JAR7hjjUXv","23s19DZh9F8IAieCOE+LS6","24q669/AZE+IZYxtWDKV/b","24vNd+JDBGULlkgDcxgfON","242t4OByVH5p6blsDwEMql","25JX30eW9Gc6OIrffj+DxM","25OjtvqcFA84I68ayCX8/y","25362kNHRNipsfhM7g6RZ/","27AssMSP5NsIh7ivXZWX/G","27vbb3PBJAEJYfRVV0kFZz","28G5mhUXpLAoXxq0hhS3aT","28lxdX9KJNRYUIwehYChWq","29AqkSnTlCB4Qf0ioJTzvY","29FYIk+N1GYaeWH/q1NxQO","29UInsCHREHanA2IhK2Ixn","2aF93cQKpGToGhX6n/fyN4","2aq0dREixBq4PD790qG+Ld","2cMJ3a9PNFbo+zYlEzFoyI","2cthkKb7dMGqlrT/rNkJNn","2dC15FTMpEpa8CABU9uYoe","2dcPOaoThH5KMfqM2E+xgk","2ePGG8k4lA67IFQoxvUaHb","2eXnQlZmJMXKYfJZhB4K+A","2ehQFrzolNxaoarey32YJu","2foqc214NDiLMyyI+LtGHV","30/TnGl1dDm6/cUUYfpxbi","32AqVbh1ZCpLB1QQEU3qPU","32SDgOvZFHaZhBuNU7UrCV","32SS3fADlBG4Xpfk0Decud","33dyHjcSNLEpEesStAvrt0","33wmy6S+NIDo7lPoOWvY52","34bWa0ESNJcK8leTUDqjYP","34eMFd8ZlOMrlnPKlchmYA","3593GCNApEjKLgfbUqQ1mv","36Htxx7+pK7qeEMSz6suAE","36lCRkTGVII4NX4WpHghRb","3638KW+j9Fias9eF9bISCH","368x1nxURMxIkxRGKQaSlu","37pWAW41RKHI8O5Sc6f+K3","37+VodaF9MfLrEm2pjeNcD","38CzLssPBAl4EwJhCnjSOR","38dmUQTx5GuY4jru8GKkvS","38fXuEYW1OvqaQdHMY9VIw","38ihYRwLRLt4Z/nggwXQEN","38phyNSflJBK0xECWdQklL","39JFlaR1dKn5SCPqZqTttM","3aZpnwiGhOUIeL6/2OiIOk","3ae7efMv1CLq2ilvUY/tQi","3asI2ItnpK0JYXBeanGIZR","3bG1WKNvBBSJXyj0KExJqK","3bQjbu3Y9By5QrFZOeae7V","3cb9TL+QhBVr4oEhrnIS0t","3cpnyJnz5N36MZ5w9GcSPu","3cygBsxKBDX4zbDmwTRWKT","3dPh7fCZJI7r+wuMShGll/","3fEY7bY7VAl4aHUmDl8ihw","3fb4xzAl5E+awNrMEWaBwy","3fsf7a5NRNR4n+6w3XMYRK","40zfGyVwRNfJh6e86buHqZ","41zzqbxvhJGZeX39Y7FY3A","42Myv4N9JEMbEvXt6vyxsF","42shdq3b1AWrE9CBabL/6t","42vTf+bz9BCbMM6DaD/LIS","429T67ZqhFFYhoCGTuEYTR","43P66EfqtNqa6E8OTndNXG","44BlCIH+pH8LDjGzdGcSue","44EGJbZiVKgZWpi9GmWNMZ","44wvvp3rpDBKQuTPbGmcbK","443OKOToJP9bimeeQDqjdI","46DyugGxdKrazabHz27mGD","47nrXVRS9BdpPHxJAZPI5y","48pB1wAlRJRZ8rmPFVuazh","486HEzmB1H0JN102bx9TZj","49qYfCM7RNiZ8SzwwE1P3a","4aedjn5bxC65SkODF7ua5f","4a+tlkZkpEzbD/VlQW9J2w","4bM3fv+alLo74+eAlFlVyE","4b0C1p1spJ3rpsJL1exPNB","4b5CpcBLlOcImaDQGpgPYZ","4cLp3cQFlBc7qqk0BKXnKP","4ckQBCvLFEW7KXoGfrjIlQ","4cyW9FqgtEo7UKKNIaWHct","4dfiHF17ZCqoLaWN0pqWde","4fBClebTZCu7FyS7KO6lUR","50OlCEirFPSJnniAa24alC","500jXKU+pJO4rtOeaErP/s","51IkKw+UFCHaaG0N8iNqQX","52DxXrmolCX6d18qryqTQX","52zcfn8qtLp4+ufo4IaKxn","528uapoixLsLkMBQDclg3r","53Wf916xJC+5gT879JqvPX","549xxZkKdHj7Havb5d4S4p","55ImZfaY5JHJHpygeGahfh","55huvrfUFKnL8fSL4+L1ks","55iuVqjupCwYBoutLyR94t","567v38iDlCy6iVqs05EhFW","569VBFCy1DRJKkWuuWLcfg","57sJIR4A1AqJ3R6G5MIiB9","59vgKfczlEsqthc9Pneonu","5aSvC5lVNFJpeIv3ZuY6he","5aqV10ofZOkYH1tU5OxXWM","5bLdIIP81BOZA+wMhf5Eum","5bpgieNTBFSJup61GedGc+","5b8MdoL8pNmoIyXN0ihH99","5cGvJ3UM1Ph4pGVDm08tRU","5cO7kybDxGj4ipyMYdRYZB","5cXyOIJrlOj4BNu8jPGBCE","5d/dI74SNH+pv1QY/Mg2Vs","5erGdpDk1AvbcMmhB94+3X","5f5dyqtRNNxaFmVzYns6FZ","60BHCxofpGUJ6TXaYLXx8X","60F5+UW1BO2LYQtdoCx9wK","60nTEw8hVKR4CDrC3Sn6+B","60prV7KnlLeYu1Yb9KzcLd","60z/360uhFpplFIQJTySni","61BCTuNtZMdIAs1LSPMJvO","63VaefRN5J0IRzvaS6hyTa","64iPH41fVLP5r0PqNL6/CO","64qnMFZfFJEpGHfP9EnIo0","65EBsl5WtP1ZMli7qUfXWr","659U7OyPhEroKBkm7xSbh3","66xeUcjhNJwqiaJ4Kzme6E","660ltNMxhEqY1y643JzfRx","67NHq48D5MdrRh7DIIUKEN","679dW1y7hMNoysF5fNkHmj","69RHXSZs1OioGwizx0x/NX","6asoO+1UBMw6pFg4ctfINT","6dMDtKjzBAAqgbWYGp6dsY","6dMMt7NCdHhaZrMlXXtZj7","6dP14HRBJAqrKix0lDf1Dw","6db8YQZWFJvpQvryzJoxN4","6d1MleY81Mz495w2Zb31Y4","6eAr3eNwtNRLp8DKgTSSKb","6eP/qixyNJP5AkEQKJCyog","6fKsdm2JdNVoyODDp7/iCb","6fP3r7E7tCIYFA9Hgy64RX","6fcT0aXFpKrYuTcjrH/QhG","70WIn1BepGkaCjiNn6lNNO","70XKAh1FtAcpatdMHI6vWg","71fQxDpyxJi4zt8XREPW0i","71tQZP0WhBxLNN9bdZuoVi","72UPd0WhdAJKCplkmKSeUX","72a6MuKM9FlrmW0eyeC0oH","73bXAXhIBHtqcTivVQ30Q9","731Jvo7w9FBqP7R+WbkfdH","734dPRL09Iuqn1bHXts+KF","75CorIf45DzoGuSsjJuJ/t","75GLPTVzdADINUIkzkpwR/","75xyWUEX1BGZiKwzW6wudP","76kqvKlAtI3ZSIAtO15KI+","76w/1vqqZDqK45AZSVxTvt","76y640IyVI4bE0/e52mIi6","77QgSncxZI17LxtmCWsXtI","772XwyQZhLaaS19sHU1Ozk","79M9ZUf6VDpKFfTmEI2aK+","79fR3p30FHOYcErfDPEyWK","79h3qL6xFE6IqJ58YeDn1J","796lj9Gu9M9aweYzStdr4j","79+76p4HhAwqyLZKvtgphM","7aHrS8t4xI9Z0TUgxb59KL","7aS27yROtJ9qfS+jcxbqJc","7acnuLX5hF5r+WgkMo+v9M","7aqTTds2hAqL/1uknASC2r","7b5qyq0k5PtqiE+EQpdxmM","7b/qTD3glH7aCuhz/vO1hb","7dnD34N9hD6aWz7J6PXn2+","7eve9ma75AYLBCRtolDbvB","7fOYhqN/hNJKvx4x5G+ddr","7fc3xA5yRLt4gbJWvvVh1d","7fiGPtKcdMKqPuOssv16g8","80dJPQVV5GOqpxzy+kvZI8","81AXZAroBKEoDNzKDeA2av","81keLjdItFhaxltkJZ84/6","819Y+I5ABIsJVsPJ244lQf","822Hua7M9P7YTODeoDYT8j","83KXQsBBRG74v6+gBbpOMt","837iOmUcNDAoSr7NHWHKSb","84dnKq05NEE4fVA4MzoLcz","84ekTGzy5CjrXGvD6C3qke","85tqpujq1LSZ2dbe1Uvqtu","86IH11pDxJhpgANPjh0JGp","86mqJBKutAZrjs3HxrDglC","87o94lZxJBTokGNjkIL+xa","87xMLoFnxII5uGNFFC6PKm","88I3LAALpPRZCUmtpyfbAC","88bDsgVVxD8ZuUseIWbNc/","88kCSd4eBOeK3PaXc0h2tK","89jN36RkRJGrhnnU39ZFfo","89jhhPEIBHEJHqSY2ZGF9+","8aDkeqmu9DhJz2hZlz0V91","8aMPfxe2pMjaDtdTp+93+n","8aXCtuknNCm5z0v5mnvtsu","8a4U63UaRHL49/J//igT6X","8cHprJjIxHnJyI0/TGKApb","8co+hM7kxKrb7ebuMX4uPV","8czj34T4FMVKVPhsdWStaL","8c1NPVnZNO9atgkHTASTlA","8dyyddYr9IWowNOnsV8Frh","8ecIrxFdNIW6CZdPYaaADW","8ec4K/Uu9II7nAFnmQKa5S","91pIS/wwxIn5h3/FzVEZC1","92CY50zRNDnZedAMKrfTDQ","93ZEMAXbpPuY9Nvlahy3xg","95sYRLLb9FkaRjgljLGWty","96GZhEGntNF7nKoHnG9zZF","97g5bN+cpHkrumee05zc2z","98auMdzQ1FwLpaGm9L5sAE","98iqQakvFFloTiBxie4sx4","99C3DqRyRJ+ql83LDg8/V8","99iZvzriVFCpvl2va4ji6g","99lVXz3c5KBa1TyZ0z3O6Z","9979ulraBAZa4M4HpteLew","9cyppLfmtE84gmeBqT8elX","9dOiBGkqpCSZ5HgH5bBl+E","9dzVtvseVCMK8koya/tbjg","9eHp8e8zxGh47EDZysx/wL","9eRBtz86tAAbjk+gDy+LYB","9fCB0d229HcIC5oZXzXm1I","9fsJTXYv5EN5FEWJleWr6i","9f77fJ7sFCep4NRfF7zXeb","a0JQTgF4FIrZ2RCOwGJ+bu","a01Hp/d3ZK5LJ9XpMCN6MT","a10VE8z71D2IJJXKSouajD","a2MjXRFdtLlYQ5ouAFv/+R","a2Omdb4MNO7a4HUWx8arZR","a3K05m/plMeILSxQNni3xY","a3ii62vnJJfKxd41iX8b75","a3szqYrn5IP5zc1hTghCT0","a40uUzO85MKq+REG/tt40L","a7L7634Z9Cb7PeuOrM6be/","a8UMNV8KpGQoofW7l7Reih","a85D5yhnBKPYPf+5YzNr6L","a9elhqM+lMmZ7I3n1PbtYN","aas/MkbKBK8J8hVuUVIX2B","abEzli9pVEYbFvbi0KQU0M","abmZEX2s5KypSV8thH8v5W","acNhpvEARCKoOEiCTolODz","ac98TUCqpNmaWaOHO1up3X","advkwQJtlHVquzg1AC6hTj","aeBxZWPfZIlqN2aMiTyKm0","aeLbMLa25APZMs9wee7ddX","aePbm5BYtGWZ5Ry/DsEz83","aeiIvBA5BDv4f9BSPaqBHw","afBUFwipxNt46uOzb9ItzH","afu6nUoAtOkbSgI1C3HZA2","b0Txj4yulO/4PM9nZq+12U","b0gO/JretGd4Mnf1beQRLT","b2g/OJwhtG8aOKW+6dGuMn","b3fMCi6aVGk7mV9pekWaHz","b3yag2pnhGPZ2FCf28grI2","b34dflhsVCqrJcPWY3apZp","b3/jcojIFIuanKczsIkI1o","b4Uj852uBAhrAnc3yFfmWz","b5NM6r+KNDqLIbjc+q6601","b8CQ5dCklKs5vveTr3R298","b8kLw3+rlGO5n8s3EuRIr+","b9QeKuOLJJRIylRJD4etaL","b9dJqxeilHR7qH4uFMHUJZ","b9uIjOmrlDwq08TbZg5aAG","baUXkNDYpMc6kygia6x/zr","bbdN0WoO5FLbJLFBZpx9Cs","bb42B9OAtPmqOGKyl+AYqP","bcSRhz0sJLYaXtOHTp6qZT","bdgMrLd5lFXZGCg0P81iIw","bf1d+luC9OrrfXNA6cPtMp","bf3a3wuPpP/aXF9IDmKMCc","c0vRNLDBJByrIAZZMeGIyv","c1JeWO+/pIML8K3hswlXfY","c1h6n48gRHI7L9puWDGezB","c12YYniW1GH52RmKXdX0+Z","c2qbxoV+1OeoCw5kv7fZeY","c3Zne5jf5K+6G+mBKNXJu3","c3yqEEK6JFJaZGfe6BUFk/","c4kip0sZ5P0IC56EZAPSIu","c41SlJlWtIvZvHQhoZWVQe","c56k/3lh5B2bP8im8TYT4R","c6mMpsVghFyZDZRkGlRO7i","c65TVJvhBNxYya6DAJm+cQ","c7eb+JNctNLqLNc8kVBjgi","c7gPITWgBOtYAVv1Dta9s0","c8U19Ys/hNm7pH020iF/9F","c8xExH6CZFYIS4bxRi9fCD","c8+tAP4UFNWZA0C0BcP1sN","c9VupEoCxGbIrIXOJwwOth","c9mlrS7rdEcrMFK1NRoH6j","caPfGBAqBPj5eQd9ZiN3Cb","ca4915sgBEII2TWf54iMfB","cbY2VGiYpGzb5ybhKS4DnD","cbY7mUc9BDC7sDhbdbd54Z","cb9nwmQKJN5buF4e6D0pbf","cdKpIZbTBDKr1eRDOCEZ3f","cd0nlV7HRBmJX9Gal/WY+V","ceY4Fmjl9Ot62l05aLhDrW","ce5JByTg5H64K+TUVv4st4","ce60a6eY1EKr/uhA1g9du3","cfWy3TWcNMcZVZ1jydAeXG","cfXyHm4cpEPp22ae9c33wr","cfmaLLgfpNmYGTY+TZENw0","cfwd0KKPVOe4JArywNL+CK","d0BUc9Bu9JbImTpuGZPBSm","d0aoHVo+dPurhYc/q2L8v4","d0zkRnBL5HBqzzvcMvjnev","d083pW3zdLtrWaT2vHl0Fd","d1XNe1mopITqH+NZGYJZgo","d1lW6+PXtPgJ1fvkYN75sI","d1ufeQDFdAsbEx7scL77uq","d3HPF2k6BNF7M4ue+Sy84S","d3InpsE/dE1YVKXsdWJE2D","d3sKEZvsZC/LmykayXG0AX","d4NgyxztlADp0apMfJWYER","d5BfbLFp1ElKUF5GYy/mOv","d5CUAxiK5BabY4whrZ3KvK","d5GdoljtJI8qxgwb4X3Zll","d5MY0Qf6ZHPIsSC0FsW/x6","d5ZVPxTnNHJJ1ISK+fMl2s","d5jlr552NN/bH6eczjlgWK","d5lP6Y21hHGKq0EEqV1mU6","d9TvwbbptNyLIt+xGu6UZA","d9lmkDgZJBuqeamRwYL7UM","d95FYmGkNIFJVtaSNwc58t","daRo0WIrpAh6nHE3tywHfM","dbA7cREhNEeIJyQclP6e+r","dbQewjFPhDU6HMic8/24vA","dbyhbz009AD5Fw4ni1TQgc","dcESrZTlpHk7a0Oh5bs/Vo","dcKqqyU0JG/buelBdwtjx2","dcQs8wPq5Lt7NPqpZjuyIX","deJ0AZUMdCSppTsejzsuq3","dem03bMUpE/pWCW3UtvM5m","dfVe0e6cNKdreH8zHchkmp","e0fI39JAFB5L5fHaRXIvNa","e1Ros+ogRBEIM5CKGbYfuU","e21w9JGH1OrI5pTYOb1ATe","e3ksiIy5pIe5m0vn3YkBAy","e5NUOnnttLW79XayCE1cev","e5f0btU55Bf42zrbjCEpz5","e6N2uKpO5FmYp+Qryl9rZU","e6jAKbgQBK3I4NrubMemKi","e7q6FL+VZEgLJUjVeDLic/","e9dvUMy/BElo+4cBTIkXYF","e9nXgMgVVKEatzx6gdY3pc","e9oLeqLk9JmaIhNm9Itkzh","e97GVMl6JHh5Ml5qEDdSGa","eaBGPOSmxHP4oaj2egOlBR","eaVZRRht1I8pcXxtunNKEB","eafNY5FitIRIdatktFqfm5","eanpIoGbpMvq3PgBgjiIZX","ebw4Pn2XVAmp5Frzv5I1Gj","ecCTW49kJJYZX+93y4H/Sv","ecEzWTcqdIJoiRGpvnnkIi","ecpdLyjvZBwrvm+cedCcQy","edOzcq3bVFbLslwTB7lGkm","edmLwt+zdBYKdunRCkm2EJ","ednDu8aoNDQI73i1xCUV+s","eei5prVuBKnKRR2E5dZ2j3","ee7givbP9JaIs/ZUFcbT9d","eflNHymeJATp7yCw9c0Dmx","f0BIwQ8D5Ml7nTNQbh1YlS","f00iJHvGxH966c6Z2e9Jt4","f1s8naJnZO2pZK8cquC4VL","f1399mMYJKCKSi+TH2oY4y","f18XLhcJBAVqaNltpiQMEx","f2LpReYJ1NoIq9U7iIZpgw","f2/jEfRSxLgruO8oLaMGER","f3o2Sw6/5CuqHdKMbNlLVQ","f3tEsNfulEF5iCnnC1kE04","f4OkDJXNxHYbNpzzfMQhjt","f4Y9RAhQlE1JTeGxeexu4P","f4lVocDjtABZ0IAd83aP8L","f5NCQl3BtBhob47aAyYnKc","f506Nmqb5A9IezQX70F0CM","f6Ur8Gmh5LzoRIEi07go9t","f6fSEIqERIr5hQsWUQIgR7","f72LFoKhZByJV/0WwT0Zjj","f8UhW/IzRMcajEPdzguwes","f8+T4HGr9NAZpPlDyxi1bA","f9k3Opp7hLfbnGrokreUXM","f9pN8iX6BIUqB76HeFBiln","f9rg8LYdxLaKKCTC+ENCAE","faxKUDWnBKOLMVx+T9zipS","fbAxQ5MLpEE7OEPRSIRXPP","fcIZHkk5tKh6rT840G+H2s","fcUTEkAaVPn5PbPkggOFOb","fca66zw29HXajLG7gV5nZh","fcs+FMniVIgJlr38q4BAuR","fc0sRtvopPYJs8r694Phbh","fdG7CYHnJKeY2zkpdk6XQa","fe0oztIMtAzpzlhwXkuVsP","ffzRUXL4pDXKrrI2U/zjB3"],"scenes":{"db://assets/Bundle/BauVatAiCap/BauVatAiCap.fire":129},"redirect":[247,0,281,1,339,2,343,2,457,0,517,0,572,0,576,0,582,0,584,1,591,0,604,2],"deps":["resources","internal","main"],"packs":{"01360868e":[317,475,526,554,593],"014a43e8d":[277,286,289,302,316,334,342,402,440,443,474,521,546,549,565,578,602],"0156df5e7":[200,235,256,260,320,514,574,580,585,610],"01a3cd39c":[185,249,261,388,395,478,543],"01c770bf5":[329,349,424,542],"0201c1208":[209,100,468,566,596],"023bf5173":[340,456,590,619,620],"029d18f85":[333,372,477,497,500,525],"03015ba3f":[110,431,513],"0306059c8":[186,394,459,595],"0307baf17":[176,179],"047840d92":[294,396,557],"04deef04a":[187,193,205,212,215,219,245,263,282,296,301,307,310,332,351,352,357,385,426,430,432,434,436,505,516,529,575,589,600,613,618],"056dbed03":[151,569],"0607104fc":[255,381,415,425,429,442,467,472,481,504,528,583,611],"06386ec96":[1,2,4,9,11,12,13,14,16,21,22,24,25,27,28,31,33,34,35,39,42,43,44,46,47,48,50,52,53,55,56,57,58,59,60,61,62,63,65,66,68,69,70,72,74,77,78,79,81,82,83,180,85,87,89],"063ece372":[153,172],"0649150a3":[190,231,251,267,344,422,461,547,601],"065df1730":[189,297,370,379,482,508,173],"067d1ab06":[203,222,238,257,268,283,336,362,458,463,527,534,556,560,570,598,607],"06e33951a":[195,213,380,403],"07137329b":[204,236,252,305,318,326,386,390,405,406,412,419,420,448,480,499,539],"075f6009d":[244,259,444,523],"0802b64a6":[188,208,210,217,239,258,273,279,290,311,313,319,325,327,331,345,356,361,365,366,367,409,413,417,421,437,454,498,511,524,536,541,562,171,581],"0814ce95f":[216,232,254,276,280,291,303,375,410,416,438,452,483,496,519,532,533,550,558,573,592,603],"0867396f7":[199,229,250,272,330,355,382,133,428,494,502,577,616,622],"08c263cf4":[196,271,378,384,401,408,411,501,579,586,605],"0981a0c10":[194,358,368],"09db43c44":[104,137],"0b5dfea4f":[201,228,323,453,564,571,597,609,617],"0b87447c2":[192,265,274,321,348,369,404,509,165,615],"0c10e938b":[98,278],"0c7cfe7c4":[226,512],"0ce81dd95":[220,246,270,315,134],"0d435ffb0":[221,230,242,269,288,299,304,341,346,363,397,433,441,445,466,495,553,614],"0d97cb561":[90,0,91,3,5,92,6,7,93,94,8,10,95,96,99,15,17,253,18,103,19,20,105,23,106,108,26,109,111,114,116,29,117,30,32,118,121,122,36,124,37,125,38,128,40,41,129,45,138,139,140,49,142,51,145,54,147,460,154,490,155,64,156,158,159,160,161,163,67,71,73,169,75,170,76,80,84,86,88,184],"0d9eeb75f":[207,225,237,292,300,328,371,374,376,387,391,398,148,473,486,493,530,535,538,561,594,608],"0e1b0e4af":[223,275,439],"0e23af1d4":[191,197,198,211,218,224,227,233,234,240,243,262,264,295,309,314,322,324,337,338,353,354,359,364,373,377,389,392,399,400,407,427,446,455,464,465,469,470,471,479,484,491,492,503,507,510,518,537,540,544,548,552,555,559,563,587,588,612],"0e575f857":[241,285,287,312,414,418,447,451,462,476,485,488,489,520,531,545,599,606,621],"0eb20bee0":[97,284],"0eb27983b":[214,248,515,164],"0fab5c84a":[266,293,298,306,308,347,350,360,383,393,423,435,449,450,487,551,567,568],"0fef00840":[206,107,506,522]},"name":"56","importBase":"import","nativeBase":"native","debug":false,"isZip":false,"encrypted":false,"versions":{"import":["01360868e","eb47b","014a43e8d","ac64b","0156df5e7","24ca3","01a3cd39c","f94b5","01c770bf5","114cb","0201c1208","90a98","023bf5173","aa2dd","029d18f85","60558","03015ba3f","d6ad5","0306059c8","4c4f0","0307baf17","299a0","047840d92","2bc9f","04deef04a","45b57","056dbed03","ea5c4","0607104fc","f861e","06386ec96","63971","063ece372","49f8b","0649150a3","31c72","065df1730","4ba24","067d1ab06","299b1","06e33951a","3e00e","07137329b","1c882","075f6009d","68ab1","0802b64a6","90616","0814ce95f","212a2","0867396f7","d1683","08c263cf4","3c9f8","0981a0c10","fa718","09db43c44","2323b",202,"4f0c3","0b5dfea4f","0e82f","0b87447c2","ec4f5","0c10e938b","38f8f","0c7cfe7c4","c555a","0ce81dd95","01530","0d435ffb0","cb9e4","0d97cb561","c993d","0d9eeb75f","f690a","0e1b0e4af","8c8bf","0e23af1d4","7f0ee","0e575f857","a1361","0eb20bee0","80c77","0eb27983b","8010e","0fab5c84a","4b400","0fef00840","11f73",101,"5f03c",102,"5ed41",112,"f63b3",113,"fe3fb",115,"1ab4e",119,"83f23",120,"def03",335,"638a1",123,"2a4e2",126,"d701c",127,"ade8a",130,"03d81",131,"4bcc3",132,"1fb19",135,"08a8f",136,"9a689",141,"d19b6",143,"06bd9",144,"bc778",146,"ba626",149,"44b40",150,"0616f",152,"140f2",157,"b700a",162,"32bc2",166,"74ccd",167,"a8db1",168,"a3233",174,"fef45",175,"166f4",177,"268d2",178,"6c463",181,"87b1d",182,"ceb51",183,"a507e"],"native":[0,"f64bc",1,"b55f5",2,"1ad07",3,"30634",4,"ce515",5,"c95c2",6,"171d5",7,"23f0c",8,"6407f",9,"d147c",10,"adcae",11,"d13b3",12,"0fa24",13,"7c530",14,"0fd6c",15,"2753c",16,"f0828",17,"f3966",18,"eb3b4",19,"0864c",20,"b6a96",21,"a5396",22,"101d6",23,"2f960",24,"fa6b3",25,"0482a",26,"fd51d",27,"33751",28,"3287e",29,"f438a",30,"93958",31,"170ef",32,"20ce2",33,"77465",34,"00087",35,"929de",36,"a5f4f",37,"d7ddc",38,"a6086",39,"6f7d7",40,"babe8",41,"c4183",42,"decf3",43,"ade98",44,"05c44",45,"7962a",46,"88df1",47,"203c0",48,"adf12",49,"439cd",50,"3d932",51,"2f0e4",52,"e5fe8",53,"05da1",54,"5b0eb",55,"29542",56,"48045",57,"4bdbb",58,"b2598",59,"972cc",60,"a09cb",61,"21d23",62,"8d87c",63,"8fe2b",64,"be4d7",65,"a9715",66,"d15d4",67,"9c048",68,"3d6e5",69,"29ad1",70,"6104d",71,"dff3e",72,"766d9",73,"75421",74,"d633b",75,"9faf3",76,"7d114",77,"3eec1",78,"f32e5",79,"6c1df",80,"92bb6",81,"73e66",82,"126ac",83,"159aa",180,"284a9",84,"6581e",85,"8c389",86,"c3f38",87,"11892",88,"d9939",89,"8bc8b"]}}