{"paths":{"0":["Audio/bingo_infoboard_add_2",3],"1":["Atlat/Alats33",2],"2":["Img/lines/line5",2],"3":["partical/ItemSymbol",7],"4":["Img/01",2],"5":["Audio/prize_payout_line1by1",3],"6":["Audio/bingo_winline_3",3],"7":["Audio/bingo_wheel_in",3],"8":["Audio/prize_smallwin",3],"9":["Img/wild",2],"10":["Audio/bgm_bigwin_end",3],"11":["Atlat/Alats19",2],"12":["Atlat/Alats31",2],"13":["Atlat/Alats17",2],"14":["Atlat/Alats21",2],"15":["Audio/bingo_wheel_spin_single",3],"16":["Atlat/Alats15",2],"17":["Audio/spin_reelstop_single",3],"18":["Audio/bingo_wheel_out",3],"19":["Audio/list_item_click",3],"20":["Audio/prize_mediumwin_counting",3],"21":["Img/bgGame",2],"22":["Img/111",2],"23":["Audio/prize_payout",3],"24":["Img/lines/line1",2],"25":["Atlat/Alats34",2],"26":["Audio/bgm_feature_end",3],"27":["Atlat/Alats22",2],"28":["Atlat/Alats27",2],"29":["Audio/wallet_counting_above",3],"30":["Audio/bgm_mg",3],"31":["Img/lines/line9",2],"32":["Audio/bgm_bigwin_out",3],"33":["Img/1",2],"34":["Atlat/Alats29",2],"35":["Atlat/Alats7",2],"36":["Audio/bgm_bigwin_cue",3],"37":["Audio/bingo_winline_4",3],"38":["Audio/bingo_winline_2",3],"39":["Atlat/Alats25",2],"40":["Audio/slider_effect",3],"41":["Audio/bgm_feature_loop",3],"42":["Atlat/Alats32",2],"43":["Atlat/Alats28",2],"44":["Img/lines/line2",2],"45":["Audio/bingo_infoboard_add_3",3],"46":["Atlat/Alats16",2],"47":["Img/denlua",2],"48":["Img/launch",2],"49":["Audio/bingo_multiplier_number",3],"50":["Img/lines/line7",2],"51":["Audio/bgm_bigwin",3],"52":["Atlat/Alats4",2],"53":["BitMapFont/boso-multiple/boso-multiple",2],"54":["Audio/bingo_winline_1",3],"55":["Img/bgwin",2],"56":["BitMapFont/boso3/boso-33",2],"57":["Atlat/Alats1",2],"58":["Img/Button-btn_minus",2],"59":["Atlat/Alats26",2],"60":["Img/lines/line3",2],"61":["Atlat/Alats2",2],"62":["Img/lines/line8",2],"63":["Img/sonhanthuong",2],"64":["Audio/bgm_feature_begin",3],"65":["Atlat/Alats20",2],"66":["Img/lines/line4",2],"67":["Audio/bingo_infoboard_add_4",3],"68":["Atlat/Alats24",2],"69":["Atlat/Alats8",2],"70":["Atlat/Alats6",2],"71":["Audio/bingo_wheel_startspin",3],"72":["Img/Button-btn_add",2],"73":["Audio/spin_btn",3],"74":["Atlat/Alats23",2],"75":["Audio/bingo_infoboard_add_1",3],"76":["partical/Galaxy",7],"77":["Atlat/Alats10",2],"78":["Img/03",2],"79":["Atlat/Alats11",2],"80":["Audio/spin_reelspin_loop",3],"81":["Img/lines/line6",2],"82":["BitMapFont/bs1/boso-1",2],"83":["Img/sonhantong",2],"84":["Audio/spin_reelquickstop",3],"85":["Atlat/Alats30",2],"86":["Audio/menu_icon_press",3],"87":["Img/02",2],"88":["Audio/bingo_block",3],"89":["Atlat/Alats5",2],"90":["Img/launch",5,1],"91":["Img/lines/line4",5,1],"92":["Img/03",5,1],"93":["Animation/showLineTopWin1",0],"94":["Animation/showLineTopWin2",0],"95":["Img/wild",5,1],"96":["Animation/waveBigWin",0],"97":["Atlat/Alats15",1],"98":["Atlat/Alats25",1],"99":["Img/lines/line1",5,1],"100":["Atlat/Alats23",1],"101":["Animation/line6",0],"102":["Atlat/Alats7",1],"103":["Img/lines/line2",5,1],"104":["BitMapFont/boso3/boso-33",4],"105":["Img/lines/line6",5,1],"106":["Img/bgGame",5,1],"107":["Atlat/Alats4",1],"108":["Animation/hover_glow_b",0],"109":["Animation/hover_glow_a",0],"110":["Atlat/Alats17",1],"111":["Img/02",5,1],"112":["Atlat/Alats31",1],"113":["Animation/spin_sand2",0],"114":["Img/lines/line8",5,1],"115":["Animation/line2",0],"116":["Animation/glowspin",0],"117":["Img/sonhantong",5,1],"118":["Animation/fladeAnimationTop",0],"119":["Atlat/Alats5",1],"120":["Animation/line8",0],"121":["Img/sonhanthuong",5,1],"122":["Animation/waveBigWin4",0],"123":["Atlat/Alats29",1],"124":["Img/Button-btn_add",5,1],"126":["Animation/flareAnimation",0],"127":["Atlat/Alats16",1],"128":["Atlat/Alats27",1],"129":["Img/lines/line7",5,1],"131":["Animation/topSymbol",0],"132":["Atlat/Alats33",1],"133":["Animation/wildBg",0],"134":["Atlat/Alats2",1],"135":["Atlat/Alats1",1],"136":["Animation/luachay",0],"137":["Animation/line7",0],"138":["BitMapFont/boso3/boso-33",5,1],"139":["Img/bgwin",5,1],"140":["Img/lines/line3",5,1],"141":["Img/01",5,1],"142":["Atlat/Alats19",1],"143":["Animation/bigwinBackGlow",0],"144":["Animation/scarab_cuclon",0],"145":["Animation/scarab_bigwin",0],"146":["Animation/waveBigWin2",0],"147":["Animation/line3",0],"148":["Animation/info_glow_c",0],"150":["Atlat/Alats8",1],"151":["Atlat/Alats34",1],"152":["Animation/line9",0],"153":["Atlat/Alats11",1],"154":["Animation/line1",0],"155":["BitMapFont/bs1/boso-1",5,1],"156":["Animation/waveBigWin3",0],"157":["Img/lines/line5",5,1],"158":["Animation/arrowRotate",0],"159":["Atlat/Alats24",1],"160":["Img/Button-btn_minus",5,1],"161":["Animation/info_glow_b",0],"162":["Img/lines/line9",5,1],"163":["Img/denlua",5,1],"164":["Frefabs/AiCapSymbolTop",6],"165":["Animation/showWinSymbol",0],"166":["Atlat/Alats28",1],"167":["Atlat/Alats10",1],"168":["Animation/line5",0],"169":["Atlat/Alats21",1],"170":["Animation/line4",0],"172":["Img/111",5,1],"173":["Animation/infobar_mp_glow",0],"174":["Atlat/Alats6",1],"175":["BitMapFont/bs1/boso-1",4],"176":["Atlat/Alats32",1],"177":["Atlat/Alats26",1],"178":["Atlat/Alats20",1],"179":["BitMapFont/boso-multiple/boso-multiple",4],"180":["Animation/catroi",0],"181":["Animation/spin_sand",0],"182":["BitMapFont/boso-multiple/boso-multiple",5,1],"184":["Atlat/Alats22",1],"185":["Animation/scrab_sieulon",0],"186":["Atlat/Alats30",1],"187":["Img/1",5,1]},"types":["cc.AnimationClip","cc.SpriteAtlas","cc.Texture2D","cc.AudioClip","cc.BitmapFont","cc.SpriteFrame","cc.Prefab","cc.ParticleAsset"],"uuids":["00Q7CiIu9C/5Ek42ix57bS","01jQkwOilEVqCBDzu7Om0O","07be4TzJVAiorT4mpgGt+T","08QFZ6o9RMeq7CakD1Ohrn","09AWeBghNIFpx08R6KcbP/","0cEf5ve5pGv4RmrXfhrRfn","0eF4CLbn5GjYBBMcrMXGd1","10F+uTBIlDpr65FQaZu/Sg","12badLg1VNuLN0iGyz5A0t","14IIgHBu1F75fYEMPIjrEz","17xQTMvHZNXrfqvAqY/Y84","1cQiysfWdHE5xWuwof4EtG","1cx/OM5SJNXbzwTk5CUSGO","21BvPTwU5CTY+dInL0Az6Q","26igAPeiZOILMuPsd/uQ8G","29pcsxAm5Hxqzb3hwFa6jf","2agSUKBGFPZbQZWLUPW95c","2cEEP0GodPiZxSrdGS8teo","31jYrriKhHnLyTZh1dWJCJ","35QEZeTRVBY4VMYEw3aFcx","37XF3uH1REBrNcsXTrY8Sd","37150Ei0lOlYuqsq6WjLAd","39oSjctyNIqYe8dKf5mF+L","3bNXnBwoBIqYVebYIr0Cwp","3b0O7xE71HWZCDYTTUgnyF","3fCDuZOvxFk7WDWZex1FvK","41koyL6t9GfYc88o5lBAdG","4bI56vw29OdYw7e0gMi4s9","4ehYdDmpJO3YWZbNmgv9b7","4fRYA2J5NJY6oBoS1UipdM","52BUWPIT9NVr1TbRvqTfCe","52TYsffANGlqy9cjOmsPRr","52YeNJRflNr6OVykOT8AOc","55xae0nJ5ELp8pcO8P8qPj","5c3LAuJi5BpKnXNh+cTIo0","5dHU9jlLRBcKyGBVWnp5MY","60UN8m+ExLiZkAaKoFCT34","62DDgbiPVPwIILMfWn8IZx","67J7LoAqxOeJkiQAzS6ZXF","67/SKtG7hJVo9kR6wnd/00","6ceFktSKpOf4P3qmr0TE1X","6fJJA28bhKbKc2GaQi5U1X","70BD+p3I9OVqc2bHSfwcgB","72H7Y+dKdHP6tSCfRmIW20","7eP7Wt2Q9LY5HtB0472I1+","82wnb1OqpN1Y3axin6/1rm","89S5atkG1H/KvwO+01yVEc","8al4lNap1J/JudV3mIpbV1","8blXppIWBIbLE8rYmSj9+A","8cZSxtd5hGaLBvRqNFjxr3","97KDtO8oxIJqI6AaXlRTPl","99OwEQEpBPvJGKjvBx4o05","9cXCnGSPhAW6akNPrdHHaC","9dhVpbZqpI36L0M70ZxiA9","9ehASajvRB/LzRXY3a7TNr","a4bav78NBHabzZG8z4Jy45","acTKsbeQdOZ5DoOtdVNYdN","acXg0Y7NFAjYn+E6Y7PwBr","aeG3oM/1FLv69uHqFfVbCJ","b2mkK89WhCgp/nZ7YopK2a","b4vGVvEtFGUIJv5g/TxOB4","b8vk9AwklJ6aFf58ZzUdZs","b9vCVLJHtG8JqRxv+TiAXQ","baCGZFgMROYa2MZHfDEIr6","bb/Cw1Fm9H/5HVFEyGmqr0","c3AfUyhgBBGr44Mysfs2VJ","c5SWQGeu5B9IoWIK8I/tFb","cbWN0jiRlGQ5IkepAlaBov","ceT8TNkRxNL5rgF8MiisN9","d06RCNOcdC+rut9g3CqEe1","d3ZJoRqaxEX5IIJJJlddJ5","d4swXRqEFH95GKpLoDLo3c","d52Z0YtE1BmZyQn3xjl0KV","d9hdYJF8BKq5SK4ue2K1VZ","d91kNWv0lMObX159uNyJQU","daPj5adeNEwKMxFcfeKt9F","e15SSsgEZMBIS4A5COiBMF","eauBfizFFCW743gt+EUi0X","ebqKvcYP1Bn4lMDDs1XOdC","ecgtL1jKZDRZAYq6nJi3Rh","edtmu6jBVH4aRr3EFfqs4/","eedTslVC9LCIFegTLpgGRm","f1BaUsbcJAfbdzayYeV6nr","f2U6sIEr9A6Z1qljRiDaTX","f38wCJb19ANL/2KhD13LO4","f4FGUX3SBO3qq58Zp0Yx/d","f6AkC674tMc5dxpyk7JYhm","f9UTYhm1xG6bbgCOACiY1R","fbOvuYHiVCWaZ5AM94mKfO","feFeLL3MpBg75y96KbE/pb","00DhAexp1P24Nqfu5KD/a5","01B+eeadxGbYoj+Ek5OhNS","0eB1NXfj5CSZl9awgpbSBn","10eC6DJiFCt55+hMLL7tqu","11B2GFBatJn7nrpM4FDMne","20MTKlYulDNpZAnPcj2KBO","20geEdHspDYIcl9He6Wdym","21f+colDtPIauCpcf1q1An","24RK4n6rxBCKsaN6AsGIxh","25VpgiTAdHlKUilUya6V87","26GakKVbVAP5JBBI1HDAgr","2b/dT/c0FDnYHGRXnB1D8V","2fmdCbHQlGwK+skMjsCyDZ","33h3BDVv9PnK0vD53RZOoM","34z7fK0/BLtrrR3iCEqqxD","37tS1oBGpFvLRMEMryXU1R","3b5uFFO4JKgLHUMkhUl4m5","3ec9XXcuhKA4z5SsAvXw7i","3fkp39eGRJ3Z8LRkxannla","43gToj5cxJg54Fvcxyz7fB","46F61s5DVMu4UkAAj7OvIC","48b7GqViFA250bFf4sJgEn","4aNhwI4jhH0Jx9f9jkAlxD","4bfl5vmldO36VcNyUJjUs6","4cLGvT1RdHc4TKQ3gW7IH4","4c8torKsRAjopH0PxKABUa","4ecEDjyGtIw63xjo7XEpa7","4fyIP9E6hGo6k/WGEsiGVB","55w13BuUVAE765Cr95XRz0","553bG5VBpGsrvrJrVMjbt1","58t2Qv8ZJCCaD6q4tPqDh8","58xX3Z3s5OAJ/5WCT27UFd","5dxgPW65dN9JfwsZfeilxU","5engDg4YBKIaqdEGnLpquF","61DX+TkqpIRahOvFf11RO3","61cyPdEfRN047sDK9rO0W5","63Ox21nypNfKwMZ9pckdbW","65d+UTd69D0b3SoEvHmpzN","66s9t+EcJAsowdZwnL846B","6b5fLuVNdJ9b0XzXmKv+5N","72Je9RDSpN15BAZDefDVrh","74xMSbNdJLVa9zO0ZLVNKL","79UjLYWxpGW6E/jlF1rAiP","7a/RCBQf9KHYwv62Ft1p6G","7bHHsjlpNDRL9NdRujNSPN","7dJY3P7ghDK4kwTP48O61O","7foeN5iDJN8I6XWzuoQ7kC","80pThl4wZHc5ZB/VmsgLa7","850egTjr5PNJ88PxpNjXVe","8624c43W9ByrHRoqUYjW74","8bkbIunIZMlY/uWxhKSiNF","8cJdQxvrtKfrvNuVePAWh+","8ceCnBSM5OPIDKgNDNcl6Z","90GqqwIgFCIKmroYQEQj1u","94trqUXUBDWK2FNs5tQT0w","971K97jLVIYo680Y/Yg500","9aFhKM2+hKObvN7Jtueuf+","a0xmvZWlNCD4YS8YdJFTPu","a2h4T6T9xEPpXskLoIfoHq","a43APIVFdKYJvNMjh2DEy+","a5dr4c1GNMfZIT4449RcLy","abRfULLdxEXYg/dFOXXI3L","b0AJFQFeVGT74LkWnmEVJq","b5Nm86vj9Ct5EHH7GrwKmb","b66dXPW8NGVbQ2PMf3zgAF","b7VY1Z+bpJ55HZU7sVq/ff","b9DBBqzZtATo6bOewXVveK","bbEuee/+BBnY6/cguSU/+K","bcRpE8oV1LK7E1LTXTYTb4","bex73XisFHVpNhtrjjqNqC","c1T+7dnoFPOb+NK8zNDbXW","c1wNNtCttBqK6GQRPvt7gP","c2Y6lUE0xLi7OWtIpaLA9d","c2p1Zt4SVIkaTMMDnIdWFa","c3ifUgNV9B+oGUzU4YWNtA","caY6QBbItAwJZ9Y4yAdIqg","cdMuLTZTZLZZIdY9q+dLte","d0KGJ58qhGIpUn0E+fDL35","d1GhKFypNP/60VaZvBP3ia","d4/tOsqFdCYJUg4HIw/Dft","d5S4QVTKpLZJ9KMOpMLwLX","d608qFRoFHwbXd0Dap056i","d9l9yCanBLW7PXktH+MOZ/","df9u0JsmtLYLbKi/PeOvUa","e2S8Q3NLhO+L2UhFoUoQiV","e28KkVsFBE5YYid5vBlrYr","e51bfxRdtLZrBLjwkU3ido","e6GsYQD3dKBodbua7Q9DN+","e7gd8l0h1HJbhIMt974gmu","e9Ee9ceUtMbpy4fbqi6Vli","eaYfwL+61CCY9LBNblJqnm","ebu0QYu8tBvZlKAb0EKwEt","f1YHgpqy5CQofgs1z5Uovg","f2+6cAyDFJsbT3BwIjNOWK","f64EyFLUdEFZNZfBupxhch","f9t1bSKc9ESp8NcFRNFytI","fbInJbGx9Ftp8cB9oZ4oIp","ffmMiodexE/oT83rfqiius","00DkdvI6FNmZEOE/eQzmOf","00Fq2SsdBLFY3G3THSKzNO","01gyy2Qy9IxriLXCtUQHan","02DW90A6RGgZ2Sz8sKcc0u","02dsTkXf5D+pLisuYcRDbf","02eg0kEnpO35wLhPecPrk0","029Sv7EgVIqYr83WxDAPVl","05FDjbw69Eh4RHUncX1Bnq","05cYoBX91Ozp6rmghtLGDR","051HIMWGJNMoTgmdaeR9rW","07D7us1XhFR6hwdFrpAfaW","07rlj1Rs1DiqrGWgLZpgwa","07y/OEIzdH7ZrVz4teLnCq","08rqzgwn1OFIIgg40y66rf","080d0CaV9E/JlKGtfA+0C4","0aLpO7wtxM64VPIQfHSn14","0aMWoRiQJBZ5k3FKelj6PL","0aNffjQb9Fro/Iw6cEqKPx","0brenfeGhIGLHI5gyZvQ+k","0ct47fxChLx7aQtyiJ5fVG","0d0PAEvL5KLJqWyeLMqUPO","0e1dq7TINGO4l1yV4TFK+z","0fSZ9ZNulHk7XVp6unhPQK","10ViiYirxOgbvRklzoBk04","10r8wneMVO67MuzG//udG8","12GospibdGhryudf0cON0u","14syQwlKZDsKBDebUHd4Or","145x/DlBNOEKujYgCYErdF","16GTKnNFhIyIoA80jWC+1N","16Q9032ApBQYY+afbUsXy8","16XjgFeP9I/J1St9CGzATn","16fo9zl8NL6pVNXHoP3j4M","17OzGbzRxJNoqtguiUVodv","17xI2NkDhEOaUQ3jYa93mz","172b8l9+hHQ5v7djZLV56L","18wRm2zRBMmIQedbpbQV55","1bAdhnWdhLwZwsstOgLp+0","1bBNuPnShFEbuC1uDj0skO","1bvffnBYNJZrBic8Gjiii1","1b/RcYu69LV5xLJqHNK9J+","1cptRAAohM/LlkxB7csFHi","1c48HOY5JMF4NTiEbKh8sK","1dDEb+4hxJVINHMlVbHVMd","1eWjVUWxZGDL4SUBahqKpX","1fAAkkO4tEd7WuxKRiJdeg","1fE75l4HBFO74jSLkCuZ59","1fYM7XMQRLQoDZ/jlTxzB2","20Wtu4znZJ/6yqEvXhn+u3","20uZ7kHRZAWJ2XWiSGODS/","22CZq1SDRCb6JAR7hjjUXv","23s19DZh9F8IAieCOE+LS6","24q669/AZE+IZYxtWDKV/b","24vNd+JDBGULlkgDcxgfON","242t4OByVH5p6blsDwEMql","25JX30eW9Gc6OIrffj+DxM","25OjtvqcFA84I68ayCX8/y","25362kNHRNipsfhM7g6RZ/","27AssMSP5NsIh7ivXZWX/G","27vbb3PBJAEJYfRVV0kFZz","28G5mhUXpLAoXxq0hhS3aT","28lxdX9KJNRYUIwehYChWq","29AqkSnTlCB4Qf0ioJTzvY","29FYIk+N1GYaeWH/q1NxQO","29UInsCHREHanA2IhK2Ixn","2aF93cQKpGToGhX6n/fyN4","2aq0dREixBq4PD790qG+Ld","2cMJ3a9PNFbo+zYlEzFoyI","2cthkKb7dMGqlrT/rNkJNn","2dC15FTMpEpa8CABU9uYoe","2dcPOaoThH5KMfqM2E+xgk","2ePGG8k4lA67IFQoxvUaHb","2eXnQlZmJMXKYfJZhB4K+A","2ehQFrzolNxaoarey32YJu","2foqc214NDiLMyyI+LtGHV","30/TnGl1dDm6/cUUYfpxbi","32AqVbh1ZCpLB1QQEU3qPU","32SDgOvZFHaZhBuNU7UrCV","32SS3fADlBG4Xpfk0Decud","33dyHjcSNLEpEesStAvrt0","33wmy6S+NIDo7lPoOWvY52","34bWa0ESNJcK8leTUDqjYP","34eMFd8ZlOMrlnPKlchmYA","3593GCNApEjKLgfbUqQ1mv","36Htxx7+pK7qeEMSz6suAE","36lCRkTGVII4NX4WpHghRb","3638KW+j9Fias9eF9bISCH","368x1nxURMxIkxRGKQaSlu","37pWAW41RKHI8O5Sc6f+K3","37+VodaF9MfLrEm2pjeNcD","38CzLssPBAl4EwJhCnjSOR","38dmUQTx5GuY4jru8GKkvS","38fXuEYW1OvqaQdHMY9VIw","38ihYRwLRLt4Z/nggwXQEN","38phyNSflJBK0xECWdQklL","39JFlaR1dKn5SCPqZqTttM","3aZpnwiGhOUIeL6/2OiIOk","3ae7efMv1CLq2ilvUY/tQi","3asI2ItnpK0JYXBeanGIZR","3bG1WKNvBBSJXyj0KExJqK","3bQjbu3Y9By5QrFZOeae7V","3cb9TL+QhBVr4oEhrnIS0t","3cpnyJnz5N36MZ5w9GcSPu","3cygBsxKBDX4zbDmwTRWKT","3dPh7fCZJI7r+wuMShGll/","3fEY7bY7VAl4aHUmDl8ihw","3fb4xzAl5E+awNrMEWaBwy","3fsf7a5NRNR4n+6w3XMYRK","40zfGyVwRNfJh6e86buHqZ","41WmCv/uJNj4jNJzJwCwdr","41zzqbxvhJGZeX39Y7FY3A","42Myv4N9JEMbEvXt6vyxsF","42shdq3b1AWrE9CBabL/6t","42vTf+bz9BCbMM6DaD/LIS","429T67ZqhFFYhoCGTuEYTR","43P66EfqtNqa6E8OTndNXG","44BlCIH+pH8LDjGzdGcSue","44EGJbZiVKgZWpi9GmWNMZ","44wvvp3rpDBKQuTPbGmcbK","443OKOToJP9bimeeQDqjdI","46DyugGxdKrazabHz27mGD","47nrXVRS9BdpPHxJAZPI5y","48pB1wAlRJRZ8rmPFVuazh","486HEzmB1H0JN102bx9TZj","49qYfCM7RNiZ8SzwwE1P3a","4aedjn5bxC65SkODF7ua5f","4a+tlkZkpEzbD/VlQW9J2w","4bM3fv+alLo74+eAlFlVyE","4b0C1p1spJ3rpsJL1exPNB","4b5CpcBLlOcImaDQGpgPYZ","4cLp3cQFlBc7qqk0BKXnKP","4ckQBCvLFEW7KXoGfrjIlQ","4cyW9FqgtEo7UKKNIaWHct","4dfiHF17ZCqoLaWN0pqWde","4fBClebTZCu7FyS7KO6lUR","50OlCEirFPSJnniAa24alC","500jXKU+pJO4rtOeaErP/s","51IkKw+UFCHaaG0N8iNqQX","52DxXrmolCX6d18qryqTQX","52zcfn8qtLp4+ufo4IaKxn","528uapoixLsLkMBQDclg3r","53Wf916xJC+5gT879JqvPX","549xxZkKdHj7Havb5d4S4p","55ImZfaY5JHJHpygeGahfh","55huvrfUFKnL8fSL4+L1ks","55iuVqjupCwYBoutLyR94t","567v38iDlCy6iVqs05EhFW","569VBFCy1DRJKkWuuWLcfg","57sJIR4A1AqJ3R6G5MIiB9","59vgKfczlEsqthc9Pneonu","5aSvC5lVNFJpeIv3ZuY6he","5aqV10ofZOkYH1tU5OxXWM","5bLdIIP81BOZA+wMhf5Eum","5bpgieNTBFSJup61GedGc+","5b8MdoL8pNmoIyXN0ihH99","5cGvJ3UM1Ph4pGVDm08tRU","5cO7kybDxGj4ipyMYdRYZB","5cXyOIJrlOj4BNu8jPGBCE","5d/dI74SNH+pv1QY/Mg2Vs","5erGdpDk1AvbcMmhB94+3X","5f5dyqtRNNxaFmVzYns6FZ","60BHCxofpGUJ6TXaYLXx8X","60F5+UW1BO2LYQtdoCx9wK","60nTEw8hVKR4CDrC3Sn6+B","60prV7KnlLeYu1Yb9KzcLd","60z/360uhFpplFIQJTySni","61BCTuNtZMdIAs1LSPMJvO","63VaefRN5J0IRzvaS6hyTa","64iPH41fVLP5r0PqNL6/CO","64qnMFZfFJEpGHfP9EnIo0","65EBsl5WtP1ZMli7qUfXWr","659U7OyPhEroKBkm7xSbh3","66xeUcjhNJwqiaJ4Kzme6E","660ltNMxhEqY1y643JzfRx","67NHq48D5MdrRh7DIIUKEN","679dW1y7hMNoysF5fNkHmj","69RHXSZs1OioGwizx0x/NX","6asoO+1UBMw6pFg4ctfINT","6dMDtKjzBAAqgbWYGp6dsY","6dMMt7NCdHhaZrMlXXtZj7","6dP14HRBJAqrKix0lDf1Dw","6db8YQZWFJvpQvryzJoxN4","6d1MleY81Mz495w2Zb31Y4","6eAr3eNwtNRLp8DKgTSSKb","6eP/qixyNJP5AkEQKJCyog","6fKsdm2JdNVoyODDp7/iCb","6fP3r7E7tCIYFA9Hgy64RX","6fcT0aXFpKrYuTcjrH/QhG","70WIn1BepGkaCjiNn6lNNO","70XKAh1FtAcpatdMHI6vWg","71fQxDpyxJi4zt8XREPW0i","71tQZP0WhBxLNN9bdZuoVi","72UPd0WhdAJKCplkmKSeUX","72a6MuKM9FlrmW0eyeC0oH","73bXAXhIBHtqcTivVQ30Q9","731Jvo7w9FBqP7R+WbkfdH","734dPRL09Iuqn1bHXts+KF","75CorIf45DzoGuSsjJuJ/t","75GLPTVzdADINUIkzkpwR/","75xyWUEX1BGZiKwzW6wudP","76kqvKlAtI3ZSIAtO15KI+","76w/1vqqZDqK45AZSVxTvt","76y640IyVI4bE0/e52mIi6","77QgSncxZI17LxtmCWsXtI","772XwyQZhLaaS19sHU1Ozk","79M9ZUf6VDpKFfTmEI2aK+","79fR3p30FHOYcErfDPEyWK","79h3qL6xFE6IqJ58YeDn1J","796lj9Gu9M9aweYzStdr4j","79+76p4HhAwqyLZKvtgphM","7aHrS8t4xI9Z0TUgxb59KL","7aS27yROtJ9qfS+jcxbqJc","7acnuLX5hF5r+WgkMo+v9M","7aqTTds2hAqL/1uknASC2r","7b5qyq0k5PtqiE+EQpdxmM","7b/qTD3glH7aCuhz/vO1hb","7dnD34N9hD6aWz7J6PXn2+","7eve9ma75AYLBCRtolDbvB","7fOYhqN/hNJKvx4x5G+ddr","7fc3xA5yRLt4gbJWvvVh1d","7fiGPtKcdMKqPuOssv16g8","80dJPQVV5GOqpxzy+kvZI8","81AXZAroBKEoDNzKDeA2av","81keLjdItFhaxltkJZ84/6","819Y+I5ABIsJVsPJ244lQf","822Hua7M9P7YTODeoDYT8j","83KXQsBBRG74v6+gBbpOMt","837iOmUcNDAoSr7NHWHKSb","84dnKq05NEE4fVA4MzoLcz","84ekTGzy5CjrXGvD6C3qke","85tqpujq1LSZ2dbe1Uvqtu","86IH11pDxJhpgANPjh0JGp","86mqJBKutAZrjs3HxrDglC","87o94lZxJBTokGNjkIL+xa","87xMLoFnxII5uGNFFC6PKm","88I3LAALpPRZCUmtpyfbAC","88bDsgVVxD8ZuUseIWbNc/","88kCSd4eBOeK3PaXc0h2tK","89jN36RkRJGrhnnU39ZFfo","89jhhPEIBHEJHqSY2ZGF9+","8aDkeqmu9DhJz2hZlz0V91","8aMPfxe2pMjaDtdTp+93+n","8aXCtuknNCm5z0v5mnvtsu","8a4U63UaRHL49/J//igT6X","8cHprJjIxHnJyI0/TGKApb","8co+hM7kxKrb7ebuMX4uPV","8czj34T4FMVKVPhsdWStaL","8c1NPVnZNO9atgkHTASTlA","8dyyddYr9IWowNOnsV8Frh","8ecIrxFdNIW6CZdPYaaADW","8ec4K/Uu9II7nAFnmQKa5S","91pIS/wwxIn5h3/FzVEZC1","92CY50zRNDnZedAMKrfTDQ","93ZEMAXbpPuY9Nvlahy3xg","95sYRLLb9FkaRjgljLGWty","96GZhEGntNF7nKoHnG9zZF","97g5bN+cpHkrumee05zc2z","98auMdzQ1FwLpaGm9L5sAE","98iqQakvFFloTiBxie4sx4","99C3DqRyRJ+ql83LDg8/V8","99iZvzriVFCpvl2va4ji6g","99lVXz3c5KBa1TyZ0z3O6Z","9979ulraBAZa4M4HpteLew","9cyppLfmtE84gmeBqT8elX","9dOiBGkqpCSZ5HgH5bBl+E","9dzVtvseVCMK8koya/tbjg","9eHp8e8zxGh47EDZysx/wL","9eRBtz86tAAbjk+gDy+LYB","9fCB0d229HcIC5oZXzXm1I","9fsJTXYv5EN5FEWJleWr6i","9f77fJ7sFCep4NRfF7zXeb","a0JQTgF4FIrZ2RCOwGJ+bu","a01Hp/d3ZK5LJ9XpMCN6MT","a10VE8z71D2IJJXKSouajD","a2MjXRFdtLlYQ5ouAFv/+R","a2Omdb4MNO7a4HUWx8arZR","a3K05m/plMeILSxQNni3xY","a3ii62vnJJfKxd41iX8b75","a3szqYrn5IP5zc1hTghCT0","a40uUzO85MKq+REG/tt40L","a7L7634Z9Cb7PeuOrM6be/","a8UMNV8KpGQoofW7l7Reih","a85D5yhnBKPYPf+5YzNr6L","a9elhqM+lMmZ7I3n1PbtYN","aas/MkbKBK8J8hVuUVIX2B","abEzli9pVEYbFvbi0KQU0M","abmZEX2s5KypSV8thH8v5W","acNhpvEARCKoOEiCTolODz","ac98TUCqpNmaWaOHO1up3X","advkwQJtlHVquzg1AC6hTj","aeBxZWPfZIlqN2aMiTyKm0","aeLbMLa25APZMs9wee7ddX","aePbm5BYtGWZ5Ry/DsEz83","aeiIvBA5BDv4f9BSPaqBHw","afBUFwipxNt46uOzb9ItzH","afu6nUoAtOkbSgI1C3HZA2","b0Txj4yulO/4PM9nZq+12U","b0gO/JretGd4Mnf1beQRLT","b2g/OJwhtG8aOKW+6dGuMn","b3fMCi6aVGk7mV9pekWaHz","b3yag2pnhGPZ2FCf28grI2","b34dflhsVCqrJcPWY3apZp","b3/jcojIFIuanKczsIkI1o","b4Uj852uBAhrAnc3yFfmWz","b5NM6r+KNDqLIbjc+q6601","b8CQ5dCklKs5vveTr3R298","b8kLw3+rlGO5n8s3EuRIr+","b9QeKuOLJJRIylRJD4etaL","b9dJqxeilHR7qH4uFMHUJZ","b9uIjOmrlDwq08TbZg5aAG","baUXkNDYpMc6kygia6x/zr","bbdN0WoO5FLbJLFBZpx9Cs","bb42B9OAtPmqOGKyl+AYqP","bcSRhz0sJLYaXtOHTp6qZT","bdgMrLd5lFXZGCg0P81iIw","bf1d+luC9OrrfXNA6cPtMp","bf3a3wuPpP/aXF9IDmKMCc","c0vRNLDBJByrIAZZMeGIyv","c1JeWO+/pIML8K3hswlXfY","c1h6n48gRHI7L9puWDGezB","c12YYniW1GH52RmKXdX0+Z","c2qbxoV+1OeoCw5kv7fZeY","c3Zne5jf5K+6G+mBKNXJu3","c3yqEEK6JFJaZGfe6BUFk/","c4kip0sZ5P0IC56EZAPSIu","c41SlJlWtIvZvHQhoZWVQe","c56k/3lh5B2bP8im8TYT4R","c6mMpsVghFyZDZRkGlRO7i","c65TVJvhBNxYya6DAJm+cQ","c7eb+JNctNLqLNc8kVBjgi","c7gPITWgBOtYAVv1Dta9s0","c8U19Ys/hNm7pH020iF/9F","c8xExH6CZFYIS4bxRi9fCD","c8+tAP4UFNWZA0C0BcP1sN","c9VupEoCxGbIrIXOJwwOth","c9mlrS7rdEcrMFK1NRoH6j","caPfGBAqBPj5eQd9ZiN3Cb","ca4915sgBEII2TWf54iMfB","cbY2VGiYpGzb5ybhKS4DnD","cbY7mUc9BDC7sDhbdbd54Z","cb9nwmQKJN5buF4e6D0pbf","cdKpIZbTBDKr1eRDOCEZ3f","cd0nlV7HRBmJX9Gal/WY+V","ceY4Fmjl9Ot62l05aLhDrW","ce5JByTg5H64K+TUVv4st4","ce60a6eY1EKr/uhA1g9du3","cfWy3TWcNMcZVZ1jydAeXG","cfXyHm4cpEPp22ae9c33wr","cfmaLLgfpNmYGTY+TZENw0","cfwd0KKPVOe4JArywNL+CK","d0BUc9Bu9JbImTpuGZPBSm","d0aoHVo+dPurhYc/q2L8v4","d0zkRnBL5HBqzzvcMvjnev","d083pW3zdLtrWaT2vHl0Fd","d1XNe1mopITqH+NZGYJZgo","d1lW6+PXtPgJ1fvkYN75sI","d1ufeQDFdAsbEx7scL77uq","d3HPF2k6BNF7M4ue+Sy84S","d3InpsE/dE1YVKXsdWJE2D","d3sKEZvsZC/LmykayXG0AX","d4NgyxztlADp0apMfJWYER","d5BfbLFp1ElKUF5GYy/mOv","d5CUAxiK5BabY4whrZ3KvK","d5GdoljtJI8qxgwb4X3Zll","d5MY0Qf6ZHPIsSC0FsW/x6","d5ZVPxTnNHJJ1ISK+fMl2s","d5jlr552NN/bH6eczjlgWK","d5lP6Y21hHGKq0EEqV1mU6","d9TvwbbptNyLIt+xGu6UZA","d9lmkDgZJBuqeamRwYL7UM","d95FYmGkNIFJVtaSNwc58t","daRo0WIrpAh6nHE3tywHfM","dbA7cREhNEeIJyQclP6e+r","dbQewjFPhDU6HMic8/24vA","dbyhbz009AD5Fw4ni1TQgc","dcESrZTlpHk7a0Oh5bs/Vo","dcKqqyU0JG/buelBdwtjx2","dcQs8wPq5Lt7NPqpZjuyIX","deJ0AZUMdCSppTsejzsuq3","dem03bMUpE/pWCW3UtvM5m","dfVe0e6cNKdreH8zHchkmp","e0fI39JAFB5L5fHaRXIvNa","e1Ros+ogRBEIM5CKGbYfuU","e21w9JGH1OrI5pTYOb1ATe","e3ksiIy5pIe5m0vn3YkBAy","e5NUOnnttLW79XayCE1cev","e5f0btU55Bf42zrbjCEpz5","e6N2uKpO5FmYp+Qryl9rZU","e6jAKbgQBK3I4NrubMemKi","e7q6FL+VZEgLJUjVeDLic/","e9dvUMy/BElo+4cBTIkXYF","e9nXgMgVVKEatzx6gdY3pc","e9oLeqLk9JmaIhNm9Itkzh","e97GVMl6JHh5Ml5qEDdSGa","eaBGPOSmxHP4oaj2egOlBR","eaVZRRht1I8pcXxtunNKEB","eafNY5FitIRIdatktFqfm5","eanpIoGbpMvq3PgBgjiIZX","ebw4Pn2XVAmp5Frzv5I1Gj","ecCTW49kJJYZX+93y4H/Sv","ecEzWTcqdIJoiRGpvnnkIi","ecpdLyjvZBwrvm+cedCcQy","edOzcq3bVFbLslwTB7lGkm","edmLwt+zdBYKdunRCkm2EJ","ednDu8aoNDQI73i1xCUV+s","eei5prVuBKnKRR2E5dZ2j3","ee7givbP9JaIs/ZUFcbT9d","eflNHymeJATp7yCw9c0Dmx","f0BIwQ8D5Ml7nTNQbh1YlS","f00iJHvGxH966c6Z2e9Jt4","f1s8naJnZO2pZK8cquC4VL","f1399mMYJKCKSi+TH2oY4y","f18XLhcJBAVqaNltpiQMEx","f2LpReYJ1NoIq9U7iIZpgw","f2/jEfRSxLgruO8oLaMGER","f3o2Sw6/5CuqHdKMbNlLVQ","f3tEsNfulEF5iCnnC1kE04","f4OkDJXNxHYbNpzzfMQhjt","f4Y9RAhQlE1JTeGxeexu4P","f4lVocDjtABZ0IAd83aP8L","f5NCQl3BtBhob47aAyYnKc","f506Nmqb5A9IezQX70F0CM","f6Ur8Gmh5LzoRIEi07go9t","f6fSEIqERIr5hQsWUQIgR7","f72LFoKhZByJV/0WwT0Zjj","f8UhW/IzRMcajEPdzguwes","f8+T4HGr9NAZpPlDyxi1bA","f9k3Opp7hLfbnGrokreUXM","f9pN8iX6BIUqB76HeFBiln","f9rg8LYdxLaKKCTC+ENCAE","faxKUDWnBKOLMVx+T9zipS","fbAxQ5MLpEE7OEPRSIRXPP","fcIZHkk5tKh6rT840G+H2s","fcUTEkAaVPn5PbPkggOFOb","fca66zw29HXajLG7gV5nZh","fcs+FMniVIgJlr38q4BAuR","fc0sRtvopPYJs8r694Phbh","fdG7CYHnJKeY2zkpdk6XQa","fe0oztIMtAzpzlhwXkuVsP","ffzRUXL4pDXKrrI2U/zjB3"],"scenes":{"db://assets/Bundle/BauVatAiCap/BauVatAiCap.fire":130},"redirect":[250,0,284,1,461,0,521,0,576,0,580,0,586,0,588,1,595,0],"deps":["resources","internal"],"packs":{"010443451":[1,2,4,9,11,12,13,14,16,21,22,24,25,27,28,31,33,34,35,125,39,42,43,44,46,47,48,50,52,53,55,149,56,57,58,59,60,61,62,63,65,66,68,69,70,72,171,74,77,78,79,81,82,83,183,85,87,89],"01360868e":[321,479,530,558,597],"014a43e8d":[280,289,292,306,320,338,346,406,444,447,478,525,550,553,569,582,606],"0156df5e7":[203,238,259,263,324,518,578,584,589,614],"017768f97":[90,0,91,3,5,92,6,7,93,94,8,10,95,96,99,15,17,256,18,103,19,20,105,23,106,108,296,26,109,111,114,116,29,117,30,32,118,121,343,122,347,36,124,37,126,38,129,40,41,130,45,139,140,141,49,143,51,146,54,148,464,156,494,157,64,158,160,161,162,163,165,67,71,73,172,75,173,76,80,84,608,86,88,187],"01a3cd39c":[188,252,264,392,399,482,547],"01c770bf5":[333,353,428,546],"0201c1208":[212,100,472,570,600],"023bf5173":[344,460,594,623,624],"029d18f85":[337,376,481,501,504,529],"03015ba3f":[110,435,517],"0306059c8":[189,398,463,599],"0307baf17":[179,182],"047840d92":[298,400,561],"04deef04a":[190,196,208,215,218,222,248,266,285,300,305,311,314,336,355,356,361,389,430,434,436,438,440,509,520,533,579,593,604,617,622],"056dbed03":[153,573],"0607104fc":[258,385,419,429,433,446,471,476,485,508,532,587,615],"063ece372":[155,175],"0649150a3":[193,234,254,270,348,426,465,551,605],"065df1730":[192,301,374,383,486,512,176],"067d1ab06":[206,225,241,260,271,286,340,366,462,467,531,538,560,564,574,602,611],"06e33951a":[198,216,384,407],"07137329b":[207,239,255,309,322,330,390,394,409,410,416,423,424,452,484,503,543],"075f6009d":[247,262,448,527],"0802b64a6":[191,211,213,220,242,261,276,282,293,315,317,323,329,331,335,349,360,365,369,370,371,413,417,421,425,441,458,502,515,528,540,545,566,174,585],"0814ce95f":[219,235,257,279,283,294,307,379,414,420,442,456,487,500,523,536,537,554,562,577,596,607],"0867396f7":[202,232,253,275,334,359,386,134,432,498,506,581,620,626],"08c263cf4":[199,274,382,388,405,412,415,505,583,590,609],"0981a0c10":[197,362,372],"09db43c44":[104,138],"0b5dfea4f":[204,231,327,457,568,575,601,613,621],"0b87447c2":[195,268,277,325,352,373,408,513,167,619],"0c10e938b":[98,281],"0c7cfe7c4":[229,516],"0ce81dd95":[223,249,273,319,135],"0d435ffb0":[224,233,245,272,291,303,308,345,350,367,401,437,445,449,470,499,557,618],"0d9eeb75f":[210,228,240,295,304,332,375,378,380,391,395,402,150,477,490,497,534,539,542,565,598,612],"0e1b0e4af":[226,278,443],"0e23af1d4":[194,200,201,214,221,227,230,236,237,243,246,265,267,299,313,318,326,328,341,342,357,358,363,368,377,381,393,396,403,404,411,431,450,459,468,469,473,474,475,483,488,495,496,507,511,514,522,541,544,548,552,556,559,563,567,591,592,616],"0e575f857":[244,288,290,316,418,422,451,455,466,480,489,492,493,524,535,549,603,610,625],"0eb20bee0":[97,287],"0eb27983b":[217,251,519,166],"0fab5c84a":[269,297,302,310,312,351,354,364,387,397,427,439,453,454,491,555,571,572],"0fef00840":[209,107,510,526]},"name":"56","importBase":"import","nativeBase":"native","debug":false,"isZip":false,"encrypted":false,"versions":{"import":["010443451","708cd","01360868e","eb47b","014a43e8d","ac64b","0156df5e7","24ca3","017768f97","27703","01a3cd39c","f94b5","01c770bf5","114cb","0201c1208","90a98","023bf5173","aa2dd","029d18f85","60558","03015ba3f","d6ad5","0306059c8","4c4f0","0307baf17","299a0","047840d92","2bc9f","04deef04a","45b57","056dbed03","ea5c4","0607104fc","f861e","063ece372","49f8b","0649150a3","31c72","065df1730","4ba24","067d1ab06","299b1","06e33951a","3e00e","07137329b","1c882","075f6009d","68ab1","0802b64a6","90616","0814ce95f","212a2","0867396f7","d1683","08c263cf4","3c9f8","0981a0c10","fa718","09db43c44","2323b",205,"4f0c3","0b5dfea4f","0e82f","0b87447c2","ec4f5","0c10e938b","38f8f","0c7cfe7c4","c555a","0ce81dd95","01530","0d435ffb0","cb9e4","0d9eeb75f","f690a","0e1b0e4af","8c8bf","0e23af1d4","7f0ee","0e575f857","a1361","0eb20bee0","80c77","0eb27983b","8010e","0fab5c84a","4b400","0fef00840","11f73",101,"5f03c",102,"5ed41",112,"f63b3",113,"fe3fb",115,"1ab4e",119,"83f23",120,"def03",339,"638a1",123,"2a4e2",127,"d701c",128,"ade8a",131,"03d81",132,"4bcc3",133,"1fb19",136,"08a8f",137,"9a689",142,"d19b6",144,"06bd9",145,"bc778",147,"ba626",151,"44b40",152,"0616f",154,"140f2",159,"b700a",164,"32bc2",168,"74ccd",169,"a8db1",170,"a3233",177,"fef45",178,"166f4",180,"268d2",181,"6c463",184,"87b1d",185,"ceb51",186,"a507e"],"native":[0,"f64bc",1,"b55f5",2,"1ad07",3,"30634",4,"ce515",5,"c95c2",6,"171d5",7,"23f0c",8,"6407f",9,"d147c",10,"adcae",11,"d13b3",12,"0fa24",13,"7c530",14,"0fd6c",15,"2753c",16,"f0828",17,"f3966",18,"eb3b4",19,"0864c",20,"b6a96",21,"a5396",22,"101d6",23,"2f960",24,"fa6b3",25,"0482a",26,"fd51d",27,"33751",28,"3287e",29,"f438a",30,"93958",31,"170ef",32,"20ce2",33,"77465",34,"00087",35,"929de",36,"a5f4f",125,"6d707",37,"d7ddc",38,"a6086",39,"6f7d7",40,"babe8",41,"c4183",42,"decf3",43,"ade98",44,"05c44",45,"7962a",46,"88df1",47,"203c0",48,"adf12",49,"439cd",50,"3d932",51,"2f0e4",52,"e5fe8",53,"05da1",54,"5b0eb",55,"29542",149,"37b53",56,"48045",57,"4bdbb",58,"b2598",59,"972cc",60,"a09cb",61,"21d23",62,"8d87c",63,"8fe2b",64,"be4d7",65,"a9715",66,"d15d4",67,"9c048",68,"3d6e5",69,"29ad1",70,"6104d",71,"dff3e",72,"766d9",171,"d55c2",73,"75421",74,"d633b",75,"9faf3",76,"7d114",77,"3eec1",78,"f32e5",79,"6c1df",80,"92bb6",81,"73e66",82,"126ac",83,"159aa",183,"284a9",84,"6581e",85,"8c389",86,"c3f38",87,"11892",88,"d9939",89,"8bc8b"]}}