[
  1,
  [
    "1ce8fe931",
    "97HKLxqhVLvJ4xlw14QxYH",
    "f4KptG2FdMaYLGLoOIQ3iH",
    "e9Hloqx6ZAf6f0x2kuePw3",
    "d2aT+5TH9JIblsoamb2Bfx",
    "6aXvJIeyZCbJ1TMpCIc1rd",
    "8dufoeRwFMdIvqKjQX1UO6",
    "efxc3u/MpKm7ck6K7YenYS",
    "4e4NUE+IhGkrnhfiGneAfB",
    "03Z2myS+VBk6niewXZgpjr",
    "f9uLxGhjhJzrtWTtzG5kJw",
    "84Qt5eXLZEjKYGi87FarSw",
    "f1W7vNjhhMFYz3YCm8E6Nk",
    "66L59kMslCcp+otCm8eXRE",
    "b4DDeJfvNL+YcAD5UIDwOC",
    "39WrF+tltG8rXdK3wODveC",
    "87jUaJeA1A+5IAHXygkuVY",
    "6cqyYJa7tCWL+tmBIPjpDz"
  ],
  [
    "_textureSetter",
    "value"
  ],
  [
    "cc.SpriteFrame",
    [
      "cc.AnimationClip",
      [
        "_name",
        "_duration",
        "sample",
        "curveData"
      ],
      0,
      11
    ]
  ],
  [
    [
      1,
      0,
      1,
      2,
      3,
      4
    ]
  ],
  [
    [
      [
        {
          "name": "feature_vfx_b_screen_08",
          "rect": [
            1,
            1,
            125,
            124
          ],
          "offset": [
            0,
            0
          ],
          "originalSize": [
            125,
            124
          ],
          "capInsets": [
            0,
            0,
            0,
            0
          ]
        }
      ],
      [
        0
      ],
      0,
      [
        0
      ],
      [
        0
      ],
      [
        0
      ]
    ],
    [
      [
        {
          "name": "feature_vfx_b_screen_14",
          "rect": [
            128,
            1,
            125,
            124
          ],
          "offset": [
            0,
            0
          ],
          "originalSize": [
            125,
            124
          ],
          "capInsets": [
            0,
            0,
            0,
            0
          ]
        }
      ],
      [
        0
      ],
      0,
      [
        0
      ],
      [
        0
      ],
      [
        0
      ]
    ],
    [
      [
        {
          "name": "feature_vfx_b_screen_07",
          "rect": [
            255,
            1,
            125,
            124
          ],
          "offset": [
            0,
            0
          ],
          "originalSize": [
            125,
            124
          ],
          "capInsets": [
            0,
            0,
            0,
            0
          ]
        }
      ],
      [
        0
      ],
      0,
      [
        0
      ],
      [
        0
      ],
      [
        0
      ]
    ],
    [
      [
        {
          "name": "feature_vfx_b_screen_12",
          "rect": [
            382,
            1,
            125,
            124
          ],
          "offset": [
            0,
            0
          ],
          "originalSize": [
            125,
            124
          ],
          "capInsets": [
            0,
            0,
            0,
            0
          ]
        }
      ],
      [
        0
      ],
      0,
      [
        0
      ],
      [
        0
      ],
      [
        0
      ]
    ],
    [
      [
        {
          "name": "feature_vfx_b_screen_04",
          "rect": [
            1,
            127,
            125,
            124
          ],
          "offset": [
            0,
            0
          ],
          "originalSize": [
            125,
            124
          ],
          "capInsets": [
            0,
            0,
            0,
            0
          ]
        }
      ],
      [
        0
      ],
      0,
      [
        0
      ],
      [
        0
      ],
      [
        0
      ]
    ],
    [
      [
        {
          "name": "feature_vfx_b_screen_16",
          "rect": [
            128,
            127,
            125,
            124
          ],
          "offset": [
            0,
            0
          ],
          "originalSize": [
            125,
            124
          ],
          "capInsets": [
            0,
            0,
            0,
            0
          ]
        }
      ],
      [
        0
      ],
      0,
      [
        0
      ],
      [
        0
      ],
      [
        0
      ]
    ],
    [
      [
        [
          0,
          "AddSymbol2",
          0.85,
          20,
          [
            {},
            "paths",
            11,
            [
              {
                "feature_vfx_d_screen": {
                  "props": {
                    "opacity": [
                      {
                        "frame": 0,
                        "value": 150
                      },
                      {
                        "frame": 0.45,
                        "value": 0
                      }
                    ]
                  }
                }
              },
              "feature_vfx_b_screen_00",
              11,
              [
                {},
                "comps",
                11,
                [
                  {},
                  "cc.Sprite",
                  11,
                  [
                    {},
                    "spriteFrame",
                    12,
                    [
                      [
                        [
                          {
                            "frame": 0
                          },
                          "value",
                          6,
                          0
                        ],
                        [
                          {
                            "frame": 0.05
                          },
                          "value",
                          6,
                          1
                        ],
                        [
                          {
                            "frame": 0.1
                          },
                          "value",
                          6,
                          2
                        ],
                        [
                          {
                            "frame": 0.15
                          },
                          "value",
                          6,
                          3
                        ],
                        [
                          {
                            "frame": 0.2
                          },
                          "value",
                          6,
                          4
                        ],
                        [
                          {
                            "frame": 0.25
                          },
                          "value",
                          6,
                          5
                        ],
                        [
                          {
                            "frame": 0.3
                          },
                          "value",
                          6,
                          6
                        ],
                        [
                          {
                            "frame": 0.35
                          },
                          "value",
                          6,
                          7
                        ],
                        [
                          {
                            "frame": 0.4
                          },
                          "value",
                          6,
                          8
                        ],
                        [
                          {
                            "frame": 0.45
                          },
                          "value",
                          6,
                          9
                        ],
                        [
                          {
                            "frame": 0.5
                          },
                          "value",
                          6,
                          10
                        ],
                        [
                          {
                            "frame": 0.55
                          },
                          "value",
                          6,
                          11
                        ],
                        [
                          {
                            "frame": 0.6
                          },
                          "value",
                          6,
                          12
                        ],
                        [
                          {
                            "frame": 0.65
                          },
                          "value",
                          6,
                          13
                        ],
                        [
                          {
                            "frame": 0.7
                          },
                          "value",
                          6,
                          14
                        ],
                        [
                          {
                            "frame": 0.75
                          },
                          "value",
                          6,
                          15
                        ],
                        [
                          {
                            "frame": 0.8
                          },
                          "value",
                          6,
                          16
                        ]
                      ],
                      11,
                      11,
                      11,
                      11,
                      11,
                      11,
                      11,
                      11,
                      11,
                      11,
                      11,
                      11,
                      11,
                      11,
                      11,
                      11,
                      11
                    ]
                  ]
                ]
              ]
            ]
          ]
        ]
      ],
      0,
      0,
      [
        0,
        0,
        0,
        0,
        0,
        0,
        0,
        0,
        0,
        0,
        0,
        0,
        0,
        0,
        0,
        0,
        0
      ],
      [
        1,
        1,
        1,
        1,
        1,
        1,
        1,
        1,
        1,
        1,
        1,
        1,
        1,
        1,
        1,
        1,
        1
      ],
      [
        1,
        2,
        3,
        4,
        5,
        6,
        7,
        8,
        9,
        10,
        11,
        12,
        13,
        14,
        15,
        16,
        17
      ]
    ],
    [
      [
        {
          "name": "feature_vfx_b_screen_10",
          "rect": [
            255,
            127,
            125,
            124
          ],
          "offset": [
            0,
            0
          ],
          "originalSize": [
            125,
            124
          ],
          "capInsets": [
            0,
            0,
            0,
            0
          ]
        }
      ],
      [
        0
      ],
      0,
      [
        0
      ],
      [
        0
      ],
      [
        0
      ]
    ],
    [
      [
        {
          "name": "feature_vfx_b_screen_15",
          "rect": [
            382,
            127,
            125,
            124
          ],
          "offset": [
            0,
            0
          ],
          "originalSize": [
            125,
            124
          ],
          "capInsets": [
            0,
            0,
            0,
            0
          ]
        }
      ],
      [
        0
      ],
      0,
      [
        0
      ],
      [
        0
      ],
      [
        0
      ]
    ],
    [
      [
        {
          "name": "feature_vfx_b_screen_05",
          "rect": [
            1,
            253,
            125,
            124
          ],
          "offset": [
            0,
            0
          ],
          "originalSize": [
            125,
            124
          ],
          "capInsets": [
            0,
            0,
            0,
            0
          ]
        }
      ],
      [
        0
      ],
      0,
      [
        0
      ],
      [
        0
      ],
      [
        0
      ]
    ],
    [
      [
        {
          "name": "feature_vfx_b_screen_00",
          "rect": [
            128,
            253,
            125,
            124
          ],
          "offset": [
            0,
            0
          ],
          "originalSize": [
            125,
            124
          ],
          "capInsets": [
            0,
            0,
            0,
            0
          ]
        }
      ],
      [
        0
      ],
      0,
      [
        0
      ],
      [
        0
      ],
      [
        0
      ]
    ],
    [
      [
        {
          "name": "feature_vfx_b_screen_13",
          "rect": [
            255,
            253,
            125,
            124
          ],
          "offset": [
            0,
            0
          ],
          "originalSize": [
            125,
            124
          ],
          "capInsets": [
            0,
            0,
            0,
            0
          ]
        }
      ],
      [
        0
      ],
      0,
      [
        0
      ],
      [
        0
      ],
      [
        0
      ]
    ],
    [
      [
        {
          "name": "feature_vfx_b_screen_03",
          "rect": [
            382,
            253,
            125,
            124
          ],
          "offset": [
            0,
            0
          ],
          "originalSize": [
            125,
            124
          ],
          "capInsets": [
            0,
            0,
            0,
            0
          ]
        }
      ],
      [
        0
      ],
      0,
      [
        0
      ],
      [
        0
      ],
      [
        0
      ]
    ],
    [
      [
        {
          "name": "feature_vfx_b_screen_02",
          "rect": [
            1,
            379,
            125,
            124
          ],
          "offset": [
            0,
            0
          ],
          "originalSize": [
            125,
            124
          ],
          "capInsets": [
            0,
            0,
            0,
            0
          ]
        }
      ],
      [
        0
      ],
      0,
      [
        0
      ],
      [
        0
      ],
      [
        0
      ]
    ],
    [
      [
        {
          "name": "feature_vfx_b_screen_06",
          "rect": [
            128,
            379,
            125,
            124
          ],
          "offset": [
            0,
            0
          ],
          "originalSize": [
            125,
            124
          ],
          "capInsets": [
            0,
            0,
            0,
            0
          ]
        }
      ],
      [
        0
      ],
      0,
      [
        0
      ],
      [
        0
      ],
      [
        0
      ]
    ],
    [
      [
        {
          "name": "feature_vfx_b_screen_11",
          "rect": [
            255,
            379,
            125,
            124
          ],
          "offset": [
            0,
            0
          ],
          "originalSize": [
            125,
            124
          ],
          "capInsets": [
            0,
            0,
            0,
            0
          ]
        }
      ],
      [
        0
      ],
      0,
      [
        0
      ],
      [
        0
      ],
      [
        0
      ]
    ],
    [
      [
        {
          "name": "feature_vfx_b_screen_01",
          "rect": [
            382,
            379,
            125,
            124
          ],
          "offset": [
            0,
            0
          ],
          "originalSize": [
            125,
            124
          ],
          "capInsets": [
            0,
            0,
            0,
            0
          ]
        }
      ],
      [
        0
      ],
      0,
      [
        0
      ],
      [
        0
      ],
      [
        0
      ]
    ],
    [
      [
        {
          "name": "feature_vfx_b_screen_09",
          "rect": [
            1,
            505,
            125,
            124
          ],
          "offset": [
            0,
            0
          ],
          "originalSize": [
            125,
            124
          ],
          "capInsets": [
            0,
            0,
            0,
            0
          ]
        }
      ],
      [
        0
      ],
      0,
      [
        0
      ],
      [
        0
      ],
      [
        0
      ]
    ]
  ]
]