[
  1,
  0,
  0,
  [
    [
      "cc.AnimationClip",
      [
        "_name",
        "_duration",
        "wrapMode",
        "events",
        "curveData"
      ],
      -2
    ]
  ],
  [
    [
      0,
      0,
      1,
      2,
      3,
      4,
      6
    ]
  ],
  [
    [
      0,
      "ItemBlur",
      0.6333333333333333,
      2,
      [
        {
          "frame": 0.6333333333333333,
          "func": "loopBlur",
          "params": []
        }
      ],
      {
        "paths": {
          "Nodeblur": {
            "props": {
              "y": [
                {
                  "frame": 0,
                  "value": 1008.599
                },
                {
                  "frame": 0.6333333333333333,
                  "value": 0
                }
              ]
            }
          }
        }
      }
    ]
  ],
  0,
  0,
  [],
  [],
  []
]