[1,["bcaF42FQtLIKTJ4QiKrxsk","25f8YR5+tKwrzSm0qs+mR3","beQ9XsLjJNNZlbUYcZgVh+","78fdWJ9LlDl7i/9PyYoiXI","d0Dcax1VRI4J8Xj8sfVjwh","52HhBYsy1L5rB8Rh5PCOm5","db0FYrk01JN7r3fGnIiOeO","5ftX3jCzpGRJ2Q/WbZFhiu","2b7B07MnxBcrvDcoe7NnQP","7eycXFHrNAaZAjWJxZWYUX","02A+jeqwlJ3aHz2il2jk7h","98i+7xOaVNLrrSWPAjij3F"],["_textureSetter","wild_vfx_f_add_04_04","wild_vfx_f_add_04_03","wild_vfx_f_add_04_01","wild_vfx_f_add_04_07","wild_vfx_f_add_04_06","wild_vfx_f_add_04_10","wild_vfx_f_add_04_02","wild_vfx_f_add_04_09","wild_vfx_f_add_04_05","wild_vfx_f_add_04_00","wild_vfx_f_add_04_08"],["cc.SpriteFrame",["cc.SpriteAtlas",["_name","_spriteFrames"],2,11]],[[1,0,1,2]],[[[{"name":"wild_vfx_f_add_04_00","rect":[699,157,152,146],"offset":[-2,180],"originalSize":[210,532],"rotated":1,"capInsets":[0,0,0,0]}],[0],0,[0],[0],[0]],[[{"name":"wild_vfx_f_add_04_04","rect":[161,1,166,420],"offset":[4,35],"originalSize":[210,532],"capInsets":[0,0,0,0]}],[0],0,[0],[0],[0]],[[{"name":"wild_vfx_f_add_04_09","rect":[681,313,150,214],"offset":[11,-150],"originalSize":[210,532],"rotated":1,"capInsets":[0,0,0,0]}],[0],0,[0],[0],[0]],[[{"name":"wild_vfx_f_add_04_06","rect":[329,1,154,430],"offset":[10,-37],"originalSize":[210,532],"rotated":1,"capInsets":[0,0,0,0]}],[0],0,[0],[0],[0]],[[{"name":"wild_vfx_f_add_04_02","rect":[1,481,168,284],"offset":[2,113],"originalSize":[210,532],"rotated":1,"capInsets":[0,0,0,0]}],[0],0,[0],[0],[0]],[[{"name":"wild_vfx_f_add_04_01","rect":[573,483,160,202],"offset":[2,154],"originalSize":[210,532],"rotated":1,"capInsets":[0,0,0,0]}],[0],0,[0],[0],[0]],[[{"name":"wild_vfx_f_add_04_05","rect":[1,1,158,478],"offset":[8,-4],"originalSize":[210,532],"capInsets":[0,0,0,0]}],[0],0,[0],[0],[0]],[[{"name":"wild_vfx_f_add_04_08","rect":[287,483,154,284],"offset":[10,-115],"originalSize":[210,532],"rotated":1,"capInsets":[0,0,0,0]}],[0],0,[0],[0],[0]],[[{"name":"wild_vfx_f_add_04_03","rect":[329,313,168,350],"offset":[2,77],"originalSize":[210,532],"rotated":1,"capInsets":[0,0,0,0]}],[0],0,[0],[0],[0]],[[{"name":"wild_vfx_f_add_04_07","rect":[329,157,154,368],"offset":[10,-73],"originalSize":[210,532],"rotated":1,"capInsets":[0,0,0,0]}],[0],0,[0],[0],[0]],[[{"name":"wild_vfx_f_add_04_10","rect":[761,1,138,104],"offset":[14,-204],"originalSize":[210,532],"rotated":1,"capInsets":[0,0,0,0]}],[0],0,[0],[0],[0]],[[[0,"Alats72.plist",[{},"wild_vfx_f_add_04_04",6,0,"wild_vfx_f_add_04_03",6,1,"wild_vfx_f_add_04_01",6,2,"wild_vfx_f_add_04_07",6,3,"wild_vfx_f_add_04_06",6,4,"wild_vfx_f_add_04_10",6,5,"wild_vfx_f_add_04_02",6,6,"wild_vfx_f_add_04_09",6,7,"wild_vfx_f_add_04_05",6,8,"wild_vfx_f_add_04_00",6,9,"wild_vfx_f_add_04_08",6,10]]],0,0,[0,0,0,0,0,0,0,0,0,0,0],[1,2,3,4,5,6,7,8,9,10,11],[1,2,3,4,5,6,7,8,9,10,11]]]]