[1,["ffVb0RBxxF65hylBP4tWb0","80xd6aVWpB57jq+46RN2aP","cdZsIbiEhP3a7v8CBBKXgQ","97Xg+d6VlHXKXrQQQrdNSg","31P92/1ExJp5zOC7hZhhcw","32vTMnJO9Bb6aOb0EWpZWJ"],["main_bg_multiplier_mask","ways_bar","main_reel","setting_tint","main_reel_frame","_textureSetter"],["cc.SpriteFrame",["cc.SpriteAtlas",["_name","_spriteFrames"],2,11]],[[1,0,1,2]],[[[[0,"Alats3.plist",[{},"main_bg_multiplier_mask",6,0,"ways_bar",6,1,"main_reel",6,2,"setting_tint",6,3,"main_reel_frame",6,4]]],0,0,[0,0,0,0,0],[0,1,2,3,4],[0,1,2,3,4]],[[{"name":"setting_tint","rect":[1511,1,100,564],"offset":[0,-43],"originalSize":[100,650],"capInsets":[0,0,0,0]}],[0],0,[0],[5],[5]]]]