[
  1,
  [
    "61Zjm0//5NAI55KwZT89zx",
    "ecpC3cU8dElbyQBDk45LJw",
    "c96z19/xlO86U4PXEE0m+P",
    "f2eFS24a9MF4DlSEclqnHv",
    "05HEnBj+NGTqZB/+5b2eOY",
    "62WzsRV9hKUL7Y7FbcbIfT",
    "88MofrrUJCxakOQ/aRh1TG",
    "1bvd0WXHxAnaz/xLr5WTR5",
    "78FCHLu5FGNZ4kSm0AfGSh",
    "e4oE52QLhPopFBOG4nw2br",
    "ed41nJBgVBdrEhFYGYyath",
    "1e9y/BY9tGIJXqjyyE/xI8",
    "bahTISiehNhahBU6ZW4ItM",
    "b0jMq3q1xFprqt6+wExiz6",
    "7biidvNxhGQYbWetQeTnZ0",
    "29HQhOQQtBYJ/0ETMDFr51",
    "835OxgCflCo4UPXxiZvRxJ",
    "697B7tFwRMW4sde2+ioLgt"
  ],
  [
    "value"
  ],
  [
    [
      "cc.AnimationClip",
      [
        "_name",
        "_duration",
        "sample",
        "curveData"
      ],
      0,
      11
    ]
  ],
  [
    [
      0,
      0,
      1,
      2,
      3,
      4
    ]
  ],
  [
    [
      0,
      "NearWinFS",
      1.8,
      10,
      [
        {},
        "comps",
        11,
        [
          {},
          "cc.Sprite",
          11,
          [
            {},
            "spriteFrame",
            12,
            [
              [
                [
                  {
                    "frame": 0
                  },
                  "value",
                  6,
                  0
                ],
                [
                  {
                    "frame": 0.1
                  },
                  "value",
                  6,
                  1
                ],
                [
                  {
                    "frame": 0.2
                  },
                  "value",
                  6,
                  2
                ],
                [
                  {
                    "frame": 0.3
                  },
                  "value",
                  6,
                  3
                ],
                [
                  {
                    "frame": 0.4
                  },
                  "value",
                  6,
                  4
                ],
                [
                  {
                    "frame": 0.5
                  },
                  "value",
                  6,
                  5
                ],
                [
                  {
                    "frame": 0.6
                  },
                  "value",
                  6,
                  6
                ],
                [
                  {
                    "frame": 0.7
                  },
                  "value",
                  6,
                  7
                ],
                [
                  {
                    "frame": 0.8
                  },
                  "value",
                  6,
                  8
                ],
                [
                  {
                    "frame": 0.9
                  },
                  "value",
                  6,
                  9
                ],
                [
                  {
                    "frame": 1
                  },
                  "value",
                  6,
                  10
                ],
                [
                  {
                    "frame": 1.1
                  },
                  "value",
                  6,
                  11
                ],
                [
                  {
                    "frame": 1.2
                  },
                  "value",
                  6,
                  12
                ],
                [
                  {
                    "frame": 1.3
                  },
                  "value",
                  6,
                  13
                ],
                [
                  {
                    "frame": 1.4
                  },
                  "value",
                  6,
                  14
                ],
                [
                  {
                    "frame": 1.5
                  },
                  "value",
                  6,
                  15
                ],
                [
                  {
                    "frame": 1.6
                  },
                  "value",
                  6,
                  16
                ],
                [
                  {
                    "frame": 1.7
                  },
                  "value",
                  6,
                  17
                ]
              ],
              11,
              11,
              11,
              11,
              11,
              11,
              11,
              11,
              11,
              11,
              11,
              11,
              11,
              11,
              11,
              11,
              11,
              11
            ]
          ]
        ]
      ]
    ]
  ],
  0,
  0,
  [
    0,
    0,
    0,
    0,
    0,
    0,
    0,
    0,
    0,
    0,
    0,
    0,
    0,
    0,
    0,
    0,
    0,
    0
  ],
  [
    0,
    0,
    0,
    0,
    0,
    0,
    0,
    0,
    0,
    0,
    0,
    0,
    0,
    0,
    0,
    0,
    0,
    0
  ],
  [
    0,
    1,
    2,
    3,
    4,
    5,
    6,
    7,
    8,
    9,
    10,
    11,
    12,
    13,
    14,
    15,
    16,
    17
  ]
]