[1,["437FjlMolK9KGuPLeqjRu4"],["_textureSetter"],["cc.SpriteFrame"],0,[[[{"name":"wh_vfx_c_01","rect":[1,441,226,198],"offset":[-6,-10],"originalSize":[238,218],"rotated":1,"capInsets":[0,0,0,0]}],[0],0,[0],[0],[0]],[[{"name":"wh_vfx_c_02","rect":[209,1,232,198],"offset":[-3,-10],"originalSize":[238,218],"capInsets":[0,0,0,0]}],[0],0,[0],[0],[0]],[[{"name":"wh_vfx_c_04","rect":[1,1,238,206],"offset":[0,-3],"originalSize":[238,218],"rotated":1,"capInsets":[0,0,0,0]}],[0],0,[0],[0],[0]],[[{"name":"wh_vfx_c_00","rect":[239,431,226,198],"offset":[-6,-10],"originalSize":[238,218],"capInsets":[0,0,0,0]}],[0],0,[0],[0],[0]],[[{"name":"wh_vfx_c_15","rect":[1,669,182,156],"offset":[1,0],"originalSize":[238,218],"capInsets":[0,0,0,0]}],[0],0,[0],[0],[0]],[[{"name":"wh_vfx_c_06","rect":[443,1,196,168],"offset":[1,1],"originalSize":[238,218],"rotated":1,"capInsets":[0,0,0,0]}],[0],0,[0],[0],[0]],[[{"name":"wh_vfx_c_13","rect":[201,631,190,158],"offset":[-1,1],"originalSize":[238,218],"capInsets":[0,0,0,0]}],[0],0,[0],[0],[0]],[[{"name":"wh_vfx_c_09","rect":[467,369,196,166],"offset":[0,1],"originalSize":[238,218],"rotated":1,"capInsets":[0,0,0,0]}],[0],0,[0],[0],[0]],[[{"name":"wh_vfx_c_05","rect":[239,201,228,202],"offset":[1,0],"originalSize":[238,218],"rotated":1,"capInsets":[0,0,0,0]}],[0],0,[0],[0],[0]],[[{"name":"wh_vfx_c_11","rect":[635,369,194,162],"offset":[0,2],"originalSize":[238,218],"rotated":1,"capInsets":[0,0,0,0]}],[0],0,[0],[0],[0]],[[{"name":"wh_vfx_c_10","rect":[467,567,194,164],"offset":[0,1],"originalSize":[238,218],"capInsets":[0,0,0,0]}],[0],0,[0],[0],[0]],[[{"name":"wh_vfx_c_07","rect":[443,199,196,168],"offset":[1,1],"originalSize":[238,218],"capInsets":[0,0,0,0]}],[0],0,[0],[0],[0]],[[{"name":"wh_vfx_c_12","rect":[641,169,192,160],"offset":[0,2],"originalSize":[238,218],"rotated":1,"capInsets":[0,0,0,0]}],[0],0,[0],[0],[0]],[[{"name":"wh_vfx_c_08","rect":[613,1,196,166],"offset":[0,1],"originalSize":[238,218],"capInsets":[0,0,0,0]}],[0],0,[0],[0],[0]],[[{"name":"wh_vfx_c_03","rect":[1,241,236,198],"offset":[-1,-9],"originalSize":[238,218],"capInsets":[0,0,0,0]}],[0],0,[0],[0],[0]],[[{"name":"wh_vfx_c_14","rect":[663,565,186,156],"offset":[-1,0],"originalSize":[238,218],"rotated":1,"capInsets":[0,0,0,0]}],[0],0,[0],[0],[0]]]]