[
  1,
  [
    "advHH8y1BJZIsRyeyluQvL"
  ],
  0,
  [
    [
      "sp.SkeletonData",
      [
        "_name",
        "_atlasText",
        "textureNames",
        "_skeletonJson",
        "textures"
      ],
      -1,
      3
    ]
  ],
  [
    [
      0,
      0,
      1,
      2,
      3,
      4,
      5
    ]
  ],
  [
    [
      0,
      "skeleton",
      "\r\nskeleton.png\r\nsize: 777,777\r\nformat: RGBA8888\r\nfilter: Linear,Linear\r\nrepeat: none\r\nLayer 2\r\n  rotate: false\r\n  xy: 2, 612\r\n  size: 163, 163\r\n  orig: 163, 163\r\n  offset: 0, 0\r\n  index: -1\r\nLayer 3\r\n  rotate: false\r\n  xy: 167, 586\r\n  size: 200, 189\r\n  orig: 202, 191\r\n  offset: 1, 1\r\n  index: -1\r\nbg_blue\r\n  rotate: false\r\n  xy: 369, 586\r\n  size: 199, 189\r\n  orig: 201, 191\r\n  offset: 1, 1\r\n  index: -1\r\nef\r\n  rotate: false\r\n  xy: 570, 580\r\n  size: 205, 195\r\n  orig: 207, 197\r\n  offset: 1, 1\r\n  index: -1\r\n",
      [
        "skeleton.png"
      ],
      {
        "skeleton": {
          "hash": "E0c5I+u0O9qfAoQqSFLBtcvuaZs",
          "spine": "3.8.99",
          "x": -101.3,
          "y": -95.44,
          "width": 200.67,
          "height": 189.63,
          "images": "./images/",
          "audio": "D:/game bai/tonggame/slot_TNK/anim/s_staff"
        },
        "bones": [
          {
            "name": "root"
          },
          {
            "name": "Layer 2",
            "parent": "root",
            "length": 62.74,
            "rotation": 135.29,
            "x": 125.85,
            "y": -122.31
          },
          {
            "name": "Layer 4",
            "parent": "Layer 2",
            "length": 61.18,
            "rotation": -2.7,
            "x": 132.3,
            "y": 0.01
          },
          {
            "name": "Layer 3",
            "parent": "Layer 4",
            "length": 55.68,
            "rotation": 0.76,
            "x": 62.8,
            "y": -0.25
          },
          {
            "name": "ef",
            "parent": "Layer 2",
            "rotation": -135.29,
            "x": 185.71,
            "y": 0.38
          }
        ],
        "slots": [
          {
            "name": "clipping",
            "bone": "root",
            "attachment": "clipping"
          },
          {
            "name": "bg_blue",
            "bone": "root",
            "attachment": "bg_blue"
          },
          {
            "name": "Layer 2",
            "bone": "Layer 3",
            "attachment": "Layer 2"
          },
          {
            "name": "ef",
            "bone": "ef",
            "attachment": "ef",
            "blend": "additive"
          },
          {
            "name": "Layer 3",
            "bone": "root",
            "attachment": "Layer 3"
          }
        ],
        "skins": [
          {
            "name": "default",
            "attachments": {
              "Layer 2": {
                "Layer 2": {
                  "type": "mesh",
                  "hull": 12,
                  "width": 163,
                  "height": 163,
                  "uvs": [
                    0.41015,
                    0.11615,
                    0.68018,
                    0.47277,
                    0.67606,
                    0.5614,
                    1,
                    0.88091,
                    1,
                    1,
                    0.86983,
                    1,
                    0.52558,
                    0.69539,
                    0.40602,
                    0.65829,
                    0,
                    0.29137,
                    0,
                    0.14707,
                    0.15454,
                    0,
                    0.31532,
                    0,
                    0.11744,
                    0.39237
                  ],
                  "triangles": [
                    12,
                    8,
                    9,
                    10,
                    12,
                    9,
                    10,
                    11,
                    0,
                    12,
                    10,
                    0,
                    7,
                    12,
                    0,
                    0,
                    1,
                    7,
                    2,
                    7,
                    1,
                    8,
                    12,
                    7,
                    6,
                    7,
                    2,
                    5,
                    2,
                    3,
                    6,
                    2,
                    5,
                    5,
                    3,
                    4
                  ],
                  "vertices": [
                    2,
                    2,
                    87.86,
                    -33.32,
                    0.00032,
                    3,
                    24.62,
                    -33.39,
                    0.99968,
                    3,
                    1,
                    83.55,
                    -27.43,
                    0.00059,
                    2,
                    15.32,
                    -26.38,
                    0.99384,
                    3,
                    -47.83,
                    -25.5,
                    0.00556,
                    2,
                    1,
                    80.92,
                    -16.65,
                    0.11299,
                    2,
                    12.18,
                    -15.74,
                    0.88701,
                    1,
                    1,
                    62.46,
                    -16.45,
                    1,
                    1,
                    1,
                    48.81,
                    -2.66,
                    1,
                    1,
                    1,
                    63.89,
                    12.27,
                    1,
                    2,
                    1,
                    82.77,
                    16.13,
                    0.10958,
                    2,
                    12.49,
                    17.09,
                    0.89042,
                    1,
                    2,
                    23.26,
                    26.98,
                    1,
                    2,
                    2,
                    112.08,
                    35.23,
                    0.00644,
                    3,
                    49.74,
                    34.83,
                    0.99356,
                    2,
                    2,
                    129.39,
                    19.31,
                    0,
                    3,
                    66.84,
                    18.69,
                    1,
                    1,
                    3,
                    66.98,
                    -16.09,
                    1,
                    1,
                    3,
                    49,
                    -35.15,
                    1,
                    2,
                    2,
                    87,
                    32.28,
                    0.13427,
                    3,
                    24.62,
                    32.21,
                    0.86573
                  ],
                  "edges": [
                    8,
                    6,
                    6,
                    4,
                    4,
                    2,
                    2,
                    0,
                    0,
                    22,
                    20,
                    22,
                    20,
                    18,
                    16,
                    18,
                    16,
                    24,
                    24,
                    14,
                    14,
                    12,
                    8,
                    10,
                    12,
                    10,
                    14,
                    16
                  ]
                }
              },
              "Layer 3": {
                "Layer 3": {
                  "x": -0.97,
                  "y": -0.59,
                  "width": 202,
                  "height": 191
                }
              },
              "bg_blue": {
                "bg_blue": {
                  "x": -0.47,
                  "y": -0.59,
                  "width": 201,
                  "height": 191
                }
              },
              "clipping": {
                "clipping": {
                  "type": "clipping",
                  "end": "clipping",
                  "vertexCount": 41,
                  "color": "ce3a3aff",
                  "vertices": [
                    -73.89,
                    94.19,
                    72.66,
                    94.19,
                    73.77,
                    90.02,
                    75.74,
                    86.87,
                    79.28,
                    83.91,
                    83.22,
                    82.53,
                    86.57,
                    81.55,
                    86.57,
                    75.25,
                    91.49,
                    74.65,
                    95.83,
                    72.68,
                    98.39,
                    70.12,
                    99.37,
                    66.38,
                    99.21,
                    -71.87,
                    97.24,
                    -74.63,
                    93.89,
                    -76.8,
                    90.54,
                    -77.98,
                    86.99,
                    -78.57,
                    86.21,
                    -84.87,
                    82.46,
                    -85.32,
                    79.11,
                    -87.09,
                    76.16,
                    -90.04,
                    72.81,
                    -95.17,
                    -74.33,
                    -95.44,
                    -75.91,
                    -91.89,
                    -79.26,
                    -88.34,
                    -83,
                    -85.98,
                    -87.93,
                    -85.19,
                    -88.12,
                    -77.9,
                    -92.06,
                    -77.31,
                    -95.41,
                    -75.54,
                    -98.76,
                    -73.18,
                    -101.12,
                    -69.04,
                    -101.3,
                    65.45,
                    -99.53,
                    69,
                    -96.37,
                    72.15,
                    -92.83,
                    74.51,
                    -88.3,
                    75.5,
                    -88.1,
                    81.6,
                    -82.78,
                    82.98,
                    -78.25,
                    84.76,
                    -75.29,
                    88.5
                  ]
                }
              },
              "ef": {
                "ef": {
                  "x": 5.94,
                  "y": -8.65,
                  "width": 207,
                  "height": 197
                }
              }
            }
          }
        ],
        "animations": {
          "animation": {
            "bones": {
              "Layer 2": {
                "rotate": [
                  {
                    "curve": 0.25,
                    "c3": 0.75
                  },
                  {
                    "time": 0.3333,
                    "angle": -9.8,
                    "curve": 0.25,
                    "c3": 0.75
                  },
                  {
                    "time": 0.6667,
                    "angle": 18.15,
                    "curve": 0.25,
                    "c3": 0.75
                  },
                  {
                    "time": 1,
                    "angle": -9.8,
                    "curve": 0.25,
                    "c3": 0.75
                  },
                  {
                    "time": 1.3333,
                    "angle": 18.15,
                    "curve": 0.25,
                    "c3": 0.75
                  },
                  {
                    "time": 2
                  }
                ]
              },
              "ef": {
                "rotate": [
                  {},
                  {
                    "time": 0.3333,
                    "angle": -138.15
                  },
                  {
                    "time": 0.6667,
                    "angle": 101.85
                  },
                  {
                    "time": 1
                  },
                  {
                    "time": 1.3333,
                    "angle": -138.15
                  },
                  {
                    "time": 1.6667,
                    "angle": 101.85
                  },
                  {
                    "time": 2
                  }
                ]
              }
            }
          }
        }
      },
      [
        0
      ]
    ]
  ],
  0,
  0,
  [
    0
  ],
  [
    -1
  ],
  [
    0
  ]
]