{"paths":{"0":["Atlas/PaticleEffect/infoboard_vfx_d_spawn_1",1],"1":["Atlas/g_ui_glow",1],"2":["Sound/fastspinStart",6],"3":["Spines/BigWin/bigwin",1],"4":["Sound/bgm_mg",6],"5":["Sound/list_item_click",6],"6":["Sound/bgm_totalwin_end",6],"7":["Atlas/Bitmap/Bmf_green",1],"8":["Spines/Wild/s_wild_feature_1x3_atlas_wilds",8],"9":["Spines/Wild/wilds",1],"10":["Sprite/g_transition",1],"11":["Sprite/bw_shine",1],"12":["Sprite/fs_s_pattern",1],"13":["Sound/prizeInfobarTotalwinAndChip",6],"14":["Spines/Symbol/h_purse_atlas_symbols",8],"15":["Atlas/Bitmap/Bmf_Red",1],"16":["Atlas/FreeSpin/freespin2",1],"17":["Sprite/03",1],"18":["Sound/bgm_bigwin_end",6],"19":["Atlas/ButtonSpin/mh_spin",1],"20":["Atlas/Infobar/text_info",1],"21":["Atlas/PaticleEffect/infoboard_vfx_d_loop",1],"22":["Atlas/PaticleEffect/infoboard_vfx_b_2",1],"23":["Atlas/Symbol/symbol",1],"24":["Spines/Symbol/l_j_atlas_symbols",8],"25":["Sound/scatterWinHighlight",6],"26":["Sound/prizeSmallwin",6],"27":["Atlas/UIMain/UIMain",1],"28":["Sound/wildShrink",6],"29":["Atlas/UIMain/bns_top",1],"30":["Sprite/fs_s_glow_a",1],"31":["Spines/BigWin/megawin_atlas_bigwin",8],"32":["Spines/BigWin/bigwin_atlas_bigwin",8],"33":["Atlas/f_bg",1],"34":["Atlas/FreeSpin/freespin",1],"35":["Spines/Symbol/l_a_atlas_symbols",8],"36":["Atlas/Alats3-assets/Layer 3",1],"37":["Sprite/KhungNormal",1],"38":["Atlas/Symbol/ps_sweep_b",1],"39":["Sound/bgm_bonus_main",6],"40":["Sprite/600301aa-3357-4a10-b086-84f011fa32ba.4caf9",1],"41":["Sound/heartbeatNoise",6],"42":["Sound/bgm_bonus_intro",6],"43":["Spines/Symbol/l_k_atlas_symbols",8],"44":["Sprite/tw_shine",1],"45":["Atlas/Symbol/ps_sweep_a",1],"46":["Atlas/FreeSpin/g_ui_glow",1],"47":["Atlas/UIMain/sd_glow",1],"48":["Sound/prizeInfobarTotalwin",6],"49":["Atlas/PaticleEffect/firework_b2",1],"50":["Atlas/coin_particle/coin_particle",1],"51":["Sound/bgm_totalwin_main",6],"52":["Atlas/ButtonSpin/mh_auto",1],"53":["Atlas/UIMain/bns_fs_shine",1],"54":["Spines/Wild/wilds2",1],"55":["Particle/g_particle",1],"56":["Atlas/Symbol/ps_line_a",1],"57":["Spines/Symbol/h_koi_atlas_symbols",8],"58":["Atlas/Symbol/ps_line_d",1],"59":["Sound/spinBtn",6],"60":["Atlas/BigwinEffect/bw_effect",1],"61":["Spines/Symbol/s_scatter_b_atlas_symbols",8],"62":["Sprite/5c5bf6c998.53c2a",1],"63":["Atlas/PaticleEffect/tw_num_particle",1],"64":["Atlas/PaticleEffect/infoboard_vfx_d_spawn_2",1],"65":["Sound/symScatter",6],"66":["Atlas/Bitmap/Bmf_yellow_small",1],"67":["Atlas/UIMain/ui_footer",1],"68":["Atlas/PaticleEffect/infoboard_vfx_b_1",1],"69":["Sound/spinStop",6],"70":["Spines/Wild/s_wild_long_atlas_wilds",8],"71":["Particle/tw_coin_2",1],"72":["Sprite/khungFree",1],"73":["Atlas/PaticleEffect/firework_b1",1],"74":["Sound/symShrink",6],"75":["Sound/bgm_bigwin_main",6],"76":["Particle/CoinParticle",1],"77":["Spines/Wild/s_wild_feature_1x2_atlas_wilds",8],"78":["Atlas/PaticleEffect/firework_a2",1],"79":["Sound/menu_icon_press",6],"80":["Atlas/tw_coin",1],"81":["Atlas/Symbol/ps_sweep_d",1],"82":["Atlas/Bitmap/Bmf_yellow",1],"83":["Sprite/bg_alert",1],"84":["Particle/tw_coin",1],"85":["Sound/symWild",6],"86":["Sound/fsTransHide",6],"87":["Spines/Symbol/s_scatter_a_atlas_symbols",8],"88":["Spines/Symbol/h_toad_atlas_symbols",8],"89":["Sprite/02",1],"90":["Atlas/PaticleEffect/ps_coin",1],"91":["Atlas/Bitmap/Bmf_brown",1],"92":["Spines/Symbol/symbols",1],"93":["Atlas/UIMain/bns_mtp_glow",1],"94":["Spines/Symbol/h_cracker_atlas_symbols",8],"95":["Sound/heartbeatSlowdrop",6],"96":["image_2024-11-18_23-28-36",1],"97":["Atlas/Symbol/ps_line_c",1],"98":["Sound/symCollapse",6],"99":["Sprite/04",1],"100":["Sound/openSpinFree",6],"101":["Spines/Symbol/h_lion_atlas_symbols",8],"102":["Atlas/ButtonSpin/spin_vfx_a",1],"103":["Atlas/UIMain/bns_fs_particle",1],"104":["Atlas/UIMain/bns_footer",1],"105":["Sound/heartbeat",6],"106":["Atlas/PaticleEffect/firework_a1",1],"107":["Atlas/Symbol/ps_sweep_c",1],"108":["Atlas/PaticleEffect/fs_particle",1],"109":["Sprite/01",1],"110":["Atlas/BigwinEffect/bw_coin",1],"111":["Atlas/FreeSpin/g_ui_shine",1],"112":["Sound/spinFSTick",6],"113":["Spines/Wild/s_wild_feature_1x4_atlas_wilds",8],"114":["Spines/Symbol/h_cymbal_atlas_symbols",8],"115":["Spines/Wild/s_wild_atlas_wilds",8],"116":["Spines/Symbol/l_q_atlas_symbols",8],"117":["Sound/symRouletteEnd",6],"118":["Atlas/PaticleEffect/f_particle",1],"119":["Atlas/Symbol/ps_symbol",1],"120":["Atlas/Symbol/ps_line_b",1],"121":["Sound/fastSpin",6],"122":["Atlas/Infobar/Info_bar_effect",1],"123":["Spines/Symbol/l_10_atlas_symbols",8],"124":["Sprite/g_ui_shine",1],"125":["Sound/fsTrans",6],"126":["Atlas/ButtonSpin/button_spin",1],"127":["Atlas/PaticleEffect/ps_particle",1],"128":["Sprite/05",1],"129":["Sound/spinFsStop",6],"130":["Spines/BigWin/smegawin_atlas_bigwin",8],"131":["Atlas/UIMain/sd_glow",2,1],"132":["Animation/ButtonSpin/ButtonSpin_Normal",0],"133":["Animation/BigWin/MegaWinLoop",0],"134":["Atlas/ButtonSpin/button_spin",3],"135":["Spines/BigWin/bigwin",2,1],"136":["Particle/CoinParticle",2,1],"137":["Animation/InfoBar/NormalStateFS",0],"138":["Atlas/UIMain/bns_fs_particle",2,1],"139":["Atlas/Symbol/symbol",3],"140":["Spines/BigWin/bigwin_atlas_bigwin",7],"141":["Sprite/05",2,1],"142":["Spines/Symbol/s_scatter_a_atlas_symbols",7],"143":["Prefabs/TakeItem4",5],"144":["Animation/FreeSpin/bns_mtp_glow_win",0],"145":["Animation/FreeSpin/g_ui_glow",0],"146":["Prefabs/LichSu",5],"147":["Sprite/03",2,1],"148":["Prefabs/EndFreeSpin",5],"149":["Spines/Wild/s_wild_feature_1x4_atlas_wilds",7],"150":["Atlas/UIMain/bns_footer",2,1],"151":["Prefabs/EffRemoveItem4",5],"152":["Animation/BigWin/tw_num_particle",0],"153":["Animation/BigWin/MegaWinStart",0],"154":["Sprite/khungFree",2,1],"155":["Prefabs/EffRemoveItem2",5],"156":["Prefabs/EffRemoveItem3",5],"157":["Sprite/bg_alert",2,1],"158":["Atlas/Symbol/ps_line_b",3],"159":["Animation/Particle/f_particle",0],"160":["Atlas/Symbol/ps_sweep_a",3],"161":["Atlas/FreeSpin/g_ui_glow",3],"162":["Spines/Symbol/h_cymbal_atlas_symbols",7],"163":["Animation/NearFS/NearFSItem",0],"164":["Sprite/g_ui_shine",2,1],"165":["Prefabs/NodeAddShuff3",5],"166":["Atlas/PaticleEffect/ps_coin",3],"167":["Spines/Symbol/l_j_atlas_symbols",7],"168":["Animation/Symbol/f_bg",0],"169":["Spines/Symbol/h_purse_atlas_symbols",7],"170":["Spines/Symbol/h_cracker_atlas_symbols",7],"171":["Spines/Symbol/h_lion_atlas_symbols",7],"172":["Prefabs/BigWin",5],"173":["Animation/InfoBar/BigWinTotal",0],"174":["Spines/Wild/s_wild_long_atlas_wilds",7],"175":["Particle/tw_coin",2,1],"176":["Atlas/Symbol/ps_symbol",3],"177":["Atlas/Symbol/ps_line_c",3],"179":["Animation/NodeAddScatter/NodeAddScatterBlink",0],"180":["Atlas/Bitmap/Bmf_brown",3],"181":["Sprite/fs_s_glow_a",2,1],"182":["Atlas/BigwinEffect/bw_effect",3],"183":["Atlas/ButtonSpin/spin_vfx_a",3],"184":["Prefabs/NodeAddShuff4",5],"185":["Atlas/UIMain/ui_footer",2,1],"186":["Prefabs/NodeAddScatter",5],"187":["Particle/Coin",4],"188":["Sprite/bw_shine",2,1],"189":["Animation/ButtonSpin/mh_auto",0],"190":["Prefabs/SpinFreeSpin",5],"191":["Atlas/FreeSpin/freespin2",3],"192":["Atlas/Symbol/ps_line_a",3],"193":["Animation/BigWin/BigWinLoop",0],"194":["Spines/BigWin/smegawin_atlas_bigwin",7],"195":["Atlas/Symbol/ps_line_d",3],"196":["Animation/BigWin/SuperWinStart",0],"197":["Animation/Symbol/EffectTakeSymbol4",0],"198":["Animation/BigWin/BigWinStart",0],"199":["Particle/BigWinCoin",4],"200":["Atlas/ButtonSpin/mh_auto",3],"201":["Spines/Symbol/symbols",2,1],"202":["Atlas/Bitmap/Bmf_yellow",3],"203":["Animation/Firework/firework_b",0],"204":["Animation/Symbol/EffectRemoveSymbol",0],"205":["Atlas/Symbol/ps_sweep_d",3],"206":["Atlas/g_ui_glow",3],"207":["Atlas/PaticleEffect/firework_a2",3],"208":["Atlas/PaticleEffect/firework_a1",3],"209":["Prefabs/NearFS",5],"210":["Atlas/tw_coin",3],"211":["Atlas/UIMain/bns_top",2,1],"212":["Atlas/f_bg",3],"213":["Prefabs/EffRemoveItem1",5],"214":["Atlas/PaticleEffect/firework_b2",3],"215":["Prefabs/StartFreeSpin",5],"216":["Atlas/UIMain/bns_mtp_glow",2,1],"217":["Particle/g_particle",2,1],"218":["Spines/Symbol/l_q_atlas_symbols",7],"219":["Spines/Wild/wilds",2,1],"220":["Prefabs/CachChoi",5],"221":["Animation/Symbol/EffectTakeSymbolSilver",0],"222":["Atlas/PaticleEffect/f_particle",3],"223":["Animation/InfoBar/NormalWin",0],"224":["Animation/InfoBar/NormalState",0],"225":["Atlas/UIMain/UIMain",3],"226":["Atlas/PaticleEffect/infoboard_vfx_b_2",3],"227":["Animation/InfoBar/ib_scatter_glow",0],"228":["Spines/Wild/s_wild_feature_1x3_atlas_wilds",7],"229":["Sprite/fs_s_pattern",2,1],"230":["Atlas/Bitmap/Bmf_yellow_small",3],"231":["Prefabs/NodeAddShuff2",5],"232":["Spines/Symbol/l_a_atlas_symbols",7],"233":["Particle/tw_coin_2",2,1],"234":["Atlas/Symbol/ps_sweep_c",3],"235":["Sprite/600301aa-3357-4a10-b086-84f011fa32ba.4caf9",2,1],"236":["Animation/FreeSpin/SpinFreeSpinStart",0],"237":["Animation/FreeSpin/desc_gamble",0],"238":["Atlas/FreeSpin/freespin",3],"239":["Animation/bns_mtp_glow",0],"241":["Atlas/PaticleEffect/infoboard_vfx_d_loop",3],"242":["Prefabs/NearFSItem",5],"243":["Animation/FreeSpin/ButtonStartDisable",0],"244":["Spines/BigWin/megawin_atlas_bigwin",7],"245":["Atlas/coin_particle/coin_particle",3],"246":["Atlas/BigwinEffect/bw_coin",3],"247":["Sprite/04",2,1],"248":["Spines/Symbol/l_k_atlas_symbols",7],"249":["Atlas/Infobar/Info_bar_effect",3],"250":["Spines/Wild/s_wild_feature_1x2_atlas_wilds",7],"252":["Atlas/PaticleEffect/fs_particle",3],"253":["Atlas/Alats3-assets/Layer 3",2,1],"254":["Sprite/tw_shine",2,1],"255":["Prefabs/TakeItem3",5],"256":["Animation/Symbol/EffectTakeSymbol1",0],"257":["Animation/Symbol/EffectTakeSymbolGold",0],"258":["Animation/FreeSpin/StartFreeSpinHide",0],"259":["Atlas/Bitmap/Bmf_green",3],"260":["Animation/ButtonSpin/mh_spin",0],"261":["Atlas/ButtonSpin/mh_spin",3],"262":["Particle/BigWinCoin2",4],"263":["Sprite/02",2,1],"264":["Spines/Wild/wilds2",2,1],"266":["Prefabs/ItemSymbol",5],"267":["Sprite/KhungNormal",2,1],"268":["Atlas/PaticleEffect/ps_particle",3],"269":["image_2024-11-18_23-28-36",2,1],"270":["Atlas/UIMain/bns_fs_shine",2,1],"271":["Animation/Firework/firework_a",0],"272":["Prefabs/TakeItem1",5],"273":["Animation/FreeSpin/ButtonStart",0],"274":["Animation/ButtonSpin/ButtonSpin_Click",0],"275":["Atlas/Bitmap/Bmf_Red",3],"276":["Spines/Symbol/h_koi_atlas_symbols",7],"277":["Spines/Symbol/l_10_atlas_symbols",7],"278":["Atlas/Infobar/text_info",3],"279":["Spines/Symbol/s_scatter_b_atlas_symbols",7],"280":["Sprite/5c5bf6c998.53c2a",2,1],"281":["Prefabs/TakeItem2",5],"282":["Sprite/g_transition",2,1],"283":["Atlas/PaticleEffect/infoboard_vfx_d_spawn_1",3],"284":["Animation/Symbol/EffectTakeSymbol2",0],"285":["Animation/BigWin/SuperWinLoop",0],"286":["Animation/InfoBar/BigWinNormal",0],"287":["Animation/FreeSpin/bns_mtp_glow_normal",0],"288":["Atlas/Symbol/ps_sweep_b",3],"290":["Atlas/PaticleEffect/infoboard_vfx_b_1",3],"291":["Animation/Symbol/EffectTakeSymbol3",0],"292":["Atlas/FreeSpin/g_ui_shine",2,1],"293":["Atlas/PaticleEffect/tw_num_particle",3],"294":["Sprite/01",2,1],"295":["Animation/FreeSpin/StartFreeSpinShow",0],"296":["Animation/FreeSpin/EndFreeSpin",0],"297":["Spines/Wild/s_wild_atlas_wilds",7],"298":["Atlas/PaticleEffect/firework_b1",3],"299":["Atlas/PaticleEffect/infoboard_vfx_d_spawn_2",3],"300":["Spines/Symbol/h_toad_atlas_symbols",7]},"types":["cc.AnimationClip","cc.Texture2D","cc.SpriteFrame","cc.SpriteAtlas","cc.Material","cc.Prefab","cc.AudioClip","sp.SkeletonData","cc.Asset"],"uuids":["011EIbmlhPvoPB8Ee9y/pV","028XEoNIFCb5f2e8SLP9Gd","038U4luB5O6oV/WBHq48h3","07VFVSXnZDTq0AFcBHeHbs","08bga0kXNA26MdTNOSX2Z/","0aJGpFBzhDqJnJV9bRIhlJ","13HlXv+QdDnaNnqlcXErmR","13gPRE/vJJOr0vgoMH+rMi","1346p47XNHIb4DZrQFOBGz","15kXZNRBRKaZK36n1zwFRB","1bIwiBGFhBPrlBeVr+KXvN","1bRmgC2IVFIZ+Vk/G51uk2","1c3Xdg0SZE6bvPalpr2WbV","1dtlg9xWlKJo7MabIEdLQT","21s+hvoTBF1p5ad/E8N2I2","29k52/xBxFLLodRL3UgjDD","2bdAjCR5NL5peaszmvh6dP","2ci84KGJhL5o3Q7dZ81eRl","32Yh+jWM9CkYbWTcotPtHu","33HfwWuDBKn7JdBT4QQWsv","35Eqm4p0FH65rM6dBYXKhH","35ceupk8RPioLSbD8bXHHN","38w6cf5XREiq0bgscCNn3v","39V7ui+UhKsIC9HR/3zXW1","3a2LO9A1tMmbLwZVvR6QR/","411NuIy2NLI5j8q3p5yQQe","42BuBQQDtHF7P6JbvF1JQY","42GWdd2flNJYHKPgONnT/y","47NToRWW5IebCECdRyY48F","49x575As5J/IKCFSH2Dkj+","4b4JHK7eBGepMqM/N743cq","4eKZ2SdoVOvL4n/VSc4jhB","4fXj1XTjBHVIamFbvNNDPs","50NgkJDf9LcIg+oV1hhFgc","50Y1smxZBH9YXZ62e6uXxy","54h3KvdOtMlKCvHk5SjIde","55ivew1NZBBZjxSEqLCA0c","56LFtCAOJAg5oDqbv//WHX","58WvXBgvxK3pBi4vR3HpLP","59y5tQbo9FdblWAyE974xe","5bpLX6nWhCkJvIgRv+nOIh","60AdcCH6dChLKfGrhhrdWt","61waMvErdLUZP5q/EO9fc3","613y94NBNAtJzgMx1WqRxC","63lwYlkcdGkrH9u9E5yBnV","67C04+WHFCWoHJSZEtnSDy","67StiT92VNLZwitxkxhyVk","6aM20GQQFLFpRAByTs7bAx","6bK4yHPpdMaK6l4m+2r+B1","6beB+EURFJjZ0JkGap/AiZ","6dR5wQVzBD9Yy6c+r7WzYY","6fpEIrk/ZOCqpsyVLBNNT5","71C8ROxxRDcLs0m8Zf4pmC","77Ey6cYF9EmrrpsHeGWRcI","77yal7iRBAAoGh2+lgRCCn","79UVMaTXRNlIf0mq89V41W","7anAqD5z5Iy6nHq6/GZrJl","7d3JrA8P5Kha0FvDIFOUjV","7e0H5lSZ1OZ7Nv0nv/Q3Uf","82MT3ao4dBLISrp27ukv6T","84bphIQG1C247GbowPxSx6","85MhkuMAhM5oU6Adas7cBN","88o6g4vFJCTLre4letF6wx","8bKt/5hqNFwbPHZwGLEdAt","8eMTUf8EZPqIZA7qTUKGng","9078HDEgNAloMqV7hji38a","92H6G/WIxEgoxIaAhchYzw","931hzsfYhOqKvEWw9y2JwS","97VrT7UpNPQYGRcVwzGKZG","98YBoeyR9DF6ji9K7ifaww","9adJ6CFyNAbahH6AvY2FY5","a50l5l+exAoZ+VCFFtrPoh","a97pUDW+ZELa9AmfNa1aeI","aaZGCdX31PXYUglbW+AtcS","af3R6wyxJLS75WuwP9hKyl","b1PEloiuNOcptYO6clLrRg","b1VutR3SFNsrEvcQna2xud","be+Ne4KwRMJqUVghqR+3Vk","bfLI4J665OoafMeAV6uLQx","c0tIisciFEj6FmXRnMMaVN","c2A9dUHyZHJI7MQULtYmyP","c3s62MAPBC1rUW9huoobpw","caAcNQ6n1FabcUG6tu4Zy4","cbcvxa2qlChqba7HJk9xWI","ccCb1OAktEjLqNICeJy/UQ","ccpl4cd3xIyalzD0ndytEN","ccrd1sn7FGLac68CUJ0jYj","cfmdUJozRJHLflJwbHWc4L","d0FQveTJ9OcZ5ByOUQcA/p","d0VNLQGtpD6YMTZQrtT3yE","d03Cw/5fpP2Z3g2NcUvccF","d19rucmllPsq2nVm37+sH1","d2P+KOSB5BX4kYeS26ihfx","d2VDcjUdFNFYKh3ZWlRpW7","d2WtSwbQNJx4rMghQkpyxn","d3TLPMIBZIMovfw4znXQh2","d3bzQj7lxBIp8SW9OowyBO","d5soexkrBK6IjQFjwum0s/","d6lIS/NFBCWoJ+ZPAMKMU9","d8+70Hm+9FzIX+ckjovshX","db8Uxb2DtFfb8eSeNnQb64","dcoqgbB0pNPqphb0RqOzzz","dctm2kkmZGs75SGNIKtKzm","dd1w6TQBlDraJxuBNV3HRq","de2uhgsolJhqNlK5qfWSJk","dfXrTJ1pNBKaU+q4ygfO3t","dfsiqadYdFqZ5pw5Lbtbja","e02UDXi3BEepF31kQHyBK/","e21qjmmEVObah8Xmh00Vhs","e4HHJnm7hP1q0W91VcdKpf","e44B2sJghE95lFOwevrRlO","e5oYgXbBZCEoWrVroMV3yo","ecWf5ObrRHFqLKy6UZ6vIf","edtyQpRn9G5K5yujs4+aqG","efw8R+4M9AM78EzgOK1GC+","f0gBis/Z9IgKtIg7yvd0rW","f2NLM1PzJN47Pv7HYqsxoX","f2SJzo/FxOBYjYm7nkH7s/","f2i8hxq49FD5+ccQf7uG1i","f3Uad3IYZPc7R28XNkUh0H","f3aUL6M9tDSoJmHnMLATes","f4Zmd441pBZI+NTUNhL1fg","f5OhWnLQxAgIWhJdaJ53ve","f6SnnOGutAz7rijFJNvzQl","f7fcmqrGZK3q1KbQqodrsH","f9UO8VCTpFjIIA5crWVjf2","f9bCA0ppJGTKPsm2adAVSo","facfIYfbNAIaqBF/P4LOWf","fbH7fids1DQLtA2SqCQbXv","fdVFMHX8BNMqvuToTdarUH","fe/aMHYhNN2YmprLXVtiIr","01lDvi6IdJu6DTqxmSZerE","01zdT8Tm9HMpXYFD1yGB+P","02oRywLpNHxqXzpXkeD4mv","02z0E2wWlKqKSLkJeotR5K","04KqeBqFFF5L+7EBivfYTR","09XLQbsfhNo5Xa99rE/Dqj","0b0tcnRlBGoojrnwaedANh","0cCVr5nI9OTpteE135dsMg","0fZdcJQupISJMKinfB2fUJ","10hpJCZxFLWZ/Z3V3QPGq1","1174SzezhEbrR5oOmnAJjG","13j3628hpPmph7sIaKK77e","154NjmRrZBC4hS2Cwi7WpT","1b/AXZUtZAsYrvXlUt8aFa","1cKAr5k25KcaRuBJeleK+X","1cg8EpliJPvKnW44+kJJ/1","1dAJEFu9FHabfeB39rijKh","1d9QKlh0VEJJlMRpTl7Ll+","1eNRH+0DdDzKZAhnEqyRsZ","20YVoGnvZHuKo8CmjNC4eq","20kvKngU5KX7TgXdwMzd1N","22b2bxaF5K3Jpido71LO9T","23I8WtnjFMm6C1pPvf9nJ5","23fMzdhWxD45fL9U8/fvT1","23iSj41a5CMIbHONpTLcqq","26yuSwD8NDVY7evZ8QI0Y6","27QCltt8lDu6MY4XyNaxwY","28pXEQOUhMA55hwiNQ34oV","2b4peyvFpESoBJsK2UQ7WD","2cWjHBukRBnKziIOfNyhAb","2cmtRUxCNDH7R7RxVyEWnb","2dgcPJYqRGA7qrhgplI6Vn","31ECXsHopBboX7XGt5pqfp","32pV2/cV1CYZ4E97c36joP","35mLkkusNCwZvcsDUqNDL2","36Yjvr9P5L25UQCm+56zrL","380lSLBV9I6orV1TpWTXdG","39PyNt5m5CxIkrHZGmwTHa","3cA65N1E9IpIcMk6jyHxzV","3dADf6fbdLao6jnJ42/P/s","3fel9t4DdGu6W96TBqu4A5","3ffgbbbjdFDbsBy8vD/+gi","3fnchReEdIfYU23ObVHSXr","40bXkVQ25JCYh0Dh+Id5Be","44u7d8XZFLO6Dq4ykV81K3","46ZdRbFXdPH6Kfmy3KlQGt","46auq0ZWBFdKuzS2xiTsaz","48FzB5HpxPi7Rjom+cygoD","49IVSUUgtJlYVq45HvyqHT","4brx/qWlNJvr/DO8WTyOSO","4e23lGP1RO4Kv6gTF11wRz","52WYx3FU5AnJEbRa2T/qJz","525bqx6yRB5q03ay/VWNGi","57EZBV5dBLLLL4N6tsgKEy","58ygtsA8hJj6/8cucPPTzl","5alLoYfZRB8589z7od+Fwq","5bDKf4SJ1M2KKVXTzwNXf/","5bcMZ3f9dAnIvXiDl4I85O","5cH2G5QMJO+6gFDp8Y5Dey","5cIb2TgVtFRY7foCTrSS7j","5d4xrS/p1Nza7tBAO+/+sp","5d6kCJla9P8baDmR7DfQaH","5favwOtrZNxaxqR7sa3PBF","5fcic3vJ1JzbpoUafNxbzl","60rZbELX9ImqPuIU3HW48N","63+SBKNPlA+KEZ3z0avQes","64l6vWKPFL2YaQocPbYpbT","66dALY5XFKEqF8/n1qROPn","68AxU7t/pJRbnMgfI+Vxri","68L1zoWyRNrLCNyHOBAeYh","6a33y10ahHd5ZUNKuNI1uJ","6cB1ew/LROLpMP5ZJM+U9v","6eNW89hWNGqbThZPk/X55T","6fgZ3z+Z1BXJFFOJEskesr","74drhFRX5FFpgF+MWFEwvo","76r4q/inhGdaYSZjc7BeiI","7994x5Nj9BZ49ouw8VsfvA","7bPmCYeGFF5r05YkoUKCVP","7c4mUU8TpAuJhSgu1NonU5","7e2AaAnkBOtK6MDLs+SD3y","84RStJrxtAQZtDtyBL5dev","86gUM0YSNI4LRWLk9mbOPG","86mwW3jdRMRoLMCWKNrZ2W","87K0evTbJIbIF9mzxQi++6","88AtJoqwlAAr7mlu8IsseQ","88GAfoFitE6I65zcKkCBgZ","8bNx0u8FtF2ZEJquyvCm5G","8cTtNr68tICr+CiZFVWp92","8dFOc8bDxLCaS1pBvY+O4j","8d4xPvHudEla7Jp3C6byl1","8ez+HewT1HO4Nx249xQ/B3","90DIxOklZCx41qohhT5m+L","90TbYXEGpOPLsKowkjnViz","9021azZupOw6UGJaZppKzY","93DAaWG8RHn4eICtjUlmS6","93ZcXSr5hLuo23Uc/uY43p","93xYmFfANEOadDYibf2naj","96QqP2diBK05N5gdeqWF6e","96W3wKpONLiLdX6LwVlUIr","98WsswIjFNC5YcKaVv31Gy","98trE7thFHSqdFktv/c2O+","99pL2GF1NN2Y95MVwWHiFM","9aK6lk/oZPQbUt/eBx9r32","9a7H357exCnJjI1jq3pdnj","9drVAeyH9FhLcDIayp8Ggl","9eSr7tbSRIFJ49BxNAe98Q","9ecQvm6wtMOr+4OYjF4BUe","9erIjq7AZNZ65GLn+DLs79","9f91SFi9BIHpXMwzjavm8c","9f+WT2zvdHYIRlX6U7Nbsu","a0XcBhWW9DyYw4Uxi0bl0v","a2B2dMg5pEybXJ73KVFptb","a3LuNtA0RPsphM6iQeEKmd","a3VfMHXbhPAIR5vx8/pwVU","a4gFu/QplIt5ALYMscQuIC","a5aOxxFVlI8IhesE6Rstrq","a9V5NqNGpEVYfmptTFIJU7","aa1h2YvelNcZAMFMv2dqEI","acxSwVJfZIXZmIrJK4MlmV","adBTNiZOxBSaqv9ii4Kzjh","b2aHrECZ5APKGS/0d2hvT1","b5A/f77CFJG7u0mtcCKC2b","baYbTNJx5OEpXTL+bT5Qvb","bb8q2yce9LlJ0jtpJQF5kg","bfO8pKInpEN7tJZkEC3n55","c4OzFtyu9MA5fwMKhPNgJt","c4uxjCqFlMcaP+vwerc65p","c8W+hDOQBI2bncdNEyHmuJ","caBun0A0dByb1NQrMeO5eJ","cbBdMYUgVLhqgwR/WCskx7","ccy9ccMfZE3qyTtHkyvMbn","cdHfJOrkNLw5LA33sVnZyP","d0KpxQFxFJkIIlIUC37OtO","d0ePbgWj9EnY1rNlQPpVc2","d0qC05vt5GxLaYyB/w3t//","d1SM0ykOBCm6xKGKMyA4bZ","d4JWlYVhhPAoA6De/AIzdk","d6RJrfJCJP56PTcnZiR6et","d61TWI25JB/LI4lhnsivEG","d7yUGyM9RGeITaaCvvpjAj","dcHNhO7KNDHKTesMjGhloZ","dckM+C1zpApKVRnFdV9Oaj","dfDTuJVWJN7L+M2Gb2nvD0","df3dNeBWdE86zssaHRbZVh","e0AJ8Nj4hMmYEM1OHBa9ky","e0+uhGF1pL5rh9EMXssdCE","e3PGa3lqFOHYOWiuT5eu/u","e3qBnGdqRH8pUYv34+LS1/","e3zBLwfP1E2IMmKJiITAWw","e7CxnIDvRLS7GIM7Je6aKK","e7fqCssypGb7XwurMswbcZ","e9c8FyAvdIzIIcXw0sF/Zj","ebxe8YDjNODKBYmdgF5v0g","eca7lYQPVOWbMq8kd4tNu2","ee8vgcAxdHS5ArAGHwAg5q","ef5LZH2u5FJ6/Jug8lLsoe","ef63BkkA5FdJSX4J37+jCN","f0YS0Lb7hBw5uIqJ1WbmFr","f2+6cAyDFJsbT3BwIjNOWK","f2/P5j44hA4pwU0HN/weov","f7vDxtGPNC9ZYz5haXCygF","f9wwHYQA9Gwr5SXgcKuuz+","fanDwoNfpKQYqlhoaDhLWT","fbQy+PWlJOfbmNV4bS+oum","fbcCB8S0lM6ZBwjamVvseH","fbcCbJBM5PVZHtClTKDC2/","fdGwu/ex5O56RYqF7UJ7DV","fdmGtiWt9PsYZxKQ9YQm+B","fd448Dm59AJoUuzjnnItaE","ffCIyBsTNHLIlYxSJ4dycx","00WqBFGilLrZmFxC65kw6e","00YCCRezdFsYwVviId7nhP","00nFZl5K5FRp99TqMFEdT0","01gbQpF8dAG5KteExVRrZF","01tv042vFA7ZkRLgIiP+vy","02pLseG8JH073ZZf62XYEG","029QrqXwlGGZiNqokSBd3x","03b9hJj/hOLLnKJ6uR2Vec","04RBzhVsZIR7NBr9AwESyw","047+OfhV9NJZtzWnC6lonX","05xk4cZ+1Gh6jLIzXuGevN","06IHUVe+9E9r3nhA36TxEr","06znO/5YVDrJa4kei+swyT","07joA1rWtAhqaDHL7eGahG","07pjxWlE5N4KV2S0QE/O7W","08BJ3ZVK1CLZ5XlGOXM0u/","080nV/mLZGA4wRiSGGP0K5","0aK85Ip/9B9pVb6zJes4t6","0alIIOQzRFP5eCW5UO+xfq","0ap8+26nlNaoTe+Ehz+l0n","0bCGrg/SBMSp7tk1K5d2Jm","0dIhgfPzBLYqcAj9BdEyUW","0ddyXRtK5M2qDDG2XY+8r0","0eD2lELOFGo6hIK+98bIzf","0eJQTNiONFhZ1C/v2I1pzv","0eK3BQ2tdHeZ+JtuLJ2C/s","0eV3IBmg9FV7CE/psKHgjY","0ebiLXwsZBsL9sKOsJAtLo","0fYt/bFjVFerBj+eutxLP2","0fgTLxA+1IOpinhX5ieP5k","0fwZ2bfURGw7sAY06cGMvx","1082lm4I1CWKnbrrN52Xaz","11hMHALhxM75kdD6lY86UA","1193/r8UVIH53VE3GG6zS6","12ZSv612VHIJ+yrsTdcq+Y","127Sc3sOdL7JRHsU/LA2b9","13RAPjOV9JOYEuXla3ofoq","130kWS6oNHaoE8deyioc/x","14MvKZl71GMqEGkMD5du1l","14vH2up+REVbDkvfRdjabS","141abqvIJJUZz7P7gA9x9s","143vJC8u5KGa75Wl7lSyLr","1430wNxJNK0Y73PccVY+Fh","15OfLXgcdMKJ8+AJ+hEtdY","15dvz91ddCKpgwPWRY5K2Z","15hyv/2ppEOLcdIXS7xpGh","15sY0XLgpJ+6/GVxMJ4owD","16GmYfK7dAo7/6OjFSIqpm","16Gqi6flZIIajfgcy3G9kJ","16NdHVv1lABa574sHjz5ub","16aREXjfNHD5Gzcj9k/YsU","17Dxq4UXlN9JbOJ7ok5LZm","17U+qQnrhMM6PvQRA/AkI5","19QKRwRaNNIojuBq9+CzOx","19rm4bHZRAZbrC/0wkPDX+","1asNe8K39JKo8Jf9v8xOsz","1az6I1Si5GYovtrM2q29A1","1a4eStZrtLYYK92Demcs7g","1bE7qmJtZH3YxnQwzZnxZ5","1bmLfnIbhNJabtiPdDA53M","1cZediJLlBwJjCYqIZaVyy","1coo0ZoZVMMJiwdqQTNPFR","1eHU2h7jdCKIc/2Qvm3/qz","1eXeDxFD1MFoYEWTsi018E","1eyDMYuYhFwppPvULPoj6a","1ez5Xd44RMOJjMX+ZGfN9W","1e0oSreYlCIIpmVPlZtPHR","1e2iKAA9xPQ5hHfbKnIOmm","1fnRojVFBO9IjRC1x2BAz9","1fxioiES9OxoaSkoNsVZ01","20CS5NTulKdKm/kLiRCNJz","20De/VpDpKibI4HTvKxbUR","20G1SoCFJG7o0H5ptw2V5v","20b3JzPQFGV7zbB01JCWOx","20qmtx1TZFxI2YMBIuWYcl","20160+NNBAOb7xSxp6WrJM","21eWWltV5CuaMjJelcMQ2D","21gV0e+g1Jv7xSJzZphqQN","23JW5FdHxMNaAP1ZVY3hMn","23jxL4HgBCELxEniq49Ozq","237stt+bhBa5vCsi5o1/5j","24Iq17Br5GfaEjRbq2BZu6","24NFE8LR1IJqBGTFU15bBl","26BoX/VI9HXZGArocCgLlX","28T2F7s5VJgoYPthdVWGrc","28gL2m8bRJIJMVxZgoE67J","286fquIhNPyKHRIAZjVq5R","29FYIk+N1GYaeWH/q1NxQO","29IuCT6t5KbrWXkrT3UsfK","29S+5LgpVNwa5o9NVjljDW","29mYqEky5KA4zsWzjaRWLL","2aH8udpKlDRYxlTLOvPEqm","2aN3qGzidAkYPMdRKU3siK","2amT9BvBtBT58on7BK9zcB","2ano2aIntOPK6MFqImSjDr","2b7HPZxq1DKri0cHWwzR59","2cHU99ow1MwJPZ4+ABoAiE","2dC15FTMpEpa8CABU9uYoe","2duV839h9MKKcRtliUTkQ6","2eDIgO739AGr/nOYzgItDY","2eExTnzcRDb6aWumscrBLK","2evBrwWfNB+KNR/13d9+mP","2e4KKXekxK2pkK3Ql4t86A","2e6zAUQl1GE6/c1pTb3JuV","2fUMtoXL5JrbVqTALpvAXy","30ODiwccVLA7/eCJvDUws9","30h0QFP75Dl7VTELcYNBki","31ASKRgVZBeYiX+C9puW3H","31Rg4Qyv9Kx6e9MDWAmEqX","31TYE40SNFgrpxFiiwp7/p","31ccnO8WJHPYVgbA1yEOBQ","31kJ8DseRNrpnRh2j2UgIs","31nogYWp9Eeqyv/aoIxBpj","32VsrPEg1KxLzQk8Aof4Qx","32f+amp1lEXrD9PiqG9Rb1","32o5hyXwRJB4PJu+Jz1oxQ","33W0zXXJNIEJ9TP9+GdOAu","33lyJBplBCz69lEiD+fHOB","33sOXalqRP+LeKQE7BKW4y","34HXDggqdNB754VfiWE3Gj","34JUZZDj1FTrNKQaYejeqz","34ORjwFvxOHL9lPe/SQ+Dr","34aBUJXJJOjbwOnqUHiFCj","348lf651hBZLq5SAWSAZDz","35rfTxN3JAcJunbXhxXBAJ","37I2F4dmtIbLow1GSxAv7c","37wrdcXbxMtpz+UC74X2pY","3740VQYiFPMKa2J6+o04Pd","38c+H7EsxIPrkKJFRCbj7V","39m7mAVZhDvaknA3/QdV+/","3aHaB6QBVBhqpMAKIviDLw","3ae7efMv1CLq2ilvUY/tQi","3a20rQrxNGebrujf6qmpZI","3br9x+G81Ej4j12rsJdAHs","3cG/aZjopHx4sFZkHKNqwn","3cHQ9g9UZHmJupu6H4JC1w","3cZ5VESWxNBqVnWqilARBP","3cd3avuUNJl4P301WxcJ5V","3crvX/vopBYIj8U90y87oB","3c9OTs2XFFsrwfbvGmNZ2s","3dFOiq20NFJotDZRAzTvAR","3deYdMxitAXrmCrnEPtWiT","3d8erXpxVCdrMJSdQ6uwO7","3efwQ7i/lHlJb0LrFj8NQq","3e/ilA0ctPhakM318rfY/e","3fL3w4TP5Db6uWmKbQ5JdH","3ftRD4iENOOaeyup1amN8N","402l8fBVtIBoZtTHAgKzfy","407Zbk0iRC6pwJR9ms0b8c","41ADbapuFOvaCl7hZRIXGQ","42Ixuhm95HwbWHVVKD2FML","42wzajQx1Dx7fedH8Ep/Wx","42zScRMNxP1LQFk11im75X","4272mTLHZGv6xZG1Alqlea","43WLxwb7pJmpdeyzX0ENwx","43pJMYYeJCeKFfQOWFajsD","434TBAfp5DgYtBEMCg8xMq","44UR5NILZI+LKyCL/Nh6+O","44mGSHSpJBS6g+2cdqh7QG","44q/MmwelIIIYcwWHexYMA","44q/Z6hgFFjYlf60NPWx4k","44/rq/WQ1F564YAk1GQEte","45WaihYyVHcKwdOgcM4ruj","45gQ6N1BtNfLqTsitXKND9","452DsSmrZEL7LVhquJg+5k","47LfXTNedBhJ5sf0G+5l7j","47SxQF6gxEe5BWdqYX0Pyk","47fh6lwLxBf6GCCCq2ktFL","47/lN1ix5KrLN62D/24gVs","48G8pG1PVKbYDydCj/owIk","48fP+ASSRCc6sLT6DNhsBt","482U1jAixLlo80XfCtU9qT","48+keBpS5GGJxU7ZPOxrfG","49PY4b3v9FybJUCBYdiJvl","49Vx69chxCz7kuqHnXbWAD","495M1TaghKF6O2oTwb/oRt","4aR4LMr3lMMYOm5E1q4AgF","4aSunagEVIgJs4SsTn6eMX","4aeQr13H9ER4cIjuM7Oelr","4cYizXuJZMcoxZuaSDSoFy","4eSw9KWTdI6YaJwnzen4T9","4eW7vitVdHCpITH6CRW7TJ","4eanf6W45PNahbTiZD+o1c","4e0UzX+hpDmIPjNuedwhmz","4e86tigNBAoofmaXaakLC9","4fYeEuKZFKz5R2qvqq06G2","4f9FFN3uNCdIaR/rzUrJwA","50RbcEqERLtpkY3pgU+MIe","50cOAAtX1JKq7KdQbROy+D","51MbohqGlDkYs1A+BgPhPq","51ghJwqMhHfJeOyqUQnLKM","52LPTZV4RDW4pJ5R/VBY0P","52NVc5dY5DAbO77c8n+lKK","52Ow/odqBCd6j4C6Yj/MlC","52jf9NZGpCoZ0Fd3nBKRm7","52keVFHypG7rbFMM+roMP3","52xW2hx09GUI84KpWx31j3","52xyP63LpO9oaGnsXdY/CM","528zbdnJ5NIIHdFpTxkt3x","53A8K9QDNKZqJXu+sOcte5","53fGow7rxDwawAE3aWUl48","54QO6m/oxOybfl6iK11hTD","54753cI19OwZzR9LWH5nvg","55A9JGEXBF+5N8TSnhFy5d","55o5IDfBpCR43QkJz1O+B7","56dM27OqRLvJ4+drtQhv9A","56qvf/nyxEVoAxdPZKUBWI","56+ASNLzpP/ZV4dZ6DX9C5","57Y5AfDVtDsaSM8PhkQ5Nh","57nuatLntEgJ957sO8pb9p","57sabS3XdFiqXwTvgX9vro","575eqly7tC7Z4uTvmSszIM","57/gFBbtZAyZtebY+DjPIA","58BTg2PB1KPKpcFDmUMpnS","58u+lJRthGvY8H82eZy/jw","59KPSTTs9Do5uVYrwsJfdl","59Lsm6DHRDBarw+yCVPQm5","59fnEQt65NdZ7+EuUv9mOT","59gYNoI9pMN4Lycm+9FjCu","59snZMZddKXoPO6FWpncEX","59zkWJ5XJO67TdT3ikp1Dj","5aiCo8BIRBHYMJqXb9Zo3h","5bUu0IZmZBG7E51Ri6+YWF","5bZ4KpKilAxJi4UpdQO+p3","5b7fXS3lJKppf5+6+CHH6A","5cCGrv1rdLC4QEErAVg530","5cO7kybDxGj4ipyMYdRYZB","5cocqeEUxDar3dBUopbWk3","5dRrx3MtBFQKAcFkcQFqca","5dhHluUMZMUpp+UePuJRAv","5eGozNT21Gy4Ub8lwxoNlT","5ejr31Wj1LkoqWGU+2IDxp","5euHyiv0xE6JdqcXTEBTo+","5fEB/eAwVM35ewCpQBTm83","5fku9FkVRGdKItb8r/gLg0","5fo/xEykxBA4Y+OE+oqZkv","5f5dyqtRNNxaFmVzYns6FZ","60JYWv3BZLzr8WQSwT/0bk","60tiE0VlJITo85wRNlPdUM","601sTsUTZBH5/5eKj5hRyY","6024vXU+JFYp89kjo5iE5c","61Acv7NdFH1JZMZmkGLSUt","62KWLBNsVJuJxsqLiCp6aa","62aO7OySlKjJdr3NyrcG7K","62oJM+s9xPk5tzCgDQmwtW","628zGnNvFLz42G9evKYyF+","63Iz6xLKhBmZYYIOWainhG","63Ooo0RkdFXoKBNOsFZaFR","63s1KFCaNFF7xFn0hQavNj","64DsUB7OBCxomtd4a0VgcG","64KHB3iHlEI48V8XufzhQa","64Zg1CdDNNG7TsoZEfvYM6","65Jb8SFvpPgZffQljQeqrs","65coXQTz5AGZc3K/1LJoUw","65xgoZhX1IE6lvOb6eTj0V","658hqGICFLa578Sw0J3mzS","68Qye0BCtHzbhAGC5rcx4P","68TVTCgotEM40UKVhnotBi","69qxGfFsRMpIxRFUqAGdRV","690SKoWr1Dy460Bl/6momO","6aGj9oDURKa70SDCLU6vAt","6ale0VQfpLS7Q6UWh6kyuz","6bELiQyWZNd7yok+jKW0ys","6bgNQ+QyhGn7qypoROBNRb","6cOq5Mk85P14mKdgFZmwkH","6c38wPO+VECaHtod8N8GkF","6c5R78meJF+ZELk1y+pwX9","6dzU4quOdBWKLT1bTAedHx","6eSohLj1NIDIQuhJFHxK2M","6eobdoN7hLIYoTeyX35GAt","6feoWS2+lLJagX1gsvBTQ6","6focGgOBhNdZMt01HelTPw","6f5FNhIthM/4+lrMmoLAzL","70FYOmWvRKl7GzCCG/RVJs","70X5NC4A1JtJGB4VleME57","705Ingr+VOmpbN0RbPo6eq","708bblMQlFVYvPCSzkE1DZ","71PFnH4INPyIGymM3f69UP","71TfquIVFC0qgHx5w13K6U","71Xaauor9BprKib/WmJetS","71lynZCENDTJ6ilZEDhEes","71p1RLvSpIErdrYoJZ5rYo","718YzujDlAkrXtbhfQRSnW","72h4wmJp5OdaRvOPad2Cq9","72jr1N+yhFrZ6sVDiXkAN8","73I/LUOShLU4b4e81VHHJi","73K+W3EP1JDocuRlH3srRJ","73qLfXx3VJKbTswDVXd2MW","73zxTEhmREaLIeVt/inxRc","74IXwgWKxG7IjROmEXakdw","74dZIoppdMQYsxweor7NwH","74m8ELibtDLr22DouRWGE+","74xinPh0pMBa6iBtAVh/D8","746chZmFZG3p9OysR9EzfV","75Ktw3BUdFv5dPdB+uRViF","75LmeqEr5K+oNIHCBaF1JG","75wK7z0iFKRqKUv2XYt0l5","76aQ/aTchL0pmuyyIVGjM5","76dDRCIKJCP7osVjMaHpln","76gQ0MR51IA7Uvv2dVGbvt","76rNQ2wsZK/qI8xCwQXy7Q","769eaB2adDsZqWDmQNJ/CY","77Ue7owXtAVIV9l6MdrXC6","77fml70hRORLzVvp8qMo1I","79zK1oG6pJRbwUwtIsNY7w","7a+K4usl5OaLEBPgC25UQm","7a/QZLET9IDreTiBfRn2PD","7bDL3WH5VAiot2ld7fyVAr","7bSL9J9nJGmprylsjMVFwm","7br2TXgedCN4arOMY0mH6f","7buTV9dvdCl6neUb47bBlC","7b1rakGgtIAYs5Xsegvvrm","7chetDVSlCNa1L17AdjnHn","7cq64e+EJO/bDkHNnOlj86","7cwiWsoC5N16n+biUuQCpr","7c/tShCv1AabvCctcoeqMA","7c/46+4ZRLB4ggX864MPaZ","7dN+KmzgNITIfPEXofaXux","7dqbgyJfhFwIhnn81lKRdj","7d0M5bjzFD4YkrUkXzf41j","7d1D5bk6tNlJdn7Snf7cMC","7d2WvKa4FD/4zCp+Lii4Js","7d3fqdoBhBvqqXmrn7M6tn","7eAvkN92lIp65y7xWxsJRq","7eHihN6ytEZ61CGPrPjjb7","7edvO6JUJHx5UeH3fXzVIn","7ehs666xhN9a8+dAaYNns/","7fKfI9k9lGDpkcUoT29hwD","7fM7ff/zZJJJeGS5VrZp2X","7fggN27ihL45fxi3eKNyEP","7fsKfsFslFwa9PWcMcz9+I","80A2F4fnlOvKG2yU42zLRn","80GlzWAZtMq5KISB4+14lr","80ayanhC1Afr7mVACUgbTp","802L+e+WNHjIz0YNXvJTZ8","81slClu7dNH4hqSqT+URjU","81tb+RTRJHS4KCqo/BZI9/","82S6ZTDVhDhact0RgaCNer","82migssElAGb04Ws6NimQX","84LDmNQWROPo0Xt5f7F03S","84njbLd19LY6NiDQz1I3iq","85ClAA9ltB0rrQN+wRK2QB","85QrhyGWxNorS7Q9JsEtsS","85YH39ewlOkLHs63HxdJeD","85s1BXO1tHm537jgIycJFM","86XnWImXFMKbiALb3quZUg","860S3m4LFFkq7wSxbfmQtl","876qPwSvRM5bdhh5yr6fto","88wQpHT2pJYYhx1yBdGdRo","8877+giK5BELNdCBOEzNpW","89LOWToahKVKxC5J5tUA3V","8aUZ3l6Q9AJosFwZo+HtEz","8aaFVu8mJEvawa53JctMFA","8asyyvpNpJ2KlT5HaVgfAM","8awLPnTQ5EZ7yS3oiGGlKe","8bi6hc7pdBAo1yf3RUu8qD","8cGUw9p3xHI4bVmMGVxbxK","8cKpMY7IBAwIlAIYZCCYxf","8cvJLmEkJF76w488hPeKkA","8dc6wBpN1NWIlOMi0NsTAv","8dli8+V8ZIvYxOqO7+aoUG","8dokac4PNLH6PpsJyB2jO1","8dv/rp31NE5Lh6zITQcS9H","8d3W91FH1LzpZB4z9AaRjO","8eCU5SvmdF4a/Dpog9tzul","8e7FInBWNF440fHmlBn26z","8fLND2VttFgISuI/cVzkoJ","8fi5vToQVAzLNZ7vmXIa0L","90BtlW4SJH0ri5+1GLibiZ","91HSwPEelGZ44LvXcY2rrB","91QIgh0VZHz6qk616W8wnp","9137GVLt9EHaVuthL0gukY","92AhJfYudK/J43o5VtDohd","92LMNkZkVH5bRTB7f6WnHn","92rBpX6MZOV5Znu6p7XJzy","92xJEjEjpDDJ06y216M1pu","93Dn2FlnZDB4Lv8zmNxwEI","93wcO/K2VDO7h+ZxeaMRTK","94V1bLlM9OZoUi5PPB/fxI","94iEZjWRdN2rxk/F6hCks/","95cKrl4rNHro9xn7JPwDgA","95/lXKdnNBGbu7jbiaR5Gx","96OfXqnP5E9qcY0XeFUXGY","96RXER359H2p2wnogRvHlF","96UEpm3ypHIp+qm4ibnsD3","96vUedLgREWqMAf966GZOc","964z9voglH3L+AGUi6Umey","97BVkLJwxKk4/KkH8Fjyhr","97C1XCbx9Ez7pWcZNwpdKT","97fIEmakhLx4RH7HAIl4EP","97gi+ngwhGHI43dttVuDEL","97gzXZcrdOIIiIhg98BIY5","97nh1jFQlPJpQt0R71VaVk","97pRkmnGdCrY23/2SVvJz1","97rHBk13dGxKljBfqxeLev","976fTecdpFya7hcebjxSQG","98M01Br0BNsoiNiD9Ratl5","986pFc+51I3I2eCyclyQZw","987Frgpr1GG6CtP0wcwym2","99u+gYLZNOlpVONufIamCJ","993FkGucJHEKwOI3GcdXas","9aacKanHJH/J/9tjCjt/1A","9bXPLz7/NMz6JL0e0PcQq+","9cRTjYkNhHqK9f4/875bQ8","9cu0ZCMWxHSo1x8zLMXJoB","9dV3WiaFdLrYGSC2MI9DP6","9d1s1p6w5AQpAjVrNPmg6z","9d/WjvXHhIXrI5ho5I4tv+","9eHimfQsJERKEZm44JIl3R","9eMHfZ1nZFaoxMHteLiK/l","9eWJOfrqtB34llMRdLxV/1","9e3RKEsLxDvJhOhm2IO22p","9e5bQz4vJDM7cvXeuyqZ2W","9fGGOyJJ1D0otsShx3SdTs","9fMLVgaI5HJYdVXhEY5U3k","9fWWngYdJOFpapuShDw5wq","9ffVnwOkNPzoGst3NmeNX8","9fgrvBnmlOeqgsFcq/QE32","a0Hpkb4i5PCohw1gO1vWyW","a0PJ3DjVxC4KCp52gkK2LW","a0bAcUqsJJ0ZUyKsJupd5Q","a0uDE5ml9Lw6F//0DSmv9j","a2MjXRFdtLlYQ5ouAFv/+R","a2OLC4NKhJa4tbASduf484","a2ehRlkOJCeKgpoE6+o4jE","a2/Zn0kaZFTI1RW7Z87rqt","a2/ac+ICRCk71tvWoB3Fqt","a3Cu4HqzlA+KKxzpysB/s3","a3SEckyJ5G9IK/qKUs2o6o","a3ii62vnJJfKxd41iX8b75","a3r7RD1idIuI6zAHhJyjXo","a30DgiBMFD4bGLCXqpfLHj","a4Kinn36lARpg7YYa1+UXc","a47G/YFMxGB6UupDjiQLyX","a5ZigaSf5JGrtffq04DRku","a5vpkD4/5KJbepX6ou7GTH","a5yZhTbeJM1ZiEtsB2fXj7","a6XJqwnadKM4BexNym73Db","a6zr1DmbNF9ovjOutPPMMg","a7YmeJ3mBBkJgwQQXey+nD","a7wx9nZa5Mz4cgKRq7CT9J","a8diwcWehMmJ76Ns4WWiVy","a9JrO98QhA4KkVbvAXh95x","a9V1gXVyZMx6yEEeysGRDv","aadgFNQiVLsZnF5Gawn+tD","aaqQZrcRZLz78hqWoPu9vb","aasybuVo1F0bpmzt5IUjmH","abay2kIidIOqosM4RZ5hA7","ab4COboalIUYvR8ZOXJ2N9","adGENbjMtPkZGx46sl7bJ6","adZx4JBOFMS5xd7J5yCwvz","adftwK2shHy4DCqxBfo2fa","adoYeUlxRNDI9eyl3RZWAF","ad0olTgjlBmp6VTb7mip+U","ad+kRaDNFEJakW7KNfZbta","aePQRglmxOAIpJHY/jJjHH","afmAT361VLBZMD4dAyA7va","afq5+ffR9GUrdbZUlxZ7xi","b0JugGT2RNuJ8VdVEOCId3","b0VrMYvtxHIJDbY9ztIn/V","b0YAjfcYhFkYIvWkV6/yBJ","b0thnDFAxJCLWyk+ScBzqS","b1F+sW0g9IFLtwyWUGI+xZ","b1jl0tfwNA3rfJFwrLpbmn","b1vpOW919GZ7ElfVbRclek","b2ECW60shKW4wyb+H2OAZL","b2PCQmFEdKHaYA+nLFmKuL","b3AZc1mZFFNoJkdgVv9U9L","b3Q8bWTQlJWKtkgxNGdvyT","b4G+GbcERE+LGN+jWJERoh","b45UWMiM9Gnr5c/WLNAIrq","b5ABNcOYZN9L8jw3Lw+dtc","b5T27oDFVN5pIsBG4uGkq/","b55hvqPBJFd4izT/jFNSSi","b6FIYCaeBLjqpc7fZ66BnJ","b7Cs9aqMZCrLXWNPzOZH4n","b74zvob1BIi6ZqB7KfnBqn","b8vVN9QupL6L/bi21WQEuU","b82sPSQPVM6ZRM6NloBoH1","b85HuXGN5Nhbv/S5Dsjf2R","b9QeKuOLJJRIylRJD4etaL","b9e5UYDXtPnImQzEihhc27","b9qileI7hMv6YW97dkU4OE","baFSHYvflCRqkBj6Hl36Z/","baLXWCTEhJJq/PWXe2heSg","barwkMdxhPfbUcyAEximXH","bbGEhj8zhB5oKWE5MgBVOK","bbLDJrL4RGcqiXSe/C85v+","bbNMoIPQlN24+TrAfU32J9","bbS8Uzr31AQq0w8PuG4Bi9","bcammjPyFDSruqd3qhZoK3","bdB0Dq63pFqJHHB0Lig7fm","bdNg52rBBMSo7Xbtzv5hoJ","bdNrQtWvFPw7Jjkdd6Vv5U","bdavIg/XxBB42hbNfj0Yx0","bduEOohApMPbDhwmBRvz2A","bdwXROv+tPXJamuDlLr6Sn","bd/6CNi+FH5ZmOGjNAbyds","beG+JqO5NCd7mgkky4uP7d","c0Npu1N21J1KD08eda2Urj","c0y+WeKJFAvJJPQuWjQx1+","c1JZFI7LBBu7EE03ePCsjR","c1fTGZsENFG5g441XXMaoo","c1rfLyoI9JuLVh+9Zl7X/H","c1wjHv6TxJIZUTuYXZetSX","c17AHS0i1J+IZThXxN3lFU","c19V4F0tJHAoQVJwX2woSV","c2EE3acmtHcb8lDUyiyRfk","c2FrBeU/RAmInpqLY9K+Lf","c2plvG3Z5LaYK2OePoKAd9","c3BxMOsq1NM6/Fui+4yDFg","c3HdbG6CFNSpkAPwAkUxVw","c308/MnIBCMbjXc1cevFVW","c4RKif5Q5KPI0gBalGS9hU","c4oS9hHWZHjLcwY9bg8WoO","c44LNqBxJFDaiEStsrlEbB","c5LlAwKO1BBYYu/Uw1KEQ0","c5bRzwFCpE9qJAfsXwcIcE","c5bljdAnNIEpHAVtO+vzWM","c7b0JsNqtMHLtydfzerUgY","c7teuL1k5MgJMr0l9Ps2BQ","c7u0E0lF9JbpTdh7t4eKsM","c8CBwowOJHU4CpIqfcT1Cv","c8X/o0ln1C9qviVS4btRvJ","c9VupEoCxGbIrIXOJwwOth","c9YZQEEoJL1IsuTSJye3uY","caqHT9JrBLNr/8s7Y0RKUV","ca8u0BMjNKy4kqhl9xul8H","cb8hAYHg1DpbXa0AJMU0Z0","cc9g+1bS9KJJS9wojkjKjY","cdB57nEjJLgrcmb4X3kxTU","cdeIdh0YNIeYDz459M7a4u","cdfNwovYZIGIf7R+VNqxO1","ceB1Z+wYpOSazrSXVuH7CP","cePnjUR/dNXa5zxxlFmuWf","cet/1D9fRHU43hbtnsxg8e","cfLognha5LkrZUdA0B89nm","cfXRNwQ0VNlJ1gqJo3hlgm","cfcOIupP9B9IrZoI/B2ESW","cf61NBGEtPZbjdwvyJMQP1","d0BcFtUJdIv6RpGIFh52Jh","d1NoGsEMFHPLGChfu7xwIv","d23TnQONZON5jLGT2GPMvU","d3j9XuObFFioeiobkItu9+","d3pR+ym4FPzrBK/IDE1ZcS","d3s9Tn7jdMTIRrKQf99N5u","d325RPDP5Co4yiexzk/q9d","d4whpE4oFJHp9/tTpaKr3Y","d5k2H6v85NqIvnwu/i/UTZ","d5rspckLtN1p+m4lqA95d3","d6HiduPcFIwqx2rVdQA4iu","d66DwRCwBAwqvLOOd5xYcu","d7jcbW2mNBXZ0Pcfols6rY","d7o0wzS6lPxLf2+2Yjgp5T","d8A+jwxWZC0Jixw4BDaZ/f","d8BKjfxwRCp4mNztohaQq+","d8RHnSDqZOxKTfgHq3NOWZ","d8fcN4kaNJQol+yfJvG2SC","d8xktrzpdCWbszQ7iuloU2","d8ynNhjZhGD4xSX8mJkoAm","d9afMjRR9AYLMQ8m999Qgc","d9l2rXaupHqpM3gXzGLEWu","d94ldPxGxApY6NAgz5AcaL","d990Y1FCxPs7B5/hMwTTmJ","darye7hshMyrWqQQ1thtkm","dayWih4UNBSZ29E5SpOXmn","dbC6j+x8hGYrd2TuKwTyKW","dbTsKiXFZFnJ6mqSkM/Kmf","dc/v2NM0RBr7R+HI8FxA3V","deUeooAEpEhbAcLIMedpDl","dej4/aC7NP5JOGxZjUCd24","de8dSiEgtLe45t/Uqkt6m8","dfDUAP1UpASb9/YBqS9p28","dfSVdcMBZMvoc4waA8EEqy","dffCnPbZlH8YHqeKkMYmka","e0S2+QEl5Nr6BCb/Hr6BeE","e0oxI4kiVJw6goNzrD2B8J","e1c2PPnHROB4maB3iy6U0J","e2c8UecLZM54xn6trb3W2g","e2lVDa5A1OubVDmOOg5HLN","e3VwdPSPtKrbucKJALqLYY","e4DIHPaAJAp5wyLdjFkbz5","e5q+BiiYdLfpfOwj4+920W","e6wZjjqw1L/rTSN8oPc4X2","e7oh3eb3NJQa5oNwpzPCMr","e7uc81bxJCw5xKJsdcviHg","e8K7GiuAdEH6ppD0W37FB+","e8L2pwrhNA4LCguFy9Xhhl","e8h0yWsbtCPaNvrKDgIJMT","e8ynaAN/lLZb2FlkAWI/AN","e9XB0Z7E1JzKpPMiMCJR6L","e90BtKy9tFYLez3rJVo38b","e90je1u91Gwra6gfi+2PJw","e97GVMl6JHh5Ml5qEDdSGa","ebPACenNVO+5aByBPRICF0","ebrgLJe+ZHd4ED3iFYjze/","eb7u8WK/FJho/7Zi4EQ3dc","ecCTW49kJJYZX+93y4H/Sv","ecC8vFugtEuI1iF38u5KrK","ecJ3yqVx9MAJZUA0mD/wD8","ecaVxLzSNIM60vq4P2s0Bs","eccBMky8hJeahBzVsg+YPp","echjh1zXhCrbu+zxoqE4EP","eclFqQ6VZJf4SOrAmTpPhm","ecpdLyjvZBwrvm+cedCcQy","ecxTiYD2JET6qc6rdCQg/F","edOGKwE4lEu4amm4qqaQjg","eeXpRqSM1CX773rITQrJml","eeutYc5nFGmrtMPkYBDC1R","efWH+rQT9Je7m3JnZAeX8m","efdiQMFmREZpuAj6Q+Bark","efptUeS6lL3rUfPFTqVjyy","f0BIwQ8D5Ml7nTNQbh1YlS","f0LeV0QkdPdaajroJV4Kuy","f0OSbdrRdCBZZ52wHQ0Jlm","f213a4IL9Goqts8540M16U","f29soDPThOCZts6xuht/me","f3SjikNOxONZI6ACDywI3p","f32rNBX2tBa4O9zrUA4ZlP","f4echL2c1Kj6QhJGd19KWP","f4qRI8+7RL7Y5arcgS2xcH","f5EmJ46LJMKYfuNj+VvvV0","f5QxCwobRDI70dx5zJHeAi","f506Nmqb5A9IezQX70F0CM","f53kUWixJCFaw1MRRwJpwM","f6PIUTmpFCBKv1jxV5d54h","f6yIdE3shBuphII3EjrAU8","f612F+Z+1PIq0Z60dTk1p/","f7Apk+T/5Hb5n0kkrkjQRy","f7yYJC+iJFFoPPfgeH5BNk","f8Jkc+7hFHRpeF6NE784ue","f8zGJhfsFD5ofqETlNq/hv","f8+o3jNbxKqpOsGDkLANcM","f9PFv1RrFCS7DLoszL1QFe","f93OmDQNlA5YyalYmlNu3Z","f93ua1P0xDzLHwz2VKd4pj","faPmOK3AJPiazV9D1u/2Iz","faqhje7DJJ0bZ9Td1OiJfh","fa7MJlsiRPv5Y2E8xPDQ+f","fbIVETWYBD6pu00lDSfuzY","fbO/WqM7JJ5YQZ2/cEO3Qm","fcEBZjCmJDkoemgUP+/IkJ","fcOsqbTOJKboUrq6EQYhoc","fcUoMlzu5HLLjxgLpNU2Ua","fcpShMsh5JbZqxU08tYp5X","fcrYkaWPFCVa+8F3LFLg9j","fcx4a+mtJA4oRFu7YMP4lO","fddF7j7YBOrqMCrlymDp3e","fdfK3YhU5BO6OchmFPa8Ea","fdlP6ago1IfqmwvUcyZb5y","fe2fyj2VhODLp5MsuUZhXm","ffDFywREZLVL22FL4EXAUN","fflQNsI95LSIDfVXn7QJLd"],"scenes":{"db://assets/Bundle/ThanTai/Caishen.fire":240},"redirect":[388,0,432,1,527,2,537,2,607,1,639,1,723,0,825,0,894,0,898,0,905,1,913,0,924,2],"deps":["resources","internal","main"],"packs":{"01630225a":[307,386,387,430,468,473,497,523,846,903,288],"01c0c95e0":[305,318,340,366,415,513,531,610,619,644,673,711,758,824,829,876],"01f378ebe":[342,362,489,536,539,579,634,664,676,749,870,875],"023a5928f":[349,377,456,514,526,595,596,609,682,868,896,916],"032896449":[302,313,319,459,465,478,690,706,710,743,782,856,872,936],"034c1095c":[141,147,220,247,263,294],"03d1e0403":[583,714,798,801,931],"03e23f56a":[190,237,292],"042327483":[325,370,400,438,455,496,517,528,568,572,594,602,684,688,777,794,805,830,886],"043c9a8e0":[306,310,343,382,522,605,617,638,662,669,718,746,761,785,882,932],"045e35348":[301,132,2,4,5,6,144,13,150,378,395,18,173,25,26,28,485,185,39,41,542,42,48,51,59,640,216,223,65,227,69,715,240,750,74,759,75,766,774,781,79,85,86,840,95,98,100,105,280,112,909,286,287,914,117,121,125,939,129],"0480dbdd5":[312,322,429,433,439,450,490,512,771,799,818,850,940,946],"0489b245a":[179,181,186,229],"050c2b209":[215,258,295],"05e6ded3e":[341,183,519,560,624,641,687,834,934],"05e9baaff":[320,324,344,462,464,476,492,623,712,719,720,734,753,949],"063ab9a49":[431,581,238],"06893e62a":[133,153,172,466,188,193,196,198,217,251,254,285],"06ab8f4be":[350,403,773,832,836,867,917],"06cc91dd7":[460,491,498,590,885,922],"06d4e175e":[328,463],"070e076ff":[309,327,331,389,407,427,435,505,546,762,768,795,838,839,849,859,921],"075547000":[385,417,551,563,697],"07b551722":[534,877],"07b6105fe":[780,866],"0812dbdd0":[323,329,479,555,234,740,796],"08416f357":[360,379,160,418,472,575,906],"086a1f0c5":[414,424,461,541,573,577,621,636,647,751,822,933,937],"088124c20":[191,532],"089dfb100":[353,402,436,457,471,585,603,627,230,705,729,735,755],"08c03e12c":[332,347,412,454,582,588,713,725,806,923],"08e4c155b":[732,915],"08e7b58f8":[423,205,597,599,678,707,865],"08eb7a545":[384,566],"090cc7e37":[256,272],"099834a19":[336,365,448,474,509,544,567,571,598,660,747,808,813,891,912],"09d12e07d":[243,273],"09d7ca324":[354,428,587,675,681,717,721,791,858,881,952],"0a0af398c":[373,381,475,488,593,629,637,704,835,857,860,869,910],"0a4a2f654":[249,775],"0a55916fc":[337,425,444,451,529,548,549,592,601,686,708,731,770,847,888,911,950],"0a617e91f":[333,380,724,927],"0acb9fe25":[308,440,449,484,493,552,633,642,728,823,831,863,878,892,935,299],"0bad4406a":[383,202,631,646,649,656,657,701,727,738,776,854,887,953],"0bc02348f":[511,752],"0c3cac4a8":[397,176,547,672,800],"0c878e681":[134,359,668],"0c9664925":[146,267],"0c97e2c55":[550,615,626,655,779,861],"0cebd18f6":[303,376,416,445,499,500,501,554,679,699,726,744,764,789,853,942],"0d2f3bbc5":[351,355,364,390,409,516,521,535,540,561,608,618,622,736,757,760,841,926,941],"0de6f2b0b":[557,784],"0deb80c71":[304,357,367,372,393,446,518,520,670,700,817,275],"0df154670":[346,394,408,180,510,556,666,689,804,889,943],"0e0c2d269":[316,321,368,411,467,483,533,586,652,702,703,815,873,944],"0e189042f":[338,369,399,426,613,628,645,698,745,767,769,802,837,283,900,930],"0e40b8b30":[326,371,453,538,574,620,695,733,737,259,845,901,945],"0e849bd4a":[578,855],"0e998f28d":[422,434,437,477,480,487,630,635,674,739,880,951],"0ede2def2":[148,296],"0ef5167d0":[182,503],"0f046b9d4":[0,1,3,7,9,10,11,12,15,16,17,19,20,21,22,23,27,178,29,30,33,34,36,37,38,40,44,45,46,47,49,50,52,53,54,55,56,58,60,62,63,64,66,67,68,71,72,73,76,78,80,81,82,83,84,89,265,90,91,92,93,96,97,99,102,103,104,106,107,108,109,110,111,118,289,119,120,122,124,126,127,128],"0f2e3f457":[410,413,507,515,677,693,748,763,778,819,821,874,904,938],"0f521669d":[317,420,495,611,625,651,671,680,754,814,842,864,925,929,948],"0f5c631cf":[405,469,494,506,545,576,653,685,811,848,883,890,895,920],"0f74e4c77":[654,692,694,722,245,828,833],"0fbe549be":[315,139,334,335,345,352,356,358,363,374,401,406,419,421,441,443,452,481,482,525,543,558,559,564,569,570,580,584,589,604,648,661,663,696,741,765,786,788,809,812,816,844,851,862,897,908,919],"0fcd71ec9":[330,348,486,508,524,591,614,616,643,659,709,807,843,871],"0ff340b9e":[311,404,470,502,562,206,632,658,691,783,884,907,947],"0ffab9548":[391,392,396,458,530,600,606,667,742,787,792,797,826,827,852,928],"0ffc64fb8":[314,375,565,210,772,820,893]},"name":"60","importBase":"import","nativeBase":"native","debug":false,"isZip":false,"encrypted":false,"versions":{"import":["01630225a","693d8",131,"7c5f8","01c0c95e0","e0cd6","01f378ebe","f7a25","023a5928f","bbee8","032896449","8f24d","034c1095c","546b6","03d1e0403","af82e","03e23f56a","b4bec","042327483","e3ac5",135,"15726","043c9a8e0","a17b2","045e35348","cae68","0480dbdd5","8b7b8","0489b245a","b3a3a","050c2b209","7c3f0","05e6ded3e","dc51e","05e9baaff","0c836","063ab9a49","9bcd8","06893e62a","d308f","06ab8f4be","b8276","06cc91dd7","e5e2c","06d4e175e","e7fa7","070e076ff","b3581","075547000","ccc5e","07b551722","0cea2","07b6105fe","94833","0812dbdd0","ac05b","08416f357","cfd4c","086a1f0c5","5d9e4","088124c20","bb38a","089dfb100","3ee9d","08c03e12c","11e6d","08e4c155b","194cf","08e7b58f8","8fb01","08eb7a545","0a596","090cc7e37","a9336",136,"45ed2","099834a19","68f09","09d12e07d","0df97","09d7ca324","a6c1c","0a0af398c","531e1","0a4a2f654","6523b","0a55916fc","783b9","0a617e91f","74e8a","0acb9fe25","78336","0bad4406a","5ed63","0bc02348f","f4a65",137,"4d79f",138,"ec22b","0c3cac4a8","dd83c","0c878e681","abd65","0c9664925","ae477","0c97e2c55","608fc","0cebd18f6","5bbee","0d2f3bbc5","ce487","0de6f2b0b","cb5fa","0deb80c71","1c60a","0df154670","2ed9d","0e0c2d269","ee1b4","0e189042f","f6ef2","0e40b8b30","07877","0e849bd4a","17446","0e998f28d","65e2e","0ede2def2","277bf","0ef5167d0","eda53","0f046b9d4","4a00d","0f2e3f457","ae243","0f521669d","c9028","0f5c631cf","52c82","0f74e4c77","421c8","0fbe549be","419b0","0fcd71ec9","e4a1e","0ff340b9e","9d2a8","0ffab9548","a225e","0ffc64fb8","0895b",140,"34691",142,"f4a4c",8,"d8652",339,"6e695",143,"4593f",145,"c5f95",361,"26afe",149,"511c1",151,"618ea",14,"7ce3f",152,"369a1",154,"ad08d",155,"ca5e7",156,"f2725",157,"5b465",158,"6a8c4",159,"eb159",161,"0a87e",398,"03367",162,"3e0d1",163,"2c160",164,"4e2d8",165,"fd167",166,"23a2b",167,"71d25",168,"d2bda",24,"89818",169,"face9",170,"a75f1",442,"eeda2",171,"6af46",447,"ffcf5",174,"069d9",175,"abaa5",177,"b8715",31,"54092",32,"e2b51",35,"8e470",504,"4174e",184,"0ca63",187,"b333b",189,"1715f",192,"ef307",194,"c20cb",195,"12b32",43,"278d8",197,"b33d2",553,"d0f79",199,"06d14",200,"c7402",201,"8d819",203,"9554b",204,"fe80c",207,"b3a3e",208,"a739a",612,"ff4eb",209,"7c06a",57,"2a0f1",211,"dc56c",61,"21fdb",212,"faec5",213,"2a795",214,"dd233",650,"be6a3",218,"8c45a",219,"0d3de",665,"67d98",221,"7e210",222,"4cbc2",224,"49c24",225,"230d5",226,"98fea",683,"bd213",228,"9d10e",231,"c3c41",232,"a72fe",233,"357fc",70,"867de",235,"406f8",236,"6b1dc",716,"bd602",239,"8b223",241,"e01f1",242,"ef6f9",244,"3ca8c",730,"e9dd0",246,"09741",248,"3b045",250,"783d7",756,"cb7c4",252,"4b00a",253,"c493d",790,"5345d",793,"97033",77,"a3c9f",255,"59e29",803,"cbb96",810,"a70c8",257,"4912a",260,"bf636",261,"d851e",262,"a90ae",87,"1737e",88,"700c9",264,"d0e57",266,"f19c2",94,"f93b1",268,"86330",269,"daefd",270,"bd7bb",271,"cca77",101,"3baed",274,"b98f1",276,"f620e",879,"22e6c",277,"a89a2",278,"768c7",279,"ebd66",281,"cb19f",282,"de41f",899,"9577e",284,"1d279",902,"fffeb",113,"dba25",114,"fbaf2",115,"89d29",116,"73f73",290,"5930a",918,"acd24",123,"96565",291,"366fe",293,"28322",297,"d378b",298,"fc8c6",130,"5ad84",300,"e885c"],"native":[0,"fe8f7",1,"67041",2,"5bb0b",3,"53124",4,"943aa",5,"0864c",6,"7ac43",7,"eb0e1",8,"7cfc5",9,"8818b",10,"a9ab4",11,"68f19",12,"9da34",13,"efd22",14,"9a478",15,"c1bf0",16,"ca423",17,"0dbe7",18,"bf6d3",19,"fbf0e",20,"20305",21,"22222",22,"8cd97",23,"70050",24,"9a478",25,"50246",26,"61da2",27,"b233b",28,"dbf92",178,"4265d",29,"8f970",30,"b0748",31,"ef2e7",32,"ef2e7",33,"8491a",34,"64ccd",35,"9a478",36,"6d342",37,"71790",38,"d2590",39,"306ff",40,"c3a3a",41,"0a34f",42,"7783b",43,"9a478",44,"898c3",45,"04615",46,"95a36",47,"12217",48,"5e618",49,"2d538",50,"320cf",51,"ef458",52,"f9739",53,"759cf",54,"e42f6",55,"f3989",56,"6d9ac",57,"9a478",58,"a4a1e",59,"a3af6",60,"3f7ff",61,"9a478",62,"16232",63,"d5a75",64,"a7d1e",65,"2aca9",66,"f0f10",67,"99594",68,"dee71",69,"ad8d4",70,"a0403",71,"63c06",72,"fc518",73,"e0d2c",74,"fb575",75,"2ae4b",76,"37e77",251,"2bf0b",77,"7cfc5",78,"bacd4",79,"c3f38",80,"21855",81,"01c00",82,"abb3c",83,"5cffc",84,"d76ba",85,"d8ead",86,"4122e",87,"9a478",88,"9a478",89,"28076",265,"841f5",90,"4241a",91,"addac",92,"10bca",93,"43554",94,"9a478",95,"ba29d",96,"8d3b4",97,"2e7ee",98,"5856d",99,"0129d",100,"f97fa",101,"9a478",102,"10b15",103,"1452a",104,"c1358",105,"6550e",106,"7bc84",107,"bd6e1",108,"a1014",109,"6f0b6",110,"e3fa2",111,"3ae09",112,"9072a",113,"7cfc5",114,"9a478",115,"7cfc5",116,"e86a5",117,"85c4d",118,"ea10d",289,"284a9",119,"58378",120,"eebf4",121,"05a5a",122,"ea5f8",123,"9a478",124,"3ae09",125,"6ab96",126,"96f49",127,"cc941",128,"e7b69",129,"5cd67",130,"ef2e7"]}}