{"paths":{"0":["Atlas/PaticleEffect/infoboard_vfx_d_spawn_1",1],"1":["Atlas/g_ui_glow",1],"2":["Sound/fastspinStart",6],"3":["Spines/BigWin/bigwin",1],"4":["Sound/bgm_mg",6],"5":["Sound/list_item_click",6],"6":["Sound/bgm_totalwin_end",6],"7":["Atlas/Bitmap/Bmf_green",1],"8":["Spines/Wild/s_wild_feature_1x3_atlas_wilds",8],"9":["Spines/Wild/wilds",1],"10":["Sprite/g_transition",1],"11":["Sprite/bw_shine",1],"12":["Sprite/fs_s_pattern",1],"13":["Sound/prizeInfobarTotalwinAndChip",6],"14":["Spines/Symbol/h_purse_atlas_symbols",8],"15":["Atlas/Bitmap/Bmf_Red",1],"16":["Atlas/FreeSpin/freespin2",1],"17":["Sprite/03",1],"18":["Sound/bgm_bigwin_end",6],"19":["Atlas/ButtonSpin/mh_spin",1],"20":["Atlas/Infobar/text_info",1],"21":["Atlas/PaticleEffect/infoboard_vfx_d_loop",1],"22":["Atlas/PaticleEffect/infoboard_vfx_b_2",1],"23":["Atlas/Symbol/symbol",1],"24":["Spines/Symbol/l_j_atlas_symbols",8],"25":["Sound/scatterWinHighlight",6],"26":["Sound/prizeSmallwin",6],"27":["Atlas/UIMain/UIMain",1],"28":["Sound/spinStopQuick",6],"29":["Sound/wildShrink",6],"30":["Atlas/UIMain/bns_top",1],"31":["Sprite/fs_s_glow_a",1],"32":["Spines/BigWin/megawin_atlas_bigwin",8],"33":["Spines/BigWin/bigwin_atlas_bigwin",8],"34":["Atlas/f_bg",1],"35":["Atlas/FreeSpin/freespin",1],"36":["Spines/Symbol/l_a_atlas_symbols",8],"37":["Atlas/Alats3-assets/Layer 3",1],"38":["Sprite/KhungNormal",1],"39":["Atlas/Symbol/ps_sweep_b",1],"40":["Sound/bgm_bonus_main",6],"41":["Sprite/600301aa-3357-4a10-b086-84f011fa32ba.4caf9",1],"42":["Sound/heartbeatNoise",6],"43":["Sound/bgm_bonus_intro",6],"44":["Spines/Symbol/l_k_atlas_symbols",8],"45":["Sprite/tw_shine",1],"46":["Atlas/Symbol/ps_sweep_a",1],"47":["Atlas/FreeSpin/g_ui_glow",1],"48":["Atlas/UIMain/sd_glow",1],"49":["Sound/prizeInfobarTotalwin",6],"50":["Atlas/PaticleEffect/firework_b2",1],"51":["Atlas/coin_particle/coin_particle",1],"52":["Sound/bgm_totalwin_main",6],"53":["Atlas/ButtonSpin/mh_auto",1],"54":["Sound/spinActiveLoop",6],"55":["Atlas/UIMain/bns_fs_shine",1],"56":["Spines/Wild/wilds2",1],"57":["Particle/g_particle",1],"58":["Atlas/Symbol/ps_line_a",1],"59":["Spines/Symbol/h_koi_atlas_symbols",8],"60":["Atlas/Symbol/ps_line_d",1],"61":["Sound/spinBtn",6],"62":["Atlas/BigwinEffect/bw_effect",1],"63":["Spines/Symbol/s_scatter_b_atlas_symbols",8],"64":["Sprite/5c5bf6c998.53c2a",1],"65":["Atlas/PaticleEffect/tw_num_particle",1],"66":["Atlas/PaticleEffect/infoboard_vfx_d_spawn_2",1],"67":["Sound/symScatter",6],"68":["Atlas/Bitmap/Bmf_yellow_small",1],"69":["Atlas/UIMain/ui_footer",1],"70":["Atlas/PaticleEffect/infoboard_vfx_b_1",1],"71":["Sound/spinStop",6],"72":["Spines/Wild/s_wild_long_atlas_wilds",8],"73":["Particle/tw_coin_2",1],"74":["Sprite/khungFree",1],"75":["Atlas/PaticleEffect/firework_b1",1],"76":["Sound/symShrink",6],"77":["Sound/bgm_bigwin_main",6],"78":["Particle/CoinParticle",1],"79":["Spines/Wild/s_wild_feature_1x2_atlas_wilds",8],"80":["Atlas/PaticleEffect/firework_a2",1],"81":["Sound/menu_icon_press",6],"82":["Atlas/tw_coin",1],"83":["Atlas/Symbol/ps_sweep_d",1],"84":["Atlas/Bitmap/Bmf_yellow",1],"85":["Sprite/bg_alert",1],"86":["Particle/tw_coin",1],"87":["Sound/symWild",6],"88":["Sound/fsTransHide",6],"89":["Spines/Symbol/s_scatter_a_atlas_symbols",8],"90":["Spines/Symbol/h_toad_atlas_symbols",8],"91":["Sprite/02",1],"92":["Atlas/PaticleEffect/ps_coin",1],"93":["Atlas/Bitmap/Bmf_brown",1],"94":["Spines/Symbol/symbols",1],"95":["Atlas/UIMain/bns_mtp_glow",1],"96":["Spines/Symbol/h_cracker_atlas_symbols",8],"97":["Sound/heartbeatSlowdrop",6],"98":["image_2024-11-18_23-28-36",1],"99":["Atlas/Symbol/ps_line_c",1],"100":["Sound/symCollapse",6],"101":["Sprite/04",1],"102":["Sound/openSpinFree",6],"103":["Spines/Symbol/h_lion_atlas_symbols",8],"104":["Atlas/ButtonSpin/spin_vfx_a",1],"105":["Atlas/UIMain/bns_fs_particle",1],"106":["Atlas/UIMain/bns_footer",1],"107":["Sound/heartbeat",6],"108":["Atlas/PaticleEffect/firework_a1",1],"109":["Atlas/Symbol/ps_sweep_c",1],"110":["Atlas/PaticleEffect/fs_particle",1],"111":["Sprite/01",1],"112":["Atlas/BigwinEffect/bw_coin",1],"113":["Atlas/FreeSpin/g_ui_shine",1],"114":["Sound/spinFSTick",6],"115":["Spines/Wild/s_wild_feature_1x4_atlas_wilds",8],"116":["Spines/Symbol/h_cymbal_atlas_symbols",8],"117":["Spines/Wild/s_wild_atlas_wilds",8],"118":["Spines/Symbol/l_q_atlas_symbols",8],"119":["Sound/symRouletteEnd",6],"120":["Atlas/PaticleEffect/f_particle",1],"121":["Atlas/Symbol/ps_symbol",1],"122":["Atlas/Symbol/ps_line_b",1],"123":["Sound/fastSpin",6],"124":["Atlas/Infobar/Info_bar_effect",1],"125":["Spines/Symbol/l_10_atlas_symbols",8],"126":["Sprite/g_ui_shine",1],"127":["Sound/fsTrans",6],"128":["Atlas/ButtonSpin/button_spin",1],"129":["Atlas/PaticleEffect/ps_particle",1],"130":["Sprite/05",1],"131":["Sound/spinFsStop",6],"132":["Spines/BigWin/smegawin_atlas_bigwin",8],"133":["Atlas/UIMain/sd_glow",2,1],"134":["Animation/ButtonSpin/ButtonSpin_Normal",0],"135":["Animation/BigWin/MegaWinLoop",0],"136":["Atlas/ButtonSpin/button_spin",3],"137":["Spines/BigWin/bigwin",2,1],"138":["Particle/CoinParticle",2,1],"139":["Animation/InfoBar/NormalStateFS",0],"140":["Atlas/UIMain/bns_fs_particle",2,1],"141":["Atlas/Symbol/symbol",3],"142":["Spines/BigWin/bigwin_atlas_bigwin",7],"143":["Sprite/05",2,1],"144":["Spines/Symbol/s_scatter_a_atlas_symbols",7],"145":["Prefabs/TakeItem4",5],"146":["Animation/FreeSpin/bns_mtp_glow_win",0],"147":["Animation/FreeSpin/g_ui_glow",0],"148":["Prefabs/LichSu",5],"149":["Sprite/03",2,1],"150":["Prefabs/EndFreeSpin",5],"151":["Spines/Wild/s_wild_feature_1x4_atlas_wilds",7],"152":["Atlas/UIMain/bns_footer",2,1],"153":["Prefabs/EffRemoveItem4",5],"154":["Animation/BigWin/tw_num_particle",0],"155":["Animation/BigWin/MegaWinStart",0],"156":["Sprite/khungFree",2,1],"157":["Prefabs/EffRemoveItem2",5],"158":["Prefabs/EffRemoveItem3",5],"159":["Sprite/bg_alert",2,1],"160":["Atlas/Symbol/ps_line_b",3],"161":["Animation/Particle/f_particle",0],"162":["Atlas/Symbol/ps_sweep_a",3],"163":["Atlas/FreeSpin/g_ui_glow",3],"164":["Spines/Symbol/h_cymbal_atlas_symbols",7],"165":["Animation/NearFS/NearFSItem",0],"166":["Sprite/g_ui_shine",2,1],"167":["Prefabs/NodeAddShuff3",5],"168":["Atlas/PaticleEffect/ps_coin",3],"169":["Spines/Symbol/l_j_atlas_symbols",7],"170":["Animation/Symbol/f_bg",0],"171":["Spines/Symbol/h_purse_atlas_symbols",7],"172":["Spines/Symbol/h_cracker_atlas_symbols",7],"173":["Spines/Symbol/h_lion_atlas_symbols",7],"174":["Prefabs/BigWin",5],"175":["Animation/InfoBar/BigWinTotal",0],"176":["Spines/Wild/s_wild_long_atlas_wilds",7],"177":["Particle/tw_coin",2,1],"178":["Atlas/Symbol/ps_symbol",3],"179":["Atlas/Symbol/ps_line_c",3],"181":["Animation/NodeAddScatter/NodeAddScatterBlink",0],"182":["Atlas/Bitmap/Bmf_brown",3],"183":["Sprite/fs_s_glow_a",2,1],"184":["Atlas/BigwinEffect/bw_effect",3],"185":["Atlas/ButtonSpin/spin_vfx_a",3],"186":["Prefabs/NodeAddShuff4",5],"187":["Atlas/UIMain/ui_footer",2,1],"188":["Prefabs/NodeAddScatter",5],"189":["Particle/Coin",4],"190":["Sprite/bw_shine",2,1],"191":["Animation/ButtonSpin/mh_auto",0],"192":["Prefabs/SpinFreeSpin",5],"193":["Atlas/FreeSpin/freespin2",3],"194":["Atlas/Symbol/ps_line_a",3],"195":["Animation/BigWin/BigWinLoop",0],"196":["Spines/BigWin/smegawin_atlas_bigwin",7],"197":["Atlas/Symbol/ps_line_d",3],"198":["Animation/BigWin/SuperWinStart",0],"199":["Animation/Symbol/EffectTakeSymbol4",0],"200":["Animation/BigWin/BigWinStart",0],"201":["Particle/BigWinCoin",4],"202":["Atlas/ButtonSpin/mh_auto",3],"203":["Spines/Symbol/symbols",2,1],"204":["Atlas/Bitmap/Bmf_yellow",3],"205":["Animation/Firework/firework_b",0],"206":["Animation/Symbol/EffectRemoveSymbol",0],"207":["Atlas/Symbol/ps_sweep_d",3],"208":["Atlas/g_ui_glow",3],"209":["Atlas/PaticleEffect/firework_a2",3],"210":["Atlas/PaticleEffect/firework_a1",3],"211":["Prefabs/NearFS",5],"212":["Atlas/tw_coin",3],"213":["Atlas/UIMain/bns_top",2,1],"214":["Atlas/f_bg",3],"215":["Prefabs/EffRemoveItem1",5],"216":["Atlas/PaticleEffect/firework_b2",3],"217":["Prefabs/StartFreeSpin",5],"218":["Atlas/UIMain/bns_mtp_glow",2,1],"219":["Particle/g_particle",2,1],"220":["Spines/Symbol/l_q_atlas_symbols",7],"221":["Spines/Wild/wilds",2,1],"222":["Prefabs/CachChoi",5],"223":["Animation/Symbol/EffectTakeSymbolSilver",0],"224":["Atlas/PaticleEffect/f_particle",3],"225":["Animation/InfoBar/NormalWin",0],"226":["Animation/InfoBar/NormalState",0],"227":["Atlas/UIMain/UIMain",3],"228":["Atlas/PaticleEffect/infoboard_vfx_b_2",3],"229":["Animation/InfoBar/ib_scatter_glow",0],"230":["Spines/Wild/s_wild_feature_1x3_atlas_wilds",7],"231":["Sprite/fs_s_pattern",2,1],"232":["Atlas/Bitmap/Bmf_yellow_small",3],"233":["Prefabs/NodeAddShuff2",5],"234":["Spines/Symbol/l_a_atlas_symbols",7],"235":["Particle/tw_coin_2",2,1],"236":["Atlas/Symbol/ps_sweep_c",3],"237":["Sprite/600301aa-3357-4a10-b086-84f011fa32ba.4caf9",2,1],"238":["Animation/FreeSpin/SpinFreeSpinStart",0],"239":["Animation/FreeSpin/desc_gamble",0],"240":["Atlas/FreeSpin/freespin",3],"241":["Animation/bns_mtp_glow",0],"243":["Atlas/PaticleEffect/infoboard_vfx_d_loop",3],"244":["Prefabs/NearFSItem",5],"245":["Animation/FreeSpin/ButtonStartDisable",0],"246":["Spines/BigWin/megawin_atlas_bigwin",7],"247":["Atlas/coin_particle/coin_particle",3],"248":["Atlas/BigwinEffect/bw_coin",3],"249":["Sprite/04",2,1],"250":["Spines/Symbol/l_k_atlas_symbols",7],"251":["Atlas/Infobar/Info_bar_effect",3],"252":["Spines/Wild/s_wild_feature_1x2_atlas_wilds",7],"254":["Atlas/PaticleEffect/fs_particle",3],"255":["Atlas/Alats3-assets/Layer 3",2,1],"256":["Sprite/tw_shine",2,1],"257":["Prefabs/TakeItem3",5],"258":["Animation/Symbol/EffectTakeSymbol1",0],"259":["Animation/Symbol/EffectTakeSymbolGold",0],"260":["Animation/FreeSpin/StartFreeSpinHide",0],"261":["Atlas/Bitmap/Bmf_green",3],"262":["Animation/ButtonSpin/mh_spin",0],"263":["Atlas/ButtonSpin/mh_spin",3],"264":["Particle/BigWinCoin2",4],"265":["Sprite/02",2,1],"266":["Spines/Wild/wilds2",2,1],"268":["Prefabs/ItemSymbol",5],"269":["Sprite/KhungNormal",2,1],"270":["Atlas/PaticleEffect/ps_particle",3],"271":["image_2024-11-18_23-28-36",2,1],"272":["Atlas/UIMain/bns_fs_shine",2,1],"273":["Animation/Firework/firework_a",0],"274":["Prefabs/TakeItem1",5],"275":["Animation/FreeSpin/ButtonStart",0],"276":["Animation/ButtonSpin/ButtonSpin_Click",0],"277":["Atlas/Bitmap/Bmf_Red",3],"278":["Spines/Symbol/h_koi_atlas_symbols",7],"279":["Spines/Symbol/l_10_atlas_symbols",7],"280":["Atlas/Infobar/text_info",3],"281":["Spines/Symbol/s_scatter_b_atlas_symbols",7],"282":["Sprite/5c5bf6c998.53c2a",2,1],"283":["Prefabs/TakeItem2",5],"284":["Sprite/g_transition",2,1],"285":["Atlas/PaticleEffect/infoboard_vfx_d_spawn_1",3],"286":["Animation/Symbol/EffectTakeSymbol2",0],"287":["Animation/BigWin/SuperWinLoop",0],"288":["Animation/InfoBar/BigWinNormal",0],"289":["Animation/FreeSpin/bns_mtp_glow_normal",0],"290":["Atlas/Symbol/ps_sweep_b",3],"292":["Atlas/PaticleEffect/infoboard_vfx_b_1",3],"293":["Animation/Symbol/EffectTakeSymbol3",0],"294":["Atlas/FreeSpin/g_ui_shine",2,1],"295":["Atlas/PaticleEffect/tw_num_particle",3],"296":["Sprite/01",2,1],"297":["Animation/FreeSpin/StartFreeSpinShow",0],"298":["Animation/FreeSpin/EndFreeSpin",0],"299":["Spines/Wild/s_wild_atlas_wilds",7],"300":["Atlas/PaticleEffect/firework_b1",3],"301":["Atlas/PaticleEffect/infoboard_vfx_d_spawn_2",3],"302":["Spines/Symbol/h_toad_atlas_symbols",7]},"types":["cc.AnimationClip","cc.Texture2D","cc.SpriteFrame","cc.SpriteAtlas","cc.Material","cc.Prefab","cc.AudioClip","sp.SkeletonData","cc.Asset"],"uuids":["011EIbmlhPvoPB8Ee9y/pV","028XEoNIFCb5f2e8SLP9Gd","038U4luB5O6oV/WBHq48h3","07VFVSXnZDTq0AFcBHeHbs","08bga0kXNA26MdTNOSX2Z/","0aJGpFBzhDqJnJV9bRIhlJ","13HlXv+QdDnaNnqlcXErmR","13gPRE/vJJOr0vgoMH+rMi","1346p47XNHIb4DZrQFOBGz","15kXZNRBRKaZK36n1zwFRB","1bIwiBGFhBPrlBeVr+KXvN","1bRmgC2IVFIZ+Vk/G51uk2","1c3Xdg0SZE6bvPalpr2WbV","1dtlg9xWlKJo7MabIEdLQT","21s+hvoTBF1p5ad/E8N2I2","29k52/xBxFLLodRL3UgjDD","2bdAjCR5NL5peaszmvh6dP","2ci84KGJhL5o3Q7dZ81eRl","32Yh+jWM9CkYbWTcotPtHu","33HfwWuDBKn7JdBT4QQWsv","35Eqm4p0FH65rM6dBYXKhH","35ceupk8RPioLSbD8bXHHN","38w6cf5XREiq0bgscCNn3v","39V7ui+UhKsIC9HR/3zXW1","3a2LO9A1tMmbLwZVvR6QR/","411NuIy2NLI5j8q3p5yQQe","42BuBQQDtHF7P6JbvF1JQY","42GWdd2flNJYHKPgONnT/y","42qqJvsfxJ87ieEM5T5d8n","47NToRWW5IebCECdRyY48F","49x575As5J/IKCFSH2Dkj+","4b4JHK7eBGepMqM/N743cq","4eKZ2SdoVOvL4n/VSc4jhB","4fXj1XTjBHVIamFbvNNDPs","50NgkJDf9LcIg+oV1hhFgc","50Y1smxZBH9YXZ62e6uXxy","54h3KvdOtMlKCvHk5SjIde","55ivew1NZBBZjxSEqLCA0c","56LFtCAOJAg5oDqbv//WHX","58WvXBgvxK3pBi4vR3HpLP","59y5tQbo9FdblWAyE974xe","5bpLX6nWhCkJvIgRv+nOIh","60AdcCH6dChLKfGrhhrdWt","61waMvErdLUZP5q/EO9fc3","613y94NBNAtJzgMx1WqRxC","63lwYlkcdGkrH9u9E5yBnV","67C04+WHFCWoHJSZEtnSDy","67StiT92VNLZwitxkxhyVk","6aM20GQQFLFpRAByTs7bAx","6bK4yHPpdMaK6l4m+2r+B1","6beB+EURFJjZ0JkGap/AiZ","6dR5wQVzBD9Yy6c+r7WzYY","6fpEIrk/ZOCqpsyVLBNNT5","71C8ROxxRDcLs0m8Zf4pmC","76F0XouV1Cm7JXlbv14jcc","77Ey6cYF9EmrrpsHeGWRcI","77yal7iRBAAoGh2+lgRCCn","79UVMaTXRNlIf0mq89V41W","7anAqD5z5Iy6nHq6/GZrJl","7d3JrA8P5Kha0FvDIFOUjV","7e0H5lSZ1OZ7Nv0nv/Q3Uf","82MT3ao4dBLISrp27ukv6T","84bphIQG1C247GbowPxSx6","85MhkuMAhM5oU6Adas7cBN","88o6g4vFJCTLre4letF6wx","8bKt/5hqNFwbPHZwGLEdAt","8eMTUf8EZPqIZA7qTUKGng","9078HDEgNAloMqV7hji38a","92H6G/WIxEgoxIaAhchYzw","931hzsfYhOqKvEWw9y2JwS","97VrT7UpNPQYGRcVwzGKZG","98YBoeyR9DF6ji9K7ifaww","9adJ6CFyNAbahH6AvY2FY5","a50l5l+exAoZ+VCFFtrPoh","a97pUDW+ZELa9AmfNa1aeI","aaZGCdX31PXYUglbW+AtcS","af3R6wyxJLS75WuwP9hKyl","b1PEloiuNOcptYO6clLrRg","b1VutR3SFNsrEvcQna2xud","be+Ne4KwRMJqUVghqR+3Vk","bfLI4J665OoafMeAV6uLQx","c0tIisciFEj6FmXRnMMaVN","c2A9dUHyZHJI7MQULtYmyP","c3s62MAPBC1rUW9huoobpw","caAcNQ6n1FabcUG6tu4Zy4","cbcvxa2qlChqba7HJk9xWI","ccCb1OAktEjLqNICeJy/UQ","ccpl4cd3xIyalzD0ndytEN","ccrd1sn7FGLac68CUJ0jYj","cfmdUJozRJHLflJwbHWc4L","d0FQveTJ9OcZ5ByOUQcA/p","d0VNLQGtpD6YMTZQrtT3yE","d03Cw/5fpP2Z3g2NcUvccF","d19rucmllPsq2nVm37+sH1","d2P+KOSB5BX4kYeS26ihfx","d2VDcjUdFNFYKh3ZWlRpW7","d2WtSwbQNJx4rMghQkpyxn","d3TLPMIBZIMovfw4znXQh2","d3bzQj7lxBIp8SW9OowyBO","d5soexkrBK6IjQFjwum0s/","d6lIS/NFBCWoJ+ZPAMKMU9","d8+70Hm+9FzIX+ckjovshX","db8Uxb2DtFfb8eSeNnQb64","dcoqgbB0pNPqphb0RqOzzz","dctm2kkmZGs75SGNIKtKzm","dd1w6TQBlDraJxuBNV3HRq","de2uhgsolJhqNlK5qfWSJk","dfXrTJ1pNBKaU+q4ygfO3t","dfsiqadYdFqZ5pw5Lbtbja","e02UDXi3BEepF31kQHyBK/","e21qjmmEVObah8Xmh00Vhs","e4HHJnm7hP1q0W91VcdKpf","e44B2sJghE95lFOwevrRlO","e5oYgXbBZCEoWrVroMV3yo","ecWf5ObrRHFqLKy6UZ6vIf","edtyQpRn9G5K5yujs4+aqG","efw8R+4M9AM78EzgOK1GC+","f0gBis/Z9IgKtIg7yvd0rW","f2NLM1PzJN47Pv7HYqsxoX","f2SJzo/FxOBYjYm7nkH7s/","f2i8hxq49FD5+ccQf7uG1i","f3Uad3IYZPc7R28XNkUh0H","f3aUL6M9tDSoJmHnMLATes","f4Zmd441pBZI+NTUNhL1fg","f5OhWnLQxAgIWhJdaJ53ve","f6SnnOGutAz7rijFJNvzQl","f7fcmqrGZK3q1KbQqodrsH","f9UO8VCTpFjIIA5crWVjf2","f9bCA0ppJGTKPsm2adAVSo","facfIYfbNAIaqBF/P4LOWf","fbH7fids1DQLtA2SqCQbXv","fdVFMHX8BNMqvuToTdarUH","fe/aMHYhNN2YmprLXVtiIr","01lDvi6IdJu6DTqxmSZerE","01zdT8Tm9HMpXYFD1yGB+P","02oRywLpNHxqXzpXkeD4mv","02z0E2wWlKqKSLkJeotR5K","04KqeBqFFF5L+7EBivfYTR","09XLQbsfhNo5Xa99rE/Dqj","0b0tcnRlBGoojrnwaedANh","0cCVr5nI9OTpteE135dsMg","0fZdcJQupISJMKinfB2fUJ","10hpJCZxFLWZ/Z3V3QPGq1","1174SzezhEbrR5oOmnAJjG","13j3628hpPmph7sIaKK77e","154NjmRrZBC4hS2Cwi7WpT","1b/AXZUtZAsYrvXlUt8aFa","1cKAr5k25KcaRuBJeleK+X","1cg8EpliJPvKnW44+kJJ/1","1dAJEFu9FHabfeB39rijKh","1d9QKlh0VEJJlMRpTl7Ll+","1eNRH+0DdDzKZAhnEqyRsZ","20YVoGnvZHuKo8CmjNC4eq","20kvKngU5KX7TgXdwMzd1N","22b2bxaF5K3Jpido71LO9T","23I8WtnjFMm6C1pPvf9nJ5","23fMzdhWxD45fL9U8/fvT1","23iSj41a5CMIbHONpTLcqq","26yuSwD8NDVY7evZ8QI0Y6","27QCltt8lDu6MY4XyNaxwY","28pXEQOUhMA55hwiNQ34oV","2b4peyvFpESoBJsK2UQ7WD","2cWjHBukRBnKziIOfNyhAb","2cmtRUxCNDH7R7RxVyEWnb","2dgcPJYqRGA7qrhgplI6Vn","31ECXsHopBboX7XGt5pqfp","32pV2/cV1CYZ4E97c36joP","35mLkkusNCwZvcsDUqNDL2","36Yjvr9P5L25UQCm+56zrL","380lSLBV9I6orV1TpWTXdG","39PyNt5m5CxIkrHZGmwTHa","3cA65N1E9IpIcMk6jyHxzV","3dADf6fbdLao6jnJ42/P/s","3fel9t4DdGu6W96TBqu4A5","3ffgbbbjdFDbsBy8vD/+gi","3fnchReEdIfYU23ObVHSXr","40bXkVQ25JCYh0Dh+Id5Be","44u7d8XZFLO6Dq4ykV81K3","46ZdRbFXdPH6Kfmy3KlQGt","46auq0ZWBFdKuzS2xiTsaz","48FzB5HpxPi7Rjom+cygoD","49IVSUUgtJlYVq45HvyqHT","4brx/qWlNJvr/DO8WTyOSO","4e23lGP1RO4Kv6gTF11wRz","52WYx3FU5AnJEbRa2T/qJz","525bqx6yRB5q03ay/VWNGi","57EZBV5dBLLLL4N6tsgKEy","58ygtsA8hJj6/8cucPPTzl","5alLoYfZRB8589z7od+Fwq","5bDKf4SJ1M2KKVXTzwNXf/","5bcMZ3f9dAnIvXiDl4I85O","5cH2G5QMJO+6gFDp8Y5Dey","5cIb2TgVtFRY7foCTrSS7j","5d4xrS/p1Nza7tBAO+/+sp","5d6kCJla9P8baDmR7DfQaH","5favwOtrZNxaxqR7sa3PBF","5fcic3vJ1JzbpoUafNxbzl","60rZbELX9ImqPuIU3HW48N","63+SBKNPlA+KEZ3z0avQes","64l6vWKPFL2YaQocPbYpbT","66dALY5XFKEqF8/n1qROPn","68AxU7t/pJRbnMgfI+Vxri","68L1zoWyRNrLCNyHOBAeYh","6a33y10ahHd5ZUNKuNI1uJ","6cB1ew/LROLpMP5ZJM+U9v","6eNW89hWNGqbThZPk/X55T","6fgZ3z+Z1BXJFFOJEskesr","74drhFRX5FFpgF+MWFEwvo","76r4q/inhGdaYSZjc7BeiI","7994x5Nj9BZ49ouw8VsfvA","7bPmCYeGFF5r05YkoUKCVP","7c4mUU8TpAuJhSgu1NonU5","7e2AaAnkBOtK6MDLs+SD3y","84RStJrxtAQZtDtyBL5dev","86gUM0YSNI4LRWLk9mbOPG","86mwW3jdRMRoLMCWKNrZ2W","87K0evTbJIbIF9mzxQi++6","88AtJoqwlAAr7mlu8IsseQ","88GAfoFitE6I65zcKkCBgZ","8bNx0u8FtF2ZEJquyvCm5G","8cTtNr68tICr+CiZFVWp92","8dFOc8bDxLCaS1pBvY+O4j","8d4xPvHudEla7Jp3C6byl1","8ez+HewT1HO4Nx249xQ/B3","90DIxOklZCx41qohhT5m+L","90TbYXEGpOPLsKowkjnViz","9021azZupOw6UGJaZppKzY","93DAaWG8RHn4eICtjUlmS6","93ZcXSr5hLuo23Uc/uY43p","93xYmFfANEOadDYibf2naj","96QqP2diBK05N5gdeqWF6e","96W3wKpONLiLdX6LwVlUIr","98WsswIjFNC5YcKaVv31Gy","98trE7thFHSqdFktv/c2O+","99pL2GF1NN2Y95MVwWHiFM","9aK6lk/oZPQbUt/eBx9r32","9a7H357exCnJjI1jq3pdnj","9drVAeyH9FhLcDIayp8Ggl","9eSr7tbSRIFJ49BxNAe98Q","9ecQvm6wtMOr+4OYjF4BUe","9erIjq7AZNZ65GLn+DLs79","9f91SFi9BIHpXMwzjavm8c","9f+WT2zvdHYIRlX6U7Nbsu","a0XcBhWW9DyYw4Uxi0bl0v","a2B2dMg5pEybXJ73KVFptb","a3LuNtA0RPsphM6iQeEKmd","a3VfMHXbhPAIR5vx8/pwVU","a4gFu/QplIt5ALYMscQuIC","a5aOxxFVlI8IhesE6Rstrq","a9V5NqNGpEVYfmptTFIJU7","aa1h2YvelNcZAMFMv2dqEI","acxSwVJfZIXZmIrJK4MlmV","adBTNiZOxBSaqv9ii4Kzjh","b2aHrECZ5APKGS/0d2hvT1","b5A/f77CFJG7u0mtcCKC2b","baYbTNJx5OEpXTL+bT5Qvb","bb8q2yce9LlJ0jtpJQF5kg","bfO8pKInpEN7tJZkEC3n55","c4OzFtyu9MA5fwMKhPNgJt","c4uxjCqFlMcaP+vwerc65p","c8W+hDOQBI2bncdNEyHmuJ","caBun0A0dByb1NQrMeO5eJ","cbBdMYUgVLhqgwR/WCskx7","ccy9ccMfZE3qyTtHkyvMbn","cdHfJOrkNLw5LA33sVnZyP","d0KpxQFxFJkIIlIUC37OtO","d0ePbgWj9EnY1rNlQPpVc2","d0qC05vt5GxLaYyB/w3t//","d1SM0ykOBCm6xKGKMyA4bZ","d4JWlYVhhPAoA6De/AIzdk","d6RJrfJCJP56PTcnZiR6et","d61TWI25JB/LI4lhnsivEG","d7yUGyM9RGeITaaCvvpjAj","dcHNhO7KNDHKTesMjGhloZ","dckM+C1zpApKVRnFdV9Oaj","dfDTuJVWJN7L+M2Gb2nvD0","df3dNeBWdE86zssaHRbZVh","e0AJ8Nj4hMmYEM1OHBa9ky","e0+uhGF1pL5rh9EMXssdCE","e3PGa3lqFOHYOWiuT5eu/u","e3qBnGdqRH8pUYv34+LS1/","e3zBLwfP1E2IMmKJiITAWw","e7CxnIDvRLS7GIM7Je6aKK","e7fqCssypGb7XwurMswbcZ","e9c8FyAvdIzIIcXw0sF/Zj","ebxe8YDjNODKBYmdgF5v0g","eca7lYQPVOWbMq8kd4tNu2","ee8vgcAxdHS5ArAGHwAg5q","ef5LZH2u5FJ6/Jug8lLsoe","ef63BkkA5FdJSX4J37+jCN","f0YS0Lb7hBw5uIqJ1WbmFr","f2+6cAyDFJsbT3BwIjNOWK","f2/P5j44hA4pwU0HN/weov","f7vDxtGPNC9ZYz5haXCygF","f9wwHYQA9Gwr5SXgcKuuz+","fanDwoNfpKQYqlhoaDhLWT","fbQy+PWlJOfbmNV4bS+oum","fbcCB8S0lM6ZBwjamVvseH","fbcCbJBM5PVZHtClTKDC2/","fdGwu/ex5O56RYqF7UJ7DV","fdmGtiWt9PsYZxKQ9YQm+B","fd448Dm59AJoUuzjnnItaE","ffCIyBsTNHLIlYxSJ4dycx","00WqBFGilLrZmFxC65kw6e","00YCCRezdFsYwVviId7nhP","00nFZl5K5FRp99TqMFEdT0","01gbQpF8dAG5KteExVRrZF","01tv042vFA7ZkRLgIiP+vy","02pLseG8JH073ZZf62XYEG","029QrqXwlGGZiNqokSBd3x","03b9hJj/hOLLnKJ6uR2Vec","04RBzhVsZIR7NBr9AwESyw","047+OfhV9NJZtzWnC6lonX","05xk4cZ+1Gh6jLIzXuGevN","06IHUVe+9E9r3nhA36TxEr","06znO/5YVDrJa4kei+swyT","07joA1rWtAhqaDHL7eGahG","07pjxWlE5N4KV2S0QE/O7W","08BJ3ZVK1CLZ5XlGOXM0u/","080nV/mLZGA4wRiSGGP0K5","0aK85Ip/9B9pVb6zJes4t6","0alIIOQzRFP5eCW5UO+xfq","0ap8+26nlNaoTe+Ehz+l0n","0bCGrg/SBMSp7tk1K5d2Jm","0dIhgfPzBLYqcAj9BdEyUW","0ddyXRtK5M2qDDG2XY+8r0","0eD2lELOFGo6hIK+98bIzf","0eJQTNiONFhZ1C/v2I1pzv","0eK3BQ2tdHeZ+JtuLJ2C/s","0eV3IBmg9FV7CE/psKHgjY","0ebiLXwsZBsL9sKOsJAtLo","0fYt/bFjVFerBj+eutxLP2","0fgTLxA+1IOpinhX5ieP5k","0fwZ2bfURGw7sAY06cGMvx","1082lm4I1CWKnbrrN52Xaz","11hMHALhxM75kdD6lY86UA","1193/r8UVIH53VE3GG6zS6","12ZSv612VHIJ+yrsTdcq+Y","127Sc3sOdL7JRHsU/LA2b9","13RAPjOV9JOYEuXla3ofoq","130kWS6oNHaoE8deyioc/x","14MvKZl71GMqEGkMD5du1l","14vH2up+REVbDkvfRdjabS","141abqvIJJUZz7P7gA9x9s","143vJC8u5KGa75Wl7lSyLr","1430wNxJNK0Y73PccVY+Fh","15OfLXgcdMKJ8+AJ+hEtdY","15dvz91ddCKpgwPWRY5K2Z","15hyv/2ppEOLcdIXS7xpGh","15sY0XLgpJ+6/GVxMJ4owD","16GmYfK7dAo7/6OjFSIqpm","16Gqi6flZIIajfgcy3G9kJ","16NdHVv1lABa574sHjz5ub","16aREXjfNHD5Gzcj9k/YsU","17Dxq4UXlN9JbOJ7ok5LZm","17U+qQnrhMM6PvQRA/AkI5","19QKRwRaNNIojuBq9+CzOx","19rm4bHZRAZbrC/0wkPDX+","1asNe8K39JKo8Jf9v8xOsz","1az6I1Si5GYovtrM2q29A1","1a4eStZrtLYYK92Demcs7g","1bE7qmJtZH3YxnQwzZnxZ5","1bmLfnIbhNJabtiPdDA53M","1cZediJLlBwJjCYqIZaVyy","1coo0ZoZVMMJiwdqQTNPFR","1eHU2h7jdCKIc/2Qvm3/qz","1eXeDxFD1MFoYEWTsi018E","1eyDMYuYhFwppPvULPoj6a","1ez5Xd44RMOJjMX+ZGfN9W","1e0oSreYlCIIpmVPlZtPHR","1e2iKAA9xPQ5hHfbKnIOmm","1fnRojVFBO9IjRC1x2BAz9","1fxioiES9OxoaSkoNsVZ01","20CS5NTulKdKm/kLiRCNJz","20De/VpDpKibI4HTvKxbUR","20G1SoCFJG7o0H5ptw2V5v","20b3JzPQFGV7zbB01JCWOx","20qmtx1TZFxI2YMBIuWYcl","20160+NNBAOb7xSxp6WrJM","21eWWltV5CuaMjJelcMQ2D","21gV0e+g1Jv7xSJzZphqQN","23JW5FdHxMNaAP1ZVY3hMn","23jxL4HgBCELxEniq49Ozq","237stt+bhBa5vCsi5o1/5j","24Iq17Br5GfaEjRbq2BZu6","24NFE8LR1IJqBGTFU15bBl","26BoX/VI9HXZGArocCgLlX","28T2F7s5VJgoYPthdVWGrc","28gL2m8bRJIJMVxZgoE67J","286fquIhNPyKHRIAZjVq5R","29FYIk+N1GYaeWH/q1NxQO","29IuCT6t5KbrWXkrT3UsfK","29S+5LgpVNwa5o9NVjljDW","29mYqEky5KA4zsWzjaRWLL","2aH8udpKlDRYxlTLOvPEqm","2aN3qGzidAkYPMdRKU3siK","2amT9BvBtBT58on7BK9zcB","2ano2aIntOPK6MFqImSjDr","2b7HPZxq1DKri0cHWwzR59","2cHU99ow1MwJPZ4+ABoAiE","2dC15FTMpEpa8CABU9uYoe","2duV839h9MKKcRtliUTkQ6","2eDIgO739AGr/nOYzgItDY","2eExTnzcRDb6aWumscrBLK","2evBrwWfNB+KNR/13d9+mP","2e4KKXekxK2pkK3Ql4t86A","2e6zAUQl1GE6/c1pTb3JuV","2fUMtoXL5JrbVqTALpvAXy","30ODiwccVLA7/eCJvDUws9","30h0QFP75Dl7VTELcYNBki","31ASKRgVZBeYiX+C9puW3H","31Rg4Qyv9Kx6e9MDWAmEqX","31TYE40SNFgrpxFiiwp7/p","31ccnO8WJHPYVgbA1yEOBQ","31kJ8DseRNrpnRh2j2UgIs","31nogYWp9Eeqyv/aoIxBpj","32VsrPEg1KxLzQk8Aof4Qx","32f+amp1lEXrD9PiqG9Rb1","32o5hyXwRJB4PJu+Jz1oxQ","33W0zXXJNIEJ9TP9+GdOAu","33lyJBplBCz69lEiD+fHOB","33sOXalqRP+LeKQE7BKW4y","34HXDggqdNB754VfiWE3Gj","34JUZZDj1FTrNKQaYejeqz","34ORjwFvxOHL9lPe/SQ+Dr","34aBUJXJJOjbwOnqUHiFCj","348lf651hBZLq5SAWSAZDz","35rfTxN3JAcJunbXhxXBAJ","37I2F4dmtIbLow1GSxAv7c","37wrdcXbxMtpz+UC74X2pY","3740VQYiFPMKa2J6+o04Pd","38c+H7EsxIPrkKJFRCbj7V","39m7mAVZhDvaknA3/QdV+/","3aHaB6QBVBhqpMAKIviDLw","3ae7efMv1CLq2ilvUY/tQi","3a20rQrxNGebrujf6qmpZI","3br9x+G81Ej4j12rsJdAHs","3cG/aZjopHx4sFZkHKNqwn","3cHQ9g9UZHmJupu6H4JC1w","3cZ5VESWxNBqVnWqilARBP","3cd3avuUNJl4P301WxcJ5V","3crvX/vopBYIj8U90y87oB","3c9OTs2XFFsrwfbvGmNZ2s","3dFOiq20NFJotDZRAzTvAR","3deYdMxitAXrmCrnEPtWiT","3d8erXpxVCdrMJSdQ6uwO7","3efwQ7i/lHlJb0LrFj8NQq","3e/ilA0ctPhakM318rfY/e","3fL3w4TP5Db6uWmKbQ5JdH","3ftRD4iENOOaeyup1amN8N","402l8fBVtIBoZtTHAgKzfy","407Zbk0iRC6pwJR9ms0b8c","41ADbapuFOvaCl7hZRIXGQ","42Ixuhm95HwbWHVVKD2FML","42wzajQx1Dx7fedH8Ep/Wx","42zScRMNxP1LQFk11im75X","4272mTLHZGv6xZG1Alqlea","43WLxwb7pJmpdeyzX0ENwx","43pJMYYeJCeKFfQOWFajsD","434TBAfp5DgYtBEMCg8xMq","44UR5NILZI+LKyCL/Nh6+O","44mGSHSpJBS6g+2cdqh7QG","44q/MmwelIIIYcwWHexYMA","44q/Z6hgFFjYlf60NPWx4k","44/rq/WQ1F564YAk1GQEte","45WaihYyVHcKwdOgcM4ruj","45gQ6N1BtNfLqTsitXKND9","452DsSmrZEL7LVhquJg+5k","47LfXTNedBhJ5sf0G+5l7j","47SxQF6gxEe5BWdqYX0Pyk","47fh6lwLxBf6GCCCq2ktFL","47/lN1ix5KrLN62D/24gVs","48G8pG1PVKbYDydCj/owIk","48fP+ASSRCc6sLT6DNhsBt","482U1jAixLlo80XfCtU9qT","48+keBpS5GGJxU7ZPOxrfG","49PY4b3v9FybJUCBYdiJvl","49Vx69chxCz7kuqHnXbWAD","495M1TaghKF6O2oTwb/oRt","4aR4LMr3lMMYOm5E1q4AgF","4aSunagEVIgJs4SsTn6eMX","4aeQr13H9ER4cIjuM7Oelr","4cYizXuJZMcoxZuaSDSoFy","4eSw9KWTdI6YaJwnzen4T9","4eW7vitVdHCpITH6CRW7TJ","4eanf6W45PNahbTiZD+o1c","4e0UzX+hpDmIPjNuedwhmz","4e86tigNBAoofmaXaakLC9","4fYeEuKZFKz5R2qvqq06G2","4f9FFN3uNCdIaR/rzUrJwA","50RbcEqERLtpkY3pgU+MIe","50cOAAtX1JKq7KdQbROy+D","51MbohqGlDkYs1A+BgPhPq","51ghJwqMhHfJeOyqUQnLKM","52LPTZV4RDW4pJ5R/VBY0P","52NVc5dY5DAbO77c8n+lKK","52Ow/odqBCd6j4C6Yj/MlC","52jf9NZGpCoZ0Fd3nBKRm7","52keVFHypG7rbFMM+roMP3","52xW2hx09GUI84KpWx31j3","52xyP63LpO9oaGnsXdY/CM","528zbdnJ5NIIHdFpTxkt3x","53A8K9QDNKZqJXu+sOcte5","53fGow7rxDwawAE3aWUl48","54QO6m/oxOybfl6iK11hTD","54753cI19OwZzR9LWH5nvg","55A9JGEXBF+5N8TSnhFy5d","55o5IDfBpCR43QkJz1O+B7","56dM27OqRLvJ4+drtQhv9A","56qvf/nyxEVoAxdPZKUBWI","56+ASNLzpP/ZV4dZ6DX9C5","57Y5AfDVtDsaSM8PhkQ5Nh","57nuatLntEgJ957sO8pb9p","57sabS3XdFiqXwTvgX9vro","575eqly7tC7Z4uTvmSszIM","57/gFBbtZAyZtebY+DjPIA","58BTg2PB1KPKpcFDmUMpnS","58u+lJRthGvY8H82eZy/jw","59KPSTTs9Do5uVYrwsJfdl","59Lsm6DHRDBarw+yCVPQm5","59fnEQt65NdZ7+EuUv9mOT","59gYNoI9pMN4Lycm+9FjCu","59snZMZddKXoPO6FWpncEX","59zkWJ5XJO67TdT3ikp1Dj","5aiCo8BIRBHYMJqXb9Zo3h","5bUu0IZmZBG7E51Ri6+YWF","5bZ4KpKilAxJi4UpdQO+p3","5b7fXS3lJKppf5+6+CHH6A","5cCGrv1rdLC4QEErAVg530","5cO7kybDxGj4ipyMYdRYZB","5cocqeEUxDar3dBUopbWk3","5dRrx3MtBFQKAcFkcQFqca","5dhHluUMZMUpp+UePuJRAv","5eGozNT21Gy4Ub8lwxoNlT","5ejr31Wj1LkoqWGU+2IDxp","5euHyiv0xE6JdqcXTEBTo+","5fEB/eAwVM35ewCpQBTm83","5fku9FkVRGdKItb8r/gLg0","5fo/xEykxBA4Y+OE+oqZkv","5f5dyqtRNNxaFmVzYns6FZ","60JYWv3BZLzr8WQSwT/0bk","60tiE0VlJITo85wRNlPdUM","601sTsUTZBH5/5eKj5hRyY","6024vXU+JFYp89kjo5iE5c","61Acv7NdFH1JZMZmkGLSUt","62KWLBNsVJuJxsqLiCp6aa","62aO7OySlKjJdr3NyrcG7K","62oJM+s9xPk5tzCgDQmwtW","628zGnNvFLz42G9evKYyF+","63Iz6xLKhBmZYYIOWainhG","63Ooo0RkdFXoKBNOsFZaFR","63s1KFCaNFF7xFn0hQavNj","64DsUB7OBCxomtd4a0VgcG","64KHB3iHlEI48V8XufzhQa","64Zg1CdDNNG7TsoZEfvYM6","65Jb8SFvpPgZffQljQeqrs","65coXQTz5AGZc3K/1LJoUw","65xgoZhX1IE6lvOb6eTj0V","658hqGICFLa578Sw0J3mzS","68Qye0BCtHzbhAGC5rcx4P","68TVTCgotEM40UKVhnotBi","69qxGfFsRMpIxRFUqAGdRV","690SKoWr1Dy460Bl/6momO","6aGj9oDURKa70SDCLU6vAt","6ale0VQfpLS7Q6UWh6kyuz","6bELiQyWZNd7yok+jKW0ys","6bgNQ+QyhGn7qypoROBNRb","6cOq5Mk85P14mKdgFZmwkH","6c38wPO+VECaHtod8N8GkF","6c5R78meJF+ZELk1y+pwX9","6dzU4quOdBWKLT1bTAedHx","6eSohLj1NIDIQuhJFHxK2M","6eobdoN7hLIYoTeyX35GAt","6feoWS2+lLJagX1gsvBTQ6","6focGgOBhNdZMt01HelTPw","6f5FNhIthM/4+lrMmoLAzL","70FYOmWvRKl7GzCCG/RVJs","70X5NC4A1JtJGB4VleME57","705Ingr+VOmpbN0RbPo6eq","708bblMQlFVYvPCSzkE1DZ","71PFnH4INPyIGymM3f69UP","71TfquIVFC0qgHx5w13K6U","71Xaauor9BprKib/WmJetS","71lynZCENDTJ6ilZEDhEes","71p1RLvSpIErdrYoJZ5rYo","718YzujDlAkrXtbhfQRSnW","72h4wmJp5OdaRvOPad2Cq9","72jr1N+yhFrZ6sVDiXkAN8","73I/LUOShLU4b4e81VHHJi","73K+W3EP1JDocuRlH3srRJ","73qLfXx3VJKbTswDVXd2MW","73zxTEhmREaLIeVt/inxRc","74IXwgWKxG7IjROmEXakdw","74dZIoppdMQYsxweor7NwH","74m8ELibtDLr22DouRWGE+","74xinPh0pMBa6iBtAVh/D8","746chZmFZG3p9OysR9EzfV","75Ktw3BUdFv5dPdB+uRViF","75LmeqEr5K+oNIHCBaF1JG","75wK7z0iFKRqKUv2XYt0l5","76aQ/aTchL0pmuyyIVGjM5","76dDRCIKJCP7osVjMaHpln","76gQ0MR51IA7Uvv2dVGbvt","76rNQ2wsZK/qI8xCwQXy7Q","769eaB2adDsZqWDmQNJ/CY","77Ue7owXtAVIV9l6MdrXC6","77fml70hRORLzVvp8qMo1I","79zK1oG6pJRbwUwtIsNY7w","7a+K4usl5OaLEBPgC25UQm","7a/QZLET9IDreTiBfRn2PD","7bDL3WH5VAiot2ld7fyVAr","7bSL9J9nJGmprylsjMVFwm","7br2TXgedCN4arOMY0mH6f","7buTV9dvdCl6neUb47bBlC","7b1rakGgtIAYs5Xsegvvrm","7chetDVSlCNa1L17AdjnHn","7cq64e+EJO/bDkHNnOlj86","7cwiWsoC5N16n+biUuQCpr","7c/tShCv1AabvCctcoeqMA","7c/46+4ZRLB4ggX864MPaZ","7dN+KmzgNITIfPEXofaXux","7dqbgyJfhFwIhnn81lKRdj","7d0M5bjzFD4YkrUkXzf41j","7d1D5bk6tNlJdn7Snf7cMC","7d2WvKa4FD/4zCp+Lii4Js","7d3fqdoBhBvqqXmrn7M6tn","7eAvkN92lIp65y7xWxsJRq","7eHihN6ytEZ61CGPrPjjb7","7edvO6JUJHx5UeH3fXzVIn","7ehs666xhN9a8+dAaYNns/","7fKfI9k9lGDpkcUoT29hwD","7fM7ff/zZJJJeGS5VrZp2X","7fggN27ihL45fxi3eKNyEP","7fsKfsFslFwa9PWcMcz9+I","80A2F4fnlOvKG2yU42zLRn","80GlzWAZtMq5KISB4+14lr","80ayanhC1Afr7mVACUgbTp","802L+e+WNHjIz0YNXvJTZ8","81slClu7dNH4hqSqT+URjU","81tb+RTRJHS4KCqo/BZI9/","82S6ZTDVhDhact0RgaCNer","82migssElAGb04Ws6NimQX","84LDmNQWROPo0Xt5f7F03S","84njbLd19LY6NiDQz1I3iq","85ClAA9ltB0rrQN+wRK2QB","85QrhyGWxNorS7Q9JsEtsS","85YH39ewlOkLHs63HxdJeD","85s1BXO1tHm537jgIycJFM","86XnWImXFMKbiALb3quZUg","860S3m4LFFkq7wSxbfmQtl","876qPwSvRM5bdhh5yr6fto","88wQpHT2pJYYhx1yBdGdRo","8877+giK5BELNdCBOEzNpW","89LOWToahKVKxC5J5tUA3V","8aUZ3l6Q9AJosFwZo+HtEz","8aaFVu8mJEvawa53JctMFA","8asyyvpNpJ2KlT5HaVgfAM","8awLPnTQ5EZ7yS3oiGGlKe","8bi6hc7pdBAo1yf3RUu8qD","8cGUw9p3xHI4bVmMGVxbxK","8cKpMY7IBAwIlAIYZCCYxf","8cvJLmEkJF76w488hPeKkA","8dc6wBpN1NWIlOMi0NsTAv","8dli8+V8ZIvYxOqO7+aoUG","8dokac4PNLH6PpsJyB2jO1","8dv/rp31NE5Lh6zITQcS9H","8d3W91FH1LzpZB4z9AaRjO","8eCU5SvmdF4a/Dpog9tzul","8e7FInBWNF440fHmlBn26z","8fLND2VttFgISuI/cVzkoJ","8fi5vToQVAzLNZ7vmXIa0L","90BtlW4SJH0ri5+1GLibiZ","91HSwPEelGZ44LvXcY2rrB","91QIgh0VZHz6qk616W8wnp","9137GVLt9EHaVuthL0gukY","92AhJfYudK/J43o5VtDohd","92LMNkZkVH5bRTB7f6WnHn","92rBpX6MZOV5Znu6p7XJzy","92xJEjEjpDDJ06y216M1pu","93Dn2FlnZDB4Lv8zmNxwEI","93wcO/K2VDO7h+ZxeaMRTK","94V1bLlM9OZoUi5PPB/fxI","94iEZjWRdN2rxk/F6hCks/","95cKrl4rNHro9xn7JPwDgA","95/lXKdnNBGbu7jbiaR5Gx","96OfXqnP5E9qcY0XeFUXGY","96RXER359H2p2wnogRvHlF","96UEpm3ypHIp+qm4ibnsD3","96vUedLgREWqMAf966GZOc","964z9voglH3L+AGUi6Umey","97BVkLJwxKk4/KkH8Fjyhr","97C1XCbx9Ez7pWcZNwpdKT","97fIEmakhLx4RH7HAIl4EP","97gi+ngwhGHI43dttVuDEL","97gzXZcrdOIIiIhg98BIY5","97nh1jFQlPJpQt0R71VaVk","97pRkmnGdCrY23/2SVvJz1","97rHBk13dGxKljBfqxeLev","976fTecdpFya7hcebjxSQG","98M01Br0BNsoiNiD9Ratl5","986pFc+51I3I2eCyclyQZw","987Frgpr1GG6CtP0wcwym2","99u+gYLZNOlpVONufIamCJ","993FkGucJHEKwOI3GcdXas","9aacKanHJH/J/9tjCjt/1A","9bXPLz7/NMz6JL0e0PcQq+","9cRTjYkNhHqK9f4/875bQ8","9cu0ZCMWxHSo1x8zLMXJoB","9dV3WiaFdLrYGSC2MI9DP6","9d1s1p6w5AQpAjVrNPmg6z","9d/WjvXHhIXrI5ho5I4tv+","9eHimfQsJERKEZm44JIl3R","9eMHfZ1nZFaoxMHteLiK/l","9eWJOfrqtB34llMRdLxV/1","9e3RKEsLxDvJhOhm2IO22p","9e5bQz4vJDM7cvXeuyqZ2W","9fGGOyJJ1D0otsShx3SdTs","9fMLVgaI5HJYdVXhEY5U3k","9fWWngYdJOFpapuShDw5wq","9ffVnwOkNPzoGst3NmeNX8","9fgrvBnmlOeqgsFcq/QE32","a0Hpkb4i5PCohw1gO1vWyW","a0PJ3DjVxC4KCp52gkK2LW","a0bAcUqsJJ0ZUyKsJupd5Q","a0uDE5ml9Lw6F//0DSmv9j","a2MjXRFdtLlYQ5ouAFv/+R","a2OLC4NKhJa4tbASduf484","a2ehRlkOJCeKgpoE6+o4jE","a2/Zn0kaZFTI1RW7Z87rqt","a2/ac+ICRCk71tvWoB3Fqt","a3Cu4HqzlA+KKxzpysB/s3","a3SEckyJ5G9IK/qKUs2o6o","a3ii62vnJJfKxd41iX8b75","a3r7RD1idIuI6zAHhJyjXo","a30DgiBMFD4bGLCXqpfLHj","a4Kinn36lARpg7YYa1+UXc","a47G/YFMxGB6UupDjiQLyX","a5ZigaSf5JGrtffq04DRku","a5vpkD4/5KJbepX6ou7GTH","a5yZhTbeJM1ZiEtsB2fXj7","a6XJqwnadKM4BexNym73Db","a6zr1DmbNF9ovjOutPPMMg","a7YmeJ3mBBkJgwQQXey+nD","a7wx9nZa5Mz4cgKRq7CT9J","a8diwcWehMmJ76Ns4WWiVy","a9JrO98QhA4KkVbvAXh95x","a9V1gXVyZMx6yEEeysGRDv","aadgFNQiVLsZnF5Gawn+tD","aaqQZrcRZLz78hqWoPu9vb","aasybuVo1F0bpmzt5IUjmH","abay2kIidIOqosM4RZ5hA7","ab4COboalIUYvR8ZOXJ2N9","adGENbjMtPkZGx46sl7bJ6","adZx4JBOFMS5xd7J5yCwvz","adftwK2shHy4DCqxBfo2fa","adoYeUlxRNDI9eyl3RZWAF","ad0olTgjlBmp6VTb7mip+U","ad+kRaDNFEJakW7KNfZbta","aePQRglmxOAIpJHY/jJjHH","afmAT361VLBZMD4dAyA7va","afq5+ffR9GUrdbZUlxZ7xi","b0JugGT2RNuJ8VdVEOCId3","b0VrMYvtxHIJDbY9ztIn/V","b0YAjfcYhFkYIvWkV6/yBJ","b0thnDFAxJCLWyk+ScBzqS","b1F+sW0g9IFLtwyWUGI+xZ","b1jl0tfwNA3rfJFwrLpbmn","b1vpOW919GZ7ElfVbRclek","b2ECW60shKW4wyb+H2OAZL","b2PCQmFEdKHaYA+nLFmKuL","b3AZc1mZFFNoJkdgVv9U9L","b3Q8bWTQlJWKtkgxNGdvyT","b4G+GbcERE+LGN+jWJERoh","b45UWMiM9Gnr5c/WLNAIrq","b5ABNcOYZN9L8jw3Lw+dtc","b5T27oDFVN5pIsBG4uGkq/","b55hvqPBJFd4izT/jFNSSi","b6FIYCaeBLjqpc7fZ66BnJ","b7Cs9aqMZCrLXWNPzOZH4n","b74zvob1BIi6ZqB7KfnBqn","b8vVN9QupL6L/bi21WQEuU","b82sPSQPVM6ZRM6NloBoH1","b85HuXGN5Nhbv/S5Dsjf2R","b9QeKuOLJJRIylRJD4etaL","b9e5UYDXtPnImQzEihhc27","b9qileI7hMv6YW97dkU4OE","baFSHYvflCRqkBj6Hl36Z/","baLXWCTEhJJq/PWXe2heSg","barwkMdxhPfbUcyAEximXH","bbGEhj8zhB5oKWE5MgBVOK","bbLDJrL4RGcqiXSe/C85v+","bbNMoIPQlN24+TrAfU32J9","bbS8Uzr31AQq0w8PuG4Bi9","bcammjPyFDSruqd3qhZoK3","bdB0Dq63pFqJHHB0Lig7fm","bdNg52rBBMSo7Xbtzv5hoJ","bdNrQtWvFPw7Jjkdd6Vv5U","bdavIg/XxBB42hbNfj0Yx0","bduEOohApMPbDhwmBRvz2A","bdwXROv+tPXJamuDlLr6Sn","bd/6CNi+FH5ZmOGjNAbyds","beG+JqO5NCd7mgkky4uP7d","c0Npu1N21J1KD08eda2Urj","c0y+WeKJFAvJJPQuWjQx1+","c1JZFI7LBBu7EE03ePCsjR","c1fTGZsENFG5g441XXMaoo","c1rfLyoI9JuLVh+9Zl7X/H","c1wjHv6TxJIZUTuYXZetSX","c17AHS0i1J+IZThXxN3lFU","c19V4F0tJHAoQVJwX2woSV","c2EE3acmtHcb8lDUyiyRfk","c2FrBeU/RAmInpqLY9K+Lf","c2plvG3Z5LaYK2OePoKAd9","c3BxMOsq1NM6/Fui+4yDFg","c3HdbG6CFNSpkAPwAkUxVw","c308/MnIBCMbjXc1cevFVW","c4RKif5Q5KPI0gBalGS9hU","c4oS9hHWZHjLcwY9bg8WoO","c44LNqBxJFDaiEStsrlEbB","c5LlAwKO1BBYYu/Uw1KEQ0","c5bRzwFCpE9qJAfsXwcIcE","c5bljdAnNIEpHAVtO+vzWM","c7b0JsNqtMHLtydfzerUgY","c7teuL1k5MgJMr0l9Ps2BQ","c7u0E0lF9JbpTdh7t4eKsM","c8CBwowOJHU4CpIqfcT1Cv","c8X/o0ln1C9qviVS4btRvJ","c9VupEoCxGbIrIXOJwwOth","c9YZQEEoJL1IsuTSJye3uY","caqHT9JrBLNr/8s7Y0RKUV","ca8u0BMjNKy4kqhl9xul8H","cb8hAYHg1DpbXa0AJMU0Z0","cc9g+1bS9KJJS9wojkjKjY","cdB57nEjJLgrcmb4X3kxTU","cdeIdh0YNIeYDz459M7a4u","cdfNwovYZIGIf7R+VNqxO1","ceB1Z+wYpOSazrSXVuH7CP","cePnjUR/dNXa5zxxlFmuWf","cet/1D9fRHU43hbtnsxg8e","cfLognha5LkrZUdA0B89nm","cfXRNwQ0VNlJ1gqJo3hlgm","cfcOIupP9B9IrZoI/B2ESW","cf61NBGEtPZbjdwvyJMQP1","d0BcFtUJdIv6RpGIFh52Jh","d1NoGsEMFHPLGChfu7xwIv","d23TnQONZON5jLGT2GPMvU","d3j9XuObFFioeiobkItu9+","d3pR+ym4FPzrBK/IDE1ZcS","d3s9Tn7jdMTIRrKQf99N5u","d325RPDP5Co4yiexzk/q9d","d4whpE4oFJHp9/tTpaKr3Y","d5k2H6v85NqIvnwu/i/UTZ","d5rspckLtN1p+m4lqA95d3","d6HiduPcFIwqx2rVdQA4iu","d66DwRCwBAwqvLOOd5xYcu","d7jcbW2mNBXZ0Pcfols6rY","d7o0wzS6lPxLf2+2Yjgp5T","d8A+jwxWZC0Jixw4BDaZ/f","d8BKjfxwRCp4mNztohaQq+","d8RHnSDqZOxKTfgHq3NOWZ","d8fcN4kaNJQol+yfJvG2SC","d8xktrzpdCWbszQ7iuloU2","d8ynNhjZhGD4xSX8mJkoAm","d9afMjRR9AYLMQ8m999Qgc","d9l2rXaupHqpM3gXzGLEWu","d94ldPxGxApY6NAgz5AcaL","d990Y1FCxPs7B5/hMwTTmJ","darye7hshMyrWqQQ1thtkm","dayWih4UNBSZ29E5SpOXmn","dbC6j+x8hGYrd2TuKwTyKW","dbTsKiXFZFnJ6mqSkM/Kmf","dc/v2NM0RBr7R+HI8FxA3V","deUeooAEpEhbAcLIMedpDl","dej4/aC7NP5JOGxZjUCd24","de8dSiEgtLe45t/Uqkt6m8","dfDUAP1UpASb9/YBqS9p28","dfSVdcMBZMvoc4waA8EEqy","dffCnPbZlH8YHqeKkMYmka","e0S2+QEl5Nr6BCb/Hr6BeE","e0oxI4kiVJw6goNzrD2B8J","e1c2PPnHROB4maB3iy6U0J","e2c8UecLZM54xn6trb3W2g","e2lVDa5A1OubVDmOOg5HLN","e3VwdPSPtKrbucKJALqLYY","e4DIHPaAJAp5wyLdjFkbz5","e5q+BiiYdLfpfOwj4+920W","e6wZjjqw1L/rTSN8oPc4X2","e7oh3eb3NJQa5oNwpzPCMr","e7uc81bxJCw5xKJsdcviHg","e8K7GiuAdEH6ppD0W37FB+","e8L2pwrhNA4LCguFy9Xhhl","e8h0yWsbtCPaNvrKDgIJMT","e8ynaAN/lLZb2FlkAWI/AN","e9XB0Z7E1JzKpPMiMCJR6L","e90BtKy9tFYLez3rJVo38b","e90je1u91Gwra6gfi+2PJw","e97GVMl6JHh5Ml5qEDdSGa","ebPACenNVO+5aByBPRICF0","ebrgLJe+ZHd4ED3iFYjze/","eb7u8WK/FJho/7Zi4EQ3dc","ecCTW49kJJYZX+93y4H/Sv","ecC8vFugtEuI1iF38u5KrK","ecJ3yqVx9MAJZUA0mD/wD8","ecaVxLzSNIM60vq4P2s0Bs","eccBMky8hJeahBzVsg+YPp","echjh1zXhCrbu+zxoqE4EP","eclFqQ6VZJf4SOrAmTpPhm","ecpdLyjvZBwrvm+cedCcQy","ecxTiYD2JET6qc6rdCQg/F","edOGKwE4lEu4amm4qqaQjg","eeXpRqSM1CX773rITQrJml","eeutYc5nFGmrtMPkYBDC1R","efWH+rQT9Je7m3JnZAeX8m","efdiQMFmREZpuAj6Q+Bark","efptUeS6lL3rUfPFTqVjyy","f0BIwQ8D5Ml7nTNQbh1YlS","f0LeV0QkdPdaajroJV4Kuy","f0OSbdrRdCBZZ52wHQ0Jlm","f213a4IL9Goqts8540M16U","f29soDPThOCZts6xuht/me","f3SjikNOxONZI6ACDywI3p","f32rNBX2tBa4O9zrUA4ZlP","f4echL2c1Kj6QhJGd19KWP","f4qRI8+7RL7Y5arcgS2xcH","f5EmJ46LJMKYfuNj+VvvV0","f5QxCwobRDI70dx5zJHeAi","f506Nmqb5A9IezQX70F0CM","f53kUWixJCFaw1MRRwJpwM","f6PIUTmpFCBKv1jxV5d54h","f6yIdE3shBuphII3EjrAU8","f612F+Z+1PIq0Z60dTk1p/","f7Apk+T/5Hb5n0kkrkjQRy","f7yYJC+iJFFoPPfgeH5BNk","f8Jkc+7hFHRpeF6NE784ue","f8zGJhfsFD5ofqETlNq/hv","f8+o3jNbxKqpOsGDkLANcM","f9PFv1RrFCS7DLoszL1QFe","f93OmDQNlA5YyalYmlNu3Z","f93ua1P0xDzLHwz2VKd4pj","faPmOK3AJPiazV9D1u/2Iz","faqhje7DJJ0bZ9Td1OiJfh","fa7MJlsiRPv5Y2E8xPDQ+f","fbIVETWYBD6pu00lDSfuzY","fbO/WqM7JJ5YQZ2/cEO3Qm","fcEBZjCmJDkoemgUP+/IkJ","fcOsqbTOJKboUrq6EQYhoc","fcUoMlzu5HLLjxgLpNU2Ua","fcpShMsh5JbZqxU08tYp5X","fcrYkaWPFCVa+8F3LFLg9j","fcx4a+mtJA4oRFu7YMP4lO","fddF7j7YBOrqMCrlymDp3e","fdfK3YhU5BO6OchmFPa8Ea","fdlP6ago1IfqmwvUcyZb5y","fe2fyj2VhODLp5MsuUZhXm","ffDFywREZLVL22FL4EXAUN","fflQNsI95LSIDfVXn7QJLd"],"scenes":{"db://assets/Bundle/ThanTai/Caishen.fire":242},"redirect":[390,0,434,1,529,0,539,0,609,1,641,1,725,0,827,0,896,0,900,0,907,1,915,0,926,0],"deps":["resources","internal"],"packs":{"01630225a":[309,388,389,432,470,475,499,525,848,905,290],"01c0c95e0":[307,320,342,368,417,515,533,612,621,646,675,713,760,826,831,878],"01f378ebe":[344,364,491,538,541,581,636,666,678,751,872,877],"023a5928f":[351,379,458,516,528,597,598,611,684,870,898,918],"032896449":[304,315,321,461,467,480,692,708,712,745,784,858,874,938],"034c1095c":[143,149,222,249,265,296],"03d1e0403":[585,716,800,803,933],"03e23f56a":[192,239,294],"042327483":[327,372,402,440,457,498,519,530,570,574,596,604,686,690,779,796,807,832,888],"043c9a8e0":[308,312,345,384,524,607,619,640,664,671,720,748,763,787,884,934],"0480dbdd5":[314,324,431,435,441,452,492,514,773,801,820,852,942,948],"0489b245a":[181,183,188,231],"050c2b209":[217,260,297],"05e6ded3e":[343,185,521,562,626,643,689,836,936],"05e9baaff":[322,326,346,464,466,478,494,625,714,721,722,736,755,951],"063ab9a49":[433,583,240],"06893e62a":[135,155,174,468,190,195,198,200,219,253,256,287],"06ab8f4be":[352,405,775,834,838,869,919],"06cc91dd7":[462,493,500,592,887,924],"06d4e175e":[330,465],"070e076ff":[311,329,333,391,409,429,437,507,548,764,770,797,840,841,851,861,923],"075547000":[387,419,553,565,699],"07b551722":[536,879],"07b6105fe":[782,868],"0812dbdd0":[325,331,481,557,236,742,798],"08416f357":[362,381,162,420,474,577,908],"084ebb58b":[303,134,2,4,5,6,146,13,152,380,397,18,175,25,26,28,29,487,187,40,42,544,43,49,52,54,61,642,218,225,67,229,71,717,242,752,76,761,77,768,776,783,81,87,88,842,97,100,102,107,282,114,911,288,289,916,119,123,127,941,131],"086a1f0c5":[416,426,463,543,575,579,623,638,649,753,824,935,939],"088124c20":[193,534],"089dfb100":[355,404,438,459,473,587,605,629,232,707,731,737,757],"08c03e12c":[334,349,414,456,584,590,715,727,808,925],"08e4c155b":[734,917],"08e7b58f8":[425,207,599,601,680,709,867],"08eb7a545":[386,568],"090cc7e37":[258,274],"099834a19":[338,367,450,476,511,546,569,573,600,662,749,810,815,893,914],"09d12e07d":[245,275],"09d7ca324":[356,430,589,677,683,719,723,793,860,883,954],"0a0af398c":[375,383,477,490,595,631,639,706,837,859,862,871,912],"0a4a2f654":[251,777],"0a55916fc":[339,427,446,453,531,550,551,594,603,688,710,733,772,849,890,913,952],"0a617e91f":[335,382,726,929],"0acb9fe25":[310,442,451,486,495,554,635,644,730,825,833,865,880,894,937,301],"0bad4406a":[385,204,633,648,651,658,659,703,729,740,778,856,889,955],"0bc02348f":[513,754],"0c3cac4a8":[399,178,549,674,802],"0c878e681":[136,361,670],"0c9664925":[148,269],"0c97e2c55":[552,617,628,657,781,863],"0cebd18f6":[305,378,418,447,501,502,503,556,681,701,728,746,766,791,855,944],"0d2f3bbc5":[353,357,366,392,411,518,523,537,542,563,610,620,624,738,759,762,843,928,943],"0de6f2b0b":[559,786],"0deb80c71":[306,359,369,374,395,448,520,522,672,702,819,277],"0df154670":[348,396,410,182,512,558,668,691,806,891,945],"0e0c2d269":[318,323,370,413,469,485,535,588,654,704,705,817,875,946],"0e189042f":[340,371,401,428,615,630,647,700,747,769,771,804,839,285,902,932],"0e40b8b30":[328,373,455,540,576,622,697,735,739,261,847,903,947],"0e849bd4a":[580,857],"0e998f28d":[424,436,439,479,482,489,632,637,676,741,882,953],"0ede2def2":[150,298],"0ef5167d0":[184,505],"0f046b9d4":[0,1,3,7,9,10,11,12,15,16,17,19,20,21,22,23,27,180,30,31,34,35,37,38,39,41,45,46,47,48,50,51,53,55,56,57,58,60,62,64,65,66,68,69,70,73,74,75,78,80,82,83,84,85,86,91,267,92,93,94,95,98,99,101,104,105,106,108,109,110,111,112,113,120,291,121,122,124,126,128,129,130],"0f2e3f457":[412,415,509,517,679,695,750,765,780,821,823,876,906,940],"0f521669d":[319,422,497,613,627,653,673,682,756,816,844,866,927,931,950],"0f5c631cf":[407,471,496,508,547,578,655,687,813,850,885,892,897,922],"0f74e4c77":[656,694,696,724,247,830,835],"0fbe549be":[317,141,336,337,347,354,358,360,365,376,403,408,421,423,443,445,454,483,484,527,545,560,561,566,571,572,582,586,591,606,650,663,665,698,743,767,788,790,811,814,818,846,853,864,899,910,921],"0fcd71ec9":[332,350,488,510,526,593,616,618,645,661,711,809,845,873],"0ff340b9e":[313,406,472,504,564,208,634,660,693,785,886,909,949],"0ffab9548":[393,394,398,460,532,602,608,669,744,789,794,799,828,829,854,930],"0ffc64fb8":[316,377,567,212,774,822,895]},"name":"60","importBase":"import","nativeBase":"native","debug":false,"isZip":false,"encrypted":false,"versions":{"import":["01630225a","693d8",133,"7c5f8","01c0c95e0","e0cd6","01f378ebe","f7a25","023a5928f","bbee8","032896449","8f24d","034c1095c","546b6","03d1e0403","af82e","03e23f56a","b4bec","042327483","e3ac5",137,"15726","043c9a8e0","a17b2","0480dbdd5","8b7b8","0489b245a","b3a3a","050c2b209","7c3f0","05e6ded3e","dc51e","05e9baaff","0c836","063ab9a49","9bcd8","06893e62a","d308f","06ab8f4be","b8276","06cc91dd7","e5e2c","06d4e175e","e7fa7","070e076ff","b3581","075547000","ccc5e","07b551722","0cea2","07b6105fe","94833","0812dbdd0","ac05b","08416f357","cfd4c","084ebb58b","deed4","086a1f0c5","5d9e4","088124c20","bb38a","089dfb100","3ee9d","08c03e12c","11e6d","08e4c155b","194cf","08e7b58f8","8fb01","08eb7a545","0a596","090cc7e37","a9336",138,"45ed2","099834a19","68f09","09d12e07d","0df97","09d7ca324","a6c1c","0a0af398c","531e1","0a4a2f654","6523b","0a55916fc","783b9","0a617e91f","74e8a","0acb9fe25","78336","0bad4406a","5ed63","0bc02348f","f4a65",139,"4d79f",140,"ec22b","0c3cac4a8","dd83c","0c878e681","abd65","0c9664925","ae477","0c97e2c55","608fc","0cebd18f6","5bbee","0d2f3bbc5","ce487","0de6f2b0b","cb5fa","0deb80c71","1c60a","0df154670","2ed9d","0e0c2d269","ee1b4","0e189042f","f6ef2","0e40b8b30","07877","0e849bd4a","17446","0e998f28d","65e2e","0ede2def2","277bf","0ef5167d0","eda53","0f046b9d4","4a00d","0f2e3f457","ae243","0f521669d","c9028","0f5c631cf","52c82","0f74e4c77","421c8","0fbe549be","419b0","0fcd71ec9","e4a1e","0ff340b9e","9d2a8","0ffab9548","a225e","0ffc64fb8","0895b",142,"91dfc",144,"c2d8b",8,"d8652",341,"6e695",145,"4593f",147,"c5f95",363,"26afe",151,"e2068",153,"618ea",14,"7ce3f",154,"369a1",156,"ad08d",157,"ca5e7",158,"f2725",159,"5b465",160,"6a8c4",161,"eb159",163,"0a87e",400,"03367",164,"44e09",165,"2c160",166,"4e2d8",167,"fd167",168,"23a2b",169,"2b229",170,"d2bda",24,"89818",171,"5b2ff",172,"7528c",444,"eeda2",173,"eb948",449,"ffcf5",176,"95dde",177,"abaa5",179,"b8715",32,"54092",33,"e2b51",36,"8e470",506,"4174e",186,"0ca63",189,"b333b",191,"1715f",194,"ef307",196,"faace",197,"12b32",44,"278d8",199,"b33d2",555,"d0f79",201,"06d14",202,"c7402",203,"8d819",205,"9554b",206,"fe80c",209,"b3a3e",210,"a739a",614,"ff4eb",211,"7c06a",59,"2a0f1",213,"dc56c",63,"21fdb",214,"faec5",215,"2a795",216,"dd233",652,"be6a3",220,"f8b55",221,"0d3de",667,"67d98",223,"7e210",224,"4cbc2",226,"49c24",227,"230d5",228,"98fea",685,"bd213",230,"04466",233,"c3c41",234,"a7e29",235,"357fc",72,"867de",237,"406f8",238,"6b1dc",718,"bd602",241,"8b223",243,"e01f1",244,"ef6f9",246,"c573f",732,"e9dd0",248,"09741",250,"f4284",252,"07275",758,"cb7c4",254,"4b00a",255,"c493d",792,"5345d",795,"97033",79,"a3c9f",257,"59e29",805,"cbb96",812,"a70c8",259,"4912a",262,"bf636",263,"d851e",264,"a90ae",89,"1737e",90,"700c9",266,"d0e57",268,"f19c2",96,"f93b1",270,"86330",271,"daefd",272,"bd7bb",273,"cca77",103,"3baed",276,"b98f1",278,"fa445",881,"22e6c",279,"bf974",280,"768c7",281,"56dc8",283,"cb19f",284,"de41f",901,"9577e",286,"1d279",904,"fffeb",115,"dba25",116,"fbaf2",117,"89d29",118,"73f73",292,"5930a",920,"acd24",125,"96565",293,"366fe",295,"28322",299,"69759",300,"fc8c6",132,"5ad84",302,"8d8d2"],"native":[0,"fe8f7",1,"67041",2,"5bb0b",3,"53124",4,"943aa",5,"0864c",6,"7ac43",7,"eb0e1",8,"42dac",9,"8818b",10,"a9ab4",11,"68f19",12,"9da34",13,"efd22",14,"550f7",15,"c1bf0",16,"ca423",17,"0dbe7",18,"bf6d3",19,"fbf0e",20,"20305",21,"22222",22,"8cd97",23,"70050",24,"550f7",25,"50246",26,"61da2",27,"b233b",28,"0863f",29,"dbf92",180,"4265d",30,"8f970",31,"b0748",32,"07620",33,"07620",34,"8491a",35,"64ccd",36,"550f7",37,"6d342",38,"71790",39,"d2590",40,"306ff",41,"c3a3a",42,"0a34f",43,"7783b",44,"550f7",45,"898c3",46,"04615",47,"95a36",48,"12217",49,"5e618",50,"2d538",51,"320cf",52,"ef458",53,"f9739",54,"8fad1",55,"759cf",56,"e42f6",57,"f3989",58,"6d9ac",59,"550f7",60,"a4a1e",61,"a3af6",62,"3f7ff",63,"550f7",64,"16232",65,"d5a75",66,"a7d1e",67,"2aca9",68,"f0f10",69,"99594",70,"dee71",71,"ad8d4",72,"276c9",73,"63c06",74,"fc518",75,"e0d2c",76,"fb575",77,"2ae4b",78,"37e77",253,"2bf0b",79,"42dac",80,"bacd4",81,"c3f38",82,"21855",83,"01c00",84,"abb3c",85,"5cffc",86,"d76ba",87,"d8ead",88,"4122e",89,"550f7",90,"550f7",91,"28076",267,"841f5",92,"4241a",93,"addac",94,"10bca",95,"43554",96,"550f7",97,"ba29d",98,"8d3b4",99,"2e7ee",100,"5856d",101,"0129d",102,"f97fa",103,"550f7",104,"10b15",105,"1452a",106,"c1358",107,"6550e",108,"7bc84",109,"bd6e1",110,"a1014",111,"6f0b6",112,"e3fa2",113,"3ae09",114,"9072a",115,"42dac",116,"550f7",117,"42dac",118,"8f39e",119,"85c4d",120,"ea10d",291,"284a9",121,"58378",122,"eebf4",123,"05a5a",124,"ea5f8",125,"550f7",126,"3ae09",127,"6ab96",128,"96f49",129,"cc941",130,"e7b69",131,"5cd67",132,"07620"]}}