[1,["caH+Ln4g9HOKR5gEHQdjRW","a4tCVI2lFExLpc1HHx96GK","2eCazDDaFGgZGqhGmGun/v","22hlvhmbBE/576PEgu9tMV","bc/umbHU1BB4YpD+6W5so6","f4tw4P59dBooMDtCantbeo","9duQrsNelKzYvKnBC7ZI47","544KL0nLBCfZqG19FMvjEb","87QI4NdrtIiJlSvE7xnrJd","ebROd4HRNJdq1yuq50H9bT","d8oMX0bBlFaoz8dozDODh2","e8uvxklYFEQIyyGuUY8Gcq","5bWItKc+pBlK8j0+OxFZTU","74OOAbgyNCQogYoJl7wUwR","94B4yRTr9LZ7ghaZvZdOWz","66W1ql7EtO7r7Kgw/TOSO2","90pBFZfntDIZnUipsMOVJw","23kntoHghLF5DCCjmtiYjI","18bItWHztATLeTVdIAvVSz","44yMxzBMpJTbeEddoFxs5z","22JBtVFMVLGJhHWObxIafI","392zF6USBPqIMiwC6km5sv","efeBqIQOlHaIcgTLEehIz2","66VlDmBLRJW7/CnqzaffJD","28stBETYtHH6CjOtEnKpOW","75NymNRlxDrq1thEVCpk0S","69G78AOSRMEL+9yGc0AABu","74yYxGyEBGMZxvNkPpg8A+","423ZR0EQdPCIch9S213cfl","1aORRB8SZG0aABWdJpNib1","71019y85NFYJ+w6zdNSfUD","3dTDye9vxAWqRlyjO+I6vI","1b/QLXvvlN6oF5okRKB+0y","3aUlEOukdCSqusvEhqP1aY","5cc1rAkxlEkLYvxg7U6QDP","f4ewO+HQJGlbs+plqYk7b9"],["value"],[["cc.AnimationClip",["_name","_duration","sample","curveData"],0,11]],[[0,0,1,2,3,4]],[[0,"takeSymbol",1.1090909090909091,55,[{},"paths",11,[{"win_glow_c":{"props":{"opacity":[{"frame":0,"value":255}]}},"win_glow_b":{"props":{"opacity":[{"frame":0,"value":0},{"frame":0.6363636363636364,"value":0},{"frame":0.9090909090909091,"value":0}]}}},"win_flare_a",11,[{},"props",11,[{"opacity":[{"frame":0,"value":0},{"frame":0.9818181818181818,"value":255}]},"scale",12,[[[{"frame":0},"value",8,[1,1.5,1.5,1]],[{"frame":0.2727272727272727},"value",8,[1,1.5,1.5,1]]],11,11]]],"win_flare_b",11,[{},"props",11,[{"opacity":[{"frame":0.6363636363636364,"value":0}]},"scale",12,[[[{"frame":0},"value",8,[1,0,0,1]],[{"frame":0.5454545454545454},"value",8,[1,1.5,1.5,1]]],11,11]]],"takeSymbol",11,[{"props":{"opacity":[{"frame":0,"value":0},{"frame":0.38181818181818183,"value":255}]}},"comps",11,[{},"cc.Sprite",11,[{},"spriteFrame",12,[[[{"frame":0.38181818181818183},"value",6,0],[{"frame":0.41818181818181815},"value",6,1],[{"frame":0.45454545454545453},"value",6,2],[{"frame":0.4909090909090909},"value",6,3],[{"frame":0.5272727272727272},"value",6,4],[{"frame":0.5636363636363636},"value",6,5],[{"frame":0.6},"value",6,6],[{"frame":0.6363636363636364},"value",6,7],[{"frame":0.6727272727272727},"value",6,8],[{"frame":0.7090909090909091},"value",6,9],[{"frame":0.7454545454545455},"value",6,10],[{"frame":0.7818181818181819},"value",6,11],[{"frame":0.8181818181818182},"value",6,12],[{"frame":0.8545454545454545},"value",6,13],[{"frame":0.8909090909090909},"value",6,14],[{"frame":0.9272727272727272},"value",6,15],[{"frame":0.9636363636363636},"value",6,16]],11,11,11,11,11,11,11,11,11,11,11,11,11,11,11,11,11]]]],"win_vfx_a_1x1_00",11,[{"props":{"opacity":[{"frame":0,"value":0},{"frame":0.10909090909090909,"value":255}]}},"comps",11,[{},"cc.Sprite",11,[{},"spriteFrame",12,[[{"frame":0,"value":null},[{"frame":0.10909090909090909},"value",6,17],[{"frame":0.16363636363636364},"value",6,18],[{"frame":0.21818181818181817},"value",6,19],[{"frame":0.2727272727272727},"value",6,20],[{"frame":0.32727272727272727},"value",6,21],[{"frame":0.38181818181818183},"value",6,22],[{"frame":0.43636363636363634},"value",6,23],[{"frame":0.4909090909090909},"value",6,24],[{"frame":0.5454545454545454},"value",6,25],[{"frame":0.6},"value",6,26],[{"frame":0.6545454545454545},"value",6,27],[{"frame":0.7090909090909091},"value",6,28],[{"frame":0.7636363636363637},"value",6,29],[{"frame":0.8181818181818182},"value",6,30],[{"frame":0.8727272727272727},"value",6,31],[{"frame":0.9272727272727272},"value",6,32],[{"frame":0.9818181818181818},"value",6,33],[{"frame":1.0363636363636364},"value",6,34],[{"frame":1.0909090909090908},"value",6,35]],0,11,11,11,11,11,11,11,11,11,11,11,11,11,11,11,11,11,11,11]]]]]]]],0,0,[0,0,0,0,0,0,0,0,0,0,0,0,0,0,0,0,0,0,0,0,0,0,0,0,0,0,0,0,0,0,0,0,0,0,0,0],[0,0,0,0,0,0,0,0,0,0,0,0,0,0,0,0,0,0,0,0,0,0,0,0,0,0,0,0,0,0,0,0,0,0,0,0],[0,1,2,3,4,5,6,7,8,9,10,11,12,13,14,15,16,17,18,19,20,21,22,23,24,25,26,27,28,29,30,31,32,33,34,35]]