[
  1,
  [
    "b34Kb+ls1Dmp7bFbOvOBtU"
  ],
  [
    "_textureSetter"
  ],
  [
    "cc.SpriteFrame"
  ],
  0,
  [
    [
      [
        {
          "name": "sb_vfx_d_add_13",
          "rect": [
            1,
            1,
            302,
            277
          ],
          "offset": [
            24,
            8
          ],
          "originalSize": [
            372,
            325
          ],
          "capInsets": [
            0,
            0,
            0,
            0
          ]
        }
      ],
      [
        0
      ],
      0,
      [
        0
      ],
      [
        0
      ],
      [
        0
      ]
    ],
    [
      [
        {
          "name": "sb_vfx_d_add_17",
          "rect": [
            755,
            917,
            204,
            227
          ],
          "offset": [
            14,
            -20
          ],
          "originalSize": [
            372,
            325
          ],
          "capInsets": [
            0,
            0,
            0,
            0
          ]
        }
      ],
      [
        0
      ],
      0,
      [
        0
      ],
      [
        0
      ],
      [
        0
      ]
    ],
    [
      [
        {
          "name": "sb_vfx_d_add_11",
          "rect": [
            609,
            272,
            300,
            271
          ],
          "offset": [
            14,
            7
          ],
          "originalSize": [
            372,
            325
          ],
          "capInsets": [
            0,
            0,
            0,
            0
          ]
        }
      ],
      [
        0
      ],
      0,
      [
        0
      ],
      [
        0
      ],
      [
        0
      ]
    ],
    [
      [
        {
          "name": "sb_vfx_d_add_08",
          "rect": [
            607,
            545,
            302,
            267
          ],
          "offset": [
            5,
            3
          ],
          "originalSize": [
            372,
            325
          ],
          "capInsets": [
            0,
            0,
            0,
            0
          ]
        }
      ],
      [
        0
      ],
      0,
      [
        0
      ],
      [
        0
      ],
      [
        0
      ]
    ],
    [
      [
        {
          "name": "sb_vfx_d_add_05",
          "rect": [
            246,
            549,
            294,
            247
          ],
          "offset": [
            4,
            3
          ],
          "originalSize": [
            372,
            325
          ],
          "capInsets": [
            0,
            0,
            0,
            0
          ]
        }
      ],
      [
        0
      ],
      0,
      [
        0
      ],
      [
        0
      ],
      [
        0
      ]
    ],
    [
      [
        {
          "name": "sb_vfx_d_add_06",
          "rect": [
            911,
            617,
            298,
            255
          ],
          "offset": [
            4,
            4
          ],
          "originalSize": [
            372,
            325
          ],
          "rotated": 1,
          "capInsets": [
            0,
            0,
            0,
            0
          ]
        }
      ],
      [
        0
      ],
      0,
      [
        0
      ],
      [
        0
      ],
      [
        0
      ]
    ],
    [
      [
        {
          "name": "sb_vfx_d_add_14",
          "rect": [
            915,
            1,
            310,
            247
          ],
          "offset": [
            25,
            -7
          ],
          "originalSize": [
            372,
            325
          ],
          "rotated": 1,
          "capInsets": [
            0,
            0,
            0,
            0
          ]
        }
      ],
      [
        0
      ],
      0,
      [
        0
      ],
      [
        0
      ],
      [
        0
      ]
    ],
    [
      [
        {
          "name": "sb_vfx_d_add_16",
          "rect": [
            1,
            592,
            314,
            229
          ],
          "offset": [
            29,
            -19
          ],
          "originalSize": [
            372,
            325
          ],
          "rotated": 1,
          "capInsets": [
            0,
            0,
            0,
            0
          ]
        }
      ],
      [
        0
      ],
      0,
      [
        0
      ],
      [
        0
      ],
      [
        0
      ]
    ],
    [
      [
        {
          "name": "sb_vfx_d_add_18",
          "rect": [
            216,
            1043,
            128,
            165
          ],
          "offset": [
            -22,
            -46
          ],
          "originalSize": [
            372,
            325
          ],
          "rotated": 1,
          "capInsets": [
            0,
            0,
            0,
            0
          ]
        }
      ],
      [
        0
      ],
      0,
      [
        0
      ],
      [
        0
      ],
      [
        0
      ]
    ],
    [
      [
        {
          "name": "sb_vfx_d_add_00",
          "rect": [
            383,
            1043,
            134,
            127
          ],
          "offset": [
            3,
            -2
          ],
          "originalSize": [
            372,
            325
          ],
          "capInsets": [
            0,
            0,
            0,
            0
          ]
        }
      ],
      [
        0
      ],
      0,
      [
        0
      ],
      [
        0
      ],
      [
        0
      ]
    ],
    [
      [
        {
          "name": "sb_vfx_d_add_10",
          "rect": [
            305,
            278,
            300,
            269
          ],
          "offset": [
            11,
            6
          ],
          "originalSize": [
            372,
            325
          ],
          "capInsets": [
            0,
            0,
            0,
            0
          ]
        }
      ],
      [
        0
      ],
      0,
      [
        0
      ],
      [
        0
      ],
      [
        0
      ]
    ],
    [
      [
        {
          "name": "sb_vfx_d_add_01",
          "rect": [
            961,
            917,
            198,
            179
          ],
          "offset": [
            2,
            -3
          ],
          "originalSize": [
            372,
            325
          ],
          "capInsets": [
            0,
            0,
            0,
            0
          ]
        }
      ],
      [
        0
      ],
      0,
      [
        0
      ],
      [
        0
      ],
      [
        0
      ]
    ],
    [
      [
        {
          "name": "sb_vfx_d_add_09",
          "rect": [
            609,
            1,
            304,
            269
          ],
          "offset": [
            6,
            4
          ],
          "originalSize": [
            372,
            325
          ],
          "capInsets": [
            0,
            0,
            0,
            0
          ]
        }
      ],
      [
        0
      ],
      0,
      [
        0
      ],
      [
        0
      ],
      [
        0
      ]
    ],
    [
      [
        {
          "name": "sb_vfx_d_add_03",
          "rect": [
            520,
            814,
            268,
            233
          ],
          "offset": [
            4,
            0
          ],
          "originalSize": [
            372,
            325
          ],
          "rotated": 1,
          "capInsets": [
            0,
            0,
            0,
            0
          ]
        }
      ],
      [
        0
      ],
      0,
      [
        0
      ],
      [
        0
      ],
      [
        0
      ]
    ],
    [
      [
        {
          "name": "sb_vfx_d_add_15",
          "rect": [
            1,
            280,
            310,
            243
          ],
          "offset": [
            30,
            -9
          ],
          "originalSize": [
            372,
            325
          ],
          "rotated": 1,
          "capInsets": [
            0,
            0,
            0,
            0
          ]
        }
      ],
      [
        0
      ],
      0,
      [
        0
      ],
      [
        0
      ],
      [
        0
      ]
    ],
    [
      [
        {
          "name": "sb_vfx_d_add_04",
          "rect": [
            232,
            798,
            286,
            243
          ],
          "offset": [
            4,
            2
          ],
          "originalSize": [
            372,
            325
          ],
          "capInsets": [
            0,
            0,
            0,
            0
          ]
        }
      ],
      [
        0
      ],
      0,
      [
        0
      ],
      [
        0
      ],
      [
        0
      ]
    ],
    [
      [
        {
          "name": "sb_vfx_d_add_12",
          "rect": [
            305,
            1,
            302,
            275
          ],
          "offset": [
            19,
            8
          ],
          "originalSize": [
            372,
            325
          ],
          "capInsets": [
            0,
            0,
            0,
            0
          ]
        }
      ],
      [
        0
      ],
      0,
      [
        0
      ],
      [
        0
      ],
      [
        0
      ]
    ],
    [
      [
        {
          "name": "sb_vfx_d_add_07",
          "rect": [
            911,
            313,
            302,
            263
          ],
          "offset": [
            4,
            3
          ],
          "originalSize": [
            372,
            325
          ],
          "rotated": 1,
          "capInsets": [
            0,
            0,
            0,
            0
          ]
        }
      ],
      [
        0
      ],
      0,
      [
        0
      ],
      [
        0
      ],
      [
        0
      ]
    ],
    [
      [
        {
          "name": "sb_vfx_d_add_02",
          "rect": [
            1,
            908,
            242,
            213
          ],
          "offset": [
            3,
            -2
          ],
          "originalSize": [
            372,
            325
          ],
          "rotated": 1,
          "capInsets": [
            0,
            0,
            0,
            0
          ]
        }
      ],
      [
        0
      ],
      0,
      [
        0
      ],
      [
        0
      ],
      [
        0
      ]
    ]
  ]
]