[
  1,
  [
    "afmemLM2hGoL8ADT+ihekR",
    "c8SQUUn+BOn4iMqAgU/qW6",
    "fd9h1hIe5Nu4e184FD57lk",
    "44l1Bpw7xOQI1+Wkl+IGHI"
  ],
  [
    "_textureSetter",
    "click_c",
    "click_a",
    "click_b"
  ],
  [
    "cc.SpriteFrame",
    [
      "cc.SpriteAtlas",
      [
        "_name",
        "_spriteFrames"
      ],
      2,
      11
    ]
  ],
  [
    [
      1,
      0,
      1,
      2
    ]
  ],
  [
    [
      [
        [
          0,
          "Alats32.plist",
          [
            {},
            "click_c",
            6,
            0,
            "click_a",
            6,
            1,
            "click_b",
            6,
            2
          ]
        ]
      ],
      0,
      0,
      [
        0,
        0,
        0
      ],
      [
        1,
        2,
        3
      ],
      [
        1,
        2,
        3
      ]
    ],
    [
      [
        {
          "name": "click_b",
          "rect": [
            395,
            1,
            170,
            170
          ],
          "offset": [
            0,
            0
          ],
          "originalSize": [
            200,
            200
          ],
          "capInsets": [
            0,
            0,
            0,
            0
          ]
        }
      ],
      [
        0
      ],
      0,
      [
        0
      ],
      [
        0
      ],
      [
        0
      ]
    ],
    [
      [
        {
          "name": "click_c",
          "rect": [
            201,
            1,
            192,
            192
          ],
          "offset": [
            0,
            0
          ],
          "originalSize": [
            200,
            200
          ],
          "capInsets": [
            0,
            0,
            0,
            0
          ]
        }
      ],
      [
        0
      ],
      0,
      [
        0
      ],
      [
        0
      ],
      [
        0
      ]
    ],
    [
      [
        {
          "name": "click_a",
          "rect": [
            1,
            1,
            198,
            198
          ],
          "offset": [
            0,
            0
          ],
          "originalSize": [
            200,
            200
          ],
          "capInsets": [
            0,
            0,
            0,
            0
          ]
        }
      ],
      [
        0
      ],
      0,
      [
        0
      ],
      [
        0
      ],
      [
        0
      ]
    ]
  ]
]