[
  1,
  [
    "f1jDymYQlF+L2fIVDTbkkT",
    "abYyPB4O9I9Y9npSargX9X"
  ],
  [
    "_textureSetter",
    "spriteFrame"
  ],
  [
    "cc.SpriteFrame",
    [
      "cc.BitmapFont",
      [
        "_name",
        "fontSize",
        "_fntConfig"
      ],
      0
    ]
  ],
  [
    [
      1,
      0,
      1,
      2,
      4
    ]
  ],
  [
    [
      [
        {
          "name": "font_countdown-export",
          "rect": [
            0,
            0,
            156,
            156
          ],
          "offset": [
            -0.5,
            0.5
          ],
          "originalSize": [
            157,
            157
          ],
          "capInsets": [
            0,
            0,
            0,
            0
          ]
        }
      ],
      [
        0
      ],
      0,
      [
        0
      ],
      [
        0
      ],
      [
        0
      ]
    ],
    [
      [
        [
          0,
          "font_countdown-export",
          32,
          {
            "commonHeight": 30,
            "fontSize": 32,
            "atlasName": "font_countdown-export.png",
            "fontDefDictionary": {
              "9": {
                "xOffset": 0,
                "yOffset": 0,
                "xAdvance": 0,
                "rect": {
                  "x": 0,
                  "y": 0,
                  "width": 0,
                  "height": 0
                }
              },
              "32": {
                "xOffset": 0,
                "yOffset": 0,
                "xAdvance": 0,
                "rect": {
                  "x": 0,
                  "y": 0,
                  "width": 0,
                  "height": 0
                }
              },
              "33": {
                "xOffset": 0,
                "yOffset": 5,
                "xAdvance": 8,
                "rect": {
                  "x": 146,
                  "y": 0,
                  "width": 7,
                  "height": 26
                }
              },
              "34": {
                "xOffset": 0,
                "yOffset": 6,
                "xAdvance": 9,
                "rect": {
                  "x": 64,
                  "y": 141,
                  "width": 8,
                  "height": 11
                }
              },
              "35": {
                "xOffset": 0,
                "yOffset": 9,
                "xAdvance": 22,
                "rect": {
                  "x": 74,
                  "y": 132,
                  "width": 21,
                  "height": 22
                }
              },
              "36": {
                "xOffset": 0,
                "yOffset": 5,
                "xAdvance": 23,
                "rect": {
                  "x": 36,
                  "y": 0,
                  "width": 22,
                  "height": 25
                }
              },
              "37": {
                "xOffset": 0,
                "yOffset": 4,
                "xAdvance": 36,
                "rect": {
                  "x": 0,
                  "y": 0,
                  "width": 35,
                  "height": 27
                }
              },
              "38": {
                "xOffset": 0,
                "yOffset": 5,
                "xAdvance": 29,
                "rect": {
                  "x": 0,
                  "y": 28,
                  "width": 28,
                  "height": 26
                }
              },
              "39": {
                "xOffset": 0,
                "yOffset": 5,
                "xAdvance": 8,
                "rect": {
                  "x": 117,
                  "y": 146,
                  "width": 7,
                  "height": 8
                }
              },
              "40": {
                "xOffset": 0,
                "yOffset": 1,
                "xAdvance": 14,
                "rect": {
                  "x": 132,
                  "y": 30,
                  "width": 13,
                  "height": 33
                }
              },
              "41": {
                "xOffset": 0,
                "yOffset": 1,
                "xAdvance": 14,
                "rect": {
                  "x": 118,
                  "y": 36,
                  "width": 13,
                  "height": 33
                }
              },
              "42": {
                "xOffset": 0,
                "yOffset": 5,
                "xAdvance": 14,
                "rect": {
                  "x": 132,
                  "y": 16,
                  "width": 13,
                  "height": 13
                }
              },
              "43": {
                "xOffset": 0,
                "yOffset": 11,
                "xAdvance": 19,
                "rect": {
                  "x": 103,
                  "y": 0,
                  "width": 18,
                  "height": 19
                }
              },
              "44": {
                "xOffset": 0,
                "yOffset": 25,
                "xAdvance": 8,
                "rect": {
                  "x": 125,
                  "y": 149,
                  "width": 7,
                  "height": 7
                }
              },
              "45": {
                "xOffset": 0,
                "yOffset": 16,
                "xAdvance": 11,
                "rect": {
                  "x": 31,
                  "y": 146,
                  "width": 10,
                  "height": 6
                }
              },
              "46": {
                "xOffset": 0,
                "yOffset": 25,
                "xAdvance": 7,
                "rect": {
                  "x": 118,
                  "y": 70,
                  "width": 6,
                  "height": 5
                }
              },
              "47": {
                "xOffset": 0,
                "yOffset": 5,
                "xAdvance": 11,
                "rect": {
                  "x": 143,
                  "y": 123,
                  "width": 10,
                  "height": 25
                }
              },
              "48": {
                "xOffset": 0,
                "yOffset": 4,
                "xAdvance": 25,
                "rect": {
                  "x": 27,
                  "y": 81,
                  "width": 24,
                  "height": 27
                }
              },
              "49": {
                "xOffset": 0,
                "yOffset": 5,
                "xAdvance": 12,
                "rect": {
                  "x": 132,
                  "y": 97,
                  "width": 11,
                  "height": 25
                }
              },
              "50": {
                "xOffset": 0,
                "yOffset": 5,
                "xAdvance": 21,
                "rect": {
                  "x": 97,
                  "y": 52,
                  "width": 20,
                  "height": 25
                }
              },
              "51": {
                "xOffset": 0,
                "yOffset": 5,
                "xAdvance": 21,
                "rect": {
                  "x": 96,
                  "y": 130,
                  "width": 20,
                  "height": 25
                }
              },
              "52": {
                "xOffset": 0,
                "yOffset": 5,
                "xAdvance": 21,
                "rect": {
                  "x": 97,
                  "y": 26,
                  "width": 20,
                  "height": 25
                }
              },
              "53": {
                "xOffset": 0,
                "yOffset": 5,
                "xAdvance": 21,
                "rect": {
                  "x": 82,
                  "y": 0,
                  "width": 20,
                  "height": 25
                }
              },
              "54": {
                "xOffset": 0,
                "yOffset": 5,
                "xAdvance": 23,
                "rect": {
                  "x": 59,
                  "y": 0,
                  "width": 22,
                  "height": 25
                }
              },
              "55": {
                "xOffset": 0,
                "yOffset": 5,
                "xAdvance": 21,
                "rect": {
                  "x": 96,
                  "y": 104,
                  "width": 20,
                  "height": 25
                }
              },
              "56": {
                "xOffset": 0,
                "yOffset": 5,
                "xAdvance": 23,
                "rect": {
                  "x": 74,
                  "y": 52,
                  "width": 22,
                  "height": 25
                }
              },
              "57": {
                "xOffset": 0,
                "yOffset": 5,
                "xAdvance": 23,
                "rect": {
                  "x": 51,
                  "y": 109,
                  "width": 22,
                  "height": 25
                }
              },
              "58": {
                "xOffset": 0,
                "yOffset": 14,
                "xAdvance": 7,
                "rect": {
                  "x": 146,
                  "y": 27,
                  "width": 6,
                  "height": 16
                }
              },
              "59": {
                "xOffset": 0,
                "yOffset": 14,
                "xAdvance": 8,
                "rect": {
                  "x": 144,
                  "y": 97,
                  "width": 7,
                  "height": 18
                }
              },
              "60": {
                "xOffset": 0,
                "yOffset": 13,
                "xAdvance": 14,
                "rect": {
                  "x": 122,
                  "y": 0,
                  "width": 13,
                  "height": 15
                }
              },
              "61": {
                "xOffset": 0,
                "yOffset": 14,
                "xAdvance": 22,
                "rect": {
                  "x": 0,
                  "y": 135,
                  "width": 21,
                  "height": 14
                }
              },
              "62": {
                "xOffset": 0,
                "yOffset": 13,
                "xAdvance": 14,
                "rect": {
                  "x": 118,
                  "y": 20,
                  "width": 13,
                  "height": 15
                }
              },
              "63": {
                "xOffset": 0,
                "yOffset": 5,
                "xAdvance": 22,
                "rect": {
                  "x": 74,
                  "y": 106,
                  "width": 21,
                  "height": 25
                }
              },
              "64": {
                "xOffset": 0,
                "yOffset": 8,
                "xAdvance": 27,
                "rect": {
                  "x": 0,
                  "y": 81,
                  "width": 26,
                  "height": 27
                }
              },
              "66": {
                "xOffset": 0,
                "yOffset": 5,
                "xAdvance": 23,
                "rect": {
                  "x": 28,
                  "y": 55,
                  "width": 22,
                  "height": 25
                }
              },
              "68": {
                "xOffset": 0,
                "yOffset": 5,
                "xAdvance": 24,
                "rect": {
                  "x": 27,
                  "y": 109,
                  "width": 23,
                  "height": 25
                }
              },
              "69": {
                "xOffset": 0,
                "yOffset": 5,
                "xAdvance": 19,
                "rect": {
                  "x": 97,
                  "y": 78,
                  "width": 18,
                  "height": 25
                }
              },
              "71": {
                "xOffset": 0,
                "yOffset": 5,
                "xAdvance": 23,
                "rect": {
                  "x": 51,
                  "y": 54,
                  "width": 22,
                  "height": 25
                }
              },
              "75": {
                "xOffset": 0,
                "yOffset": 5,
                "xAdvance": 23,
                "rect": {
                  "x": 29,
                  "y": 28,
                  "width": 22,
                  "height": 25
                }
              },
              "77": {
                "xOffset": 0,
                "yOffset": 5,
                "xAdvance": 28,
                "rect": {
                  "x": 0,
                  "y": 55,
                  "width": 27,
                  "height": 25
                }
              },
              "78": {
                "xOffset": 0,
                "yOffset": 5,
                "xAdvance": 23,
                "rect": {
                  "x": 52,
                  "y": 80,
                  "width": 22,
                  "height": 25
                }
              },
              "80": {
                "xOffset": 0,
                "yOffset": 5,
                "xAdvance": 22,
                "rect": {
                  "x": 75,
                  "y": 78,
                  "width": 21,
                  "height": 25
                }
              },
              "84": {
                "xOffset": 0,
                "yOffset": 5,
                "xAdvance": 23,
                "rect": {
                  "x": 52,
                  "y": 26,
                  "width": 22,
                  "height": 25
                }
              },
              "86": {
                "xOffset": 0,
                "yOffset": 5,
                "xAdvance": 27,
                "rect": {
                  "x": 0,
                  "y": 109,
                  "width": 26,
                  "height": 25
                }
              },
              "88": {
                "xOffset": 0,
                "yOffset": 5,
                "xAdvance": 22,
                "rect": {
                  "x": 75,
                  "y": 26,
                  "width": 21,
                  "height": 25
                }
              },
              "91": {
                "xOffset": 0,
                "yOffset": 5,
                "xAdvance": 11,
                "rect": {
                  "x": 144,
                  "y": 64,
                  "width": 10,
                  "height": 32
                }
              },
              "92": {
                "xOffset": 0,
                "yOffset": 5,
                "xAdvance": 11,
                "rect": {
                  "x": 132,
                  "y": 123,
                  "width": 10,
                  "height": 25
                }
              },
              "93": {
                "xOffset": 0,
                "yOffset": 5,
                "xAdvance": 12,
                "rect": {
                  "x": 132,
                  "y": 64,
                  "width": 11,
                  "height": 32
                }
              },
              "94": {
                "xOffset": 0,
                "yOffset": 5,
                "xAdvance": 13,
                "rect": {
                  "x": 18,
                  "y": 150,
                  "width": 12,
                  "height": 5
                }
              },
              "95": {
                "xOffset": 0,
                "yOffset": 32,
                "xAdvance": 18,
                "rect": {
                  "x": 0,
                  "y": 150,
                  "width": 17,
                  "height": 3
                }
              },
              "96": {
                "xOffset": 0,
                "yOffset": 5,
                "xAdvance": 10,
                "rect": {
                  "x": 64,
                  "y": 135,
                  "width": 9,
                  "height": 5
                }
              },
              "120": {
                "xOffset": 0,
                "yOffset": 11,
                "xAdvance": 20,
                "rect": {
                  "x": 44,
                  "y": 135,
                  "width": 19,
                  "height": 19
                }
              },
              "123": {
                "xOffset": 0,
                "yOffset": 1,
                "xAdvance": 15,
                "rect": {
                  "x": 117,
                  "y": 78,
                  "width": 14,
                  "height": 33
                }
              },
              "124": {
                "xOffset": 0,
                "yOffset": 1,
                "xAdvance": 4,
                "rect": {
                  "x": 153,
                  "y": 27,
                  "width": 3,
                  "height": 32
                }
              },
              "125": {
                "xOffset": 0,
                "yOffset": 1,
                "xAdvance": 15,
                "rect": {
                  "x": 117,
                  "y": 112,
                  "width": 14,
                  "height": 33
                }
              },
              "126": {
                "xOffset": 0,
                "yOffset": 5,
                "xAdvance": 14,
                "rect": {
                  "x": 103,
                  "y": 20,
                  "width": 13,
                  "height": 5
                }
              },
              "8734": {
                "xOffset": 0,
                "yOffset": 16,
                "xAdvance": 22,
                "rect": {
                  "x": 22,
                  "y": 135,
                  "width": 21,
                  "height": 10
                }
              }
            },
            "kerningDict": {}
          }
        ]
      ],
      0,
      0,
      [
        0
      ],
      [
        1
      ],
      [
        1
      ]
    ]
  ]
]