[
  1,
  [
    "983ipBkL9NmoRAtg9Ayai+"
  ],
  [
    "_texture"
  ],
  [
    [
      "dragonBones.DragonBonesAtlasAsset",
      [
        "_name",
        "_atlasJson"
      ],
      1
    ]
  ],
  [
    [
      0,
      0,
      1,
      3
    ]
  ],
  [
    [
      0,
      "Symbol_2_tex",
      "{\"name\":\"Symbol_2\",\"imagePath\":\"Symbol_2_tex.png\",\"SubTexture\":[{\"name\":\"Symbol_2/Board\",\"x\":1,\"height\":204,\"y\":1,\"width\":172},{\"name\":\"Symbol_2/FX/dot\",\"x\":175,\"height\":143,\"frameWidth\":200,\"y\":1,\"frameY\":-19,\"frameHeight\":162,\"frameX\":0,\"width\":200},{\"name\":\"Symbol_2/FX/Shine dots\",\"x\":377,\"height\":104,\"frameWidth\":150,\"y\":1,\"frameY\":-9,\"frameHeight\":113,\"frameX\":-22,\"width\":109},{\"name\":\"Symbol_2/chest\",\"x\":1,\"height\":111,\"frameWidth\":190,\"y\":398,\"frameY\":-4,\"frameHeight\":120,\"frameX\":-4,\"width\":181},{\"name\":\"Symbol_2/loot_5\",\"x\":175,\"height\":83,\"y\":279,\"width\":72},{\"name\":\"Symbol_2/loot_4\",\"x\":184,\"height\":65,\"y\":441,\"width\":80},{\"name\":\"Symbol_2/loot_3\",\"x\":377,\"height\":81,\"y\":107,\"width\":76},{\"name\":\"Symbol_2/loot_2\",\"x\":331,\"height\":55,\"y\":344,\"width\":60},{\"name\":\"Symbol_2/loot_1\",\"x\":266,\"height\":62,\"y\":433,\"width\":69},{\"name\":\"Symbol_2/Coins_Front\",\"x\":175,\"height\":54,\"y\":146,\"width\":148},{\"name\":\"Symbol_2/diamond_2\",\"x\":401,\"height\":23,\"y\":267,\"width\":27},{\"name\":\"Symbol_2/light\",\"x\":1,\"height\":189,\"y\":207,\"width\":172},{\"name\":\"Symbol_2/spark_0\",\"x\":427,\"height\":14,\"y\":417,\"width\":14},{\"name\":\"Symbol_2/spark_00\",\"x\":361,\"height\":14,\"y\":146,\"width\":14},{\"name\":\"Symbol_2/spark1\",\"x\":360,\"height\":28,\"y\":401,\"width\":27},{\"name\":\"Symbol_2/spark_2\",\"x\":331,\"height\":29,\"y\":401,\"width\":27},{\"name\":\"Symbol_2/spark3\",\"x\":461,\"height\":28,\"y\":267,\"width\":27},{\"name\":\"Symbol_2/spark7\",\"x\":457,\"height\":17,\"y\":492,\"width\":18},{\"name\":\"Symbol_2/spark4\",\"x\":430,\"height\":22,\"y\":267,\"width\":19},{\"name\":\"Symbol_2/spark5\",\"x\":488,\"height\":22,\"y\":77,\"width\":20},{\"name\":\"Symbol_2/spark_6\",\"x\":443,\"height\":14,\"y\":417,\"width\":12},{\"name\":\"Symbol_2/diamond_1\",\"x\":325,\"height\":38,\"y\":146,\"width\":34},{\"name\":\"Symbol_2/coin/money_00017\",\"x\":326,\"height\":75,\"frameWidth\":100,\"y\":267,\"frameY\":0,\"frameHeight\":75,\"frameX\":-12,\"width\":73},{\"name\":\"Symbol_2/coin/money_00027\",\"x\":261,\"height\":75,\"frameWidth\":100,\"y\":356,\"frameY\":0,\"frameHeight\":75,\"frameX\":-16,\"width\":68},{\"name\":\"Symbol_2/coin/money_00004\",\"x\":337,\"height\":73,\"frameWidth\":100,\"y\":433,\"frameY\":-1,\"frameHeight\":75,\"frameX\":-19,\"width\":58},{\"name\":\"Symbol_2/coin/money_00029\",\"x\":408,\"height\":75,\"frameWidth\":100,\"y\":190,\"frameY\":0,\"frameHeight\":75,\"frameX\":-10,\"width\":80},{\"name\":\"Symbol_2/coin/money_00023\",\"x\":488,\"height\":74,\"frameWidth\":100,\"y\":1,\"frameY\":-1,\"frameHeight\":75,\"frameX\":-41,\"width\":17},{\"name\":\"Symbol_2/coin/money_00000\",\"x\":325,\"height\":75,\"frameWidth\":100,\"y\":190,\"frameY\":0,\"frameHeight\":75,\"frameX\":-10,\"width\":81},{\"name\":\"Symbol_2/coin/money_00011\",\"x\":257,\"height\":75,\"frameWidth\":100,\"y\":202,\"frameY\":0,\"frameHeight\":75,\"frameX\":-22,\"width\":59},{\"name\":\"Symbol_2/coin/money_00007\",\"x\":457,\"height\":73,\"frameWidth\":100,\"y\":417,\"frameY\":-1,\"frameHeight\":75,\"frameX\":-42,\"width\":16},{\"name\":\"Symbol_2/coin/money_00019\",\"x\":397,\"height\":73,\"frameWidth\":100,\"y\":433,\"frameY\":-1,\"frameHeight\":75,\"frameX\":-17,\"width\":58},{\"name\":\"Symbol_2/coin/money_00015\",\"x\":175,\"height\":75,\"frameWidth\":100,\"y\":202,\"frameY\":0,\"frameHeight\":75,\"frameX\":-10,\"width\":80},{\"name\":\"Symbol_2/coin/money_00025\",\"x\":455,\"height\":75,\"frameWidth\":100,\"y\":107,\"frameY\":0,\"frameHeight\":75,\"frameX\":-27,\"width\":47},{\"name\":\"Symbol_2/coin/money_00002\",\"x\":249,\"height\":75,\"frameWidth\":100,\"y\":279,\"frameY\":0,\"frameHeight\":75,\"frameX\":-12,\"width\":75},{\"name\":\"Symbol_2/coin/money_00013\",\"x\":184,\"height\":75,\"frameWidth\":100,\"y\":364,\"frameY\":0,\"frameHeight\":75,\"frameX\":-13,\"width\":75},{\"name\":\"Symbol_2/coin/money_00009\",\"x\":393,\"height\":75,\"frameWidth\":100,\"y\":344,\"frameY\":0,\"frameHeight\":75,\"frameX\":-37,\"width\":32},{\"name\":\"Symbol_2/coin/money_00021\",\"x\":427,\"height\":71,\"frameWidth\":100,\"y\":344,\"frameY\":-2,\"frameHeight\":75,\"frameX\":-31,\"width\":32}],\"height\":512,\"width\":512}"
    ]
  ],
  0,
  0,
  [
    0
  ],
  [
    0
  ],
  [
    0
  ]
]