[1,["b2mkK89WhCgp/nZ7YopK2a"],["_textureSetter"],["cc.SpriteFrame"],0,[[[{"name":"flare","rect":[1,1,524,292],"offset":[0,0],"originalSize":[524,292],"capInsets":[0,0,0,0]}],[0],0,[0],[0],[0]],[[{"name":"particle_01","rect":[323,329,25,24],"offset":[0,0],"originalSize":[25,24],"capInsets":[0,0,0,0]}],[0],0,[0],[0],[0]],[[{"name":"btm_wild_particle","rect":[323,295,32,32],"offset":[0,0],"originalSize":[32,32],"capInsets":[0,0,0,0]}],[0],0,[0],[0],[0]],[[{"name":"select_glow_b","rect":[527,1,499,449],"offset":[0,0],"originalSize":[499,449],"rotated":1,"capInsets":[0,0,0,0]}],[0],0,[0],[0],[0]],[[{"name":"select_glow_a","rect":[1,295,233,214],"offset":[0,0],"originalSize":[233,214],"capInsets":[0,0,0,0]}],[0],0,[0],[0],[0]]]]