[1,["1fKGpIN81NM6TJJwq4dQuR","d0XgtHDJBBfpafUaZBlLma","787vhfkH5PZoFo6PEy0Fk3","50hmDEM0lNrLbJfXl8K2L2","a0b0RgAEtIoYi9t59pgsRS","810R+HGplGO4ftEviWV7pm","34GyHnvRpN6ohwQJuELW/o","25s8OzFCxOV7G7lHQ2JAFe","78XGpDaDVKTIsv7TDTPByQ","f1aEDA5uFBbaB+6bIz80cb","93lIYL2p9NVIxm7pF5CFTU","b52x5pp89F1ZCxuebnGUSS","edKv8wl1ZCCKcDTcjnfOS7","32pHhhAzBANJxrrKDR9IUi","23F9yAwltNBJr/5QhWhUcJ","6fH8I+rw5M8ab1WkOhIrjq","cd6nUCijJHH4ri5TeZjybz","20imswJz5Nl5QZ+ian0wqd","b6RjG+NWZFfoUnIIqIBaKe","f5JagNEhlPgaldl0i/mDIs","c9cEvzhWlIw7GQQ7zk+TFL","07iS2qT79PD6CvwQAV8F7t","4ad8lyI6tOEaseaHie0iLg","0eAfNlq0hGxrhti7bzd7mK","559I/C+uFEFqKB8Ts7MqWl","a3Hl6+2qlHm7QvWA+LhTbX","54a1GJEi5DTIH201YjHb2u","24CpujUoZFg6CNO6wsAKHu","ef/bzmphZG/aPrUPY61WvB","d0Ao6D79ZJOZTwyyq3pO7E","57gPjDmuFIe4lNBab1VtKy","58NP0q/NVBq5oU1+9NWBdt","4545wiWmRMNZWhiRUZ6wAy","c3GGZ/WAtH3b8gbNWlmrLo","e4mdSmU/FCeY1EuV//xtbQ","56oKQxB/dOyr8RZvXfG1at","6f9sOqQL1HjZwduEDxRdsg","87h3C66LdN7oEvzq3D2rfV","d8ADvF0shF5LMwpTtT/SLk","6f1P5f6qFEJ689Aj/Cu02v","98F1RIQtZPf4N7gC6f50xp","a58AopL59BdZ2jPGuNn8MK","baSTFAUyJPTZTyVhRUQiz4","d3SZKYzYtO2oVUjHv1t9H/","ec/JIKExBL05aTw952zdD2","dcmyvVbwZE7odBuiiuD+0A","837PKddwhMTJh3MTNfyrIp","730i4C7lxGyKSK5z6LOwfM","51StXHQjdP6YXUbtCXGm+F","ba+02HS15Ky5jssJkt1dmr","0c3hQxKalPfJju2RHhrzzm","c9z+6f9wpMmqiHmKtWhtsp","2fA6Fvl51OmbDBz2viCkgR","8eOMCc03hP/7TJuHXlBW1b","d5znCcwq9IVZ9NqvFTlfZo","480j32H2dGyrwlOABqPqiF","07fvgv+aJLXICMeGBZtezo","c0piVqzKZJVZuq8AAKNRd8"],["value","_textureSetter"],["cc.SpriteFrame",["cc.AnimationClip",["_name","_duration","sample","curveData"],0,11]],[[1,0,1,2,3,4]],[[[{"name":"ui_vfx_c_add_09","rect":[0,0,378,294],"offset":[0,0],"originalSize":[378,294],"capInsets":[0,0,0,0]}],[0],0,[0],[1],[1]],[[{"name":"ui_vfx_c_add_11","rect":[0,0,378,294],"offset":[0,0],"originalSize":[378,294],"capInsets":[0,0,0,0]}],[0],0,[0],[1],[2]],[[{"name":"ui_vfx_c_add_00","rect":[0,0,378,294],"offset":[0,0],"originalSize":[378,294],"capInsets":[0,0,0,0]}],[0],0,[0],[1],[3]],[[{"name":"ui_vfx_c_add_05","rect":[0,0,378,294],"offset":[0,0],"originalSize":[378,294],"capInsets":[0,0,0,0]}],[0],0,[0],[1],[4]],[[{"name":"ui_vfx_c_add_02","rect":[0,0,378,294],"offset":[0,0],"originalSize":[378,294],"capInsets":[0,0,0,0]}],[0],0,[0],[1],[5]],[[{"name":"ui_vfx_c_add_15","rect":[0,0,378,294],"offset":[0,0],"originalSize":[378,294],"capInsets":[0,0,0,0]}],[0],0,[0],[1],[6]],[[{"name":"ui_vfx_c_add_01","rect":[0,0,378,294],"offset":[0,0],"originalSize":[378,294],"capInsets":[0,0,0,0]}],[0],0,[0],[1],[7]],[[{"name":"ui_vfx_c_add_20","rect":[0,0,378,294],"offset":[0,0],"originalSize":[378,294],"capInsets":[0,0,0,0]}],[0],0,[0],[1],[8]],[[{"name":"ui_vfx_c_add_10","rect":[0,0,378,294],"offset":[0,0],"originalSize":[378,294],"capInsets":[0,0,0,0]}],[0],0,[0],[1],[9]],[[{"name":"ui_vfx_c_add_14","rect":[0,0,378,294],"offset":[0,0],"originalSize":[378,294],"capInsets":[0,0,0,0]}],[0],0,[0],[1],[10]],[[{"name":"ui_vfx_c_add_12","rect":[0,0,378,294],"offset":[0,0],"originalSize":[378,294],"capInsets":[0,0,0,0]}],[0],0,[0],[1],[11]],[[{"name":"ui_vfx_c_add_23","rect":[0,0,378,294],"offset":[0,0],"originalSize":[378,294],"capInsets":[0,0,0,0]}],[0],0,[0],[1],[12]],[[[0,"SaoRoi",1.55,20,[{},"comps",11,[{},"cc.Sprite",11,[{},"spriteFrame",12,[[[{"frame":0},"value",6,0],[{"frame":0.05},"value",6,1],[{"frame":0.1},"value",6,2],[{"frame":0.15},"value",6,3],[{"frame":0.2},"value",6,4],[{"frame":0.25},"value",6,5],[{"frame":0.3},"value",6,6],[{"frame":0.35},"value",6,7],[{"frame":0.4},"value",6,8],[{"frame":0.45},"value",6,9],[{"frame":0.5},"value",6,10],[{"frame":0.55},"value",6,11],[{"frame":0.6},"value",6,12],[{"frame":0.65},"value",6,13],[{"frame":0.7},"value",6,14],[{"frame":0.75},"value",6,15],[{"frame":0.8},"value",6,16],[{"frame":0.85},"value",6,17],[{"frame":0.9},"value",6,18],[{"frame":0.95},"value",6,19],[{"frame":1},"value",6,20],[{"frame":1.05},"value",6,21],[{"frame":1.1},"value",6,22],[{"frame":1.15},"value",6,23],[{"frame":1.2},"value",6,24],[{"frame":1.25},"value",6,25],[{"frame":1.3},"value",6,26],[{"frame":1.35},"value",6,27],[{"frame":1.4},"value",6,28],[{"frame":1.45},"value",6,29],[{"frame":1.5},"value",6,30]],11,11,11,11,11,11,11,11,11,11,11,11,11,11,11,11,11,11,11,11,11,11,11,11,11,11,11,11,11,11,11]]]]]],0,0,[0,0,0,0,0,0,0,0,0,0,0,0,0,0,0,0,0,0,0,0,0,0,0,0,0,0,0,0,0,0,0],[0,0,0,0,0,0,0,0,0,0,0,0,0,0,0,0,0,0,0,0,0,0,0,0,0,0,0,0,0,0,0],[0,0,13,14,15,16,17,18,19,20,21,22,23,24,25,26,27,28,29,30,31,32,33,34,35,36,37,38,39,40,0]],[[{"name":"ui_vfx_c_add_18","rect":[0,0,378,294],"offset":[0,0],"originalSize":[378,294],"capInsets":[0,0,0,0]}],[0],0,[0],[1],[41]],[[{"name":"ui_vfx_c_add_19","rect":[0,0,378,294],"offset":[0,0],"originalSize":[378,294],"capInsets":[0,0,0,0]}],[0],0,[0],[1],[42]],[[{"name":"ui_vfx_c_add_03","rect":[0,0,378,294],"offset":[0,0],"originalSize":[378,294],"capInsets":[0,0,0,0]}],[0],0,[0],[1],[43]],[[{"name":"ui_vfx_c_add_27","rect":[0,0,378,294],"offset":[0,0],"originalSize":[378,294],"capInsets":[0,0,0,0]}],[0],0,[0],[1],[44]],[[{"name":"ui_vfx_c_add_24","rect":[0,0,378,294],"offset":[0,0],"originalSize":[378,294],"capInsets":[0,0,0,0]}],[0],0,[0],[1],[45]],[[{"name":"ui_vfx_c_add_25","rect":[0,0,378,294],"offset":[0,0],"originalSize":[378,294],"capInsets":[0,0,0,0]}],[0],0,[0],[1],[46]],[[{"name":"ui_vfx_c_add_28","rect":[0,0,378,294],"offset":[0,0],"originalSize":[378,294],"capInsets":[0,0,0,0]}],[0],0,[0],[1],[47]],[[{"name":"ui_vfx_c_add_13","rect":[0,0,378,294],"offset":[0,0],"originalSize":[378,294],"capInsets":[0,0,0,0]}],[0],0,[0],[1],[48]],[[{"name":"ui_vfx_c_add_06","rect":[0,0,378,294],"offset":[0,0],"originalSize":[378,294],"capInsets":[0,0,0,0]}],[0],0,[0],[1],[49]],[[{"name":"ui_vfx_c_add_21","rect":[0,0,378,294],"offset":[0,0],"originalSize":[378,294],"capInsets":[0,0,0,0]}],[0],0,[0],[1],[50]],[[{"name":"ui_vfx_c_add_08","rect":[0,0,378,294],"offset":[0,0],"originalSize":[378,294],"capInsets":[0,0,0,0]}],[0],0,[0],[1],[51]],[[{"name":"ui_vfx_c_add_04","rect":[0,0,378,294],"offset":[0,0],"originalSize":[378,294],"capInsets":[0,0,0,0]}],[0],0,[0],[1],[52]],[[{"name":"ui_vfx_c_add_17","rect":[0,0,378,294],"offset":[0,0],"originalSize":[378,294],"capInsets":[0,0,0,0]}],[0],0,[0],[1],[53]],[[{"name":"ui_vfx_c_add_26","rect":[0,0,378,294],"offset":[0,0],"originalSize":[378,294],"capInsets":[0,0,0,0]}],[0],0,[0],[1],[54]],[[{"name":"ui_vfx_c_add_22","rect":[0,0,378,294],"offset":[0,0],"originalSize":[378,294],"capInsets":[0,0,0,0]}],[0],0,[0],[1],[55]],[[{"name":"ui_vfx_c_add_16","rect":[0,0,378,294],"offset":[0,0],"originalSize":[378,294],"capInsets":[0,0,0,0]}],[0],0,[0],[1],[56]],[[{"name":"ui_vfx_c_add_07","rect":[0,0,378,294],"offset":[0,0],"originalSize":[378,294],"capInsets":[0,0,0,0]}],[0],0,[0],[1],[57]]]]