[
  1,
  [
    "a0Iy9f5XtMwYVBFUNfon6t",
    "01j3poKrxA5LOCw0eqlLan",
    "ee/3O7QWpGSa27oW0VpTvX",
    "29xu9hW1ZFm4s+1u0PS+2T",
    "415GK8fGtIc7QQIKmfb1FA"
  ],
  [
    "fs_vfx_d_screen",
    "fs_vfx_f_add",
    "fs_vfx_c_add",
    "fs_vfx_e_screen",
    "_textureSetter"
  ],
  [
    "cc.SpriteFrame",
    [
      "cc.SpriteAtlas",
      [
        "_name",
        "_spriteFrames"
      ],
      2,
      11
    ]
  ],
  [
    [
      1,
      0,
      1,
      2
    ]
  ],
  [
    [
      [
        [
          0,
          "Alats31.plist",
          [
            {},
            "fs_vfx_d_screen",
            6,
            0,
            "fs_vfx_f_add",
            6,
            1,
            "fs_vfx_c_add",
            6,
            2,
            "fs_vfx_e_screen",
            6,
            3
          ]
        ]
      ],
      0,
      0,
      [
        0,
        0,
        0,
        0
      ],
      [
        0,
        1,
        2,
        3
      ],
      [
        0,
        1,
        2,
        3
      ]
    ],
    [
      [
        {
          "name": "fs_vfx_d_screen",
          "rect": [
            1,
            1,
            388,
            389
          ],
          "offset": [
            0,
            0
          ],
          "originalSize": [
            388,
            389
          ],
          "capInsets": [
            0,
            0,
            0,
            0
          ]
        }
      ],
      [
        0
      ],
      0,
      [
        0
      ],
      [
        4
      ],
      [
        4
      ]
    ]
  ]
]