[
  1,
  [
    "f2bUempchOqZfhdTz01e3r"
  ],
  0,
  [
    [
      "sp.SkeletonData",
      [
        "_name",
        "_atlasText",
        "textureNames",
        "_skeletonJson",
        "textures"
      ],
      -1,
      3
    ]
  ],
  [
    [
      0,
      0,
      1,
      2,
      3,
      4,
      5
    ]
  ],
  [
    [
      0,
      "Fish_11",
      "\r\n1999_Fish.png\r\nsize: 2033,1159\r\nformat: RGBA8888\r\nfilter: Linear,Linear\r\nrepeat: none\r\n11_x18/cahe1\r\n  rotate: false\r\n  xy: 1831, 418\r\n  size: 50, 123\r\n  orig: 50, 123\r\n  offset: 0, 0\r\n  index: -1\r\n11_x18/cahe2\r\n  rotate: false\r\n  xy: 1098, 268\r\n  size: 11, 27\r\n  orig: 12, 27\r\n  offset: 0, 0\r\n  index: -1\r\n11_x18/cahe3\r\n  rotate: true\r\n  xy: 802, 884\r\n  size: 9, 27\r\n  orig: 9, 27\r\n  offset: 0, 0\r\n  index: -1\r\n11_x18/cahe4\r\n  rotate: true\r\n  xy: 996, 461\r\n  size: 23, 28\r\n  orig: 23, 28\r\n  offset: 0, 0\r\n  index: -1\r\n11_x18/x18_Shadow\r\n  rotate: true\r\n  xy: 1108, 48\r\n  size: 105, 150\r\n  orig: 106, 151\r\n  offset: 0, 1\r\n  index: -1\r\n",
      [
        "1999_Fish.png"
      ],
      {
        "skeleton": {
          "hash": "3mBeNb24ugkBalcniXhdIew2cr0",
          "spine": "3.7.94",
          "width": 102.53,
          "height": 75.29
        },
        "bones": [
          {
            "name": "root"
          },
          {
            "name": "Scale",
            "parent": "root",
            "x": 31.94,
            "y": 3.17,
            "scaleX": 0.498,
            "scaleY": 0.498
          },
          {
            "name": "Shadow_All",
            "parent": "Scale",
            "x": -141.63,
            "y": -12.14
          },
          {
            "name": "Scale2",
            "parent": "Scale"
          },
          {
            "name": "Scale3",
            "parent": "Scale2",
            "length": 27.04,
            "x": 7.54
          },
          {
            "name": "Scale4",
            "parent": "Scale2",
            "length": 27.82,
            "rotation": 179.46,
            "x": -8.32,
            "y": 0.26
          },
          {
            "name": "Scale5",
            "parent": "Scale4",
            "length": 26.52,
            "rotation": -0.03,
            "x": 27.82
          },
          {
            "name": "Scale6",
            "parent": "Scale5",
            "length": 27.3,
            "rotation": 0.56,
            "x": 26.52
          },
          {
            "name": "Scale7",
            "parent": "Scale6",
            "length": 18.98,
            "x": 27.82
          },
          {
            "name": "Scale8",
            "parent": "Scale7",
            "length": 13.78,
            "rotation": -1.08,
            "x": 18.98
          },
          {
            "name": "Scale9",
            "parent": "Scale8",
            "length": 14.82,
            "rotation": 0.08,
            "x": 17.58,
            "y": 0.59
          },
          {
            "name": "Scale10",
            "parent": "Scale9",
            "length": 13.8,
            "rotation": -2.23,
            "x": 14.82
          },
          {
            "name": "Scale11",
            "parent": "Scale7",
            "length": 16.18,
            "rotation": -18.44,
            "x": 2.38,
            "y": -15.18
          },
          {
            "name": "Scale12",
            "parent": "Scale7",
            "length": 13.16,
            "rotation": 31.22,
            "x": 6.47,
            "y": 14.15
          },
          {
            "name": "Scale13",
            "parent": "Scale4",
            "x": 5.35,
            "y": 0.22
          },
          {
            "name": "Scale14",
            "parent": "Scale13",
            "x": 7.19,
            "y": 0.25
          },
          {
            "name": "Scale15",
            "parent": "Scale13",
            "x": 17.77,
            "y": 3.68
          },
          {
            "name": "Scale16",
            "parent": "Scale13",
            "x": 24.95,
            "y": 8.9
          },
          {
            "name": "Scale17",
            "parent": "Scale2",
            "length": 26.43,
            "rotation": 128.99,
            "x": -28.76,
            "y": 35.62
          },
          {
            "name": "Scale18",
            "parent": "Scale2",
            "length": 24.12,
            "rotation": -132.43,
            "x": -32.6,
            "y": -34.8
          }
        ],
        "slots": [
          {
            "name": "x18_Shadow",
            "bone": "Shadow_All",
            "attachment": "11_x18/x18_Shadow"
          },
          {
            "name": "11_x18/cahe4",
            "bone": "Scale17",
            "attachment": "11_x18/cahe4"
          },
          {
            "name": "11_x18/cahe5",
            "bone": "Scale18",
            "attachment": "11_x18/cahe4"
          },
          {
            "name": "cahe1",
            "bone": "Scale2",
            "attachment": "11_x18/cahe1"
          },
          {
            "name": "11_x18/cahe2",
            "bone": "Scale4",
            "attachment": "11_x18/cahe2"
          }
        ],
        "skins": {
          "default": {
            "11_x18/cahe2": {
              "11_x18/cahe2": {
                "type": "mesh",
                "hull": 14,
                "uvs": [
                  1,
                  0.65573,
                  0.66283,
                  0.52671,
                  0.49483,
                  0.36588,
                  0.36683,
                  0.13611,
                  0.33483,
                  0,
                  0,
                  0,
                  0,
                  0.26912,
                  0,
                  0.47492,
                  0,
                  0.63018,
                  0,
                  0.82419,
                  0,
                  1,
                  0.62283,
                  0.99508,
                  0.76283,
                  0.89434,
                  1,
                  0.77238
                ],
                "triangles": [
                  0,
                  12,
                  9,
                  13,
                  12,
                  0,
                  9,
                  1,
                  0,
                  2,
                  6,
                  3,
                  8,
                  2,
                  1,
                  11,
                  9,
                  12,
                  2,
                  7,
                  6,
                  3,
                  6,
                  5,
                  10,
                  9,
                  11,
                  9,
                  8,
                  1,
                  8,
                  7,
                  2,
                  3,
                  5,
                  4
                ],
                "vertices": [
                  1,
                  17,
                  -1.61,
                  6.38,
                  1,
                  3,
                  15,
                  10.45,
                  8.77,
                  0.26492,
                  16,
                  -0.13,
                  5.34,
                  0.21421,
                  17,
                  -7.31,
                  0.11,
                  0.52088,
                  3,
                  15,
                  3.46,
                  5.75,
                  0.35181,
                  16,
                  -7.12,
                  2.32,
                  0.62551,
                  17,
                  -14.3,
                  -2.91,
                  0.02269,
                  4,
                  5,
                  6.06,
                  4.04,
                  0.12382,
                  14,
                  0.71,
                  3.81,
                  0.33778,
                  15,
                  -6.48,
                  3.56,
                  0.53007,
                  16,
                  -17.06,
                  0.13,
                  0.00832,
                  1,
                  5,
                  0.2,
                  3.57,
                  1,
                  1,
                  5,
                  0.04,
                  -2.79,
                  1,
                  1,
                  5,
                  11.61,
                  -3.07,
                  1,
                  1,
                  5,
                  20.45,
                  -3.29,
                  1,
                  1,
                  5,
                  27.13,
                  -3.46,
                  1,
                  1,
                  5,
                  35.47,
                  -3.66,
                  1,
                  1,
                  5,
                  43.03,
                  -3.85,
                  1,
                  2,
                  5,
                  43.11,
                  7.98,
                  0.416,
                  17,
                  12.8,
                  -1.15,
                  0.584,
                  2,
                  5,
                  38.84,
                  10.75,
                  0.12,
                  17,
                  8.54,
                  1.62,
                  0.88,
                  1,
                  17,
                  3.41,
                  6.26,
                  1
                ]
              }
            },
            "11_x18/cahe4": {
              "11_x18/cahe4": {
                "x": 22.85,
                "y": 5.56,
                "rotation": 143.39,
                "width": 36,
                "height": 45
              }
            },
            "11_x18/cahe5": {
              "11_x18/cahe4": {
                "x": 20.98,
                "y": -3.71,
                "scaleX": -1,
                "rotation": 35.83,
                "width": 36,
                "height": 45
              }
            },
            "cahe1": {
              "11_x18/cahe1": {
                "type": "mesh",
                "hull": 43,
                "uvs": [
                  0.36624,
                  0,
                  0.26981,
                  0.03278,
                  0.23656,
                  0.05585,
                  0.10024,
                  0.07757,
                  0.03706,
                  0.11964,
                  0.03706,
                  0.1685,
                  0.00381,
                  0.21192,
                  0,
                  0.27435,
                  0,
                  0.41821,
                  0.04039,
                  0.51185,
                  0.09691,
                  0.58107,
                  0.17671,
                  0.6245,
                  0.23656,
                  0.65435,
                  0.14679,
                  0.70728,
                  0.14679,
                  0.767,
                  0.25319,
                  0.79414,
                  0.37954,
                  0.77242,
                  0.41611,
                  0.81754,
                  0.34296,
                  0.88811,
                  0.34629,
                  0.93832,
                  0.40614,
                  1,
                  0.58569,
                  1,
                  0.63889,
                  0.95054,
                  0.63556,
                  0.88811,
                  0.58901,
                  0.83382,
                  0.64886,
                  0.77682,
                  0.74861,
                  0.79311,
                  0.86166,
                  0.77139,
                  0.88161,
                  0.71982,
                  0.77854,
                  0.65061,
                  0.85169,
                  0.61668,
                  0.89824,
                  0.5719,
                  0.95809,
                  0.52532,
                  1,
                  0.41946,
                  1,
                  0.29358,
                  1,
                  0.21893,
                  0.97139,
                  0.18636,
                  0.93814,
                  0.10493,
                  0.86831,
                  0.06693,
                  0.76856,
                  0.05201,
                  0.72201,
                  0.03301,
                  0.63889,
                  0,
                  0.48594,
                  0,
                  0.12438,
                  0.17258,
                  0.1913,
                  0.15067,
                  0.25159,
                  0.10361,
                  0.7357,
                  0.08315,
                  0.77811,
                  0.12618,
                  0.87035,
                  0.16529,
                  0.46979,
                  0.62412,
                  0.49087,
                  0.44415,
                  0.49164,
                  0.27268,
                  0.49961,
                  0.14554,
                  0.24166,
                  0.16481,
                  0.19508,
                  0.27775,
                  0.23791,
                  0.43342,
                  0.36161,
                  0.64144,
                  0.46494,
                  0.75724,
                  0.80035,
                  0.18242,
                  0.8008,
                  0.29633,
                  0.73513,
                  0.45853,
                  0.6428,
                  0.61367,
                  0.54658,
                  0.73645
                ],
                "triangles": [
                  30,
                  29,
                  60,
                  27,
                  29,
                  28,
                  25,
                  61,
                  29,
                  26,
                  25,
                  29,
                  62,
                  61,
                  25,
                  27,
                  26,
                  29,
                  11,
                  10,
                  55,
                  55,
                  12,
                  11,
                  56,
                  12,
                  55,
                  15,
                  14,
                  13,
                  16,
                  15,
                  12,
                  16,
                  12,
                  56,
                  15,
                  13,
                  12,
                  20,
                  19,
                  17,
                  21,
                  23,
                  22,
                  21,
                  20,
                  24,
                  19,
                  18,
                  17,
                  21,
                  24,
                  23,
                  16,
                  56,
                  57,
                  17,
                  16,
                  57,
                  24,
                  62,
                  25,
                  57,
                  62,
                  24,
                  17,
                  57,
                  24,
                  24,
                  20,
                  17,
                  57,
                  49,
                  62,
                  60,
                  29,
                  61,
                  31,
                  30,
                  60,
                  49,
                  50,
                  61,
                  50,
                  49,
                  56,
                  62,
                  49,
                  61,
                  57,
                  56,
                  49,
                  8,
                  54,
                  55,
                  50,
                  55,
                  51,
                  50,
                  51,
                  60,
                  9,
                  8,
                  55,
                  32,
                  60,
                  33,
                  31,
                  60,
                  32,
                  10,
                  9,
                  55,
                  61,
                  50,
                  60,
                  50,
                  56,
                  55,
                  43,
                  44,
                  54,
                  36,
                  35,
                  34,
                  59,
                  58,
                  48,
                  54,
                  8,
                  7,
                  7,
                  6,
                  43,
                  43,
                  54,
                  7,
                  34,
                  48,
                  36,
                  51,
                  55,
                  54,
                  51,
                  54,
                  53,
                  51,
                  58,
                  59,
                  60,
                  51,
                  59,
                  34,
                  59,
                  48,
                  33,
                  59,
                  34,
                  33,
                  60,
                  59,
                  46,
                  40,
                  39,
                  45,
                  2,
                  1,
                  47,
                  39,
                  38,
                  46,
                  39,
                  47,
                  52,
                  42,
                  41,
                  44,
                  3,
                  2,
                  44,
                  2,
                  45,
                  53,
                  44,
                  45,
                  48,
                  38,
                  37,
                  47,
                  38,
                  48,
                  43,
                  5,
                  4,
                  3,
                  43,
                  4,
                  44,
                  43,
                  3,
                  58,
                  47,
                  48,
                  48,
                  37,
                  36,
                  52,
                  0,
                  42,
                  54,
                  44,
                  53,
                  0,
                  45,
                  1,
                  0,
                  52,
                  45,
                  6,
                  5,
                  43,
                  52,
                  53,
                  45,
                  51,
                  53,
                  52,
                  46,
                  52,
                  41,
                  46,
                  41,
                  40,
                  58,
                  52,
                  46,
                  58,
                  46,
                  47,
                  58,
                  51,
                  52
                ],
                "vertices": [
                  2,
                  4,
                  30.48,
                  9.9,
                  0.9992,
                  3,
                  38.02,
                  9.9,
                  0.0008,
                  3,
                  4,
                  24.15,
                  17.69,
                  0.97349,
                  3,
                  31.69,
                  17.69,
                  0.0204,
                  5,
                  -39.84,
                  -17.8,
                  0.00611,
                  3,
                  4,
                  19.66,
                  20.4,
                  0.92156,
                  3,
                  27.2,
                  20.4,
                  0.05251,
                  5,
                  -35.33,
                  -20.47,
                  0.02593,
                  3,
                  4,
                  15.53,
                  31.36,
                  0.77104,
                  3,
                  23.07,
                  31.36,
                  0.12566,
                  5,
                  -31.1,
                  -31.39,
                  0.1033,
                  5,
                  4,
                  7.35,
                  36.51,
                  0.65503,
                  3,
                  14.89,
                  36.51,
                  0.16071,
                  5,
                  -22.87,
                  -36.47,
                  0.18256,
                  6,
                  -50.67,
                  -36.49,
                  0.00167,
                  12,
                  -95.72,
                  -53.58,
                  0.00003,
                  5,
                  4,
                  -2.23,
                  36.63,
                  0.46794,
                  3,
                  5.31,
                  36.63,
                  0.18462,
                  5,
                  -13.29,
                  -36.5,
                  0.33249,
                  6,
                  -41.1,
                  -36.51,
                  0.01406,
                  12,
                  -86.6,
                  -50.66,
                  0.00089,
                  5,
                  4,
                  -10.71,
                  39.39,
                  0.28214,
                  3,
                  -3.17,
                  39.39,
                  0.16988,
                  5,
                  -4.79,
                  -39.18,
                  0.49881,
                  6,
                  -32.59,
                  -39.19,
                  0.04543,
                  12,
                  -77.68,
                  -50.6,
                  0.00373,
                  5,
                  4,
                  -22.94,
                  39.85,
                  0.11356,
                  3,
                  -15.4,
                  39.85,
                  0.10808,
                  5,
                  7.45,
                  -39.52,
                  0.62859,
                  6,
                  -20.36,
                  -39.53,
                  0.13591,
                  12,
                  -65.93,
                  -47.16,
                  0.01386,
                  6,
                  4,
                  -51.13,
                  40.19,
                  0.00074,
                  3,
                  -43.59,
                  40.19,
                  0.00793,
                  5,
                  35.64,
                  -39.6,
                  0.32535,
                  6,
                  7.84,
                  -39.59,
                  0.51026,
                  7,
                  -19.07,
                  -39.41,
                  0.05159,
                  12,
                  -39.08,
                  -38.57,
                  0.10413,
                  5,
                  3,
                  -61.98,
                  37.18,
                  0.00007,
                  5,
                  54.01,
                  -36.42,
                  0.08167,
                  6,
                  26.2,
                  -36.41,
                  0.45676,
                  7,
                  -0.68,
                  -36.4,
                  0.20695,
                  12,
                  -22.58,
                  -29.9,
                  0.25455,
                  4,
                  5,
                  67.58,
                  -31.93,
                  0.01393,
                  6,
                  39.78,
                  -31.92,
                  0.2416,
                  7,
                  12.94,
                  -32.04,
                  0.30888,
                  12,
                  -11.04,
                  -21.46,
                  0.43558,
                  4,
                  5,
                  76.11,
                  -25.57,
                  0.00122,
                  6,
                  48.3,
                  -25.55,
                  0.09693,
                  7,
                  21.53,
                  -25.76,
                  0.27184,
                  12,
                  -4.87,
                  -12.79,
                  0.63001,
                  3,
                  6,
                  54.17,
                  -20.78,
                  0.01824,
                  7,
                  27.44,
                  -21.05,
                  0.08153,
                  12,
                  -0.76,
                  -6.44,
                  0.90023,
                  1,
                  12,
                  11.31,
                  -10.12,
                  1,
                  2,
                  8,
                  21.61,
                  -28.5,
                  0,
                  12,
                  22.46,
                  -6.56,
                  1,
                  3,
                  8,
                  27.03,
                  -20.05,
                  0.00899,
                  9,
                  8.43,
                  -19.9,
                  0.05324,
                  12,
                  24.93,
                  3.17,
                  0.93778,
                  3,
                  8,
                  22.9,
                  -9.89,
                  0.14236,
                  9,
                  4.11,
                  -9.82,
                  0.49219,
                  12,
                  17.8,
                  11.5,
                  0.36545,
                  3,
                  9,
                  12.93,
                  -6.83,
                  0.7887,
                  10,
                  -4.66,
                  -7.42,
                  0.19459,
                  12,
                  25.33,
                  16.98,
                  0.01671,
                  3,
                  9,
                  26.8,
                  -12.59,
                  0.00494,
                  10,
                  9.2,
                  -13.19,
                  0.78866,
                  11,
                  -5.11,
                  -13.4,
                  0.2064,
                  2,
                  10,
                  19.04,
                  -12.88,
                  0.33791,
                  11,
                  4.72,
                  -12.7,
                  0.66209,
                  2,
                  10,
                  31.1,
                  -8.02,
                  0.00125,
                  11,
                  16.58,
                  -7.38,
                  0.99875,
                  1,
                  11,
                  15.94,
                  6.97,
                  1,
                  2,
                  10,
                  21.31,
                  10.55,
                  0.1131,
                  11,
                  6.07,
                  10.79,
                  0.8869,
                  2,
                  10,
                  9.07,
                  10.21,
                  0.86349,
                  11,
                  -6.14,
                  9.98,
                  0.13651,
                  3,
                  9,
                  16.03,
                  7.02,
                  0.408,
                  10,
                  -1.55,
                  6.43,
                  0.58089,
                  13,
                  20.66,
                  -21.21,
                  0.01111,
                  4,
                  8,
                  24.02,
                  11.64,
                  0.0738,
                  9,
                  4.82,
                  11.73,
                  0.45382,
                  10,
                  -12.75,
                  11.16,
                  0.00072,
                  13,
                  13.71,
                  -11.24,
                  0.47166,
                  3,
                  8,
                  27.31,
                  19.58,
                  0.00626,
                  9,
                  7.96,
                  19.74,
                  0.08386,
                  13,
                  20.64,
                  -6.16,
                  0.90988,
                  2,
                  9,
                  3.65,
                  28.75,
                  0.00055,
                  13,
                  21.81,
                  3.77,
                  0.99945,
                  1,
                  13,
                  14.07,
                  10.47,
                  1,
                  4,
                  5,
                  81.37,
                  22.56,
                  0.00104,
                  6,
                  53.54,
                  22.58,
                  0.0252,
                  7,
                  27.23,
                  22.32,
                  0.26594,
                  13,
                  -1.8,
                  10.64,
                  0.70782,
                  4,
                  5,
                  74.73,
                  28.43,
                  0.00925,
                  6,
                  46.9,
                  28.45,
                  0.10048,
                  7,
                  20.66,
                  28.25,
                  0.46514,
                  13,
                  -4.35,
                  19.12,
                  0.42513,
                  5,
                  3,
                  -74.58,
                  -31.3,
                  0.00022,
                  5,
                  65.97,
                  32.18,
                  0.03447,
                  6,
                  38.13,
                  32.19,
                  0.2173,
                  7,
                  11.92,
                  32.08,
                  0.46935,
                  13,
                  -9.84,
                  26.92,
                  0.27865,
                  5,
                  3,
                  -65.51,
                  -36.2,
                  0.00225,
                  5,
                  56.85,
                  36.99,
                  0.09188,
                  6,
                  29.01,
                  37,
                  0.35213,
                  7,
                  2.85,
                  36.98,
                  0.37474,
                  13,
                  -15.05,
                  35.81,
                  0.17901,
                  6,
                  4,
                  -52.35,
                  -39.8,
                  0.00177,
                  3,
                  -44.81,
                  -39.8,
                  0.0267,
                  5,
                  36.11,
                  40.4,
                  0.35299,
                  6,
                  8.27,
                  40.4,
                  0.423,
                  7,
                  -17.85,
                  40.58,
                  0.13347,
                  13,
                  -30.89,
                  49.63,
                  0.06206,
                  6,
                  4,
                  -27.68,
                  -40.1,
                  0.0823,
                  3,
                  -20.14,
                  -40.1,
                  0.14116,
                  5,
                  11.44,
                  40.47,
                  0.61878,
                  6,
                  -16.4,
                  40.46,
                  0.13861,
                  7,
                  -42.52,
                  40.88,
                  0.01046,
                  13,
                  -51.84,
                  62.67,
                  0.00868,
                  6,
                  4,
                  -13.05,
                  -40.28,
                  0.23163,
                  3,
                  -5.51,
                  -40.28,
                  0.22102,
                  5,
                  -3.19,
                  40.51,
                  0.50791,
                  6,
                  -31.03,
                  40.5,
                  0.03789,
                  7,
                  -57.15,
                  41.06,
                  0.00024,
                  13,
                  -64.26,
                  70.41,
                  0.0013,
                  5,
                  4,
                  -6.64,
                  -38.07,
                  0.33344,
                  3,
                  0.9,
                  -38.07,
                  0.23742,
                  5,
                  -9.58,
                  38.24,
                  0.41155,
                  6,
                  -37.42,
                  38.22,
                  0.01724,
                  13,
                  -70.88,
                  71.84,
                  0.00035,
                  4,
                  4,
                  9.35,
                  -35.6,
                  0.61764,
                  3,
                  16.89,
                  -35.6,
                  0.19787,
                  5,
                  -25.55,
                  35.62,
                  0.18421,
                  6,
                  -53.39,
                  35.6,
                  0.00027,
                  3,
                  4,
                  16.87,
                  -30.11,
                  0.73056,
                  3,
                  24.41,
                  -30.11,
                  0.15434,
                  5,
                  -33.01,
                  30.06,
                  0.11509,
                  3,
                  4,
                  19.89,
                  -22.16,
                  0.85083,
                  3,
                  27.43,
                  -22.16,
                  0.09334,
                  5,
                  -35.96,
                  22.09,
                  0.05583,
                  3,
                  4,
                  23.66,
                  -18.48,
                  0.92965,
                  3,
                  31.2,
                  -18.48,
                  0.04763,
                  5,
                  -39.7,
                  18.37,
                  0.02272,
                  3,
                  4,
                  30.21,
                  -11.91,
                  0.98868,
                  3,
                  37.75,
                  -11.91,
                  0.00956,
                  5,
                  -46.18,
                  11.74,
                  0.00176,
                  1,
                  4,
                  30.36,
                  0.32,
                  1,
                  5,
                  4,
                  -3.11,
                  29.65,
                  0.47105,
                  3,
                  4.43,
                  29.65,
                  0.19431,
                  5,
                  -12.47,
                  -29.51,
                  0.3224,
                  6,
                  -40.28,
                  -29.53,
                  0.01152,
                  12,
                  -87.96,
                  -43.76,
                  0.00072,
                  5,
                  4,
                  1.12,
                  24.25,
                  0.59907,
                  3,
                  8.66,
                  24.25,
                  0.18993,
                  5,
                  -16.75,
                  -24.15,
                  0.20798,
                  6,
                  -44.56,
                  -24.17,
                  0.0029,
                  12,
                  -93.68,
                  -39.97,
                  0.00012,
                  3,
                  4,
                  10.28,
                  19.31,
                  0.83672,
                  3,
                  17.82,
                  19.31,
                  0.10216,
                  5,
                  -25.96,
                  -19.3,
                  0.06112,
                  3,
                  4,
                  13.82,
                  -19.46,
                  0.82321,
                  3,
                  21.36,
                  -19.46,
                  0.10977,
                  5,
                  -29.86,
                  19.44,
                  0.06702,
                  4,
                  4,
                  5.35,
                  -22.75,
                  0.64407,
                  3,
                  12.89,
                  -22.75,
                  0.19692,
                  5,
                  -21.42,
                  22.81,
                  0.1589,
                  6,
                  -49.25,
                  22.79,
                  0.00011,
                  5,
                  4,
                  -2.41,
                  -30.04,
                  0.4394,
                  3,
                  5.13,
                  -30.04,
                  0.24173,
                  5,
                  -13.73,
                  30.17,
                  0.31313,
                  6,
                  -41.57,
                  30.15,
                  0.00572,
                  13,
                  -78.66,
                  67.16,
                  0.00003,
                  2,
                  7,
                  21.74,
                  -2.32,
                  0.94017,
                  12,
                  -12.09,
                  9.52,
                  0.05983,
                  2,
                  6,
                  13.02,
                  -0.34,
                  0.99969,
                  12,
                  -46.2,
                  0.38,
                  0.00031,
                  2,
                  5,
                  7.23,
                  -0.19,
                  0.99999,
                  12,
                  -78.23,
                  -9.8,
                  0.00001,
                  3,
                  4,
                  1.82,
                  -0.43,
                  0.99636,
                  3,
                  9.36,
                  -0.43,
                  0.00274,
                  5,
                  -17.69,
                  0.52,
                  0.0009,
                  5,
                  4,
                  -1.7,
                  20.25,
                  0.54282,
                  3,
                  5.84,
                  20.25,
                  0.22665,
                  5,
                  -13.97,
                  -20.13,
                  0.22732,
                  6,
                  -41.78,
                  -20.15,
                  0.00305,
                  12,
                  -92.27,
                  -35.29,
                  0.00016,
                  5,
                  4,
                  -23.79,
                  24.25,
                  0.07776,
                  3,
                  -16.25,
                  24.25,
                  0.09859,
                  5,
                  8.16,
                  -23.91,
                  0.71469,
                  6,
                  -19.65,
                  -23.92,
                  0.09948,
                  12,
                  -70.05,
                  -32.09,
                  0.00949,
                  5,
                  3,
                  -46.8,
                  21.19,
                  0.00136,
                  5,
                  38.68,
                  -20.57,
                  0.20055,
                  6,
                  10.86,
                  -20.57,
                  0.65776,
                  7,
                  -15.86,
                  -20.41,
                  0.05551,
                  12,
                  -42.04,
                  -19.54,
                  0.08481,
                  4,
                  6,
                  51.66,
                  -10.77,
                  0.00536,
                  7,
                  25.03,
                  -11.01,
                  0.38139,
                  8,
                  -2.79,
                  -11.01,
                  0.0653,
                  12,
                  -6.22,
                  2.31,
                  0.54795,
                  3,
                  8,
                  20.01,
                  -3.02,
                  0.29394,
                  9,
                  1.08,
                  -3,
                  0.63074,
                  12,
                  12.88,
                  17.1,
                  0.07532,
                  5,
                  4,
                  -5.7,
                  -24.4,
                  0.37994,
                  3,
                  1.84,
                  -24.4,
                  0.26576,
                  5,
                  -10.39,
                  24.56,
                  0.34794,
                  6,
                  -38.22,
                  24.54,
                  0.00628,
                  13,
                  -78.77,
                  60.63,
                  0.00007,
                  6,
                  4,
                  -28.02,
                  -24.16,
                  0.05542,
                  3,
                  -20.48,
                  -24.16,
                  0.12082,
                  5,
                  11.93,
                  24.53,
                  0.69992,
                  6,
                  -15.9,
                  24.53,
                  0.11201,
                  7,
                  -42.18,
                  24.94,
                  0.00584,
                  13,
                  -59.8,
                  48.86,
                  0.00598,
                  5,
                  3,
                  -52.21,
                  -18.52,
                  0.00468,
                  5,
                  43.71,
                  19.19,
                  0.14543,
                  6,
                  15.88,
                  19.2,
                  0.60097,
                  7,
                  -10.45,
                  19.3,
                  0.18408,
                  13,
                  -35.6,
                  27.59,
                  0.06483,
                  5,
                  5,
                  74.1,
                  11.72,
                  0.00066,
                  6,
                  46.27,
                  11.74,
                  0.02056,
                  7,
                  19.86,
                  11.55,
                  0.66119,
                  8,
                  -7.96,
                  11.55,
                  0.01035,
                  13,
                  -13.69,
                  5.25,
                  0.30724,
                  3,
                  8,
                  16.01,
                  3.56,
                  0.73935,
                  9,
                  -3.03,
                  3.5,
                  0.13095,
                  13,
                  2.67,
                  -14.01,
                  0.1297
                ]
              }
            },
            "x18_Shadow": {
              "11_x18/x18_Shadow": {
                "type": "mesh",
                "color": "030303ff",
                "hull": 32,
                "uvs": [
                  0.71493,
                  0.0619,
                  0.77463,
                  0.15155,
                  0.81263,
                  0.31751,
                  0.90218,
                  0.29653,
                  1,
                  0.34613,
                  1,
                  0.46058,
                  0.91032,
                  0.59411,
                  0.80991,
                  0.60174,
                  0.74207,
                  0.53498,
                  0.6688,
                  0.64943,
                  0.71493,
                  0.74672,
                  0.64709,
                  0.82111,
                  0.57924,
                  0.75435,
                  0.57205,
                  0.8812,
                  0.57382,
                  1,
                  0.41125,
                  1,
                  0.42536,
                  0.8811,
                  0.41654,
                  0.75091,
                  0.35128,
                  0.80051,
                  0.26308,
                  0.75711,
                  0.31953,
                  0.63932,
                  0.25779,
                  0.5612,
                  0.19253,
                  0.5922,
                  0.1202,
                  0.6108,
                  0,
                  0.50277,
                  0,
                  0.35848,
                  0.07613,
                  0.3177,
                  0.18323,
                  0.3224,
                  0.20108,
                  0.17811,
                  0.23902,
                  0.08086,
                  0.33942,
                  0,
                  0.63081,
                  0,
                  0.47171,
                  0.89061,
                  0.5017,
                  0.72942,
                  0.50876,
                  0.56823,
                  0.51052,
                  0.34133,
                  0.25122,
                  0.38968,
                  0.79099,
                  0.38844
                ],
                "triangles": [
                  33,
                  32,
                  17,
                  13,
                  32,
                  33,
                  15,
                  32,
                  14,
                  32,
                  13,
                  14,
                  15,
                  16,
                  32,
                  33,
                  34,
                  9,
                  11,
                  12,
                  10,
                  12,
                  33,
                  9,
                  9,
                  34,
                  8,
                  10,
                  12,
                  9,
                  13,
                  33,
                  12,
                  33,
                  17,
                  34,
                  34,
                  35,
                  8,
                  35,
                  31,
                  0,
                  7,
                  8,
                  6,
                  8,
                  37,
                  6,
                  6,
                  37,
                  5,
                  3,
                  5,
                  37,
                  3,
                  37,
                  2,
                  8,
                  35,
                  37,
                  3,
                  4,
                  5,
                  37,
                  35,
                  2,
                  35,
                  1,
                  2,
                  35,
                  0,
                  1,
                  26,
                  27,
                  24,
                  29,
                  30,
                  35,
                  35,
                  30,
                  31,
                  28,
                  29,
                  35,
                  35,
                  34,
                  36,
                  24,
                  27,
                  36,
                  35,
                  36,
                  28,
                  36,
                  27,
                  28,
                  24,
                  25,
                  26,
                  23,
                  24,
                  36,
                  22,
                  23,
                  36,
                  22,
                  36,
                  21,
                  34,
                  21,
                  36,
                  34,
                  17,
                  20,
                  20,
                  21,
                  34,
                  17,
                  18,
                  20,
                  18,
                  19,
                  20,
                  32,
                  16,
                  17
                ],
                "vertices": [
                  2,
                  6,
                  -18.93,
                  50.57,
                  0.11801,
                  19,
                  1.34,
                  21.4,
                  0.88199,
                  2,
                  6,
                  -4.61,
                  57.44,
                  0.00636,
                  19,
                  16.01,
                  15.33,
                  0.99364,
                  4,
                  7,
                  -3.95,
                  62.02,
                  0.00007,
                  6,
                  21.97,
                  61.99,
                  0.00003,
                  19,
                  37.13,
                  -1.43,
                  0.99981,
                  13,
                  -7.89,
                  60.76,
                  0.00009,
                  2,
                  19,
                  42.32,
                  7.86,
                  0.99982,
                  13,
                  -5.53,
                  71.14,
                  0.00018,
                  3,
                  7,
                  0.64,
                  83.15,
                  0.00059,
                  19,
                  55.83,
                  9.43,
                  0.98204,
                  13,
                  6.99,
                  76.45,
                  0.01737,
                  3,
                  7,
                  19,
                  83.15,
                  0.02,
                  19,
                  68.22,
                  -4.12,
                  0.8841,
                  13,
                  22.69,
                  66.94,
                  0.0959,
                  3,
                  7,
                  40.43,
                  73.04,
                  0.05309,
                  19,
                  75.2,
                  -26.76,
                  0.73938,
                  13,
                  35.77,
                  47.18,
                  0.20753,
                  4,
                  7,
                  41.65,
                  61.72,
                  0.06494,
                  6,
                  67.56,
                  62.13,
                  0.00003,
                  19,
                  67.67,
                  -35.3,
                  0.70034,
                  13,
                  30.95,
                  36.87,
                  0.2347,
                  4,
                  7,
                  30.94,
                  54.07,
                  0.12544,
                  6,
                  56.93,
                  54.37,
                  0.00602,
                  19,
                  54.8,
                  -32.55,
                  0.50248,
                  13,
                  17.82,
                  35.88,
                  0.36605,
                  3,
                  7,
                  49.3,
                  45.8,
                  0.0395,
                  19,
                  61.09,
                  -51.68,
                  0.06369,
                  13,
                  29.24,
                  19.29,
                  0.89681,
                  2,
                  19,
                  75.45,
                  -59.69,
                  0.00109,
                  13,
                  45.29,
                  15.65,
                  0.99891,
                  1,
                  13,
                  51.53,
                  2.92,
                  1,
                  3,
                  9,
                  18.65,
                  36.07,
                  0.1245,
                  19,
                  64.99,
                  -70.92,
                  0.00006,
                  13,
                  38.4,
                  1.93,
                  0.87544,
                  2,
                  9,
                  39.02,
                  35.64,
                  0.42975,
                  13,
                  55.39,
                  -9.31,
                  0.57025,
                  2,
                  9,
                  58.07,
                  36.2,
                  0.45552,
                  13,
                  71.79,
                  -19.02,
                  0.54448,
                  2,
                  9,
                  58.41,
                  17.87,
                  0.45659,
                  13,
                  62.29,
                  -34.69,
                  0.54341,
                  2,
                  9,
                  39.31,
                  19.1,
                  0.44169,
                  13,
                  46.8,
                  -23.45,
                  0.55831,
                  3,
                  9,
                  18.45,
                  17.71,
                  0.64248,
                  8,
                  37.76,
                  17.36,
                  0.01291,
                  13,
                  28.42,
                  -13.47,
                  0.34461,
                  1,
                  9,
                  26.54,
                  10.5,
                  1,
                  2,
                  9,
                  19.77,
                  0.43,
                  0.99797,
                  8,
                  38.75,
                  0.05,
                  0.00203,
                  3,
                  8,
                  19.86,
                  6.42,
                  0.98808,
                  7,
                  47.68,
                  6.42,
                  0.01192,
                  19,
                  30.92,
                  -77.05,
                  0,
                  5,
                  8,
                  9.8,
                  1.73,
                  0.22619,
                  7,
                  37.62,
                  1.73,
                  0.76677,
                  6,
                  64.13,
                  2.11,
                  0.00614,
                  19,
                  20.68,
                  -72.79,
                  0.00001,
                  13,
                  -3.58,
                  -12.34,
                  0.00089,
                  5,
                  8,
                  15.43,
                  -15.12,
                  0.15247,
                  7,
                  43.25,
                  -15.12,
                  0.82518,
                  6,
                  69.92,
                  -14.69,
                  0.02138,
                  19,
                  12.03,
                  -88.32,
                  0.00001,
                  13,
                  -7.51,
                  -29.68,
                  0.00097,
                  5,
                  8,
                  20.97,
                  -27.7,
                  0.13907,
                  7,
                  48.79,
                  -27.7,
                  0.82796,
                  6,
                  75.58,
                  -27.21,
                  0.03197,
                  19,
                  6.49,
                  -100.89,
                  0.00001,
                  13,
                  -9.28,
                  -43.3,
                  0.00099,
                  5,
                  8,
                  1.22,
                  -46.32,
                  0.08735,
                  7,
                  29.04,
                  -46.32,
                  0.72573,
                  6,
                  56.01,
                  -46.03,
                  0.18623,
                  19,
                  -20.59,
                  -98.88,
                  0.00001,
                  13,
                  -35.84,
                  -48.99,
                  0.00068,
                  5,
                  8,
                  -23.83,
                  -45.11,
                  0.04345,
                  7,
                  3.99,
                  -45.11,
                  0.51034,
                  6,
                  30.96,
                  -45.07,
                  0.44583,
                  19,
                  -36.59,
                  -79.58,
                  0,
                  13,
                  -56.63,
                  -34.98,
                  0.00037,
                  5,
                  8,
                  -32.69,
                  -30.48,
                  0.03368,
                  7,
                  -4.87,
                  -30.48,
                  0.43103,
                  6,
                  21.95,
                  -30.52,
                  0.53501,
                  19,
                  -31.77,
                  -63.16,
                  0,
                  13,
                  -56.62,
                  -17.87,
                  0.00028,
                  5,
                  8,
                  -30.98,
                  -8.95,
                  0.01399,
                  7,
                  -3.16,
                  -8.95,
                  0.20239,
                  6,
                  23.45,
                  -8.98,
                  0.78351,
                  19,
                  -14.73,
                  -49.89,
                  0,
                  13,
                  -44,
                  -0.34,
                  0.00011,
                  2,
                  6,
                  0.28,
                  -7.19,
                  0.98269,
                  19,
                  -28.86,
                  -31.45,
                  0.01731,
                  2,
                  6,
                  -15.36,
                  -3.07,
                  0.86832,
                  19,
                  -36.22,
                  -17.05,
                  0.13168,
                  2,
                  6,
                  -28.45,
                  8.13,
                  0.70656,
                  19,
                  -36.62,
                  0.17,
                  0.29344,
                  2,
                  6,
                  -28.77,
                  40.98,
                  0.24611,
                  19,
                  -12.36,
                  22.33,
                  0.75389,
                  2,
                  9,
                  40.74,
                  24.36,
                  0.44157,
                  13,
                  50.81,
                  -19.77,
                  0.55843,
                  3,
                  9,
                  14.82,
                  27.25,
                  0.22447,
                  8,
                  34.31,
                  26.96,
                  0.01527,
                  13,
                  30.45,
                  -3.47,
                  0.76026,
                  4,
                  7,
                  36.27,
                  27.76,
                  0.33798,
                  6,
                  62.52,
                  28.12,
                  0.00168,
                  19,
                  38.98,
                  -54.24,
                  0.04974,
                  13,
                  8.75,
                  10.61,
                  0.61061,
                  4,
                  7,
                  -0.13,
                  27.96,
                  0.10871,
                  6,
                  26.12,
                  27.96,
                  0.52801,
                  19,
                  14.57,
                  -27.24,
                  0.31856,
                  13,
                  -22.28,
                  29.65,
                  0.04471,
                  5,
                  8,
                  -20.19,
                  -1.28,
                  0.01408,
                  7,
                  7.63,
                  -1.28,
                  0.34942,
                  6,
                  34.16,
                  -1.21,
                  0.63643,
                  19,
                  -1.79,
                  -52.69,
                  0,
                  13,
                  -30.8,
                  0.62,
                  0.00007,
                  4,
                  7,
                  7.43,
                  59.58,
                  0.04663,
                  6,
                  33.37,
                  59.66,
                  0.01258,
                  19,
                  43.01,
                  -11.48,
                  0.85926,
                  13,
                  0.58,
                  52.78,
                  0.08153
                ]
              }
            }
          }
        },
        "animations": {
          "animation": {
            "bones": {
              "Scale2": {
                "rotate": [
                  {
                    "time": 0,
                    "angle": 0,
                    "curve": [
                      0.292,
                      0,
                      0.63,
                      0.37
                    ]
                  },
                  {
                    "time": 0.1333,
                    "angle": -0.17,
                    "curve": [
                      0.309,
                      0.24,
                      0.757,
                      1
                    ]
                  },
                  {
                    "time": 0.8333,
                    "angle": 0
                  }
                ]
              },
              "Scale3": {
                "rotate": [
                  {
                    "time": 0,
                    "angle": 0,
                    "curve": [
                      0.25,
                      0,
                      0.75,
                      1
                    ]
                  },
                  {
                    "time": 0.2333,
                    "angle": 3.52,
                    "curve": [
                      0.25,
                      0,
                      0.75,
                      1
                    ]
                  },
                  {
                    "time": 0.4333,
                    "angle": 0,
                    "curve": [
                      0.25,
                      0,
                      0.75,
                      1
                    ]
                  },
                  {
                    "time": 0.6333,
                    "angle": -3.59,
                    "curve": [
                      0.25,
                      0,
                      0.75,
                      1
                    ]
                  },
                  {
                    "time": 0.8333,
                    "angle": 0
                  }
                ]
              },
              "Scale5": {
                "rotate": [
                  {
                    "time": 0,
                    "angle": -1.64,
                    "curve": [
                      0.25,
                      0,
                      0.75,
                      1
                    ]
                  },
                  {
                    "time": 0.1,
                    "angle": -3.24,
                    "curve": [
                      0.25,
                      0,
                      0.75,
                      1
                    ]
                  },
                  {
                    "time": 0.5,
                    "angle": 3.7,
                    "curve": [
                      0.25,
                      0,
                      0.75,
                      1
                    ]
                  },
                  {
                    "time": 0.8333,
                    "angle": -1.64
                  }
                ]
              },
              "Scale6": {
                "rotate": [
                  {
                    "time": 0,
                    "angle": -0.03,
                    "curve": [
                      0.25,
                      0,
                      0.75,
                      1
                    ]
                  },
                  {
                    "time": 0.2,
                    "angle": -3.24,
                    "curve": [
                      0.25,
                      0,
                      0.75,
                      1
                    ]
                  },
                  {
                    "time": 0.6,
                    "angle": 3.7,
                    "curve": [
                      0.25,
                      0,
                      0.75,
                      1
                    ]
                  },
                  {
                    "time": 0.8333,
                    "angle": -0.03
                  }
                ]
              },
              "Scale7": {
                "rotate": [
                  {
                    "time": 0,
                    "angle": 1.57,
                    "curve": [
                      0.25,
                      0,
                      0.75,
                      1
                    ]
                  },
                  {
                    "time": 0.3,
                    "angle": -3.24,
                    "curve": [
                      0.25,
                      0,
                      0.75,
                      1
                    ]
                  },
                  {
                    "time": 0.7,
                    "angle": 3.7,
                    "curve": [
                      0.25,
                      0,
                      0.75,
                      1
                    ]
                  },
                  {
                    "time": 0.8333,
                    "angle": 1.57
                  }
                ]
              },
              "Scale8": {
                "rotate": [
                  {
                    "time": 0,
                    "angle": 3.17,
                    "curve": [
                      0.25,
                      0,
                      0.75,
                      1
                    ]
                  },
                  {
                    "time": 0.4,
                    "angle": -3.24,
                    "curve": [
                      0.25,
                      0,
                      0.75,
                      1
                    ]
                  },
                  {
                    "time": 0.8,
                    "angle": 3.7,
                    "curve": [
                      0.25,
                      0,
                      0.75,
                      1
                    ]
                  },
                  {
                    "time": 0.8333,
                    "angle": 3.17
                  }
                ]
              },
              "Scale9": {
                "rotate": [
                  {
                    "time": 0,
                    "angle": 2.55,
                    "curve": [
                      0.25,
                      0,
                      0.75,
                      1
                    ]
                  },
                  {
                    "time": 0.0667,
                    "angle": 5.82,
                    "curve": [
                      0.25,
                      0,
                      0.75,
                      1
                    ]
                  },
                  {
                    "time": 0.5,
                    "angle": -4.26,
                    "curve": [
                      0.25,
                      0,
                      0.75,
                      1
                    ]
                  },
                  {
                    "time": 0.8333,
                    "angle": 2.55
                  }
                ]
              },
              "Scale10": {
                "rotate": [
                  {
                    "time": 0,
                    "angle": 0.81,
                    "curve": [
                      0.25,
                      0,
                      0.75,
                      1
                    ]
                  },
                  {
                    "time": 0.1667,
                    "angle": 3.7,
                    "curve": [
                      0.25,
                      0,
                      0.75,
                      1
                    ]
                  },
                  {
                    "time": 0.6,
                    "angle": -3.24,
                    "curve": [
                      0.25,
                      0,
                      0.75,
                      1
                    ]
                  },
                  {
                    "time": 0.8333,
                    "angle": 0.81
                  }
                ]
              },
              "Scale11": {
                "rotate": [
                  {
                    "time": 0,
                    "angle": 0,
                    "curve": [
                      0.25,
                      0,
                      0.75,
                      1
                    ]
                  },
                  {
                    "time": 0.4,
                    "angle": -5.91,
                    "curve": [
                      0.25,
                      0,
                      0.75,
                      1
                    ]
                  },
                  {
                    "time": 0.8333,
                    "angle": 0
                  }
                ]
              },
              "Scale12": {
                "rotate": [
                  {
                    "time": 0,
                    "angle": 0,
                    "curve": [
                      0.25,
                      0,
                      0.75,
                      1
                    ]
                  },
                  {
                    "time": 0.4,
                    "angle": 3.64,
                    "curve": [
                      0.25,
                      0,
                      0.75,
                      1
                    ]
                  },
                  {
                    "time": 0.8333,
                    "angle": 0
                  }
                ]
              },
              "Scale14": {
                "translate": [
                  {
                    "time": 0,
                    "x": 0,
                    "y": -1.73,
                    "curve": [
                      0.25,
                      0,
                      0.75,
                      1
                    ]
                  },
                  {
                    "time": 0.1,
                    "x": 0,
                    "y": -2.48,
                    "curve": [
                      0.25,
                      0,
                      0.75,
                      1
                    ]
                  },
                  {
                    "time": 0.5,
                    "x": 0,
                    "y": -2.65,
                    "curve": [
                      0.25,
                      0,
                      0.75,
                      1
                    ]
                  },
                  {
                    "time": 0.8333,
                    "x": 0,
                    "y": -1.73
                  }
                ]
              },
              "Scale15": {
                "translate": [
                  {
                    "time": 0,
                    "x": 0,
                    "y": -6.99,
                    "curve": [
                      0.25,
                      0,
                      0.75,
                      1
                    ]
                  },
                  {
                    "time": 0.2,
                    "x": 0,
                    "y": -3.32,
                    "curve": [
                      0.25,
                      0,
                      0.75,
                      1
                    ]
                  },
                  {
                    "time": 0.6,
                    "x": 0,
                    "y": -10.09,
                    "curve": [
                      0.25,
                      0,
                      0.75,
                      1
                    ]
                  },
                  {
                    "time": 0.8333,
                    "x": 0,
                    "y": -6.99
                  }
                ]
              },
              "Scale16": {
                "translate": [
                  {
                    "time": 0,
                    "x": 0,
                    "y": -20.93,
                    "curve": [
                      0.25,
                      0,
                      0.75,
                      1
                    ]
                  },
                  {
                    "time": 0.3,
                    "x": 0,
                    "y": -4.11,
                    "curve": [
                      0.25,
                      0,
                      0.75,
                      1
                    ]
                  },
                  {
                    "time": 0.7,
                    "x": 0.1,
                    "y": -24.07,
                    "curve": [
                      0.25,
                      0,
                      0.75,
                      1
                    ]
                  },
                  {
                    "time": 0.8333,
                    "x": 0,
                    "y": -20.93
                  }
                ]
              },
              "Scale17": {
                "rotate": [
                  {
                    "time": 0,
                    "angle": 0,
                    "curve": [
                      0.25,
                      0,
                      0.75,
                      1
                    ]
                  },
                  {
                    "time": 0.2333,
                    "angle": 6.91,
                    "curve": [
                      0.25,
                      0,
                      0.75,
                      1
                    ]
                  },
                  {
                    "time": 0.4333,
                    "angle": 0,
                    "curve": [
                      0.25,
                      0,
                      0.75,
                      1
                    ]
                  },
                  {
                    "time": 0.6,
                    "angle": -5.67,
                    "curve": [
                      0.25,
                      0,
                      0.75,
                      1
                    ]
                  },
                  {
                    "time": 0.8333,
                    "angle": 0
                  }
                ]
              },
              "Scale18": {
                "rotate": [
                  {
                    "time": 0,
                    "angle": 0,
                    "curve": [
                      0.25,
                      0,
                      0.75,
                      1
                    ]
                  },
                  {
                    "time": 0.2333,
                    "angle": -9.29,
                    "curve": [
                      0.25,
                      0,
                      0.75,
                      1
                    ]
                  },
                  {
                    "time": 0.4333,
                    "angle": 0,
                    "curve": [
                      0.25,
                      0,
                      0.75,
                      1
                    ]
                  },
                  {
                    "time": 0.6333,
                    "angle": 14.04,
                    "curve": [
                      0.25,
                      0,
                      0.75,
                      1
                    ]
                  },
                  {
                    "time": 0.8333,
                    "angle": 0
                  }
                ]
              }
            }
          }
        }
      },
      [
        0
      ]
    ]
  ],
  0,
  0,
  [
    0
  ],
  [
    -1
  ],
  [
    0
  ]
]