[1,["a0ass3yzNKxb6OHDXs0buh"],["_textureSetter"],["cc.SpriteFrame"],0,[[[{"name":"scatter_vfx_a_09","rect":[288,1,75,103],"offset":[0,-16],"originalSize":[75,135],"capInsets":[0,0,0,0]}],[0],0,[0],[0],[0]],[[{"name":"scatter_vfx_a_02","rect":[78,1,75,103],"offset":[0,-16],"originalSize":[75,135],"rotated":1,"capInsets":[0,0,0,0]}],[0],0,[0],[0],[0]],[[{"name":"scatter_vfx_a_19","rect":[260,393,75,103],"offset":[0,-16],"originalSize":[75,135],"rotated":1,"capInsets":[0,0,0,0]}],[0],0,[0],[0],[0]],[[{"name":"scatter_vfx_a_18","rect":[183,365,75,103],"offset":[0,-16],"originalSize":[75,135],"capInsets":[0,0,0,0]}],[0],0,[0],[0],[0]],[[{"name":"scatter_vfx_a_06","rect":[183,1,75,103],"offset":[0,-16],"originalSize":[75,135],"rotated":1,"capInsets":[0,0,0,0]}],[0],0,[0],[0],[0]],[[{"name":"scatter_vfx_a_00","rect":[1,1,75,103],"offset":[0,-16],"originalSize":[75,135],"capInsets":[0,0,0,0]}],[0],0,[0],[0],[0]],[[{"name":"scatter_vfx_a_04","rect":[1,183,75,103],"offset":[0,-16],"originalSize":[75,135],"rotated":1,"capInsets":[0,0,0,0]}],[0],0,[0],[0],[0]],[[{"name":"scatter_vfx_a_10","rect":[288,106,75,103],"offset":[0,-16],"originalSize":[75,135],"capInsets":[0,0,0,0]}],[0],0,[0],[0],[0]],[[{"name":"scatter_vfx_a_01","rect":[1,106,75,103],"offset":[0,-16],"originalSize":[75,135],"rotated":1,"capInsets":[0,0,0,0]}],[0],0,[0],[0],[0]],[[{"name":"scatter_vfx_a_07","rect":[183,78,75,103],"offset":[0,-16],"originalSize":[75,135],"rotated":1,"capInsets":[0,0,0,0]}],[0],0,[0],[0],[0]],[[{"name":"scatter_vfx_a_13","rect":[106,260,75,103],"offset":[0,-16],"originalSize":[75,135],"capInsets":[0,0,0,0]}],[0],0,[0],[0],[0]],[[{"name":"scatter_vfx_a_17","rect":[78,365,75,103],"offset":[0,-16],"originalSize":[75,135],"rotated":1,"capInsets":[0,0,0,0]}],[0],0,[0],[0],[0]],[[{"name":"scatter_vfx_a_16","rect":[260,316,75,103],"offset":[0,-16],"originalSize":[75,135],"rotated":1,"capInsets":[0,0,0,0]}],[0],0,[0],[0],[0]],[[{"name":"scatter_vfx_a_11","rect":[288,211,75,103],"offset":[0,-16],"originalSize":[75,135],"capInsets":[0,0,0,0]}],[0],0,[0],[0],[0]],[[{"name":"scatter_vfx_a_08","rect":[211,155,75,103],"offset":[0,-16],"originalSize":[75,135],"capInsets":[0,0,0,0]}],[0],0,[0],[0],[0]],[[{"name":"scatter_vfx_a_12","rect":[1,260,75,103],"offset":[0,-16],"originalSize":[75,135],"rotated":1,"capInsets":[0,0,0,0]}],[0],0,[0],[0],[0]],[[{"name":"scatter_vfx_a_15","rect":[183,260,75,103],"offset":[0,-16],"originalSize":[75,135],"capInsets":[0,0,0,0]}],[0],0,[0],[0],[0]],[[{"name":"scatter_vfx_a_14","rect":[1,337,75,103],"offset":[0,-16],"originalSize":[75,135],"capInsets":[0,0,0,0]}],[0],0,[0],[0],[0]],[[{"name":"scatter_vfx_a_03","rect":[106,78,75,103],"offset":[0,-16],"originalSize":[75,135],"capInsets":[0,0,0,0]}],[0],0,[0],[0],[0]],[[{"name":"scatter_vfx_a_05","rect":[106,183,75,103],"offset":[0,-16],"originalSize":[75,135],"rotated":1,"capInsets":[0,0,0,0]}],[0],0,[0],[0],[0]]]]