[
  1,
  [
    "f4nm1qB85LH55KovUoRKkf",
    "d1GVtHBXFJ1LjEbO+lGcUE"
  ],
  [
    "spriteFrame",
    "_textureSetter"
  ],
  [
    "cc.SpriteFrame",
    [
      "cc.BitmapFont",
      [
        "_name",
        "fontSize",
        "_fntConfig"
      ],
      0
    ]
  ],
  [
    [
      1,
      0,
      1,
      2,
      4
    ]
  ],
  [
    [
      [
        [
          0,
          "text-export",
          32,
          {
            "commonHeight": 46,
            "fontSize": 32,
            "atlasName": "text-export.png",
            "fontDefDictionary": {
              "9": {
                "xOffset": 0,
                "yOffset": 0,
                "xAdvance": 56,
                "rect": {
                  "x": 0,
                  "y": 0,
                  "width": 0,
                  "height": 0
                }
              },
              "32": {
                "xOffset": 0,
                "yOffset": 0,
                "xAdvance": 14,
                "rect": {
                  "x": 0,
                  "y": 0,
                  "width": 0,
                  "height": 0
                }
              },
              "46": {
                "xOffset": 0,
                "yOffset": 32,
                "xAdvance": 12,
                "rect": {
                  "x": 29,
                  "y": 88,
                  "width": 13,
                  "height": 13
                }
              },
              "48": {
                "xOffset": 0,
                "yOffset": 3,
                "xAdvance": 33,
                "rect": {
                  "x": 0,
                  "y": 0,
                  "width": 34,
                  "height": 43
                }
              },
              "49": {
                "xOffset": 0,
                "yOffset": 4,
                "xAdvance": 14,
                "rect": {
                  "x": 101,
                  "y": 85,
                  "width": 15,
                  "height": 41
                }
              },
              "50": {
                "xOffset": 0,
                "yOffset": 4,
                "xAdvance": 26,
                "rect": {
                  "x": 98,
                  "y": 0,
                  "width": 27,
                  "height": 41
                }
              },
              "51": {
                "xOffset": 0,
                "yOffset": 4,
                "xAdvance": 25,
                "rect": {
                  "x": 101,
                  "y": 42,
                  "width": 26,
                  "height": 42
                }
              },
              "52": {
                "xOffset": 0,
                "yOffset": 4,
                "xAdvance": 32,
                "rect": {
                  "x": 0,
                  "y": 44,
                  "width": 33,
                  "height": 41
                }
              },
              "53": {
                "xOffset": 0,
                "yOffset": 4,
                "xAdvance": 27,
                "rect": {
                  "x": 69,
                  "y": 0,
                  "width": 28,
                  "height": 42
                }
              },
              "54": {
                "xOffset": 0,
                "yOffset": 3,
                "xAdvance": 32,
                "rect": {
                  "x": 34,
                  "y": 44,
                  "width": 33,
                  "height": 43
                }
              },
              "55": {
                "xOffset": 0,
                "yOffset": 4,
                "xAdvance": 27,
                "rect": {
                  "x": 0,
                  "y": 86,
                  "width": 28,
                  "height": 41
                }
              },
              "56": {
                "xOffset": 0,
                "yOffset": 3,
                "xAdvance": 31,
                "rect": {
                  "x": 68,
                  "y": 44,
                  "width": 32,
                  "height": 43
                }
              },
              "57": {
                "xOffset": 0,
                "yOffset": 3,
                "xAdvance": 32,
                "rect": {
                  "x": 35,
                  "y": 0,
                  "width": 33,
                  "height": 43
                }
              }
            },
            "kerningDict": {}
          }
        ]
      ],
      0,
      0,
      [
        0
      ],
      [
        0
      ],
      [
        0
      ]
    ],
    [
      [
        {
          "name": "text-export",
          "rect": [
            0,
            0,
            127,
            127
          ],
          "offset": [
            -0.5,
            0.5
          ],
          "originalSize": [
            128,
            128
          ],
          "capInsets": [
            0,
            0,
            0,
            0
          ]
        }
      ],
      [
        0
      ],
      0,
      [
        0
      ],
      [
        1
      ],
      [
        1
      ]
    ]
  ]
]