[
  1,
  [
    "de0UcmcEBPqa9+5uhV+7HU",
    "3fw925q7lBCbU7RiwCgJds",
    "abHSuXyKZJ/peZgTuSAdn2",
    "994CmicCxOUreAPj7pyJK3",
    "42cPrxlppKnb2UnU27Kg57",
    "5dF4Qa9bdGZIllosTrk6z7",
    "5fsSaZoXRA/oZXLRS3XnlX",
    "56j09TU1VJyZbOxrHLelUI",
    "bezR5olPFEYo/BeK+5ak9v",
    "33eTFWSFZCE6Ms2rdQkmJ/",
    "fbzj2/1kFHT40tKEJeAiKw",
    "0f9sGRk+BMsYoz9H5LPJTL",
    "aeT4L59ztCN46xqlBdxnWo",
    "69yie0/MxGX4Ut5JPBW6mv",
    "7aTm4ViqxNIKrw9g0Adrs3",
    "a2zNpVdohFsJ29cbugPcr8",
    "29427Ub51HKYYQYUZeeWcR",
    "91THbI2+tBNbG67iflvuZu",
    "a6Lb97FrRLu59oSg4wXViC",
    "96db/9c8JDn5jK5lmfET4W",
    "d97z05N5BNlqa99il+/DIN"
  ],
  [
    "value"
  ],
  [
    [
      "cc.AnimationClip",
      [
        "_name",
        "_duration",
        "sample",
        "curveData"
      ],
      0,
      11
    ]
  ],
  [
    [
      0,
      0,
      1,
      2,
      3,
      4
    ]
  ],
  [
    [
      0,
      "TakeItem1",
      1.4,
      15,
      [
        {},
        "paths",
        11,
        [
          {
            "ps_aura_b_screen_00": {
              "props": {
                "opacity": [
                  {
                    "frame": 0,
                    "value": 0
                  },
                  {
                    "frame": 0.3333333333333333,
                    "value": 255
                  }
                ]
              }
            }
          },
          "ps_bg_a_normal_00",
          11,
          [
            {},
            "props",
            11,
            [
              {},
              "scale",
              12,
              [
                [
                  [
                    {
                      "frame": 0
                    },
                    "value",
                    8,
                    [
                      1,
                      0.3,
                      0.3,
                      1
                    ]
                  ],
                  [
                    {
                      "frame": 0.3333333333333333
                    },
                    "value",
                    8,
                    [
                      1,
                      1,
                      1,
                      1
                    ]
                  ]
                ],
                11,
                11
              ]
            ]
          ],
          "bgSquare",
          11,
          [
            {},
            "props",
            11,
            [
              {
                "opacity": [
                  {
                    "frame": 0,
                    "value": 0
                  },
                  {
                    "frame": 0.2,
                    "value": 255
                  }
                ]
              },
              "scale",
              12,
              [
                [
                  [
                    {
                      "frame": 0
                    },
                    "value",
                    8,
                    [
                      1,
                      1.1,
                      1.1,
                      1
                    ]
                  ],
                  [
                    {
                      "frame": 0.3333333333333333
                    },
                    "value",
                    8,
                    [
                      1,
                      1,
                      1,
                      1
                    ]
                  ]
                ],
                11,
                11
              ]
            ]
          ],
          "ps_particle_b_add_00",
          11,
          [
            {},
            "comps",
            11,
            [
              {},
              "cc.Sprite",
              11,
              [
                {},
                "spriteFrame",
                12,
                [
                  [
                    [
                      {
                        "frame": 0
                      },
                      "value",
                      6,
                      0
                    ],
                    [
                      {
                        "frame": 0.06666666666666667
                      },
                      "value",
                      6,
                      1
                    ],
                    [
                      {
                        "frame": 0.13333333333333333
                      },
                      "value",
                      6,
                      2
                    ],
                    [
                      {
                        "frame": 0.2
                      },
                      "value",
                      6,
                      3
                    ],
                    [
                      {
                        "frame": 0.26666666666666666
                      },
                      "value",
                      6,
                      4
                    ],
                    [
                      {
                        "frame": 0.3333333333333333
                      },
                      "value",
                      6,
                      5
                    ],
                    [
                      {
                        "frame": 0.4
                      },
                      "value",
                      6,
                      6
                    ],
                    [
                      {
                        "frame": 0.4666666666666667
                      },
                      "value",
                      6,
                      7
                    ],
                    [
                      {
                        "frame": 0.5333333333333333
                      },
                      "value",
                      6,
                      8
                    ],
                    [
                      {
                        "frame": 0.6
                      },
                      "value",
                      6,
                      9
                    ],
                    [
                      {
                        "frame": 0.6666666666666666
                      },
                      "value",
                      6,
                      10
                    ],
                    [
                      {
                        "frame": 0.7333333333333333
                      },
                      "value",
                      6,
                      11
                    ],
                    [
                      {
                        "frame": 0.8
                      },
                      "value",
                      6,
                      12
                    ],
                    [
                      {
                        "frame": 0.8666666666666667
                      },
                      "value",
                      6,
                      13
                    ],
                    [
                      {
                        "frame": 0.9333333333333333
                      },
                      "value",
                      6,
                      14
                    ],
                    [
                      {
                        "frame": 1
                      },
                      "value",
                      6,
                      15
                    ],
                    [
                      {
                        "frame": 1.0666666666666667
                      },
                      "value",
                      6,
                      16
                    ],
                    [
                      {
                        "frame": 1.1333333333333333
                      },
                      "value",
                      6,
                      17
                    ],
                    [
                      {
                        "frame": 1.2
                      },
                      "value",
                      6,
                      18
                    ],
                    [
                      {
                        "frame": 1.2666666666666666
                      },
                      "value",
                      6,
                      19
                    ],
                    [
                      {
                        "frame": 1.3333333333333333
                      },
                      "value",
                      6,
                      20
                    ]
                  ],
                  11,
                  11,
                  11,
                  11,
                  11,
                  11,
                  11,
                  11,
                  11,
                  11,
                  11,
                  11,
                  11,
                  11,
                  11,
                  11,
                  11,
                  11,
                  11,
                  11,
                  11
                ]
              ]
            ]
          ]
        ]
      ]
    ]
  ],
  0,
  0,
  [
    0,
    0,
    0,
    0,
    0,
    0,
    0,
    0,
    0,
    0,
    0,
    0,
    0,
    0,
    0,
    0,
    0,
    0,
    0,
    0,
    0
  ],
  [
    0,
    0,
    0,
    0,
    0,
    0,
    0,
    0,
    0,
    0,
    0,
    0,
    0,
    0,
    0,
    0,
    0,
    0,
    0,
    0,
    0
  ],
  [
    0,
    1,
    2,
    3,
    4,
    5,
    6,
    7,
    8,
    9,
    10,
    11,
    12,
    13,
    14,
    15,
    16,
    17,
    18,
    19,
    20
  ]
]