[
  1,
  [
    "c82tHu2lJPhIGr/ulxqsQn"
  ],
  [
    "_textureSetter"
  ],
  [
    "cc.SpriteFrame"
  ],
  0,
  [
    {
      "name": "1748972b-db72-41f2-8632-2fa4c92455a2",
      "rect": [
        2,
        0,
        178,
        189
      ],
      "offset": [
        1,
        0
      ],
      "originalSize": [
        180,
        189
      ],
      "capInsets": [
        0,
        0,
        0,
        0
      ]
    }
  ],
  [
    0
  ],
  0,
  [
    0
  ],
  [
    0
  ],
  [
    0
  ]
]