[
  1,
  [
    "84WePvW7dFPI9dXVzAoZ/I"
  ],
  0,
  [
    [
      "sp.SkeletonData",
      [
        "_name",
        "_atlasText",
        "textureNames",
        "_skeletonJson",
        "textures"
      ],
      -1,
      3
    ]
  ],
  [
    [
      0,
      0,
      1,
      2,
      3,
      4,
      5
    ]
  ],
  [
    [
      0,
      "skeleton",
      "\r\nskeleton.png\r\nsize: 106,83\r\nformat: RGBA8888\r\nfilter: Linear,Linear\r\nrepeat: none\r\naim\r\n  rotate: false\r\n  xy: 2, 2\r\n  size: 79, 79\r\n  orig: 79, 79\r\n  offset: 0, 0\r\n  index: -1\r\ntam\r\n  rotate: false\r\n  xy: 83, 44\r\n  size: 17, 17\r\n  orig: 17, 17\r\n  offset: 0, 0\r\n  index: -1\r\ntamgiac\r\n  rotate: true\r\n  xy: 83, 63\r\n  size: 18, 21\r\n  orig: 18, 21\r\n  offset: 0, 0\r\n  index: -1\r\n",
      [
        "skeleton.png"
      ],
      {
        "skeleton": {
          "hash": "XvCW1niSn6ybgG5uYiL+UoqwWXk",
          "spine": "3.7.94",
          "width": 85.15,
          "height": 86.09,
          "images": "./Image/",
          "audio": ""
        },
        "bones": [
          {
            "name": "root"
          },
          {
            "name": "Aim",
            "parent": "root",
            "scaleX": 0.67,
            "scaleY": 0.67
          },
          {
            "name": "Tam",
            "parent": "root"
          },
          {
            "name": "AllTamGiac",
            "parent": "Aim"
          },
          {
            "name": "TamGiac",
            "parent": "AllTamGiac",
            "x": 50.04
          },
          {
            "name": "TamGiac2",
            "parent": "AllTamGiac",
            "x": -50.04,
            "scaleX": -1
          },
          {
            "name": "TamGiac3",
            "parent": "AllTamGiac",
            "rotation": -90,
            "x": -0.6,
            "y": 50.75,
            "scaleX": -1,
            "scaleY": -1
          },
          {
            "name": "TamGiac4",
            "parent": "AllTamGiac",
            "rotation": -90,
            "x": -0.6,
            "y": -50.75
          }
        ],
        "slots": [
          {
            "name": "aim",
            "bone": "Aim",
            "attachment": "aim"
          },
          {
            "name": "tam",
            "bone": "Tam",
            "attachment": "tam"
          },
          {
            "name": "tamgiac",
            "bone": "TamGiac",
            "attachment": "tamgiac"
          },
          {
            "name": "tamgiac2",
            "bone": "TamGiac2",
            "attachment": "tamgiac"
          },
          {
            "name": "tamgiac3",
            "bone": "TamGiac3",
            "attachment": "tamgiac"
          },
          {
            "name": "tamgiac4",
            "bone": "TamGiac4",
            "attachment": "tamgiac"
          }
        ],
        "skins": {
          "default": {
            "aim": {
              "aim": {
                "width": 118,
                "height": 118
              }
            },
            "tam": {
              "tam": {
                "width": 26,
                "height": 26
              }
            },
            "tamgiac": {
              "tamgiac": {
                "width": 27,
                "height": 32
              }
            },
            "tamgiac2": {
              "tamgiac": {
                "width": 27,
                "height": 32
              }
            },
            "tamgiac3": {
              "tamgiac": {
                "width": 27,
                "height": 32
              }
            },
            "tamgiac4": {
              "tamgiac": {
                "width": 27,
                "height": 32
              }
            }
          }
        },
        "animations": {
          "aim": {
            "slots": {
              "aim": {
                "color": [
                  {
                    "time": 0,
                    "color": "ffffff00",
                    "curve": [
                      0.25,
                      0,
                      0.75,
                      1
                    ]
                  },
                  {
                    "time": 0.4695,
                    "color": "ffffffff"
                  }
                ]
              },
              "tamgiac": {
                "color": [
                  {
                    "time": 0.1304,
                    "color": "ffffff00",
                    "curve": "stepped"
                  },
                  {
                    "time": 0.4695,
                    "color": "ffffff00",
                    "curve": [
                      0.366,
                      0.63,
                      0.703,
                      1
                    ]
                  },
                  {
                    "time": 0.5101,
                    "color": "ffffffff"
                  }
                ],
                "attachment": [
                  {
                    "time": 0,
                    "name": null
                  },
                  {
                    "time": 0.1304,
                    "name": "tamgiac"
                  }
                ]
              },
              "tamgiac2": {
                "color": [
                  {
                    "time": 0.1304,
                    "color": "ffffff00",
                    "curve": "stepped"
                  },
                  {
                    "time": 0.4695,
                    "color": "ffffff00",
                    "curve": [
                      0.366,
                      0.63,
                      0.703,
                      1
                    ]
                  },
                  {
                    "time": 0.5101,
                    "color": "ffffffff"
                  }
                ],
                "attachment": [
                  {
                    "time": 0,
                    "name": null
                  },
                  {
                    "time": 0.1304,
                    "name": "tamgiac"
                  }
                ]
              },
              "tamgiac3": {
                "color": [
                  {
                    "time": 0.1304,
                    "color": "ffffff00",
                    "curve": "stepped"
                  },
                  {
                    "time": 0.4695,
                    "color": "ffffff00",
                    "curve": [
                      0.366,
                      0.63,
                      0.703,
                      1
                    ]
                  },
                  {
                    "time": 0.5101,
                    "color": "ffffffff"
                  }
                ],
                "attachment": [
                  {
                    "time": 0,
                    "name": null
                  },
                  {
                    "time": 0.1304,
                    "name": "tamgiac"
                  }
                ]
              },
              "tamgiac4": {
                "color": [
                  {
                    "time": 0.1304,
                    "color": "ffffff00",
                    "curve": "stepped"
                  },
                  {
                    "time": 0.4695,
                    "color": "ffffff00",
                    "curve": [
                      0.366,
                      0.63,
                      0.703,
                      1
                    ]
                  },
                  {
                    "time": 0.5101,
                    "color": "ffffffff"
                  }
                ],
                "attachment": [
                  {
                    "time": 0,
                    "name": null
                  },
                  {
                    "time": 0.1304,
                    "name": "tamgiac"
                  }
                ]
              }
            },
            "bones": {
              "Aim": {
                "rotate": [
                  {
                    "time": 0,
                    "angle": 0
                  },
                  {
                    "time": 0.4695,
                    "angle": 180
                  }
                ],
                "scale": [
                  {
                    "time": 0,
                    "x": 5.836,
                    "y": 5.836,
                    "curve": [
                      0.25,
                      0,
                      0.75,
                      1
                    ]
                  },
                  {
                    "time": 0.4695,
                    "x": 1,
                    "y": 1
                  }
                ]
              },
              "Tam": {
                "scale": [
                  {
                    "time": 0,
                    "x": 4.067,
                    "y": 4.067,
                    "curve": [
                      0.461,
                      0.01,
                      0.544,
                      1
                    ]
                  },
                  {
                    "time": 0.1826,
                    "x": 1,
                    "y": 1
                  }
                ]
              },
              "TamGiac": {
                "translate": [
                  {
                    "time": 0.1304,
                    "x": 0,
                    "y": 0
                  },
                  {
                    "time": 0.4695,
                    "x": 51.85,
                    "y": 0,
                    "curve": [
                      0.25,
                      0,
                      0.75,
                      1
                    ]
                  },
                  {
                    "time": 0.6,
                    "x": 0,
                    "y": 0
                  }
                ]
              },
              "TamGiac2": {
                "translate": [
                  {
                    "time": 0.1304,
                    "x": 0,
                    "y": 0
                  },
                  {
                    "time": 0.4695,
                    "x": -53.09,
                    "y": 0,
                    "curve": [
                      0.25,
                      0,
                      0.75,
                      1
                    ]
                  },
                  {
                    "time": 0.6,
                    "x": 0,
                    "y": 0
                  }
                ]
              },
              "TamGiac3": {
                "translate": [
                  {
                    "time": 0.1304,
                    "x": 0,
                    "y": 0
                  },
                  {
                    "time": 0.4695,
                    "x": 0,
                    "y": 53.09,
                    "curve": [
                      0.25,
                      0,
                      0.75,
                      1
                    ]
                  },
                  {
                    "time": 0.6,
                    "x": 0,
                    "y": 0
                  }
                ]
              },
              "TamGiac4": {
                "translate": [
                  {
                    "time": 0.1304,
                    "x": 0,
                    "y": 0
                  },
                  {
                    "time": 0.4695,
                    "x": 0,
                    "y": -56.64,
                    "curve": [
                      0.25,
                      0,
                      0.75,
                      1
                    ]
                  },
                  {
                    "time": 0.6,
                    "x": 0,
                    "y": 0
                  }
                ]
              }
            }
          },
          "normal": {}
        }
      },
      [
        0
      ]
    ]
  ],
  0,
  0,
  [
    0
  ],
  [
    -1
  ],
  [
    0
  ]
]