[1,["ecpdLyjvZBwrvm+cedCcQy","52PGQ8cClLU7MgoXtGsQMG","c33nKjywdG4J4DzVvP1pRB","c5DT3aQdlPWIhMaeeJJjr0","c6AXjgx1xLXp0KX97omkbS","7dWC8EFopAkJgDYNyHLse8","62Q5uSo+pCBbt7388RqfZq","aa826Y9RhFBpaYDMIjdYIl","f09lSrrRFGOJSc61NqQPTH","c8HErRx1RFF5QwlzrEGaWX","9asqPHLoJCMrZ2FkfejMvp","84XnOcPX5Jx6xl99CeaRY4","0b4ueFt4BEqLEHbS0DTqR8","34SU79CE1AAKukYvVUS0V1","bc5r8uGLxEtIAtAgc4taa9","8b0d7VB7dO+ILamWhEeJ+i","d2UbUj0pJGEJiKRCISJGrK","0eFb+lhCNAlJp8TOUtuJ4q","bdizTQJZ9Puo3kKhRCi2Ku","51owEBj7FH/r5Iml1ok4Xc","1011nBGaNLELpeCJSmqQ+x","edXcngFndMbK+TJPPXy444","3fzsMLgTBJdJK8oW3mXeND","51gRjge65O+6xQKjp1paKz","07R/9fCnhOKJjly4gI58JI"],["node","_spriteFrame","_defaultClip","_file","atlas","root","coinContainer","coinTemp","btnThuThap","label","data","_parent"],[["cc.Node",["_name","_active","_prefab","_contentSize","_components","_parent","_trs","_children","_anchorPoint","_eulerAngles"],1,4,5,9,1,7,2,5,5],["cc.Sprite",["_sizeMode","_isTrimmedMode","_dstBlendFactor","node","_materials","_spriteFrame"],0,1,3,6],["cc.PrefabInfo",["fileId","root","asset"],2,1,1],["ef6cdgak0JA7Klp9LwbTgyF",["tempReplaceAtlas","isPrefix","_string","_maxWidth","_maxWidthSpecialChar","_scale","listFS","node","atlas"],-4,1,6],["cc.AnimationClip",["_name","_duration","curveData"],1,11],["cc.Prefab",["_name"],2],["cc.Node",["_name","_parent","_children","_components","_prefab","_contentSize","_trs"],2,1,2,2,4,5,7],["cc.Animation",["playOnLoad","node","_clips","_defaultClip"],2,1,3,6],["36a3b+1Ui9MDKniVxZK9Wn1",["node","label","btnThuThap","coinTemp","coinContainer"],3,1,1,1,1,1],["cc.Button",["node","clickEvents"],3,1,9],["cc.ClickEvent",[],3],["cc.ParticleSystem",["_dstBlendFactor","_custom","totalParticles","angle","angleVar","startSize","startSizeVar","endSize","endSizeVar","_positionType","speed","tangentialAccel","node","_materials","_startColor","_startColorVar","_endColor","_endColorVar","posVar","_file","_spriteFrame"],-9,1,3,8,8,8,8,5,6,6]],[[2,0,1,2,2],[1,3,4,5,1],[7,0,1,2,3,2],[1,2,3,4,5,2],[0,0,5,4,2,3,6,9,2],[0,0,5,4,2,3,6,2],[0,0,5,7,4,2,3,6,2],[0,0,5,7,2,3,8,6,2],[0,0,5,4,2,3,8,2],[0,0,5,4,2,6,2],[11,0,1,2,3,4,5,6,7,8,9,10,11,12,13,14,15,16,17,18,19,20,13],[1,0,3,4,5,2],[4,0,1,2,3],[5,0,2],[0,0,7,4,2,3,2],[0,0,1,4,2,3,3],[0,0,5,7,2,3,6,2],[0,0,5,4,2,3,8,6,2],[6,0,1,2,3,4,5,6,2],[1,0,1,3,4,5,3],[1,2,1,3,4,5,3],[8,0,1,2,3,4,1],[2,1,2,1],[9,0,1,1],[10,1],[3,0,1,2,3,4,5,6,7,8,8],[3,0,1,2,3,4,5,6,7,8]],[[[[12,"EndFreeSpin",6.666666666666667,[{"props":{"opacity":[{"frame":0,"value":0},{"frame":0.16666666666666666,"value":255}]}},"paths",11,[{"tw_vfx_c_normal_character":{"props":{"angle":[{"frame":0,"value":5},{"frame":0.16666666666666666,"value":0}]}},"bw_vfx_b_screen_03":{"props":{"opacity":[{"frame":0,"value":0},{"frame":0.16666666666666666,"value":255},{"frame":0.25,"value":0}]}},"tw_vfx_d_normal":{"props":{"scale":[],"position":[{"frame":0,"value":[0,-441.584991,0]},{"frame":0.16666666666666666,"value":[0,-268.583008,0]}]}}},"tw_vfx_h_screen",11,[{},"props",11,[{"angle":[{"frame":0,"value":0},{"frame":0.16666666666666666,"value":0},{"frame":6.666666666666667,"value":-120}]},"scale",12,[[[{"frame":0},"value",8,[1,0,0,1]],[{"frame":0.16666666666666666},"value",8,[1,2,2,1]]],11,11]]]]]]],0,0,[],[],[]],[[[13,"EndFreeSpin"],[14,"EndFreeSpin",[-9,-10,-11,-12,-13,-14,-15,-16,-17,-18,-19,-20,-21,-22],[[11,0,-2,[62],63],[2,true,-3,[65],64],[21,-8,-7,-6,-5,-4]],[22,-1,0],[5,720,1559.61]],[6,"tw_vfx_d_normal",1,[-24,-25,-26,-27,-28,-29],[[11,0,-23,[37],38]],[0,"f9GvS/zZJNspNYJKHqfkif",1,0],[5,719.283,819.376],[0,-311.614,0,0,0,0,1,1,1,1]],[6,"btnSkip",1,[-32],[[1,-30,[60],61],[23,-31,[[24]]]],[0,"eevA4419hC2L84xZtYhCNT",1,0],[5,396,127],[0,-515.111,0,0,0,0,1,1,1,1]],[6,"lbTotalFreeSpin",1,[-34,-35],[[25,"mul_",true,"10",50,0,1.4,[null,null,null,null,null,null,null,null,null,null,null,null],-33,12]],[0,"c5v2dF5HtEk5x71xMbUJef",1,0],[5,100,0],[-223.55,392.668,0,0,0,0,1,0.7,0.7,1]],[15,"Coin_00",false,[[19,2,false,-36,[39],40],[2,true,-37,[42],41]],[0,"7ajLUKNNhBrIIXJxVo7pUm",1,0],[5,90,90]],[4,"fspin_vfx_d_screen_00",2,[[3,1,-38,[13],14],[2,true,-39,[16],15]],[0,"55lJ/7QSVMcoG+P6aGGSWd",1,0],[5,150,273],[-334.66,300.373,0,0,0,0.1993679344171972,0.9799247046208296,0.8,0.8,1],[1,0,0,23]],[4,"fspin_vfx_d_screen_01",2,[[3,1,-40,[17],18],[2,true,-41,[20],19]],[0,"edipFkRUJGJqCYhUsBV7qR",1,0],[5,150,273],[-371.586,284.699,0,0,0,0.1993679344171972,0.9799247046208296,0.8,0.8,1],[1,0,0,23]],[4,"fspin_vfx_d_screen_04",2,[[3,1,-42,[21],22],[2,true,-43,[24],23]],[0,"53/zR64hVIW4BKXENw6/Aq",1,0],[5,150,273],[-351.497,293.226,0,0,0,0.1993679344171972,0.9799247046208296,0.8,0.8,1],[1,0,0,23]],[4,"fspin_vfx_d_screen_02",2,[[3,1,-44,[25],26],[2,true,-45,[28],27]],[0,"64QCyQgGdIMaj9uwM8HobT",1,0],[5,150,273],[328.275,335.268,0,0,0,-0.1993679344171972,0.9799247046208296,0.8,0.8,1],[1,0,0,-23]],[4,"fspin_vfx_d_screen_03",2,[[3,1,-46,[29],30],[2,true,-47,[32],31]],[0,"f179fLtXxF1ZU234o0Os1z",1,0],[5,150,273],[368.134,318.349,0,0,0,-0.1993679344171972,0.9799247046208296,0.8,0.8,1],[1,0,0,-23]],[4,"fspin_vfx_d_screen_05",2,[[3,1,-48,[33],34],[2,true,-49,[36],35]],[0,"a3Qi8mItRLTZVI/mGHGd/O",1,0],[5,150,273],[346.494,327.535,0,0,0,-0.1993679344171972,0.9799247046208296,0.8,0.8,1],[1,0,0,-23]],[16,"CoinContainer",1,[5],[0,"f0ysplfndMipgedw6A9ds0",1,0],[5,100,100],[-7.072,73.074,0,0,0,0,1,1,1,1]],[18,"lbTotalWin",1,[-51],[-50],[0,"8f4tOeSKFBCoNvevgXcUNV",1,0],[5,110,0],[0,0,0,0,0,0,1,0.7,0.7,1]],[17,"tw_vfx_c_normal_character",1,[[1,-52,[0],1]],[0,"966pJgqI9M0LGvKePJGNy+",1,0],[5,756,1638],[0,0.5,0],[0,-868.68,0,0,0,0,1,1,1,1]],[5,"tw_vfx_m_normal",1,[[1,-53,[2],3]],[0,"e7wgA3sHVGKIP4FXUYGgpA",1,0],[5,564,843],[0,207.076,0,0,0,0,1,1,1,1]],[5,"tw_fs",1,[[1,-54,[4],5]],[0,"74GhRDKwtGw4iyuiCFsSKx",1,0],[5,434,84],[37.105,414.489,0,0,0,0,1,1,1,1]],[5,"bw_vfx_b_screen_03",1,[[3,1,-55,[6],7]],[0,"b1xqc0ASBMx57sRZDkiD78",1,0],[5,378,819],[-24.784,-46.911,0,0,0,0,1,3,3,1]],[7,"1",4,[-56],[0,"c5R1S14NZIIaW+ZWQ/ts7i",1,0],[5,50,0],[0,0.5,0],[-25,-10,0,0,0,0,1,1.4,1.4,1.4]],[8,"New Node",18,[[1,-57,[8],9]],[0,"3aoKyaY6tNnrc0ez7gVn2J",1,0],[5,53,78],[0,0.5,0]],[7,"0",4,[-58],[0,"9aLH6k6vlBu6UXF/TwZIX8",1,0],[5,50,0],[0,0.5,0],[25,-10,0,0,0,0,1,1.4,1.4,1.4]],[8,"New Node",20,[[1,-59,[10],11]],[0,"b2C2uPcZtJcLzJw/R7HNU5",1,0],[5,61,79],[0,0.5,0]],[5,"tw_vfx_h_screen",1,[[20,1,false,-60,[43],44]],[0,"f1v0q0NrJM4opHoG44syD8",1,0],[5,378,372],[-18.35,86.764,0,0,0,0,1,2,2,1]],[5,"tw",1,[[1,-61,[45],46]],[0,"a4Xx8jfLFK8KSQhULkZ36b",1,0],[5,615,226],[0,278.938,0,0,0,0,1,1,1,1]],[7,"0",13,[-62],[0,"ad56M1A3xM3owjy2w7R21o",1,0],[5,110,0],[0,0.5,0],[0,-10,0,0,0,0,1,1.2,1.2,1.2]],[8,"New Node",24,[[1,-63,[47],48]],[0,"eevsuFsw5PkrLMFrbaz1iK",1,0],[5,135,179],[0,0.5,0]],[26,"red_",true,"0",110,60,1.2,[null,null,null,null,null,null,null,null,null,null,null,null],13],[9,"PaticleLightBlue",1,[[10,1,true,20,0,0,100,100,100,100,2,-10,0,-64,[49],[4,4294967295],[4,4294967295],[4,4294967295],[4,4294967295],[0,1000,100],50,51]],[0,"ccOSK6K8hFv7FmQzxSQwmO",1,0],[-7.145,425.665,0,0,0,0,1,1,1,1]],[9,"PaticleLightRed",1,[[10,1,true,20,0,0,100,100,100,100,2,-10,0,-65,[52],[4,4294967295],[4,4294967295],[4,4294967295],[4,4294967295],[0,1000,100],53,54]],[0,"2d4CzDVPVILrnfB1oUoQ/4",1,0],[-7.145,-215.551,0,0,0,0,1,1,1,1]],[9,"PaticleLightPurple",1,[[10,1,true,20,0,0,100,100,100,100,2,-10,0,-66,[55],[4,4294967295],[4,4294967295],[4,4294967295],[4,4294967295],[0,1000,100],56,57]],[0,"86f2YQyilJlp6AxP9sXINk",1,0],[-7.145,56.232,0,0,0,0,1,1,1,1]],[5,"collect",3,[[1,-67,[58],59]],[0,"53+u2+5ilOtJgJ1vW9484m",1,0],[5,261,92],[-2.439,-4.359,0,0,0,0,1,1,1,1]]],0,[0,5,1,0,0,1,0,0,1,0,6,12,0,7,5,0,8,3,0,9,26,0,0,1,0,-1,14,0,-2,15,0,-3,16,0,-4,17,0,-5,4,0,-6,2,0,-7,12,0,-8,22,0,-9,23,0,-10,13,0,-11,27,0,-12,28,0,-13,29,0,-14,3,0,0,2,0,-1,6,0,-2,7,0,-3,8,0,-4,9,0,-5,10,0,-6,11,0,0,3,0,0,3,0,-1,30,0,0,4,0,-1,18,0,-2,20,0,0,5,0,0,5,0,0,6,0,0,6,0,0,7,0,0,7,0,0,8,0,0,8,0,0,9,0,0,9,0,0,10,0,0,10,0,0,11,0,0,11,0,-1,26,0,-1,24,0,0,14,0,0,15,0,0,16,0,0,17,0,-1,19,0,0,19,0,-1,21,0,0,21,0,0,22,0,0,23,0,-1,25,0,0,25,0,0,27,0,0,28,0,0,29,0,0,30,0,10,1,5,11,12,67],[0,0,0,0,0,0,0,0,0,0,0,0,0,0,0,0,0,0,0,0,0,0,0,0,0,0,0,0,0,0,0,0,0,0,0,0,0,0,0,0,0,0,0,0,0,0,0,0,0,0,0,0,0,0,0,0,0,0,0,0,0,0,0,0,0,0,26],[-1,1,-1,1,-1,1,-1,1,-1,1,-1,1,4,-1,1,2,-1,-1,1,2,-1,-1,1,2,-1,-1,1,2,-1,-1,1,2,-1,-1,1,2,-1,-1,1,-1,1,2,-1,-1,1,-1,1,-1,1,-1,3,1,-1,3,1,-1,3,1,-1,1,-1,1,-1,1,2,-1,4],[0,6,0,7,0,8,0,9,0,10,0,11,12,0,2,1,1,0,2,1,1,0,2,1,1,0,2,1,1,0,2,1,1,0,2,1,1,0,13,0,14,4,4,0,15,0,16,0,17,0,3,18,0,3,19,0,3,20,0,21,0,22,0,23,5,5,24]]]]