[1,["e21qjmmEVObah8Xmh00Vhs"],["_textureSetter"],["cc.SpriteFrame"],0,[[[{"name":"fs_particle_13","rect":[1,1117,122,376],"offset":[0,0],"originalSize":[122,376],"rotated":1,"capInsets":[0,0,0,0]}],[0],0,[0],[0],[0]],[[{"name":"fs_particle_16","rect":[1,1493,124,376],"offset":[0,0],"originalSize":[124,376],"rotated":1,"capInsets":[0,0,0,0]}],[0],0,[0],[0],[0]],[[{"name":"fs_particle_02","rect":[1,249,122,376],"offset":[0,0],"originalSize":[122,376],"rotated":1,"capInsets":[0,0,0,0]}],[0],0,[0],[0],[0]],[[{"name":"fs_particle_10","rect":[1,745,122,376],"offset":[0,0],"originalSize":[122,376],"rotated":1,"capInsets":[0,0,0,0]}],[0],0,[0],[0],[0]],[[{"name":"fs_particle_01","rect":[1,125,122,376],"offset":[0,0],"originalSize":[122,376],"rotated":1,"capInsets":[0,0,0,0]}],[0],0,[0],[0],[0]],[[{"name":"fs_particle_14","rect":[1,1241,124,376],"offset":[0,0],"originalSize":[124,376],"rotated":1,"capInsets":[0,0,0,0]}],[0],0,[0],[0],[0]],[[{"name":"fs_particle_07","rect":[379,757,128,376],"offset":[0,0],"originalSize":[128,376],"capInsets":[0,0,0,0]}],[0],0,[0],[0],[0]],[[{"name":"fs_particle_06","rect":[379,379,128,376],"offset":[0,0],"originalSize":[128,376],"capInsets":[0,0,0,0]}],[0],0,[0],[0],[0]],[[{"name":"fs_particle_09","rect":[1,621,122,376],"offset":[0,0],"originalSize":[122,376],"rotated":1,"capInsets":[0,0,0,0]}],[0],0,[0],[0],[0]],[[{"name":"fs_particle_12","rect":[1,993,122,376],"offset":[0,0],"originalSize":[122,376],"rotated":1,"capInsets":[0,0,0,0]}],[0],0,[0],[0],[0]],[[{"name":"fs_particle_11","rect":[1,869,122,376],"offset":[0,0],"originalSize":[122,376],"rotated":1,"capInsets":[0,0,0,0]}],[0],0,[0],[0],[0]],[[{"name":"fs_particle_15","rect":[1,1367,124,376],"offset":[0,0],"originalSize":[124,376],"rotated":1,"capInsets":[0,0,0,0]}],[0],0,[0],[0],[0]],[[{"name":"fs_particle_04","rect":[1,373,122,376],"offset":[0,0],"originalSize":[122,376],"rotated":1,"capInsets":[0,0,0,0]}],[0],0,[0],[0],[0]],[[{"name":"fs_particle_05","rect":[1,497,122,376],"offset":[0,0],"originalSize":[122,376],"rotated":1,"capInsets":[0,0,0,0]}],[0],0,[0],[0],[0]],[[{"name":"fs_particle_03","rect":[379,1,122,376],"offset":[0,0],"originalSize":[122,376],"capInsets":[0,0,0,0]}],[0],0,[0],[0],[0]],[[{"name":"fs_particle_00","rect":[1,1,122,376],"offset":[0,0],"originalSize":[122,376],"rotated":1,"capInsets":[0,0,0,0]}],[0],0,[0],[0],[0]],[[{"name":"fs_particle_08","rect":[379,1135,128,376],"offset":[0,0],"originalSize":[128,376],"capInsets":[0,0,0,0]}],[0],0,[0],[0],[0]]]]