[1,["f9bCA0ppJGTKPsm2adAVSo"],["_textureSetter"],["cc.SpriteFrame"],0,[[[{"name":"sb_button","rect":[1,195,190,190],"offset":[0,-16],"originalSize":[380,412],"capInsets":[0,0,0,0]}],[0],0,[0],[0],[0]],[[{"name":"spin_button_vfx_b","rect":[1,1,192,192],"offset":[0,0],"originalSize":[192,192],"capInsets":[0,0,0,0]}],[0],0,[0],[0],[0]],[[{"name":"sb_auto","rect":[1,387,184,184],"offset":[0,-14],"originalSize":[368,396],"capInsets":[0,0,0,0]}],[0],0,[0],[0],[0]],[[{"name":"sb_arrow","rect":[1,685,116,108],"offset":[0,-1],"originalSize":[232,218],"capInsets":[0,0,0,0]}],[0],0,[0],[0],[0]],[[{"name":"sb_arrow_blur","rect":[1,573,116,110],"offset":[0,0],"originalSize":[232,220],"capInsets":[0,0,0,0]}],[0],0,[0],[0],[0]]]]