[
  1,
  [
    "322FQlXJdPhpgfACtvBVdw",
    "c7pIq0xABLMqcpcMqHCK5w",
    "1aYBXkneJMto3WlFcMg7k4",
    "5e1j7wXNFIRL77ut7mXbsa",
    "7fvB+CnkBBNLE8fZcj7rVd",
    "07iQAvqMZHTp7RuPCM6CdY",
    "36wio2z5VG2JperowCM5dm",
    "98iU4OvpFKF62fMnEmaHZC",
    "7dUwzVaDVBBrbtW1GhENvv",
    "18JFm/RHlB0YxZKNieTjT3",
    "dbOZoDAdZEQKkbf6LTepHh",
    "6eIXD/aMNK/rUhyXpBUdl3",
    "faRx8zMPpHP5sYfzQqX8aF",
    "50E687SYBFp5+C78UtPVKb",
    "92UAhxk3BKx6wW9uXo1MQ0",
    "c7YlYgI3JO7ppKtyDgEUhC",
    "b79wO5d9VN2ZPKuXFVFqub",
    "d5habbx75BWpIiRXYdx0UH",
    "1c2+ZZg9ZKirKqcc5fqNOI",
    "66dZX7n1hMLYesUAvidEte",
    "5cOz36OJFNwZxFyLefTdVf",
    "54hIl0t5hF071kB56J9wur",
    "82ek2ZZnlLmIjVs3NhDWjz",
    "71KwtGx2hF5pdogVSRvDjj"
  ],
  [
    "value"
  ],
  [
    [
      "cc.AnimationClip",
      [
        "_name",
        "_duration",
        "sample",
        "wrapMode",
        "curveData"
      ],
      -1,
      11
    ]
  ],
  [
    [
      0,
      0,
      1,
      2,
      3,
      4,
      5
    ]
  ],
  [
    [
      0,
      "ActiLubo",
      1.6,
      15,
      2,
      [
        {},
        "comps",
        11,
        [
          {},
          "cc.Sprite",
          11,
          [
            {},
            "spriteFrame",
            12,
            [
              [
                [
                  {
                    "frame": 0
                  },
                  "value",
                  6,
                  0
                ],
                [
                  {
                    "frame": 0.06666666666666667
                  },
                  "value",
                  6,
                  1
                ],
                [
                  {
                    "frame": 0.13333333333333333
                  },
                  "value",
                  6,
                  2
                ],
                [
                  {
                    "frame": 0.2
                  },
                  "value",
                  6,
                  3
                ],
                [
                  {
                    "frame": 0.26666666666666666
                  },
                  "value",
                  6,
                  4
                ],
                [
                  {
                    "frame": 0.3333333333333333
                  },
                  "value",
                  6,
                  5
                ],
                [
                  {
                    "frame": 0.4
                  },
                  "value",
                  6,
                  6
                ],
                [
                  {
                    "frame": 0.4666666666666667
                  },
                  "value",
                  6,
                  7
                ],
                [
                  {
                    "frame": 0.5333333333333333
                  },
                  "value",
                  6,
                  8
                ],
                [
                  {
                    "frame": 0.6
                  },
                  "value",
                  6,
                  9
                ],
                [
                  {
                    "frame": 0.6666666666666666
                  },
                  "value",
                  6,
                  10
                ],
                [
                  {
                    "frame": 0.7333333333333333
                  },
                  "value",
                  6,
                  11
                ],
                [
                  {
                    "frame": 0.8
                  },
                  "value",
                  6,
                  12
                ],
                [
                  {
                    "frame": 0.8666666666666667
                  },
                  "value",
                  6,
                  13
                ],
                [
                  {
                    "frame": 0.9333333333333333
                  },
                  "value",
                  6,
                  14
                ],
                [
                  {
                    "frame": 1
                  },
                  "value",
                  6,
                  15
                ],
                [
                  {
                    "frame": 1.0666666666666667
                  },
                  "value",
                  6,
                  16
                ],
                [
                  {
                    "frame": 1.1333333333333333
                  },
                  "value",
                  6,
                  17
                ],
                [
                  {
                    "frame": 1.2
                  },
                  "value",
                  6,
                  18
                ],
                [
                  {
                    "frame": 1.2666666666666666
                  },
                  "value",
                  6,
                  19
                ],
                [
                  {
                    "frame": 1.3333333333333333
                  },
                  "value",
                  6,
                  20
                ],
                [
                  {
                    "frame": 1.4
                  },
                  "value",
                  6,
                  21
                ],
                [
                  {
                    "frame": 1.4666666666666666
                  },
                  "value",
                  6,
                  22
                ],
                [
                  {
                    "frame": 1.5333333333333334
                  },
                  "value",
                  6,
                  23
                ]
              ],
              11,
              11,
              11,
              11,
              11,
              11,
              11,
              11,
              11,
              11,
              11,
              11,
              11,
              11,
              11,
              11,
              11,
              11,
              11,
              11,
              11,
              11,
              11,
              11
            ]
          ]
        ]
      ]
    ]
  ],
  0,
  0,
  [
    0,
    0,
    0,
    0,
    0,
    0,
    0,
    0,
    0,
    0,
    0,
    0,
    0,
    0,
    0,
    0,
    0,
    0,
    0,
    0,
    0,
    0,
    0,
    0
  ],
  [
    0,
    0,
    0,
    0,
    0,
    0,
    0,
    0,
    0,
    0,
    0,
    0,
    0,
    0,
    0,
    0,
    0,
    0,
    0,
    0,
    0,
    0,
    0,
    0
  ],
  [
    0,
    1,
    2,
    3,
    4,
    5,
    6,
    7,
    8,
    9,
    10,
    11,
    12,
    13,
    14,
    15,
    16,
    17,
    18,
    19,
    20,
    21,
    22,
    23
  ]
]