[
  1,
  [
    "9afD6OXq1DXqLp91Pky7X6",
    "23rdBYCqpKw5XcyX5SnZT+",
    "39ZnOj9utDQ6Y1VG1bZ1tM",
    "04bhlfhotE2rSME0IhpkC8",
    "e33MhimeZMEJ00JsoW+/zC",
    "7etyRqhK5BIYpUdBk1YfeD",
    "65TcBXsaBB47XTWRNfy92o",
    "6errpyECNCwakgdQ11d/tm",
    "07YE5qsNBFdYISDXu0f2hB",
    "43BemiRDtMU6qlox4KnZ7h",
    "a4xfswErlP5oRpoWp19Qsj",
    "c4aIbJhLBHvJvKzBKfwyLL",
    "d4z40vBdNEwbGsqg6kqliZ",
    "67Qse+KJlENacheXtsVoyu",
    "87XnULTL1OAKHClQUhWwxE",
    "18AAJI7mRC16O4Cg15wZ9m",
    "2cZF+qBkRElZ7tjJpSd4yn",
    "38exaBJStMSY8ZNjmgyuna"
  ],
  [
    "_textureSetter",
    "icon_history",
    "ic_nav_spin_turbo_off",
    "ic_nav_return",
    "icon_paytable",
    "ic_nav_medium_sound_off",
    "ic_nav_medium_sound_on",
    "setting_info_footer_bg",
    "ic_nav_free_game_small",
    "ic_nav_bonus_wallet_small",
    "ic_nav_wallet_small",
    "ic_wallet_new",
    "icon_auto_spin_menu",
    "ic_nav_spin_turbo_on",
    "menu_close_button",
    "icon_more_menu",
    "icon_rule_book",
    "icon_bet"
  ],
  [
    "cc.SpriteFrame",
    [
      "cc.SpriteAtlas",
      [
        "_name",
        "_spriteFrames"
      ],
      2,
      11
    ]
  ],
  [
    [
      1,
      0,
      1,
      2
    ]
  ],
  [
    [
      [
        {
          "name": "ic_nav_free_game_small",
          "rect": [
            203,
            675,
            38,
            38
          ],
          "offset": [
            0,
            0
          ],
          "originalSize": [
            48,
            48
          ],
          "capInsets": [
            0,
            0,
            0,
            0
          ]
        }
      ],
      [
        0
      ],
      0,
      [
        0
      ],
      [
        0
      ],
      [
        0
      ]
    ],
    [
      [
        [
          0,
          "Alats1.plist",
          [
            {},
            "icon_history",
            6,
            0,
            "ic_nav_spin_turbo_off",
            6,
            1,
            "ic_nav_return",
            6,
            2,
            "icon_paytable",
            6,
            3,
            "ic_nav_medium_sound_off",
            6,
            4,
            "ic_nav_medium_sound_on",
            6,
            5,
            "setting_info_footer_bg",
            6,
            6,
            "ic_nav_free_game_small",
            6,
            7,
            "ic_nav_bonus_wallet_small",
            6,
            8,
            "ic_nav_wallet_small",
            6,
            9,
            "ic_wallet_new",
            6,
            10,
            "icon_auto_spin_menu",
            6,
            11,
            "ic_nav_spin_turbo_on",
            6,
            12,
            "menu_close_button",
            6,
            13,
            "icon_more_menu",
            6,
            14,
            "icon_rule_book",
            6,
            15,
            "icon_bet",
            6,
            16
          ]
        ]
      ],
      0,
      0,
      [
        0,
        0,
        0,
        0,
        0,
        0,
        0,
        0,
        0,
        0,
        0,
        0,
        0,
        0,
        0,
        0,
        0
      ],
      [
        1,
        2,
        3,
        4,
        5,
        6,
        7,
        8,
        9,
        10,
        11,
        12,
        13,
        14,
        15,
        16,
        17
      ],
      [
        1,
        2,
        3,
        4,
        5,
        6,
        7,
        8,
        9,
        10,
        11,
        12,
        13,
        14,
        15,
        16,
        17
      ]
    ],
    [
      [
        {
          "name": "ic_nav_spin_turbo_off",
          "rect": [
            1,
            347,
            80,
            80
          ],
          "offset": [
            0,
            0
          ],
          "originalSize": [
            108,
            108
          ],
          "capInsets": [
            0,
            0,
            0,
            0
          ]
        }
      ],
      [
        0
      ],
      0,
      [
        0
      ],
      [
        0
      ],
      [
        0
      ]
    ],
    [
      [
        {
          "name": "setting_info_footer_bg",
          "rect": [
            1,
            1,
            3,
            305
          ],
          "offset": [
            0,
            0
          ],
          "originalSize": [
            3,
            305
          ],
          "capInsets": [
            0,
            0,
            0,
            0
          ]
        }
      ],
      [
        0
      ],
      0,
      [
        0
      ],
      [
        0
      ],
      [
        0
      ]
    ],
    [
      [
        {
          "name": "ic_wallet_new",
          "rect": [
            217,
            515,
            28,
            23
          ],
          "offset": [
            0,
            0
          ],
          "originalSize": [
            28,
            23
          ],
          "capInsets": [
            0,
            0,
            0,
            0
          ]
        }
      ],
      [
        0
      ],
      0,
      [
        0
      ],
      [
        0
      ],
      [
        0
      ]
    ]
  ]
]