[
  1,
  [
    "a65W+4ns5Ha71KC4y5s98k"
  ],
  [
    "_textureSetter"
  ],
  [
    "cc.SpriteFrame"
  ],
  0,
  [
    [
      [
        {
          "name": "bw_vfx_c_add_06",
          "rect": [
            1,
            1085,
            532,
            532
          ],
          "offset": [
            -3,
            12
          ],
          "originalSize": [
            538,
            650
          ],
          "capInsets": [
            0,
            0,
            0,
            0
          ]
        }
      ],
      [
        0
      ],
      0,
      [
        0
      ],
      [
        0
      ],
      [
        0
      ]
    ],
    [
      [
        {
          "name": "bw_vfx_c_add_03",
          "rect": [
            1,
            545,
            538,
            530
          ],
          "offset": [
            0,
            18
          ],
          "originalSize": [
            538,
            650
          ],
          "rotated": 1,
          "capInsets": [
            0,
            0,
            0,
            0
          ]
        }
      ],
      [
        0
      ],
      0,
      [
        0
      ],
      [
        0
      ],
      [
        0
      ]
    ],
    [
      [
        {
          "name": "bw_vfx_c_add_04",
          "rect": [
            535,
            1079,
            526,
            534
          ],
          "offset": [
            -6,
            16
          ],
          "originalSize": [
            538,
            650
          ],
          "capInsets": [
            0,
            0,
            0,
            0
          ]
        }
      ],
      [
        0
      ],
      0,
      [
        0
      ],
      [
        0
      ],
      [
        0
      ]
    ],
    [
      [
        {
          "name": "bw_vfx_c_add_11",
          "rect": [
            531,
            1,
            526,
            540
          ],
          "offset": [
            6,
            15
          ],
          "originalSize": [
            538,
            650
          ],
          "capInsets": [
            0,
            0,
            0,
            0
          ]
        }
      ],
      [
        0
      ],
      0,
      [
        0
      ],
      [
        0
      ],
      [
        0
      ]
    ],
    [
      [
        {
          "name": "bw_vfx_c_add_02",
          "rect": [
            1065,
            535,
            538,
            520
          ],
          "offset": [
            0,
            22
          ],
          "originalSize": [
            538,
            650
          ],
          "rotated": 1,
          "capInsets": [
            0,
            0,
            0,
            0
          ]
        }
      ],
      [
        0
      ],
      0,
      [
        0
      ],
      [
        0
      ],
      [
        0
      ]
    ],
    [
      [
        {
          "name": "bw_vfx_c_add_10",
          "rect": [
            1059,
            1,
            532,
            530
          ],
          "offset": [
            3,
            8
          ],
          "originalSize": [
            538,
            650
          ],
          "rotated": 1,
          "capInsets": [
            0,
            0,
            0,
            0
          ]
        }
      ],
      [
        0
      ],
      0,
      [
        0
      ],
      [
        0
      ],
      [
        0
      ]
    ],
    [
      [
        {
          "name": "bw_vfx_c_add_09",
          "rect": [
            1063,
            1079,
            538,
            522
          ],
          "offset": [
            0,
            5
          ],
          "originalSize": [
            538,
            650
          ],
          "rotated": 1,
          "capInsets": [
            0,
            0,
            0,
            0
          ]
        }
      ],
      [
        0
      ],
      0,
      [
        0
      ],
      [
        0
      ],
      [
        0
      ]
    ],
    [
      [
        {
          "name": "bw_vfx_c_add_05",
          "rect": [
            533,
            543,
            530,
            534
          ],
          "offset": [
            -4,
            15
          ],
          "originalSize": [
            538,
            650
          ],
          "capInsets": [
            0,
            0,
            0,
            0
          ]
        }
      ],
      [
        0
      ],
      0,
      [
        0
      ],
      [
        0
      ],
      [
        0
      ]
    ],
    [
      [
        {
          "name": "bw_vfx_c_add_12",
          "rect": [
            1,
            1,
            528,
            542
          ],
          "offset": [
            5,
            19
          ],
          "originalSize": [
            538,
            650
          ],
          "capInsets": [
            0,
            0,
            0,
            0
          ]
        }
      ],
      [
        0
      ],
      0,
      [
        0
      ],
      [
        0
      ],
      [
        0
      ]
    ]
  ]
]