[
  1,
  [
    "6dL4OJK0RAUZak9d/MHp55"
  ],
  [
    "_textureSetter"
  ],
  [
    "cc.SpriteFrame"
  ],
  0,
  [
    [
      [
        {
          "name": "bl_moon",
          "rect": [
            1,
            262,
            216,
            216
          ],
          "offset": [
            0,
            0
          ],
          "originalSize": [
            218,
            218
          ],
          "capInsets": [
            0,
            0,
            0,
            0
          ]
        }
      ],
      [
        0
      ],
      0,
      [
        0
      ],
      [
        0
      ],
      [
        0
      ]
    ],
    [
      [
        {
          "name": "bl_sun",
          "rect": [
            219,
            262,
            216,
            216
          ],
          "offset": [
            0,
            0
          ],
          "originalSize": [
            218,
            218
          ],
          "capInsets": [
            0,
            0,
            0,
            0
          ]
        }
      ],
      [
        0
      ],
      0,
      [
        0
      ],
      [
        0
      ],
      [
        0
      ]
    ]
  ]
]