[
  1,
  [
    "12J+cclrxGUIZg97j9sLdE"
  ],
  0,
  [
    [
      "sp.SkeletonData",
      [
        "_name",
        "_atlasText",
        "textureNames",
        "_skeletonJson",
        "textures"
      ],
      -1,
      3
    ]
  ],
  [
    [
      0,
      0,
      1,
      2,
      3,
      4,
      5
    ]
  ],
  [
    [
      0,
      "Explosion",
      "\r\nExplosion.png\r\nsize: 458,554\r\nformat: RGBA8888\r\nfilter: Linear,Linear\r\nrepeat: none\r\nExplosion 01\r\n  rotate: false\r\n  xy: 344, 118\r\n  size: 92, 92\r\n  orig: 92, 92\r\n  offset: 0, 0\r\n  index: -1\r\nExplosion 03\r\n  rotate: false\r\n  xy: 98, 4\r\n  size: 92, 92\r\n  orig: 92, 92\r\n  offset: 0, 0\r\n  index: -1\r\nExplosion 05\r\n  rotate: false\r\n  xy: 2, 2\r\n  size: 94, 94\r\n  orig: 94, 94\r\n  offset: 0, 0\r\n  index: -1\r\nExplosion 07\r\n  rotate: false\r\n  xy: 2, 440\r\n  size: 112, 112\r\n  orig: 112, 112\r\n  offset: 0, 0\r\n  index: -1\r\nExplosion 09\r\n  rotate: false\r\n  xy: 2, 326\r\n  size: 112, 112\r\n  orig: 112, 112\r\n  offset: 0, 0\r\n  index: -1\r\nExplosion 11\r\n  rotate: false\r\n  xy: 116, 440\r\n  size: 112, 112\r\n  orig: 112, 112\r\n  offset: 0, 0\r\n  index: -1\r\nExplosion 13\r\n  rotate: false\r\n  xy: 2, 212\r\n  size: 112, 112\r\n  orig: 112, 112\r\n  offset: 0, 0\r\n  index: -1\r\nExplosion 15\r\n  rotate: false\r\n  xy: 116, 326\r\n  size: 112, 112\r\n  orig: 112, 112\r\n  offset: 0, 0\r\n  index: -1\r\nExplosion 17\r\n  rotate: false\r\n  xy: 230, 440\r\n  size: 112, 112\r\n  orig: 112, 112\r\n  offset: 0, 0\r\n  index: -1\r\nExplosion 19\r\n  rotate: false\r\n  xy: 2, 98\r\n  size: 112, 112\r\n  orig: 112, 112\r\n  offset: 0, 0\r\n  index: -1\r\nExplosion 21\r\n  rotate: false\r\n  xy: 116, 212\r\n  size: 112, 112\r\n  orig: 112, 112\r\n  offset: 0, 0\r\n  index: -1\r\nExplosion 23\r\n  rotate: false\r\n  xy: 230, 326\r\n  size: 112, 112\r\n  orig: 112, 112\r\n  offset: 0, 0\r\n  index: -1\r\nExplosion 25\r\n  rotate: false\r\n  xy: 344, 440\r\n  size: 112, 112\r\n  orig: 112, 112\r\n  offset: 0, 0\r\n  index: -1\r\nExplosion 27\r\n  rotate: false\r\n  xy: 116, 98\r\n  size: 112, 112\r\n  orig: 112, 112\r\n  offset: 0, 0\r\n  index: -1\r\nExplosion 28\r\n  rotate: false\r\n  xy: 230, 212\r\n  size: 112, 112\r\n  orig: 112, 112\r\n  offset: 0, 0\r\n  index: -1\r\nExplosion 29\r\n  rotate: false\r\n  xy: 344, 326\r\n  size: 112, 112\r\n  orig: 112, 112\r\n  offset: 0, 0\r\n  index: -1\r\nExplosion 30\r\n  rotate: false\r\n  xy: 344, 212\r\n  size: 112, 112\r\n  orig: 112, 112\r\n  offset: 0, 0\r\n  index: -1\r\nExplosion 31\r\n  rotate: false\r\n  xy: 230, 98\r\n  size: 112, 112\r\n  orig: 112, 112\r\n  offset: 0, 0\r\n  index: -1\r\nLight\r\n  rotate: false\r\n  xy: 192, 53\r\n  size: 43, 43\r\n  orig: 43, 43\r\n  offset: 0, 0\r\n  index: -1\r\n",
      [
        "Explosion.png"
      ],
      {
        "skeleton": {
          "hash": "EAb0BByT0FDKAn+5VhIRRIq9n0U",
          "spine": "3.7.94",
          "width": 335.67,
          "height": 335.67,
          "images": "./images/",
          "audio": ""
        },
        "bones": [
          {
            "name": "root",
            "scaleX": 0.67,
            "scaleY": 0.67
          },
          {
            "name": "Explosion",
            "parent": "root",
            "scaleX": 3,
            "scaleY": 3
          },
          {
            "name": "Light",
            "parent": "root",
            "x": -10
          }
        ],
        "slots": [
          {
            "name": "Light",
            "bone": "Light",
            "color": "ffb978ff",
            "attachment": "Light"
          },
          {
            "name": "Explosion",
            "bone": "Explosion",
            "attachment": "Explosion 30"
          }
        ],
        "skins": {
          "default": {
            "Explosion": {
              "Explosion 01": {
                "width": 137,
                "height": 137
              },
              "Explosion 03": {
                "width": 137,
                "height": 137
              },
              "Explosion 05": {
                "width": 141,
                "height": 141
              },
              "Explosion 07": {
                "width": 167,
                "height": 167
              },
              "Explosion 09": {
                "width": 167,
                "height": 167
              },
              "Explosion 11": {
                "width": 167,
                "height": 167
              },
              "Explosion 13": {
                "width": 167,
                "height": 167
              },
              "Explosion 15": {
                "width": 167,
                "height": 167
              },
              "Explosion 17": {
                "width": 167,
                "height": 167
              },
              "Explosion 19": {
                "width": 167,
                "height": 167
              },
              "Explosion 21": {
                "width": 167,
                "height": 167
              },
              "Explosion 23": {
                "width": 167,
                "height": 167
              },
              "Explosion 25": {
                "width": 167,
                "height": 167
              },
              "Explosion 27": {
                "width": 167,
                "height": 167
              },
              "Explosion 28": {
                "width": 167,
                "height": 167
              },
              "Explosion 29": {
                "width": 167,
                "height": 167
              },
              "Explosion 30": {
                "width": 167,
                "height": 167
              },
              "Explosion 31": {
                "width": 167,
                "height": 167
              }
            },
            "Light": {
              "Light": {
                "scaleX": 2,
                "scaleY": 2,
                "width": 64,
                "height": 64
              }
            }
          }
        },
        "animations": {
          "animation": {
            "slots": {
              "Explosion": {
                "color": [
                  {
                    "time": 0.6667,
                    "color": "ffffffff"
                  },
                  {
                    "time": 0.8333,
                    "color": "ffffff00"
                  }
                ],
                "attachment": [
                  {
                    "time": 0,
                    "name": "Explosion 01"
                  },
                  {
                    "time": 0.1333,
                    "name": "Explosion 03"
                  },
                  {
                    "time": 0.1667,
                    "name": "Explosion 05"
                  },
                  {
                    "time": 0.2,
                    "name": "Explosion 07"
                  },
                  {
                    "time": 0.2333,
                    "name": "Explosion 09"
                  },
                  {
                    "time": 0.2667,
                    "name": "Explosion 11"
                  },
                  {
                    "time": 0.3,
                    "name": "Explosion 13"
                  },
                  {
                    "time": 0.3333,
                    "name": "Explosion 15"
                  },
                  {
                    "time": 0.3667,
                    "name": "Explosion 17"
                  },
                  {
                    "time": 0.4,
                    "name": "Explosion 19"
                  },
                  {
                    "time": 0.4333,
                    "name": "Explosion 21"
                  },
                  {
                    "time": 0.4667,
                    "name": "Explosion 23"
                  },
                  {
                    "time": 0.5,
                    "name": "Explosion 25"
                  },
                  {
                    "time": 0.5333,
                    "name": "Explosion 27"
                  },
                  {
                    "time": 0.5667,
                    "name": "Explosion 28"
                  },
                  {
                    "time": 0.6,
                    "name": "Explosion 29"
                  },
                  {
                    "time": 0.6333,
                    "name": "Explosion 30"
                  },
                  {
                    "time": 0.6667,
                    "name": "Explosion 31"
                  }
                ]
              }
            },
            "bones": {
              "Explosion": {
                "scale": [
                  {
                    "time": 0,
                    "x": 0,
                    "y": 0
                  },
                  {
                    "time": 0.1333,
                    "x": 1.333,
                    "y": 1.333,
                    "curve": "stepped"
                  },
                  {
                    "time": 0.1667,
                    "x": 1,
                    "y": 1,
                    "curve": "stepped"
                  },
                  {
                    "time": 0.5333,
                    "x": 1,
                    "y": 1
                  },
                  {
                    "time": 0.8333,
                    "x": 1.333,
                    "y": 1.333
                  }
                ]
              },
              "Light": {
                "scale": [
                  {
                    "time": 0,
                    "x": 0,
                    "y": 0
                  },
                  {
                    "time": 0.1333,
                    "x": 7,
                    "y": 7
                  },
                  {
                    "time": 0.3333,
                    "x": 7.5,
                    "y": 7.5
                  },
                  {
                    "time": 0.5333,
                    "x": 8,
                    "y": 8
                  },
                  {
                    "time": 0.8333,
                    "x": 0,
                    "y": 0
                  }
                ]
              }
            }
          }
        }
      },
      [
        0
      ]
    ]
  ],
  0,
  0,
  [
    0
  ],
  [
    -1
  ],
  [
    0
  ]
]