[1,["a4XqZDJCxLVaeC3c3cbq/b","9eUvMOznhPoq5f5rS/6kGf","5bbCYuLCNOGZRTN/NZSUPB","dbo4TGuvNLkaUt+hWvK7rt","abeOPcnH5DG4B+5oKxHMB2","7e/nJIHddCl5b2w9iJeh97","b4/cdcDqlKu4ycoBy51nDv","6aefXhyYdPnoTt7hNZ5P5e","e1DtKHQJhG1YQCiHX+jk5R","e0f2Ftg0lB6r1MK3ky8NJF","11m3cOwypNdZCeUlFQysbq","76fhHe5KdF14s4dQlMYkKP"],["_textureSetter","grey_8","grey_5","grey_0","grey_9","grey_multiply","grey_7","grey_6","grey_1","grey_2","grey_3","grey_4"],["cc.SpriteFrame",["cc.SpriteAtlas",["_name","_spriteFrames"],2,11]],[[1,0,1,2]],[[[{"name":"grey_3","rect":[353,1,38,53],"offset":[0,0],"originalSize":[38,53],"capInsets":[0,0,0,0]}],[0],0,[0],[0],[0]],[[{"name":"grey_5","rect":[46,1,43,53],"offset":[0,0],"originalSize":[43,53],"capInsets":[0,0,0,0]}],[0],0,[0],[0],[0]],[[{"name":"grey_6","rect":[1,1,43,54],"offset":[0,0],"originalSize":[43,54],"capInsets":[0,0,0,0]}],[0],0,[0],[0],[0]],[[[0,"Alats44.plist",[{},"grey_8",6,0,"grey_5",6,1,"grey_0",6,2,"grey_9",6,3,"grey_multiply",6,4,"grey_7",6,5,"grey_6",6,6,"grey_1",6,7,"grey_2",6,8,"grey_3",6,9,"grey_4",6,10]]],0,0,[0,0,0,0,0,0,0,0,0,0,0],[1,2,3,4,5,6,7,8,9,10,11],[1,2,3,4,5,6,7,8,9,10,11]],[[{"name":"grey_4","rect":[180,1,42,53],"offset":[0,0],"originalSize":[42,53],"capInsets":[0,0,0,0]}],[0],0,[0],[0],[0]],[[{"name":"grey_multiply","rect":[429,1,38,39],"offset":[0,0],"originalSize":[38,39],"capInsets":[0,0,0,0]}],[0],0,[0],[0],[0]],[[{"name":"grey_8","rect":[268,1,41,53],"offset":[0,0],"originalSize":[41,53],"capInsets":[0,0,0,0]}],[0],0,[0],[0],[0]],[[{"name":"grey_9","rect":[91,1,43,53],"offset":[0,0],"originalSize":[43,53],"capInsets":[0,0,0,0]}],[0],0,[0],[0],[0]],[[{"name":"grey_7","rect":[224,1,42,53],"offset":[0,0],"originalSize":[42,53],"capInsets":[0,0,0,0]}],[0],0,[0],[0],[0]],[[{"name":"grey_0","rect":[311,1,40,53],"offset":[0,0],"originalSize":[40,53],"capInsets":[0,0,0,0]}],[0],0,[0],[0],[0]],[[{"name":"grey_2","rect":[136,1,42,53],"offset":[0,0],"originalSize":[42,53],"capInsets":[0,0,0,0]}],[0],0,[0],[0],[0]],[[{"name":"grey_1","rect":[393,1,34,53],"offset":[0,0],"originalSize":[34,53],"capInsets":[0,0,0,0]}],[0],0,[0],[0],[0]]]]