[
  1,
  [
    "casriEZilLlr6iBO9DOQBh"
  ],
  [
    "_textureSetter"
  ],
  [
    "cc.SpriteFrame"
  ],
  0,
  [
    [
      [
        {
          "name": "lb_showing_bg_compressed",
          "rect": [
            1,
            1,
            400,
            321
          ],
          "offset": [
            0,
            0
          ],
          "originalSize": [
            400,
            321
          ],
          "capInsets": [
            0,
            0,
            0,
            0
          ]
        }
      ],
      [
        0
      ],
      0,
      [
        0
      ],
      [
        0
      ],
      [
        0
      ]
    ],
    [
      [
        {
          "name": "lv_bu_run_bg_short",
          "rect": [
            403,
            1,
            1,
            600
          ],
          "offset": [
            0,
            0
          ],
          "originalSize": [
            1,
            600
          ],
          "capInsets": [
            0,
            0,
            0,
            0
          ]
        }
      ],
      [
        0
      ],
      0,
      [
        0
      ],
      [
        0
      ],
      [
        0
      ]
    ]
  ]
]