[
  1,
  [
    "ecpdLyjvZBwrvm+cedCcQy",
    "a2MjXRFdtLlYQ5ouAFv/+R",
    "4bgXP9ffFARKft025XBdPN",
    "5dvFtuof5Mo5YkOUnhTDo3",
    "75D/cEnBFIa5vbImRzIYTw",
    "7a/QZLET9IDreTiBfRn2PD",
    "07XWzH+QhIeIBb739jXjE2",
    "aaCUoKECRCsZIKoVdFublb",
    "8bBfF74t1FWZEQxCEUP3Ft",
    "56KcjC6KZC6YYQw10YJdKB",
    "13koHfFNZDNqNIJazPXGyO",
    "dbk1TI8m5JO6LLnLLsaSIc",
    "964eIDBstMkLW95LorAXrj",
    "16/PelmLdP/p1bCBTigcMf",
    "801Ax56ehPCpr23ESqUJ/8",
    "94S4smM6BBYqbL4wgp58mr",
    "61qQ2IvhdLELPf0FpKZ7LX",
    "589n4jNBJD34A4a/II5lIh",
    "4aq4t6YuhL8Zg/r3e6s5oX",
    "1f+wXR0wxFgrcQTB9fiAs+",
    "005GOgxKlM36aHG1E9uxBu",
    "37Fci6bDNIAo27vN0ddRgq",
    "18WasDeZ1L4b5vNIPvFw2E",
    "22ZhiRtItMDbFeCtUH3WSE",
    "b2gMCK0zVDdLzMLvhNAjs+",
    "55SLwaXDtMEpjj/nMGp3Fp",
    "92n+MoMDJARrq5ehh1PUx5",
    "ab584BBNVMiKOFsycuEnbu",
    "ecd5QtDMpB55DGnjB9D8ua"
  ],
  [
    "node",
    "_spriteFrame",
    "_parent",
    "_N$skeletonData",
    "_defaultClip",
    "root",
    "parentItem",
    "data"
  ],
  [
    [
      "cc.Node",
      [
        "_name",
        "_opacity",
        "_active",
        "_prefab",
        "_components",
        "_contentSize",
        "_parent",
        "_trs",
        "_children",
        "_color",
        "_anchorPoint"
      ],
      0,
      4,
      9,
      5,
      1,
      7,
      2,
      5,
      5
    ],
    [
      "cc.Sprite",
      [
        "_sizeMode",
        "_dstBlendFactor",
        "_type",
        "node",
        "_materials",
        "_spriteFrame"
      ],
      0,
      1,
      3,
      6
    ],
    [
      "cc.PrefabInfo",
      [
        "fileId",
        "root"
      ],
      2,
      1
    ],
    [
      "cc.AnimationClip",
      [
        "_name",
        "_duration",
        "sample",
        "wrapMode",
        "curveData"
      ],
      -2
    ],
    [
      "cc.Prefab",
      [
        "_name"
      ],
      2
    ],
    [
      "55ec3TfL61FqqQKp96p7GmN",
      [
        "node",
        "parentItem"
      ],
      3,
      1,
      1
    ],
    [
      "cc.Mask",
      [
        "node",
        "_materials"
      ],
      3,
      1,
      3
    ],
    [
      "cc.Button",
      [
        "node",
        "clickEvents"
      ],
      3,
      1,
      9
    ],
    [
      "cc.ClickEvent",
      [
        "_componentId",
        "handler",
        "target"
      ],
      1,
      1
    ],
    [
      "cc.Animation",
      [
        "playOnLoad",
        "node",
        "_clips",
        "_defaultClip"
      ],
      2,
      1,
      3,
      6
    ],
    [
      "sp.Skeleton",
      [
        "defaultSkin",
        "defaultAnimation",
        "_preCacheMode",
        "_animationName",
        "node",
        "_materials",
        "_N$skeletonData"
      ],
      -1,
      1,
      3,
      6
    ]
  ],
  [
    [
      2,
      0,
      1,
      2
    ],
    [
      1,
      0,
      3,
      4,
      5,
      2
    ],
    [
      1,
      3,
      4,
      5,
      1
    ],
    [
      0,
      0,
      1,
      6,
      4,
      3,
      5,
      7,
      3
    ],
    [
      0,
      0,
      6,
      4,
      3,
      9,
      5,
      7,
      2
    ],
    [
      0,
      0,
      6,
      4,
      3,
      5,
      7,
      2
    ],
    [
      0,
      0,
      1,
      6,
      4,
      3,
      9,
      5,
      7,
      3
    ],
    [
      0,
      0,
      8,
      3,
      7,
      2
    ],
    [
      0,
      0,
      6,
      8,
      4,
      3,
      5,
      2
    ],
    [
      0,
      0,
      2,
      1,
      6,
      8,
      4,
      3,
      5,
      7,
      4
    ],
    [
      6,
      0,
      1,
      1
    ],
    [
      7,
      0,
      1,
      1
    ],
    [
      8,
      0,
      1,
      2,
      3
    ],
    [
      1,
      2,
      0,
      3,
      4,
      5,
      3
    ],
    [
      9,
      0,
      1,
      2,
      3,
      2
    ],
    [
      10,
      0,
      1,
      2,
      3,
      4,
      5,
      6,
      5
    ],
    [
      0,
      0,
      6,
      4,
      3,
      5,
      2
    ],
    [
      0,
      0,
      1,
      6,
      4,
      3,
      5,
      10,
      7,
      3
    ],
    [
      3,
      0,
      1,
      2,
      3,
      4,
      6
    ],
    [
      4,
      0,
      2
    ],
    [
      0,
      0,
      8,
      4,
      3,
      5,
      2
    ],
    [
      0,
      0,
      6,
      8,
      3,
      2
    ],
    [
      0,
      0,
      6,
      4,
      3,
      9,
      5,
      2
    ],
    [
      5,
      0,
      1,
      1
    ],
    [
      2,
      1,
      1
    ],
    [
      1,
      1,
      3,
      4,
      5,
      2
    ]
  ],
  [
    [
      [
        [
          18,
          "BtnChoosFS",
          1,
          30,
          2,
          {
            "props": {
              "x": [
                {
                  "frame": 0,
                  "value": 0
                },
                {
                  "frame": 1,
                  "value": -98.897
                }
              ],
              "opacity": [
                {
                  "frame": 0,
                  "value": 255
                },
                {
                  "frame": 1,
                  "value": 0
                }
              ]
            }
          }
        ]
      ],
      0,
      0,
      [],
      [],
      []
    ],
    [
      [
        [
          19,
          "NodeChooseFS"
        ],
        [
          20,
          "NodeChooseFS",
          [
            -4,
            -5,
            -6,
            -7,
            -8,
            -9
          ],
          [
            [
              23,
              -3,
              -2
            ]
          ],
          [
            24,
            -1
          ],
          [
            5,
            720,
            1280
          ]
        ],
        [
          7,
          "freeDieuThuyen",
          [
            -10,
            -11,
            -12,
            -13,
            -14,
            -15,
            -16
          ],
          [
            0,
            "b0i2R7icZB7o1sV9kCREie",
            1
          ],
          [
            0,
            1273.264,
            0,
            0,
            0,
            0,
            1,
            1,
            1,
            1
          ]
        ],
        [
          8,
          "main",
          2,
          [
            -18,
            -19,
            -20,
            -21,
            -22,
            -23
          ],
          [
            [
              10,
              -17,
              [
                14
              ]
            ]
          ],
          [
            0,
            "9fOepzTxRGzqYovkkLjp+y",
            1
          ],
          [
            5,
            550,
            1280
          ]
        ],
        [
          7,
          "freeLuBo",
          [
            -24,
            -25,
            -26,
            -27,
            -28,
            -29,
            -30
          ],
          [
            0,
            "35FMqlxBdDJ6Ene/ACXzS2",
            1
          ],
          [
            -280.384,
            -1133.889,
            0,
            0,
            0,
            0,
            1,
            1,
            1,
            1
          ]
        ],
        [
          8,
          "main",
          4,
          [
            -32,
            -33,
            -34,
            -35,
            -36,
            -37
          ],
          [
            [
              10,
              -31,
              [
                39
              ]
            ]
          ],
          [
            0,
            "d3s5TskslFqovInB8JxaXp",
            1
          ],
          [
            5,
            550,
            1280
          ]
        ],
        [
          7,
          "freeDongTrac",
          [
            -38,
            -39,
            -40,
            -41,
            -42,
            -43,
            -44
          ],
          [
            0,
            "0dGLm2tjRIMrPP8l0JZjcA",
            1
          ],
          [
            280,
            -1133.889,
            0,
            0,
            0,
            0,
            1,
            1,
            1,
            1
          ]
        ],
        [
          8,
          "DongTrac",
          6,
          [
            -46,
            -47,
            -48,
            -49,
            -50,
            -51
          ],
          [
            [
              10,
              -45,
              [
                64
              ]
            ]
          ],
          [
            0,
            "61iBt3FyxISLodMOULqn8j",
            1
          ],
          [
            5,
            550,
            1280
          ]
        ],
        [
          21,
          "ParentAction",
          1,
          [
            2,
            4,
            6
          ],
          [
            0,
            "66qu4QAIxB1pyrSQIF01ZK",
            1
          ]
        ],
        [
          9,
          "BtnSpine",
          false,
          0,
          1,
          [
            -53,
            -54,
            -55
          ],
          [
            [
              11,
              -52,
              [
                [
                  12,
                  "55ec3TfL61FqqQKp96p7GmN",
                  "onClickXacNhan",
                  1
                ]
              ]
            ]
          ],
          [
            0,
            "69eZnzCjRCYp4N8HPTBHEO",
            1
          ],
          [
            5,
            120,
            120
          ],
          [
            0,
            -494.486,
            0,
            0,
            0,
            0,
            1,
            1,
            1,
            0
          ]
        ],
        [
          4,
          "Spin_effect_g_00",
          9,
          [
            [
              25,
              770,
              -56,
              [
                81
              ],
              82
            ],
            [
              14,
              true,
              -57,
              [
                84
              ],
              83
            ]
          ],
          [
            0,
            "67pYSkdf1HMZJfLDwyU/kz",
            1
          ],
          [
            4,
            4279520509
          ],
          [
            5,
            145,
            145
          ],
          [
            0,
            -0.995,
            0,
            0,
            0,
            0,
            1,
            1.2,
            1.2,
            1
          ]
        ],
        [
          9,
          "BtnNext",
          false,
          0,
          1,
          [
            -59
          ],
          [
            [
              11,
              -58,
              [
                [
                  12,
                  "55ec3TfL61FqqQKp96p7GmN",
                  "onClickNext",
                  1
                ]
              ]
            ]
          ],
          [
            0,
            "2bNMVS0gNGtr2aRpRjQxVp",
            1
          ],
          [
            5,
            200,
            200
          ],
          [
            300,
            109,
            0,
            0,
            0,
            0,
            1,
            -0.9,
            0.9,
            1
          ]
        ],
        [
          16,
          "start_arrow",
          11,
          [
            [
              2,
              -60,
              [
                87
              ],
              88
            ],
            [
              14,
              true,
              -61,
              [
                90
              ],
              89
            ]
          ],
          [
            0,
            "f2SpOwmsVJvKFPuRCUeJI0",
            1
          ],
          [
            5,
            96,
            160
          ]
        ],
        [
          9,
          "BtnPre",
          false,
          0,
          1,
          [
            -63
          ],
          [
            [
              11,
              -62,
              [
                [
                  12,
                  "55ec3TfL61FqqQKp96p7GmN",
                  "onClickPre",
                  1
                ]
              ]
            ]
          ],
          [
            0,
            "98uuN4UkRJxb1wSh2keXcK",
            1
          ],
          [
            5,
            200,
            200
          ],
          [
            -300,
            109,
            0,
            0,
            0,
            0,
            1,
            0.9,
            0.9,
            1
          ]
        ],
        [
          16,
          "start_arrow",
          13,
          [
            [
              2,
              -64,
              [
                91
              ],
              92
            ],
            [
              14,
              true,
              -65,
              [
                94
              ],
              93
            ]
          ],
          [
            0,
            "5bqrdtd+NHDYQLHmu+qbAL",
            1
          ],
          [
            5,
            96,
            160
          ]
        ],
        [
          22,
          "sprite_splash",
          1,
          [
            [
              1,
              0,
              -66,
              [
                0
              ],
              1
            ]
          ],
          [
            0,
            "80dnqdLFlLyJNiHvCGrtAD",
            1
          ],
          [
            4,
            4278190080
          ],
          [
            5,
            720,
            1280
          ]
        ],
        [
          4,
          "feature_character_bg_compressed",
          3,
          [
            [
              1,
              0,
              -67,
              [
                2
              ],
              3
            ]
          ],
          [
            0,
            "b6/7L+LGpHN7bQogseqt4s",
            1
          ],
          [
            4,
            4290904319
          ],
          [
            5,
            621,
            1280
          ],
          [
            10.41,
            5.136,
            0,
            0,
            0,
            0,
            1,
            1,
            1,
            1
          ]
        ],
        [
          5,
          "spine",
          3,
          [
            [
              15,
              "default",
              "Idle_1",
              0,
              "Idle_1",
              -68,
              [
                4
              ],
              5
            ]
          ],
          [
            0,
            "0dgGSLa3dDN4gDGcTqpuQP",
            1
          ],
          [
            5,
            314.94,
            487.34
          ],
          [
            -40.424,
            -355.138,
            0,
            0,
            0,
            0,
            1,
            2.2,
            2.2,
            1
          ]
        ],
        [
          3,
          "1",
          0,
          3,
          [
            [
              1,
              0,
              -69,
              [
                6
              ],
              7
            ]
          ],
          [
            0,
            "0dqEZlTOlNorDtsl2wI/N2",
            1
          ],
          [
            5,
            708,
            504
          ],
          [
            0,
            -784,
            0,
            0,
            0,
            0,
            1,
            1,
            1,
            1
          ]
        ],
        [
          3,
          "2",
          0,
          3,
          [
            [
              2,
              -70,
              [
                8
              ],
              9
            ]
          ],
          [
            0,
            "5aOupROXpFWLgQFvvSdXAB",
            1
          ],
          [
            5,
            511,
            180
          ],
          [
            0,
            -650,
            0,
            0,
            0,
            0,
            1,
            0.8,
            0.8,
            1
          ]
        ],
        [
          3,
          "3",
          0,
          3,
          [
            [
              2,
              -71,
              [
                10
              ],
              11
            ]
          ],
          [
            0,
            "8eBtxh4YVLZoDuB2Co9WdT",
            1
          ],
          [
            5,
            525,
            77
          ],
          [
            0,
            -766,
            0,
            0,
            0,
            0,
            1,
            1,
            1,
            1
          ]
        ],
        [
          3,
          "4",
          0,
          3,
          [
            [
              1,
              0,
              -72,
              [
                12
              ],
              13
            ]
          ],
          [
            0,
            "74F0TetPlP6Z0JE1+2LvTg",
            1
          ],
          [
            5,
            506.16,
            59.04
          ],
          [
            0,
            -852.011,
            0,
            0,
            0,
            0,
            1,
            1,
            1,
            1
          ]
        ],
        [
          6,
          "sprite_splash copy",
          0,
          2,
          [
            [
              1,
              0,
              -73,
              [
                15
              ],
              16
            ]
          ],
          [
            0,
            "5djgGNR5tM/JuBB8ZuIHZo",
            1
          ],
          [
            4,
            4278190080
          ],
          [
            5,
            100,
            1280
          ],
          [
            -340,
            0,
            0,
            0,
            0,
            0,
            1,
            1,
            1,
            1
          ]
        ],
        [
          6,
          "sprite_splash",
          0,
          2,
          [
            [
              1,
              0,
              -74,
              [
                17
              ],
              18
            ]
          ],
          [
            0,
            "f6Iqxh/LtLMogf1ptQ4fM6",
            1
          ],
          [
            4,
            4278190080
          ],
          [
            5,
            100,
            1280
          ],
          [
            340,
            0,
            0,
            0,
            0,
            0,
            1,
            1,
            1,
            1
          ]
        ],
        [
          4,
          "feature_character_border_short",
          2,
          [
            [
              1,
              0,
              -75,
              [
                19
              ],
              20
            ]
          ],
          [
            0,
            "fbyDadFppNgqqmZTdXydrA",
            1
          ],
          [
            4,
            4287598479
          ],
          [
            5,
            30,
            1280
          ],
          [
            289.72,
            0,
            0,
            0,
            0,
            0,
            1,
            1,
            1,
            1
          ]
        ],
        [
          4,
          "feature_character_border_short copy",
          2,
          [
            [
              1,
              0,
              -76,
              [
                21
              ],
              22
            ]
          ],
          [
            0,
            "85AtBe36lKhp3164FNaj8K",
            1
          ],
          [
            4,
            4287598479
          ],
          [
            5,
            30,
            1280
          ],
          [
            -289.72,
            0,
            0,
            0,
            0,
            0,
            1,
            -1,
            1,
            1
          ]
        ],
        [
          3,
          "info_board_short",
          130,
          2,
          [
            [
              13,
              1,
              0,
              -77,
              [
                23
              ],
              24
            ]
          ],
          [
            0,
            "98t50T26FEw4RY6zrlVhEo",
            1
          ],
          [
            5,
            600,
            105
          ],
          [
            0,
            538.821,
            0,
            0,
            0,
            0,
            1,
            0.6,
            0.6,
            0.6
          ]
        ],
        [
          5,
          "dc_feature_title",
          2,
          [
            [
              2,
              -78,
              [
                25
              ],
              26
            ]
          ],
          [
            0,
            "af1uuZr+ZIebSdOYKH6c3O",
            1
          ],
          [
            5,
            272,
            63
          ],
          [
            0,
            540.58,
            0,
            0,
            0,
            0,
            1,
            0.6,
            0.6,
            0.6
          ]
        ],
        [
          4,
          "feature_character_bg_compressed",
          5,
          [
            [
              1,
              0,
              -79,
              [
                27
              ],
              28
            ]
          ],
          [
            0,
            "feFixhCYtKcoLO4czxVXLv",
            1
          ],
          [
            4,
            4278190335
          ],
          [
            5,
            621,
            1280
          ],
          [
            10.41,
            5.136,
            0,
            0,
            0,
            0,
            1,
            1,
            1,
            1
          ]
        ],
        [
          5,
          "spine",
          5,
          [
            [
              15,
              "default",
              "Idle_2",
              0,
              "Idle_2",
              -80,
              [
                29
              ],
              30
            ]
          ],
          [
            0,
            "50YexgClxCvYZBUenQ15L3",
            1
          ],
          [
            5,
            433.63,
            516.81
          ],
          [
            1.217,
            -355.138,
            0,
            0,
            0,
            0,
            1,
            2.2,
            2.2,
            1
          ]
        ],
        [
          3,
          "1",
          0,
          5,
          [
            [
              1,
              0,
              -81,
              [
                31
              ],
              32
            ]
          ],
          [
            0,
            "42GfilKw5ELr02K2rb4jLy",
            1
          ],
          [
            5,
            708,
            504
          ],
          [
            0,
            -784,
            0,
            0,
            0,
            0,
            1,
            1,
            1,
            1
          ]
        ],
        [
          17,
          "2",
          0,
          5,
          [
            [
              2,
              -82,
              [
                33
              ],
              34
            ]
          ],
          [
            0,
            "cdhrYC8JdLb4IXOd2JKWvD",
            1
          ],
          [
            5,
            384,
            167
          ],
          [
            0,
            0.5,
            0.1
          ],
          [
            0,
            -650,
            0,
            0,
            0,
            0,
            1,
            0.8,
            0.8,
            1
          ]
        ],
        [
          17,
          "3",
          0,
          5,
          [
            [
              2,
              -83,
              [
                35
              ],
              36
            ]
          ],
          [
            0,
            "70wVK3wmFPeKIdE41G74Kk",
            1
          ],
          [
            5,
            462,
            68
          ],
          [
            0,
            0.5,
            -0.19
          ],
          [
            0,
            -766,
            0,
            0,
            0,
            0,
            1,
            1,
            1,
            1
          ]
        ],
        [
          3,
          "4",
          0,
          5,
          [
            [
              2,
              -84,
              [
                37
              ],
              38
            ]
          ],
          [
            0,
            "63WoSEHOlL2aUS4D7tL7OO",
            1
          ],
          [
            5,
            645,
            261
          ],
          [
            0,
            -852,
            0,
            0,
            0,
            0,
            1,
            0.8,
            0.8,
            1
          ]
        ],
        [
          6,
          "sprite_splash copy",
          0,
          4,
          [
            [
              1,
              0,
              -85,
              [
                40
              ],
              41
            ]
          ],
          [
            0,
            "36+oo0QwRL9bQ4d+eAkLet",
            1
          ],
          [
            4,
            4278190080
          ],
          [
            5,
            100,
            1280
          ],
          [
            -340,
            0,
            0,
            0,
            0,
            0,
            1,
            1,
            1,
            1
          ]
        ],
        [
          6,
          "sprite_splash",
          0,
          4,
          [
            [
              1,
              0,
              -86,
              [
                42
              ],
              43
            ]
          ],
          [
            0,
            "05OyuG0sFNSrrknbE78j3s",
            1
          ],
          [
            4,
            4278190080
          ],
          [
            5,
            100,
            1280
          ],
          [
            340,
            0,
            0,
            0,
            0,
            0,
            1,
            1,
            1,
            1
          ]
        ],
        [
          4,
          "feature_character_border_short",
          4,
          [
            [
              1,
              0,
              -87,
              [
                44
              ],
              45
            ]
          ],
          [
            0,
            "e166ii+PBA75sXU1IqaWTU",
            1
          ],
          [
            4,
            4287598479
          ],
          [
            5,
            30,
            1280
          ],
          [
            289.72,
            0,
            0,
            0,
            0,
            0,
            1,
            1,
            1,
            1
          ]
        ],
        [
          4,
          "feature_character_border_short copy",
          4,
          [
            [
              1,
              0,
              -88,
              [
                46
              ],
              47
            ]
          ],
          [
            0,
            "ba9oBHT9ZKTY9vq99UO64p",
            1
          ],
          [
            4,
            4287598479
          ],
          [
            5,
            30,
            1280
          ],
          [
            -289.72,
            0,
            0,
            0,
            0,
            0,
            1,
            -1,
            1,
            1
          ]
        ],
        [
          3,
          "info_board_short",
          130,
          4,
          [
            [
              13,
              1,
              0,
              -89,
              [
                48
              ],
              49
            ]
          ],
          [
            0,
            "eeWHScXFdE36UgqD1XL2py",
            1
          ],
          [
            5,
            600,
            105
          ],
          [
            0,
            538.821,
            0,
            0,
            0,
            0,
            1,
            0.6,
            0.6,
            0.6
          ]
        ],
        [
          5,
          "dc_feature_title",
          4,
          [
            [
              2,
              -90,
              [
                50
              ],
              51
            ]
          ],
          [
            0,
            "62Gk8dEqlLTLSaR1mya/M0",
            1
          ],
          [
            5,
            137,
            62
          ],
          [
            0,
            540.58,
            0,
            0,
            0,
            0,
            1,
            0.6,
            0.6,
            0.6
          ]
        ],
        [
          4,
          "feature_character_bg_compressed",
          7,
          [
            [
              1,
              0,
              -91,
              [
                52
              ],
              53
            ]
          ],
          [
            0,
            "baGciXNTZC/YFt0VP6KtTX",
            1
          ],
          [
            4,
            4278232063
          ],
          [
            5,
            621,
            1280
          ],
          [
            10.41,
            5.136,
            0,
            0,
            0,
            0,
            1,
            1,
            1,
            1
          ]
        ],
        [
          5,
          "spine",
          7,
          [
            [
              15,
              "default",
              "Idle_2",
              0,
              "Idle_2",
              -92,
              [
                54
              ],
              55
            ]
          ],
          [
            0,
            "14XJoj7pxKXYjar3k4KPfo",
            1
          ],
          [
            5,
            396.37,
            655.45
          ],
          [
            1.217,
            -422.805,
            0,
            0,
            0,
            0,
            1,
            2,
            2,
            1
          ]
        ],
        [
          3,
          "1",
          0,
          7,
          [
            [
              1,
              0,
              -93,
              [
                56
              ],
              57
            ]
          ],
          [
            0,
            "55kuAVLlpH4qUJqnD6jtsG",
            1
          ],
          [
            5,
            708,
            504
          ],
          [
            0,
            -784,
            0,
            0,
            0,
            0,
            1,
            1,
            1,
            1
          ]
        ],
        [
          3,
          "2",
          0,
          7,
          [
            [
              2,
              -94,
              [
                58
              ],
              59
            ]
          ],
          [
            0,
            "dbOV+6265L+I4J/C78O1fS",
            1
          ],
          [
            5,
            535,
            174
          ],
          [
            0,
            -650,
            0,
            0,
            0,
            0,
            1,
            0.8000000000000002,
            0.8000000000000002,
            1
          ]
        ],
        [
          3,
          "3",
          0,
          7,
          [
            [
              2,
              -95,
              [
                60
              ],
              61
            ]
          ],
          [
            0,
            "fcrKcpRSJLlZKowEdazBCg",
            1
          ],
          [
            5,
            525,
            77
          ],
          [
            0,
            -766,
            0,
            0,
            0,
            0,
            1,
            0.9,
            0.9,
            1
          ]
        ],
        [
          3,
          "4",
          0,
          7,
          [
            [
              2,
              -96,
              [
                62
              ],
              63
            ]
          ],
          [
            0,
            "90gOfQfLlC0JigjMPeVZiW",
            1
          ],
          [
            5,
            495,
            121
          ],
          [
            0,
            -852,
            0,
            0,
            0,
            0,
            1,
            0.8,
            0.8,
            1
          ]
        ],
        [
          6,
          "sprite_splash",
          0,
          6,
          [
            [
              1,
              0,
              -97,
              [
                65
              ],
              66
            ]
          ],
          [
            0,
            "feJo1b4SxJ0Lw4yOr99Y5l",
            1
          ],
          [
            4,
            4278190080
          ],
          [
            5,
            100,
            1280
          ],
          [
            340,
            0,
            0,
            0,
            0,
            0,
            1,
            1,
            1,
            1
          ]
        ],
        [
          6,
          "sprite_splash copy",
          0,
          6,
          [
            [
              1,
              0,
              -98,
              [
                67
              ],
              68
            ]
          ],
          [
            0,
            "d4Lz4x+3JB2JORyaa8tbH6",
            1
          ],
          [
            4,
            4278190080
          ],
          [
            5,
            100,
            1280
          ],
          [
            -340,
            0,
            0,
            0,
            0,
            0,
            1,
            1,
            1,
            1
          ]
        ],
        [
          4,
          "feature_character_border_short",
          6,
          [
            [
              1,
              0,
              -99,
              [
                69
              ],
              70
            ]
          ],
          [
            0,
            "30SW9IhOFAE7UrDKnziXi/",
            1
          ],
          [
            4,
            4287598479
          ],
          [
            5,
            30,
            1280
          ],
          [
            289.72,
            0,
            0,
            0,
            0,
            0,
            1,
            1,
            1,
            1
          ]
        ],
        [
          4,
          "feature_character_border_short copy",
          6,
          [
            [
              1,
              0,
              -100,
              [
                71
              ],
              72
            ]
          ],
          [
            0,
            "2ckKYMVlVBj6y5ZNiATjFu",
            1
          ],
          [
            4,
            4287598479
          ],
          [
            5,
            30,
            1280
          ],
          [
            -289.72,
            0,
            0,
            0,
            0,
            0,
            1,
            -1,
            1,
            1
          ]
        ],
        [
          3,
          "info_board_short",
          130,
          6,
          [
            [
              13,
              1,
              0,
              -101,
              [
                73
              ],
              74
            ]
          ],
          [
            0,
            "f8eVGQ91xNBq3QvN2PIVwF",
            1
          ],
          [
            5,
            600,
            105
          ],
          [
            0,
            538.821,
            0,
            0,
            0,
            0,
            1,
            0.6,
            0.6,
            0.6
          ]
        ],
        [
          5,
          "dc_feature_title",
          6,
          [
            [
              2,
              -102,
              [
                75
              ],
              76
            ]
          ],
          [
            0,
            "55tNTrw3JFFrvtsfFHCr2i",
            1
          ],
          [
            5,
            248,
            63
          ],
          [
            0,
            540.58,
            0,
            0,
            0,
            0,
            1,
            0.6,
            0.6,
            0.6
          ]
        ],
        [
          4,
          "two_scatter_body_bg",
          1,
          [
            [
              1,
              0,
              -103,
              [
                77
              ],
              78
            ]
          ],
          [
            0,
            "346gR7/1BFsK4untvYN5HA",
            1
          ],
          [
            4,
            4278190080
          ],
          [
            5,
            720,
            833
          ],
          [
            0,
            -753.032,
            0,
            0,
            0,
            0,
            1,
            1,
            1,
            1
          ]
        ],
        [
          5,
          "spin_button_bg",
          9,
          [
            [
              2,
              -104,
              [
                79
              ],
              80
            ]
          ],
          [
            0,
            "b3PslH5dFBT6JlANh/j/bx",
            1
          ],
          [
            5,
            256,
            256
          ],
          [
            0,
            0,
            0,
            0,
            0,
            0,
            1,
            0.6,
            0.6,
            1
          ]
        ],
        [
          5,
          "start_name",
          9,
          [
            [
              2,
              -105,
              [
                85
              ],
              86
            ]
          ],
          [
            0,
            "cbYi8ib2JC/JrVsVea3jXw",
            1
          ],
          [
            5,
            217,
            75
          ],
          [
            0,
            0,
            0,
            0,
            0,
            0,
            1,
            0.6,
            0.6,
            1
          ]
        ]
      ],
      0,
      [
        0,
        5,
        1,
        0,
        6,
        8,
        0,
        0,
        1,
        0,
        -1,
        15,
        0,
        -2,
        8,
        0,
        -3,
        52,
        0,
        -4,
        9,
        0,
        -5,
        11,
        0,
        -6,
        13,
        0,
        -1,
        3,
        0,
        -2,
        22,
        0,
        -3,
        23,
        0,
        -4,
        24,
        0,
        -5,
        25,
        0,
        -6,
        26,
        0,
        -7,
        27,
        0,
        0,
        3,
        0,
        -1,
        16,
        0,
        -2,
        17,
        0,
        -3,
        18,
        0,
        -4,
        19,
        0,
        -5,
        20,
        0,
        -6,
        21,
        0,
        -1,
        5,
        0,
        -2,
        34,
        0,
        -3,
        35,
        0,
        -4,
        36,
        0,
        -5,
        37,
        0,
        -6,
        38,
        0,
        -7,
        39,
        0,
        0,
        5,
        0,
        -1,
        28,
        0,
        -2,
        29,
        0,
        -3,
        30,
        0,
        -4,
        31,
        0,
        -5,
        32,
        0,
        -6,
        33,
        0,
        -1,
        7,
        0,
        -2,
        46,
        0,
        -3,
        47,
        0,
        -4,
        48,
        0,
        -5,
        49,
        0,
        -6,
        50,
        0,
        -7,
        51,
        0,
        0,
        7,
        0,
        -1,
        40,
        0,
        -2,
        41,
        0,
        -3,
        42,
        0,
        -4,
        43,
        0,
        -5,
        44,
        0,
        -6,
        45,
        0,
        0,
        9,
        0,
        -1,
        53,
        0,
        -2,
        10,
        0,
        -3,
        54,
        0,
        0,
        10,
        0,
        0,
        10,
        0,
        0,
        11,
        0,
        -1,
        12,
        0,
        0,
        12,
        0,
        0,
        12,
        0,
        0,
        13,
        0,
        -1,
        14,
        0,
        0,
        14,
        0,
        0,
        14,
        0,
        0,
        15,
        0,
        0,
        16,
        0,
        0,
        17,
        0,
        0,
        18,
        0,
        0,
        19,
        0,
        0,
        20,
        0,
        0,
        21,
        0,
        0,
        22,
        0,
        0,
        23,
        0,
        0,
        24,
        0,
        0,
        25,
        0,
        0,
        26,
        0,
        0,
        27,
        0,
        0,
        28,
        0,
        0,
        29,
        0,
        0,
        30,
        0,
        0,
        31,
        0,
        0,
        32,
        0,
        0,
        33,
        0,
        0,
        34,
        0,
        0,
        35,
        0,
        0,
        36,
        0,
        0,
        37,
        0,
        0,
        38,
        0,
        0,
        39,
        0,
        0,
        40,
        0,
        0,
        41,
        0,
        0,
        42,
        0,
        0,
        43,
        0,
        0,
        44,
        0,
        0,
        45,
        0,
        0,
        46,
        0,
        0,
        47,
        0,
        0,
        48,
        0,
        0,
        49,
        0,
        0,
        50,
        0,
        0,
        51,
        0,
        0,
        52,
        0,
        0,
        53,
        0,
        0,
        54,
        0,
        7,
        1,
        2,
        2,
        8,
        4,
        2,
        8,
        6,
        2,
        8,
        105
      ],
      [
        0,
        0,
        0,
        0,
        0,
        0,
        0,
        0,
        0,
        0,
        0,
        0,
        0,
        0,
        0,
        0,
        0,
        0,
        0,
        0,
        0,
        0,
        0,
        0,
        0,
        0,
        0,
        0,
        0,
        0,
        0,
        0,
        0,
        0,
        0,
        0,
        0,
        0,
        0,
        0,
        0,
        0,
        0,
        0,
        0,
        0,
        0,
        0,
        0,
        0,
        0,
        0,
        0,
        0,
        0,
        0,
        0,
        0,
        0,
        0,
        0,
        0,
        0,
        0,
        0,
        0,
        0,
        0,
        0,
        0,
        0,
        0,
        0,
        0,
        0,
        0,
        0,
        0,
        0,
        0,
        0,
        0,
        0,
        0,
        0,
        0,
        0,
        0,
        0,
        0,
        0,
        0,
        0,
        0,
        0
      ],
      [
        -1,
        1,
        -1,
        1,
        -1,
        3,
        -1,
        1,
        -1,
        1,
        -1,
        1,
        -1,
        1,
        -1,
        -1,
        1,
        -1,
        1,
        -1,
        1,
        -1,
        1,
        -1,
        1,
        -1,
        1,
        -1,
        1,
        -1,
        3,
        -1,
        1,
        -1,
        1,
        -1,
        1,
        -1,
        1,
        -1,
        -1,
        1,
        -1,
        1,
        -1,
        1,
        -1,
        1,
        -1,
        1,
        -1,
        1,
        -1,
        1,
        -1,
        3,
        -1,
        1,
        -1,
        1,
        -1,
        1,
        -1,
        1,
        -1,
        -1,
        1,
        -1,
        1,
        -1,
        1,
        -1,
        1,
        -1,
        1,
        -1,
        1,
        -1,
        1,
        -1,
        1,
        -1,
        1,
        4,
        -1,
        -1,
        1,
        -1,
        1,
        4,
        -1,
        -1,
        1,
        4,
        -1
      ],
      [
        0,
        1,
        0,
        4,
        5,
        10,
        0,
        6,
        0,
        11,
        0,
        12,
        0,
        13,
        0,
        0,
        1,
        0,
        1,
        0,
        2,
        0,
        2,
        0,
        7,
        0,
        14,
        0,
        4,
        5,
        15,
        0,
        6,
        0,
        16,
        0,
        17,
        0,
        18,
        0,
        0,
        1,
        0,
        1,
        0,
        2,
        0,
        2,
        0,
        7,
        0,
        19,
        0,
        4,
        5,
        20,
        0,
        6,
        0,
        21,
        0,
        22,
        0,
        23,
        0,
        0,
        1,
        0,
        1,
        0,
        2,
        0,
        2,
        0,
        7,
        0,
        24,
        0,
        25,
        0,
        26,
        0,
        27,
        8,
        8,
        0,
        28,
        0,
        9,
        3,
        3,
        0,
        9,
        3,
        3
      ]
    ]
  ]
]