[
  1,
  [
    "457oI5ALRGtap1Nzy/Qsnh"
  ],
  [
    "_textureSetter"
  ],
  [
    "cc.SpriteFrame"
  ],
  0,
  [
    [
      [
        {
          "name": "lv_bu_hit",
          "rect": [
            1,
            1,
            242,
            113
          ],
          "offset": [
            0,
            0
          ],
          "originalSize": [
            242,
            113
          ],
          "capInsets": [
            0,
            0,
            0,
            0
          ]
        }
      ],
      [
        0
      ],
      0,
      [
        0
      ],
      [
        0
      ],
      [
        0
      ]
    ],
    [
      [
        {
          "name": "lv_bu_combo",
          "rect": [
            245,
            1,
            425,
            98
          ],
          "offset": [
            0,
            0
          ],
          "originalSize": [
            425,
            98
          ],
          "capInsets": [
            0,
            0,
            0,
            0
          ]
        }
      ],
      [
        0
      ],
      0,
      [
        0
      ],
      [
        0
      ],
      [
        0
      ]
    ]
  ]
]