[
  1,
  [
    "15e5cb7c1",
    "1a7a0e57d",
    "1dad6a651",
    "14e8dda60",
    "ceWPu51m1NlpTpDp9nRZvL",
    "edj+EaNyJHuIt+3WDB8Uv5",
    "9bIJesuydEL6P1Q+qE+QwW",
    "91OJQhyY5Acr3Phg1xnZ5z",
    "acL14QwxdD9LUrb3s01WJL",
    "d95Vq8ynlB656AUfPBzm9n",
    "e5EBuoyGdPlY5zfgeid7dL",
    "a00omABU9MDogobLMQQbvf",
    "07A8bH0S1GWLs6nfx7x0x/",
    "55NxIJBDBGAKZ6aSomoJ0p",
    "2aA4MZUilMYJ8EZ+peIoEu",
    "1dNUt58apAVJk7P4nNkegl",
    "6eI3sA6K5DXYqaFVgpyUKq",
    "2cd8nKSChF5ZjkHor4yk0C",
    "feSl9hpoFNoJ64e9HgMOfe",
    "c1P6s22pZB2rcAlb/I2k3S",
    "81VUnr231NM4elxSHOnQKk",
    "b3dFy2FLBE8LVNJ4lpNU4w",
    "511SvXDzpEf4LNPZTzcLNu",
    "cbasJT0h5BZqaFkTblBgi0",
    "b6g5PfnKVCqqSTZPimwvVp",
    "35dP/AUP1Nu74R1SgDSF0q",
    "6aMpOSGixPj7+JtCtxWJLF",
    "35KMVE2MRCc4PdbJC48i9c",
    "5cB7rkUdxKlbhowQtenO55",
    "fasEMLIllAsbP/mxv8fWhL",
    "61RTsblsxN7Y1aypUYrZ+e",
    "27IR7er+RDPbLU04ghV4UE",
    "0dOQHGpsxIY4j8/fOedOf/",
    "51nCezhtNFqJJvEm6r7Vit",
    "23MmhdcodAxoiZXNXlXZkk",
    "98CBzJMv5DWZi1F69/ooco",
    "8azoXYJYxBvbcrkV1die++",
    "des9rHnh5HLJUQ4qn8tpq0",
    "8dFiU4KYlMLbnrhqus2f1N",
    "1cBk3OXhtNgLl0wbRp3QDU",
    "28Uf6iKP9G2KHeTUxjzXlE",
    "42YtWQDWtFPoOyFB860fhu",
    "27sIaVMhpKnYk8S7KN9d+K",
    "1eVhq+9jhOw4wkn/n5xnt/",
    "da13bE6XROgJv5jDJaD/dc",
    "cfr9EFJUhIx7L8W+RTtXMP",
    "bfYbZSoKBK8oRFO5fTMczV",
    "81tGU3niVAe55bN+1pOtx2",
    "58CvuAUrxCMZfYQqmJ5xCJ",
    "62qlbcSbNCKoWIcZeT/DMW",
    "afQu4+lxdPXLgTdXCs80Ok",
    "9cPrLDdatMLqeeWsVaAnFK",
    "57xHKYOGRGkrBtOg/VjRwD",
    "6av95ZWkpDhptAIOKkbofS",
    "f24gI1ABVHgqGuYzyUxa4A",
    "8a5gAdJVxA8qDH6jDGSsB/",
    "33t7yvTx9KX47B9Lz9lS4y",
    "a9zLxCeDtDfqND4MtKm1kl",
    "8cDfTmoSNM1rsAIJIBQRMC"
  ],
  [
    "_textureSetter",
    "0",
    "1",
    "2",
    "3",
    "4",
    "5",
    "6",
    "7",
    "8",
    "9",
    "10",
    "11",
    "12",
    "13",
    "14",
    "15",
    "16",
    "17",
    "18",
    "19",
    "20",
    "21",
    "22",
    "23",
    "24",
    "25",
    "26",
    "27",
    "28",
    "29",
    "30",
    "31",
    "32",
    "33",
    "34",
    "35",
    "36",
    "37",
    "38",
    "39",
    "40",
    "41",
    "42",
    "43",
    "44",
    "45",
    "46",
    "47",
    "48",
    "49",
    "50",
    "51",
    "52",
    "card_27",
    "card_40"
  ],
  [
    "cc.SpriteFrame",
    [
      "cc.SpriteAtlas",
      [
        "_name",
        "_spriteFrames"
      ],
      2,
      11
    ]
  ],
  [
    [
      1,
      0,
      1,
      2
    ]
  ],
  [
    [
      [
        {
          "name": "8",
          "rect": [
            581,
            910,
            110,
            145
          ],
          "offset": [
            0,
            0
          ],
          "originalSize": [
            110,
            145
          ],
          "rotated": 1,
          "capInsets": [
            0,
            0,
            0,
            0
          ]
        }
      ],
      [
        0
      ],
      0,
      [
        0
      ],
      [
        0
      ],
      [
        3
      ]
    ],
    [
      [
        {
          "name": "28",
          "rect": [
            732,
            910,
            110,
            145
          ],
          "offset": [
            0,
            0
          ],
          "originalSize": [
            110,
            145
          ],
          "rotated": 1,
          "capInsets": [
            0,
            0,
            0,
            0
          ]
        }
      ],
      [
        0
      ],
      0,
      [
        0
      ],
      [
        0
      ],
      [
        3
      ]
    ],
    [
      [
        {
          "name": "35",
          "rect": [
            851,
            3,
            110,
            145
          ],
          "offset": [
            0,
            0
          ],
          "originalSize": [
            110,
            145
          ],
          "rotated": 1,
          "capInsets": [
            0,
            0,
            0,
            0
          ]
        }
      ],
      [
        0
      ],
      0,
      [
        0
      ],
      [
        0
      ],
      [
        1
      ]
    ],
    [
      [
        {
          "name": "11",
          "rect": [
            3,
            903,
            110,
            145
          ],
          "offset": [
            0,
            0
          ],
          "originalSize": [
            110,
            145
          ],
          "rotated": 1,
          "capInsets": [
            0,
            0,
            0,
            0
          ]
        }
      ],
      [
        0
      ],
      0,
      [
        0
      ],
      [
        0
      ],
      [
        1
      ]
    ],
    [
      [
        {
          "name": "39",
          "rect": [
            154,
            903,
            110,
            145
          ],
          "offset": [
            0,
            0
          ],
          "originalSize": [
            110,
            145
          ],
          "rotated": 1,
          "capInsets": [
            0,
            0,
            0,
            0
          ]
        }
      ],
      [
        0
      ],
      0,
      [
        0
      ],
      [
        0
      ],
      [
        1
      ]
    ],
    [
      [
        {
          "name": "30",
          "rect": [
            305,
            902,
            110,
            145
          ],
          "offset": [
            0,
            0
          ],
          "originalSize": [
            110,
            145
          ],
          "rotated": 1,
          "capInsets": [
            0,
            0,
            0,
            0
          ]
        }
      ],
      [
        0
      ],
      0,
      [
        0
      ],
      [
        0
      ],
      [
        1
      ]
    ],
    [
      [
        {
          "name": "27",
          "rect": [
            456,
            902,
            110,
            145
          ],
          "offset": [
            0,
            0
          ],
          "originalSize": [
            110,
            145
          ],
          "rotated": 1,
          "capInsets": [
            0,
            0,
            0,
            0
          ]
        }
      ],
      [
        0
      ],
      0,
      [
        0
      ],
      [
        0
      ],
      [
        1
      ]
    ],
    [
      [
        {
          "name": "38",
          "rect": [
            607,
            902,
            110,
            145
          ],
          "offset": [
            0,
            0
          ],
          "originalSize": [
            110,
            145
          ],
          "rotated": 1,
          "capInsets": [
            0,
            0,
            0,
            0
          ]
        }
      ],
      [
        0
      ],
      0,
      [
        0
      ],
      [
        0
      ],
      [
        1
      ]
    ],
    [
      [
        {
          "name": "36",
          "rect": [
            596,
            3,
            110,
            145
          ],
          "offset": [
            0,
            0
          ],
          "originalSize": [
            110,
            145
          ],
          "rotated": 1,
          "capInsets": [
            0,
            0,
            0,
            0
          ]
        }
      ],
      [
        0
      ],
      0,
      [
        0
      ],
      [
        0
      ],
      [
        0
      ]
    ],
    [
      [
        {
          "name": "10",
          "rect": [
            747,
            3,
            110,
            145
          ],
          "offset": [
            0,
            0
          ],
          "originalSize": [
            110,
            145
          ],
          "rotated": 1,
          "capInsets": [
            0,
            0,
            0,
            0
          ]
        }
      ],
      [
        0
      ],
      0,
      [
        0
      ],
      [
        0
      ],
      [
        0
      ]
    ],
    [
      [
        {
          "name": "13",
          "rect": [
            596,
            119,
            110,
            145
          ],
          "offset": [
            0,
            0
          ],
          "originalSize": [
            110,
            145
          ],
          "rotated": 1,
          "capInsets": [
            0,
            0,
            0,
            0
          ]
        }
      ],
      [
        0
      ],
      0,
      [
        0
      ],
      [
        0
      ],
      [
        0
      ]
    ],
    [
      [
        {
          "name": "23",
          "rect": [
            898,
            152,
            110,
            145
          ],
          "offset": [
            0,
            0
          ],
          "originalSize": [
            110,
            145
          ],
          "capInsets": [
            0,
            0,
            0,
            0
          ]
        }
      ],
      [
        0
      ],
      0,
      [
        0
      ],
      [
        0
      ],
      [
        0
      ]
    ],
    [
      [
        {
          "name": "21",
          "rect": [
            386,
            132,
            110,
            145
          ],
          "offset": [
            0,
            0
          ],
          "originalSize": [
            110,
            145
          ],
          "rotated": 1,
          "capInsets": [
            0,
            0,
            0,
            0
          ]
        }
      ],
      [
        0
      ],
      0,
      [
        0
      ],
      [
        0
      ],
      [
        0
      ]
    ],
    [
      [
        {
          "name": "37",
          "rect": [
            537,
            235,
            110,
            145
          ],
          "offset": [
            0,
            0
          ],
          "originalSize": [
            110,
            145
          ],
          "rotated": 1,
          "capInsets": [
            0,
            0,
            0,
            0
          ]
        }
      ],
      [
        0
      ],
      0,
      [
        0
      ],
      [
        0
      ],
      [
        0
      ]
    ],
    [
      [
        {
          "name": "29",
          "rect": [
            688,
            235,
            110,
            145
          ],
          "offset": [
            0,
            0
          ],
          "originalSize": [
            110,
            145
          ],
          "rotated": 1,
          "capInsets": [
            0,
            0,
            0,
            0
          ]
        }
      ],
      [
        0
      ],
      0,
      [
        0
      ],
      [
        0
      ],
      [
        0
      ]
    ],
    [
      [
        {
          "name": "18",
          "rect": [
            839,
            303,
            110,
            145
          ],
          "offset": [
            0,
            0
          ],
          "originalSize": [
            110,
            145
          ],
          "rotated": 1,
          "capInsets": [
            0,
            0,
            0,
            0
          ]
        }
      ],
      [
        0
      ],
      0,
      [
        0
      ],
      [
        0
      ],
      [
        0
      ]
    ],
    [
      [
        [
          0,
          "cardAtlas.plist",
          [
            {},
            "0",
            6,
            0,
            "1",
            6,
            1,
            "2",
            6,
            2,
            "3",
            6,
            3,
            "4",
            6,
            4,
            "5",
            6,
            5,
            "6",
            6,
            6,
            "7",
            6,
            7,
            "8",
            6,
            8,
            "9",
            6,
            9,
            "10",
            6,
            10,
            "11",
            6,
            11,
            "12",
            6,
            12,
            "13",
            6,
            13,
            "14",
            6,
            14,
            "15",
            6,
            15,
            "16",
            6,
            16,
            "17",
            6,
            17,
            "18",
            6,
            18,
            "19",
            6,
            19,
            "20",
            6,
            20,
            "21",
            6,
            21,
            "22",
            6,
            22,
            "23",
            6,
            23,
            "24",
            6,
            24,
            "25",
            6,
            25,
            "26",
            6,
            26,
            "27",
            6,
            27,
            "28",
            6,
            28,
            "29",
            6,
            29,
            "30",
            6,
            30,
            "31",
            6,
            31,
            "32",
            6,
            32,
            "33",
            6,
            33,
            "34",
            6,
            34,
            "35",
            6,
            35,
            "36",
            6,
            36,
            "37",
            6,
            37,
            "38",
            6,
            38,
            "39",
            6,
            39,
            "40",
            6,
            40,
            "41",
            6,
            41,
            "42",
            6,
            42,
            "43",
            6,
            43,
            "44",
            6,
            44,
            "45",
            6,
            45,
            "46",
            6,
            46,
            "47",
            6,
            47,
            "48",
            6,
            48,
            "49",
            6,
            49,
            "50",
            6,
            50,
            "51",
            6,
            51,
            "52",
            6,
            52,
            "card_27",
            6,
            53,
            "card_40",
            6,
            54
          ]
        ]
      ],
      0,
      0,
      [
        0,
        0,
        0,
        0,
        0,
        0,
        0,
        0,
        0,
        0,
        0,
        0,
        0,
        0,
        0,
        0,
        0,
        0,
        0,
        0,
        0,
        0,
        0,
        0,
        0,
        0,
        0,
        0,
        0,
        0,
        0,
        0,
        0,
        0,
        0,
        0,
        0,
        0,
        0,
        0,
        0,
        0,
        0,
        0,
        0,
        0,
        0,
        0,
        0,
        0,
        0,
        0,
        0,
        0,
        0
      ],
      [
        1,
        2,
        3,
        4,
        5,
        6,
        7,
        8,
        9,
        10,
        11,
        12,
        13,
        14,
        15,
        16,
        17,
        18,
        19,
        20,
        21,
        22,
        23,
        24,
        25,
        26,
        27,
        28,
        29,
        30,
        31,
        32,
        33,
        34,
        35,
        36,
        37,
        38,
        39,
        40,
        41,
        42,
        43,
        44,
        45,
        46,
        47,
        48,
        49,
        50,
        51,
        52,
        53,
        54,
        55
      ],
      [
        4,
        5,
        6,
        7,
        8,
        9,
        10,
        11,
        12,
        13,
        14,
        15,
        16,
        17,
        18,
        19,
        20,
        21,
        22,
        23,
        24,
        25,
        26,
        27,
        28,
        29,
        30,
        31,
        32,
        33,
        34,
        35,
        36,
        37,
        38,
        39,
        40,
        41,
        42,
        43,
        44,
        45,
        46,
        47,
        48,
        49,
        50,
        51,
        52,
        53,
        54,
        55,
        56,
        57,
        58
      ]
    ],
    [
      [
        {
          "name": "9",
          "rect": [
            3,
            198,
            110,
            145
          ],
          "offset": [
            0,
            0
          ],
          "originalSize": [
            110,
            145
          ],
          "rotated": 1,
          "capInsets": [
            0,
            0,
            0,
            0
          ]
        }
      ],
      [
        0
      ],
      0,
      [
        0
      ],
      [
        0
      ],
      [
        0
      ]
    ],
    [
      [
        {
          "name": "48",
          "rect": [
            154,
            198,
            110,
            145
          ],
          "offset": [
            0,
            0
          ],
          "originalSize": [
            110,
            145
          ],
          "rotated": 1,
          "capInsets": [
            0,
            0,
            0,
            0
          ]
        }
      ],
      [
        0
      ],
      0,
      [
        0
      ],
      [
        0
      ],
      [
        0
      ]
    ],
    [
      [
        {
          "name": "44",
          "rect": [
            384,
            248,
            110,
            145
          ],
          "offset": [
            0,
            0
          ],
          "originalSize": [
            110,
            145
          ],
          "rotated": 1,
          "capInsets": [
            0,
            0,
            0,
            0
          ]
        }
      ],
      [
        0
      ],
      0,
      [
        0
      ],
      [
        0
      ],
      [
        0
      ]
    ],
    [
      [
        {
          "name": "24",
          "rect": [
            3,
            314,
            110,
            145
          ],
          "offset": [
            0,
            0
          ],
          "originalSize": [
            110,
            145
          ],
          "rotated": 1,
          "capInsets": [
            0,
            0,
            0,
            0
          ]
        }
      ],
      [
        0
      ],
      0,
      [
        0
      ],
      [
        0
      ],
      [
        0
      ]
    ],
    [
      [
        {
          "name": "26",
          "rect": [
            154,
            314,
            110,
            145
          ],
          "offset": [
            0,
            0
          ],
          "originalSize": [
            110,
            145
          ],
          "rotated": 1,
          "capInsets": [
            0,
            0,
            0,
            0
          ]
        }
      ],
      [
        0
      ],
      0,
      [
        0
      ],
      [
        0
      ],
      [
        0
      ]
    ],
    [
      [
        {
          "name": "45",
          "rect": [
            535,
            351,
            110,
            145
          ],
          "offset": [
            0,
            0
          ],
          "originalSize": [
            110,
            145
          ],
          "rotated": 1,
          "capInsets": [
            0,
            0,
            0,
            0
          ]
        }
      ],
      [
        0
      ],
      0,
      [
        0
      ],
      [
        0
      ],
      [
        0
      ]
    ],
    [
      [
        {
          "name": "22",
          "rect": [
            686,
            351,
            110,
            145
          ],
          "offset": [
            0,
            0
          ],
          "originalSize": [
            110,
            145
          ],
          "rotated": 1,
          "capInsets": [
            0,
            0,
            0,
            0
          ]
        }
      ],
      [
        0
      ],
      0,
      [
        0
      ],
      [
        0
      ],
      [
        0
      ]
    ],
    [
      [
        {
          "name": "49",
          "rect": [
            837,
            419,
            110,
            145
          ],
          "offset": [
            0,
            0
          ],
          "originalSize": [
            110,
            145
          ],
          "rotated": 1,
          "capInsets": [
            0,
            0,
            0,
            0
          ]
        }
      ],
      [
        0
      ],
      0,
      [
        0
      ],
      [
        0
      ],
      [
        0
      ]
    ],
    [
      [
        {
          "name": "12",
          "rect": [
            305,
            364,
            110,
            145
          ],
          "offset": [
            0,
            0
          ],
          "originalSize": [
            110,
            145
          ],
          "rotated": 1,
          "capInsets": [
            0,
            0,
            0,
            0
          ]
        }
      ],
      [
        0
      ],
      0,
      [
        0
      ],
      [
        0
      ],
      [
        0
      ]
    ],
    [
      [
        {
          "name": "16",
          "rect": [
            3,
            430,
            110,
            145
          ],
          "offset": [
            0,
            0
          ],
          "originalSize": [
            110,
            145
          ],
          "rotated": 1,
          "capInsets": [
            0,
            0,
            0,
            0
          ]
        }
      ],
      [
        0
      ],
      0,
      [
        0
      ],
      [
        0
      ],
      [
        0
      ]
    ],
    [
      [
        {
          "name": "43",
          "rect": [
            154,
            430,
            110,
            145
          ],
          "offset": [
            0,
            0
          ],
          "originalSize": [
            110,
            145
          ],
          "rotated": 1,
          "capInsets": [
            0,
            0,
            0,
            0
          ]
        }
      ],
      [
        0
      ],
      0,
      [
        0
      ],
      [
        0
      ],
      [
        0
      ]
    ],
    [
      [
        {
          "name": "32",
          "rect": [
            456,
            467,
            110,
            145
          ],
          "offset": [
            0,
            0
          ],
          "originalSize": [
            110,
            145
          ],
          "rotated": 1,
          "capInsets": [
            0,
            0,
            0,
            0
          ]
        }
      ],
      [
        0
      ],
      0,
      [
        0
      ],
      [
        0
      ],
      [
        0
      ]
    ],
    [
      [
        {
          "name": "51",
          "rect": [
            305,
            480,
            110,
            145
          ],
          "offset": [
            0,
            0
          ],
          "originalSize": [
            110,
            145
          ],
          "rotated": 1,
          "capInsets": [
            0,
            0,
            0,
            0
          ]
        }
      ],
      [
        0
      ],
      0,
      [
        0
      ],
      [
        0
      ],
      [
        0
      ]
    ],
    [
      [
        {
          "name": "card_40",
          "rect": [
            883,
            915,
            106,
            129
          ],
          "offset": [
            0,
            0
          ],
          "originalSize": [
            106,
            129
          ],
          "rotated": 1,
          "capInsets": [
            0,
            0,
            0,
            0
          ]
        }
      ],
      [
        0
      ],
      0,
      [
        0
      ],
      [
        0
      ],
      [
        3
      ]
    ],
    [
      [
        {
          "name": "34",
          "rect": [
            607,
            467,
            110,
            145
          ],
          "offset": [
            0,
            0
          ],
          "originalSize": [
            110,
            145
          ],
          "rotated": 1,
          "capInsets": [
            0,
            0,
            0,
            0
          ]
        }
      ],
      [
        0
      ],
      0,
      [
        0
      ],
      [
        0
      ],
      [
        0
      ]
    ],
    [
      [
        {
          "name": "3",
          "rect": [
            758,
            535,
            110,
            145
          ],
          "offset": [
            0,
            0
          ],
          "originalSize": [
            110,
            145
          ],
          "rotated": 1,
          "capInsets": [
            0,
            0,
            0,
            0
          ]
        }
      ],
      [
        0
      ],
      0,
      [
        0
      ],
      [
        0
      ],
      [
        0
      ]
    ],
    [
      [
        {
          "name": "31",
          "rect": [
            909,
            535,
            110,
            145
          ],
          "offset": [
            0,
            0
          ],
          "originalSize": [
            110,
            145
          ],
          "capInsets": [
            0,
            0,
            0,
            0
          ]
        }
      ],
      [
        0
      ],
      0,
      [
        0
      ],
      [
        0
      ],
      [
        0
      ]
    ],
    [
      [
        {
          "name": "2",
          "rect": [
            456,
            583,
            110,
            145
          ],
          "offset": [
            0,
            0
          ],
          "originalSize": [
            110,
            145
          ],
          "rotated": 1,
          "capInsets": [
            0,
            0,
            0,
            0
          ]
        }
      ],
      [
        0
      ],
      0,
      [
        0
      ],
      [
        0
      ],
      [
        0
      ]
    ],
    [
      [
        {
          "name": "47",
          "rect": [
            607,
            583,
            110,
            145
          ],
          "offset": [
            0,
            0
          ],
          "originalSize": [
            110,
            145
          ],
          "rotated": 1,
          "capInsets": [
            0,
            0,
            0,
            0
          ]
        }
      ],
      [
        0
      ],
      0,
      [
        0
      ],
      [
        0
      ],
      [
        0
      ]
    ],
    [
      [
        {
          "name": "7",
          "rect": [
            758,
            651,
            110,
            145
          ],
          "offset": [
            0,
            0
          ],
          "originalSize": [
            110,
            145
          ],
          "rotated": 1,
          "capInsets": [
            0,
            0,
            0,
            0
          ]
        }
      ],
      [
        0
      ],
      0,
      [
        0
      ],
      [
        0
      ],
      [
        0
      ]
    ],
    [
      [
        {
          "name": "card_27",
          "rect": [
            898,
            3,
            120,
            143
          ],
          "offset": [
            0,
            0
          ],
          "originalSize": [
            120,
            143
          ],
          "capInsets": [
            0,
            0,
            0,
            0
          ]
        }
      ],
      [
        0
      ],
      0,
      [
        0
      ],
      [
        0
      ],
      [
        0
      ]
    ],
    [
      [
        {
          "name": "4",
          "rect": [
            909,
            686,
            110,
            145
          ],
          "offset": [
            0,
            0
          ],
          "originalSize": [
            110,
            145
          ],
          "capInsets": [
            0,
            0,
            0,
            0
          ]
        }
      ],
      [
        0
      ],
      0,
      [
        0
      ],
      [
        0
      ],
      [
        0
      ]
    ],
    [
      [
        {
          "name": "46",
          "rect": [
            3,
            837,
            110,
            145
          ],
          "offset": [
            0,
            0
          ],
          "originalSize": [
            110,
            145
          ],
          "capInsets": [
            0,
            0,
            0,
            0
          ]
        }
      ],
      [
        0
      ],
      0,
      [
        0
      ],
      [
        0
      ],
      [
        0
      ]
    ],
    [
      [
        {
          "name": "17",
          "rect": [
            3,
            546,
            110,
            145
          ],
          "offset": [
            0,
            0
          ],
          "originalSize": [
            110,
            145
          ],
          "capInsets": [
            0,
            0,
            0,
            0
          ]
        }
      ],
      [
        0
      ],
      0,
      [
        0
      ],
      [
        0
      ],
      [
        0
      ]
    ],
    [
      [
        {
          "name": "20",
          "rect": [
            119,
            546,
            110,
            145
          ],
          "offset": [
            0,
            0
          ],
          "originalSize": [
            110,
            145
          ],
          "capInsets": [
            0,
            0,
            0,
            0
          ]
        }
      ],
      [
        0
      ],
      0,
      [
        0
      ],
      [
        0
      ],
      [
        0
      ]
    ],
    [
      [
        {
          "name": "42",
          "rect": [
            119,
            837,
            110,
            145
          ],
          "offset": [
            0,
            0
          ],
          "originalSize": [
            110,
            145
          ],
          "capInsets": [
            0,
            0,
            0,
            0
          ]
        }
      ],
      [
        0
      ],
      0,
      [
        0
      ],
      [
        0
      ],
      [
        0
      ]
    ],
    [
      [
        {
          "name": "15",
          "rect": [
            291,
            596,
            110,
            145
          ],
          "offset": [
            0,
            0
          ],
          "originalSize": [
            110,
            145
          ],
          "rotated": 1,
          "capInsets": [
            0,
            0,
            0,
            0
          ]
        }
      ],
      [
        0
      ],
      0,
      [
        0
      ],
      [
        0
      ],
      [
        0
      ]
    ],
    [
      [
        {
          "name": "19",
          "rect": [
            235,
            837,
            110,
            145
          ],
          "offset": [
            0,
            0
          ],
          "originalSize": [
            110,
            145
          ],
          "capInsets": [
            0,
            0,
            0,
            0
          ]
        }
      ],
      [
        0
      ],
      0,
      [
        0
      ],
      [
        0
      ],
      [
        0
      ]
    ],
    [
      [
        {
          "name": "0",
          "rect": [
            291,
            712,
            110,
            145
          ],
          "offset": [
            0,
            0
          ],
          "originalSize": [
            110,
            145
          ],
          "rotated": 1,
          "capInsets": [
            0,
            0,
            0,
            0
          ]
        }
      ],
      [
        0
      ],
      0,
      [
        0
      ],
      [
        0
      ],
      [
        0
      ]
    ],
    [
      [
        {
          "name": "41",
          "rect": [
            351,
            837,
            110,
            145
          ],
          "offset": [
            0,
            0
          ],
          "originalSize": [
            110,
            145
          ],
          "capInsets": [
            0,
            0,
            0,
            0
          ]
        }
      ],
      [
        0
      ],
      0,
      [
        0
      ],
      [
        0
      ],
      [
        0
      ]
    ],
    [
      [
        {
          "name": "5",
          "rect": [
            587,
            699,
            110,
            145
          ],
          "offset": [
            0,
            0
          ],
          "originalSize": [
            110,
            145
          ],
          "rotated": 1,
          "capInsets": [
            0,
            0,
            0,
            0
          ]
        }
      ],
      [
        0
      ],
      0,
      [
        0
      ],
      [
        0
      ],
      [
        0
      ]
    ],
    [
      [
        {
          "name": "40",
          "rect": [
            738,
            767,
            110,
            145
          ],
          "offset": [
            0,
            0
          ],
          "originalSize": [
            110,
            145
          ],
          "rotated": 1,
          "capInsets": [
            0,
            0,
            0,
            0
          ]
        }
      ],
      [
        0
      ],
      0,
      [
        0
      ],
      [
        0
      ],
      [
        0
      ]
    ],
    [
      [
        {
          "name": "33",
          "rect": [
            587,
            815,
            110,
            145
          ],
          "offset": [
            0,
            0
          ],
          "originalSize": [
            110,
            145
          ],
          "rotated": 1,
          "capInsets": [
            0,
            0,
            0,
            0
          ]
        }
      ],
      [
        0
      ],
      0,
      [
        0
      ],
      [
        0
      ],
      [
        0
      ]
    ],
    [
      [
        {
          "name": "6",
          "rect": [
            467,
            837,
            110,
            145
          ],
          "offset": [
            0,
            0
          ],
          "originalSize": [
            110,
            145
          ],
          "capInsets": [
            0,
            0,
            0,
            0
          ]
        }
      ],
      [
        0
      ],
      0,
      [
        0
      ],
      [
        0
      ],
      [
        0
      ]
    ],
    [
      [
        {
          "name": "1",
          "rect": [
            148,
            3,
            110,
            145
          ],
          "offset": [
            0,
            0
          ],
          "originalSize": [
            110,
            145
          ],
          "capInsets": [
            0,
            0,
            0,
            0
          ]
        }
      ],
      [
        0
      ],
      0,
      [
        0
      ],
      [
        0
      ],
      [
        2
      ]
    ],
    [
      [
        {
          "name": "50",
          "rect": [
            3,
            215,
            110,
            145
          ],
          "offset": [
            0,
            0
          ],
          "originalSize": [
            110,
            145
          ],
          "rotated": 1,
          "capInsets": [
            0,
            0,
            0,
            0
          ]
        }
      ],
      [
        0
      ],
      0,
      [
        0
      ],
      [
        0
      ],
      [
        2
      ]
    ],
    [
      [
        {
          "name": "25",
          "rect": [
            264,
            3,
            110,
            145
          ],
          "offset": [
            0,
            0
          ],
          "originalSize": [
            110,
            145
          ],
          "capInsets": [
            0,
            0,
            0,
            0
          ]
        }
      ],
      [
        0
      ],
      0,
      [
        0
      ],
      [
        0
      ],
      [
        2
      ]
    ],
    [
      [
        {
          "name": "14",
          "rect": [
            154,
            154,
            110,
            145
          ],
          "offset": [
            0,
            0
          ],
          "originalSize": [
            110,
            145
          ],
          "capInsets": [
            0,
            0,
            0,
            0
          ]
        }
      ],
      [
        0
      ],
      0,
      [
        0
      ],
      [
        0
      ],
      [
        2
      ]
    ]
  ]
]