[1,["71E+qbGuNFq4EYzmYWY06t"],0,[["sp.SkeletonData",["_name","_atlasText","textureNames","_skeletonJson","textures"],-1,3]],[[0,0,1,2,3,4,5]],[[0,"s_wild_b_atlas_specials","\nspecials.png\nsize: 2017,859\nformat: RGBA8888\nfilter: Linear,Linear\nrepeat: none\nfs\n  rotate: true\n  xy: 628, 106\n  size: 250, 144\n  orig: 250, 144\n  offset: 0, 0\n  index: -1\nfs_fx01\n  rotate: true\n  xy: 1708, 63\n  size: 40, 48\n  orig: 40, 48\n  offset: 0, 0\n  index: -1\nfs_fx02\n  rotate: false\n  xy: 1366, 135\n  size: 55, 77\n  orig: 55, 77\n  offset: 0, 0\n  index: -1\nfs_fx03\n  rotate: true\n  xy: 1001, 43\n  size: 79, 95\n  orig: 79, 95\n  offset: 0, 0\n  index: -1\nfs_fx04\n  rotate: true\n  xy: 1413, 17\n  size: 81, 95\n  orig: 81, 95\n  offset: 0, 0\n  index: -1\nfs_fx05\n  rotate: false\n  xy: 1098, 42\n  size: 126, 95\n  orig: 126, 95\n  offset: 0, 0\n  index: -1\nfs_fx06\n  rotate: false\n  xy: 1423, 100\n  size: 124, 92\n  orig: 124, 92\n  offset: 0, 0\n  index: -1\nfs_fx07\n  rotate: false\n  xy: 575, 9\n  size: 154, 95\n  orig: 154, 95\n  offset: 0, 0\n  index: -1\nfs_fx08\n  rotate: true\n  xy: 1920, 27\n  size: 156, 95\n  orig: 156, 95\n  offset: 0, 0\n  index: -1\nfs_fx09\n  rotate: false\n  xy: 1226, 42\n  size: 123, 95\n  orig: 123, 95\n  offset: 0, 0\n  index: -1\nfs_fx10\n  rotate: false\n  xy: 1950, 378\n  size: 62, 88\n  orig: 62, 88\n  offset: 0, 0\n  index: -1\nfs_fx11\n  rotate: true\n  xy: 1646, 66\n  size: 37, 60\n  orig: 37, 60\n  offset: 0, 0\n  index: -1\ns_fs_bg\n  rotate: false\n  xy: 1507, 638\n  size: 258, 219\n  orig: 258, 219\n  offset: 0, 0\n  index: -1\ns_fs_bgfx01\n  rotate: false\n  xy: 1767, 497\n  size: 181, 154\n  orig: 181, 154\n  offset: 0, 0\n  index: -1\ns_fs_bgfx02\n  rotate: false\n  xy: 1767, 341\n  size: 181, 154\n  orig: 181, 154\n  offset: 0, 0\n  index: -1\ns_fs_bgfx03\n  rotate: true\n  xy: 1425, 194\n  size: 181, 154\n  orig: 181, 154\n  offset: 0, 0\n  index: -1\ns_fs_bgfx04\n  rotate: false\n  xy: 1581, 261\n  size: 181, 154\n  orig: 181, 154\n  offset: 0, 0\n  index: -1\ns_fs_bgfx05\n  rotate: false\n  xy: 1764, 185\n  size: 181, 154\n  orig: 181, 154\n  offset: 0, 0\n  index: -1\ns_fs_bgfx06\n  rotate: false\n  xy: 1581, 105\n  size: 181, 154\n  orig: 181, 154\n  offset: 0, 0\n  index: -1\ns_fs_bgfx07\n  rotate: true\n  xy: 1764, 2\n  size: 181, 154\n  orig: 181, 154\n  offset: 0, 0\n  index: -1\ns_fs_fx_sparkle\n  rotate: false\n  xy: 847, 576\n  size: 21, 21\n  orig: 21, 21\n  offset: 0, 0\n  index: -1\ns_w_a_bg\n  rotate: false\n  xy: 1767, 653\n  size: 242, 204\n  orig: 242, 204\n  offset: 0, 0\n  index: -1\ns_w_a_frame\n  rotate: false\n  xy: 1507, 417\n  size: 258, 219\n  orig: 258, 219\n  offset: 0, 0\n  index: -1\ns_w_b_aurora\n  rotate: true\n  xy: 880, 618\n  size: 239, 625\n  orig: 239, 625\n  offset: 0, 0\n  index: -1\ns_w_b_bg\n  rotate: true\n  xy: 2, 358\n  size: 239, 843\n  orig: 239, 843\n  offset: 0, 0\n  index: -1\ns_w_b_frame\n  rotate: true\n  xy: 2, 599\n  size: 258, 876\n  orig: 258, 876\n  offset: 0, 0\n  index: -1\ns_w_b_star01\n  rotate: true\n  xy: 2, 117\n  size: 239, 624\n  orig: 239, 624\n  offset: 0, 0\n  index: -1\ns_w_b_star02\n  rotate: true\n  xy: 880, 377\n  size: 239, 624\n  orig: 239, 624\n  offset: 0, 0\n  index: -1\ns_w_txt_a\n  rotate: false\n  xy: 832, 124\n  size: 261, 88\n  orig: 261, 88\n  offset: 0, 0\n  index: -1\ns_w_txt_ax\n  rotate: true\n  xy: 1950, 468\n  size: 183, 62\n  orig: 183, 62\n  offset: 0, 0\n  index: -1\ns_w_txt_b\n  rotate: true\n  xy: 847, 214\n  size: 161, 576\n  orig: 161, 576\n  offset: 0, 0\n  index: -1\ns_w_txt_bx\n  rotate: true\n  xy: 2, 2\n  size: 113, 403\n  orig: 113, 403\n  offset: 0, 0\n  index: -1\ns_wild_b_fx01\n  rotate: true\n  xy: 774, 2\n  size: 59, 60\n  orig: 59, 60\n  offset: 0, 0\n  index: -1\ns_wild_b_fx02\n  rotate: true\n  xy: 832, 63\n  size: 59, 167\n  orig: 59, 167\n  offset: 0, 0\n  index: -1\ns_wild_b_fx03\n  rotate: false\n  xy: 774, 69\n  size: 56, 287\n  orig: 56, 287\n  offset: 0, 0\n  index: -1\ns_wild_b_fx04\n  rotate: true\n  xy: 1095, 139\n  size: 73, 269\n  orig: 73, 269\n  offset: 0, 0\n  index: -1\ns_wild_b_fx05\n  rotate: true\n  xy: 407, 26\n  size: 89, 166\n  orig: 89, 166\n  offset: 0, 0\n  index: -1\ns_wild_b_fx06\n  rotate: true\n  xy: 1351, 43\n  size: 90, 60\n  orig: 90, 60\n  offset: 0, 0\n  index: -1\ns_wild_b_fx07\n  rotate: true\n  xy: 731, 14\n  size: 90, 41\n  orig: 90, 41\n  offset: 0, 0\n  index: -1\ns_wild_fx01\n  rotate: true\n  xy: 1950, 334\n  size: 42, 47\n  orig: 42, 47\n  offset: 0, 0\n  index: -1\ns_wild_fx02\n  rotate: false\n  xy: 1559, 7\n  size: 76, 47\n  orig: 76, 47\n  offset: 0, 0\n  index: -1\ns_wild_fx03\n  rotate: true\n  xy: 1510, 4\n  size: 94, 47\n  orig: 94, 47\n  offset: 0, 0\n  index: -1\ns_wild_fx04\n  rotate: false\n  xy: 1559, 56\n  size: 85, 47\n  orig: 85, 47\n  offset: 0, 0\n  index: -1\ns_wild_fx05\n  rotate: false\n  xy: 836, 14\n  size: 87, 47\n  orig: 87, 47\n  offset: 0, 0\n  index: -1\ns_wild_fx06\n  rotate: false\n  xy: 925, 14\n  size: 63, 47\n  orig: 63, 47\n  offset: 0, 0\n  index: -1\ns_wild_fx07\n  rotate: true\n  xy: 1920, 2\n  size: 23, 41\n  orig: 23, 41\n  offset: 0, 0\n  index: -1\n",["specials.png"],{"skeleton":{"hash":"Q0bi87oLuKDc3A0bVXec1F2nR7Y","spine":"3.6.53","width":0,"height":0,"images":"./images/"},"bones":[{"name":"root","scaleX":0.5,"scaleY":0.5},{"name":"_subroot","parent":"root"},{"name":"bone","parent":"_subroot","x":-128.41,"y":-25.09},{"name":"bone2","parent":"_subroot","x":-4.43,"y":28.04},{"name":"bone3","parent":"_subroot","x":121.03,"y":7.38},{"name":"bone4","parent":"_subroot","x":174.17,"y":404.42},{"name":"bone5","parent":"_subroot","x":82.66,"y":373.43},{"name":"bone6","parent":"_subroot","x":-36.9,"y":448.7},{"name":"bone7","parent":"_subroot","x":-143.17,"y":535.79},{"name":"bone8","parent":"_subroot","x":233.25,"y":95.86},{"name":"bone9","parent":"_subroot","x":-235.53,"y":-99.25},{"name":"bone10","parent":"_subroot","x":-231.88,"y":568.2},{"name":"s_w_txt_bx","parent":"_subroot","y":114.48},{"name":"txt","parent":"_subroot","y":114.49}],"slots":[{"name":"s_w_b_bg","bone":"_subroot","attachment":"s_w_b_bg"},{"name":"s_w_b_bg2","bone":"_subroot","blend":"screen"},{"name":"s_w_b_aurora","bone":"_subroot","attachment":"s_w_b_aurora","blend":"screen"},{"name":"s_w_b_star01","bone":"_subroot","attachment":"s_w_b_star01","blend":"screen"},{"name":"s_w_b_star02","bone":"_subroot","attachment":"s_w_b_star02","blend":"screen"},{"name":"s_w_b_frame","bone":"_subroot","attachment":"s_w_b_frame"},{"name":"s_w_txt_b","bone":"txt","attachment":"s_w_txt_b"},{"name":"s_w_txt_b2","bone":"txt","blend":"screen"},{"name":"s_w_txt_bx","bone":"s_w_txt_bx","blend":"additive"},{"name":"s_wild_b_fx01","bone":"txt","blend":"additive"},{"name":"s_wild_b_fx02","bone":"txt","blend":"additive"},{"name":"s_wild_b_fx03","bone":"txt","blend":"additive"},{"name":"s_wild_b_fx04","bone":"txt","blend":"additive"},{"name":"s_wild_b_fx05","bone":"txt","blend":"additive"},{"name":"s_wild_b_fx06","bone":"txt","blend":"additive"},{"name":"s_wild_b_fx07","bone":"txt","blend":"additive"}],"skins":{"default":{"s_w_b_aurora":{"s_w_b_aurora":{"type":"mesh","hull":17,"width":478,"height":1250,"uvs":[1,0.21418,1,0.43902,1,0.58958,1,1,0.76691,1,0.47665,1,0.21727,1,0,1,0,0.75961,0,0.43429,0,0.22953,0,0,0.21418,0,0.42416,0,0.64957,0,0.85337,0,1,0,0.22654,0.66869,0.49827,0.64389,0.75456,0.6498,0.86572,0.32281,0.66501,0.35824,0.43651,0.30392,0.22036,0.2378,0.21727,0.44256,0.46121,0.4709,0.69589,0.48153,0.88734,0.45437],"triangles":[24,23,22,24,9,23,9,10,23,24,22,25,25,22,21,22,14,21,23,13,22,25,21,26,26,21,20,27,26,20,27,20,1,20,0,1,18,26,19,19,27,2,19,26,27,4,18,19,5,17,18,17,25,18,18,25,26,17,9,24,17,8,9,17,24,25,3,19,2,3,4,19,4,5,18,6,17,5,17,6,8,6,7,8,27,1,2,20,14,15,20,21,14,20,15,0,22,13,14,10,12,23,23,12,13,10,11,12,15,16,0],"vertices":[4,1,239,585.93,0.504,5,64.83,181.5,0.34626,7,275.9,137.22,0.08355,8,382.17,50.14,0.06619,3,1,239,299.26,0.5791,4,117.97,291.88,0.24158,5,64.83,-105.17,0.17932,3,1,239,107.3,0.2439,4,117.97,99.92,0.19491,9,5.75,11.44,0.56118,1,1,239,-415.99,1,1,1,127.58,-415.99,1,1,1,-11.16,-415.99,1,1,1,-135.14,-415.99,1,1,1,-239,-415.99,1,5,1,-239,-109.5,0.2503,2,-110.59,-84.41,0.25688,4,-360.03,-116.88,0.00476,7,-202.1,-558.2,0.00005,10,-3.47,-10.25,0.488,7,1,-239,305.28,0.49816,2,-110.59,330.37,0.19453,3,-234.57,277.24,0.00167,4,-360.03,297.9,0.00359,5,-413.17,-99.14,0.00019,7,-202.1,-143.42,0.00325,8,-95.83,-230.51,0.29862,7,1,-239,566.36,0.25402,2,-110.59,591.45,0.00059,3,-234.57,538.31,0.00137,5,-413.17,161.93,0.00015,7,-202.1,117.65,0.00264,8,-95.83,30.57,0.24524,11,-7.12,-1.85,0.496,1,1,-239,859.01,1,1,1,-136.62,859.01,1,1,1,-36.25,859.01,1,1,1,71.5,859.01,1,1,1,168.91,859.01,1,1,1,239,859.01,1,5,2,-2.3,31.52,0.88722,3,-126.29,-21.62,0.09277,6,-213.37,-367,0.00801,7,-93.82,-442.28,0.01142,8,12.46,-529.36,0.00059,4,3,3.6,10,0.98586,4,-121.86,30.66,0.01251,5,-175,-366.38,0.00013,6,-83.48,-335.39,0.0015,5,3,126.11,2.47,0.04546,4,0.65,23.13,0.93358,5,-52.49,-373.91,0.00413,6,39.02,-342.91,0.01668,7,158.58,-418.19,0.00015,3,5,0.65,42.99,0.95789,7,211.72,-1.29,0.03216,8,317.99,-88.37,0.00995,4,5,-95.29,-2.17,0.03441,6,-3.78,28.83,0.90663,7,115.78,-46.45,0.05871,8,222.05,-133.53,0.00025,3,5,-204.52,67.08,0.0076,6,-113,98.08,0.0007,7,6.55,22.8,0.99171,3,5,-307.84,151.39,0.00367,7,-96.77,107.11,0.02561,8,9.5,20.03,0.97073,7,1,-135.14,294.74,0.54178,2,-6.73,319.83,0.19612,3,-130.72,266.7,0.02054,5,-309.31,-109.68,0.00085,6,-217.8,-78.69,0.00177,7,-98.24,-153.96,0.0085,8,8.03,-241.05,0.23043,8,1,-18.54,258.61,0.52832,2,109.87,283.7,0.00459,3,-14.11,230.56,0.22458,4,-139.57,251.23,0.00284,5,-192.71,-145.82,0.00182,6,-101.2,-114.82,0.00055,7,18.36,-190.1,0.23192,8,124.63,-277.18,0.00539,7,1,93.64,245.06,0.504,3,98.06,217.02,0.02236,4,-27.4,237.68,0.18352,5,-80.53,-159.36,0.01066,6,10.98,-128.37,0.26258,7,130.54,-203.64,0.01682,8,236.81,-290.73,0.00007,7,1,185.15,279.69,0.46442,3,189.58,251.64,0.01959,4,64.12,272.31,0.13466,5,10.98,-124.74,0.28287,6,102.49,-93.74,0.0826,7,222.05,-169.02,0.01303,8,328.32,-256.1,0.00283],"edges":[14,16,16,34,34,36,36,38,6,4,38,4,0,32,0,40,40,42,42,44,44,46,20,22,46,20,22,24,46,24,24,26,44,26,26,28,42,28,28,30,30,32,40,30,12,14,34,12,10,12,36,10,6,8,8,10,38,8,0,2,2,4,16,18,18,20]}},"s_w_b_bg":{"s_w_b_bg":{"scaleY":1.02,"width":478,"height":1685}},"s_w_b_bg2":{"s_w_b_bg":{"scaleY":1.02,"width":478,"height":1685}},"s_w_b_frame":{"s_w_b_frame":{"width":516,"height":1752}},"s_w_b_star01":{"s_w_b_star01":{"y":234.21,"width":478,"height":1248}},"s_w_b_star02":{"s_w_b_star02":{"y":234.21,"width":478,"height":1248}},"s_w_txt_b":{"s_w_txt_b":{"width":322,"height":1152}},"s_w_txt_b2":{"s_w_txt_b":{"width":322,"height":1152}},"s_w_txt_bx":{"s_w_txt_bx":{"scaleX":1.43,"scaleY":1.43,"width":225,"height":806}},"s_wild_b_fx01":{"s_wild_b_fx01":{"x":-1.41,"y":-457.74,"scaleX":1.43,"scaleY":1.43,"width":117,"height":120}},"s_wild_b_fx02":{"s_wild_b_fx02":{"x":-1.41,"y":-302.74,"scaleX":1.43,"scaleY":1.43,"width":117,"height":334}},"s_wild_b_fx03":{"s_wild_b_fx03":{"x":-7.3,"y":-3.86,"scaleX":1.43,"scaleY":1.43,"width":112,"height":573}},"s_wild_b_fx04":{"s_wild_b_fx04":{"x":-9.91,"y":153.1,"scaleX":1.43,"scaleY":1.43,"width":146,"height":537}},"s_wild_b_fx05":{"s_wild_b_fx05":{"x":-1.41,"y":310.06,"scaleX":1.43,"scaleY":1.43,"width":178,"height":332}},"s_wild_b_fx06":{"s_wild_b_fx06":{"x":0.26,"y":464.4,"scaleX":1.43,"scaleY":1.43,"width":180,"height":120}},"s_wild_b_fx07":{"s_wild_b_fx07":{"x":0.26,"y":491.08,"scaleX":1.43,"scaleY":1.43,"width":180,"height":82}}}},"animations":{"idle":{"slots":{"s_w_b_star01":{"color":[{"time":0,"color":"ffffffff"},{"time":0.3333,"color":"ffffffb3"},{"time":0.6667,"color":"ffffffff"},{"time":1,"color":"ffffff65"},{"time":1.3333,"color":"ffffffc5"},{"time":1.6667,"color":"ffffffc2"},{"time":2,"color":"ffffffff"},{"time":2.3333,"color":"ffffffd2"},{"time":2.6667,"color":"ffffffff"},{"time":3,"color":"ffffffe1"},{"time":3.3333,"color":"ffffffff"},{"time":3.6667,"color":"ffffffbb"},{"time":4,"color":"ffffffff"},{"time":4.3333,"color":"ffffff9e"},{"time":4.6667,"color":"ffffffff"},{"time":5,"color":"ffffffde"},{"time":5.3333,"color":"ffffffff"}]},"s_w_b_star02":{"color":[{"time":0,"color":"ffffffff"},{"time":0.5333,"color":"ffffff8d"},{"time":1,"color":"ffffffff"},{"time":1.5333,"color":"ffffffac"},{"time":2.0667,"color":"ffffffff"},{"time":2.6,"color":"ffffffad"},{"time":3.2,"color":"ffffffff"},{"time":3.8,"color":"ffffff87"},{"time":4.4,"color":"ffffffff"},{"time":4.9333,"color":"ffffffb8"},{"time":5.3333,"color":"ffffffff"}]},"s_w_txt_b2":{"color":[{"time":0,"color":"ffffff46","curve":[0.25,0,0.75,1]},{"time":0.6667,"color":"ffffff00","curve":[0.25,0,0.75,1]},{"time":1.3333,"color":"ffffff46","curve":[0.25,0,0.75,1]},{"time":2,"color":"ffffff00","curve":[0.25,0,0.75,1]},{"time":2.6667,"color":"ffffff46","curve":[0.25,0,0.75,1]},{"time":3.3333,"color":"ffffff00","curve":[0.25,0,0.75,1]},{"time":4,"color":"ffffff46","curve":[0.25,0,0.75,1]},{"time":4.6667,"color":"ffffff00","curve":[0.25,0,0.75,1]},{"time":5.3333,"color":"ffffff46"}],"attachment":[{"time":0,"name":"s_w_txt_b"}]},"s_wild_b_fx01":{"color":[{"time":0,"color":"ffffff00"},{"time":0.2333,"color":"ffffff73"},{"time":0.6,"color":"ffffff00","curve":"stepped"},{"time":1.3333,"color":"ffffff00"},{"time":1.5667,"color":"ffffff73"},{"time":1.9333,"color":"ffffff00","curve":"stepped"},{"time":2.6667,"color":"ffffff00"},{"time":2.9,"color":"ffffff73"},{"time":3.2667,"color":"ffffff00","curve":"stepped"},{"time":4,"color":"ffffff00"},{"time":4.2333,"color":"ffffff73"},{"time":4.6,"color":"ffffff00"}],"attachment":[{"time":0,"name":"s_wild_b_fx01"}]},"s_wild_b_fx02":{"color":[{"time":0.1,"color":"ffffff00"},{"time":0.3333,"color":"ffffff73"},{"time":0.7,"color":"ffffff00","curve":"stepped"},{"time":1.4333,"color":"ffffff00"},{"time":1.6667,"color":"ffffff73"},{"time":2.0333,"color":"ffffff00","curve":"stepped"},{"time":2.7667,"color":"ffffff00"},{"time":3,"color":"ffffff73"},{"time":3.3667,"color":"ffffff00","curve":"stepped"},{"time":4.1,"color":"ffffff00"},{"time":4.3333,"color":"ffffff73"},{"time":4.7,"color":"ffffff00"}],"attachment":[{"time":0.1,"name":"s_wild_b_fx02"}]},"s_wild_b_fx03":{"color":[{"time":0.2,"color":"ffffff00"},{"time":0.4333,"color":"ffffff73"},{"time":0.8,"color":"ffffff00","curve":"stepped"},{"time":1.5333,"color":"ffffff00"},{"time":1.7667,"color":"ffffff73"},{"time":2.1333,"color":"ffffff00","curve":"stepped"},{"time":2.8667,"color":"ffffff00"},{"time":3.1,"color":"ffffff73"},{"time":3.4667,"color":"ffffff00","curve":"stepped"},{"time":4.2,"color":"ffffff00"},{"time":4.4333,"color":"ffffff73"},{"time":4.8,"color":"ffffff00"}],"attachment":[{"time":0.2,"name":"s_wild_b_fx03"}]},"s_wild_b_fx04":{"color":[{"time":0.3,"color":"ffffff00"},{"time":0.5333,"color":"ffffff73"},{"time":0.9,"color":"ffffff00","curve":"stepped"},{"time":1.6333,"color":"ffffff00"},{"time":1.8667,"color":"ffffff73"},{"time":2.2333,"color":"ffffff00","curve":"stepped"},{"time":2.9667,"color":"ffffff00"},{"time":3.2,"color":"ffffff73"},{"time":3.5667,"color":"ffffff00","curve":"stepped"},{"time":4.3,"color":"ffffff00"},{"time":4.5333,"color":"ffffff73"},{"time":4.9,"color":"ffffff00"}],"attachment":[{"time":0.3,"name":"s_wild_b_fx04"}]},"s_wild_b_fx05":{"color":[{"time":0.4,"color":"ffffff00"},{"time":0.6333,"color":"ffffff73"},{"time":1,"color":"ffffff00","curve":"stepped"},{"time":1.7333,"color":"ffffff00"},{"time":1.9667,"color":"ffffff73"},{"time":2.3333,"color":"ffffff00","curve":"stepped"},{"time":3.0667,"color":"ffffff00"},{"time":3.3,"color":"ffffff73"},{"time":3.6667,"color":"ffffff00","curve":"stepped"},{"time":4.4,"color":"ffffff00"},{"time":4.6333,"color":"ffffff73"},{"time":5,"color":"ffffff00"}],"attachment":[{"time":0.4,"name":"s_wild_b_fx05"}]},"s_wild_b_fx06":{"color":[{"time":0.5,"color":"ffffff00"},{"time":0.7333,"color":"ffffff73"},{"time":1.1,"color":"ffffff00","curve":"stepped"},{"time":1.8333,"color":"ffffff00"},{"time":2.0667,"color":"ffffff73"},{"time":2.4333,"color":"ffffff00","curve":"stepped"},{"time":3.1667,"color":"ffffff00"},{"time":3.4,"color":"ffffff73"},{"time":3.7667,"color":"ffffff00","curve":"stepped"},{"time":4.5,"color":"ffffff00"},{"time":4.7333,"color":"ffffff73"},{"time":5.1,"color":"ffffff00"}],"attachment":[{"time":0.5,"name":"s_wild_b_fx06"}]},"s_wild_b_fx07":{"color":[{"time":0.6,"color":"ffffff00"},{"time":0.8333,"color":"ffffff73"},{"time":1.2,"color":"ffffff00","curve":"stepped"},{"time":1.9333,"color":"ffffff00"},{"time":2.1667,"color":"ffffff73"},{"time":2.5333,"color":"ffffff00","curve":"stepped"},{"time":3.2667,"color":"ffffff00"},{"time":3.5,"color":"ffffff73"},{"time":3.8667,"color":"ffffff00","curve":"stepped"},{"time":4.6,"color":"ffffff00"},{"time":4.8333,"color":"ffffff73"},{"time":5.2,"color":"ffffff00"}],"attachment":[{"time":0.6,"name":"s_wild_b_fx07"}]}},"bones":{"txt":{"scale":[{"time":0,"x":1,"y":1,"curve":[0.366,0.49,0.75,1]},{"time":0.3333,"x":0.99,"y":0.99,"curve":[0.25,0,0.75,1]},{"time":1,"x":1.01,"y":1.01,"curve":[0.25,0,0.607,0.49]},{"time":1.3333,"x":1,"y":1,"curve":[0.366,0.49,0.75,1]},{"time":1.6667,"x":0.99,"y":0.99,"curve":[0.25,0,0.75,1]},{"time":2.3333,"x":1.01,"y":1.01,"curve":[0.25,0,0.607,0.49]},{"time":2.6667,"x":1,"y":1,"curve":[0.366,0.49,0.75,1]},{"time":3,"x":0.99,"y":0.99,"curve":[0.25,0,0.75,1]},{"time":3.6667,"x":1.01,"y":1.01,"curve":[0.25,0,0.607,0.49]},{"time":4,"x":1,"y":1,"curve":[0.366,0.49,0.75,1]},{"time":4.3333,"x":0.99,"y":0.99,"curve":[0.25,0,0.75,1]},{"time":5,"x":1.01,"y":1.01,"curve":[0.25,0,0.607,0.49]},{"time":5.3333,"x":1,"y":1}]},"bone3":{"translate":[{"time":0,"x":0,"y":0,"curve":[0.25,0,0.75,1]},{"time":2.6667,"x":6,"y":20,"curve":[0.25,0,0.75,1]},{"time":5.3333,"x":0,"y":0}],"shear":[{"time":0,"x":0,"y":0,"curve":[0.399,0.51,0.75,1]},{"time":1.3333,"x":0,"y":4,"curve":[0.25,0,0.75,1]},{"time":4,"x":0,"y":-4,"curve":[0.25,0,0.593,0.49]},{"time":5.3333,"x":0,"y":0}]},"bone8":{"translate":[{"time":0,"x":0,"y":0,"curve":[0.399,0.51,0.75,1]},{"time":1.3333,"x":-6,"y":-20,"curve":[0.25,0,0.75,1]},{"time":4,"x":6,"y":20,"curve":[0.25,0,0.593,0.49]},{"time":5.3333,"x":0,"y":0}]},"bone2":{"translate":[{"time":0,"x":0,"y":0,"curve":[0.407,0.52,0.75,1]},{"time":1.3333,"x":6,"y":-20,"curve":[0.25,0,0.75,1]},{"time":4,"x":-6,"y":20,"curve":[0.25,0,0.601,0.49]},{"time":5.3333,"x":0,"y":0}],"shear":[{"time":0,"x":0,"y":0,"curve":[0.25,0,0.75,1]},{"time":2.6667,"x":0,"y":-10.82,"curve":[0.25,0,0.75,1]},{"time":5.3333,"x":0,"y":0}]},"bone":{"translate":[{"time":0,"x":0,"y":0,"curve":[0.25,0,0.75,1]},{"time":2.6667,"x":-6,"y":20,"curve":[0.25,0,0.75,1]},{"time":5.3333,"x":0,"y":0}]},"bone9":{"translate":[{"time":0,"x":0,"y":0,"curve":[0.399,0.52,0.75,1]},{"time":1.3333,"x":0,"y":-40,"curve":[0.25,0,0.75,1]},{"time":4,"x":0,"y":40,"curve":[0.25,0,0.61,0.49]},{"time":5.3333,"x":0,"y":0}]},"bone7":{"translate":[{"time":0,"x":0,"y":0,"curve":[0.25,0,0.75,1]},{"time":2.6667,"x":0,"y":-20,"curve":[0.25,0,0.75,1]},{"time":5.3333,"x":0,"y":0}]},"bone6":{"translate":[{"time":0,"x":0,"y":0,"curve":[0.407,0.52,0.75,1]},{"time":1.3333,"x":0,"y":20,"curve":[0.25,0,0.75,1]},{"time":4,"x":0,"y":-20,"curve":[0.25,0,0.61,0.49]},{"time":5.3333,"x":0,"y":0}]},"bone5":{"translate":[{"time":0,"x":0,"y":0,"curve":[0.25,0,0.75,1]},{"time":2.6667,"x":0,"y":-40,"curve":[0.25,0,0.75,1]},{"time":5.3333,"x":0,"y":0}]},"bone4":{"translate":[{"time":0,"x":0,"y":0,"curve":[0.399,0.52,0.75,1]},{"time":1.3333,"x":0,"y":20,"curve":[0.25,0,0.75,1]},{"time":4,"x":0,"y":-20,"curve":[0.25,0,0.61,0.49]},{"time":5.3333,"x":0,"y":0}]},"bone10":{"translate":[{"time":0,"x":0,"y":0,"curve":[0.407,0.52,0.75,1]},{"time":1.3333,"x":0,"y":40,"curve":[0.25,0,0.75,1]},{"time":4,"x":0,"y":-40,"curve":[0.25,0,0.585,0.48]},{"time":5.3333,"x":0,"y":0}]}}},"spawn":{"slots":{"s_w_b_star01":{"color":[{"time":0,"color":"ffffffee"},{"time":0.1667,"color":"ffffffde"},{"time":0.5,"color":"ffffffff"}]},"s_w_b_star02":{"color":[{"time":0,"color":"ffffffc5"},{"time":0.1,"color":"ffffffb8"},{"time":0.5,"color":"ffffffff"}]},"s_w_txt_b2":{"color":[{"time":0.1,"color":"ffffff00"},{"time":0.2333,"color":"ffffff7f"},{"time":0.5,"color":"ffffff46"}],"attachment":[{"time":0.1,"name":"s_w_txt_b"}]}},"bones":{"txt":{"scale":[{"time":0,"x":1,"y":1,"curve":[0.375,0.51,0.75,1]},{"time":0.0667,"x":0.98,"y":0.98,"curve":[0.25,0,0.75,1]},{"time":0.2,"x":1.02,"y":1.02,"curve":[0.25,0,0.714,0.64]},{"time":0.5,"x":1,"y":1}]},"bone7":{"translate":[{"time":0,"x":0,"y":-2.33,"curve":[0.374,0.62,0.714,1]},{"time":0.5,"x":0,"y":0}]},"bone10":{"translate":[{"time":0,"x":0,"y":-18.96,"curve":[0.307,0.29,0.64,0.64]},{"time":0.5,"x":0,"y":0}]},"bone3":{"translate":[{"time":0,"x":0.7,"y":2.33,"curve":[0.374,0.62,0.714,1]},{"time":0.5,"x":0,"y":0}],"shear":[{"time":0,"x":0,"y":-1.89,"curve":[0.31,0.3,0.645,0.65]},{"time":0.5,"x":0,"y":0}]},"bone6":{"translate":[{"time":0,"x":0,"y":-9.68,"curve":[0.316,0.3,0.653,0.64]},{"time":0.5,"x":0,"y":0}]},"bone9":{"translate":[{"time":0,"x":0,"y":19.37,"curve":[0.316,0.3,0.653,0.64]},{"time":0.5,"x":0,"y":0}]},"bone8":{"translate":[{"time":0,"x":2.83,"y":9.45,"curve":[0.31,0.3,0.645,0.65]},{"time":0.5,"x":0,"y":0}]},"bone4":{"translate":[{"time":0,"x":0,"y":-9.62,"curve":[0.316,0.3,0.653,0.65]},{"time":0.5,"x":0,"y":0}]},"bone2":{"translate":[{"time":0,"x":-2.88,"y":9.6,"curve":[0.313,0.3,0.649,0.64]},{"time":0.5,"x":0,"y":0}],"shear":[{"time":0,"x":0,"y":-1.26,"curve":[0.374,0.62,0.714,1]},{"time":0.5,"x":0,"y":0}]},"bone5":{"translate":[{"time":0,"x":0,"y":-4.66,"curve":[0.374,0.62,0.714,1]},{"time":0.5,"x":0,"y":0}]},"bone":{"translate":[{"time":0,"x":-0.7,"y":2.33,"curve":[0.374,0.62,0.714,1]},{"time":0.5,"x":0,"y":0}]}}},"win":{"slots":{"s_w_b_bg2":{"color":[{"time":0.1,"color":"ffffff00"},{"time":0.3333,"color":"ffffff35"},{"time":0.8333,"color":"ffffff00"}],"attachment":[{"time":0.1,"name":"s_w_b_bg"}]},"s_w_b_star01":{"color":[{"time":0,"color":"ffffffce"},{"time":0.1667,"color":"ffffffff"},{"time":0.5,"color":"ffffffde"},{"time":0.8333,"color":"ffffffff"}]},"s_w_b_star02":{"color":[{"time":0,"color":"fffffff1"},{"time":0.4333,"color":"ffffffb8"},{"time":0.8333,"color":"ffffffff"}]},"s_w_txt_b2":{"color":[{"time":0,"color":"ffffff46"},{"time":0.1,"color":"ffffff00"},{"time":0.2667,"color":"ffffffff"},{"time":0.8333,"color":"ffffff00"}],"attachment":[{"time":0,"name":"s_w_txt_b"}]},"s_w_txt_bx":{"color":[{"time":0.0667,"color":"ffffff00"},{"time":0.2333,"color":"ffffffff","curve":[0.25,0,0,1]},{"time":0.8333,"color":"ffffff00"}],"attachment":[{"time":0.0667,"name":"s_w_txt_bx"}]},"s_wild_b_fx01":{"color":[{"time":0,"color":"ffffff00"},{"time":0.1667,"color":"ffffff73"},{"time":0.4333,"color":"ffffff00"}],"attachment":[{"time":0,"name":"s_wild_b_fx01"}]},"s_wild_b_fx02":{"color":[{"time":0.0667,"color":"ffffff00"},{"time":0.2333,"color":"ffffff73"},{"time":0.5,"color":"ffffff00"}],"attachment":[{"time":0.0667,"name":"s_wild_b_fx02"}]},"s_wild_b_fx03":{"color":[{"time":0.1333,"color":"ffffff00"},{"time":0.3,"color":"ffffff73"},{"time":0.5667,"color":"ffffff00"}],"attachment":[{"time":0.1333,"name":"s_wild_b_fx03"}]},"s_wild_b_fx04":{"color":[{"time":0.2,"color":"ffffff00"},{"time":0.3667,"color":"ffffff73"},{"time":0.6333,"color":"ffffff00"}],"attachment":[{"time":0.2,"name":"s_wild_b_fx04"}]},"s_wild_b_fx05":{"color":[{"time":0.2667,"color":"ffffff00"},{"time":0.4333,"color":"ffffff73"},{"time":0.7,"color":"ffffff00"}],"attachment":[{"time":0.2667,"name":"s_wild_b_fx05"}]},"s_wild_b_fx06":{"color":[{"time":0.3667,"color":"ffffff00"},{"time":0.5333,"color":"ffffff73"},{"time":0.7667,"color":"ffffff00"}],"attachment":[{"time":0.3667,"name":"s_wild_b_fx06"}]},"s_wild_b_fx07":{"color":[{"time":0.4333,"color":"ffffff00"},{"time":0.6,"color":"ffffff73"},{"time":0.8333,"color":"ffffff00"}],"attachment":[{"time":0.4333,"name":"s_wild_b_fx07"}]}},"bones":{"txt":{"scale":[{"time":0,"x":1,"y":1,"curve":[0.366,0.49,0.75,1]},{"time":0.0667,"x":0.96,"y":0.96,"curve":[0.25,0,0.75,1]},{"time":0.2333,"x":1.05,"y":1.05,"curve":[0.25,0,0.75,1]},{"time":0.4,"x":0.99,"y":0.99,"curve":[0.25,0,0.75,1]},{"time":0.6333,"x":1,"y":1}]},"s_w_txt_bx":{"scale":[{"time":0.0667,"x":1,"y":1,"curve":[0.359,0.35,0.631,0.69]},{"time":0.2333,"x":1.054,"y":1.032,"curve":[0.082,0.51,0.24,0.89]},{"time":0.8333,"x":1.091,"y":1.065}]}}}}},[0]]],0,0,[0],[-1],[0]]