[1,["91Mh4YHJ9K/a6QEEi2+yod","1dT1ezA8tBBYLpguGw5SRM","c29m94SulPCr0jhYyxqAgp","aegMSLIy9IMqMSGPJR5kh2","9fMgUOrYJF0a9QMpzBdTaG","b3PCSl8WtIz641J4gfCOEA","0fm2pdaxVAFL5uW7jjIXJ4","66BhIB1GdF5KV/3Q5mukG8","72/GVaCEVNuK8fEFM3EfBD","dfmTjnK79BA75gFsvigoeN","a742kHhllMK4SSLSx5SjW/","6d1uj6rjxMQ63fW7SBwHYn","50pK1krylJwpFrdgJWFVZ8","43wKVcQAZBTKik1yvniq7w"],["_textureSetter","0","1","2","3","4","5","6","7","8","9","decimal","comma","x"],["cc.SpriteFrame",["cc.SpriteAtlas",["_name","_spriteFrames"],2,11]],[[1,0,1,2]],[[[{"name":"0","rect":[1,1,130,169],"offset":[0,0],"originalSize":[130,169],"capInsets":[0,0,0,0]}],[0],0,[0],[0],[0]],[[{"name":"x","rect":[133,171,118,133],"offset":[0,0],"originalSize":[118,133],"capInsets":[0,0,0,0]}],[0],0,[0],[0],[0]],[[{"name":"comma","rect":[1,682,45,58],"offset":[0,0],"originalSize":[45,58],"capInsets":[0,0,0,0]}],[0],0,[0],[0],[0]],[[[0,"Alats11.plist",[{},"0",6,0,"1",6,1,"2",6,2,"3",6,3,"4",6,4,"5",6,5,"6",6,6,"7",6,7,"8",6,8,"9",6,9,"decimal",6,10,"comma",6,11,"x",6,12]]],0,0,[0,0,0,0,0,0,0,0,0,0,0,0,0],[1,2,3,4,5,6,7,8,9,10,11,12,13],[1,2,3,4,5,6,7,8,9,10,11,12,13]],[[{"name":"7","rect":[124,643,120,166],"offset":[0,0],"originalSize":[120,166],"capInsets":[0,0,0,0]}],[0],0,[0],[0],[0]],[[{"name":"9","rect":[128,306,123,168],"offset":[0,0],"originalSize":[123,168],"capInsets":[0,0,0,0]}],[0],0,[0],[0],[0]],[[{"name":"8","rect":[1,342,122,169],"offset":[0,0],"originalSize":[122,169],"capInsets":[0,0,0,0]}],[0],0,[0],[0],[0]]]]