{"paths":{"0":["Animation/atack",1],"1":["font/font1-export_cyrillic",6],"2":["Sound/big_win_start",3],"3":["Sound/bonus_multiple_hide",3],"4":["Sound/diao_chan_bg",3],"5":["Sound/diao_chan_expand",3],"6":["Sound/dong_zhuo_bg",3],"7":["Sound/dong_zhuo_four_times",3],"8":["Sound/dong_zhuo_laughing",3],"9":["Sound/dong_zhuo_money_fall",3],"10":["Sound/feature_exchange",3],"11":["Sound/feng_yi_ting_bg",3],"12":["Sound/five_kind",3],"13":["Sound/infobar_uplifter_highlight",3],"14":["Sound/infobar_uplifter",3],"15":["Sound/list_item_click",3],"16":["Sound/load_coins",3],"17":["Sound/luboChemGio",3],"18":["Sound/lv_bu_attacked",3],"19":["Sound/lv_bu_bg",3],"20":["Sound/lv_bu_horse_neigh",3],"21":["Sound/lv_bu_slash_four",3],"22":["Sound/lv_bu_slash_one",3],"23":["Sound/lv_bu_slash_three",3],"24":["Sound/lv_bu_slash_two",3],"25":["Sound/lv_bu_symbol_start",3],"26":["Sound/medium_win_coins",3],"27":["Sound/medium_win",3],"28":["Sound/mega_win_end",3],"29":["Sound/mega_win_start",3],"30":["Sound/menu_icon_press",3],"31":["Sound/multiple_free_spin_effect",3],"32":["Sound/result_count_end",3],"33":["Sound/result_counting",3],"34":["Sound/scatter_explosion",3],"35":["Sound/scatter_scrolling_long",3],"36":["Sound/scatter_scrolling_short",3],"37":["Sound/selector_bgm",3],"38":["Sound/slider_effect",3],"39":["Sound/slot_end_scroll",3],"40":["Sound/slot_scrolling_two",3],"41":["Sound/slot_scrolling",3],"42":["Sound/small_win_coins",3],"43":["Sound/small_win",3],"44":["Sound/spin_click",3],"45":["Sound/wallet_counting_above",3],"46":["Sound/win_rolling",3],"47":["Spine/dc_header_dancing/dc_header_dancing",4],"48":["Spine/dc_header_dancing/dc_header_dancing",6],"49":["Spine/dc_header_emerging/dc_header_emerging",4],"50":["Spine/dc_header_emerging/dc_header_emerging",6],"51":["Spine/dc_header_head/dc_header_head",4],"52":["Spine/dc_header_head/dc_header_head",6],"53":["Spine/dc_header_sbody/dc_header_sbody",4],"54":["Spine/dc_header_sbody/dc_header_sbody",6],"55":["Spine/dc_portrait/dc_portrait",4],"56":["Spine/dc_portrait/dc_portrait",6],"57":["Spine/DieuThuyenWild/dc_expanding",4],"58":["Spine/DieuThuyenWild/dc_expanding",6],"59":["Spine/dt_idle/dc_idle",4],"60":["Spine/dt_idle/dc_idle",6],"61":["Spine/dz_header_money/dz_header_money",4],"62":["Spine/dz_header_money/dz_header_money",6],"63":["Spine/dz_idle/dz_idle",4],"64":["Spine/dz_idle/dz_idle",6],"65":["Spine/lb_head_idle/lb_head_idle",4],"66":["Spine/lb_head_idle/lb_head_idle",6],"67":["Spine/lb_header_showing/lb_header_showing",4],"68":["Spine/lb_header_showing/lb_header_showing",6],"69":["Spine/lb_header_slash_1/lb_header_slash_1",4],"70":["Spine/lb_header_slash_1/lb_header_slash_1",6],"71":["Spine/lb_header_slash_2/lb_header_slash_2",4],"72":["Spine/lb_header_slash_2/lb_header_slash_2",6],"73":["Spine/lb_idle/lb_idle",4],"74":["Spine/lb_idle/lb_idle",6],"75":["Spine/lb_run/lb_run",4],"76":["Spine/lb_run/lb_run",6],"77":["Spine/SymbolSpineDC/SymbolSpineDC",4],"78":["Spine/SymbolSpineDC/SymbolSpineDC",6],"79":["Spine/SymbolSpineDZ/SymbolSpineDZ",4],"80":["Spine/SymbolSpineDZ/SymbolSpineDZ",6],"81":["Spine/SymbolSpineLB/SymbolSpineLB",4],"82":["Spine/SymbolSpineLB/SymbolSpineLB",6],"83":["Spine/SymbolSpineSD/SymbolSpineSD",4],"84":["Spine/SymbolSpineSD/SymbolSpineSD",6],"85":["Spites/01e33586-c97a-482c-b0f5-465f29c3ca4d",6],"86":["Spites/0275e94c-56a7-410f-bd1a-fc7483f7d14a",6],"87":["Spites/033a414e-a02d-43a7-bd88-982b3f042a1f",6],"88":["Spites/1191713a-5032-4c5b-aee2-55d87dbba047",6],"89":["Spites/3bc3a74b-4d9f-4bd2-be38-6ea4558b1aa5",6],"90":["Spites/4880da50-1751-4a0f-9d19-6b86e3bc0bcd",6],"91":["Spites/4c9be897-376a-4338-a151-e0b9a8116fd8",6],"92":["Spites/4d976c66-a1f6-44db-8c5f-6affdcc96af3",6],"93":["Spites/51fdb64b-2152-453a-86f2-04a6c89e6ddf",6],"94":["Spites/7f49c73f-2928-47f8-8f49-d7ed9760f34b",6],"95":["Spites/8a46f7ce-5b89-4820-befc-a8d6f484e62b",6],"96":["Spites/8ae9579f-459b-4bde-8d1c-43d1e252febb",6],"97":["Spites/934516d8-11f1-4bf8-852d-a4f323409183",6],"98":["Spites/a1746ee1-0f49-45af-a137-72bb9d61dff9",6],"99":["Spites/Atlas2/Alats1",6],"100":["Spites/Atlas2/Alats10",6],"101":["Spites/Atlas2/Alats11",6],"102":["Spites/Atlas2/Alats12",6],"103":["Spites/Atlas2/Alats13",6],"104":["Spites/Atlas2/Alats14",6],"105":["Spites/Atlas2/Alats17",6],"106":["Spites/Atlas2/Alats18",6],"107":["Spites/Atlas2/Alats2",6],"108":["Spites/Atlas2/Alats20",6],"109":["Spites/Atlas2/Alats21",6],"110":["Spites/Atlas2/Alats24",6],"111":["Spites/Atlas2/Alats25",6],"112":["Spites/Atlas2/Alats26",6],"113":["Spites/Atlas2/Alats28",6],"114":["Spites/Atlas2/Alats29",6],"115":["Spites/Atlas2/Alats3",6],"116":["Spites/Atlas2/Alats30",6],"117":["Spites/Atlas2/Alats31",6],"118":["Spites/Atlas2/Alats33",6],"119":["Spites/Atlas2/Alats34",6],"120":["Spites/Atlas2/Alats35",6],"121":["Spites/Atlas2/Alats36",6],"122":["Spites/Atlas2/Alats37",6],"123":["Spites/Atlas2/Alats38",6],"124":["Spites/Atlas2/Alats39",6],"125":["Spites/Atlas2/Alats4",6],"126":["Spites/Atlas2/Alats5",6],"127":["Spites/Atlas2/Alats6",6],"128":["Spites/Atlas2/Alats7",6],"129":["Spites/Atlas2/Alats8",6],"130":["Spites/Atlas2/btn_back",6],"131":["Spites/Atlas2/btn_detail",6],"132":["Spites/b26c5c27-dec9-45d7-9c12-d2bf3cc4497b",6],"133":["Spites/bf11e2cd-e13d-4063-b0cb-b3bd4a3d02b3",6],"134":["Spites/c0b95305-4017-462d-89ae-6e584d4198df",6],"135":["Spites/c0ef2473-ba30-4fff-aef2-89ff9582954c",6],"136":["Spites/cef5b54e-eef7-4c8f-930d-8366d8308927",6],"137":["Spites/d34ae2a9-83dd-4dc0-9437-089e73303f4e",6],"138":["Spites/e4ea7edc-f296-475e-97a3-e05a30c365eb",6],"139":["Spites/e7bfb71d-81e4-4624-ad3d-f420fac0ee6a",6],"140":["Spites/HuongDan/huognDanDieuThuyen",6],"141":["Spites/HuongDan/line",6],"142":["Spites/HuongDan/Screenshot 2022-01-07 183643",6],"143":["Spites/HuongDan/Screenshot 2022-01-07 183805",6],"144":["Spites/launch (1)",6],"145":["Spites/Line/payline_a_07",6],"146":["Spites/Line/payline_b_07",6],"147":["Spites/Line/payline_c_05",6],"148":["Spites/splash",6],"149":["Spites/TestAlats/Alats17",6],"150":["Spites/TestAlats/Alats19",6],"151":["Spites/TestAlats/Alats2",6],"152":["Spites/TestAlats/Alats20",6],"153":["Spites/TestAlats/Alats22",6],"154":["Spites/TestAlats/Alats23",6],"155":["Spites/TestAlats/Alats3",6],"156":["Spites/TestAlats/Alats31",6],"157":["Spites/TestAlats/Alats37",6],"158":["Spites/TestAlats/Alats38",6],"159":["Spites/TestAlats/Alats4",6],"160":["Spites/TestAlats/Alats52",6],"161":["Spites/TestAlats/Alats53",6],"162":["Spites/TestAlats/Alats6",6],"163":["Spites/TestAlats/Alats7",6],"164":["Spites/TestAlats/DCQuardruple_30",6],"166":["Animation/ActiLubo",0],"167":["Animation/ActiveIcon",0],"168":["Animation/Bkg",0],"169":["Animation/BkgBtnSpin",0],"170":["Animation/BkgSpinTab",0],"171":["Animation/Bo5",0],"172":["Animation/BtnChoosFS",0],"173":["Animation/BtnSpinTab",0],"174":["Animation/CanhHoa",0],"175":["Animation/clound",0],"176":["Animation/DongXu",0],"177":["Animation/DTEffectWild",0],"178":["Animation/Fire",0],"179":["Animation/FireBigWin",0],"180":["Animation/flower",0],"181":["Animation/ItemBlur",0],"182":["Animation/lake",0],"183":["Animation/lakeDace",0],"184":["Animation/lakeShikl",0],"185":["Animation/Line/1",0],"186":["Animation/LuBuChem",0],"187":["Animation/LubuChem2",0],"188":["Animation/mulltikill",0],"189":["Animation/NearWin/Main1",0],"190":["Animation/NearWin/NearWinFS",0],"191":["Animation/NearWinFS",0],"192":["Animation/NoLuBo",0],"193":["Animation/ScaterIdle",0],"194":["Animation/ScaterShow",0],"195":["Animation/sen1",0],"196":["Animation/sen2",0],"197":["Animation/TakeX4",0],"198":["Animation/ZoomLuBu",0],"199":["font/font1-export_cyrillic",9],"200":["font/font1-export_cyrillic",7,1],"201":["Prefabs/ChacterFS",2],"202":["Prefabs/NodeChooseFS",2],"203":["Spine/dc_header_dancing/dc_header_dancing",5],"204":["Spine/dc_header_dancing/dc_header_dancing",7,1],"205":["Spine/dc_header_emerging/dc_header_emerging",5],"206":["Spine/dc_header_emerging/dc_header_emerging",7,1],"207":["Spine/dc_header_head/dc_header_head",5],"208":["Spine/dc_header_head/dc_header_head",7,1],"209":["Spine/dc_header_sbody/dc_header_sbody",5],"210":["Spine/dc_header_sbody/dc_header_sbody",7,1],"211":["Spine/dc_portrait/dc_portrait",5],"212":["Spine/dc_portrait/dc_portrait",7,1],"213":["Spine/DieuThuyenWild/dc_expanding",5],"214":["Spine/DieuThuyenWild/dc_expanding",7,1],"215":["Spine/dt_idle/dc_idle",5],"216":["Spine/dt_idle/dc_idle",7,1],"217":["Spine/dz_header_money/dz_header_money",5],"218":["Spine/dz_header_money/dz_header_money",7,1],"219":["Spine/dz_idle/dz_idle",5],"220":["Spine/dz_idle/dz_idle",7,1],"221":["Spine/lb_head_idle/lb_head_idle",5],"222":["Spine/lb_head_idle/lb_head_idle",7,1],"223":["Spine/lb_header_showing/lb_header_showing",5],"224":["Spine/lb_header_showing/lb_header_showing",7,1],"225":["Spine/lb_header_slash_1/lb_header_slash_1",5],"226":["Spine/lb_header_slash_1/lb_header_slash_1",7,1],"227":["Spine/lb_header_slash_2/lb_header_slash_2",5],"228":["Spine/lb_header_slash_2/lb_header_slash_2",7,1],"229":["Spine/lb_idle/lb_idle",5],"230":["Spine/lb_idle/lb_idle",7,1],"231":["Spine/lb_run/lb_run",5],"232":["Spine/lb_run/lb_run",7,1],"233":["Spine/SymbolSpineDC/SymbolSpineDC",5],"234":["Spine/SymbolSpineDC/SymbolSpineDC",7,1],"235":["Spine/SymbolSpineDZ/SymbolSpineDZ",5],"236":["Spine/SymbolSpineDZ/SymbolSpineDZ",7,1],"237":["Spine/SymbolSpineLB/SymbolSpineLB",5],"238":["Spine/SymbolSpineLB/SymbolSpineLB",7,1],"239":["Spine/SymbolSpineSD/SymbolSpineSD",5],"240":["Spine/SymbolSpineSD/SymbolSpineSD",7,1],"241":["Spites/01e33586-c97a-482c-b0f5-465f29c3ca4d",7,1],"242":["Spites/0275e94c-56a7-410f-bd1a-fc7483f7d14a",7,1],"243":["Spites/033a414e-a02d-43a7-bd88-982b3f042a1f",7,1],"244":["Spites/1191713a-5032-4c5b-aee2-55d87dbba047",7,1],"245":["Spites/3bc3a74b-4d9f-4bd2-be38-6ea4558b1aa5",7,1],"246":["Spites/4880da50-1751-4a0f-9d19-6b86e3bc0bcd",7,1],"247":["Spites/4c9be897-376a-4338-a151-e0b9a8116fd8",7,1],"248":["Spites/4d976c66-a1f6-44db-8c5f-6affdcc96af3",7,1],"249":["Spites/51fdb64b-2152-453a-86f2-04a6c89e6ddf",7,1],"250":["Spites/7f49c73f-2928-47f8-8f49-d7ed9760f34b",7,1],"251":["Spites/8a46f7ce-5b89-4820-befc-a8d6f484e62b",7,1],"252":["Spites/8ae9579f-459b-4bde-8d1c-43d1e252febb",7,1],"253":["Spites/934516d8-11f1-4bf8-852d-a4f323409183",7,1],"254":["Spites/a1746ee1-0f49-45af-a137-72bb9d61dff9",7,1],"255":["Spites/Atlas2/Alats1",8],"256":["Spites/Atlas2/Alats10",8],"257":["Spites/Atlas2/Alats11",8],"258":["Spites/Atlas2/Alats12",8],"259":["Spites/Atlas2/Alats13",8],"260":["Spites/Atlas2/Alats14",8],"261":["Spites/Atlas2/Alats16",8],"262":["Spites/Atlas2/Alats17",8],"263":["Spites/Atlas2/Alats18",8],"264":["Spites/Atlas2/Alats2",8],"265":["Spites/Atlas2/Alats20",8],"266":["Spites/Atlas2/Alats23",8],"267":["Spites/Atlas2/Alats24",8],"268":["Spites/Atlas2/Alats25",8],"269":["Spites/Atlas2/Alats26",8],"270":["Spites/Atlas2/Alats28",8],"271":["Spites/Atlas2/Alats29",8],"272":["Spites/Atlas2/Alats3",8],"273":["Spites/Atlas2/Alats30",8],"274":["Spites/Atlas2/Alats31",8],"275":["Spites/Atlas2/Alats33",8],"276":["Spites/Atlas2/Alats34",8],"277":["Spites/Atlas2/Alats35",8],"278":["Spites/Atlas2/Alats36",8],"279":["Spites/Atlas2/Alats37",8],"280":["Spites/Atlas2/Alats38",8],"281":["Spites/Atlas2/Alats39",8],"282":["Spites/Atlas2/Alats4",8],"283":["Spites/Atlas2/Alats5",8],"284":["Spites/Atlas2/Alats6",8],"285":["Spites/Atlas2/Alats7",8],"286":["Spites/Atlas2/Alats8",8],"287":["Spites/Atlas2/btn_back",7,1],"288":["Spites/Atlas2/btn_detail",7,1],"289":["Spites/b26c5c27-dec9-45d7-9c12-d2bf3cc4497b",7,1],"290":["Spites/bf11e2cd-e13d-4063-b0cb-b3bd4a3d02b3",7,1],"291":["Spites/c0b95305-4017-462d-89ae-6e584d4198df",7,1],"292":["Spites/c0ef2473-ba30-4fff-aef2-89ff9582954c",7,1],"293":["Spites/cef5b54e-eef7-4c8f-930d-8366d8308927",7,1],"294":["Spites/d34ae2a9-83dd-4dc0-9437-089e73303f4e",7,1],"295":["Spites/e4ea7edc-f296-475e-97a3-e05a30c365eb",7,1],"296":["Spites/e7bfb71d-81e4-4624-ad3d-f420fac0ee6a",7,1],"297":["Spites/HuongDan/huognDanDieuThuyen",7,1],"298":["Spites/HuongDan/line",8],"299":["Spites/HuongDan/Screenshot 2022-01-07 183643",7,1],"300":["Spites/HuongDan/Screenshot 2022-01-07 183805",7,1],"301":["Spites/launch (1)",7,1],"302":["Spites/Line/payline_a_07",7,1],"303":["Spites/Line/payline_b_07",7,1],"304":["Spites/Line/payline_c_05",7,1],"305":["Spites/splash",7,1],"306":["Spites/TestAlats/Alats17",8],"307":["Spites/TestAlats/Alats19",8],"308":["Spites/TestAlats/Alats2",8],"309":["Spites/TestAlats/Alats20",8],"310":["Spites/TestAlats/Alats22",8],"311":["Spites/TestAlats/Alats23",8],"312":["Spites/TestAlats/Alats3",8],"313":["Spites/TestAlats/Alats31",8],"314":["Spites/TestAlats/Alats37",8],"315":["Spites/TestAlats/Alats38",8],"316":["Spites/TestAlats/Alats4",8],"317":["Spites/TestAlats/Alats52",8],"318":["Spites/TestAlats/Alats53",8],"319":["Spites/TestAlats/Alats6",8],"320":["Spites/TestAlats/Alats7",8],"321":["Spites/TestAlats/DCQuardruple_30",7,1]},"types":["cc.AnimationClip","cc.ParticleAsset","cc.Prefab","cc.AudioClip","cc.Asset","sp.SkeletonData","cc.Texture2D","cc.SpriteFrame","cc.SpriteAtlas","cc.BitmapFont"],"uuids":["0cwq+ZlOdG0Lu1ioBXC1zy","19i2hYHOROY5hyu/PFOw35","62xQ6WDXJIyYGWRxeHOt6l","3aESHHrKZB0o67D4dzjWUz","81t4r7HbFDIZLdDj8F49im","5b+V+IwW5F2bhShCEXphIr","433NUaSzJJBpeLCyXHEm7Q","7181U112FH8bPAofPq9yVm","bcwcSAOHVOTKSAm96TAIKc","afqpLETG9D8b/sR0BAY8qF","501bXITZxI54zO6JYCGC5u","c2fUQZp2FG34WN43Rs/zVx","10DLtGrCxHvrKYSnq2pu3t","b8iptyrTtNo4/f/Pz23Jac","1fgQ8diotMc6T3Y7Lujt6l","45wDEHAWpF6793HnSLPHlQ","3feytSWeNNbJ3KK6aUWtm3","e6rLc/vkdA+pocO2dQ9jpa","93FVnYuuhJMoTl2yCiry43","b3Y5kwPchLjr3wOY6WhQC+","15fSnk3atPupBNv/KRT3NN","0b8ZERnnxOZITvPuWSNiO/","cetoJbYL9LtbnW9cMg8FWW","a7zb6FZb5N2a2woi0OmS2o","08Z4hVNPdMGJnUs0C/0w9x","2f8bw6GhhFeahpZkFyNzt8","d1CnOSJO9AeIYjSrFEB76y","9dkDS5O7pM0ac52lGADfA4","79gfYUj79DYbfbQ7J4G1Nb","b2U71P15NLe6ffq9pcUt01","89Zywp1xxAKLt21HvonJQ6","c7hrVNtMVGSqyuTEcZBv9I","98FvwOMspJB7dhK+ckPP/G","8d7ImZx4FFLrBEKPh/NUsn","354CpGLsJL+I8lqxTqQ4TF","410UnA3hRImo6i1fm8XcNn","abXtcvxkpIFo+uKQ6ui4GD","aadNhOby9H7JzYOW71SuuS","acT5qKOh1Gi5/Dcue/ge0J","d9HtSSz85FpakzRl6Fxmzd","b8XlDjLGlAMKOX+LlkbXmJ","b0DpbaemNGAbsI7FGE/VuF","c7DK0fa8NF17zYtlRhkPX8","5d/+dnFtVCAqPC7ArQzKwO","e6bmrYYeREFLZQ+f37FkVu","561FoylhVO0ISX52NtJtd7","6aO0MkOHJFvZ4xGWYlVhq+","90NtPd1ixDA4fwuaRNMfsD","54wc+p7lJIto+blX83ASjN","67XU0VAARFXp+aAwKae3mC","73yNss7ApNTptlB0kBD9iq","ffDlsi161EyK17l4E8JFYb","04aGSMJBRMEKHDva6cAImo","03kVmnrMBONpfrFOyHbJFr","ea+6cEFplFub35gUeFzTSI","efxC564RBKgpR6Oa+cmVJg","82ZlVN48JDaY7Sp9y7FEri","1eVSmtZQpMQqsGR77sHPyQ","bdfG1772lOH4Dfif2MKEUL","27e2St9HtJRLGvXhQH74bb","01JWiTWBtPDrFcfDJZ4PrZ","c6+ESzTtVOdJ9mLYONDvtC","28Kaki7KVOR41Iys6ehR0j","f85tgFaBNHIrOO4HrR3Cwp","67FNrbYDVIpJTnMUlr8z50","32NGofbJRAcZfwrYO6pYX1","5coHHEbEhIwpKnihnXiAW7","a3vD5Ed91IjZN1Sys8mPWH","76KmoVsM1JdovPu30vg64C","71L1YybDtF8I+Eqm4EsJfS","02ayRNe9BA764/INtFPR2e","d8MN9aZFlNHrWNcprntu4L","86a0AOvaxAErVM6QEcy3ZI","62z+PwhiZEnZDdqGUI1ekp","6dZCiLCi9HfrcOp11d8g8w","b1asbVuPBBoqW977zMu24E","146CXTmYRDEJul/KphtAl2","e8wBr8XglF5a78KoBLq4cJ","98muR0Hk1OAITg3un47PX8","17KnuK41NN+ZIntAubyFvM","d0polfZt5GLJYDrElOU/YN","cc7P6OdeBPuYGiWMDO1BFu","657mmyex5GJaL/QNHsqvGg","50dZ37WftNML8gaPzQNNle","60vRUEQepGzYvfxfYCL1RN","83IUin1AJP8Lenv54xTfyJ","5c3ARQOHtPEop1dV+1ofdA","c5EYsgGOZN+KpvDRaxoxPO","33BfOKOtNDSoKcqPnoowzI","bba+iuFstBVrhFVn2/7CLU","3b5ABUBk9MELklMPoTdiaO","94tT7lN6dBcI9+yEiXMvgF","7c9XjZpehFraPA03l3ZQnd","4fRl0LbjdA+LJa+RKP3+s7","bef2SVKMFPTbuQzfMWMZPY","8dYhuOtRlLVIdA1c/YDmlx","d3KysYgM1J54UeFzwVlvKT","a6nBzY8DVDlYts995LVfjt","7eu0VNNJxMY7M2P8aN98rM","9afD6OXq1DXqLp91Pky7X6","92hsYO4UxGPqa5AsfdY5Xh","4b5CSB7ElJtb3hQVmEwAxG","bfqTO0ONtFa5+nmA+h9LW3","d9F2akze9GF7nvnzg/OWxI","ebDPWE96tHGJ4k0ofdMiKH","c9Z3egxJVKO5X6itdBCya/","40hvxqyVdNgaptbiA6RVLI","662Flv1Q9KuZqwWLQJjIBG","d2lXZcNhxG7IEwOuyTzvfb","e1Mgf1kA9KtaS9HbNOxV6a","8fgZnWwiZMPZIvX91SPDAp","ffXEKtZMhIaqUiSa/QJTJ7","c26ZG4UdNDc5rEtJnEoGP2","60Kgw48S5Ck7XEHkidVRo1","9cY+qUiS9Eo4/c3WIo4nhm","65Ahx9GK9DEI0ptLhYxxvu","3b/xkrfChJFY6jt+vkWJvN","7bmPBvX5ZHP6ny2XImaDbR","14y/FfzKtE76JVGjeK0hC7","8ePlUK1IpD1Ixir/PITzQo","cd9xervWdAtpJIYG6SB/8a","b7TRpqkJ9J6YxxNV327B00","eeqQcxmhdJIbBFv2z5jGhi","82n7/N2WRIA5opggiXj63C","f1yrkj+UxBCo7RpL+GQgdh","ed3THAdN9Es7AUX0mxWI0W","21tuPH9GhOWqKTtABX+O69","89K2dDWG9N/6Opv6osKaWd","03xsvZT01AOalbMztu7b7V","04B78QsCtIRa9EWfxn68rS","befp1ysr5G1aORtqm6aHzO","00Snjvie5O6bW+wF+z3m50","16vxRb7ARFl6xM3ZX79AJl","b32Y9o0KFA+pSKLgxlX5FG","94Ig0i6uhPtKG7idWTg6QU","96R/dgoq9MQbY9D2w966gZ","276qOaJMZA9raAR55UU4l8","baqD4VPTFBsquwrzgN0+LD","97z+gfob5ILI6+djhPv6Fs","22BMPsbFdAgpxtgMOxJ7MQ","9aAD17f2xIpbX60JxDWGYp","aaDMqpPjRMyLqoMck3A0o7","ffnH0wAmJPYoQebL0mrYxq","b13I1Zn4xGooG6L2X5cSb2","f3IHx05jtLo5N8+ckhg/vY","4cpUuXqLpMh4vXP5VMkZ5V","1c9sJHoOhOcLjQi1Nqyhff","5aIljqvHNIFqdoENtBAjOQ","e3m1HA2txKer811SxKjozh","1f7jAYHYRLlaNoEkMf44dA","34vtCkz0lFi7zahBM7szY2","f4+zhkYptOIojHkmCCWctP","457oI5ALRGtap1Nzy/Qsnh","40xJcl939LCYzz/lACj32t","40Ol/gBk1EgoL5OeVFMu4x","fa7qZCGaZBFonOJzuqPqfL","a0mOvW9K5LSqhMVGYugTpT","a7CpNGL3VMAJqaq7EoTWAV","a24etX7a5I5qBeNHCfMsQ2","casriEZilLlr6iBO9DOQBh","04bTIljGFHEq53oQp4OV6y","18Vh58tN5Coo7xwRMcD8zz","fcD2QzarNBj4SlhUG+OMSa","6cIAROZihLxJHySeetRwQ7","d42/1yGw9ALr5x6URq2Cpv","5cRVKi3cJKTaC2j1XPkmUk","2euNBFs1xF/o8kUmJivb3Y","0bWV1eG59Af6mZgi2Lmjqs","1eddfOPsdFB4rjReHbUXgX","8bBfF74t1FWZEQxCEUP3Ft","cbsqDsGBRNDaOksJ9o7T9x","53pICz9B9AR6nyKH/svJdg","5dvFtuof5Mo5YkOUnhTDo3","dcKSKhIrVD/YKkhFkenMFT","bcRc9IyilAVKwj8bC6WNb3","04PR5LUptMP7nws7ElJ5Ff","d2PPsGNkBGNqQ4MGqQKvKW","10xThOaoBI37rpK2rLXD2R","2dBO6z90xLR7Y4EONZNaws","1adlKi9ORNMaDHsOjm+wbz","81Mci97kpB46nc/wvSKy1/","58j9LnaflHc7xqeb4B1ano","fdSb+5vYhHkIt0MIYcI5GZ","caQIWTAPNP0Zn7SEKpVd0C","d7EjmZaOxB1IjtqMByQn7R","eeacZdTAdGKYjs2kvptktu","6ekphM2I1GFInNHLMtmOHA","ceoDBgSS9IHYXFH/ySrXW6","795l7ZrPVEqo+0e/u3RJvI","0cExkZjYdO+oicfvT17DGL","3cZwlO/JxPxa5IhS1EqFcC","97aHePHx5C+6gp7DDtiJra","ce/vEpVclGiKOST/UIBNkN","be2Aa1MidAzoojQ05Xe/vg","cfJcmyTnhFl5NhVlaP/U/L","47w4OjDnJAqYaLUAI6Oc5M","a9sQ4xjedLAbL8fO5cUWkq","7adH7UCiZE77i7XtWzD8Q/","a9qAkrr9ZM7YjuA/8mZ21z","90644YKptG5qkUztTm/awm","e1qDHS635CbI7sxlNnXcvJ","b7At/5AcJHkpoLkrELJR3T","fbaX6/GhtOiY5X8g/7oHWM","4bgsXQGDdOiKTz0vngn1O9","56HgNzca5OKKH9KToqykkU","afoGtf6iZAZLqwFOK5YiXz","2d4/Egh7VFApJlMuonGik4","f9HUDndcNCcajG0ClR53N2","2eLFSuWFpKJKFDzCBZ102C","76WbgONUdDE7SD38AzBZgY","79+LW8RtxP4IPHcbLz3MIE","e4HbIkVepC5qfr1UEoQRtv","985sqFstRNV5HbrHFt0gsi","73W91vmBZKsZmg07RdKSA9","d3uhHAnMNAKbHU/EizNUfM","13koHfFNZDNqNIJazPXGyO","c9hSCuI4BBd5PDiL+hRJDS","8fZDrx/SVJRrSajMnztwve","eadUEu5BdARrlgB9ODS9mA","005GOgxKlM36aHG1E9uxBu","9cuLfrCy5OTa7n5tsPqpAr","5a4nUBbSxObYQiIdWMgu3d","9eOwbf+hpHv4rBowKKq0kQ","65XZyl4GlA1bWSgfGdy+AO","31R2QkhsJAkrb9nYMl1O9B","93vhWiyJlHsI2t6FjN2Kdk","cdHMCBToBJ5b1XMSYv9DJz","2fvIFffelEeqPel7SQXFKV","f3noeA7U1NiI4TP5Ne7ZGw","94S4smM6BBYqbL4wgp58mr","0f9mT26p9Pvbx6Vaaazz4/","7eApRbP0dBZozOHIXPTKXH","25KCW0nUxKtKil7oYcTn/h","46Mljz/aVG37VIsB/hGRmg","51FcT9FflMvJXM+g1MKc4g","3edL5X14lLooKhU9f4HtKd","e77G8U2CZCra/XCDd4S4lq","adXi817TZF3rG8J5CG2Vfp","641hSZGF1LZ66dAn84F+Yt","72EONqYSRFqri9Z0VZKNmL","f386bs/2FNn7zbd8ZJ9kZl","17fiQk/p1JWLx4YIZXqmds","53gg860qtIR5ni77N+Oc//","5d0NbM74xF74MgxqeFceAr","0ddilCDaBLDpm/T/g6arH+","edqXIRl11If69AYtyyh8+q","99kELRvbJC079YPS4P0y6T","b1iTWoG81Pib1jxFXlfjq/","47d0rVjLFLDZXDS+1lx6I9","b0t0kVzEdGJZYU9/SRSday","4bjFAs9/1D06IoaF1pzu2N","36Ch3/sZlNI6kNYSPI9DkI","69dEjKuhlLZqNLomql3v8H","c8khK87OxKkIGlwcfCpZZD","2dfK0pUAdFroOsaFNXJeA5","22v3d2BqZHi7zjVn5AgxH9","32prlpOjhMl5UJuZcA4kcI","b6OziVHnFIzZKwQIhakbMC","21trrtW8NIZ5l8N1rwh8VE","14eyAzt9VL9KDXmGCvnOvP","f1m8cRCqpJL4OrxuAUdUJj","314IpFc15MtauydJykGWwO","98Km7WLuFHZp1WRX4whzRH","32f1OyD41JerrDtIT0Kfnh","45InahdzVAt4p3ba5q/1tJ","3cvYm/qKtMCbJY5f1lU3VA","74VWAASMhHo7ip//oOYjis","61UvqVKstOR5tnQZtY71/q","46xNYrmshMf5wFs1AO6K1g","62yvIgjN5CbZFf6UbDLDTs","ecF5i65FNI7poyjQQewD85","30xoChtkZDVIqrR3cy++Wq","802jnhMs1NRY6+dLltaGpN","c23gtgSDtHfIZUVZbHuO7w","e2aj1IWPJJKLqgOGC95aY4","bbMejnlXZG6ZxCdsL5NmBg","2dVEJsq1pHa4I5JfI3bBql","0beE/e6cVOZozlQF5Nfdyv","dcb3T8HJhFUrMcMLPvoIvR","9ae0L3SStO6o5tUo6QoONQ","1f4M/pMhtKWLolx4WBqFQn","884RO+dopDGKFP4/Ix4zLG","b1Gd64hsdGHLapBdJGXF9y","912uLRST5J6IRWcGxXxzXv","67q0kXv1tLLZha5tE4gbVA","131yEzemhEo7aB6CSc3N9Y","7brvOPGRFHVp3eDav+NRQm","benIs1sz9JKp82JMk9VPmh","12+41gmJhFIYCbVwop6FLo","88D6/Wmm1OuYRdlxo+QiPe","64wHsEr+FPRY1aixE8bYyE","cfS96FyI1IDrVuLtRw2ZtO","4cB7AWa3xARIJ7OAjELoB9","91bAK7NctBbJhre5OtIuSC","6fMXMJs2RCkqMGjrjATfCa","9aVfyJMFBEO7+5r+GfqbYV","72f/bDXCdFTJZidhp6hEz5","57gsS38b1NXat2GKlmC902","b8VMlcygtFKrVaZzw2NvML","5aV65YnFRM5pw7RWHSYuaM","a9VP8P1bRDd68h1ouFX+Z8","efT9/x9OFMyYf4fzymaTFn","cbWEVMXvRAEo+YBDfxvcpc","a3hs5HTuVH7Jqi+mOYruy/","17VREOlnpFnrtcArafGiVq","a0LacVTddAEqibA5O0KLfm","f05lXuGV9H9bTPgN9K0EBp","7aJzv8CQpJAJoeNdpXommw","3doUwJk8VGx4lK+KGs+glW","1exUxXpoZJDZSRaP00uKr5","375XvVCt9MHp81HXmNWE7B","6b4Utdi4lKBLuTUqnPePtk","20iRp6XbRIz5CSmj5iKwNa","50UTo0BwtA+LY3gAY1evsm","cet+g4f6lGn43yyJj4FnvN","7dnHTPze1P67HIGlkxFW+E","edBE6BKy5HKYoBR2ej/r8A","2fu6jQm2BP2qSE6kmYn/3C","ea25NIvXRLr7o7mOnFv3xe","710ACXS9RLGacwWh1EVL20","4arIDpojRA0KP8J/CTdbQw","1biAogI/RCO6KPhHB6h0ZL","b2aHrECZ5APKGS/0d2hvT1","d0qC05vt5GxLaYyB/w3t//","d608qFRoFHwbXd0Dap056i","61cyPdEfRN047sDK9rO0W5","43BemiRDtMU6qlox4KnZ7h","07YE5qsNBFdYISDXu0f2hB","7etyRqhK5BIYpUdBk1YfeD","65TcBXsaBB47XTWRNfy92o","04bhlfhotE2rSME0IhpkC8","39ZnOj9utDQ6Y1VG1bZ1tM","67Qse+KJlENacheXtsVoyu","a4xfswErlP5oRpoWp19Qsj","c4aIbJhLBHvJvKzBKfwyLL","d4z40vBdNEwbGsqg6kqliZ","38exaBJStMSY8ZNjmgyuna","23rdBYCqpKw5XcyX5SnZT+","18AAJI7mRC16O4Cg15wZ9m","e33MhimeZMEJ00JsoW+/zC","2cZF+qBkRElZ7tjJpSd4yn","87XnULTL1OAKHClQUhWwxE","6errpyECNCwakgdQ11d/tm","c1MTcL6vFD+6nTOMeUg5bD","b8XGG66Q9I/KxmPNvtyBbZ","50j5SNottJfoYCfTjS3ePl","89b1yHgdlPBp3waiwd5As9","535TnnKa1CiIBvQKdZLVzu","41St8fV/VJQaAVQ6e4KRH9","46QkgIqGpNSbmTCzWq95Jl","1bhdsW3OxIyYZovZiQU+6q","86gK0wZkNEFI0zZGANuy1i","e6C5Sm9mtOdpgcx0M6+Kn2","36dT+i8ZRPHohah8LkeW8t","26DqOVCE9Cx4mduiTpwD7q","6117jkHshG1YTmh6zlZTn0","26JEGCQVRK8pKAPY4wRWkq","533WWLn7lCuK3j7t83TZpq","00ioMeRYlAsrCcj1dhppKo","b6c8e1/MVGJZelyOlr2vR5","f26N7ys79H7IbosTInZbpz","d1W7eofq9NkaWGaghqy82B","6cWkgyqbNKU7goyR520SZ0","27mFsplBZEV6X0KAs1qcp5","90E2VtWnVIDJ2WxinQqCcR","aaUzkJR55JA5LT3eKiS07c","b7ksQ/lq9MC7N7/mkv/m32","30j6S3xLJDuIH48axbO1kX","9c8Gqcm0hKCJM1AdjsgJiw","b0QNwTJl9HCrOneKEu61zu","4bCYpuNHlMmJe+4Ro6Mv9b","dbf6ETXXBAoaaDAMZY0AU3","09eHfXmR9DoqTIWoFQyGL3","fb7kbwCjNAVrjCg8YFRVJL","4bGJzrwn5M5rj3yvSrrlLf","ccqQBcQ7ZK5atwJzvIvkTv","bbxeQfIA5L/qjhABBk2RO7","a5MqEpdo1B07Xzx17PLaiX","b2LPoOWdRPbJbLO4Lmq5AJ","bccsdUHNNPhrAtvZVvfD4x","01AuUHcG1CPodf4bqp+Tu3","25M6/2lGZAeKnEx/j2TYSL","d2Dr/VgIRLWrRoqVtwhmbP","4b1liGRlBDrJbJ1lsarA5S","7bNHXS9fVLppn9D3XaGji4","2bLMd3jetOkK4KoyDj1V9f","e8HVOU2GFIy73x+rzkQeaB","6axk/uiPZFuI/AiOCc4i8k","1bU7dtl7VN1aZHlthXdIfv","2fZQ09nRtAoaGvmzi1/NSL","32q3794cNDaamcSCrxYNHR","e1BYljjK5LYL2plV8Gzsjk","c9gejutFhC2J5O30tQMyBi","39NPkQs8xHrISv55dcsvpB","67ZkPvx99CQa49iraKjOc/","73ibuBwhtO8LYV1eGDM+dS","35nDAC6c1EXLPWUjcFaUfw","0fLIRkbHpOdqaRmBfhcm86","78i5ixe/lG67m9rLRpYURA","41EC32wkFCRLmVLRftyLjG","eegI5LlVZB14t314GcWmCG","9edcKsFmFHApp9LPwUMfNg","8fDPkBYdhLN41BbjTO9nUj","33XAubIA5M0J8Aa6bgxDDK","a4wrXKJlVO/JdoDpqtFsfH","6aU8qxVuNFRaTGZ24HDxUN","3dkxCdcTpH6JGqCJzkr/Bh","4dhyJslT1Hi4ckjtgURyHe","70hbYBwUVD5Id6tQiTCBDl","49okNe1HxNwqfVA0Rj4XC/","e7sbysWfhPkpVzCo8Ztt4B","02s5FUkHlKRKWgqyxQm8kD","1bmM9BfUlP9Y2qXR0D4MQy","31VPblyWlA464Iswz6WYtA","24VoI3BOBEf78pxHi3s05i","a3XquhR8tIpJE8JCqhLKAC","b3LKpeflhNG5jv2Jk+aY9d","d05uJEf9lOW6KByZDKTWnZ","79cr6ANyNHfbrghKEipCfj","f3m4v50B1BqroCkMOOigI4","fcZnm9WI1MkobB6YpeayX3","7dwNPkry1Jj5LhanWej4tV","98VDUkvf5FQobiJx18JsnW","8a9d6SL0ZEsLHI5s69QJAU","725yJTOH5G4KIelIbySbad","c1Rk13EkhJM6+twHGLIT+h","40Ctg5qt9KZ51daHbzgfHp","72KI2WcDRGfaI1sQF88Vxd","d60XGZGPVOeYZ4F4xJIOlG","64/XGTF0BHbaNevL5QEj9U","17XxQBJixPAqqC9Gd8a7Hy","43S/cTAIlHtLwDspgMq/Wf","40QbqfXk5KR6Zlfw/+X8PJ","68gL8kfz5FqajD05BWpri3","14LCEXy0NHuaSEgKapMkHI","a48SzIb1tHjYPYdgewyLlR","57DnMQtvpALbawHkRcf2k2","08hs2OnrFPUqwkIj2DDSDL","5dwBsVwDRFPYAQK7xRCRRP","a2Qnfv0TxCXYrrte7uTS0N","83Oio62vRHvaY5RHqFrLGc","c2RHe+1yRK86NY0uWk7NzB","84t95hOWhJF6Mz8l4OJudd","52CYSU6ndJZJZ5vQR35LCM","0aPiL9FmdGpYW5/kVRhsRD","e9S6n69vtOMqQBtKrSFcus","cbkMU1xs5Lca37yA7e06iq","43ANpswPhHWKX062zZKP0w","f8F6lK3clGX4iAnp+ObYlU","68wCMKDQ9B+ozfMRGyZrrB","54CLpxaT1Gt4Cj+VRYFcQY","d1BoltuwFHyqNYM+ZnRhVA","61zD1/gZ5Cdr2YST+bHflE","35MvYWATlG0qDhncTwdsbD","ffMPkzbuBNJozqLq/uYBtu","e54z+jVddN8YCD12pc9s51","4aWhd3wxJGS7BJVRjBxPg+","88b3FYQUVMj6z5fCKqEGio","13W2OiIfxMSq2UzooKXzJP","c9KuNLe9lI4KwMCKRHNg6I","62kpm/BIVGhLMa4Lrdb++o","82lEvHMqpMiKK/fQltWM/D","094QkXng9HDLbCY6a/e223","73iJMqgS9PvpaEYIpQuklq","05d97L3WtHCajVUhw09v/s","e91Oz3Lv1Fa6QkK8KanvU7","3eAIIuiMdIj7cbyssZxEtK","dc5LP2eXtHzqagVwIbvUnu","6aQHnIdt9GNrLIXG9De1mo","d0YEyXvktJjYTWVEiux8OB","5ecV6J4XRKaL5hG9D91/mr","7fCj8OkOlJQoBJe/UNbeUz","c83L6AbptCHrjBA1stk/FA","62yVrGDl9JXr85uVTgOb9Z","4dUScPByBBN5YJs5F1S9EP","2cv+x8P8FPiLbrmnO8Y2HN","dcvqtzVP5BLZ1m724QOqNO","139RXrXwhIt4oivKvP+75y","d0l5LcBCZBa5gg/5vyjKQh","43Uh3qq+RHWKJoT6TYC/1L","fcWKm5IuJM+5/y6RtwVWVb","c4E+RVtAhGsZQUkyn4Vija","44ljeIC1tFeZwcJomjnRlI","656m16fxlHNrnVVlK0wTiW","d5+EsxC75LkafNbj/zu8te","1aqMeh5upPtKrUuCy/83Yw","1fUMFGxthFjbnSAXvKLZt+","ddJSwYB4RPhKkUt6gCV5ce","74kkVEL99AO4oLlvMn0kXY","8aGfOGhpZMVZpT11/zAEbK","fbIx7qDehML6t/hRaJZ5e6","40CRDNytpBfbw7NYcB1p1G","acGVhjwxxBLKZd3JW6Sozp","edm4d14dlCwqdOQXWD9OjR","c2t+XJSBNETrD9ILtIKWI4","b7eLqc609Aq7kt0cXWrqX1","8aC9aK9NVKaKbZkbTfuQdT","b4VNqSWUlD25jxGv5FXZJU","38+ZUcJKpO87I8jlwUOIEs","77X2awyoxMV5EEF6JAjQHm","d3jZ0FFZ5D76U4tiRhsAPe","e6l00z4eBPdb778lNBL9Kd","1e8nhcGhFLtYYlzX2ID45a","adVKuUx6JJ5r35ylszXQni","c7fPqFw4BNr4UvysidQ6tL","07c9fHXcJAxa9YTew4ErDZ","20zxd46o9Mbq1V+oEp871/","12wcbPtulB64MwBPmv3de9","efG3jfQ4hBD5QONGtGO4/E","e9/ppj5mtAEIvnBaQbGxhy","47zlA4GzFCOoMEvvLnt3az","716FJnneJCs4VPgGN2Fd5y","70o3/UJTREuZnlRD5o+0Pf","e29QN6dl5JEZMHx0QmmVHJ","9dTDuXPCxIR6/hJC8jOw6B","24CxIvLLlKl6LaqjLpbUZY","88WGuEW7hJmbps8TnYZqSb","7cUgPwEs5Ao63/yJx2vrOf","b0iAd2+MlPZal5pwVjvIEn","4a/TYa9UtK6qVL938T2tyK","89zr3vBA9JgYXeiklEIlks","bcRiiNemtKHI0Nir+he5Zz","d1pcuADfBJsJP9Od0jBHAf","c1gVKzdgJHdoiKASd8Y0TA","e5XOWA8UNGpbi96cTJN24r","71mJHyJwhMMaEsH0eg9hF7","84i7Ma84hAR5QSikUz7iVv","acF+SoDZJCYpX3pqFEZTrm","ec1wV8VQ9HcJMTBcnoO1cL","52N8I749ZDNJU3yBA+uG2t","23cb2WS3hHkKQnjJ2iZbk+","12+2GvhmxIVImn6ocJLw1A","459XOihJtMMIxjlaZ9OAGo","8anx1fY3lKELQY14N9w/Nw","16/PelmLdP/p1bCBTigcMf","dbk1TI8m5JO6LLnLLsaSIc","964eIDBstMkLW95LorAXrj","22ZhiRtItMDbFeCtUH3WSE","37Fci6bDNIAo27vN0ddRgq","18WasDeZ1L4b5vNIPvFw2E","4aq4t6YuhL8Zg/r3e6s5oX","61qQ2IvhdLELPf0FpKZ7LX","589n4jNBJD34A4a/II5lIh","ecd5QtDMpB55DGnjB9D8ua","ab584BBNVMiKOFsycuEnbu","e48rpzTShBAo34Vz48S6tH","b5iCuFVvFJlIHc5hT/DMYG","86MuqJ4gVHKIN7w/CvkRuH","b8dv/eaNFGKJDWtvlguex7","51ed7/JMFKv5+B2VXWNp8l","afQJrrqPdGJYQ4NmZ3yxrO","70Br2TH+pABYQFpmqnXiNE","0eJQ8+nRpKRZ+7rTNSiy7p","918QS65mBEM57OExqAFa4p","d7GgHzzfFMLL3B8Fjj3CnY","9a6mxJfLVGFImbFGzlqQf/","d2BYD3FHVHboNETfbLqrq0","d8PJkdl3BCBIELtsu2qk7e","3ebBgjrXJMWZKsWSef/n47","22AWgHs8FOCKdaZHZewZqp","adlYZas/1P4ICjeHzf213A","71mghOGm9D6bPa5g89gC2v","ea2+BRnAtKJZTG3NmEWmK7","43Paq3OcJGWYse5JU8jYme","43Alupn4FAR5znf6DNR6gD","c6N30s/jxLy44v17bvB82i","c7tX/ziAlAK6NSuwjGvqR9","92c/aYZ/VCfrXnEwpUyqI/","c1MDxp9mFI9b3iZ8r6Q0Xf","2caM7jgj9BqqfaG7vvj6m6","955Xr795hHJIuytXPF89NU","0dq15MB0JIVJmw4H1V0XL4","506zbFa7tM9LLNHCzuki4p","14OPI5kNtBSIgNhBZNuC+a","65ZFlsaGhCnahg/C/+0QrB","13eov2umBAZ6oNFAjOSQdi","8a4fhxg/JPG6Ycjbs8z8Aq","b7ovJv0GZCxYh8hksy/LYR","26z4ya/3dP8qdudzMQ3TKY","c9wTY03apCOY2UIUCboess","18dxP8ePNMsL1L9oif7lHP","a3i0qf7utEAaDo10xCRy3u","88BbbL6P9LRLW+DJLuZ6Uz","80TkU6mf9PzZZFgkZZN6ql","69rTvTEpdEgaIPAX3lybtP","358s173vpNhopf6vanzD4w","dciVBy6ctE2rU20X/tYKFv","25xGrBHHxIk4r6XQq/+PDf","0bw531NC9CqY/ihxcALwFo","3f8RaxaP5FpoX9UEF+q6zy","f4xCnbJSNLBYCh5iQw3Yqh","70lo9yJJtKur7azmTkGjX2","1dbf3dgttICYD/r+jOM52j","22wRXQRRdBeJw3Au3Pd+oh","75KfCWZS9KDp965YWNfadU","3cnUvsiIxDVYro0DCj7u1Z","24t/Jty3BGApP1+Kij+Pg2","130N12i4pP27T08EeabZR4","c5Y+Js779J8LDonJ3gQkjz","03vltaCxZLfaIbGCBUJSf9","39QncKZdBKP6DTqYHFyxR8","4baKUEkPhIT51NkYEndVSt","8eYovhusdAMqLA+UKzc6Co","5fvHL26OJB4bghzU1ZyEuK","0e/6m3VMROOqNnmmXqJYJa","f8JEpBlxtMWoWr3oN+KZD9","992eRkpSJOILFWZ7RfGj9j","8aoappHOFAe7giKtqOTONL","dcWJ4OFNlH0q53XLtIch4d","18qAtAFdBLc5TDCGVAx3n4","d82Ik8+95HgZoY1B7LQP7V","73urTKIC9EabXEEGRJUhIq","99p2ShHEFGeJyUPVr67DMn","8azTEp/fJKDoyZKBHmUgr6","c6TP6wP1xH+pfkoDQP7WMe","9f/GHxtvpBDqAItcsEMYIK","6drFkIUIhJj4QCZPw22cOg","85WlIO0tNNL6EB0kyAE5ZX","b1To1phVJPa5SY0/nYPWzH","cajyhnGlBEproMF0dNGxYs","e5p8hfGpJDv73pSotd241F","63L/6aFKxO7KWw8AxxRpFS","155eb7LAdEHKzF90Hbh0rm","42IFlgWdNA5K43TwJdbBQp","8bpPQQ8ahHQL3y+fI7mLM8","aaGHJDZ6lHDq3CXCX2oj+2","8ekZdzAXFIx6D5LZ31jQ7v","5fFXEKmiJGzbIAnrSso0KN","2crFy7+o1BwaJZf9mLkH2W","2e8f8V2xZNP7yGStpJ6XQy","a4atuE+TZNN4XHvoKn+MWC","036RC+O2NPXrfaYzj/THkz","386XDeCKBExqnSFYHPBq7O","7e7MlfbSNKAaWpXGI9+zdx","fffvYOJjhMUIA7+eTIYLTA","78+CJLDbpDKpH8ZJ1zspAB","e6JZ8Sc9xJT4LISatvS/pv","92YPh5Ol5NlaWJP1hbMyY+","927NjbTFNG3JSGBmuqVUuk","10RSh5inNNgaC2u0zmLBwH","6594o+3shKmpgsdu52gX9c","6bUDh6RulFcKCJC2YbBqoB","78/M/ts6NMroRbWckPSA0i","58j0NM0AxGArBaelDuSAV/","928e3yCXZBlKvVP5QiKw2F","bddF4mZk9AG4LnAO3owlmL","166xQukmNBibjdNgm9Tjl2","02ThuktIpN5LGjBo6OLB2q","09l4Mu1QNAFpj2hJrIB82M","47OeJEaCNGDpLS0vWdn+kC","d3vljDfl1LqpX3bug8C241","30BFZUTjNFwrURZ2qv8rE9","44LXyQg/pIKay65aUe0Kc0","86ZnKOw+VOQJOg9chpAVNo","42DPdOz2hHq5hwywMUCVe6","e4twflRPNHWIKTKajIUqGa","7cvCv5WvhMnLtNoZyCJdLM","3dUoZV4l9FzYrQzjoZn6hS","1fxLJvQzNIKJsMv9SpzZDL","1bHMFd29NHzKONdoeV//Hf","e3ialCvqJJi6/VWc5+y6HH","17f4Q39m5D37EY1hOt7+Yf","ecp6CoettOGp8xaJNa2yCX","694QtHpEpCXKNB6fN77CuQ","80+lSOkwpDo45pyYeIfPyO","36tQ0idGJCGbgRfGoMB1ti","f9WyH1CjVCNJcBsuZwebnt","c67l9rq5NC24mODabvblqW","94KxyXdu9NvLHZzu+sN3tL","15ePlOQvhD8L+2lejBb4uR","a8OR7aAdVF5o/kjaHydmbn","9fipBazsJJdpiOkMsBBSts","e6ltbimO5Hg4MrVz1k5dtZ","97NwqC9dpNWJ7/qJ5DK7Ds","aeUFTAIs1Nu6re7mpSzLR1","68Fu1fBL5DWbkOUfQS28Zi","ddyPul09pF0Z2OrSAbMex4","4fbp6wNudG4ZcN4o87FDao","6bs64mH9FAlZ4ZtQ5NFPOw","e5L1yO28lMz642iMqODF8s","53cOCW1ZVHuIZSTtbOShQP","ebeLF10OdLSIhy6VLbCD5+","2bo3u5uw5BJqOFBOW2HRKS","2cn7QVhuJKMKnHinH1Mre1","a7TVMzsUlGAacHeHUDzDSQ","34D6JsgLZPkZrJY+XcUWFs","e2m8+z/PNJu7O8ZibdPPkt","efKMXfPE9IUaGpLaM89iN5","daf8jURUlPZJGReLcxi9cy","d6HspWzyVMyp9sEvvIHXkq","8ffwEKu/FGoYwoSRy0U3pC","ea/HwX4NhP0ICY9+fRX7uv","287eUcmaJLBrau7dbRfe0x","126orLK3ZADbL4dQe3CcWl","13jujdiedBMIBIkaBH2l9l","92mjmUZFRFHaidd2U3xAXF","d3m05qenNN45pCqISBpaFZ","8bkBiyPl1KNLZ7XXohnp56","adi20MJbJLwrbUk6bVeGO5","65TlhizjhI+oShx+xmeeWB","08dNebIXlE4a75D0cq9oEb","c8esDY7zRBYo2hTs4AHKi5","41vHa36FdJspmokPuTFhzt","20F3SnZFtEFrhW3is9M/iP","feN9FVQTpJJbQ/tKVGunYI","67whH8Qs9BBaUpmfD/1XBW","2bEsuZ/JpOer9AUICdqmrb","c831Ciq6xLMYzhzJ6mTc+f","cfD00gbFZD2IMDWRZicB8u","47Tu7hr5RFFrxpy8WZXlth","aenkzleRZAcLMGQVjU3Pqk","53/BzIzrVDeKBSqbpYd4VM","789Z3GI9lOOZpoVwb/lCbc","41tg52v7pEJaoWKwA7DYk0","94sLNFTw5ICbNqrY0BtzHL","e6KhFNtVZK5YojO1wo09e0","f48jGr8aVEH7cI/ZNHuL2l","f7KifYKXtDLaQ2aBQLvPID","92mJe1LmlNd7gYo57SpmwJ","5exktHVGpD7IqvEiMvwaLB","19wfQdoh9B8bUM1rwB22nG","22hg0sUKJB9Z9PUvN5K78H","e00N+77z1Hzqn2Y4hKYnaR","f42yT95xlP86WIyCUe6ml3","9bwKCT86RGaZJQKEHKKC5w","a5td+9oidDcYYlKCt1zplY","76uxiC7AlAMrCrAXB7L9I+","a0NKmS69dNIqkumpAnrN5D","8bzU8cp9dEDJSyZGLVyFtv","22bgnJT2lOfpU8acgWKNy2","4eo1nwqAJNabuG0iXu/u46","d1Z2/yKtdJW6ecW2bDqeAM","5dRHUg3BRKA6pUyZmo9t/O","a7rqEh1YBGTpqaPP/62ulY","5c3qcGvuZMTq0UqKtx8KQg","a2InmAU9lKSrHY1kHsI2xi","3crA+Lj2NAb4qHgydsoVE1","49Tlr4e7VEjITVfmEiCVEb","bbg4wit+FCI6LVxVFypRON","ea+VcoDdlGmqfSKRDC3K08","5e3gOQdStBzJAIeCV27YPj","14/kflU6JLy4B2uDwYbjxq","06RqN4b5lG+a/C5FBFYFXF","67BxpmADtGO7avWPVrhsbB","1fYvmxl/xEl4BMB7YmQUhx","90+MjESF1KbLxJ87k4WByz","38RAmJRYtJp4tme9mCFReY","805KFzKQhN67IQO8EoMQ2D","a3b+qOHc9HRYg66hmRpalo","50MFA5eJhC04t+BLGhZVEg","aczbqxlOZEhopQC1p5PDLq","53x+G4/vNDSInIhSQRUpSl","be0EZJuz1NoZJjNSYv26/Y","313p7NK7pJYpFIB30oB7xJ","9c5oXNqShEio7FcYIMcul3","83u6IIa4tKa6RyV0cyEpmo","46WYuofJtHKLukk7MIMtH1","f3DiVQVD5OHJ0NSF+Yx4VD","492OhqW3xAvZv9KnmmDLF8","44UmfB66dF249p7tt379UC","33xaiZuotB4oSg+wWBz6pA","9bl8oAcfxJjI82xOjOdycF","0f3YUvIpdPqo+GsGrge4qO","6crGbACGJF65ZJrzC7cEmg","b0QEBOI4hPIqJKTw66/hmL","b1CqlkuBxOCbV3aXIY2/ci","1aYOMQr05NVI1O1GKSaJG3","5eX3y3At5FC5CtlMZa0tsr","efA0Bpf1tIPL7BjSc6JhZN","30hcjPFCZJELEHsCal6gj/","228/HEY7FDMpU8886z4vgn","8dfvV7wRtI5792peCBl/vT","3e0miULqpLsadUpoahgwTQ","0eBdPpmatEEauE3y/0APJF","39jVBovGxG5YbCy5mtqHIo","04ae0wyMdMRZIffXcU60+B","e1Z34VFgRKTIR95Gljtc6Q","e3fyVHFaJHEaFVqohhxiWp","47bxlFj+JOGoEnGvidHjwd","e4JBah9I5AX7FkG681/Hz9","872jh1dm1CWr8y2qzmlLJJ","a49rXLS6hDK4B71C3lS0cM","86+cPq2HdLiquUjvqpPi+u","28e1aofy5Hkr7v3pBPnPIa","2cDd4l1htDepSw+UJLGSX9","3fn62ee1pBuZ0Q82ukzuFe","d5YFUsYHFGMbP1dbrvPWyc","12j0GCOXBD4ZTTRQjHEdKf","19YiElPeJHPbnm6M1A4b8/","dcMuhlgM5N/7QbKiPsYUSu","a0Ed1ZzIhOcL04js/cqFmX","33iaBkbhFCrL6d2pT/8F/O","98c/uANcBDvouPJj4J12cj","ffwSQe8UNGD4kpfXIfCiV3","2de7QRw1VDf6u36HCuy1lo","8bLPxM4DJMsImdT3z4UewW","23OxDZGHZLL6Q0YTvhWtUK","b3XyKOyVdPd7K7HfbMRriP","3d842ZdSRF+5Aa+34r7aPn","52tmD4JCpLZ4p5GQyq5qaf","b9+V7v71lBkr46I5mYjrL5","e8nTAZhcdJdomUuYRJy8fS","797Yc4PZlG9LaQXgz7zAGZ","ad5ctxkWdKO5gAEYHLCcH/","edwKSrwutAeISd219HCQUE","84V9XDtdVAqI5CyfDPqvwF","83ryt3ecFCxIHS2u13JZ8g","040cbDCYVPkbgkdIu5GcEc","874XIrH3NGc4igIvfrOgNa","ff3majAiRH27Pt14RjgFIp","e6NE/1g3BIz4LA41Ka07WD","5ei7ieNbND/oX96fwidDd6","74YpTB1YpKs6m3VykIk4Pt","cabqJnjMRMZIMv6i1ymh4i","43kIlLJudPN5NDKa3wRbG/","f3KtcnsIJOrItRPPukScSC","d2f9D424ZASJ9Da/U3vdBZ","fcFU5xRPxC+p2WeUs8SNpE","17z+cpmb1Avaoe73i8YpxY","dbSqeobO1HgLVqZxrisEge","96dz6co6hF97e8vSGTG4C3","ceKlRSwdVNO4dmUXROgcD1","0aRGx40GFBqooiDwJ76KzA","80ta6Z2TREL5VWQd40mlo3","de8nWitYNBta2IqC+XwEY0","8dATUSRU5BKbl4rzrXFXF/","15FDoHA+dHfqbP7VTV7unh","57iFX9nBRIL4k5dgNDpmGu","38kvOA6WZIypRTv19UwC93","e3gaqjPz9F5qnsStAUQznu","48HfuJ+XpPfJhPzY42IZD7","01HmpUgUhPPrIc0POZoK63","a4xvQzhtpDu7BvxBJaN0S+","05WkjnLyJM3apnSfUp36oA","d4EuEQoWROkoQdvqSAfrIz","cbh9wytUpKCa9ODPIWPbHN","8c7JmsO4hCbpH29UgOSaJ+","208z1CLgFLr5cJAA2CGNta","4c82EueNtEJpB6AF1prb+R","42rvlQGChBp5swtJH+sdOo","ffguiXeOtNDLv1bEisO8eF","11kR5cAThM6Yfi+VypvSC/","38z930SxZEfL5LlT4ujReA","94vX/hCklLSK8K8yY5ZWua","11qoS274JE65kQZy9yNxgJ","c9xFqiNPJOHLgY7724HkcP","b0tZ6D2W5KDboLb6ZRnP10","4ckXpgVn9L6r1SbEzB8H0+","feSkOGy19F74wzl9oqtM5d","319CWkhKtPjY189DzxCtyW","c1JXJXOUFAk77k5jzMwa3A","7eZKy0dCJDXbIuGCjrDgNT","c6/ByBIStBoLdp+9ySqBgd","84i9NYJi1LEK5ZiWIeYEKN","0dsbMx101Par7qBizPAFFZ","9eqMf8eghIRqy1BEGW/kfF","37nn5W8G9NLZW2FtXpu85n","42HdrttmxFPojG9OqY/ggt","93a5BX92ZEQJS1ykOF6hPP","0bMLvxGepEI7X/bhWjA4sQ","8eF78vQWpFPJhm93Lo0LN4","8azuEVsLJN+q4ECr4YACPN","33fUkv3CpDRZySMrvZMp7d","ceskGjS6JHXLEg4voFnyBM","5aIhAu8AFO+qQdI6qv71X7","4bNyq5uwNGxL8LeTt1dRH7","250jveEB5DWZdrEuHBpVNh","80d6TYY1hP8plrdM9vwpop","d5EFoZlFlOX4TKsG2VzbUU","b2thSD+YVDDL7SLTmBXV6d","a3M5YPstlDi69ImatKzGJl","c7P9DE6pZImYg2JAcIhIpK","f6Cbd313ZO9KKTtWu8pvGX","3eTgcUZItKgorBYQ9hINhJ","23KJK0Ed1DdI1pAa5Ua31C","dfhsBDQ5NLPKb+fw9kGs7h","873ptx/4xFga+o7LB9ioQC","c8QeHGIhJHcqj5XEk/B15T","e05WQCn05BmrXUpeaCfLnQ","b2hPp4ouhJK6EBkhoUWIVz","67Z4VbWQpKNJN9dbgvy5OS","e0C80AeTZI1qf8JjrP7cBN","13Olg9F8lLFJsEbALtwoEh","a9d21vrdRAspLHnB271anL","aa2mDU71FOlJlOpgmpsaom","436ZANdq5BqJsm/RdhSWpG","5eWYj2fHhEKoSEmdVs6kjF","bfjxQKetZGKJAsPdli/pZJ","98ELwEkIZBTIJOPtXxtxiE","21mM7GzGJO2YPn8r5LY8ow","40GUQPRVVGv7CJ9/ROKsH6","8eOa3ofs1GbI7LR/39Rncj","b2dAtp7aVK/qXB+/nOL2cI","caYLh0Q7tCuJlcQpRxh/EE","degTNVQX9IvJ4Y+lUrCs/H","1cCkuC/A1E3Yj+CD5k2Z/4","e64MaoGb5GzZ7IwJDv8GHg","db6Cw7nSxJqbPLUCyLF1Wn","e9geE6VD1Kgo4pdvRZ17LM","a9xipFpQJFcpbzRkOzLLME","7fuAo6XVdB/L4UoiOl3vRh","ed8WgrIbxKIJovPBVCvZaB","b4X7xa9N9AH7b2oGui7z/9","5fuTgJoPdGPZvYklsfK1te","60j/rBQdtOAK3/VKfh4Rjg","aegGkTqu9EcYPbpWQg6BwO","9fwgPIxDNH9bBk2UF5rbh8","5bEYAnmaFCfqNwh3X15p8S","5dM7PW7ftNy5gMbmwGiMQ6","b16Jq5Lr1Ecqq5qExO3soa","aaCUoKECRCsZIKoVdFublb","a9pcd2kgtEIbybSvJ39ZvG","a7CDJYElBGupiYiCKuK5hc","a5s9cUxNpEG5NviIKrPp3r","ebYDZvY/NFlq3qBXcgxVOa","92n+MoMDJARrq5ehh1PUx5","27MlmTj4FKfJXdFC9JHsDi","6djODmMvhG1p0ZnYyIJ2WY","f1LaYH8A1H9rKk8HIiLFMW","55SLwaXDtMEpjj/nMGp3Fp","b8//tDE6tJHL/oiNpTaXob","580qJayUtICoyw/fEun2MW","c26UE0IVJBUJTZsIGVpYBL","1c+7917lxI6bLDJfNcXKLN","b8tuA7t2lFsqld2dD9ZDEf","14KX2INcNHtIuM46eB9ICb","fa1Q63UFpBDJ2OyWX3hbhj","f6PMw6cz5Ozrc2klpo/AT/","ca9vQXqmpBSpAc8WbK9diP","b1Cyp0jbNHbrl7ixlRVF+2","19QRePzbxFdo2fgnhko6Yx","31O/c42h5DPJDKz6SNxVei","12TSR2dU1H+7mxffswYKNI","ddOemIoM5KubPr7ny3KFbZ","22H8DXieBEJ6OIF3Gyu0YX","31kgTClrxHo6dhjfT34oFZ","3eH3LsKPRPrLsY7bRTh/Av","39PZryondNqJZXce1dBb+d","cbvBPF1cBKWY1z69VbhcsE","37gRL1BvpMX4uZPy7BYcVG","f7xR2O3wJBFJ5c+4u0vR2w","8488rib0RMMrxsVb5bXYeG","52wX4IfG9Iq4JydkRuiDQz","29qVndGrFIx5hnGbRKLIL6","f5qBS5kaBEo5tU/s0/8+uV","7d2VzcpDpKX73pUhy53Ke2","e84o5eVxFFWJzEOtFVAUa4","99R9skJ01JUarJebSVIdCU","a2LKQiKYpLEIguBZz9KXRU","d1F2woBeVI0oJ4fa67OX8a","c8T5nthS5CT5hY0uSVSy7D","behES76stG4r1ZkBNlrewp","22k+WJxCNHFKxQtdGMVQua","dbR3AJcJxK65CR05ixqd4S","54MXMj6lxLdqJfIQ8DVkx+","be5NXE/cZBCJN2VIgkhUSH","21HCqAzAxH/684LnmyRqTA","ebhfvntElI1YHQmNWoOl5H","33GEkbe2lF5LoLdBB1VqTI","4355VCDANCmI2LwABaiA1L","24Qlz7S3pAC6Gl+bSRqONg","2fQlNTOZlIEolJVxPBapCi","c3UzakpfRMqIKBsSO0iRDl","9ctoe3AYJOCr9wAk1uoEmc","3cfZ4QXq9NU5KP/mGwZct7","01TjB9Sk9JCKiwaPexN9c3","e9VKsAjadOc6T63IhRvNgU","f9zyB13RhG8JzFRJj29zIs","13XjDFlZNJoJcHbyFBbYh4","18bRA+YZJOeZMlbA0APyd8","61Zjm0//5NAI55KwZT89zx","ecpC3cU8dElbyQBDk45LJw","c96z19/xlO86U4PXEE0m+P","f2eFS24a9MF4DlSEclqnHv","05HEnBj+NGTqZB/+5b2eOY","62WzsRV9hKUL7Y7FbcbIfT","88MofrrUJCxakOQ/aRh1TG","1bvd0WXHxAnaz/xLr5WTR5","78FCHLu5FGNZ4kSm0AfGSh","e4oE52QLhPopFBOG4nw2br","ed41nJBgVBdrEhFYGYyath","1e9y/BY9tGIJXqjyyE/xI8","bahTISiehNhahBU6ZW4ItM","b0jMq3q1xFprqt6+wExiz6","7biidvNxhGQYbWetQeTnZ0","29HQhOQQtBYJ/0ETMDFr51","835OxgCflCo4UPXxiZvRxJ","697B7tFwRMW4sde2+ioLgt","75D/cEnBFIa5vbImRzIYTw","2dLABAmu5JWpm8ECUOUjnC","f98GLqH3xFbImCKDJDddXQ","4bgXP9ffFARKft025XBdPN","07XWzH+QhIeIBb739jXjE2","42prflcplJN4es37/C9oEX","56KcjC6KZC6YYQw10YJdKB","89E/nxVDpK/5q2zibphRVD","89gCHd5AdJM67JWWjp7az5","edDq89KppI8ItBHnmaxAHQ","524ciasZFIaZwrdTkMoNVK","2egDPV5jlFPpSBtsopziMo","1bwxZyunNCKJUur+cxxvkO","8aEJC1aqVCZraZ8fkvsGQB","0cRLscZlFOUK0Dv6IirdG+","19NJB5eaNDGJc8SUMrkRai","dcMwnFn6NNeLuc9NEuHHE6","2bo+Lkt0JD76SU6e+nwF9N","b2ox5bT4NEypMBQH+qWR6R","d7rGZkSFVK5bUJrrWYIdgh","956jgz1nVM/LPljLRX6Rd2","e4h2a0ajhAfI5EqamWl1XA","d9W9YMq41OJZfL6UjjBo16","898vgBJKNBq7fApaPeSVO3","bb+w2VElZAvqv93WG6P3Qk","93epOR14NG/IkkhjuXDY4A","catRm+HLpCfIvW+GlyjVGm","e1gNj2K/1Gz5GUJAm58THp","deOAcQULxFmJfhYup1U+Dk","93adDKtIZMc5eP3BNUhNVm","ecSbuefalA1rXOaFroBINW","58NLSJIVdGcqPSVGZSvEOe","c3tQliT4BHr43+P/0AZC6B","0bjAdL99ZC6LR2wd9QJ45C","f9+h+yda1Mb4TEQ5BYwttN","e6XxS32zVPGJ91B4nGZZlM","92zxKGvydK3bzJs8ZAw/ee","38O3UNh7xOAbmwypyU4eLw","2cesAn1uJNQrWOCqf92IRu","d7db1tqexHnJp8g4SXkL15","32th+kzgFHVKTDa0AmzdpL","1du6+aG8tP3JjQB/y60YTr","federBQ0NG16P9w2v7GnEU","09woESUKBC0L9zQXjscFep","a8mZ8saP1Pcq6KLv3UZ7Gt","b4FNUPcKpJ0Llwoy49v3SI","7fcgTlYctIPJZ2lsyVsOGB","08RbQtKWVIopPe4pwD9XcX","a63qMiNSpFoqDNNLxGx24G","4cN26gZBpK+pjhy10I5xrI","ceMBH28jBLMI98+6eI+spd","b7FQLs/RtLAJ/5PwJmbTwy","f1SJeS13FL+JYKPp6S0f5m","b5pQoZIkFBPK0ZuFtYDvoT","deI+F2MTBCKL0hIQdJLHnm","b5z6Nb9pFCvKOPoEgFrIHm","911x97CVhD+ocR2v87D0dD","c0Ub5IrsZBnIUJWLrF9yXS","50Ki0TbE1PqqVoTi5S04CR","f4J4rqTaFMjJ6+Bzn7yP4n","a4W9tsb0NATZ4uNs0BJhla","62AiezXAxHGqMzxPfUC0Ee","2cDofFVb9AyLsvisdEebO9","8f1O8G2NNBN5BMVqStWJxC","800zE2RTBA9JROSe0cePRx","bfu91PaLlGlJ2V4tlpPOJi","53YkVvwiFM75WN0UCXHt0r","e1BruYH3FC9bwEX1vtIMlB","44u7UDGz1C0K58fWtwbyG5","adFpk5XjtPob/5bN3idGUR","77jh2ITH5O57rSC0k1V6ex","f2+GzaBMJOLaC+as791cjW","c3b+luyX5I4LYCdxj/nnTU","7fOwU2qYNLMK3LYk2Wra6r","19R7JjM9xIZ6lPhZrodXo2","43iG0B/uhLqp/T+sndtx19","25Ue7bCG9MrpQzkZO25l4+","11eDUsUUVFUJaJQL2mr0M8","25zCbmFNxNbq2KMrSwbAaf","733KWF8u9E264Oya/My3Z4","03BjnAZFdCAIuQEOHhhFfZ","729nU7LetH6bfEVmbnCC8h","01WFe4lxNApZC2xNdgsy+H","afnRGak/dBN47BLqO96wSc","fdybElqlFAS7zzVQyCe/jl","07Nf4lAgpLKbMVZIVa61E3","bdvJ2ZZWpMkb7cJk2wOsFK","66XGWc3kNCPLfNgkTskfjZ","f5v38qlnpJZI/iOOo9zIaw","2aCYDnxl1AiZPeTm+NzMZe","f6K3jpBEJObpL8YOSFOrqg","89SA4aDm5F8om3uL+ia9S3","44TEhOGi9AQKUcAKn1pbCP","d1cTqk02VPDZoRkyiC/hEz","451iDt06RBSIQ8ynNp1ERr","3bLrrDmg9Ixqan4pn38rKF","b8U2FNebFGZLMZEjrq7NhP","d7wl6OMy5D4JNUbeJ4hT5B","79IXVRlhNOQqZktU7hvP2P","45gGQ4vNNHM6fX6b4TT0hw","40X7n0QfRJnIuvO3ICiGqG","4dMQAAvUxCy5fJrLnQa8ez","70CiEEbAtMqpOLvHy+Z3Ow","01vkloHZRK06OKG/GVfPHM","3fpn7Us25Hbpnd6M4FvQAs","c458yFhUZJMpOCk8ZcJQ15","6fiS43kzFHb7gj2aw4Co4T","46JsnqXEdEIaqhzUWyEcHZ","e8LDAS62hLV4bYPUHRyRKF","d5ClSBUtpGTpNlZUqGYljb","10+lhq+PBG64nc5XtaZ+eV","10VuIEcSFG+J4Ioh4Lazeo","70eEHcbENFQ5/dHveOVMAn","3bnjhz7bJGP5e6+XuT2qd6","903z+/41lJLZZecvck0Kec","0305/fe5ZE55sCmKywg2fX","95UXw0H8NCBpHI4wwWXbD7","c7Qrde081BDpHNSTydBP8X","0eiLLT5UtGPJ+2Nau9lj5u","baqAb+WslLY70bc8enPZvC","9fdAkaXZdJv5sAwHvKrWWk","b286LiB29MtYL3J/V5JcrY","91UR2+RBRL0rx/8BkR54pJ","1bK3swIzNHnYN5J03HFqcS","36JLltANFBOo7pMYLMSaKu","10uXR2d3dLzZfSC+Yolq+O","a8tRuABTFJn5hRo3mXr7vj","25cpQYLHVF4JifZH1meC0c","16HXlWfo9Bp5EBTsjibP6y","519bDb1wpD5Ja9W2OBH7sl","d7/rQWgO1GUL2d2RWXZCxj","abVf4bN2FHJJ65T4DzulCg","01gyvLuGtHjJn/XvA5rByR","8b+KJnzC9BfI7S33zYR0pJ","683aVlnCtAh5kXOe7mpZLc","deEiy9y8RHvbKUPPz+mTfp","29pmHZCQ1EQZQ2gt+laNFq","a2w4a1hOZH7YWOtA+DzmQO","ce1ok1iiZODJq0rK3gLmiC","6cMOisrl9JjKuXM7aeLgxc","31HpR81/FGBZ2WNyc9v25h","2dxRxFHzlFJJikOhGLMiec","0fktBza3tM/7Bxr0WqZdDw","edqgf0HqlMupUyYbR1+Vf9","f7rNU8Mv1IPrtUHbBxG6ZE","d4F8hN1LhGya6mUzqo5tUF","51PAX/WJNE2IpBxu3t/cV0","a9+7yROEBMwpnhKMRDCSGF","94TFqzODNMoaV7CGa45PtF","11TGASwGtNup3LN/UpPKqw","d4X+xkTeFA7L7XQjW7Q3lY","fbXcOqgZBCN7BxXMWLpOM4","f7mxWcBwpEfovxQiac4DZa","35GWM1erZKYKrQUTRN/0F3","c2IU5nUJ9EO7XkW/1PhWeY","6aBXK7xVNLOYUYvgabcbjZ","936CK6NNlPxIA1z8GMbkA8","b6hL3cctNPpY7lbXa62Hg+","dbf/6rE6tAKKVV1XA6IT8v","d1gq9AWI5NiJxy9jX6Yi3h","acBDeElJpG3b5Ik0AlnU3r","f0tOqR+YVKFaiwGOSB9FjG","f684W28FdF+6jx4H60ENiJ","e0GfsUrJxDy6+W6QEL40P4","97djmGi19ID7QkcOOs56zA","e3G0sHbOtK9ZWhCr/ODbqh","99tbMPq+1Mo5Ee5DhuZrfq","e53WOpGg5CGIY9t1M9TFKS","e3U6q8b6lFw4QMEOPMnoWZ","cf7gg/RENLpq9zmJ316GOy","45ll8vTS1FnJta7IYxwCiy","e19mFgJ05G8J98E2ArXDjy","79IaZZbAhAUYvwpRsCuHH7","73l6WCsk9CkpfBkV0o/lD5","25s6HkFDZDiKABHo2czu/T","efoc1oPXtNhoiuDnrk7A48","05zdxdWrxMh6YMdM9bLdHI","58OjAZICRO87VHaFetWjlD","dcsE2QyGxFDJs5HwmCSOxY","9bQECCHBBD77IyC3PE6/19","b8/4SzEJhASYGSZaiziE4g","b5Rk85SkZDWIDFJaJyWhdM","d5VBL01rpFkaK9iirPIK1g","36mf+31lxAGrdm9cs21D6k","25tc5ftzZPlqLI/SfAvVXP","11ttFjJ2xHu4UOuyWBRQ0V","5dU+3VJFtB1r04USQzIdmW","e8Hcd44yRAZo7I5a7QE6c0","ee0/weBIBMJqAyOlvmbVTe","64pJu1HKdPuKYEs57ZwII3","a6iAngvVNARrG3wYbofXVm","93xA/00LNO8rjwSpCrWk6V","84BrfVWZVG0ZnLZig2IP4H","caoC4hyrVHma5bkBRJvRZM","8c8DWFPmdM0YCIZo2V559A","61W912vutIKI5BuhJrxrgL","07nOT7tdRFgquls5paUanS","68cBgn0z5GvaZZQVwkJgWD","a4OPFRAxBD/55CxyFVZuLy","1fEzuR7ilPPb/GLfLeBvqD","7aI8xn5nVHYYgMOUzFR+dx","6dIb9k9TdB0oBxJguhIyJB","20zCePriJA3JNWgOI5JR51","370EfP+95N1J6Y9z3jXiND","47kn/HsG9B24X41vyMcd+L","31Asbh5NlNW6ydDQhM6CUg","53ZM6t6o9Jco7L1de8mlmC","64r/bRX91I+oP6S+wOXyA1","9bgw/blZlEZ6p22Atx0i66","d8KRwUY8BA4aS+SGVxK//x","99FE1qxdNOKbxmdkZDOsEo","2ddwk1kMlJtr1ZelW9Sj6b","49ZAaENIVI/67BpVtagqgP","c2Hz07ehtIwJ5ONVQxnaQb","08TRtkd0JC94u8IO1laZc4","3f1toUW99AGK8f+gaojdxg","5bN2a39KFAAYC+hgG8aMAD","798AS8aqZEGqxfwS1KZawa","15YE3g2htMF5wjVlbXt6pK","575BZ4vVdHIa98VA/QUEy9","606/oAuSRG35HQIeijknHO","41/r4KfSxKS6qF+yiIXuZt","35gCiiVP5FPYdDK4x0e6sW","1ba6E76SdOMJ9QdYsnUqfM","be7+uAGM1Bur6dGbNWAq5N","be4irP521JvoiZhs6XlUvq","49ichIU1VF9Jwz5TRkfPQS","c7dZqXHEJAO72wqSUHszC+","b7ownpzrFPV4Fz4rYX3TFF","6a2pz0DghJebzL6VpwfjiC","f41EwblshL8rUInUXo1oFd","4an6HdJVJGd4NlEEzNT7Nz","0fzvh5VmhAaJdRu53+9vKk","9b40MiGNtLYY89DdClBd8f","9dnFTit7RJIp75IZIKOSe7","ebhqzT71dGf7jnyYEyx3v0","6e1KPz+7NEdqHwwCAPItwy","dcn8kQ5D9NP7d2n8D47rKE","f0Ol4xZlJGG777NZqrz4HD","34nzpp09JH35UZ5ybS8xQ4","50ewKofRFGBqjnLO6FQ6XR","28ZQ8YzWdBJZsfUFy7k2wH","16x+hFw7VPYrLP2ATJoG12","33I95YmP1J5aDS8cBuxeOs","a1v/xRbhdHSIvUVNWkRCrG","9e/EJGvwJIe5mOsUEcDCt5","34X1SQ9nZO46JcBAagvUG+","e3slU8DxVGb45rV4GQqaf6","41kB6jzWtBrKEQFf6hkZy1","25quoLUulBqr8yWEPxkOfL","42Wbw+kCVNGIChdgVtgquf","e4MxL0hX1LB74cxeSmr7UT","32zfbjaKpJ27sjgkALmszc","7cmAKyLnVATaCbiPiTJSiN","87Lv2BFVJIdL9kvVaodDtH","bdCBpM81pOQpxPCD5OFNyY","74T3zaUNtNVqjG+22+Qz+d","90yWuZYMBOlZDM7URetsL/","af2q4ixCBFLK+FhHykzmVP","c5ZwNX2sZCk43iO4Inbrbl","ecFzQ7URBJu5RWtHmfXdv7","687yMpWJ1DVqT6h1a/oW4H","24QgmYuXhHp60yDlu+EGto","13fM6LDqJElIh2vT7fp/18","3efHva8YxBtLskjkTISCgE","63cRIcj65MNIRnkbhHlsQz","3elX0jNSpCPZYgWmmhsLcr","6blbvASdJJ1oGqieEXrQJx","34hsMDSRRN45iNAArrL4ge","c30vlm/qRL5r3ccq8ch2Fx","4dukClkJVONKCjQ8fk0xPJ","313nlwjBxEBZhLhM92FUjX","8a1iSiRudLSL8/zP00lu1w","ecJ9h3HHxIfr2A6w7UHVNf","26a4i96lRLuYI4gsolTafS","8383EAK0FB6q+SWJ+Gm4Wm","03PvA0dnlOX73i2CpN7jEr","72Sw3jG3tHvKzZ5fjNnD+h","18+WdS+ldLvLa+VEYWrHHw","11moogj+VP8JEcKHt+ZYFC","4a0n2NPzJEl74DTWi7lttA","30tP8MaBNF3arzVvUWrO3X","1aFgfZ4mpPaqTreehMvxa1","94CoUXtXJNcasELFgnEA0F","50bMTiY6lFlKyol88epCBI","55PgCsXu1FWK7HQXDPf8b1","43Au/X8DhCOKtLWikioFjk","51lKE23mBA8K6A8kyNupbj","36keVXmLdEb6pWiQ/l9xg/","5cHQ+afiVCn6yVgBVPylOc","beLKBIK+5AqLCFA4Sc2rsN","a0Y+Xros5OaLQar7Wdri/J","63z8hsONdD660Ys6CjEd9e","cfee4dnidIm5/TmyeJiX8t","c5un04qQJI7bWzTPY1cLCI","8c58yWdchGG4aWUhDghDBi","7dkC3rtmdNNp4SWh5YcuhA","08QvZTGwtEfbP+HKsZyQJ6","7fe9C6QvdDN4gJ0kLgL6Wq","12InbK+zpAU6dut7io6uJZ","c5XBXeffVBU4Vpi98LodJD","b9eH8nQN5O+Kec2e2ke9G6","e2kQ24udhBsbG8wgh+Kr2f","04L2UUxAFEaaH+xOtKFgB+","41w4XdDZdHqo9Yax4UHZBR","801Ax56ehPCpr23ESqUJ/8","b2gMCK0zVDdLzMLvhNAjs+","1f+wXR0wxFgrcQTB9fiAs+","1ciOSfASBKzoYB+1XX0yGG","dblTEF6uJFZp6xmozdDQvV","88IEjXtNNEu50mSNJJGZUi","4bvD7houNAyYn3BoPc2h3X","c8GRMNSIlOm6ouksmn/1ya","09jcYq1DBHWYBTjQXY5jzC","071uIUbAhKBKSF6PaF4hP2","71x1v6GklCJIfSq0IU1SP3","5cC/F2w8ZFAaHVdp7nnsjq","63dbs1k4RI2brmw1UOMNfq","a6rfnt9UtOIKVhYSJQCoVJ","76AjNbbYxLQrau1s/NT1Yc","d9tbYfAYlLvpBqNtfxiZS9","14dGIt1U9KRLElQzm6ibcF","a3UD4ecBlBuLd04K2bRkRC","03QdvoUMdDvLuoRF2gALls","89Ke+DerVAUK/kIOu4M44c","04T2LlSaRBRpMkPX4Z3yAF","f2jepmfKJHI6lRc/Dwmoss","26WBUL1X9Lm4KMvEtyCeri","a32Yf6OglCEpoORvS90VPc","34wuv21mtOCaxv+qAk3Bbh","99WoU2w1NLAbnr2HCEiOBI","77vQzzYQ9PUqFwBA6RUvSQ","4bHuKyAElIy4YjnKx3aixd","cd6Z9AuH9IsIczTOQGxRAF","98tbvVlvtNoYV+m7GQfqLG","b5IDdJqp9L/7c68ChR/Nr9","c7cRFuQDtO9o78Un+97Xg3","526PKcoqxCEL++ymhGdvfT","2dDvpmqs1ErIm6AH+knk0h","68STikzMJI976CIfZmaOep","9aV0ZuBDZDHrEgzbHp7UCB","9dLWnO9PNLbJ9LpfttFLE3","b7jwj2DrpLjq9rRWCc8qd5","c6+WJPqNVBU5nOmh8/XoVD","5dxC7LcTxH2Jxg9Sxg7qED","fcR1t+u5VBK48wFVv1Ve9K","22uuOvlxxPnqugLbfimQgL","cdbjFWFAFCcK3p72vCfzQ/","f45BEUipZC6YlM/dTOUSxg","0e/5jJBbtJaZKhHx0RsCkq","22FmTOPqlF8oid4qCEPW3E","e24wRjgxdDCpNyyoj4VAcH","20/+1B71pDa5NVDL+Fmcrc","0a2xM1Sw5HAbdONpDIc3Qe","ca3MH1NTxNAZglwWJ5iji6","9fXILEeaVOBbLzDKHe1Yr4","322FQlXJdPhpgfACtvBVdw","c7pIq0xABLMqcpcMqHCK5w","1aYBXkneJMto3WlFcMg7k4","5e1j7wXNFIRL77ut7mXbsa","7fvB+CnkBBNLE8fZcj7rVd","07iQAvqMZHTp7RuPCM6CdY","36wio2z5VG2JperowCM5dm","98iU4OvpFKF62fMnEmaHZC","7dUwzVaDVBBrbtW1GhENvv","18JFm/RHlB0YxZKNieTjT3","dbOZoDAdZEQKkbf6LTepHh","6eIXD/aMNK/rUhyXpBUdl3","faRx8zMPpHP5sYfzQqX8aF","50E687SYBFp5+C78UtPVKb","92UAhxk3BKx6wW9uXo1MQ0","c7YlYgI3JO7ppKtyDgEUhC","b79wO5d9VN2ZPKuXFVFqub","d5habbx75BWpIiRXYdx0UH","1c2+ZZg9ZKirKqcc5fqNOI","66dZX7n1hMLYesUAvidEte","5cOz36OJFNwZxFyLefTdVf","54hIl0t5hF071kB56J9wur","82ek2ZZnlLmIjVs3NhDWjz","71KwtGx2hF5pdogVSRvDjj","62SfLp2P9HS5lay6YAXkWF","ddu84NwAtGnYeml0jzsynj","8bNd1DSXtCbaBzDWKttMvU","ecnpxh6ydF3JligCqnQWKa","0ajZado1xB8Zs4VyFxXPvi","53Jltkf4pD45nsjqdrlkc/","35qYkK1mRHsLH0oUfZlZ4E","5cHl/cD6tEVKDOesWOLawf","b2ljn6iRtB0KjvtdNcCbCa","ddyMBEjudK+7U0TmQsR0ny","c9u3b2GedMNIwXfBYX7zr7","23S809jFZC0ICe5SoLKNWy","19qFWKLdZPypuT5yqk8CI9","4bRYS1mjtAA6yx648Xw5xn","aahVases9B05WA5dJPi5UU","0dH8Gt/EVGwq4itSJdeyze","86jDXjJ2tAa6gtBkPIY8z4","27/gzz1PJCpaePxtQcjcs3","483wgoLYZAS7IWnTQESHJv","feGBVjnJdGJ649MRcA6VfE","45wFx/SftF9IdfDq7WkqH0","9fKDWB0JROJ5HlGQdhh3F+","e28xhpWI1K5KZ/8VA5JFDY","22oudM1FxFfYbS4LHZNwmu","8bECUjMwlIaZMi+5eKKm4p","f13gZE3CRHkKznKGaVsQVu","614q7birtKTY6cELamtGKR","8dp69KE55G6bOLHrkwoPZ3","6dK56Gt95DfLb0jQMrgvQZ","51nx26oCxHG6Srf6CmapvI","f1Os83JcpLK5k1rUFIh1bj","ba73AfHEtCbpF+ovkq0KcJ","54YPdyOqBJ9Ye4gxy6htqi","a0cVCUt3dFaIenBDpweEAi","3dBjDmuklCibDAtLbGdskg","4decu9lDZFU5qTY3KgAabP","3erUvx/pZEyqSrOWiaoLq1","a0NyL9tIVC4blexG36ypz+","d1RG3s6TdNzIIUeXafCrl7","54w/9M0ilA/qks0bPsa8Uy","12n5udquhJ4IrB2oDPPLlW","10gF+IOAZMdo7qtihNK1XV","b0Ux3eA/FPNIv4641ybL1o","fb8K+coONL/47JoFW8IJ1F","f8syOAnYVCnodAcqqRkNDR","acGmTHDk1CkZ5nuj5BCcn8","4bqzIhBiRNY4LRjFdKDg+X","98WWniVQNGqb4Z8aYu1vft","93wnuma3dIMKofsTLj7Yfm","ed78wcRKhOhooCQVOFPyo6","19/pd7HvJD9KQlYSK8oFz7","88znil1HxByp7C7SBhqgMT","93SHBgq9xGXos9TZr8NAMO","baxovs/flPuIoIk7YiNy/H","d0rQANupNOlrgrR7hHGTMU","ecpdLyjvZBwrvm+cedCcQy","7a/QZLET9IDreTiBfRn2PD","a2MjXRFdtLlYQ5ouAFv/+R","47LfXTNedBhJ5sf0G+5l7j","7atnkm+vtBk6Mvv8DBz46m","f0BIwQ8D5Ml7nTNQbh1YlS","3ae7efMv1CLq2ilvUY/tQi","e97GVMl6JHh5Ml5qEDdSGa","29FYIk+N1GYaeWH/q1NxQO","5cO7kybDxGj4ipyMYdRYZB","5f5dyqtRNNxaFmVzYns6FZ","c9VupEoCxGbIrIXOJwwOth","ecCTW49kJJYZX+93y4H/Sv"],"scenes":{"db://assets/Bundle/DieuThuyen30Line/DieuThuyen.fire":165},"redirect":[1423,0,1424,0,1425,1,1427,1,1428,1,1429,0,1430,1,1431,1,1434,1,1435,1],"deps":["internal","resources"],"packs":{"0888ba013":[175,24,21,189,0,244,12,288,20,304,241,168,14,25,34,251,3,16,35,6,15,1426,248,195,10,171,45,297,181,299,5,1432,165,43,1433,2,290,46,7,296,28,180,4,289,30,33,18,32,246,27,303,23,300,196,37,36,38,9,41,29,322,19,40,13,8,287,11,42,31,302,22,26,39,44,17,301],"08ad63236":[974,977,981,985,970,975,987,978,984,986,976,983,982,972,979,971,980,973],"01d2e104e":[199,200],"09824f8e8":[1418,1414,1419,1420,1416,1415,1413,1421,1417,1412,1411],"023024bb5":[172,202],"064f4f160":[330,338,337,340,336,326,329,332,328,341,333,335,339],"030fafea4":[327,255,331,342,334],"0224c63b8":[321,250,252,295,198,201],"0a3e17285":[347,346,257],"0abef8343":[256,345,344,343],"01c9a9be0":[358,350,354,356,353,348,349,351,352],"0aaa621c3":[258,357,355,362,359,361,360],"0f48438eb":[259,363,364,365,366],"03ce915c1":[380,372,388,381,385,389,367,390,370,374,383,387,384,368,377,369,378,376,379,375,382,371,391,386,373],"0f561aac3":[411,397,412,414,413,261,403,396,393,406,399,409,407,394,405,408,395,398,402,401,415,404,392,410,400],"0e6b4fdc5":[426,427,424,418,421,423,262,422,416,425,417,419,420],"0aa837f70":[437,444,434,430,432,431,443,436,438,429,433,440,442,439,435,441,428,445],"0cbc49fff":[447,446],"09ee9c8b5":[464,462,458,453,265,456,450,452,460,449,463,461,457,459,451,455,465,448,454],"09b527ea0":[475,466,474,470,473,468,266,471,472,469,467],"01c1d5150":[477,485,486,479,482,267,483,481,478,484,476,480],"0e3d04627":[505,507,502,506,498,491,488,499,496,489,492,503,497,495,494,504,500,487,501,509,493,508,490],"0352dd7c6":[531,530,515,532,510,519,529,512,525,511,517,526,516,520,533,514,527,518,521,523,522,513,524,528],"050305f48":[539,538,542,541,536,535],"0542b70f8":[534,537,540,543],"0b8857c5c":[571,552,575,573,559,578,569,558,564,563,572,549,574,551,561,547,576,553,567,570,555,544,560,550,546,577,548,568,565,566,579,556,554,557,545,562],"084653644":[831,647,599,631,775,807,833,742,700,648,822,859,588,854,773,604,762,639,841,844,787,693,882,694,597,741,826,669,622,646,661,818,580,609,788,720,766,659,592,744,658,703,837,729,721,593,770,874,796,596,587,866,783,692,706,682,784,683,628,794,629,651,769,753,849,862,791,760,685,585,665,856,746,828,842,632,600,774,595,736,657,798,873,772,785,589,713,702,654,857,623,839,814,652,759,756,649,709,778,830,737,758,865,601,847,838,730,677,749,799,680,751,711,827,643,864,734,732,767,811,719,740,627,603,621,699,640,743,880,705,675,584,663,641,678,763,616,591,611,812,594,726,712,635,642,802,656,851,633,583,867,823,747,664,806,755,805,853,617,653,782,780,876,808,582,607,613,861,795,697,624,728,836,825,771,860,602,626,690,745,637,718,695,638,644,858,668,714,843,820,673,792,612,606,761,724,754,855,671,615,790,727,735,870,748,581,630,832,781,725,684,733,670,625,750,698,803,674,710,764,846,765,618,879,869,797,800,738,645,752,850,598,614,667,852,871,877,701,707,845,813,619,835,821,863,708,731,816,696,650,834,868,786,689,610,688,819,789,608,586,676,824,875,881,722,878,776,686,777,829,660,779,655,679,620,636,715,810,672,801,739,691,681,662,804,768,687,757,815,590,723,716,872,717,605,666,817,704,848,634,840,793,809],"0d4893b3d":[895,889,890,885,886,891,888,883,884,892,887,893,897,894,896,898],"0d30bde35":[916,907,903,917,906,899,905,902,918],"0823cb600":[919,915,910],"0e659292e":[908,904,900,913,911,909,274,914,901],"08880a227":[932,925,930,923,934,943,931,935,939,937,936,942,921,945,941,929,924,920,275,922,928,938,933,944,927,940,926],"044e4941f":[965,968,969,956,952,960,961,958,964,959,954,947,963,948,951,955,962,950,949,953,946,966,957,967],"0d593cc66":[989,278,990],"05655ed02":[992,991,994],"01b65e385":[993,279],"053b70027":[1002,1003,1000,1005,999,998,995,996,1001,1004,997],"080ab5ac2":[1035,1031,1021,1029,1050,1026,1028,1025,1037,1046,1054,1019,1049,1034,1052,1011,1051,1044,1024,1017,1013,1008,1048,1036,1032,1006,1033,1041,1043,1039,1012,1053,1045,1020,1014,1038,1027,1007,1010,1042,1016,1015,1009,1023,1018,1040,1047,1022,1030],"06d3a25a0":[1070,1068,1073,1065,1062,1064,1066,1077,1083,1088,1063,1080,1056,1087,1082,1089,1075,1090,1069,1067,1058,1086,1061,1079,1057,1071,1084,1074,1060,1081,1085,1055,1059,1076,1078,1072],"0bd2364b6":[1092,283],"07312c0b3":[1103,1106,1113,1111,1112,1101,1100,1102,1110,1104,1105],"04a1664f5":[1099,1098,1095,284,1094,1108,1109,1107,1093,1097,1096],"0876b6fea":[1120,1130,1137,1116,1115,1124,1129,1128,1141,1134,1117,1122,1143,1127,1121,1144,1136,1125,1114,1135,1145,1142,1126,1133,1138,1123,1131,1140,1132,1139],"0b948e49e":[285,1119,1118],"02fb0720b":[1152,1154,1148,1147,1146,1151,1153,1156,1155,1149,1150],"0a966bf4d":[1164,1184,1173,1162,1172,1171,1158,1165,1174,1183,1177,1185,1161,1160,1180,1182,1179,1167,1186,1178,1169,298,1168,1181,1157,1170,1166,1159,1175,1176,1163],"09b7f8d15":[1202,1220,1206,1230,1211,1187,1190,1229,1199,1193,1231,1234,1227,1210,1191,1203,1209,1192,1200,1214,1219,1228,1194,1207,1204,1208,1195,1217,1189,1224,1205,1188,1198,1196,1221,1222,1233,1232,1216,1213,1212,1201,1215,1197,1225,1223,1226,1218],"0afe4b989":[1236,1235],"06486783d":[1237,1240,1238,1241,1242,1239],"02d945ce4":[1244,1243],"0ac91ccfd":[1264,1291,1285,1267,1287,1251,1266,1270,1250,1262,1269,1259,1256,1276,1252,1254,1292,1274,1268,1258,1272,1275,1273,1277,1253,1280,1249,1255,1265,1284,1286,1263,1260,1283,1245,1271,1279,1246,1289,1278,1257,1288,1247,1282,1281,1290,1248,1261],"0c1122f65":[1295,1293,1294],"075b66c07":[1311,1313,1302,1301,1309,1296,1315,1317,1299,1304,1305,1303,1307,1319,1298,1312,1318,1310,1316,1306,1300,1308,1297,1314],"0c492e1ea":[1326,1320,1325,1327,1322,1328,1329,1323,1330,1324,1321],"0559a722f":[1341,1337,1340,1338,1334,313,1332,1343,1331,1342,1335,1339,1336,1333],"073198a37":[1349,1353,1346,1362,1344,1350,1357,1365,1364,1347,1363,1355,1367,1352,1348,1366,1358,1351,1360,1359,1345,1361,1354,1356],"05527e359":[1372,1383,1380,1379,1385,1374,1381,1373,1375,1368,1384,1370,1382,1376,1378,1369,1377,1371],"020cb2864":[1386,1389],"06ad06ee2":[1388,316,1387],"0e1733b97":[1391,1390],"0de0a2720":[1392,1393],"01da6f233":[131,60,70,128,129,52,160,118,76,132,161,1,146,149,126,139,136,62,88,150,90,116,154,106,153,152,101,145,93,48,147,66,86,113,84,325,115,82,107,64,163,74,50,68,117,92,98,56,123,85,72,127,95,119,110,100,134,91,135,138,78,140,99,114,156,158,97,157,141,143,133,121,137,89,58,130,94,102,112,87,105,159,120,80,323,108,96,164,324,103,109,148,54,104,125,122,124,144,151,155,162,111,142],"03827d3f0":[1409,1408,1402,1404,1403,1397,1400,1407,1394,1396,1395,1405,1401,1410,1399,1406,1398]},"name":"34","importBase":"import","nativeBase":"native","debug":false,"isZip":false,"encrypted":false,"versions":{"import":[219,"bb6ea","01b65e385","7c602",1091,"9b085","01c1d5150","309a1","01c9a9be0","772e1","01d2e104e","7960b","01da6f233","8bdad","020cb2864","b0b03","0224c63b8","06517","023024bb5","2fd13","02d945ce4","b5ef7","02fb0720b","d9fae","030fafea4","eb4bb","0352dd7c6","864de","03827d3f0","70ab3",53,"70bff","03ce915c1","7d11b","044e4941f","375b2","04a1664f5","99eb7","050305f48","45b9c","053b70027","13d9e","0542b70f8","59b19","05527e359","5b390","0559a722f","433df","05655ed02","823b5","06486783d","d513a","064f4f160","1c26c","06ad06ee2","f2a58","06d3a25a0","172a7","07312c0b3","1b9ea","073198a37","b7ac9","075b66c07","ad15a","080ab5ac2","6a864","0823cb600","0d489","084653644","7c2c8","0876b6fea","3bc1b","08880a227","31a51","0888ba013","1be81","08ad63236","c1d1f","09824f8e8","e480f","09b527ea0","790fe","09b7f8d15","55b58","09ee9c8b5","39be8","0a3e17285","9f2f3","0a966bf4d","a41ac","0aa837f70","fda66","0aaa621c3","ac01a","0abef8343","405fb","0ac91ccfd","23f34","0afe4b989","98d85",167,"d6710",277,"33a82","0b8857c5c","02faf","0b948e49e","035fc","0bd2364b6","971c6","0c1122f65","3580d","0c492e1ea","50b9c","0cbc49fff","a6a38","0d30bde35","bc0aa","0d4893b3d","633cb","0d593cc66","c79c3","0de0a2720","31c27","0e1733b97","07afc","0e3d04627","230e3","0e659292e","1f3d8","0e6b4fdc5","0b5ec","0f48438eb","4922f","0f561aac3","016ac",230,"3a206",177,"c9c5d",215,"97075",79,"e438e",179,"39d69",57,"cf3ac",309,"27c0f",280,"e0147",312,"0e136",232,"15959",59,"83c4b",178,"c4b23",276,"a0e33",254,"80454",206,"8f0ac",208,"753c8",166,"a52a7",317,"a4540",227,"99752",271,"26d32",224,"2611c",65,"9b7be",263,"f1be5",310,"e36d2",190,"2521c",308,"19bbf",235,"b408f",264,"c3546",233,"ac3e9",268,"e50f6",320,"c3dd4",203,"b3a5f",292,"9891d",83,"8286a",234,"466c8",242,"f4dbf",204,"0fe67",221,"f71af",243,"74110",269,"d5a8f",73,"2c6d4",238,"d09de",223,"f01d1",49,"f9cb1",311,"2da95",186,"29dc1",294,"9b01c",69,"90d34",319,"91455",239,"43e16",213,"bacc2",988,"45231",209,"67544",188,"360af",210,"21a8b",307,"725d1",197,"cc3de",286,"c20e7",315,"c31ad",231,"b86cd",272,"4a589",281,"72341",169,"bd575",217,"88e82",47,"daf1a",293,"0e60d",225,"6d9c4",229,"adc4a",191,"e7448",212,"9e801",220,"22b7c",222,"ad2ef",305,"92043",67,"1e1fc",912,"c5d05",237,"f9b9a",205,"a9b0e",249,"1d864",282,"dd980",75,"33590",247,"17767",174,"e414a",193,"c0bc2",273,"9910a",61,"8a358",253,"966bb",216,"f85c1",183,"a500c",170,"c1cab",81,"b8907",226,"9ba4c",187,"96d56",314,"a38eb",192,"03791",194,"36cfe",291,"c8fec",1422,"247a6",176,"bd85f",214,"f9e7d",184,"2472d",71,"3ac88",173,"0b8d7",211,"2cfb6",236,"6715c",77,"bad54",218,"e1675",318,"099a4",270,"8709a",245,"dbc72",185,"feceb",55,"5db41",306,"9f263",260,"adc58",228,"1466a",240,"6145d",63,"b7335",207,"67333",182,"9e70f",51,"4286d"],"native":[131,"e8615",60,"a37a3",70,"656b0",53,"aa852",128,"e9151",129,"7e067",52,"4104d",160,"4c483",24,"05f59",21,"dcf77",0,"28e70",12,"833aa",118,"43a7c",76,"e525b",20,"70068",132,"7a660",79,"fd41c",161,"2e9d2",1,"8d428",146,"ed242",57,"37163",14,"bc082",149,"7b149",126,"ed8b5",139,"1f930",59,"71316",136,"ba78e",62,"d29d0",25,"a9dd6",65,"929bd",88,"4c37b",150,"bc1ff",34,"60103",3,"559e7",90,"64677",116,"07296",16,"664fd",154,"5c06c",106,"8a682",153,"a54fd",35,"3407e",6,"a064a",15,"0864c",152,"93982",101,"e5c63",145,"6fced",93,"5efa3",83,"b1557",10,"4c246",48,"1f5b0",45,"f438a",147,"ec13d",5,"48c69",66,"fbf47",86,"cea68",43,"f9d1c",113,"003a0",84,"4c35c",325,"6d707",2,"59f0a",73,"793fa",115,"7f7fb",82,"6f4b1",107,"fef2d",64,"6f512",49,"09cba",46,"8d541",163,"b0eca",74,"e2722",69,"a5a2a",7,"fce38",50,"5eac5",68,"b25b8",28,"2d502",117,"c98ad",92,"c24c0",98,"e71bc",4,"6491e",56,"509bc",123,"19557",85,"003a1",72,"de6d6",127,"91dae",30,"c3f38",95,"9bdaf",33,"92609",119,"c5724",110,"98a04",47,"d749b",100,"d1ebb",18,"84ef5",134,"04f51",91,"62a8c",135,"92c84",138,"e6099",32,"93a73",78,"45453",140,"bf5c6",99,"4bdbb",114,"e1699",27,"a9841",156,"1ca44",158,"20300",67,"eb743",97,"d540b",157,"6fad8",23,"ac730",141,"72f35",37,"f2b3a",36,"3839f",38,"babe8",9,"01125",41,"9e34a",75,"6b249",143,"cd34c",29,"47b19",322,"2bf0b",19,"489f8",133,"4a979",121,"58fd6",40,"ffefb",13,"11bda",137,"69156",89,"3029d",8,"cb0a2",58,"81056",130,"c84cf",94,"46b41",102,"20083",11,"56b45",112,"8af33",87,"10a2d",61,"e8444",42,"e6e40",31,"c576a",105,"9fcb2",159,"9a482",81,"a9419",120,"40685",22,"723d1",80,"24e8d",323,"841f5",26,"5bcd7",108,"d3b15",96,"b2914",164,"21899",324,"d55c2",71,"b1ad5",103,"9625c",39,"6d4f6",109,"59df9",148,"09326",44,"0bfd9",17,"a2d97",77,"022ce",54,"34738",104,"24dac",125,"459b4",122,"e271a",55,"09cda",124,"8470a",144,"6def1",151,"99c2d",63,"5e1c7",155,"c2fd3",162,"a95f6",51,"4767c",111,"8fca6",142,"5c107"]}}