[1,["74AxoM+AlI6rb2HaMGbKRd","ferXjUDOtI/762OmDVC9yP","91/kSzwENMlYp+HZG8Wd3k","82an/WHz1K4Lsg7UgbDcqs","46gcuY4kVFj4bxsJGHJjEE","e0KhAe5BtMc6GnKYLGas4L","06nBgneDhPybfJFqJEGi/i","d5FO5ovMBFP5fB0JntPFD5","66XBS1HiZCv4dMzkBVv/au","44aU/qP2hGjIaf0k1AJvo+","35hUyy3Q5KCpBxgRnFlxBM","238Q54mqhDeY8m2td1v4hG","0eBW4ewnhLuLvNzcdIOM7n","e6sI5JGZlHSpu7W4dwGgG+","a11/2AC6BHvpbS73Y06BtZ","51bFtPA59If7Bw+cW4eVOQ","26CVWScotDCZcfqogixpj1","68871XZzxLvJAU7g5mVsQI","19m1U3fzNMoIpGISTaT5Wu","6dQ4+uZp5PioA3uZALMYgz","b3HZ+J07NM56Z49H0L3w8u","ae4Gb9+L5FyJSSFXPQGzoB","a67/y5VNFEnJpTp56QQXCX","f12hOGuX1A/b9b89REkZkM","6dxm85IwJNSI7PecaLDNbu","0bBGz+WE1FLqaTS6HPssv/","93DmUQPPBJw5rQFbEbfzdx","47AEd6EFxN4rb3KREbjhAb","148kBedmhCxJ7stNLHaMA+","62gcPz1TJCRZ5mV1TCTmzQ","d7fmFb60hCdahMUWLVBOvR","199+62Bs5IpqQZasH4PAtz","b4GWaV0oBLV47zuc9bETPj","c8psDFa61LNpm0UJOZCDYe","40EdSn5ZdCjbNURl8EVY9W","a6rhA2HJ5IipBsdynruzu9","d1TDZKQ+1L4r+p0DdtJ/Kw","b5cSjfAhFKUL2F8P3GHelH","a3bHJxtedEqa9Lm7oZsRXK","4bxxQdEtRAZZDTYMRvColo","b9CWAHepJJma4Yy5bh3oHW","d3ngvQ3FtHVqb46vpcto6E","48bGJKDbBOwa4Sg1RhuuN+","68mrtLJwZGFaHGX/BY5N5e","f8BINB4iZPnIzOYMA/U3yJ","38/GVQHoJMdKiNT+QSk5+Y","1d5bt5beJPro+V5EtL3JGZ","d1a+IPq4JEf7pgJMsKQp2F","b4V7OyExFE15WirsUHRVE3","a0gBYkKP1HnZk/WHQuMnOG","a6m8JohJlCxKfg/udZJyHY","e6q0qvjjFPK4nqBhPVAD8g","edU4UibJ5Nr57Nac68Wmd+","3ecDW8M2VCI4bcCJe0gCmC","21EAQPp4NEFZbtl8HMUmDq","026NgGw0JFJJCXlITSE4T0","4eRGqcjqtLOpBvBZ17R1sF","e222pwvTRBE62M1XH7nFPS","95q78URIVE4La5WCkK4eRF","d6GssX1QlL05wCAZXCJg2k","3cxURdWSNJNo5UV4aD1hPQ","96WqdQ8X5GHqsBqes8HmsH","96gZrAgjVNeqqu1gKgffOg","cd4sknAidLJYKOtExyS+Y7","cbpAlMC0hNno+n+HYZ5iHE","92GrFdjg9DwLzaHPv7QYwT","ce8I/K/Z1OOJk/JUWvo3QU","e1rjDWFQJNvYWVFriokYEW","6fU+mf+8VHl7Q+s4Gpugbp","5aPtoT/odKQo8Q0QiQ7Y9z","e18S2VTOJO570splGxU5tJ","ec292B/YZChIPJC1XMoIr9","c78mUi1lhL7r4gi6hAonw2","54joLaXI9PKYz4K4uA4cJB","65G62f3d9FaI4pxCysRRti","36JwB+sexEZIwkx8CURbiH"],["value","_textureSetter"],["cc.SpriteFrame",["cc.AnimationClip",["_name","_duration","sample","curveData"],0,11]],[[1,0,1,2,3,4]],[[[{"name":"feature_vfx_h_screen_02","rect":[0,0,200,300],"offset":[0,0],"originalSize":[200,300],"capInsets":[0,0,0,0]}],[0],0,[0],[1],[2]],[[{"name":"feature_vfx_g_screen_13","rect":[0,0,125,355],"offset":[0,0],"originalSize":[125,355],"capInsets":[0,60,0,60]}],[0],0,[0],[1],[3]],[[{"name":"feature_vfx_g_screen_21","rect":[0,0,125,355],"offset":[0,0],"originalSize":[125,355],"capInsets":[0,60,0,60]}],[0],0,[0],[1],[4]],[[{"name":"feature_vfx_g_screen_12","rect":[0,0,125,355],"offset":[0,0],"originalSize":[125,355],"capInsets":[0,60,0,60]}],[0],0,[0],[1],[5]],[[{"name":"feature_vfx_h_screen_07","rect":[0,0,200,300],"offset":[0,0],"originalSize":[200,300],"capInsets":[0,0,0,0]}],[0],0,[0],[1],[6]],[[{"name":"feature_vfx_g_screen_20","rect":[0,0,125,355],"offset":[0,0],"originalSize":[125,355],"capInsets":[0,60,0,60]}],[0],0,[0],[1],[7]],[[{"name":"feature_vfx_g_screen_00","rect":[0,0,125,355],"offset":[0,0],"originalSize":[125,355],"capInsets":[0,60,0,60]}],[0],0,[0],[1],[8]],[[{"name":"feature_vfx_g_screen_09","rect":[0,0,125,355],"offset":[0,0],"originalSize":[125,355],"capInsets":[0,60,0,60]}],[0],0,[0],[1],[9]],[[{"name":"feature_vfx_g_screen_06","rect":[0,0,125,355],"offset":[0,0],"originalSize":[125,355],"capInsets":[0,60,0,60]}],[0],0,[0],[1],[10]],[[{"name":"feature_vfx_h_screen_03","rect":[0,0,200,300],"offset":[0,0],"originalSize":[200,300],"capInsets":[0,0,0,0]}],[0],0,[0],[1],[11]],[[{"name":"feature_vfx_h_screen_16","rect":[0,0,200,300],"offset":[0,0],"originalSize":[200,300],"capInsets":[0,0,0,0]}],[0],0,[0],[1],[12]],[[{"name":"feature_vfx_g_screen_10","rect":[0,0,125,355],"offset":[0,0],"originalSize":[125,355],"capInsets":[0,60,0,60]}],[0],0,[0],[1],[13]],[[{"name":"feature_vfx_h_screen_15","rect":[0,0,200,300],"offset":[0,0],"originalSize":[200,300],"capInsets":[0,0,0,0]}],[0],0,[0],[1],[14]],[[{"name":"feature_vfx_g_screen_01","rect":[0,0,125,355],"offset":[0,0],"originalSize":[125,355],"capInsets":[0,50,0,55]}],[0],0,[0],[1],[15]],[[{"name":"feature_vfx_h_screen_12","rect":[0,0,200,300],"offset":[0,0],"originalSize":[200,300],"capInsets":[0,0,0,0]}],[0],0,[0],[1],[16]],[[{"name":"feature_vfx_h_screen_05","rect":[0,0,200,300],"offset":[0,0],"originalSize":[200,300],"capInsets":[0,0,0,0]}],[0],0,[0],[1],[17]],[[{"name":"feature_vfx_h_screen_08","rect":[0,0,200,300],"offset":[0,0],"originalSize":[200,300],"capInsets":[0,0,0,0]}],[0],0,[0],[1],[18]],[[{"name":"feature_vfx_h_screen_09","rect":[0,0,200,300],"offset":[0,0],"originalSize":[200,300],"capInsets":[0,0,0,0]}],[0],0,[0],[1],[19]],[[{"name":"feature_vfx_g_screen_16","rect":[0,0,125,355],"offset":[0,0],"originalSize":[125,355],"capInsets":[0,60,0,60]}],[0],0,[0],[1],[20]],[[{"name":"feature_vfx_g_screen_05","rect":[0,0,125,355],"offset":[0,0],"originalSize":[125,355],"capInsets":[0,60,0,60]}],[0],0,[0],[1],[21]],[[{"name":"feature_vfx_g_screen_17","rect":[0,0,125,355],"offset":[0,0],"originalSize":[125,355],"capInsets":[0,60,0,60]}],[0],0,[0],[1],[22]],[[{"name":"feature_vfx_g_screen_02","rect":[0,0,125,355],"offset":[0,0],"originalSize":[125,355],"capInsets":[0,60,0,60]}],[0],0,[0],[1],[23]],[[{"name":"feature_vfx_g_screen_15","rect":[0,0,125,355],"offset":[0,0],"originalSize":[125,355],"capInsets":[0,60,0,60]}],[0],0,[0],[1],[24]],[[{"name":"feature_vfx_g_screen_04","rect":[0,0,125,355],"offset":[0,0],"originalSize":[125,355],"capInsets":[0,60,0,60]}],[0],0,[0],[1],[25]],[[{"name":"feature_vfx_g_screen_07","rect":[0,0,125,355],"offset":[0,0],"originalSize":[125,355],"capInsets":[0,60,0,60]}],[0],0,[0],[1],[26]],[[{"name":"feature_vfx_h_screen_11","rect":[0,0,200,300],"offset":[0,0],"originalSize":[200,300],"capInsets":[0,0,0,0]}],[0],0,[0],[1],[27]],[[{"name":"feature_vfx_h_screen_10","rect":[0,0,200,300],"offset":[0,0],"originalSize":[200,300],"capInsets":[0,0,0,0]}],[0],0,[0],[1],[28]],[[{"name":"feature_vfx_h_screen_13","rect":[0,0,200,300],"offset":[0,0],"originalSize":[200,300],"capInsets":[0,0,0,0]}],[0],0,[0],[1],[29]],[[{"name":"feature_vfx_g_screen_03","rect":[0,0,125,355],"offset":[0,0],"originalSize":[125,355],"capInsets":[0,60,0,60]}],[0],0,[0],[1],[30]],[[{"name":"feature_vfx_g_screen_14","rect":[0,0,125,355],"offset":[0,0],"originalSize":[125,355],"capInsets":[0,60,0,60]}],[0],0,[0],[1],[31]],[[{"name":"feature_vfx_g_screen_08","rect":[0,0,125,355],"offset":[0,0],"originalSize":[125,355],"capInsets":[0,60,0,60]}],[0],0,[0],[1],[32]],[[{"name":"feature_vfx_h_screen_06","rect":[0,0,200,300],"offset":[0,0],"originalSize":[200,300],"capInsets":[0,0,0,0]}],[0],0,[0],[1],[33]],[[[0,"AddSymbol",1.04,25,[{},"paths",11,[{},"NodeAddSymbol",11,[{},"comps",11,[{},"cc.Sprite",11,[{},"spriteFrame",12,[[{"frame":0,"value":null},[{"frame":0.08},"value",6,0],[{"frame":0.12},"value",6,1],[{"frame":0.16},"value",6,2],[{"frame":0.2},"value",6,3],[{"frame":0.24},"value",6,4],[{"frame":0.28},"value",6,5],[{"frame":0.32},"value",6,6],[{"frame":0.36},"value",6,7],[{"frame":0.4},"value",6,8],[{"frame":0.44},"value",6,9],[{"frame":0.48},"value",6,10],[{"frame":0.52},"value",6,11],[{"frame":0.56},"value",6,12],[{"frame":0.6},"value",6,13],[{"frame":0.64},"value",6,14],[{"frame":0.68},"value",6,15],[{"frame":0.72},"value",6,16],[{"frame":0.76},"value",6,17],[{"frame":0.8},"value",6,18],[{"frame":0.84},"value",6,19],[{"frame":0.88},"value",6,20],[{"frame":0.92},"value",6,21],[{"frame":0.96},"value",6,22],{"frame":1,"value":null}],0,11,11,11,11,11,11,11,11,11,11,11,11,11,11,11,11,11,11,11,11,11,11,11,0]]],"props",11,[{},"scale",12,[[[{"frame":0},"value",8,[0,1,0]],[{"frame":0.12},"value",8,[0,1,1]]],11,11]]],"feature_vfx_h_screen_01",11,[{},"comps",11,[{},"cc.Sprite",11,[{},"spriteFrame",12,[[{"frame":0,"value":null},[{"frame":0.08},"value",6,23],[{"frame":0.12},"value",6,24],[{"frame":0.16},"value",6,25],[{"frame":0.2},"value",6,26],[{"frame":0.24},"value",6,27],[{"frame":0.28},"value",6,28],[{"frame":0.32},"value",6,29],[{"frame":0.36},"value",6,30],[{"frame":0.4},"value",6,31],[{"frame":0.44},"value",6,32],[{"frame":0.48},"value",6,33],[{"frame":0.52},"value",6,34],[{"frame":0.56},"value",6,35],[{"frame":0.6},"value",6,36],[{"frame":0.64},"value",6,37],[{"frame":0.68},"value",6,38],[{"frame":0.72},"value",6,39],{"frame":0.76,"value":null}],0,11,11,11,11,11,11,11,11,11,11,11,11,11,11,11,11,11,0]]]],"gay",11,[{},"props",11,[{"opacity":[{"frame":0,"value":150},{"frame":0.12,"value":150},{"frame":0.6,"value":0}]},"scale",12,[[[{"frame":0},"value",8,[0,1.5,1.5]],[{"frame":0.12},"value",8,[0,1.5,1.5]],[{"frame":0.6},"value",8,[0,1.8,1.8]]],11,11,11]]]]]]],0,0,[0,0,0,0,0,0,0,0,0,0,0,0,0,0,0,0,0,0,0,0,0,0,0,0,0,0,0,0,0,0,0,0,0,0,0,0,0,0,0,0],[0,0,0,0,0,0,0,0,0,0,0,0,0,0,0,0,0,0,0,0,0,0,0,0,0,0,0,0,0,0,0,0,0,0,0,0,0,0,0,0],[34,0,0,35,36,37,38,39,40,41,42,43,44,45,46,47,48,49,50,51,52,53,54,1,1,55,56,57,58,59,60,61,62,63,64,65,66,67,68,69]],[[{"name":"feature_vfx_h_screen_14","rect":[0,0,200,300],"offset":[0,0],"originalSize":[200,300],"capInsets":[0,0,0,0]}],[0],0,[0],[1],[70]],[[{"name":"feature_vfx_h_screen_04","rect":[0,0,200,300],"offset":[0,0],"originalSize":[200,300],"capInsets":[0,0,0,0]}],[0],0,[0],[1],[71]],[[{"name":"feature_vfx_g_screen_18","rect":[0,0,125,355],"offset":[0,0],"originalSize":[125,355],"capInsets":[0,60,0,60]}],[0],0,[0],[1],[72]],[[{"name":"feature_vfx_g_screen_19","rect":[0,0,125,355],"offset":[0,0],"originalSize":[125,355],"capInsets":[0,60,0,60]}],[0],0,[0],[1],[73]],[[{"name":"feature_vfx_g_screen_11","rect":[0,0,125,355],"offset":[0,0],"originalSize":[125,355],"capInsets":[0,60,0,60]}],[0],0,[0],[1],[74]],[[{"name":"feature_vfx_h_screen_01","rect":[0,0,200,300],"offset":[0,0],"originalSize":[200,300],"capInsets":[0,0,0,0]}],[0],0,[0],[1],[75]]]]