[
  1,
  [
    "f2bUempchOqZfhdTz01e3r"
  ],
  0,
  [
    [
      "sp.SkeletonData",
      [
        "_name",
        "_atlasText",
        "textureNames",
        "_skeletonJson",
        "textures"
      ],
      -1,
      3
    ]
  ],
  [
    [
      0,
      0,
      1,
      2,
      3,
      4,
      5
    ]
  ],
  [
    [
      0,
      "Fish_13",
      "\r\n1999_Fish.png\r\nsize: 1825,1286\r\nformat: RGBA8888\r\nfilter: Linear,Linear\r\nrepeat: none\r\n13_x25/camonhon\r\n  rotate: true\r\n  xy: 373, 884\r\n  size: 79, 427\r\n  orig: 79, 427\r\n  offset: 0, 0\r\n  index: -1\r\n13_x25/camonhon2\r\n  rotate: true\r\n  xy: 777, 445\r\n  size: 14, 129\r\n  orig: 14, 129\r\n  offset: 0, 0\r\n  index: -1\r\n13_x25/camonhon3\r\n  rotate: true\r\n  xy: 1417, 5\r\n  size: 58, 106\r\n  orig: 58, 106\r\n  offset: 0, 0\r\n  index: -1\r\n13_x25/camonhonbong\r\n  rotate: false\r\n  xy: 1281, 2\r\n  size: 134, 54\r\n  orig: 135, 57\r\n  offset: 0, 2\r\n  index: -1\r\n",
      [
        "1999_Fish.png"
      ],
      {
        "skeleton": {
          "hash": "HcrStLoKSwqtW69MA3TuGL2g4X8",
          "spine": "3.7.94",
          "width": 166.21,
          "height": 85.42
        },
        "bones": [
          {
            "name": "root"
          },
          {
            "name": "bone",
            "parent": "root",
            "rotation": -90,
            "x": 35.5,
            "y": -1,
            "scaleX": 0.247,
            "scaleY": 0.247
          },
          {
            "name": "bone2",
            "parent": "bone",
            "length": 154.09,
            "rotation": 91.9,
            "y": 28.63
          },
          {
            "name": "bone3",
            "parent": "bone",
            "length": 126.3,
            "rotation": -90.38,
            "y": -23.58
          },
          {
            "name": "bone4",
            "parent": "bone3",
            "length": 135.59,
            "rotation": -3.67,
            "x": 140.44,
            "y": 0.94
          },
          {
            "name": "bone5",
            "parent": "bone4",
            "length": 66.52,
            "rotation": -1.19,
            "x": 147.36,
            "y": 1.06
          },
          {
            "name": "bone6",
            "parent": "bone5",
            "length": 46.5,
            "rotation": -8.9,
            "x": 74.11,
            "y": 0.75
          },
          {
            "name": "bone7",
            "parent": "bone4",
            "x": -13.36,
            "y": -6.14
          },
          {
            "name": "bone8",
            "parent": "bone3",
            "length": 132.77,
            "rotation": 25.96,
            "x": 46.08,
            "y": 60.83
          },
          {
            "name": "bone9",
            "parent": "bone3",
            "length": 132.77,
            "rotation": -24.75,
            "x": 48.57,
            "y": -57.15,
            "scaleY": -1
          },
          {
            "name": "shadow",
            "parent": "root",
            "rotation": -90,
            "x": 13.91,
            "y": -15.18,
            "scaleX": 0.196,
            "scaleY": 0.196
          },
          {
            "name": "bone11",
            "parent": "shadow",
            "length": 154.09,
            "rotation": 91.9,
            "y": 28.63
          },
          {
            "name": "bone12",
            "parent": "shadow",
            "length": 126.3,
            "rotation": -90.38,
            "y": -23.58
          },
          {
            "name": "bone13",
            "parent": "bone12",
            "length": 135.59,
            "rotation": -3.67,
            "x": 140.44,
            "y": 0.94
          },
          {
            "name": "bone14",
            "parent": "bone13",
            "length": 66.52,
            "rotation": -1.19,
            "x": 147.36,
            "y": 1.06
          },
          {
            "name": "bone15",
            "parent": "bone14",
            "length": 46.5,
            "rotation": -8.9,
            "x": 74.11,
            "y": 0.75
          },
          {
            "name": "bone17",
            "parent": "bone12",
            "length": 132.77,
            "rotation": 25.96,
            "x": 46.08,
            "y": 60.83
          },
          {
            "name": "bone18",
            "parent": "bone12",
            "length": 132.77,
            "rotation": -24.75,
            "x": 48.57,
            "y": -57.15,
            "scaleY": -1
          }
        ],
        "slots": [
          {
            "name": "camonhonbong",
            "bone": "shadow",
            "attachment": "13_x25/camonhonbong"
          },
          {
            "name": "camonhon5",
            "bone": "bone8",
            "attachment": "13_x25/camonhon3"
          },
          {
            "name": "camonhon6",
            "bone": "bone9",
            "attachment": "13_x25/camonhon3"
          },
          {
            "name": "camonhon",
            "bone": "bone",
            "attachment": "13_x25/camonhon"
          },
          {
            "name": "camonhon4",
            "bone": "bone7",
            "attachment": "13_x25/camonhon2"
          }
        ],
        "skins": {
          "default": {
            "camonhon": {
              "13_x25/camonhon": {
                "type": "mesh",
                "hull": 27,
                "uvs": [
                  0.39138,
                  0.00083,
                  0.23545,
                  0.17652,
                  0.10839,
                  0.26717,
                  0.04884,
                  0.31739,
                  0,
                  0.35856,
                  0,
                  0.58744,
                  0.1185,
                  0.70516,
                  0.20134,
                  0.78666,
                  0.3524,
                  0.84915,
                  0.29697,
                  0.88379,
                  0.20621,
                  0.94052,
                  0.21596,
                  0.97493,
                  0.48397,
                  1,
                  0.70813,
                  1,
                  0.713,
                  0.94142,
                  0.67215,
                  0.88536,
                  0.64965,
                  0.85448,
                  0.76692,
                  0.79058,
                  0.80775,
                  0.76833,
                  0.86707,
                  0.6971,
                  0.97203,
                  0.59957,
                  1,
                  0.43708,
                  1,
                  0.3266,
                  0.85794,
                  0.25875,
                  0.73473,
                  0.16769,
                  0.59782,
                  0,
                  0.50199,
                  0,
                  0.5133,
                  0.22992,
                  0.49049,
                  0.03656,
                  0.79978,
                  0.34774,
                  0.71177,
                  0.45199,
                  0.57977,
                  0.75352,
                  0.24427,
                  0.34467,
                  0.31028,
                  0.45199,
                  0.44227,
                  0.74228,
                  0.57978,
                  0.8424,
                  0.31834,
                  0.26205,
                  0.36334,
                  0.30028,
                  0.19118,
                  0.33314,
                  0.63656,
                  0.26623,
                  0.63977,
                  0.31641,
                  0.76513,
                  0.33314
                ],
                "triangles": [
                  15,
                  9,
                  35,
                  11,
                  10,
                  9,
                  12,
                  9,
                  15,
                  11,
                  9,
                  12,
                  13,
                  15,
                  14,
                  12,
                  15,
                  13,
                  31,
                  30,
                  17,
                  18,
                  17,
                  30,
                  17,
                  7,
                  31,
                  35,
                  7,
                  17,
                  8,
                  7,
                  35,
                  16,
                  35,
                  17,
                  35,
                  16,
                  15,
                  9,
                  8,
                  35,
                  19,
                  30,
                  20,
                  33,
                  6,
                  5,
                  31,
                  34,
                  30,
                  7,
                  6,
                  33,
                  19,
                  18,
                  30,
                  34,
                  7,
                  33,
                  7,
                  34,
                  31,
                  41,
                  23,
                  22,
                  32,
                  38,
                  37,
                  29,
                  41,
                  22,
                  29,
                  22,
                  21,
                  30,
                  40,
                  41,
                  30,
                  41,
                  29,
                  33,
                  32,
                  37,
                  21,
                  30,
                  29,
                  20,
                  30,
                  21,
                  38,
                  4,
                  3,
                  38,
                  33,
                  5,
                  33,
                  38,
                  32,
                  38,
                  5,
                  4,
                  40,
                  30,
                  33,
                  40,
                  33,
                  37,
                  34,
                  33,
                  30,
                  41,
                  40,
                  39,
                  38,
                  36,
                  37,
                  28,
                  0,
                  26,
                  25,
                  28,
                  26,
                  27,
                  25,
                  24,
                  27,
                  28,
                  25,
                  36,
                  1,
                  0,
                  36,
                  0,
                  28,
                  36,
                  28,
                  27,
                  39,
                  27,
                  24,
                  39,
                  24,
                  23,
                  2,
                  1,
                  36,
                  37,
                  36,
                  27,
                  23,
                  41,
                  39,
                  38,
                  2,
                  36,
                  3,
                  2,
                  38,
                  27,
                  40,
                  37,
                  39,
                  40,
                  27
                ],
                "vertices": [
                  1,
                  2,
                  177.23,
                  14.73,
                  1,
                  1,
                  2,
                  58.11,
                  34.38,
                  1,
                  3,
                  2,
                  -3.06,
                  50.72,
                  0.78199,
                  1,
                  -50.31,
                  25.41,
                  0.18582,
                  3,
                  -48.65,
                  -50.63,
                  0.03219,
                  3,
                  2,
                  -35.96,
                  59.15,
                  0.36705,
                  1,
                  -57.93,
                  -9.27,
                  0.20419,
                  3,
                  -13.92,
                  -58.02,
                  0.42876,
                  3,
                  2,
                  -65.3,
                  64.34,
                  0.02679,
                  1,
                  -64.05,
                  -36.67,
                  0.21925,
                  3,
                  13.52,
                  -63.96,
                  0.75396,
                  2,
                  3,
                  168.72,
                  -62.92,
                  0.15301,
                  4,
                  29.03,
                  -63.51,
                  0.84699,
                  2,
                  4,
                  108.55,
                  -47.1,
                  0.981,
                  5,
                  -40.29,
                  -46.92,
                  0.019,
                  2,
                  4,
                  163.61,
                  -35.63,
                  0.19513,
                  5,
                  15.1,
                  -37.18,
                  0.80487,
                  2,
                  5,
                  57.7,
                  -18.69,
                  0.9259,
                  6,
                  -14.32,
                  -21.02,
                  0.0741,
                  2,
                  5,
                  81.1,
                  -25.97,
                  0.17029,
                  6,
                  9.7,
                  -25.85,
                  0.82971,
                  1,
                  6,
                  49.04,
                  -33.76,
                  1,
                  1,
                  6,
                  72.17,
                  -30.42,
                  1,
                  1,
                  6,
                  86.04,
                  4.75,
                  1,
                  1,
                  6,
                  83.48,
                  32.88,
                  1,
                  1,
                  6,
                  43.87,
                  29.89,
                  1,
                  2,
                  5,
                  82.76,
                  21.29,
                  0.04882,
                  6,
                  6.48,
                  21.32,
                  0.95118,
                  2,
                  5,
                  61.79,
                  18.72,
                  0.77489,
                  6,
                  -14.11,
                  16.61,
                  0.22511,
                  2,
                  4,
                  164.94,
                  35.67,
                  0.08903,
                  5,
                  18.65,
                  34.04,
                  0.91097,
                  2,
                  4,
                  149.76,
                  40.53,
                  0.32294,
                  5,
                  3.64,
                  39.37,
                  0.67706,
                  2,
                  4,
                  101.33,
                  47.1,
                  0.97415,
                  5,
                  -44.56,
                  47.46,
                  0.02585,
                  2,
                  3,
                  176.12,
                  59.61,
                  0.04521,
                  4,
                  34.97,
                  59.1,
                  0.95479,
                  3,
                  1,
                  61.96,
                  -89.92,
                  0.00621,
                  3,
                  65.93,
                  62.4,
                  0.98285,
                  4,
                  -75.24,
                  60.57,
                  0.01094,
                  3,
                  2,
                  -43.64,
                  -61.96,
                  0.09861,
                  1,
                  61.96,
                  -15.01,
                  0.31976,
                  3,
                  -8.97,
                  61.9,
                  0.58162,
                  3,
                  2,
                  2.36,
                  -44.06,
                  0.68457,
                  1,
                  44.06,
                  30.99,
                  0.25775,
                  3,
                  -54.85,
                  43.69,
                  0.05768,
                  1,
                  2,
                  64.09,
                  -28.53,
                  1,
                  1,
                  2,
                  177.79,
                  -11.28,
                  1,
                  1,
                  2,
                  177.79,
                  0.79,
                  1,
                  1,
                  2,
                  22.04,
                  3.41,
                  1,
                  1,
                  2,
                  153.14,
                  6.29,
                  1,
                  3,
                  2,
                  -57.98,
                  -36.73,
                  0.03246,
                  1,
                  36.73,
                  -29.35,
                  0.2116,
                  3,
                  5.53,
                  36.77,
                  0.75593,
                  3,
                  1,
                  22.27,
                  -100.03,
                  0.00008,
                  3,
                  76.31,
                  22.78,
                  0.99198,
                  4,
                  -64.22,
                  21.08,
                  0.00794,
                  2,
                  4,
                  140.49,
                  8.26,
                  0.50987,
                  5,
                  -6.46,
                  7.42,
                  0.49013,
                  3,
                  2,
                  -55.9,
                  37.99,
                  0.01886,
                  1,
                  -37.99,
                  -27.27,
                  0.21379,
                  3,
                  3.95,
                  -37.96,
                  0.76735,
                  2,
                  3,
                  76.68,
                  -33.21,
                  0.99999,
                  4,
                  -62.89,
                  -34.88,
                  0.00001,
                  2,
                  4,
                  133.24,
                  -9.88,
                  0.95893,
                  5,
                  -14.24,
                  -10.48,
                  0.04107,
                  2,
                  5,
                  53.49,
                  10.02,
                  0.97183,
                  6,
                  -21.47,
                  7.09,
                  0.02817,
                  3,
                  2,
                  0.12,
                  23.93,
                  0.76503,
                  1,
                  -23.93,
                  28.75,
                  0.21357,
                  3,
                  -52.16,
                  -24.28,
                  0.0214,
                  3,
                  2,
                  -25.8,
                  18.26,
                  0.20272,
                  1,
                  -18.26,
                  2.83,
                  0.62854,
                  3,
                  -26.28,
                  -18.44,
                  0.16874,
                  3,
                  2,
                  -48.05,
                  39.73,
                  0.05315,
                  1,
                  -39.74,
                  -19.45,
                  0.30041,
                  3,
                  -3.86,
                  -39.76,
                  0.64644,
                  3,
                  2,
                  -2.72,
                  -16.16,
                  0.78658,
                  1,
                  16.16,
                  25.91,
                  0.20303,
                  3,
                  -49.59,
                  15.83,
                  0.01039,
                  3,
                  2,
                  -36.74,
                  -16.57,
                  0.07413,
                  1,
                  16.57,
                  -8.11,
                  0.55314,
                  3,
                  -15.58,
                  16.47,
                  0.37272,
                  3,
                  2,
                  -48.08,
                  -32.36,
                  0.06236,
                  1,
                  32.36,
                  -19.45,
                  0.31099,
                  3,
                  -4.34,
                  32.34,
                  0.62665
                ]
              }
            },
            "camonhon4": {
              "13_x25/camonhon2": {
                "x": 73,
                "y": 2.69,
                "rotation": 88.02,
                "width": 22,
                "height": 204
              }
            },
            "camonhon5": {
              "13_x25/camonhon3": {
                "x": 74.36,
                "y": -4.86,
                "rotation": 58.77,
                "width": 92,
                "height": 168
              }
            },
            "camonhon6": {
              "13_x25/camonhon3": {
                "x": 74.36,
                "y": -4.86,
                "rotation": 58.77,
                "width": 92,
                "height": 168
              }
            },
            "camonhonbong": {
              "13_x25/camonhonbong": {
                "type": "mesh",
                "color": "ffffffb4",
                "hull": 42,
                "uvs": [
                  0.98656,
                  0.49804,
                  0.98339,
                  0.41584,
                  0.89642,
                  0.40276,
                  0.82525,
                  0.38595,
                  0.74856,
                  0.35419,
                  0.6721,
                  0.27185,
                  0.58829,
                  0.24756,
                  0.54322,
                  0.1691,
                  0.48787,
                  0.09064,
                  0.41197,
                  0.0402,
                  0.34555,
                  0.07383,
                  0.34555,
                  0.15602,
                  0.40327,
                  0.17657,
                  0.4681,
                  0.20833,
                  0.52196,
                  0.25272,
                  0.43137,
                  0.26552,
                  0.34726,
                  0.29709,
                  0.2608,
                  0.3398,
                  0.17747,
                  0.38994,
                  0.13424,
                  0.3528,
                  0.08944,
                  0.2358,
                  0.07765,
                  0.35837,
                  0,
                  0.43823,
                  0.0745,
                  0.49766,
                  0.12245,
                  0.51252,
                  0.17119,
                  0.5088,
                  0.249,
                  0.57937,
                  0.3394,
                  0.6388,
                  0.42755,
                  0.6966,
                  0.52266,
                  0.72074,
                  0.48336,
                  0.75789,
                  0.42598,
                  0.7876,
                  0.35681,
                  0.81174,
                  0.35838,
                  0.95289,
                  0.43384,
                  0.96032,
                  0.50065,
                  0.88789,
                  0.5714,
                  0.78946,
                  0.60913,
                  0.7226,
                  0.69481,
                  0.67989,
                  0.76241,
                  0.60003,
                  0.82686,
                  0.56289,
                  0.89918,
                  0.5276
                ],
                "triangles": [
                  0,
                  41,
                  2,
                  0,
                  2,
                  1,
                  41,
                  40,
                  3,
                  41,
                  3,
                  2,
                  40,
                  39,
                  4,
                  40,
                  4,
                  3,
                  39,
                  29,
                  4,
                  39,
                  38,
                  29,
                  4,
                  29,
                  28,
                  37,
                  29,
                  38,
                  36,
                  29,
                  37,
                  30,
                  29,
                  36,
                  35,
                  30,
                  36,
                  31,
                  30,
                  35,
                  32,
                  34,
                  33,
                  35,
                  32,
                  31,
                  35,
                  34,
                  32,
                  12,
                  11,
                  10,
                  9,
                  12,
                  10,
                  8,
                  12,
                  9,
                  13,
                  12,
                  8,
                  7,
                  13,
                  8,
                  14,
                  13,
                  7,
                  14,
                  7,
                  6,
                  6,
                  5,
                  4,
                  4,
                  14,
                  6,
                  14,
                  4,
                  28,
                  21,
                  20,
                  19,
                  23,
                  22,
                  21,
                  21,
                  19,
                  18,
                  23,
                  21,
                  18,
                  18,
                  24,
                  23,
                  25,
                  24,
                  18,
                  17,
                  25,
                  18,
                  26,
                  25,
                  17,
                  16,
                  26,
                  17,
                  27,
                  26,
                  16,
                  15,
                  27,
                  16,
                  28,
                  27,
                  15,
                  28,
                  15,
                  14
                ],
                "vertices": [
                  1,
                  11,
                  173.4,
                  -9.8,
                  1,
                  1,
                  11,
                  172,
                  14.46,
                  1,
                  1,
                  11,
                  111.65,
                  20.32,
                  1,
                  1,
                  11,
                  62.34,
                  26.91,
                  1,
                  3,
                  17,
                  -106.32,
                  28.71,
                  0.03356,
                  12,
                  -60,
                  -38.71,
                  0.09698,
                  11,
                  9.32,
                  38.02,
                  0.86946,
                  3,
                  17,
                  -47.87,
                  28.07,
                  0.40094,
                  12,
                  -6.66,
                  -62.61,
                  0.44217,
                  11,
                  -43.03,
                  64.02,
                  0.15689,
                  1,
                  17,
                  7.95,
                  9.79,
                  1,
                  1,
                  17,
                  56.49,
                  30.5,
                  1,
                  1,
                  17,
                  100.06,
                  41.35,
                  1,
                  1,
                  17,
                  154.9,
                  40.14,
                  1,
                  1,
                  17,
                  196.2,
                  17.17,
                  1,
                  1,
                  17,
                  189.13,
                  -5.97,
                  1,
                  1,
                  17,
                  148.96,
                  -0.03,
                  1,
                  1,
                  17,
                  103.09,
                  4.2,
                  1,
                  3,
                  13,
                  -38.15,
                  -71.06,
                  0.02947,
                  17,
                  49.09,
                  -11.18,
                  0.86585,
                  12,
                  97.83,
                  -67.54,
                  0.10468,
                  3,
                  13,
                  24.45,
                  -62.85,
                  0.73808,
                  17,
                  104.54,
                  -41.35,
                  0.10873,
                  12,
                  160.82,
                  -63.35,
                  0.1532,
                  3,
                  13,
                  82.16,
                  -49.45,
                  0.99609,
                  17,
                  153.57,
                  -74.62,
                  0.00354,
                  12,
                  219.27,
                  -53.67,
                  0.00038,
                  2,
                  13,
                  141.27,
                  -32.65,
                  0.66664,
                  14,
                  -5.38,
                  -33.83,
                  0.33336,
                  1,
                  14,
                  50.99,
                  -13.84,
                  1,
                  2,
                  14,
                  81.94,
                  -21.98,
                  0.09599,
                  15,
                  11.25,
                  -21.24,
                  0.90401,
                  1,
                  15,
                  49.89,
                  -47.03,
                  1,
                  1,
                  15,
                  49.03,
                  -10.03,
                  1,
                  1,
                  15,
                  95.66,
                  25.97,
                  1,
                  1,
                  15,
                  41.12,
                  30.27,
                  1,
                  2,
                  14,
                  85.81,
                  25.6,
                  0.09216,
                  15,
                  7.71,
                  26.36,
                  0.90784,
                  2,
                  14,
                  52.15,
                  21.41,
                  0.94503,
                  15,
                  -24.9,
                  17.02,
                  0.05497,
                  2,
                  13,
                  144.47,
                  38.29,
                  0.43264,
                  14,
                  -3.66,
                  37.16,
                  0.56736,
                  3,
                  13,
                  80.51,
                  51.3,
                  0.99877,
                  14,
                  -67.88,
                  48.84,
                  0.00015,
                  16,
                  153.97,
                  -90.37,
                  0.00108,
                  3,
                  13,
                  18.13,
                  63.95,
                  0.82955,
                  16,
                  106,
                  -48.54,
                  0.08975,
                  12,
                  162.63,
                  63.59,
                  0.0807,
                  3,
                  13,
                  -48.37,
                  66.37,
                  0.04754,
                  16,
                  49.39,
                  -13.56,
                  0.83831,
                  12,
                  96.42,
                  70.26,
                  0.11415,
                  1,
                  16,
                  78.77,
                  -15.5,
                  1,
                  1,
                  16,
                  118.56,
                  -24.84,
                  1,
                  1,
                  16,
                  165.03,
                  -39.2,
                  1,
                  1,
                  16,
                  181.99,
                  -1.25,
                  1,
                  1,
                  16,
                  135.58,
                  23.39,
                  1,
                  1,
                  16,
                  84.45,
                  24.22,
                  1,
                  1,
                  16,
                  27.54,
                  19.33,
                  1,
                  3,
                  16,
                  -4.63,
                  12.9,
                  0.97163,
                  12,
                  36.27,
                  70.41,
                  0.02445,
                  11,
                  -91.22,
                  -67.17,
                  0.00392,
                  3,
                  16,
                  -63.82,
                  27.29,
                  0.23034,
                  12,
                  -23.25,
                  57.43,
                  0.45627,
                  11,
                  -31.23,
                  -56.58,
                  0.31339,
                  3,
                  16,
                  -116.39,
                  26.38,
                  0.0159,
                  12,
                  -70.12,
                  33.61,
                  0.03683,
                  11,
                  16.55,
                  -34.64,
                  0.94726,
                  1,
                  11,
                  61.73,
                  -25.2,
                  1,
                  1,
                  11,
                  112.36,
                  -16.48,
                  1
                ]
              }
            }
          }
        },
        "animations": {
          "animation": {
            "bones": {
              "bone2": {
                "rotate": [
                  {
                    "time": 0,
                    "angle": 0
                  },
                  {
                    "time": 0.5,
                    "angle": -5.31
                  },
                  {
                    "time": 1,
                    "angle": 0
                  }
                ]
              },
              "bone4": {
                "rotate": [
                  {
                    "time": 0,
                    "angle": 0
                  },
                  {
                    "time": 0.5,
                    "angle": 6.24
                  },
                  {
                    "time": 1,
                    "angle": 0
                  }
                ]
              },
              "bone5": {
                "rotate": [
                  {
                    "time": 0,
                    "angle": 0
                  },
                  {
                    "time": 0.0667,
                    "angle": -0.74
                  },
                  {
                    "time": 0.5,
                    "angle": 10.65
                  },
                  {
                    "time": 0.5667,
                    "angle": 9.46
                  },
                  {
                    "time": 1,
                    "angle": 0
                  }
                ]
              },
              "bone6": {
                "rotate": [
                  {
                    "time": 0,
                    "angle": 0
                  },
                  {
                    "time": 0.0667,
                    "angle": -6.46
                  },
                  {
                    "time": 0.5,
                    "angle": 8.85
                  },
                  {
                    "time": 0.5667,
                    "angle": 19.79
                  },
                  {
                    "time": 1,
                    "angle": 0
                  }
                ]
              },
              "bone7": {
                "rotate": [
                  {
                    "time": 0,
                    "angle": 0
                  },
                  {
                    "time": 0.5,
                    "angle": 3.32
                  },
                  {
                    "time": 1,
                    "angle": 0
                  }
                ],
                "translate": [
                  {
                    "time": 0,
                    "x": 0.35,
                    "y": -4.97
                  },
                  {
                    "time": 0.5,
                    "x": 0.27,
                    "y": 7.17
                  },
                  {
                    "time": 1,
                    "x": 0.35,
                    "y": -4.97
                  }
                ],
                "scale": [
                  {
                    "time": 0,
                    "x": 1,
                    "y": 1
                  },
                  {
                    "time": 0.5,
                    "x": 1,
                    "y": 0.612
                  },
                  {
                    "time": 1,
                    "x": 1,
                    "y": 1
                  }
                ]
              },
              "bone8": {
                "rotate": [
                  {
                    "time": 0,
                    "angle": 0
                  },
                  {
                    "time": 0.5,
                    "angle": 13.37
                  },
                  {
                    "time": 1,
                    "angle": 0
                  }
                ]
              },
              "bone9": {
                "rotate": [
                  {
                    "time": 0,
                    "angle": 0
                  },
                  {
                    "time": 0.5,
                    "angle": -11.77
                  },
                  {
                    "time": 1,
                    "angle": 0
                  }
                ]
              },
              "bone11": {
                "rotate": [
                  {
                    "time": 0,
                    "angle": 0
                  },
                  {
                    "time": 0.5,
                    "angle": -5.31
                  },
                  {
                    "time": 1,
                    "angle": 0
                  }
                ]
              },
              "bone15": {
                "rotate": [
                  {
                    "time": 0,
                    "angle": 0
                  },
                  {
                    "time": 0.0667,
                    "angle": -6.46
                  },
                  {
                    "time": 0.5,
                    "angle": 8.85
                  },
                  {
                    "time": 0.5667,
                    "angle": 19.79
                  },
                  {
                    "time": 1,
                    "angle": 0
                  }
                ]
              },
              "bone14": {
                "rotate": [
                  {
                    "time": 0,
                    "angle": 0
                  },
                  {
                    "time": 0.0667,
                    "angle": -0.74
                  },
                  {
                    "time": 0.5,
                    "angle": 10.65
                  },
                  {
                    "time": 0.5667,
                    "angle": 9.46
                  },
                  {
                    "time": 1,
                    "angle": 0
                  }
                ]
              },
              "bone13": {
                "rotate": [
                  {
                    "time": 0,
                    "angle": 0
                  },
                  {
                    "time": 0.5,
                    "angle": 6.24
                  },
                  {
                    "time": 1,
                    "angle": 0
                  }
                ]
              },
              "bone17": {
                "rotate": [
                  {
                    "time": 0,
                    "angle": 0
                  },
                  {
                    "time": 0.5,
                    "angle": 13.37
                  },
                  {
                    "time": 1,
                    "angle": 0
                  }
                ]
              },
              "bone18": {
                "rotate": [
                  {
                    "time": 0,
                    "angle": 0
                  },
                  {
                    "time": 0.5,
                    "angle": -11.77
                  },
                  {
                    "time": 1,
                    "angle": 0
                  }
                ]
              }
            },
            "deform": {
              "default": {
                "camonhon": {
                  "13_x25/camonhon": [
                    {
                      "time": 0,
                      "offset": 150,
                      "vertices": [
                        -1.06448,
                        0.03534,
                        0,
                        -1.06448,
                        1.06409,
                        0.0071
                      ]
                    },
                    {
                      "time": 0.5,
                      "vertices": [
                        -4.74182,
                        -0.28217,
                        -0.6048,
                        -0.03598,
                        1.10233,
                        0.06561,
                        0.00003,
                        1.10422,
                        -1.10522,
                        -0.00733,
                        0,
                        0,
                        0,
                        0,
                        0,
                        0,
                        0,
                        0,
                        0,
                        0,
                        0,
                        0,
                        0,
                        0,
                        0,
                        0,
                        0,
                        0,
                        0,
                        0,
                        0.05569,
                        1.42853,
                        0.28842,
                        1.40012,
                        0,
                        0,
                        0,
                        0,
                        0,
                        0,
                        0,
                        0,
                        0,
                        0,
                        0,
                        0,
                        0,
                        0,
                        0,
                        0,
                        0,
                        0,
                        0,
                        0,
                        0,
                        0,
                        0,
                        0,
                        0,
                        0,
                        0.14603,
                        3.80943,
                        0.77007,
                        3.73363,
                        0,
                        0,
                        0,
                        0,
                        0,
                        0,
                        0,
                        0,
                        0,
                        0,
                        0,
                        0,
                        0,
                        0,
                        0,
                        0,
                        0,
                        0,
                        3.05096,
                        0.18158,
                        0,
                        3.05655,
                        -3.05692,
                        -0.02038,
                        1.4855,
                        0.08841,
                        0.00003,
                        1.48828,
                        -1.48898,
                        -0.00989,
                        -0.6832,
                        -0.04066,
                        -4.70715,
                        -0.28011,
                        -4.73242,
                        -0.28162,
                        0.45447,
                        -7.63574,
                        0.45447,
                        -7.63574,
                        0,
                        0,
                        0,
                        0,
                        0,
                        0,
                        13.46243,
                        0,
                        -0.09009,
                        13.46214,
                        0.51538,
                        13.45257,
                        0.51538,
                        13.45257,
                        2.06137,
                        13.30369,
                        0,
                        0,
                        0,
                        0,
                        0,
                        0,
                        -0.05545,
                        8.28441,
                        0.31717,
                        8.27852,
                        0.31717,
                        8.27852,
                        1.26854,
                        8.1869,
                        0,
                        0,
                        0,
                        0,
                        1.46301,
                        0.08706,
                        -0.00001,
                        1.46552,
                        -1.46652,
                        -0.00978,
                        2.40372,
                        0.14306,
                        0,
                        2.40805,
                        -2.40906,
                        -0.01605,
                        3.18939,
                        0.18981,
                        0,
                        3.19568,
                        -3.19595,
                        -0.0213,
                        1.62714,
                        0.09682,
                        -0.00003,
                        1.6304,
                        -1.63068,
                        -0.0109,
                        2.79846,
                        0.16652,
                        0,
                        2.80334,
                        -2.80389,
                        -0.01869,
                        3.19852,
                        0.19034,
                        0,
                        3.20404,
                        -3.20444,
                        -0.02136
                      ]
                    },
                    {
                      "time": 1,
                      "offset": 150,
                      "vertices": [
                        -1.06448,
                        0.03534,
                        0,
                        -1.06448,
                        1.06409,
                        0.0071
                      ]
                    }
                  ]
                }
              }
            }
          }
        }
      },
      [
        0
      ]
    ]
  ],
  0,
  0,
  [
    0
  ],
  [
    -1
  ],
  [
    0
  ]
]