[
  1,
  [
    "ebEj5iM7ZDb6ZT5V0Ui1Uj"
  ],
  0,
  [
    [
      "sp.SkeletonData",
      [
        "_name",
        "_atlasText",
        "textureNames",
        "_skeletonJson",
        "textures"
      ],
      -1,
      3
    ]
  ],
  [
    [
      0,
      0,
      1,
      2,
      3,
      4,
      5
    ]
  ],
  [
    [
      0,
      "tnk_7",
      "\r\ntnk_7.png\r\nsize: 999,999\r\nformat: RGBA8888\r\nfilter: Linear,Linear\r\nrepeat: none\r\nbg\r\n  rotate: false\r\n  xy: 556, 241\r\n  size: 197, 756\r\n  orig: 197, 756\r\n  offset: 0, 0\r\n  index: -1\r\nbody\r\n  rotate: false\r\n  xy: 2, 89\r\n  size: 352, 908\r\n  orig: 352, 936\r\n  offset: 0, 28\r\n  index: -1\r\nhead\r\n  rotate: false\r\n  xy: 586, 80\r\n  size: 112, 159\r\n  orig: 114, 162\r\n  offset: 1, 1\r\n  index: -1\r\nkhung\r\n  rotate: false\r\n  xy: 356, 238\r\n  size: 198, 759\r\n  orig: 198, 759\r\n  offset: 0, 0\r\n  index: -1\r\nmay1\r\n  rotate: false\r\n  xy: 356, 70\r\n  size: 228, 166\r\n  orig: 231, 169\r\n  offset: 2, 1\r\n  index: -1\r\nmay2\r\n  rotate: true\r\n  xy: 755, 606\r\n  size: 391, 242\r\n  orig: 392, 242\r\n  offset: 1, 0\r\n  index: -1\r\nmay4\r\n  rotate: true\r\n  xy: 755, 300\r\n  size: 304, 241\r\n  orig: 307, 243\r\n  offset: 2, 1\r\n  index: -1\r\nwil\r\n  rotate: false\r\n  xy: 2, 10\r\n  size: 173, 77\r\n  orig: 175, 79\r\n  offset: 1, 1\r\n  index: -1\r\n",
      [
        "tnk_7.png"
      ],
      {
        "skeleton": {
          "hash": "1OcjNkVKfHShPtrCw5h5V2XHbIM",
          "spine": "3.8.99",
          "x": -98.55,
          "y": -379.51,
          "width": 198.78,
          "height": 759.48,
          "images": "./images/",
          "audio": "D:/game bai/tonggame/slot_TNK/anim/s_wild_g"
        },
        "bones": [
          {
            "name": "root"
          },
          {
            "name": "bone",
            "parent": "root",
            "x": 21.28,
            "y": -382.88
          },
          {
            "name": "body",
            "parent": "bone",
            "x": -0.72,
            "y": 421.66
          },
          {
            "name": "head",
            "parent": "body",
            "length": 68.23,
            "rotation": 78.38,
            "x": -30.88,
            "y": 177.06
          },
          {
            "name": "body3",
            "parent": "body",
            "length": 74.08,
            "rotation": -170.68,
            "x": -80.6,
            "y": 154.19
          },
          {
            "name": "may4",
            "parent": "root",
            "x": 59.59,
            "y": 461.67
          },
          {
            "name": "may1",
            "parent": "root",
            "x": 63.45,
            "y": -226.66
          },
          {
            "name": "may2",
            "parent": "root",
            "x": 113.96,
            "y": -376.71
          },
          {
            "name": "wil",
            "parent": "root",
            "x": 0.8,
            "y": -296.98
          },
          {
            "name": "wil2",
            "parent": "wil"
          }
        ],
        "slots": [
          {
            "name": "clipping",
            "bone": "root",
            "attachment": "clipping"
          },
          {
            "name": "bg",
            "bone": "root",
            "attachment": "bg"
          },
          {
            "name": "body",
            "bone": "body3",
            "attachment": "body"
          },
          {
            "name": "head",
            "bone": "head",
            "attachment": "head"
          },
          {
            "name": "may1",
            "bone": "may1",
            "attachment": "may1"
          },
          {
            "name": "may2",
            "bone": "may2",
            "attachment": "may2"
          },
          {
            "name": "may4",
            "bone": "may4",
            "attachment": "may4"
          },
          {
            "name": "khung",
            "bone": "root",
            "attachment": "khung"
          },
          {
            "name": "wil",
            "bone": "wil",
            "attachment": "wil"
          },
          {
            "name": "wil2",
            "bone": "wil2",
            "attachment": "wil",
            "blend": "additive"
          }
        ],
        "skins": [
          {
            "name": "default",
            "attachments": {
              "bg": {
                "bg": {
                  "x": -0.53,
                  "y": 0.96,
                  "width": 197,
                  "height": 756
                }
              },
              "body": {
                "body": {
                  "type": "mesh",
                  "hull": 34,
                  "width": 352,
                  "height": 936,
                  "uvs": [
                    1,
                    0.40185,
                    1,
                    0.60787,
                    0.76074,
                    0.65884,
                    0.76074,
                    0.6992,
                    0.87369,
                    0.7884,
                    0.92735,
                    0.8723,
                    0.88781,
                    0.93283,
                    0.70426,
                    0.97,
                    0.43599,
                    0.96681,
                    0.33998,
                    0.90841,
                    0.31457,
                    0.84469,
                    0.40211,
                    0.79796,
                    0.47835,
                    0.75442,
                    0.38234,
                    0.69601,
                    0,
                    0.65035,
                    0,
                    0.42441,
                    0,
                    0.20444,
                    0.06018,
                    0.17473,
                    0.16904,
                    0.14826,
                    0.23471,
                    0.15271,
                    0.28959,
                    0.16931,
                    0.29675,
                    0.15719,
                    0.33255,
                    0.16392,
                    0.32731,
                    0.15417,
                    0.38915,
                    0.15874,
                    0.59462,
                    0.18949,
                    0.61768,
                    0.2025,
                    0.69872,
                    0.21274,
                    0.76162,
                    0.23285,
                    0.7753,
                    0.19673,
                    0.74266,
                    0.11957,
                    0.79373,
                    0.02903,
                    0.84936,
                    0,
                    1,
                    0,
                    0.35111,
                    0.18017,
                    0.35399,
                    0.20341,
                    0.35039,
                    0.2099,
                    0.36261,
                    0.22179,
                    0.36333,
                    0.23531,
                    0.36836,
                    0.25099,
                    0.37925,
                    0.27879,
                    0.35801,
                    0.3083,
                    0.31831,
                    0.32497,
                    0.24537,
                    0.33573,
                    0.21952,
                    0.35654,
                    0.25923,
                    0.38779,
                    0.31831,
                    0.40272,
                    0.35986,
                    0.4048,
                    0.36909,
                    0.41036,
                    0.39679,
                    0.40723,
                    0.41526,
                    0.40758,
                    0.48543,
                    0.39855,
                    0.58237,
                    0.41487,
                    0.58145,
                    0.42564,
                    0.55652,
                    0.42946,
                    0.58237,
                    0.43987,
                    0.6073,
                    0.45376,
                    0.5953,
                    0.46071,
                    0.57591,
                    0.4614,
                    0.59807,
                    0.47043,
                    0.58422,
                    0.47598,
                    0.56575,
                    0.47772,
                    0.49466,
                    0.46244,
                    0.5473,
                    0.48187,
                    0.53254,
                    0.49019,
                    0.49466,
                    0.48744,
                    0.42726,
                    0.47668,
                    0.37463,
                    0.47216,
                    0.31185,
                    0.47182,
                    0.22413,
                    0.45168,
                    0.14935,
                    0.4364
                  ],
                  "triangles": [
                    20,
                    21,
                    22,
                    35,
                    34,
                    24,
                    20,
                    34,
                    35,
                    34,
                    20,
                    22,
                    36,
                    20,
                    35,
                    37,
                    35,
                    25,
                    36,
                    35,
                    37,
                    26,
                    38,
                    37,
                    26,
                    39,
                    38,
                    40,
                    39,
                    26,
                    19,
                    20,
                    36,
                    38,
                    36,
                    37,
                    39,
                    42,
                    38,
                    40,
                    42,
                    39,
                    38,
                    19,
                    36,
                    42,
                    40,
                    41,
                    19,
                    38,
                    18,
                    42,
                    43,
                    38,
                    18,
                    43,
                    17,
                    38,
                    43,
                    18,
                    43,
                    16,
                    17,
                    44,
                    16,
                    43,
                    45,
                    43,
                    42,
                    44,
                    43,
                    45,
                    15,
                    16,
                    44,
                    22,
                    23,
                    24,
                    34,
                    22,
                    24,
                    33,
                    29,
                    30,
                    35,
                    24,
                    25,
                    25,
                    26,
                    37,
                    27,
                    40,
                    26,
                    28,
                    40,
                    27,
                    31,
                    32,
                    33,
                    31,
                    33,
                    30,
                    40,
                    28,
                    51,
                    41,
                    40,
                    51,
                    42,
                    41,
                    51,
                    46,
                    45,
                    42,
                    0,
                    29,
                    33,
                    28,
                    29,
                    0,
                    52,
                    51,
                    28,
                    42,
                    47,
                    46,
                    42,
                    49,
                    47,
                    51,
                    49,
                    42,
                    50,
                    49,
                    51,
                    48,
                    47,
                    49,
                    0,
                    52,
                    28,
                    70,
                    15,
                    44,
                    52,
                    54,
                    51,
                    53,
                    54,
                    52,
                    45,
                    70,
                    44,
                    56,
                    55,
                    53,
                    54,
                    53,
                    55,
                    69,
                    70,
                    45,
                    69,
                    45,
                    46,
                    56,
                    52,
                    0,
                    56,
                    53,
                    52,
                    56,
                    58,
                    55,
                    55,
                    62,
                    54,
                    57,
                    58,
                    56,
                    54,
                    50,
                    51,
                    58,
                    62,
                    55,
                    62,
                    50,
                    54,
                    59,
                    57,
                    56,
                    58,
                    57,
                    59,
                    68,
                    69,
                    46,
                    48,
                    68,
                    46,
                    48,
                    46,
                    47,
                    50,
                    67,
                    48,
                    68,
                    48,
                    67,
                    50,
                    48,
                    49,
                    67,
                    50,
                    62,
                    60,
                    58,
                    59,
                    66,
                    67,
                    62,
                    61,
                    62,
                    58,
                    61,
                    58,
                    60,
                    63,
                    62,
                    61,
                    65,
                    66,
                    62,
                    65,
                    62,
                    63,
                    64,
                    65,
                    63,
                    59,
                    56,
                    0,
                    1,
                    59,
                    0,
                    14,
                    15,
                    70,
                    14,
                    70,
                    69,
                    14,
                    69,
                    68,
                    1,
                    60,
                    59,
                    2,
                    60,
                    1,
                    66,
                    68,
                    67,
                    13,
                    66,
                    65,
                    13,
                    65,
                    64,
                    13,
                    68,
                    66,
                    14,
                    68,
                    13,
                    64,
                    63,
                    61,
                    61,
                    60,
                    64,
                    2,
                    64,
                    60,
                    2,
                    13,
                    64,
                    3,
                    13,
                    2,
                    13,
                    3,
                    12,
                    9,
                    10,
                    11,
                    11,
                    4,
                    5,
                    9,
                    11,
                    5,
                    5,
                    8,
                    9,
                    12,
                    3,
                    4,
                    4,
                    11,
                    12,
                    5,
                    7,
                    8,
                    6,
                    7,
                    5
                  ],
                  "vertices": [
                    3,
                    1,
                    155.19,
                    413.14,
                    0.01954,
                    2,
                    155.92,
                    -8.52,
                    0.8366,
                    3,
                    -144.14,
                    -220.35,
                    0.14386,
                    2,
                    1,
                    155.19,
                    220.3,
                    0.18904,
                    2,
                    155.92,
                    -201.36,
                    0.81096,
                    2,
                    1,
                    70.97,
                    172.59,
                    0.38957,
                    2,
                    71.7,
                    -249.07,
                    0.61043,
                    2,
                    1,
                    70.97,
                    134.82,
                    0.60399,
                    2,
                    71.7,
                    -286.84,
                    0.39601,
                    2,
                    1,
                    110.73,
                    51.32,
                    0.92134,
                    2,
                    111.46,
                    -370.34,
                    0.07866,
                    2,
                    1,
                    129.62,
                    -27.2,
                    0.99521,
                    2,
                    130.34,
                    -448.87,
                    0.00479,
                    1,
                    1,
                    115.7,
                    -83.86,
                    1,
                    1,
                    1,
                    51.09,
                    -118.65,
                    1,
                    1,
                    1,
                    -43.34,
                    -115.67,
                    1,
                    1,
                    1,
                    -77.13,
                    -61,
                    1,
                    2,
                    1,
                    -86.08,
                    -1.36,
                    0.99851,
                    2,
                    -85.35,
                    -423.02,
                    0.00149,
                    2,
                    1,
                    -55.26,
                    42.38,
                    0.95408,
                    2,
                    -54.54,
                    -379.29,
                    0.04592,
                    3,
                    1,
                    -28.43,
                    83.13,
                    0.75979,
                    2,
                    -27.7,
                    -338.53,
                    0.23987,
                    4,
                    27.63,
                    494.78,
                    0.00035,
                    3,
                    1,
                    -62.22,
                    137.8,
                    0.41307,
                    2,
                    -61.5,
                    -283.86,
                    0.5788,
                    4,
                    52.12,
                    435.36,
                    0.00814,
                    3,
                    1,
                    -196.81,
                    180.54,
                    0.18289,
                    2,
                    -196.08,
                    -241.12,
                    0.76854,
                    4,
                    178,
                    371.37,
                    0.04857,
                    3,
                    1,
                    -196.81,
                    392.02,
                    0.03233,
                    2,
                    -196.08,
                    -29.64,
                    0.5965,
                    4,
                    143.74,
                    162.69,
                    0.37118,
                    1,
                    4,
                    110.38,
                    -40.48,
                    1,
                    2,
                    3,
                    -2.57,
                    146.51,
                    0.00087,
                    4,
                    84.97,
                    -64.49,
                    0.99913,
                    2,
                    3,
                    29.42,
                    113.97,
                    0.03181,
                    4,
                    43.15,
                    -82.73,
                    0.96819,
                    2,
                    3,
                    30,
                    90.49,
                    0.07855,
                    4,
                    21.01,
                    -74.88,
                    0.92145,
                    3,
                    2,
                    -94.15,
                    209.13,
                    0,
                    3,
                    18.67,
                    68.43,
                    0.24298,
                    4,
                    4.46,
                    -56.42,
                    0.75702,
                    3,
                    2,
                    -91.63,
                    220.47,
                    0,
                    3,
                    30.29,
                    68.25,
                    0.31261,
                    4,
                    0.14,
                    -67.2,
                    0.68739,
                    3,
                    2,
                    -79.03,
                    214.17,
                    0.00001,
                    3,
                    26.66,
                    54.64,
                    0.42648,
                    4,
                    -11.27,
                    -58.94,
                    0.57351,
                    3,
                    2,
                    -80.87,
                    223.31,
                    0.00001,
                    3,
                    35.23,
                    58.28,
                    0.46973,
                    4,
                    -10.93,
                    -68.25,
                    0.53026,
                    3,
                    2,
                    -59.1,
                    219.03,
                    0.00003,
                    3,
                    35.42,
                    36.1,
                    0.62471,
                    4,
                    -31.72,
                    -60.5,
                    0.37525,
                    2,
                    2,
                    13.22,
                    190.24,
                    0.08074,
                    3,
                    21.8,
                    -40.54,
                    0.91926,
                    2,
                    2,
                    21.34,
                    178.07,
                    0.13924,
                    3,
                    11.51,
                    -50.95,
                    0.86076,
                    2,
                    2,
                    49.87,
                    168.48,
                    0.26991,
                    3,
                    7.87,
                    -80.82,
                    0.73009,
                    2,
                    2,
                    72.01,
                    149.66,
                    0.38054,
                    3,
                    -6.11,
                    -106.29,
                    0.61946,
                    2,
                    2,
                    76.82,
                    183.47,
                    0.37074,
                    3,
                    27.98,
                    -104.2,
                    0.62926,
                    2,
                    2,
                    65.33,
                    255.69,
                    0.33398,
                    3,
                    96.4,
                    -78.4,
                    0.66602,
                    2,
                    2,
                    83.31,
                    340.43,
                    0.32215,
                    3,
                    183.03,
                    -78.93,
                    0.67785,
                    2,
                    2,
                    102.89,
                    367.61,
                    0.32111,
                    3,
                    213.59,
                    -92.64,
                    0.67889,
                    2,
                    2,
                    155.92,
                    367.61,
                    0.32086,
                    3,
                    224.27,
                    -144.58,
                    0.67914,
                    2,
                    3,
                    13.08,
                    45.17,
                    0.45363,
                    4,
                    -15.26,
                    -42.88,
                    0.54637,
                    2,
                    3,
                    -8.03,
                    39.8,
                    0.31897,
                    4,
                    -12.73,
                    -21.24,
                    0.68103,
                    2,
                    3,
                    -14.23,
                    39.82,
                    0.25024,
                    4,
                    -10.5,
                    -15.46,
                    0.74976,
                    3,
                    2,
                    -68.44,
                    160.01,
                    0.00677,
                    3,
                    -24.27,
                    33.36,
                    0.20696,
                    4,
                    -12.94,
                    -3.78,
                    0.78627,
                    3,
                    2,
                    -68.19,
                    147.36,
                    0.0284,
                    3,
                    -36.61,
                    30.56,
                    0.13675,
                    4,
                    -11.14,
                    8.75,
                    0.83484,
                    3,
                    2,
                    -66.42,
                    132.68,
                    0.07808,
                    3,
                    -50.62,
                    25.87,
                    0.13361,
                    4,
                    -10.51,
                    23.52,
                    0.78831,
                    3,
                    2,
                    -62.59,
                    106.66,
                    0.20854,
                    3,
                    -75.34,
                    16.88,
                    0.13204,
                    4,
                    -10.08,
                    49.82,
                    0.65942,
                    4,
                    1,
                    -70.79,
                    500.7,
                    0.0001,
                    2,
                    -70.06,
                    79.03,
                    0.34614,
                    3,
                    -103.91,
                    18.63,
                    0.06602,
                    4,
                    1.78,
                    75.87,
                    0.58773,
                    4,
                    1,
                    -84.76,
                    485.1,
                    0.0008,
                    2,
                    -84.04,
                    63.43,
                    0.39546,
                    3,
                    -122,
                    29.18,
                    0.02573,
                    4,
                    18.09,
                    89,
                    0.57801,
                    4,
                    1,
                    -110.44,
                    475.02,
                    0.00265,
                    2,
                    -109.71,
                    53.36,
                    0.38076,
                    3,
                    -137.04,
                    52.3,
                    0.00306,
                    4,
                    45.06,
                    94.78,
                    0.61353,
                    4,
                    1,
                    -119.54,
                    455.55,
                    0.00608,
                    2,
                    -118.81,
                    33.89,
                    0.45169,
                    3,
                    -157.95,
                    57.29,
                    0.00031,
                    4,
                    57.2,
                    112.52,
                    0.54192,
                    4,
                    1,
                    -105.56,
                    426.3,
                    0.01278,
                    2,
                    -104.83,
                    4.63,
                    0.60689,
                    3,
                    -183.79,
                    37.7,
                    0.00019,
                    4,
                    48.14,
                    143.65,
                    0.38014,
                    4,
                    1,
                    -84.76,
                    412.33,
                    0.01581,
                    2,
                    -84.04,
                    -9.34,
                    0.71585,
                    3,
                    -193.28,
                    14.52,
                    0.00013,
                    4,
                    29.88,
                    160.81,
                    0.26821,
                    4,
                    1,
                    -70.14,
                    410.37,
                    0.0147,
                    2,
                    -69.41,
                    -11.29,
                    0.77079,
                    3,
                    -192.25,
                    -0.2,
                    0.00042,
                    4,
                    15.77,
                    165.1,
                    0.21409,
                    3,
                    1,
                    -66.89,
                    405.17,
                    0.01673,
                    2,
                    -66.16,
                    -16.49,
                    0.79326,
                    4,
                    13.4,
                    170.76,
                    0.19001,
                    4,
                    1,
                    -57.14,
                    408.1,
                    0.01372,
                    2,
                    -56.41,
                    -13.56,
                    0.822,
                    3,
                    -191.86,
                    -13.39,
                    0.00034,
                    4,
                    3.31,
                    169.45,
                    0.16394,
                    4,
                    1,
                    -50.64,
                    407.77,
                    0.01285,
                    2,
                    -49.91,
                    -13.89,
                    0.84601,
                    3,
                    -190.87,
                    -19.82,
                    0.00044,
                    4,
                    -3.05,
                    170.83,
                    0.1407,
                    4,
                    1,
                    -25.94,
                    416.23,
                    0.00458,
                    2,
                    -25.21,
                    -5.44,
                    0.92669,
                    3,
                    -177.61,
                    -42.31,
                    0.00159,
                    4,
                    -28.8,
                    166.49,
                    0.06713,
                    3,
                    1,
                    8.19,
                    400.95,
                    0.01078,
                    2,
                    8.91,
                    -20.72,
                    0.98673,
                    3,
                    -185.7,
                    -78.82,
                    0.00249,
                    4,
                    1,
                    7.86,
                    390.87,
                    0.0184,
                    2,
                    8.59,
                    -30.79,
                    0.97911,
                    3,
                    -195.63,
                    -80.53,
                    0.00141,
                    4,
                    -58.04,
                    196.98,
                    0.00108,
                    3,
                    1,
                    -0.91,
                    387.3,
                    0.02096,
                    2,
                    -0.19,
                    -34.36,
                    0.97195,
                    4,
                    -48.8,
                    199.09,
                    0.00709,
                    4,
                    1,
                    8.19,
                    377.55,
                    0.03051,
                    2,
                    8.91,
                    -44.11,
                    0.96516,
                    3,
                    -208.62,
                    -83.53,
                    0.00106,
                    4,
                    -56.2,
                    210.18,
                    0.00328,
                    4,
                    1,
                    16.96,
                    364.55,
                    0.04443,
                    2,
                    17.69,
                    -57.11,
                    0.95174,
                    3,
                    -219.59,
                    -94.74,
                    0.00198,
                    4,
                    -62.76,
                    224.43,
                    0.00185,
                    4,
                    1,
                    12.74,
                    358.05,
                    0.05132,
                    2,
                    13.46,
                    -63.61,
                    0.9442,
                    3,
                    -226.8,
                    -91.92,
                    0.00089,
                    4,
                    -57.54,
                    230.16,
                    0.00358,
                    4,
                    1,
                    5.91,
                    357.4,
                    0.05167,
                    2,
                    6.64,
                    -64.27,
                    0.94164,
                    3,
                    -228.82,
                    -85.36,
                    0.00026,
                    4,
                    -50.69,
                    229.7,
                    0.00642,
                    4,
                    1,
                    13.71,
                    348.95,
                    0.06198,
                    2,
                    14.44,
                    -72.71,
                    0.93364,
                    3,
                    -235.52,
                    -94.7,
                    0.0006,
                    4,
                    -57.02,
                    239.3,
                    0.00378,
                    4,
                    1,
                    8.84,
                    343.75,
                    0.06807,
                    2,
                    9.56,
                    -77.91,
                    0.92598,
                    3,
                    -241.6,
                    -90.98,
                    0.00017,
                    4,
                    -51.37,
                    243.64,
                    0.00578,
                    4,
                    1,
                    2.34,
                    342.12,
                    0.06978,
                    2,
                    3.06,
                    -79.54,
                    0.92134,
                    3,
                    -244.5,
                    -84.94,
                    0.00002,
                    4,
                    -44.69,
                    244.19,
                    0.00886,
                    3,
                    1,
                    -22.69,
                    356.42,
                    0.05215,
                    2,
                    -21.96,
                    -65.24,
                    0.91643,
                    4,
                    -22.32,
                    226.03,
                    0.03142,
                    3,
                    1,
                    -4.16,
                    338.24,
                    0.0744,
                    2,
                    -3.43,
                    -83.43,
                    0.91299,
                    4,
                    -37.65,
                    246.98,
                    0.01261,
                    3,
                    1,
                    -9.35,
                    330.45,
                    0.08425,
                    2,
                    -8.63,
                    -91.21,
                    0.90006,
                    4,
                    -31.27,
                    253.82,
                    0.01569,
                    3,
                    1,
                    -22.69,
                    333.02,
                    0.08015,
                    2,
                    -21.96,
                    -88.64,
                    0.89309,
                    4,
                    -18.52,
                    249.12,
                    0.02676,
                    3,
                    1,
                    -46.41,
                    343.1,
                    0.06715,
                    2,
                    -45.69,
                    -78.56,
                    0.87334,
                    4,
                    3.26,
                    235.33,
                    0.0595,
                    3,
                    1,
                    -64.94,
                    347.32,
                    0.06254,
                    2,
                    -64.21,
                    -74.34,
                    0.84441,
                    4,
                    20.85,
                    228.16,
                    0.09305,
                    3,
                    1,
                    -87.04,
                    347.65,
                    0.06213,
                    2,
                    -86.31,
                    -74.01,
                    0.8062,
                    4,
                    42.61,
                    224.26,
                    0.13167,
                    3,
                    1,
                    -117.91,
                    366.5,
                    0.04671,
                    2,
                    -117.19,
                    -55.17,
                    0.7308,
                    4,
                    70.02,
                    200.66,
                    0.22249,
                    3,
                    1,
                    -144.24,
                    380.8,
                    0.03781,
                    2,
                    -143.51,
                    -40.87,
                    0.66176,
                    4,
                    93.68,
                    182.28,
                    0.30043
                  ],
                  "edges": [
                    38,
                    40,
                    40,
                    42,
                    42,
                    44,
                    44,
                    68,
                    68,
                    70,
                    70,
                    72,
                    72,
                    74,
                    74,
                    76,
                    76,
                    78,
                    78,
                    80,
                    80,
                    82,
                    82,
                    84,
                    84,
                    86,
                    86,
                    88,
                    88,
                    90,
                    90,
                    92,
                    92,
                    94,
                    94,
                    96,
                    96,
                    98,
                    98,
                    100,
                    100,
                    102,
                    102,
                    104,
                    104,
                    106,
                    106,
                    108,
                    108,
                    110,
                    110,
                    112,
                    112,
                    114,
                    114,
                    116,
                    116,
                    118,
                    118,
                    120,
                    120,
                    122,
                    122,
                    124,
                    124,
                    126,
                    126,
                    128,
                    128,
                    130,
                    130,
                    132,
                    132,
                    134,
                    134,
                    136,
                    136,
                    138,
                    138,
                    140,
                    140,
                    30,
                    30,
                    32,
                    32,
                    34,
                    34,
                    36,
                    36,
                    38,
                    44,
                    46,
                    46,
                    48,
                    48,
                    50,
                    50,
                    52,
                    52,
                    54,
                    54,
                    56,
                    56,
                    58,
                    58,
                    60,
                    60,
                    62,
                    64,
                    66,
                    62,
                    64,
                    0,
                    66,
                    0,
                    2,
                    2,
                    4,
                    4,
                    6,
                    6,
                    8,
                    8,
                    10,
                    10,
                    12,
                    12,
                    14,
                    14,
                    16,
                    16,
                    18,
                    18,
                    20,
                    20,
                    22,
                    22,
                    24,
                    24,
                    26,
                    28,
                    30,
                    26,
                    28
                  ]
                }
              },
              "clipping": {
                "clipping": {
                  "type": "clipping",
                  "end": "khung",
                  "vertexCount": 38,
                  "color": "ce3a3aff",
                  "vertices": [
                    -71.38,
                    379.97,
                    73.74,
                    379.97,
                    74.73,
                    375.08,
                    78.15,
                    371.2,
                    82.71,
                    369.15,
                    86.59,
                    368.24,
                    86.36,
                    361.4,
                    91.83,
                    360.94,
                    96.16,
                    358.66,
                    99.13,
                    355.24,
                    99.12,
                    349.85,
                    100.23,
                    -354.83,
                    98.69,
                    -358.53,
                    95.27,
                    -361.72,
                    90.94,
                    -363.25,
                    86.68,
                    -363.61,
                    86.62,
                    -369.78,
                    82.24,
                    -370.84,
                    77.87,
                    -373.18,
                    75.67,
                    -376.38,
                    74.19,
                    -379.51,
                    -72.51,
                    -379.49,
                    -73.8,
                    -375.17,
                    -77.45,
                    -372.43,
                    -81.78,
                    -370.15,
                    -85.66,
                    -369.7,
                    -85.89,
                    -363.31,
                    -90.9,
                    -361.95,
                    -94.96,
                    -359.25,
                    -97.87,
                    -355.2,
                    -98.55,
                    352.29,
                    -95.81,
                    356.16,
                    -91.25,
                    360.04,
                    -86.01,
                    361.63,
                    -85.78,
                    367.79,
                    -79.85,
                    369.61,
                    -74.84,
                    372.12,
                    -72.56,
                    375.77
                  ]
                }
              },
              "head": {
                "head": {
                  "x": 61.28,
                  "y": 2.6,
                  "rotation": -78.38,
                  "width": 114,
                  "height": 162
                }
              },
              "khung": {
                "khung": {
                  "x": 0.47,
                  "y": 0.46,
                  "width": 198,
                  "height": 759
                }
              },
              "may1": {
                "may1": {
                  "x": -9.92,
                  "y": -21.37,
                  "width": 231,
                  "height": 169
                }
              },
              "may2": {
                "may2": {
                  "x": -41.03,
                  "y": -24.63,
                  "width": 392,
                  "height": 242
                }
              },
              "may4": {
                "may4": {
                  "x": -36.62,
                  "y": -27.46,
                  "width": 307,
                  "height": 243
                }
              },
              "wil": {
                "wil": {
                  "x": -1.83,
                  "y": -0.87,
                  "width": 175,
                  "height": 79
                }
              },
              "wil2": {
                "wil": {
                  "x": -1.83,
                  "y": -0.87,
                  "width": 175,
                  "height": 79
                }
              }
            }
          }
        ],
        "animations": {
          "animation": {
            "slots": {
              "may1": {
                "color": [
                  {
                    "color": "ffffff00"
                  },
                  {
                    "time": 1,
                    "color": "ffffffff"
                  },
                  {
                    "time": 2,
                    "color": "ffffff00"
                  }
                ]
              },
              "may4": {
                "color": [
                  {
                    "color": "ffffffff"
                  },
                  {
                    "time": 1,
                    "color": "ffffff00"
                  },
                  {
                    "time": 2,
                    "color": "ffffffff"
                  }
                ]
              },
              "wil2": {
                "color": [
                  {
                    "color": "ffffff00"
                  },
                  {
                    "time": 0.3333,
                    "color": "ffffffff",
                    "curve": "stepped"
                  },
                  {
                    "time": 1.8,
                    "color": "ffffffff"
                  },
                  {
                    "time": 2,
                    "color": "ffffff00"
                  }
                ]
              }
            },
            "bones": {
              "body": {
                "translate": [
                  {
                    "curve": 0.25,
                    "c3": 0.75
                  },
                  {
                    "time": 1,
                    "y": 13.32,
                    "curve": 0.25,
                    "c3": 0.75
                  },
                  {
                    "time": 2
                  }
                ],
                "scale": [
                  {
                    "curve": 0.25,
                    "c3": 0.75
                  },
                  {
                    "time": 1,
                    "x": 1.112,
                    "y": 1.112,
                    "curve": 0.25,
                    "c3": 0.75
                  },
                  {
                    "time": 2
                  }
                ]
              },
              "body3": {
                "scale": [
                  {
                    "curve": 0.25,
                    "c3": 0.75
                  },
                  {
                    "time": 1,
                    "x": 1.112,
                    "y": 1.112,
                    "curve": 0.25,
                    "c3": 0.75
                  },
                  {
                    "time": 2
                  }
                ]
              },
              "head": {
                "rotate": [
                  {
                    "curve": 0.25,
                    "c3": 0.75
                  },
                  {
                    "time": 1,
                    "angle": 12.15,
                    "curve": 0.25,
                    "c3": 0.75
                  },
                  {
                    "time": 2
                  }
                ],
                "scale": [
                  {
                    "curve": 0.25,
                    "c3": 0.75
                  },
                  {
                    "time": 1,
                    "x": 1.112,
                    "y": 1.112,
                    "curve": 0.25,
                    "c3": 0.75
                  },
                  {
                    "time": 2
                  }
                ]
              },
              "may4": {
                "translate": [
                  {
                    "curve": 0.25,
                    "c3": 0.75
                  },
                  {
                    "time": 1,
                    "x": -86.22,
                    "curve": 0.25,
                    "c3": 0.75
                  },
                  {
                    "time": 2
                  }
                ]
              },
              "may1": {
                "translate": [
                  {
                    "curve": 0.25,
                    "c3": 0.75
                  },
                  {
                    "time": 1,
                    "x": -117.23,
                    "curve": 0.25,
                    "c3": 0.75
                  },
                  {
                    "time": 2
                  }
                ],
                "scale": [
                  {
                    "curve": 0.25,
                    "c3": 0.75
                  },
                  {
                    "time": 1,
                    "x": 1.446,
                    "y": 1.446,
                    "curve": 0.25,
                    "c3": 0.75
                  },
                  {
                    "time": 2
                  }
                ]
              },
              "may2": {
                "scale": [
                  {
                    "curve": 0.25,
                    "c3": 0.75
                  },
                  {
                    "time": 1,
                    "x": 1.348,
                    "y": 1.348,
                    "curve": 0.25,
                    "c3": 0.75
                  },
                  {
                    "time": 2
                  }
                ]
              },
              "wil": {
                "rotate": [
                  {},
                  {
                    "time": 0.1,
                    "angle": -120
                  },
                  {
                    "time": 0.2333,
                    "angle": 120
                  },
                  {
                    "time": 0.3333
                  },
                  {
                    "time": 0.4333,
                    "angle": -120
                  },
                  {
                    "time": 0.5667,
                    "angle": 120
                  },
                  {
                    "time": 0.6667
                  },
                  {
                    "time": 0.7667,
                    "angle": -120
                  },
                  {
                    "time": 0.9,
                    "angle": 120
                  },
                  {
                    "time": 1
                  }
                ],
                "scale": [
                  {
                    "curve": 0.25,
                    "c3": 0.75
                  },
                  {
                    "time": 0.5,
                    "x": 1.5,
                    "y": 1.5,
                    "curve": 0.25,
                    "c3": 0.75
                  },
                  {
                    "time": 1,
                    "curve": 0.25,
                    "c3": 0.75
                  },
                  {
                    "time": 1.5333,
                    "x": 1.363,
                    "y": 1.363,
                    "curve": 0.25,
                    "c3": 0.75
                  },
                  {
                    "time": 2
                  }
                ]
              },
              "wil2": {
                "rotate": [
                  {},
                  {
                    "time": 0.1,
                    "angle": -120
                  },
                  {
                    "time": 0.2333,
                    "angle": 120
                  },
                  {
                    "time": 0.3333
                  },
                  {
                    "time": 0.4333,
                    "angle": -120
                  },
                  {
                    "time": 0.5667,
                    "angle": 120
                  },
                  {
                    "time": 0.6667
                  },
                  {
                    "time": 0.7667,
                    "angle": -120
                  },
                  {
                    "time": 0.9,
                    "angle": 120
                  },
                  {
                    "time": 1
                  }
                ],
                "scale": [
                  {
                    "curve": 0.25,
                    "c3": 0.75
                  },
                  {
                    "time": 0.5,
                    "x": 1.5,
                    "y": 1.5,
                    "curve": 0.25,
                    "c3": 0.75
                  },
                  {
                    "time": 1,
                    "curve": 0.25,
                    "c3": 0.75
                  },
                  {
                    "time": 1.5333,
                    "x": 1.363,
                    "y": 1.363,
                    "curve": 0.25,
                    "c3": 0.75
                  },
                  {
                    "time": 2
                  }
                ]
              }
            }
          }
        }
      },
      [
        0
      ]
    ]
  ],
  0,
  0,
  [
    0
  ],
  [
    -1
  ],
  [
    0
  ]
]