[
  1,
  [
    "4fovThUz5KgJTRvdG3uVo6"
  ],
  [
    "_textureSetter"
  ],
  [
    "cc.SpriteFrame"
  ],
  0,
  [
    [
      [
        {
          "name": "mf_moon",
          "rect": [
            1,
            164,
            140,
            139
          ],
          "offset": [
            0,
            0
          ],
          "originalSize": [
            140,
            139
          ],
          "capInsets": [
            0,
            0,
            0,
            0
          ]
        }
      ],
      [
        0
      ],
      0,
      [
        0
      ],
      [
        0
      ],
      [
        0
      ]
    ],
    [
      [
        {
          "name": "mf_sun",
          "rect": [
            1,
            1,
            160,
            161
          ],
          "offset": [
            0,
            0
          ],
          "originalSize": [
            160,
            161
          ],
          "capInsets": [
            0,
            0,
            0,
            0
          ]
        }
      ],
      [
        0
      ],
      0,
      [
        0
      ],
      [
        0
      ],
      [
        0
      ]
    ]
  ]
]