[
  1,
  [
    "68+hmm5MZIBJOafYF4S9RT"
  ],
  [
    "_textureSetter"
  ],
  [
    "cc.SpriteFrame"
  ],
  0,
  [
    [
      [
        {
          "name": "ib_mw_vfx_a_add_21",
          "rect": [
            1,
            640,
            410,
            203
          ],
          "offset": [
            -11,
            -6
          ],
          "originalSize": [
            438,
            279
          ],
          "rotated": 1,
          "capInsets": [
            0,
            0,
            0,
            0
          ]
        }
      ],
      [
        0
      ],
      0,
      [
        0
      ],
      [
        0
      ],
      [
        0
      ]
    ],
    [
      [
        {
          "name": "ib_mw_vfx_a_add_20",
          "rect": [
            1,
            222,
            416,
            213
          ],
          "offset": [
            -9,
            1
          ],
          "originalSize": [
            438,
            279
          ],
          "rotated": 1,
          "capInsets": [
            0,
            0,
            0,
            0
          ]
        }
      ],
      [
        0
      ],
      0,
      [
        0
      ],
      [
        0
      ],
      [
        0
      ]
    ],
    [
      [
        {
          "name": "ib_mw_vfx_a_add_17",
          "rect": [
            417,
            1,
            414,
            217
          ],
          "offset": [
            -10,
            -5
          ],
          "originalSize": [
            438,
            279
          ],
          "capInsets": [
            0,
            0,
            0,
            0
          ]
        }
      ],
      [
        0
      ],
      0,
      [
        0
      ],
      [
        0
      ],
      [
        0
      ]
    ],
    [
      [
        {
          "name": "ib_mw_vfx_a_add_15",
          "rect": [
            813,
            437,
            408,
            215
          ],
          "offset": [
            -10,
            -8
          ],
          "originalSize": [
            438,
            279
          ],
          "capInsets": [
            0,
            0,
            0,
            0
          ]
        }
      ],
      [
        0
      ],
      0,
      [
        0
      ],
      [
        0
      ],
      [
        0
      ]
    ],
    [
      [
        {
          "name": "ib_mw_vfx_a_add_19",
          "rect": [
            1,
            1,
            414,
            219
          ],
          "offset": [
            -9,
            -1
          ],
          "originalSize": [
            438,
            279
          ],
          "capInsets": [
            0,
            0,
            0,
            0
          ]
        }
      ],
      [
        0
      ],
      0,
      [
        0
      ],
      [
        0
      ],
      [
        0
      ]
    ],
    [
      [
        {
          "name": "ib_mw_vfx_a_add_18",
          "rect": [
            833,
            1,
            414,
            217
          ],
          "offset": [
            -9,
            -3
          ],
          "originalSize": [
            438,
            279
          ],
          "capInsets": [
            0,
            0,
            0,
            0
          ]
        }
      ],
      [
        0
      ],
      0,
      [
        0
      ],
      [
        0
      ],
      [
        0
      ]
    ],
    [
      [
        {
          "name": "ib_mw_vfx_a_add_16",
          "rect": [
            813,
            220,
            412,
            215
          ],
          "offset": [
            -10,
            -8
          ],
          "originalSize": [
            438,
            279
          ],
          "capInsets": [
            0,
            0,
            0,
            0
          ]
        }
      ],
      [
        0
      ],
      0,
      [
        0
      ],
      [
        0
      ],
      [
        0
      ]
    ]
  ]
]