[
  1,
  [
    "f26GVVGRlHL5ZfyUzYwAfn"
  ],
  [
    "_textureSetter"
  ],
  [
    "cc.SpriteFrame"
  ],
  0,
  [
    [
      [
        {
          "name": "ui_mtp_moon",
          "rect": [
            1261,
            1335,
            195,
            302
          ],
          "offset": [
            0,
            0
          ],
          "originalSize": [
            195,
            302
          ],
          "capInsets": [
            0,
            0,
            0,
            0
          ]
        }
      ],
      [
        0
      ],
      0,
      [
        0
      ],
      [
        0
      ],
      [
        0
      ]
    ],
    [
      [
        {
          "name": "ui_mtp_sun",
          "rect": [
            1026,
            1335,
            233,
            341
          ],
          "offset": [
            -3,
            0
          ],
          "originalSize": [
            239,
            341
          ],
          "capInsets": [
            0,
            0,
            0,
            0
          ]
        }
      ],
      [
        0
      ],
      0,
      [
        0
      ],
      [
        0
      ],
      [
        0
      ]
    ]
  ]
]