[
  1,
  [
    "23OgYPuD9O/LiuQ9TmoBIL",
    "54r5//Et5Mza9J3jYJKkgZ",
    "a8tDKc+eVAHawFgw2e8Fx+",
    "e2SAcELJJCqokCXzWIEMzx",
    "f9QosVSElPqqLd7KWds1TU",
    "f3vb79MFZMd523KX3UIW/K",
    "de2dUkx7tKxZ2sGGFGPpGL",
    "5aFwkcm+tK7Kr92+lscMhO",
    "45KTTQt5JG9I5zaiVl6Nhf",
    "a0qoKb+y1Jq4cHgfB6pa8J"
  ],
  [
    "_textureSetter",
    "mf_vfx_e_sun_add",
    "mf_vfx_b_moon_screen",
    "mf_vfx_m_add",
    "mf_vfx_l_sun_screen",
    "mf_vfx_e_moon_add",
    "mf_vfx_l_moon_screen",
    "mf_vfx_b_sun_screen",
    "mf_vfx_k_moon_add",
    "mf_vfx_k_sun_add"
  ],
  [
    "cc.SpriteFrame",
    [
      "cc.SpriteAtlas",
      [
        "_name",
        "_spriteFrames"
      ],
      2,
      11
    ]
  ],
  [
    [
      1,
      0,
      1,
      2
    ]
  ],
  [
    [
      [
        [
          0,
          "Alats46.plist",
          [
            {},
            "mf_vfx_e_sun_add",
            6,
            0,
            "mf_vfx_b_moon_screen",
            6,
            1,
            "mf_vfx_m_add",
            6,
            2,
            "mf_vfx_l_sun_screen",
            6,
            3,
            "mf_vfx_e_moon_add",
            6,
            4,
            "mf_vfx_l_moon_screen",
            6,
            5,
            "mf_vfx_b_sun_screen",
            6,
            6,
            "mf_vfx_k_moon_add",
            6,
            7,
            "mf_vfx_k_sun_add",
            6,
            8
          ]
        ]
      ],
      0,
      0,
      [
        0,
        0,
        0,
        0,
        0,
        0,
        0,
        0,
        0
      ],
      [
        1,
        2,
        3,
        4,
        5,
        6,
        7,
        8,
        9
      ],
      [
        1,
        2,
        3,
        4,
        5,
        6,
        7,
        8,
        9
      ]
    ],
    [
      [
        {
          "name": "mf_vfx_l_moon_screen",
          "rect": [
            1340,
            1,
            188,
            195
          ],
          "offset": [
            0,
            0
          ],
          "originalSize": [
            188,
            195
          ],
          "capInsets": [
            0,
            0,
            0,
            0
          ]
        }
      ],
      [
        0
      ],
      0,
      [
        0
      ],
      [
        0
      ],
      [
        0
      ]
    ],
    [
      [
        {
          "name": "mf_vfx_m_add",
          "rect": [
            512,
            1,
            358,
            359
          ],
          "offset": [
            0,
            0
          ],
          "originalSize": [
            358,
            359
          ],
          "capInsets": [
            0,
            0,
            0,
            0
          ]
        }
      ],
      [
        0
      ],
      0,
      [
        0
      ],
      [
        0
      ],
      [
        0
      ]
    ],
    [
      [
        {
          "name": "mf_vfx_l_sun_screen",
          "rect": [
            1340,
            198,
            187,
            195
          ],
          "offset": [
            0,
            0
          ],
          "originalSize": [
            187,
            195
          ],
          "capInsets": [
            0,
            0,
            0,
            0
          ]
        }
      ],
      [
        0
      ],
      0,
      [
        0
      ],
      [
        0
      ],
      [
        0
      ]
    ]
  ]
]