[
  1,
  [
    "89K2dDWG9N/6Opv6osKaWd",
    "c458yFhUZJMpOCk8ZcJQ15",
    "b286LiB29MtYL3J/V5JcrY",
    "95UXw0H8NCBpHI4wwWXbD7",
    "0eiLLT5UtGPJ+2Nau9lj5u",
    "c7Qrde081BDpHNSTydBP8X",
    "91UR2+RBRL0rx/8BkR54pJ",
    "d5ClSBUtpGTpNlZUqGYljb",
    "46JsnqXEdEIaqhzUWyEcHZ",
    "e8LDAS62hLV4bYPUHRyRKF",
    "1bK3swIzNHnYN5J03HFqcS",
    "baqAb+WslLY70bc8enPZvC",
    "903z+/41lJLZZecvck0Kec",
    "10VuIEcSFG+J4Ioh4Lazeo",
    "0305/fe5ZE55sCmKywg2fX",
    "10uXR2d3dLzZfSC+Yolq+O",
    "9fdAkaXZdJv5sAwHvKrWWk",
    "3bnjhz7bJGP5e6+XuT2qd6",
    "6fiS43kzFHb7gj2aw4Co4T",
    "36JLltANFBOo7pMYLMSaKu",
    "10+lhq+PBG64nc5XtaZ+eV",
    "70eEHcbENFQ5/dHveOVMAn"
  ],
  [
    "_textureSetter",
    "avatar_dc_eye",
    "fyt_lily_05_compressed",
    "fyt_cloud_04",
    "fyt_lily_02_compressed",
    "fyt_lily_01_compressed",
    "fyt_peach_flower_02_compressed",
    "avatar_lb_eye",
    "avatar_dz_eye",
    "avatar_dz",
    "fyt_tingzi",
    "fyt_lily_03_compressed",
    "fyt_cloud_02",
    "avatar_subtitle_bg",
    "fyt_cloud_03",
    "peach_flower01",
    "fyt_lily_04_compressed",
    "fyt_cloud_01",
    "avatar_dc",
    "fyt_xiang_lu",
    "avatar_lb",
    "fyt_bridge_compressed"
  ],
  [
    "cc.SpriteFrame",
    [
      "cc.SpriteAtlas",
      [
        "_name",
        "_spriteFrames"
      ],
      2,
      11
    ]
  ],
  [
    [
      1,
      0,
      1,
      2
    ]
  ],
  [
    [
      [
        {
          "name": "avatar_subtitle_bg",
          "rect": [
            219,
            1607,
            8,
            346
          ],
          "offset": [
            0,
            0
          ],
          "originalSize": [
            8,
            346
          ],
          "rotated": 1,
          "capInsets": [
            0,
            0,
            0,
            0
          ]
        }
      ],
      [
        0
      ],
      0,
      [
        0
      ],
      [
        0
      ],
      [
        0
      ]
    ],
    [
      [
        {
          "name": "avatar_lb",
          "rect": [
            640,
            1,
            865,
            689
          ],
          "offset": [
            0,
            0
          ],
          "originalSize": [
            865,
            689
          ],
          "rotated": 1,
          "capInsets": [
            0,
            0,
            0,
            0
          ]
        }
      ],
      [
        0
      ],
      0,
      [
        0
      ],
      [
        0
      ],
      [
        0
      ]
    ],
    [
      [
        {
          "name": "avatar_dz_eye",
          "rect": [
            950,
            868,
            103,
            25
          ],
          "offset": [
            0,
            0
          ],
          "originalSize": [
            103,
            25
          ],
          "capInsets": [
            0,
            0,
            0,
            0
          ]
        }
      ],
      [
        0
      ],
      0,
      [
        0
      ],
      [
        0
      ],
      [
        0
      ]
    ],
    [
      [
        [
          0,
          "Alats6.plist",
          [
            {},
            "avatar_dc_eye",
            6,
            0,
            "fyt_lily_05_compressed",
            6,
            1,
            "fyt_cloud_04",
            6,
            2,
            "fyt_lily_02_compressed",
            6,
            3,
            "fyt_lily_01_compressed",
            6,
            4,
            "fyt_peach_flower_02_compressed",
            6,
            5,
            "avatar_lb_eye",
            6,
            6,
            "avatar_dz_eye",
            6,
            7,
            "avatar_dz",
            6,
            8,
            "fyt_tingzi",
            6,
            9,
            "fyt_lily_03_compressed",
            6,
            10,
            "fyt_cloud_02",
            6,
            11,
            "avatar_subtitle_bg",
            6,
            12,
            "fyt_cloud_03",
            6,
            13,
            "peach_flower01",
            6,
            14,
            "fyt_lily_04_compressed",
            6,
            15,
            "fyt_cloud_01",
            6,
            16,
            "avatar_dc",
            6,
            17,
            "fyt_xiang_lu",
            6,
            18,
            "avatar_lb",
            6,
            19,
            "fyt_bridge_compressed",
            6,
            20
          ]
        ]
      ],
      0,
      0,
      [
        0,
        0,
        0,
        0,
        0,
        0,
        0,
        0,
        0,
        0,
        0,
        0,
        0,
        0,
        0,
        0,
        0,
        0,
        0,
        0,
        0
      ],
      [
        1,
        2,
        3,
        4,
        5,
        6,
        7,
        8,
        9,
        10,
        11,
        12,
        13,
        14,
        15,
        16,
        17,
        18,
        19,
        20,
        21
      ],
      [
        1,
        2,
        3,
        4,
        5,
        6,
        7,
        8,
        9,
        10,
        11,
        12,
        13,
        14,
        15,
        16,
        17,
        18,
        19,
        20,
        21
      ]
    ],
    [
      [
        {
          "name": "avatar_dc",
          "rect": [
            219,
            943,
            710,
            662
          ],
          "offset": [
            -1,
            0
          ],
          "originalSize": [
            712,
            662
          ],
          "capInsets": [
            0,
            0,
            0,
            0
          ]
        }
      ],
      [
        0
      ],
      0,
      [
        0
      ],
      [
        0
      ],
      [
        0
      ]
    ],
    [
      [
        {
          "name": "fyt_lily_04_compressed",
          "rect": [
            931,
            1525,
            88,
            90
          ],
          "offset": [
            0,
            0
          ],
          "originalSize": [
            88,
            90
          ],
          "capInsets": [
            0,
            0,
            0,
            0
          ]
        }
      ],
      [
        0
      ],
      0,
      [
        0
      ],
      [
        0
      ],
      [
        0
      ]
    ],
    [
      [
        {
          "name": "fyt_lily_05_compressed",
          "rect": [
            935,
            868,
            48,
            13
          ],
          "offset": [
            0,
            0
          ],
          "originalSize": [
            48,
            13
          ],
          "rotated": 1,
          "capInsets": [
            0,
            0,
            0,
            0
          ]
        }
      ],
      [
        0
      ],
      0,
      [
        0
      ],
      [
        0
      ],
      [
        0
      ]
    ],
    [
      [
        {
          "name": "fyt_lily_03_compressed",
          "rect": [
            640,
            868,
            160,
            72
          ],
          "offset": [
            0,
            0
          ],
          "originalSize": [
            160,
            72
          ],
          "capInsets": [
            0,
            0,
            0,
            0
          ]
        }
      ],
      [
        0
      ],
      0,
      [
        0
      ],
      [
        0
      ],
      [
        0
      ]
    ],
    [
      [
        {
          "name": "avatar_dc_eye",
          "rect": [
            1021,
            1525,
            160,
            74
          ],
          "offset": [
            0,
            0
          ],
          "originalSize": [
            160,
            74
          ],
          "capInsets": [
            0,
            0,
            0,
            0
          ]
        }
      ],
      [
        0
      ],
      0,
      [
        0
      ],
      [
        0
      ],
      [
        0
      ]
    ],
    [
      [
        {
          "name": "avatar_lb_eye",
          "rect": [
            802,
            868,
            131,
            59
          ],
          "offset": [
            0,
            0
          ],
          "originalSize": [
            131,
            59
          ],
          "capInsets": [
            0,
            0,
            0,
            0
          ]
        }
      ],
      [
        0
      ],
      0,
      [
        0
      ],
      [
        0
      ],
      [
        0
      ]
    ],
    [
      [
        {
          "name": "avatar_dz",
          "rect": [
            1,
            1,
            940,
            637
          ],
          "offset": [
            0,
            0
          ],
          "originalSize": [
            940,
            637
          ],
          "rotated": 1,
          "capInsets": [
            0,
            0,
            0,
            0
          ]
        }
      ],
      [
        0
      ],
      0,
      [
        0
      ],
      [
        0
      ],
      [
        0
      ]
    ]
  ]
]