[1,["91ndkfXwFCsbk6SHvHGzo6"],["_textureSetter"],["cc.SpriteFrame"],0,[[[{"name":"mw_g","rect":[1085,918,160,191],"offset":[0,0],"originalSize":[160,191],"capInsets":[0,0,0,0]}],[0],0,[0],[0],[0]],[[{"name":"smw_c","rect":[1117,1111,540,586],"offset":[0,0],"originalSize":[540,586],"capInsets":[0,0,0,0]}],[0],0,[0],[0],[0]],[[{"name":"smw_f_screen","rect":[1085,1,540,915],"offset":[0,0],"originalSize":[540,915],"capInsets":[0,0,0,0]}],[0],0,[0],[0],[0]],[[{"name":"smw_g","rect":[1,1173,574,530],"offset":[0,0],"originalSize":[574,530],"capInsets":[0,0,0,0]}],[0],0,[0],[0],[0]],[[{"name":"smw_a","rect":[577,1173,538,487],"offset":[0,0],"originalSize":[538,487],"capInsets":[0,0,0,0]}],[0],0,[0],[0],[0]],[[{"name":"smw_d_02","rect":[543,1,540,1170],"offset":[0,0],"originalSize":[540,1170],"capInsets":[0,0,0,0]}],[0],0,[0],[0],[0]],[[{"name":"smw_e","rect":[1627,1,507,370],"offset":[0,0],"originalSize":[507,370],"rotated":1,"capInsets":[0,0,0,0]}],[0],0,[0],[0],[0]],[[{"name":"smw_d_01","rect":[1,1,540,1170],"offset":[0,0],"originalSize":[540,1170],"capInsets":[0,0,0,0]}],[0],0,[0],[0],[0]],[[{"name":"smw_b","rect":[1627,510,393,353],"offset":[0,0],"originalSize":[393,353],"rotated":1,"capInsets":[0,0,0,0]}],[0],0,[0],[0],[0]],[[{"name":"smw_b_02","rect":[1659,905,267,316],"offset":[0,0],"originalSize":[267,316],"rotated":1,"capInsets":[0,0,0,0]}],[0],0,[0],[0],[0]]]]