[1,["facfIYfbNAIaqBF/P4LOWf"],["_textureSetter"],["cc.SpriteFrame"],0,[[[{"name":"ps_particle_16","rect":[1,340,318,339],"offset":[0,0],"originalSize":[318,339],"capInsets":[0,0,0,0]}],[0],0,[0],[0],[0]],[[{"name":"ps_particle_14","rect":[323,1,312,321],"offset":[0,0],"originalSize":[312,321],"capInsets":[0,0,0,0]}],[0],0,[0],[0],[0]],[[{"name":"ps_particle_04","rect":[1041,622,228,227],"offset":[0,0],"originalSize":[228,227],"rotated":1,"capInsets":[0,0,0,0]}],[0],0,[0],[0],[0]],[[{"name":"ps_particle_10","rect":[1260,307,298,311],"offset":[0,0],"originalSize":[298,311],"capInsets":[0,0,0,0]}],[0],0,[0],[0],[0]],[[{"name":"ps_particle_08","rect":[1560,302,274,295],"offset":[0,0],"originalSize":[274,295],"capInsets":[0,0,0,0]}],[0],0,[0],[0],[0]],[[{"name":"ps_particle_12","rect":[954,1,304,323],"offset":[0,0],"originalSize":[304,323],"rotated":1,"capInsets":[0,0,0,0]}],[0],0,[0],[0],[0]],[[{"name":"ps_particle_13","rect":[642,319,312,317],"offset":[0,0],"originalSize":[312,317],"capInsets":[0,0,0,0]}],[0],0,[0],[0],[0]],[[{"name":"ps_particle_07","rect":[1567,1,268,281],"offset":[0,0],"originalSize":[268,281],"capInsets":[0,0,0,0]}],[0],0,[0],[0],[0]],[[{"name":"ps_particle_06","rect":[1560,599,254,265],"offset":[0,0],"originalSize":[254,265],"rotated":1,"capInsets":[0,0,0,0]}],[0],0,[0],[0],[0]],[[{"name":"ps_particle_11","rect":[956,307,302,313],"offset":[0,0],"originalSize":[302,313],"capInsets":[0,0,0,0]}],[0],0,[0],[0],[0]],[[{"name":"ps_particle_09","rect":[1279,1,286,299],"offset":[0,0],"originalSize":[286,299],"capInsets":[0,0,0,0]}],[0],0,[0],[0],[0]],[[{"name":"ps_particle_01","rect":[1,681,164,147],"offset":[0,0],"originalSize":[164,147],"rotated":1,"capInsets":[0,0,0,0]}],[0],0,[0],[0],[0]],[[{"name":"ps_particle_05","rect":[1270,620,236,251],"offset":[0,0],"originalSize":[236,251],"rotated":1,"capInsets":[0,0,0,0]}],[0],0,[0],[0],[0]],[[{"name":"ps_particle_18","rect":[1,1,320,337],"offset":[0,0],"originalSize":[320,337],"capInsets":[0,0,0,0]}],[0],0,[0],[0],[0]],[[{"name":"ps_particle_17","rect":[321,340,334,319],"offset":[0,0],"originalSize":[334,319],"rotated":1,"capInsets":[0,0,0,0]}],[0],0,[0],[0],[0]],[[{"name":"ps_particle_00","rect":[848,638,194,191],"offset":[0,0],"originalSize":[194,191],"rotated":1,"capInsets":[0,0,0,0]}],[0],0,[0],[0],[0]],[[{"name":"ps_particle_15","rect":[637,1,316,315],"offset":[0,0],"originalSize":[316,315],"rotated":1,"capInsets":[0,0,0,0]}],[0],0,[0],[0],[0]],[[{"name":"ps_particle_03","rect":[642,638,204,207],"offset":[0,0],"originalSize":[204,207],"capInsets":[0,0,0,0]}],[0],0,[0],[0],[0]],[[{"name":"ps_particle_02","rect":[321,676,184,181],"offset":[0,0],"originalSize":[184,181],"capInsets":[0,0,0,0]}],[0],0,[0],[0],[0]]]]