[1,["d19rucmllPsq2nVm37+sH1","2amT9BvBtBT58on7BK9zcB","658hqGICFLa578Sw0J3mzS","15hyv/2ppEOLcdIXS7xpGh","57nuatLntEgJ957sO8pb9p","e8h0yWsbtCPaNvrKDgIJMT","31ASKRgVZBeYiX+C9puW3H","c1rfLyoI9JuLVh+9Zl7X/H","8e7FInBWNF440fHmlBn26z","97C1XCbx9Ez7pWcZNwpdKT","fcOsqbTOJKboUrq6EQYhoc"],["_textureSetter","0_brown","1_brown","2_brown","3_brown","4_brown","5_brown","6_brown","7_brown","8_brown","9_brown"],["cc.SpriteFrame",["cc.SpriteAtlas",["_name","_spriteFrames"],2,11]],[[1,0,1,2]],[[[{"name":"2_brown","rect":[34,1,29,39],"offset":[0,0],"originalSize":[29,39],"capInsets":[0,0,0,0]}],[0],0,[0],[0],[0]],[[{"name":"0_brown","rect":[1,1,31,39],"offset":[0,0],"originalSize":[31,39],"capInsets":[0,0,0,0]}],[0],0,[0],[0],[0]],[[{"name":"5_brown","rect":[42,83,26,39],"offset":[0,0],"originalSize":[26,39],"rotated":1,"capInsets":[0,0,0,0]}],[0],0,[0],[0],[0]],[[[0,"Bmf_brown.plist",[{},"0_brown",6,0,"1_brown",6,1,"2_brown",6,2,"3_brown",6,3,"4_brown",6,4,"5_brown",6,5,"6_brown",6,6,"7_brown",6,7,"8_brown",6,8,"9_brown",6,9]]],0,0,[0,0,0,0,0,0,0,0,0,0],[1,2,3,4,5,6,7,8,9,10],[1,2,3,4,5,6,7,8,9,10]],[[{"name":"3_brown","rect":[1,83,26,39],"offset":[0,0],"originalSize":[26,39],"rotated":1,"capInsets":[0,0,0,0]}],[0],0,[0],[0],[0]],[[{"name":"1_brown","rect":[95,42,19,39],"offset":[0,0],"originalSize":[19,39],"capInsets":[0,0,0,0]}],[0],0,[0],[0],[0]],[[{"name":"7_brown","rect":[95,1,26,39],"offset":[0,0],"originalSize":[26,39],"capInsets":[0,0,0,0]}],[0],0,[0],[0],[0]],[[{"name":"8_brown","rect":[65,42,28,39],"offset":[0,0],"originalSize":[28,39],"capInsets":[0,0,0,0]}],[0],0,[0],[0],[0]],[[{"name":"6_brown","rect":[65,1,28,39],"offset":[0,0],"originalSize":[28,39],"capInsets":[0,0,0,0]}],[0],0,[0],[0],[0]],[[{"name":"4_brown","rect":[1,42,31,39],"offset":[0,0],"originalSize":[31,39],"capInsets":[0,0,0,0]}],[0],0,[0],[0],[0]],[[{"name":"9_brown","rect":[34,42,29,39],"offset":[0,0],"originalSize":[29,39],"capInsets":[0,0,0,0]}],[0],0,[0],[0],[0]]]]