[1,["f8L5USgY1EVKHycyj4Xozq"],0,[["sp.SkeletonData",["_name","_atlasText","textureNames","_skeletonJson","textures"],-1,3]],[[0,0,1,2,3,4,5]],[[0,"BG_Banner","\nBG_Banner.png\nsize: 1024,512\nformat: RGBA8888\nfilter: Linear,Linear\nrepeat: none\nbanner\n  rotate: false\n  xy: 366, 301\n  size: 386, 178\n  orig: 386, 178\n  offset: 0, 0\n  index: -1\nef\n  rotate: false\n  xy: 2, 2\n  size: 362, 477\n  orig: 362, 477\n  offset: 0, 0\n  index: -1\nef_shadow\n  rotate: false\n  xy: 366, 135\n  size: 347, 164\n  orig: 347, 164\n  offset: 0, 0\n  index: -1\nshadow\n  rotate: false\n  xy: 366, 77\n  size: 477, 56\n  orig: 477, 56\n  offset: 0, 0\n  index: -1\n",["BG_Banner.png"],{"skeleton":{"hash":"ug099cdmrJNt9gyRPePFw3eNolA","spine":"3.7.94","width":724,"height":954,"images":"./images/","audio":""},"bones":[{"name":"root"},{"name":"bone_goc","parent":"root","y":-195.58},{"name":"banner","parent":"bone_goc","y":243.88},{"name":"bone","parent":"banner","y":-74.93},{"name":"banner2","parent":"banner"},{"name":"ef","parent":"banner","length":35.1,"x":-1.65,"y":-45.89},{"name":"ef_shadow","parent":"bone","length":34.54,"rotation":-90,"x":3.47,"y":-0.85}],"slots":[{"name":"ef","bone":"ef","attachment":"ef","blend":"additive"},{"name":"banner","bone":"banner","attachment":"banner"},{"name":"banner2","bone":"banner2","attachment":"banner","blend":"additive"},{"name":"shadow","bone":"bone","color":"ffffff77","attachment":"shadow","blend":"multiply"},{"name":"ef_shadow","bone":"ef_shadow","attachment":"ef_shadow","blend":"additive"}],"skins":{"default":{"banner":{"banner":{"y":-67.15,"width":386,"height":178}},"banner2":{"banner":{"y":-67.15,"width":386,"height":178}},"ef":{"ef":{"x":1.65,"y":-9.11,"scaleX":2,"scaleY":2,"width":362,"height":477}},"ef_shadow":{"ef_shadow":{"x":0.22,"y":-3.47,"scaleX":1.343,"scaleY":1.261,"rotation":90,"width":347,"height":164}},"shadow":{"shadow":{"color":"00000097","y":-0.93,"scaleX":0.7,"scaleY":0.7,"width":477,"height":56}}}},"animations":{"in":{"slots":{"banner2":{"color":[{"time":0,"color":"ffffff00","curve":"stepped"},{"time":0.3333,"color":"ffffff00"},{"time":0.6667,"color":"ffffff75"},{"time":1,"color":"ffffff00"}]},"ef":{"color":[{"time":0,"color":"ffffff00","curve":"stepped"},{"time":0.5,"color":"ffffff00"},{"time":0.7667,"color":"ffffffff"},{"time":1,"color":"ffffff00"}]},"ef_shadow":{"color":[{"time":0,"color":"ffffff00","curve":"stepped"},{"time":0.3333,"color":"ffffff00"},{"time":0.3667,"color":"ffffffff","curve":"stepped"},{"time":0.5,"color":"ffffffff"},{"time":0.6667,"color":"ffffff00"}]},"shadow":{"color":[{"time":0,"color":"ffffff00","curve":"stepped"},{"time":0.3333,"color":"ffffff00"},{"time":0.5,"color":"ffffffba"}]}},"bones":{"ef_shadow":{"scale":[{"time":0,"x":1,"y":1},{"time":0.3333,"x":1,"y":0.123},{"time":0.5,"x":1,"y":0.961},{"time":1,"x":1,"y":1}]},"bone":{"scale":[{"time":0,"x":0.072,"y":1,"curve":"stepped"},{"time":0.3333,"x":0.072,"y":1},{"time":0.5,"x":1,"y":1}]}}},"loop":{"slots":{"banner2":{"color":[{"time":0,"color":"ffffff00"},{"time":0.5,"color":"ffffff26"},{"time":1,"color":"ffffff00"}]},"ef":{"color":[{"time":0,"color":"ffffff21"},{"time":0.5,"color":"ffffff6a"},{"time":1,"color":"ffffff21"}]},"ef_shadow":{"color":[{"time":0,"color":"ffffff00"}]},"shadow":{"color":[{"time":0,"color":"ffffffba"}]}}},"out":{"slots":{"banner2":{"color":[{"time":0,"color":"ffffff00"},{"time":0.5,"color":"ffffff26"}]},"ef":{"color":[{"time":0,"color":"ffffff21"},{"time":0.5,"color":"ffffff6a"}]},"ef_shadow":{"color":[{"time":0,"color":"ffffff00"}]},"shadow":{"color":[{"time":0,"color":"ffffffba"}]}}}}},[0]]],0,0,[0],[-1],[0]]