[
  1,
  [
    "b50LHxLu5DfrpoFkMyCw5P",
    "d7azUPDKRDAZJR21zbQMB1",
    "8bPeamSftDi4Zdg2ATEDH9",
    "0cYVsKt1pBTalZ0h61o783",
    "8eWyGl8OVIjpgkMAKZIwTM",
    "135Z4n8zlA5qdIm+7bUxuw",
    "986bAKS5RONKy7jrI0AA81",
    "4crTi8F6VFULsja39NkaQQ",
    "686oCXFetFzrKlDlmXbrcf",
    "05y70LufBJz5hK3AaYgVpB",
    "edWOQ2N8dFnLYmqtAwkMUP",
    "8cMq/7DYRDz45+vX6rPOD9",
    "b5c8jrkC1LFrYvfABDaKIT",
    "e1aonvVSZK4bU7HvqG0UM+",
    "9cepOF2SRFNYQ/1eQk4Dyb"
  ],
  [
    "_textureSetter",
    "info_9",
    "info_multiply",
    "info_2",
    "info_4",
    "info_5",
    "info_percent",
    "info_8",
    "info_3",
    "info_1",
    "info_0",
    "info_7",
    "info_6",
    "info_comma",
    "info_decimal"
  ],
  [
    "cc.SpriteFrame",
    [
      "cc.SpriteAtlas",
      [
        "_name",
        "_spriteFrames"
      ],
      2,
      11
    ]
  ],
  [
    [
      1,
      0,
      1,
      2
    ]
  ],
  [
    [
      [
        {
          "name": "info_1",
          "rect": [
            315,
            1,
            23,
            43
          ],
          "offset": [
            0,
            0
          ],
          "originalSize": [
            23,
            43
          ],
          "capInsets": [
            0,
            0,
            0,
            0
          ]
        }
      ],
      [
        0
      ],
      0,
      [
        0
      ],
      [
        0
      ],
      [
        0
      ]
    ],
    [
      [
        {
          "name": "info_2",
          "rect": [
            145,
            1,
            33,
            44
          ],
          "offset": [
            0,
            0
          ],
          "originalSize": [
            33,
            44
          ],
          "capInsets": [
            0,
            0,
            0,
            0
          ]
        }
      ],
      [
        0
      ],
      0,
      [
        0
      ],
      [
        0
      ],
      [
        0
      ]
    ],
    [
      [
        {
          "name": "info_5",
          "rect": [
            180,
            1,
            31,
            44
          ],
          "offset": [
            0,
            0
          ],
          "originalSize": [
            31,
            44
          ],
          "capInsets": [
            0,
            0,
            0,
            0
          ]
        }
      ],
      [
        0
      ],
      0,
      [
        0
      ],
      [
        0
      ],
      [
        0
      ]
    ],
    [
      [
        [
          0,
          "Alats25.plist",
          [
            {},
            "info_9",
            6,
            0,
            "info_multiply",
            6,
            1,
            "info_2",
            6,
            2,
            "info_4",
            6,
            3,
            "info_5",
            6,
            4,
            "info_percent",
            6,
            5,
            "info_8",
            6,
            6,
            "info_3",
            6,
            7,
            "info_1",
            6,
            8,
            "info_0",
            6,
            9,
            "info_7",
            6,
            10,
            "info_6",
            6,
            11,
            "info_comma",
            6,
            12,
            "info_decimal",
            6,
            13
          ]
        ]
      ],
      0,
      0,
      [
        0,
        0,
        0,
        0,
        0,
        0,
        0,
        0,
        0,
        0,
        0,
        0,
        0,
        0
      ],
      [
        1,
        2,
        3,
        4,
        5,
        6,
        7,
        8,
        9,
        10,
        11,
        12,
        13,
        14
      ],
      [
        1,
        2,
        3,
        4,
        5,
        6,
        7,
        8,
        9,
        10,
        11,
        12,
        13,
        14
      ]
    ],
    [
      [
        {
          "name": "info_8",
          "rect": [
            213,
            1,
            31,
            44
          ],
          "offset": [
            0,
            0
          ],
          "originalSize": [
            31,
            44
          ],
          "capInsets": [
            0,
            0,
            0,
            0
          ]
        }
      ],
      [
        0
      ],
      0,
      [
        0
      ],
      [
        0
      ],
      [
        0
      ]
    ],
    [
      [
        {
          "name": "info_3",
          "rect": [
            37,
            1,
            32,
            45
          ],
          "offset": [
            0,
            0
          ],
          "originalSize": [
            32,
            45
          ],
          "capInsets": [
            0,
            0,
            0,
            0
          ]
        }
      ],
      [
        0
      ],
      0,
      [
        0
      ],
      [
        0
      ],
      [
        0
      ]
    ],
    [
      [
        {
          "name": "info_multiply",
          "rect": [
            379,
            1,
            31,
            33
          ],
          "offset": [
            0,
            0
          ],
          "originalSize": [
            31,
            33
          ],
          "capInsets": [
            0,
            0,
            0,
            0
          ]
        }
      ],
      [
        0
      ],
      0,
      [
        0
      ],
      [
        0
      ],
      [
        0
      ]
    ],
    [
      [
        {
          "name": "info_7",
          "rect": [
            283,
            1,
            30,
            43
          ],
          "offset": [
            0,
            0
          ],
          "originalSize": [
            30,
            43
          ],
          "capInsets": [
            0,
            0,
            0,
            0
          ]
        }
      ],
      [
        0
      ],
      0,
      [
        0
      ],
      [
        0
      ],
      [
        0
      ]
    ],
    [
      [
        {
          "name": "info_4",
          "rect": [
            246,
            1,
            35,
            43
          ],
          "offset": [
            0,
            0
          ],
          "originalSize": [
            35,
            43
          ],
          "capInsets": [
            0,
            0,
            0,
            0
          ]
        }
      ],
      [
        0
      ],
      0,
      [
        0
      ],
      [
        0
      ],
      [
        0
      ]
    ],
    [
      [
        {
          "name": "info_percent",
          "rect": [
            340,
            1,
            37,
            39
          ],
          "offset": [
            0,
            0
          ],
          "originalSize": [
            37,
            39
          ],
          "capInsets": [
            0,
            0,
            0,
            0
          ]
        }
      ],
      [
        0
      ],
      0,
      [
        0
      ],
      [
        0
      ],
      [
        0
      ]
    ],
    [
      [
        {
          "name": "info_decimal",
          "rect": [
            412,
            25,
            15,
            15
          ],
          "offset": [
            0,
            0
          ],
          "originalSize": [
            15,
            15
          ],
          "capInsets": [
            0,
            0,
            0,
            0
          ]
        }
      ],
      [
        0
      ],
      0,
      [
        0
      ],
      [
        0
      ],
      [
        0
      ]
    ],
    [
      [
        {
          "name": "info_6",
          "rect": [
            1,
            1,
            34,
            45
          ],
          "offset": [
            0,
            0
          ],
          "originalSize": [
            34,
            45
          ],
          "capInsets": [
            0,
            0,
            0,
            0
          ]
        }
      ],
      [
        0
      ],
      0,
      [
        0
      ],
      [
        0
      ],
      [
        0
      ]
    ],
    [
      [
        {
          "name": "info_9",
          "rect": [
            109,
            1,
            34,
            44
          ],
          "offset": [
            0,
            0
          ],
          "originalSize": [
            34,
            44
          ],
          "capInsets": [
            0,
            0,
            0,
            0
          ]
        }
      ],
      [
        0
      ],
      0,
      [
        0
      ],
      [
        0
      ],
      [
        0
      ]
    ],
    [
      [
        {
          "name": "info_comma",
          "rect": [
            412,
            1,
            16,
            22
          ],
          "offset": [
            0,
            0
          ],
          "originalSize": [
            16,
            22
          ],
          "capInsets": [
            0,
            0,
            0,
            0
          ]
        }
      ],
      [
        0
      ],
      0,
      [
        0
      ],
      [
        0
      ],
      [
        0
      ]
    ],
    [
      [
        {
          "name": "info_0",
          "rect": [
            71,
            1,
            36,
            44
          ],
          "offset": [
            0,
            0
          ],
          "originalSize": [
            36,
            44
          ],
          "capInsets": [
            0,
            0,
            0,
            0
          ]
        }
      ],
      [
        0
      ],
      0,
      [
        0
      ],
      [
        0
      ],
      [
        0
      ]
    ]
  ]
]