{"paths":{"0":["Audio/fsTrans",3],"1":["Atlas/Alats7",2],"2":["Atlas/Alats9",2],"3":["Audio/prizeTotalWin",3],"4":["Img/166272c12a",2],"5":["Img/1314709a90",2],"6":["Atlas/Alats61",2],"7":["Atlas/Alats59",2],"8":["Audio/bgm_totalwin_main",3],"9":["Atlas/Alats69",2],"10":["Img/625fe5e8f8",2],"11":["Atlas/Alats41",2],"12":["Img/ee7b8f25bb",2],"13":["Img/4ae309c52a",2],"14":["Audio/BonusMove",3],"15":["Atlas/Alats52",2],"16":["Audio/bgm_totalwin_end",3],"17":["Atlas/Alats57",2],"18":["Atlas/Alats12",2],"19":["Atlas/Alats32",2],"20":["Audio/SymCollapse",3],"21":["Partile/eff",5],"22":["Img/blurPurple",2],"23":["Atlas/Alats34",2],"24":["Atlas/Alats29",2],"25":["spine/IconNormal/symbols",2],"26":["Atlas/Alats4",2],"27":["Img/Rule/1",2],"28":["Atlas/Alats40",2],"29":["Img/1d873e39-311d-4c8e-a0ea-b37ef3c0f156",2],"30":["Img/f8c362da21",2],"31":["Atlas/Alats17",2],"32":["Audio/SymbolBonus",3],"33":["Atlas/Alats62",2],"34":["Atlas/Alats35",2],"35":["Audio/fsWonTitle",3],"36":["Img/4cbf7a99-f58b-4230-be32-cbdb54b8d79c",2],"37":["Atlas/Alats70",2],"38":["Audio/spinBtn",3],"39":["Img/d3004b23af",2],"40":["Atlas/Alats44",2],"41":["Img/600301aa-3357-4a10-b086-84f011fa32ba",2],"42":["Atlas/Alats18",2],"43":["spine/IconNormal/h_tools_atlas_symbols",8],"44":["Img/4328ebc75d",2],"45":["Audio/BonusJump",3],"46":["Img/466b5f7a-8c1b-4ca6-9084-9ef17aa8e884",2],"47":["Atlas/Alats36",2],"48":["Atlas/Alats42",2],"49":["Atlas/Alats8",2],"50":["Img/d061b36a4d",2],"51":["spine/IconNormal/l_k_atlas_symbols",8],"52":["Img/Rule/4",2],"53":["Atlas/Alats43",2],"54":["spine/Special/s_wild_a_atlas_specials",8],"55":["Atlas/Alats50",2],"56":["Audio/slider_effect",3],"57":["Atlas/Alats66",2],"58":["Atlas/Alats37",2],"59":["spine/IconNormal/l_q_atlas_symbols",8],"60":["spine/IconNormal/l_j_atlas_symbols",8],"61":["Img/0275e94c-56a7-410f-bd1a-fc7483f7d14a",2],"62":["Atlas/Alats47",2],"63":["spine/IconNormal/h_car_atlas_symbols",8],"64":["Atlas/Alats28",2],"65":["Atlas/Alats63",2],"66":["Img/0a986706-6c1a-49fe-ae3b-c3a3d1e780ea",2],"67":["Audio/SymShrink",3],"68":["Img/0965377e31",2],"69":["Img/KhungLWinLS/4ae309c52a_01",2],"70":["spine/Special/s_wild_b_atlas_specials",8],"71":["Atlas/Alats65",2],"72":["Partile/atom",2],"73":["Img/4cdbe92f1c",2],"74":["Atlas/Alats68",2],"75":["Atlas/Alats20",2],"76":["Atlas/Alats38",2],"77":["Img/c791b4af-f23b-405a-9460-32a94af2e698",2],"78":["Img/36eeb9183e",2],"79":["Img/84ff9107-8fb1-4a84-8060-22c1573d2a64",2],"80":["spine/IconNormal/h_pump_atlas_symbols",8],"81":["Atlas/Alats11",2],"82":["spine/IconNormal/h_gloves_atlas_symbols",8],"83":["Img/b9a8d293-7221-4616-a633-8c710bb1cee1",2],"84":["Atlas/Alats55",2],"85":["Img/f5606089-2a38-44bd-aa21-f78dac99cc9e",2],"86":["Img/1fac9f73eb",2],"87":["Atlas/Alats60",2],"88":["Img/c8e48e72-5566-4935-b22c-ea87154a1e24",2],"89":["Atlas/Alats2",2],"90":["Partile/bw_particle",5],"91":["Atlas/Alats30",2],"92":["Atlas/Alats26",2],"93":["Atlas/Alats51",2],"94":["Img/55526c5ded",2],"95":["Atlas/Alats6",2],"96":["Audio/symScatter",3],"97":["Atlas/Alats49",2],"98":["Img/7ba2009235",2],"99":["Audio/bgm_bigwin_end",3],"100":["Atlas/Alats10",2],"101":["Audio/bgm_fs",3],"102":["Img/7f3ad713-0510-41d5-85f4-24c914b9e679",2],"103":["Atlas/Alats19",2],"104":["Atlas/Alats39",2],"105":["Img/b43ff3c2-02bb-4874-81f7-f2dea6970f18",2],"106":["Img/47fa626178",2],"107":["Atlas/Alats22",2],"108":["Atlas/Alats15",2],"109":["Atlas/Alats3",2],"110":["Atlas/Alats16",2],"111":["Audio/bgm_bigwin_main",3],"112":["Img/c0f9d2ae2c",2],"113":["spine/Special/s_wild_c_atlas_specials",8],"114":["Img/71561142-4c83-4933-afca-cb7a17f67053",2],"115":["Atlas/Alats48",2],"116":["spine/Special/specials",2],"117":["Img/ea3996a3-5b14-4349-917b-da719af51d4c",2],"118":["Img/e851e89b-faa2-4484-bea6-5c01dd9f06e2",2],"119":["Atlas/Alats54",2],"120":["Atlas/Alats31",2],"121":["Audio/spinActiveLoop",3],"122":["Img/d0a82d39-bede-46c4-b698-c81ff0dedfff",2],"123":["Audio/prizeInfobarTotalwinMedMain",3],"124":["Img/Rule/5",2],"125":["Atlas/Alats53",2],"126":["Atlas/Alats5",2],"127":["Audio/prizeInfobarTotalwinMedEnd",3],"128":["Atlas/Alats14",2],"129":["Atlas/Alats24",2],"130":["Atlas/Alats56",2],"131":["Audio/prizeSmallwin",3],"132":["Audio/spinStop",3],"133":["Audio/wallet_counting_above",3],"134":["Atlas/Alats33",2],"135":["Atlas/Alats64",2],"136":["Atlas/Alats25",2],"137":["Audio/bgm_mg",3],"138":["Audio/fastspinStart",3],"139":["Img/Rule/2",2],"140":["Atlas/Alats27",2],"141":["Audio/multiCombine",3],"142":["Audio/list_item_click",3],"143":["spine/IconNormal/h_wheel_atlas_symbols",8],"144":["Audio/menu_icon_press",3],"145":["Audio/PrizeInfoSmallWin",3],"146":["spine/Special/s_scatter_atlas_specials",8],"147":["Atlas/Alats13",2],"148":["spine/IconNormal/l_a_atlas_symbols",8],"149":["Img/Rule/3",2],"150":["Atlas/Alats58",2],"151":["Audio/prizeTotalWinBonus",3],"152":["Img/KhungLWinLS/4ae309c52a_12",2],"153":["Atlas/Alats21",2],"154":["Img/1cc6aeb4ca",2],"155":["Atlas/Alats67",2],"156":["spine/IconNormal/l_10_atlas_symbols",8],"157":["Audio/heartbeatSlowdrop",3],"158":["Atlas/Alats45",2],"159":["Img/KhungLWinLS/4ae309c52a_26",2],"160":["Audio/fastspinEnd",3],"161":["Audio/heartbeat",3],"162":["Img/f4204293-f2f1-4b25-81eb-0a6cb2847564",2],"163":["Atlas/Alats46",2],"164":["Atlas/Alats1",2],"165":["Atlas/Alats23",2],"166":["Img/e2073841e4",2],"167":["Atlas/Alats29",1],"168":["Animation/MegaWin/MegaWinStart",0],"169":["Atlas/Alats43",1],"170":["Animation/BigWin/LightFlash",0],"171":["Img/ea3996a3-5b14-4349-917b-da719af51d4c",4,1],"172":["Prefabs/EffectBgMulti3",6],"173":["Atlas/Alats39",1],"174":["Atlas/Alats50",1],"175":["Atlas/Alats26",1],"176":["Atlas/Alats14",1],"177":["Img/1d873e39-311d-4c8e-a0ea-b37ef3c0f156",4,1],"178":["Prefabs/EffRemoveItem2",6],"179":["Animation/BigWin/BigWinStart",0],"180":["Img/Rule/4",4,1],"181":["spine/IconNormal/l_j_atlas_symbols",7],"182":["Prefabs/EffectTakeTotalMulti",6],"183":["Atlas/Alats41",1],"184":["Img/0a986706-6c1a-49fe-ae3b-c3a3d1e780ea",4,1],"185":["Atlas/Alats31",1],"186":["Atlas/Alats48",1],"187":["spine/IconNormal/symbols",4,1],"188":["Atlas/Alats47",1],"189":["Atlas/Alats13",1],"190":["Img/625fe5e8f8",4,1],"191":["spine/IconNormal/h_tools_atlas_symbols",7],"192":["Atlas/Alats6",1],"193":["Animation/SuperWin/SuperWinShow",0],"194":["Atlas/Alats1",1],"195":["Prefabs/TakeSymbol2",6],"196":["Img/1fac9f73eb",4,1],"197":["Atlas/Alats30",1],"198":["Prefabs/EffectBgMulti2",6],"199":["Atlas/Alats16",1],"200":["Prefabs/EffectBgMulti1",6],"201":["Animation/MegaWin/Flag",0],"202":["Prefabs/ShowFreeSpin",6],"203":["Atlas/Alats4",1],"204":["Img/c791b4af-f23b-405a-9460-32a94af2e698",4,1],"205":["Animation/EffectMulti/EffectAddTotalMulti",0],"206":["Atlas/Alats38",1],"207":["Atlas/Alats56",1],"208":["Atlas/Alats40",1],"209":["Img/7ba2009235",4,1],"210":["Prefabs/EffRemoveItem1",6],"211":["Animation/ButtonSpin/ButtonSpinClick",0],"212":["Img/blurPurple",4,1],"213":["Prefabs/EffRemoveItem3",6],"214":["Animation/NodeAddScatter/NodeAddScatter",0],"215":["Atlas/Alats62",1],"216":["Animation/EffectBgMult/EffectBgMult2",0],"218":["spine/IconNormal/l_a_atlas_symbols",7],"219":["Animation/RemoveEffect/EffectRemoveSymbol_2",0],"220":["Animation/fs_vfx_a_screen_00",0],"221":["Atlas/Alats67",1],"222":["Atlas/Alats20",1],"223":["Prefabs/BigWin",6],"224":["Img/1314709a90",4,1],"225":["Img/f8c362da21",4,1],"226":["Img/7f3ad713-0510-41d5-85f4-24c914b9e679",4,1],"227":["Img/47fa626178",4,1],"228":["Atlas/Alats63",1],"229":["Animation/InfoBar/NormalState",0],"230":["Atlas/Alats64",1],"231":["spine/IconNormal/h_wheel_atlas_symbols",7],"232":["Animation/TakeSymbol/TakeSymbolStart_1",0],"233":["Animation/SuperWin/FlagSuperWin",0],"234":["Atlas/Alats57",1],"235":["Animation/FreeSpin/bl_vfx_b_screen",0],"236":["Atlas/Alats52",1],"237":["Atlas/Alats36",1],"238":["Prefabs/EndFreeSpinDuaXe",6],"239":["Atlas/Alats32",1],"240":["spine/IconNormal/h_car_atlas_symbols",7],"241":["Atlas/Alats24",1],"242":["Animation/FreeSpin/ButtonCollect",0],"243":["Atlas/Alats34",1],"244":["Prefabs/EffectTakeMultiISymbol2",6],"245":["Animation/NodeAddScatter/FireWork",0],"246":["Img/KhungLWinLS/4ae309c52a_26",4,1],"247":["Img/c8e48e72-5566-4935-b22c-ea87154a1e24",4,1],"248":["Atlas/Alats27",1],"249":["Img/36eeb9183e",4,1],"250":["Animation/SuperWin/SuperWinLoop",0],"251":["Prefabs/EffectTakeMultiISymbol3",6],"252":["Animation/FreeSpin/SmokeEndFree",0],"253":["Img/c0f9d2ae2c",4,1],"254":["Animation/FreeSpin/VongSangEndFree",0],"255":["Atlas/Alats9",1],"256":["Img/ee7b8f25bb",4,1],"257":["Img/4cdbe92f1c",4,1],"259":["Img/b43ff3c2-02bb-4874-81f7-f2dea6970f18",4,1],"260":["Atlas/Alats66",1],"261":["Img/f4204293-f2f1-4b25-81eb-0a6cb2847564",4,1],"262":["Img/Rule/5",4,1],"263":["Prefabs/TakeSymbol3",6],"264":["Atlas/Alats49",1],"265":["Animation/TakeSymbol/TakeSymbolStart_2",0],"266":["Atlas/Alats61",1],"267":["Animation/InfoBar/NormalWin",0],"268":["Atlas/Alats7",1],"269":["Animation/TakeSymbol/TakeSymbolStart_3",0],"270":["Animation/EffectMulti/EffectTakeTotalMulti",0],"271":["Animation/ButtonSpin/ButtonSpinNormal",0],"272":["spine/IconNormal/h_gloves_atlas_symbols",7],"273":["Animation/RemoveEffect/EffectRemoveSymbol_3",0],"274":["Atlas/Alats35",1],"275":["Img/b9a8d293-7221-4616-a633-8c710bb1cee1",4,1],"276":["Animation/MegaWin/FlashLight",0],"277":["Img/d3004b23af",4,1],"278":["Prefabs/NodeAddScatter",6],"279":["spine/Special/s_wild_b_atlas_specials",7],"280":["Animation/RemoveEffect/EffectRemoveSymbol_1",0],"281":["Img/Rule/2",4,1],"282":["Animation/BigWin/Flag",0],"283":["Animation/EffectBgMult/EffectBgMult1",0],"284":["Img/84ff9107-8fb1-4a84-8060-22c1573d2a64",4,1],"285":["Animation/SuperWin/FlashSuperWin",0],"286":["Prefabs/ItemSymbol",6],"287":["Atlas/Alats15",1],"288":["Animation/FreeSpin/bl_vfx_b_screen_1",0],"289":["Atlas/Alats68",1],"290":["Img/4ae309c52a",4,1],"291":["Prefabs/CachChoi",6],"292":["Img/e851e89b-faa2-4484-bea6-5c01dd9f06e2",4,1],"293":["Atlas/Alats25",1],"294":["spine/Special/s_wild_c_atlas_specials",7],"295":["Img/KhungLWinLS/4ae309c52a_01",4,1],"296":["Animation/SuperWin/bw_vfx_a_screen_02",0],"297":["Animation/InfoBar/BigWin",0],"298":["Img/f5606089-2a38-44bd-aa21-f78dac99cc9e",4,1],"299":["Img/166272c12a",4,1],"300":["Atlas/Alats45",1],"301":["Atlas/Alats33",1],"302":["Img/0965377e31",4,1],"303":["Prefabs/NearFS",6],"304":["Animation/SuperWin/Lighting",0],"305":["Atlas/Alats51",1],"307":["spine/Special/specials",4,1],"308":["Animation/MultiSymbolScale",0],"309":["Partile/atom",4,1],"310":["Img/600301aa-3357-4a10-b086-84f011fa32ba",4,1],"311":["Atlas/Alats22",1],"312":["Atlas/Alats58",1],"313":["Atlas/Alats5",1],"314":["Img/1cc6aeb4ca",4,1],"315":["Animation/FreeSpin/bl_button_screen",0],"316":["spine/IconNormal/h_pump_atlas_symbols",7],"317":["Img/d061b36a4d",4,1],"318":["Img/KhungLWinLS/4ae309c52a_12",4,1],"319":["Atlas/Alats54",1],"320":["Prefabs/NearFSItem",6],"321":["spine/Special/s_wild_a_atlas_specials",7],"322":["Atlas/Alats12",1],"323":["Atlas/Alats44",1],"324":["Img/Rule/1",4,1],"325":["Atlas/Alats60",1],"326":["Animation/FreeSpin/ShowFreeSpin",0],"327":["Prefabs/LichSu",6],"329":["Atlas/Alats18",1],"330":["Atlas/Alats10",1],"331":["Img/55526c5ded",4,1],"332":["Prefabs/EffectTakeMultiISymbol1",6],"333":["Atlas/Alats3",1],"334":["Atlas/Alats59",1],"335":["Img/4cbf7a99-f58b-4230-be32-cbdb54b8d79c",4,1],"336":["Img/4328ebc75d",4,1],"337":["Img/466b5f7a-8c1b-4ca6-9084-9ef17aa8e884",4,1],"338":["Atlas/Alats19",1],"339":["Atlas/Alats46",1],"340":["spine/IconNormal/l_10_atlas_symbols",7],"341":["Atlas/Alats53",1],"342":["Img/0275e94c-56a7-410f-bd1a-fc7483f7d14a",4,1],"343":["spine/Special/s_scatter_atlas_specials",7],"344":["Atlas/Alats70",1],"345":["Atlas/Alats23",1],"346":["Img/e2073841e4",4,1],"347":["Atlas/Alats37",1],"348":["Atlas/Alats65",1],"349":["Atlas/Alats11",1],"350":["Atlas/Alats55",1],"351":["Atlas/Alats17",1],"352":["Animation/FreeSpin/EndFreeSpin",0],"353":["Animation/BigWin/BigWinLoop",0],"354":["spine/IconNormal/l_k_atlas_symbols",7],"355":["Prefabs/TakeSymbol1",6],"356":["Atlas/Alats21",1],"357":["Atlas/Alats8",1],"358":["Img/Rule/3",4,1],"359":["Img/d0a82d39-bede-46c4-b698-c81ff0dedfff",4,1],"360":["Img/71561142-4c83-4933-afca-cb7a17f67053",4,1],"362":["Atlas/Alats42",1],"363":["Animation/MegaWin/MegaWinLoop",0],"364":["Animation/EffectBgMult/EffectBgMult3",0],"365":["spine/IconNormal/l_q_atlas_symbols",7],"366":["Animation/MegaWin/mw_g",0],"367":["Atlas/Alats28",1],"368":["Atlas/Alats69",1],"369":["Atlas/Alats2",1]},"types":["cc.AnimationClip","cc.SpriteAtlas","cc.Texture2D","cc.AudioClip","cc.SpriteFrame","cc.ParticleAsset","cc.Prefab","sp.SkeletonData","cc.Asset"],"uuids":["01rCk6ok5PUo/gfMw60SAv","02B7ANrf5PrKBS6EpyQ2b4","02e1KsCvhPCaIo9Gz5x7xm","03gzEGYghHsJWrpEwBEs8i","03hpUrXkpGV4OKJ+m8DHIR","04A845gq5Kd5Ho+bhVDU1F","05gDyhBtBGyK6YmTodtHPw","06q0vzfmZLL55zNIQpoOJG","09seou2MlAq5pfU48pZHPa","0aVpE380VCa66NNUqSaqXb","10wRU/shBHbqOa6G5Hj+Q8","12LzjHu2BDV4buNyo9QEFm","13+rgcUONOm4g2CUeHZ/Co","1526Vo/exMCYvWqlr9P6VW","196iTvya9I96NY2T7CM2VL","197cyYyDpDEKmq8CBPz17G","1b6yy7OzBCJaRWvNzR576q","1cfxMZsnJKGJeh3HLS5Hc4","1chg9XCAZDK6HmItw3yJTX","1eKgu9K6dMH4pwQdYgfiXb","21aw52rOtDY7snn5st0Ba/","22YICsmmBHhqGyXSOgldXc","2546E8usVISLD6nex3vghi","26bkLf6dxG9JqCiRD+L4cX","26rOyUZM1AUoDBSQQjJEMa","28uSTOUMdHDIbvtYEnNoxz","2axRNfIipDAocXpb8HDcDW","2bdQ45EalLiJofmPfwaCJZ","2brVH1LBJPDIDhDNm2B71o","2ceWTTPANIB5KZ70skkfJR","2den4pdSxHfr1euSwrcCHd","30aXUiSm9LmKNe4VWZbyh6","31FJsC4FhK2IGNlsblEmqr","31RH/0YbJK752EjSEcnrb7","34N3uSq1lHsIaC/+vWDQ9a","36sQili09Mi5qYU94dbEqP","37WjVKiFtG5pCNB9xbuIgc","38VB2QI51OmpzG52zX9d1M","3860pcpMlMQo6fG0K1lWHA","39VygQJy1D5Kg7PwLem5J2","3cp/BN4SRKlbOUnGLjh8vS","3c7wySBY5KPqiZmym1QJuT","3egjbaXiFOFpJFaxZ8izTG","40+6UGw4VAnZfrtG3bBlbc","41hNXqYsVGNrW7mEG2UFMJ","43GI3cNaZAgZU70U0atCGb","43HvyOLX1LqIXSvfTcf5x3","495SgVUZ5CWpbTGfysTb6q","4eOIugbpxMPrCqjJW499j7","4fpTdjHRpILq5MbaVaFTTh","51agUBn9VAYrwk31Zl6Yg6","514CPfgt9K1b2jzAbEtlWk","52wSLseURCn4pFaYDnkBUq","53jGQoH8hJGpCI8BWTzmZG","54Qq+Rni1FV4514qOE+z8s","54fLT+fUFBQquGUAZ85Wow","55IKqHolNJX6tas0XrB/Wj","56sBXILadBX6kYoHb+Ce5c","5a8opX+jJGJLwfSvfuQF9r","5dEYgkry9FJaHqy1uQEuHM","60gSnxYJNGQLsG3RM/QfqG","62//5h5UNDqI/hSLfvt51S","64905PU9hJQJibRkCVW6z1","66qp2s+y9AYI879xhCNqzQ","6aIJS6sONAWLjN3xZGmkJa","6aQOJombBP2bfP4re7op20","6e0l3kPY1KJ6mNRabk674B","6e7IDjRN9AopcdkUSLhEPl","75MRSmFAVCbb4ssvyKmQaf","78KM7eIptB6I9SuWBwgkPc","79jU8+BNZPyp8E7sD9daCH","7bRgCJHblMQ7WiC1psIngP","7bpFJk5KJM1YG7DCNeQ8EH","7cPxsNGklOrpr3R0IzOjYo","7cV8+WgYRKSIghzTwrksRf","7dfDkRSzhO9ZERGTVpyyBc","7dvgRwFK5OPJiDG2Of1TPy","81OqZpRtVD/ZnyYEjJf05E","82YxRBUK9K7rbm9BjHgi6t","82wWIX2NZJeol4Ehnf9t4J","83lYMkavJNbIvw9icubsOp","832ckI8MRLFL7kNCrnMd8h","86xv9M03pPZ5q4YztEOUqx","885h87wR1ByIgQHVe+CYMQ","89h/1XtANAho+klZvyZ3qU","899bFzLI1Fm5qb84xk0VeN","8bhSiHXsFB+JKR90i4o6+x","8caNO0EAZLkbyxq3TSrr3y","8crHWC3NhDqqpCWkFxlJeT","8d5Or67H1Mr4yx5C2zxaV1","8ekKrxWUdJzKz5kuKn4xdq","8emviDJ/BIrYmLl4wxp2a0","8etk0Cj6tGq5T+NAuBJx01","91ndkfXwFCsbk6SHvHGzo6","93L3GkmpdBTaZpDSWkXV3c","97wuP7qZpHjYAcAun5tsyZ","99Dy4GcdNH5qytYwX9+VZT","9cglohzyhG+Jprc0ZaPS6Z","9dSmKnUBdM9pM1ifd9REDg","9fz0kpQbNJEpLNohuVIZCu","a3ImBM/RtAEYYuwsPF9Pfo","a3MJJSw7tBfbfQ84s6cavs","a3NLib4ddLfav/vvgcGPtH","a4e1ENvF1Jdrxt4VlsaVyu","a5Yfzh+cJKm6Lj1Ewy3ect","a6ZESWLftMEbNU5eN3JS2b","a9gjjSU5lIyrvCUZ88YvtL","aaTlZIUbVGFrdk5Szx0EVY","abkiC4FLRHwakyoI+G8KSy","aciBh6qP9Pyqpenf6cUFJw","adhLA1AUVLOrABmAK7jbhp","ad18CIRN1PFYz93WWMCsDv","aeO9X0tFlBPI2/JeVCZ4cL","aeg0VxKIdC1adY9Ny9tZ8q","afmvOskNJNoomuHkYaZKUK","b0sTJOM3RFNZddD5DmyYP4","b1EBhPCcFIN6pE6F9SRbu5","b1o2C0XkpMiKC3dls2rSs6","b3Jjrt4nFJVIHoEVyMjKIH","b6rH7FJoZHz7JiqJ1lJQKo","b7yyye5S1JULczsgWwdi5q","b79zPl/MRFgqpT55SCq6qf","b9CJQGCMRI8qgXrh7NfiBH","b9d9/K/QZKUJIOBHY8CFke","bdQ81WQlJKgZjhTZOVFvOR","berkdCJ6xIZLw7Z8VFGd+J","c0NiNM8YtLZrtIHc25DNRM","c2hruP3hJJVZU6aoOnLoWA","c3omg6ar5KTa6/2G1u/9ks","c33viBYl5NKK78eT5w0ZMC","c4c8oi0MRAxKisYgRaB8xK","c5VQinFURKP6M3foT398Ms","c67C57zfxDH62Z45agNrSf","c7b1jtJxpK5Lda8PTdc+Qj","c8p+r6r/ZJkYC81aBqTaMN","c83tbY40VB54lthQ7ZnPA5","cbMMaXndVB5r27UKPhKiAh","cbvVPphatFJYNi7B1W5aEX","ccYHW3HoJNEbPenQSfpUtM","ccx32u+OdH/qKYlOJiOcp8","ceU6dEEJZPVZBwMMUR5gPT","d14UF5UA1Kr4GrJ7pY+bpP","d76TKQp/pMKp6O1gD0PjWe","d8dVwlqVlDS6O0QRGoxmrj","d8hiZdd3FAhqhYysQbYxyR","dbfpw6b41HE55RfgPdLMBm","e0NlLpsWBNuq1E0KoUWeHe","e4YmXu5SRKBqfMAMFgf0Ne","e9xmiGUEhCvpg7oxMU5RTT","e94K3hospDUbS6P2i5DDLS","eaftLpa8xCsok3fWJaAq0S","ebNqZabbpMaIwZuIjydHT7","eccFby15dLiZHd0lYbciVq","eenoAdZ1FEwoHjSPDgequ8","eey+5CYmpGsLkHhSxMfYIw","efEjdjizxNYqTW9+PXPhEX","eff4caJ9lPPoerxG5gdeTg","f0+OAFqkRCPLApv3zDoh8s","f2slldTrBL8IvxkM5QqNGp","f23wtdvsRKjrcRaFXenIem","f5qsB9Fg1H14KgUdj3g58e","f7XAamzPxG24NKpSbBgQlT","f8Jhtbk7VP2oWoC+EGaEDe","faNYhF7idM9ZNq+vdRclxJ","fbpVtI1lRIa4V5wVHRyi3R","fc9P0Cck1M+qXZR7uuuaZN","ffP9cmbalDxpYV0ldQ8MhA","01Ki1LM+ZLmbWhEKk3DRzd","05/1AnzhtLSKXFtUXs7dAX","06InF89A1EE64CrIKpU97S","0ah6JDYtBD7Y8tX+pfWmU8","0asmThxaNIEaj5EWgPnL08","0bnNa5vNlF6KLTx7l3dcRx","0dReaR7rFK1KQFfeIueHlC","0d8QAZXoNFtJM6V1i96rbv","0e0v4GwfxLoKK5JxcVb6in","12uACdVcpK0Ie3HFNYSD6F","14uT1vHtZPK629ghEdUS0n","17PxBWiFNKC4+fd+icQVKM","1701XBaphDCp0dB7uXuA+B","196L2idNNC9LSILEpbPLlg","1bpbb3UjBInr02VEzGpv7v","1cvIA6FRlLV5Tv6d4jUbqz","1dxedFIK9HOojoJHZ+Obdr","1d0vdAzwdOT4gO+PHqNe9l","1d5JKz6FxNBK1/0i6zus9K","1fhjmZA+1Bzo2QMTrAdJ0G","20kZzfo0hFIKwZwTeUwRGY","22A62wOdVDEbvW/hg+6ULv","22aUXjpqFC/IoQPmsDXSnk","24Nji2Pe9Nc6qgggLHFWIk","24nEBWDXtDiJEmxpXjg2Ue","25aGuhNXBFx4uuH2yFw6dL","25bhtRxK9PEojlBmCyFUgJ","27WCPFFFpABq/SlQMWesp1","2aL2AWkXFJbJCxSC51xSgq","2aOZlQvgBP/5vqfOXqYMM9","2ajdGehFlLtpJj+OOTW/Sq","2bVa3MsIFEdZW/ITuSjDy8","2eGURxas9EZ4iHAHDf13wk","2eHMVtmUFKD7SZlCtgLkkc","31dJv/Sr5Mja5xBDkmlbwE","32OF41xrJBzpv22+iGoXD3","32URTOPGtJNbkoy5lui6kr","37yoEpahZERpO8xgc+N5PH","383BPXVCVMSIu00nXey3zI","39Tilv5UVHuIb9NqwC4maT","3aSjv6AMpHm5YdCzDUiJ7r","3bh9A+eV9FMpvpl9tDAEJH","3ftDowQ8xJXpJcUugJOf24","40XfFMrwFCdYr+tq9Ypyaf","416xK+Al1P2o8NaPH1TeVg","43b3qzShBL/IGuq4iqz2Mn","438C9+JgVISarTYyHl9KZf","46kOdiHoVAo5n+JUMM2VUT","47ohNSyWxGLIXLlpmr6Cep","47veugSe5EzYvBxyz4WO06","48FzB5HpxPi7Rjom+cygoD","48O50b6FdGpKxvbo/OOQ4s","483jDhsKtGIY3C8SzRlBc/","49tqRXsSdAGLsq3rxUrJ+A","4a0t4uWUBIUY5bN+N+4hcU","4bp/BJSgpJIoMOFmKMuP9N","4dz59tSeRN9IlATiUrQfVM","4eb17crV5LcIO8zHiEy8Ba","4fAD/eDOdCz63fL8IYcP8c","50iQ3frq9K5aMp7gBi2uUj","51+n3x3G9GbaT4svLs55bR","52AzzfnLpNALU0H5pR+dqX","52eufi0JtHYYj5lORMT5UK","54p2Hw4lBL55EA0BRrYGcz","55zH5bo2pNrJceBMBuiLl9","573Fdw38tKdrl1/fDKeNh9","573/fqr7lExJdV2tgRDiL4","58JrvaQpxC55gPyxmy0HJy","58wQgluF5NzKfQ6qKSpCgB","5897DOwtVCsb//tDb3vAbQ","5aUBuHeBVHHKXXN5U8NlpI","5aoVcFAoRPAqxsWMiYvFwp","5eUhn6pnZIqr70I8AbePWK","5fu+099yFOCpivXp6aeQi2","61z+eE5zdOALL8bhtW03fp","62E01n4y1CE4HFrDd00qC1","62gI2J3AZOKJQmrEW+gr+J","63L1rMC+VNWpIc4/oCMFyd","65yMaYU39JqrPq65irM8fd","67WIn1Iq9JlrKzCg5gNutk","695CORabdBkoKQXPi+vxrn","6bGRlhALhBhboIPH1zn06e","6cGE30NBxPzJQKFA2gMGfE","6dINOAYWtHlIhBj2yb7UX3","6es0XeNvJN8rClQmfEk7N2","6fmpKoQ/JADJ0tOznY012P","70M/TSneZHArNRpceBz4b7","72ltz4Pr5N+pjtyUAHHwNx","7298CAQdpLla2Ow1pvZAlS","76Vxi9xThFCIaAnQFM7jzp","7876yR9PlNoZcBEx/VQLcF","789FmkMPZEFoV4MPdXrgXu","7aZy86c9VHHKhWDHxXMWNd","7cFaILeopG0psqEYqe9bFJ","7dB+67QPtHFr0FXaYW1cAA","7eR1NEYQhKWaKZDMLrycdO","81Mgc8KihLFZGC7D/auam0","81+TeZVGJGd5sqN7fXOqar","84f5mUxrNEPbWGQHBD70DQ","84m3pFerVMHIeaYElmGOCK","840boUWQxJ6IiRm0aX22kE","86nqR50EZBVJ/8obu/GEBD","8694ssXRFDaqy6sMsRnIC0","87EomlK+5Jo7s0obMfuV5T","886zylkx9MYYseBccO/7pk","89ZYFYDdtAp4o9q8QLM9Vr","8a/yPMLTZJwrCtRA5QC0YT","8eQbVKUtNJtrEKW5kToRaq","8eb9lyuG9JiIa2mjNPXPr+","8fIgbOklZA+q4d+a+YHUhL","90O9MDK5NGfJBZnyuBYsrB","90XjCrqJpIfbe2g09iyaE7","91zAD6ORlE0IwDTdVyz44x","93hru1kU9MqqvvB71QM738","93mn6Wde9ITYBMtlxUIi2E","95JxoG5kxJMrk1+9ErxrQL","98wwrhxNtMzZfdgSK6Oc7i","98yeCAZm1CgpXVMbSpf8J9","9aXfaucL5J2IGlIqQ0KA2x","9bIPEItVFGA7iKXtY9UrYH","9eU0R2A8RORJuzKUqzCqGf","a07bB3fMtEc56453ojHdxI","a1mMTG0zFDRYvuVu5cdDkY","a2oRreF6hMFKjXii9R3MkT","a5dVA93CtGwrAJMNbArzZO","a6dM61U+RHp71XDtpHW8aZ","a6p5bqqcJJ9KG/fhRkrAuN","a7Y6CJ5iRI7rUQW2b+oQwR","a83hKvas5Fi5k6J3NNAkrJ","a9DxfHio5CL7LeX0CS8/74","a9Ghcn/v9KR7983vfd+zav","aaAOgw5LFAfpzjoHnaNbjK","aa3bJ6gIJFqaWylOOfsm2i","abTzNkrXdIcZpbQFcKGepM","acV5zwndJA1oscokB45qy9","acY49xCh5I64WLlPA/yvl2","adFDzCgkRI6J+Ea+SzJx3z","afL8sUAgFNsLntmuIp17ay","af45yoXaFJwqhSerLOc0OT","b2aHrECZ5APKGS/0d2hvT1","b2qrFNtCJHsJ8oz8r44oDC","b4BrpVPBNPMb98B/vN0j/o","b4ZJmqhmFK5L3qSabt2z+P","b4h2odnQlI+IYhKwTnPhz+","b7HpLsm0BCUJ7TrBovk1e4","b81bBihS5GIorauLbCkmBZ","b9vzJkHsFMSJyXhuADAWWA","b9/8L4Sa1HTbtd10DGF2Jg","bbwsAtv6dD7L3ifO8s5ka4","bc21fKgF5CpZN74+iBvBmq","bd1alkqfNISJQaYioj/JOH","bf5KfPuV9By7EyY7iA6Uw1","c1uG2vVPVDEY5fRT5/DCCW","c2nQQkrjdGsqs0vMFqYBLN","c3gYJr6U5BRJJOX2I4Ghfo","c9M6DjPwdGfIFs6wkcaj2M","c9OgLQ7epJ9LiqfxnPW+1g","c97guK9OBDe6XDHmn7yKC0","c970GNrc9MQbELxCAMEYHz","cbe8Xf9ehBWqO5gRR9PNQ+","cbtmHa8dtLar/SuR9VqRiI","d0qC05vt5GxLaYyB/w3t//","d0/yYQ8wlHtoKe5TjSQ6hf","d3kHAosUpBYpEK0E9Wdedx","d6JRRt8ENM5bwQVR4aW9x+","d6c7qmEyNFIJWFTn35f6wm","d8E8p6JmZHV7XPpdOyQ/aR","d8kWBTZX5CTprJjHUL4f0Z","d9Vw83xfNHqIhYKYjCTEs6","d95XMG/+VOpakSpQzUysbT","da+otAquxBlI/R8O0tOKvN","da//kJ4qxLIYC1SkUlbU5a","dbm3ueIsJNtb215fkUwTEe","dcReBzcfJNW4SjSbt+P1x6","ddCjnsF6JKIYmLTXu+xTXy","ddRUJBhJ5JkpzDITOKA02x","deYHbsfxdOP4hmKNjtNo4F","de0hvqnu1IspRF/MbfEAum","e0pA7YQvFF9qwSCy5DdF0r","e1hyomACZBTrW3TJM64Xym","e1jiK9nT1Nlq5tZebStY3t","e3aLHlzmJHKamPgsHStt2/","e3tg8nJE5Fi69xAxLdp0Yp","e35QBzCmdOEqXpkBIeqUeR","e4If7lr0NOtrQ549FOAzmx","e5iq8ne8xJ+oSvE/GbmKhj","e7ruybRcZGa6QjxGXgSn9u","e9ChQy9LtM95ohzWhvvvBc","e9hbESgH5IapCKDq494YOX","eagI6BC0xH9IuNrqLo5J7P","ebfDYOn0lPvpxmD5B8nU41","eev6r+CihKZJxHy2ZqkBru","f0GibpzPJJ65yNDUwvNeAL","f2I9R829ZDgomuS3b3nqdB","f2+6cAyDFJsbT3BwIjNOWK","f7nYi6xRBFXKzCiQglTuq7","f973S/PQFMjbNsReJQVKAw","faFIs4VZpIkJFmu7tvQ+oC","fcKKhT/JBGXp+x20C40g2o","fcTek5XB1BxIYcKAt4iRGU","fcroMK1w9Kerg4wspypMyZ","fegB5LVuRKT6imYpgmQCyX","fffgqqBdlFZZdsRAoq9USZ","00UPj/ZulFEawFfE4i/bot","00WqBFGilLrZmFxC65kw6e","00ndGyYLxPIa33RK6aNn/q","01WDErz5dOtoZVoRv1C4Dd","01XhzXkd5JRZMKW+hprGgd","01b1QwQflOjY34aPhr4sJ0","01mnWNveZI/rYfSF0Js4WJ","01ntm1wpRAQqO4WGdIDPkg","02XUQXDo9A5YA+aTSRaCHk","027/1C8fhP66Fx2HJuru0Q","03GUSQ1eFNnLR/vZ+bTm8K","03NFM5RDRHHoWSoZ44A9JR","034uOVnJ5OhYCo8dvuZf9v","04GIWS3T9HjpePuqmHaBJI","04QuZLTyhAyamhguplIteU","04Xb+dnFhE175gQwVkN7Jq","04hZWSSIlEWKEkVyvFxQuw","04oWwtNRlJEKGVUV+SWZp4","04zBTzdW5PAa+AloSq3DKK","05EF1QH75D7azRiC3f5uuF","05mCq5SDhJUZHmA+76WwR2","0524Rew11PbY9ThYP7drFP","06DItlYHND17iutHYJ95tf","06R02lEIFP2rM+WnVeVtdI","07A5Y/fCxH97HIOtETh0Ni","07OwyoaoBC5Iur23Ak4V3C","07T51NvhNOBoQwChMT7Nmt","07gDbD5KhIsbkExgRGmP0m","07hNVfO2FPfZbxIETcnmD4","07m656qFlH5ZOVN0B+PS32","08E4JQ4fJB5p8hTnYo2fwI","08q283mEZANajEqnxLmuAo","09k4D3wxNM05pqUvHa1sNP","09qtNXZGRJap7aQT1Bgo8h","09ymPnYkBFsJPHGWPAQxNM","098Zi+o+xEI724+zMdGmDg","0acQLRWUhJeKbXIxzaSTGl","0azxlJIopAGqkR1J98A/sY","0bxeOjOiNB54rqpFvRKkkT","0b6ovIN8xMaZit2AqE8Z2m","0cKuFm+5VGO4lTv8cspEXE","0cpU9MhSdCmox0zsX+qnyA","0c9SqPcuFFlaGbfY5/jMYa","0c9mGCMQRC0oMtzcnaHZQ/","0c+QmwNUxJpooYboaYz1Zv","0dOp+rTQZB65rls7iUO/UF","0dgnydVzhFTbgYr2Orah6j","0dj5/UlllLI7/jy0XStMWq","0d4YASaa9LppjwHPJQwMl9","0ecQ+bQatOQYAeGrrxNf6F","0en2JSFzdNBLbre9ksDTUz","0e6Ugw0y9KGY+tv98ci/l7","10e6MjQfBGBLbyjffWkvHY","10myqojEpPvoyQVW+HOOM/","10qliR1bFFuazrGrrfACQG","10wWmsfLdOtJWz4g36Sbdv","11dHONFBtIbaufrVFi5ODw","12Ic/ZEP5OVqZeh+p6KDln","12U57kYatPQo7K7vFgTM/i","12gtxjpcZHaZQ0eOUVbWVr","124kY9Y39B2reXLaLZe/dl","13aRjW5UhLuLF7vePutzrE","13f8ho/eBMSJvpogPcByek","13tJ/BzyZGeLaPFoywZzqO","132Vs64ydG4LCDsgcVyYvW","14VkuvpiFMArh9K+6Cii5P","14qF+uLx1AZLSsapSYl+A1","141mF6tqlMKpZYtqVzy0eZ","15d7EhT4dAOq4r3OdTENZ/","16iX999YhPUbTe+/JcYwHb","16lk/wyxFDJK2F97fEfCSi","16qzH56mhN5aDnGu7Vnxlc","1656TpXV9NqZ64HgD9rrkq","17Kb6MtkdHt7rQw7JZyMJs","17c+uxt5pGaIJV5VaZZkXK","17qoZ90wpAtKUGctW3HkYW","18/ANNN75G+qfBSwiH75JC","198DQpHsxNRIu1/hM739UJ","1aZGGlZCtM8aqlcztTfMD5","1ab/Boz75Anb/rp9dDWHQG","1bCFdbf8lE16KlY5DfqqQJ","1bds7D4iVFd6Vw6rilbj/O","1cOaaLbCZIu6uvcpAk/EbT","1cPtrncatHMaottYETOZVQ","1cVHDkqXRLHq8igwWIoAP9","1dHXAw35JId4xc/odh00Ar","1ddtgh1BhAo4NXrhE40rpL","1dkHr6BsdJbZVMBcBTFiGT","1eWOT1WetCvJstLwb+GNpo","1ewH/oEblKrJr+Bhk3vTOA","1exfrGPEhJiI9gSi0/rLdK","1fDc302DlPAIKnEZrkxxOq","1fEkHSnENNUKSP7tVK8XIl","1fSdbYxddCXIxdD0xultiY","1f8qpKYxNKMbzmCvCbOSMe","20AfCdYvpItb7WKeKZe9Ap","20TbwQCZdBEpWPttnfuS/X","20d68iQVVBL5s5Vi4hHxoj","20nWkGgYNNrZnyDonkvhx6","20oJx0Tb9M1bsuu9hVlXSI","21NgmKAixIn653q4zv79wG","21gV0e+g1Jv7xSJzZphqQN","21qBHcOK5DgqE/yuNbAhDb","21y1RNatZKp4dCodkkMzWK","210OM2wERDDZxqRHb2QDju","22BWlahk1DH73sHlUt4K/S","22jceTnJBNFJnicFiDuKde","221XLOHJ9EybBm8HgyYk6L","23FZsnb+dDr65W2rF4Cexl","23JlixXONAa5zoQBG73pZo","23Y0lBvBVIT6oo8f0WUaN+","2315Yt2PdBjadPKSW22yWb","24RupCEgBGFZyi6XC7biS8","24YR/A4W9B0ZD/4H6BLmSM","24tsmkxJJF1IrS4AtS+wSk","24ygFZ29RDp6lBqhZFBBDf","24y/zcVYdJU6Ad+PEt33YG","245hQMHn1CfbpdZrBCoTpN","247XoE4H1EALNoWqKgoig7","25Ac9o1qFOrLPW/EhlHs4W","25D8cft+tEn7r4hhIfl1gp","26VqybgC1Bj5S9A8LTLWzz","26dfJhjY1OHbHk2ZGIvzO1","26jL5YY3hCn67kKujrQ3WU","26niw3+6ZPbYJ0o414b0K7","26y9z2MR5OmIKwpu14stiT","269yxv1DhJL7akxy2pbC/L","27eeKMIXZPbIcY0WnWGZx2","28HMVvlF1PR7TBHcZaU4Rk","285qsHwkVD7ozQBllYEgDB","29AZfBZ8dJeLCDH+P0HkFG","29FYIk+N1GYaeWH/q1NxQO","29sg3b5BhAkZ4GNetHgXQC","299U/s/6FAq4XlTESykzPw","2aRIc6lTpGqYkf0A7Ud9U9","2aVEKy5IZCXIPFdP+OKpeN","2aiOZT7NhC/Iqg57NdZLA2","2alf0DhGdFCKHRWEb9VNLa","2ang/N/2lCy444yieaU4lD","2ano2aIntOPK6MFqImSjDr","2ao0x35lVE5Ih7sQGGywRz","2atw0SNCJImY0kZIA+SbpY","2bAAdyfwpGmbcH6jQ/R4BI","2bHHLgzItDdI8MIKHkNBuD","2bTn7/ezxKFJH6yyW1YLwO","2bgCsfpKNLkrLjSkR+FhTB","2boBJ4zfBLg6XFm1nNZS9A","2cAwMZnEtI2JxiDV+RdUEa","2cNoF25s9L/pJtM69lI57F","2cVdoREbpONpz8PVnz1NQV","2crVqmqChPo5IMSY0dxlzN","2c5TYEmHNN2okEIYL0trYf","2dC15FTMpEpa8CABU9uYoe","2dXn2uHoFOwLd1PfvcA03E","2dt4a3pPZBRrT0w4S6Y5Ri","2ecV3FEcRPKI392zB6nmSL","2ejDx92hlBCLZSmRxXB5o4","2e2+efDBRDkaMgP4xZhwsq","2fulWsYQdMBqdWzCKfAGM2","30ZsNQ+hVMrKvdRU8UoUw/","3009PpkgxC0JtFWrjI0k3z","305Z6TqQtGEbZJnxayxJa8","31O1Ti6SlBG4nuF0QAINrM","31gt1u0CRIdbwRBGVHebhr","31hIyKRDtLNoJnWdGkaxDn","32kjDndRlO26hY2q3xgVS3","33bFhD1s9PHJAtFch3TXzo","33cQSR8MhBrr1JTZCkEU1T","33hkvHPiZJtLnMq+iJAZfh","34F75WFKBOYJh/nSVBLDB0","34fI9fu4RLPairs3/UPOmy","34o4BhpEhOurbxG4SCZz3V","340ZYbO1tJmq17zy2CyhnX","35TSXwonVBdZ8JwIjikL2T","35coyD32FB24If/yGpZpZW","35nM4RuVpPxLc+iftCqLID","352/Se6yVAlbPHSAVGxhkY","36ClfbVDBJjL+almdFlDt4","36/IFNRH1CTboAZ/jAJv5r","37QRzPnsxKgrSY1XaMtFmY","37RzlnMcJBPK5WBArYk8wa","37iHMJebtGp45ahpCT5+Lg","372te4SNxDzKEbwh9ejkh7","3794dMJ1FAc7VEOdjhepar","38Q2DEdhlGCrkhqhyN2ceU","38yYYpXslBuK4MXWNSeG5b","388bno731NhL5FFnJvyK9+","397QGY2/NA5ZYCnm76LqdQ","3aDlZXC/tJ4r0FY4bXqaHx","3aGElxTElIS5xeuOb8apQh","3aUQjns59DkrPxq/rwrFI9","3ae7efMv1CLq2ilvUY/tQi","3aqAz8XsBJxqwYKM5HHDAu","3bXRIlBI1OKbrheWeRFZCX","3bf6mL5lZFEpbg/FYVFNR1","3cp7JQUkdJBaDNo1cIbbdt","3dtWrl8SNKXqzDqrTIQWgF","3d7Pn8cf5AEqr4k8z3UASE","3eW4hmaVNOOY7LaLEzTAy6","3eoK+Lrh5JUoY/A19/c7FO","3erjBaKr1AQqLvJm9pAyD5","3etJTITx9FLplli0vlxi+7","3fKwA5ljtAgLGMF0iCYegG","3fcdpO4mtJS7XJj6VwcW1k","3fzxzBgJhJto5xWV/R19dT","3f+CL19ZdDgKzXRsC/DCFw","40brCcyCJA84sLfEiGiDFL","41v+6IuEZIdosbt7yac4v6","42K19ftvZDvbe7BdsUeGdd","42kEFkMlRK4KHMD8Acjcck","42lXFd+NZPCaoMKk33+DSH","43BvtkA+dHqZ/qcDSoa8Xw","43aYSeQ3RNSaMciqpQYlJ3","43z0ySnb9CTqc5xhF8x2/8","44FPsG1ABNUKuoVc/GGl9v","44M6H4DcxD34/p761UBREt","44Yl9ei/xIlpWcsJgkkYte","44aL8rnDVOfYQodMVI0lpE","44pnJJM8pECZStGk2rpiO0","445pMQuLVOaZjEG7oZ7fNf","46KYE8DbVI57zgrdAy1iYx","46Qb/ndI9O06No9RCJwnNO","46hQNQLBZFSJSlQ2eV+Qel","47LfXTNedBhJ5sf0G+5l7j","47u/gou0RFnay93omMxffj","48MPi305ZIH5700QjaWIWD","48r2P2NNBInYL+IBkD3dNq","49A7UbIbRB2568tQVPa3LB","49Ob8rLIhIeqptc2ANVDiL","496wO2fSdKFZNsQZfYz2h0","4aIXVFh6lI8Jys7eY8ghu1","4aJ5yt46FF9pOoPkohV2b3","4aPUbe2q9O+YSPjP962rT8","4atOQp7JNB6ZQdR5sU0uV3","4a30n6n6tDJrG2WQBNnZly","4bE67GGztIFKa3Wq0xiHM4","4bXc4P6i5Gz4T5RbnIjXrD","4bwx/cVKFOkoeAv/4JJZBe","4b5fPwXyxIzpOEeqnxn6AY","4cAMPhj1RI9a7mxSr07oDI","4cNQpb6idA35YmuY8aqxtQ","4ci3U5DKZMvKkH5jMjcH8S","4cr/7jaxZLOq44QW89/xQI","4dBUCeTZdKm6gd0nMjMl9Y","4dVUuH7zxC6YeFN4d0uSd/","4dcj2ICzNMWr/s3TjKfbF0","4dobULGOBFPZbCJDlrFMM8","4eMd2WF2xCEoDdElBIiKpk","4ePPJrG1JEiK7njQjzo4RX","4eWgD2N1dOm70WVOsYKNIE","4ei/A43uRGT7uAS4NgN5xw","4e0nr7UCNEo53pQ1kRA8xp","4e86tigNBAoofmaXaakLC9","4fDbVKgxREMKzCs27yRkzf","4feISycjJFdpHEONdu5ZVM","4fhtlMIVtAcomB9HEqsSTw","4f2IDiBs5DnY38/HFWtnkB","4f4umPiz9LxLRXbMZ4kguQ","50Z5WLC39GILGo2IZqiGOt","50zkJDWkVBtJ97LmyTBRCe","51KDpqwnBCEYIzGJOrQD7m","51VbaTpJNDc7fGfgMttSVM","51bfI+FshM34Pxjyksx/qC","51wEOOTsNFkZq4yXeUDe6l","516/qqEC5I6oWLZfaOeUDS","52ab7fNudE2K8HIHsovSVB","52mNtO9LVFf4rGST0WZsgC","53BWqhstJInLwaeTwCwV7a","53JI60SBBEdYWhHgID68Px","53d153tXtEKaUTdQG1yyHK","53molU9DxK55ZaX4ytlORw","5385B0rJ9F07rYbaNqW921","54doHLqkdAQplgnqu/kFga","54ujYuMhZEE54RLV+U6XJ/","545FNNcjtJbreKIU6VSR/M","55DIHA/6lHeJk7UQQXREGd","55MtA6hbtA54dMs1SzGmbo","55Rch3U11P8rwERupDFWaG","55ikfQyOxKu7QRcruf9b7k","56Aath9ZNGkIyizse3pA4R","56IyE9joZBW5M4ecMQtKu/","56i3jr7D9NKqE93aw7zCB5","56kGBrJx1NZa4iDuOsqBdG","56p78zfRFIHaAsqfiRSKba","57EjzWF15L/IzPHIGRc60c","57HDWuk/tGCKFl/cc6JUWw","57Mfr53j9KnI2VnCfaxR5A","57YhQAviNB45NSHZ8HrTsZ","57ai5XLGNOfZRxFugz7tc2","57h0PZ4JVOPL7kDlgx50JS","57mwKHn6JLnKdAhmlCnTD2","58a+yG66xMdbAZGy5CG6N7","5aUnrerlBJ0pcLgNU6TbdN","5aecd8QXBPe7MlOfMjFPsp","5aiLPWfGtL7Y82b1Ll65Ij","5a8sECiO5J7rNuAyS0EvjV","5bWAx6TABHio6xmSI+VlpH","5ba0OEORFA3ITbut+keIvI","5b+4Fm4MpN4IWPK0tIr1nC","5cO7kybDxGj4ipyMYdRYZB","5ctMtWi+9KHamwcN8/ulp4","5dFbEL1rRO5Jl8IeAeiMlE","5dRVbYfCFO/rYGnxdMOOhz","5eemcTSwpOM4HKkz0vdl0S","5ei/jBsPJNpp/g+zu+Lb2g","5esY98/QNOs7iMh9M2LFTN","5fG2i83zlENauc2o4l+VgZ","5f357b4PFIxacxiuggmm7X","5f5dyqtRNNxaFmVzYns6FZ","60070qSOxAnKNBkyJ/HAfE","607BltTGpKxJ5cQ6sgosV0","61Acv7NdFH1JZMZmkGLSUt","61Dw1ko0FF95W9a0IMCaUV","62avyeSANGXpORdl4wDuwW","62i8C5DZtECaT4yDL7QG1p","62n+dUD4dJV4t9VBAUa3CD","63ftui+dhPOabQoZ1RWQgq","63h8qYQf5I8IMYP4RWWf6B","64pwqNuKJLv5zz2JjvX+Nx","65Kg+ItyRMNItbYaQegDnw","65WjbrZ0VHxbsAFCkGwvlG","65XqrPSZZNJJ1QTRr9eiRR","65/En5kOhC6IvNXyYtYzzN","66k88ZOY1Nn5nVWu+8T+h4","67arb8M9tO9q7D3TrfHmc4","67j1acrFlDl7BUWuFATZMn","67yCitW2dHupOsUOuILQs/","68emw3PWxHco+f119AUSug","68gmN5PW9LjZ65tbHxnjl1","68/2TfhGBOxIDU9zj8kPfz","69Fhx/CgpGLbytZKCtH+Eh","69oLXQ8OhITIhpDxr1jjDT","6aEIl0aeJMq7x/hV3J54Ce","6aLlwHSTBMpL50xaA5dOyR","6ajy44Z1JJz5SfcIzDPjPz","6av9v3pbREqKsBFseTQsLn","6aykngXQRLjIJ4qw/RHlKS","6bMZ1btzBFnqO6BJ+W9b5Z","6bQqbNW7dLd7dMjX54ZwKN","6cEBJUzOhNGLffITfNLKav","6cMbEdY7dITY7+d1kFxYj8","6cTrI3ys1OELnnuKXptORQ","6cfgJV8ItPIa03J2F0fkvy","6civMmrIdHy4LxdLzwnh1F","6dbySy8cFHK7UCqYup32TM","6dlXerCXhNnZoRpcTj6G0G","6dn3QWKZZOroLwt02QhnK1","6e2y2tx2FLuYcw7JeA/DVo","6e58yvSKFMu7ttEIohov4v","6fDb7iLCRPT7CoElT9rSyy","6fFx6NSDhD/ZWgCJ3xaxK9","6fMHnITu9FL7rllu+ShM/j","6fQQ2AOKdMPJ0vpvl70503","6fSkBvQC5Kc7v5g4jfVNrv","6fnSsqvFdEqZRv69eZVLoU","6fq4z1ffNFl5v5bcw0+jX7","70S6tov5FJu4g68io0D6Kz","70ZmExbTtCdJQa36LGyFuE","701Fh18kJKGq49B5IpDE2f","705qY/UkJJdJyQpIBoStbV","71kFqrmZhGVIoma1tUpC5m","71kHVe6GdCy4QyAczlwkp9","71nsndzMlPLaTpxC9v3mii","716c7i/YNBVaTXbSBfBXst","72M8P2z45BUYur2iZLt6D+","72QK1zAoFFo6voX2mJjWfR","72SzrvKm1M/4kwyH4dUWG8","72sNxBk/lHqK187B+FK5zc","72wea9UzlJBYdmxdbYrk4O","73CMSGJKBALo+Y8WUeQu5R","73IOig4mVF3aA+F2JmaisY","73NYs5vINHQLuQXUNBcLhT","73X99A/v1BZbUFhw2CcJhJ","737Ag6olBMProo6wLbD84l","75JIDGUDdMramUJwp/pk0I","76DosDESdBaJztWAgiwkOy","76L4PgSLJO9JTY5EdrdzX0","76OPagU/5MaLNAECajytq1","76gXl8K8lLUpQTRR2Iwcjv","76tIiL5V1Psqsj8mQB4kyq","77hvHLvvVKPojbufxslv0Y","78GMLElCFI+b6cJ8qzR52L","78IWdaoNJEZIkWeNWJ6Oja","78JiBP12pP0pkAF/5I7alr","78hYSrLkFNz55Q8nH/xLYH","79YffG45lBZqV4ZVUwXDAX","7aDw+9jw9F9pU2XYuO4GSs","7aFf9AHDhCF64CDscU2VIr","7ad+ruG8NOl6Gs5Z+SfiF1","7a/QZLET9IDreTiBfRn2PD","7bNslJQgpIgrVf77ftBXXD","7bSgatmqRObI/EOibfEkFf","7b0s5B7GtEk4wmgMZsq5gT","7b5zvi5RZCWrRPCUx+wNDN","7cCMJLnQlNGoCFf04+3Rq9","7cWzBwXQlE/6yg9U+Bfm13","7chTBGXgBD/6w3G0G8Ke97","7csQ6Bk4pKZIipsvy5xyjb","7digCOsHFAAI9O0t2h3sSO","7d+eAkxEFEE6yyPtgy0nVz","7eLN5VJplEBKnoivGqXbpQ","7ePtP0TTZIbaiPHi0pwfIq","7ebxE/OhdLZ6p7Xa8fQWBD","7es33EoQNCD79C3fvoX8v9","7fCOE5ErFI0ISt0Bnly24r","7fKDPvORFF1JTejHsgHnLZ","7fOkQEQ1RD56HJ9SdD8h7q","7fU4GSthlNyqE1jVz51+3t","7fdn+Y/iZBU4VxURtIoPLR","7ffUtFPU5C1bMs7SIiJgfd","7fziRCjg9BZLRW66/XozCM","7f5WxyeRhLDZJ/J6guulTD","7f+MFNUYVB+oGr2NmXVHOq","80kH+XcCpN9oSME13l+A2X","803yIk231LW4OPEo/Z3Puz","807LsRjIRBtoB2N/xkYFIO","81UZpbON5Gla886Lgl9uWO","81lsJ2tXZJh6ClKADnOhCC","81oMTBjBpMJKvUyQWf1EJw","81uoQqgWNJoZUPVmHV1pOL","82DD9cwmZI0JOwACaX0WsM","82WcLd8atJoL0YTPr2JvaR","82aA5VwUtGfb7lHg32nVtZ","82eSVZgfRGE72C1X8kN1zb","82nVZ+OipIw52YhiCUKd2s","820TdLsHNEzrdbMgTPF/BO","828VJZr3tJ9ruDqxNo4nnE","82846WtqVIcoyj9m1uXzjr","83LCfg0uxGy4KU2KtZsYwK","83cim/Ns9B+qvwtAdrN1bn","832A0OTq9FVpqzv+af28O3","84LDmNQWROPo0Xt5f7F03S","84WiVlzmZOzr8Fw37QE9WD","84bg+1jyVMq7M82Nszp67F","84m7FQdzBBnqgwSyV7EtDB","84nK5xXsJFoIfknFaznEc+","86yma4q9hOOpf4w1zRftzP","87Jq+zDtdNh4NUwlvppkTv","87QpEz6RhG+ISrs0AxiLVG","87Q9SumjlMRKHdIx99KMXj","87Vqug7slCj61n5lTvGRGU","87Z+4jTFtOy5INwlZ4KYbE","87jsV60vxLXJoacqypQlOy","876++BRrdO7Ye/fCrgmtv3","88OCUVne5KZoplo5PmBIcu","88bBt5myxBqJR/gSFY7zcl","88iZ1i4yxHCZ5o+bK1IOJ4","8aaSSAfZVH5ovM8pcjrTxI","8bvkcO6jRE5rd1PN0Pkv4r","8cj8tCxrpGVLLXj7WSeWFl","8csEKixyVC3KB+M7KRCrI0","8deOmbrzZDR4xYB9FpCtZx","8eA51ayf1P0qk43alpvEwr","8eNQ5GxZJBt4oqLIYgzIme","8eOgol/chClaVA1BkXuDDB","8e363QHSdBvZZdaC5pP/A2","8fsva1jahIwJZjp3eYvwhb","8f83kLoqRE/aRvNLiN5wHI","90XIJ85zxKSaL2BJy1dRwk","90qbaN0W9OnKsojvR4tAwR","90q0/mrrNOyrPN22NEGsfC","90rxdXeW9Pe5AONpMvFR1E","91RH9+nuFBbIhygj6wKOb1","91clKkvGZCw5uiI5QWi5X1","915jSqnudIIJpCi2QEuuJS","922GGnygJFDLqP+VPzHWYf","94P98G/tROAJyDl/X0QQvm","94eG5rtitEo4KJYPBKh9AI","945ZbbALFLmrtlYAxvAmHk","951Qs1aptI4KqE85+vDSfw","96ojScJq1Ey4YMU09pmTfz","96rsxrsQZL0LEL50S3Hx+4","97NExzRq1ABpTUUzLfdWmx","97UvBJdsFELIcGOSggogCm","98MbEk9N5GWJ3xRmH6t5Tc","98Z7WQEzZP9ZLQhyL9/xeE","98cylCa8ZKG4ZJYQq/gNni","987VyCDvBF0YPdhavz0CRw","99uGdYn6FPKIsBNG5r20JV","990I0Db4dFFLx2WmxDiwlJ","9a/Y6D6vRG7pqm60s2OQ+D","9bi/vhngJAH45RMTlnim6v","9bxfc4BJhA8ZO4FejcPPph","9coUmf8ndFZ4ZSSmXS31xX","9coiesuyhAz5NVNZ8XQ7mb","9dSqDSoe5MRoRL+2SWx8LD","9d/ofDO+BC/4arLMbHekBx","9eQwmfcbxLmbRusCJImFs2","9fMLVgaI5HJYdVXhEY5U3k","9fSweQGMtPO67Zt3Q3/IKk","9fUVBdOdpExJ13KhQ/B6J3","9fYy+OH2xEQLeiLO7Db6az","9fy9bDZ8ZHMIHSBKMjG/UW","a0BEoNKdlNhJGMlGZueKkM","a0cNxnx5dCXroFy0a7PGcZ","a03yFYWPFOZITKBaxP3Gez","a1eNhQYAdM177ky1zt1gvd","a1q9W50UVIQ7sLJOcloUEi","a2Bk92C/tH649nqfhoo/wJ","a2DJcY/iZF9ox8flMMd+VU","a2MjXRFdtLlYQ5ouAFv/+R","a2Z2ve415Ks6fCl6MODP2r","a2lO139n5CH5z1d671BYV1","a2mcEQNHNGupdBrd5lg91j","a3iMDGIgxE1IvuyAGA0jJG","a3ii62vnJJfKxd41iX8b75","a37V65h4tDZYyHjGhPyTWC","a4LYauQVFPVputig/mYfmc","a5cCqspHZGSZu13Jec3U/Q","a5gddmns9CQ4DWRX+jXS6l","a5zFyivzNM6Yto1ZGPh/gX","a53FHx20hI8YVTKNVHc85U","a5/NXYPm5PhKDrN12efufO","a6JYtnPeFEy4MmZeQQ3Wmr","a6NE7tHNZLp715CqXuDo4m","a6RjDL351NN4we+cIZ/xnz","a68EDZqDVIHJL2JtHdVWx1","a7ODdCD+ROFpMZMk4klOdo","a7WfGj1udL0ZxRgRNOE20q","a8RhPxT41PYZzUesgVf4pI","a8SCwmjd9FXoSAIs21hXom","a8al7bgcNKn5jxzMYZ1U8C","a8cSMUhOVMOKTkrRAkDe3N","a8sZ7Dgz9JhZxuv3SfPlbi","a9G21iRxxJnaHjH/YfII2r","a9Z0+Ej9VBQKQg7eDWb5tl","a9cWxwUWVEfrEtQcjnYmvS","aav0gGqU1LfYbYjhwwb52Z","ac2SYIf1FAjqSYJo8Rxi3c","ac7T54maZNDIGm8eF9jGXW","adGENbjMtPkZGx46sl7bJ6","adRoHe5T1IZpjrs06ou4NT","adi/PcQ2FOW68LaUI2FCqD","admKEccwhBeJ53nzlv73x2","adtsswXnlCuolILNdbM7pO","ad6V/KqdJN4Zsg8xI1LINP","aeTxsoaD5FibBa5E5oGuYa","aedLHUoP9Hw57pxF0GdupK","ae98j3bPRHCrcMWp8OfdUq","afNo3IhgtAZptaEfw6lT8T","afN/A7Yu1I66jQblrMHquj","afXXHVu4hIWKxViDeTViaQ","b0JugGT2RNuJ8VdVEOCId3","b0QYz15DBLVr/Ybh8CNk5n","b0wNJo6/hLAZlDDtn7EqR0","b00UKrODdLxrJnLMwrVGqh","b002di/E1GOKMyFGW5ocJX","b1VBmpPqhB9ZLKVJmYTYVp","b2AtqsYgNDeqKNTHVaejZG","b2ECW60shKW4wyb+H2OAZL","b2Ozk8LQBLI7Y/BIH0qy4N","b2V7tJD4JP4LJ3MaN/RQri","b2YLIIWAdL15x7+LHYMe2C","b2Y7ZlnPJJaZ7SaE7z1cza","b2hm3CLmpJ1L045s2Pvdw3","b2mFZw+RhBmLd9oFrp7fum","b2pEQYTktKRKtRVZXOH/vu","b2qO5ZUJ5OsYfom/qBy92G","b2ysjGWaFDl4EzYBXeY+rC","b27ZpC6fVPvKJMGhg0tt/5","b3Dhda/MdHr469yHyObh3g","b3N3fC7CZBjK4fS9r99RbJ","b4JWLWx7hL8q/yJFAjFYbC","b4qvbyylJI2pfKX15AzCH2","b5Aig6MYtACqlHrqSbdGrq","b5KWoZsy1Bj6WQG5ayWSjk","b5Tp9IxldHt66IpBXTlkVN","b5jpNgc+RKia7Kx561ZEwZ","b5p7O9r3tBJJBIxY5jYMZN","b50oxOUa5PAJwetFQe6Yzv","b55hvqPBJFd4izT/jFNSSi","b6G6H/nelI16byJdI0EJ4L","b6Svfeg2BFPIdTsW9xA+Ja","b6Wi6VntRGraNFKDIPFRwT","b6dnulWphHj6I+RQa+P3wR","b6y+kBYhFES6dJKAXX7kDu","b7HHMbk9NFUpGgdlk01XPF","b7I84w4uRBA4v9JpUhgQ8T","b7u2OBA4xJGo4OyMBvLLlO","b7wJK+ltVJV711JcW7gbg4","b9HENLpqtFr7fh2kAE/lcH","b9QeKuOLJJRIylRJD4etaL","b9yzfNIUZDc4IGSZrlkHXj","bbn5sth/NCgLmPAEHm4fhx","bb50BqCXFCO7VATMyrf+qK","bb90OwE1pN/6EA9sTN5yis","bcWmJ8dAlEeYUMXZV77Wr7","bdsJ8v1LNOM4SOismZC56t","bd4jrkJqFAsI6Ja34kk//i","bd5kaSRyJLOLZghVEm4Cx0","bd8l4ohwNHWKcevX+raq3N","beAD0M3v9KTJRN2qlShOYc","beBRufQFpJ746KA7VTJUlQ","beK8zzVNpA07xftJK+uvDa","beOh2NeRJOG7DiCYMhUuDr","beYRnXEOJBD7iLrSbwErFH","betCs15rBCtKLJj5HbclmG","beybO36FRDCqBy1evrBW/T","be7Oru3MFMW4USwrfSfZpX","bfOXOE1fBPLaK54JKx6O/w","bfZkdo4whFMJusIMztJCT6","bfrCTshaRIcr/wqCthOeHM","bfvKFBmghAXoQ+3Da3gIaH","c0BpACo29BS6Nc2JXca9/R","c0jPDPj6pDv7Dv6ERD+jOA","c1DCw+8/tMuoAyIcZ7QxLW","c1Q/hmN+JLwZrsxhqlhtd3","c1TpdsUGhBRI3kAjxvBgQ2","c1kqRrhldPtJO3JpkWLbwe","c18ReNAKVPz4NEYXHgAh4l","c2AJLa8rVGpZ935ES57GbM","c2G2dlv3dNTaLLYj8bnCA0","c2JxxOHjdPd7PliBTsO1UF","c2RSv0mL9O+6j7bybyHE22","c2g6eM21VG94Y+ja7uNCW9","c2owfLkl1IDpIVWUKb6XPd","c23ubLrCNLhJASKGXMg69l","c2+SOXx0pDdYxPr1FqBNfO","c3gXxtl41FsIzL5iT3KceZ","c39jsijZ5OjLLSSMNOvjUa","c4e4B8VM9FwouVVVwZxMU0","c5M5zEyAdFmasz0EU31nbz","c5NmmFO5JEpK4ALVbSjN2O","c5hVnGNipOeJmQ2WB4liCO","c5mgicYOVAM77yij69thz2","c51ocAHwpE6Zyf7CJT85Sa","c53sN9dcNP4rugqmeq8uG1","c57W2bBGRG7qVRaugVgHVI","c6qXZCbiBHPIGymxa/gUPE","c6yEcUhm1Pwbb0WekI9EBi","c7UxLPi9lONIlSCZa2ArRL","c73NIg3/1J/5ikNAycEyn0","c74OkkaepJAYHu4pkeJmFz","c8h//g+MJGqrXMoNuyX6UU","c9VupEoCxGbIrIXOJwwOth","c9WZejj7VKnITg7yulK8f6","c9xDN/NgBKz69SmIufLIdl","c98LeietZBH4YDSLppyn+f","caFpX7OTBMhpHjmvKWb2Uc","caTq7fCBlG3bdVxvLmu4Iv","caeZ9S8iFCM7UsGnM9mz7U","catgDBZohEQInnHYR21fcE","ca8A7xXUpJpbkPlP/gpfm0","cbW+ZWA1hMKorRzYGc5FHl","ccOkWCiE9BQZNQthFqIUMH","ccfsK1+aFCAplIB5d4vT/X","ccvBropxpBs5sxsM7mfdqP","cc1qU9eGdFkqcHhxfrUp3M","cdCOLCfyBMq54IUTbcbCgy","cdJ6JtWyJMEKGRZlZHxLVJ","cdMlRJmh9NFraBufDQ5x9/","cdlo1zdb9G9aUjMGN6oIYE","cd2AfZukVKuo0RDKkZuQ6W","ceWru8/KxOFKNGpD9XLbnC","ce020QxSBAta4GdSNSoPvF","cfD7GsovRAo724Qc3/svVM","cfKyTAzglGCqZ5KUkJjrCZ","cfmomSF/BMMJmppfIr28EX","cf60PYkQhFdLuiXprwgUPs","cf61NBGEtPZbjdwvyJMQP1","d0IZP58WNKEYGsPhbA4a6t","d0tr+JetFKZoouwTTyCZ+n","d0uwim3SZGwYc/rZ11n/Jp","d0xFl7uPRK3Jel356nrZIg","d1UhIBxVBKCJHwvNIgXIEj","d1ine9rnhDdIHcINDIqk1p","d12aZmdP9Eb5I0ra+KuU+P","d2k9eyoqhDVZ6he8eJ2XDS","d2l9W6BZhJDpLbbOdFeXMZ","d29u/cV0JBZ5whN8L1r3Jt","d3XdZX+7dGXpGOeSD4U4DA","d3YifRrGJJY6QPI+C4c1v3","d394P9UppMxa1C3wavErAz","d4Ms8nkzlF+rWeZG6S9VeV","d46RmmK/tBKr+ZPkTIfgmh","d4/YpnCMhMsZoHiQoritMr","d5OXgY/MZOYYKpRSbCWg0d","d5O1Bh+oxL8pv/RXnEW4wO","d5gOvRztJDhYTW68eOX96b","d5vnQkVZRMUKtHaAB9YxNz","d6a45m4ERMjbjVhjWs5dRg","d6m7BXtEtL5obZpKM5UWW8","d6nnb3LqVAV5TD31SU7Imh","d7QN7Ns8RLdrZAe1kRp1MT","d7yWi4aW1MeKrRnVYTVEIU","d8Q9VO6wJLy43DcJBAeELZ","d8g1WQ7qBB3pASImoLXCAo","d8n/vEvxVNUYDryreinQ5W","d8z8hvkHFAc4bdcOskeMie","d82TrpCyZNqLAgrZFhKLVb","d9BerXuPhJspDiQgDbISOD","d9DhMJmrhIIaDlcgEUEZIg","d9Dt5oQndEZrkMUW31wwo5","d9GDMV1PRJP6sTOcWcOEnt","d9r12YGNxJJIidMy+Mnu2b","d92+7lfshMm6HsWKkEKVx1","daEuHvMHJOLbSexhSxjGbV","dahqJ89DpIVpEw9Th4kTno","da11ff3Y1JbbgrrWzEZC6q","dbRquMETJObJFrdN5hI06y","dbgtJjPrJGLLzTRRE3mcwz","dbxouUBL9D8r8352GOQm28","db4M6xPZNJrreojTELmPtG","db8behTylD3qC+4TlE+e0K","dcRfI4AhhB46U2RNwbM5e2","dcYjAsFmBLtYSqiC9T5tF8","dcqYO0YTdBf59O9vj8vXQN","dc9K+eu1ZIqr5NHoBcuFQ2","ddNkZK+LZPXK6IXipcNmUh","ddSG/CF/lJy4rYoHf1tR2+","deR739J4ZHDKrPp3bI6Zkj","deZ0xch/NG7K7wLLxn0ex1","dfrX8KaOBFmr1XX+Q/5KW9","e0D+Ja8XlG85bUfdGaz1H4","e0Z3DI/bBGaIpZ+M+oDbx9","e0a2f8cJdKjaIXzHZq5Cqp","e0myHLF4lOJJsRdlVgA7aS","e0zlPHDE5JrryJjVH83sIl","e1MYGx8SpEnpm1eh1IMA9e","e1P9ui7JRI67uXaLd0GjYk","e1ld5tA29C/qyMaxtHudub","e1xY1NAVNLT5H//KGQ1P1g","e2BPZXuvdFebufUA7tinyo","e2Ka+fentC1Z7CohZaXcxC","e2vF+/uYFJrbl37CII8UXY","e25DYYXppIuoo/8LJSbq2p","e3OV/N7WRP26VC4+O/a3QX","e3xQFuRqVLyK+yIjPnrJnu","e4LoHtJHBKeY/CpXWglCI6","e44p5ml+9FDoucMce4ApWl","e5aWzOhWFFjKO2dqn3UQ7s","e5t3xFdYpF+pDYlfEHJkIC","e5wU30wHREKap0juat/ZTO","e5yukhlJNBF7frxw2Bc0LZ","e53lDBR6xKJ5ws4uH1Hj9Y","e59WxB8LhEYJybPW/lfY+v","e6cxVZ909HMYa3eJUj5EVg","e6tCsNZfdFepc8tOiBJlYN","e65PBoZyhFXaCXXEyiLhl3","e68DL8sOZPaIVKaisaDI55","e7c3w3wCFGdpWo9bNv+4FN","e7jQmfButAepDkOokWLV65","e7tHXsc6VGWKFjL2QM4vpS","e7vAQ6DTtAzJ8t7haZJnNl","e7zI+ZYyJMQ6NCs6STKL4w","e73lB1wJVORoxusA5sJJJc","e9JUHsHWpBpLf/gx3OScle","e9l+NpzpBGv7AWFDOKabUp","e9s2UQ++hMq5ENZcSiYCkZ","e97GVMl6JHh5Ml5qEDdSGa","e97fJLnRJD5oeNmE2uNY09","eaJ2mlj5xJ5KFpXVOJBJiS","eaRK39fRlA7bLIYmKYDe+c","eakGCxBD9H6qqMVVb1n2fb","eatmE+iPpINrjRLzORiBSI","ebMDIyZ1RH0aTRqL0cWaHB","eb3frGYCRPSYA3srRlCa05","ecCTW49kJJYZX+93y4H/Sv","ecDd889lJJsr/66ran8CcU","ecJz2i7q1ICZCc5MDEihSW","ecpdLyjvZBwrvm+cedCcQy","edQ49snDFA1JCj/xm7pOPd","edi5zdToVGIpyRq7vhCFGS","edvLSWnvlBgogXkzJ3UhfI","edwlD+v4BAfozCuJFpovMQ","eeNYPNm6lNt6goUri4SXDF","eeuGHZpihN45aeKDuJ4Wgs","eeutYc5nFGmrtMPkYBDC1R","ee/KtpQj9FEIMoklqA4cpf","f0BIwQ8D5Ml7nTNQbh1YlS","f0LeV0QkdPdaajroJV4Kuy","f0o3V9Q+BPZYWafcnWYicm","f1Ij3aJMJM5o3pJQwPXEI2","f1JqnL4JdLSrEc5Zf6HfJD","f14yj5j2pJ1or9B9es0mkN","f2lFAuS7VPUJ/REwrOH8DL","f3AIL59CRBFppXVnr33CTE","f4CsgCUPNLtJvl3BSsVDiW","f4hAijca1DEIqY/+SF3RZL","f5Nu/HJutA/6UcIkot/dA6","f506Nmqb5A9IezQX70F0CM","f6MlRcJxxEh6NvHGmMf3eI","f6QrVjXJ5Buq5zByJLX39R","f6UUtkPnJCwKV+JuHNQCQ0","f6be+CqAlK16489FWZgMb3","f6zdK6S8FBcY5hrVTKyZjn","f7OYj7DrpC4KDvrlPr05K3","f7U1dJ5QlGRb13QYK8+cxv","f7supoR2pHUIyWBT0aBYrq","f7zNtcGotKGrKZRMOv9QsS","f8Zvur9+dE67OrzL0PnRkv","f8b3+SHzhA9a+QJmcEPQ9w","f82DnFPY9P07sPpRAGkLyj","fa7MJlsiRPv5Y2E8xPDQ+f","fbWDim/z5FTqMf6qIS8AJT","fbjhSvrrZMn7L2VktTPdUd","fbp9DD0ydMna7dTQ6U25Jx","fb5S0kEcxCEJIHFtQ6EZ5K","fcC8e4audI6IASum1v1AgL","fcKP3QCIxPT7TOdy9oZean","fcNFPBKZBA2oD9b8LDBaw4","fdFnZ7X2FFa5Pi1QItFpZE","fesaVgG+dC/Kad5RQhZny3","fe9f6nW2tFypZNZ/SGpl9s","ffpcYujopBy6zmAXQcrP/A","ffvpWZSrZDVZFBZMhrvEO3","ff1E0hNYxAhrwZdw48CQ8l","ff1PdEH25Fp6Yn5opF5kri","ff8ZSt6vdDKpmoOJlpQCND"],"scenes":{"db://assets/Bundle/DuaXe/DuaXe.fire":258},"redirect":[501,0,561,1,669,2,678,2,759,1,870,0,1004,0,1119,0,1127,0,1130,1,1139,0,1150,2],"deps":["resources","internal","main"],"packs":{"010698710":[502,549,790,981,1094],"010978525":[1,2,4,5,6,7,9,10,11,12,13,15,17,18,19,22,23,24,25,26,27,28,29,30,31,33,34,36,37,39,40,41,42,44,46,217,47,48,49,50,52,53,55,57,58,61,62,64,65,66,68,69,71,72,73,74,75,76,77,78,79,81,83,84,85,86,87,88,89,91,92,93,94,95,97,98,100,102,103,104,105,106,107,108,109,110,112,114,115,116,117,118,119,120,122,124,125,126,128,129,130,134,135,136,139,140,328,147,149,150,152,153,154,155,158,159,361,162,163,164,165,166],"011e9f300":[580,348,1126],"012d26077":[402,415,442,447,456,595,643,667,739,831,856,1033,1073,1101,1116,1129,1161,1172],"0154f2eef":[202,235,288,315,326],"0193c6e22":[533,717,766,891,913,922,1068,1092,1115,1171],"01af92e4a":[444,483,546,552,578,617,666,783,788,887,972,998,1060,1120,1156],"01eccf387":[484,774,861,888,916,1070,1096],"021ce27bb":[263,269],"026f7da06":[638,984,1166],"02b1bdd7f":[373,529],"0315b93ac":[532,867,1054,1065,1168],"0357bb5ff":[398,438,606,732,737,882,927,935,947,964,1002,1097],"03860d87a":[560,637],"03c684b79":[506,573,601,698],"03d1fc63b":[482,672,808,1019],"042374c3c":[477,542,559,738,843,926,941,1077,1114],"04a819ea3":[395,409,414,451,481,510,541,569,618,647,693,727,781,796,847,960,986,1012,1036],"04c09f2d3":[378,575,600,603,633,644,646,664,695,828,851,865,871,884,930,937,962,1064],"04c639ffd":[185,487,920,988,1155,1165],"04cb56ee9":[530,836,901,907,953,1011,1017,1030],"04d664ab9":[520,570,682,686,706,760,1052,1160,1174],"04ea080ca":[412,430,450,463,511,583,588,620,690,711,735,743,894,899,955,1009,1025,1079,1106,1118],"04ff02361":[475,902,1089,1105],"057776ebb":[372,385,610,627,660,719,720,752,768,785,791,813,829,837,976,1005,1037,1087],"057f6d851":[168,170,179,193,201,212,223,233,250,276,282,285,296,304,310,353,363,366],"067ca7d75":[431,621,668,274,1122,1132],"06b3fff00":[631,749,954,979,999],"06f3b0f73":[407,551,553,625,630,703,800,967,1003,362],"0737b0162":[406,462,526,587,628,636,713,716,747,775,795,830,853,886,911,942,1086,1123],"076cded04":[485,517,585,611,697,704,862,945],"07f06e8e8":[246,295,318,327],"0811cdc22":[592,780,949,977],"08125190a":[453,782],"082779e67":[404,465,495,840],"0830fe5fb":[436,221,623,702],"0847d146a":[312,1026],"085c38def":[405,411,183,535,577,582,615,765,822,908,975,983,1084,1135],"086506edd":[396,616,898,961,1047,1142],"08ae611a3":[381,437,539,544,589,594,645,651,906,1043,1067,1107,356,1138],"08dde7cd8":[446,230,656,804],"08ed83788":[180,262,281,291,324,358],"09151d470":[448,696,344],"094042481":[387,400,428,440,490,554,674,680,794,834,864,952,993,1000,1061,1072,1080,1091],"095d027c0":[374,390,419,486,496,599,626,642,654,657,683,726,767,773,809,814,823,845,869,872,881,895,915,924,966,994,1022,1032,334,1081,1148],"0981d107c":[393,449,474,479,538,562,659,685,699,826,877,928,985,1013,1021,1023,1051,1104,1131,1144],"0990de921":[629,688,725],"09a17c869":[748,1169],"09b7814d5":[468,779,946],"09e3936a8":[455,478,512,519,604,665,689,756,761,787],"0a114a715":[423,590,742,982,1111,1151],"0a12cbf85":[518,939],"0a21d6a65":[497,741,1006,1178],"0a3cf53fd":[182,205,270],"0a536448c":[460,329],"0a699b497":[394,568,731,874,1076,1083,1134],"0b0dc1c95":[392,892,350],"0b0e44315":[232,355],"0b193f3ed":[420,493,567,614,635,758,769,883,1020,1069,1078,1149],"0b209a8df":[386,515,523,619,661,729,1053,1066,1082],"0b817636e":[413,425,432,445,470,472,566,572,596,652,662,751,755,850,938,965,1016,1056,1109],"0b9c7fd16":[21,309],"0ba996590":[377,540,905,325,1159],"0bc3ea87d":[382,421,424,435,555,581,658,712,723,740,753,806,833,846,855,921,929,959,1034],"0bccfcd1b":[389,461,464,467,499,557,558,563,579,608,613,653,663,670,675,684,700,705,730,736,744,757,812,816,839,857,860,866,889,950,991,1015,1048,1167,1173,1175],"0bec5f57c":[401,426,452,194,527,548,676,694,708,714,770,776,778,820,868,879,936,943,989,1093,1112],"0c09050c7":[454,458,215,609,701,799,904],"0c448ff4b":[764,341],"0c686235b":[313,1038],"0c77690d4":[391,687,333],"0c805b63b":[397,433,441,228,640,873,925,995,1074,1146,1154],"0c879f8d8":[641,234,710,815,1117],"0c8c494ba":[383,434,591,607,632,650,677,746,772,266,805,807,852,854,896,903,910,934,948,963,980,990,996,997,1001,1010,1018,1042,1046,1055,1095,1099],"0cb9f6604":[890,300],"0cd5aaf4e":[403,443,498,810,968,1027,1045,1058,351],"0d4b91c81":[722,973,1128,1143],"0d5a1c804":[177,204,593,238,242,252,254,275,306,335,337,352],"0d9ed9cbf":[525,536,771,802,803,817,832,859,878,918,974,1031],"0da2f557e":[370,494,586,649,239,673,786,818,835,971,1103,1133,1152],"0da42a5d1":[195,265],"0dc9bcc88":[388,733,932,1085],"0df22648e":[169,469,709,825],"0e421957d":[416,543,550,605,634,789,811,819,844,885,1044,1145],"0e5b777ad":[410,466,476,516,301,931,958,970,1028,1071,1113,1147],"0e8c595d9":[399,439,489,507,718,724,827,893,1008,1098],"0e8e5029d":[422,429,457,473,480,500,534,556,564,715,792,797,944,969,1024,1049,1136,1157,1164],"0ee7f693c":[427,459,491,565,576,584,612,692,728,763,798,824,842,863,897,909,956,978,1014,1063,1121,1177],"0f1054dae":[408,508,524,671,762,849,917,1110,1170],"0f15df622":[371,0,3,8,14,16,20,471,509,32,35,38,45,622,229,56,681,67,258,801,271,96,858,99,101,900,111,912,919,940,121,951,123,127,131,132,137,138,1029,141,331,142,145,151,1137,1140,157,160,161,1163],"0f663ad38":[192,597],"0f7ea829c":[380,417,528,750,784,876,992,1050,1059,1158],"0f81cae85":[199,821,987,1100],"0f873aaea":[174,880,1124],"0f9280e5a":[375,418,488,492,504,505,514,521,531,545,547,598,624,639,648,655,679,707,745,754,777,933,1040,1057,1062,1088,1102,1125,1141,1162,369,1176],"0f953152d":[376,379,503,691,838,841,848,923,957,1007,1039,1108],"0fda199b9":[571,243,721,793,1035,1041]},"name":"59","importBase":"import","nativeBase":"native","debug":false,"isZip":false,"encrypted":false,"versions":{"import":["010698710","56773","010978525","ec363","011e9f300","4942e",167,"700e6","012d26077","c666c","0154f2eef","f3e05","0193c6e22","5162a","01af92e4a","6d56b","01eccf387","8707d","021ce27bb","eef95","026f7da06","acb31","02b1bdd7f","4f743","0315b93ac","8a440","0357bb5ff","00759","03860d87a","86f00","03c684b79","be710","03d1fc63b","b0962","042374c3c","81f14",384,"bfdb3","04a819ea3","0080d","04c09f2d3","d4e66","04c639ffd","5e80a","04cb56ee9","6ca54","04d664ab9","fe882","04ea080ca","890d1","04ff02361","e0689","057776ebb","4a6c1","057f6d851","5a033","067ca7d75","21e81","06b3fff00","8db4d","06f3b0f73","cf240","0737b0162","b672b","076cded04","b23d7","07f06e8e8","cf755","0811cdc22","0def3","08125190a","2e838","082779e67","8b688","0830fe5fb","6b184","0847d146a","08fba","085c38def","4d61c","086506edd","17d8e","08ae611a3","e7bb7","08dde7cd8","d1aa8","08ed83788","83136","09151d470","83a32","094042481","02189","095d027c0","a5ad9","0981d107c","18ed0","0990de921","730c0","09a17c869","8f0f3","09b7814d5","e8cc5","09e3936a8","83e3d","0a114a715","9cabf","0a12cbf85","11516","0a21d6a65","b0c1f","0a3cf53fd","50a8d","0a536448c","8e1a1","0a699b497","b6b72",171,"9f2f8","0b0dc1c95","a4e38","0b0e44315","2c388","0b193f3ed","b722d","0b209a8df","b33f7","0b817636e","d39e4","0b9c7fd16","931fe",172,"b86d3","0ba996590","860b9","0bc3ea87d","1015a","0bccfcd1b","0c89b","0bec5f57c","a5a44","0c09050c7","00686","0c448ff4b","fa351","0c686235b","44d64","0c77690d4","b2f7a","0c805b63b","aff22","0c879f8d8","9c9ef","0c8c494ba","240c0","0cb9f6604","2836e","0cd5aaf4e","41ad9",173,"ed764","0d4b91c81","4d3d6","0d5a1c804","668b8","0d9ed9cbf","28c5d","0da2f557e","be2ae","0da42a5d1","e59b1","0dc9bcc88","ff749","0df22648e","f8491","0e421957d","c397a","0e5b777ad","43668","0e8c595d9","5ca5b","0e8e5029d","8a277",175,"d0194","0ee7f693c","3edd4","0f1054dae","17be7","0f15df622","cdf7e","0f663ad38","ff17f","0f7ea829c","337c8","0f81cae85","d9bcb","0f873aaea","01181","0f9280e5a","f63ef","0f953152d","3afb1","0fda199b9","a5ad5",176,"01bdb",178,"887e9",181,"a6bf5",184,"9d71c",186,"5aa21",187,"6b5eb",188,"9b9e0",189,"df594",190,"a2808",191,"ea5c8",196,"4d911",197,"f0789",513,"cba4a",198,"13f46",522,"03367",200,"8b447",203,"4c88e",537,"43cca",206,"e4de5",207,"39e7a",208,"baab0",209,"b1964",574,"1a99b",210,"fdb66",43,"8aa94",211,"c8434",213,"19370",214,"6c34a",216,"833d2",218,"21e13",219,"b811d",220,"b4a8f",602,"62992",222,"99914",224,"7d03a",225,"b285d",226,"99671",51,"278d8",227,"a8df5",54,"5b13d",231,"61985",236,"11175",237,"3ba2d",59,"73f73",240,"3c67d",60,"89818",241,"30f59",244,"fc462",245,"de57a",63,"264e9",247,"85dc5",248,"dfb5b",249,"1e3e3",251,"9bb0d",253,"11016",734,"b2db6",255,"521a7",256,"8b88e",257,"d0d03",70,"9931a",259,"4f44f",260,"d9f34",261,"50fa9",264,"f6834",80,"17d5b",267,"108dc",268,"8549b",82,"3b52c",272,"b5b1c",273,"dc1c4",90,"d9a2b",277,"7d0a8",278,"d4f0e",279,"54a9c",280,"b33aa",283,"b927a",284,"28d9e",286,"ffa2c",287,"8d3ef",289,"956cd",290,"3dc42",875,"e9dd0",292,"19a55",293,"62f6f",294,"4038f",297,"a4a19",298,"25739",299,"49ba5",302,"131ec",303,"06f3f",113,"40ce4",305,"e7039",914,"5e4b8",307,"0ad7d",308,"0c13b",311,"c87c7",314,"56837",316,"5ed81",317,"4c78d",319,"211a5",320,"b7593",321,"509d0",133,"87076",322,"0ee42",323,"496f6",330,"735f0",332,"8a891",143,"301ab",144,"1de82",336,"4a85b",338,"f2275",339,"92b59",340,"d278d",1075,"f4d84",342,"d026a",343,"9ac85",146,"e6ade",345,"d809c",346,"2ae6b",347,"c5bf5",1090,"c0618",349,"d08a8",354,"51d8a",148,"8e470",357,"2d7de",156,"96565",359,"f7108",360,"c115a",1153,"67ad7",364,"0876a",365,"1fee0",367,"20ac1",368,"eb487"],"native":[0,"37a4e",1,"7b51f",2,"e8a01",3,"2d7ee",4,"adf43",5,"54fd7",6,"d9a2f",7,"086c3",8,"583f0",9,"096a6",10,"bfe4d",11,"b30aa",12,"5465d",13,"fc2e8",14,"426f7",15,"741c7",16,"5c447",17,"06d34",18,"072ab",19,"66462",20,"d69e1",21,"1d40e",22,"8a5f6",23,"983de",24,"1734a",25,"39849",26,"22eb7",27,"d6b63",28,"61117",29,"d603d",30,"da3a9",31,"f81a5",32,"ae44b",33,"5d61a",34,"4b448",35,"835c4",36,"7fd62",37,"405db",38,"0c3c8",39,"15b16",40,"789bd",41,"c3a3a",42,"46f1d",43,"4e429",44,"48cb3",45,"e41b7",46,"82b31",217,"4265d",47,"e35f4",48,"7ebe0",49,"deed3",50,"41c68",51,"4e429",52,"42881",53,"b8374",54,"6ab69",55,"50467",56,"babe8",57,"6673d",58,"7cb2b",59,"4e429",60,"4e429",61,"cea68",62,"96c43",63,"4e429",64,"1ef32",65,"5dbf9",66,"39849",67,"d69e1",68,"f00c0",69,"9604f",70,"6ab69",71,"bcddc",72,"49583",73,"dab55",74,"04a1a",75,"50968",76,"81966",77,"bc3b8",78,"df52d",79,"976ff",80,"4e429",81,"8a6e1",82,"4e429",83,"3a10a",84,"5e46c",85,"32332",86,"d7f2c",87,"8fc8a",88,"95e53",89,"0211e",90,"4e2d3",91,"3a4c6",92,"1b920",93,"a1af6",94,"244f7",95,"8770f",96,"6c221",97,"8afe7",98,"24cd4",99,"d0c02",100,"2ceaa",101,"1d83b",102,"2564a",103,"26c3e",104,"48a49",105,"83fcc",106,"19cb3",107,"8dcec",108,"f7426",109,"5b655",110,"52a71",111,"6bde1",112,"f4eca",113,"6ab69",114,"c06a9",115,"5e247",116,"32332",117,"90763",306,"2bf0b",118,"90cf4",119,"99299",120,"a3f1c",121,"2cd3c",122,"841f5",123,"622c6",124,"7dbd1",125,"c71bb",126,"996de",127,"f72c7",128,"dd980",129,"776aa",130,"4cc0a",131,"898d8",132,"07e6f",133,"f438a",134,"4b4de",135,"870c9",136,"a16be",137,"f0601",138,"371b3",139,"d0074",140,"a575e",328,"841f5",141,"d543c",142,"0864c",143,"4e429",144,"c3f38",145,"740b0",146,"6ab69",147,"810e7",148,"4e429",149,"ec7cd",150,"265e1",151,"dad5c",152,"d5b62",153,"54ede",154,"63435",155,"99ad0",156,"4e429",157,"091c8",158,"5694a",159,"4818d",361,"284a9",160,"8f795",161,"8f9c6",162,"51d65",163,"10f69",164,"78874",165,"97624",166,"30991"]}}