[1,["fez8z/yNlIdJfwqlGt1G2i","51k4HavgNFJKqtI2aJrkAY","886uddcGRJqaZdFIusDUmp","e6arFaHW1EC4Af21XuKmI8","6a11dZ2G5AVppr7wQwAVly","ceSKBRnSdDCJQEwon/fcod","a54jvPvkJJgZDl+qAfqyuI","edXLdltrNF4qiwG3U+5OHg","c4aJqg89pFR71mXJp89JlI","e7R0E1MCVHYa0g3lsFifZZ","caDIwh/+9OUpTKFevVW78Q","fc1nxXchJGK7B2osbpaKn6","81ceU6OztJ6ZKKASu7MsSW","e3viMhLexAtYVog51KHk6J","ecfi4nzPdJS4SDkgp8s8qB","c8UmDKyJBMN6LaUzmanjiJ"],["value"],[["cc.AnimationClip",["_name","_duration","sample","curveData"],0,11]],[[0,0,1,2,3,4]],[[0,"wh_vfx_c",0.8,20,[{},"comps",11,[{},"cc.Sprite",11,[{},"spriteFrame",12,[[[{"frame":0},"value",6,0],[{"frame":0.05},"value",6,1],[{"frame":0.1},"value",6,2],[{"frame":0.15},"value",6,3],[{"frame":0.2},"value",6,4],[{"frame":0.25},"value",6,5],[{"frame":0.3},"value",6,6],[{"frame":0.35},"value",6,7],[{"frame":0.4},"value",6,8],[{"frame":0.45},"value",6,9],[{"frame":0.5},"value",6,10],[{"frame":0.55},"value",6,11],[{"frame":0.6},"value",6,12],[{"frame":0.65},"value",6,13],[{"frame":0.7},"value",6,14],[{"frame":0.75},"value",6,15]],11,11,11,11,11,11,11,11,11,11,11,11,11,11,11,11]]]]]],0,0,[0,0,0,0,0,0,0,0,0,0,0,0,0,0,0,0],[0,0,0,0,0,0,0,0,0,0,0,0,0,0,0,0],[0,1,2,3,4,5,6,7,8,9,10,11,12,13,14,15]]