[1,["adhLA1AUVLOrABmAK7jbhp","26y9z2MR5OmIKwpu14stiT","c2+SOXx0pDdYxPr1FqBNfO","09ymPnYkBFsJPHGWPAQxNM","20AfCdYvpItb7WKeKZe9Ap","e5aWzOhWFFjKO2dqn3UQ7s","50zkJDWkVBtJ97LmyTBRCe","8deOmbrzZDR4xYB9FpCtZx","6fq4z1ffNFl5v5bcw0+jX7","96ojScJq1Ey4YMU09pmTfz","64pwqNuKJLv5zz2JjvX+Nx"],["_textureSetter","tw_vfx_b_add","tw_vfx_c_screen","tw_vfx_a_screen","tw_particle_a_screen","tw_vfx_d_screen_02","tw_vfx_f_screen_03","tw_vfx_e_screen","tw_vfx_f_screen_01","tw_vfx_d_screen_01","tw_vfx_f_screen_02"],["cc.SpriteFrame",["cc.SpriteAtlas",["_name","_spriteFrames"],2,11]],[[1,0,1,2]],[[[[0,"Alats16.plist",[{},"tw_vfx_b_add",6,0,"tw_vfx_c_screen",6,1,"tw_vfx_a_screen",6,2,"tw_particle_a_screen",6,3,"tw_vfx_d_screen_02",6,4,"tw_vfx_f_screen_03",6,5,"tw_vfx_e_screen",6,6,"tw_vfx_f_screen_01",6,7,"tw_vfx_d_screen_01",6,8,"tw_vfx_f_screen_02",6,9]]],0,0,[0,0,0,0,0,0,0,0,0,0],[1,2,3,4,5,6,7,8,9,10],[1,2,3,4,5,6,7,8,9,10]],[[{"name":"tw_vfx_e_screen","rect":[754,1829,179,80],"offset":[0,0],"originalSize":[179,80],"rotated":1,"capInsets":[0,0,0,0]}],[0],0,[0],[0],[0]],[[{"name":"tw_vfx_c_screen","rect":[543,504,457,209],"offset":[0,0],"originalSize":[457,209],"rotated":1,"capInsets":[0,0,0,0]}],[0],0,[0],[0],[0]],[[{"name":"tw_vfx_d_screen_02","rect":[397,1865,355,128],"offset":[0,0],"originalSize":[355,128],"capInsets":[0,0,0,0]}],[0],0,[0],[0],[0]]]]