[1,["26bkLf6dxG9JqCiRD+L4cX","6fMHnITu9FL7rllu+ShM/j","d3YifRrGJJY6QPI+C4c1v3","d1ine9rnhDdIHcINDIqk1p","82eSVZgfRGE72C1X8kN1zb","3etJTITx9FLplli0vlxi+7"],["_textureSetter","s_wild_c","s_wild_a","s_wild_b","s_scatter_a","s_scatter_b"],["cc.SpriteFrame",["cc.SpriteAtlas",["_name","_spriteFrames"],2,11]],[[1,0,1,2]],[[[{"name":"s_scatter_b","rect":[249,551,254,368],"offset":[2,0],"originalSize":[480,480],"capInsets":[0,0,0,0]}],[0],0,[0],[0],[0]],[[[0,"Alats34.plist",[{},"s_wild_c",6,0,"s_wild_a",6,1,"s_wild_b",6,2,"s_scatter_a",6,3,"s_scatter_b",6,4]]],0,0,[0,0,0,0,0],[1,2,3,4,5],[1,2,3,4,5]],[[{"name":"s_wild_c","rect":[1,581,230,572],"offset":[-3,13],"originalSize":[480,760],"capInsets":[0,0,0,0]}],[0],0,[0],[0],[0]],[[{"name":"s_scatter_a","rect":[233,1289,254,208],"offset":[2,2],"originalSize":[480,480],"rotated":1,"capInsets":[0,0,0,0]}],[0],0,[0],[0],[0]],[[{"name":"s_wild_b","rect":[1,1155,230,386],"offset":[-3,9],"originalSize":[480,480],"capInsets":[0,0,0,0]}],[0],0,[0],[0],[0]],[[{"name":"s_wild_a","rect":[1,1543,210,204],"offset":[-16,9],"originalSize":[480,480],"capInsets":[0,0,0,0]}],[0],0,[0],[0],[0]]]]