{
    "paths": {
        "4f6QaTiC5IE4GeyNGN8xg1": [
            "Animation/ItemBlur",
            "cc.AnimationClip"
        ],
        "27S7jplVhLrYsz/7b0U+9g": [
            "Font/font_bigwin_new",
            "cc.Texture2D"
        ],
        "5fMOtquPpBJ6/B590rxvCT": [
            "Font/font_bigwin_new",
            "cc.SpriteFrame",
            1
        ],
        "eemUjrdD9EIZmBnXJtujCv": [
            "Font/font_bigwin_new",
            "cc.BitmapFont"
        ],
        "0b92OKSlNDFa3EjpftqtV7": [
            "Font/font_board_blue",
            "cc.BitmapFont"
        ],
        "1doe5Rcp5Gip5Vug7y4tym": [
            "Font/font_board_blue",
            "cc.Texture2D"
        ],
        "dbPOB5BwxADJN1o5tZLz1/": [
            "Font/font_board_blue",
            "cc.SpriteFrame",
            1
        ],
        "5fQe0ksBFN+JSKD6yH/rg9": [
            "Font/font_num_yellow",
            "cc.SpriteFrame",
            1
        ],
        "69JhoDVHVNJpAoaHiCGouk": [
            "Font/font_num_yellow",
            "cc.Texture2D"
        ],
        "e4a0pZgR1Nl4L6vtx64UaP": [
            "Font/font_num_yellow",
            "cc.BitmapFont"
        ],
        "21xGJvBttM8bM1Tu0ein+w": [
            "Font/font_spin",
            "cc.Texture2D"
        ],
        "5dt1lCy1tHGbsAHsYYgxr2": [
            "Font/font_spin",
            "cc.BitmapFont"
        ],
        "89k1qbsDpMRLtMvDUXT998": [
            "Font/font_spin",
            "cc.SpriteFrame",
            1
        ],
        "6bzUxjg6FEVKXMPo26+nq+": [
            "Sound/FREE_GAME_MUSIC",
            "cc.AudioClip"
        ],
        "c1fjR1blhHc4B8TvS4QPsg": [
            "Sound/NORMAL_MUSIC",
            "cc.AudioClip"
        ],
        "f56uLPP0dCWJypNJfwvKpc": [
            "Sound/freespin_skill_01",
            "cc.AudioClip"
        ],
        "25q0ikDNpKjYwE1Mh7Au/W": [
            "Sound/freespin_skill_02",
            "cc.AudioClip"
        ],
        "635s/HHUtGDKfyXAOZJwGS": [
            "Sound/jackpot_congrats",
            "cc.AudioClip"
        ],
        "90iFe6VwJACJUuWVtuKVF9": [
            "Sound/jackpot_fighting",
            "cc.AudioClip"
        ],
        "36nzQe5mhBRY52FgHvCBHn": [
            "Sound/money_final_count",
            "cc.AudioClip"
        ],
        "a3p0g7ahBMRJSw5mcUorqK": [
            "Sound/money_show_AllLine",
            "cc.AudioClip"
        ],
        "d3aKeJLhpHh6gGG72OuMhL": [
            "Sound/multiplyAppear",
            "cc.AudioClip"
        ],
        "d1sCPAA2BH5Lg6bje46D9S": [
            "Sound/normal_skill_01",
            "cc.AudioClip"
        ],
        "bc8Hvo7btEmLmlfd2f/I4f": [
            "Sound/normal_skill_02",
            "cc.AudioClip"
        ],
        "40ivzCqypETpDYvBf97AsX": [
            "Sound/normal_skill_03",
            "cc.AudioClip"
        ],
        "b0Be1U5OhHZqrhWdk59oFl": [
            "Sound/symbol_drop",
            "cc.AudioClip"
        ],
        "7cGP+dUadJX4maNrn1MZDo": [
            "Sound/tienRoi",
            "cc.AudioClip"
        ],
        "1a/9NyyXxLTrjCgOedwxam": [
            "Sound/tiengChemKiem",
            "cc.AudioClip"
        ],
        "b4+IldMfJIFJHzKo/9sY1+": [
            "Sound/tt_bmg_bw1",
            "cc.AudioClip"
        ],
        "3btlqDqYhDcKdQ7AQGn6YV": [
            "Sound/tt_bmg_bw3_01",
            "cc.AudioClip"
        ],
        "beE7N/ycZCQ4Pp+TJbDPn0": [
            "Sound/tt_bmg_fs_total",
            "cc.AudioClip"
        ],
        "ffdEO46/dDM7IW6i5s531K": [
            "Sound/tt_bmg_tranfs",
            "cc.AudioClip"
        ],
        "ac1uKvhhpM1IwB5GzL2M3c": [
            "Sound/tt_button_click",
            "cc.AudioClip"
        ],
        "2f9HSepGNBTpXA9rk4ZQrK": [
            "Sound/tt_fs_transition",
            "cc.AudioClip"
        ],
        "73Wti9dDBNnL7b9MzDo/7T": [
            "Sound/tt_money_final",
            "cc.AudioClip"
        ],
        "b0d7qTe3hOGqi9BLaNWiKA": [
            "Sound/tt_orb_active",
            "cc.AudioClip"
        ],
        "8cFAuW8P5DXbs1vu9lAfr0": [
            "Sound/tt_scatterDisapear",
            "cc.AudioClip"
        ],
        "d0Vb6a5ZdOTYDqgEw90pIX": [
            "Sound/tt_scatterFly",
            "cc.AudioClip"
        ],
        "fcE6CXP21NF4N7YDCqxXBS": [
            "Sound/tt_sfx_jackpot_appear",
            "cc.AudioClip"
        ],
        "ach3NR1wNGrZFqzwUVKH5Y": [
            "Sound/tt_sfx_nearwin",
            "cc.AudioClip"
        ],
        "59zS2951BCSqnAQ1ScqKg4": [
            "Sound/tt_sfx_scatter_appear",
            "cc.AudioClip"
        ],
        "88axcVLiBFFZOzR742K86Q": [
            "Sound/tt_sfx_winline",
            "cc.AudioClip"
        ],
        "1bzam0DeRB9q1w3RMRbLKv": [
            "Sound/tt_sfx_winline_no",
            "cc.AudioClip"
        ],
        "2eAe5Yjg1Gv5WVFfDKKhjl": [
            "Sound/tt_spin",
            "cc.AudioClip"
        ],
        "40k8fxt8RDR48pV9aYCFDt": [
            "Spine/BigWin/concept_bigwinA",
            "cc.Asset"
        ],
        "d3xAWJdA1PjYqa3Pss5VWD": [
            "Spine/BigWin/concept_bigwinA",
            "sp.SkeletonData"
        ],
        "d5nxZpmjhBiZX2YX1O0qGJ": [
            "Spine/BigWin/concept_bigwinA",
            "cc.SpriteFrame",
            1
        ],
        "d7ou65SiBGwapUpaM6tyz1": [
            "Spine/BigWin/concept_bigwinA",
            "cc.Texture2D"
        ],
        "e3Tsr2IrVOVaza53hTYQUG": [
            "Spine/BigWin/concept_bigwinA2",
            "cc.Texture2D"
        ],
        "f4wOzjg2ZNdL5CzDUxG8Iv": [
            "Spine/BigWin/concept_bigwinA2",
            "cc.SpriteFrame",
            1
        ],
        "51Z/oM0FRNK4de468Rvnyy": [
            "Spine/Eff/ef_character_spine",
            "sp.SkeletonData"
        ],
        "cfe6gaQA9ESLURF7Ky8dec": [
            "Spine/Eff/ef_character_spine",
            "cc.Asset"
        ],
        "eeOfMVNW5Ji6kiJWwIvNM0": [
            "Spine/Eff/ef_character_spine",
            "cc.SpriteFrame",
            1
        ],
        "fcYO7JkYtCDLIXREKx8IJo": [
            "Spine/Eff/ef_character_spine",
            "cc.Texture2D"
        ],
        "81cMHohg1GWYtLgVY1OO4l": [
            "Spine/Eff/ef_character_spine2",
            "cc.Texture2D"
        ],
        "d2eB+mAZVFh7QLLjQL1aFP": [
            "Spine/Eff/ef_character_spine2",
            "cc.SpriteFrame",
            1
        ],
        "88Y1lqraBP6ZmWXZ4xlbXD": [
            "Spine/Eff/ef_character_spine3",
            "cc.SpriteFrame",
            1
        ],
        "afnv/oaZdE674owPmPC7sF": [
            "Spine/Eff/ef_character_spine3",
            "cc.Texture2D"
        ],
        "5dDK5BPcBIg4UXv6eO//38": [
            "Spine/Eff/ef_character_spine4",
            "cc.SpriteFrame",
            1
        ],
        "7eqlUcZiNBuZuAicw7o0UL": [
            "Spine/Eff/ef_character_spine4",
            "cc.Texture2D"
        ],
        "30HA8yc21IF4qvuAYVx+lE": [
            "Spine/FreeGame/ef_free_game_spine",
            "cc.Asset"
        ],
        "53bcAMjwFHGJXZq3+uwom6": [
            "Spine/FreeGame/ef_free_game_spine",
            "cc.SpriteFrame",
            1
        ],
        "55aeZu9phDTKDqN7CmodtN": [
            "Spine/FreeGame/ef_free_game_spine",
            "cc.Texture2D"
        ],
        "c682myGP5Eb7FewmS+rkyS": [
            "Spine/FreeGame/ef_free_game_spine",
            "sp.SkeletonData"
        ],
        "86cE9eCgJER70+tLn/BReL": [
            "Spine/FreeGame/ef_free_game_spine2",
            "cc.SpriteFrame",
            1
        ],
        "fdhaQj+f9A2LnbNbx17Ilm": [
            "Spine/FreeGame/ef_free_game_spine2",
            "cc.Texture2D"
        ],
        "66w8r5Md5KQYcNmTDWPQcj": [
            "Spine/FreeGame/fly_scatter_spine",
            "cc.Texture2D"
        ],
        "6fEijmIv1Ospwb7NCXBwsC": [
            "Spine/FreeGame/fly_scatter_spine",
            "cc.SpriteFrame",
            1
        ],
        "83wV1yswVA/rEvWJQTUDr/": [
            "Spine/FreeGame/fly_scatter_spine",
            "sp.SkeletonData"
        ],
        "a8Wl5Ukv9BD4V4VROmWfMQ": [
            "Spine/FreeGame/fly_scatter_spine",
            "cc.Asset"
        ],
        "24ftqiJbNB4q5Z5hhQsov+": [
            "Spine/JackpotAward/banner_spine",
            "cc.SpriteFrame",
            1
        ],
        "c5/ZbnZIpOIoguQrEG4Nf0": [
            "Spine/JackpotAward/banner_spine",
            "sp.SkeletonData"
        ],
        "f0cvWe8H9NzISjxGqqaeY9": [
            "Spine/JackpotAward/banner_spine",
            "cc.Texture2D"
        ],
        "f2964y/DtE8I1orZMtrgrm": [
            "Spine/JackpotAward/banner_spine",
            "cc.Asset"
        ],
        "01bCU3P5RKc67Lkm88kf8r": [
            "Spine/JackpotPopup/ef_jackpot_spine",
            "cc.Asset"
        ],
        "0dfOngz7tE/JisbQatySY4": [
            "Spine/JackpotPopup/ef_jackpot_spine",
            "cc.SpriteFrame",
            1
        ],
        "5aAUcRpqFN74eIHcmU/pv7": [
            "Spine/JackpotPopup/ef_jackpot_spine",
            "cc.Texture2D"
        ],
        "99xOME0ytOqoGmC3bTeMqM": [
            "Spine/JackpotPopup/ef_jackpot_spine",
            "sp.SkeletonData"
        ],
        "0atad0x+JK8Z3hQIyyIY8e": [
            "Spine/JackpotPopup/ef_jackpot_spine2",
            "cc.Texture2D"
        ],
        "3aCwF9Qj5KUJYopbi+jDCw": [
            "Spine/JackpotPopup/ef_jackpot_spine2",
            "cc.SpriteFrame",
            1
        ],
        "21qu9z/6BAc7nmmgBFqw2r": [
            "Spine/JackpotPopup/ef_symbol_jp",
            "cc.Texture2D"
        ],
        "4bCN73/ctDmqurZnxwR4km": [
            "Spine/JackpotPopup/ef_symbol_jp",
            "cc.SpriteFrame",
            1
        ],
        "7bVBBI2FZJwY5fGkssiFtY": [
            "Spine/JackpotPopup/ef_symbol_jp",
            "sp.SkeletonData"
        ],
        "ad80/y3pNAYqNGvOA/Z0uu": [
            "Spine/JackpotPopup/ef_symbol_jp",
            "cc.Asset"
        ],
        "2fzIybkG5IGrbkOj9eKYMP": [
            "Spine/NearWin/ef_near_win_spine",
            "cc.Texture2D"
        ],
        "38CFmtj/JEzLjH0YZdzFvD": [
            "Spine/NearWin/ef_near_win_spine",
            "cc.Asset"
        ],
        "b3ZpHOJIROCagmojxSvvv2": [
            "Spine/NearWin/ef_near_win_spine",
            "cc.SpriteFrame",
            1
        ],
        "d8ED6aMWdB94u8iGbkgdiH": [
            "Spine/NearWin/ef_near_win_spine",
            "sp.SkeletonData"
        ],
        "cb9e+z6vZKTYTIAyTyLMaF": [
            "Spine/Orbs/ef_orb_all",
            "sp.SkeletonData"
        ],
        "d1YyoKrFRFWKDYwGs/+5/I": [
            "Spine/Orbs/ef_orb_all",
            "cc.SpriteFrame",
            1
        ],
        "f65Q13ddNHvLC5Zchzo/jE": [
            "Spine/Orbs/ef_orb_all",
            "cc.Texture2D"
        ],
        "f9bEi2e2xNF5ubeJ7Ue4FA": [
            "Spine/Orbs/ef_orb_all",
            "cc.Asset"
        ],
        "06rD/AaBNOt4tiUsRSsTDx": [
            "Spine/PaylineWin/ef_total_win_spine",
            "cc.SpriteFrame",
            1
        ],
        "45yInR0SdGZ5MvUhRpq2zw": [
            "Spine/PaylineWin/ef_total_win_spine",
            "cc.Asset"
        ],
        "7a5uvF8W1Ed5wh/spolWVG": [
            "Spine/PaylineWin/ef_total_win_spine",
            "sp.SkeletonData"
        ],
        "dfz7Fp8uFBSJwxkSsAA7sb": [
            "Spine/PaylineWin/ef_total_win_spine",
            "cc.Texture2D"
        ],
        "15XaJXFoJKq6jbbUYWGlzf": [
            "Spine/Spin/button_spin_spine",
            "cc.Texture2D"
        ],
        "7eOmOzjapJWLeB/DdNn1lq": [
            "Spine/Spin/button_spin_spine",
            "sp.SkeletonData"
        ],
        "91+McUwQVJQabbJdKT7qK1": [
            "Spine/Spin/button_spin_spine",
            "cc.SpriteFrame",
            1
        ],
        "d2bVfczjlNZZheuRaxyBna": [
            "Spine/Spin/button_spin_spine",
            "cc.Asset"
        ],
        "4aoma0TlxMjoZoBfk7fRu7": [
            "Spine/Splash/splash",
            "cc.Texture2D"
        ],
        "689CRurW5L1pzaqWiGdyFd": [
            "Spine/Splash/splash",
            "cc.SpriteFrame",
            1
        ],
        "9djK7BjRtG6IkzHkplM7HT": [
            "Spine/Splash/splash",
            "sp.SkeletonData"
        ],
        "c52GGr2hdMhbgIOHelVquQ": [
            "Spine/Splash/splash",
            "cc.Asset"
        ],
        "9ddTDREu9KiqOOgmTox9KT": [
            "Spine/Symbol/effect/ef_symbol_spine",
            "sp.SkeletonData"
        ],
        "bdKc6GoK9IHJeBxzQNv5LC": [
            "Spine/Symbol/effect/ef_symbol_spine",
            "cc.SpriteFrame",
            1
        ],
        "d3cp/q4jJG9beFnwpWzsfk": [
            "Spine/Symbol/effect/ef_symbol_spine",
            "cc.Asset"
        ],
        "f1hvIzcUlC+pfufuY1Ybuz": [
            "Spine/Symbol/effect/ef_symbol_spine",
            "cc.Texture2D"
        ],
        "57xncOCqFKLo+tmzSnu5Li": [
            "Spine/Symbol/symbol_2/symbol_2_spine",
            "cc.Asset"
        ],
        "961Ey9IZ1HNZ2f05Mo3urw": [
            "Spine/Symbol/symbol_2/symbol_2_spine",
            "sp.SkeletonData"
        ],
        "e4TBUD1mdJdIoaZVzw45CI": [
            "Spine/Symbol/symbol_2/symbol_2_spine",
            "cc.Texture2D"
        ],
        "ed0z5KqeND2pNAYmiitAPD": [
            "Spine/Symbol/symbol_2/symbol_2_spine",
            "cc.SpriteFrame",
            1
        ],
        "5a3NLqOANNFbXFI0KCagYi": [
            "Spine/Symbol/symbol_3/symbol_3_spine",
            "cc.SpriteFrame",
            1
        ],
        "a3sSLeIo1MPqfcVaLeYUod": [
            "Spine/Symbol/symbol_3/symbol_3_spine",
            "cc.Asset"
        ],
        "b9+NbWYXJGVqovVVyWBKJV": [
            "Spine/Symbol/symbol_3/symbol_3_spine",
            "sp.SkeletonData"
        ],
        "de4T5pRd5E549ujHR88m1R": [
            "Spine/Symbol/symbol_3/symbol_3_spine",
            "cc.Texture2D"
        ],
        "2an6fmeXFGvJOsPYTkqDO9": [
            "Spine/Symbol/symbol_4/symbol_4_spine",
            "sp.SkeletonData"
        ],
        "38eexiz2xCBYGhyakKyYaL": [
            "Spine/Symbol/symbol_4/symbol_4_spine",
            "cc.Texture2D"
        ],
        "7dsrefRYhGpqRbvUL+78dm": [
            "Spine/Symbol/symbol_4/symbol_4_spine",
            "cc.SpriteFrame",
            1
        ],
        "abvjHwfHBIgok+o/D5XswL": [
            "Spine/Symbol/symbol_4/symbol_4_spine",
            "cc.Asset"
        ],
        "0dUGVK/T1GHqs4H+9zWlNN": [
            "Spine/Symbol/symbol_5/symbol_5_spine",
            "cc.Texture2D"
        ],
        "8chewfyK1LiL2ajFq/yNpT": [
            "Spine/Symbol/symbol_5/symbol_5_spine",
            "sp.SkeletonData"
        ],
        "b4n/6bwp1PCYC5Y0MAS/lG": [
            "Spine/Symbol/symbol_5/symbol_5_spine",
            "cc.Asset"
        ],
        "e1NcRfkMpAy4ahPCZ4Ik8y": [
            "Spine/Symbol/symbol_5/symbol_5_spine",
            "cc.SpriteFrame",
            1
        ],
        "25gugb9NVIMJ6ZuyQFHKc/": [
            "Spine/Symbol/symbol_6/symbol_6_spine",
            "cc.Texture2D"
        ],
        "81MgixVkJCkbZhpOrrxcFX": [
            "Spine/Symbol/symbol_6/symbol_6_spine",
            "cc.Asset"
        ],
        "cbZY8pZG1Kjrg6snZ8Y5p9": [
            "Spine/Symbol/symbol_6/symbol_6_spine",
            "cc.SpriteFrame",
            1
        ],
        "daD/OIHGtAUI8gpagNBrL4": [
            "Spine/Symbol/symbol_6/symbol_6_spine",
            "sp.SkeletonData"
        ],
        "4d4JgaDY5FYprpyxtmr2t9": [
            "Spine/Symbol/symbol_7/symbol_7_spine",
            "cc.SpriteFrame",
            1
        ],
        "6adE2VijROwZihVwfc6Vaj": [
            "Spine/Symbol/symbol_7/symbol_7_spine",
            "cc.Asset"
        ],
        "9eagWGzjJDzp/S8moang8L": [
            "Spine/Symbol/symbol_7/symbol_7_spine",
            "sp.SkeletonData"
        ],
        "b9KrOQ91hNoo1dLXjGU5kW": [
            "Spine/Symbol/symbol_7/symbol_7_spine",
            "cc.Texture2D"
        ],
        "60ty6sUNFGT6Nr/4vYBuxZ": [
            "Spine/Symbol/symbol_8/symbol_8_spine",
            "cc.Texture2D"
        ],
        "86DN6EfyBMNp87PZH1Auth": [
            "Spine/Symbol/symbol_8/symbol_8_spine",
            "cc.SpriteFrame",
            1
        ],
        "caiuApestCT6Q+XcgiAEjr": [
            "Spine/Symbol/symbol_8/symbol_8_spine",
            "cc.Asset"
        ],
        "ebLP6JmABHfr61sYk/92Go": [
            "Spine/Symbol/symbol_8/symbol_8_spine",
            "sp.SkeletonData"
        ],
        "25CyL6OFtJG6fLXJV6tU2+": [
            "Spine/Symbol/symbol_A/symbol_a_spine",
            "cc.Asset"
        ],
        "5dqWc4LgtDa4xv7dGzPn4s": [
            "Spine/Symbol/symbol_A/symbol_a_spine",
            "cc.Texture2D"
        ],
        "61EXaSa7JJfb0Fx0Tw/+Uc": [
            "Spine/Symbol/symbol_A/symbol_a_spine",
            "sp.SkeletonData"
        ],
        "e3N9iiXUlL4pvUchWgWzob": [
            "Spine/Symbol/symbol_A/symbol_a_spine",
            "cc.SpriteFrame",
            1
        ],
        "1aFzrpC25ML6OzZjDf0qbe": [
            "Spine/Symbol/symbol_JP/symbol_jp_spine",
            "sp.SkeletonData"
        ],
        "33CUv1G1dMyJYZa368yJtk": [
            "Spine/Symbol/symbol_JP/symbol_jp_spine",
            "cc.SpriteFrame",
            1
        ],
        "86o3FqcFhCZa3sKJ8nu2rK": [
            "Spine/Symbol/symbol_JP/symbol_jp_spine",
            "cc.Asset"
        ],
        "c194zYB39BFaIAdbxTNaCY": [
            "Spine/Symbol/symbol_JP/symbol_jp_spine",
            "cc.Texture2D"
        ],
        "53IGqqzM9HeoERLHIgC/u6": [
            "Spine/Symbol/symbol_K/symbol_k_spine",
            "sp.SkeletonData"
        ],
        "7fNuQJ/AFN46GAG1qMijWq": [
            "Spine/Symbol/symbol_K/symbol_k_spine",
            "cc.Texture2D"
        ],
        "981rmXdlRDh58RbIfabD7n": [
            "Spine/Symbol/symbol_K/symbol_k_spine",
            "cc.Asset"
        ],
        "d55edF7zdHcJsmaX1LOWLP": [
            "Spine/Symbol/symbol_K/symbol_k_spine",
            "cc.SpriteFrame",
            1
        ],
        "52ttaILjhOBal1tFfIaSba": [
            "Spine/TotalWin/ef_total_win_fg_spine",
            "sp.SkeletonData"
        ],
        "9ah5iQDwZK/7vlEN95pUP5": [
            "Spine/TotalWin/ef_total_win_fg_spine",
            "cc.SpriteFrame",
            1
        ],
        "a28J/V3p5PuKgKAySikwyV": [
            "Spine/TotalWin/ef_total_win_fg_spine",
            "cc.Texture2D"
        ],
        "d83QGXRu1Kr7VegQeACbwZ": [
            "Spine/TotalWin/ef_total_win_fg_spine",
            "cc.Asset"
        ],
        "b6TBH7XtpPXqxxz77PgDwg": [
            "Sprites/Line/line",
            "cc.SpriteAtlas"
        ],
        "daUU+fzI5LXa9iG31QBXzU": [
            "Sprites/Line/line",
            "cc.Texture2D"
        ],
        "29DpnDb4FM8ZEALF48ekIN": [
            "Sprites/bg_board_normal",
            "cc.Texture2D"
        ],
        "59Gwbiy8tFMIfu9zZLsyEL": [
            "Sprites/bg_board_normal",
            "cc.SpriteFrame",
            1
        ],
        "87FkjFMlZA75TKeaJQoTfI": [
            "Sprites/bg_freegame",
            "cc.Texture2D"
        ],
        "bdO7FpdZpLq7x6GQUfbplF": [
            "Sprites/bg_freegame",
            "cc.SpriteFrame",
            1
        ],
        "1bOjyMMe1Ln64h6vO6T2og": [
            "Sprites/bg_maingame",
            "cc.Texture2D"
        ],
        "9eGwLoJJxPhpbyDiwIIxi7": [
            "Sprites/bg_maingame",
            "cc.SpriteFrame",
            1
        ],
        "17IJyhSxNLX4zyKS7lST/U": [
            "Sprites/board_normal_game",
            "cc.SpriteFrame",
            1
        ],
        "60Yd7PAWRKMISupSmwJuEY": [
            "Sprites/board_normal_game",
            "cc.Texture2D"
        ],
        "28YpTi1pxBAq4zJMIKc0VX": [
            "Sprites/launch",
            "cc.Texture2D"
        ],
        "6b9jhqsRlFAKOH3uDZfQA9": [
            "Sprites/launch",
            "cc.SpriteFrame",
            1
        ],
        "09Td/XwPhC34ZvIPkiM9Qr": [
            "Sprites/launch_02",
            "cc.SpriteFrame",
            1
        ],
        "44OMOWBspHb7dzHqPKjcvY": [
            "Sprites/launch_02",
            "cc.Texture2D"
        ],
        "71YbyBQt9Ju5oOR8UJTMDO": [
            "Sprites/loading_atlas/loading_background",
            "cc.SpriteFrame",
            1
        ],
        "c3AJRfrtVC6rLYm+l50xde": [
            "Sprites/loading_atlas/loading_background",
            "cc.Texture2D"
        ],
        "39dVnWyJxA46ArcBUFdwoV": [
            "Sprites/loading_atlas/loading_btn_start",
            "cc.SpriteFrame",
            1
        ],
        "4fXPQiTvRO5a1zetBjXE6G": [
            "Sprites/loading_atlas/loading_btn_start",
            "cc.Texture2D"
        ],
        "9bkf3h/URFsoLvffIQ2/HX": [
            "Sprites/loading_atlas/loading_effect",
            "cc.SpriteFrame",
            1
        ],
        "a38yV0QNJG9rN53r1RWrtc": [
            "Sprites/loading_atlas/loading_effect",
            "cc.Texture2D"
        ],
        "62RufNYMFGb6KrOt60bWZy": [
            "Sprites/loading_atlas/loading_progress",
            "cc.Texture2D"
        ],
        "b8PiT+8jFEA6N4xgEaAhCb": [
            "Sprites/loading_atlas/loading_progress",
            "cc.SpriteFrame",
            1
        ],
        "68kc8/dqVJwoUJYY9ytag2": [
            "Sprites/loading_atlas/loading_progress_end",
            "cc.SpriteFrame",
            1
        ],
        "abJsDNNmdLvbzpHCh1vYIy": [
            "Sprites/loading_atlas/loading_progress_end",
            "cc.Texture2D"
        ],
        "25AQHIlnxChKITVumOjYvA": [
            "Sprites/loading_atlas/loading_progress_mask",
            "cc.Texture2D"
        ],
        "51RvCEA+NI64OGNrwx7JbD": [
            "Sprites/loading_atlas/loading_progress_mask",
            "cc.SpriteFrame",
            1
        ],
        "5fFVSRau9FXKL3AizfYiST": [
            "Sprites/menu_popup_atlas/btn_back",
            "cc.SpriteFrame",
            1
        ],
        "adSg6Rw+tNK4N7JkXhHmDR": [
            "Sprites/menu_popup_atlas/btn_back",
            "cc.Texture2D"
        ],
        "04GJT3MeFIJboEp7sNSGod": [
            "Sprites/menu_popup_atlas/btn_close",
            "cc.SpriteFrame",
            1
        ],
        "aaiHcXfhRKy60+pC5L2s3O": [
            "Sprites/menu_popup_atlas/btn_close",
            "cc.Texture2D"
        ],
        "14rrhKVZhI+pFFDs+INGKC": [
            "Sprites/menu_popup_atlas/btn_detail",
            "cc.SpriteFrame",
            1
        ],
        "4fpXMUndVKMaUjcPFNXCPj": [
            "Sprites/menu_popup_atlas/btn_detail",
            "cc.Texture2D"
        ],
        "51t0llUh9Fy7psJR9ReASb": [
            "Sprites/menu_popup_atlas/btn_exit_on",
            "cc.SpriteFrame",
            1
        ],
        "e5539j4NVFko0kKMgENXWR": [
            "Sprites/menu_popup_atlas/btn_exit_on",
            "cc.Texture2D"
        ],
        "00bP5IqxJO3bixCKgETouv": [
            "Sprites/menu_popup_atlas/btn_history",
            "cc.SpriteFrame",
            1
        ],
        "5dGDVFpSxFD615eJuVk8ft": [
            "Sprites/menu_popup_atlas/btn_history",
            "cc.Texture2D"
        ],
        "2eS+pF7qJNNrMqQnQJu/bO": [
            "Sprites/menu_popup_atlas/btn_paytable",
            "cc.Texture2D"
        ],
        "dc7OUUclNLq7Mml6C0MfQp": [
            "Sprites/menu_popup_atlas/btn_paytable",
            "cc.SpriteFrame",
            1
        ],
        "8ej/qR7VZEpq28ZX1SI0oH": [
            "Sprites/menu_popup_atlas/btn_rules",
            "cc.SpriteFrame",
            1
        ],
        "aa+tBc/V1IoboNNkuD7eZ7": [
            "Sprites/menu_popup_atlas/btn_rules",
            "cc.Texture2D"
        ],
        "a9i/MGugJDQ5LQIR8g7qhW": [
            "Sprites/menu_popup_atlas/btn_sound_off",
            "cc.Texture2D"
        ],
        "faf/eWqGRDNLKGdyOiVBAb": [
            "Sprites/menu_popup_atlas/btn_sound_off",
            "cc.SpriteFrame",
            1
        ],
        "43fKVLAatF9qqnyEmGTRZU": [
            "Sprites/menu_popup_atlas/btn_sound_on",
            "cc.Texture2D"
        ],
        "9eIqB6uftAD4NcUtemn6WN": [
            "Sprites/menu_popup_atlas/btn_sound_on",
            "cc.SpriteFrame",
            1
        ],
        "0dbvpqsglDN6O9VIh/YuKr": [
            "Sprites/menu_popup_atlas/copy_icon",
            "cc.Texture2D"
        ],
        "da3C44q01LWJwFHYJKDFqF": [
            "Sprites/menu_popup_atlas/copy_icon",
            "cc.SpriteFrame",
            1
        ],
        "9aVfl5bEJLRqI1RmPAHw38": [
            "Sprites/menu_popup_atlas/menupopup-bet-content-bg",
            "cc.Texture2D"
        ],
        "af+Ei9RlBEcpr9/zuz7wsV": [
            "Sprites/menu_popup_atlas/menupopup-bet-content-bg",
            "cc.SpriteFrame",
            1
        ],
        "37L0Cct6NFJKa0P++gpncH": [
            "Sprites/menu_popup_atlas/menupopup-bet-footer",
            "cc.Texture2D"
        ],
        "ecUenk/4NA6ryRgSe3rmTO": [
            "Sprites/menu_popup_atlas/menupopup-bet-footer",
            "cc.SpriteFrame",
            1
        ],
        "b9Hg64mUxE0YPcxS7l/dNd": [
            "Sprites/menu_popup_atlas/menupopup-btn-highlight-long",
            "cc.SpriteFrame",
            1
        ],
        "dcTW3VlxBNz7RleBkAq0ta": [
            "Sprites/menu_popup_atlas/menupopup-btn-highlight-long",
            "cc.Texture2D"
        ],
        "06CRpLecBJfIds5Ej4a0WJ": [
            "Sprites/menu_popup_atlas/menupopup-btn-highlight-normal2",
            "cc.SpriteFrame",
            1
        ],
        "f6X1MeTN1Dc6SeU/0xYOzj": [
            "Sprites/menu_popup_atlas/menupopup-btn-highlight-normal2",
            "cc.Texture2D"
        ],
        "4ay4SlJMBJ97d1HAXWtDRw": [
            "Sprites/menu_popup_atlas/menupopup-btn-normal",
            "cc.SpriteFrame",
            1
        ],
        "73n1SGnrZA1pyioMXT8EnO": [
            "Sprites/menu_popup_atlas/menupopup-btn-normal",
            "cc.Texture2D"
        ],
        "b0kAElh4NMZrjw9nhzeMKo": [
            "Sprites/menu_popup_atlas/menupopup-btn-small-press",
            "cc.Texture2D"
        ],
        "f25DYKIZBInKRkTnXYkdBQ": [
            "Sprites/menu_popup_atlas/menupopup-btn-small-press",
            "cc.SpriteFrame",
            1
        ],
        "68oN49AehIU5OZDqeB+HAh": [
            "Sprites/menu_popup_atlas/menupopup-close",
            "cc.Texture2D"
        ],
        "c62EkctlBOKqS4IS3sR0Um": [
            "Sprites/menu_popup_atlas/menupopup-close",
            "cc.SpriteFrame",
            1
        ],
        "4eYxd8ZohCFZn7rTpELBHt": [
            "Sprites/menu_popup_atlas/menupopup-history-btn-enable",
            "cc.SpriteFrame",
            1
        ],
        "efVFBW40xNXpd77XGlq3YB": [
            "Sprites/menu_popup_atlas/menupopup-history-btn-enable",
            "cc.Texture2D"
        ],
        "75g0qH9JpFHrp+8zwBACPW": [
            "Sprites/menu_popup_atlas/menupopup-history-waiting",
            "cc.SpriteFrame",
            1
        ],
        "efGDv6kbRPLaLG8ER/XDNh": [
            "Sprites/menu_popup_atlas/menupopup-history-waiting",
            "cc.Texture2D"
        ],
        "89XSqV4zZN/IqcmVyHSpsd": [
            "Sprites/menu_popup_atlas/menupopup_loading",
            "cc.SpriteFrame",
            1
        ],
        "93wfOAaEFCh7nlLNmzGknA": [
            "Sprites/menu_popup_atlas/menupopup_loading",
            "cc.Texture2D"
        ],
        "48Z1O+kbZEq56V+QSFP3Ac": [
            "Sprites/paytable_atlas-0/Background",
            "cc.SpriteFrame",
            1
        ],
        "99yxZYpMFO74ZKjERcWAQL": [
            "Sprites/paytable_atlas-0/Background",
            "cc.Texture2D"
        ],
        "48QEK4xD9CG4KsB3Ji3wnr": [
            "Sprites/paytable_atlas-0/control",
            "cc.SpriteFrame",
            1
        ],
        "8dOZ/9J+pEzKjsgtohU11I": [
            "Sprites/paytable_atlas-0/control",
            "cc.Texture2D"
        ],
        "075/opUIlGmYXWEoiBj5pa": [
            "Sprites/paytable_atlas-0/paytable",
            "cc.Texture2D"
        ],
        "d2OkVAlz1NuYqJGlSwseRP": [
            "Sprites/paytable_atlas-0/paytable",
            "cc.SpriteFrame",
            1
        ],
        "faRQYQU/FINLfmXBzCTnRz": [
            "Sprites/paytable_atlas-0/paytable1",
            "cc.Texture2D"
        ],
        "fe/VhxcqBC+Iil3dU8Ozl0": [
            "Sprites/paytable_atlas-0/paytable1",
            "cc.SpriteFrame",
            1
        ],
        "0ewLjFvQ9DdYooRa0j/tQR": [
            "Sprites/paytable_atlas-0/paytable2",
            "cc.Texture2D"
        ],
        "5aPGZgh71JxbT+9rpodVh8": [
            "Sprites/paytable_atlas-0/paytable2",
            "cc.SpriteFrame",
            1
        ],
        "6f54aS5PVA+KdTzVD2a6di": [
            "Sprites/paytable_atlas-0/rules",
            "cc.SpriteFrame",
            1
        ],
        "beGN7b0w9FQ6+BOURavBi8": [
            "Sprites/paytable_atlas-0/rules",
            "cc.Texture2D"
        ],
        "44h6escVpHVar3DIf9MLdR": [
            "Sprites/paytable_atlas-0/rules1",
            "cc.Texture2D"
        ],
        "9aIebzVqtL8qhzoiGdyvqA": [
            "Sprites/paytable_atlas-0/rules1",
            "cc.SpriteFrame",
            1
        ],
        "39os5cHU9EsYw7Hfj2yfOF": [
            "Sprites/paytable_atlas-0/rules2",
            "cc.SpriteFrame",
            1
        ],
        "3fxUEtHwdObrpUpOzeoJro": [
            "Sprites/paytable_atlas-0/rules2",
            "cc.Texture2D"
        ],
        "23swPA8S9O3bFKkZhxn1za": [
            "Sprites/spin_panel_atlas/btn_auto",
            "cc.SpriteFrame",
            1
        ],
        "caTlcnueFKz6ai3Sc0YefS": [
            "Sprites/spin_panel_atlas/btn_auto",
            "cc.Texture2D"
        ],
        "76SKmYuyRF+IhKgZdXeiG+": [
            "Sprites/spin_panel_atlas/btn_auto_off",
            "cc.Texture2D"
        ],
        "9d7Oly6qNEwrlqtaVILtH4": [
            "Sprites/spin_panel_atlas/btn_auto_off",
            "cc.SpriteFrame",
            1
        ],
        "7dVmo7nXxF6I9GYdELfn/w": [
            "Sprites/spin_panel_atlas/btn_bet_add",
            "cc.SpriteFrame",
            1
        ],
        "91W23gA8FJq6ltQW566/YY": [
            "Sprites/spin_panel_atlas/btn_bet_add",
            "cc.Texture2D"
        ],
        "64MKPBVzFPGKfkYMNP+8LO": [
            "Sprites/spin_panel_atlas/btn_bet_add_off",
            "cc.Texture2D"
        ],
        "e5XDGchqJA6q2+E8Hpfu1g": [
            "Sprites/spin_panel_atlas/btn_bet_add_off",
            "cc.SpriteFrame",
            1
        ],
        "abEZaGdB9FUbJ3eQfTGoYt": [
            "Sprites/spin_panel_atlas/btn_bet_icon_balance",
            "cc.SpriteFrame",
            1
        ],
        "efofeibiFL2Ld01bPQX2s/": [
            "Sprites/spin_panel_atlas/btn_bet_icon_balance",
            "cc.Texture2D"
        ],
        "9fEAqgZtJBbYHLbwLAc8Wm": [
            "Sprites/spin_panel_atlas/btn_bet_icon_bet",
            "cc.Texture2D"
        ],
        "bbNbwTe5JFX57yHMgrk3OG": [
            "Sprites/spin_panel_atlas/btn_bet_icon_bet",
            "cc.SpriteFrame",
            1
        ],
        "1aTZpR2vlEDb8qp+FujZWd": [
            "Sprites/spin_panel_atlas/btn_bet_icon_win",
            "cc.SpriteFrame",
            1
        ],
        "69BfFx7P1GYJnsmOqm7x2R": [
            "Sprites/spin_panel_atlas/btn_bet_icon_win",
            "cc.Texture2D"
        ],
        "070dguDUxGIbIysVegfpqI": [
            "Sprites/spin_panel_atlas/btn_bet_option",
            "cc.SpriteFrame",
            1
        ],
        "39cie874hA6KlQtqYBXafT": [
            "Sprites/spin_panel_atlas/btn_bet_option",
            "cc.Texture2D"
        ],
        "58q9EG9sRLBopKN3Z6RWlO": [
            "Sprites/spin_panel_atlas/btn_bet_option_off",
            "cc.Texture2D"
        ],
        "c1Fm1rUHhBDpZSwscz4Ftg": [
            "Sprites/spin_panel_atlas/btn_bet_option_off",
            "cc.SpriteFrame",
            1
        ],
        "245PYIxZ1D4a5bTHwxORHR": [
            "Sprites/spin_panel_atlas/btn_bet_sub",
            "cc.Texture2D"
        ],
        "6cJ1SzyOdAxYynOyB+tIb0": [
            "Sprites/spin_panel_atlas/btn_bet_sub",
            "cc.SpriteFrame",
            1
        ],
        "54pk40uKZMlLFFv9Cgv0M/": [
            "Sprites/spin_panel_atlas/btn_bet_sub_off",
            "cc.SpriteFrame",
            1
        ],
        "90amombMhPt7a7BWgiJLRv": [
            "Sprites/spin_panel_atlas/btn_bet_sub_off",
            "cc.Texture2D"
        ],
        "8cPf6vScZIoYgXuxh0CTHu": [
            "Sprites/spin_panel_atlas/btn_turbo_off",
            "cc.SpriteFrame",
            1
        ],
        "af4P07g3pCoovTrB3m/wSR": [
            "Sprites/spin_panel_atlas/btn_turbo_off",
            "cc.Texture2D"
        ],
        "0e61v/7L9CsqakxzrIt04j": [
            "Sprites/spin_panel_atlas/btn_turbo_on",
            "cc.SpriteFrame",
            1
        ],
        "83Xu4BoSFIfbmSIHJo+vSv": [
            "Sprites/spin_panel_atlas/btn_turbo_on",
            "cc.Texture2D"
        ],
        "badcf+Vf1FGL/eI6+60KLy": [
            "Sprites/spin_panel_atlas/button_spin",
            "cc.SpriteFrame",
            1
        ],
        "f4pb+Q54lKKKciMs1sI2zN": [
            "Sprites/spin_panel_atlas/button_spin",
            "cc.Texture2D"
        ],
        "25naUIh/JPY6J66bWbgxLr": [
            "Sprites/spin_panel_atlas/button_spin_blur",
            "cc.Texture2D"
        ],
        "42oXRW0GRKTpSSBXVNTgxj": [
            "Sprites/spin_panel_atlas/button_spin_blur",
            "cc.SpriteFrame",
            1
        ],
        "75kdS/Jz5I6JmlyOkjG2Ci": [
            "Sprites/spin_panel_atlas/button_spin_freegame_left",
            "cc.Texture2D"
        ],
        "8bmmoL4xxB4pk4T1iE6I6T": [
            "Sprites/spin_panel_atlas/button_spin_freegame_left",
            "cc.SpriteFrame",
            1
        ],
        "50D19uIyRLZaQYGf9TcZ5X": [
            "Sprites/spin_panel_atlas/button_spin_freegame_right",
            "cc.Texture2D"
        ],
        "dfR6CnisRDHoYEGVXHVwWa": [
            "Sprites/spin_panel_atlas/button_spin_freegame_right",
            "cc.SpriteFrame",
            1
        ],
        "294qS8b4pMeoUrYuKZjFcD": [
            "Sprites/spin_panel_atlas/button_spin_grey",
            "cc.Texture2D"
        ],
        "7cIwy+mVZHtbsp7hCmjJVB": [
            "Sprites/spin_panel_atlas/button_spin_grey",
            "cc.SpriteFrame",
            1
        ],
        "4aStXinCBMZ7qCWSSic0Xd": [
            "Sprites/spin_panel_atlas/button_spin_grey_blur",
            "cc.Texture2D"
        ],
        "8eu3I7ublMJK88ST/xcTVk": [
            "Sprites/spin_panel_atlas/button_spin_grey_blur",
            "cc.SpriteFrame",
            1
        ],
        "45arcCam1GD5H6ZmmnrVCM": [
            "Sprites/spin_panel_atlas/button_spin_lock",
            "cc.Texture2D"
        ],
        "67/yfiHapLTaAysbsPoYpH": [
            "Sprites/spin_panel_atlas/button_spin_lock",
            "cc.SpriteFrame",
            1
        ],
        "24Ca0NuvlJcotM5Vr/QVBu": [
            "Sprites/spin_panel_atlas/promo_ico_dark",
            "cc.Texture2D"
        ],
        "f0Rm4reQ9BQ7bCuefIFD0D": [
            "Sprites/spin_panel_atlas/promo_ico_dark",
            "cc.SpriteFrame",
            1
        ],
        "e7B8ZovDZBLrQEgoS5pvFX": [
            "Sprites/spin_panel_atlas/promo_ico_light",
            "cc.SpriteFrame",
            1
        ],
        "f5TbL9H/RHYrjvKgdEiHgU": [
            "Sprites/spin_panel_atlas/promo_ico_light",
            "cc.Texture2D"
        ],
        "67RcFygPVOr7wov1z7WzyI": [
            "Sprites/spin_panel_atlas/promo_number_bg",
            "cc.SpriteFrame",
            1
        ],
        "beuGD5AzBHL5zOculeODXN": [
            "Sprites/spin_panel_atlas/promo_number_bg",
            "cc.Texture2D"
        ],
        "84nQpKAS1KCLohvmUJs3Nt": [
            "Sprites/spin_panel_atlas/tool_tip_turbo_off",
            "cc.SpriteFrame",
            1
        ],
        "e5HxMewrZK3aZrR40lE7zt": [
            "Sprites/spin_panel_atlas/tool_tip_turbo_off",
            "cc.Texture2D"
        ],
        "83aQoQMJZNsoZn67/MBXmX": [
            "Sprites/spin_panel_atlas/tool_tip_turbo_on",
            "cc.Texture2D"
        ],
        "c0iQuDHu9EKrjVv9pKORiC": [
            "Sprites/spin_panel_atlas/tool_tip_turbo_on",
            "cc.SpriteFrame",
            1
        ],
        "2cN1PydFNGh45yVqBrLEx2": [
            "Sprites/spin_panel_atlas/ui_button_bar",
            "cc.Texture2D"
        ],
        "d2trsabglH4Kwmrr+co4dg": [
            "Sprites/spin_panel_atlas/ui_button_bar",
            "cc.SpriteFrame",
            1
        ],
        "10X7DrT3JE8bZAzTRLuqJ4": [
            "Sprites/spin_panel_atlas/ui_button_bar_01",
            "cc.Texture2D"
        ],
        "9acT018OZNN4g7H8uKIiUZ": [
            "Sprites/spin_panel_atlas/ui_button_bar_01",
            "cc.SpriteFrame",
            1
        ],
        "65/sCR40ZD17o24fBTq3eL": [
            "Sprites/spin_panel_atlas/ui_button_bar_02",
            "cc.Texture2D"
        ],
        "f38flb71lAtrwGFVQ4teK9": [
            "Sprites/spin_panel_atlas/ui_button_bar_02",
            "cc.SpriteFrame",
            1
        ],
        "0cQHF61YJPhqqwFfbaWpVY": [
            "Sprites/symbol_info_bg1",
            "cc.Texture2D"
        ],
        "3fPdzV+ApDTa4BWpFbYTe3": [
            "Sprites/symbol_info_bg1",
            "cc.SpriteFrame",
            1
        ],
        "07SM1IScREtreSct2NSkiV": [
            "Sprites/symbols_atlas/scatter_sword",
            "cc.SpriteFrame",
            1
        ],
        "2662mrAONMkq4ybUCOqJwz": [
            "Sprites/symbols_atlas/scatter_sword",
            "cc.Texture2D"
        ],
        "2bmhuDiOND+ZlbPf2cCa5c": [
            "Sprites/symbols_atlas/symbol_2",
            "cc.Texture2D"
        ],
        "f8j1HFYitBl6HdF+gmDyAh": [
            "Sprites/symbols_atlas/symbol_2",
            "cc.SpriteFrame",
            1
        ],
        "4blJxL/OdDVr65czf6FZHZ": [
            "Sprites/symbols_atlas/symbol_2_blur",
            "cc.Texture2D"
        ],
        "ddmHYLmKBP3KpVMQ+YgTvI": [
            "Sprites/symbols_atlas/symbol_2_blur",
            "cc.SpriteFrame",
            1
        ],
        "83JwoYt/xKipRkwcKTEZIR": [
            "Sprites/symbols_atlas/symbol_3",
            "cc.Texture2D"
        ],
        "ccZGPcNAVAMKJX62pG4mq7": [
            "Sprites/symbols_atlas/symbol_3",
            "cc.SpriteFrame",
            1
        ],
        "10FsT28O9Deadkc2nlySLh": [
            "Sprites/symbols_atlas/symbol_3_blur",
            "cc.Texture2D"
        ],
        "2bhS1KnINAAKRLXj48gcY1": [
            "Sprites/symbols_atlas/symbol_3_blur",
            "cc.SpriteFrame",
            1
        ],
        "618GLi0h9KTYuUQXAxs6Po": [
            "Sprites/symbols_atlas/symbol_4",
            "cc.Texture2D"
        ],
        "fbcG31aNRBdqdaxDg/PTJq": [
            "Sprites/symbols_atlas/symbol_4",
            "cc.SpriteFrame",
            1
        ],
        "28jGHP/QhO/IhRjUR0uGFP": [
            "Sprites/symbols_atlas/symbol_4_blur",
            "cc.Texture2D"
        ],
        "59Nxsdkb5NObcl70JCj64X": [
            "Sprites/symbols_atlas/symbol_4_blur",
            "cc.SpriteFrame",
            1
        ],
        "6bZQ+aUuhIZZ7Txg+fY+zu": [
            "Sprites/symbols_atlas/symbol_5",
            "cc.Texture2D"
        ],
        "8bkAr0FdtBTZIkFN31+BF4": [
            "Sprites/symbols_atlas/symbol_5",
            "cc.SpriteFrame",
            1
        ],
        "3dpDuNHGBBWaXgbtoYUx2J": [
            "Sprites/symbols_atlas/symbol_5_blur",
            "cc.SpriteFrame",
            1
        ],
        "dbFLPAVn9MtK3KWSt5KA+j": [
            "Sprites/symbols_atlas/symbol_5_blur",
            "cc.Texture2D"
        ],
        "31dOXzcSJNKZ2xByZkL2M9": [
            "Sprites/symbols_atlas/symbol_6",
            "cc.SpriteFrame",
            1
        ],
        "7bd267AyVC+pZcPBTHDtSC": [
            "Sprites/symbols_atlas/symbol_6",
            "cc.Texture2D"
        ],
        "f2xRfBz+dLg5wAhcjEQCyE": [
            "Sprites/symbols_atlas/symbol_6_blur",
            "cc.Texture2D"
        ],
        "f6s5KasixFI5AWfOk45+Ja": [
            "Sprites/symbols_atlas/symbol_6_blur",
            "cc.SpriteFrame",
            1
        ],
        "30whzhLQhGa7KeDhEqp+jq": [
            "Sprites/symbols_atlas/symbol_7",
            "cc.SpriteFrame",
            1
        ],
        "621470p4tPhK7sw9KQxx2v": [
            "Sprites/symbols_atlas/symbol_7",
            "cc.Texture2D"
        ],
        "04nIKJgxtAqoH7pAGC/vWc": [
            "Sprites/symbols_atlas/symbol_7_blur",
            "cc.Texture2D"
        ],
        "f8hUIjZJJOjpiRMUIyLGgO": [
            "Sprites/symbols_atlas/symbol_7_blur",
            "cc.SpriteFrame",
            1
        ],
        "a6hBfXEjBMQ5oYqgJR0q68": [
            "Sprites/symbols_atlas/symbol_8",
            "cc.Texture2D"
        ],
        "c5fypj1DZKzqltxyNv0OyH": [
            "Sprites/symbols_atlas/symbol_8",
            "cc.SpriteFrame",
            1
        ],
        "48NJmwQqFP04FnmocRFARN": [
            "Sprites/symbols_atlas/symbol_8_blur",
            "cc.SpriteFrame",
            1
        ],
        "82CHThiRBPZ4Pdaqo5DgC5": [
            "Sprites/symbols_atlas/symbol_8_blur",
            "cc.Texture2D"
        ],
        "283KwahOhPDbZBNLy6PpPL": [
            "Sprites/symbols_atlas/symbol_A",
            "cc.Texture2D"
        ],
        "e1f/i+on9Anabwa8oryQZR": [
            "Sprites/symbols_atlas/symbol_A",
            "cc.SpriteFrame",
            1
        ],
        "05/2S/lbNLPpmC5lIo54wG": [
            "Sprites/symbols_atlas/symbol_A_blur",
            "cc.SpriteFrame",
            1
        ],
        "d1Ssf6toBKCL6LQQFGHYWK": [
            "Sprites/symbols_atlas/symbol_A_blur",
            "cc.Texture2D"
        ],
        "ad8C0yQtZDzb9GwnpSzctn": [
            "Sprites/symbols_atlas/symbol_JP",
            "cc.SpriteFrame",
            1
        ],
        "e1EhMk5HZOiYRzQ8IXAtVV": [
            "Sprites/symbols_atlas/symbol_JP",
            "cc.Texture2D"
        ],
        "97YK7cOh9DIrSgy+//tufz": [
            "Sprites/symbols_atlas/symbol_JP_blur",
            "cc.Texture2D"
        ],
        "d0QCLjvgZKmIdxvO1QGz/p": [
            "Sprites/symbols_atlas/symbol_JP_blur",
            "cc.SpriteFrame",
            1
        ],
        "5aSGWZgSlKgY0Ugf5HwYPH": [
            "Sprites/symbols_atlas/symbol_K",
            "cc.Texture2D"
        ],
        "e3jgRC8HNBHK1ITeQfe0rV": [
            "Sprites/symbols_atlas/symbol_K",
            "cc.SpriteFrame",
            1
        ],
        "14v4cqpVVE7IcAPOB8PxZx": [
            "Sprites/symbols_atlas/symbol_K_blur",
            "cc.SpriteFrame",
            1
        ],
        "30kMEcCWdFcagjRlp7LXgM": [
            "Sprites/symbols_atlas/symbol_K_blur",
            "cc.Texture2D"
        ],
        "28DT0Ci5FDuLlcQBq3SvEE": [
            "Sprites/ui_atlas/allways",
            "cc.SpriteFrame",
            1
        ],
        "82TB5r+UpDx4UiHqXt69wp": [
            "Sprites/ui_atlas/allways",
            "cc.Texture2D"
        ],
        "40O0VY8TRGoKghQ7Ty3Ym/": [
            "Sprites/ui_atlas/bg_gate",
            "cc.Texture2D"
        ],
        "d8cgVj0P5K4Ks38bMoa4tM": [
            "Sprites/ui_atlas/bg_gate",
            "cc.SpriteFrame",
            1
        ],
        "03qe57Li1GdaVnr1Y/KW4S": [
            "Sprites/ui_atlas/content_tip_bar_01",
            "cc.SpriteFrame",
            1
        ],
        "45uJZWgR1Py64ADcHNRKNM": [
            "Sprites/ui_atlas/content_tip_bar_01",
            "cc.Texture2D"
        ],
        "60fJoRAYdEUK2VggJtNikY": [
            "Sprites/ui_atlas/content_tip_bar_02",
            "cc.SpriteFrame",
            1
        ],
        "6c/FR6O/lBcLhU0zVpeXfj": [
            "Sprites/ui_atlas/content_tip_bar_02",
            "cc.Texture2D"
        ],
        "ba4lWG3hBLtpkWa/lTUR+x": [
            "Sprites/ui_atlas/content_tip_bar_03",
            "cc.Texture2D"
        ],
        "c9p2Vd+Z5FuKIMs9CztNQR": [
            "Sprites/ui_atlas/content_tip_bar_03",
            "cc.SpriteFrame",
            1
        ],
        "08LkvsySlJeIWVagunV/ZC": [
            "Sprites/ui_atlas/content_tip_bar_04",
            "cc.SpriteFrame",
            1
        ],
        "52/agRi/5K9ojubbLKItyW": [
            "Sprites/ui_atlas/content_tip_bar_04",
            "cc.Texture2D"
        ],
        "e1gFObL/dNErpgKhmo+Wvu": [
            "Sprites/ui_atlas/ef_congphap_1",
            "cc.SpriteFrame",
            1
        ],
        "e8PF8Kl9pNTao7YMlDsouG": [
            "Sprites/ui_atlas/ef_congphap_1",
            "cc.Texture2D"
        ],
        "2bHo/ocxJBgJeaOT+Dtx0P": [
            "Sprites/ui_atlas/ef_congphap_2",
            "cc.SpriteFrame",
            1
        ],
        "a6p4HTVAZO5YkyabJTnfkI": [
            "Sprites/ui_atlas/ef_congphap_2",
            "cc.Texture2D"
        ],
        "c95wya8DBP35+Y85NSaitJ": [
            "Sprites/ui_atlas/ef_congphap_3",
            "cc.Texture2D"
        ],
        "dcigNe4iJD54BRoXP23R06": [
            "Sprites/ui_atlas/ef_congphap_3",
            "cc.SpriteFrame",
            1
        ],
        "adZ3hrvvFAeIS1y4OobXox": [
            "Sprites/ui_atlas/ef_congphap_4",
            "cc.Texture2D"
        ],
        "bc7EJpoD9PlqhADK1X/n+P": [
            "Sprites/ui_atlas/ef_congphap_4",
            "cc.SpriteFrame",
            1
        ],
        "36zheaktlJ76eIUkbG1bzh": [
            "Sprites/ui_atlas/information_bar",
            "cc.SpriteFrame",
            1
        ],
        "96ceF/NAVCTrcbRJ7X6Dpa": [
            "Sprites/ui_atlas/information_bar",
            "cc.Texture2D"
        ],
        "7dgxOkqeBJjpHwWnerj8Jv": [
            "Sprites/ui_atlas/orc",
            "cc.Texture2D"
        ],
        "a0hdFIloRIk6uRT6dmdwkR": [
            "Sprites/ui_atlas/orc",
            "cc.SpriteFrame",
            1
        ],
        "620j6u5lFLmqBtLhquByqN": [
            "Sprites/ui_atlas/scroll_bar",
            "cc.Texture2D"
        ],
        "deEBBNHFVLc6S67dCY1Mu/": [
            "Sprites/ui_atlas/scroll_bar",
            "cc.SpriteFrame",
            1
        ],
        "97k14yeSlGGoTQVcYo+W2f": [
            "Sprites/ui_atlas/tool_tip",
            "cc.SpriteFrame",
            1
        ],
        "b6+hYYxZxOdrUURbyFp2f7": [
            "Sprites/ui_atlas/tool_tip",
            "cc.Texture2D"
        ],
        "5eWWYUAqpPFaQ5RqOnsIPU": [
            "Sprites/ui_atlas/ui_button",
            "cc.SpriteFrame",
            1
        ],
        "8fiiyZWP9DRZFgD5/qcq5E": [
            "Sprites/ui_atlas/ui_button",
            "cc.Texture2D"
        ],
        "82BqFEQgdAMoO90HDeilxg": [
            "Sprites/ui_atlas/ui_popup",
            "cc.SpriteFrame",
            1
        ],
        "dbeODK9DRAMKEleQMlPKKO": [
            "Sprites/ui_atlas/ui_popup",
            "cc.Texture2D"
        ],
        "28gm2MMsJLsLMQ4BAlb0eh": [
            "Sprites/ui_atlas/x1",
            "cc.SpriteFrame",
            1
        ],
        "bbyd4wkLJJDqkk5yGnUPat": [
            "Sprites/ui_atlas/x1",
            "cc.Texture2D"
        ],
        "027cOrO3hAALTRniiWsv84": [
            "Sprites/ui_atlas/x2",
            "cc.Texture2D"
        ],
        "48ua8go+JOXawNfRzNmq4s": [
            "Sprites/ui_atlas/x2",
            "cc.SpriteFrame",
            1
        ],
        "6fek/Y6jtFQYNNGdpZgN33": [
            "Sprites/ui_atlas/x20",
            "cc.SpriteFrame",
            1
        ],
        "bcmiE9pMtHO4RPRDen5jg9": [
            "Sprites/ui_atlas/x20",
            "cc.Texture2D"
        ],
        "0fjg0rIqdJlrpxnzH4ke2W": [
            "Sprites/ui_atlas/x3",
            "cc.SpriteFrame",
            1
        ],
        "d2QUzaQSlIgKgdnksrNCyG": [
            "Sprites/ui_atlas/x3",
            "cc.Texture2D"
        ],
        "26axmufGxObYuiaTsLzyn2": [
            "Sprites/ui_atlas/x5",
            "cc.Texture2D"
        ],
        "70scNRW/tC8r4JXMx5+iC2": [
            "Sprites/ui_atlas/x5",
            "cc.SpriteFrame",
            1
        ],
        "9c1MU+9UlHz7yX5bCel/Zc": [
            "Sprites/ui_atlas/x6",
            "cc.SpriteFrame",
            1
        ],
        "bb+OMr4ApDhrmCiEMM+DYl": [
            "Sprites/ui_atlas/x6",
            "cc.Texture2D"
        ],
        "a6TmKRjtJAIK2EWjpIzg7g": [
            "Sprites/ui_atlas/x9",
            "cc.SpriteFrame",
            1
        ],
        "bfaLz1Ut5CwY4U5H7rFQmi": [
            "Sprites/ui_atlas/x9",
            "cc.Texture2D"
        ]
    },
    "uuids": [
        "00bP5IqxJO3bixCKgETouv",
        "01bCU3P5RKc67Lkm88kf8r",
        "01ou96cyhHzb/h+T5ah7GF",
        "027cOrO3hAALTRniiWsv84",
        "03qe57Li1GdaVnr1Y/KW4S",
        "04GJT3MeFIJboEp7sNSGod",
        "04nIKJgxtAqoH7pAGC/vWc",
        "05/2S/lbNLPpmC5lIo54wG",
        "06CRpLecBJfIds5Ej4a0WJ",
        "06k8S8lqVKWIYJjVm/lrPt",
        "06rD/AaBNOt4tiUsRSsTDx",
        "07SM1IScREtreSct2NSkiV",
        "070dguDUxGIbIysVegfpqI",
        "075/opUIlGmYXWEoiBj5pa",
        "08LkvsySlJeIWVagunV/ZC",
        "09Td/XwPhC34ZvIPkiM9Qr",
        "0atad0x+JK8Z3hQIyyIY8e",
        "0b92OKSlNDFa3EjpftqtV7",
        "0cQHF61YJPhqqwFfbaWpVY",
        "0dUGVK/T1GHqs4H+9zWlNN",
        "0dbvpqsglDN6O9VIh/YuKr",
        "0dfOngz7tE/JisbQatySY4",
        "0d441X6Z9E85U/R85pvJrD",
        "0ewLjFvQ9DdYooRa0j/tQR",
        "0e61v/7L9CsqakxzrIt04j",
        "0fjg0rIqdJlrpxnzH4ke2W",
        "10FsT28O9Deadkc2nlySLh",
        "10X7DrT3JE8bZAzTRLuqJ4",
        "14rrhKVZhI+pFFDs+INGKC",
        "14v4cqpVVE7IcAPOB8PxZx",
        "15XaJXFoJKq6jbbUYWGlzf",
        "17IJyhSxNLX4zyKS7lST/U",
        "19713wWs1BGKwvr1gaq6LL",
        "1aFzrpC25ML6OzZjDf0qbe",
        "1aTZpR2vlEDb8qp+FujZWd",
        "1a/9NyyXxLTrjCgOedwxam",
        "1bOjyMMe1Ln64h6vO6T2og",
        "1bzam0DeRB9q1w3RMRbLKv",
        "1doe5Rcp5Gip5Vug7y4tym",
        "21qu9z/6BAc7nmmgBFqw2r",
        "21xGJvBttM8bM1Tu0ein+w",
        "22mSZF7zJKPLalUkT5l7xh",
        "23swPA8S9O3bFKkZhxn1za",
        "24Ca0NuvlJcotM5Vr/QVBu",
        "24ftqiJbNB4q5Z5hhQsov+",
        "24reWgjtxCpoSVhEmjBBW8",
        "245PYIxZ1D4a5bTHwxORHR",
        "25AQHIlnxChKITVumOjYvA",
        "25CyL6OFtJG6fLXJV6tU2+",
        "25gugb9NVIMJ6ZuyQFHKc/",
        "25naUIh/JPY6J66bWbgxLr",
        "25q0ikDNpKjYwE1Mh7Au/W",
        "26axmufGxObYuiaTsLzyn2",
        "2662mrAONMkq4ybUCOqJwz",
        "27S7jplVhLrYsz/7b0U+9g",
        "28DT0Ci5FDuLlcQBq3SvEE",
        "28YpTi1pxBAq4zJMIKc0VX",
        "28cBGcQCpEZarXbWlPL2DX",
        "28gm2MMsJLsLMQ4BAlb0eh",
        "28jGHP/QhO/IhRjUR0uGFP",
        "283KwahOhPDbZBNLy6PpPL",
        "29DpnDb4FM8ZEALF48ekIN",
        "29FYIk+N1GYaeWH/q1NxQO",
        "294qS8b4pMeoUrYuKZjFcD",
        "2an6fmeXFGvJOsPYTkqDO9",
        "2bHo/ocxJBgJeaOT+Dtx0P",
        "2bhS1KnINAAKRLXj48gcY1",
        "2bmhuDiOND+ZlbPf2cCa5c",
        "2cN1PydFNGh45yVqBrLEx2",
        "2eAe5Yjg1Gv5WVFfDKKhjl",
        "2eS+pF7qJNNrMqQnQJu/bO",
        "2eeEQY+FRP76H+AB+N9/2L",
        "2fzIybkG5IGrbkOj9eKYMP",
        "2f9HSepGNBTpXA9rk4ZQrK",
        "30HA8yc21IF4qvuAYVx+lE",
        "30MFG5fjhFfbX8jsBC0fw7",
        "30kMEcCWdFcagjRlp7LXgM",
        "30whzhLQhGa7KeDhEqp+jq",
        "31dOXzcSJNKZ2xByZkL2M9",
        "33CUv1G1dMyJYZa368yJtk",
        "33eYOGyqtOQI3RPAOnIYAp",
        "36nzQe5mhBRY52FgHvCBHn",
        "36zheaktlJ76eIUkbG1bzh",
        "37L0Cct6NFJKa0P++gpncH",
        "38CFmtj/JEzLjH0YZdzFvD",
        "38eexiz2xCBYGhyakKyYaL",
        "39cie874hA6KlQtqYBXafT",
        "39dVnWyJxA46ArcBUFdwoV",
        "39os5cHU9EsYw7Hfj2yfOF",
        "3aCwF9Qj5KUJYopbi+jDCw",
        "3ae7efMv1CLq2ilvUY/tQi",
        "3btlqDqYhDcKdQ7AQGn6YV",
        "3dpDuNHGBBWaXgbtoYUx2J",
        "3fPdzV+ApDTa4BWpFbYTe3",
        "3fxUEtHwdObrpUpOzeoJro",
        "40O0VY8TRGoKghQ7Ty3Ym/",
        "40ivzCqypETpDYvBf97AsX",
        "40k8fxt8RDR48pV9aYCFDt",
        "42oXRW0GRKTpSSBXVNTgxj",
        "43fKVLAatF9qqnyEmGTRZU",
        "44OMOWBspHb7dzHqPKjcvY",
        "44h6escVpHVar3DIf9MLdR",
        "45arcCam1GD5H6ZmmnrVCM",
        "45uJZWgR1Py64ADcHNRKNM",
        "45yInR0SdGZ5MvUhRpq2zw",
        "48NJmwQqFP04FnmocRFARN",
        "48QEK4xD9CG4KsB3Ji3wnr",
        "48Z1O+kbZEq56V+QSFP3Ac",
        "48ua8go+JOXawNfRzNmq4s",
        "4aStXinCBMZ7qCWSSic0Xd",
        "4aoma0TlxMjoZoBfk7fRu7",
        "4ay4SlJMBJ97d1HAXWtDRw",
        "4bCN73/ctDmqurZnxwR4km",
        "4blJxL/OdDVr65czf6FZHZ",
        "4bn61IohxHIJbmwNIihxrh",
        "4bqeSrGQVJL6EScx0tD61M",
        "4db+ERIKlKO7lsDpS2Pp96",
        "4d4JgaDY5FYprpyxtmr2t9",
        "4eYxd8ZohCFZn7rTpELBHt",
        "4fXPQiTvRO5a1zetBjXE6G",
        "4fpXMUndVKMaUjcPFNXCPj",
        "4f6QaTiC5IE4GeyNGN8xg1",
        "50D19uIyRLZaQYGf9TcZ5X",
        "51RvCEA+NI64OGNrwx7JbD",
        "51Z/oM0FRNK4de468Rvnyy",
        "51gh0FdpZHJ5on8uWuE4Fy",
        "51nsQlslJFBoJz9QiNEb6C",
        "51t0llUh9Fy7psJR9ReASb",
        "52ttaILjhOBal1tFfIaSba",
        "52/agRi/5K9ojubbLKItyW",
        "53IGqqzM9HeoERLHIgC/u6",
        "53bcAMjwFHGJXZq3+uwom6",
        "5341o7FgdLbK2ugBJvzoFb",
        "54pk40uKZMlLFFv9Cgv0M/",
        "55aeZu9phDTKDqN7CmodtN",
        "57xncOCqFKLo+tmzSnu5Li",
        "58q9EG9sRLBopKN3Z6RWlO",
        "59Gwbiy8tFMIfu9zZLsyEL",
        "59Nxsdkb5NObcl70JCj64X",
        "59zS2951BCSqnAQ1ScqKg4",
        "5aAUcRpqFN74eIHcmU/pv7",
        "5aPGZgh71JxbT+9rpodVh8",
        "5aSGWZgSlKgY0Ugf5HwYPH",
        "5a3NLqOANNFbXFI0KCagYi",
        "5cO7kybDxGj4ipyMYdRYZB",
        "5cSxjm/tlGh5s3iHhyNMcz",
        "5dDK5BPcBIg4UXv6eO//38",
        "5dGDVFpSxFD615eJuVk8ft",
        "5dqWc4LgtDa4xv7dGzPn4s",
        "5dt1lCy1tHGbsAHsYYgxr2",
        "5eWWYUAqpPFaQ5RqOnsIPU",
        "5fFVSRau9FXKL3AizfYiST",
        "5fH3ZMC+1AhIECizq5LVH4",
        "5fMOtquPpBJ6/B590rxvCT",
        "5fQe0ksBFN+JSKD6yH/rg9",
        "5f5dyqtRNNxaFmVzYns6FZ",
        "60Yd7PAWRKMISupSmwJuEY",
        "60fJoRAYdEUK2VggJtNikY",
        "60ty6sUNFGT6Nr/4vYBuxZ",
        "61EXaSa7JJfb0Fx0Tw/+Uc",
        "61cyPdEfRN047sDK9rO0W5",
        "618GLi0h9KTYuUQXAxs6Po",
        "62RufNYMFGb6KrOt60bWZy",
        "620j6u5lFLmqBtLhquByqN",
        "621470p4tPhK7sw9KQxx2v",
        "635s/HHUtGDKfyXAOZJwGS",
        "64MKPBVzFPGKfkYMNP+8LO",
        "644H3vYWJBT6Z57W9p4HUX",
        "646+C5zAVHOpwxLls9ERmr",
        "65/sCR40ZD17o24fBTq3eL",
        "66w8r5Md5KQYcNmTDWPQcj",
        "67RcFygPVOr7wov1z7WzyI",
        "67/yfiHapLTaAysbsPoYpH",
        "68kc8/dqVJwoUJYY9ytag2",
        "68oN49AehIU5OZDqeB+HAh",
        "689CRurW5L1pzaqWiGdyFd",
        "69BfFx7P1GYJnsmOqm7x2R",
        "69CuyzfepJzpiZImtmFGuF",
        "69JhoDVHVNJpAoaHiCGouk",
        "6aKYhk/XNLU61IzqXbSpAd",
        "6adE2VijROwZihVwfc6Vaj",
        "6bZQ+aUuhIZZ7Txg+fY+zu",
        "6bzUxjg6FEVKXMPo26+nq+",
        "6b9jhqsRlFAKOH3uDZfQA9",
        "6cJ1SzyOdAxYynOyB+tIb0",
        "6c/FR6O/lBcLhU0zVpeXfj",
        "6euacSQ6JE1rfuc42hNFDt",
        "6fEijmIv1Ospwb7NCXBwsC",
        "6fek/Y6jtFQYNNGdpZgN33",
        "6fzzaV4ClOoo6K3CBHhNjb",
        "6f54aS5PVA+KdTzVD2a6di",
        "70scNRW/tC8r4JXMx5+iC2",
        "71YbyBQt9Ju5oOR8UJTMDO",
        "73Wti9dDBNnL7b9MzDo/7T",
        "73jsUUt7pFjLhlcvz+nCkq",
        "73n1SGnrZA1pyioMXT8EnO",
        "75DGtUIAxMxYtIDfLoIlYZ",
        "75g0qH9JpFHrp+8zwBACPW",
        "75kdS/Jz5I6JmlyOkjG2Ci",
        "76SKmYuyRF+IhKgZdXeiG+",
        "79kdOugFtHfrwpbo+5o58e",
        "7atnkm+vtBk6Mvv8DBz46m",
        "7a5uvF8W1Ed5wh/spolWVG",
        "7a/QZLET9IDreTiBfRn2PD",
        "7bVBBI2FZJwY5fGkssiFtY",
        "7bd267AyVC+pZcPBTHDtSC",
        "7cGP+dUadJX4maNrn1MZDo",
        "7cIwy+mVZHtbsp7hCmjJVB",
        "7dVmo7nXxF6I9GYdELfn/w",
        "7dgxOkqeBJjpHwWnerj8Jv",
        "7dsrefRYhGpqRbvUL+78dm",
        "7eOmOzjapJWLeB/DdNn1lq",
        "7eqlUcZiNBuZuAicw7o0UL",
        "7fNuQJ/AFN46GAG1qMijWq",
        "81MgixVkJCkbZhpOrrxcFX",
        "81cMHohg1GWYtLgVY1OO4l",
        "81f1RNINNLUrXijGiEEDyv",
        "82BqFEQgdAMoO90HDeilxg",
        "82CHThiRBPZ4Pdaqo5DgC5",
        "82TB5r+UpDx4UiHqXt69wp",
        "83JwoYt/xKipRkwcKTEZIR",
        "83Xu4BoSFIfbmSIHJo+vSv",
        "83aQoQMJZNsoZn67/MBXmX",
        "83wV1yswVA/rEvWJQTUDr/",
        "84nQpKAS1KCLohvmUJs3Nt",
        "86DN6EfyBMNp87PZH1Auth",
        "86cE9eCgJER70+tLn/BReL",
        "86o3FqcFhCZa3sKJ8nu2rK",
        "87FkjFMlZA75TKeaJQoTfI",
        "88Y1lqraBP6ZmWXZ4xlbXD",
        "88axcVLiBFFZOzR742K86Q",
        "89XSqV4zZN/IqcmVyHSpsd",
        "89k1qbsDpMRLtMvDUXT998",
        "8axA8+dJlMIILQn2vd+5Cl",
        "8bkAr0FdtBTZIkFN31+BF4",
        "8bmmoL4xxB4pk4T1iE6I6T",
        "8cFAuW8P5DXbs1vu9lAfr0",
        "8cPf6vScZIoYgXuxh0CTHu",
        "8chewfyK1LiL2ajFq/yNpT",
        "8dOZ/9J+pEzKjsgtohU11I",
        "8ej/qR7VZEpq28ZX1SI0oH",
        "8eu3I7ublMJK88ST/xcTVk",
        "8e34W/tVdL7qypCzEQXC/U",
        "8fiiyZWP9DRZFgD5/qcq5E",
        "90HpvMbRxJ+pE6mD/5DdwD",
        "90amombMhPt7a7BWgiJLRv",
        "90iFe6VwJACJUuWVtuKVF9",
        "91W23gA8FJq6ltQW566/YY",
        "91+McUwQVJQabbJdKT7qK1",
        "93HTItOnZDh6ESuzrbjYhv",
        "93wfOAaEFCh7nlLNmzGknA",
        "96ceF/NAVCTrcbRJ7X6Dpa",
        "961Ey9IZ1HNZ2f05Mo3urw",
        "97YK7cOh9DIrSgy+//tufz",
        "97k14yeSlGGoTQVcYo+W2f",
        "981rmXdlRDh58RbIfabD7n",
        "99xOME0ytOqoGmC3bTeMqM",
        "99yxZYpMFO74ZKjERcWAQL",
        "9aIebzVqtL8qhzoiGdyvqA",
        "9aVfl5bEJLRqI1RmPAHw38",
        "9acT018OZNN4g7H8uKIiUZ",
        "9ah5iQDwZK/7vlEN95pUP5",
        "9bkf3h/URFsoLvffIQ2/HX",
        "9c1MU+9UlHz7yX5bCel/Zc",
        "9ddTDREu9KiqOOgmTox9KT",
        "9djK7BjRtG6IkzHkplM7HT",
        "9d7Oly6qNEwrlqtaVILtH4",
        "9eGwLoJJxPhpbyDiwIIxi7",
        "9eIqB6uftAD4NcUtemn6WN",
        "9eagWGzjJDzp/S8moang8L",
        "9fEAqgZtJBbYHLbwLAc8Wm",
        "a0S/4udXBNp7Wqkhr42OR8",
        "a0hdFIloRIk6uRT6dmdwkR",
        "a2MjXRFdtLlYQ5ouAFv/+R",
        "a2tZuJj9tH0Lwn13cz11k1",
        "a28J/V3p5PuKgKAySikwyV",
        "a3p0g7ahBMRJSw5mcUorqK",
        "a3sSLeIo1MPqfcVaLeYUod",
        "a38yV0QNJG9rN53r1RWrtc",
        "a5z2PFEx5PDapmoE7kmh6z",
        "a6TmKRjtJAIK2EWjpIzg7g",
        "a6hBfXEjBMQ5oYqgJR0q68",
        "a6p4HTVAZO5YkyabJTnfkI",
        "a8Wl5Ukv9BD4V4VROmWfMQ",
        "a9i/MGugJDQ5LQIR8g7qhW",
        "a93wFFF+xBv7PfgqDXcZWi",
        "aaiHcXfhRKy60+pC5L2s3O",
        "aa+tBc/V1IoboNNkuD7eZ7",
        "abEZaGdB9FUbJ3eQfTGoYt",
        "abJsDNNmdLvbzpHCh1vYIy",
        "abvjHwfHBIgok+o/D5XswL",
        "acYkpoAktJCaaNpa9RsTJm",
        "ach3NR1wNGrZFqzwUVKH5Y",
        "ac1uKvhhpM1IwB5GzL2M3c",
        "adSg6Rw+tNK4N7JkXhHmDR",
        "adZ3hrvvFAeIS1y4OobXox",
        "ad8C0yQtZDzb9GwnpSzctn",
        "ad80/y3pNAYqNGvOA/Z0uu",
        "afnv/oaZdE674owPmPC7sF",
        "af4P07g3pCoovTrB3m/wSR",
        "af+Ei9RlBEcpr9/zuz7wsV",
        "b0Be1U5OhHZqrhWdk59oFl",
        "b0d7qTe3hOGqi9BLaNWiKA",
        "b0kAElh4NMZrjw9nhzeMKo",
        "b3ZpHOJIROCagmojxSvvv2",
        "b4n/6bwp1PCYC5Y0MAS/lG",
        "b4+IldMfJIFJHzKo/9sY1+",
        "b6TBH7XtpPXqxxz77PgDwg",
        "b6+hYYxZxOdrUURbyFp2f7",
        "b7SAC66JJD3ZJeABUmC3nC",
        "b8PiT+8jFEA6N4xgEaAhCb",
        "b9Hg64mUxE0YPcxS7l/dNd",
        "b9KrOQ91hNoo1dLXjGU5kW",
        "b9+NbWYXJGVqovVVyWBKJV",
        "baABSOTd1G/pk4ifXYHmYN",
        "badcf+Vf1FGL/eI6+60KLy",
        "ba4lWG3hBLtpkWa/lTUR+x",
        "bbNbwTe5JFX57yHMgrk3OG",
        "bbyd4wkLJJDqkk5yGnUPat",
        "bb8rVsC71Op5Ata3f5GjoA",
        "bb+OMr4ApDhrmCiEMM+DYl",
        "bcmiE9pMtHO4RPRDen5jg9",
        "bcsOyr8A9FZ4ABcnldLk1Y",
        "bc7EJpoD9PlqhADK1X/n+P",
        "bc8Hvo7btEmLmlfd2f/I4f",
        "bdKc6GoK9IHJeBxzQNv5LC",
        "bdO7FpdZpLq7x6GQUfbplF",
        "beE7N/ycZCQ4Pp+TJbDPn0",
        "beGN7b0w9FQ6+BOURavBi8",
        "beuGD5AzBHL5zOculeODXN",
        "bfaLz1Ut5CwY4U5H7rFQmi",
        "c0V8WXRR1MN5R8NpaBAKB3",
        "c0iQuDHu9EKrjVv9pKORiC",
        "c0/N55XgNEep6pnTOU7XxG",
        "c1Fm1rUHhBDpZSwscz4Ftg",
        "c1fjR1blhHc4B8TvS4QPsg",
        "c194zYB39BFaIAdbxTNaCY",
        "c3AJRfrtVC6rLYm+l50xde",
        "c5fypj1DZKzqltxyNv0OyH",
        "c52GGr2hdMhbgIOHelVquQ",
        "c5/ZbnZIpOIoguQrEG4Nf0",
        "c62EkctlBOKqS4IS3sR0Um",
        "c682myGP5Eb7FewmS+rkyS",
        "c7thDMq+1HOptDeEIQ3dWd",
        "c8P1Qe58xG+qno5Qz5gtGh",
        "c9VupEoCxGbIrIXOJwwOth",
        "c9p2Vd+Z5FuKIMs9CztNQR",
        "c95wya8DBP35+Y85NSaitJ",
        "caTlcnueFKz6ai3Sc0YefS",
        "caiuApestCT6Q+XcgiAEjr",
        "cbZY8pZG1Kjrg6snZ8Y5p9",
        "cb9e+z6vZKTYTIAyTyLMaF",
        "ccZGPcNAVAMKJX62pG4mq7",
        "ccZ8f4blFBnqD0+MHUUU1j",
        "cfe6gaQA9ESLURF7Ky8dec",
        "d0QCLjvgZKmIdxvO1QGz/p",
        "d0Vb6a5ZdOTYDqgEw90pIX",
        "d1Ssf6toBKCL6LQQFGHYWK",
        "d1YyoKrFRFWKDYwGs/+5/I",
        "d1ZQRWonVHu4Gw4fvv1Ohv",
        "d1sCPAA2BH5Lg6bje46D9S",
        "d2OkVAlz1NuYqJGlSwseRP",
        "d2QUzaQSlIgKgdnksrNCyG",
        "d2bVfczjlNZZheuRaxyBna",
        "d2eB+mAZVFh7QLLjQL1aFP",
        "d2trsabglH4Kwmrr+co4dg",
        "d3aKeJLhpHh6gGG72OuMhL",
        "d3cp/q4jJG9beFnwpWzsfk",
        "d3xAWJdA1PjYqa3Pss5VWD",
        "d4MYgQuW9FDoOWBF541asT",
        "d5nxZpmjhBiZX2YX1O0qGJ",
        "d55edF7zdHcJsmaX1LOWLP",
        "d608qFRoFHwbXd0Dap056i",
        "d7ou65SiBGwapUpaM6tyz1",
        "d8ED6aMWdB94u8iGbkgdiH",
        "d8cgVj0P5K4Ks38bMoa4tM",
        "d83QGXRu1Kr7VegQeACbwZ",
        "d9rv5QLn9DZrUIkahJzoqT",
        "daD/OIHGtAUI8gpagNBrL4",
        "daUU+fzI5LXa9iG31QBXzU",
        "da3C44q01LWJwFHYJKDFqF",
        "dbFLPAVn9MtK3KWSt5KA+j",
        "dbPOB5BwxADJN1o5tZLz1/",
        "dbSXEW009PIoq6ar0HuJJd",
        "dbeODK9DRAMKEleQMlPKKO",
        "dcTW3VlxBNz7RleBkAq0ta",
        "dcigNe4iJD54BRoXP23R06",
        "dc7OUUclNLq7Mml6C0MfQp",
        "ddmHYLmKBP3KpVMQ+YgTvI",
        "deEBBNHFVLc6S67dCY1Mu/",
        "de4T5pRd5E549ujHR88m1R",
        "dfR6CnisRDHoYEGVXHVwWa",
        "dfz7Fp8uFBSJwxkSsAA7sb",
        "e1EhMk5HZOiYRzQ8IXAtVV",
        "e1NcRfkMpAy4ahPCZ4Ik8y",
        "e1f/i+on9Anabwa8oryQZR",
        "e1gFObL/dNErpgKhmo+Wvu",
        "e2HJmUB05LwqDEmXvC13NJ",
        "e3N9iiXUlL4pvUchWgWzob",
        "e3Tsr2IrVOVaza53hTYQUG",
        "e3Z30uhlZIaKiQJBFV1N8B",
        "e3jgRC8HNBHK1ITeQfe0rV",
        "e4TBUD1mdJdIoaZVzw45CI",
        "e4a0pZgR1Nl4L6vtx64UaP",
        "e5HxMewrZK3aZrR40lE7zt",
        "e5XDGchqJA6q2+E8Hpfu1g",
        "e5ZD1l5FFLhK571tppvmnL",
        "e5539j4NVFko0kKMgENXWR",
        "e7B8ZovDZBLrQEgoS5pvFX",
        "e8PF8Kl9pNTao7YMlDsouG",
        "e8fgPxRBhEF6UJXHOwnTP8",
        "e97GVMl6JHh5Ml5qEDdSGa",
        "ebLP6JmABHfr61sYk/92Go",
        "ecCTW49kJJYZX+93y4H/Sv",
        "ecUenk/4NA6ryRgSe3rmTO",
        "ecpdLyjvZBwrvm+cedCcQy",
        "ecpp01kZJM6pkFH/+A0Ash",
        "ed0z5KqeND2pNAYmiitAPD",
        "eeOfMVNW5Ji6kiJWwIvNM0",
        "eemUjrdD9EIZmBnXJtujCv",
        "efGDv6kbRPLaLG8ER/XDNh",
        "efVFBW40xNXpd77XGlq3YB",
        "efofeibiFL2Ld01bPQX2s/",
        "f0BIwQ8D5Ml7nTNQbh1YlS",
        "f0Rm4reQ9BQ7bCuefIFD0D",
        "f0cvWe8H9NzISjxGqqaeY9",
        "f1hvIzcUlC+pfufuY1Ybuz",
        "f2xRfBz+dLg5wAhcjEQCyE",
        "f25DYKIZBInKRkTnXYkdBQ",
        "f2964y/DtE8I1orZMtrgrm",
        "f38flb71lAtrwGFVQ4teK9",
        "f4pb+Q54lKKKciMs1sI2zN",
        "f4wOzjg2ZNdL5CzDUxG8Iv",
        "f5TbL9H/RHYrjvKgdEiHgU",
        "f56uLPP0dCWJypNJfwvKpc",
        "f6X1MeTN1Dc6SeU/0xYOzj",
        "f6s5KasixFI5AWfOk45+Ja",
        "f65Q13ddNHvLC5Zchzo/jE",
        "f8hUIjZJJOjpiRMUIyLGgO",
        "f8j1HFYitBl6HdF+gmDyAh",
        "f9bEi2e2xNF5ubeJ7Ue4FA",
        "faRQYQU/FINLfmXBzCTnRz",
        "faf/eWqGRDNLKGdyOiVBAb",
        "fbcG31aNRBdqdaxDg/PTJq",
        "fcE6CXP21NF4N7YDCqxXBS",
        "fcYO7JkYtCDLIXREKx8IJo",
        "fdhaQj+f9A2LnbNbx17Ilm",
        "febb9fXMFMHYWKlyRZj6iu",
        "fe/VhxcqBC+Iil3dU8Ozl0",
        "ffB/7+1V9KU66hDSXdXr+J",
        "ffdEO46/dDM7IW6i5s531K"
    ],
    "scenes": {
        "db://assets/Bundle/TruTien50Line/TruTien.fire": "644H3vYWJBT6Z57W9p4HUX"
    },
    "redirect": [
        "19713wWs1BGKwvr1gaq6LL",
        0,
        "29FYIk+N1GYaeWH/q1NxQO",
        1,
        "3ae7efMv1CLq2ilvUY/tQi",
        2,
        "7atnkm+vtBk6Mvv8DBz46m",
        1,
        "7a/QZLET9IDreTiBfRn2PD",
        2,
        "a2MjXRFdtLlYQ5ouAFv/+R",
        1,
        "c9VupEoCxGbIrIXOJwwOth",
        1,
        "e97GVMl6JHh5Ml5qEDdSGa",
        1,
        "ecCTW49kJJYZX+93y4H/Sv",
        1,
        "ecpdLyjvZBwrvm+cedCcQy",
        2,
        "f0BIwQ8D5Ml7nTNQbh1YlS",
        1
    ],
    "deps": [
        "main",
        "resources",
        "internal"
    ],
    "packs": {
        "024b625e7": [
            "5dt1lCy1tHGbsAHsYYgxr2",
            "89k1qbsDpMRLtMvDUXT998"
        ],
        "027c860f7": [
            "00bP5IqxJO3bixCKgETouv",
            "03qe57Li1GdaVnr1Y/KW4S",
            "04GJT3MeFIJboEp7sNSGod",
            "05/2S/lbNLPpmC5lIo54wG",
            "070dguDUxGIbIysVegfpqI",
            "08LkvsySlJeIWVagunV/ZC",
            "09Td/XwPhC34ZvIPkiM9Qr",
            "0e61v/7L9CsqakxzrIt04j",
            "0fjg0rIqdJlrpxnzH4ke2W",
            "14rrhKVZhI+pFFDs+INGKC",
            "14v4cqpVVE7IcAPOB8PxZx",
            "17IJyhSxNLX4zyKS7lST/U",
            "1aTZpR2vlEDb8qp+FujZWd",
            "1a/9NyyXxLTrjCgOedwxam",
            "23swPA8S9O3bFKkZhxn1za",
            "25q0ikDNpKjYwE1Mh7Au/W",
            "28DT0Ci5FDuLlcQBq3SvEE",
            "28gm2MMsJLsLMQ4BAlb0eh",
            "2bHo/ocxJBgJeaOT+Dtx0P",
            "2bhS1KnINAAKRLXj48gcY1",
            "2eAe5Yjg1Gv5WVFfDKKhjl",
            "2eeEQY+FRP76H+AB+N9/2L",
            "2f9HSepGNBTpXA9rk4ZQrK",
            "30whzhLQhGa7KeDhEqp+jq",
            "31dOXzcSJNKZ2xByZkL2M9",
            "36zheaktlJ76eIUkbG1bzh",
            "3btlqDqYhDcKdQ7AQGn6YV",
            "3dpDuNHGBBWaXgbtoYUx2J",
            "40ivzCqypETpDYvBf97AsX",
            "42oXRW0GRKTpSSBXVNTgxj",
            "48NJmwQqFP04FnmocRFARN",
            "48QEK4xD9CG4KsB3Ji3wnr",
            "48Z1O+kbZEq56V+QSFP3Ac",
            "48ua8go+JOXawNfRzNmq4s",
            "4ay4SlJMBJ97d1HAXWtDRw",
            "4f6QaTiC5IE4GeyNGN8xg1",
            "51t0llUh9Fy7psJR9ReASb",
            "59Nxsdkb5NObcl70JCj64X",
            "59zS2951BCSqnAQ1ScqKg4",
            "5aPGZgh71JxbT+9rpodVh8",
            "5cO7kybDxGj4ipyMYdRYZB",
            "5fFVSRau9FXKL3AizfYiST",
            "5f5dyqtRNNxaFmVzYns6FZ",
            "60fJoRAYdEUK2VggJtNikY",
            "635s/HHUtGDKfyXAOZJwGS",
            "644H3vYWJBT6Z57W9p4HUX",
            "67/yfiHapLTaAysbsPoYpH",
            "6bzUxjg6FEVKXMPo26+nq+",
            "6b9jhqsRlFAKOH3uDZfQA9",
            "6cJ1SzyOdAxYynOyB+tIb0",
            "6fek/Y6jtFQYNNGdpZgN33",
            "70scNRW/tC8r4JXMx5+iC2",
            "73Wti9dDBNnL7b9MzDo/7T",
            "7cGP+dUadJX4maNrn1MZDo",
            "7dVmo7nXxF6I9GYdELfn/w",
            "88axcVLiBFFZOzR742K86Q",
            "8bkAr0FdtBTZIkFN31+BF4",
            "8bmmoL4xxB4pk4T1iE6I6T",
            "8cFAuW8P5DXbs1vu9lAfr0",
            "8cPf6vScZIoYgXuxh0CTHu",
            "8ej/qR7VZEpq28ZX1SI0oH",
            "90iFe6VwJACJUuWVtuKVF9",
            "9aIebzVqtL8qhzoiGdyvqA",
            "9acT018OZNN4g7H8uKIiUZ",
            "9c1MU+9UlHz7yX5bCel/Zc",
            "9d7Oly6qNEwrlqtaVILtH4",
            "9eGwLoJJxPhpbyDiwIIxi7",
            "9eIqB6uftAD4NcUtemn6WN",
            "a0hdFIloRIk6uRT6dmdwkR",
            "a3p0g7ahBMRJSw5mcUorqK",
            "a6TmKRjtJAIK2EWjpIzg7g",
            "abEZaGdB9FUbJ3eQfTGoYt",
            "ach3NR1wNGrZFqzwUVKH5Y",
            "ac1uKvhhpM1IwB5GzL2M3c",
            "ad8C0yQtZDzb9GwnpSzctn",
            "b0Be1U5OhHZqrhWdk59oFl",
            "b4+IldMfJIFJHzKo/9sY1+",
            "badcf+Vf1FGL/eI6+60KLy",
            "bbNbwTe5JFX57yHMgrk3OG",
            "bc7EJpoD9PlqhADK1X/n+P",
            "bc8Hvo7btEmLmlfd2f/I4f",
            "bdO7FpdZpLq7x6GQUfbplF",
            "beE7N/ycZCQ4Pp+TJbDPn0",
            "c1fjR1blhHc4B8TvS4QPsg",
            "c5fypj1DZKzqltxyNv0OyH",
            "c62EkctlBOKqS4IS3sR0Um",
            "c9p2Vd+Z5FuKIMs9CztNQR",
            "ccZGPcNAVAMKJX62pG4mq7",
            "d0QCLjvgZKmIdxvO1QGz/p",
            "d0Vb6a5ZdOTYDqgEw90pIX",
            "d1sCPAA2BH5Lg6bje46D9S",
            "d2OkVAlz1NuYqJGlSwseRP",
            "d2trsabglH4Kwmrr+co4dg",
            "d3aKeJLhpHh6gGG72OuMhL",
            "d4MYgQuW9FDoOWBF541asT",
            "dcigNe4iJD54BRoXP23R06",
            "dc7OUUclNLq7Mml6C0MfQp",
            "ddmHYLmKBP3KpVMQ+YgTvI",
            "dfR6CnisRDHoYEGVXHVwWa",
            "e1f/i+on9Anabwa8oryQZR",
            "e1gFObL/dNErpgKhmo+Wvu",
            "e3Z30uhlZIaKiQJBFV1N8B",
            "e3jgRC8HNBHK1ITeQfe0rV",
            "f38flb71lAtrwGFVQ4teK9",
            "f56uLPP0dCWJypNJfwvKpc",
            "f6s5KasixFI5AWfOk45+Ja",
            "f8hUIjZJJOjpiRMUIyLGgO",
            "f8j1HFYitBl6HdF+gmDyAh",
            "faf/eWqGRDNLKGdyOiVBAb",
            "fbcG31aNRBdqdaxDg/PTJq",
            "fe/VhxcqBC+Iil3dU8Ozl0",
            "ffdEO46/dDM7IW6i5s531K"
        ],
        "052f732e0": [
            "0b92OKSlNDFa3EjpftqtV7",
            "dbPOB5BwxADJN1o5tZLz1/"
        ],
        "06c874cd2": [
            "5fQe0ksBFN+JSKD6yH/rg9",
            "e4a0pZgR1Nl4L6vtx64UaP"
        ],
        "08b238221": [
            "01ou96cyhHzb/h+T5ah7GF",
            "06k8S8lqVKWIYJjVm/lrPt",
            "0d441X6Z9E85U/R85pvJrD",
            "22mSZF7zJKPLalUkT5l7xh",
            "24reWgjtxCpoSVhEmjBBW8",
            "28cBGcQCpEZarXbWlPL2DX",
            "30MFG5fjhFfbX8jsBC0fw7",
            "33eYOGyqtOQI3RPAOnIYAp",
            "4bn61IohxHIJbmwNIihxrh",
            "4bqeSrGQVJL6EScx0tD61M",
            "4db+ERIKlKO7lsDpS2Pp96",
            "51gh0FdpZHJ5on8uWuE4Fy",
            "51nsQlslJFBoJz9QiNEb6C",
            "5341o7FgdLbK2ugBJvzoFb",
            "5cSxjm/tlGh5s3iHhyNMcz",
            "5fH3ZMC+1AhIECizq5LVH4",
            "646+C5zAVHOpwxLls9ERmr",
            "69CuyzfepJzpiZImtmFGuF",
            "6aKYhk/XNLU61IzqXbSpAd",
            "6fzzaV4ClOoo6K3CBHhNjb",
            "73jsUUt7pFjLhlcvz+nCkq",
            "75DGtUIAxMxYtIDfLoIlYZ",
            "79kdOugFtHfrwpbo+5o58e",
            "81f1RNINNLUrXijGiEEDyv",
            "8axA8+dJlMIILQn2vd+5Cl",
            "8e34W/tVdL7qypCzEQXC/U",
            "90HpvMbRxJ+pE6mD/5DdwD",
            "93HTItOnZDh6ESuzrbjYhv",
            "a0S/4udXBNp7Wqkhr42OR8",
            "a2tZuJj9tH0Lwn13cz11k1",
            "a5z2PFEx5PDapmoE7kmh6z",
            "a93wFFF+xBv7PfgqDXcZWi",
            "acYkpoAktJCaaNpa9RsTJm",
            "b6TBH7XtpPXqxxz77PgDwg",
            "b7SAC66JJD3ZJeABUmC3nC",
            "baABSOTd1G/pk4ifXYHmYN",
            "bb8rVsC71Op5Ata3f5GjoA",
            "bcsOyr8A9FZ4ABcnldLk1Y",
            "c0V8WXRR1MN5R8NpaBAKB3",
            "c0/N55XgNEep6pnTOU7XxG",
            "c7thDMq+1HOptDeEIQ3dWd",
            "c8P1Qe58xG+qno5Qz5gtGh",
            "ccZ8f4blFBnqD0+MHUUU1j",
            "d1ZQRWonVHu4Gw4fvv1Ohv",
            "d9rv5QLn9DZrUIkahJzoqT",
            "dbSXEW009PIoq6ar0HuJJd",
            "e2HJmUB05LwqDEmXvC13NJ",
            "e8fgPxRBhEF6UJXHOwnTP8",
            "ecpp01kZJM6pkFH/+A0Ash",
            "febb9fXMFMHYWKlyRZj6iu",
            "ffB/7+1V9KU66hDSXdXr+J"
        ],
        "0b9e35b1c": [
            "5fMOtquPpBJ6/B590rxvCT",
            "eemUjrdD9EIZmBnXJtujCv"
        ],
        "0d1da33f3": [
            "027cOrO3hAALTRniiWsv84",
            "04nIKJgxtAqoH7pAGC/vWc",
            "075/opUIlGmYXWEoiBj5pa",
            "0atad0x+JK8Z3hQIyyIY8e",
            "0cQHF61YJPhqqwFfbaWpVY",
            "0dUGVK/T1GHqs4H+9zWlNN",
            "0dbvpqsglDN6O9VIh/YuKr",
            "0ewLjFvQ9DdYooRa0j/tQR",
            "10FsT28O9Deadkc2nlySLh",
            "10X7DrT3JE8bZAzTRLuqJ4",
            "15XaJXFoJKq6jbbUYWGlzf",
            "1bOjyMMe1Ln64h6vO6T2og",
            "1doe5Rcp5Gip5Vug7y4tym",
            "21qu9z/6BAc7nmmgBFqw2r",
            "21xGJvBttM8bM1Tu0ein+w",
            "24Ca0NuvlJcotM5Vr/QVBu",
            "245PYIxZ1D4a5bTHwxORHR",
            "25AQHIlnxChKITVumOjYvA",
            "25gugb9NVIMJ6ZuyQFHKc/",
            "25naUIh/JPY6J66bWbgxLr",
            "26axmufGxObYuiaTsLzyn2",
            "2662mrAONMkq4ybUCOqJwz",
            "27S7jplVhLrYsz/7b0U+9g",
            "28YpTi1pxBAq4zJMIKc0VX",
            "28jGHP/QhO/IhRjUR0uGFP",
            "283KwahOhPDbZBNLy6PpPL",
            "29DpnDb4FM8ZEALF48ekIN",
            "294qS8b4pMeoUrYuKZjFcD",
            "2bmhuDiOND+ZlbPf2cCa5c",
            "2cN1PydFNGh45yVqBrLEx2",
            "2eS+pF7qJNNrMqQnQJu/bO",
            "2fzIybkG5IGrbkOj9eKYMP",
            "30kMEcCWdFcagjRlp7LXgM",
            "37L0Cct6NFJKa0P++gpncH",
            "38eexiz2xCBYGhyakKyYaL",
            "39cie874hA6KlQtqYBXafT",
            "3fxUEtHwdObrpUpOzeoJro",
            "40O0VY8TRGoKghQ7Ty3Ym/",
            "43fKVLAatF9qqnyEmGTRZU",
            "44OMOWBspHb7dzHqPKjcvY",
            "44h6escVpHVar3DIf9MLdR",
            "45arcCam1GD5H6ZmmnrVCM",
            "45uJZWgR1Py64ADcHNRKNM",
            "4aStXinCBMZ7qCWSSic0Xd",
            "4aoma0TlxMjoZoBfk7fRu7",
            "4blJxL/OdDVr65czf6FZHZ",
            "4fXPQiTvRO5a1zetBjXE6G",
            "4fpXMUndVKMaUjcPFNXCPj",
            "50D19uIyRLZaQYGf9TcZ5X",
            "52/agRi/5K9ojubbLKItyW",
            "55aeZu9phDTKDqN7CmodtN",
            "58q9EG9sRLBopKN3Z6RWlO",
            "5aAUcRpqFN74eIHcmU/pv7",
            "5aSGWZgSlKgY0Ugf5HwYPH",
            "5dGDVFpSxFD615eJuVk8ft",
            "5dqWc4LgtDa4xv7dGzPn4s",
            "60Yd7PAWRKMISupSmwJuEY",
            "60ty6sUNFGT6Nr/4vYBuxZ",
            "61cyPdEfRN047sDK9rO0W5",
            "618GLi0h9KTYuUQXAxs6Po",
            "62RufNYMFGb6KrOt60bWZy",
            "620j6u5lFLmqBtLhquByqN",
            "621470p4tPhK7sw9KQxx2v",
            "64MKPBVzFPGKfkYMNP+8LO",
            "65/sCR40ZD17o24fBTq3eL",
            "66w8r5Md5KQYcNmTDWPQcj",
            "68oN49AehIU5OZDqeB+HAh",
            "69BfFx7P1GYJnsmOqm7x2R",
            "69JhoDVHVNJpAoaHiCGouk",
            "6bZQ+aUuhIZZ7Txg+fY+zu",
            "6c/FR6O/lBcLhU0zVpeXfj",
            "6euacSQ6JE1rfuc42hNFDt",
            "73n1SGnrZA1pyioMXT8EnO",
            "75kdS/Jz5I6JmlyOkjG2Ci",
            "76SKmYuyRF+IhKgZdXeiG+",
            "7bd267AyVC+pZcPBTHDtSC",
            "7dgxOkqeBJjpHwWnerj8Jv",
            "7eqlUcZiNBuZuAicw7o0UL",
            "7fNuQJ/AFN46GAG1qMijWq",
            "81cMHohg1GWYtLgVY1OO4l",
            "82CHThiRBPZ4Pdaqo5DgC5",
            "82TB5r+UpDx4UiHqXt69wp",
            "83JwoYt/xKipRkwcKTEZIR",
            "83Xu4BoSFIfbmSIHJo+vSv",
            "83aQoQMJZNsoZn67/MBXmX",
            "87FkjFMlZA75TKeaJQoTfI",
            "8dOZ/9J+pEzKjsgtohU11I",
            "8fiiyZWP9DRZFgD5/qcq5E",
            "90amombMhPt7a7BWgiJLRv",
            "91W23gA8FJq6ltQW566/YY",
            "93wfOAaEFCh7nlLNmzGknA",
            "96ceF/NAVCTrcbRJ7X6Dpa",
            "97YK7cOh9DIrSgy+//tufz",
            "99yxZYpMFO74ZKjERcWAQL",
            "9aVfl5bEJLRqI1RmPAHw38",
            "9fEAqgZtJBbYHLbwLAc8Wm",
            "a28J/V3p5PuKgKAySikwyV",
            "a38yV0QNJG9rN53r1RWrtc",
            "a6hBfXEjBMQ5oYqgJR0q68",
            "a6p4HTVAZO5YkyabJTnfkI",
            "a9i/MGugJDQ5LQIR8g7qhW",
            "aaiHcXfhRKy60+pC5L2s3O",
            "aa+tBc/V1IoboNNkuD7eZ7",
            "abJsDNNmdLvbzpHCh1vYIy",
            "adSg6Rw+tNK4N7JkXhHmDR",
            "adZ3hrvvFAeIS1y4OobXox",
            "afnv/oaZdE674owPmPC7sF",
            "af4P07g3pCoovTrB3m/wSR",
            "b0kAElh4NMZrjw9nhzeMKo",
            "b6+hYYxZxOdrUURbyFp2f7",
            "b9KrOQ91hNoo1dLXjGU5kW",
            "ba4lWG3hBLtpkWa/lTUR+x",
            "bbyd4wkLJJDqkk5yGnUPat",
            "bb+OMr4ApDhrmCiEMM+DYl",
            "bcmiE9pMtHO4RPRDen5jg9",
            "beGN7b0w9FQ6+BOURavBi8",
            "beuGD5AzBHL5zOculeODXN",
            "bfaLz1Ut5CwY4U5H7rFQmi",
            "c194zYB39BFaIAdbxTNaCY",
            "c3AJRfrtVC6rLYm+l50xde",
            "c95wya8DBP35+Y85NSaitJ",
            "caTlcnueFKz6ai3Sc0YefS",
            "d1Ssf6toBKCL6LQQFGHYWK",
            "d2QUzaQSlIgKgdnksrNCyG",
            "d608qFRoFHwbXd0Dap056i",
            "d7ou65SiBGwapUpaM6tyz1",
            "daUU+fzI5LXa9iG31QBXzU",
            "dbFLPAVn9MtK3KWSt5KA+j",
            "dbeODK9DRAMKEleQMlPKKO",
            "dcTW3VlxBNz7RleBkAq0ta",
            "de4T5pRd5E549ujHR88m1R",
            "dfz7Fp8uFBSJwxkSsAA7sb",
            "e1EhMk5HZOiYRzQ8IXAtVV",
            "e3Tsr2IrVOVaza53hTYQUG",
            "e4TBUD1mdJdIoaZVzw45CI",
            "e5HxMewrZK3aZrR40lE7zt",
            "e5ZD1l5FFLhK571tppvmnL",
            "e5539j4NVFko0kKMgENXWR",
            "e8PF8Kl9pNTao7YMlDsouG",
            "efGDv6kbRPLaLG8ER/XDNh",
            "efVFBW40xNXpd77XGlq3YB",
            "efofeibiFL2Ld01bPQX2s/",
            "f0cvWe8H9NzISjxGqqaeY9",
            "f1hvIzcUlC+pfufuY1Ybuz",
            "f2xRfBz+dLg5wAhcjEQCyE",
            "f4pb+Q54lKKKciMs1sI2zN",
            "f5TbL9H/RHYrjvKgdEiHgU",
            "f6X1MeTN1Dc6SeU/0xYOzj",
            "f65Q13ddNHvLC5Zchzo/jE",
            "faRQYQU/FINLfmXBzCTnRz",
            "fcYO7JkYtCDLIXREKx8IJo",
            "fdhaQj+f9A2LnbNbx17Ilm"
        ]
    },
    "name": "33",
    "importBase": "import",
    "nativeBase": "native",
    "debug": true,
    "isZip": false,
    "encrypted": false,
    "versions": {
        "import": [
            "01bCU3P5RKc67Lkm88kf8r",
            "f937a",
            "024b625e7",
            "6c4dc",
            "027c860f7",
            "38ed2",
            "052f732e0",
            "e03ff",
            "06CRpLecBJfIds5Ej4a0WJ",
            "a0ea6",
            "06rD/AaBNOt4tiUsRSsTDx",
            "7ed09",
            "06c874cd2",
            "4d3df",
            "07SM1IScREtreSct2NSkiV",
            "e2199",
            "08b238221",
            "79e9d",
            "0b9e35b1c",
            "085e9",
            "0d1da33f3",
            "341de",
            "0dfOngz7tE/JisbQatySY4",
            "cb0b3",
            "1aFzrpC25ML6OzZjDf0qbe",
            "ea42e",
            "1bzam0DeRB9q1w3RMRbLKv",
            "6352a",
            "24ftqiJbNB4q5Z5hhQsov+",
            "be17d",
            "25CyL6OFtJG6fLXJV6tU2+",
            "c02f8",
            "2an6fmeXFGvJOsPYTkqDO9",
            "ba572",
            "30HA8yc21IF4qvuAYVx+lE",
            "6dded",
            "33CUv1G1dMyJYZa368yJtk",
            "bdff7",
            "36nzQe5mhBRY52FgHvCBHn",
            "12222",
            "38CFmtj/JEzLjH0YZdzFvD",
            "3cab0",
            "39dVnWyJxA46ArcBUFdwoV",
            "70ef9",
            "39os5cHU9EsYw7Hfj2yfOF",
            "55e6b",
            "3aCwF9Qj5KUJYopbi+jDCw",
            "955bb",
            "3fPdzV+ApDTa4BWpFbYTe3",
            "b1ded",
            "40k8fxt8RDR48pV9aYCFDt",
            "6285d",
            "45yInR0SdGZ5MvUhRpq2zw",
            "b5fd5",
            "4bCN73/ctDmqurZnxwR4km",
            "7a6c1",
            "4d4JgaDY5FYprpyxtmr2t9",
            "9db5a",
            "4eYxd8ZohCFZn7rTpELBHt",
            "fbffc",
            "51RvCEA+NI64OGNrwx7JbD",
            "460fe",
            "51Z/oM0FRNK4de468Rvnyy",
            "4c99b",
            "52ttaILjhOBal1tFfIaSba",
            "1011a",
            "53IGqqzM9HeoERLHIgC/u6",
            "7d3fa",
            "53bcAMjwFHGJXZq3+uwom6",
            "c475b",
            "54pk40uKZMlLFFv9Cgv0M/",
            "87e25",
            "57xncOCqFKLo+tmzSnu5Li",
            "e3452",
            "59Gwbiy8tFMIfu9zZLsyEL",
            "d18c8",
            "5a3NLqOANNFbXFI0KCagYi",
            "8305f",
            "5dDK5BPcBIg4UXv6eO//38",
            "babdc",
            "5eWWYUAqpPFaQ5RqOnsIPU",
            "84776",
            "61EXaSa7JJfb0Fx0Tw/+Uc",
            "56a80",
            "67RcFygPVOr7wov1z7WzyI",
            "987b8",
            "68kc8/dqVJwoUJYY9ytag2",
            "e31dc",
            "689CRurW5L1pzaqWiGdyFd",
            "bc348",
            "6adE2VijROwZihVwfc6Vaj",
            "6d78b",
            "6fEijmIv1Ospwb7NCXBwsC",
            "f4c94",
            "6f54aS5PVA+KdTzVD2a6di",
            "5e85b",
            "71YbyBQt9Ju5oOR8UJTMDO",
            "62e02",
            "75g0qH9JpFHrp+8zwBACPW",
            "66d29",
            "7a5uvF8W1Ed5wh/spolWVG",
            "4e90c",
            "7bVBBI2FZJwY5fGkssiFtY",
            "ae418",
            "7cIwy+mVZHtbsp7hCmjJVB",
            "cf08b",
            "7dsrefRYhGpqRbvUL+78dm",
            "822cb",
            "7eOmOzjapJWLeB/DdNn1lq",
            "59a52",
            "81MgixVkJCkbZhpOrrxcFX",
            "68921",
            "82BqFEQgdAMoO90HDeilxg",
            "c0885",
            "83wV1yswVA/rEvWJQTUDr/",
            "5a25a",
            "84nQpKAS1KCLohvmUJs3Nt",
            "bd3f9",
            "86DN6EfyBMNp87PZH1Auth",
            "0efa2",
            "86cE9eCgJER70+tLn/BReL",
            "bd4c5",
            "86o3FqcFhCZa3sKJ8nu2rK",
            "a3aca",
            "88Y1lqraBP6ZmWXZ4xlbXD",
            "ecdc1",
            "89XSqV4zZN/IqcmVyHSpsd",
            "71e00",
            "8chewfyK1LiL2ajFq/yNpT",
            "fa72d",
            "8eu3I7ublMJK88ST/xcTVk",
            "1a9af",
            "91+McUwQVJQabbJdKT7qK1",
            "e46f2",
            "961Ey9IZ1HNZ2f05Mo3urw",
            "82d1e",
            "97k14yeSlGGoTQVcYo+W2f",
            "2d918",
            "981rmXdlRDh58RbIfabD7n",
            "bed39",
            "99xOME0ytOqoGmC3bTeMqM",
            "dfd12",
            "9ah5iQDwZK/7vlEN95pUP5",
            "6f801",
            "9bkf3h/URFsoLvffIQ2/HX",
            "b7f0c",
            "9ddTDREu9KiqOOgmTox9KT",
            "33d3f",
            "9djK7BjRtG6IkzHkplM7HT",
            "10e43",
            "9eagWGzjJDzp/S8moang8L",
            "14ce3",
            "a3sSLeIo1MPqfcVaLeYUod",
            "3a395",
            "a8Wl5Ukv9BD4V4VROmWfMQ",
            "35c0e",
            "abvjHwfHBIgok+o/D5XswL",
            "44a6c",
            "ad80/y3pNAYqNGvOA/Z0uu",
            "c33dc",
            "af+Ei9RlBEcpr9/zuz7wsV",
            "380b3",
            "b0d7qTe3hOGqi9BLaNWiKA",
            "4fd3a",
            "b3ZpHOJIROCagmojxSvvv2",
            "18a32",
            "b4n/6bwp1PCYC5Y0MAS/lG",
            "f7eb3",
            "b8PiT+8jFEA6N4xgEaAhCb",
            "ba07c",
            "b9Hg64mUxE0YPcxS7l/dNd",
            "bb8cf",
            "b9+NbWYXJGVqovVVyWBKJV",
            "531dd",
            "bdKc6GoK9IHJeBxzQNv5LC",
            "78d8a",
            "c0iQuDHu9EKrjVv9pKORiC",
            "9476c",
            "c1Fm1rUHhBDpZSwscz4Ftg",
            "a7fe2",
            "c52GGr2hdMhbgIOHelVquQ",
            "f2024",
            "c5/ZbnZIpOIoguQrEG4Nf0",
            "6d176",
            "c682myGP5Eb7FewmS+rkyS",
            "1f2c9",
            "caiuApestCT6Q+XcgiAEjr",
            "446cc",
            "cbZY8pZG1Kjrg6snZ8Y5p9",
            "9e144",
            "cb9e+z6vZKTYTIAyTyLMaF",
            "acd14",
            "cfe6gaQA9ESLURF7Ky8dec",
            "24983",
            "d1YyoKrFRFWKDYwGs/+5/I",
            "81399",
            "d2bVfczjlNZZheuRaxyBna",
            "159d4",
            "d2eB+mAZVFh7QLLjQL1aFP",
            "37269",
            "d3cp/q4jJG9beFnwpWzsfk",
            "c1fa9",
            "d3xAWJdA1PjYqa3Pss5VWD",
            "95bf2",
            "d5nxZpmjhBiZX2YX1O0qGJ",
            "fdd46",
            "d55edF7zdHcJsmaX1LOWLP",
            "8d35a",
            "d8ED6aMWdB94u8iGbkgdiH",
            "78ad3",
            "d8cgVj0P5K4Ks38bMoa4tM",
            "695e5",
            "d83QGXRu1Kr7VegQeACbwZ",
            "99898",
            "daD/OIHGtAUI8gpagNBrL4",
            "0d3c4",
            "da3C44q01LWJwFHYJKDFqF",
            "2c1b3",
            "deEBBNHFVLc6S67dCY1Mu/",
            "c22bd",
            "e1NcRfkMpAy4ahPCZ4Ik8y",
            "b0595",
            "e3N9iiXUlL4pvUchWgWzob",
            "fe946",
            "e5XDGchqJA6q2+E8Hpfu1g",
            "05a6f",
            "e7B8ZovDZBLrQEgoS5pvFX",
            "5aa61",
            "ebLP6JmABHfr61sYk/92Go",
            "3c54f",
            "ecUenk/4NA6ryRgSe3rmTO",
            "7546a",
            "ed0z5KqeND2pNAYmiitAPD",
            "bdbe0",
            "eeOfMVNW5Ji6kiJWwIvNM0",
            "f26c7",
            "f0Rm4reQ9BQ7bCuefIFD0D",
            "73025",
            "f25DYKIZBInKRkTnXYkdBQ",
            "6eb49",
            "f2964y/DtE8I1orZMtrgrm",
            "55f16",
            "f4wOzjg2ZNdL5CzDUxG8Iv",
            "85fe9",
            "f9bEi2e2xNF5ubeJ7Ue4FA",
            "838b2",
            "fcE6CXP21NF4N7YDCqxXBS",
            "fe549"
        ],
        "native": [
            "01bCU3P5RKc67Lkm88kf8r",
            "79e03",
            "027cOrO3hAALTRniiWsv84",
            "aa827",
            "04nIKJgxtAqoH7pAGC/vWc",
            "3c77e",
            "075/opUIlGmYXWEoiBj5pa",
            "de1bd",
            "0atad0x+JK8Z3hQIyyIY8e",
            "9bde6",
            "0cQHF61YJPhqqwFfbaWpVY",
            "5aed0",
            "0dUGVK/T1GHqs4H+9zWlNN",
            "25d00",
            "0dbvpqsglDN6O9VIh/YuKr",
            "257e7",
            "0ewLjFvQ9DdYooRa0j/tQR",
            "ee703",
            "10FsT28O9Deadkc2nlySLh",
            "ff1d1",
            "10X7DrT3JE8bZAzTRLuqJ4",
            "01df0",
            "15XaJXFoJKq6jbbUYWGlzf",
            "d018a",
            "1aFzrpC25ML6OzZjDf0qbe",
            "9cedd",
            "1a/9NyyXxLTrjCgOedwxam",
            "91729",
            "1bOjyMMe1Ln64h6vO6T2og",
            "71724",
            "1bzam0DeRB9q1w3RMRbLKv",
            "b012d",
            "1doe5Rcp5Gip5Vug7y4tym",
            "b7bc5",
            "21qu9z/6BAc7nmmgBFqw2r",
            "02b40",
            "21xGJvBttM8bM1Tu0ein+w",
            "50b2d",
            "24Ca0NuvlJcotM5Vr/QVBu",
            "47f71",
            "245PYIxZ1D4a5bTHwxORHR",
            "531ad",
            "25AQHIlnxChKITVumOjYvA",
            "a55df",
            "25CyL6OFtJG6fLXJV6tU2+",
            "8c43f",
            "25gugb9NVIMJ6ZuyQFHKc/",
            "1520a",
            "25naUIh/JPY6J66bWbgxLr",
            "07a98",
            "25q0ikDNpKjYwE1Mh7Au/W",
            "5cf35",
            "26axmufGxObYuiaTsLzyn2",
            "65f02",
            "2662mrAONMkq4ybUCOqJwz",
            "2eccc",
            "27S7jplVhLrYsz/7b0U+9g",
            "3e1af",
            "28YpTi1pxBAq4zJMIKc0VX",
            "36470",
            "28jGHP/QhO/IhRjUR0uGFP",
            "f50f3",
            "283KwahOhPDbZBNLy6PpPL",
            "3d54a",
            "29DpnDb4FM8ZEALF48ekIN",
            "05cf6",
            "294qS8b4pMeoUrYuKZjFcD",
            "2050e",
            "2an6fmeXFGvJOsPYTkqDO9",
            "371c0",
            "2bmhuDiOND+ZlbPf2cCa5c",
            "387fb",
            "2cN1PydFNGh45yVqBrLEx2",
            "7e8e8",
            "2eAe5Yjg1Gv5WVFfDKKhjl",
            "e4dc2",
            "2eS+pF7qJNNrMqQnQJu/bO",
            "67744",
            "2fzIybkG5IGrbkOj9eKYMP",
            "045b7",
            "2f9HSepGNBTpXA9rk4ZQrK",
            "53e72",
            "30HA8yc21IF4qvuAYVx+lE",
            "8205c",
            "30kMEcCWdFcagjRlp7LXgM",
            "bac05",
            "36nzQe5mhBRY52FgHvCBHn",
            "6248b",
            "37L0Cct6NFJKa0P++gpncH",
            "39a5a",
            "38CFmtj/JEzLjH0YZdzFvD",
            "fe9cf",
            "38eexiz2xCBYGhyakKyYaL",
            "f697d",
            "39cie874hA6KlQtqYBXafT",
            "f53b0",
            "3btlqDqYhDcKdQ7AQGn6YV",
            "38c20",
            "3fxUEtHwdObrpUpOzeoJro",
            "60ea7",
            "40O0VY8TRGoKghQ7Ty3Ym/",
            "8a2c6",
            "40ivzCqypETpDYvBf97AsX",
            "b4217",
            "40k8fxt8RDR48pV9aYCFDt",
            "8d0c6",
            "43fKVLAatF9qqnyEmGTRZU",
            "31722",
            "44OMOWBspHb7dzHqPKjcvY",
            "bae44",
            "44h6escVpHVar3DIf9MLdR",
            "b93df",
            "45arcCam1GD5H6ZmmnrVCM",
            "42c4e",
            "45uJZWgR1Py64ADcHNRKNM",
            "ea0e4",
            "45yInR0SdGZ5MvUhRpq2zw",
            "90f4d",
            "4aStXinCBMZ7qCWSSic0Xd",
            "f77a8",
            "4aoma0TlxMjoZoBfk7fRu7",
            "3f2e5",
            "4blJxL/OdDVr65czf6FZHZ",
            "d6fdf",
            "4fXPQiTvRO5a1zetBjXE6G",
            "9bfad",
            "4fpXMUndVKMaUjcPFNXCPj",
            "e8615",
            "50D19uIyRLZaQYGf9TcZ5X",
            "aee35",
            "51Z/oM0FRNK4de468Rvnyy",
            "93bf2",
            "52ttaILjhOBal1tFfIaSba",
            "9a89f",
            "52/agRi/5K9ojubbLKItyW",
            "d1e90",
            "53IGqqzM9HeoERLHIgC/u6",
            "5accc",
            "55aeZu9phDTKDqN7CmodtN",
            "3207b",
            "57xncOCqFKLo+tmzSnu5Li",
            "80d9f",
            "58q9EG9sRLBopKN3Z6RWlO",
            "25555",
            "59zS2951BCSqnAQ1ScqKg4",
            "c6b4f",
            "5aAUcRpqFN74eIHcmU/pv7",
            "1321c",
            "5aSGWZgSlKgY0Ugf5HwYPH",
            "abe40",
            "5dGDVFpSxFD615eJuVk8ft",
            "3e144",
            "5dqWc4LgtDa4xv7dGzPn4s",
            "9115c",
            "60Yd7PAWRKMISupSmwJuEY",
            "1e759",
            "60ty6sUNFGT6Nr/4vYBuxZ",
            "e731a",
            "61EXaSa7JJfb0Fx0Tw/+Uc",
            "b365a",
            "61cyPdEfRN047sDK9rO0W5",
            "6d707",
            "618GLi0h9KTYuUQXAxs6Po",
            "fe959",
            "62RufNYMFGb6KrOt60bWZy",
            "f6453",
            "620j6u5lFLmqBtLhquByqN",
            "5f073",
            "621470p4tPhK7sw9KQxx2v",
            "6c678",
            "635s/HHUtGDKfyXAOZJwGS",
            "b08fb",
            "64MKPBVzFPGKfkYMNP+8LO",
            "06ee5",
            "65/sCR40ZD17o24fBTq3eL",
            "2d5ca",
            "66w8r5Md5KQYcNmTDWPQcj",
            "1509d",
            "68oN49AehIU5OZDqeB+HAh",
            "7475d",
            "69BfFx7P1GYJnsmOqm7x2R",
            "3abd8",
            "69JhoDVHVNJpAoaHiCGouk",
            "01edf",
            "6adE2VijROwZihVwfc6Vaj",
            "07873",
            "6bZQ+aUuhIZZ7Txg+fY+zu",
            "99348",
            "6bzUxjg6FEVKXMPo26+nq+",
            "5370d",
            "6c/FR6O/lBcLhU0zVpeXfj",
            "eac45",
            "6euacSQ6JE1rfuc42hNFDt",
            "c4a5c",
            "73Wti9dDBNnL7b9MzDo/7T",
            "db9b4",
            "73n1SGnrZA1pyioMXT8EnO",
            "5c0a2",
            "75kdS/Jz5I6JmlyOkjG2Ci",
            "47ae7",
            "76SKmYuyRF+IhKgZdXeiG+",
            "2437a",
            "7a5uvF8W1Ed5wh/spolWVG",
            "d2da1",
            "7bVBBI2FZJwY5fGkssiFtY",
            "64227",
            "7bd267AyVC+pZcPBTHDtSC",
            "d1106",
            "7cGP+dUadJX4maNrn1MZDo",
            "33866",
            "7dgxOkqeBJjpHwWnerj8Jv",
            "4f5a9",
            "7eOmOzjapJWLeB/DdNn1lq",
            "ee9a7",
            "7eqlUcZiNBuZuAicw7o0UL",
            "a7a19",
            "7fNuQJ/AFN46GAG1qMijWq",
            "9881c",
            "81MgixVkJCkbZhpOrrxcFX",
            "5d121",
            "81cMHohg1GWYtLgVY1OO4l",
            "b091c",
            "82CHThiRBPZ4Pdaqo5DgC5",
            "b11b2",
            "82TB5r+UpDx4UiHqXt69wp",
            "4bc8b",
            "83JwoYt/xKipRkwcKTEZIR",
            "46b24",
            "83Xu4BoSFIfbmSIHJo+vSv",
            "1edfb",
            "83aQoQMJZNsoZn67/MBXmX",
            "1eac7",
            "83wV1yswVA/rEvWJQTUDr/",
            "1dee8",
            "86o3FqcFhCZa3sKJ8nu2rK",
            "31392",
            "87FkjFMlZA75TKeaJQoTfI",
            "2a4b8",
            "88axcVLiBFFZOzR742K86Q",
            "48edf",
            "8cFAuW8P5DXbs1vu9lAfr0",
            "26d06",
            "8chewfyK1LiL2ajFq/yNpT",
            "8869f",
            "8dOZ/9J+pEzKjsgtohU11I",
            "10ae1",
            "8fiiyZWP9DRZFgD5/qcq5E",
            "fd02a",
            "90amombMhPt7a7BWgiJLRv",
            "36c6d",
            "90iFe6VwJACJUuWVtuKVF9",
            "29a17",
            "91W23gA8FJq6ltQW566/YY",
            "75dd1",
            "93wfOAaEFCh7nlLNmzGknA",
            "87e7a",
            "96ceF/NAVCTrcbRJ7X6Dpa",
            "3f328",
            "961Ey9IZ1HNZ2f05Mo3urw",
            "bb860",
            "97YK7cOh9DIrSgy+//tufz",
            "fcc9a",
            "981rmXdlRDh58RbIfabD7n",
            "0b7be",
            "99xOME0ytOqoGmC3bTeMqM",
            "9f793",
            "99yxZYpMFO74ZKjERcWAQL",
            "422a6",
            "9aVfl5bEJLRqI1RmPAHw38",
            "ad88a",
            "9ddTDREu9KiqOOgmTox9KT",
            "58416",
            "9djK7BjRtG6IkzHkplM7HT",
            "8ed3c",
            "9eagWGzjJDzp/S8moang8L",
            "54ab6",
            "9fEAqgZtJBbYHLbwLAc8Wm",
            "79fd9",
            "a28J/V3p5PuKgKAySikwyV",
            "766e7",
            "a3p0g7ahBMRJSw5mcUorqK",
            "8c37d",
            "a3sSLeIo1MPqfcVaLeYUod",
            "2bc7a",
            "a38yV0QNJG9rN53r1RWrtc",
            "94828",
            "a6hBfXEjBMQ5oYqgJR0q68",
            "53ac8",
            "a6p4HTVAZO5YkyabJTnfkI",
            "d8dd0",
            "a8Wl5Ukv9BD4V4VROmWfMQ",
            "49913",
            "a9i/MGugJDQ5LQIR8g7qhW",
            "a8eb5",
            "aaiHcXfhRKy60+pC5L2s3O",
            "f3e23",
            "aa+tBc/V1IoboNNkuD7eZ7",
            "abf92",
            "abJsDNNmdLvbzpHCh1vYIy",
            "922f6",
            "abvjHwfHBIgok+o/D5XswL",
            "d4757",
            "ach3NR1wNGrZFqzwUVKH5Y",
            "40f30",
            "ac1uKvhhpM1IwB5GzL2M3c",
            "65d42",
            "adSg6Rw+tNK4N7JkXhHmDR",
            "c84cf",
            "adZ3hrvvFAeIS1y4OobXox",
            "5ce62",
            "ad80/y3pNAYqNGvOA/Z0uu",
            "cba14",
            "afnv/oaZdE674owPmPC7sF",
            "c6819",
            "af4P07g3pCoovTrB3m/wSR",
            "b6828",
            "b0Be1U5OhHZqrhWdk59oFl",
            "42e2a",
            "b0d7qTe3hOGqi9BLaNWiKA",
            "a4a04",
            "b0kAElh4NMZrjw9nhzeMKo",
            "33162",
            "b4n/6bwp1PCYC5Y0MAS/lG",
            "627a4",
            "b4+IldMfJIFJHzKo/9sY1+",
            "34e9a",
            "b6+hYYxZxOdrUURbyFp2f7",
            "ba129",
            "b9KrOQ91hNoo1dLXjGU5kW",
            "a558d",
            "b9+NbWYXJGVqovVVyWBKJV",
            "90d37",
            "ba4lWG3hBLtpkWa/lTUR+x",
            "0fd10",
            "bbyd4wkLJJDqkk5yGnUPat",
            "06bf1",
            "bb+OMr4ApDhrmCiEMM+DYl",
            "c5ce0",
            "bcmiE9pMtHO4RPRDen5jg9",
            "4937c",
            "bc8Hvo7btEmLmlfd2f/I4f",
            "02252",
            "beE7N/ycZCQ4Pp+TJbDPn0",
            "99d91",
            "beGN7b0w9FQ6+BOURavBi8",
            "0ad4e",
            "beuGD5AzBHL5zOculeODXN",
            "6a8ac",
            "bfaLz1Ut5CwY4U5H7rFQmi",
            "c6239",
            "c1fjR1blhHc4B8TvS4QPsg",
            "7bed0",
            "c194zYB39BFaIAdbxTNaCY",
            "35b28",
            "c3AJRfrtVC6rLYm+l50xde",
            "8a309",
            "c52GGr2hdMhbgIOHelVquQ",
            "97527",
            "c5/ZbnZIpOIoguQrEG4Nf0",
            "b2cf6",
            "c682myGP5Eb7FewmS+rkyS",
            "f1150",
            "c95wya8DBP35+Y85NSaitJ",
            "ecd43",
            "caTlcnueFKz6ai3Sc0YefS",
            "3b1ea",
            "caiuApestCT6Q+XcgiAEjr",
            "00102",
            "cb9e+z6vZKTYTIAyTyLMaF",
            "2417c",
            "cfe6gaQA9ESLURF7Ky8dec",
            "5dea8",
            "d0Vb6a5ZdOTYDqgEw90pIX",
            "3c87c",
            "d1Ssf6toBKCL6LQQFGHYWK",
            "668c7",
            "d1sCPAA2BH5Lg6bje46D9S",
            "90360",
            "d2QUzaQSlIgKgdnksrNCyG",
            "ad28c",
            "d2bVfczjlNZZheuRaxyBna",
            "b249f",
            "d3aKeJLhpHh6gGG72OuMhL",
            "550a6",
            "d3cp/q4jJG9beFnwpWzsfk",
            "185d3",
            "d3xAWJdA1PjYqa3Pss5VWD",
            "6dab5",
            "d608qFRoFHwbXd0Dap056i",
            "d55c2",
            "d7ou65SiBGwapUpaM6tyz1",
            "71598",
            "d8ED6aMWdB94u8iGbkgdiH",
            "f6b4b",
            "d83QGXRu1Kr7VegQeACbwZ",
            "bec32",
            "daD/OIHGtAUI8gpagNBrL4",
            "d1dc8",
            "daUU+fzI5LXa9iG31QBXzU",
            "4c0e2",
            "dbFLPAVn9MtK3KWSt5KA+j",
            "c99fa",
            "dbeODK9DRAMKEleQMlPKKO",
            "c2b09",
            "dcTW3VlxBNz7RleBkAq0ta",
            "d5df4",
            "de4T5pRd5E549ujHR88m1R",
            "0263b",
            "dfz7Fp8uFBSJwxkSsAA7sb",
            "e2779",
            "e1EhMk5HZOiYRzQ8IXAtVV",
            "ac485",
            "e3Tsr2IrVOVaza53hTYQUG",
            "ed8ff",
            "e4TBUD1mdJdIoaZVzw45CI",
            "69d99",
            "e5HxMewrZK3aZrR40lE7zt",
            "1b8c2",
            "e5ZD1l5FFLhK571tppvmnL",
            "9f686",
            "e5539j4NVFko0kKMgENXWR",
            "335d2",
            "e8PF8Kl9pNTao7YMlDsouG",
            "b721d",
            "ebLP6JmABHfr61sYk/92Go",
            "00365",
            "efGDv6kbRPLaLG8ER/XDNh",
            "ae8ab",
            "efVFBW40xNXpd77XGlq3YB",
            "b2e63",
            "efofeibiFL2Ld01bPQX2s/",
            "1ec1b",
            "f0cvWe8H9NzISjxGqqaeY9",
            "11222",
            "f1hvIzcUlC+pfufuY1Ybuz",
            "7fddf",
            "f2xRfBz+dLg5wAhcjEQCyE",
            "8c6b6",
            "f2964y/DtE8I1orZMtrgrm",
            "75372",
            "f4pb+Q54lKKKciMs1sI2zN",
            "7a5b2",
            "f5TbL9H/RHYrjvKgdEiHgU",
            "823c2",
            "f56uLPP0dCWJypNJfwvKpc",
            "436da",
            "f6X1MeTN1Dc6SeU/0xYOzj",
            "54f2c",
            "f65Q13ddNHvLC5Zchzo/jE",
            "51e38",
            "f9bEi2e2xNF5ubeJ7Ue4FA",
            "17a16",
            "faRQYQU/FINLfmXBzCTnRz",
            "c94fc",
            "fcE6CXP21NF4N7YDCqxXBS",
            "59970",
            "fcYO7JkYtCDLIXREKx8IJo",
            "9e927",
            "fdhaQj+f9A2LnbNbx17Ilm",
            "fff58",
            "ffdEO46/dDM7IW6i5s531K",
            "925a2"
        ]
    }
}