[1,["3fNKJ/vXJCybj+CAIBFtU6","ddzR9ALjdD9Zb4R9dzBHhy","52SDnqWhFJa6txW0HbQPUV","bfeQp2o4lPzb+VTx8z1Byo","94Ms23bL5GQISTDjcW57v+","3eF0poU1RAI5haLlOR8wWq","741uXEGqtOyZcmvY72jBdz","e6zNkAlSZJ1ZjCwdZpXY0f","03aFWBdglFULWXpYeNHlnn","52JPYk3jFL5KFORB66Xqs4","d03rIJs5pDcJAz7kTZuaO0"],["value"],[["cc.AnimationClip",["_name","_duration","sample","wrapMode","curveData"],-1,11]],[[0,0,1,2,3,4,5]],[[0,"laplanh1",0.55,20,2,[{},"comps",11,[{},"cc.Sprite",11,[{},"spriteFrame",12,[[[{"frame":0},"value",6,0],[{"frame":0.05},"value",6,1],[{"frame":0.1},"value",6,2],[{"frame":0.15},"value",6,3],[{"frame":0.2},"value",6,4],[{"frame":0.25},"value",6,5],[{"frame":0.3},"value",6,6],[{"frame":0.35},"value",6,7],[{"frame":0.4},"value",6,8],[{"frame":0.45},"value",6,9],[{"frame":0.5},"value",6,10]],11,11,11,11,11,11,11,11,11,11,11]]]]]],0,0,[0,0,0,0,0,0,0,0,0,0,0],[0,0,0,0,0,0,0,0,0,0,0],[0,1,2,3,4,5,6,7,8,9,10]]