[
  1,
  [
    "5cOQ1iXRFKHK9xeauFyc+y"
  ],
  [
    "value"
  ],
  [
    [
      "cc.AnimationClip",
      [
        "_name",
        "_duration",
        "sample",
        "wrapMode",
        "events",
        "curveData"
      ],
      -2,
      11
    ]
  ],
  [
    [
      0,
      0,
      1,
      2,
      3,
      4,
      5,
      6
    ]
  ],
  [
    [
      0,
      "btnSpin",
      2,
      15,
      2,
      [
        {
          "frame": 0,
          "func": "",
          "params": []
        }
      ],
      [
        {},
        "paths",
        11,
        [
          {
            "sb_vfx_c_normal": {
              "comps": {
                "cc.Sprite": {
                  "spriteFrame": [
                    {
                      "frame": 0,
                      "value": null
                    }
                  ]
                }
              }
            }
          },
          "sb_arrow",
          11,
          [
            {
              "props": {
                "angle": [
                  {
                    "frame": 0,
                    "value": 0
                  },
                  {
                    "frame": 2,
                    "value": -360
                  }
                ]
              }
            },
            "comps",
            11,
            [
              {},
              "cc.Sprite",
              11,
              [
                {},
                "spriteFrame",
                12,
                [
                  [
                    [
                      {
                        "frame": 0
                      },
                      "value",
                      6,
                      0
                    ]
                  ],
                  11
                ]
              ]
            ]
          ]
        ]
      ]
    ]
  ],
  0,
  0,
  [
    0
  ],
  [
    0
  ],
  [
    0
  ]
]