[
  1,
  [
    "9dhRl6cIJItYl1sPqqWxNP",
    "55xGbBymFAjq8C1yl3Fs1U"
  ],
  [
    "spriteFrame",
    "_textureSetter"
  ],
  [
    "cc.SpriteFrame",
    [
      "cc.BitmapFont",
      [
        "_name",
        "fontSize",
        "_fntConfig"
      ],
      0
    ]
  ],
  [
    [
      1,
      0,
      1,
      2,
      4
    ]
  ],
  [
    [
      [
        [
          0,
          "fontSo",
          32,
          {
            "commonHeight": 293,
            "fontSize": 32,
            "atlasName": "fontSo.png",
            "fontDefDictionary": {
              "9": {
                "xOffset": 0,
                "yOffset": 0,
                "xAdvance": 0,
                "rect": {
                  "x": 0,
                  "y": 0,
                  "width": 0,
                  "height": 0
                }
              },
              "32": {
                "xOffset": 0,
                "yOffset": 0,
                "xAdvance": 0,
                "rect": {
                  "x": 0,
                  "y": 0,
                  "width": 0,
                  "height": 0
                }
              },
              "44": {
                "xOffset": 0,
                "yOffset": 220,
                "xAdvance": 53,
                "rect": {
                  "x": 340,
                  "y": 515,
                  "width": 58,
                  "height": 73
                }
              },
              "46": {
                "xOffset": 0,
                "yOffset": 230,
                "xAdvance": 54,
                "rect": {
                  "x": 340,
                  "y": 451,
                  "width": 59,
                  "height": 63
                }
              },
              "48": {
                "xOffset": 0,
                "yOffset": 68,
                "xAdvance": 168,
                "rect": {
                  "x": 0,
                  "y": 224,
                  "width": 173,
                  "height": 225
                }
              },
              "49": {
                "xOffset": 0,
                "yOffset": 72,
                "xAdvance": 111,
                "rect": {
                  "x": 506,
                  "y": 447,
                  "width": 116,
                  "height": 221
                }
              },
              "50": {
                "xOffset": 0,
                "yOffset": 73,
                "xAdvance": 160,
                "rect": {
                  "x": 174,
                  "y": 449,
                  "width": 165,
                  "height": 220
                }
              },
              "51": {
                "xOffset": 0,
                "yOffset": 69,
                "xAdvance": 162,
                "rect": {
                  "x": 174,
                  "y": 224,
                  "width": 167,
                  "height": 224
                }
              },
              "52": {
                "xOffset": 0,
                "yOffset": 69,
                "xAdvance": 154,
                "rect": {
                  "x": 507,
                  "y": 0,
                  "width": 159,
                  "height": 224
                }
              },
              "53": {
                "xOffset": 0,
                "yOffset": 70,
                "xAdvance": 156,
                "rect": {
                  "x": 176,
                  "y": 0,
                  "width": 161,
                  "height": 223
                }
              },
              "54": {
                "xOffset": 0,
                "yOffset": 70,
                "xAdvance": 170,
                "rect": {
                  "x": 0,
                  "y": 0,
                  "width": 175,
                  "height": 223
                }
              },
              "55": {
                "xOffset": 0,
                "yOffset": 72,
                "xAdvance": 155,
                "rect": {
                  "x": 506,
                  "y": 225,
                  "width": 160,
                  "height": 221
                }
              },
              "56": {
                "xOffset": 0,
                "yOffset": 68,
                "xAdvance": 158,
                "rect": {
                  "x": 342,
                  "y": 225,
                  "width": 163,
                  "height": 225
                }
              },
              "57": {
                "xOffset": 0,
                "yOffset": 69,
                "xAdvance": 159,
                "rect": {
                  "x": 342,
                  "y": 0,
                  "width": 164,
                  "height": 224
                }
              },
              "120": {
                "xOffset": 0,
                "yOffset": 116,
                "xAdvance": 152,
                "rect": {
                  "x": 0,
                  "y": 450,
                  "width": 157,
                  "height": 177
                }
              }
            },
            "kerningDict": {}
          }
        ]
      ],
      0,
      0,
      [
        0
      ],
      [
        0
      ],
      [
        0
      ]
    ],
    [
      [
        {
          "name": "fontSo",
          "rect": [
            0,
            0,
            489,
            973
          ],
          "offset": [
            -11.5,
            25.5
          ],
          "originalSize": [
            512,
            1024
          ],
          "capInsets": [
            0,
            0,
            0,
            0
          ]
        }
      ],
      [
        0
      ],
      0,
      [
        0
      ],
      [
        1
      ],
      [
        1
      ]
    ]
  ]
]