[
  1,
  [
    "afqH2clXRMJ7e1/1Bows+8"
  ],
  [
    "_textureSetter"
  ],
  [
    "cc.SpriteFrame"
  ],
  0,
  [
    [
      [
        {
          "name": "oms_vfx_a_add",
          "rect": [
            1,
            1,
            756,
            125
          ],
          "offset": [
            0,
            0
          ],
          "originalSize": [
            756,
            125
          ],
          "capInsets": [
            0,
            0,
            0,
            0
          ]
        }
      ],
      [
        0
      ],
      0,
      [
        0
      ],
      [
        0
      ],
      [
        0
      ]
    ],
    [
      [
        {
          "name": "ib_sw_vfx_c_screen",
          "rect": [
            1,
            249,
            536,
            78
          ],
          "offset": [
            0,
            0
          ],
          "originalSize": [
            536,
            78
          ],
          "capInsets": [
            0,
            0,
            0,
            0
          ]
        }
      ],
      [
        0
      ],
      0,
      [
        0
      ],
      [
        0
      ],
      [
        0
      ]
    ]
  ]
]