[
  1,
  [
    "80rWvOEnBLl4+Nf95JayeH",
    "d7cBe2fexLAqlC64k0GDg1",
    "efZV1gZD5HxbjzNMnYNaJi",
    "0fVBeqJNREV77yUHXIslgE",
    "abSszV5PRAR51tw+XtcF24",
    "6bgW0ZgcNNk6hppqba0i79",
    "8appB7sbVBbrF/BSe2GUde",
    "abiKuwnvtCDJIL24gMZBdr",
    "66r4aZKLhIXKM6vQOOlvte",
    "63axIE/mdIALGFrkQZsP7e",
    "24t+txN+JO+pq89Ktxnqai",
    "86M365WqFAeqKSixx62GVG",
    "95vX0vry9EYZAZWIuiNpul",
    "02PV0cYy5HgI0NlYWjwdA6",
    "e5eEd1PXhJv6DzXPbxYmUO",
    "9eTDJBwJtJmYQKhvqr9nJA",
    "d2/Wrk45hAC5WIedwtD+4S",
    "562o8LYTZD46+q19BPkVcY",
    "26XfnE23xFMIA+0ash/kcP",
    "93pDwra0NBYJgpInHG0o1K",
    "1aypmf1TJDL607SK8NkAPB",
    "03wBhPZCRIeLJpNOAIOHSf",
    "e7Njp3uG1KY716HO53Lny/",
    "42ndr3h69OhJnRZj9yWxf8",
    "50cjD5DDVO/62jcxs7OHBN"
  ],
  [
    "_textureSetter",
    "bullet204Area",
    "bullet204explode0",
    "bullet204explode1",
    "bullet204explode2",
    "bullet204explode3",
    "bullet204explode4",
    "bullet204explode5",
    "bullet204fire0",
    "effectHitFish",
    "effectLight0",
    "effectLight1",
    "effectLight2",
    "gun204fire3",
    "gun204idle3",
    "gun204idle4",
    "gun204idle5",
    "gun204idle6",
    "gun204idle7",
    "gun204idle8",
    "gun204idle9",
    "gun204idle10",
    "gun204idle11",
    "gun204idle13",
    "gun204idle15"
  ],
  [
    "cc.SpriteFrame",
    [
      "cc.SpriteAtlas",
      [
        "_name",
        "_spriteFrames"
      ],
      2,
      11
    ]
  ],
  [
    [
      1,
      0,
      1,
      2
    ]
  ],
  [
    [
      [
        {
          "name": "bullet204explode1",
          "rect": [
            134,
            2,
            175,
            442
          ],
          "offset": [
            0,
            0
          ],
          "originalSize": [
            175,
            442
          ],
          "rotated": 1,
          "capInsets": [
            0,
            0,
            0,
            0
          ]
        }
      ],
      [
        0
      ],
      0,
      [
        0
      ],
      [
        0
      ],
      [
        0
      ]
    ],
    [
      [
        [
          0,
          "AtlasGun204Pack0.plist",
          [
            {},
            "bullet204Area",
            6,
            0,
            "bullet204explode0",
            6,
            1,
            "bullet204explode1",
            6,
            2,
            "bullet204explode2",
            6,
            3,
            "bullet204explode3",
            6,
            4,
            "bullet204explode4",
            6,
            5,
            "bullet204explode5",
            6,
            6,
            "bullet204fire0",
            6,
            7,
            "effectHitFish",
            6,
            8,
            "effectLight0",
            6,
            9,
            "effectLight1",
            6,
            10,
            "effectLight2",
            6,
            11,
            "gun204fire3",
            6,
            12,
            "gun204idle3",
            6,
            13,
            "gun204idle4",
            6,
            14,
            "gun204idle5",
            6,
            15,
            "gun204idle6",
            6,
            16,
            "gun204idle7",
            6,
            17,
            "gun204idle8",
            6,
            18,
            "gun204idle9",
            6,
            19,
            "gun204idle10",
            6,
            20,
            "gun204idle11",
            6,
            21,
            "gun204idle13",
            6,
            22,
            "gun204idle15",
            6,
            23
          ]
        ]
      ],
      0,
      0,
      [
        0,
        0,
        0,
        0,
        0,
        0,
        0,
        0,
        0,
        0,
        0,
        0,
        0,
        0,
        0,
        0,
        0,
        0,
        0,
        0,
        0,
        0,
        0,
        0
      ],
      [
        1,
        2,
        3,
        4,
        5,
        6,
        7,
        8,
        9,
        10,
        11,
        12,
        13,
        14,
        15,
        16,
        17,
        18,
        19,
        20,
        21,
        22,
        23,
        24
      ],
      [
        1,
        2,
        3,
        4,
        5,
        6,
        7,
        8,
        9,
        10,
        11,
        12,
        13,
        14,
        15,
        16,
        17,
        18,
        19,
        20,
        21,
        22,
        23,
        24
      ]
    ],
    [
      [
        {
          "name": "effectLight0",
          "rect": [
            2,
            2,
            45,
            1020
          ],
          "offset": [
            0,
            0
          ],
          "originalSize": [
            45,
            1020
          ],
          "capInsets": [
            0,
            0,
            0,
            0
          ]
        }
      ],
      [
        0
      ],
      0,
      [
        0
      ],
      [
        0
      ],
      [
        0
      ]
    ],
    [
      [
        {
          "name": "effectHitFish",
          "rect": [
            852,
            437,
            262,
            113
          ],
          "offset": [
            0,
            0
          ],
          "originalSize": [
            262,
            113
          ],
          "rotated": 1,
          "capInsets": [
            0,
            0,
            0,
            0
          ]
        }
      ],
      [
        0
      ],
      0,
      [
        0
      ],
      [
        0
      ],
      [
        0
      ]
    ],
    [
      [
        {
          "name": "effectLight1",
          "rect": [
            87,
            2,
            45,
            994
          ],
          "offset": [
            0,
            26
          ],
          "originalSize": [
            45,
            1020
          ],
          "capInsets": [
            0,
            0,
            0,
            0
          ]
        }
      ],
      [
        0
      ],
      0,
      [
        0
      ],
      [
        0
      ],
      [
        0
      ]
    ],
    [
      [
        {
          "name": "effectLight2",
          "rect": [
            49,
            2,
            36,
            995
          ],
          "offset": [
            5,
            25
          ],
          "originalSize": [
            45,
            1020
          ],
          "capInsets": [
            0,
            0,
            0,
            0
          ]
        }
      ],
      [
        0
      ],
      0,
      [
        0
      ],
      [
        0
      ],
      [
        0
      ]
    ],
    [
      [
        {
          "name": "bullet204explode2",
          "rect": [
            134,
            179,
            150,
            435
          ],
          "offset": [
            12,
            7
          ],
          "originalSize": [
            175,
            442
          ],
          "capInsets": [
            0,
            0,
            0,
            0
          ]
        }
      ],
      [
        0
      ],
      0,
      [
        0
      ],
      [
        0
      ],
      [
        0
      ]
    ],
    [
      [
        {
          "name": "bullet204explode0",
          "rect": [
            458,
            593,
            109,
            411
          ],
          "offset": [
            26,
            31
          ],
          "originalSize": [
            175,
            442
          ],
          "capInsets": [
            0,
            0,
            0,
            0
          ]
        }
      ],
      [
        0
      ],
      0,
      [
        0
      ],
      [
        0
      ],
      [
        0
      ]
    ]
  ]
]