{"paths":{"0":["Source/xper/spine/skeleton",3],"1":["newSpr/title-caothap",3],"2":["newSpr/btn_closegame",3],"3":["Source/spine/jackpot-effect/jackpot",6],"4":["Source/spine/jackpot-effect/jackpot",3],"5":["newSpr/btn_down",3],"6":["newSpr/btn_up",3],"7":["Source/font/font2-export",3],"8":["Source/font/FontHu/FontHu",3],"9":["newSpr/light",3],"10":["newSpr/btn_time",3],"11":["newSpr/btn_chip4",3],"12":["Source/xper/mini-game-x-per",3],"13":["newSpr/popup/btn_close",3],"14":["newSpr/popup/bg_popup_title",3],"15":["newSpr/bg_table_cao_thap",3],"16":["newSpr/backside",3],"17":["newSpr/btn_guide",3],"18":["Source/font/FontTitle/FontTitlePopup",3],"19":["newSpr/btn_transaction_history",3],"20":["newSpr/btn_rank",3],"21":["Source/xper/spine/skeleton",6],"22":["Source/font/font-number-win",3],"23":["Source/font/font-number-lose",3],"24":["Source/card",3],"25":["newSpr/btn_chip5",3],"26":["newSpr/btn_refresh",3],"27":["newSpr/bg_thong_bao",3],"28":["Source/util",3],"29":["newSpr/btn_chip1",3],"30":["newSpr/btn_chip2",3],"31":["newSpr/btn_play",3],"32":["newSpr/btn_chip3",3],"33":["Source/xper/spine/skeleton",7],"34":["Source/font/font2-export",4,1],"35":["newSpr/btn_play",4,1],"36":["newSpr/btn_chip1",4,1],"37":["Source/font/font-number-lose",4,1],"38":["Source/font/font-number-lose",5],"39":["newSpr/btn_chip5",4,1],"40":["Prefab/LSGD",1],"41":["newSpr/btn_down",4,1],"42":["Source/font/font-number-win",4,1],"43":["Animation/toast/HideToastAnimation",0],"44":["Source/font/FontHu/FontHu",4,1],"45":["Animation/MiniGameResultAnimation",0],"46":["Source/card",2],"47":["newSpr/bg_table_cao_thap",4,1],"48":["Source/font/FontTitle/FontTitlePopup",5],"49":["Prefab/tren-duoi-history-card-item-node",1],"50":["newSpr/btn_up",4,1],"51":["newSpr/light",4,1],"52":["newSpr/title-caothap",4,1],"53":["Source/font/FontTitle/FontTitlePopup",4,1],"54":["newSpr/btn_chip4",4,1],"55":["Animation/toast/ShowToastAnimation",0],"56":["newSpr/btn_closegame",4,1],"57":["Source/spine/jackpot-effect/jackpot",7],"58":["newSpr/btn_transaction_history",4,1],"59":["newSpr/popup/bg_popup_title",4,1],"60":["Prefab/toast-prefab",1],"61":["newSpr/btn_guide",4,1],"62":["newSpr/btn_refresh",4,1],"63":["newSpr/bg_thong_bao",4,1],"64":["CaoThap",1],"65":["Prefab/jackpot-effect-prefab",1],"66":["newSpr/backside",4,1],"67":["Source/spine/jackpot-effect/jackpot",4,1],"68":["Source/xper/mini-game-x-per",2],"69":["newSpr/popup/btn_close",4,1],"70":["newSpr/btn_chip3",4,1],"71":["Source/font/font-number-win",5],"72":["Source/xper/spine/skeleton",4,1],"73":["Source/util",2],"74":["newSpr/btn_time",4,1],"75":["newSpr/btn_chip2",4,1],"76":["newSpr/btn_rank",4,1],"77":["Source/font/FontHu/FontHu",5],"78":["Source/font/font2-export",5],"79":["Prefab/RankView",1],"80":["Prefab/card-prefab",1],"81":["Prefab/Guide",1]},"types":["cc.AnimationClip","cc.Prefab","cc.SpriteAtlas","cc.Texture2D","cc.SpriteFrame","cc.BitmapFont","cc.Asset","sp.SkeletonData"],"uuids":["0134yjysZKdJmPcdeJSQb/","13SzEBG6lC8qLOWBsOXSoi","14lkUjDjxFgrQ1l7EMwB58","19MWpSMjJMnqUKIh/u/LBb","1absdEbd1N3IABQ3aIilvS","1cNzL6y+FIxqXwtz2yYjcH","22a/mnuRdKFJruTlhYiAl1","28hlQnEnNJjZMG4/ERT+qP","36poARB3tMbIZPDnR+Rx6l","37yGgGcQxE34pYCfXXbZ1p","47/lpKoFtF1bHfYjDR3ZzN","49+azZGtJBD7t/9iLG/8Ps","4cJsp3oRZAW6EIShfanZbz","67O7+HQHZFiofDcsrVo9cA","6et0u58ElF/7YkpyV0636L","70o5btNZBFgpuKq73KIbb9","7bJt/Dg75FGYZlY/+s3bWe","8bIs3O4LZCorDZPbFQRMDv","940DkmKx5Ig4dvSl8yS3pl","9f9WNYnYpKd5TuBJRBUjte","abDApkEudIFbtuurt0PZs2","b08MVqhphKnYFH5DZzqnr8","beCkq2vQtK7agi29pIsL5u","c0e3+tE6dBGqLPJMUBC5yU","cePCtjkXlNlZv9C/qmBWFP","dfqwPaNXdC15rIuEnpN3iD","e0Vd8sZ1VHbaQVrmcp9Nf1","e73BIm0nVO7IfBFvke4olg","edEDIVzk9F7J1aYvg4mi1Q","ef4/CvzKtLRZHlt8pJ65Dm","faAYn9f9FDJZBQhMt2DgHP","faOkycEHJDQYf3hdhn1Jqw","fcRZw2pWZCcJaziVF3JcSe","00btTdWElL7IOzJXIhqU3I","0208pIYSBBpqXIb3C0ZkbE","0aX7Hx85lE55E9MQdGvCQR","0a7Hb3okhDMq3oAb90h/zL","0dnjzvUAhENpFC3mUsd2zQ","20F18UYiRPdJ4EzphhymB+","21odtQQbVJQrgtwTqDsmOE","23R9GzUglDtItwMFDUdzwu","23cn5lVURLlYlFZmsReEsB","263ZTBedpIwKzGLKehvOA6","2chT79vrtHc5ozhLLC9Tfy","355Jdcu6BFxrzrswlcQpnG","3a6FP42BdGypehfVHpbkJo","3eUzIg5RBMlpm1uKs523gB","3e+SESFvhGfq1pFr++5k3v","42Bu3lYGpOrqeA1C/TLw0y","45RTDJ7thFp7HRdNc2HRrj","4dmcwX43VOQ7FF8tGgR9Ud","530vNMdUJA17x53S0hXghR","56t9dyLsVGy4y8FzUECJ14","5aNbNROKtBBILW/lD26eHS","5fKUQDbKlHGJ+Tf7ayKGkd","67c5JT2s1JMKkvt3Hj7kxX","6dmdtDcHpFyLrmehzgtrN9","77K4C/XiZD7rLGzn8UEvkl","7aCwy16NZOO54xQ0l1qpYZ","83CkResFxL4KlyN5WC8EmY","8bQNvensRCTbekHTKHN8cA","8dMa2V539GvZrp0RA2ch6c","920F7CDiZMirvmgQqlQ4zw","9aKbtuK/pI3qU26S+Moql3","9czmYvroRA96RfoZKwK7j4","a0hSGLaytDCLLPlbozZ+/j","a0ofKo5idGlpcKoGClT6m6","a2ETHgswtDKaIZOAu/h8Ku","acj5/v9NxITJyEJ4YhdLVp","b1rKL9BZxMU5KqMu0QCNhV","b4k2T/9qBOQ7Wgz9kO7c2Y","b5/nAX4p1PPpOP+o3ngUe1","b8vgCh+8BCq5adyUytt31V","c6M1xESVlPG6AB7ZL7Pcr8","c6UB0Xwt9Lo6lYkKlTXuTP","c6ogccodlImoWCMGCdfoBJ","cbXbkzFhRAf59KdAUhJ7Ip","cd9Rv9OSlBSqK2NPt0NYy+","e86Xp7ykRGyYeGrOAtFMVA","ecnYKnuf1OJr7i25u+fUjh","f01Jf5rktOoJEWfGpTz5mJ","feiy/x+ExHnZBI/BOtMqFa","013impPphM2aQ5j29EJ+/a","08vH/MhrVOH6uFdwrHbms1","0b7KnDbylBOIfdOGQzKqGB","10AmF230dKALkO1T9sBY1w","19sF4Fn39CZI9LACxQ9/g+","1bOzVXNulJL4IvKh3KGl6H","1c7oETy+pKv4Hpb2xzqpci","20v+G3oBBErLI0Om0ec+sS","23BCkIeIhG5p+r6wuoYLGl","234vUU0mJAaaP3dDf+uBHj","36BqIrUaREr65gfZvAZUCl","3c2cWgCEVDqofawgVroqeH","40NMXF8uRI4b++oBnotKWL","45ZR6EBKtBNrFcf81T/Q0B","50/pUStJxMbITw1ay2qiF3","56myryLxBGAq2XrQowmmU/","57y2F9b6hNS4H4nIiNRZiJ","60rpL9ICtKm5Z36WAGYLqU","7a/QZLET9IDreTiBfRn2PD","89mavs78lPxpd4qvNqFgd5","90c2GrU7REwLuzRedBWZJ4","90+0TDp6tPWa58IeKBlDy2","91YU6+YM9F9ofm6iWUhrB8","92BMywnVNFqqOeRlWwWpup","96PPUgvqlPt53zvv4XoD9X","9bcbTr/HZAraG7LiGoDQ6N","a2cHz2ihFB/78NGreepjP/","a3qrIOhatPi7+j0UHSDYUs","abS2Ro+ttLCIYzgFxFyKDd","b1SZlefztJuYvKglKtZlJB","b2/leKRqFNoJqbNSiDXf+T","b37jw5UY1M5YOsCfthZ5Di","baC+hO2p1KU4xOjrUMrD0d","bctaQCtEpNL7aoj0IifX9g","c0m5ApKS9LvIV8+F0ScdU6","c22pWK9nZEhrX/HMiLdbzu","c3UT4MUoZN8YCtWVHGX2br","c4s0SAGZVCP4ePojJ74byX","c6ybbLPwVMwqVlnrOMhF+g","c7IWVNi35HeKy5u74+Nmu7","c9bOm8kf5MQq+LuxdoYGfN","cboMQThTxD0ruL14sq46h4","ceyU2+aOhBkYu7cojuTFpU","d2IPABOC1GBJmAtxl9/bxf","d7bJYbn8pDKq1MAn3CNPJl","d7yzddX79Cj7kqqfLUsvOx","e2Hc0+bENPxooxbj76Yv+F","e4ql1ufM9OvYM4Taw2+VlH","e850NfyKlFmZ27qyUcTY5p","eaaJje521DsaiJ5KpOu7Go","ebIqnzUyFPcYtWcQl6Xy4R","ecpdLyjvZBwrvm+cedCcQy","ed6uSJ1+1FtZzyM/D+Mskp","f1/QpihcJH1J1xPrEnMbSk","f6eBG6n7dCzrltwFZwzrbD","f8UVZ1YGBK6pWe5zj9vP5m","f9SaJsrb9OfZ7RgbSaEDfB","f99s2ubwJFn7qsqecoIL35","fexRNj+YlJhpwC5yJ/HKyy"],"scenes":{},"redirect":[100,0,133,0],"deps":["internal"],"packs":{"015946286":[44,77],"01685fef4":[59,69],"01b553b72":[0,1,2,4,5,6,7,8,9,10,11,12,13,14,15,16,17,18,19,20,22,23,24,25,26,27,28,29,30,31,32],"057c6429d":[42,71],"073198b23":[37,38],"08ac04acc":[82,83,84,87,89,93,98,101,103,109,111,123,125,126,129,131,132,134,135,140],"0a140af68":[43,55,60,63],"0af02fc38":[88,91,95,97,102,106,107,108,110,68,112,113,114,116,118,124,127,136,139],"0b866f80c":[85,86,90,92,94,96,99,105,115,73,120,121,122,128,130,137,138],"0f2f05707":[34,78],"0fda2f58b":[48,53],"0ff8d923d":[35,36,39,41,45,47,49,50,51,52,54,56,58,61,62,64,66,70,74,75,76]},"name":"55","importBase":"import","nativeBase":"native","debug":false,"isZip":false,"encrypted":false,"versions":{"import":[33,"d82c6","015946286","b47fb","01685fef4","82ebc","01b553b72","4d93f","057c6429d","8bb77","073198b23","f418b","08ac04acc","67cf3","0a140af68","d13da","0af02fc38","0a15f","0b866f80c","ff0d4","0f2f05707","136a6","0fda2f58b","e887a","0ff8d923d","42348",3,"20cc0",40,"ec49c",46,"022be",57,"35e41",104,"259ef",65,"a1025",67,"7004e",21,"08689",72,"b7865",117,"7a7b4",119,"70afc",79,"15e5a",80,"c0fe2",81,"ae774"],"native":[0,"dd236",1,"c6c8f",2,"f21f6",3,"19d2f",4,"c85db",5,"79b24",6,"0c4f1",7,"93aed",8,"0dfe1",9,"8b4e2",10,"c44e4",11,"959f2",12,"87b56",13,"86c67",14,"3872e",15,"8af26",16,"c176c",17,"29779",18,"84931",19,"e6810",20,"913c3",21,"e5d71",22,"ee6f2",23,"2957d",24,"abbfd",25,"c3a13",26,"f6b2c",27,"593f1",28,"d8a72",29,"54857",30,"d91a2",31,"b95f0",32,"91c2f"]}}