[1,["cePCtjkXlNlZv9C/qmBWFP"],["_textureSetter"],["cc.SpriteFrame"],0,[[[{"name":"card-focus-4","rect":[138,0,137,169],"offset":[0,0],"originalSize":[137,169],"capInsets":[0,0,0,0]}],[0],0,[0],[0],[0]],[[{"name":"card-queen-black","rect":[92,340,91,117],"offset":[0,0],"originalSize":[91,117],"capInsets":[0,0,0,0]}],[0],0,[0],[0],[0]],[[{"name":"card-diamon-big","rect":[276,411,65,70],"offset":[0,0],"originalSize":[65,70],"capInsets":[0,0,0,0]}],[0],0,[0],[0],[0]],[[{"name":"card-focus-3","rect":[138,170,137,169],"offset":[0,0],"originalSize":[137,169],"capInsets":[0,0,0,0]}],[0],0,[0],[0],[0]],[[{"name":"card-queen-red","rect":[384,0,89,117],"offset":[0,0],"originalSize":[89,117],"capInsets":[0,0,0,0]}],[0],0,[0],[0],[0]],[[{"name":"card-diamon-small","rect":[137,458,21,23],"offset":[0,0],"originalSize":[21,23],"capInsets":[0,0,0,0]}],[0],0,[0],[0],[0]],[[{"name":"card-focus-1","rect":[0,170,137,169],"offset":[0,0],"originalSize":[137,169],"capInsets":[0,0,0,0]}],[0],0,[0],[0],[0]],[[{"name":"card-king-black","rect":[184,340,91,118],"offset":[0,0],"originalSize":[91,118],"capInsets":[0,0,0,0]}],[0],0,[0],[0],[0]],[[{"name":"card-focus-2","rect":[0,0,137,169],"offset":[0,0],"originalSize":[137,169],"capInsets":[0,0,0,0]}],[0],0,[0],[0],[0]],[[{"name":"card-jack-red","rect":[0,340,91,120],"offset":[0,0],"originalSize":[91,120],"capInsets":[0,0,0,0]}],[0],0,[0],[0],[0]],[[{"name":"card-club-small","rect":[92,458,22,23],"offset":[0,0],"originalSize":[22,23],"capInsets":[0,0,0,0]}],[0],0,[0],[0],[0]],[[{"name":"card-heart-big","rect":[384,192,63,73],"offset":[0,0],"originalSize":[63,73],"capInsets":[0,0,0,0]}],[0],0,[0],[0],[0]],[[{"name":"card-space-small","rect":[115,458,21,23],"offset":[0,0],"originalSize":[21,23],"capInsets":[0,0,0,0]}],[0],0,[0],[0],[0]],[[{"name":"card-heart-small","rect":[342,411,22,24],"offset":[0,0],"originalSize":[22,24],"capInsets":[0,0,0,0]}],[0],0,[0],[0],[0]],[[{"name":"card-background","rect":[276,0,107,144],"offset":[0,0],"originalSize":[107,144],"capInsets":[0,0,0,0]}],[0],0,[0],[0],[0]],[[{"name":"card-jack-black","rect":[276,290,91,120],"offset":[0,0],"originalSize":[91,120],"capInsets":[0,0,0,0]}],[0],0,[0],[0],[0]],[[{"name":"card-club-big","rect":[384,118,70,73],"offset":[0,0],"originalSize":[70,73],"capInsets":[0,0,0,0]}],[0],0,[0],[0],[0]],[[{"name":"card-foreground","rect":[276,145,107,144],"offset":[0,0],"originalSize":[107,144],"capInsets":[0,0,0,0]}],[0],0,[0],[0],[0]],[[{"name":"card-space-big","rect":[368,409,69,72],"offset":[0,0],"originalSize":[69,72],"capInsets":[0,0,0,0]}],[0],0,[0],[0],[0]],[[{"name":"card-king-red","rect":[368,290,89,118],"offset":[0,0],"originalSize":[89,118],"capInsets":[0,0,0,0]}],[0],0,[0],[0],[0]]]]