[
  1,
  [
    "a80n0/qRxNlYA7ecBIaWvE"
  ],
  0,
  [
    [
      "sp.SkeletonData",
      [
        "_name",
        "_atlasText",
        "textureNames",
        "_skeletonJson",
        "textures"
      ],
      -1,
      3
    ]
  ],
  [
    [
      0,
      0,
      1,
      2,
      3,
      4,
      5
    ]
  ],
  [
    [
      0,
      "skeleton",
      "\r\nskeleton.png\r\nsize: 1024,1024\r\nformat: RGBA8888\r\nfilter: Linear,Linear\r\nrepeat: none\r\n01\r\n  rotate: false\r\n  xy: 2, 656\r\n  size: 273, 216\r\n  orig: 273, 216\r\n  offset: 0, 0\r\n  index: -1\r\n02\r\n  rotate: false\r\n  xy: 2, 438\r\n  size: 273, 216\r\n  orig: 273, 216\r\n  offset: 0, 0\r\n  index: -1\r\n03\r\n  rotate: false\r\n  xy: 277, 656\r\n  size: 273, 216\r\n  orig: 273, 216\r\n  offset: 0, 0\r\n  index: -1\r\n04\r\n  rotate: false\r\n  xy: 2, 220\r\n  size: 273, 216\r\n  orig: 273, 216\r\n  offset: 0, 0\r\n  index: -1\r\n05\r\n  rotate: false\r\n  xy: 277, 438\r\n  size: 273, 216\r\n  orig: 273, 216\r\n  offset: 0, 0\r\n  index: -1\r\n06\r\n  rotate: false\r\n  xy: 552, 656\r\n  size: 273, 216\r\n  orig: 273, 216\r\n  offset: 0, 0\r\n  index: -1\r\n07\r\n  rotate: false\r\n  xy: 2, 2\r\n  size: 273, 216\r\n  orig: 273, 216\r\n  offset: 0, 0\r\n  index: -1\r\n08\r\n  rotate: false\r\n  xy: 277, 220\r\n  size: 273, 216\r\n  orig: 273, 216\r\n  offset: 0, 0\r\n  index: -1\r\n09\r\n  rotate: false\r\n  xy: 552, 438\r\n  size: 273, 216\r\n  orig: 273, 216\r\n  offset: 0, 0\r\n  index: -1\r\n10\r\n  rotate: false\r\n  xy: 277, 2\r\n  size: 273, 216\r\n  orig: 273, 216\r\n  offset: 0, 0\r\n  index: -1\r\n11\r\n  rotate: false\r\n  xy: 552, 220\r\n  size: 273, 216\r\n  orig: 273, 216\r\n  offset: 0, 0\r\n  index: -1\r\n12\r\n  rotate: false\r\n  xy: 552, 2\r\n  size: 273, 216\r\n  orig: 273, 216\r\n  offset: 0, 0\r\n  index: -1\r\n",
      [
        "skeleton.png"
      ],
      {
        "skeleton": {
          "hash": "bizg8gKEilDNT3FFLpfvC41PczQ",
          "spine": "3.6.46",
          "width": 273,
          "height": 216,
          "images": ""
        },
        "bones": [
          {
            "name": "root"
          }
        ],
        "slots": [
          {
            "name": "01",
            "bone": "root",
            "attachment": "12"
          }
        ],
        "skins": {
          "default": {
            "01": {
              "10": {
                "width": 273,
                "height": 216
              },
              "11": {
                "width": 273,
                "height": 216
              },
              "12": {
                "width": 273,
                "height": 216
              },
              "01": {
                "width": 273,
                "height": 216
              },
              "02": {
                "width": 273,
                "height": 216
              },
              "03": {
                "width": 273,
                "height": 216
              },
              "04": {
                "width": 273,
                "height": 216
              },
              "05": {
                "width": 273,
                "height": 216
              },
              "06": {
                "width": 273,
                "height": 216
              },
              "07": {
                "width": 273,
                "height": 216
              },
              "08": {
                "width": 273,
                "height": 216
              },
              "09": {
                "width": 273,
                "height": 216
              }
            }
          }
        },
        "animations": {
          "animation": {
            "slots": {
              "01": {
                "attachment": [
                  {
                    "time": 0,
                    "name": "01"
                  },
                  {
                    "time": 0.1,
                    "name": "02"
                  },
                  {
                    "time": 0.2,
                    "name": "03"
                  },
                  {
                    "time": 0.3,
                    "name": "04"
                  },
                  {
                    "time": 0.4,
                    "name": "05"
                  },
                  {
                    "time": 0.5,
                    "name": "06"
                  },
                  {
                    "time": 0.6,
                    "name": "07"
                  },
                  {
                    "time": 0.7,
                    "name": "08"
                  },
                  {
                    "time": 0.8,
                    "name": "09"
                  },
                  {
                    "time": 0.9,
                    "name": "10"
                  },
                  {
                    "time": 1,
                    "name": "11"
                  },
                  {
                    "time": 1.1,
                    "name": "12"
                  },
                  {
                    "time": 1.2,
                    "name": "09"
                  },
                  {
                    "time": 1.3,
                    "name": "10"
                  },
                  {
                    "time": 1.4,
                    "name": "11"
                  },
                  {
                    "time": 1.5,
                    "name": "12"
                  }
                ]
              }
            }
          }
        }
      },
      [
        0
      ]
    ]
  ],
  0,
  0,
  [
    0
  ],
  [
    -1
  ],
  [
    0
  ]
]