{"paths":{"0":["Sprites/Atlas/Alats7",4],"1":["Sprites/bgGetFreeSpin",4],"2":["Sprites/bgBotNormal",4],"3":["Sprites/Atlas/fontAuto",4],"4":["Spines/NearFS/skeleton",4],"5":["Audio/EndFree",1],"6":["Spines/NearFS/skeleton",5],"7":["Sprites/Atlas/payline",4],"8":["Spines/MainGame_v6/MainGame_v6 (1)",4],"9":["Sprites/Atlas/Alats2",4],"10":["Audio/SpinReel",1],"11":["Sprites/bg_board_2",4],"12":["Spines/JQKA/skeleton",5],"13":["Spines/ChineseNewYear_MainGame/ChineseNewYear_MainGame",5],"14":["Sprites/bgFreeSpin",4],"15":["Sprites/bgGame",4],"16":["Spines/BigWin/winscene",5],"17":["Audio/NFStop",1],"18":["Spines/ChineseNewYear_Freespin/ChineseNewYear_Freespin",4],"19":["Sprites/Atlas/Alats5",4],"20":["Sprites/Atlas/Alats4",4],"21":["Spines/btnSpin/skeleton",5],"22":["Spines/ChineseNewYear_Outro/ChineseNewYear_Outro (1)",4],"23":["Sprites/Atlas/Alats6",4],"24":["Audio/BgGame",1],"25":["Audio/Click2",1],"26":["Sprites/border_board",4],"27":["Spines/Infobar/skeleton",4],"28":["Spines/ChineseNewYear_Wild/ChineseNewYear_Wild",4],"29":["Audio/ScroreCounting",1],"30":["Sprites/Atlas/Alats3",4],"31":["Spines/Chip/skeleton",5],"32":["Audio/bgFree",1],"33":["Audio/winline",1],"34":["Audio/ScoreCountingEnd",1],"35":["Spines/bgSymbol/skeleton",4],"36":["Spines/Chip/skeleton",4],"37":["Sprites/Atlas/Alats1",4],"38":["Audio/Click",1],"39":["Spines/bgSymbol/skeleton",5],"40":["Spines/Infobar/skeleton",5],"41":["Spines/MainGame_v6/MainGame_v6 (1)",5],"42":["Sprites/main_header",4],"43":["Spines/intro/intro",4],"44":["Audio/get3Scatter",1],"45":["Font/wins",4],"46":["Sprites/bg_bottom",4],"47":["Spines/ChineseNewYear_Wild/ChineseNewYear_Wild",5],"48":["Spines/ChineseNewYear_MainGame/ChineseNewYear_MainGame",4],"49":["Spines/btnSpin/skeleton",4],"50":["Audio/ReelStop",1],"51":["Sprites/bgNormal",4],"52":["Audio/BigWin",1],"53":["Sprites/bgVang",4],"54":["Spines/ChineseNewYear_Freespin/ChineseNewYear_Freespin",5],"55":["Spines/spineBg/skeleton",5],"56":["Sprites/btnSpin",4],"57":["Sprites/start_btn",4],"58":["Audio/StartNFS",1],"59":["Audio/btnSpin",1],"60":["Sprites/topbar",4],"61":["Spines/intro/intro",5],"62":["Spines/spineBg/skeleton",4],"63":["Spines/ChineseNewYear_Outro/ChineseNewYear_Outro (1)",5],"64":["Font/free_spins_won",4],"65":["Font/infor_bar_win",4],"66":["Spines/BigWin/winscene",4],"67":["Sprites/topbar1",4],"68":["Spines/JQKA/skeleton",4],"69":["Spines/bgSymbol/skeleton",2,1],"70":["Spines/ChineseNewYear_Outro/ChineseNewYear_Outro (1)",6],"71":["Sprites/Atlas/Alats1",7],"72":["Animation/SymbolWin",0],"74":["Sprites/Atlas/Alats5",7],"75":["Sprites/bgNormal",2,1],"76":["Spines/ChineseNewYear_Wild/ChineseNewYear_Wild",6],"77":["Spines/NearFS/skeleton",6],"78":["Sprites/Atlas/Alats2",7],"79":["Spines/BigWin/winscene",2,1],"80":["Spines/ChineseNewYear_Freespin/ChineseNewYear_Freespin",6],"81":["Spines/spineBg/skeleton",6],"82":["Spines/NearFS/skeleton",2,1],"83":["Sprites/Atlas/Alats3",7],"84":["Sprites/Atlas/payline",7],"86":["Font/free_spins_won",2,1],"87":["Sprites/main_header",2,1],"89":["Spines/Infobar/skeleton",6],"90":["Sprites/bg_board_2",2,1],"91":["Animation/FreeSpin",0],"92":["Spines/btnSpin/skeleton",2,1],"94":["Spines/intro/intro",6],"95":["Font/infor_bar_win",2,1],"96":["Sprites/Atlas/fontAuto",7],"98":["Spines/bgSymbol/skeleton",6],"99":["Sprites/bgGame",2,1],"100":["Sprites/Atlas/Alats7",7],"102":["Spines/Chip/skeleton",6],"103":["Sprites/bgVang",2,1],"104":["Spines/JQKA/skeleton",6],"105":["Spines/intro/intro",2,1],"106":["Spines/Infobar/skeleton",2,1],"108":["Spines/ChineseNewYear_MainGame/ChineseNewYear_MainGame",6],"109":["Sprites/bg_bottom",2,1],"110":["Spines/ChineseNewYear_Wild/ChineseNewYear_Wild",2,1],"111":["Font/wins",2,1],"112":["Font/free_spins_won",3],"113":["Sprites/start_btn",2,1],"114":["Spines/Chip/skeleton",2,1],"116":["Sprites/topbar",2,1],"117":["Spines/ChineseNewYear_MainGame/ChineseNewYear_MainGame",2,1],"118":["Sprites/btnSpin",2,1],"119":["Font/wins",3],"120":["Font/infor_bar_win",3],"121":["Spines/BigWin/winscene",6],"122":["Sprites/border_board",2,1],"123":["Spines/JQKA/skeleton",2,1],"124":["Spines/spineBg/skeleton",2,1],"125":["Sprites/bgBotNormal",2,1],"126":["Spines/MainGame_v6/MainGame_v6 (1)",2,1],"127":["Sprites/bgFreeSpin",2,1],"128":["Sprites/Atlas/Alats4",7],"129":["Spines/btnSpin/skeleton",6],"130":["Sprites/topbar1",2,1],"131":["Sprites/bgGetFreeSpin",2,1],"132":["Spines/MainGame_v6/MainGame_v6 (1)",6],"133":["Spines/ChineseNewYear_Outro/ChineseNewYear_Outro (1)",2,1],"134":["Sprites/Atlas/Alats6",7],"135":["Spines/ChineseNewYear_Freespin/ChineseNewYear_Freespin",2,1]},"types":["cc.AnimationClip","cc.AudioClip","cc.SpriteFrame","cc.BitmapFont","cc.Texture2D","cc.Asset","sp.SkeletonData","cc.SpriteAtlas"],"uuids":["09vSW/FxhFMogBiiF1hg2L","0aMVciYW9AJp7dKTuOx/WA","0b1leajTBG158TrQvfyMUP","0cM5aAu3NN8brS6hpGWEQv","0fvfy83NxGjKMi3ZSLv2XP","1dDRA40s1KkpzcVEA08RGr","201ckrzkdDJaPE9B4rZ4PK","22i/Xo9WVPXLcblisnxcc0","25IYv5rKxB0ZegypgiaAxB","2b/HnSYr5FDbIKMXnrXEie","33pS09CyJPE4DRYhoq6/Lo","38+7svb69McZOzFpXveK+B","39hqDH7KNOULYdN8NgQ1O4","3a+5SX+fdG0IqUmtOKsHtA","44lkry035C8J6KYvwwvdVM","45dXaGYcBOtrFuCS35NNPb","48iKr9xH5EmZy0ByB0PPMX","4aq1sbxQxHQ6Fo70MbqWcE","4cQL7NSiRJQIrqs8b/K8Nd","4dUslisK9CcpkNvVZ0A3QY","4eoMnHprlOU4UhWpH128CS","57GrgiciNBcLhuWDKSo192","59Uy0svmJKwoNNBLUjXjXm","61xlnn/YFAqLeIT3Xx5q3n","6ackdKq1hOUpdLau07v1Gi","6ae2oWw+hCUbP8o9xcN6Kb","6bFyWcnulD267V2uyFDib8","6cTtrftbFGIZbSvakhihXg","71bHRpftRM67MRZRRaVVSC","710omxhjJKsbBrNm/DAXY5","7dAJXN4lRBSIDg7PWjphlY","7fS4c50GpN6K125Qt9Agpv","7fYaWX39ZHv7qkMK5OLLQd","7f6xQ/D0VNjaiVR+b2GfzX","817VJZDkZPe5P75nA0dr6V","83zoTdHgtHwKtgJHqWHIJl","84JB3OUW5A2acDmBYdirYZ","84rJjm2sNC1YeSsI4xDp3m","90b/qW7DREvLXVYaivvIYd","978xlIVbtIFqAKptMpAPDH","9bidpZ14RAJqK1sK/3g4uG","9eMS19jRZKZYz5K+3tX4sb","a3N0+hbn5AAI7k0OQWfCrU","a7JXz+QV5FWIL6TSQmqtJM","a8LMKCQTlHIopZl5AqAG12","a82XAQWF5Bk5nKPSKfvOUj","abzcwSblJNTZZUqXv00A1f","acWMsb+nVCaoszO5TUgCZq","adrOxG0qtNnKkdUEWEOn/E","aePiC+drRK0q6cJEbhQmx6","aeXhFNGnVA65CUZeeZRkRU","afhkzLeKtMC7HCi4MBVoSi","b15q652zpBYqwA6QH0uSOi","c1UwWy/kFG2468uSvEHP9c","c3Yz5wahlFjr2+HdGIDbJw","c4Gr13RBdPbaYn8lxC95QT","cfMgFNFA5MF5l/96EQXK7a","cfrgcWTpdBHbzZq7+fgHnP","d3NMidFLRHt6zUEZHoRD8/","damdalCyVBOYhWV3IWMp0t","e0OEYgBe1Ij56fD0QbeQdJ","e0xIOd2qVLgLvrkuN8T5pN","e0yFf/1BhPmpE0PNaVVoz0","e11Lpn7NRE3KeFenGcXbDA","e5Zwc5PIlIt6ccqsJKfB3U","f5t/3vYJNJE6wJrB+sswVs","fa1HmoeXVDw43fXbE1LEzS","fcHQmRRmlB1aF9E/sb9rbc","fdaZUlszVGZbJ25dCDov3D","026BchyTpEYIks2vJ7Ftxp","04phJGextNO6reirHWAtpd","0bKNk7f/BECLDi5RxAVfyL","0fHIPzHdBPWYg+vXJNBiTc","12G4IpEvRPVIacLk76NJ2a","16PHtk/59IjZE2dJAAj9y0","21j3dSOpRMyrn26LllKuDh","23ExFRAiRLb5ATsajVnjYE","2aBbRtMilOBK0H/o4/hMQe","2ah03byFxHtp6Lz9x3wQK8","317FngXkFBkYD6V/UZxDTD","38RIRw5DRGmrJ0AVLy+vR8","39Zs7+IlNCEZRFVLLrZjlh","3cxY9NyMhNXZYggNFnlw7Q","45dkgbiDJD/YymYoVsBuCn","47iZgWJU9NK6K+CHDLx+DI","475XbGQFJFJ6Mawr/enaMV","49nZk2FsBIl5VdkAAka0J1","4adXedj4tP8acxrj3sbEBH","50c1DJv6BA/5fWLtzbcKY5","52u+U72bdP/KtQYt+JXZXZ","55/WdWbgxNSIDRC0YiEtjs","5cjmC1+h5HTq6BDKs4GYkY","60I5CDCT9JU4MLYWvDpxrf","64d/vHycNJE4dcTLqbtT9O","68UFqTqalIs4sWAvJnBG7s","6byCFlVkRG6JU3roynqiCp","6e6a1wcTZAZK8xmFWN4BkD","73n1SGnrZA1pyioMXT8EnO","75+Qym4KVDp4z8rwq0SsHx","7b4HMpHBdAhaCLXr3DXqCy","82Mb0nyxVCwb6VUFR9INP8","9aY8Nbm3dDsbiDJH4xLSZU","9a/RWOv1ZPUIIbGL76n7Fn","a8n6Ewo7VEf4M/TLmjDL50","a9MueQTpNGd7d88IYFsUbV","abq10B0ulDKIaWWDpitpiQ","abvWO2RLpBQKaPtDjIDJxi","acARtxAKdPvaYCMCGjFlz3","b2Nz7eZPxK971X8cgp27NN","b4blnm+R1LyJ7xj8Vk5pow","b7PE5zcwxJSI3gmG9SMrKX","b9LSU9ncZE25boI9dn/xvy","baObwgKZFA5oChJhvXJhDJ","c0ulQWgAlA57YxwkvUtZmO","c5kfJk4DpNd4j8MF7JWGT/","c6cjbTjmFOxYgCBu1SNmsh","c7S+PX/aNE+5iwVcp1tckF","c7vHkicp5BGK/wjXFH8QlY","c9cNz94p9KpL1ety4qgj0v","cf2WE/iSBApqm0cQ6qkeVX","d0HmtqfddJ/rkjOEWNSpWr","d3o8F8REdBxreCM1LJIrnJ","dcqzactNZMW4z9S5HzTdHA","ddSq8y925P3a2pYjCHU8nX","ddtJbLW0JNKLQsyf2vBu2b","df4WCQPlxNdaqtbzirAre3","e5ZBqDgj1NTr0p83SUSFmT","ebt/Pdqp5KwIaiL9tZCIhY","edMWJ+pVND+Jp0mNVqHMQg","f0FrcoETxAdZQDMlo1gkDV","f1Nx/OGtJBMqUjQCstJfaG","faGlfp2vdMMoHuEif48HYg","fb+abLxnFKrJzwT1xXtO46","fc0l/aWLpDe6vkhWl+CPr8","ffXNCtpr9OlpiFtSOawO26","ff+TPZzspP0quTQkvbZMlw","01HzTV8qJHE4EuzAjVJaiA","01OptS2YhPvYCcQvc8k4vt","03rDPaHpFAYbw24VWi8DIz","04bUw1EF5MR58af3RJnjJR","047OBUL6RA17dwC93JWfqN","05ZmBWwRZOj6afL8n6ybLU","05kzVCZSFNjIcfdpMwV59V","0531l9rS1NoaTLvU+badw+","06Ju4AHbBLjoE/1UnOKC/Z","07Kr8g+WhLdoPUusPRC0f5","08wNC4VCxB0aaw+tD+A0UA","0aBXL35U1KpbfT6yXEuhce","0bnh6HXbtL8ZStjmVo2pA0","0dlras9SRJHpJntCcCiLF4","0dmZDOZ/lHu6IIYDyouiK2","0d6Vw/Z29Fx599WNaqWjxr","0eC6hlkO9NEIuGb4qTqirq","10NbZdwUtL2p6fddpFSVoS","11GSr8xH1HPY8PJwSBEcvl","11S/mf5vlAtomK8Hmz2FpM","12phniXPFCXYU0puIXY5s+","124Diu9WZBp5td/y7GMt2p","13ZrAs6fRDCb4qWRB29dDX","15scrn9h9L05JjcqKJdFZL","17+CbPlSZKvplrMuB/TDwn","1bMUj6sA9MxpbX/J7zlPdH","1ePZP+pDhKMLzu1oOQil4Z","1fjTOwMtRAxpzXW3YC5LAZ","20RfNfrGFLVb4o4EO4h3cK","20upHZ55FGQ7IVCRbcsA6N","20wJPvGbBOT7Wv4yA4n3D9","21frr+50tKbqTZv/3NXtls","219bPA1wtKBbaFABYZ7X7A","22tQA0GaRPEJyLkDhpk3Oh","26Oc3NYsdAtbOMTbQsCss0","28vS6l97BBMo8pO3mc0bky","286VOua7dAzbKPhDAD9eD/","29FYIk+N1GYaeWH/q1NxQO","29F25Oyz1CequjP+I5I0V/","29U4+3kOJBhpMTKtngaVBc","2bMpgkTI5MDKSjLqDuTmHh","2b70TF74JOSquyINN0Hvce","2fl3bIFBFD+IiGxIvkMqn/","30L1WVI7RHBpg3iJ8XtSyk","31tSzgyhVIMIlAylcXF2UG","33VgiaLi5J+rymIE26YrXj","38bNNoxxBEdYrTPIOHw/DP","3ae7efMv1CLq2ilvUY/tQi","3duSJRzMNMr6ed5/nts1vw","40+K0Rg19Ee5tjCy3C8yXe","41ZUgNQwtB4rEDNMWk2xOP","42Gw1g/b1C/oQoWnH8pQw/","42Zckkp05HW6RpBYywzhZj","4289HOAFFCc7PZX62A41VI","43FO+S8oNNk5JKU9iCNHwb","43SennFDlHdKxfRIu1gtru","46TFgxAaBAz45S53m1SlNU","47QtH2Pd5E9rkzYecBpMmX","48NU2tQzNN3pmSnJ4yNsR9","48dukVehxA9aE00IdlWB69","4ay4SlJMBJ97d1HAXWtDRw","4a5tdvwcpHmp96hpcbhQnP","4bB4G6MVxGjqZEdRMzeKqi","4b6+/hIXpAbJ4e9pT9Vnq3","4cQM3ELwhJ2qk5x3+DhLvS","4cQxr075lK16XikGoXgzVt","4chHp5uhpI6qmyRV3aOipR","4dGeQl8M1JSZrp8cdPZOWP","4e2uzypsRPpbEXljtJyk/l","4fR816B4dDPLzixrdwAJu6","4fXjBoV2hLgbeqbhc8IwkM","50TbAsVnNISbn4WV/VF50H","54eV9wnnBB+YcE20vhZT0V","54xnvpgZ1MWL4l4GNnSLxX","55pIwXxnNC+Zy8V2DmPftr","5564iacTZAg7rPZEtgIJ9h","56/Nk618BHuoQusEMkxi2R","57co34r5JML46uepfhKJ6u","58BzG/8nxGtLHL9YhglCyq","59p/J85slGhqGyosWcd71n","59wXqb+KZDIbFCfKmGSIER","5a4XoxNCdDmJ+DkryMViWj","5cMgy4yuxE1L13bQFZkXFi","5cO7kybDxGj4ipyMYdRYZB","5epiSdwOJL/6U+xeATMXz9","5f5dyqtRNNxaFmVzYns6FZ","62st6MVeRHi7dtpacHMF0B","64YDC/NA9DS4/COtq7u/vv","64rJaG4BNB3IJART2apwio","66QcM+b5xNoaOufsE1f5QF","6c6MJKBmlAPZIGPPbHSvOa","6dXROj8L1JiJOrdo3bkozV","71a7tBXpVG8IltoPfFBXTw","76LmhMxytDb6YhnEsC0dQc","78nMpxf4pKiK7g/lX372/X","7a/QZLET9IDreTiBfRn2PD","7cjU5IaS1KF5hNStG4wEd6","7cmTKnRltP3aUs3kdyRdyg","7eF/fYqgpM2ryw7TDcnr4s","7e5eKWICtK/L3MXDcNcAMt","7fM6H5PfFAPo5xOlptO4Ry","829aAw/NlLNaaWtgsKeJ2j","86/RA9cqtPxabddhnT1DK1","88JiN5oVNK2ZYSHbcUz6X4","8aIW51aXpBeJnIKSu3eU8B","8dunBHY9dBeIvO5pxduWID","8euSjAYGBFYapxMA9z6j6Y","8e0+8X+6dLcrlQXOCbL36m","90KvZnNk1ADLWaxAtyAzcm","94Lp5u00tPe6xwjY3R4s06","94Lu7lNXtBFKDE85XQcxTW","94fYGceMVLuJA/zF6nOVOJ","94rGiCnedCyI0Ax8CRpsrX","95ElnvlRRA3rI4ozoemAiQ","9bvaMerUlDyary99mJa6xp","9cOVrVgC9NxJlp3vNQ7CMx","a0n/AT6AVC5rveDnFHuaLp","a1QtYt5tBOgKlkvMvQFsl+","a2MjXRFdtLlYQ5ouAFv/+R","a3B+XpuAtKQ4eqws3Gn69q","a8qrjtACxPzLwbl2/844CV","a83VA41b5N04TldCE3vXBB","a9x9ESR11J7JzxiL4I3BE3","abd80+1E5DQaC30+ACrlb9","b0RZVGvd9CYri5dxfrJr32","b19V8cVtlElK9w0TLJ0GML","b2jfXt9E5PvbH5HwZr3Tkd","b209dmIqpFspPiAtnsUwDD","b4QZ1nRfxPNYOKHJby6Rz+","b5vRzo6C5IwItr5IbWaUKH","b9Cj2xar5LIKqiPkncMNvD","b9yPzXyDtFOahgnfG2KCS/","bbPWNX7UJK154DuBfZjrOE","bb/yqIGDBGPrs94q0fXxYh","bdiHMcyelEoZW23Ws1ZrKy","bfEI+imNFB5YbR8qYD8CmA","bfNPJ28OlHC7AB6Y62ybQj","c0WFA9Um1JL4vW2VBDze2Z","c0g9Vr3zVA4KBhQ+wQ2GOC","c3gWgWdntIp6Abreprr3G1","c8WvlqilhPb5F8qOSMqUKk","c9VupEoCxGbIrIXOJwwOth","cfP9KtQHlDq4rtEYTFr4sL","cfdvAbDNpNhKnFnPuVQ/Pq","cffaEksZRDrJH3enZJNVJQ","d2eTYHJ8dPjZhZpFCZOAHQ","d395TVCP5FQ4ZrHJ2Q5fyI","d4BXVPioFKH5xHYUWtbR5k","d4pTtzwPhOjLDVVWTcCVQY","d4wyD8r5RGnrnhFQA/CG/G","d7iOOvGJRCKpKycbSgMwmX","d71ECnp5BBBaT8e7ogEiVw","daOxB/QlZFs7H9HEwRKmbV","db/nx/S0NEc7NblK5PhxF1","demfLYRYhOdLRaqagkoXxg","dfLs0JT3ZGyYLsXFnEBy+s","e0CUaIGqdN+YCmwzRM8CiA","e10SRnJxFI35cqNuyZ2GSp","e2PHDMv4xIHKlW0I89wEi0","e4HllAjOZEZYm4z9dNmNLR","e7EncB59RJbLYJC/dAUycl","e9aMYsj1RFTLAJ3qS6L6tX","e97GVMl6JHh5Ml5qEDdSGa","ecCTW49kJJYZX+93y4H/Sv","ecpdLyjvZBwrvm+cedCcQy","ec/MJRFktI7J0aSXQxN6g8","ed6DxR3VhIRpiYoTgSh/R+","eed15VR9dMuZONg4r2bfPK","f0BIwQ8D5Ml7nTNQbh1YlS","f0h6fijSpL04cbIMvavOO1","f16UivjSNJ9IOLm4Jri14Y","f2s+037nxFH6BWtq5TNrZN","f5iISZZsFJ0aKe5eS5pUej","f7aRTc8NVA37k9ieBma6VS","f7g16HyApEu69xXaFLiAE4","f7skDjVaBP/5pgMcG8KYlw","f8ZspiilxNoJ56x3CClcnv","f9sub5p+JBaIS1a7DBJRmt","faqOuy1OBIzp/1zRZNXS1t","fbzNJFgYpGN4OBOxYcnXRz","feRrqb/BlG/Ik8HZ1OBo5a"],"scenes":{"db://assets/Bundle/RongPhatTai/RongPhatTai.fire":85},"redirect":[173,0,183,1,219,2,221,2,231,1,246,0,250,2,254,0,277,0,298,0,299,0,300,1,304,0],"deps":["resources","internal","main"],"packs":{"029467749":[145,160,168,174,78,185,197,202,205,211,214,215,237,238,258,271,280,289,292,293,295,297,302,310,313],"0309d93fd":[158,162,171,176,190,198,210,233,249,267,294,316],"033a10533":[71,181],"039259944":[152,283,285],"04c2eb46d":[111,119],"0552614f0":[0,1,2,3,4,73,7,8,9,11,14,15,18,19,20,88,22,23,93,26,27,28,97,30,35,36,37,101,42,43,45,46,107,48,49,51,53,115,56,57,60,62,64,65,66,67,68],"0597e3cd0":[163,252,264,287],"063f9289d":[139,146,157,169,177,182,189,199,222,229,244,261,134],"06ad8629e":[137,138,140,150,72,153,154,156,5,164,166,167,75,178,179,85,87,196,206,208,90,216,91,220,223,24,29,99,232,235,236,32,34,38,248,251,44,50,52,263,109,113,118,58,286,122,125,127,301,305,309,131,314],"08dd2eb2c":[143,144,195,96,228,255,269,272,275,279,291],"0bab7e6e4":[175,201,218,230,241,242,253,259,262,278,281],"0bc83cb46":[170,172,268,273,284,128,312],"0db7b2422":[142,161,165,186,187,188,192,84,194,203,204,213,217,225,227,240,245,257,265,288,307],"0e55cb1a3":[95,120],"0f1aa422f":[141,147,180,191,212,224,100,247,274,296],"0f90afa93":[86,112],"0fa8c5258":[149,155,74,184,200,209,234,260,270,276,290,303,308,315],"0fde89f8d":[136,148,151,159,83,193,207,226,239,243,256,266,282,306,311]},"name":"70","importBase":"import","nativeBase":"native","debug":false,"isZip":false,"encrypted":false,"versions":{"import":["029467749","ebb62",69,"3e451","0309d93fd","a563a","033a10533","9ef7b","039259944","935b3",70,"3945f","04c2eb46d","e3ae8","0552614f0","fb361","0597e3cd0","6d295","063f9289d","bc491","06ad8629e","bb02a","08dd2eb2c","2e2c1","0bab7e6e4","90561","0bc83cb46","82868","0db7b2422","069cb","0e55cb1a3","502ac","0f1aa422f","dc5e0","0f90afa93","26cb9","0fa8c5258","c6679","0fde89f8d","d6e21",6,"08689",76,"957ca",77,"18f8c",79,"f271d",10,"79a48",80,"8705b",81,"06c33",12,"08689",13,"9b489",82,"ae5d2",16,"9f394",17,"ffe38",89,"d65d0",21,"08689",92,"61d56",94,"81e34",25,"149f4",98,"cf3ca",31,"08689",33,"acc77",39,"08689",102,"9795c",40,"08689",41,"0b684",103,"1c591",104,"457e6",105,"6581d",106,"817d2",47,"06034",108,"51f3b",110,"f10b6",54,"29583",55,"08689",114,"649b7",116,"4c51a",117,"644ab",121,"fcb2e",59,"b1241",123,"d0808",124,"14dbd",61,"db7b6",63,"cc8a7",126,"838f7",129,"67645",130,"d22d1",132,"4b7d9",133,"fd173",135,"d87a2"],"native":[0,"e3fc3",1,"84132",2,"9319d",3,"135a9",4,"6f41a",73,"44da7",5,"0fa03",6,"93bb0",7,"44da7",8,"5df4b",9,"447c9",10,"535e2",11,"111f9",12,"2d900",13,"42576",14,"07185",15,"22e27",16,"da422",17,"10ed7",18,"abfb1",19,"95ffe",20,"e6724",88,"e3504",21,"aded3",22,"d9ead",23,"8a3b8",93,"e8615",24,"30c67",25,"9ad97",26,"fde8d",27,"b9572",28,"e06ad",29,"ba8c0",97,"5c0a2",30,"e4a6a",31,"2ce92",32,"3cc52",33,"074c4",34,"9531e",35,"25fd0",36,"7d5f2",37,"3338e",38,"88514",39,"7ac28",101,"c84cf",40,"03c38",41,"e7592",42,"1cae4",43,"6a1eb",44,"63089",45,"c0ddb",46,"5806f",107,"9cb98",47,"40ffd",48,"1e9ab",49,"f261d",50,"b27da",51,"1392a",52,"ecfca",53,"1e3ee",54,"94b30",55,"d21f1",115,"bbcfd",56,"e420c",57,"2b7d3",58,"be2bd",59,"5cdfc",60,"cb121",61,"013f8",62,"63af6",63,"44f7a",64,"e85dd",65,"a91ed",66,"e0431",67,"65663",68,"b9a8d"]}}