[
  1,
  [
    "fdYrnTB+dFAIvruH63F0v+",
    "7balLxP9dPpIG6+oQhyFMh",
    "b0Jj0099NNM4ksT9xDIgtk",
    "76uL2VrbNFwIS7lH/xMvGQ",
    "5e3OG1nadAG43lIaq5XaG5",
    "aeGxnnQKhHH5uvDDEXsKVy"
  ],
  [
    "value"
  ],
  [
    [
      "cc.AnimationClip",
      [
        "_name",
        "_duration",
        "sample",
        "curveData"
      ],
      0,
      11
    ]
  ],
  [
    [
      0,
      0,
      1,
      2,
      3,
      4
    ]
  ],
  [
    [
      0,
      "mf_podium_open",
      0.4,
      15,
      [
        {},
        "comps",
        11,
        [
          {},
          "cc.Sprite",
          11,
          [
            {},
            "spriteFrame",
            12,
            [
              [
                [
                  {
                    "frame": 0
                  },
                  "value",
                  6,
                  0
                ],
                [
                  {
                    "frame": 0.06666666666666667
                  },
                  "value",
                  6,
                  1
                ],
                [
                  {
                    "frame": 0.13333333333333333
                  },
                  "value",
                  6,
                  2
                ],
                [
                  {
                    "frame": 0.2
                  },
                  "value",
                  6,
                  3
                ],
                [
                  {
                    "frame": 0.26666666666666666
                  },
                  "value",
                  6,
                  4
                ],
                [
                  {
                    "frame": 0.3333333333333333
                  },
                  "value",
                  6,
                  5
                ]
              ],
              11,
              11,
              11,
              11,
              11,
              11
            ]
          ]
        ]
      ]
    ]
  ],
  0,
  0,
  [
    0,
    0,
    0,
    0,
    0,
    0
  ],
  [
    0,
    0,
    0,
    0,
    0,
    0
  ],
  [
    0,
    1,
    2,
    3,
    4,
    5
  ]
]