[1,["efEjdjizxNYqTW9+PXPhEX","14qF+uLx1AZLSsapSYl+A1","4fDbVKgxREMKzCs27yRkzf","a1q9W50UVIQ7sLJOcloUEi","d7yWi4aW1MeKrRnVYTVEIU","6aEIl0aeJMq7x/hV3J54Ce","d92+7lfshMm6HsWKkEKVx1","fcC8e4audI6IASum1v1AgL","31O1Ti6SlBG4nuF0QAINrM"],["_textureSetter","sb_mh_vfx_a_add","sb_mh_vfx_b_add","sb_vfx_b_add","sb_vfx_a_add","sb_auto_vfx_a_add","sb_vfx_c_screen","sb_vfx_e_add","sb_vfx_d_add"],["cc.SpriteFrame",["cc.SpriteAtlas",["_name","_spriteFrames"],2,11]],[[1,0,1,2]],[[[{"name":"sb_mh_vfx_a_add","rect":[651,282,309,304],"offset":[0,0],"originalSize":[309,304],"rotated":1,"capInsets":[0,0,0,0]}],[0],0,[0],[0],[0]],[[[0,"Alats67.plist",[{},"sb_mh_vfx_a_add",6,0,"sb_mh_vfx_b_add",6,1,"sb_vfx_b_add",6,2,"sb_vfx_a_add",6,3,"sb_auto_vfx_a_add",6,4,"sb_vfx_c_screen",6,5,"sb_vfx_e_add",6,6,"sb_vfx_d_add",6,7]]],0,0,[0,0,0,0,0,0,0,0],[1,2,3,4,5,6,7,8],[1,2,3,4,5,6,7,8]],[[{"name":"sb_mh_vfx_b_add","rect":[340,588,309,304],"offset":[0,0],"originalSize":[309,304],"capInsets":[0,0,0,0]}],[0],0,[0],[0],[0]],[[{"name":"sb_auto_vfx_a_add","rect":[340,282,309,304],"offset":[0,0],"originalSize":[309,304],"capInsets":[0,0,0,0]}],[0],0,[0],[0],[0]]]]