[1,["12LzjHu2BDV4buNyo9QEFm","c1DCw+8/tMuoAyIcZ7QxLW","43aYSeQ3RNSaMciqpQYlJ3","ae98j3bPRHCrcMWp8OfdUq","8eA51ayf1P0qk43alpvEwr","32kjDndRlO26hY2q3xgVS3","4dcj2ICzNMWr/s3TjKfbF0","c2RSv0mL9O+6j7bybyHE22","41v+6IuEZIdosbt7yac4v6","7cWzBwXQlE/6yg9U+Bfm13","eeNYPNm6lNt6goUri4SXDF","098Zi+o+xEI724+zMdGmDg","0cpU9MhSdCmox0zsX+qnyA","e0Z3DI/bBGaIpZ+M+oDbx9"],["_textureSetter","info_6","info_0","info_1","info_5","info_7","info_2","info_comma","info_percent","info_8","info_4","info_decimal","info_3","info_9"],["cc.SpriteFrame",["cc.SpriteAtlas",["_name","_spriteFrames"],2,11]],[[1,0,1,2]],[[[{"name":"info_decimal","rect":[1,1,15,14],"offset":[0,0],"originalSize":[15,14],"capInsets":[0,0,0,0]}],[0],0,[0],[0],[0]],[[{"name":"info_3","rect":[1,116,34,41],"offset":[0,0],"originalSize":[34,41],"rotated":1,"capInsets":[0,0,0,0]}],[0],0,[0],[0],[0]],[[[0,"Alats41.plist",[{},"info_6",6,0,"info_0",6,1,"info_1",6,2,"info_5",6,3,"info_7",6,4,"info_2",6,5,"info_comma",6,6,"info_percent",6,7,"info_8",6,8,"info_4",6,9,"info_decimal",6,10,"info_3",6,11,"info_9",6,12]]],0,0,[0,0,0,0,0,0,0,0,0,0,0,0,0],[1,2,3,4,5,6,7,8,9,10,11,12,13],[1,2,3,4,5,6,7,8,9,10,11,12,13]],[[{"name":"info_7","rect":[1,48,32,40],"offset":[0,0],"originalSize":[32,40],"rotated":1,"capInsets":[0,0,0,0]}],[0],0,[0],[0],[0]],[[{"name":"info_percent","rect":[1,82,32,34],"offset":[0,0],"originalSize":[32,34],"rotated":1,"capInsets":[0,0,0,0]}],[0],0,[0],[0],[0]],[[{"name":"info_0","rect":[1,296,35,41],"offset":[0,0],"originalSize":[35,41],"rotated":1,"capInsets":[0,0,0,0]}],[0],0,[0],[0],[0]],[[{"name":"info_2","rect":[1,333,35,40],"offset":[0,0],"originalSize":[35,40],"rotated":1,"capInsets":[0,0,0,0]}],[0],0,[0],[0],[0]],[[{"name":"info_8","rect":[1,224,34,41],"offset":[0,0],"originalSize":[34,41],"rotated":1,"capInsets":[0,0,0,0]}],[0],0,[0],[0],[0]],[[{"name":"info_5","rect":[1,152,34,41],"offset":[0,0],"originalSize":[34,41],"rotated":1,"capInsets":[0,0,0,0]}],[0],0,[0],[0],[0]],[[{"name":"info_1","rect":[1,19,27,40],"offset":[0,0],"originalSize":[27,40],"rotated":1,"capInsets":[0,0,0,0]}],[0],0,[0],[0],[0]],[[{"name":"info_6","rect":[1,188,34,41],"offset":[0,0],"originalSize":[34,41],"rotated":1,"capInsets":[0,0,0,0]}],[0],0,[0],[0],[0]],[[{"name":"info_comma","rect":[18,1,16,20],"offset":[0,0],"originalSize":[16,20],"rotated":1,"capInsets":[0,0,0,0]}],[0],0,[0],[0],[0]],[[{"name":"info_9","rect":[1,260,34,41],"offset":[0,0],"originalSize":[34,41],"rotated":1,"capInsets":[0,0,0,0]}],[0],0,[0],[0],[0]],[[{"name":"info_4","rect":[1,370,35,40],"offset":[0,0],"originalSize":[35,40],"rotated":1,"capInsets":[0,0,0,0]}],[0],0,[0],[0],[0]]]]