[1,["9cXCnGSPhAW6akNPrdHHaC","07D7us1XhFR6hwdFrpAfaW","16GTKnNFhIyIoA80jWC+1N","7fiGPtKcdMKqPuOssv16g8","0e1dq7TINGO4l1yV4TFK+z","75CorIf45DzoGuSsjJuJ/t","c3yqEEK6JFJaZGfe6BUFk/","cbY7mUc9BDC7sDhbdbd54Z"],["_textureSetter","infobar_mp_glow","info_glow_b","info_glow_c","info_glow_d","info_glow_e","info_line_a","info_glow_a"],["cc.SpriteFrame",["cc.SpriteAtlas",["_name","_spriteFrames"],2,11]],[[1,0,1,2]],[[[{"name":"info_glow_d","rect":[1,1,216,100],"offset":[0,0],"originalSize":[216,100],"rotated":1,"capInsets":[0,0,0,0]}],[0],0,[0],[0],[0]],[[[0,"Alats4.plist",[{},"infobar_mp_glow",6,0,"info_glow_b",6,1,"info_glow_c",6,2,"info_glow_d",6,3,"info_glow_e",6,4,"info_line_a",6,5,"info_glow_a",6,6]]],0,0,[0,0,0,0,0,0,0],[1,2,3,4,5,6,7],[1,2,3,4,5,6,7]],[[{"name":"info_line_a","rect":[1,219,260,21],"offset":[0,1],"originalSize":[260,37],"capInsets":[0,0,0,0]}],[0],0,[0],[0],[0]],[[{"name":"info_glow_a","rect":[103,136,540,71],"offset":[0,0],"originalSize":[540,71],"capInsets":[0,0,0,0]}],[0],0,[0],[0],[0]]]]