[1,["a3r7RD1idIuI6zAHhJyjXo","63Ooo0RkdFXoKBNOsFZaFR","13RAPjOV9JOYEuXla3ofoq","e8L2pwrhNA4LCguFy9Xhhl","63s1KFCaNFF7xFn0hQavNj","fdlP6ago1IfqmwvUcyZb5y","35rfTxN3JAcJunbXhxXBAJ","efdiQMFmREZpuAj6Q+Bark","76rNQ2wsZK/qI8xCwQXy7Q","b4G+GbcERE+LGN+jWJERoh","d325RPDP5Co4yiexzk/q9d","3efwQ7i/lHlJb0LrFj8NQq","9d/WjvXHhIXrI5ho5I4tv+","74m8ELibtDLr22DouRWGE+","96vUedLgREWqMAf966GZOc","42Ixuhm95HwbWHVVKD2FML","5dRrx3MtBFQKAcFkcQFqca"],["value"],[["cc.AnimationClip",["_name","_duration","sample","wrapMode","curveData"],-1,11]],[[0,0,1,2,3,4,5]],[[0,"tw_num_particle",0.85,20,2,[{},"comps",11,[{},"cc.Sprite",11,[{},"spriteFrame",12,[[[{"frame":0},"value",6,0],[{"frame":0.05},"value",6,1],[{"frame":0.1},"value",6,2],[{"frame":0.15},"value",6,3],[{"frame":0.2},"value",6,4],[{"frame":0.25},"value",6,5],[{"frame":0.3},"value",6,6],[{"frame":0.35},"value",6,7],[{"frame":0.4},"value",6,8],[{"frame":0.45},"value",6,9],[{"frame":0.5},"value",6,10],[{"frame":0.55},"value",6,11],[{"frame":0.6},"value",6,12],[{"frame":0.65},"value",6,13],[{"frame":0.7},"value",6,14],[{"frame":0.75},"value",6,15],[{"frame":0.8},"value",6,16]],11,11,11,11,11,11,11,11,11,11,11,11,11,11,11,11,11]]]]]],0,0,[0,0,0,0,0,0,0,0,0,0,0,0,0,0,0,0,0],[0,0,0,0,0,0,0,0,0,0,0,0,0,0,0,0,0],[0,1,2,3,4,5,6,7,8,9,10,11,12,13,14,15,16]]