[
  1,
  [
    "8eOmlgK/RLXJo/e7reu6JV"
  ],
  0,
  [
    [
      "sp.SkeletonData",
      [
        "_name",
        "_atlasText",
        "textureNames",
        "_skeletonJson",
        "textures"
      ],
      -1,
      3
    ]
  ],
  [
    [
      0,
      0,
      1,
      2,
      3,
      4,
      5
    ]
  ],
  [
    [
      0,
      "h_sundial_atlas_symbols",
      "\nsymbols.png\nsize: 882,772\nformat: RGBA8888\nfilter: Linear,Linear\nrepeat: none\nh_globe_ball\n  rotate: false\n  xy: 771, 51\n  size: 99, 99\n  orig: 101, 103\n  offset: 1, 2\n  index: -1\nh_globe_ball_glow\n  rotate: false\n  xy: 616, 137\n  size: 135, 135\n  orig: 141, 141\n  offset: 3, 3\n  index: -1\nh_globe_ring_glow\n  rotate: false\n  xy: 2, 569\n  size: 192, 201\n  orig: 196, 205\n  offset: 2, 2\n  index: -1\nh_globe_ring_inner\n  rotate: true\n  xy: 472, 23\n  size: 113, 128\n  orig: 115, 130\n  offset: 1, 1\n  index: -1\nh_globe_ring_inner2\n  rotate: false\n  xy: 568, 421\n  size: 171, 78\n  orig: 173, 80\n  offset: 1, 1\n  index: -1\nh_globe_ring_inner2_back\n  rotate: false\n  xy: 586, 501\n  size: 175, 82\n  orig: 178, 85\n  offset: 1, 2\n  index: -1\nh_globe_ring_inner_back\n  rotate: false\n  xy: 753, 152\n  size: 105, 120\n  orig: 107, 122\n  offset: 1, 1\n  index: -1\nh_globe_ring_outer\n  rotate: true\n  xy: 195, 285\n  size: 159, 163\n  orig: 161, 165\n  offset: 1, 1\n  index: -1\nh_globe_ring_outer2\n  rotate: false\n  xy: 185, 9\n  size: 130, 176\n  orig: 132, 179\n  offset: 1, 1\n  index: -1\nh_globe_ring_outer2_back\n  rotate: true\n  xy: 394, 453\n  size: 124, 172\n  orig: 128, 174\n  offset: 2, 1\n  index: -1\nh_globe_ring_outer_back\n  rotate: false\n  xy: 317, 25\n  size: 153, 161\n  orig: 156, 163\n  offset: 2, 1\n  index: -1\nh_globe_ring_outer_darken\n  rotate: true\n  xy: 780, 274\n  size: 18, 36\n  orig: 25, 43\n  offset: 2, 2\n  index: -1\nh_globe_star\n  rotate: false\n  xy: 741, 425\n  size: 64, 67\n  orig: 66, 69\n  offset: 1, 1\n  index: -1\nh_moon\n  rotate: false\n  xy: 602, 10\n  size: 125, 125\n  orig: 127, 127\n  offset: 1, 1\n  index: -1\nh_moon_glow\n  rotate: false\n  xy: 196, 574\n  size: 196, 196\n  orig: 200, 200\n  offset: 2, 2\n  index: -1\nh_moon_glow_inner\n  rotate: false\n  xy: 2, 376\n  size: 191, 191\n  orig: 195, 195\n  offset: 2, 2\n  index: -1\nh_moon_rays\n  rotate: false\n  xy: 2, 187\n  size: 187, 187\n  orig: 190, 190\n  offset: 1, 2\n  index: -1\nh_sextant\n  rotate: true\n  xy: 196, 446\n  size: 126, 164\n  orig: 126, 169\n  offset: 0, 0\n  index: -1\nh_sextant_bar\n  rotate: false\n  xy: 780, 374\n  size: 38, 49\n  orig: 39, 50\n  offset: 0, 1\n  index: -1\nh_sextant_bottom\n  rotate: false\n  xy: 860, 497\n  size: 17, 17\n  orig: 17, 17\n  offset: 0, 0\n  index: -1\nh_sextant_pin\n  rotate: false\n  xy: 836, 516\n  size: 44, 29\n  orig: 44, 31\n  offset: 0, 1\n  index: -1\nh_sextant_pin_back\n  rotate: false\n  xy: 771, 2\n  size: 61, 47\n  orig: 63, 48\n  offset: 0, 0\n  index: -1\nh_sextant_rim\n  rotate: false\n  xy: 780, 294\n  size: 25, 35\n  orig: 27, 37\n  offset: 1, 1\n  index: -1\nh_sextant_slot_L\n  rotate: false\n  xy: 820, 396\n  size: 23, 33\n  orig: 24, 35\n  offset: 0, 1\n  index: -1\nh_sextant_slot_R\n  rotate: false\n  xy: 362, 457\n  size: 26, 39\n  orig: 26, 39\n  offset: 0, 0\n  index: -1\nh_sextant_viewer\n  rotate: true\n  xy: 729, 15\n  size: 120, 40\n  orig: 120, 42\n  offset: 0, 1\n  index: -1\nh_sun\n  rotate: true\n  xy: 772, 547\n  size: 109, 108\n  orig: 111, 110\n  offset: 1, 1\n  index: -1\nh_sun_glow\n  rotate: false\n  xy: 394, 579\n  size: 190, 191\n  orig: 194, 195\n  offset: 2, 2\n  index: -1\nh_sun_glow_inner\n  rotate: false\n  xy: 586, 585\n  size: 184, 185\n  orig: 188, 189\n  offset: 2, 2\n  index: -1\nh_sun_rays\n  rotate: false\n  xy: 2, 3\n  size: 181, 182\n  orig: 183, 184\n  offset: 1, 1\n  index: -1\nh_sundial_angle\n  rotate: false\n  xy: 807, 431\n  size: 39, 61\n  orig: 40, 63\n  offset: 0, 1\n  index: -1\nh_sundial_angle_rim\n  rotate: false\n  xy: 836, 494\n  size: 22, 20\n  orig: 24, 21\n  offset: 1, 1\n  index: -1\nh_sundial_base\n  rotate: true\n  xy: 772, 658\n  size: 112, 108\n  orig: 113, 108\n  offset: 0, 0\n  index: -1\nh_sundial_indicator\n  rotate: false\n  xy: 568, 563\n  size: 16, 14\n  orig: 17, 16\n  offset: 0, 1\n  index: -1\nh_telescope\n  rotate: true\n  xy: 360, 283\n  size: 161, 116\n  orig: 161, 116\n  offset: 0, 0\n  index: -1\nh_telescope_holder\n  rotate: false\n  xy: 834, 2\n  size: 46, 47\n  orig: 46, 47\n  offset: 0, 0\n  index: -1\nh_telescope_holder_back\n  rotate: false\n  xy: 362, 498\n  size: 26, 46\n  orig: 27, 47\n  offset: 0, 1\n  index: -1\nh_telescope_stand\n  rotate: false\n  xy: 336, 201\n  size: 123, 80\n  orig: 125, 83\n  offset: 1, 1\n  index: -1\nh_telescope_wheel\n  rotate: false\n  xy: 763, 494\n  size: 71, 51\n  orig: 73, 53\n  offset: 1, 1\n  index: -1\nh_telescope_wheel_1\n  rotate: false\n  xy: 780, 331\n  size: 29, 41\n  orig: 29, 41\n  offset: 0, 0\n  index: -1\nh_telescope_wheel_2\n  rotate: true\n  xy: 336, 188\n  size: 11, 37\n  orig: 13, 41\n  offset: 1, 2\n  index: -1\nh_telescope_wheel_3\n  rotate: false\n  xy: 362, 546\n  size: 30, 26\n  orig: 31, 27\n  offset: 0, 0\n  index: -1\nl_a\n  rotate: false\n  xy: 472, 138\n  size: 142, 137\n  orig: 148, 142\n  offset: 3, 2\n  index: -1\nl_j\n  rotate: true\n  xy: 191, 188\n  size: 95, 143\n  orig: 101, 148\n  offset: 3, 2\n  index: -1\nl_k\n  rotate: false\n  xy: 478, 277\n  size: 152, 142\n  orig: 157, 148\n  offset: 2, 3\n  index: -1\nl_q\n  rotate: false\n  xy: 632, 274\n  size: 146, 145\n  orig: 151, 150\n  offset: 2, 3\n  index: -1\n",
      [
        "symbols.png"
      ],
      {
        "skeleton": {
          "hash": "rfJOurvaCfKTE5siMbnvPxZQH98",
          "spine": "3.8.99",
          "x": -55.08,
          "y": -61.98,
          "width": 112.14,
          "height": 129.65
        },
        "bones": [
          {
            "name": "root"
          },
          {
            "name": "h_sundial",
            "parent": "root",
            "scaleX": 0.5,
            "scaleY": 0.5
          },
          {
            "name": "sundial",
            "parent": "h_sundial"
          },
          {
            "name": "sundial_base",
            "parent": "sundial"
          },
          {
            "name": "sundial_ctrl",
            "parent": "sundial_base",
            "x": -48.11,
            "y": 41.63
          },
          {
            "name": "sundial_opp",
            "parent": "sundial_base",
            "x": 32.32,
            "y": -32.14
          },
          {
            "name": "indicator",
            "parent": "sundial",
            "x": -57.22,
            "y": -3.44
          }
        ],
        "slots": [
          {
            "name": "h_sundial_base",
            "bone": "sundial_base",
            "attachment": "h_sundial_base"
          },
          {
            "name": "h_sundial_angle_rim",
            "bone": "sundial_base",
            "attachment": "h_sundial_angle_rim"
          },
          {
            "name": "h_sundial_angle",
            "bone": "sundial_base",
            "attachment": "h_sundial_angle"
          },
          {
            "name": "h_sundial_indicator",
            "bone": "indicator",
            "attachment": "h_sundial_indicator"
          }
        ],
        "transform": [
          {
            "name": "sundial_ctrl",
            "target": "sundial_ctrl",
            "x": 80.42,
            "y": -73.77,
            "rotateMix": 0,
            "translateMix": -1,
            "scaleMix": 0,
            "shearMix": 0,
            "bones": [
              "sundial_opp"
            ]
          },
          {
            "name": "sundial_ctrl_indicator",
            "order": 1,
            "target": "sundial_ctrl",
            "x": -9.12,
            "y": -45.06,
            "rotateMix": 0,
            "translateMix": 0.1,
            "scaleMix": 0,
            "shearMix": 0,
            "bones": [
              "indicator"
            ]
          }
        ],
        "skins": [
          {
            "name": "default",
            "attachments": {
              "h_sundial_angle": {
                "h_sundial_angle": {
                  "type": "mesh",
                  "hull": 20,
                  "uvs": [
                    0.34968,
                    0.85995,
                    0.14137,
                    0.97994,
                    0.06929,
                    0.94572,
                    0.01342,
                    0.90163,
                    0.04428,
                    0.80678,
                    0.07452,
                    0.73435,
                    0.12747,
                    0.5983,
                    0.21737,
                    0.38728,
                    0.27094,
                    0.25759,
                    0.32116,
                    0.14501,
                    0.38643,
                    0.01442,
                    0.4839,
                    0.03986,
                    0.64399,
                    0.24339,
                    0.79304,
                    0.24193,
                    0.89266,
                    0.29256,
                    0.90742,
                    0.36366,
                    0.82825,
                    0.45258,
                    0.86821,
                    0.47747,
                    0.98606,
                    0.4899,
                    0.56895,
                    0.73422,
                    0.1337,
                    0.82714,
                    0.22091,
                    0.60933,
                    0.32423,
                    0.40509,
                    0.42362,
                    0.16475,
                    0.25338,
                    0.82629,
                    0.64518,
                    0.61938,
                    0.51771,
                    0.69146,
                    0.54589,
                    0.59054,
                    0.2668,
                    0.76608,
                    0.32718,
                    0.6304,
                    0.16482,
                    0.75336,
                    0.41282,
                    0.4213,
                    0.48275,
                    0.26218,
                    0.45801,
                    0.29754,
                    0.59465,
                    0.3601,
                    0.74313,
                    0.34242,
                    0.79155,
                    0.36894,
                    0.63554,
                    0.50086,
                    0.61832,
                    0.56886,
                    0.53127,
                    0.54173,
                    0.54527,
                    0.48722,
                    0.67965,
                    0.3839,
                    0.74206,
                    0.41178,
                    0.69256,
                    0.35058,
                    0.32572,
                    0.78864,
                    0.37649,
                    0.27454
                  ],
                  "triangles": [
                    9,
                    10,
                    11,
                    23,
                    9,
                    11,
                    12,
                    23,
                    11,
                    8,
                    9,
                    23,
                    32,
                    23,
                    12,
                    45,
                    8,
                    23,
                    32,
                    45,
                    23,
                    33,
                    45,
                    32,
                    35,
                    12,
                    13,
                    35,
                    13,
                    14,
                    43,
                    12,
                    35,
                    34,
                    32,
                    12,
                    34,
                    12,
                    43,
                    33,
                    32,
                    34,
                    36,
                    35,
                    14,
                    15,
                    36,
                    14,
                    41,
                    34,
                    43,
                    45,
                    7,
                    8,
                    22,
                    45,
                    33,
                    22,
                    7,
                    45,
                    35,
                    41,
                    43,
                    42,
                    35,
                    36,
                    42,
                    41,
                    35,
                    31,
                    22,
                    33,
                    31,
                    33,
                    34,
                    16,
                    36,
                    15,
                    42,
                    36,
                    16,
                    40,
                    31,
                    34,
                    40,
                    34,
                    41,
                    37,
                    40,
                    41,
                    37,
                    41,
                    42,
                    39,
                    31,
                    40,
                    39,
                    40,
                    37,
                    38,
                    39,
                    37,
                    27,
                    39,
                    38,
                    21,
                    7,
                    22,
                    6,
                    7,
                    21,
                    38,
                    37,
                    17,
                    16,
                    37,
                    42,
                    17,
                    37,
                    16,
                    25,
                    38,
                    17,
                    27,
                    38,
                    25,
                    31,
                    21,
                    22,
                    29,
                    31,
                    39,
                    29,
                    39,
                    27,
                    29,
                    21,
                    31,
                    26,
                    29,
                    27,
                    26,
                    27,
                    25,
                    19,
                    26,
                    25,
                    18,
                    19,
                    25,
                    18,
                    25,
                    17,
                    21,
                    5,
                    6,
                    28,
                    30,
                    21,
                    30,
                    5,
                    21,
                    29,
                    28,
                    21,
                    44,
                    28,
                    29,
                    26,
                    44,
                    29,
                    44,
                    26,
                    19,
                    4,
                    5,
                    30,
                    24,
                    30,
                    28,
                    24,
                    28,
                    44,
                    20,
                    4,
                    30,
                    20,
                    30,
                    24,
                    0,
                    44,
                    19,
                    24,
                    44,
                    0,
                    3,
                    4,
                    20,
                    2,
                    3,
                    20,
                    1,
                    20,
                    24,
                    1,
                    24,
                    0,
                    2,
                    20,
                    1
                  ],
                  "vertices": [
                    1,
                    3,
                    -21.38,
                    29.51,
                    1,
                    1,
                    3,
                    -37.83,
                    14.51,
                    1,
                    2,
                    3,
                    -43.53,
                    18.79,
                    0.86,
                    4,
                    4.58,
                    -22.84,
                    0.14,
                    1,
                    3,
                    -47.94,
                    24.3,
                    1,
                    1,
                    3,
                    -45.5,
                    36.15,
                    1,
                    1,
                    3,
                    -43.11,
                    45.21,
                    1,
                    1,
                    3,
                    -38.93,
                    62.21,
                    1,
                    1,
                    3,
                    -31.83,
                    88.59,
                    1,
                    1,
                    3,
                    -27.6,
                    104.8,
                    1,
                    1,
                    3,
                    -23.63,
                    118.87,
                    1,
                    1,
                    3,
                    -18.47,
                    135.2,
                    1,
                    2,
                    3,
                    -10.77,
                    132.02,
                    0.86,
                    4,
                    37.33,
                    90.39,
                    0.14,
                    2,
                    3,
                    1.87,
                    106.58,
                    0.86,
                    4,
                    49.98,
                    64.95,
                    0.14,
                    2,
                    3,
                    13.65,
                    106.76,
                    0.88,
                    4,
                    61.76,
                    65.13,
                    0.12,
                    2,
                    3,
                    21.52,
                    100.43,
                    0.88,
                    4,
                    69.63,
                    58.8,
                    0.12,
                    2,
                    3,
                    22.69,
                    91.54,
                    0.87,
                    4,
                    70.79,
                    49.91,
                    0.13,
                    2,
                    3,
                    16.43,
                    80.43,
                    0.87,
                    4,
                    64.54,
                    38.8,
                    0.13,
                    2,
                    3,
                    19.59,
                    77.32,
                    0.93,
                    4,
                    67.69,
                    35.69,
                    0.07,
                    1,
                    3,
                    28.9,
                    75.76,
                    1,
                    1,
                    3,
                    -4.05,
                    45.22,
                    1,
                    2,
                    3,
                    -38.44,
                    33.61,
                    0.86,
                    4,
                    9.67,
                    -8.02,
                    0.14,
                    2,
                    3,
                    -31.55,
                    60.83,
                    0.86,
                    4,
                    16.56,
                    19.21,
                    0.14,
                    2,
                    3,
                    -23.39,
                    86.36,
                    0.86,
                    4,
                    24.72,
                    44.74,
                    0.14,
                    2,
                    3,
                    -15.53,
                    116.41,
                    0.86,
                    4,
                    32.57,
                    74.78,
                    0.14,
                    2,
                    3,
                    -28.98,
                    33.71,
                    0.86,
                    4,
                    19.12,
                    -7.91,
                    0.14,
                    2,
                    3,
                    1.97,
                    59.58,
                    0.89,
                    4,
                    50.07,
                    17.95,
                    0.11,
                    2,
                    3,
                    -8.1,
                    50.57,
                    0.9,
                    4,
                    40,
                    8.94,
                    0.1,
                    1,
                    3,
                    -5.87,
                    63.18,
                    1,
                    2,
                    3,
                    -27.92,
                    41.24,
                    0.86,
                    4,
                    20.18,
                    -0.39,
                    0.14,
                    2,
                    3,
                    -23.15,
                    58.2,
                    0.86,
                    4,
                    24.95,
                    16.57,
                    0.14,
                    2,
                    3,
                    -35.98,
                    42.83,
                    0.86,
                    4,
                    12.13,
                    1.2,
                    0.14,
                    2,
                    3,
                    -16.39,
                    84.34,
                    0.86,
                    4,
                    31.72,
                    42.71,
                    0.14,
                    2,
                    3,
                    -10.86,
                    104.23,
                    0.86,
                    4,
                    37.24,
                    62.6,
                    0.14,
                    2,
                    3,
                    -12.82,
                    99.81,
                    0.86,
                    4,
                    35.29,
                    58.18,
                    0.14,
                    2,
                    3,
                    -2.02,
                    91.99,
                    0.88,
                    4,
                    46.08,
                    50.36,
                    0.12,
                    2,
                    3,
                    9.71,
                    94.2,
                    0.86,
                    4,
                    57.81,
                    52.57,
                    0.14,
                    2,
                    3,
                    13.53,
                    90.88,
                    0.86,
                    4,
                    61.64,
                    49.25,
                    0.14,
                    2,
                    3,
                    1.21,
                    74.39,
                    0.86,
                    4,
                    49.31,
                    32.76,
                    0.14,
                    2,
                    3,
                    -0.15,
                    65.89,
                    0.86,
                    4,
                    47.95,
                    24.26,
                    0.14,
                    1,
                    3,
                    -7.03,
                    69.28,
                    1,
                    1,
                    3,
                    -5.92,
                    76.1,
                    1,
                    1,
                    3,
                    4.69,
                    89.01,
                    1,
                    2,
                    3,
                    9.62,
                    85.53,
                    0.86,
                    4,
                    57.73,
                    43.9,
                    0.14,
                    2,
                    3,
                    5.71,
                    93.18,
                    0.88,
                    4,
                    53.82,
                    51.55,
                    0.12,
                    2,
                    3,
                    -23.27,
                    38.42,
                    0.88,
                    4,
                    24.84,
                    -3.21,
                    0.12,
                    2,
                    3,
                    -19.26,
                    102.68,
                    0.86,
                    4,
                    28.85,
                    61.05,
                    0.14
                  ]
                }
              },
              "h_sundial_angle_rim": {
                "h_sundial_angle_rim": {
                  "type": "mesh",
                  "hull": 6,
                  "uvs": [
                    0.96732,
                    0.17715,
                    0.55923,
                    0.58629,
                    0.05106,
                    0.952,
                    0.07745,
                    0.78057,
                    0.42919,
                    0.43886,
                    0.82298,
                    0.00629
                  ],
                  "triangles": [
                    1,
                    3,
                    4,
                    1,
                    2,
                    3,
                    0,
                    1,
                    5,
                    1,
                    4,
                    5
                  ],
                  "vertices": [
                    2,
                    4,
                    55.57,
                    20.93,
                    0.02,
                    3,
                    7.46,
                    62.56,
                    0.98,
                    2,
                    4,
                    36.39,
                    3.75,
                    0.15,
                    3,
                    -11.72,
                    45.38,
                    0.85,
                    2,
                    4,
                    12.51,
                    -11.61,
                    0.18,
                    3,
                    -35.6,
                    30.02,
                    0.82,
                    1,
                    3,
                    -34.36,
                    37.22,
                    1,
                    1,
                    3,
                    -17.83,
                    51.57,
                    1,
                    1,
                    3,
                    0.68,
                    69.74,
                    1
                  ]
                }
              },
              "h_sundial_base": {
                "h_sundial_base": {
                  "type": "mesh",
                  "hull": 15,
                  "uvs": [
                    0.84834,
                    0.74456,
                    0.66759,
                    0.89947,
                    0.42181,
                    0.99786,
                    0.18668,
                    0.97546,
                    0.03635,
                    0.78898,
                    0.05571,
                    0.60954,
                    0,
                    0.47792,
                    0.05316,
                    0.30194,
                    0.20051,
                    0.1363,
                    0.40249,
                    0.02337,
                    0.62497,
                    0.00769,
                    0.71273,
                    0.10754,
                    0.86247,
                    0.15826,
                    0.98828,
                    0.31553,
                    0.99062,
                    0.53162,
                    0.57412,
                    0.75368,
                    0.38087,
                    0.83833,
                    0.18903,
                    0.8295,
                    0.73405,
                    0.60698,
                    0.58442,
                    0.45878,
                    0.44042,
                    0.56183,
                    0.85319,
                    0.40409,
                    0.69136,
                    0.29515,
                    0.13329,
                    0.50707,
                    0.86375,
                    0.26807,
                    0.0908,
                    0.73231,
                    0.82342,
                    0.18072,
                    0.75963,
                    0.21311,
                    0.76057,
                    0.35641,
                    0.65175,
                    0.54387,
                    0.50917,
                    0.65772,
                    0.35908,
                    0.71857,
                    0.20899,
                    0.71661,
                    0.11425,
                    0.66852,
                    0.7146,
                    0.1817,
                    0.30467,
                    0.61552,
                    0.17804,
                    0.63122,
                    0.09267,
                    0.60865,
                    0.5306,
                    0.15776,
                    0.30629,
                    0.371,
                    0.13805,
                    0.43798,
                    0.24233,
                    0.35943,
                    0.20307,
                    0.52343,
                    0.31096,
                    0.43176,
                    0.18137,
                    0.38865,
                    0.27258,
                    0.48256,
                    0.20035,
                    0.41083,
                    0.15731,
                    0.46644,
                    0.261,
                    0.38469,
                    0.38538,
                    0.29294
                  ],
                  "triangles": [
                    38,
                    9,
                    10,
                    38,
                    10,
                    11,
                    26,
                    11,
                    12,
                    34,
                    11,
                    26,
                    38,
                    11,
                    34,
                    27,
                    34,
                    26,
                    13,
                    24,
                    12,
                    26,
                    12,
                    24,
                    27,
                    26,
                    24,
                    49,
                    8,
                    9,
                    49,
                    9,
                    38,
                    22,
                    38,
                    34,
                    22,
                    34,
                    27,
                    28,
                    27,
                    24,
                    22,
                    27,
                    28,
                    41,
                    8,
                    49,
                    7,
                    8,
                    41,
                    39,
                    41,
                    49,
                    48,
                    41,
                    39,
                    44,
                    7,
                    41,
                    21,
                    28,
                    24,
                    21,
                    24,
                    13,
                    46,
                    44,
                    41,
                    46,
                    41,
                    48,
                    43,
                    39,
                    49,
                    48,
                    39,
                    43,
                    40,
                    7,
                    44,
                    40,
                    44,
                    46,
                    19,
                    38,
                    22,
                    19,
                    22,
                    28,
                    49,
                    38,
                    19,
                    20,
                    43,
                    49,
                    47,
                    40,
                    46,
                    6,
                    7,
                    40,
                    45,
                    48,
                    43,
                    46,
                    48,
                    45,
                    42,
                    47,
                    46,
                    23,
                    6,
                    40,
                    23,
                    40,
                    47,
                    45,
                    42,
                    46,
                    23,
                    47,
                    42,
                    21,
                    13,
                    14,
                    29,
                    19,
                    28,
                    19,
                    20,
                    49,
                    45,
                    43,
                    20,
                    18,
                    29,
                    28,
                    18,
                    28,
                    21,
                    18,
                    21,
                    14,
                    23,
                    5,
                    6,
                    37,
                    5,
                    23,
                    35,
                    45,
                    20,
                    42,
                    45,
                    35,
                    36,
                    23,
                    42,
                    36,
                    42,
                    35,
                    37,
                    23,
                    36,
                    30,
                    20,
                    19,
                    30,
                    19,
                    29,
                    33,
                    37,
                    36,
                    32,
                    36,
                    35,
                    33,
                    36,
                    32,
                    31,
                    35,
                    20,
                    31,
                    20,
                    30,
                    32,
                    35,
                    31,
                    33,
                    25,
                    5,
                    33,
                    5,
                    37,
                    25,
                    33,
                    32,
                    0,
                    18,
                    14,
                    15,
                    30,
                    29,
                    15,
                    29,
                    18,
                    15,
                    18,
                    0,
                    4,
                    5,
                    25,
                    17,
                    25,
                    32,
                    16,
                    31,
                    30,
                    16,
                    30,
                    15,
                    1,
                    15,
                    0,
                    17,
                    4,
                    25,
                    3,
                    4,
                    17,
                    17,
                    32,
                    31,
                    17,
                    31,
                    16,
                    2,
                    16,
                    15,
                    2,
                    15,
                    1,
                    3,
                    17,
                    16,
                    2,
                    3,
                    16
                  ],
                  "vertices": [
                    2,
                    3,
                    81.72,
                    -68.82,
                    0.58,
                    4,
                    129.83,
                    -110.45,
                    0.42,
                    2,
                    3,
                    40.88,
                    -102.28,
                    0.58,
                    4,
                    88.98,
                    -143.91,
                    0.42,
                    2,
                    3,
                    -14.67,
                    -123.54,
                    0.58,
                    4,
                    33.44,
                    -165.17,
                    0.42,
                    2,
                    3,
                    -67.81,
                    -118.7,
                    0.72,
                    4,
                    -19.7,
                    -160.33,
                    0.28,
                    1,
                    3,
                    -101.79,
                    -78.42,
                    1,
                    1,
                    3,
                    -97.41,
                    -39.66,
                    1,
                    2,
                    3,
                    -110,
                    -11.23,
                    0.91,
                    5,
                    -142.32,
                    20.91,
                    0.09,
                    2,
                    3,
                    -97.99,
                    26.78,
                    0.76,
                    5,
                    -130.3,
                    58.92,
                    0.24,
                    2,
                    3,
                    -64.69,
                    62.56,
                    0.65,
                    5,
                    -97,
                    94.7,
                    0.35,
                    2,
                    3,
                    -19.04,
                    86.95,
                    0.76,
                    5,
                    -51.36,
                    119.09,
                    0.24,
                    2,
                    3,
                    31.24,
                    90.34,
                    0.91,
                    5,
                    -1.07,
                    122.48,
                    0.09,
                    1,
                    3,
                    51.08,
                    68.77,
                    1,
                    1,
                    3,
                    84.92,
                    57.82,
                    1,
                    1,
                    3,
                    113.35,
                    23.85,
                    1,
                    2,
                    3,
                    113.88,
                    -22.83,
                    0.72,
                    4,
                    161.99,
                    -64.46,
                    0.28,
                    2,
                    3,
                    19.75,
                    -70.79,
                    0.58,
                    4,
                    67.86,
                    -112.42,
                    0.42,
                    2,
                    3,
                    -23.92,
                    -89.08,
                    0.58,
                    4,
                    24.18,
                    -130.71,
                    0.42,
                    2,
                    3,
                    -67.28,
                    -87.17,
                    0.72,
                    4,
                    -19.17,
                    -128.8,
                    0.28,
                    2,
                    3,
                    55.9,
                    -39.11,
                    0.58,
                    4,
                    104,
                    -80.74,
                    0.42,
                    2,
                    3,
                    22.08,
                    -7.1,
                    0.59,
                    4,
                    70.19,
                    -48.72,
                    0.41,
                    2,
                    3,
                    -10.46,
                    -29.36,
                    0.59,
                    4,
                    37.64,
                    -70.98,
                    0.41,
                    2,
                    3,
                    82.82,
                    4.72,
                    0.72,
                    4,
                    130.93,
                    -36.91,
                    0.28,
                    2,
                    3,
                    46.25,
                    28.25,
                    0.71,
                    4,
                    94.35,
                    -13.38,
                    0.29,
                    1,
                    3,
                    -79.88,
                    -17.53,
                    1,
                    2,
                    3,
                    85.21,
                    34.1,
                    0.83,
                    4,
                    133.31,
                    -7.53,
                    0.17,
                    2,
                    3,
                    -89.48,
                    -66.18,
                    0.86,
                    4,
                    -41.37,
                    -107.81,
                    0.14,
                    1,
                    3,
                    76.09,
                    52.96,
                    1,
                    2,
                    3,
                    61.68,
                    45.97,
                    0.83,
                    4,
                    109.78,
                    4.34,
                    0.17,
                    2,
                    3,
                    61.89,
                    15.02,
                    0.72,
                    4,
                    109.99,
                    -26.61,
                    0.28,
                    2,
                    3,
                    37.3,
                    -25.48,
                    0.58,
                    4,
                    85.4,
                    -67.1,
                    0.42,
                    2,
                    3,
                    5.07,
                    -50.07,
                    0.58,
                    4,
                    53.18,
                    -91.7,
                    0.42,
                    2,
                    3,
                    -28.85,
                    -63.21,
                    0.58,
                    4,
                    19.26,
                    -104.84,
                    0.42,
                    2,
                    3,
                    -62.77,
                    -62.79,
                    0.72,
                    4,
                    -14.66,
                    -104.42,
                    0.28,
                    2,
                    3,
                    -84.18,
                    -52.4,
                    0.86,
                    4,
                    -36.07,
                    -94.03,
                    0.14,
                    2,
                    3,
                    51.5,
                    52.75,
                    0.82,
                    4,
                    99.61,
                    11.12,
                    0.18,
                    2,
                    3,
                    -41.14,
                    -40.95,
                    0.59,
                    4,
                    6.96,
                    -82.58,
                    0.41,
                    2,
                    3,
                    -69.76,
                    -44.34,
                    0.71,
                    4,
                    -21.66,
                    -85.97,
                    0.29,
                    2,
                    3,
                    -89.06,
                    -39.47,
                    0.86,
                    4,
                    -40.95,
                    -81.1,
                    0.14,
                    1,
                    3,
                    9.92,
                    57.92,
                    1,
                    1,
                    3,
                    -40.78,
                    11.86,
                    1,
                    2,
                    3,
                    -78.8,
                    -2.6,
                    0.86,
                    5,
                    -111.12,
                    29.53,
                    0.14,
                    2,
                    3,
                    -55.23,
                    14.36,
                    0.86,
                    5,
                    -87.55,
                    46.5,
                    0.14,
                    2,
                    3,
                    -64.11,
                    -21.06,
                    0.87,
                    4,
                    -16,
                    -62.69,
                    0.13,
                    2,
                    3,
                    -39.72,
                    -1.26,
                    0.87,
                    4,
                    8.38,
                    -42.89,
                    0.13,
                    2,
                    3,
                    -69.01,
                    8.05,
                    0.84,
                    5,
                    -101.33,
                    40.19,
                    0.16,
                    2,
                    3,
                    -48.4,
                    -12.23,
                    0.83,
                    4,
                    -0.29,
                    -53.86,
                    0.17,
                    2,
                    3,
                    -64.72,
                    3.26,
                    0.94,
                    5,
                    -97.04,
                    35.4,
                    0.06,
                    2,
                    3,
                    -74.45,
                    -8.75,
                    0.94,
                    5,
                    -106.77,
                    23.39,
                    0.06,
                    2,
                    3,
                    -51.01,
                    8.91,
                    0.94,
                    5,
                    -83.33,
                    41.05,
                    0.06,
                    1,
                    3,
                    -22.9,
                    28.73,
                    1
                  ]
                }
              },
              "h_sundial_indicator": {
                "h_sundial_indicator": {
                  "type": "mesh",
                  "hull": 6,
                  "uvs": [
                    0.60818,
                    0.61953,
                    0.10833,
                    0.90813,
                    0.04561,
                    0.85375,
                    0.41773,
                    0.39594,
                    0.83167,
                    0.07719,
                    0.91818,
                    0.16735
                  ],
                  "triangles": [
                    5,
                    0,
                    3,
                    5,
                    3,
                    4,
                    1,
                    2,
                    3,
                    0,
                    1,
                    3
                  ],
                  "vertices": [
                    1,
                    6,
                    3.83,
                    -4.39,
                    1,
                    1,
                    6,
                    -12.67,
                    -13.63,
                    1,
                    2,
                    6,
                    -14.74,
                    -11.88,
                    0.89,
                    5,
                    -104.28,
                    16.82,
                    0.11,
                    2,
                    6,
                    -2.46,
                    2.77,
                    0.89,
                    5,
                    -92,
                    31.47,
                    0.11,
                    2,
                    6,
                    11.2,
                    12.97,
                    0.89,
                    5,
                    -78.34,
                    41.67,
                    0.11,
                    1,
                    6,
                    14.06,
                    10.08,
                    1
                  ]
                }
              }
            }
          }
        ],
        "animations": {
          "idle": {
            "bones": {
              "sundial_ctrl": {
                "translate": [
                  {
                    "curve": 0.25,
                    "c3": 0.75
                  },
                  {
                    "time": 0.2667,
                    "x": 3.75,
                    "y": -5.78,
                    "curve": 0.25,
                    "c3": 0.75
                  },
                  {
                    "time": 0.5
                  }
                ]
              },
              "sundial": {
                "scale": [
                  {
                    "curve": 0.25,
                    "c3": 0.75
                  },
                  {
                    "time": 0.2667,
                    "x": 1.02,
                    "y": 1.02,
                    "curve": 0.25,
                    "c3": 0.75
                  },
                  {
                    "time": 0.5
                  }
                ]
              },
              "indicator": {
                "rotate": [
                  {
                    "curve": 0.25,
                    "c3": 0.75
                  },
                  {
                    "time": 0.2667,
                    "angle": -2.96,
                    "curve": 0.25,
                    "c3": 0.75
                  },
                  {
                    "time": 0.5
                  }
                ]
              }
            }
          },
          "spawn": {
            "bones": {
              "sundial_ctrl": {
                "translate": [
                  {
                    "curve": 0.25,
                    "c3": 0.75
                  },
                  {
                    "time": 0.0667,
                    "x": 2.67,
                    "y": -3.74,
                    "curve": 0.25,
                    "c3": 0.75
                  },
                  {
                    "time": 0.2667,
                    "x": -14.98,
                    "y": 18.19,
                    "curve": 0.25,
                    "c3": 0.75
                  },
                  {
                    "time": 0.5
                  }
                ]
              },
              "indicator": {
                "rotate": [
                  {
                    "curve": 0.25,
                    "c3": 0.75
                  },
                  {
                    "time": 0.0667,
                    "angle": -5.51,
                    "curve": 0.25,
                    "c3": 0.75
                  },
                  {
                    "time": 0.2667,
                    "angle": 10.21,
                    "curve": 0.25,
                    "c3": 0.75
                  },
                  {
                    "time": 0.5
                  }
                ],
                "shear": [
                  {
                    "curve": 0.25,
                    "c3": 0.75
                  },
                  {
                    "time": 0.0667,
                    "x": 2.13,
                    "curve": 0.25,
                    "c3": 0.75
                  },
                  {
                    "time": 0.2667,
                    "x": -5.3,
                    "curve": 0.25,
                    "c3": 0.75
                  },
                  {
                    "time": 0.5
                  }
                ]
              }
            }
          },
          "win": {
            "bones": {
              "sundial_ctrl": {
                "translate": [
                  {
                    "curve": 0.25,
                    "c3": 0.75
                  },
                  {
                    "time": 0.0667,
                    "x": -6.85,
                    "y": 7.34,
                    "curve": 0.25,
                    "c3": 0.75
                  },
                  {
                    "time": 0.2667,
                    "x": 17.34,
                    "y": -19.39,
                    "curve": 0.25,
                    "c3": 0.75
                  },
                  {
                    "time": 0.5
                  }
                ]
              },
              "indicator": {
                "rotate": [
                  {
                    "curve": 0.25,
                    "c3": 0.75
                  },
                  {
                    "time": 0.0667,
                    "angle": 2,
                    "curve": 0.25,
                    "c3": 0.75
                  },
                  {
                    "time": 0.2667,
                    "angle": -5.51,
                    "curve": 0.25,
                    "c3": 0.75
                  },
                  {
                    "time": 0.5
                  }
                ],
                "shear": [
                  {
                    "curve": 0.25,
                    "c3": 0.75
                  },
                  {
                    "time": 0.0667,
                    "y": 2.32,
                    "curve": 0.25,
                    "c3": 0.75
                  },
                  {
                    "time": 0.2667,
                    "x": 2.13,
                    "curve": 0.25,
                    "c3": 0.75
                  },
                  {
                    "time": 0.5
                  }
                ]
              },
              "sundial": {
                "scale": [
                  {
                    "curve": 0.25,
                    "c3": 0.75
                  },
                  {
                    "time": 0.0667,
                    "x": 0.98,
                    "y": 0.98,
                    "curve": 0.25,
                    "c3": 0.75
                  },
                  {
                    "time": 0.2667,
                    "x": 1.05,
                    "y": 1.05
                  }
                ]
              }
            }
          }
        }
      },
      [
        0
      ]
    ]
  ],
  0,
  0,
  [
    0
  ],
  [
    -1
  ],
  [
    0
  ]
]