[
  1,
  [
    "53o/xKVwtMnIuUnw5fjCCK",
    "b8zViH9khJ45qdxGPwm07m",
    "5dIqMT60NEdYHgO2Rs/vxY",
    "b2DBuPdGxKMpBu0jPtjVKh",
    "79Xd68m3ZN8aC2fiTCELVF",
    "1a2bRQw09GyLS5XBveczcQ",
    "caby+vrttIa6zvcSS3IGIq",
    "bbfev3XmtMEpN4fvciVWfk",
    "08m2/jtcZGc5A6J/3Mr0Q/",
    "07QCiyAJ5GfJm/q1dtajeG",
    "acvZQ9ZEtPr4EHLfmTaf5X",
    "4ciFVCVaxI77Xo1RILgq91",
    "56rcHS/ZpG9KC9H1Yxdo2P",
    "f1vh0Jo+FELo4RE/iZadYe",
    "beV2HTKqxJGrDnzcaUylCY",
    "0epNk7autJlLriRVwRBDXM",
    "a4S5Ce7+xABYKmPOwaHuec",
    "47luzvNzRJmbeOxLXTG944",
    "93j/qY9YlBIJ4oEklTzoL1",
    "8aZAxl3YpNarqo4xXu6aKM",
    "432xeqhJpFI503m3JzIV0v",
    "bcJ0piNzlMfoFw9OW7ZEUr",
    "fcz9N3pENAEoP4a8LUOgPO",
    "86hJMmhJpPSZn1htfqKOno",
    "e2oP7zGmdNH5AYD9GGASNo",
    "dbywMHMHJAErYsrNebtdZx",
    "56goBF++FCuI/omJV79r3L",
    "10kU76vPhO0Lgbs6VNoWjI",
    "06vxLtGK1CwomCB9iE4vAa",
    "a39SqHILtHvaCbDbWF0t8n",
    "aaZ36A9+RGWoUKIs/ci4L4",
    "70/KUtNeVKeLsk3Qj0+r35",
    "dekK5xI2NF0r35z+tGoMmB",
    "c35g6vIgBAKZCOe0jZCYHw",
    "0bk2IuF9NEwLG9nNjZLU8K",
    "66RgEzMJlHg7ahkYLn6D+Q",
    "572eoh79pODpDjI5U6SFF9",
    "b2+tUnhn9NmpRt6Eto05Rc",
    "2cVbGz9tJIDLMId2RM+vQA",
    "c5ms4qjZZGPZNLgDGbJxKg",
    "b8f94D27pO4IYSzqo0YXv2",
    "42DJX+O6JAg4MXP/aWXl2T",
    "d1Fv8gxd5BW759MSrIEJrD",
    "a2ycV1aMJE76SVmV62DmUO",
    "77CbJYYLxIZLgSYrxwekGa",
    "0bAPfxR7REBLv0RoMTdQ0B",
    "55jia92bRGEpXjNJu92Xem",
    "43vQ4GhAZCE7jTOe5a6t6S"
  ],
  [
    "value"
  ],
  [
    [
      "cc.AnimationClip",
      [
        "_name",
        "_duration",
        "sample",
        "curveData"
      ],
      0,
      11
    ]
  ],
  [
    [
      0,
      0,
      1,
      2,
      3,
      4
    ]
  ],
  [
    [
      0,
      "Effect_normal_add",
      1.4666666666666666,
      15,
      [
        {},
        "paths",
        11,
        [
          {},
          "ib_sw_vfx_d_add_00",
          11,
          [
            {},
            "comps",
            11,
            [
              {},
              "cc.Sprite",
              11,
              [
                {},
                "spriteFrame",
                12,
                [
                  [
                    [
                      {
                        "frame": 0
                      },
                      "value",
                      6,
                      0
                    ],
                    [
                      {
                        "frame": 0.06666666666666667
                      },
                      "value",
                      6,
                      1
                    ],
                    [
                      {
                        "frame": 0.13333333333333333
                      },
                      "value",
                      6,
                      2
                    ],
                    [
                      {
                        "frame": 0.2
                      },
                      "value",
                      6,
                      3
                    ],
                    [
                      {
                        "frame": 0.26666666666666666
                      },
                      "value",
                      6,
                      4
                    ],
                    [
                      {
                        "frame": 0.3333333333333333
                      },
                      "value",
                      6,
                      5
                    ],
                    {
                      "frame": 0.4,
                      "value": null
                    }
                  ],
                  11,
                  11,
                  11,
                  11,
                  11,
                  11,
                  0
                ]
              ]
            ]
          ],
          "ib_sw_vfx_a_add_00",
          11,
          [
            {},
            "comps",
            11,
            [
              {},
              "cc.Sprite",
              11,
              [
                {},
                "spriteFrame",
                12,
                [
                  [
                    [
                      {
                        "frame": 0
                      },
                      "value",
                      6,
                      6
                    ],
                    [
                      {
                        "frame": 0.06666666666666667
                      },
                      "value",
                      6,
                      7
                    ],
                    [
                      {
                        "frame": 0.13333333333333333
                      },
                      "value",
                      6,
                      8
                    ],
                    [
                      {
                        "frame": 0.2
                      },
                      "value",
                      6,
                      9
                    ],
                    [
                      {
                        "frame": 0.26666666666666666
                      },
                      "value",
                      6,
                      10
                    ],
                    [
                      {
                        "frame": 0.3333333333333333
                      },
                      "value",
                      6,
                      11
                    ],
                    [
                      {
                        "frame": 0.4
                      },
                      "value",
                      6,
                      12
                    ],
                    [
                      {
                        "frame": 0.4666666666666667
                      },
                      "value",
                      6,
                      13
                    ],
                    [
                      {
                        "frame": 0.5333333333333333
                      },
                      "value",
                      6,
                      14
                    ],
                    [
                      {
                        "frame": 0.6
                      },
                      "value",
                      6,
                      15
                    ],
                    [
                      {
                        "frame": 0.6666666666666666
                      },
                      "value",
                      6,
                      16
                    ],
                    [
                      {
                        "frame": 0.7333333333333333
                      },
                      "value",
                      6,
                      17
                    ],
                    [
                      {
                        "frame": 0.8
                      },
                      "value",
                      6,
                      18
                    ],
                    [
                      {
                        "frame": 0.8666666666666667
                      },
                      "value",
                      6,
                      19
                    ],
                    [
                      {
                        "frame": 0.9333333333333333
                      },
                      "value",
                      6,
                      20
                    ],
                    [
                      {
                        "frame": 1
                      },
                      "value",
                      6,
                      21
                    ],
                    [
                      {
                        "frame": 1.0666666666666667
                      },
                      "value",
                      6,
                      22
                    ],
                    [
                      {
                        "frame": 1.1333333333333333
                      },
                      "value",
                      6,
                      23
                    ],
                    [
                      {
                        "frame": 1.2
                      },
                      "value",
                      6,
                      24
                    ],
                    [
                      {
                        "frame": 1.2666666666666666
                      },
                      "value",
                      6,
                      25
                    ],
                    [
                      {
                        "frame": 1.3333333333333333
                      },
                      "value",
                      6,
                      26
                    ],
                    [
                      {
                        "frame": 1.4
                      },
                      "value",
                      6,
                      27
                    ]
                  ],
                  11,
                  11,
                  11,
                  11,
                  11,
                  11,
                  11,
                  11,
                  11,
                  11,
                  11,
                  11,
                  11,
                  11,
                  11,
                  11,
                  11,
                  11,
                  11,
                  11,
                  11,
                  11
                ]
              ]
            ]
          ],
          "ib_sw_vfx_b_add_00",
          11,
          [
            {},
            "comps",
            11,
            [
              {},
              "cc.Sprite",
              11,
              [
                {},
                "spriteFrame",
                12,
                [
                  [
                    [
                      {
                        "frame": 0
                      },
                      "value",
                      6,
                      28
                    ],
                    [
                      {
                        "frame": 0.06666666666666667
                      },
                      "value",
                      6,
                      29
                    ],
                    [
                      {
                        "frame": 0.13333333333333333
                      },
                      "value",
                      6,
                      30
                    ],
                    [
                      {
                        "frame": 0.2
                      },
                      "value",
                      6,
                      31
                    ],
                    [
                      {
                        "frame": 0.26666666666666666
                      },
                      "value",
                      6,
                      32
                    ],
                    [
                      {
                        "frame": 0.3333333333333333
                      },
                      "value",
                      6,
                      33
                    ],
                    [
                      {
                        "frame": 0.4
                      },
                      "value",
                      6,
                      34
                    ],
                    [
                      {
                        "frame": 0.4666666666666667
                      },
                      "value",
                      6,
                      35
                    ],
                    [
                      {
                        "frame": 0.5333333333333333
                      },
                      "value",
                      6,
                      36
                    ],
                    [
                      {
                        "frame": 0.6
                      },
                      "value",
                      6,
                      37
                    ],
                    [
                      {
                        "frame": 0.6666666666666666
                      },
                      "value",
                      6,
                      38
                    ],
                    [
                      {
                        "frame": 0.7333333333333333
                      },
                      "value",
                      6,
                      39
                    ],
                    [
                      {
                        "frame": 0.8
                      },
                      "value",
                      6,
                      40
                    ],
                    [
                      {
                        "frame": 0.8666666666666667
                      },
                      "value",
                      6,
                      41
                    ],
                    [
                      {
                        "frame": 0.9333333333333333
                      },
                      "value",
                      6,
                      42
                    ],
                    [
                      {
                        "frame": 1
                      },
                      "value",
                      6,
                      43
                    ],
                    [
                      {
                        "frame": 1.0666666666666667
                      },
                      "value",
                      6,
                      44
                    ],
                    [
                      {
                        "frame": 1.1333333333333333
                      },
                      "value",
                      6,
                      45
                    ],
                    [
                      {
                        "frame": 1.2
                      },
                      "value",
                      6,
                      46
                    ],
                    [
                      {
                        "frame": 1.2666666666666666
                      },
                      "value",
                      6,
                      47
                    ]
                  ],
                  11,
                  11,
                  11,
                  11,
                  11,
                  11,
                  11,
                  11,
                  11,
                  11,
                  11,
                  11,
                  11,
                  11,
                  11,
                  11,
                  11,
                  11,
                  11,
                  11
                ]
              ]
            ]
          ]
        ]
      ]
    ]
  ],
  0,
  0,
  [
    0,
    0,
    0,
    0,
    0,
    0,
    0,
    0,
    0,
    0,
    0,
    0,
    0,
    0,
    0,
    0,
    0,
    0,
    0,
    0,
    0,
    0,
    0,
    0,
    0,
    0,
    0,
    0,
    0,
    0,
    0,
    0,
    0,
    0,
    0,
    0,
    0,
    0,
    0,
    0,
    0,
    0,
    0,
    0,
    0,
    0,
    0,
    0
  ],
  [
    0,
    0,
    0,
    0,
    0,
    0,
    0,
    0,
    0,
    0,
    0,
    0,
    0,
    0,
    0,
    0,
    0,
    0,
    0,
    0,
    0,
    0,
    0,
    0,
    0,
    0,
    0,
    0,
    0,
    0,
    0,
    0,
    0,
    0,
    0,
    0,
    0,
    0,
    0,
    0,
    0,
    0,
    0,
    0,
    0,
    0,
    0,
    0
  ],
  [
    0,
    1,
    2,
    3,
    4,
    5,
    6,
    7,
    8,
    9,
    10,
    11,
    12,
    13,
    14,
    15,
    16,
    17,
    18,
    19,
    20,
    21,
    22,
    23,
    24,
    25,
    26,
    27,
    28,
    29,
    30,
    31,
    32,
    33,
    34,
    35,
    36,
    37,
    38,
    39,
    40,
    41,
    42,
    43,
    44,
    45,
    46,
    47
  ]
]