[1,["dayWih4UNBSZ29E5SpOXmn","b85HuXGN5Nhbv/S5Dsjf2R","e2c8UecLZM54xn6trb3W2g","b6FIYCaeBLjqpc7fZ66BnJ","9fGGOyJJ1D0otsShx3SdTs","bd/6CNi+FH5ZmOGjNAbyds","c0y+WeKJFAvJJPQuWjQx1+","718YzujDlAkrXtbhfQRSnW","f8Jkc+7hFHRpeF6NE784ue","f5OhWnLQxAgIWhJdaJ53ve"],["ib_bar_a","ib_bar_a_mask","ib_bar_b","ib_bar_b_mask","ib_scatter_glow","infoboard_vfx_a","infoboard_vfx_c","infoboard_vfx_e","infoboard_vfx_f","_textureSetter"],["cc.SpriteFrame",["cc.SpriteAtlas",["_name","_spriteFrames"],2,11]],[[1,0,1,2]],[[[[0,"Info_bar_effect.plist",[{},"ib_bar_a",6,0,"ib_bar_a_mask",6,1,"ib_bar_b",6,2,"ib_bar_b_mask",6,3,"ib_scatter_glow",6,4,"infoboard_vfx_a",6,5,"infoboard_vfx_c",6,6,"infoboard_vfx_e",6,7,"infoboard_vfx_f",6,8]]],0,0,[0,0,0,0,0,0,0,0,0],[0,1,2,3,4,5,6,7,8],[0,1,2,3,4,5,6,7,8]],[[{"name":"ib_bar_b_mask","rect":[1445,228,102,90],"offset":[0,0],"originalSize":[200,176],"capInsets":[0,0,0,0]}],[0],0,[0],[9],[9]]]]