[1,["8bKt/5hqNFwbPHZwGLEdAt"],["_textureSetter"],["cc.SpriteFrame"],0,[[[{"name":"tw_num_particle_02","rect":[1091,545,728,269],"offset":[0,0],"originalSize":[728,269],"rotated":1,"capInsets":[0,0,0,0]}],[0],0,[0],[0],[0]],[[{"name":"tw_num_particle_06","rect":[1362,545,728,267],"offset":[0,0],"originalSize":[728,267],"rotated":1,"capInsets":[0,0,0,0]}],[0],0,[0],[0],[0]],[[{"name":"tw_num_particle_11","rect":[737,1,734,273],"offset":[0,0],"originalSize":[734,273],"capInsets":[0,0,0,0]}],[0],0,[0],[0],[0]],[[{"name":"tw_num_particle_15","rect":[820,545,730,269],"offset":[0,0],"originalSize":[730,269],"rotated":1,"capInsets":[0,0,0,0]}],[0],0,[0],[0],[0]],[[{"name":"tw_num_particle_16","rect":[1,559,738,269],"offset":[0,0],"originalSize":[738,269],"rotated":1,"capInsets":[0,0,0,0]}],[0],0,[0],[0],[0]],[[{"name":"tw_num_particle_01","rect":[549,559,726,269],"offset":[0,0],"originalSize":[726,269],"rotated":1,"capInsets":[0,0,0,0]}],[0],0,[0],[0],[0]],[[{"name":"tw_num_particle_04","rect":[1340,1275,726,263],"offset":[0,0],"originalSize":[726,263],"rotated":1,"capInsets":[0,0,0,0]}],[0],0,[0],[0],[0]],[[{"name":"tw_num_particle_13","rect":[1,280,732,277],"offset":[0,0],"originalSize":[732,277],"capInsets":[0,0,0,0]}],[0],0,[0],[0],[0]],[[{"name":"tw_num_particle_08","rect":[270,1299,720,267],"offset":[0,0],"originalSize":[720,267],"rotated":1,"capInsets":[0,0,0,0]}],[0],0,[0],[0],[0]],[[{"name":"tw_num_particle_14","rect":[802,1287,730,271],"offset":[0,0],"originalSize":[730,271],"rotated":1,"capInsets":[0,0,0,0]}],[0],0,[0],[0],[0]],[[{"name":"tw_num_particle_12","rect":[1,1,734,277],"offset":[0,0],"originalSize":[734,277],"capInsets":[0,0,0,0]}],[0],0,[0],[0],[0]],[[{"name":"tw_num_particle_00","rect":[272,559,726,275],"offset":[0,0],"originalSize":[726,275],"rotated":1,"capInsets":[0,0,0,0]}],[0],0,[0],[0],[0]],[[{"name":"tw_num_particle_09","rect":[539,1287,732,261],"offset":[0,0],"originalSize":[732,261],"rotated":1,"capInsets":[0,0,0,0]}],[0],0,[0],[0],[0]],[[{"name":"tw_num_particle_10","rect":[737,276,734,267],"offset":[0,0],"originalSize":[734,267],"capInsets":[0,0,0,0]}],[0],0,[0],[0],[0]],[[{"name":"tw_num_particle_03","rect":[1075,1277,726,263],"offset":[0,0],"originalSize":[726,263],"rotated":1,"capInsets":[0,0,0,0]}],[0],0,[0],[0],[0]],[[{"name":"tw_num_particle_07","rect":[1,1299,720,267],"offset":[0,0],"originalSize":[720,267],"rotated":1,"capInsets":[0,0,0,0]}],[0],0,[0],[0],[0]],[[{"name":"tw_num_particle_05","rect":[1605,1275,726,263],"offset":[0,0],"originalSize":[726,263],"rotated":1,"capInsets":[0,0,0,0]}],[0],0,[0],[0],[0]]]]