[1,["8eMTUf8EZPqIZA7qTUKGng","f93OmDQNlA5YyalYmlNu3Z","52NVc5dY5DAbO77c8n+lKK","64Zg1CdDNNG7TsoZEfvYM6","e1c2PPnHROB4maB3iy6U0J","407Zbk0iRC6pwJR9ms0b8c","4e0UzX+hpDmIPjNuedwhmz","d94ldPxGxApY6NAgz5AcaL","85ClAA9ltB0rrQN+wRK2QB","03b9hJj/hOLLnKJ6uR2Vec","c8CBwowOJHU4CpIqfcT1Cv","3c9OTs2XFFsrwfbvGmNZ2s","e90BtKy9tFYLez3rJVo38b","a3Cu4HqzlA+KKxzpysB/s3","cdB57nEjJLgrcmb4X3kxTU","80GlzWAZtMq5KISB4+14lr"],["_textureSetter","infoboard_vfx_d_spawn_15","infoboard_vfx_d_spawn_16","infoboard_vfx_d_spawn_17","infoboard_vfx_d_spawn_18","infoboard_vfx_d_spawn_19","infoboard_vfx_d_spawn_20","infoboard_vfx_d_spawn_21","infoboard_vfx_d_spawn_22","infoboard_vfx_d_spawn_23","infoboard_vfx_d_spawn_24","infoboard_vfx_d_spawn_25","infoboard_vfx_d_spawn_26","infoboard_vfx_d_spawn_27","infoboard_vfx_d_spawn_28","infoboard_vfx_d_spawn_29"],["cc.SpriteFrame",["cc.SpriteAtlas",["_name","_spriteFrames"],2,11]],[[1,0,1,2]],[[[{"name":"infoboard_vfx_d_spawn_23","rect":[1503,1201,436,222],"offset":[0,0],"originalSize":[436,222],"capInsets":[0,0,0,0]}],[0],0,[0],[0],[0]],[[{"name":"infoboard_vfx_d_spawn_25","rect":[1591,1,442,232],"offset":[0,0],"originalSize":[442,232],"rotated":1,"capInsets":[0,0,0,0]}],[0],0,[0],[0],[0]],[[{"name":"infoboard_vfx_d_spawn_19","rect":[673,681,774,272],"offset":[0,0],"originalSize":[774,272],"rotated":1,"capInsets":[0,0,0,0]}],[0],0,[0],[0],[0]],[[{"name":"infoboard_vfx_d_spawn_20","rect":[335,681,776,336],"offset":[0,0],"originalSize":[776,336],"rotated":1,"capInsets":[0,0,0,0]}],[0],0,[0],[0],[0]],[[{"name":"infoboard_vfx_d_spawn_16","rect":[1,1,808,330],"offset":[0,0],"originalSize":[808,330],"capInsets":[0,0,0,0]}],[0],0,[0],[0],[0]],[[{"name":"infoboard_vfx_d_spawn_17","rect":[1,333,780,346],"offset":[0,0],"originalSize":[780,346],"capInsets":[0,0,0,0]}],[0],0,[0],[0],[0]],[[{"name":"infoboard_vfx_d_spawn_29","rect":[1503,655,544,204],"offset":[0,0],"originalSize":[544,204],"rotated":1,"capInsets":[0,0,0,0]}],[0],0,[0],[0],[0]],[[{"name":"infoboard_vfx_d_spawn_22","rect":[1237,655,766,264],"offset":[0,0],"originalSize":[766,264],"rotated":1,"capInsets":[0,0,0,0]}],[0],0,[0],[0],[0]],[[{"name":"infoboard_vfx_d_spawn_27","rect":[1571,445,412,138],"offset":[0,0],"originalSize":[412,138],"capInsets":[0,0,0,0]}],[0],0,[0],[0],[0]],[[{"name":"infoboard_vfx_d_spawn_24","rect":[1709,585,432,220],"offset":[0,0],"originalSize":[432,220],"rotated":1,"capInsets":[0,0,0,0]}],[0],0,[0],[0],[0]],[[{"name":"infoboard_vfx_d_spawn_28","rect":[1825,1,436,162],"offset":[0,0],"originalSize":[436,162],"rotated":1,"capInsets":[0,0,0,0]}],[0],0,[0],[0],[0]],[[{"name":"infoboard_vfx_d_spawn_21","rect":[811,1,778,332],"offset":[0,0],"originalSize":[778,332],"capInsets":[0,0,0,0]}],[0],0,[0],[0],[0]],[[{"name":"infoboard_vfx_d_spawn_18","rect":[783,335,786,318],"offset":[0,0],"originalSize":[786,318],"capInsets":[0,0,0,0]}],[0],0,[0],[0],[0]],[[{"name":"infoboard_vfx_d_spawn_26","rect":[947,655,774,288],"offset":[0,0],"originalSize":[774,288],"rotated":1,"capInsets":[0,0,0,0]}],[0],0,[0],[0],[0]],[[{"name":"infoboard_vfx_d_spawn_15","rect":[1,681,786,332],"offset":[0,0],"originalSize":[786,332],"rotated":1,"capInsets":[0,0,0,0]}],[0],0,[0],[0],[0]],[[[0,"infoboard_vfx_d_spawn_2.plist",[{},"infoboard_vfx_d_spawn_15",6,0,"infoboard_vfx_d_spawn_16",6,1,"infoboard_vfx_d_spawn_17",6,2,"infoboard_vfx_d_spawn_18",6,3,"infoboard_vfx_d_spawn_19",6,4,"infoboard_vfx_d_spawn_20",6,5,"infoboard_vfx_d_spawn_21",6,6,"infoboard_vfx_d_spawn_22",6,7,"infoboard_vfx_d_spawn_23",6,8,"infoboard_vfx_d_spawn_24",6,9,"infoboard_vfx_d_spawn_25",6,10,"infoboard_vfx_d_spawn_26",6,11,"infoboard_vfx_d_spawn_27",6,12,"infoboard_vfx_d_spawn_28",6,13,"infoboard_vfx_d_spawn_29",6,14]]],0,0,[0,0,0,0,0,0,0,0,0,0,0,0,0,0,0],[1,2,3,4,5,6,7,8,9,10,11,12,13,14,15],[1,2,3,4,5,6,7,8,9,10,11,12,13,14,15]]]]