[1,["0bCGrg/SBMSp7tk1K5d2Jm","08BJ3ZVK1CLZ5XlGOXM0u/","dfDUAP1UpASb9/YBqS9p28","31ccnO8WJHPYVgbA1yEOBQ","fcUoMlzu5HLLjxgLpNU2Ua","8aUZ3l6Q9AJosFwZo+HtEz","1e2iKAA9xPQ5hHfbKnIOmm","4eanf6W45PNahbTiZD+o1c","47SxQF6gxEe5BWdqYX0Pyk","c4oS9hHWZHjLcwY9bg8WoO","9aacKanHJH/J/9tjCjt/1A","9bXPLz7/NMz6JL0e0PcQq+","5euHyiv0xE6JdqcXTEBTo+","73I/LUOShLU4b4e81VHHJi","b0VrMYvtxHIJDbY9ztIn/V","7dN+KmzgNITIfPEXofaXux","fbO/WqM7JJ5YQZ2/cEO3Qm","f6PIUTmpFCBKv1jxV5d54h","1eXeDxFD1MFoYEWTsi018E","7d2WvKa4FD/4zCp+Lii4Js","601sTsUTZBH5/5eKj5hRyY","5fku9FkVRGdKItb8r/gLg0","31Rg4Qyv9Kx6e9MDWAmEqX","7bDL3WH5VAiot2ld7fyVAr","29S+5LgpVNwa5o9NVjljDW","6aGj9oDURKa70SDCLU6vAt","59KPSTTs9Do5uVYrwsJfdl","59zkWJ5XJO67TdT3ikp1Dj","19rm4bHZRAZbrC/0wkPDX+","d0BcFtUJdIv6RpGIFh52Jh","16aREXjfNHD5Gzcj9k/YsU","afmAT361VLBZMD4dAyA7va","a5vpkD4/5KJbepX6ou7GTH"],["value"],[["cc.AnimationClip",["_name","_duration","sample","curveData"],0,11]],[[0,0,1,2,3,4]],[[0,"EffectRemoveSymbol",1,25,[{},"paths",11,[{"ps_line_a":{"props":{"opacity":[{"frame":0,"value":255},{"frame":0.4,"value":0}]}}},"ps_coin",11,[{"props":{}},"comps",11,[{},"cc.Sprite",11,[{},"spriteFrame",12,[[{"frame":0,"value":null},[{"frame":0.2},"value",6,0],[{"frame":0.24},"value",6,1],[{"frame":0.28},"value",6,2],[{"frame":0.32},"value",6,3],[{"frame":0.36},"value",6,4],[{"frame":0.4},"value",6,5],[{"frame":0.44},"value",6,6],[{"frame":0.48},"value",6,7],[{"frame":0.52},"value",6,8],[{"frame":0.56},"value",6,9],[{"frame":0.6},"value",6,10],[{"frame":0.64},"value",6,11],[{"frame":0.68},"value",6,12],[{"frame":0.72},"value",6,13],{"frame":0.76,"value":null}],0,11,11,11,11,11,11,11,11,11,11,11,11,11,11,0]]]],"ps_particle",11,[{},"comps",11,[{},"cc.Sprite",11,[{},"spriteFrame",12,[[{"frame":0,"value":null},[{"frame":0.2},"value",6,14],[{"frame":0.24},"value",6,15],[{"frame":0.28},"value",6,16],[{"frame":0.32},"value",6,17],[{"frame":0.36},"value",6,18],[{"frame":0.4},"value",6,19],[{"frame":0.44},"value",6,20],[{"frame":0.48},"value",6,21],[{"frame":0.52},"value",6,22],[{"frame":0.56},"value",6,23],[{"frame":0.6},"value",6,24],[{"frame":0.64},"value",6,25],[{"frame":0.68},"value",6,26],[{"frame":0.72},"value",6,27],[{"frame":0.76},"value",6,28],[{"frame":0.8},"value",6,29],[{"frame":0.84},"value",6,30],[{"frame":0.88},"value",6,31],[{"frame":0.92},"value",6,32],{"frame":0.96,"value":null}],0,11,11,11,11,11,11,11,11,11,11,11,11,11,11,11,11,11,11,11,0]]]],"ps_end_glow",11,[{},"props",11,[{"opacity":[{"frame":0,"value":255},{"frame":0.4,"value":255},{"frame":0.52,"value":0}]},"scale",12,[[[{"frame":0},"value",8,[1,1.3,0,1]],[{"frame":0.2},"value",8,[1,1.3,0,1]],[{"frame":0.4},"value",8,[1,1.3,1.5,1]]],11,11,11]]]]]]],0,0,[0,0,0,0,0,0,0,0,0,0,0,0,0,0,0,0,0,0,0,0,0,0,0,0,0,0,0,0,0,0,0,0,0],[0,0,0,0,0,0,0,0,0,0,0,0,0,0,0,0,0,0,0,0,0,0,0,0,0,0,0,0,0,0,0,0,0],[0,1,2,3,4,5,6,7,8,9,10,11,12,13,14,15,16,17,18,19,20,21,22,23,24,25,26,27,28,29,30,31,32]]