[1,["75lKsOAnJMb7DRhs5ASpyE"],0,[["sp.SkeletonData",["_name","_atlasText","textureNames","_skeletonJson","textures"],-1,3]],[[0,0,1,2,3,4,5]],[[0,"skeleton","\r\nskeleton.png\r\nsize: 395,395\r\nformat: RGBA8888\r\nfilter: Linear,Linear\r\nrepeat: none\r\n10\r\n  rotate: true\r\n  xy: 247, 249\r\n  size: 144, 146\r\n  orig: 148, 156\r\n  offset: 3, 4\r\n  index: -1\r\ndao2\r\n  rotate: true\r\n  xy: 2, 292\r\n  size: 101, 107\r\n  orig: 108, 116\r\n  offset: 2, 3\r\n  index: -1\r\nlight\r\n  rotate: true\r\n  xy: 111, 265\r\n  size: 128, 134\r\n  orig: 206, 208\r\n  offset: 34, 34\r\n  index: -1\r\n",["skeleton.png"],{"skeleton":{"hash":"yXeBsrdqsc41NC2fPjLWW5mBoVM","spine":"3.8.99","x":-126.83,"y":-81.01,"width":231.06,"height":247.62,"images":"./image/","audio":""},"bones":[{"name":"root"},{"name":"bone","parent":"root","x":-21.18,"y":-10.98},{"name":"light","parent":"bone","x":-2.65,"y":73.6},{"name":"dao2","parent":"root","x":47.48,"y":-20.56}],"slots":[{"name":"dao2","bone":"dao2","attachment":"dao2"},{"name":"10","bone":"bone","attachment":"10"},{"name":"light","bone":"light","attachment":"light","blend":"additive"}],"skins":[{"name":"default","attachments":{"10":{"10":{"x":0.64,"y":7.97,"width":148,"height":156}},"dao2":{"dao2":{"x":2.75,"y":21.45,"width":108,"height":116}},"light":{"light":{"width":206,"height":208}}}}],"animations":{"animation":{"slots":{"light":{"color":[{"color":"ffffff00"},{"time":0.3333,"color":"ffffffff"},{"time":0.6667,"color":"ffffff00"},{"time":1,"color":"ffffffff"},{"time":1.3333,"color":"ffffff00"}]}},"bones":{"bone":{"rotate":[{"angle":-4.06,"curve":0.345,"c2":0.37,"c3":0.757},{"time":0.2333,"angle":3.09,"curve":0.25,"c3":0.75},{"time":0.5667,"angle":-6.35,"curve":0.269,"c3":0.618,"c4":0.42},{"time":0.6667,"angle":-4.06,"curve":0.345,"c2":0.37,"c3":0.757},{"time":0.9,"angle":3.09,"curve":0.25,"c3":0.75},{"time":1.2333,"angle":-6.35,"curve":0.269,"c3":0.618,"c4":0.42},{"time":1.3333,"angle":-4.06}],"scale":[{"curve":0.25,"c3":0.75},{"time":0.3333,"x":1.058,"y":1.058,"curve":0.25,"c3":0.75},{"time":0.6667,"curve":0.25,"c3":0.75},{"time":1,"x":1.058,"y":1.058,"curve":0.25,"c3":0.75},{"time":1.3333}]},"light":{"rotate":[{},{"time":0.2333,"angle":-123.09},{"time":0.4333,"angle":122.88},{"time":0.6667},{"time":0.9,"angle":-123.09},{"time":1.1,"angle":122.88},{"time":1.3333}]},"dao2":{"rotate":[{"curve":0.25,"c3":0.75},{"time":0.3333,"angle":-17.81,"curve":0.25,"c3":0.75},{"time":0.6667,"curve":0.25,"c3":0.75},{"time":1,"angle":-17.81,"curve":0.25,"c3":0.75},{"time":1.3333}],"translate":[{"curve":0.25,"c3":0.75},{"time":0.3333,"x":-6.6,"curve":0.25,"c3":0.75},{"time":0.6667,"curve":0.25,"c3":0.75},{"time":1,"x":-6.6,"curve":0.25,"c3":0.75},{"time":1.3333}],"scale":[{"curve":0.25,"c3":0.75},{"time":0.3333,"x":0.901,"y":0.901,"curve":0.25,"c3":0.75},{"time":0.6667,"curve":0.25,"c3":0.75},{"time":1,"x":0.901,"y":0.901,"curve":0.25,"c3":0.75},{"time":1.3333}]}}}}},[0]]],0,0,[0],[-1],[0]]