[
  1,
  [
    "f656vOSdRISoEEg8x2HhEC",
    "25hLnEho1OGYb6cJbow4rp",
    "713ZFwOBlCWp55OavhFniy",
    "dcylBchB1I7ZR32BhCLkE9",
    "494qIPk4tNILbnOGqz7PgO",
    "035fw/+O9NbI7xjruG7AWF",
    "ceRqnRdYBDz7Q4qsedkIhG",
    "476aCBB4VFRIl554HmoDDy",
    "34/A1m8aZJEbv4oiSI3OFf",
    "236vGM/PVJ16ph5gHgahd2",
    "3b4MFoVfFJbo69b9y0WfjL",
    "38qlqQHNxB1aovExYxEvIP",
    "3fmp2NFe1BxZs7Vn/JxRw0",
    "eeAAJT+tlLBqwYNm02eWZi",
    "d7XQzLwTlDZocNl72Bznud",
    "72+2w/yiBPxLEqV2Oq/9CT",
    "a48DJIW0tAKZ4dloybtekc",
    "0bkTtv2ytITpj8mhjlNG58",
    "9c5ywv3B9Ex73uSjYfrflk",
    "31Hp/BhlBCPpv1sQyZK0Xi",
    "66+4HEGy5OBqrhUp8faK+Y",
    "425iwRBe5DxYB+hwffFdTg",
    "c3LE4yzJhOWbrvt2e6N6Gy",
    "f3XL0VLvhHGp2ocaXm8XFC",
    "e1g4U1jw1D2rlW8rMGsvXL",
    "60qZ8mrOlKdJoj1ptD9FKI",
    "07+d/9W5BOwJHyBqX8t/l5",
    "8dK2A4Pg5N/qYNOZ1oGZ+/",
    "ffcZ02Am5PP5EQVYuIbis3",
    "10M4A58ZhJ3JYMWzYsn+t/",
    "a8hxwS8HBIrJJNNLtlwmi+",
    "56PUIBSuZEJ629XkX5PGaM"
  ],
  [
    "value"
  ],
  [
    [
      "cc.AnimationClip",
      [
        "_name",
        "_duration",
        "sample",
        "curveData"
      ],
      0,
      11
    ]
  ],
  [
    [
      0,
      0,
      1,
      2,
      3,
      4
    ]
  ],
  [
    [
      0,
      "Effect_Sun_add",
      0.9,
      20,
      [
        {},
        "paths",
        11,
        [
          {
            "mf_vfx_k_sun_add": {
              "props": {
                "opacity": [
                  {
                    "frame": 0,
                    "value": 0
                  },
                  {
                    "frame": 0.3,
                    "value": 255
                  },
                  {
                    "frame": 0.55,
                    "value": 0
                  }
                ]
              }
            },
            "mf_vfx_e_sun_add": {
              "props": {
                "opacity": [
                  {
                    "frame": 0,
                    "value": 0
                  },
                  {
                    "frame": 0.3,
                    "value": 255
                  },
                  {
                    "frame": 0.55,
                    "value": 0
                  }
                ]
              }
            },
            "mf_vfx_b_sun_screen": {
              "props": {
                "opacity": [
                  {
                    "frame": 0,
                    "value": 0
                  },
                  {
                    "frame": 0.25,
                    "value": 255
                  },
                  {
                    "frame": 0.55,
                    "value": 200
                  }
                ]
              }
            }
          },
          "mf_vfx_j_sun_add_00",
          11,
          [
            {},
            "comps",
            11,
            [
              {},
              "cc.Sprite",
              11,
              [
                {},
                "spriteFrame",
                12,
                [
                  [
                    [
                      {
                        "frame": 0
                      },
                      "value",
                      6,
                      0
                    ],
                    [
                      {
                        "frame": 0.05
                      },
                      "value",
                      6,
                      1
                    ],
                    [
                      {
                        "frame": 0.1
                      },
                      "value",
                      6,
                      2
                    ],
                    [
                      {
                        "frame": 0.15
                      },
                      "value",
                      6,
                      3
                    ],
                    [
                      {
                        "frame": 0.2
                      },
                      "value",
                      6,
                      4
                    ],
                    [
                      {
                        "frame": 0.25
                      },
                      "value",
                      6,
                      5
                    ],
                    [
                      {
                        "frame": 0.3
                      },
                      "value",
                      6,
                      6
                    ],
                    [
                      {
                        "frame": 0.35
                      },
                      "value",
                      6,
                      7
                    ],
                    [
                      {
                        "frame": 0.4
                      },
                      "value",
                      6,
                      8
                    ],
                    [
                      {
                        "frame": 0.45
                      },
                      "value",
                      6,
                      9
                    ],
                    [
                      {
                        "frame": 0.5
                      },
                      "value",
                      6,
                      10
                    ],
                    [
                      {
                        "frame": 0.55
                      },
                      "value",
                      6,
                      11
                    ],
                    [
                      {
                        "frame": 0.6
                      },
                      "value",
                      6,
                      12
                    ],
                    [
                      {
                        "frame": 0.65
                      },
                      "value",
                      6,
                      13
                    ],
                    [
                      {
                        "frame": 0.7
                      },
                      "value",
                      6,
                      14
                    ],
                    [
                      {
                        "frame": 0.75
                      },
                      "value",
                      6,
                      15
                    ],
                    [
                      {
                        "frame": 0.8
                      },
                      "value",
                      6,
                      16
                    ],
                    {
                      "frame": 0.85,
                      "value": null
                    }
                  ],
                  11,
                  11,
                  11,
                  11,
                  11,
                  11,
                  11,
                  11,
                  11,
                  11,
                  11,
                  11,
                  11,
                  11,
                  11,
                  11,
                  11,
                  0
                ]
              ]
            ]
          ],
          "mf_vfx_a_sun_screen_00",
          11,
          [
            {
              "props": {
                "opacity": [
                  {
                    "frame": 0,
                    "value": 0
                  },
                  {
                    "frame": 0.25,
                    "value": 150
                  },
                  {
                    "frame": 0.55,
                    "value": 0
                  }
                ]
              }
            },
            "comps",
            11,
            [
              {},
              "cc.Sprite",
              11,
              [
                {},
                "spriteFrame",
                12,
                [
                  [
                    [
                      {
                        "frame": 0
                      },
                      "value",
                      6,
                      17
                    ],
                    [
                      {
                        "frame": 0.05
                      },
                      "value",
                      6,
                      18
                    ],
                    [
                      {
                        "frame": 0.1
                      },
                      "value",
                      6,
                      19
                    ],
                    [
                      {
                        "frame": 0.15
                      },
                      "value",
                      6,
                      20
                    ],
                    [
                      {
                        "frame": 0.2
                      },
                      "value",
                      6,
                      21
                    ],
                    [
                      {
                        "frame": 0.25
                      },
                      "value",
                      6,
                      22
                    ],
                    [
                      {
                        "frame": 0.3
                      },
                      "value",
                      6,
                      23
                    ],
                    [
                      {
                        "frame": 0.35
                      },
                      "value",
                      6,
                      24
                    ],
                    [
                      {
                        "frame": 0.4
                      },
                      "value",
                      6,
                      25
                    ],
                    [
                      {
                        "frame": 0.45
                      },
                      "value",
                      6,
                      26
                    ],
                    [
                      {
                        "frame": 0.5
                      },
                      "value",
                      6,
                      27
                    ],
                    [
                      {
                        "frame": 0.55
                      },
                      "value",
                      6,
                      28
                    ],
                    [
                      {
                        "frame": 0.6
                      },
                      "value",
                      6,
                      29
                    ],
                    [
                      {
                        "frame": 0.65
                      },
                      "value",
                      6,
                      30
                    ],
                    [
                      {
                        "frame": 0.7
                      },
                      "value",
                      6,
                      31
                    ]
                  ],
                  11,
                  11,
                  11,
                  11,
                  11,
                  11,
                  11,
                  11,
                  11,
                  11,
                  11,
                  11,
                  11,
                  11,
                  11
                ]
              ]
            ]
          ]
        ]
      ]
    ]
  ],
  0,
  0,
  [
    0,
    0,
    0,
    0,
    0,
    0,
    0,
    0,
    0,
    0,
    0,
    0,
    0,
    0,
    0,
    0,
    0,
    0,
    0,
    0,
    0,
    0,
    0,
    0,
    0,
    0,
    0,
    0,
    0,
    0,
    0,
    0
  ],
  [
    0,
    0,
    0,
    0,
    0,
    0,
    0,
    0,
    0,
    0,
    0,
    0,
    0,
    0,
    0,
    0,
    0,
    0,
    0,
    0,
    0,
    0,
    0,
    0,
    0,
    0,
    0,
    0,
    0,
    0,
    0,
    0
  ],
  [
    0,
    1,
    2,
    3,
    4,
    5,
    6,
    7,
    8,
    9,
    10,
    11,
    12,
    13,
    14,
    15,
    16,
    17,
    18,
    19,
    20,
    21,
    22,
    23,
    24,
    25,
    26,
    27,
    28,
    29,
    30,
    31
  ]
]