[
  1,
  [
    "b6nwKIevBIRKGMTLQEehP1"
  ],
  [
    "_textureSetter"
  ],
  [
    "cc.SpriteFrame"
  ],
  0,
  [
    {
      "name": "2f7b2539-998f-471a-b9d5-a123220c68f2",
      "rect": [
        0,
        0,
        106,
        420
      ],
      "offset": [
        0,
        0
      ],
      "originalSize": [
        106,
        420
      ],
      "capInsets": [
        0,
        0,
        0,
        0
      ]
    }
  ],
  [
    0
  ],
  0,
  [
    0
  ],
  [
    0
  ],
  [
    0
  ]
]