[
  1,
  [
    "f2bUempchOqZfhdTz01e3r"
  ],
  0,
  [
    [
      "sp.SkeletonData",
      [
        "_name",
        "_atlasText",
        "textureNames",
        "_skeletonJson",
        "textures"
      ],
      -1,
      3
    ]
  ],
  [
    [
      0,
      0,
      1,
      2,
      3,
      4,
      5
    ]
  ],
  [
    [
      0,
      "Fish_3",
      "\r\n1999_Fish.png\r\nsize: 1825,1286\r\nformat: RGBA8888\r\nfilter: Linear,Linear\r\nrepeat: none\r\n3_x5/fish1\r\n  rotate: false\r\n  xy: 1831, 352\r\n  size: 50, 64\r\n  orig: 50, 64\r\n  offset: 0, 0\r\n  index: -1\r\n3_x5/fish1 Shadow\r\n  rotate: false\r\n  xy: 1918, 19\r\n  size: 40, 38\r\n  orig: 40, 38\r\n  offset: 0, 0\r\n  index: -1\r\n3_x5/fish1a\r\n  rotate: false\r\n  xy: 1577, 11\r\n  size: 45, 35\r\n  orig: 45, 35\r\n  offset: 0, 0\r\n  index: -1\r\n3_x5/fish1a Shadow\r\n  rotate: true\r\n  xy: 1936, 145\r\n  size: 45, 35\r\n  orig: 45, 35\r\n  offset: 0, 0\r\n  index: -1\r\n",
      [
        "1999_Fish.png"
      ],
      {
        "skeleton": {
          "hash": "pUcRwmaijGPFm4IoN/dQtrJDvlw",
          "spine": "3.7.94",
          "width": 44.64,
          "height": 68.03
        },
        "bones": [
          {
            "name": "root"
          },
          {
            "name": "Scale",
            "parent": "root",
            "scaleX": 0.364,
            "scaleY": 0.364
          },
          {
            "name": "bone",
            "parent": "Scale",
            "rotation": -90,
            "x": 34.21,
            "y": 5.41
          },
          {
            "name": "bone2",
            "parent": "bone",
            "length": 22.62,
            "rotation": -90,
            "x": -0.2,
            "y": -8.58
          },
          {
            "name": "bone3",
            "parent": "bone2",
            "length": 25.94,
            "rotation": 0.43,
            "x": 24.96,
            "y": 0.39
          },
          {
            "name": "bone4",
            "parent": "bone3",
            "length": 19.3,
            "rotation": -0.43,
            "x": 31.59,
            "y": -0.43
          },
          {
            "name": "bone5",
            "parent": "bone2",
            "x": -7.07,
            "y": -26.58
          },
          {
            "name": "bone6",
            "parent": "bone2",
            "x": -7.55,
            "y": 24.29
          },
          {
            "name": "bone7",
            "parent": "bone2",
            "length": 45.56,
            "rotation": -102.61,
            "x": 31.78,
            "y": -28.17
          },
          {
            "name": "bone8",
            "parent": "bone2",
            "length": 45.56,
            "rotation": -65.65,
            "x": 69.84,
            "y": -7.09,
            "scaleX": 0.535,
            "scaleY": -0.535
          },
          {
            "name": "bone9",
            "parent": "bone2",
            "length": 45.56,
            "rotation": -77.26,
            "x": 31.78,
            "y": 27.42,
            "scaleX": -1
          },
          {
            "name": "bone10",
            "parent": "bone2",
            "length": 45.56,
            "rotation": -112.43,
            "x": 69.84,
            "y": 8.28,
            "scaleX": -0.5,
            "scaleY": -0.535
          },
          {
            "name": "Shadow",
            "parent": "Scale",
            "rotation": -90,
            "x": 3.68,
            "y": 6.46
          },
          {
            "name": "Fin Shadow Right",
            "parent": "Shadow",
            "rotation": -29.21,
            "x": 25.71,
            "y": -13.82,
            "scaleX": -1.117,
            "scaleY": 1.117
          },
          {
            "name": "Fin Shadow Left",
            "parent": "Shadow",
            "rotation": 42.68,
            "x": -13.61,
            "y": -13.24,
            "scaleX": 1.03,
            "scaleY": 1.03
          },
          {
            "name": "Tail Shadow Right",
            "parent": "Shadow",
            "rotation": -8.39,
            "x": 8.17,
            "y": -30.83,
            "scaleX": -0.869,
            "scaleY": -1
          },
          {
            "name": "Tail Shadow Left",
            "parent": "Shadow",
            "rotation": 8.39,
            "x": 0.32,
            "y": -31.5,
            "scaleX": 0.87,
            "scaleY": -1
          }
        ],
        "slots": [
          {
            "name": "fish1 Shadow",
            "bone": "Shadow",
            "color": "ffffff94",
            "attachment": "3_x5/fish1 Shadow"
          },
          {
            "name": "Tail Shadow Right",
            "bone": "Tail Shadow Right",
            "attachment": "3_x5/fish1a Shadow"
          },
          {
            "name": "Tail Shadow Left",
            "bone": "Tail Shadow Left",
            "attachment": "3_x5/fish1a Shadow"
          },
          {
            "name": "Fin Shadow Right",
            "bone": "bone9",
            "attachment": "3_x5/fish1a Shadow"
          },
          {
            "name": "Fin Shadow Left",
            "bone": "bone7",
            "attachment": "3_x5/fish1a Shadow"
          },
          {
            "name": "fish1a7",
            "bone": "bone10",
            "color": "00000060",
            "attachment": "3_x5/fish1a"
          },
          {
            "name": "fish1a6",
            "bone": "bone8",
            "color": "00000060",
            "attachment": "3_x5/fish1a"
          },
          {
            "name": "fish1a2",
            "bone": "bone7",
            "attachment": "3_x5/fish1a"
          },
          {
            "name": "fish1a4",
            "bone": "bone9",
            "attachment": "3_x5/fish1a"
          },
          {
            "name": "fish1a3",
            "bone": "bone8",
            "attachment": "3_x5/fish1a"
          },
          {
            "name": "fish1a5",
            "bone": "bone10",
            "attachment": "3_x5/fish1a"
          },
          {
            "name": "fish1",
            "bone": "Scale",
            "attachment": "3_x5/fish1"
          }
        ],
        "skins": {
          "default": {
            "Fin Shadow Left": {
              "3_x5/fish1a Shadow": {
                "x": 2.17,
                "y": 13.03,
                "scaleX": 0.75,
                "scaleY": 0.75,
                "rotation": -124.71,
                "width": 72,
                "height": 55
              }
            },
            "Fin Shadow Right": {
              "3_x5/fish1a Shadow": {
                "x": 21.48,
                "y": 17.4,
                "scaleX": 0.75,
                "scaleY": 0.75,
                "rotation": -138.05,
                "width": 72,
                "height": 55
              }
            },
            "Tail Shadow Left": {
              "3_x5/fish1a Shadow": {
                "x": -20.06,
                "y": -16.53,
                "scaleX": 0.4,
                "scaleY": 0.4,
                "rotation": 21.85,
                "width": 72,
                "height": 55
              }
            },
            "Tail Shadow Right": {
              "3_x5/fish1a Shadow": {
                "x": 1.53,
                "y": -1.25,
                "scaleX": 0.4,
                "scaleY": 0.4,
                "width": 72,
                "height": 55
              }
            },
            "fish1": {
              "3_x5/fish1": {
                "type": "mesh",
                "hull": 44,
                "uvs": [
                  0.3919,
                  0.00077,
                  0.32556,
                  0.00061,
                  0.07503,
                  0,
                  0.01653,
                  0.04283,
                  0,
                  0.07916,
                  0,
                  0.1634,
                  0,
                  0.28372,
                  0.04334,
                  0.33916,
                  0.0994,
                  0.36019,
                  0.10671,
                  0.44239,
                  0.12621,
                  0.51313,
                  0.14571,
                  0.58195,
                  0.18471,
                  0.65269,
                  0.22859,
                  0.69857,
                  0.27734,
                  0.72342,
                  0.33828,
                  0.7521,
                  0.3724,
                  0.79224,
                  0.35534,
                  0.84004,
                  0.34071,
                  0.90504,
                  0.36753,
                  0.94901,
                  0.40409,
                  0.99298,
                  0.43821,
                  1,
                  0.5089,
                  1,
                  0.5869,
                  1,
                  0.64053,
                  0.96048,
                  0.65759,
                  0.92033,
                  0.65271,
                  0.85533,
                  0.6259,
                  0.81327,
                  0.66246,
                  0.75783,
                  0.70634,
                  0.72916,
                  0.76484,
                  0.70622,
                  0.82578,
                  0.65842,
                  0.86234,
                  0.57622,
                  0.88428,
                  0.53224,
                  0.88671,
                  0.46724,
                  0.89646,
                  0.3946,
                  0.90621,
                  0.36401,
                  0.97203,
                  0.3143,
                  1,
                  0.2646,
                  1,
                  0.08298,
                  0.93546,
                  0.0218,
                  0.86234,
                  0,
                  0.67221,
                  0,
                  0.56253,
                  0,
                  0.38351,
                  0.05191,
                  0.42964,
                  0.09162,
                  0.44764,
                  0.16044,
                  0.43414,
                  0.23191,
                  0.38689,
                  0.29103,
                  0.29351,
                  0.32456,
                  0.20801,
                  0.33603,
                  0.13151,
                  0.32103,
                  0.06627,
                  0.28132,
                  0.02014,
                  0.22574,
                  0.62354,
                  0.05023,
                  0.57404,
                  0.09347,
                  0.55379,
                  0.16935,
                  0.56729,
                  0.24347,
                  0.64267,
                  0.31405,
                  0.76304,
                  0.35111,
                  0.87667,
                  0.34405,
                  0.92167,
                  0.31494,
                  0.36234,
                  0.44466,
                  0.70433,
                  0.44289,
                  0.41634,
                  0.61318,
                  0.67058,
                  0.61407,
                  0.49099,
                  0.08019,
                  0.48376,
                  0.17291,
                  0.48858,
                  0.40564,
                  0.50064,
                  0.66487,
                  0.49582,
                  0.90706,
                  0.17903,
                  0.12325,
                  0.82563,
                  0.11607,
                  0.61366,
                  0.11368,
                  0.62586,
                  0.18903,
                  0.67161,
                  0.24405,
                  0.75091,
                  0.26439,
                  0.85918,
                  0.26917,
                  0.94763,
                  0.24286,
                  0.96441,
                  0.11846,
                  0.90493,
                  0.05746,
                  0.76463,
                  0.02995,
                  0.06771,
                  0.22372,
                  0.13786,
                  0.26797,
                  0.23241,
                  0.27156,
                  0.33001,
                  0.24525,
                  0.37271,
                  0.20458,
                  0.34831,
                  0.09933,
                  0.30561,
                  0.05746,
                  0.17293,
                  0.02397,
                  0.05703,
                  0.0479
                ],
                "triangles": [
                  24,
                  23,
                  70,
                  21,
                  70,
                  22,
                  23,
                  22,
                  70,
                  21,
                  20,
                  70,
                  20,
                  19,
                  70,
                  24,
                  70,
                  25,
                  70,
                  19,
                  17,
                  70,
                  26,
                  25,
                  19,
                  18,
                  17,
                  17,
                  16,
                  70,
                  70,
                  27,
                  26,
                  27,
                  70,
                  69,
                  70,
                  16,
                  69,
                  27,
                  69,
                  28,
                  16,
                  15,
                  69,
                  28,
                  65,
                  29,
                  28,
                  69,
                  65,
                  15,
                  64,
                  69,
                  15,
                  14,
                  64,
                  29,
                  65,
                  30,
                  14,
                  13,
                  64,
                  30,
                  65,
                  31,
                  13,
                  12,
                  64,
                  65,
                  69,
                  68,
                  31,
                  65,
                  32,
                  64,
                  12,
                  62,
                  69,
                  64,
                  68,
                  65,
                  63,
                  32,
                  65,
                  68,
                  63,
                  12,
                  11,
                  62,
                  64,
                  62,
                  68,
                  62,
                  10,
                  50,
                  62,
                  11,
                  10,
                  32,
                  63,
                  33,
                  33,
                  63,
                  34,
                  34,
                  63,
                  59,
                  35,
                  34,
                  59,
                  10,
                  9,
                  50,
                  35,
                  59,
                  60,
                  62,
                  48,
                  68,
                  68,
                  58,
                  63,
                  63,
                  58,
                  59,
                  35,
                  60,
                  36,
                  56,
                  66,
                  55,
                  46,
                  45,
                  66,
                  73,
                  55,
                  54,
                  87,
                  44,
                  45,
                  87,
                  88,
                  44,
                  66,
                  43,
                  55,
                  55,
                  43,
                  54,
                  66,
                  45,
                  0,
                  45,
                  44,
                  0,
                  66,
                  0,
                  43,
                  88,
                  1,
                  44,
                  44,
                  1,
                  0,
                  54,
                  43,
                  42,
                  50,
                  49,
                  62,
                  62,
                  49,
                  48,
                  50,
                  9,
                  8,
                  48,
                  47,
                  68,
                  57,
                  68,
                  67,
                  68,
                  57,
                  58,
                  57,
                  67,
                  56,
                  47,
                  67,
                  68,
                  59,
                  58,
                  76,
                  58,
                  75,
                  76,
                  50,
                  84,
                  49,
                  49,
                  85,
                  48,
                  49,
                  84,
                  85,
                  58,
                  57,
                  75,
                  85,
                  86,
                  48,
                  48,
                  86,
                  47,
                  85,
                  87,
                  86,
                  57,
                  74,
                  75,
                  57,
                  56,
                  74,
                  47,
                  46,
                  67,
                  47,
                  86,
                  46,
                  46,
                  87,
                  45,
                  46,
                  86,
                  87,
                  56,
                  73,
                  74,
                  56,
                  67,
                  66,
                  67,
                  46,
                  66,
                  56,
                  55,
                  73,
                  36,
                  61,
                  37,
                  36,
                  60,
                  61,
                  59,
                  77,
                  60,
                  59,
                  76,
                  77,
                  60,
                  77,
                  61,
                  37,
                  61,
                  38,
                  61,
                  77,
                  78,
                  38,
                  61,
                  78,
                  78,
                  77,
                  72,
                  78,
                  79,
                  38,
                  79,
                  39,
                  38,
                  77,
                  76,
                  72,
                  76,
                  75,
                  72,
                  75,
                  74,
                  72,
                  78,
                  72,
                  79,
                  79,
                  72,
                  80,
                  72,
                  74,
                  73,
                  72,
                  73,
                  81,
                  81,
                  54,
                  42,
                  54,
                  81,
                  73,
                  79,
                  80,
                  39,
                  72,
                  41,
                  80,
                  72,
                  81,
                  41,
                  80,
                  40,
                  39,
                  80,
                  41,
                  40,
                  81,
                  42,
                  41,
                  50,
                  8,
                  51,
                  51,
                  8,
                  52,
                  8,
                  7,
                  52,
                  7,
                  6,
                  52,
                  51,
                  83,
                  50,
                  50,
                  83,
                  84,
                  51,
                  52,
                  83,
                  6,
                  53,
                  52,
                  6,
                  5,
                  53,
                  52,
                  82,
                  83,
                  52,
                  53,
                  82,
                  85,
                  84,
                  71,
                  84,
                  83,
                  71,
                  83,
                  82,
                  71,
                  85,
                  71,
                  87,
                  87,
                  71,
                  88,
                  53,
                  5,
                  82,
                  5,
                  90,
                  82,
                  71,
                  90,
                  89,
                  89,
                  90,
                  2,
                  90,
                  71,
                  82,
                  90,
                  4,
                  3,
                  90,
                  5,
                  4,
                  71,
                  89,
                  88,
                  88,
                  89,
                  1,
                  90,
                  3,
                  2,
                  89,
                  2,
                  1
                ],
                "vertices": [
                  3,
                  6,
                  -9.2,
                  18.37,
                  0.24676,
                  3,
                  -16.26,
                  -8.21,
                  0.01758,
                  2,
                  -8.4,
                  7.68,
                  0.73567,
                  3,
                  6,
                  -9.21,
                  13.06,
                  0.40425,
                  3,
                  -16.28,
                  -13.52,
                  0.0139,
                  2,
                  -13.71,
                  7.7,
                  0.58185,
                  2,
                  6,
                  -9.28,
                  -6.98,
                  0.99905,
                  2,
                  -33.75,
                  7.76,
                  0.00095,
                  3,
                  6,
                  -4.91,
                  -11.66,
                  0.99968,
                  3,
                  -11.97,
                  -38.24,
                  0.00016,
                  4,
                  -37.22,
                  -38.35,
                  0.00016,
                  3,
                  6,
                  -1.2,
                  -12.98,
                  0.99322,
                  3,
                  -8.27,
                  -39.56,
                  0.00531,
                  4,
                  -33.53,
                  -39.7,
                  0.00147,
                  3,
                  6,
                  7.39,
                  -12.98,
                  0.87184,
                  3,
                  0.32,
                  -39.56,
                  0.09736,
                  4,
                  -24.93,
                  -39.77,
                  0.03079,
                  3,
                  6,
                  19.66,
                  -12.98,
                  0.69852,
                  3,
                  12.6,
                  -39.56,
                  0.22882,
                  4,
                  -12.66,
                  -39.86,
                  0.07266,
                  3,
                  6,
                  25.32,
                  -9.51,
                  0.59404,
                  3,
                  18.25,
                  -36.09,
                  0.28762,
                  4,
                  -6.98,
                  -36.43,
                  0.11834,
                  4,
                  6,
                  27.46,
                  -5.03,
                  0.45646,
                  3,
                  20.4,
                  -31.61,
                  0.34022,
                  4,
                  -4.8,
                  -31.96,
                  0.20305,
                  5,
                  -36.15,
                  -31.8,
                  0.00028,
                  4,
                  6,
                  35.85,
                  -4.44,
                  0.2434,
                  3,
                  28.78,
                  -31.02,
                  0.31606,
                  4,
                  3.59,
                  -31.44,
                  0.43308,
                  5,
                  -27.77,
                  -31.22,
                  0.00746,
                  4,
                  6,
                  43.06,
                  -2.88,
                  0.1424,
                  3,
                  36,
                  -29.46,
                  0.22715,
                  4,
                  10.81,
                  -29.94,
                  0.59832,
                  5,
                  -20.55,
                  -29.66,
                  0.03212,
                  4,
                  6,
                  50.08,
                  -1.32,
                  0.07932,
                  3,
                  43.02,
                  -27.9,
                  0.13748,
                  4,
                  17.84,
                  -28.43,
                  0.69675,
                  5,
                  -13.53,
                  -28.1,
                  0.08646,
                  4,
                  6,
                  57.3,
                  1.8,
                  0.03931,
                  3,
                  50.23,
                  -24.78,
                  0.06778,
                  4,
                  25.08,
                  -25.36,
                  0.69989,
                  5,
                  -6.32,
                  -24.98,
                  0.19302,
                  4,
                  6,
                  61.98,
                  5.31,
                  0.02212,
                  3,
                  54.91,
                  -21.27,
                  0.03606,
                  4,
                  29.79,
                  -21.89,
                  0.63494,
                  5,
                  -1.64,
                  -21.47,
                  0.30688,
                  4,
                  6,
                  64.51,
                  9.21,
                  0.01268,
                  3,
                  57.45,
                  -17.37,
                  0.01907,
                  4,
                  32.35,
                  -18.01,
                  0.5302,
                  5,
                  0.9,
                  -17.57,
                  0.43805,
                  4,
                  6,
                  67.44,
                  14.08,
                  0.00395,
                  3,
                  60.37,
                  -12.5,
                  0.00471,
                  4,
                  35.31,
                  -13.16,
                  0.27737,
                  5,
                  3.82,
                  -12.69,
                  0.71396,
                  4,
                  6,
                  71.53,
                  16.81,
                  0.00052,
                  3,
                  64.47,
                  -9.77,
                  0.00031,
                  4,
                  39.43,
                  -10.46,
                  0.05437,
                  5,
                  7.92,
                  -9.96,
                  0.9448,
                  3,
                  6,
                  76.41,
                  15.45,
                  0.00001,
                  4,
                  44.29,
                  -11.86,
                  0.00159,
                  5,
                  12.79,
                  -11.33,
                  0.9984,
                  1,
                  5,
                  19.42,
                  -12.5,
                  1,
                  1,
                  5,
                  23.91,
                  -10.35,
                  1,
                  1,
                  5,
                  28.39,
                  -7.62,
                  1,
                  1,
                  5,
                  29.11,
                  -4.7,
                  1,
                  1,
                  5,
                  29.11,
                  0.96,
                  1,
                  1,
                  5,
                  29.11,
                  7.19,
                  1,
                  1,
                  5,
                  25.08,
                  11.48,
                  1,
                  1,
                  5,
                  20.98,
                  12.85,
                  1,
                  2,
                  4,
                  46.03,
                  11.92,
                  0.00359,
                  5,
                  14.35,
                  12.46,
                  0.99641,
                  3,
                  7,
                  74.16,
                  -13.78,
                  0.00019,
                  4,
                  41.73,
                  9.81,
                  0.05248,
                  5,
                  10.06,
                  10.31,
                  0.94733,
                  3,
                  7,
                  68.51,
                  -10.86,
                  0.00337,
                  4,
                  36.09,
                  12.77,
                  0.34245,
                  5,
                  4.41,
                  13.24,
                  0.65418,
                  3,
                  7,
                  65.58,
                  -7.35,
                  0.01042,
                  4,
                  33.19,
                  16.31,
                  0.60533,
                  5,
                  1.48,
                  16.75,
                  0.38425,
                  3,
                  7,
                  63.24,
                  -2.67,
                  0.02126,
                  4,
                  30.89,
                  21,
                  0.76578,
                  5,
                  -0.86,
                  21.43,
                  0.21297,
                  4,
                  7,
                  58.37,
                  2.21,
                  0.03974,
                  3,
                  50.82,
                  26.5,
                  0.00041,
                  4,
                  26.05,
                  25.91,
                  0.85619,
                  5,
                  -5.73,
                  26.3,
                  0.10365,
                  4,
                  7,
                  49.98,
                  5.13,
                  0.08612,
                  3,
                  42.43,
                  29.42,
                  0.01392,
                  4,
                  17.69,
                  28.9,
                  0.8716,
                  5,
                  -14.12,
                  29.23,
                  0.02836,
                  4,
                  7,
                  45.5,
                  6.89,
                  0.12319,
                  3,
                  37.95,
                  31.18,
                  0.03155,
                  4,
                  13.22,
                  30.69,
                  0.83507,
                  5,
                  -18.6,
                  30.98,
                  0.01019,
                  4,
                  7,
                  38.87,
                  7.08,
                  0.19869,
                  3,
                  31.32,
                  31.37,
                  0.0734,
                  4,
                  6.59,
                  30.94,
                  0.72687,
                  5,
                  -25.23,
                  31.18,
                  0.00103,
                  3,
                  7,
                  31.46,
                  7.86,
                  0.3513,
                  3,
                  23.91,
                  32.15,
                  0.13184,
                  4,
                  -0.81,
                  31.77,
                  0.51686,
                  3,
                  7,
                  28.34,
                  8.64,
                  0.45444,
                  3,
                  20.79,
                  32.93,
                  0.14424,
                  4,
                  -3.93,
                  32.58,
                  0.40132,
                  3,
                  7,
                  23.27,
                  13.91,
                  0.64141,
                  3,
                  15.72,
                  38.2,
                  0.11819,
                  4,
                  -8.96,
                  37.88,
                  0.24041,
                  3,
                  7,
                  18.2,
                  16.15,
                  0.73067,
                  3,
                  10.65,
                  40.44,
                  0.09314,
                  4,
                  -14.01,
                  40.15,
                  0.17619,
                  3,
                  7,
                  -0.33,
                  16.15,
                  0.97804,
                  3,
                  -7.88,
                  40.44,
                  0.00256,
                  4,
                  -32.54,
                  40.29,
                  0.0194,
                  2,
                  7,
                  -6.57,
                  10.98,
                  0.99781,
                  4,
                  -38.82,
                  35.18,
                  0.00219,
                  2,
                  7,
                  -8.79,
                  5.13,
                  0.99516,
                  2,
                  29.23,
                  7.76,
                  0.00484,
                  3,
                  7,
                  -8.79,
                  -10.08,
                  0.56416,
                  3,
                  -16.34,
                  14.21,
                  0.01037,
                  2,
                  14.02,
                  7.76,
                  0.42546,
                  3,
                  6,
                  -9.28,
                  32.02,
                  0.00032,
                  7,
                  -8.79,
                  -18.85,
                  0.15944,
                  2,
                  5.24,
                  7.76,
                  0.84025,
                  3,
                  6,
                  -3.98,
                  17.7,
                  0.26561,
                  3,
                  -11.05,
                  -8.88,
                  0.08482,
                  2,
                  -9.08,
                  2.47,
                  0.64957,
                  3,
                  6,
                  0.07,
                  21.39,
                  0.11724,
                  3,
                  -7,
                  -5.19,
                  0.23858,
                  2,
                  -5.39,
                  -1.58,
                  0.64418,
                  3,
                  6,
                  7.09,
                  22.83,
                  0.05626,
                  3,
                  0.02,
                  -3.75,
                  0.84239,
                  2,
                  -3.95,
                  -8.6,
                  0.10135,
                  3,
                  6,
                  14.38,
                  21.75,
                  0.05978,
                  3,
                  7.31,
                  -4.83,
                  0.93815,
                  2,
                  -5.03,
                  -15.89,
                  0.00206,
                  4,
                  6,
                  20.41,
                  17.97,
                  0.11412,
                  3,
                  13.34,
                  -8.61,
                  0.85728,
                  2,
                  -8.81,
                  -21.92,
                  0.00006,
                  4,
                  -11.68,
                  -8.91,
                  0.02854,
                  3,
                  6,
                  23.83,
                  10.5,
                  0.24671,
                  3,
                  16.76,
                  -16.08,
                  0.60626,
                  4,
                  -8.32,
                  -16.41,
                  0.14704,
                  4,
                  6,
                  25,
                  3.66,
                  0.3656,
                  3,
                  17.93,
                  -22.92,
                  0.443,
                  4,
                  -7.2,
                  -23.26,
                  0.19139,
                  5,
                  -38.62,
                  -23.12,
                  0.00001,
                  3,
                  6,
                  23.47,
                  -2.46,
                  0.50507,
                  3,
                  16.4,
                  -29.04,
                  0.34507,
                  4,
                  -8.78,
                  -29.37,
                  0.14986,
                  3,
                  6,
                  19.42,
                  -7.68,
                  0.66309,
                  3,
                  12.35,
                  -34.26,
                  0.25405,
                  4,
                  -12.87,
                  -34.56,
                  0.08286,
                  3,
                  6,
                  13.75,
                  -11.37,
                  0.79166,
                  3,
                  6.68,
                  -37.95,
                  0.16554,
                  4,
                  -18.57,
                  -38.2,
                  0.04281,
                  3,
                  7,
                  -3.67,
                  -13.97,
                  0.36175,
                  3,
                  -11.22,
                  10.32,
                  0.06266,
                  2,
                  10.13,
                  2.64,
                  0.57559,
                  4,
                  7,
                  0.74,
                  -17.93,
                  0.16969,
                  3,
                  -6.81,
                  6.36,
                  0.23238,
                  2,
                  6.17,
                  -1.77,
                  0.59775,
                  4,
                  -31.72,
                  6.21,
                  0.00018,
                  4,
                  7,
                  8.48,
                  -19.55,
                  0.08446,
                  3,
                  0.93,
                  4.74,
                  0.82756,
                  2,
                  4.55,
                  -9.51,
                  0.08398,
                  4,
                  -24,
                  4.53,
                  0.00401,
                  4,
                  7,
                  16.04,
                  -18.47,
                  0.08331,
                  3,
                  8.49,
                  5.82,
                  0.8835,
                  2,
                  5.63,
                  -17.07,
                  0.00166,
                  4,
                  -16.43,
                  5.55,
                  0.03154,
                  3,
                  7,
                  23.24,
                  -12.44,
                  0.17293,
                  3,
                  15.69,
                  11.85,
                  0.5711,
                  4,
                  -9.18,
                  11.53,
                  0.25597,
                  3,
                  7,
                  27.02,
                  -2.81,
                  0.31377,
                  3,
                  19.47,
                  21.48,
                  0.24704,
                  4,
                  -5.33,
                  21.13,
                  0.43919,
                  3,
                  7,
                  26.3,
                  6.28,
                  0.46935,
                  3,
                  18.75,
                  30.57,
                  0.15502,
                  4,
                  -5.98,
                  30.23,
                  0.37564,
                  3,
                  7,
                  23.33,
                  9.88,
                  0.59026,
                  3,
                  15.78,
                  34.17,
                  0.13348,
                  4,
                  -8.92,
                  33.85,
                  0.27626,
                  4,
                  6,
                  36.08,
                  16.01,
                  0.06563,
                  3,
                  29.01,
                  -10.58,
                  0.29049,
                  4,
                  3.97,
                  -11,
                  0.64262,
                  5,
                  -27.54,
                  -10.77,
                  0.00126,
                  3,
                  7,
                  36.39,
                  -7.51,
                  0.12789,
                  3,
                  28.83,
                  16.78,
                  0.11044,
                  4,
                  4,
                  16.37,
                  0.76166,
                  4,
                  6,
                  53.27,
                  20.33,
                  0.00636,
                  3,
                  46.2,
                  -6.26,
                  0.01065,
                  4,
                  21.19,
                  -6.8,
                  0.90266,
                  5,
                  -10.35,
                  -6.45,
                  0.08033,
                  4,
                  7,
                  53.85,
                  -10.21,
                  0.02261,
                  3,
                  46.29,
                  14.08,
                  0.00004,
                  4,
                  21.43,
                  13.53,
                  0.88825,
                  5,
                  -10.26,
                  13.89,
                  0.0891,
                  3,
                  6,
                  -1.1,
                  26.3,
                  0.00527,
                  3,
                  -8.16,
                  -0.28,
                  0.04082,
                  2,
                  -0.48,
                  -0.42,
                  0.95391,
                  3,
                  6,
                  8.36,
                  25.72,
                  0.00574,
                  3,
                  1.29,
                  -0.86,
                  0.99202,
                  2,
                  -1.06,
                  -9.87,
                  0.00224,
                  3,
                  6,
                  32.1,
                  26.11,
                  0.0017,
                  3,
                  25.03,
                  -0.48,
                  0.09392,
                  4,
                  0.07,
                  -0.87,
                  0.90437,
                  2,
                  4,
                  26.51,
                  -0.1,
                  0.94525,
                  5,
                  -5.08,
                  0.29,
                  0.05475,
                  1,
                  5,
                  19.63,
                  -0.09,
                  1,
                  4,
                  6,
                  3.29,
                  1.34,
                  0.90783,
                  3,
                  -3.77,
                  -25.24,
                  0.07427,
                  2,
                  -25.43,
                  -4.81,
                  0.01473,
                  4,
                  -28.92,
                  -25.41,
                  0.00317,
                  4,
                  7,
                  3.05,
                  2.2,
                  0.95555,
                  3,
                  -4.5,
                  26.49,
                  0.02783,
                  2,
                  26.29,
                  -4.08,
                  0.00015,
                  4,
                  -29.27,
                  26.32,
                  0.01647,
                  4,
                  7,
                  2.81,
                  -14.76,
                  0.29542,
                  3,
                  -4.75,
                  9.53,
                  0.32671,
                  2,
                  9.34,
                  -3.83,
                  0.37484,
                  4,
                  -29.64,
                  9.36,
                  0.00303,
                  4,
                  7,
                  10.49,
                  -13.79,
                  0.26747,
                  3,
                  2.94,
                  10.51,
                  0.6323,
                  2,
                  10.31,
                  -11.52,
                  0.0695,
                  4,
                  -21.94,
                  10.28,
                  0.03073,
                  4,
                  7,
                  16.1,
                  -10.13,
                  0.32099,
                  3,
                  8.55,
                  14.17,
                  0.55191,
                  2,
                  13.97,
                  -17.13,
                  0.0094,
                  4,
                  -16.31,
                  13.9,
                  0.11771,
                  4,
                  7,
                  18.18,
                  -3.78,
                  0.46008,
                  3,
                  10.62,
                  20.51,
                  0.33763,
                  2,
                  20.32,
                  -19.2,
                  0.00108,
                  4,
                  -14.18,
                  20.23,
                  0.20121,
                  3,
                  7,
                  18.67,
                  4.88,
                  0.61691,
                  3,
                  11.11,
                  29.17,
                  0.16508,
                  4,
                  -13.63,
                  28.89,
                  0.218,
                  3,
                  7,
                  15.98,
                  11.96,
                  0.74859,
                  3,
                  8.43,
                  36.25,
                  0.09211,
                  4,
                  -16.26,
                  35.98,
                  0.1593,
                  3,
                  7,
                  3.29,
                  13.3,
                  0.95585,
                  3,
                  -4.26,
                  37.59,
                  0.01117,
                  4,
                  -28.94,
                  37.42,
                  0.03298,
                  2,
                  7,
                  -2.93,
                  8.54,
                  0.99564,
                  4,
                  -35.2,
                  32.71,
                  0.00436,
                  3,
                  7,
                  -5.73,
                  -2.68,
                  0.89178,
                  3,
                  -13.29,
                  21.61,
                  0.00224,
                  2,
                  21.41,
                  4.71,
                  0.10598,
                  3,
                  6,
                  13.54,
                  -7.56,
                  0.77672,
                  3,
                  6.48,
                  -34.15,
                  0.18008,
                  4,
                  -18.74,
                  -34.4,
                  0.0432,
                  3,
                  6,
                  18.06,
                  -1.95,
                  0.61036,
                  3,
                  10.99,
                  -28.53,
                  0.30791,
                  4,
                  -14.19,
                  -28.82,
                  0.08173,
                  4,
                  6,
                  18.42,
                  5.61,
                  0.4446,
                  3,
                  11.36,
                  -20.97,
                  0.4741,
                  2,
                  -21.16,
                  -19.94,
                  0.00188,
                  4,
                  -13.76,
                  -21.26,
                  0.07942,
                  4,
                  6,
                  15.74,
                  13.42,
                  0.26995,
                  3,
                  8.67,
                  -13.16,
                  0.69478,
                  2,
                  -13.36,
                  -17.25,
                  0.01219,
                  4,
                  -16.39,
                  -13.43,
                  0.02308,
                  4,
                  6,
                  11.59,
                  16.84,
                  0.20425,
                  3,
                  4.52,
                  -9.75,
                  0.74879,
                  2,
                  -9.94,
                  -13.1,
                  0.04462,
                  4,
                  -20.51,
                  -9.98,
                  0.00234,
                  3,
                  6,
                  0.85,
                  14.88,
                  0.36572,
                  3,
                  -6.21,
                  -11.7,
                  0.25664,
                  2,
                  -11.89,
                  -2.37,
                  0.37764,
                  3,
                  6,
                  -3.42,
                  11.47,
                  0.546,
                  3,
                  -10.48,
                  -15.11,
                  0.08761,
                  2,
                  -15.31,
                  1.9,
                  0.36639,
                  3,
                  6,
                  -6.83,
                  0.85,
                  0.94423,
                  3,
                  -13.9,
                  -25.73,
                  0.00003,
                  2,
                  -25.92,
                  5.32,
                  0.05574,
                  3,
                  6,
                  -4.39,
                  -8.42,
                  0.99991,
                  3,
                  -11.46,
                  -35,
                  0,
                  4,
                  -36.68,
                  -35.11,
                  0.00009
                ]
              }
            },
            "fish1 Shadow": {
              "3_x5/fish1 Shadow": {
                "type": "mesh",
                "hull": 14,
                "uvs": [
                  0.36993,
                  1,
                  0.37205,
                  0.77509,
                  0.22355,
                  0.67064,
                  0.12905,
                  0.54316,
                  0.11217,
                  0.37673,
                  0,
                  0.26165,
                  0,
                  0,
                  1,
                  0,
                  1,
                  0.28644,
                  0.8918,
                  0.37319,
                  0.86648,
                  0.54139,
                  0.77464,
                  0.67619,
                  0.63192,
                  0.77332,
                  0.62733,
                  1
                ],
                "triangles": [
                  10,
                  4,
                  9,
                  7,
                  9,
                  4,
                  8,
                  9,
                  7,
                  6,
                  4,
                  5,
                  6,
                  7,
                  4,
                  12,
                  2,
                  11,
                  3,
                  4,
                  10,
                  11,
                  2,
                  10,
                  2,
                  3,
                  10,
                  0,
                  1,
                  13,
                  13,
                  1,
                  12,
                  1,
                  2,
                  12
                ],
                "vertices": [
                  1,
                  5,
                  36.08,
                  3.14,
                  1,
                  1,
                  5,
                  15.11,
                  3.31,
                  1,
                  1,
                  4,
                  36.9,
                  -8.77,
                  1,
                  1,
                  4,
                  24.96,
                  -16.07,
                  1,
                  1,
                  3,
                  34.52,
                  -16.81,
                  1,
                  1,
                  3,
                  23.8,
                  -25.58,
                  1,
                  1,
                  3,
                  -0.59,
                  -25.58,
                  1,
                  1,
                  3,
                  -0.59,
                  52.59,
                  1,
                  1,
                  3,
                  26.11,
                  52.59,
                  1,
                  1,
                  3,
                  34.19,
                  44.13,
                  1,
                  1,
                  4,
                  25.23,
                  41.58,
                  1,
                  1,
                  4,
                  37.74,
                  34.3,
                  1,
                  1,
                  5,
                  14.94,
                  23.62,
                  1,
                  1,
                  5,
                  36.07,
                  23.26,
                  1
                ]
              }
            },
            "fish1a2": {
              "3_x5/fish1a": {
                "x": 27.43,
                "y": 1.58,
                "rotation": -167.39,
                "width": 72,
                "height": 55
              }
            },
            "fish1a3": {
              "3_x5/fish1a": {
                "x": 27.43,
                "y": 1.58,
                "rotation": -167.39,
                "width": 72,
                "height": 55
              }
            },
            "fish1a4": {
              "3_x5/fish1a": {
                "x": 27.43,
                "y": 1.58,
                "rotation": -167.39,
                "width": 72,
                "height": 55
              }
            },
            "fish1a5": {
              "3_x5/fish1a": {
                "x": 27.43,
                "y": 1.58,
                "rotation": -167.39,
                "width": 72,
                "height": 55
              }
            },
            "fish1a6": {
              "3_x5/fish1a": {
                "x": 22.37,
                "y": -11.85,
                "rotation": -174.81,
                "width": 72,
                "height": 55
              }
            },
            "fish1a7": {
              "3_x5/fish1a": {
                "x": 33.47,
                "y": -6.49,
                "rotation": -176.78,
                "width": 72,
                "height": 55
              }
            }
          }
        },
        "animations": {
          "animation": {
            "slots": {
              "fish1a2": {
                "color": [
                  {
                    "time": 0,
                    "color": "ffffffff"
                  },
                  {
                    "time": 0.0667,
                    "color": "ffffffa6"
                  },
                  {
                    "time": 0.1333,
                    "color": "ffffffff"
                  },
                  {
                    "time": 0.2667,
                    "color": "ffffffa6"
                  },
                  {
                    "time": 0.3333,
                    "color": "ffffffff"
                  },
                  {
                    "time": 0.4667,
                    "color": "ffffffa6"
                  },
                  {
                    "time": 0.5667,
                    "color": "ffffffff"
                  },
                  {
                    "time": 0.6667,
                    "color": "ffffffa6"
                  },
                  {
                    "time": 0.7667,
                    "color": "ffffffff"
                  }
                ]
              },
              "fish1a3": {
                "color": [
                  {
                    "time": 0,
                    "color": "ffffff77"
                  },
                  {
                    "time": 0.1,
                    "color": "ffffffff"
                  },
                  {
                    "time": 0.2,
                    "color": "ffffff77"
                  },
                  {
                    "time": 0.4333,
                    "color": "ffffffff"
                  },
                  {
                    "time": 0.6,
                    "color": "ffffff77"
                  },
                  {
                    "time": 0.7,
                    "color": "ffffffff"
                  },
                  {
                    "time": 0.8333,
                    "color": "ffffff77"
                  }
                ]
              },
              "fish1a4": {
                "color": [
                  {
                    "time": 0,
                    "color": "ffffffff"
                  },
                  {
                    "time": 0.0667,
                    "color": "ffffffa6"
                  },
                  {
                    "time": 0.1333,
                    "color": "ffffffff"
                  },
                  {
                    "time": 0.2667,
                    "color": "ffffffa6"
                  },
                  {
                    "time": 0.3333,
                    "color": "ffffffff"
                  },
                  {
                    "time": 0.4667,
                    "color": "ffffffa6"
                  },
                  {
                    "time": 0.5667,
                    "color": "ffffffff"
                  },
                  {
                    "time": 0.6667,
                    "color": "ffffffa6"
                  },
                  {
                    "time": 0.7667,
                    "color": "ffffffff"
                  }
                ]
              },
              "fish1a5": {
                "color": [
                  {
                    "time": 0,
                    "color": "ffffff77"
                  },
                  {
                    "time": 0.0667,
                    "color": "ffffffff"
                  },
                  {
                    "time": 0.1667,
                    "color": "ffffff77"
                  },
                  {
                    "time": 0.4333,
                    "color": "ffffffff"
                  },
                  {
                    "time": 0.5667,
                    "color": "ffffff77"
                  },
                  {
                    "time": 0.6667,
                    "color": "ffffffff"
                  },
                  {
                    "time": 0.8333,
                    "color": "ffffff77"
                  }
                ]
              },
              "fish1a6": {
                "color": [
                  {
                    "time": 0,
                    "color": "0000006c"
                  }
                ]
              },
              "fish1a7": {
                "color": [
                  {
                    "time": 0,
                    "color": "0000006c"
                  }
                ]
              }
            },
            "bones": {
              "bone2": {
                "rotate": [
                  {
                    "time": 0,
                    "angle": -3.23
                  },
                  {
                    "time": 0.4333,
                    "angle": 3.89
                  },
                  {
                    "time": 0.8333,
                    "angle": -3.23
                  }
                ]
              },
              "bone3": {
                "rotate": [
                  {
                    "time": 0,
                    "angle": -3.23
                  },
                  {
                    "time": 0.4333,
                    "angle": 3.89
                  },
                  {
                    "time": 0.8333,
                    "angle": -3.23
                  }
                ]
              },
              "bone4": {
                "rotate": [
                  {
                    "time": 0,
                    "angle": -9.03
                  },
                  {
                    "time": 0.4333,
                    "angle": 4.59
                  },
                  {
                    "time": 0.8333,
                    "angle": -9.03
                  }
                ]
              },
              "bone7": {
                "rotate": [
                  {
                    "time": 0,
                    "angle": 0
                  },
                  {
                    "time": 0.0667,
                    "angle": -7.45
                  },
                  {
                    "time": 0.1333,
                    "angle": 14.87
                  },
                  {
                    "time": 0.2667,
                    "angle": -7.45
                  },
                  {
                    "time": 0.3333,
                    "angle": 14.87
                  },
                  {
                    "time": 0.4333,
                    "angle": -1.65
                  },
                  {
                    "time": 0.4667,
                    "angle": -7.45
                  },
                  {
                    "time": 0.5667,
                    "angle": 14.87
                  },
                  {
                    "time": 0.6667,
                    "angle": -7.45
                  },
                  {
                    "time": 0.7667,
                    "angle": 14.87
                  },
                  {
                    "time": 0.8333,
                    "angle": 0
                  }
                ],
                "translate": [
                  {
                    "time": 0,
                    "x": 0,
                    "y": 0
                  },
                  {
                    "time": 0.4333,
                    "x": 3.44,
                    "y": 4.82
                  },
                  {
                    "time": 0.8333,
                    "x": 0,
                    "y": 0
                  }
                ]
              },
              "bone8": {
                "rotate": [
                  {
                    "time": 0,
                    "angle": 0
                  },
                  {
                    "time": 0.1,
                    "angle": -16.04
                  },
                  {
                    "time": 0.1667,
                    "angle": 5.24
                  },
                  {
                    "time": 0.2667,
                    "angle": -16.04
                  },
                  {
                    "time": 0.3333,
                    "angle": 5.24
                  },
                  {
                    "time": 0.4333,
                    "angle": -0.62
                  },
                  {
                    "time": 0.5,
                    "angle": -16.04
                  },
                  {
                    "time": 0.6,
                    "angle": 5.24
                  },
                  {
                    "time": 0.6667,
                    "angle": -16.04
                  },
                  {
                    "time": 0.7667,
                    "angle": 5.24
                  },
                  {
                    "time": 0.8333,
                    "angle": 0
                  }
                ],
                "translate": [
                  {
                    "time": 0,
                    "x": 0.33,
                    "y": -5.91
                  },
                  {
                    "time": 0.4333,
                    "x": 1.81,
                    "y": 3.77
                  },
                  {
                    "time": 0.8333,
                    "x": 0.33,
                    "y": -5.91
                  }
                ]
              },
              "bone5": {
                "translate": [
                  {
                    "time": 0,
                    "x": 4.12,
                    "y": 0.23
                  },
                  {
                    "time": 0.4333,
                    "x": -4.23,
                    "y": 2.74
                  },
                  {
                    "time": 0.8333,
                    "x": 4.12,
                    "y": 0.23
                  }
                ]
              },
              "bone6": {
                "translate": [
                  {
                    "time": 0,
                    "x": -2.7,
                    "y": -1.07
                  },
                  {
                    "time": 0.4333,
                    "x": 3.03,
                    "y": -1.32
                  },
                  {
                    "time": 0.8333,
                    "x": -2.7,
                    "y": -1.07
                  }
                ]
              },
              "bone9": {
                "rotate": [
                  {
                    "time": 0,
                    "angle": 0
                  },
                  {
                    "time": 0.0667,
                    "angle": -7.45
                  },
                  {
                    "time": 0.1333,
                    "angle": 14.87
                  },
                  {
                    "time": 0.2667,
                    "angle": -7.45
                  },
                  {
                    "time": 0.3333,
                    "angle": 14.87
                  },
                  {
                    "time": 0.4333,
                    "angle": -1.65
                  },
                  {
                    "time": 0.4667,
                    "angle": -7.45
                  },
                  {
                    "time": 0.5667,
                    "angle": 14.87
                  },
                  {
                    "time": 0.6667,
                    "angle": -7.45
                  },
                  {
                    "time": 0.7667,
                    "angle": 14.87
                  },
                  {
                    "time": 0.8333,
                    "angle": 0
                  }
                ],
                "translate": [
                  {
                    "time": 0,
                    "x": 0,
                    "y": 0
                  },
                  {
                    "time": 0.4333,
                    "x": 3.44,
                    "y": 4.82
                  },
                  {
                    "time": 0.8333,
                    "x": 0,
                    "y": 0
                  }
                ]
              },
              "bone10": {
                "rotate": [
                  {
                    "time": 0,
                    "angle": 0
                  },
                  {
                    "time": 0.1,
                    "angle": -16.04
                  },
                  {
                    "time": 0.1667,
                    "angle": 5.24
                  },
                  {
                    "time": 0.2667,
                    "angle": -16.04
                  },
                  {
                    "time": 0.3333,
                    "angle": 5.24
                  },
                  {
                    "time": 0.4333,
                    "angle": 14.08
                  },
                  {
                    "time": 0.5,
                    "angle": -16.04
                  },
                  {
                    "time": 0.6,
                    "angle": 5.24
                  },
                  {
                    "time": 0.6667,
                    "angle": -16.04
                  },
                  {
                    "time": 0.7667,
                    "angle": 5.24
                  },
                  {
                    "time": 0.8333,
                    "angle": 0
                  }
                ],
                "translate": [
                  {
                    "time": 0,
                    "x": 0.33,
                    "y": -5.91
                  },
                  {
                    "time": 0.4333,
                    "x": 1.81,
                    "y": 3.77
                  },
                  {
                    "time": 0.8333,
                    "x": 0.33,
                    "y": -5.91
                  }
                ]
              }
            },
            "deform": {
              "default": {
                "fish1": {
                  "3_x5/fish1": [
                    {
                      "time": 0,
                      "offset": 422,
                      "vertices": [
                        1.65332,
                        0.09344,
                        1.65339,
                        0.09343,
                        0,
                        -1.656,
                        1.6468,
                        0.1742
                      ]
                    },
                    {
                      "time": 0.4333
                    },
                    {
                      "time": 0.8333,
                      "offset": 422,
                      "vertices": [
                        1.65332,
                        0.09344,
                        1.65339,
                        0.09343,
                        0,
                        -1.656,
                        1.6468,
                        0.1742
                      ]
                    }
                  ]
                }
              }
            }
          }
        }
      },
      [
        0
      ]
    ]
  ],
  0,
  0,
  [
    0
  ],
  [
    -1
  ],
  [
    0
  ]
]