[1,["edEDIVzk9F7J1aYvg4mi1Q","f9SaJsrb9OfZ7RgbSaEDfB","e2Hc0+bENPxooxbj76Yv+F","23BCkIeIhG5p+r6wuoYLGl","c4s0SAGZVCP4ePojJ74byX","40NMXF8uRI4b++oBnotKWL","e850NfyKlFmZ27qyUcTY5p","60rpL9ICtKm5Z36WAGYLqU","36BqIrUaREr65gfZvAZUCl","bctaQCtEpNL7aoj0IifX9g","10AmF230dKALkO1T9sBY1w","50/pUStJxMbITw1ay2qiF3","c6ybbLPwVMwqVlnrOMhF+g","c7IWVNi35HeKy5u74+Nmu7","92BMywnVNFqqOeRlWwWpup","f8UVZ1YGBK6pWe5zj9vP5m","19sF4Fn39CZI9LACxQ9/g+","c9bOm8kf5MQq+LuxdoYGfN"],["_textureSetter","avatar-bg","avatar","icon-gold","icon-money","icon-player","loading-1","loading-2","rank-1","rank-2","rank-3","toast-bg","toggle-1-bg","toggle-1","toggle-2-bg","toggle-2","toggle-bg","toggle-check"],["cc.SpriteFrame",["cc.SpriteAtlas",["_name","_spriteFrames"],2,11]],[[1,0,1,2]],[[[{"name":"rank-3","rect":[229,178,34,39],"offset":[0,0],"originalSize":[34,39],"capInsets":[0,0,0,0]}],[0],0,[0],[0],[0]],[[{"name":"toggle-bg","rect":[221,0,37,37],"offset":[0,0],"originalSize":[37,37],"capInsets":[0,0,0,0]}],[0],0,[0],[0],[0]],[[{"name":"icon-gold","rect":[161,60,58,58],"offset":[0,0],"originalSize":[58,58],"capInsets":[0,0,0,0]}],[0],0,[0],[0],[0]],[[{"name":"rank-1","rect":[220,60,39,44],"offset":[0,0],"originalSize":[39,44],"capInsets":[0,0,0,0]}],[0],0,[0],[0],[0]],[[{"name":"icon-player","rect":[139,119,30,30],"offset":[0,0],"originalSize":[30,30],"capInsets":[0,0,0,0]}],[0],0,[0],[0],[0]],[[{"name":"toast-bg","rect":[0,0,143,52],"offset":[0,0],"originalSize":[143,52],"capInsets":[0,0,0,0]}],[0],0,[0],[0],[0]],[[{"name":"loading-2","rect":[178,178,50,50],"offset":[0,0],"originalSize":[50,50],"capInsets":[0,0,0,0]}],[0],0,[0],[0],[0]],[[{"name":"toggle-2-bg","rect":[161,0,59,59],"offset":[0,0],"originalSize":[59,59],"capInsets":[0,0,0,0]}],[0],0,[0],[0],[0]],[[{"name":"rank-2","rect":[229,218,34,38],"offset":[0,0],"originalSize":[34,38],"capInsets":[0,0,0,0]}],[0],0,[0],[0],[0]],[[[0,"util.plist",[{},"avatar-bg",6,0,"avatar",6,1,"icon-gold",6,2,"icon-money",6,3,"icon-player",6,4,"loading-1",6,5,"loading-2",6,6,"rank-1",6,7,"rank-2",6,8,"rank-3",6,9,"toast-bg",6,10,"toggle-1-bg",6,11,"toggle-1",6,12,"toggle-2-bg",6,13,"toggle-2",6,14,"toggle-bg",6,15,"toggle-check",6,16]]],0,0,[0,0,0,0,0,0,0,0,0,0,0,0,0,0,0,0,0],[1,2,3,4,5,6,7,8,9,10,11,12,13,14,15,16,17],[1,2,3,4,5,6,7,8,9,10,11,12,13,14,15,16,17]],[[{"name":"toggle-1-bg","rect":[0,242,20,20],"offset":[0,0],"originalSize":[20,20],"capInsets":[0,0,0,0]}],[0],0,[0],[0],[0]],[[{"name":"toggle-1","rect":[21,242,20,20],"offset":[0,0],"originalSize":[20,20],"capInsets":[0,0,0,0]}],[0],0,[0],[0],[0]],[[{"name":"toggle-check","rect":[101,113,37,37],"offset":[0,0],"originalSize":[37,37],"capInsets":[0,0,0,0]}],[0],0,[0],[0],[0]],[[{"name":"avatar","rect":[0,154,88,87],"offset":[0,0],"originalSize":[88,87],"capInsets":[0,0,0,0]}],[0],0,[0],[0],[0]],[[{"name":"loading-1","rect":[0,53,100,100],"offset":[0,0],"originalSize":[100,100],"capInsets":[0,0,0,0]}],[0],0,[0],[0],[0]],[[{"name":"toggle-2","rect":[101,53,59,59],"offset":[0,0],"originalSize":[59,59],"capInsets":[0,0,0,0]}],[0],0,[0],[0],[0]],[[{"name":"avatar-bg","rect":[89,154,88,87],"offset":[0,0],"originalSize":[88,87],"capInsets":[0,0,0,0]}],[0],0,[0],[0],[0]]]]