[
  1,
  [
    "8bmbqpNzNEspMiRvh+2jFI"
  ],
  [
    "_texture"
  ],
  [
    [
      "dragonBones.DragonBonesAtlasAsset",
      [
        "_name",
        "_atlasJson"
      ],
      1
    ]
  ],
  [
    [
      0,
      0,
      1,
      3
    ]
  ],
  [
    [
      0,
      "Symbol_1_FX_tex",
      "{\"width\":1200,\"SubTexture\":[{\"frameHeight\":200,\"y\":818,\"frameX\":-27,\"width\":141,\"frameY\":-26,\"height\":154,\"name\":\"Particle/Particle_15\",\"frameWidth\":200,\"x\":445},{\"frameHeight\":200,\"y\":310,\"frameX\":-37,\"width\":113,\"frameY\":-46,\"height\":113,\"name\":\"Particle/Particle_08\",\"frameWidth\":200,\"x\":834},{\"frameHeight\":200,\"y\":934,\"frameX\":-34,\"width\":118,\"frameY\":-44,\"height\":118,\"name\":\"Particle/Particle_09\",\"frameWidth\":200,\"x\":707},{\"frameHeight\":200,\"y\":657,\"frameX\":-32,\"width\":138,\"frameY\":-24,\"height\":159,\"name\":\"Particle/Particle_16\",\"frameWidth\":200,\"x\":445},{\"frameHeight\":200,\"y\":168,\"frameX\":-30,\"width\":142,\"frameY\":-21,\"height\":165,\"name\":\"Particle/Particle_17\",\"frameWidth\":200,\"x\":289},{\"frameHeight\":200,\"y\":974,\"frameX\":-30,\"width\":125,\"frameY\":-41,\"height\":124,\"name\":\"Particle/Particle_10\",\"frameWidth\":200,\"x\":580},{\"frameHeight\":200,\"y\":974,\"frameX\":-28,\"width\":130,\"frameY\":-38,\"height\":130,\"name\":\"Particle/Particle_11\",\"frameWidth\":200,\"x\":448},{\"frameHeight\":200,\"y\":1015,\"frameX\":-28,\"width\":146,\"frameY\":-18,\"height\":171,\"name\":\"Particle/Particle_18\",\"frameWidth\":200,\"x\":2},{\"frameHeight\":200,\"y\":140,\"frameX\":-51,\"width\":88,\"frameY\":-57,\"height\":89,\"name\":\"Particle/Particle_04\",\"frameWidth\":200,\"x\":1012},{\"frameHeight\":200,\"y\":837,\"frameX\":-29,\"width\":143,\"frameY\":-15,\"height\":176,\"name\":\"Particle/Particle_19\",\"frameWidth\":200,\"x\":2},{\"frameHeight\":200,\"y\":1100,\"frameX\":-47,\"width\":95,\"frameY\":-54,\"height\":95,\"name\":\"Particle/Particle_05\",\"frameWidth\":200,\"x\":580},{\"frameHeight\":200,\"y\":2,\"frameX\":-32,\"width\":128,\"frameY\":-35,\"height\":136,\"name\":\"Particle/Particle_12\",\"frameWidth\":200,\"x\":1070},{\"frameHeight\":200,\"y\":2,\"frameX\":-30,\"width\":133,\"frameY\":-32,\"height\":142,\"name\":\"Particle/Particle_13\",\"frameWidth\":200,\"x\":800},{\"frameHeight\":200,\"y\":654,\"frameX\":-28,\"width\":144,\"frameY\":-13,\"height\":181,\"name\":\"Particle/Particle_20\",\"frameWidth\":200,\"x\":2},{\"frameHeight\":200,\"y\":304,\"frameX\":-44,\"width\":101,\"frameY\":-52,\"height\":100,\"name\":\"Particle/Particle_06\",\"frameWidth\":200,\"x\":949},{\"frameHeight\":200,\"y\":712,\"frameX\":-40,\"width\":107,\"frameY\":-49,\"height\":106,\"name\":\"Particle/Particle_07\",\"frameWidth\":200,\"x\":297},{\"frameHeight\":200,\"y\":160,\"frameX\":-28,\"width\":137,\"frameY\":-29,\"height\":148,\"name\":\"Particle/Particle_14\",\"frameWidth\":200,\"x\":736},{\"width\":204,\"y\":382,\"height\":270,\"name\":\"1\",\"x\":2},{\"frameHeight\":200,\"y\":529,\"frameX\":-71,\"width\":53,\"frameY\":-65,\"height\":51,\"name\":\"C1_Show_Particle/C1_Partical_02\",\"frameWidth\":200,\"x\":854},{\"frameHeight\":200,\"y\":2,\"frameX\":-28,\"width\":145,\"frameY\":-4,\"height\":164,\"name\":\"C1_Show_Particle/C1_Partical_22\",\"frameWidth\":200,\"x\":289},{\"frameHeight\":200,\"y\":486,\"frameX\":-27,\"width\":142,\"frameY\":-5,\"height\":150,\"name\":\"C1_Show_Particle/C1_Partical_12\",\"frameWidth\":200,\"x\":592},{\"frameHeight\":200,\"y\":89,\"frameX\":-65,\"width\":64,\"frameY\":-59,\"height\":62,\"name\":\"C1_Show_Particle/C1_Partical_03\",\"frameWidth\":200,\"x\":584},{\"frameHeight\":200,\"y\":547,\"frameX\":-28,\"width\":146,\"frameY\":-4,\"height\":163,\"name\":\"C1_Show_Particle/C1_Partical_23\",\"frameWidth\":200,\"x\":297},{\"frameHeight\":200,\"y\":162,\"frameX\":-28,\"width\":144,\"frameY\":-2,\"height\":155,\"name\":\"C1_Show_Particle/C1_Partical_13\",\"frameWidth\":200,\"x\":582},{\"frameHeight\":200,\"y\":821,\"frameX\":-27,\"width\":147,\"frameY\":-2,\"height\":164,\"name\":\"C1_Show_Particle/C1_Partical_24\",\"frameWidth\":200,\"x\":296},{\"frameHeight\":200,\"y\":1045,\"frameX\":-59,\"width\":74,\"frameY\":-54,\"height\":71,\"name\":\"C1_Show_Particle/C1_Partical_04\",\"frameWidth\":200,\"x\":1123},{\"frameHeight\":200,\"y\":2,\"frameX\":-29,\"width\":143,\"frameY\":-9,\"height\":156,\"name\":\"C1_Show_Particle/C1_Partical_25\",\"frameWidth\":200,\"x\":655},{\"frameHeight\":200,\"y\":2,\"frameX\":-28,\"width\":146,\"frameY\":-2,\"height\":158,\"name\":\"C1_Show_Particle/C1_Partical_14\",\"frameWidth\":200,\"x\":436},{\"frameHeight\":200,\"y\":529,\"frameX\":-53,\"width\":85,\"frameY\":-48,\"height\":81,\"name\":\"C1_Show_Particle/C1_Partical_05\",\"frameWidth\":200,\"x\":928},{\"frameHeight\":200,\"y\":496,\"frameX\":-28,\"width\":145,\"frameY\":-4,\"height\":159,\"name\":\"C1_Show_Particle/C1_Partical_26\",\"frameWidth\":200,\"x\":445},{\"frameHeight\":200,\"y\":335,\"frameX\":-27,\"width\":147,\"frameY\":-3,\"height\":159,\"name\":\"C1_Show_Particle/C1_Partical_15\",\"frameWidth\":200,\"x\":357},{\"frameHeight\":200,\"y\":329,\"frameX\":-27,\"width\":147,\"frameY\":-6,\"height\":155,\"name\":\"C1_Show_Particle/C1_Partical_27\",\"frameWidth\":200,\"x\":506},{\"frameHeight\":200,\"y\":1106,\"frameX\":-47,\"width\":95,\"frameY\":-42,\"height\":92,\"name\":\"C1_Show_Particle/C1_Partical_06\",\"frameWidth\":200,\"x\":448},{\"frameHeight\":200,\"y\":319,\"frameX\":-31,\"width\":142,\"frameY\":-9,\"height\":149,\"name\":\"C1_Show_Particle/C1_Partical_28\",\"frameWidth\":200,\"x\":655},{\"frameHeight\":200,\"y\":168,\"frameX\":-27,\"width\":147,\"frameY\":-5,\"height\":159,\"name\":\"C1_Show_Particle/C1_Partical_16\",\"frameWidth\":200,\"x\":433},{\"frameHeight\":200,\"y\":425,\"frameX\":-41,\"width\":105,\"frameY\":-36,\"height\":102,\"name\":\"C1_Show_Particle/C1_Partical_07\",\"frameWidth\":200,\"x\":854},{\"frameHeight\":200,\"y\":657,\"frameX\":-30,\"width\":143,\"frameY\":-4,\"height\":151,\"name\":\"C1_Show_Particle/C1_Partical_29\",\"frameWidth\":200,\"x\":585},{\"frameHeight\":200,\"y\":1005,\"frameX\":-27,\"width\":147,\"frameY\":-2,\"height\":164,\"name\":\"C1_Show_Particle/C1_Partical_17\",\"frameWidth\":200,\"x\":150},{\"frameHeight\":200,\"y\":470,\"frameX\":-35,\"width\":116,\"frameY\":-30,\"height\":112,\"name\":\"C1_Show_Particle/C1_Partical_08\",\"frameWidth\":200,\"x\":736},{\"frameHeight\":200,\"y\":987,\"frameX\":-27,\"width\":147,\"frameY\":-3,\"height\":164,\"name\":\"C1_Show_Particle/C1_Partical_18\",\"frameWidth\":200,\"x\":299},{\"frameHeight\":200,\"y\":810,\"frameX\":-30,\"width\":126,\"frameY\":-23,\"height\":122,\"name\":\"C1_Show_Particle/C1_Partical_09\",\"frameWidth\":200,\"x\":588},{\"frameHeight\":200,\"y\":335,\"frameX\":-84,\"width\":31,\"frameY\":-76,\"height\":31,\"name\":\"C1_Show_Particle/C1_Partical_00\",\"frameWidth\":200,\"x\":289},{\"frameHeight\":200,\"y\":837,\"frameX\":-27,\"width\":147,\"frameY\":-2,\"height\":166,\"name\":\"C1_Show_Particle/C1_Partical_19\",\"frameWidth\":200,\"x\":147},{\"frameHeight\":200,\"y\":2,\"frameX\":-27,\"width\":133,\"frameY\":-17,\"height\":132,\"name\":\"C1_Show_Particle/C1_Partical_10\",\"frameWidth\":200,\"x\":935},{\"frameHeight\":200,\"y\":425,\"frameX\":-77,\"width\":43,\"frameY\":-71,\"height\":41,\"name\":\"C1_Show_Particle/C1_Partical_01\",\"frameWidth\":200,\"x\":799},{\"frameHeight\":200,\"y\":654,\"frameX\":-27,\"width\":147,\"frameY\":-3,\"height\":165,\"name\":\"C1_Show_Particle/C1_Partical_20\",\"frameWidth\":200,\"x\":148},{\"frameHeight\":200,\"y\":160,\"frameX\":-30,\"width\":135,\"frameY\":-10,\"height\":142,\"name\":\"C1_Show_Particle/C1_Partical_11\",\"frameWidth\":200,\"x\":875},{\"frameHeight\":200,\"y\":382,\"frameX\":-27,\"width\":147,\"frameY\":-5,\"height\":163,\"name\":\"C1_Show_Particle/C1_Partical_21\",\"frameWidth\":200,\"x\":208},{\"frameHeight\":400,\"y\":2,\"frameX\":-8,\"width\":285,\"frameY\":-9,\"height\":378,\"name\":\"C1_Shine\",\"frameWidth\":300,\"x\":2},{\"frameHeight\":200,\"y\":1118,\"frameX\":-70,\"width\":62,\"frameY\":-53,\"height\":79,\"name\":\"C1_Show/C1_Show_06\",\"frameWidth\":200,\"x\":1123},{\"frameHeight\":200,\"y\":584,\"frameX\":-83,\"width\":34,\"frameY\":-66,\"height\":46,\"name\":\"C1_Show/C1_Show_02\",\"frameWidth\":200,\"x\":779},{\"frameHeight\":200,\"y\":914,\"frameX\":-49,\"width\":102,\"frameY\":-32,\"height\":136,\"name\":\"C1_Show/C1_Show_18\",\"frameWidth\":200,\"x\":827},{\"frameHeight\":200,\"y\":914,\"frameX\":-49,\"width\":102,\"frameY\":-32,\"height\":129,\"name\":\"C1_Show/C1_Show_10\",\"frameWidth\":200,\"x\":1035},{\"frameHeight\":200,\"y\":1054,\"frameX\":-49,\"width\":102,\"frameY\":-32,\"height\":136,\"name\":\"C1_Show/C1_Show_14\",\"frameWidth\":200,\"x\":707},{\"frameHeight\":200,\"y\":776,\"frameX\":-49,\"width\":102,\"frameY\":-32,\"height\":136,\"name\":\"C1_Show/C1_Show_16\",\"frameWidth\":200,\"x\":840},{\"frameHeight\":200,\"y\":584,\"frameX\":-80,\"width\":41,\"frameY\":-62,\"height\":52,\"name\":\"C1_Show/C1_Show_03\",\"frameWidth\":200,\"x\":736},{\"frameHeight\":200,\"y\":1054,\"frameX\":-49,\"width\":102,\"frameY\":-32,\"height\":136,\"name\":\"C1_Show/C1_Show_13\",\"frameWidth\":200,\"x\":915},{\"frameHeight\":200,\"y\":406,\"frameX\":-74,\"width\":54,\"frameY\":-55,\"height\":73,\"name\":\"C1_Show/C1_Show_05\",\"frameWidth\":200,\"x\":961},{\"frameHeight\":200,\"y\":2,\"frameX\":-67,\"width\":68,\"frameY\":-52,\"height\":85,\"name\":\"C1_Show/C1_Show_07\",\"frameWidth\":200,\"x\":584},{\"frameHeight\":200,\"y\":1054,\"frameX\":-49,\"width\":102,\"frameY\":-32,\"height\":136,\"name\":\"C1_Show/C1_Show_12\",\"frameWidth\":200,\"x\":1019},{\"frameHeight\":200,\"y\":584,\"frameX\":-56,\"width\":92,\"frameY\":-35,\"height\":132,\"name\":\"C1_Show/C1_Show_09\",\"frameWidth\":200,\"x\":834},{\"frameHeight\":200,\"y\":638,\"frameX\":-49,\"width\":102,\"frameY\":-32,\"height\":136,\"name\":\"C1_Show/C1_Show_19\",\"frameWidth\":200,\"x\":730},{\"frameHeight\":200,\"y\":914,\"frameX\":-49,\"width\":102,\"frameY\":-32,\"height\":135,\"name\":\"C1_Show/C1_Show_11\",\"frameWidth\":200,\"x\":931},{\"frameHeight\":200,\"y\":547,\"frameX\":-62,\"width\":80,\"frameY\":-44,\"height\":98,\"name\":\"C1_Show/C1_Show_08\",\"frameWidth\":200,\"x\":208},{\"frameHeight\":200,\"y\":1100,\"frameX\":-90,\"width\":19,\"frameY\":-77,\"height\":27,\"name\":\"C1_Show/C1_Show_00\",\"frameWidth\":200,\"x\":677},{\"frameHeight\":200,\"y\":776,\"frameX\":-49,\"width\":102,\"frameY\":-32,\"height\":136,\"name\":\"C1_Show/C1_Show_17\",\"frameWidth\":200,\"x\":736},{\"frameHeight\":200,\"y\":231,\"frameX\":-77,\"width\":47,\"frameY\":-59,\"height\":61,\"name\":\"C1_Show/C1_Show_04\",\"frameWidth\":200,\"x\":1012},{\"frameHeight\":200,\"y\":335,\"frameX\":-87,\"width\":26,\"frameY\":-71,\"height\":34,\"name\":\"C1_Show/C1_Show_01\",\"frameWidth\":200,\"x\":322},{\"frameHeight\":200,\"y\":1054,\"frameX\":-49,\"width\":102,\"frameY\":-32,\"height\":136,\"name\":\"C1_Show/C1_Show_15\",\"frameWidth\":200,\"x\":811}],\"height\":1200,\"name\":\"Symbol_1_FX\",\"imagePath\":\"Symbol_1_FX_tex.png\"}"
    ]
  ],
  0,
  0,
  [
    0
  ],
  [
    0
  ],
  [
    0
  ]
]