[1,["1cQiysfWdHE5xWuwof4EtG"],["_textureSetter"],["cc.SpriteFrame"],0,[[[{"name":"torch_flame_21","rect":[721,1,118,149],"offset":[0,0],"originalSize":[118,149],"rotated":1,"capInsets":[0,0,0,0]}],[0],0,[0],[0],[0]],[[{"name":"torch_flame_22","rect":[721,121,118,149],"offset":[0,0],"originalSize":[118,149],"rotated":1,"capInsets":[0,0,0,0]}],[0],0,[0],[0],[0]],[[{"name":"torch_flame_53","rect":[601,907,118,149],"offset":[0,0],"originalSize":[118,149],"capInsets":[0,0,0,0]}],[0],0,[0],[0],[0]],[[{"name":"torch_flame_09","rect":[361,1,118,149],"offset":[0,0],"originalSize":[118,149],"capInsets":[0,0,0,0]}],[0],0,[0],[0],[0]],[[{"name":"torch_flame_26","rect":[121,756,118,149],"offset":[0,0],"originalSize":[118,149],"capInsets":[0,0,0,0]}],[0],0,[0],[0],[0]],[[{"name":"torch_flame_23","rect":[601,152,118,149],"offset":[0,0],"originalSize":[118,149],"capInsets":[0,0,0,0]}],[0],0,[0],[0],[0]],[[{"name":"torch_flame_25","rect":[1,907,118,149],"offset":[0,0],"originalSize":[118,149],"capInsets":[0,0,0,0]}],[0],0,[0],[0],[0]],[[{"name":"torch_flame_45","rect":[721,721,118,149],"offset":[0,0],"originalSize":[118,149],"rotated":1,"capInsets":[0,0,0,0]}],[0],0,[0],[0],[0]],[[{"name":"torch_flame_28","rect":[361,454,118,149],"offset":[0,0],"originalSize":[118,149],"capInsets":[0,0,0,0]}],[0],0,[0],[0],[0]],[[{"name":"torch_flame_11","rect":[121,454,118,149],"offset":[0,0],"originalSize":[118,149],"capInsets":[0,0,0,0]}],[0],0,[0],[0],[0]],[[{"name":"torch_flame_15","rect":[1,756,118,149],"offset":[0,0],"originalSize":[118,149],"capInsets":[0,0,0,0]}],[0],0,[0],[0],[0]],[[{"name":"torch_flame_37","rect":[601,454,118,149],"offset":[0,0],"originalSize":[118,149],"capInsets":[0,0,0,0]}],[0],0,[0],[0],[0]],[[{"name":"torch_flame_32","rect":[121,907,118,149],"offset":[0,0],"originalSize":[118,149],"capInsets":[0,0,0,0]}],[0],0,[0],[0],[0]],[[{"name":"torch_flame_49","rect":[601,756,118,149],"offset":[0,0],"originalSize":[118,149],"capInsets":[0,0,0,0]}],[0],0,[0],[0],[0]],[[{"name":"torch_flame_06","rect":[1,454,118,149],"offset":[0,0],"originalSize":[118,149],"capInsets":[0,0,0,0]}],[0],0,[0],[0],[0]],[[{"name":"torch_flame_20","rect":[601,1,118,149],"offset":[0,0],"originalSize":[118,149],"capInsets":[0,0,0,0]}],[0],0,[0],[0],[0]],[[{"name":"torch_flame_34","rect":[241,756,118,149],"offset":[0,0],"originalSize":[118,149],"capInsets":[0,0,0,0]}],[0],0,[0],[0],[0]],[[{"name":"torch_flame_47","rect":[303,1058,118,149],"offset":[0,0],"originalSize":[118,149],"rotated":1,"capInsets":[0,0,0,0]}],[0],0,[0],[0],[0]],[[{"name":"torch_flame_51","rect":[481,907,118,149],"offset":[0,0],"originalSize":[118,149],"capInsets":[0,0,0,0]}],[0],0,[0],[0],[0]],[[{"name":"torch_flame_14","rect":[481,1,118,149],"offset":[0,0],"originalSize":[118,149],"capInsets":[0,0,0,0]}],[0],0,[0],[0],[0]],[[{"name":"torch_flame_24","rect":[721,241,118,149],"offset":[0,0],"originalSize":[118,149],"rotated":1,"capInsets":[0,0,0,0]}],[0],0,[0],[0],[0]],[[{"name":"torch_flame_39","rect":[721,601,118,149],"offset":[0,0],"originalSize":[118,149],"rotated":1,"capInsets":[0,0,0,0]}],[0],0,[0],[0],[0]],[[{"name":"torch_flame_57","rect":[605,1081,118,149],"offset":[0,0],"originalSize":[118,149],"rotated":1,"capInsets":[0,0,0,0]}],[0],0,[0],[0],[0]],[[{"name":"torch_flame_05","rect":[241,1,118,149],"offset":[0,0],"originalSize":[118,149],"capInsets":[0,0,0,0]}],[0],0,[0],[0],[0]],[[{"name":"torch_flame_00","rect":[1,1,118,149],"offset":[0,0],"originalSize":[118,149],"capInsets":[0,0,0,0]}],[0],0,[0],[0],[0]],[[{"name":"torch_flame_30","rect":[601,303,118,149],"offset":[0,0],"originalSize":[118,149],"capInsets":[0,0,0,0]}],[0],0,[0],[0],[0]],[[{"name":"torch_flame_55","rect":[454,1058,118,149],"offset":[0,0],"originalSize":[118,149],"rotated":1,"capInsets":[0,0,0,0]}],[0],0,[0],[0],[0]],[[{"name":"torch_flame_17","rect":[241,454,118,149],"offset":[0,0],"originalSize":[118,149],"capInsets":[0,0,0,0]}],[0],0,[0],[0],[0]],[[{"name":"torch_flame_43","rect":[481,605,118,149],"offset":[0,0],"originalSize":[118,149],"capInsets":[0,0,0,0]}],[0],0,[0],[0],[0]],[[{"name":"torch_flame_16","rect":[121,605,118,149],"offset":[0,0],"originalSize":[118,149],"capInsets":[0,0,0,0]}],[0],0,[0],[0],[0]],[[{"name":"torch_flame_08","rect":[241,152,118,149],"offset":[0,0],"originalSize":[118,149],"capInsets":[0,0,0,0]}],[0],0,[0],[0],[0]],[[{"name":"torch_flame_04","rect":[121,152,118,149],"offset":[0,0],"originalSize":[118,149],"capInsets":[0,0,0,0]}],[0],0,[0],[0],[0]],[[{"name":"torch_flame_42","rect":[361,756,118,149],"offset":[0,0],"originalSize":[118,149],"capInsets":[0,0,0,0]}],[0],0,[0],[0],[0]],[[{"name":"torch_flame_13","rect":[361,152,118,149],"offset":[0,0],"originalSize":[118,149],"capInsets":[0,0,0,0]}],[0],0,[0],[0],[0]],[[{"name":"torch_flame_40","rect":[241,907,118,149],"offset":[0,0],"originalSize":[118,149],"capInsets":[0,0,0,0]}],[0],0,[0],[0],[0]],[[{"name":"torch_flame_54","rect":[721,961,118,149],"offset":[0,0],"originalSize":[118,149],"rotated":1,"capInsets":[0,0,0,0]}],[0],0,[0],[0],[0]],[[{"name":"torch_flame_12","rect":[241,303,118,149],"offset":[0,0],"originalSize":[118,149],"capInsets":[0,0,0,0]}],[0],0,[0],[0],[0]],[[{"name":"torch_flame_10","rect":[1,605,118,149],"offset":[0,0],"originalSize":[118,149],"capInsets":[0,0,0,0]}],[0],0,[0],[0],[0]],[[{"name":"torch_flame_38","rect":[721,481,118,149],"offset":[0,0],"originalSize":[118,149],"rotated":1,"capInsets":[0,0,0,0]}],[0],0,[0],[0],[0]],[[{"name":"torch_flame_02","rect":[121,1,118,149],"offset":[0,0],"originalSize":[118,149],"capInsets":[0,0,0,0]}],[0],0,[0],[0],[0]],[[{"name":"torch_flame_29","rect":[481,303,118,149],"offset":[0,0],"originalSize":[118,149],"capInsets":[0,0,0,0]}],[0],0,[0],[0],[0]],[[{"name":"torch_flame_36","rect":[481,454,118,149],"offset":[0,0],"originalSize":[118,149],"capInsets":[0,0,0,0]}],[0],0,[0],[0],[0]],[[{"name":"torch_flame_44","rect":[601,605,118,149],"offset":[0,0],"originalSize":[118,149],"capInsets":[0,0,0,0]}],[0],0,[0],[0],[0]],[[{"name":"torch_flame_03","rect":[1,303,118,149],"offset":[0,0],"originalSize":[118,149],"capInsets":[0,0,0,0]}],[0],0,[0],[0],[0]],[[{"name":"torch_flame_50","rect":[721,841,118,149],"offset":[0,0],"originalSize":[118,149],"rotated":1,"capInsets":[0,0,0,0]}],[0],0,[0],[0],[0]],[[{"name":"torch_flame_41","rect":[152,1058,118,149],"offset":[0,0],"originalSize":[118,149],"rotated":1,"capInsets":[0,0,0,0]}],[0],0,[0],[0],[0]],[[{"name":"torch_flame_07","rect":[121,303,118,149],"offset":[0,0],"originalSize":[118,149],"capInsets":[0,0,0,0]}],[0],0,[0],[0],[0]],[[{"name":"torch_flame_27","rect":[241,605,118,149],"offset":[0,0],"originalSize":[118,149],"capInsets":[0,0,0,0]}],[0],0,[0],[0],[0]],[[{"name":"torch_flame_33","rect":[1,1058,118,149],"offset":[0,0],"originalSize":[118,149],"rotated":1,"capInsets":[0,0,0,0]}],[0],0,[0],[0],[0]],[[{"name":"torch_flame_31","rect":[721,361,118,149],"offset":[0,0],"originalSize":[118,149],"rotated":1,"capInsets":[0,0,0,0]}],[0],0,[0],[0],[0]],[[{"name":"torch_flame_48","rect":[481,756,118,149],"offset":[0,0],"originalSize":[118,149],"capInsets":[0,0,0,0]}],[0],0,[0],[0],[0]],[[{"name":"torch_flame_19","rect":[481,152,118,149],"offset":[0,0],"originalSize":[118,149],"capInsets":[0,0,0,0]}],[0],0,[0],[0],[0]],[[{"name":"torch_flame_46","rect":[361,907,118,149],"offset":[0,0],"originalSize":[118,149],"capInsets":[0,0,0,0]}],[0],0,[0],[0],[0]],[[{"name":"torch_flame_56","rect":[454,1058,118,149],"offset":[0,0],"originalSize":[118,149],"rotated":1,"capInsets":[0,0,0,0]}],[0],0,[0],[0],[0]],[[{"name":"torch_flame_18","rect":[361,303,118,149],"offset":[0,0],"originalSize":[118,149],"capInsets":[0,0,0,0]}],[0],0,[0],[0],[0]],[[{"name":"torch_flame_01","rect":[1,152,118,149],"offset":[0,0],"originalSize":[118,149],"capInsets":[0,0,0,0]}],[0],0,[0],[0],[0]],[[{"name":"torch_flame_52","rect":[481,907,118,149],"offset":[0,0],"originalSize":[118,149],"capInsets":[0,0,0,0]}],[0],0,[0],[0],[0]],[[{"name":"torch_flame_35","rect":[361,605,118,149],"offset":[0,0],"originalSize":[118,149],"capInsets":[0,0,0,0]}],[0],0,[0],[0],[0]]]]