[1,["4ehYdDmpJO3YWZbNmgv9b7"],["_textureSetter"],["cc.SpriteFrame"],0,[[[{"name":"spin_sand_b_07","rect":[363,721,126,132],"offset":[-18,6],"originalSize":[274,278],"capInsets":[0,0,0,0]}],[0],0,[0],[0],[0]],[[{"name":"spin_sand_b_04","rect":[549,169,72,92],"offset":[-16,6],"originalSize":[274,278],"rotated":1,"capInsets":[0,0,0,0]}],[0],0,[0],[0],[0]],[[{"name":"spin_sand_b_02","rect":[209,545,46,72],"offset":[-14,1],"originalSize":[274,278],"capInsets":[0,0,0,0]}],[0],0,[0],[0],[0]],[[{"name":"spin_sand_b_01","rect":[515,463,34,54],"offset":[-12,0],"originalSize":[274,278],"rotated":1,"capInsets":[0,0,0,0]}],[0],0,[0],[0],[0]],[[{"name":"spin_sand_b_13","rect":[1,545,206,226],"offset":[-1,4],"originalSize":[274,278],"capInsets":[0,0,0,0]}],[0],0,[0],[0],[0]],[[{"name":"spin_sand_b_15","rect":[281,253,232,250],"offset":[-3,1],"originalSize":[274,278],"capInsets":[0,0,0,0]}],[0],0,[0],[0],[0]],[[{"name":"spin_sand_b_09","rect":[549,1,160,166],"offset":[-12,4],"originalSize":[274,278],"capInsets":[0,0,0,0]}],[0],0,[0],[0],[0]],[[{"name":"spin_sand_b_12","rect":[515,253,200,208],"offset":[-3,6],"originalSize":[274,278],"capInsets":[0,0,0,0]}],[0],0,[0],[0],[0]],[[{"name":"spin_sand_b_10","rect":[523,697,176,174],"offset":[-9,6],"originalSize":[274,278],"capInsets":[0,0,0,0]}],[0],0,[0],[0],[0]],[[{"name":"spin_sand_b_16","rect":[275,1,250,272],"offset":[-2,0],"originalSize":[274,278],"rotated":1,"capInsets":[0,0,0,0]}],[0],0,[0],[0],[0]],[[{"name":"spin_sand_b_06","rect":[1,773,108,112],"offset":[-19,5],"originalSize":[274,278],"rotated":1,"capInsets":[0,0,0,0]}],[0],0,[0],[0],[0]],[[{"name":"spin_sand_b_03","rect":[643,169,58,80],"offset":[-15,4],"originalSize":[274,278],"capInsets":[0,0,0,0]}],[0],0,[0],[0],[0]],[[{"name":"spin_sand_b_05","rect":[115,773,88,102],"offset":[-16,6],"originalSize":[274,278],"capInsets":[0,0,0,0]}],[0],0,[0],[0],[0]],[[{"name":"spin_sand_b_14","rect":[281,505,214,240],"offset":[-3,2],"originalSize":[274,278],"rotated":1,"capInsets":[0,0,0,0]}],[0],0,[0],[0],[0]],[[{"name":"spin_sand_b_11","rect":[523,499,188,196],"offset":[-5,7],"originalSize":[274,278],"capInsets":[0,0,0,0]}],[0],0,[0],[0],[0]],[[{"name":"spin_sand_b_00","rect":[571,463,20,32],"offset":[-11,-6],"originalSize":[274,278],"rotated":1,"capInsets":[0,0,0,0]}],[0],0,[0],[0],[0]],[[{"name":"spin_sand_b_17","rect":[1,281,262,278],"offset":[-1,0],"originalSize":[274,278],"rotated":1,"capInsets":[0,0,0,0]}],[0],0,[0],[0],[0]],[[{"name":"spin_sand_b_18","rect":[1,1,272,278],"offset":[-1,0],"originalSize":[274,278],"capInsets":[0,0,0,0]}],[0],0,[0],[0],[0]],[[{"name":"spin_sand_b_08","rect":[209,721,144,152],"offset":[-16,5],"originalSize":[274,278],"rotated":1,"capInsets":[0,0,0,0]}],[0],0,[0],[0],[0]]]]