{"paths":{"0":["Atlas/Alats10",2],"1":["Atlas/Alats11",2],"2":["Atlas/Alats12",2],"3":["Atlas/Alats13",2],"4":["Atlas/Alats14",2],"5":["Atlas/Alats15",2],"6":["Atlas/Alats16",2],"7":["Atlas/Alats17",2],"8":["Atlas/Alats18",2],"9":["Atlas/Alats19",2],"10":["Atlas/Alats2",2],"11":["Atlas/Alats20",2],"12":["Atlas/Alats21",2],"13":["Atlas/Alats22",2],"14":["Atlas/Alats23",2],"15":["Atlas/Alats24",2],"16":["Atlas/Alats25",2],"17":["Atlas/Alats27",2],"18":["Atlas/Alats28",2],"19":["Atlas/Alats29",2],"20":["Atlas/Alats3",2],"21":["Atlas/Alats30",2],"22":["Atlas/Alats31",2],"23":["Atlas/Alats32",2],"24":["Atlas/Alats33",2],"25":["Atlas/Alats34",2],"26":["Atlas/Alats35",2],"27":["Atlas/Alats36",2],"28":["Atlas/Alats37",2],"29":["Atlas/Alats38",2],"30":["Atlas/Alats39",2],"31":["Atlas/Alats4",2],"32":["Atlas/Alats40",2],"33":["Atlas/Alats41",2],"34":["Atlas/Alats42",2],"35":["Atlas/Alats43",2],"36":["Atlas/Alats44",2],"37":["Atlas/Alats45",2],"38":["Atlas/Alats46",2],"39":["Atlas/Alats47",2],"40":["Atlas/Alats48",2],"41":["Atlas/Alats49",2],"42":["Atlas/Alats5",2],"43":["Atlas/Alats50",2],"44":["Atlas/Alats51",2],"45":["Atlas/Alats52",2],"46":["Atlas/Alats53",2],"47":["Atlas/Alats54",2],"48":["Atlas/Alats55",2],"49":["Atlas/Alats56",2],"50":["Atlas/Alats57",2],"51":["Atlas/Alats58",2],"52":["Atlas/Alats59",2],"53":["Atlas/Alats6",2],"54":["Atlas/Alats60",2],"55":["Atlas/Alats61",2],"56":["Atlas/Alats62",2],"57":["Atlas/Alats63",2],"58":["Atlas/Alats64",2],"59":["Atlas/Alats65",2],"60":["Atlas/Alats66",2],"61":["Atlas/Alats67",2],"62":["Atlas/Alats68",2],"63":["Atlas/Alats69",2],"64":["Atlas/Alats7",2],"65":["Atlas/Alats70",2],"66":["Atlas/Alats71",2],"67":["Atlas/Alats72",2],"68":["Atlas/Alats73",2],"69":["Atlas/Alats74",2],"70":["Atlas/Alats75",2],"71":["Atlas/Alats76",2],"72":["Atlas/Alats77",2],"73":["Atlas/Alats78",2],"74":["Atlas/Alats8",2],"75":["Atlas/Alats9",2],"76":["Font/fontSo",2],"77":["Font/fontSo2",2],"78":["Img/059b0e54-0d22-4aa6-9cd3-35fd18483ee1",2],"79":["Img/1748972b-db72-41f2-8632-2fa4c92455a2",2],"80":["Img/2f7b2539-998f-471a-b9d5-a123220c68f2",2],"81":["Img/4075c139-9a2b-4962-be08-c1e0fe5cc4de",2],"82":["Img/5e25864e-0a86-4438-846e-f041e642d264",2],"83":["Img/6d6de5a9-8be9-41c8-98af-c7c3af1f0a59",2],"84":["Img/71561142-4c83-4933-afca-cb7a17f67053",2],"85":["Img/7510f836-342d-4719-9b0f-da041bbcccf6",2],"86":["Img/9012586b-2eb4-4391-9570-622247d66917",2],"87":["Img/9109744f-c7fc-4358-b065-beec01a8330e",2],"88":["Img/b43ff3c2-02bb-4874-81f7-f2dea6970f18",2],"89":["Img/bc2c66f6-749d-4f8d-935b-a7e59bcdda68",2],"90":["Img/e851e89b-faa2-4484-bea6-5c01dd9f06e2",2],"91":["Img/f017e7cc-0f27-4e3a-93ce-4e639e5bbf2f",2],"92":["Img/f382a748-44ec-4f98-9a9a-a34b70b613e4",2],"93":["Img/launch",2],"94":["Img/splash",2],"95":["Sound/bgm_bigwin_end",6],"96":["Sound/bgm_bigwin_main",6],"97":["Sound/bgm_fs",6],"98":["Sound/bgm_mg",6],"99":["Sound/bgm_totalwin_end",6],"100":["Sound/bgm_totalwin_main",6],"101":["Sound/fastspin",6],"102":["Sound/fsExtraFsIncrease",6],"103":["Sound/fsExtraFsPopup",6],"104":["Sound/fsLoadingTrans",6],"105":["Sound/heartbeatActived",6],"106":["Sound/heartbeatBounceLoop",6],"107":["Sound/heartbeatHeavyDrop",6],"108":["Sound/list_item_click",6],"109":["Sound/menu_icon_press",6],"110":["Sound/multiFly",6],"111":["Sound/multiIncreaseCenter",6],"112":["Sound/multiIncreaseCenterClose",6],"113":["Sound/multiIncreaseLeft",6],"114":["Sound/multiIncreaseRight",6],"115":["Sound/multiLightning",6],"116":["Sound/prizeInfobarCountingEnd",6],"117":["Sound/prizeInfobarCountingMain",6],"118":["Sound/prizeInfobarMultiwin",6],"119":["Sound/prizeInfobarSmallwin",6],"120":["Sound/prizeInfobarTotalwinNormal",6],"121":["Sound/reelstopNormal",6],"122":["Sound/reelstopQuick",6],"123":["Sound/slider_effect",6],"124":["Sound/spinActived",6],"125":["Sound/spinBtn",6],"126":["Sound/symCollapsed",6],"127":["Sound/symScatter",6],"128":["Sound/symWild",6],"129":["Sound/uiBtn",6],"130":["Sound/uiPaytableClick",6],"131":["Sound/wallet_counting_above",6],"132":["Spine/h_globe_atlas_symbols",7],"133":["Spine/h_moon_atlas_symbols",7],"134":["Spine/h_sextant_atlas_symbols",7],"135":["Spine/h_sun_atlas_symbols",7],"136":["Spine/h_sundial_atlas_symbols",7],"137":["Spine/h_telescope_atlas_symbols",7],"138":["Spine/l_a_atlas_symbols",7],"139":["Spine/l_j_atlas_symbols",7],"140":["Spine/l_k_atlas_symbols",7],"141":["Spine/l_q_atlas_symbols",7],"142":["Spine/s_scatter_atlas_specials",7],"143":["Spine/s_wild_atlas_specials",7],"144":["Spine/specials",2],"145":["Spine/symbols",2],"146":["Img/Rule/03",2],"147":["Img/Rule/01",2],"149":["Animation/Alats16-ib_sw_vfx_a_add",0],"150":["Animation/Alats30-fs_vfx_g_add",0],"151":["Animation/Alats48-mf_vfx_j_moon_add",0],"152":["Animation/BigWin/Effect_BigWin",0],"153":["Animation/BigWin/Effect_BigWinLoop",0],"154":["Animation/BigWin/Effect_MegaWin",0],"155":["Animation/BigWin/Effect_MegaWinLoop",0],"156":["Animation/BigWin/Effect_SuperWin",0],"157":["Animation/BigWin/Effect_SuperWinLoop",0],"158":["Animation/bl_vfx_a_screen",0],"159":["Animation/ButtonSpin/btnSpin_Click",0],"160":["Animation/ButtonSpin/btnSpin",0],"161":["Animation/bw_vfx_b_add",0],"162":["Animation/bw_vfx_c_add",0],"163":["Animation/Effect_moon_add",0],"164":["Animation/Effect_Sun_add",0],"165":["Animation/fs_vfx_b_add",0],"166":["Animation/fsw_vfx_c_add",0],"167":["Animation/fsw_vfx_d_add",0],"168":["Animation/GetFreeSpin/bl_pattern_a_screen",0],"169":["Animation/GetFreeSpin/bl_pattern_b_screen",0],"170":["Animation/GetFreeSpin/bl_vfx_b_add",0],"171":["Animation/GetFreeSpin/Effect_Get_FreeInFree",0],"172":["Animation/GetFreeSpin/Effect_Get_FreeSpin",0],"173":["Animation/ib_mw_vfx_a_add",0],"174":["Animation/ib_mw_vfx_b_add",0],"175":["Animation/ib_mw_vfx_e_add",0],"176":["Animation/ib_mw_vfx_f_add",0],"177":["Animation/ib_sw_vfx_a_add",0],"178":["Animation/ib_sw_vfx_b_add",0],"179":["Animation/ib_sw_vfx_d_add",0],"180":["Animation/InfoBar/Effect_normal_add",0],"181":["Animation/InfoBar/Effect_Oms",0],"182":["Animation/InfoBar/Effect_Small_add_loop",0],"183":["Animation/InfoBar/Effect_Small_add",0],"184":["Animation/InfoBar/Effect_Super_add",0],"185":["Animation/mf_elec_moon_a_add",0],"186":["Animation/mf_elec_moon_b_add",0],"187":["Animation/mf_elec_sun_a_add",0],"188":["Animation/mf_elec_sun_b_add",0],"189":["Animation/mf_podium_close",0],"190":["Animation/mf_podium_open",0],"191":["Animation/mf_vfx_a_moon_screen",0],"192":["Animation/mf_vfx_a_sun_screen",0],"193":["Animation/mf_vfx_d_screen",0],"194":["Animation/mf_vfx_f_moon_screen",0],"195":["Animation/mf_vfx_f_sun_screen",0],"196":["Animation/mf_vfx_i_sun_add",0],"197":["Animation/MoonAdd/LabelMoonAdd",0],"198":["Animation/MoonAdd/LabelMoonReset",0],"199":["Animation/NearFreeSpin",0],"200":["Animation/oms_vfx_b_add",0],"201":["Animation/ps_aura_a_screen",0],"202":["Animation/ps_aura_b_screen",0],"203":["Animation/ps_aura_c_screen",0],"204":["Animation/ps_bg_a_normal",0],"205":["Animation/ps_bg_b_normal",0],"206":["Animation/ps_bg_c_normal",0],"207":["Animation/ps_break_screen",0],"208":["Animation/ps_particle_a_add",0],"209":["Animation/ps_particle_b_add",0],"210":["Animation/ps_particle_c_add",0],"211":["Animation/sb_vfx_d_add",0],"212":["Animation/sd_vfx_b_add",0],"213":["Animation/SunAdd/LabelSunAdd",0],"214":["Animation/SunAdd/LabelSunReset",0],"215":["Animation/TakeItem/TakeItem1",0],"216":["Animation/TakeItem/TakeItem1End",0],"217":["Animation/TotalWin/bl_vfx_a_screen",0],"218":["Animation/TotalWin/Effect_Total_Win_End",0],"219":["Animation/TotalWin/Effect_Total_Win_Loop",0],"220":["Animation/TotalWin/Effect_Total_Win",0],"221":["Animation/tw_vfx_a_add",0],"222":["Animation/tw_vfx_b_add",0],"223":["Atlas/Alats10",1],"224":["Atlas/Alats11",1],"225":["Atlas/Alats12",1],"226":["Atlas/Alats13",1],"227":["Atlas/Alats14",1],"228":["Atlas/Alats15",1],"229":["Atlas/Alats16",1],"230":["Atlas/Alats17",1],"231":["Atlas/Alats18",1],"232":["Atlas/Alats19",1],"233":["Atlas/Alats2",1],"234":["Atlas/Alats20",1],"235":["Atlas/Alats21",1],"236":["Atlas/Alats22",1],"237":["Atlas/Alats23",1],"238":["Atlas/Alats24",1],"239":["Atlas/Alats25",1],"240":["Atlas/Alats27",1],"241":["Atlas/Alats28",1],"242":["Atlas/Alats29",1],"243":["Atlas/Alats3",1],"244":["Atlas/Alats30",1],"245":["Atlas/Alats31",1],"246":["Atlas/Alats32",1],"247":["Atlas/Alats33",1],"248":["Atlas/Alats34",1],"249":["Atlas/Alats35",1],"250":["Atlas/Alats36",1],"251":["Atlas/Alats37",1],"252":["Atlas/Alats38",1],"253":["Atlas/Alats39",1],"254":["Atlas/Alats4",1],"255":["Atlas/Alats40",1],"256":["Atlas/Alats41",1],"257":["Atlas/Alats42",1],"258":["Atlas/Alats43",1],"259":["Atlas/Alats44",1],"260":["Atlas/Alats45",1],"261":["Atlas/Alats46",1],"262":["Atlas/Alats47",1],"263":["Atlas/Alats48",1],"264":["Atlas/Alats49",1],"265":["Atlas/Alats5",1],"266":["Atlas/Alats50",1],"267":["Atlas/Alats51",1],"268":["Atlas/Alats52",1],"269":["Atlas/Alats53",1],"270":["Atlas/Alats54",1],"271":["Atlas/Alats55",1],"272":["Atlas/Alats56",1],"273":["Atlas/Alats57",1],"274":["Atlas/Alats58",1],"275":["Atlas/Alats59",1],"276":["Atlas/Alats6",1],"277":["Atlas/Alats60",1],"278":["Atlas/Alats61",1],"279":["Atlas/Alats62",1],"280":["Atlas/Alats63",1],"281":["Atlas/Alats64",1],"282":["Atlas/Alats65",1],"283":["Atlas/Alats66",1],"284":["Atlas/Alats67",1],"285":["Atlas/Alats68",1],"286":["Atlas/Alats69",1],"287":["Atlas/Alats7",1],"288":["Atlas/Alats70",1],"289":["Atlas/Alats71",1],"290":["Atlas/Alats72",1],"291":["Atlas/Alats73",1],"292":["Atlas/Alats74",1],"293":["Atlas/Alats75",1],"294":["Atlas/Alats76",1],"295":["Atlas/Alats77",1],"296":["Atlas/Alats78",1],"297":["Atlas/Alats8",1],"298":["Atlas/Alats9",1],"299":["Font/fontSo",3],"300":["Font/fontSo",4,1],"301":["Font/fontSo2",3],"302":["Font/fontSo2",4,1],"303":["Img/059b0e54-0d22-4aa6-9cd3-35fd18483ee1",4,1],"304":["Img/1748972b-db72-41f2-8632-2fa4c92455a2",4,1],"305":["Img/2f7b2539-998f-471a-b9d5-a123220c68f2",4,1],"306":["Img/4075c139-9a2b-4962-be08-c1e0fe5cc4de",4,1],"307":["Img/5e25864e-0a86-4438-846e-f041e642d264",4,1],"308":["Img/6d6de5a9-8be9-41c8-98af-c7c3af1f0a59",4,1],"309":["Img/71561142-4c83-4933-afca-cb7a17f67053",4,1],"310":["Img/7510f836-342d-4719-9b0f-da041bbcccf6",4,1],"311":["Img/9012586b-2eb4-4391-9570-622247d66917",4,1],"312":["Img/9109744f-c7fc-4358-b065-beec01a8330e",4,1],"313":["Img/b43ff3c2-02bb-4874-81f7-f2dea6970f18",4,1],"314":["Img/bc2c66f6-749d-4f8d-935b-a7e59bcdda68",4,1],"315":["Img/e851e89b-faa2-4484-bea6-5c01dd9f06e2",4,1],"316":["Img/f017e7cc-0f27-4e3a-93ce-4e639e5bbf2f",4,1],"317":["Img/f382a748-44ec-4f98-9a9a-a34b70b613e4",4,1],"318":["Img/launch",4,1],"319":["Img/Rule/01",4,1],"320":["Img/Rule/02",4,1],"321":["Img/Rule/03",4,1],"322":["Img/Rule/04",4,1],"323":["Img/Rule/05",4,1],"324":["Img/Rule/06",4,1],"325":["Img/Rule/RuleMatTroi",1],"326":["Img/splash",4,1],"327":["Prefabs/CachChoi",5],"328":["Prefabs/EndFreeSpin",5],"329":["Prefabs/LichSu",5],"330":["Prefabs/ShowFreeSpin",5],"331":["Spine/h_globe_atlas_symbols",8],"332":["Spine/h_moon_atlas_symbols",8],"333":["Spine/h_sextant_atlas_symbols",8],"334":["Spine/h_sun_atlas_symbols",8],"335":["Spine/h_sundial_atlas_symbols",8],"336":["Spine/h_telescope_atlas_symbols",8],"337":["Spine/l_a_atlas_symbols",8],"338":["Spine/l_j_atlas_symbols",8],"339":["Spine/l_k_atlas_symbols",8],"340":["Spine/l_q_atlas_symbols",8],"341":["Spine/s_scatter_atlas_specials",8],"342":["Spine/s_wild_atlas_specials",8],"343":["Spine/specials",4,1],"344":["Spine/symbols",4,1]},"types":["cc.AnimationClip","cc.SpriteAtlas","cc.Texture2D","cc.BitmapFont","cc.SpriteFrame","cc.Prefab","cc.AudioClip","cc.Asset","sp.SkeletonData"],"uuids":["debViEMKBPELDkIuthL4nJ","91Mh4YHJ9K/a6QEEi2+yod","b1tIgCFwpNrZvVPVqJTiDa","68+hmm5MZIBJOafYF4S9RT","4c5TzKQ4JLWJxzgIxtyIDf","66dNLSmnxLpZUDA2stafq2","ddTn0VvsNAapSmbdqJKHs/","9bQbsRtsJLropKT+UWuy5x","62JzzWXzBMxpvSdvVthG6u","aaCh6bSBFHrrK/UM4blpO3","0bBZdTItpBw4thCD0XCJUA","deBkG2gShK0bp333XRCPp6","afqH2clXRMJ7e1/1Bows+8","52UN/Te5pNfJ92KwlvIEmj","c4Ple9OE1Db4RccnQuATSj","6dL4OJK0RAUZak9d/MHp55","b50LHxLu5DfrpoFkMyCw5P","97lOdGuHFFqpbMONtX1ikt","18dzoCZuBHSKHyMaOH5CHc","14gT+MW/hMWrH7OBdWSd6/","0a0nWEaCpH1IfHCsAJsKAY","47dVpUtiJNMJJxmSObwMb3","415GK8fGtIc7QQIKmfb1FA","afmemLM2hGoL8ADT+ihekR","25kYEqMJJHBK6ZDgB0LNuN","4eObYDeTFJB5rRSuzl78S5","7e6h/e1m9Gr6hqnCbYxvbc","33S2IxWitBBpNsBlxoehve","04YHTWmfZIJ59wl15sOdnY","50n3j/dJRMzYyIyVGnydzH","42qqbbBx5GTZ/mk6sDLiXG","b34Kb+ls1Dmp7bFbOvOBtU","d4JyXAVaBMhrk6/Esl11eE","4fovThUz5KgJTRvdG3uVo6","2a2h9+27VIEqJOtSoroKWg","86wPy62RhH5Ja4BcF7ZnFX","42cGjCVNhHdbIrtcOP6wev","0dyYqiOLNO4JFnrcKwlHMM","23OgYPuD9O/LiuQ9TmoBIL","f2RG+6bAxG3oCx7kMF4Fo4","0ezle8Tw1Js528nZ/PEURE","10z55UeqpImrvwW57q38NQ","4bX51/uvZIabB4zoVc9k+C","525Tkl1o1FA5HeFevVjrw8","e9YwNEPKxMaZuh5MgFhxYP","fcQ5surwdLpJoJyX+n1o6/","a65W+4ns5Ha71KC4y5s98k","bd7nzmW5hJuYzmUXQq0/Vm","d993M8R9VJSYuRZqBnLhXA","59P+hFnqZBXrQyA1J6XQtw","7aLplMxf5Hyrv2zuDKvPPM","30S56bSNFNY52ExM2l9AT2","3bSek4ePdFS6cX70pVRRaI","0f2rV7EuVCVJzUtQ7TCpiN","00x21jEQRC6oDTHFJdvvYX","20qApTGmlHM4hApzbd3EI/","51AeXr8cNChJj3ELBZ2NIB","030gLVik1I2r40CpLGEf6u","b4yHXqc7BF8I2G36ikH32t","cdiJ11kr9DiLebuQwy0eTr","5681ARr+dFiKaU2iR5wIz1","e2Fz+D6iBPioqD19znIDKy","0dA028gOtA3ppRTvOGD/cf","a2zr1TTadFUK5XaUPfNJuG","72G5bJPqlKVbQsEAyzGOfB","b8JvusgexFqYlUtMId0oIc","49IED8rSJNLZoJkvY3qjUK","aezzRGpwpGQpy23w4XDTHP","55YLH8hXZF/aiVMUrMXWCW","62Z9SGR41CwraAW3d7IkH/","aewsUa3p5DGbCla7mIaHx/","d7fpSmxUdEjoz7E1Z6JzvN","6dI5sMxypGd4tyaswCqZJ8","e2cLA7rnRFXpCD2TudtnLO","f26GVVGRlHL5ZfyUzYwAfn","c4phXIVq5DaJL5/nmaRMRx","55xGbBymFAjq8C1yl3Fs1U","f3my7EaZ5CEIn9O0h6C2Es","f0xmbHtpFLXJWz+da0WC7W","c82tHu2lJPhIGr/ulxqsQn","b6nwKIevBIRKGMTLQEehP1","918i3Ut5NMt5q9JiQrKb9d","2436uOVKlKQK6J5Zs/brxy","fcKs44rWJNO4DWiCcbHKtC","e1vAnt2s1OGp00UNuXBfgA","70OJLxCOtHtZr7I0zJe7uP","a95ATJhWFMUotbYe/rNFrH","39yOqfdzZFa6UrJlaD8oWT","73sF422UJCQKIW64M5DhUp","4cwalAWcZE3KSwDTLjZjGf","b2wlB2Mk1NqYvsRV+osbsU","95MF+IvtFCDZ9SObW+F17P","baF9KSQTtG/pulnOzl6++8","aayRbPQvxH64vTXSMkwXl/","04lJkFb5RPppUzpcqoFZZ7","16z70x67FHR530pVG7sV3O","fdnIr3O3JN4788fn6fVznx","46nzeQX+1EQLAvwrjlUMqe","45NrtLs+1I6qx2mw+bNT1h","8fb8cjb59HbaEteY2oIz78","6dVjsd52NO+5VakzGo5ELH","50Dtqb+BFHA5c5zOkq4RFl","ce6oqApodDOoSkZ90LG4yf","18/hgqqiZH97mPyz6d9FQw","13msKhHNZIG5bFd0qx/KTf","bdwaHpT+pGhqaL2tK8Jhzt","16LzCeQ8ZDxqG4xvc5WOtd","a8xlOJT3lEM41kLRtul9aZ","63nU7mO/NEs61qQxKEelKo","baRGAu1klKOIoaT8H0nqOo","2aS8b9outN9KBriDp/MkOY","ccyWhnnXBFPprbjDvkLzb1","07PkaBnPBKgKyhi6e0/TvL","edccfzmO9N1pGppdBK8cSU","b9PgS06sZLMqdcB/sN+gwz","0cEQVtlSpM2rVuKjaEFUas","e3/qcqrttI8bMQvFVc1hGG","74xQm5crRJfpHQxUiLHzVy","dd41RULyNCtZxmEMHPjZTQ","f5/7jh1SlJNZEGqZTY007d","871XDJZE9AqI8q+7DNV2bS","65q2c+6ApEiLBF4VDvD1aR","47MRu9aZxKwr2vayhuxDG0","692glOM6lJ4rrcgImUM4EE","f3E1ecnJZKXKQ30OneN3AG","1dGwLFTJJM9pYuqi1p9Z9Q","b8WL3yFU5OvYBWUmu+QeC7","2azSdK0cVMIridBOxXEzEz","9fKtIci29F+bfmdFGcfWeO","a5rUASj5VME51HS5MiSwy0","beSEek57BPzKIVTsZ5eEhY","9b0TXiT7hMFZaZoA4GJeKS","28Df7pMthMQ7JwwLCNnCY2","eccPCuA2lFIqkOwe8bnnsJ","2aJCUGBtVCLb09rxErmLqU","3976kLVnNE9KiF7tqbLAvy","f1BeCKJ9xJBr3h43vwhP8f","408cUSS71DeY/WXv2dznE2","01xDfiZodKdK6fcD6em+ne","49tN5VSLBPZ60EN3rezkH4","bd0Eesp/9NkK55AhIMBCFN","bajqae+NdPRq0dcPineHFf","68WsO2f69DlILKlAsW3g4N","92yvS0G1BL1ZCMFm0D5cJa","5dbZUhCfFIJbQLuwPMp2Yq","8eOmlgK/RLXJo/e7reu6JV","01U+GGbQ1MuqVegl5R7Uts","1f+9TmIclAgqhc5xr88gH5","02iqGtrHxC+bvOrZtVNK9e","cbFxG7v/ZGhJ60bZz3uGSQ","51RdYZeF9P2rQFwC0yvMPi","bf6Z0PqStAQIIGeiK2Rwpf","f6gzjGmA9BlLg2ozr7S0vt","b7+VXXPRhOf5DQsAzyoFSU","c2AorbDm9HqZ/X1QSBVklH","05/9Qey7hKbqNn0fNHeJ46","8b/ogj3cpNRJX6g4xhKLQ3","77mTJsSA5JR4xYtb0KK3mM","61OGibVIpNfbCeOGZulzD6","dcnmMAWP1Jhq0UQgGRiA7d","10NLgR+AxMDa/qbuEJl5GJ","14N3fxO9JOEZ/tefb1P2yM","b4MV74ZnJL7KVV5dcsfrzZ","38qIF86TtNIZsyOQrOv4N/","1f/Gl2jaFJuYyT0DNFHffv","5bQ/akdshG2anA0FStQoIq","356T8oAQdJJr51H/M6Mpqk","cePIAACsZG0K6y99YV0XH5","d1CyYMlqJE7YQ3YNetVX0T","17OLAHEvpBUZSCyNHrGvWB","5eXKdcoQRM35h/mBe09nRJ","63wQE1FaJCCqoestDwWD/H","4cof9MNhNIZYNRUvuQsxiQ","10E98EiF9LzYtqSPUmKEbW","3fPW3EnfVNnrvapIDr8feS","86i/dAZNdLYad3jf0TGaBr","ceDFGuMmdLwJkLEMK9sNJj","38fF8zE8tM4ZdbA6JC04J/","d6ygKkQiJI5KXM+lbg0wsM","2aDVRXPb5LmqJTJJCB6ZbW","874Vrb9rxNi4D84Whm2ci2","dcrnZtYs5O1ru6XJCer49V","dfmH7nRgJJybsji3XFUbV/","a3HQOnieZJuZHcfP60o7GS","2btvCgp5FMFrKeNEU1y47e","267DmBZpRDqo2b0nUVUaas","7a2KWflNxIhoBmHs9dVjnZ","5dq9qFuPFC+qZRmOAhbkP0","a98z5ZMcBCvZZf/+M7c495","cf6OkMwKJDxYgFVfDTBoQh","b9DCKToA5Bn5T64WL1d0zX","e5OUALYKFOHZJOxqaLdLNE","46S5NZGThBqKiJXAPCZn9G","eazPnXAe1MXKdxlKGhiCSG","8ffdH2fz5Pg7YQzMw4OMHe","fcRCg8xyZFhp5ZA9Xvq7C9","63R0Jd2sJNGLY0oE006wwg","1fi//CakZEpZMe+rxAGzaV","adpOPTy7NEyq9xIaC1s7oz","d6Oh+y/RJNJ6vCPmm4llAG","61j12rAENJk6iZGXmpT6VI","80WmprUMBJhJJpWKSPkljF","b8Qu1JJqJISrOa+lkub+7+","8apl1dnlxJaYKSGLg59ThZ","9aEew/r6BJL6eN6Q9yUkwL","25L+NMNZ9FJaqSF0UJS8DR","e4B4+H4+NH+os7eWO+0kRz","03Tg4vzvNLMpFxwOlnFSIr","a3ScWHputEsJg8Xb03k9QD","94zpnT8d1FSp9idYyZ7O5G","3bTHzNVoJJQJnxP19CqOUk","4fEokFYo9EBLu2Gg7jPdqo","61/3+yX2RGwLfWYaN1aCAv","3cqzJ3+zRFEanpPVYmFw51","abgQqbeMFAM5ddhYr0AeGU","a7FGsYpNlKhoQ7xfYGxX/1","cbfLSjugRMLaHNYdFhM3Kn","9fINa0GJxI4KVYgj1+a85f","0bUnD/L8xGTImzm6mPzWH4","d56QcnjshOE7+DAACRpF/b","28UOjbmXdJwK/Tjq9jtBNK","36ULBLFFBMn4H4RPtcLVyD","41bVr2HzBIe7Ob1Krz3Ns4","efPgYyKMtEY7a7dck/DxFs","6aWoea7dhLXrquRzhHjUXQ","a9/eUQ8nNLqpQhAGiPucOP","1bQHnPXkdPtrryQKFoNcF9","faw9BlCldNraLdg2VYW1H0","82LFaWWsBFUK2qUrFYNy8V","d0Bq0y6QNFip88/agUDgk1","6f6QmRKf5MKZsEBQ8TgRe0","a9WDIX9kdLrLKP6/Af0CB1","568qWFdDxCq55EFgHQvdwy","46gODQAINM76gY86CpncGH","81dMq7Jd9CLbkJvdZQDHEV","eaGiYS4GdED5Xrgarf71ti","36BGdjLSRM+rRgG2IMBQ2l","f9Qq20lLFFDIrCTwLdg0XA","dfrVMp/VtHZI5+lqy2v/Ju","14hdBHKvxDyp/wMoB3X75g","cbqWEb1C9JI7ZaVLCscP9n","53fGmz4mpLNaI4wc0YuP85","9922A1bvdDFrAPlVDy+kDy","44S31qj9ZDcqgLqbKNzZze","6eIpnCEUdHDYmIvdVQI+6X","5fR/KRM+VB87+mEoG/PBg2","2ckSefQHpPnLQFj38EOt+O","fcLLYqHh1CwpRPEq8QyUY4","e2FP42TqBLyYnRheYbyrgI","7fNY8J7YVJlL260NO7nQY7","c32rHYgVlK5pAQpBVF/jAl","39YW38L6tB0K/jw5zmYjL0","52wa7kLGdFyqfTAVJt5UCE","55uGrv8EBEn7FV+84RC6pl","65zdgN8bFLGL6xTrcuj/f2","c5tD/24pZBO79qc6gIuqx5","e99OLxAZpCkbxyf5JMBIJ7","2d7AMnLtFNILesKxv7fzUd","ff/orf4odK8LiArNCF3TPp","17U8vg+PNDCYUC+sy+J7nZ","d99OrZl3ROUavdv0QOpEZ6","9dciWimFJNJaWxfTJpE5mk","04qNbiblBJGLaPdXrNzw50","b8ZGP3Mm1Ak7kPPeEbP9gq","3b4lHM8w1EE6+2oN3nTLno","52y2BUZMpMZriYgaPJ56c7","51Sj9XTuJFVqU1iYM7Kdqi","fdrkvyg+FPIrlB42Coq32R","376JXLszRE0r07stHblx99","15XYA+PGVItJ13FZB5HOV7","84ONyymgxLBowD4QrEtqcx","d1pbeTkqtLbI3dY00sC6ML","867IUUSoRDOaXU9l1s2bHc","93jrIUPehHAbBQbUJrEfiS","8fbrRSIxRFM6izSYAg48TJ","70/JgIjuJKkKeTUecJKdAm","09GN8IE7ZCWo0IaZFAMLkF","69Zd5JyFFPxLjis+3JCFpo","bcto0guZRJjbMgMzJk03Bs","94TOwDs+JCLbmogXaDVvh7","8aVUlotalOwIZdGtWFAPPV","8dSfLvrFlERqmGux1kd7Hy","50rs15XeNBQqgch2Kj9Z6r","e1PXtihJFN94p5sMIGyPYw","c2wmHAG0tLlaI2KrKpZuZg","63KdeHPIxFmo2IUXSEK/Z2","f0fIAns0lMmZC0v5SeGcpb","4cI/9ALBhFMK1kchueCpvS","5aVbFU6WJIjZWHPxMqBFoR","d2XhsClG9Hg43Kfbysccyj","49NrgV9bZIxo9qCrddGlK8","8f9UuA/CtMKoTuYTES7k6j","96EhbweQZDkJ6TrXT+hFC5","80O8TmalpBqaQCxWMkivaI","39VY9jhjBDzYW02MAjEEbB","56hnlJvyhKm5LZthlB3q8x","11IeeENm1KNYhrF/j7y2Uh","6bG4vdpH1FUJG6I3jDbeeW","1dm/+WILFAgqo7nzNKmiIP","3bg2fsaDpJKqg5/y9kXMo3","9dhRl6cIJItYl1sPqqWxNP","ffVEGJyhJJ6onHTGOatdYs","8fWzKT53FLt5CgWeQDCKWq","24d8B+TVxOMqrNsxGkDe0H","a7rRYM4QlHlZJlcGqvrJ7J","c66HxPO4pAXZFN+NjgsrL4","a2ac9OnD1JTpnm/umlVfNo","34uBtuTRVCVZS5YJD+1SXn","6cLqIbcCBCo4XU9UmIcVMV","72YPfyoK9HkpK/If/+aVND","eajQBwhHlIQLhk8AqGi/rq","f1gd09vKZKmK2b3Py7nKti","acphuF2UdNY5LgLuGAtXgE","6fskwvCXVDRovKXFnn5lYy","906d1/htZOdI0nyDfNKQmP","f2MbRR1M1EL6/uAkESCxMs","919EigqihPeJRfwi2UGjEu","4furIJmitOiZMDvUKd18yu","1d7mB/Pg9PdoOahcUrTHtK","4azOYgJjpOUoseZqKe7kEA","32n7pg1rBJvLaA9zwUdi7p","9aRMGu2HFFkZ06xnQ56hwm","cc2pp+1p5FIbVFfvRrE6vX","8eJZnJtKNGmZYqPCJc7R2E","88VX7TI05NvpTMH4EKsP75","d5Uh/TbnZG9r4z65ouc3EG","7cWOGniR5C1alaILAt2m5I","baRnArUH5J55jE8vRmyW/Q","c3+zJr8Y1A4q9mtcCkBXig","4fwOX20CBPi6MwMYQUZ3si","e9uaGpOptFdpckCU/Nyuhp","b0MFL9ltdGc5mXJiei7O2C","940TTmhLRJtI8kSeYK+paN","4c2p8Kq65ECIQBJEf4aTtV","7euHT+hLdBhrghTgNK3t9B","87l2I0t3tJ5IiKymODN108","b5QK9Fz+lNUbwQuE9XK7a3","7en2HAyHxDprHS4Eob3GIw","6e2GutQk1HJJbEfBZXAZPE","23iLAUc1FK4LluMKEYXvLH","5ezczg2qNJepfPgGlX+8AJ","82fQODolFCYZISDYktn92R","97lYCudflJ271UowdescF4","f2vBNvGaVHLYI+IBG6aTkO","e5lM1ktQxBbIv0TRHJvKFU","f2+6cAyDFJsbT3BwIjNOWK","d608qFRoFHwbXd0Dap056i","d8HsitJHxOYqo801xBk8ev","61cyPdEfRN047sDK9rO0W5","4bq2fLGOZAmbhANV8Ec/iQ","a43APIVFdKYJvNMjh2DEy+","1f68e7b47","192fce39f","176a9b5a0","1782bf0fe","c5naOxh95FH54fT/82iL08","2d4B8LlMFKZaWbhGrQAPyl","1dT1ezA8tBBYLpguGw5SRM","c29m94SulPCr0jhYyxqAgp","aegMSLIy9IMqMSGPJR5kh2","9fMgUOrYJF0a9QMpzBdTaG","b3PCSl8WtIz641J4gfCOEA","0fm2pdaxVAFL5uW7jjIXJ4","66BhIB1GdF5KV/3Q5mukG8","72/GVaCEVNuK8fEFM3EfBD","dfmTjnK79BA75gFsvigoeN","a742kHhllMK4SSLSx5SjW/","50pK1krylJwpFrdgJWFVZ8","6d1uj6rjxMQ63fW7SBwHYn","43wKVcQAZBTKik1yvniq7w","152G+TEC9Eea9OQyUvXswh","9fJNbu0SFBQ7vVBGukHrK9","b6DxTQotJAYIdJq36cv1LX","32PhU0o6NKSaWNJSfP30Ku","famt9JyypMK5uB2rG7Lczv","c75QivMydBcaFNdIPn1B0a","afLqmA5dRLgpbbgmagQAp4","70hyKASqxI6qJ4F51CgyJX","64Kc/ChytJFZ5Izk5wRXXm","2alX6aeBVNr5buxDyWyTPW","6dSlIXU/pN6Y9e3DMp9tAf","fdC0cGwwxMnYyn56OSJQhV","6cB+I0UcpALJjqKlDxyQbb","90pTgT5j5L56VdgLnap95l","3dCNkjvX9C5aPmdy/WL0j6","86NNWE4hZJBYtM6njmscA9","a2DpKMd65Hv6pPJtt4z2As","570lZsGdJPu6txY/RNdcX2","28EgfhJPRByYxMHTMKdYTZ","b2ZQ3a4ZhD7oTAxDtsnmVu","d7iko/b1lAt4rAjXe/u6Vr","39OO1MLFtMZ4ypCWtwmKaI","caby+vrttIa6zvcSS3IGIq","bbfev3XmtMEpN4fvciVWfk","08m2/jtcZGc5A6J/3Mr0Q/","07QCiyAJ5GfJm/q1dtajeG","acvZQ9ZEtPr4EHLfmTaf5X","4ciFVCVaxI77Xo1RILgq91","56rcHS/ZpG9KC9H1Yxdo2P","f1vh0Jo+FELo4RE/iZadYe","beV2HTKqxJGrDnzcaUylCY","0epNk7autJlLriRVwRBDXM","a4S5Ce7+xABYKmPOwaHuec","47luzvNzRJmbeOxLXTG944","93j/qY9YlBIJ4oEklTzoL1","8aZAxl3YpNarqo4xXu6aKM","432xeqhJpFI503m3JzIV0v","bcJ0piNzlMfoFw9OW7ZEUr","fcz9N3pENAEoP4a8LUOgPO","86hJMmhJpPSZn1htfqKOno","e2oP7zGmdNH5AYD9GGASNo","dbywMHMHJAErYsrNebtdZx","56goBF++FCuI/omJV79r3L","10kU76vPhO0Lgbs6VNoWjI","59h6rPZKFLC6coCEOsMcbC","5c0B8T4RVKNYl+zVhNwrb3","54yZV5OMlKE5KtFokFm7cP","8aYtvz5h1Nxq+s1fhvxPDb","72XXH1rEFBYYu0T4ivJ8on","3dpGn87nZK3KxBOng+Q6Ao","299T6X2c5PEan167mQ5KY9","d9gfoELYdBNaAOPYDJ5dJU","c33PmxbNFHKLE7I1zwrVfJ","40x2Uqqo9FPa8tXaKaj+Bh","20v3h3ihJLWL2LYu3XLIO3","a5BxSKlE1NgJqmomD1K0OG","51hyQWkcNDA5Rr0QkRp+X/","51plDx9NxIp52fwW0VCXQY","f8FgIDva9GtKJCp6StUytV","88rPhyeMxNVpIReMsHiYNk","20L0RNMVtBZLGniIaO1t4x","93cfzesvRNVrDVS90bnBri","efxOYn7pBOuJqqjkOsRkYA","fe9SjqYjZEKa7oZmsKjXIq","06vxLtGK1CwomCB9iE4vAa","a39SqHILtHvaCbDbWF0t8n","aaZ36A9+RGWoUKIs/ci4L4","70/KUtNeVKeLsk3Qj0+r35","dekK5xI2NF0r35z+tGoMmB","c35g6vIgBAKZCOe0jZCYHw","0bk2IuF9NEwLG9nNjZLU8K","66RgEzMJlHg7ahkYLn6D+Q","572eoh79pODpDjI5U6SFF9","b2+tUnhn9NmpRt6Eto05Rc","2cVbGz9tJIDLMId2RM+vQA","c5ms4qjZZGPZNLgDGbJxKg","b8f94D27pO4IYSzqo0YXv2","42DJX+O6JAg4MXP/aWXl2T","d1Fv8gxd5BW759MSrIEJrD","a2ycV1aMJE76SVmV62DmUO","77CbJYYLxIZLgSYrxwekGa","0bAPfxR7REBLv0RoMTdQ0B","55jia92bRGEpXjNJu92Xem","43vQ4GhAZCE7jTOe5a6t6S","51IJ9RGeRBFr5bjR2bXuj7","c2HO77Xl1IeKzmfStPKOq+","611zuN8SNJ4Zx5HEUuOp6N","0bD4c/wEZIf74hZyxnof6Z","c7XPBpeidB6YCvtmSDqWLZ","073EgVtAdI35MTXEySUnvB","bf1U4f++ZGq4gHKur/GWSH","f7Rdd5Oi9JMZBxW6vPFHKk","72my0WIHBBiad2S37a02jm","d8CFhjEHJJSJ9vhe3F34nN","e8owjwmBlN3ItH/Y0C99BO","a2c35qdv5PSKNqRXNRK0kx","8b5MO/xepC/qptZbmkCu/L","03NCFE7fJIVYB308YGlC1N","29+bROkGZEqZneZ7ZRFizx","6dmwSe6T1PF6rulRAhQmuX","c9/qXf1eBK9oZDmyIeWIZN","92E+ojsolMrIZ3iiKaNgdH","8bYawtiFdOw7iVLtFmK2Ce","c96LCYDv5DloivMmyPNDU5","caqFaIfmtIwZPU0qGIZU/V","74ksaOYvdKS54AqZxF+6+p","dalphs/uBMQ5dtufshEwFM","d7zzfG22hOGKe2kG1gNkuS","00dT2hWAtGCojMQbcPB95y","39fzUF3chP36W7lRNtFYS/","00xUKenWtJFKWfo5csoAAi","875l2b8tRN0bYzVBe+Ga3n","7ct6FZ0V9JG71KmQN1L7ix","f8JKAj2tREZYfX0O+1EBDD","bbOXNhntVMbqGaYQYxZdfg","47hFE0oQ1FaZ1oJdOubTB3","00hjxktrtAaZmM8+VJ23L/","662iFZpqNASaVDtNtC0eii","d7lq7L2W9O57jGU0SEIXjc","9b6fC7ewRNlJDO3xgJqjVk","55I5PT4V5IE5JjYotx4Xgr","aaMWFOlbhNjIHgPt0ZZGR3","53o/xKVwtMnIuUnw5fjCCK","b8zViH9khJ45qdxGPwm07m","5dIqMT60NEdYHgO2Rs/vxY","b2DBuPdGxKMpBu0jPtjVKh","79Xd68m3ZN8aC2fiTCELVF","1a2bRQw09GyLS5XBveczcQ","d0xywtsMtEaryd1EjEHFWB","586JP/kFNEDZgshRzP7ejw","92ZT23HmZKLasf7sd7z0b2","9c2+5Mu0dMvoEMxNegC33l","b5b08Yx9lIHoFeoDVRLI+w","3anIsSgGRDAZ3Hm5lPRPYv","11hJVW4u1ByI4bJdxIIsWJ","beegfRmFpDyb4gp/VvnDhp","7e2YYssotLvbQqlYBkQRHr","f8Sm0EDvlDU5D9Z7GZ7isy","4du8uftmpN9pglVHaadlWJ","dbmn5fnptCE43GZcP7RsD4","36ORm8h31CgZjs6VnwI5i4","a2gn8uAWxIMJStncvKLY5y","46vDBHYZVN9bB/VKXR1tm4","7dt4ONOqNLsJ4YgwAiGpJC","0caYt7u/VDIrRyr14jPNPl","8ewce4nK1AjIvd3IGcrWxW","beP1fBGdNGCYoIIyyMpzV6","c71jVdaW5K4rLUeAkzUMZs","95sCh0hr5GYJEFEA3H3QNb","b3YlIAtNpIhJaIEFaplh19","faZddt0LZOFLmjBpk57EdO","f2X6PZjz5IUb5UjtIbdVvH","17IfWQYrZKP6T/l4znPsJ3","a7iXPS08ZF7LpjpcFm7mOX","9cglK72oBBNLbvRXcX2QKX","bdodm/5NdLqaN6r0IsxePq","aaXazU7dZHV4AWwk73zc06","5dBBy+IKxB5ZBtxl/qBUe7","afMYAMNplF3rS5VNZ+/4Ds","e11ev1IshAwIuNgnGZYya+","b8w4iyP7FOCZrPRtJNq2M9","94E95pr19KJ7VEgIcr9jd4","45CbX9QulBFqQTxnxbejKa","cfXaySLPFBuJThGchS2aRa","b5Xkd6M1ZLsa3hWQcoRFgt","1eBsKBT0hM2pNZXn7RoGDu","02O7jQYo1E7LcXPxLW3Nk6","d3T9StITlItpsD/Qjrrcoc","09yJMMsC1N47LRjhAp4+T3","43lOVoKpxLTKmqJoyBdmtv","e9eMuu31hH2YQaNZfJhthX","03HzcmaKJNB7QyHER2J07I","ab4d4BpYFLfojjKDFAXzNF","dehYzAh6VBca5Qg++QbvEE","91Vw08KH9AQIRu8sbGndex","0blwpSHJBLZ4x9yYy+R8oN","35K/1kOypAk4pK1GM/R9nf","46oPjzaaJArbKHgxggjxqv","d0sTXYN49Ilay+smrEy/SH","edWOQ2N8dFnLYmqtAwkMUP","05y70LufBJz5hK3AaYgVpB","0cYVsKt1pBTalZ0h61o783","686oCXFetFzrKlDlmXbrcf","8eWyGl8OVIjpgkMAKZIwTM","135Z4n8zlA5qdIm+7bUxuw","b5c8jrkC1LFrYvfABDaKIT","8cMq/7DYRDz45+vX6rPOD9","4crTi8F6VFULsja39NkaQQ","d7azUPDKRDAZJR21zbQMB1","e1aonvVSZK4bU7HvqG0UM+","9cepOF2SRFNYQ/1eQk4Dyb","8bPeamSftDi4Zdg2ATEDH9","986bAKS5RONKy7jrI0AA81","e7NtoyrHlMXpmid20ApI/9","ae6uBRHKxATLU+xvJOcOi7","b3rQ9flyZDIr89tPcqwk3w","48kaT529lJwK1Vt92cDNnd","3fGg1eeHpOlrfHwRZgr3AF","bfRQWBXLtDlK8/RwXfOV1T","e5kIFi4H1Hbo5SkYg2HiWz","c5X+T7EH1H7J4D6/hLHTzF","deU5A9hVdDCY8GXRnVaXbG","71WrT1cKVJ+JKSMSKoYYJ+","285Cy+w8lPfbRootAijtNi","f35Lw4hWFG+p2OhvW8C/rK","9cRZiYkl9OB4StrXBnVPs2","72a/VEXVNOdaZXfz3p/Xi7","b2yBwNwNVPhbk+/XXbflBm","47UVNFl6ZMdb4V8l79fApC","60Huvb9V1JropQ6U13ZWTW","4bH7IMVb1L1KlOZjHye2EH","755W+AjSRLuZwn+TXnQ3Vy","5bxMdo5QdL7rV0+N7Gs9e1","979ZhFhXFFDKFMZVorUHPw","0cTG0axLVOgJvXlcKB8nsC","6cn/LubAhMmouSst9Cicya","f6uNiIvYJEKYCpu8WUe+qV","fagl3sDaZMF5aeUOZ20dua","559GaHRj1LdYZIp0i2UrNH","55fSWVsBdOH4M3B6QjkzDv","1d9uepdlNHgY0ZHaA3unWF","edxSOYcWJESIX9yM8Tl7Ok","1bEeZisXVPX4Y1bxAbkacr","91hGe4GC1IFr+rdZ76/URk","f2O8PlB+dGtKCvCQkgoGqT","daEeDhMP9BJIlLTjHsEkwZ","cfHbRv9jlPAL1dLUL/Vvop","38oYaoIYxGsZSt1hAcUzDX","62okm+ryFGlKT9p2zsLJ1x","3426DU5yBInpXjSyQKbxsE","16VeOrwsJNLZc+qX+0aavu","a0kvJUqQJGHqtXhZlX/f2r","8d95PEqjRCDpEy6rOqD0cc","48JYaH4KtHVbKVAwOkUZbh","5fExP6/7FLh6QqRcWJaAjq","e4Z84a6SNIi6993eUcylZS","b3sxy5mulOybrboBEbaykW","5cOQ1iXRFKHK9xeauFyc+y","6dx/jrRHlG/qRDxRkkOu0M","41GsxfcelPao3Y+hyzEszx","fcbkz/G69PV4aCiQsP1OWb","b3/L5+B6lPC7vrbmwy2LZY","0b0c0sYWNCYqx1tqyCQFUJ","6b2J/BiXNCgYsy+VkpWzkk","1b1/fwpIREqa9xhylDnZMe","8crILMDhtM/rgEOdxe3L4I","adAa9VANtNab0fren3JvF0","5fGERPSwBOD6/lJk9JpcTw","c3cZJ1fM5Dhrxyc935e1cf","94nbx/blVOpbA+8npNpPil","14p2Sr9stMpZGNZQH0Dd3J","26VqTGigVCuoXuor3D3rmG","b7xGAhvstInYmNdaOGpvj8","93HQjRPkxPza1pwbZENIMJ","b508noPThEbILj1TJ3NPyJ","632af5tIpPpK5Daf7x4Xg4","d6tdNZOi1AD49Fd+jzSSlS","d8E5aANd9JGrqekPsbqJ3i","7bFmmibexG7Z+lG3d9gnDz","bcm3GYCX9IAKGrFBszOYHj","55W4xChYJEDa/gFYcOLGUs","ee/3O7QWpGSa27oW0VpTvX","a0Iy9f5XtMwYVBFUNfon6t","29xu9hW1ZFm4s+1u0PS+2T","01j3poKrxA5LOCw0eqlLan","fd9h1hIe5Nu4e184FD57lk","44l1Bpw7xOQI1+Wkl+IGHI","c8SQUUn+BOn4iMqAgU/qW6","fcveAw5+9HfYWnue29pCL1","94c9tkv2pM/q7guddKmcrM","e7rxSDeTRBYb1O1kcODsVk","c1yP/epplG4Lf/KYjITJfQ","0cajHlJ/FBCaffFa9bSJTP","261bU56AJIFq7FuERPMGqe","75GO2MHOFNDpSc/LhK08li","347AVpJttPop4bKV3i2kKg","b2n5YTM0JM/4+LCZOymZJG","e8DRBBRJ1GvYmdco9uoiPn","b13E1Z4R1Nh6L4Jf/kmBqJ","82DTmEigFKJotRrWFhkINu","e8O+QHu5xKsZW2kVPhU90j","54caFv/n5MToTwGL048zNq","01UvdETVBA0ZoG6plaoEol","41ckqKu8ZEWIAB5sBUj/Hx","25rSI1kjhIYZxwukNKAHvV","6d+DxGY5xC86jKZvtGvaTh","28kqva6N9DrrSW8Mw4nxYb","afx0Yr3eFMOo3NSZej6J58","c5RroxiaND6pUpXKiWKnf6","afE41U3pFEO6X0L2Uw+hOZ","80b6CxvIVHIJ6d/SdyFFGM","11pb3vb99MmoIamz3lUIVj","8fjENt+uJE4KHqBaM4cLjV","91gNF9MJFJIY7ibxKLIQlr","56b1qMRDBGELVgsr49GbFC","ebqPpmugxGIpSUp2QnjpmX","a9W+YRYIdAS5ejiOdXTq9s","a4ZpwKa65C64AC1CuhoT8V","bcjL9nhltPOLyYVuvQh6n1","88SbPPlfFCioQjpOilQfsE","f9VgW3IhtDx5RZNPvKFbLR","afLPAr6o9PGoQehEso8Kkr","1aR4lgnhZNw4dFTc3Kp10H","b7F7O2AndEwprdQdH9UiLh","f3n6cMkzpDQqKipVyHjA7k","a3t9lWDfhB9YaCNvgo7B8v","5bnWYJm9RCxLJPXBwqMN68","10qQT+4NlHLrv6aPSA1pcc","cfYIJMeBtOEabaSaQc9agp","893e34AWdDj57JQaqA5WKU","29pNhyvq1Gs4IRDh4Xgcxt","20aS5J6exNebBbR6imbPu8","96AVVrjm1CTL2Mwmfa2Szv","55tf8oiVVIgadZ8WM5PzGW","d7+1fpgUNNnKIornijwRxn","cdCwERbvVJNZZ8ncX6rMJ8","e2x1ugfj9EFZDR42sa7Djb","19/FYdm8FNobQzgZve0abu","8c77tKYiNIq7iZmeBORttG","f9nXSReU9DTbBC5mtgLthc","b5c5MtqMZDbbTkCr3ibxE6","f7treJVhxNZapYb7IDAa4P","22qi4OfJtHu4fYGbEGO5RI","95Qzn6q8NAhr1EKNEp1Qmb","18k2qnTXtHaoVO2kUAMHzm","1c++RVx85GKY6TQKQsrHaj","54oc8mHJdKk7MzJS09hS/O","d9C+WvhatCo6h1OJyA1udo","46W7PgQ6lPu7CZmcX90i1s","fdQH03enBBt5KCn77Al8AW","4esrGAE/hHLY2ZHpkgsJoS","1cy03NV5VObLK5lO4zZPeE","925GGWqJtCxqaa+GBut9n4","bcdLIbWHRPyJ4EBj8eCRdI","83n39ORbdJNpoQiwOqqaJA","e742Hp5M1GdbVzWmiKgFnd","e9nEhs8B9Mqrq3jRvU27UE","c7BOXiwvxIwqRyAUHQS6de","eePJ1xbRNFf6ZTUE8RVEsd","ffgOcrbxtPl4GkWNoP32fj","b1W+ILkhBMaJV9sjNVW9ug","6e3XOznulPVYHOJtD6R83R","8apjOajP1Geakc7kWF1Myh","27biaFH+NGOZV66nDp0TZp","f1SbkOifRF4J4R8iYFW7ns","d15/+ByutGvZynMiiBgXkb","c24N+FyuZIrqARVgyC6lkz","82uBZouPdGKr64SWKzS9yV","bcLNhzIKlAl7CLAFl4YRI1","1cLFHS9vxAxIlVLGeDBX8R","8ezmmT92RBzKwu8tFF/djK","f9XOqvxu9KpqEo0DwGOq/c","99by6ufMJEZ46Zqg1wQe2z","15GsO2bMlBgZQAZ/IVZn9B","90Srd44fRK0Zy8awzar8FH","77m8Z8IEdOYomB90rGTeXy","858oE78NhCfqqdg6iRTpmq","1c4E4Y6EZKv5nqrNHTc4tg","88aESKKStPIYu2pRv9gE94","1c+YvrA6lFeIUnikUKMkWq","d7rWa9H0NJQ5F02vFEk5tq","bcWHDlYEVBWI5tYGpbnA2r","813ouH7YFGOaOO4TWMxLWq","9diY89bgFHdZBAuKpSbN5J","faLmLu8XRP2rb9ueIXUpjz","c0hFLQvNVN4K0sFz+JbKzw","caISV0Q2pHgpCtPVYSZ+uN","49nlhC5JxDZbm+r5Pj6OIj","528RQ6+c9MVonKQ7g6XtkM","d7UPTo5xZK07kqr2Ed8v1s","288yyQii5CjYJWgS8a8Lsx","b7Qs15TA1Lkqz8fMb1161f","8cTmFKfjNJko3robJ1aPWX","25lXFz3VRMibszsQHahpeT","d6Qe2TsNJHYo5V2Vx3BPs/","02iIYl5QJFqI4slQbBI/JG","6808n38bxKSpzC1gSNnWnB","c2PSVNYdpDx4GIXjo2bub1","6aNziraMBH4adD262TN6fb","03mACBKVRFt60VcmLKjOJL","78FobzjOhEUKrYAx18wwBy","08vF62xrtGRJscDRTN3A45","dbDbTY0MtPyafEbyWE0qAQ","80TBOP8lFOD6A+Ahbs4IeR","96U/Py1Y5Hgrdr2a7UZe33","fed25825VKI7lqWTreaFeo","42d3wvbitPYJpL2O9jUQDP","42bxG6Z2BPtoAvKo5qxhZw","60v+jMznNNbYP0hNAVU50r","332Yvq6U5KXrKNgNCZ/7U3","a59RqN5SdIfpMvfA43rD6e","b53W8wpz1GdoEW51mJ2XkE","51o8e/AidOl6n61YUj7IzE","81nTleg9xMwq2gEatMC3sm","55AtsvU/NCSK8Ut8YLom6h","63ipeDcIhFHrD0VjKuzbTw","68+gEYE1tE7rEffBAbP/xe","96/nDHX2VBHIyaCetBggPA","deLRkkntBHj6JSm9q9dd97","9dWifsiWxOb56iT64MNN/Z","78YhorEG5Od7DrAtJkb3hi","9eZdbagKhA8ZkeLUa5LKdx","f656vOSdRISoEEg8x2HhEC","25hLnEho1OGYb6cJbow4rp","713ZFwOBlCWp55OavhFniy","dcylBchB1I7ZR32BhCLkE9","494qIPk4tNILbnOGqz7PgO","035fw/+O9NbI7xjruG7AWF","ceRqnRdYBDz7Q4qsedkIhG","476aCBB4VFRIl554HmoDDy","34/A1m8aZJEbv4oiSI3OFf","236vGM/PVJ16ph5gHgahd2","3b4MFoVfFJbo69b9y0WfjL","38qlqQHNxB1aovExYxEvIP","3fmp2NFe1BxZs7Vn/JxRw0","eeAAJT+tlLBqwYNm02eWZi","d7XQzLwTlDZocNl72Bznud","72+2w/yiBPxLEqV2Oq/9CT","a48DJIW0tAKZ4dloybtekc","0bkTtv2ytITpj8mhjlNG58","9c5ywv3B9Ex73uSjYfrflk","31Hp/BhlBCPpv1sQyZK0Xi","66+4HEGy5OBqrhUp8faK+Y","425iwRBe5DxYB+hwffFdTg","c3LE4yzJhOWbrvt2e6N6Gy","f3XL0VLvhHGp2ocaXm8XFC","e1g4U1jw1D2rlW8rMGsvXL","60qZ8mrOlKdJoj1ptD9FKI","07+d/9W5BOwJHyBqX8t/l5","8dK2A4Pg5N/qYNOZ1oGZ+/","ffcZ02Am5PP5EQVYuIbis3","10M4A58ZhJ3JYMWzYsn+t/","a8hxwS8HBIrJJNNLtlwmi+","56PUIBSuZEJ629XkX5PGaM","b9N7fqUmVJgbFQtjSc+sE1","8corbTCZVG4qeSnOHvlpxX","15+SKgzttChbmCSL5/UcR0","97wVvwv2RHLZYm4RzLQtZi","6cDqy0Wp9P0JyzpTf9spZf","12sEAObgFOpo3bA5lUafT4","b666R5uzJFWIav7ZSqJ0PH","76Cn+U5KhCb4Fck0UANHeY","acfy//8ptNHJTtpWIyCmKT","1f0PLS2eNGOKt8QcGNdtx7","f63e6+tVhDaZpqzi+VLPcD","1bL1eNYWxO/ILz8JXkrY4u","4aiqeCakpIEaqOz4MMCEzL","9a4zmpZjRFPIxYGzFLA9pI","e8qZvIihtPK7iK8uio5Emi","6fTV6/ztxDBJGV4lHiGlO3","d2+ut6EbJMApnXe5QVO7R4","83XLO8rtVNcp+pu08FkNce","2ec9IrIBtDNIRFAnulfSb3","89LklOnSRLHq2ALCxiwF27","9cYH6jqx9EQ6aiKk881Dsd","46elFiSiFKtIpa1+iH6gMq","f6kuXBY7VP3ZdJCfuYEq0Q","b7Lv3blr1DwpVMKA5HBwev","e9+iG7z1JE5IsTpNiwvz3k","06kKLjLHdGdoh5ml6sXcnP","40lpBVfR5E6Z8GCEoYHieT","e6elTXQM1H0ot36pGgr5JC","9eEPJipe1NPpk1aACHV83c","e4zmVunW1BiahH+IwkJYZ0","42NREr8ilEt7sdAlBK/40y","6bQHA06ABMiaOqXZUqcYcN","5bVwmOcNZOYoJYQG3qsX7w","b98H3JgYZL9qOhkHyPkiRK","99UbUlCOdBD5nAXXN10Z5c","31yENUtHJLporFT43WO37Z","b44mnjL2tAQ5pEjcM7/yLj","68+DFmJYpG/5qQBA1QEcIY","a8tDKc+eVAHawFgw2e8Fx+","5aFwkcm+tK7Kr92+lscMhO","f3vb79MFZMd523KX3UIW/K","54r5//Et5Mza9J3jYJKkgZ","45KTTQt5JG9I5zaiVl6Nhf","a0qoKb+y1Jq4cHgfB6pa8J","de2dUkx7tKxZ2sGGFGPpGL","f9QosVSElPqqLd7KWds1TU","e2SAcELJJCqokCXzWIEMzx","fdYrnTB+dFAIvruH63F0v+","7balLxP9dPpIG6+oQhyFMh","b0Jj0099NNM4ksT9xDIgtk","76uL2VrbNFwIS7lH/xMvGQ","5e3OG1nadAG43lIaq5XaG5","aeGxnnQKhHH5uvDDEXsKVy","07KfyA1cJEhZZAz+BxZoXH","30G2SHl8VMW5Ap8Z9VqjzR","d5i8CirQ9HnpBhxLZOEckm","bd1k/YXwBAnYEyzVcITuMI","828zxrSe5JNKHRLTw3eQ6G","1bXmBpdzFPN5Gt50Q/D4kV","a7+bBz3iVH1KhctpVbCtNK","54Uly1t29Dp6ECOpRPbRZG","8b8FUj3npBn4qa+gxCz1OM","a85cfAMaBAB7D6Xdmpw+/f","8ebEjY701Jta8b7rJy2RIM","a77tAOmfNAk4x/ZLy1Br9v","b7ZvgQ6TNOw5wC2wyonb49","97FHB4auBJj5hf9CZHDcOX","033jRDYbJEUIjhTBrDQm52","6207FhOf1H0qIfLEm04R2f","0de/pgPoNMu4DH8o1byz0h","38tJBlfn5G7Iinln/Xbr91","5cljLz8KNKKrBgiB/FrhQG","d79FuzFXRESYN9tNY5NBYg","c620PWWB1PbpgKfGjtQF6q","59W8Rwj+pCI4ishOtBH4c+","e85TnWywdM05PvMsz37aA3","10eWbAEoFEdag2fXbEdCq2","3bwhS9l85L8YlWOZN1LW55","cahzviF1RMKpDPkz2fx50r","4dUUdFJ39MvqsKgJj6mCwE","17ozI4dUpGuI0bApyYXe05","46o1O0WIFKFaYzOs/n8UQ0","a60VUGFyBGeK6EDFuJd4LJ","4fXUmT1VdJLZPkJBtVABpV","38OF0LexZCEZzlj7F8dmuT","5eG0izmS9PMbIrY46oWEtH","64uLgZNiZIGp6SNNUpXasl","64uq+4NH5Iwr1tpzOBy1XK","15qHIE9FpBfZrYWXTKZ2Np","09tLs11f5K06NjNsENmwcF","81zS/SHxpJRaRsCQNGXNk8","93reW33fZDQ7JUv6XRyPlu","7az0kNcslCdrXLCYTjIKKA","bfgASIXdZAgqqTOXlnfFD7","30/tXDNhxH45GHJz0q5ngF","20hzj7MuhPGJAL7n2+M2xp","006KyN0btDfLxcPxi6vYq8","76aOKgQ69Dsqs4pIapwWSL","0a4Al9s3NAQ4Xdeh6Zh705","9dVChGfRpDirg7elPvTVCo","45Resgz4JFH5BUIWQDLNp0","3eIxlDxOJJpKA2IA+Vlqbm","79kRvkSKBEI7zAECgdEhrl","1efgpyXPNHj5uUjqKgbKAM","bdPjHdzGlChp/SGYZOV2Yk","e7RcaRNThJAJ9bk8ySMWSG","b3RXqFM0dLtLARijAOxPS9","bepccB92hDE7mk/7JK3AfQ","67xm3hMztDl4waJuep308A","41uNggRyRCwoMdIo4hougJ","06AcnEY85FjpIiaGgDkMxO","32CsEFcJJOSbjrUsXLppBP","7dxF+JkbhNO5fH6IlTdKOS","00ayzxH6pJDZI3ls/e3YIZ","67xBNXWn1AzZQUErWdZ+lo","4ddKWVdRtJJLr16Clzvee6","3672YNJZpL8roRB7qHJICj","f5Kf+ma7hIDawheTZwe3wy","00+7ReeutF2ZDHF2Kz86Wn","bcD4eqIltNtJChWgIJKIxx","87XgTkrdxPDY7mTJXx/Xiu","81J6XM6phC377rZpFeN5pX","e3MqjFTzdLcpqqBOZ8R5Rn","61ZHVCUP1NWZ362mwqcf9n","a13YRDxtxNRoExcyTshavf","29J2bsu3NMMo5Ild36aVJ5","3cbC3hEbpAvb/Pm60f9V2x","a9RgwUwYBFRoc5Li0/6nZB","a8bNNJ4b9EXZF7YzUzmbDl","cdAa4W3VNDC7qWCRRsRCDi","4fiBnhBbVIArl8g6bedjw5","d6/mcJL1ZDLrJ3A7pNNbwP","cd9/MrLUVCB6bbKvtJkGNH","cc4eJ5lQlPvb95aRBABDgm","4fduQURi1Caai78//QDRy/","f4DJTSxZxKarwA/zvj9pmV","darqbJjwlKmaGIidwdVQgg","6aQJlIAy1KK6/qJFoaqgKi","e7ZNGDBlxG0LqoQ5d4Sz3m","7f+9n6y1pGWYzoXzjVBsg2","7fa0z5RhJHtqanACQ+hNSX","9aP2XPAqVH4oQwY/Lmr04r","5euR0FnI5DaqbWhOpDr3sl","deIR+3QxJFxauuyjvXyYOu","1bTZIp0rFHPa0woKS726TZ","48bnmB7UpLO4nC5ifazAS7","c4Y0UrnFlIQqKvsSJo63xQ","9bx11XoaNGvZkkfyohYL8M","99Hcqqm+dHU6WWLjcm9Ibl","bdvFBZDMJE8q58q2eEoFDN","44CJhWZo9BcKqKGO/9YhM+","0dWhtzArpFUKErBX/7JapT","d2uWTSqN9Eeb9PdkAIXHa1","f72vq1wxhIb4/i/WxNgzRu","7fde29AqBEhpKNmAmmlnxJ","2cUlUKTwpFJ7HknHDB0a7+","a8ahdEB9pDbbSTXIDZW2fR","37RBpE3PNIroCNHF+gvulc","2eXSdV5aJNibcpLvYGBj4Q","adc59l695IRqlrzLBp925S","1bTZp7KFBNTL8lJ+KuAFTt","72DCxtd/FGo5eA7ZlMpuf0","802s+PHu1PtbNGJ62hiS0C","4dNMN+h/FPpJmfMpCzXblI","ed9osT2tpHcJTLtsP36iMD","d3q8dywrtImok3AoeBUQnv","4fsVrDh+JAdrbrxskc0Je0","37FL8NOBVM/rnY0ywkdpfd","e0FuCfarpJ/qwtIfIt67xl","ddUHbgIT1MBJrX9Lknb7LK","feWQX0SfBLVq4ePJ5NDmlz","60tB3s77RKHYMadBwz7pt/","f1Un4iPfpLtJEwjF6w3cBr","faCKijOQJGvKdrBvgnljz8","32Rw0ydZZGPYphxsuaOqVh","f07sFQv4lDvrv/KHAqu6WL","f3Or46o3ZBCJzEa1dmzDgo","f7WTyuSVBKlLoQQi/VZfXA","3av7+FlWtAFb7J5+hXncFd","e6Fi4LE8xBoJGTShRrCVFt","7ag1n+Y9JIBr5/npL8F09R","68unxpjoBAyalHpNymwGsN","8admm7Xd9A7JfQ43GiTVvs","0c47v/NOROQJl2uAhlVG0N","f8HVPS1ZpMHrSWPCyM5yab","32kApE6htPMJTEZfmTcOkC","6bXabIXPJJfbDBqLL2DMBE","49htxTGrxFZ5w1u5uThkgK","d0n/WJBRNEIpj0rOtT/b9I","08qB2wo3dMlJr+W6JnABTN","3dMVLHQOVJB4rJUs2bnNcS","d2DJTXWmlIPZ7NTwbz/Zvv","56I2YMWW1EvKbxsVDjQPVx","89kaVOAOlAc69bIMMH8aRq","68G2Ov7khEb4L0rq+wcvdf","229SQ26n1IXZtsw5zNjsIH","73teUw+AxFuoAbdTSI2MtE","ecrHR6WXRO9rwRXDL+uDbo","02e98IkLtM6JVeO3dAjzSF","f8s9PYlP1L64HxUOSpBkHH","beAn5INRpBg6ZMwK5Xl0xF","82F0NB/q1CB5VCxQP9crsg","17Qd+Y2BNAEq22vHPNNr5Y","8fqSELDntFkrf11i7iV49S","5avxWm+3tCGKA80sEti8YT","8avh4HxzBMupT2yuZ7J/jf","0atC+8T9dJwq00B/XKr8fJ","0b3tLwZIBPUpVvMoNNLqMT","17a6VhK7VBirc5YoRkBalf","685P/UEXRIU7GdZ2AuYfnv","43kYR7HcRNmqRSBG84MW/7","fbXPNcwWpIJoyC3vxp/DuH","50k35ple9BM5p7N24nBVb0","18LxvOpZRKCJ4U+/vrvWSS","0dHis5+Q1Ada5x0yY94xht","013eWJsrxO4Ln4sXXORTCZ","44YBa6lK9OB4W3xkEMT7el","6e20ynSEFEc4UlXLQVrITH","9da2aY4LVH+JxsAUJ/SSAS","e0cl2dfJ5NGb/nw7esNIOg","a7otLYlHtMKbz/CQ4S84aN","80AyTJVQRIkp6Mw21yIp5H","da/i4Z/6hGY7sljWFX74s8","654BgfdPJLFLCRV9W8PHgr","ff2Z3mSz9NFJOWRHMwOY4H","1foP2rigRBDJqwmQ3tOrKf","c5Jo0v+OtAcZivlVqp0xMh","f9UETOvkxNmJmmGPZg5cGy","2cIvMGRXRO25H7DLLvzdqV","ecAE2WcIFEu7nVNdlo0hZf","a1Ei3fpStCCIpsiSiqN3bK","28W2MeNgRNUJqxwdo+1SZR","4fHhwUutBDIIQY6FGeeIgS","f4WVN6SZxLrbp1rvzG8g04","39kD8KTdNCv7pWJPKIfveU","7aYO0iPPZPxa0/DEX44lWt","2efKlPTytFiqAFW2K9FUtE","f3qARjjt9HK5BDIF275fIG","73wtYIHKhMj606OoR+mCrq","beTDNzsLNLuZLpB+OWGv0C","c4kiVA4t1C+55t+MUmL9cY","40t2UJTvpJwIWVFu9pVGGk","8d4bz/XSRClaT/WfEy+lEc","eayt10409Ka7DpA0oINGe+","b78gjofIFF372374nzz+4L","0cTrHLwnRE1YpSQUPX2TaV","a1bY6EwqpA3bcDoxYxzykC","3ec68G4aZOgay+IPWHywWP","dbhm+nWeRDSbF00GMOF7e7","d1IQL15B9KuY0vZn7YSHNF","f6dWq6viREBoqsN7kSyN+S","973tJFnR5NUaG+qVpen1Q1","53dHkIfz1AZo2gFbsk67sM","bf1C8fbZFJbLdJXBwY2dam","8753XGA6NJ1YXaRWmUtXFM","54IKSx5B5OvqYeyeXPe6WQ","7426BnL2VHDZ44sapAxcfo","3bbnb2/A5DXr0MIoMgXMot","07FG9JNF5KJ7s8l6JvUC1+","2d5OYBibFLKbTCQU9krNYF","fcJ8533pxHCo+LQwHaLpS0","9bdlHfqRJH2b59Eb4QiyrX","7cEFaN/6xJx78lH/ofgDIS","6aW1LA7eVD/LCidt1QVKG5","17ah6rFM1CgY5S/hAF3mU6","72JHjSOCRENIoh82PEmn10","d8Knm0sw1GvrbWd0U03yMb","b3NATQpldGw7cU6xRzFuFD","c1YZiyexFOHbtwLSibagV+","0ecHTg8xJHPbh/2R0b0O0M","dbKJF4vU1GLoPML1U1JLI7","98VA1h56NK+I9zcsZYVfWb","e6CK22fedNqIqCDdx0+R3x","3dJaHdwq5Ix7Xeg5WlGsvV","37kv3pJz1Oz7kKFK9PAEPi","f98cCJs+dOaIyea0IfJ4ih","8fjuMl3HZGO6gzMjtB7e6+","beaeela11GXJ+70wiCLi9p","e9mFRagKRLPpNfaTxMgcHw","33ytnFDPFMb5enBonihLVe","d9upL5gcBGUbt1W5VGRWAN","e5z8mmx75Jn4Iut68lQWO3","c60LE9zPFCfJA3Ppb2oCRf","949sN+JxZMirrOnYQKBkOV","c1KaYvBRZGjrc2oya/wMMn","08xJlP41dBJbS1aQ8TdT3u","0cOBn8LzZArZcXDw0YnOnP","d4H5f3SElKg58mezLEg0wk","2eNXpyMD9DJ4ZGwvD05XYa","c6a3RZhR5B4JHZpPkACPWR","b6Y7AYHxlI/aF403DQDUne","dcUD6wBEpOZoYe/lCGoRVM","cfGS8E6S1Ie4xnRcy3qKgW","914VJZmtdKF4ZKOIdOF5l/","f6IRtoF35FtZQLZSZWhI1B","dfQ3tzIK9L1rDJWoHtlOqF","f41WpVawdL3rjUPdPbvNXm","31z6mvrBxCR6TbOVFHFrGh","7eylbHk59Id45ezO5lZlwW","75caxj1jFMl4TP7GAh5mrU","17+T7knvRGzJ+a+OIcTpsr","18en4FzvJKUaot2xO0fBHV","02aZ0NKIhPe6PajaMdOtAN","60D1VHRdhHdpWB/yTGMUtj","f2n8MS8ERAIr3hHl9yoKfY","adH/pCh5hJnY8exltXeEhM","f5x/09tnhPBJ1tDOsaLCzJ","349OqMITxKP7UdPQI2GkcO","237eqCFG5PFJgV6haNMfDk","14F6bHLSZHRLpoMNhRkZlG","5ebwtuUBNB2ZJtKDKupQl4","87ktPBj+BDroFWoq/dNSPH","abLP8x6WlOCqB3AQuBPxI7","24MR47VWdDIYIsQk7UT5Q5","a4UdVq/M5LBJ3tmjJE766d","30Sn173oRPI7jItilhR+ug","15wG+9bxtImLy9K3Iu3j/h","80kxJAtsdDMaZfctNcMr7T","7fLIFZfh5N75PBruejDQjm","a2BzMCzbtMh60/7RyF8CRj","03WlaTHAJC+o+I/B45yl+1","74lpLhqmRNQoEIdfOBGaqK","96+HEVKsJOu6JSoF/Blrt6","aeV0VSijtFl7vFnLHwdBJ7","95ZXU1A51OAYtn6lRYpfKt","583llDo8ZOGa8C28d7vpAv","c5gnaAt8ZIW5QXX+5NtqwV","70tuxh/btPjogyZw4AZKln","c7yLjfNylNcYx1SKLie8KC","e2kIgUUhpCwreuNidG80tG","da8E+UpF1M7rvaU2t50jd2","deI5yAMkNC94BErsQeZ3ID","937T42kNNExYWphCOixAvX","00JgBHNZVFkr7r1ADKDfA6","5aGJub76pH45IV5wYZ/1a7","a1wqXsiYpIqI5vizaaY+lX","c3T7EGdu1M5KnijPSvQcZl","d65GGC+v1DS4wCVyq4pUML","69itSbOWROYZOI3zvBot/v","21c6IBvTtFgKQVduajvOpT","99m9FY0h9JGrYcLGgRD80Y","148WRrNS1BzbB7fH8Ep0qk","dfPMVJJ5lDFr2bXyXKok8d","d6igJYbTJGRYRyIg235bQh","adjlMW9XNFlrFwGesSVDIP","38+gQdxkRCk5cSrxqb6+zK","2fdG6TdLFJOpmIkdrh071H","57GRLqcddH9K8f0y8WIC/l","5c7nflMBNGnYHrtoZLwiKe","9cmgMb0GZMW7/QA0EfFA5r","4a5sEg5RVGO49Tkh4AYHT3","55Ea1pmoZBOYZelvFCOIDv","79XSC7e75Nc6OFWUT9eu+7","41cleyiNRBGKdgEdPD4KXm","faMADeSWlOpZgHdMwbh+wH","25Ccy5a6JChrztlSL2YBGd","67a10LQGhOJ6eahO+irhss","ff//SWBtpALIeJ7bQvfKSZ","71LGH/GtZEwo0zph25YpuO","39g5GmgalL46IVgyjZW9FG","eegW6ouPtODKMXR9JUh0MK","15Fs08JotDu4Uk8rmWxBmQ","aegx9CoqxJSK6Lh14o0B0k","e72MC0EZdMBoYJrk2GxS4B","37SRsIShdPMI6lHxIIgmYB","654hayXihNG4y135MU//ES","4bARZ/bnJAaaf4rTor1N6c","05ITtfq6lJtqmYYqZO7TD+","86VtvbeolL25MoVvAUdcTp","690ItBWXxJprRI2/904H9K","a9OCN+m+hPT5CPfrnvOBfX","6bd4FBG5BJYpZHTs2lw8wj","b1zNl1KChLcLceOZAybrvK","d29iqxRZ5KYa9PjO0bp8xI","b0o3Sf5xtLv6mfmySQ+UN9","f62tU6i9tO4qXh6J/WZoOI","4cvEwmbnJKJ7p2vx42S+I1","25uMF0R1NOmK5pAxbViZvi","b4io309d1Al4WEKMW0WxhJ","2dYGhKaXhPdpTOLVYop1m/","bcnbv2ThZKGp7Ct0qgCAvi","a0NZIk/tZEHq6r29W3iMEE","3bcN+KgWVGoJ+P+zLDp2nH","d9qKo4xrNK2bH1Zlz+OP5R","15YfTCEYhEg5qlWh4luvWI","9ebJ4Y+GBLuZN/Y07j+n3F","ddFEEJh21Db7OmmLfJLs4I","38/6gwyIpN3aOILT6cmEhq","86nbpf40RF46cQUpBJea9j","6aP9WjT1xOXqibOo6kCia2","4e4KkaAXJGCqAy6cFyYUTe","bapGxe3WFPTq0z+a9hOmXv","c8URyYk9tHnrrSywIjVrig","9aLqj30oNK0pjM/qFpqGwD","8e4deisVpAF7wrMIHEHlXJ","cbYpvLL/tK3oeOkCxCENQq","0c+skgJzRKSI42soAT1lVF","27/Sj11iJLdIOZl/nMIDcv","dcMLZlEw1ITr4K2mjo2VA6","a7cWR5QURAz7JEBBgFhabr","de0UcmcEBPqa9+5uhV+7HU","3fw925q7lBCbU7RiwCgJds","abHSuXyKZJ/peZgTuSAdn2","994CmicCxOUreAPj7pyJK3","42cPrxlppKnb2UnU27Kg57","5dF4Qa9bdGZIllosTrk6z7","5fsSaZoXRA/oZXLRS3XnlX","56j09TU1VJyZbOxrHLelUI","bezR5olPFEYo/BeK+5ak9v","33eTFWSFZCE6Ms2rdQkmJ/","fbzj2/1kFHT40tKEJeAiKw","0f9sGRk+BMsYoz9H5LPJTL","aeT4L59ztCN46xqlBdxnWo","69yie0/MxGX4Ut5JPBW6mv","7aTm4ViqxNIKrw9g0Adrs3","a2zNpVdohFsJ29cbugPcr8","29427Ub51HKYYQYUZeeWcR","91THbI2+tBNbG67iflvuZu","a6Lb97FrRLu59oSg4wXViC","96db/9c8JDn5jK5lmfET4W","d97z05N5BNlqa99il+/DIN","7bbdMZbGpO851mHuTP8btf","53dGp/l9pAZI4l7wWJKb8T","5aRK+V5tdOOZe2NkG4+ET9","5eGM1QVH9NnIwH3gn5nQbH","a46O99y49J8rjTJwQZcovI","80tdpoRlVJ/oY8UH071EUK","cahFOarZVJE5Ip0hbZFhnx","5cZtDVsJZIqIJSew2mUcx7","59idcd8ytPLKEyc0mzF3A5","ffoEdtILBG1Yi4N0aDiCKA","6cpT85DgNDLIvxRHlXc6jI","2ddI0ztAtGfby1x+zH7bN4","43IRsHSC1FKbbg8pCK84Ft","b8OQw1R59APJt/OE9RUPHh","adhBzdiXFJZbdoBt6bv0Ir","ce9RGCWLlLoLhYSn3quzHI","51XAK9DYJCNLP8LKJAk4dW","9cR5Z8dLtBJ4POzGdd1+Gu","58c4e3aHBDmICMWLcbsRW7","74nt2MZoJG7ZRrgOrbUiJm","21SU/RTIREgJ+tgz4483u+","ebrtv0LDZG/5u6NtZ5pBGl","59bmctqhxMIoZ4bhgp2UMy","46kl7dOv5IeYSFIT9ki8rR","818sQuVhZJTY7mOfD6NlbR","c2KAb1ouVKX6rspU1IVUXA","ddS2MzkAdHgLdGd92y7CKD","2dHiMbClVP8JBUM8jI0mHV","a3P5S4kGFHVKfubR11U/L/","3a113+ArlG6pumkc8hCp3e","90+uDqLE9A0Z2CcFCkUihI","96+rYN0uBDJ4qpq7GTgk8n","53G80/dXxN54NaWgIFeyDs","0cICyA2U1OYK2xIcQM5C89","d30/MZmwFE6bCLgl1uiwDL","09DUPCzYlOCYBmMcYrnZ46","d1CutpwShMbLy1j7+E3gv9","b9YCUdR5dN24C5tYkSo7dx","5aMK4B8vNMvZDOg1ckb/w7","3ey0TS49hAzK+gcO7p4qoV","4cbZr3/kREHLTXCMeFN7aS","71tPI4uSpPoYUXsE8OGJuP","ecbbh6b8hGMqY1du62Brnm","869Kh2unhH7JeWkxmGuWFV","03Jj/f0t5BJLpXqS7kVxXN","01TST5ZO9AgLNI6D83i/X+","12Oi7tYi1I5beuOHZj6vgd","94+1W9yFpKMLNCIOTPYzwq","c2kUmQbn1D0Kw9LOjJYSsi","e2cBxrHH5Op62kWgKOhIXm","farFgT7l5BaI28oBS8IKSH","e7tzk43wxAopLsNCJX1Tnu","f2vkSoLn1Bk5b/WY6dF66n","37/cFiNqZJ/LolqL0pUhgx","7eeCqSd/NE7a4XqTBXf0aY","85nMBYB8pNJLuckaQRELdi","bfg2yGPr1Labl+0uwYw1LC","8fTA/jR39HM475nI3A/RT3","4ae5IuAfJP/a1VmzSIyoNO","70DE98JZ5MY4RyWajnmVhc","0cNDzF13VKQIg681x97PCv","86dndgbGxMD5OWvfzWgok3","ddTkF1y81Pz7XKVKjNYNCQ","55N2sew01A0KrJe65neMfZ","c1HtMhZwNBWomH9bzraN+R","a3uS60k0dI35tOq4b0/UwZ","703TvubspG8oHCbJkmTqhC","19Db8zqMZFsou0NlX86U7z","28L4224xtFWpuBBbD0DOwt","3b+zJMhnxFvJkfWCocajWv","de2EDRPfFHFpaXyhVsLlfw","cdoTbTmW5Ks4lhdA6IUwo1","59nF6G2fRESJlm+ePNvQUm","6emMpRPlhLdobJo+XG5hmQ","2b6iQ8Bb1IcpGzIjPHvFaK","71nEJVUlZOTauBS0y7dOZ3","87Q29fnyhFgIqHigWFte8k","58fU17CchCBaWX9lYfkczD","b6LgqUEvRH4LQTKfNffe6L","c4AK4i6YVNcoEvfAKxswSy","32RQlyortEX7RgIoX6sK0m","00zpT8UjtK+KkM2xsYqVXY","2fX89QmGBBgKDe3TTrSNLC","c6VX9se2NAgZ+7FiJ0Ne/k","ecpdLyjvZBwrvm+cedCcQy","a2MjXRFdtLlYQ5ouAFv/+R","b2ECW60shKW4wyb+H2OAZL","f506Nmqb5A9IezQX70F0CM","f0BIwQ8D5Ml7nTNQbh1YlS","3ae7efMv1CLq2ilvUY/tQi","e97GVMl6JHh5Ml5qEDdSGa","29FYIk+N1GYaeWH/q1NxQO","2dC15FTMpEpa8CABU9uYoe","7a/QZLET9IDreTiBfRn2PD","5cO7kybDxGj4ipyMYdRYZB","5f5dyqtRNNxaFmVzYns6FZ","c9VupEoCxGbIrIXOJwwOth","ecCTW49kJJYZX+93y4H/Sv","a3ii62vnJJfKxd41iX8b75","7atnkm+vtBk6Mvv8DBz46m","9bvaMerUlDyary99mJa6xp","c9+lH/PwFGAY+AMl0bEdq3","41WmCv/uJNj4jNJzJwCwdr"],"scenes":{"db://assets/Bundle/MatTrangMatTroi/MatTroi.fire":148},"redirect":[1309,0,1310,1,1313,1,1314,0,1315,1,1316,1,1318,0,1321,1,1322,1,1324,1],"deps":["internal","resources"],"packs":{"0696f4b59":[148,155,112,115,104,106,95,125,318,197,110,127,213,98,97,122,101,121,308,100,117,157,120,99,131,128,107,214,312,198,1311,126,114,109,105,111,118,116,113,124,119,96],"05204523b":[467,459,457,468,454,456,469,462,472,466,471,465,460,455,458,470,463,464,461],"03a3af00a":[871,857,873,862,858,864,872,861,865,867,870,868,863,866,869,860,859],"0203f5f76":[395,394,401,406,403,397,398,405,404,402,396,393,400,392,399],"040beb591":[938,941,937,936,935,940,939],"0a74c0440":[946,944,943,945,942],"09f99e2ce":[777,781,773,780,783,782,784,779,776,774,787,788,778,786,775,785,772],"06e2db432":[370,388,379,373,391,384,387,378,382,380,377,385,383,371,386,376,389,372,375,390,374,381],"0d3d8b098":[430,424,420,419,423,426,427,416,414,415,418,429,417,431,425,422,421,432,428,433],"09587d4c6":[413,412,409,407,411,410,408],"021f9d963":[434,451,440,444,447,453,452,442,441,437,450,449,435,436,443,446,439,445,448,438],"012a95773":[497,492,494,496,495,493],"0ddd81183":[514,504,510,503,512,508,499,513,506,515,500,501,511,502,505,498,509,507],"06aa4f39a":[855,854,852,856,853,851],"0377d56dc":[687,681,692,680,683,679,688,693,682,690,685,684,686,691,689],"0d7cb19f4":[798,789,801,791,793,803,797,792,799,790,802,794,796,795,800],"08ad84790":[478,486,480,479,485,490,487,475,482,481,489,491,484,473,474,488,477,476,483],"03294a38b":[745,749,743,740,737,738,746,748,750,732,742,733,741,735,747,736,744,739,734],"0bd4da87b":[1215,1220,1213,1205,1208,1211,1209,1210,1217,1218,1221,1223,1207,1219,1222,1206,1216,1212,1224,1204,1214],"084080e2e":[1137,1145,1143,1129,1138,1142,1131,1136,1128,1144,1139,1148,1140,1130,1132,1147,1141,1134,1135,1146,1133],"0dea806ff":[536,541,538,545,539,544,542,537,543,540],"0e5ba691a":[1049,1051,1045,1056,1059,1042,1060,1058,1046,1055,1050,1048,1043,1057,1044,1053,1052,1047,1054],"09c5d4a62":[356,355],"0d91c72fc":[900,893,892,899,898,888,887,889,890,891,896,894,895,897],"03e75408c":[362,357,369,367,363,224,368,364,360,366,359,361,358,365],"0f14f8632":[518,516,517],"0f37e2788":[522,524,523,519,521,520],"0ecd78160":[527,526],"0bf0ee482":[535,236,533],"0dedf2bab":[550,551,554,239,557,552,561,556,553,562,560,555,558,559,549],"0aced28b6":[573,567,578,566,580,582,579,572,576,581,575,564,577,565,568,570,240,571,569,563,574],"0ef061358":[584,590,589,588,585,583,591,586,587],"0e6a066da":[600,599,597,603,598,602,601,596,595,594],"08aeacc47":[592,593,242],"0f664bda9":[609,608,610],"0ca59c32d":[604,606,611],"022e41b54":[243,605],"038fab12d":[612,620,614,621,630,617,625,613,628,615,623,619,616,624,622,629,618,626,627],"056506ad0":[634,633,631],"061455b47":[245,632],"037658fbf":[246,636,637,635],"0af94fad4":[639,638],"0bb701f55":[641,640],"05c065b75":[652,642,654,643,656,645,653,651,655,644,649,659,657,648,646,658,647,650],"08c685f10":[677,661,672,664,676,660,669,662,663,675,667,666,671,673,668,678,665,674,670],"042d5cbaf":[694,701,695,698,700,696,711,704,712,702,710,703,707,697,705,706,708,699,709],"04fcf770a":[723,719,727,729,713,725,717,726,728,720,724,722,718,731,716,715,730,714,721],"0139d838a":[751,759,757,756,762,764,758,765,766,753,763,754,767,769,760,761,752,768,755],"094006432":[770,771],"096bbaa1f":[809,806,815,813,822,816,808,819,811,821,805,807,817,812,810,804,820,818,814],"0f6219202":[829,839,830,834,825,836,841,835,823,838,824,832,840,827,837,833,831,828,826],"0812d4023":[846,845,843,847,842,844],"09c549270":[261,848,850,849],"062688a71":[880,874,881,878,875,877,882,876,879],"02024f994":[885,886],"0c42cba7e":[884,883,265],"074f7cd73":[902,905,904,901,903],"0e470df5a":[907,912,906,910,908,911,909],"05069c764":[917,914,915,920,913,919,918,916,921],"0405c293a":[922,925,924,923,926],"0ab3c4f2e":[929,927,928],"08607aabb":[930,934,932,931],"0561701d3":[948,949,947],"0c5590b22":[955,964,959,962,961,954,967,970,965,958,966,960,963,953,956,969,968,957],"01afaa081":[971,975,278,973,972,974],"014bcf3d7":[987,978,982,985,984,986,279,983,979,976,980,981,988,977],"0f6e7f719":[1008,1009],"0aae79b19":[1002,993,999,994,991,996,998,1000,1005,997,1004,992,995,1001,1003],"0b44d104f":[1006,282,1007],"0b22c0723":[1010,1011,1012,1013,283],"063b21381":[1019,1018,1017,1029,1035,1032,1040,1038,1014,1020,1036,1016,1027,1021,1039,1025,1022,1034,1024,1030,1026,1023,1033,1041,1037,1031,1015,1028],"087706a8c":[1062,1073,1068,1063,1061,1077,1067,1069,1066,1075,1065,1071,1072,1070,1074,1076,1064],"0427e5763":[1078,287,1080,1081,1079],"0f0d0c7f2":[1089,1090,1092,1083,1097,1087,1094,1088,1093,1086,1096,1091,1084,1095,1099,1085,1082,1098],"0b35e6c49":[1106,1124,1113,1120,1104,1105,1112,1117,1119,1101,1111,1114,1107,1125,1103,1102,1122,1121,1115,1126,1123,1118,1116,1109,1127,1108,1100,1110],"04a2212ec":[1165,1159,1150,1168,1149,1163,1157,1154,1155,1151,1152,1169,1160,1162,1156,1153,1166,1167,1164,1158,1161],"0debdb30d":[1171,1181,1183,1186,1170,1180,1173,1175,1172,1185,1174,1178,1176,1182,1184,1177,1179],"0abb71dad":[1200,1188,1201,1191,1194,1193,1192,1198,1197,1189,1203,1195,1196,1199,1187,1202,1190],"015c6f181":[1245,1252,1236,1237,1248,1241,1226,1243,1247,1233,1227,1232,1228,1235,1244,1225,1230,1249,1242,1229,1239,1238,1250,1231,1240,1251,1246,1234],"03680b805":[1260,1258,1254,1264,1265,1257,1263,1266,1255,1256,1253,1262,1261,1259,1267],"0f18f5cac":[1269,1268,1274,1277,1275],"0d60ed180":[1270,297,1273,1276],"050e87c9a":[1306,1285,1292,1293,1294,1283,1302,1298,1284,1291,1300,1286,1301,1303,1304],"0154daade":[298,1299,1307,1305,1278,1288,1297,1280,1282,1290,1281,1289,1308,1296,1287,1295],"0e28e3483":[299,300],"0dc829dcb":[302,301],"0baf0d57a":[320,319,1319,1320,324,323,321,327,322],"0b04f1200":[532,534],"0e60f8886":[989,990],"0d1a34771":[218,306,328],"0ddd6f9f3":[1327,1312],"09bae854a":[1271,1272],"05574ac69":[329,309,1325,1323,1326],"041baa985":[531,528,530,529],"05c78a76f":[547,548],"063ec746e":[952,951,950],"02ccf7a71":[169,172,171,168,330],"0dd8ebaa7":[54,146,57,28,94,20,10,62,37,40,53,41,19,353,354,18,352,351,147,55,38,82,24,34,51,27,87,52,22,36,30,21,66,42,349,89,4,25,33,29,56,13,43,68,76,60,49,144,348,8,69,5,3,72,15,85,64,88,50,26,35,145,1,81,91,17,7,63,350,46,86,9,93,70,67,23,12,2,90,31,58,16,80,65,92,47,14,75,79,59,32,346,71,347,48,6,11,0,84,61,73,44,78,39,74,345,77,83,45]},"name":"39","importBase":"import","nativeBase":"native","debug":false,"isZip":false,"encrypted":false,"versions":{"import":["012a95773","74434","0139d838a","030b9","014bcf3d7","8de68","0154daade","342a7","015c6f181","a8ad1","01afaa081","3e790",138,"8e470","02024f994","ca013","0203f5f76","8a937","021f9d963","e5cfb","022e41b54","23fd5","02ccf7a71","c0c92","03294a38b","41f74",207,"95d3b","03680b805","783cb","037658fbf","46b46","0377d56dc","d4591","038fab12d","3a59b","03a3af00a","bfa1f","03e75408c","f9f1f","0405c293a","209ad","040beb591","56480","041baa985","e1ada","0427e5763","00fea","042d5cbaf","1a032","04a2212ec","4c83f",262,"bf08f","04fcf770a","bfa96","05069c764","2ccb9","050e87c9a","89f0c","05204523b","70399","05574ac69","c63cc","0561701d3","a8d41","056506ad0","95f19","05c065b75","120dc","05c78a76f","17d0b","061455b47","95201","062688a71","094e1","063b21381","9fc38","063ec746e","f3eaf","0696f4b59","3b1df","06aa4f39a","da574","06e2db432","42ea4","074f7cd73","b0d7a","0812d4023","cc583","084080e2e","370f8","08607aabb","e2031","087706a8c","1407c","08ad84790","798ac","08aeacc47","1fe04","08c685f10","12a48",276,"14c92","094006432","13750","09587d4c6","1df1f","096bbaa1f","146f6","09bae854a","3ae01","09c549270","dcfd9","09c5d4a62","1b45d","09f99e2ce","53cdb","0a74c0440","a239c","0aae79b19","c0e94","0ab3c4f2e","309cf","0abb71dad","0cd76","0aced28b6","95bd3","0af94fad4","b33b2","0b04f1200","6ed9b","0b22c0723","3136f","0b35e6c49","99377","0b44d104f","bf462","0baf0d57a","95b48","0bb701f55","60dfe","0bd4da87b","4be17","0bf0ee482","b2785","0c42cba7e","7e15e","0c5590b22","b6c9e","0ca59c32d","faf4c","0d1a34771","6f8a3","0d3d8b098","9b6ce","0d60ed180","fda12","0d7cb19f4","02abd","0d91c72fc","85c11","0dc829dcb","c9f17","0dd8ebaa7","37ffc","0ddd6f9f3","c8582","0ddd81183","b5da3","0dea806ff","94a24","0debdb30d","d5aa4","0dedf2bab","d127f","0e28e3483","8f09e","0e470df5a","eee34","0e5ba691a","0aba4","0e60f8886","62d51","0e6a066da","e3b2c","0ecd78160","e9afc","0ef061358","3c2ab","0f0d0c7f2","4575f","0f14f8632","f4d98","0f18f5cac","2182e","0f37e2788","b6631","0f6219202","884a6","0f664bda9","a493e","0f6e7f719","c1ebc",173,"3adf7",160,"81c65",296,"ffdc9",161,"eb838",269,"5139c",259,"a7ffd",103,"ae969",226,"6e004",164,"fc7b6",339,"bc01b",303,"21f49",205,"dfddc",185,"5a1db",132,"69ef9",220,"01b65",179,"cabca",134,"6b6de",184,"6441a",1317,"03367",257,"62910",307,"356ee",546,"507c1",166,"99dc0",221,"6a91c",268,"33a8b",177,"be6e9",163,"d8e4b",294,"e1d2c",251,"4b35e",135,"decaa",210,"16c75",264,"3e7fc",174,"4be43",137,"11934",222,"8284c",192,"5add5",233,"8a5a0",290,"dbb59",139,"89818",333,"8cb6f",211,"8764e",317,"840ca",150,"41f66",266,"598cc",252,"7ee33",241,"879dd",253,"60cf3",295,"25ff0",232,"06510",288,"384c4",165,"8e6e9",607,"c6a68",187,"9e9bc",170,"a17bc",340,"0f189",158,"f27f8",200,"41b12",212,"96e44",285,"099cc",196,"1f6b0",108,"f3fe7",254,"0a6a5",142,"e6ade",277,"54d2d",123,"b37a6",244,"09a2e",338,"c79d9",313,"3a276",230,"95e27",275,"44e41",186,"95dc8",326,"b4d84",1279,"2627c",337,"2c0da",334,"7c8f2",249,"69a0d",293,"4c519",201,"f35ec",234,"46d97",228,"9b974",341,"8b3ec",270,"1968a",175,"43f23",272,"d61e8",335,"b6e73",180,"160e7",280,"f5b28",203,"e9b92",156,"98602",281,"97355",274,"56349",194,"2c5c7",291,"45dd8",314,"c571a",316,"e26dc",143,"22f16",273,"fb0c4",209,"b6870",332,"f125d",292,"72de6",342,"1cff8",204,"3bf36",217,"f27f8",183,"a89d9",208,"f5d49",129,"824d0",215,"f1d2e",304,"cef2b",231,"6223d",188,"61c44",225,"5a827",331,"f9718",162,"62652",336,"a989a",153,"92829",202,"2ae3b",263,"983a3",190,"59957",141,"73f73",525,"f1092",140,"278d8",130,"88ca6",151,"997e0",154,"d1b09",284,"98a1c",250,"29c62",255,"02c82",305,"d1f0b",149,"d0846",216,"e83b1",933,"12d48",176,"9d65d",167,"47a08",102,"51786",189,"50a6f",229,"afd83",271,"161dc",289,"7609c",325,"6d0fb",219,"2151a",199,"36273",178,"3c679",260,"aecb8",159,"e06d5",181,"45b5e",182,"a9399",238,"06d05",248,"24def",206,"2fafc",191,"b16a1",344,"9b74a",256,"35353",235,"1b7a1",310,"35336",193,"be171",133,"3a9e8",223,"4bb47",286,"3cd34",136,"a2a0d",311,"d753a",315,"c99c4",343,"6f9cd",152,"b0e81",237,"7d968",227,"478b6",247,"88e31",195,"df293",267,"d0621",258,"db4c0"],"native":[54,"65e04",146,"a4bd7",138,"e77d5",57,"5d86e",28,"3cb8d",94,"ab350",112,"0382d",20,"5f98d",10,"662d3",115,"e46af",62,"7f015",37,"74a44",40,"979e0",53,"c1212",41,"4b722",104,"95fe8",19,"06206",106,"f85ff",95,"f846c",353,"d6fa1",354,"d0f32",18,"7000d",103,"e09c6",352,"47395",125,"f8de6",351,"daa35",147,"dba0d",55,"41efc",38,"242a6",82,"b3da4",24,"2403c",132,"e77d5",134,"e77d5",110,"d3a5f",127,"d09ef",34,"83549",51,"d9307",27,"06511",87,"be415",135,"e77d5",52,"4e418",137,"e77d5",22,"4ab27",36,"abe93",30,"2aea1",98,"96e5f",97,"64101",122,"2944f",21,"bbca9",66,"15f66",139,"e77d5",42,"30a1e",349,"7050a",89,"7b5c8",4,"589e0",25,"1bd35",33,"097f3",101,"70d03",29,"d297e",56,"31820",13,"18210",43,"6198e",68,"5cede",76,"6c7fc",60,"43a15",49,"d3dfc",144,"8ac37",348,"6d707",8,"5d631",69,"d69e0",108,"0864c",121,"75919",5,"62b6a",142,"eb97a",3,"4edbd",123,"babe8",72,"3d5c4",15,"1ec3f",100,"61a20",85,"da7b4",64,"1546e",88,"83fcc",117,"6ffcd",50,"cf8c3",26,"7086d",35,"bce8b",120,"4d929",145,"be94b",99,"a074d",1,"d773b",81,"0c726",143,"eb97a",91,"5ad3e",17,"97a0a",7,"62efc",131,"f438a",128,"578ed",63,"77d25",350,"37b53",129,"67c70",46,"f38a6",107,"aeb32",86,"8f38a",9,"ac618",93,"aa1a3",70,"6629a",67,"b040e",23,"b8374",12,"110f3",2,"7b494",90,"90cf4",31,"8ee6c",58,"68bf6",16,"a9fe7",80,"4c62f",65,"bfac1",126,"78c29",114,"dc995",92,"4eff1",109,"c3f38",141,"e77d5",105,"7f499",140,"e77d5",47,"76896",130,"07821",14,"aaef1",75,"0211e",79,"e1f9e",111,"e8ecc",59,"a7175",102,"29af5",32,"46292",346,"d55c2",71,"8f384",347,"cdbc9",48,"c436f",6,"a051e",118,"01896",11,"46838",0,"7a5e9",84,"c06a9",61,"c605f",73,"8da5d",116,"31f75",44,"7ae23",133,"e77d5",113,"bb818",78,"be5ba",136,"e77d5",39,"44000",74,"fe8ce",345,"284a9",124,"3c0c7",77,"6b338",119,"f98f6",83,"6721b",45,"04a3a",96,"f7f77"]}}