{"paths":{"0":["Atlas/Alats60",1],"1":["Img/Rule/03",1],"2":["Spine/l_a_atlas_symbols",7],"3":["Atlas/Alats63",1],"4":["Atlas/Alats37",1],"5":["Img/splash",1],"6":["Sound/multiIncreaseCenterClose",6],"7":["Atlas/Alats3",1],"8":["Atlas/Alats2",1],"9":["Sound/multiLightning",6],"10":["Atlas/Alats68",1],"11":["Atlas/Alats45",1],"12":["Atlas/Alats48",1],"13":["Atlas/Alats6",1],"14":["Atlas/Alats49",1],"15":["Sound/fsLoadingTrans",6],"16":["Atlas/Alats29",1],"17":["Sound/heartbeatBounceLoop",6],"18":["Sound/bgm_bigwin_end",6],"19":["Atlas/Alats28",1],"20":["Sound/fsExtraFsPopup",6],"21":["Sound/spinBtn",6],"22":["Img/Rule/01",1],"23":["Atlas/Alats61",1],"24":["Atlas/Alats46",1],"25":["Img/5e25864e-0a86-4438-846e-f041e642d264",1],"26":["Atlas/Alats33",1],"27":["Spine/h_globe_atlas_symbols",7],"28":["Spine/h_sextant_atlas_symbols",7],"29":["Sound/multiFly",6],"30":["Sound/symScatter",6],"31":["Atlas/Alats42",1],"32":["Atlas/Alats58",1],"33":["Atlas/Alats36",1],"34":["Img/9109744f-c7fc-4358-b065-beec01a8330e",1],"35":["Spine/h_sun_atlas_symbols",7],"36":["Atlas/Alats59",1],"37":["Spine/h_telescope_atlas_symbols",7],"38":["Atlas/Alats31",1],"39":["Atlas/Alats44",1],"40":["Atlas/Alats39",1],"41":["Sound/bgm_mg",6],"42":["Sound/bgm_fs",6],"43":["Sound/reelstopQuick",6],"44":["Atlas/Alats30",1],"45":["Atlas/Alats71",1],"46":["Spine/l_j_atlas_symbols",7],"47":["Atlas/Alats5",1],"48":["Img/bc2c66f6-749d-4f8d-935b-a7e59bcdda68",1],"49":["Atlas/Alats14",1],"50":["Atlas/Alats34",1],"51":["Atlas/Alats41",1],"52":["Sound/fastspin",6],"53":["Atlas/Alats38",1],"54":["Atlas/Alats62",1],"55":["Atlas/Alats22",1],"56":["Atlas/Alats50",1],"57":["Atlas/Alats73",1],"58":["Font/fontSo",1],"59":["Atlas/Alats66",1],"60":["Atlas/Alats56",1],"61":["Spine/specials",1],"62":["Atlas/Alats18",1],"63":["Atlas/Alats74",1],"64":["Sound/list_item_click",6],"65":["Sound/reelstopNormal",6],"66":["Atlas/Alats15",1],"67":["Spine/s_scatter_atlas_specials",7],"68":["Atlas/Alats13",1],"69":["Sound/slider_effect",6],"70":["Atlas/Alats77",1],"71":["Atlas/Alats24",1],"72":["Sound/bgm_totalwin_main",6],"73":["Img/7510f836-342d-4719-9b0f-da041bbcccf6",1],"74":["Atlas/Alats7",1],"75":["Img/b43ff3c2-02bb-4874-81f7-f2dea6970f18",1],"76":["Sound/prizeInfobarCountingMain",6],"77":["Atlas/Alats57",1],"78":["Atlas/Alats35",1],"79":["Atlas/Alats43",1],"80":["Sound/prizeInfobarTotalwinNormal",6],"81":["Spine/symbols",1],"82":["Sound/bgm_totalwin_end",6],"83":["Atlas/Alats11",1],"84":["Img/4075c139-9a2b-4962-be08-c1e0fe5cc4de",1],"85":["Spine/s_wild_atlas_specials",7],"86":["Img/f017e7cc-0f27-4e3a-93ce-4e639e5bbf2f",1],"87":["Atlas/Alats27",1],"88":["Atlas/Alats17",1],"89":["Sound/wallet_counting_above",6],"90":["Sound/symWild",6],"91":["Atlas/Alats69",1],"92":["Sound/uiBtn",6],"93":["Atlas/Alats53",1],"94":["Sound/heartbeatHeavyDrop",6],"95":["Img/9012586b-2eb4-4391-9570-622247d66917",1],"96":["Atlas/Alats19",1],"97":["Img/launch",1],"98":["Atlas/Alats75",1],"99":["Atlas/Alats72",1],"100":["Atlas/Alats32",1],"101":["Atlas/Alats21",1],"102":["Atlas/Alats12",1],"103":["Img/e851e89b-faa2-4484-bea6-5c01dd9f06e2",1],"104":["Atlas/Alats4",1],"105":["Atlas/Alats64",1],"106":["Atlas/Alats25",1],"107":["Img/2f7b2539-998f-471a-b9d5-a123220c68f2",1],"108":["Atlas/Alats70",1],"109":["Sound/symCollapsed",6],"110":["Sound/multiIncreaseRight",6],"111":["Img/f382a748-44ec-4f98-9a9a-a34b70b613e4",1],"112":["Sound/menu_icon_press",6],"113":["Spine/l_q_atlas_symbols",7],"114":["Sound/heartbeatActived",6],"115":["Spine/l_k_atlas_symbols",7],"116":["Atlas/Alats54",1],"117":["Sound/uiPaytableClick",6],"118":["Atlas/Alats23",1],"119":["Atlas/Alats9",1],"120":["Img/1748972b-db72-41f2-8632-2fa4c92455a2",1],"121":["Sound/multiIncreaseCenter",6],"122":["Atlas/Alats65",1],"123":["Sound/fsExtraFsIncrease",6],"124":["Atlas/Alats40",1],"125":["Atlas/Alats76",1],"126":["Atlas/Alats55",1],"127":["Atlas/Alats16",1],"128":["Sound/prizeInfobarMultiwin",6],"129":["Atlas/Alats20",1],"130":["Atlas/Alats10",1],"131":["Img/71561142-4c83-4933-afca-cb7a17f67053",1],"132":["Atlas/Alats67",1],"133":["Atlas/Alats78",1],"134":["Sound/prizeInfobarCountingEnd",6],"135":["Atlas/Alats51",1],"136":["Spine/h_moon_atlas_symbols",7],"137":["Sound/multiIncreaseLeft",6],"138":["Img/059b0e54-0d22-4aa6-9cd3-35fd18483ee1",1],"139":["Spine/h_sundial_atlas_symbols",7],"140":["Atlas/Alats47",1],"141":["Atlas/Alats8",1],"142":["Sound/spinActived",6],"143":["Font/fontSo2",1],"144":["Sound/prizeInfobarSmallwin",6],"145":["Img/6d6de5a9-8be9-41c8-98af-c7c3af1f0a59",1],"146":["Atlas/Alats52",1],"147":["Sound/bgm_bigwin_main",6],"149":["Animation/ps_break_screen",0],"150":["Atlas/Alats47",2],"151":["Animation/BigWin/Effect_MegaWinLoop",0],"152":["Atlas/Alats6",2],"153":["Animation/TotalWin/Effect_Total_Win_End",0],"154":["Animation/ib_mw_vfx_a_add",0],"155":["Animation/ButtonSpin/btnSpin",0],"156":["Atlas/Alats78",2],"157":["Animation/bw_vfx_b_add",0],"158":["Atlas/Alats25",2],"159":["Atlas/Alats53",2],"160":["Animation/GetFreeSpin/bl_pattern_b_screen",0],"161":["Atlas/Alats44",2],"165":["Atlas/Alats13",2],"166":["Atlas/Alats9",2],"167":["Img/launch",4,1],"169":["Animation/MoonAdd/LabelMoonAdd",0],"170":["Animation/Effect_Sun_add",0],"171":["Spine/l_k_atlas_symbols",8],"172":["Img/059b0e54-0d22-4aa6-9cd3-35fd18483ee1",4,1],"173":["Animation/ps_bg_b_normal",0],"174":["Animation/mf_elec_moon_a_add",0],"175":["Animation/TotalWin/Effect_Total_Win",0],"176":["Animation/ib_sw_vfx_d_add",0],"177":["Animation/InfoBar/Effect_Super_add",0],"178":["Atlas/Alats32",2],"179":["Atlas/Alats42",2],"180":["Img/Rule/02",4,1],"181":["Img/5e25864e-0a86-4438-846e-f041e642d264",4,1],"182":["Animation/fsw_vfx_c_add",0],"183":["Atlas/Alats22",2],"184":["Animation/tw_vfx_a_add",0],"185":["Atlas/Alats52",2],"186":["Animation/ib_sw_vfx_a_add",0],"187":["Animation/Effect_moon_add",0],"188":["Atlas/Alats76",2],"189":["Atlas/Alats37",2],"190":["Animation/ps_particle_c_add",0],"191":["Font/fontSo",3],"192":["Atlas/Alats49",2],"193":["Animation/SunAdd/LabelSunAdd",0],"194":["Animation/ib_mw_vfx_b_add",0],"195":["Animation/tw_vfx_b_add",0],"196":["Atlas/Alats3",2],"197":["Animation/mf_vfx_a_sun_screen",0],"198":["Atlas/Alats2",2],"199":["Atlas/Alats72",2],"200":["Img/Rule/01",4,1],"202":["Atlas/Alats7",2],"203":["Animation/GetFreeSpin/Effect_Get_FreeSpin",0],"204":["Spine/h_sextant_atlas_symbols",8],"205":["Animation/sb_vfx_d_add",0],"206":["Img/f382a748-44ec-4f98-9a9a-a34b70b613e4",4,1],"207":["Prefabs/LichSu",5],"208":["Atlas/Alats65",2],"209":["Animation/Alats30-fs_vfx_g_add",0],"210":["Atlas/Alats50",2],"211":["Atlas/Alats38",2],"212":["Atlas/Alats5",2],"213":["Atlas/Alats28",2],"214":["Atlas/Alats39",2],"215":["Atlas/Alats77",2],"216":["Atlas/Alats19",2],"217":["Atlas/Alats70",2],"218":["Animation/fs_vfx_b_add",0],"219":["Animation/mf_elec_sun_a_add",0],"220":["Animation/GetFreeSpin/bl_vfx_b_add",0],"221":["Spine/l_q_atlas_symbols",8],"222":["Atlas/Alats31",2],"223":["Animation/bl_vfx_a_screen",0],"224":["Animation/oms_vfx_b_add",0],"225":["Animation/sd_vfx_b_add",0],"226":["Atlas/Alats68",2],"227":["Animation/mf_vfx_i_sun_add",0],"228":["Animation/GetFreeSpin/Effect_Get_FreeInFree",0],"229":["Atlas/Alats4",2],"230":["Atlas/Alats60",2],"231":["Atlas/Alats11",2],"232":["Atlas/Alats8",2],"233":["Img/6d6de5a9-8be9-41c8-98af-c7c3af1f0a59",4,1],"234":["Atlas/Alats30",2],"235":["Spine/l_j_atlas_symbols",8],"236":["Img/b43ff3c2-02bb-4874-81f7-f2dea6970f18",4,1],"237":["Atlas/Alats17",2],"238":["Atlas/Alats59",2],"239":["Img/71561142-4c83-4933-afca-cb7a17f67053",4,1],"240":["Animation/BigWin/Effect_SuperWinLoop",0],"241":["Animation/mf_elec_moon_b_add",0],"242":["Img/splash",4,1],"243":["Spine/l_a_atlas_symbols",8],"244":["Spine/h_sun_atlas_symbols",8],"245":["Atlas/Alats35",2],"246":["Atlas/Alats75",2],"247":["Animation/ps_aura_a_screen",0],"248":["Atlas/Alats20",2],"249":["Atlas/Alats15",2],"250":["Spine/s_scatter_atlas_specials",8],"251":["Atlas/Alats54",2],"252":["Animation/ib_mw_vfx_e_add",0],"253":["Atlas/Alats56",2],"254":["Spine/h_sundial_atlas_symbols",8],"255":["Animation/InfoBar/Effect_normal_add",0],"256":["Img/Rule/06",4,1],"257":["Atlas/Alats63",2],"258":["Animation/ps_aura_c_screen",0],"259":["Animation/BigWin/Effect_SuperWin",0],"260":["Atlas/Alats64",2],"261":["Img/Rule/05",4,1],"262":["Font/fontSo2",4,1],"263":["Atlas/Alats58",2],"264":["Animation/mf_vfx_f_moon_screen",0],"265":["Atlas/Alats73",2],"266":["Img/bc2c66f6-749d-4f8d-935b-a7e59bcdda68",4,1],"267":["Img/f017e7cc-0f27-4e3a-93ce-4e639e5bbf2f",4,1],"268":["Atlas/Alats57",2],"269":["Atlas/Alats62",2],"270":["Animation/ps_particle_b_add",0],"271":["Spine/h_moon_atlas_symbols",8],"272":["Atlas/Alats74",2],"273":["Spine/s_wild_atlas_specials",8],"274":["Atlas/Alats29",2],"275":["Animation/ps_bg_a_normal",0],"276":["Img/Rule/03",4,1],"277":["Atlas/Alats46",2],"278":["Font/fontSo",4,1],"279":["Animation/TotalWin/bl_vfx_a_screen",0],"280":["Img/4075c139-9a2b-4962-be08-c1e0fe5cc4de",4,1],"281":["Animation/InfoBar/Effect_Small_add",0],"282":["Animation/ps_particle_a_add",0],"283":["Animation/TakeItem/TakeItem1",0],"284":["Img/1748972b-db72-41f2-8632-2fa4c92455a2",4,1],"285":["Atlas/Alats18",2],"286":["Animation/mf_elec_sun_b_add",0],"287":["Atlas/Alats12",2],"288":["Animation/SunAdd/LabelSunReset",0],"289":["Img/9109744f-c7fc-4358-b065-beec01a8330e",4,1],"290":["Animation/MoonAdd/LabelMoonReset",0],"291":["Spine/h_globe_atlas_symbols",8],"292":["Animation/bw_vfx_c_add",0],"293":["Spine/h_telescope_atlas_symbols",8],"294":["Animation/BigWin/Effect_BigWinLoop",0],"295":["Animation/ps_aura_b_screen",0],"296":["Atlas/Alats48",2],"297":["Animation/mf_podium_open",0],"298":["Prefabs/CachChoi",5],"299":["Atlas/Alats61",2],"300":["Animation/Alats48-mf_vfx_j_moon_add",0],"301":["Animation/BigWin/Effect_MegaWin",0],"302":["Atlas/Alats67",2],"303":["Atlas/Alats36",2],"304":["Prefabs/EndFreeSpin",5],"305":["Atlas/Alats40",2],"306":["Img/2f7b2539-998f-471a-b9d5-a123220c68f2",4,1],"307":["Animation/Alats16-ib_sw_vfx_a_add",0],"308":["Animation/TakeItem/TakeItem1End",0],"309":["Atlas/Alats27",2],"310":["Img/Rule/04",4,1],"311":["Animation/ib_mw_vfx_f_add",0],"312":["Animation/fsw_vfx_d_add",0],"313":["Animation/mf_podium_close",0],"314":["Atlas/Alats16",2],"315":["Animation/GetFreeSpin/bl_pattern_a_screen",0],"316":["Atlas/Alats55",2],"317":["Atlas/Alats71",2],"318":["Img/Rule/RuleMatTroi",2],"319":["Animation/TotalWin/Effect_Total_Win_Loop",0],"320":["Animation/NearFreeSpin",0],"321":["Animation/ib_sw_vfx_b_add",0],"322":["Atlas/Alats45",2],"323":["Animation/ButtonSpin/btnSpin_Click",0],"324":["Animation/InfoBar/Effect_Oms",0],"325":["Animation/InfoBar/Effect_Small_add_loop",0],"326":["Atlas/Alats24",2],"327":["Atlas/Alats66",2],"328":["Atlas/Alats34",2],"329":["Animation/ps_bg_c_normal",0],"330":["Animation/mf_vfx_a_moon_screen",0],"331":["Spine/symbols",4,1],"332":["Prefabs/ShowFreeSpin",5],"333":["Atlas/Alats41",2],"334":["Atlas/Alats21",2],"335":["Img/7510f836-342d-4719-9b0f-da041bbcccf6",4,1],"336":["Animation/mf_vfx_d_screen",0],"337":["Atlas/Alats10",2],"338":["Atlas/Alats69",2],"339":["Img/9012586b-2eb4-4391-9570-622247d66917",4,1],"340":["Img/e851e89b-faa2-4484-bea6-5c01dd9f06e2",4,1],"341":["Spine/specials",4,1],"343":["Animation/BigWin/Effect_BigWin",0],"344":["Atlas/Alats23",2],"345":["Atlas/Alats14",2],"346":["Atlas/Alats33",2],"347":["Animation/mf_vfx_f_sun_screen",0],"348":["Atlas/Alats51",2],"349":["Font/fontSo2",3],"350":["Atlas/Alats43",2]},"types":["cc.AnimationClip","cc.Texture2D","cc.SpriteAtlas","cc.BitmapFont","cc.SpriteFrame","cc.Prefab","cc.AudioClip","cc.Asset","sp.SkeletonData"],"uuids":["00x21jEQRC6oDTHFJdvvYX","01U+GGbQ1MuqVegl5R7Uts","01xDfiZodKdK6fcD6em+ne","030gLVik1I2r40CpLGEf6u","04YHTWmfZIJ59wl15sOdnY","04lJkFb5RPppUzpcqoFZZ7","07PkaBnPBKgKyhi6e0/TvL","0a0nWEaCpH1IfHCsAJsKAY","0bBZdTItpBw4thCD0XCJUA","0cEQVtlSpM2rVuKjaEFUas","0dA028gOtA3ppRTvOGD/cf","0dyYqiOLNO4JFnrcKwlHMM","0ezle8Tw1Js528nZ/PEURE","0f2rV7EuVCVJzUtQ7TCpiN","10z55UeqpImrvwW57q38NQ","13msKhHNZIG5bFd0qx/KTf","14gT+MW/hMWrH7OBdWSd6/","16LzCeQ8ZDxqG4xvc5WOtd","16z70x67FHR530pVG7sV3O","18dzoCZuBHSKHyMaOH5CHc","18/hgqqiZH97mPyz6d9FQw","1dGwLFTJJM9pYuqi1p9Z9Q","1f+9TmIclAgqhc5xr88gH5","20qApTGmlHM4hApzbd3EI/","23OgYPuD9O/LiuQ9TmoBIL","2436uOVKlKQK6J5Zs/brxy","25kYEqMJJHBK6ZDgB0LNuN","28Df7pMthMQ7JwwLCNnCY2","2aJCUGBtVCLb09rxErmLqU","2aS8b9outN9KBriDp/MkOY","2azSdK0cVMIridBOxXEzEz","2a2h9+27VIEqJOtSoroKWg","30S56bSNFNY52ExM2l9AT2","33S2IxWitBBpNsBlxoehve","39yOqfdzZFa6UrJlaD8oWT","3976kLVnNE9KiF7tqbLAvy","3bSek4ePdFS6cX70pVRRaI","408cUSS71DeY/WXv2dznE2","415GK8fGtIc7QQIKmfb1FA","42cGjCVNhHdbIrtcOP6wev","42qqbbBx5GTZ/mk6sDLiXG","45NrtLs+1I6qx2mw+bNT1h","46nzeQX+1EQLAvwrjlUMqe","47MRu9aZxKwr2vayhuxDG0","47dVpUtiJNMJJxmSObwMb3","49IED8rSJNLZoJkvY3qjUK","49tN5VSLBPZ60EN3rezkH4","4bX51/uvZIabB4zoVc9k+C","4cwalAWcZE3KSwDTLjZjGf","4c5TzKQ4JLWJxzgIxtyIDf","4eObYDeTFJB5rRSuzl78S5","4fovThUz5KgJTRvdG3uVo6","50Dtqb+BFHA5c5zOkq4RFl","50n3j/dJRMzYyIyVGnydzH","51AeXr8cNChJj3ELBZ2NIB","52UN/Te5pNfJ92KwlvIEmj","525Tkl1o1FA5HeFevVjrw8","55YLH8hXZF/aiVMUrMXWCW","55xGbBymFAjq8C1yl3Fs1U","5681ARr+dFiKaU2iR5wIz1","59P+hFnqZBXrQyA1J6XQtw","5dbZUhCfFIJbQLuwPMp2Yq","62JzzWXzBMxpvSdvVthG6u","62Z9SGR41CwraAW3d7IkH/","63nU7mO/NEs61qQxKEelKo","65q2c+6ApEiLBF4VDvD1aR","66dNLSmnxLpZUDA2stafq2","68WsO2f69DlILKlAsW3g4N","68+hmm5MZIBJOafYF4S9RT","692glOM6lJ4rrcgImUM4EE","6dI5sMxypGd4tyaswCqZJ8","6dL4OJK0RAUZak9d/MHp55","6dVjsd52NO+5VakzGo5ELH","70OJLxCOtHtZr7I0zJe7uP","72G5bJPqlKVbQsEAyzGOfB","73sF422UJCQKIW64M5DhUp","74xQm5crRJfpHQxUiLHzVy","7aLplMxf5Hyrv2zuDKvPPM","7e6h/e1m9Gr6hqnCbYxvbc","86wPy62RhH5Ja4BcF7ZnFX","871XDJZE9AqI8q+7DNV2bS","8eOmlgK/RLXJo/e7reu6JV","8fb8cjb59HbaEteY2oIz78","91Mh4YHJ9K/a6QEEi2+yod","918i3Ut5NMt5q9JiQrKb9d","92yvS0G1BL1ZCMFm0D5cJa","95MF+IvtFCDZ9SObW+F17P","97lOdGuHFFqpbMONtX1ikt","9bQbsRtsJLropKT+UWuy5x","9b0TXiT7hMFZaZoA4GJeKS","9fKtIci29F+bfmdFGcfWeO","a2zr1TTadFUK5XaUPfNJuG","a5rUASj5VME51HS5MiSwy0","a65W+4ns5Ha71KC4y5s98k","a8xlOJT3lEM41kLRtul9aZ","a95ATJhWFMUotbYe/rNFrH","aaCh6bSBFHrrK/UM4blpO3","aayRbPQvxH64vTXSMkwXl/","aewsUa3p5DGbCla7mIaHx/","aezzRGpwpGQpy23w4XDTHP","afmemLM2hGoL8ADT+ihekR","afqH2clXRMJ7e1/1Bows+8","b1tIgCFwpNrZvVPVqJTiDa","b2wlB2Mk1NqYvsRV+osbsU","b34Kb+ls1Dmp7bFbOvOBtU","b4yHXqc7BF8I2G36ikH32t","b50LHxLu5DfrpoFkMyCw5P","b6nwKIevBIRKGMTLQEehP1","b8JvusgexFqYlUtMId0oIc","b8WL3yFU5OvYBWUmu+QeC7","b9PgS06sZLMqdcB/sN+gwz","baF9KSQTtG/pulnOzl6++8","baRGAu1klKOIoaT8H0nqOo","bajqae+NdPRq0dcPineHFf","bdwaHpT+pGhqaL2tK8Jhzt","bd0Eesp/9NkK55AhIMBCFN","bd7nzmW5hJuYzmUXQq0/Vm","beSEek57BPzKIVTsZ5eEhY","c4Ple9OE1Db4RccnQuATSj","c4phXIVq5DaJL5/nmaRMRx","c82tHu2lJPhIGr/ulxqsQn","ccyWhnnXBFPprbjDvkLzb1","cdiJ11kr9DiLebuQwy0eTr","ce6oqApodDOoSkZ90LG4yf","d4JyXAVaBMhrk6/Esl11eE","d7fpSmxUdEjoz7E1Z6JzvN","d993M8R9VJSYuRZqBnLhXA","ddTn0VvsNAapSmbdqJKHs/","dd41RULyNCtZxmEMHPjZTQ","deBkG2gShK0bp333XRCPp6","debViEMKBPELDkIuthL4nJ","e1vAnt2s1OGp00UNuXBfgA","e2Fz+D6iBPioqD19znIDKy","e2cLA7rnRFXpCD2TudtnLO","e3/qcqrttI8bMQvFVc1hGG","e9YwNEPKxMaZuh5MgFhxYP","eccPCuA2lFIqkOwe8bnnsJ","edccfzmO9N1pGppdBK8cSU","f0xmbHtpFLXJWz+da0WC7W","f1BeCKJ9xJBr3h43vwhP8f","f2RG+6bAxG3oCx7kMF4Fo4","f26GVVGRlHL5ZfyUzYwAfn","f3E1ecnJZKXKQ30OneN3AG","f3my7EaZ5CEIn9O0h6C2Es","f5/7jh1SlJNZEGqZTY007d","fcKs44rWJNO4DWiCcbHKtC","fcQ5surwdLpJoJyX+n1o6/","fdnIr3O3JN4788fn6fVznx","02iqGtrHxC+bvOrZtVNK9e","03Tg4vzvNLMpFxwOlnFSIr","04qNbiblBJGLaPdXrNzw50","05/9Qey7hKbqNn0fNHeJ46","09GN8IE7ZCWo0IaZFAMLkF","0bUnD/L8xGTImzm6mPzWH4","10E98EiF9LzYtqSPUmKEbW","10NLgR+AxMDa/qbuEJl5GJ","11IeeENm1KNYhrF/j7y2Uh","14N3fxO9JOEZ/tefb1P2yM","14hdBHKvxDyp/wMoB3X75g","15XYA+PGVItJ13FZB5HOV7","17OLAHEvpBUZSCyNHrGvWB","17U8vg+PNDCYUC+sy+J7nZ","176a9b5a0","1782bf0fe","192fce39f","1bQHnPXkdPtrryQKFoNcF9","1dm/+WILFAgqo7nzNKmiIP","1d7mB/Pg9PdoOahcUrTHtK","1f68e7b47","1fi//CakZEpZMe+rxAGzaV","1f/Gl2jaFJuYyT0DNFHffv","23iLAUc1FK4LluMKEYXvLH","24d8B+TVxOMqrNsxGkDe0H","25L+NMNZ9FJaqSF0UJS8DR","267DmBZpRDqo2b0nUVUaas","28UOjbmXdJwK/Tjq9jtBNK","2aDVRXPb5LmqJTJJCB6ZbW","2btvCgp5FMFrKeNEU1y47e","2ckSefQHpPnLQFj38EOt+O","2d7AMnLtFNILesKxv7fzUd","32n7pg1rBJvLaA9zwUdi7p","34uBtuTRVCVZS5YJD+1SXn","356T8oAQdJJr51H/M6Mpqk","36BGdjLSRM+rRgG2IMBQ2l","36ULBLFFBMn4H4RPtcLVyD","376JXLszRE0r07stHblx99","38fF8zE8tM4ZdbA6JC04J/","38qIF86TtNIZsyOQrOv4N/","39VY9jhjBDzYW02MAjEEbB","39YW38L6tB0K/jw5zmYjL0","3bTHzNVoJJQJnxP19CqOUk","3bg2fsaDpJKqg5/y9kXMo3","3b4lHM8w1EE6+2oN3nTLno","3cqzJ3+zRFEanpPVYmFw51","3fPW3EnfVNnrvapIDr8feS","41bVr2HzBIe7Ob1Krz3Ns4","44S31qj9ZDcqgLqbKNzZze","46S5NZGThBqKiJXAPCZn9G","46gODQAINM76gY86CpncGH","49NrgV9bZIxo9qCrddGlK8","4azOYgJjpOUoseZqKe7kEA","4bq2fLGOZAmbhANV8Ec/iQ","4cI/9ALBhFMK1kchueCpvS","4cof9MNhNIZYNRUvuQsxiQ","4c2p8Kq65ECIQBJEf4aTtV","4fEokFYo9EBLu2Gg7jPdqo","4furIJmitOiZMDvUKd18yu","4fwOX20CBPi6MwMYQUZ3si","50rs15XeNBQqgch2Kj9Z6r","51RdYZeF9P2rQFwC0yvMPi","51Sj9XTuJFVqU1iYM7Kdqi","52wa7kLGdFyqfTAVJt5UCE","52y2BUZMpMZriYgaPJ56c7","53fGmz4mpLNaI4wc0YuP85","55uGrv8EBEn7FV+84RC6pl","56hnlJvyhKm5LZthlB3q8x","568qWFdDxCq55EFgHQvdwy","5aVbFU6WJIjZWHPxMqBFoR","5bQ/akdshG2anA0FStQoIq","5dq9qFuPFC+qZRmOAhbkP0","5eXKdcoQRM35h/mBe09nRJ","5ezczg2qNJepfPgGlX+8AJ","5fR/KRM+VB87+mEoG/PBg2","61OGibVIpNfbCeOGZulzD6","61j12rAENJk6iZGXmpT6VI","61/3+yX2RGwLfWYaN1aCAv","63KdeHPIxFmo2IUXSEK/Z2","63R0Jd2sJNGLY0oE006wwg","63wQE1FaJCCqoestDwWD/H","65zdgN8bFLGL6xTrcuj/f2","69Zd5JyFFPxLjis+3JCFpo","6aWoea7dhLXrquRzhHjUXQ","6bG4vdpH1FUJG6I3jDbeeW","6cLqIbcCBCo4XU9UmIcVMV","6eIpnCEUdHDYmIvdVQI+6X","6e2GutQk1HJJbEfBZXAZPE","6fskwvCXVDRovKXFnn5lYy","6f6QmRKf5MKZsEBQ8TgRe0","70/JgIjuJKkKeTUecJKdAm","72YPfyoK9HkpK/If/+aVND","77mTJsSA5JR4xYtb0KK3mM","7a2KWflNxIhoBmHs9dVjnZ","7cWOGniR5C1alaILAt2m5I","7en2HAyHxDprHS4Eob3GIw","7euHT+hLdBhrghTgNK3t9B","7fNY8J7YVJlL260NO7nQY7","80O8TmalpBqaQCxWMkivaI","80WmprUMBJhJJpWKSPkljF","81dMq7Jd9CLbkJvdZQDHEV","82LFaWWsBFUK2qUrFYNy8V","82fQODolFCYZISDYktn92R","84ONyymgxLBowD4QrEtqcx","86i/dAZNdLYad3jf0TGaBr","867IUUSoRDOaXU9l1s2bHc","87l2I0t3tJ5IiKymODN108","874Vrb9rxNi4D84Whm2ci2","88VX7TI05NvpTMH4EKsP75","8aVUlotalOwIZdGtWFAPPV","8apl1dnlxJaYKSGLg59ThZ","8b/ogj3cpNRJX6g4xhKLQ3","8dSfLvrFlERqmGux1kd7Hy","8eJZnJtKNGmZYqPCJc7R2E","8fWzKT53FLt5CgWeQDCKWq","8fbrRSIxRFM6izSYAg48TJ","8ffdH2fz5Pg7YQzMw4OMHe","8f9UuA/CtMKoTuYTES7k6j","906d1/htZOdI0nyDfNKQmP","919EigqihPeJRfwi2UGjEu","93jrIUPehHAbBQbUJrEfiS","94TOwDs+JCLbmogXaDVvh7","94zpnT8d1FSp9idYyZ7O5G","940TTmhLRJtI8kSeYK+paN","96EhbweQZDkJ6TrXT+hFC5","97lYCudflJ271UowdescF4","9922A1bvdDFrAPlVDy+kDy","9aEew/r6BJL6eN6Q9yUkwL","9aRMGu2HFFkZ06xnQ56hwm","9dciWimFJNJaWxfTJpE5mk","9dhRl6cIJItYl1sPqqWxNP","9fINa0GJxI4KVYgj1+a85f","a2ac9OnD1JTpnm/umlVfNo","a3HQOnieZJuZHcfP60o7GS","a3ScWHputEsJg8Xb03k9QD","a7FGsYpNlKhoQ7xfYGxX/1","a7rRYM4QlHlZJlcGqvrJ7J","a9WDIX9kdLrLKP6/Af0CB1","a98z5ZMcBCvZZf/+M7c495","a9/eUQ8nNLqpQhAGiPucOP","abgQqbeMFAM5ddhYr0AeGU","acphuF2UdNY5LgLuGAtXgE","adpOPTy7NEyq9xIaC1s7oz","b0MFL9ltdGc5mXJiei7O2C","b4MV74ZnJL7KVV5dcsfrzZ","b5QK9Fz+lNUbwQuE9XK7a3","b7+VXXPRhOf5DQsAzyoFSU","b8Qu1JJqJISrOa+lkub+7+","b8ZGP3Mm1Ak7kPPeEbP9gq","b9DCKToA5Bn5T64WL1d0zX","baRnArUH5J55jE8vRmyW/Q","bcto0guZRJjbMgMzJk03Bs","bf6Z0PqStAQIIGeiK2Rwpf","c2AorbDm9HqZ/X1QSBVklH","c2wmHAG0tLlaI2KrKpZuZg","c32rHYgVlK5pAQpBVF/jAl","c3+zJr8Y1A4q9mtcCkBXig","c5tD/24pZBO79qc6gIuqx5","c66HxPO4pAXZFN+NjgsrL4","cbFxG7v/ZGhJ60bZz3uGSQ","cbfLSjugRMLaHNYdFhM3Kn","cbqWEb1C9JI7ZaVLCscP9n","cc2pp+1p5FIbVFfvRrE6vX","ceDFGuMmdLwJkLEMK9sNJj","cePIAACsZG0K6y99YV0XH5","cf6OkMwKJDxYgFVfDTBoQh","d0Bq0y6QNFip88/agUDgk1","d1CyYMlqJE7YQ3YNetVX0T","d1pbeTkqtLbI3dY00sC6ML","d2XhsClG9Hg43Kfbysccyj","d5Uh/TbnZG9r4z65ouc3EG","d56QcnjshOE7+DAACRpF/b","d6Oh+y/RJNJ6vCPmm4llAG","d6ygKkQiJI5KXM+lbg0wsM","d99OrZl3ROUavdv0QOpEZ6","dcnmMAWP1Jhq0UQgGRiA7d","dcrnZtYs5O1ru6XJCer49V","dfmH7nRgJJybsji3XFUbV/","dfrVMp/VtHZI5+lqy2v/Ju","e1PXtihJFN94p5sMIGyPYw","e2FP42TqBLyYnRheYbyrgI","e4B4+H4+NH+os7eWO+0kRz","e5OUALYKFOHZJOxqaLdLNE","e5lM1ktQxBbIv0TRHJvKFU","e9uaGpOptFdpckCU/Nyuhp","e99OLxAZpCkbxyf5JMBIJ7","eaGiYS4GdED5Xrgarf71ti","eajQBwhHlIQLhk8AqGi/rq","eazPnXAe1MXKdxlKGhiCSG","efPgYyKMtEY7a7dck/DxFs","f0fIAns0lMmZC0v5SeGcpb","f1gd09vKZKmK2b3Py7nKti","f2MbRR1M1EL6/uAkESCxMs","f2vBNvGaVHLYI+IBG6aTkO","f2+6cAyDFJsbT3BwIjNOWK","f6gzjGmA9BlLg2ozr7S0vt","f9Qq20lLFFDIrCTwLdg0XA","faw9BlCldNraLdg2VYW1H0","fcLLYqHh1CwpRPEq8QyUY4","fcRCg8xyZFhp5ZA9Xvq7C9","fdrkvyg+FPIrlB42Coq32R","ffVEGJyhJJ6onHTGOatdYs","ff/orf4odK8LiArNCF3TPp","00JgBHNZVFkr7r1ADKDfA6","00ayzxH6pJDZI3ls/e3YIZ","00dT2hWAtGCojMQbcPB95y","00hjxktrtAaZmM8+VJ23L/","00xUKenWtJFKWfo5csoAAi","00zpT8UjtK+KkM2xsYqVXY","006KyN0btDfLxcPxi6vYq8","00+7ReeutF2ZDHF2Kz86Wn","01TST5ZO9AgLNI6D83i/X+","01UvdETVBA0ZoG6plaoEol","01j3poKrxA5LOCw0eqlLan","013eWJsrxO4Ln4sXXORTCZ","02O7jQYo1E7LcXPxLW3Nk6","02aZ0NKIhPe6PajaMdOtAN","02e98IkLtM6JVeO3dAjzSF","02iIYl5QJFqI4slQbBI/JG","03HzcmaKJNB7QyHER2J07I","03Jj/f0t5BJLpXqS7kVxXN","03NCFE7fJIVYB308YGlC1N","03WlaTHAJC+o+I/B45yl+1","03mACBKVRFt60VcmLKjOJL","033jRDYbJEUIjhTBrDQm52","035fw/+O9NbI7xjruG7AWF","05ITtfq6lJtqmYYqZO7TD+","05y70LufBJz5hK3AaYgVpB","06AcnEY85FjpIiaGgDkMxO","06kKLjLHdGdoh5ml6sXcnP","06vxLtGK1CwomCB9iE4vAa","07FG9JNF5KJ7s8l6JvUC1+","07KfyA1cJEhZZAz+BxZoXH","07QCiyAJ5GfJm/q1dtajeG","073EgVtAdI35MTXEySUnvB","07+d/9W5BOwJHyBqX8t/l5","08m2/jtcZGc5A6J/3Mr0Q/","08qB2wo3dMlJr+W6JnABTN","08vF62xrtGRJscDRTN3A45","08xJlP41dBJbS1aQ8TdT3u","09DUPCzYlOCYBmMcYrnZ46","09tLs11f5K06NjNsENmwcF","09yJMMsC1N47LRjhAp4+T3","0atC+8T9dJwq00B/XKr8fJ","0a4Al9s3NAQ4Xdeh6Zh705","0bAPfxR7REBLv0RoMTdQ0B","0bD4c/wEZIf74hZyxnof6Z","0bkTtv2ytITpj8mhjlNG58","0bk2IuF9NEwLG9nNjZLU8K","0blwpSHJBLZ4x9yYy+R8oN","0b0c0sYWNCYqx1tqyCQFUJ","0b3tLwZIBPUpVvMoNNLqMT","0cICyA2U1OYK2xIcQM5C89","0cNDzF13VKQIg681x97PCv","0cOBn8LzZArZcXDw0YnOnP","0cTG0axLVOgJvXlcKB8nsC","0cTrHLwnRE1YpSQUPX2TaV","0cYVsKt1pBTalZ0h61o783","0caYt7u/VDIrRyr14jPNPl","0cajHlJ/FBCaffFa9bSJTP","0c47v/NOROQJl2uAhlVG0N","0c+skgJzRKSI42soAT1lVF","0dHis5+Q1Ada5x0yY94xht","0dWhtzArpFUKErBX/7JapT","0de/pgPoNMu4DH8o1byz0h","0ecHTg8xJHPbh/2R0b0O0M","0epNk7autJlLriRVwRBDXM","0fm2pdaxVAFL5uW7jjIXJ4","0f9sGRk+BMsYoz9H5LPJTL","10M4A58ZhJ3JYMWzYsn+t/","10eWbAEoFEdag2fXbEdCq2","10kU76vPhO0Lgbs6VNoWjI","10qQT+4NlHLrv6aPSA1pcc","11hJVW4u1ByI4bJdxIIsWJ","11pb3vb99MmoIamz3lUIVj","12Oi7tYi1I5beuOHZj6vgd","12sEAObgFOpo3bA5lUafT4","135Z4n8zlA5qdIm+7bUxuw","14F6bHLSZHRLpoMNhRkZlG","14p2Sr9stMpZGNZQH0Dd3J","148WRrNS1BzbB7fH8Ep0qk","15Fs08JotDu4Uk8rmWxBmQ","15GsO2bMlBgZQAZ/IVZn9B","15YfTCEYhEg5qlWh4luvWI","15qHIE9FpBfZrYWXTKZ2Np","15wG+9bxtImLy9K3Iu3j/h","152G+TEC9Eea9OQyUvXswh","15+SKgzttChbmCSL5/UcR0","16VeOrwsJNLZc+qX+0aavu","17IfWQYrZKP6T/l4znPsJ3","17Qd+Y2BNAEq22vHPNNr5Y","17ah6rFM1CgY5S/hAF3mU6","17a6VhK7VBirc5YoRkBalf","17ozI4dUpGuI0bApyYXe05","17+T7knvRGzJ+a+OIcTpsr","18LxvOpZRKCJ4U+/vrvWSS","18en4FzvJKUaot2xO0fBHV","18k2qnTXtHaoVO2kUAMHzm","19Db8zqMZFsou0NlX86U7z","19/FYdm8FNobQzgZve0abu","1aR4lgnhZNw4dFTc3Kp10H","1a2bRQw09GyLS5XBveczcQ","1bEeZisXVPX4Y1bxAbkacr","1bL1eNYWxO/ILz8JXkrY4u","1bTZIp0rFHPa0woKS726TZ","1bTZp7KFBNTL8lJ+KuAFTt","1bXmBpdzFPN5Gt50Q/D4kV","1b1/fwpIREqa9xhylDnZMe","1cLFHS9vxAxIlVLGeDBX8R","1cy03NV5VObLK5lO4zZPeE","1c4E4Y6EZKv5nqrNHTc4tg","1c+YvrA6lFeIUnikUKMkWq","1c++RVx85GKY6TQKQsrHaj","1dT1ezA8tBBYLpguGw5SRM","1d9uepdlNHgY0ZHaA3unWF","1eBsKBT0hM2pNZXn7RoGDu","1efgpyXPNHj5uUjqKgbKAM","1foP2rigRBDJqwmQ3tOrKf","1f0PLS2eNGOKt8QcGNdtx7","20L0RNMVtBZLGniIaO1t4x","20aS5J6exNebBbR6imbPu8","20hzj7MuhPGJAL7n2+M2xp","20v3h3ihJLWL2LYu3XLIO3","21SU/RTIREgJ+tgz4483u+","21c6IBvTtFgKQVduajvOpT","22qi4OfJtHu4fYGbEGO5RI","229SQ26n1IXZtsw5zNjsIH","236vGM/PVJ16ph5gHgahd2","237eqCFG5PFJgV6haNMfDk","24MR47VWdDIYIsQk7UT5Q5","25Ccy5a6JChrztlSL2YBGd","25hLnEho1OGYb6cJbow4rp","25lXFz3VRMibszsQHahpeT","25rSI1kjhIYZxwukNKAHvV","25uMF0R1NOmK5pAxbViZvi","26VqTGigVCuoXuor3D3rmG","261bU56AJIFq7FuERPMGqe","27biaFH+NGOZV66nDp0TZp","27/Sj11iJLdIOZl/nMIDcv","28EgfhJPRByYxMHTMKdYTZ","28L4224xtFWpuBBbD0DOwt","28W2MeNgRNUJqxwdo+1SZR","28kqva6N9DrrSW8Mw4nxYb","285Cy+w8lPfbRootAijtNi","288yyQii5CjYJWgS8a8Lsx","29FYIk+N1GYaeWH/q1NxQO","29J2bsu3NMMo5Ild36aVJ5","29pNhyvq1Gs4IRDh4Xgcxt","29xu9hW1ZFm4s+1u0PS+2T","29427Ub51HKYYQYUZeeWcR","299T6X2c5PEan167mQ5KY9","29+bROkGZEqZneZ7ZRFizx","2alX6aeBVNr5buxDyWyTPW","2b6iQ8Bb1IcpGzIjPHvFaK","2cIvMGRXRO25H7DLLvzdqV","2cUlUKTwpFJ7HknHDB0a7+","2cVbGz9tJIDLMId2RM+vQA","2dC15FTMpEpa8CABU9uYoe","2dHiMbClVP8JBUM8jI0mHV","2dYGhKaXhPdpTOLVYop1m/","2ddI0ztAtGfby1x+zH7bN4","2d4B8LlMFKZaWbhGrQAPyl","2d5OYBibFLKbTCQU9krNYF","2eNXpyMD9DJ4ZGwvD05XYa","2eXSdV5aJNibcpLvYGBj4Q","2ec9IrIBtDNIRFAnulfSb3","2efKlPTytFiqAFW2K9FUtE","2fX89QmGBBgKDe3TTrSNLC","2fdG6TdLFJOpmIkdrh071H","30G2SHl8VMW5Ap8Z9VqjzR","30Sn173oRPI7jItilhR+ug","30/tXDNhxH45GHJz0q5ngF","31Hp/BhlBCPpv1sQyZK0Xi","31yENUtHJLporFT43WO37Z","31z6mvrBxCR6TbOVFHFrGh","32CsEFcJJOSbjrUsXLppBP","32PhU0o6NKSaWNJSfP30Ku","32RQlyortEX7RgIoX6sK0m","32Rw0ydZZGPYphxsuaOqVh","32kApE6htPMJTEZfmTcOkC","33eTFWSFZCE6Ms2rdQkmJ/","33ytnFDPFMb5enBonihLVe","332Yvq6U5KXrKNgNCZ/7U3","3426DU5yBInpXjSyQKbxsE","347AVpJttPop4bKV3i2kKg","349OqMITxKP7UdPQI2GkcO","34/A1m8aZJEbv4oiSI3OFf","35K/1kOypAk4pK1GM/R9nf","36ORm8h31CgZjs6VnwI5i4","3672YNJZpL8roRB7qHJICj","37FL8NOBVM/rnY0ywkdpfd","37RBpE3PNIroCNHF+gvulc","37SRsIShdPMI6lHxIIgmYB","37kv3pJz1Oz7kKFK9PAEPi","37/cFiNqZJ/LolqL0pUhgx","38OF0LexZCEZzlj7F8dmuT","38oYaoIYxGsZSt1hAcUzDX","38qlqQHNxB1aovExYxEvIP","38tJBlfn5G7Iinln/Xbr91","38+gQdxkRCk5cSrxqb6+zK","38/6gwyIpN3aOILT6cmEhq","39OO1MLFtMZ4ypCWtwmKaI","39fzUF3chP36W7lRNtFYS/","39g5GmgalL46IVgyjZW9FG","39kD8KTdNCv7pWJPKIfveU","3ae7efMv1CLq2ilvUY/tQi","3anIsSgGRDAZ3Hm5lPRPYv","3av7+FlWtAFb7J5+hXncFd","3a113+ArlG6pumkc8hCp3e","3bbnb2/A5DXr0MIoMgXMot","3bcN+KgWVGoJ+P+zLDp2nH","3bwhS9l85L8YlWOZN1LW55","3b4MFoVfFJbo69b9y0WfjL","3b+zJMhnxFvJkfWCocajWv","3cbC3hEbpAvb/Pm60f9V2x","3dCNkjvX9C5aPmdy/WL0j6","3dJaHdwq5Ix7Xeg5WlGsvV","3dMVLHQOVJB4rJUs2bnNcS","3dpGn87nZK3KxBOng+Q6Ao","3eIxlDxOJJpKA2IA+Vlqbm","3ec68G4aZOgay+IPWHywWP","3ey0TS49hAzK+gcO7p4qoV","3fGg1eeHpOlrfHwRZgr3AF","3fmp2NFe1BxZs7Vn/JxRw0","3fw925q7lBCbU7RiwCgJds","40lpBVfR5E6Z8GCEoYHieT","40t2UJTvpJwIWVFu9pVGGk","40x2Uqqo9FPa8tXaKaj+Bh","41GsxfcelPao3Y+hyzEszx","41ckqKu8ZEWIAB5sBUj/Hx","41cleyiNRBGKdgEdPD4KXm","41uNggRyRCwoMdIo4hougJ","42DJX+O6JAg4MXP/aWXl2T","42NREr8ilEt7sdAlBK/40y","42bxG6Z2BPtoAvKo5qxhZw","42cPrxlppKnb2UnU27Kg57","42d3wvbitPYJpL2O9jUQDP","425iwRBe5DxYB+hwffFdTg","43IRsHSC1FKbbg8pCK84Ft","43kYR7HcRNmqRSBG84MW/7","43lOVoKpxLTKmqJoyBdmtv","43vQ4GhAZCE7jTOe5a6t6S","43wKVcQAZBTKik1yvniq7w","432xeqhJpFI503m3JzIV0v","44CJhWZo9BcKqKGO/9YhM+","44YBa6lK9OB4W3xkEMT7el","44l1Bpw7xOQI1+Wkl+IGHI","45CbX9QulBFqQTxnxbejKa","45KTTQt5JG9I5zaiVl6Nhf","45Resgz4JFH5BUIWQDLNp0","46W7PgQ6lPu7CZmcX90i1s","46elFiSiFKtIpa1+iH6gMq","46kl7dOv5IeYSFIT9ki8rR","46oPjzaaJArbKHgxggjxqv","46o1O0WIFKFaYzOs/n8UQ0","46vDBHYZVN9bB/VKXR1tm4","47UVNFl6ZMdb4V8l79fApC","47hFE0oQ1FaZ1oJdOubTB3","47luzvNzRJmbeOxLXTG944","476aCBB4VFRIl554HmoDDy","48JYaH4KtHVbKVAwOkUZbh","48bnmB7UpLO4nC5ifazAS7","48kaT529lJwK1Vt92cDNnd","49htxTGrxFZ5w1u5uThkgK","49nlhC5JxDZbm+r5Pj6OIj","494qIPk4tNILbnOGqz7PgO","4ae5IuAfJP/a1VmzSIyoNO","4aiqeCakpIEaqOz4MMCEzL","4a5sEg5RVGO49Tkh4AYHT3","4bARZ/bnJAaaf4rTor1N6c","4bH7IMVb1L1KlOZjHye2EH","4cbZr3/kREHLTXCMeFN7aS","4ciFVCVaxI77Xo1RILgq91","4crTi8F6VFULsja39NkaQQ","4cvEwmbnJKJ7p2vx42S+I1","4dNMN+h/FPpJmfMpCzXblI","4dUUdFJ39MvqsKgJj6mCwE","4ddKWVdRtJJLr16Clzvee6","4du8uftmpN9pglVHaadlWJ","4esrGAE/hHLY2ZHpkgsJoS","4e4KkaAXJGCqAy6cFyYUTe","4fHhwUutBDIIQY6FGeeIgS","4fXUmT1VdJLZPkJBtVABpV","4fduQURi1Caai78//QDRy/","4fiBnhBbVIArl8g6bedjw5","4fsVrDh+JAdrbrxskc0Je0","50k35ple9BM5p7N24nBVb0","50pK1krylJwpFrdgJWFVZ8","51IJ9RGeRBFr5bjR2bXuj7","51XAK9DYJCNLP8LKJAk4dW","51hyQWkcNDA5Rr0QkRp+X/","51o8e/AidOl6n61YUj7IzE","51plDx9NxIp52fwW0VCXQY","528RQ6+c9MVonKQ7g6XtkM","53G80/dXxN54NaWgIFeyDs","53dGp/l9pAZI4l7wWJKb8T","53dHkIfz1AZo2gFbsk67sM","53o/xKVwtMnIuUnw5fjCCK","54IKSx5B5OvqYeyeXPe6WQ","54Uly1t29Dp6ECOpRPbRZG","54caFv/n5MToTwGL048zNq","54oc8mHJdKk7MzJS09hS/O","54r5//Et5Mza9J3jYJKkgZ","54yZV5OMlKE5KtFokFm7cP","55AtsvU/NCSK8Ut8YLom6h","55Ea1pmoZBOYZelvFCOIDv","55I5PT4V5IE5JjYotx4Xgr","55N2sew01A0KrJe65neMfZ","55W4xChYJEDa/gFYcOLGUs","55fSWVsBdOH4M3B6QjkzDv","55jia92bRGEpXjNJu92Xem","55tf8oiVVIgadZ8WM5PzGW","559GaHRj1LdYZIp0i2UrNH","56I2YMWW1EvKbxsVDjQPVx","56PUIBSuZEJ629XkX5PGaM","56b1qMRDBGELVgsr49GbFC","56goBF++FCuI/omJV79r3L","56j09TU1VJyZbOxrHLelUI","56rcHS/ZpG9KC9H1Yxdo2P","57GRLqcddH9K8f0y8WIC/l","570lZsGdJPu6txY/RNdcX2","572eoh79pODpDjI5U6SFF9","58c4e3aHBDmICMWLcbsRW7","58fU17CchCBaWX9lYfkczD","583llDo8ZOGa8C28d7vpAv","586JP/kFNEDZgshRzP7ejw","59W8Rwj+pCI4ishOtBH4c+","59bmctqhxMIoZ4bhgp2UMy","59h6rPZKFLC6coCEOsMcbC","59idcd8ytPLKEyc0mzF3A5","59nF6G2fRESJlm+ePNvQUm","5aFwkcm+tK7Kr92+lscMhO","5aGJub76pH45IV5wYZ/1a7","5aMK4B8vNMvZDOg1ckb/w7","5aRK+V5tdOOZe2NkG4+ET9","5avxWm+3tCGKA80sEti8YT","5bVwmOcNZOYoJYQG3qsX7w","5bnWYJm9RCxLJPXBwqMN68","5bxMdo5QdL7rV0+N7Gs9e1","5cOQ1iXRFKHK9xeauFyc+y","5cO7kybDxGj4ipyMYdRYZB","5cZtDVsJZIqIJSew2mUcx7","5cljLz8KNKKrBgiB/FrhQG","5c0B8T4RVKNYl+zVhNwrb3","5c7nflMBNGnYHrtoZLwiKe","5dBBy+IKxB5ZBtxl/qBUe7","5dF4Qa9bdGZIllosTrk6z7","5dIqMT60NEdYHgO2Rs/vxY","5eGM1QVH9NnIwH3gn5nQbH","5eG0izmS9PMbIrY46oWEtH","5ebwtuUBNB2ZJtKDKupQl4","5euR0FnI5DaqbWhOpDr3sl","5e3OG1nadAG43lIaq5XaG5","5fExP6/7FLh6QqRcWJaAjq","5fGERPSwBOD6/lJk9JpcTw","5fsSaZoXRA/oZXLRS3XnlX","5f5dyqtRNNxaFmVzYns6FZ","60D1VHRdhHdpWB/yTGMUtj","60Huvb9V1JropQ6U13ZWTW","60qZ8mrOlKdJoj1ptD9FKI","60tB3s77RKHYMadBwz7pt/","60v+jMznNNbYP0hNAVU50r","61ZHVCUP1NWZ362mwqcf9n","611zuN8SNJ4Zx5HEUuOp6N","62okm+ryFGlKT9p2zsLJ1x","6207FhOf1H0qIfLEm04R2f","63ipeDcIhFHrD0VjKuzbTw","632af5tIpPpK5Daf7x4Xg4","64Kc/ChytJFZ5Izk5wRXXm","64uLgZNiZIGp6SNNUpXasl","64uq+4NH5Iwr1tpzOBy1XK","654BgfdPJLFLCRV9W8PHgr","654hayXihNG4y135MU//ES","66BhIB1GdF5KV/3Q5mukG8","66RgEzMJlHg7ahkYLn6D+Q","662iFZpqNASaVDtNtC0eii","66+4HEGy5OBqrhUp8faK+Y","67a10LQGhOJ6eahO+irhss","67xBNXWn1AzZQUErWdZ+lo","67xm3hMztDl4waJuep308A","68G2Ov7khEb4L0rq+wcvdf","68unxpjoBAyalHpNymwGsN","6808n38bxKSpzC1gSNnWnB","685P/UEXRIU7GdZ2AuYfnv","686oCXFetFzrKlDlmXbrcf","68+DFmJYpG/5qQBA1QEcIY","68+gEYE1tE7rEffBAbP/xe","69itSbOWROYZOI3zvBot/v","69yie0/MxGX4Ut5JPBW6mv","690ItBWXxJprRI2/904H9K","6aNziraMBH4adD262TN6fb","6aP9WjT1xOXqibOo6kCia2","6aQJlIAy1KK6/qJFoaqgKi","6aW1LA7eVD/LCidt1QVKG5","6bQHA06ABMiaOqXZUqcYcN","6bXabIXPJJfbDBqLL2DMBE","6bd4FBG5BJYpZHTs2lw8wj","6b2J/BiXNCgYsy+VkpWzkk","6cB+I0UcpALJjqKlDxyQbb","6cDqy0Wp9P0JyzpTf9spZf","6cn/LubAhMmouSst9Cicya","6cpT85DgNDLIvxRHlXc6jI","6dSlIXU/pN6Y9e3DMp9tAf","6dmwSe6T1PF6rulRAhQmuX","6dx/jrRHlG/qRDxRkkOu0M","6d1uj6rjxMQ63fW7SBwHYn","6d+DxGY5xC86jKZvtGvaTh","6emMpRPlhLdobJo+XG5hmQ","6e20ynSEFEc4UlXLQVrITH","6e3XOznulPVYHOJtD6R83R","6fTV6/ztxDBJGV4lHiGlO3","70DE98JZ5MY4RyWajnmVhc","70hyKASqxI6qJ4F51CgyJX","70tuxh/btPjogyZw4AZKln","703TvubspG8oHCbJkmTqhC","70/KUtNeVKeLsk3Qj0+r35","71LGH/GtZEwo0zph25YpuO","71WrT1cKVJ+JKSMSKoYYJ+","71nEJVUlZOTauBS0y7dOZ3","71tPI4uSpPoYUXsE8OGJuP","713ZFwOBlCWp55OavhFniy","72DCxtd/FGo5eA7ZlMpuf0","72JHjSOCRENIoh82PEmn10","72XXH1rEFBYYu0T4ivJ8on","72a/VEXVNOdaZXfz3p/Xi7","72my0WIHBBiad2S37a02jm","72+2w/yiBPxLEqV2Oq/9CT","72/GVaCEVNuK8fEFM3EfBD","73teUw+AxFuoAbdTSI2MtE","73wtYIHKhMj606OoR+mCrq","74ksaOYvdKS54AqZxF+6+p","74lpLhqmRNQoEIdfOBGaqK","74nt2MZoJG7ZRrgOrbUiJm","7426BnL2VHDZ44sapAxcfo","75GO2MHOFNDpSc/LhK08li","75caxj1jFMl4TP7GAh5mrU","755W+AjSRLuZwn+TXnQ3Vy","76Cn+U5KhCb4Fck0UANHeY","76aOKgQ69Dsqs4pIapwWSL","76uL2VrbNFwIS7lH/xMvGQ","77CbJYYLxIZLgSYrxwekGa","77m8Z8IEdOYomB90rGTeXy","78FobzjOhEUKrYAx18wwBy","78YhorEG5Od7DrAtJkb3hi","79XSC7e75Nc6OFWUT9eu+7","79Xd68m3ZN8aC2fiTCELVF","79kRvkSKBEI7zAECgdEhrl","7aTm4ViqxNIKrw9g0Adrs3","7aYO0iPPZPxa0/DEX44lWt","7ag1n+Y9JIBr5/npL8F09R","7az0kNcslCdrXLCYTjIKKA","7a/QZLET9IDreTiBfRn2PD","7bFmmibexG7Z+lG3d9gnDz","7balLxP9dPpIG6+oQhyFMh","7bbdMZbGpO851mHuTP8btf","7cEFaN/6xJx78lH/ofgDIS","7ct6FZ0V9JG71KmQN1L7ix","7dt4ONOqNLsJ4YgwAiGpJC","7dxF+JkbhNO5fH6IlTdKOS","7eeCqSd/NE7a4XqTBXf0aY","7eylbHk59Id45ezO5lZlwW","7e2YYssotLvbQqlYBkQRHr","7fLIFZfh5N75PBruejDQjm","7fa0z5RhJHtqanACQ+hNSX","7fde29AqBEhpKNmAmmlnxJ","7f+9n6y1pGWYzoXzjVBsg2","80AyTJVQRIkp6Mw21yIp5H","80TBOP8lFOD6A+Ahbs4IeR","80b6CxvIVHIJ6d/SdyFFGM","80kxJAtsdDMaZfctNcMr7T","80tdpoRlVJ/oY8UH071EUK","802s+PHu1PtbNGJ62hiS0C","81J6XM6phC377rZpFeN5pX","81nTleg9xMwq2gEatMC3sm","81zS/SHxpJRaRsCQNGXNk8","813ouH7YFGOaOO4TWMxLWq","818sQuVhZJTY7mOfD6NlbR","82DTmEigFKJotRrWFhkINu","82F0NB/q1CB5VCxQP9crsg","82uBZouPdGKr64SWKzS9yV","828zxrSe5JNKHRLTw3eQ6G","83XLO8rtVNcp+pu08FkNce","83n39ORbdJNpoQiwOqqaJA","85nMBYB8pNJLuckaQRELdi","858oE78NhCfqqdg6iRTpmq","86NNWE4hZJBYtM6njmscA9","86VtvbeolL25MoVvAUdcTp","86dndgbGxMD5OWvfzWgok3","86hJMmhJpPSZn1htfqKOno","86nbpf40RF46cQUpBJea9j","869Kh2unhH7JeWkxmGuWFV","87Q29fnyhFgIqHigWFte8k","87XgTkrdxPDY7mTJXx/Xiu","87ktPBj+BDroFWoq/dNSPH","875l2b8tRN0bYzVBe+Ga3n","8753XGA6NJ1YXaRWmUtXFM","88SbPPlfFCioQjpOilQfsE","88aESKKStPIYu2pRv9gE94","88rPhyeMxNVpIReMsHiYNk","89LklOnSRLHq2ALCxiwF27","89kaVOAOlAc69bIMMH8aRq","893e34AWdDj57JQaqA5WKU","8aYtvz5h1Nxq+s1fhvxPDb","8aZAxl3YpNarqo4xXu6aKM","8admm7Xd9A7JfQ43GiTVvs","8apjOajP1Geakc7kWF1Myh","8avh4HxzBMupT2yuZ7J/jf","8bPeamSftDi4Zdg2ATEDH9","8bYawtiFdOw7iVLtFmK2Ce","8b5MO/xepC/qptZbmkCu/L","8b8FUj3npBn4qa+gxCz1OM","8cMq/7DYRDz45+vX6rPOD9","8cTmFKfjNJko3robJ1aPWX","8corbTCZVG4qeSnOHvlpxX","8crILMDhtM/rgEOdxe3L4I","8c77tKYiNIq7iZmeBORttG","8dK2A4Pg5N/qYNOZ1oGZ+/","8d4bz/XSRClaT/WfEy+lEc","8d95PEqjRCDpEy6rOqD0cc","8eWyGl8OVIjpgkMAKZIwTM","8ebEjY701Jta8b7rJy2RIM","8ewce4nK1AjIvd3IGcrWxW","8ezmmT92RBzKwu8tFF/djK","8e4deisVpAF7wrMIHEHlXJ","8fTA/jR39HM475nI3A/RT3","8fjENt+uJE4KHqBaM4cLjV","8fjuMl3HZGO6gzMjtB7e6+","8fqSELDntFkrf11i7iV49S","90Srd44fRK0Zy8awzar8FH","90pTgT5j5L56VdgLnap95l","90+uDqLE9A0Z2CcFCkUihI","91THbI2+tBNbG67iflvuZu","91Vw08KH9AQIRu8sbGndex","91gNF9MJFJIY7ibxKLIQlr","91hGe4GC1IFr+rdZ76/URk","914VJZmtdKF4ZKOIdOF5l/","92E+ojsolMrIZ3iiKaNgdH","92ZT23HmZKLasf7sd7z0b2","925GGWqJtCxqaa+GBut9n4","93HQjRPkxPza1pwbZENIMJ","93cfzesvRNVrDVS90bnBri","93j/qY9YlBIJ4oEklTzoL1","93reW33fZDQ7JUv6XRyPlu","937T42kNNExYWphCOixAvX","94E95pr19KJ7VEgIcr9jd4","94Lu7lNXtBFKDE85XQcxTW","94c9tkv2pM/q7guddKmcrM","94nbx/blVOpbA+8npNpPil","949sN+JxZMirrOnYQKBkOV","94+1W9yFpKMLNCIOTPYzwq","95Qzn6q8NAhr1EKNEp1Qmb","95ZXU1A51OAYtn6lRYpfKt","95sCh0hr5GYJEFEA3H3QNb","96AVVrjm1CTL2Mwmfa2Szv","96U/Py1Y5Hgrdr2a7UZe33","96db/9c8JDn5jK5lmfET4W","96+HEVKsJOu6JSoF/Blrt6","96+rYN0uBDJ4qpq7GTgk8n","96/nDHX2VBHIyaCetBggPA","97FHB4auBJj5hf9CZHDcOX","97wVvwv2RHLZYm4RzLQtZi","973tJFnR5NUaG+qVpen1Q1","979ZhFhXFFDKFMZVorUHPw","98VA1h56NK+I9zcsZYVfWb","986bAKS5RONKy7jrI0AA81","99Hcqqm+dHU6WWLjcm9Ibl","99UbUlCOdBD5nAXXN10Z5c","99by6ufMJEZ46Zqg1wQe2z","99m9FY0h9JGrYcLGgRD80Y","994CmicCxOUreAPj7pyJK3","9aLqj30oNK0pjM/qFpqGwD","9aP2XPAqVH4oQwY/Lmr04r","9a4zmpZjRFPIxYGzFLA9pI","9bdlHfqRJH2b59Eb4QiyrX","9bvaMerUlDyary99mJa6xp","9bx11XoaNGvZkkfyohYL8M","9b6fC7ewRNlJDO3xgJqjVk","9cRZiYkl9OB4StrXBnVPs2","9cR5Z8dLtBJ4POzGdd1+Gu","9cYH6jqx9EQ6aiKk881Dsd","9cepOF2SRFNYQ/1eQk4Dyb","9cglK72oBBNLbvRXcX2QKX","9cmgMb0GZMW7/QA0EfFA5r","9c2+5Mu0dMvoEMxNegC33l","9c5ywv3B9Ex73uSjYfrflk","9dVChGfRpDirg7elPvTVCo","9dWifsiWxOb56iT64MNN/Z","9da2aY4LVH+JxsAUJ/SSAS","9diY89bgFHdZBAuKpSbN5J","9eEPJipe1NPpk1aACHV83c","9eZdbagKhA8ZkeLUa5LKdx","9ebJ4Y+GBLuZN/Y07j+n3F","9fJNbu0SFBQ7vVBGukHrK9","9fMgUOrYJF0a9QMpzBdTaG","a0Iy9f5XtMwYVBFUNfon6t","a0NZIk/tZEHq6r29W3iMEE","a0kvJUqQJGHqtXhZlX/f2r","a0qoKb+y1Jq4cHgfB6pa8J","a1Ei3fpStCCIpsiSiqN3bK","a1bY6EwqpA3bcDoxYxzykC","a1wqXsiYpIqI5vizaaY+lX","a13YRDxtxNRoExcyTshavf","a2BzMCzbtMh60/7RyF8CRj","a2DpKMd65Hv6pPJtt4z2As","a2MjXRFdtLlYQ5ouAFv/+R","a2c35qdv5PSKNqRXNRK0kx","a2gn8uAWxIMJStncvKLY5y","a2ycV1aMJE76SVmV62DmUO","a2zNpVdohFsJ29cbugPcr8","a3P5S4kGFHVKfubR11U/L/","a3ii62vnJJfKxd41iX8b75","a3t9lWDfhB9YaCNvgo7B8v","a3uS60k0dI35tOq4b0/UwZ","a39SqHILtHvaCbDbWF0t8n","a4S5Ce7+xABYKmPOwaHuec","a4UdVq/M5LBJ3tmjJE766d","a4ZpwKa65C64AC1CuhoT8V","a46O99y49J8rjTJwQZcovI","a48DJIW0tAKZ4dloybtekc","a5BxSKlE1NgJqmomD1K0OG","a59RqN5SdIfpMvfA43rD6e","a6Lb97FrRLu59oSg4wXViC","a60VUGFyBGeK6EDFuJd4LJ","a7cWR5QURAz7JEBBgFhabr","a7iXPS08ZF7LpjpcFm7mOX","a7otLYlHtMKbz/CQ4S84aN","a742kHhllMK4SSLSx5SjW/","a77tAOmfNAk4x/ZLy1Br9v","a7+bBz3iVH1KhctpVbCtNK","a8ahdEB9pDbbSTXIDZW2fR","a8bNNJ4b9EXZF7YzUzmbDl","a8hxwS8HBIrJJNNLtlwmi+","a8tDKc+eVAHawFgw2e8Fx+","a85cfAMaBAB7D6Xdmpw+/f","a9OCN+m+hPT5CPfrnvOBfX","a9RgwUwYBFRoc5Li0/6nZB","a9W+YRYIdAS5ejiOdXTq9s","aaMWFOlbhNjIHgPt0ZZGR3","aaXazU7dZHV4AWwk73zc06","aaZ36A9+RGWoUKIs/ci4L4","abHSuXyKZJ/peZgTuSAdn2","abLP8x6WlOCqB3AQuBPxI7","ab4d4BpYFLfojjKDFAXzNF","acfy//8ptNHJTtpWIyCmKT","acvZQ9ZEtPr4EHLfmTaf5X","adAa9VANtNab0fren3JvF0","adH/pCh5hJnY8exltXeEhM","adc59l695IRqlrzLBp925S","adhBzdiXFJZbdoBt6bv0Ir","adjlMW9XNFlrFwGesSVDIP","aeGxnnQKhHH5uvDDEXsKVy","aeT4L59ztCN46xqlBdxnWo","aeV0VSijtFl7vFnLHwdBJ7","aegMSLIy9IMqMSGPJR5kh2","aegx9CoqxJSK6Lh14o0B0k","ae6uBRHKxATLU+xvJOcOi7","afE41U3pFEO6X0L2Uw+hOZ","afLPAr6o9PGoQehEso8Kkr","afLqmA5dRLgpbbgmagQAp4","afMYAMNplF3rS5VNZ+/4Ds","afx0Yr3eFMOo3NSZej6J58","b0Jj0099NNM4ksT9xDIgtk","b0o3Sf5xtLv6mfmySQ+UN9","b1W+ILkhBMaJV9sjNVW9ug","b1zNl1KChLcLceOZAybrvK","b13E1Z4R1Nh6L4Jf/kmBqJ","b2DBuPdGxKMpBu0jPtjVKh","b2ECW60shKW4wyb+H2OAZL","b2ZQ3a4ZhD7oTAxDtsnmVu","b2n5YTM0JM/4+LCZOymZJG","b2yBwNwNVPhbk+/XXbflBm","b2+tUnhn9NmpRt6Eto05Rc","b3NATQpldGw7cU6xRzFuFD","b3PCSl8WtIz641J4gfCOEA","b3RXqFM0dLtLARijAOxPS9","b3YlIAtNpIhJaIEFaplh19","b3rQ9flyZDIr89tPcqwk3w","b3sxy5mulOybrboBEbaykW","b3/L5+B6lPC7vrbmwy2LZY","b4io309d1Al4WEKMW0WxhJ","b44mnjL2tAQ5pEjcM7/yLj","b5Xkd6M1ZLsa3hWQcoRFgt","b5b08Yx9lIHoFeoDVRLI+w","b5c5MtqMZDbbTkCr3ibxE6","b5c8jrkC1LFrYvfABDaKIT","b508noPThEbILj1TJ3NPyJ","b53W8wpz1GdoEW51mJ2XkE","b6DxTQotJAYIdJq36cv1LX","b6LgqUEvRH4LQTKfNffe6L","b6Y7AYHxlI/aF403DQDUne","b666R5uzJFWIav7ZSqJ0PH","b7F7O2AndEwprdQdH9UiLh","b7Lv3blr1DwpVMKA5HBwev","b7Qs15TA1Lkqz8fMb1161f","b7ZvgQ6TNOw5wC2wyonb49","b7xGAhvstInYmNdaOGpvj8","b78gjofIFF372374nzz+4L","b8OQw1R59APJt/OE9RUPHh","b8f94D27pO4IYSzqo0YXv2","b8w4iyP7FOCZrPRtJNq2M9","b8zViH9khJ45qdxGPwm07m","b9N7fqUmVJgbFQtjSc+sE1","b9YCUdR5dN24C5tYkSo7dx","b98H3JgYZL9qOhkHyPkiRK","bapGxe3WFPTq0z+a9hOmXv","bbOXNhntVMbqGaYQYxZdfg","bbfev3XmtMEpN4fvciVWfk","bcD4eqIltNtJChWgIJKIxx","bcJ0piNzlMfoFw9OW7ZEUr","bcLNhzIKlAl7CLAFl4YRI1","bcWHDlYEVBWI5tYGpbnA2r","bcdLIbWHRPyJ4EBj8eCRdI","bcjL9nhltPOLyYVuvQh6n1","bcm3GYCX9IAKGrFBszOYHj","bcnbv2ThZKGp7Ct0qgCAvi","bdPjHdzGlChp/SGYZOV2Yk","bdodm/5NdLqaN6r0IsxePq","bdvFBZDMJE8q58q2eEoFDN","bd1k/YXwBAnYEyzVcITuMI","beAn5INRpBg6ZMwK5Xl0xF","beP1fBGdNGCYoIIyyMpzV6","beTDNzsLNLuZLpB+OWGv0C","beV2HTKqxJGrDnzcaUylCY","beaeela11GXJ+70wiCLi9p","beegfRmFpDyb4gp/VvnDhp","bepccB92hDE7mk/7JK3AfQ","bezR5olPFEYo/BeK+5ak9v","bfRQWBXLtDlK8/RwXfOV1T","bfgASIXdZAgqqTOXlnfFD7","bfg2yGPr1Labl+0uwYw1LC","bf1C8fbZFJbLdJXBwY2dam","bf1U4f++ZGq4gHKur/GWSH","c0hFLQvNVN4K0sFz+JbKzw","c1HtMhZwNBWomH9bzraN+R","c1KaYvBRZGjrc2oya/wMMn","c1YZiyexFOHbtwLSibagV+","c1yP/epplG4Lf/KYjITJfQ","c2HO77Xl1IeKzmfStPKOq+","c2KAb1ouVKX6rspU1IVUXA","c2PSVNYdpDx4GIXjo2bub1","c2kUmQbn1D0Kw9LOjJYSsi","c24N+FyuZIrqARVgyC6lkz","c29m94SulPCr0jhYyxqAgp","c3LE4yzJhOWbrvt2e6N6Gy","c3T7EGdu1M5KnijPSvQcZl","c3cZJ1fM5Dhrxyc935e1cf","c33PmxbNFHKLE7I1zwrVfJ","c35g6vIgBAKZCOe0jZCYHw","c4AK4i6YVNcoEvfAKxswSy","c4Y0UrnFlIQqKvsSJo63xQ","c4kiVA4t1C+55t+MUmL9cY","c5Jo0v+OtAcZivlVqp0xMh","c5RroxiaND6pUpXKiWKnf6","c5X+T7EH1H7J4D6/hLHTzF","c5gnaAt8ZIW5QXX+5NtqwV","c5ms4qjZZGPZNLgDGbJxKg","c5naOxh95FH54fT/82iL08","c6VX9se2NAgZ+7FiJ0Ne/k","c6a3RZhR5B4JHZpPkACPWR","c60LE9zPFCfJA3Ppb2oCRf","c620PWWB1PbpgKfGjtQF6q","c7BOXiwvxIwqRyAUHQS6de","c7XPBpeidB6YCvtmSDqWLZ","c7yLjfNylNcYx1SKLie8KC","c71jVdaW5K4rLUeAkzUMZs","c75QivMydBcaFNdIPn1B0a","c8SQUUn+BOn4iMqAgU/qW6","c8URyYk9tHnrrSywIjVrig","c9VupEoCxGbIrIXOJwwOth","c96LCYDv5DloivMmyPNDU5","c9+lH/PwFGAY+AMl0bEdq3","c9/qXf1eBK9oZDmyIeWIZN","caISV0Q2pHgpCtPVYSZ+uN","caby+vrttIa6zvcSS3IGIq","cahFOarZVJE5Ip0hbZFhnx","cahzviF1RMKpDPkz2fx50r","caqFaIfmtIwZPU0qGIZU/V","cbYpvLL/tK3oeOkCxCENQq","cc4eJ5lQlPvb95aRBABDgm","cdAa4W3VNDC7qWCRRsRCDi","cdCwERbvVJNZZ8ncX6rMJ8","cdoTbTmW5Ks4lhdA6IUwo1","cd9/MrLUVCB6bbKvtJkGNH","ceRqnRdYBDz7Q4qsedkIhG","ce9RGCWLlLoLhYSn3quzHI","cfGS8E6S1Ie4xnRcy3qKgW","cfHbRv9jlPAL1dLUL/Vvop","cfXaySLPFBuJThGchS2aRa","cfYIJMeBtOEabaSaQc9agp","d0n/WJBRNEIpj0rOtT/b9I","d0sTXYN49Ilay+smrEy/SH","d0xywtsMtEaryd1EjEHFWB","d1CutpwShMbLy1j7+E3gv9","d1Fv8gxd5BW759MSrIEJrD","d1IQL15B9KuY0vZn7YSHNF","d15/+ByutGvZynMiiBgXkb","d2DJTXWmlIPZ7NTwbz/Zvv","d2uWTSqN9Eeb9PdkAIXHa1","d29iqxRZ5KYa9PjO0bp8xI","d2+ut6EbJMApnXe5QVO7R4","d3T9StITlItpsD/Qjrrcoc","d3q8dywrtImok3AoeBUQnv","d30/MZmwFE6bCLgl1uiwDL","d4H5f3SElKg58mezLEg0wk","d5i8CirQ9HnpBhxLZOEckm","d6Qe2TsNJHYo5V2Vx3BPs/","d6igJYbTJGRYRyIg235bQh","d6tdNZOi1AD49Fd+jzSSlS","d65GGC+v1DS4wCVyq4pUML","d6/mcJL1ZDLrJ3A7pNNbwP","d7UPTo5xZK07kqr2Ed8v1s","d7XQzLwTlDZocNl72Bznud","d7azUPDKRDAZJR21zbQMB1","d7iko/b1lAt4rAjXe/u6Vr","d7lq7L2W9O57jGU0SEIXjc","d7rWa9H0NJQ5F02vFEk5tq","d7zzfG22hOGKe2kG1gNkuS","d79FuzFXRESYN9tNY5NBYg","d7+1fpgUNNnKIornijwRxn","d8CFhjEHJJSJ9vhe3F34nN","d8E5aANd9JGrqekPsbqJ3i","d8Knm0sw1GvrbWd0U03yMb","d9C+WvhatCo6h1OJyA1udo","d9gfoELYdBNaAOPYDJ5dJU","d9qKo4xrNK2bH1Zlz+OP5R","d9upL5gcBGUbt1W5VGRWAN","d97z05N5BNlqa99il+/DIN","daEeDhMP9BJIlLTjHsEkwZ","dalphs/uBMQ5dtufshEwFM","darqbJjwlKmaGIidwdVQgg","da8E+UpF1M7rvaU2t50jd2","da/i4Z/6hGY7sljWFX74s8","dbDbTY0MtPyafEbyWE0qAQ","dbKJF4vU1GLoPML1U1JLI7","dbhm+nWeRDSbF00GMOF7e7","dbmn5fnptCE43GZcP7RsD4","dbywMHMHJAErYsrNebtdZx","dcMLZlEw1ITr4K2mjo2VA6","dcUD6wBEpOZoYe/lCGoRVM","dcylBchB1I7ZR32BhCLkE9","ddFEEJh21Db7OmmLfJLs4I","ddS2MzkAdHgLdGd92y7CKD","ddTkF1y81Pz7XKVKjNYNCQ","ddUHbgIT1MBJrX9Lknb7LK","deIR+3QxJFxauuyjvXyYOu","deI5yAMkNC94BErsQeZ3ID","deLRkkntBHj6JSm9q9dd97","deU5A9hVdDCY8GXRnVaXbG","dehYzAh6VBca5Qg++QbvEE","dekK5xI2NF0r35z+tGoMmB","de0UcmcEBPqa9+5uhV+7HU","de2EDRPfFHFpaXyhVsLlfw","de2dUkx7tKxZ2sGGFGPpGL","dfPMVJJ5lDFr2bXyXKok8d","dfQ3tzIK9L1rDJWoHtlOqF","dfmTjnK79BA75gFsvigoeN","e0FuCfarpJ/qwtIfIt67xl","e0cl2dfJ5NGb/nw7esNIOg","e1aonvVSZK4bU7HvqG0UM+","e1g4U1jw1D2rlW8rMGsvXL","e11ev1IshAwIuNgnGZYya+","e2SAcELJJCqokCXzWIEMzx","e2cBxrHH5Op62kWgKOhIXm","e2kIgUUhpCwreuNidG80tG","e2oP7zGmdNH5AYD9GGASNo","e2x1ugfj9EFZDR42sa7Djb","e3MqjFTzdLcpqqBOZ8R5Rn","e4Z84a6SNIi6993eUcylZS","e4zmVunW1BiahH+IwkJYZ0","e5kIFi4H1Hbo5SkYg2HiWz","e5z8mmx75Jn4Iut68lQWO3","e6CK22fedNqIqCDdx0+R3x","e6Fi4LE8xBoJGTShRrCVFt","e6elTXQM1H0ot36pGgr5JC","e7NtoyrHlMXpmid20ApI/9","e7RcaRNThJAJ9bk8ySMWSG","e7ZNGDBlxG0LqoQ5d4Sz3m","e7rxSDeTRBYb1O1kcODsVk","e7tzk43wxAopLsNCJX1Tnu","e72MC0EZdMBoYJrk2GxS4B","e742Hp5M1GdbVzWmiKgFnd","e8DRBBRJ1GvYmdco9uoiPn","e8O+QHu5xKsZW2kVPhU90j","e8owjwmBlN3ItH/Y0C99BO","e8qZvIihtPK7iK8uio5Emi","e85TnWywdM05PvMsz37aA3","e9eMuu31hH2YQaNZfJhthX","e9mFRagKRLPpNfaTxMgcHw","e9nEhs8B9Mqrq3jRvU27UE","e97GVMl6JHh5Ml5qEDdSGa","e9+iG7z1JE5IsTpNiwvz3k","eayt10409Ka7DpA0oINGe+","ebqPpmugxGIpSUp2QnjpmX","ebrtv0LDZG/5u6NtZ5pBGl","ecAE2WcIFEu7nVNdlo0hZf","ecCTW49kJJYZX+93y4H/Sv","ecbbh6b8hGMqY1du62Brnm","ecpdLyjvZBwrvm+cedCcQy","ecrHR6WXRO9rwRXDL+uDbo","edWOQ2N8dFnLYmqtAwkMUP","edxSOYcWJESIX9yM8Tl7Ok","ed9osT2tpHcJTLtsP36iMD","eeAAJT+tlLBqwYNm02eWZi","eePJ1xbRNFf6ZTUE8RVEsd","eegW6ouPtODKMXR9JUh0MK","ee/3O7QWpGSa27oW0VpTvX","efxOYn7pBOuJqqjkOsRkYA","f0BIwQ8D5Ml7nTNQbh1YlS","f07sFQv4lDvrv/KHAqu6WL","f1SbkOifRF4J4R8iYFW7ns","f1Un4iPfpLtJEwjF6w3cBr","f1vh0Jo+FELo4RE/iZadYe","f2O8PlB+dGtKCvCQkgoGqT","f2X6PZjz5IUb5UjtIbdVvH","f2n8MS8ERAIr3hHl9yoKfY","f2vkSoLn1Bk5b/WY6dF66n","f3Or46o3ZBCJzEa1dmzDgo","f3XL0VLvhHGp2ocaXm8XFC","f3n6cMkzpDQqKipVyHjA7k","f3qARjjt9HK5BDIF275fIG","f3vb79MFZMd523KX3UIW/K","f35Lw4hWFG+p2OhvW8C/rK","f4DJTSxZxKarwA/zvj9pmV","f4WVN6SZxLrbp1rvzG8g04","f41WpVawdL3rjUPdPbvNXm","f5Kf+ma7hIDawheTZwe3wy","f5x/09tnhPBJ1tDOsaLCzJ","f506Nmqb5A9IezQX70F0CM","f6IRtoF35FtZQLZSZWhI1B","f6dWq6viREBoqsN7kSyN+S","f6kuXBY7VP3ZdJCfuYEq0Q","f6uNiIvYJEKYCpu8WUe+qV","f62tU6i9tO4qXh6J/WZoOI","f63e6+tVhDaZpqzi+VLPcD","f656vOSdRISoEEg8x2HhEC","f7Rdd5Oi9JMZBxW6vPFHKk","f7WTyuSVBKlLoQQi/VZfXA","f7treJVhxNZapYb7IDAa4P","f72vq1wxhIb4/i/WxNgzRu","f8FgIDva9GtKJCp6StUytV","f8HVPS1ZpMHrSWPCyM5yab","f8JKAj2tREZYfX0O+1EBDD","f8Sm0EDvlDU5D9Z7GZ7isy","f8s9PYlP1L64HxUOSpBkHH","f9QosVSElPqqLd7KWds1TU","f9UETOvkxNmJmmGPZg5cGy","f9VgW3IhtDx5RZNPvKFbLR","f9XOqvxu9KpqEo0DwGOq/c","f9nXSReU9DTbBC5mtgLthc","f98cCJs+dOaIyea0IfJ4ih","faCKijOQJGvKdrBvgnljz8","faLmLu8XRP2rb9ueIXUpjz","faMADeSWlOpZgHdMwbh+wH","faZddt0LZOFLmjBpk57EdO","fagl3sDaZMF5aeUOZ20dua","famt9JyypMK5uB2rG7Lczv","farFgT7l5BaI28oBS8IKSH","fbXPNcwWpIJoyC3vxp/DuH","fbzj2/1kFHT40tKEJeAiKw","fcJ8533pxHCo+LQwHaLpS0","fcbkz/G69PV4aCiQsP1OWb","fcveAw5+9HfYWnue29pCL1","fcz9N3pENAEoP4a8LUOgPO","fdC0cGwwxMnYyn56OSJQhV","fdQH03enBBt5KCn77Al8AW","fdYrnTB+dFAIvruH63F0v+","fd9h1hIe5Nu4e184FD57lk","feWQX0SfBLVq4ePJ5NDmlz","fed25825VKI7lqWTreaFeo","fe9SjqYjZEKa7oZmsKjXIq","ffcZ02Am5PP5EQVYuIbis3","ffgOcrbxtPl4GkWNoP32fj","ffoEdtILBG1Yi4N0aDiCKA","ff2Z3mSz9NFJOWRHMwOY4H","ff//SWBtpALIeJ7bQvfKSZ"],"scenes":{"db://assets/Bundle/MatTrangMatTroi/MatTroi.fire":148},"redirect":[493,0,553,1,688,2,704,2,799,1,893,0,922,2,952,0,1116,0,1237,0,1243,0,1245,1,1255,0,1275,2],"deps":["resources","internal","main"],"packs":{"012a95773":[449,645,695,793,1014,1048],"0139d838a":[386,530,582,584,639,652,709,714,734,815,821,902,906,934,968,1034,1180,1194,1316],"014bcf3d7":[408,526,555,729,797,852,269,1220,1256,1258,1264,1284,1288,1298],"0154daade":[166,501,515,525,542,655,678,831,872,960,1077,1081,1105,1129,1190,1199],"015c6f181":[471,506,508,586,600,637,643,670,675,677,682,689,696,749,780,802,818,824,926,965,996,1045,1086,1122,1132,1189,1241,1320],"01afaa081":[538,708,299,1191,1204,1315],"02024f994":[602,970],"0203f5f76":[381,384,414,591,606,620,666,851,889,962,992,1054,1070,1121,1259],"021f9d963":[378,393,396,504,580,589,658,669,722,763,788,955,961,987,1019,1046,1095,1103,1141,1197],"022e41b54":[196,1215],"02ccf7a71":[160,203,228,315,332],"03294a38b":[366,371,480,492,612,641,730,738,790,823,860,936,1041,1080,1087,1120,1153,1158,1299],"03680b805":[388,400,556,569,619,642,681,767,878,905,957,1050,1140,1150,1244],"037658fbf":[178,594,1114,1314],"0377d56dc":[447,468,473,495,659,849,863,898,901,1031,1128,1166,1213,1285,1296],"038fab12d":[398,427,455,483,656,702,715,745,800,862,887,895,993,1033,1043,1061,1093,1155,1168],"03a3af00a":[372,380,412,454,517,647,713,828,858,868,907,975,976,981,1042,1066,1152],"03e75408c":[415,461,590,635,721,231,753,775,941,974,1001,1021,1090,1203],"0405c293a":[358,820,840,1055,1214],"040beb591":[631,740,1126,1130,1157,1177,1270],"041baa985":[892,1007,1047,1208],"0427e5763":[541,202,874,1071,1297],"042d5cbaf":[445,457,460,598,627,649,757,830,853,886,1011,1059,1109,1170,1228,1236,1251,1312,1319],"04a2212ec":[429,478,516,540,547,551,578,616,653,667,692,720,725,764,792,930,1002,1227,1252,1300,1322],"04fcf770a":[430,456,458,459,485,789,827,832,845,870,876,915,1057,1058,1089,1143,1163,1257,1295],"05069c764":[352,376,523,537,579,625,726,806,1273],"050e87c9a":[356,401,446,488,561,614,671,755,759,762,766,835,839,1036,1096],"05204523b":[369,382,394,499,636,711,751,773,856,857,884,953,1079,1085,1110,1119,1167,1231,1283],"0561701d3":[452,609,1192],"056506ad0":[361,496,1253],"05c065b75":[360,407,481,484,490,532,577,648,754,782,825,1004,1008,1013,1017,1100,1229,1230],"05c78a76f":[601,1138],"061455b47":[222,942],"062688a71":[418,546,559,674,690,1108,1123,1165,1233],"063b21381":[362,410,443,465,489,502,514,552,587,593,629,634,719,756,796,814,935,946,973,1099,1179,1205,1242,1267,1271,1293,1305,1321],"063ec746e":[913,923,1097],"0696f4b59":[148,151,6,9,15,17,18,21,167,169,29,30,193,41,42,43,52,65,233,72,76,240,80,82,89,90,94,288,289,290,1015,109,110,112,114,121,128,134,137,142,144,147],"06aa4f39a":[700,787,801,998,1009,1313],"06e2db432":[434,487,500,524,549,563,668,716,746,750,760,833,877,940,951,1006,1016,1035,1113,1161,1303,1311],"074f38e63":[0,1,3,4,5,7,8,10,11,12,13,14,16,162,163,19,164,168,22,23,24,25,26,31,32,33,34,36,38,39,40,44,45,47,201,48,49,50,51,53,54,55,56,57,58,59,60,61,62,63,66,68,70,71,73,74,75,77,78,79,81,83,84,86,87,88,91,93,95,96,97,98,99,100,101,102,103,104,105,106,107,108,111,116,118,119,120,122,124,125,126,127,129,130,131,132,133,135,138,140,141,342,143,145,146],"074f7cd73":[392,567,597,786,933],"0812d4023":[596,650,679,945,980,1268],"084080e2e":[351,428,472,672,680,735,761,891,899,916,948,997,1092,1102,1111,1154,1156,1178,1193,1201,1211],"08607aabb":[562,632,978,983],"087706a8c":[379,413,439,510,557,564,741,770,803,911,921,1020,1083,1169,1181,1219,1307],"08ad84790":[353,354,355,550,605,654,723,778,804,842,924,985,1053,1117,1124,1162,1164,1176,1289],"08aeacc47":[450,882,274],"08c685f10":[420,422,448,663,685,816,844,873,881,959,964,984,1005,1039,1060,1136,1240,1266,1294],"094006432":[791,938],"09587d4c6":[419,664,836,1056,1184,1212,1310],"096bbaa1f":[424,435,451,466,513,615,747,758,785,829,861,908,920,991,1038,1049,1147,1232,1281],"09bae854a":[423,897],"09c549270":[277,1200,1209,1292],"09c5d4a62":[509,1104],"09f99e2ce":[373,475,479,534,545,560,571,607,613,768,774,966,1131,1159,1187,1250,1282],"0a74c0440":[699,811,813,919,1224],"0aae79b19":[365,385,474,565,611,661,728,776,826,848,1067,1137,1144,1246,1291],"0ab3c4f2e":[494,710,949],"0abb71dad":[409,431,486,548,628,739,837,871,918,939,971,1052,1115,1125,1172,1185,1188],"0aced28b6":[491,570,604,610,618,686,706,765,772,784,925,1003,1018,1024,1075,1101,309,1195,1217,1222,1269],"0af94fad4":[894,1309],"0b04f1200":[595,1029],"0b22c0723":[391,399,440,731,327],"0b35e6c49":[364,370,426,433,442,444,476,477,518,522,533,698,705,779,783,808,810,817,841,904,950,963,989,994,1000,1262,1272,1274],"0b44d104f":[438,208,875],"0bb701f55":[1084,1225],"0bd4da87b":[416,497,528,572,583,665,694,703,736,795,879,903,917,956,969,988,999,1074,1174,1198,1306],"0bf0ee482":[463,183,1135],"0c42cba7e":[441,624,212],"0c5590b22":[411,453,503,512,539,592,623,633,769,812,819,977,995,1065,1145,1149,1249,1286],"0ca59c32d":[701,1025,1026],"0d1a34771":[153,280,304],"0d3d8b098":[467,470,498,566,575,638,640,651,676,691,771,846,850,888,967,1094,1171,1254,1287,1317],"0d60ed180":[359,232,1088,1226],"0d7cb19f4":[383,395,417,520,585,662,707,724,864,932,979,1091,1207,1265,1318],"0d91c72fc":[357,389,432,469,519,543,630,697,717,718,798,822,890,1076],"0dc829dcb":[262,349],"0ddd81183":[406,421,536,554,603,626,673,805,809,869,885,931,954,1030,1072,1139,1183,1290],"0dea806ff":[363,367,390,397,588,880,990,1148,1196,1234],"0debdb30d":[374,482,507,558,617,622,737,744,834,943,982,1010,1012,1027,1062,1146,1280],"0dedf2bab":[375,405,425,158,621,732,855,859,867,912,928,1032,1160,1206,1247],"0e28e3483":[191,278],"0e470df5a":[464,727,794,1022,1063,1073,1223],"0e5ba691a":[404,568,574,644,646,777,781,843,865,909,947,1044,1069,1078,1098,1142,1182,1239,1277],"0e60f8886":[527,743],"0e6a066da":[436,531,544,608,712,866,944,1134,1175,1260],"0e6b8e1fa":[207,239,958,1118],"0ecd78160":[693,986],"0ef061358":[403,462,657,660,748,910,1248,1279,1302],"0f0d0c7f2":[387,402,511,529,883,896,1037,1082,1106,1107,1133,1151,1173,1186,1202,1218,1235,1276],"0f14f8632":[900,1068,1112],"0f18f5cac":[368,838,1210,1263,1304],"0f37e2788":[437,929,972,1023,1261,1301],"0f6219202":[377,521,573,581,599,684,733,742,847,914,927,937,1028,1040,1051,1216,1221,1238,1278],"0f664bda9":[576,752,1308],"0f6e7f719":[683,854],"0fcfc4464":[180,200,256,261,276,298,310]},"name":"39","importBase":"import","nativeBase":"native","debug":false,"isZip":false,"encrypted":false,"versions":{"import":["012a95773","74434","0139d838a","030b9","014bcf3d7","8de68","0154daade","342a7","015c6f181","a8ad1","01afaa081","3e790",2,"8e470","02024f994","ca013","0203f5f76","8a937","021f9d963","e5cfb","022e41b54","23fd5","02ccf7a71","c0c92","03294a38b","41f74",149,"95d3b","03680b805","783cb","037658fbf","46b46","0377d56dc","d4591","038fab12d","3a59b","03a3af00a","bfa1f","03e75408c","f9f1f","0405c293a","209ad","040beb591","56480","041baa985","e1ada","0427e5763","00fea","042d5cbaf","1a032","04a2212ec","4c83f",150,"bf08f","04fcf770a","bfa96","05069c764","2ccb9","050e87c9a","89f0c","05204523b","70399","0561701d3","a8d41","056506ad0","95f19","05c065b75","120dc","05c78a76f","17d0b","061455b47","95201","062688a71","094e1","063b21381","9fc38","063ec746e","f3eaf","0696f4b59","3b1df","06aa4f39a","da574","06e2db432","42ea4","074f38e63","64e30","074f7cd73","b0d7a","0812d4023","cc583","084080e2e","370f8","08607aabb","e2031","087706a8c","1407c","08ad84790","798ac","08aeacc47","1fe04","08c685f10","12a48",152,"14c92","094006432","13750","09587d4c6","1df1f","096bbaa1f","146f6","09bae854a","3ae01","09c549270","dcfd9","09c5d4a62","1b45d","09f99e2ce","53cdb","0a74c0440","a239c","0aae79b19","c0e94","0ab3c4f2e","309cf","0abb71dad","0cd76","0aced28b6","95bd3","0af94fad4","b33b2","0b04f1200","6ed9b","0b22c0723","3136f","0b35e6c49","99377","0b44d104f","bf462","0bb701f55","60dfe","0bd4da87b","4be17","0bf0ee482","b2785","0c42cba7e","7e15e","0c5590b22","b6c9e","0ca59c32d","faf4c","0d1a34771","6f8a3","0d3d8b098","9b6ce","0d60ed180","fda12","0d7cb19f4","02abd","0d91c72fc","85c11","0dc829dcb","c9f17","0ddd81183","b5da3","0dea806ff","94a24","0debdb30d","d5aa4","0dedf2bab","d127f","0e28e3483","8f09e","0e470df5a","eee34","0e5ba691a","0aba4","0e60f8886","62d51","0e6a066da","e3b2c","0e6b8e1fa","8459d","0ecd78160","e9afc","0ef061358","3c2ab","0f0d0c7f2","4575f","0f14f8632","f4d98","0f18f5cac","2182e","0f37e2788","b6631","0f6219202","884a6","0f664bda9","a493e","0f6e7f719","c1ebc","0fcfc4464","95418",154,"3adf7",155,"81c65",156,"ffdc9",157,"eb838",159,"5139c",161,"a7ffd",20,"ae969",165,"6e004",170,"fc7b6",171,"bc01b",172,"21f49",173,"dfddc",174,"5a1db",27,"69ef9",175,"01b65",176,"cabca",28,"6b6de",177,"6441a",505,"03367",179,"62910",181,"356ee",535,"507c1",182,"99dc0",184,"6a91c",185,"33a8b",186,"be6e9",187,"d8e4b",188,"e1d2c",189,"4b35e",35,"decaa",190,"16c75",192,"3e7fc",194,"4be43",37,"11934",195,"8284c",197,"5add5",198,"8a5a0",199,"dbb59",46,"89818",204,"8cb6f",205,"8764e",206,"840ca",209,"41f66",210,"598cc",211,"7ee33",213,"879dd",214,"60cf3",215,"25ff0",216,"06510",217,"384c4",218,"8e6e9",687,"c6a68",219,"9e9bc",220,"a17bc",221,"0f189",223,"f27f8",224,"41b12",225,"96e44",226,"099cc",227,"1f6b0",64,"f3fe7",229,"0a6a5",67,"e6ade",230,"54d2d",69,"b37a6",234,"09a2e",235,"c79d9",236,"3a276",237,"95e27",238,"44e41",241,"95dc8",242,"b4d84",807,"2627c",243,"2c0da",244,"7c8f2",245,"69a0d",246,"4c519",247,"f35ec",248,"46d97",249,"9b974",250,"8b3ec",251,"1968a",252,"43f23",253,"d61e8",254,"b6e73",255,"160e7",257,"f5b28",258,"e9b92",259,"98602",260,"97355",263,"56349",264,"2c5c7",265,"45dd8",266,"c571a",267,"e26dc",85,"22f16",268,"fb0c4",270,"b6870",271,"f125d",272,"72de6",273,"1cff8",275,"3bf36",279,"f27f8",281,"a89d9",282,"f5d49",92,"824d0",283,"f1d2e",284,"cef2b",285,"6223d",286,"61c44",287,"5a827",291,"f9718",292,"62652",293,"a989a",294,"92829",295,"2ae3b",296,"983a3",297,"59957",113,"73f73",1064,"f1092",115,"278d8",117,"88ca6",300,"997e0",301,"d1b09",302,"98a1c",303,"29c62",305,"02c82",306,"d1f0b",307,"d0846",308,"e83b1",1127,"12d48",311,"9d65d",312,"47a08",123,"51786",313,"50a6f",314,"afd83",316,"161dc",317,"7609c",318,"6d0fb",319,"2151a",320,"36273",321,"3c679",322,"aecb8",323,"e06d5",324,"45b5e",325,"a9399",326,"06d05",328,"24def",329,"2fafc",330,"b16a1",331,"9b74a",333,"35353",334,"1b7a1",335,"35336",336,"be171",136,"3a9e8",337,"4bb47",338,"3cd34",139,"a2a0d",339,"d753a",340,"c99c4",341,"6f9cd",343,"b0e81",344,"7d968",345,"478b6",346,"88e31",347,"df293",348,"d0621",350,"db4c0"],"native":[0,"65e04",1,"a4bd7",2,"e77d5",3,"5d86e",4,"3cb8d",5,"ab350",6,"0382d",7,"5f98d",8,"662d3",9,"e46af",10,"7f015",11,"74a44",12,"979e0",13,"c1212",14,"4b722",15,"95fe8",16,"06206",17,"f85ff",18,"f846c",162,"6146c",163,"e6018",19,"7000d",20,"e09c6",164,"96f22",21,"f8de6",168,"1537e",22,"dba0d",23,"41efc",24,"242a6",25,"b3da4",26,"2403c",27,"e77d5",28,"e77d5",29,"d3a5f",30,"d09ef",31,"83549",32,"d9307",33,"06511",34,"be415",35,"e77d5",36,"4e418",37,"e77d5",38,"4ab27",39,"abe93",40,"2aea1",41,"96e5f",42,"64101",43,"2944f",44,"bbca9",45,"15f66",46,"e77d5",47,"30a1e",201,"7050a",48,"7b5c8",49,"589e0",50,"1bd35",51,"097f3",52,"70d03",53,"d297e",54,"31820",55,"18210",56,"6198e",57,"5cede",58,"6c7fc",59,"43a15",60,"d3dfc",61,"8ac37",62,"5d631",63,"d69e0",64,"0864c",65,"75919",66,"62b6a",67,"eb97a",68,"4edbd",69,"babe8",70,"3d5c4",71,"1ec3f",72,"61a20",73,"da7b4",74,"1546e",75,"83fcc",76,"6ffcd",77,"cf8c3",78,"7086d",79,"bce8b",80,"4d929",81,"be94b",82,"a074d",83,"d773b",84,"0c726",85,"eb97a",86,"5ad3e",87,"97a0a",88,"62efc",89,"f438a",90,"578ed",91,"77d25",92,"67c70",93,"f38a6",94,"aeb32",95,"8f38a",96,"ac618",97,"aa1a3",98,"6629a",99,"b040e",100,"b8374",101,"110f3",102,"7b494",103,"90cf4",104,"8ee6c",105,"68bf6",106,"a9fe7",107,"4c62f",108,"bfac1",109,"78c29",110,"dc995",111,"4eff1",112,"c3f38",113,"e77d5",114,"7f499",115,"e77d5",116,"76896",117,"07821",118,"aaef1",119,"0211e",120,"e1f9e",121,"e8ecc",122,"a7175",123,"29af5",124,"46292",125,"8f384",126,"c436f",127,"a051e",128,"01896",129,"46838",130,"7a5e9",131,"c06a9",132,"c605f",133,"8da5d",134,"31f75",135,"7ae23",136,"e77d5",137,"bb818",138,"be5ba",139,"e77d5",140,"44000",141,"fe8ce",342,"284a9",142,"3c0c7",143,"6b338",144,"f98f6",145,"6721b",146,"04a3a",147,"f7f77"]}}