[1,["a9JrO98QhA4KkVbvAXh95x","d8BKjfxwRCp4mNztohaQq+","06znO/5YVDrJa4kei+swyT","9dV3WiaFdLrYGSC2MI9DP6","4aSunagEVIgJs4SsTn6eMX","9eMHfZ1nZFaoxMHteLiK/l","97fIEmakhLx4RH7HAIl4EP","0alIIOQzRFP5eCW5UO+xfq","de8dSiEgtLe45t/Uqkt6m8","452DsSmrZEL7LVhquJg+5k","f93ua1P0xDzLHwz2VKd4pj","44mGSHSpJBS6g+2cdqh7QG","b9e5UYDXtPnImQzEihhc27","00YCCRezdFsYwVviId7nhP","9e3RKEsLxDvJhOhm2IO22p","0eD2lELOFGo6hIK+98bIzf","fdfK3YhU5BO6OchmFPa8Ea","a47G/YFMxGB6UupDjiQLyX","adoYeUlxRNDI9eyl3RZWAF","7d3fqdoBhBvqqXmrn7M6tn","0ap8+26nlNaoTe+Ehz+l0n","52LPTZV4RDW4pJ5R/VBY0P","a0PJ3DjVxC4KCp52gkK2LW","a0Hpkb4i5PCohw1gO1vWyW","15OfLXgcdMKJ8+AJ+hEtdY","45gQ6N1BtNfLqTsitXKND9","44/rq/WQ1F564YAk1GQEte","495M1TaghKF6O2oTwb/oRt"],["value"],[["cc.AnimationClip",["_name","_duration","sample","curveData"],0,11]],[[0,0,1,2,3,4]],[[0,"ButtonSpin_Click",0.9,20,[{},"paths",11,[{},"mh_spin_00",11,[{"props":{"active":[{"frame":0,"value":true},{"frame":0.7,"value":false}]}},"comps",11,[{},"cc.Sprite",11,[{},"spriteFrame",12,[[[{"frame":0},"value",6,0],[{"frame":0.05},"value",6,1],[{"frame":0.1},"value",6,2],[{"frame":0.15},"value",6,3],[{"frame":0.2},"value",6,4],[{"frame":0.25},"value",6,5],[{"frame":0.3},"value",6,6],[{"frame":0.35},"value",6,7],[{"frame":0.4},"value",6,8],[{"frame":0.45},"value",6,9],[{"frame":0.5},"value",6,10],[{"frame":0.55},"value",6,11],[{"frame":0.6},"value",6,12],[{"frame":0.65},"value",6,13]],11,11,11,11,11,11,11,11,11,11,11,11,11,11]]]],"spin_vfx_a_00",11,[{"props":{"active":[{"frame":0,"value":true}],"opacity":[{"frame":0.65,"value":255},{"frame":0.9,"value":0}]}},"comps",11,[{},"cc.Sprite",11,[{},"spriteFrame",12,[[[{"frame":0},"value",6,14],[{"frame":0.05},"value",6,15],[{"frame":0.1},"value",6,16],[{"frame":0.15},"value",6,17],[{"frame":0.2},"value",6,18],[{"frame":0.25},"value",6,19],[{"frame":0.3},"value",6,20],[{"frame":0.35},"value",6,21],[{"frame":0.4},"value",6,22],[{"frame":0.45},"value",6,23],[{"frame":0.5},"value",6,24],[{"frame":0.55},"value",6,25],[{"frame":0.6},"value",6,26],[{"frame":0.65},"value",6,27]],11,11,11,11,11,11,11,11,11,11,11,11,11,11]]]]]]]],0,0,[0,0,0,0,0,0,0,0,0,0,0,0,0,0,0,0,0,0,0,0,0,0,0,0,0,0,0,0],[0,0,0,0,0,0,0,0,0,0,0,0,0,0,0,0,0,0,0,0,0,0,0,0,0,0,0,0],[0,1,2,3,4,5,6,7,8,9,10,11,12,13,14,15,16,17,18,19,20,21,22,23,24,25,26,27]]