[1,["9ehhhiatVG+Z2fMNuYmamr"],["_textureSetter"],["cc.SpriteFrame"],0,[[[{"name":"scatter_vfx_b_09","rect":[322,102,97,89],"offset":[-1,-1],"originalSize":[135,135],"rotated":1,"capInsets":[0,0,0,0]}],[0],0,[0],[0],[0]],[[{"name":"scatter_vfx_b_04","rect":[367,201,77,79],"offset":[0,2],"originalSize":[135,135],"capInsets":[0,0,0,0]}],[0],0,[0],[0],[0]],[[{"name":"scatter_vfx_b_06","rect":[280,304,87,87],"offset":[-1,1],"originalSize":[135,135],"capInsets":[0,0,0,0]}],[0],0,[0],[0],[0]],[[{"name":"scatter_vfx_b_03","rect":[369,282,71,73],"offset":[0,2],"originalSize":[135,135],"capInsets":[0,0,0,0]}],[0],0,[0],[0],[0]],[[{"name":"scatter_vfx_b_13","rect":[231,1,109,99],"offset":[-2,-1],"originalSize":[135,135],"capInsets":[0,0,0,0]}],[0],0,[0],[0],[0]],[[{"name":"scatter_vfx_b_20","rect":[1,213,119,91],"offset":[-2,-11],"originalSize":[135,135],"rotated":1,"capInsets":[0,0,0,0]}],[0],0,[0],[0],[0]],[[{"name":"scatter_vfx_b_19","rect":[94,213,119,89],"offset":[-2,-11],"originalSize":[135,135],"rotated":1,"capInsets":[0,0,0,0]}],[0],0,[0],[0],[0]],[[{"name":"scatter_vfx_b_11","rect":[116,108,103,95],"offset":[-2,-1],"originalSize":[135,135],"rotated":1,"capInsets":[0,0,0,0]}],[0],0,[0],[0],[0]],[[{"name":"scatter_vfx_b_18","rect":[342,1,117,91],"offset":[-2,-11],"originalSize":[135,135],"capInsets":[0,0,0,0]}],[0],0,[0],[0],[0]],[[{"name":"scatter_vfx_b_02","rect":[413,94,67,65],"offset":[-1,2],"originalSize":[135,135],"rotated":1,"capInsets":[0,0,0,0]}],[0],0,[0],[0],[0]],[[{"name":"scatter_vfx_b_12","rect":[213,102,107,97],"offset":[-2,-1],"originalSize":[135,135],"capInsets":[0,0,0,0]}],[0],0,[0],[0],[0]],[[{"name":"scatter_vfx_b_00","rect":[432,357,49,55],"offset":[0,3],"originalSize":[135,135],"capInsets":[0,0,0,0]}],[0],0,[0],[0],[0]],[[{"name":"scatter_vfx_b_07","rect":[1,334,91,85],"offset":[-1,0],"originalSize":[135,135],"capInsets":[0,0,0,0]}],[0],0,[0],[0],[0]],[[{"name":"scatter_vfx_b_10","rect":[274,201,101,91],"offset":[-2,-1],"originalSize":[135,135],"rotated":1,"capInsets":[0,0,0,0]}],[0],0,[0],[0],[0]],[[{"name":"scatter_vfx_b_01","rect":[369,357,59,61],"offset":[-1,3],"originalSize":[135,135],"rotated":1,"capInsets":[0,0,0,0]}],[0],0,[0],[0],[0]],[[{"name":"scatter_vfx_b_05","rect":[94,334,83,85],"offset":[-1,2],"originalSize":[135,135],"capInsets":[0,0,0,0]}],[0],0,[0],[0],[0]],[[{"name":"scatter_vfx_b_08","rect":[185,332,93,87],"offset":[-1,0],"originalSize":[135,135],"capInsets":[0,0,0,0]}],[0],0,[0],[0],[0]],[[{"name":"scatter_vfx_b_14","rect":[118,1,111,99],"offset":[-2,-2],"originalSize":[135,135],"capInsets":[0,0,0,0]}],[0],0,[0],[0],[0]],[[{"name":"scatter_vfx_b_17","rect":[185,213,117,87],"offset":[-3,-10],"originalSize":[135,135],"rotated":1,"capInsets":[0,0,0,0]}],[0],0,[0],[0],[0]],[[{"name":"scatter_vfx_b_15","rect":[1,108,113,103],"offset":[-2,-1],"originalSize":[135,135],"capInsets":[0,0,0,0]}],[0],0,[0],[0],[0]],[[{"name":"scatter_vfx_b_16","rect":[1,1,115,105],"offset":[-2,-2],"originalSize":[135,135],"capInsets":[0,0,0,0]}],[0],0,[0],[0],[0]]]]