[
  1,
  [
    "f2bUempchOqZfhdTz01e3r"
  ],
  0,
  [
    [
      "sp.SkeletonData",
      [
        "_name",
        "_atlasText",
        "textureNames",
        "_skeletonJson",
        "textures"
      ],
      -1,
      3
    ]
  ],
  [
    [
      0,
      0,
      1,
      2,
      3,
      4,
      5
    ]
  ],
  [
    [
      0,
      "Fish_27",
      "\r\n1999_Fish.png\r\nsize: 1825,1286\r\nformat: RGBA8888\r\nfilter: Linear,Linear\r\nrepeat: none\r\n27_Laser/Shadow_Cua\r\n  rotate: false\r\n  xy: 964, 147\r\n  size: 132, 148\r\n  orig: 132, 148\r\n  offset: 0, 0\r\n  index: -1\r\n27_Laser/cuabody\r\n  rotate: true\r\n  xy: 1392, 65\r\n  size: 116, 133\r\n  orig: 117, 134\r\n  offset: 0, 1\r\n  index: -1\r\n27_Laser/cuacang1\r\n  rotate: true\r\n  xy: 237, 449\r\n  size: 82, 113\r\n  orig: 83, 114\r\n  offset: 0, 1\r\n  index: -1\r\n27_Laser/cuacangto\r\n  rotate: true\r\n  xy: 1597, 377\r\n  size: 113, 135\r\n  orig: 116, 135\r\n  offset: 1, 0\r\n  index: -1\r\n27_Laser/cuachan\r\n  rotate: true\r\n  xy: 1739, 8\r\n  size: 82, 62\r\n  orig: 82, 62\r\n  offset: 0, 0\r\n  index: -1\r\n27_Laser/cuachan2\r\n  rotate: true\r\n  xy: 1862, 59\r\n  size: 57, 42\r\n  orig: 57, 42\r\n  offset: 0, 0\r\n  index: -1\r\n27_Laser/cuachan3\r\n  rotate: true\r\n  xy: 1826, 39\r\n  size: 61, 34\r\n  orig: 61, 34\r\n  offset: 0, 0\r\n  index: -1\r\n27_Laser/sunglaser\r\n  rotate: true\r\n  xy: 273, 5\r\n  size: 101, 152\r\n  orig: 101, 152\r\n  offset: 0, 0\r\n  index: -1\r\n",
      [
        "1999_Fish.png"
      ],
      {
        "skeleton": {
          "hash": "q0PX5H/r3oGq6NPxjvMR0O/hLUQ",
          "spine": "3.7.94",
          "width": 154.33,
          "height": 171.87
        },
        "bones": [
          {
            "name": "root"
          },
          {
            "name": "bone8",
            "parent": "root",
            "rotation": 90,
            "x": -1.25,
            "y": 2.35,
            "scaleX": 0.353,
            "scaleY": 0.353
          },
          {
            "name": "bone",
            "parent": "bone8",
            "rotation": 90,
            "x": -49.02,
            "y": -5.43
          },
          {
            "name": "bone2",
            "parent": "bone",
            "length": 100.99,
            "rotation": -89.78,
            "x": 0.77,
            "y": -13.82
          },
          {
            "name": "bone3",
            "parent": "bone",
            "length": 29.96,
            "rotation": 30.84,
            "x": 67.24,
            "y": 13.21
          },
          {
            "name": "bone4",
            "parent": "bone2",
            "x": 149.57,
            "y": -35.26
          },
          {
            "name": "bone5",
            "parent": "bone",
            "length": 50.59,
            "rotation": 15.41,
            "x": 74.15,
            "y": -7.91
          },
          {
            "name": "bone6",
            "parent": "bone2",
            "x": 148.45,
            "y": 44.21
          },
          {
            "name": "bone7",
            "parent": "bone",
            "length": 57.39,
            "rotation": 12.36,
            "x": 82.6,
            "y": -32.87
          },
          {
            "name": "bone10",
            "parent": "bone2",
            "length": 54.64,
            "rotation": 83.44,
            "x": 90.82,
            "y": 94.2
          },
          {
            "name": "bone11",
            "parent": "bone10",
            "length": 34.83,
            "rotation": -47.22,
            "x": 58.4,
            "y": -2.62
          },
          {
            "name": "bone12",
            "parent": "bone11",
            "x": 47.69,
            "y": -12.63
          },
          {
            "name": "bone13",
            "parent": "bone12",
            "length": 80.75,
            "rotation": -82.65,
            "x": -8.92,
            "y": -11.4
          },
          {
            "name": "bone14",
            "parent": "bone12",
            "length": 66.01,
            "rotation": -73.52,
            "x": 22.07,
            "y": -16.8
          },
          {
            "name": "bone15",
            "parent": "bone2",
            "length": 62.5,
            "rotation": -67.12,
            "x": 100.82,
            "y": -91
          },
          {
            "name": "bone16",
            "parent": "bone15",
            "length": 52.52,
            "rotation": 38.57,
            "x": 63.03,
            "y": 0.21
          },
          {
            "name": "bone17",
            "parent": "bone16",
            "x": 68.66,
            "y": 19.2
          },
          {
            "name": "bone18",
            "parent": "bone17",
            "length": 100.01,
            "rotation": 93.62,
            "x": -15.69,
            "y": 18.94
          },
          {
            "name": "bone19",
            "parent": "bone17",
            "length": 89.07,
            "rotation": 87.37,
            "x": 25.92,
            "y": 45.95
          },
          {
            "name": "bone20",
            "parent": "bone",
            "length": 29.96,
            "rotation": 159.21,
            "x": -57.08,
            "y": 13.21,
            "scaleY": -1
          },
          {
            "name": "bone21",
            "parent": "bone",
            "length": 50.59,
            "rotation": 162.81,
            "x": -44.97,
            "y": -7.91,
            "scaleY": -1
          },
          {
            "name": "bone22",
            "parent": "bone",
            "length": 57.39,
            "rotation": 172.89,
            "x": -71.79,
            "y": -31.72,
            "scaleY": -1
          },
          {
            "name": "bone23",
            "parent": "bone",
            "length": 57.39,
            "rotation": 172.89,
            "x": -62.69,
            "y": -68.73,
            "scaleX": 0.829,
            "scaleY": -0.829
          },
          {
            "name": "bone24",
            "parent": "bone",
            "length": 57.39,
            "rotation": 12.36,
            "x": 71.67,
            "y": -65.03,
            "scaleX": 0.865,
            "scaleY": 0.865
          },
          {
            "name": "Sung Laser",
            "parent": "root",
            "rotation": -133.42,
            "x": -2.06,
            "y": 8.41,
            "scaleX": 0.485,
            "scaleY": 0.485
          }
        ],
        "slots": [
          {
            "name": "Shadow_Cua",
            "bone": "bone8",
            "color": "ffffffbf",
            "attachment": "27_Laser/Shadow_Cua"
          },
          {
            "name": "27_Laser/cuachann2",
            "bone": "bone3",
            "attachment": "27_Laser/cuachan3"
          },
          {
            "name": "27_Laser/cuachan_33",
            "bone": "bone20",
            "attachment": "27_Laser/cuachan"
          },
          {
            "name": "27_Laser/cuachan_3",
            "bone": "bone8"
          },
          {
            "name": "27_Laser/cuachan3",
            "bone": "bone5",
            "attachment": "27_Laser/cuachan2"
          },
          {
            "name": "27_Laser/cuachan5",
            "bone": "bone21",
            "attachment": "27_Laser/cuachan2"
          },
          {
            "name": "27_Laser/cuachan2",
            "bone": "bone8"
          },
          {
            "name": "27_Laser/cuachan4",
            "bone": "bone7",
            "attachment": "27_Laser/cuachan"
          },
          {
            "name": "27_Laser/cuachan8",
            "bone": "bone24",
            "attachment": "27_Laser/cuachan"
          },
          {
            "name": "27_Laser/cuachan6",
            "bone": "bone22",
            "attachment": "27_Laser/cuachan"
          },
          {
            "name": "27_Laser/cuachan7",
            "bone": "bone23",
            "attachment": "27_Laser/cuachan"
          },
          {
            "name": "27_Laser/cuachan",
            "bone": "bone8"
          },
          {
            "name": "27_Laser/cuacangto",
            "bone": "bone8",
            "attachment": "27_Laser/cuacangto"
          },
          {
            "name": "27_Laser/cuacang1",
            "bone": "bone8",
            "attachment": "27_Laser/cuacang1"
          },
          {
            "name": "27_Laser/cuabody",
            "bone": "bone8",
            "attachment": "27_Laser/cuabody"
          },
          {
            "name": "27_Laser/cuakhoan",
            "bone": "bone8"
          },
          {
            "name": "27_Laser/cuadien1",
            "bone": "bone8"
          },
          {
            "name": "27_Laser/cuadien2",
            "bone": "bone8"
          },
          {
            "name": "sunglaser",
            "bone": "Sung Laser",
            "attachment": "27_Laser/sunglaser"
          }
        ],
        "skins": {
          "default": {
            "27_Laser/cuabody": {
              "27_Laser/cuabody": {
                "type": "mesh",
                "hull": 12,
                "uvs": [
                  0,
                  0,
                  0,
                  0.83695,
                  0.18429,
                  0.83506,
                  0.21919,
                  1,
                  0.42488,
                  0.99999,
                  0.4409,
                  0.86914,
                  0.56641,
                  0.87114,
                  0.6291,
                  1,
                  0.83528,
                  1,
                  0.84862,
                  0.81455,
                  1,
                  0.80768,
                  1,
                  0,
                  0.27378,
                  0.80636,
                  0.36818,
                  0.80859,
                  0.62204,
                  0.82195,
                  0.76491,
                  0.80525
                ],
                "triangles": [
                  9,
                  15,
                  11,
                  10,
                  9,
                  11,
                  15,
                  14,
                  11,
                  6,
                  5,
                  14,
                  7,
                  14,
                  15,
                  6,
                  14,
                  7,
                  8,
                  15,
                  9,
                  7,
                  15,
                  8,
                  0,
                  13,
                  12,
                  2,
                  0,
                  12,
                  2,
                  1,
                  0,
                  5,
                  13,
                  14,
                  4,
                  13,
                  5,
                  3,
                  2,
                  12,
                  3,
                  12,
                  13,
                  3,
                  13,
                  4,
                  11,
                  14,
                  13,
                  0,
                  11,
                  13
                ],
                "vertices": [
                  3,
                  2,
                  -89.8,
                  26.51,
                  0.7642,
                  3,
                  -40.67,
                  -90.42,
                  0.23514,
                  5,
                  -190.24,
                  -55.15,
                  0.00066,
                  2,
                  3,
                  136.76,
                  -91.09,
                  0.34529,
                  5,
                  -12.81,
                  -55.83,
                  0.65471,
                  2,
                  3,
                  136.49,
                  -57,
                  0.21059,
                  5,
                  -13.08,
                  -21.73,
                  0.78941,
                  1,
                  5,
                  21.91,
                  -15.41,
                  1,
                  3,
                  3,
                  171.62,
                  -12.62,
                  0.00143,
                  5,
                  22.05,
                  22.64,
                  0.99736,
                  7,
                  23.17,
                  -56.83,
                  0.00121,
                  3,
                  3,
                  143.89,
                  -9.55,
                  0.26239,
                  5,
                  -5.68,
                  25.71,
                  0.6735,
                  7,
                  -4.56,
                  -53.76,
                  0.06412,
                  3,
                  3,
                  144.41,
                  13.67,
                  0.31978,
                  5,
                  -5.16,
                  48.93,
                  0.08481,
                  7,
                  -4.05,
                  -30.54,
                  0.59541,
                  3,
                  3,
                  171.77,
                  25.16,
                  0.00349,
                  5,
                  22.2,
                  60.42,
                  0.0013,
                  7,
                  23.32,
                  -19.05,
                  0.99522,
                  1,
                  7,
                  23.46,
                  19.1,
                  1,
                  2,
                  3,
                  132.61,
                  65.92,
                  0.18162,
                  7,
                  -15.85,
                  21.72,
                  0.81838,
                  2,
                  3,
                  131.26,
                  93.93,
                  0.35565,
                  7,
                  -17.2,
                  49.73,
                  0.64435,
                  3,
                  2,
                  95.2,
                  26.51,
                  0.61489,
                  3,
                  -39.97,
                  94.58,
                  0.37951,
                  7,
                  -188.42,
                  50.38,
                  0.0056,
                  3,
                  3,
                  130.47,
                  -40.42,
                  0.3169,
                  5,
                  -19.1,
                  -5.15,
                  0.67822,
                  7,
                  -17.98,
                  -84.62,
                  0.00488,
                  3,
                  3,
                  131.01,
                  -22.96,
                  0.36198,
                  5,
                  -18.56,
                  12.31,
                  0.61203,
                  7,
                  -17.45,
                  -67.16,
                  0.02599,
                  3,
                  3,
                  134.02,
                  24,
                  0.33425,
                  5,
                  -15.55,
                  59.26,
                  0.03331,
                  7,
                  -14.44,
                  -20.21,
                  0.63244,
                  3,
                  3,
                  130.58,
                  50.44,
                  0.26016,
                  5,
                  -18.99,
                  85.71,
                  0.00613,
                  7,
                  -17.87,
                  6.24,
                  0.73371
                ]
              }
            },
            "27_Laser/cuacang1": {
              "27_Laser/cuacang1": {
                "type": "mesh",
                "hull": 16,
                "uvs": [
                  0.01136,
                  0.18278,
                  0.50282,
                  0.25349,
                  0.55309,
                  0.29801,
                  0.21196,
                  0.408,
                  0.09346,
                  0.73534,
                  0.12577,
                  0.99171,
                  0.35559,
                  0.84795,
                  0.31609,
                  0.99171,
                  0.45614,
                  0.99171,
                  0.81164,
                  0.86366,
                  0.98864,
                  0.57036,
                  0.98864,
                  0.33991,
                  0.98864,
                  0.1854,
                  0.67518,
                  0.02042,
                  0.47768,
                  0.00829,
                  0.01136,
                  0.00829,
                  0.20836,
                  0.882,
                  0.32327,
                  0.76153,
                  0.77932,
                  0.49703,
                  0.8655,
                  0.48656,
                  0.79009,
                  0.57298
                ],
                "triangles": [
                  2,
                  1,
                  13,
                  0,
                  14,
                  1,
                  1,
                  14,
                  13,
                  0,
                  15,
                  14,
                  2,
                  12,
                  11,
                  2,
                  13,
                  12,
                  19,
                  18,
                  11,
                  7,
                  6,
                  8,
                  8,
                  6,
                  9,
                  6,
                  20,
                  9,
                  10,
                  20,
                  19,
                  10,
                  9,
                  20,
                  20,
                  18,
                  19,
                  19,
                  11,
                  10,
                  5,
                  16,
                  6,
                  5,
                  4,
                  16,
                  16,
                  17,
                  6,
                  16,
                  4,
                  17,
                  6,
                  17,
                  20,
                  4,
                  3,
                  17,
                  17,
                  18,
                  20,
                  17,
                  2,
                  18,
                  17,
                  3,
                  2,
                  11,
                  18,
                  2
                ],
                "vertices": [
                  1,
                  9,
                  -34.17,
                  -17.9,
                  1,
                  3,
                  12,
                  4.31,
                  -42.5,
                  0.18856,
                  10,
                  -2.83,
                  -33.74,
                  0.18318,
                  9,
                  31.72,
                  -23.46,
                  0.62826,
                  3,
                  12,
                  5.09,
                  -32.09,
                  0.54753,
                  10,
                  7.6,
                  -33.18,
                  0.25008,
                  9,
                  39.21,
                  -30.73,
                  0.20239,
                  2,
                  12,
                  51.38,
                  -48.88,
                  0.99872,
                  10,
                  -3.14,
                  -81.23,
                  0.00128,
                  1,
                  12,
                  103.67,
                  -16.94,
                  1,
                  1,
                  12,
                  132.7,
                  19.51,
                  1,
                  2,
                  12,
                  92.8,
                  21.72,
                  0.53505,
                  13,
                  81.1,
                  -21.47,
                  0.46495,
                  2,
                  12,
                  114.57,
                  36.9,
                  0.04404,
                  13,
                  105,
                  -9.94,
                  0.95596,
                  2,
                  12,
                  101.22,
                  49.69,
                  0.01939,
                  13,
                  93.86,
                  4.81,
                  0.98061,
                  1,
                  13,
                  47.08,
                  28.27,
                  1,
                  2,
                  13,
                  -9.36,
                  14.9,
                  0.84561,
                  11,
                  33.71,
                  -3.59,
                  0.15439,
                  3,
                  13,
                  -42.64,
                  -10.25,
                  0.00443,
                  11,
                  0.16,
                  21.18,
                  0.36291,
                  10,
                  47.85,
                  8.56,
                  0.63267,
                  1,
                  10,
                  25.35,
                  25.17,
                  1,
                  2,
                  10,
                  -23.25,
                  9.63,
                  0.00351,
                  9,
                  49.68,
                  20.98,
                  0.99649,
                  1,
                  9,
                  23.52,
                  20.29,
                  1,
                  1,
                  9,
                  -37.66,
                  13.49,
                  1,
                  2,
                  12,
                  111.09,
                  12.72,
                  0.95796,
                  13,
                  97.73,
                  -33.26,
                  0.04204,
                  2,
                  12,
                  85.05,
                  7.48,
                  0.88698,
                  13,
                  71.19,
                  -34.3,
                  0.11302,
                  3,
                  12,
                  8.47,
                  14.58,
                  0.45241,
                  13,
                  -3.29,
                  -15.14,
                  0.38401,
                  11,
                  6.62,
                  -17.94,
                  0.16358,
                  3,
                  12,
                  -1.06,
                  21.08,
                  0.09262,
                  13,
                  -11.67,
                  -7.21,
                  0.43909,
                  11,
                  11.85,
                  -7.66,
                  0.46828,
                  3,
                  12,
                  16.95,
                  25.48,
                  0.11741,
                  13,
                  6.81,
                  -5.72,
                  0.87363,
                  11,
                  18.52,
                  -24.96,
                  0.00896
                ]
              }
            },
            "27_Laser/cuacangto": {
              "27_Laser/cuacangto": {
                "type": "mesh",
                "hull": 22,
                "uvs": [
                  0.53825,
                  0,
                  0.39451,
                  0.03684,
                  0.23591,
                  0.08138,
                  0.15412,
                  0.13016,
                  0.07978,
                  0.19591,
                  0.01902,
                  0.29772,
                  0.01902,
                  0.51617,
                  0.10952,
                  0.76856,
                  0.22352,
                  0.88946,
                  0.3623,
                  0.9446,
                  0.58534,
                  1,
                  0.92734,
                  1,
                  0.76873,
                  0.8534,
                  0.98098,
                  0.92551,
                  0.98098,
                  0.83007,
                  0.7266,
                  0.41861,
                  0.58782,
                  0.37407,
                  0.37221,
                  0.37195,
                  0.38212,
                  0.29984,
                  0.69934,
                  0.19167,
                  0.76625,
                  0.13441,
                  0.81582,
                  0,
                  0.26142,
                  0.61865,
                  0.47517,
                  0.65046,
                  0.66661,
                  0.73,
                  0.72795,
                  0.74909,
                  0.8562,
                  0.79204
                ],
                "triangles": [
                  8,
                  7,
                  22,
                  9,
                  22,
                  23,
                  10,
                  9,
                  23,
                  8,
                  22,
                  9,
                  10,
                  24,
                  12,
                  10,
                  12,
                  11,
                  23,
                  17,
                  16,
                  22,
                  17,
                  23,
                  15,
                  23,
                  16,
                  24,
                  23,
                  15,
                  26,
                  25,
                  15,
                  24,
                  15,
                  25,
                  14,
                  26,
                  15,
                  12,
                  25,
                  26,
                  26,
                  14,
                  13,
                  12,
                  26,
                  13,
                  24,
                  10,
                  23,
                  24,
                  25,
                  12,
                  22,
                  6,
                  17,
                  7,
                  6,
                  22,
                  18,
                  3,
                  2,
                  18,
                  4,
                  3,
                  17,
                  6,
                  5,
                  4,
                  17,
                  5,
                  18,
                  17,
                  4,
                  20,
                  0,
                  21,
                  19,
                  0,
                  20,
                  18,
                  2,
                  1,
                  18,
                  1,
                  0,
                  18,
                  0,
                  19
                ],
                "vertices": [
                  1,
                  14,
                  -2.55,
                  -21.61,
                  1,
                  1,
                  14,
                  24.89,
                  -24.7,
                  1,
                  2,
                  14,
                  55.49,
                  -27.34,
                  0.79716,
                  15,
                  -23.07,
                  -16.84,
                  0.20284,
                  2,
                  14,
                  73.44,
                  -23.6,
                  0.1429,
                  15,
                  -6.7,
                  -25.11,
                  0.8571,
                  1,
                  15,
                  12.24,
                  -30.44,
                  1,
                  1,
                  15,
                  36.81,
                  -29.9,
                  1,
                  3,
                  15,
                  78.15,
                  -7.61,
                  0.44446,
                  16,
                  9.49,
                  -26.81,
                  0.54752,
                  18,
                  -73.44,
                  13.07,
                  0.00802,
                  2,
                  16,
                  49.36,
                  13.6,
                  0.38168,
                  18,
                  -31.24,
                  -24.9,
                  0.61832,
                  2,
                  16,
                  62.28,
                  44.39,
                  0.05308,
                  18,
                  0.12,
                  -36.39,
                  0.94692,
                  1,
                  18,
                  28.12,
                  -33.42,
                  1,
                  1,
                  18,
                  69.44,
                  -22.52,
                  1,
                  2,
                  17,
                  148.06,
                  -46.88,
                  0.00001,
                  18,
                  123.4,
                  9.86,
                  0.99999,
                  2,
                  17,
                  108.37,
                  -30.45,
                  0.4487,
                  18,
                  82.16,
                  21.87,
                  0.5513,
                  2,
                  17,
                  150.33,
                  -28.2,
                  0.99748,
                  18,
                  123.62,
                  28.67,
                  0.00252,
                  2,
                  17,
                  141.75,
                  -9.56,
                  0.99258,
                  18,
                  113.06,
                  46.26,
                  0.00742,
                  2,
                  15,
                  -2.1,
                  97.04,
                  0.00071,
                  17,
                  62.25,
                  51.23,
                  0.99929,
                  2,
                  15,
                  1.59,
                  70.02,
                  0.02555,
                  17,
                  35.05,
                  49.26,
                  0.97445,
                  3,
                  14,
                  56.93,
                  39.96,
                  0.0222,
                  15,
                  20.02,
                  34.88,
                  0.42984,
                  17,
                  -1.18,
                  33.09,
                  0.54796,
                  3,
                  14,
                  49.17,
                  26.42,
                  0.32609,
                  15,
                  5.5,
                  29.13,
                  0.5428,
                  17,
                  -6,
                  47.93,
                  0.13111,
                  1,
                  14,
                  -13.64,
                  27.93,
                  1,
                  1,
                  14,
                  -29.8,
                  21.43,
                  1,
                  1,
                  14,
                  -49.53,
                  -1.57,
                  1,
                  3,
                  16,
                  7.72,
                  22.9,
                  0.37993,
                  17,
                  2.47,
                  -23.62,
                  0.33219,
                  18,
                  -23.85,
                  17.12,
                  0.28788,
                  2,
                  17,
                  41.06,
                  -13.39,
                  0.76093,
                  18,
                  13.39,
                  31.49,
                  0.23907,
                  2,
                  17,
                  80.21,
                  -14.2,
                  0.77199,
                  18,
                  52.39,
                  34.95,
                  0.22801,
                  2,
                  17,
                  92.18,
                  -13.21,
                  0.81025,
                  18,
                  64.18,
                  37.24,
                  0.18975,
                  2,
                  17,
                  117.48,
                  -11.73,
                  0.92261,
                  18,
                  89.17,
                  41.46,
                  0.07739
                ]
              }
            },
            "27_Laser/cuachan3": {
              "27_Laser/cuachan2": {
                "x": 33.85,
                "y": -22.56,
                "rotation": -15.41,
                "width": 90,
                "height": 67
              }
            },
            "27_Laser/cuachan4": {
              "27_Laser/cuachan": {
                "x": 42.29,
                "y": -33.31,
                "rotation": -12.36,
                "width": 130,
                "height": 98
              }
            },
            "27_Laser/cuachan5": {
              "27_Laser/cuachan2": {
                "x": 33.85,
                "y": -22.56,
                "rotation": -15.41,
                "width": 90,
                "height": 67
              }
            },
            "27_Laser/cuachan6": {
              "27_Laser/cuachan": {
                "x": 42.29,
                "y": -33.31,
                "rotation": -12.36,
                "width": 130,
                "height": 98
              }
            },
            "27_Laser/cuachan7": {
              "27_Laser/cuachan": {
                "x": 42.29,
                "y": -33.31,
                "rotation": -12.36,
                "width": 130,
                "height": 98
              }
            },
            "27_Laser/cuachan8": {
              "27_Laser/cuachan": {
                "x": 42.29,
                "y": -33.31,
                "rotation": -12.36,
                "width": 130,
                "height": 98
              }
            },
            "27_Laser/cuachan_33": {
              "27_Laser/cuachan": {
                "x": 31.34,
                "y": -18.53,
                "rotation": -30.84,
                "width": 130,
                "height": 98
              }
            },
            "27_Laser/cuachann2": {
              "27_Laser/cuachan3": {
                "x": 31.34,
                "y": -18.53,
                "rotation": -30.84,
                "width": 97,
                "height": 54
              }
            },
            "Shadow_Cua": {
              "27_Laser/Shadow_Cua": {
                "type": "mesh",
                "color": "ffffffd9",
                "hull": 56,
                "uvs": [
                  0.01886,
                  0.79161,
                  0.0909,
                  0.87156,
                  0.15015,
                  0.87467,
                  0.26634,
                  0.97331,
                  0.43598,
                  0.94943,
                  0.48711,
                  0.9432,
                  0.55682,
                  0.98681,
                  0.63351,
                  1,
                  0.71832,
                  0.992,
                  0.83684,
                  0.95255,
                  0.92398,
                  0.87779,
                  0.98672,
                  0.7885,
                  1,
                  0.6774,
                  1,
                  0.58603,
                  0.9019,
                  0.64417,
                  0.94489,
                  0.531,
                  0.88796,
                  0.54138,
                  0.79152,
                  0.5798,
                  0.7009,
                  0.62756,
                  0.61375,
                  0.71478,
                  0.61027,
                  0.83522,
                  0.5789,
                  0.83107,
                  0.55101,
                  0.76877,
                  0.51267,
                  0.69401,
                  0.53939,
                  0.65456,
                  0.6486,
                  0.65341,
                  0.65,
                  0.53957,
                  0.55914,
                  0.52071,
                  0.55914,
                  0.46049,
                  0.65868,
                  0.44391,
                  0.63683,
                  0.3433,
                  0.5301,
                  0.32343,
                  0.47897,
                  0.27982,
                  0.4813,
                  0.22583,
                  0.47781,
                  0.17184,
                  0.50337,
                  0.1625,
                  0.55217,
                  0.26321,
                  0.6428,
                  0.29851,
                  0.74737,
                  0.3172,
                  0.8229,
                  0.32343,
                  0.86821,
                  0.29851,
                  0.79269,
                  0.24348,
                  0.87634,
                  0.26529,
                  0.86589,
                  0.20507,
                  0.83219,
                  0.14692,
                  0.78571,
                  0.08359,
                  0.71949,
                  0.03998,
                  0.63699,
                  0.01298,
                  0.51615,
                  0.00883,
                  0.44063,
                  0.02648,
                  0.36046,
                  0,
                  0.21522,
                  0.0026,
                  0.12459,
                  0.09812,
                  0.01397,
                  0.14781,
                  0,
                  0.31705,
                  0.01305,
                  0.64738
                ],
                "triangles": [
                  27,
                  2,
                  1,
                  3,
                  2,
                  4,
                  55,
                  32,
                  27,
                  0,
                  55,
                  1,
                  52,
                  32,
                  55,
                  55,
                  27,
                  1,
                  52,
                  55,
                  54,
                  53,
                  52,
                  54,
                  52,
                  51,
                  50,
                  50,
                  34,
                  52,
                  33,
                  52,
                  34,
                  52,
                  33,
                  32,
                  35,
                  49,
                  48,
                  34,
                  49,
                  35,
                  47,
                  35,
                  48,
                  34,
                  50,
                  49,
                  41,
                  45,
                  44,
                  41,
                  44,
                  43,
                  46,
                  35,
                  47,
                  41,
                  43,
                  42,
                  41,
                  46,
                  45,
                  46,
                  36,
                  35,
                  37,
                  36,
                  46,
                  41,
                  37,
                  46,
                  38,
                  37,
                  41,
                  39,
                  38,
                  41,
                  40,
                  39,
                  41,
                  28,
                  31,
                  30,
                  28,
                  30,
                  29,
                  32,
                  31,
                  28,
                  32,
                  28,
                  27,
                  26,
                  24,
                  27,
                  25,
                  24,
                  26,
                  24,
                  23,
                  27,
                  23,
                  2,
                  27,
                  23,
                  4,
                  2,
                  22,
                  4,
                  23,
                  5,
                  22,
                  21,
                  22,
                  5,
                  4,
                  6,
                  5,
                  21,
                  7,
                  20,
                  8,
                  6,
                  21,
                  20,
                  7,
                  6,
                  20,
                  8,
                  20,
                  9,
                  14,
                  16,
                  15,
                  17,
                  16,
                  14,
                  14,
                  18,
                  17,
                  19,
                  18,
                  20,
                  18,
                  10,
                  20,
                  14,
                  13,
                  12,
                  11,
                  14,
                  12,
                  10,
                  14,
                  11,
                  10,
                  18,
                  14,
                  9,
                  20,
                  10
                ],
                "vertices": [
                  4,
                  14,
                  -25.42,
                  -155.37,
                  0,
                  19,
                  74.53,
                  -1.89,
                  0.34644,
                  20,
                  92.32,
                  19.4,
                  0.52522,
                  21,
                  63.83,
                  62.19,
                  0.12833,
                  3,
                  19,
                  94.95,
                  -36.77,
                  0.0017,
                  20,
                  114.89,
                  -14.13,
                  0.21694,
                  21,
                  91.92,
                  33.13,
                  0.78136,
                  4,
                  14,
                  22.78,
                  -125.7,
                  0.01223,
                  20,
                  109.9,
                  -34.4,
                  0.03622,
                  21,
                  90.56,
                  12.29,
                  0.91695,
                  22,
                  125.68,
                  57.78,
                  0.0346,
                  4,
                  15,
                  -55.55,
                  -88.14,
                  0.00309,
                  14,
                  74.54,
                  -103.33,
                  0.31602,
                  21,
                  124.03,
                  -33.09,
                  0.29219,
                  22,
                  166.05,
                  3.03,
                  0.3887,
                  4,
                  15,
                  -7.48,
                  -51.54,
                  0.18226,
                  14,
                  89.31,
                  -44.75,
                  0.57848,
                  21,
                  107.31,
                  -91.14,
                  0.04449,
                  22,
                  145.88,
                  -67,
                  0.19476,
                  4,
                  15,
                  7.18,
                  -40.85,
                  0.89445,
                  14,
                  94.11,
                  -27.25,
                  0.08513,
                  21,
                  102.64,
                  -108.68,
                  0.00272,
                  22,
                  140.26,
                  -88.16,
                  0.01771,
                  1,
                  15,
                  36.92,
                  -44.32,
                  1,
                  2,
                  16,
                  -5.52,
                  -55.29,
                  0.12038,
                  15,
                  63.13,
                  -36.09,
                  0.87962,
                  3,
                  18,
                  -84.52,
                  2.8,
                  0.05471,
                  16,
                  19.24,
                  -38.36,
                  0.77455,
                  15,
                  87.9,
                  -19.16,
                  0.17073,
                  3,
                  18,
                  -49.76,
                  -24.95,
                  0.58512,
                  16,
                  48.57,
                  -4.9,
                  0.41488,
                  15,
                  117.22,
                  14.3,
                  0,
                  3,
                  18,
                  -8.75,
                  -36.09,
                  0.98856,
                  16,
                  61.57,
                  35.54,
                  0.01144,
                  15,
                  130.23,
                  54.75,
                  0,
                  2,
                  18,
                  32.74,
                  -36.92,
                  1,
                  15,
                  132.97,
                  96.16,
                  0,
                  2,
                  18,
                  72.64,
                  -18.41,
                  1,
                  15,
                  116.31,
                  136.87,
                  0,
                  1,
                  18,
                  103.48,
                  0.1,
                  1,
                  2,
                  18,
                  66.1,
                  17.91,
                  0.61193,
                  17,
                  91.98,
                  -32.63,
                  0.38807,
                  2,
                  18,
                  112.07,
                  27.87,
                  0.01967,
                  17,
                  138.76,
                  -27.74,
                  0.98033,
                  2,
                  18,
                  98.26,
                  42.94,
                  0.03058,
                  17,
                  126.68,
                  -11.25,
                  0.96942,
                  2,
                  18,
                  67.84,
                  64.25,
                  0.00141,
                  17,
                  98.76,
                  13.24,
                  0.99859,
                  1,
                  17,
                  68.35,
                  34.34,
                  1,
                  2,
                  17,
                  24.35,
                  47.82,
                  0.99933,
                  15,
                  3.7,
                  59.43,
                  0.00067,
                  3,
                  17,
                  -19.23,
                  29.1,
                  0.63859,
                  15,
                  25.13,
                  17.12,
                  0.27165,
                  14,
                  72,
                  29.27,
                  0.08976,
                  4,
                  17,
                  -22.35,
                  39.81,
                  0.24715,
                  15,
                  14.64,
                  13.32,
                  0.37839,
                  14,
                  66.17,
                  19.76,
                  0.37436,
                  5,
                  -4.82,
                  -109.02,
                  0.00011,
                  4,
                  17,
                  -4.18,
                  58.98,
                  0.0243,
                  15,
                  -5.64,
                  30.25,
                  0.04596,
                  14,
                  39.76,
                  20.35,
                  0.90871,
                  5,
                  -14.54,
                  -84.46,
                  0.02103,
                  6,
                  17,
                  16.91,
                  83.55,
                  0.00011,
                  14,
                  7.39,
                  19.48,
                  0.7095,
                  5,
                  -27.93,
                  -54.98,
                  0.26901,
                  7,
                  -26.81,
                  -134.44,
                  0.00004,
                  23,
                  -199.08,
                  -40.17,
                  0.0016,
                  22,
                  21.48,
                  -84.23,
                  0.01973,
                  5,
                  14,
                  -3.21,
                  34.22,
                  0.27749,
                  5,
                  -18.47,
                  -39.48,
                  0.69152,
                  7,
                  -17.36,
                  -118.95,
                  0.00089,
                  23,
                  -183.86,
                  -54.64,
                  0.00283,
                  22,
                  1.49,
                  -93.16,
                  0.02726,
                  1,
                  5,
                  19.95,
                  -39.08,
                  1,
                  2,
                  5,
                  20.59,
                  5.52,
                  0.99809,
                  7,
                  21.71,
                  -73.95,
                  0.00191,
                  7,
                  14,
                  -48.58,
                  61.11,
                  0.00292,
                  5,
                  -11.34,
                  12.78,
                  0.74146,
                  7,
                  -10.23,
                  -66.69,
                  0.18965,
                  9,
                  -110.51,
                  -60.42,
                  0.00133,
                  23,
                  -126.5,
                  -75.42,
                  0.02669,
                  20,
                  -65.33,
                  -130.75,
                  0.00236,
                  22,
                  -62.14,
                  -93.64,
                  0.03558,
                  6,
                  5,
                  -11.26,
                  36.89,
                  0.18081,
                  7,
                  -10.14,
                  -42.58,
                  0.75316,
                  9,
                  -86.54,
                  -57.75,
                  0.0062,
                  23,
                  -99.25,
                  -81.38,
                  0.03025,
                  20,
                  -88.37,
                  -123.62,
                  0.00233,
                  22,
                  -91.01,
                  -90.03,
                  0.02726,
                  3,
                  14,
                  -63.02,
                  105.33,
                  0,
                  5,
                  23.78,
                  43.28,
                  0.00081,
                  7,
                  24.9,
                  -36.18,
                  0.99919,
                  2,
                  14,
                  -102.48,
                  113.79,
                  0,
                  7,
                  17.35,
                  3.45,
                  1,
                  6,
                  5,
                  -21.29,
                  90.88,
                  0.00136,
                  7,
                  -20.17,
                  11.42,
                  0.71109,
                  9,
                  -34.04,
                  -41.62,
                  0.26774,
                  23,
                  -35.75,
                  -83.18,
                  0.01709,
                  20,
                  -136.89,
                  -97.9,
                  0.00003,
                  22,
                  -154.07,
                  -69.72,
                  0.00269,
                  7,
                  5,
                  -39.21,
                  108.12,
                  0.00048,
                  7,
                  -38.1,
                  28.65,
                  0.21805,
                  12,
                  35.56,
                  -82.44,
                  0.00062,
                  10,
                  -38.44,
                  -69.84,
                  0.00059,
                  9,
                  -18.97,
                  -21.84,
                  0.76761,
                  23,
                  -11.9,
                  -67.1,
                  0.01084,
                  22,
                  -171.93,
                  -45.61,
                  0.00181,
                  4,
                  7,
                  -37.2,
                  49.9,
                  0.03053,
                  12,
                  20.78,
                  -67.15,
                  0.02513,
                  10,
                  -25.16,
                  -53.22,
                  0.0302,
                  9,
                  2.25,
                  -20.3,
                  0.91414,
                  4,
                  7,
                  -38.36,
                  71.16,
                  0.00053,
                  12,
                  4.59,
                  -53.33,
                  0.24628,
                  10,
                  -13.53,
                  -35.39,
                  0.2297,
                  9,
                  23.23,
                  -16.73,
                  0.5235,
                  3,
                  12,
                  8.15,
                  -44.29,
                  0.63326,
                  10,
                  -4.11,
                  -37.78,
                  0.21337,
                  9,
                  27.88,
                  -25.26,
                  0.15337,
                  3,
                  12,
                  48.66,
                  -59.33,
                  0.99751,
                  10,
                  -13.85,
                  -79.88,
                  0.0022,
                  9,
                  -9.63,
                  -46.71,
                  0.00029,
                  1,
                  12,
                  80.76,
                  -45.93,
                  1,
                  3,
                  14,
                  -96.67,
                  153.58,
                  0,
                  12,
                  111.53,
                  -24.46,
                  0.98659,
                  13,
                  92.27,
                  -70.04,
                  0.01341,
                  3,
                  14,
                  -83.99,
                  177.06,
                  0,
                  12,
                  131.69,
                  -6.98,
                  0.97978,
                  13,
                  114.94,
                  -55.98,
                  0.02022,
                  3,
                  14,
                  -86.76,
                  195.57,
                  0,
                  12,
                  135.63,
                  11.31,
                  0.98711,
                  13,
                  121.74,
                  -38.55,
                  0.01289,
                  3,
                  14,
                  -117.11,
                  179.63,
                  0,
                  12,
                  101.6,
                  7.12,
                  0.55264,
                  13,
                  87.48,
                  -37.28,
                  0.44736,
                  3,
                  14,
                  -97.67,
                  203.33,
                  0,
                  12,
                  128.17,
                  22.43,
                  0.08069,
                  13,
                  116.14,
                  -26.38,
                  0.91931,
                  3,
                  14,
                  -120.92,
                  209.24,
                  0,
                  12,
                  108.5,
                  36.17,
                  0.05561,
                  13,
                  98.9,
                  -9.69,
                  0.94439,
                  1,
                  13,
                  75.64,
                  1.42,
                  1,
                  1,
                  13,
                  47.56,
                  11.45,
                  1,
                  1,
                  13,
                  18.61,
                  11.09,
                  1,
                  2,
                  11,
                  20.96,
                  -5.71,
                  0.25153,
                  13,
                  -10.95,
                  2.07,
                  0.74847,
                  4,
                  14,
                  -240.26,
                  126.37,
                  0,
                  11,
                  -12.27,
                  20.85,
                  0.38828,
                  13,
                  -45.85,
                  -22.25,
                  0.01681,
                  10,
                  35.43,
                  8.23,
                  0.59491,
                  4,
                  10,
                  9.93,
                  18.42,
                  0.95504,
                  9,
                  78.66,
                  2.61,
                  0.01005,
                  23,
                  104.14,
                  -76.52,
                  0.01489,
                  8,
                  72.47,
                  -95.23,
                  0.02001,
                  4,
                  10,
                  -6.57,
                  43.56,
                  0.53869,
                  9,
                  85.91,
                  31.79,
                  0.17568,
                  23,
                  122.9,
                  -47.24,
                  0.12384,
                  8,
                  88.69,
                  -69.91,
                  0.16179,
                  4,
                  10,
                  -48.28,
                  73.09,
                  0.14165,
                  9,
                  79.25,
                  82.46,
                  0.17005,
                  23,
                  134.4,
                  10.75,
                  0.20601,
                  8,
                  98.63,
                  -19.78,
                  0.48229,
                  6,
                  14,
                  -261.97,
                  -14.12,
                  0,
                  10,
                  -96.25,
                  61.77,
                  0.00813,
                  9,
                  38.35,
                  109.98,
                  0.01444,
                  23,
                  99.8,
                  56.07,
                  0.0263,
                  8,
                  68.72,
                  19.4,
                  0.78546,
                  6,
                  71.17,
                  -10.59,
                  0.16567,
                  9,
                  14,
                  -229.2,
                  -48.1,
                  0,
                  10,
                  -136.88,
                  37.72,
                  0.00424,
                  9,
                  -6.89,
                  123.47,
                  0.00752,
                  23,
                  55.23,
                  87.63,
                  0.0137,
                  8,
                  30.19,
                  46.68,
                  0.40908,
                  6,
                  34.14,
                  18.7,
                  0.08628,
                  4,
                  32.99,
                  -12.73,
                  0.47618,
                  19,
                  -146.68,
                  62.1,
                  0.0011,
                  20,
                  -132.48,
                  69.35,
                  0.00191,
                  4,
                  14,
                  -193.57,
                  -85.03,
                  0,
                  4,
                  2.67,
                  28.66,
                  0.99372,
                  19,
                  -95.41,
                  64.02,
                  0.0023,
                  20,
                  -81.43,
                  74.49,
                  0.00398,
                  3,
                  4,
                  -104.68,
                  93.65,
                  0.01139,
                  19,
                  22.18,
                  20.19,
                  0.98093,
                  20,
                  38.68,
                  38.15,
                  0.00768
                ]
              }
            },
            "sunglaser": {
              "27_Laser/sunglaser": {
                "y": 52,
                "width": 161,
                "height": 242
              }
            }
          }
        },
        "animations": {
          "animation": {
            "bones": {
              "bone3": {
                "rotate": [
                  {
                    "time": 0,
                    "angle": 0
                  },
                  {
                    "time": 0.5,
                    "angle": -7.09
                  },
                  {
                    "time": 1,
                    "angle": 0
                  }
                ],
                "translate": [
                  {
                    "time": 0,
                    "x": 0,
                    "y": 0
                  },
                  {
                    "time": 0.5,
                    "x": -10.82,
                    "y": 0
                  },
                  {
                    "time": 1,
                    "x": 0,
                    "y": 0
                  }
                ],
                "scale": [
                  {
                    "time": 0,
                    "x": 1,
                    "y": 1
                  },
                  {
                    "time": 0.5,
                    "x": 0.734,
                    "y": 1
                  },
                  {
                    "time": 1,
                    "x": 1,
                    "y": 1
                  }
                ]
              },
              "bone5": {
                "rotate": [
                  {
                    "time": 0,
                    "angle": 0
                  },
                  {
                    "time": 0.5,
                    "angle": -5.62
                  },
                  {
                    "time": 1,
                    "angle": 0
                  }
                ],
                "translate": [
                  {
                    "time": 0,
                    "x": 0,
                    "y": 0
                  },
                  {
                    "time": 0.5,
                    "x": 13.16,
                    "y": 0
                  },
                  {
                    "time": 1,
                    "x": 0,
                    "y": 0
                  }
                ],
                "scale": [
                  {
                    "time": 0,
                    "x": 1,
                    "y": 1
                  },
                  {
                    "time": 0.5,
                    "x": 1.189,
                    "y": 1
                  },
                  {
                    "time": 1,
                    "x": 1,
                    "y": 1
                  }
                ]
              },
              "bone7": {
                "rotate": [
                  {
                    "time": 0,
                    "angle": 0
                  },
                  {
                    "time": 0.5,
                    "angle": 8.87
                  },
                  {
                    "time": 1,
                    "angle": 0
                  }
                ],
                "translate": [
                  {
                    "time": 0,
                    "x": 0,
                    "y": 0
                  },
                  {
                    "time": 0.5,
                    "x": -21.63,
                    "y": 0
                  },
                  {
                    "time": 1,
                    "x": 0,
                    "y": 0
                  }
                ],
                "scale": [
                  {
                    "time": 0,
                    "x": 1,
                    "y": 1
                  },
                  {
                    "time": 0.5,
                    "x": 0.734,
                    "y": 1
                  },
                  {
                    "time": 1,
                    "x": 1,
                    "y": 1
                  }
                ]
              },
              "bone10": {
                "rotate": [
                  {
                    "time": 0,
                    "angle": 0
                  },
                  {
                    "time": 0.5,
                    "angle": 2.84
                  },
                  {
                    "time": 1,
                    "angle": 0
                  }
                ],
                "translate": [
                  {
                    "time": 0,
                    "x": 0,
                    "y": 0
                  },
                  {
                    "time": 0.5,
                    "x": -4.07,
                    "y": -0.57
                  },
                  {
                    "time": 1,
                    "x": 0,
                    "y": 0
                  }
                ]
              },
              "bone12": {
                "rotate": [
                  {
                    "time": 0,
                    "angle": 0
                  },
                  {
                    "time": 0.5,
                    "angle": -13.99
                  },
                  {
                    "time": 1,
                    "angle": 0
                  }
                ]
              },
              "bone14": {
                "rotate": [
                  {
                    "time": 0,
                    "angle": 0
                  },
                  {
                    "time": 0.5,
                    "angle": -8.38
                  },
                  {
                    "time": 1,
                    "angle": 0
                  }
                ]
              },
              "bone15": {
                "rotate": [
                  {
                    "time": 0,
                    "angle": 0
                  },
                  {
                    "time": 0.5,
                    "angle": 3.18
                  },
                  {
                    "time": 1,
                    "angle": 0
                  }
                ]
              },
              "bone17": {
                "rotate": [
                  {
                    "time": 0,
                    "angle": 0
                  },
                  {
                    "time": 0.5,
                    "angle": 4.8
                  },
                  {
                    "time": 1,
                    "angle": 0
                  }
                ]
              },
              "bone19": {
                "rotate": [
                  {
                    "time": 0,
                    "angle": 0
                  },
                  {
                    "time": 0.5,
                    "angle": 9.76
                  },
                  {
                    "time": 1,
                    "angle": 0
                  }
                ]
              },
              "bone4": {
                "translate": [
                  {
                    "time": 0,
                    "x": 0,
                    "y": 0
                  },
                  {
                    "time": 0.5,
                    "x": -0.02,
                    "y": -5.22
                  },
                  {
                    "time": 1,
                    "x": 0,
                    "y": 0
                  }
                ]
              },
              "bone6": {
                "translate": [
                  {
                    "time": 0,
                    "x": 0,
                    "y": 0
                  },
                  {
                    "time": 0.5,
                    "x": 0.02,
                    "y": 5.8
                  },
                  {
                    "time": 1,
                    "x": 0,
                    "y": 0
                  }
                ]
              },
              "bone20": {
                "rotate": [
                  {
                    "time": 0,
                    "angle": 0
                  },
                  {
                    "time": 0.5,
                    "angle": -6.57
                  },
                  {
                    "time": 1,
                    "angle": 0
                  }
                ],
                "translate": [
                  {
                    "time": 0,
                    "x": 0,
                    "y": 0
                  },
                  {
                    "time": 0.5,
                    "x": 23.8,
                    "y": 0
                  },
                  {
                    "time": 1,
                    "x": 0,
                    "y": 0
                  }
                ],
                "scale": [
                  {
                    "time": 0,
                    "x": 1,
                    "y": 1
                  },
                  {
                    "time": 0.5,
                    "x": 0.734,
                    "y": 1
                  },
                  {
                    "time": 1,
                    "x": 1,
                    "y": 1
                  }
                ]
              },
              "bone21": {
                "rotate": [
                  {
                    "time": 0,
                    "angle": 0
                  },
                  {
                    "time": 0.5,
                    "angle": -4.09
                  },
                  {
                    "time": 1,
                    "angle": 0
                  }
                ],
                "translate": [
                  {
                    "time": 0,
                    "x": 0,
                    "y": 0
                  },
                  {
                    "time": 0.5,
                    "x": -22.56,
                    "y": 0.63
                  },
                  {
                    "time": 1,
                    "x": 0,
                    "y": 0
                  }
                ],
                "scale": [
                  {
                    "time": 0,
                    "x": 1,
                    "y": 1
                  },
                  {
                    "time": 0.5,
                    "x": 1.189,
                    "y": 1
                  },
                  {
                    "time": 1,
                    "x": 1,
                    "y": 1
                  }
                ]
              },
              "bone22": {
                "rotate": [
                  {
                    "time": 0,
                    "angle": 0
                  },
                  {
                    "time": 0.5,
                    "angle": -350.4
                  },
                  {
                    "time": 1,
                    "angle": 0
                  }
                ],
                "translate": [
                  {
                    "time": 0,
                    "x": 0,
                    "y": 0
                  },
                  {
                    "time": 0.5,
                    "x": 15.87,
                    "y": 0
                  },
                  {
                    "time": 1,
                    "x": 0,
                    "y": 0
                  }
                ],
                "scale": [
                  {
                    "time": 0,
                    "x": 1,
                    "y": 1
                  },
                  {
                    "time": 0.5,
                    "x": 0.734,
                    "y": 1
                  },
                  {
                    "time": 1,
                    "x": 1,
                    "y": 1
                  }
                ]
              },
              "bone23": {
                "rotate": [
                  {
                    "time": 0,
                    "angle": 0
                  },
                  {
                    "time": 0.5,
                    "angle": 3.45
                  },
                  {
                    "time": 1,
                    "angle": 0
                  }
                ],
                "translate": [
                  {
                    "time": 0,
                    "x": 0,
                    "y": 0
                  },
                  {
                    "time": 0.5,
                    "x": -22.56,
                    "y": 0.63
                  },
                  {
                    "time": 1,
                    "x": 0,
                    "y": 0
                  }
                ],
                "scale": [
                  {
                    "time": 0,
                    "x": 1,
                    "y": 1
                  },
                  {
                    "time": 0.5,
                    "x": 1.189,
                    "y": 1
                  },
                  {
                    "time": 1,
                    "x": 1,
                    "y": 1
                  }
                ]
              },
              "bone24": {
                "rotate": [
                  {
                    "time": 0,
                    "angle": 0
                  },
                  {
                    "time": 0.5,
                    "angle": 3.71
                  },
                  {
                    "time": 1,
                    "angle": 0
                  }
                ],
                "translate": [
                  {
                    "time": 0,
                    "x": 0,
                    "y": 0
                  },
                  {
                    "time": 0.5,
                    "x": 13.16,
                    "y": 0
                  },
                  {
                    "time": 1,
                    "x": 0,
                    "y": 0
                  }
                ],
                "scale": [
                  {
                    "time": 0,
                    "x": 1,
                    "y": 1
                  },
                  {
                    "time": 0.5,
                    "x": 1.189,
                    "y": 1
                  },
                  {
                    "time": 1,
                    "x": 1,
                    "y": 1
                  }
                ]
              },
              "Sung Laser": {
                "rotate": [
                  {
                    "time": 0,
                    "angle": -3,
                    "curve": [
                      0.25,
                      0,
                      0.75,
                      1
                    ]
                  },
                  {
                    "time": 0.5,
                    "angle": 3,
                    "curve": [
                      0.25,
                      0,
                      0.75,
                      1
                    ]
                  },
                  {
                    "time": 1,
                    "angle": -3
                  }
                ]
              }
            },
            "deform": {
              "default": {
                "27_Laser/cuacangto": {
                  "27_Laser/cuacangto": [
                    {
                      "time": 0
                    },
                    {
                      "time": 0.5,
                      "offset": 76,
                      "vertices": [
                        5.25418,
                        2.4666,
                        2.13013,
                        -5.39938,
                        1.79528,
                        -5.51965,
                        2.13013,
                        -5.39938,
                        1.79528,
                        -5.51965,
                        2.13013,
                        -5.39938,
                        1.79528,
                        -5.51965,
                        2.13013,
                        -5.39938,
                        1.79528,
                        -5.51965,
                        2.13013,
                        -5.39938,
                        1.79528,
                        -5.51965
                      ]
                    },
                    {
                      "time": 1
                    }
                  ]
                },
                "27_Laser/cuacang1": {
                  "27_Laser/cuacang1": [
                    {
                      "time": 0
                    },
                    {
                      "time": 0.5,
                      "offset": 56,
                      "vertices": [
                        6.42552,
                        7.48827,
                        7.53264,
                        6.37389,
                        6.42552,
                        7.48827,
                        7.53264,
                        6.37389,
                        6.42552,
                        7.48827,
                        7.53264,
                        6.37389,
                        8.24838,
                        -5.4155,
                        6.42552,
                        7.48827,
                        7.53264,
                        6.37389,
                        8.24838,
                        -5.4155
                      ]
                    },
                    {
                      "time": 1
                    }
                  ]
                },
                "Shadow_Cua": {
                  "27_Laser/Shadow_Cua": [
                    {
                      "time": 0,
                      "curve": [
                        0.25,
                        0,
                        0.75,
                        1
                      ]
                    },
                    {
                      "time": 0.5,
                      "offset": 22,
                      "vertices": [
                        -7.70149,
                        21.40002,
                        -19.36249,
                        11.93057,
                        -30.68137,
                        -3.10227,
                        -23.06586,
                        -0.8083,
                        -5.34688,
                        1.39849,
                        -5.05235,
                        -2.24,
                        -5.06412,
                        4.08837,
                        -3.30692,
                        5.38467
                      ],
                      "curve": [
                        0.25,
                        0,
                        0.75,
                        1
                      ]
                    },
                    {
                      "time": 1
                    }
                  ]
                }
              }
            }
          }
        }
      },
      [
        0
      ]
    ]
  ],
  0,
  0,
  [
    0
  ],
  [
    -1
  ],
  [
    0
  ]
]