[
  1,
  [
    "7dQr43C9FIKYJuUN4lPmLU",
    "a6yBKtTrNDWJK5gT3VZklK",
    "5eyNA20r9DJof3VQ9x0wqC",
    "f5JIhqOptIpoSg8gW4g5W9",
    "fctr4Z0C1OHpC38sqKLbUc",
    "b2zIUuoHVPSJe+OhxwcpzS",
    "feqLM7/IpOpY9DGlgWXpva",
    "f2x4GW+vhFDJ1945GD/isU",
    "fcpcrf9vlBdYzp6t6YpEH6",
    "00GkpjHV5JCL4QWpxjggLG",
    "edqQwgPPpD/ptdnVQvCsCM",
    "a7xqmx7g9E6qVfDlZXJeg0",
    "03a/0PPQZMNYfZtv0Q+uAe",
    "e5Ab3SKzpBuZlByVx6V3X5",
    "3dx/btIORJX6//JlzN2x8+",
    "b4t73sDeVCVLGJ5Xq1+v4s",
    "ceTwofCNlKV5s8P3bPy1UB",
    "aeyIZHCcZCw5z1JLFRvRby",
    "92GV6FuFVKJZEKD/OMvnQN",
    "95T5t1qaFP6ZuNe0wdTAAD",
    "b3OiK85dlOz5epoDQHlOSc",
    "dcHowmZPpJapSoOu0c+a/C",
    "8eaxYBmiNGOaJjQsqLNvrf",
    "deztyGEh9Df5NKpb4D4tqZ",
    "7apc3BQApNZ6nwoPvoIqaH"
  ],
  [
    "value"
  ],
  [
    [
      "cc.AnimationClip",
      [
        "_name",
        "_duration",
        "sample",
        "wrapMode",
        "curveData"
      ],
      -1,
      11
    ]
  ],
  [
    [
      0,
      0,
      1,
      2,
      3,
      4,
      5
    ]
  ],
  [
    [
      0,
      "MatThan",
      2.7777777777777777,
      9,
      2,
      [
        {},
        "comps",
        11,
        [
          {},
          "cc.Sprite",
          11,
          [
            {},
            "spriteFrame",
            12,
            [
              [
                [
                  {
                    "frame": 0
                  },
                  "value",
                  6,
                  0
                ],
                [
                  {
                    "frame": 0.1111111111111111
                  },
                  "value",
                  6,
                  1
                ],
                [
                  {
                    "frame": 0.2222222222222222
                  },
                  "value",
                  6,
                  2
                ],
                [
                  {
                    "frame": 0.3333333333333333
                  },
                  "value",
                  6,
                  3
                ],
                [
                  {
                    "frame": 0.4444444444444444
                  },
                  "value",
                  6,
                  4
                ],
                [
                  {
                    "frame": 0.5555555555555556
                  },
                  "value",
                  6,
                  5
                ],
                [
                  {
                    "frame": 0.6666666666666666
                  },
                  "value",
                  6,
                  6
                ],
                [
                  {
                    "frame": 0.7777777777777778
                  },
                  "value",
                  6,
                  7
                ],
                [
                  {
                    "frame": 0.8888888888888888
                  },
                  "value",
                  6,
                  8
                ],
                [
                  {
                    "frame": 1
                  },
                  "value",
                  6,
                  9
                ],
                [
                  {
                    "frame": 1.1111111111111112
                  },
                  "value",
                  6,
                  10
                ],
                [
                  {
                    "frame": 1.2222222222222223
                  },
                  "value",
                  6,
                  11
                ],
                [
                  {
                    "frame": 1.3333333333333333
                  },
                  "value",
                  6,
                  12
                ],
                [
                  {
                    "frame": 1.4444444444444444
                  },
                  "value",
                  6,
                  13
                ],
                [
                  {
                    "frame": 1.5555555555555556
                  },
                  "value",
                  6,
                  14
                ],
                [
                  {
                    "frame": 1.6666666666666667
                  },
                  "value",
                  6,
                  15
                ],
                [
                  {
                    "frame": 1.7777777777777777
                  },
                  "value",
                  6,
                  16
                ],
                [
                  {
                    "frame": 1.8888888888888888
                  },
                  "value",
                  6,
                  17
                ],
                [
                  {
                    "frame": 2
                  },
                  "value",
                  6,
                  18
                ],
                [
                  {
                    "frame": 2.111111111111111
                  },
                  "value",
                  6,
                  19
                ],
                [
                  {
                    "frame": 2.2222222222222223
                  },
                  "value",
                  6,
                  20
                ],
                [
                  {
                    "frame": 2.3333333333333335
                  },
                  "value",
                  6,
                  21
                ],
                [
                  {
                    "frame": 2.4444444444444446
                  },
                  "value",
                  6,
                  22
                ],
                [
                  {
                    "frame": 2.5555555555555554
                  },
                  "value",
                  6,
                  23
                ],
                [
                  {
                    "frame": 2.6666666666666665
                  },
                  "value",
                  6,
                  24
                ]
              ],
              11,
              11,
              11,
              11,
              11,
              11,
              11,
              11,
              11,
              11,
              11,
              11,
              11,
              11,
              11,
              11,
              11,
              11,
              11,
              11,
              11,
              11,
              11,
              11,
              11
            ]
          ]
        ]
      ]
    ]
  ],
  0,
  0,
  [
    0,
    0,
    0,
    0,
    0,
    0,
    0,
    0,
    0,
    0,
    0,
    0,
    0,
    0,
    0,
    0,
    0,
    0,
    0,
    0,
    0,
    0,
    0,
    0,
    0
  ],
  [
    0,
    0,
    0,
    0,
    0,
    0,
    0,
    0,
    0,
    0,
    0,
    0,
    0,
    0,
    0,
    0,
    0,
    0,
    0,
    0,
    0,
    0,
    0,
    0,
    0
  ],
  [
    0,
    1,
    2,
    3,
    4,
    5,
    6,
    7,
    8,
    9,
    10,
    11,
    12,
    13,
    14,
    15,
    16,
    17,
    18,
    19,
    20,
    21,
    22,
    23,
    24
  ]
]