[
  1,
  [
    "1dad6a651",
    "15e5cb7c1",
    "c3jTc4PKZGo5WfynMvIsQH",
    "c7xeu9RClMd7bqU4GqYHHM",
    "58DkPqnSVAP5WjvMNCTZXT",
    "a9AHst1tJDY7wX6+pWkveT",
    "8blzegt75DqoHCtSoMaynS",
    "10gWbiPKhD6r0QfndbkNfW",
    "bfRJXarOpJ6rsUXIsXXGUi",
    "fbijVjzm5Jwp8Gtvz+aX0Q",
    "acAcmhwC1Ka4mXC80XRklP",
    "12MzMgS4BD4o5GFjif0Jyx",
    "c8aTdih3BAX47p6gF17KIc",
    "bcaYtPygZGZojjF7rSK8/X",
    "fbBaVOUc5ENJ3QhR80bWbu",
    "66Ssh2HTpPD735a3olMlAB",
    "b7bWU+tjZA+Yu4KpGLNh/2",
    "0fZ0I7DFlI+oRbneZCIax7",
    "4eLRXqF4JGzZlyWNgI9dJE",
    "a4nhnwmVRJN59+dyUCgNLn"
  ],
  [
    "_textureSetter",
    "100",
    "500",
    "100K",
    "100M",
    "10K",
    "10M",
    "150M",
    "1K",
    "1M",
    "200M",
    "2M",
    "500K",
    "50K",
    "50M",
    "5K",
    "5M",
    "chipBlank",
    "chipBorder"
  ],
  [
    "cc.SpriteFrame",
    [
      "cc.SpriteAtlas",
      [
        "_name",
        "_spriteFrames"
      ],
      2,
      11
    ]
  ],
  [
    [
      1,
      0,
      1,
      2
    ]
  ],
  [
    [
      [
        {
          "name": "chipBlank",
          "rect": [
            738,
            883,
            133,
            138
          ],
          "offset": [
            0,
            0
          ],
          "originalSize": [
            133,
            138
          ],
          "capInsets": [
            0,
            0,
            0,
            0
          ]
        }
      ],
      [
        0
      ],
      0,
      [
        0
      ],
      [
        0
      ],
      [
        1
      ]
    ],
    [
      [
        {
          "name": "100",
          "rect": [
            380,
            3,
            133,
            137
          ],
          "offset": [
            0,
            0
          ],
          "originalSize": [
            133,
            137
          ],
          "capInsets": [
            0,
            0,
            0,
            0
          ]
        }
      ],
      [
        0
      ],
      0,
      [
        0
      ],
      [
        0
      ],
      [
        0
      ]
    ],
    [
      [
        {
          "name": "500",
          "rect": [
            297,
            297,
            134,
            137
          ],
          "offset": [
            0,
            0
          ],
          "originalSize": [
            134,
            137
          ],
          "capInsets": [
            0,
            0,
            0,
            0
          ]
        }
      ],
      [
        0
      ],
      0,
      [
        0
      ],
      [
        0
      ],
      [
        0
      ]
    ],
    [
      [
        [
          0,
          "chipBigAtlas.plist",
          [
            {},
            "100",
            6,
            0,
            "500",
            6,
            1,
            "100K",
            6,
            2,
            "100M",
            6,
            3,
            "10K",
            6,
            4,
            "10M",
            6,
            5,
            "150M",
            6,
            6,
            "1K",
            6,
            7,
            "1M",
            6,
            8,
            "200M",
            6,
            9,
            "2M",
            6,
            10,
            "500K",
            6,
            11,
            "50K",
            6,
            12,
            "50M",
            6,
            13,
            "5K",
            6,
            14,
            "5M",
            6,
            15,
            "chipBlank",
            6,
            16,
            "chipBorder",
            6,
            17
          ]
        ]
      ],
      0,
      0,
      [
        0,
        0,
        0,
        0,
        0,
        0,
        0,
        0,
        0,
        0,
        0,
        0,
        0,
        0,
        0,
        0,
        0,
        0
      ],
      [
        1,
        2,
        3,
        4,
        5,
        6,
        7,
        8,
        9,
        10,
        11,
        12,
        13,
        14,
        15,
        16,
        17,
        18
      ],
      [
        2,
        3,
        4,
        5,
        6,
        7,
        8,
        9,
        10,
        11,
        12,
        13,
        14,
        15,
        16,
        17,
        18,
        19
      ]
    ]
  ]
]