[
  1,
  [
    "b2ox5bT4NEypMBQH+qWR6R",
    "d7rGZkSFVK5bUJrrWYIdgh",
    "956jgz1nVM/LPljLRX6Rd2",
    "e4h2a0ajhAfI5EqamWl1XA",
    "d9W9YMq41OJZfL6UjjBo16",
    "898vgBJKNBq7fApaPeSVO3",
    "bb+w2VElZAvqv93WG6P3Qk",
    "93epOR14NG/IkkhjuXDY4A",
    "catRm+HLpCfIvW+GlyjVGm",
    "e1gNj2K/1Gz5GUJAm58THp",
    "deOAcQULxFmJfhYup1U+Dk",
    "93adDKtIZMc5eP3BNUhNVm",
    "ecSbuefalA1rXOaFroBINW",
    "58NLSJIVdGcqPSVGZSvEOe",
    "c3tQliT4BHr43+P/0AZC6B",
    "0bjAdL99ZC6LR2wd9QJ45C",
    "f9+h+yda1Mb4TEQ5BYwttN",
    "e6XxS32zVPGJ91B4nGZZlM",
    "92zxKGvydK3bzJs8ZAw/ee",
    "38O3UNh7xOAbmwypyU4eLw",
    "2cesAn1uJNQrWOCqf92IRu",
    "d7db1tqexHnJp8g4SXkL15",
    "32th+kzgFHVKTDa0AmzdpL",
    "1du6+aG8tP3JjQB/y60YTr",
    "federBQ0NG16P9w2v7GnEU",
    "09woESUKBC0L9zQXjscFep",
    "a8mZ8saP1Pcq6KLv3UZ7Gt",
    "b4FNUPcKpJ0Llwoy49v3SI",
    "7fcgTlYctIPJZ2lsyVsOGB",
    "08RbQtKWVIopPe4pwD9XcX",
    "a63qMiNSpFoqDNNLxGx24G",
    "4cN26gZBpK+pjhy10I5xrI",
    "ceMBH28jBLMI98+6eI+spd",
    "b7FQLs/RtLAJ/5PwJmbTwy",
    "f1SJeS13FL+JYKPp6S0f5m",
    "b5pQoZIkFBPK0ZuFtYDvoT",
    "deI+F2MTBCKL0hIQdJLHnm",
    "b5z6Nb9pFCvKOPoEgFrIHm",
    "911x97CVhD+ocR2v87D0dD",
    "c0Ub5IrsZBnIUJWLrF9yXS",
    "50Ki0TbE1PqqVoTi5S04CR",
    "f4J4rqTaFMjJ6+Bzn7yP4n",
    "a4W9tsb0NATZ4uNs0BJhla",
    "62AiezXAxHGqMzxPfUC0Ee",
    "2cDofFVb9AyLsvisdEebO9",
    "8f1O8G2NNBN5BMVqStWJxC",
    "800zE2RTBA9JROSe0cePRx",
    "bfu91PaLlGlJ2V4tlpPOJi",
    "53YkVvwiFM75WN0UCXHt0r"
  ],
  [
    "value"
  ],
  [
    [
      "cc.AnimationClip",
      [
        "_name",
        "_duration",
        "sample",
        "curveData"
      ],
      0,
      11
    ]
  ],
  [
    [
      0,
      0,
      1,
      2,
      3,
      4
    ]
  ],
  [
    [
      0,
      "TakeX4",
      2.45,
      20,
      [
        {},
        "comps",
        11,
        [
          {},
          "cc.Sprite",
          11,
          [
            {},
            "spriteFrame",
            12,
            [
              [
                [
                  {
                    "frame": 0
                  },
                  "value",
                  6,
                  0
                ],
                [
                  {
                    "frame": 0.05
                  },
                  "value",
                  6,
                  1
                ],
                [
                  {
                    "frame": 0.1
                  },
                  "value",
                  6,
                  2
                ],
                [
                  {
                    "frame": 0.15
                  },
                  "value",
                  6,
                  3
                ],
                [
                  {
                    "frame": 0.2
                  },
                  "value",
                  6,
                  4
                ],
                [
                  {
                    "frame": 0.25
                  },
                  "value",
                  6,
                  5
                ],
                [
                  {
                    "frame": 0.3
                  },
                  "value",
                  6,
                  6
                ],
                [
                  {
                    "frame": 0.35
                  },
                  "value",
                  6,
                  7
                ],
                [
                  {
                    "frame": 0.4
                  },
                  "value",
                  6,
                  8
                ],
                [
                  {
                    "frame": 0.45
                  },
                  "value",
                  6,
                  9
                ],
                [
                  {
                    "frame": 0.5
                  },
                  "value",
                  6,
                  10
                ],
                [
                  {
                    "frame": 0.55
                  },
                  "value",
                  6,
                  11
                ],
                [
                  {
                    "frame": 0.6
                  },
                  "value",
                  6,
                  12
                ],
                [
                  {
                    "frame": 0.65
                  },
                  "value",
                  6,
                  13
                ],
                [
                  {
                    "frame": 0.7
                  },
                  "value",
                  6,
                  14
                ],
                [
                  {
                    "frame": 0.75
                  },
                  "value",
                  6,
                  15
                ],
                [
                  {
                    "frame": 0.8
                  },
                  "value",
                  6,
                  16
                ],
                [
                  {
                    "frame": 0.85
                  },
                  "value",
                  6,
                  17
                ],
                [
                  {
                    "frame": 0.9
                  },
                  "value",
                  6,
                  18
                ],
                [
                  {
                    "frame": 0.95
                  },
                  "value",
                  6,
                  19
                ],
                [
                  {
                    "frame": 1
                  },
                  "value",
                  6,
                  20
                ],
                [
                  {
                    "frame": 1.05
                  },
                  "value",
                  6,
                  21
                ],
                [
                  {
                    "frame": 1.1
                  },
                  "value",
                  6,
                  22
                ],
                [
                  {
                    "frame": 1.15
                  },
                  "value",
                  6,
                  23
                ],
                [
                  {
                    "frame": 1.2
                  },
                  "value",
                  6,
                  24
                ],
                [
                  {
                    "frame": 1.25
                  },
                  "value",
                  6,
                  25
                ],
                [
                  {
                    "frame": 1.3
                  },
                  "value",
                  6,
                  26
                ],
                [
                  {
                    "frame": 1.35
                  },
                  "value",
                  6,
                  27
                ],
                [
                  {
                    "frame": 1.4
                  },
                  "value",
                  6,
                  28
                ],
                [
                  {
                    "frame": 1.45
                  },
                  "value",
                  6,
                  29
                ],
                [
                  {
                    "frame": 1.5
                  },
                  "value",
                  6,
                  30
                ],
                [
                  {
                    "frame": 1.55
                  },
                  "value",
                  6,
                  31
                ],
                [
                  {
                    "frame": 1.6
                  },
                  "value",
                  6,
                  32
                ],
                [
                  {
                    "frame": 1.65
                  },
                  "value",
                  6,
                  33
                ],
                [
                  {
                    "frame": 1.7
                  },
                  "value",
                  6,
                  34
                ],
                [
                  {
                    "frame": 1.75
                  },
                  "value",
                  6,
                  35
                ],
                [
                  {
                    "frame": 1.8
                  },
                  "value",
                  6,
                  36
                ],
                [
                  {
                    "frame": 1.85
                  },
                  "value",
                  6,
                  37
                ],
                [
                  {
                    "frame": 1.9
                  },
                  "value",
                  6,
                  38
                ],
                [
                  {
                    "frame": 1.95
                  },
                  "value",
                  6,
                  39
                ],
                [
                  {
                    "frame": 2
                  },
                  "value",
                  6,
                  40
                ],
                [
                  {
                    "frame": 2.05
                  },
                  "value",
                  6,
                  41
                ],
                [
                  {
                    "frame": 2.1
                  },
                  "value",
                  6,
                  42
                ],
                [
                  {
                    "frame": 2.15
                  },
                  "value",
                  6,
                  43
                ],
                [
                  {
                    "frame": 2.2
                  },
                  "value",
                  6,
                  44
                ],
                [
                  {
                    "frame": 2.25
                  },
                  "value",
                  6,
                  45
                ],
                [
                  {
                    "frame": 2.3
                  },
                  "value",
                  6,
                  46
                ],
                [
                  {
                    "frame": 2.35
                  },
                  "value",
                  6,
                  47
                ],
                [
                  {
                    "frame": 2.4
                  },
                  "value",
                  6,
                  48
                ]
              ],
              11,
              11,
              11,
              11,
              11,
              11,
              11,
              11,
              11,
              11,
              11,
              11,
              11,
              11,
              11,
              11,
              11,
              11,
              11,
              11,
              11,
              11,
              11,
              11,
              11,
              11,
              11,
              11,
              11,
              11,
              11,
              11,
              11,
              11,
              11,
              11,
              11,
              11,
              11,
              11,
              11,
              11,
              11,
              11,
              11,
              11,
              11,
              11,
              11
            ]
          ]
        ]
      ]
    ]
  ],
  0,
  0,
  [
    0,
    0,
    0,
    0,
    0,
    0,
    0,
    0,
    0,
    0,
    0,
    0,
    0,
    0,
    0,
    0,
    0,
    0,
    0,
    0,
    0,
    0,
    0,
    0,
    0,
    0,
    0,
    0,
    0,
    0,
    0,
    0,
    0,
    0,
    0,
    0,
    0,
    0,
    0,
    0,
    0,
    0,
    0,
    0,
    0,
    0,
    0,
    0,
    0
  ],
  [
    0,
    0,
    0,
    0,
    0,
    0,
    0,
    0,
    0,
    0,
    0,
    0,
    0,
    0,
    0,
    0,
    0,
    0,
    0,
    0,
    0,
    0,
    0,
    0,
    0,
    0,
    0,
    0,
    0,
    0,
    0,
    0,
    0,
    0,
    0,
    0,
    0,
    0,
    0,
    0,
    0,
    0,
    0,
    0,
    0,
    0,
    0,
    0,
    0
  ],
  [
    0,
    1,
    2,
    3,
    4,
    5,
    6,
    7,
    8,
    9,
    10,
    11,
    12,
    13,
    14,
    15,
    16,
    17,
    18,
    19,
    20,
    21,
    22,
    23,
    24,
    25,
    26,
    27,
    28,
    29,
    30,
    31,
    32,
    33,
    34,
    35,
    36,
    37,
    38,
    39,
    40,
    41,
    42,
    43,
    44,
    45,
    46,
    47,
    48
  ]
]