[1,["1chg9XCAZDK6HmItw3yJTX"],["_textureSetter"],["cc.SpriteFrame"],0,[[[{"name":"ib_mw_vfx_c_add_01","rect":[1151,1,392,108],"offset":[-1,-4],"originalSize":[642,138],"capInsets":[0,0,0,0]}],[0],0,[0],[0],[0]],[[{"name":"ib_mw_vfx_c_add_05","rect":[1,1,636,122],"offset":[-1,3],"originalSize":[642,138],"capInsets":[0,0,0,0]}],[0],0,[0],[0],[0]],[[{"name":"ib_mw_vfx_c_add_04","rect":[1,125,632,122],"offset":[-1,3],"originalSize":[642,138],"capInsets":[0,0,0,0]}],[0],0,[0],[0],[0]],[[{"name":"ib_mw_vfx_c_add_00","rect":[1243,111,272,108],"offset":[-2,-4],"originalSize":[642,138],"capInsets":[0,0,0,0]}],[0],0,[0],[0],[0]],[[{"name":"ib_mw_vfx_c_add_02","rect":[639,1,510,118],"offset":[0,1],"originalSize":[642,138],"capInsets":[0,0,0,0]}],[0],0,[0],[0],[0]],[[{"name":"ib_mw_vfx_c_add_03","rect":[635,125,606,122],"offset":[0,3],"originalSize":[642,138],"capInsets":[0,0,0,0]}],[0],0,[0],[0],[0]]]]