[1,["3egjbaXiFOFpJFaxZ8izTG","1exfrGPEhJiI9gSi0/rLdK","68emw3PWxHco+f119AUSug","4ci3U5DKZMvKkH5jMjcH8S","9fy9bDZ8ZHMIHSBKMjG/UW","44M6H4DcxD34/p761UBREt","b6y+kBYhFES6dJKAXX7kDu","24ygFZ29RDp6lBqhZFBBDf","6ajy44Z1JJz5SfcIzDPjPz","2cAwMZnEtI2JxiDV+RdUEa"],["_textureSetter","info_6","info_2","info_5","info_4","info_win","info_tw","info_ways","info_3","info_1"],["cc.SpriteFrame",["cc.SpriteAtlas",["_name","_spriteFrames"],2,11]],[[1,0,1,2]],[[[{"name":"info_6","rect":[782,0,480,55],"offset":[-1,2],"originalSize":[490,77],"capInsets":[0,0,0,0]}],[0],0,[0],[0],[0]],[[[0,"Alats18.plist",[{},"info_6",6,0,"info_2",6,1,"info_5",6,2,"info_4",6,3,"info_win",6,4,"info_tw",6,5,"info_ways",6,6,"info_3",6,7,"info_1",6,8]]],0,0,[0,0,0,0,0,0,0,0,0],[1,2,3,4,5,6,7,8,9],[1,2,3,4,5,6,7,8,9]]]]