[1,["8etk0Cj6tGq5T+NAuBJx01"],["_textureSetter"],["cc.SpriteFrame"],0,[[[{"name":"ps_vfx_c_add_06","rect":[141,1,138,115],"offset":[-1,-10],"originalSize":[142,135],"capInsets":[0,0,0,0]}],[0],0,[0],[0],[0]],[[{"name":"ps_vfx_c_add_05","rect":[421,122,138,119],"offset":[-1,-8],"originalSize":[142,135],"capInsets":[0,0,0,0]}],[0],0,[0],[0],[0]],[[{"name":"ps_vfx_c_add_11","rect":[421,243,138,119],"offset":[-1,-8],"originalSize":[142,135],"capInsets":[0,0,0,0]}],[0],0,[0],[0],[0]],[[{"name":"ps_vfx_c_add_00","rect":[281,1,138,119],"offset":[-1,-8],"originalSize":[142,135],"capInsets":[0,0,0,0]}],[0],0,[0],[0],[0]],[[{"name":"ps_vfx_c_add_14","rect":[281,364,138,119],"offset":[-1,-8],"originalSize":[142,135],"capInsets":[0,0,0,0]}],[0],0,[0],[0],[0]],[[{"name":"ps_vfx_c_add_02","rect":[1,114,138,119],"offset":[-1,-8],"originalSize":[142,135],"capInsets":[0,0,0,0]}],[0],0,[0],[0],[0]],[[{"name":"ps_vfx_c_add_17","rect":[141,481,138,119],"offset":[-1,-8],"originalSize":[142,135],"capInsets":[0,0,0,0]}],[0],0,[0],[0],[0]],[[{"name":"ps_vfx_c_add_08","rect":[1,235,138,119],"offset":[-1,-8],"originalSize":[142,135],"capInsets":[0,0,0,0]}],[0],0,[0],[0],[0]],[[{"name":"ps_vfx_c_add_09","rect":[141,239,138,119],"offset":[-1,-8],"originalSize":[142,135],"capInsets":[0,0,0,0]}],[0],0,[0],[0],[0]],[[{"name":"ps_vfx_c_add_04","rect":[281,122,138,119],"offset":[-1,-8],"originalSize":[142,135],"capInsets":[0,0,0,0]}],[0],0,[0],[0],[0]],[[{"name":"ps_vfx_c_add_07","rect":[1,1,138,111],"offset":[-1,-12],"originalSize":[142,135],"capInsets":[0,0,0,0]}],[0],0,[0],[0],[0]],[[{"name":"ps_vfx_c_add_15","rect":[421,364,138,119],"offset":[-1,-8],"originalSize":[142,135],"capInsets":[0,0,0,0]}],[0],0,[0],[0],[0]],[[{"name":"ps_vfx_c_add_01","rect":[421,1,138,119],"offset":[-1,-8],"originalSize":[142,135],"capInsets":[0,0,0,0]}],[0],0,[0],[0],[0]],[[{"name":"ps_vfx_c_add_16","rect":[1,477,138,119],"offset":[-1,-8],"originalSize":[142,135],"capInsets":[0,0,0,0]}],[0],0,[0],[0],[0]],[[{"name":"ps_vfx_c_add_03","rect":[141,118,138,119],"offset":[-1,-8],"originalSize":[142,135],"capInsets":[0,0,0,0]}],[0],0,[0],[0],[0]],[[{"name":"ps_vfx_c_add_13","rect":[141,360,138,119],"offset":[-1,-8],"originalSize":[142,135],"capInsets":[0,0,0,0]}],[0],0,[0],[0],[0]],[[{"name":"ps_vfx_c_add_12","rect":[1,356,138,119],"offset":[-1,-8],"originalSize":[142,135],"capInsets":[0,0,0,0]}],[0],0,[0],[0],[0]],[[{"name":"ps_vfx_c_add_10","rect":[281,243,138,119],"offset":[-1,-8],"originalSize":[142,135],"capInsets":[0,0,0,0]}],[0],0,[0],[0],[0]]]]