[
  1,
  0,
  0,
  [
    [
      "dragonBones.DragonBonesAsset",
      [
        "_name",
        "_dragonBonesJson"
      ],
      1
    ]
  ],
  [
    [
      0,
      0,
      1,
      3
    ]
  ],
  [
    [
      0,
      "Symbol_1_FX_ske",
      "{\"frameRate\":30,\"name\":\"Symbol_1_FX\",\"version\":\"5.5\",\"compatibleVersion\":\"5.5\",\"armature\":[{\"type\":\"Armature\",\"frameRate\":30,\"name\":\"Symbol_1_FX\",\"bone\":[{\"name\":\"root\",\"transform\":{\"x\":-21,\"y\":-35}},{\"name\":\"1\",\"parent\":\"root\",\"transform\":{\"x\":99.75,\"y\":135.9}},{\"name\":\"Particle\",\"parent\":\"root\",\"transform\":{\"x\":100.5637,\"y\":129.2746,\"scX\":2,\"scY\":2}},{\"name\":\"C1_Show\",\"parent\":\"root\",\"transform\":{\"x\":102.2195,\"y\":134.8734,\"scX\":2,\"scY\":2}},{\"name\":\"C1_Partical\",\"parent\":\"root\",\"transform\":{\"x\":102.22,\"y\":135.9,\"scX\":2,\"scY\":2}}],\"slot\":[{\"blendMode\":\"add\",\"displayIndex\":-1,\"name\":\"Particle\",\"parent\":\"Particle\"},{\"blendMode\":\"add\",\"displayIndex\":-1,\"name\":\"Particle1\",\"parent\":\"Particle\"},{\"displayIndex\":-1,\"name\":\"1\",\"parent\":\"1\"},{\"blendMode\":\"add\",\"displayIndex\":-1,\"name\":\"11\",\"parent\":\"1\",\"color\":{\"aM\":0}},{\"displayIndex\":-1,\"name\":\"C1_Partical\",\"parent\":\"C1_Partical\"},{\"blendMode\":\"add\",\"displayIndex\":-1,\"name\":\"C1_Shine\",\"parent\":\"1\"},{\"displayIndex\":-1,\"name\":\"C1_Show\",\"parent\":\"C1_Show\"}],\"skin\":[{\"slot\":[{\"name\":\"C1_Shine\",\"display\":[{\"name\":\"C1_Shine\",\"transform\":{\"x\":2.25,\"y\":-0.9}}]},{\"name\":\"C1_Show\",\"display\":[{\"name\":\"C1_Show/C1_Show_19\"},{\"name\":\"C1_Show/C1_Show_18\"},{\"name\":\"C1_Show/C1_Show_17\"},{\"name\":\"C1_Show/C1_Show_16\"},{\"name\":\"C1_Show/C1_Show_15\"},{\"name\":\"C1_Show/C1_Show_14\"},{\"name\":\"C1_Show/C1_Show_13\"},{\"name\":\"C1_Show/C1_Show_12\"},{\"name\":\"C1_Show/C1_Show_11\"},{\"name\":\"C1_Show/C1_Show_10\"},{\"name\":\"C1_Show/C1_Show_09\"},{\"name\":\"C1_Show/C1_Show_08\"},{\"name\":\"C1_Show/C1_Show_07\"},{\"name\":\"C1_Show/C1_Show_06\"},{\"name\":\"C1_Show/C1_Show_05\"},{\"name\":\"C1_Show/C1_Show_04\"},{\"name\":\"C1_Show/C1_Show_03\"},{\"name\":\"C1_Show/C1_Show_02\"},{\"name\":\"C1_Show/C1_Show_01\"},{\"name\":\"C1_Show/C1_Show_00\"}]},{\"name\":\"Particle\",\"display\":[{\"name\":\"Particle/Particle_20\"},{\"name\":\"Particle/Particle_19\"},{\"name\":\"Particle/Particle_18\"},{\"name\":\"Particle/Particle_17\"},{\"name\":\"Particle/Particle_16\"},{\"name\":\"Particle/Particle_15\"},{\"name\":\"Particle/Particle_14\"},{\"name\":\"Particle/Particle_13\"},{\"name\":\"Particle/Particle_12\"},{\"name\":\"Particle/Particle_11\"},{\"name\":\"Particle/Particle_10\"},{\"name\":\"Particle/Particle_09\"},{\"name\":\"Particle/Particle_08\"},{\"name\":\"Particle/Particle_07\"},{\"name\":\"Particle/Particle_06\"},{\"name\":\"Particle/Particle_05\"},{\"name\":\"Particle/Particle_04\"}]},{\"name\":\"Particle1\",\"display\":[{\"name\":\"Particle/Particle_20\"},{\"name\":\"Particle/Particle_19\"},{\"name\":\"Particle/Particle_18\"},{\"name\":\"Particle/Particle_17\"},{\"name\":\"Particle/Particle_16\"},{\"name\":\"Particle/Particle_15\"},{\"name\":\"Particle/Particle_14\"},{\"name\":\"Particle/Particle_13\"},{\"name\":\"Particle/Particle_12\"},{\"name\":\"Particle/Particle_11\"},{\"name\":\"Particle/Particle_10\"},{\"name\":\"Particle/Particle_09\"},{\"name\":\"Particle/Particle_08\"},{\"name\":\"Particle/Particle_07\"},{\"name\":\"Particle/Particle_06\"},{\"name\":\"Particle/Particle_05\"},{\"name\":\"Particle/Particle_04\"}]},{\"name\":\"1\",\"display\":[{\"name\":\"1\",\"transform\":{\"x\":2.25,\"y\":-0.9}}]},{\"name\":\"11\",\"display\":[{\"name\":\"1\",\"transform\":{\"x\":2.25,\"y\":-0.9}}]},{\"name\":\"C1_Partical\",\"display\":[{\"name\":\"C1_Show_Particle/C1_Partical_29\"},{\"name\":\"C1_Show_Particle/C1_Partical_28\"},{\"name\":\"C1_Show_Particle/C1_Partical_27\"},{\"name\":\"C1_Show_Particle/C1_Partical_26\"},{\"name\":\"C1_Show_Particle/C1_Partical_25\"},{\"name\":\"C1_Show_Particle/C1_Partical_24\"},{\"name\":\"C1_Show_Particle/C1_Partical_23\"},{\"name\":\"C1_Show_Particle/C1_Partical_22\"},{\"name\":\"C1_Show_Particle/C1_Partical_21\"},{\"name\":\"C1_Show_Particle/C1_Partical_20\"},{\"name\":\"C1_Show_Particle/C1_Partical_19\"},{\"name\":\"C1_Show_Particle/C1_Partical_18\"},{\"name\":\"C1_Show_Particle/C1_Partical_17\"},{\"name\":\"C1_Show_Particle/C1_Partical_16\"},{\"name\":\"C1_Show_Particle/C1_Partical_15\"},{\"name\":\"C1_Show_Particle/C1_Partical_14\"},{\"name\":\"C1_Show_Particle/C1_Partical_13\"},{\"name\":\"C1_Show_Particle/C1_Partical_12\"},{\"name\":\"C1_Show_Particle/C1_Partical_11\"},{\"name\":\"C1_Show_Particle/C1_Partical_10\"},{\"name\":\"C1_Show_Particle/C1_Partical_09\"},{\"name\":\"C1_Show_Particle/C1_Partical_08\"},{\"name\":\"C1_Show_Particle/C1_Partical_07\"},{\"name\":\"C1_Show_Particle/C1_Partical_06\"},{\"name\":\"C1_Show_Particle/C1_Partical_05\"},{\"name\":\"C1_Show_Particle/C1_Partical_04\"},{\"name\":\"C1_Show_Particle/C1_Partical_03\"},{\"name\":\"C1_Show_Particle/C1_Partical_02\"},{\"name\":\"C1_Show_Particle/C1_Partical_01\"},{\"name\":\"C1_Show_Particle/C1_Partical_00\"}]}]}],\"animation\":[{\"duration\":20,\"playTimes\":0,\"name\":\"Trigger\",\"bone\":[{\"name\":\"1\",\"scaleFrame\":[{\"duration\":2,\"tweenEasing\":0},{\"duration\":3,\"tweenEasing\":0,\"x\":0.95,\"y\":0.95},{\"duration\":2,\"tweenEasing\":0,\"x\":1.05,\"y\":1.05},{\"duration\":3,\"tweenEasing\":0,\"x\":1.1,\"y\":1.1},{\"duration\":6,\"tweenEasing\":0,\"x\":1.05,\"y\":1.05},{\"duration\":4}]}],\"slot\":[{\"name\":\"1\",\"displayFrame\":[{\"duration\":20}],\"colorFrame\":[{\"duration\":10},{\"duration\":10,\"tweenEasing\":0},{\"duration\":0,\"value\":{\"aM\":0}}]},{\"name\":\"C1_Shine\",\"displayFrame\":[{\"duration\":20}],\"colorFrame\":[{\"duration\":4,\"tweenEasing\":0,\"value\":{\"aM\":0}},{\"duration\":8,\"tweenEasing\":0,\"value\":{\"aM\":63}},{\"duration\":4,\"tweenEasing\":0,\"value\":{\"aM\":63}},{\"duration\":4,\"value\":{\"aM\":0}}]},{\"name\":\"Particle\",\"displayFrame\":[{\"duration\":4,\"value\":-1},{\"value\":16},{\"value\":15},{\"value\":14},{\"value\":13},{\"value\":12},{\"value\":11},{\"value\":10},{\"value\":9},{\"value\":8},{\"value\":7},{\"value\":6},{\"value\":5},{\"value\":4},{\"value\":3},{\"value\":2},{\"value\":1},{\"duration\":0,\"value\":-1}],\"colorFrame\":[{\"duration\":2},{\"duration\":13,\"tweenEasing\":0,\"value\":{\"rM\":96,\"gM\":59,\"bM\":59}},{\"duration\":4,\"tweenEasing\":0,\"value\":{\"gM\":84,\"bM\":80}},{\"value\":{\"aM\":19}}]},{\"name\":\"Particle1\",\"displayFrame\":[{\"duration\":4,\"value\":-1},{\"value\":16},{\"value\":15},{\"value\":14},{\"value\":13},{\"value\":12},{\"value\":11},{\"value\":10},{\"value\":9},{\"value\":8},{\"value\":7},{\"value\":6},{\"value\":5},{\"value\":4},{\"value\":3},{\"value\":2},{\"value\":1},{\"duration\":0,\"value\":-1}],\"colorFrame\":[{\"duration\":2},{\"duration\":13,\"tweenEasing\":0,\"value\":{\"rM\":96,\"gM\":59,\"bM\":59}},{\"duration\":4,\"tweenEasing\":0,\"value\":{\"gM\":84,\"bM\":80}},{\"value\":{\"aM\":19}}]}]},{\"duration\":43,\"name\":\"In\",\"slot\":[{\"name\":\"1\",\"displayFrame\":[{\"duration\":15,\"value\":-1},{\"duration\":28}]},{\"name\":\"C1_Shine\",\"displayFrame\":[{\"duration\":15,\"value\":-1},{\"duration\":28}],\"colorFrame\":[{\"duration\":15},{\"duration\":11,\"tweenEasing\":0,\"value\":{\"aM\":0}},{\"duration\":11,\"tweenEasing\":0},{\"duration\":6,\"value\":{\"aM\":0}}]},{\"name\":\"C1_Show\",\"displayFrame\":[{\"value\":19},{\"value\":18},{\"value\":17},{\"value\":16},{\"value\":15},{\"value\":14},{\"value\":13},{\"value\":12},{\"value\":11},{\"value\":10},{\"value\":9},{\"value\":8},{\"value\":7},{\"value\":6},{\"value\":5},{\"value\":4},{\"value\":3},{\"value\":2},{\"value\":1},{},{\"duration\":23,\"value\":-1}]},{\"name\":\"C1_Partical\",\"displayFrame\":[{\"value\":29},{\"value\":28},{\"value\":27},{\"value\":26},{\"value\":25},{\"value\":24},{\"value\":23},{\"value\":22},{\"value\":21},{\"value\":20},{\"value\":19},{\"value\":18},{\"value\":17},{\"value\":16},{\"value\":15},{\"value\":14},{\"value\":13},{\"value\":12},{\"value\":11},{\"value\":10},{\"value\":9},{\"value\":8},{\"value\":7},{\"value\":6},{\"value\":5},{\"value\":4},{\"value\":3},{\"value\":2},{\"value\":1},{},{\"duration\":13,\"value\":-1}]}]}],\"defaultActions\":[{\"gotoAndPlay\":\"Trigger\"}]}]}"
    ]
  ],
  0,
  0,
  [],
  [],
  []
]