[
  1,
  [
    "56nVJSR9hMbIwWuI3QwLXn",
    "54oojH8mVIxJrSXd03Wa40"
  ],
  [
    "_textureSetter",
    "spriteFrame"
  ],
  [
    "cc.SpriteFrame",
    [
      "cc.BitmapFont",
      [
        "_name",
        "fontSize",
        "_fntConfig"
      ],
      0
    ]
  ],
  [
    [
      1,
      0,
      1,
      2,
      4
    ]
  ],
  [
    [
      [
        {
          "name": "FontBetTaiXiu-export",
          "rect": [
            0,
            0,
            240,
            251
          ],
          "offset": [
            -8,
            2.5
          ],
          "originalSize": [
            256,
            256
          ],
          "capInsets": [
            0,
            0,
            0,
            0
          ]
        }
      ],
      [
        0
      ],
      0,
      [
        0
      ],
      [
        0
      ],
      [
        0
      ]
    ],
    [
      [
        [
          0,
          "FontBetTaiXiu-export",
          32,
          {
            "commonHeight": 72,
            "fontSize": 32,
            "atlasName": "FontBetTaiXiu-export.png",
            "fontDefDictionary": {
              "9": {
                "xOffset": 0,
                "yOffset": 0,
                "xAdvance": 160,
                "rect": {
                  "x": 0,
                  "y": 0,
                  "width": 0,
                  "height": 0
                }
              },
              "32": {
                "xOffset": 0,
                "yOffset": 0,
                "xAdvance": 20,
                "rect": {
                  "x": 0,
                  "y": 0,
                  "width": 0,
                  "height": 0
                }
              },
              "35": {
                "xOffset": 0,
                "yOffset": 0,
                "xAdvance": 60,
                "rect": {
                  "x": 0,
                  "y": 61,
                  "width": 59,
                  "height": 72
                }
              },
              "43": {
                "xOffset": 0,
                "yOffset": 6,
                "xAdvance": 60,
                "rect": {
                  "x": 0,
                  "y": 0,
                  "width": 59,
                  "height": 60
                }
              },
              "45": {
                "xOffset": 12,
                "yOffset": 27,
                "xAdvance": 35,
                "rect": {
                  "x": 0,
                  "y": 207,
                  "width": 34,
                  "height": 18
                }
              },
              "46": {
                "xOffset": 2,
                "yOffset": 50,
                "xAdvance": 26,
                "rect": {
                  "x": 35,
                  "y": 219,
                  "width": 25,
                  "height": 32
                }
              },
              "48": {
                "xOffset": 4,
                "yOffset": 0,
                "xAdvance": 52,
                "rect": {
                  "x": 54,
                  "y": 134,
                  "width": 51,
                  "height": 72
                }
              },
              "49": {
                "xOffset": 5,
                "yOffset": 0,
                "xAdvance": 35,
                "rect": {
                  "x": 206,
                  "y": 146,
                  "width": 34,
                  "height": 72
                }
              },
              "50": {
                "xOffset": 6,
                "yOffset": 0,
                "xAdvance": 47,
                "rect": {
                  "x": 163,
                  "y": 0,
                  "width": 46,
                  "height": 72
                }
              },
              "51": {
                "xOffset": 5,
                "yOffset": 0,
                "xAdvance": 50,
                "rect": {
                  "x": 157,
                  "y": 73,
                  "width": 49,
                  "height": 72
                }
              },
              "52": {
                "xOffset": 3,
                "yOffset": 0,
                "xAdvance": 54,
                "rect": {
                  "x": 0,
                  "y": 134,
                  "width": 53,
                  "height": 72
                }
              },
              "53": {
                "xOffset": 5,
                "yOffset": 0,
                "xAdvance": 49,
                "rect": {
                  "x": 157,
                  "y": 146,
                  "width": 48,
                  "height": 72
                }
              },
              "54": {
                "xOffset": 4,
                "yOffset": 0,
                "xAdvance": 51,
                "rect": {
                  "x": 112,
                  "y": 0,
                  "width": 50,
                  "height": 72
                }
              },
              "55": {
                "xOffset": 4,
                "yOffset": 0,
                "xAdvance": 51,
                "rect": {
                  "x": 106,
                  "y": 146,
                  "width": 50,
                  "height": 72
                }
              },
              "56": {
                "xOffset": 4,
                "yOffset": 0,
                "xAdvance": 52,
                "rect": {
                  "x": 60,
                  "y": 0,
                  "width": 51,
                  "height": 72
                }
              },
              "57": {
                "xOffset": 4,
                "yOffset": 0,
                "xAdvance": 51,
                "rect": {
                  "x": 106,
                  "y": 73,
                  "width": 50,
                  "height": 72
                }
              }
            },
            "kerningDict": {}
          }
        ]
      ],
      0,
      0,
      [
        0
      ],
      [
        1
      ],
      [
        1
      ]
    ]
  ]
]