[
  1,
  [
    "a95ATJhWFMUotbYe/rNFrH"
  ],
  [
    "_textureSetter"
  ],
  [
    "cc.SpriteFrame"
  ],
  0,
  [
    {
      "name": "9012586b-2eb4-4391-9570-622247d66917",
      "rect": [
        0,
        0,
        111,
        330
      ],
      "offset": [
        0,
        0
      ],
      "originalSize": [
        111,
        330
      ],
      "capInsets": [
        0,
        0,
        0,
        0
      ]
    }
  ],
  [
    0
  ],
  0,
  [
    0
  ],
  [
    0
  ],
  [
    0
  ]
]