[
  1,
  [
    "a0mOvW9K5LSqhMVGYugTpT"
  ],
  [
    "_textureSetter"
  ],
  [
    "cc.SpriteFrame"
  ],
  0,
  [
    [
      [
        {
          "name": "multikill_06",
          "rect": [
            1435,
            1,
            711,
            292
          ],
          "offset": [
            1,
            -9
          ],
          "originalSize": [
            735,
            630
          ],
          "rotated": 1,
          "capInsets": [
            0,
            0,
            0,
            0
          ]
        }
      ],
      [
        0
      ],
      0,
      [
        0
      ],
      [
        0
      ],
      [
        0
      ]
    ],
    [
      [
        {
          "name": "multikill_00",
          "rect": [
            1514,
            1029,
            117,
            126
          ],
          "offset": [
            -15,
            17
          ],
          "originalSize": [
            735,
            630
          ],
          "rotated": 1,
          "capInsets": [
            0,
            0,
            0,
            0
          ]
        }
      ],
      [
        0
      ],
      0,
      [
        0
      ],
      [
        0
      ],
      [
        0
      ]
    ],
    [
      [
        {
          "name": "multikill_05",
          "rect": [
            1,
            1,
            717,
            610
          ],
          "offset": [
            0,
            1
          ],
          "originalSize": [
            735,
            630
          ],
          "capInsets": [
            0,
            0,
            0,
            0
          ]
        }
      ],
      [
        0
      ],
      0,
      [
        0
      ],
      [
        0
      ],
      [
        0
      ]
    ],
    [
      [
        {
          "name": "multikill_07",
          "rect": [
            1259,
            714,
            705,
            198
          ],
          "offset": [
            3,
            17
          ],
          "originalSize": [
            735,
            630
          ],
          "capInsets": [
            0,
            0,
            0,
            0
          ]
        }
      ],
      [
        0
      ],
      0,
      [
        0
      ],
      [
        0
      ],
      [
        0
      ]
    ],
    [
      [
        {
          "name": "multikill_02",
          "rect": [
            638,
            615,
            451,
            392
          ],
          "offset": [
            19,
            -13
          ],
          "originalSize": [
            735,
            630
          ],
          "capInsets": [
            0,
            0,
            0,
            0
          ]
        }
      ],
      [
        0
      ],
      0,
      [
        0
      ],
      [
        0
      ],
      [
        0
      ]
    ],
    [
      [
        {
          "name": "multikill_08",
          "rect": [
            1729,
            1,
            639,
            186
          ],
          "offset": [
            17,
            8
          ],
          "originalSize": [
            735,
            630
          ],
          "rotated": 1,
          "capInsets": [
            0,
            0,
            0,
            0
          ]
        }
      ],
      [
        0
      ],
      0,
      [
        0
      ],
      [
        0
      ],
      [
        0
      ]
    ],
    [
      [
        {
          "name": "multikill_09",
          "rect": [
            1091,
            615,
            491,
            166
          ],
          "offset": [
            20,
            -3
          ],
          "originalSize": [
            735,
            630
          ],
          "rotated": 1,
          "capInsets": [
            0,
            0,
            0,
            0
          ]
        }
      ],
      [
        0
      ],
      0,
      [
        0
      ],
      [
        0
      ],
      [
        0
      ]
    ],
    [
      [
        {
          "name": "multikill_03",
          "rect": [
            1,
            613,
            635,
            562
          ],
          "offset": [
            14,
            -2
          ],
          "originalSize": [
            735,
            630
          ],
          "capInsets": [
            0,
            0,
            0,
            0
          ]
        }
      ],
      [
        0
      ],
      0,
      [
        0
      ],
      [
        0
      ],
      [
        0
      ]
    ],
    [
      [
        {
          "name": "multikill_10",
          "rect": [
            638,
            1009,
            319,
            146
          ],
          "offset": [
            20,
            -14
          ],
          "originalSize": [
            735,
            630
          ],
          "capInsets": [
            0,
            0,
            0,
            0
          ]
        }
      ],
      [
        0
      ],
      0,
      [
        0
      ],
      [
        0
      ],
      [
        0
      ]
    ],
    [
      [
        {
          "name": "multikill_04",
          "rect": [
            720,
            1,
            713,
            612
          ],
          "offset": [
            2,
            -1
          ],
          "originalSize": [
            735,
            630
          ],
          "capInsets": [
            0,
            0,
            0,
            0
          ]
        }
      ],
      [
        0
      ],
      0,
      [
        0
      ],
      [
        0
      ],
      [
        0
      ]
    ],
    [
      [
        {
          "name": "multikill_01",
          "rect": [
            1259,
            914,
            253,
            240
          ],
          "offset": [
            25,
            -2
          ],
          "originalSize": [
            735,
            630
          ],
          "capInsets": [
            0,
            0,
            0,
            0
          ]
        }
      ],
      [
        0
      ],
      0,
      [
        0
      ],
      [
        0
      ],
      [
        0
      ]
    ]
  ]
]