[
  1,
  [
    "7fa0z5RhJHtqanACQ+hNSX",
    "e7ZNGDBlxG0LqoQ5d4Sz3m",
    "7f+9n6y1pGWYzoXzjVBsg2",
    "41uNggRyRCwoMdIo4hougJ",
    "06AcnEY85FjpIiaGgDkMxO",
    "32CsEFcJJOSbjrUsXLppBP",
    "7dxF+JkbhNO5fH6IlTdKOS",
    "00ayzxH6pJDZI3ls/e3YIZ",
    "67xBNXWn1AzZQUErWdZ+lo",
    "4ddKWVdRtJJLr16Clzvee6",
    "3672YNJZpL8roRB7qHJICj",
    "f5Kf+ma7hIDawheTZwe3wy",
    "5euR0FnI5DaqbWhOpDr3sl",
    "9aP2XPAqVH4oQwY/Lmr04r",
    "cdAa4W3VNDC7qWCRRsRCDi"
  ],
  [
    "value"
  ],
  [
    [
      "cc.AnimationClip",
      [
        "_name",
        "_duration",
        "sample",
        "speed",
        "wrapMode",
        "curveData"
      ],
      -2,
      11
    ]
  ],
  [
    [
      0,
      0,
      1,
      2,
      3,
      4,
      5,
      6
    ]
  ],
  [
    [
      0,
      "Effect_BigWinLoop",
      18.1,
      10,
      0.5,
      2,
      [
        {},
        "paths",
        11,
        [
          {},
          "NodeBigWin/mattrang",
          11,
          [
            {
              "comps": {}
            },
            "props",
            11,
            [
              {
                "angle": [
                  {
                    "frame": 0,
                    "value": 0
                  },
                  {
                    "frame": 18,
                    "value": -720
                  }
                ]
              },
              "scale",
              12,
              [
                [
                  [
                    {
                      "frame": 0
                    },
                    "value",
                    8,
                    [
                      1,
                      1,
                      1,
                      1
                    ]
                  ]
                ],
                11
              ]
            ]
          ],
          "NodeBigWin/bw_pattern_c_add",
          11,
          [
            {
              "comps": {}
            },
            "props",
            11,
            [
              {
                "angle": [
                  {
                    "frame": 0,
                    "value": 0
                  },
                  {
                    "frame": 18.1,
                    "value": 720
                  }
                ]
              },
              "scale",
              12,
              [
                [
                  [
                    {
                      "frame": 0
                    },
                    "value",
                    8,
                    [
                      1,
                      1.3,
                      1.3,
                      1
                    ]
                  ]
                ],
                11
              ]
            ]
          ],
          "NodeBigWin/bw_pattern_b_screen",
          11,
          [
            {
              "comps": {}
            },
            "props",
            11,
            [
              {
                "angle": [
                  {
                    "frame": 0,
                    "value": 0
                  },
                  {
                    "frame": 18.1,
                    "value": 720
                  }
                ]
              },
              "scale",
              12,
              [
                [
                  [
                    {
                      "frame": 5
                    },
                    "value",
                    8,
                    [
                      1,
                      1.3,
                      1.3,
                      1.3
                    ]
                  ]
                ],
                11
              ]
            ]
          ],
          "NodeBigWin/bw_vfx_c_add_02",
          11,
          [
            {
              "props": {}
            },
            "comps",
            11,
            [
              {},
              "cc.Sprite",
              11,
              [
                {},
                "spriteFrame",
                12,
                [
                  [
                    [
                      {
                        "frame": 0
                      },
                      "value",
                      6,
                      0
                    ],
                    [
                      {
                        "frame": 0.1
                      },
                      "value",
                      6,
                      1
                    ],
                    [
                      {
                        "frame": 0.2
                      },
                      "value",
                      6,
                      2
                    ],
                    [
                      {
                        "frame": 0.3
                      },
                      "value",
                      6,
                      3
                    ],
                    [
                      {
                        "frame": 0.4
                      },
                      "value",
                      6,
                      4
                    ],
                    [
                      {
                        "frame": 0.5
                      },
                      "value",
                      6,
                      5
                    ],
                    [
                      {
                        "frame": 0.6
                      },
                      "value",
                      6,
                      6
                    ],
                    [
                      {
                        "frame": 0.7
                      },
                      "value",
                      6,
                      7
                    ],
                    [
                      {
                        "frame": 0.8
                      },
                      "value",
                      6,
                      8
                    ],
                    [
                      {
                        "frame": 0.9
                      },
                      "value",
                      6,
                      9
                    ],
                    [
                      {
                        "frame": 1
                      },
                      "value",
                      6,
                      10
                    ],
                    [
                      {
                        "frame": 1.1
                      },
                      "value",
                      6,
                      11
                    ],
                    [
                      {
                        "frame": 1.2
                      },
                      "value",
                      6,
                      12
                    ],
                    [
                      {
                        "frame": 1.3
                      },
                      "value",
                      6,
                      13
                    ],
                    [
                      {
                        "frame": 1.4
                      },
                      "value",
                      6,
                      14
                    ],
                    [
                      {
                        "frame": 1.5
                      },
                      "value",
                      6,
                      15
                    ],
                    [
                      {
                        "frame": 1.6
                      },
                      "value",
                      6,
                      16
                    ],
                    [
                      {
                        "frame": 1.7
                      },
                      "value",
                      6,
                      17
                    ],
                    [
                      {
                        "frame": 1.8
                      },
                      "value",
                      6,
                      18
                    ],
                    [
                      {
                        "frame": 1.9
                      },
                      "value",
                      6,
                      19
                    ],
                    [
                      {
                        "frame": 2
                      },
                      "value",
                      6,
                      20
                    ],
                    [
                      {
                        "frame": 2.1
                      },
                      "value",
                      6,
                      21
                    ],
                    [
                      {
                        "frame": 2.2
                      },
                      "value",
                      6,
                      22
                    ],
                    [
                      {
                        "frame": 2.3
                      },
                      "value",
                      6,
                      23
                    ],
                    [
                      {
                        "frame": 2.4
                      },
                      "value",
                      6,
                      24
                    ],
                    [
                      {
                        "frame": 2.5
                      },
                      "value",
                      6,
                      25
                    ],
                    [
                      {
                        "frame": 2.6
                      },
                      "value",
                      6,
                      26
                    ],
                    [
                      {
                        "frame": 2.7
                      },
                      "value",
                      6,
                      27
                    ],
                    [
                      {
                        "frame": 2.8
                      },
                      "value",
                      6,
                      28
                    ],
                    [
                      {
                        "frame": 2.9
                      },
                      "value",
                      6,
                      29
                    ],
                    [
                      {
                        "frame": 3
                      },
                      "value",
                      6,
                      30
                    ],
                    [
                      {
                        "frame": 3.1
                      },
                      "value",
                      6,
                      31
                    ],
                    [
                      {
                        "frame": 3.2
                      },
                      "value",
                      6,
                      32
                    ],
                    [
                      {
                        "frame": 3.3
                      },
                      "value",
                      6,
                      33
                    ],
                    [
                      {
                        "frame": 3.4
                      },
                      "value",
                      6,
                      34
                    ],
                    [
                      {
                        "frame": 3.5
                      },
                      "value",
                      6,
                      35
                    ],
                    [
                      {
                        "frame": 3.6
                      },
                      "value",
                      6,
                      36
                    ],
                    [
                      {
                        "frame": 3.7
                      },
                      "value",
                      6,
                      37
                    ],
                    [
                      {
                        "frame": 3.8
                      },
                      "value",
                      6,
                      38
                    ],
                    [
                      {
                        "frame": 3.9
                      },
                      "value",
                      6,
                      39
                    ],
                    [
                      {
                        "frame": 4
                      },
                      "value",
                      6,
                      40
                    ],
                    [
                      {
                        "frame": 4.1
                      },
                      "value",
                      6,
                      41
                    ],
                    [
                      {
                        "frame": 4.2
                      },
                      "value",
                      6,
                      42
                    ],
                    [
                      {
                        "frame": 4.3
                      },
                      "value",
                      6,
                      43
                    ],
                    [
                      {
                        "frame": 4.4
                      },
                      "value",
                      6,
                      44
                    ],
                    [
                      {
                        "frame": 4.5
                      },
                      "value",
                      6,
                      45
                    ],
                    [
                      {
                        "frame": 4.6
                      },
                      "value",
                      6,
                      46
                    ],
                    [
                      {
                        "frame": 4.7
                      },
                      "value",
                      6,
                      47
                    ],
                    [
                      {
                        "frame": 4.8
                      },
                      "value",
                      6,
                      48
                    ],
                    [
                      {
                        "frame": 4.9
                      },
                      "value",
                      6,
                      49
                    ],
                    [
                      {
                        "frame": 5
                      },
                      "value",
                      6,
                      50
                    ],
                    [
                      {
                        "frame": 5.1
                      },
                      "value",
                      6,
                      51
                    ],
                    [
                      {
                        "frame": 5.2
                      },
                      "value",
                      6,
                      52
                    ],
                    [
                      {
                        "frame": 5.3
                      },
                      "value",
                      6,
                      53
                    ],
                    [
                      {
                        "frame": 5.4
                      },
                      "value",
                      6,
                      54
                    ],
                    [
                      {
                        "frame": 5.5
                      },
                      "value",
                      6,
                      55
                    ],
                    [
                      {
                        "frame": 5.6
                      },
                      "value",
                      6,
                      56
                    ],
                    [
                      {
                        "frame": 5.7
                      },
                      "value",
                      6,
                      57
                    ],
                    [
                      {
                        "frame": 5.8
                      },
                      "value",
                      6,
                      58
                    ],
                    [
                      {
                        "frame": 5.9
                      },
                      "value",
                      6,
                      59
                    ],
                    [
                      {
                        "frame": 6
                      },
                      "value",
                      6,
                      60
                    ],
                    [
                      {
                        "frame": 6.1
                      },
                      "value",
                      6,
                      61
                    ],
                    [
                      {
                        "frame": 6.2
                      },
                      "value",
                      6,
                      62
                    ],
                    [
                      {
                        "frame": 6.3
                      },
                      "value",
                      6,
                      63
                    ],
                    [
                      {
                        "frame": 6.4
                      },
                      "value",
                      6,
                      64
                    ],
                    [
                      {
                        "frame": 6.5
                      },
                      "value",
                      6,
                      65
                    ],
                    [
                      {
                        "frame": 6.6
                      },
                      "value",
                      6,
                      66
                    ],
                    [
                      {
                        "frame": 6.7
                      },
                      "value",
                      6,
                      67
                    ],
                    [
                      {
                        "frame": 6.8
                      },
                      "value",
                      6,
                      68
                    ],
                    [
                      {
                        "frame": 6.9
                      },
                      "value",
                      6,
                      69
                    ],
                    [
                      {
                        "frame": 7
                      },
                      "value",
                      6,
                      70
                    ],
                    [
                      {
                        "frame": 7.1
                      },
                      "value",
                      6,
                      71
                    ],
                    [
                      {
                        "frame": 7.2
                      },
                      "value",
                      6,
                      72
                    ],
                    [
                      {
                        "frame": 7.3
                      },
                      "value",
                      6,
                      73
                    ],
                    [
                      {
                        "frame": 7.4
                      },
                      "value",
                      6,
                      74
                    ],
                    [
                      {
                        "frame": 7.5
                      },
                      "value",
                      6,
                      75
                    ],
                    [
                      {
                        "frame": 7.6
                      },
                      "value",
                      6,
                      76
                    ],
                    [
                      {
                        "frame": 7.7
                      },
                      "value",
                      6,
                      77
                    ],
                    [
                      {
                        "frame": 7.8
                      },
                      "value",
                      6,
                      78
                    ],
                    [
                      {
                        "frame": 7.9
                      },
                      "value",
                      6,
                      79
                    ],
                    [
                      {
                        "frame": 8
                      },
                      "value",
                      6,
                      80
                    ],
                    [
                      {
                        "frame": 8.1
                      },
                      "value",
                      6,
                      81
                    ],
                    [
                      {
                        "frame": 8.2
                      },
                      "value",
                      6,
                      82
                    ],
                    [
                      {
                        "frame": 8.3
                      },
                      "value",
                      6,
                      83
                    ],
                    [
                      {
                        "frame": 8.4
                      },
                      "value",
                      6,
                      84
                    ],
                    [
                      {
                        "frame": 8.5
                      },
                      "value",
                      6,
                      85
                    ],
                    [
                      {
                        "frame": 8.6
                      },
                      "value",
                      6,
                      86
                    ],
                    [
                      {
                        "frame": 8.7
                      },
                      "value",
                      6,
                      87
                    ],
                    [
                      {
                        "frame": 8.8
                      },
                      "value",
                      6,
                      88
                    ],
                    [
                      {
                        "frame": 8.9
                      },
                      "value",
                      6,
                      89
                    ],
                    [
                      {
                        "frame": 9
                      },
                      "value",
                      6,
                      90
                    ],
                    [
                      {
                        "frame": 9.1
                      },
                      "value",
                      6,
                      91
                    ],
                    [
                      {
                        "frame": 9.2
                      },
                      "value",
                      6,
                      92
                    ],
                    [
                      {
                        "frame": 9.3
                      },
                      "value",
                      6,
                      93
                    ],
                    [
                      {
                        "frame": 9.4
                      },
                      "value",
                      6,
                      94
                    ],
                    [
                      {
                        "frame": 9.5
                      },
                      "value",
                      6,
                      95
                    ],
                    [
                      {
                        "frame": 9.6
                      },
                      "value",
                      6,
                      96
                    ],
                    [
                      {
                        "frame": 9.7
                      },
                      "value",
                      6,
                      97
                    ],
                    [
                      {
                        "frame": 9.8
                      },
                      "value",
                      6,
                      98
                    ],
                    [
                      {
                        "frame": 9.9
                      },
                      "value",
                      6,
                      99
                    ],
                    [
                      {
                        "frame": 10
                      },
                      "value",
                      6,
                      100
                    ],
                    [
                      {
                        "frame": 10.1
                      },
                      "value",
                      6,
                      101
                    ],
                    [
                      {
                        "frame": 10.2
                      },
                      "value",
                      6,
                      102
                    ],
                    [
                      {
                        "frame": 10.3
                      },
                      "value",
                      6,
                      103
                    ],
                    [
                      {
                        "frame": 10.4
                      },
                      "value",
                      6,
                      104
                    ],
                    [
                      {
                        "frame": 10.5
                      },
                      "value",
                      6,
                      105
                    ],
                    [
                      {
                        "frame": 10.6
                      },
                      "value",
                      6,
                      106
                    ],
                    [
                      {
                        "frame": 10.7
                      },
                      "value",
                      6,
                      107
                    ],
                    [
                      {
                        "frame": 10.8
                      },
                      "value",
                      6,
                      108
                    ],
                    [
                      {
                        "frame": 10.9
                      },
                      "value",
                      6,
                      109
                    ],
                    [
                      {
                        "frame": 11
                      },
                      "value",
                      6,
                      110
                    ],
                    [
                      {
                        "frame": 11.1
                      },
                      "value",
                      6,
                      111
                    ],
                    [
                      {
                        "frame": 11.2
                      },
                      "value",
                      6,
                      112
                    ],
                    [
                      {
                        "frame": 11.3
                      },
                      "value",
                      6,
                      113
                    ],
                    [
                      {
                        "frame": 11.4
                      },
                      "value",
                      6,
                      114
                    ],
                    [
                      {
                        "frame": 11.5
                      },
                      "value",
                      6,
                      115
                    ],
                    [
                      {
                        "frame": 11.6
                      },
                      "value",
                      6,
                      116
                    ],
                    [
                      {
                        "frame": 11.7
                      },
                      "value",
                      6,
                      117
                    ],
                    [
                      {
                        "frame": 11.8
                      },
                      "value",
                      6,
                      118
                    ],
                    [
                      {
                        "frame": 11.9
                      },
                      "value",
                      6,
                      119
                    ],
                    [
                      {
                        "frame": 12
                      },
                      "value",
                      6,
                      120
                    ],
                    [
                      {
                        "frame": 12.1
                      },
                      "value",
                      6,
                      121
                    ],
                    [
                      {
                        "frame": 12.2
                      },
                      "value",
                      6,
                      122
                    ],
                    [
                      {
                        "frame": 12.3
                      },
                      "value",
                      6,
                      123
                    ],
                    [
                      {
                        "frame": 12.4
                      },
                      "value",
                      6,
                      124
                    ],
                    [
                      {
                        "frame": 12.5
                      },
                      "value",
                      6,
                      125
                    ],
                    [
                      {
                        "frame": 12.6
                      },
                      "value",
                      6,
                      126
                    ],
                    [
                      {
                        "frame": 12.7
                      },
                      "value",
                      6,
                      127
                    ],
                    [
                      {
                        "frame": 12.8
                      },
                      "value",
                      6,
                      128
                    ],
                    [
                      {
                        "frame": 12.9
                      },
                      "value",
                      6,
                      129
                    ],
                    [
                      {
                        "frame": 13
                      },
                      "value",
                      6,
                      130
                    ],
                    [
                      {
                        "frame": 13.1
                      },
                      "value",
                      6,
                      131
                    ],
                    [
                      {
                        "frame": 13.2
                      },
                      "value",
                      6,
                      132
                    ],
                    [
                      {
                        "frame": 13.3
                      },
                      "value",
                      6,
                      133
                    ],
                    [
                      {
                        "frame": 13.4
                      },
                      "value",
                      6,
                      134
                    ],
                    [
                      {
                        "frame": 13.5
                      },
                      "value",
                      6,
                      135
                    ],
                    [
                      {
                        "frame": 13.6
                      },
                      "value",
                      6,
                      136
                    ],
                    [
                      {
                        "frame": 13.7
                      },
                      "value",
                      6,
                      137
                    ],
                    [
                      {
                        "frame": 13.8
                      },
                      "value",
                      6,
                      138
                    ],
                    [
                      {
                        "frame": 13.9
                      },
                      "value",
                      6,
                      139
                    ],
                    [
                      {
                        "frame": 14
                      },
                      "value",
                      6,
                      140
                    ],
                    [
                      {
                        "frame": 14.1
                      },
                      "value",
                      6,
                      141
                    ],
                    [
                      {
                        "frame": 14.2
                      },
                      "value",
                      6,
                      142
                    ],
                    [
                      {
                        "frame": 14.3
                      },
                      "value",
                      6,
                      143
                    ],
                    [
                      {
                        "frame": 14.4
                      },
                      "value",
                      6,
                      144
                    ],
                    [
                      {
                        "frame": 14.5
                      },
                      "value",
                      6,
                      145
                    ],
                    [
                      {
                        "frame": 14.6
                      },
                      "value",
                      6,
                      146
                    ],
                    [
                      {
                        "frame": 14.7
                      },
                      "value",
                      6,
                      147
                    ],
                    [
                      {
                        "frame": 14.8
                      },
                      "value",
                      6,
                      148
                    ],
                    [
                      {
                        "frame": 14.9
                      },
                      "value",
                      6,
                      149
                    ],
                    [
                      {
                        "frame": 15
                      },
                      "value",
                      6,
                      150
                    ],
                    [
                      {
                        "frame": 15.1
                      },
                      "value",
                      6,
                      151
                    ],
                    [
                      {
                        "frame": 15.2
                      },
                      "value",
                      6,
                      152
                    ],
                    [
                      {
                        "frame": 15.3
                      },
                      "value",
                      6,
                      153
                    ],
                    [
                      {
                        "frame": 15.4
                      },
                      "value",
                      6,
                      154
                    ],
                    [
                      {
                        "frame": 15.5
                      },
                      "value",
                      6,
                      155
                    ],
                    [
                      {
                        "frame": 15.6
                      },
                      "value",
                      6,
                      156
                    ],
                    [
                      {
                        "frame": 15.7
                      },
                      "value",
                      6,
                      157
                    ],
                    [
                      {
                        "frame": 15.8
                      },
                      "value",
                      6,
                      158
                    ],
                    [
                      {
                        "frame": 15.9
                      },
                      "value",
                      6,
                      159
                    ],
                    [
                      {
                        "frame": 16
                      },
                      "value",
                      6,
                      160
                    ],
                    [
                      {
                        "frame": 16.1
                      },
                      "value",
                      6,
                      161
                    ],
                    [
                      {
                        "frame": 16.2
                      },
                      "value",
                      6,
                      162
                    ],
                    [
                      {
                        "frame": 16.3
                      },
                      "value",
                      6,
                      163
                    ],
                    [
                      {
                        "frame": 16.4
                      },
                      "value",
                      6,
                      164
                    ],
                    [
                      {
                        "frame": 16.5
                      },
                      "value",
                      6,
                      165
                    ],
                    [
                      {
                        "frame": 16.6
                      },
                      "value",
                      6,
                      166
                    ],
                    [
                      {
                        "frame": 16.7
                      },
                      "value",
                      6,
                      167
                    ]
                  ],
                  11,
                  11,
                  11,
                  11,
                  11,
                  11,
                  11,
                  11,
                  11,
                  11,
                  11,
                  11,
                  11,
                  11,
                  11,
                  11,
                  11,
                  11,
                  11,
                  11,
                  11,
                  11,
                  11,
                  11,
                  11,
                  11,
                  11,
                  11,
                  11,
                  11,
                  11,
                  11,
                  11,
                  11,
                  11,
                  11,
                  11,
                  11,
                  11,
                  11,
                  11,
                  11,
                  11,
                  11,
                  11,
                  11,
                  11,
                  11,
                  11,
                  11,
                  11,
                  11,
                  11,
                  11,
                  11,
                  11,
                  11,
                  11,
                  11,
                  11,
                  11,
                  11,
                  11,
                  11,
                  11,
                  11,
                  11,
                  11,
                  11,
                  11,
                  11,
                  11,
                  11,
                  11,
                  11,
                  11,
                  11,
                  11,
                  11,
                  11,
                  11,
                  11,
                  11,
                  11,
                  11,
                  11,
                  11,
                  11,
                  11,
                  11,
                  11,
                  11,
                  11,
                  11,
                  11,
                  11,
                  11,
                  11,
                  11,
                  11,
                  11,
                  11,
                  11,
                  11,
                  11,
                  11,
                  11,
                  11,
                  11,
                  11,
                  11,
                  11,
                  11,
                  11,
                  11,
                  11,
                  11,
                  11,
                  11,
                  11,
                  11,
                  11,
                  11,
                  11,
                  11,
                  11,
                  11,
                  11,
                  11,
                  11,
                  11,
                  11,
                  11,
                  11,
                  11,
                  11,
                  11,
                  11,
                  11,
                  11,
                  11,
                  11,
                  11,
                  11,
                  11,
                  11,
                  11,
                  11,
                  11,
                  11,
                  11,
                  11,
                  11,
                  11,
                  11,
                  11,
                  11,
                  11,
                  11,
                  11,
                  11,
                  11,
                  11,
                  11,
                  11,
                  11,
                  11,
                  11
                ]
              ]
            ]
          ],
          "NodeBigWin/bw_pattern_d_add",
          11,
          [
            {
              "comps": {}
            },
            "props",
            11,
            [
              {
                "angle": [
                  {
                    "frame": 0,
                    "value": 0
                  },
                  {
                    "frame": 18,
                    "value": 720
                  }
                ]
              },
              "scale",
              12,
              [
                [
                  [
                    {
                      "frame": 0
                    },
                    "value",
                    8,
                    [
                      1,
                      1.4,
                      1.4,
                      1
                    ]
                  ]
                ],
                11
              ]
            ]
          ],
          "NodeBigWin/bw",
          11,
          [
            {
              "comps": {}
            },
            "props",
            11,
            [
              {},
              "scale",
              12,
              [
                [
                  [
                    {
                      "frame": 0
                    },
                    "value",
                    8,
                    [
                      1,
                      1,
                      1,
                      1
                    ]
                  ]
                ],
                11
              ]
            ]
          ],
          "NodeBigWin/bw_vfx_d_add",
          11,
          [
            {},
            "props",
            11,
            [
              {
                "opacity": [
                  {
                    "frame": 0,
                    "value": 255
                  }
                ],
                "angle": [
                  {
                    "frame": 0,
                    "value": 343.2021552659714
                  },
                  {
                    "frame": 18,
                    "value": 720
                  }
                ]
              },
              "scale",
              12,
              [
                [
                  [
                    {
                      "frame": 0
                    },
                    "value",
                    8,
                    [
                      1,
                      2,
                      2,
                      1
                    ]
                  ]
                ],
                11
              ]
            ]
          ],
          "NodeBigWin/bw_vfx_a_screen",
          11,
          [
            {},
            "props",
            11,
            [
              {
                "opacity": [
                  {
                    "frame": 0,
                    "value": 217.9484999999659
                  },
                  {
                    "frame": 1,
                    "value": 255
                  },
                  {
                    "frame": 1.5,
                    "value": 0
                  },
                  {
                    "frame": 2,
                    "value": 0
                  },
                  {
                    "frame": 3,
                    "value": 255
                  },
                  {
                    "frame": 3.5,
                    "value": 0
                  },
                  {
                    "frame": 4,
                    "value": 0
                  },
                  {
                    "frame": 5,
                    "value": 255
                  },
                  {
                    "frame": 5.5,
                    "value": 0
                  },
                  {
                    "frame": 6,
                    "value": 0
                  },
                  {
                    "frame": 7,
                    "value": 255
                  },
                  {
                    "frame": 7.5,
                    "value": 0
                  },
                  {
                    "frame": 8,
                    "value": 0
                  },
                  {
                    "frame": 9,
                    "value": 255
                  },
                  {
                    "frame": 9.5,
                    "value": 0
                  },
                  {
                    "frame": 10,
                    "value": 0
                  },
                  {
                    "frame": 11,
                    "value": 255
                  },
                  {
                    "frame": 11.5,
                    "value": 0
                  },
                  {
                    "frame": 12,
                    "value": 0
                  },
                  {
                    "frame": 13,
                    "value": 255
                  },
                  {
                    "frame": 13.5,
                    "value": 0
                  },
                  {
                    "frame": 14,
                    "value": 0
                  },
                  {
                    "frame": 15,
                    "value": 255
                  },
                  {
                    "frame": 15.5,
                    "value": 0
                  }
                ]
              },
              "scale",
              12,
              [
                [
                  [
                    {
                      "frame": 0
                    },
                    "value",
                    8,
                    [
                      1,
                      1,
                      1,
                      1
                    ]
                  ],
                  [
                    {
                      "frame": 1
                    },
                    "value",
                    8,
                    [
                      1,
                      2,
                      2,
                      1
                    ]
                  ],
                  [
                    {
                      "frame": 1.5
                    },
                    "value",
                    8,
                    [
                      1,
                      2.3,
                      2.3,
                      1
                    ]
                  ],
                  [
                    {
                      "frame": 2
                    },
                    "value",
                    8,
                    [
                      1,
                      1,
                      1,
                      1
                    ]
                  ],
                  [
                    {
                      "frame": 3
                    },
                    "value",
                    8,
                    [
                      1,
                      2,
                      2,
                      1
                    ]
                  ],
                  [
                    {
                      "frame": 3.5
                    },
                    "value",
                    8,
                    [
                      1,
                      2.3,
                      2.3,
                      1
                    ]
                  ],
                  [
                    {
                      "frame": 4
                    },
                    "value",
                    8,
                    [
                      1,
                      1,
                      1,
                      1
                    ]
                  ],
                  [
                    {
                      "frame": 5
                    },
                    "value",
                    8,
                    [
                      1,
                      2,
                      2,
                      1
                    ]
                  ],
                  [
                    {
                      "frame": 5.5
                    },
                    "value",
                    8,
                    [
                      1,
                      2.3,
                      2.3,
                      1
                    ]
                  ],
                  [
                    {
                      "frame": 6
                    },
                    "value",
                    8,
                    [
                      1,
                      1,
                      1,
                      1
                    ]
                  ],
                  [
                    {
                      "frame": 7
                    },
                    "value",
                    8,
                    [
                      1,
                      2,
                      2,
                      1
                    ]
                  ],
                  [
                    {
                      "frame": 7.5
                    },
                    "value",
                    8,
                    [
                      1,
                      2.3,
                      2.3,
                      1
                    ]
                  ],
                  [
                    {
                      "frame": 8
                    },
                    "value",
                    8,
                    [
                      1,
                      1,
                      1,
                      1
                    ]
                  ],
                  [
                    {
                      "frame": 9
                    },
                    "value",
                    8,
                    [
                      1,
                      2,
                      2,
                      1
                    ]
                  ],
                  [
                    {
                      "frame": 9.5
                    },
                    "value",
                    8,
                    [
                      1,
                      2.3,
                      2.3,
                      1
                    ]
                  ],
                  [
                    {
                      "frame": 10
                    },
                    "value",
                    8,
                    [
                      1,
                      1,
                      1,
                      1
                    ]
                  ],
                  [
                    {
                      "frame": 11
                    },
                    "value",
                    8,
                    [
                      1,
                      2,
                      2,
                      1
                    ]
                  ],
                  [
                    {
                      "frame": 11.5
                    },
                    "value",
                    8,
                    [
                      1,
                      2.3,
                      2.3,
                      1
                    ]
                  ],
                  [
                    {
                      "frame": 12
                    },
                    "value",
                    8,
                    [
                      1,
                      1,
                      1,
                      1
                    ]
                  ],
                  [
                    {
                      "frame": 13
                    },
                    "value",
                    8,
                    [
                      1,
                      2,
                      2,
                      1
                    ]
                  ],
                  [
                    {
                      "frame": 13.5
                    },
                    "value",
                    8,
                    [
                      1,
                      2.3,
                      2.3,
                      1
                    ]
                  ],
                  [
                    {
                      "frame": 14
                    },
                    "value",
                    8,
                    [
                      1,
                      1,
                      1,
                      1
                    ]
                  ],
                  [
                    {
                      "frame": 15
                    },
                    "value",
                    8,
                    [
                      1,
                      2,
                      2,
                      1
                    ]
                  ],
                  [
                    {
                      "frame": 15.5
                    },
                    "value",
                    8,
                    [
                      1,
                      2.3,
                      2.3,
                      1
                    ]
                  ]
                ],
                11,
                11,
                11,
                11,
                11,
                11,
                11,
                11,
                11,
                11,
                11,
                11,
                11,
                11,
                11,
                11,
                11,
                11,
                11,
                11,
                11,
                11,
                11,
                11
              ]
            ],
            "comps",
            11,
            [
              {},
              "cc.Sprite",
              11,
              [
                {},
                "spriteFrame",
                12,
                [
                  [
                    [
                      {
                        "frame": 0
                      },
                      "value",
                      6,
                      168
                    ]
                  ],
                  11
                ]
              ]
            ]
          ]
        ]
      ]
    ]
  ],
  0,
  0,
  [
    0,
    0,
    0,
    0,
    0,
    0,
    0,
    0,
    0,
    0,
    0,
    0,
    0,
    0,
    0,
    0,
    0,
    0,
    0,
    0,
    0,
    0,
    0,
    0,
    0,
    0,
    0,
    0,
    0,
    0,
    0,
    0,
    0,
    0,
    0,
    0,
    0,
    0,
    0,
    0,
    0,
    0,
    0,
    0,
    0,
    0,
    0,
    0,
    0,
    0,
    0,
    0,
    0,
    0,
    0,
    0,
    0,
    0,
    0,
    0,
    0,
    0,
    0,
    0,
    0,
    0,
    0,
    0,
    0,
    0,
    0,
    0,
    0,
    0,
    0,
    0,
    0,
    0,
    0,
    0,
    0,
    0,
    0,
    0,
    0,
    0,
    0,
    0,
    0,
    0,
    0,
    0,
    0,
    0,
    0,
    0,
    0,
    0,
    0,
    0,
    0,
    0,
    0,
    0,
    0,
    0,
    0,
    0,
    0,
    0,
    0,
    0,
    0,
    0,
    0,
    0,
    0,
    0,
    0,
    0,
    0,
    0,
    0,
    0,
    0,
    0,
    0,
    0,
    0,
    0,
    0,
    0,
    0,
    0,
    0,
    0,
    0,
    0,
    0,
    0,
    0,
    0,
    0,
    0,
    0,
    0,
    0,
    0,
    0,
    0,
    0,
    0,
    0,
    0,
    0,
    0,
    0,
    0,
    0,
    0,
    0,
    0,
    0,
    0,
    0,
    0,
    0,
    0,
    0
  ],
  [
    0,
    0,
    0,
    0,
    0,
    0,
    0,
    0,
    0,
    0,
    0,
    0,
    0,
    0,
    0,
    0,
    0,
    0,
    0,
    0,
    0,
    0,
    0,
    0,
    0,
    0,
    0,
    0,
    0,
    0,
    0,
    0,
    0,
    0,
    0,
    0,
    0,
    0,
    0,
    0,
    0,
    0,
    0,
    0,
    0,
    0,
    0,
    0,
    0,
    0,
    0,
    0,
    0,
    0,
    0,
    0,
    0,
    0,
    0,
    0,
    0,
    0,
    0,
    0,
    0,
    0,
    0,
    0,
    0,
    0,
    0,
    0,
    0,
    0,
    0,
    0,
    0,
    0,
    0,
    0,
    0,
    0,
    0,
    0,
    0,
    0,
    0,
    0,
    0,
    0,
    0,
    0,
    0,
    0,
    0,
    0,
    0,
    0,
    0,
    0,
    0,
    0,
    0,
    0,
    0,
    0,
    0,
    0,
    0,
    0,
    0,
    0,
    0,
    0,
    0,
    0,
    0,
    0,
    0,
    0,
    0,
    0,
    0,
    0,
    0,
    0,
    0,
    0,
    0,
    0,
    0,
    0,
    0,
    0,
    0,
    0,
    0,
    0,
    0,
    0,
    0,
    0,
    0,
    0,
    0,
    0,
    0,
    0,
    0,
    0,
    0,
    0,
    0,
    0,
    0,
    0,
    0,
    0,
    0,
    0,
    0,
    0,
    0,
    0,
    0,
    0,
    0,
    0,
    0
  ],
  [
    1,
    2,
    3,
    4,
    5,
    6,
    7,
    0,
    13,
    8,
    9,
    10,
    11,
    12,
    1,
    2,
    3,
    4,
    5,
    6,
    7,
    0,
    13,
    8,
    9,
    10,
    11,
    12,
    1,
    2,
    3,
    4,
    5,
    6,
    7,
    0,
    13,
    8,
    9,
    10,
    11,
    12,
    1,
    2,
    3,
    4,
    5,
    6,
    7,
    0,
    13,
    8,
    9,
    10,
    11,
    12,
    1,
    2,
    3,
    4,
    5,
    6,
    7,
    0,
    13,
    8,
    9,
    10,
    11,
    12,
    1,
    2,
    3,
    4,
    5,
    6,
    7,
    0,
    13,
    8,
    9,
    10,
    11,
    12,
    1,
    2,
    3,
    4,
    5,
    6,
    7,
    0,
    13,
    8,
    9,
    10,
    11,
    12,
    1,
    2,
    3,
    4,
    5,
    6,
    7,
    0,
    13,
    8,
    9,
    10,
    11,
    12,
    1,
    2,
    3,
    4,
    5,
    6,
    7,
    0,
    0,
    8,
    9,
    10,
    11,
    12,
    1,
    2,
    3,
    4,
    5,
    6,
    7,
    0,
    13,
    8,
    9,
    10,
    11,
    12,
    1,
    2,
    3,
    4,
    5,
    6,
    7,
    0,
    13,
    8,
    9,
    10,
    11,
    12,
    1,
    2,
    3,
    4,
    5,
    6,
    7,
    0,
    13,
    8,
    9,
    10,
    11,
    12,
    14
  ]
]