[
  1,
  [
    "bba+iuFstBVrhFVn2/7CLU"
  ],
  [
    "_textureSetter"
  ],
  [
    "cc.SpriteFrame"
  ],
  0,
  [
    {
      "name": "3bc3a74b-4d9f-4bd2-be38-6ea4558b1aa5",
      "rect": [
        0,
        0,
        176,
        107
      ],
      "offset": [
        0,
        0
      ],
      "originalSize": [
        176,
        107
      ],
      "capInsets": [
        0,
        0,
        0,
        0
      ]
    }
  ],
  [
    0
  ],
  0,
  [
    0
  ],
  [
    0
  ],
  [
    0
  ]
]