[
  1,
  [
    "46zSxy5UZAM5vYUZxaAvAm",
    "80ZH6H9UtOLrHqh6p/q7Lj"
  ],
  [
    "_textureSetter",
    "spriteFrame"
  ],
  [
    "cc.SpriteFrame",
    [
      "cc.BitmapFont",
      [
        "_name",
        "fontSize",
        "_fntConfig"
      ],
      0
    ]
  ],
  [
    [
      1,
      0,
      1,
      2,
      4
    ]
  ],
  [
    [
      [
        {
          "name": "BigWin-export",
          "rect": [
            0,
            0,
            205,
            205
          ],
          "offset": [
            0,
            0
          ],
          "originalSize": [
            205,
            205
          ],
          "capInsets": [
            0,
            0,
            0,
            0
          ]
        }
      ],
      [
        0
      ],
      0,
      [
        0
      ],
      [
        0
      ],
      [
        0
      ]
    ],
    [
      [
        [
          0,
          "BigWin-export",
          32,
          {
            "commonHeight": 56,
            "fontSize": 32,
            "atlasName": "BigWin-export.png",
            "fontDefDictionary": {
              "9": {
                "xOffset": 0,
                "yOffset": 0,
                "xAdvance": 450,
                "rect": {
                  "x": 0,
                  "y": 0,
                  "width": 0,
                  "height": 0
                }
              },
              "32": {
                "xOffset": 0,
                "yOffset": 0,
                "xAdvance": 9,
                "rect": {
                  "x": 0,
                  "y": 0,
                  "width": 0,
                  "height": 0
                }
              },
              "44": {
                "xOffset": 0,
                "yOffset": 36,
                "xAdvance": 22,
                "rect": {
                  "x": 104,
                  "y": 178,
                  "width": 20,
                  "height": 27
                }
              },
              "46": {
                "xOffset": 0,
                "yOffset": 36,
                "xAdvance": 22,
                "rect": {
                  "x": 0,
                  "y": 184,
                  "width": 20,
                  "height": 20
                }
              },
              "48": {
                "xOffset": 0,
                "yOffset": 1,
                "xAdvance": 45,
                "rect": {
                  "x": 52,
                  "y": 122,
                  "width": 49,
                  "height": 55
                }
              },
              "49": {
                "xOffset": 0,
                "yOffset": -1,
                "xAdvance": 45,
                "rect": {
                  "x": 156,
                  "y": 59,
                  "width": 49,
                  "height": 59
                }
              },
              "50": {
                "xOffset": 0,
                "yOffset": -1,
                "xAdvance": 45,
                "rect": {
                  "x": 104,
                  "y": 119,
                  "width": 49,
                  "height": 56
                }
              },
              "51": {
                "xOffset": 0,
                "yOffset": -1,
                "xAdvance": 45,
                "rect": {
                  "x": 105,
                  "y": 0,
                  "width": 49,
                  "height": 56
                }
              },
              "52": {
                "xOffset": 0,
                "yOffset": -2,
                "xAdvance": 45,
                "rect": {
                  "x": 0,
                  "y": 0,
                  "width": 50,
                  "height": 58
                }
              },
              "53": {
                "xOffset": 0,
                "yOffset": 0,
                "xAdvance": 45,
                "rect": {
                  "x": 104,
                  "y": 61,
                  "width": 49,
                  "height": 55
                }
              },
              "54": {
                "xOffset": 0,
                "yOffset": -1,
                "xAdvance": 45,
                "rect": {
                  "x": 0,
                  "y": 61,
                  "width": 49,
                  "height": 58
                }
              },
              "55": {
                "xOffset": 0,
                "yOffset": -2,
                "xAdvance": 45,
                "rect": {
                  "x": 53,
                  "y": 0,
                  "width": 49,
                  "height": 58
                }
              },
              "56": {
                "xOffset": 0,
                "yOffset": -2,
                "xAdvance": 45,
                "rect": {
                  "x": 52,
                  "y": 61,
                  "width": 49,
                  "height": 58
                }
              },
              "57": {
                "xOffset": 0,
                "yOffset": 1,
                "xAdvance": 45,
                "rect": {
                  "x": 0,
                  "y": 122,
                  "width": 49,
                  "height": 59
                }
              }
            },
            "kerningDict": {}
          }
        ]
      ],
      0,
      0,
      [
        0
      ],
      [
        1
      ],
      [
        1
      ]
    ]
  ]
]