[
  1,
  [
    "813ouH7YFGOaOO4TWMxLWq",
    "9diY89bgFHdZBAuKpSbN5J",
    "faLmLu8XRP2rb9ueIXUpjz",
    "c0hFLQvNVN4K0sFz+JbKzw",
    "caISV0Q2pHgpCtPVYSZ+uN",
    "49nlhC5JxDZbm+r5Pj6OIj",
    "528RQ6+c9MVonKQ7g6XtkM",
    "d7UPTo5xZK07kqr2Ed8v1s",
    "288yyQii5CjYJWgS8a8Lsx",
    "b7Qs15TA1Lkqz8fMb1161f",
    "8cTmFKfjNJko3robJ1aPWX",
    "25lXFz3VRMibszsQHahpeT",
    "d6Qe2TsNJHYo5V2Vx3BPs/",
    "02iIYl5QJFqI4slQbBI/JG",
    "6808n38bxKSpzC1gSNnWnB",
    "c2PSVNYdpDx4GIXjo2bub1",
    "6aNziraMBH4adD262TN6fb",
    "03mACBKVRFt60VcmLKjOJL",
    "78FobzjOhEUKrYAx18wwBy",
    "f656vOSdRISoEEg8x2HhEC",
    "25hLnEho1OGYb6cJbow4rp",
    "713ZFwOBlCWp55OavhFniy",
    "dcylBchB1I7ZR32BhCLkE9",
    "494qIPk4tNILbnOGqz7PgO",
    "035fw/+O9NbI7xjruG7AWF",
    "ceRqnRdYBDz7Q4qsedkIhG",
    "476aCBB4VFRIl554HmoDDy",
    "34/A1m8aZJEbv4oiSI3OFf",
    "236vGM/PVJ16ph5gHgahd2",
    "3b4MFoVfFJbo69b9y0WfjL",
    "38qlqQHNxB1aovExYxEvIP",
    "3fmp2NFe1BxZs7Vn/JxRw0",
    "eeAAJT+tlLBqwYNm02eWZi",
    "d7XQzLwTlDZocNl72Bznud",
    "72+2w/yiBPxLEqV2Oq/9CT",
    "a48DJIW0tAKZ4dloybtekc",
    "b3/L5+B6lPC7vrbmwy2LZY",
    "5fExP6/7FLh6QqRcWJaAjq",
    "b3sxy5mulOybrboBEbaykW",
    "a60VUGFyBGeK6EDFuJd4LJ",
    "46o1O0WIFKFaYzOs/n8UQ0"
  ],
  [
    "value"
  ],
  [
    [
      "cc.AnimationClip",
      [
        "_name",
        "_duration",
        "sample",
        "curveData"
      ],
      0,
      11
    ]
  ],
  [
    [
      0,
      0,
      1,
      2,
      3,
      4
    ]
  ],
  [
    [
      0,
      "btnSpin_Click",
      2.066666666666667,
      15,
      [
        {},
        "paths",
        11,
        [
          {},
          "sb_vfx_d_add_00",
          11,
          [
            {},
            "comps",
            11,
            [
              {},
              "cc.Sprite",
              11,
              [
                {},
                "spriteFrame",
                12,
                [
                  [
                    [
                      {
                        "frame": 0
                      },
                      "value",
                      6,
                      0
                    ],
                    [
                      {
                        "frame": 0.06666666666666667
                      },
                      "value",
                      6,
                      1
                    ],
                    [
                      {
                        "frame": 0.13333333333333333
                      },
                      "value",
                      6,
                      2
                    ],
                    [
                      {
                        "frame": 0.2
                      },
                      "value",
                      6,
                      3
                    ],
                    [
                      {
                        "frame": 0.26666666666666666
                      },
                      "value",
                      6,
                      4
                    ],
                    [
                      {
                        "frame": 0.3333333333333333
                      },
                      "value",
                      6,
                      5
                    ],
                    [
                      {
                        "frame": 0.4
                      },
                      "value",
                      6,
                      6
                    ],
                    [
                      {
                        "frame": 0.4666666666666667
                      },
                      "value",
                      6,
                      7
                    ],
                    [
                      {
                        "frame": 0.5333333333333333
                      },
                      "value",
                      6,
                      8
                    ],
                    [
                      {
                        "frame": 0.6
                      },
                      "value",
                      6,
                      9
                    ],
                    [
                      {
                        "frame": 0.6666666666666666
                      },
                      "value",
                      6,
                      10
                    ],
                    [
                      {
                        "frame": 0.7333333333333333
                      },
                      "value",
                      6,
                      11
                    ],
                    [
                      {
                        "frame": 0.8
                      },
                      "value",
                      6,
                      12
                    ],
                    [
                      {
                        "frame": 0.8666666666666667
                      },
                      "value",
                      6,
                      13
                    ],
                    [
                      {
                        "frame": 0.9333333333333333
                      },
                      "value",
                      6,
                      14
                    ],
                    [
                      {
                        "frame": 1
                      },
                      "value",
                      6,
                      15
                    ],
                    [
                      {
                        "frame": 1.0666666666666667
                      },
                      "value",
                      6,
                      16
                    ],
                    [
                      {
                        "frame": 1.1333333333333333
                      },
                      "value",
                      6,
                      17
                    ],
                    [
                      {
                        "frame": 1.2
                      },
                      "value",
                      6,
                      18
                    ]
                  ],
                  11,
                  11,
                  11,
                  11,
                  11,
                  11,
                  11,
                  11,
                  11,
                  11,
                  11,
                  11,
                  11,
                  11,
                  11,
                  11,
                  11,
                  11,
                  11
                ]
              ]
            ]
          ],
          "mf_vfx_j_sun_add_00",
          11,
          [
            {},
            "comps",
            11,
            [
              {},
              "cc.Sprite",
              11,
              [
                {},
                "spriteFrame",
                12,
                [
                  [
                    [
                      {
                        "frame": 0
                      },
                      "value",
                      6,
                      19
                    ],
                    [
                      {
                        "frame": 0.06666666666666667
                      },
                      "value",
                      6,
                      20
                    ],
                    [
                      {
                        "frame": 0.13333333333333333
                      },
                      "value",
                      6,
                      21
                    ],
                    [
                      {
                        "frame": 0.2
                      },
                      "value",
                      6,
                      22
                    ],
                    [
                      {
                        "frame": 0.26666666666666666
                      },
                      "value",
                      6,
                      23
                    ],
                    [
                      {
                        "frame": 0.3333333333333333
                      },
                      "value",
                      6,
                      24
                    ],
                    [
                      {
                        "frame": 0.4
                      },
                      "value",
                      6,
                      25
                    ],
                    [
                      {
                        "frame": 0.4666666666666667
                      },
                      "value",
                      6,
                      26
                    ],
                    [
                      {
                        "frame": 0.5333333333333333
                      },
                      "value",
                      6,
                      27
                    ],
                    [
                      {
                        "frame": 0.6
                      },
                      "value",
                      6,
                      28
                    ],
                    [
                      {
                        "frame": 0.6666666666666666
                      },
                      "value",
                      6,
                      29
                    ],
                    [
                      {
                        "frame": 0.7333333333333333
                      },
                      "value",
                      6,
                      30
                    ],
                    [
                      {
                        "frame": 0.8
                      },
                      "value",
                      6,
                      31
                    ],
                    [
                      {
                        "frame": 0.8666666666666667
                      },
                      "value",
                      6,
                      32
                    ],
                    [
                      {
                        "frame": 0.9333333333333333
                      },
                      "value",
                      6,
                      33
                    ],
                    [
                      {
                        "frame": 1
                      },
                      "value",
                      6,
                      34
                    ],
                    [
                      {
                        "frame": 1.0666666666666667
                      },
                      "value",
                      6,
                      35
                    ]
                  ],
                  11,
                  11,
                  11,
                  11,
                  11,
                  11,
                  11,
                  11,
                  11,
                  11,
                  11,
                  11,
                  11,
                  11,
                  11,
                  11,
                  11
                ]
              ]
            ]
          ],
          "sb_vfx_c_normal",
          11,
          [
            {},
            "comps",
            11,
            [
              {},
              "cc.Sprite",
              11,
              [
                {},
                "spriteFrame",
                12,
                [
                  [
                    [
                      {
                        "frame": 0
                      },
                      "value",
                      6,
                      36
                    ],
                    {
                      "frame": 0.3333333333333333,
                      "value": null
                    }
                  ],
                  11,
                  0
                ]
              ]
            ]
          ],
          "sb_arrow",
          11,
          [
            {},
            "comps",
            11,
            [
              {},
              "cc.Sprite",
              11,
              [
                {},
                "spriteFrame",
                12,
                [
                  [
                    [
                      {
                        "frame": 0
                      },
                      "value",
                      6,
                      37
                    ],
                    [
                      {
                        "frame": 2
                      },
                      "value",
                      6,
                      38
                    ]
                  ],
                  11,
                  11
                ]
              ]
            ],
            "props",
            11,
            [
              {},
              "eulerAngles",
              12,
              [
                [
                  [
                    {
                      "frame": 0
                    },
                    "value",
                    8,
                    [
                      1,
                      0,
                      0,
                      0
                    ]
                  ],
                  [
                    {
                      "frame": 2
                    },
                    "value",
                    8,
                    [
                      1,
                      0,
                      0,
                      -1800
                    ]
                  ]
                ],
                11,
                11
              ]
            ]
          ],
          "sb_vfx_e_add",
          11,
          [
            {
              "props": {
                "opacity": [
                  {
                    "frame": 0,
                    "value": 255
                  },
                  {
                    "frame": 0.6666666666666666,
                    "value": 255
                  },
                  {
                    "frame": 1.2,
                    "value": 0
                  }
                ]
              }
            },
            "comps",
            11,
            [
              {},
              "cc.Sprite",
              11,
              [
                {},
                "spriteFrame",
                12,
                [
                  [
                    [
                      {
                        "frame": 0
                      },
                      "value",
                      6,
                      39
                    ]
                  ],
                  11
                ]
              ]
            ]
          ],
          "sb_vfx_b_screen",
          11,
          [
            {
              "props": {
                "opacity": [
                  {
                    "frame": 0,
                    "value": 0
                  },
                  {
                    "frame": 0.5333333333333333,
                    "value": 255
                  },
                  {
                    "frame": 0.8666666666666667,
                    "value": 255
                  },
                  {
                    "frame": 1.5333333333333334,
                    "value": 0
                  }
                ]
              }
            },
            "comps",
            11,
            [
              {},
              "cc.Sprite",
              11,
              [
                {},
                "spriteFrame",
                12,
                [
                  [
                    [
                      {
                        "frame": 0
                      },
                      "value",
                      6,
                      40
                    ]
                  ],
                  11
                ]
              ]
            ]
          ]
        ]
      ]
    ]
  ],
  0,
  0,
  [
    0,
    0,
    0,
    0,
    0,
    0,
    0,
    0,
    0,
    0,
    0,
    0,
    0,
    0,
    0,
    0,
    0,
    0,
    0,
    0,
    0,
    0,
    0,
    0,
    0,
    0,
    0,
    0,
    0,
    0,
    0,
    0,
    0,
    0,
    0,
    0,
    0,
    0,
    0,
    0,
    0
  ],
  [
    0,
    0,
    0,
    0,
    0,
    0,
    0,
    0,
    0,
    0,
    0,
    0,
    0,
    0,
    0,
    0,
    0,
    0,
    0,
    0,
    0,
    0,
    0,
    0,
    0,
    0,
    0,
    0,
    0,
    0,
    0,
    0,
    0,
    0,
    0,
    0,
    0,
    0,
    0,
    0,
    0
  ],
  [
    0,
    1,
    2,
    3,
    4,
    5,
    6,
    7,
    8,
    9,
    10,
    11,
    12,
    13,
    14,
    15,
    16,
    17,
    18,
    19,
    20,
    21,
    22,
    23,
    24,
    25,
    26,
    27,
    28,
    29,
    30,
    31,
    32,
    33,
    34,
    35,
    36,
    37,
    38,
    39,
    40
  ]
]