[1,["6aUtKGqqhLV6VVwkir1bVF"],0,[["sp.SkeletonData",["_name","_atlasText","textureNames","_skeletonJson","textures"],-1,3]],[[0,0,1,2,3,4,5]],[[0,"fish_zuantoulongxia","\nfish_zuantoulongxia.png\nsize: 1406,110\nformat: RGBA8888\nfilter: Linear,Linear\nrepeat: none\nnewfishes/fish_zuantoulongxia/huxu\n  rotate: false\n  xy: 1261, 55\n  size: 144, 54\n  orig: 144, 54\n  offset: 0, 0\n  index: -1\nnewfishes/fish_zuantoulongxia/qianzi1\n  rotate: false\n  xy: 1112, 23\n  size: 148, 86\n  orig: 148, 86\n  offset: 0, 0\n  index: -1\nnewfishes/fish_zuantoulongxia/shenti\n  rotate: false\n  xy: 834, 21\n  size: 277, 88\n  orig: 277, 88\n  offset: 0, 0\n  index: -1\nnewfishes/fish_zuantoulongxia/xiaozhuazi\n  rotate: true\n  xy: 1261, 29\n  size: 25, 35\n  orig: 25, 35\n  offset: 0, 0\n  index: -1\nnewfishes/fish_zuantoulongxia/zuantou01\n  rotate: true\n  xy: 557, 1\n  size: 108, 276\n  orig: 108, 283\n  offset: 0, 7\n  index: -1\nnewfishes/fish_zuantoulongxia/zuantou02\n  rotate: true\n  xy: 279, 1\n  size: 108, 277\n  orig: 108, 283\n  offset: 0, 6\n  index: -1\nnewfishes/fish_zuantoulongxia/zuantou03\n  rotate: true\n  xy: 1, 1\n  size: 108, 277\n  orig: 108, 283\n  offset: 0, 6\n  index: -1\n",["fish_zuantoulongxia.png"],{"skeleton":{"hash":"nnvpnAG0iTB6v86ZFQHccC53EqY","spine":"3.6.53","width":273.04,"height":298.07,"images":""},"bones":[{"name":"root","rotation":90},{"name":"body","parent":"root"},{"name":"shenti","parent":"body","length":19.6,"x":18.08,"y":0.22},{"name":"bone2","parent":"shenti","length":31.1,"rotation":180,"x":-16.56},{"name":"L_xiaozhuazi1","parent":"bone2","length":7.95,"rotation":110.33,"x":0.38,"y":-20.95,"scaleX":-1},{"name":"L_xiaozhuazi2","parent":"bone2","length":7.95,"rotation":110.91,"x":15.99,"y":-22.13,"scaleX":-1},{"name":"L_xiaozhuazi3","parent":"bone2","length":7.95,"rotation":110.13,"x":32.76,"y":-20.59,"scaleX":-1},{"name":"R_xiaozhuazi","parent":"bone2","length":7.95,"rotation":68.2,"x":-2.14,"y":24.96},{"name":"R_xiaozhuazi2","parent":"bone2","length":7.95,"rotation":68.2,"x":15.38,"y":24.05},{"name":"R_xiaozhuazi3","parent":"bone2","length":7.95,"rotation":68.2,"x":31.92,"y":21.31},{"name":"bone","parent":"shenti","length":74.02,"x":33.12},{"name":"bone3","parent":"bone2","length":18.26,"rotation":360,"x":46.31},{"name":"bone4","parent":"bone3","length":18.96,"x":28.05},{"name":"bone5","parent":"bone4","length":22.98,"x":29.07},{"name":"bone6","parent":"R_xiaozhuazi","length":9.73,"rotation":34.33,"x":15.52,"y":2.12},{"name":"bone7","parent":"bone6","length":6.81,"rotation":61.28,"x":14.72,"y":4.94},{"name":"bone8","parent":"R_xiaozhuazi2","length":9.73,"rotation":34.33,"x":15.52,"y":2.12},{"name":"bone9","parent":"bone8","length":6.81,"rotation":61.28,"x":14.72,"y":4.94},{"name":"bone10","parent":"R_xiaozhuazi3","length":9.73,"rotation":34.33,"x":15.52,"y":2.12},{"name":"bone11","parent":"bone10","length":6.81,"rotation":61.28,"x":14.72,"y":4.94},{"name":"bone12","parent":"L_xiaozhuazi1","length":9.73,"rotation":34.33,"x":15.52,"y":2.12},{"name":"bone13","parent":"bone12","length":6.81,"rotation":61.28,"x":14.72,"y":4.94},{"name":"bone14","parent":"L_xiaozhuazi2","length":9.73,"rotation":34.33,"x":15.52,"y":2.12},{"name":"bone15","parent":"bone14","length":6.81,"rotation":61.28,"x":14.72,"y":4.94},{"name":"bone16","parent":"L_xiaozhuazi3","length":9.73,"rotation":34.33,"x":15.52,"y":2.12},{"name":"bone17","parent":"bone16","length":6.81,"rotation":61.28,"x":14.72,"y":4.94},{"name":"bone18","parent":"shenti","x":1.75,"y":-0.74},{"name":"qianzi3","parent":"bone18","length":27.83,"rotation":-54.2,"x":6.66,"y":-27.75},{"name":"bone19","parent":"qianzi3","length":12.52,"rotation":23.62,"x":41.93,"y":1.67},{"name":"bone20","parent":"bone19","length":57.63,"rotation":24.72,"x":30.32,"y":3.12},{"name":"bone21","parent":"bone20","length":32.79,"rotation":12.29,"x":26.13,"y":31},{"name":"bone22","parent":"shenti","x":1.75,"y":-0.74,"scaleY":-1},{"name":"qianzi4","parent":"bone22","length":27.83,"rotation":-54.2,"x":6.66,"y":-27.75},{"name":"bone23","parent":"qianzi4","length":12.52,"rotation":23.62,"x":41.93,"y":1.67},{"name":"bone24","parent":"bone23","length":57.63,"rotation":24.72,"x":30.32,"y":3.12},{"name":"bone25","parent":"bone24","length":32.79,"rotation":12.29,"x":26.13,"y":31},{"name":"huxu3","parent":"bone","length":15.03,"rotation":-57.14,"x":43.93,"y":-18.46},{"name":"huxu4","parent":"huxu3","length":15.44,"rotation":-46.66,"x":15.03},{"name":"huxu5","parent":"huxu4","length":29.82,"rotation":-46.02,"x":15.44},{"name":"huxu6","parent":"huxu5","length":22.55,"rotation":-13.23,"x":29.82},{"name":"huxu7","parent":"huxu6","length":23.79,"rotation":-11.24,"x":22.55},{"name":"huxu8","parent":"huxu7","length":20.25,"rotation":-6.45,"x":24.36,"y":0.47},{"name":"huxu9","parent":"huxu8","length":20,"rotation":-1.52,"x":20.25},{"name":"huxu10","parent":"huxu9","length":14.5,"rotation":-1.9,"x":20},{"name":"huxu11","parent":"bone","length":16.71,"rotation":54.27,"x":40.32,"y":12.41},{"name":"huxu12","parent":"huxu11","length":11.76,"rotation":57.1,"x":16.71},{"name":"huxu13","parent":"huxu12","length":21.75,"rotation":31.63,"x":11.14,"y":-0.27},{"name":"huxu14","parent":"huxu13","length":23.41,"rotation":19.85,"x":21.75},{"name":"huxu15","parent":"huxu14","length":26.06,"rotation":7.68,"x":23.41},{"name":"huxu16","parent":"huxu15","length":30.67,"rotation":2.78,"x":26.06},{"name":"huxu17","parent":"huxu16","length":23.12,"rotation":9.63,"x":30.67},{"name":"huxu18","parent":"huxu17","length":16.27,"rotation":2.93,"x":23.12},{"name":"zuantou","parent":"body","rotation":-46.55,"x":0.27}],"slots":[{"name":"R_xiaozhuazi","bone":"R_xiaozhuazi","attachment":"newfishes/fish_zuantoulongxia/xiaozhuazi"},{"name":"R_xiaozhuazi4","bone":"L_xiaozhuazi1","attachment":"newfishes/fish_zuantoulongxia/xiaozhuazi"},{"name":"R_xiaozhuazi5","bone":"L_xiaozhuazi2","attachment":"newfishes/fish_zuantoulongxia/xiaozhuazi"},{"name":"R_xiaozhuazi6","bone":"L_xiaozhuazi3","attachment":"newfishes/fish_zuantoulongxia/xiaozhuazi"},{"name":"R_xiaozhuazi2","bone":"R_xiaozhuazi2","attachment":"newfishes/fish_zuantoulongxia/xiaozhuazi"},{"name":"R_xiaozhuazi3","bone":"R_xiaozhuazi3","attachment":"newfishes/fish_zuantoulongxia/xiaozhuazi"},{"name":"qianzi2","bone":"qianzi3","attachment":"newfishes/fish_zuantoulongxia/qianzi1"},{"name":"qianzi3","bone":"qianzi4","attachment":"newfishes/fish_zuantoulongxia/qianzi1"},{"name":"shenti","bone":"shenti","attachment":"newfishes/fish_zuantoulongxia/shenti"},{"name":"huxu","bone":"huxu3","attachment":"newfishes/fish_zuantoulongxia/huxu"},{"name":"huxu2","bone":"huxu11","attachment":"newfishes/fish_zuantoulongxia/huxu"},{"name":"zuantou","bone":"zuantou","attachment":"newfishes/fish_zuantoulongxia/zuantou01"}],"skins":{"default":{"R_xiaozhuazi":{"newfishes/fish_zuantoulongxia/xiaozhuazi":{"type":"mesh","hull":25,"width":25,"height":35,"uvs":[0.30798,0,0.13638,0,0.06819,0.08938,0,0.17876,0,0.32176,0,0.46476,0,0.61405,0,0.76333,0.09679,0.86705,0.19358,0.97076,0.31018,0.98538,0.42678,1,0.57009,1,0.71339,1,0.8567,1,1,1,1,0.85762,0.91078,0.86076,0.71278,0.79948,0.51478,0.73819,0.45758,0.59048,0.40038,0.44276,0.48178,0.24633,0.56318,0.04991,0.47958,0,0.60056,0.88708,0.42823,0.09245,0.16861,0.77386,0.49178,0.89772,0.14464,0.22753,0.34667,0.86331,0.32099,0.67712,0.29602,0.3328,0.30863,0.16596,0.29425,0.50677,0.14407,0.58992,0.14649,0.40729,0.19316,0.09658,0.07816,0.68532],"triangles":[25,19,18,28,30,19,25,28,19,10,9,30,11,30,28,10,30,11,12,28,25,11,28,12,14,13,18,25,18,13,12,25,13,17,14,18,17,16,15,14,17,15,5,4,36,34,32,21,35,5,36,35,36,34,34,21,20,6,5,35,31,34,20,35,34,31,38,6,35,31,20,19,7,6,38,27,35,31,38,35,27,30,31,19,27,31,30,27,7,38,8,7,27,9,27,30,8,27,9,26,0,24,26,24,23,37,1,0,2,1,37,33,0,26,37,0,33,29,2,37,29,37,33,3,2,29,22,26,23,33,26,22,4,3,29,32,29,33,32,33,22,36,29,32,4,29,36,21,32,22,34,36,32],"vertices":[1,7,-2.45,-0.63,1,1,7,-0.86,-4.61,1,1,7,2.68,-5.03,1,1,7,6.21,-5.45,1,2,7,10.86,-3.59,0.80632,14,-7.06,-2.09,0.19368,2,7,15.51,-1.73,0.14711,14,-2.18,-3.18,0.85289,2,14,2.92,-4.31,0.99999,15,-13.78,5.9,0.00001,2,7,25.21,2.15,0.00001,14,8.02,-5.44,0.99999,3,7,27.68,5.74,0,14,12.09,-3.87,0.92109,15,-8.99,-1.93,0.07891,3,7,30.15,9.34,0,14,16.16,-2.29,0.57299,15,-5.65,-4.74,0.42701,3,7,29.55,12.23,0,14,17.29,0.44,0.31871,15,-2.71,-4.42,0.68129,2,14,18.42,3.18,0.06877,15,0.23,-4.1,0.93123,2,7,27.61,18.46,0,15,3.67,-3.1,1,2,7,26.28,21.78,0,15,7.11,-2.1,1,2,7,24.95,25.11,0,15,10.55,-1.1,1,2,7,23.62,28.43,0,15,13.99,-0.11,1,2,7,18.99,26.58,0,15,12.6,4.68,1,2,7,19.92,24.55,0,15,10.49,3.95,1,3,7,19.77,19.16,0,14,13.12,11.68,0.00176,15,5.14,4.63,0.99824,2,14,9.96,7.31,0.3443,15,-0.21,5.31,0.6557,3,7,15.35,10.52,0.02182,14,4.6,7.04,0.87054,15,-3.02,9.88,0.10764,3,7,11.08,7.27,0.3804,14,-0.76,6.76,0.61699,15,-5.84,14.44,0.00261,2,7,3.94,6.61,0.97241,14,-7.03,10.24,0.02759,1,7,-3.2,5.95,1,1,7,-4.05,3.36,1,2,7,23.66,17.7,0,15,3.3,0.91,1,1,7,-0.57,3.37,1,2,7,23.99,6.2,0,14,9.3,-1.41,1,1,15,0.79,-0.21,1,1,7,6.46,-1.46,1,2,14,13.32,2.26,0.47345,15,-3.03,-0.07,0.52655,3,7,19.43,8.48,0.00105,14,6.82,3.05,0.88432,15,-5.46,6.01,0.11463,2,7,8.47,3.42,0.8092,14,-5.08,5.05,0.1908,1,7,2.93,1.55,1,3,7,14.14,5.64,0.2043,14,0.85,3.69,0.79215,15,-7.76,11.55,0.00355,1,14,2.88,-0.61,1,2,7,12.28,0.92,0.50857,14,-3.35,0.84,0.49143,1,7,1.75,-2.04,1,2,7,21.95,2.95,0,14,5.78,-2.94,1],"edges":[0,2,2,4,4,6,6,8,8,10,10,12,12,14,14,16,16,18,18,20,20,22,22,24,24,26,26,28,28,30,30,32,32,34,34,36,36,38,38,40,40,42,42,44,44,46,46,48,48,0]}},"R_xiaozhuazi2":{"newfishes/fish_zuantoulongxia/xiaozhuazi":{"type":"mesh","hull":25,"width":25,"height":35,"uvs":[0.30798,0,0.13638,0,0.06819,0.08938,0,0.17876,0,0.32176,0,0.46476,0,0.61405,0,0.76333,0.09679,0.86705,0.19358,0.97076,0.31018,0.98538,0.42678,1,0.57009,1,0.71339,1,0.8567,1,1,1,1,0.85762,0.91078,0.86076,0.71278,0.79948,0.51478,0.73819,0.45758,0.59048,0.40038,0.44276,0.48178,0.24633,0.56318,0.04991,0.47958,0,0.60056,0.88708,0.42823,0.09245,0.16861,0.77386,0.49178,0.89772,0.14464,0.22753,0.34667,0.86331,0.32099,0.67712,0.29602,0.3328,0.30863,0.16596,0.29425,0.50677,0.14407,0.58992,0.14649,0.40729,0.19316,0.09658,0.07816,0.68532],"triangles":[25,19,18,28,30,19,25,28,19,10,9,30,11,30,28,10,30,11,12,28,25,11,28,12,14,13,18,25,18,13,12,25,13,17,14,18,17,16,15,14,17,15,5,4,36,34,32,21,35,5,36,35,36,34,34,21,20,6,5,35,31,34,20,35,34,31,38,6,35,31,20,19,7,6,38,27,35,31,38,35,27,30,31,19,27,31,30,27,7,38,8,7,27,9,27,30,8,27,9,26,0,24,26,24,23,37,1,0,2,1,37,33,0,26,37,0,33,29,2,37,29,37,33,3,2,29,22,26,23,33,26,22,4,3,29,32,29,33,32,33,22,36,29,32,4,29,36,21,32,22,34,36,32],"vertices":[1,8,-2.45,-0.63,1,1,8,-0.86,-4.61,1,1,8,2.68,-5.03,1,1,8,6.21,-5.45,1,2,8,10.86,-3.59,0.80632,16,-7.06,-2.09,0.19368,2,8,15.51,-1.73,0.14711,16,-2.18,-3.18,0.85289,2,16,2.92,-4.31,0.99999,17,-13.78,5.9,0.00001,2,8,25.21,2.15,0.00001,16,8.02,-5.44,0.99999,3,8,27.68,5.74,0,16,12.09,-3.87,0.92109,17,-8.99,-1.93,0.07891,3,8,30.15,9.34,0,16,16.16,-2.29,0.57299,17,-5.65,-4.74,0.42701,3,8,29.55,12.23,0,16,17.29,0.44,0.31871,17,-2.71,-4.42,0.68129,2,16,18.42,3.18,0.06877,17,0.23,-4.1,0.93123,2,8,27.61,18.46,0,17,3.67,-3.1,1,2,8,26.28,21.78,0,17,7.11,-2.1,1,2,8,24.95,25.11,0,17,10.55,-1.1,1,2,8,23.62,28.43,0,17,13.99,-0.11,1,2,8,18.99,26.58,0,17,12.6,4.68,1,2,8,19.92,24.55,0,17,10.49,3.95,1,3,8,19.77,19.16,0,16,13.12,11.68,0.00176,17,5.14,4.63,0.99824,2,16,9.96,7.31,0.3443,17,-0.21,5.31,0.6557,3,8,15.35,10.52,0.02182,16,4.6,7.04,0.87054,17,-3.02,9.88,0.10764,3,8,11.08,7.27,0.3804,16,-0.76,6.76,0.61699,17,-5.84,14.44,0.00261,2,8,3.94,6.61,0.97241,16,-7.03,10.24,0.02759,1,8,-3.2,5.95,1,1,8,-4.05,3.36,1,2,8,23.66,17.7,0,17,3.3,0.91,1,1,8,-0.57,3.37,1,2,8,23.99,6.2,0,16,9.3,-1.41,1,1,17,0.79,-0.21,1,1,8,6.46,-1.46,1,2,16,13.32,2.26,0.47345,17,-3.03,-0.07,0.52655,3,8,19.43,8.48,0.00105,16,6.82,3.05,0.88432,17,-5.46,6.01,0.11463,2,8,8.47,3.42,0.8092,16,-5.08,5.05,0.1908,1,8,2.93,1.55,1,3,8,14.14,5.64,0.2043,16,0.85,3.69,0.79215,17,-7.76,11.55,0.00355,1,16,2.88,-0.61,1,2,8,12.28,0.92,0.50857,16,-3.35,0.84,0.49143,1,8,1.75,-2.04,1,2,8,21.95,2.95,0,16,5.78,-2.94,1],"edges":[0,2,2,4,4,6,6,8,8,10,10,12,12,14,14,16,16,18,18,20,20,22,22,24,24,26,26,28,28,30,30,32,32,34,34,36,36,38,38,40,40,42,42,44,44,46,46,48,48,0]}},"R_xiaozhuazi3":{"newfishes/fish_zuantoulongxia/xiaozhuazi":{"type":"mesh","hull":25,"width":25,"height":35,"uvs":[0.30798,0,0.13638,0,0.06819,0.08938,0,0.17876,0,0.32176,0,0.46476,0,0.61405,0,0.76333,0.09679,0.86705,0.19358,0.97076,0.31018,0.98538,0.42678,1,0.57009,1,0.71339,1,0.8567,1,1,1,1,0.85762,0.91078,0.86076,0.71278,0.79948,0.51478,0.73819,0.45758,0.59048,0.40038,0.44276,0.48178,0.24633,0.56318,0.04991,0.47958,0,0.60056,0.88708,0.42823,0.09245,0.16861,0.77386,0.49178,0.89772,0.14464,0.22753,0.34667,0.86331,0.32099,0.67712,0.29602,0.3328,0.30863,0.16596,0.29425,0.50677,0.14407,0.58992,0.14649,0.40729,0.19316,0.09658,0.07816,0.68532],"triangles":[25,19,18,28,30,19,25,28,19,10,9,30,11,30,28,10,30,11,12,28,25,11,28,12,14,13,18,25,18,13,12,25,13,17,14,18,17,16,15,14,17,15,5,4,36,34,32,21,35,5,36,35,36,34,34,21,20,6,5,35,31,34,20,35,34,31,38,6,35,31,20,19,7,6,38,27,35,31,38,35,27,30,31,19,27,31,30,27,7,38,8,7,27,9,27,30,8,27,9,26,0,24,26,24,23,37,1,0,2,1,37,33,0,26,37,0,33,29,2,37,29,37,33,3,2,29,22,26,23,33,26,22,4,3,29,32,29,33,32,33,22,36,29,32,4,29,36,21,32,22,34,36,32],"vertices":[1,9,-2.45,-0.63,1,1,9,-0.86,-4.61,1,1,9,2.68,-5.03,1,1,9,6.21,-5.45,1,2,9,10.86,-3.59,0.80632,18,-7.06,-2.09,0.19368,2,9,15.51,-1.73,0.14711,18,-2.18,-3.18,0.85289,2,18,2.92,-4.31,0.99999,19,-13.78,5.9,0.00001,2,9,25.21,2.15,0.00001,18,8.02,-5.44,0.99999,3,9,27.68,5.74,0,18,12.09,-3.87,0.92109,19,-8.99,-1.93,0.07891,3,9,30.15,9.34,0,18,16.16,-2.29,0.57299,19,-5.65,-4.74,0.42701,3,9,29.55,12.23,0,18,17.29,0.44,0.31871,19,-2.71,-4.42,0.68129,2,18,18.42,3.18,0.06877,19,0.23,-4.1,0.93123,2,9,27.61,18.46,0,19,3.67,-3.1,1,2,9,26.28,21.78,0,19,7.11,-2.1,1,2,9,24.95,25.11,0,19,10.55,-1.1,1,2,9,23.62,28.43,0,19,13.99,-0.11,1,2,9,18.99,26.58,0,19,12.6,4.68,1,2,9,19.92,24.55,0,19,10.49,3.95,1,3,9,19.77,19.16,0,18,13.12,11.68,0.00176,19,5.14,4.63,0.99824,2,18,9.96,7.31,0.3443,19,-0.21,5.31,0.6557,3,9,15.35,10.52,0.02182,18,4.6,7.04,0.87054,19,-3.02,9.88,0.10764,3,9,11.08,7.27,0.3804,18,-0.76,6.76,0.61699,19,-5.84,14.44,0.00261,2,9,3.94,6.61,0.97241,18,-7.03,10.24,0.02759,1,9,-3.2,5.95,1,1,9,-4.05,3.36,1,2,9,23.66,17.7,0,19,3.3,0.91,1,1,9,-0.57,3.37,1,2,9,23.99,6.2,0,18,9.3,-1.41,1,1,19,0.79,-0.21,1,1,9,6.46,-1.46,1,2,18,13.32,2.26,0.47345,19,-3.03,-0.07,0.52655,3,9,19.43,8.48,0.00105,18,6.82,3.05,0.88432,19,-5.46,6.01,0.11463,2,9,8.47,3.42,0.8092,18,-5.08,5.05,0.1908,1,9,2.93,1.55,1,3,9,14.14,5.64,0.2043,18,0.85,3.69,0.79215,19,-7.76,11.55,0.00355,1,18,2.88,-0.61,1,2,9,12.28,0.92,0.50857,18,-3.35,0.84,0.49143,1,9,1.75,-2.04,1,2,9,21.95,2.95,0,18,5.78,-2.94,1],"edges":[0,2,2,4,4,6,6,8,8,10,10,12,12,14,14,16,16,18,18,20,20,22,22,24,24,26,26,28,28,30,30,32,32,34,34,36,36,38,38,40,40,42,42,44,44,46,46,48,48,0]}},"R_xiaozhuazi4":{"newfishes/fish_zuantoulongxia/xiaozhuazi":{"type":"mesh","hull":25,"width":25,"height":35,"uvs":[0.30798,0,0.13638,0,0.06819,0.08938,0,0.17876,0,0.32176,0,0.46476,0,0.61405,0,0.76333,0.09679,0.86705,0.19358,0.97076,0.31018,0.98538,0.42678,1,0.57009,1,0.71339,1,0.8567,1,1,1,1,0.85762,0.91078,0.86076,0.71278,0.79948,0.51478,0.73819,0.45758,0.59048,0.40038,0.44276,0.48178,0.24633,0.56318,0.04991,0.47958,0,0.60056,0.88708,0.42823,0.09245,0.16861,0.77386,0.49178,0.89772,0.14464,0.22753,0.34667,0.86331,0.32099,0.67712,0.29602,0.3328,0.30863,0.16596,0.29425,0.50677,0.14407,0.58992,0.14649,0.40729,0.19316,0.09658,0.07816,0.68532],"triangles":[25,19,18,28,30,19,25,28,19,10,9,30,11,30,28,10,30,11,12,28,25,11,28,12,14,13,18,25,18,13,12,25,13,17,14,18,17,16,15,14,17,15,5,4,36,34,32,21,35,5,36,35,36,34,34,21,20,6,5,35,31,34,20,35,34,31,38,6,35,31,20,19,7,6,38,27,35,31,38,35,27,30,31,19,27,31,30,27,7,38,8,7,27,9,27,30,8,27,9,26,0,24,26,24,23,37,1,0,2,1,37,33,0,26,37,0,33,29,2,37,29,37,33,3,2,29,22,26,23,33,26,22,4,3,29,32,29,33,32,33,22,36,29,32,4,29,36,21,32,22,34,36,32],"vertices":[1,4,-2.45,-0.63,1,1,4,-0.86,-4.61,1,1,4,2.68,-5.03,1,1,4,6.21,-5.45,1,2,4,10.86,-3.59,0.80632,20,-7.06,-2.09,0.19368,2,4,15.51,-1.73,0.14711,20,-2.18,-3.18,0.85289,2,20,2.92,-4.31,0.99999,21,-13.78,5.9,0.00001,2,4,25.21,2.15,0.00001,20,8.02,-5.44,0.99999,3,4,27.68,5.74,0,20,12.09,-3.87,0.92109,21,-8.99,-1.93,0.07891,3,4,30.15,9.34,0,20,16.16,-2.29,0.57299,21,-5.65,-4.74,0.42701,3,4,29.55,12.23,0,20,17.29,0.44,0.31871,21,-2.71,-4.42,0.68129,2,20,18.42,3.18,0.06877,21,0.23,-4.1,0.93123,2,4,27.61,18.46,0,21,3.67,-3.1,1,2,4,26.28,21.78,0,21,7.11,-2.1,1,2,4,24.95,25.11,0,21,10.55,-1.1,1,2,4,23.62,28.43,0,21,13.99,-0.11,1,2,4,18.99,26.58,0,21,12.6,4.68,1,2,4,19.92,24.55,0,21,10.49,3.95,1,3,4,19.77,19.16,0,20,13.12,11.68,0.00176,21,5.14,4.63,0.99824,2,20,9.96,7.31,0.3443,21,-0.21,5.31,0.6557,3,4,15.35,10.52,0.02182,20,4.6,7.04,0.87054,21,-3.02,9.88,0.10764,3,4,11.08,7.27,0.3804,20,-0.76,6.76,0.61699,21,-5.84,14.44,0.00261,2,4,3.94,6.61,0.97241,20,-7.03,10.24,0.02759,1,4,-3.2,5.95,1,1,4,-4.05,3.36,1,2,4,23.66,17.7,0,21,3.3,0.91,1,1,4,-0.57,3.37,1,2,4,23.99,6.2,0,20,9.3,-1.41,1,1,21,0.79,-0.21,1,1,4,6.46,-1.46,1,2,20,13.32,2.26,0.47345,21,-3.03,-0.07,0.52655,3,4,19.43,8.48,0.00105,20,6.82,3.05,0.88432,21,-5.46,6.01,0.11463,2,4,8.47,3.42,0.8092,20,-5.08,5.05,0.1908,1,4,2.93,1.55,1,3,4,14.14,5.64,0.2043,20,0.85,3.69,0.79215,21,-7.76,11.55,0.00355,1,20,2.88,-0.61,1,2,4,12.28,0.92,0.50857,20,-3.35,0.84,0.49143,1,4,1.75,-2.04,1,2,4,21.95,2.95,0,20,5.78,-2.94,1],"edges":[0,2,2,4,4,6,6,8,8,10,10,12,12,14,14,16,16,18,18,20,20,22,22,24,24,26,26,28,28,30,30,32,32,34,34,36,36,38,38,40,40,42,42,44,44,46,46,48,48,0]}},"R_xiaozhuazi5":{"newfishes/fish_zuantoulongxia/xiaozhuazi":{"type":"mesh","hull":25,"width":25,"height":35,"uvs":[0.30798,0,0.13638,0,0.06819,0.08938,0,0.17876,0,0.32176,0,0.46476,0,0.61405,0,0.76333,0.09679,0.86705,0.19358,0.97076,0.31018,0.98538,0.42678,1,0.57009,1,0.71339,1,0.8567,1,1,1,1,0.85762,0.91078,0.86076,0.71278,0.79948,0.51478,0.73819,0.45758,0.59048,0.40038,0.44276,0.48178,0.24633,0.56318,0.04991,0.47958,0,0.60056,0.88708,0.42823,0.09245,0.16861,0.77386,0.49178,0.89772,0.14464,0.22753,0.34667,0.86331,0.32099,0.67712,0.29602,0.3328,0.30863,0.16596,0.29425,0.50677,0.14407,0.58992,0.14649,0.40729,0.19316,0.09658,0.07816,0.68532],"triangles":[25,19,18,28,30,19,25,28,19,10,9,30,11,30,28,10,30,11,12,28,25,11,28,12,14,13,18,25,18,13,12,25,13,17,14,18,17,16,15,14,17,15,5,4,36,34,32,21,35,5,36,35,36,34,34,21,20,6,5,35,31,34,20,35,34,31,38,6,35,31,20,19,7,6,38,27,35,31,38,35,27,30,31,19,27,31,30,27,7,38,8,7,27,9,27,30,8,27,9,26,0,24,26,24,23,37,1,0,2,1,37,33,0,26,37,0,33,29,2,37,29,37,33,3,2,29,22,26,23,33,26,22,4,3,29,32,29,33,32,33,22,36,29,32,4,29,36,21,32,22,34,36,32],"vertices":[1,5,-2.45,-0.63,1,1,5,-0.86,-4.61,1,1,5,2.68,-5.03,1,1,5,6.21,-5.45,1,2,5,10.86,-3.59,0.80632,22,-7.06,-2.09,0.19368,2,5,15.51,-1.73,0.14711,22,-2.18,-3.18,0.85289,2,22,2.92,-4.31,0.99999,23,-13.78,5.9,0.00001,2,5,25.21,2.15,0.00001,22,8.02,-5.44,0.99999,3,5,27.68,5.74,0,22,12.09,-3.87,0.92109,23,-8.99,-1.93,0.07891,3,5,30.15,9.34,0,22,16.16,-2.29,0.57299,23,-5.65,-4.74,0.42701,3,5,29.55,12.23,0,22,17.29,0.44,0.31871,23,-2.71,-4.42,0.68129,2,22,18.42,3.18,0.06877,23,0.23,-4.1,0.93123,2,5,27.61,18.46,0,23,3.67,-3.1,1,2,5,26.28,21.78,0,23,7.11,-2.1,1,2,5,24.95,25.11,0,23,10.55,-1.1,1,2,5,23.62,28.43,0,23,13.99,-0.11,1,2,5,18.99,26.58,0,23,12.6,4.68,1,2,5,19.92,24.55,0,23,10.49,3.95,1,3,5,19.77,19.16,0,22,13.12,11.68,0.00176,23,5.14,4.63,0.99824,2,22,9.96,7.31,0.3443,23,-0.21,5.31,0.6557,3,5,15.35,10.52,0.02182,22,4.6,7.04,0.87054,23,-3.02,9.88,0.10764,3,5,11.08,7.27,0.3804,22,-0.76,6.76,0.61699,23,-5.84,14.44,0.00261,2,5,3.94,6.61,0.97241,22,-7.03,10.24,0.02759,1,5,-3.2,5.95,1,1,5,-4.05,3.36,1,2,5,23.66,17.7,0,23,3.3,0.91,1,1,5,-0.57,3.37,1,2,5,23.99,6.2,0,22,9.3,-1.41,1,1,23,0.79,-0.21,1,1,5,6.46,-1.46,1,2,22,13.32,2.26,0.47345,23,-3.03,-0.07,0.52655,3,5,19.43,8.48,0.00105,22,6.82,3.05,0.88432,23,-5.46,6.01,0.11463,2,5,8.47,3.42,0.8092,22,-5.08,5.05,0.1908,1,5,2.93,1.55,1,3,5,14.14,5.64,0.2043,22,0.85,3.69,0.79215,23,-7.76,11.55,0.00355,1,22,2.88,-0.61,1,2,5,12.28,0.92,0.50857,22,-3.35,0.84,0.49143,1,5,1.75,-2.04,1,2,5,21.95,2.95,0,22,5.78,-2.94,1],"edges":[0,2,2,4,4,6,6,8,8,10,10,12,12,14,14,16,16,18,18,20,20,22,22,24,24,26,26,28,28,30,30,32,32,34,34,36,36,38,38,40,40,42,42,44,44,46,46,48,48,0]}},"R_xiaozhuazi6":{"newfishes/fish_zuantoulongxia/xiaozhuazi":{"type":"mesh","hull":25,"width":25,"height":35,"uvs":[0.30798,0,0.13638,0,0.06819,0.08938,0,0.17876,0,0.32176,0,0.46476,0,0.61405,0,0.76333,0.09679,0.86705,0.19358,0.97076,0.31018,0.98538,0.42678,1,0.57009,1,0.71339,1,0.8567,1,1,1,1,0.85762,0.91078,0.86076,0.71278,0.79948,0.51478,0.73819,0.45758,0.59048,0.40038,0.44276,0.48178,0.24633,0.56318,0.04991,0.47958,0,0.60056,0.88708,0.42823,0.09245,0.16861,0.77386,0.49178,0.89772,0.14464,0.22753,0.34667,0.86331,0.32099,0.67712,0.29602,0.3328,0.30863,0.16596,0.29425,0.50677,0.14407,0.58992,0.14649,0.40729,0.19316,0.09658,0.07816,0.68532],"triangles":[25,19,18,28,30,19,25,28,19,10,9,30,11,30,28,10,30,11,12,28,25,11,28,12,14,13,18,25,18,13,12,25,13,17,14,18,17,16,15,14,17,15,5,4,36,34,32,21,35,5,36,35,36,34,34,21,20,6,5,35,31,34,20,35,34,31,38,6,35,31,20,19,7,6,38,27,35,31,38,35,27,30,31,19,27,31,30,27,7,38,8,7,27,9,27,30,8,27,9,26,0,24,26,24,23,37,1,0,2,1,37,33,0,26,37,0,33,29,2,37,29,37,33,3,2,29,22,26,23,33,26,22,4,3,29,32,29,33,32,33,22,36,29,32,4,29,36,21,32,22,34,36,32],"vertices":[1,6,-2.45,-0.63,1,1,6,-0.86,-4.61,1,1,6,2.68,-5.03,1,1,6,6.21,-5.45,1,2,6,10.86,-3.59,0.80632,24,-7.06,-2.09,0.19368,2,6,15.51,-1.73,0.14711,24,-2.18,-3.18,0.85289,2,24,2.92,-4.31,0.99999,25,-13.78,5.9,0.00001,2,6,25.21,2.15,0.00001,24,8.02,-5.44,0.99999,3,6,27.68,5.74,0,24,12.09,-3.87,0.92109,25,-8.99,-1.93,0.07891,3,6,30.15,9.34,0,24,16.16,-2.29,0.57299,25,-5.65,-4.74,0.42701,3,6,29.55,12.23,0,24,17.29,0.44,0.31871,25,-2.71,-4.42,0.68129,2,24,18.42,3.18,0.06877,25,0.23,-4.1,0.93123,2,6,27.61,18.46,0,25,3.67,-3.1,1,2,6,26.28,21.78,0,25,7.11,-2.1,1,2,6,24.95,25.11,0,25,10.55,-1.1,1,2,6,23.62,28.43,0,25,13.99,-0.11,1,2,6,18.99,26.58,0,25,12.6,4.68,1,2,6,19.92,24.55,0,25,10.49,3.95,1,3,6,19.77,19.16,0,24,13.12,11.68,0.00176,25,5.14,4.63,0.99824,2,24,9.96,7.31,0.3443,25,-0.21,5.31,0.6557,3,6,15.35,10.52,0.02182,24,4.6,7.04,0.87054,25,-3.02,9.88,0.10764,3,6,11.08,7.27,0.3804,24,-0.76,6.76,0.61699,25,-5.84,14.44,0.00261,2,6,3.94,6.61,0.97241,24,-7.03,10.24,0.02759,1,6,-3.2,5.95,1,1,6,-4.05,3.36,1,2,6,23.66,17.7,0,25,3.3,0.91,1,1,6,-0.57,3.37,1,2,6,23.99,6.2,0,24,9.3,-1.41,1,1,25,0.79,-0.21,1,1,6,6.46,-1.46,1,2,24,13.32,2.26,0.47345,25,-3.03,-0.07,0.52655,3,6,19.43,8.48,0.00105,24,6.82,3.05,0.88432,25,-5.46,6.01,0.11463,2,6,8.47,3.42,0.8092,24,-5.08,5.05,0.1908,1,6,2.93,1.55,1,3,6,14.14,5.64,0.2043,24,0.85,3.69,0.79215,25,-7.76,11.55,0.00355,1,24,2.88,-0.61,1,2,6,12.28,0.92,0.50857,24,-3.35,0.84,0.49143,1,6,1.75,-2.04,1,2,6,21.95,2.95,0,24,5.78,-2.94,1],"edges":[0,2,2,4,4,6,6,8,8,10,10,12,12,14,14,16,16,18,18,20,20,22,22,24,24,26,26,28,28,30,30,32,32,34,34,36,36,38,38,40,40,42,42,44,44,46,46,48,48,0]}},"huxu":{"newfishes/fish_zuantoulongxia/huxu":{"type":"mesh","hull":41,"width":144,"height":54,"uvs":[0.8283,0,0.84861,0.08398,0.90142,0.12731,0.91564,0.19953,0.92986,0.27176,0.91767,0.35842,0.90548,0.44509,0.85809,0.51912,0.81069,0.59314,0.73892,0.68523,0.66715,0.77731,0.57033,0.82606,0.4735,0.87481,0.37804,0.88023,0.28257,0.88564,0.19184,0.87662,0.10111,0.86759,0,0.83509,0,0.90009,0,0.96509,0.0984,1,0.18845,1,0.2785,1,0.37871,1,0.47892,1,0.55069,1,0.62246,1,0.67663,0.96449,0.7308,0.92898,0.78632,0.86759,0.84184,0.8062,0.896,0.71773,0.95017,0.62925,0.97509,0.53356,1,0.43787,1,0.35391,1,0.26995,1,0.18599,1,0.10203,0.98132,0,0.8933,0,0.05025,0.9092,0.13061,0.93503,0.88789,0.587,0.43324,0.93822,0.78893,0.74725,0.65022,0.89535,0.84543,0.65993,0.74421,0.83711,0.53992,0.93349,0.92493,0.06266,0.21439,0.93946,0.06981,0.95233,0.35023,0.94082],"triangles":[41,18,17,16,41,17,42,16,15,41,16,42,52,41,42,19,18,41,19,41,52,20,52,42,19,52,20,20,42,21,51,15,14,42,15,51,21,42,51,22,51,14,22,14,53,21,51,22,53,14,13,53,13,44,23,53,44,22,53,23,44,13,12,23,44,24,49,12,11,49,11,46,44,12,49,24,44,49,49,26,25,24,49,25,46,11,10,46,26,49,46,27,26,10,9,45,48,10,45,46,10,48,28,46,48,28,48,29,27,46,28,7,6,33,43,7,33,8,7,43,32,43,33,47,8,43,47,43,32,9,8,47,31,47,32,45,9,47,45,47,31,30,45,31,48,45,30,29,48,30,5,4,35,5,35,34,6,5,34,33,6,34,4,3,37,36,4,37,4,36,35,50,40,39,1,0,40,1,40,50,50,39,38,2,1,50,2,50,38,2,38,37,3,2,37],"vertices":[1,36,-6.54,-10.06,1,1,36,-1.14,-10.06,1,2,36,4.95,-4.94,0.97553,37,-3.32,-10.72,0.02447,2,36,9.34,-5.34,0.74262,37,-0.02,-7.8,0.25738,2,36,13.73,-5.74,0.24509,37,3.28,-4.88,0.75491,3,36,16.7,-9.75,0.00243,37,8.24,-5.47,0.94594,38,-1.06,-8.98,0.05163,2,37,13.2,-6.06,0.46854,38,2.81,-5.81,0.53146,2,37,18.71,-11.73,0.00385,38,10.72,-5.79,0.99615,1,38,18.63,-5.77,1,2,38,30.06,-6.66,0.38138,39,1.77,-6.43,0.61862,1,39,13.1,-4.69,1,2,39,27.21,-6.24,0.01276,40,5.79,-5.21,0.98724,1,40,19.92,-3.98,1,2,40,33.63,-5.05,0.00558,41,9.83,-4.45,0.99442,2,41,23.57,-3.98,0.03521,42,3.42,-3.89,0.96479,2,42,16.5,-3.86,0.9817,43,-3.38,-3.97,0.0183,1,43,9.69,-3.51,1,1,43,24.34,-4.21,1,1,43,24.08,-0.71,1,1,43,23.83,2.8,1,1,43,9.56,3.65,1,2,42,16.72,2.82,0.99257,43,-3.38,2.71,0.00743,1,42,3.76,2.31,1,1,41,9.65,2.02,1,2,40,19.82,2.83,0.94496,41,-4.78,1.83,0.05504,1,40,9.53,3.86,1,2,39,22.76,4.94,0.62531,40,-0.75,4.89,0.37469,1,39,14.74,5.38,1,1,39,6.72,5.82,1,2,38,29.11,5.28,0.65792,39,-1.89,4.98,0.34208,1,38,20.54,6.43,1,1,38,11.39,6.23,1,2,37,21.33,2.56,0.04298,38,2.25,6.02,0.95702,2,37,15.45,4.81,0.75486,38,-3.45,3.35,0.24514,1,37,9.58,7.06,1,1,36,22.93,0.34,1,1,36,19.12,2.8,1,1,36,15.32,5.26,1,1,36,11.51,7.72,1,1,36,5.42,8.45,1,1,36,-1.46,-2.2,1,1,43,16.83,-0.74,1,1,43,5.19,-0.19,1,2,37,21.25,-6.69,0.00072,38,8.85,-0.46,0.99928,2,40,26.03,-1.15,0.23986,41,1.84,-1.42,0.76014,1,38,25.52,-0.15,1,1,39,17.29,0.7,1,1,38,16.12,-0.13,1,2,38,33.53,0.81,0.0014,39,3.43,1.64,0.9986,1,40,10.72,0.13,1,2,36,3.86,-0.21,0.99979,37,-7.52,-8.27,0.00021,1,42,13.12,-0.6,1,1,43,13.85,1.38,1,1,41,13.79,-1.12,1],"edges":[0,2,2,4,4,6,6,8,8,10,10,12,12,14,14,16,16,18,18,20,20,22,22,24,24,26,26,28,28,30,30,32,32,34,34,36,36,38,38,40,40,42,42,44,44,46,46,48,48,50,50,52,52,54,54,56,56,58,58,60,60,62,62,64,64,66,66,68,68,70,70,72,72,74,74,76,76,78,78,80,80,0]}},"huxu2":{"newfishes/fish_zuantoulongxia/huxu":{"type":"mesh","hull":41,"width":144,"height":54,"uvs":[0.8283,0,0.84861,0.08398,0.90142,0.12731,0.91564,0.19953,0.92986,0.27176,0.91767,0.35842,0.90548,0.44509,0.85809,0.51912,0.81069,0.59314,0.73892,0.68523,0.66715,0.77731,0.57033,0.82606,0.4735,0.87481,0.37804,0.88023,0.28257,0.88564,0.19184,0.87662,0.10111,0.86759,0,0.83509,0,0.90009,0,0.96509,0.0984,1,0.18845,1,0.2785,1,0.37871,1,0.47892,1,0.55069,1,0.62246,1,0.67663,0.96449,0.7308,0.92898,0.78632,0.86759,0.84184,0.8062,0.896,0.71773,0.95017,0.62925,0.97509,0.53356,1,0.43787,1,0.35391,1,0.26995,1,0.18599,1,0.10203,0.98132,0,0.8933,0,0.05025,0.9092,0.13061,0.93503,0.88789,0.587,0.43324,0.93822,0.78893,0.74725,0.65022,0.89535,0.84543,0.65993,0.74421,0.83711,0.53992,0.93349,0.92493,0.06266,0.21439,0.93946,0.06981,0.95233,0.35023,0.94082],"triangles":[19,52,20,20,52,42,19,41,52,19,18,41,52,41,42,41,16,42,16,41,17,41,18,17,21,51,22,22,51,14,20,42,21,21,42,51,42,15,51,51,15,14,42,16,15,22,53,23,23,53,44,22,14,53,53,13,44,53,14,13,23,44,24,24,44,49,44,12,49,44,13,12,46,27,26,24,49,25,46,26,49,49,26,25,49,11,46,49,12,11,46,11,10,27,46,28,46,10,48,28,48,29,28,46,48,29,48,30,48,45,30,48,10,45,30,45,31,10,9,45,45,9,47,9,8,47,45,47,31,31,47,32,47,43,32,47,8,43,32,43,33,8,7,43,43,7,33,7,6,33,33,6,34,6,5,34,5,35,34,5,4,35,4,36,35,36,4,37,4,3,37,3,2,37,2,38,37,2,50,38,2,1,50,50,39,38,1,40,50,1,0,40,50,40,39],"vertices":[1,44,-7.29,9.23,1,1,44,-1.9,9.51,1,2,44,4.44,4.7,0.9994,45,-2.72,12.86,0.0006,2,44,8.8,5.32,0.92835,45,0.17,9.53,0.07165,2,44,13.16,5.93,0.50297,45,3.05,6.2,0.49703,3,44,15.94,10.09,0.05051,45,8.05,6.13,0.8648,46,0.73,7.07,0.08469,3,44,18.71,14.25,0.00049,45,13.05,6.06,0.1909,46,4.94,4.39,0.80861,2,46,12.8,5.3,0.99568,47,-6.62,8.03,0.00432,2,46,20.66,6.22,0.49422,47,1.08,6.22,0.50578,1,47,12.42,4.51,1,2,47,23.76,2.81,0.35683,48,0.72,2.74,0.64317,1,48,14.91,2.43,1,1,49,3.13,1.98,1,1,49,16.82,3.29,1,2,49,30.51,4.6,0.42883,50,0.61,4.56,0.57117,1,50,13.68,4.37,1,2,50,26.76,4.19,0.03133,51,3.85,4,0.96867,1,51,18.51,4.25,1,1,51,18.15,0.76,1,1,51,17.79,-2.73,1,2,50,26.78,-2.97,0.01392,51,3.5,-3.15,0.98608,1,50,13.83,-2.3,1,2,49,31.81,-1.47,0.2077,50,0.88,-1.64,0.7923,1,49,17.48,-3.15,1,2,48,29.43,-4.67,0.13523,49,3.15,-4.83,0.86477,2,48,19.24,-6.37,0.99868,49,-7.12,-6.03,0.00132,2,47,33.46,-6.78,0.00051,48,9.05,-8.07,0.99949,2,47,25.44,-7.25,0.35291,48,1.04,-7.46,0.64709,2,47,17.42,-7.72,0.9723,48,-6.97,-6.85,0.0277,1,47,8.8,-6.91,1,2,46,24,-5.67,0.31858,47,0.18,-6.1,0.68142,1,46,14.89,-6.55,1,2,45,19.96,-3.56,0.05546,46,5.79,-7.43,0.94454,2,45,13.84,-5.02,0.18483,46,-0.19,-5.46,0.81517,2,45,7.72,-6.47,0.51622,46,-6.16,-3.49,0.48378,2,45,3.5,-4.82,0.87262,46,-8.89,0.13,0.12738,3,44,18.98,-2.33,0.37715,45,-0.72,-3.17,0.61553,46,-11.62,3.75,0.00733,2,44,15.3,-4.97,0.97455,45,-4.94,-1.52,0.02545,1,44,11.62,-7.62,1,1,44,5.58,-8.65,1,1,44,-1.82,1.64,1,1,51,10.9,1.01,1,2,50,22.33,0.77,0.75226,51,-0.75,0.81,0.24774,1,46,11.58,-0.21,1,1,49,9.29,-0.75,1,1,47,6.53,-0.81,1,2,47,27.97,-2.56,0.03354,48,4.17,-3.15,0.96646,1,46,18.83,0.32,1,1,47,14.11,-3.55,1,1,48,20.18,-2.57,1,1,44,3.58,-0.09,1,1,50,10.26,1.15,1,1,51,7.86,-1.02,1,1,49,21.18,0.5,1],"edges":[0,2,2,4,4,6,6,8,8,10,10,12,12,14,14,16,16,18,18,20,20,22,22,24,24,26,26,28,28,30,30,32,32,34,34,36,36,38,38,40,40,42,42,44,44,46,46,48,48,50,50,52,52,54,54,56,56,58,58,60,60,62,62,64,64,66,66,68,68,70,70,72,72,74,74,76,76,78,78,80,80,0]}},"qianzi2":{"newfishes/fish_zuantoulongxia/qianzi1":{"type":"mesh","hull":54,"width":148,"height":86,"uvs":[0,0.8744,0,0.99731,0.11425,0.99865,0.22849,1,0.24482,0.86738,0.33256,0.77256,0.41826,0.66019,0.48764,0.75501,0.55702,0.84982,0.60803,0.90249,0.65088,0.85333,0.74271,0.88318,0.83453,0.91303,0.93044,0.87791,0.96522,0.7831,1,0.68828,1,0.60049,1,0.5127,0.9386,0.54431,0.9021,0.55151,0.86419,0.59282,0.81997,0.56238,0.77827,0.60587,0.753,0.54716,0.69741,0.58413,0.68477,0.52542,0.73166,0.53559,0.7555,0.5185,0.78842,0.4765,0.83828,0.52556,0.85629,0.53637,0.87221,0.51619,0.91201,0.45131,0.95516,0.46861,1,0.48014,1,0.43617,1,0.37705,0.97562,0.28314,0.91978,0.16868,0.85409,0.05421,0.76951,0,0.62664,0,0.53138,0,0.41068,0.07258,0.29892,0.20683,0.26074,0.29798,0.22256,0.38912,0.19546,0.32836,0.16754,0.39478,0.1544,0.49935,0.1076,0.58979,0.08214,0.72121,0.07311,0.78056,0.03123,0.80317,0.64162,0.21106,0.23153,0.47486,0.49456,0.60067,0.85365,0.2545,0.20981,0.71725,0.35835,0.50137,0.58822,0.35842,0.85456,0.75939,0.25483,0.58968,0.5487,0.11667,0.85516,0.36837,0.61068,0.52432,0.7174,0.43846,0.60275,0.69975,0.39701,0.3317,0.77867,0.15466,0.7391,0.29759,0.43548,0.19405,0.48974,0.46331,0.10434,0.88958,0.7211,0.73094,0.52218,0.2424,0.14284,0.79519,0.30386,0.68492,0.67301,0.09649],"triangles":[13,12,61,9,8,10,10,74,11,12,11,61,11,74,61,13,61,14,8,67,10,10,67,74,8,7,67,14,61,15,61,20,15,15,20,16,16,20,19,74,22,61,61,22,20,67,24,74,24,65,25,24,67,65,7,56,67,7,6,56,22,21,20,74,24,22,67,56,65,19,18,16,24,23,22,18,17,16,59,72,56,56,72,65,30,29,31,26,25,27,29,28,31,27,25,66,72,60,65,25,65,66,65,60,66,27,66,28,31,28,32,33,35,34,28,64,32,28,66,64,33,32,35,72,68,60,35,32,36,66,70,64,66,60,70,32,64,36,64,37,36,70,57,64,64,57,37,68,75,60,60,54,70,60,75,54,68,71,75,68,44,71,70,69,57,70,54,69,57,38,37,57,69,38,75,63,54,75,71,63,54,78,69,54,63,78,44,43,71,71,43,63,69,39,38,78,40,69,69,40,39,43,42,63,63,41,78,63,42,41,78,41,40,5,77,6,77,62,6,62,59,6,6,59,56,49,55,62,62,55,59,72,59,68,49,48,55,48,46,55,68,59,46,68,46,45,46,59,55,48,47,46,45,44,68,4,3,73,1,73,2,3,2,73,1,0,73,0,53,73,53,52,73,73,76,4,73,52,76,76,58,4,4,58,5,52,51,76,76,51,58,58,77,5,51,50,58,58,62,77,58,50,62,50,49,62],"vertices":[2,27,-7.48,-14.35,0.99997,28,-51.7,5.11,0.00003,2,27,-16.06,-8.17,0.99998,28,-57.08,14.21,0.00002,2,27,-6.26,5.61,1,28,-42.58,22.92,0,1,27,3.54,19.39,1,3,27,14.2,14.68,0.98804,28,-20.2,23.03,0.01138,30,-60.48,21.58,0.00058,3,27,28.41,20.44,0.63444,28,-4.87,22.61,0.34267,30,-48.49,12.02,0.02289,4,27,43.67,25.08,0.09834,28,10.97,20.75,0.53797,29,-10.2,24.11,0.15442,30,-36.97,1,0.20928,4,27,43.06,38.17,0.00718,28,15.66,32.99,0.17558,29,-0.82,33.27,0.1681,30,-25.85,7.95,0.64914,3,28,20.35,45.23,0.04199,29,8.56,42.43,0.03323,30,-14.73,14.9,0.92479,3,28,24.55,52.97,0.01624,29,15.61,47.7,0.00038,30,-6.72,18.56,0.98339,2,28,32.16,52.56,0.00614,30,-0.89,13.64,0.99386,1,30,12.9,14.67,1,1,30,26.69,15.7,1,1,30,40.46,11.11,1,1,30,44.66,2.43,1,1,30,48.86,-6.25,1,1,30,48.01,-13.75,1,1,30,47.17,-21.26,1,1,30,38.44,-17.54,1,1,30,33.14,-16.32,1,1,30,27.97,-12.16,1,1,30,21.17,-14.03,1,2,29,43.28,24.9,0.00685,30,15.46,-9.62,0.99315,2,29,40.07,19.49,0.03386,30,11.17,-14.22,0.96614,2,29,31.56,21.81,0.1688,30,3.35,-10.13,0.8312,2,29,30.22,16.6,0.58461,30,0.93,-14.94,0.41539,2,29,37.03,18.18,0.83557,30,7.92,-14.85,0.16443,2,29,40.69,17.08,0.8899,30,11.27,-16.71,0.1101,2,29,45.91,13.98,0.96773,30,15.7,-20.84,0.03227,2,29,52.82,18.93,0.99512,30,23.51,-17.48,0.00488,2,29,55.37,20.13,0.99735,30,26.26,-16.85,0.00265,2,29,57.9,18.64,0.9993,30,28.41,-18.84,0.0007,1,29,64.32,13.69,1,1,29,70.52,15.82,1,1,29,77.03,17.49,1,1,29,77.41,13.73,1,1,29,77.93,8.67,1,2,28,98.48,34.79,0,29,75.16,0.27,1,2,28,96.37,22.12,0.00001,29,67.95,-10.37,0.99999,2,28,93.01,8.69,0.00002,29,59.28,-21.15,0.99998,2,28,84.61,-1.69,0.00004,29,47.3,-27.07,0.99996,1,29,26.27,-29.23,1,2,28,54.26,-19.62,0.0141,29,12.25,-30.66,0.9859,2,28,35.71,-23.33,0.1907,29,-6.16,-26.28,0.8093,2,28,15.6,-21.81,0.70924,29,-23.79,-16.48,0.29076,3,27,55.3,-12.06,0.00128,28,6.74,-17.93,0.91084,29,-30.22,-9.26,0.08788,3,27,45.63,-12.05,0.12712,28,-2.11,-14.06,0.86902,29,-36.64,-2.04,0.00386,2,27,47.53,-18.36,0.16024,28,-2.9,-20.6,0.83976,2,27,40.48,-18.37,0.24163,28,-9.37,-17.78,0.75837,2,27,32.04,-14.69,0.6008,28,-15.62,-11.03,0.3992,2,27,21.68,-15.76,0.95255,28,-25.54,-7.86,0.04745,1,27,10.31,-12.2,1,2,27,5.39,-10.3,0.99996,28,-38.28,3.67,0.00004,2,27,0.19,-14.19,0.99996,28,-44.6,2.19,0.00004,1,29,26.62,-10.94,1,2,27,40.43,-6.66,0.13704,28,-4.72,-7.03,0.86296,4,27,54.43,31.24,0.00457,28,23.29,22.08,0.17182,29,1.55,20.17,0.3432,30,-26.32,-5.36,0.48041,2,28,84.19,23.49,0.00001,29,57.46,-4.03,0.99999,1,27,21.64,2.92,1,4,27,49.56,9.89,0.03145,28,10.28,4.48,0.9052,29,-17.63,9.61,0.03387,30,-47.31,-11.58,0.02948,1,29,17.47,0.86,1,1,30,28.16,2.24,1,3,27,34.44,1.91,0.44179,28,-6.77,3.22,0.55664,30,-61.68,-2.32,0.00157,2,28,51.37,-9.68,0.00316,29,13.77,-20.42,0.99684,2,29,56.68,5.74,0.99865,30,24.48,-31.19,0.00135,3,28,41.43,25.17,0.01767,29,19.32,15.39,0.54902,30,-9.98,-13.81,0.43331,2,29,35.78,9.65,0.82304,30,4.89,-22.91,0.17696,3,28,32.74,37.57,0.01446,29,16.61,30.28,0.04148,30,-9.45,1.32,0.94406,2,28,22.63,-5.18,0.62929,29,-10.45,-4.32,0.37071,2,28,79.01,10.45,0.00002,29,47.3,-13.7,0.99998,2,28,67.71,18.06,0,29,40.22,-2.07,1,2,28,33.56,-12.47,0.10872,29,-3.58,-15.51,0.89128,3,28,28.69,11.55,0.03137,29,2.05,8.34,0.90839,30,-28.35,-17.01,0.06024,1,27,0.49,-1.06,1,1,30,8.25,2.02,1,2,28,42.49,-2.36,0.02402,29,8.76,-10.07,0.97598,1,27,10.41,-1.19,1,4,27,32.04,12.59,0.46983,28,-4.69,13.96,0.49903,29,-27.26,24.5,0.00251,30,-53.55,5.01,0.02862,1,29,32.25,-20.27,1],"edges":[0,2,2,4,4,6,6,8,8,10,10,12,12,14,14,16,16,18,18,20,20,22,22,24,24,26,26,28,28,30,30,32,32,34,34,36,36,38,38,40,40,42,42,44,44,46,46,48,48,50,50,52,52,54,54,56,56,58,58,60,60,62,62,64,64,66,66,68,68,70,70,72,72,74,74,76,76,78,78,80,80,82,82,84,84,86,86,88,88,90,90,92,92,94,94,96,96,98,98,100,100,102,102,104,104,106,106,0]}},"qianzi3":{"newfishes/fish_zuantoulongxia/qianzi1":{"type":"mesh","hull":54,"width":148,"height":86,"uvs":[0,0.8744,0,0.99731,0.11425,0.99865,0.22849,1,0.24482,0.86738,0.33256,0.77256,0.41826,0.66019,0.48764,0.75501,0.55702,0.84982,0.60803,0.90249,0.65088,0.85333,0.74271,0.88318,0.83453,0.91303,0.93044,0.87791,0.96522,0.7831,1,0.68828,1,0.60049,1,0.5127,0.9386,0.54431,0.9021,0.55151,0.86419,0.59282,0.81997,0.56238,0.77827,0.60587,0.753,0.54716,0.69741,0.58413,0.68477,0.52542,0.73166,0.53559,0.7555,0.5185,0.78842,0.4765,0.83828,0.52556,0.85629,0.53637,0.87221,0.51619,0.91201,0.45131,0.95516,0.46861,1,0.48014,1,0.43617,1,0.37705,0.97562,0.28314,0.91978,0.16868,0.85409,0.05421,0.76951,0,0.62664,0,0.53138,0,0.41068,0.07258,0.29892,0.20683,0.26074,0.29798,0.22256,0.38912,0.19546,0.32836,0.16754,0.39478,0.1544,0.49935,0.1076,0.58979,0.08214,0.72121,0.07311,0.78056,0.03123,0.80317,0.64162,0.21106,0.23153,0.47486,0.49456,0.60067,0.85365,0.2545,0.20981,0.71725,0.35835,0.50137,0.58822,0.35842,0.85456,0.75939,0.25483,0.58968,0.5487,0.11667,0.85516,0.36837,0.61068,0.52432,0.7174,0.43846,0.60275,0.69975,0.39701,0.3317,0.77867,0.15466,0.7391,0.29759,0.43548,0.19405,0.48974,0.46331,0.10434,0.88958,0.7211,0.73094,0.52218,0.2424,0.14284,0.79519,0.30386,0.68492,0.67301,0.09649],"triangles":[13,12,61,9,8,10,10,74,11,12,11,61,11,74,61,13,61,14,8,67,10,10,67,74,8,7,67,14,61,15,61,20,15,15,20,16,16,20,19,74,22,61,61,22,20,67,24,74,24,65,25,24,67,65,7,56,67,7,6,56,22,21,20,74,24,22,67,56,65,19,18,16,24,23,22,18,17,16,59,72,56,56,72,65,30,29,31,26,25,27,29,28,31,27,25,66,72,60,65,25,65,66,65,60,66,27,66,28,31,28,32,33,35,34,28,64,32,28,66,64,33,32,35,72,68,60,35,32,36,66,70,64,66,60,70,32,64,36,64,37,36,70,57,64,64,57,37,68,75,60,60,54,70,60,75,54,68,71,75,68,44,71,70,69,57,70,54,69,57,38,37,57,69,38,75,63,54,75,71,63,54,78,69,54,63,78,44,43,71,71,43,63,69,39,38,78,40,69,69,40,39,43,42,63,63,41,78,63,42,41,78,41,40,5,77,6,77,62,6,62,59,6,6,59,56,49,55,62,62,55,59,72,59,68,49,48,55,48,46,55,68,59,46,68,46,45,46,59,55,48,47,46,45,44,68,4,3,73,1,73,2,3,2,73,1,0,73,0,53,73,53,52,73,73,76,4,73,52,76,76,58,4,4,58,5,52,51,76,76,51,58,58,77,5,51,50,58,58,62,77,58,50,62,50,49,62],"vertices":[2,32,-7.48,-14.35,0.99997,33,-51.7,5.11,0.00003,2,32,-16.06,-8.17,0.99998,33,-57.08,14.21,0.00002,2,32,-6.26,5.61,1,33,-42.58,22.92,0,1,32,3.54,19.39,1,3,32,14.2,14.68,0.98804,33,-20.2,23.03,0.01138,35,-60.48,21.58,0.00058,3,32,28.41,20.44,0.63444,33,-4.87,22.61,0.34267,35,-48.49,12.02,0.02289,4,32,43.67,25.08,0.09834,33,10.97,20.75,0.53797,34,-10.2,24.11,0.15442,35,-36.97,1,0.20928,4,32,43.06,38.17,0.00718,33,15.66,32.99,0.17558,34,-0.82,33.27,0.1681,35,-25.85,7.95,0.64914,3,33,20.35,45.23,0.04199,34,8.56,42.43,0.03323,35,-14.73,14.9,0.92479,3,33,24.55,52.97,0.01624,34,15.61,47.7,0.00038,35,-6.72,18.56,0.98339,2,33,32.16,52.56,0.00614,35,-0.89,13.64,0.99386,1,35,12.9,14.67,1,1,35,26.69,15.7,1,1,35,40.46,11.11,1,1,35,44.66,2.43,1,1,35,48.86,-6.25,1,1,35,48.01,-13.75,1,1,35,47.17,-21.26,1,1,35,38.44,-17.54,1,1,35,33.14,-16.32,1,1,35,27.97,-12.16,1,1,35,21.17,-14.03,1,2,34,43.28,24.9,0.00685,35,15.46,-9.62,0.99315,2,34,40.07,19.49,0.03386,35,11.17,-14.22,0.96614,2,34,31.56,21.81,0.1688,35,3.35,-10.13,0.8312,2,34,30.22,16.6,0.58461,35,0.93,-14.94,0.41539,2,34,37.03,18.18,0.83557,35,7.92,-14.85,0.16443,2,34,40.69,17.08,0.8899,35,11.27,-16.71,0.1101,2,34,45.91,13.98,0.96773,35,15.7,-20.84,0.03227,2,34,52.82,18.93,0.99512,35,23.51,-17.48,0.00488,2,34,55.37,20.13,0.99735,35,26.26,-16.85,0.00265,2,34,57.9,18.64,0.9993,35,28.41,-18.84,0.0007,1,34,64.32,13.69,1,1,34,70.52,15.82,1,1,34,77.03,17.49,1,1,34,77.41,13.73,1,1,34,77.93,8.67,1,2,33,98.48,34.79,0,34,75.16,0.27,1,2,33,96.37,22.12,0.00001,34,67.95,-10.37,0.99999,2,33,93.01,8.69,0.00002,34,59.28,-21.15,0.99998,2,33,84.61,-1.69,0.00004,34,47.3,-27.07,0.99996,1,34,26.27,-29.23,1,2,33,54.26,-19.62,0.0141,34,12.25,-30.66,0.9859,2,33,35.71,-23.33,0.1907,34,-6.16,-26.28,0.8093,2,33,15.6,-21.81,0.70924,34,-23.79,-16.48,0.29076,3,32,55.3,-12.06,0.00128,33,6.74,-17.93,0.91084,34,-30.22,-9.26,0.08788,3,32,45.63,-12.05,0.12712,33,-2.11,-14.06,0.86902,34,-36.64,-2.04,0.00386,2,32,47.53,-18.36,0.16024,33,-2.9,-20.6,0.83976,2,32,40.48,-18.37,0.24163,33,-9.37,-17.78,0.75837,2,32,32.04,-14.69,0.6008,33,-15.62,-11.03,0.3992,2,32,21.68,-15.76,0.95255,33,-25.54,-7.86,0.04745,1,32,10.31,-12.2,1,2,32,5.39,-10.3,0.99996,33,-38.28,3.67,0.00004,2,32,0.19,-14.19,0.99996,33,-44.6,2.19,0.00004,1,34,26.62,-10.94,1,2,32,40.43,-6.66,0.13704,33,-4.72,-7.03,0.86296,4,32,54.43,31.24,0.00457,33,23.29,22.08,0.17182,34,1.55,20.17,0.3432,35,-26.32,-5.36,0.48041,2,33,84.19,23.49,0.00001,34,57.46,-4.03,0.99999,1,32,21.64,2.92,1,4,32,49.56,9.89,0.03145,33,10.28,4.48,0.9052,34,-17.63,9.61,0.03387,35,-47.31,-11.58,0.02948,1,34,17.47,0.86,1,1,35,28.16,2.24,1,3,32,34.44,1.91,0.44179,33,-6.77,3.22,0.55664,35,-61.68,-2.32,0.00157,2,33,51.37,-9.68,0.00316,34,13.77,-20.42,0.99684,2,34,56.68,5.74,0.99865,35,24.48,-31.19,0.00135,3,33,41.43,25.17,0.01767,34,19.32,15.39,0.54902,35,-9.98,-13.81,0.43331,2,34,35.78,9.65,0.82304,35,4.89,-22.91,0.17696,3,33,32.74,37.57,0.01446,34,16.61,30.28,0.04148,35,-9.45,1.32,0.94406,2,33,22.63,-5.18,0.62929,34,-10.45,-4.32,0.37071,2,33,79.01,10.45,0.00002,34,47.3,-13.7,0.99998,2,33,67.71,18.06,0,34,40.22,-2.07,1,2,33,33.56,-12.47,0.10872,34,-3.58,-15.51,0.89128,3,33,28.69,11.55,0.03137,34,2.05,8.34,0.90839,35,-28.35,-17.01,0.06024,1,32,0.49,-1.06,1,1,35,8.25,2.02,1,2,33,42.49,-2.36,0.02402,34,8.76,-10.07,0.97598,1,32,10.41,-1.19,1,4,32,32.04,12.59,0.46983,33,-4.69,13.96,0.49903,34,-27.26,24.5,0.00251,35,-53.55,5.01,0.02862,1,34,32.25,-20.27,1],"edges":[0,2,2,4,4,6,6,8,8,10,10,12,12,14,14,16,16,18,18,20,20,22,22,24,24,26,26,28,28,30,30,32,32,34,34,36,36,38,38,40,40,42,42,44,44,46,46,48,48,50,50,52,52,54,54,56,56,58,58,60,60,62,62,64,64,66,66,68,68,70,70,72,72,74,74,76,76,78,78,80,80,82,82,84,84,86,86,88,88,90,90,92,92,94,94,96,96,98,98,100,100,102,102,104,104,106,106,0]}},"shenti":{"newfishes/fish_zuantoulongxia/shenti":{"type":"mesh","hull":60,"width":277,"height":88,"uvs":[0.01006,0.37075,0,0.24016,0,0.12494,0.02837,0.05196,0.07718,0,0.1211,0.05196,0.15771,0.14414,0.19066,0.19791,0.23824,0.17487,0.26631,0.20175,0.30048,0.17487,0.33342,0.18639,0.39321,0.18639,0.42738,0.17487,0.45178,0.09037,0.47253,0.04428,0.50181,0.05964,0.52988,0,0.58234,0,0.60065,0.05964,0.62505,0,0.68118,0.07116,0.73487,0.02123,0.79344,0.05964,0.80564,0.17871,0.80198,0.244,0.85201,0.26705,0.93621,0.244,0.95207,0.28241,0.91668,0.3938,0.96183,0.42837,1,0.44757,1,0.59737,0.95939,0.61273,0.92156,0.63962,0.95085,0.72028,0.92889,0.78941,0.85567,0.75484,0.80076,0.81246,0.79222,0.90848,0.77148,0.98146,0.71291,0.95073,0.66288,1,0.60919,0.96609,0.54818,1,0.50913,0.93537,0.4469,0.94689,0.42616,0.84319,0.36515,0.87007,0.31024,0.85855,0.23824,0.86623,0.17723,0.82782,0.14795,0.84319,0.11744,0.94305,0.06863,0.96609,0.01983,0.93921,0,0.84319,0,0.68187,0,0.48982,0,0.39764,0.19504,0.56195,0.61624,0.50728,0.75032,0.35422,0.4825,0.67594,0.35914,0.26886,0.83562,0.54774,0.55608,0.13933,0.16797,0.35792,0.28116,0.75574,0.38531,0.47034,0.54051,0.30432,0.62952,0.84791,0.68928,0.2153,0.10528,0.26218,0.70337,0.69104,0.33597,0.616],"triangles":[54,55,53,52,53,56,53,55,56,52,56,57,59,0,67,60,57,58,60,58,59,0,73,67,0,1,73,73,1,6,5,2,3,6,2,5,6,1,2,3,4,5,73,6,7,9,64,67,51,52,57,59,67,60,64,60,67,67,7,9,68,51,60,51,57,60,67,73,7,49,50,68,50,51,68,48,49,68,68,60,75,11,9,10,64,9,11,7,8,9,68,75,63,46,47,45,45,47,71,47,48,68,47,63,71,47,68,63,69,60,64,75,60,69,75,69,63,63,69,61,13,70,64,64,12,13,70,69,64,66,13,14,14,16,66,64,11,12,14,15,16,42,43,41,40,41,39,43,71,41,41,71,39,39,71,38,71,74,38,71,63,74,38,74,37,36,37,35,37,34,35,34,37,65,37,74,65,74,61,65,34,65,33,31,32,33,33,65,30,33,30,31,61,62,65,65,62,29,65,29,30,26,62,25,62,26,29,62,70,72,66,21,72,28,26,27,28,29,26,62,72,25,25,72,24,24,21,23,23,21,22,21,24,72,19,20,21,44,45,43,43,45,71,63,61,74,69,70,61,62,61,70,72,70,66,21,66,19,70,13,66,66,16,19,19,17,18,17,19,16],"vertices":[1,13,24.42,-10.93,1,1,13,27.21,-22.43,1,1,13,27.21,-32.57,1,1,13,19.35,-38.99,1,1,13,5.83,-43.56,1,1,13,-6.34,-38.99,1,3,11,40.65,-30.88,0.00164,12,12.59,-30.88,0.19,13,-16.48,-30.88,0.80836,1,12,3.47,-26.14,1,4,3,64.64,-28.17,0.00636,11,18.34,-28.17,0.86,12,-9.72,-28.17,0.13203,13,-38.78,-28.17,0.00161,3,3,56.87,-25.81,0.05166,11,10.56,-25.81,0.82,12,-17.49,-25.81,0.12834,3,3,47.41,-28.17,0.04091,11,1.1,-28.17,0.95,12,-26.95,-28.17,0.00909,4,2,-54.84,27.16,0.0003,3,38.28,-27.16,0.46649,11,-8.03,-27.16,0.5265,12,-36.08,-27.16,0.0067,4,2,-38.28,27.16,0.0228,3,21.72,-27.16,0.86343,11,-24.59,-27.16,0.11377,13,-81.71,-27.16,0,4,2,-28.82,28.17,0.1197,3,12.25,-28.17,0.86013,11,-34.05,-28.17,0.02016,13,-91.17,-28.17,0,5,2,-22.06,35.61,0.28514,10,-55.18,35.61,0.00548,3,5.49,-35.61,0.70698,11,-40.81,-35.61,0.00239,13,-97.93,-35.61,0,4,2,-16.31,39.66,0.36455,10,-49.43,39.66,0.01526,3,-0.25,-39.66,0.62019,13,-103.68,-39.66,0,4,2,-8.2,38.31,0.48041,10,-41.32,38.31,0.04096,3,-8.36,-38.31,0.47863,13,-111.79,-38.31,0,4,2,-0.42,43.56,0.57789,10,-33.55,43.56,0.09657,3,-16.14,-43.56,0.32554,13,-119.57,-43.56,0,4,2,14.11,43.56,0.60089,10,-19.01,43.56,0.22904,3,-30.67,-43.56,0.17006,13,-134.1,-43.56,0,4,2,19.18,38.31,0.56165,10,-13.94,38.31,0.33793,3,-35.74,-38.31,0.10042,13,-139.17,-38.31,0,3,2,25.94,43.56,0.47814,10,-7.18,43.56,0.47431,3,-42.5,-43.56,0.04755,3,2,41.49,37.3,0.209,10,8.36,37.3,0.78588,3,-58.05,-37.3,0.00512,2,2,56.36,41.69,0.03857,10,23.24,41.69,0.96143,3,2,72.58,38.31,0.00264,10,39.46,38.31,0.99732,3,-89.15,-38.31,0.00004,2,10,42.84,27.83,0.99998,3,-92.53,-27.83,0.00002,2,10,41.83,22.09,0.99999,3,-91.51,-22.09,0.00001,3,2,88.81,20.06,0,10,55.68,20.06,0.99999,3,-105.37,-20.06,0,4,2,112.13,22.09,0,10,79.01,22.09,1,3,-128.69,-22.09,0,13,-232.12,-22.09,0,4,2,116.52,18.71,0,10,83.4,18.71,1,3,-133.09,-18.71,0,13,-236.51,-18.71,0,4,2,106.72,8.91,0,10,73.6,8.91,1,3,-123.28,-8.91,0,13,-226.71,-8.91,0,4,2,119.23,5.86,0,10,86.1,5.86,1,3,-135.79,-5.86,0,13,-239.22,-5.86,0,3,2,129.8,4.17,0,10,96.68,4.17,1,13,-249.79,-4.17,0,2,10,96.68,-9.01,1,13,-249.79,9.01,0,2,10,85.43,-10.36,1,13,-238.54,10.36,0,2,10,74.95,-12.73,1,13,-228.06,12.73,0,2,10,83.06,-19.82,1,13,-236.18,19.82,0,2,10,76.98,-25.91,1,13,-230.09,25.91,0,3,10,56.7,-22.87,1,3,-106.38,22.87,0,13,-209.81,22.87,0,4,2,74.61,-27.94,0.01781,10,41.49,-27.94,0.98217,3,-91.17,27.94,0.00001,13,-194.6,27.94,0,4,2,72.25,-36.39,0.03818,10,39.12,-36.39,0.96175,3,-88.81,36.39,0.00007,13,-192.24,36.39,0,4,2,66.5,-42.81,0.05409,10,33.38,-42.81,0.94578,3,-83.06,42.81,0.00013,13,-186.49,42.81,0,3,2,50.28,-40.1,0.16376,10,17.15,-40.1,0.83624,13,-170.27,40.1,0,4,2,36.42,-44.44,0.35242,10,3.29,-44.44,0.64037,3,-52.98,44.44,0.00721,13,-156.41,44.44,0,4,2,21.55,-41.46,0.56861,10,-11.58,-41.46,0.37059,3,-38.11,41.46,0.0608,13,-141.54,41.46,0,4,2,4.65,-44.44,0.64894,10,-28.48,-44.44,0.12981,3,-21.21,44.44,0.22125,13,-124.64,44.44,0,4,2,-6.17,-38.75,0.54555,10,-39.29,-38.75,0.04346,3,-10.39,38.75,0.41098,13,-113.82,38.75,0,5,2,-23.41,-39.77,0.29033,10,-56.53,-39.77,0.00005,3,6.85,39.77,0.70915,11,-39.46,39.77,0.00047,13,-96.58,39.77,0,4,2,-29.15,-30.64,0.15955,3,12.59,30.64,0.81917,11,-33.71,30.64,0.02128,13,-90.84,30.64,0,4,2,-46.05,-33.01,0.0138,3,29.49,33.01,0.73676,11,-16.81,33.01,0.24944,13,-73.94,33.01,0,3,3,44.7,31.99,0.38558,11,-1.6,31.99,0.56724,12,-29.66,31.99,0.04718,4,3,64.64,32.67,0.01322,11,18.34,32.67,0.92,12,-9.72,32.67,0.06663,13,-38.78,32.67,0.00015,3,11,35.24,29.29,0.0042,12,7.18,29.29,0.78,13,-21.88,29.29,0.2158,3,11,43.35,30.64,0.00151,12,15.3,30.64,0.85,13,-13.77,30.64,0.14849,3,11,51.8,39.43,0.01394,12,23.75,39.43,0.43606,13,-5.32,39.43,0.55,1,13,8.2,41.46,1,1,13,21.72,39.09,1,1,13,27.21,30.64,1,1,13,27.21,16.44,1,1,13,27.21,-0.46,1,1,13,27.21,-8.57,1,1,12,2.25,5.89,1,1,2,23.5,-1.08,1,2,2,60.64,12.39,0.0011,10,27.52,12.39,0.9989,2,2,-13.55,-15.92,0.2262,3,-3.02,15.92,0.7738,3,3,31.15,-19.9,0.74796,11,-15.15,-19.9,0.25204,13,-72.27,-19.9,0,2,10,51.14,-4.64,1,13,-204.26,4.64,0,4,2,6.83,31.3,0.61696,10,-26.29,31.3,0.13679,3,-23.4,-31.3,0.24625,13,-126.82,-31.3,0,1,12,9.75,-12.06,1,3,3,52.76,22.94,0.06279,11,6.45,22.94,0.89,12,-21.6,22.94,0.04721,2,3,23.91,-2.17,1,13,-79.52,-2.17,0,4,2,2.52,16.78,0.8396,10,-30.6,16.78,0.02685,3,-19.08,-16.78,0.13354,13,-122.51,-16.78,0,4,2,27.18,-31.06,0.44944,10,-5.95,-31.06,0.52793,3,-43.74,31.06,0.02263,13,-147.17,31.06,0,3,2,43.73,24.62,0.12265,10,10.61,24.62,0.87677,3,-60.29,-24.62,0.00058,3,11,55.17,-20.49,0.00663,12,27.12,-20.49,0.40854,13,-1.95,-20.49,0.58483,3,2,47.63,-17.25,0.0555,10,14.51,-17.25,0.9445,13,-167.62,17.25,0,3,3,37.57,10.65,0.45452,11,-8.73,10.65,0.54146,12,-36.79,10.65,0.00403],"edges":[0,2,2,4,4,6,6,8,8,10,10,12,12,14,14,16,16,18,18,20,20,22,22,24,24,26,26,28,28,30,30,32,32,34,34,36,36,38,38,40,40,42,42,44,44,46,46,48,48,50,50,52,52,54,54,56,56,58,58,60,60,62,62,64,64,66,66,68,68,70,70,72,72,74,74,76,76,78,78,80,80,82,82,84,84,86,86,88,88,90,90,92,92,94,94,96,96,98,98,100,100,102,102,104,104,106,106,108,108,110,110,112,112,114,114,116,116,118,118,0]}},"zuantou":{"newfishes/fish_zuantoulongxia/zuantou01":{"width":108,"height":283},"newfishes/fish_zuantoulongxia/zuantou02":{"width":108,"height":283},"newfishes/fish_zuantoulongxia/zuantou03":{"width":108,"height":283}}}},"animations":{"animation":{"slots":{"zuantou":{"attachment":[{"time":0,"name":"newfishes/fish_zuantoulongxia/zuantou01"},{"time":0.0333,"name":"newfishes/fish_zuantoulongxia/zuantou02"},{"time":0.0667,"name":"newfishes/fish_zuantoulongxia/zuantou03"},{"time":0.1,"name":"newfishes/fish_zuantoulongxia/zuantou01"},{"time":0.1333,"name":"newfishes/fish_zuantoulongxia/zuantou02"},{"time":0.1667,"name":"newfishes/fish_zuantoulongxia/zuantou03"},{"time":0.2,"name":"newfishes/fish_zuantoulongxia/zuantou01"},{"time":0.2333,"name":"newfishes/fish_zuantoulongxia/zuantou02"},{"time":0.2667,"name":"newfishes/fish_zuantoulongxia/zuantou03"},{"time":0.3,"name":"newfishes/fish_zuantoulongxia/zuantou01"},{"time":0.3333,"name":"newfishes/fish_zuantoulongxia/zuantou02"},{"time":0.3667,"name":"newfishes/fish_zuantoulongxia/zuantou03"},{"time":0.4,"name":"newfishes/fish_zuantoulongxia/zuantou01"},{"time":0.4333,"name":"newfishes/fish_zuantoulongxia/zuantou02"},{"time":0.4667,"name":"newfishes/fish_zuantoulongxia/zuantou03"},{"time":0.5,"name":"newfishes/fish_zuantoulongxia/zuantou01"},{"time":0.5333,"name":"newfishes/fish_zuantoulongxia/zuantou02"},{"time":0.5667,"name":"newfishes/fish_zuantoulongxia/zuantou03"},{"time":0.6,"name":"newfishes/fish_zuantoulongxia/zuantou01"},{"time":0.6333,"name":"newfishes/fish_zuantoulongxia/zuantou02"},{"time":0.6667,"name":"newfishes/fish_zuantoulongxia/zuantou03"},{"time":0.7,"name":"newfishes/fish_zuantoulongxia/zuantou01"},{"time":0.7333,"name":"newfishes/fish_zuantoulongxia/zuantou02"},{"time":0.7667,"name":"newfishes/fish_zuantoulongxia/zuantou03"},{"time":0.8,"name":"newfishes/fish_zuantoulongxia/zuantou01"},{"time":0.8333,"name":"newfishes/fish_zuantoulongxia/zuantou02"},{"time":0.8667,"name":"newfishes/fish_zuantoulongxia/zuantou03"},{"time":0.9,"name":"newfishes/fish_zuantoulongxia/zuantou01"},{"time":0.9333,"name":"newfishes/fish_zuantoulongxia/zuantou02"},{"time":0.9667,"name":"newfishes/fish_zuantoulongxia/zuantou03"},{"time":1,"name":"newfishes/fish_zuantoulongxia/zuantou01"},{"time":1.0333,"name":"newfishes/fish_zuantoulongxia/zuantou02"},{"time":1.0667,"name":"newfishes/fish_zuantoulongxia/zuantou03"},{"time":1.1,"name":"newfishes/fish_zuantoulongxia/zuantou01"},{"time":1.1333,"name":"newfishes/fish_zuantoulongxia/zuantou02"},{"time":1.1667,"name":"newfishes/fish_zuantoulongxia/zuantou03"},{"time":1.2,"name":"newfishes/fish_zuantoulongxia/zuantou01"},{"time":1.2333,"name":"newfishes/fish_zuantoulongxia/zuantou02"},{"time":1.2667,"name":"newfishes/fish_zuantoulongxia/zuantou03"},{"time":1.3,"name":"newfishes/fish_zuantoulongxia/zuantou01"}]}},"bones":{"bone":{"rotate":[{"time":0,"angle":0},{"time":0.6667,"angle":20.39},{"time":1.3333,"angle":0}]},"bone2":{"rotate":[{"time":0,"angle":0,"curve":"stepped"},{"time":0.6667,"angle":0,"curve":"stepped"},{"time":1.3333,"angle":0}],"scale":[{"time":0,"x":1,"y":1},{"time":0.6667,"x":0.797,"y":1},{"time":1.3333,"x":1,"y":1}]},"bone4":{"rotate":[{"time":0,"angle":0,"curve":"stepped"},{"time":1.3333,"angle":0}],"scale":[{"time":0,"x":1,"y":1,"curve":"stepped"},{"time":0.6667,"x":1,"y":1,"curve":"stepped"},{"time":1.3333,"x":1,"y":1}]},"bone5":{"rotate":[{"time":0,"angle":0,"curve":"stepped"},{"time":1.3333,"angle":0}],"scale":[{"time":0,"x":1,"y":1,"curve":"stepped"},{"time":0.6667,"x":1,"y":1,"curve":"stepped"},{"time":1.3333,"x":1,"y":1}]},"bone3":{"rotate":[{"time":0,"angle":0,"curve":"stepped"},{"time":1.3333,"angle":0}],"scale":[{"time":0,"x":1,"y":1},{"time":0.6667,"x":0.635,"y":1},{"time":1.3333,"x":1,"y":1}]},"bone12":{"rotate":[{"time":0,"angle":0},{"time":0.3333,"angle":7.81},{"time":0.6667,"angle":0},{"time":1,"angle":7.81},{"time":1.3333,"angle":0}]},"bone6":{"rotate":[{"time":0,"angle":0},{"time":0.3333,"angle":12.92},{"time":0.6667,"angle":0},{"time":1,"angle":12.92},{"time":1.3333,"angle":0}]},"bone7":{"rotate":[{"time":0,"angle":0},{"time":0.3333,"angle":27.14},{"time":0.6667,"angle":0},{"time":1,"angle":27.14},{"time":1.3333,"angle":0}]},"bone8":{"rotate":[{"time":0,"angle":0},{"time":0.3333,"angle":-10.65},{"time":0.6667,"angle":0},{"time":1,"angle":-10.65},{"time":1.3333,"angle":0}]},"bone9":{"rotate":[{"time":0,"angle":0},{"time":0.3333,"angle":-25.12},{"time":0.6667,"angle":0},{"time":1,"angle":-25.12},{"time":1.3333,"angle":0}]},"bone10":{"rotate":[{"time":0,"angle":0},{"time":0.3333,"angle":9.61},{"time":0.6667,"angle":0},{"time":1,"angle":9.61},{"time":1.3333,"angle":0}]},"bone11":{"rotate":[{"time":0,"angle":0},{"time":0.3333,"angle":15.55},{"time":0.6667,"angle":0},{"time":1,"angle":15.55},{"time":1.3333,"angle":0}]},"bone14":{"rotate":[{"time":0,"angle":0},{"time":0.3333,"angle":-19.2},{"time":0.6667,"angle":0},{"time":1,"angle":-19.2},{"time":1.3333,"angle":0}]},"bone16":{"rotate":[{"time":0,"angle":0},{"time":0.3333,"angle":19.31},{"time":0.6667,"angle":0},{"time":1,"angle":19.31},{"time":1.3333,"angle":0}]},"bone23":{"rotate":[{"time":0,"angle":0},{"time":0.6667,"angle":1.44},{"time":1.3333,"angle":0}]},"bone24":{"rotate":[{"time":0,"angle":0},{"time":0.6667,"angle":5.63},{"time":1.3333,"angle":0}]},"qianzi4":{"rotate":[{"time":0,"angle":0},{"time":0.6667,"angle":-28.05},{"time":1.3333,"angle":0}]},"qianzi3":{"rotate":[{"time":0,"angle":0},{"time":0.6667,"angle":21.56},{"time":1.3333,"angle":0}]},"bone19":{"rotate":[{"time":0,"angle":0},{"time":0.6667,"angle":8.01},{"time":1.3333,"angle":0}]},"huxu12":{"rotate":[{"time":0,"angle":-360.37},{"time":0.3333,"angle":-359.96},{"time":0.6667,"angle":-373.96},{"time":1,"angle":-374.37},{"time":1.3333,"angle":-360.37}]},"huxu13":{"rotate":[{"time":0,"angle":-9.63},{"time":0.1667,"angle":-6.63},{"time":0.5,"angle":6.57},{"time":0.8333,"angle":7.37},{"time":1.1667,"angle":-12.63},{"time":1.3333,"angle":-9.63}]},"huxu14":{"rotate":[{"time":0,"angle":-19.85},{"time":0.3333,"angle":-23.45},{"time":0.6667,"angle":3.55},{"time":1,"angle":7.15},{"time":1.3333,"angle":-19.85}]},"huxu15":{"rotate":[{"time":0,"angle":20.32},{"time":0.1667,"angle":2.12},{"time":0.5,"angle":-9.58},{"time":0.8333,"angle":15.12},{"time":1.1667,"angle":26.82},{"time":1.3333,"angle":20.32}]},"huxu17":{"rotate":[{"time":0,"angle":10.37},{"time":0.1667,"angle":18.34},{"time":0.5,"angle":-10.43},{"time":0.8333,"angle":-18.08},{"time":1.1667,"angle":10.69},{"time":1.3333,"angle":10.37}]},"huxu18":{"rotate":[{"time":0,"angle":10.07},{"time":0.3333,"angle":16.48},{"time":0.6667,"angle":-5.3},{"time":1,"angle":-15.86},{"time":1.3333,"angle":10.07}]},"huxu16":{"rotate":[{"time":0,"angle":9.22},{"time":0.3333,"angle":-6.73},{"time":0.6667,"angle":-13.23},{"time":1,"angle":8.57},{"time":1.3333,"angle":9.22}]},"huxu4":{"rotate":[{"time":0,"angle":-0.2},{"time":0.3333,"angle":-3.79},{"time":0.6667,"angle":-13.79},{"time":1,"angle":-10.2},{"time":1.3333,"angle":-0.2}]},"huxu5":{"rotate":[{"time":0,"angle":-6.98},{"time":0.1667,"angle":-4.98},{"time":0.5,"angle":2.22},{"time":0.8333,"angle":5.02},{"time":1.1667,"angle":-8.98},{"time":1.3333,"angle":-6.98}]},"huxu6":{"rotate":[{"time":0,"angle":-6.77},{"time":0.3333,"angle":-8.37},{"time":0.6667,"angle":10.63},{"time":1,"angle":12.23},{"time":1.3333,"angle":-6.77}]},"huxu7":{"rotate":[{"time":0,"angle":4.24},{"time":0.1667,"angle":-11.95},{"time":0.5,"angle":-14.65},{"time":0.8333,"angle":9.05},{"time":1.1667,"angle":11.74},{"time":1.3333,"angle":4.24}]},"huxu8":{"rotate":[{"time":0,"angle":10.45},{"time":0.3333,"angle":-6},{"time":0.6667,"angle":-10.5},{"time":1,"angle":10.3},{"time":1.3333,"angle":10.45}]},"huxu9":{"rotate":[{"time":0,"angle":9.52},{"time":0.1667,"angle":17.74},{"time":0.5,"angle":-11.78},{"time":0.8333,"angle":-19.93},{"time":1.1667,"angle":9.59},{"time":1.3333,"angle":9.52}]},"huxu10":{"rotate":[{"time":0,"angle":9.9},{"time":0.3333,"angle":16.44},{"time":0.6667,"angle":-4.73},{"time":1,"angle":-15.41},{"time":1.3333,"angle":9.9}]},"zuantou":{"rotate":[{"time":0,"angle":0},{"time":0.6667,"angle":10.16},{"time":1.3333,"angle":0}]}}},"die":{"bones":{"bone":{"rotate":[{"time":0,"angle":0},{"time":0.2,"angle":5.06},{"time":0.4,"angle":0}]},"bone2":{"rotate":[{"time":0,"angle":0},{"time":0.2,"angle":-351.44},{"time":0.4,"angle":0}]},"bone4":{"rotate":[{"time":0,"angle":0},{"time":0.2,"angle":14.39},{"time":0.4,"angle":0}],"scale":[{"time":0,"x":1,"y":1},{"time":0.2,"x":0.91,"y":1},{"time":0.4,"x":1,"y":1}]},"bone5":{"rotate":[{"time":0,"angle":0},{"time":0.2,"angle":-15.03},{"time":0.4,"angle":0}],"scale":[{"time":0,"x":1,"y":1,"curve":"stepped"},{"time":0.4,"x":1,"y":1}]},"bone3":{"rotate":[{"time":0,"angle":0},{"time":0.2,"angle":-374.57},{"time":0.4,"angle":0}]},"bone12":{"rotate":[{"time":0,"angle":0},{"time":0.1,"angle":7.81},{"time":0.2,"angle":0},{"time":0.3,"angle":7.81},{"time":0.4,"angle":0}]},"bone6":{"rotate":[{"time":0,"angle":0},{"time":0.1,"angle":12.92},{"time":0.2,"angle":0},{"time":0.3,"angle":12.92},{"time":0.4,"angle":0}]},"bone7":{"rotate":[{"time":0,"angle":0},{"time":0.1,"angle":27.14},{"time":0.2,"angle":0},{"time":0.3,"angle":27.14},{"time":0.4,"angle":0}]},"bone8":{"rotate":[{"time":0,"angle":0},{"time":0.1,"angle":-10.65},{"time":0.2,"angle":0},{"time":0.3,"angle":-10.65},{"time":0.4,"angle":0}]},"bone9":{"rotate":[{"time":0,"angle":0},{"time":0.1,"angle":-25.12},{"time":0.2,"angle":0},{"time":0.3,"angle":-25.12},{"time":0.4,"angle":0}]},"bone10":{"rotate":[{"time":0,"angle":0},{"time":0.1,"angle":9.61},{"time":0.2,"angle":0},{"time":0.3,"angle":9.61},{"time":0.4,"angle":0}]},"bone11":{"rotate":[{"time":0,"angle":0},{"time":0.1,"angle":15.55},{"time":0.2,"angle":0},{"time":0.3,"angle":15.55},{"time":0.4,"angle":0}]},"bone14":{"rotate":[{"time":0,"angle":0},{"time":0.1,"angle":-19.2},{"time":0.2,"angle":0},{"time":0.3,"angle":-19.2},{"time":0.4,"angle":0}]},"bone16":{"rotate":[{"time":0,"angle":0},{"time":0.1,"angle":19.31},{"time":0.2,"angle":0},{"time":0.3,"angle":19.31},{"time":0.4,"angle":0}]},"bone23":{"rotate":[{"time":0,"angle":0},{"time":0.2,"angle":1.44},{"time":0.4,"angle":0}]},"bone24":{"rotate":[{"time":0,"angle":0},{"time":0.2,"angle":5.63},{"time":0.4,"angle":0}]},"qianzi4":{"rotate":[{"time":0,"angle":0},{"time":0.2,"angle":-14.14},{"time":0.4,"angle":0}]},"qianzi3":{"rotate":[{"time":0,"angle":0},{"time":0.2,"angle":7.73},{"time":0.4,"angle":0}]},"bone19":{"rotate":[{"time":0,"angle":0},{"time":0.2,"angle":8.01},{"time":0.4,"angle":0}]},"body":{"translate":[{"time":0,"x":0,"y":0,"curve":"stepped"},{"time":0.5,"x":0,"y":0,"curve":"stepped"},{"time":0.8333,"x":0,"y":0}]}}}}},[0]]],0,0,[0],[-1],[0]]