[
  1,
  [
    "979ZhFhXFFDKFMZVorUHPw",
    "0cTG0axLVOgJvXlcKB8nsC",
    "6cn/LubAhMmouSst9Cicya",
    "f6uNiIvYJEKYCpu8WUe+qV",
    "fagl3sDaZMF5aeUOZ20dua",
    "559GaHRj1LdYZIp0i2UrNH",
    "55fSWVsBdOH4M3B6QjkzDv",
    "1d9uepdlNHgY0ZHaA3unWF",
    "edxSOYcWJESIX9yM8Tl7Ok"
  ],
  [
    "value"
  ],
  [
    [
      "cc.AnimationClip",
      [
        "_name",
        "_duration",
        "sample",
        "wrapMode",
        "curveData"
      ],
      -1,
      11
    ]
  ],
  [
    [
      0,
      0,
      1,
      2,
      3,
      4,
      5
    ]
  ],
  [
    [
      0,
      "fs_vfx_b_add",
      0.45,
      20,
      2,
      [
        {},
        "comps",
        11,
        [
          {},
          "cc.Sprite",
          11,
          [
            {},
            "spriteFrame",
            12,
            [
              [
                [
                  {
                    "frame": 0
                  },
                  "value",
                  6,
                  0
                ],
                [
                  {
                    "frame": 0.05
                  },
                  "value",
                  6,
                  1
                ],
                [
                  {
                    "frame": 0.1
                  },
                  "value",
                  6,
                  2
                ],
                [
                  {
                    "frame": 0.15
                  },
                  "value",
                  6,
                  3
                ],
                [
                  {
                    "frame": 0.2
                  },
                  "value",
                  6,
                  4
                ],
                [
                  {
                    "frame": 0.25
                  },
                  "value",
                  6,
                  5
                ],
                [
                  {
                    "frame": 0.3
                  },
                  "value",
                  6,
                  6
                ],
                [
                  {
                    "frame": 0.35
                  },
                  "value",
                  6,
                  7
                ],
                [
                  {
                    "frame": 0.4
                  },
                  "value",
                  6,
                  8
                ]
              ],
              11,
              11,
              11,
              11,
              11,
              11,
              11,
              11,
              11
            ]
          ]
        ]
      ]
    ]
  ],
  0,
  0,
  [
    0,
    0,
    0,
    0,
    0,
    0,
    0,
    0,
    0
  ],
  [
    0,
    0,
    0,
    0,
    0,
    0,
    0,
    0,
    0
  ],
  [
    0,
    1,
    2,
    3,
    4,
    5,
    6,
    7,
    8
  ]
]