[
  1,
  [
    "ab584BBNVMiKOFsycuEnbu",
    "e48rpzTShBAo34Vz48S6tH",
    "b5iCuFVvFJlIHc5hT/DMYG",
    "86MuqJ4gVHKIN7w/CvkRuH",
    "b8dv/eaNFGKJDWtvlguex7",
    "51ed7/JMFKv5+B2VXWNp8l",
    "afQJrrqPdGJYQ4NmZ3yxrO",
    "70Br2TH+pABYQFpmqnXiNE",
    "0eJQ8+nRpKRZ+7rTNSiy7p",
    "918QS65mBEM57OExqAFa4p",
    "d7GgHzzfFMLL3B8Fjj3CnY",
    "9a6mxJfLVGFImbFGzlqQf/",
    "d2BYD3FHVHboNETfbLqrq0",
    "d8PJkdl3BCBIELtsu2qk7e",
    "3ebBgjrXJMWZKsWSef/n47",
    "22AWgHs8FOCKdaZHZewZqp",
    "adlYZas/1P4ICjeHzf213A",
    "71mghOGm9D6bPa5g89gC2v",
    "ea2+BRnAtKJZTG3NmEWmK7",
    "43Paq3OcJGWYse5JU8jYme",
    "43Alupn4FAR5znf6DNR6gD",
    "c6N30s/jxLy44v17bvB82i",
    "c7tX/ziAlAK6NSuwjGvqR9",
    "92c/aYZ/VCfrXnEwpUyqI/",
    "c1MDxp9mFI9b3iZ8r6Q0Xf",
    "2caM7jgj9BqqfaG7vvj6m6",
    "955Xr795hHJIuytXPF89NU",
    "0dq15MB0JIVJmw4H1V0XL4",
    "506zbFa7tM9LLNHCzuki4p",
    "14OPI5kNtBSIgNhBZNuC+a",
    "65ZFlsaGhCnahg/C/+0QrB",
    "13eov2umBAZ6oNFAjOSQdi",
    "8a4fhxg/JPG6Ycjbs8z8Aq",
    "b7ovJv0GZCxYh8hksy/LYR",
    "26z4ya/3dP8qdudzMQ3TKY",
    "c9wTY03apCOY2UIUCboess"
  ],
  [
    "value"
  ],
  [
    [
      "cc.AnimationClip",
      [
        "_name",
        "_duration",
        "sample",
        "wrapMode",
        "curveData"
      ],
      -1,
      11
    ]
  ],
  [
    [
      0,
      0,
      1,
      2,
      3,
      4,
      5
    ]
  ],
  [
    [
      0,
      "BkgBtnSpin",
      1.8,
      20,
      2,
      [
        {},
        "comps",
        11,
        [
          {},
          "cc.Sprite",
          11,
          [
            {},
            "spriteFrame",
            12,
            [
              [
                [
                  {
                    "frame": 0
                  },
                  "value",
                  6,
                  0
                ],
                [
                  {
                    "frame": 0.05
                  },
                  "value",
                  6,
                  1
                ],
                [
                  {
                    "frame": 0.1
                  },
                  "value",
                  6,
                  2
                ],
                [
                  {
                    "frame": 0.15
                  },
                  "value",
                  6,
                  3
                ],
                [
                  {
                    "frame": 0.2
                  },
                  "value",
                  6,
                  4
                ],
                [
                  {
                    "frame": 0.25
                  },
                  "value",
                  6,
                  5
                ],
                [
                  {
                    "frame": 0.3
                  },
                  "value",
                  6,
                  6
                ],
                [
                  {
                    "frame": 0.35
                  },
                  "value",
                  6,
                  7
                ],
                [
                  {
                    "frame": 0.4
                  },
                  "value",
                  6,
                  8
                ],
                [
                  {
                    "frame": 0.45
                  },
                  "value",
                  6,
                  9
                ],
                [
                  {
                    "frame": 0.5
                  },
                  "value",
                  6,
                  10
                ],
                [
                  {
                    "frame": 0.55
                  },
                  "value",
                  6,
                  11
                ],
                [
                  {
                    "frame": 0.6
                  },
                  "value",
                  6,
                  12
                ],
                [
                  {
                    "frame": 0.65
                  },
                  "value",
                  6,
                  13
                ],
                [
                  {
                    "frame": 0.7
                  },
                  "value",
                  6,
                  14
                ],
                [
                  {
                    "frame": 0.75
                  },
                  "value",
                  6,
                  15
                ],
                [
                  {
                    "frame": 0.8
                  },
                  "value",
                  6,
                  16
                ],
                [
                  {
                    "frame": 0.85
                  },
                  "value",
                  6,
                  17
                ],
                [
                  {
                    "frame": 0.9
                  },
                  "value",
                  6,
                  18
                ],
                [
                  {
                    "frame": 0.95
                  },
                  "value",
                  6,
                  19
                ],
                [
                  {
                    "frame": 1
                  },
                  "value",
                  6,
                  20
                ],
                [
                  {
                    "frame": 1.05
                  },
                  "value",
                  6,
                  21
                ],
                [
                  {
                    "frame": 1.1
                  },
                  "value",
                  6,
                  22
                ],
                [
                  {
                    "frame": 1.15
                  },
                  "value",
                  6,
                  23
                ],
                [
                  {
                    "frame": 1.2
                  },
                  "value",
                  6,
                  24
                ],
                [
                  {
                    "frame": 1.25
                  },
                  "value",
                  6,
                  25
                ],
                [
                  {
                    "frame": 1.3
                  },
                  "value",
                  6,
                  26
                ],
                [
                  {
                    "frame": 1.35
                  },
                  "value",
                  6,
                  27
                ],
                [
                  {
                    "frame": 1.4
                  },
                  "value",
                  6,
                  28
                ],
                [
                  {
                    "frame": 1.45
                  },
                  "value",
                  6,
                  29
                ],
                [
                  {
                    "frame": 1.5
                  },
                  "value",
                  6,
                  30
                ],
                [
                  {
                    "frame": 1.55
                  },
                  "value",
                  6,
                  31
                ],
                [
                  {
                    "frame": 1.6
                  },
                  "value",
                  6,
                  32
                ],
                [
                  {
                    "frame": 1.65
                  },
                  "value",
                  6,
                  33
                ],
                [
                  {
                    "frame": 1.7
                  },
                  "value",
                  6,
                  34
                ],
                [
                  {
                    "frame": 1.75
                  },
                  "value",
                  6,
                  35
                ]
              ],
              11,
              11,
              11,
              11,
              11,
              11,
              11,
              11,
              11,
              11,
              11,
              11,
              11,
              11,
              11,
              11,
              11,
              11,
              11,
              11,
              11,
              11,
              11,
              11,
              11,
              11,
              11,
              11,
              11,
              11,
              11,
              11,
              11,
              11,
              11,
              11
            ]
          ]
        ]
      ]
    ]
  ],
  0,
  0,
  [
    0,
    0,
    0,
    0,
    0,
    0,
    0,
    0,
    0,
    0,
    0,
    0,
    0,
    0,
    0,
    0,
    0,
    0,
    0,
    0,
    0,
    0,
    0,
    0,
    0,
    0,
    0,
    0,
    0,
    0,
    0,
    0,
    0,
    0,
    0,
    0
  ],
  [
    0,
    0,
    0,
    0,
    0,
    0,
    0,
    0,
    0,
    0,
    0,
    0,
    0,
    0,
    0,
    0,
    0,
    0,
    0,
    0,
    0,
    0,
    0,
    0,
    0,
    0,
    0,
    0,
    0,
    0,
    0,
    0,
    0,
    0,
    0,
    0
  ],
  [
    0,
    1,
    2,
    3,
    4,
    5,
    6,
    7,
    8,
    9,
    10,
    11,
    12,
    13,
    14,
    15,
    16,
    17,
    18,
    19,
    20,
    21,
    22,
    23,
    24,
    25,
    26,
    27,
    28,
    29,
    30,
    31,
    32,
    33,
    34,
    35
  ]
]